chembl_id,receptor,pchembl_median,pchembl_upper_bound,n_exact,n_censored,label,kind,smiles
CHEMBL358468,ERbeta,,5.000,0,1,,censored,CN1CCN(c2nc(NCCCc3ccccc3)nc(NC3CCc4ccc(O)cc4C3)n2)CC1
CHEMBL114,ERbeta,,4.523,0,1,Inactive,censored,CC(C)(C)NC(=O)[C@@H]1C[C@@H]2CCCC[C@@H]2CN1C[C@@H](O)[C@H](Cc1ccccc1)NC(=O)[C@H](CC(N)=O)NC(=O)c1ccc2ccccc2n1
CHEMBL3645266,ERbeta,7.140,,2,0,Active,exact,O=C(c1ccc2ccccc2c1)N(c1ccc(O)cc1)c1ccc(O)cc1
CHEMBL1391159,ERbeta,,4.301,0,1,Inactive,censored,N#Cc1ccsc1NC(=O)CSc1ncnc2ccccc12
CHEMBL372783,ERbeta,8.340,,1,0,Active,exact,Oc1ccc(-c2cc(Cl)c3cc(O)ccc3n2)cc1
CHEMBL195878,ERbeta,8.700,,1,0,Active,exact,Oc1ccc(-c2ccc3cc(O)ccc3c2)c(F)c1
CHEMBL4453541,ERbeta,7.660,,2,1,Active,exact,CC1CCC(c2ccc(O)cc2)CC1
CHEMBL1538135,ERbeta,,4.301,0,1,Inactive,censored,Cn1c(=O)c2c(ncn2CCCNC2=CC(C)(C)CC(=O)C2)n(C)c1=O
CHEMBL4216877,ERbeta,6.445,,2,0,Active,exact,O=S(=O)(Oc1ccc(F)cc1)C1CC2OC1C(c1ccc(/C=C/c3cc(O)cc(O)c3)cc1)=C2c1ccc(O)cc1
CHEMBL1419,ERbeta,,4.523,0,1,Inactive,censored,CC(C)CC(N(C)C)C1(c2ccc(Cl)cc2)CCC1
CHEMBL5426947,ERbeta,4.710,,1,0,Inactive,exact,Cc1ccc(OS(=O)(=O)C2CC3OC2C(c2ccc(-n4cncn4)cc2)=C3c2ccc(O)cc2)cc1
CHEMBL215593,ERbeta,7.850,,1,0,Active,exact,CCC[C@@]12CCC(=O)C(C)=C1c1ccc(O)cc1C2
CHEMBL5169686,ERbeta,,5.000,0,1,,censored,CN(C)CCOc1ccc(C2C3=C(c4ccccc4C3=O)N(C)C(=O)N2CC(F)(F)F)cc1
CHEMBL396118,ERbeta,5.650,,1,0,,exact,C[C@H](CCc1ccc(O)cc1)NC(=O)Cc1c(-c2ccccc2)n(C(=O)c2ccc(OCCN3CCCCC3)cc2)c2ccccc12
CHEMBL371624,ERbeta,8.640,,1,0,Active,exact,N#Cc1cc(-c2ccc(O)cc2)cc2ccc(O)cc12
CHEMBL506991,ERbeta,7.800,,1,0,Active,exact,Oc1ccc(-c2nc3cc(O)cc(/C=C/Br)c3o2)c(F)c1
CHEMBL3234633,ERbeta,7.550,,1,0,Active,exact,Oc1ccc(/C(=N\c2cccc(C(F)(F)F)c2)c2ccc(O)cc2O)cc1
CHEMBL564,ERbeta,,4.523,0,1,Inactive,censored,CN(C)CCCN1c2ccccc2Sc2ccccc21
CHEMBL191066,ERbeta,6.860,,1,0,Active,exact,Oc1ccc(-c2c(-c3ccccc3)nn3c(C(F)(F)F)cc(C(F)(F)F)nc23)cc1
CHEMBL3815076,ERbeta,6.720,,1,0,Active,exact,CCc1ccc2c(c1)C(c1ccc(OCCN3CCOCC3)cc1)Cc1cc(O)cc(C)c1-2
CHEMBL5411799,ERbeta,5.220,,1,0,,exact,O=S(=O)(Oc1cccc2ccccc12)C1CC2OC1C(c1ccc(-n3ccnc3)cc1)=C2c1ccc(O)cc1
CHEMBL494912,ERbeta,,3.000,0,1,Inactive,censored,c1ccc(COc2cc(OCc3ccccc3)nc(OCc3ccccc3)n2)cc1
CHEMBL2086965,ERbeta,,4.000,0,1,Inactive,censored,O=C(N/N=C/c1cc(Br)ccc1O)c1cc2ccccc2cc1O
CHEMBL1302802,ERbeta,6.185,,2,0,Active,exact,C=CCn1c(SCC(=O)NC(=O)NCc2ccco2)nc2sc(CC)cc2c1=O
CHEMBL184598,ERbeta,7.070,,1,0,Active,exact,Oc1ccc([C@H]2Sc3cc(O)ccc3O[C@H]2c2ccc(OCCN3CC4CCC4C3)cc2)cc1
CHEMBL1194666,ERbeta,,4.523,0,1,Inactive,censored,CCN(CC)C(C)C(=O)c1ccccc1
CHEMBL3208784,ERbeta,4.880,,2,0,Inactive,exact,CC(=N)/C(C#N)=C(/O)CSc1nnc(-c2ccc(OC(F)F)cc2)o1
CHEMBL2332602,ERbeta,5.180,,1,0,,exact,Cc1cc(O)ccc1-c1ccc(-c2ccc(O)cc2C)s1
CHEMBL205934,ERbeta,8.170,,1,0,Active,exact,Cc1c(O)cc(C)c2c1oc(=O)c1c(C)c(O)ccc12
CHEMBL1334570,ERbeta,4.460,,1,0,Inactive,exact,COC(=O)c1sc2nc(-c3ccco3)ccc2c1N
CHEMBL74758,ERbeta,6.700,,1,0,Active,exact,CCC1Oc2cc(O)ccc2N=C1c1ccc(O)cc1
CHEMBL1071,ERbeta,,4.523,0,1,Inactive,censored,O=C(O)CCc1nc(-c2ccccc2)c(-c2ccccc2)o1
CHEMBL188792,ERbeta,7.230,,2,0,Active,exact,COc1cc(O)cc2nc(-c3ccc(O)cc3)oc12
CHEMBL4744050,ERbeta,8.890,,1,0,Active,exact,Oc1ccc(C[C@@H]2CCc3cc(O)ccc32)cc1
CHEMBL213070,ERbeta,7.370,,1,0,Active,exact,CCCC12CCC(=O)C(Br)=C1c1ccc3[nH]nnc3c1C2
CHEMBL220072,ERbeta,6.810,,1,0,Active,exact,CN(C)CCOc1ccc(-c2nn3c(C(F)(F)F)cc(C(F)(F)F)nc3c2-c2ccc(O)cc2)cc1
CHEMBL4794674,ERbeta,7.135,,2,0,Active,exact,CC/C(=C(/c1ccc(O)cc1)c1ccc(/C=C/C(=O)NCCNC(=O)/C=C/c2ccc(/C(=C(\CC)c3ccccc3)c3ccc(O)cc3)cc2)cc1)c1ccccc1
CHEMBL203340,ERbeta,7.720,,1,0,Active,exact,Cc1c(O)c(Cl)cc2c1c(=O)oc1c(Cl)c(O)ccc12
CHEMBL251515,ERbeta,5.600,,1,0,,exact,C=C[C@]12CC[C@@](C)(O)CC1=CC[C@H]1[C@@H]3CC[C@H](O)[C@@]3(C)CC[C@@H]12
CHEMBL1510721,ERbeta,,4.301,0,1,Inactive,censored,CC(=O)Nc1cc2c(cc1C(=O)c1ccccc1)OCCO2
CHEMBL1581750,ERbeta,5.810,,1,0,,exact,Cc1cc(C)cc(OCC(=O)Nc2ccc(N3CCCC3)cc2)c1
CHEMBL1338000,ERbeta,,4.301,0,1,Inactive,censored,Cc1nn(Cc2ccccc2Cl)c(C)c1C(=O)NCc1ccco1
CHEMBL522663,ERbeta,,3.000,0,1,Inactive,censored,CC(C)CN(C)c1cc(CCc2ccccc2)nc(N(C)CC(C)C)n1
CHEMBL192876,ERbeta,8.050,,1,0,Active,exact,Oc1ccc(-c2cc(Cl)c3c(Cl)c(O)ccc3c2)cc1
CHEMBL203442,ERbeta,5.140,,1,0,,exact,CCCc1c(O)cc2ncn(-c3ccc(O)cc3)c(=O)c2c1O
CHEMBL568,ERbeta,,4.523,0,1,Inactive,censored,O=C1Nc2ccc(Cl)cc2C(c2ccccc2)=NC1O
CHEMBL379188,ERbeta,8.100,,1,0,Active,exact,C[C@@]12CCC(=O)C(C(F)(F)F)=C1c1ccc3[nH]ncc3c1C2
CHEMBL3589367,ERbeta,6.990,,3,0,Active,exact,O=C(O)CCCCCCC(=O)Nc1ccc(C2=C(c3ccc(O)cc3)C3CC(S(=O)(=O)Oc4cccc5ccccc45)C2O3)cc1
CHEMBL4278269,ERbeta,8.300,,1,0,Active,exact,Cc1cc(-c2c[se]cc2-c2ccc(OCCN3CCCC3)c(C)c2)ccc1O
CHEMBL25580,ERbeta,6.480,,1,0,Active,exact,O=C1c2ccccc2C(=O)C12C(c1cccc(O)c1)=Cc1cc(O)ccc12
CHEMBL3422036,ERbeta,7.280,,1,0,Active,exact,NCCOc1ccc(/C(=C(\CCCl)c2ccccc2)c2ccc(O)cc2)cc1
CHEMBL2407651,ERbeta,4.820,,1,1,Inactive,exact,C[C@H](c1ccc(F)cc1)N1C(=O)O[C@](Cc2ccc(F)cc2)(C(=O)NCc2ccc(Cl)c(Cl)c2)C1=O
CHEMBL101807,ERbeta,7.030,,4,0,Active,exact,CC1(c2ccc(OCCN3CCCCC3)cc2)c2ccc(O)cc2CCN1c1ccccc1
CHEMBL493703,ERbeta,,3.000,0,1,Inactive,censored,CC(C)CNc1cc(NCc2ccccc2)nc(NCC(C)C)n1
CHEMBL1462307,ERbeta,,4.301,0,1,Inactive,censored,O=C(CCCn1c(=S)[nH]c2ccccc2c1=O)N1CCN(c2cccc(Cl)c2)CC1
CHEMBL4645341,ERbeta,5.610,,1,0,,exact,CCOC(=O)C1=C(N)Oc2cc(O)ccc2C1c1ccc(OCCN2CCOCC2)cc1
CHEMBL523514,ERbeta,,3.000,0,1,Inactive,censored,CC(C)CNc1nc(/C=C/c2ccccc2)cc(/C=C/c2ccccc2)n1
CHEMBL246341,ERbeta,6.800,,1,0,Active,exact,C[C@]12CC[C@H]3[C@@H](CC=C4[C@H]5CC=C[C@]43CC[C@@H]5O)[C@@H]1CC[C@@H]2O
CHEMBL1405,ERbeta,8.100,,7,1,Active,exact,C[C@]12CC[C@@H]3c4ccc(O)cc4CC[C@H]3[C@@H]1CCC2=O
CHEMBL188951,ERbeta,5.980,,2,0,,exact,N#CCc1cc(O)cc2nc(-c3ccc(O)cc3)oc12
CHEMBL509051,ERbeta,8.150,,1,0,Active,exact,O/N=C/c1ccc(-c2ccc(O)c(F)c2)c(Cl)c1O
CHEMBL378798,ERbeta,7.060,,1,0,Active,exact,Cc1c(O)ccc2c1COc1c-2ccc(O)c1C
CHEMBL1088483,ERbeta,8.150,,1,0,Active,exact,COc1ccc2c(c1)O[C@H](c1ccc(OCCN3CCCCC3)cc1)C1=C2CCOc2cc(O)ccc21
CHEMBL4644899,ERbeta,6.430,,1,0,Active,exact,CC(C)(C)OC(=O)C1=C(N)Oc2cc(O)ccc2C1c1ccc(OCCN2CCCCC2)cc1
CHEMBL1404075,ERbeta,4.990,,1,1,Inactive,exact,CCCOC(=O)c1cc(-c2ccc(/C=C3/C(=O)N(C)C(=O)C(C#N)=C3C)o2)ccc1Cl
CHEMBL68549,ERbeta,,4.000,0,1,Inactive,censored,[O-][S+]1c2cc(O)ccc2O[C@H](c2ccc(OCCN3CCCCC3)cc2)[C@@H]1c1ccc(O)cc1
CHEMBL426854,ERbeta,5.630,,1,0,,exact,CCc1c(O)ccc2c1oc(=O)c1cc(Br)ccc12
CHEMBL1095282,ERbeta,,4.523,0,1,Inactive,censored,CN(C)C(=O)OC1N=C(c2ccccc2)c2cc(Cl)ccc2N(C)C1=O
CHEMBL4071813,ERbeta,5.600,,1,0,,exact,Cl.Clc1c2ccccc2cc2c(-c3ccccc3)c3ccccc3nc12
CHEMBL378883,ERbeta,7.960,,1,0,Active,exact,CCCC1=C2c3ccc4[nH]nnc4c3CC2(CC)CCC1=O
CHEMBL130030,ERbeta,8.280,,1,0,Active,exact,CNc1c(/C=N/O)ccc(-c2ccccc2)c1-c1ccccc1
CHEMBL4225599,ERbeta,5.990,,1,0,,exact,COc1ccc2c(c1)OCCC(c1ccc(O)cc1)=C2c1ccc(OCC(=O)O)cc1
CHEMBL3134124,ERbeta,7.700,,1,0,Active,exact,C[C@]12CC[C@H](c3ccc(O)cc3)C[C@H]1C[C@H](O)[C@H]2O
CHEMBL492297,ERbeta,,3.000,0,1,Inactive,censored,CC(C)CCc1cc(N(CC(C)C)C(=O)OC(C)(C)C)nc(NCc2cccc3ccccc23)n1
CHEMBL183489,ERbeta,7.680,,1,0,Active,exact,C[C@@H]1CCCN1CCOc1ccc([C@@H]2Oc3ccc(O)cc3S[C@@H]2c2ccc(O)cc2)cc1
CHEMBL926,ERbeta,,4.523,0,1,Inactive,censored,CC(CCc1ccc(O)cc1)NCCc1ccc(O)c(O)c1
CHEMBL5568432,ERbeta,,4.102,0,1,Inactive,censored,Cc1ncsc1-c1ccc([C@H](C)NC(=O)[C@@H]2C[C@@H](O)CN2C(=O)[C@@H](NC(=O)CCCCCCCCCCCOc2ccc(N(CC(F)(F)F)S(=O)(=O)C3CC4OC3C(c3ccc(-n5ccnc5)cc3)=C4c3ccc(O)cc3)cc2)C(C)(C)C)cc1
CHEMBL200799,ERbeta,7.820,,1,0,Active,exact,Oc1ccc(-c2[nH]c(C(F)(F)F)nc2-c2ccccc2)cc1
CHEMBL2403360,ERbeta,5.890,,1,0,,exact,CCc1cc(C(CC)(CC)c2ccc(O)c(CC)c2)ccc1O
CHEMBL3648370,ERbeta,6.600,,2,0,Active,exact,O=C1Oc2cc(O)cc(Cc3ccccc3)c2CC1c1ccc(Cl)cc1
CHEMBL189039,ERbeta,7.400,,2,0,Active,exact,Oc1ccc(-c2nc3cc(O)cc(CBr)c3o2)cc1
CHEMBL34259,ERbeta,,4.523,0,1,Inactive,censored,CN(Cc1cnc2nc(N)nc(N)c2n1)c1ccc(C(=O)N[C@@H](CCC(=O)O)C(=O)O)cc1
CHEMBL4286596,ERbeta,7.370,,1,0,Active,exact,Cc1cc(O)ccc1-c1c[se]cc1-c1ccc(OCCN2CCCC2)cc1C
CHEMBL77794,ERbeta,5.540,,1,0,,exact,Oc1ccc(C2=Nc3ccc(O)cc3OC2)cc1
CHEMBL73989,ERbeta,5.850,,1,0,,exact,Oc1ccc2c(c1)CC1Oc3cc(O)ccc3N=C21
CHEMBL202415,ERbeta,7.020,,1,0,Active,exact,C/C=C/[C@]12CC[C@H](O)CC1=CCC1C2CC[C@@]2(C)C1CC[C@@H]2O
CHEMBL4795911,ERbeta,8.500,,1,0,Active,exact,N#C[C@]1(Cc2ccc(O)cc2)CCc2cc(O)ccc21
CHEMBL205717,ERbeta,4.130,,1,0,Inactive,exact,N#Cc1cc(O)cc2ncn(-c3ccc(O)cc3)c(=O)c12
CHEMBL1627353,ERbeta,7.200,,1,0,Active,exact,C[C@]12CC[C@@H]3c4ccc(O)cc4C(O)[C@@H](Sc4ccc(Br)cc4)[C@H]3[C@@H]1CC[C@@H]2O
CHEMBL210063,ERbeta,6.750,,1,0,Active,exact,O=C1CCC2(Cc3ccccc3)Cc3cc(O)ccc3C2=C1c1ccc(OCCN2CCCCC2)cc1
CHEMBL226327,ERbeta,7.790,,1,0,Active,exact,Oc1ccc2c(Oc3ccc(OCCN4CCCCC4)cc3)c(-c3ccccc3)sc2c1
CHEMBL264216,ERbeta,8.140,,1,0,Active,exact,Oc1ccc2c(c1)sc1c3cc(O)ccc3n(Cc3ccc(OCCN4CCCCCC4)cc3)c21
CHEMBL438443,ERbeta,7.110,,1,0,Active,exact,COc1cc2c(=O)oc3c(C)c(O)ccc3c2cc1Br
CHEMBL535158,ERbeta,9.300,,1,0,Active,exact,Cl.Oc1ccc2c3c(ccc2c1)-c1cc(F)cc(F)c1O[C@@H]3c1ccc(OCCN2CCCCC2)cc1
CHEMBL4290786,ERbeta,7.180,,3,1,Active,exact,OC[C@@H]1CCC[C@H](c2ccc(O)cc2)CC1
CHEMBL150554,ERbeta,,5.000,0,1,,censored,CN1CCN(c2nc(NCCCc3ccccc3)nc(N3CCCC(c4ccc(O)cc4)C3)n2)CC1
CHEMBL1442966,ERbeta,,4.301,0,3,Inactive,censored,CC1CCCCN1CC(=O)Nc1sc2c(c1C#N)CCC2
CHEMBL1429596,ERbeta,4.000,,1,1,Inactive,exact,CCOc1ccc(NC2=NC(=O)S/C2=C\c2ccc(OC)cc2)cc1
CHEMBL31685,ERbeta,6.760,,1,1,Active,exact,Cc1ccc(-c2cc3ccc(O)cc3s2)cc1
CHEMBL5191405,ERbeta,7.170,,1,0,Active,exact,CC(CN1CCCC2CCCNC21)OCC(=O)N1Nc2cc(O)ccc2C2COc3cc(O)ccc3C21
CHEMBL4225431,ERbeta,6.350,,1,0,Active,exact,O=C(/C=C/c1ccc(C2=C(c3ccc(O)cc3)CCOc3cc(F)ccc32)cc1)c1ccccc1
CHEMBL5426251,ERbeta,5.590,,1,0,,exact,COc1ccc(N(C)S(=O)(=O)C2CC3OC2C(c2ccc(-n4ccnc4)cc2)=C3c2ccc(O)cc2)cc1
CHEMBL1732,ERbeta,,4.523,0,1,Inactive,censored,CN1C[C@H](C(=O)N[C@]2(C)O[C@@]3(O)[C@@H]4CCCN4C(=O)[C@H](Cc4ccccc4)N3C2=O)C[C@@H]2c3cccc4[nH]cc(c34)C[C@H]21
CHEMBL3409956,ERbeta,8.150,,2,0,Active,exact,C/C(=N\O)c1cc(-c2ccc(O)cc2)ccc1O
CHEMBL3360843,ERbeta,6.010,,1,0,Active,exact,O=C1[C@@H](c2ccccc2)[C@H](c2ccc(O)cc2)N1c1ccc(O)cc1
CHEMBL189025,ERbeta,6.980,,2,0,Active,exact,Oc1ccc2nc(-c3ccc(O)c(O)c3)oc2c1
CHEMBL191715,ERbeta,7.360,,1,0,Active,exact,Oc1ccc(-c2ccc3ccc(O)cc3c2)cc1
CHEMBL510754,ERbeta,8.850,,1,0,Active,exact,Oc1ccc(-c2nc3cc(O)cc(Br)c3o2)c(C(F)(F)F)c1
CHEMBL1496995,ERbeta,4.620,,1,0,Inactive,exact,c1coc(-c2nn3c(-c4ccco4)nnc3s2)c1
CHEMBL203724,ERbeta,6.290,,1,0,Active,exact,Oc1ccc(-n2cnc3cc(O)cc(O)c3c2=S)nc1
CHEMBL4105062,ERbeta,5.700,,1,0,,exact,Cl.Clc1ccc2c(-c3ccccc3)c3cc4ccccc4cc3nc2c1
CHEMBL5420394,ERbeta,,4.108,0,1,Inactive,censored,COc1ccc(OS(=O)(=O)C2CC3OC2C(c2ccc(-n4ccnc4)cc2)=C3c2ccc(O)cc2)cc1
CHEMBL4211975,ERbeta,5.230,,1,0,,exact,COC(=O)c1ccc(OCc2oc(-c3cccc(OC)c3)nc2C)cc1
CHEMBL5178058,ERbeta,7.110,,1,0,Active,exact,CNCCOc1ccc(N2Nc3cc(O)ccc3-c3c2c2ccc(O)cc2oc3=O)cc1
CHEMBL296419,ERbeta,,4.523,0,1,Inactive,censored,COc1ccc(CCN2CCC(Nc3nc4ccccc4n3Cc3ccc(F)cc3)CC2)cc1
CHEMBL192386,ERbeta,8.800,,1,0,Active,exact,Oc1ccc(-c2cc(F)c3cc(O)ccc3c2)cc1
CHEMBL370037,ERbeta,8.700,,1,0,Active,exact,CC1=C(c2ccc(O)cc2)C(=O)c2ccc(O)cc21
CHEMBL381495,ERbeta,7.800,,1,0,Active,exact,CCCCC12CCC(=O)C(C)=C1c1ccc(O)cc1C2
CHEMBL1566266,ERbeta,5.700,,1,0,,exact,Cc1ccccc1NC(=O)CSc1nnc(-c2ccco2)c(-c2ccco2)n1
CHEMBL1518374,ERbeta,,4.301,0,1,Inactive,censored,O=C(OCC(=O)N1CCN(C(=O)c2ccco2)CC1)c1cc(-c2ccco2)nc2ccccc12
CHEMBL101083,ERbeta,6.770,,4,0,Active,exact,CC1(c2ccc(OCCN3CCCCC3)cc2)c2ccc(O)cc2CCN1c1ccc(F)cc1
CHEMBL492262,ERbeta,,3.000,0,1,Inactive,censored,CC(C)CCc1cc(NCC(C)C)nc(OCC(C)C)n1
CHEMBL1576239,ERbeta,5.200,,1,0,,exact,Cc1cc(O)nc(SCC(=O)NCc2ccco2)n1
CHEMBL377622,ERbeta,5.820,,1,0,,exact,O=C1C=C2c3ccc(O)cc3CC2CC1
CHEMBL381720,ERbeta,5.890,,1,0,,exact,Cc1c(O)cc(O)c2c(=O)n(-c3ccc(O)cc3)cnc12
CHEMBL1542518,ERbeta,4.880,,2,0,Inactive,exact,c1ccc(Cc2nnc3sc(-c4ccco4)nn23)cc1
CHEMBL1990772,ERbeta,7.230,,1,0,Active,exact,C/C(=N/NC(=O)c1cc2ccccc2cc1O)C1C(=O)c2ccccc2C1=O
CHEMBL549,ERbeta,,4.523,0,1,Inactive,censored,CN(C)CCCC1(c2ccc(F)cc2)OCc2cc(C#N)ccc21
CHEMBL498,ERbeta,,4.523,0,1,Inactive,censored,CCCNC(=O)NS(=O)(=O)c1ccc(Cl)cc1
CHEMBL1415426,ERbeta,5.305,,2,0,,exact,O=C(Cc1cccs1)Nc1nnc(Cc2ccccc2)s1
CHEMBL1396046,ERbeta,7.520,,1,0,Active,exact,CC1CCCCN1CC(=O)Nc1sc2c(c1C#N)CCCC2
CHEMBL23,ERbeta,,4.523,0,1,Inactive,censored,COc1ccc([C@@H]2Sc3ccccc3N(CCN(C)C)C(=O)[C@@H]2OC(C)=O)cc1
CHEMBL1087040,ERbeta,6.420,,1,0,Active,exact,Oc1ccc2c(c1)O[C@H](c1cccc(OCCN3CCCCC3)c1)C1=C2CCOc2cc(O)ccc21
CHEMBL361871,ERbeta,7.600,,2,0,Active,exact,C=Cc1cc(O)c(Br)c2nc(-c3ccc(O)c(F)c3)oc12
CHEMBL1481770,ERbeta,,4.301,0,1,Inactive,censored,c1ccc(OCc2nnc3sc(C4COc5ccccc5O4)nn23)cc1
CHEMBL554507,ERbeta,8.920,,1,0,Active,exact,CC(Cc1ccc(O)cc1)c1ccc(O)cc1
CHEMBL1627346,ERbeta,7.960,,1,0,Active,exact,C[C@]12CC[C@@H]3c4ccc(O)cc4CC[C@H]3[C@@H]1C[C@H](O)[C@H]2O
CHEMBL206772,ERbeta,4.140,,1,0,Inactive,exact,COc1cc(O)c2c(=O)n(-c3ccc(O)cc3)c(=S)[nH]c2c1
CHEMBL521859,ERbeta,,3.000,0,1,Inactive,censored,c1ccc(CCc2cc(CCc3ccccc3)nc(NCc3ccccc3)n2)cc1
CHEMBL201364,ERbeta,5.790,,1,0,,exact,C[C@]12CCC3C(CC=C4C[C@@H](O)CC[C@@]43CC=O)C1CC[C@@H]2O
CHEMBL5178110,ERbeta,7.210,,1,0,Active,exact,Cc1cc(C(=O)C2=C(c3ccc(O)cc3)COc3cc(O)ccc32)ccc1OCCN1Cc2cccnc2C1
CHEMBL5417452,ERbeta,,4.108,0,1,Inactive,censored,Cc1ccc(OS(=O)(=O)C2CC3OC2C(c2ccc(-n4ccnc4)cc2)=C3c2ccc(O)cc2)cc1
CHEMBL1605393,ERbeta,5.235,,2,0,,exact,CCc1ccc2nc(O)c(C3C(C#N)=C(N)Oc4c3ccc3cccnc43)cc2c1
CHEMBL3208992,ERbeta,4.570,,1,1,Inactive,exact,CN1C(=O)CC(C(=O)O)S/C1=N/c1cc(Cl)c(O)c(Cl)c1
CHEMBL192,ERbeta,,4.523,0,1,Inactive,censored,CCCc1nn(C)c2c(=O)[nH]c(-c3cc(S(=O)(=O)N4CCN(C)CC4)ccc3OCC)nc12
CHEMBL385358,ERbeta,,6.000,0,1,,censored,CC1=C2c3ccc4[nH]ncc4c3CC2(Cc2ccc(F)cc2)CCC1=O
CHEMBL1017,ERbeta,,4.523,0,1,Inactive,censored,CCCc1nc2c(C)cc(-c3nc4ccccc4n3C)cc2n1Cc1ccc(-c2ccccc2C(=O)O)cc1
CHEMBL191836,ERbeta,8.520,,1,0,Active,exact,O=C1C(c2ccc(O)cc2)=C(c2ccccc2)c2cc(O)cc(O)c21
CHEMBL379595,ERbeta,8.100,,1,0,Active,exact,CCC12CCC(=O)C(Br)=C1c1ccc3[nH]ncc3c1C2=O
CHEMBL1358,ERbeta,8.035,,14,0,Active,exact,C[C@]12CC[C@@H]3c4ccc(O)cc4C[C@@H](CCCCCCCCC[S+]([O-])CCCC(F)(F)C(F)(F)F)[C@H]3[C@@H]1CC[C@@H]2O
CHEMBL201365,ERbeta,6.830,,1,0,Active,exact,Oc1ccc(-n2c(-c3ccccc3Cl)nc3ccccc32)cc1
CHEMBL1082224,ERbeta,7.180,,1,0,Active,exact,Oc1ccc2c(c1)OCCC1=C2[C@@H](c2ccc(OCCN3CCCCCC3)cc2)Oc2cc(F)ccc21
CHEMBL364345,ERbeta,6.990,,2,0,Active,exact,Oc1ccc(-c2nc3cc(O)cc(C4CCCC4)c3o2)cc1
CHEMBL371311,ERbeta,,5.000,0,1,,censored,C[C@]12Cc3cnn(-c4ccc(F)cc4)c3C=C1CCC21OCCO1
CHEMBL1493034,ERbeta,5.130,,2,0,,exact,O=C(Cc1coc2cc3c(cc12)CCC3)OCc1cc(=O)n2c(n1)sc1ccccc12
CHEMBL182157,ERbeta,7.750,,1,0,Active,exact,Cc1ccccc1C(=O)N1CCN(c2ccc(C(=O)c3c(-c4ccc(O)cc4)sc4cc(O)ccc34)cc2)CC1
CHEMBL4283229,ERbeta,7.525,,2,1,Active,exact,OC[C@H]1CCC[C@H](c2ccc(O)cc2)CC1
CHEMBL89994,ERbeta,7.030,,1,0,Active,exact,O=C(N1CCc2cc(O)ccc2C1c1ccc(OCCN2CCCC2)cc1)C(F)(F)F
CHEMBL153479,ERbeta,,4.523,0,1,Inactive,censored,Nc1c(Br)cc(Br)cc1CN[C@H]1CC[C@H](O)CC1
CHEMBL219134,ERbeta,6.380,,1,0,Active,exact,CCCCCCCCCCCc1c(O)cc(O)c2c1O[C@H](c1ccc(O)cc1)CC2=O
CHEMBL185783,ERbeta,6.630,,2,0,Active,exact,Oc1ccc(-c2nc3cc(O)cc(-c4ccccc4)c3o2)cc1
CHEMBL3578284,ERbeta,5.520,,1,0,,exact,Cc1nocc1-c1ccc2[nH]c([C@@]3(Cc4ccccc4)OC(=O)N([C@H](C)c4ccc(F)cc4)C3=O)nc2c1
CHEMBL1463954,ERbeta,5.355,,2,0,,exact,CCCCN(CCCC)S(=O)(=O)c1ccc(NC(=O)Cc2cccs2)cc1
CHEMBL5421409,ERbeta,5.280,,1,0,,exact,O=S(=O)(Oc1ccc(Br)cc1)C1CC2OC1C(c1ccc(-n3cncn3)cc1)=C2c1ccc(O)cc1
CHEMBL94170,ERbeta,6.730,,1,0,Active,exact,CCc1cc(O)cc2c1S[C@@H](c1ccc(O)cc1)[C@@H](c1ccc(OCCN3CCCCC3)cc1)O2
CHEMBL498082,ERbeta,4.820,,1,0,Inactive,exact,CCCC[C@@H]1C[C@H]1[C@@H](N)c1ccc(-c2ccc(O)cc2)cc1F.Cl
CHEMBL1564253,ERbeta,,4.301,0,1,Inactive,censored,O=c1oc2c3c4c(cc2s1)CCCN4CCC3
CHEMBL1531320,ERbeta,5.450,,1,1,,exact,O=C(NCc1ccco1)c1cc2ccc(O)cc2oc1=O
CHEMBL425246,ERbeta,8.110,,1,0,Active,exact,CC[C@@]12CCC(=O)C(Cl)=C1c1ccc3[nH]ncc3c1C2
CHEMBL1354003,ERbeta,,4.301,0,1,Inactive,censored,Cc1cc(-c2ccc(N3C(=O)CCC3=O)c(C)c2)ccc1N1C(=O)CCC1=O
CHEMBL266935,ERbeta,,6.125,0,1,,censored,C#C[C@]1(O)CC[C@H]2[C@@H]3CCC4=CC(=O)CCC4=C3[C@@H](c3ccc(N(C)CCNC(=O)OC4CC[C@@]5(C)[C@@H](C4)C[C@@H](O)[C@@H]4[C@@H]5C[C@H](O)[C@]5(C)[C@@H]([C@H](C)CCC(=O)O)CC[C@@H]45)cc3)C[C@@]21C
CHEMBL440757,ERbeta,7.120,,1,0,Active,exact,C#Cc1cc(-c2ccc(O)cc2)nc2ccc(O)cc12
CHEMBL494492,ERbeta,,3.000,0,1,Inactive,censored,CC(C)CCc1cc(NCC(C)C)nc(NCc2cccc3ccccc23)n1
CHEMBL3823426,ERbeta,7.390,,1,0,Active,exact,Cc1c(-c2ccc(O)cc2)n(CCCCn2c(-c3ccc(O)cc3)c(C)c3cc(O)ccc32)c2ccc(O)cc12
CHEMBL150721,ERbeta,7.400,,1,0,Active,exact,CCC(=O)CCN1CCN(c2nc(NCCc3ccc(O)cc3)nc(N(C)CCCc3ccc(Cl)cc3)n2)CC1
CHEMBL94080,ERbeta,6.530,,1,0,Active,exact,CCOC(=O)N1CCc2cc(O)ccc2C1c1ccc(OCCN2CCCC2)cc1
CHEMBL183263,ERbeta,7.340,,1,0,Active,exact,CC(C)[C@@H](COc1ccc([C@@H]2Oc3ccc(O)cc3S[C@@H]2c2ccc(O)cc2)cc1)N1CCCC1
CHEMBL183368,ERbeta,8.220,,2,0,Active,exact,Cc1cc(O)c2cccc(-c3nc4ccc(O)cc4o3)c2c1
CHEMBL426461,ERbeta,6.455,,2,0,Active,exact,CN1CCC(c2ccc(C3c4ccc(O)cc4CCN3c3ccccc3)cc2)CC1
CHEMBL1544,ERbeta,,4.523,0,1,Inactive,censored,N[C@@H](Cc1cc(I)c(Oc2ccc(O)c(I)c2)c(I)c1)C(=O)O
CHEMBL549654,ERbeta,9.640,,1,0,Active,exact,CCC(Cc1ccc(O)cc1)c1ccc(O)cc1
CHEMBL170988,ERbeta,,4.523,0,1,Inactive,censored,N=C(N)NC(=N)NCCc1ccccc1
CHEMBL723,ERbeta,,4.523,0,1,Inactive,censored,COc1ccccc1OCCNCC(O)COc1cccc2[nH]c3ccccc3c12
CHEMBL361258,ERbeta,8.600,,1,0,Active,exact,COc1cc(O)c(Cl)c2cc(-c3ccc(O)cc3)oc12
CHEMBL3409958,ERbeta,7.645,,2,0,Active,exact,C/C(=N\O)c1cc(-c2ccc(O)c(F)c2)ccc1O
CHEMBL4228617,ERbeta,9.260,,1,0,Active,exact,O=C(O)/C=C/C=C/c1ccc(C2=C(c3ccc(O)cc3)CCOc3cc(F)ccc32)cc1
CHEMBL184421,ERbeta,7.480,,1,0,Active,exact,Oc1ccc([C@H]2Sc3cc(O)ccc3O[C@H]2c2ccc(OCCN3CC[C@H]4C[C@H]43)cc2)cc1
CHEMBL1565585,ERbeta,6.070,,1,0,Active,exact,Nc1cc(-c2nn[nH]n2)ccc1F
CHEMBL4646092,ERbeta,7.220,,1,0,Active,exact,CCOC(=O)C1=C(N)Oc2cc(O)ccc2C1c1ccc(OCCN2CCCCC2)cc1
CHEMBL1545631,ERbeta,,4.301,0,1,Inactive,censored,Cc1oc(-c2ccc(Cl)cc2)nc1CN1CCCC(C(=O)NCc2cccnc2)C1
CHEMBL496881,ERbeta,5.690,,1,0,,exact,CCCC[C@@H]1C[C@H]1[C@@H](NC(=O)c1ccccc1)c1ccc(-c2ccc(O)cc2)cc1F
CHEMBL4637677,ERbeta,,5.000,0,1,,censored,N#CC1=C(N)Oc2cc(O)ccc2C1c1ccc(OCCN2CCCC2)cc1
CHEMBL1464539,ERbeta,5.700,,2,0,,exact,O=C(Nc1ccccc1N1CCOCC1)c1cc(-c2ccco2)nc2ccccc12
CHEMBL106,ERbeta,,4.523,0,1,Inactive,censored,OC(Cn1cncn1)(Cn1cncn1)c1ccc(F)cc1F
CHEMBL234633,ERbeta,7.730,,1,0,Active,exact,Oc1cccc([C@H]2Oc3ccc(O)cc3[C@H]3CCC[C@H]32)c1
CHEMBL204642,ERbeta,7.600,,1,0,Active,exact,C=C[C@]12CC[C@H](O)CC1=CCC1C2CC[C@@]2(C)C1CC[C@]2(C)O
CHEMBL397343,ERbeta,,5.000,0,1,,censored,C[C@]12CC[C@H]3[C@@H](CC=C4C[C@@H]5CC[C@@]43CCO5)[C@@H]1CC[C@@H]2O
CHEMBL1575072,ERbeta,6.970,,1,0,Active,exact,Cc1nc2ncnn2c(N2CCN(C(=O)Cc3cccs3)CC2)c1C
CHEMBL2332600,ERbeta,6.210,,1,0,Active,exact,Cc1cc(O)ccc1-c1ccc(-c2ccc(O)cc2F)s1
CHEMBL490198,ERbeta,8.400,,1,0,Active,exact,CCCCc1cc2cc(O)ccc2c(Oc2ccc(/C=C/C(=O)O)cc2)c1-c1ccccc1
CHEMBL267385,ERbeta,8.730,,2,0,Active,exact,Oc1ccc(C2=Cc3cc(O)ccc3C23Cc2ccc(OCCN4CCCCC4)cc2C3)cc1
CHEMBL4780337,ERbeta,7.130,,1,0,Active,exact,Oc1ccc(C(Cn2ccnc2)=C(c2ccc(O)cc2)c2ccc(O)cc2)cc1
CHEMBL203561,ERbeta,6.540,,1,0,Active,exact,C#CC[C@]12CC[C@H](O)CC1=CCC1C2CC[C@@]2(C)C1CC[C@@H]2O
CHEMBL371072,ERbeta,7.510,,1,0,Active,exact,CN(C)CCOc1ccc(Cn2c3ccc(O)cc3c3sc4cc(O)ccc4c32)cc1
CHEMBL5431822,ERbeta,5.310,,1,0,,exact,O=C(COc1cccc2c1C(=O)N(C1CCC(=O)NC1=O)C2=O)NCCCCCCCCOc1ccc(N(CC(F)(F)F)S(=O)(=O)C2CC3OC2C(c2ccc(O)cc2)=C3c2ccc(O)cc2)cc1
CHEMBL10878,ERbeta,,4.523,0,1,Inactive,censored,COc1ccc2cccc(CCNC(C)=O)c2c1
CHEMBL1527520,ERbeta,,4.301,0,1,Inactive,censored,O=C(O)C1Nc2c(O)cccc2C2C=CCC12
CHEMBL101997,ERbeta,6.890,,4,0,Active,exact,CC1(c2ccc(OCCN3CCCC3)cc2)c2ccc(O)cc2CCN1c1ccc(F)cc1
CHEMBL1342384,ERbeta,6.490,,1,0,Active,exact,CN(C)c1ccc(NC(=O)Cn2cc3c(n2)CCCC3)cc1
CHEMBL5198631,ERbeta,6.510,,1,0,Active,exact,CN1C(=O)N(CCN(CCO)CCO)C(c2ccc(C(F)(F)F)cc2)C2=C1c1ccccc1C2=O
CHEMBL1597177,ERbeta,5.270,,1,0,,exact,Oc1ccc2cc3c4cc(Br)ccc4nc-3oc2c1O
CHEMBL5397899,ERbeta,5.010,,1,0,,exact,CCN(c1ccc(OCCCCCCCCCC(=O)N[C@H](C(=O)N2C[C@H](O)C[C@H]2C(=O)NCc2ccc(-c3scnc3C)cc2)C(C)(C)C)cc1)S(=O)(=O)C1CC2OC1C(c1ccc(O)cc1)=C2c1ccc(O)cc1
CHEMBL3589354,ERbeta,6.210,,1,0,Active,exact,COc1ccc(OS(=O)(=O)C2CC3OC2C(c2ccc(NC(=O)CCCCCCC(=O)O)cc2)=C3c2ccc(O)cc2)cc1
CHEMBL1256771,ERbeta,,4.301,0,1,Inactive,censored,CCN(CC)CCNC(=O)c1cc(Cl)c(N)cc1OC.Cl
CHEMBL64,ERbeta,,4.523,0,1,Inactive,censored,NNC(=O)c1ccncc1
CHEMBL154988,ERbeta,7.820,,1,0,Active,exact,CN1CCN(c2nc(NCCc3ccc(O)cc3)nc(N(C)CCCc3ccc(Cl)cc3)n2)CC1
CHEMBL190104,ERbeta,6.820,,1,0,Active,exact,CCSC1=C(c2ccc(O)cc2)C(=O)c2ccc(O)cc21
CHEMBL316080,ERbeta,6.780,,5,0,Active,exact,Oc1ccc2c(c1)CCN(c1ccccc1)C2c1ccc(OCCN2CCCC2)cc1
CHEMBL187000,ERbeta,7.640,,1,0,Active,exact,C/C=C\c1cc(O)cc2nc(-c3ccc(O)cc3F)oc12
CHEMBL4853580,ERbeta,7.085,,2,0,Active,exact,CN(c1ccccc1)S(=O)(=O)C1CC2OC1C(c1ccc(NC(=O)CCCCCCC(=O)O)cc1)=C2c1ccc(O)cc1
CHEMBL422471,ERbeta,7.240,,1,0,Active,exact,CN(C)CCN1CCc2ccccc21
CHEMBL499809,ERbeta,,3.000,0,1,Inactive,censored,CC(C)CSc1cc(SCC(C)C)nc(SCC(C)C)n1
CHEMBL447755,ERbeta,,3.000,0,1,Inactive,censored,CC(C)(C)OC(=O)N(Cc1cccc2ccccc12)c1cc(CCc2cccc3ccccc23)nc(NCc2ccccc2)n1
CHEMBL1326210,ERbeta,5.220,,1,1,,exact,Cn1nc([N+](=O)[O-])c2c(-c3nc4ccccc4s3)c(N)n(C3CCCCC3)c2c1=O
CHEMBL282292,ERbeta,5.920,,1,0,,exact,CC(C)[C@@H]1C(=O)c2ccc(O)cc2O[C@@H]1c1ccc(OCCN2CCCCC2)cc1
CHEMBL1339542,ERbeta,,4.301,0,1,Inactive,censored,COC(=O)Nc1c(-c2ccccc2)nc2ccc(C)cn12
CHEMBL192706,ERbeta,5.450,,1,0,,exact,CN(C)CCOc1ccc([C@H]2N=CN[C@H]2c2ccc(O)cc2Cl)c(Cl)c1
CHEMBL114655,ERbeta,,4.523,0,1,Inactive,censored,CC(CCc1ccccc1)NC(C)C(O)c1ccc(O)cc1
CHEMBL1981243,ERbeta,5.820,,2,0,,exact,O=c1nc2s/c(=C\c3ccco3)c(=O)n2nc1Cc1ccc(F)cc1
CHEMBL150594,ERbeta,7.820,,1,0,Active,exact,C[C@@H]1CN(c2nc(NCCc3ccc(O)cc3)nc(N(C)CCCc3ccc(Cl)cc3)n2)C[C@H](C)N1
CHEMBL191714,ERbeta,6.430,,1,0,Active,exact,Oc1ccc2cc(-c3ccccc3)ccc2c1
CHEMBL306878,ERbeta,9.520,,1,0,Active,exact,CCC1=C(c2ccc(O)cc2)C(CC)c2cc(O)ccc21
CHEMBL1300008,ERbeta,4.890,,2,0,Inactive,exact,O=C(Cn1c(=O)n(Cc2ccco2)c(=O)c2c3c(sc21)CCCCC3)Nc1ccccc1
CHEMBL1411756,ERbeta,5.250,,2,0,,exact,CC12CCCCC1(O)[N+]([O-])=C1CCCCC1=[N+]2[O-]
CHEMBL1312996,ERbeta,5.855,,2,0,,exact,O=C(CSc1nnc(Nc2ccccc2F)s1)NCc1ccco1
CHEMBL3589347,ERbeta,6.300,,2,0,Active,exact,COC(=O)CCCCCCC(=O)Nc1ccc(OS(=O)(=O)C2CC3OC2C(c2ccc(O)cc2)=C3c2ccc(O)cc2)cc1
CHEMBL195289,ERbeta,8.550,,1,0,Active,exact,Oc1ccc2cc(-c3cc(F)c(O)cc3F)ccc2c1
CHEMBL393982,ERbeta,5.580,,1,0,,exact,C[C@H](CCc1ccc(O)cc1)NC(=O)Cc1c(-c2ccccc2)[nH]c2cc(OCCCN3CCCC3)ccc12
CHEMBL4229221,ERbeta,6.920,,1,0,Active,exact,COc1ccc2c(c1)OCCC(c1ccc(O)cc1)=C2c1ccc(/C=C/C(=O)O)cc1
CHEMBL1350944,ERbeta,,4.301,0,1,Inactive,censored,O=c1[nH]c2ccccc2c(=O)n1Cc1ccco1
CHEMBL5572240,ERbeta,4.400,,1,0,Inactive,exact,CCC(=C(c1ccc(O)cc1)c1ccc(OCCNCCCCCCNC(=O)CCC2=[N+]3C(C=C2)Cc2c(C)cc(C)n2[B-]3(F)F)cc1)c1ccccc1
CHEMBL5625070,ERbeta,7.050,,1,0,Active,exact,O=C(Nc1cccc(F)c1)c1ccc(-c2ccc(B(O)O)cc2)s1
CHEMBL5568367,ERbeta,6.570,,1,0,Active,exact,Cc1ncsc1-c1ccc([C@H](C)NC(=O)[C@@H]2C[C@@H](O)CN2C(=O)[C@@H](NC(=O)CCCCCCCCCCOc2ccc(N(CC(F)(F)F)S(=O)(=O)C3CC4OC3C(c3ccc(-n5ccnc5)cc3)=C4c3ccc(O)cc3)cc2)C(C)(C)C)cc1
CHEMBL4875988,ERbeta,5.885,,2,0,,exact,Cc1ccc(N(CC(F)(F)F)S(=O)(=O)C2CC3OC2C(c2ccc(NC(=O)CCCCCCC(=O)O)cc2)=C3c2ccc(O)cc2)cc1
CHEMBL1608311,ERbeta,,4.301,0,1,Inactive,censored,CCn1c(NN)nc2sc3c(c2c1=O)CCC3
CHEMBL572155,ERbeta,,5.000,0,1,,censored,O=CC1=C(Sc2ccccc2)c2sc3nc4n(c(=O)c3c2CC1)CCCCC4
CHEMBL507395,ERbeta,,3.000,0,1,Inactive,censored,CC(C)CCc1cc(NCC(C)C)nc(S(=O)(=O)CC(C)C)n1
CHEMBL31236,ERbeta,5.960,,2,0,,exact,CCc1cc(-c2cc3ccc(O)cc3s2)ccc1O
CHEMBL183152,ERbeta,8.100,,1,0,Active,exact,N#CCc1cc(O)c(Cl)c2cc(-c3ccc(O)cc3)oc12
CHEMBL195154,ERbeta,7.240,,1,0,Active,exact,N#Cc1cc(-c2cc(F)c(O)c(F)c2)cc2ccc(O)cc12
CHEMBL53,ERbeta,,4.523,0,1,Inactive,censored,CN1CCc2cccc3c2[C@H]1Cc1ccc(O)c(O)c1-3
CHEMBL5085956,ERbeta,8.240,,2,0,Active,exact,CCC(=C(c1ccc(O)cc1)c1ccc(/C=C/C(=O)NCCNC(=O)CCc2nc3cc(OC)ccc3[nH]2)cc1)c1ccccc1
CHEMBL1342063,ERbeta,6.950,,1,1,Active,exact,CCOc1ccc(C(=O)OCC(=O)NCc2ccco2)cc1OCC
CHEMBL377046,ERbeta,6.620,,1,0,Active,exact,CCCC[C@]12CCC(=O)C(CC)=C1c1ccc3[nH]nnc3c1C2
CHEMBL1431996,ERbeta,5.200,,1,0,,exact,Nc1c(C(=O)NCc2ccco2)sc2nc3c(cc12)C(=O)CCC3
CHEMBL3134123,ERbeta,6.900,,1,0,Active,exact,C[C@]12CC[C@@H](c3ccc(O)cc3)C[C@H]1CCC2=O
CHEMBL5197035,ERbeta,8.700,,1,0,Active,exact,CC(F)(F)c1cc(Cl)ccc1-c1sc2c(ccc3[nH]ncc32)c1Oc1ccc(NC2CN(CCCF)C2)cc1
CHEMBL367588,ERbeta,8.220,,3,0,Active,exact,Oc1ccc(-c2cc3cc(O)ccc3o2)cc1
CHEMBL398841,ERbeta,7.850,,1,0,Active,exact,C#C[C@]1(O)CC[C@H]2[C@@H]3CC=C4C[C@@H](O)CC[C@]4(C=C)[C@H]3CC[C@@]21C
CHEMBL1388279,ERbeta,,4.301,0,1,Inactive,censored,CCOC(=O)CNC(=O)C(Cc1ccccc1)NS(=O)(=O)c1ccc2c(c1)CCC(=O)N2
CHEMBL332625,ERbeta,6.730,,1,0,Active,exact,Oc1ccc([C@H]2Sc3cc(O)ccc3O[C@H]2c2ccc(N3CCNCC3)cc2)cc1
CHEMBL216279,ERbeta,7.230,,1,0,Active,exact,CC(C)CCc1c(O)cc(O)c2c1O[C@H](c1ccc(O)cc1)CC2=O
CHEMBL1530431,ERbeta,4.770,,1,0,Inactive,exact,COCCCn1c(Cc2csc(Nc3cccc(Cl)c3)n2)nnc1SCC(=O)OC
CHEMBL1538696,ERbeta,4.860,,1,1,Inactive,exact,Cc1csc(C(C#N)C(=O)c2ccncc2)n1
CHEMBL5422315,ERbeta,4.410,,1,0,Inactive,exact,O=S(=O)(Oc1ccc(F)cc1)C1CC2OC1C(c1ccc(-n3ccnc3)cc1)=C2c1ccc(O)cc1
CHEMBL372795,ERbeta,,4.523,0,1,Inactive,censored,CN[C@@H]1[C@H](O[C@H]2[C@H](O[C@H]3[C@H](O)[C@@H](O)[C@H](N=C(N)N)[C@@H](O)[C@@H]3N=C(N)N)O[C@@H](C)[C@]2(O)C=O)O[C@@H](CO)[C@H](O)[C@H]1O
CHEMBL1577415,ERbeta,,4.301,0,1,Inactive,censored,C[C@]12CCC(=O)C=C1CCC1C2CC[C@@]2(C)C1CC[C@@]2(O)CC#N
CHEMBL496,ERbeta,7.010,,1,0,Active,exact,Oc1c(Cl)cc(Cl)c(Cl)c1Cc1c(O)c(Cl)cc(Cl)c1Cl
CHEMBL826,ERbeta,,4.523,0,1,Inactive,censored,CCn1cc(C(=O)O)c(=O)c2cc(F)c(N3CCNCC3)nc21
CHEMBL1255800,ERbeta,,4.523,0,1,Inactive,censored,CCc1c(Cl)c(O)c(Cl)c(O)c1C(=O)O[C@H]1[C@H](O)[C@H](OC)[C@H](OC/C2=C\C=C\C[C@H](O)/C(C)=C/[C@H](CC)[C@@H](O[C@@H]3OC(C)(C)[C@@H](OC(=O)C(C)C)[C@H](O)[C@@H]3O)/C(C)=C/C(C)=C/C[C@@H]([C@@H](C)O)OC2=O)O[C@@H]1C
CHEMBL489584,ERbeta,7.660,,1,0,Active,exact,CC(C)Cc1cc2cc(O)ccc2c(Oc2ccc(/C=C/C(=O)O)cc2)c1-c1ccccc1
CHEMBL492456,ERbeta,,3.000,0,1,Inactive,censored,CC(C)CCc1nc(NCc2ccccc2)cc(NCC(C)C)n1
CHEMBL5419649,ERbeta,5.060,,1,0,,exact,CCN(c1ccc(OC)cc1)S(=O)(=O)C1CC2OC1C(c1ccc(-c3cnn(C)c3)cc1)=C2c1ccc(O)cc1
CHEMBL113,ERbeta,,4.523,0,1,Inactive,censored,Cn1c(=O)c2c(ncn2C)n(C)c1=O
CHEMBL5786945,ERbeta,8.520,,1,0,Active,exact,O=c1c2c(O)cc(O)cc2c(Cl)cn1-c1ccc(O)cc1
CHEMBL90008,ERbeta,6.750,,1,0,Active,exact,CC(C)C1c2ccc(O)cc2CCN1c1ccccc1
CHEMBL377295,ERbeta,5.710,,1,0,,exact,CCOC(=O)C1=C(O)/C(=C\c2ccc(CNC(=O)C(=O)Nc3ccccc3)o2)N=C1C
CHEMBL460647,ERbeta,7.170,,1,0,Active,exact,CC(C)=CCc1c(O)cc(O)c2c1OC(c1ccc(O)cc1)CC2=O
CHEMBL1347312,ERbeta,4.910,,1,1,Inactive,exact,CCOc1ccc2nc(O)c(O)nc2c1
CHEMBL1373432,ERbeta,,4.301,0,1,Inactive,censored,Cc1nn2c(-c3cccc(NC(=O)CSc4nc5ccccc5o4)c3)nnc2c2ccccc12
CHEMBL471626,ERbeta,9.150,,1,0,Active,exact,Oc1ccc(C2=C(c3ccc(OCCN4CCCC4)cc3)c3ccc(F)cc3OCC2)cc1
CHEMBL3144992,ERbeta,,4.301,0,1,Inactive,censored,Cc1[nH]n(-c2ccccc2)c(=O)c1Sc1ccc(Cl)cc1
CHEMBL1595731,ERbeta,,4.301,0,1,Inactive,censored,O=S(=O)(O)c1nc2ccccc2n1Cc1ccccc1
CHEMBL52440,ERbeta,,4.523,0,1,Inactive,censored,COc1ccc2c(c1)[C@]13CCCC[C@@H]1[C@H](C2)N(C)CC3
CHEMBL441366,ERbeta,8.290,,1,0,Active,exact,CCCC[C@@]12CCC(=O)C(CC)=C1c1ccc3[nH]nnc3c1C2
CHEMBL363963,ERbeta,8.430,,2,0,Active,exact,C=Cc1cc(O)cc2nc(-c3ccc(O)c(F)c3F)oc12
CHEMBL4459147,ERbeta,5.570,,1,0,,exact,OC[C@]1(O)CC[C@H](c2ccc(O)cc2)CC1
CHEMBL377224,ERbeta,7.800,,1,0,Active,exact,O=C1CCC2(c3ccccc3)Cc3cc(O)ccc3C2=C1c1ccco1
CHEMBL4789805,ERbeta,9.110,,1,0,Active,exact,N#C[C@@]1(Cc2ccc(O)cc2)CCc2cc(O)ccc21
CHEMBL381489,ERbeta,,5.000,0,1,,censored,CC(C)(C)C(=O)Oc1ccc2c(c1)O[C@@H](c1ccc(OCCN3CCCCC3)cc1)C1=C2COc2cc(OC(=O)C(C)(C)C)ccc21
CHEMBL1972915,ERbeta,5.140,,1,1,,exact,Cc1nn(-c2ccccc2)c(Cl)c1/C=N/Nc1ccc(S(=O)(=O)Nc2ccccc2C(=O)O)cc1[N+](=O)[O-]
CHEMBL195560,ERbeta,6.170,,4,0,Active,exact,Oc1ccc(C2=COc3cc(O)ccc3C2)cc1
CHEMBL5430840,ERbeta,5.010,,1,0,,exact,CCN(c1ccc(OCCCCCC(=O)N[C@H](C(=O)N2C[C@H](O)C[C@H]2C(=O)NCc2ccc(-c3scnc3C)cc2)C(C)(C)C)cc1)S(=O)(=O)C1CC2OC1C(c1ccc(O)cc1)=C2c1ccc(O)cc1
CHEMBL1423062,ERbeta,6.090,,1,0,Active,exact,CN1CCN(c2ccc(NC(=O)COc3ccccc3Cl)cc2)CC1
CHEMBL342418,ERbeta,9.385,,2,0,Active,exact,N#CC(c1ccc(O)cc1)C(C#N)c1ccc(O)cc1
CHEMBL365293,ERbeta,6.140,,2,0,Active,exact,Oc1ccc(-c2noc3ccccc23)c(O)c1
CHEMBL3578274,ERbeta,5.570,,1,0,,exact,C[C@H](c1ccc(F)cc1)N1C(=O)O[C@](Cc2ccccc2)(c2nc3cc(C(F)(F)F)ccc3[nH]2)C1=O
CHEMBL1346933,ERbeta,,4.301,0,1,Inactive,censored,O=C(Nc1cnc2ccccn2c1=O)c1ccc(F)cc1
CHEMBL4868001,ERbeta,5.730,,1,1,,exact,CN(c1ccc(Cl)cc1)S(=O)(=O)C1CC2OC1C(c1ccc(NC(=O)CCCCCCC(=O)O)cc1)=C2c1ccc(O)cc1
CHEMBL269732,ERbeta,,4.523,0,1,Inactive,censored,C=CC[C@@H]1/C=C(\C)C[C@H](C)C[C@H](OC)[C@H]2O[C@@](O)(C(=O)C(=O)N3CCCC[C@H]3C(=O)O[C@H](/C(C)=C/[C@@H]3CC[C@@H](O)[C@H](OC)C3)[C@H](C)[C@@H](O)CC1=O)[C@H](C)C[C@@H]2OC
CHEMBL998,ERbeta,,4.523,0,1,Inactive,censored,CCOC(=O)N1CCC(=C2c3ccc(Cl)cc3CCc3cccnc32)CC1
CHEMBL4210210,ERbeta,5.000,,1,0,,exact,COC(=O)Cc1ccc(OCc2oc(-c3ccccc3OC)nc2C)cc1
CHEMBL92635,ERbeta,6.960,,1,0,Active,exact,CC1CCN(CCOc2ccc([C@@H]3Oc4ccc(O)cc4S[C@@H]3c3cccc(O)c3)cc2)CC1
CHEMBL5423258,ERbeta,5.680,,1,0,,exact,COc1ccc(N(C)S(=O)(=O)C2CC3OC2C(c2ccc(-n4cncn4)cc2)=C3c2ccc(O)cc2)cc1
CHEMBL522995,ERbeta,,3.000,0,1,Inactive,censored,CC(C)CCc1cc(N(Cc2cccc3ccccc23)C(=O)OC(C)(C)C)nc(NCC(C)C)n1
CHEMBL363367,ERbeta,8.640,,1,0,Active,exact,Oc1ccc(-c2cc(Cl)c3cc(O)ccc3c2)cc1
CHEMBL1087041,ERbeta,6.700,,1,0,Active,exact,Oc1ccc2c(c1)O[C@@H](c1cccc(OCCN3CCCCC3)c1)C1=C2CCOc2cc(O)ccc21
CHEMBL192016,ERbeta,8.200,,1,0,Active,exact,C#Cc1cc(-c2ccc(O)c(F)c2)cc2ccc(O)cc12
CHEMBL1782331,ERbeta,7.030,,1,0,Active,exact,CCC(CC)(c1ccc(O)cc1)c1ccc(O)cc1
CHEMBL781,ERbeta,,4.523,0,1,Inactive,censored,OC1(c2ccc(Cl)cc2)c2ccccc2C2=NCCN21
CHEMBL5394546,ERbeta,5.330,,1,0,,exact,O=S(=O)(Oc1ccc(-n2cncn2)cc1)C1CC2OC1C(c1ccc(O)cc1)=C2c1ccc(O)cc1
CHEMBL192325,ERbeta,5.580,,1,0,,exact,O=C1C(c2ccc(O)cc2)=C(O)c2ccc(O)cc21
CHEMBL213457,ERbeta,5.800,,1,0,,exact,CC1=C2c3ccc4[nH]ncc4c3CC2(Cc2cccc(F)c2)CCC1=O
CHEMBL1460126,ERbeta,7.260,,1,1,Active,exact,NC(=O)c1c(NC(=O)c2cc3ccccc3o2)sc2c1CCC2
CHEMBL515671,ERbeta,,5.000,0,1,,censored,CC#C[C@]1(O)C[C@H]2CCc3cc(OCc4cccnc4C)ccc3[C@]2(CC)C[C@@H]1O
CHEMBL74022,ERbeta,5.550,,1,0,,exact,Oc1ccc(C2=Nc3c(O)cc(O)cc3OC2)cc1
CHEMBL385949,ERbeta,8.240,,1,0,Active,exact,CCC1=C2c3ccc4[nH]nnc4c3C[C@]2(CC)CCC1=O
CHEMBL393390,ERbeta,6.930,,1,0,Active,exact,COCc1cc(O)cc2c1O[C@H](c1ccc(O)cc1)[C@@H]1CC(F)(F)C[C@H]21
CHEMBL5564308,ERbeta,,4.102,0,1,Inactive,censored,Cc1ncsc1-c1ccc([C@H](C)NC(=O)[C@@H]2C[C@@H](O)CN2C(=O)[C@@H](NC(=O)CCCCCCCCCOc2ccc(N(CC(F)(F)F)S(=O)(=O)C3CC4OC3C(c3ccc(-n5ccnc5)cc3)=C4c3ccc(O)cc3)cc2)C(C)(C)C)cc1
CHEMBL59311,ERbeta,,6.000,0,1,,censored,O=C(c1ccc(OCCN2CCCCC2)cc1)N1c2ccc(O)cc2CCC1c1cccc(O)c1
CHEMBL1372307,ERbeta,,4.301,0,2,Inactive,censored,CCOc1cccc2cc(-c3cn4cc(C)ccc4n3)c(=O)oc12
CHEMBL1353227,ERbeta,,4.301,0,1,Inactive,censored,CCCCCc1nnc(NC(=O)Cc2cccs2)s1
CHEMBL189077,ERbeta,8.520,,2,0,Active,exact,Oc1ccc2c(-c3nc4ccc(O)cc4o3)cccc2c1
CHEMBL187393,ERbeta,7.770,,2,0,Active,exact,Oc1ccc2c(-c3noc4cc(O)ccc34)cccc2c1
CHEMBL192326,ERbeta,5.860,,1,0,,exact,O=C1C(c2ccc(O)cc2)=C(O)c2cc(O)cc(O)c21
CHEMBL2403357,ERbeta,6.820,,1,0,Active,exact,CCCCC(CCCC)(c1ccc(O)c(C)c1)c1ccc(O)c(C)c1
CHEMBL480626,ERbeta,,3.602,0,1,Inactive,censored,CC(C)(C)c1cc(O)c(C(C)(C)C)cc1O
CHEMBL235829,ERbeta,9.150,,1,0,Active,exact,Oc1ccc([C@@H]2Oc3ccc(O)cc3[C@@H]3C[C@H](C(F)(F)F)C[C@@H]32)cc1
CHEMBL3189964,ERbeta,4.670,,1,1,Inactive,exact,CC(=O)Nc1ccc(/N=C/c2nc(-c3ccc(C)cc3)oc2O)cc1
CHEMBL4640476,ERbeta,5.600,,1,0,,exact,B.CP(c1ccccc1)c1ccc(O)cc1
CHEMBL521,ERbeta,,4.523,0,1,Inactive,censored,CC(C)Cc1ccc(C(C)C(=O)O)cc1
CHEMBL212992,ERbeta,8.300,,1,0,Active,exact,CCC[C@@H]1CC[C@@H]2C[C@]13Cc1cc(O)ccc1C3=C(C)C2=O
CHEMBL427324,ERbeta,7.890,,1,0,Active,exact,CC(C)[C@H]1CCN(CCOc2ccc([C@@H]3Oc4ccc(O)cc4S[C@@H]3c3ccc(O)cc3)cc2)C1
CHEMBL1086775,ERbeta,7.850,,1,0,Active,exact,Oc1ccc2c(c1)O[C@H](c1ccc(OCCN3CCCC3)cc1)C1=C2CCOc2cc(O)ccc21
CHEMBL5425958,ERbeta,5.310,,1,0,,exact,CCN(c1ccc(OCCCCCC(=O)N[C@H](C(=O)N2C[C@@H](O)C[C@H]2C(=O)N[C@@H](C)c2ccc(-c3scnc3C)cc2)C(C)(C)C)cc1)S(=O)(=O)C1CC2OC1C(c1ccc(O)cc1)=C2c1ccc(O)cc1
CHEMBL1466913,ERbeta,4.485,,2,0,Inactive,exact,COc1ccc(NC2=NC(=O)S/C2=C\c2ccc(N(C)C)cc2)cc1
CHEMBL3234632,ERbeta,6.585,,2,0,Active,exact,Oc1ccc(/C(=N\c2ccc(Cl)cc2)c2ccc(O)cc2O)cc1
CHEMBL153245,ERbeta,6.370,,1,0,Active,exact,CN(CCCc1ccc(Cl)cc1)c1nc(NCCc2ccc(O)cc2)nc(N2CCN(C(=O)Nc3ccc(Cl)cc3)CC2)n1
CHEMBL1493891,ERbeta,5.580,,1,0,,exact,CCCCCCNC(=O)c1cc(-c2ccco2)nc2ccccc12
CHEMBL187313,ERbeta,6.280,,2,0,Active,exact,Oc1ccc2cc(-c3nc4cc(O)ccc4o3)ccc2c1
CHEMBL1520373,ERbeta,5.795,,2,0,,exact,COc1ccc2c(c1)c(=O)oc1cc3oc(C)c(C)c3cc12
CHEMBL4558162,ERbeta,,4.699,0,1,Inactive,censored,Cc1ccc2c(c1)nc(CCN1C(=O)c3cccc4cccc(c34)C1=O)n2-c1ccncc1
CHEMBL195991,ERbeta,7.600,,1,0,Active,exact,CCN(CC)CCOc1ccc(Cn2c3ccccc3c3sc4cc(O)ccc4c32)cc1
CHEMBL3666805,ERbeta,,5.000,0,1,,censored,C[C@H](NC(=O)C(C)(F)F)[C@H](Oc1ccc2c(cnn2-c2cccc(C(=O)N[C@@H]3CCS(=O)(=O)C3)c2)c1)c1ccc2c(c1)OCCO2
CHEMBL1529439,ERbeta,5.305,,2,0,,exact,Cc1oc2c(cc(NS(=O)(=O)c3ccc4c5c(cccc35)C(=O)N4)c3ccccc32)c1C(=O)OC(C)C
CHEMBL188458,ERbeta,7.060,,2,0,Active,exact,Oc1ccc2c(-c3ccc4c(Br)c(O)ccc4c3)noc2c1
CHEMBL4800654,ERbeta,6.035,,2,0,Active,exact,O=S(=O)(Oc1ccccc1)C1CC2OC1C(c1ccc(O)cc1)=C2c1ccc(O)cc1
CHEMBL187473,ERbeta,6.860,,2,0,Active,exact,Oc1ccc(-c2noc3ccc(O)cc23)c(O)c1
CHEMBL9352,ERbeta,4.870,,1,0,Inactive,exact,O=C1C[C@@H](c2ccc(O)cc2)Oc2cc(O)cc(O)c21
CHEMBL3099432,ERbeta,8.170,,1,0,Active,exact,C[C@]12CC[C@@H]3c4ccc(O)cc4CC[C@H]3[C@@H]1CC=C2CO
CHEMBL4215467,ERbeta,5.735,,2,0,,exact,O=S(=O)(Oc1cccc(/C=C/c2cc(O)cc(O)c2)c1)C1CC2OC1C(c1ccc(O)cc1)=C2c1ccc(O)cc1
CHEMBL411185,ERbeta,6.800,,1,0,Active,exact,C#C[C@]1(O)CC[C@H]2[C@@H]3CCC4=CC(=O)CCC4=C3[C@@H](c3ccc(N(C)C(=O)CNC(=O)OC4CC[C@@]5(C)[C@@H](C4)C[C@@H](O)[C@@H]4[C@@H]5C[C@H](O)[C@]5(C)[C@@H]([C@H](C)CCC(=O)O)CC[C@@H]45)cc3)C[C@@]21C
CHEMBL4092300,ERbeta,6.030,,1,0,Active,exact,Cl.Oc1cccc2c(-c3ccccc3)c3cc4ccccc4cc3nc12
CHEMBL5764146,ERbeta,7.340,,1,0,Active,exact,COc1ccc(-n2cc(Br)c3cc(OC)cc(C#N)c3c2=O)cc1
CHEMBL85090,ERbeta,7.800,,1,0,Active,exact,Oc1ccc2c(c1)S[C@H](C1CCCCC1)[C@H](c1ccc(OCCN3CCCCC3)cc1)O2
CHEMBL369545,ERbeta,7.420,,1,0,Active,exact,CC[C@H](COc1ccc([C@@H]2Oc3ccc(O)cc3S[C@@H]2c2ccc(O)cc2)cc1)N1CCCC1
CHEMBL135,ERbeta,8.960,,105,0,Active,exact,C[C@]12CC[C@@H]3c4ccc(O)cc4CC[C@H]3[C@@H]1CC[C@@H]2O
CHEMBL183467,ERbeta,7.660,,1,0,Active,exact,C[C@@H]1CN(CCOc2ccc([C@@H]3Oc4ccc(O)cc4S[C@@H]3c3ccc(O)cc3)cc2)C[C@H]1C
CHEMBL3422034,ERbeta,7.710,,1,0,Active,exact,NCCOc1ccc(/C(=C/c2ccccc2)c2ccc(O)cc2)cc1
CHEMBL191716,ERbeta,8.080,,1,0,Active,exact,Oc1ccc2cc(-c3cc(F)c(O)c(F)c3)ccc2c1
CHEMBL4227881,ERbeta,6.760,,1,0,Active,exact,CC(=O)/C=C/c1ccc(C2=C(c3ccc(O)cc3)CCOc3cc(F)ccc32)cc1
CHEMBL5558656,ERbeta,6.750,,1,0,Active,exact,Cc1ncsc1-c1ccc([C@H](C)NC(=O)[C@@H]2C[C@@H](O)CN2C(=O)[C@@H](NC(=O)CCCCOc2ccc(N(CC(F)(F)F)S(=O)(=O)C3CC4OC3C(c3ccc(-n5ccnc5)cc3)=C4c3ccc(O)cc3)cc2)C(C)(C)C)cc1
CHEMBL76398,ERbeta,5.770,,1,0,,exact,Oc1ccc(-c2ccc(O)cc2)cc1
CHEMBL408376,ERbeta,7.890,,1,0,Active,exact,C#C[C@]1(O)CC[C@H]2[C@@H]3CCC4=CC(=O)CCC4=C3[C@@H](c3ccc(N(C)CCCC(=O)N(C)C4CC[C@@]5(C)[C@@H](C4)C[C@@H](O)[C@@H]4[C@@H]5C[C@H](O)[C@]5(C)[C@@H]([C@H](C)CCC(=O)O)CC[C@@H]45)cc3)C[C@@]21C
CHEMBL4853571,ERbeta,5.405,,2,0,,exact,Cc1ccc(N(C)S(=O)(=O)C2CC3OC2C(c2ccc(NC(=O)CCCCCCC(=O)O)cc2)=C3c2ccc(O)cc2)cc1
CHEMBL212675,ERbeta,7.550,,1,0,Active,exact,CCC12CCC(=O)C(C)=C1c1ccc(O)cc1C2
CHEMBL190467,ERbeta,7.700,,1,0,Active,exact,O=C1C(c2ccc(O)cc2)=C(Br)c2ccc(O)cc21
CHEMBL245575,ERbeta,6.070,,1,0,Active,exact,C[C@]12CC[C@H]3[C@@H](CC=C4[C@H]5CC[C@]43CC[C@H]5O)[C@@H]1CC[C@@H]2O
CHEMBL355980,ERbeta,6.310,,1,0,Active,exact,CN(CCCc1ccc(Cl)cc1)c1nc(NCCc2ccc(O)cc2)nc(N2CCN(S(=O)(=O)Cc3ccccc3)CC2)n1
CHEMBL3099428,ERbeta,6.765,,2,0,Active,exact,C[C@@H](CCO)C1=CC[C@H]2[C@@H]3CCc4cc(O)ccc4[C@H]3CC[C@]12C
CHEMBL1615276,ERbeta,6.510,,1,0,Active,exact,O=S(=O)(N1CCc2cc(O)ccc2C1)C(F)(F)F
CHEMBL870,ERbeta,,4.523,0,1,Inactive,censored,NCCCC(O)(P(=O)(O)O)P(=O)(O)O
CHEMBL94225,ERbeta,6.990,,1,0,Active,exact,Oc1cccc([C@H]2Sc3cc(O)ccc3O[C@H]2c2ccc(OCCNC3CCCCCC3)cc2)c1
CHEMBL4289024,ERbeta,5.270,,1,0,,exact,Oc1ccc(-c2cc(-c3ccc(OCCN4CCCCC4)cc3)c(-c3ccc(O)cc3)[se]2)cc1
CHEMBL380358,ERbeta,7.100,,1,0,Active,exact,Cc1c(O)ccc2c1oc(=O)c1c(C)ccc(C)c12
CHEMBL187115,ERbeta,7.500,,1,0,Active,exact,COc1cc(O)c(C#N)c2cc(-c3ccc(O)cc3)oc12
CHEMBL1308068,ERbeta,,4.301,0,1,Inactive,censored,COc1ccc(CNC(=O)COC(=O)c2cc(-c3ccco3)nc3ccccc23)cc1
CHEMBL838,ERbeta,,4.523,0,1,Inactive,censored,CCOC(=O)[C@H](CCc1ccccc1)N[C@H]1CCc2ccccc2N(CC(=O)O)C1=O
CHEMBL244971,ERbeta,,5.301,0,1,,censored,COc1ccc(N2C(=O)c3ccc(O)cc3C2=O)c([N+](=O)[O-])c1
CHEMBL1084120,ERbeta,7.960,,1,0,Active,exact,CCN(CC)CCOc1ccc([C@@H]2Oc3cc(F)ccc3C3=C2c2ccc(O)cc2OCC3)cc1
CHEMBL1597481,ERbeta,5.540,,2,0,,exact,CCCc1nc2sc3ccccc3c(=O)c2c(=O)n1Cc1ccco1
CHEMBL5094545,ERbeta,8.440,,1,0,Active,exact,CCC(=C(c1ccc(O)cc1)c1ccc(/C=C/C(=O)NCCN)cc1)c1ccccc1.O=C(O)C(F)(F)F
CHEMBL1168,ERbeta,,4.523,0,1,Inactive,censored,CCOC(=O)[C@H](CCc1ccccc1)N[C@@H](C)C(=O)N1[C@H](C(=O)O)C[C@@H]2CCC[C@@H]21
CHEMBL185355,ERbeta,5.820,,1,0,,exact,Oc1ccc(-c2nn3cc(O)cnc3c2-c2ccc(O)cc2)cc1
CHEMBL1408395,ERbeta,5.760,,2,0,,exact,Cc1ccc2c(c1)c(=O)c1c3n2CCN(C(=O)CCl)C3CC1
CHEMBL569630,ERbeta,,6.000,0,1,,censored,CCCSC1=C(C=O)CCc2c1sc1nc3n(c(=O)c21)CCCCC3
CHEMBL246138,ERbeta,7.960,,2,0,Active,exact,C=C[C@]12CC[C@H](O)CC1=CC[C@H]1[C@@H]3CC[C@H](O)[C@@]3(C)CC[C@@H]12
CHEMBL503,ERbeta,,4.523,0,1,Inactive,censored,CC[C@H](C)C(=O)O[C@H]1C[C@@H](C)C=C2C=C[C@H](C)[C@H](CC[C@@H]3C[C@@H](O)CC(=O)O3)[C@H]21
CHEMBL78413,ERbeta,7.360,,1,0,Active,exact,O=c1c2cc(O)ccc2oc2c1oc1ccc(O)cc12
CHEMBL1332007,ERbeta,5.460,,1,0,,exact,Oc1ccccc1-c1nnc(SCCN2CCOCC2)n1Cc1ccccc1
CHEMBL198159,ERbeta,8.535,,2,0,Active,exact,N#C[C@H](Cc1ccc(O)cc1)c1ccc(O)cc1
CHEMBL57150,ERbeta,7.120,,1,0,Active,exact,OC[C@@]12CC=C[C@@H](C1)[C@H](c1ccc(O)cc1)CC2
CHEMBL191759,ERbeta,8.920,,1,0,Active,exact,C#Cc1cc(O)cc2ccc(-c3ccc(O)c(F)c3)cc12
CHEMBL57093,ERbeta,6.480,,1,0,Active,exact,CCCN(Cc1ccccn1)c1cc(-c2ccccc2)cc(-c2ccc(O)c(C)c2)n1
CHEMBL27,ERbeta,,4.523,0,1,Inactive,censored,CC(C)NCC(O)COc1cccc2ccccc12
CHEMBL195515,ERbeta,8.210,,4,0,Active,exact,CC/C(=C(\c1ccc(O)cc1)c1ccc(/C=C/C(=O)O)cc1)c1ccccc1
CHEMBL362349,ERbeta,6.620,,2,0,Active,exact,Oc1ccc2oc(-c3ccc(O)c(Cl)c3)nc2c1
CHEMBL206500,ERbeta,8.110,,1,0,Active,exact,CCc1c(O)ccc2c1oc(=O)c1c(C)c(O)ccc12
CHEMBL356852,ERbeta,6.310,,1,0,Active,exact,CN1CCN(c2nc(NCCCc3ccccc3)nc(NCCc3ccc(O)cc3)n2)CC1
CHEMBL493096,ERbeta,,3.000,0,1,Inactive,censored,CC(C)CNc1cc(/C=C/c2ccccc2)nc(NCc2ccccc2)n1
CHEMBL1084922,ERbeta,7.070,,1,0,Active,exact,CN1CCN(CCOc2ccc([C@H]3Oc4cc(O)ccc4C4=C3c3ccc(O)cc3OCC4)cc2)CC1
CHEMBL4878120,ERbeta,4.590,,1,0,Inactive,exact,COc1ccc2cc(-c3ccc4c(c3)OCO4)n([C@H](COc3ccc([N+](=O)[O-])cc3)OC)c(=O)c2c1OC
CHEMBL1344233,ERbeta,,4.301,0,1,Inactive,censored,COc1cccc(-n2nc(-c3ccnn3-c3ccc(F)cc3)c(=O)n(C)c2=O)c1
CHEMBL234638,ERbeta,9.180,,1,0,Active,exact,Oc1ccc([C@H]2Oc3cccc(O)c3[C@H]3CCC[C@H]32)cc1
CHEMBL1311,ERbeta,,4.523,0,1,Inactive,censored,O=[N+]([O-])O[C@@H]1CO[C@H]2[C@@H]1OC[C@@H]2O
CHEMBL150879,ERbeta,6.570,,1,0,Active,exact,CN(C)C(=O)CN1CCN(c2nc(NCCc3ccc(O)cc3)nc(N(C)CCCc3ccc(Cl)cc3)n2)CC1
CHEMBL2332571,ERbeta,6.180,,1,0,Active,exact,Oc1ccc(-c2csc(-c3ccc(O)cc3Cl)c2)c(Cl)c1
CHEMBL4795356,ERbeta,7.970,,1,0,Active,exact,Cc1cc(CC2(C#N)CCc3cc(O)ccc32)ccc1O
CHEMBL158017,ERbeta,,3.000,0,2,Inactive,censored,c1ccc(CCc2cc(NCc3ccccc3)nc(NCc3ccccc3)n2)cc1
CHEMBL1502,ERbeta,,4.523,0,1,Inactive,censored,COc1ccnc(C[S+]([O-])c2nc3cc(OC(F)F)ccc3[nH]2)c1OC
CHEMBL193146,ERbeta,8.960,,1,0,Active,exact,Oc1ccc(-c2cc(F)c3c(Cl)c(O)ccc3c2)cc1
CHEMBL813,ERbeta,,4.523,0,1,Inactive,censored,CCCCc1ncc(/C=C(\Cc2cccs2)C(=O)O)n1Cc1ccc(C(=O)O)cc1
CHEMBL5572046,ERbeta,8.280,,1,0,Active,exact,CCC(=C(c1ccc(O)cc1)c1ccc(OCCN(C)C(=O)/C(=C/c2ccc(OC)c(O)c2)c2cc(OC)c(OC)c(OC)c2)cc1)c1ccc(O)cc1
CHEMBL5403080,ERbeta,4.710,,1,0,Inactive,exact,CN(c1ccccc1)S(=O)(=O)C1CC2OC1C(c1ccc(-c3cnn(C)c3)cc1)=C2c1ccc(O)cc1
CHEMBL196585,ERbeta,7.810,,3,0,Active,exact,Oc1ccc(C(c2ccc(O)cc2)C(Cl)(Cl)Cl)cc1
CHEMBL365941,ERbeta,8.470,,1,0,Active,exact,O=Cc1cc(-c2ccc(O)c(F)c2)cc2ccc(O)cc12
CHEMBL92335,ERbeta,6.220,,1,0,Active,exact,Cc1cc2c(cc1O)O[C@H](c1ccc(OCCN3CCCCC3)cc1)[C@H](c1ccc(O)cc1)S2
CHEMBL1507981,ERbeta,5.490,,1,1,,exact,C=CCn1c(COc2ccccc2F)nnc1SCC(=O)NC(=O)NCc1ccco1
CHEMBL5394007,ERbeta,5.430,,1,0,,exact,Cn1cc(-c2ccc(C3=C(c4ccc(O)cc4)C4CC(S(=O)(=O)N(CC(F)(F)F)c5ccccc5)C3O4)cc2)cn1
CHEMBL370458,ERbeta,5.080,,1,0,,exact,N#CC1=C(N)Oc2cc(O)ccc2C1c1ccccc1
CHEMBL3414623,ERbeta,,5.000,0,1,,censored,Cc1cn(CCN2CCN(c3ccccc3-c3cc(C#N)cc(C(=O)NCCCN4CCCC4)c3)CC2)c2ccccc12
CHEMBL4859208,ERbeta,5.415,,2,0,,exact,Cc1cccc(N(CC(F)(F)F)S(=O)(=O)C2CC3OC2C(c2ccc(NC(=O)CCCCCCC(=O)O)cc2)=C3c2ccc(O)cc2)c1
CHEMBL1342667,ERbeta,,4.301,0,1,Inactive,censored,CCc1c(C)nc(SCC(=O)c2cccs2)c(C#N)c1C
CHEMBL381337,ERbeta,8.100,,1,0,Active,exact,Cc1c(O)ccc2c1OC(C)c1c-2ccc(O)c1C
CHEMBL509026,ERbeta,6.780,,1,0,Active,exact,Oc1cc(Br)c2oc(-c3ccc(O)c(C(F)(F)F)c3F)nc2c1
CHEMBL1200374,ERbeta,,4.523,0,1,Inactive,censored,C=C1C[C@@H]2[C@H](CC[C@]3(C)C(=O)CC[C@@H]23)[C@@]2(C)C=CC(=O)C=C12
CHEMBL391910,ERbeta,7.030,,1,0,Active,exact,C[C@H](CCc1ccc(O)cc1)NC(=O)Cc1c(-c2ccccc2)[nH]c2ccccc12
CHEMBL1433062,ERbeta,5.600,,1,1,,exact,COc1ccc(OC)c(N2C(=O)[C@@H]3C(c4ccccc4Cl)=NO[C@@H]3C2=O)c1
CHEMBL4849503,ERbeta,6.420,,2,0,Active,exact,CCN(c1ccccc1)S(=O)(=O)C1CC2OC1C(c1ccc(NC(=O)CCCCCCC(=O)O)cc1)=C2c1ccc(O)cc1
CHEMBL1087682,ERbeta,8.250,,1,0,Active,exact,O=C1CCC(=O)N1CCCOc1ccc([C@@H]2Oc3cc(O)ccc3C3=C2c2ccc(O)cc2OCC3)cc1
CHEMBL1566298,ERbeta,4.800,,1,0,Inactive,exact,Cc1noc(C)c1CSCC(=O)OCC(=O)Nc1sccc1C#N
CHEMBL1542128,ERbeta,5.580,,1,1,,exact,CCCC1=NN2C(=N)/C(=C\c3ccc(SCc4ccco4)o3)C(=O)N=C2S1
CHEMBL208929,ERbeta,8.550,,1,0,Active,exact,CC[C@@]12CCC(=O)C(C(F)(F)F)=C1c1ccc3[nH]ncc3c1C2
CHEMBL3234635,ERbeta,5.950,,2,0,,exact,Oc1ccc(/C(=N\c2ccc(Br)cc2)c2ccc(O)cc2O)cc1
CHEMBL189287,ERbeta,7.600,,2,0,Active,exact,Oc1ccc(-c2nc3cc(O)ccc3o2)c(O)c1
CHEMBL1530563,ERbeta,,4.301,0,1,Inactive,censored,CCOC(=O)Cc1nn(C)c(=O)c2ccccc12
CHEMBL1584730,ERbeta,4.590,,1,0,Inactive,exact,NC1=C(c2nc3ccccc3[nH]2)C(=O)CN1c1ccc(CC(=O)O)cc1
CHEMBL335620,ERbeta,7.820,,1,0,Active,exact,Oc1ccc(CC(c2ccc(O)cc2)C(F)(F)C(F)(F)F)cc1
CHEMBL200483,ERbeta,6.860,,1,0,Active,exact,Oc1ccc(-n2c(-c3ccccc3)nc3ccccc32)cc1
CHEMBL319211,ERbeta,6.805,,4,0,Active,exact,CC1(c2ccc(OCCN3CCCC3)cc2)c2ccc(O)cc2CCN1c1cccc(F)c1
CHEMBL1098710,ERbeta,7.640,,3,0,Active,exact,CCOC(=O)C1(C#N)Cc2ccc([C@]3(O)CC[C@H]4[C@@H]5CCc6cc(O)ccc6[C@H]5CC[C@@]43C)cc2C1
CHEMBL309294,ERbeta,,5.301,0,1,,censored,N#Cc1cc(O)cc2c1oc1c(=O)c3ccc(O)cc3oc12
CHEMBL4592747,ERbeta,5.200,,1,0,,exact,C[C@]1(O)CC[C@@H](c2ccc(O)cc2)CC1
CHEMBL1208076,ERbeta,6.570,,1,0,Active,exact,Oc1ccc(C2(c3ccc(O)cc3)CCCC2)cc1
CHEMBL1352121,ERbeta,,4.301,0,2,Inactive,censored,N=c1c(C(=O)NCc2ccco2)cc2c(=O)n3ccccc3nc2n1CCc1ccccc1
CHEMBL211837,ERbeta,7.370,,1,0,Active,exact,CCC12CCC(=O)C(C)=C1c1ccc3[nH]nc(Cl)c3c1C2
CHEMBL395291,ERbeta,7.800,,1,0,Active,exact,CCS(=O)(=O)c1ccc(-c2sc3cc(O)ccc3c2Oc2ccc(OCCN3CCCCC3)cc2)cc1
CHEMBL4208076,ERbeta,7.725,,2,0,Active,exact,CCc1ccccc1OS(=O)(=O)C1CC2OC1C(c1ccc(/C=C/c3cc(OC)cc(OC)c3)cc1)=C2c1ccc(O)cc1
CHEMBL4290408,ERbeta,5.710,,1,0,,exact,Oc1ccc(-c2ccc(-c3ccc(OCCN4CCCCC4)cc3F)[se]2)c(F)c1
CHEMBL577758,ERbeta,5.410,,1,0,,exact,Cc1ccc(-c2csc(NC(=O)c3ccno3)n2)cc1
CHEMBL358009,ERbeta,,5.000,0,1,,censored,CN1CCN(c2nc(NCCCc3ccccc3)nc(N3CCc4cc(O)ccc4C3)n2)CC1
CHEMBL691,ERbeta,8.760,,4,2,Active,exact,C#C[C@]1(O)CC[C@H]2[C@@H]3CCc4cc(O)ccc4[C@H]3CC[C@@]21C
CHEMBL425941,ERbeta,4.510,,1,0,Inactive,exact,O=c1c2c(-c3ccccc3)cc(O)cc2ncn1-c1ccc(O)cc1
CHEMBL380106,ERbeta,6.550,,1,0,Active,exact,CCCCC12CCC(=O)C=C1c1ccc3[nH]ncc3c1C2
CHEMBL244207,ERbeta,8.680,,1,0,Active,exact,O=S1(=O)CC=C(c2ccc3cc(O)ccc3c2Oc2ccc(OCCN3CCCCC3)cc2)CC1
CHEMBL1321357,ERbeta,5.230,,1,0,,exact,O=C(Nc1cc(C(F)(F)F)ccc1N1CCOCC1)C1Cc2ccccc2CN1C(=O)c1ccco1
CHEMBL363177,ERbeta,8.070,,1,0,Active,exact,Oc1cc(F)c(-c2ccc3c(Cl)c(O)ccc3c2)cc1F
CHEMBL1628199,ERbeta,7.430,,1,0,Active,exact,CCCCN(C)C(=O)CCCCCCCCCCS[C@@H]1C(=O)c2cc(O)ccc2[C@H]2CC[C@]3(C)[C@@H](O)CC[C@H]3[C@H]12
CHEMBL304552,ERbeta,7.350,,12,0,Active,exact,Oc1ccc([C@H]2Sc3cc(O)ccc3O[C@H]2c2ccc(OCCN3CCCCC3)cc2)cc1
CHEMBL4250447,ERbeta,7.190,,1,0,Active,exact,CC[C@H](C)[C@@H]1NC(=O)[C@H](NC(=O)[C@@H](N)CCCNC(=N)N)CCSC[C@@H](C(=O)N[C@@H](CCCNC(=N)N)C(=O)N[C@@H](CC(C)C)C(=O)N[C@@H](CC(C)C)C(=O)N[C@@H](CCC(N)=O)C(N)=O)NC(=O)[C@H](CC(C)C)NC1=O
CHEMBL402580,ERbeta,,4.301,0,1,Inactive,censored,O=C1Nc2ccccc2C12OCCS2
CHEMBL152970,ERbeta,6.400,,1,0,Active,exact,CN(CCCc1ccc(Cl)cc1)c1nc(NCCc2ccc(O)cc2)nc(N2CCN(C(=O)N3CCOCC3)CC2)n1
CHEMBL238959,ERbeta,5.490,,1,0,,exact,C[C@H](CCc1ccc(O)cc1)NC(=O)Cc1c(-c2ccccc2)[nH]c2c(OCCCN3CCCCC3)cccc12
CHEMBL1440196,ERbeta,6.140,,1,1,Active,exact,Cc1ccc(-n2c(SCc3cc(=O)n4ccsc4n3)nnc2-c2cccnc2)c(C)c1
CHEMBL371564,ERbeta,7.550,,1,0,Active,exact,N#Cc1cc(O)c(C#N)c2ccc(-c3ccc(O)c(F)c3)cc12
CHEMBL2382123,ERbeta,5.560,,1,0,,exact,C/C(=C/C(=O)C[C@@H](C)[C@]1(C)CC[C@@]2(C)C3=CCC4C(C)(C)C(=O)CC[C@]4(C)[C@@H]3CCC21)C(=O)O
CHEMBL316003,ERbeta,7.415,,2,0,Active,exact,CCc1c(-c2ccc(O)cc2)oc(-c2ccc(O)cc2)c1-c1ccc(OCCN2CCCCC2)cc1
CHEMBL1423417,ERbeta,7.590,,1,0,Active,exact,N#Cc1cc2c(nc1SCc1ccccc1)CCC2
CHEMBL1467399,ERbeta,4.960,,1,0,Inactive,exact,CC(=O)c1c(COC(=O)c2ccco2)nc2ccccc2[n+]1[O-]
CHEMBL4217406,ERbeta,6.525,,2,0,Active,exact,Cc1ccccc1OS(=O)(=O)C1CC2OC1C(c1ccc(/C=C/c3cc(O)cc(O)c3)cc1)=C2c1ccc(O)cc1
CHEMBL5413068,ERbeta,6.290,,1,0,Active,exact,COc1ccc([C@@H]2C(=O)c3ccc(OC)cc3[C@H]2c2ccc(OCCN3CCC(C)CC3)cc2)cc1
CHEMBL235828,ERbeta,7.990,,1,0,Active,exact,O=C1CC[C@@H]2c3cc(O)ccc3O[C@H](c3ccc(O)cc3)[C@@H]2C1
CHEMBL94116,ERbeta,8.100,,1,0,Active,exact,Oc1ccc([C@@H]2Sc3c(Cl)cc(O)cc3O[C@@H]2c2ccc(OCCN3CCCCC3)cc2)cc1
CHEMBL234639,ERbeta,7.720,,1,0,Active,exact,Oc1ccc([C@H]2Oc3cc(O)ccc3[C@H]3CCC[C@H]32)cc1
CHEMBL1568118,ERbeta,4.860,,1,0,Inactive,exact,O=C(Nc1ccc(O)cc1C(=O)O)c1ccc2c(c1)C(=O)N(Cc1ccco1)C2=O
CHEMBL56390,ERbeta,8.490,,1,0,Active,exact,Oc1ccc(C2CCc3cc(O)ccc3N2c2ccc(OCCN3CCCC3)cc2)cc1
CHEMBL3961033,ERbeta,6.660,,1,0,Active,exact,CC(=C(c1ccc(N)cc1)c1ccc(NCC(N)=O)cc1)c1ccc([N+](=O)[O-])cc1
CHEMBL472468,ERbeta,7.760,,1,0,Active,exact,Oc1ccc(C2=C(c3ccc(OCCN4CCCC4)cc3)CCOc3cc(F)ccc32)cc1
CHEMBL1487,ERbeta,,4.523,0,1,Inactive,censored,CC(C)c1c(C(=O)Nc2ccccc2)c(-c2ccccc2)c(-c2ccc(F)cc2)n1CC[C@@H](O)C[C@@H](O)CC(=O)O
CHEMBL93308,ERbeta,6.100,,1,0,Active,exact,Oc1ccc([C@@H]2Sc3c(O)cc(O)cc3O[C@@H]2c2ccc(OCCN3CCCCC3)cc2)cc1
CHEMBL5629984,ERbeta,6.120,,1,0,Active,exact,O=C(Nc1cccc(B(O)O)c1)c1ccc(-c2ccc(F)cc2)s1
CHEMBL328810,ERbeta,6.900,,4,0,Active,exact,CC1(c2ccc(OCCN3CCCCCC3)cc2)c2ccc(O)cc2CCN1c1ccccc1
CHEMBL1465890,ERbeta,4.860,,1,0,Inactive,exact,CCOC(=O)C1CCCN(C(=O)c2ccc(CS(=O)(=O)c3ccc(C)cc3)o2)C1
CHEMBL492483,ERbeta,,3.000,0,1,Inactive,censored,CC(C)CCc1cc(SCc2ccccc2)nc(SCc2ccccc2)n1
CHEMBL23588,ERbeta,,4.523,0,1,Inactive,censored,O=C(O)c1ccccc1Nc1cccc(C(F)(F)F)c1
CHEMBL1478258,ERbeta,4.820,,1,0,Inactive,exact,COC(=O)c1ccc(CC(=O)c2c(C)cc(O)cc2O)o1
CHEMBL181369,ERbeta,7.960,,1,0,Active,exact,C[C@@H]1c2c(ccc(O)c2F)O[C@@H](c2ccc(OCCN3CCCC3)cc2)[C@H]1c1ccc(O)cc1
CHEMBL493696,ERbeta,,3.000,0,1,Inactive,censored,CC(C)CNc1cc(CCc2cccc3ccccc23)nc(NCc2ccccc2)n1
CHEMBL59552,ERbeta,5.900,,1,0,,exact,CC(C)CN(C)c1cc(-c2ccccc2)cc(-c2ccc(O)cc2)n1
CHEMBL315271,ERbeta,7.470,,1,0,Active,exact,Oc1ccc2c(c1)S[C@H](CC1CCCC1)[C@H](c1ccc(OCCN3CCCCC3)cc1)O2
CHEMBL5400203,ERbeta,5.110,,1,0,,exact,Cn1cc(-c2ccc(C3=C(c4ccc(O)cc4)C4CC(S(=O)(=O)Oc5ccc(C(F)(F)F)cc5)C3O4)cc2)cn1
CHEMBL5987790,ERbeta,8.090,,3,0,Active,exact,C[C@]12CC[C@@H]3C4CC=C(O)C=C4CC[C@H]3[C@@H]1CCC2O
CHEMBL1083186,ERbeta,7.640,,1,0,Active,exact,CN(C)CCOc1ccc([C@H]2Oc3cc(O)ccc3C3=C2c2ccc(O)cc2OCC3)cc1
CHEMBL150704,ERbeta,6.700,,1,0,Active,exact,Oc1ccc(CCNc2nc(NCCCc3ccccc3)nc(N3CCNCC3)n2)cc1
CHEMBL1444824,ERbeta,,4.301,0,2,Inactive,censored,c1csc(Cc2nn3c(-c4[nH]nc5c4CCC5)nnc3s2)c1
CHEMBL493903,ERbeta,,3.000,0,1,Inactive,censored,CC(C)CNc1cc(OCC(C)C)nc(NCC(C)C)n1
CHEMBL493695,ERbeta,,3.000,0,1,Inactive,censored,c1ccc(CNc2cc(CCc3cccc4ccccc34)nc(NCc3cccc4ccccc34)n2)cc1
CHEMBL343633,ERbeta,,4.523,0,1,Inactive,censored,CC(C)NC[C@H](O)COc1ccc(CC(N)=O)cc1
CHEMBL4286995,ERbeta,5.900,,1,0,,exact,Oc1ccc(-c2ccc(-c3ccc(OCCN4CCCC4)cc3)[se]2)cc1
CHEMBL1087545,ERbeta,7.720,,1,0,Active,exact,Oc1ccc2c(c1)O[C@H](c1ccc(OCCN3CCCCCC3)cc1)C1=C2CCOc2cc(O)ccc21
CHEMBL2086964,ERbeta,,4.000,0,1,Inactive,censored,COc1cc(/C=N/NC(=O)c2cc3c(ccc4ccccc43)o2)cc(OC)c1O
CHEMBL3589363,ERbeta,6.910,,2,0,Active,exact,O=C(O)CCCCCCC(=O)Nc1ccc(C2=C(c3ccc(O)cc3)C3CC(S(=O)(=O)Oc4ccc(Br)cc4)C2O3)cc1
CHEMBL493700,ERbeta,,3.000,0,1,Inactive,censored,CC(C)COc1cc(OCC(C)C)nc(OCC(C)C)n1
CHEMBL1536484,ERbeta,,4.301,0,1,Inactive,censored,COc1cc(NC(=O)c2cccs2)c(C(=O)OCC(=O)NC(=O)NC(C)(C)C)cc1OC
CHEMBL185126,ERbeta,8.400,,1,0,Active,exact,Cc1cc(O)cc2cc(-c3ccc(O)c(F)c3)oc12
CHEMBL4243758,ERbeta,6.200,,1,0,Active,exact,CC(=O)N[C@@H](Cc1cnc[nH]1)C(=O)N[C@@H](CCCCN)C(=O)N[C@@]1(C)CCC/C=C\CCC[C@@](C)(C(=O)N[C@@H](CC(C)C)C(=O)N[C@@H](CCC(N)=O)C(=O)N[C@@H](CC(=O)O)C(=O)N[C@@H](CO)C(N)=O)NC(=O)[C@H](CCC(N)=O)NC(=O)[C@H](Cc2cnc[nH]2)NC(=O)[C@H](CC(C)C)NC1=O
CHEMBL3545181,ERbeta,,4.523,0,1,Inactive,censored,C[N+]1(C)[C@@H]2C[C@@H](OC(=O)C(O)(c3cccs3)c3cccs3)C[C@H]1[C@@H]1O[C@@H]12.O.[Br-]
CHEMBL234524,ERbeta,5.700,,1,0,,exact,O=C1c2ccc(O)cc2C(=O)N1c1ccc(O)cc1
CHEMBL1604120,ERbeta,,4.301,0,1,Inactive,censored,CCOC(=O)CN1CC23C=CC(O2)C(C(=O)Nc2cc(OC)ccc2OC)C3C1=O
CHEMBL190038,ERbeta,8.700,,1,0,Active,exact,CSC1=C(c2ccc(O)cc2)C(=O)c2cc(O)cc(O)c21
CHEMBL4444171,ERbeta,4.680,,1,0,Inactive,exact,C=C1CCC(c2ccc(O)c(C=O)c2)CC1
CHEMBL1628029,ERbeta,6.570,,2,0,Active,exact,CC(C)CCC[C@@H](C)CCC[C@@H](C)CCC[C@@H]1Cc2cc(O)ccc2[C@H]2CC[C@]3(C)[C@@H](O)CC[C@H]3[C@H]12
CHEMBL364492,ERbeta,6.285,,2,0,Active,exact,CC(C)N1CCN(c2ccc(C3c4ccc(O)cc4CCN3c3cccc(O)c3)cc2)CC1
CHEMBL405154,ERbeta,7.920,,1,0,Active,exact,O/N=C/c1ccc(-c2ccc(O)cc2)c(Cl)c1O
CHEMBL1088485,ERbeta,7.680,,1,0,Active,exact,Oc1ccc2c(c1)O[C@H](c1ccc(OCCN3CCCCC3)cc1)C1=C2CCOc2cc(O)ccc21
CHEMBL1498031,ERbeta,,4.301,0,1,Inactive,censored,Cc1n[nH]c(C)c1S(=O)(=O)N(CC(=O)N1CCc2ccccc21)c1ccc(C(C)C)cc1
CHEMBL244000,ERbeta,9.320,,1,0,Active,exact,Oc1ccc(-c2ccc3cc(O)ccc3c2Oc2ccc(OCCN3CCCCC3)cc2)cc1
CHEMBL195311,ERbeta,8.850,,1,0,Active,exact,Oc1ccc(-c2ccc3cc(O)ccc3c2)c(Cl)c1
CHEMBL280645,ERbeta,5.130,,1,1,,exact,Oc1cc(O)c2cc(-c3ccc(O)c(F)c3)sc2c1
CHEMBL189200,ERbeta,8.510,,2,0,Active,exact,CCCc1cc(-c2noc3cc(O)ccc23)c(CCC)cc1O
CHEMBL428926,ERbeta,8.390,,1,0,Active,exact,O=S1(=O)CCC(c2ccc3cc(O)ccc3c2Oc2ccc(OCCN3CCCCC3)cc2)CC1
CHEMBL4798747,ERbeta,8.940,,1,0,Active,exact,Oc1ccc(CC2CCc3cc(O)ccc32)cc1
CHEMBL3645264,ERbeta,8.190,,2,0,Active,exact,Cc1cccc(CN(c2ccc(O)cc2)c2ccc(O)cc2)c1C
CHEMBL1582133,ERbeta,4.990,,1,1,Inactive,exact,C1CCC(c2nn3c(-c4[nH]nc5c4CCC5)nnc3s2)CC1
CHEMBL4472153,ERbeta,5.850,,1,0,,exact,CCOC(=O)C=C1CCC(c2ccc(O)cc2)CC1
CHEMBL281499,ERbeta,8.680,,2,0,Active,exact,Oc1ccc(C2=Cc3cc(O)ccc3C23Cc2ccccc2C3)cc1
CHEMBL434346,ERbeta,5.585,,2,0,,exact,CN(C)c1cccc(N2CCc3cc(O)ccc3C2c2ccc(OCCN3CCCCC3)cc2)c1
CHEMBL1323132,ERbeta,7.220,,1,0,Active,exact,CCOC(=O)c1ccc(NC(=O)COc2ccc(-n3cnnn3)cc2)cc1
CHEMBL216596,ERbeta,7.160,,1,0,Active,exact,CCCCCCCc1c(O)cc(O)c2c1O[C@H](c1ccc(O)cc1)CC2=O
CHEMBL3234617,ERbeta,7.720,,1,0,Active,exact,Oc1ccc(C(=Nc2ccccc2Cl)c2ccc(O)cc2)cc1
CHEMBL4753115,ERbeta,10.300,,1,0,Active,exact,N#CC1(Cc2ccc(O)cc2Cl)CCc2cc(O)ccc21
CHEMBL556307,ERbeta,7.220,,1,0,Active,exact,CC(Cc1ccc(O)cc1)c1ccc(O)cn1
CHEMBL1441401,ERbeta,5.360,,1,0,,exact,c1coc(-c2nnc3sc(Cc4cccs4)nn23)c1
CHEMBL4861959,ERbeta,6.130,,2,0,Active,exact,CCN(c1ccc(OC)cc1)S(=O)(=O)C1CC2OC1C(c1ccc(NC(=O)CCCCCCC(=O)O)cc1)=C2c1ccc(O)cc1
CHEMBL4088694,ERbeta,6.510,,1,0,Active,exact,Cl.Oc1ccc2c(-c3ccccc3)c3cc4ccccc4cc3nc2c1
CHEMBL5859936,ERbeta,9.320,,1,0,Active,exact,COc1ccc(-c2cn(-c3ccc(O)cc3)c(=O)c3c(O)cc(O)cc23)cc1
CHEMBL4787989,ERbeta,9.820,,1,0,Active,exact,N#CC1(Cc2ccc(O)cc2F)CCc2cc(O)ccc21
CHEMBL1423397,ERbeta,,4.301,0,1,Inactive,censored,Cc1c(Cl)cccc1NC(=O)CC1SCCNC1=O
CHEMBL1085899,ERbeta,7.730,,1,0,Active,exact,CC(C)N(CCOc1ccc([C@@H]2Oc3cc(O)ccc3C3=C2c2ccc(O)cc2OCC3)cc1)C(C)C
CHEMBL3422042,ERbeta,6.290,,1,0,Active,exact,NCCOc1ccc(/C(=C(\Cn2cncn2)c2ccccc2)c2ccc(O)cc2)cc1
CHEMBL221959,ERbeta,,4.523,0,1,Inactive,censored,C[C@@H]1CCN(C(=O)CC#N)C[C@@H]1N(C)c1ncnc2[nH]ccc12
CHEMBL382632,ERbeta,5.760,,1,0,,exact,C[C@]12CCC3C(CC=C4C[C@@H](O)CC[C@@]43CO)C1CC[C@@H]2O
CHEMBL524027,ERbeta,,3.000,0,1,Inactive,censored,c1ccc(CNc2nc(CCc3cccc4ccccc34)cc(NCc3cccc4ccccc34)n2)cc1
CHEMBL1408676,ERbeta,4.940,,1,0,Inactive,exact,Cc1cc(C(=O)Nc2sc3c(c2C#N)CCC3)no1
CHEMBL206584,ERbeta,8.050,,1,0,Active,exact,Cc1cc(O)c(C)c2c1-c1ccc(O)c(C)c1OC2C
CHEMBL522833,ERbeta,,3.000,0,1,Inactive,censored,CC(C)CN(C(=O)OC(C)(C)C)c1cc(CCc2ccccc2)nc(NCc2ccccc2)n1
CHEMBL313849,ERbeta,7.660,,1,0,Active,exact,O=C(N1CCc2cc(O)ccc2C1c1ccc(Br)cc1)C(F)(F)F
CHEMBL183049,ERbeta,7.300,,2,0,Active,exact,C[C@H]1CCN(CCOc2ccc([C@@H]3Oc4ccc(O)cc4S[C@@H]3c3ccc(O)cc3)cc2)C1
CHEMBL2392656,ERbeta,5.740,,2,0,,exact,CC(c1ccc(O)cc1)c1ccc(O)cc1
CHEMBL880,ERbeta,,4.523,0,1,Inactive,censored,CC(=O)OCC(CCn1cnc2cnc(N)nc21)COC(C)=O
CHEMBL211800,ERbeta,8.800,,1,0,Active,exact,O=C1CC[C@@]2(CCC3CC3)Cc3c(ccc4[nH]ncc34)C2=C1Br
CHEMBL198914,ERbeta,8.620,,1,0,Active,exact,Cc1c(-c2ccc(O)cc2)n(Cc2ccc(OCCN3CC[C@@H](C)C3)cc2)c2ccc(O)cc12
CHEMBL192621,ERbeta,8.640,,1,0,Active,exact,Oc1cc(F)c(-c2ccc3cc(O)ccc3c2)c(F)c1
CHEMBL1219,ERbeta,,4.523,0,1,Inactive,censored,COCCCOc1ccnc(C[S+]([O-])c2nc3ccccc3[nH]2)c1C
CHEMBL188189,ERbeta,8.100,,2,0,Active,exact,Oc1ccc2c(-c3ccc(O)c(F)c3)noc2c1
CHEMBL365999,ERbeta,7.960,,1,0,Active,exact,Oc1ccc2cc(-c3ccc(O)c(Cl)c3)ccc2c1
CHEMBL189822,ERbeta,7.430,,2,0,Active,exact,Cc1cc(O)ccc1-c1noc2cc(O)ccc12
CHEMBL5176445,ERbeta,6.280,,1,0,Active,exact,CN1C(=O)NC(c2ccc(OCCN(CCO)CCO)cc2)C2=C1c1ccccc1C2=O
CHEMBL241256,ERbeta,5.530,,1,0,,exact,C[C@H](CCc1ccc(O)cc1)NC(=O)Cc1c(-c2ccccc2)[nH]c2ccc(OCCCCCN3CCCCC3)cc12
CHEMBL923,ERbeta,,4.523,0,1,Inactive,censored,O=P(O)(O)C(O)(Cc1cccnc1)P(=O)(O)O
CHEMBL189024,ERbeta,6.740,,2,0,Active,exact,Oc1ccc2nc(-c3cccc(O)c3O)oc2c1
CHEMBL905,ERbeta,,4.523,0,1,Inactive,censored,CN(C)CCc1c[nH]c2ccc(Cn3cncn3)cc12
CHEMBL180085,ERbeta,6.960,,1,0,Active,exact,COc1ccc2c(c1)CS[C@H](c1ccccc1)[C@@H]2c1ccc(OCCN2CCCC2)cc1
CHEMBL1087919,ERbeta,7.520,,1,0,Active,exact,CN(C)CCOc1ccc([C@@H]2Oc3cc(O)ccc3C3=C2c2ccccc2OCC3)cc1
CHEMBL5396802,ERbeta,5.890,,3,0,,exact,COc1ccc(N(CC(F)(F)F)S(=O)(=O)C2CC3OC2C(c2ccc(O)cc2)=C3c2ccc(O)cc2)cc1
CHEMBL4447475,ERbeta,5.520,,1,0,,exact,CS(=O)(=O)c1ccc(C(CCCO)=C(c2ccc(F)cc2)c2ccc(F)cc2)cc1
CHEMBL1393131,ERbeta,5.010,,1,0,,exact,O=C(O)c1cc(-c2ccco2)nc2ccc(Br)cc12
CHEMBL2137046,ERbeta,8.100,,10,0,Active,exact,CCC(=C(c1ccc(O)cc1)c1ccc(OCCN(C)C)cc1)c1ccccc1
CHEMBL2111906,ERbeta,6.660,,1,0,Active,exact,N#C/C(=C/c1ccc(O)cc1)c1ccc(O)cc1
CHEMBL1505467,ERbeta,5.470,,2,0,,exact,Cc1nc2cc(-c3ccsc3-n3c(C)ccc3C)nn2c(O)c1Cl
CHEMBL1562870,ERbeta,4.885,,2,0,Inactive,exact,Cc1ccc(S(=O)(=O)Cc2ccc(C(=O)N3CCN(Cc4ccccc4)CC3)o2)cc1
CHEMBL392029,ERbeta,6.640,,1,0,Active,exact,Oc1ccc(C2Cc3ccc(O)cc3N(CC3CC3)C2)cc1
CHEMBL1544707,ERbeta,5.500,,1,1,,exact,O=C(Nc1ccc2c(c1)OCO2)c1cccc2c1C(=O)N(Cc1cccnc1)C2
CHEMBL1083178,ERbeta,7.570,,1,0,Active,exact,Oc1ccc2c(c1)O[C@H](c1ccc(OCCN3CCSCC3)cc1)C1=C2CCOc2cc(O)ccc21
CHEMBL1359987,ERbeta,,4.301,0,1,Inactive,censored,Cc1ccc(CCNS(=O)(=O)c2c[nH]cn2)cc1
CHEMBL1407157,ERbeta,,4.301,0,1,Inactive,censored,CCCCC(CC)C(=O)NCc1ccccc1OC
CHEMBL153115,ERbeta,7.700,,1,0,Active,exact,CN(CCCc1ccc(F)c(F)c1)c1nc(NCCc2ccc(O)cc2)nc(N2CCNCC2)n1
CHEMBL74757,ERbeta,6.480,,1,0,Active,exact,CC1Oc2cc(O)ccc2N=C1c1ccc(O)cc1
CHEMBL209269,ERbeta,7.720,,2,0,Active,exact,CCCC[C@@]12CCC(=O)C(C)=C1c1ccc(O)cc1C2
CHEMBL234733,ERbeta,,5.301,0,1,,censored,COc1ccc(N2C(=O)c3ccc(O)cc3C2=O)c(OC)c1
CHEMBL565,ERbeta,,4.523,0,1,Inactive,censored,CCOC(=O)C(C)(C)Oc1ccc(Cl)cc1
CHEMBL1016,ERbeta,,4.523,0,1,Inactive,censored,CCOc1nc2cccc(C(=O)O)c2n1Cc1ccc(-c2ccccc2-c2nnn[nH]2)cc1
CHEMBL194772,ERbeta,6.610,,1,0,Active,exact,Oc1ccc(-c2ccc3ccccc3c2)cc1
CHEMBL3212046,ERbeta,4.910,,1,0,Inactive,exact,CC(=N)/C(C#N)=C(/O)CSc1nnc(Nc2cccc(C)c2C)s1
CHEMBL4742181,ERbeta,7.490,,1,0,Active,exact,Oc1cccc(CC2CCc3cc(O)ccc32)c1
CHEMBL234463,ERbeta,9.060,,1,0,Active,exact,Oc1ccc([C@H]2Oc3ccc(O)cc3[C@H]3CCCCC[C@H]32)cc1
CHEMBL5076984,ERbeta,7.330,,3,0,Active,exact,CCC(=C(c1ccc(O)cc1)c1ccc(/C=C/C(=O)NCCCCCNC(=O)CCc2nc3cc(O)ccc3[nH]2)cc1)c1ccccc1
CHEMBL380844,ERbeta,6.550,,1,0,Active,exact,Cc1c(O)ccc2c1oc(=O)c1c(C)c(N)ccc12
CHEMBL1388051,ERbeta,5.885,,2,0,,exact,CC12CCC(=O)N1C(C(=O)OCC(=O)Nc1sccc1C#N)CS2
CHEMBL4791340,ERbeta,7.015,,2,0,Active,exact,CC/C(=C(/c1ccc(O)cc1)c1ccc(/C=C/C(=O)NCCCCNC(=O)/C=C/c2ccc(/C(=C(\CC)c3ccccc3)c3ccc(O)cc3)cc2)cc1)c1ccccc1
CHEMBL493702,ERbeta,,3.000,0,1,Inactive,censored,CC(C)CNc1cc(NCC(C)C)nc(Cl)n1
CHEMBL1469246,ERbeta,5.270,,1,0,,exact,CCOC(=O)N1CCN(c2cc(NCCC(=O)O)c3c4c(onc24)-c2ccccc2C3=O)CC1
CHEMBL188952,ERbeta,,4.523,0,1,Inactive,censored,CC(C(=O)O)c1ccc(N2CC=CC2)c(Cl)c1
CHEMBL364419,ERbeta,8.180,,1,0,Active,exact,O=Cc1cc(O)cc2cc(-c3ccc(O)cc3)oc12
CHEMBL1447732,ERbeta,4.810,,1,1,Inactive,exact,O=C(Nc1cccc2cccc(NC(=O)c3ccco3)c12)c1ccco1
CHEMBL701,ERbeta,,4.523,0,1,Inactive,censored,NCC(CC(=O)O)c1ccc(Cl)cc1
CHEMBL1504655,ERbeta,5.280,,2,0,,exact,Cc1ccc(C)n1-c1sccc1C(=O)O
CHEMBL219577,ERbeta,7.430,,1,0,Active,exact,CC(C)Cc1c(O)cc(O)c2c1O[C@H](c1ccc(O)cc1)CC2=O
CHEMBL181368,ERbeta,7.750,,1,0,Active,exact,C[C@@H]1c2c(ccc(O)c2F)O[C@@H](c2ccc(OCCN3CCCCCC3)cc2)[C@H]1c1ccc(O)cc1
CHEMBL443,ERbeta,,4.523,0,1,Inactive,censored,Cc1cc(NS(=O)(=O)c2ccc(N)cc2)no1
CHEMBL328675,ERbeta,7.580,,1,0,Active,exact,Oc1ccc2c(c1)CCN(c1ccccc1)C2c1cccs1
CHEMBL346455,ERbeta,8.020,,2,0,Active,exact,Oc1ccc(CCNc2nc(SCCCc3ccc(Cl)cc3)nc(N3CCNCC3)n2)cc1
CHEMBL30439,ERbeta,8.050,,2,0,Active,exact,Oc1ccc([C@@H]2Cc3ccc(O)cc3O[C@@H]2c2ccc(OCCN3CCCCC3)cc2)cc1
CHEMBL187087,ERbeta,8.520,,2,0,Active,exact,Oc1ccc(-c2nc3ccc(O)cc3o2)c(O)c1
CHEMBL549725,ERbeta,,5.000,0,1,,censored,CC(C(=O)N(C)C)N(CC(F)(F)F)c1ccc(C#N)c(C(F)(F)F)c1
CHEMBL396119,ERbeta,6.790,,1,0,Active,exact,C[C@H](CCc1ccc(O)cc1)NC(=O)Cc1c(-c2ccccc2)n(Cc2ccc(OCCCCN3CCCCC3)cc2)c2ccccc12
CHEMBL480,ERbeta,,4.523,0,1,Inactive,censored,Cc1c(OCC(F)(F)F)ccnc1C[S+]([O-])c1nc2ccccc2[nH]1
CHEMBL1950809,ERbeta,8.305,,2,0,Active,exact,N#C[C@@H](Cc1ccc(O)cc1)c1ccc(O)cc1
CHEMBL1309022,ERbeta,,4.301,0,1,Inactive,censored,CSc1ccccc1NC(=O)c1ccccc1N(Cc1ccccc1)S(C)(=O)=O
CHEMBL181936,ERbeta,7.920,,1,0,Active,exact,C[C@@H]1c2cc(O)ccc2O[C@@H](c2ccc(OCCN3CCCC3)cc2)[C@H]1c1ccc(O)cc1
CHEMBL3422050,ERbeta,7.670,,1,0,Active,exact,CC/C(=C(/c1ccc(O)cc1)c1ccc(OCCCN)cc1)c1ccccc1
CHEMBL187937,ERbeta,7.820,,2,0,Active,exact,C#Cc1cc(O)cc2nc(-c3ccc(O)cc3)oc12
CHEMBL1370,ERbeta,,5.000,0,1,,censored,CCCC1O[C@@H]2C[C@H]3[C@@H]4CCC5=CC(=O)C=C[C@]5(C)[C@H]4[C@@H](O)C[C@]3(C)[C@]2(C(=O)CO)O1
CHEMBL1480,ERbeta,,4.523,0,1,Inactive,censored,CCOC(=O)C1=C(C)NC(C)=C(C(=O)OC)C1c1cccc(Cl)c1Cl
CHEMBL93546,ERbeta,7.180,,1,0,Active,exact,Oc1ccc2c(c1)SC(c1ccc(F)cc1)C(c1ccc(OCCN3CCCCC3)cc1)O2
CHEMBL204272,ERbeta,6.750,,1,0,Active,exact,O=c1oc2c(Cl)c(O)ccc2c2cc(F)c(O)c(Cl)c12
CHEMBL4283040,ERbeta,6.290,,1,0,Active,exact,Oc1ccc(C23CCCC(CC2)CO3)cc1
CHEMBL5199803,ERbeta,6.990,,1,0,Active,exact,Cc1cc(C(=O)CNc2c(-c3ccc(O)cc3)c(=O)oc3cc(O)ccc23)ccc1OCCN1CCC=C(C(=O)O)C1
CHEMBL1466145,ERbeta,,4.301,0,1,Inactive,censored,Cc1nn(C)c(C)c1CN(C)C(=O)c1cnn2c1NC(c1ccccc1)CC2C(F)(F)F
CHEMBL32459,ERbeta,6.440,,2,0,Active,exact,Oc1ccc2cc(-c3ccc(O)c(O)c3)sc2c1
CHEMBL1439640,ERbeta,7.140,,1,0,Active,exact,COc1ccc(Cc2nnc(NC(=O)Cc3cccs3)s2)cc1
CHEMBL33263,ERbeta,,5.000,0,1,,censored,Cc1cc([C@@H]2C(=O)c3ccc(O)cc3O[C@@H]2c2ccc(OCCN3CCCCC3)cc2)cc(C)c1O
CHEMBL492485,ERbeta,,3.000,0,1,Inactive,censored,CC(C)CCc1cc(N(CC(C)C)C(=O)OC(C)(C)C)nc(NCc2ccccc2)n1
CHEMBL495135,ERbeta,,3.000,0,1,Inactive,censored,CC(C)CNc1cc(CCc2ccccc2)nc(NCc2ccccc2)n1
CHEMBL234637,ERbeta,7.660,,1,0,Active,exact,Oc1ccc([C@H]2Oc3ccccc3[C@H]3CCC[C@H]32)cc1
CHEMBL1601624,ERbeta,5.140,,1,1,,exact,Cc1cc(C)c(C(=O)COc2cccnc2[N+](=O)[O-])cc1C
CHEMBL1574843,ERbeta,,4.301,0,1,Inactive,censored,CCN1CCC(C(N)=O)CC1
CHEMBL220609,ERbeta,6.720,,1,0,Active,exact,Oc1ccc(-c2c(-c3ccc(OCCN4CCCCC4)cc3)nn3c(C(F)(F)F)cc(C(F)(F)F)nc23)cc1
CHEMBL206406,ERbeta,7.620,,1,0,Active,exact,Cc1c(O)ccc2c1oc(=O)c1c(Br)cc(Br)cc12
CHEMBL377560,ERbeta,5.740,,1,0,,exact,CCCC[C@]12CCC(=O)C(C)=C1c1ccc(O)cc1C2
CHEMBL1501367,ERbeta,,4.301,0,1,Inactive,censored,CC(C)CN(CCC(=O)O)CC(C)C
CHEMBL192586,ERbeta,8.050,,1,0,Active,exact,O=C1C(c2ccc(O)cc2)=C(c2ccccc2)c2ccc(O)cc21
CHEMBL1084746,ERbeta,4.380,,1,0,Inactive,exact,CC(C)=CCc1c([C@H]2CCc3ccc(O)cc3O2)ccc(O)c1O
CHEMBL209402,ERbeta,8.820,,1,0,Active,exact,CCCCC12CCC(=O)C(CCC)=C1c1ccc(O)cc1C2
CHEMBL4749692,ERbeta,5.970,,1,0,,exact,Oc1ccc(C(Cn2cnnc2)=C(c2ccc(O)cc2)c2ccc(O)cc2)cc1
CHEMBL347063,ERbeta,6.960,,1,0,Active,exact,COc1ccc(C(=O)N2CCN(c3nc(NCCc4ccc(O)cc4)nc(N(C)CCCc4ccc(Cl)cc4)n3)CC2)cc1
CHEMBL417126,ERbeta,,5.000,0,1,,censored,C[C@H]1C(=O)c2ccc(O)cc2O[C@@H]1c1ccc(OCCN2CCCCC2)cc1
CHEMBL470783,ERbeta,,5.000,0,1,,censored,CC[C@@]12C[C@H](O)[C@](O)(c3ccccc3)C[C@H]1CCc1cc(OCc3cccnc3C)ccc12
CHEMBL31089,ERbeta,6.720,,1,0,Active,exact,Cc1cc(O)cc2cc(-c3ccc(OCCN4CCCCC4)cc3)c3cc(C(C)O)ccc3c12
CHEMBL389907,ERbeta,6.810,,2,0,Active,exact,CS(=O)(=O)c1ccc(-c2sc3cc(O)ccc3c2Oc2ccc(OCCN3CCCCC3)cc2)cc1
CHEMBL4646745,ERbeta,,4.301,0,1,Inactive,censored,N#CC1=C(N)Oc2cc(O)ccc2C1c1ccc(OCCN2CCOCC2)cc1
CHEMBL50,ERbeta,,4.523,0,1,Inactive,censored,O=c1c(O)c(-c2ccc(O)c(O)c2)oc2cc(O)cc(O)c12
CHEMBL1542349,ERbeta,,4.301,0,1,Inactive,censored,Cc1cc(NC(=O)c2c(F)cccc2Cl)n(-c2nc3ccccc3[nH]2)n1
CHEMBL440251,ERbeta,7.320,,1,0,Active,exact,C#C[C@]1(O)CC[C@H]2[C@@H]3CCC4=CC(=O)CCC4=C3[C@@H](c3ccc(N(C)CCC[C@H]4[C@H](O)CC[C@@]5(C)[C@@H]4C[C@@H](O)[C@@H]4[C@@H]5C[C@H](O)[C@]5(C)[C@@H]([C@H](C)CCC(=O)O)CC[C@@H]45)cc3)C[C@@]21C
CHEMBL377565,ERbeta,5.380,,1,0,,exact,O=C1C=C2c3ccc(O)cc3CC2(Cc2ccccc2)CC1
CHEMBL132919,ERbeta,8.430,,1,0,Active,exact,C#CC(c1ccc(O)cc1)C(C#C)c1ccc(O)cc1
CHEMBL1510117,ERbeta,,4.301,0,1,Inactive,censored,O=C(Nc1ccc(F)cc1F)c1noc2c1CCC2
CHEMBL580,ERbeta,,4.523,0,1,Inactive,censored,O=C1Nc2ccc(Cl)cc2C(c2ccccc2Cl)=NC1O
CHEMBL193010,ERbeta,6.690,,1,0,Active,exact,Oc1cccc(-c2ccc3c(O)cccc3c2)c1
CHEMBL380838,ERbeta,6.945,,2,1,Active,exact,C=Cc1cc(C)cc2c(=O)oc3c(C)c(O)ccc3c12
CHEMBL5418690,ERbeta,7.640,,1,0,Active,exact,O=S(=O)(Oc1ccccc1)C1CC2OC1C(c1ccc(-n3ccnc3)cc1)=C2c1ccc(O)cc1
CHEMBL5612093,ERbeta,6.630,,1,0,Active,exact,O=C(Nc1cccc(Cl)c1)c1ccc(-c2ccc(O)cc2)s1
CHEMBL1347387,ERbeta,7.160,,1,0,Active,exact,O=C(Cc1cccs1)Nc1ccc(S(=O)(=O)Nc2ncccn2)cc1
CHEMBL1116,ERbeta,6.580,,3,0,Active,exact,Cl.O=C(c1ccc(OCCN2CCCCC2)cc1)c1c(-c2ccc(O)cc2)sc2cc(O)ccc12
CHEMBL238890,ERbeta,5.820,,1,0,,exact,COc1ccccc1[C@H](c1cccc2ccccc12)[C@@](C)(C#N)C(=O)N1CCC(c2cccc(C(F)(F)F)c2)CC1
CHEMBL356635,ERbeta,6.100,,1,0,Active,exact,CCN(CC)C(=O)N1CCN(c2nc(NCCc3ccc(O)cc3)nc(N(C)CCCc3ccc(Cl)cc3)n2)CC1
CHEMBL1502852,ERbeta,7.160,,1,1,Active,exact,CCOC(=O)c1cnn(-c2nc(SC)nc3sc4c(c23)CCC4)c1N
CHEMBL5409541,ERbeta,4.950,,1,0,Inactive,exact,COc1ccc(N(CC(F)(F)F)S(=O)(=O)C2CC3OC2C(c2ccc(OCCCCCC(=O)N[C@H](C(=O)N4C[C@H](O)C[C@H]4C(=O)NCc4ccc(-c5scnc5C)cc4)C(C)(C)C)cc2)=C3c2ccc(O)cc2)cc1
CHEMBL1381306,ERbeta,5.060,,2,0,,exact,COc1ccc2c(c1)c(=O)oc1cc(OCC(=O)N3CCC(C)CC3)ccc12
CHEMBL4240793,ERbeta,6.810,,1,0,Active,exact,CC[C@H](C)[C@H](NC(=O)[C@H](CCCCN)NC(=O)[C@H](Cc1cnc[nH]1)NC(=O)[C@H](CCCCN)NC(=O)[C@H](CCC(=O)O)NC(C)=O)C(=O)N[C@@H](CC(C)C)C(=O)N[C@@]1(C)CCC/C=C\CCC[C@@](C)(C(=O)N[C@@H](CC(=O)O)C(=O)N[C@@H](CO)C(N)=O)NC(=O)[C@H](CC(C)C)NC(=O)[C@H](CC(C)C)NC(=O)[C@H](CCCNC(=N)N)NC1=O
CHEMBL203283,ERbeta,6.380,,1,0,Active,exact,Cc1cc(O)ccc1-n1cnc2cc(O)cc(O)c2c1=O
CHEMBL388474,ERbeta,,5.000,0,1,,censored,O=C1c2ccccc2C(=O)N1c1ccc(O)cc1
CHEMBL377254,ERbeta,8.390,,1,0,Active,exact,CC[C@@]12CCC(=O)C(Cl)=C1c1ccc3[nH]ncc3c1C2=O
CHEMBL122208,ERbeta,7.570,,1,0,Active,exact,Oc1ccc([C@H]2Sc3cc(O)ccc3O[C@H]2CCCN2CCCCC2)cc1
CHEMBL370236,ERbeta,6.910,,1,0,Active,exact,C[C@]12CCC3C(CC=C4C[C@@H](O)CC[C@@]43/C=C/Cl)C1CC[C@@H]2O
CHEMBL186945,ERbeta,7.510,,2,0,Active,exact,Cc1cc(-c2noc3cc(O)ccc23)ccc1O
CHEMBL206727,ERbeta,7.680,,1,0,Active,exact,CCc1c(O)ccc2c1c(=O)oc1c(F)c(O)ccc12
CHEMBL93230,ERbeta,7.670,,1,0,Active,exact,O=S(=O)(c1cccc2ccccc12)N1CCc2cc(O)ccc2C1c1ccc(OCCN2CCCC2)cc1
CHEMBL193518,ERbeta,6.600,,2,0,Active,exact,O=c1oc2cc(O)ccc2c(Cc2ccccc2)c1-c1ccc(Cl)cc1
CHEMBL235497,ERbeta,6.040,,1,0,Active,exact,COC(=O)C1=C(N)Oc2cc(O)ccc2C1c1ccc(OCc2ccc(C)cc2)cc1
CHEMBL1565196,ERbeta,5.050,,1,1,,exact,Cc1ccc(S(=O)(=O)N2CCCCC2)cc1C(=O)Nc1nc[nH]n1
CHEMBL83623,ERbeta,6.790,,1,0,Active,exact,Oc1ccc2c(c1)S[C@H](c1cccs1)[C@H](c1ccc(OCCN3CCCCC3)cc1)O2
CHEMBL222501,ERbeta,6.970,,1,0,Active,exact,C=CCn1nc(-c2ccc(O)cc2O)c2cccc(C(F)(F)F)c21
CHEMBL203330,ERbeta,5.140,,1,0,,exact,O=c1c2c(O)cc(O)cc2ncn1-c1ccc(O)c(Cl)c1
CHEMBL1464837,ERbeta,,4.301,0,1,Inactive,censored,CCOC(=O)C1=C(O)/C(=C\c2ccc(CNC(=O)C(=O)Nc3ccc(C)c(C)c3)o2)N=C1C
CHEMBL180176,ERbeta,7.850,,1,0,Active,exact,O=C(c1ccc(N2CCN(c3ccc([N+](=O)[O-])cc3)CC2)cc1)c1c(-c2ccc(O)cc2)sc2cc(O)ccc12
CHEMBL4637118,ERbeta,5.800,,1,0,,exact,COC(=O)C1=C(N)Oc2cc(O)ccc2C1c1ccccc1
CHEMBL196509,ERbeta,,5.000,0,1,,censored,C[C@]12Cc3cnn(-c4ccc(F)cc4)c3C=C1CCCC21OCCO1
CHEMBL3617358,ERbeta,4.340,,1,0,Inactive,exact,Oc1ccc(C2C(c3cc(O)cc(O)c3)=C(Cc3ccc(Cl)cc3)c3cc(O)cc(O)c32)cc1
CHEMBL645,ERbeta,,4.523,0,1,Inactive,censored,CC(C)NCC(O)COc1ccc(COCCOC(C)C)cc1
CHEMBL1753,ERbeta,,4.523,0,1,Inactive,censored,CCC[C@@H]1C[C@@H](C(=O)N[C@@H]([C@H]2O[C@H](SC)[C@H](O)[C@@H](O)[C@H]2O)[C@H](C)Cl)N(C)C1
CHEMBL5920312,ERbeta,5.850,,1,0,,exact,CC(C)(c1ccc(O)cc1)c1cccc(C(C)(C)c2ccc(O)cc2)c1
CHEMBL1363249,ERbeta,5.620,,1,0,,exact,CCN1CCN(C(c2cccnc2)c2cc(Cl)c3cccnc3c2O)CC1
CHEMBL188410,ERbeta,6.150,,2,0,Active,exact,Oc1ccc2nc(-c3ccc(O)c(Cl)c3)oc2c1
CHEMBL363017,ERbeta,5.820,,2,0,,exact,Oc1ccc2nc(-c3ccc(O)c4ccccc34)oc2c1
CHEMBL363634,ERbeta,9.300,,1,0,Active,exact,N#Cc1cc(-c2ccc(O)cc2F)cc2ccc(O)cc12
CHEMBL199599,ERbeta,7.550,,1,0,Active,exact,Cn1cccc1-c1nc2ccccc2n1-c1ccc(O)cc1
CHEMBL1359893,ERbeta,5.060,,1,1,,exact,COc1ccc(Cl)cc1NC(=O)c1ocnc1C
CHEMBL2024376,ERbeta,8.510,,1,0,Active,exact,C[C@H]1CCN(CCOc2ccc(C(=O)c3c(-c4ccc(O)cc4)sc4cc(O)ccc34)cc2)C1
CHEMBL4207109,ERbeta,6.575,,2,0,Active,exact,O=S(=O)(Oc1ccccc1)[C@H]1C[C@@H]2O[C@@H]1C(c1ccc(O)cc1)=C2c1ccc(O)cc1
CHEMBL35,ERbeta,,4.523,0,1,Inactive,censored,NS(=O)(=O)c1cc(C(=O)O)c(NCc2ccco2)cc1Cl
CHEMBL1471193,ERbeta,5.040,,2,0,,exact,CCc1nc2sc3ccccc3c(=O)c2c(=O)n1Cc1ccco1
CHEMBL1084128,ERbeta,6.970,,1,0,Active,exact,CCN(CC)CCOc1ccc([C@H]2Oc3ccccc3C3=C2c2ccc(O)cc2OCC3)cc1
CHEMBL2332601,ERbeta,5.720,,1,0,,exact,Cc1cc(O)ccc1-c1ccc(-c2ccc(O)cc2Cl)s1
CHEMBL197757,ERbeta,7.360,,1,0,Active,exact,C=Cc1cc(-c2ccc(O)c(F)c2)nc2ccc(O)cc12
CHEMBL4747222,ERbeta,9.320,,1,0,Active,exact,Cc1cc(O)ccc1CC1(C#N)CCc2cc(O)ccc21
CHEMBL1549371,ERbeta,5.070,,1,0,,exact,CC(=O)Nc1ccc(OC(=O)CC2SC(=O)NC2=O)cc1
CHEMBL2181929,ERbeta,,4.000,0,1,Inactive,censored,CC1(C)Oc2cc(NS(C)(=O)=O)ccc2N(c2ccc(F)cc2)C1=O
CHEMBL232022,ERbeta,6.700,,1,0,Active,exact,O/N=C/c1cn(-c2ccc(O)cc2)c2ccccc12
CHEMBL1319815,ERbeta,,4.301,0,1,Inactive,censored,CCSc1nnc(Cc2cc(O)nc(O)n2)n1-c1cc(C)ccc1C
CHEMBL1367590,ERbeta,7.620,,1,1,Active,exact,O=C(COC(=O)c1cccc(S(=O)(=O)N2CCc3ccccc3C2)c1)NCc1ccco1
CHEMBL896,ERbeta,,4.523,0,1,Inactive,censored,OCCOCCN1CCN(C(c2ccccc2)c2ccc(Cl)cc2)CC1
CHEMBL178679,ERbeta,8.040,,1,0,Active,exact,O=C(c1ccc(N2CCN(c3ccc(Cl)cc3)CC2)cc1)c1c(-c2ccc(O)cc2)sc2cc(O)ccc12
CHEMBL3775434,ERbeta,6.580,,1,0,Active,exact,CC(=O)Oc1ccc(/C(=C(/C)c2ccccc2)c2ccc(OCCN3CCCC3)cc2)cc1
CHEMBL5087008,ERbeta,8.200,,2,0,Active,exact,CCC(=C(c1ccc(O)cc1)c1ccc(/C=C/C(=O)NCCNC(=O)CCc2nc3cc(O)ccc3[nH]2)cc1)c1ccccc1
CHEMBL494491,ERbeta,,3.000,0,1,Inactive,censored,CC(C)CCc1cc(NCC(C)C)nc(NCc2ccccc2)n1
CHEMBL1518528,ERbeta,,4.301,0,1,Inactive,censored,CCc1cc2c(=O)n(CC)c(SC(C)C(=O)Nc3c(C)n(C)n(-c4ccccc4)c3=O)nc2s1
CHEMBL5629871,ERbeta,6.360,,1,0,Active,exact,O=C(Nc1ccccc1F)c1ccc(-c2cccc(B(O)O)c2)s1
CHEMBL426073,ERbeta,7.320,,1,0,Active,exact,Oc1ccc(-c2nn3c(C(F)(F)F)cc(C(F)(F)F)nc3c2-c2ccc(O)cc2)cc1
CHEMBL195217,ERbeta,7.520,,1,0,Active,exact,Oc1cccc(-c2ccc3cc(O)ccc3c2)c1
CHEMBL523208,ERbeta,,3.000,0,1,Inactive,censored,c1ccc(CNc2cc(NCc3ccccc3)nc(NCc3ccccc3)n2)cc1
CHEMBL1495173,ERbeta,5.000,,1,0,,exact,O=C(O)c1sccc1Oc1ccccc1[N+](=O)[O-]
CHEMBL59271,ERbeta,,5.523,0,1,,censored,Cc1cc(-c2cc(-c3ccccc3)cc(N(C)CCc3ccccn3)n2)ccc1O
CHEMBL1083187,ERbeta,6.600,,1,0,Active,exact,O=C(O)CCOc1ccc([C@H]2Oc3cc(O)ccc3C3=C2c2ccc(O)cc2OCC3)cc1
CHEMBL4225078,ERbeta,7.640,,2,0,Active,exact,O=C(O)CCCOc1ccc(C2=C(c3ccc(O)cc3)CCOc3cc(F)ccc32)cc1
CHEMBL59184,ERbeta,5.950,,1,0,,exact,Cc1cc(-c2cc(-c3ccccc3)cc(N(C)Cc3ccccc3)n2)ccc1O
CHEMBL380876,ERbeta,6.520,,1,0,Active,exact,CO/C=C\[C@]12CC[C@H](O)CC1=CCC1C2CC[C@@]2(C)C1CC[C@@H]2O
CHEMBL1087290,ERbeta,,6.000,0,1,,censored,Oc1ccc2c(c1)O[C@@H](c1cccc(OCCN3CCSCC3)c1)C1=C2CCOc2cc(O)ccc21
CHEMBL2220442,ERbeta,,4.523,0,1,Inactive,censored,CC(C)n1c(/C=C/C(O)CC(O)CC(=O)O)c(-c2ccc(F)cc2)c2ccccc21
CHEMBL539220,ERbeta,6.770,,1,0,Active,exact,CC(Cc1ccc(O)cn1)c1ccc(O)cc1
CHEMBL1606722,ERbeta,4.770,,1,0,Inactive,exact,O=C(Cc1cccs1)Nc1nncs1
CHEMBL523138,ERbeta,6.960,,1,0,Active,exact,CCCCc1cc2ccccc2c(Oc2ccc(/C=C/C(=O)O)cc2)c1-c1ccc(F)cc1
CHEMBL2331567,ERbeta,6.690,,1,0,Active,exact,Oc1ccc(-c2cscc2-c2ccc(O)cc2Cl)c(Cl)c1
CHEMBL408,ERbeta,,4.523,0,1,Inactive,censored,Cc1c(C)c2c(c(C)c1O)CCC(C)(COc1ccc(CC3SC(=O)NC3=O)cc1)O2
CHEMBL209530,ERbeta,5.660,,1,0,,exact,O=C1CCC2(Cc3ccc(Cl)cc3)Cc3cc(O)ccc3C2=C1c1ccc(OCCN2CCCCC2)cc1
CHEMBL187671,ERbeta,5.800,,2,0,,exact,CC(C)(C)c1cc(-c2nc3ccc(O)cc3o2)ccc1O
CHEMBL1449334,ERbeta,,4.301,0,1,Inactive,censored,CSc1nnc(-c2ccco2)c(-c2ccco2)n1
CHEMBL240331,ERbeta,5.900,,2,0,,exact,O=C(CSc1nc(O)c2ccccc2n1)c1ccc(O)c(O)c1
CHEMBL1569157,ERbeta,4.840,,2,0,Inactive,exact,O=C(c1cc2ncc(Br)cn2n1)N1CCOCC1
CHEMBL2403359,ERbeta,5.805,,2,0,,exact,Cc1cc(C2(c3ccc(O)c(C)c3)CCCCC2)ccc1O
CHEMBL2403354,ERbeta,5.260,,1,0,,exact,Cc1cc(Cc2ccc(O)c(C)c2)ccc1O
CHEMBL406630,ERbeta,5.510,,1,0,,exact,Oc1ccc(-c2ccccc2)cc1Cl
CHEMBL470785,ERbeta,6.600,,1,0,Active,exact,C=CC[C@@]12CC[C@](O)(C#CC)C[C@H]1CCc1cc(O)ccc12
CHEMBL203072,ERbeta,8.640,,1,0,Active,exact,CCC1Oc2c(ccc(O)c2C)-c2c(C)cc(O)c(C)c21
CHEMBL3589349,ERbeta,6.455,,2,0,Active,exact,O=C(O)CCCCCCC(=O)Nc1ccc(OS(=O)(=O)C2CC3OC2C(c2ccc(O)cc2)=C3c2ccc(O)cc2)cc1
CHEMBL1442518,ERbeta,,4.301,0,1,Inactive,censored,Cc1occc1C(=O)NCCCc1ccccc1
CHEMBL32511,ERbeta,6.075,,2,0,Active,exact,Oc1ccc2cc(-c3ccccc3)sc2c1
CHEMBL2382124,ERbeta,4.750,,1,0,Inactive,exact,C/C(=C/C(=O)C[C@@H](C)[C@]1(C)CC[C@@]2(C)C3=CCC4C(C)(C)[C@H](O)CC[C@]4(C)[C@@H]3CC=C21)C(=O)O
CHEMBL1363590,ERbeta,,4.301,0,1,Inactive,censored,Cc1oc2nc(SCC(=O)NCCCO)nc(N)c2c1C
CHEMBL363705,ERbeta,7.380,,2,0,Active,exact,Oc1ccc(-c2nc3cc(O)c(Br)cc3o2)cc1F
CHEMBL214692,ERbeta,8.640,,1,0,Active,exact,CCCC[C@@]12CCC(=O)C(c3cccs3)=C1c1ccc3[nH]nnc3c1C2
CHEMBL1343453,ERbeta,5.015,,2,0,,exact,Nc1ccc(C(=O)O)c(O)c1.Nc1ccc(C(=O)O)c(O)c1
CHEMBL32072,ERbeta,6.070,,2,0,Active,exact,CCCc1cc(-c2cc3ccc(O)cc3s2)ccc1O
CHEMBL5398397,ERbeta,4.710,,1,0,Inactive,exact,Cc1ncsc1-c1ccc(CNC(=O)[C@@H]2C[C@@H](O)CN2C(=O)[C@@H](NC(=O)CCCCCOc2ccc(N(CC(F)(F)F)S(=O)(=O)C3CC4OC3C(c3ccc(O)cc3)=C4c3ccc(O)cc3)cc2)C(C)(C)C)cc1
CHEMBL3422030,ERbeta,6.700,,1,0,Active,exact,CCC(CC)=C(c1ccc(O)cc1)c1ccc(OCCN)cc1
CHEMBL187663,ERbeta,7.090,,2,0,Active,exact,CC(C)c1cc(O)cc2nc(-c3ccc(O)cc3)oc12
CHEMBL511812,ERbeta,6.180,,1,0,Active,exact,CC[C@@]12C[C@H](O)[C@](O)(c3ccccc3)C[C@H]1CCc1cc(O)ccc12
CHEMBL3234637,ERbeta,6.380,,1,0,Active,exact,Oc1ccc(/N=C(\c2ccc(O)cc2)c2ccc(O)cc2O)cc1
CHEMBL195165,ERbeta,5.385,,2,0,,exact,CCC1=N[C@H](c2ccc(OCCN3CCCCC3)cc2Cl)[C@H](c2ccc(O)cc2Cl)N1
CHEMBL1541353,ERbeta,5.870,,2,0,,exact,CCc1nc2oc3cc(OC)ccc3c(=O)c2c(=O)n1Cc1ccco1
CHEMBL4290089,ERbeta,6.380,,1,0,Active,exact,Cc1cc(-c2c[se]cc2-c2ccc(OCCN3CCCCC3)c(C)c2)ccc1O
CHEMBL243999,ERbeta,9.460,,1,0,Active,exact,N#Cc1cccc(-c2ccc3cc(O)ccc3c2Oc2ccc(OCCN3CCCCC3)cc2)c1
CHEMBL577241,ERbeta,8.150,,1,0,Active,exact,Oc1ccc(CCc2ccc(O)cc2)cc1
CHEMBL174502,ERbeta,6.345,,4,0,Active,exact,Cc1ccc(N2CCc3cc(O)ccc3C2(C)c2ccc(OCCN3CCCCC3)cc2)cc1
CHEMBL4647279,ERbeta,6.660,,1,0,Active,exact,COC(=O)C1=C(N)Oc2cc(O)ccc2C1c1ccc(OCCN2CCCCC2)cc1
CHEMBL71585,ERbeta,6.740,,1,0,Active,exact,Oc1ccc2c(c1)S[C@@H](c1ccccc1)[C@@H](c1ccc(OCCN3CCCCC3)cc1)O2
CHEMBL492455,ERbeta,,3.000,0,1,Inactive,censored,CC(C)CNc1cc(NCC(C)C)nc(CCc2cccc3ccccc23)n1
CHEMBL4246022,ERbeta,6.410,,1,0,Active,exact,CC[C@H](C)[C@@H]1NC(=O)[C@H](NC(=O)[C@@H](N)CCCCN)CSSC[C@H](C(=O)N[C@@H](CCCNC(=N)N)C(=O)N[C@@H](CC(C)C)C(=O)N[C@@H](CC(C)C)C(=O)N[C@@H](CCC(N)=O)C(N)=O)NC(=O)[C@H](CC(C)C)NC1=O
CHEMBL388473,ERbeta,,5.301,0,1,,censored,O=C1c2ccc(O)cc2C(=O)N1c1cccc(O)c1
CHEMBL1577175,ERbeta,,4.301,0,1,Inactive,censored,COCCCNc1nc2c(=O)[nH]c(=O)n(C)c2[nH]1
CHEMBL211887,ERbeta,8.960,,1,0,Active,exact,CC[C@@]12CCC(=O)C(Cl)=C1c1ccc3[nH]nc(F)c3c1C2
CHEMBL491433,ERbeta,7.320,,1,0,Active,exact,CCCCc1cc2ccccc2c(Oc2ccc(/C=C/C(=O)O)cc2)c1-c1ccc(O)cc1
CHEMBL294209,ERbeta,4.110,,1,1,Inactive,exact,O=S(=O)(Nc1nccs1)c1cc(Cl)ccc1Cl
CHEMBL365045,ERbeta,6.500,,1,0,Active,exact,Oc1cc(-c2ccco2)c2oc(-c3ccc(O)c(F)c3)nc2c1
CHEMBL79021,ERbeta,6.070,,1,0,Active,exact,O=c1c2ccc(O)cc2oc2c1oc1ccc(O)cc12
CHEMBL211667,ERbeta,6.500,,1,0,Active,exact,CCCC[C@]12CCC(=O)C(Br)=C1c1ccc(O)cc1C2
CHEMBL190025,ERbeta,6.820,,1,0,Active,exact,CCSC1=C(c2ccc(O)cc2)C(=O)c2cc(O)cc(O)c21
CHEMBL264862,ERbeta,6.510,,3,0,Active,exact,CC1Oc2cc(O)cc(O)c2N=C1c1ccc(O)cc1
CHEMBL3582112,ERbeta,,5.638,0,1,,censored,Cc1noc(C)c1-c1cc2c(c3c1CCC3)NC(C)(C)C(=O)C2(C)C
CHEMBL362356,ERbeta,7.800,,2,0,Active,exact,Oc1ccc(-c2nc3cc(O)c(Cl)cc3o2)cc1
CHEMBL5423408,ERbeta,6.020,,1,0,Active,exact,CCN(c1ccccc1)S(=O)(=O)C1CC2OC1C(c1cnn(C)c1)=C2c1ccc(O)cc1
CHEMBL4202433,ERbeta,6.595,,2,0,Active,exact,O=S(=O)(Oc1ccc(O)cc1)C1CC2OC1C(c1ccc(/C=C/c3cc(O)cc(O)c3)cc1)=C2c1ccc(O)cc1
CHEMBL5436925,ERbeta,,4.108,0,1,Inactive,censored,O=S(=O)(Oc1ccccc1Br)C1CC2OC1C(c1ccc(-n3ccnc3)cc1)=C2c1ccc(O)cc1
CHEMBL31333,ERbeta,6.130,,2,0,Active,exact,Cc1cc(-c2cc3ccc(O)cc3s2)ccc1O
CHEMBL60538,ERbeta,8.400,,1,0,Active,exact,Oc1ccc2c(c1)CCC(c1ccccc1)N2Cc1ccc(OCCN2CCCCC2)cc1
CHEMBL182404,ERbeta,7.350,,1,0,Active,exact,C[C@H]1CCN([C@@H](C)COc2ccc([C@@H]3Oc4ccc(O)cc4S[C@@H]3c3ccc(O)cc3)cc2)C1
CHEMBL183044,ERbeta,6.440,,1,0,Active,exact,C[C@H](CN1CCCC1)Oc1ccc([C@@H]2Oc3ccc(O)cc3S[C@@H]2c2ccc(O)cc2)cc1
CHEMBL3589366,ERbeta,6.010,,1,0,Active,exact,Cc1cccc(C)c1OS(=O)(=O)C1CC2OC1C(c1ccc(NC(=O)CCCCCCC(=O)O)cc1)=C2c1ccc(O)cc1
CHEMBL584092,ERbeta,,6.000,0,1,,censored,O=Cc1ccc2c(sc3nc4n(c(=O)c32)CCCCC4)c1Sc1ccccc1
CHEMBL2407647,ERbeta,4.820,,1,1,Inactive,exact,COc1cc(CNC(=O)[C@@]2(Cc3ccccc3)OC(=O)N([C@@H]3CCc4ccccc43)C2=O)cc(OC)c1
CHEMBL219467,ERbeta,6.750,,1,0,Active,exact,CN(C)CCOc1ccc(-c2c(-c3ccc(O)cc3)nn3c(C(F)(F)F)cc(C(F)(F)F)nc23)cc1
CHEMBL3234618,ERbeta,7.800,,1,0,Active,exact,Oc1ccc(C(=Nc2cccc(Cl)c2)c2ccc(O)cc2)cc1
CHEMBL3964502,ERbeta,,5.000,0,1,,censored,C[C@H](NC(=O)CO)[C@H](Oc1ccc2c(cnn2-c2ccc(F)cc2)c1)c1ccc(S(C)(=O)=O)cc1
CHEMBL1627354,ERbeta,8.050,,1,0,Active,exact,CCCCN(C)C(=O)CCCCCCCCCCS[C@@H]1Cc2cc(O)ccc2[C@H]2CC[C@]3(C)[C@@H](O)CC[C@H]3[C@@H]21
CHEMBL4642117,ERbeta,8.130,,3,0,Active,exact,Oc1ccc(C(c2ccc(O)cc2)C(Br)(Br)Br)cc1
CHEMBL198088,ERbeta,7.440,,1,0,Active,exact,Oc1ccc2nc(-c3cc(F)c(O)c(F)c3)cc(Br)c2c1
CHEMBL1494897,ERbeta,,4.301,0,1,Inactive,censored,Cc1c([C@H]2[C@@H](CC#N)C2(C)C)c2ccccc2n1C
CHEMBL5436713,ERbeta,5.360,,1,0,,exact,CCN(c1ccccc1)S(=O)(=O)C1CC2OC1C(c1ccc(-c3cnn(C)c3)cc1)=C2c1ccc(O)cc1
CHEMBL441457,ERbeta,6.980,,1,0,Active,exact,Oc1ccc([C@@H]2Sc3cc(O)cc(Cl)c3O[C@@H]2c2ccc(OCCN3CCCCC3)cc2)cc1
CHEMBL492453,ERbeta,,3.000,0,1,Inactive,censored,CC(C)CCc1nc(NCc2cccc3ccccc23)cc(NCC(C)C)n1
CHEMBL64391,ERbeta,,4.523,0,1,Inactive,censored,CCC(C)n1ncn(-c2ccc(N3CCN(c4ccc(OCC5COC(Cn6cncn6)(c6ccc(Cl)cc6Cl)O5)cc4)CC3)cc2)c1=O
CHEMBL3234619,ERbeta,8.050,,1,0,Active,exact,Oc1ccc(C(=Nc2ccc(Cl)cc2)c2ccc(O)cc2)cc1
CHEMBL3905734,ERbeta,7.150,,1,0,Active,exact,CCC(=C(c1ccc(N)cc1)c1ccc(N)cc1)c1ccc([N+](=O)[O-])cc1
CHEMBL3545017,ERbeta,7.820,,2,0,Active,exact,O=C(c1ccc(O)c(F)c1)N(c1ccc(O)cc1)c1ccc(F)cc1
CHEMBL4456753,ERbeta,8.210,,3,0,Active,exact,CC1(C)OB(c2ccc(CC(C#N)c3ccc(B4OC(C)(C)C(C)(C)O4)cc3)cc2)OC1(C)C
CHEMBL1593395,ERbeta,,4.301,0,1,Inactive,censored,CN1CCN(CC(=O)Nc2sc3c(c2C#N)CCC3)CC1
CHEMBL492889,ERbeta,,3.000,0,1,Inactive,censored,C(=C/c1cc(NCc2ccccc2)nc(NCc2cccc3ccccc23)n1)\c1ccccc1
CHEMBL1548361,ERbeta,5.435,,2,0,,exact,O=C(c1cccc(F)c1)N1CCN(C(=O)c2cc3ncc(Br)cn3n2)CC1
CHEMBL334798,ERbeta,8.850,,1,0,Active,exact,C#CC(Cc1ccc(O)cc1)c1ccc(O)cc1
CHEMBL385514,ERbeta,6.510,,1,0,Active,exact,CCCCC1=C2c3ccc(O)cc3CC2(Cc2ccccc2)CCC1=O
CHEMBL212418,ERbeta,7.960,,1,0,Active,exact,CCCC12CCC(=O)C(C)=C1c1ccc(O)cc1C2
CHEMBL376915,ERbeta,8.300,,1,0,Active,exact,CC(C)=CCc1c(O)cc(O)c2c1O[C@H](c1ccc(O)cc1)CC2=O
CHEMBL2113354,ERbeta,7.755,,2,0,Active,exact,Cl.Oc1ccc2c(c1)CC[C@H](c1ccccc1)[C@@H]2c1ccc(OCCN2CCCC2)cc1
CHEMBL3589352,ERbeta,6.670,,2,0,Active,exact,Cc1ccc(OS(=O)(=O)C2CC3OC2C(c2ccc(NC(=O)CCCCCCC(=O)O)cc2)=C3c2ccc(O)cc2)cc1
CHEMBL1600942,ERbeta,,4.301,0,1,Inactive,censored,COc1ccccc1NC(=O)NC(N)=O
CHEMBL595,ERbeta,,4.523,0,1,Inactive,censored,CCc1ccc(CCOc2ccc(CC3SC(=O)NC3=O)cc2)nc1
CHEMBL212419,ERbeta,6.910,,1,0,Active,exact,CC1=C2c3ccc(O)cc3CC2(C(C)C)CCC1=O
CHEMBL1407268,ERbeta,4.830,,1,1,Inactive,exact,COCCn1c(C)cc(C(=O)COC(=O)c2cc3c(s2)CCC3)c1C
CHEMBL424725,ERbeta,6.890,,1,0,Active,exact,O=C1CCC2(Cc3ccccc3)Cc3c(ccc4[nH]ncc34)C2=C1c1ccc(OCCN2CCCCC2)cc1
CHEMBL150466,ERbeta,7.050,,1,0,Active,exact,Oc1ccc(CCNc2nc(SCCOc3ccc(Cl)cc3)nc(N3CCNCC3)n2)cc1
CHEMBL61006,ERbeta,,4.523,0,1,Inactive,censored,CC(N)C(O)c1ccccc1
CHEMBL335412,ERbeta,8.310,,1,0,Active,exact,COC(=O)C(Cc1ccc(O)cc1)c1ccc(O)cc1
CHEMBL511971,ERbeta,8.060,,1,0,Active,exact,Oc1ccc(C2=C(c3ccc(OCCN4CCCCC4)cc3)c3ccc(F)cc3OCC2)cc1
CHEMBL5402392,ERbeta,,4.108,0,1,Inactive,censored,O=S(=O)(Oc1ccccc1C(F)(F)F)C1CC2OC1C(c1ccc(-n3ccnc3)cc1)=C2c1ccc(O)cc1
CHEMBL187392,ERbeta,7.320,,4,0,Active,exact,Oc1ccc(-c2nc3cc(O)ccc3o2)cc1
CHEMBL367350,ERbeta,7.600,,1,0,Active,exact,CC[C@@H](COc1ccc([C@@H]2Oc3ccc(O)cc3S[C@@H]2c2ccc(O)cc2)cc1)N1CCCC1
CHEMBL198411,ERbeta,8.370,,1,0,Active,exact,Oc1ccc(-c2cc(Br)c3cc(O)ccc3n2)cc1
CHEMBL285632,ERbeta,6.290,,1,0,Active,exact,O=C1c2ccccc2O[C@H](c2ccc(OCCN3CCCCC3)cc2)[C@@H]1c1ccc(O)cc1
CHEMBL1434189,ERbeta,6.020,,1,0,Active,exact,N#Cc1ccccc1N1CCN(C(=O)CCCCCn2c(=S)[nH]c3ccccc3c2=O)CC1
CHEMBL191710,ERbeta,8.480,,1,0,Active,exact,Oc1ccc(-c2ccc3c(Cl)c(O)ccc3c2)c(Cl)c1
CHEMBL226267,ERbeta,6.900,,2,0,Active,exact,COc1ccc(-c2sc3cc(O)ccc3c2Oc2ccc(OCCN3CCCCC3)cc2)cc1
CHEMBL672,ERbeta,,4.523,0,1,Inactive,censored,CC(C)OC(=O)C(C)(C)Oc1ccc(C(=O)c2ccc(Cl)cc2)cc1
CHEMBL432454,ERbeta,6.650,,1,0,Active,exact,O=C1c2ccc(OCCN3CCCCC3)cc2C(=O)C12C(c1ccc(O)cc1)=Cc1cc(O)ccc12
CHEMBL443774,ERbeta,,3.000,0,1,Inactive,censored,CC(C)CNc1cc(SCC(C)C)nc(NCC(C)C)n1
CHEMBL362966,ERbeta,7.920,,1,0,Active,exact,N#Cc1cc(-c2ccc(O)cc2)cc2ccc(O)c(Br)c12
CHEMBL6171637,ERbeta,5.940,,1,0,,exact,C=CCc1ccc(O)c(-c2ccc(OC(=O)CCC)c(CC=C)c2)c1
CHEMBL380032,ERbeta,8.270,,1,0,Active,exact,CCCC12CCC(=O)C(Br)=C1c1ccc3[nH]ncc3c1C2
CHEMBL195290,ERbeta,8.360,,1,0,Active,exact,C=Cc1cc(-c2ccc(O)c(F)c2)cc2ccc(O)cc12
CHEMBL4244651,ERbeta,6.750,,1,0,Active,exact,CC[C@H](C)[C@H](NC(=O)[C@H](C)NC(=O)[C@H](CCCNC(=N)N)NC(=O)[C@H](CCCCN)NC(=O)[C@H](Cc1c[nH]c2ccccc12)NC(C)=O)C(=O)N[C@@H](CC(C)C)C(=O)N[C@@H](CCCNC(=N)N)C(=O)N[C@@H](C)C(=O)N[C@@H](CC(C)C)C(=O)N[C@@H](CC(C)C)C(=O)N[C@@H](CCC(N)=O)C(=O)N[C@@H](CCC(=O)O)C(N)=O
CHEMBL493897,ERbeta,,3.000,0,1,Inactive,censored,CC(C)CCc1nc(NCC(C)C)cc(NCC(C)C)n1
CHEMBL1383031,ERbeta,6.440,,1,0,Active,exact,O=C(NCc1ccc2c(c1)OCO2)c1cc2ncc(Br)cn2n1
CHEMBL243790,ERbeta,8.380,,1,0,Active,exact,CCS(=O)(=O)c1ccc(-c2ccc3cc(O)ccc3c2Oc2ccc(OCCN3CCCCC3)cc2)cc1
CHEMBL193064,ERbeta,8.620,,1,0,Active,exact,CCc1cc(-c2ccc(O)c(F)c2)cc2ccc(O)cc12
CHEMBL1362841,ERbeta,4.780,,1,0,Inactive,exact,O=C(Cc1cccs1)Nc1ccccn1
CHEMBL377475,ERbeta,7.870,,1,0,Active,exact,CC12CCC(=O)C(Br)=C1c1ccc(O)cc1C2
CHEMBL2403356,ERbeta,6.850,,1,0,Active,exact,CCCC(CCC)(c1ccc(O)c(C)c1)c1ccc(O)c(C)c1
CHEMBL188957,ERbeta,7.960,,2,0,Active,exact,CCCc1cc(O)cc2nc(-c3ccc(O)cc3)oc12
CHEMBL1422039,ERbeta,,4.301,0,1,Inactive,censored,N#CCCS(=O)(=O)c1nnnn1-c1ccccc1
CHEMBL210143,ERbeta,7.820,,1,0,Active,exact,CCCCC1=C2c3ccc(O)cc3CC2(CCCC)CCC1=O
CHEMBL493097,ERbeta,,3.000,0,1,Inactive,censored,CC(C)CNc1nc(/C=C/c2ccccc2)cc(NCc2ccccc2)n1
CHEMBL1334493,ERbeta,,4.301,0,1,Inactive,censored,Cc1nccn1-c1ncnc2sc3c(c12)CCCC3
CHEMBL1230314,ERbeta,7.720,,5,0,Active,exact,C[C@]12CC[C@@H]3c4ccc(O)cc4CC[C@H]3[C@@H]1[C@@H](O)[C@@H](O)[C@@H]2O
CHEMBL365290,ERbeta,8.250,,1,0,Active,exact,Cc1cc(O)cc2cc(-c3ccc(O)cc3)oc12
CHEMBL3213380,ERbeta,4.110,,1,1,Inactive,exact,CCOC(=O)C1=c2/c(=C/c3ccccc3OC)c(N)c(C#N)n2C(=O)C(c2ccccc2OC)S1
CHEMBL1596516,ERbeta,5.855,,2,0,,exact,O=C(COC(=O)c1ccccc1)NCc1ccco1
CHEMBL183090,ERbeta,8.280,,1,0,Active,exact,C[C@@H]1CCN([C@@H](C)COc2ccc([C@@H]3Oc4ccc(O)c(F)c4S[C@@H]3c3ccc(O)cc3)cc2)C1
CHEMBL3617360,ERbeta,5.250,,1,0,,exact,Cc1ccc([C@@H]2c3c(O)cc(O)cc3[C@H]3[C@H](c4ccc(O)cc4)c4c(O)cc(O)cc4[C@@H]23)cc1
CHEMBL134,ERbeta,,4.523,0,1,Inactive,censored,Clc1cccc(Cl)c1NC1=NCCN1
CHEMBL188882,ERbeta,7.270,,2,0,Active,exact,Oc1ccc(-c2noc3cc(O)ccc23)cc1
CHEMBL192187,ERbeta,6.705,,2,0,Active,exact,CN1CCC(c2ccc(C3c4ccc(O)cc4CCN3c3ccc(F)cc3)cc2)CC1
CHEMBL193482,ERbeta,9.900,,1,0,Active,exact,C[C@]12CC[C@@H]3c4ccc(O)cc4CC[C@H]3[C@@H]1C[C@@H](O)[C@@H]2O
CHEMBL4285636,ERbeta,6.480,,1,0,Active,exact,Oc1ccc(-c2c[se]cc2-c2ccc(OCCN3CCCCC3)cc2Cl)c(Cl)c1
CHEMBL1201388,ERbeta,,4.523,0,1,Inactive,censored,C[C@]12CCC(=O)C=C1CC[C@H]1[C@@H]3CC[C@](O)(C(=O)CO)[C@@]3(C)C[C@H](O)[C@@]12F
CHEMBL2403361,ERbeta,5.660,,1,0,,exact,CCCC(CCC)(c1ccc(O)cc1)c1ccc(O)cc1
CHEMBL4202476,ERbeta,4.630,,1,0,Inactive,exact,COC(=O)c1cccc(OCc2oc(-c3ccccc3OC)nc2C)c1
CHEMBL643,ERbeta,,4.523,0,1,Inactive,censored,CC(CN1c2ccccc2Sc2ccccc21)N(C)C
CHEMBL1576714,ERbeta,,4.301,0,1,Inactive,censored,COCC(=O)Nc1nnc(Cc2ccc(OC)cc2)s1
CHEMBL1516388,ERbeta,,4.301,0,1,Inactive,censored,CC(=O)O.Cc1cc2c(C(C)C)c(O)c(O)c(C=O)c2c(O)c1-c1c(C)cc2c(C(C)C)c(O)c(O)c(C=O)c2c1O
CHEMBL4214125,ERbeta,7.300,,1,0,Active,exact,O=S(=O)(Oc1cccc(Br)c1)C1CC2OC1C(c1ccc(/C=C/c3cc(O)cc(O)c3)cc1)=C2c1ccc(O)cc1
CHEMBL135739,ERbeta,9.820,,1,0,Active,exact,CC[C@H](c1ccc(O)cc1)[C@@H](C#N)c1ccc(O)cc1
CHEMBL4283235,ERbeta,5.950,,1,0,,exact,Oc1ccc(-c2ccc(-c3ccc(OCCN4CCCC4)cc3F)[se]2)c(F)c1
CHEMBL437695,ERbeta,9.220,,1,0,Active,exact,C[C@@H]1CCN(CCOc2ccc([C@@H]3c4ccc(O)cc4CC[C@@H]3c3ccccc3)cc2)C1
CHEMBL1346172,ERbeta,5.310,,1,0,,exact,O=C(NCc1ccccn1)c1ccc2nc(-c3ccco3)c(-c3ccco3)nc2c1
CHEMBL200232,ERbeta,7.920,,1,0,Active,exact,Oc1ccc(-c2[nH]c3ccccc3c2-c2ccc(O)cc2)cc1
CHEMBL123025,ERbeta,7.060,,1,0,Active,exact,Oc1ccc([C@H]2Sc3cc(O)ccc3S[C@H]2c2ccc(OCCN3CCCC3)c(Br)c2)cc1
CHEMBL4761289,ERbeta,7.530,,2,0,Active,exact,O=C(/C=C/c1ccc(C(=C2CCCCC2)c2ccc(O)cc2)cc1)NCCCCNC(=O)/C=C/c1ccc(C(=C2CCCCC2)c2ccc(O)cc2)cc1
CHEMBL150503,ERbeta,5.380,,1,0,,exact,Oc1ccc(CCNc2nc(NC/C=C/c3ccccc3)nc(N3CCNCC3)n2)cc1
CHEMBL373095,ERbeta,8.000,,1,0,Active,exact,O=C1C(c2ccc(O)cc2)=C(c2ccccc2)c2cc(O)ccc21
CHEMBL372030,ERbeta,7.770,,1,0,Active,exact,Cc1c(O)ccc2cc(-c3ccc(O)cc3)ccc12
CHEMBL216334,ERbeta,6.850,,1,0,Active,exact,CC(C)(C)Cc1c(O)cc(O)c2c1O[C@H](c1ccc(O)cc1)CC2=O
CHEMBL13,ERbeta,,4.523,0,1,Inactive,censored,COCCc1ccc(OCC(O)CNC(C)C)cc1
CHEMBL212392,ERbeta,7.090,,1,0,Active,exact,CCCC12CCC(=O)C(C)=C1c1ccc3[nH]nnc3c1C2
CHEMBL1627464,ERbeta,10.600,,5,0,Active,exact,C#C[C@]1(O)CC[C@H]2[C@@H]3CCc4cc(O)ccc4[C@H]3CCC21C
CHEMBL4649834,ERbeta,4.890,,1,0,Inactive,exact,Oc1ccc(P(=S)(c2ccccc2)c2ccccc2)cc1
CHEMBL431698,ERbeta,7.770,,3,0,Active,exact,Oc1ccc(-c2cc3ccc(O)cc3s2)cc1
CHEMBL377616,ERbeta,6.210,,1,0,Active,exact,CCC12CCC(=O)C=C1c1ccc3[nH]ncc3c1C2
CHEMBL2332576,ERbeta,4.970,,1,0,Inactive,exact,Cc1cc(-c2ccc(O)cc2F)sc1-c1ccc(O)cc1F
CHEMBL372808,ERbeta,8.640,,1,0,Active,exact,Cc1c(-c2ccc(O)cc2)n(Cc2ccc(OC[C@H](C)N3CCCC3)cc2)c2ccc(O)cc12
CHEMBL231810,ERbeta,8.400,,1,0,Active,exact,O/N=C/c1ccc(-c2ccc(O)c(F)c2)c2ccccc12
CHEMBL1404955,ERbeta,,4.301,0,1,Inactive,censored,CCOc1cc(NC(=O)c2cccs2)c(OCC)cc1NC(=O)c1ccco1
CHEMBL187673,ERbeta,7.300,,2,0,Active,exact,Oc1ccc(-c2nc3ccc(O)cc3o2)cc1
CHEMBL189080,ERbeta,7.920,,2,0,Active,exact,Oc1ccc2c(-c3ccc(O)c(Br)c3)noc2c1
CHEMBL519051,ERbeta,7.350,,1,0,Active,exact,Oc1ccc(-c2nc3cc(O)cc(/C=C/Br)c3o2)cc1
CHEMBL202894,ERbeta,5.240,,1,0,,exact,CCc1nc2cc(O)cc(O)c2c(=O)n1-c1ccc(O)cc1
CHEMBL17157,ERbeta,,4.523,0,1,Inactive,censored,CC(C)(C)c1ccc(C(O)CCCN2CCC(C(O)(c3ccccc3)c3ccccc3)CC2)cc1
CHEMBL3589362,ERbeta,6.470,,2,0,Active,exact,O=C(O)CCCCCCC(=O)Nc1ccc(C2=C(c3ccc(O)cc3)C3CC(S(=O)(=O)Oc4ccc(Cl)cc4)C2O3)cc1
CHEMBL185890,ERbeta,7.920,,2,0,Active,exact,N#Cc1cc(O)ccc1-c1noc2cc(O)ccc12
CHEMBL502,ERbeta,,4.523,0,1,Inactive,censored,COc1cc2c(cc1OC)C(=O)C(CC1CCN(Cc3ccccc3)CC1)C2
CHEMBL71,ERbeta,,4.523,0,1,Inactive,censored,CN(C)CCCN1c2ccccc2Sc2ccc(Cl)cc21
CHEMBL2111532,ERbeta,7.060,,2,0,Active,exact,Oc1ccc([C@@H]2Sc3cc(O)ccc3O[C@H]2c2ccc(OCCN3CCCCC3)cc2)cc1
CHEMBL1613004,ERbeta,4.970,,1,0,Inactive,exact,Oc1ccc(-c2cn3c(n2)SCC3)cc1O
CHEMBL367574,ERbeta,7.140,,1,0,Active,exact,C[C@@H]1CN(CCOc2ccc([C@@H]3Oc4ccc(O)cc4S[C@@H]3c3ccc(O)cc3)cc2)C[C@@H]1C
CHEMBL382698,ERbeta,5.640,,1,0,,exact,C=C(C)c1cc(O)cc2ncn(-c3ccc(O)cc3)c(=O)c12
CHEMBL6191979,ERbeta,,5.000,0,1,,censored,Cc1nc(-c2cc(F)c(F)c(O)c2F)sc1C(=O)N(Cc1ccc(Cl)cc1)C(C)C
CHEMBL3976935,ERbeta,,5.000,0,1,,censored,CSc1ccc([C@@H](Oc2ccc3c(cnn3-c3ccc(F)cc3)c2)[C@H](C)NS(=O)(=O)C2CC2)cc1
CHEMBL385680,ERbeta,9.520,,1,0,Active,exact,CC[C@@]12CCC(=O)C(C(F)(F)F)=C1c1ccc3[nH]nc(F)c3c1C2
CHEMBL370750,ERbeta,7.800,,1,0,Active,exact,CCc1nc2cc(O)ccc2c(Oc2ccc(/C=C/C(=O)NC(C)C)cc2)c1-c1ccccc1
CHEMBL361751,ERbeta,7.090,,1,0,Active,exact,Oc1ccc([C@H]2Sc3cc(O)ccc3O[C@H]2c2ccc(OCCCN3CCCC3)cc2)cc1
CHEMBL495337,ERbeta,,3.000,0,1,Inactive,censored,CC(C)CNc1nc(CCc2ccccc2)cc(NCc2ccccc2)n1
CHEMBL1097377,ERbeta,7.570,,3,0,Active,exact,C[C@]12CC[C@@H]3c4ccc(O)cc4CC[C@H]3[C@@H]1CC[C@@]2(O)c1ccc2c(c1)COC2
CHEMBL4537514,ERbeta,5.570,,1,0,,exact,CS(=O)(=O)c1ccc(C(CCCO[N+](=O)[O-])=C(c2ccccc2)c2ccccc2)cc1
CHEMBL1336564,ERbeta,4.840,,1,0,Inactive,exact,CC(=O)c1sc2nc(SCC(=O)N3CCCCC3)nc(O)c2c1C
CHEMBL5542291,ERbeta,5.470,,1,0,,exact,Cc1ncsc1-c1ccc([C@H](C)NC(=O)[C@@H]2C[C@@H](O)CN2C(=O)[C@@H](NC(=O)CCCOc2ccc(N(CC(F)(F)F)S(=O)(=O)C3CC4OC3C(c3ccc(-n5ccnc5)cc3)=C4c3ccc(O)cc3)cc2)C(C)(C)C)cc1
CHEMBL1095097,ERbeta,,4.000,0,4,Inactive,censored,COC(=O)[C@@H]1CC2=CC(=O)CC[C@]2(C)[C@@]23O[C@@H]2C[C@@]2(C)[C@@H](CC[C@@]24CCC(=O)O4)[C@H]13
CHEMBL182751,ERbeta,6.810,,2,0,Active,exact,C=Cc1c(Br)c(O)c(Br)c2nc(-c3ccc(O)c(F)c3)oc12
CHEMBL395308,ERbeta,8.300,,1,0,Active,exact,O/N=C/c1ccc(-c2ccc(O)cc2)c2ccccc12
CHEMBL1459655,ERbeta,5.560,,1,1,,exact,CC(=O)Nc1nonc1-c1nc2ccccc2n1N(C(C)=O)C(C)=O
CHEMBL1449293,ERbeta,4.350,,1,0,Inactive,exact,COc1cccc(C(=O)NC2CC3CCCC(C2)N3CC(=O)Nc2ccccc2)c1.Cl
CHEMBL1491936,ERbeta,4.760,,2,0,Inactive,exact,CCOC(=O)Cc1cc(O)n2nc(-c3ccc(C)cc3)cc2n1
CHEMBL197889,ERbeta,6.660,,1,0,Active,exact,CC(=O)c1cc(-c2ccc(O)cc2)nc2ccc(O)cc12
CHEMBL4853497,ERbeta,6.120,,1,0,Active,exact,COc1ccc2cc(-c3ccc4c(c3)OCO4)n([C@@H](COc3ccc([N+](=O)[O-])cc3)OC)c(=O)c2c1OC
CHEMBL182690,ERbeta,8.040,,1,0,Active,exact,C[C@@H]1CCN([C@@H](C)COc2ccc([C@@H]3Oc4ccc(O)c(F)c4S[C@@H]3c3cccc(O)c3)cc2)C1
CHEMBL629,ERbeta,,4.523,0,1,Inactive,censored,CN(C)CCC=C1c2ccccc2CCc2ccccc21
CHEMBL385693,ERbeta,7.920,,1,0,Active,exact,CC1=C2c3ccc(O)cc3C[C@@]23CC[C@H](C3)C1=O
CHEMBL1382806,ERbeta,,4.301,0,2,Inactive,censored,CCOC(=O)c1c(NS(=O)(=O)c2ccc(Br)cc2)sc2c1CCC2
CHEMBL1559680,ERbeta,4.670,,1,0,Inactive,exact,O=C1C2C3C=CC(C3)C2C(=O)N1c1cccc2cccnc12
CHEMBL11,ERbeta,,4.523,0,1,Inactive,censored,CN(C)CCCN1c2ccccc2CCc2ccccc21
CHEMBL185083,ERbeta,7.580,,1,0,Active,exact,Oc1ccc([C@H]2Sc3cc(O)ccc3O[C@H]2c2ccc(OCCN3CC4(CCC4)C3)cc2)cc1
CHEMBL235386,ERbeta,9.130,,1,0,Active,exact,CCOCc1cc(O)cc2c1O[C@@H](c1ccc(O)cc1)[C@H]1CCC[C@@H]21
CHEMBL22242,ERbeta,,4.523,0,1,Inactive,censored,CCN1CCC[C@H]1CNC(=O)c1c(OC)ccc(Br)c1OC
CHEMBL1445192,ERbeta,4.700,,1,1,Inactive,exact,COc1cccc(-c2[nH]nc3c2C(c2ccoc2)C(C#N)=C(N)O3)c1
CHEMBL241257,ERbeta,5.630,,1,0,,exact,C[C@H](CCc1ccc(O)cc1)NC(=O)Cc1c(-c2ccccc2)[nH]c2c(OCCCCCN3CCCCC3)cccc12
CHEMBL1300662,ERbeta,4.670,,1,0,Inactive,exact,C=CCn1c(=O)c(C#N)cc2c(=O)n3ccccc3nc21
CHEMBL184202,ERbeta,6.870,,2,0,Active,exact,Oc1ccc([C@H]2Sc3cc(O)ccc3O[C@H]2c2ccc(OCCN3CC4CC4C3)cc2)cc1
CHEMBL188517,ERbeta,8.660,,1,0,Active,exact,C=Cc1cc(O)cc2nc(-c3c(F)cc(O)cc3F)oc12
CHEMBL428647,ERbeta,,4.523,0,1,Inactive,censored,CC(=O)O[C@H]1C(=O)[C@@]2(C)[C@H]([C@H](OC(=O)c3ccccc3)[C@]3(O)C[C@H](OC(=O)[C@H](O)[C@@H](NC(=O)c4ccccc4)c4ccccc4)C(C)=C1C3(C)C)[C@]1(OC(C)=O)CO[C@@H]1C[C@@H]2O
CHEMBL2332573,ERbeta,5.240,,1,0,,exact,Oc1ccc(-c2ccsc2-c2ccc(O)cc2Cl)c(Cl)c1
CHEMBL195788,ERbeta,6.700,,1,0,Active,exact,O=[N+]([O-])c1c(O)ccc2cc(-c3ccc(O)cc3)ccc12
CHEMBL383518,ERbeta,7.040,,1,0,Active,exact,CCc1cc(O)cc2c(=O)oc3c(C)c(O)ccc3c12
CHEMBL523707,ERbeta,,3.000,0,1,Inactive,censored,CC(C)CCc1cc(NCc2ccccc2)nc(NCc2cccc3ccccc23)n1
CHEMBL5407335,ERbeta,,4.108,0,1,Inactive,censored,CN(c1ccccc1)S(=O)(=O)C1CC2OC1C(c1ccc(-n3ccnc3)cc1)=C2c1ccc(O)cc1
CHEMBL329630,ERbeta,7.560,,1,0,Active,exact,O=C(N1CCc2cc(O)ccc2C1c1ccccc1)C(F)(F)F
CHEMBL4243051,ERbeta,5.300,,1,0,,exact,CC[C@H](C)[C@H](NC(=O)[C@H](CCCCN)NC(=O)[C@H](Cc1cnc[nH]1)NC(C)=O)C(=O)N[C@@H](CC(C)C)C(=O)N[C@@H](Cc1cnc[nH]1)C(=O)N[C@@H](CCCNC(=N)N)C(=O)N[C@@H](CC(C)C)C(=O)N[C@@H](CC(C)C)C(=O)N[C@@H](CCC(N)=O)C(=O)N[C@@H](CC(=O)O)C(=O)N[C@@H](CO)C(N)=O
CHEMBL4755319,ERbeta,7.200,,2,0,Active,exact,CC/C(=C(/c1ccc(O)cc1)c1ccc(/C=C/C(=O)NCCCCCNC(=O)/C=C/c2ccc(/C(=C(\CC)c3ccccc3)c3ccc(O)cc3)cc2)cc1)c1ccccc1
CHEMBL198410,ERbeta,8.280,,1,0,Active,exact,Oc1ccc2nc(-c3ccc(O)c(F)c3)cc(Cl)c2c1
CHEMBL3360841,ERbeta,4.250,,1,0,Inactive,exact,O=C1C[C@H](c2ccc(O)cc2)N1c1ccc(O)cc1
CHEMBL187915,ERbeta,8.850,,1,0,Active,exact,Oc1ccc(-c2nc3cc(O)cc(Br)c3o2)c(F)c1
CHEMBL865,ERbeta,,4.523,0,1,Inactive,censored,Cc1onc(-c2ccccc2)c1-c1ccc(S(N)(=O)=O)cc1
CHEMBL391619,ERbeta,6.850,,1,0,Active,exact,CCCN1CC(c2ccc(O)cc2)Cc2ccc(O)cc21
CHEMBL3134122,ERbeta,9.400,,1,0,Active,exact,C[C@]12CCC(c3ccc(O)cc3)C[C@H]1CC[C@@H]2O
CHEMBL5220701,ERbeta,6.940,,1,0,Active,exact,COc1ccc(/C=C\c2cc(OC)c(OC)c(OC)c2)cc1OC(=O)N(C)CCOc1ccc(C(=C2CCC(C)CC2)c2ccc(O)cc2)cc1
CHEMBL1307923,ERbeta,4.490,,1,0,Inactive,exact,CN1CCN(C(c2cccnc2)c2ccc3cccnc3c2O)CC1
CHEMBL58,ERbeta,,4.523,0,1,Inactive,censored,O=C1c2c(O)ccc(O)c2C(=O)c2c(NCCNCCO)ccc(NCCNCCO)c21
CHEMBL3196509,ERbeta,6.430,,1,1,Active,exact,Cc1ccccc1-n1c(SC/C(O)=C(\C#N)c2nc3ccccc3[nH]2)nnc1-c1ccncc1
CHEMBL153113,ERbeta,6.050,,1,0,Active,exact,CN(CCCc1ccc(Cl)cc1)c1nc(NCCc2ccc(O)cc2)nc(N2CCN(c3ccccc3)CC2)n1
CHEMBL1215,ERbeta,,4.523,0,1,Inactive,censored,CNC[C@H](O)c1cccc(O)c1
CHEMBL1595629,ERbeta,,4.301,0,1,Inactive,censored,CCOc1ccccc1-c1nc(-c2cc3ccccc3nc2OC)no1
CHEMBL189963,ERbeta,,4.523,0,1,Inactive,censored,CC(=O)c1c(C)c2cnc(Nc3ccc(N4CCNCC4)cn3)nc2n(C2CCCC2)c1=O
CHEMBL4082196,ERbeta,7.960,,1,0,Active,exact,Cc1cc(O)ccc1-c1c(C)c2ccc(O)cc2oc1=O
CHEMBL202996,ERbeta,5.870,,1,0,,exact,Oc1ccc(-c2coc3cc(O)cc(O)c3c2=S)cc1
CHEMBL494121,ERbeta,,3.000,0,1,Inactive,censored,CC(C)CCc1cc(NCc2ccccc2)nc(NCc2ccccc2)n1
CHEMBL4225156,ERbeta,7.370,,1,0,Active,exact,CCN(CC)C(=O)/C=C/c1ccc(C2=C(c3ccc(O)cc3)CCOc3cc(F)ccc32)cc1
CHEMBL372029,ERbeta,6.030,,2,0,Active,exact,CN1CCC(c2ccc(C3c4ccc(O)cc4CCN3c3cccc(O)c3)cc2)CC1
CHEMBL358938,ERbeta,6.700,,1,0,Active,exact,CN(CCCc1ccc(Cl)cc1)c1nc(NCCc2ccc(O)cc2)nc(N2CCN(CC(=O)c3ccccc3)CC2)n1
CHEMBL33625,ERbeta,5.070,,1,0,,exact,O/N=C1\c2ccc(O)cc2O[C@H](c2ccc(OCCN3CCCCC3)cc2)[C@@H]1c1ccc(O)cc1
CHEMBL196577,ERbeta,,5.301,0,1,,censored,CC(O)c1cc(-c2ccc(O)c(F)c2)nc2ccc(O)cc12
CHEMBL204222,ERbeta,7.460,,1,0,Active,exact,C=CCc1cc(C)cc2c(=O)oc3c(C)c(O)ccc3c12
CHEMBL1440,ERbeta,,4.301,0,1,Inactive,censored,CN(C)[C@@H]1C(O)=C(C(N)=O)C(=O)[C@@]2(O)C(O)=C3C(=O)c4c(O)cccc4[C@@](C)(O)[C@H]3C[C@@H]12
CHEMBL78254,ERbeta,5.530,,1,0,,exact,O=c1c2ccc(O)cc2oc2c1sc1ccccc12
CHEMBL202896,ERbeta,7.160,,1,0,Active,exact,CCc1cc(OC)cc2c(=O)oc3c(C)c(O)ccc3c12
CHEMBL1427643,ERbeta,4.950,,2,0,Inactive,exact,COc1cc(C2C(C#N)=C(N)Oc3cc(C)oc(=O)c32)cc2c1OCO2
CHEMBL125119,ERbeta,6.940,,1,0,Active,exact,Oc1ccc([C@H]2Sc3cc(O)ccc3O[C@H]2c2ccc(C3CCNCC3)cc2)cc1
CHEMBL1014,ERbeta,,4.523,0,1,Inactive,censored,CCOc1nc2cccc(C(=O)OC(C)OC(=O)OC3CCCCC3)c2n1Cc1ccc(-c2ccccc2-c2nn[nH]n2)cc1
CHEMBL183889,ERbeta,8.220,,1,0,Active,exact,CC(=O)c1cc(O)cc2cc(-c3ccc(O)cc3)oc12
CHEMBL383253,ERbeta,7.800,,1,0,Active,exact,C/C=C\[C@]12CC[C@H](O)CC1=CCC1C2CC[C@@]2(C)C1CC[C@@H]2O
CHEMBL372304,ERbeta,5.920,,1,0,,exact,COc1cc(-c2ccc(O)cc2)nc2ccc(O)cc12
CHEMBL381622,ERbeta,7.280,,1,0,Active,exact,C=Cc1cc(OC)cc2c(=O)oc3c(C)c(O)ccc3c12
CHEMBL1400512,ERbeta,,4.301,0,1,Inactive,censored,CC(C)OP(=O)(OC(C)C)C1(NS(=O)(=O)c2ccccc2)C=C(Br)C(=O)c2ccccc21
CHEMBL5984335,ERbeta,4.600,,1,0,Inactive,exact,Cc1cc(C2(c3ccc(O)c(C)c3)c3ccccc3-c3ccccc32)ccc1O
CHEMBL2382120,ERbeta,4.140,,1,0,Inactive,exact,C=C(C)[C@@H]1[C@H](O)C[C@@H]2C(=CC[C@]3(C)[C@@H]([C@H](C)CC/C=C(\C)C(=O)OC)CC[C@@]23C)[C@@]1(C)CCC(=O)O
CHEMBL184367,ERbeta,7.290,,1,0,Active,exact,Oc1ccc([C@H]2Sc3cc(O)ccc3O[C@H]2c2ccc(OCCN3C4CCCC3CC4)cc2)cc1
CHEMBL310972,ERbeta,6.120,,1,0,Active,exact,O=c1c2sc3ccccc3c2oc2cc(O)cc(O)c12
CHEMBL428732,ERbeta,,5.000,0,1,,censored,C[C@H](CCc1ccc(O)cc1)NC(=O)Cc1c(-c2ccccc2)[nH]c2cccc(OCCN3CCCCC3)c12
CHEMBL1496618,ERbeta,,4.301,0,1,Inactive,censored,CCN(CC)C1=CC(=O)OC12CCCCC2
CHEMBL5409872,ERbeta,5.150,,1,0,,exact,CCN(c1ccc(OCCCCC(=O)N[C@H](C(=O)N2C[C@H](O)C[C@H]2C(=O)N[C@@H](C)c2ccc(-c3scnc3C)cc2)C(C)(C)C)cc1)S(=O)(=O)C1CC2OC1C(c1ccc(O)cc1)=C2c1ccc(O)cc1
CHEMBL5175759,ERbeta,,5.000,0,1,,censored,CN1CCN(CCN2C(=O)N(C)C3=C(C(=O)c4ccccc43)C2c2ccc(C(F)(F)F)cc2)CC1
CHEMBL3234616,ERbeta,7.350,,1,0,Active,exact,Cc1ccc(N=C(c2ccc(O)cc2)c2ccc(O)cc2)cc1
CHEMBL4209719,ERbeta,6.225,,2,0,Active,exact,Cc1cccc(OS(=O)(=O)C2CC3OC2C(c2ccc(/C=C/c4cc(O)cc(O)c4)cc2)=C3c2ccc(O)cc2)c1
CHEMBL1200500,ERbeta,,4.523,0,1,Inactive,censored,CCC(=O)OCC(=O)[C@@]1(OC(=O)CC)[C@@H](C)C[C@H]2[C@@H]3CCC4=CC(=O)C=C[C@]4(C)[C@@]3(Cl)[C@@H](O)C[C@@]21C
CHEMBL1172,ERbeta,,4.523,0,1,Inactive,censored,Clc1ccc2c(c1)CCc1cccnc1C2=C1CCNCC1
CHEMBL5088360,ERbeta,8.075,,2,0,Active,exact,CCC(=C(c1ccc(O)cc1)c1ccc(/C=C/C(=O)NCCCNC(=O)CCc2nc3cc(O)ccc3[nH]2)cc1)c1ccccc1
CHEMBL376359,ERbeta,,4.523,0,1,Inactive,censored,Cn1c(=O)cc(N2CCC[C@@H](N)C2)n(Cc2ccccc2C#N)c1=O
CHEMBL154,ERbeta,,4.523,0,1,Inactive,censored,COc1ccc2cc([C@H](C)C(=O)O)ccc2c1
CHEMBL380362,ERbeta,7.620,,1,0,Active,exact,Cc1cc(O)cc2c1-c1ccc(O)c(C)c1OC2C
CHEMBL15677,ERbeta,,4.523,0,1,Inactive,censored,O=C(O)Cc1ccccc1Oc1ccc(Cl)cc1Cl
CHEMBL291002,ERbeta,6.680,,1,0,Active,exact,CCCc1cc(O)cc2c1C(=O)[C@@H](c1ccc(O)cc1)[C@@H](c1ccc(OCCN3CCCCC3)cc1)O2
CHEMBL149806,ERbeta,7.520,,1,0,Active,exact,C=CCN1CCN(c2nc(NCCc3ccc(O)cc3)nc(N(C)CCCc3ccc(Cl)cc3)n2)CC1
CHEMBL214034,ERbeta,8.660,,1,0,Active,exact,CC[C@@]12CCC(=O)C(Br)=C1c1ccc3[nH]ncc3c1C2
CHEMBL3589694,ERbeta,7.420,,1,1,Active,exact,Cc1ccc(OS(=O)(=O)C2CC3OC2C(c2ccc(NC(=O)CCCCCCC(=O)NO)cc2)=C3c2ccc(O)cc2)cc1
CHEMBL3234629,ERbeta,5.790,,2,0,,exact,Cc1ccc(/N=C(\c2ccc(O)cc2)c2ccc(O)cc2O)cc1
CHEMBL209429,ERbeta,8.800,,1,0,Active,exact,CCCCC12CCC(=O)C(c3cccs3)=C1c1ccc(O)cc1C2
CHEMBL3589697,ERbeta,6.595,,2,0,Active,exact,COc1ccccc1OS(=O)(=O)C1CC2OC1C(c1ccc(NC(=O)CCCCCCC(=O)NO)cc1)=C2c1ccc(O)cc1
CHEMBL4076313,ERbeta,6.050,,1,0,Active,exact,Cc1c(-c2ccc(O)cc2Cl)c(=O)oc2cc(O)ccc12
CHEMBL334096,ERbeta,7.510,,1,0,Active,exact,Oc1ccc([C@H]2Sc3cc(O)ccc3O[C@H]2c2ccc(C3=CCNCC3)cc2)cc1
CHEMBL85,ERbeta,,4.523,0,1,Inactive,censored,Cc1nc2n(c(=O)c1CCN1CCC(c3noc4cc(F)ccc34)CC1)CCCC2
CHEMBL1517375,ERbeta,,4.301,0,1,Inactive,censored,C=CCn1c(SCc2cc(C(=O)OC)c(C)o2)nnc1-c1ccncc1
CHEMBL489183,ERbeta,7.520,,1,0,Active,exact,CCCCCCCCc1cc2cc(O)ccc2c(Oc2ccc(/C=C/C(=O)O)cc2)c1-c1ccccc1
CHEMBL129,ERbeta,,4.523,0,1,Inactive,censored,Cc1cn([C@H]2C[C@H](N=[N+]=[N-])[C@@H](CO)O2)c(=O)[nH]c1=O
CHEMBL193,ERbeta,,4.523,0,1,Inactive,censored,COC(=O)C1=C(C)NC(C)=C(C(=O)OC)C1c1ccccc1[N+](=O)[O-]
CHEMBL1389986,ERbeta,5.530,,1,1,,exact,CCS(=O)(=O)N1Cc2ccccc2CC1C(=O)N1CCN(c2cccc(C)c2C)CC1
CHEMBL1086389,ERbeta,6.980,,1,0,Active,exact,CN(C)CCOc1ccc([C@H]2Oc3ccccc3C3=C2c2ccc(O)cc2OCC3)cc1
CHEMBL150290,ERbeta,6.960,,1,0,Active,exact,CN(CCCc1ccc(Cl)cc1)c1nc(NCCc2ccc(O)cc2)nc(N2CCN(C(=O)CCc3ccccc3)CC2)n1
CHEMBL3589368,ERbeta,6.765,,2,0,Active,exact,O=C(O)CCCCCCC(=O)Nc1ccc(C2=C(c3ccc(O)cc3)C3CC(S(=O)(=O)Oc4ccc5ccccc5c4)C2O3)cc1
CHEMBL4094003,ERbeta,5.770,,1,0,,exact,Cl.c1ccc(-c2c3ccccc3nc3cc4ccccc4cc23)cc1
CHEMBL4638252,ERbeta,5.700,,1,0,,exact,B.Oc1ccc(P(c2ccccc2)c2ccccc2)cc1
CHEMBL5403786,ERbeta,5.640,,1,0,,exact,O=S(=O)(Oc1cccc(Br)c1)C1CC2OC1C(c1ccc(-n3ccnc3)cc1)=C2c1ccc(O)cc1
CHEMBL1387610,ERbeta,4.420,,1,1,Inactive,exact,c1ccc(-c2noc(-c3ccc4c(c3)OCO4)n2)nc1
CHEMBL379566,ERbeta,6.990,,1,0,Active,exact,CCC12CCC(=O)C(C)=C1c1ccc3[nH]nc(Br)c3c1C2
CHEMBL1389163,ERbeta,5.250,,1,1,,exact,COc1ccc2c(c1)c(=O)oc1cc(OCC(=O)N3CCc4ccccc4C3)ccc12
CHEMBL522172,ERbeta,,3.000,0,1,Inactive,censored,CC(C)CNc1cc(CCc2cccc3ccccc23)nc(NCc2cccc3ccccc23)n1
CHEMBL246140,ERbeta,6.110,,2,0,Active,exact,C=C[C@]12CCC(=O)C=C1CC[C@H]1[C@@H]3CC[C@H](O)[C@@]3(C)CC[C@@H]12
CHEMBL468,ERbeta,,4.523,0,1,Inactive,censored,O=C1CCC(N2C(=O)c3ccccc3C2=O)C(=O)N1
CHEMBL1524916,ERbeta,4.690,,1,0,Inactive,exact,CN(C)c1ncc(C2=C(Cl)C(=O)C(N3CCCC3)=C(Cl)C2=O)s1
CHEMBL2332594,ERbeta,5.710,,1,0,,exact,Oc1ccc(-c2ccc(-c3ccc(O)cc3Cl)s2)c(Cl)c1
CHEMBL3589351,ERbeta,6.420,,2,0,Active,exact,O=C(CCCCCCC(=O)Nc1ccc(OS(=O)(=O)C2CC3OC2C(c2ccc(O)cc2)=C3c2ccc(O)cc2)cc1)NO
CHEMBL334402,ERbeta,6.850,,1,0,Active,exact,N#C/C(=C\c1ccc(O)cc1)c1ccc(O)cc1
CHEMBL238960,ERbeta,5.430,,1,0,,exact,C[C@H](CCc1ccc(O)cc1)NC(=O)Cc1c(-c2ccccc2)[nH]c2c(OCCCCN3CCCCC3)cccc12
CHEMBL366928,ERbeta,7.740,,1,0,Active,exact,O=C(c1ccc(N2CCN(C3CCCC3)CC2)cc1)c1c(-c2ccc(O)cc2)sc2cc(O)ccc12
CHEMBL294889,ERbeta,6.070,,1,0,Active,exact,CC1=CC[C@@]2(CO)COC(c3ccc(O)cc3)[C@@H]1C2
CHEMBL1385771,ERbeta,,4.301,0,1,Inactive,censored,CCc1ccc(C(=O)Cn2ncc(Cl)c(Cl)c2=O)cc1
CHEMBL2382127,ERbeta,4.600,,1,0,Inactive,exact,C=C(C)[C@@H]1[C@H](O)C[C@@H]2C(=CC[C@]3(C)[C@@H]([C@H](C)CC/C=C(\C)C(=O)O)CC[C@@]23C)[C@@]1(C)CCC(=O)O
CHEMBL188613,ERbeta,7.180,,2,0,Active,exact,C=Cc1cc(O)cc2nc(-c3cc(F)c(O)cc3F)oc12
CHEMBL538148,ERbeta,8.960,,1,0,Active,exact,CC[C@H](c1ccc(O)cn1)[C@@H](C)c1ccc(O)cc1
CHEMBL1604803,ERbeta,5.190,,1,1,,exact,O=C(CSc1nnc(SCC(=O)c2ccco2)s1)c1ccco1
CHEMBL4750844,ERbeta,9.740,,1,0,Active,exact,Oc1ccc(CC2CCCc3cc(O)ccc32)cc1
CHEMBL438516,ERbeta,8.050,,1,0,Active,exact,O/N=C/c1c(Cl)cc(-c2ccc(O)c(F)c2)cc1Cl
CHEMBL491236,ERbeta,6.790,,1,0,Active,exact,CCCCc1cc2ccccc2c(Oc2ccc(/C=C/C(=O)O)cc2)c1-c1ccc(OC)cc1
CHEMBL1576748,ERbeta,4.970,,1,0,Inactive,exact,COc1ccc(NC(=O)c2ccco2)cc1N
CHEMBL1532174,ERbeta,5.755,,2,0,,exact,CC1(N2CCOCC2)CC2(O)C(=[N+]1[O-])CCc1nonc12
CHEMBL315838,ERbeta,,4.523,0,1,Inactive,censored,COc1ccc(C(=O)Nc2ccccc2CCC2CCCCN2C)cc1
CHEMBL495123,ERbeta,4.525,,2,0,Inactive,exact,Cc1nc(-c2ccc(O)c(O)c2)cs1
CHEMBL91758,ERbeta,8.960,,1,0,Active,exact,Oc1ccc2c(c1)S[C@@H](c1ccccc1O)[C@@H](c1ccc(OCCN3CCCCC3)cc1)O2
CHEMBL495338,ERbeta,,3.000,0,1,Inactive,censored,CC(C)CNc1nc(CCc2ccccc2)cc(NCc2cccc3ccccc23)n1
CHEMBL178559,ERbeta,6.770,,1,0,Active,exact,CC[C@@H]1c2cc(O)ccc2O[C@@H](c2ccc(OCCN3CCCCC3)cc2)[C@H]1c1ccc(O)cc1
CHEMBL782,ERbeta,,4.523,0,1,Inactive,censored,CCCCNC(=O)NS(=O)(=O)c1ccc(C)cc1
CHEMBL589,ERbeta,,4.523,0,1,Inactive,censored,CCCN(CCC)CCc1cccc2c1CC(=O)N2
CHEMBL957,ERbeta,,4.523,0,1,Inactive,censored,COc1ccccc1Oc1c(NS(=O)(=O)c2ccc(C(C)(C)C)cc2)nc(-c2ncccn2)nc1OCCO
CHEMBL245378,ERbeta,7.300,,1,0,Active,exact,C[C@]12CC[C@H]3[C@@H](CC=C4[C@H]5CC[C@]43CC[C@@H]5O)[C@@H]1CC[C@@H]2O
CHEMBL1307301,ERbeta,5.475,,2,0,,exact,CCN(c1ccccc1)S(=O)(=O)c1cc(C(=O)O)ccc1C
CHEMBL58486,ERbeta,6.180,,1,0,Active,exact,Cc1cc(-c2cc(-c3ccccc3)cc(N(C)CC(C)C)n2)ccc1O
CHEMBL1590,ERbeta,,4.523,0,1,Inactive,censored,CN[C@@H](C)[C@@H](O)c1ccccc1
CHEMBL1342721,ERbeta,,4.301,0,1,Inactive,censored,COc1ccc(Cn2nnnc2C(c2ccccc2OC)N2CCC(C(N)=O)CC2)cc1
CHEMBL1536177,ERbeta,4.650,,1,0,Inactive,exact,CC1CCCC(C)N1CC(=O)Nc1sc2c(c1C#N)CCC2
CHEMBL3588865,ERbeta,6.105,,2,0,Active,exact,O=C(O)CCCCCCC(=O)Nc1ccc(C2=C(c3ccc(O)cc3)C3CC(S(=O)(=O)Oc4ccccc4)C2O3)cc1
CHEMBL379213,ERbeta,5.020,,1,0,,exact,COc1cc(O)c2c(=O)n(-c3ccc(O)cc3)cnc2c1
CHEMBL4081898,ERbeta,6.460,,1,0,Active,exact,CCc1c(-c2ccc(O)cc2Cl)c(=O)oc2cc(O)ccc12
CHEMBL4205171,ERbeta,6.370,,2,0,Active,exact,O=S(=O)(Oc1ccc(Cl)cc1)C1CC2OC1C(c1ccc(/C=C/c3cc(O)cc(O)c3)cc1)=C2c1ccc(O)cc1
CHEMBL241303,ERbeta,5.910,,1,0,,exact,C[C@H](CCc1ccc(O)cc1)NC(=O)Cc1c(-c2ccccc2)[nH]c2cc(OCCN3CCCCC3)ccc12
CHEMBL4852827,ERbeta,6.220,,2,0,Active,exact,CCN(c1cccc(OC)c1)S(=O)(=O)C1CC2OC1C(c1ccc(NC(=O)CCCCCCC(=O)O)cc1)=C2c1ccc(O)cc1
CHEMBL182980,ERbeta,7.430,,1,0,Active,exact,C[C@H]1CN(CCOc2ccc([C@@H]3Oc4ccc(O)cc4S[C@@H]3c3ccc(O)cc3)cc2)C[C@@H]1C
CHEMBL4244604,ERbeta,7.600,,1,0,Active,exact,CSCC[C@H](NC(=O)[C@H](CC(C)C)NC(=O)[C@H](CC(C)C)NC(=O)[C@@H]1CCCN1C(=O)[C@@H](N)Cc1cnc[nH]1)C(=O)N[C@@H](CCCNC(=N)N)C(=O)N[C@@H](CC(C)C)C(=O)N[C@@H](CC(C)C)C(=O)N[C@@H](CC(C)C)C(=O)N[C@@H](CO)C(=O)N1CCC[C@H]1C(N)=O
CHEMBL1457,ERbeta,,4.523,0,1,Inactive,censored,COc1ccc2c3c1O[C@H]1C(=O)CC[C@H]4[C@@H](C2)N(C)CC[C@]314
CHEMBL56306,ERbeta,8.310,,1,0,Active,exact,Oc1ccc(C2CCc3cc(O)ccc3N2Cc2ccc(OCCN3CCCC3)cc2)cc1
CHEMBL2382126,ERbeta,4.310,,1,0,Inactive,exact,C=CCc1ccc(OC)c(-c2cc(C=O)cc(O)c2O)c1
CHEMBL371192,ERbeta,6.290,,1,0,Active,exact,CCC1=C(c2ccc(O)cc2)C(C(=O)Nc2ccc(OCCN(C)C)cc2)c2cc(O)ccc21
CHEMBL1255778,ERbeta,5.510,,1,0,,exact,Cl.NC(CO)C(=O)NNCc1ccc(O)c(O)c1O
CHEMBL5171110,ERbeta,,5.000,0,1,,censored,CN(CCOc1ccc(C2NC(=O)N(C)C3=C2C(=O)c2ccccc23)cc1)CCC(Oc1ccc(C(F)(F)F)cc1)c1ccccc1
CHEMBL3208465,ERbeta,5.660,,2,0,,exact,CC(=N)/C(C#N)=C(/O)CSc1nnnn1-c1ccc(C)cc1
CHEMBL4208749,ERbeta,6.640,,2,0,Active,exact,O=C(N/N=C/c1ccc2ccccc2c1)c1ccc(O)cc1
CHEMBL359774,ERbeta,7.090,,1,0,Active,exact,OC[C@@H]1CCCN1CCOc1ccc([C@@H]2Oc3ccc(O)cc3S[C@@H]2c2ccc(O)cc2)cc1
CHEMBL1405769,ERbeta,,4.301,0,1,Inactive,censored,Fc1ccc(CSc2ncnc3c2oc2ccccc23)cc1
CHEMBL361266,ERbeta,6.450,,2,0,Active,exact,COC(=O)c1cc(O)cc2nc(-c3ccc(O)cc3)oc12
CHEMBL4873312,ERbeta,5.020,,2,0,,exact,CCN(c1cccc(C)c1)S(=O)(=O)C1CC2OC1C(c1ccc(NC(=O)CCCCCCC(=O)O)cc1)=C2c1ccc(O)cc1
CHEMBL178665,ERbeta,8.430,,1,0,Active,exact,O=C(c1ccc(N2CCN(C(=O)c3cccc(Cl)c3)CC2)cc1)c1c(-c2ccc(O)cc2)sc2cc(O)ccc12
CHEMBL309245,ERbeta,7.500,,1,0,Active,exact,O=c1c2ccc(O)cc2oc2c1oc1cc(O)ccc12
CHEMBL1602295,ERbeta,,4.301,0,1,Inactive,censored,CCCNc1nc(N2CCOCC2)nc(N2CCOCC2)n1
CHEMBL208451,ERbeta,4.870,,1,0,Inactive,exact,O=c1c2c(O)cc(O)cc2nc(Cl)n1-c1ccc(O)cc1
CHEMBL1384049,ERbeta,4.590,,1,0,Inactive,exact,Cc1ccc(-n2c(=O)c(C#N)cc3c(=O)n4cccc(C)c4nc32)cc1
CHEMBL3235686,ERbeta,6.090,,1,0,Active,exact,CCC[Si](CCC)(c1ccc(O)c(C)c1)c1ccc(O)c(C)c1
CHEMBL1348907,ERbeta,,4.301,0,1,Inactive,censored,CC1CCCC(C)N1C(=O)Nc1cccc(Cl)c1
CHEMBL198445,ERbeta,7.570,,1,0,Active,exact,C#Cc1cc(-c2ccc(O)c(F)c2)nc2ccc(O)cc12
CHEMBL4225680,ERbeta,6.450,,1,0,Active,exact,CN1CCN(C(=O)/C=C/c2ccc(C3=C(c4ccc(O)cc4)CCOc4cc(F)ccc43)cc2)CC1
CHEMBL188527,ERbeta,5.980,,2,0,,exact,Oc1ccc2nc(-c3cccc4ccccc34)oc2c1
CHEMBL362476,ERbeta,5.960,,1,0,,exact,Oc1ccc(-n2nc3ccccc3c2Cl)cc1
CHEMBL1599080,ERbeta,5.310,,1,0,,exact,Cc1ccccc1C(=O)Oc1cccc2c(O)cccc12
CHEMBL214200,ERbeta,8.130,,1,0,Active,exact,CCCCC12CCC(=O)C(c3ccco3)=C1c1ccc3[nH]nnc3c1C2
CHEMBL1384172,ERbeta,,4.301,0,1,Inactive,censored,c1coc(-c2nc(-c3ccco3)c(-c3ccco3)nc2-c2ccco2)c1
CHEMBL572148,ERbeta,,6.000,0,1,,censored,CCCSC1=C(C=O)CCc2c1sc1nc3n(c(=O)c21)CCCCCC3
CHEMBL522542,ERbeta,,3.000,0,1,Inactive,censored,c1ccc(CCc2cc(NCc3ccccc3)nc(NCc3cccc4ccccc34)n2)cc1
CHEMBL445785,ERbeta,,3.000,0,1,Inactive,censored,CC(C)CCc1cc(N(C)CC(C)C)nc(NCC(C)C)n1
CHEMBL2382121,ERbeta,4.470,,1,0,Inactive,exact,C=C(C)[C@@H]1[C@H](O)C[C@@H]2[C@]3(CC[C@]4(C)[C@@H]([C@H](C)CC/C=C(\C)C(=O)O)CC[C@@]24C)C[C@]13CCC(=O)O
CHEMBL729,ERbeta,,4.523,0,1,Inactive,censored,Cc1cccc(C)c1OCC(=O)N[C@@H](Cc1ccccc1)[C@@H](O)C[C@H](Cc1ccccc1)NC(=O)[C@H](C(C)C)N1CCCNC1=O
CHEMBL382734,ERbeta,7.790,,1,0,Active,exact,CCN(CC)CCOc1ccc(Cn2c3ccc(O)cc3c3sc4cc(O)ccc4c32)cc1
CHEMBL599,ERbeta,,4.523,0,1,Inactive,censored,Cc1cnc(NC(=O)C2=C(O)c3ccccc3S(=O)(=O)N2C)s1
CHEMBL202673,ERbeta,7.660,,1,0,Active,exact,CCCC1Oc2c(ccc(O)c2C)-c2c(C)cc(O)cc21
CHEMBL30707,ERbeta,7.730,,5,0,Active,exact,O=c1oc2cc(O)ccc2c2oc3cc(O)ccc3c12
CHEMBL356668,ERbeta,8.100,,1,0,Active,exact,CN(CCCc1ccc(Cl)cc1)c1nc(NCCc2ccc(O)cc2)nc(N2CCN(Cc3ccccc3)CC2)n1
CHEMBL206226,ERbeta,7.310,,1,0,Active,exact,Cc1c(O)ccc2c1c(=O)oc1cc(O)ccc12
CHEMBL1465900,ERbeta,,4.301,0,1,Inactive,censored,Cn1c(=O)[nH]c(=O)c2c1nc1n2CCCN1CCc1ccccc1
CHEMBL3197284,ERbeta,4.850,,1,0,Inactive,exact,ON=C1/C(=N\O)CC2(C/C1=N/O)OCCO2
CHEMBL196742,ERbeta,6.680,,1,0,Active,exact,Oc1ccc2nc(-c3ccc(O)c(F)c3)cc(-c3ccccc3)c2c1
CHEMBL5413289,ERbeta,4.580,,1,0,Inactive,exact,Cc1ncsc1-c1ccc([C@H](C)NC(=O)[C@@H]2C[C@@H](O)CN2C(=O)[C@@H](NC(=O)CCCCCOc2ccc(N(CC(F)(F)F)S(=O)(=O)C3CC4OC3C(c3ccc(O)cc3)=C4c3ccc(O)cc3)cc2)C(C)(C)C)cc1
CHEMBL1423705,ERbeta,4.730,,1,0,Inactive,exact,Cc1cc(-c2nc3c4c5c(sc4nc(O)n3n2)CCC5)c(C)o1
CHEMBL3422029,ERbeta,7.310,,1,0,Active,exact,CC/C(=C(/c1ccc(O)cc1)c1ccc(OCCN)cc1)c1ccc(F)cc1
CHEMBL212276,ERbeta,6.430,,1,0,Active,exact,CCC12CCC(=O)C=C1c1ccc(O)cc1C2
CHEMBL241304,ERbeta,5.630,,1,0,,exact,C[C@H](CCc1ccc(O)cc1)NC(=O)Cc1c(-c2ccccc2)[nH]c2cc(OCCCN3CCCCC3)ccc12
CHEMBL1611750,ERbeta,5.500,,2,0,,exact,NC(=O)c1ccsc1NC(=O)COC(=O)Cc1ccsc1
CHEMBL1096975,ERbeta,6.760,,3,0,Active,exact,CCOC(=O)C1(C(=O)OCC)Cc2ccc([C@]3(O)CC[C@H]4[C@@H]5CCc6cc(O)ccc6[C@H]5CC[C@@]43C)cc2C1
CHEMBL5428681,ERbeta,6.410,,1,0,Active,exact,CCN(c1ccc(OC)cc1)S(=O)(=O)C1CC2OC1C(c1ccc(-n3cncn3)cc1)=C2c1ccc(O)cc1
CHEMBL5992161,ERbeta,8.220,,1,0,Active,exact,N#Cc1cc(O)cc2c(Br)cn(-c3ccc(O)cc3)c(=O)c12
CHEMBL1326803,ERbeta,,4.301,0,1,Inactive,censored,C/C=C/COC(=O)c1[nH]c2c(c1C)C(=O)CC(c1ccco1)C2
CHEMBL213838,ERbeta,6.640,,1,0,Active,exact,O=C1CCC2(Cc3ccccc3)Cc3cc(O)ccc3C2=C1c1ccc(OCCN2CCOCC2)cc1
CHEMBL4214635,ERbeta,6.490,,1,0,Active,exact,O=S(=O)(Oc1cccc(O)c1)C1CC2OC1C(c1ccc(/C=C/c3cc(O)cc(O)c3)cc1)=C2c1ccc(O)cc1
CHEMBL189541,ERbeta,5.940,,1,0,,exact,NC1=C(c2ccc(O)cc2)C(=O)c2cc(O)ccc21
CHEMBL1559043,ERbeta,5.890,,2,0,,exact,Cc1nn(-c2ccccc2)c(C)c1NC(=O)Cc1cccs1
CHEMBL1458938,ERbeta,4.850,,1,0,Inactive,exact,CCC(Sc1ncnc2sc(C)c(C)c12)C(=O)OC
CHEMBL66879,ERbeta,5.310,,1,0,,exact,O=C(O)/C=C/c1ccc(O)cc1
CHEMBL1403448,ERbeta,,4.301,0,1,Inactive,censored,O=C1c2ccccc2C(=O)N1c1ccc2[nH]c(-c3ccc(Br)o3)nc2c1
CHEMBL79,ERbeta,,4.523,0,1,Inactive,censored,CCN(CC)CC(=O)Nc1c(C)cccc1C
CHEMBL1086776,ERbeta,8.060,,1,0,Active,exact,Oc1ccc2c(c1)O[C@@H](c1ccc(OCCN3CCCC3)cc1)C1=C2CCOc2cc(O)ccc21
CHEMBL1377973,ERbeta,6.010,,2,0,Active,exact,O=C(c1cc2ncc(Br)cn2n1)N1CCN(C(=O)c2ccco2)CC1
CHEMBL707,ERbeta,,4.523,0,1,Inactive,censored,COc1cc2nc(N3CCN(C(=O)C4COc5ccccc5O4)CC3)nc(N)c2cc1OC
CHEMBL1467,ERbeta,,4.523,0,1,Inactive,censored,Oc1ncnc2[nH]ncc12
CHEMBL141,ERbeta,,4.523,0,1,Inactive,censored,Nc1ccn([C@@H]2CS[C@H](CO)O2)c(=O)n1
CHEMBL330756,ERbeta,5.660,,2,0,,exact,Cc1ccc(Cc2cncc(O)c2)cc1S(=O)(=O)O
CHEMBL1009,ERbeta,,4.523,0,1,Inactive,censored,N[C@@H](Cc1ccc(O)c(O)c1)C(=O)O
CHEMBL184371,ERbeta,7.400,,1,0,Active,exact,Oc1ccc([C@H]2Sc3cc(O)ccc3O[C@H]2c2ccc(OCCN3CC4CC5CC(C4)CC3C5)cc2)cc1
CHEMBL3960585,ERbeta,7.680,,2,0,Active,exact,COC[C@@H]1C[C@@H]2[C@H](CCC3C(O)CC[C@H]32)c2ccc(O)cc21
CHEMBL104,ERbeta,,4.523,0,1,Inactive,censored,Clc1ccccc1C(c1ccccc1)(c1ccccc1)n1ccnc1
CHEMBL192025,ERbeta,6.600,,1,0,Active,exact,CCc1nc2cc(O)ccc2c(Oc2ccc(/C=C/C(=O)O)cc2)c1-c1cccc(C(F)(F)F)c1
CHEMBL1000,ERbeta,,4.523,0,1,Inactive,censored,O=C(O)COCCN1CCN(C(c2ccccc2)c2ccc(Cl)cc2)CC1
CHEMBL372337,ERbeta,8.510,,1,0,Active,exact,C[C@@H]1CCN(CCOc2ccc(C(=O)c3c(-c4ccc(O)cc4)sc4cc(O)ccc34)cc2)C1
CHEMBL3576885,ERbeta,5.580,,1,0,,exact,C[C@H](c1ccc(F)cc1)N1C(=O)O[C@](Cc2ccccc2)(c2nc3cc(-c4cc[nH]n4)ccc3[nH]2)C1=O
CHEMBL5184399,ERbeta,7.010,,1,0,Active,exact,Cc1cc(N2Nc3cc(O)ccc3-c3c2c2ccc(O)cc2oc3=O)ccc1OCCN1CCC=C(C(=O)O)C1
CHEMBL381566,ERbeta,7.850,,1,0,Active,exact,C#C[C@]1(O)CCC2C3CC=C4C[C@@H](O)CC[C@]4(C=C)C3CC[C@@]21C
CHEMBL206814,ERbeta,6.600,,1,0,Active,exact,CCCCc1nc2cc(O)cc(O)c2c(=O)n1-c1ccc(O)cc1
CHEMBL3189499,ERbeta,4.895,,2,0,Inactive,exact,CC(C)(C)c1nnc2sc(SC/C(O)=C(\C#N)c3nc4ccccc4[nH]3)nn2c1=O
CHEMBL77609,ERbeta,7.050,,1,0,Active,exact,CCC1Oc2cc(O)cc(C)c2N=C1c1ccc(O)c(Br)c1
CHEMBL370849,ERbeta,7.700,,1,0,Active,exact,Oc1ccc2c(c1)sc1c3cc(O)ccc3n(Cc3ccc(OCCN4CCCC4)cc3)c21
CHEMBL211816,ERbeta,8.960,,1,0,Active,exact,CCCC[C@@]12CCC(=O)C(CC)=C1c1ccc3[nH]ncc3c1C2
CHEMBL180300,ERbeta,7.350,,2,0,Active,exact,C[C@@H](COc1ccc([C@@H]2Oc3ccc(O)cc3S[C@@H]2c2ccc(O)cc2)cc1)N1CCCC1
CHEMBL1413056,ERbeta,4.710,,1,0,Inactive,exact,O=c1cc(CSc2nnc(-c3cccs3)n2Cc2ccccc2)nc2sc3ccccc3n12
CHEMBL327471,ERbeta,6.460,,1,0,Active,exact,Cc1cc(O)cc2c1O[C@H](c1ccc(OCCN3CCCCC3)cc1)[C@H](c1ccc(O)cc1)S2
CHEMBL1561864,ERbeta,4.780,,1,0,Inactive,exact,CSCCC(NC(=O)c1ccco1)C(=O)OCC(=O)Nc1sccc1C#N
CHEMBL493904,ERbeta,,3.000,0,1,Inactive,censored,CC(C)CN(C)c1cc(CCc2cccc3ccccc23)nc(N(C)CC(C)C)n1
CHEMBL215409,ERbeta,8.820,,1,0,Active,exact,CC[C@@]12CCC(=O)C(C(F)(F)F)=C1c1ccc3[nH]ncc3c1C2=O
CHEMBL430395,ERbeta,7.190,,1,0,Active,exact,C=C[C@]12CCC(Cl)=CC1=CC[C@H]1[C@@H]3CC[C@H](O)[C@@]3(C)CC[C@@H]12
CHEMBL404271,ERbeta,,4.523,0,1,Inactive,censored,C[C@H]1O[C@H](O[C@H]2[C@H](O)[C@@H](O)[C@@H](O[C@H]3[C@H](O)[C@@H](O)C(O)O[C@@H]3CO)O[C@@H]2CO)[C@H](O)[C@@H](O)[C@@H]1N[C@H]1C=C(CO)[C@@H](O)[C@H](O)[C@H]1O
CHEMBL1729,ERbeta,,4.523,0,1,Inactive,censored,COc1cc(N)c(Cl)cc1C(=O)NC1CCN(CCCOc2ccc(F)cc2)CC1OC
CHEMBL452,ERbeta,,4.523,0,1,Inactive,censored,O=C1CN=C(c2ccccc2Cl)c2cc([N+](=O)[O-])ccc2N1
CHEMBL4225954,ERbeta,6.230,,1,0,Active,exact,CCN(CC)CCNC(=O)/C=C/c1ccc(C2=C(c3ccc(O)cc3)CCOc3cc(F)ccc32)cc1
CHEMBL1446793,ERbeta,,4.301,0,1,Inactive,censored,N#CC(C(=O)Nc1ccccc1)=C1CCCCC1
CHEMBL359671,ERbeta,7.720,,1,0,Active,exact,C[C@H]1CCN([C@@H](C)COc2ccc([C@@H]3Oc4ccc(O)c(F)c4[C@@H](C)[C@@H]3c3ccc(O)cc3)cc2)C1
CHEMBL202733,ERbeta,4.350,,1,0,Inactive,exact,CCOc1cc(O)cc2ncn(-c3ccc(O)cc3)c(=O)c12
CHEMBL369724,ERbeta,7.820,,1,0,Active,exact,C[C@@H]1CCN(CCOc2ccc([C@@H]3Oc4ccc(O)cc4[C@@H](C)[C@@H]3c3ccc(O)cc3)cc2)C1
CHEMBL2403346,ERbeta,6.420,,1,0,Active,exact,CCC(CC)(c1ccc(O)cc1)c1ccc(O)c(C)c1
CHEMBL493502,ERbeta,,3.000,0,1,Inactive,censored,CC(C)CSc1cc(CCc2ccccc2)nc(SCC(C)C)n1
CHEMBL3234620,ERbeta,7.620,,1,0,Active,exact,Oc1ccc(C(=Nc2cccc(C(F)(F)F)c2)c2ccc(O)cc2)cc1
CHEMBL3961452,ERbeta,6.460,,1,0,Active,exact,CCC(=C(c1ccc(N)cc1)c1ccc(NCC(N)=O)cc1)c1ccc([N+](=O)[O-])cc1
CHEMBL363412,ERbeta,7.460,,1,0,Active,exact,Oc1ccc2c(c1)sc1c3ccccc3n(Cc3ccc(OCCN4CCCCC4)cc3)c21
CHEMBL30769,ERbeta,5.920,,1,0,,exact,C[C@@H]1C(=O)c2c(O)cc(O)cc2O[C@@H]1c1ccc(OCCN2CCCCC2)cc1
CHEMBL379889,ERbeta,7.100,,2,0,Active,exact,Cc1cc(O)cc2ncn(-c3ccc(O)cc3)c(=S)c12
CHEMBL200719,ERbeta,6.770,,1,0,Active,exact,c1ccc(-c2[nH]c3ccccc3c2-c2ccccc2)cc1
CHEMBL1573735,ERbeta,,4.301,0,1,Inactive,censored,O=C1NC(c2ccc(Br)cc2)Nc2sc3c(c21)CCC3
CHEMBL590799,ERbeta,,4.523,0,1,Inactive,censored,CN(C)C(=O)COC(=O)Cc1ccc(OC(=O)c2ccc(NC(=N)N)cc2)cc1
CHEMBL153405,ERbeta,8.060,,2,0,Active,exact,CN(CCCc1ccc(Cl)cc1)c1nc(NCCc2ccc(O)cc2)nc(N2CCNCC2)n1
CHEMBL3099430,ERbeta,7.110,,2,0,Active,exact,CC[C@H](C)C1=CC[C@H]2[C@@H]3CCc4cc(O)ccc4[C@H]3CC[C@]12C
CHEMBL1469743,ERbeta,,4.301,0,2,Inactive,censored,O=Cc1ccc2oc3nc4n(c(=O)c3c(=O)c2c1)CCCS4
CHEMBL191974,ERbeta,7.795,,2,0,Active,exact,Oc1ccc(-c2ccc3cc(O)ccc3c2)cc1
CHEMBL376986,ERbeta,7.420,,1,0,Active,exact,CCCCC12CCC(=O)C(C#N)=C1c1ccc(O)cc1C2
CHEMBL475278,ERbeta,7.290,,1,0,Active,exact,O/N=C/c1cc(-c2ccc(O)c(F)c2)ccc1O
CHEMBL5832662,ERbeta,5.460,,1,0,,exact,Cc1cc(C(C)(c2ccccc2)c2ccc(O)c(C)c2)ccc1O
CHEMBL1082528,ERbeta,7.510,,1,0,Active,exact,Oc1ccc2c(c1)OCCC1=C2[C@H](c2ccc(OCCN3CCCCCC3)cc2)Oc2cc(F)ccc21
CHEMBL4869951,ERbeta,5.695,,2,0,,exact,CCN(c1ccccc1Br)S(=O)(=O)C1CC2OC1C(c1ccc(NC(=O)CCCCCCC(=O)O)cc1)=C2c1ccc(O)cc1
CHEMBL77620,ERbeta,7.050,,1,0,Active,exact,Cc1cc(O)cc2c1N=C(c1ccc(O)c(Br)c1)C(C)O2
CHEMBL5796693,ERbeta,6.890,,1,0,Active,exact,O=C(O)c1cc(O)cc2c(Br)cn(-c3ccc(O)cc3)c(=O)c12
CHEMBL1323006,ERbeta,5.485,,2,0,,exact,Cc1noc(C)c1COc1ccc(C(=O)OCC(=O)N2c3ccccc3NC(=O)C2(C)C)cc1
CHEMBL431611,ERbeta,7.510,,1,0,Active,exact,Oc1ccc2c(c1)S[C@H](C1CCCC1)[C@H](c1ccc(OCCN3CCCCC3)cc1)O2
CHEMBL1383746,ERbeta,5.050,,1,0,,exact,O=C(c1ccc2nc(-c3ccco3)c(-c3ccco3)nc2c1)N1CCC2(CC1)OCCO2
CHEMBL3261407,ERbeta,,5.301,0,1,,censored,Cc1cc(C)c(S(=O)(=O)N[C@@H](C)CNc2cccc3c2cnn3-c2ccc(F)cc2)c(C)c1
CHEMBL182887,ERbeta,7.350,,1,0,Active,exact,CC1(C)CCN(CCOc2ccc([C@@H]3Oc4ccc(O)cc4S[C@@H]3c3ccc(O)cc3)cc2)C1
CHEMBL2335811,ERbeta,4.330,,1,0,Inactive,exact,O=C1c2cc(O)cc(O)c2[C@@H](c2ccc(O)cc2)[C@@H]1c1cc(O)cc(O)c1
CHEMBL5195371,ERbeta,7.100,,1,0,Active,exact,Nc1ccc(-c2c(C(=O)c3ccc(OCCNS(=O)(=O)O)cc3)c3ccc(O)cc3oc2=O)cc1
CHEMBL442249,ERbeta,,5.000,0,1,,censored,C[C@H](CCc1ccc(O)cc1)NC(=O)Cc1c(-c2ccccc2)[nH]c2ccc(OCCCN3CCCCC3)cc12
CHEMBL490197,ERbeta,7.800,,1,0,Active,exact,O=C(O)/C=C/c1ccc(Oc2c(-c3ccccc3)c(C3CC3)cc3cc(O)ccc23)cc1
CHEMBL194774,ERbeta,7.700,,1,0,Active,exact,CCc1nc2cc(O)ccc2c(Oc2ccc(/C=C/C(=O)N(C)C)cc2)c1-c1ccccc1
CHEMBL335884,ERbeta,7.770,,1,0,Active,exact,C[C@@]12CCc3c(sc4cc(O)ccc34)[C@H]1CC[C@H]2O
CHEMBL2332580,ERbeta,5.650,,1,0,,exact,Oc1ccc(-c2cc(-c3ccc(O)cc3)c(-c3ccc(O)cc3)s2)cc1
CHEMBL5423781,ERbeta,5.450,,1,0,,exact,CCN(c1ccccc1)S(=O)(=O)C1CC2OC1C(c1ccc(-n3cncn3)cc1)=C2c1ccc(O)cc1
CHEMBL1460155,ERbeta,5.550,,1,0,,exact,OCCN1CCN(C(c2cccs2)c2ccc3cccnc3c2O)CC1
CHEMBL183333,ERbeta,8.680,,1,0,Active,exact,Oc1ccc2c(c1)CS[C@H](c1ccccc1)[C@@H]2c1ccc(OCCN2CCCC2)cc1
CHEMBL185918,ERbeta,8.300,,3,0,Active,exact,Oc1ccc2nc(-c3cccc4c(O)cccc34)oc2c1
CHEMBL206440,ERbeta,6.510,,1,0,Active,exact,C=Cc1ccc2c(c1)c(=O)oc1c(C)c(O)ccc12
CHEMBL182402,ERbeta,7.280,,2,0,Active,exact,C[C@@H]1CCN([C@@H](C)COc2ccc([C@@H]3Oc4ccc(O)cc4S[C@@H]3c3ccc(O)cc3)cc2)C1
CHEMBL83060,ERbeta,5.080,,1,0,,exact,Oc1ccc2c(c1)S[C@H](c1cccnc1)[C@H](c1ccc(OCCN3CCCCC3)cc1)O2
CHEMBL383753,ERbeta,6.360,,1,0,Active,exact,Cc1c(O)ccc2c1oc(=O)c1c(C)c(NS(C)(=O)=O)ccc12
CHEMBL1790041,ERbeta,,4.523,0,1,Inactive,censored,CNC(=C[N+](=O)[O-])NCCSCc1ccc(CN(C)C)o1
CHEMBL191646,ERbeta,6.225,,2,0,Active,exact,Oc1cccc(N2CCc3cc(O)ccc3C2c2ccc(N3CCN(C4CCCCC4)CC3)cc2)c1
CHEMBL191,ERbeta,,4.523,0,1,Inactive,censored,CCCCc1nc(Cl)c(CO)n1Cc1ccc(-c2ccccc2-c2nnn[nH]2)cc1
CHEMBL249904,ERbeta,7.140,,1,0,Active,exact,C#C[C@]1(O)CC[C@H]2[C@@H]3CC=C4C=C(C)CC[C@]4(C=C)[C@H]3CC[C@@]21C
CHEMBL276030,ERbeta,,5.301,0,1,,censored,O=C1c2ccc(O)cc2C(=O)N1c1ccccc1
CHEMBL3589361,ERbeta,6.920,,1,0,Active,exact,O=C(O)CCCCCCC(=O)Nc1ccc(C2=C(c3ccc(O)cc3)C3CC(S(=O)(=O)Oc4ccccc4O)C2O3)cc1
CHEMBL1416417,ERbeta,4.870,,1,1,Inactive,exact,O=C1NCCCC2c3cc(O)c4ccccc4c3OC12N1CCCCC1
CHEMBL331996,ERbeta,6.490,,1,0,Active,exact,Oc1ccc([C@H]2Sc3cc(O)ccc3S[C@H]2c2ccc(OCCN3CCCCC3)cc2)cc1
CHEMBL511492,ERbeta,6.580,,1,0,Active,exact,Fc1ccc(C2=C(c3ccc(OCCN4CCCC4)cc3)c3ccc(F)cc3OCC2)cc1
CHEMBL3902818,ERbeta,,5.000,0,1,,censored,C[C@H](NC(=O)C(F)(F)F)[C@H](Oc1ccc2c(cnn2-c2ccc(F)cc2)c1)c1ccc2ccccc2c1
CHEMBL1303477,ERbeta,4.800,,1,1,Inactive,exact,O=C(CSc1nnc(-c2ccc(OC(F)F)cc2)o1)NC(=O)NCc1ccco1
CHEMBL1352957,ERbeta,,4.301,0,1,Inactive,censored,Cc1cccc(-n2c(SCCC(=O)O)nnc2-c2cccs2)c1C
CHEMBL91740,ERbeta,6.880,,1,0,Active,exact,CCCc1ccc(S(=O)(=O)N2CCc3cc(O)ccc3C2c2ccc(OCCN3CCCC3)cc2)cc1
CHEMBL1381495,ERbeta,6.270,,1,0,Active,exact,CCOP(=O)(OCC)C1(NS(=O)(=O)c2ccccc2)C=C(Cl)C(=O)c2ccccc21
CHEMBL207362,ERbeta,,5.000,0,1,,censored,CC(C)(C)C(=O)Oc1ccc2c(c1)O[C@H](c1ccc(OCCN3CCCCC3)cc1)C1=C2COc2cc(OC(=O)C(C)(C)C)ccc21
CHEMBL1331084,ERbeta,,4.301,0,1,Inactive,censored,O=C(Nc1cnn(C23CC4CC(CC(C4)C2)C3)c1)c1cnn2c(C(F)(F)F)cc(-c3ccco3)nc12
CHEMBL385028,ERbeta,7.220,,1,0,Active,exact,CCC12CCC(=O)C(Br)=C1c1ccc3[nH]nnc3c1C2
CHEMBL5418457,ERbeta,5.180,,1,0,,exact,CCN(c1ccc(OCCCCCCC(=O)N[C@H](C(=O)N2C[C@H](O)C[C@H]2C(=O)NCc2ccc(-c3scnc3C)cc2)C(C)(C)C)cc1)S(=O)(=O)C1CC2OC1C(c1ccc(O)cc1)=C2c1ccc(O)cc1
CHEMBL5209099,ERbeta,7.540,,1,0,Active,exact,CNCCOc1ccc(N2Nc3c(c(=O)oc4cc(O)ccc34)-c3ccc(O)cc32)cc1
CHEMBL183344,ERbeta,7.320,,1,0,Active,exact,C[C@H]1CCCN1CCOc1ccc([C@@H]2Oc3ccc(O)cc3S[C@@H]2c2ccc(O)cc2)cc1
CHEMBL360338,ERbeta,8.490,,1,0,Active,exact,CCC(=O)c1cc(O)cc2cc(-c3ccc(O)cc3)oc12
CHEMBL4870293,ERbeta,5.740,,2,0,,exact,CCN(c1ccccc1Cl)S(=O)(=O)C1CC2OC1C(c1ccc(NC(=O)CCCCCCC(=O)O)cc1)=C2c1ccc(O)cc1
CHEMBL4293821,ERbeta,5.910,,1,0,,exact,Cc1cc(O)ccc1-c1ccc(-c2ccc(OCCN3CCCCC3)cc2C)[se]1
CHEMBL1087811,ERbeta,7.460,,1,0,Active,exact,Oc1ccc2c(c1)O[C@H](c1ccc(OCCN3CCOCC3)cc1)C1=C2CCOc2cc(O)ccc21
CHEMBL1398769,ERbeta,,4.301,0,2,Inactive,censored,N=c1c(-c2nc3ccccc3[nH]2)cc(C(=O)c2cccs2)nn1-c1ccc(Cl)cc1
CHEMBL494705,ERbeta,,3.000,0,1,Inactive,censored,c1ccc(CCc2cc(CCc3ccccc3)nc(NCc3cccc4ccccc34)n2)cc1
CHEMBL407672,ERbeta,7.520,,1,0,Active,exact,C#C[C@]1(O)CC[C@H]2[C@@H]3CCC4=CC(=O)CCC4=C3[C@@H](c3ccc(N(C)CCOC4CC[C@@]5(C)[C@@H](C4)C[C@@H](O)[C@@H]4[C@@H]5C[C@H](O)[C@]5(C)[C@@H]([C@H](C)CCC(=O)NCCS(=O)(=O)O)CC[C@@H]45)cc3)C[C@@]21C
CHEMBL214207,ERbeta,6.250,,1,0,Active,exact,CN(C)CCOc1ccc(C2=C3c4ccc(O)cc4CC3(Cc3ccccc3)CCC2=O)cc1
CHEMBL235496,ERbeta,6.110,,1,0,Active,exact,COC(=O)C1=C(N)Oc2cc(O)ccc2C1c1ccc(OCc2ccccc2F)cc1
CHEMBL5091421,ERbeta,8.165,,2,0,Active,exact,CCC(=C(c1ccc(O)cc1)c1ccc(/C=C/C(=O)NCCCCCCNC(=O)CCc2nc3cc(OC)ccc3[nH]2)cc1)c1ccccc1
CHEMBL184431,ERbeta,6.360,,1,0,Active,exact,OCC1CCN(CCOc2ccc([C@@H]3Oc4ccc(O)cc4S[C@@H]3c3ccc(O)cc3)cc2)CC1
CHEMBL5986786,ERbeta,,3.602,0,1,Inactive,censored,CC1(C)CC2(CC(C)(C)C3C=CC(O)=CC32)C2C=C(O)C=CC21
CHEMBL195389,ERbeta,8.000,,1,0,Active,exact,Cc1cc(O)ccc1-c1ccc2cc(O)ccc2c1
CHEMBL240227,ERbeta,6.220,,1,0,Active,exact,C[C@H](CCc1ccc(O)cc1)NC(=O)Cc1c(-c2ccccc2)n(Cc2ccc(OCCN3CCCCC3)cc2)c2ccccc12
CHEMBL1337538,ERbeta,,4.301,0,1,Inactive,censored,CCOC(=O)c1c(C)oc2c1c(C(c1cccnc1)N1CCCCC1)c(O)c1ccccc12
CHEMBL93792,ERbeta,7.970,,1,0,Active,exact,O=S(=O)(c1cccc2ccccc12)N1Cc2cc(O)ccc2C(c2ccc(O)cc2)C1
CHEMBL91807,ERbeta,6.600,,1,0,Active,exact,Oc1cccc(C2Sc3cc(O)ccc3OC2c2ccc(OCCN3CCCCC3)cc2)c1
CHEMBL1597933,ERbeta,7.070,,1,1,Active,exact,Cc1snc2sc(C(=O)c3ccc(Br)cc3)c(N)c12
CHEMBL5630792,ERbeta,6.540,,1,0,Active,exact,Cc1ccc(NC(=O)c2ccc(-c3cccc(O)c3)s2)cc1
CHEMBL126224,ERbeta,,4.523,0,1,Inactive,censored,CN(C)CCCn1c2c(c3ccccc31)CCCCCC2
CHEMBL5563219,ERbeta,,4.102,0,1,Inactive,censored,O=C(COc1cccc2c1C(=O)N(C1CCC(=O)NC1=O)C2=O)NCCCOc1ccc(N(CC(F)(F)F)S(=O)(=O)C2CC3OC2C(c2ccc(-n4ccnc4)cc2)=C3c2ccc(O)cc2)cc1
CHEMBL184360,ERbeta,7.330,,1,0,Active,exact,Oc1ccc([C@H]2Sc3cc(O)ccc3O[C@H]2c2ccc(OCCN3C4CCCC3CCC4)cc2)cc1
CHEMBL188230,ERbeta,7.230,,2,0,Active,exact,O=Cc1cc(O)cc2nc(-c3ccc(O)cc3)oc12
CHEMBL209978,ERbeta,8.600,,1,0,Active,exact,O=C1CCC2(c3ccccc3)Cc3cc(O)ccc3C2=C1Br
CHEMBL213950,ERbeta,6.850,,1,0,Active,exact,CCC[C@H]1CC[C@@H]2C[C@]13Cc1cc(O)ccc1C3=C(C)C2=O
CHEMBL290106,ERbeta,5.090,,1,1,,exact,Oc1c(Cl)cc(Cl)cc1Sc1cc(Cl)cc(Cl)c1O
CHEMBL153765,ERbeta,6.090,,1,0,Active,exact,CN(CCCC1CCCCC1)c1nc(NCCc2ccc(O)cc2)nc(N2CCNCC2)n1
CHEMBL379543,ERbeta,8.150,,1,0,Active,exact,CCCCC12CCC(=O)C(C3CC3)=C1c1ccc3[nH]ncc3c1C2
CHEMBL363498,ERbeta,8.690,,2,0,Active,exact,N#Cc1cc(O)cc2cc(-c3ccc(O)cc3)oc12
CHEMBL5625156,ERbeta,6.020,,1,0,Active,exact,O=C(Nc1cccc(O)c1)c1ccc(-c2ccsc2)s1
CHEMBL2071180,ERbeta,6.100,,1,0,Active,exact,O=C(OC(c1ccccc1)c1ccccc1)c1ccc(O)cc1
CHEMBL1480843,ERbeta,4.790,,1,0,Inactive,exact,Cc1ccc(C(=O)CSC2=C(C#N)C(c3ccco3)CC(=O)N2)c(C)c1
CHEMBL4796518,ERbeta,7.940,,1,0,Active,exact,N#CC1(Cc2ccc(O)c(Cl)c2)CCc2cc(O)ccc21
CHEMBL44884,ERbeta,,4.523,0,1,Inactive,censored,CC[C@@H](CO)NCCN[C@@H](CC)CO
CHEMBL433944,ERbeta,9.300,,1,0,Active,exact,COc1cc(O)c(Br)c2cc(-c3ccc(O)cc3)oc12
CHEMBL149791,ERbeta,6.510,,3,0,Active,exact,CCC(=C(c1ccc(O)cc1)c1ccc(O)cc1)c1ccccc1
CHEMBL100595,ERbeta,6.135,,4,0,Active,exact,CC(C)c1cccc(N2CCc3cc(O)ccc3C2(C)c2ccc(OCCN3CCCCC3)cc2)c1
CHEMBL4228649,ERbeta,7.140,,1,0,Active,exact,O=C(O)/C=C/c1ccc(C2=C(c3ccc(O)cc3)CCOc3cc(F)ccc32)cc1
CHEMBL5630878,ERbeta,6.930,,1,0,Active,exact,O=C(Nc1cccc(F)c1)c1ccc(-c2cccc(B(O)O)c2)s1
CHEMBL392000,ERbeta,5.520,,1,0,,exact,C=CC[C@@H]1C2=CC[C@H]3[C@@H]4CC[C@H](O)[C@@]4(C)CC[C@@H]3[C@@]2(C=C)CC[C@@H]1O
CHEMBL365484,ERbeta,5.950,,1,0,,exact,OCCC1CCN(CCOc2ccc([C@@H]3Oc4ccc(O)cc4S[C@@H]3c3ccc(O)cc3)cc2)CC1
CHEMBL365016,ERbeta,8.850,,1,0,Active,exact,C/C=C\c1cc(O)cc2nc(-c3ccc(O)cc3)oc12
CHEMBL1448985,ERbeta,5.590,,1,0,,exact,O=C(NCCc1ccccc1)c1ccc2nc(-c3ccco3)c(-c3ccco3)nc2c1
CHEMBL206441,ERbeta,7.800,,1,0,Active,exact,COc1c(C)cc2c(=O)oc3c(C)c(O)ccc3c2c1C
CHEMBL182850,ERbeta,9.460,,1,0,Active,exact,Oc1cc(Br)c2oc(-c3ccc(O)c(F)c3)cc2c1
CHEMBL520107,ERbeta,5.750,,1,0,,exact,Cc1c(-c2ccc(O)cc2)nn(-c2ccc(O)cc2)c1-c1ccc(OCCN2CCCCC2)cc1
CHEMBL362718,ERbeta,7.140,,1,0,Active,exact,Oc1ccc([C@H]2Sc3cc(O)ccc3O[C@H]2c2ccc(OCCN3CCSCC3)cc2)cc1
CHEMBL434183,ERbeta,,5.000,0,1,,censored,C[C@H]1C[C@H](C)OC2(CCC3=Cc4c(cnn4-c4ccc(F)cc4)C[C@@]32C)O1
CHEMBL192765,ERbeta,8.890,,1,0,Active,exact,CSC1=C(c2ccc(O)cc2)C(=O)c2ccc(O)cc21
CHEMBL214972,ERbeta,7.000,,1,0,Active,exact,O=C1CCC2(Cc3ccccc3)Cc3cc(O)ccc3C2=C1c1ccc(O)cc1
CHEMBL335328,ERbeta,6.920,,1,0,Active,exact,C[C@@]12CCc3c(sc4cc(O)ccc34)[C@@H]1CC[C@H]2O
CHEMBL1586997,ERbeta,,4.301,0,1,Inactive,censored,CC(C)Cn1c(-c2cccs2)nc2ccccc21
CHEMBL4225102,ERbeta,7.600,,1,0,Active,exact,O=C(/C=C/c1ccc(C2=C(c3ccc(O)cc3)CCOc3cc(F)ccc32)cc1)N1CCNCC1
CHEMBL505,ERbeta,,4.523,0,1,Inactive,censored,CN(C)CCC(c1ccc(Cl)cc1)c1ccccn1
CHEMBL1595244,ERbeta,,4.301,0,1,Inactive,censored,O=C(Nc1nnc(C2CCCO2)s1)c1ccc(Br)cc1
CHEMBL980,ERbeta,,4.523,0,1,Inactive,censored,COc1ccccc1OCC(O)CO
CHEMBL124482,ERbeta,6.960,,1,0,Active,exact,Oc1ccc([C@H]2Sc3cc(O)ccc3S[C@H]2c2ccc(OCCN3CCCCC3)c(Br)c2)cc1
CHEMBL149803,ERbeta,7.000,,1,0,Active,exact,Cc1ccc(CCCN(C)c2nc(NCCc3ccc(O)cc3)nc(N3CCNCC3)n2)cc1
CHEMBL4544403,ERbeta,5.850,,1,0,,exact,CS(=O)(=O)c1ccc(C(CCCCO)=C(c2ccccc2)c2ccccc2)cc1
CHEMBL201517,ERbeta,6.880,,1,0,Active,exact,CCC[C@]12CC[C@H](O)CC1=CCC1C2CC[C@@]2(C)C1CC[C@@H]2O
CHEMBL362623,ERbeta,7.190,,4,0,Active,exact,Oc1ccc([C@H]2Sc3cc(O)ccc3O[C@H]2c2ccc(OCCN3CCCC3)cc2)cc1
CHEMBL3421892,ERbeta,,4.000,0,1,Inactive,censored,Cc1noc(=O)c2ccc(NC(=O)C(O)(CC3(c4cc(F)ccc4Cl)CCC3)C(F)(F)F)cc12
CHEMBL492874,ERbeta,,3.000,0,1,Inactive,censored,CC(C)CNc1cc(CCc2cccc3ccccc23)nc(N(C)CC(C)C)n1
CHEMBL361056,ERbeta,7.280,,1,0,Active,exact,Oc1ccc([C@H]2Sc3cc(O)ccc3O[C@H]2c2ccc(OCCN3CC4CCC3CC4)cc2)cc1
CHEMBL202781,ERbeta,6.670,,1,0,Active,exact,Cc1cc2c(cc1Br)c(=O)oc1c(C)c(O)ccc12
CHEMBL192068,ERbeta,7.970,,1,0,Active,exact,Oc1ccc2cc(-c3cc(F)c(O)c(F)c3)ccc2c1Cl
CHEMBL4169339,ERbeta,8.600,,1,0,Active,exact,CNC(=O)c1ccc2nc(C)c3nnc(-c4ccccc4Cl)n3c2c1
CHEMBL2113001,ERbeta,8.260,,1,0,Active,exact,O=C(c1ccc(N2CCN(Cc3ccccc3)CC2)cc1)c1c(-c2ccc(O)cc2)sc2cc(O)ccc12
CHEMBL46903,ERbeta,6.620,,1,0,Active,exact,Cc1c(-c2ccc(O)cc2)n(CCCCCCN2CCCC2)c2ccc(O)cc12
CHEMBL184,ERbeta,,4.523,0,1,Inactive,censored,Nc1nc2c(ncn2COCCO)c(=O)[nH]1
CHEMBL1374216,ERbeta,,4.301,0,1,Inactive,censored,CP(=O)(Nc1ccccn1)Oc1ccc(Cl)cc1
CHEMBL362020,ERbeta,8.900,,1,0,Active,exact,O=C(c1ccc(N2CCN(C(=O)c3ccc([N+](=O)[O-])cc3)CC2)cc1)c1c(-c2ccc(O)cc2)sc2cc(O)ccc12
CHEMBL493694,ERbeta,,3.000,0,1,Inactive,censored,CC(C)CNc1nc(CCc2cccc3ccccc23)cc(NCc2ccccc2)n1
CHEMBL1501499,ERbeta,,4.301,0,1,Inactive,censored,COC(=O)C(O)(c1ccc(N(C)C(=O)OC(C)C)cc1)C(F)(F)F
CHEMBL4279757,ERbeta,6.520,,1,0,Active,exact,Oc1ccc(-c2ccc(-c3ccc(OCCN4CCCC4)cc3Cl)[se]2)c(Cl)c1
CHEMBL194718,ERbeta,6.280,,1,0,Active,exact,Oc1ccc2ccc(-c3ccccc3)cc2c1
CHEMBL94030,ERbeta,7.890,,1,0,Active,exact,Oc1ccc([C@@H]2Sc3c(F)cc(O)cc3O[C@@H]2c2ccc(OCCN3CCCCC3)cc2)cc1
CHEMBL181944,ERbeta,6.750,,1,0,Active,exact,C[C@@H](CN1CCCC1)Oc1ccc([C@@H]2Oc3ccc(O)cc3S[C@@H]2c2ccc(O)cc2)cc1
CHEMBL1237,ERbeta,,4.523,0,1,Inactive,censored,NCCCC[C@H](N[C@@H](CCc1ccccc1)C(=O)O)C(=O)N1CCC[C@H]1C(=O)O
CHEMBL122237,ERbeta,6.590,,1,0,Active,exact,Oc1ccc([C@H]2Sc3cc(O)ccc3O[C@H]2c2ccc(COCCN3CCCCC3)cc2)cc1
CHEMBL380452,ERbeta,6.940,,1,0,Active,exact,C/C=C/c1cccc2c(=O)oc3c(C)c(O)ccc3c12
CHEMBL205395,ERbeta,5.390,,1,0,,exact,O=c1c2c(O)cc(O)c(I)c2ncn1-c1ccc(O)cc1
CHEMBL44,ERbeta,7.750,,29,0,Active,exact,O=c1c(-c2ccc(O)cc2)coc2cc(O)cc(O)c12
CHEMBL1471745,ERbeta,,4.301,0,1,Inactive,censored,CCOc1ccc(C(=O)CCN2CCCCC2)cc1
CHEMBL3422037,ERbeta,7.440,,1,0,Active,exact,CCC/C(=C(/c1ccc(O)cc1)c1ccc(OCCN)cc1)c1ccccc1
CHEMBL371562,ERbeta,8.460,,1,0,Active,exact,CC(C)=CCc1c(O)cc(O)c2c(=O)cc(-c3ccc(O)cc3)oc12
CHEMBL60909,ERbeta,5.930,,1,0,,exact,CCOCCN(CCOCC)c1cc(-c2ccccc2)cc(-c2ccc(O)c(C)c2)n1
CHEMBL185012,ERbeta,8.960,,1,0,Active,exact,N#Cc1cc(O)cc2cc(-c3ccc(O)c(F)c3)oc12
CHEMBL390020,ERbeta,9.440,,1,0,Active,exact,Oc1cccc(-c2ccc3cc(O)ccc3c2Oc2ccc(OCCN3CCCCC3)cc2)c1
CHEMBL2382122,ERbeta,5.330,,1,0,,exact,C=C(C)[C@@H]1[C@@H]2O[C@@H]2[C@@H]2[C@]3(CC[C@]4(C)[C@@H]([C@H](C)CC/C=C(\C)C(=O)O)CC[C@@]24C)C[C@]13CCC(=O)O
CHEMBL1526851,ERbeta,4.670,,2,0,Inactive,exact,Oc1ccc(-c2nc(-c3ccc(O)c(O)c3)cs2)cc1
CHEMBL5559605,ERbeta,6.160,,1,0,Active,exact,Cc1ncsc1-c1ccc([C@H](C)NC(=O)[C@@H]2C[C@@H](O)CN2C(=O)[C@@H](NC(=O)CCCCCOc2ccc(N(CC(F)(F)F)S(=O)(=O)C3CC4OC3C(c3ccc(-n5cncn5)cc3)=C4c3ccc(O)cc3)cc2)C(C)(C)C)cc1
CHEMBL190238,ERbeta,5.570,,1,0,,exact,CC/N=C1/C(c2ccc(O)cc2)=C(O)c2cc(O)cc(O)c21
CHEMBL492890,ERbeta,,3.000,0,1,Inactive,censored,C(=C/c1cc(NCc2cccc3ccccc23)nc(NCc2cccc3ccccc23)n1)\c1ccccc1
CHEMBL669,ERbeta,,4.523,0,1,Inactive,censored,CN(C)CCC=C1c2ccccc2C=Cc2ccccc21
CHEMBL4211163,ERbeta,6.170,,2,0,Active,exact,O=S(=O)(Oc1ccccc1)C1CC2OC1C(c1ccc(/C=C/c3ccccc3)cc1)=C2c1ccc(O)cc1
CHEMBL492387,ERbeta,,3.000,0,1,Inactive,censored,CC(C)CCc1cc(CCC(C)C)nc(NCC(C)C)n1
CHEMBL362272,ERbeta,8.480,,1,0,Active,exact,COc1cc(O)c(Br)c2cc(-c3ccc(O)c(F)c3)oc12
CHEMBL43064,ERbeta,,4.301,0,1,Inactive,censored,C(=C/c1ccccc1)\CN1CCN(C(c2ccccc2)c2ccccc2)CC1
CHEMBL833,ERbeta,,4.523,0,1,Inactive,censored,Clc1ccccc1CN1CCc2sccc2C1
CHEMBL278703,ERbeta,9.720,,5,0,Active,exact,Oc1ccc([C@@H]2Oc3ccc(O)cc3[C@@H]3CCC[C@@H]32)cc1
CHEMBL384268,ERbeta,9.000,,1,0,Active,exact,CCCC[C@@]12CCC(=O)C(C(F)(F)F)=C1c1ccc3[nH]nc(F)c3c1C2
CHEMBL1374536,ERbeta,,4.301,0,1,Inactive,censored,CC(C)Cn1c(N)c(C(=O)COC(=O)c2cc(-c3ccco3)nc3ccccc23)c(=O)n(C)c1=O
CHEMBL5204441,ERbeta,,5.000,0,1,,censored,CN1C(=O)N(CC(F)(F)F)C(c2ccc(OCCN3CCN(CC(F)(F)F)CC3)cc2)C2=C1c1ccccc1C2=O
CHEMBL137795,ERbeta,6.960,,1,0,Active,exact,N#CC(c1ccc(O)cc1)C(C#N)c1cccc(O)c1
CHEMBL1378869,ERbeta,5.260,,1,1,,exact,N=c1c(C(=O)NCc2ccc3c(c2)OCO3)cc2c(=O)n3ccccc3nc2n1Cc1cccnc1
CHEMBL2332575,ERbeta,5.610,,1,0,,exact,Cc1cc(O)ccc1-c1cc(C)c(-c2ccc(O)cc2C)s1
CHEMBL138061,ERbeta,5.720,,1,0,,exact,Oc1ccc(Cc2ccc(O)cc2)cc1
CHEMBL3914142,ERbeta,,5.000,0,1,,censored,C[C@H](NS(=O)(=O)C1CC1)[C@H](Oc1ccc2c(cnn2-c2ccc(F)cc2)c1)c1ccccc1
CHEMBL24147,ERbeta,,3.602,0,1,Inactive,censored,Oc1cccc(O)c1
CHEMBL455215,ERbeta,7.490,,1,0,Active,exact,O/N=C/c1ccc(-c2ccc(O)cc2)cc1F
CHEMBL241485,ERbeta,5.320,,1,0,,exact,C[C@H](CCc1ccc(O)cc1)NC(=O)Cc1c(-c2ccccc2)[nH]c2cc(OCCN3CCCC3)ccc12
CHEMBL3589695,ERbeta,6.740,,2,1,Active,exact,Cc1cccc(OS(=O)(=O)C2CC3OC2C(c2ccc(NC(=O)CCCCCCC(=O)NO)cc2)=C3c2ccc(O)cc2)c1
CHEMBL4761096,ERbeta,9.140,,2,1,Active,exact,C[C@]12CC[C@@H]3c4ccc(O)cc4CC[C@H]3[C@@H]1CC[C@@]2(O)c1cn(-c2ccc(O)cc2)nn1
CHEMBL523,ERbeta,,4.523,0,1,Inactive,censored,O=C1CN=C(c2ccccc2)c2cc(Cl)ccc2N1
CHEMBL33053,ERbeta,5.870,,1,0,,exact,COc1cc(O)ccc1[C@@H]1C(=O)c2ccc(O)cc2O[C@@H]1c1ccc(OCCN2CCCCC2)cc1
CHEMBL5394879,ERbeta,6.230,,1,0,Active,exact,CCN(c1ccccc1)S(=O)(=O)C1CC2OC1C(c1ccc(O)cc1)=C2c1cnn(C)c1
CHEMBL377457,ERbeta,7.570,,1,0,Active,exact,CCCCC12CCC(=O)C(C)=C1c1ccc3[nH]nnc3c1C2
CHEMBL334773,ERbeta,8.840,,8,1,Active,exact,N#CC(Cc1ccc(O)cc1)c1ccc(O)cc1
CHEMBL493490,ERbeta,5.620,,1,0,,exact,CC(C)CNc1cc(/C=C/c2ccccc2)nc(NCC(C)C)n1
CHEMBL1399420,ERbeta,,4.301,0,1,Inactive,censored,Cc1cc(S(=O)(=O)N(Cc2ccc(F)cc2)CC2CCCO2)ccc1-n1cnnn1
CHEMBL1601001,ERbeta,4.350,,1,0,Inactive,exact,N#Cc1c(NC(=O)CN2CCN(c3ccccc3)CC2)sc2c1CCC2
CHEMBL195466,ERbeta,6.265,,2,0,Active,exact,Oc1cccc(N2CCc3cc(O)ccc3C2c2ccc(N3CCN(C4CCCC4)CC3)cc2)c1
CHEMBL427568,ERbeta,7.005,,2,0,Active,exact,C#C[C@]1(O)CC[C@H]2[C@@H]3CCC4=CC(=O)CCC4=C3[C@@H](c3ccc(N(C)CCOC4CC[C@@]5(C)[C@@H](C4)C[C@@H](O)[C@@H]4[C@@H]5C[C@H](O)[C@]5(C)[C@@H]([C@H](C)CCC(=O)O)CC[C@@H]45)cc3)C[C@@]21C
CHEMBL3234627,ERbeta,8.250,,2,0,Active,exact,Cc1ccccc1/N=C(\c1ccc(O)cc1)c1ccc(O)cc1O
CHEMBL4758245,ERbeta,7.235,,2,0,Active,exact,CC/C(=C(/c1ccc(O)cc1)c1ccc(/C=C/C(=O)NCCCNC(=O)/C=C/c2ccc(/C(=C(\CC)c3ccccc3)c3ccc(O)cc3)cc2)cc1)c1ccccc1
CHEMBL492875,ERbeta,,3.000,0,1,Inactive,censored,CC(C)CNc1nc(CCc2ccccc2)cc(N(C)CC(C)C)n1
CHEMBL491235,ERbeta,6.770,,1,0,Active,exact,CCCCc1cc2ccccc2c(Oc2ccc(/C=C/C(=O)O)cc2)c1-c1ccccc1
CHEMBL4643184,ERbeta,6.460,,1,0,Active,exact,COC(=O)C1=C(N)Oc2cc(O)ccc2C1c1ccc(OCCN2CCCC2)cc1
CHEMBL122,ERbeta,,4.523,0,1,Inactive,censored,CS(=O)(=O)c1ccc(C2=C(c3ccccc3)C(=O)OC2)cc1
CHEMBL394213,ERbeta,,5.000,0,1,,censored,C[C@H](CCc1ccc(O)cc1)NC(=O)Cc1c(-c2ccccc2)[nH]c2c(OCCN3CCCCC3)cccc12
CHEMBL608,ERbeta,,4.523,0,1,Inactive,censored,CC(C)(Sc1cc(C(C)(C)C)c(O)c(C(C)(C)C)c1)Sc1cc(C(C)(C)C)c(O)c(C(C)(C)C)c1
CHEMBL2403355,ERbeta,6.580,,1,0,Active,exact,CCC(CC)(c1ccc(O)c(C)c1)c1ccc(O)c(C)c1
CHEMBL204768,ERbeta,7.750,,1,0,Active,exact,Cc1cc(O)c(Cl)c2c(=O)oc3c(Cl)c(O)ccc3c12
CHEMBL1387228,ERbeta,,4.301,0,1,Inactive,censored,O=C(NCc1ccco1)C1(S(=O)(=O)c2ccc(Cl)cc2)CC1
CHEMBL196836,ERbeta,6.670,,1,0,Active,exact,Oc1ccc2c(c1)sc1c3ccccc3n(Cc3ccc(OCCN4CCOCC4)cc3)c21
CHEMBL361005,ERbeta,7.640,,1,0,Active,exact,C[C@@H]1CCN(CCOc2ccc([C@@H]3Oc4ccc(O)c(F)c4[C@@H](C)[C@@H]3c3ccc(O)cc3)cc2)C1
CHEMBL494319,ERbeta,,3.000,0,1,Inactive,censored,c1ccc(CCc2cc(NCc3cccc4ccccc34)nc(NCc3cccc4ccccc34)n2)cc1
CHEMBL4874242,ERbeta,6.205,,2,0,Active,exact,O=C(O)CCCCCCC(=O)Nc1ccc(C2=C(c3ccc(O)cc3)C3CC(S(=O)(=O)N(CC(F)(F)F)c4ccccc4)C2O3)cc1
CHEMBL381697,ERbeta,8.940,,1,0,Active,exact,COc1c(C)c(Br)c2c(=O)oc3c(C)c(O)ccc3c2c1C
CHEMBL1522300,ERbeta,5.220,,1,1,,exact,COc1ccc(N2Cc3cccc(C(=O)N4CCN(C(=O)c5ccco5)CC4)c3C2=O)cc1
CHEMBL3234621,ERbeta,8.150,,1,0,Active,exact,Oc1ccc(C(=Nc2ccc(F)cc2)c2ccc(O)cc2)cc1
CHEMBL558664,ERbeta,,5.000,0,1,,censored,CN1CC[C@H](N(Cc2ccccc2C(F)(F)F)c2ccc(C#N)c(Cl)c2)C1
CHEMBL255863,ERbeta,,4.523,0,1,Inactive,censored,Cc1cn(-c2cc(NC(=O)c3ccc(C)c(Nc4nccc(-c5cccnc5)n4)c3)cc(C(F)(F)F)c2)cn1
CHEMBL85561,ERbeta,7.700,,1,0,Active,exact,CCc1c(-c2ccccc2)oc(-c2ccc(O)cc2)c1-c1ccc(OCCN2CCCCC2)cc1
CHEMBL364092,ERbeta,8.600,,1,0,Active,exact,Oc1ccc(-c2ccc3c(Cl)c(O)ccc3c2)cc1
CHEMBL4793264,ERbeta,8.405,,2,0,Active,exact,CC/C(=C(/c1ccc(O)cc1)c1ccc(/C=C/C(=O)NCCN)cc1)c1ccccc1.O=C(O)C(F)(F)F.O=C(O)C(F)(F)F.O=C(O)C(F)(F)F
CHEMBL726,ERbeta,,4.523,0,1,Inactive,censored,OCCN1CCN(CCCN2c3ccccc3Sc3ccc(C(F)(F)F)cc32)CC1
CHEMBL379314,ERbeta,7.620,,1,0,Active,exact,CCC12CCC(=O)C(C)=C1c1ccc3[nH]nnc3c1C2
CHEMBL493714,ERbeta,,3.000,0,1,Inactive,censored,CC(C)CS(=O)(=O)c1cc(CCc2ccccc2)nc(S(=O)(=O)CC(C)C)n1
CHEMBL278936,ERbeta,8.160,,1,0,Active,exact,O=C1C[C@H]2[C@@H](C1)c1cc(O)ccc1O[C@H]2c1ccc(O)cc1
CHEMBL184372,ERbeta,6.480,,1,0,Active,exact,Oc1ccc([C@H]2Sc3cc(O)ccc3O[C@H]2c2ccc(OCCN3CCC(O)CC3)cc2)cc1
CHEMBL399832,ERbeta,9.590,,1,0,Active,exact,Cc1cc(O)cc2c1O[C@@H](c1ccc(O)cc1)[C@H]1CCC[C@@H]21
CHEMBL1505049,ERbeta,4.620,,1,1,Inactive,exact,C1=C(N2CCOCC2)/C(=C/c2nc3ccccc3[nH]2)CC1
CHEMBL1346703,ERbeta,,4.301,0,1,Inactive,censored,CC1(C)CCCC2=C1CC1C(=O)N(O)C(=O)C1C2
CHEMBL1213351,ERbeta,,4.523,0,1,Inactive,censored,CCC(=O)O[C@](Cc1ccccc1)(c1ccccc1)[C@H](C)CN(C)C
CHEMBL1334484,ERbeta,5.470,,1,0,,exact,Nc1ncnc2oc(-c3ccco3)c(-c3ccco3)c12
CHEMBL329902,ERbeta,6.890,,1,0,Active,exact,CN(C)CCOc1ccc([C@@H]2Oc3ccc(O)cc3S[C@@H]2c2cccc(O)c2)cc1
CHEMBL379252,ERbeta,5.130,,1,0,,exact,Cc1cc(-n2cnc3cc(O)cc(O)c3c2=O)ccc1O
CHEMBL4778702,ERbeta,7.975,,2,1,Active,exact,C[C@]12CC[C@@H]3c4ccc(O)cc4CC[C@H]3[C@@H]1CC[C@@]2(O)c1cn(Cc2ccccc2)nn1
CHEMBL5909818,ERbeta,8.150,,1,0,Active,exact,C=Cc1cn(-c2ccc(O)cc2)c(=O)c2c(O)cc(O)cc12
CHEMBL360385,ERbeta,8.700,,1,0,Active,exact,N#CCc1cc(O)c(Br)c2cc(-c3ccc(O)cc3)oc12
CHEMBL1595235,ERbeta,4.990,,1,1,Inactive,exact,C=CCSC1=N/C(=C\C=C\c2ccco2)C(=O)S1
CHEMBL710,ERbeta,,4.523,0,1,Inactive,censored,CC(C)(C)NC(=O)[C@H]1CC[C@H]2[C@@H]3CC[C@H]4NC(=O)C=C[C@]4(C)[C@H]3CC[C@]12C
CHEMBL192102,ERbeta,6.130,,1,0,Active,exact,Oc1ccc(-c2ccc3c(-c4ccccc4)c(O)ccc3c2)cc1
CHEMBL1421887,ERbeta,5.280,,1,0,,exact,O=C(Cc1ccc(S(=O)(=O)N2CCOCC2)s1)Nc1nc2c(s1)CCCC2
CHEMBL1438722,ERbeta,,4.301,0,1,Inactive,censored,COc1ccc(C(=O)Nc2nc3c(s2)Cc2cc(OC)ccc2-3)cc1
CHEMBL3360848,ERbeta,4.640,,1,0,Inactive,exact,COc1cc([C@@H]2C(=O)N(c3ccc(O)cc3)[C@H]2c2ccc(O)cc2)cc(OC)c1OC
CHEMBL4870760,ERbeta,5.790,,2,0,,exact,Cc1cccc(N(C)S(=O)(=O)C2CC3OC2C(c2ccc(NC(=O)CCCCCCC(=O)O)cc2)=C3c2ccc(O)cc2)c1
CHEMBL5071793,ERbeta,8.045,,2,0,Active,exact,CCC(=C(c1ccc(O)cc1)c1ccc(/C=C/C(=O)NCCCNC(=O)CCc2nc3ccc(OC)cc3[nH]2)cc1)c1ccccc1
CHEMBL661,ERbeta,,4.523,0,1,Inactive,censored,Cc1nnc2n1-c1ccc(Cl)cc1C(c1ccccc1)=NC2
CHEMBL1507788,ERbeta,4.890,,1,0,Inactive,exact,Cc1ccc(S(=O)(=O)Cc2ccc(C(=O)N3CCC4(CC3)OCCO4)o2)cc1
CHEMBL421,ERbeta,,4.523,0,1,Inactive,censored,O=C(O)c1cc(/N=N/c2ccc(S(=O)(=O)Nc3ccccn3)cc2)ccc1O
CHEMBL240369,ERbeta,5.530,,1,0,,exact,O=C(C1CC1)N1CC(c2ccc(O)cc2)Cc2ccc(O)cc21
CHEMBL198089,ERbeta,7.220,,1,0,Active,exact,C=Cc1cc(-c2ccc(O)cc2)nc2ccc(O)cc12
CHEMBL1373720,ERbeta,5.960,,1,0,,exact,CC1CCN(Cc2ccc(NC(=O)C3CCN(c4nnc(-n5cccc5)s4)CC3)cc2)CC1
CHEMBL3189877,ERbeta,,4.301,0,2,Inactive,censored,Cc1ccc(-c2nc3s/c(=C\c4ccco4)c(=O)n3n2)cc1
CHEMBL86,ERbeta,,4.523,0,1,Inactive,censored,CCN(CC)CCNC(=O)c1cc(Cl)c(N)cc1OC
CHEMBL451143,ERbeta,,3.000,0,1,Inactive,censored,CC(C)CCc1cc(NCC(C)C)nc(N(C)CC(C)C)n1
CHEMBL1498999,ERbeta,,4.301,0,1,Inactive,censored,CCCNC(=O)c1ccc(-c2nc3ccccc3s2)s1
CHEMBL240160,ERbeta,5.310,,1,0,,exact,Oc1ccc(C2Cc3ccc(O)cc3NC2=S)cc1
CHEMBL1364710,ERbeta,,4.301,0,1,Inactive,censored,N#C/C(=C\c1c(N2CCC(C(N)=O)CC2)nc2ccccn2c1=O)S(=O)(=O)c1ccccc1
CHEMBL189073,ERbeta,6.060,,2,0,Active,exact,Oc1ccc2c(-c3cccc4ccc(O)cc34)noc2c1
CHEMBL386630,ERbeta,,5.000,0,3,,censored,C[C@]12CC[C@H]3[C@@H](CCC4=CC(=O)CC[C@@]43C)[C@@H]1CC[C@@H]2O
CHEMBL2071176,ERbeta,5.500,,1,0,,exact,O=C(COC(=O)c1ccc(O)c(O)c1)c1ccccc1
CHEMBL226379,ERbeta,,5.796,0,1,,censored,Oc1ccc2c(Oc3ccc(OCCN4CCCCC4)cc3)c(-c3ccc(NCCCl)cc3)sc2c1
CHEMBL1083179,ERbeta,6.410,,1,0,Active,exact,Oc1ccc2c(c1)O[C@@H](c1ccc(OCCN3CCSCC3)cc1)C1=C2CCOc2cc(O)ccc21
CHEMBL1525514,ERbeta,4.310,,1,0,Inactive,exact,CCc1ccc(NC(=O)CSc2nc(C)cc(O)n2)cc1
CHEMBL188846,ERbeta,8.720,,3,0,Active,exact,C=Cc1cc(O)cc2nc(-c3ccc(O)cc3F)oc12
CHEMBL361078,ERbeta,8.740,,2,0,Active,exact,Oc1ccc2c(-c3cc(Br)c(O)cc3O)noc2c1
CHEMBL3198962,ERbeta,6.025,,2,0,Active,exact,CN(C)c1ccc(/N=C/c2ccco2)cc1
CHEMBL1373,ERbeta,,4.523,0,1,Inactive,censored,NC(=O)C[S+]([O-])C(c1ccccc1)c1ccccc1
CHEMBL3578276,ERbeta,4.920,,1,0,Inactive,exact,C[C@H](c1ccc(F)cc1)N1C(=O)O[C@](Cc2ccccc2)(c2nc3cc(NS(C)(=O)=O)ccc3[nH]2)C1=O
CHEMBL5404063,ERbeta,6.930,,2,0,Active,exact,O=S(=O)(C1CC2OC1C(c1ccc(-n3cncn3)cc1)=C2c1ccc(O)cc1)N(CC(F)(F)F)c1ccccc1
CHEMBL2403348,ERbeta,7.370,,1,0,Active,exact,CCC(CC)(c1ccc(N)c(C)c1)c1ccc(O)c(C)c1
CHEMBL33568,ERbeta,5.270,,1,0,,exact,O=C1c2c(F)cc(O)cc2O[C@H](c2ccc(OCCN3CCCCC3)cc2)[C@@H]1c1ccc(O)cc1
CHEMBL3589701,ERbeta,6.050,,2,0,Active,exact,O=C(CCCCCCC(=O)Nc1ccc(C2=C(c3ccc(O)cc3)C3CC(S(=O)(=O)Oc4ccc5ccccc5c4)C2O3)cc1)NO
CHEMBL4106817,ERbeta,7.000,,2,0,Active,exact,COCCCCCC[C@@H]1C[C@@H]2[C@H](CCC3[C@H]2CC[C@@H]3O)c2ccc(O)cc21
CHEMBL1370637,ERbeta,,4.301,0,1,Inactive,censored,Cc1csc2ncc(C(=O)N3c4ccccc4CC3C)c(=O)n12
CHEMBL1407483,ERbeta,6.890,,1,1,Active,exact,CC1=C(SCCC#N)S/C(=C2\SC(C)=C(SCCC#N)S2)S1
CHEMBL5198828,ERbeta,7.340,,1,0,Active,exact,Cc1cc(N2Nc3c(c(=O)oc4cc(O)ccc34)-c3ccc(O)cc32)ccc1OCCN1CCC=C(C(=O)O)C1
CHEMBL523041,ERbeta,,3.000,0,1,Inactive,censored,CC(C)CCc1cc(NCc2cccc3ccccc23)nc(NCc2ccccc2)n1
CHEMBL635,ERbeta,,4.523,0,1,Inactive,censored,C[C@]12C=CC(=O)C=C1CC[C@@H]1[C@@H]2C(=O)C[C@@]2(C)[C@H]1CC[C@]2(O)C(=O)CO
CHEMBL5429522,ERbeta,5.150,,1,0,,exact,O=C(COc1ccc(C2CCC(=O)NC2=O)cc1)NCCCCCCNC(=O)COc1ccc(N(CC(F)(F)F)S(=O)(=O)C2CC3OC2C(c2ccc(O)cc2)=C3c2ccc(O)cc2)cc1
CHEMBL1586,ERbeta,,4.523,0,1,Inactive,censored,C[C@H]1C[C@H]2[C@@H]3CCC4=CC(=O)C=C[C@]4(C)[C@@]3(Cl)[C@@H](O)C[C@]2(C)[C@@]1(O)C(=O)CO
CHEMBL188246,ERbeta,7.480,,2,0,Active,exact,Cc1c(O)ccc(-c2noc3cc(O)ccc23)c1O
CHEMBL192000,ERbeta,8.680,,1,0,Active,exact,N#Cc1cc(O)cc2ccc(-c3ccc(O)c(F)c3)cc12
CHEMBL4213948,ERbeta,7.380,,3,0,Active,exact,O=S(=O)(Oc1cccc(C(F)(F)F)c1)C1CC2OC1C(c1ccc(/C=C/c3cc(O)cc(O)c3)cc1)=C2c1ccc(O)cc1
CHEMBL238961,ERbeta,6.370,,1,0,Active,exact,C[C@H](CCc1ccc(O)cc1)NC(=O)Cc1c(-c2ccccc2)n(Cc2ccc(OCCCN3CCCCC3)cc2)c2ccccc12
CHEMBL2313450,ERbeta,5.300,,1,0,,exact,C[Si](C)(c1ccccc1)c1ccc(O)cc1
CHEMBL93826,ERbeta,7.880,,1,0,Active,exact,Oc1ccc(C2CN(Cc3ccccc3)Cc3cc(O)ccc32)cc1
CHEMBL442037,ERbeta,6.800,,2,0,Active,exact,Oc1ccc(-c2nc3cc(Cl)c(O)cc3o2)cc1
CHEMBL517,ERbeta,,4.523,0,1,Inactive,censored,CC(C)N(CCC(C(N)=O)(c1ccccc1)c1ccccn1)C(C)C
CHEMBL378807,ERbeta,4.920,,1,0,Inactive,exact,O=c1c2c(OS(=O)(=O)C(F)(F)F)cc(O)cc2ncn1-c1ccc(O)cc1
CHEMBL212468,ERbeta,7.160,,1,0,Active,exact,CC1=C2c3ccc4[nH]ncc4c3CC2(C)CCC1=O
CHEMBL186643,ERbeta,8.490,,1,0,Active,exact,Oc1cc(/C=C\F)c2oc(-c3ccc(O)c(F)c3)nc2c1
CHEMBL1574133,ERbeta,,4.301,0,2,Inactive,censored,Cc1onc(-c2ccccc2Cl)c1C(=O)NCc1ccco1
CHEMBL374478,ERbeta,,4.523,0,1,Inactive,censored,CO[C@H]1/C=C/O[C@@]2(C)Oc3c(C)c(O)c4c(O)c(c(/C=N/N5CCN(C)CC5)c(O)c4c3C2=O)NC(=O)/C(C)=C\C=C\[C@H](C)[C@H](O)[C@@H](C)[C@@H](O)[C@@H](C)[C@H](OC(C)=O)[C@@H]1C
CHEMBL316119,ERbeta,6.380,,1,0,Active,exact,Oc1ccc([C@@H]2Sc3cc(O)c(F)cc3O[C@@H]2c2ccc(OCCN3CCCCC3)cc2)cc1
CHEMBL3984531,ERbeta,6.310,,1,0,Active,exact,CC(=C(c1ccc(N)cc1)c1ccc(N)cc1)c1ccc([N+](=O)[O-])cc1
CHEMBL188528,ERbeta,8.700,,3,0,Active,exact,Oc1ccc(-c2nc3cc(O)cc(Br)c3o2)cc1
CHEMBL187069,ERbeta,7.340,,2,0,Active,exact,Oc1ccc(-c2noc3ccc(O)cc23)cc1
CHEMBL426626,ERbeta,6.780,,1,0,Active,exact,Oc1cc(Br)c2oc(-c3ccc(O)c(C(F)(F)F)c3)nc2c1
CHEMBL379384,ERbeta,,5.000,0,1,,censored,CC1=C2c3ccc(O)cc3CC2(CCO)CCC1=O
CHEMBL81074,ERbeta,5.870,,1,0,,exact,N#Cc1cc(O)cc2c1oc1c(=O)c3c(O)cc(O)cc3oc12
CHEMBL209623,ERbeta,8.110,,1,0,Active,exact,CC[C@@]12CCC(=O)C(C3CC3)=C1c1ccc3[nH]ncc3c1C2
CHEMBL4782135,ERbeta,7.140,,1,0,Active,exact,Oc1ccc(CC2CCc3c(O)cccc32)cc1
CHEMBL191238,ERbeta,7.960,,1,0,Active,exact,N#Cc1cc(-c2ccc(O)c(F)c2)cc2ccc(O)c(Cl)c12
CHEMBL347560,ERbeta,7.820,,2,0,Active,exact,CN(CCCc1ccc(Cl)cc1)c1nc(NCCc2ccc(O)cc2)nc(N2CCN(CCO)CC2)n1
CHEMBL5417949,ERbeta,4.580,,1,0,Inactive,exact,COc1ccc(N(CC(F)(F)F)S(=O)(=O)C2CC3OC2C(c2ccc(OCCCCCC(=O)N[C@H](C(=O)N4C[C@H](O)C[C@H]4C(=O)N[C@@H](C)c4ccc(-c5scnc5C)cc4)C(C)(C)C)cc2)=C3c2ccc(O)cc2)cc1
CHEMBL2403349,ERbeta,6.100,,1,0,Active,exact,CC[Si](CC)(c1ccc(O)c(C)c1)c1ccc(O)c(C)c1
CHEMBL198666,ERbeta,,4.301,0,1,Inactive,censored,O=C(Nc1ccccc1C(=O)O)c1ccccc1
CHEMBL111,ERbeta,,4.523,0,1,Inactive,censored,Cc1c(C(=O)NN2CCCCC2)nn(-c2ccc(Cl)cc2Cl)c1-c1ccc(Cl)cc1
CHEMBL198680,ERbeta,7.100,,1,0,Active,exact,CCc1cc(-c2ccc(O)c(F)c2)nc2ccc(O)cc12
CHEMBL5394554,ERbeta,5.110,,1,0,,exact,CCN(c1ccc(OCCCCCCCC(=O)N[C@H](C(=O)N2C[C@H](O)C[C@H]2C(=O)NCc2ccc(-c3scnc3C)cc2)C(C)(C)C)cc1)S(=O)(=O)C1CC2OC1C(c1ccc(O)cc1)=C2c1ccc(O)cc1
CHEMBL479,ERbeta,,4.523,0,1,Inactive,censored,CSc1ccc2c(c1)N(CCC1CCCCN1C)c1ccccc1S2
CHEMBL180792,ERbeta,7.150,,3,0,Active,exact,C[C@H](COc1ccc([C@@H]2Oc3ccc(O)cc3S[C@@H]2c2ccc(O)cc2)cc1)N1CCCC1
CHEMBL4290019,ERbeta,6.990,,2,1,Active,exact,OCCC1CCCC(c2ccc(O)cc2)CC1
CHEMBL1310699,ERbeta,6.320,,1,0,Active,exact,O=C(NC1CCCC1)c1ccc2nc(-c3ccco3)c(-c3ccco3)nc2c1
CHEMBL91052,ERbeta,7.310,,1,0,Active,exact,Oc1ccc2c(c1)CCN(c1ccccc1)C2c1ccccc1
CHEMBL5625153,ERbeta,6.590,,1,0,Active,exact,Nc1cccc(-c2ccc(C(=O)Nc3cccc(F)c3)s2)c1
CHEMBL1530428,ERbeta,,4.523,0,1,Inactive,censored,CC(=O)OCC(=O)[C@@]1(O)[C@H](C)C[C@H]2[C@@H]3CCC4=CC(=O)C=C[C@]4(C)[C@@]3(F)[C@@H](O)C[C@@]21C
CHEMBL1509357,ERbeta,4.830,,1,0,Inactive,exact,O=C(Nc1nccs1)c1ccc2nccnc2c1
CHEMBL493701,ERbeta,,3.000,0,1,Inactive,censored,CC(C)CNc1cc(S(=O)(=O)CC(C)C)nc(NCC(C)C)n1
CHEMBL206547,ERbeta,8.490,,1,0,Active,exact,CCC1Oc2c(ccc(O)c2C)-c2ccc(O)c(C)c21
CHEMBL1500491,ERbeta,6.810,,1,1,Active,exact,Cc1occc1C(=O)Nc1ccccc1NC(=O)c1ccoc1C
CHEMBL4449687,ERbeta,4.980,,1,0,Inactive,exact,CCOc1ccc(-c2ccc(CCCc3nn(-c4ccc(C(F)(F)F)cc4)c(=O)n3-c3ccccc3F)cc2)cc1CC(=O)O
CHEMBL89995,ERbeta,6.530,,1,0,Active,exact,Oc1ccc2c(c1)CCN(c1ccccc1)C2CC1CCCCC1
CHEMBL4062467,ERbeta,6.680,,1,0,Active,exact,O=c1oc2cc(O)ccc2cc1-c1ccc(O)c(F)c1
CHEMBL365903,ERbeta,7.020,,2,0,Active,exact,NC(=O)c1cc(O)cc2nc(-c3ccc(O)cc3)oc12
CHEMBL191300,ERbeta,7.890,,1,0,Active,exact,Cc1cc(O)ccc1-c1ccc2c(Cl)c(O)ccc2c1
CHEMBL4247980,ERbeta,5.550,,1,0,,exact,CC[C@H](C)[C@H](NC(=O)[C@H](CCCCN)NC(=O)[C@H](Cc1cnc[nH]1)NC(C)=O)C(=O)N[C@@H](CC(C)C)C(=O)N[C@@H](Cc1cnc[nH]1)C(=O)N[C@@H](CCC(N)=O)C(=O)N[C@@H](CC(C)C)C(=O)N[C@@H](CC(C)C)C(=O)N[C@@H](CCC(N)=O)C(=O)N[C@@]1(C)CCC/C=C\CCC[C@@](C)(C(=O)N[C@H](C(N)=O)C(C)C)NC(=O)[C@H](CO)NC(=O)[C@H](CO)NC(=O)[C@H](CO)NC1=O
CHEMBL202738,ERbeta,5.420,,1,0,,exact,O=c1c2c(O)cc(O)cc2ncn1-c1cccc(O)c1
CHEMBL30996,ERbeta,6.720,,1,0,Active,exact,CCc1ccc2c(c1)C(c1ccc(OCCN3CCCCC3)cc1)Cc1cc(O)cc(C)c1-2
CHEMBL4278678,ERbeta,6.145,,2,0,Active,exact,Oc1ccc(-c2c[se]cc2-c2ccc(OCCN3CCCCC3)cc2)cc1
CHEMBL371308,ERbeta,7.270,,1,0,Active,exact,Oc1ccc2c(c1)sc1c3ccccc3n(Cc3ccc(OCCN4CCCC4)cc3)c21
CHEMBL1560559,ERbeta,,4.301,0,1,Inactive,censored,CN(CC(O)COc1ccc(S(=O)(=O)N2CCOCC2)cc1)C1CCCCC1
CHEMBL4293810,ERbeta,7.380,,2,1,Active,exact,OCC1CCCC(c2ccc(O)cc2)CC1
CHEMBL5555317,ERbeta,5.920,,1,0,,exact,Cc1ncsc1-c1ccc([C@@H](C)NC(=O)[C@H]2C[C@H](O)CN2C(=O)[C@H](NC(=O)COCCOCCOCCOc2ccc(N(CC(F)(F)F)S(=O)(=O)C3CC4OC3C(c3ccc(-n5ccnc5)cc3)=C4c3ccc(O)cc3)cc2)C(C)(C)C)cc1
CHEMBL1473381,ERbeta,7.460,,1,0,Active,exact,N#Cc1c(NC(=O)CN2CCCCC2)sc2c1CCCC2
CHEMBL393179,ERbeta,,5.000,0,1,,censored,C[C@H](CCc1ccc(O)cc1)NC(=O)Cc1c(-c2ccccc2)[nH]c2ccc(OCCN3CCCCC3)cc12
CHEMBL4745013,ERbeta,7.550,,2,1,Active,exact,C[C@]12CC[C@@H]3c4ccc(O)cc4CC[C@H]3[C@@H]1CC[C@@]2(O)c1cn(CCO)nn1
CHEMBL1676,ERbeta,,5.301,0,1,,censored,C[C@@H]1C[C@H]2[C@@H]3C[C@H](F)C4=CC(=O)C=C[C@]4(C)[C@@]3(F)[C@@H](O)C[C@]2(C)[C@@]1(OC(=O)c1ccco1)C(=O)SCF
CHEMBL509360,ERbeta,6.500,,1,0,Active,exact,Oc1cc(-c2ccoc2)c2oc(-c3ccc(O)c(F)c3)nc2c1
CHEMBL437065,ERbeta,7.770,,1,0,Active,exact,C#C[C@]12CC[C@H](O)CC1=CCC1C2CC[C@@]2(C)C1CC[C@@H]2O
CHEMBL573,ERbeta,,4.523,0,1,Inactive,censored,O=C(O)c1cccnc1
CHEMBL180973,ERbeta,8.490,,1,0,Active,exact,O=C(c1ccc(N2CCN(C(=O)c3ccccc3Cl)CC2)cc1)c1c(-c2ccc(O)cc2)sc2cc(O)ccc12
CHEMBL3234612,ERbeta,7.890,,1,0,Active,exact,Oc1ccc(C(=Nc2ccccc2)c2ccc(O)cc2)cc1
CHEMBL4240553,ERbeta,,4.824,0,1,Inactive,censored,CC[C@H](C)[C@H](NC(=O)[C@H](CCCCN)NC(=O)[C@H](Cc1cnc[nH]1)NC(C)=O)C(=O)N[C@@H](CC(C)C)C(=O)N[C@@H](Cc1cnc[nH]1)C(=O)N[C@@]1(C)CCC/C=C\CCC[C@@](C)(C(=O)N[C@@H](CO)C(N)=O)NC(=O)[C@H](CCC(N)=O)NC(=O)[C@H](CC(C)C)NC(=O)[C@H](CC(C)C)NC1=O
CHEMBL206120,ERbeta,7.170,,1,0,Active,exact,Cc1c(O)ccc2c1c(=O)oc1cc(O)cc(C)c12
CHEMBL1084127,ERbeta,7.640,,1,0,Active,exact,CN(C)CCOc1ccc([C@@H]2Oc3ccccc3C3=C2c2ccc(O)cc2OCC3)cc1
CHEMBL1578520,ERbeta,,4.301,0,1,Inactive,censored,O=C(CCc1ccccc1)Nc1ccc(N2CCOCC2)cc1
CHEMBL1491551,ERbeta,,4.301,0,1,Inactive,censored,Cc1ccccc1NC(=O)Cn1cnc2c1c(=O)n(C)c(=O)n2C
CHEMBL78807,ERbeta,,5.000,0,1,,censored,COc1ccc2c(c1)CCC1=CC(=O)CC[C@]12Cc1ccccc1
CHEMBL1336791,ERbeta,,4.301,0,1,Inactive,censored,CCCc1cc(O)nc(SCC(=O)Nc2ccc(C(=O)OC)cc2)n1
CHEMBL379821,ERbeta,8.890,,1,0,Active,exact,CCCCC12CCC(=O)C(I)=C1c1ccc(O)cc1C2
CHEMBL390448,ERbeta,8.570,,1,0,Active,exact,CS(=O)(=O)C1CC=C(c2ccc3cc(O)ccc3c2Oc2ccc(OCCN3CCCCC3)cc2)CC1
CHEMBL249903,ERbeta,6.940,,1,0,Active,exact,C=C[C@]12CCC(CC)=CC1=CC[C@H]1[C@@H]3CC[C@H](O)[C@@]3(C)CC[C@@H]12
CHEMBL1082864,ERbeta,7.200,,1,0,Active,exact,COc1ccc2c(c1)O[C@@H](c1ccc(OCCN3CCCCC3)cc1)C1=C2CCOc2cc(O)ccc21
CHEMBL502155,ERbeta,,3.000,0,1,Inactive,censored,c1ccc2c(CCc3cc(NCc4cccc5ccccc45)nc(NCc4cccc5ccccc45)n3)cccc2c1
CHEMBL5921602,ERbeta,7.310,,1,0,Active,exact,O=c1c2ccc(O)cc2c(Br)cn1-c1ccc(O)cc1
CHEMBL205577,ERbeta,4.940,,1,0,Inactive,exact,Cc1nc2cc(O)cc(O)c2c(=O)n1-c1ccc(O)cc1
CHEMBL364502,ERbeta,7.090,,1,0,Active,exact,N#Cc1c(O)ccc2cc(-c3ccc(O)cc3)ccc12
CHEMBL187207,ERbeta,8.520,,2,0,Active,exact,Oc1cc(Br)c2oc(-c3ccc(O)c(F)c3)nc2c1
CHEMBL56166,ERbeta,,6.000,0,1,,censored,O=C(c1ccc(OCCN2CCCCC2)cc1)N1c2ccc(O)cc2CCC1c1ccc(O)cc1
CHEMBL3589698,ERbeta,7.085,,2,0,Active,exact,O=C(CCCCCCC(=O)Nc1ccc(C2=C(c3ccc(O)cc3)C3CC(S(=O)(=O)Oc4ccc(F)cc4)C2O3)cc1)NO
CHEMBL3099433,ERbeta,6.960,,4,1,Active,exact,OC[C@H]1CCC[C@@H](c2ccc(O)cc2)CC1
CHEMBL1088344,ERbeta,7.620,,1,0,Active,exact,COc1ccc2c(c1)OCCC1=C2[C@H](c2ccc(OCCN3CCCCC3)cc2)Oc2cc(O)ccc21
CHEMBL1481087,ERbeta,,4.301,0,1,Inactive,censored,O=C(CNC(=O)c1ccco1)OCc1ccc(Cl)cc1
CHEMBL807,ERbeta,,4.523,0,1,Inactive,censored,CC12CC3CC(C)(C1)CC(N)(C3)C2
CHEMBL208324,ERbeta,7.330,,1,0,Active,exact,Oc1ccc(-n2cnc3cc(O)cc(O)c3c2=S)cc1
CHEMBL25228,ERbeta,6.990,,1,0,Active,exact,O=C1c2ccccc2C(=O)C12C(c1ccc(O)cc1)=Cc1cc(O)ccc12
CHEMBL83,ERbeta,6.730,,13,2,Active,exact,CC/C(=C(\c1ccccc1)c1ccc(OCCN(C)C)cc1)c1ccccc1
CHEMBL1601449,ERbeta,,4.301,0,1,Inactive,censored,Cc1cccc(NC(=O)C2CCN(S(=O)(=O)c3c(C)nn(C)c3C)CC2)n1
CHEMBL316561,ERbeta,,4.523,0,1,Inactive,censored,CCCN(CCC)C(=O)C(CCC(=O)O)NC(=O)c1ccccc1
CHEMBL341367,ERbeta,6.230,,1,0,Active,exact,Oc1cccc([C@H]2Sc3cc(O)ccc3S[C@H]2c2ccc(OCCN3CCCCC3)cc2)c1
CHEMBL377342,ERbeta,6.730,,1,0,Active,exact,CCCCC12CCC(=O)C=C1c1ccc(O)cc1C2
CHEMBL85536,ERbeta,7.220,,1,0,Active,exact,Oc1ccc2c(c1)S[C@H](Cc1ccccc1)[C@H](c1ccc(OCCN3CCCCC3)cc1)O2
CHEMBL187978,ERbeta,7.010,,2,0,Active,exact,Oc1ccc(-c2nc3cc(O)cc(-c4cccs4)c3o2)cc1
CHEMBL15770,ERbeta,,4.523,0,1,Inactive,censored,CC1=C(CC(=O)O)c2cc(F)ccc2/C1=C\c1ccc([S+](C)[O-])cc1
CHEMBL437190,ERbeta,6.280,,1,0,Active,exact,Cc1c([C@H](C)NC(=O)Cc2c(-c3ccccc3)[nH]c3ccccc23)n(Cc2ccc(OCCN3CC[C@H](C)C3)cc2)c2ccc(O)cc12
CHEMBL363955,ERbeta,8.460,,2,0,Active,exact,C=Cc1cc(O)cc2nc(-c3ccc(O)cc3)oc12
CHEMBL3234628,ERbeta,7.290,,1,0,Active,exact,Cc1cccc(/N=C(\c2ccc(O)cc2)c2ccc(O)cc2O)c1
CHEMBL241484,ERbeta,6.410,,1,0,Active,exact,C[C@H](CCc1ccc(O)cc1)NC(=O)Cc1c(-c2ccccc2)[nH]c2cc(OCCCCN3CCCCC3)ccc12
CHEMBL1201217,ERbeta,,4.523,0,1,Inactive,censored,CCCCOc1ccc(C(=O)CCN2CCCCC2)cc1
CHEMBL492494,ERbeta,,3.000,0,1,Inactive,censored,CC(C)CNc1nc(CCc2cccc3ccccc23)cc(N(CC(C)C)C(=O)OC(C)(C)C)n1
CHEMBL314561,ERbeta,9.330,,1,0,Active,exact,Cc1c(-c2ccc(O)cc2)oc(-c2ccc(O)cc2)c1-c1ccc(OCCN2CCCCC2)cc1
CHEMBL1085667,ERbeta,,5.000,0,1,,censored,COc1ccc2c(c1)O[C@@H](c1ccc(OCCN3CCCCC3)cc1)C1=C2CCOc2cc(OC)ccc21
CHEMBL1329271,ERbeta,4.670,,2,0,Inactive,exact,CCc1ccccc1NC(=O)c1cc2ncc(Br)cn2n1
CHEMBL77930,ERbeta,6.920,,1,0,Active,exact,CCC1Oc2cc(O)cc(O)c2N=C1c1ccc(O)cc1
CHEMBL4224880,ERbeta,8.510,,1,0,Active,exact,O=C(O)/C=C/c1ccc(C2=C(c3ccc(O)cc3)CCSc3cc(F)ccc32)cc1
CHEMBL258552,ERbeta,5.620,,1,0,,exact,COc1ccc(-c2ccc(O)cc2)cc1
CHEMBL493500,ERbeta,,3.000,0,1,Inactive,censored,O=S(=O)(Cc1ccccc1)c1cc(CCc2ccccc2)nc(S(=O)(=O)Cc2ccccc2)n1
CHEMBL1592951,ERbeta,4.480,,1,0,Inactive,exact,O=C(CCCn1c(=S)[nH]c2ccccc2c1=O)N1CCN(c2ccc(C(F)(F)F)cc2)CC1
CHEMBL183399,ERbeta,7.050,,1,0,Active,exact,C[C@@H]1CCN([C@H](C)COc2ccc([C@@H]3Oc4ccc(O)cc4S[C@@H]3c3ccc(O)cc3)cc2)C1
CHEMBL425092,ERbeta,7.540,,1,0,Active,exact,CCCc1c(O)cc(O)c2c1O[C@H](c1ccc(O)cc1)CC2=O
CHEMBL6,ERbeta,,4.523,0,1,Inactive,censored,COc1ccc2c(c1)c(CC(=O)O)c(C)n2C(=O)c1ccc(Cl)cc1
CHEMBL5171558,ERbeta,,5.000,0,1,,censored,CN1C(=O)NC(c2ccc(OCCN3CCNCC3)cc2)C2=C1c1ccccc1C2=O
CHEMBL1059,ERbeta,,4.523,0,1,Inactive,censored,CC(C)C[C@H](CN)CC(=O)O
CHEMBL244206,ERbeta,9.540,,1,0,Active,exact,Oc1ccc2c(Oc3ccc(OCCN4CCCCC4)cc3)c(-c3ccc(F)c(F)c3)ccc2c1
CHEMBL377848,ERbeta,7.640,,1,0,Active,exact,CCCC1=C2c3ccc4[nH]nnc4c3CC2(CCC)CCC1=O
CHEMBL1628227,ERbeta,,4.523,0,1,Inactive,censored,CN(C)CCC=C1c2ccccc2COc2ccccc21
CHEMBL440283,ERbeta,8.000,,2,0,Active,exact,C[C@]12CC[C@H]3[C@@H](CC=C4C[C@@H](O)CC[C@@]43C)[C@@H]1CC[C@@H]2O
CHEMBL98558,ERbeta,6.860,,4,0,Active,exact,CC1(c2ccc(OCCN3CCCC3)cc2)c2ccc(O)cc2CCN1c1ccccc1
CHEMBL1572452,ERbeta,5.395,,2,0,,exact,CC(C)(C)OC(=O)N1CCN(c2ccc(NC(=O)Cn3nnc(-c4ccccc4)n3)cc2)CC1.Cl
CHEMBL522206,ERbeta,,3.000,0,1,Inactive,censored,C(=C/c1cc(NCc2ccccc2)nc(NCc2ccccc2)n1)\c1ccccc1
CHEMBL25,ERbeta,,4.523,0,1,Inactive,censored,CC(=O)Oc1ccccc1C(=O)O
CHEMBL78567,ERbeta,6.460,,1,0,Active,exact,O=c1c2oc3c(Br)cc(O)cc3c2oc2cc(O)cc(O)c12
CHEMBL1578546,ERbeta,5.420,,1,1,,exact,CSc1ccccc1NC(=O)c1noc2c1CCC2
CHEMBL5562856,ERbeta,5.050,,1,0,,exact,CCC(=C(c1ccc(O)cc1)c1ccc(OCCNCCCCCCN)cc1)c1ccccc1
CHEMBL373987,ERbeta,7.960,,1,0,Active,exact,CC1=C2c3ccc(O)cc3C[C@@]23CCC[C@H](C3)C1=O
CHEMBL204056,ERbeta,7.360,,1,0,Active,exact,Cc1cc(Br)c2c(c1)c(=O)oc1c(C)c(O)ccc12
CHEMBL371126,ERbeta,8.220,,1,0,Active,exact,Cc1c(O)cc(C#N)c2cc(-c3ccc(O)c(F)c3)ccc12
CHEMBL1509453,ERbeta,5.090,,1,0,,exact,Cc1ccc(C(=O)ONc2ccc(N=NC(=O)c3ccccc3O)cc2)cc1
CHEMBL3666807,ERbeta,,5.000,0,1,,censored,C[C@H](NC(=O)C(C)(F)F)[C@H](Oc1ccc2c(cnn2-c2cccc(C(=O)N[C@@H]3CCOC3)c2)c1)c1ccc2c(c1)OCCO2
CHEMBL708,ERbeta,,4.523,0,1,Inactive,censored,O=C1Cc2cc(CCN3CCN(c4nsc5ccccc45)CC3)c(Cl)cc2N1
CHEMBL206349,ERbeta,5.160,,1,0,,exact,O=c1c2c(O)cc(O)cc2[nH]c(=S)n1-c1ccc(O)cc1
CHEMBL597888,ERbeta,4.910,,1,0,Inactive,exact,NC(=O)c1cccc2c1C(=O)N(C1CCCCC1)C2
CHEMBL1501334,ERbeta,4.880,,1,0,Inactive,exact,OC(COc1ccc(C2C=CCC2)cc1)CN1CCCCC1
CHEMBL215802,ERbeta,8.240,,1,0,Active,exact,CCCC[C@@]12CCC(=O)C(Br)=C1c1ccc3[nH]nnc3c1C2
CHEMBL244205,ERbeta,9.550,,1,0,Active,exact,Oc1ccc2c(Oc3ccc(OCCN4CCCCC4)cc3)c(-c3ccc(F)cc3)ccc2c1
CHEMBL480420,ERbeta,8.000,,1,0,Active,exact,O/N=C/c1cc(-c2ccc(O)cc2)ccc1O
CHEMBL489,ERbeta,7.920,,6,0,Active,exact,CC/C(=C(\c1ccc(O)cc1)c1ccc(OCCN(C)C)cc1)c1ccccc1
CHEMBL243789,ERbeta,8.880,,1,0,Active,exact,CS(=O)(=O)c1ccc(-c2ccc3cc(O)ccc3c2Oc2ccc(OCCN3CCCCC3)cc2)cc1
CHEMBL195465,ERbeta,6.725,,2,0,Active,exact,CC1CN(c2ccc(C3c4ccc(O)cc4CCN3c3ccccc3)cc2)CCN1C
CHEMBL1079,ERbeta,,4.523,0,1,Inactive,censored,Clc1ccc2nsnc2c1NC1=NCCN1
CHEMBL206287,ERbeta,5.400,,1,0,,exact,O=c1c2c(O)c(I)c(O)cc2ncn1-c1ccc(O)cc1
CHEMBL212923,ERbeta,,5.000,0,1,,censored,O=C1C=C2c3ccc4[nH]ncc4c3CC2(Cc2ccccc2)CC1
CHEMBL362428,ERbeta,7.890,,1,0,Active,exact,C[C@@H]1c2ccc(O)cc2O[C@@H](c2ccc(OCCN3CCCCC3)cc2)[C@H]1c1ccc(O)cc1
CHEMBL69408,ERbeta,9.520,,1,0,Active,exact,CCC1=C(c2ccc(O)cc2)Cc2cc(O)ccc21
CHEMBL192901,ERbeta,8.960,,1,0,Active,exact,O=Cc1cc(O)cc2ccc(-c3ccc(O)c(F)c3)cc12
CHEMBL1097284,ERbeta,6.460,,2,0,Active,exact,Cc1ccc(S(=O)(=O)N2Cc3ccc([C@]4(O)CC[C@H]5[C@@H]6CCc7cc(O)ccc7[C@H]6CC[C@@]54C)cc3C2)cc1
CHEMBL200021,ERbeta,8.620,,1,0,Active,exact,Oc1ccc(-c2noc(C(F)(F)F)c2-c2ccccc2)cc1
CHEMBL201569,ERbeta,7.080,,1,0,Active,exact,C[C@]12CCC3C(CC=C4C[C@@H](O)CC[C@@]43/C=C\Cl)C1CC[C@@H]2O
CHEMBL1083497,ERbeta,,6.000,0,1,,censored,CN1CCN(CCOc2cccc([C@H]3Oc4cc(O)ccc4C4=C3c3ccc(O)cc3OCC4)c2)CC1
CHEMBL209738,ERbeta,7.920,,1,0,Active,exact,CCCCC12CCC(=O)C(C)=C1c1ccc3[nH]ncc3c1C2
CHEMBL206426,ERbeta,4.290,,1,0,Inactive,exact,O=c1c2c(O)cc(O)cc2ncn1-c1ccc(O)nc1
CHEMBL4647883,ERbeta,5.000,,1,0,,exact,COC(=O)C1=C(N)Oc2cc(O)ccc2C1c1ccc(O)cc1
CHEMBL245771,ERbeta,,5.000,0,1,,censored,C[C@]12CC[C@H]3[C@@H](CC=C4C[C@@H]5CC[C@@]43CC(=O)O5)[C@@H]1CC[C@@H]2O
CHEMBL1588434,ERbeta,,3.962,0,2,Inactive,censored,Sc1nnc(-c2cc(-c3ccco3)[nH]n2)n1-c1ccccc1Cl
CHEMBL236720,ERbeta,9.280,,1,0,Active,exact,COCc1cc(O)cc2c1O[C@@H](c1ccc(O)cc1)[C@H]1CC(F)(F)C[C@@H]21
CHEMBL4214942,ERbeta,6.855,,2,0,Active,exact,COc1cc(/C=C/c2cccc(OS(=O)(=O)C3CC4OC3C(c3ccc(O)cc3)=C4c3ccc(O)cc3)c2)cc(OC)c1
CHEMBL1449547,ERbeta,4.840,,1,0,Inactive,exact,COc1ccc(NC(=O)Nc2ccc(N(C)C)cc2)cc1
CHEMBL416146,ERbeta,,4.523,0,1,Inactive,censored,Cc1ccc(-c2ncc(Cl)cc2-c2ccc(S(C)(=O)=O)cc2)cn1
CHEMBL3198515,ERbeta,5.150,,2,0,,exact,CC(=N)/C(C#N)=C(/O)CSc1nnc(COc2ccccc2Cl)o1
CHEMBL46740,ERbeta,7.070,,3,0,Active,exact,Cc1c(-c2ccc(O)cc2)n(Cc2ccc(OCCN3CCCCCC3)cc2)c2ccc(O)cc12
CHEMBL145576,ERbeta,8.230,,1,0,Active,exact,CC1=C(c2ccc(O)cc2)C2(Cc3ccccc3C2)c2ccc(O)cc21
CHEMBL194326,ERbeta,8.160,,1,0,Active,exact,N#Cc1cc(-c2cc(F)c(O)cc2F)cc2ccc(O)cc12
CHEMBL4593988,ERbeta,7.250,,2,1,Active,exact,OCC1CC=C(c2ccc(O)cc2)CC1
CHEMBL181404,ERbeta,7.800,,1,0,Active,exact,C[C@H]1CCN(CCOc2ccc([C@@H]3Oc4ccc(O)c(F)c4[C@@H](C)[C@@H]3c3ccc(O)cc3)cc2)C1
CHEMBL433581,ERbeta,7.720,,1,0,Active,exact,C[C@H]1CCN(CCOc2ccc([C@@H]3Oc4ccc(O)cc4[C@@H](C)[C@@H]3c3ccc(O)cc3)cc2)C1
CHEMBL150356,ERbeta,5.760,,1,0,,exact,Oc1ccc(CCNc2nc(NCCc3ccccc3)nc(N3CCNCC3)n2)cc1
CHEMBL195216,ERbeta,6.580,,2,0,Active,exact,CCN1CCN(c2ccc(C3c4ccc(O)cc4CCN3c3ccccc3)cc2)CC1C
CHEMBL153211,ERbeta,5.430,,1,0,,exact,CN1CCN(c2nc(NCCCc3ccccc3)nc(NCc3ccc(O)cc3)n2)CC1
CHEMBL346401,ERbeta,6.310,,1,0,Active,exact,CN1CCN(c2nc(NCCCCc3ccccc3)nc(NCCc3ccc(O)cc3)n2)CC1
CHEMBL492657,ERbeta,,3.000,0,1,Inactive,censored,C(=C/c1cc(/C=C/c2ccccc2)nc(NCc2cccc3ccccc23)n1)\c1ccccc1
CHEMBL58714,ERbeta,6.960,,1,0,Active,exact,Cc1cc(-c2cc(-c3ccccc3)cc(N3CCC(Cc4ccccc4)CC3)n2)ccc1O
CHEMBL1087419,ERbeta,7.510,,1,0,Active,exact,Oc1ccc2c(c1)OC(c1ccc(OCCN3CCCCC3)cc1)C1=C2CCOc2cc(O)ccc21
CHEMBL31721,ERbeta,7.355,,2,0,Active,exact,Cc1cc(O)ccc1-c1cc2ccc(O)cc2s1
CHEMBL30,ERbeta,,4.523,0,1,Inactive,censored,CN/C(=N\CCSCc1nc[nH]c1C)NC#N
CHEMBL3589348,ERbeta,5.850,,1,0,,exact,COC(=O)CCCCCCC(=O)Nc1cccc(OS(=O)(=O)C2CC3OC2C(c2ccc(O)cc2)=C3c2ccc(O)cc2)c1
CHEMBL121879,ERbeta,6.440,,1,0,Active,exact,CN1CCCN(c2ccc([C@@H]3Oc4ccc(O)cc4S[C@@H]3c3ccc(O)cc3)cc2)CC1
CHEMBL188619,ERbeta,6.590,,2,0,Active,exact,Oc1ccc2c(-c3ccccc3O)noc2c1
CHEMBL5565514,ERbeta,7.060,,1,0,Active,exact,Cc1ncsc1-c1ccc([C@H](C)NC(=O)[C@@H]2C[C@@H](O)CN2C(=O)[C@@H](NC(=O)COCCOCCOc2ccc(N(CC(F)(F)F)S(=O)(=O)C3CC4OC3C(c3ccc(-n5ccnc5)cc3)=C4c3ccc(O)cc3)cc2)C(C)(C)C)cc1
CHEMBL153303,ERbeta,6.770,,1,0,Active,exact,CN1CCN(c2nc(NCCCc3ccccc3)nc(NC3CCc4cc(O)ccc4C3)n2)CC1
CHEMBL152913,ERbeta,7.000,,1,0,Active,exact,CCN(CCCc1ccc(Cl)cc1)c1nc(NCCc2ccc(O)cc2)nc(N2CCNCC2)n1
CHEMBL809,ERbeta,,4.523,0,1,Inactive,censored,CN[C@H]1CC[C@@H](c2ccc(Cl)c(Cl)c2)c2ccccc21
CHEMBL1331469,ERbeta,7.100,,1,0,Active,exact,CN1CCN(c2ccc(NC(=O)c3cccc(OCc4ccccc4)c3)cc2)CC1
CHEMBL180707,ERbeta,8.220,,2,0,Active,exact,O=C(c1ccc(N2CCN(C(=O)c3ccc(Cl)cc3)CC2)cc1)c1c(-c2ccc(O)cc2)sc2cc(O)ccc12
CHEMBL129795,ERbeta,6.570,,1,0,Active,exact,O=C(/C=C/c1ccc(O)cc1)c1ccc(O)cc1O
CHEMBL2403347,ERbeta,6.520,,1,0,Active,exact,CCC(CC)(c1cc(C)c(O)c(C)c1)c1cc(C)c(O)c(C)c1
CHEMBL1573389,ERbeta,5.160,,1,1,,exact,O=C(Nc1sc2c(c1C(=O)O)CCC2)c1ccccc1
CHEMBL48352,ERbeta,7.270,,1,0,Active,exact,Oc1ccc(C2=C(c3ccccc3)c3ccc(O)cc3C2)cc1
CHEMBL5556708,ERbeta,5.440,,1,0,,exact,Cc1ncsc1-c1ccc([C@H](C)NC(=O)[C@@H]2C[C@@H](O)CN2C(=O)[C@@H](NC(=O)CCCCCCCOc2ccc(N(CC(F)(F)F)S(=O)(=O)C3CC4OC3C(c3ccc(-n5ccnc5)cc3)=C4c3ccc(O)cc3)cc2)C(C)(C)C)cc1
CHEMBL1085172,ERbeta,6.240,,1,0,Active,exact,CN1CCN(CCOc2ccc([C@@H]3Oc4cc(O)ccc4C4=C3c3ccc(O)cc3OCC4)cc2)CC1
CHEMBL371777,ERbeta,7.960,,1,0,Active,exact,CC1=C(c2ccc(O)cc2)C(=O)c2cc(O)ccc21
CHEMBL327515,ERbeta,6.400,,4,0,Active,exact,Cc1ccc(N2CCc3cc(O)ccc3C2(C)c2ccc(OCCN3CCCC3)cc2)cc1
CHEMBL1083805,ERbeta,,6.000,0,1,,censored,CN1CCN(CCOc2cccc([C@@H]3Oc4cc(O)ccc4C4=C3c3ccc(O)cc3OCC4)c2)CC1
CHEMBL316292,ERbeta,5.650,,1,0,,exact,O=C(c1ccccc1)N1CCc2cc(O)ccc2C1c1ccc(OCCN2CCCC2)cc1
CHEMBL198877,ERbeta,5.250,,1,0,,exact,Oc1ccc([C@H]2COc3cc(O)ccc3C2)cc1
CHEMBL4224834,ERbeta,7.140,,1,0,Active,exact,O=C(/C=C/c1ccc(C2=C(c3ccc(O)cc3)CCOc3cc(F)ccc32)cc1)N1CCN(Cc2ccccc2)CC1
CHEMBL153706,ERbeta,7.400,,1,0,Active,exact,CN(CCCc1ccc(Cl)cc1)c1nc(NCCc2ccc(O)cc2)nc(N2CCN(C3CCCC3)CC2)n1
CHEMBL312186,ERbeta,8.770,,1,0,Active,exact,O=c1c2c(O)cc(O)cc2oc2oc3cc(O)ccc3c12
CHEMBL243791,ERbeta,8.660,,1,0,Active,exact,CC(C)S(=O)(=O)c1ccc(-c2ccc3cc(O)ccc3c2Oc2ccc(OCCN3CCCCC3)cc2)cc1
CHEMBL5877031,ERbeta,5.960,,1,0,,exact,CC1CC(C)(C)CC(c2ccc(O)cc2)(c2ccc(O)cc2)C1
CHEMBL195058,ERbeta,5.700,,2,0,,exact,Oc1ccc2cc(-c3ccccc3O)ccc2c1
CHEMBL492685,ERbeta,,3.000,0,1,Inactive,censored,CC(C)CCc1cc(S(=O)(=O)Cc2ccccc2)nc(S(=O)(=O)Cc2ccccc2)n1
CHEMBL4871032,ERbeta,5.330,,2,0,,exact,CN(c1cccc2ccccc12)S(=O)(=O)C1CC2OC1C(c1ccc(NC(=O)CCCCCCC(=O)O)cc1)=C2c1ccc(O)cc1
CHEMBL288441,ERbeta,,4.523,0,1,Inactive,censored,COc1cc(Nc2c(C#N)cnc3cc(OCCCN4CCN(C)CC4)c(OC)cc23)c(Cl)cc1Cl
CHEMBL4777271,ERbeta,7.390,,1,0,Active,exact,Oc1ccc(C(=C(Cn2ccnc2)c2ccccc2)c2ccc(O)cc2)cc1
CHEMBL180538,ERbeta,6.750,,1,0,Active,exact,C[C@H]1c2ccc(O)cc2O[C@@H](c2ccc(OCCN3CCCCC3)cc2)[C@H]1c1ccc(O)cc1
CHEMBL831,ERbeta,,4.523,0,1,Inactive,censored,CN1CCN(C2=Nc3ccccc3Oc3ccc(Cl)cc32)CC1
CHEMBL155510,ERbeta,7.520,,1,0,Active,exact,CN(CCCc1ccc2c(c1)OCO2)c1nc(NCCc2ccc(O)cc2)nc(N2CCNCC2)n1
CHEMBL306636,ERbeta,6.500,,1,0,Active,exact,CCCC1Oc2cc(O)ccc2N=C1c1ccc(O)cc1
CHEMBL1309624,ERbeta,5.390,,1,0,,exact,O=C(c1ccc(CS(=O)(=O)c2ccccc2)o1)N1CCC2(CC1)OCCO2
CHEMBL4279577,ERbeta,6.910,,2,1,Active,exact,Oc1ccc(C2CCCC(O)CC2)cc1
CHEMBL379441,ERbeta,6.670,,1,0,Active,exact,C[C@]12CCC3C(CC=C4C[C@@H](O)CC[C@@]43/C=C\Br)C1CC[C@@H]2O
CHEMBL93793,ERbeta,7.330,,1,0,Active,exact,Cc1cc(O)cc2c1S[C@@H](c1ccc(O)cc1)[C@@H](c1ccc(OCCN3CCCCC3)cc1)O2
CHEMBL1574,ERbeta,,4.523,0,1,Inactive,censored,CC(C)(N)Cc1ccccc1
CHEMBL1328586,ERbeta,5.290,,1,0,,exact,CCC(=O)Nc1ccc(C(=O)Cn2nc(C(=O)O)c3ccccc3c2=O)cc1
CHEMBL5402062,ERbeta,4.880,,1,0,Inactive,exact,CCN(c1ccc(OCCCCCC(=O)N[C@H](C(=O)N2C[C@H](O)C[C@H]2C(=O)N[C@@H](C)c2ccc(-c3scnc3C)cc2)C(C)(C)C)cc1)S(=O)(=O)C1CC2OC1C(c1ccc(O)cc1)=C2c1ccc(O)cc1
CHEMBL1463596,ERbeta,,4.301,0,1,Inactive,censored,NC(=O)COc1ccc(C2c3c(oc4ccccc4c3=O)C(=O)N2CC2CCCO2)cc1
CHEMBL4288951,ERbeta,5.880,,1,0,,exact,Cc1cc(O)ccc1-c1c[se]cc1-c1ccc(OCCN2CCCCC2)cc1C
CHEMBL187105,ERbeta,8.850,,3,0,Active,exact,Oc1ccc2cc(-c3noc4cc(O)ccc34)ccc2c1
CHEMBL1401253,ERbeta,,4.301,0,1,Inactive,censored,CCOC(=O)c1cccc(NC(=O)c2cccs2)c1
CHEMBL3823192,ERbeta,6.810,,1,0,Active,exact,COc1ccc(/C=C(/C(=O)N(C)CCCCCCCCCCCCn2c(-c3ccc(O)cc3)c(C)c3cc(O)ccc32)c2cc(OC)c(OC)c(OC)c2)cc1O
CHEMBL34679,ERbeta,5.900,,1,0,,exact,O=C1c2c(Cl)cc(O)cc2O[C@H](c2ccc(OCCN3CCCCC3)cc2)[C@@H]1c1ccc(O)cc1
CHEMBL360498,ERbeta,7.600,,1,0,Active,exact,O=C(c1ccc(N2CCN(C(=O)c3ccccc3)CC2)cc1)c1c(-c2ccc(O)cc2)sc2cc(O)ccc12
CHEMBL183388,ERbeta,7.620,,1,0,Active,exact,CC[C@@H]1CCN(CCOc2ccc([C@@H]3Oc4ccc(O)cc4S[C@@H]3c3ccc(O)cc3)cc2)C1
CHEMBL4789847,ERbeta,9.040,,1,0,Active,exact,N#CC1(Cc2ccc(O)c(F)c2)CCc2cc(O)ccc21
CHEMBL377847,ERbeta,6.660,,1,0,Active,exact,CCCC12CCC(=O)C=C1c1ccc(O)cc1C2
CHEMBL4647229,ERbeta,5.180,,1,0,,exact,CCCCOC(=O)C1=C(N)Oc2cc(O)ccc2C1c1ccc(OCCN2CCCC2)cc1
CHEMBL1438401,ERbeta,,4.301,0,1,Inactive,censored,O=C(c1cc(-c2ccco2)on1)N1CCCc2ccccc21
CHEMBL179929,ERbeta,6.500,,1,0,Active,exact,COc1ccc2c(c1)CO[C@H](c1ccccc1)[C@@H]2c1ccc(OCCN2CCCC2)cc1
CHEMBL14060,ERbeta,,3.602,0,1,Inactive,censored,Oc1ccccc1
CHEMBL185837,ERbeta,6.420,,2,0,Active,exact,O/N=C/c1cc(O)ccc1-c1noc2cc(O)ccc12
CHEMBL184151,ERbeta,7.850,,1,0,Active,exact,N#CCc1cc(O)cc2cc(-c3ccc(O)cc3)oc12
CHEMBL3350384,ERbeta,7.450,,2,0,Active,exact,CCC(=C(c1ccc(O)cc1)c1ccc(OCCN)cc1)c1ccccc1
CHEMBL182794,ERbeta,7.820,,1,0,Active,exact,CC(C)[C@H](COc1ccc([C@@H]2Oc3ccc(O)cc3S[C@@H]2c2ccc(O)cc2)cc1)N1CCCC1
CHEMBL100617,ERbeta,6.925,,4,0,Active,exact,CC1(c2ccc(OCCN3CCCCC3)cc2)c2ccc(O)cc2CCN1c1cccc(O)c1
CHEMBL5426983,ERbeta,7.700,,1,0,Active,exact,Cc1c(OCCNCCCF)ncc(F)c1[C@@H]1c2[nH]c3ccccc3c2C[C@@H](C)N1C[C@@H](C)C(=O)O
CHEMBL5177207,ERbeta,,5.000,0,1,,censored,CN1CCN(CCOc2ccc(C3NC(=O)N(C)C4=C3C(=O)c3ccccc34)cc2)CC1
CHEMBL183092,ERbeta,7.010,,1,0,Active,exact,CC[C@@H](CN1CCCC1)Oc1ccc([C@@H]2Oc3ccc(O)cc3S[C@@H]2c2ccc(O)cc2)cc1
CHEMBL186598,ERbeta,8.440,,2,0,Active,exact,CCCc1cc(-c2noc3cc(O)ccc23)c(CC)cc1O
CHEMBL1528726,ERbeta,5.120,,2,0,,exact,COc1ccccc1N1CCN(C(=O)c2ccc3nc(-c4ccco4)c(-c4ccco4)nc3c2)CC1
CHEMBL1482616,ERbeta,,4.301,0,1,Inactive,censored,Cc1ccc(C)c(Cn2c(=O)n(-c3ccc(CC(=O)NCc4ccco4)cc3)c(=O)c3sccc32)c1
CHEMBL202400,ERbeta,7.660,,1,0,Active,exact,C[C@]12CCC3C(CC=C4C[C@@H](O)CC[C@@]43/C=C/F)C1CC[C@@H]2O
CHEMBL5395953,ERbeta,5.310,,1,0,,exact,O=C(COc1ccc(C2CCC(=O)NC2=O)cc1)NCCNC(=O)COc1ccc(N(CC(F)(F)F)S(=O)(=O)C2CC3OC2C(c2ccc(O)cc2)=C3c2ccc(O)cc2)cc1
CHEMBL1426947,ERbeta,5.910,,2,0,,exact,COc1ccc(N2Cc3cccc(C(=O)O)c3C2=O)cc1
CHEMBL197495,ERbeta,9.050,,1,0,Active,exact,C[C@@H](COc1ccc([C@@H]2c3ccc(O)cc3CC[C@@H]2c2ccccc2)cc1)N1CCCC1
CHEMBL494321,ERbeta,,3.000,0,1,Inactive,censored,CC(C)CCc1cc(OCc2ccccc2)nc(OCc2ccccc2)n1
CHEMBL206286,ERbeta,5.080,,1,0,,exact,Nc1cc(O)cc2ncn(-c3ccc(O)cc3)c(=O)c12
CHEMBL370609,ERbeta,7.280,,1,0,Active,exact,CCC1=C(c2ccc(O)cc2)C(C(=O)O)c2cc(O)ccc21
CHEMBL213529,ERbeta,7.750,,1,0,Active,exact,CCCC12CCC(=O)C(CC)=C1c1ccc3[nH]nnc3c1C2
CHEMBL426641,ERbeta,8.660,,1,0,Active,exact,N#Cc1cc(-c2c(F)cc(O)cc2F)cc2ccc(O)cc12
CHEMBL452996,ERbeta,,3.000,0,1,Inactive,censored,CC(C)CN(C(=O)OC(C)(C)C)c1cc(CCc2cccc3ccccc23)nc(NCc2cccc3ccccc23)n1
CHEMBL327320,ERbeta,7.425,,2,0,Active,exact,Oc1cccc([C@H]2Sc3cc(O)ccc3O[C@H]2c2ccc(OCCN3CCCC3)cc2)c1
CHEMBL363630,ERbeta,7.600,,1,0,Active,exact,CCc1nc2cc(O)ccc2c(Oc2ccc(/C=C/C(N)=O)cc2)c1-c1ccccc1
CHEMBL2403362,ERbeta,6.750,,1,0,Active,exact,CCCCC(CCCC)(c1ccc(O)cc1)c1ccc(O)cc1
CHEMBL5424929,ERbeta,5.850,,1,0,,exact,COc1ccc(N(C)S(=O)(=O)C2CC3OC2C(c2ccc(-c4cnn(C)c4)cc2)=C3c2ccc(O)cc2)cc1
CHEMBL245577,ERbeta,,5.000,0,1,,censored,C[C@]12CC[C@H]3[C@@H](CC=C4[C@@H]5C(=O)CC[C@@]43C[C@@H]5O)[C@@H]1CC[C@@H]2O
CHEMBL1574743,ERbeta,,4.301,0,1,Inactive,censored,CC(C)CC(OC(=O)c1cccs1)C(=O)NCc1ccco1
CHEMBL293599,ERbeta,7.190,,1,0,Active,exact,Oc1ccc(C2CCc3cc(O)ccc3N2)cc1
CHEMBL244001,ERbeta,8.940,,1,0,Active,exact,CN(C)C(=O)c1ccc(-c2ccc3cc(O)ccc3c2Oc2ccc(OCCN3CCCCC3)cc2)cc1
CHEMBL131,ERbeta,,4.000,0,3,Inactive,censored,C[C@]12C=CC(=O)C=C1CC[C@@H]1[C@@H]2[C@@H](O)C[C@@]2(C)[C@H]1CC[C@]2(O)C(=O)CO
CHEMBL1087418,ERbeta,7.390,,1,0,Active,exact,Oc1ccc2c(c1)O[C@@H](c1ccc(OCCN3CCCCCC3)cc1)C1=C2CCOc2ccccc21
CHEMBL180146,ERbeta,7.750,,1,0,Active,exact,C[C@@H]1c2c(ccc(O)c2F)O[C@@H](c2ccc(OCCN3CCCCC3)cc2)[C@H]1c1ccc(O)cc1
CHEMBL1342645,ERbeta,5.460,,2,0,,exact,Cc1cc2n(c1)CCn1c(C)ccc1-2
CHEMBL206702,ERbeta,4.910,,1,0,Inactive,exact,O=c1c2c(O)c(I)c(O)c(I)c2ncn1-c1ccc(O)cc1
CHEMBL1299346,ERbeta,,4.301,0,1,Inactive,censored,CSc1ccc(C2C(C#N)=C(N)Oc3c2ccc(=O)c2c(C)oc(C)c32)cc1
CHEMBL188051,ERbeta,8.820,,2,0,Active,exact,Oc1ccc2c(-c3cccc4c(O)cccc34)noc2c1
CHEMBL204902,ERbeta,7.850,,1,0,Active,exact,CCc1c(O)ccc2c1c(=O)oc1c(C)c(O)ccc12
CHEMBL3977491,ERbeta,6.070,,1,0,Active,exact,CC(=C(c1ccc(O)cc1)c1ccc(O)cc1)c1ccc(N)cc1
CHEMBL4290025,ERbeta,6.990,,1,0,Active,exact,Oc1ccc(-c2c[se]cc2-c2ccc(OCCN3CCCC3)cc2)cc1
CHEMBL1612543,ERbeta,,4.301,0,1,Inactive,censored,Cc1cc(C)n2nc(C(=O)OCC(=O)c3cc(C)n(C)c3C)nc2n1
CHEMBL213829,ERbeta,9.520,,1,0,Active,exact,CCCC[C@@]12CCC(=O)C(CC)=C1c1ccc3[nH]nc(F)c3c1C2
CHEMBL427180,ERbeta,7.570,,1,0,Active,exact,COc1cc(O)ccc1-c1ccc2cc(O)ccc2c1
CHEMBL1541075,ERbeta,,4.301,0,1,Inactive,censored,CC(C)COC(=O)c1nnsc1NC(=O)Nc1ccccc1
CHEMBL3207950,ERbeta,4.870,,1,0,Inactive,exact,CC(=N)/C(C#N)=C(/O)CSc1nnc(Cc2ccccc2F)n1N
CHEMBL3578295,ERbeta,5.140,,1,0,,exact,C[C@H](c1ccc(F)cc1)N1C(=O)O[C@](Cc2ccccc2)(c2nc3c(NS(C)(=O)=O)cccc3[nH]2)C1=O
CHEMBL463804,ERbeta,4.830,,1,0,Inactive,exact,Oc1ccc([C@H]2CCc3ccc(O)cc3O2)cc1
CHEMBL5432102,ERbeta,7.050,,1,0,Active,exact,CCN(c1ccc(OC)cc1)S(=O)(=O)C1CC2OC1C(c1cnn(C)c1)=C2c1ccc(O)cc1
CHEMBL1200692,ERbeta,,4.523,0,1,Inactive,censored,CCCc1nc(C(C)(C)O)c(C(=O)OCc2oc(=O)oc2C)n1Cc1ccc(-c2ccccc2-c2nnn[nH]2)cc1
CHEMBL31068,ERbeta,6.700,,1,0,Active,exact,CC(C)=C(C)c1ccc2c(c1)c(-c1ccc(OCCN3CCCCC3)cc1)cc1cc(O)cc(C)c12
CHEMBL1098709,ERbeta,7.460,,3,0,Active,exact,CCOC(=O)C1(C(C)=O)Cc2ccc([C@]3(O)CC[C@H]4[C@@H]5CCc6cc(O)ccc6[C@H]5CC[C@@]43C)cc2C1
CHEMBL39736,ERbeta,,4.523,0,1,Inactive,censored,CCCCNC(=N)NC(=N)N
CHEMBL397344,ERbeta,5.840,,1,0,,exact,C[C@]12CC[C@H]3[C@@H](CC=C4[C@H]5CC[C@]43CCC5=O)[C@@H]1CC[C@@H]2O
CHEMBL2105737,ERbeta,,4.523,0,1,Inactive,censored,Cc1c(C(=O)Nc2ccc(N3C[C@@H](C)O[C@@H](C)C3)nc2)cccc1-c1ccc(OC(F)(F)F)cc1
CHEMBL5420532,ERbeta,,5.000,0,1,,censored,O=C(O)Cc1ccc(-c2ccc(OCc3c(-c4c(Cl)cccc4Cl)noc3C3CC3)cc2)cc1
CHEMBL211358,ERbeta,6.250,,1,0,Active,exact,CC1=C2c3ccc4[nH]ncc4c3CC2(Cc2ccccc2F)CCC1=O
CHEMBL3234615,ERbeta,7.390,,1,0,Active,exact,Cc1cccc(N=C(c2ccc(O)cc2)c2ccc(O)cc2)c1
CHEMBL81,ERbeta,7.920,,29,0,Active,exact,O=C(c1ccc(OCCN2CCCCC2)cc1)c1c(-c2ccc(O)cc2)sc2cc(O)ccc12
CHEMBL5984039,ERbeta,8.520,,1,0,Active,exact,O=c1c2c(O)cc(O)cc2c(-c2ccccc2)cn1-c1ccc(O)cc1
CHEMBL83451,ERbeta,5.090,,1,0,,exact,Oc1ccc2c(c1)S[C@H](c1ccncc1)[C@H](c1ccc(OCCN3CCCCC3)cc1)O2
CHEMBL378473,ERbeta,5.240,,1,0,,exact,CC1=C2c3ccc4[nH]nnc4c3CC2(Cc2ccccc2)CCC1=O
CHEMBL3578286,ERbeta,5.570,,1,0,,exact,C[C@H](c1ccc(F)cc1)N1C(=O)O[C@](Cc2ccccc2)(c2nc3cc(-c4cccnc4)ccc3[nH]2)C1=O
CHEMBL1337575,ERbeta,5.345,,2,0,,exact,COC(=O)c1ccccc1NC(=O)c1noc2c1CCC2
CHEMBL100763,ERbeta,6.400,,4,0,Active,exact,CC1(c2ccc(OCCN3CCCC3)cc2)c2ccc(O)cc2CCN1c1ccc(Cl)cc1
CHEMBL469511,ERbeta,8.540,,1,0,Active,exact,Oc1ccc(C2=C(c3ccc(OCCN4CCCC4)cc3)c3ccc(O)cc3OCC2)cc1
CHEMBL1431,ERbeta,,4.523,0,1,Inactive,censored,CN(C)C(=N)NC(=N)N
CHEMBL214291,ERbeta,,5.000,0,1,,censored,CC1=C2c3ccc4[nH]nnc4c3CC2(Cc2ccc(F)cc2)CCC1=O
CHEMBL5181808,ERbeta,7.140,,1,0,Active,exact,Nc1ccc(-c2c(C(=O)c3ccc(OCCN4CC(C(=O)O)=CCC4=O)cc3)c3ccc(O)cc3[nH]c2=O)cc1
CHEMBL1299291,ERbeta,,4.301,0,1,Inactive,censored,CC(C)CSc1nc2c(c(=O)[nH]c(=O)n2C)n1CC(O)COc1cccc2ccccc12
CHEMBL4862515,ERbeta,5.760,,1,1,,exact,CCN(c1ccc(O)cc1)S(=O)(=O)C1CC2OC1C(c1ccc(NC(=O)CCCCCCC(=O)O)cc1)=C2c1ccc(O)cc1
CHEMBL232468,ERbeta,,5.301,0,1,,censored,O=C1c2ccc(O)cc2C(=O)N1[C@H]1CC[C@H](O)CC1
CHEMBL4210525,ERbeta,6.605,,2,0,Active,exact,O=S(=O)(Oc1ccc(/C=C/c2cc(O)cc(O)c2)cc1)C1CC2OC1C(c1ccc(O)cc1)=C2c1ccc(O)cc1
CHEMBL494698,ERbeta,,3.000,0,1,Inactive,censored,CC(C)CCc1cc(NCc2cccc3ccccc23)nc(NCC(C)C)n1
CHEMBL5196340,ERbeta,7.430,,1,0,Active,exact,O=C(COCN1CCCCC1)CN1Nc2c(c(=O)oc3cc(O)ccc23)-c2ccc(O)cc21
CHEMBL284054,ERbeta,6.370,,2,0,Active,exact,Oc1cccc(-c2cc3ccc(O)cc3s2)c1
CHEMBL5207726,ERbeta,5.240,,1,0,,exact,O=C(c1ccc(OCCN2C(=O)CCC2=O)cc1)c1c(-c2ccc(O)cc2)oc(=O)c2cc(O)ccc12
CHEMBL1727,ERbeta,,4.523,0,1,Inactive,censored,CC1=C(C(=O)O)N2C(=O)[C@@H](NC(=O)[C@H](N)c3ccccc3)[C@H]2SC1
CHEMBL30950,ERbeta,6.260,,1,0,Active,exact,Cc1cc(O)cc2c1C(=O)[C@@H](c1ccc(O)cc1)[C@@H](c1ccc(OCCN3CCCCC3)cc1)O2
CHEMBL213337,ERbeta,8.300,,1,0,Active,exact,CC[C@@H]1CC[C@@H]2C[C@]13Cc1cc(O)ccc1C3=C(C)C2=O
CHEMBL5809704,ERbeta,8.520,,1,0,Active,exact,O=c1c2c(O)cc(O)cc2c(Br)cn1-c1ccc(O)cc1
CHEMBL380978,ERbeta,6.640,,1,0,Active,exact,C[C@]12CCC3C(CC=C4C[C@@H](O)CC[C@@]43C=O)C1CC[C@@H]2O
CHEMBL398455,ERbeta,6.590,,1,0,Active,exact,C=C[C@]12CC[C@](C)(O)CC1=CC[C@H]1[C@@H]3CC[C@H](O)[C@@]3(C)CC[C@@H]12
CHEMBL292573,ERbeta,6.150,,1,0,Active,exact,CCCN(Cc1ccccn1)c1cc(-c2ccccc2)cc(-c2ccc(O)cc2)n1
CHEMBL182237,ERbeta,7.180,,1,0,Active,exact,Cc1cc(C)nc(N2CCN(c3ccc(C(=O)c4c(-c5ccc(O)cc5)sc5cc(O)ccc45)cc3)CC2)n1
CHEMBL183067,ERbeta,7.160,,1,0,Active,exact,C[C@@H]1CCN([C@@H](C)COc2ccc([C@@H]3Oc4ccc(O)cc4S[C@@H]3c3cccc(O)c3)cc2)C1
CHEMBL213481,ERbeta,7.750,,1,0,Active,exact,CCC1=C2c3ccc4[nH]nnc4c3CC2(CC)CCC1=O
CHEMBL4862733,ERbeta,6.400,,2,0,Active,exact,O=C(O)CCCCCCC(=O)Nc1ccc(C2=C(c3ccc(O)cc3)C3CC(S(=O)(=O)N(Cc4ccccc4)CC(F)(F)F)C2O3)cc1
CHEMBL1083194,ERbeta,9.190,,1,0,Active,exact,O=C1CCC(=O)N1CCOc1ccc([C@H]2Oc3cc(O)ccc3C3=C2c2ccc(O)cc2OCC3)cc1
CHEMBL362355,ERbeta,6.870,,2,0,Active,exact,Oc1ccc2nc(-c3cccc4c(Br)c(O)ccc34)oc2c1
CHEMBL153709,ERbeta,7.260,,1,0,Active,exact,Oc1ccc(CCNc2nc(NCCCc3ccc(Cl)cc3)nc(N3CCNCC3)n2)cc1
CHEMBL101719,ERbeta,5.585,,2,0,,exact,CN(C)c1cccc(N2CCc3cc(O)ccc3C2(C)c2ccc(OCCN3CCCCC3)cc2)c1
CHEMBL1384702,ERbeta,,4.301,0,1,Inactive,censored,COc1ccc(C(=O)c2c(C(F)(F)F)oc3c2C(=O)c2ccccc2C3=O)cc1
CHEMBL4293480,ERbeta,5.940,,1,0,,exact,Oc1ccc(-c2c[se]cc2-c2ccc(OCCN3CCCC3)cc2Cl)c(Cl)c1
CHEMBL1900054,ERbeta,7.830,,3,0,Active,exact,Oc1ccc(C(c2ccc(O)cc2)(C(F)(F)F)C(F)(F)F)cc1
CHEMBL390021,ERbeta,9.800,,1,0,Active,exact,Oc1ccc2c(Oc3ccc(OCCN4CCCCC4)cc3)c(-c3cccc(F)c3)ccc2c1
CHEMBL4758549,ERbeta,8.520,,1,0,Active,exact,N#CCC1(Cc2ccc(O)cc2)CCc2cc(O)ccc21
CHEMBL5203410,ERbeta,,5.000,0,1,,censored,CN(C)CCOc1ccc(C2NC(=O)N(C)C3=C2C(=O)c2ccccc23)cc1
CHEMBL1431081,ERbeta,5.290,,2,0,,exact,CC1CCc2c(sc(NC(=O)c3ccc(Cn4cc([N+](=O)[O-])cn4)o3)c2C#N)C1
CHEMBL2386284,ERbeta,7.560,,2,0,Active,exact,CC/C(=C(\c1ccc(O)cc1)c1ccc(OCCN)cc1)c1ccccc1
CHEMBL490942,ERbeta,5.850,,1,0,,exact,CC(c1ccccc1)(c1ccc(O)cc1)c1ccc(O)cc1
CHEMBL5404403,ERbeta,4.800,,1,0,Inactive,exact,Cc1ncsc1-c1ccc([C@H](C)NC(=O)[C@@H]2C[C@H](O)CN2C(=O)[C@@H](NC(=O)CCCCCOc2ccc(N(CC(F)(F)F)S(=O)(=O)C3CC4OC3C(c3ccc(O)cc3)=C4c3ccc(O)cc3)cc2)C(C)(C)C)cc1
CHEMBL289277,ERbeta,5.550,,2,0,,exact,Cc1cc(O)c2c(c1)C(=O)c1cc(O)cc(O)c1C2=O
CHEMBL1370794,ERbeta,7.240,,1,0,Active,exact,COC(=O)c1ccc(CSc2ncnc3c2oc2ccccc23)o1
CHEMBL1091535,ERbeta,8.170,,3,0,Active,exact,CCC(=C(c1ccc(O)cc1)c1ccc(/C=C/C(=O)O)cc1)c1ccccc1
CHEMBL372011,ERbeta,6.060,,1,1,Active,exact,CN1CCC(c2ccc(C3c4ccc(O)cc4CCN3c3cccc(F)c3)cc2)CC1
CHEMBL426085,ERbeta,7.500,,1,0,Active,exact,Oc1ccc(-c2ccc3c(Cl)c(O)ccc3c2)cc1Cl
CHEMBL3234624,ERbeta,6.500,,2,0,Active,exact,Oc1ccc(N=C(c2ccc(O)cc2)c2ccc(O)cc2)cc1
CHEMBL4227113,ERbeta,9.030,,1,0,Active,exact,O=C(/C=C/c1ccc(C2=C(c3ccc(O)cc3)CCOc3cc(F)ccc32)cc1)Nc1ccccc1
CHEMBL234460,ERbeta,7.680,,1,0,Active,exact,Oc1ccc([C@@H]2CCc3cc(O)ccc3O2)cc1
CHEMBL4174856,ERbeta,,5.000,0,1,,censored,CN1CC[C@@H](N2C(=O)S/C(=C\c3ccc4c(cnn4Cc4ccc(Cl)cc4C(F)(F)F)c3)C2=O)[C@H](F)C1
CHEMBL4645668,ERbeta,5.510,,1,0,,exact,CCOC(=O)C1=C(N)Oc2cc(O)ccc2C1c1ccc(OCCN2CCCC2)cc1
CHEMBL5094443,ERbeta,8.145,,2,0,Active,exact,CCC(=C(c1ccc(O)cc1)c1ccc(/C=C/C(=O)NCCCNC(=O)CCCn2c(=S)[nH]c3ccccc3c2=O)cc1)c1ccccc1
CHEMBL1547376,ERbeta,4.745,,2,0,Inactive,exact,COc1cc2c3c(c1)/C(=C1/SC(NC(C)=O)=NC1=O)C(=O)N3C(C)(C)C=C2C
CHEMBL193207,ERbeta,6.700,,1,0,Active,exact,COc1ccc2c(c1)C(Br)=C(c1ccc(O)cc1)C2=O
CHEMBL741,ERbeta,,4.523,0,1,Inactive,censored,Nc1nnc(-c2cccc(Cl)c2Cl)c(N)n1
CHEMBL358546,ERbeta,4.810,,1,0,Inactive,exact,O=C(CSc1nnc(-c2ccccc2)[nH]1)c1ccc(O)c(O)c1
CHEMBL1418568,ERbeta,6.200,,1,0,Active,exact,CN1CCN(C2=C(Cl)C(=O)C(c3cnc(N4CCCCC4)s3)=C(Cl)C2=O)CC1
CHEMBL378675,ERbeta,8.510,,1,0,Active,exact,CCCCC12CCC(=O)C(c3ccco3)=C1c1ccc(O)cc1C2
CHEMBL1499638,ERbeta,7.490,,1,0,Active,exact,CCC1(C)NC(=O)N(CC(=O)Nc2sc3c(c2C(N)=O)CCC3)C1=O
CHEMBL2332588,ERbeta,5.290,,1,0,,exact,Cc1cc(O)ccc1-c1cocc1-c1ccc(O)cc1C
CHEMBL5840958,ERbeta,6.600,,1,0,Active,exact,O=c1c2ccc(O)cc2c(-c2ccccc2)cn1-c1ccc(O)cc1
CHEMBL377694,ERbeta,8.360,,1,0,Active,exact,CCCC12CCC(=O)C(Br)=C1c1ccc(O)cc1C2
CHEMBL4747395,ERbeta,5.360,,1,0,,exact,C[C@]12CC[C@]3(C#N)c4ccc(O)cc4CC[C@H]3[C@@H]1CC[C@@]2(O)c1cn(CCO)nn1
CHEMBL381298,ERbeta,7.700,,1,0,Active,exact,CC1=C2c3ccc(O)cc3CC2(CC(C)C)CCC1=O
CHEMBL4072756,ERbeta,,5.000,0,1,,censored,COc1cccc([C@@H](Oc2ccc3c(cnn3-c3ccc(F)cc3)c2)[C@H](C)NC(=O)C(F)(F)F)c1
CHEMBL5174813,ERbeta,7.370,,1,0,Active,exact,O=C(c1ccc(OCCN2C=Cc3ccccc3C2)cc1)c1c(-c2ccc(O)cc2)oc(=O)c2cc(O)ccc12
CHEMBL4225059,ERbeta,4.840,,1,0,Inactive,exact,Oc1ccc(C2=C(c3ccc(/C=C/c4ccccc4)cc3)c3ccc(F)cc3OCC2)cc1
CHEMBL1201212,ERbeta,,4.523,0,1,Inactive,censored,COc1ccc(OC)c(C(O)CNC(=O)CN)c1
CHEMBL242818,ERbeta,5.550,,1,0,,exact,Cc1cc(O)ccc1N1C(=O)c2ccc(O)cc2C1=O
CHEMBL184679,ERbeta,7.230,,1,0,Active,exact,Oc1ccc([C@H]2Sc3cc(O)ccc3O[C@H]2c2ccc(OCCN3CC[C@@H](F)C3)cc2)cc1
CHEMBL218650,ERbeta,,4.523,0,1,Inactive,censored,C[C@]1(COc2ccc(N3CCC(Oc4ccc(OC(F)(F)F)cc4)CC3)cc2)Cn2cc([N+](=O)[O-])nc2O1
CHEMBL203348,ERbeta,7.660,,1,0,Active,exact,Cc1c(O)c(Cl)c(C)c2c1c(=O)oc1c(Cl)c(O)ccc12
CHEMBL1082723,ERbeta,,4.523,0,1,Inactive,censored,C[C@H]1Cc2c([nH]c3cc(Cl)c(F)cc23)[C@@]2(N1)C(=O)Nc1ccc(Cl)cc12
CHEMBL144897,ERbeta,7.680,,1,0,Active,exact,Oc1ccc2c(c1)C=C(c1ccccc1)C21Cc2ccccc2C1
CHEMBL4475463,ERbeta,8.075,,2,0,Active,exact,O=C(O)c1ccc2c(c1)CCCC(c1ccc(Cl)cc1Cl)=C2c1ccc(O[C@H]2CCN(CCCF)C2)cc1
CHEMBL359633,ERbeta,7.540,,1,0,Active,exact,C[C@@H]1c2c(ccc(O)c2F)O[C@@H](c2ccc(OC[C@H](C)N3CCCC3)cc2)[C@H]1c1ccc(O)cc1
CHEMBL4212982,ERbeta,6.410,,2,0,Active,exact,O=S(=O)(Oc1ccccc1)C1CC2OC1C(c1ccc(/C=C/c3cc(O)cc(O)c3)cc1)=C2c1ccc(O)cc1
CHEMBL179852,ERbeta,7.360,,1,0,Active,exact,CC(C)(COc1ccc([C@@H]2Oc3ccc(O)cc3S[C@@H]2c2ccc(O)cc2)cc1)N1CCCC1
CHEMBL559,ERbeta,,4.523,0,1,Inactive,censored,N[C@H](Cc1cc(I)c(Oc2cc(I)c(O)c(I)c2)c(I)c1)C(=O)O
CHEMBL1420184,ERbeta,,4.301,0,1,Inactive,censored,CNC(=O)c1c(NC(=O)c2nc3ccccc3s2)sc2c1CCC2
CHEMBL150279,ERbeta,7.820,,2,0,Active,exact,CN(CCCc1ccc(F)cc1)c1nc(NCCc2ccc(O)cc2)nc(N2CCNCC2)n1
CHEMBL438616,ERbeta,5.520,,1,0,,exact,CCC12CCC(=O)C=C1c1ccc3[nH]nnc3c1C2
CHEMBL443932,ERbeta,,3.000,0,1,Inactive,censored,CC(C)(C)OC(=O)N(Cc1ccccc1)c1cc(CCc2cccc3ccccc23)nc(NCc2cccc3ccccc23)n1
CHEMBL570584,ERbeta,,6.000,0,1,,censored,CC(C)(C)SC1=C(C=O)CCc2c1sc1nc3n(c(=O)c21)CCCCC3
CHEMBL5173575,ERbeta,,5.000,0,1,,censored,CN1C(=O)N(N(C)CCC(Oc2ccc(C(F)(F)F)cc2)c2ccccc2)C(c2ccc(C(F)(F)F)cc2)C2=C1c1ccccc1C2=O
CHEMBL220492,ERbeta,,4.523,0,1,Inactive,censored,CC1(C)O[C@@H]2[C@@H](CO[C@@]3(COS(N)(=O)=O)OC(C)(C)O[C@@H]23)O1
CHEMBL10560,ERbeta,6.240,,1,0,Active,exact,CC#C[C@@]1(O)CC[C@@]2(CC)c3ccc(O)cc3CC[C@@H]2C1
CHEMBL209650,ERbeta,6.680,,1,0,Active,exact,CCC12CCC(=O)C(C(=O)OC)=C1c1ccc3[nH]ncc3c1C2
CHEMBL1549732,ERbeta,5.990,,1,0,,exact,COC(=O)c1[nH]c2ccc(C)cc2c1NC(=O)CN1CCCc2ccccc21
CHEMBL5194045,ERbeta,7.500,,1,0,Active,exact,CC(CN1CCCC2CCCNC21)OCC(=O)N1NC2c3ccc(O)cc3OCC2c2ccc(O)cc21
CHEMBL1406789,ERbeta,,4.301,0,1,Inactive,censored,Cn1nc(C(=O)Nc2sccc2C(N)=O)ccc1=O
CHEMBL5086315,ERbeta,8.120,,3,0,Active,exact,CCC(=C(c1ccc(O)cc1)c1ccc(/C=C/C(=O)NCCCCNC(=O)CCCCCCCn2c(=S)[nH]c3ccccc3c2=O)cc1)c1ccccc1
CHEMBL1556956,ERbeta,,4.301,0,1,Inactive,censored,N#Cc1c(N/C=C2\C(=O)NC(=O)N(Cc3ccco3)C2=O)sc2c1CCCC2
CHEMBL4067602,ERbeta,6.530,,1,0,Active,exact,CC[C@H](C)[C@@H]1NC(=O)C[C@H](NC(=O)[C@H](CCCNC(=N)N)NC(=O)CCNC(=S)Nc2ccc3c(c2)C(=O)OC32c3ccc(O)cc3Oc3cc(O)ccc32)C(=O)NCC(C(=O)N[C@@H](CCCNC(=N)N)C(=O)NC(CC(C)(C)C)C(=O)NC(CC(C)(C)C)C(=O)N[C@@H](CCC(N)=O)C(N)=O)NC(=O)C(CC(C)(C)C)NC1=O
CHEMBL121,ERbeta,,4.523,0,1,Inactive,censored,CN(CCOc1ccc(CC2SC(=O)NC2=O)cc1)c1ccccn1
CHEMBL58449,ERbeta,5.850,,1,0,,exact,Cc1cc(-c2cc(-c3ccccc3)cc(N(C)Cc3cccc4ccccc34)n2)ccc1O
CHEMBL206227,ERbeta,7.570,,1,0,Active,exact,Cc1c(O)cc(C)c2c1oc(=O)c1cc(O)ccc12
CHEMBL1300534,ERbeta,6.230,,1,0,Active,exact,Cc1nc(C)c(C(=O)Nc2nc3c(C)cccc3s2)o1
CHEMBL4754151,ERbeta,5.930,,2,1,,exact,C[C@]12CC[C@@H]3c4ccc(O)cc4CC[C@H]3[C@@H]1CC[C@@]2(O)c1cn(CC(=O)O)nn1
CHEMBL1588072,ERbeta,4.820,,2,0,Inactive,exact,CCn1c(SCC(=O)N2CCOCC2)nc2oc3c(Cl)cc(Cl)cc3c(=O)c2c1=O
CHEMBL522341,ERbeta,,3.000,0,1,Inactive,censored,c1ccc(CSc2cc(SCc3ccccc3)nc(SCc3ccccc3)n2)cc1
CHEMBL400480,ERbeta,6.920,,1,0,Active,exact,C=C[C@]12CCC(=C)C=C1CC[C@H]1[C@@H]3CC[C@H](O)[C@@]3(C)CC[C@@H]12
CHEMBL1600749,ERbeta,,4.301,0,1,Inactive,censored,Cc1ccc(C(=O)Nc2nc3ccccc3c(=O)s2)cc1
CHEMBL4646249,ERbeta,7.010,,3,0,Active,exact,Oc1ccc(C(c2ccc(O)cc2)C(F)(F)F)cc1
CHEMBL205119,ERbeta,7.920,,1,0,Active,exact,C=Cc1cc(O)cc2c1-c1ccc(O)c(C)c1CC2
CHEMBL360315,ERbeta,8.350,,1,0,Active,exact,C[C@@H]1c2cc(O)ccc2O[C@@H](c2ccc(OC[C@H](C)N3CCCC3)cc2)[C@H]1c1ccc(O)cc1
CHEMBL5422265,ERbeta,5.360,,1,0,,exact,CCN(c1ccc(OCCCCCC(=O)Nc2cccc3c2C(=O)N(C2CCC(=O)NC2=O)C3=O)cc1)S(=O)(=O)C1CC2OC1C(c1ccc(O)cc1)=C2c1ccc(O)cc1
CHEMBL194334,ERbeta,6.160,,2,0,Active,exact,CN1CCN(c2ccc(C3c4ccc(O)cc4CCN3c3cccc(O)c3)cc2)CC1
CHEMBL3422033,ERbeta,7.300,,1,0,Active,exact,CC/C(=C(/c1ccc(N)cc1)c1ccc(OCCN)cc1)c1ccc(O)cc1
CHEMBL3589350,ERbeta,5.940,,2,0,,exact,O=C(O)CCCCCCC(=O)Nc1cccc(OS(=O)(=O)C2CC3OC2C(c2ccc(O)cc2)=C3c2ccc(O)cc2)c1
CHEMBL4528491,ERbeta,5.120,,1,0,,exact,Oc1ccc([C@H]2CC[C@H](O)CC2)cc1
CHEMBL1473,ERbeta,,4.523,0,2,Inactive,censored,CCC(=O)O[C@]1(C(=O)SCF)[C@H](C)C[C@H]2[C@@H]3C[C@H](F)C4=CC(=O)C=C[C@]4(C)[C@@]3(F)[C@@H](O)C[C@@]21C
CHEMBL45,ERbeta,,4.523,0,1,Inactive,censored,COc1ccc2[nH]cc(CCNC(C)=O)c2c1
CHEMBL551466,ERbeta,,4.523,0,1,Inactive,censored,O=C(O[C@H]1C[N+]2(CCCOc3ccccc3)CCC1CC2)C(O)(c1cccs1)c1cccs1.[Br-]
CHEMBL245132,ERbeta,,5.301,0,1,,censored,COc1cc(Br)c2c(c1)C(=O)N(c1ccc(O)cc1)C2=O
CHEMBL209803,ERbeta,7.890,,1,0,Active,exact,CCCCC12CCC(=O)C(CC)=C1c1ccc(O)cc1C2
CHEMBL5175564,ERbeta,7.600,,1,0,Active,exact,OCC1(c2onc(-c3ccc(O)cc3)c2-c2ccccc2)CC1
CHEMBL436859,ERbeta,6.620,,1,0,Active,exact,C#C[C@]1(O)CC[C@H]2[C@@H]3CCC4=CC(=O)CCC4=C3[C@@H](c3ccc(N(C)C(=O)CC[C@H](NC(=O)CC[C@@H](C)[C@H]4CC[C@H]5[C@@H]6[C@H](O)C[C@@H]7C[C@H](O)CC[C@]7(C)[C@H]6C[C@H](O)[C@]45C)C(=O)O)cc3)C[C@@]21C
CHEMBL3261425,ERbeta,,5.301,0,1,,censored,Cc1nn(C2CCCC2)c(C)c1S(=O)(=O)N[C@@H](C)CNc1cccc2c1cnn2-c1ccc(F)nc1
CHEMBL3937635,ERbeta,,5.000,0,1,,censored,COc1ccc([C@@H](Oc2ccc3c(cnn3-c3ccc(F)cc3)c2)[C@H](C)NC(=O)C2CC2)cn1
CHEMBL181248,ERbeta,8.390,,1,0,Active,exact,C[C@@H]1c2c(ccc(O)c2F)O[C@@H](c2ccc(OC[C@H](C)N3CCC[C@H]3C)cc2)[C@H]1c1ccc(O)cc1
CHEMBL33888,ERbeta,5.160,,1,0,,exact,Oc1ccc([C@H]2[C@@H](c3ccc(OCCN4CCCCC4)cc3)Oc3cc(O)ccc3[C@@H]2O)cc1
CHEMBL68940,ERbeta,7.160,,1,0,Active,exact,Oc1ccc([C@@H]2Sc3ccccc3O[C@@H]2c2ccc(OCCN3CCCCC3)cc2)cc1
CHEMBL1540767,ERbeta,4.580,,1,0,Inactive,exact,Nc1c(Cl)cc(Cl)cc1C(=O)OCC(=O)NC1CC1
CHEMBL1087557,ERbeta,7.900,,1,0,Active,exact,O=C1CCC(=O)N1CCCOc1ccc([C@H]2Oc3cc(O)ccc3C3=C2c2ccc(O)cc2OCC3)cc1
CHEMBL377988,ERbeta,8.280,,1,0,Active,exact,CCCC[C@@]12CCC(=O)C(C(=O)OC)=C1c1ccc3[nH]ncc3c1C2
CHEMBL1532659,ERbeta,4.530,,1,0,Inactive,exact,Cc1sc2ncnc(NCc3ccco3)c2c1C
CHEMBL1082,ERbeta,,4.523,0,1,Inactive,censored,CC1(C)S[C@@H]2[C@H](NC(=O)[C@H](N)c3ccc(O)cc3)C(=O)N2[C@H]1C(=O)O
CHEMBL3193247,ERbeta,,4.301,0,1,Inactive,censored,Cc1nc2c(c(=O)n1CCC1=CCCCC1)c1nc3ccccc3nc1n2/N=C/c1ccco1
CHEMBL1485627,ERbeta,,4.301,0,1,Inactive,censored,CCn1cc(SCC(=O)NCc2ccc3c(c2)OCO3)c2ccccc21
CHEMBL370039,ERbeta,4.370,,4,0,Inactive,exact,O=C(Cc1cc2ccccc2o1)c1ccc(O)cc1O
CHEMBL198204,ERbeta,6.120,,1,0,Active,exact,C#Cc1cc(-c2cc(F)c(O)c(F)c2)nc2ccc(O)cc12
CHEMBL379008,ERbeta,9.000,,1,0,Active,exact,CCC[C@@H]1C[C@@H]2C[C@]13Cc1cc(O)ccc1C3=C(C)C2=O
CHEMBL195208,ERbeta,8.600,,1,0,Active,exact,CCc1cc(O)cc2ccc(-c3ccc(O)c(F)c3)cc12
CHEMBL205614,ERbeta,6.930,,1,0,Active,exact,COc1ccc2c(c1C)c(=O)oc1c(C)c(O)ccc12
CHEMBL4554635,ERbeta,6.650,,1,0,Active,exact,C=C1CCC(c2ccc(O)c(/C=N/O)c2)CC1
CHEMBL204119,ERbeta,7.700,,1,0,Active,exact,Cc1cc(C)c2c(c1)c(=O)oc1c(C)c(O)ccc12
CHEMBL195807,ERbeta,8.220,,1,0,Active,exact,N#Cc1cc(-c2ccc(O)cc2)cc2ccc(O)c(Cl)c12
CHEMBL1469,ERbeta,,4.523,0,1,Inactive,censored,O=C(O)CCCc1ccccc1
CHEMBL5094540,ERbeta,7.950,,2,0,Active,exact,CCC(=C(c1ccc(O)cc1)c1ccc(/C=C/C(=O)NCCCCCCNC(=O)CCc2nc3cc(O)ccc3[nH]2)cc1)c1ccccc1
CHEMBL3211570,ERbeta,5.210,,1,1,,exact,CC/C(=N/Nc1ccccc1)c1cnnc(-c2ccccc2)n1
CHEMBL475534,ERbeta,,4.523,0,1,Inactive,censored,CCOC(=O)C1=C(C)NC(C)=C(C(=O)OC)C1c1cccc([N+](=O)[O-])c1
CHEMBL4168797,ERbeta,9.200,,1,0,Active,exact,CNC(=O)c1ccc2nc(C)c3nnc(-c4cc(OCC(C)C)ccc4Cl)n3c2c1
CHEMBL241300,ERbeta,5.310,,1,0,,exact,CC(CCc1ccccc1)NC(=O)Cc1c(-c2ccccc2)[nH]c2ccccc12
CHEMBL315475,ERbeta,9.040,,1,0,Active,exact,CCc1c(-c2ccc(O)cc2)oc(-c2ccc(O)cc2)c1-c1ccc(OC)cc1
CHEMBL381299,ERbeta,6.030,,1,0,Active,exact,CCCCCC12CCC(=O)C=C1c1ccc(O)cc1C2
CHEMBL125362,ERbeta,6.790,,1,0,Active,exact,Oc1cccc([C@H]2Sc3cc(O)ccc3S[C@H]2c2ccc(OCCN3CCCCC3)c(Br)c2)c1
CHEMBL179421,ERbeta,5.000,,1,0,,exact,Oc1ccc2nn(-c3ccccc3)cc2c1
CHEMBL521813,ERbeta,,3.000,0,1,Inactive,censored,CC(C)CCc1cc(S(=O)(=O)CC(C)C)nc(S(=O)(=O)CC(C)C)n1
CHEMBL2413896,ERbeta,7.920,,1,0,Active,exact,O=c1oc2cc(O)ccc2c(-c2ccc(O)cc2)c1-c1ccc(O)cc1
CHEMBL1087512,ERbeta,,5.000,0,1,,censored,CC1(C)C(=O)CC[C@]2(C)[C@@]3(C)c4[nH]c5ccccc5c4C[C@@H]3CC[C@@]12O
CHEMBL4247363,ERbeta,5.700,,1,0,,exact,CC[C@H](C)[C@@H]1NC(=O)[C@@](C)(NC(=O)[C@H](Cc2cnc[nH]2)NC(C)=O)CCC/C=C\CCC[C@@](C)(C(=O)N[C@@H](CC(C)C)C(=O)N[C@@H](CC(C)C)C(=O)N[C@@H](CCC(N)=O)C(=O)N[C@@H](CC(=O)O)C(=O)N[C@@H](CO)C(N)=O)NC(=O)[C@H](Cc2cnc[nH]2)NC(=O)[C@H](CC(C)C)NC1=O
CHEMBL243571,ERbeta,8.770,,1,0,Active,exact,CN(C)S(=O)(=O)c1ccc(-c2ccc3cc(O)ccc3c2Oc2ccc(OCCN3CCCCC3)cc2)cc1
CHEMBL1113,ERbeta,,4.523,0,1,Inactive,censored,Clc1ccc2c(c1)C(N1CCNCC1)=Nc1ccccc1O2
CHEMBL58741,ERbeta,,5.523,0,1,,censored,CN(CCc1ccccc1)c1cc(-c2ccc(O)cc2)cc(-c2ccc(O)cc2)n1
CHEMBL1088343,ERbeta,7.000,,1,0,Active,exact,COc1ccc2c(c1)OCCC1=C2[C@@H](c2ccc(OCCN3CCCCC3)cc2)Oc2cc(O)ccc21
CHEMBL208085,ERbeta,7.690,,1,0,Active,exact,Oc1ccc2c(c1)O[C@H](c1ccc(OCCN3CCCCC3)cc1)C1=C2COc2cc(O)ccc21
CHEMBL597,ERbeta,,4.301,0,2,Inactive,censored,Cc1ccc(N(CC2=NCCN2)c2cccc(O)c2)cc1
CHEMBL187314,ERbeta,6.270,,2,0,Active,exact,Oc1ccc2cc(-c3nc4ccc(O)cc4o3)ccc2c1
CHEMBL5400803,ERbeta,6.070,,1,0,Active,exact,O=S(=O)(Oc1ccc2ccccc2c1)C1CC2OC1C(c1ccc(-n3ccnc3)cc1)=C2c1ccc(O)cc1
CHEMBL211349,ERbeta,8.850,,1,0,Active,exact,CC[C@@]12CCC(=O)C(c3ccccc3)=C1c1ccc3[nH]ncc3c1C2
CHEMBL312456,ERbeta,,5.301,0,1,,censored,O=c1c2ccc(O)cc2oc2c1oc1ccccc12
CHEMBL1488584,ERbeta,7.200,,1,0,Active,exact,CN(C)c1ccc(NC(=O)N2CCOCC2)cc1
CHEMBL192154,ERbeta,8.570,,1,0,Active,exact,N#Cc1cc(-c2ccc(O)c(F)c2)cc2ccc(O)cc12
CHEMBL153407,ERbeta,7.120,,1,0,Active,exact,CN(CCCc1ccc(C(F)(F)F)cc1)c1nc(NCCc2ccc(O)cc2)nc(N2CCNCC2)n1
CHEMBL393035,ERbeta,6.430,,1,0,Active,exact,O=C1CC[C@@H]2[C@H](C1)c1cc(O)ccc1O[C@@H]2c1ccc(O)cc1
CHEMBL231812,ERbeta,8.000,,1,0,Active,exact,O/N=C/c1ccc(-c2ccc(O)cc2)c2ccoc12
CHEMBL183367,ERbeta,7.820,,2,0,Active,exact,Oc1ccc2c(-c3nc4cc(O)ccc4o3)cccc2c1
CHEMBL1602678,ERbeta,6.205,,2,0,Active,exact,O=C(Nc1ccc(O)cc1)C1CC=CCC1
CHEMBL180253,ERbeta,6.200,,1,0,Active,exact,C[C@H]1c2cc(O)ccc2O[C@@H](c2ccc(OCCN3CCCCC3)cc2)[C@H]1c1ccc(O)cc1
CHEMBL486225,ERbeta,8.490,,1,0,Active,exact,Oc1cc(/C=C/F)c2oc(-c3ccc(O)c(F)c3)nc2c1
CHEMBL5773685,ERbeta,8.400,,1,0,Active,exact,C=Cc1cn(-c2ccc(O)c(F)c2)c(=O)c2c(O)cc(O)cc12
CHEMBL2113027,ERbeta,7.720,,1,0,Active,exact,CC[C@H]1CCN(CCOc2ccc([C@@H]3Oc4ccc(O)cc4S[C@@H]3c3ccc(O)cc3)cc2)C1
CHEMBL1575022,ERbeta,,4.301,0,1,Inactive,censored,O=C(Nc1ccc(N2CCCC2)cc1)C(Cl)c1ccccc1
CHEMBL1513,ERbeta,,4.523,0,1,Inactive,censored,CCCCC1=NC2(CCCC2)C(=O)N1Cc1ccc(-c2ccccc2-c2nnn[nH]2)cc1
CHEMBL1447631,ERbeta,4.980,,1,0,Inactive,exact,N#Cc1ccc(N2CCN(C(=O)CCCCCn3c(=S)[nH]c4ccccc4c3=O)CC2)cc1
CHEMBL3234636,ERbeta,6.560,,1,0,Active,exact,COc1ccc(/N=C(\c2ccc(O)cc2)c2ccc(O)cc2O)cc1
CHEMBL4210242,ERbeta,6.945,,2,0,Active,exact,O=S(=O)(Oc1ccc(-c2ccccc2)cc1)C1CC2OC1C(c1ccc(/C=C/c3cc(O)cc(O)c3)cc1)=C2c1ccc(O)cc1
CHEMBL1310309,ERbeta,4.665,,2,0,Inactive,exact,CCn1c(SCC(=O)c2ccc(O)c(O)c2)nnc1-c1ccccc1OC
CHEMBL457035,ERbeta,5.460,,1,0,,exact,CC#C[C@@]1(O)CC[C@@]2(CC)c3ccc(OCc4ccncc4)cc3CC[C@@H]2C1
CHEMBL379827,ERbeta,5.350,,1,0,,exact,CC[C@]12CCC(=O)C(C)=C1c1ccc3[nH]ncc3c1C2
CHEMBL31128,ERbeta,6.030,,1,0,Active,exact,CC(C)[C@H]1C(=O)c2ccc(O)cc2O[C@@H]1c1ccc(OCCN2CCCCC2)cc1
CHEMBL1423560,ERbeta,,4.301,0,1,Inactive,censored,CCN1C2=C(C(=O)CCC2)C(c2ccc(O)c(Br)c2)C2=C1CCCC2=O
CHEMBL1603587,ERbeta,6.210,,1,0,Active,exact,CCOC(=O)C1=C(N)Oc2cc(O)ccc2C1c1ccccc1
CHEMBL434,ERbeta,,4.523,0,1,Inactive,censored,CC(C)NCC(O)c1ccc(O)c(O)c1
CHEMBL435,ERbeta,,4.523,0,1,Inactive,censored,NS(=O)(=O)c1cc2c(cc1Cl)NCNS2(=O)=O
CHEMBL498951,ERbeta,,3.000,0,1,Inactive,censored,CC(C)CNc1nc(CCc2cccc3ccccc23)cc(N(Cc2cccc3ccccc23)C(=O)OC(C)(C)C)n1
CHEMBL1087683,ERbeta,7.960,,1,0,Active,exact,OCCOc1ccc(C2Oc3cc(O)ccc3C3=C2c2ccc(O)cc2OCC3)cc1
CHEMBL368688,ERbeta,6.930,,1,0,Active,exact,Oc1ccc([C@H]2Sc3cc(O)ccc3O[C@H]2c2ccc(OCCN3C4CCC3CC4)cc2)cc1
CHEMBL1384515,ERbeta,4.430,,1,0,Inactive,exact,O=C1c2ccccc2-c2onc3c(Oc4ccccc4)cc(O)c1c23
CHEMBL194762,ERbeta,8.700,,1,0,Active,exact,N#Cc1cc(O)cc2ccc(-c3ccc(O)cc3)cc12
CHEMBL4849015,ERbeta,6.090,,2,0,Active,exact,O=S(=O)(C1CC2OC1C(c1ccc(O)cc1)=C2c1ccc(O)cc1)N(CC(F)(F)F)c1ccccc1
CHEMBL1086644,ERbeta,7.110,,1,0,Active,exact,Oc1ccc2c(c1)OC(c1ccc(OCCN3CCCCC3)cc1)C1=C2CCCOc2cc(O)ccc21
CHEMBL188516,ERbeta,6.870,,2,0,Active,exact,Oc1ccc(-c2nc3cc(O)cc(-c4ccco4)c3o2)cc1
CHEMBL236045,ERbeta,9.510,,1,0,Active,exact,C[C@@H]1C[C@H]2[C@@H](C1)c1cc(O)ccc1O[C@H]2c1ccc(O)cc1
CHEMBL424829,ERbeta,5.350,,5,0,,exact,COc1cc(-c2cc(=O)c3cc(O)ccc3o2)ccc1O
CHEMBL940,ERbeta,,4.523,0,1,Inactive,censored,NCC1(CC(=O)O)CCCCC1
CHEMBL188900,ERbeta,7.350,,1,0,Active,exact,Oc1ccc(-c2nc3cc(O)cc(/C=C\Br)c3o2)cc1
CHEMBL1569742,ERbeta,5.570,,1,0,,exact,O=C(Cc1cccs1)Nc1ccc(S(=O)(=O)N2CCCCC2)cc1
CHEMBL206648,ERbeta,5.450,,1,0,,exact,O=c1c2c(O)cc(O)cc2ncn1-c1ccc(O)cn1
CHEMBL1083188,ERbeta,7.360,,1,0,Active,exact,O=C(O)CCOc1ccc([C@@H]2Oc3cc(O)ccc3C3=C2c2ccc(O)cc2OCC3)cc1
CHEMBL1087298,ERbeta,7.000,,1,0,Active,exact,Oc1ccc2c(c1)OCCC1=C2[C@@H](c2ccc(OCCN3CCCCC3)cc2)Oc2ccccc21
CHEMBL15245,ERbeta,,4.523,0,1,Inactive,censored,COC(=O)[C@@H]1[C@H]2C[C@H]3c4[nH]c5ccccc5c4CCN3C[C@@H]2CC[C@@H]1O
CHEMBL539927,ERbeta,6.540,,7,0,Active,exact,Oc1ccc([C@@H]2Sc3cc(O)ccc3O[C@@H]2c2ccc(OCCN3CCCCC3)cc2)cc1
CHEMBL384708,ERbeta,7.350,,1,0,Active,exact,CC[C@H]1CC[C@@H]2C[C@]13Cc1cc(O)ccc1C3=C(C)C2=O
CHEMBL420244,ERbeta,7.730,,1,0,Active,exact,O=S(=O)(c1ccccc1)N1CCc2cc(O)ccc2C1c1ccc(OCCN2CCCC2)cc1
CHEMBL155044,ERbeta,6.940,,1,0,Active,exact,CN(CCCc1ccc(Cl)cc1)c1nc(NCCc2ccc(O)cc2)nc(N2CCN(Cc3ccncc3)CC2)n1
CHEMBL31684,ERbeta,7.220,,2,0,Active,exact,Oc1ccc2cc(-c3ccc(O)c(F)c3)sc2c1
CHEMBL1782958,ERbeta,9.240,,1,0,Active,exact,O/N=C/c1c(O)ccc(-c2ccc(O)c(F)c2)c1Cl
CHEMBL5435743,ERbeta,6.120,,1,0,Active,exact,CCN(c1ccccc1)S(=O)(=O)C1CC2OC1C(c1ccc(-n3ccnc3)cc1)=C2c1ccc(O)cc1
CHEMBL4290239,ERbeta,6.220,,1,2,Active,exact,O/N=C1\CCCC(c2ccc(O)cc2)CC1
CHEMBL246139,ERbeta,7.800,,1,0,Active,exact,C/C=C\[C@]12CC[C@H](O)CC1=CC[C@H]1[C@@H]3CC[C@H](O)[C@@]3(C)CC[C@@H]12
CHEMBL192432,ERbeta,6.220,,1,0,Active,exact,Oc1ccc([C@@H]2N=CN[C@@H]2c2ccc(OCCN3CCCCC3)cc2Cl)c(Cl)c1
CHEMBL1088629,ERbeta,6.970,,1,0,Active,exact,CCN(CC)CCOc1ccc([C@H]2Oc3cc(F)ccc3C3=C2c2ccc(O)cc2OCC3)cc1
CHEMBL570358,ERbeta,,6.000,0,1,,censored,O=CC1=C(SC2CCCC2)c2sc3nc4n(c(=O)c3c2CC1)CCCCC4
CHEMBL398634,ERbeta,7.280,,1,0,Active,exact,C=C[C@]12CCC(C)=CC1=CC[C@@H]1[C@@H]2CC[C@@]2(C)[C@H]1CC[C@]2(C)O
CHEMBL426559,ERbeta,,4.523,0,1,Inactive,censored,CS(=O)(=O)c1cc(F)cc2c3c(n(Cc4ccc(Cl)cc4)c12)[C@@H](CC(=O)O)CC3
CHEMBL3977631,ERbeta,,4.699,0,1,Inactive,censored,C[C@H](NS(=O)(=O)C1CC1)[C@H](Oc1ccc2c(cnn2-c2ccc(F)cc2)c1)c1ccc(S(C)(=O)=O)cc1
CHEMBL1360685,ERbeta,5.115,,2,0,,exact,O=C(Cn1nnc(-c2ccc3c(c2)OCO3)n1)NCc1ccco1
CHEMBL311498,ERbeta,,4.523,0,1,Inactive,censored,Oc1cc(O)c2c(c1)O[C@H](c1ccc(O)c(O)c1)[C@@H](O)C2
CHEMBL185114,ERbeta,7.090,,1,0,Active,exact,Oc1ccc([C@H]2Sc3cc(O)ccc3O[C@H]2c2ccc(OCCN3CC[C@@H](O)C3)cc2)cc1
CHEMBL85650,ERbeta,7.420,,1,0,Active,exact,CC(C)C[C@H]1Sc2cc(O)ccc2O[C@H]1c1ccc(OCCN2CCCCC2)cc1
CHEMBL206218,ERbeta,7.240,,1,0,Active,exact,Cc1cc2c(=O)oc3c(C)c(O)ccc3c2c(C)c1Br
CHEMBL128227,ERbeta,10.320,,1,0,Active,exact,CCNc1c(/C=N/O)ccc(-c2ccccc2)c1-c1ccccc1
CHEMBL4282141,ERbeta,5.530,,1,0,,exact,Oc1ccc(-c2ccc(-c3ccc(OCCN4CCCCC4)cc3Cl)[se]2)c(Cl)c1
CHEMBL1556563,ERbeta,,4.301,0,1,Inactive,censored,CN1CCCC(OC(=O)c2ccc3c(c2)OCCO3)C1.Cl
CHEMBL218220,ERbeta,7.150,,1,0,Active,exact,Oc1ccc(-c2nn3c(C(F)(F)F)cc(C(F)(F)F)nc3c2-c2ccc(OCCN3CCCCC3)cc2)cc1
CHEMBL363425,ERbeta,8.820,,1,0,Active,exact,Oc1ccc2cc(-c3ccc(O)c(F)c3)cc(F)c2c1
CHEMBL902,ERbeta,,4.523,0,1,Inactive,censored,NC(N)=Nc1nc(CSCC/C(N)=N/S(N)(=O)=O)cs1
CHEMBL206137,ERbeta,6.180,,1,0,Active,exact,Cc1cc(-n2cnc3cc(O)cc(O)c3c2=S)ccc1O
CHEMBL384975,ERbeta,6.720,,1,0,Active,exact,C#C[C@]1(O)CC[C@H]2[C@@H]3CCC4=CC(=O)CCC4=C3[C@@H](c3ccc(N(C)CCNC(=O)N(C)C4CC[C@@]5(C)[C@@H](C4)C[C@@H](O)[C@@H]4[C@@H]5C[C@H](O)[C@]5(C)[C@@H]([C@H](C)CCC(=O)O)CC[C@@H]45)cc3)C[C@@]21C
CHEMBL192260,ERbeta,8.470,,1,0,Active,exact,Oc1cc(F)c(-c2ccc3c(Cl)c(O)ccc3c2)c(F)c1
CHEMBL5432210,ERbeta,5.220,,1,0,,exact,CCN(c1ccc(OCCCCC(=O)N[C@H](C(=O)N2C[C@H](O)C[C@H]2C(=O)NCc2ccc(-c3scnc3C)cc2)C(C)(C)C)cc1)S(=O)(=O)C1CC2OC1C(c1ccc(O)cc1)=C2c1ccc(O)cc1
CHEMBL132868,ERbeta,8.700,,1,0,Active,exact,Oc1ccc(CC(c2ccc(O)cc2)C(F)(F)F)cc1
CHEMBL153359,ERbeta,7.050,,1,0,Active,exact,CN(CCCc1ccc(C#N)cc1)c1nc(NCCc2ccc(O)cc2)nc(N2CCNCC2)n1
CHEMBL239938,ERbeta,7.080,,1,0,Active,exact,CCN1CC(c2ccc(O)cc2)Cc2ccc(O)cc21
CHEMBL193726,ERbeta,8.240,,1,0,Active,exact,Oc1ccc(-c2ccc3c(O)cccc3c2)cc1
CHEMBL1307067,ERbeta,,4.301,0,1,Inactive,censored,CCOc1ccccc1C(=O)N1CCN=C1SC
CHEMBL1522203,ERbeta,,4.301,0,1,Inactive,censored,NC(=O)Cc1c[nH]c2cccc(O)c12
CHEMBL1087547,ERbeta,7.720,,1,0,Active,exact,Oc1ccc2c(c1)O[C@@H](c1ccc(OCCCN3CCCCC3)cc1)C1=C2CCOc2cc(O)ccc21
CHEMBL190682,ERbeta,7.360,,1,0,Active,exact,O=C1C(c2ccc(O)cc2)=C(c2ccccc2)c2c(O)cc(O)cc21
CHEMBL4752614,ERbeta,7.800,,2,1,Active,exact,C[C@]12CC[C@@H]3c4ccc(O)cc4CC[C@H]3[C@@H]1CC[C@@]2(O)c1cn(-c2cccc(O)c2)nn1
CHEMBL360978,ERbeta,7.890,,1,0,Active,exact,O=C(c1ccc(N2CCN(C(=O)c3ccccc3[N+](=O)[O-])CC2)cc1)c1c(-c2ccc(O)cc2)sc2cc(O)ccc12
CHEMBL363633,ERbeta,8.000,,1,0,Active,exact,CC#Cc1cc(-c2ccc(O)c(F)c2)cc2ccc(O)cc12
CHEMBL418212,ERbeta,,5.000,0,2,,censored,CC(=O)c1cc(-c2cc3ccc(O)cc3s2)ccc1O
CHEMBL298398,ERbeta,5.890,,2,0,,exact,O=C1c2ccc(O)cc2C(=O)c2ccc(O)cc21
CHEMBL1484998,ERbeta,,4.301,0,1,Inactive,censored,O=C(NCc1ccco1)c1cc2cc3ccc(Cl)cc3nc2o1
CHEMBL1627351,ERbeta,7.500,,1,0,Active,exact,CCCCN(C)C(=O)CCCCCCCCCCS[C@H]1[C@@H]2[C@H](CC[C@]3(C)[C@@H](O)CC[C@@H]23)c2ccc(O)cc2[C@H]1O
CHEMBL192539,ERbeta,5.675,,2,0,,exact,CCC1=N[C@H](c2ccc(OCCN3CCCCC3)cc2)[C@H](c2ccc(O)cc2)N1
CHEMBL207101,ERbeta,6.990,,1,0,Active,exact,Oc1cc(O)c2c(=S)n(-c3ccc(O)c(F)c3)cnc2c1
CHEMBL80314,ERbeta,6.900,,1,0,Active,exact,COc1cc(O)c2c(=O)c3c(oc2c1)oc1cc(O)ccc13
CHEMBL92027,ERbeta,6.500,,1,0,Active,exact,Oc1cccc([C@H]2Sc3cc(O)ccc3O[C@H]2c2ccc(OCCN3CCOCC3)cc2)c1
CHEMBL3234630,ERbeta,8.220,,1,0,Active,exact,Oc1ccc(/C(=N\c2ccccc2Cl)c2ccc(O)cc2O)cc1
CHEMBL3645270,ERbeta,7.240,,2,0,Active,exact,O=C(c1ccc(O)c(F)c1)N(c1ccccc1)c1ccc(O)cc1
CHEMBL4225690,ERbeta,7.470,,1,0,Active,exact,O=C(O)COc1ccc(C2=C(c3ccc(O)cc3)CCOc3cc(F)ccc32)cc1
CHEMBL193200,ERbeta,6.300,,1,0,Active,exact,O=C(Cc1ccc(O)cc1)c1ccc(O)cc1O
CHEMBL3589364,ERbeta,6.590,,1,0,Active,exact,O=C(O)CCCCCCC(=O)Nc1ccc(C2=C(c3ccc(O)cc3)C3CC(S(=O)(=O)Oc4ccc(C(F)(F)F)cc4)C2O3)cc1
CHEMBL457036,ERbeta,,5.000,0,1,,censored,CC#C[C@@]1(O)CC[C@@]2(CC)c3ccc(OCc4cccnc4C)cc3CC[C@@H]2C1
CHEMBL493,ERbeta,,4.523,0,1,Inactive,censored,CC(C)C[C@H]1C(=O)N2CCC[C@H]2[C@]2(O)O[C@](NC(=O)[C@@H]3C=C4c5cccc6[nH]c(Br)c(c56)C[C@H]4N(C)C3)(C(C)C)C(=O)N12
CHEMBL4851237,ERbeta,5.775,,2,0,,exact,COc1cccc(N(C)S(=O)(=O)C2CC3OC2C(c2ccc(NC(=O)CCCCCCC(=O)O)cc2)=C3c2ccc(O)cc2)c1
CHEMBL206773,ERbeta,5.030,,1,0,,exact,O=c1[nH]c2cc(O)cc(O)c2c(=O)n1-c1ccc(O)cc1
CHEMBL1468124,ERbeta,4.590,,1,0,Inactive,exact,COC(=O)c1cnn2c(C(F)(F)F)cc(-c3ccco3)nc12
CHEMBL360410,ERbeta,8.460,,1,0,Active,exact,Oc1ccc(-c2noc3cc(O)ccc23)c(O)c1
CHEMBL189178,ERbeta,6.910,,1,0,Active,exact,Oc1ccc(-c2nn3c(C(F)(F)F)cc(C(F)(F)F)nc3c2-c2ccccc2)cc1
CHEMBL5562607,ERbeta,4.410,,1,0,Inactive,exact,Cc1ncsc1-c1ccc([C@H](C)NC(=O)[C@@H]2C[C@@H](O)CN2C(=O)[C@@H](NC(=O)CCCCCCOc2ccc(N(CC(F)(F)F)S(=O)(=O)C3CC4OC3C(c3ccc(-n5ccnc5)cc3)=C4c3ccc(O)cc3)cc2)C(C)(C)C)cc1
CHEMBL198679,ERbeta,7.280,,1,0,Active,exact,CCc1cc(-c2ccc(O)cc2)nc2ccc(O)cc12
CHEMBL1965461,ERbeta,7.220,,1,1,Active,exact,CCN1C(=O)/C(=C2/Sc3ccc(OC)cc3N2C)S/C1=N\c1cccc(O)c1
CHEMBL82483,ERbeta,6.720,,1,0,Active,exact,O=c1c2cc(O)ccc2oc2c1oc1cc(O)ccc12
CHEMBL1530097,ERbeta,,4.301,0,1,Inactive,censored,Oc1c(C(c2ccccn2)N2CCOCC2)ccc2cccnc12
CHEMBL1412483,ERbeta,,4.301,0,1,Inactive,censored,O=C(CSc1nnc(-c2cccnc2)n1-c1ccccc1)Nc1ccc2c(c1)OCO2
CHEMBL370492,ERbeta,7.200,,1,0,Active,exact,CCc1nc2cc(O)ccc2c(Oc2ccc(/C=C/C(=O)O)cc2)c1-c1ccccc1
CHEMBL56198,ERbeta,8.360,,1,0,Active,exact,Oc1ccc(C2CCc3cc(O)ccc3N2Cc2ccc(OCCN3CCCCC3)cc2)cc1
CHEMBL191808,ERbeta,8.400,,1,0,Active,exact,Oc1ccc(-c2ccc3c(Cl)c(O)ccc3c2)cc1F
CHEMBL1338219,ERbeta,,4.301,0,1,Inactive,censored,Cc1cccc(-n2c(SCc3cc(=O)n4c(C)cccc4n3)nc3nncc-3c2O)c1
CHEMBL2031540,ERbeta,5.900,,1,0,,exact,Oc1ccc(-c2cscc2-c2ccc(O)cc2)cc1
CHEMBL5092334,ERbeta,8.175,,2,0,Active,exact,CCC(=C(c1ccc(O)cc1)c1ccc(/C=C/C(=O)NCCCCNC(=O)CCc2nc3cc(O)ccc3[nH]2)cc1)c1ccccc1
CHEMBL122708,ERbeta,5.430,,1,0,,exact,C[C@]12CC[C@@H]3c4ccc(OS(N)(=O)=O)cc4CC[C@H]3[C@@H]1CCC2=O
CHEMBL194265,ERbeta,8.470,,1,0,Active,exact,Oc1ccc2nc(-c3ccc(O)c(F)c3)cc(Br)c2c1
CHEMBL377644,ERbeta,9.100,,1,0,Active,exact,CCCC[C@@]12CCC(=O)C(C(F)(F)F)=C1c1ccc3[nH]ncc3c1C2
CHEMBL3422039,ERbeta,6.320,,1,0,Active,exact,NCCOc1ccc(C(=C(c2ccccc2)c2ccccc2)c2ccc(O)cc2)cc1
CHEMBL22,ERbeta,,4.523,0,1,Inactive,censored,COc1cc(Cc2cnc(N)nc2N)cc(OC)c1OC
CHEMBL341473,ERbeta,5.150,,1,0,,exact,CN1CCN(c2ccc(N)cc2)CC1
CHEMBL382097,ERbeta,7.800,,1,0,Active,exact,CC[C@]12CC[C@H](O)CC1=CCC1C2CC[C@@]2(C)C1CC[C@@H]2O
CHEMBL202007,ERbeta,7.600,,1,0,Active,exact,C[C@]12CCC3C(CC=C4C[C@@H](O)CC[C@@]43/C=C\F)C1CC[C@@H]2O
CHEMBL250110,ERbeta,8.030,,1,0,Active,exact,CC1=CC2=CC[C@H]3[C@@H]4CC[C@H](O)[C@@]4(C)CC[C@@H]3[C@@]2(C)CC1
CHEMBL93586,ERbeta,8.320,,1,0,Active,exact,O=C(/C=C/c1ccc(N2CCc3cc(O)ccc3C2c2ccccc2)cc1)N1CCOCC1
CHEMBL206131,ERbeta,6.580,,1,0,Active,exact,O=c1c2c(O)cc(O)cc2ncn1-c1ccc(O)cc1Cl
CHEMBL411,ERbeta,8.225,,6,0,Active,exact,CC/C(=C(/CC)c1ccc(O)cc1)c1ccc(O)cc1
CHEMBL1581251,ERbeta,5.700,,1,0,,exact,Cc1cccc(C)c1NC(=O)CSc1nnc(-c2ccco2)c(-c2ccco2)n1
CHEMBL600336,ERbeta,5.580,,1,1,,exact,O=C(Nc1ccc(-c2nc3cc(NC(=O)c4cccs4)ccc3[nH]2)cc1)c1cccs1
CHEMBL195039,ERbeta,8.350,,1,0,Active,exact,N#Cc1cc(O)c(Br)c2ccc(-c3ccc(O)c(F)c3)cc12
CHEMBL611,ERbeta,,4.523,0,1,Inactive,censored,COc1cc2nc(N3CCN(C(=O)C4CCCO4)CC3)nc(N)c2cc1OC
CHEMBL5561336,ERbeta,,4.102,0,1,Inactive,censored,Cc1ncsc1-c1ccc([C@H](C)NC(=O)[C@@H]2C[C@@H](O)CN2C(=O)[C@@H](NC(=O)CCCCCCCCOc2ccc(N(CC(F)(F)F)S(=O)(=O)C3CC4OC3C(c3ccc(-n5ccnc5)cc3)=C4c3ccc(O)cc3)cc2)C(C)(C)C)cc1
CHEMBL207324,ERbeta,8.890,,1,0,Active,exact,Oc1ccc2c(c1)O[C@@H](c1ccc(OCCN3CCCCC3)cc1)C1=C2COc2cc(O)ccc21
CHEMBL394788,ERbeta,7.040,,1,0,Active,exact,O=C1c2ccc(O)cc2C(=O)N1c1ccc(O)cc1[N+](=O)[O-]
CHEMBL365779,ERbeta,6.400,,1,0,Active,exact,Oc1cc(Cl)c([C@@H]2N=CN[C@@H]2c2ccc(OCCN3CCCCC3)cc2Cl)c(Cl)c1
CHEMBL1476347,ERbeta,6.130,,2,1,Active,exact,N#Cc1ccc(-c2cccnc2)nc1SCC(=O)Nc1sc2c(c1C#N)CCC2
CHEMBL422,ERbeta,,4.523,0,1,Inactive,censored,CN1CCN(CCCN2c3ccccc3Sc3ccc(C(F)(F)F)cc32)CC1
CHEMBL189002,ERbeta,7.410,,2,0,Active,exact,Oc1ccc2nc(-c3ccc(O)c(F)c3)oc2c1
CHEMBL1085669,ERbeta,7.700,,1,0,Active,exact,CC(C)N(CCOc1ccc([C@H]2Oc3cc(O)ccc3C3=C2c2ccc(O)cc2OCC3)cc1)C(C)C
CHEMBL3589355,ERbeta,6.525,,2,0,Active,exact,COc1cccc(OS(=O)(=O)C2CC3OC2C(c2ccc(NC(=O)CCCCCCC(=O)O)cc2)=C3c2ccc(O)cc2)c1
CHEMBL494717,ERbeta,,3.000,0,1,Inactive,censored,CC(C)CNc1cc(CCc2ccccc2)nc(NCC(C)C)n1
CHEMBL4855191,ERbeta,6.840,,1,1,Active,exact,COc1ccc(N(C)S(=O)(=O)C2CC3OC2C(c2ccc(NC(=O)CCCCCCC(=O)O)cc2)=C3c2ccc(O)cc2)cc1
CHEMBL194859,ERbeta,4.500,,1,0,Inactive,exact,O=C(c1ccc(O)cc1)c1ccc(O)cc1
CHEMBL245133,ERbeta,5.790,,1,0,,exact,O=C1c2cc(O)cc(Br)c2C(=O)N1c1ccc(O)cc1
CHEMBL3589699,ERbeta,6.190,,2,0,Active,exact,O=C(CCCCCCC(=O)Nc1ccc(C2=C(c3ccc(O)cc3)C3CC(S(=O)(=O)Oc4ccc(Br)cc4)C2O3)cc1)NO
CHEMBL4795505,ERbeta,7.590,,1,0,Active,exact,Oc1ccc(CC2CCc3ccc(O)cc32)cc1
CHEMBL380359,ERbeta,7.620,,1,0,Active,exact,O=c1c2c(CO)cc(O)cc2ncn1-c1ccc(O)cc1
CHEMBL1390871,ERbeta,5.180,,1,0,,exact,CCN1CCc2c(sc(N)c2C#N)C1
CHEMBL5394016,ERbeta,5.360,,1,0,,exact,O=C(COc1ccc(C2CCC(=O)NC2=O)cc1)NCCCCNC(=O)COc1ccc(N(CC(F)(F)F)S(=O)(=O)C2CC3OC2C(c2ccc(O)cc2)=C3c2ccc(O)cc2)cc1
CHEMBL1716742,ERbeta,4.735,,2,0,Inactive,exact,CCOc1[nH]c(/N=C/c2ccco2)c(C#N)c1C#N
CHEMBL90072,ERbeta,7.140,,1,0,Active,exact,Oc1ccc([C@@H]2Sc3cc(O)c(Cl)cc3O[C@@H]2c2ccc(OCCN3CCCCC3)cc2)cc1
CHEMBL1084129,ERbeta,7.550,,1,0,Active,exact,CCN(CC)CCOc1ccc([C@@H]2Oc3ccccc3C3=C2c2ccc(O)cc2OCC3)cc1
CHEMBL1308226,ERbeta,4.450,,1,1,Inactive,exact,CCOC(=O)c1c(C)[nH]c(C)c1C(=O)COC(=O)CCOc1ccccc1OC
CHEMBL210074,ERbeta,8.140,,1,0,Active,exact,CC[C@@]12CCC(=O)C(C)=C1c1ccc3[nH]ncc3c1C2
CHEMBL250109,ERbeta,7.600,,1,0,Active,exact,C=C[C@]12CC[C@H](O)CC1=CC[C@@H]1[C@@H]2CC[C@@]2(C)[C@H]1CC[C@]2(C)O
CHEMBL219387,ERbeta,6.950,,1,0,Active,exact,CCCCCCCCCc1c(O)cc(O)c2c1O[C@H](c1ccc(O)cc1)CC2=O
CHEMBL471627,ERbeta,8.220,,1,0,Active,exact,Oc1cccc(C2=C(c3ccc(OCCN4CCCC4)cc3)c3ccc(F)cc3OCC2)c1
CHEMBL3422044,ERbeta,7.240,,1,0,Active,exact,NCCOc1ccc(/C(=C(\Cn2cnnc2)c2ccccc2)c2ccc(O)cc2)cc1
CHEMBL153653,ERbeta,,5.000,0,1,,censored,CN1CCN(c2nc(NCCc3ccc(O)cc3)nc(NC3CCc4ccccc43)n2)CC1
CHEMBL3589360,ERbeta,6.925,,2,0,Active,exact,O=C(O)CCCCCCC(=O)Nc1ccc(C2=C(c3ccc(O)cc3)C3CC(S(=O)(=O)Oc4ccc(F)cc4)C2O3)cc1
CHEMBL356874,ERbeta,7.600,,1,0,Active,exact,CN(CCCc1ccc(Cl)cc1Cl)c1nc(NCCc2ccc(O)cc2)nc(N2CCNCC2)n1
CHEMBL1086774,ERbeta,7.870,,1,0,Active,exact,Oc1ccc2c(c1)O[C@@H](c1ccc(OCCN3CCCCCC3)cc1)C1=C2CCOc2cc(O)ccc21
CHEMBL204959,ERbeta,7.030,,1,0,Active,exact,Cc1c(O)ccc2c1oc(=O)c1c(C)cccc12
CHEMBL4759069,ERbeta,9.280,,1,0,Active,exact,CCCC1(Cc2ccc(O)cc2)CCc2cc(O)ccc21
CHEMBL1073,ERbeta,,4.523,0,1,Inactive,censored,Cc1cnc(C(=O)NCCc2ccc(S(=O)(=O)NC(=O)NC3CCCCC3)cc2)cn1
CHEMBL5567374,ERbeta,,4.102,0,1,Inactive,censored,Cc1ncsc1-c1ccc([C@H](C)NC(=O)[C@@H]2C[C@@H](O)CN2C(=O)[C@@H](NC(=O)CCCCCOc2ccc(N(CC(F)(F)F)S(=O)(=O)C3CC4OC3C(c3ccc(-n5ccnc5)cc3)=C4c3ccc(O)cc3)cc2)C(C)(C)C)cc1
CHEMBL204341,ERbeta,6.020,,1,0,Active,exact,Cc1c(O)ccc2c1oc(=O)c1c(C)c(NC=O)ccc12
CHEMBL5398866,ERbeta,6.310,,1,0,Active,exact,CCN(c1ccc(OC)cc1)S(=O)(=O)C1CC2OC1C(c1ccc(O)cc1)=C2c1cnn(C)c1
CHEMBL1340892,ERbeta,,4.301,0,1,Inactive,censored,CCN(CC)S(=O)(=O)c1ccc(C(=O)NCc2ccc(C)cc2)cc1
CHEMBL420611,ERbeta,6.520,,1,0,Active,exact,Oc1ccc2c(c1)SC(c1ccccc1)C(c1ccc(OCCN3CCCCC3)cc1)O2
CHEMBL1319983,ERbeta,,4.301,0,1,Inactive,censored,O=C(OCC(=O)N1CCCC1)c1cncc(Br)c1
CHEMBL2024377,ERbeta,8.590,,1,0,Active,exact,C[C@H](COc1ccc(C(=O)c2c(-c3ccc(O)cc3)sc3cc(O)ccc23)cc1)N1CCCC1
CHEMBL1400764,ERbeta,5.350,,1,0,,exact,COC(=O)c1c(NC(=O)Cc2cccs2)sc2c1CCCC2
CHEMBL28626,ERbeta,5.530,,1,0,,exact,O=c1c(O)c(-c2ccc(O)cc2O)oc2cc(O)cc(O)c12
CHEMBL211870,ERbeta,8.800,,1,0,Active,exact,CCC12CCC(=O)C(Br)=C1c1ccc3[nH]nc(F)c3c1C2
CHEMBL330029,ERbeta,,5.495,0,1,,censored,O=C(N1CCc2cc(O)ccc2[C@@H]1c1ccc(O)cc1)C(F)(F)F
CHEMBL433769,ERbeta,7.750,,1,0,Active,exact,Oc1ccc([C@H]2Sc3cc(O)ccc3O[C@H]2c2ccc(OCCN3C[C@H]4CCC[C@H]4C3)cc2)cc1
CHEMBL189356,ERbeta,8.520,,2,0,Active,exact,C=CCc1cc(O)cc2nc(-c3ccc(O)cc3F)oc12
CHEMBL4741481,ERbeta,6.530,,2,1,Active,exact,C[C@]12CC[C@@H]3c4ccc(O)cc4CC[C@H]3[C@@H]1CC[C@@]2(O)c1cn(CCc2ccccc2)nn1
CHEMBL391909,ERbeta,5.800,,1,0,,exact,C[C@@H](CCc1ccc(O)cc1)NC(=O)Cc1c(-c2ccccc2)[nH]c2ccccc12
CHEMBL1432915,ERbeta,6.330,,1,1,Active,exact,Cc1occc1-c1nnc(SCc2cc(=O)n3cc(Br)ccc3n2)n1C
CHEMBL206499,ERbeta,5.490,,1,0,,exact,CCCc1nc2cc(O)cc(O)c2c(=O)n1-c1ccc(O)cc1
CHEMBL1511693,ERbeta,5.310,,1,0,,exact,Cc1ccc(S(=O)(=O)Cc2ccc(C(=O)N3CCc4ccccc4C3)o2)cc1
CHEMBL328388,ERbeta,7.100,,4,0,Active,exact,CC1(c2ccc(OCCN3CCCC3)cc2)c2ccc(O)cc2CCN1c1cccc(O)c1
CHEMBL191841,ERbeta,8.520,,1,0,Active,exact,CSC1=C(c2ccc(O)cc2)C(=O)c2cc(O)ccc21
CHEMBL1461254,ERbeta,6.920,,1,0,Active,exact,CCN1CCN(c2ccc(NC(=O)c3cccc4ncccc34)cc2)CC1
CHEMBL6165317,ERbeta,4.530,,1,0,Inactive,exact,C=CCc1ccc(O)c(-c2cc(CC=C)ccc2OC(=O)CCC)c1
CHEMBL364329,ERbeta,7.890,,2,0,Active,exact,CCc1cc(O)cc2nc(-c3ccc(O)cc3)oc12
CHEMBL187311,ERbeta,8.925,,2,0,Active,exact,Cc1cc(O)ccc1-c1nc2cc(O)cc(Br)c2o1
CHEMBL240230,ERbeta,5.250,,1,0,,exact,C[C@H](CCc1ccc(O)cc1)NC(=O)Cc1c(-c2ccccc2)[nH]c2ccc(OCCCCN3CCCCC3)cc12
CHEMBL1377177,ERbeta,4.750,,1,0,Inactive,exact,CCN1CCN(Cc2c(O)c(Cl)cc3c(C)cc(=O)oc23)CC1
CHEMBL4878251,ERbeta,5.450,,2,0,,exact,CCN(c1ccc(Cl)cc1)S(=O)(=O)C1CC2OC1C(c1ccc(NC(=O)CCCCCCC(=O)O)cc1)=C2c1ccc(O)cc1
CHEMBL391532,ERbeta,9.390,,1,0,Active,exact,Oc1ccc([C@@H]2Oc3ccc(O)cc3[C@@H]3C[C@@H](C(F)(F)F)C[C@@H]32)cc1
CHEMBL59146,ERbeta,6.420,,1,0,Active,exact,O=C(c1ccc(OCCN2CCCCC2)cc1)N1c2ccc(O)cc2CCC1c1ccccc1
CHEMBL286115,ERbeta,5.625,,2,0,,exact,O=C1c2ccc(O)cc2O[C@H](c2ccc(OCCN3CCCCC3)cc2)[C@@H]1c1ccc(O)cc1
CHEMBL204118,ERbeta,7.580,,1,0,Active,exact,CC/C=C/c1cc2c(cc1Br)c(=O)oc1c(C)c(O)ccc12
CHEMBL204024,ERbeta,7.310,,1,0,Active,exact,Cc1cc(O)cc2c1-c1ccc(O)c(C)c1OC2CC(C)C
CHEMBL364333,ERbeta,5.300,,1,1,,exact,O=C(O)c1cc(O)cc2nc(-c3ccc(O)cc3)oc12
CHEMBL1501269,ERbeta,5.280,,1,0,,exact,Cc1cc(=O)oc2c(CN3CCC(C)CC3)c(O)c(Cl)cc12
CHEMBL425603,ERbeta,7.200,,1,0,Active,exact,CC1=C2c3ccc(O)cc3CC2(C)CCC1=O
CHEMBL464360,ERbeta,4.480,,2,0,Inactive,exact,Cc1cc(O)c2c(c1)C(=O)c1cc(O)cc(O[C@@H]3O[C@H](CO)[C@@H](O)[C@H](O)[C@H]3O)c1C2=O
CHEMBL1335170,ERbeta,5.070,,2,0,,exact,CCOc1ccccc1-n1nnnc1SCC(=O)NC(=O)NCc1ccco1
CHEMBL1390729,ERbeta,4.580,,1,0,Inactive,exact,O=C(NCC1CCCO1)c1cc(-c2ccco2)nc2ccccc12
CHEMBL5083251,ERbeta,7.485,,2,0,Active,exact,CCC(=C(c1ccc(O)cc1)c1ccc(/C=C/C(=O)NCCCNC(=O)c2ccc(N3CCN(C(=O)CCCCCCCn4c(=S)[nH]c5ccccc5c4=O)CC3)cc2)cc1)c1ccccc1
CHEMBL364176,ERbeta,7.580,,2,0,Active,exact,N#Cc1cc(O)cc2nc(-c3ccc(O)c(F)c3)oc12
CHEMBL347927,ERbeta,5.550,,1,1,,exact,CC(C)CCc1cc(NCC(C)C)nc(NCC(C)C)n1
CHEMBL211739,ERbeta,7.500,,1,0,Active,exact,N#CC1=C2c3ccc(O)cc3CC2(c2ccccc2)CCC1=O
CHEMBL3189442,ERbeta,5.705,,2,0,,exact,COc1ccc(-c2nnc(SC/C(O)=C(/C#N)C(C)=N)o2)cc1
CHEMBL4526434,ERbeta,7.145,,4,1,Active,exact,OC[C@H]1CC[C@H](c2ccc(O)cc2)CC1
CHEMBL524104,ERbeta,6.300,,1,0,Active,exact,COCc1cc2ccccc2c(Oc2ccc(/C=C/C(=O)O)cc2)c1-c1ccccc1
CHEMBL5171962,ERbeta,,5.000,0,1,,censored,O=C(O)c1ccc2c(c1)Oc1ccc(OCc3c(-c4c(Cl)cccc4Cl)noc3C3CC3)nc1C1(CC1)C2
CHEMBL1570659,ERbeta,7.390,,1,0,Active,exact,O=C(O)C1Nc2c(C(=O)N3CCOCC3)cccc2C2C=CCC12
CHEMBL421368,ERbeta,7.380,,1,0,Active,exact,O=S(=O)(c1ccccc1)N1Cc2cc(O)ccc2C(c2ccc(O)cc2)C1
CHEMBL4869562,ERbeta,6.290,,2,0,Active,exact,COc1cccc(N(CC(F)(F)F)S(=O)(=O)C2CC3OC2C(c2ccc(NC(=O)CCCCCCC(=O)O)cc2)=C3c2ccc(O)cc2)c1
CHEMBL78905,ERbeta,5.760,,1,0,,exact,O=c1c2ccc(O)cc2oc2c1oc1c(Br)cc(O)cc12
CHEMBL396948,ERbeta,6.250,,1,0,Active,exact,O=C1c2ccc(O)cc2C(=O)N1c1ccc(O)c2ccccc12
CHEMBL307205,ERbeta,5.250,,1,0,,exact,CC1(C)Oc2cc(O)ccc2N=C1c1ccc(O)cc1
CHEMBL5427513,ERbeta,5.840,,1,0,,exact,COc1ccc(OS(=O)(=O)C2CC3OC2C(c2ccc(-n4cncn4)cc2)=C3c2ccc(O)cc2)cc1
CHEMBL385279,ERbeta,7.010,,1,0,Active,exact,CCCCCc1c(O)cc(O)c2c1O[C@H](c1ccc(O)cc1)CC2=O
CHEMBL134646,ERbeta,8.100,,1,0,Active,exact,CC(C#N)(Cc1ccc(O)cc1)c1ccc(O)cc1
CHEMBL4757650,ERbeta,9.440,,1,0,Active,exact,CCC1(Cc2ccc(O)cc2)CCc2cc(O)ccc21
CHEMBL495325,ERbeta,,3.000,0,1,Inactive,censored,CC(C)CNc1nc(/C=C/c2ccccc2)cc(N(C)CC(C)C)n1
CHEMBL219126,ERbeta,6.610,,1,0,Active,exact,O=C1C[C@@H](c2ccc(O)cc2)Oc2c(Cc3ccccc3)c(O)cc(O)c21
CHEMBL192390,ERbeta,8.590,,1,0,Active,exact,N#Cc1cc(O)c(Cl)c2ccc(-c3ccc(O)c(F)c3)cc12
CHEMBL409,ERbeta,,4.523,0,1,Inactive,censored,CC(O)(CS(=O)(=O)c1ccc(F)cc1)C(=O)Nc1ccc(C#N)c(C(F)(F)F)c1
CHEMBL493304,ERbeta,,3.000,0,1,Inactive,censored,CC(C)CCc1cc(OCC(C)C)nc(OCC(C)C)n1
CHEMBL363872,ERbeta,8.770,,1,0,Active,exact,O=C1C(c2ccc(O)cc2)=C(Br)c2cc(O)ccc21
CHEMBL1391455,ERbeta,,4.301,0,2,Inactive,censored,Nc1c(C(=O)Nc2ccc(F)cc2)sc2nc(-c3ccco3)ccc12
CHEMBL135400,ERbeta,,4.523,0,1,Inactive,censored,CN1CCN(C(=O)OC2c3nccnc3C(=O)N2c2ccc(Cl)cn2)CC1
CHEMBL578,ERbeta,,4.523,0,1,Inactive,censored,CCOC(=O)[C@H](CCc1ccccc1)N[C@@H](C)C(=O)N1CCC[C@H]1C(=O)O
CHEMBL204922,ERbeta,8.140,,3,0,Active,exact,Cc1c(O)ccc2c1oc(=O)c1c(C)c(O)ccc12
CHEMBL426154,ERbeta,6.060,,1,0,Active,exact,Cc1c(O)cc(O)c2c1O[C@H](c1ccc(O)cc1)CC2=O
CHEMBL195786,ERbeta,6.940,,1,0,Active,exact,COc1c(O)ccc2cc(-c3ccc(O)cc3)ccc12
CHEMBL1087426,ERbeta,7.620,,1,0,Active,exact,Oc1ccc2c(c1)OCCC1=C2[C@H](c2ccc(OCCN3CCCCC3)cc2)Oc2ccccc21
CHEMBL1501342,ERbeta,4.780,,1,0,Inactive,exact,Cc1cc(Cl)ccc1OCC(=O)OC(C)C(=O)N(C)C
CHEMBL4790777,ERbeta,9.370,,1,0,Active,exact,CC1(Cc2ccc(O)cc2)CCc2cc(O)ccc21
CHEMBL98470,ERbeta,5.505,,4,0,,exact,CC(C)c1ccc(N2CCc3cc(O)ccc3C2(C)c2ccc(OCCN3CCCC3)cc2)cc1
CHEMBL203351,ERbeta,6.580,,1,0,Active,exact,CCc1cc(O)cc2ncn(-c3ccc(O)cc3)c(=O)c12
CHEMBL372411,ERbeta,7.840,,1,0,Active,exact,Cc1nocc1-c1nc2ccccc2n1-c1ccc(O)cc1
CHEMBL434502,ERbeta,7.950,,2,0,Active,exact,Cc1nc(CN2CCN(c3nc(NCCc4ccc(O)cc4)nc(N(C)CCCc4ccc(Cl)cc4)n3)CC2)cs1
CHEMBL1506123,ERbeta,5.050,,1,1,,exact,O=C(COC(=O)c1cccs1)NCc1ccco1
CHEMBL211666,ERbeta,8.400,,1,0,Active,exact,O=C1CC[C@@]2(CC3CC3)Cc3c(ccc4[nH]ncc34)C2=C1Br
CHEMBL583044,ERbeta,,6.000,0,1,,censored,O=CC1=C(SC2CCCCC2)c2sc3nc4n(c(=O)c3c2CC1)CCCCC4
CHEMBL1628170,ERbeta,7.680,,1,0,Active,exact,C[C@]12CC[C@@H]3c4ccc(O)cc4C[C@@H](Sc4ccc(/C=C/C(=O)O)cc4)[C@H]3[C@@H]1CC[C@@H]2O
CHEMBL2403351,ERbeta,5.350,,1,0,,exact,CCCCC(CCCC)(c1ccc(O)c(CC)c1)c1ccc(O)c(CC)c1
CHEMBL204010,ERbeta,5.810,,1,0,,exact,Oc1ccc(-c2ccc(-c3ccc(O)cc3)s2)cc1
CHEMBL1374539,ERbeta,,4.301,0,1,Inactive,censored,O=C(O)CC(Cn1nnnc1S)c1ccccc1
CHEMBL1325081,ERbeta,,4.301,0,1,Inactive,censored,N=C(NC(=O)c1ccccc1NC(=O)c1ccccc1)Nc1nc2ccccc2o1
CHEMBL524173,ERbeta,,3.000,0,1,Inactive,censored,CC(C)CNc1cc(/C=C/c2ccccc2)nc(NCc2cccc3ccccc23)n1
CHEMBL4592754,ERbeta,6.750,,1,0,Active,exact,CS(=O)(=O)c1ccc(C(CCCCO)=C(c2ccc(F)cc2)c2ccc(F)cc2)cc1
CHEMBL490,ERbeta,,4.523,0,1,Inactive,censored,Fc1ccc([C@@H]2CCNC[C@H]2COc2ccc3c(c2)OCO3)cc1
CHEMBL192756,ERbeta,6.330,,1,0,Active,exact,Oc1ccc([C@@H]2N=CN[C@@H]2c2ccc(OCCN3CCCC3)cc2Cl)c(Cl)c1
CHEMBL5630895,ERbeta,7.090,,1,0,Active,exact,Nc1cccc(-c2ccc(C(=O)Nc3cccc(Cl)c3)s2)c1
CHEMBL1087288,ERbeta,6.850,,1,0,Active,exact,Oc1ccc2c(c1)O[C@H](c1ccc(OCCN3CCCCCC3)cc1)C1=C2CCOc2ccccc21
CHEMBL2113002,ERbeta,6.840,,1,0,Active,exact,C[C@H](CN1CCCC1)Oc1ccc([C@@H]2Oc3ccc(O)cc3[C@@H](C)[C@@H]2c2ccc(O)cc2)cc1
CHEMBL340111,ERbeta,5.360,,1,0,,exact,Oc1ccc([C@H]2Sc3cc(O)ccc3O[C@H]2c2ccc(CN3CCCCC3)cc2)cc1
CHEMBL457242,ERbeta,,5.000,0,1,,censored,CC#C[C@]1(O)C[C@H]2CCc3cc(O)ccc3[C@]2(CC)[C@H](O)C1
CHEMBL368449,ERbeta,7.680,,1,0,Active,exact,C[C@@H]1CCN([C@@H](C)COc2ccc([C@@H]3Oc4ccc(O)cc4[C@@H](C)[C@@H]3c3ccc(O)cc3)cc2)C1
CHEMBL58504,ERbeta,6.100,,1,0,Active,exact,CCCCN(C)c1cc(-c2ccccc2)cc(-c2ccc(O)c(C)c2)n1
CHEMBL391795,ERbeta,7.800,,1,0,Active,exact,CC[C@]12CC[C@H](O)CC1=CC[C@@H]1[C@@H]2CC[C@]2(C)[C@@H](O)CC[C@@H]12
CHEMBL5575606,ERbeta,6.940,,1,0,Active,exact,CC/C(=C(\c1ccc(O)cc1)c1ccc(OCCN(C)C(=O)CCC(=O)Oc2cc(/C=C\c3cc(OC)c(OC)c(OC)c3)ccc2OC)cc1)c1ccccc1
CHEMBL1466894,ERbeta,,4.301,0,1,Inactive,censored,COc1ccc(N2CCN(C(=O)CCCn3c(=O)[nH]c4ccsc4c3=O)CC2)cc1
CHEMBL991,ERbeta,,4.523,0,1,Inactive,censored,Cc1cn([C@H]2C=C[C@@H](CO)O2)c(=O)[nH]c1=O
CHEMBL3360845,ERbeta,5.920,,1,0,,exact,O=C1[C@@H](Oc2ccccc2)[C@H](c2ccc(O)cc2)N1c1ccc(O)cc1
CHEMBL189658,ERbeta,8.620,,2,0,Active,exact,N#Cc1cc(O)cc2nc(-c3ccc(O)cc3F)oc12
CHEMBL46937,ERbeta,7.460,,1,0,Active,exact,CCCCc1ccc(-c2sc3cc(O)ccc3c2C(=O)c2ccc(OCCN3CCCCC3)cc2)cc1
CHEMBL4282219,ERbeta,6.270,,1,0,Active,exact,Oc1ccc(-c2c[se]cc2-c2ccc(OCCN3CCCCC3)c(F)c2)cc1F
CHEMBL1486827,ERbeta,4.460,,1,0,Inactive,exact,O=C(Cc1cnn(-c2ccccc2)c1)c1ccc(O)c(O)c1O
CHEMBL94280,ERbeta,7.380,,1,0,Active,exact,Oc1ccc2c(c1)CCN(Cc1ccccc1)C2c1ccc(OCCN2CCCC2)cc1
CHEMBL4744639,ERbeta,7.580,,2,1,Active,exact,C[C@]12CC[C@]3(C#N)c4ccc(O)cc4CC[C@H]3[C@@H]1CCC2=O
CHEMBL1470395,ERbeta,5.070,,1,0,,exact,CSC1=N/C(=C\c2ccc(Br)o2)C(=O)S1
CHEMBL382102,ERbeta,,5.000,0,1,,censored,C=C[C@H]1OC2(CCCC3=Cc4c(cnn4-c4ccc(F)cc4)C[C@@]32C)O[C@@H]1C=C
CHEMBL945,ERbeta,,4.523,0,1,Inactive,censored,N=C(N)NC(=O)c1nc(Cl)c(N)nc1N
CHEMBL196283,ERbeta,7.340,,1,0,Active,exact,CN(C)CCOc1ccc(Cn2c3ccccc3c3sc4cc(O)ccc4c32)cc1
CHEMBL398456,ERbeta,8.050,,1,0,Active,exact,C=C[C@]12CCC(C)=CC1=CC[C@H]1[C@@H]3CC[C@H](O)[C@@]3(C)CC[C@@H]12
CHEMBL1237044,ERbeta,,4.523,0,1,Inactive,censored,COc1cccc(C2(O)CCCCC2CN(C)C)c1
CHEMBL1465490,ERbeta,4.600,,1,0,Inactive,exact,O=S(=O)(Nc1ncnc2sc3c(c12)CCC3)c1ccc2ccccc2c1
CHEMBL4206798,ERbeta,6.550,,3,0,Active,exact,Cc1ccc(OS(=O)(=O)C2CC3OC2C(c2ccc(/C=C/c4cc(O)cc(O)c4)cc2)=C3c2ccc(O)cc2)cc1
CHEMBL1201269,ERbeta,,4.523,0,1,Inactive,censored,CC(C)(N)Cc1ccc(Cl)cc1
CHEMBL328190,ERbeta,8.315,,4,0,Active,exact,Oc1ccc2c(c1)CC[C@H](c1ccccc1)[C@@H]2c1ccc(OCCN2CCCC2)cc1
CHEMBL4086339,ERbeta,6.570,,1,0,Active,exact,CC[C@H](C)[C@@H]1NC(=O)C[C@H](NC(=O)[C@H](CCCNC(=N)N)NCCC(=O)NC(=S)Nc2ccc3c(c2)C(=O)OC32c3ccc(O)cc3Oc3cc(O)ccc32)C(=O)NCC(C(=O)N[C@@H](CCCNC(=N)N)C(=O)N[C@@H](CC(C)C)C(=O)N[C@@H](CC(C)C)C(=O)N[C@@H](CCC(N)=O)C(N)=O)NC(=O)[C@H](CC(C)C)NC1=O
CHEMBL1517817,ERbeta,,4.301,0,1,Inactive,censored,Cc1cc(O)nc(SCC(=O)Nc2nc3c(s2)CCCC3)n1
CHEMBL1463692,ERbeta,,4.301,0,1,Inactive,censored,CCOC(=O)CCC(NC(=O)c1ccc(NCN2C(=O)CCC2=O)cc1)C(=O)OCC
CHEMBL328475,ERbeta,5.970,,1,0,,exact,O=S(=O)(c1ccc2ccccc2c1)N1CCc2cc(O)ccc2C1c1ccc(OCCN2CCCC2)cc1
CHEMBL1468811,ERbeta,5.500,,1,1,,exact,COc1cc(C(Nc2ccccn2)c2ccc3ccc(C)nc3c2O)cc(OC)c1O
CHEMBL4278672,ERbeta,7.435,,2,1,Active,exact,OC[C@@H]1CCC[C@@H](c2ccc(O)cc2)CC1
CHEMBL195723,ERbeta,,5.000,0,1,,censored,C=C[C@H]1OC2(CCC3=Cc4c(cnn4-c4ccc(F)cc4)C[C@@]32C)O[C@@H]1C=C
CHEMBL1391916,ERbeta,,4.301,0,1,Inactive,censored,COc1ccc2c(=O)c3c(=O)n(Cc4ccco4)c(-c4ccco4)nc3oc2c1
CHEMBL3666813,ERbeta,,5.000,0,1,,censored,C[C@H](NC(=O)C(C)(F)F)[C@H](Oc1ccc2c(cnn2-c2cccc(C(=O)NCc3cccnc3)c2)c1)c1ccc2c(c1)OCCO2
CHEMBL5406865,ERbeta,5.590,,1,0,,exact,CCN(c1ccc(OC)cc1)S(=O)(=O)C1CC2OC1C(c1ccc(O)cc1)=C2c1ccc(O)cc1
CHEMBL967,ERbeta,,4.523,0,1,Inactive,censored,CN1C(=O)C(O)N=C(c2ccccc2)c2cc(Cl)ccc21
CHEMBL183162,ERbeta,8.440,,1,0,Active,exact,Oc1ccc2c(c1)CO[C@H](c1ccccc1)[C@@H]2c1ccc(OCCN2CCCC2)cc1
CHEMBL4209027,ERbeta,5.840,,2,0,,exact,O=S(=O)(Oc1ccccc1C(F)(F)F)C1CC2OC1C(c1ccc(/C=C/c3cc(O)cc(O)c3)cc1)=C2c1ccc(O)cc1
CHEMBL1375019,ERbeta,5.770,,1,1,,exact,Oc1c2c(nc3ccccc13)C(=C1CCCC1)CC2
CHEMBL1771,ERbeta,,4.523,0,1,Inactive,censored,COC(=O)[C@H](c1ccccc1Cl)N1CCc2sccc2C1
CHEMBL197667,ERbeta,7.550,,1,0,Active,exact,N#Cc1cc(-c2ccc(O)cc2)nc2ccc(O)cc12
CHEMBL1200699,ERbeta,,4.523,0,1,Inactive,censored,C[C@H]1c2cccc(O)c2C(=O)C2=C(O)[C@]3(O)C(=O)C(C(N)=O)=C(O)[C@@H](N(C)C)[C@@H]3[C@@H](O)[C@@H]21.O
CHEMBL61026,ERbeta,6.000,,1,0,Active,exact,CCN(Cc1ccncc1)c1cc(-c2ccccc2)cc(-c2ccc(O)c(C)c2)n1
CHEMBL435696,ERbeta,6.560,,1,0,Active,exact,Oc1ccc([C@H]2Sc3cc(O)ccc3O[C@H]2c2ccc(OCCN3CCC(F)(F)CC3)cc2)cc1
CHEMBL1603599,ERbeta,4.465,,2,0,Inactive,exact,O=S(=O)(NCc1csc(-c2cccnc2)n1)c1ccc(Cl)s1
CHEMBL57875,ERbeta,5.980,,1,0,,exact,CN(CCc1ccccc1)c1cc(-c2ccccc2)cc(-c2ccc(O)cc2)n1
CHEMBL5188893,ERbeta,,5.000,0,1,,censored,CN1C(=O)NC(c2ccc(O)cc2)C2=C1c1ccccc1C2=O
CHEMBL4442761,ERbeta,7.540,,2,1,Active,exact,OCCC1CCC(c2ccc(O)cc2)CC1
CHEMBL205249,ERbeta,4.770,,1,0,Inactive,exact,C=Cc1cc(O)cc2ncn(-c3ccc(O)cc3)c(=O)c12
CHEMBL315866,ERbeta,7.180,,1,0,Active,exact,Oc1ccc2c(c1)CCN(c1ccccc1)C2Cc1ccccc1
CHEMBL1431555,ERbeta,5.005,,2,0,,exact,CC(=O)c1ccc(NCC(=O)N2CCN(c3ccccc3)CC2)cc1
CHEMBL1530009,ERbeta,,4.301,0,1,Inactive,censored,O=C(Oc1ccc2c(c1)OCC2=O)c1ccccc1
CHEMBL135695,ERbeta,9.430,,1,0,Active,exact,Cc1cc(O)ccc1CC(C#N)c1ccc(O)cc1
CHEMBL523837,ERbeta,,3.000,0,1,Inactive,censored,C(=C/c1cc(/C=C/c2ccccc2)nc(NCc2ccccc2)n1)\c1ccccc1
CHEMBL5414261,ERbeta,,4.108,0,1,Inactive,censored,COc1ccc(N(CC(F)(F)F)S(=O)(=O)C2CC3OC2C(c2ccc(-c4cnn(C)c4)cc2)=C3c2ccc(O)cc2)cc1
CHEMBL252642,ERbeta,7.440,,2,0,Active,exact,O=C1C[C@@H](c2ccc(O)cc2)Oc2cc(O)ccc21
CHEMBL38380,ERbeta,,4.523,0,1,Inactive,censored,O=S(=O)(c1cccc2cnccc12)N1CCCNCC1
CHEMBL58563,ERbeta,6.170,,1,0,Active,exact,Cc1cc(-c2cc(-c3ccccc3)cc(N(C)CCc3ccccc3)n2)ccc1O
CHEMBL205920,ERbeta,6.810,,1,0,Active,exact,CCc1cc(O)cc2ncn(-c3ccc(O)cc3)c(=S)c12
CHEMBL439806,ERbeta,6.370,,1,0,Active,exact,Oc1ccc2c(c1)CC1(C2)C(c2ccccc2)=Cc2ccccc21
CHEMBL4293632,ERbeta,6.360,,1,0,Active,exact,O=C1CCCC(c2ccc(O)cc2)CC1
CHEMBL93705,ERbeta,6.940,,2,0,Active,exact,Oc1cccc([C@H]2Sc3cc(O)ccc3O[C@H]2c2ccc(OCCN3CCCCC3)cc2)c1
CHEMBL4855392,ERbeta,5.050,,2,1,,exact,CN(c1ccccc1Cl)S(=O)(=O)C1CC2OC1C(c1ccc(NC(=O)CCCCCCC(=O)O)cc1)=C2c1ccc(O)cc1
CHEMBL103294,ERbeta,6.330,,4,0,Active,exact,CC1(c2ccc(OCCN3CCCCC3)cc2)c2ccc(O)cc2CCN1c1ccc(Cl)cc1
CHEMBL358890,ERbeta,6.000,,1,0,Active,exact,CN1CCN(c2nc(NCCc3ccc(O)cc3)nc(OCCCc3ccccc3)n2)CC1
CHEMBL1336223,ERbeta,,4.301,0,1,Inactive,censored,CC(=O)Nc1ccc(N2CCN(C(C)=O)CC2)cc1
CHEMBL258553,ERbeta,5.750,,1,0,,exact,N#Cc1ccccc1-c1ccc(O)cc1
CHEMBL183084,ERbeta,6.940,,1,0,Active,exact,Oc1ccc([C@H]2Sc3cc(O)ccc3O[C@H]2c2ccc(OCCN3CCC(F)CC3)cc2)cc1
CHEMBL449038,ERbeta,5.630,,1,0,,exact,O=C(CCl)Nc1ccc(-c2sc3cc(O)ccc3c2Oc2ccc(OCCN3CCCCC3)cc2)cc1
CHEMBL1468708,ERbeta,6.270,,2,0,Active,exact,O=C(NCc1ccco1)c1cc2c(s1)CSC2
CHEMBL1065,ERbeta,4.610,,1,0,Inactive,exact,CC[C@@H](CO)NC(=O)[C@@H]1C=C2c3cccc4c3c(cn4C)C[C@H]2N(C)C1
CHEMBL4207852,ERbeta,,4.000,0,1,Inactive,censored,CC(C)[C@H](NC(=O)C(C)(F)F)[C@H](Oc1ccc2c(cnn2-c2ccc(=O)n(C)c2)c1)c1ccccc1
CHEMBL522823,ERbeta,,3.000,0,1,Inactive,censored,CC(C)CNc1cc(CCc2cccc3ccccc23)nc(NCC(C)C)n1
CHEMBL4637537,ERbeta,,4.000,0,1,Inactive,censored,CCOC(=O)C1=C(N)Oc2cc(O)ccc2C1c1ccc(OCc2ccccc2)cc1
CHEMBL6151098,ERbeta,,5.000,0,1,,censored,O=C(O)c1ccc(-c2ccc(OCc3c(-c4c(Cl)cccc4Cl)noc3C3CC3)cc2)cc1
CHEMBL109,ERbeta,,4.523,0,1,Inactive,censored,CCCC(CCC)C(=O)O
CHEMBL1495411,ERbeta,7.250,,1,0,Active,exact,N#Cc1c(NC(=O)CN2CCCCC2)sc2c1CCC2
CHEMBL3360844,ERbeta,5.320,,1,0,,exact,O=C1[C@@H](c2ccc(O)cc2)[C@H](c2ccc(O)cc2)N1c1ccc(O)cc1
CHEMBL261680,ERbeta,5.540,,1,0,,exact,Nc1ccc(-c2ccc(O)cc2)cc1Cl
CHEMBL1088337,ERbeta,7.730,,1,0,Active,exact,O=C1CCC(=O)N1CCOc1ccc([C@@H]2Oc3cc(O)ccc3C3=C2c2ccc(O)cc2OCC3)cc1
CHEMBL614,ERbeta,,4.523,0,1,Inactive,censored,NC(=O)c1cnccn1
CHEMBL352024,ERbeta,4.800,,1,1,Inactive,exact,CCCCc1cc(NCCC)nc(NCCC)n1
CHEMBL3422032,ERbeta,6.740,,1,0,Active,exact,CC/C(=C(/c1ccc(N)cc1)c1ccc(OCCN)cc1)c1ccccc1
CHEMBL329892,ERbeta,7.750,,1,0,Active,exact,Oc1ccc([C@H]2Sc3c(ccc(O)c3F)O[C@H]2c2ccc(OCCN3CCCCC3)cc2)cc1
CHEMBL6966,ERbeta,,4.523,0,1,Inactive,censored,COc1ccc(CCN(C)CCCC(C#N)(c2ccc(OC)c(OC)c2)C(C)C)cc1OC
CHEMBL1233,ERbeta,,4.523,0,1,Inactive,censored,CCCC(C)(COC(N)=O)COC(=O)NC(C)C
CHEMBL1443554,ERbeta,5.240,,2,1,,exact,Cc1ccccc1Nc1nnc(SCC(=O)NCc2ccco2)s1
CHEMBL1566505,ERbeta,,4.301,0,1,Inactive,censored,Cc1ccc(NC(=O)COc2ccc(-n3cnnn3)cc2)cc1C
CHEMBL1481077,ERbeta,,4.301,0,1,Inactive,censored,Cc1ccc(C(=O)O)cc1-c1ccc(/C=C2/NC(=O)N(c3ccccc3)C2=O)o1
CHEMBL621,ERbeta,,4.523,0,1,Inactive,censored,O=c1n(CCCN2CCN(c3cccc(Cl)c3)CC2)nc2ccccn12
CHEMBL493713,ERbeta,,3.000,0,1,Inactive,censored,c1ccc(CCc2cc(SCc3ccccc3)nc(SCc3ccccc3)n2)cc1
CHEMBL4206696,ERbeta,,5.000,0,1,,censored,COc1cc(/C=C/c2ccc(C3=C(c4ccc(O)cc4)C4CC(S(=O)(=O)Oc5ccc(Br)cc5)C3O4)cc2)cc(OC)c1
CHEMBL3422043,ERbeta,7.320,,1,0,Active,exact,NCCOc1ccc(/C(=C(/Cn2cnnc2)c2ccccc2)c2ccc(O)cc2)cc1
CHEMBL3197914,ERbeta,,4.301,0,1,Inactive,censored,CC(=N)/C(C#N)=C(/O)CSc1nnnn1-c1ccccc1
CHEMBL4648351,ERbeta,6.170,,1,0,Active,exact,CC(C)(C)OC(=O)C1=C(N)Oc2cc(O)ccc2C1c1ccc(OCCN2CCCC2)cc1
CHEMBL189303,ERbeta,7.850,,2,0,Active,exact,C=CCc1cc(O)cc2nc(-c3ccc(O)c(F)c3)oc12
CHEMBL284453,ERbeta,5.710,,1,0,,exact,O=C1c2ccc(O)cc2O[C@H](c2ccc(OCCN3CCCCC3)cc2)[C@H]1c1ccc(O)cc1
CHEMBL1604955,ERbeta,5.440,,1,0,,exact,CCOC(=O)Cn1cnc2sc3c(c2c1=O)CCC3
CHEMBL323119,ERbeta,5.595,,4,0,,exact,CN(C)c1cccc(N2CCc3cc(O)ccc3C2(C)c2ccc(OCCN3CCCC3)cc2)c1
CHEMBL4751119,ERbeta,7.570,,2,1,Active,exact,C#C[C@]1(O)CC[C@H]2[C@@H]3CCc4cc(O)ccc4[C@@]3(C#N)CC[C@@]21C
CHEMBL131163,ERbeta,8.550,,1,0,Active,exact,Nc1c(/C=N/O)ccc(-c2ccccc2)c1-c1ccccc1
CHEMBL213051,ERbeta,7.370,,1,0,Active,exact,CCCCC1=C2c3ccc4[nH]nnc4c3CC2(CC)CCC1=O
CHEMBL189706,ERbeta,6.720,,2,0,Active,exact,CCOC(=O)c1cc(O)cc2nc(-c3ccc(O)cc3)oc12
CHEMBL5184751,ERbeta,8.720,,3,1,Active,exact,OCC12CC3CC(C1)C(c1ccc(O)cc1)C(C3)C2
CHEMBL449931,ERbeta,,3.000,0,1,Inactive,censored,CC(C)CCc1cc(N(C)CC(C)C)nc(N(C)CC(C)C)n1
CHEMBL203122,ERbeta,4.320,,1,0,Inactive,exact,CC(C)c1nc2cc(O)cc(O)c2c(=O)n1-c1ccc(O)cc1
CHEMBL1086652,ERbeta,7.200,,1,0,Active,exact,Oc1ccc2c(c1)O[C@@H](c1ccc(OCCN3CCCCC3)cc1)C1=C2CCOc2ccccc21
CHEMBL3645267,ERbeta,7.110,,2,0,Active,exact,O=C(c1ccc(O)c(F)c1)N(c1ccc(O)cc1)c1ccc(O)cc1
CHEMBL435090,ERbeta,7.700,,2,0,Active,exact,CCCc1cc(O)ccc1-c1noc2cc(O)ccc12
CHEMBL187219,ERbeta,7.700,,2,0,Active,exact,Oc1ccc2c(-c3ccc4c(O)cccc4c3)noc2c1
CHEMBL1525366,ERbeta,7.160,,1,0,Active,exact,CCOC(=O)C1CCCN(C(=O)c2cc3ncc(Br)cn3n2)C1
CHEMBL566312,ERbeta,,6.000,0,1,,censored,O=CC1=C(Sc2cccc(O)c2)c2sc3nc4n(c(=O)c3c2CC1)CCCCC4
CHEMBL183033,ERbeta,8.000,,1,0,Active,exact,COc1cc(O)cc2cc(-c3ccc(O)c(F)c3)oc12
CHEMBL1578407,ERbeta,4.470,,1,1,Inactive,exact,CCOc1c(C(N)=O)c(-c2ccccc2)c2c(O)nc3ccccc3n12
CHEMBL418971,ERbeta,6.090,,4,0,Active,exact,CC(C)(c1ccc(O)cc1)c1ccc(O)cc1
CHEMBL362507,ERbeta,6.700,,2,0,Active,exact,C=Cc1cc(O)cc2nc(-c3cc(F)c(O)c(F)c3)oc12
CHEMBL236086,ERbeta,9.550,,2,0,Active,exact,COCc1cc(O)cc2c1O[C@@H](c1ccc(O)cc1)[C@H]1CCC[C@@H]21
CHEMBL121720,ERbeta,7.570,,1,0,Active,exact,CCN1CCN(c2ccc([C@@H]3Oc4ccc(O)cc4S[C@@H]3c3ccc(O)cc3)cc2)CC1
CHEMBL5094584,ERbeta,7.525,,2,0,Active,exact,CCC(=C(c1ccc(O)cc1)c1ccc(/C=C/C(=O)NCCCNC(=O)c2ccc(N3CCN(C(=O)CCCn4c(=S)[nH]c5ccccc5c4=O)CC3)cc2)cc1)c1ccccc1
CHEMBL5400213,ERbeta,6.300,,1,0,Active,exact,Cc1cn(C2=CCC3C4CC=C5C[C@@H](NC(=O)c6ccc(F)cc6)CC[C@]5(C)C4CC[C@]23C)cn1
CHEMBL194805,ERbeta,4.950,,2,0,Inactive,exact,CC(C)(c1ccccc1)c1ccc(O)cc1
CHEMBL139,ERbeta,,4.523,0,1,Inactive,censored,O=C(O)Cc1ccccc1Nc1c(Cl)cccc1Cl
CHEMBL178857,ERbeta,7.700,,1,0,Active,exact,O=C(c1ccc(N2CCN(C(=O)c3ccco3)CC2)cc1)c1c(-c2ccc(O)cc2)sc2cc(O)ccc12
CHEMBL206600,ERbeta,7.340,,1,0,Active,exact,Cc1c(O)ccc2c1oc(=O)c1cc(O)ccc12
CHEMBL1548822,ERbeta,5.390,,1,0,,exact,O=C(Nc1cccc(C(F)(F)F)c1)c1ccc2nc(-c3ccco3)c(-c3ccco3)nc2c1
CHEMBL1201208,ERbeta,,4.523,0,1,Inactive,censored,CC1NCCOC1c1ccccc1
CHEMBL3589357,ERbeta,6.040,,2,0,Active,exact,O=C(O)CCCCCCC(=O)Nc1ccc(C2=C(c3ccc(O)cc3)C3CC(S(=O)(=O)Oc4cccc(O)c4)C2O3)cc1
CHEMBL667,ERbeta,,4.523,0,1,Inactive,censored,CC(=O)OCC[N+](C)(C)C
CHEMBL1518540,ERbeta,,4.301,0,1,Inactive,censored,O=C1OC(Nc2ccc3c(c2)OCO3)c2ccccc21
CHEMBL1386982,ERbeta,5.000,,1,1,,exact,COc1ccc(NC(=O)CN(c2ccccc2)S(=O)(=O)N(C)C)cc1OC
CHEMBL192218,ERbeta,8.520,,1,0,Active,exact,N#Cc1cc(O)c(Cl)c2ccc(-c3ccc(O)cc3)cc12
CHEMBL4250610,ERbeta,7.110,,1,0,Active,exact,CC[C@H](C)[C@@H]1NC(=O)[C@H](NC(=O)[C@@H](N)CCCNC(=N)N)CSSC[C@H](C(=O)N[C@@H](CCCNC(=N)N)C(=O)N[C@@H](CC(C)C)C(=O)N[C@@H](CC(C)C)C(=O)N[C@@H](CCC(N)=O)C(N)=O)NC(=O)[C@H](CC(C)C)NC1=O
CHEMBL185480,ERbeta,6.570,,1,0,Active,exact,Oc1ccc([C@H]2Sc3cc(O)ccc3O[C@H]2c2ccc(OCCN3CCC4(CC3)OCCO4)cc2)cc1
CHEMBL178470,ERbeta,7.410,,1,0,Active,exact,C[C@@H]1c2cc(O)ccc2O[C@@H](c2ccc(OCCN3CCCCC3)cc2)[C@H]1c1ccc(O)cc1
CHEMBL3099431,ERbeta,6.960,,1,0,Active,exact,CC1C[C@H](C)C2(CC[C@H]3[C@@H]4CCc5cc(O)ccc5[C@H]4CC[C@@]32C)O1
CHEMBL371788,ERbeta,8.620,,1,0,Active,exact,CC1=C(c2ccc(O)cc2)C(=O)c2c(O)cc(O)cc21
CHEMBL5189869,ERbeta,,5.000,0,1,,censored,CN1C(=O)NC(c2ccc(C(F)(F)F)cc2)C2=C1c1ccccc1C2=O
CHEMBL240438,ERbeta,6.590,,1,0,Active,exact,Cc1c([C@H](C)NC(=O)Cc2c(-c3ccccc3)[nH]c3ccccc23)n(Cc2ccc(OCCN3CCCCC3)cc2)c2ccc(O)cc12
CHEMBL3189821,ERbeta,5.115,,2,0,,exact,COc1ccc(OC)c(/C=N/c2oc(-c3ccco3)c(-c3ccco3)c2C#N)c1
CHEMBL245576,ERbeta,,5.000,0,1,,censored,C[C@]12CC[C@H]3[C@@H](CC=C4[C@@H]5C(=O)CC[C@@]43C[C@H]5O)[C@@H]1CC[C@@H]2O
CHEMBL188391,ERbeta,7.230,,2,0,Active,exact,Oc1ccc(-c2nc3cc(O)ccc3o2)c(Cl)c1
CHEMBL492873,ERbeta,,3.000,0,1,Inactive,censored,CC(C)CNc1cc(CCc2ccccc2)nc(N(C)CC(C)C)n1
CHEMBL264349,ERbeta,5.920,,1,0,,exact,CC1=C2c3ccc4[nH]ncc4c3CC2(Cc2ccccc2)CCC1=O
CHEMBL3234631,ERbeta,7.170,,1,0,Active,exact,Oc1ccc(/C(=N\c2cccc(Cl)c2)c2ccc(O)cc2O)cc1
CHEMBL1008,ERbeta,,4.523,0,1,Inactive,censored,CC(C)COCC(CN(Cc1ccccc1)c1ccccc1)N1CCCC1
CHEMBL1305,ERbeta,,4.523,0,1,Inactive,censored,c1ccc(CN(CC2=NCCN2)c2ccccc2)cc1
CHEMBL155226,ERbeta,5.750,,1,0,,exact,CN(C[C@@H]1C[C@H]1c1ccccc1)c1nc(NCCc2ccc(O)cc2)nc(N2CCNCC2)n1
CHEMBL204389,ERbeta,5.890,,1,0,,exact,CO/C=C/[C@]12CC[C@H](O)CC1=CCC1C2CC[C@@]2(C)C1CC[C@@H]2O
CHEMBL3645271,ERbeta,7.600,,2,0,Active,exact,Cc1c(F)cccc1C(=O)N(c1ccc(O)cc1)c1ccc(O)cc1
CHEMBL263942,ERbeta,,6.125,0,1,,censored,C#C[C@]1(O)CC[C@H]2[C@@H]3CCC4=CC(=O)CCC4=C3[C@@H](c3ccc(N(C)C(=O)CNC(=O)O[C@@H]4C[C@@H]5CC(O)CC[C@]5(C)[C@H]5C[C@H](O)[C@]6(C)[C@@H]([C@H](C)CCC(=O)O)CC[C@H]6[C@H]45)cc3)C[C@@]21C
CHEMBL103305,ERbeta,6.675,,4,0,Active,exact,CC1(c2ccc(OCCN3CCCCC3)cc2)c2ccc(O)cc2CCN1c1cccc(Cl)c1
CHEMBL911,ERbeta,,4.523,0,1,Inactive,censored,Cc1ccc(-c2nc3ccc(C)cn3c2CC(=O)N(C)C)cc1
CHEMBL420068,ERbeta,7.600,,1,0,Active,exact,CCc1c(O)ccc2c1O[C@H](c1ccc(OCCN3CCCCC3)cc1)[C@H](c1ccc(O)cc1)S2
CHEMBL786,ERbeta,8.300,,1,0,Active,exact,CC/C(=C(\c1ccccc1)c1ccc(OCCN(C)C)cc1)c1ccccc1.O=C(O)CC(O)(CC(=O)O)C(=O)O
CHEMBL4206281,ERbeta,7.130,,3,0,Active,exact,COc1cc(/C=C/c2ccc(OS(=O)(=O)C3CC4OC3C(c3ccc(O)cc3)=C4c3ccc(O)cc3)cc2)cc(OC)c1
CHEMBL196131,ERbeta,7.960,,1,0,Active,exact,Oc1ccc2c(c1)sc1c3cc(O)ccc3n(Cc3ccc(OCCN4CCCCC4)cc3)c21
CHEMBL5405944,ERbeta,6.050,,1,0,Active,exact,O=S(=O)(Oc1ccc(C(F)(F)F)cc1)C1CC2OC1C(c1ccc(-n3cncn3)cc1)=C2c1ccc(O)cc1
CHEMBL457241,ERbeta,,5.000,0,1,,censored,CC#C[C@]1(O)C[C@H]2CCc3cc(O)ccc3[C@]2(CC)C[C@@H]1O
CHEMBL188515,ERbeta,5.870,,2,0,,exact,OCc1cc(O)cc2nc(-c3ccc(O)cc3)oc12
CHEMBL4776568,ERbeta,8.780,,1,0,Active,exact,N#CC1(Cc2ccc(O)cc2)CCc2cc(O)ccc21
CHEMBL5186437,ERbeta,8.210,,3,1,Active,exact,Oc1ccc(C2CCC3(CC2)CC(O)C3)cc1
CHEMBL3645265,ERbeta,7.450,,2,0,Active,exact,Cc1cccc(C(=O)N(c2ccc(O)cc2)c2ccc(O)cc2)c1C
CHEMBL1583687,ERbeta,5.365,,2,0,,exact,CCOC(=O)Cc1csc(NC(=O)Cc2cccs2)n1
CHEMBL58330,ERbeta,6.600,,1,0,Active,exact,Cc1cc(-c2cc(-c3ccccc3)cc(N(CCc3ccccc3)Cc3ccccc3)n2)ccc1O
CHEMBL1509057,ERbeta,4.960,,1,0,Inactive,exact,O=C(COC(=O)CN1C(=O)c2ccccc2C1=O)Nc1ncc(Cl)cc1Cl
CHEMBL3578285,ERbeta,5.280,,1,0,,exact,C[C@H](c1ccc(F)cc1)N1C(=O)O[C@](Cc2ccccc2)(c2nc3cc(N4CCOCC4)ccc3[nH]2)C1=O
CHEMBL33890,ERbeta,6.340,,1,0,Active,exact,CCCCCc1cc(O)cc2c1C(=O)[C@@H](c1ccc(O)cc1)[C@@H](c1ccc(OCCN3CCCCC3)cc1)O2
CHEMBL4581589,ERbeta,6.170,,1,0,Active,exact,OCC=C1CCC(c2ccc(O)cc2)CC1
CHEMBL1355736,ERbeta,,4.523,0,1,Inactive,censored,Cn1c(=O)c2nc[nH]c2n(C)c1=O.O
CHEMBL2382125,ERbeta,5.370,,1,0,,exact,CC(C)(O)c1ccc2c(c1)C(=O)C[C@H]1[C@@](C)(C(=O)O)CCC[C@]21C
CHEMBL3589356,ERbeta,6.730,,2,0,Active,exact,Cc1ccccc1OS(=O)(=O)C1CC2OC1C(c1ccc(NC(=O)CCCCCCC(=O)O)cc1)=C2c1ccc(O)cc1
CHEMBL2096708,ERbeta,7.290,,1,0,Active,exact,C#C[C@]1(O)CC[C@H]2[C@@H]3CCC4=CC(=O)CCC4=C3[C@@H](c3ccc(N(C)CCOCCO[C@H]4CC[C@@]5(C)[C@@H](C4)C[C@@H](O)[C@@H]4[C@@H]5C[C@H](O)[C@]5(C)[C@@H]([C@H](C)CCC(=O)O)CC[C@@H]45)cc3)C[C@@]21C
CHEMBL1410526,ERbeta,5.470,,1,0,,exact,CCn1cc(-c2cc(C(F)(F)F)n3nc(C(=O)O)cc3n2)c(C)n1
CHEMBL1506716,ERbeta,6.790,,1,0,Active,exact,O=C1Nc2ccccc2SC(c2ccccc2)C1O
CHEMBL4784379,ERbeta,8.850,,1,0,Active,exact,Oc1ccc(C[C@H]2CCc3cc(O)ccc32)cc1
CHEMBL152916,ERbeta,6.770,,1,0,Active,exact,CN(CCOc1ccc(Cl)cc1)c1nc(NCCc2ccc(O)cc2)nc(N2CCNCC2)n1
CHEMBL450940,ERbeta,8.300,,2,0,Active,exact,C=Cc1cc(O)cc2nc(-c3ccc(O)c(F)c3)oc12
CHEMBL1405097,ERbeta,5.190,,2,0,,exact,Cc1ccc(C(=O)NCC(=O)OCC(=O)c2c(N)n(C)c(=O)n(C)c2=O)s1
CHEMBL4517877,ERbeta,5.820,,1,0,,exact,CS(=O)(=O)c1ccc(C(CCCO)=C(c2ccccc2)c2ccccc2)cc1
CHEMBL184448,ERbeta,8.800,,1,0,Active,exact,Oc1ccc(-c2cc3cc(O)cc(Cl)c3o2)cc1
CHEMBL3856094,ERbeta,,4.301,0,1,Inactive,censored,Nc1[nH]n(-c2ccccc2)c(=O)c1/N=N/c1ccccc1[N+](=O)[O-]
CHEMBL1413557,ERbeta,5.470,,1,1,,exact,Cc1ccc(-c2cc(C(=O)NCc3ccco3)c3ccccc3n2)o1
CHEMBL5427627,ERbeta,5.110,,1,0,,exact,O=C(COc1cccc2c1C(=O)N(C1CCC(=O)NC1=O)C2=O)NCCCCCCOc1ccc(N(CC(F)(F)F)S(=O)(=O)C2CC3OC2C(c2ccc(O)cc2)=C3c2ccc(O)cc2)cc1
CHEMBL523687,ERbeta,,3.000,0,1,Inactive,censored,c1ccc(CCc2cc(OCc3ccccc3)nc(OCc3ccccc3)n2)cc1
CHEMBL311878,ERbeta,7.565,,2,0,Active,exact,O=c1c2oc3ccc(O)cc3c2oc2cc(O)cc(O)c12
CHEMBL1424486,ERbeta,,4.301,0,1,Inactive,censored,Nc1nc(-c2ccco2)c(-c2ccco2)s1
CHEMBL128654,ERbeta,8.770,,1,0,Active,exact,O/N=C/c1ccc(-c2ccccc2)c(-c2ccccc2)c1O
CHEMBL3589365,ERbeta,6.320,,1,0,Active,exact,O=C(O)CCCCCCC(=O)Nc1ccc(C2=C(c3ccc(O)cc3)C3CC(S(=O)(=O)Oc4ccccc4C(F)(F)F)C2O3)cc1
CHEMBL181862,ERbeta,7.250,,1,0,Active,exact,Oc1ccc([C@H]2Sc3cc(O)ccc3O[C@H]2c2ccc(OCCN3CC[C@@H]4C[C@@H]43)cc2)cc1
CHEMBL188049,ERbeta,7.890,,2,0,Active,exact,C=CCc1cc(O)cc2nc(-c3ccc(O)cc3)oc12
CHEMBL511269,ERbeta,8.340,,1,0,Active,exact,COc1ccc2c(c1)OCCC(c1ccc(O)cc1)=C2c1ccc(OCCN2CCC2)cc1
CHEMBL5413340,ERbeta,4.710,,1,0,Inactive,exact,O=S(=O)(C1CC2OC1C(c1ccc(-n3ccnc3)cc1)=C2c1ccc(O)cc1)N(CC(F)(F)F)c1ccccc1
CHEMBL513735,ERbeta,,4.824,0,1,Inactive,censored,CS(=O)(=O)c1ccc(C2=C(c3ccc(OCCN4CCCC4)cc3)c3ccc(F)cc3OCC2)cc1
CHEMBL4281803,ERbeta,7.800,,1,0,Active,exact,Cc1cc(O)ccc1-c1cc(-c2ccc(OCCN3CCCC3)cc2)c(-c2ccc(O)cc2C)[se]1
CHEMBL2332590,ERbeta,4.760,,1,0,Inactive,exact,Oc1ccc(-c2cocc2-c2ccc(O)cc2Cl)c(Cl)c1
CHEMBL4588609,ERbeta,,5.301,0,1,,censored,CS(=O)(=O)c1ccc(C(CCCO[N+](=O)[O-])=C(c2ccc(F)cc2)c2ccc(F)cc2)cc1
CHEMBL1425721,ERbeta,5.030,,1,0,,exact,CC(=O)NC12CC3CC(C1)CC(C(=O)OCC(=O)Nc1ncc(Cl)c(C)c1Cl)(C3)C2
CHEMBL427533,ERbeta,6.560,,2,0,Active,exact,CN1CCN(c2ccc(C3c4ccc(O)cc4CCN3c3ccccc3)cc2)CC1
CHEMBL369991,ERbeta,6.440,,1,0,Active,exact,CC/C=C\[C@]12CC[C@H](O)CC1=CCC1C2CC[C@@]2(C)C1CC[C@@H]2O
CHEMBL1490194,ERbeta,,4.301,0,1,Inactive,censored,Cc1ccc2c(Cl)cc(Cl)c(OCC(=O)NCc3ccco3)c2n1
CHEMBL4561540,ERbeta,7.090,,2,1,Active,exact,C=C1CCC(c2ccc(O)cc2)CC1
CHEMBL3823498,ERbeta,5.780,,1,0,,exact,CNCCCCCCCCCCCCn1c(-c2ccc(O)cc2)c(C)c2cc(O)ccc21
CHEMBL5203282,ERbeta,7.160,,1,0,Active,exact,Cc1cc(C(=O)C2=C(c3ccc(O)cc3)COc3cc(O)ccc32)ccc1OCCN1C=Cc2cccnc2C1
CHEMBL1495161,ERbeta,,4.301,0,1,Inactive,censored,O=C(Nc1ccc(Cc2ccncc2)cc1)C1CCC(N2C(=O)C3CC=CCC3C2=O)CC1
CHEMBL1083326,ERbeta,4.020,,1,0,Inactive,exact,CC(C)=CCc1c([C@H]2CCc3ccc(O)cc3O2)cc(O)c(O)c1CC=C(C)C
CHEMBL371236,ERbeta,8.000,,1,0,Active,exact,Oc1ccc(C2=C(c3ccc(F)cc3)c3ccc(O)cc3C2)cc1
CHEMBL1423,ERbeta,,4.523,0,1,Inactive,censored,O=c1[nH]c2ccccc2n1C1CCN(CCCC(c2ccc(F)cc2)c2ccc(F)cc2)CC1
CHEMBL419110,ERbeta,7.370,,1,0,Active,exact,CC(C)(C)[C@H]1Sc2cc(O)ccc2O[C@H]1c1ccc(OCCN2CCCCC2)cc1
CHEMBL194600,ERbeta,6.200,,1,0,Active,exact,O=C(O)/C=C/c1ccc(Oc2c(-c3ccccc3)c(-c3ccccc3)nc3cc(O)ccc23)cc1
CHEMBL261781,ERbeta,5.920,,1,0,,exact,Oc1ccc(-c2cccc(F)c2)cc1
CHEMBL447102,ERbeta,6.850,,1,0,Active,exact,C/C=C/c1cc(O)cc2nc(-c3ccc(O)cc3)oc12
CHEMBL5075366,ERbeta,8.110,,2,0,Active,exact,CCC(=C(c1ccc(O)cc1)c1ccc(/C=C/C(=O)NCCCCNC(=O)CCc2nc3cc(OC)ccc3[nH]2)cc1)c1ccccc1
CHEMBL3421871,ERbeta,,5.495,0,1,,censored,CC[C@@]12C[C@@](C)(O)[C@](O)(c3ccccc3)C[C@H]1CCc1cc(O)ccc12
CHEMBL1528124,ERbeta,4.615,,2,0,Inactive,exact,Cc1ccc(C)c(C(=O)C2=C(O)C(=O)N(CCN3CCOCC3)C2c2ccco2)c1
CHEMBL57,ERbeta,,4.523,0,1,Inactive,censored,Cc1ccnc2c1NC(=O)c1cccnc1N2C1CC1
CHEMBL1173787,ERbeta,,4.301,0,1,Inactive,censored,O=C(O)c1cc2sccc2s1
CHEMBL121978,ERbeta,7.230,,1,0,Active,exact,CN1CCN(c2ccc([C@@H]3Oc4ccc(O)cc4S[C@@H]3c3ccc(O)cc3)cc2)CC1
CHEMBL5187139,ERbeta,5.720,,2,0,,exact,O=C1CC2(CCC(c3ccc(O)cc3)CC2)C1
CHEMBL205009,ERbeta,6.510,,1,0,Active,exact,COc1ccc2c(c1)c(=O)oc1c(C)c(O)ccc12
CHEMBL180873,ERbeta,7.900,,2,0,Active,exact,Cc1cccc(C(=O)N2CCN(c3ccc(C(=O)c4c(-c5ccc(O)cc5)sc5cc(O)ccc45)cc3)CC2)c1
CHEMBL1276308,ERbeta,5.540,,1,1,,exact,CC#C[C@]1(O)CC[C@H]2[C@@H]3CCC4=CC(=O)CCC4=C3[C@@H](c3ccc(N(C)C)cc3)C[C@@]21C
CHEMBL415621,ERbeta,7.890,,1,0,Active,exact,C#C[C@]1(O)CC[C@H]2[C@@H]3CCC4=CC(=O)CCC4=C3[C@@H](c3ccc(N(C)CCCOC4CC[C@@]5(C)[C@@H](C4)C[C@@H](O)[C@@H]4[C@@H]5C[C@H](O)[C@]5(C)[C@@H]([C@H](C)CCC(=O)O)CC[C@@H]45)cc3)C[C@@]21C
CHEMBL196530,ERbeta,7.520,,1,0,Active,exact,Oc1ccc(-c2ccc3c(Cl)c(O)ccc3n2)cc1
CHEMBL1477682,ERbeta,5.020,,1,0,,exact,COc1cc(CCC(=O)OCC(=O)Nc2ncc(Cl)cc2Cl)cc(OC)c1OC
CHEMBL214091,ERbeta,6.290,,1,0,Active,exact,CC1=C2c3ccc(O)cc3CC2(Cc2ccccc2)CCC1=O
CHEMBL1455258,ERbeta,6.075,,2,0,Active,exact,CC1CCN(S(=O)(=O)c2ccc(NC(=O)Cc3cccs3)cc2)CC1
CHEMBL623,ERbeta,,4.523,0,1,Inactive,censored,CCc1nn(CCCN2CCN(c3cccc(Cl)c3)CC2)c(=O)n1CCOc1ccccc1
CHEMBL1213617,ERbeta,5.340,,1,0,,exact,O=C(N1CCc2cc(O)ccc2C1)C(F)(F)F
CHEMBL2403363,ERbeta,5.580,,1,0,,exact,CCCC(CCC)(c1ccc(O)c(CC)c1)c1ccc(O)c(CC)c1
CHEMBL315761,ERbeta,6.440,,1,0,Active,exact,Oc1ccc2c(c1)S[C@H](c1ccco1)[C@H](c1ccc(OCCN3CCCCC3)cc1)O2
CHEMBL5192143,ERbeta,,5.000,0,1,,censored,CN1C(=O)NC(c2ccc(OCCN3CCN(CC(F)(F)F)CC3)cc2)C2=C1c1ccccc1C2=O
CHEMBL1444693,ERbeta,,4.301,0,1,Inactive,censored,O=C(CCc1ccccc1)Nc1nnc(-c2cccs2)o1
CHEMBL4205342,ERbeta,8.160,,2,0,Active,exact,O=S(=O)(Oc1cccc(Cl)c1)C1CC2OC1C(c1ccc(/C=C/c3cc(O)cc(O)c3)cc1)=C2c1ccc(O)cc1
CHEMBL190487,ERbeta,6.570,,1,0,Active,exact,O=C1C(c2ccc(O)cc2)=C(Br)c2c(O)cc(O)cc21
CHEMBL997,ERbeta,,4.523,0,1,Inactive,censored,CCCCCN(C)CCC(O)(P(=O)(O)O)P(=O)(O)O
CHEMBL3264932,ERbeta,4.820,,1,0,Inactive,exact,CCn1c(CCCc2ccc(-c3ccc(NS(=O)(=O)c4ccccc4)cn3)cc2)nn(Cc2ccc(C(C)(C)C)cc2)c1=O
CHEMBL3589346,ERbeta,6.775,,2,0,Active,exact,O=S(=O)(Oc1ccccc1)[C@H]1C[C@H]2O[C@@H]1C(c1ccc(O)cc1)=C2c1ccc(O)cc1
CHEMBL1398344,ERbeta,,4.301,0,1,Inactive,censored,COC(=O)c1ccc(NC(=O)CSc2nc(C)cc(O)n2)cc1
CHEMBL1424022,ERbeta,,4.301,0,1,Inactive,censored,COc1ccc(-c2noc(CCC(=O)N3CCN(c4cccc(C(F)(F)F)c4)CC3)n2)cc1
CHEMBL184003,ERbeta,7.100,,2,0,Active,exact,CCCCc1cc(O)cc2nc(-c3ccc(O)cc3)oc12
CHEMBL4228886,ERbeta,6.400,,1,0,Active,exact,O=Cc1ccc(C2=C(c3ccc(O)cc3)CCOc3cc(F)ccc32)cc1
CHEMBL396946,ERbeta,,5.301,0,1,,censored,O=C1c2ccc(O)cc2C(=O)N1c1cc(O)cc(O)c1
CHEMBL153289,ERbeta,6.680,,1,0,Active,exact,CN(CCCc1ccc(Cl)cc1)c1nc(NCCc2ccc(O)cc2)nc(N2CCN(CC(=O)C(C)(C)C)CC2)n1
CHEMBL315474,ERbeta,10.220,,1,0,Active,exact,CCc1c(-c2ccc(OCCN3CCCCC3)cc2)oc(-c2ccc(O)cc2)c1-c1ccc(O)cc1
CHEMBL4208593,ERbeta,7.690,,2,0,Active,exact,COc1cccc(OS(=O)(=O)C2CC3OC2C(c2ccc(/C=C/c4cc(O)cc(O)c4)cc2)=C3c2ccc(O)cc2)c1
CHEMBL457,ERbeta,,4.523,0,1,Inactive,censored,Cc1ccc(C)c(OCCCC(C)(C)C(=O)O)c1
CHEMBL3578271,ERbeta,5.620,,1,0,,exact,C[C@H](c1ccc(F)cc1)N1C(=O)O[C@](Cc2ccccc2)(c2nc3cc(Cl)ccc3[nH]2)C1=O
CHEMBL5561803,ERbeta,,4.102,0,1,Inactive,censored,O=C(COc1cccc2c1C(=O)N(C1CCC(=O)NC1=O)C2=O)NCCCCCOc1ccc(N(CC(F)(F)F)S(=O)(=O)C2CC3OC2C(c2ccc(-n4ccnc4)cc2)=C3c2ccc(O)cc2)cc1
CHEMBL211953,ERbeta,8.400,,1,0,Active,exact,CCC1=C2c3ccc4[nH]ncc4c3CC2(CC)CCC1=O
CHEMBL184491,ERbeta,6.440,,1,0,Active,exact,NC(=O)C1CCN(CCOc2ccc([C@@H]3Oc4ccc(O)cc4S[C@@H]3c3ccc(O)cc3)cc2)CC1
CHEMBL1607897,ERbeta,4.770,,2,0,Inactive,exact,O=S(=O)(NCC(O)COCc1ccco1)c1cccs1
CHEMBL5414572,ERbeta,6.300,,1,0,Active,exact,CCN(c1ccc(OC)cc1)S(=O)(=O)C1CC2OC1C(c1ccc(-n3ccnc3)cc1)=C2c1ccc(O)cc1
CHEMBL311640,ERbeta,8.360,,1,0,Active,exact,O=c1c2oc3cc(O)ccc3c2oc2cc(O)cc(O)c12
CHEMBL252556,ERbeta,,4.523,0,1,Inactive,censored,COC1=C(OC)C(=O)C(CCCCCCCCCCO)=C(C)C1=O
CHEMBL1076438,ERbeta,,5.523,0,1,,censored,CC1(C)[C@H](O)CC[C@]2(C)[C@@]3(C)c4[nH]c5ccccc5c4C[C@@H]3CC[C@@]12O
CHEMBL5410004,ERbeta,5.180,,1,0,,exact,O=S(=O)(Oc1cccc(Br)c1)C1CC2OC1C(c1ccc(O)cc1)=C2c1ccc(-n2ccnc2)cc1
CHEMBL232023,ERbeta,8.090,,1,0,Active,exact,Cc1c(/C=N/O)c2ccccc2n1-c1ccc(O)c(F)c1
CHEMBL1584646,ERbeta,5.400,,1,0,,exact,N#CC1=C(N)OC2=C(CCC/C2=C/c2ccoc2)C1c1ccoc1
CHEMBL90794,ERbeta,6.460,,1,0,Active,exact,CC1CCCC(C)N1CCOc1ccc([C@@H]2Oc3ccc(O)cc3S[C@@H]2c2cccc(O)c2)cc1
CHEMBL135649,ERbeta,7.460,,1,0,Active,exact,CC(=O)C(Cc1ccc(O)cc1)c1ccc(O)cc1
CHEMBL1545787,ERbeta,4.600,,2,0,Inactive,exact,COc1ccc(C(N)CCc2ccc(C)o2)cc1.Cl
CHEMBL5438497,ERbeta,4.950,,1,0,Inactive,exact,CCN(c1ccc(OCCCCCCC(=O)N[C@H](C(=O)N2C[C@H](O)C[C@H]2C(=O)N[C@@H](C)c2ccc(-c3scnc3C)cc2)C(C)(C)C)cc1)S(=O)(=O)C1CC2OC1C(c1ccc(O)cc1)=C2c1ccc(O)cc1
CHEMBL539462,ERbeta,7.770,,1,0,Active,exact,CCC(Cc1ccc(O)cc1)c1ccc(O)cn1
CHEMBL400466,ERbeta,,3.000,0,1,Inactive,censored,CC(C)CNc1cc(/C=C/c2ccccc2)nc(N(C)CC(C)C)n1
CHEMBL1464018,ERbeta,,4.301,0,1,Inactive,censored,CN(C1CCCCC1)S(=O)(=O)c1ccc(S(=O)(=O)N2CCN(CCC#N)CC2)cc1
CHEMBL1651148,ERbeta,6.600,,1,0,Active,exact,C[C@]12CC[C@H](c3ccc(O)cc3)C[C@H]1CCC2=O
CHEMBL78831,ERbeta,,5.301,0,1,,censored,O=c1c2ccccc2oc2c1oc1cc(O)ccc12
CHEMBL4855745,ERbeta,5.330,,1,1,,exact,COc1ccc(N(CC(F)(F)F)S(=O)(=O)C2CC3OC2C(c2ccc(NC(=O)CCCCCCC(=O)O)cc2)=C3c2ccc(O)cc2)cc1
CHEMBL319678,ERbeta,6.770,,4,0,Active,exact,CC1(c2ccc(OCCN3CCCC3)cc2)c2ccc(O)cc2CCN1c1cccc(Cl)c1
CHEMBL5433442,ERbeta,5.220,,1,0,,exact,O=S(=O)(Oc1ccc(C(F)(F)F)cc1)C1CC2OC1C(c1ccc(-n3ccnc3)cc1)=C2c1ccc(O)cc1
CHEMBL1313635,ERbeta,,4.301,0,1,Inactive,censored,CCOC(=O)N1CCC(NC(=O)c2cccc3c2C(=O)N(c2ccc(OC)cc2)C3)CC1
CHEMBL1478395,ERbeta,6.620,,1,1,Active,exact,O=C1NC(=S)SC1=C1CCCC1
CHEMBL194936,ERbeta,7.890,,1,0,Active,exact,Oc1ccc(-c2ccc3c(Br)c(O)ccc3c2)cc1
CHEMBL4643337,ERbeta,5.630,,1,0,,exact,CCCCOC(=O)C1=C(N)Oc2cc(O)ccc2C1c1ccc(OCCN2CCCCC2)cc1
CHEMBL451496,ERbeta,6.470,,1,0,Active,exact,O=C1c2ccc(O)cc2C(=O)N1c1ccc(O)cc1F
CHEMBL82307,ERbeta,,5.000,0,1,,censored,COc1ccc2c(c1)CCC1=CC(=O)CC[C@@]12Cc1ccccc1
CHEMBL1509500,ERbeta,7.360,,1,0,Active,exact,COCCCn1c(Cc2csc(Nc3cccc(Cl)c3)n2)nnc1SCC(=O)OC1CCCCC1
CHEMBL30574,ERbeta,5.000,,1,0,,exact,O=C1c2ccc(O)cc2O[C@H](c2ccc(OCCN3CCCCC3)cc2)[C@@H]1c1ccccc1
CHEMBL583543,ERbeta,,5.000,0,1,,censored,Brc1cc2c(cc1[C@@H]1Nc3ccccc3[C@@H]3C=CC[C@@H]31)OCO2
CHEMBL393278,ERbeta,6.490,,1,0,Active,exact,C[C@]12CC[C@H]3[C@@H](CC[C@H]4[C@H]5CCC[C@]43CC[C@@H]5O)[C@@H]1CC[C@@H]2O
CHEMBL361601,ERbeta,7.890,,1,0,Active,exact,CC(C)[C@@H]1CCN(CCOc2ccc([C@@H]3Oc4ccc(O)cc4S[C@@H]3c3ccc(O)cc3)cc2)C1
CHEMBL657,ERbeta,,4.523,0,1,Inactive,censored,CN(C)CCOC(c1ccccc1)c1ccccc1
CHEMBL716,ERbeta,,4.523,0,1,Inactive,censored,OCCOCCN1CCN(C2=Nc3ccccc3Sc3ccccc32)CC1
CHEMBL489585,ERbeta,8.520,,1,0,Active,exact,CCCCCc1cc2cc(O)ccc2c(Oc2ccc(/C=C/C(=O)O)cc2)c1-c1ccccc1
CHEMBL211493,ERbeta,7.820,,1,0,Active,exact,CC1=C2c3ccc(O)cc3CC2(c2ccccc2)CCC1=O
CHEMBL438863,ERbeta,,5.000,0,1,,censored,C[C@]12CC[C@H]3[C@@H](CC4C5=CC(=O)CC[C@@]53C[C@H]4O)[C@@H]1CC[C@@H]2O
CHEMBL279301,ERbeta,8.890,,2,0,Active,exact,CC/C(=C(/c1ccc(O)cc1)c1ccc(OCCN(C)C)cc1)c1ccccc1
CHEMBL201809,ERbeta,6.420,,1,0,Active,exact,CC#C[C@]12CC[C@H](O)CC1=CCC1C2CC[C@@]2(C)C1CC[C@@H]2O
CHEMBL59438,ERbeta,7.115,,2,0,Active,exact,Oc1ccc(-c2ccc3cc(O)ccc3n2)cc1
CHEMBL3931922,ERbeta,7.100,,2,0,Active,exact,COC[C@@H]1CC2C(CC[C@@]3(C)C2CC[C@@H]3O)c2ccc(O)cc21
CHEMBL1096979,ERbeta,4.820,,1,0,Inactive,exact,NC(CO)C(=O)NNCc1ccc(O)c(O)c1O
CHEMBL1605526,ERbeta,5.150,,1,1,,exact,O=C(COC(=O)C1CC2C=CC1C2)NCc1ccco1
CHEMBL3422028,ERbeta,8.020,,1,0,Active,exact,CC/C(=C(/c1ccc(O)cc1)c1ccc(OCCN)cc1)c1ccc(O)cc1
CHEMBL153100,ERbeta,5.370,,1,0,,exact,CN1CCN(c2nc(NCCCc3ccccc3)nc(NCCc3cccc(O)c3)n2)CC1
CHEMBL4171598,ERbeta,9.050,,1,0,Active,exact,Oc1ccc2c(c1)C(c1ccc(OCCN3CCCCC3)cc1)c1c(sc3cc(O)ccc13)C2
CHEMBL1325233,ERbeta,5.120,,1,1,,exact,COc1ccc2c(c1)c(=O)oc1cc(OCC(=O)NC3CCCCC3)ccc12
CHEMBL4244282,ERbeta,6.750,,1,0,Active,exact,CC[C@H](C)[C@@H]1NC(=O)[C@@H](NC(=O)[C@H](CCCNC(=N)N)NC(=O)[C@H](CCCCN)NC(=O)[C@@H](N)Cc2c[nH]c3ccccc23)CS/C=C/CCC[C@@H](C(=O)N[C@@H](CC(C)C)C(=O)N[C@@H](CC(C)C)C(=O)N[C@@H](CCC(N)=O)C(=O)N[C@@H](CCC(=O)O)C(N)=O)NC(=O)[C@H](CCCNC(=N)N)NC(=O)[C@H](CC(C)C)NC1=O
CHEMBL482642,ERbeta,4.305,,2,0,Inactive,exact,Cc1nc2cc(C(=O)O)ccc2[nH]1
CHEMBL4240100,ERbeta,8.920,,1,0,Active,exact,CC[C@H](C)[C@@H]1NC(=O)[C@H](NC(=O)[C@@H](N)CCCNC(=N)N)CSSC[C@H](C(=O)N[C@@H](CCCNC(=N)N)C(=O)N[C@@H](CC(C)(C)C)C(=O)N[C@@H](CC(C)C)C(=O)N[C@@H](CCC(N)=O)C(N)=O)NC(=O)[C@H](CC(C)C)NC1=O
CHEMBL5549760,ERbeta,5.920,,1,0,,exact,Cc1ncsc1-c1ccc([C@H](C)NC(=O)[C@@H]2C[C@@H](O)CN2C(=O)[C@@H](NC(=O)COCCOCCOCCOCCOc2ccc(N(CC(F)(F)F)S(=O)(=O)C3CC4OC3C(c3ccc(-n5ccnc5)cc3)=C4c3ccc(O)cc3)cc2)C(C)(C)C)cc1
CHEMBL1444840,ERbeta,5.420,,1,0,,exact,COCCOC(=O)c1c(C)oc2ccc(NS(=O)(=O)c3ccc(C(=O)O)cc3)cc12
CHEMBL3196467,ERbeta,,4.301,0,1,Inactive,censored,Cc1ccc(-n2nc(C)c(/C=N/n3c(C)nc4ccccc4c3=O)c2O)cc1
CHEMBL492684,ERbeta,,3.000,0,1,Inactive,censored,c1ccc(CNc2cc(CCc3cccc4ccccc34)nc(NCc3ccccc3)n2)cc1
CHEMBL3264936,ERbeta,4.460,,1,0,Inactive,exact,CCn1c(CCCc2ccc(-c3ccc(NS(=O)(=O)c4ccc(-c5ccc(OC)cc5)cc4)cc3)cc2)nn(Cc2ccc(C(C)(C)C)cc2)c1=O
CHEMBL529,ERbeta,,4.523,0,1,Inactive,censored,CC[C@H]1OC(=O)[C@H](C)[C@@H](O[C@H]2C[C@@](C)(OC)[C@@H](O)[C@H](C)O2)[C@H](C)[C@@H](O[C@@H]2O[C@H](C)C[C@H](N(C)C)[C@H]2O)[C@](C)(O)C[C@@H](C)CN(C)[C@H](C)[C@@H](O)[C@]1(C)O
CHEMBL183584,ERbeta,6.790,,3,0,Active,exact,C[C@@H]1CCN(CCOc2ccc([C@@H]3Oc4ccc(O)cc4S[C@@H]3c3ccc(O)cc3)cc2)C1
CHEMBL493896,ERbeta,,3.000,0,1,Inactive,censored,CC(C)CNc1nc(CCc2cccc3ccccc23)cc(NCc2cccc3ccccc23)n1
CHEMBL1346778,ERbeta,6.045,,2,0,Active,exact,Cc1noc(C)c1S(=O)(=O)N(CC(=O)O)c1ccc2c(c1)OCO2
CHEMBL1088631,ERbeta,7.800,,1,0,Active,exact,Oc1ccc2c(c1)O[C@@H](c1ccc(OCCN3CCCCC3)cc1)C1=C2CCOc2cc(O)ccc21
CHEMBL193865,ERbeta,7.600,,1,0,Active,exact,CCc1nc2cc(O)ccc2c(Oc2ccc(/C=C/C(=O)N3CCCCC3)cc2)c1-c1ccccc1
CHEMBL195080,ERbeta,8.000,,1,0,Active,exact,CCc1nc2cc(O)ccc2c(Oc2ccc(OCCN(C)C)cc2)c1-c1ccccc1
CHEMBL5401146,ERbeta,5.680,,1,0,,exact,O=S(=O)(Oc1ccc(F)cc1)C1CC2OC1C(c1ccc(O)cc1)=C2c1ccc(-n2ccnc2)cc1
CHEMBL13280,ERbeta,,4.523,0,1,Inactive,censored,CN1C(=O)CN=C(c2ccccc2F)c2cc([N+](=O)[O-])ccc21
CHEMBL1384452,ERbeta,,4.301,0,1,Inactive,censored,C=CCN1C(=O)NC(=O)/C(=C(/CC)NCc2cccnc2)C1=O
CHEMBL133203,ERbeta,6.800,,1,0,Active,exact,O=C(C(Cc1ccc(O)cc1)c1ccc(O)cc1)C(F)(F)F
CHEMBL418327,ERbeta,7.545,,2,0,Active,exact,Oc1ccc(C2=C(c3ccc(OCCN4CCCCC4)cc3)Oc3ccc(O)cc3S2)cc1
CHEMBL4753594,ERbeta,7.250,,1,0,Active,exact,Oc1ccc(C(=C(Cn2ccnc2)c2ccc(O)c(F)c2)c2ccc(O)cc2)cc1
CHEMBL448274,ERbeta,,3.000,0,1,Inactive,censored,CC(C)(C)OC(=O)N(Cc1cccc2ccccc12)c1cc(CCc2ccccc2)nc(NCc2cccc3ccccc23)n1
CHEMBL239723,ERbeta,6.660,,1,0,Active,exact,CN1CC(c2ccc(O)cc2)Cc2ccc(O)cc21
CHEMBL74027,ERbeta,5.770,,1,0,,exact,CC1(C)Oc2cc(O)cc(O)c2N=C1c1ccc(O)c(Br)c1
CHEMBL33889,ERbeta,,6.000,0,1,,censored,Cc1cc(O)cc2cc(-c3ccc(OCCN4CCCCC4)cc3)c3cc(C(=O)C(C)C)ccc3c12
CHEMBL103650,ERbeta,6.380,,2,0,Active,exact,Oc1ccc2c(c1)CCN(c1ccccc1)C2c1ccc(F)cc1
CHEMBL5185539,ERbeta,8.640,,1,0,Active,exact,CC(F)(F)c1cc(Cl)ccc1-c1sc2c(ccc3[nH]ncc32)c1Oc1ccc(OC2CN(CCCF)C2)cc1
CHEMBL5630752,ERbeta,6.430,,1,0,Active,exact,O=C(NC1CCCCC1)c1ccc(-c2ccc(O)cc2)s1
CHEMBL1112,ERbeta,,4.523,0,1,Inactive,censored,O=C1CCc2ccc(OCCCCN3CCN(c4cccc(Cl)c4Cl)CC3)cc2N1
CHEMBL4755831,ERbeta,6.530,,1,0,Active,exact,Nc1ccc(C(Cn2ccnc2)=C(c2ccc(O)cc2)c2ccc(O)cc2)cc1
CHEMBL4588840,ERbeta,4.720,,1,0,Inactive,exact,O=C1CCC(c2ccc(O)cc2)CC1
CHEMBL494320,ERbeta,,3.000,0,1,Inactive,censored,CC(C)CCc1cc(NCc2cccc3ccccc23)nc(NCc2cccc3ccccc23)n1
CHEMBL470993,ERbeta,8.230,,1,0,Active,exact,Oc1ccc(C2=C(c3ccc(OCCN4CCC4)cc3)c3ccccc3OCC2)cc1
CHEMBL1567315,ERbeta,4.970,,1,0,Inactive,exact,CCOC(=O)N1CCN(C(c2cccnc2)c2ccc3cccnc3c2O)CC1
CHEMBL338667,ERbeta,,4.523,0,1,Inactive,censored,O=C(Nc1ccccc1)OCC(CN1CCCCC1)OC(=O)Nc1ccccc1
CHEMBL438977,ERbeta,6.890,,1,0,Active,exact,Cc1c(O)ccc2c1oc(=O)c1cc(Br)ccc12
CHEMBL1878162,ERbeta,5.720,,1,0,,exact,N#CC1=C(N)n2c(s/c(=C\c3ccco3)c2=O)=C(C#N)C1c1ccco1
CHEMBL1574240,ERbeta,,4.301,0,1,Inactive,censored,CN1CC2(C)CN(C(c3ccccc3)c3ccccc3)CC(C)(C1)C2O
CHEMBL5399056,ERbeta,5.920,,1,0,,exact,Cn1cc(-c2ccc(C3=C(c4ccc(O)cc4)C4CC(S(=O)(=O)Oc5ccc(Br)cc5)C3O4)cc2)cn1
CHEMBL3589696,ERbeta,6.180,,2,0,Active,exact,Cc1ccccc1OS(=O)(=O)C1CC2OC1C(c1ccc(NC(=O)CCCCCCC(=O)NO)cc1)=C2c1ccc(O)cc1
CHEMBL328716,ERbeta,7.880,,1,0,Active,exact,Oc1ccc([C@@H]2Sc3c(ccc(O)c3F)O[C@@H]2c2ccc(OCCN3CCCCC3)cc2)cc1
CHEMBL77851,ERbeta,5.580,,1,0,,exact,Oc1ccc2c(c1)CCC1Oc3cc(O)ccc3N=C21
CHEMBL4790840,ERbeta,6.995,,2,0,Active,exact,O=C(/C=C/c1ccc(C(=C2CCCCC2)c2ccc(O)cc2)cc1)NCCCNC(=O)/C=C/c1ccc(C(=C2CCCCC2)c2ccc(O)cc2)cc1
CHEMBL186874,ERbeta,8.000,,1,0,Active,exact,N#CCc1cc(O)cc2cc(-c3ccc(O)c(F)c3)oc12
CHEMBL3422045,ERbeta,5.870,,1,0,,exact,NCCOc1ccc(/C(=C2\CCc3ccccc32)c2ccc(O)cc2)cc1
CHEMBL3775016,ERbeta,7.400,,1,0,Active,exact,C/C(=C(/c1ccc(O)cc1)c1ccc(OCCN2CCCC2)cc1)c1ccccc1
CHEMBL3589700,ERbeta,6.090,,1,0,Active,exact,O=C(CCCCCCC(=O)Nc1ccc(C2=C(c3ccc(O)cc3)C3CC(S(=O)(=O)Oc4cccc5ccccc45)C2O3)cc1)NO
CHEMBL360189,ERbeta,7.600,,2,0,Active,exact,CCCc1cc(-c2noc3cc(O)ccc23)ccc1O
CHEMBL192849,ERbeta,8.260,,1,0,Active,exact,CC#Cc1cc(O)cc2ccc(-c3ccc(O)c(F)c3)cc12
CHEMBL138544,ERbeta,7.140,,1,0,Active,exact,C[C@]12CCc3c(sc4cc(O)ccc34)[C@@H]1CC[C@H]2O
CHEMBL494911,ERbeta,,3.000,0,1,Inactive,censored,CC(C)CNc1nc(CCc2ccccc2)cc(CCc2ccccc2)n1
CHEMBL413,ERbeta,,4.523,0,1,Inactive,censored,CO[C@H]1C[C@@H]2CC[C@@H](C)[C@@](O)(O2)C(=O)C(=O)N2CCCC[C@H]2C(=O)O[C@H]([C@H](C)C[C@@H]2CC[C@@H](O)[C@H](OC)C2)CC(=O)[C@H](C)/C=C(\C)[C@@H](O)[C@@H](OC)C(=O)[C@H](C)C[C@H](C)/C=C/C=C/C=C/1C
CHEMBL124474,ERbeta,6.730,,1,0,Active,exact,Oc1ccc([C@H]2Sc3cc(O)ccc3O[C@H]2c2ccc(CCCN3CCCCC3)cc2)cc1
CHEMBL492493,ERbeta,,3.000,0,1,Inactive,censored,CC(C)CCc1cc(N(Cc2cccc3ccccc23)C(=O)OC(C)(C)C)nc(NCc2ccccc2)n1
CHEMBL3360850,ERbeta,7.820,,1,0,Active,exact,COc1ccc([C@H]2[C@H](C(O)c3ccc(O)cc3)C(=O)N2c2cc(OC)c(OC)c(OC)c2)cc1
CHEMBL362793,ERbeta,7.190,,2,0,Active,exact,Oc1ccc(-c2nc3cc(O)c(Cl)cc3o2)cc1F
CHEMBL4218435,ERbeta,6.030,,3,0,Active,exact,COc1cc(/C=C/c2ccc(C3=C(c4ccc(O)cc4)C4CC(S(=O)(=O)Oc5cccc(OC)c5)C3O4)cc2)cc(OC)c1
CHEMBL93391,ERbeta,8.060,,1,0,Active,exact,CN(C)C(=O)/C=C/c1ccc(N2CCc3cc(O)ccc3C2c2ccccc2)cc1
CHEMBL4212447,ERbeta,6.580,,3,0,Active,exact,O=S(=O)(Oc1ccccc1Cl)C1CC2OC1C(c1ccc(/C=C/c3cc(O)cc(O)c3)cc1)=C2c1ccc(O)cc1
CHEMBL268869,ERbeta,,4.523,0,1,Inactive,censored,COc1ccc(NS(=O)(=O)c2ccc(N)cc2)nn1
CHEMBL316132,ERbeta,7.550,,1,0,Active,exact,Oc1ccc2c(c1)S[C@H](C1CCCCCC1)[C@H](c1ccc(OCCN3CCCCC3)cc1)O2
CHEMBL192782,ERbeta,8.150,,1,0,Active,exact,Oc1ccc(-c2ccc3c(F)c(O)ccc3c2)cc1
CHEMBL203519,ERbeta,5.840,,1,0,,exact,Cc1c(O)ccc2c1oc(=O)c1ccccc12
CHEMBL1421557,ERbeta,4.800,,1,1,Inactive,exact,COc1cccc2cc3c(=O)n(-c4ccccc4)nc-3oc12
CHEMBL335465,ERbeta,9.570,,1,0,Active,exact,O/N=C/c1ccc(-c2ccccc2)c(-c2ccccc2)c1
CHEMBL1324051,ERbeta,,4.301,0,1,Inactive,censored,CSc1nc(N(CCO)CCO)c2sc3nc(-c4ccco4)c4c(c3c2n1)CCC4
CHEMBL5199635,ERbeta,,5.000,0,1,,censored,CN1C(=O)N(CCN2CCNCC2)C(c2ccc(C(F)(F)F)cc2)C2=C1c1ccccc1C2=O
CHEMBL211456,ERbeta,,4.523,0,1,Inactive,censored,CN[C@@H](C)[C@H](O)c1ccccc1
CHEMBL236718,ERbeta,9.360,,2,0,Active,exact,Oc1ccc([C@@H]2Oc3ccc(O)cc3[C@@H]3CC(F)(F)C[C@@H]32)cc1
CHEMBL1085668,ERbeta,7.920,,1,0,Active,exact,CN(C)CCOc1ccc([C@@H]2Oc3cc(O)ccc3C3=C2c2ccc(O)cc2OCC3)cc1
CHEMBL1449660,ERbeta,4.870,,1,0,Inactive,exact,CCCCOC(=O)c1c(C)oc2ccc(NS(=O)(=O)c3ccc4c5c(cccc35)C(=O)N4)cc12
CHEMBL5437007,ERbeta,4.580,,1,0,Inactive,exact,Cn1cc(-c2ccc(OS(=O)(=O)C3CC4OC3C(c3ccc(O)cc3)=C4c3ccc(O)cc3)cc2)cn1
CHEMBL186597,ERbeta,8.300,,2,0,Active,exact,Cc1cc(-c2noc3cc(O)ccc23)c(O)cc1O
CHEMBL1577184,ERbeta,7.300,,1,0,Active,exact,Cc1nnc(N2C(=O)c3oc4ccccc4c(=O)c3C2c2ccco2)s1
CHEMBL3234634,ERbeta,6.860,,1,0,Active,exact,Oc1ccc(/C(=N\c2ccc(F)cc2)c2ccc(O)cc2O)cc1
CHEMBL1087812,ERbeta,7.960,,1,0,Active,exact,Oc1ccc2c(c1)O[C@@H](c1ccc(OCCN3CCOCC3)cc1)C1=C2CCOc2cc(O)ccc21
CHEMBL206439,ERbeta,8.100,,1,0,Active,exact,CCC1Oc2c(ccc(O)c2C)-c2c(C)cc(O)cc21
CHEMBL364110,ERbeta,5.440,,2,0,,exact,CCCCOc1cc(-c2nc3ccc(O)cc3o2)ccc1O
CHEMBL4297509,ERbeta,6.060,,2,0,Active,exact,CCNCCc1ccc(CN(CC)c2cc(OC)ccc2[C@@H]2CCc3cc(O)ccc3C2)cc1
CHEMBL258509,ERbeta,5.680,,1,0,,exact,Cc1cc(-c2cccc(Cl)c2)ccc1O
CHEMBL195118,ERbeta,6.010,,2,0,Active,exact,CC(C)CN1CCN(c2ccc(C3c4ccc(O)cc4CCN3c3cccc(O)c3)cc2)CC1
CHEMBL203123,ERbeta,7.890,,1,0,Active,exact,C=CCC1(C)Oc2c(ccc(O)c2C)-c2c(C)cc(O)c(C)c21
CHEMBL2332574,ERbeta,5.910,,1,0,,exact,Cc1cc(-c2ccc(O)cc2)sc1-c1ccc(O)cc1
CHEMBL361762,ERbeta,7.280,,2,0,Active,exact,COc1cc(O)c(Br)c2nc(-c3ccc(O)c(F)c3)oc12
CHEMBL559366,ERbeta,7.270,,1,0,Active,exact,Cl.Oc1ccc2c3c(ccc2c1)-c1cc(F)cc(F)c1O[C@H]3c1ccc(OCCN2CCCCC2)cc1
CHEMBL522990,ERbeta,5.315,,2,0,,exact,CN(c1ccccc1C(=O)O)S(=O)(=O)c1ccc2c3c(cccc13)C(=O)N2
CHEMBL136112,ERbeta,,4.000,0,1,Inactive,censored,NS(=O)(=O)Oc1ccc2nc(C=C3C4CC5CC(C4)CC3C5)oc2c1
CHEMBL313941,ERbeta,6.510,,1,0,Active,exact,Oc1ccc(C[C@H]2Sc3cc(O)ccc3O[C@H]2c2ccc(OCCN3CCCCC3)cc2)cc1
CHEMBL153471,ERbeta,7.460,,1,0,Active,exact,CN(CCCc1ccc(Cl)cc1)c1nc(NCCc2ccc(O)cc2)nc(N2CCN(Cc3cccnc3)CC2)n1
CHEMBL1762,ERbeta,,4.523,0,1,Inactive,censored,Cc1cccc(C)c1NC(=O)C(C)N
CHEMBL522032,ERbeta,,3.000,0,1,Inactive,censored,CC(C)COc1cc(CCc2ccccc2)nc(OCC(C)C)n1
CHEMBL441537,ERbeta,8.350,,1,0,Active,exact,CCC12CCC(=O)C(Br)=C1c1ccc(O)cc1C2
CHEMBL465879,ERbeta,6.015,,2,0,Active,exact,COc1ccc(CCCc2ccc(O)cc2)c(O)c1
CHEMBL389683,ERbeta,7.180,,1,0,Active,exact,Oc1ccc2c(Oc3ccc(OCCN4CCCCC4)cc3)c(-c3ccc(Br)cc3)sc2c1
CHEMBL394338,ERbeta,8.220,,1,0,Active,exact,OCc1cc(O)cc2c1O[C@@H](c1ccc(O)cc1)[C@H]1CCC[C@@H]21
CHEMBL5092721,ERbeta,8.050,,3,0,Active,exact,CCC(=C(c1ccc(O)cc1)c1ccc(/C=C/C(=O)NCCCCCNC(=O)CCc2nc3ccc(OC)cc3[nH]2)cc1)c1ccccc1
CHEMBL71584,ERbeta,7.350,,2,0,Active,exact,Oc1ccc([C@@H]2Sc3ccc(O)cc3O[C@@H]2c2ccc(OCCN3CCCCC3)cc2)cc1
CHEMBL4636096,ERbeta,4.980,,1,0,Inactive,exact,N#CC1=C(N)Oc2cc(O)ccc2C1c1ccc(OCCN2CCCCC2)cc1
CHEMBL4643970,ERbeta,6.200,,1,0,Active,exact,COC(=O)C1=C(N)Oc2cc(O)ccc2C1c1ccc(OCCN2CCOCC2)cc1
CHEMBL1533166,ERbeta,4.920,,2,0,Inactive,exact,Cc1c(C(=O)OCc2ccccc2)[nH]c2c1C(=O)CC(c1ccco1)C2
CHEMBL1087546,ERbeta,7.510,,1,0,Active,exact,Oc1ccc2c(c1)O[C@H](c1ccc(OCCCN3CCCCC3)cc1)C1=C2CCOc2cc(O)ccc21
CHEMBL34216,ERbeta,6.200,,1,0,Active,exact,CC(=O)c1ccc2c(c1)c(-c1ccc(OCCN3CCCCC3)cc1)cc1cc(O)cc(C)c12
CHEMBL3360846,ERbeta,5.960,,1,0,,exact,O=C1[C@@H](c2ccc3ccccc3c2)[C@H](c2ccc(O)cc2)N1c1ccc(O)cc1
CHEMBL5414659,ERbeta,5.880,,1,0,,exact,CN(c1ccccc1)S(=O)(=O)C1CC2OC1C(c1ccc(-n3cncn3)cc1)=C2c1ccc(O)cc1
CHEMBL5177342,ERbeta,7.640,,1,0,Active,exact,C[C@]12CC[C@@H]3c4ccc(O)cc4CC[C@H]3[C@@H]1C[C@H]1OC(=O)C[C@]12O
CHEMBL54,ERbeta,,4.523,0,1,Inactive,censored,O=C(CCCN1CCC(O)(c2ccc(Cl)cc2)CC1)c1ccc(F)cc1
CHEMBL4784145,ERbeta,7.115,,2,0,Active,exact,O=C(/C=C/c1ccc(C(=C2CCCCC2)c2ccc(O)cc2)cc1)NCCNC(=O)/C=C/c1ccc(C(=C2CCCCC2)c2ccc(O)cc2)cc1
CHEMBL4515823,ERbeta,5.890,,1,0,,exact,CS(=O)(=O)c1ccc(C(CCCCO[N+](=O)[O-])=C(c2ccccc2)c2ccccc2)cc1
CHEMBL185383,ERbeta,6.610,,1,0,Active,exact,O=S1(=O)CCN(CCOc2ccc([C@@H]3Oc4ccc(O)cc4S[C@@H]3c3ccc(O)cc3)cc2)CC1
CHEMBL1082539,ERbeta,6.900,,1,0,Active,exact,Oc1ccc2c(c1)OCCC1=C2[C@@H](c2ccc(OCCN3CCCCCC3)cc2)Oc2ccccc21
CHEMBL24950,ERbeta,7.595,,2,0,Active,exact,Oc1cccc(C2=Cc3cc(O)ccc3C23Cc2ccccc2C3)c1
CHEMBL211599,ERbeta,6.030,,1,0,Active,exact,CC12CCC(=O)C=C1c1ccc(O)cc1C2
CHEMBL4218543,ERbeta,6.935,,2,0,Active,exact,O=S(=O)(Oc1cccc2ccccc12)C1CC2OC1C(c1ccc(/C=C/c3cc(O)cc(O)c3)cc1)=C2c1ccc(O)cc1
CHEMBL3109602,ERbeta,,4.602,0,1,Inactive,censored,COc1ccc2c(C(Nc3ccc(Cl)cc3)c3ccccc3Cl)c(C)[nH]c2c1
CHEMBL152972,ERbeta,6.650,,1,0,Active,exact,CN(CCCc1ccc(Cl)cc1)c1nc(NCCc2ccc(O)cc2)nc(N2CCN(S(=O)(=O)/C=C/c3ccccc3)CC2)n1
CHEMBL1589300,ERbeta,5.010,,1,1,,exact,CCCSC1=N/C(=C\C=C\c2ccco2)C(=O)S1
CHEMBL1612328,ERbeta,,4.301,0,1,Inactive,censored,O=S(=O)(Nc1ccc(N2CCOCC2)cc1)c1cccs1
CHEMBL132694,ERbeta,7.680,,1,0,Active,exact,N#CC(C#N)(Cc1ccc(O)cc1)c1ccc(O)cc1
CHEMBL1427567,ERbeta,,4.301,0,1,Inactive,censored,N#Cc1cc2c(=O)n3ccccc3nc2n(CCCn2ccnc2)c1=N
CHEMBL4244200,ERbeta,5.080,,1,0,,exact,CC[C@H](C)[C@H](NC(=O)[C@H](CCCCN)NC(=O)[C@]1(C)CCC/C=C\CCC[C@](C)(NC(C)=O)C(=O)N[C@@H](CCCCN)C(=O)N[C@@H](CCC(=O)O)C(=O)N[C@@H](CCCCN)C(=O)N1)C(=O)N[C@@H](CC(C)C)C(=O)N[C@@H](Cc1cnc[nH]1)C(=O)N[C@@H](CCC(N)=O)C(=O)N[C@@H](CC(C)C)C(=O)N[C@@H](CC(C)C)C(=O)N[C@@H](CCC(N)=O)C(=O)N[C@@H](CC(=O)O)C(=O)N[C@@H](CO)C(N)=O
CHEMBL834,ERbeta,,4.523,0,1,Inactive,censored,NCCC(O)(P(=O)(O)O)P(=O)(O)O
CHEMBL5404699,ERbeta,5.450,,1,0,,exact,COc1ccc(OS(=O)(=O)C2CC3OC2C(c2ccc(-c4cnn(C)c4)cc2)=C3c2ccc(O)cc2)cc1
CHEMBL5633111,ERbeta,,5.000,0,1,,censored,CC(C)CN(c1ccc(-c2ccc(OCC(=O)O)c(F)c2)cc1)S(=O)(=O)c1c(Cl)cccc1Cl
CHEMBL379567,ERbeta,7.500,,1,0,Active,exact,CCC12CCC(=O)C(C)=C1c1ccc3[nH]ncc3c1C2=O
CHEMBL894,ERbeta,,4.523,0,1,Inactive,censored,CC(NC(C)(C)C)C(=O)c1cccc(Cl)c1
CHEMBL3927163,ERbeta,4.640,,1,0,Inactive,exact,O=S(=O)(Nc1ccc(Oc2ccccc2)cc1)c1cccc(C(F)(F)F)c1
CHEMBL361226,ERbeta,8.000,,1,0,Active,exact,COc1cc(O)cc2cc(-c3ccc(O)cc3)oc12
CHEMBL2403358,ERbeta,6.110,,1,0,Active,exact,Cc1cc(C2(c3ccc(O)c(C)c3)CCCC2)ccc1O
CHEMBL198803,ERbeta,8.590,,1,0,Active,exact,C[C@@H](COc1ccc(C(=O)c2c(-c3ccc(O)cc3)sc3cc(O)ccc23)cc1)N1CCCC1
CHEMBL1541229,ERbeta,5.380,,1,0,,exact,COc1ccccc1-c1nnc2sc(-c3cnccn3)nn12
CHEMBL1189544,ERbeta,,5.000,0,1,,censored,O=C(c1ccc(OCCN2CCCCC2)cc1)c1c(-c2ccccc2)sc2ccccc12
CHEMBL208978,ERbeta,8.820,,1,0,Active,exact,CCCCC12CCC(=O)C(C(F)(F)F)=C1c1ccc(O)cc1C2
CHEMBL183782,ERbeta,8.700,,1,0,Active,exact,Oc1ccc(-c2cc3cc(O)cc(Br)c3o2)cc1
CHEMBL1471945,ERbeta,5.375,,2,0,,exact,COCc1cc(O)n2c(-c3ccc(C)cc3)nnc2n1
CHEMBL361063,ERbeta,7.570,,2,0,Active,exact,C=Cc1cc(O)cc2nc(-c3ccc(O)cc3C)oc12
CHEMBL186073,ERbeta,6.020,,2,0,Active,exact,Oc1ccc2oc(-c3cccc(O)c3O)nc2c1
CHEMBL286452,ERbeta,7.130,,2,0,Active,exact,C[C@]12CC[C@@H]3c4ccc(O)cc4CC[C@H]3[C@@H]1CC[C@H]2O
CHEMBL212456,ERbeta,7.550,,1,0,Active,exact,CC[C@@]12CCC(=O)C(C)=C1c1ccc(O)cc1C2
CHEMBL226329,ERbeta,7.310,,1,0,Active,exact,Nc1ccc(-c2sc3cc(O)ccc3c2Oc2ccc(OCCN3CCCCC3)cc2)cc1
CHEMBL512579,ERbeta,6.060,,1,0,Active,exact,Cc1c(O)c(C)c2occ(-c3ccc(O)cc3)c(=O)c2c1O
CHEMBL1539325,ERbeta,4.030,,1,0,Inactive,exact,CC1(C)CCCN(C(=O)c2coc(=O)c(Br)c2)C1
CHEMBL4087989,ERbeta,6.810,,1,0,Active,exact,Cl.Oc1ccc2cc3nc4ccccc4c(-c4ccccc4)c3cc2c1
CHEMBL93326,ERbeta,8.050,,1,0,Active,exact,O=C(N1CCc2cc(O)ccc2[C@H]1c1ccc(O)cc1)C(F)(F)F
CHEMBL1577661,ERbeta,5.715,,2,0,,exact,CC(C)CN(C(=O)COC(=O)c1cc2c(s1)CCC2)C1CCS(=O)(=O)C1
CHEMBL93266,ERbeta,7.940,,1,0,Active,exact,O=C(N1Cc2cc(O)ccc2C(c2ccc(O)cc2)C1)C(F)(F)F
CHEMBL397775,ERbeta,7.290,,1,0,Active,exact,Oc1ccc2c(c1)[C@H]1CCC[C@H]1[C@@H](c1ccccc1)O2
CHEMBL1342429,ERbeta,,4.301,0,1,Inactive,censored,CCOc1ccc(N2CSC3=C(C#N)C(c4ccco4)CC(=O)N3C2)cc1
CHEMBL163,ERbeta,,4.523,0,1,Inactive,censored,CC(C)c1nc(CN(C)C(=O)N[C@H](C(=O)N[C@@H](Cc2ccccc2)C[C@H](O)[C@H](Cc2ccccc2)NC(=O)OCc2cncs2)C(C)C)cs1
CHEMBL193730,ERbeta,5.800,,1,0,,exact,CCc1nc2cc(O)ccc2c(Oc2cccc(/C=C/C(=O)O)c2)c1-c1ccccc1
CHEMBL135180,ERbeta,7.330,,1,0,Active,exact,C[C@]12CCc3c(sc4cc(O)ccc34)[C@H]1CC[C@@H]2O
CHEMBL196583,ERbeta,7.060,,1,0,Active,exact,Oc1ccc(-c2ccc3c(Br)c(O)ccc3n2)cc1
CHEMBL1782957,ERbeta,9.420,,1,0,Active,exact,O/N=C/c1c(O)ccc(-c2ccc(O)cc2)c1Cl
CHEMBL204317,ERbeta,6.680,,1,0,Active,exact,C[C@]12CCC3C(CC=C4C[C@@H](O)CC[C@@]43/C=C/Br)C1CC[C@@H]2O
CHEMBL1586096,ERbeta,5.300,,1,0,,exact,COc1cc(C2Nc3cccc4cccc(c34)N2)cc(OC)c1O
CHEMBL5408038,ERbeta,5.010,,1,0,,exact,O=S(=O)(Oc1ccc(Cl)cc1)C1CC2OC1C(c1ccc(-n3cncn3)cc1)=C2c1ccc(O)cc1
CHEMBL1606497,ERbeta,5.030,,1,0,,exact,CCOC(=O)C1=C(C)NC(=O)NC1c1ccco1
CHEMBL1578278,ERbeta,4.670,,1,0,Inactive,exact,Cc1ccc(C(=O)Nc2nc(-c3cccnc3)cs2)o1
CHEMBL205398,ERbeta,6.750,,1,0,Active,exact,O=c1c2c(O)cc(O)cc2ncn1-c1ccc(O)cc1
CHEMBL152993,ERbeta,7.300,,1,0,Active,exact,CN1CCN(c2nc(NCCc3ccc(O)cc3)nc(SCCCc3ccccc3)n2)CC1
CHEMBL1086388,ERbeta,,6.000,0,1,,censored,Oc1ccc2c(c1)O[C@H](c1cccc(OCCN3CCSCC3)c1)C1=C2CCOc2cc(O)ccc21
CHEMBL1448466,ERbeta,5.260,,1,0,,exact,CCc1ccc(NC(=O)c2noc3c2CCC3)cc1
CHEMBL85881,ERbeta,7.400,,1,0,Active,exact,Oc1ccc2c(c1)S[C@H](CC1CCCCC1)[C@H](c1ccc(OCCN3CCCCC3)cc1)O2
CHEMBL205137,ERbeta,5.020,,1,0,,exact,COC(=O)c1cc(O)cc2ncn(-c3ccc(O)cc3)c(=O)c12
CHEMBL4762335,ERbeta,8.180,,1,0,Active,exact,CCCCC1(Cc2ccc(O)cc2)CCc2cc(O)ccc21
CHEMBL180995,ERbeta,7.580,,1,0,Active,exact,C[C@@H]1CCN([C@@H](C)COc2ccc([C@@H]3Oc4ccc(O)c(F)c4[C@@H](C)[C@@H]3c3ccc(O)cc3)cc2)C1
CHEMBL179518,ERbeta,7.530,,1,0,Active,exact,CCCN1CCN(c2ccc(C(=O)c3c(-c4ccc(O)cc4)sc4cc(O)ccc34)cc2)CC1
CHEMBL1329623,ERbeta,,4.301,0,1,Inactive,censored,O=C1CC(c2ccc(S(=O)(=O)NCCOc3ccccc3)cc2)CN1
CHEMBL1349,ERbeta,,4.523,0,1,Inactive,censored,CC(C)[C@H](N)C(=O)OCCOCn1cnc2c(=O)nc(N)[nH]c21
CHEMBL361272,ERbeta,7.800,,1,0,Active,exact,Oc1ccc(-c2nc3cc(O)cc(/C=C\Br)c3o2)c(F)c1
CHEMBL191711,ERbeta,5.860,,1,0,,exact,Oc1cccc(N2CCc3cc(O)ccc3C2c2ccc(N3CCN(CC4CC4)CC3)cc2)c1
CHEMBL3193592,ERbeta,7.210,,1,1,Active,exact,Cc1ccc(/C=c2\sc3nc(-c4ccccc4Br)nn3c2=O)o1
CHEMBL447111,ERbeta,5.230,,1,0,,exact,Cc1ccc(OCc2ccoc2C(=O)O)cc1C
CHEMBL1383781,ERbeta,,4.301,0,1,Inactive,censored,COc1ccc(-c2cn3ccsc3n2)cc1
CHEMBL4782490,ERbeta,10.055,,2,1,Active,exact,C[C@]12CC[C@]3(C#N)c4ccc(O)cc4CC[C@H]3[C@@H]1CC[C@@H]2O
CHEMBL3234622,ERbeta,8.220,,1,0,Active,exact,Oc1ccc(C(=Nc2ccc(Br)cc2)c2ccc(O)cc2)cc1
CHEMBL178334,ERbeta,7.470,,2,0,Active,exact,CC(C)N1CCN(c2ccc(C(=O)c3c(-c4ccc(O)cc4)sc4cc(O)ccc34)cc2)CC1
CHEMBL495326,ERbeta,,3.000,0,1,Inactive,censored,CC(C)CNc1nc(CCc2cccc3ccccc23)cc(N(C)CC(C)C)n1
CHEMBL447837,ERbeta,8.920,,1,0,Active,exact,Oc1ccc(-c2ccc3c(Cl)c(O)ccc3c2)c(F)c1
CHEMBL522354,ERbeta,,3.000,0,1,Inactive,censored,CC(C)CNc1nc(CCc2cccc3ccccc23)cc(N(Cc2ccccc2)C(=O)OC(C)(C)C)n1
CHEMBL1599073,ERbeta,,4.301,0,1,Inactive,censored,Nc1nonc1NC(=O)CSc1ncccc1C(=O)O
CHEMBL523997,ERbeta,,3.000,0,1,Inactive,censored,CC(C)CCc1cc(N(Cc2ccccc2)C(=O)OC(C)(C)C)nc(NCC(C)C)n1
CHEMBL5196022,ERbeta,,5.000,0,1,,censored,CN1CCN(CCOc2ccc(C3C4=C(c5ccccc5C4=O)N(C)C(=O)N3CC(F)(F)F)cc2)CC1
CHEMBL203370,ERbeta,5.070,,1,0,,exact,O=c1c2ccc(O)cc2ncn1-c1ccc(O)cc1
CHEMBL1586116,ERbeta,6.105,,2,0,Active,exact,Cc1ccc(C)c(SCC(=O)OCC(=O)c2ccco2)c1
CHEMBL377171,ERbeta,7.900,,1,0,Active,exact,CCCC12CCC(=O)C(C)=C1c1ccc3[nH]ncc3c1C2
CHEMBL1397845,ERbeta,5.210,,1,0,,exact,CN1C(=O)CSc2ccc(NC(=O)N3CCC(N4CCCCC4)CC3)cc21
CHEMBL101382,ERbeta,6.500,,6,0,Active,exact,Oc1ccc2c(c1)CCN(c1ccccc1)C2c1ccc(OCCN2CCCCC2)cc1
CHEMBL1325931,ERbeta,4.960,,1,0,Inactive,exact,CC(CCC(=O)O)(c1ccc(O)cc1)c1ccc(O)cc1
CHEMBL134892,ERbeta,7.520,,1,0,Active,exact,N#CC[C@H](Cc1ccc(O)cc1)c1ccc(O)cc1
CHEMBL70117,ERbeta,5.220,,1,0,,exact,O=S1(=O)c2cc(O)ccc2O[C@H](c2ccc(OCCN3CCCCC3)cc2)[C@@H]1c1ccc(O)cc1
CHEMBL226269,ERbeta,7.550,,1,0,Active,exact,Oc1ccc2c(Oc3ccc(OCCN4CCCCC4)cc3)c(-c3ccc(F)cc3)sc2c1
CHEMBL203748,ERbeta,6.110,,1,0,Active,exact,C=C[C@]12CCC(=O)C=C1CCC1C2CC[C@@]2(C)C1CC[C@@H]2O
CHEMBL420623,ERbeta,6.280,,1,0,Active,exact,Oc1ccc([C@@H]2Sc3cc(Cl)c(O)cc3O[C@@H]2c2ccc(OCCN3CCCCC3)cc2)cc1
CHEMBL4214230,ERbeta,5.240,,1,1,,exact,COc1cc(/C=C/c2ccc(C3=C(c4ccc(O)cc4)C4CC(S(=O)(=O)Oc5ccccc5)C3O4)cc2)cc(OC)c1
CHEMBL1364290,ERbeta,,4.301,0,1,Inactive,censored,COc1ccc(Cn2c(C)c(C)c(C#N)c2NC(=O)Nc2cccc(C)c2)cc1
CHEMBL437,ERbeta,,4.523,0,1,Inactive,censored,Nc1ccc(S(=O)(=O)Nc2nccs2)cc1
CHEMBL2112892,ERbeta,6.980,,1,0,Active,exact,CN(CCCc1ccc(Cl)cc1)c1nc(NCCc2ccc(O)cc2)nc(N2C[C@@H]3C[C@H]2CN3)n1
CHEMBL3645263,ERbeta,7.090,,2,0,Active,exact,CCCc1ccc(C(=O)N(c2ccc(O)cc2)c2ccc(O)cc2)cc1
CHEMBL523380,ERbeta,,3.000,0,1,Inactive,censored,CC(C)COc1cc(/C=C/c2ccccc2)nc(OCC(C)C)n1
CHEMBL189556,ERbeta,7.340,,2,0,Active,exact,Oc1ccc2c(-c3nc4cc(F)c(O)cc4o3)cccc2c1
CHEMBL405,ERbeta,,4.523,0,1,Inactive,censored,CC(N)Cc1ccccc1
CHEMBL5426175,ERbeta,5.650,,1,0,,exact,O=S(=O)(Oc1cccc(C(F)(F)F)c1)C1CC2OC1C(c1ccc(-n3ccnc3)cc1)=C2c1ccc(O)cc1
CHEMBL205989,ERbeta,6.680,,1,0,Active,exact,C=Cc1cccc2c(=O)oc3c(C)c(O)ccc3c12
CHEMBL3589358,ERbeta,4.930,,3,0,Inactive,exact,O=C(O)CCCCCCC(=O)Nc1ccc(C2=C(c3ccc(O)cc3)C3CC(S(=O)(=O)Oc4ccc(O)cc4)C2O3)cc1
CHEMBL3422051,ERbeta,7.880,,1,0,Active,exact,CC/C(=C(/c1ccc(O)cc1)c1ccc(CCCN)cc1)c1ccccc1
CHEMBL1442453,ERbeta,,4.301,0,1,Inactive,censored,COc1ccc(Nc2nnc(SCc3cc(=O)n4ccsc4n3)s2)cc1
CHEMBL1382,ERbeta,,4.523,0,1,Inactive,censored,Cc1ccc(O)c([C@H](CCN(C(C)C)C(C)C)c2ccccc2)c1
CHEMBL5398724,ERbeta,5.540,,1,0,,exact,COc1ccc(N(CC(F)(F)F)S(=O)(=O)C2CC3OC2C(c2ccc(-n4cncn4)cc2)=C3c2ccc(O)cc2)cc1
CHEMBL364551,ERbeta,7.190,,2,0,Active,exact,COc1c(Br)c(O)c(Br)c2nc(-c3ccc(O)c(F)c3)oc12
CHEMBL370282,ERbeta,7.670,,1,0,Active,exact,Oc1ccc2c(c1)sc1c3cc(O)ccc3n(Cc3ccc(OCCN4CCOCC4)cc3)c21
CHEMBL4066573,ERbeta,6.670,,1,0,Active,exact,CC[C@H](C)[C@H](NC(=O)[C@H](CCCCN)NC(=O)[C@H](Cc1cnc[nH]1)NC(=O)CCNC(=S)Nc1ccc2c(c1)C(=O)OC21c2ccc(O)cc2Oc2cc(O)ccc21)C(=O)N[C@@H](CC(C)C)C(=O)N[C@@H](Cc1cnc[nH]1)C(=O)N[C@@H](CCCNC(=N)N)C(=O)N[C@@H](CC(C)C)C(=O)N[C@@H](CC(C)C)C(=O)N[C@@H](CCC(N)=O)C(N)=O
CHEMBL153395,ERbeta,7.550,,2,0,Active,exact,CN(C[C@@H]1C[C@@H]1c1ccccc1)c1nc(NCCc2ccc(O)cc2)nc(N2CCNCC2)n1
CHEMBL78704,ERbeta,,5.000,0,1,,censored,CC#C[C@]1(O)CCC2C3CCC4=CC(=O)CC[C@]4(Cc4ccc(C)cc4)C3=CC[C@@]21C
CHEMBL3915997,ERbeta,,5.000,0,1,,censored,C[C@H](NC(=O)C(F)(F)F)[C@H](Oc1ccc2c(cnn2-c2ccc(F)cc2)c1)c1ccccc1
CHEMBL556650,ERbeta,9.210,,1,0,Active,exact,CC[C@H](c1ccc(O)cn1)[C@@H](CC)c1ccc(O)cc1
CHEMBL495137,ERbeta,,3.000,0,1,Inactive,censored,CC(C)CNc1cc(CCc2ccccc2)nc(NCc2cccc3ccccc23)n1
CHEMBL1567745,ERbeta,6.105,,2,0,Active,exact,CCOc1ccc2nc(NC(=O)CCC(=O)c3cccs3)sc2c1
CHEMBL364368,ERbeta,6.240,,1,0,Active,exact,C#C[C@]1(O)CC[C@H]2[C@@H]3CCC4=CC(=O)CCC4=C3[C@@H](c3ccc(N(C)C(C)=O)cc3)C[C@@]21C
CHEMBL3193597,ERbeta,,4.301,0,1,Inactive,censored,CCCCCCN/C=C1\C(=O)CC(C)(C)C(C(=O)OC)C1=O
CHEMBL4740602,ERbeta,10.000,,1,0,Active,exact,CCC(c1ccc(O)cc1)C1CCc2cc(O)ccc21
CHEMBL4228388,ERbeta,7.340,,1,0,Active,exact,O=C(O)/C=C/c1ccc(C2=C(c3ccc(O)cc3)CCOc3ccccc32)cc1
CHEMBL33899,ERbeta,7.250,,1,0,Active,exact,CC/C(=C(\c1ccccc1)c1ccc(/C=C/C(=O)O)cc1)c1ccccc1
CHEMBL377083,ERbeta,6.590,,1,0,Active,exact,O=c1c2c(O)cc(O)cc2ncn1-c1ccc(O)cc1F
CHEMBL1491,ERbeta,,4.523,0,1,Inactive,censored,CCOC(=O)C1=C(COCCN)NC(C)=C(C(=O)OC)C1c1ccccc1Cl
CHEMBL4851145,ERbeta,6.355,,2,0,Active,exact,CN(c1ccc(O)cc1)S(=O)(=O)C1CC2OC1C(c1ccc(NC(=O)CCCCCCC(=O)O)cc1)=C2c1ccc(O)cc1
CHEMBL1592,ERbeta,,4.523,0,1,Inactive,censored,CCOC(=O)[C@H](CCc1ccccc1)N[C@@H](C)C(=O)N1Cc2ccccc2C[C@H]1C(=O)O
CHEMBL5421913,ERbeta,4.950,,1,0,Inactive,exact,CCN(c1ccc(OCCCCCCCCC(=O)N[C@H](C(=O)N2C[C@H](O)C[C@H]2C(=O)NCc2ccc(-c3scnc3C)cc2)C(C)(C)C)cc1)S(=O)(=O)C1CC2OC1C(c1ccc(O)cc1)=C2c1ccc(O)cc1
CHEMBL92748,ERbeta,8.920,,1,0,Active,exact,Oc1ccc2c(c1)CCC(c1ccccc1)C2c1ccc(OCCN2CCCC2)cc1
CHEMBL2332569,ERbeta,6.110,,1,0,Active,exact,Oc1ccc(-c2cscc2-c2ccc(O)cc2F)c(F)c1
CHEMBL330307,ERbeta,7.150,,1,0,Active,exact,Cc1ccc(S(=O)(=O)N2CCc3cc(O)ccc3C2c2ccc(OCCN3CCCC3)cc2)cc1
CHEMBL1072,ERbeta,,4.523,0,1,Inactive,censored,CCCCNc1cc(C(=O)O)cc(S(N)(=O)=O)c1Oc1ccccc1
CHEMBL3392035,ERbeta,,4.301,0,1,Inactive,censored,CCOC(=O)c1c(N)sc(=S)c2c1CCC2
CHEMBL3199523,ERbeta,5.055,,2,0,,exact,Cc1cc(C)c(S(=O)(=O)/N=C2\C=CC(=O)C(Cl)=C2)c(C)c1
CHEMBL485,ERbeta,,4.523,0,1,Inactive,censored,COc1ccc2c3c1O[C@H]1[C@@H](O)C=C[C@H]4[C@@H](C2)N(C)CC[C@@]341
CHEMBL480406,ERbeta,,3.602,0,1,Inactive,censored,Cc1cc(C(C)(C)c2cc(C)c(O)c(C)c2)cc(C)c1O
CHEMBL77466,ERbeta,5.960,,1,0,,exact,CCC1Oc2cc(O)cc(O)c2N=C1c1ccc(O)c(Br)c1
CHEMBL58688,ERbeta,8.260,,1,0,Active,exact,Oc1cccc(C2CCc3cc(O)ccc3N2Cc2ccc(OCCN3CCCCC3)cc2)c1
CHEMBL28,ERbeta,6.890,,1,0,Active,exact,O=c1cc(-c2ccc(O)cc2)oc2cc(O)cc(O)c12
CHEMBL199766,ERbeta,6.450,,1,0,Active,exact,Oc1ccc(-c2[nH]c3ccccc3c2-c2ccccc2)cc1
CHEMBL1587654,ERbeta,,4.301,0,1,Inactive,censored,Cc1cccc(S(=O)(=O)c2c(N)n(Cc3ccco3)c3nc4ccccc4nc23)c1
CHEMBL216355,ERbeta,8.810,,4,0,Active,exact,Oc1ccc([C@H]2Oc3ccc(O)cc3[C@H]3CCC[C@H]32)cc1
CHEMBL429446,ERbeta,5.210,,1,0,,exact,COc1cc(C2Nc3ccccc3C(=O)N2Cc2ccccc2)ccc1O
CHEMBL356893,ERbeta,7.300,,1,0,Active,exact,CN(CCCc1ccc(Cl)cc1)c1nc(NCCc2ccc(O)cc2)nc(N2CCN(Cc3ccccn3)CC2)n1
CHEMBL185231,ERbeta,7.480,,1,0,Active,exact,Oc1ccc([C@H]2Sc3cc(O)ccc3O[C@H]2c2ccc(OCCN3C[C@H]4CCCC[C@H]4C3)cc2)cc1
CHEMBL4790191,ERbeta,7.535,,2,0,Active,exact,O=C(/C=C/c1ccc(C(=C2CCCCC2)c2ccc(O)cc2)cc1)NCCCCCNC(=O)/C=C/c1ccc(C(=C2CCCCC2)c2ccc(O)cc2)cc1
CHEMBL1603680,ERbeta,,4.301,0,1,Inactive,censored,Cc1cc(Cl)c(S(=O)(=O)Nc2ccc3c(c2)OCO3)cc1OCC(N)=O
CHEMBL378572,ERbeta,4.730,,1,0,Inactive,exact,O=c1c2c(O)cc(O)cc2ncn1-c1ccccc1
CHEMBL1581440,ERbeta,,4.301,0,1,Inactive,censored,CSCCOC(=O)c1[nH]c2c(c1C)C(=O)CC(c1ccco1)C2
CHEMBL41,ERbeta,,4.523,0,1,Inactive,censored,CNCCC(Oc1ccc(C(F)(F)F)cc1)c1ccccc1
CHEMBL914,ERbeta,,4.523,0,1,Inactive,censored,CC(C)(C(=O)O)c1ccc(C(O)CCCN2CCC(C(O)(c3ccccc3)c3ccccc3)CC2)cc1
CHEMBL492263,ERbeta,,3.000,0,1,Inactive,censored,CC(C)CCc1cc(NCC(C)C)nc(SCC(C)C)n1
CHEMBL3192116,ERbeta,5.100,,2,0,,exact,CC(=N)/C(C#N)=C(/O)CSc1nnc(Nc2ccccc2C)s1
CHEMBL1702774,ERbeta,5.450,,1,0,,exact,O=C(Oc1cccc2c(O)cccc12)c1ccccc1Cl
CHEMBL1420817,ERbeta,,4.301,0,1,Inactive,censored,COc1ccc(NC(=O)CSc2nc3c(cc2C#N)CN(C)CC3)cc1
CHEMBL1915315,ERbeta,6.270,,1,0,Active,exact,O=c1oc2cc(O)ccc2cc1-c1ccc(O)cc1
CHEMBL31127,ERbeta,6.220,,1,0,Active,exact,O=C1c2ccc(O)cc2O[C@H](c2ccc(O)cc2)[C@@H]1c1ccc(O)cc1
CHEMBL1094732,ERbeta,6.630,,2,0,Active,exact,CC(=O)C1(C(C)=O)Cc2ccc([C@]3(O)CC[C@H]4[C@@H]5CCc6cc(O)ccc6[C@H]5CC[C@@]43C)cc2C1
CHEMBL378990,ERbeta,7.580,,1,0,Active,exact,CC12CCC(=O)C(Br)=C1c1ccc3[nH]ncc3c1C2
CHEMBL1163598,ERbeta,,5.000,0,1,,censored,Cc1ccc(C(=O)CC(Nc2ccc([N+](=O)[O-])cc2)c2cccc(F)c2)cc1
CHEMBL1064,ERbeta,,4.523,0,1,Inactive,censored,CCC(C)(C)C(=O)O[C@H]1C[C@@H](C)C=C2C=C[C@H](C)[C@H](CC[C@@H]3C[C@@H](O)CC(=O)O3)[C@H]21
CHEMBL1305986,ERbeta,5.240,,1,0,,exact,Cc1cnc(C(=O)OCC(=O)c2csc(N3CCCCC3)n2)cn1
CHEMBL3589353,ERbeta,7.160,,2,0,Active,exact,Cc1cccc(OS(=O)(=O)C2CC3OC2C(c2ccc(NC(=O)CCCCCCC(=O)O)cc2)=C3c2ccc(O)cc2)c1
CHEMBL135236,ERbeta,7.620,,1,0,Active,exact,C[C@]12CCc3c(ccc4cc(O)ccc34)[C@@H]1CC[C@H]2O
CHEMBL205350,ERbeta,7.170,,1,0,Active,exact,Cc1c(O)ccc2c1c(=O)oc1c(Br)c(O)ccc12
CHEMBL1580036,ERbeta,5.280,,1,0,,exact,Cc1ccc(S(=O)(=O)Cc2ccc(C(=O)O)o2)cc1
CHEMBL434525,ERbeta,7.140,,1,0,Active,exact,Oc1ccc([C@H]2Sc3cc(O)ccc3O[C@H]2c2ccc(OCCN3CC4CC3CO4)cc2)cc1
CHEMBL406027,ERbeta,7.410,,1,0,Active,exact,C#C[C@]1(O)CC[C@H]2[C@@H]3CCC4=CC(=O)CCC4=C3[C@@H](c3ccc(N(C)CCCS(=O)(=O)N(C)C4CC[C@@]5(C)[C@@H](C4)C[C@@H](O)[C@@H]4[C@@H]5C[C@H](O)[C@]5(C)[C@@H]([C@H](C)CCC(=O)O)CC[C@@H]45)cc3)C[C@@]21C
CHEMBL3099429,ERbeta,8.010,,1,0,Active,exact,CCCOC(=O)[C@H]1CC[C@H]2[C@@H]3CCc4cc(O)ccc4[C@H]3CC[C@]12C
CHEMBL16,ERbeta,,4.523,0,1,Inactive,censored,O=C1NC(=O)C(c2ccccc2)(c2ccccc2)N1
CHEMBL1583667,ERbeta,5.390,,1,0,,exact,CCCNCC1COc2ccccc2O1.Cl
CHEMBL459,ERbeta,,4.301,0,1,Inactive,censored,C[C@](N)(Cc1ccc(O)c(O)c1)C(=O)O
CHEMBL3234614,ERbeta,8.220,,1,0,Active,exact,Cc1ccccc1N=C(c1ccc(O)cc1)c1ccc(O)cc1
CHEMBL4203290,ERbeta,6.840,,2,0,Active,exact,O=S(=O)(Oc1ccc(/C=C/c2ccccc2)cc1)C1CC2OC1C(c1ccc(O)cc1)=C2c1ccc(O)cc1
CHEMBL204025,ERbeta,7.350,,1,0,Active,exact,Cc1c(O)ccc2c1OC(C)(C)c1c-2ccc(O)c1C
CHEMBL206336,ERbeta,6.500,,1,0,Active,exact,Cc1cc(O)cc2ncn(-c3ccc(O)cc3)c(=O)c12
CHEMBL241301,ERbeta,7.110,,1,0,Active,exact,CC(CCc1ccc(O)cc1)NC(=O)Cc1c(-c2ccccc2)[nH]c2ccccc12
CHEMBL4785948,ERbeta,8.450,,2,1,Active,exact,C[C@]12CC[C@@H]3c4ccc(O)cc4CC[C@H]3[C@@H]1CC[C@@]2(O)c1cn(-c2ccccc2)nn1
CHEMBL5026136,ERbeta,,3.602,0,1,Inactive,censored,O=C1c2ccccc2C(c2ccc(O)cc2)(c2ccc(O)cc2)N1c1ccccc1
CHEMBL485980,ERbeta,,4.523,0,1,Inactive,censored,CCCC(=O)Nc1ncnc2c1ncn2[C@@H]1O[C@@H]2COP(=O)(O)O[C@H]2[C@H]1OC(=O)CCC
CHEMBL728,ERbeta,,4.523,0,1,Inactive,censored,CN1CCN(CCCN2c3ccccc3Sc3ccc(Cl)cc32)CC1
CHEMBL234527,ERbeta,,5.301,0,1,,censored,COc1ccc(N2C(=O)c3ccc(O)cc3C2=O)cc1
CHEMBL243970,ERbeta,9.200,,1,0,Active,exact,CC(C)c1ccc(-c2sc3cc(O)ccc3c2Oc2ccc(OCCN3CCCCC3)cc2)cc1
CHEMBL3645269,ERbeta,6.190,,2,0,Active,exact,O=C(c1ccc(F)cc1C(F)(F)F)N(c1ccc(O)cc1)c1ccc(OCCN2CCCCC2)cc1
CHEMBL3422052,ERbeta,6.530,,1,0,Active,exact,CC/C(=C(/c1ccc(O)cc1)c1ccc(CCCN)cc1)c1ccc(O)cc1
CHEMBL118,ERbeta,,4.523,0,1,Inactive,censored,Cc1ccc(-c2cc(C(F)(F)F)nn2-c2ccc(S(N)(=O)=O)cc2)cc1
CHEMBL5396467,ERbeta,,5.000,0,1,,censored,O=C(O)C1(c2cccc(-c3ccc(OCc4c(-c5c(Cl)cccc5Cl)noc4C4CC4)cc3)c2)CC1
CHEMBL1085161,ERbeta,7.800,,1,0,Active,exact,COC(=O)COc1ccc(C2Oc3cc(O)ccc3C3=C2c2ccc(O)cc2OCC3)cc1
CHEMBL492693,ERbeta,,3.000,0,1,Inactive,censored,CC(C)CN(C(=O)OC(C)(C)C)c1cc(CCc2cccc3ccccc23)nc(NCc2ccccc2)n1
CHEMBL329849,ERbeta,7.270,,1,0,Active,exact,Cc1c(O)ccc2c1O[C@H](c1ccc(OCCN3CCCCC3)cc1)[C@H](c1ccc(O)cc1)S2
CHEMBL371305,ERbeta,7.030,,1,0,Active,exact,CC(=O)c1cc(-c2ccc(O)c(F)c2)nc2ccc(O)cc12
CHEMBL5750100,ERbeta,8.780,,1,0,Active,exact,C/C=C/c1cn(-c2ccc(O)cc2)c(=O)c2c(O)cc(O)cc12
CHEMBL4278346,ERbeta,6.320,,1,0,Active,exact,Oc1ccc(-c2cc(-c3ccc(OCCN4CCCC4)cc3)c(-c3ccc(O)cc3)[se]2)cc1
CHEMBL92720,ERbeta,6.100,,1,0,Active,exact,COc1ccc(C2Sc3cc(O)ccc3OC2c2ccc(OCCN3CCCCC3)cc2)cc1
CHEMBL3581693,ERbeta,8.060,,1,0,Active,exact,CC/C(=C(/c1ccc(/C=C/C(=O)O)cc1)c1ccc2[nH]ncc2c1)c1ccc(F)cc1Cl
CHEMBL135732,ERbeta,7.960,,1,0,Active,exact,C[C@]12CCc3c(sc4cc(O)ccc34)[C@@H]1CC[C@@H]2O
CHEMBL4795195,ERbeta,9.820,,1,0,Active,exact,Oc1ccc(CC2CCCCc3cc(O)ccc32)cc1
CHEMBL215428,ERbeta,7.960,,1,0,Active,exact,CCC12CCC(=O)C(c3ccc(O)cc3)=C1c1ccc3[nH]nnc3c1C2
CHEMBL389621,ERbeta,,4.523,0,1,Inactive,censored,C[C@]12CCC(=O)C=C1CC[C@@H]1[C@@H]2[C@@H](O)C[C@@]2(C)[C@H]1CC[C@]2(O)C(=O)CO
CHEMBL4633486,ERbeta,5.000,,1,0,,exact,Oc1ccc(P(=[Se])(c2ccccc2)c2ccccc2)cc1
CHEMBL494122,ERbeta,,3.000,0,1,Inactive,censored,CC(C)CCc1cc(SCC(C)C)nc(SCC(C)C)n1
CHEMBL364713,ERbeta,,4.523,0,1,Inactive,censored,COc1ccc2c(c1OC)C(=O)O[C@@H]2[C@H]1c2c(cc3c(c2OC)OCO3)CCN1C
CHEMBL195212,ERbeta,6.805,,2,0,Active,exact,Oc1ccc2c(c1)CCN(c1ccccc1)C2c1ccc(N2CCN3CCCCC3C2)cc1
CHEMBL3589359,ERbeta,6.540,,3,0,Active,exact,COc1ccccc1OS(=O)(=O)C1CC2OC1C(c1ccc(NC(=O)CCCCCCC(=O)O)cc1)=C2c1ccc(O)cc1
CHEMBL369979,ERbeta,6.890,,1,0,Active,exact,C=CC[C@]12CC[C@H](O)CC1=CCC1C2CC[C@@]2(C)C1CC[C@@H]2O
CHEMBL1487390,ERbeta,,4.301,0,1,Inactive,censored,NS(=O)(=O)c1ccc(CCNC2CC(=O)N(CCc3ccccc3)C2=O)cc1
CHEMBL1393,ERbeta,5.480,,1,4,,exact,CC(=O)S[C@@H]1CC2=CC(=O)CC[C@]2(C)[C@H]2CC[C@@]3(C)[C@@H](CC[C@@]34CCC(=O)O4)[C@H]12
CHEMBL484451,ERbeta,,3.000,0,1,Inactive,censored,CCc1cc(NCC(C)C)nc(NCC(C)C)n1
CHEMBL698,ERbeta,,4.523,0,1,Inactive,censored,CCCCNc1ccc(C(=O)OCCN(C)C)cc1
CHEMBL86206,ERbeta,8.400,,1,0,Active,exact,CCCc1c(-c2ccc(O)cc2)oc(-c2ccc(O)cc2)c1-c1ccc(OCCN2CCCCC2)cc1
CHEMBL4163889,ERbeta,6.540,,1,0,Active,exact,COc1cc(C2Oc3c(OC)cc(/C=C/CO)cc3C2CO)ccc1O
CHEMBL183086,ERbeta,6.940,,1,0,Active,exact,CC[C@H](CN1CCCC1)Oc1ccc([C@@H]2Oc3ccc(O)cc3S[C@@H]2c2ccc(O)cc2)cc1
CHEMBL494716,ERbeta,,3.000,0,1,Inactive,censored,C(=C/c1cc(OCc2ccccc2)nc(OCc2ccccc2)n1)\c1ccccc1
CHEMBL212185,ERbeta,8.310,,1,0,Active,exact,CCCCC12CCC(=O)C(Br)=C1c1ccc3[nH]ncc3c1C2
CHEMBL377166,ERbeta,5.820,,1,0,,exact,CCC1=C2c3ccc4[nH]nnc4c3C[C@@]2(CC)CCC1=O
CHEMBL15841,ERbeta,5.730,,1,0,,exact,CCOC(=O)c1ccc(O)cc1
CHEMBL44426,ERbeta,7.400,,1,0,Active,exact,Cc1c(-c2ccc(O)cc2)n(Cc2ccc(OCCN3CCCCC3)cc2)c2ccc(O)cc12
CHEMBL396947,ERbeta,5.550,,1,0,,exact,O=C1c2ccc(O)cc2C(=O)N1c1cccc2c(O)cccc12
CHEMBL191648,ERbeta,8.140,,1,0,Active,exact,C=Cc1cc(O)cc2ccc(-c3ccc(O)c(F)c3)cc12
CHEMBL180702,ERbeta,8.310,,1,0,Active,exact,Cc1ccc(C(=O)N2CCN(c3ccc(C(=O)c4c(-c5ccc(O)cc5)sc5cc(O)ccc45)cc3)CC2)cc1
CHEMBL1341487,ERbeta,,4.301,0,1,Inactive,censored,O=C(CCC(=O)Nc1nnc(C2CCCCC2)s1)NCC1CCCO1
CHEMBL1087297,ERbeta,7.660,,1,0,Active,exact,Oc1ccc2c(c1)OCCC1=C2[C@H](c2ccc(OCCN3CCCCCC3)cc2)Oc2ccccc21
CHEMBL8145,ERbeta,5.760,,9,0,,exact,O=c1c(-c2ccc(O)cc2)coc2cc(O)ccc12
CHEMBL380717,ERbeta,8.240,,1,0,Active,exact,Cc1c(O)ccc2c1oc(=O)c1c(C)c(O)cc(C)c12
CHEMBL12,ERbeta,,4.523,0,1,Inactive,censored,CN1C(=O)CN=C(c2ccccc2)c2cc(Cl)ccc21
CHEMBL1559715,ERbeta,5.540,,1,1,,exact,O=C(Cc1cccs1)Nc1ccc(-c2nnn(CC(=O)N3CCOCC3)n2)cc1
CHEMBL240157,ERbeta,6.280,,1,0,Active,exact,CS(=O)(=O)N1CC(c2ccc(O)cc2)Cc2ccc(O)cc21
CHEMBL513397,ERbeta,7.340,,1,0,Active,exact,c1ccc(C2=C(c3ccc(OCCN4CCC4)cc3)c3ccccc3OCC2)cc1
CHEMBL234462,ERbeta,9.200,,1,0,Active,exact,Oc1ccc([C@H]2Oc3ccc(O)cc3[C@H]3CCCC[C@H]32)cc1
CHEMBL32800,ERbeta,,4.523,0,1,Inactive,censored,CC(Cc1ccc(O)cc1)NCC(O)c1cc(O)cc(O)c1
CHEMBL293297,ERbeta,8.100,,1,0,Active,exact,Oc1ccc(C2CCc3cc(O)ccc3N2c2ccc(OCCN3CCCCC3)cc2)cc1
CHEMBL3589369,ERbeta,7.105,,2,0,Active,exact,O=C(CCCCCCC(=O)Nc1ccc(C2=C(c3ccc(O)cc3)C3CC(S(=O)(=O)Oc4ccccc4)C2O3)cc1)NO
CHEMBL313825,ERbeta,6.980,,1,0,Active,exact,CC(C)[C@H]1Sc2cc(O)ccc2O[C@H]1c1ccc(OCCN2CCCCC2)cc1
CHEMBL552019,ERbeta,7.580,,1,0,Active,exact,CC[C@H](c1ccc(O)cc1)[C@H](CC)c1ccc(O)cn1
CHEMBL206582,ERbeta,7.130,,1,0,Active,exact,Cc1cc(O)cc2c1-c1ccc(O)c(C)c1OC2
CHEMBL6437,ERbeta,,4.523,0,1,Inactive,censored,CN1CCN2c3ccccc3Cc3ccccc3C2C1
CHEMBL144431,ERbeta,7.920,,1,0,Active,exact,Oc1cccc(C2=Cc3ccc(O)cc3C23Cc2ccccc2C3)c1
CHEMBL3666814,ERbeta,,5.000,0,1,,censored,C[C@H](NC(=O)C(C)(F)F)[C@H](Oc1ccc2c(cnn2-c2cccc(C(=O)NCc3cccnc3)c2)c1)c1ccc2c(c1)OCOC2
CHEMBL398840,ERbeta,5.750,,1,0,,exact,C=C[C@]12CCC(c3ccccc3)=CC1=CC[C@H]1[C@@H]3CC[C@H](O)[C@@]3(C)CC[C@@H]12
CHEMBL1518838,ERbeta,5.410,,1,1,,exact,O=C(c1cc2c(s1)CCC2)N1CCN(c2ccccc2)CC1
CHEMBL1539824,ERbeta,4.610,,1,0,Inactive,exact,COc1ccc(NC(=O)c2cc(-c3ccc(C)o3)nc3ccccc23)cc1OC
CHEMBL195371,ERbeta,7.780,,1,0,Active,exact,Oc1ccc2c(c1)sc1c3ccccc3n(Cc3ccc(OCCN4CCCCCC4)cc3)c21
CHEMBL3360847,ERbeta,7.720,,1,0,Active,exact,O=C1N(c2ccc(O)cc2)[C@@H](c2ccc(O)cc2)C1(c1ccccc1)c1ccccc1
CHEMBL960,ERbeta,,4.523,0,1,Inactive,censored,Cc1oncc1C(=O)Nc1ccc(C(F)(F)F)cc1
CHEMBL1627356,ERbeta,7.230,,1,0,Active,exact,CN(C)C(=O)/C=C/c1ccc(S[C@@H]2Cc3cc(O)ccc3[C@H]3CC[C@]4(C)[C@@H](O)CC[C@H]4[C@@H]32)cc1
CHEMBL126164,ERbeta,6.580,,1,0,Active,exact,Oc1ccc([C@H]2Sc3cc(O)ccc3S[C@H]2c2ccc(OCCN3CCCC3)cc2)cc1
CHEMBL200903,ERbeta,7.300,,1,0,Active,exact,Oc1ccc(-n2c(-c3cccs3)nc3ccccc32)cc1
CHEMBL3195623,ERbeta,4.840,,1,0,Inactive,exact,Oc1ccc(/C=N/c2ccc(N3CCOCC3)cc2)c(O)c1
CHEMBL427496,ERbeta,8.100,,1,0,Active,exact,O=C(c1ccc(N2CCN(C(=O)c3ccccc3O)CC2)cc1)c1c(-c2ccc(O)cc2)sc2cc(O)ccc12
CHEMBL192587,ERbeta,6.820,,1,0,Active,exact,COc1cc(O)cc2c1C(Br)=C(c1ccc(O)cc1)C2=O
CHEMBL211614,ERbeta,8.820,,1,0,Active,exact,CCCC[C@@]12CCC(=O)C(Br)=C1c1ccc(O)cc1C2
CHEMBL4458536,ERbeta,6.600,,1,0,Active,exact,Oc1ccc([C@]23CC[C@H](CC2)CO3)cc1
CHEMBL134938,ERbeta,9.850,,1,0,Active,exact,C[C@H](c1ccc(O)cc1)[C@@H](C#N)c1ccc(O)cc1
CHEMBL1671971,ERbeta,6.260,,1,0,Active,exact,COc1cc(/C=C2\SC(=O)NC2=O)ccc1Oc1ccc(C#N)cc1C(F)(F)F
CHEMBL363902,ERbeta,6.440,,2,0,Active,exact,Oc1ccc(-c2nc3cc(O)cc(-c4nccs4)c3o2)cc1
CHEMBL4250780,ERbeta,5.440,,1,0,,exact,CSCC[C@H](NC(=O)[C@H](CC(C)C)NC(=O)[C@H](CC(C)C)NC(=O)[C@@H]1CCCN1C(=O)[C@@H](N)Cc1cnc[nH]1)C(=O)N[C@@H](CCCNC(=N)N)C(=O)N[C@@H](CC(C)C)C(=O)N[C@@H](CC(C)C)C(=O)N[C@@H](Cc1cnc[nH]1)C(=O)N[C@@H](Cc1cnc[nH]1)C(=O)N1CCC[C@H]1C(=O)N[C@@H](CO)C(N)=O
CHEMBL188299,ERbeta,6.950,,2,0,Active,exact,Oc1ccc2cc(-c3noc4ccc(O)cc34)ccc2c1
CHEMBL278819,ERbeta,,4.523,0,1,Inactive,censored,Cc1cc(-c2ccccc2)nnc1NCCN1CCOCC1
CHEMBL5561738,ERbeta,,4.102,0,1,Inactive,censored,Cc1ncsc1-c1ccc([C@H](C)NC(=O)[C@@H]2C[C@@H](O)CN2C(=O)[C@@H](NC(=O)COCCOc2ccc(N(CC(F)(F)F)S(=O)(=O)C3CC4OC3C(c3ccc(-n5ccnc5)cc3)=C4c3ccc(O)cc3)cc2)C(C)(C)C)cc1
CHEMBL4582563,ERbeta,6.700,,1,0,Active,exact,CS(=O)(=O)c1ccc(C(CCCCO[N+](=O)[O-])=C(c2ccc(F)cc2)c2ccc(F)cc2)cc1
CHEMBL2332577,ERbeta,6.530,,1,0,Active,exact,Cc1cc(-c2ccc(O)cc2Cl)sc1-c1ccc(O)cc1Cl
CHEMBL1365170,ERbeta,4.750,,1,0,Inactive,exact,O=C(CSc1ccc(Cl)cc1)c1ccco1
CHEMBL371009,ERbeta,7.640,,1,0,Active,exact,N#Cc1cc(-c2ccc(O)c(F)c2)nc2ccc(O)cc12
CHEMBL373019,ERbeta,7.960,,1,0,Active,exact,C=C[C@]12CC[C@H](O)CC1=CCC1C2CC[C@@]2(C)C1CC[C@@H]2O
CHEMBL394357,ERbeta,8.400,,1,0,Active,exact,O/N=C/c1ccc(-c2ccc(O)cc2)c2ccsc12
CHEMBL3208616,ERbeta,,4.301,0,1,Inactive,censored,C/N=C1\SC(CC(=O)Nc2ccc(C(C)=O)cc2)C(=O)N1C
CHEMBL1201,ERbeta,,4.523,0,1,Inactive,censored,CN1CCN(CC/C=C2/c3ccccc3Sc3ccc(S(=O)(=O)N(C)C)cc32)CC1
CHEMBL289469,ERbeta,,4.523,0,1,Inactive,censored,CN1C2CCCC1CC(NC(=O)c1nn(C)c3ccccc13)C2
CHEMBL2386285,ERbeta,7.110,,3,0,Active,exact,CC/C(=C(/c1ccc(O)cc1)c1ccc(OCCN)cc1)c1ccccc1
CHEMBL1582403,ERbeta,,4.301,0,1,Inactive,censored,CCC1=NN2C(=N)/C(=C\c3ccc(SCc4ccco4)o3)C(=O)N=C2S1
CHEMBL92660,ERbeta,7.850,,1,0,Active,exact,Oc1ccc([C@@H]2Sc3c(ccc(O)c3Cl)O[C@@H]2c2ccc(OCCN3CCCCC3)cc2)cc1
CHEMBL5428797,ERbeta,4.950,,1,0,Inactive,exact,O=C(COc1cccc2c1C(=O)N(C1CCC(=O)NC1=O)C2=O)NCCCCOc1ccc(N(CC(F)(F)F)S(=O)(=O)C2CC3OC2C(c2ccc(O)cc2)=C3c2ccc(O)cc2)cc1
CHEMBL193727,ERbeta,8.300,,1,0,Active,exact,Oc1ccc2cc(-c3ccc(O)c(F)c3)ccc2c1
CHEMBL199140,ERbeta,7.430,,1,0,Active,exact,Oc1ccc(C2=C(Cc3ccccc3)c3ccc(O)cc3C2)cc1
CHEMBL1231453,ERbeta,6.250,,1,0,Active,exact,Oc1ccc(C2(c3ccc(O)cc3)CCCCC2)cc1
CHEMBL147060,ERbeta,4.850,,1,0,Inactive,exact,Oc1ccc(Oc2ccc(O)cc2)cc1
CHEMBL1480378,ERbeta,5.510,,1,1,,exact,Cc1ccnc(NS(=O)(=O)c2ccc(NC(=O)Cc3cccs3)cc2)n1
CHEMBL306700,ERbeta,,4.523,0,1,Inactive,censored,CCOc1ccccc1OCC1CNCCO1
CHEMBL371012,ERbeta,8.950,,1,0,Active,exact,Oc1ccc(-c2c(-c3ccccc3)[nH]c3ccccc23)cc1
CHEMBL3948254,ERbeta,5.900,,1,0,,exact,CCC(=C(c1ccc(O)cc1)c1ccc(O)cc1)c1ccc(N)cc1
CHEMBL4209440,ERbeta,5.130,,1,0,,exact,COC(=O)Cc1ccc(OCc2oc(-c3cccc(OC)c3)nc2C)cc1
CHEMBL441499,ERbeta,7.700,,1,0,Active,exact,O=C(c1ccc(N2CCN(C(=O)c3cccc(O)c3)CC2)cc1)c1c(-c2ccc(O)cc2)sc2cc(O)ccc12
CHEMBL206764,ERbeta,6.190,,1,0,Active,exact,O=c1c2c(O)cc(O)cc2ncn1-c1ccc(O)c(F)c1
CHEMBL2031541,ERbeta,5.730,,1,0,,exact,Cc1cc(O)ccc1-c1cscc1-c1ccc(O)cc1C
CHEMBL362425,ERbeta,7.030,,1,0,Active,exact,O=C(c1ccc(N2CCN(C(=O)c3ccncc3)CC2)cc1)c1c(-c2ccc(O)cc2)sc2cc(O)ccc12
CHEMBL5174584,ERbeta,,5.000,0,1,,censored,CN(C)CCN1C(=O)N(C)C2=C(C(=O)c3ccccc32)C1c1ccc(C(F)(F)F)cc1
CHEMBL205988,ERbeta,6.490,,1,0,Active,exact,Cc1c(O)ccc2c1oc(=O)c1cccc(C)c12
CHEMBL432371,ERbeta,9.370,,1,0,Active,exact,CCc1c(-c2ccc(O)cc2)oc(-c2ccccc2)c1-c1ccc(OCCN2CCCCC2)cc1
CHEMBL209851,ERbeta,8.740,,2,0,Active,exact,CCCCC12CCC(=O)C(Br)=C1c1ccc(O)cc1C2
CHEMBL1393548,ERbeta,4.670,,1,1,Inactive,exact,c1ccc(-c2nnc3sc(Cc4cccs4)nn23)cc1
CHEMBL92900,ERbeta,6.660,,1,0,Active,exact,Oc1ccc2c(c1)CCN(Cc1ccc3c(c1)OCO3)C2c1ccc(OCCN2CCCC2)cc1
CHEMBL360802,ERbeta,6.870,,1,0,Active,exact,OC[C@H]1CCCN1CCOc1ccc([C@@H]2Oc3ccc(O)cc3S[C@@H]2c2ccc(O)cc2)cc1
CHEMBL212391,ERbeta,7.960,,1,0,Active,exact,CC[C@@]12CCC(=O)C(C(F)(F)F)=C1c1ccc3[nH]nnc3c1C2
CHEMBL135597,ERbeta,8.770,,1,0,Active,exact,Cc1cc(O)ccc1C(C#N)Cc1ccc(O)cc1
CHEMBL194012,ERbeta,,5.000,0,1,,censored,C[C@H]1OC2(CCC3=Cc4c(cnn4-c4ccc(F)cc4)C[C@@]32C)O[C@@H]1C
CHEMBL585,ERbeta,,4.523,0,1,Inactive,censored,Nc1nc(N)c2nc(-c3ccccc3)c(N)nc2n1
CHEMBL3234626,ERbeta,7.210,,2,0,Active,exact,Oc1ccc(/C(=N\c2ccccc2)c2ccc(O)cc2O)cc1
CHEMBL4279069,ERbeta,6.730,,2,0,Active,exact,Cc1cc(O)ccc1-c1ccc(-c2ccc(OCCN3CCCC3)cc2C)[se]1
CHEMBL1402138,ERbeta,6.390,,1,0,Active,exact,CCN1CCN(Cc2ccc(NC(=O)Nc3cccs3)cc2)CC1
CHEMBL1542,ERbeta,,4.523,0,1,Inactive,censored,Cn1cnc([N+](=O)[O-])c1Sc1ncnc2[nH]cnc12
CHEMBL4228974,ERbeta,6.690,,1,0,Active,exact,Cc1ccc(N2CCN(C(=O)/C=C/c3ccc(C4=C(c5ccc(O)cc5)CCOc5cc(F)ccc54)cc3)CC2)cc1
CHEMBL473,ERbeta,,4.523,0,1,Inactive,censored,CN(CCOc1ccc(NS(C)(=O)=O)cc1)CCc1ccc(NS(C)(=O)=O)cc1
CHEMBL33808,ERbeta,6.820,,1,0,Active,exact,CCc1cc(O)cc2c1C(=O)[C@@H](c1ccc(O)cc1)[C@@H](c1ccc(OCCN3CCCCC3)cc1)O2
CHEMBL1359354,ERbeta,,4.301,0,1,Inactive,censored,O=C(c1cc(-c2ccco2)on1)N1CCc2ccccc2C1
CHEMBL1532996,ERbeta,5.040,,1,0,,exact,CCOc1ccccc1N1CCN(S(=O)(=O)c2ccc3c4c(cccc24)C(=O)N3)CC1
CHEMBL100231,ERbeta,5.375,,4,0,,exact,CC(C)c1ccc(N2CCc3cc(O)ccc3C2(C)c2ccc(OCCN3CCCCC3)cc2)cc1
CHEMBL425439,ERbeta,9.050,,1,0,Active,exact,CCCC[C@@]12CCC(=O)C(C(F)(F)F)=C1c1ccc3[nH]ncc3c1C2=O
CHEMBL206546,ERbeta,7.270,,1,0,Active,exact,Cc1c(O)ccc2c1c(=O)oc1c(F)c(O)ccc12
CHEMBL280538,ERbeta,5.250,,1,0,,exact,C[C@@H]1C(=O)c2ccc(O)cc2O[C@@H]1c1ccc(OCCN2CCCCC2)cc1
CHEMBL194873,ERbeta,6.250,,1,0,Active,exact,Oc1cccc(-c2ccc3ccc(O)cc3c2)c1
CHEMBL1406018,ERbeta,5.330,,1,1,,exact,CCn1nnc(NC(=O)CSc2ccc(Cl)cc2)n1
CHEMBL195280,ERbeta,8.250,,1,0,Active,exact,N#Cc1cc(-c2ccc(O)c(F)c2)cc2ccc(O)c(F)c12
CHEMBL1469865,ERbeta,7.330,,1,1,Active,exact,Cn1c(C(=O)Nc2ccc3c(c2)OCO3)cc2c(=O)n(C)c3ccccc3c21
CHEMBL348343,ERbeta,7.000,,1,0,Active,exact,CN(CCCc1ccc(Cl)cc1)c1nc(NCCc2ccc(O)cc2)nc(N2CCN(C(=O)COc3ccccc3)CC2)n1
CHEMBL388418,ERbeta,7.920,,1,0,Active,exact,Cc1c(/C=N/O)c2ccccc2n1-c1ccc(O)cc1
CHEMBL33230,ERbeta,,5.000,0,1,,censored,COc1cc([C@@H]2C(=O)c3ccc(O)cc3O[C@@H]2c2ccc(OCCN3CCCCC3)cc2)ccc1O
CHEMBL294710,ERbeta,5.960,,1,0,,exact,Cc1ccccc1-c1cc(-c2ccc(O)cc2)nc(N(C)CCc2ccccc2)c1
CHEMBL186513,ERbeta,8.220,,3,0,Active,exact,N#Cc1cc(O)cc2nc(-c3ccc(O)cc3)oc12
CHEMBL4203715,ERbeta,5.940,,2,0,,exact,O=S(=O)(Oc1ccc(Br)cc1)C1CC2OC1C(c1ccc(/C=C/c3cc(O)cc(O)c3)cc1)=C2c1ccc(O)cc1
CHEMBL93207,ERbeta,7.550,,1,0,Active,exact,O=C(c1ccccc1)N1Cc2cc(O)ccc2C(c2ccc(O)cc2)C1
CHEMBL5187253,ERbeta,7.060,,1,0,Active,exact,O=C(COCN1CCCCC1)CN1Nc2cc(O)ccc2-c2c1c1ccc(O)cc1oc2=O
CHEMBL5187730,ERbeta,7.130,,1,0,Active,exact,Nc1ccc(-c2c(C(=O)c3ccc(OCCN4CC(C(=O)O)=CCC4=O)cc3)c3ccc(O)cc3oc2=O)cc1
CHEMBL312597,ERbeta,5.500,,1,0,,exact,O=c1c2oc3ccccc3c2oc2cc(O)cc(O)c12
CHEMBL1084913,ERbeta,7.360,,1,0,Active,exact,OCCCOc1ccc(C2Oc3cc(O)ccc3C3=C2c2ccc(O)cc2OCC3)cc1
CHEMBL494704,ERbeta,,3.000,0,1,Inactive,censored,CC(C)CCc1cc(CCC(C)C)nc(NCc2cccc3ccccc23)n1
CHEMBL191901,ERbeta,8.600,,1,0,Active,exact,Oc1ccc(-c2cc(F)c3c(Cl)c(O)ccc3c2)cc1F
CHEMBL5433532,ERbeta,,4.108,0,1,Inactive,censored,COc1ccc(N(CC(F)(F)F)S(=O)(=O)C2CC3OC2C(c2ccc(-n4ccnc4)cc2)=C3c2ccc(O)cc2)cc1
CHEMBL1597328,ERbeta,7.430,,1,0,Active,exact,CC1CCCC(C)N1CC(=O)Nc1sc2c(c1C#N)CCCC2
CHEMBL4552891,ERbeta,5.800,,1,0,,exact,ON=C1CCC(c2ccc(O)cc2)CC1
CHEMBL31738,ERbeta,6.750,,1,0,Active,exact,C=C(C)c1ccc2c(c1)c(-c1ccc(OCCN3CCCCC3)cc1)cc1cc(O)cc(C)c12
CHEMBL4874175,ERbeta,6.100,,2,0,Active,exact,CCN(c1ccc(C)cc1)S(=O)(=O)C1CC2OC1C(c1ccc(NC(=O)CCCCCCC(=O)O)cc1)=C2c1ccc(O)cc1
CHEMBL494493,ERbeta,,3.000,0,1,Inactive,censored,CC(C)CCc1cc(NCc2ccccc2)nc(NCC(C)C)n1
CHEMBL380469,ERbeta,8.920,,1,0,Active,exact,CCCCC12CCC(=O)C(c3ccccc3)=C1c1ccc(O)cc1C2
CHEMBL492454,ERbeta,,3.000,0,1,Inactive,censored,CC(C)CCc1cc(CCC(C)C)nc(NCc2ccccc2)n1
CHEMBL360817,ERbeta,7.180,,2,0,Active,exact,Oc1ccc2oc(-c3ccc(O)c(F)c3)nc2c1
CHEMBL1367450,ERbeta,4.790,,1,0,Inactive,exact,COc1ccc(C2CC(=O)Nc3ccccc3S2(=O)=O)cc1OC
CHEMBL1410021,ERbeta,,4.301,0,2,Inactive,censored,N#CC1=C(SCC(=O)Nc2cccc3cccnc23)NC(=O)C(C#N)C12CCCCC2
CHEMBL340606,ERbeta,6.790,,1,0,Active,exact,Oc1ccc([C@H]2Sc3cc(O)ccc3O[C@H]2c2ccc(N3CCCNCC3)cc2)cc1
CHEMBL469510,ERbeta,8.440,,1,0,Active,exact,COc1ccc2c(c1)OCCC(c1ccc(O)cc1)=C2c1ccc(OCCN2CCCC2)cc1
CHEMBL346215,ERbeta,7.400,,1,0,Active,exact,CN(CCCc1ccccc1Cl)c1nc(NCCc2ccc(O)cc2)nc(N2CCNCC2)n1
CHEMBL182902,ERbeta,7.060,,1,0,Active,exact,C[C@H]1CCN([C@H](C)COc2ccc([C@@H]3Oc4ccc(O)cc4S[C@@H]3c3ccc(O)cc3)cc2)C1
CHEMBL412907,ERbeta,7.000,,1,0,Active,exact,Oc1ccc2c(c1)CCN(c1ccccc1)C2C1CCCCC1
CHEMBL214693,ERbeta,8.740,,1,0,Active,exact,CCCCC12CCC(=O)C(Br)=C1c1ccc3[nH]nnc3c1C2
CHEMBL1321701,ERbeta,,4.301,0,1,Inactive,censored,O=S(=O)(c1cccc(-c2nc3ccccc3s2)c1)N1CCOCC1
CHEMBL1606318,ERbeta,,4.301,0,1,Inactive,censored,Cn1nc(CC(=O)Nc2ncc(Br)s2)c2ccccc2c1=O
CHEMBL1345862,ERbeta,,4.301,0,1,Inactive,censored,COc1ccc(C(C(=O)NC2CCCC2)N(C(=O)c2ccco2)c2ccc3c(c2)OCO3)cc1OC
CHEMBL1595423,ERbeta,,4.301,0,1,Inactive,censored,O=C(CCCn1c(=S)[nH]c2cc3c(cc2c1=O)OCO3)N1CCc2ccccc2C1
CHEMBL531,ERbeta,,4.523,0,1,Inactive,censored,CCCN1C[C@H](CSC)C[C@@H]2c3cccc4[nH]cc(c34)C[C@H]21
CHEMBL284949,ERbeta,,5.000,0,2,,censored,Cc1cc(-c2cc3c(O)cc(O)cc3s2)ccc1O
CHEMBL57978,ERbeta,5.490,,1,0,,exact,O=C(O)C(O)c1ccco1
CHEMBL1623,ERbeta,,4.523,0,1,Inactive,censored,Cc1cccc(CN2CCN(C(c3ccccc3)c3ccc(Cl)cc3)CC2)c1
CHEMBL503048,ERbeta,,3.000,0,1,Inactive,censored,CC(C)(C)OC(=O)N(Cc1cccc2ccccc12)c1cc(/C=C/c2ccccc2)nc(NCc2cccc3ccccc23)n1
CHEMBL128,ERbeta,,4.523,0,1,Inactive,censored,CNS(=O)(=O)Cc1ccc2[nH]cc(CCN(C)C)c2c1
CHEMBL76370,ERbeta,,4.523,0,1,Inactive,censored,CCCCCNC(=N)N/N=C/c1c[nH]c2ccc(OC)cc12
CHEMBL360651,ERbeta,8.000,,2,0,Active,exact,Oc1ccc2c(-c3ccc(O)c(Cl)c3)noc2c1
CHEMBL261780,ERbeta,5.400,,1,0,,exact,Cc1cc(O)ccc1-c1ccccc1
CHEMBL5412790,ERbeta,6.050,,3,0,Active,exact,O=S(=O)(Oc1ccc(Br)cc1)C1CC2OC1C(c1ccc(-n3ccnc3)cc1)=C2c1ccc(O)cc1
CHEMBL2332570,ERbeta,5.870,,1,0,,exact,Oc1ccc(-c2csc(-c3ccc(O)cc3F)c2)c(F)c1
CHEMBL362307,ERbeta,8.700,,2,0,Active,exact,Oc1ccc2c(-c3cc(Cl)c(O)cc3O)noc2c1
CHEMBL493095,ERbeta,,3.000,0,1,Inactive,censored,CC(C)CNc1nc(CCc2ccccc2)cc(N(Cc2ccccc2)C(=O)OC(C)(C)C)n1
CHEMBL345000,ERbeta,,5.000,0,1,,censored,C1=C(c2ccccc2)C2(Cc3ccccc3C2)c2ccccc21
CHEMBL810,ERbeta,,4.523,0,1,Inactive,censored,Cn1nnc2c(C(N)=O)ncn2c1=O
CHEMBL2,ERbeta,,4.523,0,1,Inactive,censored,COc1cc2nc(N3CCN(C(=O)c4ccco4)CC3)nc(N)c2cc1OC
CHEMBL379109,ERbeta,8.280,,1,0,Active,exact,CCCCC12CCC(=O)C(Cl)=C1c1ccc(O)cc1C2
CHEMBL1469332,ERbeta,4.940,,1,0,Inactive,exact,CSc1nc(O)c2c(n1)N=C1CCCC(O)=C1C2c1cccs1
CHEMBL715,ERbeta,,4.523,0,1,Inactive,censored,Cc1cc2c(s1)Nc1ccccc1N=C2N1CCN(C)CC1
CHEMBL380720,ERbeta,7.050,,1,0,Active,exact,Cc1cc(C)c2c(c1)c(=O)oc1cc(O)ccc12
CHEMBL470153,ERbeta,,3.000,0,1,Inactive,censored,CC(C)CNc1cc(NCC(C)C)ncn1
CHEMBL1301421,ERbeta,,4.301,0,1,Inactive,censored,c1ccc(-c2nc(C3CCCCC3)no2)cc1
CHEMBL160,ERbeta,,4.523,0,1,Inactive,censored,C/C=C/C[C@@H](C)[C@@H](O)[C@H]1C(=O)N[C@@H](CC)C(=O)N(C)CC(=O)N(C)[C@@H](CC(C)C)C(=O)N[C@@H](C(C)C)C(=O)N(C)[C@@H](CC(C)C)C(=O)N[C@@H](C)C(=O)N[C@H](C)C(=O)N(C)[C@@H](CC(C)C)C(=O)N(C)[C@@H](CC(C)C)C(=O)N(C)[C@@H](C(C)C)C(=O)N1C
CHEMBL1087289,ERbeta,6.700,,1,0,Active,exact,Oc1ccc2c(c1)O[C@H](c1ccc(OCCN3CCCCC3)cc1)C1=C2CCOc2ccccc21
CHEMBL42,ERbeta,,4.523,0,1,Inactive,censored,CN1CCN(C2=Nc3cc(Cl)ccc3Nc3ccccc32)CC1
CHEMBL183371,ERbeta,7.230,,1,0,Active,exact,CC1(C)CCCN1CCOc1ccc([C@@H]2Oc3ccc(O)cc3S[C@@H]2c2ccc(O)cc2)cc1
CHEMBL1452728,ERbeta,7.450,,1,1,Active,exact,Cc1ccc(-c2nnc(CSc3nc4cc5c(cc4cc3C)OCO5)o2)cc1
CHEMBL8,ERbeta,,4.523,0,1,Inactive,censored,O=C(O)c1cn(C2CC2)c2cc(N3CCNCC3)c(F)cc2c1=O
CHEMBL492665,ERbeta,,3.000,0,1,Inactive,censored,CC(C)CN(C)c1cc(/C=C/c2ccccc2)nc(N(C)CC(C)C)n1
CHEMBL136039,ERbeta,8.680,,1,0,Active,exact,CC#CC(Cc1ccc(O)cc1)c1ccc(O)cc1
CHEMBL380188,ERbeta,7.240,,1,0,Active,exact,CCCCC12CCC(=O)C(CCC)=C1c1ccc3[nH]nnc3c1C2
CHEMBL1200474,ERbeta,7.210,,1,0,Active,exact,CN(C)[C@@H]1C(O)=C(C(N)=O)C(=O)[C@@]2(O)C(O)=C3C(=O)c4c(O)ccc(Cl)c4[C@@H](O)[C@H]3C[C@@H]12.Cl
CHEMBL204819,ERbeta,7.090,,1,0,Active,exact,Cc1c(O)ccc2c1oc(=O)c1c(O)c(O)ccc12
CHEMBL3645268,ERbeta,7.720,,2,0,Active,exact,Oc1ccc(CN(c2ccc(O)cc2)c2ccc(F)cc2)cc1
CHEMBL63857,ERbeta,4.850,,1,0,Inactive,exact,O=C1OC(c2ccc(O)cc2)(c2ccc(O)cc2)c2ccccc21
CHEMBL192055,ERbeta,5.645,,2,0,,exact,CCC1CN(c2ccc(C3c4ccc(O)cc4CCN3c3ccccc3)cc2)CCN1C
CHEMBL4228923,ERbeta,8.620,,1,0,Active,exact,O=C(/C=C/c1ccc(C2=C(c3ccc(O)cc3)CCOc3cc(F)ccc32)cc1)N1CCCC1
CHEMBL1334452,ERbeta,4.940,,1,0,Inactive,exact,O=C(NCCO)c1ccc2nc(-c3ccco3)c(-c3ccco3)nc2c1
CHEMBL523698,ERbeta,,3.000,0,1,Inactive,censored,CC(C)CCc1cc(N(Cc2ccccc2)C(=O)OC(C)(C)C)nc(NCc2cccc3ccccc23)n1
CHEMBL414859,ERbeta,7.270,,1,0,Active,exact,Cc1c(O)ccc2c1oc(=O)c1cc(O)cc(C)c12
CHEMBL450917,ERbeta,,3.602,0,1,Inactive,censored,Cc1cc(O)ccc1O
CHEMBL184974,ERbeta,7.410,,1,0,Active,exact,Oc1ccc([C@H]2Sc3cc(O)ccc3O[C@H]2c2ccc(OCCN3CCC4(CCCC4)CC3)cc2)cc1
CHEMBL1484657,ERbeta,5.220,,1,1,,exact,O=c1c2cc(N3CCOCC3)ccc2[nH]c(=S)n1Cc1ccco1
CHEMBL150593,ERbeta,6.220,,1,0,Active,exact,CC(C)S(=O)(=O)N1CCN(c2nc(NCCc3ccc(O)cc3)nc(N(C)CCCc3ccc(Cl)cc3)n2)CC1
CHEMBL91452,ERbeta,7.200,,1,0,Active,exact,O=C(N1CCc2cc(O)ccc2C1c1cccs1)C(F)(F)F
CHEMBL1606764,ERbeta,,4.301,0,1,Inactive,censored,COc1ccc(N2CC(C(=O)O)CC2=O)cc1
CHEMBL384709,ERbeta,8.490,,1,0,Active,exact,CCCC[C@@]12CCC(=O)C(C(F)(F)F)=C1c1ccc3[nH]nnc3c1C2
CHEMBL231811,ERbeta,8.400,,1,0,Active,exact,O/N=C/c1ccc(-c2ccc(O)cc2)c2sccc12
CHEMBL469512,ERbeta,7.510,,1,0,Active,exact,Fc1ccc2c(c1)OCCC(c1ccccc1)=C2c1ccc(OCCN2CCCC2)cc1
CHEMBL249700,ERbeta,7.470,,1,0,Active,exact,C=C1C=C2CC[C@H]3[C@@H]4CC[C@H](O)[C@@]4(C)CC[C@@H]3[C@@]2(C)CC1
CHEMBL1082529,ERbeta,6.690,,1,0,Active,exact,CN(C)CCOc1ccc([C@H]2Oc3cc(O)ccc3C3=C2c2ccccc2OCC3)cc1
CHEMBL87493,ERbeta,,4.523,0,1,Inactive,censored,CCNC(C)Cc1cccc(C(F)(F)F)c1
CHEMBL1374573,ERbeta,4.660,,1,0,Inactive,exact,O=C(CSc1nc2scc(-c3ccco3)c2c(=O)n1-c1ccccc1)NCC1CCCO1
CHEMBL226268,ERbeta,8.020,,1,0,Active,exact,Oc1ccc(-c2sc3cc(O)ccc3c2Oc2ccc(OCCN3CCCCC3)cc2)cc1
CHEMBL3422035,ERbeta,7.560,,1,0,Active,exact,C/C(=C(/c1ccc(O)cc1)c1ccc(OCCN)cc1)c1ccccc1
CHEMBL193108,ERbeta,8.100,,1,0,Active,exact,CCSC1=C(c2ccc(O)cc2)C(=O)c2cc(O)ccc21
CHEMBL394614,ERbeta,6.340,,1,0,Active,exact,O/N=C/c1ccc(-c2ccc(O)cc2)c2occc12
CHEMBL495136,ERbeta,,3.000,0,1,Inactive,censored,c1ccc(CCc2cc(NCc3cccc4ccccc34)nc(NCc3ccccc3)n2)cc1
CHEMBL1464,ERbeta,,4.523,0,1,Inactive,censored,CC(=O)CC(c1ccccc1)c1c(O)c2ccccc2oc1=O
CHEMBL365625,ERbeta,7.020,,2,0,Active,exact,N#CCc1cc(O)ccc1-c1noc2cc(O)ccc12
CHEMBL1599140,ERbeta,4.830,,1,0,Inactive,exact,CN1CCN(CC(=O)Nc2sc3c(c2C#N)CCCC3)CC1
