chembl_id,receptor,pchembl_median,pchembl_upper_bound,n_exact,n_censored,label,kind,smiles
CHEMBL3259996,PR,5.420,,1,0,,exact,CCCn1c(=O)c2ccccc2c2cc(C(O)(C(F)(F)F)C(F)(F)F)ccc21
CHEMBL28318,PR,,4.523,0,1,Inactive,censored,Cc1c(C(C)C)c(=O)n(-c2ccccc2)n1C
CHEMBL233660,PR,6.770,,1,0,Active,exact,CC(Cc1c[nH]c2ccccc12)NS(=O)(=O)c1c(Cl)cccc1Cl
CHEMBL1484,PR,5.820,,1,0,,exact,COC(=O)C1=C(C)NC(C)=C(C(=O)OCCN(C)Cc2ccccc2)C1c1cccc([N+](=O)[O-])c1
CHEMBL197161,PR,7.520,,1,0,Active,exact,CC(C)(CC(O)(Cc1ccccc1)C(=O)Nc1ccc2c(c1)COC2=O)c1ccccc1
CHEMBL289469,PR,,4.523,0,1,Inactive,censored,CN1C2CCCC1CC(NC(=O)c1nn(C)c3ccccc13)C2
CHEMBL252557,PR,,4.523,0,1,Inactive,censored,O=C(O)CO
CHEMBL293388,PR,6.350,,1,0,Active,exact,COc1cccc2c1-c1ccc(NS(C)(=O)=O)cc1C(c1cccs1)O2
CHEMBL591327,PR,7.700,,1,0,Active,exact,COC(=O)N1CC[C@H](N(Cc2cc(F)ccc2C)c2ccc(C#N)c(Cl)c2)C1
CHEMBL62981,PR,8.100,,2,0,Active,exact,CC/C(C)=C1\Oc2ccc(F)cc2-c2ccc3c(c21)C(C)=CC(C)(C)N3
CHEMBL464345,PR,,4.523,0,1,Inactive,censored,O=C(O)[C@H](O)[C@@H](O)[C@H](O)[C@H](O)CO
CHEMBL110,PR,,4.523,0,1,Inactive,censored,O=C(Cn1ccnc1[N+](=O)[O-])NCc1ccccc1
CHEMBL3093457,PR,6.160,,1,0,Active,exact,Cc1cc(C)c(S(=O)(=O)NC(Cn2ccc3c(C#N)cccc32)C(F)(F)F)c(C)c1
CHEMBL6060931,PR,6.600,,1,0,Active,exact,CCCc1cc2c(C(F)(F)F)c(C#N)ccc2n1CC(C)(C)O
CHEMBL552492,PR,6.900,,1,0,Active,exact,CCC(C)N1C[C@@H](N(Cc2ccccc2C)c2ccc(C#N)c(Cl)c2)CC1=O
CHEMBL3924332,PR,6.320,,1,0,Active,exact,COc1cc2oc(=O)cc(C)c2cc1-c1ccc(C#N)n1Cc1ccc(C#N)cc1
CHEMBL267044,PR,,4.523,0,1,Inactive,censored,CCN1CCC[C@H]1CNC(=O)c1cc(S(N)(=O)=O)ccc1OC
CHEMBL416831,PR,,5.301,0,1,,censored,COc1cccc2c1-c1ccc3c(c1C(C/C=C/CO)O2)C(C)=CC(C)(C)N3
CHEMBL35431,PR,,6.301,0,1,,censored,C[C@@H]1c2c(ccc3c2[C@H](c2ccc(Cl)cc2)Oc2ccccc2-3)NC(C)(C)[C@H]1O
CHEMBL980,PR,,4.523,0,2,Inactive,censored,COc1ccccc1OCC(O)CO
CHEMBL51933,PR,6.460,,3,0,Active,exact,C=C1C=C(C)C[C@@H](C)[C@@H]1Cc1cc(OC)c(Br)cc1OC(C)=O
CHEMBL771,PR,,4.523,0,1,Inactive,censored,N[C@@H]1CONC1=O
CHEMBL132192,PR,6.360,,2,0,Active,exact,CC1=CC(C)(C)Nc2ccc(-c3sc(C#N)cc3Br)cc21
CHEMBL379847,PR,7.300,,1,0,Active,exact,O=S(=O)(c1ccc(Cl)cc1Cl)N1CCCCC(c2ccc(Cl)c(Cl)c2)=N1
CHEMBL130,PR,,4.523,0,1,Inactive,censored,O=C(N[C@H](CO)[C@H](O)c1ccc([N+](=O)[O-])cc1)C(Cl)Cl
CHEMBL908,PR,,4.523,0,1,Inactive,censored,CN(C)CC/C=C1/c2ccccc2Sc2ccc(Cl)cc21
CHEMBL3692346,PR,7.260,,1,0,Active,exact,C[C@]12CC[C@H]3[C@@H](C=CC4=CC(=O)CC[C@@H]43)[C@@H]1CC[C@@]21C=CCO1
CHEMBL5203282,PR,,7.000,0,1,,censored,Cc1cc(C(=O)C2=C(c3ccc(O)cc3)COc3cc(O)ccc32)ccc1OCCN1C=Cc2cccnc2C1
CHEMBL42336,PR,,4.523,0,1,Inactive,censored,CSCC[C@H](N)C(=O)O
CHEMBL45795,PR,,5.301,0,1,,censored,C=C(CC1Oc2cccc(OC)c2-c2ccc3c(c21)C(C)=CC(C)(C)N3)C(=O)OC
CHEMBL335992,PR,8.460,,2,0,Active,exact,CC1=CC(C)(C)Nc2ccc(-c3csc(C#N)c3)cc21
CHEMBL1645397,PR,6.600,,1,0,Active,exact,COc1ccc(F)cc1-c1ccc([C@H](C)NS(=O)(=O)c2c(C)noc2C)cc1
CHEMBL1762210,PR,7.570,,1,0,Active,exact,CCO/N=C1/c2c(cc(F)c(-c3cccc4c(C)c[nH]c34)c2F)NC(C)(C)C1O
CHEMBL212356,PR,6.000,,1,0,Active,exact,N#Cc1ccc(C2=NN(S(=O)(=O)c3ccccc3F)CCCC2)cc1
CHEMBL3233275,PR,,5.699,0,1,,censored,COc1ccc(F)cc1C(C)(C)CC(O)(Cc1cc2ccncc2[nH]1)C1CCC1
CHEMBL3949203,PR,5.580,,1,0,,exact,COc1cccc(S(=O)(=O)N(Cc2ccccc2)c2ccc(Oc3ccccc3)cc2)c1
CHEMBL1762209,PR,6.020,,1,0,Active,exact,Cc1c[nH]c2c(-c3c(F)cc4c(c3F)/C(=N/OC(C)(C)CO)CC(C)(C)N4)cccc12
CHEMBL45627,PR,,4.523,0,1,Inactive,censored,C/C=C/C/C=C/CCC(=O)[C@H]1O[C@H]1C(N)=O
CHEMBL87493,PR,,4.523,0,1,Inactive,censored,CCNC(C)Cc1cccc(C(F)(F)F)c1
CHEMBL1254173,PR,,5.699,0,1,,censored,COc1ccc(-c2ccncc2)cc1C(C)(C)CC(O)(Cc1cc2ccncc2[nH]1)C(F)(F)F
CHEMBL1113,PR,,4.523,0,1,Inactive,censored,Clc1ccc2c(c1)C(N1CCNCC1)=Nc1ccccc1O2
CHEMBL381387,PR,,5.699,0,1,,censored,COc1ccccc1-c1ccc2c(c1)C(CSC1CCCCC1)=CC(C)(C)N2
CHEMBL1201780,PR,,4.523,0,1,Inactive,censored,NC(=O)N[C@@H](CCC(=O)O)C(=O)O
CHEMBL301523,PR,,4.523,0,1,Inactive,censored,N[C@@H](Cc1ccccc1)C(=O)O
CHEMBL1004,PR,,4.523,0,1,Inactive,censored,CN(C)CCOC(C)(c1ccccc1)c1ccccn1
CHEMBL3951528,PR,5.660,,1,0,,exact,O=S(=O)(c1ccccc1Cl)N(Cc1ccccc1)c1ccc(Oc2ccccc2)cc1
CHEMBL1054,PR,,4.523,0,1,Inactive,censored,NS(=O)(=O)c1cc2c(cc1Cl)NC(C(Cl)Cl)NS2(=O)=O
CHEMBL689,PR,,4.523,0,1,Inactive,censored,OC[C@@H](O)[C@@H](O)[C@H](O)[C@H](O)CO
CHEMBL237500,PR,,4.523,0,1,Inactive,censored,CC#CCn1c(N2CCC[C@@H](N)C2)nc2c1c(=O)n(Cc1nc(C)c3ccccc3n1)c(=O)n2C
CHEMBL1377,PR,,4.523,0,1,Inactive,censored,CC(C)NC(=N)NC(=N)Nc1ccc(Cl)cc1
CHEMBL3301622,PR,,4.523,0,1,Inactive,censored,CCc1nc(C(N)=O)c(Nc2ccc(N3CCC(N4CCN(C)CC4)CC3)c(OC)c2)nc1NC1CCOCC1
CHEMBL3605925,PR,6.980,,1,0,Active,exact,CS(=O)(=O)Nc1cccc2cc[nH]c12
CHEMBL1254735,PR,,5.699,0,1,,censored,COc1ccc(F)cc1C(C)(C)CC(O)(Cc1cc2cnccc2[nH]1)C(F)(F)F
CHEMBL252451,PR,6.500,,1,0,Active,exact,O=C(N[C@H]1CCCN2c3cc(Cl)c(Cl)cc3Oc3ccccc3[C@H]12)C(F)(F)F
CHEMBL3337723,PR,5.800,,1,1,,exact,Cc1[nH]nc(-c2ccc3c(c2)NC(=O)CO3)c1-c1ccc(F)cc1
CHEMBL453579,PR,8.395,,2,1,Active,exact,CC1=C[C@@H]([C@@H]2Oc3c(F)cc(F)cc3-c3ccc4c(c32)C(C)=CC(C)(C)N4)CCC1
CHEMBL167620,PR,5.690,,1,0,,exact,CC1(C)OC(c2ccccc2)Nc2ccc(-c3cc(F)cc(C#N)c3)cc21
CHEMBL190198,PR,7.400,,1,0,Active,exact,CC1CC(c2ccc(Cl)c(Cl)c2)=NN1S(=O)(=O)c1ccc(Cl)cc1
CHEMBL132889,PR,8.410,,3,0,Active,exact,Cc1cc(C#N)sc1-c1ccc2c(c1)C(C)(C)C(=O)C(C)(C)N2
CHEMBL2028019,PR,,4.523,0,1,Inactive,censored,CN(C)C(=O)N[C@H]1CC[C@H](CCN2CCN(c3cccc(Cl)c3Cl)CC2)CC1
CHEMBL235063,PR,6.850,,1,0,Active,exact,COc1ccc(F)cc1C(C)(C)CC(O)(Cc1ccc(C#N)cc1Cl)C(F)(F)F
CHEMBL5314375,PR,,4.523,0,1,Inactive,censored,Nc1ccn(C[C@@H](CO)OCP(=O)(O)O)c(=O)n1.O.O
CHEMBL1645402,PR,,5.000,0,1,,censored,COc1ncccc1-c1ccc([C@@H](C)NS(=O)(=O)c2cn(C)nc2C(F)(F)F)cc1
CHEMBL133661,PR,7.920,,2,0,Active,exact,CC1=CC(C)(C)Nc2ccc(-c3ccc(Cl)s3)cc21
CHEMBL3397785,PR,6.390,,1,0,Active,exact,N#Cc1ccc(C23CC4CC(C2)CC(c2ccc(NC(=O)c5ccccc5)cc2)(C4)C3)cc1
CHEMBL3233280,PR,,5.699,0,1,,censored,Cc1ccc(F)cc1C(C)(C)CC(O)(Cc1cc2cnccc2[nH]1)C1CC1
CHEMBL3706942,PR,6.080,,1,0,Active,exact,COCOCc1cc(F)ccc1/C=C1\Oc2ccc(O)c(OC)c2-c2ccc3c(c21)C(C)=CC(C)(C)N3
CHEMBL203431,PR,,5.699,0,1,,censored,C=CCSCC1=CC(C)(C)Nc2ccc(-c3cc(OC)ccc3OC)cc21
CHEMBL44884,PR,,4.523,0,1,Inactive,censored,CC[C@@H](CO)NCCN[C@@H](CC)CO
CHEMBL1625607,PR,,4.523,0,1,Inactive,censored,CN1CCc2c(c3ccccc3n2Cc2ccccc2)C1
CHEMBL315818,PR,,4.523,0,1,Inactive,censored,NCC(CC(=O)O)c1ccccc1
CHEMBL370252,PR,,4.523,0,1,Inactive,censored,CC1CCc2cc(F)cc3c(=O)c(C(=O)O)cn1c23
CHEMBL338667,PR,,4.523,0,2,Inactive,censored,O=C(Nc1ccccc1)OCC(CN1CCCCC1)OC(=O)Nc1ccccc1
CHEMBL1729,PR,,4.523,0,1,Inactive,censored,COc1cc(N)c(Cl)cc1C(=O)NC1CCN(CCCOc2ccc(F)cc2)CC1OC
CHEMBL1437764,PR,,4.523,0,1,Inactive,censored,CC(C)(C)C(=O)C(Oc1ccc(Cl)cc1)n1ccnc1
CHEMBL559581,PR,7.500,,1,0,Active,exact,Cc1nnc(C(C)N(Cc2ccccc2Cl)c2ccc(C#N)c(Cl)c2)o1
CHEMBL3623003,PR,8.460,,1,1,Active,exact,C[C@@H]1Cc2c([nH]c3ccccc23)[C@@H](c2ccc(/C=C/C(=O)O)cc2)N1CC(C)(C)F
CHEMBL1908350,PR,,4.523,0,1,Inactive,censored,CCCC(=O)O[C@H]1[C@H](C)O[C@@H](O[C@H]2[C@H](N(C)C)[C@@H](O)[C@H](O[C@H]3[C@@H](CC=O)C[C@@H](C)[C@@H](O)/C=C/C=C/C[C@@H](C)OC(=O)C[C@@H](O)[C@@H]3OC)O[C@@H]2C)C[C@@]1(C)OC(=O)CC
CHEMBL15245,PR,,4.523,0,2,Inactive,censored,COC(=O)[C@@H]1[C@H]2C[C@H]3c4[nH]c5ccccc5c4CCN3C[C@@H]2CC[C@@H]1O
CHEMBL488558,PR,7.520,,1,0,Active,exact,CC1(C)OCC(=O)Nc2ccc(-c3cc(F)cc(F)c3)cc21
CHEMBL2104895,PR,,4.523,0,1,Inactive,censored,CN1CCC2=C(C1)c1ccccc1Cc1ccccc12
CHEMBL382102,PR,,6.000,0,1,,censored,C=C[C@H]1OC2(CCCC3=Cc4c(cnn4-c4ccc(F)cc4)C[C@@]32C)O[C@@H]1C=C
CHEMBL2103772,PR,,4.523,0,1,Inactive,censored,CC(=O)SCC(Cc1ccccc1)C(=O)NCC(=O)OCc1ccccc1
CHEMBL2106996,PR,,4.523,0,1,Inactive,censored,CC(C)N1CCOC(c2cccc(C(F)(F)F)c2)C1
CHEMBL1645398,PR,6.100,,1,0,Active,exact,COc1ncccc1-c1ccc([C@@H](C)NS(=O)(=O)c2c(C)noc2C)cc1
CHEMBL204112,PR,6.210,,1,0,Active,exact,COc1ccccc1-c1ccc2c(c1)C(CSC(C)=O)=CC(C)(C)N2
CHEMBL229128,PR,,4.523,0,1,Inactive,censored,Cc1ccccc1OCC(O)CO
CHEMBL575060,PR,,4.523,0,2,Inactive,censored,N[C@@H](CCC(=O)O)C(=O)O
CHEMBL1162,PR,8.730,,3,0,Active,exact,C#C[C@]1(O)CC[C@H]2[C@@H]3CCC4=CC(=O)CC[C@@H]4[C@H]3CC[C@@]21C
CHEMBL5195371,PR,,7.000,0,1,,censored,Nc1ccc(-c2c(C(=O)c3ccc(OCCNS(=O)(=O)O)cc3)c3ccc(O)cc3oc2=O)cc1
CHEMBL1587228,PR,5.110,,1,0,,exact,C[C@@H]1C[C@H]2[C@@H]3C[C@H](F)C4=CC(=O)C(Cl)=C[C@]4(C)[C@@]3(F)[C@@H](O)C[C@]2(C)[C@@]1(O)C(=O)CO
CHEMBL330702,PR,7.280,,1,0,Active,exact,CC1=CC(C)(C)Nc2cc3c(c(Cl)c21)-c1ccccc1C3O
CHEMBL1165642,PR,7.300,,1,0,Active,exact,O=C(CC(Nc1ccc([N+](=O)[O-])cc1)c1cccc(F)c1)c1ccc(-c2ccccc2)cc1
CHEMBL1085819,PR,5.320,,1,0,,exact,CC1(C)CN(Cc2ccccc2F)C(=O)[C@@H]1Oc1ccc(C#N)c(C(F)(F)F)c1
CHEMBL1093517,PR,5.850,,1,0,,exact,CCn1c(=O)c2ccccc2c2cc(C(O)(C(F)(F)F)C(F)(F)F)ccc21
CHEMBL138059,PR,8.100,,1,0,Active,exact,CC1(C)OC(=O)Nc2ccc(-c3coc(C#N)c3)cc21
CHEMBL170,PR,,4.523,0,1,Inactive,censored,C=C[C@H]1CN2CC[C@H]1C[C@H]2[C@H](O)c1ccnc2ccc(OC)cc12
CHEMBL978,PR,,4.523,0,1,Inactive,censored,CC(=O)OC(C)C[N+](C)(C)C
CHEMBL3918835,PR,6.920,,1,0,Active,exact,CCN(CC)c1cc2oc(=O)ccc2cc1-c1ccc(C#N)[nH]1
CHEMBL1254821,PR,,5.699,0,1,,censored,COc1ccc(F)cc1C(C)(C)CC(O)(Cc1cc2cc[n+]([O-])cc2[nH]1)C(F)(F)F
CHEMBL2105420,PR,,4.523,0,1,Inactive,censored,O=S1(=O)CCN(CN2CCS(=O)(=O)NC2)CN1
CHEMBL86754,PR,,4.523,0,1,Inactive,censored,Oc1c(I)cc(I)c2cccnc12
CHEMBL1254820,PR,,5.699,0,1,,censored,COc1ccc(F)cc1C(C)(C)CC(O)(Cc1cc2ncccc2[nH]1)C(F)(F)F
CHEMBL576,PR,,4.523,0,1,Inactive,censored,O=C(O)CCC(=O)O
CHEMBL1175,PR,,4.523,0,1,Inactive,censored,CNCC[C@H](Oc1cccc2ccccc12)c1cccs1
CHEMBL1165497,PR,7.460,,1,0,Active,exact,Cc1ccc(C(=O)C[C@@H](Nc2ccc([N+](=O)[O-])cc2)c2cccc(F)c2)cc1
CHEMBL440251,PR,8.680,,1,0,Active,exact,C#C[C@]1(O)CC[C@H]2[C@@H]3CCC4=CC(=O)CCC4=C3[C@@H](c3ccc(N(C)CCC[C@H]4[C@H](O)CC[C@@]5(C)[C@@H]4C[C@@H](O)[C@@H]4[C@@H]5C[C@H](O)[C@]5(C)[C@@H]([C@H](C)CCC(=O)O)CC[C@@H]45)cc3)C[C@@]21C
CHEMBL1414320,PR,,4.523,0,1,Inactive,censored,CCCCC1(COC(=O)CCC(=O)O)C(=O)N(c2ccccc2)N(c2ccccc2)C1=O
CHEMBL174984,PR,,4.523,0,1,Inactive,censored,COc1cc(C[C@@H]2NCCc3cc(O)c(O)cc32)cc(OC)c1OC
CHEMBL1023,PR,5.220,,1,0,,exact,C=C(c1ccc(C(=O)O)cc1)c1cc2c(cc1C)C(C)(C)CCC2(C)C
CHEMBL6151098,PR,,5.000,0,1,,censored,O=C(O)c1ccc(-c2ccc(OCc3c(-c4c(Cl)cccc4Cl)noc3C3CC3)cc2)cc1
CHEMBL91927,PR,7.810,,2,0,Active,exact,CC1=CC(C)(C)Nc2ccc3c(c21)Cc1c(F)cccc1-3
CHEMBL1645399,PR,6.200,,1,0,Active,exact,Cc1noc(C)c1S(=O)(=O)N[C@H](C)c1ccc(-c2cccnc2OC(F)F)cc1
CHEMBL452,PR,,4.523,0,1,Inactive,censored,O=C1CN=C(c2ccccc2Cl)c2cc([N+](=O)[O-])ccc2N1
CHEMBL446160,PR,6.700,,2,0,Active,exact,CC1=CC(C)(C)Nc2ccc3c(c21)Cc1cc(Br)ccc1-3
CHEMBL446143,PR,,4.523,0,1,Inactive,censored,NCCC[C@H](N)C(=O)O
CHEMBL66650,PR,6.540,,2,0,Active,exact,CC1=CC(C)(C)Nc2ccc3c(c21)COc1c-3cc(Br)c(C=O)c1F
CHEMBL592016,PR,7.920,,1,0,Active,exact,COC(=O)N1CC[C@H](N(Cc2ccccc2C)c2ccc(C#N)c(Cl)c2)C1
CHEMBL48746,PR,5.890,,3,0,,exact,C=C1C=C(C)CC(C)(C)C1Cc1cc(OC)c(Br)cc1O
CHEMBL237122,PR,4.530,,1,0,Inactive,exact,COC(=O)[C@@H]1CC2=CC(=O)CC[C@]2(C)C2C1C1CC[C@@]3(CCC(=O)O3)[C@@]1(C)[C@H]1O[C@@H]21
CHEMBL404879,PR,6.280,,1,0,Active,exact,Cc1cc(-c2ccc(Cl)c3cc[nH]c23)c(Cl)c2c1NC(C)(C)CC2C
CHEMBL1684343,PR,6.670,,1,0,Active,exact,CC(C)NC(=O)O[C@@H]1[C@@H](C)c2c(cc(F)c(-c3cccc4c(Cl)c[nH]c34)c2F)NC1(C)C
CHEMBL394345,PR,,5.699,0,1,,censored,COc1ccccc1-c1ccc2c(c1)C(C(C)OCCc1ccccc1)=CC(C)(C)N2
CHEMBL103,PR,8.460,,26,0,Active,exact,CC(=O)[C@H]1CC[C@H]2[C@@H]3CCC4=CC(=O)CC[C@]4(C)[C@H]3CC[C@]12C
CHEMBL304902,PR,,4.523,0,1,Inactive,censored,CN1CCN(C2=Nc3ccccc3Sc3ccc(Cl)cc32)CC1
CHEMBL316348,PR,7.590,,1,0,Active,exact,CC1=CC(C)(C)Nc2cc3c(cc21)-c1c(F)cc(F)cc1C3O
CHEMBL4167377,PR,6.750,,1,0,Active,exact,Cc1cc(C(O)(C(F)(F)F)C(F)(F)F)cc2c3ccccc3c(=O)n(C)c12
CHEMBL288441,PR,5.110,,1,1,,exact,COc1cc(Nc2c(C#N)cnc3cc(OCCCN4CCN(C)CC4)c(OC)cc23)c(Cl)cc1Cl
CHEMBL389621,PR,5.120,,1,0,,exact,C[C@]12CCC(=O)C=C1CC[C@@H]1[C@@H]2[C@@H](O)C[C@@]2(C)[C@H]1CC[C@]2(O)C(=O)CO
CHEMBL4090392,PR,,6.000,0,1,,censored,CC[C@@H]1C[C@](O)(C(F)(F)F)[C@@H](Nc2cc(F)cc3nc(C)ncc23)c2ccc(F)c(O)c21
CHEMBL375492,PR,,4.523,0,1,Inactive,censored,CC(=O)Nc1ccc(/C=N/NC(N)=S)cc1
CHEMBL667,PR,,4.523,0,2,Inactive,censored,CC(=O)OCC[N+](C)(C)C
CHEMBL5077912,PR,,6.903,0,1,,censored,CC(=O)O[C@@]1(C(C)=O)CC[C@H]2[C@@H]3CCC4=CC(=O)CC[C@@H]4[C@H]3[C@@H](C)C[C@@]21C
CHEMBL196067,PR,7.440,,1,0,Active,exact,CC(C)(CC(O)(C(=O)Nc1ccc2c(c1)COC2=O)C(F)(F)F)c1ccccc1
CHEMBL379024,PR,,5.699,0,2,,censored,COc1ccc(F)cc1-c1ccc2c(c1)C(CSCCc1ccccc1)=CC(C)(C)N2
CHEMBL364713,PR,,4.523,0,1,Inactive,censored,COc1ccc2c(c1OC)C(=O)O[C@@H]2[C@H]1c2c(cc3c(c2OC)OCO3)CCN1C
CHEMBL194745,PR,7.800,,1,0,Active,exact,CC(C)(CC(O)(C(=O)Nc1ccc2c(c1)COC2=O)C(F)(F)F)c1cc(F)ccc1O
CHEMBL1442422,PR,,4.523,0,1,Inactive,censored,CN(C)CCN1C(=O)c2ccccc2N(C)c2ccccc21
CHEMBL3974043,PR,6.240,,1,0,Active,exact,CCN(CC)c1cc2oc(=O)ccc2cc1-c1ccc(C#N)n1Cc1ccccc1
CHEMBL32603,PR,8.310,,1,0,Active,exact,CC1C(=O)C(C)(C)Nc2ccc3c(c21)/C(=C/c1ccccc1)Oc1ccccc1-3
CHEMBL529,PR,,4.523,0,2,Inactive,censored,CC[C@H]1OC(=O)[C@H](C)[C@@H](O[C@H]2C[C@@](C)(OC)[C@@H](O)[C@H](C)O2)[C@H](C)[C@@H](O[C@@H]2O[C@H](C)C[C@H](N(C)C)[C@H]2O)[C@](C)(O)C[C@@H](C)CN(C)[C@H](C)[C@@H](O)[C@]1(C)O
CHEMBL259223,PR,4.870,,1,0,Inactive,exact,CC(C)=CCC/C(C)=C/CC/C(C)=C/CC/C(C)=C/CC1=C(C)C(=O)c2ccccc2C1=O
CHEMBL1650619,PR,,4.523,0,1,Inactive,censored,On1ccccc1=S
CHEMBL194301,PR,7.290,,1,0,Active,exact,Cc1cc(C)cc(CC(O)(CC(C)(C)c2cc(F)ccc2O)C(=O)Nc2ccc3c(c2)COC3=O)c1
CHEMBL26763,PR,7.000,,1,0,Active,exact,CC1(C)OC(S)=Nc2ccc(-c3cc(Br)cc(OC(F)(F)F)c3)cc21
CHEMBL585,PR,,4.523,0,2,Inactive,censored,Nc1nc(N)c2nc(-c3ccccc3)c(N)nc2n1
CHEMBL8,PR,,4.523,0,2,Inactive,censored,O=C(O)c1cn(C2CC2)c2cc(N3CCNCC3)c(F)cc2c1=O
CHEMBL3358933,PR,,5.699,0,1,,censored,CC(C)(CC(O)(Cc1cc2cc(N3CCOCC3)ncc2[nH]1)C(F)(F)F)c1cccc(F)c1
CHEMBL132195,PR,7.510,,2,0,Active,exact,CC1=CC(C)(C)Nc2ccc(-c3cc(C#N)sc3C)cc21
CHEMBL1013,PR,,4.523,0,1,Inactive,censored,N[C@@H](C(=O)N[C@@H]1C(=O)N2C(C(=O)O)=C(Cl)CC[C@H]12)c1ccccc1
CHEMBL1201146,PR,7.480,,1,0,Active,exact,C#C[C@]1(OC(C)=O)CC[C@H]2[C@@H]3CCC4=CC(=O)CC[C@@H]4[C@H]3CC[C@@]21C
CHEMBL1200690,PR,,4.523,0,1,Inactive,censored,NCCCC[C@H](NC(=O)[C@@H]1CCCN1C(=O)[C@@H]1CSSC[C@H](N)C(=O)N[C@@H](Cc2ccc(O)cc2)C(=O)N[C@@H](Cc2ccccc2)C(=O)N[C@@H](CCC(N)=O)C(=O)N[C@@H](CC(N)=O)C(=O)N1)C(=O)NCC(N)=O
CHEMBL474189,PR,7.510,,1,0,Active,exact,CC12CC(C)(C(=O)Nc3nccs3)C(c3ccccc31)c1ccccc12
CHEMBL7671,PR,5.620,,1,0,,exact,C#Cc1cccc2c1-c1ccc3c(c1C(CC=C)O2)C(C)=CC(C)(C)N3
CHEMBL144039,PR,,6.000,0,1,,censored,Clc1ccc(CN2CCCC(c3ccccc3)=N2)cc1Cl
CHEMBL850,PR,,4.523,0,1,Inactive,censored,C[C@@H]1CN(c2c(F)c(N)c3c(=O)c(C(=O)O)cn(C4CC4)c3c2F)C[C@H](C)N1
CHEMBL218778,PR,,5.699,0,1,,censored,COc1ccc(F)cc1C(C)(C)CC(O)(CN1CCC(=O)CC1)C(F)(F)F
CHEMBL1163630,PR,6.750,,1,0,Active,exact,O=C(CC(Nc1ccc([N+](=O)[O-])cc1)c1ccco1)c1ccc(Cl)cc1
CHEMBL320632,PR,8.890,,1,0,Active,exact,CC1=CC(C)(C)Nc2ccc3c(c21)C(c1ccc(F)c(C)c1)Oc1ccc(F)cc1-3
CHEMBL2419301,PR,5.310,,1,2,,exact,Cc1cc(C2=C(c3ccc(F)cc3)C(=O)NC2C)cc2c1OCC(=O)N2
CHEMBL3094487,PR,5.550,,1,0,,exact,CC[C@@H](Cc1ccc(O)cc1C)NS(=O)(=O)c1c(C)cc(C)cc1C
CHEMBL4207852,PR,5.280,,1,0,,exact,CC(C)[C@H](NC(=O)C(C)(F)F)[C@H](Oc1ccc2c(cnn2-c2ccc(=O)n(C)c2)c1)c1ccccc1
CHEMBL256787,PR,7.660,,1,0,Active,exact,Cc1cc(-c2cccc3c(C)c[nH]c23)c(Cl)c2c1NC(C)(C)CC2C
CHEMBL1042,PR,4.870,,1,0,Inactive,exact,C=C1CC[C@H](O)C/C1=C/C=C1\CCC[C@]2(C)[C@@H]([C@H](C)CCCC(C)C)CC[C@@H]12
CHEMBL1200877,PR,5.230,,1,0,,exact,C[C@@H]1C[C@H]2[C@@H]3C[C@H](F)C4=CC(=O)C=C[C@]4(C)[C@@]3(F)[C@@H](O)C[C@]2(C)[C@@]1(O)C(=O)COC(=O)C(C)(C)C
CHEMBL66198,PR,,6.000,0,1,,censored,CC1=CC(C)(C)Nc2ccc3c(c21)COc1c(Br)cc(Br)cc1-3
CHEMBL126224,PR,,4.523,0,1,Inactive,censored,CN(C)CCCn1c2c(c3ccccc31)CCCCCC2
CHEMBL313850,PR,,5.000,0,3,,censored,O=[N+]([O-])c1cccc(-c2ccc3c(c2)nc(O)n3Cc2ccccc2)c1
CHEMBL1095097,PR,4.700,,1,6,Inactive,exact,COC(=O)[C@@H]1CC2=CC(=O)CC[C@]2(C)[C@@]23O[C@@H]2C[C@@]2(C)[C@@H](CC[C@@]24CCC(=O)O4)[C@H]13
CHEMBL3094474,PR,5.090,,1,0,,exact,CCC(Cc1ccc(C)cc1C)NS(=O)(=O)c1c(C)cc(C)cc1C
CHEMBL204571,PR,6.180,,1,0,Active,exact,COc1ccccc1-c1ccc2c(c1)C(CSCc1ccccc1)=CC(C)(C)N2
CHEMBL1163625,PR,7.330,,1,0,Active,exact,O=C(CC(Nc1ccc([N+](=O)[O-])cc1)c1ccc(C(F)(F)F)cc1)c1cccc(F)c1
CHEMBL1164248,PR,7.550,,1,0,Active,exact,O=C(CC(Nc1ccc([N+](=O)[O-])cc1)C1CCCCC1)c1ccc(-c2ccccc2)cc1
CHEMBL492021,PR,8.860,,2,0,Active,exact,Cn1c(C#N)ccc1-c1ccc2c(c1)C(C)(c1cccs1)OCC(=O)N2
CHEMBL64894,PR,5.780,,1,0,,exact,CN(C)c1ccc(C(=C2C=CC(=[N+](C)C)C=C2)c2ccc(N(C)C)cc2)cc1.[Cl-]
CHEMBL501080,PR,7.930,,1,0,Active,exact,CCC1(c2ccco2)OCC(=O)Nc2ccc(-c3cc(F)cc(C#N)c3)cc21
CHEMBL1008,PR,,4.523,0,1,Inactive,censored,CC(C)COCC(CN(Cc1ccccc1)c1ccccc1)N1CCCC1
CHEMBL1086311,PR,,5.000,0,1,,censored,N#Cc1ccccc1-c1ccc2c(cnn2-c2ccc(F)cc2)c1
CHEMBL431807,PR,8.960,,1,0,Active,exact,CC1=CC(C)(C)Nc2ccc3c(c21)C(c1cccc(C(F)(F)F)c1)Oc1ccc(Cl)cc1-3
CHEMBL1194287,PR,,4.523,0,1,Inactive,censored,CN(C)CCN(Cc1ccc(Cl)cc1)c1ccccn1
CHEMBL64913,PR,8.210,,2,0,Active,exact,C=C1Oc2ccc(F)cc2-c2ccc3c(c21)C(C)=CC(C)(C)N3
CHEMBL1289601,PR,,4.523,0,1,Inactive,censored,COc1cc2nccc(Oc3ccc(NC(=O)NC4CC4)c(Cl)c3)c2cc1C(N)=O
CHEMBL1645394,PR,6.700,,1,0,Active,exact,COc1ccccc1-c1ccc(CNS(=O)(=O)c2c(C)noc2C)cc1
CHEMBL339399,PR,7.510,,2,0,Active,exact,CC1=CC(C)(C)Nc2ccc(-c3ccc(Br)s3)cc21
CHEMBL418670,PR,,7.000,0,1,,censored,CC1=CC(C)(C)Nc2ccc3c(c21)/C(=C/C1CCCCC1)Oc1ccc(F)cc1-3
CHEMBL228663,PR,6.360,,1,0,Active,exact,C=CCOC(CC=C)C1=CC(C)(C)Nc2ccc(-c3ccccc3OC)cc21
CHEMBL1194666,PR,6.660,,1,0,Active,exact,CCN(CC)C(C)C(=O)c1ccccc1
CHEMBL945,PR,,4.523,0,2,Inactive,censored,N=C(N)NC(=O)c1nc(Cl)c(N)nc1N
CHEMBL258191,PR,7.890,,3,0,Active,exact,Cc1cc(-c2cccc3cc[nH]c23)c(Cl)c2c1NC(C)(C)CC2C
CHEMBL117585,PR,6.740,,2,0,Active,exact,CC1=CC(C)(C)Nc2ccc(-c3cccc(F)c3)cc21
CHEMBL3622998,PR,5.640,,1,1,,exact,C[C@@H]1Cc2c([nH]c3ccccc23)[C@@H](c2ccc(/C=C/C(=O)O)cc2)N1CCO
CHEMBL3765823,PR,6.280,,1,0,Active,exact,Cc1c(N[C@@H]2CCCC[C@@]2(C)O)ccc(C#N)c1Cl
CHEMBL397919,PR,6.100,,1,0,Active,exact,COc1c(O)ccc2c1-c1ccc3c(c1/C(=C/c1sccc1/C(C)=N/O)O2)C(C)=CC(C)(C)N3
CHEMBL3938469,PR,6.580,,1,0,Active,exact,COc1cc2oc(=O)cc(C)c2cc1-c1ccc(C#N)[nH]1
CHEMBL563283,PR,7.700,,1,0,Active,exact,CN1C[C@@H](N(Cc2ccccc2F)c2ccc(C#N)c(Cl)c2)CC1=O
CHEMBL419057,PR,6.710,,1,0,Active,exact,O=C1Nc2ccc(-c3cccc([N+](=O)[O-])c3)cc2C12CCCC2
CHEMBL216272,PR,7.710,,2,0,Active,exact,Cc1noc(=O)c2ccc(NC(=O)C(O)(CC(C)(C)c3cccc4c3OCC4)C(F)(F)F)cc12
CHEMBL321243,PR,7.580,,1,0,Active,exact,CCCCC1Oc2cc(F)ccc2-c2ccc3c(c21)C(C)=CC(C)(C)N3
CHEMBL3989958,PR,,4.523,0,1,Inactive,censored,N#Cc1ccnc(N2C(=O)CC[C@H]2C(=O)N(c2cncc(F)c2)[C@H](C(=O)NC2CC(F)(F)C2)c2ccccc2Cl)c1
CHEMBL3946113,PR,6.540,,1,0,Active,exact,N#Cc1ccc(Cn2c(C#N)ccc2-c2ccc3oc(=O)ccc3c2)cc1
CHEMBL3126934,PR,,5.699,0,1,,censored,Cc1ccc(F)cc1C(C)(C)CC(O)(Cc1cc2nc(C(C)C)ncc2[nH]1)C(F)(F)F
CHEMBL1476022,PR,8.520,,1,0,Active,exact,CC(=O)O[C@]1(C(C)=O)CC[C@H]2[C@@H]3C=C(C)C4=CC(=O)CC[C@@H]4[C@H]3CC[C@@]21C
CHEMBL2105458,PR,,4.523,0,1,Inactive,censored,CN1CCC(N(Cc2cccs2)c2ccccc2)CC1
CHEMBL328523,PR,7.540,,2,0,Active,exact,CC1=CC(C)(C)Nc2cc3c(cc21)-c1ccc(Cl)cc1C3
CHEMBL3764185,PR,6.060,,1,0,Active,exact,Cc1c(N[C@@H]2CCC[C@@]2(C)O)ccc(C#N)c1Cl
CHEMBL286662,PR,7.610,,1,0,Active,exact,CC1(C)CC(=O)c2c(ccc3c2C(c2ccc(Cl)cc2)Oc2ccccc2-3)N1
CHEMBL292284,PR,9.470,,1,0,Active,exact,CC(=O)C[C@]1(C(C)=O)CC[C@H]2C3C[C@H](C)C4=CC(=O)CC[C@]4(C)[C@H]3CC[C@@]21C
CHEMBL344048,PR,7.400,,1,0,Active,exact,CC1=CC(C)(C)Nc2ccc3c(c21)/C(=C/c1cccc(C)c1)Oc1ccccc1-3
CHEMBL344159,PR,,4.523,0,1,Inactive,censored,Cc1ccccc1C(=O)Nc1ccc(C(=O)N2CCCC(O)c3cc(Cl)ccc32)c(C)c1
CHEMBL3917144,PR,7.145,,2,0,Active,exact,O=S(=O)(Nc1ccc(Oc2ccccc2)cc1)c1cccc(Br)c1
CHEMBL1093421,PR,5.000,,1,0,,exact,CCCCCCCCCn1c(=O)c2ccccc2c2cc(C(O)(C(F)(F)F)C(F)(F)F)ccc21
CHEMBL2426124,PR,,5.301,0,1,,censored,CC(C)(CNC(=O)CC(F)(F)F)[C@@H](c1ccccc1)c1ccc2c(cnn2-c2ccc(F)cc2)c1
CHEMBL330271,PR,5.930,,2,0,,exact,Cn1c(O)nc2ccc(-c3cccc(Cl)c3)cc21
CHEMBL2364639,PR,,4.523,0,1,Inactive,censored,COc1cc2c(cc1OC)[C@H]1C[C@@H](OC(=O)[C@@H](N)C(C)C)[C@H](CC(C)C)CN1CC2
CHEMBL306700,PR,,4.523,0,2,Inactive,censored,CCOc1ccccc1OCC1CNCCO1
CHEMBL444186,PR,,4.523,0,1,Inactive,censored,CC(CN1CC(=O)NC(=O)C1)N1CC(=O)NC(=O)C1
CHEMBL3605924,PR,7.650,,1,0,Active,exact,COc1cc(NS(C)(=O)=O)c2[nH]c(C)c(-c3cc(F)ccc3OC)c2c1
CHEMBL5614270,PR,7.160,,1,0,Active,exact,Cc1ncccc1Nc1ccc2c(c1)CCC1=C3C[C@@H](O)C[C@]3(C)CC[C@]12Cc1ccccc1
CHEMBL299766,PR,5.470,,1,0,,exact,C=C1[C@H](O)CCC(C)(C)[C@@H]1Cc1cc(OC)c(Br)cc1O
CHEMBL140553,PR,,5.301,0,1,,censored,COc1cccc2c1-c1ccc3c(c1CO2)C(C)=CC(C)(C)N3
CHEMBL3126945,PR,5.770,,1,0,,exact,CC(C)(CC(O)(Cc1cc2ncncc2[nH]1)C(F)(F)F)c1cc(Cl)cc2c1OCC2
CHEMBL1255079,PR,,5.699,0,1,,censored,COc1ccc(F)cc1C(C)(C)CC(O)(Cc1cc2ccccn2n1)C(F)(F)F
CHEMBL3126946,PR,,5.699,0,1,,censored,CC(C)(CC(O)(Cc1cc2ncncc2[nH]1)C(F)(F)F)c1ccccc1S(C)(=O)=O
CHEMBL3093463,PR,5.820,,1,0,,exact,CC[C@@H](Cn1cc(C#N)c2ccccc21)NS(=O)(=O)c1c(N)cc(Cl)cc1Cl
CHEMBL296156,PR,5.485,,2,0,,exact,C=C1C[C@H](CO)CC(C)(C)[C@@H]1Cc1cc(OC)c(Br)cc1O
CHEMBL425,PR,,4.523,0,1,Inactive,censored,O=C(O)c1cc(/N=N/c2ccc(O)c(C(=O)O)c2)ccc1O
CHEMBL329339,PR,6.950,,2,0,Active,exact,CC1=CC(C)(C)Nc2cc3[nH]c4ccccc4c3cc21
CHEMBL1163604,PR,7.180,,1,0,Active,exact,Cc1ccc(C(=O)CC(Nc2ccc([N+](=O)[O-])cc2)c2ccccc2)cc1
CHEMBL638,PR,,4.523,0,1,Inactive,censored,C[C@@H](c1ncncc1F)[C@](O)(Cn1cncn1)c1ccc(F)cc1F
CHEMBL317578,PR,,5.301,0,1,,censored,COc1cccc2c1-c1ccc3c(c1C(c1cccc(OC(=O)N(C)C)c1)O2)C(C)=CC(C)(C)N3
CHEMBL3986969,PR,6.310,,1,0,Active,exact,COc1cccc(Oc2ccc(NS(=O)(=O)c3ccccc3)cc2)c1
CHEMBL2426624,PR,7.165,,2,0,Active,exact,CC(C(=O)Nc1nncs1)[C@@H](c1ccccc1)c1ccc2c(cnn2-c2ccc(F)cc2)c1
CHEMBL4160128,PR,6.510,,1,0,Active,exact,O=c1[nH]c2ccc(C(O)(C(F)(F)F)C(F)(F)F)cc2c2ccc(F)cc12
CHEMBL327847,PR,8.510,,2,0,Active,exact,CC1=CC(C)(C)Nc2cc3c(cc21)-c1c(F)ccc(F)c1C3
CHEMBL440294,PR,,4.523,0,1,Inactive,censored,NC(=O)C1(N2CCCCC2)CCN(CCCC(=O)c2ccc(F)cc2)CC1
CHEMBL92750,PR,8.460,,2,0,Active,exact,CC1=CC(C)(C)Nc2cc3c(cc21)-c1ccc(F)cc1C3
CHEMBL420762,PR,,4.523,0,1,Inactive,censored,Cc1ccccc1C(=O)Nc1ccc(C(=O)N2CCCC(N(C)C)c3ccccc32)cc1
CHEMBL3578285,PR,5.720,,1,0,,exact,C[C@H](c1ccc(F)cc1)N1C(=O)O[C@](Cc2ccccc2)(c2nc3cc(N4CCOCC4)ccc3[nH]2)C1=O
CHEMBL135,PR,6.750,,1,1,Active,exact,C[C@]12CC[C@@H]3c4ccc(O)cc4CC[C@H]3[C@@H]1CC[C@@H]2O
CHEMBL388997,PR,5.550,,1,0,,exact,CCC1COc2cc3[nH]c(=O)cc(C(F)(F)F)c3cc2N1CC(F)(F)F
CHEMBL191,PR,4.580,,1,0,Inactive,exact,CCCCc1nc(Cl)c(CO)n1Cc1ccc(-c2ccccc2-c2nnn[nH]2)cc1
CHEMBL407622,PR,8.090,,1,0,Active,exact,Cn1c(C#N)ccc1-c1ccc2c(c1)C1(CCCC1)C(=O)N2
CHEMBL1645392,PR,8.100,,1,0,Active,exact,Cc1noc(C)c1-c1ccc(CNS(=O)(=O)c2c(C)noc2C)cc1
CHEMBL395051,PR,,5.699,0,1,,censored,COc1ccccc1-c1ccc2c(c1)C(C(C)OCCC1CCCCC1)=CC(C)(C)N2
CHEMBL517712,PR,,4.523,0,1,Inactive,censored,CN1[C@@H]2CC[C@H]1C[C@@H](OC(=O)C(CO)c1ccccc1)C2
CHEMBL228610,PR,6.320,,1,0,Active,exact,C=CCOC(C)C1=CC(C)(C)Nc2ccc(-c3ccccc3OC)cc21
CHEMBL1091939,PR,5.920,,1,0,,exact,CCCCn1c(=O)c2ccccc2c2cc(C(O)(C(F)(F)F)C(F)(F)F)ccc21
CHEMBL6195034,PR,5.920,,2,0,,exact,CCNc1cc(C#Cc2ccc(OC3CCN(C(N)=O)CC3)cc2)ccn1
CHEMBL4175249,PR,6.905,,2,0,Active,exact,Cc1cc(C(O)(C(F)(F)F)C(F)(F)F)cc2c1[nH]c(=O)c1cc(F)ccc12
CHEMBL1136,PR,,4.523,0,1,Inactive,censored,CC[C@H]1OC(=O)[C@H](C)C(=O)[C@H](C)[C@@H](O[C@@H]2O[C@H](C)C[C@H](N(C)C)[C@H]2O)[C@](C)(OC)C[C@@H](C)C(=O)[C@H](C)[C@H]2N(CCCCn3cnc(-c4cccnc4)c3)C(=O)O[C@]12C
CHEMBL773,PR,,4.523,0,1,Inactive,censored,NCC(=O)O
CHEMBL3605930,PR,6.630,,1,0,Active,exact,COc1ccc(Cl)cc1-c1c[nH]c2c(NS(C)(=O)=O)cccc12
CHEMBL3301681,PR,,4.523,0,1,Inactive,censored,CCOC1O[C@H]([C@@H](COCc2ccccc2)OCc2ccccc2)[C@H](OCc2ccccc2)[C@H]1O
CHEMBL998,PR,,4.523,0,1,Inactive,censored,CCOC(=O)N1CCC(=C2c3ccc(Cl)cc3CCc3cccnc32)CC1
CHEMBL3337824,PR,5.890,,2,0,,exact,Cc1nn(CC(C)C)c(-c2ccc(F)cc2)c1-c1ccc2c(c1)NC(=O)CO2
CHEMBL195723,PR,,6.000,0,1,,censored,C=C[C@H]1OC2(CCC3=Cc4c(cnn4-c4ccc(F)cc4)C[C@@]32C)O[C@@H]1C=C
CHEMBL49632,PR,,5.301,0,1,,censored,COc1cccc2c1-c1ccc3c(c1C(CC1=CCCCC1)O2)C(C)=CC(C)(C)N3
CHEMBL133117,PR,9.150,,1,0,Active,exact,CC1=CC(C)(C)Nc2ccc3c(c21)/C(=C/c1ccc(F)cc1)Oc1c(F)cccc1-3
CHEMBL3337729,PR,5.250,,1,1,,exact,CCn1nc(C)c(-c2ccc3c(c2)NC(=O)CO3)c1-c1ccc(F)cc1
CHEMBL1756,PR,,4.523,0,1,Inactive,censored,C[C@]12CC[C@@H]3c4ccc(OC(=O)N(CCCl)CCCl)cc4CC[C@H]3[C@@H]1CC[C@@H]2OP(=O)(O)O
CHEMBL1201217,PR,,4.523,0,1,Inactive,censored,CCCCOc1ccc(C(=O)CCN2CCCCC2)cc1
CHEMBL3093460,PR,5.700,,1,0,,exact,Cc1cc(C)c(S(=O)(=O)NC(CSc2ccccc2)C(F)(F)F)c(C)c1
CHEMBL1461,PR,,4.523,0,1,Inactive,censored,O=C(O)c1cc(O)ccc1O
CHEMBL316078,PR,7.295,,2,0,Active,exact,Sc1nc2ccc(-c3cccc(Cl)c3)cc2n1Cc1ccccc1
CHEMBL555562,PR,7.300,,1,0,Active,exact,CCCC(c1nnc(C)n1C)N(Cc1ccccc1Cl)c1ccc(C#N)c(Cl)c1
CHEMBL493,PR,,4.523,0,2,Inactive,censored,CC(C)C[C@H]1C(=O)N2CCC[C@H]2[C@]2(O)O[C@](NC(=O)[C@@H]3C=C4c5cccc6[nH]c(Br)c(c56)C[C@H]4N(C)C3)(C(C)C)C(=O)N12
CHEMBL139877,PR,,4.523,0,1,Inactive,censored,NC(=O)NS(=O)(=O)c1ccc(N)cc1
CHEMBL563716,PR,7.800,,1,0,Active,exact,CCn1nnnc1C(C)N(Cc1ccccc1Cl)c1ccc(C#N)c(Cl)c1
CHEMBL1201012,PR,7.180,,1,0,Active,exact,CC1(C)O[C@@H]2C[C@H]3[C@@H]4C[C@H](F)C5=CC(=O)CC[C@]5(C)[C@H]4[C@@H](O)C[C@]3(C)[C@]2(C(=O)CO)O1
CHEMBL218490,PR,,4.523,0,1,Inactive,censored,CCN[C@H]1C[C@H](C)S(=O)(=O)c2sc(S(N)(=O)=O)cc21
CHEMBL551978,PR,,4.523,0,1,Inactive,censored,CCOc1ccc(/C=C2\NCCc3cc(OCC)c(OCC)cc32)cc1OCC
CHEMBL51639,PR,6.960,,2,0,Active,exact,C=C1CC[C@@H](Br)C(C)(C)[C@@H]1Cc1cc(OC)c(Br)cc1O
CHEMBL3315051,PR,4.910,,1,0,Inactive,exact,CC(=O)NC(=O)C(C)(C)[C@@H]1c2ccc(-c3ccc(C(=O)N4CCCC4)cc3)nc2Oc2c(F)cccc21
CHEMBL1511,PR,6.630,,1,0,Active,exact,CCCCC(=O)O[C@H]1CC[C@H]2[C@@H]3CCc4cc(O)ccc4[C@H]3CC[C@]12C
CHEMBL493287,PR,,4.523,0,1,Inactive,censored,N[C@H]1C(O)O[C@H](CO)[C@@H](O)[C@@H]1O
CHEMBL193482,PR,5.480,,1,0,,exact,C[C@]12CC[C@@H]3c4ccc(O)cc4CC[C@H]3[C@@H]1C[C@@H](O)[C@@H]2O
CHEMBL414041,PR,8.340,,1,0,Active,exact,C#C[C@]1(O)CC[C@H]2[C@@H]3CCC4=CC(=O)CCC4=C3[C@@H](c3ccc(N(C)CCNC(=O)O[C@@H]4C[C@@H]5CC(O)CC[C@]5(C)[C@H]5C[C@H](O)[C@]6(C)[C@@H]([C@H](C)CCC(=O)O)CC[C@H]6[C@H]45)cc3)C[C@@]21C
CHEMBL3093456,PR,6.280,,1,0,Active,exact,Cc1cc(C)c(S(=O)(=O)NC(Cn2cc(C#N)c3ccccc32)C(F)(F)F)c(C)c1
CHEMBL3301675,PR,,4.523,0,1,Inactive,censored,C[C@@H]1NC(=O)[C@@H]2CCCN2C(=O)[C@H](CC(N)=O)NC(=O)[C@@H]2CSSC[C@H](N)C(=O)N[C@H]3CSSC[C@H](NC1=O)C(=O)N[C@@H]([C@@H](C)O)C(=O)NCC(=O)N[C@H](C(=O)N[C@@H](Cc1ccc(O)cc1)C(=O)O)CSSC[C@H](NC(=O)[C@H](Cc1ccc(O)cc1)NC(=O)[C@H](CCC(=O)O)NC3=O)C(=O)N2
CHEMBL1483877,PR,,4.523,0,1,Inactive,censored,CCOc1ccccc1C(N)=O
CHEMBL1628227,PR,,4.523,0,2,Inactive,censored,CN(C)CCC=C1c2ccccc2COc2ccccc21
CHEMBL114435,PR,7.420,,1,0,Active,exact,COC1Oc2ccc(F)cc2-c2ccc3c(c21)C(C)=CC(C)(C)N3
CHEMBL1644756,PR,7.600,,1,0,Active,exact,C=CCC1(C)C(=O)C(C)(C)Nc2c(C)cc(-c3cccc4cc[nH]c34)c(Cl)c21
CHEMBL1443,PR,,4.523,0,1,Inactive,censored,CCOc1ccc2ccccc2c1C(=O)N[C@@H]1C(=O)N2[C@@H]1SC(C)(C)[C@@H]2C(=O)O
CHEMBL4071215,PR,6.540,,1,0,Active,exact,CC(=O)[C@@]1(O)CC[C@H]2[C@@H]3C=C(C)C4=CC(=O)CC[C@]4(C)[C@H]3CC[C@@]21C
CHEMBL141524,PR,,5.301,0,1,,censored,COc1cccc2c1-c1ccc3c(c1C(C1CCCCC1)O2)C(C)=CC(C)(C)N3
CHEMBL3582120,PR,5.920,,1,0,,exact,CC1(C)Nc2c(cc(-c3cccn4nccc34)c3c2CCC3)C(C)(C)C1=O
CHEMBL2107621,PR,,4.523,0,1,Inactive,censored,CCOC(=O)N1CSC[C@H]1C(=O)O
CHEMBL524,PR,,4.523,0,1,Inactive,censored,COc1ccc(OC)c(C(O)C(C)N)c1
CHEMBL936,PR,,4.523,0,1,Inactive,censored,OC(CCCN1CCCCC1)(c1ccccc1)c1ccccc1
CHEMBL5611927,PR,7.920,,1,0,Active,exact,Cc1ncncc1Nc1ccc2c(c1)CCC1=C3C[C@H](O)C[C@]3(C)CC[C@]12Cc1ccccc1
CHEMBL6050457,PR,6.350,,1,0,Active,exact,C[C@]12C=CC(=O)C=C1CC[C@@H]1[C@@H]2[C@@H](O)C[C@@]2(C)[C@H]1C[C@H]1O[C@@H](c3ccc(S(=O)(=O)c4ccc(N)cc4)cc3)O[C@]12C(=O)CO
CHEMBL1274,PR,4.900,,1,0,Inactive,exact,CC1(C)NC(=O)N(c2ccc([N+](=O)[O-])c(C(F)(F)F)c2)C1=O
CHEMBL329198,PR,7.850,,2,0,Active,exact,CC1=CC(C)(C)Nc2cc3c(cc21)-c1ccccc1C3
CHEMBL318513,PR,8.590,,1,0,Active,exact,CC1=CC(C)(C)Nc2ccc3c(c21)C(c1cccc(C(F)(F)F)c1)Oc1ccccc1-3
CHEMBL1516,PR,,4.523,0,1,Inactive,censored,CCCc1nc(C(C)(C)O)c(C(=O)O)n1Cc1ccc(-c2ccccc2-c2nnn[nH]2)cc1
CHEMBL1241,PR,,4.523,0,1,Inactive,censored,CN(C)CCN(Cc1ccccc1)c1ccccn1
CHEMBL5764581,PR,7.100,,1,0,Active,exact,CSCC(C)n1c(C(F)F)cc2c(C#N)c(C#N)ccc21
CHEMBL2419302,PR,,5.000,0,1,,censored,O=C1COc2ccc(C3=C(c4ccc(F)cc4)C(=O)OC3)cc2N1
CHEMBL2419297,PR,,5.000,0,1,,censored,CC1C(c2ccc3c(c2)NC(=O)CO3)=C(c2ccc(F)cc2)C(=O)N1CCO
CHEMBL322312,PR,9.030,,1,0,Active,exact,COc1ccc(C2Oc3ccc(Cl)cc3-c3ccc4c(c32)C(C)=CC(C)(C)N4)cc1
CHEMBL343633,PR,,4.523,0,1,Inactive,censored,CC(C)NC[C@H](O)COc1ccc(CC(N)=O)cc1
CHEMBL408513,PR,,4.523,0,2,Inactive,censored,O=C(/C=C/c1cccc(S(=O)(=O)Nc2ccccc2)c1)NO
CHEMBL1200455,PR,,4.523,0,1,Inactive,censored,CC(=O)N(CC(O)CO)c1c(I)c(C(=O)NCC(O)CO)c(I)c(C(=O)NCC(O)CO)c1I
CHEMBL3658376,PR,7.820,,1,0,Active,exact,C[C@]12CCC3C4CCC(=O)C=C4CCC3C1C1CC1[C@@]21CCC(=O)O1
CHEMBL520534,PR,6.680,,1,0,Active,exact,CCC1(c2cccs2)OCC(=O)Nc2ccc(-c3ccc(F)c(Cl)c3)cc21
CHEMBL364368,PR,8.190,,1,0,Active,exact,C#C[C@]1(O)CC[C@H]2[C@@H]3CCC4=CC(=O)CCC4=C3[C@@H](c3ccc(N(C)C(C)=O)cc3)C[C@@]21C
CHEMBL3263761,PR,5.430,,1,0,,exact,CNC(=O)c1ccc(C2=NN(c3ccc(C#N)c(C)c3)[C@@H](C3CCCC3)C2)nc1OC
CHEMBL114607,PR,8.770,,1,0,Active,exact,CC1=CC(C)(C)Nc2ccc3c(c21)C(CCC(C)C)Oc1ccccc1-3
CHEMBL3261407,PR,6.110,,1,0,Active,exact,Cc1cc(C)c(S(=O)(=O)N[C@@H](C)CNc2cccc3c2cnn3-c2ccc(F)cc2)c(C)c1
CHEMBL252450,PR,6.140,,1,0,Active,exact,O=C(N[C@H]1CCCN2c3cc(F)ccc3Oc3ccccc3[C@H]12)C(F)(F)F
CHEMBL24171,PR,4.910,,1,0,Inactive,exact,COc1c2ccoc2cc2oc(=O)ccc12
CHEMBL551466,PR,,4.523,0,1,Inactive,censored,O=C(O[C@H]1C[N+]2(CCCOc3ccccc3)CCC1CC2)C(O)(c1cccs1)c1cccs1.[Br-]
CHEMBL310370,PR,,5.000,0,1,,censored,O=C1C=C2CCc3cc(O)ccc3[C@@]2(Cc2ccccc2)CC1
CHEMBL112058,PR,6.400,,1,0,Active,exact,COC1Oc2ccccc2-c2ccc3c(c21)C(C)=CC(C)(C)N3
CHEMBL90555,PR,,4.523,0,1,Inactive,censored,CC[C@]1(O)C[C@H]2CN(CCc3c([nH]c4ccccc34)[C@@](C(=O)OC)(c3cc4c(cc3OC)N(C=O)[C@H]3[C@@](O)(C(=O)OC)[C@H](OC(C)=O)[C@]5(CC)C=CCN6CC[C@]43[C@@H]65)C2)C1
CHEMBL3989843,PR,,4.523,0,1,Inactive,censored,N[C@@H]1C[C@H]1c1ccccc1.N[C@H]1C[C@@H]1c1ccccc1
CHEMBL3936121,PR,6.850,,2,0,Active,exact,O=[N+]([O-])c1cccc(S(=O)(=O)Nc2ccc(Oc3ccccc3)cc2)c1
CHEMBL190109,PR,6.820,,1,0,Active,exact,Cc1c(NS(C)(=O)=O)cccc1N(Cc1ccc(Oc2ccc(Cl)c(OCC(=O)O)c2)cc1)Cc1ccc(F)cc1F
CHEMBL565022,PR,8.000,,1,0,Active,exact,CCN1C[C@@H](N(Cc2cc(Cl)ccc2Cl)c2ccc(C#N)c(Cl)c2)CC1=O
CHEMBL376488,PR,,4.523,0,2,Inactive,censored,COc1nc2ccc(Br)cc2cc1[C@@H](c1ccccc1)[C@@](O)(CCN(C)C)c1cccc2ccccc12
CHEMBL430,PR,,4.523,0,1,Inactive,censored,CO/N=C1\CN(c2nc3c(cc2F)c(=O)c(C(=O)O)cn3C2CC2)CC1CN
CHEMBL488557,PR,6.000,,1,0,Active,exact,O=C1COC(c2ccc(Cl)s2)(c2ccc(Cl)s2)c2cc(-c3ccc(F)c(Cl)c3)ccc2N1
CHEMBL578413,PR,6.700,,1,0,Active,exact,Cc1c(C#N)c(N)nc2c3c(sc12)NC(=O)CC3c1ccccc1Cl
CHEMBL46329,PR,,5.301,0,1,,censored,COC(=O)/C=C/CC1Oc2cccc(OC)c2-c2ccc3c(c21)C(C)=CC(C)(C)N3
CHEMBL196003,PR,9.515,,2,0,Active,exact,CCC(=O)[C@@]1(C)CC[C@H]2[C@@H]3CCC4=CC(=O)CCC4=C3CC[C@@]21C
CHEMBL1262,PR,5.530,,1,0,,exact,Clc1ccc(CO/N=C(\Cn2ccnc2)c2ccc(Cl)cc2Cl)c(Cl)c1
CHEMBL1164857,PR,7.180,,1,0,Active,exact,O=C(CC(Nc1ccc([N+](=O)[O-])cc1)c1ccc(C(F)(F)F)cc1)c1ccc(Br)cc1
CHEMBL684,PR,,4.523,0,1,Inactive,censored,CCN(CC)C(=O)N1CCN(C)CC1
CHEMBL3358928,PR,,5.699,0,1,,censored,Cc1ccc(F)cc1C(C)(C)CC(O)(Cc1cc2cc(OC(C)C)ncc2[nH]1)C(F)(F)F
CHEMBL2181928,PR,,5.000,0,1,,censored,C[C@@H]1CN(c2ccc3c(n2)NC(=O)CO3)[C@H](c2ccccc2)CO1
CHEMBL3233271,PR,,5.699,0,1,,censored,COc1ccc(F)cc1C(C)(C)CC(O)(Cc1cc2ccncc2[nH]1)C(C)C
CHEMBL592755,PR,7.100,,1,0,Active,exact,CCCS(=O)(=O)N1CC[C@H](N(Cc2ccccc2C(F)(F)F)c2ccc(C#N)c(Cl)c2)C1
CHEMBL55400,PR,,4.523,0,1,Inactive,censored,Nc1ccc2cc3ccc(N)cc3nc2c1
CHEMBL14376,PR,,4.523,0,1,Inactive,censored,COc1cc(C(C)=O)ccc1OCCCN1CCC(c2noc3cc(F)ccc23)CC1
CHEMBL3692357,PR,5.680,,1,0,,exact,CC[C@]12CC[C@H]3[C@@H](C[C@@H](CO)C4=CC(=O)CC[C@@H]43)[C@@H]1CC[C@@]21C=CCO1
CHEMBL443,PR,,4.523,0,1,Inactive,censored,Cc1cc(NS(=O)(=O)c2ccc(N)cc2)no1
CHEMBL132672,PR,8.720,,1,0,Active,exact,CC1=CC(C)(C)Nc2ccc3c(c21)/C(=C/c1ccccc1C(C)C)Oc1ccc(F)cc1-3
CHEMBL5612987,PR,7.500,,1,0,Active,exact,Cc1ncccc1Nc1ccc2c(c1)CCC1=C3C[C@H](O)C[C@]3(C)CC[C@]12Cc1ccccc1
CHEMBL94394,PR,,4.523,0,1,Inactive,censored,CCCCOc1ccc(CC(=O)NO)cc1
CHEMBL2426663,PR,7.250,,1,0,Active,exact,CC(C)(C(=O)Nc1nncs1)[C@H](c1ccccc1)c1ccc2c(cnn2-c2ccc(F)cc2)c1
CHEMBL379276,PR,7.200,,1,0,Active,exact,O=S(=O)(c1ccc(Br)s1)N1CCCCC(c2cccc(Br)c2)=N1
CHEMBL1163643,PR,6.630,,1,0,Active,exact,COc1cc(C(CC(=O)c2ccc(C)cc2)Nc2ccc([N+](=O)[O-])cc2)cc(OC)c1OC
CHEMBL267744,PR,,4.523,0,1,Inactive,censored,O=C(O)COc1ccc(C(=O)c2cccs2)c(Cl)c1Cl
CHEMBL3578276,PR,5.310,,1,0,,exact,C[C@H](c1ccc(F)cc1)N1C(=O)O[C@](Cc2ccccc2)(c2nc3cc(NS(C)(=O)=O)ccc3[nH]2)C1=O
CHEMBL204191,PR,,5.699,0,1,,censored,C=CCNCC1=CC(C)(C)Nc2ccc(-c3ccccc3OC)cc21
CHEMBL218394,PR,,4.523,0,1,Inactive,censored,CC(C)(C)NC(=O)N[C@H](C(=O)N1C[C@H]2[C@@H]([C@H]1C(=O)NC(CC1CCC1)C(=O)C(N)=O)C2(C)C)C(C)(C)C
CHEMBL366182,PR,6.400,,1,0,Active,exact,CC(C)(CC(O)(Cc1ccccn1)C(=O)Nc1ccc2c(c1)COC2=O)c1ccccc1
CHEMBL520169,PR,7.220,,1,0,Active,exact,Cn1c(C#N)ccc1-c1ccc2c(c1)C(c1cccs1)(c1cccs1)OCC(=O)N2
CHEMBL8209,PR,5.840,,1,0,,exact,C=CCC1Oc2cccc(C#N)c2-c2ccc3c(c21)C(C)=CC(C)(C)N3
CHEMBL401219,PR,,5.699,0,1,,censored,COc1ccc(F)cc1C(C)(C)CC(O)(Cc1cccc(C#N)c1)C(F)(F)F
CHEMBL1684344,PR,7.030,,1,0,Active,exact,C[C@H]1c2c(cc(F)c(-c3cccc4c(Cl)c[nH]c34)c2F)NC(C)(C)[C@@H]1OC(=O)NC1CCCCC1
CHEMBL5742307,PR,6.920,,1,0,Active,exact,C[C@@]1(c2ccc(Sc3ccc(N)cc3)cc2)O[C@@H]2C[C@H]3[C@@H]4CCC5=CC(=O)C=C[C@]5(C)[C@H]4[C@@H](O)C[C@]3(C)[C@]2(C(=O)CO)O1
CHEMBL203341,PR,,5.699,0,1,,censored,C=CCSCC1=CC(C)(C)Nc2ccc(-c3cccc(OCC)c3)cc21
CHEMBL3093447,PR,,5.699,0,1,,censored,Cc1cc(C)c(S(=O)(=O)NC(Cc2c[nH]c3cc(C)ccc23)C(F)(F)F)c(C)c1
CHEMBL12208,PR,,4.523,0,1,Inactive,censored,Cc1cc(=O)oc2cc(O)ccc12
CHEMBL1454946,PR,,4.523,0,1,Inactive,censored,COC(=O)Nc1nc2cc(C(=O)c3ccc(F)cc3)ccc2[nH]1
CHEMBL3957000,PR,6.750,,1,0,Active,exact,CCCCCCn1c(C#N)ccc1-c1cc2c(C)cc(=O)oc2cc1OC
CHEMBL165790,PR,,4.523,0,1,Inactive,censored,CC(C)Oc1ccc2c(=O)c(-c3ccccc3)coc2c1
CHEMBL813,PR,,4.523,0,1,Inactive,censored,CCCCc1ncc(/C=C(\Cc2cccs2)C(=O)O)n1Cc1ccc(C(=O)O)cc1
CHEMBL927,PR,,4.523,0,1,Inactive,censored,C=CC1=C(C(=O)O)N2C(=O)[C@@H](NC(=O)/C(=N\O)c3csc(N)n3)[C@H]2SC1
CHEMBL470785,PR,5.960,,1,0,,exact,C=CC[C@@]12CC[C@](O)(C#CC)C[C@H]1CCc1cc(O)ccc12
CHEMBL5972389,PR,7.750,,2,0,Active,exact,C[C@]12C=CC(=O)C=C1[C@@H](F)C[C@H]1[C@@H]3C[C@H]4O[C@@H](c5ccc(Cc6cccc(N)c6)cc5)O[C@@]4(C(=O)CO)[C@@]3(C)C[C@H](O)[C@@]12F
CHEMBL3818307,PR,7.370,,1,0,Active,exact,N#Cc1ccc(O[C@H]2CC[C@H](NS(=O)(=O)C(F)(F)F)CC2)cc1Cl
CHEMBL3397786,PR,6.575,,2,0,Active,exact,CN(C(=O)c1ccccc1)c1ccc(C23CC4CC(CC(c5ccc(C#N)cc5)(C4)C2)C3)cc1
CHEMBL286595,PR,9.150,,3,0,Active,exact,CC1=CC(C)(C)Nc2ccc3c(c21)C(c1ccc(Cl)cc1)Oc1ccccc1-3
CHEMBL705,PR,,4.523,0,1,Inactive,censored,CC1=C(/C=C/C(C)=C\C=C\C(C)=C\C(=O)O)C(C)(C)CCC1
CHEMBL256907,PR,,4.523,0,1,Inactive,censored,Cc1nnc(C(C)C)n1[C@H]1C[C@H]2CC[C@@H](C1)N2CC[C@H](NC(=O)C1CCC(F)(F)CC1)c1ccccc1
CHEMBL4519264,PR,,4.300,0,1,Inactive,censored,O=C(O)C[C@H]1COc2cc(Cl)ccc2N1C(=O)c1ccc2c(c1)NC(=O)CO2
CHEMBL336751,PR,8.820,,1,0,Active,exact,CC1=CC(C)(C)Nc2ccc3c(c21)/C(=C/c1ccncc1)Oc1ccc(F)cc1-3
CHEMBL36065,PR,7.780,,1,0,Active,exact,C[C@@H]1C(=O)C(C)(C)Nc2ccc3c(c21)[C@H](c1cccc(C(F)(F)F)c1)Oc1ccccc1-3
CHEMBL1254652,PR,,5.699,0,1,,censored,COc1ccc(F)cc1C(C)(C)CC(O)(Cc1cc2cccnc2[nH]1)C(F)(F)F
CHEMBL144289,PR,,6.000,0,1,,censored,CC(C)(C)c1ccc(C(=O)N2CCCC(c3ccccc3)=N2)cc1
CHEMBL519883,PR,7.190,,1,0,Active,exact,O=C1COC(c2cccs2)(c2cccs2)c2cc(-c3ccc(F)c(Cl)c3)ccc2N1
CHEMBL140336,PR,5.770,,1,0,,exact,CCCCC1Oc2cccc(OC)c2-c2ccc3c(c21)C(C)=CC(C)(C)N3
CHEMBL144038,PR,,6.000,0,1,,censored,O=C(c1ccc(Cl)c(Cl)c1)N1CC=CC(c2ccccc2)=N1
CHEMBL3928231,PR,7.135,,2,0,Active,exact,CCCCCCn1c(C#N)ccc1-c1ccc2oc(=O)ccc2c1
CHEMBL1088,PR,,4.523,0,1,Inactive,censored,CN1CCCCC1CCN1c2ccccc2Sc2ccc([S+](C)[O-])cc21
CHEMBL252646,PR,5.650,,1,0,,exact,O=C(N[C@H]1CCCN2c3ccc(Cl)cc3Oc3ccccc3[C@H]12)C(F)(F)F
CHEMBL1481,PR,,4.523,0,1,Inactive,censored,CCC1=C(C)CN(C(=O)NCCc2ccc(S(=O)(=O)NC(=O)N[C@H]3CC[C@H](C)CC3)cc2)C1=O
CHEMBL645,PR,,4.523,0,1,Inactive,censored,CC(C)NCC(O)COc1ccc(COCCOC(C)C)cc1
CHEMBL3623004,PR,7.950,,3,1,Active,exact,C[C@@H]1Cc2c([nH]c3ccccc23)[C@@H](c2c(F)cc(/C=C/C(=O)O)cc2F)N1CC(C)(C)F
CHEMBL1164379,PR,6.990,,1,0,Active,exact,Cc1ccc(C(=O)CC(Nc2ccc([N+](=O)[O-])cc2)c2ccsc2)cc1
CHEMBL1200430,PR,6.680,,1,0,Active,exact,CC(=O)Oc1ccc2c(c1)CC[C@@H]1[C@@H]2CC[C@]2(C)[C@@H](O)CC[C@@H]12
CHEMBL567028,PR,6.880,,1,0,Active,exact,Cc1ccsc1[C@@](C)(O)[C@H]1CCCC2=Cc3c(-c4ccc(F)cc4)ncn3C[C@@]21C
CHEMBL381719,PR,6.440,,1,0,Active,exact,C=CCSCC1=CC(C)(C)Nc2ccc(-c3ccccc3F)cc21
CHEMBL4446088,PR,,4.300,0,1,Inactive,censored,C[C@H]1COc2cccnc2N1C(=O)c1ccc2c(c1)NC(=O)CO2
CHEMBL424518,PR,,4.523,0,1,Inactive,censored,COc1ccc(CCC(C)NCC(O)c2ccc(O)c([S+](C)[O-])c2)cc1
CHEMBL3964502,PR,,5.000,0,1,,censored,C[C@H](NC(=O)CO)[C@H](Oc1ccc2c(cnn2-c2ccc(F)cc2)c1)c1ccc(S(C)(=O)=O)cc1
CHEMBL530,PR,,4.523,0,1,Inactive,censored,CC1(C)S[C@@H]2[C@H](/N=C/N3CCCCCC3)C(=O)N2[C@H]1C(=O)O
CHEMBL24583,PR,7.000,,1,0,Active,exact,CC1(C)OC(S)=Nc2ccc(-c3cc(Br)cc(C#N)c3)cc21
CHEMBL511,PR,,4.523,0,1,Inactive,censored,COc1ccc(CN(CCN(C)C)c2ccccn2)cc1
CHEMBL3315049,PR,5.740,,1,0,,exact,CCN(C)C(=O)c1ccc(-c2ccc3c(n2)Oc2ccccc2[C@@H]3C(C)(C)C(=O)Nc2nncs2)cc1
CHEMBL565,PR,,4.523,0,1,Inactive,censored,CCOC(=O)C(C)(C)Oc1ccc(Cl)cc1
CHEMBL1911645,PR,6.000,,1,0,Active,exact,CCc1cccc2[nH]c(CC(O)(CC(C)(C)c3cc(F)ccc3OC)C(F)(F)F)cc12
CHEMBL4069357,PR,6.100,,1,0,Active,exact,CC[C@@H]1C[C@](O)(C(F)(F)F)[C@@H](Nc2cccc3nc(C)ccc23)c2ccc(F)c(O)c21
CHEMBL136915,PR,7.220,,1,0,Active,exact,CC1=CC(C)(C)Nc2ccc3c(c21)/C(=C/c1ccc(Cl)cc1)Oc1ccccc1-3
CHEMBL1198,PR,,4.523,0,1,Inactive,censored,CCCCOc1ccc(OCCCN2CCOCC2)cc1
CHEMBL530108,PR,7.530,,1,0,Active,exact,CC1(C)OCC(=O)Nc2ccc(-c3ccc(F)c(F)c3)cc21
CHEMBL188952,PR,,4.523,0,2,Inactive,censored,CC(C(=O)O)c1ccc(N2CC=CC2)c(Cl)c1
CHEMBL863,PR,,4.523,0,1,Inactive,censored,N[C@@H](CS)C(=O)O
CHEMBL551423,PR,7.700,,1,0,Active,exact,N#Cc1ccc(N(Cc2ccccc2Cl)[C@H]2CCN(Cc3ccccn3)C2)cc1Cl
CHEMBL456237,PR,,6.000,0,1,,censored,Fc1ccc(-c2c3cccc(C(F)(F)F)c3nn2Cc2ccc(F)cc2Cl)cc1
CHEMBL723,PR,,4.523,0,1,Inactive,censored,COc1ccccc1OCCNCC(O)COc1cccc2[nH]c3ccccc3c12
CHEMBL3658384,PR,7.620,,1,0,Active,exact,C[C@]12CCC3C4CCC(=O)C=C4C4CC4C3C1C1CC1[C@@]21CCC(=O)O1
CHEMBL185265,PR,6.260,,1,0,Active,exact,Cc1c(NS(C)(=O)=O)cccc1N(Cc1ccccc1)Cc1ccc(Oc2cccc(OCCCC(=O)NCCCC(=O)O)c2)cc1
CHEMBL3,PR,,4.523,0,1,Inactive,censored,CN1CCC[C@H]1c1cccnc1
CHEMBL3094485,PR,6.680,,1,0,Active,exact,CCC(Cc1ccc(O)c2ccccc12)NS(=O)(=O)c1c(C)cc(C)cc1C
CHEMBL59,PR,,4.523,0,1,Inactive,censored,NCCc1ccc(O)c(O)c1
CHEMBL1253987,PR,8.100,,1,0,Active,exact,CC(C)(CC(O)(Cc1cc2ccncc2[nH]1)C(F)(F)F)c1cccc(F)c1
CHEMBL1762202,PR,6.660,,1,0,Active,exact,Cc1c[nH]c2c(-c3c(F)cc4c(c3F)/C(=N/OC(C)(C)C)CC(C)(C)N4)cccc12
CHEMBL1474900,PR,,4.523,0,1,Inactive,censored,Cc1[nH]c(=O)c(C#N)cc1-c1ccc2nccn2c1
CHEMBL2354444,PR,,4.523,0,1,Inactive,censored,COc1cccc2c1C(=O)c1c(O)c3c(c(O)c1C2=O)C[C@@](O)(C(=O)CO)C[C@@H]3O[C@H]1C[C@H](N)[C@H](O[C@@H]2CCCCO2)[C@H](C)O1
CHEMBL50,PR,4.850,,1,0,Inactive,exact,O=c1c(O)c(-c2ccc(O)c(O)c2)oc2cc(O)cc(O)c12
CHEMBL1076347,PR,,4.523,0,1,Inactive,censored,O=C(Nc1ccc(Cl)cc1)Nc1ccc(Cl)c(Cl)c1
CHEMBL5291995,PR,,4.523,0,1,Inactive,censored,CN(C)CCCN1C(=O)c2cc([N+](=O)[O-])ccc2Oc2ccccc21
CHEMBL2106261,PR,,4.523,0,1,Inactive,censored,CCOC(=O)C(c1c(O)c2ccccc2oc1=O)c1c(O)c2ccccc2oc1=O
CHEMBL513,PR,,4.523,0,1,Inactive,censored,O=NN(CCCl)C(=O)NCCCl
CHEMBL4174199,PR,6.320,,2,0,Active,exact,Cc1cc(C(O)(C(F)(F)F)C(F)(F)F)cc2c1[nH]c(=O)c1ccccc12
CHEMBL3582122,PR,,5.903,0,1,,censored,CC1(C)Nc2c(cc(-c3cccc4nncn34)c3c2CCC3)C(C)(C)C1=O
CHEMBL553,PR,,4.523,0,1,Inactive,censored,C#Cc1cccc(Nc2ncnc3cc(OCCOC)c(OCCOC)cc23)c1
CHEMBL30008,PR,,4.523,0,1,Inactive,censored,Fc1ccc(C(c2ccc(F)cc2)N2CCN(C/C=C/c3ccccc3)CC2)cc1
CHEMBL3337724,PR,,5.000,0,2,,censored,Cc1onc(-c2ccc3c(c2)NC(=O)CO3)c1-c1ccc(F)cc1
CHEMBL4440099,PR,,4.300,0,1,Inactive,censored,C[C@H]1CCc2cc(F)ccc2N1C(=O)c1ccc2c(c1)NC(=O)CO2
CHEMBL395506,PR,6.350,,1,0,Active,exact,C=CCOC(C)C1=CC(C)(C)Nc2ccc(-c3cc(F)ccc3OC)cc21
CHEMBL48283,PR,,5.301,0,1,,censored,C=C(C)CC1Oc2cccc(OC)c2-c2ccc3c(c21)C(C)=CC(C)(C)N3
CHEMBL3259994,PR,6.110,,1,0,Active,exact,O=c1[nH]c2ccc(C(O)(C(F)(F)F)C(F)(F)F)cc2c2ccccc12
CHEMBL3263760,PR,6.310,,1,0,Active,exact,COc1nc(C2=NN(c3ccc(C#N)c(C)c3)[C@@H](C3CCCC3)C2)ccc1C(N)=O
CHEMBL1800981,PR,7.260,,1,0,Active,exact,CC(C)(C(=O)Nc1nncs1)[C@@H](c1ccccc1)c1ccc(O)c(F)c1
CHEMBL3094472,PR,,5.000,0,1,,censored,CCC(Cc1c(C)cccc1C)NS(=O)(=O)c1c(C)cc(C)cc1C
CHEMBL106,PR,,4.523,0,1,Inactive,censored,OC(Cn1cncn1)(Cn1cncn1)c1ccc(F)cc1F
CHEMBL1085958,PR,,5.000,0,1,,censored,O=S(=O)(Nc1ccc(-c2ccc3c(cnn3-c3ccc(F)cc3)c2)c(C(F)(F)F)c1)c1cccc(OC(F)(F)F)c1
CHEMBL1201212,PR,,4.523,0,2,Inactive,censored,COc1ccc(OC)c(C(O)CNC(=O)CN)c1
CHEMBL1084344,PR,,5.000,0,1,,censored,Oc1ccc(-c2ccc3c(cnn3-c3ccc(F)cc3)c2)cc1
CHEMBL3093462,PR,5.300,,1,0,,exact,CC[C@@H](Cn1cc(C)c2ccccc21)NS(=O)(=O)c1c(N)cc(Cl)cc1Cl
CHEMBL2419298,PR,5.250,,1,0,,exact,CC1NC(=O)C(c2ccc(F)cc2)=C1c1ccc2c(c1)NC(=O)CO2
CHEMBL219140,PR,,5.699,0,1,,censored,COc1ccc(F)cc1C(C)(C)CC(O)(Cn1ccc(=O)c2ncccc21)C(F)(F)F
CHEMBL2103883,PR,,4.523,0,1,Inactive,censored,O=C(Nc1nc(-c2cc(Cl)cs2)c(N2CCN(C3CCCCC3)CC2)s1)c1cnc(N2CCC(C(=O)O)CC2)c(Cl)c1
CHEMBL65929,PR,8.200,,1,0,Active,exact,CC1=CC(C)(C)Nc2ccc3c(c21)C(=C1SCCCS1)Oc1ccc(F)cc1-3
CHEMBL1733,PR,,4.523,0,1,Inactive,censored,C[C@H](N[C@@H](CCc1ccccc1)C(=O)O)C(=O)N1Cc2ccccc2C[C@H]1C(=O)O
CHEMBL49694,PR,,5.301,0,1,,censored,COc1cccc2c1-c1ccc3c(c1C(CC=C1CCCC1)O2)C(C)=CC(C)(C)N3
CHEMBL1800985,PR,7.280,,2,0,Active,exact,CC(C)(C(=O)Nc1nncs1)[C@H]1c2ccccc2Oc2cc(O)ccc21
CHEMBL104037,PR,8.660,,1,0,Active,exact,CC1=CC(C)(C)Nc2ccc3c(c21)C(c1ccccc1)Oc1ccc(F)cc1-3
CHEMBL2105087,PR,6.150,,1,0,Active,exact,CCCCOC(=O)C(=O)[C@H]1[C@H](C)C[C@H]2[C@@H]3C[C@H](F)C4=CC(=O)C=C[C@]4(C)[C@H]3[C@@H](O)C[C@@]21C
CHEMBL4513808,PR,,5.000,0,1,,censored,Cc1c(C2(C(F)(F)F)CC2)nc(C2CC2)n1-c1c(Cl)ccc(N2CC3(CC(C(=O)O)C3)C2)c1Cl
CHEMBL905,PR,,4.523,0,1,Inactive,censored,CN(C)CCc1c[nH]c2ccc(Cn3cncn3)cc12
CHEMBL2419308,PR,5.660,,1,0,,exact,CCC1OC(=O)C(c2ccc(F)cc2)=C1c1ccc2c(c1)NC(=O)CO2
CHEMBL1201342,PR,,4.523,0,1,Inactive,censored,CN1CCCC(CC2c3ccccc3Sc3ccccc32)C1
CHEMBL266282,PR,5.750,,3,1,,exact,C=CCC1Oc2cccc(OC)c2-c2ccc3c(c21)C(C)=CC(C)(C)N3
CHEMBL577245,PR,7.100,,1,0,Active,exact,CC1(C)CC(=O)c2ccc(-c3ccc(Cl)c(Cl)c3)cc21
CHEMBL1753,PR,,4.523,0,1,Inactive,censored,CCC[C@@H]1C[C@@H](C(=O)N[C@@H]([C@H]2O[C@H](SC)[C@H](O)[C@@H](O)[C@H]2O)[C@H](C)Cl)N(C)C1
CHEMBL780,PR,,4.523,0,1,Inactive,censored,O=C(O)CN(CCN(CC(=O)O)CC(=O)O)CCN(CC(=O)O)CC(=O)O
CHEMBL378586,PR,,5.699,0,1,,censored,C=CCSCC1=CC(C)(C)Nc2ccc(-c3ccccc3C)cc21
CHEMBL260538,PR,8.520,,1,0,Active,exact,CC(=O)O[C@]1(C(C)=O)CC[C@H]2[C@@H]3CCC4=CC(=O)CCC4=C3[C@@H](c3ccc(N(C)C)cc3)C[C@@]21C
CHEMBL61593,PR,,4.523,0,1,Inactive,censored,NS(=O)(=O)c1cc2c(cc1Cl)NC(C1CC3C=CC1C3)NS2(=O)=O
CHEMBL436859,PR,8.920,,1,0,Active,exact,C#C[C@]1(O)CC[C@H]2[C@@H]3CCC4=CC(=O)CCC4=C3[C@@H](c3ccc(N(C)C(=O)CC[C@H](NC(=O)CC[C@@H](C)[C@H]4CC[C@H]5[C@@H]6[C@H](O)C[C@@H]7C[C@H](O)CC[C@]7(C)[C@H]6C[C@H](O)[C@]45C)C(=O)O)cc3)C[C@@]21C
CHEMBL589,PR,,4.523,0,1,Inactive,censored,CCCN(CCC)CCc1cccc2c1CC(=O)N2
CHEMBL590540,PR,,4.523,0,1,Inactive,censored,N[C@@H](CSSC[C@H](N)C(=O)O)C(=O)O
CHEMBL3315070,PR,6.500,,1,0,Active,exact,CC(C)Oc1ccc(-c2ccc3c(n2)Oc2c(F)cccc2[C@@H]3C(C)(C)C(=O)NC(N)=O)cn1
CHEMBL11,PR,,4.523,0,1,Inactive,censored,CN(C)CCCN1c2ccccc2CCc2ccccc21
CHEMBL8639,PR,7.885,,2,0,Active,exact,C=CCC1Oc2ccccc2-c2ccc3c(c21)C(C)=CC(C)(C)N3
CHEMBL1984344,PR,,4.523,0,1,Inactive,censored,Nc1ncnc(Nc2ccc(Cl)cc2)n1
CHEMBL1397,PR,,4.523,0,1,Inactive,censored,CC[C@@H]([C@H](C)O)n1ncn(-c2ccc(N3CCN(c4ccc(OC[C@@H]5CO[C@@](Cn6cncn6)(c6ccc(F)cc6F)C5)cc4)CC3)cc2)c1=O
CHEMBL3263754,PR,5.800,,1,0,,exact,COc1nc(C2=NN(c3ccc(C#N)c(C)n3)[C@@H](C3CCCC3)C2)ccc1C(=O)O
CHEMBL842,PR,,4.523,0,1,Inactive,censored,NS(=O)(=O)c1cc2c(cc1Cl)N=CNS2(=O)=O
CHEMBL4557032,PR,4.600,,1,0,Inactive,exact,C[C@H]1COc2cc(F)ccc2N1C(=O)c1ccc2c(c1)NC(=O)CO2
CHEMBL49978,PR,6.280,,2,0,Active,exact,C=C1C=C(C)CC(C)(C)C1C/C=C/c1cc(OC)c(Br)cc1O
CHEMBL1364144,PR,5.520,,1,0,,exact,CC(=O)OCC(=O)[C@@]1(O)CC[C@H]2[C@@H]3C[C@H](C)C4=CC(=O)C=C[C@]4(C)[C@H]3[C@@H](O)C[C@@]21C
CHEMBL573,PR,,4.523,0,1,Inactive,censored,O=C(O)c1cccnc1
CHEMBL56367,PR,,4.523,0,1,Inactive,censored,CS(=O)(=O)Nc1ccc([N+](=O)[O-])cc1Oc1ccccc1
CHEMBL5174813,PR,,7.000,0,1,,censored,O=C(c1ccc(OCCN2C=Cc3ccccc3C2)cc1)c1c(-c2ccc(O)cc2)oc(=O)c2cc(O)ccc12
CHEMBL1524273,PR,,4.523,0,1,Inactive,censored,O=C(O)c1ccccc1C(=O)Nc1ccc(S(=O)(=O)Nc2nccs2)cc1
CHEMBL284475,PR,8.180,,1,0,Active,exact,C[C@@H]1C(=O)C(C)(C)Nc2ccc3c(c21)[C@H](c1ccccc1)Oc1ccccc1-3
CHEMBL2106254,PR,4.720,,1,0,Inactive,exact,CC(C)Cc1ccc(C(C)C(=O)OCc2ccccn2)cc1
CHEMBL202897,PR,,5.699,0,2,,censored,C=CCOCC1=CC(C)(C)Nc2ccc(-c3ccccc3OC)cc21
CHEMBL311498,PR,,4.523,0,1,Inactive,censored,Oc1cc(O)c2c(c1)O[C@H](c1ccc(O)c(O)c1)[C@@H](O)C2
CHEMBL551782,PR,7.890,,1,0,Active,exact,Cc1nc(C(C)N(Cc2ccccc2Cl)c2ccc(C#N)c(Cl)c2)cs1
CHEMBL3126947,PR,,5.699,0,1,,censored,CC(C)(CC(O)(Cc1cc2ncncc2[nH]1)C(F)(F)F)c1cccc(S(C)(=O)=O)c1
CHEMBL1200908,PR,8.520,,1,0,Active,exact,CCC(=O)O[C@]1(C(=O)CCl)[C@@H](C)C[C@H]2[C@@H]3C[C@H](F)C4=CC(=O)C=C[C@]4(C)[C@@]3(F)[C@@H](O)C[C@@]21C
CHEMBL1111,PR,,4.523,0,1,Inactive,censored,COC(c1ccccc1)(c1ccccc1)[C@H](Oc1nc(C)cc(C)n1)C(=O)O
CHEMBL566315,PR,,4.523,0,1,Inactive,censored,CC[C@H]1[C@@H](O)[C@@H]2[C@H](CC[C@]3(C)[C@@H]([C@H](C)CCC(=O)O)CC[C@@H]23)[C@@]2(C)CC[C@@H](O)C[C@@H]12
CHEMBL3358930,PR,5.770,,1,0,,exact,Cc1ccc(F)cc1C(C)(C)CC(O)(Cc1cc2cc(C(N)=O)ncc2[nH]1)C(F)(F)F
CHEMBL7988,PR,6.700,,1,0,Active,exact,C=CCC1Oc2ccc(F)c(OC)c2-c2ccc3c(c21)C(C)=CC(C)(C)N3
CHEMBL63788,PR,7.005,,2,0,Active,exact,CC1CC(C)(C)Nc2ccc3c(c21)COc1c(F)cc(F)cc1-3
CHEMBL572240,PR,,5.000,0,1,,censored,Cc1c(C#N)c(O)nc2c3c(sc12)NC(=O)CC3c1ccccc1Cl
CHEMBL3315067,PR,5.870,,1,0,,exact,CC(C)(C(=O)NC(N)=O)[C@@H]1c2ccc(-c3ccc(C(=O)N4CCCC4)nc3)nc2Oc2c(F)cccc21
CHEMBL1201073,PR,,4.523,0,1,Inactive,censored,O=C(O)[C@@H](S)[C@@H](S)C(=O)O
CHEMBL382785,PR,,5.699,0,2,,censored,COc1ccccc1-c1ccc2c(c1)C(CSCCc1ccccc1)=CC(C)(C)N2
CHEMBL1908331,PR,5.530,,1,0,,exact,CCCCCCCCCCCCCCCCCC(=O)NCCCC[C@H](NC(=O)CC[C@@H](NC(=O)[C@H](C)NC(=O)[C@@H](C)O[C@H]1[C@H](O)[C@@H](CO)OC(O)[C@@H]1NC(C)=O)C(N)=O)C(=O)O
CHEMBL1093016,PR,5.150,,1,0,,exact,CCCCn1c(=O)c2ccccc2c2ccccc21
CHEMBL5826812,PR,7.280,,1,0,Active,exact,C[C@@H](c1ccc([C@@H]2O[C@@H]3C[C@H]4[C@@H]5C[C@H](F)C6=CC(=O)C=C[C@]6(C)[C@@]5(F)[C@@H](O)C[C@]4(C)[C@]3(C(=O)CO)O2)cc1)c1cccc(N)c1
CHEMBL205414,PR,,5.699,0,1,,censored,COc1ccccc1-c1ccc2c(c1)C(CSc1ccc(Cl)cc1)=CC(C)(C)N2
CHEMBL487116,PR,7.880,,1,0,Active,exact,N#Cc1cc(F)cc(-c2ccc3c(c2)C(c2ccco2)(c2ccco2)OCC(=O)N3)c1
CHEMBL24689,PR,7.000,,1,0,Active,exact,CC1(C)OC(S)=Nc2ccc(-c3cc(C#N)cc(OC(F)(F)F)c3)cc21
CHEMBL1672549,PR,9.080,,1,0,Active,exact,CC[C@@H](C)n1cc(-c2ccc(C#N)cc2)c2ccc(NS(C)(=O)=O)cc21
CHEMBL88,PR,,4.523,0,1,Inactive,censored,O=P1(N(CCCl)CCCl)NCCCO1
CHEMBL206706,PR,,5.699,0,1,,censored,C=CCSCC1=CC(C)(C)Nc2ccc(-c3c(OC)cccc3OC)cc21
CHEMBL646,PR,,4.523,0,1,Inactive,censored,Cc1nnc2n1-c1ccc(Cl)cc1C(c1ccccc1Cl)=NC2
CHEMBL565274,PR,6.500,,1,0,Active,exact,Cc1cccc(-c2ccc3c(c2)C(C)(C)C/C3=N\O)c1
CHEMBL551541,PR,7.700,,1,0,Active,exact,Cc1ccccc1CN(c1ccc(C#N)c(Cl)c1)[C@H]1CC(=O)N(C(C)C)C1
CHEMBL117322,PR,7.510,,1,0,Active,exact,CC1C(=O)Nc2ccc(-c3cccc([N+](=O)[O-])c3)cc21
CHEMBL374975,PR,,4.523,0,1,Inactive,censored,CC(=O)O[C@H]1C[C@@]2(C)[C@@H](C[C@@H](O)[C@H]3[C@@]4(C)CC[C@@H](O)[C@@H](C)[C@@H]4CC[C@@]32C)/C1=C(\CCC=C(C)C)C(=O)O
CHEMBL1231700,PR,,4.523,0,1,Inactive,censored,C[N+](C)(C)CCOP(=O)(O)OP(=O)([O-])OC[C@H]1O[C@@H](n2ccc(N)nc2=O)[C@H](O)[C@@H]1O
CHEMBL1083487,PR,6.100,,1,0,Active,exact,CN(c1ccccc1)S(=O)(=O)c1ccc(-c2ccc3c(cnn3-c3ccc(F)cc3)c2)c(C(F)(F)F)c1
CHEMBL1762,PR,,4.523,0,1,Inactive,censored,Cc1cccc(C)c1NC(=O)C(C)N
CHEMBL673,PR,,4.523,0,1,Inactive,censored,C#CCN(C)Cc1ccccc1
CHEMBL216273,PR,,5.699,0,1,,censored,COc1ccc(F)cc1C(C)(C)CC(O)(CN1C[C@@H](C)C(=O)[C@@H](C)C1)C(F)(F)F
CHEMBL413,PR,,4.523,0,2,Inactive,censored,CO[C@H]1C[C@@H]2CC[C@@H](C)[C@@](O)(O2)C(=O)C(=O)N2CCCC[C@H]2C(=O)O[C@H]([C@H](C)C[C@@H]2CC[C@@H](O)[C@H](OC)C2)CC(=O)[C@H](C)/C=C(\C)[C@@H](O)[C@@H](OC)C(=O)[C@H](C)C[C@H](C)/C=C/C=C/C=C/1C
CHEMBL3623001,PR,8.440,,1,1,Active,exact,CC(C)CN1[C@H](c2ccc(/C=C/C(=O)O)cc2)c2[nH]c3ccccc3c2C[C@H]1C
CHEMBL5947384,PR,7.100,,1,0,Active,exact,C[C@]12C=CC(=O)C=C1[C@@H](F)C[C@H]1[C@@H]3C[C@H]4O[C@@H](c5ccc(Cc6cccc(N)c6)cc5)O[C@@]4(C(=O)SCF)[C@@]3(C)C[C@H](O)[C@@]12F
CHEMBL3315055,PR,5.270,,1,0,,exact,CC(C)(C(=O)NC(=O)C1CCC1)[C@@H]1c2ccc(-c3ccc(C(=O)N4CCOCC4)cc3)nc2Oc2c(F)cccc21
CHEMBL134260,PR,8.145,,2,0,Active,exact,Cc1cc(C#N)sc1-c1ccc2c(c1)C(C)CC(C)(C)N2
CHEMBL964,PR,,4.523,0,1,Inactive,censored,CCN(CC)C(=S)SSC(=S)N(CC)CC
CHEMBL372102,PR,7.500,,1,0,Active,exact,Cc1noc(=O)c2ccc(NC(=O)C(O)(Cc3ccccc3)CC(C)(C)c3cc(F)ccc3O)cc12
CHEMBL1253819,PR,6.220,,1,0,Active,exact,COc1ccc(F)cc1C(C)(C)C[C@@](O)(Cc1cc2cnccc2[nH]1)C(F)(F)F
CHEMBL550675,PR,6.400,,1,0,Active,exact,CN1CC[C@H](N(Cc2ccc(Cl)cc2)c2ccc(C#N)c(Cl)c2)C1
CHEMBL1256841,PR,,4.523,0,1,Inactive,censored,O=C(CCNNC(=O)c1ccncc1)NCc1ccccc1
CHEMBL566125,PR,7.190,,1,0,Active,exact,CC1C/C(=N/O)c2ccc(-c3ccc(C#N)n3C)cc21
CHEMBL565320,PR,5.740,,1,0,,exact,C=CC[C@@](C)(O)[C@H]1CCCC2=Cc3c(-c4ccc(F)cc4)ncn3C[C@@]21C
CHEMBL1254345,PR,,5.699,0,1,,censored,CC(C)(CC(O)(Cc1cc2ccncc2[nH]1)C(F)(F)F)c1cc(-c2cncnc2)ccc1O
CHEMBL428647,PR,,4.523,0,2,Inactive,censored,CC(=O)O[C@H]1C(=O)[C@@]2(C)[C@H]([C@H](OC(=O)c3ccccc3)[C@]3(O)C[C@H](OC(=O)[C@H](O)[C@@H](NC(=O)c4ccccc4)c4ccccc4)C(C)=C1C3(C)C)[C@]1(OC(C)=O)CO[C@@H]1C[C@@H]2O
CHEMBL403139,PR,7.580,,1,0,Active,exact,O=C(N[C@H]1CCCN2c3cc(Cl)ccc3Cc3ccccc3[C@H]12)C(F)(F)F
CHEMBL63870,PR,7.065,,4,0,Active,exact,CC1=CC(C)(C)Nc2ccc3c(c21)COc1ccc(Br)cc1-3
CHEMBL22108,PR,,4.523,0,1,Inactive,censored,CC(C1=C(CCN(C)C)Cc2ccccc21)c1ccccn1
CHEMBL3695603,PR,6.960,,1,0,Active,exact,CC[C@]12CC[C@H]3[C@@H](C=CC4=CC(=O)CC[C@@H]43)[C@@H]1CC[C@@]21C=CC(=O)O1
CHEMBL3955849,PR,7.510,,1,0,Active,exact,N#Cc1ccc(-c2ccc3oc(=O)ccc3c2)n1CC1CCCCC1
CHEMBL11298,PR,,4.523,0,1,Inactive,censored,N[C@@H](CO)C(=O)O
CHEMBL94162,PR,5.505,,2,1,,exact,Oc1nc2cc(-c3cccc(Cl)c3)ccc2n1Cc1ccccc1
CHEMBL5901366,PR,7.800,,1,0,Active,exact,C[C@@H](n1ccc2c(Cl)c(C#N)ccc21)[C@](C)(O)C(F)(F)F
CHEMBL292707,PR,,4.523,0,1,Inactive,censored,CC(C)Cc1ccc(C(C)C(=O)NO)cc1
CHEMBL49754,PR,6.395,,2,0,Active,exact,C=C1C=C(C)CC(C)(C)C1Sc1ccc([N+](=O)[O-])cc1
CHEMBL8637,PR,7.000,,1,0,Active,exact,C=CCC1Oc2ccc(CO)c(OC)c2-c2ccc3c(c21)C(C)=CC(C)(C)N3
CHEMBL299512,PR,6.645,,2,0,Active,exact,C=C1C=C(C)CC(C)(C)C1Cc1ccc([N+](=O)[O-])c(C)c1
CHEMBL3263767,PR,6.080,,1,0,Active,exact,COc1nc(C2=NN(c3ccc(C#N)c(C)n3)[C@@H](C3CCCC3)C2)ccc1C(=O)NS(C)(=O)=O
CHEMBL5612930,PR,7.520,,1,0,Active,exact,Cc1ncncc1Nc1ccc2c(c1)CCC1=C3C[C@@H](O)C[C@]3(C)CC[C@]12Cc1ccccc1
CHEMBL144680,PR,7.620,,1,0,Active,exact,CC1CCN(C(=O)c2ccc(Cl)c(Cl)c2)N=C1c1ccccc1
CHEMBL428922,PR,7.240,,1,0,Active,exact,CC/C=C(\C)c1ccsc1/C=C1\Oc2ccc(O)c(OC)c2-c2ccc3c(c21)C(C)=CC(C)(C)N3
CHEMBL130141,PR,8.850,,1,0,Active,exact,CC1=CC(C)(C)Nc2ccc3c(c21)/C(=C/c1ccncc1C)Oc1ccc(F)cc1-3
CHEMBL3939561,PR,6.240,,1,0,Active,exact,COc1cc2oc(=O)cc(C)c2cc1-c1ccc(C#N)n1Cc1ccc(F)cc1
CHEMBL1228,PR,,4.523,0,1,Inactive,censored,CCCCC1C(=O)N(c2ccccc2)N(c2ccc(O)cc2)C1=O
CHEMBL1187833,PR,,4.523,0,1,Inactive,censored,OC(c1ccccc1)(c1ccccc1)C12CC[N+](CCOCc3ccccc3)(CC1)CC2
CHEMBL3924894,PR,6.090,,1,0,Active,exact,COc1ccc(NS(=O)(=O)c2cccc(Cl)c2)cc1
CHEMBL703,PR,,4.523,0,1,Inactive,censored,C[N+](C)(C)CCOC(=O)CCC(=O)OCC[N+](C)(C)C
CHEMBL48745,PR,6.140,,2,0,Active,exact,C=C1CCC(C)(C)C1Cc1cc(OC)c(Br)cc1O
CHEMBL1452696,PR,,4.523,0,1,Inactive,censored,CC(C)=CCC1C(=O)N(c2ccccc2)N(c2ccccc2)C1=O
CHEMBL3578271,PR,5.620,,1,0,,exact,C[C@H](c1ccc(F)cc1)N1C(=O)O[C@](Cc2ccccc2)(c2nc3cc(Cl)ccc3[nH]2)C1=O
CHEMBL517199,PR,,4.523,0,1,Inactive,censored,Cc1cccc(C)c1NC(=O)c1cc(S(N)(=O)=O)c(Cl)cc1O
CHEMBL3094476,PR,5.130,,1,0,,exact,CCC(Cc1cc(C)cc(C)c1)NS(=O)(=O)c1c(C)cc(C)cc1C
CHEMBL1911272,PR,5.820,,1,0,,exact,CN(C)C(=O)c1ccc(-c2ccc3c(n2)Oc2ccccc2[C@H]3C(C)(C)C(=O)Nc2nncs2)cc1F
CHEMBL486433,PR,6.980,,1,0,Active,exact,CN1CC(=O)Nc2ccc(-c3ccc(F)c(Cl)c3)cc2C1(C)C
CHEMBL422444,PR,9.230,,1,0,Active,exact,CSc1ccccc1/C=C1\Oc2ccc(F)cc2-c2ccc3c(c21)C(C)=CC(C)(C)N3
CHEMBL117308,PR,8.300,,2,0,Active,exact,CC1=CC(C)(C)Nc2ccc(-c3cc(F)cc([N+](=O)[O-])c3)cc21
CHEMBL4297524,PR,,4.523,0,1,Inactive,censored,Cc1cn(-c2cc(NC(=O)c3ccc(C)c(Nc4nccc(-c5cnccn5)n4)c3)cc(C(F)(F)F)c2)cn1
CHEMBL219314,PR,7.050,,1,0,Active,exact,COc1ccc(F)cc1C(C)(C)CC(O)(CN1CCC(=O)c2ccccc21)C(F)(F)F
CHEMBL64123,PR,7.890,,4,0,Active,exact,CC1=CC(C)(C)Nc2ccc3c(c21)COc1ccc(Cl)cc1-3
CHEMBL274208,PR,6.210,,1,0,Active,exact,C=CCC1Oc2ccc(OC)c(OC)c2-c2ccc3c(c21)C(C)=CC(C)(C)N3
CHEMBL435753,PR,,5.699,0,1,,censored,COc1ccc(F)cc1C(C)(C)CC(O)(Cn1ccnc1)C(F)(F)F
CHEMBL858,PR,,4.523,0,1,Inactive,censored,O=C(O)CN(CCN(CC(=O)O)CC(=O)O)CC(=O)O
CHEMBL193,PR,,4.523,0,2,Inactive,censored,COC(=O)C1=C(C)NC(C)=C(C(=O)OC)C1c1ccccc1[N+](=O)[O-]
CHEMBL115174,PR,8.480,,1,0,Active,exact,CC1=CC(C)(C)Nc2ccc3c(c21)C(C)Oc1ccccc1-3
CHEMBL569353,PR,6.800,,1,0,Active,exact,Cc1c(C#N)c(N)nc2c3c(sc12)NC(=O)C[C@@H]3c1ccccc1Cl
CHEMBL3939189,PR,6.170,,1,0,Active,exact,O=S(=O)(Nc1ccc(Oc2ccccc2)cc1)c1ccc(Cl)cc1
CHEMBL1233,PR,,4.523,0,1,Inactive,censored,CCCC(C)(COC(N)=O)COC(=O)NC(C)C
CHEMBL12318,PR,,4.523,0,1,Inactive,censored,O=P(O)(O)C(Cl)(Cl)P(=O)(O)O
CHEMBL65690,PR,8.600,,1,0,Active,exact,CC(C)=C/C=C1\Oc2ccc(F)cc2-c2ccc3c(c21)C(C)=CC(C)(C)N3
CHEMBL411,PR,5.605,,2,0,,exact,CC/C(=C(/CC)c1ccc(O)cc1)c1ccc(O)cc1
CHEMBL3931396,PR,5.660,,1,0,,exact,O=S(=O)(c1cccc(Cl)c1)N(Cc1ccccc1)c1ccc(Oc2ccccc2)cc1
CHEMBL395535,PR,6.020,,1,0,Active,exact,C=CCOC(C1=CC(C)(C)Nc2ccc(-c3ccccc3OC)cc21)C(C)C
CHEMBL3397789,PR,6.920,,1,0,Active,exact,CS(=O)(=O)Nc1ccc(C23CC4CC(CC(c5ccc(C#N)cc5)(C4)C2)C3)cc1
CHEMBL25292,PR,7.000,,1,0,Active,exact,COc1cc(C#N)cc(-c2ccc3c(c2)C(C)(C)OC(S)=N3)c1
CHEMBL429910,PR,,4.523,0,2,Inactive,censored,CCOc1ccc(Cc2cc([C@@H]3O[C@H](CO)[C@@H](O)[C@H](O)[C@H]3O)ccc2Cl)cc1
CHEMBL967,PR,,4.523,0,1,Inactive,censored,CN1C(=O)C(O)N=C(c2ccccc2)c2cc(Cl)ccc21
CHEMBL1190,PR,,4.523,0,1,Inactive,censored,C[N+](C)(C)CCCCCCCCCC[N+](C)(C)C
CHEMBL1405,PR,5.300,,1,0,,exact,C[C@]12CC[C@@H]3c4ccc(O)cc4CC[C@H]3[C@@H]1CCC2=O
CHEMBL196929,PR,6.750,,1,0,Active,exact,CC(C)(CC(O)(Cc1ccc(-c2ccccc2)cc1)C(=O)Nc1ccc2c(c1)COC2=O)c1ccccc1
CHEMBL64391,PR,,4.523,0,1,Inactive,censored,CCC(C)n1ncn(-c2ccc(N3CCN(c4ccc(OCC5COC(Cn6cncn6)(c6ccc(Cl)cc6Cl)O5)cc4)CC3)cc2)c1=O
CHEMBL21,PR,,4.523,0,1,Inactive,censored,Nc1ccc(S(N)(=O)=O)cc1
CHEMBL139468,PR,7.160,,1,0,Active,exact,CC1=CC(C)(C)Nc2ccc3c(c21)/C(=C/c1ccc(C)cc1)Oc1ccccc1-3
CHEMBL3954803,PR,6.680,,1,0,Active,exact,N#Cc1ccc(-c2ccc3oc(=O)ccc3c2)n1Cc1ccc(F)cc1
CHEMBL190225,PR,5.770,,1,0,,exact,Cc1c(NS(C)(=O)=O)cccc1N(Cc1ccccc1)Cc1ccc(Oc2ccc(OCC(=O)O)cc2)cc1
CHEMBL262171,PR,7.420,,1,0,Active,exact,O=C(c1ccc(F)c(Br)c1)N1CCCC(c2ccccc2)=N1
CHEMBL1294,PR,,4.523,0,1,Inactive,censored,C=C[C@H]1CN2CC[C@H]1C[C@@H]2[C@@H](O)c1ccnc2ccc(OC)cc12
CHEMBL1201286,PR,,4.523,0,1,Inactive,censored,CC[N+](C)(CC)CCOC(=O)C(O)(c1ccccc1)C1CCCCC1
CHEMBL51669,PR,6.220,,3,0,Active,exact,C=C1CCCC(C)(C)[C@@H]1Cc1cc(OC)c(Br)cc1O
CHEMBL135400,PR,,4.523,0,1,Inactive,censored,CN1CCN(C(=O)OC2c3nccnc3C(=O)N2c2ccc(Cl)cn2)CC1
CHEMBL3707390,PR,,4.523,0,1,Inactive,censored,CN1C(=O)N(C)C2C1N(C)C(=O)N2C
CHEMBL1257572,PR,,6.000,0,2,,censored,Cc1ccc2c(NCC(O)(CC(C)(C)c3cc(F)ccc3O)C(F)(F)F)cccc2n1
CHEMBL1253986,PR,6.720,,1,0,Active,exact,CC(C)(CC(O)(Cc1cc2ccncc2[nH]1)C(F)(F)F)c1ccccc1
CHEMBL524004,PR,,4.523,0,1,Inactive,censored,C[N+]1(C)CCCC(OC(=O)C(O)(c2ccccc2)c2ccccc2)C1
CHEMBL322575,PR,9.230,,1,0,Active,exact,CC1=CC(C)(C)Nc2ccc3c(c21)C(c1ccc(Cl)cc1)Oc1ccc(Cl)cc1-3
CHEMBL3094484,PR,5.460,,1,0,,exact,CCC(Cc1cc(C)c(O)c(C)c1)NS(=O)(=O)c1c(C)cc(C)cc1C
CHEMBL1540,PR,,4.523,0,1,Inactive,censored,Nc1nc(O)c2ncn(CCC(CO)CO)c2n1
CHEMBL3666807,PR,,5.000,0,1,,censored,C[C@H](NC(=O)C(C)(F)F)[C@H](Oc1ccc2c(cnn2-c2cccc(C(=O)N[C@@H]3CCOC3)c2)c1)c1ccc2c(c1)OCCO2
CHEMBL491205,PR,6.860,,1,0,Active,exact,CC1OCC(=O)Nc2ccc(-c3ccc(C#N)n3C)cc21
CHEMBL1569487,PR,,4.523,0,1,Inactive,censored,CN1C(C(=O)Nc2ccccn2)=C(O)c2sc(Cl)cc2S1(=O)=O
CHEMBL621,PR,,4.523,0,1,Inactive,censored,O=c1n(CCCN2CCN(c3cccc(Cl)c3)CC2)nc2ccccn12
CHEMBL555672,PR,6.600,,1,0,Active,exact,CCCCN(c1ccc(C#N)c(Cl)c1)[C@H]1CCN(C)C1
CHEMBL1560,PR,,4.523,0,1,Inactive,censored,C[C@H](CS)C(=O)N1CCC[C@H]1C(=O)O
CHEMBL431280,PR,7.680,,2,0,Active,exact,CC1=CC(C)(C)Nc2cc(F)c3c(c21)Cc1cc(F)ccc1-3
CHEMBL3315056,PR,4.970,,1,0,Inactive,exact,CN(C)C(=O)NC(=O)C(C)(C)[C@@H]1c2ccc(-c3ccc(C(=O)N4CCOCC4)cc3)nc2Oc2c(F)cccc21
CHEMBL1200374,PR,4.530,,1,0,Inactive,exact,C=C1C[C@@H]2[C@H](CC[C@]3(C)C(=O)CC[C@@H]23)[C@@]2(C)C=CC(=O)C=C12
CHEMBL278819,PR,,4.523,0,1,Inactive,censored,Cc1cc(-c2ccccc2)nnc1NCCN1CCOCC1
CHEMBL3120319,PR,8.210,,1,0,Active,exact,C/C(=C1/c2ccccc2COc2ccccc21)c1cccc(NS(C)(=O)=O)c1
CHEMBL3582125,PR,,5.903,0,1,,censored,CC1(C)Nc2c(cc(-c3ccnc4ncccc34)c3c2CCC3)C(C)(C)C1=O
CHEMBL3094480,PR,6.140,,1,0,Active,exact,CCC(Cc1ccc2ccccc2c1)NS(=O)(=O)c1c(C)cc(C)cc1C
CHEMBL1911545,PR,5.840,,1,0,,exact,COc1ccc(F)cc1C(C)(C)CC(O)(Cc1cc2cccc(C)c2[nH]1)C(F)(F)F
CHEMBL299778,PR,6.565,,2,0,Active,exact,C=C1CCC[C@H](C)[C@H]1Cc1cc(OC)c(Br)cc1O
CHEMBL3126951,PR,6.310,,1,0,Active,exact,Cc1ccc(F)cc1C(C)(C)CC(O)(Cc1cc2cnncc2[nH]1)C(F)(F)F
CHEMBL1870796,PR,,4.523,0,1,Inactive,censored,CC(C)(C)C(=O)NCCCC(=O)O
CHEMBL132363,PR,9.380,,1,0,Active,exact,CC1=CC(C)(C)Nc2ccc3c(c21)/C(=C/c1ncccc1C)Oc1ccc(F)cc1-3
CHEMBL1752,PR,,4.523,0,1,Inactive,censored,Cn1c(=O)c2c(ncn2CC(O)CO)n(C)c1=O
CHEMBL4783581,PR,6.390,,1,0,Active,exact,C[C@](O)(Cn1cc(F)cn1)C(=O)Nc1ccc(C#N)c(C(F)(F)F)c1
CHEMBL551269,PR,,6.000,0,1,,censored,CN1C(=O)C=C[C@]2(C)[C@H]3CC[C@]4(C)[C@@H](O)/C(=C/c5cncnc5)C[C@H]4[C@@H]3CC[C@@H]12
CHEMBL19019,PR,,4.523,0,1,Inactive,censored,O=C1CC[C@@]2(O)[C@H]3Cc4ccc(O)c5c4[C@@]2(CCN3CC2CC2)[C@H]1O5
CHEMBL54270,PR,6.150,,3,0,Active,exact,C=C1C=C(C)CC(C)(C)C1Cc1cc(OC)c(Br)cc1OC(C)=O
CHEMBL235209,PR,6.860,,1,0,Active,exact,C[C@@](c1ccc(F)cc1)(c1c[nH]c2c(NS(C)(=O)=O)cccc12)C1CC1
CHEMBL588934,PR,,4.523,0,1,Inactive,censored,CC[C@H]1CN2CC[C@H]1C[C@H]2[C@H](O)c1ccnc2ccc(OC)cc12
CHEMBL48858,PR,6.390,,3,0,Active,exact,C=C1CCCC(C)(C)C1Cc1cc(OC)c(Br)cc1O
CHEMBL2048484,PR,,4.523,0,1,Inactive,censored,Cc1ccc([C@@H]2O[C@H](CO)[C@@H](O)[C@H](O)[C@H]2O)cc1Cc1ccc(-c2ccc(F)cc2)s1
CHEMBL370753,PR,,4.523,0,1,Inactive,censored,OCCN1CCN(CCCN2c3ccccc3C=Cc3ccccc32)CC1
CHEMBL567854,PR,6.880,,1,0,Active,exact,Cn1c(C#N)ccc1-c1ccc2c(c1)CC/C2=N/O
CHEMBL2,PR,,4.523,0,2,Inactive,censored,COc1cc2nc(N3CCN(C(=O)c4ccco4)CC3)nc(N)c2cc1OC
CHEMBL167492,PR,6.950,,1,0,Active,exact,CC1Nc2ccc(-c3coc(C#N)c3)cc2C(C)(C)O1
CHEMBL1413199,PR,,4.523,0,1,Inactive,censored,O=C1c2ccccc2C(=O)C1C(=O)C(c1ccccc1)c1ccccc1
CHEMBL375812,PR,,8.000,0,1,,censored,O=C(O)C[C@@H]1CCc2cc(OCCCOc3ccc(-c4nc5c(s4)CCCC5)cc3)ccc21
CHEMBL1400608,PR,,4.523,0,1,Inactive,censored,Cc1cccc(C)c1NC(=O)CN(CC(=O)O)CC(=O)O
CHEMBL487253,PR,,4.523,0,1,Inactive,censored,Cn1c(CCCC(=O)O)nc2cc(N(CCCl)CCCl)ccc21
CHEMBL3233270,PR,,5.699,0,1,,censored,CCC(O)(Cc1cc2ccncc2[nH]1)CC(C)(C)c1cc(F)ccc1OC
CHEMBL1765293,PR,,4.523,0,1,Inactive,censored,C=C(C)CNc1ccc(C(C)C(=O)O)cc1
CHEMBL91708,PR,5.730,,1,0,,exact,CC1=CC(C)(C)Nc2cc3c(cc21)-c1ccc(Br)cc1C3O
CHEMBL136806,PR,7.520,,1,0,Active,exact,CC1(C)OC(=O)Nc2ccc(-c3cccc(Cl)c3)cc21
CHEMBL203885,PR,6.340,,2,0,Active,exact,C=CCSCC1=CC(C)(C)Nc2ccc(-c3ccccc3OC)cc21
CHEMBL782,PR,,4.523,0,1,Inactive,censored,CCCCNC(=O)NS(=O)(=O)c1ccc(C)cc1
CHEMBL1174,PR,,4.523,0,1,Inactive,censored,N=C(N)NCCCC[C@@H]1NC(=O)CCSSC[C@@H](C(N)=O)NC(=O)[C@@H]2CCCN2C(=O)[C@H](Cc2c[nH]c3ccccc23)NC(=O)[C@H](CC(=O)O)NC(=O)CNC1=O
CHEMBL3093458,PR,5.500,,1,0,,exact,Cc1cc(C)c(S(=O)(=O)NC(CNc2ccccc2)C(F)(F)F)c(C)c1
CHEMBL3576885,PR,5.540,,1,0,,exact,C[C@H](c1ccc(F)cc1)N1C(=O)O[C@](Cc2ccccc2)(c2nc3cc(-c4cc[nH]n4)ccc3[nH]2)C1=O
CHEMBL6063763,PR,8.020,,1,0,Active,exact,C[C@@]1(c2ccc(Sc3ccc(N)cc3)cc2)O[C@@H]2C[C@H]3[C@@H]4C[C@H](F)C5=CC(=O)C=C[C@]5(C)[C@@]4(F)[C@@H](O)C[C@]3(C)[C@]2(C(=O)CO)O1
CHEMBL457,PR,,4.523,0,2,Inactive,censored,Cc1ccc(C)c(OCCCC(C)(C)C(=O)O)c1
CHEMBL188780,PR,7.580,,1,0,Active,exact,Cn1c(C#N)ccc1-c1ccc2nc(O)n(C3CCCC3)c2c1
CHEMBL286398,PR,,4.523,0,1,Inactive,censored,CC(O)CO
CHEMBL1164858,PR,7.890,,1,0,Active,exact,Cc1ccc(C(=O)CC(Nc2ccc([N+](=O)[O-])cc2)C2CCCCC2)cc1
CHEMBL322576,PR,9.230,,1,0,Active,exact,CC1=CC(C)(C)Nc2ccc3c(c21)C(c1ccc(Br)cc1)Oc1ccc(Cl)cc1-3
CHEMBL191423,PR,6.750,,1,0,Active,exact,Cc1c(NS(C)(=O)=O)cccc1N(Cc1ccc(Oc2ccc(F)c(OCC(=O)O)c2)cc1)Cc1ccc(F)cc1F
CHEMBL3706946,PR,6.120,,1,0,Active,exact,COc1c(O)ccc2c1-c1ccc3c(c1/C(=C/c1cccc(O)c1)O2)C(C)=CC(C)(C)N3
CHEMBL3971739,PR,6.330,,1,0,Active,exact,COc1cccc(S(=O)(=O)N(C)c2ccc(Oc3ccccc3)cc2)c1
CHEMBL1672547,PR,9.670,,1,0,Active,exact,CC(C)n1cc(-c2ccc(C#N)c(F)c2)c2ccc(NS(C)(=O)=O)cc21
CHEMBL1253899,PR,5.720,,1,0,,exact,CC(C)(C[C@@](O)(Cc1cc2cnccc2[nH]1)C(F)(F)F)c1cc(F)ccc1O
CHEMBL831,PR,,4.523,0,2,Inactive,censored,CN1CCN(C2=Nc3ccccc3Oc3ccc(Cl)cc32)CC1
CHEMBL546,PR,,4.523,0,1,Inactive,censored,C=CCOc1ccccc1OCC(O)CNC(C)C
CHEMBL54922,PR,,4.523,0,1,Inactive,censored,O=C(O)[C@@H]1CCCN1
CHEMBL3337728,PR,5.600,,1,1,,exact,Cc1cc(-c2c(C)nn(C)c2-c2ccc(F)cc2)cc2c1OCC(=O)N2
CHEMBL2407647,PR,5.090,,1,1,,exact,COc1cc(CNC(=O)[C@@]2(Cc3ccccc3)OC(=O)N([C@@H]3CCc4ccccc43)C2=O)cc(OC)c1
CHEMBL313418,PR,7.950,,2,0,Active,exact,CC1=CC(C)(C)Nc2cc3c(cc21)-c1c(F)cccc1C3
CHEMBL12610,PR,,4.523,0,1,Inactive,censored,CN(C)CCCOc1nn(Cc2ccccc2)c2ccccc12
CHEMBL549624,PR,6.300,,1,0,Active,exact,CC(C)CC(c1nncn1C)N(CC(C)C)c1ccc(C#N)c(Cl)c1
CHEMBL1290,PR,,4.523,0,1,Inactive,censored,CC(C)(C)NC[C@H](O)COc1ccccc1C1CCCC1
CHEMBL2105131,PR,,4.523,0,1,Inactive,censored,CN(CC1(C)CCCO1)S(=O)(=O)c1ccc(Cl)c(S(N)(=O)=O)c1
CHEMBL3957844,PR,5.460,,1,0,,exact,COc1ccc(S(=O)(=O)N(Cc2ccccc2)c2ccc(Oc3ccccc3)cc2)cc1
CHEMBL227875,PR,,4.523,0,1,Inactive,censored,O=[N+]([O-])c1cn2c(n1)OC[C@@H](OCc1ccc(OC(F)(F)F)cc1)C2
CHEMBL583858,PR,6.350,,1,0,Active,exact,C[C@]12Cn3cnc(-c4ccc(F)cc4)c3C=C1CCC[C@@H]2[C@H](O)c1ccc(F)cc1
CHEMBL3707348,PR,,4.523,0,1,Inactive,censored,CC#CC(=O)N1CCC[C@H]1c1nc(-c2ccc(C(=O)Nc3ccccn3)cc2)c2c(N)nccn12
CHEMBL489411,PR,,4.523,0,1,Inactive,censored,CCC(C)(C)c1ccc(CC(C)CN2C[C@@H](C)O[C@@H](C)C2)cc1
CHEMBL164139,PR,7.940,,1,0,Active,exact,CC1Nc2ccc(-c3csc(C#N)c3)cc2C(C)(C)O1
CHEMBL3126940,PR,,5.699,0,1,,censored,COc1ccc(F)cc1C(C)(C)CC(O)(Cc1cc2ncncc2[nH]1)C(F)(F)F
CHEMBL852,PR,,4.523,0,1,Inactive,censored,N[C@@H](Cc1ccc(N(CCCl)CCCl)cc1)C(=O)O
CHEMBL3545185,PR,,4.523,0,1,Inactive,censored,O=C(/C=C\n1cnc(-c2cc(C(F)(F)F)cc(C(F)(F)F)c2)n1)NNc1cnccn1
CHEMBL218976,PR,,5.699,0,1,,censored,COc1ccc(F)cc1C(C)(C)CC(O)(CN1CCCc2ccccc21)C(F)(F)F
CHEMBL1086115,PR,,5.000,0,1,,censored,CCN(c1ccccc1)S(=O)(=O)c1ccc(-c2ccc3c(cnn3-c3ccc(F)cc3)c2)c(C(F)(F)F)c1
CHEMBL144803,PR,6.290,,1,0,Active,exact,O=C(c1ccc(F)c(F)c1)N1CCCC(c2ccccc2)=N1
CHEMBL1239,PR,,4.523,0,1,Inactive,censored,O=C(OCc1ccccc1)c1ccccc1
CHEMBL337199,PR,6.625,,2,0,Active,exact,CC1=CC(C)(C)Nc2ccc(-c3cccs3)cc21
CHEMBL411185,PR,8.620,,1,0,Active,exact,C#C[C@]1(O)CC[C@H]2[C@@H]3CCC4=CC(=O)CCC4=C3[C@@H](c3ccc(N(C)C(=O)CNC(=O)OC4CC[C@@]5(C)[C@@H](C4)C[C@@H](O)[C@@H]4[C@@H]5C[C@H](O)[C@]5(C)[C@@H]([C@H](C)CCC(=O)O)CC[C@@H]45)cc3)C[C@@]21C
CHEMBL3086027,PR,,5.036,0,1,,censored,Cc1cn(-c2ccc(CNS(=O)(=O)c3cc(F)ccc3F)cc2)c(C)n1
CHEMBL501627,PR,,5.000,0,1,,censored,N#Cc1ccc(C2CCCCC2O)cc1C(F)(F)F
CHEMBL1801012,PR,6.560,,2,0,Active,exact,CC(C)(C(=O)Nc1nccs1)[C@@H](c1ccccc1)c1ccc(O)cc1
CHEMBL457977,PR,,5.000,0,1,,censored,Fc1ccc(-c2c3cccc(C(F)(F)F)c3nn2Cc2ccccc2F)cc1
CHEMBL5883931,PR,6.770,,1,0,Active,exact,C[C@]12C=CC(=O)C=C1[C@@H](F)C[C@H]1[C@@H]3C[C@H]4O[C@@H](c5ccc(Cc6cccc(N)c6)c(O)c5)O[C@@]4(C(=O)CO)[C@@]3(C)C[C@H](O)[C@@]12F
CHEMBL268869,PR,,4.523,0,1,Inactive,censored,COc1ccc(NS(=O)(=O)c2ccc(N)cc2)nn1
CHEMBL194014,PR,,4.523,0,1,Inactive,censored,CCCOC(=O)c1ccc(O)cc1
CHEMBL434200,PR,,4.523,0,1,Inactive,censored,CC(C)(C)NCC(O)COc1cccc2c1SCCC2
CHEMBL50849,PR,6.800,,3,0,Active,exact,COc1cc(CC2C(C)(C)CC(C)=CC23CC3)c(OC(C)=O)cc1Br
CHEMBL121,PR,,4.523,0,1,Inactive,censored,CN(CCOc1ccc(CC2SC(=O)NC2=O)cc1)c1ccccn1
CHEMBL1502,PR,,4.523,0,1,Inactive,censored,COc1ccnc(C[S+]([O-])c2nc3cc(OC(F)F)ccc3[nH]2)c1OC
CHEMBL1201302,PR,,4.523,0,1,Inactive,censored,C[C@@H]1C[C@H]2[C@@H]3CCC4=CC(=O)C=C[C@]4(C)[C@@]3(F)[C@@H](O)C[C@]2(C)[C@@]1(O)C(=O)COP(=O)(O)O
CHEMBL5748447,PR,8.140,,1,0,Active,exact,C[C@]12C=CC(=O)C=C1[C@@H](F)C[C@H]1[C@@H]3C[C@H]4O[C@@H](c5ccc(Oc6cccc(N)c6)cc5)O[C@@]4(C(=O)CO)[C@@]3(C)C[C@H](O)[C@@]12F
CHEMBL438260,PR,6.800,,1,0,Active,exact,CC(C)(CC(O)(Cc1cc(O)cc(O)c1)C(=O)Nc1ccc2c(c1)COC2=O)c1ccccc1
CHEMBL7781,PR,7.660,,1,0,Active,exact,C=CCC1Oc2c(Br)cc(O)c(Cl)c2-c2ccc3c(c21)C(C)=CC(C)(C)N3
CHEMBL5875641,PR,7.810,,1,0,Active,exact,C[C@]12C=CC(=O)C=C1[C@@H](F)C[C@H]1[C@@H]3C[C@H]4O[C@@H](c5ccc(CSc6ccc(N)c(Cl)c6)cc5)O[C@@]4(C(=O)CO)[C@@]3(C)C[C@H](O)[C@@]12F
CHEMBL760,PR,,4.523,0,1,Inactive,censored,O=C1CN2Cc3c(ccc(Cl)c3Cl)N=C2N1
CHEMBL4446086,PR,,4.300,0,1,Inactive,censored,CC(C)C[C@H]1COc2cc(F)ccc2N1C(=O)c1ccc2c(c1)NC(=O)CC2
CHEMBL3337830,PR,5.890,,1,1,,exact,Cc1nn(CC(F)(F)CCO)c(-c2ccc(F)cc2)c1-c1ccc2c(c1)NC(=O)CO2
CHEMBL137982,PR,,5.301,0,1,,censored,COc1cccc2c1-c1ccc3c(c1C(CC(C)C)O2)C(C)=CC(C)(C)N3
CHEMBL34824,PR,8.460,,1,0,Active,exact,CC1C(=O)C(C)(C)Nc2ccc3c(c21)/C(=C/c1cccc(F)c1)Oc1ccccc1-3
CHEMBL1835836,PR,4.820,,3,0,Inactive,exact,Cn1c(C#N)ccc1-c1ccc2oc(=O)ccc2c1
CHEMBL4296682,PR,5.740,,1,0,,exact,CCN(C)C(=O)c1ccc(-c2ccc3c(n2)Oc2ccccc2[C@@H]3C(C)(C)C(=O)Nc2nncs2)cc1F
CHEMBL1086086,PR,5.300,,1,0,,exact,O=S(=O)(NCCO)c1ccc(-c2ccc3c(cnn3-c3ccc(F)cc3)c2)c(C(F)(F)F)c1
CHEMBL113099,PR,7.190,,1,0,Active,exact,CCCOC1Oc2ccccc2-c2ccc3c(c21)C(C)=CC(C)(C)N3
CHEMBL93463,PR,6.880,,3,0,Active,exact,CC1=CC(C)(C)Nc2ccc(-c3ccccc3)cc21
CHEMBL228932,PR,,5.699,0,1,,censored,COc1ccccc1-c1ccc2c(c1)C(C(C)OCCCc1ccccc1)=CC(C)(C)N2
CHEMBL487930,PR,7.180,,1,0,Active,exact,CC1(c2cccs2)OCC(=O)Nc2ccc(-c3ccc(F)c(Cl)c3)cc21
CHEMBL37390,PR,,4.523,0,1,Inactive,censored,CC(O)Cn1cnc2c1c(=O)n(C)c(=O)n2C
CHEMBL3233279,PR,6.110,,1,0,Active,exact,Cc1ccc(F)cc1C(C)(C)CC(O)(Cc1cc2cnccc2[nH]1)C(C)(C)C
CHEMBL102541,PR,8.770,,1,0,Active,exact,CC1=CC(C)(C)Nc2ccc3c(c21)C(c1cc(Cl)cc(Cl)c1)Oc1ccccc1-3
CHEMBL556892,PR,7.890,,1,0,Active,exact,CCC(c1nnnn1C)N(Cc1ccccc1Cl)c1ccc(C#N)c(Cl)c1
CHEMBL561713,PR,8.300,,1,0,Active,exact,CC(C)CC(c1nnnn1C)N(Cc1ccccc1Cl)c1ccc(C#N)c(Cl)c1
CHEMBL2105737,PR,4.710,,1,0,Inactive,exact,Cc1c(C(=O)Nc2ccc(N3C[C@@H](C)O[C@@H](C)C3)nc2)cccc1-c1ccc(OC(F)(F)F)cc1
CHEMBL373498,PR,,5.699,0,1,,censored,COc1ccc(F)cc1C(C)(C)CC(O)(Cn1cnc2ccccc21)C(F)(F)F
CHEMBL3358922,PR,5.960,,1,0,,exact,Cc1ccc(F)cc1C(C)(C)CC(O)(Cc1cc2c(C)cncc2[nH]1)C(F)(F)F
CHEMBL2105190,PR,,4.523,0,1,Inactive,censored,O=C(NNCS(=O)(=O)O)c1ccncc1
CHEMBL76725,PR,,4.523,0,1,Inactive,censored,N=C(N)NCC1COc2ccccc2O1
CHEMBL198362,PR,,4.523,0,1,Inactive,censored,O=C(NC[C@H]1CN(c2ccc(N3CCOCC3=O)cc2)C(=O)O1)c1ccc(Cl)s1
CHEMBL3982227,PR,6.130,,1,0,Active,exact,O=S(=O)(Nc1ccc(Oc2ccccc2)cc1)c1ccccc1Cl
CHEMBL18442,PR,,4.523,0,1,Inactive,censored,c1cc(CN2CCCNCCNCCCNCC2)ccc1CN1CCCNCCNCCCNCC1
CHEMBL1085381,PR,6.200,,1,0,Active,exact,CC(C)CNS(=O)(=O)c1ccc(-c2ccc3c(cnn3-c3ccc(F)cc3)c2)c(C(F)(F)F)c1
CHEMBL436848,PR,6.100,,2,0,Active,exact,Cc1cc(-c2cc3ccccc3[nH]2)c(Cl)c2c1NC(C)(C)CC2C
CHEMBL8260,PR,4.820,,1,0,Inactive,exact,O=c1cc(-c2ccccc2)oc2cc(O)c(O)c(O)c12
CHEMBL196,PR,,4.523,0,1,Inactive,censored,O=C1O[C@H]([C@@H](O)CO)C(O)=C1O
CHEMBL141836,PR,5.370,,1,0,,exact,COc1cccc2c1-c1ccc3c(c1C(C)O2)C(C)=CC(C)(C)N3
CHEMBL1014,PR,4.870,,1,0,Inactive,exact,CCOc1nc2cccc(C(=O)OC(C)OC(=O)OC3CCCCC3)c2n1Cc1ccc(-c2ccccc2-c2nn[nH]n2)cc1
CHEMBL486910,PR,7.000,,1,0,Active,exact,CC1(C)OCC(=O)Nc2ccc(-c3ccc(F)cc3)cc21
CHEMBL3337828,PR,5.290,,2,0,,exact,Cc1nn(CCC#N)c(-c2ccc(F)cc2)c1-c1ccc2c(c1)NC(=O)CO2
CHEMBL328261,PR,6.350,,1,0,Active,exact,CC1=CC(C)(C)Nc2cc3c(cc21)-c1c(F)cccc1C3O
CHEMBL5955869,PR,6.970,,1,0,Active,exact,C[C@H](c1ccc([C@@H]2O[C@@H]3C[C@H]4[C@@H]5C[C@H](F)C6=CC(=O)C=C[C@]6(C)[C@@]5(F)[C@@H](O)C[C@]4(C)[C@]3(C(=O)CO)O2)cc1)c1cccc(N)c1
CHEMBL3233278,PR,,5.699,0,1,,censored,COc1ccc(F)cc1C(C)(C)CC(O)(Cc1cc2cnccc2[nH]1)C1CC1
CHEMBL1200868,PR,,4.523,0,1,Inactive,censored,Nc1ccc(C(=O)Oc2ccccc2)c(O)c1
CHEMBL1614,PR,,4.523,0,1,Inactive,censored,C[C@H]1O[C@@H](O[C@H]2CC[C@@]3(C)[C@H](CC[C@@H]4[C@@H]3C[C@@H](O)[C@]3(C)[C@@H](C5=CC(=O)OC5)CC[C@]43O)C2)C[C@H](O)[C@@H]1O[C@H]1C[C@H](O)[C@H](O[C@H]2C[C@H](O)[C@H](O[C@@H]3O[C@H](CO)[C@@H](O)[C@H](O)[C@H]3O)[C@@H](C)O2)[C@@H](C)O1
CHEMBL1909286,PR,,4.523,0,1,Inactive,censored,CC(COc1ccccc1)NN
CHEMBL398435,PR,5.120,,1,0,,exact,CCCSc1nc(N[C@@H]2C[C@H]2c2ccc(F)c(F)c2)c2nnn([C@@H]3C[C@H](OCCO)[C@@H](O)[C@H]3O)c2n1
CHEMBL102720,PR,8.920,,1,0,Active,exact,CC1=CC(C)(C)Nc2ccc3c(c21)C(c1ccc(Cl)c(C)c1)Oc1ccccc1-3
CHEMBL233038,PR,,5.699,0,1,,censored,CC(Cc1c[nH]c2ccccc12)NS(=O)(=O)c1ccc(C(C)(C)C)cc1
CHEMBL1790041,PR,,4.523,0,2,Inactive,censored,CNC(=C[N+](=O)[O-])NCCSCc1ccc(CN(C)C)o1
CHEMBL11608,PR,,4.523,0,1,Inactive,censored,NCCc1ccc(O)cc1
CHEMBL1644764,PR,5.720,,1,0,,exact,Cc1cc(-c2cccc3cc[nH]c23)c(Cl)c2c1NC(C)(C)C(C)(C)C2=O
CHEMBL114941,PR,8.920,,1,0,Active,exact,CCCCC1Oc2ccc(C)cc2-c2ccc3c(c21)C(C)=CC(C)(C)N3
CHEMBL191886,PR,,4.523,0,1,Inactive,censored,Cc1ncc2c(c1O)COC2c1ccc(Cl)cc1
CHEMBL242872,PR,5.720,,1,0,,exact,COc1ccccc1-c1ccc2c(c1)C(C(C)OCCc1cccc(Cl)c1)=CC(C)(C)N2
CHEMBL3692347,PR,7.210,,1,0,Active,exact,C[C@@H]1CC2=CC(=O)CC[C@@H]2[C@H]2CC[C@@]3(C)[C@@H](CC[C@@]34C=CCO4)[C@@H]21
CHEMBL1454,PR,,4.523,0,1,Inactive,censored,c1ccc([C@H]2CN3CCSC3=N2)cc1
CHEMBL552107,PR,7.600,,1,0,Active,exact,CC(C)CC(c1nncn1C)N(Cc1ccccc1Cl)c1ccc(C#N)c(Cl)c1
CHEMBL551784,PR,7.400,,1,0,Active,exact,CC(c1cn(C)nn1)N(Cc1ccccc1Cl)c1ccc(C#N)c(Cl)c1
CHEMBL337262,PR,7.730,,1,0,Active,exact,CC1=CC(C)(C)Nc2ccc3c(c21)/C(=C/c1cccc(Cl)c1)Oc1ccccc1-3
CHEMBL1237,PR,,4.523,0,2,Inactive,censored,NCCCC[C@H](N[C@@H](CCc1ccccc1)C(=O)O)C(=O)N1CCC[C@H]1C(=O)O
CHEMBL1492,PR,,4.523,0,1,Inactive,censored,CN1CCC(OC(c2ccccc2)c2ccccc2)CC1
CHEMBL4163497,PR,6.570,,1,0,Active,exact,COc1cc(C(O)(C(F)(F)F)C(F)(F)F)cc2c1[nH]c(=O)c1ccccc12
CHEMBL3263762,PR,5.830,,1,0,,exact,COc1nc(C2=NN(c3ccc(C#N)c(C)c3)[C@@H](C3CCCC3)C2)ccc1C(=O)N(C)C
CHEMBL3930183,PR,6.430,,1,0,Active,exact,COc1cccc(Oc2ccc(NS(=O)(=O)c3cccc(OC)c3)cc2)c1
CHEMBL3692356,PR,6.680,,1,0,Active,exact,CC[C@]12CC[C@H]3[C@@H]([C@H](C4CC4)CC4=CC(=O)CC[C@@H]43)[C@@H]1CC[C@@]21C=CCO1
CHEMBL1519,PR,,4.523,0,1,Inactive,censored,CCOC(=O)[C@H](CCc1ccccc1)N[C@@H](C)C(=O)N1[C@H](C(=O)O)C[C@H]2CCCC[C@@H]21
CHEMBL1276342,PR,,4.523,0,1,Inactive,censored,CO[C@@]1(NC(=O)CSC[C@@H](N)C(=O)O)C(=O)N2C(C(=O)O)=C(CSc3nnnn3C)CS[C@@H]21
CHEMBL1501,PR,7.700,,1,0,Active,exact,CC(=O)OCC(=O)[C@@]12OC(C)(C)O[C@@H]1C[C@H]1[C@@H]3C[C@H](F)C4=CC(=O)C=C[C@]4(C)[C@@]3(F)[C@@H](O)C[C@@]12C
CHEMBL372368,PR,,5.699,0,1,,censored,CC(C)(CC(O)C(=O)Nc1ccc2c(c1)COC2=O)c1ccccc1
CHEMBL5764729,PR,7.800,,1,0,Active,exact,C[C@]12C=CC(=O)C=C1[C@@H](F)C[C@H]1[C@@H]3C[C@H]4O[C@@H](c5ccc(Sc6ccc(N)cc6)cc5)O[C@@]4(C(=O)CO)[C@@]3(C)C[C@H](O)[C@@]12F
CHEMBL373567,PR,,5.699,0,1,,censored,Cc1ccc(O)cc1C(C)(C)CC(O)(Cn1ccc(=O)c2ccccc21)C(F)(F)F
CHEMBL3358942,PR,,5.699,0,1,,censored,CC(C)(CC(O)(Cc1cc2cc(S(C)(=O)=O)ncc2[nH]1)C(F)(F)F)c1ccccc1C(N)=O
CHEMBL3233272,PR,5.750,,1,0,,exact,COc1ccc(F)cc1C(C)(C)CC(O)(Cc1cc2ccncc2[nH]1)C(C)(C)C
CHEMBL204717,PR,,5.699,0,1,,censored,C=CCSCC1=CC(C)(C)Nc2ccc(-c3cccc(OC)c3OC)cc21
CHEMBL2105453,PR,,4.523,0,1,Inactive,censored,OC(CN1CCCCC1)c1cc(-c2ccccc2)on1
CHEMBL3946665,PR,6.470,,1,0,Active,exact,CC(=O)c1ccc(-c2ccc3oc(=O)ccc3c2)s1
CHEMBL406027,PR,8.720,,1,0,Active,exact,C#C[C@]1(O)CC[C@H]2[C@@H]3CCC4=CC(=O)CCC4=C3[C@@H](c3ccc(N(C)CCCS(=O)(=O)N(C)C4CC[C@@]5(C)[C@@H](C4)C[C@@H](O)[C@@H]4[C@@H]5C[C@H](O)[C@]5(C)[C@@H]([C@H](C)CCC(=O)O)CC[C@@H]45)cc3)C[C@@]21C
CHEMBL3578286,PR,5.540,,1,0,,exact,C[C@H](c1ccc(F)cc1)N1C(=O)O[C@](Cc2ccccc2)(c2nc3cc(-c4cccnc4)ccc3[nH]2)C1=O
CHEMBL1093312,PR,5.100,,1,0,,exact,CCCCn1c(=O)c2ccccc2c2cc(C)ccc21
CHEMBL2107636,PR,,4.523,0,1,Inactive,censored,Cc1nnc(SCC2=C(C(=O)O)N3C(=O)[C@@H](NC(=O)Cn4cc(Cl)c(=O)c(Cl)c4)[C@H]3SC2)s1
CHEMBL1093,PR,,4.523,0,1,Inactive,censored,CCCNC(C)C(=O)Nc1c(C)csc1C(=O)OC
CHEMBL16073,PR,,4.523,0,1,Inactive,censored,CCOc1ccc(NC(C)=O)cc1
CHEMBL3358937,PR,,5.699,0,1,,censored,CC(C)(CC(O)(Cc1cc2cc(N3CCOCC3)ncc2[nH]1)C(F)(F)F)c1ccccc1S(C)(=O)=O
CHEMBL1293,PR,,4.523,0,1,Inactive,censored,CC1=C(/C=C/C(C)=C/C=C/C(C)=C/C=C/C=C(C)/C=C/C=C(C)/C=C/C2=C(C)CCCC2(C)C)C(C)(C)CCC1
CHEMBL5191405,PR,,7.000,0,1,,censored,CC(CN1CCCC2CCCNC21)OCC(=O)N1Nc2cc(O)ccc2C2COc3cc(O)ccc3C21
CHEMBL527871,PR,7.060,,1,0,Active,exact,O=C1COC(c2ccccc2)(c2ccccc2)c2cc(-c3ccc(F)c(Cl)c3)ccc2N1
CHEMBL488560,PR,7.110,,1,0,Active,exact,CC(C)C1(c2cccs2)OCC(=S)Nc2ccc(-c3cc(F)cc(C#N)c3)cc21
CHEMBL4163940,PR,6.440,,1,0,Active,exact,CCCc1cc(C(O)(C(F)(F)F)C(F)(F)F)cc2c1[nH]c(=O)c1ccccc12
CHEMBL325213,PR,8.180,,1,0,Active,exact,CCCSC1Oc2ccc(F)cc2-c2ccc3c(c21)C(C)=CC(C)(C)N3
CHEMBL1254344,PR,,5.699,0,1,,censored,CC(C)(CC(O)(Cc1cc2ccncc2[nH]1)C(F)(F)F)c1cc(-c2cccnc2)ccc1O
CHEMBL233659,PR,,5.699,0,1,,censored,CC(Cc1c[nH]c2ccccc12)NS(=O)(=O)c1ccc(Cl)cc1Cl
CHEMBL438885,PR,6.190,,1,0,Active,exact,Cc1cc(-c2cc(Cl)cc3cc[nH]c23)c(Cl)c2c1NC(C)(C)CC2C
CHEMBL376359,PR,,4.523,0,1,Inactive,censored,Cn1c(=O)cc(N2CCC[C@@H](N)C2)n(Cc2ccccc2C#N)c1=O
CHEMBL3983391,PR,5.660,,1,0,,exact,CS(=O)(=O)Nc1ccc(Oc2ccccc2)cc1
CHEMBL1476605,PR,5.940,,1,0,,exact,CC(C)(C)CC(C)(C)c1ccc(O)c(Cc2ccc(Cl)cc2Cl)c1
CHEMBL9225,PR,5.730,,1,0,,exact,CC[C@H](c1ccc(O)cc1)[C@@H](CC)c1ccc(O)cc1
CHEMBL345714,PR,,4.523,0,1,Inactive,censored,Cc1cnc(C(=O)O)c[n+]1[O-]
CHEMBL920,PR,,4.523,0,1,Inactive,censored,C[N+](C)(C)CCO
CHEMBL1201027,PR,,4.523,0,2,Inactive,censored,C[N+]1(C)CCC(OC(=O)C(O)(c2ccccc2)C2CCCC2)C1.[Br-]
CHEMBL132767,PR,,4.523,0,1,Inactive,censored,CCN(CC)c1cc(C)nc2ncnn12
CHEMBL549554,PR,7.200,,1,0,Active,exact,Cc1nnc(C(C)N(Cc2ccccc2Cl)c2ccc(C#N)c(Cl)c2)n1C
CHEMBL1760023,PR,5.420,,1,0,,exact,CO/N=C1/c2c(cc(F)c(-c3cccc4c(C)c[nH]c34)c2F)NC(C)(C)C1O
CHEMBL595,PR,,4.523,0,2,Inactive,censored,CCc1ccc(CCOc2ccc(CC3SC(=O)NC3=O)cc2)nc1
CHEMBL15841,PR,,4.523,0,1,Inactive,censored,CCOC(=O)c1ccc(O)cc1
CHEMBL452860,PR,9.360,,1,0,Active,exact,CC#C[C@]1(O)CC[C@H]2[C@@H]3CCC4=CC(=O)CCC4=C3[C@@H](c3ccc(N(C)CCCCCC(=O)O)cc3)C[C@@]21C
CHEMBL5868354,PR,5.960,,1,0,,exact,C[C@@H](Nc1ccc([C@@H]2O[C@@H]3C[C@H]4[C@@H]5CCC6=CC(=O)C=C[C@]6(C)[C@@]5(F)[C@@H](O)C[C@]4(C)[C@]3(C(=O)CO)O2)cn1)c1ccc(N)cc1
CHEMBL227784,PR,5.700,,1,0,,exact,O=c1cc(C(F)(F)F)c2cc3c(cc2[nH]1)OCCN3CC1CC1
CHEMBL1163595,PR,5.950,,1,0,,exact,COc1ccc(NC(CC(=O)c2ccc(C)cc2)c2ccccc2)cc1
CHEMBL4096901,PR,5.380,,1,0,,exact,CCOc1ncc(C)c2c1[C@H](c1ccc(C#N)cc1OC)C(C#N)=C(C)N2
CHEMBL299828,PR,6.600,,2,0,Active,exact,C=C1C=C(C)C(Cc2cc(OC)c(Br)cc2O)C(C)(C)C1
CHEMBL521141,PR,7.440,,1,0,Active,exact,Cn1c(C#N)ccc1-c1ccc2c(c1)C(c1ccccc1)(c1ccccc1)OCC(=O)N2
CHEMBL1963683,PR,,4.523,0,1,Inactive,censored,CC(C)OC(=O)CCC/C=C\C[C@@H]1[C@@H](/C=C/C(F)(F)COc2ccccc2)[C@H](O)C[C@@H]1O
CHEMBL2104744,PR,8.350,,1,0,Active,exact,CC(=O)O[C@]1(C(C)=O)CC[C@H]2[C@@H]3CCC4=CC(=O)CC[C@@H]4[C@H]3[C@@H](C)C[C@@]21C
CHEMBL3263750,PR,5.570,,1,0,,exact,COc1cc(C2=NN(c3ccc(C#N)c(C)c3)[C@@H](C3CCCC3)C2)ccc1C(=O)O
CHEMBL1411693,PR,,4.523,0,1,Inactive,censored,COc1cc(C)nc(-n2nc(C)cc2OC)n1
CHEMBL1714574,PR,4.730,,1,0,Inactive,exact,CC(C)N1CCN(c2ccc(OCC3COC(Cn4cncn4)(c4ccc(Cl)cc4Cl)O3)cc2)CC1
CHEMBL1163899,PR,7.750,,1,0,Active,exact,COc1ccc(C(=O)CC(Nc2ccc([N+](=O)[O-])cc2)c2ccc(C(F)(F)F)cc2)cc1
CHEMBL1682431,PR,6.720,,1,0,Active,exact,Cc1c(Cl)c(-c2cccc3cc[nH]c23)cc2c1NC(C)(C)[C@H](O)[C@H]2C
CHEMBL4066573,PR,7.090,,1,0,Active,exact,CC[C@H](C)[C@H](NC(=O)[C@H](CCCCN)NC(=O)[C@H](Cc1cnc[nH]1)NC(=O)CCNC(=S)Nc1ccc2c(c1)C(=O)OC21c2ccc(O)cc2Oc2cc(O)ccc21)C(=O)N[C@@H](CC(C)C)C(=O)N[C@@H](Cc1cnc[nH]1)C(=O)N[C@@H](CCCNC(=N)N)C(=O)N[C@@H](CC(C)C)C(=O)N[C@@H](CC(C)C)C(=O)N[C@@H](CCC(N)=O)C(N)=O
CHEMBL522264,PR,8.480,,1,0,Active,exact,Cn1c(C#N)ccc1-c1ccc2c(c1)C(C)(C)OCC(=O)N2
CHEMBL282650,PR,8.970,,2,0,Active,exact,CC1(C)OC(S)=Nc2ccc(-c3csc(C#N)c3)cc21
CHEMBL213225,PR,6.200,,1,0,Active,exact,O=S(=O)(c1cccc(Cl)c1)N1CCCCC(c2ccc(Cl)cc2)=N1
CHEMBL3397784,PR,6.900,,1,0,Active,exact,CCCCCC(=O)N(C)c1ccc(C23CC4CC(CC(c5ccc(C#N)cc5)(C4)C2)C3)cc1
CHEMBL3605926,PR,6.600,,1,0,Active,exact,COc1cc(F)ccc1-c1c(CN(C)Cc2ccccc2)[nH]c2c(NS(C)(=O)=O)cc(C(C)(C)C)cc12
CHEMBL3746388,PR,,5.000,0,1,,censored,Cn1cc(C(=O)O)c2ccc(N3CCC(OCc4c(-c5c(Cl)cccc5Cl)noc4C4CC4)CC3)cc21
CHEMBL1697838,PR,,4.523,0,1,Inactive,censored,COCCOc1cnc(NS(=O)(=O)c2ccccc2)nc1
CHEMBL585848,PR,7.100,,1,0,Active,exact,Cc1ccc(F)cc1CN(c1ccc(C#N)c(Cl)c1)[C@H]1CCN(C(=O)[C@H](C)O)C1
CHEMBL3962413,PR,,6.000,0,1,,censored,CC[C@@H]1C[C@](O)(C(F)(F)F)[C@@H](Nc2cccc3[nH]c(=O)ccc23)c2cc(F)c(F)c(O)c21
CHEMBL1645400,PR,7.100,,1,0,Active,exact,COc1ncc(C#N)cc1-c1ccc([C@@H](C)NS(=O)(=O)c2c(C)noc2C)cc1
CHEMBL191042,PR,6.850,,1,0,Active,exact,Cc1c(NS(C)(=O)=O)cccc1N(Cc1ccc(Oc2ccc(Br)c(OCC(=O)O)c2)cc1)Cc1ccc(F)cc1F
CHEMBL1095930,PR,,4.523,0,1,Inactive,censored,CO/N=C(\C(=O)N[C@@H]1C(=O)N2C(C(=O)OC(C)OC(C)=O)=C(COC(N)=O)CS[C@H]12)c1ccco1
CHEMBL440454,PR,5.540,,1,0,,exact,C=CCC1Oc2cccc(NC)c2-c2ccc3c(c21)C(C)=CC(C)(C)N3
CHEMBL608,PR,,4.523,0,1,Inactive,censored,CC(C)(Sc1cc(C(C)(C)C)c(O)c(C(C)(C)C)c1)Sc1cc(C(C)(C)C)c(O)c(C(C)(C)C)c1
CHEMBL1064,PR,5.040,,1,1,,exact,CCC(C)(C)C(=O)O[C@H]1C[C@@H](C)C=C2C=C[C@H](C)[C@H](CC[C@@H]3C[C@@H](O)CC(=O)O3)[C@H]21
CHEMBL64294,PR,7.495,,4,0,Active,exact,CC1=CC(C)(C)Nc2ccc3c(c21)COc1ccc([N+](=O)[O-])cc1-3
CHEMBL1296,PR,,4.523,0,1,Inactive,censored,CN(C)CCn1nnnc1SCC1=C(C(=O)O)N2C(=O)[C@@H](NC(=O)Cc3csc(N)n3)[C@H]2SC1
CHEMBL117287,PR,,4.523,0,1,Inactive,censored,COCCCN1CCC(NC(=O)c2cc(Cl)c(N)c3c2OCC3)CC1
CHEMBL272663,PR,7.440,,1,0,Active,exact,CCC1(CC)C(=O)Nc2ccc(-c3ccc(C#N)n3C)cc21
CHEMBL63015,PR,7.780,,2,0,Active,exact,CC/C(C)=C1/Oc2ccc(F)cc2-c2ccc3c(c21)C(C)=CC(C)(C)N3
CHEMBL270908,PR,7.660,,1,0,Active,exact,Cn1c(C#N)ccc1-c1ccc2c(c1)C(C)(C)C(=O)N2
CHEMBL1254734,PR,,5.699,0,2,,censored,COc1ccc(F)cc1C(C)(C)CC(O)(Cc1cc2ccncc2[nH]1)C(F)(F)F
CHEMBL1928877,PR,6.460,,1,0,Active,exact,O=C1COc2ccc(C3=Nn4ccnc4SC3c3ccccc3)cc2N1
CHEMBL417729,PR,6.395,,2,0,Active,exact,C=C1CCCC(C)(C)[C@H]1Cc1cc(OC)c(Br)cc1O
CHEMBL2419299,PR,5.500,,1,0,,exact,CC1NC(=O)C(c2ccc(F)cc2)=C1c1cc(F)c2c(c1)NC(=O)CO2
CHEMBL1088840,PR,5.070,,1,0,,exact,CCCCn1c(=O)c2ccccc2c2cc(CO)ccc21
CHEMBL231068,PR,,4.523,0,1,Inactive,censored,O=c1[nH]c2ccccc2n1CCN1CCN(c2cccc(C(F)(F)F)c2)CC1
CHEMBL3094477,PR,5.470,,1,0,,exact,CCC(Cc1cc(F)cc(F)c1)NS(=O)(=O)c1c(C)cc(C)cc1C
CHEMBL704,PR,,4.523,0,1,Inactive,censored,Nc1ccc(O)c(C(=O)O)c1
CHEMBL3976935,PR,6.100,,1,0,Active,exact,CSc1ccc([C@@H](Oc2ccc3c(cnn3-c3ccc(F)cc3)c2)[C@H](C)NS(=O)(=O)C2CC2)cc1
CHEMBL2107830,PR,,4.523,0,1,Inactive,censored,OC[C@H]1O[C@@H](c2ccc(Cl)c(Cc3ccc(O[C@H]4CCOC4)cc3)c2)[C@H](O)[C@@H](O)[C@@H]1O
CHEMBL3977631,PR,,4.921,0,1,Inactive,censored,C[C@H](NS(=O)(=O)C1CC1)[C@H](Oc1ccc2c(cnn2-c2ccc(F)cc2)c1)c1ccc(S(C)(=O)=O)cc1
CHEMBL4862974,PR,,4.398,0,1,Inactive,censored,O=C(O)c1cc(C(F)(F)F)c2cc(N3CCC4(C=C(c5c(-c6c(Cl)cncc6Cl)noc5C5CC5)C4)CC3)ccc2n1
CHEMBL1738,PR,,4.523,0,1,Inactive,censored,C[C@@H](CN1CC(=O)NC(=O)C1)N1CC(=O)NC(=O)C1
CHEMBL337885,PR,7.430,,2,0,Active,exact,CC1=CC(C)(C)Nc2ccc(-c3csc(C=O)c3)cc21
CHEMBL1911544,PR,6.030,,1,0,Active,exact,COc1ccc(F)cc1C(C)(C)CC(O)(Cc1cc2cccc(F)c2[nH]1)C(F)(F)F
CHEMBL6050072,PR,7.650,,1,0,Active,exact,C[C@]12C=CC(=O)C=C1[C@@H](F)C[C@H]1[C@@H]3C[C@H]4O[C@@H](c5ccc(Sc6ccc(Cl)c(N)c6)cc5)O[C@@]4(C(=O)CO)[C@@]3(C)C[C@H](O)[C@@]12F
CHEMBL460026,PR,,4.523,0,1,Inactive,censored,CC/C=C\C/C=C\C/C=C\C/C=C\C/C=C\CCCC(=O)O
CHEMBL1082,PR,,4.523,0,1,Inactive,censored,CC1(C)S[C@@H]2[C@H](NC(=O)[C@H](N)c3ccc(O)cc3)C(=O)N2[C@H]1C(=O)O
CHEMBL562509,PR,7.890,,1,0,Active,exact,CCCC(c1nncn1C)N(Cc1ccccc1Cl)c1ccc(C#N)c(Cl)c1
CHEMBL219015,PR,,5.699,0,1,,censored,COc1ccc(F)cc1C(C)(C)CC(O)(Cn1cc(C)c(=O)c(C)c1)C(F)(F)F
CHEMBL556262,PR,,4.523,0,1,Inactive,censored,C[C@@H](O)[C@H]1C(=O)N2C(C(=O)O)=C([C@H]3CCCO3)S[C@H]12
CHEMBL133656,PR,8.590,,2,0,Active,exact,CC1=CC(C)(C)Nc2ccc(-c3ccc([N+](=O)[O-])s3)cc21
CHEMBL403486,PR,7.370,,1,0,Active,exact,O=C(NC1CCCN2c3cc(Cl)ccc3Oc3ccccc3C12)C(F)(F)F
CHEMBL590593,PR,7.300,,1,0,Active,exact,C[C@H](O)C(=O)N1CC[C@H](N(Cc2cc(Cl)ccc2Cl)c2ccc(C#N)c(Cl)c2)C1
CHEMBL4067602,PR,6.610,,1,0,Active,exact,CC[C@H](C)[C@@H]1NC(=O)C[C@H](NC(=O)[C@H](CCCNC(=N)N)NC(=O)CCNC(=S)Nc2ccc3c(c2)C(=O)OC32c3ccc(O)cc3Oc3cc(O)ccc32)C(=O)NCC(C(=O)N[C@@H](CCCNC(=N)N)C(=O)NC(CC(C)(C)C)C(=O)NC(CC(C)(C)C)C(=O)N[C@@H](CCC(N)=O)C(N)=O)NC(=O)C(CC(C)(C)C)NC1=O
CHEMBL43184,PR,,4.523,0,1,Inactive,censored,Nc1c2ccccc2nc2ccccc12
CHEMBL237843,PR,,5.699,0,1,,censored,COc1ccc(F)cc1C(C)(C)CC(O)(Cc1cccc2ccccc12)C(F)(F)F
CHEMBL433403,PR,8.820,,2,0,Active,exact,CC1=CC(C)(C)Nc2cc3c(c(F)c21)-c1ccc(F)cc1C3
CHEMBL2355051,PR,5.860,,1,0,,exact,CCN(CC)CCOc1ccc(C(=C(Cl)c2ccccc2)c2ccccc2)cc1
CHEMBL3233269,PR,,5.699,0,1,,censored,COc1ccc(F)cc1C(C)(C)CC(C)(O)Cc1cc2ccncc2[nH]1
CHEMBL490,PR,,4.523,0,1,Inactive,censored,Fc1ccc([C@@H]2CCNC[C@H]2COc2ccc3c(c2)OCO3)cc1
CHEMBL1201354,PR,,4.523,0,1,Inactive,censored,CC[N+](CC)(CC)CCC(O)(c1ccccc1)C1CCCCC1
CHEMBL414318,PR,9.000,,1,0,Active,exact,C#C[C@]1(O)CC[C@H]2[C@@H]3CCC4=CC(=O)CCC4=C3[C@@H](c3ccc(N(C)CCOC4CC[C@@]5(C)[C@@H](C4)C[C@@H](O)[C@@H]4[C@@H]5C[C@H](O)[C@]5(C)[C@@H]([C@H](C)CCC(=O)NCC(=O)O)CC[C@@H]45)cc3)C[C@@]21C
CHEMBL3094469,PR,5.380,,1,0,,exact,CCC(Cc1ccccc1C)NS(=O)(=O)c1c(C)cc(C)cc1C
CHEMBL7655,PR,,5.301,0,1,,censored,C=CCC1Oc2c(C)ccc(OC)c2-c2ccc3c(c21)C(C)=CC(C)(C)N3
CHEMBL1200686,PR,,4.523,0,1,Inactive,censored,CC[C@@H]1/C=C(\C)C[C@H](C)C[C@H](OC)[C@H]2O[C@@](O)(C(=O)C(=O)N3CCCC[C@H]3C(=O)O[C@H](/C(C)=C/[C@@H]3CC[C@H](Cl)[C@H](OC)C3)[C@H](C)[C@@H](O)CC1=O)[C@H](C)C[C@@H]2OC
CHEMBL278255,PR,,4.523,0,1,Inactive,censored,NC1CCN(c2c(F)cc3c(=O)c(C(=O)O)cn(C4CC4)c3c2Cl)C1
CHEMBL1201016,PR,,4.523,0,1,Inactive,censored,COCC1=C(C(=O)OC(C)OC(=O)OC(C)C)N2C(=O)[C@@H](NC(=O)/C(=N\OC)c3csc(N)n3)[C@H]2SC1
CHEMBL914,PR,,4.523,0,2,Inactive,censored,CC(C)(C(=O)O)c1ccc(C(O)CCCN2CCC(C(O)(c3ccccc3)c3ccccc3)CC2)cc1
CHEMBL235206,PR,6.560,,2,0,Active,exact,C[C@@](c1ccc(F)cc1F)(c1c[nH]c2c(NS(C)(=O)=O)cccc12)C1CC1
CHEMBL154,PR,,4.523,0,2,Inactive,censored,COc1ccc2cc([C@H](C)C(=O)O)ccc2c1
CHEMBL1672635,PR,6.120,,1,0,Active,exact,Cc1c(N[C@@H](c2nnc(-c3ccc(C#N)cc3)o2)[C@H](C)O)ccc(C#N)c1Cl
CHEMBL559261,PR,8.100,,1,0,Active,exact,CCOC(=O)CN1CC[C@H](N(Cc2ccccc2Cl)c2ccc(C#N)c(Cl)c2)C1
CHEMBL3358931,PR,,5.699,0,1,,censored,COc1ccc(F)cc1C(C)(C)CC(O)(Cc1cc2cc(S(C)(=O)=O)ncc2[nH]1)C(F)(F)F
CHEMBL107360,PR,,4.523,0,1,Inactive,censored,c1ccc2c(c1)CCc1ccccc1N2C1CN2CCC1CC2
CHEMBL415524,PR,8.640,,1,0,Active,exact,CCc1ccccc1/C=C1\Oc2ccc(F)cc2-c2ccc3c(c21)C(C)=CC(C)(C)N3
CHEMBL102179,PR,8.410,,1,0,Active,exact,CC1=CC(C)(C)Nc2ccc3c(c21)C(c1ccc(Br)nc1)Oc1ccccc1-3
CHEMBL431,PR,,4.523,0,1,Inactive,censored,CCOC(=O)[C@H](CCc1ccccc1)N[C@@H](C)C(=O)N1CC2(C[C@H]1C(=O)O)SCCS2
CHEMBL622,PR,,4.523,0,1,Inactive,censored,CCc1cccc2c3c([nH]c12)C(CC)(CC(=O)O)OCC3
CHEMBL1099083,PR,6.120,,1,0,Active,exact,COC(=O)C1=C(C)NC(C)=C(C(=O)OC(C)(C)C)[C@@H]1c1cccc([N+](=O)[O-])c1
CHEMBL65695,PR,6.300,,1,0,Active,exact,COc1cccc2c1-c1ccc(NS(C)(=O)=O)cc1C(c1cccc(Cl)c1)O2
CHEMBL489781,PR,7.520,,1,0,Active,exact,N#Cc1ccc(-c2ccc3c(c2)C2(CCCCC2)OCC(=O)N3)[nH]1
CHEMBL4468672,PR,5.600,,1,0,,exact,CC(C)C[C@H]1COc2cc(F)ccc2N1C(=O)c1ccc2c(c1)NC(=O)CO2
CHEMBL46403,PR,,4.523,0,1,Inactive,censored,CCCCCCCCCCCCCCCCCC(=O)O
CHEMBL334491,PR,,4.523,0,1,Inactive,censored,CC(C)(C)N1CCC(c2ccccc2)(c2ccccc2)CC1
CHEMBL819,PR,,4.523,0,1,Inactive,censored,Cc1onc(-c2ccccc2)c1C(=O)N[C@@H]1C(=O)N2[C@@H]1SC(C)(C)[C@@H]2C(=O)O
CHEMBL486499,PR,7.210,,1,0,Active,exact,CC1(C)OCC(=O)Nc2ccc(-c3ccccc3F)cc21
CHEMBL53,PR,4.580,,1,0,Inactive,exact,CN1CCc2cccc3c2[C@H]1Cc1ccc(O)c(O)c1-3
CHEMBL4082878,PR,6.700,,1,0,Active,exact,CC(C)(CC(O)(CNc1cccc2c(=O)[nH]ccc12)C(F)(F)F)c1cccc(F)c1O
CHEMBL1165799,PR,6.920,,1,0,Active,exact,COc1cc(C(CC(=O)c2cccc(F)c2)Nc2ccc([N+](=O)[O-])cc2)cc(OC)c1OC
CHEMBL386465,PR,6.330,,1,0,Active,exact,COc1ccc(F)cc1C(C)(C)CC(O)(Cn1ccc(=O)c2ccccc21)C(F)(F)F
CHEMBL4514203,PR,5.350,,2,0,,exact,O[C@]1(C(F)(F)F)CCCC[C@H]1Nc1ccc(F)cc1
CHEMBL1201,PR,,4.523,0,1,Inactive,censored,CN1CCN(CC/C=C2/c3ccccc3Sc3ccc(S(=O)(=O)N(C)C)cc32)CC1
CHEMBL486498,PR,7.580,,1,0,Active,exact,N#Cc1cc(F)cc(-c2ccc3c(c2)C(c2cccs2)(c2cccs2)OCC(=O)N3)c1
CHEMBL417110,PR,7.000,,1,0,Active,exact,CCN1C(=S)OC(C)(C)c2cc(-c3cc(F)cc(C#N)c3)ccc21
CHEMBL91227,PR,,5.000,0,1,,censored,CC1=CC(C)(C)Nc2cc3c(c(F)c21)-c1ccc(F)cc1C3=O
CHEMBL1201235,PR,,4.523,0,1,Inactive,censored,C[N+]1(C)[C@@H]2CC[C@H]1C[C@@H](OC(=O)C(O)c1ccccc1)C2
CHEMBL228792,PR,,4.523,0,1,Inactive,censored,c1coc(CNc2ncnc3[nH]cnc23)c1
CHEMBL1163617,PR,7.060,,1,0,Active,exact,O=C(CC(Nc1ccc([N+](=O)[O-])cc1)c1ccc(C(F)(F)F)cc1)c1cccc(Cl)c1
CHEMBL1901349,PR,,4.523,0,1,Inactive,censored,CC(C)(CO)[C@@H](O)C(=O)NCCC(=O)[O-].CC(C)(CO)[C@@H](O)C(=O)NCCC(=O)[O-].[Ca+2]
CHEMBL363151,PR,5.620,,1,0,,exact,CC#C[C@]1(O)CC[C@H]2[C@@H]3CCC4=CC(=O)CC[C@]4(Cc4ccc(C)cc4)C3=CC[C@@]21C
CHEMBL375348,PR,,5.699,0,1,,censored,COc1ccc(F)cc1C(C)(C)CC(O)(CN1C[C@@H](C)O[C@@H](C)C1)C(F)(F)F
CHEMBL382346,PR,,5.699,0,1,,censored,COc1ccccc1-c1ccc2c(c1)C(CSc1ccccc1)=CC(C)(C)N2
CHEMBL3975442,PR,6.350,,1,0,Active,exact,N#Cc1ccc(-c2ccc3oc(=O)ccc3c2)n1Cc1ccc([N+](=O)[O-])cc1
CHEMBL3397791,PR,,6.000,0,1,,censored,N#Cc1ccc(C23CC4CC(C2)CC(c2ccc(N(Cc5ccccc5)Cc5ccccc5)cc2)(C4)C3)cc1
CHEMBL22077,PR,,4.523,0,1,Inactive,censored,CCN(CC)CCNc1ccc(CO)c2sc3ccccc3c(=O)c12
CHEMBL514,PR,,4.523,0,1,Inactive,censored,O=NN(CCCl)C(=O)NC1CCCCC1
CHEMBL3622993,PR,,4.500,0,1,Inactive,censored,O=C(O)CCN1CCc2c([nH]c3ccccc23)C1c1ccc(Cl)cc1
CHEMBL137890,PR,5.680,,1,0,,exact,C/C=C/C1Oc2cccc(OC)c2-c2ccc3c(c21)C(C)=CC(C)(C)N3
CHEMBL1163484,PR,7.950,,1,0,Active,exact,COc1cccc(C(=O)CC(Nc2ccc([N+](=O)[O-])cc2)C2CCCCC2)c1
CHEMBL1387,PR,7.600,,1,0,Active,exact,C#C[C@]1(O)CC[C@H]2[C@@H]3CCC4=C(CCC(=O)C4)[C@H]3CC[C@@]21C
CHEMBL5614066,PR,6.560,,1,0,Active,exact,Cc1ncccc1Nc1ccc2c(c1)CCC1=C3C[C@@H](O)C[C@]3(C)CC[C@]12C
CHEMBL2107834,PR,,4.523,0,1,Inactive,censored,COC(=O)N(C)c1c(N)nc(-c2nn(Cc3ccccc3F)c3ncccc23)nc1N
CHEMBL1200545,PR,7.710,,1,0,Active,exact,CC(=O)OCC(=O)[C@@]1(OC(C)=O)[C@@H](C)C[C@H]2[C@@H]3C[C@H](F)C4=CC(=O)C=C[C@]4(C)[C@@]3(F)[C@@H](O)C[C@@]21C
CHEMBL1084632,PR,,5.000,0,1,,censored,CCCS(=O)(=O)Nc1ccc(-c2ccc3c(cnn3-c3ccc(F)cc3)c2)c(C(F)(F)F)c1
CHEMBL3578284,PR,5.550,,1,0,,exact,Cc1nocc1-c1ccc2[nH]c([C@@]3(Cc4ccccc4)OC(=O)N([C@H](C)c4ccc(F)cc4)C3=O)nc2c1
CHEMBL50588,PR,,4.523,0,1,Inactive,censored,CC[C@H]1CN2CCc3cc(OC)c(OC)cc3[C@@H]2C[C@@H]1C[C@H]1NCCc2cc(OC)c(OC)cc21
CHEMBL61,PR,,4.523,0,1,Inactive,censored,COc1cc([C@@H]2c3cc4c(cc3[C@H](O)[C@H]3COC(=O)[C@H]23)OCO4)cc(OC)c1OC
CHEMBL1911657,PR,6.840,,1,0,Active,exact,Cc1cc2c(c(C(C)(C)CC(O)(Cc3cc4ccccc4[nH]3)C(F)(F)F)c1)OCC2
CHEMBL64,PR,,4.523,0,1,Inactive,censored,NNC(=O)c1ccncc1
CHEMBL487728,PR,7.600,,1,0,Active,exact,CC1(C)OCC(=O)Nc2ccc(-c3cc(F)cc(C#N)c3)cc21
CHEMBL4092066,PR,6.100,,1,0,Active,exact,CC1(C)C[C@](O)(C(F)(F)F)[C@@H](Nc2cccc3[nH]c(=O)ccc23)c2ccc(F)c(O)c21
CHEMBL3643413,PR,,4.523,0,1,Inactive,censored,CCC(=O)N1CC[C@H](Nc2ncnc3c2CN(c2cnc(OC)c(C(F)(F)F)c2)CC3)C1
CHEMBL1215331,PR,6.380,,1,0,Active,exact,N#Cc1ccc(N2N=C3c4ccc(C(=O)O)cc4CC[C@@H]3[C@@H]2C2CCCC2)cc1Cl
CHEMBL552108,PR,7.400,,1,0,Active,exact,CC(c1nncn1C)N(CC1CCCCC1)c1ccc(C#N)c(Cl)c1
CHEMBL1138,PR,4.610,,1,0,Inactive,exact,O=C1[C@H](CC[C@H](O)c2ccc(F)cc2)[C@@H](c2ccc(O)cc2)N1c1ccc(F)cc1
CHEMBL163,PR,5.220,,1,1,,exact,CC(C)c1nc(CN(C)C(=O)N[C@H](C(=O)N[C@@H](Cc2ccccc2)C[C@H](O)[C@H](Cc2ccccc2)NC(=O)OCc2cncs2)C(C)C)cs1
CHEMBL1200845,PR,8.520,,1,0,Active,exact,CC1(C)O[C@@H]2C[C@H]3[C@@H]4CCC5=CC(=O)CC[C@]5(C)[C@@]4(F)[C@@H](O)C[C@]3(C)[C@]2(C(=O)CCl)O1
CHEMBL3358924,PR,,5.699,0,1,,censored,COc1ccc(F)cc1C(C)(C)CC(O)(Cc1cc2cc(C)nc(C)c2[nH]1)C(F)(F)F
CHEMBL602851,PR,7.100,,1,0,Active,exact,CC(C)CS(=O)(=O)N1CC[C@H](N(Cc2ccccc2C(F)(F)F)c2ccc(C#N)c(Cl)c2)C1
CHEMBL3804846,PR,5.640,,1,0,,exact,O=C1N[C@H](c2cncc(C#Cc3ccccc3)c2)[C@@H](c2cc(F)ccc2F)O1
CHEMBL139,PR,,4.523,0,2,Inactive,censored,O=C(O)Cc1ccccc1Nc1c(Cl)cccc1Cl
CHEMBL33864,PR,,4.523,0,1,Inactive,censored,O=C(O)CCCCC1CCSS1
CHEMBL45,PR,,4.523,0,2,Inactive,censored,COc1ccc2[nH]cc(CCNC(C)=O)c2c1
CHEMBL273560,PR,,5.000,0,1,,censored,Sc1nc2cc(-c3cccc(Cl)c3)ccc2n1Cc1ccccc1
CHEMBL862,PR,,4.523,0,1,Inactive,censored,N=C(N)NC(=O)Cc1c(Cl)cccc1Cl
CHEMBL505,PR,,4.523,0,1,Inactive,censored,CN(C)CCC(c1ccc(Cl)cc1)c1ccccn1
CHEMBL833,PR,,4.523,0,1,Inactive,censored,Clc1ccccc1CN1CCc2sccc2C1
CHEMBL435822,PR,8.250,,1,0,Active,exact,CC1=CC(C)(C)Nc2ccc3c(c21)/C(=C/c1ccccc1F)Oc1ccccc1-3
CHEMBL1201287,PR,,4.523,0,1,Inactive,censored,CN(C)CC[C@@H](c1ccc(Br)cc1)c1ccccn1
CHEMBL348000,PR,,4.523,0,1,Inactive,censored,O=C(O)c1cc(-c2ccccc2)nc2ccccc12
CHEMBL568048,PR,7.750,,1,0,Active,exact,CC1CC(O)c2ccc(-c3ccc(C#N)n3C)cc21
CHEMBL3315050,PR,4.910,,1,0,Inactive,exact,CC(=O)NC(=O)C(C)(C)[C@@H]1c2ccc(-c3ccc(C(=O)N(C)C)cc3)nc2Oc2c(F)cccc21
CHEMBL1873475,PR,4.755,,2,0,Inactive,exact,C=CC(=O)N1CCC[C@@H](n2nc(-c3ccc(Oc4ccccc4)cc3)c3c(N)ncnc32)C1
CHEMBL2103855,PR,,4.523,0,1,Inactive,censored,Cc1ccn(-c2cc(Cl)ccc2[C@@H](Oc2cc(-c3ccc(C[C@H](N)C(=O)O)cc3)nc(N)n2)C(F)(F)F)n1
CHEMBL1364,PR,,4.523,0,1,Inactive,censored,Cc1ncc(CO)c(CO)c1O
CHEMBL4758064,PR,,4.000,0,1,Inactive,censored,CC[C@H]1[C@@H](O)[C@@H]2[C@H]([C@@H](O)C[C@]3(C)[C@@H]([C@H](C)CCC(=O)O)CC[C@@H]23)[C@@]2(C)CC[C@@H](O)C[C@@H]12
CHEMBL1047,PR,,4.523,0,1,Inactive,censored,CC(=O)Oc1c(C)c(C)c2c(c1C)CC[C@@](C)(CCC[C@H](C)CCC[C@H](C)CCCC(C)C)O2
CHEMBL3093446,PR,5.220,,1,0,,exact,Cc1cc(C)c(S(=O)(=O)NC(Cc2c[nH]c3ccc(C)cc23)C(F)(F)F)c(C)c1
CHEMBL1201245,PR,,4.523,0,1,Inactive,censored,CN(C)CCOC(c1ccccc1)c1ccc(Br)cc1
CHEMBL3263751,PR,5.660,,1,0,,exact,CCOc1cc(C2=NN(c3ccc(C#N)c(C)c3)[C@@H](C3CCCC3)C2)ccc1C(=O)O
CHEMBL1086313,PR,5.700,,1,0,,exact,N#Cc1ccc(-c2ccc3c(cnn3-c3ccc(F)cc3)c2)cc1
CHEMBL1512080,PR,,4.523,0,1,Inactive,censored,CN1C(=O)/C(=N\NC(N)=S)c2ccccc21
CHEMBL3545311,PR,,4.523,0,1,Inactive,censored,COc1cc(N2CCC(N3CCN(C)CC3)CC2)ccc1Nc1ncc(Cl)c(Nc2ccccc2P(C)(C)=O)n1
CHEMBL95,PR,,4.523,0,1,Inactive,censored,Nc1c2c(nc3ccccc13)CCCC2
CHEMBL1201764,PR,,4.523,0,1,Inactive,censored,CC(C)C(=O)Oc1ccc(CO)cc1[C@H](CCN(C(C)C)C(C)C)c1ccccc1
CHEMBL182961,PR,8.420,,1,0,Active,exact,CC#C[C@]1(O)CC[C@H]2[C@@H]3CCC4=CC(=O)CCC4=C3[C@@H](c3ccc(N(C)C[C@@H]4C[C@@H](O)CC(=O)O4)cc3)C[C@@]21C
CHEMBL67860,PR,8.635,,2,0,Active,exact,Cn1c(C#N)ccc1-c1ccc2c(c1)C(C)(C)OC(=O)N2
CHEMBL236747,PR,,5.947,0,1,,censored,COc1ccc(F)cc1C(C)(C)CC(O)(Cc1ccccc1C)C(F)(F)F
CHEMBL592745,PR,7.700,,1,0,Active,exact,COC(=O)N1CC[C@H](N(Cc2cccc(F)c2F)c2ccc(C#N)c(Cl)c2)C1
CHEMBL403,PR,,4.523,0,1,Inactive,censored,CC1(C)[C@H](C(=O)O)N2C(=O)C[C@H]2S1(=O)=O
CHEMBL344627,PR,8.890,,1,0,Active,exact,CC1=CC(C)(C)Nc2ccc3c(c21)/C(=C/c1ccccc1Cl)Oc1ccccc1-3
CHEMBL569713,PR,,4.523,0,1,Inactive,censored,CN1[C@@H]2C[C@@H](OC(=O)[C@H](CO)c3ccccc3)C[C@H]1[C@@H]1O[C@@H]12
CHEMBL3263765,PR,5.820,,1,0,,exact,COc1nc(C2=NN(c3ccc(C#N)c(C)n3)[C@@H](C3CCCC3)C2)ccc1C(=O)N(C)C
CHEMBL660,PR,,4.523,0,1,Inactive,censored,NC12CC3CC(CC(C3)C1)C2
CHEMBL3315057,PR,5.930,,1,0,,exact,CNC(=O)NC(=O)C(C)(C)[C@@H]1c2ccc(-c3ccc(C(=O)N4CCOCC4)cc3)nc2Oc2c(F)cccc21
CHEMBL5870288,PR,7.060,,1,0,Active,exact,C[C@]12C=CC(=O)C=C1CC[C@H]1[C@@H]3C[C@H]4O[C@@H](c5ccc(Cc6cccc(N)c6)cc5)O[C@@]4(C(=O)CO)[C@@]3(C)C[C@H](O)[C@@]12F
CHEMBL6622,PR,,4.523,0,1,Inactive,censored,O=[N+]([O-])O[C@H]1CO[C@H]2[C@@H]1OC[C@H]2O[N+](=O)[O-]
CHEMBL557293,PR,7.800,,1,0,Active,exact,CCC(c1nncn1C)N(Cc1ccccc1Cl)c1ccc(C#N)c(Cl)c1
CHEMBL555034,PR,5.520,,1,0,,exact,CN1CC[C@H](N(Cc2ccccn2)c2ccc(C#N)c(Cl)c2)C1
CHEMBL602745,PR,8.220,,1,0,Active,exact,CS(=O)(=O)N1CC[C@H](N(Cc2ccccc2Cl)c2ccc(C#N)c(Cl)c2)C1
CHEMBL65717,PR,,4.523,0,1,Inactive,censored,Cc1cc2c(OCC(O)CNC(C)C)cccc2[nH]1
CHEMBL2106191,PR,,4.523,0,1,Inactive,censored,O=S(=O)([O-])c1cc(O)ccc1O.O=S(=O)([O-])c1cc(O)ccc1O.[Ca+2]
CHEMBL350283,PR,6.520,,1,0,Active,exact,CC(C)(O)c1cc(-c2cccc(Cl)c2)ccc1N
CHEMBL815,PR,,4.523,0,1,Inactive,censored,CCCCC[C@H](O)/C=C/[C@@H]1[C@@H](C/C=C\CCCC(=O)O)[C@@H](O)C[C@H]1O
CHEMBL1429,PR,,4.523,0,1,Inactive,censored,N=C(N)NCCC[C@@H](NC(=O)[C@@H]1CCCN1C(=O)[C@@H]1CSSCCC(=O)N[C@@H](Cc2ccc(O)cc2)C(=O)N[C@@H](Cc2ccccc2)C(=O)N[C@@H](CCC(N)=O)C(=O)N[C@@H](CC(N)=O)C(=O)N1)C(=O)NCC(N)=O
CHEMBL1928875,PR,,5.000,0,1,,censored,O=C1COc2ccc(C3=Nn4cnnc4SC3c3cccc(F)c3)cc2N1
CHEMBL454801,PR,,4.523,0,1,Inactive,censored,COC1=C(OC)C(=O)C(C/C=C(\C)CC/C=C(\C)CC/C=C(\C)CC/C=C(\C)CC/C=C(\C)CC/C=C(\C)CC/C=C(\C)CC/C=C(\C)CC/C=C(\C)CCC=C(C)C)=C(C)C1=O
CHEMBL1434,PR,,4.523,0,1,Inactive,censored,CN(C)c1ccc(O)c2c1C[C@H]1C[C@H]3[C@H](N(C)C)C(O)=C(C(N)=O)C(=O)[C@@]3(O)C(O)=C1C2=O
CHEMBL423084,PR,5.680,,1,0,,exact,CC(=O)N1c2ccc(-c3csc(C#N)c3)cc2C(C)(C)OC1C(F)(F)F
CHEMBL159776,PR,,4.523,0,1,Inactive,censored,CC(C)N(CCNC(=O)CN1CCCC1=O)C(C)C
CHEMBL3039598,PR,,4.523,0,1,Inactive,censored,CCC(=O)O[C@@H](O[P@](=O)(CCCCc1ccccc1)CC(=O)N1C[C@H](C2CCCCC2)C[C@H]1C(=O)O)C(C)C
CHEMBL108230,PR,8.570,,1,0,Active,exact,CC1=CC(C)(C)Nc2ccc3c(c21)C(c1ccc(Cl)cc1)Oc1cc(F)ccc1-3
CHEMBL105,PR,,4.523,0,1,Inactive,censored,CO[C@@]12[C@H](COC(N)=O)C3=C(C(=O)C(C)=C(N)C3=O)N1C[C@@H]1N[C@@H]12
CHEMBL4072756,PR,5.750,,1,0,,exact,COc1cccc([C@@H](Oc2ccc3c(cnn3-c3ccc(F)cc3)c2)[C@H](C)NC(=O)C(F)(F)F)c1
CHEMBL1201208,PR,,4.523,0,1,Inactive,censored,CC1NCCOC1c1ccccc1
CHEMBL4463126,PR,,4.300,0,1,Inactive,censored,O=C1COc2ccc(C(=O)N3c4ccc(Cl)cc4C[C@@H]3CCO)cc2N1
CHEMBL294265,PR,6.320,,2,0,Active,exact,COc1cc(Br)cc2c1OCc1c-2ccc2c1C(C)=CC(C)(C)N2
CHEMBL429842,PR,6.820,,1,0,Active,exact,Cc1cc(-c2cc(F)c(F)c3cc[nH]c23)c(Cl)c2c1NC(C)(C)CC2C
CHEMBL19215,PR,,4.523,0,1,Inactive,censored,CN1C[C@H](CNC(=O)OCc2ccccc2)C[C@@H]2c3cccc4c3c(cn4C)C[C@H]21
CHEMBL9967,PR,,4.523,0,1,Inactive,censored,CN1CCN(CC(=O)N2c3ccccc3C(=O)Nc3cccnc32)CC1
CHEMBL572330,PR,6.390,,1,0,Active,exact,C[C@]12Cn3cnc(-c4ccc(F)cc4)c3C=C1CCC[C@@H]2[C@](C)(O)c1ccc(Cl)s1
CHEMBL25454,PR,6.940,,1,0,Active,exact,CN1C(=S)OC(C)(C)c2cc(-c3cccc(Br)c3)ccc21
CHEMBL3666805,PR,,5.000,0,1,,censored,C[C@H](NC(=O)C(C)(F)F)[C@H](Oc1ccc2c(cnn2-c2cccc(C(=O)N[C@@H]3CCS(=O)(=O)C3)c2)c1)c1ccc2c(c1)OCCO2
CHEMBL590835,PR,7.000,,1,0,Active,exact,CS(=O)(=O)N1CC[C@H](N(Cc2ccccc2C#N)c2ccc(C#N)c(Cl)c2)C1
CHEMBL1645401,PR,6.100,,1,0,Active,exact,COc1ccc(F)cc1-c1ccc([C@@H](C)NS(=O)(=O)c2cn(C)nc2C(F)(F)F)cc1
CHEMBL3185133,PR,8.410,,1,0,Active,exact,C=CC[C@]1(O)CC[C@H]2[C@@H]3CCC4=CCCC[C@@H]4[C@H]3CC[C@@]21C
CHEMBL464982,PR,,4.523,0,1,Inactive,censored,CCCCC/C=C\C/C=C\C/C=C\CCCCC(=O)O
CHEMBL427568,PR,8.785,,2,0,Active,exact,C#C[C@]1(O)CC[C@H]2[C@@H]3CCC4=CC(=O)CCC4=C3[C@@H](c3ccc(N(C)CCOC4CC[C@@]5(C)[C@@H](C4)C[C@@H](O)[C@@H]4[C@@H]5C[C@H](O)[C@]5(C)[C@@H]([C@H](C)CCC(=O)O)CC[C@@H]45)cc3)C[C@@]21C
CHEMBL3582115,PR,,5.903,0,1,,censored,Cc1cnn(C)c1-c1cc2c(c3c1CCC3)NC(C)(C)C(=O)C2(C)C
CHEMBL399510,PR,,4.523,0,1,Inactive,censored,CCN(CC)CCNC(=O)c1cc(Br)c(N)cc1OC
CHEMBL559,PR,,4.523,0,1,Inactive,censored,N[C@H](Cc1cc(I)c(Oc2cc(I)c(O)c(I)c2)c(I)c1)C(=O)O
CHEMBL574138,PR,6.710,,1,0,Active,exact,CC1(C)CC(=O)c2ccc(-c3cccc(C#N)c3)cc21
CHEMBL869,PR,,4.523,0,1,Inactive,censored,NC(=O)N/N=C/c1ccc([N+](=O)[O-])o1
CHEMBL266935,PR,9.410,,1,0,Active,exact,C#C[C@]1(O)CC[C@H]2[C@@H]3CCC4=CC(=O)CCC4=C3[C@@H](c3ccc(N(C)CCNC(=O)OC4CC[C@@]5(C)[C@@H](C4)C[C@@H](O)[C@@H]4[C@@H]5C[C@H](O)[C@]5(C)[C@@H]([C@H](C)CCC(=O)O)CC[C@@H]45)cc3)C[C@@]21C
CHEMBL370624,PR,7.330,,1,0,Active,exact,CC(C)(CC(O)(Cc1ccccc1O)C(=O)Nc1ccc2c(c1)COC2=O)c1ccccc1
CHEMBL253745,PR,5.850,,1,0,,exact,COc1ccc2cc[nH]c2c1-c1cc(C)c2c(c1Cl)C(C)CC(C)(C)N2
CHEMBL3093440,PR,,5.699,0,1,,censored,CC(Cc1c[nH]c2ccccc12)NS(=O)(=O)c1c(N)cc(Cl)cc1Cl
CHEMBL220492,PR,,4.523,0,2,Inactive,censored,CC1(C)O[C@@H]2[C@@H](CO[C@@]3(COS(N)(=O)=O)OC(C)(C)O[C@@H]23)O1
CHEMBL1200979,PR,,4.523,0,1,Inactive,censored,CC(C)(CO)[C@@H](O)C(=O)NCCCO
CHEMBL112987,PR,9.060,,1,0,Active,exact,CCCCC1Oc2ccc(Cl)cc2-c2ccc3c(c21)C(C)=CC(C)(C)N3
CHEMBL3911549,PR,5.220,,1,1,,exact,O=C(c1ccccc1)c1ccc(NS(=O)(=O)c2cccc(Cl)c2)cc1
CHEMBL560885,PR,7.200,,1,0,Active,exact,N#Cc1ccc(N(Cc2ccccc2Cl)[C@H]2CCN(CC(N)=O)C2)cc1Cl
CHEMBL3358946,PR,,5.699,0,1,,censored,CC(C)(CC(O)(Cc1cc2cc(S(C)(=O)=O)ncc2[nH]1)C(F)(F)F)c1ccc(F)cc1C(N)=O
CHEMBL1355736,PR,,4.523,0,2,Inactive,censored,Cn1c(=O)c2nc[nH]c2n(C)c1=O.O
CHEMBL3126955,PR,,5.699,0,1,,censored,Cc1ccc(F)cc1C(C)(C)CC(O)(Cc1cc2nccnc2[nH]1)C(F)(F)F
CHEMBL4064352,PR,,6.000,0,1,,censored,Cc1ncc2c(N[C@H]3c4ccc(F)c(O)c4C(C)(C)C[C@]3(O)C(F)(F)F)cc(F)cc2n1
CHEMBL493982,PR,,4.523,0,1,Inactive,censored,CCOC(=O)N[C@@H]1CC[C@@H]2[C@@H](C1)C[C@H]1C(=O)O[C@H](C)[C@H]1[C@H]2/C=C/c1ccc(-c2cccc(F)c2)cn1
CHEMBL3966515,PR,6.820,,1,0,Active,exact,Cc1ccsc1-c1ccc2oc(=O)ccc2c1
CHEMBL93345,PR,6.750,,2,0,Active,exact,CC(=O)c1ccc2c(c1)Cc1cc3c(cc1-2)C(C)=CC(C)(C)N3
CHEMBL254832,PR,,4.523,0,1,Inactive,censored,CC(NCCC(c1ccccc1)c1ccccc1)c1ccccc1
CHEMBL2426112,PR,,5.301,0,1,,censored,CC(C)(C)NC(=O)NCC(C)(C)[C@@H](c1ccccc1)c1ccc2c(cnn2-c2ccc(F)cc2)c1
CHEMBL997,PR,,4.523,0,1,Inactive,censored,CCCCCN(C)CCC(O)(P(=O)(O)O)P(=O)(O)O
CHEMBL50619,PR,6.260,,2,0,Active,exact,C=C1C(C)=CCC(C)(C)[C@@H]1Cc1cc(OC)c(Br)cc1OC(C)=O
CHEMBL490825,PR,9.300,,1,0,Active,exact,C[C@@]1(c2ccsc2)OCC(=O)Nc2ccc(-c3ccc(C#N)[nH]3)cc21
CHEMBL3775389,PR,,5.301,0,1,,censored,CN(C)CC(=O)N1CCC2(CC1)C(=O)Nc1cc(/C=C3\c4ccccc4COc4cc(F)ccc43)ccc12
CHEMBL35505,PR,,4.523,0,1,Inactive,censored,N/N=c1\[nH][nH]/c(=N\N)c2ccccc12
CHEMBL5187253,PR,,7.000,0,1,,censored,O=C(COCN1CCCCC1)CN1Nc2cc(O)ccc2-c2c1c1ccc(O)cc1oc2=O
CHEMBL1929039,PR,5.720,,3,0,,exact,Cc1cc(F)ccc1-n1nc(C(F)(F)F)cc1-c1ccc2c(c1)NC(=O)CO2
CHEMBL3912293,PR,6.990,,2,0,Active,exact,O=S(=O)(Nc1ccc(Oc2ccccc2)cc1)c1cccc(Cl)c1
CHEMBL1201269,PR,,4.523,0,1,Inactive,censored,CC(C)(N)Cc1ccc(Cl)cc1
CHEMBL2111076,PR,,4.523,0,1,Inactive,censored,CC(N)CCCC(C)(C)O
CHEMBL1928874,PR,,5.000,0,1,,censored,O=C1COc2ccc(C3=Nn4cnnc4SC3c3ccccc3F)cc2N1
CHEMBL1089221,PR,,4.523,0,1,Inactive,censored,O=C(O)COc1nn(Cc2ccccc2)c2ccccc12
CHEMBL219068,PR,,5.699,0,1,,censored,COc1ccc(F)cc1C(C)(C)CC(O)(Cn1cnc(=O)c2ccccc21)C(F)(F)F
CHEMBL3775464,PR,,4.921,0,1,Inactive,censored,O=C(O)CCN1CCC2(CC1)C(=O)Nc1cc(/C=C3\c4ccccc4COc4cc(F)ccc43)ccc12
CHEMBL1186894,PR,,4.523,0,1,Inactive,censored,CC(=O)[C@]1(N)Cc2c(O)c3c(c(O)c2[C@@H](O[C@H]2C[C@H](O)[C@H](O)CO2)C1)C(=O)c1ccccc1C3=O
CHEMBL354541,PR,,4.523,0,1,Inactive,censored,O=C(NC1CCN(CCCCC2(C(=O)NCC(F)(F)F)c3ccccc3-c3ccccc32)CC1)c1ccccc1-c1ccc(C(F)(F)F)cc1
CHEMBL810,PR,,4.523,0,1,Inactive,censored,Cn1nnc2c(C(N)=O)ncn2c1=O
CHEMBL1800983,PR,6.850,,1,0,Active,exact,Cc1cc([C@H](c2ccccc2)C(C)(C)C(=O)Nc2nncs2)ccc1O
CHEMBL117965,PR,7.180,,1,0,Active,exact,CC1(C)C(=O)Nc2ccc(-c3cccc(Cl)c3)cc21
CHEMBL1253898,PR,5.920,,1,0,,exact,CC(C)(C[C@@](O)(Cc1cc2ccncc2[nH]1)C(F)(F)F)c1cc(F)ccc1O
CHEMBL142635,PR,,4.523,0,1,Inactive,censored,COc1ccccc1N1CCN(CC(O)COc2cccc3ccccc23)CC1
CHEMBL7817,PR,,5.301,0,1,,censored,C=CCC1Oc2c(Br)ccc(OC)c2-c2ccc3c(c21)C(C)=CC(C)(C)N3
CHEMBL1928876,PR,,5.000,0,1,,censored,O=C1COc2ccc(C3=Nn4cnnc4SC3c3ccc(F)cc3)cc2N1
CHEMBL1644760,PR,5.735,,2,0,,exact,Cc1cc(-c2cccc3cc[nH]c23)c(Cl)c2c1NC(C)(C)C(O)C2C
CHEMBL264560,PR,,5.301,0,1,,censored,COc1cccc2c1-c1ccc3c(c1C(C1C=CCCCC1)O2)C(C)=CC(C)(C)N3
CHEMBL1106,PR,,4.523,0,1,Inactive,censored,NC1=NCC2c3ccccc3Cc3ccccc3N12
CHEMBL717,PR,9.470,,12,0,Active,exact,CC(=O)O[C@]1(C(C)=O)CC[C@H]2[C@@H]3C[C@H](C)C4=CC(=O)CC[C@]4(C)[C@H]3CC[C@@]21C
CHEMBL443847,PR,5.850,,1,0,,exact,Cc1cc2cccc(-c3cc(C)c4c(c3Cl)C(C)CC(C)(C)N4)c2[nH]1
CHEMBL34035,PR,,6.301,0,1,,censored,C[C@H]1c2c(ccc3c2[C@H](c2ccc(Cl)cc2)Oc2ccccc2-3)NC(C)(C)[C@@H]1O
CHEMBL278020,PR,,4.523,0,1,Inactive,censored,CN(C)C(=O)Oc1cccc([N+](C)(C)C)c1
CHEMBL1231,PR,,4.523,0,1,Inactive,censored,CCN(CC)CC#CCOC(=O)C(O)(c1ccccc1)C1CCCCC1
CHEMBL4085241,PR,6.100,,1,0,Active,exact,CC1(C)C[C@](O)(C(F)(F)F)[C@@H](Nc2cccc3c(=O)[nH]ccc23)c2ccc(F)c(O)c21
CHEMBL3358945,PR,,5.699,0,1,,censored,CC(C)(CC(O)(Cc1cc2cc(S(C)(=O)=O)ncc2[nH]1)C(F)(F)F)c1ccccc1S(N)(=O)=O
CHEMBL6052618,PR,6.970,,1,0,Active,exact,C[C@]12C=CC(=O)C=C1CC[C@@H]1[C@@H]2[C@@H](O)C[C@@]2(C)[C@H]1C[C@H]1O[C@@H](c3ccc(Cc4ccc(O)c(N)c4)cc3)O[C@]12C(=O)CO
CHEMBL692,PR,,4.523,0,1,Inactive,censored,OCC(O)CO
CHEMBL1201216,PR,,4.523,0,1,Inactive,censored,Cc1ccccc1N1CCN(CCc2nnc3n2CCCC3)CC1
CHEMBL1430,PR,,4.523,0,1,Inactive,censored,CC(C)(S)[C@@H](N)C(=O)O
CHEMBL2419304,PR,5.750,,1,0,,exact,Cc1cc(F)ccc1C1=C(c2ccc3c(c2)NC(=O)CO3)COC1=O
CHEMBL3093443,PR,5.440,,1,0,,exact,Cc1cc(C)c(S(=O)(=O)NC(Cc2c[nH]c3ccccc23)C(F)(F)F)c(C)c1
CHEMBL451,PR,,4.523,0,1,Inactive,censored,CNC1=Nc2ccc(Cl)cc2C(c2ccccc2)=[N+]([O-])C1
CHEMBL203657,PR,,5.699,0,1,,censored,COC(=O)CSCC1=CC(C)(C)Nc2ccc(-c3ccccc3OC)cc21
CHEMBL1165342,PR,,4.523,0,1,Inactive,censored,CC[C@]12CCCN3CCc4c(n(c5ccccc45)[C@@](O)(C(=O)OC)C1)[C@@H]32
CHEMBL112,PR,,4.523,0,1,Inactive,censored,CC(=O)Nc1ccc(O)cc1
CHEMBL21333,PR,5.210,,1,0,,exact,O=C(Nc1cccc2c(=O)cc(-c3nnn[nH]3)oc12)c1ccc(OCCCCc2ccccc2)cc1
CHEMBL145254,PR,,6.000,0,1,,censored,COc1ccc(C2=NN(C(=O)c3ccc(Cl)c(Cl)c3)CCC2)cc1
CHEMBL3972388,PR,5.890,,1,0,,exact,O=S(=O)(Nc1ccc(Br)cc1)c1cccc(Cl)c1
CHEMBL1401,PR,,4.523,0,1,Inactive,censored,CC(=O)Oc1ccccc1C(=O)Nc1ncc([N+](=O)[O-])s1
CHEMBL35525,PR,7.550,,1,0,Active,exact,C[C@H]1C(=O)C(C)(C)Nc2ccc3c(c21)[C@H](c1cccc(F)c1)Oc1ccccc1-3
CHEMBL263942,PR,8.360,,1,0,Active,exact,C#C[C@]1(O)CC[C@H]2[C@@H]3CCC4=CC(=O)CCC4=C3[C@@H](c3ccc(N(C)C(=O)CNC(=O)O[C@@H]4C[C@@H]5CC(O)CC[C@]5(C)[C@H]5C[C@H](O)[C@]6(C)[C@@H]([C@H](C)CCC(=O)O)CC[C@H]6[C@H]45)cc3)C[C@@]21C
CHEMBL117518,PR,7.890,,1,0,Active,exact,CC1(C)C(=O)Nc2ccc(-c3cc(F)cc(C#N)c3)cc21
CHEMBL404215,PR,,4.523,0,1,Inactive,censored,OC(CCN1CCCCC1)(c1ccccc1)c1ccccc1
CHEMBL3039502,PR,,4.523,0,1,Inactive,censored,C[C@H](Nc1ncnc2nc[nH]c12)c1cc2cccc(Cl)c2c(=O)n1-c1ccccc1
CHEMBL3233276,PR,,5.699,0,1,,censored,COc1ccc(F)cc1C(C)(C)CC(O)(Cc1cc2ccncc2[nH]1)C1CCCC1
CHEMBL561712,PR,7.300,,1,0,Active,exact,Cn1nnnc1CN(Cc1ccccc1Cl)c1ccc(C#N)c(Cl)c1
CHEMBL485,PR,,4.523,0,1,Inactive,censored,COc1ccc2c3c1O[C@H]1[C@@H](O)C=C[C@H]4[C@@H](C2)N(C)CC[C@@]341
CHEMBL1539,PR,,4.523,0,1,Inactive,censored,COc1ncnc(NS(=O)(=O)c2ccc(N)cc2)c1OC
CHEMBL1092222,PR,5.110,,1,0,,exact,CCCCn1c(=O)c2ccccc2c2cc(CC)ccc21
CHEMBL236406,PR,,6.131,0,1,,censored,COc1ccc(F)cc1C(C)(C)CC(O)(CCCc1ccccc1)C(F)(F)F
CHEMBL489788,PR,9.400,,1,0,Active,exact,Cn1c(C#N)ccc1-c1ccc2c(c1)C(C)(c1ccco1)OCC(=O)N2
CHEMBL1072,PR,,4.523,0,1,Inactive,censored,CCCCNc1cc(C(=O)O)cc(S(N)(=O)=O)c1Oc1ccccc1
CHEMBL333826,PR,4.790,,1,0,Inactive,exact,Cc1cc(N)c2ccccc2[n+]1CCCCCCCCCC[n+]1c(C)cc(N)c2ccccc21
CHEMBL328332,PR,7.255,,2,0,Active,exact,CCn1c(O)nc2ccc(-c3cccc(Cl)c3)cc21
CHEMBL435,PR,,4.523,0,1,Inactive,censored,NS(=O)(=O)c1cc2c(cc1Cl)NCNS2(=O)=O
CHEMBL110691,PR,8.520,,1,0,Active,exact,CC(=O)O[C@]1(C(C)=O)CC[C@H]2[C@@H]3C=C(Cl)C4=CC(=O)CC[C@]4(C)[C@H]3CC[C@@]21C
CHEMBL30,PR,,4.523,0,2,Inactive,censored,CN/C(=N\CCSCc1nc[nH]c1C)NC#N
CHEMBL373239,PR,5.700,,1,0,,exact,CC(C)(CC(Cc1ccccc1)C(=O)Nc1ccc2c(c1)COC2=O)c1ccccc1
CHEMBL227440,PR,5.550,,1,0,,exact,CC1COc2cc3[nH]c(=O)cc(C(F)(F)F)c3cc2N1CC(F)(F)F
CHEMBL3605919,PR,7.190,,1,0,Active,exact,COc1cc(F)ccc1-c1c(CN(C)Cc2ccccc2)[nH]c2c(NS(C)(=O)=O)cc(C(C)C)cc12
CHEMBL350221,PR,,4.523,0,1,Inactive,censored,N[C@@H](Cc1c[nH]c2ccc(O)cc12)C(=O)O
CHEMBL3775473,PR,,5.699,0,1,,censored,CC1(C)OC(=S)Nc2ccc(S(=O)(=O)N3c4ccccc4COc4cc(F)ccc43)cc21
CHEMBL1016,PR,,4.523,0,1,Inactive,censored,CCOc1nc2cccc(C(=O)O)c2n1Cc1ccc(-c2ccccc2-c2nnn[nH]2)cc1
CHEMBL3903073,PR,6.070,,1,0,Active,exact,CCN(CC)c1cc2oc(=O)ccc2cc1-c1ccc(C#N)n1CC#N
CHEMBL1644765,PR,5.960,,1,0,,exact,Cc1cc(-c2cccc3cc[nH]c23)c(Cl)c2c1NC(C)(C)[C@@H](O)[C@H]2C
CHEMBL294116,PR,7.325,,4,1,Active,exact,CC1=CC(C)(C)Nc2ccc3c(c21)COc1ccc(C)cc1-3
CHEMBL5905151,PR,7.780,,1,0,Active,exact,C[C@]12C=CC(=O)C=C1[C@@H](F)C[C@H]1[C@@H]3C[C@H]4O[C@@H](c5ccc(CSc6ccc(Cl)c(N)c6)cc5)O[C@@]4(C(=O)CO)[C@@]3(C)C[C@H](O)[C@@]12F
CHEMBL394369,PR,5.850,,1,0,,exact,COc1c(O)ccc2c1-c1ccc3c(c1/C(=C/c1sccc1CO)O2)C(C)=CC(C)(C)N3
CHEMBL117586,PR,8.000,,2,0,Active,exact,CC1=CC(C)(C)Nc2ccc(-c3cc(F)cc(F)c3)cc21
CHEMBL93645,PR,,4.523,0,1,Inactive,censored,O=C(O)COC(=O)Cc1ccccc1Nc1c(Cl)cccc1Cl
CHEMBL1469,PR,,4.523,0,1,Inactive,censored,O=C(O)CCCc1ccccc1
CHEMBL896,PR,,4.523,0,1,Inactive,censored,OCCOCCN1CCN(C(c2ccccc2)c2ccc(Cl)cc2)CC1
CHEMBL18,PR,,4.523,0,1,Inactive,censored,CCOc1ccc2nc(S(N)(=O)=O)sc2c1
CHEMBL142703,PR,,4.523,0,1,Inactive,censored,N#C[C@@H]1CCCN1C(=O)CNC12CC3CC(CC(O)(C3)C1)C2
CHEMBL436,PR,,4.523,0,1,Inactive,censored,COc1ccc2c(C(=S)N(C)CC(=O)O)cccc2c1C(F)(F)F
CHEMBL3658379,PR,7.820,,1,0,Active,exact,C=CC1CC2=CC(=O)CCC2C2CC[C@@]3(C)C(C4CC4[C@@]34CCC(=O)O4)C12
CHEMBL2220427,PR,4.980,,1,0,Inactive,exact,CCC(=O)O[C@H]1[C@H](O[C@@H]2[C@@H](C)[C@H](O[C@H]3C[C@@](C)(OC)[C@@H](O)[C@H](C)O3)[C@@H](C)C(=O)O[C@H](CC)[C@@](C)(O)[C@H](O)[C@@H](C)C(=O)[C@H](C)C[C@@]2(C)O)O[C@H](C)C[C@@H]1N(C)C
CHEMBL3315064,PR,6.220,,1,0,Active,exact,CC(C)(C(=O)NC(N)=O)[C@@H]1c2ccc(-c3ccc(C(=O)N4CCCC4)cc3)nc2Oc2c(F)cccc21
CHEMBL1630578,PR,5.200,,1,0,,exact,C[C@@H]1C[C@H]2[C@@H]3CCC4=CC(=O)C=C[C@]4(C)C3=CC[C@]2(C)[C@H]1C(=O)CN1CCN(c2cc(N3CCCC3)nc(N3CCCC3)n2)CC1
CHEMBL1420,PR,,4.523,0,1,Inactive,censored,C[n+]1ccccc1C=NO
CHEMBL2107831,PR,5.030,,1,0,,exact,CCCCCCO[C@@H](C)c1cccc(-c2csc(NC(=O)c3cc(Cl)c(/C=C(\C)C(=O)O)c(Cl)c3)n2)c1OC
CHEMBL103237,PR,9.160,,1,0,Active,exact,CC1=CC(C)(C)Nc2ccc3c(c21)C(c1cccc(F)c1)Oc1ccccc1-3
CHEMBL3094483,PR,,5.000,0,1,,censored,CCC(Cc1cc(C)c(OC)c(C)c1)NS(=O)(=O)c1c(C)cc(C)cc1C
CHEMBL1160663,PR,7.920,,4,0,Active,exact,CC1=CC(C)(C)Nc2ccc3c(c21)C(c1ccc(Cl)c(C)c1)Oc1ccc(F)cc1-3.O=S(=O)(O)O
CHEMBL134277,PR,8.890,,1,0,Active,exact,CC1=CC(C)(C)Nc2ccc3c(c21)/C(=C/c1ccsc1)Oc1ccc(F)cc1-3
CHEMBL3126935,PR,,5.699,0,1,,censored,Cc1ccc(F)cc1C(C)(C)CC(O)(Cc1cc2nc(-c3ccccc3)ncc2[nH]1)C(F)(F)F
CHEMBL1328898,PR,,4.523,0,1,Inactive,censored,COC(=O)[C@@H](N)Cc1ccc(O)c(O)c1
CHEMBL3094486,PR,5.190,,1,0,,exact,CC[C@@H](Cc1ccc(O)cc1)NS(=O)(=O)c1c(C)cc(C)cc1C
CHEMBL1911654,PR,6.400,,1,0,Active,exact,COc1ccc(F)cc1C(C)(C)CC(O)(Cc1cc2ccc(C#N)cc2[nH]1)C(F)(F)F
CHEMBL3126936,PR,,5.699,0,1,,censored,Cc1ccc(F)cc1C(C)(C)CC(O)(Cc1cc2nc(-c3cccnc3)ncc2[nH]1)C(F)(F)F
CHEMBL1085380,PR,6.100,,1,0,Active,exact,CCCNS(=O)(=O)c1ccc(-c2ccc3c(cnn3-c3ccc(F)cc3)c2)c(C(F)(F)F)c1
CHEMBL3397787,PR,7.600,,1,1,Active,exact,COC(=O)Nc1ccc(C23CC4CC(CC(c5ccc(C#N)cc5)(C4)C2)C3)cc1
CHEMBL224204,PR,5.280,,1,0,,exact,CCN1CCOc2cc3[nH]c(=O)cc(C(F)(F)F)c3cc21
CHEMBL432162,PR,,4.523,0,1,Inactive,censored,Cc1nc(C)c2c(n1)N(Cc1ccc(-c3ccccc3-c3nnn[nH]3)cc1)C(=O)CC2
CHEMBL2146883,PR,,4.523,0,1,Inactive,censored,O=C(c1ccc(F)c(F)c1Nc1ccc(I)cc1F)N1CC(O)([C@@H]2CCCCN2)C1
CHEMBL1163485,PR,8.070,,1,0,Active,exact,O=C(CC(Nc1ccc([N+](=O)[O-])cc1)C1CCCCC1)c1cccc(F)c1
CHEMBL806,PR,,4.523,0,1,Inactive,censored,CC(C)C(=O)Nc1ccc([N+](=O)[O-])c(C(F)(F)F)c1
CHEMBL3182320,PR,,4.523,0,1,Inactive,censored,C[C@@H]1O[C@@H](OC[C@H]2O[C@@H](Oc3c(-c4ccc(OCCO)c(OCCO)c4)oc4cc(OCCO)cc(O)c4c3=O)[C@H](O)[C@@H](O)[C@@H]2O)[C@H](O)[C@H](O)[C@H]1O
CHEMBL3263763,PR,6.220,,1,0,Active,exact,COc1nc(C2=NN(c3ccc(C#N)c(C)n3)[C@@H](C3CCCC3)C2)ccc1C(N)=O
CHEMBL285802,PR,,4.523,0,1,Inactive,censored,CN(C)CCOC1=Cc2ccccc2Sc2ccc(Cl)cc21
CHEMBL399887,PR,,5.000,0,1,,censored,N#Cc1ccc(O[C@@H]2CCCC[C@H]2C#N)cc1C(F)(F)F
CHEMBL1200468,PR,,4.523,0,1,Inactive,censored,CCOC(=O)CC(SP(=S)(OC)OC)C(=O)OCC
CHEMBL3605932,PR,8.260,,1,0,Active,exact,CS(=O)(=O)Nc1cccc2c(-c3cccc(Cl)c3)c[nH]c12
CHEMBL349398,PR,5.520,,1,0,,exact,CC1(C)OC(C(C)(C)C)Nc2ccc(-c3cc(F)cc(C#N)c3)cc21
CHEMBL376897,PR,,4.523,0,1,Inactive,censored,C[N+]1(C)[C@@H]2C[C@@H](OC(=O)[C@H](CO)c3ccccc3)C[C@H]1[C@@H]1O[C@@H]12
CHEMBL3695596,PR,7.360,,1,0,Active,exact,C[C@]12CCC(=O)C=C1C1CC1[C@@H]1C2CC[C@@]2(C)C1C1CC1[C@@]21CCC(=O)C1
CHEMBL4525964,PR,,4.523,0,1,Inactive,censored,CC[C@@H]1C[C@]1(NC(=O)[C@@H]1C[C@@H]2CN1C(=O)[C@H](C(C)(C)C)NC(=O)OCC(C)(C)CCCCc1cccc3c1CN(C3)C(=O)O2)C(=O)NS(=O)(=O)C1CC1
CHEMBL3582121,PR,,5.903,0,1,,censored,CC1(C)Nc2c(cc(-c3cncc4nccn34)c3c2CCC3)C(C)(C)C1=O
CHEMBL1213351,PR,,4.523,0,1,Inactive,censored,CCC(=O)O[C@](Cc1ccccc1)(c1ccccc1)[C@H](C)CN(C)C
CHEMBL1201195,PR,,4.523,0,1,Inactive,censored,CO[C@@]1(NC(=O)CSCC#N)C(=O)N2C(C(=O)O)=C(CSc3nnnn3C)CS[C@@H]21
CHEMBL781,PR,,4.523,0,1,Inactive,censored,OC1(c2ccc(Cl)cc2)c2ccccc2C2=NCCN21
CHEMBL1108,PR,,4.523,0,1,Inactive,censored,O=C(CCCN1CC=C(n2c(=O)[nH]c3ccccc32)CC1)c1ccc(F)cc1
CHEMBL488559,PR,7.080,,1,0,Active,exact,O=C1COC(c2ccco2)(C(F)(F)C(F)(F)F)c2cc(-c3ccc(F)c(Cl)c3)ccc2N1
CHEMBL1152,PR,4.550,,1,0,Inactive,exact,CC(=O)OCC(=O)[C@@]1(O)CC[C@H]2[C@@H]3CCC4=CC(=O)C=C[C@]4(C)[C@H]3[C@@H](O)C[C@@]21C
CHEMBL521760,PR,7.120,,1,0,Active,exact,CCC1(c2cccs2)OCC(=O)Nc2ccc(-c3ccc(C#N)n3C)cc21
CHEMBL1164752,PR,7.990,,1,0,Active,exact,O=C(CC(Nc1ccc([N+](=O)[O-])cc1)C1CCCCC1)c1ccc(Br)cc1
CHEMBL175247,PR,,4.523,0,1,Inactive,censored,CCCCCCCCCCC[C@@H](C[C@@H]1OC(=O)[C@H]1CCCCCC)OC(=O)[C@H](CC(C)C)NC=O
CHEMBL503848,PR,6.920,,1,0,Active,exact,C[C@H]1C[C@H]2[C@@H]3CCC4=CC(=O)C=C[C@]4(C)[C@@]3(F)[C@@H](O)C[C@]2(C)[C@@]1(OC(=O)NC1CCCCC1)C(=O)CO
CHEMBL1928878,PR,5.850,,1,0,,exact,O=C1COc2ccc(C3=Nc4ccccc4SC3c3ccccc3)cc2N1
CHEMBL1059,PR,4.690,,1,0,Inactive,exact,CC(C)C[C@H](CN)CC(=O)O
CHEMBL32350,PR,,4.523,0,1,Inactive,censored,Cc1ccc2c(c1)c1c3n2CCNC3CCC1
CHEMBL2107381,PR,,4.523,0,1,Inactive,censored,CC(=O)OC[C@H]1O[C@@H](n2ccc(=O)[nH]c2=O)[C@H](OC(C)=O)[C@@H]1OC(C)=O
CHEMBL727,PR,,4.523,0,1,Inactive,censored,Nc1nc2[nH]cnc2c(=S)[nH]1
CHEMBL3942112,PR,5.800,,1,0,,exact,O=S(=O)(Cc1ccccc1)Nc1ccc(Oc2ccccc2)cc1
CHEMBL279898,PR,,4.523,0,1,Inactive,censored,CCCn1c(=O)[nH]c(=O)c2nc[nH]c21
CHEMBL47272,PR,,5.301,0,1,,censored,COc1cccc2c1-c1ccc3c(c1[C@@H]([C@@H]1C=C(C)CCC1)O2)C(C)=CC(C)(C)N3
CHEMBL1911152,PR,6.510,,1,0,Active,exact,CC(C)Oc1ccc(-c2ccc3c(n2)Oc2ccccc2[C@H]3C(C)(C)C(=O)Nc2nncs2)cc1
CHEMBL1201270,PR,,4.523,0,1,Inactive,censored,C1N2CN3CN1CN(C2)C3
CHEMBL2106537,PR,,4.523,0,1,Inactive,censored,Cc1cc(CCN2CCN(c3cccc(Cl)c3)CC2)n[nH]1
CHEMBL1373254,PR,,4.523,0,1,Inactive,censored,NS(=O)(=O)c1cc2c(cc1Cl)NC(CC1CCCC1)NS2(=O)=O
CHEMBL1911653,PR,5.800,,1,0,,exact,COc1ccc(F)cc1C(C)(C)CC(O)(Cc1cc2ccc(C(F)(F)F)cc2[nH]1)C(F)(F)F
CHEMBL1200973,PR,5.780,,1,0,,exact,C[C@]12CC[C@@H]3c4ccc(O)cc4CC[C@H]3[C@@H]1CC[C@@H]2OC(=O)CCC1CCCC1
CHEMBL584422,PR,7.700,,1,0,Active,exact,CS(=O)(=O)N1CC[C@H](N(Cc2ccccc2F)c2ccc(C#N)c(Cl)c2)C1
CHEMBL65868,PR,6.170,,1,0,Active,exact,COc1cccc2c1-c1ccc(NS(C)(=O)=O)cc1C(c1ccc(C)cc1)O2
CHEMBL1163898,PR,7.510,,1,0,Active,exact,COc1cccc(C(=O)CC(Nc2ccc([N+](=O)[O-])cc2)c2ccc(C(F)(F)F)cc2)c1
CHEMBL564782,PR,7.600,,1,0,Active,exact,CC(c1ccnn1C)N(Cc1ccccc1Cl)c1ccc(C#N)c(Cl)c1
CHEMBL1592,PR,,4.523,0,2,Inactive,censored,CCOC(=O)[C@H](CCc1ccccc1)N[C@@H](C)C(=O)N1Cc2ccccc2C[C@H]1C(=O)O
CHEMBL1276010,PR,,4.523,0,1,Inactive,censored,C=CCCCCCCCCC(=O)O
CHEMBL1271,PR,,4.523,0,1,Inactive,censored,C[N+]1(CCCCC[N+]2(C)CCCC2)CCCC1
CHEMBL144815,PR,6.570,,1,0,Active,exact,O=C(c1ccc(Cl)c(C(F)(F)F)c1)N1CCCC(c2ccccc2)=N1
CHEMBL3989908,PR,,4.523,0,1,Inactive,censored,CC(C)(O)CNc1nc(Nc2ccnc(C(F)(F)F)c2)nc(-c2cccc(C(F)(F)F)n2)n1
CHEMBL311034,PR,,6.000,0,1,,censored,C[C@]12Cc3cnn(-c4ccc(F)cc4)c3C=C1CCC[C@@H]2[C@H](O)c1ccc(F)cc1
CHEMBL325221,PR,9.020,,1,0,Active,exact,CCCCC1Oc2ccccc2-c2ccc3c(c21)C(C)=CC(C)(C)N3
CHEMBL552285,PR,7.100,,1,0,Active,exact,CCCN1C[C@@H](N(Cc2ccccc2C)c2ccc(C#N)c(Cl)c2)CC1=O
CHEMBL1219,PR,,4.523,0,2,Inactive,censored,COCCCOc1ccnc(C[S+]([O-])c2nc3ccccc3[nH]2)c1C
CHEMBL3578295,PR,5.090,,1,0,,exact,C[C@H](c1ccc(F)cc1)N1C(=O)O[C@](Cc2ccccc2)(c2nc3c(NS(C)(=O)=O)cccc3[nH]2)C1=O
CHEMBL7987,PR,7.540,,1,0,Active,exact,C=CCC1Oc2ccc(Cl)c(OC)c2-c2ccc3c(c21)C(C)=CC(C)(C)N3
CHEMBL93906,PR,7.760,,2,0,Active,exact,O=[N+]([O-])c1cccc(-c2ccc3nc(S)n(Cc4ccccc4)c3c2)c1
CHEMBL1286,PR,,4.523,0,1,Inactive,censored,CC[C@@H](C(N)=O)N1CCCC1=O
CHEMBL1330588,PR,,4.523,0,1,Inactive,censored,Cc1cc(=O)[nH]c(=S)[nH]1
CHEMBL3695597,PR,6.640,,1,0,Active,exact,C[C@]12CC[C@H]3[C@@H](C=CC4=CC(=O)CC[C@@H]43)[C@@H]1CC[C@@]21C=CC(=O)O1
CHEMBL3263752,PR,5.505,,2,0,,exact,COc1nc(C2=NN(c3ccc(C#N)c(C)c3)[C@@H](C3CCCC3)C2)ccc1C(=O)O
CHEMBL1928869,PR,5.800,,1,0,,exact,O=C1COc2ccc(C3=Nn4cnnc4SC3)cc2N1
CHEMBL3183067,PR,4.590,,1,0,Inactive,exact,CC(=O)OC(C)OC(=O)C(C)c1ccc(-c2ccccc2)c(F)c1
CHEMBL397920,PR,7.420,,1,0,Active,exact,CO/N=C(\C)c1ccsc1/C=C1\Oc2ccc(O)c(OC)c2-c2ccc3c(c21)C(C)=CC(C)(C)N3
CHEMBL3397788,PR,7.440,,1,0,Active,exact,COC(=O)N(C)c1ccc(C23CC4CC(CC(c5ccc(C#N)cc5)(C4)C2)C3)cc1
CHEMBL136721,PR,7.820,,1,0,Active,exact,CC1(C)OC(=O)Nc2ccc(-c3ccc(F)c(C#N)c3)cc21
CHEMBL344135,PR,7.000,,1,0,Active,exact,O=C(c1ccc(Cl)c(Cl)c1)N1CCCC(c2ccc(Cl)c(Cl)c2)=N1
CHEMBL194812,PR,7.070,,1,0,Active,exact,COc1ccc(F)cc1C(C)(C)CC(O)(C(=O)Nc1ccc2c(c1)COC2=O)C(F)(F)F
CHEMBL520127,PR,7.430,,1,0,Active,exact,CN1C(=O)COC(C)(c2cccs2)c2cc(-c3ccc(C#N)n3C)ccc21
CHEMBL219290,PR,,5.699,0,1,,censored,COc1ccc(F)cc1C(C)(C)CC(O)(Cn1ccc(=O)cc1)C(F)(F)F
CHEMBL3960113,PR,6.660,,1,0,Active,exact,CCn1c(C#N)ccc1-c1ccc2oc(=O)ccc2c1
CHEMBL3263756,PR,5.280,,1,0,,exact,Cc1nc(N2N=C(c3ccc(C(=O)O)cc3)C[C@@H]2C2CCCC2)ccc1C#N
CHEMBL165612,PR,6.780,,1,0,Active,exact,CC1Nc2ccc(-c3ccc(F)c(C#N)c3)cc2C(C)(C)O1
CHEMBL1625,PR,4.590,,1,0,Inactive,exact,COc1ccc(C(=O)c2ccccc2)c(O)c1
CHEMBL394343,PR,6.010,,1,0,Active,exact,COc1ccccc1-c1ccc2c(c1)C(C(C)OCC=C(C)C)=CC(C)(C)N2
CHEMBL957,PR,,4.523,0,1,Inactive,censored,COc1ccccc1Oc1c(NS(=O)(=O)c2ccc(C(C)(C)C)cc2)nc(-c2ncccn2)nc1OCCO
CHEMBL902,PR,,4.523,0,1,Inactive,censored,NC(N)=Nc1nc(CSCC/C(N)=N/S(N)(=O)=O)cs1
CHEMBL325372,PR,,4.523,0,1,Inactive,censored,COC(=O)c1ccc(O)cc1
CHEMBL99046,PR,,5.301,0,3,,censored,COc1cccc2c1-c1ccc3c(c1C(c1ccccc1)O2)C(C)=CC(C)(C)N3
CHEMBL192314,PR,7.400,,1,0,Active,exact,CN(C)c1ccc(C2CN(S(=O)(=O)c3ccc(Cl)cc3)N=C2c2ccc(Cl)c(Cl)c2)cc1
CHEMBL1651913,PR,,4.523,0,1,Inactive,censored,COc1cccc(C(=O)CCN[C@@H](C)[C@H](O)c2ccccc2)c1
CHEMBL1413,PR,,4.523,0,1,Inactive,censored,Cc1cc(C2CCCCC2)n(O)c(=O)c1
CHEMBL1676,PR,8.100,,2,0,Active,exact,C[C@@H]1C[C@H]2[C@@H]3C[C@H](F)C4=CC(=O)C=C[C@]4(C)[C@@]3(F)[C@@H](O)C[C@]2(C)[C@@]1(OC(=O)c1ccco1)C(=O)SCF
CHEMBL772,PR,,4.523,0,1,Inactive,censored,COC(=O)[C@H]1[C@H]2C[C@@H]3c4[nH]c5cc(OC)ccc5c4CCN3C[C@H]2C[C@@H](OC(=O)c2cc(OC)c(OC)c(OC)c2)[C@@H]1OC
CHEMBL3337831,PR,5.915,,2,0,,exact,Cc1nn(CCC(C)(F)F)c(-c2ccc(F)cc2)c1-c1ccc2c(c1)NC(=O)CO2
CHEMBL231803,PR,6.000,,1,0,Active,exact,CC(Cc1c[nH]c2ccccc12)NS(=O)(=O)c1ccc(C(C)C)cc1
CHEMBL4776248,PR,5.450,,1,0,,exact,C[C@](O)(Cn1cc(C#N)cn1)C(=O)Nc1ccc(C#N)c(C(F)(F)F)c1
CHEMBL1547,PR,,4.523,0,1,Inactive,censored,Cc1ncc(C[n+]2csc(CCO)c2C)c(N)n1
CHEMBL127810,PR,,4.523,0,1,Inactive,censored,CCCNC(C)(C)COC(=O)c1ccccc1
CHEMBL3692350,PR,6.960,,1,0,Active,exact,C[C@]12CC[C@H]3[C@@H](CCC4=CC(=O)CC[C@@H]43)[C@@H]1CC1(CC1)[C@@]21C=CCO1
CHEMBL541908,PR,6.770,,1,0,Active,exact,Br.C=CCOC(C)C1=CC(C)(C)Nc2ccc(-c3cc(F)ccc3OC)cc21
CHEMBL1531,PR,8.520,,1,0,Active,exact,C#C[C@]1(O)CC[C@H]2[C@@H]3CCC4=CC(=O)CC[C@@H]4[C@H]3C(=C)C[C@@]21CC
CHEMBL1163598,PR,7.270,,1,0,Active,exact,Cc1ccc(C(=O)CC(Nc2ccc([N+](=O)[O-])cc2)c2cccc(F)c2)cc1
CHEMBL5968870,PR,7.160,,1,0,Active,exact,C[C@]12C=CC(=O)C=C1CC[C@@H]1[C@@H]2[C@@H](O)C[C@@]2(C)[C@H]1C[C@H]1O[C@@H](c3ccc(Sc4cccc(N)c4)cc3)O[C@]12C(=O)CO
CHEMBL192,PR,,4.523,0,1,Inactive,censored,CCCc1nn(C)c2c(=O)[nH]c(-c3cc(S(=O)(=O)N4CCN(C)CC4)ccc3OCC)nc12
CHEMBL3975572,PR,5.660,,2,0,,exact,Cc1cc(=O)oc2cc(O)c(-c3ccc(C#N)n3C)cc12
CHEMBL1200971,PR,,4.523,0,1,Inactive,censored,CC(=O)OCC1=C(C(=O)O)N2C(=O)[C@@H](NC(=O)[C@H](N)c3ccccc3)[C@H]2SC1
CHEMBL1644,PR,,4.523,0,1,Inactive,censored,CC1=C(C(=O)O)N2C(=O)[C@@H](NC(=O)[C@H](N)c3ccc(O)cc3)[C@H]2SC1
CHEMBL3695604,PR,6.800,,1,0,Active,exact,CC[C@]12CC[C@H]3[C@@H]([C@H](C)CC4=CC(=O)CC[C@@H]43)[C@@H]1CC[C@@]21C=CC(=O)O1
CHEMBL1091,PR,5.120,,1,0,,exact,CC(=O)OCC(=O)[C@@]1(O)CC[C@H]2[C@@H]3CCC4=CC(=O)CC[C@]4(C)[C@H]3[C@@H](O)C[C@@]21C
CHEMBL5568622,PR,5.460,,1,0,,exact,C[C@](O)(CN1CC2CC(C1)N2c1ccc(C#N)cc1)C(=O)Nc1cnc(C#N)c(C(F)(F)F)c1
CHEMBL63610,PR,6.610,,3,1,Active,exact,CC1=CC(C)(C)Nc2ccc3c(c21)COc1c(F)cccc1-3
CHEMBL1410814,PR,,4.523,0,1,Inactive,censored,Cc1ccc(O)c2ncccc12
CHEMBL1218,PR,,4.523,0,1,Inactive,censored,CCC(=O)NCC[C@@H]1CCc2ccc3c(c21)CCO3
CHEMBL65794,PR,,4.523,0,1,Inactive,censored,CO/N=C(\C(=O)N[C@@H]1C(=O)N2C(C(=O)[O-])=C(C[n+]3cccc4c3CCC4)CS[C@H]12)c1csc(N)n1
CHEMBL115173,PR,7.640,,1,0,Active,exact,CCCCCCC1Oc2ccccc2-c2ccc3c(c21)C(C)=CC(C)(C)N3
CHEMBL501745,PR,,6.000,0,1,,censored,C[C@H]1C[C@H]2[C@@H]3CCC4=CC(=O)C=C[C@]4(C)[C@@]3(F)[C@@H](O)C[C@]2(C)[C@@]1(OC(=O)NC(C)(C)CC(C)(C)C)C(=O)CO
CHEMBL3786343,PR,,4.523,0,1,Inactive,censored,C=CC(=O)Nc1cccc(Oc2nc(Nc3ccc(N4CCN(C)CC4)cc3)nc3ccsc23)c1
CHEMBL339427,PR,,4.523,0,1,Inactive,censored,COc1cc2c3cc1Oc1cc(ccc1O)C[C@@H]1c4c(cc(OC)c(O)c4Oc4ccc(cc4)C[C@@H]3N(C)CC2)CC[N+]1(C)C
CHEMBL1669776,PR,5.490,,1,0,,exact,CC(=O)Oc1cc2c(c(OC(C)=O)c1)C(=O)OCCCCCCCCCC2
CHEMBL517,PR,,4.523,0,1,Inactive,censored,CC(C)N(CCC(C(N)=O)(c1ccccc1)c1ccccn1)C(C)C
CHEMBL439415,PR,6.500,,1,0,Active,exact,CC(C)CNC(=S)N[C@H]1CCCN2c3cc(Cl)ccc3Oc3ccccc3[C@H]12
CHEMBL320411,PR,8.060,,1,0,Active,exact,CC(=O)c1ccc(C2Oc3ccccc3-c3ccc4c(c32)C(C)=CC(C)(C)N4)cc1
CHEMBL3983437,PR,6.800,,1,0,Active,exact,N#Cc1ccc(-c2ccc3oc(=O)ccc3c2)n1Cc1cc(F)cc(F)c1
CHEMBL577034,PR,7.180,,1,0,Active,exact,CC1(C)CC(=O)c2ccc(-c3cccc(Cl)c3)cc21
CHEMBL1689063,PR,,4.523,0,1,Inactive,censored,NC(=O)[C@@H]1CC[C@@H]2CN1C(=O)N2OS(=O)(=O)O
CHEMBL1163717,PR,7.240,,1,0,Active,exact,O=C(CC(Nc1ccc([N+](=O)[O-])cc1)c1ccc(F)cc1)c1cccc(Cl)c1
CHEMBL290916,PR,,4.523,0,1,Inactive,censored,CC1=NN(c2ccccc2)C(=O)C1
CHEMBL166,PR,,4.523,0,1,Inactive,censored,Nc1nc(N)nc(Nc2ccc([As]3SCC(CO)S3)cc2)n1
CHEMBL497,PR,,4.523,0,1,Inactive,censored,Oc1c(I)cc(Cl)c2cccnc12
CHEMBL2110627,PR,,4.523,0,1,Inactive,censored,CCOC(=O)[C@H](CCc1ccccc1)N[C@H]1CS[C@H](c2cccs2)CN(CC(=O)O)C1=O
CHEMBL236748,PR,,5.979,0,1,,censored,COc1ccc(F)cc1C(C)(C)CC(O)(Cc1cccc(C)c1)C(F)(F)F
CHEMBL1200381,PR,,4.523,0,1,Inactive,censored,Cl.N=C(N)NCCC[C@H](N)C(=O)O
CHEMBL212466,PR,7.300,,1,0,Active,exact,O=[N+]([O-])c1ccc(C2=NN(S(=O)(=O)c3ccc(OC(F)(F)F)cc3)CCCC2)cc1
CHEMBL1163646,PR,7.310,,1,0,Active,exact,O=C(CC(Nc1ccc([N+](=O)[O-])cc1)c1cccc(F)c1)c1ccccc1
CHEMBL1163645,PR,7.440,,1,0,Active,exact,O=C(CC(Nc1ccc([N+](=O)[O-])cc1)c1cccc(F)c1)c1cccc(Br)c1
CHEMBL405,PR,,4.523,0,1,Inactive,censored,CC(N)Cc1ccccc1
CHEMBL1089421,PR,5.080,,1,0,,exact,CCCCn1c(=O)c2ccccc2c2cc(C(C)(C)C)ccc21
CHEMBL74632,PR,,4.523,0,1,Inactive,censored,CO[C@@]1(NC(=O)C(C(=O)O)c2ccc(O)cc2)C(=O)N2C(C(=O)O)=C(CSc3nnnn3C)CO[C@@H]21
CHEMBL514646,PR,6.830,,1,0,Active,exact,C[C@@]1(C(=O)Nc2nccs2)CC2c3ccccc3C1c1ccccc12
CHEMBL3093453,PR,6.120,,1,0,Active,exact,Cc1cc(C)c(S(=O)(=O)NC(Cc2c[nH]c3c(C#N)cc(C)cc23)C(F)(F)F)c(C)c1
CHEMBL3692353,PR,7.110,,1,0,Active,exact,CC[C@]12CC[C@H]3[C@@H]([C@H](C)CC4=CC(=O)CC[C@@H]43)[C@@H]1CC[C@@]21C=CCO1
CHEMBL3093459,PR,5.190,,1,0,,exact,Cc1cc(C)c(S(=O)(=O)NC(COc2ccccc2)C(F)(F)F)c(C)c1
CHEMBL3966957,PR,6.675,,2,0,Active,exact,N#Cc1ccc(-c2ccc3oc(=O)ccc3c2)n1Cc1ccccc1
CHEMBL1201325,PR,,4.523,0,1,Inactive,censored,C[N+]1(C)CCN(CC(O)(c2ccccc2)C2CCCCC2)CC1
CHEMBL413309,PR,9.210,,1,0,Active,exact,CC1=CC(C)(C)Nc2ccc3c(c21)/C(=C/c1ccccc1)Oc1c(F)cccc1-3
CHEMBL3692354,PR,6.770,,1,0,Active,exact,CC[C@@H]1CC2=CC(=O)CC[C@@H]2[C@H]2CC[C@@]3(CC)[C@@H](CC[C@@]34C=CCO4)[C@H]12
CHEMBL600465,PR,7.600,,1,0,Active,exact,CCC(=O)N1CC[C@H](N(Cc2ccccc2C(F)(F)F)c2ccc(C#N)c(Cl)c2)C1
CHEMBL104,PR,,4.523,0,1,Inactive,censored,Clc1ccccc1C(c1ccccc1)(c1ccccc1)n1ccnc1
CHEMBL7568,PR,,5.000,0,1,,censored,CCN(CC)CCCC(C)Nc1c2ccc(Cl)cc2nc2ccc(OC)cc12
CHEMBL1083885,PR,5.600,,1,0,,exact,Oc1cccc(-c2ccc3c(cnn3-c3ccc(F)cc3)c2)c1
CHEMBL164080,PR,7.920,,1,0,Active,exact,CC1Nc2ccc(-c3csc(C#N)c3)cc2C2(CCCCC2)O1
CHEMBL488556,PR,6.930,,1,0,Active,exact,CCC1(c2ccsc2)OCC(=O)Nc2ccc(-c3ccc(F)c(Cl)c3)cc21
CHEMBL503,PR,4.530,,1,0,Inactive,exact,CC[C@H](C)C(=O)O[C@H]1C[C@@H](C)C=C2C=C[C@H](C)[C@H](CC[C@@H]3C[C@@H](O)CC(=O)O3)[C@H]21
CHEMBL1740513,PR,,4.523,0,1,Inactive,censored,CC(C)Nc1ncccn1
CHEMBL269732,PR,,4.523,0,1,Inactive,censored,C=CC[C@@H]1/C=C(\C)C[C@H](C)C[C@H](OC)[C@H]2O[C@@](O)(C(=O)C(=O)N3CCCC[C@H]3C(=O)O[C@H](/C(C)=C/[C@@H]3CC[C@@H](O)[C@H](OC)C3)[C@H](C)[C@@H](O)CC1=O)[C@H](C)C[C@@H]2OC
CHEMBL3695614,PR,7.360,,1,0,Active,exact,C[C@]12CC[C@H]3[C@@H](CC4(CC4)C4=CC(=O)CC[C@@H]43)[C@@H]1CC[C@@]21C=CC(=O)O1
CHEMBL460,PR,,4.523,0,1,Inactive,censored,CCc1c(C)[nH]c2c1C(=O)C(CN1CCOCC1)CC2
CHEMBL164908,PR,6.670,,1,0,Active,exact,CC1Nc2ccc(-c3ccc(F)c(Cl)c3)cc2C(C)(C)O1
CHEMBL3692348,PR,6.890,,1,0,Active,exact,CC[C@@H]1CC2=CC(=O)CC[C@@H]2[C@H]2CC[C@@]3(C)[C@@H](CC[C@@]34C=CCO4)[C@H]12
CHEMBL78646,PR,,5.000,0,1,,censored,O=C1C=C2CCc3cc(O)ccc3[C@]2(Cc2ccccc2)CC1
CHEMBL1097751,PR,5.450,,1,0,,exact,CC1=C(C#N)[C@@H](c2ccc(F)cc2Cl)C(C(=O)OC(C)(C)C)=C(C)N1
CHEMBL320164,PR,9.430,,1,0,Active,exact,CC1=CC(C)(C)Nc2ccc3c(c21)C(c1cccc(C)c1)Oc1ccc(F)cc1-3
CHEMBL479,PR,,4.523,0,1,Inactive,censored,CSc1ccc2c(c1)N(CCC1CCCCN1C)c1ccccc1S2
CHEMBL1497,PR,6.890,,1,0,Active,exact,CCCCC(=O)O[C@]1(C(=O)CO)[C@@H](C)C[C@H]2[C@@H]3CCC4=CC(=O)C=C[C@]4(C)[C@@]3(F)[C@@H](O)C[C@@]21C
CHEMBL1766,PR,7.480,,1,0,Active,exact,C[C@@H]1C[C@H]2[C@@H]3CCC4=CC(=O)C=C[C@]4(C)[C@@]3(F)[C@@H](O)C[C@]2(C)[C@H]1C(=O)CO
CHEMBL496,PR,6.130,,1,0,Active,exact,Oc1c(Cl)cc(Cl)c(Cl)c1Cc1c(O)c(Cl)cc(Cl)c1Cl
CHEMBL2407651,PR,5.440,,1,1,,exact,C[C@H](c1ccc(F)cc1)N1C(=O)O[C@](Cc2ccc(F)cc2)(C(=O)NCc2ccc(Cl)c(Cl)c2)C1=O
CHEMBL3094478,PR,5.920,,1,0,,exact,CCC(Cc1cc(Cl)cc(Cl)c1)NS(=O)(=O)c1c(C)cc(C)cc1C
CHEMBL242675,PR,5.890,,1,0,,exact,COc1ccc(F)cc1-c1ccc2c(c1)C(C(C)OCCc1ccccc1)=CC(C)(C)N2
CHEMBL296624,PR,,5.301,0,1,,censored,C=C(Br)CC1Oc2cccc(OC)c2-c2ccc3c(c21)C(C)=CC(C)(C)N3
CHEMBL3233282,PR,,5.699,0,1,,censored,Cc1ccc(F)cc1C(C)(C)C[C@](O)(Cc1cc2cnccc2[nH]1)C(C)(C)C
CHEMBL523,PR,,4.523,0,1,Inactive,censored,O=C1CN=C(c2ccccc2)c2cc(Cl)ccc2N1
CHEMBL1079604,PR,,4.523,0,1,Inactive,censored,Cc1cc(C)cc(OCC2CNC(=O)O2)c1
CHEMBL1076211,PR,,4.523,0,1,Inactive,censored,Cc1ccc(C(=O)C(C)CN2CCCCC2)cc1
CHEMBL289480,PR,,4.523,0,1,Inactive,censored,C1COC(NC(C2CC2)C2CC2)=N1
CHEMBL599,PR,,4.523,0,1,Inactive,censored,Cc1cnc(NC(=O)C2=C(O)c3ccccc3S(=O)(=O)N2C)s1
CHEMBL1675,PR,,4.523,0,1,Inactive,censored,CCCCCCCCCCCCCCCC(=O)OC/C=C(C)/C=C/C=C(C)/C=C/C1=C(C)CCCC1(C)C
CHEMBL1237124,PR,,4.523,0,1,Inactive,censored,C=C1c2c(Cl)ccc(O)c2C(=O)C2=C(O)[C@]3(O)C(=O)C(C(N)=O)=C(O)[C@@H](N(C)C)[C@@H]3[C@@H](O)[C@H]12
CHEMBL644,PR,,4.523,0,1,Inactive,censored,CC(CN(C)C)CN1c2ccccc2CCc2ccccc21
CHEMBL2419309,PR,7.210,,1,0,Active,exact,CC1C(c2ccc3c(c2)NC(=O)CO3)=C(c2ccc(F)cc2)C(=O)N1C
CHEMBL1393,PR,6.190,,6,1,Active,exact,CC(=O)S[C@@H]1CC2=CC(=O)CC[C@]2(C)[C@H]2CC[C@@]3(C)[C@@H](CC[C@@]34CCC(=O)O4)[C@H]12
CHEMBL62227,PR,7.710,,4,0,Active,exact,CC1=CC(C)(C)Nc2ccc3c(c21)COc1c(F)cc(C#N)cc1-3
CHEMBL625,PR,,4.523,0,1,Inactive,censored,c1ccc2[nH]c(-c3cscn3)nc2c1
CHEMBL556891,PR,7.890,,1,0,Active,exact,CC(c1nnnn1C)N(Cc1ccccc1Cl)c1ccc(C#N)c(Cl)c1
CHEMBL137103,PR,8.820,,1,0,Active,exact,CC1=CC(C)(C)Nc2ccc3c(c21)/C(=C/c1cc(F)ccc1F)Oc1ccccc1-3
CHEMBL3093455,PR,,5.000,0,1,,censored,Cc1cc(C)c(S(=O)(=O)NC(Cn2ccc3ncccc32)C(F)(F)F)c(C)c1
CHEMBL153479,PR,,4.523,0,1,Inactive,censored,Nc1c(Br)cc(Br)cc1CN[C@H]1CC[C@H](O)CC1
CHEMBL3093450,PR,,5.000,0,1,,censored,Cc1cc(C)c(S(=O)(=O)NC(Cc2c[nH]c3ccc(C#N)cc23)C(F)(F)F)c(C)c1
CHEMBL144673,PR,,4.523,0,1,Inactive,censored,CCCCC(CC)CN1CN(CC(CC)CCCC)CC(C)(N)C1
CHEMBL2311103,PR,8.500,,9,0,Active,exact,CC[C@@H]1C[C@H]2[C@@H]3CCC4=CC(=O)CC[C@@H]4[C@H]3CC[C@]2(C)[C@H]1C(=O)CO
CHEMBL537887,PR,6.210,,1,0,Active,exact,C=CCOC(C)C1=CC(C)(C)Nc2ccc(-c3cc(F)ccc3OC)cc21.Cl
CHEMBL3358927,PR,,5.699,0,1,,censored,Cc1ccc(F)cc1C(C)(C)CC(O)(Cc1cc2cc(N(C)C)ncc2[nH]1)C(F)(F)F
CHEMBL2368925,PR,,4.523,0,1,Inactive,censored,O=C(O[C@@H]1C[C@@H]2C[C@H]3C[C@H](C1)N2CC3=O)c1c[nH]c2ccccc12
CHEMBL474770,PR,,5.000,0,1,,censored,Cc1cnc(NC(=O)C2(C)CC3c4ccccc4C2c2ccccc23)s1
CHEMBL1201256,PR,,4.523,0,1,Inactive,censored,COc1cc(C(=O)NCc2ccc(OCCN(C)C)cc2)cc(OC)c1OC
CHEMBL841,PR,,4.523,0,1,Inactive,censored,CN(C)C(=O)C(CCN1CCC(O)(c2ccc(Cl)cc2)CC1)(c1ccccc1)c1ccccc1
CHEMBL424874,PR,6.700,,1,0,Active,exact,O=S(=O)(c1ccc(Cl)s1)N1CCCCC(c2ccccc2Cl)=N1
CHEMBL342426,PR,8.440,,1,0,Active,exact,CC1=CC(C)(C)Nc2ccc3c(c21)/C(=C/c1ccc(F)c(F)c1)Oc1ccccc1-3
CHEMBL404520,PR,,4.523,0,1,Inactive,censored,CN(C)[C@@H]1C(O)=C(C(N)=O)C(=O)[C@@]2(O)C(O)=C3C(=O)c4c(O)ccc(Cl)c4[C@@](C)(O)[C@H]3C[C@@H]12
CHEMBL686,PR,,4.523,0,1,Inactive,censored,Cc1cccc(Nc2ccccc2C(=O)O)c1C
CHEMBL2105759,PR,,4.523,0,1,Inactive,censored,CCS(=O)(=O)N1CC(CC#N)(n2cc(-c3ncnc4[nH]ccc34)cn2)C1
CHEMBL4445440,PR,,4.300,0,1,Inactive,censored,C[C@@H]1COc2cc(F)ccc2N1C(=O)c1ccc2c(c1)NC(=O)CO2
CHEMBL558664,PR,7.800,,2,0,Active,exact,CN1CC[C@H](N(Cc2ccccc2C(F)(F)F)c2ccc(C#N)c(Cl)c2)C1
CHEMBL1164485,PR,7.340,,1,0,Active,exact,O=C(CC(Nc1ccc([N+](=O)[O-])cc1)c1cccc(F)c1)c1cccc(F)c1
CHEMBL138957,PR,,5.301,0,1,,censored,COc1cccc2c1-c1ccc3c(c1C(CCO)O2)C(C)=CC(C)(C)N3
CHEMBL485696,PR,,4.523,0,1,Inactive,censored,Cc1cc(NS(=O)(=O)c2ccc(N)cc2)nc(C)n1
CHEMBL134258,PR,,7.000,0,1,,censored,CC1=CC(C)(C)Nc2ccc(-c3ccsc3C#N)cc21
CHEMBL1911664,PR,6.130,,1,0,Active,exact,CC(C)(C[C@@](O)(Cc1cc2ccc(C#N)cc2[nH]1)C(F)(F)F)c1cc(S(C)(=O)=O)cc2c1OCC2
CHEMBL12856,PR,,4.699,0,1,Inactive,censored,Nc1cc(-c2ccncc2)c[nH]c1=O
CHEMBL597,PR,,4.523,0,1,Inactive,censored,Cc1ccc(N(CC2=NCCN2)c2cccc(O)c2)cc1
CHEMBL1645396,PR,7.300,,1,0,Active,exact,COc1ccc(F)cc1-c1ccc(CNS(=O)(=O)c2cc(Cl)ccc2Cl)cc1
CHEMBL515671,PR,,5.000,0,1,,censored,CC#C[C@]1(O)C[C@H]2CCc3cc(OCc4cccnc4C)ccc3[C@]2(CC)C[C@@H]1O
CHEMBL5926172,PR,7.000,,1,0,Active,exact,CCC(C(=O)OC)n1c(C)cc2c(C(F)(F)F)c(C#N)ccc21
CHEMBL93690,PR,8.640,,2,0,Active,exact,CC1=CC(C)(C)Nc2cc3c(cc21)-c1cccc(F)c1C3
CHEMBL1323,PR,,4.523,0,1,Inactive,censored,CC(C)CN(C[C@@H](O)[C@H](Cc1ccccc1)NC(=O)O[C@H]1CO[C@H]2OCC[C@H]21)S(=O)(=O)c1ccc(N)cc1
CHEMBL228661,PR,,5.699,0,1,,censored,C=CCOC(CCC)C1=CC(C)(C)Nc2ccc(-c3ccccc3OC)cc21
CHEMBL564996,PR,6.400,,1,0,Active,exact,CCCN(c1ccc(C#N)c(Cl)c1)[C@H]1CCN(C)C1
CHEMBL333167,PR,7.090,,1,0,Active,exact,COC1Oc2cc(F)ccc2-c2ccc3c(c21)C(C)=CC(C)(C)N3
CHEMBL54349,PR,,4.523,0,1,Inactive,censored,CCCN(CCC)C(=O)Cc1c(-c2ccc(Cl)cc2)nc2ccc(Cl)cn12
CHEMBL1732,PR,,4.523,0,1,Inactive,censored,CN1C[C@H](C(=O)N[C@]2(C)O[C@@]3(O)[C@@H]4CCCN4C(=O)[C@H](Cc4ccccc4)N3C2=O)C[C@@H]2c3cccc4[nH]cc(c34)C[C@H]21
CHEMBL2104607,PR,,4.523,0,1,Inactive,censored,CCN(CC)C(=O)c1cccnc1
CHEMBL5936524,PR,5.570,,1,0,,exact,C[C@]12C=CC(=O)C=C1CC[C@@H]1[C@@H]2[C@@H](O)C[C@@]2(C)[C@H]1C[C@H]1O[C@@H](c3ccc(Cc4cccc(N)c4)c(O)c3)O[C@]12C(=O)CO
CHEMBL1084389,PR,5.800,,1,0,,exact,Fc1ccc(-n2ncc3cc(-c4cccc(C(F)(F)F)c4)ccc32)cc1
CHEMBL370143,PR,,4.523,0,1,Inactive,censored,NC[C@@H]1O[C@H](O[C@H]2[C@@H](O)[C@H](O[C@@H]3[C@@H](O)[C@H](N)C[C@H](N)[C@H]3O[C@H]3O[C@H](CO)[C@@H](O)[C@H](O)[C@H]3N)O[C@@H]2CO)[C@H](N)[C@@H](O)[C@@H]1O
CHEMBL1085609,PR,,5.000,0,1,,censored,Cc1cccc(-c2ccc3c(cnn3-c3ccc(F)cc3)c2)c1
CHEMBL93836,PR,,4.523,0,1,Inactive,censored,CCCC(CCC)C(N)=O
CHEMBL6191979,PR,,5.000,0,1,,censored,Cc1nc(-c2cc(F)c(F)c(O)c2F)sc1C(=O)N(Cc1ccc(Cl)cc1)C(C)C
CHEMBL1266,PR,,4.523,0,1,Inactive,censored,c1ccc2c(c1)CCCC2C1=NCCN1
CHEMBL1911651,PR,6.580,,1,0,Active,exact,COc1ccc(F)cc1C(C)(C)CC(O)(Cc1cc2ccc(F)cc2[nH]1)C(F)(F)F
CHEMBL1318150,PR,,4.523,0,1,Inactive,censored,CNC(=O)C[C@@H](N)C(=O)N[C@@H](C(=O)N[C@@H]1C(=O)N2[C@@H]1SC(C)(C)[C@@H]2C(=O)O)c1ccc(O)cc1
CHEMBL506569,PR,,4.523,0,1,Inactive,censored,CC(=O)O[C@H]1C[C@H](O[C@H]2[C@@H](O)C[C@H](O[C@H]3[C@@H](O)C[C@H](O[C@H]4CC[C@@]5(C)[C@H](CC[C@@H]6[C@@H]5C[C@@H](O)[C@]5(C)[C@@H](C7=CC(=O)OC7)CC[C@]65O)C4)O[C@@H]3C)O[C@@H]2C)O[C@H](C)[C@H]1O[C@@H]1O[C@H](CO)[C@@H](O)[C@H](O)[C@H]1O
CHEMBL942,PR,,4.523,0,1,Inactive,censored,CC(=O)Oc1ccc(C(c2ccc(OC(C)=O)cc2)c2ccccn2)cc1
CHEMBL1065,PR,4.790,,1,0,Inactive,exact,CC[C@@H](CO)NC(=O)[C@@H]1C=C2c3cccc4c3c(cn4C)C[C@H]2N(C)C1
CHEMBL538158,PR,7.495,,2,0,Active,exact,CC1=CC(C)(C)Nc2ccc(-c3cc(Br)cs3)cc21
CHEMBL5755157,PR,6.500,,1,0,Active,exact,CC(n1ccc2c(C(F)(F)F)c(C#N)ccc21)C(C)(C)O
CHEMBL429627,PR,,5.699,0,1,,censored,COc1ccc(F)cc1C(C)(C)CC(O)(Cc1ccc(Cl)cc1)C(F)(F)F
CHEMBL560249,PR,6.700,,1,0,Active,exact,CC(C)C[C@H](c1nnnn1C)N(CC1CCC1)c1ccc(C#N)c(Cl)c1
CHEMBL3358943,PR,,5.699,0,1,,censored,CNC(=O)c1ccccc1C(C)(C)CC(O)(Cc1cc2cc(S(C)(=O)=O)ncc2[nH]1)C(F)(F)F
CHEMBL32812,PR,9.080,,2,0,Active,exact,CC1=CC(C)(C)Nc2ccc3c(c21)/C(=C/c1cccc(F)c1)Oc1ccccc1-3
CHEMBL3315060,PR,6.210,,1,0,Active,exact,COc1ccc(CNC(=O)NC(=O)C(C)(C)[C@@H]2c3ccc(-c4ccc(C(=O)N5CCOCC5)cc4)nc3Oc3c(F)cccc32)cc1
CHEMBL5828693,PR,8.050,,1,0,Active,exact,C[C@]12C=CC(=O)C=C1[C@@H](F)C[C@H]1[C@@H]3C[C@H]4O[C@@H](c5ccc(Cc6ccc(N)cc6)cc5)O[C@@]4(C(=O)CO)[C@@]3(C)C[C@H](O)[C@@]12F
CHEMBL8007,PR,7.210,,1,0,Active,exact,C=CCC1Oc2cccc(Cl)c2-c2ccc3c(c21)C(C)=CC(C)(C)N3
CHEMBL1163902,PR,7.120,,1,0,Active,exact,O=C(CC(Nc1ccc([N+](=O)[O-])cc1)c1cccc(F)c1)c1ccc(C2CCCCC2)cc1
CHEMBL3263759,PR,5.690,,1,0,,exact,COc1nc(C2=NN(c3ccc(C#N)c(C)n3)[C@@H](C(C)C)C2)ccc1C(=O)O
CHEMBL471737,PR,,4.523,0,1,Inactive,censored,COc1cc2c(cc1OC)CC(=O)N(CCCN(C)C[C@H]1Cc3cc(OC)c(OC)cc31)CC2
CHEMBL328787,PR,6.700,,1,0,Active,exact,CC1=CC(C)(C)Nc2cc3c(cc21)-c1cc(F)cc(F)c1C3O
CHEMBL1835832,PR,5.910,,1,0,,exact,CCN(CC)c1cc2oc(=O)ccc2cc1-c1cccs1
CHEMBL164187,PR,8.540,,1,0,Active,exact,Cc1cc(C#N)sc1-c1ccc2c(c1)C1(CCCCC1)OC(C)N2
CHEMBL404496,PR,6.350,,1,0,Active,exact,Cc1cc(-c2c[nH]c3ccccc23)c(Cl)c2c1NC(C)(C)CC2C
CHEMBL3605934,PR,7.540,,1,0,Active,exact,CS(=O)(=O)Nc1cccc2c(-c3ccc(F)cc3)c[nH]c12
CHEMBL99128,PR,,5.301,0,1,,censored,COc1ccc2c(c1)OC(c1ccccc1)c1c-2ccc2c1C(C)=CC(C)(C)N2
CHEMBL3963507,PR,6.850,,1,0,Active,exact,N#Cc1ccc(-c2ccc3oc(=O)ccc3c2)s1
CHEMBL652,PR,,4.523,0,1,Inactive,censored,O=C(NCC1CCCCN1)c1cc(OCC(F)(F)F)ccc1OCC(F)(F)F
CHEMBL3358948,PR,,5.699,0,1,,censored,Cc1ccc(C(C)(C)CC(O)(Cc2cc3cc(S(C)(=O)=O)ncc3[nH]2)C(F)(F)F)c(C(N)=O)c1
CHEMBL27,PR,,4.523,0,2,Inactive,censored,CC(C)NCC(O)COc1cccc2ccccc12
CHEMBL320690,PR,9.370,,1,0,Active,exact,CC1=CC(C)(C)Nc2ccc3c(c21)C(c1cccc(Cl)c1)Oc1ccccc1-3
CHEMBL539459,PR,7.500,,1,0,Active,exact,CC(C(=O)N(C)C)N(Cc1ccccc1Cl)c1ccc(C#N)c(Cl)c1
CHEMBL1083709,PR,,5.000,0,1,,censored,CC(C)S(=O)(=O)Nc1ccc(-c2ccc3c(cnn3-c3ccc(F)cc3)c2)c(C(F)(F)F)c1
CHEMBL237807,PR,5.890,,1,0,,exact,COc1ccc(F)cc1C(C)(C)CC(O)(Cc1cccc(Cl)c1Cl)C(F)(F)F
CHEMBL1608,PR,9.770,,1,0,Active,exact,CC#C[C@]1(O)CC[C@H]2[C@@H]3CCC4=CC(=O)CCC4=C3[C@@H](c3ccc(NC)cc3)C[C@@]21C
CHEMBL1835834,PR,4.300,,1,0,Inactive,exact,O=c1ccc2cc(-c3ccc(Cl)s3)ccc2o1
CHEMBL3623002,PR,9.080,,1,1,Active,exact,CC(C)CN1[C@H](c2c(F)cc(/C=C/C(=O)O)cc2F)c2[nH]c3ccccc3c2C[C@H]1C
CHEMBL2426118,PR,6.390,,1,0,Active,exact,CC(C)(CNS(=O)(=O)CC(F)(F)F)[C@@H](c1ccccc1)c1ccc2c(cnn2-c2ccc(F)cc2)c1
CHEMBL318409,PR,8.205,,2,0,Active,exact,CC1=CC(C)(C)Nc2ccc3c(c21)C(c1ccccc1)Oc1ccc(Cl)cc1-3
CHEMBL250104,PR,5.600,,1,0,,exact,O=C(O)CCc1cc(Br)c(OCc2cccc(Br)c2)c(Br)c1
CHEMBL564015,PR,7.500,,1,0,Active,exact,CC(c1nnnn1C(C)C)N(Cc1ccccc1Cl)c1ccc(C#N)c(Cl)c1
CHEMBL402063,PR,5.920,,3,1,,exact,C/C=C1/C(=O)C[C@H]2[C@@H]3CCC4=CC(=O)CC[C@]4(C)[C@H]3CC[C@]12C
CHEMBL3692355,PR,6.770,,1,0,Active,exact,C=C[C@@H]1CC2=CC(=O)CC[C@@H]2[C@H]2CC[C@@]3(CC)[C@@H](CC[C@@]34C=CCO4)[C@@H]21
CHEMBL238044,PR,,5.699,0,1,,censored,COc1ccc(F)cc1C(C)(C)CC(O)(Cc1ccc2ccccc2c1)C(F)(F)F
CHEMBL43064,PR,,4.523,0,1,Inactive,censored,C(=C/c1ccccc1)\CN1CCN(C(c2ccccc2)c2ccccc2)CC1
CHEMBL592289,PR,7.920,,1,0,Active,exact,COC(=O)N1CC[C@H](N(Cc2ccccc2F)c2ccc(C#N)c(Cl)c2)C1
CHEMBL746,PR,,4.523,0,1,Inactive,censored,CCCc1c2oc(C(=O)O)cc(=O)c2cc2c(=O)cc(C(=O)O)n(CC)c12
CHEMBL1586,PR,,4.523,0,1,Inactive,censored,C[C@H]1C[C@H]2[C@@H]3CCC4=CC(=O)C=C[C@]4(C)[C@@]3(Cl)[C@@H](O)C[C@]2(C)[C@@]1(O)C(=O)CO
CHEMBL550,PR,,4.523,0,1,Inactive,censored,CC[C@@H]1C(=O)OC[C@@H]1Cc1cncn1C
CHEMBL334890,PR,7.440,,2,0,Active,exact,CC1=CC(C)(C)Nc2ccc(-c3c(C)sc(C#N)c3C)cc21
CHEMBL254316,PR,,4.523,0,1,Inactive,censored,Cc1nnc(C(=O)NC(C)(C)c2nc(C(=O)NCc3ccc(F)cc3)c(O)c(=O)n2C)o1
CHEMBL1911659,PR,6.150,,1,0,Active,exact,CC(C)(CC(O)(Cc1cc2ccccc2[nH]1)C(F)(F)F)c1cc(C#N)cc2c1OCC2
CHEMBL834,PR,,4.523,0,1,Inactive,censored,NCCC(O)(P(=O)(O)O)P(=O)(O)O
CHEMBL196051,PR,7.460,,1,0,Active,exact,CC(C)(CC(O)(Cc1ccccc1)C(=O)Nc1ccc2c(c1)COC2=O)c1cc(F)ccc1O
CHEMBL3605929,PR,7.690,,1,0,Active,exact,COc1cc(F)ccc1-c1c(C)[nH]c2c(NS(C)(=O)=O)cc(F)cc12
CHEMBL296623,PR,,5.301,0,1,,censored,C=C(COC(C)=O)CC1Oc2cccc(OC)c2-c2ccc3c(c21)C(C)=CC(C)(C)N3
CHEMBL373083,PR,7.440,,1,0,Active,exact,Cc1ccccc1CC(O)(CC(C)(C)c1cc(F)ccc1O)C(=O)Nc1ccc2c(c1)COC2=O
CHEMBL1911546,PR,5.760,,1,0,,exact,COc1ccc(F)cc1C(C)(C)CC(O)(Cc1cc2cccc(C(F)(F)F)c2[nH]1)C(F)(F)F
CHEMBL184,PR,,4.523,0,2,Inactive,censored,Nc1nc2c(ncn2COCCO)c(=O)[nH]1
CHEMBL282724,PR,,4.523,0,1,Inactive,censored,Cc1cc2c(cc1CC(=O)c1sccc1S(=O)(=O)Nc1onc(C)c1Cl)OCO2
CHEMBL311662,PR,,6.000,0,1,,censored,C[C@]12Cc3cnn(-c4ccc(F)cc4)c3C=C1CCC[C@@H]2[C@](C)(O)c1ccc(F)cc1
CHEMBL3582110,PR,6.390,,1,0,Active,exact,Cc1noc(C)c1-c1cc2c(cc1Cl)NC(C)(C)C(=O)C2(C)C
CHEMBL232250,PR,6.360,,1,0,Active,exact,CC(Cc1c[nH]c2ccccc12)NS(=O)(=O)c1cc(Cl)c(Cl)cc1Cl
CHEMBL811,PR,,4.523,0,1,Inactive,censored,CN(C)CCC(c1ccc(Br)cc1)c1ccccn1
CHEMBL131,PR,5.680,,3,11,,exact,C[C@]12C=CC(=O)C=C1CC[C@@H]1[C@@H]2[C@@H](O)C[C@@]2(C)[C@H]1CC[C@]2(O)C(=O)CO
CHEMBL741,PR,,4.523,0,1,Inactive,censored,Nc1nnc(-c2cccc(Cl)c2Cl)c(N)n1
CHEMBL6041217,PR,6.080,,1,0,Active,exact,C[C@]12C=CC(=O)C=C1CC[C@@H]1[C@@H]2[C@@H](O)C[C@@]2(C)[C@H]1C[C@H]1O[C@@H](c3ccc(Sc4ccc(Cl)c(N)c4)cc3)O[C@]12C(=O)CO
CHEMBL3582114,PR,5.640,,1,0,,exact,Cc1noc(C)c1-c1cc2c(c3c1OCO3)NC(C)(C)C(=O)C2(C)C
CHEMBL572014,PR,5.900,,1,0,,exact,Cc1ccccc1C1CC(=O)Nc2sc3c(C)c(C#N)c(N)nc3c21
CHEMBL1490,PR,,4.523,0,1,Inactive,censored,OC(CCN1CCCCC1)(c1ccccc1)C1CCCCC1
CHEMBL330829,PR,,4.523,0,1,Inactive,censored,CCOC(=O)/C=C1\SC(N2CCCCC2)C(=O)N1C
CHEMBL1577,PR,,4.523,0,1,Inactive,censored,CN1C(CCl)Nc2cc(Cl)c(S(N)(=O)=O)cc2S1(=O)=O
CHEMBL302362,PR,9.180,,3,0,Active,exact,CC1=CC(C)(C)Nc2ccc3c(c21)/C(=C/c1ccccc1C)Oc1ccccc1-3
CHEMBL1086314,PR,5.200,,1,0,,exact,Cc1ccccc1-c1ccc2c(cnn2-c2ccc(F)cc2)c1
CHEMBL3093444,PR,5.280,,1,0,,exact,CC(C)(Cc1c[nH]c2ccccc12)NS(=O)(=O)c1c(N)cc(Cl)cc1Cl
CHEMBL3895538,PR,6.390,,1,0,Active,exact,O=S(=O)(Nc1ccc(Oc2ccccc2)cc1)c1ccc(Cl)c(Cl)c1
CHEMBL203350,PR,,5.699,0,1,,censored,COc1ccccc1-c1ccc2c(c1)C(CSCCC(C)C)=CC(C)(C)N2
CHEMBL961,PR,,4.523,0,1,Inactive,censored,CCN(CC)C(=S)S
CHEMBL206375,PR,6.020,,1,0,Active,exact,C=CCSCC1=CC(C)(C)Nc2ccc(-c3cccc(O)c3Cl)cc21
CHEMBL3126939,PR,,5.699,0,1,,censored,Cc1ccc(F)cc1C(C)(C)CC(O)(Cc1cc2nc(N3CCS(=O)(=O)CC3)ncc2[nH]1)C(F)(F)F
CHEMBL3094479,PR,5.820,,1,0,,exact,CCC(Cc1cccc2ccccc12)NS(=O)(=O)c1c(C)cc(C)cc1C
CHEMBL576127,PR,,4.523,0,1,Inactive,censored,O=C1NCC2(CCN(CCc3ccccc3)CC2)O1
CHEMBL359431,PR,,6.000,0,1,,censored,O=C(c1ccc(Br)cc1)N1CCCC(c2ccccc2)=N1
CHEMBL3960590,PR,6.810,,2,0,Active,exact,COc1cc2oc(=O)cc(C)c2cc1-c1ccc(C#N)n1C
CHEMBL374478,PR,,4.523,0,1,Inactive,censored,CO[C@H]1/C=C/O[C@@]2(C)Oc3c(C)c(O)c4c(O)c(c(/C=N/N5CCN(C)CC5)c(O)c4c3C2=O)NC(=O)/C(C)=C\C=C\[C@H](C)[C@H](O)[C@@H](C)[C@@H](O)[C@@H](C)[C@H](OC(C)=O)[C@@H]1C
CHEMBL3315061,PR,7.280,,1,0,Active,exact,CC(C)(C(=O)NC(N)=O)[C@@H]1c2ccc(-c3ccc(C(=O)N4CCOCC4)cc3)nc2Oc2c(F)cccc21
CHEMBL2110775,PR,,4.523,0,1,Inactive,censored,NC(=O)C1(N2CCCCC2)CCN(CCCN2c3ccccc3CCc3ccccc32)CC1
CHEMBL550270,PR,7.400,,1,0,Active,exact,CN1CC[C@H](N(Cc2ccccc2)c2ccc(C#N)c(Cl)c2)C1
CHEMBL251940,PR,4.660,,1,0,Inactive,exact,N#Cc1ccc2c(c1)N(CCCN1CCC(O)CC1)c1ccccc1S2
CHEMBL498,PR,,4.523,0,1,Inactive,censored,CCCNC(=O)NS(=O)(=O)c1ccc(Cl)cc1
CHEMBL3706943,PR,6.400,,1,0,Active,exact,COc1c(O)ccc2c1-c1ccc3c(c1/C(=C/c1cccc(C)c1)O2)C(C)=CC(C)(C)N3
CHEMBL373742,PR,,4.523,0,1,Inactive,censored,N=C(N)NCCC[C@H](NC(=O)[C@@H]1CCCN1C(=O)[C@@H]1CSSC[C@H](N)C(=O)N[C@@H](Cc2ccc(O)cc2)C(=O)N[C@@H](Cc2ccccc2)C(=O)N[C@@H](CCC(N)=O)C(=O)N[C@@H](CC(N)=O)C(=O)N1)C(=O)NCC(N)=O
CHEMBL114,PR,,4.523,0,1,Inactive,censored,CC(C)(C)NC(=O)[C@@H]1C[C@@H]2CCCC[C@@H]2CN1C[C@@H](O)[C@H](Cc1ccccc1)NC(=O)[C@H](CC(N)=O)NC(=O)c1ccc2ccccc2n1
CHEMBL290106,PR,6.220,,1,0,Active,exact,Oc1c(Cl)cc(Cl)cc1Sc1cc(Cl)cc(Cl)c1O
CHEMBL1163746,PR,7.370,,1,0,Active,exact,O=C(CC(Nc1ccc([N+](=O)[O-])cc1)c1cccc(F)c1)c1ccc(Cl)cc1
CHEMBL4086339,PR,6.750,,1,0,Active,exact,CC[C@H](C)[C@@H]1NC(=O)C[C@H](NC(=O)[C@H](CCCNC(=N)N)NCCC(=O)NC(=S)Nc2ccc3c(c2)C(=O)OC32c3ccc(O)cc3Oc3cc(O)ccc32)C(=O)NCC(C(=O)N[C@@H](CCCNC(=N)N)C(=O)N[C@@H](CC(C)C)C(=O)N[C@@H](CC(C)C)C(=O)N[C@@H](CCC(N)=O)C(N)=O)NC(=O)[C@H](CC(C)C)NC1=O
CHEMBL1411979,PR,,4.523,0,1,Inactive,censored,CN(C)CCN(Cc1cccs1)c1ccccn1
CHEMBL380695,PR,,5.699,0,1,,censored,C=CCSCC1=CC(C)(C)Nc2ccc(-c3ccccc3)cc21
CHEMBL254219,PR,,4.523,0,1,Inactive,censored,C[C@H]1O[C@@H](O[C@H]2[C@@H](O)C[C@H](O[C@H]3[C@@H](O)C[C@H](O[C@H]4CC[C@@]5(C)[C@H](CC[C@@H]6[C@@H]5CC[C@]5(C)[C@@H](C7=CC(=O)OC7)CC[C@]65O)C4)O[C@@H]3C)O[C@@H]2C)C[C@H](O)[C@@H]1O
CHEMBL1215130,PR,5.990,,1,0,,exact,COc1cc(C2=NN(c3ccc(C#N)c(Cl)c3)[C@@H](C3CCCC3)C2)ccc1C(=O)O
CHEMBL65743,PR,8.250,,2,0,Active,exact,CC1=CC(C)(C)Nc2ccc3c(c21)COc1c(F)cc(Cl)cc1-3
CHEMBL235159,PR,5.260,,1,0,,exact,COc1ccc(-c2ccc(C#N)c(C(F)(F)F)c2)cc1
CHEMBL473,PR,,4.523,0,2,Inactive,censored,CN(CCOc1ccc(NS(C)(=O)=O)cc1)CCc1ccc(NS(C)(=O)=O)cc1
CHEMBL426559,PR,,4.523,0,2,Inactive,censored,CS(=O)(=O)c1cc(F)cc2c3c(n(Cc4ccc(Cl)cc4)c12)[C@@H](CC(=O)O)CC3
CHEMBL576296,PR,,5.000,0,1,,censored,COc1ccccc1C1CC(=O)Nc2sc3c(C)c(C#N)c(N)nc3c21
CHEMBL141282,PR,,5.301,0,1,,censored,COc1cccc2c1-c1ccc3c(c1C(C(C)C)O2)C(C)=CC(C)(C)N3
CHEMBL486915,PR,7.520,,1,0,Active,exact,CCC1(c2ccco2)OCC(=O)Nc2ccc(-c3coc(C#N)c3)cc21
CHEMBL393392,PR,,6.451,0,1,,censored,COc1ccc(F)cc1C(C)(C)CC(O)(Cc1cc(C)cc(C)c1)C(F)(F)F
CHEMBL1645395,PR,6.900,,1,0,Active,exact,COc1ccc(F)cc1-c1ccc(CNS(=O)(=O)c2c(C)noc2C)cc1
CHEMBL322108,PR,8.460,,1,0,Active,exact,CCCCC1Oc2ccc(OC)cc2-c2ccc3c(c21)C(C)=CC(C)(C)N3
CHEMBL1454910,PR,,4.523,0,1,Inactive,censored,O=[N+]([O-])c1ccc(O)c2ncccc12
CHEMBL1908324,PR,,4.523,0,1,Inactive,censored,C=N[C@@H](C(=O)N[C@@H]1C(=O)N2[C@@H]1SC(C)(C)[C@@H]2C(=O)O)c1ccccc1
CHEMBL1946170,PR,,5.523,0,1,,censored,CNC(=O)c1cc(Oc2ccc(NC(=O)Nc3ccc(Cl)c(C(F)(F)F)c3)c(F)c2)ccn1
CHEMBL3337827,PR,,5.000,0,2,,censored,Cc1nn(CCNS(C)(=O)=O)c(-c2ccc(F)cc2)c1-c1ccc2c(c1)NC(=O)CO2
CHEMBL2110588,PR,,4.523,0,1,Inactive,censored,CCCCCCCC(=O)N[C@H](CN1CCCC1)[C@H](O)c1ccc2c(c1)OCCO2
CHEMBL22150,PR,,4.523,0,1,Inactive,censored,CN1CCN(C(c2ccccc2)c2ccc(Cl)cc2)CC1
CHEMBL605078,PR,7.200,,1,0,Active,exact,C[C@H](O)C(=O)N1CC[C@H](N(Cc2ccccc2C(F)(F)F)c2ccc(C#N)c(Cl)c2)C1
CHEMBL15770,PR,,4.523,0,1,Inactive,censored,CC1=C(CC(=O)O)c2cc(F)ccc2/C1=C\c1ccc([S+](C)[O-])cc1
CHEMBL228715,PR,5.920,,1,0,,exact,C=CCOC(Cc1ccccc1)C1=CC(C)(C)Nc2ccc(-c3ccccc3OC)cc21
CHEMBL243863,PR,,5.699,0,1,,censored,Cc1cc(C)c(S(=O)(=O)N[C@H](C)Cc2c[nH]c3ccccc23)c(C)c1
CHEMBL253582,PR,,4.523,0,1,Inactive,censored,OC[C@H]1O[C@@](CO)(O[C@H]2O[C@H](CO)[C@@H](O)[C@H](O)[C@H]2O)[C@@H](O)[C@@H]1O
CHEMBL313062,PR,,6.000,0,1,,censored,COc1cc([C@H](O)[C@H]2CCCC3=Cc4c(cnn4-c4ccc(F)cc4)C[C@@]32C)cc(F)c1F
CHEMBL19,PR,,4.523,0,1,Inactive,censored,CC(=O)/N=c1/sc(S(N)(=O)=O)nn1C
CHEMBL3545181,PR,,4.523,0,1,Inactive,censored,C[N+]1(C)[C@@H]2C[C@@H](OC(=O)C(O)(c3cccs3)c3cccs3)C[C@H]1[C@@H]1O[C@@H]12.O.[Br-]
CHEMBL5483011,PR,,4.523,0,1,Inactive,censored,CC(C)(C)NC(=O)[C@@H]1CN(Cc2cccnc2)CCN1C[C@@H](O)C[C@@H](Cc1ccccc1)C(=O)N[C@H]1c2ccccc2C[C@H]1O.O
CHEMBL3605923,PR,5.410,,1,0,,exact,COc1cc(NS(C)(=O)=O)c2[nH]c(C)c(-c3ccccc3)c2c1
CHEMBL1161,PR,9.310,,2,0,Active,exact,C[C@@H]1C[C@H]2[C@@H]3CCC4=CC(=O)C=C[C@]4(C)[C@@]3(Cl)[C@@H](O)C[C@]2(C)[C@@]1(OC(=O)c1ccco1)C(=O)CCl
CHEMBL1581,PR,,4.523,0,1,Inactive,censored,CCC[C@H](N[C@@H](C)C(=O)N1[C@H](C(=O)O)C[C@@H]2CCCC[C@@H]21)C(=O)OCC
CHEMBL3337829,PR,5.620,,1,1,,exact,Cc1nn(CC(F)(F)CO)c(-c2ccc(F)cc2)c1-c1ccc2c(c1)NC(=O)CO2
CHEMBL607710,PR,,4.523,0,1,Inactive,censored,NC(=O)OCC(O)COc1ccc(Cl)cc1
CHEMBL6167670,PR,,5.000,0,1,,censored,Cc1oc(-c2cccc(C(F)(F)F)c2)cc1C(=O)Nc1nc(CN2CCOCC2)ns1
CHEMBL3953780,PR,6.500,,1,0,Active,exact,O=S(=O)(Nc1ccc(Oc2ccccc2)cc1)c1cc(Cl)cc(Cl)c1
CHEMBL102602,PR,8.620,,1,0,Active,exact,CC1=CC(C)(C)Nc2ccc3c(c21)C(c1cc(F)cc(Br)c1)Oc1ccccc1-3
CHEMBL1104,PR,,4.523,0,1,Inactive,censored,CC[N+](C)(C)c1cccc(O)c1
CHEMBL76370,PR,,4.523,0,2,Inactive,censored,CCCCCNC(=N)N/N=C/c1c[nH]c2ccc(OC)cc12
CHEMBL159,PR,,4.523,0,2,Inactive,censored,CC[C@]1(O)C[C@@H]2CN(CCc3c([nH]c4ccccc34)[C@@](C(=O)OC)(c3cc4c(cc3OC)N(C)[C@H]3[C@@](O)(C(=O)OC)[C@H](OC(C)=O)[C@]5(CC)C=CCN6CC[C@]43[C@@H]65)C2)C1
CHEMBL3126937,PR,,5.699,0,1,,censored,Cc1ccc(F)cc1C(C)(C)CC(O)(Cc1cc2nc(N3CCCC3)ncc2[nH]1)C(F)(F)F
CHEMBL138737,PR,,5.301,0,1,,censored,COc1cccc2c1-c1ccc3c(c1C(CC(=O)O)O2)C(C)=CC(C)(C)N3
CHEMBL3337821,PR,5.770,,1,1,,exact,Cc1nn(Cc2cccnc2)c(-c2ccc(F)cc2)c1-c1ccc2c(c1)NC(=O)CO2
CHEMBL779,PR,,4.523,0,1,Inactive,censored,CN1CC(=O)N2[C@H](c3ccc4c(c3)OCO4)c3[nH]c4ccccc4c3C[C@@H]2C1=O
CHEMBL1164729,PR,4.790,,1,0,Inactive,exact,Cc1nc(-c2ccc(OCC(C)C)c(C#N)c2)sc1C(=O)O
CHEMBL5929063,PR,7.700,,1,0,Active,exact,C[C@]12C=CC(=O)C=C1[C@@H](F)C[C@H]1[C@@H]3C[C@H]4O[C@@H](c5ccc(CSc6ccc(N)cc6)cc5)O[C@@]4(C(=O)CO)[C@@]3(C)C[C@H](O)[C@@]12F
CHEMBL932,PR,,4.523,0,1,Inactive,censored,OCCN(CCO)c1nc(N2CCCCC2)c2nc(N(CCO)CCO)nc(N3CCCCC3)c2n1
CHEMBL3126950,PR,,5.699,0,1,,censored,Cc1ccc(F)cc1C(C)(C)CC(O)(Cc1cc2nnccc2[nH]1)C(F)(F)F
CHEMBL592017,PR,8.300,,1,0,Active,exact,CS(=O)(=O)N1CC[C@H](N(Cc2ccccc2Br)c2ccc(C#N)c(Cl)c2)C1
CHEMBL1200975,PR,7.930,,1,0,Active,exact,C[C@@H]1C[C@H]2[C@@H]3C[C@H](F)C4=CC(=O)C=C[C@]4(C)[C@@]3(Cl)[C@@H](O)C[C@]2(C)[C@H]1C(=O)COC(=O)C(C)(C)C
CHEMBL3218576,PR,,4.523,0,1,Inactive,censored,COc1c(OCCCN2CCOCC2)ccc2c1N=C(NC(=O)c1cnc(N)nc1)N1CCN=C21
CHEMBL1159,PR,,4.523,0,1,Inactive,censored,CC(N/C(=N\C#N)Nc1ccncc1)C(C)(C)C
CHEMBL271227,PR,5.510,,1,0,,exact,CC(=O)O[C@H]1CC[C@@]2(C)C(=CC[C@@H]3[C@@H]2CC[C@]2(C)C(c4cccnc4)=CC[C@@H]32)C1
CHEMBL45816,PR,,4.523,0,1,Inactive,censored,COCC(=O)O[C@]1(CCN(C)CCCc2nc3ccccc3[nH]2)CCc2cc(F)ccc2[C@@H]1C(C)C
CHEMBL4744444,PR,,4.523,0,1,Inactive,censored,CCCCCCCCCC(=O)N[C@@H](Cc1c[nH]c2ccccc12)C(=O)N[C@H](CC(N)=O)C(=O)N[C@@H](CC(=O)O)C(=O)N[C@@H]1C(=O)NCC(=O)N[C@@H](CCCN)C(=O)N[C@@H](CC(=O)O)C(=O)N[C@H](C)C(=O)N[C@@H](CC(=O)O)C(=O)NCC(=O)N[C@H](CO)C(=O)N[C@@H]([C@H](C)CC(=O)O)C(=O)N[C@@H](CC(=O)c2ccccc2N)C(=O)O[C@@H]1C
CHEMBL295475,PR,,5.301,0,1,,censored,C=C1CCCCC1C1Oc2cccc(OC)c2-c2ccc3c(c21)C(C)=CC(C)(C)N3
CHEMBL3306902,PR,,4.523,0,1,Inactive,censored,CC1(C)S[C@@H]2[C@H](NC(=O)[C@H](NC(=O)c3cnc4cccnc4c3O)c3ccccc3)C(=O)N2[C@H]1C(=O)O
CHEMBL584,PR,,4.523,0,1,Inactive,censored,Cc1c(O)cccc1C(=O)N[C@@H](CSc1ccccc1)[C@H](O)CN1C[C@H]2CCCC[C@H]2C[C@H]1C(=O)NC(C)(C)C
CHEMBL1457,PR,,4.523,0,1,Inactive,censored,COc1ccc2c3c1O[C@H]1C(=O)CC[C@H]4[C@@H](C2)N(C)CC[C@]314
CHEMBL62714,PR,6.560,,3,0,Active,exact,CC1=CC(C)(C)Nc2ccc3c(c21)COc1c(Cl)cccc1-3
CHEMBL2426636,PR,6.960,,1,0,Active,exact,CCCC(c1ccc2c(cnn2-c2ccc(F)cc2)c1)C(C)(C)C(=O)Nc1nncs1
CHEMBL245807,PR,,4.523,0,1,Inactive,censored,O=C1Nc2ccccc2C1(c1ccc(O)cc1)c1ccc(O)cc1
CHEMBL607030,PR,8.100,,1,0,Active,exact,CCC(=O)N1CC[C@H](N(Cc2ccccc2Br)c2ccc(C#N)c(Cl)c2)C1
CHEMBL79,PR,,4.523,0,1,Inactive,censored,CCN(CC)CC(=O)Nc1c(C)cccc1C
CHEMBL1929036,PR,5.310,,1,0,,exact,Cc1ccccc1-n1nc(C(F)(F)F)cc1-c1ccc2c(c1)NC(=O)CO2
CHEMBL3261425,PR,5.350,,1,0,,exact,Cc1nn(C2CCCC2)c(C)c1S(=O)(=O)N[C@@H](C)CNc1cccc2c1cnn2-c1ccc(F)nc1
CHEMBL3337734,PR,5.270,,1,1,,exact,Cc1nn(CCCCO)c(-c2ccc(F)cc2)c1-c1ccc2c(c1)NC(=O)CO2
CHEMBL1254174,PR,,5.699,0,1,,censored,COc1ccc(-c2cncnc2)cc1C(C)(C)CC(O)(Cc1cc2ccncc2[nH]1)C(F)(F)F
CHEMBL60889,PR,,4.523,0,1,Inactive,censored,CCOc1cc(N)c(Cl)cc1C(=O)NCC1CN(Cc2ccc(F)cc2)CCO1
CHEMBL14060,PR,,4.523,0,1,Inactive,censored,Oc1ccccc1
CHEMBL334586,PR,7.790,,1,0,Active,exact,CC1=CC(C)(C)Nc2ccc3c(c21)/C(=C/c1ccccc1Br)Oc1ccc(F)cc1-3
CHEMBL137956,PR,7.660,,1,0,Active,exact,CC1=CC(C)(C)Nc2ccc3c(c21)/C(=C/c1cccc(Br)c1)Oc1ccccc1-3
CHEMBL566980,PR,7.470,,1,0,Active,exact,Cn1c(C#N)ccc1-c1ccc2c(c1)CCC2=O
CHEMBL729,PR,4.800,,2,0,Inactive,exact,Cc1cccc(C)c1OCC(=O)N[C@@H](Cc1ccccc1)[C@@H](O)C[C@H](Cc1ccccc1)NC(=O)[C@H](C(C)C)N1CCCNC1=O
CHEMBL1086260,PR,,5.600,0,1,,censored,CC(C)N(c1ccccc1)S(=O)(=O)c1ccc(-c2ccc3c(cnn3-c3ccc(F)cc3)c2)c(C(F)(F)F)c1
CHEMBL197552,PR,7.320,,1,0,Active,exact,CC(C)(CC(O)(Cc1ccc2ccccc2c1)C(=O)Nc1ccc2c(c1)COC2=O)c1ccccc1
CHEMBL531,PR,,4.523,0,1,Inactive,censored,CCCN1C[C@H](CSC)C[C@@H]2c3cccc4[nH]cc(c34)C[C@H]21
CHEMBL238366,PR,5.490,,1,0,,exact,COc1ccccc1-c1ccc(C#N)c(C(F)(F)F)c1
CHEMBL2105717,PR,,5.000,0,1,,censored,COc1cc2nccc(Oc3ccc(NC(=O)C4(C(=O)Nc5ccc(F)cc5)CC4)cc3)c2cc1OC
CHEMBL557331,PR,7.400,,1,0,Active,exact,CN1CC[C@H](N(Cc2c(Cl)cccc2Cl)c2ccc(C#N)c(Cl)c2)C1
CHEMBL514630,PR,7.460,,1,0,Active,exact,CC12CC(C)(C(=O)Nc3nncs3)C(c3ccccc31)c1ccccc12
CHEMBL1370,PR,7.520,,2,0,Active,exact,CCCC1O[C@@H]2C[C@H]3[C@@H]4CCC5=CC(=O)C=C[C@]5(C)[C@H]4[C@@H](O)C[C@]3(C)[C@]2(C(=O)CO)O1
CHEMBL404,PR,,4.523,0,1,Inactive,censored,C[C@]1(Cn2ccnn2)[C@H](C(=O)O)N2C(=O)C[C@H]2S1(=O)=O
CHEMBL146060,PR,5.700,,1,0,,exact,O=C(c1ccc(Br)cc1)N1CCCC(c2ccc(Cl)cc2)=N1
CHEMBL710,PR,,4.523,0,2,Inactive,censored,CC(C)(C)NC(=O)[C@H]1CC[C@H]2[C@@H]3CC[C@H]4NC(=O)C=C[C@]4(C)[C@H]3CC[C@]12C
CHEMBL1149,PR,,4.523,0,1,Inactive,censored,C[N+](C)(C)C[C@H](O)CC(=O)[O-]
CHEMBL500897,PR,6.750,,1,0,Active,exact,C[C@H](NC(=O)O[C@]1(C(=O)CO)[C@@H](C)C[C@H]2[C@@H]3CCC4=CC(=O)C=C[C@]4(C)[C@@]3(F)[C@@H](O)C[C@@]21C)c1ccccc1
CHEMBL1644755,PR,7.850,,1,0,Active,exact,Cc1cc(-c2cccc3cc[nH]c23)c(Cl)c2c1NC(C)(C)C(=O)C2(C)C
CHEMBL1911661,PR,,5.699,0,1,,censored,CC(C)(CC(O)(Cc1cc2cc(C#N)ccc2[nH]1)C(F)(F)F)c1cc(S(C)(=O)=O)cc2c1OCC2
CHEMBL539731,PR,8.100,,1,0,Active,exact,N#CCN1CC[C@H](N(Cc2ccccc2Cl)c2ccc(C#N)c(Cl)c2)C1
CHEMBL1095282,PR,,4.523,0,1,Inactive,censored,CN(C)C(=O)OC1N=C(c2ccccc2)c2cc(Cl)ccc2N(C)C1=O
CHEMBL1201139,PR,8.520,,1,0,Active,exact,CC(=O)O[C@]1(C(C)=O)CC[C@H]2[C@@H]3C=C(C)C4=CC(=O)CC[C@]4(C)[C@H]3CC[C@@]21C
CHEMBL502620,PR,,4.523,0,1,Inactive,censored,CC[C@@]1(O)C[C@H](O[C@H]2C[C@H](N(C)C)[C@H](O[C@H]3C[C@H](O)[C@H](O[C@H]4CCC(=O)[C@H](C)O4)[C@H](C)O3)[C@H](C)O2)c2c(cc3c(c2O)C(=O)c2c(O)cccc2C3=O)[C@H]1C(=O)OC
CHEMBL211483,PR,7.200,,1,0,Active,exact,N#Cc1ccc(C2=NN(S(=O)(=O)c3ccc(Br)s3)CCCC2)cc1
CHEMBL1487,PR,,4.523,0,1,Inactive,censored,CC(C)c1c(C(=O)Nc2ccccc2)c(-c2ccccc2)c(-c2ccc(F)cc2)n1CC[C@@H](O)C[C@@H](O)CC(=O)O
CHEMBL131681,PR,7.910,,2,0,Active,exact,CC1(C)Nc2ccc(-c3csc(C#N)c3)cc2C(C)(C)C1=O
CHEMBL327551,PR,7.110,,2,0,Active,exact,CC1=CC(C)(C)Nc2ccc3c(oc4ccccc43)c21
CHEMBL519260,PR,6.030,,1,0,Active,exact,CCNC(=O)/C=C(C)/C=C/C=C(C)/C=C/c1c(C)cc(OC)c(C)c1C
CHEMBL407847,PR,7.830,,1,0,Active,exact,Cn1c(C#N)ccc1-c1cc(F)c2c(c1)C1(CCCC1)C(=O)N2
CHEMBL3397782,PR,7.400,,1,0,Active,exact,CCN(C(C)=O)c1ccc(C23CC4CC(CC(c5ccc(C#N)cc5)(C4)C2)C3)cc1
CHEMBL472,PR,,4.523,0,1,Inactive,censored,COc1ccc(Cl)cc1C(=O)NCCc1ccc(S(=O)(=O)NC(=O)NC2CCCCC2)cc1
CHEMBL2111097,PR,,4.523,0,1,Inactive,censored,CCOC(=O)C1=C(COCCN)NC(C)=C(C(=O)OC)[C@@H]1c1ccccc1Cl
CHEMBL3926140,PR,5.800,,1,0,,exact,O=S(=O)(Nc1ccc(Oc2ccccc2)cc1)c1cc(Cl)c(Cl)cc1Cl
CHEMBL3966839,PR,6.190,,1,0,Active,exact,O=S(=O)(Nc1ccc(Oc2ccccc2)cc1)c1cccc(Cl)c1Cl
CHEMBL6059706,PR,5.670,,1,0,,exact,C[C@]12C=CC(=O)C=C1[C@@H](F)C[C@H]1[C@@H]3C[C@H]4O[C@@H](c5ccc(Cc6cccc(N)c6)cc5)O[C@@]4(C(=O)O)[C@@]3(C)C[C@H](O)[C@@]12F
CHEMBL1911662,PR,,5.699,0,1,,censored,CC(C)(CC(O)(Cc1cc2ccc(C#N)cc2[nH]1)C(F)(F)F)c1cc(S(C)(=O)=O)cc2c1OCC2
CHEMBL522038,PR,,4.523,0,1,Inactive,censored,CCOC(=O)CN[C@@H](C(=O)N1CC[C@H]1C(=O)NCc1ccc(/C(N)=N\O)cc1)C1CCCCC1
CHEMBL92777,PR,5.590,,1,0,,exact,CC1=CC(C)(C)Nc2cc(F)c3c(c21)C(O)c1cc(F)ccc1-3
CHEMBL5983903,PR,6.590,,1,0,Active,exact,C[C@]12C=CC(=O)C=C1CC[C@H]1[C@@H]3C[C@H]4O[C@@H](c5ccc(NCc6ccc(N)cc6)nc5)O[C@@]4(C(=O)CO)[C@@]3(C)C[C@H](O)[C@@]12F
CHEMBL293409,PR,6.910,,2,0,Active,exact,CC1CC(C)(C)Nc2ccc3c(c21)COc1ccc([N+](=O)[O-])cc1-3
CHEMBL480,PR,,4.523,0,1,Inactive,censored,Cc1c(OCC(F)(F)F)ccnc1C[S+]([O-])c1nc2ccccc2[nH]1
CHEMBL372181,PR,6.620,,1,0,Active,exact,CC(C)(CC(O)(C(=O)Nc1ccc2c(c1)COC2=O)c1ccccc1)c1ccccc1
CHEMBL81,PR,5.570,,1,1,,exact,O=C(c1ccc(OCCN2CCCCC2)cc1)c1c(-c2ccc(O)cc2)sc2cc(O)ccc12
CHEMBL342190,PR,7.900,,1,0,Active,exact,CC1=CC(C)(C)Nc2ccc3c(c21)/C(=C/c1cc(F)cc(F)c1)Oc1ccccc1-3
CHEMBL116007,PR,8.960,,1,0,Active,exact,CC1=CC(C)(C)Nc2ccc3c(c21)C(C)Oc1ccc(F)cc1-3
CHEMBL720,PR,,4.523,0,1,Inactive,censored,OCc1ccccc1
CHEMBL182883,PR,7.500,,1,0,Active,exact,CC#C[C@]1(O)CC[C@H]2[C@@H]3CCC4=CC(=O)CCC4=C3[C@@H](c3ccc(N(C)C[C@@H](O)C[C@@H](O)CC(=O)O)cc3)C[C@@]21C
CHEMBL487117,PR,7.650,,1,0,Active,exact,O=C1COC(c2ccco2)(c2ccco2)c2cc(-c3ccc(F)c(Cl)c3)ccc2N1
CHEMBL3358932,PR,,5.699,0,1,,censored,CC(C)(CC(O)(Cc1cc2cc(N3CCOCC3)ncc2[nH]1)C(F)(F)F)c1ccccc1
CHEMBL221722,PR,,4.523,0,1,Inactive,censored,NC(=O)c1nc(F)cnc1O
CHEMBL417675,PR,,4.523,0,1,Inactive,censored,CCCCCCCCCCCCCCCC(=O)NCCO
CHEMBL1765167,PR,6.390,,1,0,Active,exact,CCCCn1c(=O)c2ccccc2c2cc(C(O)(C(F)(F)F)C(F)(F)F)c(OC)cc21
CHEMBL1911658,PR,6.380,,1,0,Active,exact,CC(C)(CC(O)(Cc1cc2ccccc2[nH]1)C(F)(F)F)c1cc(Br)cc2c1OCC2
CHEMBL164140,PR,5.770,,1,0,,exact,CC1(C)OC(c2cccs2)Nc2ccc(-c3cc(F)cc(C#N)c3)cc21
CHEMBL91858,PR,6.770,,2,0,Active,exact,CCn1c2ccccc2c2ccc3c(c21)C(C)=CC(C)(C)N3
CHEMBL109,PR,,4.523,0,2,Inactive,censored,CCCC(CCC)C(=O)O
CHEMBL1684357,PR,6.640,,1,0,Active,exact,CC(=O)c1ccc(NC(=O)O[C@@H]2[C@@H](C)c3c(cc(F)c(-c4cccc5cc[nH]c45)c3F)NC2(C)C)cc1
CHEMBL380623,PR,,5.699,0,1,,censored,COc1ccccc1-c1ccc2c(c1)C(C)=CC(C)(C)N2
CHEMBL1163620,PR,7.110,,1,0,Active,exact,O=C(CC(Nc1ccc([N+](=O)[O-])cc1)c1cccc(F)c1)c1ccc(N2CCOCC2)cc1
CHEMBL5178058,PR,,7.000,0,1,,censored,CNCCOc1ccc(N2Nc3cc(O)ccc3-c3c2c2ccc(O)cc2oc3=O)cc1
CHEMBL1697771,PR,,4.523,0,1,Inactive,censored,O=C(NC(Cc1cc(=O)[nH]c2ccccc12)C(=O)O)c1ccc(Cl)cc1
CHEMBL296306,PR,,4.523,0,1,Inactive,censored,OC[C@H]1O[C@@H](O[C@@H]2[C@@H](CO)O[C@](O)(CO)[C@H]2O)[C@H](O)[C@@H](O)[C@H]1O
CHEMBL164082,PR,7.380,,1,0,Active,exact,CC1(C)OC(C(F)(F)F)Nc2ccc(-c3cccc(Cl)c3)cc21
CHEMBL1697843,PR,,4.523,0,1,Inactive,censored,CO[C@H]1[C@@H](O)C[C@H](O[C@H]2[C@@H](O)C[C@H](O[C@H]3[C@@H](O)C[C@H](O[C@H]4CC[C@@]5(C)[C@H](CC[C@@H]6[C@@H]5C[C@@H](O)[C@]5(C)[C@@H](C7=CC(=O)OC7)CC[C@]65O)C4)O[C@@H]3C)O[C@@H]2C)O[C@@H]1C
CHEMBL589583,PR,,4.523,0,1,Inactive,censored,CCOC(=O)[C@H](CCc1ccccc1)N[C@@H](C)C(=O)N(CC(=O)O)C1Cc2ccccc2C1
CHEMBL5400213,PR,,4.523,0,1,Inactive,censored,Cc1cn(C2=CCC3C4CC=C5C[C@@H](NC(=O)c6ccc(F)cc6)CC[C@]5(C)C4CC[C@]23C)cn1
CHEMBL2106351,PR,,4.523,0,1,Inactive,censored,CCOC(=O)Oc1ccc(CCNC(=O)[C@H](CCSC)NC(C)=O)cc1OC(=O)OCC
CHEMBL235668,PR,,4.523,0,1,Inactive,censored,N=C1CCCN1Cc1[nH]c(=O)[nH]c(=O)c1Cl
CHEMBL93407,PR,6.320,,1,0,Active,exact,CC1=CC(C)(C)Nc2cc3c(cc21)-c1ccccc1C3O
CHEMBL527,PR,,4.523,0,1,Inactive,censored,CN1C(C(=O)Nc2ccccn2)=C(O)c2ccccc2S1(=O)=O
CHEMBL467888,PR,5.600,,1,0,,exact,C[C@@H]1CC[C@H]([C@@H](O)C(F)(F)F)N1c1ccc2[nH]c(=O)cc(C(F)(F)F)c2c1
CHEMBL228878,PR,5.800,,1,0,,exact,CC/C=C/COC(C)C1=CC(C)(C)Nc2ccc(-c3ccccc3OC)cc21
CHEMBL86,PR,,4.523,0,1,Inactive,censored,CCN(CC)CCNC(=O)c1cc(Cl)c(N)cc1OC
CHEMBL31634,PR,,4.523,0,1,Inactive,censored,O=c1[nH]c(=O)n([C@H]2C[C@H](O)[C@@H](CO)O2)cc1/C=C/Br
CHEMBL1200500,PR,7.755,,2,0,Active,exact,CCC(=O)OCC(=O)[C@@]1(OC(=O)CC)[C@@H](C)C[C@H]2[C@@H]3CCC4=CC(=O)C=C[C@]4(C)[C@@]3(Cl)[C@@H](O)C[C@@]21C
CHEMBL500678,PR,,6.000,0,1,,censored,CCNC(=O)O[C@]1(C(=O)CO)[C@@H](C)C[C@H]2[C@@H]3CCC4=CC(=O)C=C[C@]4(C)[C@@]3(F)[C@@H](O)C[C@@]21C
CHEMBL5184399,PR,,7.000,0,1,,censored,Cc1cc(N2Nc3cc(O)ccc3-c3c2c2ccc(O)cc2oc3=O)ccc1OCCN1CCC=C(C(=O)O)C1
CHEMBL243656,PR,5.750,,1,0,,exact,COc1c(O)ccc2c1-c1ccc3c(c1/C(=C/c1sccc1C(O)C(F)(F)F)O2)C(C)=CC(C)(C)N3
CHEMBL726,PR,,4.523,0,1,Inactive,censored,OCCN1CCN(CCCN2c3ccccc3Sc3ccc(C(F)(F)F)cc32)CC1
CHEMBL46286,PR,,4.523,0,1,Inactive,censored,COC(=O)C[C@](O)(CCCC(C)(C)O)C(=O)O[C@@H]1C(OC)=C[C@]23CCCN2CCc2cc4c(cc2[C@H]13)OCO4
CHEMBL1257222,PR,,6.000,0,1,,censored,COc1ccc(F)cc1C(C)(C)CC(O)(CNc1cccc2ccccc12)C(F)(F)F
CHEMBL160,PR,,4.523,0,1,Inactive,censored,C/C=C/C[C@@H](C)[C@@H](O)[C@H]1C(=O)N[C@@H](CC)C(=O)N(C)CC(=O)N(C)[C@@H](CC(C)C)C(=O)N[C@@H](C(C)C)C(=O)N(C)[C@@H](CC(C)C)C(=O)N[C@@H](C)C(=O)N[C@H](C)C(=O)N(C)[C@@H](CC(C)C)C(=O)N(C)[C@@H](CC(C)C)C(=O)N(C)[C@@H](C(C)C)C(=O)N1C
CHEMBL515914,PR,,4.523,0,1,Inactive,censored,CC(=O)OC[C@H]1O[C@@H](n2ncc(=O)[nH]c2=O)[C@H](OC(C)=O)[C@@H]1OC(C)=O
CHEMBL87045,PR,,4.523,0,1,Inactive,censored,c1ccc(C2(c3ccccc3)CC2C2=NCCN2)cc1
CHEMBL3337725,PR,,5.000,0,2,,censored,Cn1ncc(-c2ccc3c(c2)NC(=O)CO3)c1-c1ccc(F)cc1
CHEMBL1911649,PR,6.090,,1,0,Active,exact,COc1ccc(F)cc1C(C)(C)CC(O)(Cc1cc2cc(C#N)ccc2[nH]1)C(F)(F)F
CHEMBL867,PR,,4.523,0,1,Inactive,censored,CCC(Cc1c(I)cc(I)c(N)c1I)C(=O)O
CHEMBL195515,PR,7.920,,1,1,Active,exact,CC/C(=C(\c1ccc(O)cc1)c1ccc(/C=C/C(=O)O)cc1)c1ccccc1
CHEMBL132578,PR,8.190,,1,0,Active,exact,CC1=CC(C)(C)Nc2ccc3c(c21)/C(=C/c1ccccc1OC(F)(F)F)Oc1ccc(F)cc1-3
CHEMBL211586,PR,6.500,,1,0,Active,exact,Cc1c(Cl)cccc1S(=O)(=O)N1CCCCC(c2cccc(Cl)c2)=N1
CHEMBL316157,PR,,4.523,0,1,Inactive,censored,O=C(Cc1cccs1)N[C@@H]1C(=O)N2C(C(=O)[O-])=C(C[n+]3ccccc3)CS[C@H]12
CHEMBL765,PR,,4.523,0,1,Inactive,censored,N=C(N)NCCN1CCCCCCC1
CHEMBL157138,PR,,4.523,0,1,Inactive,censored,CCN(CC)C(=O)N[C@H]1C=C2c3cccc4[nH]cc(c34)C[C@H]2N(C)C1
CHEMBL3315066,PR,4.480,,1,0,Inactive,exact,CC(C)(C(=O)NC(N)=O)[C@@H]1c2ccc(-c3ccc(C(=O)N4CC[C@H](F)C4)cc3)nc2Oc2c(F)cccc21
CHEMBL167570,PR,8.150,,1,0,Active,exact,CC1(C)OC(C(F)(F)F)Nc2ccc(-c3cc(F)cc(C#N)c3)cc21
CHEMBL1163812,PR,7.070,,1,0,Active,exact,Cc1cccc(C(=O)CC(Nc2ccc([N+](=O)[O-])cc2)c2ccc(C(F)(F)F)cc2)c1
CHEMBL1672543,PR,7.550,,1,0,Active,exact,Cn1cc(-c2ccc(C#N)cc2)c2ccc(NS(C)(=O)=O)cc21
CHEMBL1536,PR,,4.523,0,1,Inactive,censored,C=C1CC[C@H](O)C/C1=C/C=C1\CCC[C@]2(C)[C@@H]([C@H](C)/C=C/[C@H](C)C(C)C)CC[C@@H]12
CHEMBL258193,PR,6.640,,1,0,Active,exact,Cc1cc(-c2cccc3[nH]ccc23)c(Cl)c2c1NC(C)(C)CC2C
CHEMBL5187730,PR,,7.000,0,1,,censored,Nc1ccc(-c2c(C(=O)c3ccc(OCCN4CC(C(=O)O)=CCC4=O)cc3)c3ccc(O)cc3oc2=O)cc1
CHEMBL95644,PR,5.400,,1,0,,exact,COc1cccc2c1-c1ccc3c(c1C(c1cccc(C(F)(F)F)c1)O2)C(C)=CC(C)(C)N3
CHEMBL113178,PR,,4.523,0,1,Inactive,censored,C[Se]CC[C@H](N)C(=O)O
CHEMBL552023,PR,8.000,,1,0,Active,exact,CCN1C[C@@H](N(Cc2cc(F)ccc2Cl)c2ccc(C#N)c(Cl)c2)CC1=O
CHEMBL1201264,PR,,4.523,0,1,Inactive,censored,CC[N+](C)(CC)CCOC(=O)C1c2ccccc2Oc2ccccc21
CHEMBL1451,PR,4.710,,1,0,Inactive,exact,C[C@]12C=CC(=O)C=C1CC[C@H]1[C@@H]3C[C@@H](O)[C@](O)(C(=O)CO)[C@@]3(C)C[C@H](O)[C@@]12F
CHEMBL1201237,PR,,4.523,0,1,Inactive,censored,CC(C)(C)NC[C@H](O)COc1cccc2c1CCCC2=O
CHEMBL26,PR,,4.523,0,1,Inactive,censored,CCN1CCCC1CNC(=O)c1cc(S(N)(=O)=O)ccc1OC
CHEMBL2419305,PR,6.000,,1,0,Active,exact,CC1(C)OC(=O)C(c2ccc(F)cc2)=C1c1ccc2c(c1)NC(=O)CO2
CHEMBL416755,PR,,4.523,0,1,Inactive,censored,CCn1cc(C(=O)O)c(=O)c2cc3c(cc21)OCO3
CHEMBL366252,PR,7.400,,1,0,Active,exact,CC1CN(S(=O)(=O)c2ccc(Cl)cc2)N=C1c1ccc(Cl)c(Cl)c1
CHEMBL23,PR,,4.523,0,1,Inactive,censored,COc1ccc([C@@H]2Sc3ccccc3N(CCN(C)C)C(=O)[C@@H]2OC(C)=O)cc1
CHEMBL1201772,PR,,4.523,0,1,Inactive,censored,CC(=O)Oc1cc2c(s1)CCN(C(C(=O)C1CC1)c1ccccc1F)C2
CHEMBL52440,PR,,4.523,0,1,Inactive,censored,COc1ccc2c(c1)[C@]13CCCC[C@@H]1[C@H](C2)N(C)CC3
CHEMBL1254682,PR,,4.523,0,1,Inactive,censored,C=CCN1CC[C@]23CCCC[C@H]2[C@H]1Cc1ccc(O)cc13
CHEMBL3695610,PR,5.920,,1,0,,exact,C[C@]12CC[C@H]3[C@@H](CCC4=C(Cl)C(=O)CC[C@@H]43)[C@@H]1CC[C@@]21C=CC(=O)O1
CHEMBL232201,PR,5.370,,1,0,,exact,CCc1oc2ccccc2c1C(=O)c1cc(I)c(O)c(I)c1
CHEMBL398880,PR,,4.523,0,1,Inactive,censored,CN(C)S(=O)(=O)c1ccc2c(c1)N(CCCN1CCC(CCO)CC1)c1ccccc1S2
CHEMBL418684,PR,7.470,,4,0,Active,exact,CC1=CC(C)(C)Nc2ccc3c(c21)COc1c(F)cc(F)cc1-3
CHEMBL590853,PR,7.920,,1,0,Active,exact,COC(=O)N1CC[C@H](N(Cc2ccccc2C(F)(F)F)c2ccc(C#N)c(Cl)c2)C1
CHEMBL1201196,PR,6.080,,1,0,Active,exact,Clc1ccc(C(Cn2ccnc2)OCc2csc3c(Cl)cccc23)c(Cl)c1
CHEMBL1672544,PR,8.370,,1,0,Active,exact,CCn1cc(-c2ccc(C#N)cc2)c2ccc(NS(C)(=O)=O)cc21
CHEMBL3358950,PR,,5.699,0,1,,censored,CCS(=O)(=O)c1cc2cc(CC(O)(CC(C)(C)c3ccc(F)cc3C(N)=O)C(F)(F)F)[nH]c2cn1
CHEMBL557534,PR,7.300,,1,0,Active,exact,Cc1ccccc1CN(c1ccc(C#N)c(Cl)c1)[C@H]1CCN(C)C1
CHEMBL3337823,PR,5.625,,2,0,,exact,CCCCn1nc(C)c(-c2ccc3c(c2)NC(=O)CO3)c1-c1ccc(F)cc1
CHEMBL1200596,PR,,4.523,0,1,Inactive,censored,Oc1c(Cl)cc(Cl)c2cccnc12
CHEMBL270052,PR,7.100,,1,0,Active,exact,Cn1c(C#N)ccc1-c1ccc2c(c1)CC(=O)N2
CHEMBL361812,PR,,4.523,0,1,Inactive,censored,O=C(O)CCn1c2c(c3ccccc31)C[C@H](NS(=O)(=O)c1ccc(F)cc1)CC2
CHEMBL3582109,PR,7.660,,1,0,Active,exact,Cc1noc(C)c1-c1ccc2c(c1)C(C)(C)C(=O)C(C)(C)N2
CHEMBL290960,PR,,4.523,0,1,Inactive,censored,CC1CS(=O)(=O)CCN1/N=C/c1ccc([N+](=O)[O-])o1
CHEMBL1911543,PR,5.920,,1,0,,exact,COc1ccc(F)cc1C(C)(C)C[C@](O)(Cc1cc2ccccc2[nH]1)C(F)(F)F
CHEMBL415534,PR,5.990,,1,0,,exact,O=C(c1ccc([N+](=O)[O-])cc1)N1CCCC(c2ccc(F)cc2)=N1
CHEMBL416146,PR,,4.523,0,1,Inactive,censored,Cc1ccc(-c2ncc(Cl)cc2-c2ccc(S(C)(=O)=O)cc2)cn1
CHEMBL293452,PR,6.680,,1,0,Active,exact,COc1cccc2c1-c1ccc(NS(C)(=O)=O)cc1C(c1cc(C)cc(C)c1)O2
CHEMBL565906,PR,6.500,,1,0,Active,exact,CC1(C)C/C(=N\O)c2ccc(-c3cccc(C#N)c3)cc21
CHEMBL38,PR,5.370,,1,0,,exact,CC1=C(/C=C/C(C)=C/C=C/C(C)=C/C(=O)O)C(C)(C)CCC1
CHEMBL415309,PR,6.350,,1,0,Active,exact,C=CCC1Oc2c(C=C)ccc(OC)c2-c2ccc3c(c21)C(C)=CC(C)(C)N3
CHEMBL3185126,PR,,4.523,0,1,Inactive,censored,NCCCC[C@H](NC(=O)[C@@H]1CCCN1C(=O)[C@@H]1CSSC[C@H](N)C(=O)N[C@@H](Cc2ccccc2)C(=O)N[C@@H](Cc2ccccc2)C(=O)N[C@@H](CCC(N)=O)C(=O)N[C@@H](CC(N)=O)C(=O)N1)C(=O)NCC(N)=O
CHEMBL3915005,PR,7.800,,1,0,Active,exact,C[C@]12CCC3C4CCC(=O)C=C4[C@@H]4C[C@@H]4C3C1C1CC1[C@@]21CCC(=O)O1
CHEMBL1200490,PR,,4.523,0,1,Inactive,censored,CC(=O)N[C@H](Cc1ccc2ccccc2c1)C(=O)N[C@H](Cc1ccc(Cl)cc1)C(=O)N[C@H](Cc1cccnc1)C(=O)N[C@@H](CO)C(=O)N[C@@H](Cc1ccc(O)cc1)C(=O)N[C@H](CCCNC(N)=O)C(=O)N[C@@H](CC(C)C)C(=O)N[C@@H](CCCNC(=N)N)C(=O)N1CCC[C@H]1C(=O)N[C@H](C)C(N)=O
CHEMBL391548,PR,5.350,,2,0,,exact,N#Cc1ccc(-c2ccccc2O)cc1C(F)(F)F
CHEMBL205926,PR,5.800,,1,0,,exact,CCCSCC1=CC(C)(C)Nc2ccc(-c3ccccc3OC)cc21
CHEMBL3706940,PR,6.010,,1,0,Active,exact,COc1c(O)ccc2c1-c1ccc3c(c1/C(=C/c1ccc(F)cc1CO)O2)C(C)=CC(C)(C)N3
CHEMBL1257342,PR,,6.000,0,1,,censored,CC(C)(CC(O)(CNc1cccc2ccccc12)C(F)(F)F)c1cc(F)ccc1O
CHEMBL788,PR,,4.523,0,1,Inactive,censored,O=c1[nH]c(=O)n([C@H]2C[C@H](O)[C@@H](CO)O2)cc1I
CHEMBL4781335,PR,6.630,,1,0,Active,exact,C[C@](O)(Cn1cc(F)cn1)C(=O)Nc1cnc(C#N)c(C(F)(F)F)c1
CHEMBL118861,PR,7.020,,1,0,Active,exact,O=C1Nc2ccc(-c3cccc([N+](=O)[O-])c3)cc2C12CCCCC2
CHEMBL4588402,PR,,4.300,0,1,Inactive,censored,NCC[C@H]1COc2cc(F)ccc2N1C(=O)c1ccc2c(c1)NC(=O)CO2
CHEMBL190264,PR,7.000,,1,0,Active,exact,CN(C)c1ccc([C@@H]2CN(S(=O)(=O)c3ccc(Cl)cc3)N=C2c2ccc(Cl)c(Cl)c2)cc1
CHEMBL331249,PR,7.070,,1,0,Active,exact,O=C1Nc2ccc(-c3cccc(Cl)c3)cc2C12CC2
CHEMBL410683,PR,6.390,,2,0,Active,exact,C/C=C1\C(=O)C[C@H]2[C@@H]3CCC4=CC(=O)CC[C@]4(C)[C@H]3CC[C@]12C
CHEMBL4072079,PR,6.200,,1,0,Active,exact,C=C(C)C[C@@](O)([C@@H](Nc1cccc2c(=O)[nH]ccc12)c1cc(Br)ccc1O)C(F)(F)F
CHEMBL101914,PR,8.440,,2,0,Active,exact,CC1=CC(C)(C)Nc2ccc3c(c21)C(c1ccccc1)Oc1ccccc1-3
CHEMBL6966,PR,,4.523,0,2,Inactive,censored,COc1ccc(CCN(C)CCCC(C#N)(c2ccc(OC)c(OC)c2)C(C)C)cc1OC
CHEMBL415690,PR,,4.523,0,1,Inactive,censored,OC[C@H]1O[C@@H]2O[C@H]3[C@H](O)[C@@H](O)[C@@H](O[C@H]4[C@H](O)[C@@H](O)[C@@H](O[C@H]5[C@H](O)[C@@H](O)[C@@H](O[C@H]6[C@H](O)[C@@H](O)[C@@H](O[C@H]7[C@H](O)[C@@H](O)[C@@H](O[C@H]8[C@H](O)[C@@H](O)[C@@H](O[C@H]1[C@H](O)[C@H]2O)O[C@@H]8CO)O[C@@H]7CO)O[C@@H]6CO)O[C@@H]5CO)O[C@@H]4CO)O[C@@H]3CO
CHEMBL1413176,PR,,4.523,0,1,Inactive,censored,Cc1c(NC(=O)c2cccnc2)c(=O)n(-c2ccccc2)n1C
CHEMBL1088977,PR,,4.523,0,1,Inactive,censored,C[S+](CC[C@H](N)C(=O)[O-])C[C@H]1O[C@@H](n2cnc3c(N)ncnc32)[C@H](O)[C@@H]1O
CHEMBL102754,PR,9.390,,1,0,Active,exact,CC1=CC(C)(C)Nc2ccc3c(c21)C(c1ccc(Cl)c(F)c1)Oc1ccccc1-3
CHEMBL398440,PR,,4.523,0,1,Inactive,censored,Cc1cc(O)cc(C)c1Cl
CHEMBL3358921,PR,6.620,,1,0,Active,exact,Cc1ccc(F)cc1C(C)(C)CC(O)(Cc1[nH]c2cnccc2c1C)C(F)(F)F
CHEMBL416,PR,,4.523,0,1,Inactive,censored,COc1c2occc2cc2ccc(=O)oc12
CHEMBL1085853,PR,5.800,,1,0,,exact,CCNS(=O)(=O)c1ccc(-c2ccc3c(cnn3-c3ccc(F)cc3)c2)c(C(F)(F)F)c1
CHEMBL1118,PR,,4.523,0,1,Inactive,censored,CN(C)CC(c1ccc(O)cc1)C1(O)CCCCC1
CHEMBL360055,PR,,4.523,0,1,Inactive,censored,CC[N+](CC)(CC)CCOc1cccc(OCC[N+](CC)(CC)CC)c1OCC[N+](CC)(CC)CC
CHEMBL591782,PR,7.200,,1,0,Active,exact,CCCCS(=O)(=O)N1CC[C@H](N(Cc2ccccc2C(F)(F)F)c2ccc(C#N)c(Cl)c2)C1
CHEMBL1213583,PR,8.520,,1,0,Active,exact,C#C[C@]1(O)C=C[C@H]2[C@@H]3CCC4=CC(=O)CC[C@@H]4[C@H]3CC[C@@]21CC
CHEMBL1493,PR,,4.523,0,1,Inactive,censored,Cc1c(-c2ccccc2)oc2c(C(=O)OCCN3CCCCC3)cccc2c1=O
CHEMBL493682,PR,,4.523,0,1,Inactive,censored,COc1ccc(CCNC[C@H](O)c2ccc(O)cc2)cc1OC
CHEMBL540476,PR,7.820,,1,0,Active,exact,CCN1C[C@@H](N(Cc2ccccc2C)c2ccc(C#N)c(Cl)c2)CC1=O
CHEMBL409,PR,6.340,,1,1,Active,exact,CC(O)(CS(=O)(=O)c1ccc(F)cc1)C(=O)Nc1ccc(C#N)c(C(F)(F)F)c1
CHEMBL205978,PR,,5.699,0,1,,censored,COc1ccccc1-c1ccc2c(c1)C(CSC1CCCC1)=CC(C)(C)N2
CHEMBL3094468,PR,6.210,,1,0,Active,exact,CC[C@@H](Cc1ccc(O)c(C)c1C)NS(=O)(=O)c1c(C)cc(C)cc1C
CHEMBL231884,PR,,4.523,0,1,Inactive,censored,COc1ccc(-c2cc(=O)c3c(O)cc(O[C@@H]4O[C@H](CO[C@@H]5O[C@@H](C)[C@H](O)[C@@H](O)[C@H]5O)[C@@H](O)[C@H](O)[C@H]4O)cc3o2)cc1O
CHEMBL5396467,PR,,5.000,0,1,,censored,O=C(O)C1(c2cccc(-c3ccc(OCc4c(-c5c(Cl)cccc5Cl)noc4C4CC4)cc3)c2)CC1
CHEMBL601500,PR,7.800,,1,0,Active,exact,Cc1ccccc1CN(c1ccc(C#N)c(Cl)c1)[C@H]1CCN(S(C)(=O)=O)C1
CHEMBL3956621,PR,5.820,,1,0,,exact,O=S(=O)(Nc1ccccc1)c1cccc(Cl)c1
CHEMBL3965979,PR,6.720,,1,0,Active,exact,N#Cc1ccc(-c2ccc3oc(=O)ccc3c2)n1Cc1c(F)c(F)c(F)c(F)c1F
CHEMBL1009,PR,,4.523,0,2,Inactive,censored,N[C@@H](Cc1ccc(O)c(O)c1)C(=O)O
CHEMBL3582112,PR,5.830,,1,0,,exact,Cc1noc(C)c1-c1cc2c(c3c1CCC3)NC(C)(C)C(=O)C2(C)C
CHEMBL10560,PR,5.580,,1,0,,exact,CC#C[C@@]1(O)CC[C@@]2(CC)c3ccc(O)cc3CC[C@@H]2C1
CHEMBL591072,PR,7.200,,1,0,Active,exact,CS(=O)(=O)N1CC[C@H](N(Cc2ccccc2)c2ccc(C#N)c(Cl)c2)C1
CHEMBL286822,PR,8.000,,1,0,Active,exact,C[C@H]1CC(C)(C)Nc2ccc3c(c21)[C@H](c1ccc(Cl)cc1)Oc1ccccc1-3
CHEMBL284348,PR,,4.523,0,1,Inactive,censored,Nc1ccncc1
CHEMBL1163480,PR,8.170,,1,0,Active,exact,O=C(CC(Nc1ccc([N+](=O)[O-])cc1)C1CCCCC1)c1ccc(Cl)cc1
CHEMBL989,PR,7.970,,1,0,Active,exact,CC1(C)O[C@@H]2C[C@H]3[C@@H]4C[C@H](F)C5=CC(=O)C=C[C@]5(C)[C@@]4(F)[C@@H](O)C[C@]3(C)[C@]2(C(=O)CO)O1
CHEMBL51788,PR,6.500,,3,0,Active,exact,C=C1CCC[C@@H](C)[C@@H]1Cc1cc(OC)c(Br)cc1O
CHEMBL4164293,PR,6.140,,1,0,Active,exact,O=c1[nH]c2ccc(C(O)(C(F)(F)F)C(F)(F)F)cc2c2cccc(F)c12
CHEMBL356741,PR,7.120,,1,0,Active,exact,CC1(C)CC(c2ccccc2)=NN(C(=O)c2ccc(Cl)c(Cl)c2)C1
CHEMBL111,PR,,4.523,0,1,Inactive,censored,Cc1c(C(=O)NN2CCCCC2)nn(-c2ccc(Cl)cc2Cl)c1-c1ccc(Cl)cc1
CHEMBL1911663,PR,5.850,,1,0,,exact,CC(C)(C[C@](O)(Cc1cc2ccc(C#N)cc2[nH]1)C(F)(F)F)c1cc(S(C)(=O)=O)cc2c1OCC2
CHEMBL145744,PR,6.570,,1,0,Active,exact,O=C(c1ccc([N+](=O)[O-])cc1)N1CCCC(c2ccc(Cl)cc2)=N1
CHEMBL1765166,PR,4.920,,1,0,Inactive,exact,CCCCn1c(=O)c2c(OC)cccc2c2cc(C(O)(C(F)(F)F)C(F)(F)F)ccc21
CHEMBL5420532,PR,,5.000,0,1,,censored,O=C(O)Cc1ccc(-c2ccc(OCc3c(-c4c(Cl)cccc4Cl)noc3C3CC3)cc2)cc1
CHEMBL165148,PR,7.640,,1,0,Active,exact,CC1Nc2ccc(-c3cccc(F)c3)cc2C(C)(C)O1
CHEMBL1082407,PR,5.490,,1,0,,exact,CNC(=O)c1ccc(N2C(=S)N(c3ccc(C#N)c(C(F)(F)F)c3)C(=O)C2(C)C)cc1F
CHEMBL1950576,PR,,4.523,0,1,Inactive,censored,CN[C@@H]1[C@H](O[C@H]2[C@H](O[C@H]3[C@H](O)[C@@H](O)[C@H](NC(=N)N)[C@@H](O)[C@@H]3NC(=N)N)O[C@@H](C)[C@]2(O)CO)O[C@@H](CO)[C@H](O)[C@H]1O
CHEMBL406393,PR,,4.523,0,1,Inactive,censored,C[C@H](CCC(=O)O)[C@H]1CC[C@H]2[C@@H]3CC[C@@H]4C[C@H](O)CC[C@]4(C)[C@H]3C[C@H](O)[C@]12C
CHEMBL50534,PR,6.130,,2,0,Active,exact,C=C1[C@@H](Cc2cc(OC)c(Br)cc2O)C(C)(C)CC[C@@]1(C)O
CHEMBL1163747,PR,7.410,,1,0,Active,exact,O=C(CC(Nc1ccc([N+](=O)[O-])cc1)c1cccc(F)c1)c1ccc(Br)cc1
CHEMBL133794,PR,7.600,,2,0,Active,exact,CC1=CC(C)(C)Nc2ccc(-c3sccc3C)cc21
CHEMBL5207726,PR,,7.000,0,1,,censored,O=C(c1ccc(OCCN2C(=O)CCC2=O)cc1)c1c(-c2ccc(O)cc2)oc(=O)c2cc(O)ccc12
CHEMBL2104132,PR,,4.523,0,1,Inactive,censored,CN(C)[C@@H](c1cccc(O)c1)[C@H]1CCCC[C@H]1O
CHEMBL228767,PR,6.270,,1,0,Active,exact,COc1ccccc1-c1ccc2c(c1)C(C(C)OC)=CC(C)(C)N2
CHEMBL422,PR,,4.523,0,1,Inactive,censored,CN1CCN(CCCN2c3ccccc3Sc3ccc(C(F)(F)F)cc32)CC1
CHEMBL1305,PR,,4.523,0,2,Inactive,censored,c1ccc(CN(CC2=NCCN2)c2ccccc2)cc1
CHEMBL1911644,PR,6.360,,1,0,Active,exact,COc1ccc(F)cc1C(C)(C)CC(O)(Cc1cc2c(C#N)cccc2[nH]1)C(F)(F)F
CHEMBL357848,PR,7.150,,1,0,Active,exact,O=C(c1cccc(Cl)c1)N1CCCC(c2ccccc2)=N1
CHEMBL2107014,PR,,4.523,0,1,Inactive,censored,O=C(Oc1ccc2c(c1)CCCN2C(=O)C(Cl)Cl)c1ccco1
CHEMBL404216,PR,,4.523,0,1,Inactive,censored,CCC1C(C)=NN=C(c2ccc(OC)c(OC)c2)c2cc(OC)c(OC)cc21
CHEMBL183540,PR,7.330,,1,0,Active,exact,CC#C[C@]1(O)CC[C@H]2[C@@H]3CCC4=CC(=O)CCC4=C3[C@@H](c3ccc(OC[C@@H](O)C[C@@H](O)CC(=O)O)cc3)C[C@@]21C
CHEMBL521049,PR,6.000,,1,0,Active,exact,N#Cc1cc(F)cc(-c2ccc3c(c2)C(c2ccc(Cl)s2)(c2ccc(Cl)s2)OCC(=O)N3)c1
CHEMBL1229,PR,,4.523,0,1,Inactive,censored,CCOC(=O)C1=C[C@@H](OC(CC)CC)[C@H](NC(C)=O)[C@@H](N)C1
CHEMBL570916,PR,6.000,,1,0,Active,exact,Cc1c(C#N)c(N)nc2c3c(sc12)NC(=O)CC3c1cc(Cl)ccc1Cl
CHEMBL388170,PR,,5.699,0,1,,censored,C=CC[S+]([O-])CC1=CC(C)(C)Nc2ccc(-c3ccccc3OC)cc21
CHEMBL2111112,PR,,4.523,0,1,Inactive,censored,COc1ccc(CCO[C@@H]2CCCC[C@H]2N2CC[C@@H](O)C2)cc1OC
CHEMBL221044,PR,,8.000,0,1,,censored,CCCc1cc(C2=NC3OCCCC3S2)ccc1OCCCOc1ccc2c(c1)CC[C@H]2CC(=O)O
CHEMBL253734,PR,6.710,,1,0,Active,exact,CC(=O)N[C@H]1CCCN2c3cc(Cl)ccc3Oc3ccccc3[C@H]12
CHEMBL1620875,PR,,4.523,0,1,Inactive,censored,CCN(CC)CCc1nc(-c2ccccc2)no1
CHEMBL65054,PR,6.355,,2,0,Active,exact,Cc1cc(F)cc2c1OCc1c-2ccc2c1C(C)CC(C)(C)N2
CHEMBL408376,PR,9.020,,1,0,Active,exact,C#C[C@]1(O)CC[C@H]2[C@@H]3CCC4=CC(=O)CCC4=C3[C@@H](c3ccc(N(C)CCCC(=O)N(C)C4CC[C@@]5(C)[C@@H](C4)C[C@@H](O)[C@@H]4[C@@H]5C[C@H](O)[C@]5(C)[C@@H]([C@H](C)CCC(=O)O)CC[C@@H]45)cc3)C[C@@]21C
CHEMBL701,PR,,4.523,0,2,Inactive,censored,NCC(CC(=O)O)c1ccc(Cl)cc1
CHEMBL3358944,PR,,5.699,0,1,,censored,CC(C)(CC(O)(Cc1cc2cc(S(C)(=O)=O)ncc2[nH]1)C(F)(F)F)c1ccccc1S(C)(=O)=O
CHEMBL1378,PR,4.610,,1,0,Inactive,exact,CCSc1ccc2c(c1)N(CCCN1CCN(C)CC1)c1ccccc1S2
CHEMBL16,PR,,4.523,0,1,Inactive,censored,O=C1NC(=O)C(c2ccccc2)(c2ccccc2)N1
CHEMBL1201087,PR,,4.523,0,1,Inactive,censored,C=CCN1C[C@H](C(=O)N(CCCN(C)C)C(=O)NCC)C[C@@H]2c3cccc4[nH]cc(c34)C[C@H]21
CHEMBL62761,PR,7.910,,3,0,Active,exact,CC1=CC(C)(C)Nc2ccc3c(c21)COc1c(F)cc(Br)cc1-3
CHEMBL13,PR,,4.523,0,1,Inactive,censored,COCCc1ccc(OCC(O)CNC(C)C)cc1
CHEMBL283800,PR,,4.523,0,1,Inactive,censored,CN(CC(=O)O)C(=N)N
CHEMBL169901,PR,,4.523,0,1,Inactive,censored,N=C(N)N1CCc2ccccc2C1
CHEMBL1372950,PR,,4.523,0,1,Inactive,censored,CO[C@]12C[C@@H](COC(=O)c3cncc(Br)c3)CN(C)[C@@H]1Cc1cn(C)c3cccc2c13
CHEMBL77305,PR,,4.523,0,1,Inactive,censored,CC[C@@]1(O)C(=O)OCc2c1cc1n(c2=O)Cc2cc3c([N+](=O)[O-])cccc3nc2-1
CHEMBL1762204,PR,6.420,,1,0,Active,exact,Cc1c[nH]c2c(-c3c(F)cc4c(c3F)/C(=N/OC(C)C)CC(C)(C)N4)cccc12
CHEMBL3337832,PR,5.600,,1,1,,exact,Cc1nn(CCC(F)(F)CO)c(-c2ccc(F)cc2)c1-c1ccc2c(c1)NC(=O)CO2
CHEMBL1911650,PR,6.810,,1,0,Active,exact,COc1ccc(F)cc1C(C)(C)C[C@@](O)(Cc1cc2cc(C#N)ccc2[nH]1)C(F)(F)F
CHEMBL2113263,PR,,8.000,0,1,,censored,CCCc1cc(-c2nc3c(s2)CCCC3)ccc1OCCCOc1ccc2c(c1)CC[C@H]2CC(=O)O
CHEMBL1282,PR,,4.523,0,1,Inactive,censored,CC(C)Cn1cnc2c(N)nc3ccccc3c21
CHEMBL1620794,PR,,4.523,0,1,Inactive,censored,CCN(CC)CCOC(=O)C(Cc1cccc2ccccc12)CC1CCCO1
CHEMBL744,PR,,4.523,0,1,Inactive,censored,Nc1nc2ccc(OC(F)(F)F)cc2s1
CHEMBL5817717,PR,7.040,,1,0,Active,exact,C[C@]12C=CC(=O)C=C1CC[C@@H]1[C@@H]2[C@@H](O)C[C@@]2(C)[C@H]1C[C@H]1O[C@@H](c3ccc(CSc4cccc(N)c4)cc3)O[C@]12C(=O)CO
CHEMBL312394,PR,,4.523,0,1,Inactive,censored,Cc1ccc(S(=O)(=O)NC(=O)NC2CCCCC2)cc1
CHEMBL1085625,PR,,5.000,0,1,,censored,CCS(=O)(=O)Nc1ccc(-c2ccc3c(cnn3-c3ccc(F)cc3)c2)c(C(F)(F)F)c1
CHEMBL2228862,PR,,4.523,0,1,Inactive,censored,CC1=CCC(C(C)(C)O)CC1O
CHEMBL734,PR,,4.523,0,1,Inactive,censored,CC(=O)NO
CHEMBL435966,PR,,4.523,0,1,Inactive,censored,O=[N+]([O-])c1cncn1CCN1CCOCC1
CHEMBL404849,PR,,4.523,0,1,Inactive,censored,CCCCCCCCNC(C)C(O)c1ccc(SC(C)C)cc1
CHEMBL24778,PR,,4.523,0,1,Inactive,censored,C[C@H](Cc1cc2c(c(C(N)=O)c1)N(CCCO)CC2)NCCOc1ccccc1OCC(F)(F)F
CHEMBL1071,PR,,4.523,0,1,Inactive,censored,O=C(O)CCc1nc(-c2ccccc2)c(-c2ccccc2)o1
CHEMBL1684359,PR,6.170,,1,0,Active,exact,CC(=O)c1cccc(NC(=O)O[C@@H]2[C@@H](C)c3c(cc(F)c(-c4cccc5cc[nH]c45)c3F)NC2(C)C)c1
CHEMBL609109,PR,,4.523,0,1,Inactive,censored,CN1CCN(CCCN2c3ccccc3Sc3ccc(S(=O)(=O)N(C)C)cc32)CC1
CHEMBL79335,PR,,6.000,0,1,,censored,C=CCC[C@H](O)[C@H]1CCCC2=Cc3c(cnn3-c3ccc(F)cc3)C[C@@]21C
CHEMBL1743263,PR,,4.523,0,1,Inactive,censored,CC(C)C[C@H]1C(=O)N2CCC[C@H]2[C@]2(O)O[C@](NC(=O)[C@@H]3C[C@@H]4c5cccc6[nH]cc(c56)C[C@H]4N(C)C3)(C(C)C)C(=O)N12
CHEMBL3358935,PR,,5.699,0,1,,censored,COc1ccc(F)cc1C(C)(C)CC(O)(Cc1cc2cc(N3CCOCC3)ncc2[nH]1)C(F)(F)F
CHEMBL384467,PR,6.250,,3,9,Active,exact,C[C@@H]1C[C@H]2[C@@H]3CCC4=CC(=O)C=C[C@]4(C)[C@@]3(F)[C@@H](O)C[C@]2(C)[C@@]1(O)C(=O)CO
CHEMBL189963,PR,,4.523,0,2,Inactive,censored,CC(=O)c1c(C)c2cnc(Nc3ccc(N4CCNCC4)cn3)nc2n(C2CCCC2)c1=O
CHEMBL563070,PR,6.400,,1,0,Active,exact,Cc1nnc(C(C(C)C)N(Cc2ccccc2Cl)c2ccc(C#N)c(Cl)c2)n1C
CHEMBL50786,PR,6.385,,2,0,Active,exact,C=C1C=C(C)CC(C)(C)C1Cc1ccc2nonc2c1
CHEMBL491206,PR,8.225,,2,0,Active,exact,CC1(C)OCC(=O)Nc2ccc(-c3ccc(C#N)[nH]3)cc21
CHEMBL2419303,PR,5.340,,1,0,,exact,O=C1COc2ccc(C3=C(c4ccc(F)cc4F)C(=O)OC3)cc2N1
CHEMBL3093452,PR,6.270,,1,0,Active,exact,Cc1cc(C)c(S(=O)(=O)NC(Cc2c[nH]c3c(C#N)cccc23)C(F)(F)F)c(C)c1
CHEMBL3184512,PR,,4.523,0,1,Inactive,censored,CCC[C@@H]1C[C@@H](C(=O)N[C@@H]([C@H]2O[C@H](SC)[C@H](OP(=O)(O)O)[C@@H](O)[C@H]2O)[C@H](C)Cl)N(C)C1
CHEMBL1388,PR,,4.523,0,1,Inactive,censored,Oc1ccc(OCc2ccccc2)cc1
CHEMBL315838,PR,,4.523,0,2,Inactive,censored,COc1ccc(C(=O)Nc2ccccc2CCC2CCCCN2C)cc1
CHEMBL458875,PR,,4.523,0,1,Inactive,censored,Cc1cn([C@H]2O[C@@H](CO)[C@H](O)[C@H]2F)c(=O)[nH]c1=O
CHEMBL585185,PR,7.850,,1,0,Active,exact,Cn1c(C#N)ccc1-c1ccc2c(c1)C(C)(C)C/C2=N/O
CHEMBL1112,PR,4.820,,1,1,Inactive,exact,O=C1CCc2ccc(OCCCCN3CCN(c4cccc(Cl)c4Cl)CC3)cc2N1
CHEMBL396029,PR,6.240,,2,0,Active,exact,CC(Cc1c[nH]c2ccccc12)NS(=O)(=O)c1c(Cl)cc(Cl)cc1Cl
CHEMBL219205,PR,,5.699,0,1,,censored,COc1ccc(F)cc1C(C)(C)CC(O)(CN1CCOCC1)C(F)(F)F
CHEMBL635,PR,4.630,,1,0,Inactive,exact,C[C@]12C=CC(=O)C=C1CC[C@@H]1[C@@H]2C(=O)C[C@@]2(C)[C@H]1CC[C@]2(O)C(=O)CO
CHEMBL1087512,PR,9.520,,1,0,Active,exact,CC1(C)C(=O)CC[C@]2(C)[C@@]3(C)c4[nH]c5ccccc5c4C[C@@H]3CC[C@@]12O
CHEMBL3945051,PR,6.585,,2,0,Active,exact,O=S(=O)(Nc1ccc(Oc2ccccc2)cc1)c1cccc(F)c1
CHEMBL2107139,PR,,4.523,0,1,Inactive,censored,Nc1ccc(S(=O)(=O)c2cnc(N)s2)cc1
CHEMBL530107,PR,6.860,,1,0,Active,exact,CC(C)C1(c2cccs2)OCC(=O)Nc2ccc(-c3cc(F)cc(C#N)c3)cc21
CHEMBL392501,PR,5.750,,1,0,,exact,COc1ccc(F)cc1C(C)(C)CC(O)(Cc1cc(C)cc(C)c1C#N)C(F)(F)F
CHEMBL94053,PR,6.580,,3,0,Active,exact,Oc1nc2ccc(-c3cccc(Cl)c3)cc2s1
CHEMBL324115,PR,6.320,,1,0,Active,exact,O=C1Nc2ccc(-c3cccc(Cl)c3)cc2C12CCCCC2
CHEMBL507671,PR,5.160,,1,0,,exact,N#Cc1ccc(Sc2ccccc2F)cc1C(F)(F)F
CHEMBL3765171,PR,6.350,,1,0,Active,exact,Cc1c(N[C@@H]2CCC[C@]2(C)O)ccc(C#N)c1Cl
CHEMBL3943861,PR,5.890,,1,0,,exact,Cc1ccc(NS(=O)(=O)c2cccc(Cl)c2)cc1
CHEMBL506863,PR,6.960,,1,0,Active,exact,C[C@]1(c2ccsc2)OCC(=O)Nc2ccc(-c3ccc(C#N)[nH]3)cc21
CHEMBL296419,PR,,4.523,0,2,Inactive,censored,COc1ccc(CCN2CCC(Nc3nc4ccccc4n3Cc3ccc(F)cc3)CC2)cc1
CHEMBL43452,PR,,4.523,0,1,Inactive,censored,Nc1cccc2c1C(=O)N(C1CCC(=O)NC1=O)C2=O
CHEMBL487727,PR,7.820,,1,0,Active,exact,CC1(C)OCC(=O)Nc2ccc(-c3cc(F)cc(Cl)c3)cc21
CHEMBL549725,PR,6.900,,1,0,Active,exact,CC(C(=O)N(C)C)N(CC(F)(F)F)c1ccc(C#N)c(C(F)(F)F)c1
CHEMBL506,PR,4.810,,1,0,Inactive,exact,COc1cc(NC(C)CCCN)c2ncccc2c1
CHEMBL1911547,PR,,5.699,0,1,,censored,COc1ccc(F)cc1C(C)(C)CC(O)(Cc1cc2cccc(C#N)c2[nH]1)C(F)(F)F
CHEMBL430855,PR,8.960,,1,0,Active,exact,CC1=CC(C)(C)Nc2ccc3c(c21)C(c1cccc(Br)c1)Oc1ccccc1-3
CHEMBL3126952,PR,,5.699,0,1,,censored,Cc1ccc(F)cc1C(C)(C)CC(O)(Cc1cc2cc(-c3ccccc3)nnc2[nH]1)C(F)(F)F
CHEMBL3126948,PR,,5.699,0,1,,censored,Cc1ccc(F)cc1C(C)(C)C[C@@](O)(Cc1cc2nnccc2[nH]1)C(F)(F)F
CHEMBL254193,PR,,4.523,0,1,Inactive,censored,N/N=c1/cc2c(n[nH]1)CCN(C(=O)c1ccccc1)C2
CHEMBL422268,PR,8.590,,1,0,Active,exact,CC1=CC(C)(C)Nc2ccc3c(c21)/C(=C/c1ccccc1C=O)Oc1ccc(F)cc1-3
CHEMBL97206,PR,,5.301,0,2,,censored,COc1cccc2c1-c1ccc3c(c1C(c1cccc(OCSC)c1)O2)C(C)=CC(C)(C)N3
CHEMBL911,PR,,4.523,0,1,Inactive,censored,Cc1ccc(-c2nc3ccc(C)cn3c2CC(=O)N(C)C)cc1
CHEMBL523659,PR,8.785,,2,0,Active,exact,CC1(c2cccs2)OCC(=O)Nc2ccc(-c3ccc(C#N)[nH]3)cc21
CHEMBL129,PR,,4.523,0,2,Inactive,censored,Cc1cn([C@H]2C[C@H](N=[N+]=[N-])[C@@H](CO)O2)c(=O)[nH]c1=O
CHEMBL1644758,PR,6.570,,1,0,Active,exact,Cc1cc(-c2cccc3cc[nH]c23)c(Cl)c2c1NC(C)(C)C(=O)C2(C)Cc1ccccc1
CHEMBL708,PR,4.660,,1,1,Inactive,exact,O=C1Cc2cc(CCN3CCN(c4nsc5ccccc45)CC3)c(Cl)cc2N1
CHEMBL1140,PR,,4.523,0,1,Inactive,censored,NC(=O)c1cccnc1
CHEMBL4068008,PR,5.270,,1,0,,exact,CCOc1nccc2c1[C@H](c1ccc(C#N)cc1OC)C(C#N)=C(C)N2
CHEMBL1254907,PR,5.890,,1,0,,exact,COc1ccc(F)cc1C(C)(C)CC(O)(Cc1cc2ccncc2s1)C(F)(F)F
CHEMBL3622995,PR,5.820,,1,1,,exact,C[C@@H]1Cc2c([nH]c3ccccc23)[C@@H](c2ccc(Cl)cc2)N1CCC(=O)O
CHEMBL716,PR,,4.523,0,2,Inactive,censored,OCCOCCN1CCN(C2=Nc3ccccc3Sc3ccccc32)CC1
CHEMBL1546,PR,,4.523,0,1,Inactive,censored,CC(N)Cc1ccc(O)cc1
CHEMBL2105148,PR,,4.523,0,1,Inactive,censored,CC1(CCN2CCCCC2)C(=O)CCc2ccccc21
CHEMBL3397779,PR,6.750,,1,0,Active,exact,N#Cc1ccc(C23CC4CC(CC(c5ccc(N)cc5)(C4)C2)C3)cc1
CHEMBL1255800,PR,4.950,,1,0,Inactive,exact,CCc1c(Cl)c(O)c(Cl)c(O)c1C(=O)O[C@H]1[C@H](O)[C@H](OC)[C@H](OC/C2=C\C=C\C[C@H](O)/C(C)=C/[C@H](CC)[C@@H](O[C@@H]3OC(C)(C)[C@@H](OC(=O)C(C)C)[C@H](O)[C@@H]3O)/C(C)=C/C(C)=C/C[C@@H]([C@@H](C)O)OC2=O)O[C@@H]1C
CHEMBL417,PR,,4.523,0,1,Inactive,censored,COc1cccc2c1C(=O)c1c(O)c3c(c(O)c1C2=O)C[C@@](O)(C(=O)CO)C[C@@H]3O[C@H]1C[C@H](N)[C@@H](O)[C@H](C)O1
CHEMBL1163581,PR,,5.000,0,1,,censored,Cc1ccc(C(=O)CC(Nc2ccc(C(F)(F)F)cc2)c2cccc(F)c2)cc1
CHEMBL2107129,PR,,4.523,0,1,Inactive,censored,CC(C)(Oc1ccc(Cl)cc1)C(=O)NC(=O)NCN1CCOCC1
CHEMBL3358923,PR,,5.699,0,1,,censored,Cc1cc2cc(CC(O)(CC(C)(C)c3cc(F)ccc3C)C(F)(F)F)[nH]c2cn1
CHEMBL1477,PR,,4.523,0,1,Inactive,censored,COCc1c(C(C)C)nc(C(C)C)c(/C=C/[C@@H](O)C[C@@H](O)CC(=O)O)c1-c1ccc(F)cc1
CHEMBL916,PR,,4.523,0,1,Inactive,censored,CCCCS(=O)(=O)N[C@@H](Cc1ccc(OCCCCC2CCNCC2)cc1)C(=O)O
CHEMBL138283,PR,8.680,,1,0,Active,exact,CC1=CC(C)(C)Nc2ccc3c(c21)C(Cc1ccccc1)Oc1ccccc1-3
CHEMBL416956,PR,,4.523,0,1,Inactive,censored,OC(c1cc(C(F)(F)F)nc2c(C(F)(F)F)cccc12)C1CCCCN1
CHEMBL1200624,PR,7.890,,1,0,Active,exact,C#C[C@]1(OC(C)=O)CC[C@H]2[C@@H]3CCC4=C[C@@H](OC(C)=O)CC[C@@H]4[C@H]3CC[C@@]21C
CHEMBL254328,PR,,4.523,0,1,Inactive,censored,C[C@]12CC[C@H](O)CC1=CC[C@@H]1[C@@H]2CC[C@]2(C)C(c3cccnc3)=CC[C@@H]12
CHEMBL1574,PR,,4.523,0,1,Inactive,censored,CC(C)(N)Cc1ccccc1
CHEMBL39736,PR,,4.523,0,1,Inactive,censored,CCCCNC(=N)NC(=N)N
CHEMBL8140,PR,6.820,,1,0,Active,exact,C=CCC1Oc2ccc(O)c(OC)c2-c2ccc3c(c21)C(C)=CC(C)(C)N3
CHEMBL328058,PR,6.740,,2,0,Active,exact,CC1=CC(C)(C)Nc2cc3oc4ccccc4c3cc21
CHEMBL1083253,PR,,5.000,0,1,,censored,Fc1ccc(-n2ncc3cc(-c4ccccc4)ccc32)cc1
CHEMBL1614701,PR,,4.523,0,1,Inactive,censored,Cn1cnc2c(F)c(Nc3ccc(Br)cc3Cl)c(C(=O)NOCCO)cc21
CHEMBL2105300,PR,,4.523,0,1,Inactive,censored,Cc1ccc2c([nH]c(=O)c3c(=O)cc(C(=O)OCCC(C)C)oc32)c1C
CHEMBL5178110,PR,,7.000,0,1,,censored,Cc1cc(C(=O)C2=C(c3ccc(O)cc3)COc3cc(O)ccc32)ccc1OCCN1Cc2cccnc2C1
CHEMBL1200862,PR,,4.523,0,1,Inactive,censored,C[C@](N)(Cc1ccc(O)cc1)C(=O)O
CHEMBL446389,PR,6.610,,1,0,Active,exact,CC1OCC(=O)Nc2ccc(-c3ccc(C#N)[nH]3)cc21
CHEMBL521,PR,,4.523,0,2,Inactive,censored,CC(C)Cc1ccc(C(C)C(=O)O)cc1
CHEMBL1177,PR,,4.523,0,1,Inactive,censored,NC1=NC(=O)C(c2ccccc2)O1
CHEMBL541,PR,,4.523,0,1,Inactive,censored,O=C(O)c1ccccc1
CHEMBL145224,PR,7.760,,1,0,Active,exact,S=C(c1ccc(Cl)c(Cl)c1)N1CCCC(c2ccccc2)=N1
CHEMBL3182343,PR,,4.523,0,1,Inactive,censored,CC(C)(C)C(=O)OCOC(=O)[C@@H]1N2C(=O)[C@@H](NC(=O)[C@H](N)c3ccccc3)[C@H]2SC1(C)C
CHEMBL403274,PR,7.820,,1,0,Active,exact,Cc1cc(-c2cc(F)cc3cc[nH]c23)c(Cl)c2c1NC(C)(C)CC2C
CHEMBL102403,PR,8.640,,1,0,Active,exact,CC1=CC(C)(C)Nc2ccc3c(c21)C(c1ccc(C)cc1)Oc1ccccc1-3
CHEMBL1254264,PR,,5.699,0,1,,censored,COc1ccc(-c2cncnc2)cc1C(C)(C)C[C@@](O)(Cc1cc2ccncc2[nH]1)C(F)(F)F
CHEMBL65380,PR,6.375,,2,0,Active,exact,CC1CC(C)(C)Nc2ccc3c(c21)COc1c-3cc(F)cc1[N+](=O)[O-]
CHEMBL503575,PR,5.490,,1,0,,exact,COc1cc(-c2ccccc2O)ccc1C#N
CHEMBL437,PR,,4.523,0,1,Inactive,censored,Nc1ccc(S(=O)(=O)Nc2nccs2)cc1
CHEMBL327409,PR,6.590,,3,0,Active,exact,O=[N+]([O-])c1cccc(-c2ccc3nc(O)n(Cc4ccccc4)c3c2)c1
CHEMBL310180,PR,,5.000,0,1,,censored,O=C1CC[C@@]2(Cc3ccccc3)c3ccc(O)cc3CC[C@@H]2C1
CHEMBL1201392,PR,6.390,,1,0,Active,exact,C[C@@H]1C[C@H]2[C@@H]3C[C@H](F)C4=CC(=O)C=C[C@]4(C)[C@@]3(F)[C@@H](O)C[C@]2(C)[C@@]1(O)C(=O)CO
CHEMBL3658382,PR,8.050,,1,0,Active,exact,C[C@]12CCC3C4CCC(=O)C=C4C4(CC4)CC3C1C1CC1[C@@]21CCC(=O)O1
CHEMBL134421,PR,8.310,,1,0,Active,exact,CC1=CC(C)(C)Nc2ccc3c(c21)/C(=C/c1ccccc1)Oc1ccccc1-3
CHEMBL1765173,PR,5.960,,1,0,,exact,CCCCn1c(=O)c2cc(OC)ccc2c2cc(C(O)(C(F)(F)F)C(F)(F)F)ccc21
CHEMBL3093449,PR,,5.000,0,1,,censored,Cc1cc(C)c(S(=O)(=O)NC(Cc2c[nH]c3cccc(C#N)c23)C(F)(F)F)c(C)c1
CHEMBL3581693,PR,,6.000,0,2,,censored,CC/C(=C(/c1ccc(/C=C/C(=O)O)cc1)c1ccc2[nH]ncc2c1)c1ccc(F)cc1Cl
CHEMBL134602,PR,9.210,,1,0,Active,exact,CC1=CC(C)(C)Nc2ccc3c(c21)/C(=C/c1ccccc1)Oc1ccc(F)cc1-3
CHEMBL1644761,PR,5.890,,1,0,,exact,Cc1cc(-c2cccc3cc[nH]c23)c(Cl)c2c1NC(C)(C)C(O)C2(C)C
CHEMBL470670,PR,,4.523,0,1,Inactive,censored,CC(C)[C@@H]1CC[C@@H](C)C[C@H]1O
CHEMBL92089,PR,7.910,,2,0,Active,exact,CC1=CC(C)(C)Nc2cc3c(cc21)-c1cccc(CO)c1C3
CHEMBL430004,PR,6.030,,1,0,Active,exact,COc1ccccc1-c1ccc2c(c1)C(C(C)OCCc1ccc(Cl)cc1)=CC(C)(C)N2
CHEMBL3315053,PR,5.300,,1,0,,exact,CC(C)C(=O)NC(=O)C(C)(C)[C@@H]1c2ccc(-c3ccc(C(=O)N4CCOCC4)cc3)nc2Oc2c(F)cccc21
CHEMBL196374,PR,7.880,,2,0,Active,exact,Cc1noc(=O)c2ccc(NC(=O)C(O)(CC(C)(C)c3cc(F)ccc3O)C(F)(F)F)cc12
CHEMBL492228,PR,8.960,,1,0,Active,exact,CC1(c2ccsc2)OCC(=O)Nc2ccc(-c3ccc(C#N)[nH]3)cc21
CHEMBL3948334,PR,6.640,,1,0,Active,exact,COc1cc2oc(=O)cc(C)c2cc1-c1ccc(C#N)n1Cc1ccccc1
CHEMBL3929427,PR,7.420,,1,0,Active,exact,CCn1c(C#N)ccc1-c1cc2c(C)cc(=O)oc2cc1OC
CHEMBL5315124,PR,,4.523,0,1,Inactive,censored,C[C@H]1COc2c(N3CCN(C)CC3)c(F)cc3c(=O)c(C(=O)O)cn1c23.C[C@H]1COc2c(N3CCN(C)CC3)c(F)cc3c(=O)c(C(=O)O)cn1c23.O
CHEMBL144045,PR,5.400,,1,0,,exact,O=C(c1ccc(Cl)cc1)N1CCCC(c2ccc(Cl)cc2)=N1
CHEMBL397018,PR,5.890,,1,0,,exact,C/C=C/COC(C)C1=CC(C)(C)Nc2ccc(-c3ccccc3OC)cc21
CHEMBL565157,PR,7.600,,1,0,Active,exact,CN1C[C@@H](N(Cc2ccccc2C(F)(F)F)c2ccc(C#N)c(Cl)c2)CC1=O
CHEMBL236754,PR,,5.699,0,1,,censored,COc1ccc(F)cc1C(C)(C)CC(O)(Cc1c(C)ccc2ccccc12)C(F)(F)F
CHEMBL419158,PR,5.810,,1,2,,exact,COc1cccc2c1-c1ccc3c(c1C(c1cc(Cl)cc(Cl)c1)O2)C(C)=CC(C)(C)N3
CHEMBL1130,PR,,4.523,0,1,Inactive,censored,C[C@H]1O[C@@H](n2cc(F)c(=O)[nH]c2=O)[C@H](O)[C@@H]1O
CHEMBL133483,PR,8.800,,1,0,Active,exact,CCCc1ccccc1/C=C1\Oc2ccc(F)cc2-c2ccc3c(c21)C(C)=CC(C)(C)N3
CHEMBL196509,PR,,6.000,0,1,,censored,C[C@]12Cc3cnn(-c4ccc(F)cc4)c3C=C1CCCC21OCCO1
CHEMBL116221,PR,8.820,,1,0,Active,exact,CCCOC1Oc2ccc(Cl)cc2-c2ccc3c(c21)C(C)=CC(C)(C)N3
CHEMBL1503,PR,,4.523,0,1,Inactive,censored,COc1ccc2[nH]c([S+]([O-])Cc3ncc(C)c(OC)c3C)nc2c1
CHEMBL455662,PR,,5.000,0,1,,censored,CCN(C[C@](O)(CNC(=O)c1cnn(-c2ccc(F)cc2)c1N)C(F)(F)F)C(=O)c1c(Cl)cccc1Cl
CHEMBL1085593,PR,5.360,,1,0,,exact,CC1(C)CN(Cc2ccccc2)C(=O)[C@@H]1Oc1ccc(C#N)c(C(F)(F)F)c1
CHEMBL2010601,PR,,4.523,0,1,Inactive,censored,CC(C)(C)c1cc(C(C)(C)C)c(NC(=O)c2c[nH]c3ccccc3c2=O)cc1O
CHEMBL403138,PR,8.370,,1,0,Active,exact,O=C(N[C@H]1CCCN2c3cc(Cl)ccc3Oc3ccccc3[C@H]12)C(F)(F)F
CHEMBL25336,PR,,4.523,0,1,Inactive,censored,C(=N/NC1=NCCN1)\c1c2ccccc2c(/C=N/NC2=NCCN2)c2ccccc12
CHEMBL1160714,PR,,4.523,0,1,Inactive,censored,CC(C)NC[C@H](O)COc1ccc(O)cc1
CHEMBL336169,PR,8.330,,1,0,Active,exact,CC1=CC(C)(C)Nc2ccc3c(c21)/C(=C/c1ccco1)Oc1ccc(F)cc1-3
CHEMBL3233281,PR,6.540,,1,0,Active,exact,Cc1ccc(F)cc1C(C)(C)C[C@@](O)(Cc1cc2cnccc2[nH]1)C(C)(C)C
CHEMBL1084716,PR,,5.000,0,1,,censored,CC(C)c1cc(C(C)C)c(S(=O)(=O)Nc2ccc(-c3ccc4c(cnn4-c4ccc(F)cc4)c3)c(C(F)(F)F)c2)c(C(C)C)c1
CHEMBL211535,PR,6.100,,1,0,Active,exact,O=S(=O)(c1ccc(Cl)cc1)N1CCCCC(c2cccc(F)c2)=N1
CHEMBL46029,PR,,5.301,0,1,,censored,C=CC(C)C1Oc2cccc(OC)c2-c2ccc3c(c21)C(C)=CC(C)(C)N3
CHEMBL629,PR,,4.523,0,2,Inactive,censored,CN(C)CCC=C1c2ccccc2CCc2ccccc21
CHEMBL358274,PR,,6.000,0,1,,censored,O=C(c1ccccc1)N1CCCC(c2ccccc2)=N1
CHEMBL486707,PR,6.460,,1,0,Active,exact,CCCC1(c2cccs2)OCC(=O)Nc2ccc(-c3ccc(F)c(Cl)c3)cc21
CHEMBL4170774,PR,6.000,,1,0,Active,exact,O=c1[nH]c2ccc(C(O)(C(F)(F)F)C(F)(F)F)cc2c2cc(F)ccc12
CHEMBL1412,PR,,4.523,0,1,Inactive,censored,C1CNCCN1
CHEMBL6051653,PR,7.280,,1,0,Active,exact,C[C@@H](c1ccc(N)cc1)c1ccc([C@@H]2O[C@@H]3C[C@H]4[C@@H]5C[C@H](F)C6=CC(=O)C=C[C@]6(C)[C@@]5(F)[C@@H](O)C[C@]4(C)[C@]3(C(=O)CO)O2)cc1
CHEMBL3942784,PR,6.720,,2,0,Active,exact,O=S(=O)(Nc1ccc(-c2ccccc2)cc1)c1cccc(Cl)c1
CHEMBL560248,PR,7.800,,1,0,Active,exact,CC(C)C[C@@H](c1nnnn1C)N(CC1CCC1)c1ccc(C#N)c(Cl)c1
CHEMBL241694,PR,8.070,,1,0,Active,exact,C#C[C@]1(O)CC[C@H]2[C@@H]3CCC4=CC(=O)CC[C@]4(C)[C@H]3CC[C@@]21C
CHEMBL428880,PR,,4.523,0,1,Inactive,censored,O=C(O)c1cc(=O)c2c(OCC(O)COc3cccc4oc(C(=O)O)cc(=O)c34)cccc2o1
CHEMBL144345,PR,6.380,,1,0,Active,exact,Cc1ccc(C(=O)N2CCCC(c3ccccc3)=N2)cc1
CHEMBL648,PR,,4.523,0,1,Inactive,censored,CN1CCN(C(c2ccccc2)c2ccccc2)CC1
CHEMBL553025,PR,,4.523,0,1,Inactive,censored,CCC1=C[C@@H]2CN(C1)Cc1c([nH]c3ccccc13)[C@@](C(=O)OC)(c1cc3c(cc1OC)N(C)[C@H]1[C@@](O)(C(=O)OC)[C@H](OC(C)=O)[C@]4(CC)C=CCN5CC[C@]31[C@@H]54)C2
CHEMBL400609,PR,6.550,,1,0,Active,exact,COc1ccc(F)cc1C(C)(C)CC(O)(Cc1ccc(C#N)cc1F)C(F)(F)F
CHEMBL3337727,PR,5.335,,2,0,,exact,Cc1nn(C)c(-c2ccc(F)cc2F)c1-c1ccc2c(c1)NC(=O)CO2
CHEMBL614,PR,,4.523,0,2,Inactive,censored,NC(=O)c1cnccn1
CHEMBL35429,PR,8.890,,1,0,Active,exact,C[C@@H]1C(=O)C(C)(C)Nc2ccc3c(c21)[C@H](c1ccc(Cl)cc1)Oc1ccccc1-3
CHEMBL67362,PR,7.080,,4,1,Active,exact,CC1=CC(C)(C)Nc2ccc3c(c21)COc1ccccc1-3
CHEMBL167405,PR,8.090,,1,0,Active,exact,Cc1cc(C#N)sc1-c1ccc2c(c1)C(C)(C)OC(C)N2
CHEMBL3315054,PR,5.690,,1,0,,exact,CC(C)(C(=O)NC(=O)C1CC1)[C@@H]1c2ccc(-c3ccc(C(=O)N4CCOCC4)cc3)nc2Oc2c(F)cccc21
CHEMBL343448,PR,,4.523,0,1,Inactive,censored,C/C=C1\NC(=O)[C@H]2CSSCC/C=C/[C@H](CC(=O)N[C@H](C(C)C)C(=O)N2)OC(=O)[C@H](C(C)C)NC1=O
CHEMBL46917,PR,4.840,,1,0,Inactive,exact,CNC(=O)Oc1cccc2ccccc12
CHEMBL1163588,PR,6.350,,1,0,Active,exact,Cc1ccc(C(=O)CC(Nc2ccc(F)cc2)c2cccc(F)c2)cc1
CHEMBL3337825,PR,5.565,,2,0,,exact,Cc1nn(CCCC(F)(F)F)c(-c2ccc(F)cc2)c1-c1ccc2c(c1)NC(=O)CO2
CHEMBL242812,PR,,5.699,0,1,,censored,CC(Cc1c[nH]c2ccccc12)NS(=O)(=O)c1c(C(C)C)cc(C(C)C)cc1C(C)C
CHEMBL529665,PR,7.520,,1,0,Active,exact,CC1(C)OCC(=O)Nc2ccc(-c3ccc(F)c(Cl)c3)cc21
CHEMBL4171805,PR,6.680,,1,0,Active,exact,CCc1cc(C(O)(C(F)(F)F)C(F)(F)F)cc2c1[nH]c(=O)c1ccccc12
CHEMBL3358952,PR,,5.699,0,1,,censored,CC(C)(CC(O)(Cc1cc2cc(S(C)(=O)=O)ncc2[nH]1)C(F)(F)F)c1cccc2c1S(=O)(=O)CC2
CHEMBL415087,PR,,4.523,0,1,Inactive,censored,Clc1ccc(C(OCCN2CCCCC2)c2ccccc2)cc1
CHEMBL55,PR,,4.523,0,1,Inactive,censored,N=C(N)c1ccc(OCCCCCOc2ccc(C(=N)N)cc2)cc1
CHEMBL707,PR,,4.523,0,2,Inactive,censored,COc1cc2nc(N3CCN(C(=O)C4COc5ccccc5O4)CC3)nc(N)c2cc1OC
CHEMBL5958599,PR,7.100,,1,0,Active,exact,C[C@H](CS(C)(=O)=O)n1ccc2c(C(F)(F)F)c(C#N)ccc21
CHEMBL71,PR,,4.523,0,1,Inactive,censored,CN(C)CCCN1c2ccccc2Sc2ccc(Cl)cc21
CHEMBL3695601,PR,6.960,,1,0,Active,exact,C[C@]12CC[C@H]3[C@@H](CCC4=CC(=O)CC[C@@H]43)[C@@H]1CC1(CC1)[C@@]21C=CC(=O)O1
CHEMBL1359,PR,,4.523,0,1,Inactive,censored,C[C@@H](O)[C@H]1C(=O)N2C(C(=O)O)=C(S[C@@H]3CN[C@H](C(=O)Nc4cccc(C(=O)O)c4)C3)[C@H](C)[C@H]12
CHEMBL563,PR,,4.523,0,1,Inactive,censored,CC(C(=O)O)c1ccc(-c2ccccc2)c(F)c1
CHEMBL58832,PR,,4.523,0,1,Inactive,censored,NC(=O)C[C@H](N)C(=O)O
CHEMBL253376,PR,,4.523,0,1,Inactive,censored,CN(Cc1cc(Br)cc(Br)c1N)C1CCCCC1
CHEMBL115904,PR,7.720,,2,0,Active,exact,CC1=CC(C)(C)Nc2ccc(-c3cccc(C#N)c3)cc21
CHEMBL569,PR,,4.523,0,1,Inactive,censored,CCN(CC)CCOC(=O)c1ccc(N)cc1
CHEMBL141426,PR,,5.301,0,1,,censored,COc1cccc2c1-c1ccc3c(c1C(CCN(C)C)O2)C(C)=CC(C)(C)N3
CHEMBL259820,PR,6.060,,1,0,Active,exact,COc1c(O)ccc2c1-c1ccc3c(c1/C(=C/c1cccc(C)c1F)O2)C(C)=CC(C)(C)N3
CHEMBL218650,PR,,4.523,0,2,Inactive,censored,C[C@]1(COc2ccc(N3CCC(Oc4ccc(OC(F)(F)F)cc4)CC3)cc2)Cn2cc([N+](=O)[O-])nc2O1
CHEMBL713,PR,,4.523,0,1,Inactive,censored,C=C1[C@H](CO)[C@@H](O)C[C@@H]1n1cnc2c(=O)[nH]c(N)nc21
CHEMBL380646,PR,5.850,,1,0,,exact,CC1(C)C=C(CSCCc2ccccc2)c2cc(-c3cccc(O)c3Cl)ccc2N1
CHEMBL1509,PR,7.360,,1,0,Active,exact,C[C@]12CCC(=O)C=C1[C@@H]1C[C@@H]1[C@H]1[C@@H]3[C@@H]4C[C@@H]4[C@@]4(CCC(=O)O4)[C@@]3(C)CC[C@@H]12
CHEMBL1084013,PR,,5.000,0,1,,censored,COc1cccc(S(=O)(=O)Nc2ccc(-c3ccc4c(cnn4-c4ccc(F)cc4)c3)c(C(F)(F)F)c2)c1
CHEMBL41,PR,,4.523,0,1,Inactive,censored,CNCCC(Oc1ccc(C(F)(F)F)cc1)c1ccccc1
CHEMBL338802,PR,,4.523,0,1,Inactive,censored,N=C(N)NS(=O)(=O)c1ccc(N)cc1
CHEMBL94081,PR,,4.523,0,1,Inactive,censored,C=CCOc1ccc(CC(=O)O)cc1Cl
CHEMBL145346,PR,6.280,,1,0,Active,exact,O=C(c1ccc(Cl)cc1)N1CCCC(c2ccccc2)=N1
CHEMBL3695611,PR,6.000,,1,0,Active,exact,CC[C@]12CC[C@H]3[C@@H](C[C@@H](CO)C4=CC(=O)CC[C@@H]43)[C@@H]1CC[C@@]21C=CC(=O)O1
CHEMBL267231,PR,6.460,,1,0,Active,exact,C=CCC1Oc2cccc(OC(F)F)c2-c2ccc3c(c21)C(C)=CC(C)(C)N3
CHEMBL1096979,PR,,4.523,0,1,Inactive,censored,NC(CO)C(=O)NNCc1ccc(O)c(O)c1O
CHEMBL266488,PR,5.740,,1,0,,exact,C#CCOc1ccc2c(c1OC)-c1ccc3c(c1C(CC=C)O2)C(C)=CC(C)(C)N3
CHEMBL926,PR,,4.523,0,1,Inactive,censored,CC(CCc1ccc(O)cc1)NCCc1ccc(O)c(O)c1
CHEMBL1164856,PR,7.100,,1,0,Active,exact,O=C(CC(Nc1ccc([N+](=O)[O-])cc1)c1ccc(C(F)(F)F)cc1)c1ccc(Cl)cc1
CHEMBL133124,PR,7.340,,1,0,Active,exact,CC1=CC(C)(C)Nc2ccc3c(c21)/C(=C/c1ccccc1C(F)(F)F)Oc1ccc(F)cc1-3
CHEMBL3813873,PR,5.000,,1,0,,exact,FC(F)(F)c1ccc(CNc2ccc(Cc3c[nH]c4ncc(Cl)cc34)cn2)cn1
CHEMBL3893240,PR,6.720,,1,0,Active,exact,O=S(=O)(Nc1ccc(Oc2ccccc2)cc1)c1cccc2ccccc12
CHEMBL4746345,PR,5.960,,1,0,,exact,C[C@](O)(Cn1cc(Br)c(F)n1)C(=O)Nc1ccc(C#N)c(C(F)(F)F)c1
CHEMBL204332,PR,,5.699,0,1,,censored,CCC(C)CSCC1=CC(C)(C)Nc2ccc(-c3ccccc3OC)cc21
CHEMBL392309,PR,,6.291,0,1,,censored,COc1ccc(F)cc1C(C)(C)CC(O)(Cc1ccccc1Br)C(F)(F)F
CHEMBL475534,PR,,4.523,0,1,Inactive,censored,CCOC(=O)C1=C(C)NC(C)=C(C(=O)OC)C1c1cccc([N+](=O)[O-])c1
CHEMBL1180725,PR,,4.523,0,1,Inactive,censored,CC(C)[N+](C)(CCOC(=O)C1c2ccccc2Oc2ccccc21)C(C)C
CHEMBL633,PR,,4.523,0,1,Inactive,censored,CCCCc1oc2ccccc2c1C(=O)c1cc(I)c(OCCN(CC)CC)c(I)c1
CHEMBL1257221,PR,7.800,,1,0,Active,exact,COc1ccc(F)cc1C(C)(C)CC(O)(CNc1ccc2c(=O)onc(C)c2c1)C(F)(F)F
CHEMBL570708,PR,7.300,,1,0,Active,exact,Cc1c(C#N)c(Cl)nc2c3c(sc12)NC(=O)CC3c1ccccc1Cl
CHEMBL1163481,PR,8.070,,1,0,Active,exact,O=C(CC(Nc1ccc([N+](=O)[O-])cc1)C1CCCCC1)c1ccc(F)cc1
CHEMBL551885,PR,7.600,,1,0,Active,exact,CN1C[C@@H](N(Cc2ccccc2Cl)c2ccc(C#N)c(Cl)c2)CC1=O
CHEMBL237377,PR,,5.699,0,1,,censored,COc1ccc(F)cc1C(C)(C)CC(O)(Cc1cc(Cl)ccc1Cl)C(F)(F)F
CHEMBL2110824,PR,,4.523,0,1,Inactive,censored,CCNC(=O)[C@@H]1CCCN1C(=O)[C@H](CCCNC(=N)N)NC(=O)[C@H](CC(C)C)NC(=O)[C@@H](COC(C)(C)C)NC(=O)[C@H](Cc1ccc(O)cc1)NC(=O)[C@H](CO)NC(=O)[C@H](Cc1c[nH]c2ccccc12)NC(=O)[C@H](Cc1cnc[nH]1)NC(=O)[C@@H]1CCC(=O)N1
CHEMBL237385,PR,,5.699,0,1,,censored,COc1ccc(F)cc1C(C)(C)CC(O)(Cc1ccccc1F)C(F)(F)F
CHEMBL870,PR,,4.523,0,2,Inactive,censored,NCCCC(O)(P(=O)(O)O)P(=O)(O)O
CHEMBL3093448,PR,5.230,,1,0,,exact,Cc1cc(C)c(S(=O)(=O)NC(Cc2c[nH]c3c(C)cccc23)C(F)(F)F)c(C)c1
CHEMBL1542,PR,5.100,,1,0,,exact,Cn1cnc([N+](=O)[O-])c1Sc1ncnc2[nH]cnc12
CHEMBL3337731,PR,5.950,,2,0,,exact,Cc1nn(Cc2ccccc2)c(-c2ccc(F)cc2)c1-c1ccc2c(c1)NC(=O)CO2
CHEMBL92026,PR,6.380,,3,0,Active,exact,Oc1nc2ccc(-c3cccc(Cl)c3)cc2n1Cc1ccccc1
CHEMBL334747,PR,7.940,,1,0,Active,exact,CC1=CC(C)(C)Nc2ccc3c(c21)/C(=C/c1ccccc1C#N)Oc1ccc(F)cc1-3
CHEMBL761,PR,,4.523,0,1,Inactive,censored,c1ccc2c(CC3=NCCN3)cccc2c1
CHEMBL337112,PR,,5.301,0,1,,censored,COc1cccc2c1-c1ccc3c(c1C(C1CCCC1)O2)C(C)=CC(C)(C)N3
CHEMBL486709,PR,7.830,,1,0,Active,exact,CC1(C)OCC(=O)Nc2ccc(-c3cccc(F)c3)cc21
CHEMBL431770,PR,,4.523,0,1,Inactive,censored,CCn1c(=O)c2c(nc(/C=C/c3ccc(OC)c(OC)c3)n2C)n(CC)c1=O
CHEMBL2374220,PR,,5.000,0,1,,censored,COC(=O)N[C@H](C(=O)N1CC2(CC2)C[C@H]1c1nc(-c2ccc3c(c2)C(F)(F)c2cc(-c4ccc5[nH]c([C@@H]6[C@H]7CC[C@H](C7)N6C(=O)[C@@H](NC(=O)OC)C(C)C)nc5c4)ccc2-3)c[nH]1)C(C)C
CHEMBL425970,PR,6.620,,1,0,Active,exact,Cc1ccccc1C(C)(C)CC(O)(Cn1ccc(=O)c2ccccc21)C(F)(F)F
CHEMBL3658381,PR,5.960,,1,0,,exact,C[C@]12CCC3C4CCC(=O)C=C4[C@H](CO)CC3C1C1CC1[C@@]21CCC(=O)O1
CHEMBL683,PR,,4.523,0,1,Inactive,censored,CC(C)(Oc1ccc(Cl)cc1)C(=O)O
CHEMBL1163602,PR,7.120,,1,0,Active,exact,N#Cc1ccc(C(=O)CC(Nc2ccc([N+](=O)[O-])cc2)c2ccsc2)cc1
CHEMBL1480,PR,5.580,,1,0,,exact,CCOC(=O)C1=C(C)NC(C)=C(C(=O)OC)C1c1cccc(Cl)c1Cl
CHEMBL666,PR,,4.523,0,1,Inactive,censored,O=C(O)P(=O)(O)O
CHEMBL592509,PR,7.200,,1,0,Active,exact,COC(=O)N1CC[C@H](N(Cc2ccccc2)c2ccc(C#N)c(Cl)c2)C1
CHEMBL266709,PR,6.480,,1,0,Active,exact,C=CCC1Oc2cccc(O)c2-c2ccc3c(c21)C(C)=CC(C)(C)N3
CHEMBL5780200,PR,6.200,,1,0,Active,exact,CC(C)(O)C(C)(C)n1ccc2c(C#N)c(C#N)ccc21
CHEMBL1297,PR,,4.523,0,1,Inactive,censored,CC(C(=O)O)c1cccc(Oc2ccccc2)c1
CHEMBL826,PR,,4.523,0,2,Inactive,censored,CCn1cc(C(=O)O)c(=O)c2cc(F)c(N3CCNCC3)nc21
CHEMBL1550,PR,,4.523,0,1,Inactive,censored,CC1=C(C/C=C(\C)CCC[C@H](C)CCC[C@H](C)CCCC(C)C)C(=O)c2ccccc2C1=O
CHEMBL132193,PR,7.260,,2,0,Active,exact,CC1=CC(C)(C)Nc2ccc(-c3ccc(C#N)s3)cc21
CHEMBL3315069,PR,6.970,,1,0,Active,exact,CC(C)(O)c1ccc(-c2ccc3c(n2)Oc2c(F)cccc2[C@@H]3C(C)(C)C(=O)NC(N)=O)cn1
CHEMBL5199803,PR,,7.000,0,1,,censored,Cc1cc(C(=O)CNc2c(-c3ccc(O)cc3)c(=O)oc3cc(O)ccc23)ccc1OCCN1CCC=C(C(=O)O)C1
CHEMBL1257453,PR,,6.000,0,1,,censored,CC(C)(CC(O)(CNc1cccc2ncccc12)C(F)(F)F)c1cc(F)ccc1O
CHEMBL3397783,PR,6.760,,1,0,Active,exact,CCCCCC(=O)Nc1ccc(C23CC4CC(CC(c5ccc(C#N)cc5)(C4)C2)C3)cc1
CHEMBL3818319,PR,6.970,,1,0,Active,exact,CS(=O)(=O)N[C@H]1CC[C@H](Oc2ccc(C#N)c(Cl)c2)CC1
CHEMBL4649683,PR,,5.000,0,1,,censored,Cc1cnc(-c2ccc(OC(F)(F)F)cc2)n1Cc1ccccc1OCCC[C@@H](C)CC(=O)O
CHEMBL3582119,PR,,5.903,0,1,,censored,CC1(C)Nc2c(cc(-c3cccc4nccn34)c3c2CCC3)C(C)(C)C1=O
CHEMBL583,PR,,4.523,0,1,Inactive,censored,Cc1c(F)c(N2CCNC(C)C2)cc2c1c(=O)c(C(=O)O)cn2C1CC1
CHEMBL231813,PR,,4.523,0,1,Inactive,censored,CCC[C@H](NC(=O)[C@@H]1[C@H]2CCC[C@H]2CN1C(=O)[C@@H](NC(=O)[C@@H](NC(=O)c1cnccn1)C1CCCCC1)C(C)(C)C)C(=O)C(=O)NC1CC1
CHEMBL329631,PR,6.665,,4,0,Active,exact,CC(C)n1c(O)nc2ccc(-c3cccc(Cl)c3)cc21
CHEMBL256997,PR,,4.523,0,2,Inactive,censored,O=C(O)c1cccc(-c2noc(-c3ccccc3F)n2)c1
CHEMBL129529,PR,,4.523,0,1,Inactive,censored,CCCCN(CCCC)CCCOC(=O)c1ccc(N)cc1
CHEMBL1255080,PR,5.940,,1,0,,exact,COc1ccc(F)cc1C(C)(C)C[C@@](O)(Cc1cc2ccncc2[nH]1)C(F)(F)F
CHEMBL33909,PR,7.980,,1,0,Active,exact,CC1(C)C=Cc2c(ccc3c2C(c2ccc(Cl)cc2)Oc2ccccc2-3)N1
CHEMBL206278,PR,5.850,,2,0,,exact,C=CCSCC1=CC(C)(C)Nc2ccc(-c3cc(F)ccc3OC)cc21
CHEMBL3687970,PR,8.520,,1,0,Active,exact,C[C@]12CC[C@H]3[C@@H](CCC4=CC(=O)CC[C@@H]43)[C@@H]1CC[C@@]21C=CCO1
CHEMBL1091024,PR,,4.523,0,1,Inactive,censored,CCC(=O)O[C@@H]1CC(=O)O[C@H](C)C/C=C/C=C/[C@H](OC(C)=O)[C@H](C)C[C@H](CC=O)[C@H](O[C@@H]2O[C@H](C)[C@@H](O[C@H]3C[C@@](C)(OC(C)=O)[C@@H](OC(=O)CC)[C@H](C)O3)[C@H](N(C)C)[C@H]2O)[C@H]1OC
CHEMBL336736,PR,9.260,,1,0,Active,exact,CC1=CC(C)(C)Nc2ccc3c(c21)/C(=C/c1ccccc1C)Oc1ccc(F)cc1-3
CHEMBL33899,PR,5.400,,1,1,,exact,CC/C(=C(\c1ccccc1)c1ccc(/C=C/C(=O)O)cc1)c1ccccc1
CHEMBL940,PR,,4.523,0,2,Inactive,censored,NCC1(CC(=O)O)CCCCC1
CHEMBL327444,PR,6.870,,3,0,Active,exact,CC(C)n1c(O)nc2ccc(-c3cccc([N+](=O)[O-])c3)cc21
CHEMBL1242,PR,,4.523,0,1,Inactive,censored,Nc1ccc(/N=N/c2ccccc2)c(N)n1
CHEMBL391439,PR,6.500,,1,0,Active,exact,C[C@](c1ccc(F)cc1)(c1c[nH]c2c(NS(C)(=O)=O)cccc12)C1CC1
CHEMBL93027,PR,7.545,,6,0,Active,exact,CC1=CC(C)(C)Nc2ccc(-c3cccc([N+](=O)[O-])c3)cc21
CHEMBL148070,PR,7.010,,1,0,Active,exact,CC1CC(c2ccccc2)=NN(C(=O)c2ccc(Cl)c(Cl)c2)C1
CHEMBL415621,PR,8.960,,1,0,Active,exact,C#C[C@]1(O)CC[C@H]2[C@@H]3CCC4=CC(=O)CCC4=C3[C@@H](c3ccc(N(C)CCCOC4CC[C@@]5(C)[C@@H](C4)C[C@@H](O)[C@@H]4[C@@H]5C[C@H](O)[C@]5(C)[C@@H]([C@H](C)CCC(=O)O)CC[C@@H]45)cc3)C[C@@]21C
CHEMBL383521,PR,,5.699,0,1,,censored,C=CCSCC1=CC(C)(C)Nc2ccc(-c3ccccc3OCC)cc21
CHEMBL2103761,PR,5.260,,1,0,,exact,COC(=O)C1=C(C)NC(C)=C(C(=O)O[C@H]2CCN(Cc3ccccc3)C2)[C@H]1c1cccc([N+](=O)[O-])c1
CHEMBL1201334,PR,,4.523,0,1,Inactive,censored,CC(C)C[C@H](NC(=O)[C@@H](Cc1c[nH]c2ccccc12)NC(=O)[C@H](Cc1ccc(O)cc1)NC(=O)[C@H](CO)NC(=O)[C@H](Cc1c[nH]c2ccccc12)NC(=O)[C@H](Cc1c[nH]cn1)NC(=O)[C@@H]1CCC(=O)N1)C(=O)N[C@@H](CCCNC(=N)N)C(=O)N1CCC[C@H]1C(=O)NCC(N)=O
CHEMBL473801,PR,7.470,,1,0,Active,exact,C[C@@]1(C(=O)Nc2nccs2)CC2(C#N)c3ccccc3C1c1ccccc12
CHEMBL1215197,PR,5.700,,1,0,,exact,CCOc1cc(C2=NN(c3ccc(C#N)c(Cl)c3)[C@@H](C3CCCC3)C2)ccc1C(=O)O
CHEMBL343409,PR,,6.000,0,1,,censored,COc1ccc(C(=O)N2CCCC(c3ccccc3)=N2)cc1
CHEMBL152408,PR,,4.523,0,1,Inactive,censored,CN1CCC(=C2c3ccccc3Sc3ccccc32)CC1
CHEMBL1644763,PR,5.520,,1,0,,exact,Cc1cc(-c2cccc3cc[nH]c23)c(Cl)c2c1NC(C)(C)CC2=O
CHEMBL335591,PR,8.260,,1,0,Active,exact,CC1=CC(C)(C)Nc2ccc3c(c21)/C(=C/c1ccccc1Br)Oc1ccccc1-3
CHEMBL560647,PR,6.400,,1,0,Active,exact,CC(C)CC(c1nncn1C)N(Cc1ccccc1C(F)(F)F)c1ccc(C#N)c(Cl)c1
CHEMBL90,PR,,4.523,0,1,Inactive,censored,NCCc1c[nH]cn1
CHEMBL114553,PR,7.790,,1,0,Active,exact,COC1Oc2ccc(Cl)cc2-c2ccc3c(c21)C(C)=CC(C)(C)N3
CHEMBL1928872,PR,,5.000,0,1,,censored,O=C1COc2ccc(C3=Nn4cnnc4SC3c3ccccc3)cc2N1
CHEMBL380305,PR,7.600,,1,0,Active,exact,O=S(=O)(c1ccc(Br)s1)N1CCCCC(c2ccc(Cl)c(Cl)c2)=N1
CHEMBL1086484,PR,,5.000,0,1,,censored,O=S(=O)(Cc1ccccc1)Nc1ccc(-c2ccc3c(cnn3-c3ccc(F)cc3)c2)c(C(F)(F)F)c1
CHEMBL3126938,PR,5.850,,1,0,,exact,Cc1ccc(F)cc1C(C)(C)CC(O)(Cc1cc2nc(N3CCOCC3)ncc2[nH]1)C(F)(F)F
CHEMBL184412,PR,6.190,,1,0,Active,exact,CCCCc1oc2ccc(NS(C)(=O)=O)cc2c1C(=O)c1ccc(OCCCN(CCCC)CCCC)cc1
CHEMBL211456,PR,,4.523,0,1,Inactive,censored,CN[C@@H](C)[C@H](O)c1ccccc1
CHEMBL1644754,PR,7.160,,1,0,Active,exact,Cc1cc(-c2cccc3cc[nH]c23)c(Cl)c2c1NC(C)(C)C(=O)C2C
CHEMBL1163644,PR,7.170,,1,0,Active,exact,O=C(CC(Nc1ccc([N+](=O)[O-])cc1)c1cccc(F)c1)c1ccc(F)cc1
CHEMBL1472975,PR,,4.523,0,1,Inactive,censored,O=C1[C@H]2CCCC[C@H]2C(=O)N1CCCCN1CCN(c2nsc3ccccc23)CC1
CHEMBL3658378,PR,7.480,,1,0,Active,exact,CCC1CC2=CC(=O)CCC2C2CC[C@@]3(C)C(C4CC4[C@@]34CCC(=O)O4)C12
CHEMBL3263755,PR,5.170,,1,0,,exact,COc1cc(C2=NN(c3ccc(C#N)c(C)n3)[C@@H](C3CCCC3)C2)ccc1C(=O)O
CHEMBL194802,PR,7.380,,1,0,Active,exact,CC(C)(CC(O)(CC1CCCCC1)C(=O)Nc1ccc2c(c1)COC2=O)c1cc(F)ccc1O
CHEMBL1168,PR,,4.523,0,1,Inactive,censored,CCOC(=O)[C@H](CCc1ccccc1)N[C@@H](C)C(=O)N1[C@H](C(=O)O)C[C@@H]2CCC[C@@H]21
CHEMBL500938,PR,6.410,,1,0,Active,exact,CCCNC(=O)O[C@]1(C(=O)CO)[C@@H](C)C[C@H]2[C@@H]3CCC4=CC(=O)C=C[C@]4(C)[C@@]3(F)[C@@H](O)C[C@@]21C
CHEMBL3233273,PR,,5.699,0,1,,censored,CCC(C)(C)C(O)(Cc1cc2ccncc2[nH]1)CC(C)(C)c1cc(F)ccc1OC
CHEMBL436784,PR,,6.000,0,1,,censored,O=c1cc(C(F)(F)F)c2cc(N(CC(F)(F)F)CC(F)(F)F)ccc2[nH]1
CHEMBL3667040,PR,4.570,,1,0,Inactive,exact,C/C=C/C1=CC2=C(CO1)C(=O)[C@]1(C)OC(=O)[C@H](C(O)CCCCC)C1C2
CHEMBL35,PR,,4.523,0,2,Inactive,censored,NS(=O)(=O)c1cc(C(=O)O)c(NCc2ccco2)cc1Cl
CHEMBL220023,PR,,5.699,0,1,,censored,COc1ccc(F)cc1C(C)(C)CC(O)(Cn1cc(C)nc1C)C(F)(F)F
CHEMBL386916,PR,,5.699,0,1,,censored,COc1ccc(F)cc1C(C)(C)CC(O)(Cn1ccc(=O)c2cnccc21)C(F)(F)F
CHEMBL330527,PR,8.720,,2,0,Active,exact,CC1=CC(C)(C)Nc2cc3c(cc21)-c1cc(F)c([N+](=O)[O-])cc1C3
CHEMBL3315065,PR,5.630,,1,0,,exact,CC(C)(C(=O)NC(N)=O)[C@H]1c2ccccc2Oc2nc(-c3ccc(C(=O)N4CCCC4)cc3)ccc21
CHEMBL991,PR,,4.523,0,2,Inactive,censored,Cc1cn([C@H]2C=C[C@@H](CO)O2)c(=O)[nH]c1=O
CHEMBL429,PR,,4.523,0,1,Inactive,censored,CC(CCc1ccccc1)NCC(O)c1ccc(O)c(C(N)=O)c1
CHEMBL404640,PR,5.180,,1,0,,exact,COc1ccc(-c2cc(C)c3c(c2Cl)C(C)CC(C)(C)N3)c2[nH]ccc12
CHEMBL3930349,PR,6.000,,1,0,Active,exact,COc1ccc(S(=O)(=O)N(C)c2ccc(Oc3ccccc3)cc2)cc1
CHEMBL1645393,PR,,5.000,0,1,,censored,Cc1noc(C)c1S(=O)(=O)NCc1ccc(-c2ccccc2)cc1
CHEMBL1201046,PR,,4.523,0,1,Inactive,censored,NCc1ccccc1CC(=O)N[C@@H]1C(=O)N2C(C(=O)O)=C(CSc3nnnn3CC(=O)O)CS[C@H]12
CHEMBL1626,PR,,4.523,0,1,Inactive,censored,CN1CCC[C@@H]1CCO[C@](C)(c1ccccc1)c1ccc(Cl)cc1
CHEMBL483246,PR,7.550,,1,0,Active,exact,Cn1c(C#N)ccc1-c1ccc2c(c1)C(c1ccco1)(c1ccco1)OCC(=O)N2
CHEMBL3093461,PR,,5.000,0,1,,censored,CC[C@@H](Cn1ccc2ccccc21)NS(=O)(=O)c1c(N)cc(Cl)cc1Cl
CHEMBL239957,PR,9.400,,1,0,Active,exact,Cn1c(C#N)ccc1-c1ccc2[nH]c(=S)n(C3CCCC3)c2c1
CHEMBL3263764,PR,6.260,,1,0,Active,exact,CNC(=O)c1ccc(C2=NN(c3ccc(C#N)c(C)n3)[C@@H](C3CCCC3)C2)nc1OC
CHEMBL506297,PR,7.230,,1,0,Active,exact,CCC1(c2ccsc2)OCC(=O)Nc2ccc(-c3cc(F)cc(C#N)c3)cc21
CHEMBL141344,PR,,5.301,0,1,,censored,CCC1Oc2cccc(OC)c2-c2ccc3c(c21)C(C)=CC(C)(C)N3
CHEMBL6437,PR,,4.523,0,2,Inactive,censored,CN1CCN2c3ccccc3Cc3ccccc3C2C1
CHEMBL1625260,PR,,4.523,0,1,Inactive,censored,CCOC(=O)Nc1ccc2c(c1)N(C(=O)CN(C)C)c1ccccc1CC2
CHEMBL437765,PR,,4.523,0,1,Inactive,censored,CO[C@H]1/C=C/O[C@@]2(C)Oc3c(C)c(O)c4c(O)c(cc(O)c4c3C2=O)NC(=O)/C(C)=C\C=C\[C@H](C)[C@H](O)[C@@H](C)[C@@H](O)[C@@H](C)[C@H](OC(C)=O)[C@@H]1C
CHEMBL1762203,PR,6.240,,1,0,Active,exact,CC1(C)C/C(=N\OC(C)(C)C)c2c(cc(F)c(-c3cccc4c(Cl)c[nH]c34)c2F)N1
CHEMBL1094636,PR,,4.523,0,1,Inactive,censored,NC(=O)c1cccc2cn(-c3ccc([C@@H]4CCCNC4)cc3)nc12
CHEMBL420,PR,,4.523,0,1,Inactive,censored,N=C(N)N/N=C/c1c(Cl)cccc1Cl
CHEMBL1626223,PR,,4.523,0,1,Inactive,censored,CN1CCCN=C1/C=C/c1cccs1
CHEMBL2171906,PR,6.470,,1,0,Active,exact,Cn1c(=O)c2ccccc2c2cc(C(O)(C(F)(F)F)C(F)(F)F)ccc21
CHEMBL5416410,PR,,4.523,0,1,Inactive,censored,Cc1nc(Nc2ncc(C(=O)Nc3c(C)cccc3Cl)s2)cc(N2CCN(CCO)CC2)n1.O
CHEMBL263091,PR,7.660,,3,0,Active,exact,COc1ccc(F)cc1C(C)(C)CC(O)(C(=O)Nc1ccc2c(=O)onc(C)c2c1)C(F)(F)F
CHEMBL2419296,PR,6.400,,1,0,Active,exact,CC1C(c2ccc3c(c2)NC(=O)CO3)=C(c2ccc(F)cc2)C(=O)N1C1CC1
CHEMBL3421892,PR,9.700,,1,0,Active,exact,Cc1noc(=O)c2ccc(NC(=O)C(O)(CC3(c4cc(F)ccc4Cl)CCC3)C(F)(F)F)cc12
CHEMBL3658380,PR,7.290,,1,0,Active,exact,C[C@]12CCC3C4CCC(=O)C=C4CC(C4CC4)C3C1C1CC1[C@@]21CCC(=O)O1
CHEMBL657,PR,,4.523,0,2,Inactive,censored,CN(C)CCOC(c1ccccc1)c1ccccc1
CHEMBL1590,PR,,4.523,0,1,Inactive,censored,CN[C@@H](C)[C@@H](O)c1ccccc1
CHEMBL3692351,PR,8.280,,1,0,Active,exact,CC[C@]12CC[C@H]3[C@@H](CCC4=CC(=O)CC[C@@H]43)[C@@H]1CC[C@@]21C=CCO1
CHEMBL273658,PR,8.120,,1,0,Active,exact,C=CCC1Oc2ccc(O)c(Cl)c2-c2ccc3c(c21)C(C)=CC(C)(C)N3
CHEMBL42,PR,,4.523,0,2,Inactive,censored,CN1CCN(C2=Nc3cc(Cl)ccc3Nc3ccccc32)CC1
CHEMBL235536,PR,,5.848,0,1,,censored,COc1ccc(CC(O)(CC(C)(C)c2cc(F)ccc2OC)C(F)(F)F)cc1
CHEMBL276832,PR,,4.523,0,1,Inactive,censored,NNc1nncc2ccccc12
CHEMBL392500,PR,6.490,,1,0,Active,exact,COc1ccc(F)cc1C(C)(C)CC(O)(Cc1ccc(C#N)c2ccccc12)C(F)(F)F
CHEMBL589625,PR,7.600,,1,0,Active,exact,CCC(=O)N1CC[C@H](N(Cc2cc(Cl)ccc2Cl)c2ccc(C#N)c(Cl)c2)C1
CHEMBL1086312,PR,,5.000,0,1,,censored,N#Cc1cccc(-c2ccc3c(cnn3-c3ccc(F)cc3)c2)c1
CHEMBL305906,PR,5.340,,1,0,,exact,CCCCCCCCCCCCCCCC[n+]1ccccc1
CHEMBL486916,PR,6.970,,1,0,Active,exact,CCC1(c2cccs2)OCC(=O)Nc2ccc(-c3csc(C#N)c3)cc21
CHEMBL3093442,PR,5.460,,1,0,,exact,O=S(=O)(NC(Cc1c[nH]c2ccccc12)C(F)(F)F)c1c(Cl)cc(Cl)cc1Cl
CHEMBL3337726,PR,5.255,,2,0,,exact,Cc1nn(C)c(-c2ccc(F)cc2)c1-c1ccc2c(c1)NC(=O)CO2
CHEMBL1615777,PR,,4.523,0,1,Inactive,censored,N=C(N)NCc1cccc([123I])c1
CHEMBL551305,PR,7.600,,1,0,Active,exact,CC(C)CC(c1nnnn1C)N(Cc1ccccc1C(F)(F)F)c1ccc(C#N)c(Cl)c1
CHEMBL132256,PR,7.650,,1,0,Active,exact,CC1=CC(C)(C)Nc2ccc3c(c21)/C(=C/c1ccccc1Cl)Oc1ccc(F)cc1-3
CHEMBL384081,PR,6.800,,1,0,Active,exact,Cc1ccc(O)c(C(C)(C)CC(O)(Cn2ccc(=O)c3ccccc32)C(F)(F)F)c1
CHEMBL29292,PR,,4.523,0,1,Inactive,censored,CC(C)C[C@H](NC(=O)[C@@H](O)[C@H](N)Cc1ccccc1)C(=O)O
CHEMBL829,PR,,4.523,0,1,Inactive,censored,CC(CN(C)C)CN1c2ccccc2Sc2ccccc21
CHEMBL568893,PR,5.900,,1,0,,exact,Cc1c(C#N)c(N)nc2c3c(sc12)NC(=O)CC3c1c(F)cccc1Cl
CHEMBL2441096,PR,5.550,,1,0,,exact,O=C(Nc1ccc(Oc2ccccc2)cc1)c1ccccc1
CHEMBL596009,PR,,4.523,0,1,Inactive,censored,O=C(O)CCc1nc2ccccc2[nH]1
CHEMBL195021,PR,7.070,,1,0,Active,exact,CC(O)(CC(C)(C)c1ccccc1)C(=O)Nc1ccc2c(c1)COC2=O
CHEMBL539163,PR,9.300,,1,0,Active,exact,Cn1c(C#N)ccc1-c1ccc2c(c1)C(C)(C)OC(=S)N2
CHEMBL49966,PR,5.610,,1,1,,exact,CCOC1=CC(=O)C(Cc2ccc([N+](=O)[O-])cc2)C(C)(C)C1
CHEMBL328804,PR,7.010,,2,0,Active,exact,CC1=CC(C)(C)Nc2ccc3c(c21)Cc1cc([N+](=O)[O-])c(F)cc1-3
CHEMBL139631,PR,7.270,,1,0,Active,exact,COc1cccc(/C=C2\Oc3ccccc3-c3ccc4c(c32)C(C)=CC(C)(C)N4)c1
CHEMBL270714,PR,8.260,,1,0,Active,exact,Cn1c(C#N)ccc1-c1ccc2c(c1F)C(C)(C)C(=O)N2
CHEMBL228766,PR,6.000,,1,0,Active,exact,C=CCOC(CCc1ccccc1)C1=CC(C)(C)Nc2ccc(-c3ccccc3OC)cc21
CHEMBL1928881,PR,,5.000,0,1,,censored,Cc1cc(-c2ccc3c(c2)NC(=O)CO3)n(-c2ccccc2)n1
CHEMBL136322,PR,7.800,,1,0,Active,exact,CC1(C)OC(=O)Nc2ccc(-c3cc(F)cc(C#N)c3)cc21
CHEMBL23588,PR,,4.523,0,1,Inactive,censored,O=C(O)c1ccccc1Nc1cccc(C(F)(F)F)c1
CHEMBL1311,PR,,4.523,0,2,Inactive,censored,O=[N+]([O-])O[C@@H]1CO[C@H]2[C@@H]1OC[C@@H]2O
CHEMBL672,PR,,4.523,0,1,Inactive,censored,CC(C)OC(=O)C(C)(C)Oc1ccc(C(=O)c2ccc(Cl)cc2)cc1
CHEMBL3358929,PR,,5.699,0,1,,censored,Cc1ccc(F)cc1C(C)(C)CC(O)(Cc1cc2cc(N3CCOCC3)ncc2[nH]1)C(F)(F)F
CHEMBL3094475,PR,,5.000,0,1,,censored,CCC(Cc1cc(C)ccc1C)NS(=O)(=O)c1c(C)cc(C)cc1C
CHEMBL1911652,PR,5.900,,1,0,,exact,COc1ccc(F)cc1C(C)(C)CC(O)(Cc1cc2ccc(C)cc2[nH]1)C(F)(F)F
CHEMBL1561,PR,,4.523,0,1,Inactive,censored,OCCN1C[C@H](O)[C@@H](O)[C@H](O)[C@H]1CO
CHEMBL167844,PR,8.310,,1,0,Active,exact,CC1(C)OC(C(F)(F)F)Nc2ccc(-c3csc(C#N)c3)cc21
CHEMBL232452,PR,5.850,,1,0,,exact,Cc1cc(C)c(S(=O)(=O)NC(C)Cc2c[nH]c3ccccc23)c(C)c1
CHEMBL3126953,PR,,5.699,0,1,,censored,Cc1ccc(F)cc1C(C)(C)CC(O)(Cc1cc2ncncc2[nH]1)C(F)(F)F
CHEMBL1254995,PR,,5.699,0,1,,censored,COc1ccc(F)cc1C(C)(C)CC(O)(Cn1ccc2ccncc21)C(F)(F)F
CHEMBL101907,PR,9.060,,1,0,Active,exact,CC1=CC(C)(C)Nc2ccc3c(c21)C(c1cc(C)cc(Br)c1)Oc1ccccc1-3
CHEMBL600466,PR,7.500,,1,0,Active,exact,Cc1ccccc1CN(c1ccc(C#N)c(Cl)c1)[C@H]1CCN(C(=O)[C@H](C)O)C1
CHEMBL3622997,PR,6.785,,2,0,Active,exact,C[C@@H]1Cc2c([nH]c3ccccc23)[C@@H](c2ccc(Cl)cc2)N1C[C@H](C)C(=O)O
CHEMBL2096804,PR,8.770,,1,0,Active,exact,C#C[C@]1(O)CC[C@H]2[C@@H]3CCC4=CC(=O)CCC4=C3[C@@H](c3ccc(N(C)CCOCCO[C@@H]4CC[C@@]5(C)[C@@H](C4)C[C@@H](O)[C@@H]4[C@@H]5C[C@H](O)[C@]5(C)[C@@H]([C@H](C)CCC(=O)O)CC[C@@H]45)cc3)C[C@@]21C
CHEMBL50023,PR,6.625,,2,0,Active,exact,C=C1C=C(C)CC(C)(C)C1Cc1ccc([N+](=O)[O-])cc1
CHEMBL3912431,PR,6.020,,1,0,Active,exact,CN(c1ccc(Oc2ccccc2)cc1)S(=O)(=O)c1ccc(Cl)cc1
CHEMBL457241,PR,,5.000,0,1,,censored,CC#C[C@]1(O)C[C@H]2CCc3cc(O)ccc3[C@]2(CC)C[C@@H]1O
CHEMBL3358926,PR,6.000,,1,0,Active,exact,Cc1ccc(F)cc1C(C)(C)CC(O)(Cc1cc2cc(N)ncc2[nH]1)C(F)(F)F
CHEMBL1911270,PR,5.865,,2,0,,exact,CN(C)C(=O)c1ccc(-c2ccc3c(n2)Oc2ccccc2[C@@H]3C(C)(C)C(=O)Nc2nncs2)cc1
CHEMBL1619785,PR,,4.523,0,1,Inactive,censored,CC1(C)S[C@@H]2[C@H](NC(=O)[C@H](N)c3ccccc3)C(=O)N2[C@H]1C(=O)OC1OC(=O)c2ccccc21
CHEMBL1346,PR,,4.523,0,1,Inactive,censored,NC(=O)C(c1ccccc1)(c1ccccc1)[C@@H]1CCN(CCc2ccc3c(c2)CCO3)C1
CHEMBL802,PR,,4.523,0,1,Inactive,censored,Nc1cc(N2CCCCC2)nc(N)[n+]1[O-]
CHEMBL2103827,PR,,4.523,0,1,Inactive,censored,N[C@H](C(=O)O)[C@H](O)c1ccc(O)c(O)c1
CHEMBL138753,PR,,5.301,0,1,,censored,CNC(=O)CC1Oc2cccc(OC)c2-c2ccc3c(c21)C(C)=CC(C)(C)N3
CHEMBL522432,PR,8.785,,2,0,Active,exact,Cn1c(C#N)ccc1-c1ccc2c(c1)C(C)(c1ccsc1)OCC(=O)N2
CHEMBL3940435,PR,5.520,,1,0,,exact,O=S(=O)(c1ccc(Cl)cc1)N(Cc1ccccc1)c1ccc(Oc2ccccc2)cc1
CHEMBL799,PR,,4.523,0,1,Inactive,censored,O=C1CCc2cc(OCCCCc3nnnn3C3CCCCC3)ccc2N1
CHEMBL328506,PR,8.440,,2,0,Active,exact,CC1=CC(C)(C)Nc2cc3c(cc21)-c1ccc([N+](=O)[O-])cc1C3
CHEMBL3120318,PR,7.810,,1,0,Active,exact,CC/C(=C1/c2ccccc2COc2ccccc21)c1cccc(NS(C)(=O)=O)c1
CHEMBL3818341,PR,7.580,,1,0,Active,exact,COc1cc(NS(C)(=O)=O)cc(OC)c1Oc1ccc(C#N)c(Cl)c1
CHEMBL3605927,PR,5.400,,1,0,,exact,COc1cc(F)ccc1-c1c(Cc2ccccc2)[nH]c2c(NS(C)(=O)=O)cc(C(C)C)cc12
CHEMBL3580454,PR,,4.523,0,1,Inactive,censored,Cc1oc(=O)oc1COC(=O)[C@@H]1N2C(=O)[C@@H](NC(=O)[C@H](N)c3ccccc3)[C@H]2SC1(C)C
CHEMBL303293,PR,6.450,,3,1,Active,exact,COc1ccc2c(c1)OCc1c-2ccc2c1C(C)=CC(C)(C)N2
CHEMBL3263768,PR,6.170,,1,0,Active,exact,COc1nc(C2=NN(c3ccc(C#N)c(C)c3)[C@@H](C3CCCC3)C2)ccc1C(=O)Nc1nnn[nH]1
CHEMBL388017,PR,,5.699,0,1,,censored,COc1ccccc1-c1ccc2c(c1)C(C(C)OCCc1ccccc1Cl)=CC(C)(C)N2
CHEMBL1765172,PR,6.250,,1,0,Active,exact,CCCCn1c(=O)c2ccccc2c2cc(C(O)(C(F)(F)F)C(F)(F)F)cc(OC)c21
CHEMBL1731,PR,,4.523,0,1,Inactive,censored,CC1(C)S[C@@H]2[C@H](NC(=O)[C@H](NC(=O)N3CCN(S(C)(=O)=O)C3=O)c3ccccc3)C(=O)N2[C@H]1C(=O)O
CHEMBL248690,PR,5.780,,1,0,,exact,C[C@H](c1ccccc1)N(C)c1cc(C(F)(F)F)c(C#N)cn1
CHEMBL29,PR,,4.523,0,1,Inactive,censored,CC1(C)S[C@@H]2[C@H](NC(=O)Cc3ccccc3)C(=O)N2[C@H]1C(=O)O
CHEMBL1983350,PR,4.680,,1,0,Inactive,exact,CC(C)(C)C(O)/C=C/c1ccc2c(c1)OCO2
CHEMBL416411,PR,9.190,,8,0,Active,exact,CC1=CC(C)(C)Nc2ccc3c(c21)C(c1cccc(Cl)c1)Oc1ccc(F)cc1-3
CHEMBL373497,PR,7.320,,1,0,Active,exact,CC(C)(CC(O)(Cn1ccc(=O)c2ccccc21)C(F)(F)F)c1cccc2c1OCC2
CHEMBL4297364,PR,,4.523,0,1,Inactive,censored,CC[N+]1(C)[C@@H]2CC(OC(=O)[C@H](CO)c3ccccc3)C[C@H]1[C@@H]1O[C@@H]12
CHEMBL2364612,PR,,4.523,0,1,Inactive,censored,O=C(CCC/C=C\C[C@@H]1[C@@H](CC[C@@H](O)CCc2ccccc2)[C@H](O)C[C@@H]1O)OCCCCO[N+](=O)[O-]
CHEMBL3352882,PR,,5.699,0,1,,censored,CC(C)(CC(O)(Cc1cc2cc(N3CCOCC3)ncc2[nH]1)C(F)(F)F)c1ccccc1C(N)=O
CHEMBL323324,PR,8.280,,1,0,Active,exact,CC1=CC(C)(C)Nc2ccc3c(c21)C(c1ccc(F)cc1)Oc1ccccc1-3
CHEMBL4,PR,,4.523,0,1,Inactive,censored,CC1COc2c(N3CCN(C)CC3)c(F)cc3c(=O)c(C(=O)O)cn1c23
CHEMBL235060,PR,,5.699,0,1,,censored,COc1ccc(F)cc1C(C)(C)CC(O)(Cc1ccc(C)cc1)C(F)(F)F
CHEMBL3315052,PR,6.570,,1,0,Active,exact,CC(=O)NC(=O)C(C)(C)[C@@H]1c2ccc(-c3ccc(C(=O)N4CCOCC4)cc3)nc2Oc2c(F)cccc21
CHEMBL1672545,PR,9.100,,1,0,Active,exact,CC(C)n1cc(-c2ccc(C#N)cc2)c2ccc(NS(C)(=O)=O)cc21
CHEMBL46469,PR,,4.523,0,1,Inactive,censored,O=C1c2c(O)cccc2Cc2cccc(O)c21
CHEMBL1164338,PR,7.290,,1,0,Active,exact,O=C(CC(Nc1ccc([N+](=O)[O-])cc1)C1CCCCC1)c1ccc(C2CCCCC2)cc1
CHEMBL1084388,PR,5.600,,1,0,,exact,Fc1ccc(-n2ncc3cc(-c4ccccc4C(F)(F)F)ccc32)cc1
CHEMBL3695607,PR,6.300,,1,0,Active,exact,CC[C@]12CC[C@H]3[C@@H]([C@H](C4CC4)CC4=CC(=O)CC[C@@H]43)[C@@H]1CC[C@@]21C=CC(=O)O1
CHEMBL4303443,PR,,4.523,0,1,Inactive,censored,CO/N=C(\C(=O)N[C@@H]1C(=O)N2C(C(=O)OCOC(=O)C(C)(C)C)=C(C)CS[C@H]12)c1csc(N)n1
CHEMBL2105922,PR,,4.523,0,1,Inactive,censored,CC(=O)NCCCCCC(=O)O
CHEMBL566982,PR,6.650,,1,0,Active,exact,Cc1cccc(-c2ccc3c(c2)C(C)(C)CC3=O)c1
CHEMBL3263766,PR,5.610,,1,0,,exact,COc1nc(C2=NN(c3ccc(C#N)c(C)c3)[C@@H](C3CCCC3)C2)ccc1C(=O)NS(C)(=O)=O
CHEMBL79807,PR,,6.000,0,1,,censored,C[C@]12Cc3cnn(-c4ccc(F)cc4)c3C=C1CCC[C@@H]2[C@@H](O)c1ccc(F)cc1
CHEMBL578556,PR,8.000,,1,0,Active,exact,Cn1c(C#N)ccc1-c1ccc2c(c1)CCC2O
CHEMBL1193,PR,,4.523,0,1,Inactive,censored,CN(C)CCC(c1ccccc1)c1ccccn1
CHEMBL981,PR,,4.523,0,1,Inactive,censored,CC(C)(Oc1ccc(C(=O)c2ccc(Cl)cc2)cc1)C(=O)O
CHEMBL1086071,PR,,5.000,0,1,,censored,Fc1ccc(-n2ncc3cc(-c4ccc(C(F)(F)F)cc4)ccc32)cc1
CHEMBL1201182,PR,,4.523,0,1,Inactive,censored,CO[C@H]1C[C@@H]2CC[C@@H](C)[C@@](O)(O2)C(=O)C(=O)N2CCCC[C@H]2C(=O)O[C@H]([C@H](C)C[C@@H]2CC[C@@H](OC(=O)C(C)(CO)CO)[C@H](OC)C2)CC(=O)[C@H](C)/C=C(\C)[C@@H](O)[C@@H](OC)C(=O)[C@H](C)C[C@H](C)/C=C/C=C/C=C/1C
CHEMBL3695605,PR,6.170,,1,0,Active,exact,CC[C@@H]1CC2=CC(=O)CC[C@@H]2[C@H]2CC[C@@]3(CC)[C@@H](CC[C@@]34C=CC(=O)O4)[C@H]12
CHEMBL3952612,PR,6.350,,1,0,Active,exact,O=S(=O)(Nc1ccc(Cc2ccccc2)cc1)c1cccc(Cl)c1
CHEMBL1520,PR,,4.523,0,1,Inactive,censored,CCCc1nc(C)c2c(=O)nc(-c3cc(S(=O)(=O)N4CCN(CC)CC4)ccc3OCC)[nH]n12
CHEMBL392289,PR,5.750,,1,0,,exact,COc1ccc(F)cc1C(C)(C)CC(O)(Cc1ccc(C=O)cc1Cl)C(F)(F)F
CHEMBL2111100,PR,5.060,,1,0,,exact,CCCCCCCCCCCCCCCC(=O)OC[C@H](COP(=O)(O)OCCNC(=O)[C@H](C)NC(=O)CC[C@@H](NC(=O)[C@H](C)NC(=O)[C@@H](C)O[C@H]1[C@H](O)[C@@H](CO)OC(O)[C@@H]1NC(C)=O)C(N)=O)OC(=O)CCCCCCCCCCCCCCC
CHEMBL104347,PR,8.890,,1,0,Active,exact,CC1=CC(C)(C)Nc2ccc3c(c21)C(c1ccc(F)c(C)c1)Oc1ccc(Cl)cc1-3
CHEMBL1801005,PR,6.840,,1,0,Active,exact,CC(C)(C(=O)Nc1nccs1)[C@@H](c1ccccc1)c1ccc(O)c(C#N)c1
CHEMBL3914142,PR,5.940,,1,0,,exact,C[C@H](NS(=O)(=O)C1CC1)[C@H](Oc1ccc2c(cnn2-c2ccc(F)cc2)c1)c1ccccc1
CHEMBL3666814,PR,,5.000,0,1,,censored,C[C@H](NC(=O)C(C)(F)F)[C@H](Oc1ccc2c(cnn2-c2cccc(C(=O)NCc3cccnc3)c2)c1)c1ccc2c(c1)OCOC2
CHEMBL4297626,PR,,4.523,0,1,Inactive,censored,Cn1nc(C(=O)N(Cc2ccccc2)Cc2ccc(C(=O)O)cc2)c2c1-c1cc(Cl)ccc1OC2
CHEMBL128,PR,,4.523,0,1,Inactive,censored,CNS(=O)(=O)Cc1ccc2[nH]cc(CCN(C)C)c2c1
CHEMBL333484,PR,7.290,,1,0,Active,exact,N#Cc1cc(F)cc(-c2ccc3c(c2)C2(CCCCC2)C(=O)N3)c1
CHEMBL1025,PR,,4.523,0,1,Inactive,censored,CC(C)OP(=O)(F)OC(C)C
CHEMBL643,PR,,4.523,0,2,Inactive,censored,CC(CN1c2ccccc2Sc2ccccc21)N(C)C
CHEMBL5934274,PR,7.890,,1,0,Active,exact,COc1cc(Cc2ccc([C@@H]3O[C@@H]4C[C@H]5[C@@H]6C[C@H](F)C7=CC(=O)C=C[C@]7(C)[C@@]6(F)[C@@H](O)C[C@]5(C)[C@]4(C(=O)CO)O3)cc2)ccc1N
CHEMBL1085109,PR,,5.000,0,1,,censored,Cc1ccc(-c2ccc3c(cnn3-c3ccc(F)cc3)c2)cc1
CHEMBL75435,PR,,4.523,0,1,Inactive,censored,C[C@H](C(=O)O)c1cccc(C(=O)c2ccccc2)c1
CHEMBL2235632,PR,7.550,,1,0,Active,exact,Sc1nc2ccc(-n3ccnc3)cc2n1C1CCCC1
CHEMBL196373,PR,6.680,,1,0,Active,exact,CC(C)C(O)(CC(C)(C)c1ccccc1)C(=O)Nc1ccc2c(c1)COC2=O
CHEMBL452231,PR,,4.523,0,1,Inactive,censored,COc1cc([C@@H]2c3cc4c(cc3[C@@H](O[C@@H]3O[C@@H]5CO[C@@H](c6cccs6)O[C@H]5[C@H](O)[C@H]3O)[C@H]3COC(=O)[C@H]23)OCO4)cc(OC)c1O
CHEMBL134,PR,,4.523,0,1,Inactive,censored,Clc1cccc(Cl)c1NC1=NCCN1
CHEMBL235280,PR,5.920,,1,0,,exact,COc1ccc(F)cc1C(C)(C)CC(O)(Cc1ccc(C)c2ccccc12)C(F)(F)F
CHEMBL103468,PR,7.880,,1,0,Active,exact,COc1ccc(C2Oc3ccccc3-c3ccc4c(c32)C(C)=CC(C)(C)N4)cc1
CHEMBL1089,PR,,4.523,0,1,Inactive,censored,NNCCc1ccccc1
CHEMBL563341,PR,7.820,,1,0,Active,exact,CN1CC[C@@H](N(Cc2ccccc2C(F)(F)F)c2ccc(C#N)c(Cl)c2)C1
CHEMBL27769,PR,5.115,,2,0,,exact,C[C@]12CCC(=O)C[C@@H]1CC[C@@H]1[C@@H]2CC[C@]2(C)[C@@H](O)CC[C@@H]12
CHEMBL1200737,PR,,4.523,0,1,Inactive,censored,CCCCCCCCCCCCCCCC(=O)OC[C@H](COP(=O)([O-])OCC[N+](C)(C)C)OC(=O)CCCCCCCCCCCCCCC
CHEMBL3695606,PR,6.350,,1,0,Active,exact,C=C[C@@H]1CC2=CC(=O)CC[C@@H]2[C@H]2CC[C@@]3(CC)[C@@H](CC[C@@]34C=CC(=O)O4)[C@@H]21
CHEMBL314437,PR,,4.523,0,1,Inactive,censored,CCC1(c2cccc(O)c2)CCCCN(C)C1
CHEMBL269671,PR,,4.523,0,1,Inactive,censored,C[C@@H]1CC[C@H]2[C@@H](C)C(=O)O[C@@H]3O[C@@]4(C)CC[C@@H]1[C@]32OO4
CHEMBL488351,PR,6.440,,1,0,Active,exact,CC(C)C1(c2cccs2)OCC(=O)Nc2ccc(-c3ccc(F)c(Cl)c3)cc21
CHEMBL277474,PR,,4.523,0,1,Inactive,censored,Cc1cc(=O)n(-c2ccccc2)n1C
CHEMBL515,PR,,4.523,0,1,Inactive,censored,O=C(O)CCCc1ccc(N(CCCl)CCCl)cc1
CHEMBL1254994,PR,6.700,,1,0,Active,exact,COc1ccc(F)cc1C(C)(C)CC(O)(Cn1ccc2ncccc21)C(F)(F)F
CHEMBL1091940,PR,5.600,,1,0,,exact,CCCCCCn1c(=O)c2ccccc2c2cc(C(O)(C(F)(F)F)C(F)(F)F)ccc21
CHEMBL53549,PR,7.000,,2,0,Active,exact,C=C1C[C@H](C)CC(C)(C)[C@@H]1Cc1cc(OC)c(Br)cc1O
CHEMBL78807,PR,,5.000,0,1,,censored,COc1ccc2c(c1)CCC1=CC(=O)CC[C@]12Cc1ccccc1
CHEMBL592532,PR,7.800,,1,0,Active,exact,CCC(=O)N1CC[C@H](N(Cc2ccccc2C)c2ccc(C#N)c(Cl)c2)C1
CHEMBL510305,PR,8.320,,1,0,Active,exact,CC1=CC(C)(C)Nc2ccc3c(c21)[C@H]([C@@H]1C=CCCC1)Oc1c(F)cc(F)cc1-3
CHEMBL65021,PR,5.470,,1,0,,exact,COc1cccc2c1-c1ccc(NS(C)(=O)=O)cc1C(c1ccccc1)O2
CHEMBL65014,PR,8.510,,2,0,Active,exact,CCC/C=C1\Oc2ccc(F)cc2-c2ccc3c(c21)C(C)=CC(C)(C)N3
CHEMBL227783,PR,5.280,,1,0,,exact,O=c1cc(C(F)(F)F)c2cc3c(cc2[nH]1)OCCN3CC(F)(F)F
CHEMBL574354,PR,6.310,,1,0,Active,exact,CC1(C)C/C(=N\O)c2ccc(-c3cccc(Cl)c3)cc21
CHEMBL3397778,PR,7.280,,1,0,Active,exact,N#Cc1ccc(C23CC4CC(C2)CC(c2ccc([N+](=O)[O-])cc2)(C4)C3)cc1
CHEMBL5833959,PR,7.870,,1,0,Active,exact,C[C@]12C=CC(=O)C=C1[C@@H](F)C[C@H]1[C@@H]3C[C@H]4O[C@@H](c5ccc(Oc6ccc(N)cc6)c(O)c5)O[C@@]4(C(=O)CO)[C@@]3(C)C[C@H](O)[C@@]12F
CHEMBL7843,PR,6.700,,1,0,Active,exact,C=CCC1Oc2ccc(C(=O)OC)c(OC)c2-c2ccc3c(c21)C(C)=CC(C)(C)N3
CHEMBL1650818,PR,,4.523,0,1,Inactive,censored,CC(C)(C)C(=O)OCOC(=O)[C@@H]1N2C(=O)[C@@H](/N=C/N3CCCCCC3)[C@H]2SC1(C)C
CHEMBL427554,PR,7.230,,1,0,Active,exact,CC(C)(CC(O)(CCc1ccccc1)C(=O)Nc1ccc2c(c1)COC2=O)c1ccccc1
CHEMBL1200853,PR,8.020,,1,0,Active,exact,CC(=O)[C@H]1CC[C@H]2[C@@H]3C=CC4=CC(=O)CC[C@@]4(C)[C@@H]3CC[C@]12C
CHEMBL570,PR,,4.523,0,1,Inactive,censored,CN(C)CCCN1c2ccccc2Sc2ccc(C(F)(F)F)cc21
CHEMBL3893393,PR,6.100,,1,0,Active,exact,CCSC[C@@](O)([C@@H](Nc1cccc2nc(C)ccc12)c1ccc(OC)c(F)c1Cl)C(F)(F)F
CHEMBL197101,PR,7.460,,1,0,Active,exact,COc1ccc(F)cc1C(C)(C)CC(O)(Cc1ccccc1)C(=O)Nc1ccc2c(c1)COC2=O
CHEMBL3358939,PR,,5.699,0,1,,censored,CC(C)(CC(O)(Cc1cc2cc(N3CCOCC3)ncc2[nH]1)C(F)(F)F)c1cccc(C(N)=O)c1
CHEMBL235688,PR,,5.699,0,1,,censored,COc1ccc(F)cc1C(C)(C)CC(O)(Cc1c(Cl)cccc1Cl)C(F)(F)F
CHEMBL451821,PR,,4.523,0,1,Inactive,censored,CN[C@@H](C(=O)N(C)[C@H]1CC[C@@]2(C)C(=CC[C@H]3[C@@H]4CC[C@@H]5[C@H](C)N(C)C[C@@]54CC[C@@H]32)C1)C(C)C
CHEMBL1929040,PR,5.750,,1,0,,exact,Cc1cc(F)ccc1-n1nc(C(F)(F)F)cc1-c1cc(F)c2c(c1)NC(=O)CO2
CHEMBL244537,PR,5.640,,1,0,,exact,COc1c(O)ccc2c1-c1ccc3c(c1/C(=C/c1sccc1C(C)O)O2)C(C)=CC(C)(C)N3
CHEMBL267940,PR,6.360,,1,0,Active,exact,C=CCC1Oc2cccc(C=C)c2-c2ccc3c(c21)C(C)=CC(C)(C)N3
CHEMBL552156,PR,7.500,,1,0,Active,exact,CC(C)C(c1nncn1C)N(Cc1ccccc1Cl)c1ccc(C#N)c(Cl)c1
CHEMBL5744083,PR,7.030,,1,0,Active,exact,C[C@H](c1ccc(N)cc1)c1ccc([C@@H]2O[C@@H]3C[C@H]4[C@@H]5C[C@H](F)C6=CC(=O)C=C[C@]6(C)[C@@]5(F)[C@@H](O)C[C@]4(C)[C@]3(C(=O)CO)O2)cc1
CHEMBL5766322,PR,7.870,,1,0,Active,exact,C[C@]12C=CC(=O)C=C1CC[C@H]1[C@@H]3C[C@H]4O[C@@H](c5ccc(Sc6cccc(N)c6)cc5)O[C@@]4(C(=O)CO)[C@@]3(C)C[C@H](O)[C@@]12F
CHEMBL34882,PR,8.200,,1,0,Active,exact,CC1CC(C)(C)Nc2ccc3c(c21)/C(=C/c1cccc(F)c1)Oc1ccccc1-3
CHEMBL1641638,PR,6.700,,1,0,Active,exact,COc1ccc(F)cc1-c1ccc([C@@H](C)NS(=O)(=O)c2c(C)noc2C)cc1
CHEMBL516,PR,,4.523,0,1,Inactive,censored,CN1CCC(=C2c3ccccc3C=Cc3ccccc32)CC1
CHEMBL122,PR,,4.523,0,2,Inactive,censored,CS(=O)(=O)c1ccc(C2=C(c3ccccc3)C(=O)OC2)cc1
CHEMBL3578274,PR,5.500,,1,0,,exact,C[C@H](c1ccc(F)cc1)N1C(=O)O[C@](Cc2ccccc2)(c2nc3cc(C(F)(F)F)ccc3[nH]2)C1=O
CHEMBL1163597,PR,7.640,,1,0,Active,exact,O=C(CC(Nc1ccc([N+](=O)[O-])cc1)c1cccc(F)c1)c1cccc(Cl)c1
CHEMBL286158,PR,6.910,,1,0,Active,exact,C[C@H]1C(=O)C(C)(C)Nc2ccc3c(c21)[C@H](c1cccc(C(F)(F)F)c1)Oc1ccccc1-3
CHEMBL328669,PR,,5.000,0,1,,censored,CC1=CC(C)(C)Nc2cc3c(c(F)c21)-c1ccc(F)cc1C3(C)O
CHEMBL49873,PR,,5.301,0,1,,censored,COc1cccc2c1-c1ccc3c(c1[C@@H]([C@H]1C=C(C)CCC1)O2)C(C)=CC(C)(C)N3
CHEMBL1521495,PR,4.830,,1,0,Inactive,exact,O=C1CN=C(c2ccccc2)c2c(sc3c2CCCC3)N1
CHEMBL894,PR,,4.523,0,1,Inactive,censored,CC(NC(C)(C)C)C(=O)c1cccc(Cl)c1
CHEMBL511812,PR,6.120,,1,0,Active,exact,CC[C@@]12C[C@H](O)[C@](O)(c3ccccc3)C[C@H]1CCc1cc(O)ccc12
CHEMBL3093451,PR,5.700,,1,0,,exact,Cc1cc(C)c(S(=O)(=O)NC(Cc2c[nH]c3cc(C#N)ccc23)C(F)(F)F)c(C)c1
CHEMBL550538,PR,6.800,,1,0,Active,exact,CN1CC[C@H](N(Cc2cccc(Cl)c2)c2ccc(C#N)c(Cl)c2)C1
CHEMBL94183,PR,,6.000,0,1,,censored,CC1=CC(C)(C)Nc2ccc3c([nH]c4ccccc43)c21
CHEMBL164695,PR,8.140,,1,0,Active,exact,CC1Nc2ccc(-c3cc(F)cc(C#N)c3)cc2C(C)(C)O1
CHEMBL3937217,PR,4.800,,1,0,Inactive,exact,N#CCn1c(C#N)ccc1-c1ccc2oc(=O)ccc2c1
CHEMBL1911151,PR,6.540,,1,0,Active,exact,CCCc1ccc(-c2ccc3c(n2)Oc2ccccc2[C@H]3C(C)(C)C(=O)Nc2nncs2)cc1
CHEMBL3233274,PR,,5.699,0,1,,censored,COc1ccc(F)cc1C(C)(C)CC(O)(Cc1cc2ccncc2[nH]1)C1CC1
CHEMBL114655,PR,,4.523,0,1,Inactive,censored,CC(CCc1ccccc1)NC(C)C(O)c1ccc(O)cc1
CHEMBL279597,PR,,4.523,0,1,Inactive,censored,C[C@H](N)C(=O)O
CHEMBL3927163,PR,7.400,,3,0,Active,exact,O=S(=O)(Nc1ccc(Oc2ccccc2)cc1)c1cccc(C(F)(F)F)c1
CHEMBL3358947,PR,,5.699,0,1,,censored,CC(C)(CC(O)(Cc1cc2cc(S(C)(=O)=O)ncc2[nH]1)C(F)(F)F)c1ccc(Cl)cc1C(N)=O
CHEMBL343135,PR,,5.301,0,1,,censored,COc1cccc2c1-c1ccc3c(c1C(Cc1ccccc1)O2)C(C)=CC(C)(C)N3
CHEMBL1483,PR,,4.523,0,1,Inactive,censored,CCCSc1ccc2[nH]c(NC(=O)OC)nc2c1
CHEMBL322485,PR,9.470,,1,0,Active,exact,CC1=CC(C)(C)Nc2ccc3c(c21)C(c1cccc(F)c1)Oc1ccc(Cl)cc1-3
CHEMBL386915,PR,6.190,,1,0,Active,exact,COc1ccc(F)cc1C(C)(C)CC(O)(CN1CCOc2ccccc21)C(F)(F)F
CHEMBL1645403,PR,,5.000,0,1,,censored,COc1ncc(C#N)cc1-c1ccc([C@@H](C)NS(=O)(=O)c2cn(C)nc2C(F)(F)F)cc1
CHEMBL219973,PR,6.020,,1,0,Active,exact,CC(C)(CC(O)(Cn1ccc(=O)c2ccccc21)C(F)(F)F)c1cc(F)ccc1O
CHEMBL197100,PR,7.100,,1,0,Active,exact,COc1ccc(F)cc1C(C)(C)CC(O)(CNc1ccc2c(c1)COC2=O)Cc1ccccc1
CHEMBL1672546,PR,8.840,,1,0,Active,exact,COc1cc(-c2cn(C(C)C)c3cc(NS(C)(=O)=O)ccc23)ccc1C#N
CHEMBL321584,PR,7.970,,1,0,Active,exact,CC1=CC(C)(C)Nc2ccc3c(c21)C(c1ccc(C(F)(F)F)cc1)Oc1ccccc1-3
CHEMBL113098,PR,8.220,,1,0,Active,exact,CCCOC1Oc2ccc(F)cc2-c2ccc3c(c21)C(C)=CC(C)(C)N3
CHEMBL1165483,PR,7.970,,1,0,Active,exact,COc1ccc(C(=O)CC(Nc2ccc([N+](=O)[O-])cc2)C2CCCCC2)cc1
CHEMBL1201291,PR,,4.523,0,1,Inactive,censored,CNC(=O)c1c(I)c(C(=O)NCC(=O)Nc2c(I)c(C(=O)O)c(I)c(C(=O)NCCO)c2I)c(I)c(N(C)C(C)=O)c1I
CHEMBL24072,PR,,4.523,0,1,Inactive,censored,CC(Cc1ccccc1)NCCC(c1ccccc1)c1ccccc1
CHEMBL36076,PR,7.040,,1,0,Active,exact,C[C@@H]1CC(C)(C)Nc2ccc3c(c21)[C@H](c1ccc(Cl)cc1)Oc1ccccc1-3
CHEMBL166444,PR,9.310,,1,0,Active,exact,C[C@]1(O)CC[C@H]2[C@@H]3CCC4=CC(=O)CCC4=C3C=C[C@@]21C
CHEMBL715,PR,,4.523,0,1,Inactive,censored,Cc1cc2c(s1)Nc1ccccc1N=C2N1CCN(C)CC1
CHEMBL444633,PR,,4.523,0,1,Inactive,censored,CO[C@H]1/C=C/O[C@@]2(C)Oc3c(C)c(O)c4c(c3C2=O)C2=NC3(CCN(CC(C)C)CC3)NC2=C(NC(=O)/C(C)=C\C=C\[C@H](C)[C@H](O)[C@@H](C)[C@@H](O)[C@@H](C)[C@H](OC(C)=O)[C@@H]1C)C4=O
CHEMBL310555,PR,,4.523,0,1,Inactive,censored,Oc1cccc2cccnc12
CHEMBL34015,PR,7.670,,1,0,Active,exact,C[C@H]1C(=O)C(C)(C)Nc2ccc3c(c21)[C@H](c1ccc(Cl)cc1)Oc1ccccc1-3
CHEMBL17157,PR,,4.523,0,2,Inactive,censored,CC(C)(C)c1ccc(C(O)CCCN2CCC(C(O)(c3ccccc3)c3ccccc3)CC2)cc1
CHEMBL865,PR,,4.523,0,2,Inactive,censored,Cc1onc(-c2ccccc2)c1-c1ccc(S(N)(=O)=O)cc1
CHEMBL419633,PR,5.120,,1,0,,exact,Cc1c(NS(C)(=O)=O)cccc1N(Cc1ccccc1)Cc1ccccc1
CHEMBL1911549,PR,,5.699,0,1,,censored,COc1ccc(F)cc1C(C)(C)CC(O)(Cc1cc2c(C(F)(F)F)cccc2[nH]1)C(F)(F)F
CHEMBL569354,PR,5.200,,1,0,,exact,Cc1c(C#N)c(N)nc2c3c(sc12)NC(=O)C[C@H]3c1ccccc1Cl
CHEMBL1096562,PR,,4.523,0,1,Inactive,censored,COC(=O)CCC(=O)CN
CHEMBL3975017,PR,6.360,,1,0,Active,exact,Cc1ccc(-c2ccc3oc(=O)ccc3c2)s1
CHEMBL384975,PR,8.460,,1,0,Active,exact,C#C[C@]1(O)CC[C@H]2[C@@H]3CCC4=CC(=O)CCC4=C3[C@@H](c3ccc(N(C)CCNC(=O)N(C)C4CC[C@@]5(C)[C@@H](C4)C[C@@H](O)[C@@H]4[C@@H]5C[C@H](O)[C@]5(C)[C@@H]([C@H](C)CCC(=O)O)CC[C@@H]45)cc3)C[C@@]21C
CHEMBL141,PR,,4.523,0,2,Inactive,censored,Nc1ccn([C@@H]2CS[C@H](CO)O2)c(=O)n1
CHEMBL1423,PR,4.820,,1,1,Inactive,exact,O=c1[nH]c2ccccc2n1C1CCN(CCCC(c2ccc(F)cc2)c2ccc(F)cc2)CC1
CHEMBL22242,PR,,4.523,0,1,Inactive,censored,CCN1CCC[C@H]1CNC(=O)c1c(OC)ccc(Br)c1OC
CHEMBL1412614,PR,,4.523,0,1,Inactive,censored,N=c1ccn2c(n1)O[C@H]1[C@H](O)[C@@H](CO)O[C@H]12
CHEMBL132950,PR,6.600,,2,0,Active,exact,CC1=CC(C)(C)Nc2ccc(-c3cc(Br)c(C#N)s3)cc21
CHEMBL291747,PR,,4.523,0,1,Inactive,censored,C[C@@H](O)[C@H](N)C(=O)O
CHEMBL335996,PR,8.420,,1,0,Active,exact,COc1ccccc1/C=C1\Oc2ccc(F)cc2-c2ccc3c(c21)C(C)=CC(C)(C)N3
CHEMBL57,PR,,4.523,0,1,Inactive,censored,Cc1ccnc2c1NC(=O)c1cccnc1N2C1CC1
CHEMBL364924,PR,7.000,,1,0,Active,exact,O=S(=O)(c1ccc(Cl)cc1)N1CC(c2ccccc2)C(c2ccc(Cl)c(Cl)c2)=N1
CHEMBL65689,PR,,7.000,0,1,,censored,CC1=CC(C)(C)Nc2ccc3c(c21)/C(=C/C=O)Oc1ccc(F)cc1-3
CHEMBL5982655,PR,7.980,,1,0,Active,exact,C[C@]12C=CC(=O)C=C1[C@@H](F)C[C@H]1[C@@H]3C[C@H]4O[C@@H](c5ccc(Sc6cccc(N)c6)cc5)O[C@@]4(C(=O)CO)[C@@]3(C)C[C@H](O)[C@@]12F
CHEMBL196237,PR,6.480,,1,0,Active,exact,CC(C)(C)c1ccc(CC(O)(CC(C)(C)c2ccccc2)C(=O)Nc2ccc3c(c2)COC3=O)cc1
CHEMBL3337822,PR,,5.000,0,2,,censored,Cc1nn(Cc2ccncc2)c(-c2ccc(F)cc2)c1-c1ccc2c(c1)NC(=O)CO2
CHEMBL1911648,PR,,5.699,0,1,,censored,COc1ccc(F)cc1C(C)(C)CC(O)(Cc1cc2cc(C(F)(F)F)ccc2[nH]1)C(F)(F)F
CHEMBL560489,PR,7.600,,1,0,Active,exact,COCCN1CC[C@H](N(Cc2ccccc2Cl)c2ccc(C#N)c(Cl)c2)C1
CHEMBL1835833,PR,5.000,,1,0,,exact,O=c1ccc2cc(-c3cccs3)ccc2o1
CHEMBL3695600,PR,6.120,,1,0,Active,exact,C=C[C@@H]1CC2=CC(=O)CC[C@@H]2[C@H]2CC[C@@]3(C)[C@@H](CC[C@@]34C=CC(=O)O4)[C@@H]21
CHEMBL48358,PR,6.460,,2,0,Active,exact,C=C1C=CCC(C)(C)C1Cc1cc(OC)c(Br)cc1O
CHEMBL623,PR,,4.523,0,1,Inactive,censored,CCc1nn(CCCN2CCN(c3cccc(Cl)c3)CC2)c(=O)n1CCOc1ccccc1
CHEMBL3605933,PR,7.070,,1,0,Active,exact,COc1ccccc1-c1c[nH]c2c(NS(C)(=O)=O)cccc12
CHEMBL219207,PR,6.470,,1,0,Active,exact,CC(C)(CC(O)(Cn1ccc(=O)c2ccccc21)C(F)(F)F)c1ccc(F)cc1O
CHEMBL3326454,PR,6.160,,1,0,Active,exact,CO[C@@H]1C(c2ccc(C#N)c(Cl)c2C)=NN2CC[C@H](O)[C@@H]12
CHEMBL1727,PR,,4.523,0,1,Inactive,censored,CC1=C(C(=O)O)N2C(=O)[C@@H](NC(=O)[C@H](N)c3ccccc3)[C@H]2SC1
CHEMBL144068,PR,6.390,,2,0,Active,exact,O=C(c1ccc(Cl)c(Cl)c1)N1CCCC(c2ccc(Cl)cc2)=N1
CHEMBL1449,PR,,4.523,0,1,Inactive,censored,CC1(C)S[C@@H]2[C@H](NC(=O)[C@H](C(=O)O)c3ccsc3)C(=O)N2[C@H]1C(=O)O
CHEMBL1911656,PR,6.590,,1,0,Active,exact,CC(C)(CC(O)(Cc1cc2ccccc2[nH]1)C(F)(F)F)c1cc(F)cc2c1OCC2
CHEMBL1630575,PR,5.240,,1,0,,exact,CC[C@H](C)C[C@H](C)CCCCCCCCC(=O)N[C@H]1C[C@@H](O)[C@@H](NCCN)NC(=O)[C@@H]2[C@@H](O)CCN2C(=O)[C@H]([C@H](O)CCN)NC(=O)[C@H]([C@H](O)[C@@H](O)c2ccc(O)cc2)NC(=O)[C@@H]2C[C@@H](O)CN2C(=O)[C@H]([C@@H](C)O)NC1=O
CHEMBL4297215,PR,,4.523,0,1,Inactive,censored,O=C1c2c(O)c(=O)ccn2N([C@@H]2c3ccccc3SCc3c2ccc(F)c3F)[C@@H]2COCCN12
CHEMBL4098118,PR,,6.000,0,1,,censored,Cc1ccc2c(N[C@H]3c4ccc(F)c(O)c4[C@H](C)C[C@]3(O)C(F)(F)F)cccc2n1
CHEMBL92354,PR,5.910,,2,1,,exact,Cn1c(O)nc2ccc(-c3cccc([N+](=O)[O-])c3)cc21
CHEMBL63768,PR,5.000,,1,0,,exact,COc1cccc2c1-c1ccc(NS(C)(=O)=O)c(Br)c1C(c1ccccc1)O2
CHEMBL1164339,PR,7.000,,1,0,Active,exact,Cc1ccc(C(=O)CC(Nc2cccc([N+](=O)[O-])c2)c2cccc(F)c2)cc1
CHEMBL1172,PR,,4.523,0,2,Inactive,censored,Clc1ccc2c(c1)CCc1cccnc1C2=C1CCNCC1
CHEMBL1289,PR,,4.523,0,1,Inactive,censored,Clc1cc(Cl)c(OCC#CI)cc1Cl
CHEMBL285347,PR,,4.523,0,1,Inactive,censored,C[C@@H](O)[C@H]1C(=O)N2C(C(=O)[O-])=C(SC3Cn4cnc[n+]4C3)[C@H](C)[C@H]12
CHEMBL380417,PR,,5.699,0,1,,censored,C=CCSCC1=CC(C)(C)Nc2ccc(-c3ccc(OC)cc3)cc21
CHEMBL893,PR,,4.523,0,1,Inactive,censored,Cc1onc(-c2c(Cl)cccc2Cl)c1C(=O)N[C@@H]1C(=O)N2[C@@H]1SC(C)(C)[C@@H]2C(=O)O
CHEMBL65307,PR,6.090,,1,1,Active,exact,CC1=CC(C)(C)Nc2ccc3c(c21)COc1ccc(-c2ccccc2)cc1-3
CHEMBL1085594,PR,,5.000,0,1,,censored,N#Cc1ccc(Oc2ccc(F)cc2F)cc1C(F)(F)F
CHEMBL1201247,PR,,4.523,0,1,Inactive,censored,CC(C)C[C@H](NC(=O)[C@@H](COC(C)(C)C)NC(=O)[C@H](Cc1ccc(O)cc1)NC(=O)[C@H](CO)NC(=O)[C@H](Cc1c[nH]c2ccccc12)NC(=O)[C@H](Cc1cnc[nH]1)NC(=O)[C@@H]1CCC(=O)N1)C(=O)N[C@@H](CCCNC(=N)N)C(=O)N1CCC[C@H]1C(=O)NNC(N)=O
CHEMBL3315059,PR,5.270,,1,0,,exact,CC(C)(C(=O)NC(=O)NC1CCC1)[C@@H]1c2ccc(-c3ccc(C(=O)N4CCOCC4)cc3)nc2Oc2c(F)cccc21
CHEMBL235689,PR,,5.699,0,1,,censored,COc1ccc(F)cc1C(C)(C)CC(O)(Cc1cc(Cl)cc(C#N)c1)C(F)(F)F
CHEMBL1738797,PR,,4.523,0,1,Inactive,censored,CCc1cc2c(cc1N1CCC(N3CCOCC3)CC1)C(C)(C)c1[nH]c3cc(C#N)ccc3c1C2=O
CHEMBL444814,PR,,4.523,0,1,Inactive,censored,NC(=O)NCCC[C@H](N)C(=O)O
CHEMBL400628,PR,,5.796,0,1,,censored,COc1ccc(F)cc1C(C)(C)CC(O)(Cc1ccccc1)C(F)(F)F
CHEMBL2106309,PR,6.490,,1,0,Active,exact,CCC(=O)O[C@]1(C(=O)COC(C)=O)CC[C@H]2[C@@H]3CCC4=CC(=O)CC[C@]4(C)[C@H]3[C@@H](O)C[C@@]21C
CHEMBL1491,PR,,4.523,0,2,Inactive,censored,CCOC(=O)C1=C(COCCN)NC(C)=C(C(=O)OC)C1c1ccccc1Cl
CHEMBL698,PR,,4.523,0,2,Inactive,censored,CCCCNc1ccc(C(=O)OCCN(C)C)cc1
CHEMBL165215,PR,7.610,,1,0,Active,exact,CC1Nc2ccc(-c3cc(F)cc(C#N)c3)cc2C(C)(c2ccccc2)O1
CHEMBL352418,PR,,4.523,0,1,Inactive,censored,O=C(O)[C@@H]1C[C@@H](O)CN1
CHEMBL235378,PR,,5.000,0,1,,censored,N#Cc1ccc(-c2ccc(O)cc2)cc1C(F)(F)F
CHEMBL5854172,PR,7.610,,1,0,Active,exact,C[C@]12C=CC(=O)C=C1CC[C@H]1[C@@H]3C[C@H]4O[C@@H](c5ccc(Sc6ccc(Cl)c(N)c6)cc5)O[C@@]4(C(=O)CO)[C@@]3(C)C[C@H](O)[C@@]12F
CHEMBL532,PR,,4.523,0,2,Inactive,censored,CC[C@H]1OC(=O)[C@H](C)[C@@H](O[C@H]2C[C@@](C)(OC)[C@@H](O)[C@H](C)O2)[C@H](C)[C@@H](O[C@@H]2O[C@H](C)C[C@H](N(C)C)[C@H]2O)[C@](C)(O)C[C@@H](C)C(=O)[C@H](C)[C@@H](O)[C@]1(C)O
CHEMBL559327,PR,8.000,,1,0,Active,exact,CC(C)N1C[C@@H](N(Cc2ccccc2Cl)c2ccc(C#N)c(Cl)c2)CC1=O
CHEMBL590799,PR,,4.523,0,2,Inactive,censored,CN(C)C(=O)COC(=O)Cc1ccc(OC(=O)c2ccc(NC(=N)N)cc2)cc1
CHEMBL8027,PR,7.470,,1,0,Active,exact,C=CCC1Oc2ccc(Br)c(OC)c2-c2ccc3c(c21)C(C)=CC(C)(C)N3
CHEMBL3120320,PR,7.000,,1,0,Active,exact,CS(=O)(=O)Nc1cccc(C=C2c3ccccc3CCc3ccccc32)c1
CHEMBL135138,PR,7.610,,1,0,Active,exact,CC1=CC(C)(C)Nc2ccc3c(c21)/C(=C/c1cccc(F)c1F)Oc1ccccc1-3
CHEMBL65657,PR,5.940,,1,0,,exact,COc1cccc2c1-c1ccc(NS(C)(=O)=O)cc1C(c1ccc(F)cc1)O2
CHEMBL611,PR,,4.523,0,2,Inactive,censored,COc1cc2nc(N3CCN(C(=O)C4CCCO4)CC3)nc(N)c2cc1OC
CHEMBL82202,PR,,4.523,0,1,Inactive,censored,Cc1ncc(COP(=O)(O)O)c(C=O)c1O
CHEMBL22,PR,,4.523,0,1,Inactive,censored,COc1cc(Cc2cnc(N)nc2N)cc(OC)c1OC
CHEMBL138003,PR,6.010,,1,0,Active,exact,CCOC(=O)C1Oc2cccc(OC)c2-c2ccc3c(c21)C(C)=CC(C)(C)N3
CHEMBL3126944,PR,5.850,,1,0,,exact,CC(C)(CC(O)(Cc1cc2ncncc2[nH]1)C(F)(F)F)c1cc(F)cc2c1OCC2
CHEMBL82307,PR,,5.000,0,1,,censored,COc1ccc2c(c1)CCC1=CC(=O)CC[C@@]12Cc1ccccc1
CHEMBL375838,PR,6.260,,1,0,Active,exact,CC(C)(CC(O)(Cn1ccc(=O)c2ccccc21)C(F)(F)F)c1ccccc1O
CHEMBL3936738,PR,6.640,,1,0,Active,exact,O=c1ccc2cc(-c3sccc3Cl)ccc2o1
CHEMBL141305,PR,5.880,,1,0,,exact,CC(=O)Oc1ccc(C(=C2CCCCC2)c2ccc(OC(C)=O)cc2)cc1
CHEMBL1473,PR,8.050,,2,1,Active,exact,CCC(=O)O[C@]1(C(=O)SCF)[C@H](C)C[C@H]2[C@@H]3C[C@H](F)C4=CC(=O)C=C[C@]4(C)[C@@]3(F)[C@@H](O)C[C@@]21C
CHEMBL1222251,PR,,4.523,0,1,Inactive,censored,O[C@H]1[C@H](O)[C@@H](O)[C@H](O)[C@@H](O)[C@H]1O
CHEMBL327918,PR,,5.000,0,1,,censored,CC1=CC(C)(C)Nc2cc3c(cc21)-c1ccc(Br)cc1C3C
CHEMBL3358925,PR,,5.699,0,1,,censored,Cc1ccc(F)cc1C(C)(C)CC(O)(Cc1cc2cc(-c3ccccc3)ncc2[nH]1)C(F)(F)F
CHEMBL28164,PR,7.000,,1,0,Active,exact,CN1C(=S)OC(C)(C)c2cc(-c3cc(F)cc(Br)c3)ccc21
CHEMBL1253818,PR,,5.699,0,1,,censored,COc1ccc(F)cc1C(C)(C)C[C@](O)(Cc1cc2ccncc2[nH]1)C(F)(F)F
CHEMBL3337730,PR,5.520,,2,0,,exact,CCCn1nc(C)c(-c2ccc3c(c2)NC(=O)CO3)c1-c1ccc(F)cc1
CHEMBL3980435,PR,6.410,,1,0,Active,exact,CN(c1ccc(Oc2ccccc2)cc1)S(=O)(=O)c1ccccc1Cl
CHEMBL3233277,PR,6.100,,1,0,Active,exact,COc1ccc(F)cc1C(C)(C)CC(O)(Cc1cc2cnccc2[nH]1)C(C)(C)C
CHEMBL83,PR,5.860,,2,1,,exact,CC/C(=C(\c1ccccc1)c1ccc(OCCN(C)C)cc1)c1ccccc1
CHEMBL363200,PR,7.520,,1,0,Active,exact,Cc1noc(=O)c2ccc(NC(=O)C(O)(Cc3ccccc3)CC(C)(C)c3ccccc3)cc12
CHEMBL1232863,PR,,4.523,0,1,Inactive,censored,O=C(CO)[C@@H](O)[C@H](O)[C@H](O)CO
CHEMBL1200699,PR,,4.523,0,1,Inactive,censored,C[C@H]1c2cccc(O)c2C(=O)C2=C(O)[C@]3(O)C(=O)C(C(N)=O)=C(O)[C@@H](N(C)C)[C@@H]3[C@@H](O)[C@@H]21.O
CHEMBL549726,PR,5.890,,1,0,,exact,CCN(c1ccc(C#N)c(Cl)c1)[C@H]1CCN(C)C1
CHEMBL226609,PR,,5.000,0,1,,censored,O=c1cc(C(F)(F)F)c2cc3c(cc2[nH]1)OCC1CCCCN31
CHEMBL1182210,PR,5.210,,1,0,,exact,CC(C)(C)CC(C)(C)c1ccc(OCCOCC[N+](C)(C)Cc2ccccc2)cc1
CHEMBL5653589,PR,8.150,,2,0,Active,exact,Cc1ccc(C(=O)Nc2cccc(C(F)(F)F)c2)cc1Nc1nc(-c2cccnc2)nc2nn(C)cc12
CHEMBL1382,PR,,4.523,0,2,Inactive,censored,Cc1ccc(O)c([C@H](CCN(C(C)C)C(C)C)c2ccccc2)c1
CHEMBL434,PR,,4.523,0,1,Inactive,censored,CC(C)NCC(O)c1ccc(O)c(O)c1
CHEMBL1082837,PR,5.500,,1,0,,exact,CC(C)NS(=O)(=O)c1ccc(-c2ccc3c(cnn3-c3ccc(F)cc3)c2)c(C(F)(F)F)c1
CHEMBL457547,PR,5.410,,1,0,,exact,CCCCCOc1ccc(-c2cc(-c3ccc(C(=O)N[C@H]4C[C@@H](O)[C@@H](O)NC(=O)[C@@H]5[C@@H](O)[C@@H](C)CN5C(=O)[C@H]([C@H](O)CC(N)=O)NC(=O)[C@H]([C@H](O)[C@@H](O)c5ccc(O)c(OS(=O)(=O)O)c5)NC(=O)[C@@H]5C[C@@H](O)CN5C(=O)[C@H]([C@@H](C)O)NC4=O)cc3)no2)cc1
CHEMBL317921,PR,8.470,,1,0,Active,exact,CC1=CC(C)(C)Nc2ccc3c(c21)C(c1ccc(Cl)c(Cl)c1)Oc1ccccc1-3
CHEMBL361406,PR,6.700,,1,0,Active,exact,CC#C[C@]1(O)CC[C@H]2[C@@H]3CCC4=CC(=O)CCC4=C3[C@@H](c3ccc(N(C)C[C@@H](O)CC(=O)O)cc3)C[C@@]21C
CHEMBL395429,PR,,4.523,0,1,Inactive,censored,CC[C@H](C)[C@@H]1NC(=O)[C@H](Cc2ccc(O)cc2)NC(=O)[C@@H](N)CSSC[C@@H](C(=O)N2CCC[C@H]2C(=O)N[C@@H](CC(C)C)C(=O)NCC(N)=O)NC(=O)[C@H](CC(N)=O)NC(=O)[C@H](CCC(N)=O)NC1=O
CHEMBL1672541,PR,9.530,,1,0,Active,exact,Cc1cc(-c2cn(C(C)C)c3cc(NS(C)(=O)=O)ccc23)ccc1C#N
CHEMBL1201388,PR,,4.523,0,1,Inactive,censored,C[C@]12CCC(=O)C=C1CC[C@H]1[C@@H]3CC[C@](O)(C(=O)CO)[C@@]3(C)C[C@H](O)[C@@]12F
CHEMBL1201349,PR,,4.523,0,1,Inactive,censored,C[N+](C)(CCCCCC[N+](C)(C)C1c2ccccc2-c2ccccc21)C1c2ccccc2-c2ccccc21
CHEMBL253371,PR,,4.523,0,1,Inactive,censored,CCN(CCCc1ccccc1)CCCc1ccccc1
CHEMBL107998,PR,8.620,,1,0,Active,exact,COc1ccc2c(c1)-c1ccc3c(c1C(c1ccc(Cl)cc1)O2)C(C)=CC(C)(C)N3
CHEMBL1928882,PR,,5.000,0,1,,censored,Cc1cc(-c2ccc3c(c2)NC(=O)CO3)n(-c2ccc(F)cc2)n1
CHEMBL559974,PR,7.890,,1,0,Active,exact,CC(c1nncn1C)N(Cc1ccccc1Cl)c1ccc(C#N)c(Cl)c1
CHEMBL20883,PR,,4.523,0,1,Inactive,censored,O=c1[nH]c(=O)n(C2CCCO2)cc1F
CHEMBL3623000,PR,7.300,,1,1,Active,exact,C[C@@H](CO)CN1[C@H](c2ccc(/C=C/C(=O)O)cc2)c2[nH]c3ccccc3c2C[C@H]1C
CHEMBL5843780,PR,6.800,,1,0,Active,exact,C[C@@H](n1ccc2c(C(F)(F)F)c(C#N)ccc21)C(C)(C)O
CHEMBL4297530,PR,5.070,,1,0,,exact,CCO[C@@H](Cc1ccc(OCCn2c(C)ccc2-c2ccc(SC)cc2)cc1)C(=O)O
CHEMBL1742452,PR,,4.523,0,1,Inactive,censored,CC(OCCN1CCCCCC1)(c1ccccc1)c1ccc(Cl)cc1
CHEMBL1740659,PR,,4.523,0,1,Inactive,censored,C/C(=C(/CCO)SSCC1CCCO1)N(C=O)Cc1cnc(C)nc1N
CHEMBL285674,PR,,4.523,0,1,Inactive,censored,Clc1ccc2c(c1)C(c1ccccc1)=NCc1nncn1-2
CHEMBL3707303,PR,,4.523,0,1,Inactive,censored,O=C([O-])[C@@H]1CCC(O)=N1.O=C([O-])[C@@H]1CCC(O)=N1.[Mg+2]
CHEMBL3093445,PR,,5.699,0,1,,censored,Cc1cc(C)c(S(=O)(=O)NC(Cc2c[nH]c3cccc(C)c23)C(F)(F)F)c(C)c1
CHEMBL3695598,PR,6.510,,1,0,Active,exact,C[C@@H]1CC2=CC(=O)CC[C@@H]2[C@H]2CC[C@@]3(C)[C@@H](CC[C@@]34C=CC(=O)O4)[C@@H]21
CHEMBL2107015,PR,4.620,,1,0,Inactive,exact,c1ccc2c(SC3=NCCN3)c[nH]c2c1
CHEMBL36564,PR,8.590,,1,0,Active,exact,C[C@@H]1C(=O)C(C)(C)Nc2ccc3c(c21)[C@H](c1cccc(F)c1)Oc1ccccc1-3
CHEMBL473417,PR,,4.523,0,2,Inactive,censored,CS(=O)(=O)c1ccc(C(=O)Nc2ccc(Cl)c(-c3ccccn3)c2)c(Cl)c1
CHEMBL1697760,PR,,4.523,0,1,Inactive,censored,CC(c1ccc(Cl)c(Cl)c1)N1N=C(N)CC1=O
CHEMBL510373,PR,7.850,,1,0,Active,exact,CC1=C[C@H]([C@@H]2Oc3c(F)cc(F)cc3-c3ccc4c(c32)C(C)=CC(C)(C)N4)CCC1
CHEMBL308938,PR,7.600,,1,0,Active,exact,N#Cc1cccc(-c2ccc3c(c2)C2(CCCCC2)C(=O)N3)c1
CHEMBL2104786,PR,,4.523,0,1,Inactive,censored,CC(C)(CO)[C@@H](O)C(=O)NCCC(=O)NCCSSCCNC(=O)CCNC(=O)[C@H](O)C(C)(C)CO
CHEMBL3622999,PR,7.310,,1,1,Active,exact,C[C@H](CO)CN1[C@H](c2ccc(/C=C/C(=O)O)cc2)c2[nH]c3ccccc3c2C[C@H]1C
CHEMBL1911542,PR,6.680,,1,0,Active,exact,COc1ccc(F)cc1C(C)(C)C[C@@](O)(Cc1cc2ccccc2[nH]1)C(F)(F)F
CHEMBL4594371,PR,,4.523,0,1,Inactive,censored,CCO/N=C(\C(=O)N[C@@H]1C(=O)N2C(C(=O)[O-])=C(Sc3nc(-c4cc[n+](C)cc4)cs3)CS[C@H]12)c1nsc(N)n1
CHEMBL141361,PR,,5.301,0,1,,censored,COc1cccc2c1-c1ccc3c(c1C(CC(=O)N(C)C)O2)C(C)=CC(C)(C)N3
CHEMBL591092,PR,7.890,,1,0,Active,exact,CS(=O)(=O)N1CC[C@H](N(Cc2ccccc2C(F)(F)F)c2ccc(C#N)c(Cl)c2)C1
CHEMBL3126943,PR,,5.699,0,1,,censored,Cc1ccccc1C(C)(C)CC(O)(Cc1cc2ncncc2[nH]1)C(F)(F)F
CHEMBL65522,PR,7.070,,3,1,Active,exact,COc1ccc2c(c1)-c1ccc3c(c1CO2)C(C)=CC(C)(C)N3
CHEMBL53463,PR,5.770,,1,1,,exact,COc1cccc2c1C(=O)c1c(O)c3c(c(O)c1C2=O)C[C@@](O)(C(=O)CO)C[C@@H]3O[C@H]1C[C@H](N)[C@H](O)[C@H](C)O1
CHEMBL257152,PR,7.120,,1,0,Active,exact,Cc1cc(-c2ccc(F)c3cc[nH]c23)c(Cl)c2c1NC(C)(C)CC2C
CHEMBL1115,PR,,4.523,0,1,Inactive,censored,CN(C)C(=O)Oc1ccc[n+](C)c1
CHEMBL87992,PR,,4.523,0,1,Inactive,censored,CC(=O)O[C@H]1Cc2ccccc2N(C(N)=O)c2ccccc21
CHEMBL165141,PR,8.000,,1,0,Active,exact,CC1(C)Nc2ccc(-c3cccc(Cl)c3)cc2C(C)(C)O1
CHEMBL3234863,PR,,5.301,0,1,,censored,C[C@H](c1ccccc1)N1C(=O)O[C@](Cc2ccccc2)(c2nnc(C3(c4ccccc4)CC3)o2)C1=O
CHEMBL917,PR,,4.523,0,1,Inactive,censored,O=c1[nH]c(=O)n([C@H]2C[C@H](O)[C@@H](CO)O2)cc1F
CHEMBL8055,PR,5.510,,1,0,,exact,C=CCC1Oc2ccc(OCC#N)c(OC)c2-c2ccc3c(c21)C(C)=CC(C)(C)N3
CHEMBL742,PR,,4.523,0,1,Inactive,censored,CNC1(c2ccccc2Cl)CCCCC1=O
CHEMBL1682,PR,,4.523,0,1,Inactive,censored,OC[C@@H](O)[C@@H](O)[C@H](O)[C@@H](O)CO
CHEMBL5807570,PR,7.460,,1,0,Active,exact,C[C@]12C=CC(=O)C=C1CC[C@H]1[C@@H]3C[C@H]4O[C@@H](c5ccc(CSc6cccc(N)c6)cc5)O[C@@]4(C(=O)CO)[C@@]3(C)C[C@H](O)[C@@]12F
CHEMBL509,PR,,4.523,0,1,Inactive,censored,Cc1ccc(Cl)c(Nc2ccccc2C(=O)O)c1Cl
CHEMBL2419300,PR,5.800,,1,0,,exact,CC1NC(=O)C(c2ccc(F)cc2)=C1c1cc(Cl)c2c(c1)NC(=O)CO2
CHEMBL315445,PR,6.785,,4,0,Active,exact,O=[N+]([O-])c1cccc(-c2ccc3nc(O)sc3c2)c1
CHEMBL592746,PR,7.300,,1,0,Active,exact,CC(C)(C)C(=O)N1CC[C@H](N(Cc2ccccc2C(F)(F)F)c2ccc(C#N)c(Cl)c2)C1
CHEMBL422648,PR,,4.523,0,1,Inactive,censored,Cc1oc(=O)oc1CN1CCN(c2cc3c(cc2F)c(=O)c(C(=O)O)c2n3C(C)S2)CC1
CHEMBL65227,PR,,7.000,0,1,,censored,CC(=O)/C=C1\Oc2ccc(F)cc2-c2ccc3c(c21)C(C)=CC(C)(C)N3
CHEMBL593,PR,,4.523,0,1,Inactive,censored,CC(C)Nc1cccnc1N1CCN(C(=O)c2cc3cc(NS(C)(=O)=O)ccc3[nH]2)CC1
CHEMBL487729,PR,7.460,,1,0,Active,exact,CC1(C)OCC(=O)Nc2ccc(-c3cc(Cl)cc(C#N)c3)cc21
CHEMBL1765175,PR,5.570,,1,0,,exact,CCCCn1c(=O)c2cccc(OC)c2c2cc(C(O)(C(F)(F)F)C(F)(F)F)ccc21
CHEMBL62731,PR,7.350,,2,0,Active,exact,CC1=CC(C)(C)Nc2ccc3c(c21)/C(=C/C#N)Oc1ccc(F)cc1-3
CHEMBL580,PR,4.580,,1,0,Inactive,exact,O=C1Nc2ccc(Cl)cc2C(c2ccccc2Cl)=NC1O
CHEMBL2106889,PR,,4.523,0,1,Inactive,censored,CN1C(C(=O)Nc2ccccn2)=C(OC(=O)/C=C/c2ccccc2)c2ccccc2S1(=O)=O
CHEMBL1467,PR,,4.523,0,2,Inactive,censored,Oc1ncnc2[nH]ncc12
CHEMBL471,PR,,4.523,0,1,Inactive,censored,CC(C)NCC(O)c1ccc(NS(C)(=O)=O)cc1
CHEMBL87563,PR,,4.523,0,1,Inactive,censored,CCOC(=O)c1ccc(OC(=O)CCCCCNC(=N)N)cc1
CHEMBL3358934,PR,,5.699,0,1,,censored,CC(C)(CC(O)(Cc1cc2cc(N3CCOCC3)ncc2[nH]1)C(F)(F)F)c1ccc(F)cc1
CHEMBL395110,PR,,4.523,0,1,Inactive,censored,CN1CCCC(CN2c3ccccc3Sc3ccccc32)C1
CHEMBL1213553,PR,,4.523,0,1,Inactive,censored,CC(C)NC(=N)NC(=N)Nc1ccc(Cl)c(Cl)c1
CHEMBL1449676,PR,,4.523,0,1,Inactive,censored,Cc1ncc([N+](=O)[O-])n1CC(O)CCl
CHEMBL809,PR,,4.523,0,1,Inactive,censored,CN[C@H]1CC[C@@H](c2ccc(Cl)c(Cl)c2)c2ccccc21
CHEMBL3358951,PR,,5.699,0,1,,censored,CC(C)S(=O)(=O)c1cc2cc(CC(O)(CC(C)(C)c3ccc(F)cc3C(N)=O)C(F)(F)F)[nH]c2cn1
CHEMBL5875680,PR,8.590,,1,0,Active,exact,C[C@]12C=CC(=O)C=C1[C@@H](F)C[C@H]1[C@@H]3C[C@H]4O[C@@H](c5ccc(Oc6ccc(N)cc6)cc5)O[C@@]4(C(=O)CO)[C@@]3(C)C[C@H](O)[C@@]12F
CHEMBL39560,PR,,4.523,0,1,Inactive,censored,CC(=O)c1ccc2c(c1)N(CCCN(C)C)c1ccccc1S2
CHEMBL25202,PR,4.540,,1,0,Inactive,exact,CC1(C)CCC(C)(C)c2cc(NC(=O)c3ccc(C(=O)O)cc3)ccc21
CHEMBL1079,PR,,4.523,0,1,Inactive,censored,Clc1ccc2nsnc2c1NC1=NCCN1
CHEMBL3695613,PR,6.000,,1,0,Active,exact,C[C@]12CC[C@H]3[C@@H](C[C@@H](CO)C4=CC(=O)CC[C@@H]43)[C@@H]1CC[C@@]21C=CC(=O)O1
CHEMBL5,PR,,4.523,0,1,Inactive,censored,CCn1cc(C(=O)O)c(=O)c2ccc(C)nc21
CHEMBL219561,PR,6.280,,1,0,Active,exact,COc1ccc(C)c(C(C)(C)CC(O)(Cn2ccc(=O)c3ccccc32)C(F)(F)F)c1
CHEMBL467,PR,,4.523,0,1,Inactive,censored,NC(=O)NO
CHEMBL90766,PR,7.540,,2,0,Active,exact,CC1=CC(C)(C)Nc2cc3c(cc21)-c1c(F)cccc1C3=O
CHEMBL350745,PR,7.380,,1,0,Active,exact,CC1(C)Nc2ccc(-c3cc(F)cc(C#N)c3)cc2C(C)(C)O1
CHEMBL1254651,PR,6.570,,2,0,Active,exact,COc1ccc(F)cc1C(C)(C)CC(O)(Cc1cc2ccccc2[nH]1)C(F)(F)F
CHEMBL3234858,PR,,5.301,0,1,,censored,COc1cc(OC)cc(-c2nnc([C@@]3(Cc4ccccc4)OC(=O)N([C@H](C)c4ccccc4)C3=O)o2)c1
CHEMBL1082780,PR,,5.000,0,1,,censored,O=S(=O)(Nc1ccc(-c2ccc3c(cnn3-c3ccc(F)cc3)c2)c(C(F)(F)F)c1)c1ccsc1
CHEMBL421,PR,,4.523,0,1,Inactive,censored,O=C(O)c1cc(/N=N/c2ccc(S(=O)(=O)Nc3ccccn3)cc2)ccc1O
CHEMBL1358,PR,9.680,,1,1,Active,exact,C[C@]12CC[C@@H]3c4ccc(O)cc4C[C@@H](CCCCCCCCC[S+]([O-])CCCC(F)(F)C(F)(F)F)[C@H]3[C@@H]1CC[C@@H]2O
CHEMBL3094467,PR,5.600,,1,0,,exact,CC[C@@H](Cc1ccc(O)c(C)c1)NS(=O)(=O)c1c(C)cc(C)cc1C
CHEMBL235480,PR,,5.699,0,1,,censored,COc1ccc(F)cc1C(C)(C)CC(O)(Cc1cc(Cl)cc(Cl)c1)C(F)(F)F
CHEMBL2096708,PR,9.320,,1,0,Active,exact,C#C[C@]1(O)CC[C@H]2[C@@H]3CCC4=CC(=O)CCC4=C3[C@@H](c3ccc(N(C)CCOCCO[C@H]4CC[C@@]5(C)[C@@H](C4)C[C@@H](O)[C@@H]4[C@@H]5C[C@H](O)[C@]5(C)[C@@H]([C@H](C)CCC(=O)O)CC[C@@H]45)cc3)C[C@@]21C
CHEMBL488758,PR,7.800,,1,0,Active,exact,CC1(C)OCC(=O)Nc2ccc(-c3cccc(F)c3F)cc21
CHEMBL1237044,PR,,4.523,0,1,Inactive,censored,COc1cccc(C2(O)CCCCC2CN(C)C)c1
CHEMBL351751,PR,8.100,,1,0,Active,exact,CC(C)(C)C(=O)OCN1c2ccc(-c3csc(C#N)c3)cc2C(C)(C)OC1C(F)(F)F
CHEMBL578,PR,,4.523,0,1,Inactive,censored,CCOC(=O)[C@H](CCc1ccccc1)N[C@@H](C)C(=O)N1CCC[C@H]1C(=O)O
CHEMBL572239,PR,,5.000,0,1,,censored,COc1cccc(C2CC(=O)Nc3sc4c(C)c(C#N)c(N)nc4c32)c1
CHEMBL316561,PR,,4.523,0,1,Inactive,censored,CCCN(CCC)C(=O)C(CCC(=O)O)NC(=O)c1ccccc1
CHEMBL661,PR,,4.523,0,1,Inactive,censored,Cc1nnc2n1-c1ccc(Cl)cc1C(c1ccccc1)=NC2
CHEMBL407848,PR,8.390,,1,0,Active,exact,Cn1c(C#N)ccc1-c1cc(F)c2c(c1)C(C)(C)C(=O)N2
CHEMBL1510,PR,,4.523,0,1,Inactive,censored,CN1CCC[C@@H]1Cc1c[nH]c2ccc(CCS(=O)(=O)c3ccccc3)cc12
CHEMBL3775798,PR,,4.602,0,1,Inactive,censored,O=c1[nH]c2cc(/C=C3\c4ccccc4COc4cc(F)ccc43)ccc2n1[C@@H]1C[C@@H]2COCCN2C1
CHEMBL485980,PR,,4.523,0,2,Inactive,censored,CCCC(=O)Nc1ncnc2c1ncn2[C@@H]1O[C@@H]2COP(=O)(O)O[C@H]2[C@H]1OC(=O)CCC
CHEMBL1940546,PR,5.860,,1,0,,exact,Cn1c(SCC(=O)[C@@]2(O)CC[C@H]3[C@@H]4CCC5=CC(=O)C=C[C@]5(C)[C@H]4[C@@H](O)C[C@@]32C)nc2ccccc21
CHEMBL1164158,PR,7.080,,1,0,Active,exact,Cc1ccc(C(=O)C[C@H](Nc2ccc([N+](=O)[O-])cc2)c2cccc(F)c2)cc1
CHEMBL92730,PR,7.890,,2,0,Active,exact,CC1=CC(C)(C)Nc2ccc3c(c21)Cc1ccccc1-3
CHEMBL1657,PR,,4.523,0,1,Inactive,censored,CCOC(=O)c1ccc(C#Cc2ccc3c(c2)C(C)(C)CCS3)nc1
CHEMBL146095,PR,,4.523,0,1,Inactive,censored,O=C(OCC(O)CO)c1ccccc1Nc1ccnc2cc(Cl)ccc12
CHEMBL2111101,PR,,4.523,0,1,Inactive,censored,CC(C)COc1ccc(CNC(=O)N(Cc2ccc(F)cc2)C2CCN(C)CC2)cc1
CHEMBL81591,PR,6.180,,1,0,Active,exact,C[C@]12Cc3cnn(-c4ccc(F)cc4)c3C=C1CCC[C@@H]2[C@@H](O)c1ccccc1
CHEMBL237595,PR,,5.699,0,1,,censored,COc1ccc(F)cc1C(C)(C)CC(O)(Cc1ccccc1Cl)C(F)(F)F
CHEMBL288470,PR,,4.523,0,1,Inactive,censored,Cc1c(N(C)C)c(=O)n(-c2ccccc2)n1C
CHEMBL427384,PR,,5.699,0,1,,censored,CNC(=O)CSCC1=CC(C)(C)Nc2ccc(-c3ccccc3OC)cc21
CHEMBL205596,PR,,4.523,0,1,Inactive,censored,C[C@H](CCC(=O)O)[C@H]1CC[C@H]2[C@@H]3[C@H](O)C[C@@H]4C[C@H](O)CC[C@]4(C)[C@H]3C[C@H](O)[C@]12C
CHEMBL38380,PR,5.750,,1,0,,exact,O=S(=O)(c1cccc2cnccc12)N1CCCNCC1
CHEMBL5846169,PR,6.200,,1,0,Active,exact,Cc1cc2c(C(F)(F)F)c(C#N)ccc2n1C(C)CO
CHEMBL270190,PR,,4.523,0,1,Inactive,censored,C[C@H]1CN(C[C@H](Cc2ccccc2)C(=O)NCC(=O)O)CC[C@@]1(C)c1cccc(O)c1
CHEMBL468,PR,,4.523,0,2,Inactive,censored,O=C1CCC(N2C(=O)c3ccccc3C2=O)C(=O)N1
CHEMBL1555736,PR,,4.523,0,1,Inactive,censored,CCOc1ccc(Cc2nccc3cc(OCC)c(OCC)cc23)cc1OCC
CHEMBL320423,PR,8.170,,1,0,Active,exact,CC1=CC(C)(C)Nc2ccc3c(c21)C(c1ccc(F)c(C(F)(F)F)c1)Oc1ccccc1-3
CHEMBL2177238,PR,5.060,,1,0,,exact,CN1C(=O)N(c2ccc(C#N)c(C(F)(F)F)c2)C(=O)[C@@]1(C)c1ccc(O)cc1
CHEMBL519560,PR,6.170,,1,0,Active,exact,CC1=NCC(=O)Nc2ccc(-c3ccc(F)c(Cl)c3)cc21
CHEMBL3094470,PR,5.260,,1,0,,exact,CCC(Cc1cccc(C)c1)NS(=O)(=O)c1c(C)cc(C)cc1C
CHEMBL925,PR,,4.523,0,1,Inactive,censored,N[C@@H](Cc1ccc(O)cc1)C(=O)O
CHEMBL1201199,PR,,4.523,0,1,Inactive,censored,CCNC(=O)[C@@H]1CCCN1C(=O)[C@H](CCCNC(=N)N)NC(=O)[C@H](CC(C)C)NC(=O)[C@@H](CC(C)C)NC(=O)[C@H](Cc1ccc(O)cc1)NC(=O)[C@H](CO)NC(=O)[C@H](Cc1c[nH]c2ccccc12)NC(=O)[C@H](Cc1c[nH]cn1)NC(=O)[C@@H]1CCC(=O)N1
CHEMBL2338329,PR,,4.523,0,1,Inactive,censored,Cc1nc(C(=O)NCC(=O)O)c(O)c2ccc(Oc3ccccc3)cc12
CHEMBL219069,PR,6.970,,1,0,Active,exact,CC(C)(CC(O)(Cn1ccc(=O)c2ccccc21)C(F)(F)F)c1ccccc1
CHEMBL317983,PR,6.410,,1,0,Active,exact,COc1ccc2c(c1)-c1ccc3c(c1C(c1ccccc1)O2)C(C)=CC(C)(C)N3
CHEMBL62798,PR,6.690,,3,0,Active,exact,CC1=CC(C)(C)Nc2ccc3c(c21)COc1c(C)cc(Cl)cc1-3
CHEMBL21536,PR,,4.523,0,1,Inactive,censored,CCCCCCOc1nsnc1C1=CCCN(C)C1
CHEMBL327934,PR,7.200,,1,0,Active,exact,CC1=CC(C)(C)Nc2cc3c(c(F)c21)-c1ccc(F)cc1C3OC(=O)C(F)(F)F
CHEMBL2220442,PR,4.870,,1,1,Inactive,exact,CC(C)n1c(/C=C/C(O)CC(O)CC(=O)O)c(-c2ccc(F)cc2)c2ccccc21
CHEMBL13280,PR,,5.000,0,1,,censored,CN1C(=O)CN=C(c2ccccc2F)c2cc([N+](=O)[O-])ccc21
CHEMBL396669,PR,,5.886,0,1,,censored,COc1ccc(F)cc1C(C)(C)CC(O)(CCc1ccccc1)C(F)(F)F
CHEMBL279014,PR,,4.523,0,1,Inactive,censored,CCN(CC)CCNc1ccc(C)c2sc3ccccc3c(=O)c12
CHEMBL3263757,PR,5.580,,1,0,,exact,CCOc1nc(C2=NN(c3ccc(C#N)c(C)c3)[C@@H](C3CCCC3)C2)ccc1C(=O)O
CHEMBL1554,PR,,4.523,0,1,Inactive,censored,Cc1c2oc3c(C)ccc(C(=O)N[C@@H]4C(=O)N[C@H](C(C)C)C(=O)N5CCC[C@H]5C(=O)N(C)CC(=O)N(C)[C@@H](C(C)C)C(=O)O[C@@H]4C)c3nc-2c(C(=O)N[C@@H]2C(=O)N[C@H](C(C)C)C(=O)N3CCC[C@H]3C(=O)N(C)CC(=O)N(C)[C@@H](C(C)C)C(=O)O[C@@H]2C)c(N)c1=O
CHEMBL10878,PR,,4.523,0,1,Inactive,censored,COc1ccc2cccc(CCNC(C)=O)c2c1
CHEMBL1605443,PR,,4.523,0,1,Inactive,censored,Cc1cc(C)c(NC(=O)CN(CC(=O)O)CC(=O)O)c(C)c1Br
CHEMBL1385514,PR,6.760,,1,0,Active,exact,CC(=O)OCC(=O)[C@@]1(O)CC[C@H]2[C@@H]3CCC4=CC(=O)C=C[C@]4(C)[C@@]3(Cl)[C@@H](Cl)C[C@@]21C
CHEMBL3358949,PR,,5.699,0,1,,censored,CCS(=O)(=O)c1cc2cc(CC(O)(CC(C)(C)c3ccccc3C(N)=O)C(F)(F)F)[nH]c2cn1
CHEMBL1256871,PR,,4.523,0,1,Inactive,censored,CC(C)COC(=O)OCN1C(=O)CN(CCN2CC(=O)N(COC(=O)OCC(C)C)C(=O)C2)CC1=O
CHEMBL274323,PR,,4.523,0,1,Inactive,censored,N[C@@H](CC(=O)O)C(=O)O
CHEMBL408648,PR,8.440,,1,0,Active,exact,Cn1c(C#N)ccc1-c1cc(F)c2c(c1)C1(CCCCC1)C(=O)N2
CHEMBL167928,PR,8.050,,1,0,Active,exact,CC1Nc2ccc(-c3cccc(Cl)c3)cc2C(C)(C)O1
CHEMBL429987,PR,6.460,,1,0,Active,exact,COc1ccc(F)cc1C(C)(C)CC(O)(Cc1ccc(C#N)cc1)C(F)(F)F
CHEMBL3605921,PR,5.380,,1,0,,exact,COc1cc(F)ccc1-c1c(CN(C)Cc2ccccc2)[nH]c2c(N)cc(F)cc12
CHEMBL547,PR,,4.523,0,1,Inactive,censored,CC1=C(/C=C/C(C)=C/C=C/C(C)=C\C(=O)O)C(C)(C)CCC1
CHEMBL344644,PR,7.500,,1,0,Active,exact,CC1=CC(C)(C)Nc2ccc3c(c21)/C(=C/c1c(F)cccc1F)Oc1ccccc1-3
CHEMBL1911646,PR,6.390,,1,0,Active,exact,COc1ccc(F)cc1C(C)(C)CC(O)(Cc1cc2cc(F)ccc2[nH]1)C(F)(F)F
CHEMBL5181808,PR,,7.000,0,1,,censored,Nc1ccc(-c2c(C(=O)c3ccc(OCCN4CC(C(=O)O)=CCC4=O)cc3)c3ccc(O)cc3[nH]c2=O)cc1
CHEMBL1513,PR,,4.523,0,1,Inactive,censored,CCCCC1=NC2(CCCC2)C(=O)N1Cc1ccc(-c2ccccc2-c2nnn[nH]2)cc1
CHEMBL1083784,PR,,5.600,0,1,,censored,CC(C)(C)c1ccc(S(=O)(=O)Nc2ccc(-c3ccc4c(cnn4-c4ccc(F)cc4)c3)c(C(F)(F)F)c2)cc1
CHEMBL1572,PR,,4.523,0,1,Inactive,censored,CCN[C@@H]1C[C@H](N)[C@@H](O[C@H]2OC(CN)=CC[C@H]2N)[C@H](O)[C@H]1O[C@H]1OC[C@](C)(O)[C@H](NC)[C@H]1O
CHEMBL3421871,PR,6.490,,1,0,Active,exact,CC[C@@]12C[C@@](C)(O)[C@](O)(c3ccccc3)C[C@H]1CCc1cc(O)ccc12
CHEMBL389481,PR,5.270,,1,0,,exact,CCC1COc2cc3[nH]c(=O)cc(C(F)(F)F)c3cc2N1CC1CC1
CHEMBL286446,PR,9.360,,2,0,Active,exact,CC1=CC(C)(C)Nc2ccc3c(c21)C(C)Oc1ccc(Cl)cc1-3
CHEMBL3774852,PR,,4.432,0,1,Inactive,censored,C[N+]1([O-])CCC2(CC1)C(=O)Nc1cc(/C=C3\c4ccccc4COc4cc(F)ccc43)ccc12
CHEMBL203339,PR,6.340,,1,0,Active,exact,C=CCSCC1=CC(C)(C)Nc2ccc(-c3cccc(OC)c3)cc21
CHEMBL3094473,PR,5.700,,1,0,,exact,CCC(Cc1cccc(C)c1C)NS(=O)(=O)c1c(C)cc(C)cc1C
CHEMBL1672548,PR,9.490,,1,0,Active,exact,CC[C@H](C)n1cc(-c2ccc(C#N)cc2)c2ccc(NS(C)(=O)=O)cc21
CHEMBL254857,PR,,4.523,0,1,Inactive,censored,O=C(COc1ccc(Cl)cc1)N1CCN(Cc2ccc3c(c2)OCO3)CC1
CHEMBL551972,PR,7.400,,1,0,Active,exact,CC(C)CC(c1nnnn1C)N(CC1CCC1)c1ccc(C#N)c(Cl)c1
CHEMBL1254906,PR,,5.699,0,1,,censored,COc1ccc(F)cc1C(C)(C)CC(O)(Cc1cc2ccncc2o1)C(F)(F)F
CHEMBL83628,PR,,4.523,0,1,Inactive,censored,O=C(O)c1cc(=O)c2ccccc2o1
CHEMBL891,PR,,4.523,0,1,Inactive,censored,Cc1onc(-c2ccccc2Cl)c1C(=O)N[C@@H]1C(=O)N2[C@@H]1SC(C)(C)[C@@H]2C(=O)O
CHEMBL230989,PR,5.150,,1,0,,exact,O=c1[nH]c(N2CCC(c3ccccc3)CC2)c(Cc2cccc(Cl)c2)c(=O)[nH]1
CHEMBL1515447,PR,,4.523,0,1,Inactive,censored,CN1CCCN(C(c2ccccc2)c2ccc(Cl)cc2)CC1
CHEMBL564,PR,,4.523,0,1,Inactive,censored,CN(C)CCCN1c2ccccc2Sc2ccccc21
CHEMBL391076,PR,,5.699,0,1,,censored,COc1ccc(F)cc1C(C)(C)CC(O)(Cc1cccc(Cl)c1)C(F)(F)F
CHEMBL25,PR,,4.523,0,2,Inactive,censored,CC(=O)Oc1ccccc1C(=O)O
CHEMBL1163822,PR,7.250,,1,0,Active,exact,N#Cc1cccc(C(=O)CC(Nc2ccc([N+](=O)[O-])cc2)c2ccc(C(F)(F)F)cc2)c1
CHEMBL51,PR,,4.523,0,2,Inactive,censored,O=C(c1ccc(F)cc1)C1CCN(CCn2c(=O)[nH]c3ccccc3c2=O)CC1
CHEMBL1579,PR,5.290,,1,0,,exact,C[C@@H]1C[C@H]2[C@@H]3C[C@H](F)C4=CC(=O)C=C[C@]4(C)[C@H]3[C@@H](O)C[C@]2(C)[C@@]1(O)C(=O)CO
CHEMBL395795,PR,5.885,,2,0,,exact,Cc1cc(C)c(S(=O)(=O)N[C@@H](C)Cc2c[nH]c3ccccc23)c(C)c1
CHEMBL118,PR,,4.523,0,1,Inactive,censored,Cc1ccc(-c2cc(C(F)(F)F)nn2-c2ccc(S(N)(=O)=O)cc2)cc1
CHEMBL153427,PR,,4.523,0,1,Inactive,censored,CCOC(=O)c1c(C)cc2c(CO)n[nH]c(=O)c2c1C
CHEMBL266195,PR,,6.523,0,1,,censored,C=CCc1ccccc1OCC(O)CNC(C)C
CHEMBL3961285,PR,6.090,,1,0,Active,exact,O=S(=O)(Nc1ccc(OCc2ccccc2)cc1)c1cccc(Cl)c1
CHEMBL1621597,PR,,4.523,0,1,Inactive,censored,CC(C)[N+]1(C)[C@@H]2CC[C@H]1C[C@@H](OC(=O)C(CO)c1ccccc1)C2
CHEMBL1929042,PR,5.620,,1,0,,exact,Cc1cc(F)ccc1-n1nc(C(F)(F)F)cc1-c1cc(C)c2c(c1)NC(=O)CO2
CHEMBL354077,PR,,4.523,0,1,Inactive,censored,Nc1ccncc1N
CHEMBL382472,PR,,5.699,0,1,,censored,C=CCSCC1=CC(C)(C)Nc2ccc(-c3ccccc3-c3ccccc3)cc21
CHEMBL164188,PR,7.570,,1,0,Active,exact,CC1Nc2ccc(-c3ccc(C#N)s3)cc2C(C)(C)O1
CHEMBL567027,PR,6.620,,1,0,Active,exact,C[C@]12Cn3cnc(-c4ccc(F)cc4)c3C=C1CCC[C@@H]2[C@](C)(O)c1ccc(Cl)cc1
CHEMBL416278,PR,,5.301,0,1,,censored,CC/C=C\CC1Oc2cccc(OC)c2-c2ccc3c(c21)C(C)=CC(C)(C)N3
CHEMBL395536,PR,,5.699,0,1,,censored,C=CCOC(C1=CC(C)(C)Nc2ccc(-c3ccccc3OC)cc21)c1ccccc1
CHEMBL1431,PR,,4.523,0,2,Inactive,censored,CN(C)C(=N)NC(=N)N
CHEMBL48308,PR,,5.301,0,1,,censored,COc1cccc2c1-c1ccc3c(c1C(C1/C=C\CCCCC1)O2)C(C)=CC(C)(C)N3
CHEMBL1689772,PR,,4.523,0,1,Inactive,censored,CN(C)c1cc(CNCC(C)(C)C)c(O)c2c1C[C@H]1C[C@H]3[C@H](N(C)C)C(O)=C(C(N)=O)C(=O)[C@@]3(O)C(O)=C1C2=O
CHEMBL550008,PR,7.100,,1,0,Active,exact,CN1CC[C@H](N(CC2CCCCC2)c2ccc(C#N)c(Cl)c2)C1
CHEMBL568906,PR,7.700,,1,0,Active,exact,CN1CC[C@H](N(Cc2ccccc2Cl)c2ccc(C#N)c(Cl)c2)C1
CHEMBL3818248,PR,6.760,,1,0,Active,exact,COc1cc(NS(=O)(=O)C(F)(F)F)cc(OC)c1Oc1ccc(C#N)c(Cl)c1
CHEMBL568521,PR,6.340,,1,0,Active,exact,CC1(C)C/C(=N\O)c2ccc(-c3ccc(Cl)c(Cl)c3)cc21
CHEMBL3695599,PR,5.890,,1,0,,exact,CC[C@@H]1CC2=CC(=O)CC[C@@H]2[C@H]2CC[C@@]3(C)[C@@H](CC[C@@]34C=CC(=O)O4)[C@H]12
CHEMBL3094471,PR,5.470,,1,0,,exact,CCC(Cc1ccc(C)cc1)NS(=O)(=O)c1c(C)cc(C)cc1C
CHEMBL728,PR,,4.523,0,1,Inactive,censored,CN1CCN(CCCN2c3ccccc3Sc3ccc(Cl)cc32)CC1
CHEMBL193523,PR,7.470,,1,0,Active,exact,Cc1cccc(CC(O)(CC(C)(C)c2cc(F)ccc2O)C(=O)Nc2ccc3c(c2)COC3=O)c1
CHEMBL1644759,PR,5.920,,1,0,,exact,Cc1cc(-c2cccc3cc[nH]c23)c(Cl)c2c1NC(C)(C)[C@H](O)[C@H]2C
CHEMBL470783,PR,,6.000,0,1,,censored,CC[C@@]12C[C@H](O)[C@](O)(c3ccccc3)C[C@H]1CCc1cc(OCc3cccnc3C)ccc12
CHEMBL1765174,PR,5.240,,1,0,,exact,CCCCn1c(=O)c2ccc(OC)cc2c2cc(C(O)(C(F)(F)F)C(F)(F)F)ccc21
CHEMBL3397781,PR,7.435,,2,0,Active,exact,CC(=O)N(C)c1ccc(C23CC4CC(CC(c5ccc(C#N)cc5)(C4)C2)C3)cc1
CHEMBL1531134,PR,,4.523,0,1,Inactive,censored,CC1CCN(CCCC(=O)c2ccc(F)cc2)CC1
CHEMBL3315068,PR,7.640,,1,0,Active,exact,CC(C)(C(=O)NC(N)=O)[C@@H]1c2ccc(-c3ccc(C(=O)N4CCOCC4)nc3)nc2Oc2c(F)cccc21
CHEMBL185,PR,,4.523,0,1,Inactive,censored,O=c1[nH]cc(F)c(=O)[nH]1
CHEMBL589854,PR,7.000,,1,0,Active,exact,CS(=O)(=O)N1CC[C@H](N(Cc2cccc(C(F)(F)F)c2)c2ccc(C#N)c(Cl)c2)C1
CHEMBL6,PR,,4.523,0,2,Inactive,censored,COc1ccc2c(c1)c(CC(=O)O)c(C)n2C(=O)c1ccc(Cl)cc1
CHEMBL3695612,PR,7.310,,1,0,Active,exact,CC[C@]12CC[C@H]3[C@@H](CC4(CC4)C4=CC(=O)CC[C@@H]43)[C@@H]1CC[C@@]21C=CC(=O)O1
CHEMBL62193,PR,,4.523,0,1,Inactive,censored,COc1cc(NS(=O)(=O)c2ccc(N)cc2)nc(OC)n1
CHEMBL1215,PR,,4.523,0,2,Inactive,censored,CNC[C@H](O)c1cccc(O)c1
CHEMBL130257,PR,8.260,,1,0,Active,exact,CC1=CC(C)(C)Nc2ccc3c(c21)/C(=C/c1cccc(F)c1)Oc1c(F)cccc1-3
CHEMBL1098319,PR,,4.523,0,1,Inactive,censored,O=S(=O)(O)CCS
CHEMBL836,PR,,4.523,0,1,Inactive,censored,CCOc1ccccc1OCCN[C@H](C)Cc1ccc(OC)c(S(N)(=O)=O)c1
CHEMBL563609,PR,7.890,,1,0,Active,exact,N#Cc1ccc(N(Cc2ccccc2Cl)[C@H]2CCN(CCC(F)(F)F)C2)cc1Cl
CHEMBL1084360,PR,,5.000,0,1,,censored,CS(=O)(=O)Nc1ccc(-c2ccc3c(cnn3-c3ccc(F)cc3)c2)c(C(F)(F)F)c1
CHEMBL4088914,PR,,5.000,0,2,,censored,CC[C@H]1[C@@H](O)CC(=O)N1c1ccc(C#N)c(C(F)(F)F)c1
CHEMBL1464,PR,,4.523,0,1,Inactive,censored,CC(=O)CC(c1ccccc1)c1c(O)c2ccccc2oc1=O
CHEMBL1801008,PR,7.280,,1,0,Active,exact,CC(C)(C(=O)Nc1nccs1)[C@@H](c1ccccc1)c1ccc(O)c(F)c1
CHEMBL3093441,PR,,5.699,0,1,,censored,Nc1cc(Cl)cc(Cl)c1S(=O)(=O)NC(Cc1c[nH]c2ccccc12)C(F)(F)F
CHEMBL70381,PR,6.100,,1,0,Active,exact,Cc1c(NS(C)(=O)=O)cccc1N(Cc1ccccc1)Cc1ccc(Cl)cc1F
CHEMBL590611,PR,7.520,,1,0,Active,exact,CC(=O)N1CC[C@H](N(Cc2ccccc2C(F)(F)F)c2ccc(C#N)c(Cl)c2)C1
CHEMBL408,PR,5.450,,1,1,,exact,Cc1c(C)c2c(c(C)c1O)CCC(C)(COc1ccc(CC3SC(=O)NC3=O)cc1)O2
CHEMBL1200370,PR,,4.523,0,1,Inactive,censored,O=C(OOC(=O)c1ccccc1)c1ccccc1
CHEMBL2105637,PR,,4.523,0,1,Inactive,censored,Nc1nc(-n2cc(C(=O)O)c(=O)c3cc(F)c(N4CC(O)C4)c(Cl)c32)c(F)cc1F
CHEMBL3920525,PR,6.260,,1,0,Active,exact,COc1cc2oc(=O)cc(C)c2cc1-c1ccc(C#N)n1CC1CCCCC1
CHEMBL194804,PR,7.400,,1,0,Active,exact,Cc1noc(=O)c2ccc(NC(=O)C(O)(CC3CCCCC3)CC(C)(C)c3ccccc3)cc12
CHEMBL29411,PR,,4.523,0,1,Inactive,censored,Cc1ccc(C(C)C)c(O)c1
CHEMBL337856,PR,8.820,,1,0,Active,exact,CC1=CC(C)(C)Nc2ccc3c(c21)/C(=C/c1ccccc1C)Oc1c(F)cccc1-3
CHEMBL960,PR,,4.523,0,1,Inactive,censored,Cc1oncc1C(=O)Nc1ccc(C(F)(F)F)cc1
CHEMBL3622996,PR,6.760,,2,0,Active,exact,C[C@@H]1Cc2c([nH]c3ccc(O)cc23)[C@@H](c2ccc(Cl)cc2)N1CCO
CHEMBL144694,PR,6.960,,2,0,Active,exact,O=C(c1ccc(Cl)c(Cl)c1)N1CCCC(c2ccc(F)cc2)=N1
CHEMBL1000,PR,,4.523,0,2,Inactive,censored,O=C(O)COCCN1CCN(C(c2ccccc2)c2ccc(Cl)cc2)CC1
CHEMBL592510,PR,8.100,,1,0,Active,exact,COC(=O)N1CC[C@H](N(Cc2ccccc2Cl)c2ccc(C#N)c(Cl)c2)C1
CHEMBL1187445,PR,,4.523,0,1,Inactive,censored,NC[C@H]1CC[C@H](C(=O)Oc2ccc(CCC(=O)O)cc2)CC1
CHEMBL655,PR,,4.523,0,1,Inactive,censored,Cc1ncc2n1-c1ccc(Cl)cc1C(c1ccccc1F)=NC2
CHEMBL458084,PR,,5.000,0,1,,censored,N#Cc1ccc([C@H]2CCCC[C@H]2O)cc1C(F)(F)F
CHEMBL402362,PR,5.640,,1,0,,exact,Cc1cc(-c2ccc3cc[nH]c3c2)c(Cl)c2c1NC(C)(C)CC2C
CHEMBL1771,PR,,4.523,0,1,Inactive,censored,COC(=O)[C@H](c1ccccc1Cl)N1CCc2sccc2C1
CHEMBL253944,PR,6.880,,1,0,Active,exact,N=C(N[C@H]1CCCN2c3cc(Cl)ccc3Oc3ccccc3[C@H]12)C(F)(F)F
CHEMBL392568,PR,6.180,,1,0,Active,exact,COc1ccc(F)cc1C(C)(C)CC(O)(Cc1ccc(Cl)cc1Cl)C(F)(F)F
CHEMBL114611,PR,7.610,,1,0,Active,exact,CCCSC1Oc2ccccc2-c2ccc3c(c21)C(C)=CC(C)(C)N3
CHEMBL415,PR,,4.523,0,1,Inactive,censored,CN(C)CCCN1c2ccccc2CCc2ccc(Cl)cc21
CHEMBL1200692,PR,,4.523,0,1,Inactive,censored,CCCc1nc(C(C)(C)O)c(C(=O)OCc2oc(=O)oc2C)n1Cc1ccc(-c2ccccc2-c2nnn[nH]2)cc1
CHEMBL601472,PR,7.520,,1,0,Active,exact,CCOC(=O)N1CC[C@H](N(Cc2cc(F)ccc2C)c2ccc(C#N)c(Cl)c2)C1
CHEMBL1644757,PR,6.380,,1,0,Active,exact,CC(C)=CCC1(C)C(=O)C(C)(C)Nc2c(C)cc(-c3cccc4cc[nH]c34)c(Cl)c21
CHEMBL12,PR,,4.523,0,1,Inactive,censored,CN1C(=O)CN=C(c2ccccc2)c2cc(Cl)ccc21
CHEMBL117465,PR,8.000,,3,0,Active,exact,CC1=CC(C)(C)Nc2ccc(-c3cc(F)cc(C#N)c3)cc21
CHEMBL3970606,PR,5.700,,1,0,,exact,COc1cccc(S(=O)(=O)Nc2ccc(Oc3ccc(O)cc3)c(C)c2)c1
CHEMBL5850220,PR,5.920,,1,0,,exact,C[C@H](Nc1ccc([C@@H]2O[C@@H]3C[C@H]4[C@@H]5CCC6=CC(=O)C=C[C@]6(C)[C@@]5(F)[C@@H](O)C[C@]4(C)[C@]3(C(=O)CO)O2)cn1)c1ccc(N)cc1
CHEMBL1084014,PR,,5.000,0,1,,censored,O=S(=O)(Nc1ccc(-c2ccc3c(cnn3-c3ccc(F)cc3)c2)c(C(F)(F)F)c1)c1cccc(C(F)(F)F)c1
CHEMBL776,PR,,4.523,0,1,Inactive,censored,CC(C)NCC(O)c1cc(O)cc(O)c1
CHEMBL236403,PR,,5.796,0,1,,censored,COc1ccc(F)cc1C(C)(C)CC(O)(c1ccccc1)C(F)(F)F
CHEMBL342508,PR,,6.000,0,1,,censored,O=S(=O)(c1ccc(Cl)c(Cl)c1)N1CCCC(c2ccccc2)=N1
CHEMBL977,PR,,4.523,0,1,Inactive,censored,C[C@]12CCC(=O)C=C1CC[C@@H]1[C@@H]2[C@@H](O)C[C@@]2(C)[C@H]1CC[C@]2(O)C(=O)COC(=O)CCC(=O)O
CHEMBL1091250,PR,,4.523,0,1,Inactive,censored,O=C1/C(=C2\Nc3ccc(S(=O)(=O)O)cc3C2=O)Nc2ccc(S(=O)(=O)O)cc21
CHEMBL1684358,PR,6.180,,1,0,Active,exact,C[C@H]1c2c(cc(F)c(-c3cccc4cc[nH]c34)c2F)NC(C)(C)[C@@H]1OC(=O)Nc1cccc(C#N)c1
CHEMBL1672540,PR,6.320,,1,0,Active,exact,COc1ccc(C(c2ccccc2)c2c[nH]c3ccccc23)cc1
CHEMBL1086116,PR,,5.000,0,1,,censored,CCCN(c1ccccc1)S(=O)(=O)c1ccc(-c2ccc3c(cnn3-c3ccc(F)cc3)c2)c(C(F)(F)F)c1
CHEMBL139835,PR,6.765,,2,0,Active,exact,CC(=O)O[C@]1(C(C)=O)CC[C@H]2[C@@H]3C=C(Cl)C4=CC(=O)[C@@H]5C[C@@H]5[C@]4(C)[C@H]3CC[C@@]21C
CHEMBL404271,PR,,4.523,0,2,Inactive,censored,C[C@H]1O[C@H](O[C@H]2[C@H](O)[C@@H](O)[C@@H](O[C@H]3[C@H](O)[C@@H](O)C(O)O[C@@H]3CO)O[C@@H]2CO)[C@H](O)[C@@H](O)[C@@H]1N[C@H]1C=C(CO)[C@@H](O)[C@H](O)[C@H]1O
CHEMBL4093329,PR,5.100,,1,0,,exact,N#Cc1ccc(S(=O)(=O)N(Cc2ccccc2)c2ccc(Oc3ccccc3)cc2)cc1
CHEMBL584258,PR,6.640,,1,0,Active,exact,C[C@]12Cn3cnc(-c4ccc(F)cc4)c3C=C1CCC[C@@H]2[C@](C)(O)c1cccs1
CHEMBL8659,PR,4.920,,1,0,Inactive,exact,CCCCCCCC/C=C\CCCCCCCC(=O)O
CHEMBL227408,PR,5.160,,1,0,,exact,CC1CN(CC(F)(F)F)c2cc3c(C(F)(F)F)cc(=O)[nH]c3cc2O1
CHEMBL3315062,PR,7.350,,1,0,Active,exact,CC(C)(C(=O)Nc1nncs1)[C@@H]1c2ccc(-c3ccc(C(=O)N4CCOCC4)cc3)nc2Oc2c(F)cccc21
CHEMBL154111,PR,,4.523,0,1,Inactive,censored,O=C(Oc1ccccc1C(=O)O)c1ccccc1O
CHEMBL5870475,PR,7.880,,1,0,Active,exact,C[C@]12C=CC(=O)C=C1[C@@H](F)C[C@H]1[C@@H]3C[C@H]4O[C@@H](c5ccc(Cc6ccc(Cl)c(N)c6)cc5)O[C@@]4(C(=O)CO)[C@@]3(C)C[C@H](O)[C@@]12F
CHEMBL1027,PR,,4.523,0,1,Inactive,censored,Cc1ccsc1C(=CCCN1CCC[C@@H](C(=O)O)C1)c1sccc1C
CHEMBL2107197,PR,,4.523,0,1,Inactive,censored,CN(C)C(=O)c1nc(CNC(=O)CN)n(-c2ccc(Cl)cc2C(=O)c2ccccc2Cl)n1
CHEMBL551081,PR,7.700,,1,0,Active,exact,CC(C)N1CC[C@H](N(Cc2ccccc2Cl)c2ccc(C#N)c(Cl)c2)C1
CHEMBL93894,PR,7.060,,1,0,Active,exact,CC1CC(C)(C)Nc2cc3c(cc21)-c1ccccc1C3
CHEMBL541973,PR,7.800,,1,0,Active,exact,CC(C)CC(c1nnnn1C)N(CC(C)C)c1ccc(C#N)c(Cl)c1
CHEMBL1618102,PR,,4.523,0,1,Inactive,censored,CCCC[N+]1(C)[C@@H]2C[C@@H](OC(=O)[C@H](CO)c3ccccc3)C[C@H]1[C@@H]1O[C@@H]12
CHEMBL1165353,PR,7.890,,1,0,Active,exact,O=C(CC(Nc1ccc([N+](=O)[O-])cc1)C1CCCCC1)c1ccccc1
CHEMBL367463,PR,,4.523,0,1,Inactive,censored,CC(C(=O)O)c1ccc2c(c1)Cc1cccnc1O2
CHEMBL15677,PR,,4.523,0,2,Inactive,censored,O=C(O)Cc1ccccc1Oc1ccc(Cl)cc1Cl
CHEMBL530109,PR,7.470,,1,0,Active,exact,N#Cc1cc(F)cc(-c2ccc3c(c2)C(c2ccco2)(C(F)(F)C(F)(F)F)OCC(=O)N3)c1
CHEMBL104183,PR,9.320,,3,0,Active,exact,CC1=CC(C)(C)Nc2ccc3c(c21)C(c1cccc(Cl)c1)Oc1ccc(Cl)cc1-3
CHEMBL395716,PR,6.720,,1,0,Active,exact,COCc1ccsc1/C=C1\Oc2ccc(O)c(OC)c2-c2ccc3c(c21)C(C)=CC(C)(C)N3
CHEMBL1083149,PR,,5.000,0,1,,censored,O=S(=O)(Nc1ccccc1)c1ccc(-c2ccc3c(cnn3-c3ccc(F)cc3)c2)c(C(F)(F)F)c1
CHEMBL138098,PR,6.120,,1,0,Active,exact,C#CCC1Oc2cccc(OC)c2-c2ccc3c(c21)C(C)=CC(C)(C)N3
CHEMBL1911647,PR,5.750,,1,0,,exact,COc1ccc(F)cc1C(C)(C)CC(O)(Cc1cc2cc(C)ccc2[nH]1)C(F)(F)F
CHEMBL1201274,PR,,4.523,0,1,Inactive,censored,CC(C)NC[C@H](O)COc1ccc(CCOCC2CC2)cc1
CHEMBL3126933,PR,,5.699,0,1,,censored,Cc1ccc(F)cc1C(C)(C)CC(O)(Cc1cc2nc(-c3ccccc3)cnc2[nH]1)C(F)(F)F
CHEMBL1084072,PR,,5.000,0,1,,censored,CCOc1cccc(-c2ccc3c(cnn3-c3ccc(F)cc3)c2)c1
CHEMBL1276308,PR,8.960,,29,0,Active,exact,CC#C[C@]1(O)CC[C@H]2[C@@H]3CCC4=CC(=O)CCC4=C3[C@@H](c3ccc(N(C)C)cc3)C[C@@]21C
CHEMBL599870,PR,,4.523,0,1,Inactive,censored,C=CCSCC1Nc2cc(Cl)c(S(N)(=O)=O)cc2S(=O)(=O)N1
CHEMBL3903419,PR,6.190,,1,0,Active,exact,CN(c1ccc(Oc2ccccc2)cc1)S(=O)(=O)c1cccc(Cl)c1
CHEMBL461522,PR,,4.523,0,1,Inactive,censored,Cc1c(N(C)CS(=O)(=O)O)c(=O)n(-c2ccccc2)n1C
CHEMBL4459932,PR,4.600,,1,0,Inactive,exact,O=C1COc2ccc(C(=O)N3c4ccc(F)cc4OC[C@@H]3CCO)cc2N1
CHEMBL218830,PR,,5.699,0,1,,censored,COc1ccc(F)cc1C(C)(C)CC(O)(CN1C[C@H](C)O[C@@H](C)C1)C(F)(F)F
CHEMBL589624,PR,7.600,,1,0,Active,exact,CC(C)C(=O)N1CC[C@H](N(Cc2ccccc2C(F)(F)F)c2ccc(C#N)c(Cl)c2)C1
CHEMBL236755,PR,6.410,,1,0,Active,exact,COc1ccc(F)cc1C(C)(C)CC(O)(Cc1cc(C)c(C#N)c(C)c1)C(F)(F)F
CHEMBL65354,PR,6.320,,1,0,Active,exact,COc1cccc2c1-c1ccc(NS(C)(=O)=O)cc1C(c1cccc(F)c1)O2
CHEMBL190900,PR,5.100,,1,0,,exact,O=S(=O)(c1ccc(Cl)cc1)N1N=C(c2ccc(Cl)c(Cl)c2)CC1c1ccccc1
CHEMBL3902818,PR,6.200,,1,0,Active,exact,C[C@H](NC(=O)C(F)(F)F)[C@H](Oc1ccc2c(cnn2-c2ccc(F)cc2)c1)c1ccc2ccccc2c1
CHEMBL1660,PR,,4.523,0,1,Inactive,censored,CO[C@H]1/C=C/O[C@@]2(C)Oc3c(C)c(O)c4c(O)c(c(/C=N/N5CCN(C6CCCC6)CC5)c(O)c4c3C2=O)NC(=O)/C(C)=C\C=C\[C@H](C)[C@H](O)[C@@H](C)[C@@H](O)[C@@H](C)[C@H](OC(C)=O)[C@@H]1C
CHEMBL65079,PR,7.710,,5,0,Active,exact,CC1=CC(C)(C)Nc2ccc3c(c21)COc1ccc(F)cc1-3
CHEMBL106994,PR,9.490,,1,0,Active,exact,CC1=CC(C)(C)Nc2ccc3c(c21)C(c1ccc(Cl)cc1)Oc1ccc(F)cc1-3
CHEMBL2105798,PR,,4.523,0,1,Inactive,censored,CC(CNC(=O)c1ccccc1)C(=O)OCC(=O)[C@@]12OC(C)(C)O[C@@H]1C[C@H]1[C@@H]3CCC4=CC(=O)C=C[C@]4(C)[C@@]3(F)[C@@H](O)C[C@@]12C
CHEMBL1318341,PR,,4.523,0,1,Inactive,censored,Cc1cc2c(cc1S(N)(=O)=O)S(=O)(=O)CCC2
CHEMBL1911660,PR,,5.699,0,1,,censored,CC(C)(CC(O)(Cc1cc2ccccc2[nH]1)C(F)(F)F)c1cc(S(C)(=O)=O)cc2c1OCC2
CHEMBL117461,PR,7.260,,2,0,Active,exact,N#Cc1cc(F)cc(-c2ccc3c(c2)C2(CCCC2)C(=O)N3)c1
CHEMBL2137046,PR,9.100,,1,1,Active,exact,CCC(=C(c1ccc(O)cc1)c1ccc(OCCN(C)C)cc1)c1ccccc1
CHEMBL110458,PR,,4.523,0,2,Inactive,censored,OC[C@H]1NC[C@H](O)[C@@H](O)[C@H]1O
CHEMBL145544,PR,6.305,,2,0,Active,exact,O=C(c1ccc(Cl)c(Cl)c1)N1CCCC(c2ccccc2)=N1
CHEMBL8329,PR,5.430,,1,0,,exact,C=CCOc1ccc2c(c1OC)-c1ccc3c(c1C(CC=C)O2)C(C)=CC(C)(C)N3
CHEMBL330726,PR,7.110,,2,0,Active,exact,CCCCn1c2ccccc2c2ccc3c(c21)C(C)=CC(C)(C)N3
CHEMBL1085110,PR,,5.000,0,1,,censored,CCOc1ccccc1-c1ccc2c(cnn2-c2ccc(F)cc2)c1
CHEMBL507701,PR,8.920,,1,0,Active,exact,CC1=CC(C)(C)Nc2ccc3c(c21)[C@H]([C@H]1CCC[C@@]2(C)O[C@@H]12)Oc1c(F)cc(F)cc1-3
CHEMBL94286,PR,5.450,,2,0,,exact,CC1=CC(C)(C)Nc2cc3c(cc21)-c1ccccc1C3=O
CHEMBL453382,PR,7.470,,1,0,Active,exact,CC#C[C@]1(O)CC[C@H]2[C@@H]3CCC4=CC(=O)CCC4=C3[C@@H](c3ccc(N(C)CCC(=O)O)cc3)C[C@@]21C
CHEMBL2107455,PR,,4.523,0,1,Inactive,censored,CS(=O)(=O)Nc1cc2occ(NC=O)c(=O)c2cc1Oc1ccccc1
CHEMBL1077,PR,,4.523,0,1,Inactive,censored,Nc1c(CC(=O)O)cccc1C(=O)c1ccc(Br)cc1
CHEMBL380094,PR,7.400,,1,0,Active,exact,O=S(=O)(c1ccc(Cl)s1)N1CCCCC(c2ccc(Cl)c(Cl)c2)=N1
CHEMBL871,PR,,4.523,0,1,Inactive,censored,CC(O)(P(=O)(O)O)P(=O)(O)O
CHEMBL632,PR,4.940,,1,0,Inactive,exact,C[C@H]1C[C@H]2[C@@H]3CCC4=CC(=O)C=C[C@]4(C)[C@@]3(F)[C@@H](O)C[C@]2(C)[C@@]1(O)C(=O)CO
CHEMBL1533,PR,8.520,,1,0,Active,exact,C#C[C@]1(O)CC[C@H]2[C@@H]3CCC4=CCCC[C@@H]4[C@H]3C(=C)C[C@@]21CC
CHEMBL519581,PR,7.540,,1,0,Active,exact,CC1(C)OCC(=O)Nc2ccc(-c3cc(Cl)cc(Cl)c3)cc21
CHEMBL103092,PR,8.740,,1,0,Active,exact,CC1=CC(C)(C)Nc2ccc3c(c21)C(c1ccc(C)c(F)c1)Oc1ccccc1-3
CHEMBL3955372,PR,6.245,,2,0,Active,exact,CCN(CC)c1cc2oc(=O)ccc2cc1-c1ccc(C#N)n1C
CHEMBL2419306,PR,6.130,,1,0,Active,exact,CC1OC(=O)C(c2ccc(F)cc2)=C1c1ccc2c(c1)NC(=O)CO2
CHEMBL3126942,PR,6.060,,1,0,Active,exact,CC(C)(CC(O)(Cc1cc2ncncc2[nH]1)C(F)(F)F)c1ccc(F)cc1O
CHEMBL317052,PR,,4.523,0,1,Inactive,censored,CNC(=O)c1cnn(-c2nc(N)c3ncn([C@@H]4O[C@H](CO)[C@@H](O)[C@H]4O)c3n2)c1
CHEMBL1289926,PR,,4.523,0,1,Inactive,censored,CNC(=O)c1ccccc1Sc1ccc2c(/C=C/c3ccccn3)n[nH]c2c1
CHEMBL1237021,PR,,4.523,0,1,Inactive,censored,O=C1[C@@H]2[C@H]3CC[C@H](C3)[C@@H]2C(=O)N1C[C@@H]1CCCC[C@H]1CN1CCN(c2nsc3ccccc23)CC1
CHEMBL372795,PR,,4.523,0,1,Inactive,censored,CN[C@@H]1[C@H](O[C@H]2[C@H](O[C@H]3[C@H](O)[C@@H](O)[C@H](N=C(N)N)[C@@H](O)[C@@H]3N=C(N)N)O[C@@H](C)[C@]2(O)C=O)O[C@@H](CO)[C@H](O)[C@H]1O
CHEMBL2141296,PR,,4.523,0,1,Inactive,censored,CC(C)C[C@H](NC(=O)CNC(=O)c1cc(Cl)ccc1Cl)B(O)O
CHEMBL1201758,PR,,4.523,0,1,Inactive,censored,O=C(O)CCCN1CCC(O[C@@H](c2ccc(Cl)cc2)c2ccccn2)CC1
CHEMBL3126954,PR,5.840,,1,0,,exact,COc1ccc(F)cc1C(C)(C)CC(O)(Cc1cc2cncnc2[nH]1)C(F)(F)F
CHEMBL94753,PR,9.300,,3,0,Active,exact,CC1=CC(C)(C)Nc2ccc3c(c21)C(c1ccc(Cl)c(C)c1)Oc1ccc(Cl)cc1-3
CHEMBL5998220,PR,7.500,,1,0,Active,exact,C[C@H](n1ccc2c(Cl)c(C#N)ccc21)C(C)(C)O
CHEMBL3915906,PR,6.290,,1,0,Active,exact,CC(C)c1ccc(NS(=O)(=O)c2cccc(Cl)c2)cc1
CHEMBL3622992,PR,5.570,,1,2,,exact,OCCN1CCc2c([nH]c3ccccc23)C1c1ccc(Cl)cc1
CHEMBL2113712,PR,6.595,,2,0,Active,exact,C=C1C=C(C)CC(C)(C)C1(O)Cc1ccc([N+](=O)[O-])cc1
CHEMBL255863,PR,,4.523,0,1,Inactive,censored,Cc1cn(-c2cc(NC(=O)c3ccc(C)c(Nc4nccc(-c5cccnc5)n4)c3)cc(C(F)(F)F)c2)cn1
CHEMBL1084843,PR,,5.000,0,1,,censored,CSc1ccc(CN2CC(C)(C)[C@@H](Oc3ccc(C#N)c(C(F)(F)F)c3)C2=O)cc1
CHEMBL1911548,PR,6.460,,1,0,Active,exact,COc1ccc(F)cc1C(C)(C)CC(O)(Cc1cc2c(C)cccc2[nH]1)C(F)(F)F
CHEMBL170988,PR,,4.523,0,1,Inactive,censored,N=C(N)NC(=N)NCCc1ccccc1
CHEMBL601055,PR,7.300,,1,0,Active,exact,Cc1ccc(F)cc1CN(c1ccc(C#N)c(Cl)c1)[C@H]1CCN(C(=O)OC(C)C)C1
CHEMBL391231,PR,5.910,,1,0,,exact,C[C@](c1ccc(F)cc1F)(c1c[nH]c2c(NS(C)(=O)=O)cccc12)C1CC1
CHEMBL1076438,PR,8.260,,3,0,Active,exact,CC1(C)[C@H](O)CC[C@]2(C)[C@@]3(C)c4[nH]c5ccccc5c4C[C@@H]3CC[C@@]12O
CHEMBL1373,PR,,4.523,0,1,Inactive,censored,NC(=O)C[S+]([O-])C(c1ccccc1)c1ccccc1
CHEMBL1911655,PR,6.650,,1,0,Active,exact,CC(C)(CC(O)(Cc1cc2ccccc2[nH]1)C(F)(F)F)c1cccc2c1OCC2
CHEMBL1254419,PR,6.890,,1,0,Active,exact,CC(C)(CC(O)(Cc1cc2ccncc2[nH]1)C(F)(F)F)c1cccc2c1OCC2
CHEMBL3927761,PR,6.600,,1,0,Active,exact,CCN(CC)c1cc2oc(=O)ccc2cc1-c1ccc(C#N)n1CC
CHEMBL101852,PR,7.860,,1,0,Active,exact,CC1=CC(C)(C)Nc2ccc3c(c21)C(c1cccc(Br)n1)Oc1ccccc1-3
CHEMBL3126941,PR,,5.699,0,1,,censored,CC(C)(CC(O)(Cc1cc2ncncc2[nH]1)C(F)(F)F)c1cc(F)ccc1O
CHEMBL370259,PR,7.360,,1,0,Active,exact,CC(C)(CC(O)(Cc1cccc(O)c1)C(=O)Nc1ccc2c(c1)COC2=O)c1ccccc1
CHEMBL2419307,PR,5.300,,1,0,,exact,CC1(F)OC(=O)C(c2ccc(F)cc2)=C1c1ccc2c(c1)NC(=O)CO2
CHEMBL54,PR,,4.523,0,2,Inactive,censored,O=C(CCCN1CCC(O)(c2ccc(Cl)cc2)CC1)c1ccc(F)cc1
CHEMBL44746,PR,,4.523,0,1,Inactive,censored,COc1c2occc2c(OC)c2c(=O)cc(C)oc12
CHEMBL216173,PR,6.620,,1,0,Active,exact,Cc1ccc(F)cc1C(C)(C)CC(O)(Cn1ccc(=O)c2ccccc21)C(F)(F)F
CHEMBL1669774,PR,5.510,,1,0,,exact,CC(=O)Oc1cc2c(c(OC(C)=O)c1)C(=O)OCCCCCCCCC2
CHEMBL343410,PR,7.000,,1,0,Active,exact,O=C(c1ccc([N+](=O)[O-])cc1)N1CCCC(c2ccc(Cl)c(Cl)c2)=N1
CHEMBL447878,PR,,4.523,0,1,Inactive,censored,CC(=O)N[C@@H]1[C@@H](O)[C@H](O)[C@@H](CO)O[C@H]1O
CHEMBL5886097,PR,6.740,,1,0,Active,exact,C[C@]12C=CC(=O)C=C1[C@@H](F)C[C@H]1[C@@H]3C[C@H]4O[C@@H](c5ccc(Cc6ccc(N)cc6)c(O)c5)O[C@@]4(C(=O)CO)[C@@]3(C)C[C@H](O)[C@@]12F
CHEMBL567438,PR,8.520,,1,0,Active,exact,C#CCC1(O)CC(C)(C)c2cc(-c3ccc(C#N)n3C)ccc21
CHEMBL1684342,PR,6.800,,1,0,Active,exact,C[C@H]1c2c(cc(F)c(-c3cccc4c(Cl)c[nH]c34)c2F)NC(C)(C)[C@@H]1OC(=O)NCc1ccccc1
CHEMBL1236282,PR,,4.523,0,1,Inactive,censored,CS(=O)(=O)c1ccc([C@@H](O)[C@@H](CO)NC(=O)C(Cl)Cl)cc1
CHEMBL1543,PR,,4.523,0,1,Inactive,censored,N[C@@H](CCC(=O)N[C@@H](CS)C(=O)NCC(=O)O)C(=O)O
CHEMBL294800,PR,6.630,,1,0,Active,exact,COc1cccc2c1-c1ccc(NS(C)(=O)=O)cc1C(c1cccc(C)c1)O2
CHEMBL3094481,PR,5.680,,1,0,,exact,CCC(Cc1ccc(OC)c(C)c1C)NS(=O)(=O)c1c(C)cc(C)cc1C
CHEMBL4174942,PR,6.890,,1,0,Active,exact,O=c1[nH]c2c(F)cc(C(O)(C(F)(F)F)C(F)(F)F)cc2c2ccccc12
CHEMBL590863,PR,7.400,,1,0,Active,exact,CCS(=O)(=O)N1CC[C@H](N(Cc2ccccc2C(F)(F)F)c2ccc(C#N)c(Cl)c2)C1
CHEMBL58,PR,,4.523,0,1,Inactive,censored,O=C1c2c(O)ccc(O)c2C(=O)c2c(NCCNCCO)ccc(NCCNCCO)c21
CHEMBL3695602,PR,7.350,,1,0,Active,exact,CC[C@]12CC[C@H]3[C@@H](CCC4=CC(=O)CC[C@@H]43)[C@@H]1CC[C@@]21C=CC(=O)O1
CHEMBL219916,PR,,4.523,0,1,Inactive,censored,O=c1[nH]c2ccccc2n1CCCN1CCC(n2c(=O)[nH]c3cc(Cl)ccc32)CC1
CHEMBL1197051,PR,,4.523,0,1,Inactive,censored,CC(COc1ccccc1)NC(C)C(O)c1ccc(O)cc1
CHEMBL577997,PR,6.200,,1,0,Active,exact,Cc1c(C#N)c(N)nc2c3c(sc12)NC(=O)CC3c1ccccc1F
CHEMBL590100,PR,7.600,,1,0,Active,exact,CCC(=O)N1CC[C@H](N(Cc2cc(F)ccc2C)c2ccc(C#N)c(Cl)c2)C1
CHEMBL3358938,PR,,5.699,0,1,,censored,CC(C)(CC(O)(Cc1cc2cc(N3CCOCC3)ncc2[nH]1)C(F)(F)F)c1ccccc1S(N)(=O)=O
CHEMBL134786,PR,7.100,,2,0,Active,exact,CC1=CC(C)(C)Nc2ccc(-c3ccc(C=O)s3)cc21
CHEMBL1201341,PR,,4.523,0,1,Inactive,censored,CCOP(=O)(OCC)SCC[N+](C)(C)C
CHEMBL3695608,PR,5.580,,1,0,,exact,C[C@]12CC[C@H]3[C@@H]([C@H](C4CC4)CC4=CC(=O)CC[C@@H]43)[C@@H]1CC[C@@]21C=CC(=O)O1
CHEMBL691,PR,7.700,,1,1,Active,exact,C#C[C@]1(O)CC[C@H]2[C@@H]3CCc4cc(O)ccc4[C@H]3CC[C@@]21C
CHEMBL65410,PR,7.580,,1,0,Active,exact,C=C(/C=C1\Oc2ccc(F)cc2-c2ccc3c(c21)C(C)=CC(C)(C)N3)C(C)C
CHEMBL3397790,PR,7.130,,1,0,Active,exact,CN(c1ccc(C23CC4CC(CC(c5ccc(C#N)cc5)(C4)C2)C3)cc1)S(C)(=O)=O
CHEMBL3902219,PR,6.600,,1,0,Active,exact,COc1cccc(S(=O)(=O)Nc2ccc(Oc3ccccc3)cc2)c1
CHEMBL392499,PR,,5.699,0,1,,censored,COc1ccc(F)cc1C(C)(C)CC(O)(Cc1cc(C)cc(Cl)c1)C(F)(F)F
CHEMBL1206,PR,,4.523,0,1,Inactive,censored,CCN(CC)C(C)CN1c2ccccc2Sc2ccccc21
CHEMBL900,PR,,4.523,0,1,Inactive,censored,Cc1ccccc1C(OCCN(C)C)c1ccccc1
CHEMBL144180,PR,,6.000,0,1,,censored,CCCCc1ccc(C2=NN(C(=O)c3ccc(Cl)c(Cl)c3)CCC2)cc1
CHEMBL588,PR,,4.523,0,1,Inactive,censored,Oc1ccc(C2CNCCc3c2cc(O)c(O)c3Cl)cc1
CHEMBL96783,PR,,4.523,0,1,Inactive,censored,OC[C@@H](O)[C@H](O)[C@@H](O)CO
CHEMBL165055,PR,5.750,,1,0,,exact,CCOC(=O)C1Nc2ccc(-c3cc(F)cc(C#N)c3)cc2C(C)(C)O1
CHEMBL1086261,PR,,5.000,0,1,,censored,CCCCN(c1ccccc1)S(=O)(=O)c1ccc(-c2ccc3c(cnn3-c3ccc(F)cc3)c2)c(C(F)(F)F)c1
CHEMBL138197,PR,6.140,,1,0,Active,exact,C/C=C\C1Oc2cccc(OC)c2-c2ccc3c(c21)C(C)=CC(C)(C)N3
CHEMBL1800984,PR,7.660,,1,0,Active,exact,CC(C)(C(=O)Nc1nccs1)[C@H]1c2ccccc2Oc2cc(O)ccc21
CHEMBL659,PR,,4.523,0,1,Inactive,censored,COc1ccc2c3c1O[C@H]1C[C@@H](O)C=C[C@@]31CCN(C)C2
CHEMBL1682441,PR,5.680,,2,0,,exact,C[C@H]1c2c(cc(F)c(-c3cccc4cc[nH]c34)c2F)NC(C)(C)[C@@H]1O
CHEMBL1515,PR,,4.523,0,1,Inactive,censored,Cn1ccnc1S
CHEMBL364712,PR,7.700,,1,0,Active,exact,C[C@H]1CN(S(=O)(=O)c2ccc(Cl)cc2)N=C1c1ccc(Cl)c(Cl)c1
CHEMBL3929091,PR,6.300,,1,0,Active,exact,COc1ccc(S(=O)(=O)Nc2ccc(Oc3ccccc3)cc2)cc1
CHEMBL3337733,PR,,5.000,0,2,,censored,Cc1nn(CCCO)c(-c2ccc(F)cc2)c1-c1ccc2c(c1)NC(=O)CO2
CHEMBL26764,PR,7.000,,1,0,Active,exact,Cc1cc(Br)cc(-c2ccc3c(c2)C(C)(C)OC(S)=N3)c1
CHEMBL3666813,PR,5.080,,1,0,,exact,C[C@H](NC(=O)C(C)(F)F)[C@H](Oc1ccc2c(cnn2-c2cccc(C(=O)NCc3cccnc3)c2)c1)c1ccc2c(c1)OCCO2
CHEMBL152632,PR,,4.523,0,1,Inactive,censored,O=C1NCCN1c1ncc([N+](=O)[O-])s1
CHEMBL1287853,PR,,4.523,0,1,Inactive,censored,Cc1cnc(Nc2ccc(OCCN3CCCC3)cc2)nc1Nc1cccc(S(=O)(=O)NC(C)(C)C)c1
CHEMBL371311,PR,,6.000,0,1,,censored,C[C@]12Cc3cnn(-c4ccc(F)cc4)c3C=C1CCC21OCCO1
CHEMBL3263758,PR,6.090,,1,0,Active,exact,COc1nc(C2=NN(c3ccc(C#N)c(Cl)c3)[C@@H](C3CCCC3)C2)ccc1C(=O)O
CHEMBL319915,PR,9.260,,1,0,Active,exact,CC1=CC(C)(C)Nc2ccc3c(c21)C(c1cccc(C)c1)Oc1ccc(Cl)cc1-3
CHEMBL637,PR,,4.523,0,1,Inactive,censored,COc1ccc(C(CN(C)C)C2(O)CCCCC2)cc1
CHEMBL3894599,PR,6.540,,1,0,Active,exact,N#Cc1ccc(-c2ccc3oc(=O)ccc3c2)n1Cc1ccc2ccccc2c1
CHEMBL418990,PR,9.110,,1,0,Active,exact,CC1=CC(C)(C)Nc2ccc3c(c21)C(c1cccc(C(F)(F)F)c1)Oc1ccc(F)cc1-3
CHEMBL119058,PR,6.640,,2,0,Active,exact,CC1(C)C(=O)Nc2ccc(-c3cccc([N+](=O)[O-])c3)cc21
CHEMBL3126949,PR,,5.699,0,1,,censored,Cc1ccc(F)cc1C(C)(C)C[C@@](O)(Cc1cc2ncncc2[nH]1)C(F)(F)F
CHEMBL3911233,PR,6.570,,1,0,Active,exact,COc1cccc(Oc2ccc(NS(=O)(=O)c3cccc(Cl)c3)cc2)c1
CHEMBL335879,PR,8.040,,1,0,Active,exact,CC1=CC(C)(C)Nc2ccc3c(c21)/C(=C/c1ccccn1)Oc1ccc(F)cc1-3
CHEMBL144321,PR,6.770,,1,0,Active,exact,O=C1CCC(c2ccccc2)=NN1Cc1ccc(Cl)c(Cl)c1
CHEMBL77779,PR,,5.000,0,1,,censored,Oc1ccc2c(c1)CC[C@@H]1C[C@@](O)(C#CCl)CC[C@@]21Cc1ccccc1
CHEMBL1544,PR,,4.523,0,1,Inactive,censored,N[C@@H](Cc1cc(I)c(Oc2ccc(O)c(I)c2)c(I)c1)C(=O)O
CHEMBL1835807,PR,5.850,,3,0,,exact,CCN(CC)c1cc2oc(=O)ccc2cc1-c1ccccc1
CHEMBL363137,PR,7.460,,3,0,Active,exact,CC(C)(CC(O)(CC1CCCCC1)C(=O)Nc1ccc2c(c1)COC2=O)c1ccccc1
CHEMBL3315058,PR,5.540,,1,0,,exact,CCNC(=O)NC(=O)C(C)(C)[C@@H]1c2ccc(-c3ccc(C(=O)N4CCOCC4)cc3)nc2Oc2c(F)cccc21
CHEMBL394344,PR,,5.699,0,1,,censored,COc1ccccc1-c1ccc2c(c1)C(C(C)OC/C=C/c1ccccc1)=CC(C)(C)N2
CHEMBL418134,PR,,4.523,0,1,Inactive,censored,CC(C)(C)NCC(O)COc1ccccc1C#N
CHEMBL583053,PR,6.100,,1,0,Active,exact,Cc1c(C#N)c(N)nc2c3c(sc12)NC(=O)CC3c1cccc(Cl)c1Cl
CHEMBL50454,PR,6.545,,2,0,Active,exact,C=C1C[C@H](C)C[C@@H](C)[C@@H]1Cc1cc(OC)c(Br)cc1O
CHEMBL228611,PR,6.480,,1,0,Active,exact,C=CCOC(CC)C1=CC(C)(C)Nc2ccc(-c3ccccc3OC)cc21
CHEMBL78625,PR,,5.000,0,1,,censored,CC#C[C@@]1(O)CC[C@@]2(Cc3ccccc3)c3ccc(O)cc3CC[C@@H]2C1
CHEMBL5433271,PR,7.120,,1,0,Active,exact,C[C@]12C=CC(=O)C=C1CC[C@@H]1[C@@H]2[C@@H](O)C[C@@]2(C)[C@H]1C[C@H]1O[C@@H](c3ccc(Cc4cccc(N)c4)cc3)O[C@]12C(=O)CO
CHEMBL119,PR,,4.523,0,1,Inactive,censored,COc1cc(NCc2ccc3nc(N)nc(N)c3c2C)cc(OC)c1OC
CHEMBL203104,PR,,5.699,0,1,,censored,C=CCSCC1=CC(C)(C)Nc2ccc(-c3ccccc3C(F)(F)F)cc21
CHEMBL1530428,PR,,4.523,0,1,Inactive,censored,CC(=O)OCC(=O)[C@@]1(O)[C@H](C)C[C@H]2[C@@H]3CCC4=CC(=O)C=C[C@]4(C)[C@@]3(F)[C@@H](O)C[C@@]21C
CHEMBL154126,PR,5.450,,1,0,,exact,COc1ccc2c(c1)OC(C)(C)C(c1ccccc1)C2c1ccc(OCCN2CCCC2)cc1
CHEMBL53292,PR,,4.523,0,1,Inactive,censored,Cc1cc(NC(=O)C2=C(O)c3ccccc3S(=O)(=O)N2C)no1
CHEMBL446418,PR,7.620,,2,0,Active,exact,CC1=CC(C)(C)Nc2cc3c(cc21)-c1ccc(Br)cc1C3
CHEMBL1254265,PR,5.890,,1,0,,exact,CC(C)(CC(O)(Cc1cc2ccncc2[nH]1)C(F)(F)F)c1cc(-c2ccccc2)ccc1O
CHEMBL66598,PR,5.160,,1,0,,exact,CCOc1cccc2c1-c1ccc(NS(C)(=O)=O)cc1C(c1ccccc1)O2
CHEMBL571605,PR,6.100,,1,0,Active,exact,Cc1c(C#N)c(N)nc2c3c(sc12)NC(=O)CC3c1ccc(Cl)cc1Cl
CHEMBL221959,PR,,4.523,0,1,Inactive,censored,C[C@@H]1CCN(C(=O)CC#N)C[C@@H]1N(C)c1ncnc2[nH]ccc12
CHEMBL5748745,PR,7.940,,1,0,Active,exact,C[C@]12C=CC(=O)C=C1[C@@H](F)C[C@H]1[C@@H]3C[C@H]4O[C@@H](c5ccc(CSc6cccc(N)c6)cc5)O[C@@]4(C(=O)CO)[C@@]3(C)C[C@H](O)[C@@]12F
CHEMBL50444,PR,,4.523,0,1,Inactive,censored,CC(O)(CC(=O)O)CC(=O)O
CHEMBL192859,PR,5.700,,1,0,,exact,C[C@@H]1CN(S(=O)(=O)c2ccc(Cl)cc2)N=C1c1ccc(Cl)c(Cl)c1
CHEMBL1764,PR,,4.523,0,1,Inactive,censored,COc1ccc2c(c1)N(C[C@H](C)CN(C)C)c1ccccc1S2
CHEMBL550170,PR,7.700,,1,0,Active,exact,Cc1cc(C(C)N(Cc2ccccc2Cl)c2ccc(C#N)c(Cl)c2)on1
CHEMBL590610,PR,7.400,,1,0,Active,exact,CC(C)S(=O)(=O)N1CC[C@H](N(Cc2ccccc2C(F)(F)F)c2ccc(C#N)c(Cl)c2)C1
CHEMBL20835,PR,,4.523,0,1,Inactive,censored,CC(=O)OC1CN2CCC1CC2
CHEMBL335249,PR,9.210,,1,0,Active,exact,CC1=CC(C)(C)Nc2ccc3c(c21)/C(=C/c1ccccc1F)Oc1ccc(F)cc1-3
CHEMBL1765165,PR,5.400,,1,0,,exact,CCCCn1c(=O)c2ccccc2c2c(OC)c(C(O)(C(F)(F)F)C(F)(F)F)ccc21
CHEMBL93474,PR,,5.000,0,1,,censored,CC1=CC(C)(C)Nc2cc3c(cc21)-c1ccc(Br)cc1C3Cc1ccccc1
CHEMBL342819,PR,,5.301,0,1,,censored,COc1cccc2c1-c1ccc3c(c1C(C(N)=O)O2)C(C)=CC(C)(C)N3
CHEMBL1079905,PR,,4.523,0,1,Inactive,censored,CCCn1cnc2c1c(=O)n(CCCCC(C)=O)c(=O)n2C
CHEMBL6030096,PR,6.860,,1,0,Active,exact,C[C@]12C=CC(=O)C=C1CC[C@H]1[C@@H]3C[C@H]4O[C@@H](c5ccc(NC6(c7ccc(N)cc7)CC6)nc5)O[C@@]4(C(=O)CO)[C@@]3(C)C[C@H](O)[C@@]12F
CHEMBL118963,PR,7.500,,1,0,Active,exact,O=C1Nc2ccc(-c3cccc(Cl)c3)cc2C12CCCC2
CHEMBL1083783,PR,,5.000,0,1,,censored,O=S(=O)(Nc1ccc(-c2ccc3c(cnn3-c3ccc(F)cc3)c2)c(C(F)(F)F)c1)c1ccccc1
CHEMBL85,PR,,4.523,0,2,Inactive,censored,Cc1nc2n(c(=O)c1CCN1CCC(c3noc4cc(F)ccc34)CC1)CCCC2
CHEMBL189,PR,,4.523,0,1,Inactive,censored,Cc1[nH]c(=O)c(C#N)cc1-c1ccncc1
CHEMBL3358941,PR,,5.699,0,1,,censored,CC(C)(CC(O)(Cc1cc2cc(N3CCOCC3)ncc2[nH]1)C(F)(F)F)c1cccc(S(N)(=O)=O)c1
CHEMBL330235,PR,7.240,,2,0,Active,exact,CC1=CC(C)(C)Nc2ccc3c(c21)Cc1cc([N+](=O)[O-])ccc1-3
CHEMBL568,PR,,4.523,0,1,Inactive,censored,O=C1Nc2ccc(Cl)cc2C(c2ccccc2)=NC1O
CHEMBL2181925,PR,6.320,,1,0,Active,exact,O=c1[nH]c2cc(/C=C3\c4ccccc4COc4cc(F)ccc43)ccc2n1[C@H]1C[C@H]2COCCN2C1
CHEMBL1020,PR,,4.523,0,1,Inactive,censored,Cc1ccc(C(=O)c2ccc(CC(=O)O)n2C)cc1
CHEMBL520223,PR,7.200,,1,0,Active,exact,CCC1(c2ccco2)OCC(=O)Nc2ccc(-c3ccc(F)c(Cl)c3)cc21
CHEMBL3622994,PR,6.140,,1,1,Active,exact,C[C@@H]1Cc2c([nH]c3ccccc23)[C@@H](c2ccc(Cl)cc2)N1CCO
CHEMBL1257454,PR,,6.000,0,1,,censored,COc1ccc(F)cc1C(C)(C)CC(O)(CNc1cccc2nc(C)ccc12)C(F)(F)F
CHEMBL1419,PR,,4.523,0,1,Inactive,censored,CC(C)CC(N(C)C)C1(c2ccc(Cl)cc2)CCC1
CHEMBL32800,PR,,4.523,0,2,Inactive,censored,CC(Cc1ccc(O)cc1)NCC(O)c1cc(O)cc(O)c1
CHEMBL416465,PR,,5.301,0,1,,censored,C=C(CO)CC1Oc2cccc(OC)c2-c2ccc3c(c21)C(C)=CC(C)(C)N3
CHEMBL3891045,PR,6.850,,1,0,Active,exact,N#Cc1ccc(-c2ccc3oc(=O)ccc3c2)[nH]1
CHEMBL3695609,PR,6.120,,1,0,Active,exact,CC[C@]12CC[C@H]3[C@@H](CCC4=C(Cl)C(=O)CC[C@@H]43)[C@@H]1CC[C@@]21C=CC(=O)O1
CHEMBL3764446,PR,5.910,,1,0,,exact,Cc1c(N[C@@H]2COC[C@@]2(C)O)ccc(C#N)c1Cl
CHEMBL203240,PR,,5.699,0,1,,censored,C=CCSCC1=CC(C)(C)Nc2ccc(-c3ccccc3[N+](=O)[O-])cc21
CHEMBL4173799,PR,7.195,,2,0,Active,exact,Cc1cc(C(O)(C(F)(F)F)C(F)(F)F)cc2c3ccc(F)cc3c(=O)n(C)c12
CHEMBL51093,PR,6.285,,2,0,Active,exact,C=C1CC[C@@H](Br)C(C)(C)[C@H]1Cc1cc(OC)c(Br)cc1O
CHEMBL93451,PR,7.000,,1,0,Active,exact,CC1=CC(C)(C)Nc2cc3c(cc21)-c1ccc(F)cc1C3O
CHEMBL1332032,PR,,4.523,0,1,Inactive,censored,CC(=O)Oc1cc(C(F)(F)F)ccc1C(=O)O
CHEMBL146782,PR,6.330,,1,0,Active,exact,O=C(c1cc(Cl)cc(Cl)c1)N1CCCC(c2ccc(Br)cc2)=N1
CHEMBL3337735,PR,,5.000,0,2,,censored,Cc1nn(Cc2ccccn2)c(-c2ccc(F)cc2)c1-c1ccc2c(c1)NC(=O)CO2
CHEMBL3093454,PR,5.620,,1,0,,exact,Cc1cc(C)c(S(=O)(=O)NC(Cn2ccc3ccccc32)C(F)(F)F)c(C)c1
CHEMBL104451,PR,8.570,,1,0,Active,exact,COc1ccc(C2Oc3ccc(F)cc3-c3ccc4c(c32)C(C)=CC(C)(C)N4)cc1
CHEMBL1254079,PR,5.720,,2,0,,exact,Cc1ccc(F)cc1C(C)(C)CC(O)(Cc1cc2ccncc2[nH]1)C(F)(F)F
CHEMBL195962,PR,7.460,,1,0,Active,exact,Cc1noc(=O)c2ccc(NC(=O)C(O)(CC3CCCCC3)CC(C)(C)c3cc(F)ccc3O)cc12
CHEMBL94,PR,,4.523,0,1,Inactive,censored,CNC(=O)Oc1ccc2c(c1)[C@]1(C)CCN(C)[C@@H]1N2C
CHEMBL1163529,PR,8.040,,1,0,Active,exact,O=C(CC(Nc1ccc([N+](=O)[O-])cc1)C1CCCCC1)c1ccc(Cl)c(Cl)c1
CHEMBL3898358,PR,6.280,,1,0,Active,exact,O=S(=O)(Nc1ccc(Oc2ccccc2)cc1)c1ccccc1
CHEMBL332264,PR,8.490,,1,0,Active,exact,CC1=CC(C)(C)Nc2ccc3c(c21)C(CCCCCl)Oc1ccccc1-3
CHEMBL1525826,PR,,4.523,0,1,Inactive,censored,COc1nccnc1NS(=O)(=O)c1ccc(N)cc1
CHEMBL443052,PR,,4.523,0,1,Inactive,censored,OB1OCc2cc(F)ccc21
CHEMBL336041,PR,,5.301,0,1,,censored,CCCC1Oc2cccc(OC)c2-c2ccc3c(c21)C(C)=CC(C)(C)N3
CHEMBL3937635,PR,,4.699,0,1,Inactive,censored,COc1ccc([C@@H](Oc2ccc3c(cnn3-c3ccc(F)cc3)c2)[C@H](C)NC(=O)C2CC2)cn1
CHEMBL427899,PR,6.190,,1,0,Active,exact,Cc1cc(-c2cccc3ccn(C)c23)c(Cl)c2c1NC(C)(C)CC2C
CHEMBL2216870,PR,,4.523,0,1,Inactive,censored,CC[C@H](Nc1ncnc2[nH]cnc12)c1nc2cccc(F)c2c(=O)n1-c1ccccc1
CHEMBL1259059,PR,,4.523,0,1,Inactive,censored,CC(C)OC(=O)[C@H](C)N[P@](=O)(OC[C@H]1O[C@@H](n2ccc(=O)[nH]c2=O)[C@](C)(F)[C@@H]1O)Oc1ccccc1
CHEMBL1741,PR,,4.523,0,1,Inactive,censored,CC[C@H]1OC(=O)[C@H](C)[C@@H](O[C@H]2C[C@@](C)(OC)[C@@H](O)[C@H](C)O2)[C@H](C)[C@@H](O[C@@H]2O[C@H](C)C[C@H](N(C)C)[C@H]2O)[C@](C)(OC)C[C@@H](C)C(=O)[C@H](C)[C@@H](O)[C@]1(C)O
CHEMBL278623,PR,,4.523,0,1,Inactive,censored,CC(C)(N)C(=O)N[C@H](Cc1c[nH]c2ccccc12)C(=O)N[C@H](Cc1c[nH]c2ccccc12)NC=O
CHEMBL396997,PR,6.220,,1,0,Active,exact,C=CCSC(C)C1=CC(C)(C)Nc2ccc(-c3ccccc3OC)cc21
CHEMBL549,PR,,4.523,0,2,Inactive,censored,CN(C)CCCC1(c2ccc(F)cc2)OCc2cc(C#N)ccc21
CHEMBL3358940,PR,,5.699,0,1,,censored,CC(C)(CC(O)(Cc1cc2cc(N3CCOCC3)ncc2[nH]1)C(F)(F)F)c1cccc(S(C)(=O)=O)c1
CHEMBL838,PR,,4.523,0,2,Inactive,censored,CCOC(=O)[C@H](CCc1ccccc1)N[C@H]1CCc2ccccc2N(CC(=O)O)C1=O
CHEMBL3397780,PR,7.230,,1,0,Active,exact,CC(=O)Nc1ccc(C23CC4CC(CC(c5ccc(C#N)cc5)(C4)C2)C3)cc1
CHEMBL1565476,PR,,4.523,0,1,Inactive,censored,CCCC1C(=O)N2C(N(C)C)=Nc3ccc(C)cc3N2C1=O
CHEMBL1254494,PR,5.920,,1,0,,exact,CC(C)(CC(O)(Cc1cc2ccncc2[nH]1)C(F)(F)F)c1cc(Cl)cc2c1OCC2
CHEMBL3915997,PR,6.040,,1,0,Active,exact,C[C@H](NC(=O)C(F)(F)F)[C@H](Oc1ccc2c(cnn2-c2ccc(F)cc2)c1)c1ccccc1
CHEMBL2419295,PR,6.110,,1,0,Active,exact,CCN1C(=O)C(c2ccc(F)cc2)=C(c2ccc3c(c2)NC(=O)CO3)C1C
CHEMBL1017,PR,,4.523,0,2,Inactive,censored,CCCc1nc2c(C)cc(-c3nc4ccccc4n3C)cc2n1Cc1ccc(-c2ccccc2C(=O)O)cc1
CHEMBL194012,PR,,6.000,0,1,,censored,C[C@H]1OC2(CCC3=Cc4c(cnn4-c4ccc(F)cc4)C[C@@]32C)O[C@@H]1C
CHEMBL3605928,PR,7.360,,1,0,Active,exact,COc1ccc(F)cc1-c1c(-c2ccccc2)[nH]c2c(NS(C)(=O)=O)cccc12
CHEMBL463,PR,,4.523,0,1,Inactive,censored,Nc1ccc(C(=O)NCC(=O)O)cc1
CHEMBL336353,PR,8.920,,1,0,Active,exact,CC1=CC(C)(C)Nc2ccc3c(c21)/C(=C/c1ccccc1N(C)C)Oc1ccc(F)cc1-3
CHEMBL3774855,PR,,4.699,0,1,Inactive,censored,CC(=O)N1C[C@H](C(=O)Nc2ccc(C)cc2C)[C@@H](c2nnc([C@H]3C[C@@H](CC(C)C)C3)n2C2CC2)C1
CHEMBL141915,PR,,5.301,0,1,,censored,C=CCCC1Oc2cccc(OC)c2-c2ccc3c(c21)C(C)=CC(C)(C)N3
CHEMBL1326877,PR,4.550,,1,0,Inactive,exact,COc1ccc(C(=O)c2ccccc2O)c(O)c1
CHEMBL1605835,PR,,4.523,0,1,Inactive,censored,CCC(=O)c1c(O)cc(O)cc1O
CHEMBL848,PR,,4.523,0,2,Inactive,censored,Nc1cccc2c1CN(C1CCC(=O)NC1=O)C2=O
CHEMBL285705,PR,7.540,,1,0,Active,exact,C[C@H]1C(=O)C(C)(C)Nc2ccc3c(c21)[C@H](c1ccccc1)Oc1ccccc1-3
CHEMBL61006,PR,,4.523,0,1,Inactive,censored,CC(N)C(O)c1ccccc1
CHEMBL615,PR,,4.523,0,1,Inactive,censored,CC1(C)S[C@@H]2[C@H](NC(=O)COc3ccccc3)C(=O)N2[C@H]1C(=O)O
CHEMBL575,PR,,4.523,0,1,Inactive,censored,COc1cccc(OC)c1C(=O)N[C@@H]1C(=O)N2[C@@H]1SC(C)(C)[C@@H]2C(=O)O
CHEMBL407672,PR,9.280,,1,0,Active,exact,C#C[C@]1(O)CC[C@H]2[C@@H]3CCC4=CC(=O)CCC4=C3[C@@H](c3ccc(N(C)CCOC4CC[C@@]5(C)[C@@H](C4)C[C@@H](O)[C@@H]4[C@@H]5C[C@H](O)[C@]5(C)[C@@H]([C@H](C)CCC(=O)NCCS(=O)(=O)O)CC[C@@H]45)cc3)C[C@@]21C
CHEMBL519394,PR,7.000,,1,0,Active,exact,CCC1(c2cccs2)OCC(=O)Nc2ccc(-c3cc(F)cc(C#N)c3)cc21
CHEMBL2018096,PR,,4.523,0,1,Inactive,censored,OC[C@H]1O[C@@H](c2ccc(F)c(Cc3cc4ccccc4s3)c2)[C@H](O)[C@@H](O)[C@@H]1O
CHEMBL3917444,PR,5.420,,1,0,,exact,COc1cccc(Oc2ccc(NC(=O)c3ccccc3)cc2)c1
CHEMBL1237072,PR,,4.523,0,1,Inactive,censored,CC[C@H]1OC(=O)[C@H](C)[C@@H](O[C@H]2C[C@@](C)(OC)[C@@H](O)[C@H](C)O2)[C@H](C)[C@@H](O[C@@H]2O[C@H](C)C[C@H](N(C)C)[C@H]2O)[C@](C)(O)C[C@@H](C)[C@@H]2N[C@@H](COCCOC)O[C@H]([C@H]2C)[C@]1(C)O
CHEMBL1163975,PR,6.760,,1,0,Active,exact,COc1cc(C(CC(=O)c2cccc(C)c2)Nc2ccc([N+](=O)[O-])cc2)cc(OC)c1OC
CHEMBL484785,PR,,4.523,0,1,Inactive,censored,N#Cc1ccc(Oc2ccc3c(c2)COB3O)cc1
CHEMBL559580,PR,7.700,,1,0,Active,exact,CC(c1nccn1C)N(Cc1ccccc1Cl)c1ccc(C#N)c(Cl)c1
CHEMBL1389,PR,9.000,,3,0,Active,exact,C#C[C@]1(O)CC[C@H]2[C@@H]3CCC4=CC(=O)CC[C@@H]4[C@H]3CC[C@@]21CC
CHEMBL359228,PR,6.240,,1,0,Active,exact,CCc1ccc(C2=NN(C(=O)c3ccc(Cl)c(Cl)c3)CCC2)cc1
CHEMBL388590,PR,,4.523,0,1,Inactive,censored,CCc1oc2ccccc2c1C(=O)c1cc(Br)c(O)c(Br)c1
CHEMBL9337,PR,6.000,,1,0,Active,exact,CC1(C)C(=O)N(c2ccc(C#N)c(C(F)(F)F)c2)C(=O)N1CCCCO
CHEMBL564479,PR,7.400,,1,0,Active,exact,CN1C[C@@H](N(Cc2ccc(F)cc2F)c2ccc(C#N)c(Cl)c2)CC1=O
CHEMBL1073,PR,,4.523,0,2,Inactive,censored,Cc1cnc(C(=O)NCCc2ccc(S(=O)(=O)NC(=O)NC3CCCCC3)cc2)cn1
CHEMBL1425,PR,,4.523,0,1,Inactive,censored,Sc1ncnc2nc[nH]c12
CHEMBL222863,PR,,4.523,0,1,Inactive,censored,C[C@@H]1O[C@@H](O[C@H]2C[C@@H](O)[C@]3(CO)[C@H]4[C@H](O)C[C@]5(C)[C@@H](C6=CC(=O)OC6)CC[C@]5(O)[C@@H]4CC[C@]3(O)C2)[C@H](O)[C@H](O)[C@H]1O
CHEMBL326092,PR,8.540,,1,0,Active,exact,CCCCC1Oc2ccc(F)cc2-c2ccc3c(c21)C(C)=CC(C)(C)N3
CHEMBL2426662,PR,6.970,,1,0,Active,exact,CC(C)(C(=O)Nc1nncs1)[C@@H](c1ccccc1)c1ccc2c(cnn2-c2ccc(F)cc2)c1
CHEMBL252556,PR,4.560,,1,0,Inactive,exact,COC1=C(OC)C(=O)C(CCCCCCCCCCO)=C(C)C1=O
CHEMBL3358936,PR,,5.699,0,1,,censored,CC(C)(CC(O)(Cc1cc2cc(N3CCOCC3)ncc2[nH]1)C(F)(F)F)c1cccc(O)c1
CHEMBL265502,PR,,4.523,0,1,Inactive,censored,Cc1ccc(C(=O)Nc2ccc(S(=O)(=O)O)c3cc(S(=O)(=O)O)cc(S(=O)(=O)O)c23)cc1NC(=O)c1cccc(NC(=O)Nc2cccc(C(=O)Nc3cc(C(=O)Nc4ccc(S(=O)(=O)O)c5cc(S(=O)(=O)O)cc(S(=O)(=O)O)c45)ccc3C)c2)c1
CHEMBL62872,PR,,6.000,0,1,,censored,CC1=CC(C)(C)Nc2ccc3c(c21)COc1cc(C(F)(F)F)ccc1-3
CHEMBL1672542,PR,6.340,,1,0,Active,exact,CC(c1ccc(F)cc1)(c1c[nH]c2c(NS(C)(=O)=O)cccc12)C1CC1
CHEMBL3921236,PR,5.770,,1,0,,exact,O=S(=O)(Nc1ccc(Oc2ccccc2)cc1)c1ccc2ccccc2c1
CHEMBL1349,PR,,4.523,0,1,Inactive,censored,CC(C)[C@H](N)C(=O)OCCOCn1cnc2c(=O)nc(N)[nH]c21
CHEMBL1261,PR,,4.523,0,1,Inactive,censored,O=C(O)CC(O)(CC(=O)O)C(=O)O
CHEMBL137902,PR,8.060,,1,0,Active,exact,CC1=CC(C)(C)Nc2ccc3c(c21)/C(=C/c1ccc(Br)cc1)Oc1ccccc1-3
CHEMBL8394,PR,5.320,,1,0,,exact,C=CCC1Oc2cccc(SC)c2-c2ccc3c(c21)C(C)=CC(C)(C)N3
CHEMBL136464,PR,8.460,,1,0,Active,exact,CC1=CC(C)(C)Nc2ccc3c(c21)/C(=C/c1ccc(F)cc1)Oc1ccccc1-3
CHEMBL552284,PR,7.600,,1,0,Active,exact,CN1C[C@@H](N(Cc2cccc(F)c2F)c2ccc(C#N)c(Cl)c2)CC1=O
CHEMBL1254420,PR,6.350,,1,0,Active,exact,CC(C)(CC(O)(Cc1cc2ccncc2[nH]1)C(F)(F)F)c1cc(F)cc2c1OCC2
CHEMBL1257343,PR,6.000,,1,0,Active,exact,COc1ccc(F)cc1C(C)(C)CC(O)(CNc1cccc2ncccc12)C(F)(F)F
CHEMBL3658377,PR,7.920,,1,0,Active,exact,CC1CC2=CC(=O)CCC2C2CC[C@@]3(C)C(C4CC4[C@@]34CCC(=O)O4)C12
CHEMBL542,PR,,4.523,0,1,Inactive,censored,Nc1ccc(C(=O)O)cc1
CHEMBL1489662,PR,,4.523,0,1,Inactive,censored,O=C(Cc1ccc(-c2ccccc2)cc1)Nc1ccccn1
CHEMBL391917,PR,,5.699,0,1,,censored,COc1ccc(F)cc1C(C)(C)CC(O)(Cc1ccc(C=O)cc1)C(F)(F)F
CHEMBL3120317,PR,7.570,,1,0,Active,exact,CC/C(=C1\c2ccccc2OCc2cccc(OC)c21)c1cccc(NS(C)(=O)=O)c1
CHEMBL1165,PR,,4.523,0,1,Inactive,censored,CCOC(=O)[C@H](CCc1ccccc1)N[C@@H](C)C(=O)N1Cc2cc(OC)c(OC)cc2C[C@H]1C(=O)O
CHEMBL1291,PR,,4.523,0,1,Inactive,censored,CC(=O)Oc1c(C)cc(OCC(O)CNC(C)C)c(C)c1C
CHEMBL303768,PR,,7.000,0,1,,censored,CC1=CC(C)(C)Nc2ccc3c(c21)C(=C(c1ccccc1)c1ccccc1)Oc1ccc(F)cc1-3
CHEMBL298470,PR,5.370,,1,0,,exact,COc1cc(C)c2c(Oc3cccc(C(F)(F)F)c3)c(OC)cc(NC(C)CCCN)c2n1
CHEMBL880,PR,,4.523,0,1,Inactive,censored,CC(=O)OCC(CCn1cnc2cnc(N)nc21)COC(C)=O
CHEMBL3926496,PR,7.360,,1,0,Active,exact,C[C@@]12CCC(=O)C=C1[C@H]1C[C@H]1[C@@H]1[C@H]3[C@H]4C[C@H]4[C@]4(CCC(=O)O4)[C@]3(C)CC[C@H]12
CHEMBL419,PR,,4.523,0,1,Inactive,censored,NCc1ccc(S(N)(=O)=O)cc1
CHEMBL3186538,PR,,4.523,0,1,Inactive,censored,COC1=C(C(=O)O)N2C(=O)[C@@H](NC(=O)[C@H](N)C3=CCC=CC3)[C@H]2SC1
CHEMBL1650,PR,,4.523,0,1,Inactive,censored,CC(=O)OCC(=O)[C@@]1(O)CC[C@H]2[C@@H]3CCC4=CC(=O)CC[C@]4(C)[C@H]3C(=O)C[C@@]21C
CHEMBL1254080,PR,5.920,,1,0,,exact,COc1ccc(-c2ccccc2)cc1C(C)(C)CC(O)(Cc1cc2ccncc2[nH]1)C(F)(F)F
CHEMBL283754,PR,,4.523,0,1,Inactive,censored,CCC(CC)(CC(=O)Nc1cccc(/C=C/c2nc(C3CCC3)cs2)c1)C(=O)O
CHEMBL3908173,PR,6.520,,1,0,Active,exact,N#Cc1cccc(S(=O)(=O)Nc2ccc(Oc3ccccc3)cc2)c1
CHEMBL766,PR,,4.523,0,1,Inactive,censored,CC1(C)C[C@@H]1C(=O)N/C(=C\CCCCSC[C@H](N)C(=O)O)C(=O)O
CHEMBL489,PR,,7.000,0,1,,censored,CC/C(=C(\c1ccc(O)cc1)c1ccc(OCCN(C)C)cc1)c1ccccc1
CHEMBL807,PR,,4.523,0,1,Inactive,censored,CC12CC3CC(C)(C1)CC(N)(C3)C2
CHEMBL2105115,PR,,4.523,0,1,Inactive,censored,COc1ccccc1OC1(C)OC(=O)c2ccccc2O1
CHEMBL268239,PR,6.720,,1,0,Active,exact,C=CCC1Oc2cccc(CO)c2-c2ccc3c(c21)C(C)=CC(C)(C)N3
CHEMBL308954,PR,7.100,,1,0,Active,exact,Cc1cc(C#N)cc(C)c1Oc1nc(Nc2ccc(C#N)cc2)nc(N)c1Br
CHEMBL1094797,PR,5.870,,1,0,,exact,CCCC1=C(C(=O)OCC)[C@H](c2ccnc3ccccc23)C(C#N)=C(C)N1
CHEMBL2441094,PR,5.300,,1,0,,exact,COc1cccc(C(=O)Nc2ccc(Oc3ccc(O)cc3)c(C)c2)c1
CHEMBL502,PR,,4.523,0,2,Inactive,censored,COc1cc2c(cc1OC)C(=O)C(CC1CCN(Cc3ccccc3)CC1)C2
CHEMBL62700,PR,8.680,,2,0,Active,exact,CC1=CC(C)(C)Nc2ccc3c(c21)/C(=C/Br)Oc1ccc(F)cc1-3
CHEMBL103232,PR,9.260,,1,0,Active,exact,CC1=CC(C)(C)Nc2ccc3c(c21)C(c1ccc(Br)cc1)Oc1ccccc1-3
CHEMBL305298,PR,8.480,,1,0,Active,exact,Cn1c(C#N)ccc1-c1ccc2c(c1)C1(CCCCC1)C(=O)N2
CHEMBL94749,PR,9.310,,3,0,Active,exact,CC1=CC(C)(C)Nc2ccc3c(c21)C(c1ccc(Cl)c(C)c1)Oc1ccc(F)cc1-3
CHEMBL3989728,PR,,4.523,0,1,Inactive,censored,Cc1cc(OP(=O)([O-])[O-])c2ccccc2c1OP(=O)([O-])[O-].O.O.O.O.O.O.[Na+].[Na+].[Na+].[Na+]
CHEMBL946,PR,,4.523,0,1,Inactive,censored,CN1CCC(=C2c3ccccc3CCc3cccnc32)CC1
CHEMBL3094482,PR,6.070,,1,0,Active,exact,CCC(Cc1ccc(O)c(C)c1C)NS(=O)(=O)c1c(C)cc(C)cc1C
CHEMBL131855,PR,7.585,,2,0,Active,exact,CC1=CC(C)(C)Nc2ccc(-c3sc(C#N)cc3C)cc21
CHEMBL443579,PR,5.020,,1,0,,exact,COc1cccc(-c2ccc(C#N)c(C(F)(F)F)c2)c1
CHEMBL5739769,PR,7.470,,1,0,Active,exact,C[C@]12C=CC(=O)C=C1[C@@H](F)C[C@H]1[C@@H]3C[C@H]4O[C@@H](c5ccc(Cc6ccc(O)c(N)c6)cc5)O[C@@]4(C(=O)CO)[C@@]3(C)C[C@H](O)[C@@]12F
CHEMBL3315063,PR,6.550,,1,0,Active,exact,CC(C)(C(=O)NC(N)=O)[C@H]1c2ccccc2Oc2nc(-c3ccc(C(=O)N4CCOCC4)cc3)ccc21
CHEMBL1623,PR,,4.523,0,2,Inactive,censored,Cc1cccc(CN2CCN(C(c3ccccc3)c3ccc(Cl)cc3)CC2)c1
CHEMBL1801006,PR,7.510,,1,0,Active,exact,CC(C)(C(=O)Nc1nccs1)[C@@H](c1ccccc1)c1ccc(O)c(Br)c1
CHEMBL1163585,PR,6.240,,1,0,Active,exact,Cc1ccc(C(=O)CC(Nc2ccc(F)c(F)c2)c2cccc(F)c2)cc1
CHEMBL669,PR,,4.523,0,1,Inactive,censored,CN(C)CCC=C1c2ccccc2C=Cc2ccccc21
CHEMBL1908373,PR,7.750,,7,0,Active,exact,CN(C)c1ccc([C@H]2C[C@]3(C)[C@@H](CC[C@]3(O)CCCO)[C@@H]3CCC4=CC(=O)CCC4=C32)cc1
CHEMBL498651,PR,,6.000,0,1,,censored,C=CCNC(=O)O[C@]1(C(=O)CO)[C@@H](C)C[C@H]2[C@@H]3CCC4=CC(=O)C=C[C@]4(C)[C@@]3(F)[C@@H](O)C[C@@]21C
CHEMBL923,PR,,4.523,0,1,Inactive,censored,O=P(O)(O)C(O)(Cc1cccnc1)P(=O)(O)O
CHEMBL442444,PR,,4.523,0,1,Inactive,censored,CCN(CC)CCOC(=O)C(c1ccccc1)C1CCCCC1
CHEMBL34589,PR,8.280,,1,0,Active,exact,CC1(C)Nc2ccc3c(c2C(C)(C)C1=O)C(c1ccc(Cl)cc1)Oc1ccccc1-3
CHEMBL1163976,PR,7.460,,1,0,Active,exact,Cc1cccc(C(=O)CC(Nc2ccc([N+](=O)[O-])cc2)c2cccc(F)c2)c1
CHEMBL65221,PR,6.430,,1,0,Active,exact,CS(=O)(=O)Nc1ccc2c(c1)C(c1ccccc1)Oc1cccc(OC(F)F)c1-2
CHEMBL562345,PR,6.700,,1,0,Active,exact,CN1C[C@@H](N(Cc2ccccc2)c2ccc(C#N)c(Cl)c2)CC1=O
CHEMBL113,PR,,4.523,0,1,Inactive,censored,Cn1c(=O)c2c(ncn2C)n(C)c1=O
CHEMBL1929041,PR,6.030,,1,0,Active,exact,Cc1cc(F)ccc1-n1nc(C(F)(F)F)cc1-c1cc(Cl)c2c(c1)NC(=O)CO2
CHEMBL3605922,PR,6.160,,1,0,Active,exact,COc1ccc(F)cc1-c1c[nH]c2c(NC(C)=O)cccc12
CHEMBL34259,PR,,4.523,0,1,Inactive,censored,CN(Cc1cnc2nc(N)nc(N)c2n1)c1ccc(C(=O)N[C@@H](CCC(=O)O)C(=O)O)cc1
CHEMBL297850,PR,,5.301,0,1,,censored,C=CC(C)(C)C1Oc2cccc(OC)c2-c2ccc3c(c21)C(C)=CC(C)(C)N3
