chembl_id,receptor,pchembl_median,pchembl_upper_bound,n_exact,n_censored,label,kind,smiles
CHEMBL5801010,RXRalpha,6.480,,1,0,Active,exact,FC(F)Oc1cc(-n2cc(COc3cccnc3)nn2)ccc1Cl
CHEMBL583996,RXRalpha,7.920,,1,0,Active,exact,Cc1cc2c(cc1Cc1ccc(C(=O)O)c(F)c1)C(C)(C)CCC2(C)C
CHEMBL5958382,RXRalpha,8.400,,1,0,Active,exact,Cc1nc(OCc2cn(-c3ccc(F)c(OC(F)F)c3)nn2)ncc1Cl
CHEMBL1023,RXRalpha,7.480,,37,0,Active,exact,C=C(c1ccc(C(=O)O)cc1)c1cc2c(cc1C)C(C)(C)CCC2(C)C
CHEMBL5787481,RXRalpha,,4.000,0,1,Inactive,censored,CCc1c(C)nc(-c2ccccc2)nc1Oc1ccc(C(=O)O)cc1
CHEMBL5813181,RXRalpha,7.000,,1,0,Active,exact,CNc1nc(OCc2cn(-c3ccc(F)c(OC(F)F)c3)nn2)ncc1C
CHEMBL5830593,RXRalpha,7.260,,1,0,Active,exact,CNc1ccnc(OCc2cn(-c3ccc(Cl)c(C(C)(F)F)c3)nn2)n1
CHEMBL337393,RXRalpha,8.590,,1,0,Active,exact,C/C(=C/C=C/C(C)=C/C(=O)O)c1cc(-c2cc(F)cc(F)c2)cc(C(C)C)c1OCC(F)F
CHEMBL6010282,RXRalpha,,4.301,0,1,Inactive,censored,C=CCc1c(Nc2ccc(C(=O)OCC)cc2)nc(-c2ccccc2)nc1C(F)(F)F
CHEMBL6013169,RXRalpha,7.470,,1,0,Active,exact,CC(F)(F)c1cccc(-n2cc(COc3ncc(CO)cn3)nn2)c1
CHEMBL5569746,RXRalpha,5.960,,1,0,,exact,CN(c1cccc(C(F)(F)F)c1)c1cc(Cl)nc(OCCC(=O)O)n1
CHEMBL247848,RXRalpha,,5.000,0,1,,censored,CCN1C(=O)CC(C)(C)c2cc(C)c(-c3cc(/C(C)=C/C(=O)O)ccc3OC(F)(F)F)cc21
CHEMBL5978070,RXRalpha,7.960,,1,0,Active,exact,CC(F)(F)c1cccc(-n2cc(COc3nccc(N4CCCC4)n3)nn2)c1
CHEMBL36718,RXRalpha,5.820,,1,0,,exact,CC1=C(CC/C(C)=C/c2ccc(C(=O)O)cc2)C(C)(C)CCC1
CHEMBL42489,RXRalpha,5.330,,1,0,,exact,Cc1cccc(Oc2cc(Cl)nc(SCC(=O)O)n2)c1C
CHEMBL5895551,RXRalpha,7.070,,1,0,Active,exact,CC(F)(F)c1cccc(-n2cc(COc3nccc(C(F)F)n3)nn2)c1
CHEMBL5781208,RXRalpha,6.720,,1,0,Active,exact,Cc1cccc(-n2cc(COc3nccc(C)n3)nn2)c1
CHEMBL6004257,RXRalpha,6.610,,1,0,Active,exact,Cc1ccnc(OCc2cn(-c3ccc(F)c(C(C)(F)F)c3)nn2)c1
CHEMBL4442994,RXRalpha,4.170,,1,0,Inactive,exact,CC[C@H](C)c1cc(=O)c2c(O)cc(O)cc2o1
CHEMBL114319,RXRalpha,5.510,,1,0,,exact,CC1(C)CCC(C)(C)c2cc(C(C)(C)c3ccc(C(=O)O)cc3)ccc21
CHEMBL5829209,RXRalpha,6.360,,1,0,Active,exact,CCNc1cnc(OCc2cn(-c3ccc(F)c(C(F)(F)F)c3)nn2)nc1C
CHEMBL5981725,RXRalpha,7.570,,1,0,Active,exact,FC(F)c1cnc(OCc2cn(-c3cccc(C(F)F)c3)nn2)nc1
CHEMBL41742,RXRalpha,7.850,,1,0,Active,exact,CCCOc1c(-c2cccc3sc(/C(C)=C/C(=O)O)cc23)cc(C(C)C)cc1C(C)C
CHEMBL5769078,RXRalpha,6.560,,1,0,Active,exact,COc1cc(Cl)cnc1OCc1cn(-c2ccc(Cl)c(OC(F)F)c2)nn1
CHEMBL245242,RXRalpha,6.195,,2,0,Active,exact,CCCS(=O)(=O)c1ccc2c(c1)N=C(c1ccc(C(=O)O)cc1)c1cc3c(cc1N2C)C(C)(C)CCC3(C)C
CHEMBL248191,RXRalpha,7.210,,1,0,Active,exact,CCN1C(=O)C(C)(C)Oc2cc(C)c(-c3cc(/C(C)=C/C(=O)O)ccc3OC(F)(F)F)cc21
CHEMBL25038,RXRalpha,,6.000,0,1,,censored,Cc1cc2c(cc1-c1ncc(-c3ccc(C(=O)O)cc3)s1)C(C)(C)CCC2(C)C
CHEMBL3108789,RXRalpha,,4.602,0,1,Inactive,censored,COc1ccc(C(Nc2ccc(OC)c(OC)c2)c2c(C)[nH]c3ccccc23)cc1
CHEMBL6176079,RXRalpha,7.680,,1,0,Active,exact,Cc1cc2c(cc1-c1ccnc(/C=C/C(=O)O)c1)C(C)(C)CCC2(C)C
CHEMBL79234,RXRalpha,7.700,,1,0,Active,exact,CC(/C=C/C1=C(c2ccc3c(c2)C(C)(C)CCC3(C)C)CCC1)=C\C(=O)O
CHEMBL5848489,RXRalpha,5.700,,1,0,,exact,Cc1c(F)ccc(-n2cc(COc3nccc(C(C)C)n3)nn2)c1F
CHEMBL6007517,RXRalpha,6.230,,1,0,Active,exact,Cc1cc(C)cc(-n2cc(COc3ncc(F)cn3)nn2)c1
CHEMBL205894,RXRalpha,6.910,,1,0,Active,exact,CCCCCCCCN(C/C=C/C(C)=C/C(=O)O)c1cc(C(C)(C)C)cc(C(C)(C)C)c1
CHEMBL5924829,RXRalpha,6.290,,1,0,Active,exact,CCc1cnc(OCc2cn(-c3cc(C)c(F)cc3F)nn2)nc1
CHEMBL5858180,RXRalpha,8.520,,1,0,Active,exact,Fc1ccc(-n2cc(COc3ncc(Br)cn3)nn2)cc1OC(F)F
CHEMBL4211975,RXRalpha,5.340,,1,0,,exact,COC(=O)c1ccc(OCc2oc(-c3cccc(OC)c3)nc2C)cc1
CHEMBL4202767,RXRalpha,,5.000,0,1,,censored,CCOc1c(Cl)cc(C(=O)Nc2ccc(C(=O)O)c(C)c2)cc1OC(C)C
CHEMBL4559162,RXRalpha,4.650,,1,0,Inactive,exact,CCOc1cccc(-c2ccc(C(=O)O)cc2)c1
CHEMBL4297626,RXRalpha,,5.000,0,1,,censored,Cn1nc(C(=O)N(Cc2ccccc2)Cc2ccc(C(=O)O)cc2)c2c1-c1cc(Cl)ccc1OC2
CHEMBL4862605,RXRalpha,6.600,,1,0,Active,exact,O=C(O)CCCc1cc(-c2cc(Cl)cc(Cl)c2)n(-c2ccccc2)n1
CHEMBL5957998,RXRalpha,6.830,,1,0,Active,exact,CNC(=O)c1cnc(OCc2cn(-c3ccc(F)c(C(F)F)c3)nn2)nc1
CHEMBL5743117,RXRalpha,7.720,,1,0,Active,exact,CC(F)(F)c1cc(-n2cc(COc3nccc(CO)n3)nn2)ccc1Cl
CHEMBL1784109,RXRalpha,5.300,,1,0,,exact,CCc1c(C)nc(-c2ccccc2)nc1Nc1ccc(C(=O)O)cc1
CHEMBL424269,RXRalpha,7.670,,1,0,Active,exact,CCCCOc1c(/C(C)=C\C=C\C(C)=C\C(=O)O)cc(C(F)(F)C(F)(F)F)cc1C(C)C
CHEMBL162005,RXRalpha,6.750,,1,0,Active,exact,CCCCO/N=C(\c1ccc(C(=O)O)cc1)c1cc2c(cc1C)C(C)(C)CCC2(C)C
CHEMBL5959124,RXRalpha,6.350,,1,0,Active,exact,CC(F)(F)c1cc(-n2cc(COc3ncc(C(C)(O)C(F)(F)F)cn3)nn2)ccc1Cl
CHEMBL60090,RXRalpha,6.700,,1,0,Active,exact,CC1(C)CCC(C)(C)c2cc(C3CCCc4sc(CCC(=O)O)cc43)ccc21
CHEMBL62880,RXRalpha,7.635,,4,0,Active,exact,CC1(C)CCC(C)(C)c2cc(C3CCCc4oc(/C=C/C(=O)O)cc43)ccc21
CHEMBL5852930,RXRalpha,7.920,,1,0,Active,exact,COc1ccnc(OCc2cn(-c3ccc(Cl)c(C(C)(F)F)c3)nn2)n1
CHEMBL5818884,RXRalpha,6.320,,1,0,Active,exact,COc1ncccc1OCc1cn(-c2ccc(F)c(C(C)(F)F)c2)nn1
CHEMBL421748,RXRalpha,6.130,,1,0,Active,exact,CCCCOc1c(-c2cn(C)c3ccc(/C(C)=C/C(=O)O)cc23)cc(C(C)C)cc1C(C)C
CHEMBL246211,RXRalpha,6.680,,1,0,Active,exact,COc1ccc(C2CC2C(=O)O)cc1-c1cc2c(cc1C)C(C)(C)CC(=O)N2C(C)C
CHEMBL2332886,RXRalpha,6.810,,1,0,Active,exact,Cc1cc2c(cc1-n1c(N)nc3cc(C(=O)O)ccc31)C(C)(C)CCC2(C)C
CHEMBL6028543,RXRalpha,6.310,,1,0,Active,exact,CCc1cnc(OCc2nnn(-c3ccc(F)c(C(C)(F)F)c3)c2C)nc1
CHEMBL5877703,RXRalpha,7.920,,1,0,Active,exact,CC(F)(F)c1cc(-n2cc(COc3ncc(OC(F)F)cn3)nn2)ccc1Cl
CHEMBL5436548,RXRalpha,6.180,,1,0,Active,exact,Cc1cnc(OCc2cn(-c3ccnc(C)c3)nn2)nc1
CHEMBL5569590,RXRalpha,6.400,,1,0,Active,exact,Cc1cccc(N(C)c2cc(Cl)nc(OCCC(=O)O)n2)c1
CHEMBL4847339,RXRalpha,,4.301,0,1,Inactive,censored,O=C(O)c1nc(-c2ccccc2)c(-c2ccccc2)o1
CHEMBL5850213,RXRalpha,6.660,,1,0,Active,exact,Fc1ccc(-n2cc(COc3ncccn3)nn2)cc1Cl
CHEMBL6029595,RXRalpha,7.770,,1,0,Active,exact,Cc1cnc(OCc2cn(-c3ccc(F)c(OC(F)F)c3)nn2)nc1N(C)C
CHEMBL5169878,RXRalpha,7.640,,3,0,Active,exact,CCC(C)C1=C(CCC(C)C)/C(=C/C(C)=C\C=C\C(C)=C\C(=O)O)CCC1
CHEMBL5763587,RXRalpha,8.700,,1,0,Active,exact,CC(F)(F)c1cccc(-n2cc(COc3ncc(C(F)F)cn3)nn2)c1
CHEMBL4280097,RXRalpha,5.320,,1,0,,exact,CC(C)(C)c1ccc(-c2nnc(SCCC(=O)O)n2-c2ccccc2)cc1
CHEMBL187021,RXRalpha,6.920,,1,0,Active,exact,CCCOc1cc2c(cc1C(=C1CC1)c1ccc(C(=O)O)cc1)C(C)(C)CCC2(C)C
CHEMBL5980382,RXRalpha,6.210,,1,0,Active,exact,CC(C)c1ccnc(OCc2cn(-c3cccc(C(F)F)c3)nn2)n1
CHEMBL5613894,RXRalpha,5.850,,1,0,,exact,N#Cc1cc(-c2ccc(CC(=O)O)cc2)cc(C(F)(F)F)c1
CHEMBL5988550,RXRalpha,6.160,,1,0,Active,exact,COc1cc(-n2cc(COc3ncccn3)nn2)ccc1Cl
CHEMBL219916,RXRalpha,5.060,,1,0,,exact,O=c1[nH]c2ccccc2n1CCCN1CCC(n2c(=O)[nH]c3cc(Cl)ccc32)CC1
CHEMBL6005615,RXRalpha,5.920,,1,0,,exact,FC(F)c1cc(-n2cc(COc3ccccn3)nn2)ccc1Cl
CHEMBL106590,RXRalpha,5.030,,1,0,,exact,O=C(O)c1ccc(-c2cc(Cl)cc(Cl)c2)cc1
CHEMBL3780004,RXRalpha,7.300,,1,0,Active,exact,CC1(C)CCC(C)(C)c2cc3c(cc21)OC1CCCCC31c1ccc(C(=O)O)cc1
CHEMBL6174885,RXRalpha,6.070,,3,0,Active,exact,Cc1cc2c(cc1C(=O)/C(Br)=C\c1ccc(C(=O)O)cc1)C(C)(C)CCC2(C)C
CHEMBL6059842,RXRalpha,6.170,,1,0,Active,exact,Fc1ccc(-n2cc(COc3ccccn3)nn2)cc1C(F)F
CHEMBL5807297,RXRalpha,6.080,,1,0,Active,exact,Fc1ccc(-n2cc(CNc3ncccn3)nn2)cc1C(F)F
CHEMBL133896,RXRalpha,8.200,,1,0,Active,exact,CCOc1c(/C(C)=C\C=C\C(C)=C\C(=O)O)cc(C(F)(F)C(F)(F)F)cc1C(C)C
CHEMBL247012,RXRalpha,7.010,,1,0,Active,exact,CCn1c(=O)c2c(c3cc(-c4cc(/C=C/C(=O)O)ccc4OC(F)(F)F)ccc31)CCC2
CHEMBL248415,RXRalpha,9.050,,2,0,Active,exact,CCN1C(=O)CC(C)(C)c2cc(C)c(-c3cc(/C=C4\SC(=O)NC4=O)ccc3OC(F)(F)F)cc21
CHEMBL344122,RXRalpha,5.260,,1,0,,exact,Cc1cc2c(cc1-c1cc(C(=O)O)no1)C(C)(C)CCC2(C)C
CHEMBL3717945,RXRalpha,5.520,,1,0,,exact,CCOc1cc2c(cc1/C(=N/Nc1cc(F)ccc1F)c1ccc(C(=O)O)cc1)C(C)(C)CCC2(C)C
CHEMBL5954715,RXRalpha,,4.000,0,1,Inactive,censored,C=CCc1c(C)nc(-c2ccccc2)nc1N(C)c1ccc(C(=O)O)cc1C
CHEMBL423465,RXRalpha,8.050,,1,0,Active,exact,CO/N=C(\c1ccc(C(=O)O)cc1)c1cc2c(cc1C)C(C)(C)CCC2(C)C
CHEMBL6054626,RXRalpha,5.700,,1,0,,exact,CCc1c(C)nc(-c2ccc(Cl)cc2)nc1Nc1ccc(C(=O)O)cc1
CHEMBL5932845,RXRalpha,6.760,,1,0,Active,exact,CC(C)(O)c1cnc(OCc2cn(-c3ccc4c(c3)CCC4)nn2)nc1
CHEMBL5893588,RXRalpha,,5.524,0,1,,censored,Cc1cnc(OCc2cn(-c3cc(C)ccn3)nn2)nc1
CHEMBL6191979,RXRalpha,,5.000,0,1,,censored,Cc1nc(-c2cc(F)c(F)c(O)c2F)sc1C(=O)N(Cc1ccc(Cl)cc1)C(C)C
CHEMBL6142412,RXRalpha,5.980,,1,0,,exact,O=C(NNC(=S)NCc1ccccc1)c1ccc(Nc2nccc(-c3ccccn3)n2)cc1
CHEMBL6014065,RXRalpha,7.140,,1,0,Active,exact,Cc1cc(-n2cc(COc3ncccn3)nn2)ccc1F
CHEMBL5399947,RXRalpha,6.030,,2,0,Active,exact,C/C(=C\c1nc(-c2ccccc2)c(-c2ccccc2)o1)C(=O)O
CHEMBL5891823,RXRalpha,5.320,,1,0,,exact,Cc1ccccc1-n1cc(COc2ncc(Cl)cn2)nn1
CHEMBL5795644,RXRalpha,9.000,,1,0,Active,exact,Cc1nc(OCc2cn(-c3ccc(F)c(C(F)F)c3)nn2)ncc1Cl
CHEMBL4163199,RXRalpha,4.620,,1,0,Inactive,exact,Cc1c2c(n(C[C@H]3CC[C@H](C(=O)O)CC3)c1C)CCC(F)(F)C2
CHEMBL5416412,RXRalpha,5.390,,1,0,,exact,CN(Cc1ccc(C(=O)O)cc1)c1cccc2c1CCC2
CHEMBL3425764,RXRalpha,7.920,,1,0,Active,exact,CCN(c1ccc(C(C)C)c(OCC(C)CF)c1)c1ccc(C(=O)O)cn1
CHEMBL5438255,RXRalpha,7.120,,2,0,Active,exact,O=C(/C=C/c1ccccc1)Nc1cc(-c2ccnc(N3CCC(CO)CC3)c2)ccn1
CHEMBL4281062,RXRalpha,4.930,,2,0,Inactive,exact,CC(C)(C)c1cc(-c2ccc(C(=O)O)cc2)cc(C(C)(C)C)c1
CHEMBL247856,RXRalpha,6.760,,1,0,Active,exact,CCN1C(=O)C(C)(C)Oc2cc(C)c(-c3cc(/C=C/C(=O)O)ccc3OC(F)(F)F)cc21
CHEMBL166244,RXRalpha,8.150,,1,0,Active,exact,C=CCO/N=C(\c1ccc(C(=O)O)cc1)c1cc2c(cc1C)C(C)(C)CCC2(C)C
CHEMBL247819,RXRalpha,7.740,,1,0,Active,exact,Cc1cc2c(cc1-c1cc(/C=C/C(=O)O)ccc1OCC(F)(F)F)N(C(C)C)C(=O)CC2(C)C
CHEMBL6064363,RXRalpha,5.330,,1,0,,exact,COC(C)(C)c1cnc(OCc2cn(-c3ccc(F)c(C(C)(F)F)c3)nn2)nc1
CHEMBL5991896,RXRalpha,6.990,,1,0,Active,exact,Cc1ccnc(OCc2cn(-c3ccc(F)c(OC(F)F)c3)nn2)c1
CHEMBL2113736,RXRalpha,7.100,,1,0,Active,exact,CN1Cc2oc(/C=C/C(=O)O)cc2C(c2ccc3c(c2)C(C)(C)CCC3(C)C)C1
CHEMBL5837739,RXRalpha,6.940,,1,0,Active,exact,Cc1ccnc(OCc2cn(-c3ccc(C)c(OC(F)F)c3)nn2)n1
CHEMBL1221641,RXRalpha,8.420,,1,0,Active,exact,CCN(c1ccc2c(c1)C(C)(C)CCC2(C)C)c1ccc(C(=O)O)cn1
CHEMBL42314,RXRalpha,8.520,,5,0,Active,exact,C/C(=C/C=C/C(C)=C/C(=O)O)c1cc(C(C)(C)C)cc(C(C)(C)C)c1OCC(F)F
CHEMBL112715,RXRalpha,7.470,,1,0,Active,exact,CC1(C)CCC(C)(C)c2cc(C3(c4ccc(C(=O)O)cc4)OCCO3)ccc21
CHEMBL4874180,RXRalpha,,4.523,0,1,Inactive,censored,Cn1ccc(-n2nc(CCC(=O)O)cc2-c2cc(Cl)cc(Cl)c2)n1
CHEMBL414233,RXRalpha,6.420,,1,0,Active,exact,CC(C)=C(/C=C/C(C)=C/C(=O)O)c1ccc2c(c1)C(C)(C)CCC2(C)C
CHEMBL3622722,RXRalpha,7.745,,2,0,Active,exact,CCC1=C(CCC(C)C)/C(=C/C(C)=C\C=C\C(C)=C\C(=O)O)CCC1
CHEMBL5410727,RXRalpha,8.700,,1,0,Active,exact,Cc1cnc(OCc2cn(-c3ccc(Cl)c(OC(F)F)c3)nn2)nc1
CHEMBL5399984,RXRalpha,6.480,,1,0,Active,exact,FC(F)Oc1cc(-n2cc(CNc3ncccn3)nn2)ccc1Cl
CHEMBL5396805,RXRalpha,8.150,,1,0,Active,exact,Cc1ccnc(OCc2cn(-c3ccc(F)c(OC(F)F)c3)nn2)n1
CHEMBL5417534,RXRalpha,6.100,,1,0,Active,exact,O=C(O)c1ccc(COc2cccc3c2CCC3)cc1F
CHEMBL4449565,RXRalpha,,4.523,0,1,Inactive,censored,O=C(O)c1ccc(COc2cc3c(cc2-c2ccccc2)CCC3)cc1
CHEMBL5773092,RXRalpha,7.520,,1,0,Active,exact,FCCOc1cnc(OCc2cn(-c3ccc(Cl)c(OC(F)F)c3)nn2)nc1
CHEMBL5959247,RXRalpha,7.960,,1,0,Active,exact,FC(F)c1cccc(-n2cc(COc3ncc(C4CC4)cn3)nn2)c1
CHEMBL5929772,RXRalpha,9.000,,1,0,Active,exact,Cc1cc(-n2cc(COc3ncc(C)c(C)n3)nn2)ccc1F
CHEMBL5423689,RXRalpha,5.160,,1,0,,exact,Cc1ccc(OCc2ccc(CCC(=O)O)c(Cl)c2)c2c1CCC2
CHEMBL113975,RXRalpha,7.130,,1,0,Active,exact,CC1(C)CCC(C)(C)c2cc(C3(c4ccc(C(=O)O)cc4)OCCS3)ccc21
CHEMBL5977168,RXRalpha,8.700,,1,0,Active,exact,Cc1ccnc(OCc2cn(-c3ccc(Cl)c(OC(F)F)c3)nn2)n1
CHEMBL5983337,RXRalpha,7.320,,1,0,Active,exact,CC(F)(F)c1cc(-n2cc(COc3nccc(C(F)F)n3)nn2)ccc1F
CHEMBL4876667,RXRalpha,7.160,,1,0,Active,exact,O=C(O)CCc1nc(-c2ccccc2)c(-c2cccc(C(F)(F)F)c2)o1
CHEMBL6013852,RXRalpha,8.000,,1,0,Active,exact,FCCOc1cnc(OCc2cn(-c3ccc(Cl)c(C(F)F)c3)nn2)nc1
CHEMBL5432367,RXRalpha,6.340,,1,0,Active,exact,FC(F)Oc1cc(-n2cc(COc3cnccn3)nn2)ccc1Cl
CHEMBL6011089,RXRalpha,6.310,,1,0,Active,exact,Fc1cnc(OCc2cn(-c3cccc(OC(F)F)c3)nn2)nc1
CHEMBL5905436,RXRalpha,8.000,,1,0,Active,exact,COc1cnc(O[C@H](C)c2cn(-c3ccc(Cl)c(OC(F)F)c3)nn2)nc1
CHEMBL5982564,RXRalpha,7.120,,1,0,Active,exact,CCc1cnc(OCc2cn(-c3cccc(F)c3)nn2)nc1
CHEMBL5746913,RXRalpha,7.230,,1,0,Active,exact,FC(F)Oc1cc(-n2cc(COc3ncccc3Cl)nn2)ccc1Cl
CHEMBL5799279,RXRalpha,6.870,,1,0,Active,exact,COc1cnc(OCc2cn(-c3ccc(F)c(CCCCl)c3)nn2)nc1
CHEMBL5891443,RXRalpha,7.720,,1,0,Active,exact,OCc1ccnc(OCc2cn(-c3ccc(F)c(OC(F)F)c3)nn2)n1
CHEMBL5838318,RXRalpha,7.570,,1,0,Active,exact,Cc1cnc(OCc2cn(-c3cc(C)cc(C)c3)nn2)nc1
CHEMBL5088616,RXRalpha,7.070,,4,0,Active,exact,CCCCCOc1cc2c(cc1-n1c(C(F)(F)F)nc3cc(C(=O)O)ccc31)C(C)(C)CCC2(C)C
CHEMBL93518,RXRalpha,8.520,,1,0,Active,exact,CC(/C=C/C1(c2ccc3c(c2)C(C)(C)CCC3(C)C)CC1)=C\C(=O)O
CHEMBL5867857,RXRalpha,6.530,,1,0,Active,exact,CNc1nc(OCc2cn(-c3ccc(F)c(C(F)(F)F)c3)nn2)ncc1F
CHEMBL5763933,RXRalpha,6.170,,1,0,Active,exact,Cc1cnc(OCc2cn(-c3ccnc(C(F)(F)F)c3)nn2)nc1
CHEMBL5866598,RXRalpha,7.960,,1,0,Active,exact,CC(=O)c1cnc(OCc2cn(-c3ccc(F)c(C(C)(F)F)c3)nn2)nc1
CHEMBL5612435,RXRalpha,4.720,,1,0,Inactive,exact,O=C(O)Cc1ccc(-c2ccc3c(cnn3C3CCCCO3)c2)cc1
CHEMBL4443020,RXRalpha,,4.523,0,1,Inactive,censored,O=C(O)c1ccc(COc2ccccc2)cc1
CHEMBL5905782,RXRalpha,,5.000,0,1,,censored,CCCc1c(C)nc(-c2ccc(Cl)cc2)nc1Nc1ccc(C(=O)O)cc1
CHEMBL5572934,RXRalpha,7.400,,1,0,Active,exact,Cc1ccc2c(c1)N(c1cc(Cl)nc(OCCC(=O)O)n1)CCC2C
CHEMBL4285580,RXRalpha,4.960,,1,0,Inactive,exact,O=C(O)CCc1ncc(-c2ccc(-c3ccccc3)cc2)o1
CHEMBL5976156,RXRalpha,7.600,,1,0,Active,exact,CC(F)(F)c1cc(-n2cc(COc3ncc(OC(F)F)cn3)nn2)ccc1F
CHEMBL6161878,RXRalpha,5.685,,2,0,,exact,O=[N+]([O-])/C=C/c1cccc2c1oc1ccccc12
CHEMBL6052798,RXRalpha,7.820,,1,0,Active,exact,CC(F)(F)c1cccc(-n2cc(COc3ncc(C4CC4)cn3)nn2)c1
CHEMBL5289973,RXRalpha,9.240,,1,0,Active,exact,CCN(c1ccc(C(=O)O)cc1)c1ccc(C(C)C)c(OCC(C)C)c1
CHEMBL5797491,RXRalpha,6.910,,1,0,Active,exact,Nc1ccnc(OCc2cn(-c3ccc(F)c(C(F)F)c3)nn2)n1
CHEMBL5983360,RXRalpha,6.570,,1,0,Active,exact,CC(F)(F)c1cc(-n2cc(COc3nccc(N4CCCCC4)n3)nn2)ccc1F
CHEMBL5832260,RXRalpha,5.490,,1,0,,exact,COC(C)(C)c1cnc(OCc2cn(-c3ccc(F)c(C(F)(F)F)c3)nn2)nc1
CHEMBL4848283,RXRalpha,5.600,,1,0,,exact,Cc1ccc(-n2nc(CCC(=O)O)cc2-c2cc(Cl)cc(Cl)c2)cc1
CHEMBL5873646,RXRalpha,4.950,,1,0,Inactive,exact,Fc1cnc(OCc2cn(-c3ccc(OC(F)(F)F)cc3)nn2)nc1
CHEMBL116859,RXRalpha,5.600,,1,0,,exact,CC1(C)CCC(C)(C)c2cc(Oc3ccc(C(=O)O)cc3)ccc21
CHEMBL5592074,RXRalpha,4.890,,1,0,Inactive,exact,Cc1ccc(N(C)c2cc(Cl)nc(OCCC(=O)O)n2)cc1
CHEMBL5925809,RXRalpha,8.100,,1,0,Active,exact,COc1cnc(OCc2cn(-c3ccc(F)c(C(F)(F)F)c3)nn2)nc1
CHEMBL5957157,RXRalpha,5.540,,1,0,,exact,Cc1cnc(OCc2cn(-c3ccc(Br)c(C)c3)nn2)nc1
CHEMBL5841554,RXRalpha,6.810,,1,0,Active,exact,FC(F)(F)c1cnc(OCc2cn(-c3ccc(Cl)cc3)nn2)nc1
CHEMBL5571976,RXRalpha,5.500,,1,0,,exact,CN(c1cc(Cl)nc(OCCC(=O)O)n1)c1cccc(Cl)c1Cl
CHEMBL93571,RXRalpha,6.880,,1,0,Active,exact,C/C(=C\C(=O)O)c1ccc2scc(-c3cc(C(C)C)cc(C(C)C)c3O)c2c1
CHEMBL5575716,RXRalpha,6.820,,1,0,Active,exact,CN(c1cc(C(F)(F)F)cc(C(F)(F)F)c1)c1cc(Cl)nc(OCCC(=O)O)n1
CHEMBL6167162,RXRalpha,5.980,,1,0,,exact,O=C(NNC(=O)c1ccc(Nc2nccc(-c3ccncc3)n2)cc1)NC1CCCCC1
CHEMBL348797,RXRalpha,7.920,,1,0,Active,exact,CC1(C)CCC(C)(C)c2cc(/C(=N/O)c3ccc(C(=O)O)cc3)c(Br)cc21
CHEMBL419166,RXRalpha,5.945,,2,0,,exact,CC1(C)CCC(C)(C)c2cc(C(=O)c3ccc(C(=O)O)cc3)c(F)cc21
CHEMBL5398853,RXRalpha,4.980,,2,0,Inactive,exact,C/C(=C\C(=O)O)c1nc(-c2ccccc2)c(-c2ccccc2)o1
CHEMBL5614226,RXRalpha,5.570,,1,0,,exact,N#CCc1ccc(-c2ccc(CC(=O)O)cc2)cc1C(F)(F)F
CHEMBL5992427,RXRalpha,8.220,,1,0,Active,exact,Fc1ccc(-n2cc(COc3ncc(N4CCC4)cn3)nn2)cc1C(F)F
CHEMBL326855,RXRalpha,7.260,,1,0,Active,exact,CC1(C)CCC(C)(C)c2cc(C3(c4ccc(C(=O)O)cc4)CC3)ccc21
CHEMBL5820025,RXRalpha,5.760,,1,0,,exact,Fc1c(Cl)cccc1-n1cc(COc2ncc(Cl)cn2)nn1
CHEMBL5785566,RXRalpha,6.020,,1,0,Active,exact,CC(F)(F)c1ccnc(OCc2cn(-c3ccc(F)c(C(F)F)c3)nn2)n1
CHEMBL5782361,RXRalpha,6.690,,1,0,Active,exact,Cc1cnc(OCc2cn(-c3cccc(F)c3)nn2)nc1
CHEMBL60089,RXRalpha,,5.523,0,1,,censored,CC1(C)CCC(C)(C)c2cc(C3CCCc4oc(C(=O)O)cc43)ccc21
CHEMBL2114394,RXRalpha,,5.194,0,1,,censored,C/C(=C/c1ccc(C(=O)O)cc1)c1cc2c(cc1C)C(C)(C)CCC2(C)C
CHEMBL3752911,RXRalpha,,4.699,0,1,Inactive,censored,O=C(/C=C/N1C[C@H]2C[C@@H]1CN2c1ccccn1)c1ccccc1O
CHEMBL5901000,RXRalpha,6.760,,1,0,Active,exact,Cc1cnc(Cl)nc1OCc1cn(-c2cccc(C(F)F)c2)nn1
CHEMBL348794,RXRalpha,,6.000,0,1,,censored,Cc1cc2c(cc1/C(=N/OCC(=O)O)c1ccc(C(=O)O)cc1)C(C)(C)CCC2(C)C
CHEMBL389760,RXRalpha,5.890,,2,0,,exact,CNS(=O)(=O)c1ccc2c(c1)N=C(c1ccc(C(=O)O)cc1)c1cc3c(cc1N2C)C(C)(C)CCC3(C)C
CHEMBL5438508,RXRalpha,7.800,,1,0,Active,exact,Fc1ccc(-n2cc(COc3ncc(N4CCC4)cn3)nn2)cc1OC(F)F
CHEMBL99325,RXRalpha,6.970,,2,0,Active,exact,C=C(c1ccc(C(=O)O)cc1)c1cc2c(cc1C(C)C)C(C)(C)CCC2(C)C
CHEMBL5756045,RXRalpha,8.520,,1,0,Active,exact,Fc1ccc(-n2cc(COc3ncc(OC(F)F)cn3)nn2)cc1C(F)F
CHEMBL4463166,RXRalpha,4.850,,1,0,Inactive,exact,CC(C)=CCOc1cc2c(=O)c3c(O)cc(O)cc3oc2cc1O
CHEMBL4875485,RXRalpha,6.300,,1,0,Active,exact,O=C(O)CCc1nc(-c2ccccc2)c(-c2cccc(Cl)c2)o1
CHEMBL130232,RXRalpha,9.000,,1,0,Active,exact,C/C(=C/C=C/C(C)=C/C(=O)O)c1cc(-c2cccc(F)c2)cc(C(C)C)c1OCC(F)F
CHEMBL5822223,RXRalpha,7.390,,1,0,Active,exact,CN(C)c1ccnc(OCc2cn(-c3cccc(C(F)F)c3)nn2)n1
CHEMBL5991776,RXRalpha,5.880,,1,0,,exact,Cc1c(COc2ncc(Cl)cn2)nnn1-c1cccc(C(F)F)c1
CHEMBL86663,RXRalpha,5.570,,1,0,,exact,C/C(=C/c1ccc(C(=O)O)cc1)c1ccc2c(c1)C(C)(C)CCC2(C)C
CHEMBL5808465,RXRalpha,7.010,,1,0,Active,exact,Fc1ccc(-n2cc(COc3nccc(C(F)F)n3)nn2)cc1C(F)(F)F
CHEMBL5779652,RXRalpha,6.520,,1,0,Active,exact,C/C=C/c1c(Nc2ccc(C(=O)O)cc2)nc(-c2ccccc2)nc1C(F)(F)F
CHEMBL5875794,RXRalpha,6.570,,1,0,Active,exact,Cc1ccc(-n2cc(COc3ncc(C)cn3)nn2)cc1
CHEMBL2111535,RXRalpha,,6.000,0,2,,censored,CC(=C/C(=O)O)/C=C/C1CC1(C)c1ccc2c(c1)C(C)(C)CCC2(C)C
CHEMBL5398107,RXRalpha,6.130,,1,0,Active,exact,Cc1ccc(OCc2ccc(CCC(=O)O)cc2)c2c1CCC2
CHEMBL3715006,RXRalpha,,5.301,0,1,,censored,Cc1c(C(=O)c2ccc(C(=O)O)cc2)cc2c(c1[N+](=O)[O-])C(C)(C)CCC2(C)C
CHEMBL5764473,RXRalpha,,5.000,0,1,,censored,C/C=C/c1c(C)nc(-c2ccccc2)nc1Oc1ccc(C(=O)O)cc1
CHEMBL5740378,RXRalpha,6.410,,1,0,Active,exact,Cc1cnc(OCc2nnn(-c3ccc(F)c(C(F)F)c3)c2I)nc1
CHEMBL5857446,RXRalpha,,4.699,0,1,Inactive,censored,C=CCc1c(C)nc(-c2ccccc2)nc1N(C)c1ccc(C(=O)O)cc1
CHEMBL164557,RXRalpha,,6.000,0,1,,censored,CO/N=C(/c1ccc(C(=O)O)cc1)c1ccc2c(c1)C(C)(C)CCC2(C)C
CHEMBL5982201,RXRalpha,5.530,,1,0,,exact,Fc1cnc(OCc2cn(-c3cccc(F)c3)nn2)nc1
CHEMBL4551787,RXRalpha,5.020,,1,0,,exact,Cc1cc(C)cc(-c2ccc(C(=O)O)cc2)c1
CHEMBL5762353,RXRalpha,7.920,,1,0,Active,exact,CCc1cnc(OCc2cn(-c3cccc(C(C)C)c3)nn2)nc1
CHEMBL106896,RXRalpha,7.460,,2,0,Active,exact,Cc1cc2c(cc1C1(c3ccc(C(=O)O)cc3)CC1)C(C)(C)CCC2(C)C
CHEMBL3289657,RXRalpha,6.140,,3,0,Active,exact,CC(=C/C=C/C(C)=C/C(=O)O)/C=C1\CCCc2c(C)cccc21
CHEMBL5847658,RXRalpha,6.090,,1,0,Active,exact,CC(F)(F)c1cc(-n2cc(COc3ccc(C(F)(F)F)cn3)nn2)ccc1F
CHEMBL5792636,RXRalpha,6.010,,1,0,Active,exact,Cc1c(F)ccc(-n2cc(COc3ncc(C(C)(C)O)cn3)nn2)c1F
CHEMBL5415488,RXRalpha,6.570,,2,0,Active,exact,Cc1cc(COc2ccc(C)c3c2CCC3)ccc1CCC(=O)O
CHEMBL205532,RXRalpha,7.750,,1,0,Active,exact,CCCN(C/C=C/C(C)=C/C(=O)O)c1cc2c(cc1C)C(C)(C)CCC2(C)C
CHEMBL5412777,RXRalpha,7.800,,1,0,Active,exact,O=C(O)[C@H]1C[C@@H]1c1nc(-c2ccccc2)c(-c2cc(C(F)(F)F)cc(C(F)(F)F)c2)o1
CHEMBL4849776,RXRalpha,6.370,,1,0,Active,exact,O=C(O)CCc1cc(-c2cc(Cl)cc(Cl)c2)n(-c2ccc(F)cc2)n1
CHEMBL115164,RXRalpha,6.700,,1,0,Active,exact,CC(C)=C(/C=C/C(C)=C/C(=O)O)c1cc2c(cc1C)C(C)(C)CCC2(C)C
CHEMBL244801,RXRalpha,5.610,,2,0,,exact,CSc1ccc2c(c1)N=C(c1ccc(C(=O)O)cc1)c1cc3c(cc1N2C)C(C)(C)CCC3(C)C
CHEMBL5431862,RXRalpha,,4.699,0,1,Inactive,censored,Nc1nnc(-c2ccccc2O)cc1N1CCC[C@@H]1C1CC1
CHEMBL4449737,RXRalpha,,4.523,0,1,Inactive,censored,O=C(O)c1ccc(OCc2ccccc2-c2ccccc2)cc1
CHEMBL5415007,RXRalpha,4.640,,1,0,Inactive,exact,Cc1cc(COc2cccc3c2CCC3)ccc1C(=O)O
CHEMBL1476397,RXRalpha,,6.000,0,1,,censored,CC1=C(/C=C/C(=C/C=C/C(C)=C/C(=O)O)c2ccc(C)cc2)C(C)(C)CCC1
CHEMBL91779,RXRalpha,8.520,,1,0,Active,exact,CCCOc1c(/C(C)=C\C=C\C(C)=C\C(=O)O)cc(C(C)C)cc1C(C)C
CHEMBL5966152,RXRalpha,6.740,,1,0,Active,exact,CCc1cnc(OCc2cn(-c3ccnc(C(F)(F)F)c3)nn2)nc1
CHEMBL5280414,RXRalpha,7.540,,1,0,Active,exact,Cc1cc2c(cc1C1(c3ccc(C(=O)O)cc3)OCCO1)C(C)(C)CCC2(C)C
CHEMBL6032175,RXRalpha,8.520,,1,0,Active,exact,Cc1cnc(OCc2cn(-c3ccc(F)c(C(F)(F)F)c3)nn2)nc1
CHEMBL6041492,RXRalpha,8.100,,1,0,Active,exact,Cc1cnc(OCc2cn(-c3ccc(F)c(Cl)c3)nn2)nc1
CHEMBL1784111,RXRalpha,6.000,,1,0,Active,exact,Cc1nc(-c2ccccc2)nc(Nc2ccc(C(=O)O)cc2)c1C(C)C
CHEMBL2332885,RXRalpha,6.200,,1,0,Active,exact,Cc1cc2c(cc1-n1cnc3cc(C(=O)O)ccc31)C(C)(C)CCC2(C)C
CHEMBL5758668,RXRalpha,5.490,,1,0,,exact,Cn1cc(NCc2cn(-c3ccc(F)c(OC(F)F)c3)nn2)cn1
CHEMBL6013742,RXRalpha,6.140,,1,0,Active,exact,Fc1ccc(-n2cc(CNc3ccccn3)nn2)cc1OC(F)F
CHEMBL6061005,RXRalpha,7.210,,1,0,Active,exact,CC(=O)c1cnc(OCc2cn(-c3cccc(OC(F)(F)F)c3)nn2)nc1
CHEMBL5835453,RXRalpha,7.470,,1,0,Active,exact,CC(F)(F)c1cc(-n2cc(COc3ncc(N4CCC4)cn3)nn2)ccc1F
CHEMBL843,RXRalpha,4.820,,1,0,Inactive,exact,CN(CCOc1ccc(CC2SC(=O)NC2=O)cc1)c1ccccn1.O=C(O)/C=C\C(=O)O
CHEMBL6028856,RXRalpha,7.480,,1,0,Active,exact,CNc1ccnc(OCc2cn(-c3ccc(F)c(C(C)(F)F)c3)nn2)n1
CHEMBL5953755,RXRalpha,6.100,,1,0,Active,exact,CCc1cnc(OCc2cn(-c3ccc(OC(F)(F)F)cc3)nn2)nc1
CHEMBL5849450,RXRalpha,8.300,,1,0,Active,exact,Fc1ccc(-n2cc(COc3ncc(C(F)(F)F)cn3)nn2)cc1Br
CHEMBL3781998,RXRalpha,7.300,,1,0,Active,exact,CC1(C)CCC(C)(C)c2cc3c(cc21)OC1CCCCC31c1ccc(C(=O)O)c(F)c1
CHEMBL4289931,RXRalpha,5.160,,1,0,,exact,CC(C)(C)C1CCC(C(=O)N2CCC(C(=O)Nc3ccccc3)CC2)CC1
CHEMBL6173992,RXRalpha,5.980,,1,0,,exact,CC(C)(C)NC(=O)NNC(=O)c1ccc(Nc2nccc(-c3ccc(Cl)cc3)n2)cc1
CHEMBL5750587,RXRalpha,7.660,,1,0,Active,exact,CCc1cnc(OCc2cn(-c3cc(C)cc(C)c3)nn2)nc1
CHEMBL5807980,RXRalpha,8.000,,1,0,Active,exact,Cc1cnc(OCc2cn(-c3cccc(C(C)C)c3)nn2)nc1
CHEMBL400894,RXRalpha,7.150,,1,0,Active,exact,CCN1C(=O)CC(C)(C)c2cc(C)c(-c3cc(CCC(=O)O)ccc3OCC(F)(F)F)cc21
CHEMBL331916,RXRalpha,5.080,,1,0,,exact,O=C(O)CCCCc1nc(-c2ccccc2)c(-c2ccccc2)o1
CHEMBL5960800,RXRalpha,7.390,,1,0,Active,exact,OCc1ccnc(OCc2cn(-c3ccc(F)c(Br)c3)nn2)n1
CHEMBL163625,RXRalpha,5.370,,1,0,,exact,CC1(C)CCC(C)(C)c2cc(/C(=N/O)c3ccc(C(=O)O)cc3)ccc21
CHEMBL3622724,RXRalpha,7.660,,3,0,Active,exact,CC(=C/C=C/C(C)=C/C(=O)O)/C=C1\CCCC(C(C)C)=C1CCC(C)C
CHEMBL4847503,RXRalpha,5.190,,1,0,,exact,Cc1ccccc1-c1nc(CCC(=O)O)oc1-c1ccccc1
CHEMBL5407623,RXRalpha,7.660,,1,0,Active,exact,C/C(=C\c1nc(-c2ccccc2)c(-c2cc(C(F)(F)F)cc(C(F)(F)F)c2)o1)C(=O)O
CHEMBL5973812,RXRalpha,7.470,,1,0,Active,exact,Fc1ccc(-n2cc(COc3ncc(N4CC(F)C4)cn3)nn2)cc1C(F)(F)F
CHEMBL5903860,RXRalpha,5.120,,1,0,,exact,FC(F)c1cc(-n2cc(CNc3ccncn3)nn2)ccc1Cl
CHEMBL5755143,RXRalpha,8.150,,1,0,Active,exact,COc1cnc(OCc2cn(-c3ccc(F)c(C(C)(F)F)c3)nn2)nc1
CHEMBL5803240,RXRalpha,7.430,,1,0,Active,exact,CC(O)c1cnc(OCc2cn(-c3cccc(C(C)(F)F)c3)nn2)nc1
CHEMBL6030547,RXRalpha,5.840,,1,0,,exact,Fc1cnc(OCc2cn(-c3ccc(Cl)c(OC(F)F)c3)nn2)cn1
CHEMBL5915444,RXRalpha,8.400,,1,0,Active,exact,Cc1cnc(OCc2cn(-c3ccc(F)c(C(C)(F)F)c3)nn2)nc1
CHEMBL5792683,RXRalpha,7.800,,1,0,Active,exact,CC(F)(F)c1cc(-n2cc(COc3nccc(N4CCCC4)n3)nn2)ccc1F
CHEMBL5614249,RXRalpha,6.220,,1,0,Active,exact,CCOc1cc(-c2ccc(CC(=O)O)cc2)cc(C(F)(F)F)c1
CHEMBL5880400,RXRalpha,7.360,,1,0,Active,exact,CCc1cnc(NCc2cn(-c3ccc(Cl)c(C(F)F)c3)nn2)nc1
CHEMBL6040193,RXRalpha,8.520,,1,0,Active,exact,Cc1nc(OCc2cn(-c3cccc(C(F)F)c3)nn2)ncc1Cl
CHEMBL5278384,RXRalpha,6.620,,1,0,Active,exact,CCCCCOc1cc2c(cc1-c1cc(CCC(=O)O)ccc1O)C(C)(C)CCC2(C)C
CHEMBL5792384,RXRalpha,6.580,,1,0,Active,exact,Cc1cnc(OCc2cn(-c3ccc(F)c(C)c3F)nn2)nc1N
CHEMBL314745,RXRalpha,7.530,,1,0,Active,exact,COc1c(-c2csc3ccc(/C(C)=C/C(=O)O)cc23)cc(C(C)C)cc1C(C)C
CHEMBL5855078,RXRalpha,7.470,,1,0,Active,exact,Cc1c(F)ccc(-n2cc(COc3ncc(C4CC4)cn3)nn2)c1F
CHEMBL213072,RXRalpha,5.060,,1,0,,exact,NCCCn1c2c(c3ccccc3c1=O)C(=O)c1ccccc1-2
CHEMBL5426084,RXRalpha,6.670,,1,0,Active,exact,FC(F)Oc1cc(-n2cc(CNc3ccccn3)nn2)ccc1Cl
CHEMBL4514313,RXRalpha,4.600,,1,0,Inactive,exact,Cc1cccc(Nc2cc(Cl)nc(SCC(=O)O)n2)c1
CHEMBL80424,RXRalpha,7.180,,1,0,Active,exact,C=C1C[C@@H](/C=C/C(C)=C/C(=O)O)[C@@H](c2ccc3c(c2)C(C)(C)CCC3(C)C)C1
CHEMBL5946849,RXRalpha,6.730,,1,0,Active,exact,FC1(F)Oc2ccc(-n3cc(COc4ncc(Cl)cn4)nn3)cc2O1
CHEMBL75814,RXRalpha,8.400,,1,0,Active,exact,CC(/C=C/[C@]1(C)CCC[C@@H]1c1ccc2c(c1)C(C)(C)CCC2(C)C)=C\C(=O)O
CHEMBL5266566,RXRalpha,7.700,,1,0,Active,exact,CC(C)c1cccc(-c2cc(/C=C/C(=O)O)ccc2O)c1
CHEMBL41890,RXRalpha,7.960,,2,0,Active,exact,CCOc1c(-c2cccc3sc(/C(C)=C/C(=O)O)cc23)cc(C(C)C)cc1C(C)C
CHEMBL92487,RXRalpha,7.570,,1,0,Active,exact,C/C(=C/C=C/C(C)=C/C(=O)O)c1cc(C(C)(C)C)cc(C(C)(C)C)c1OCC(F)(F)F
CHEMBL147845,RXRalpha,,5.000,0,1,,censored,Cc1cc2c(cc1-c1cc(C(=O)O)no1)C(C)(C)C(C)CC2(C)C
CHEMBL130374,RXRalpha,9.100,,1,0,Active,exact,C/C(=C/C=C/C(C)=C/C(=O)O)c1cc(-c2cccs2)cc(C(C)C)c1OCC(F)F
CHEMBL5950349,RXRalpha,5.610,,1,0,,exact,Cc1cnc(OCc2cn(-c3ccc(F)cc3C)nn2)nc1
CHEMBL44478,RXRalpha,7.890,,1,0,Active,exact,CC1=C(/C=C\C(C)=C\C=C\C(C)=C\C(=O)O)C(C)(C)CCC1
CHEMBL184497,RXRalpha,8.000,,1,0,Active,exact,CCCCOc1cc2c(cc1C(=C1CC1)c1ccc(C(=O)O)cn1)C(C)(C)CCC2(C)C
CHEMBL4277640,RXRalpha,4.720,,1,0,Inactive,exact,Cc1ccc(C)n1-c1c(C#N)cnn1-c1cccc(Cl)c1
CHEMBL6173149,RXRalpha,5.980,,1,0,,exact,O=C(NNC(=O)c1ccc(Nc2nccc(-c3ccncc3)n2)cc1)NC1CCCC1
CHEMBL2111791,RXRalpha,,6.699,0,1,,censored,CC(/C=C1\C=CCCC1)=C\C=C\C(C)=C\C(=O)O
CHEMBL326525,RXRalpha,6.000,,1,0,Active,exact,CN1c2ccc([N+](=O)[O-])cc2N=C(c2ccc(C(=O)O)cc2)c2cc3c(cc21)C(C)(C)CCC3(C)C
CHEMBL7301,RXRalpha,,5.658,0,1,,censored,CC1=C(/C=C/C(C)=C/C=C/C(C)=C/C(=O)Nc2ccc(O)cc2)C(C)(C)CCC1
CHEMBL2113737,RXRalpha,7.200,,1,0,Active,exact,C/C(=C\C(=O)O)c1cc2c(o1)CCCC2c1ccc2c(c1)C(C)(C)CCC2(C)C
CHEMBL80236,RXRalpha,8.520,,1,0,Active,exact,CC(/C=C/[C@H]1CCC[C@@H]1c1ccc2c(c1)C(C)(C)CCC2(C)C)=C\C(=O)O
CHEMBL113864,RXRalpha,6.235,,2,0,Active,exact,CC1(C)CCC(C)(C)c2cc(C3(c4ccc(C(=O)O)cc4)SCCCS3)ccc21
CHEMBL6053555,RXRalpha,6.940,,1,0,Active,exact,Fc1ccc(-n2cc(COc3ccc(C(F)(F)F)cn3)nn2)cc1OC(F)F
CHEMBL4458208,RXRalpha,5.680,,1,0,,exact,O=C(O)CSc1nc(Cl)cc(Nc2ccc(Cl)c3c2CCC3)n1
CHEMBL6010868,RXRalpha,5.760,,1,0,,exact,Cc1cccc(-n2cc(COc3ncc(OC(F)F)cn3)nn2)c1F
CHEMBL208503,RXRalpha,6.990,,1,0,Active,exact,CC(/C=C/[C@H]1CCCN1c1ccc2c(c1)C(C)(C)CCC2(C)C)=C\C(=O)O
CHEMBL118693,RXRalpha,6.550,,1,0,Active,exact,Cc1cc2c(cc1Sc1ccc(C(=O)O)cc1)C(C)(C)CCC2(C)C
CHEMBL6045553,RXRalpha,7.820,,1,0,Active,exact,CCc1cnc(OCc2cn(-c3cccc(OC(F)(F)F)c3)nn2)nc1
CHEMBL5419741,RXRalpha,6.970,,1,0,Active,exact,FC(F)Oc1cc(-n2cc(CNc3ncco3)nn2)ccc1Cl
CHEMBL116886,RXRalpha,7.270,,1,0,Active,exact,Cc1cc2c(cc1Sc1ccc(C(=O)O)cn1)C(C)(C)CCC2(C)C
CHEMBL5978481,RXRalpha,8.150,,1,0,Active,exact,Fc1ccc(-n2cc(COc3ncc(C(F)(F)F)cn3)nn2)cc1OC(F)F
CHEMBL4788526,RXRalpha,6.645,,4,0,Active,exact,CCN(c1ccc(C(=O)O)cn1)c1cc(OCC(C)C)c(C(C)C)cc1NC(=O)c1cc2cc3c4c(c2oc1=O)CCCN4CCC3
CHEMBL5770838,RXRalpha,6.660,,1,0,Active,exact,CNC(=O)c1cnc(OCc2cn(-c3ccc(F)c(C(F)(F)F)c3)nn2)nc1
CHEMBL90254,RXRalpha,7.640,,1,0,Active,exact,CCCOc1c(/C(C)=C\C=C\C(C)=C\C(=O)O)cc(C(C)(C)CC)cc1C(C)(C)CC
CHEMBL4464986,RXRalpha,5.000,,1,0,,exact,CN(Cc1ccc(C(=O)O)cc1)c1ccc2c(c1)CCC2
CHEMBL5777869,RXRalpha,5.360,,1,0,,exact,Cc1cc(F)ccc1-n1cc(COc2ncc(Cl)cn2)nn1
CHEMBL432140,RXRalpha,7.400,,1,0,Active,exact,Cc1cc2c(cc1C1CCCc3oc(/C=C/C(=O)O)cc31)C(C)(C)CCC2(C)C
CHEMBL4513660,RXRalpha,5.960,,1,0,,exact,O=C(O)c1ccc(COc2ccccc2OC(F)(F)F)cc1
CHEMBL334534,RXRalpha,5.420,,1,0,,exact,CC1(C)CCC(C)(C)c2cc3c(cc21)Oc1ccccc1N=C3c1ccc(C(=O)O)cc1
CHEMBL5927859,RXRalpha,5.360,,1,0,,exact,Cc1ccc(-n2cc(COc3ncccn3)nn2)cc1
CHEMBL5885088,RXRalpha,7.550,,1,0,Active,exact,CN(C)c1ccnc(OCc2cn(-c3ccc(F)c(C(C)(F)F)c3)nn2)n1
CHEMBL4520775,RXRalpha,5.000,,1,0,,exact,CC1=C(CCc2nnn[nH]2)c2cc(F)ccc2/C1=C\c1ccc(C(C)C)cc1
CHEMBL5499329,RXRalpha,9.000,,1,0,Active,exact,COc1cnc(OCc2cn(-c3ccc(F)c(C)c3)nn2)nc1
CHEMBL6005165,RXRalpha,,5.524,0,1,,censored,CNC(=O)c1ccnc(OCc2cn(-c3ccc(F)c(C(F)F)c3)nn2)n1
CHEMBL5395318,RXRalpha,6.060,,1,0,Active,exact,FC(F)Oc1cc(-n2cc(COc3ccncn3)nn2)ccc1Cl
CHEMBL5882164,RXRalpha,6.700,,1,0,Active,exact,Fc1ccc(-n2cc(COc3nccc(C(F)(F)F)n3)nn2)cc1C(F)F
CHEMBL5949692,RXRalpha,8.400,,1,0,Active,exact,CCc1cnc(OCc2cn(-c3cccc(C(F)F)c3)nn2)nc1
CHEMBL5864413,RXRalpha,7.160,,1,0,Active,exact,FC(F)Oc1cccc(-n2cc(COc3ncc(Cl)cn3)nn2)c1
CHEMBL5430265,RXRalpha,6.300,,1,0,Active,exact,Cc1cc(COc2cccc3c2CCC3)ccc1CCC(=O)O
CHEMBL5279494,RXRalpha,7.500,,1,0,Active,exact,CCN(c1ccc(C(=O)O)cc1)c1ccc(C(C)C)c(OC(C)C)c1
CHEMBL111589,RXRalpha,8.500,,2,0,Active,exact,COc1cc2c(cc1/C(C)=C\C=C\C(C)=C\C(=O)O)C(C)(C)CCC2(C)C
CHEMBL5911637,RXRalpha,,5.524,0,1,,censored,Cc1ccc(F)c(-n2cc(COc3ncc(F)c(C)n3)nn2)c1
CHEMBL5823077,RXRalpha,7.800,,1,0,Active,exact,CC(=O)c1cnc(OCc2cn(-c3ccc(Cl)c(C(C)(F)F)c3)nn2)nc1
CHEMBL5872698,RXRalpha,7.370,,1,0,Active,exact,CC(F)(F)c1cc(-n2cc(COc3nccc(N4CCCC4)n3)nn2)ccc1Cl
CHEMBL347411,RXRalpha,8.150,,1,0,Active,exact,CC1=C(/C=C/c2occc2/C=C/C(C)=C/C(=O)O)C(C)(C)CCC1
CHEMBL3414623,RXRalpha,,5.000,0,1,,censored,Cc1cn(CCN2CCN(c3ccccc3-c3cc(C#N)cc(C(=O)NCCCN4CCCC4)c3)CC2)c2ccccc12
CHEMBL5757273,RXRalpha,7.200,,1,0,Active,exact,FC(F)(F)c1cnc(OCc2cn(-c3ccc(C(F)(F)F)s3)nn2)nc1
CHEMBL6037507,RXRalpha,8.220,,1,0,Active,exact,Cc1cnc(OCc2cn(-c3ccc(Cl)c(C(C)(F)F)c3)nn2)nc1C
CHEMBL4747457,RXRalpha,4.790,,1,0,Inactive,exact,Cc1cc(/C=C/C(=O)O)c(C)n1-c1ccc(C(C)(C)C)cc1
CHEMBL5854908,RXRalpha,8.300,,1,0,Active,exact,Cc1cnc(OCc2cn(-c3cccc(C(C)(F)F)c3)nn2)nc1
CHEMBL5947692,RXRalpha,6.760,,1,0,Active,exact,OCc1cnc(OCc2cn(-c3cccc(C(F)F)c3)nn2)nc1
CHEMBL6016786,RXRalpha,8.050,,1,0,Active,exact,Cc1nc(OCc2cn(-c3cccc(C(F)(F)F)c3)nn2)ncc1Cl
CHEMBL6172848,RXRalpha,6.180,,3,0,Active,exact,Cc1cc2c(cc1C(=O)/C(Br)=C/c1ccc(C(=O)O)cc1)C(C)(C)CCC2(C)C
CHEMBL5891658,RXRalpha,5.570,,1,0,,exact,Cc1ccc(-n2cc(COc3ncc(F)cn3)nn2)cc1
CHEMBL3827169,RXRalpha,4.750,,1,0,Inactive,exact,Cc1ccc(C2=NN(C(=O)CCC(=O)O)C(c3ccccc3Cl)C2)cc1
CHEMBL5755745,RXRalpha,8.220,,1,0,Active,exact,Cc1cnc(OCc2cn(-c3cccc(C(F)F)c3)nn2)nc1C
CHEMBL5918344,RXRalpha,7.380,,1,0,Active,exact,FC(F)c1cc(-n2cc(COc3nccc(C4CC4)n3)nn2)ccc1Cl
CHEMBL5797253,RXRalpha,6.650,,1,0,Active,exact,CC(=O)c1cnc(OCc2cn(-c3cccc(C)c3)nn2)nc1
CHEMBL5796166,RXRalpha,4.100,,1,0,Inactive,exact,CC(C)(O)c1cnc(OCc2cn(-c3cc(F)ccc3F)nn2)nc1
CHEMBL5766132,RXRalpha,,5.000,0,1,,censored,C=CCc1c(C)nc(-c2ccccc2)nc1Oc1ccc(C(=O)O)c(F)c1
CHEMBL5896652,RXRalpha,6.170,,1,0,Active,exact,Fc1ccc(-n2cc(COc3nccc(-c4ccc[nH]4)n3)nn2)cc1OC(F)F
CHEMBL5845769,RXRalpha,7.030,,1,0,Active,exact,CCc1cnc(OCc2cn(-c3ccc(C)cc3)nn2)nc1
CHEMBL5798178,RXRalpha,7.660,,1,0,Active,exact,FC(F)Oc1cc(-n2cc(COc3ncc(N4CCC4)cn3)nn2)ccc1Cl
CHEMBL96184,RXRalpha,6.695,,4,0,Active,exact,C=C(c1ccc(C(=O)O)cc1)c1ccc2c(c1)C(C)(C)CCC2(C)C
CHEMBL3780806,RXRalpha,6.000,,1,0,Active,exact,CC1(C)CCC(C)(C)c2cc3c(cc21)O[C@H]1CCC[C@@]31c1ccc(C(=O)O)cc1
CHEMBL204789,RXRalpha,6.590,,1,0,Active,exact,CC(C)=CCN(C/C=C/C(C)=C/C(=O)O)c1cc(C(C)(C)C)cc2c1CCC2(C)C
CHEMBL4580801,RXRalpha,4.550,,1,0,Inactive,exact,CCc1ccc(OCc2ccc(C(=O)O)cc2)cc1
CHEMBL4864263,RXRalpha,5.850,,1,0,,exact,COc1cccc(-c2oc(CCC(=O)O)nc2-c2ccccc2)c1
CHEMBL102039,RXRalpha,6.710,,2,0,Active,exact,CC1(C)CCC(C)(C)c2cc(C(=O)c3ccc(C(=O)O)cc3)c(Cl)cc21
CHEMBL5959582,RXRalpha,6.920,,1,0,Active,exact,Fc1cccnc1OCc1cn(-c2ccc(Cl)c(OC(F)F)c2)nn1
CHEMBL5841718,RXRalpha,8.700,,1,0,Active,exact,Cc1cccc(-n2cc(COc3ncc(C)c(C)n3)nn2)c1
CHEMBL110629,RXRalpha,6.190,,1,1,Active,exact,Cc1cc2c(cc1C(C)(C)c1ccc(C(=O)O)cc1)C(C)(C)CCC2(C)C
CHEMBL2322964,RXRalpha,5.080,,1,0,,exact,NCCCn1c2c(c3ccc(NCC(=O)O)cc3c1=O)C(=O)c1ccccc1-2
CHEMBL397281,RXRalpha,6.200,,2,0,Active,exact,CN1c2ccc(S(=O)(=O)Cc3ccc(Cl)cc3)cc2N=C(c2ccc(C(=O)O)cc2)c2cc3c(cc21)C(C)(C)CCC3(C)C
CHEMBL82248,RXRalpha,,5.658,0,1,,censored,CC1=C(/C=C/C(C)=C/C=C/C(C)=C/C(=O)Nc2ccc(CC3OC(C(=O)O)C(O)C(O)C3O)cc2)C(C)(C)CCC1
CHEMBL5804169,RXRalpha,7.820,,1,0,Active,exact,Cc1nc(OCc2cn(-c3ccc(Cl)c(C(C)(F)F)c3)nn2)ncc1Cl
CHEMBL6064622,RXRalpha,7.400,,1,0,Active,exact,Cc1ccnc(OC(C)c2cn(-c3ccc(Cl)c(OC(F)F)c3)nn2)n1
CHEMBL5882312,RXRalpha,6.580,,1,0,Active,exact,Fc1ccc(-n2cc(COc3nccc(N4CCOCC4)n3)nn2)cc1OC(F)F
CHEMBL2337784,RXRalpha,5.500,,1,0,,exact,CC(C)CC1=C(CC(=O)O)c2cc(F)ccc2/C1=C\c1ccc(C(C)C)cc1
CHEMBL5742559,RXRalpha,6.450,,1,0,Active,exact,CC(C)c1cccc(-n2cc(COc3ncccn3)nn2)c1
CHEMBL6023388,RXRalpha,5.870,,1,0,,exact,CC(F)(F)c1cc(-n2cc(COc3nccc(-c4cn[nH]c4)n3)nn2)ccc1F
CHEMBL5901995,RXRalpha,6.530,,1,0,Active,exact,Cc1nc(OCc2cn(-c3ccc(F)c(C(F)(F)F)c3)nn2)ncc1N1CCC1
CHEMBL5778544,RXRalpha,8.000,,1,0,Active,exact,CC(C)c1cnc(OCc2cn(-c3ccc(Cl)c(OC(F)F)c3)nn2)nc1
CHEMBL5999859,RXRalpha,5.790,,1,0,,exact,CC(F)(F)c1cc(-n2cc(COc3ccccn3)nn2)ccc1F
CHEMBL5945905,RXRalpha,5.700,,1,0,,exact,C=CCc1c(C)nc(-c2ccc(Cl)cc2)nc1Nc1ccc(C(=O)O)cc1
CHEMBL399461,RXRalpha,8.470,,1,0,Active,exact,Cc1cc2c(cc1-c1cc(CCC(=O)O)ccc1OC(F)(F)F)N(C(C)C)C(=O)CC2(C)C
CHEMBL5573335,RXRalpha,6.960,,1,0,Active,exact,O=C(O)CCOc1nc(Cl)cc(N2CCCc3ccccc32)n1
CHEMBL5772961,RXRalpha,7.000,,1,0,Active,exact,Cc1c(F)ccc(-n2cc(COc3ncc(OC(F)F)cn3)nn2)c1F
CHEMBL5806745,RXRalpha,7.280,,1,0,Active,exact,Cc1c(F)ccc(-n2cc(COc3ncc(Cl)cn3)nn2)c1F
CHEMBL5939181,RXRalpha,8.400,,1,0,Active,exact,Cc1cnc(OCc2cn(-c3ccc(Cl)c(C(F)F)c3)nn2)nc1C
CHEMBL247849,RXRalpha,6.280,,1,0,Active,exact,CCN1C(=O)CC(C)(C)c2cc(C)c(-c3cc(CCCC(=O)O)ccc3OC(F)(F)F)cc21
CHEMBL5421096,RXRalpha,8.000,,1,0,Active,exact,FC(F)Oc1cc(-n2cc(COc3ncccn3)nn2)ccc1Cl
CHEMBL4061160,RXRalpha,5.290,,1,0,,exact,O=C(O)/C=C/C=C/C=C/c1c(C2CC2)nc2ccccc2c1-c1ccc(F)cc1
CHEMBL4514583,RXRalpha,5.470,,1,0,,exact,CCc1cc(CC)cc(-c2ccc(C(=O)O)cc2)c1
CHEMBL5819348,RXRalpha,5.800,,1,0,,exact,Cc1nccn1-c1ccnc(OCc2cn(-c3ccc(F)c(C(F)F)c3)nn2)n1
CHEMBL5832296,RXRalpha,5.980,,1,0,,exact,Cc1cccc(-n2cc(COc3ncc(C(F)(F)F)cn3)nn2)c1F
CHEMBL110195,RXRalpha,8.420,,1,0,Active,exact,CCCCOc1c(/C(C)=C\C=C\C(C)=C\C(=O)O)cc(C(C)(C)C)cc1C(C)(C)C
CHEMBL245041,RXRalpha,4.960,,1,0,Inactive,exact,CN1CCN(c2ccc3c(c2)N=C(c2ccc(C(=O)O)cc2)c2cc4c(cc2N3C)C(C)(C)CCC4(C)C)CC1
CHEMBL1380908,RXRalpha,4.920,,1,0,Inactive,exact,Cc1cc(OCc2nnc(SCCC(=O)O)n2-c2ccccc2)ccc1Cl
CHEMBL5994695,RXRalpha,9.000,,1,0,Active,exact,Cc1cnc(OCc2cn(-c3ccc(F)c(C(F)(F)F)c3)nn2)nc1C
CHEMBL246827,RXRalpha,6.120,,1,0,Active,exact,CCN1C(=O)CC(C)(C)c2cc(C)c(-c3cc(CC(C)C(=O)O)ccc3OC(F)(F)F)cc21
CHEMBL205694,RXRalpha,7.170,,1,0,Active,exact,CC(/C=C/CN(c1cc(C(C)(C)C)cc2c1CCC2(C)C)C(C)C)=C\C(=O)O
CHEMBL5949621,RXRalpha,6.110,,1,0,Active,exact,Cc1cc(-n2cc(COc3ncc(Cl)c(C)n3)nn2)c(F)cc1F
CHEMBL5614122,RXRalpha,5.800,,1,0,,exact,N#Cc1ccc(-c2ccc(CC(=O)O)cc2)cc1C(F)(F)F
CHEMBL4535171,RXRalpha,5.800,,1,0,,exact,CC1=C(CCc2nnn[nH]2)c2ccccc2/C1=C\c1ccc(OC(F)(F)F)cc1
CHEMBL206005,RXRalpha,6.190,,1,0,Active,exact,CCCN(C(=O)/C=C/C(C)=C/C(=O)O)c1cc(C(C)(C)C)cc(C(C)(C)C)c1
CHEMBL6038914,RXRalpha,7.250,,1,0,Active,exact,Fc1cnc(OCc2cn(-c3ccc(F)c(Br)c3)nn2)nc1
CHEMBL208213,RXRalpha,7.430,,1,0,Active,exact,CC(/C=C/CN(C)c1cc(C(C)(C)C)cc(C(C)(C)C)c1)=C\C(=O)O
CHEMBL5946574,RXRalpha,6.640,,1,0,Active,exact,CC(C)c1cccc(-n2cc(COc3ncc(F)cn3)nn2)c1
CHEMBL25361,RXRalpha,,6.000,0,1,,censored,CC1(C)CCC(C)(C)c2cc(-c3ccc4cc(C(=O)O)ccc4c3)ccc21
CHEMBL3622725,RXRalpha,6.820,,3,0,Active,exact,CC(=C/C=C/C(C)=C/C(=O)O)/C=C1\CCCC(c2ccccc2)=C1CCC(C)C
CHEMBL6026444,RXRalpha,6.820,,1,0,Active,exact,FC(F)Oc1cnc(OCc2cn(-c3ccc(Cl)cc3)nn2)nc1
CHEMBL6025472,RXRalpha,6.820,,1,0,Active,exact,Cc1cccc(-n2cc(COc3ncc(C)c(N)n3)nn2)c1
CHEMBL92926,RXRalpha,6.980,,1,0,Active,exact,C/C(=C\c1ccc(C(=O)O)cn1)c1cc2c(cc1C)C(C)(C)CCC2(C)C
CHEMBL5849093,RXRalpha,5.990,,1,0,,exact,Cc1cnc(OCc2cn(-c3cccc(Cl)c3F)nn2)nc1
CHEMBL5768776,RXRalpha,7.570,,1,0,Active,exact,CCc1cc(-n2cc(COc3ncc(C(C)(C)O)cn3)nn2)ccc1F
CHEMBL5757034,RXRalpha,7.410,,1,0,Active,exact,CC(F)(F)c1cccc(-n2cc(COc3ncc(Br)cn3)nn2)c1
CHEMBL5433088,RXRalpha,8.100,,1,0,Active,exact,CNc1ccnc(OCc2cn(-c3ccc(F)c(OC(F)F)c3)nn2)n1
CHEMBL5995551,RXRalpha,8.100,,1,0,Active,exact,Cc1cnc(OCc2cn(-c3ccc(Cl)c(OC(F)F)c3)nn2)nc1C
CHEMBL290399,RXRalpha,7.330,,1,0,Active,exact,C/C(=C\C(=O)O)c1cc2cccc(-c3cc(C(C)C)cc(C(C)C)c3OCCCF)c2o1
CHEMBL5433511,RXRalpha,6.645,,2,0,Active,exact,C[C@@H](Oc1ncccn1)c1cn(-c2ccc(Cl)c(OC(F)F)c2)nn1
CHEMBL4513808,RXRalpha,,5.000,0,1,,censored,Cc1c(C2(C(F)(F)F)CC2)nc(C2CC2)n1-c1c(Cl)ccc(N2CC3(CC(C(=O)O)C3)C2)c1Cl
CHEMBL100623,RXRalpha,7.225,,2,0,Active,exact,C=C(c1ccc(C(=O)O)cc1)c1cc2c(cc1CC)C(C)(C)CCC2(C)C
CHEMBL377178,RXRalpha,7.200,,1,0,Active,exact,CC(/C=C/CN(CC1CC1)c1cc(C(C)(C)C)cc2c1CCC2(C)C)=C\C(=O)O
CHEMBL289057,RXRalpha,7.395,,2,0,Active,exact,CCOc1c(-c2cccc3cc(/C(C)=C/C(=O)O)oc23)cc(C(C)C)cc1C(C)C
CHEMBL35136,RXRalpha,5.550,,1,0,,exact,CC(/C=C/C=C(\C)c1ccc2c(c1)C(C)(C)CCO2)=C\C(=O)O
CHEMBL5940788,RXRalpha,7.140,,1,0,Active,exact,COc1ccnc(OCc2cn(-c3ccc(F)c(C(F)(F)F)c3)nn2)n1
CHEMBL5846785,RXRalpha,8.520,,1,0,Active,exact,Fc1ccc(-n2cc(COc3ncc(Cl)cn3)nn2)cc1C(F)F
CHEMBL4554527,RXRalpha,,4.523,0,1,Inactive,censored,Cc1ccc(OCc2ccc(C(=O)O)cc2)c(-c2ccccc2)c1
CHEMBL3718049,RXRalpha,,5.000,0,1,,censored,CCOc1cc2c(cc1C(=O)c1ccc(C(=O)C(=O)O)cc1)C(C)(C)CCC2(C)C
CHEMBL284937,RXRalpha,5.650,,3,0,,exact,CCc1cc2c(cc1/C(C)=C/c1ccc(C(=O)O)cc1)C(C)(C)CCC2(C)C
CHEMBL277626,RXRalpha,7.680,,1,0,Active,exact,Cc1cc2c(cc1C(=C1CC1)c1ccc(C(=O)O)cc1)C(C)(C)CCC2(C)C
CHEMBL4519831,RXRalpha,4.890,,1,0,Inactive,exact,O=C(O)Cc1ccc(COc2ccc3c(c2)CCC3)cc1
CHEMBL6151098,RXRalpha,,5.000,0,1,,censored,O=C(O)c1ccc(-c2ccc(OCc3c(-c4c(Cl)cccc4Cl)noc3C3CC3)cc2)cc1
CHEMBL105806,RXRalpha,,5.000,0,2,,censored,Cc1cc2c(cc1C(=O)c1ccccc1C(=O)O)C(C)(C)CCC2(C)C
CHEMBL5802304,RXRalpha,7.310,,1,0,Active,exact,CC(F)(F)c1cccc(-n2cc(COc3nccc(CO)n3)nn2)c1
CHEMBL6029717,RXRalpha,7.210,,1,0,Active,exact,CC(F)(F)c1cccc(-n2cc(COc3ncc(N4CCC4)cn3)nn2)c1
CHEMBL4094117,RXRalpha,4.680,,1,0,Inactive,exact,CCCc1cc2c(-c3ccccc3)cc(=O)oc2cc1OCc1cc(C(=O)O)oc1C
CHEMBL5783339,RXRalpha,7.260,,1,0,Active,exact,Cc1cnc(OCc2cn(-c3cccc(C(F)F)c3)nn2)nc1N
CHEMBL5928883,RXRalpha,5.520,,1,0,,exact,Cc1cc(OCc2cn(-c3ccc(F)c(C)c3)nn2)ncn1
CHEMBL5760606,RXRalpha,6.760,,1,0,Active,exact,CC(C)(O)c1cnc(OCc2cn(-c3cccc(C(F)F)c3)nn2)nc1
CHEMBL4439422,RXRalpha,4.440,,1,0,Inactive,exact,O=C(O)CCc1nc(-c2ccccc2Cl)c(-c2ccccc2)o1
CHEMBL5994635,RXRalpha,8.100,,1,0,Active,exact,Cc1nc(OCc2cn(-c3ccc(C(F)(F)F)s3)nn2)ncc1F
CHEMBL6035923,RXRalpha,7.030,,1,0,Active,exact,CC(=O)c1cnc(OCc2cn(-c3ccc(C)c(OC(F)F)c3)nn2)nc1
CHEMBL246629,RXRalpha,8.680,,1,0,Active,exact,CCCN1C(=O)CC(C)(C)c2cc(C)c(-c3cc(/C=C/C(=O)O)ccc3OC(F)(F)F)cc21
CHEMBL5613273,RXRalpha,6.540,,1,0,Active,exact,CC(C)Oc1ccc(-c2ccc(CC(=O)O)cc2)cc1C(F)(F)F
CHEMBL5792489,RXRalpha,,5.000,0,1,,censored,Fc1c(Cl)cccc1-n1cc(COc2ncccn2)nn1
CHEMBL5932120,RXRalpha,7.580,,1,0,Active,exact,FC(F)Oc1cc(-n2cc(COc3nccc(Cl)n3)nn2)ccc1Cl
CHEMBL6027974,RXRalpha,6.520,,1,0,Active,exact,FC(F)c1cccc(-n2cc(COc3nccc(N4CCCCC4)n3)nn2)c1
CHEMBL6046050,RXRalpha,7.180,,1,0,Active,exact,COCc1ccnc(OCc2cn(-c3ccc(F)c(Cl)c3)nn2)n1
CHEMBL5565773,RXRalpha,8.050,,1,0,Active,exact,CC1(C)CCN(c2cc(Cl)nc(OCCC(=O)O)n2)c2ccccc21
CHEMBL5200645,RXRalpha,7.210,,3,0,Active,exact,CCCC1=C(CCC(C)C)/C(=C/C(C)=C\C=C\C(C)=C\C(=O)O)CCC1
CHEMBL147335,RXRalpha,,5.000,0,1,,censored,CC1=C(/C=C/C#Cc2ccccc2C(=O)O)C(C)(C)CCC1
CHEMBL5952046,RXRalpha,6.920,,1,0,Active,exact,Cc1cnc(N[C@H](C)c2cn(-c3ccc(Cl)c(OC(F)F)c3)nn2)nc1
CHEMBL326673,RXRalpha,8.320,,1,0,Active,exact,C/C(=C/C=C(F)/C(C)=C/C(=O)O)c1cc(C(C)(C)C)cc(C(C)(C)C)c1OCC(F)F
CHEMBL3714833,RXRalpha,,4.523,0,1,Inactive,censored,Cc1cc2c(c(O)c1C(=O)c1ccc(C(=O)O)cc1)C(C)(C)CCC2(C)C
CHEMBL5858696,RXRalpha,6.940,,1,0,Active,exact,COCc1ccnc(OCc2cn(-c3ccc4c(c3)CCC4)nn2)n1
CHEMBL5401472,RXRalpha,,4.699,0,1,Inactive,censored,C[C@H]1CCCN1c1cc(-c2ccccc2O)nnc1N
CHEMBL5820376,RXRalpha,9.000,,1,0,Active,exact,Cc1nc(OCc2cn(-c3ccc(F)c(C(F)F)c3)nn2)ncc1F
CHEMBL5845575,RXRalpha,8.100,,1,0,Active,exact,CC(C)c1cnc(OCc2cn(-c3ccc(Cl)c(C(F)F)c3)nn2)nc1
CHEMBL6018135,RXRalpha,8.520,,1,0,Active,exact,Fc1ccc(-n2cc(COc3ncc(Cl)cn3)nn2)cc1OC(F)F
CHEMBL2172214,RXRalpha,,4.460,0,1,Inactive,censored,CC(=O)Nc1ccc2c3c(n(CCCN)c(=O)c2c1)-c1ccccc1C3=O
CHEMBL5845039,RXRalpha,7.190,,1,0,Active,exact,Cc1cnc(NCc2cn(-c3ccc(F)c(OC(F)F)c3)nn2)nc1
CHEMBL6047446,RXRalpha,6.770,,1,0,Active,exact,Cc1c(COc2ncc(C3CC3)cn2)nnn1-c1ccc(F)c(C(C)(F)F)c1
CHEMBL4446467,RXRalpha,6.890,,1,0,Active,exact,O=C(O)CCc1nc(-c2cc(Cl)cc(Cl)c2)c(-c2ccccc2)o1
CHEMBL5981205,RXRalpha,6.770,,1,0,Active,exact,Cc1ccnc(OCc2cn(-c3ccc(F)c(C(F)F)c3)nn2)c1
CHEMBL5838211,RXRalpha,7.170,,1,0,Active,exact,CNc1ccnc(OCc2cn(-c3cccc(OC(F)(F)F)c3)nn2)n1
CHEMBL4469797,RXRalpha,4.590,,1,0,Inactive,exact,COc1cc(OC)cc(-c2ccc(C(=O)O)cc2)c1
CHEMBL12089,RXRalpha,4.610,,1,0,Inactive,exact,COc1ccc2cc3[n+](cc2c1OC)CCc1cc2c(cc1-3)OCO2.[Cl-]
CHEMBL5823155,RXRalpha,8.100,,1,0,Active,exact,Fc1ccc(-n2cc(COc3nccc(NC4CC4)n3)nn2)cc1C(F)F
CHEMBL6047111,RXRalpha,8.000,,1,0,Active,exact,CCc1cnc(OCc2cn(-c3ccc(F)c(C(F)(F)F)c3)nn2)nc1
CHEMBL4445748,RXRalpha,,4.523,0,1,Inactive,censored,CC(C)(C)c1ccc(OCc2ccc(C(=O)O)cc2)c(-c2ccccc2)c1
CHEMBL5955900,RXRalpha,7.700,,1,0,Active,exact,Cc1cnc(OCc2cn(-c3ccc4c(c3)CCC4)nn2)nc1
CHEMBL5172069,RXRalpha,6.140,,3,0,Active,exact,CC1(C)CCC(C)(C)c2cc3c(cc21)CCC1(CCc2cc(C(=O)O)ccc2O1)O3
CHEMBL3098858,RXRalpha,7.890,,1,0,Active,exact,CC(=C/C=C/C(C)=C/C(=O)O)/C=C1\CC[C@H](C)c2ccccc21
CHEMBL5963003,RXRalpha,9.000,,1,0,Active,exact,COc1cnc(OCc2cn(-c3ccc(Cl)c(C(F)F)c3)nn2)nc1
CHEMBL5940103,RXRalpha,8.700,,1,0,Active,exact,Cc1cc(-n2cc(COc3ncc(Cl)cn3)nn2)ccc1F
CHEMBL5769540,RXRalpha,6.180,,1,0,Active,exact,Cc1ccnc(OCc2cn(-c3ccc(F)c(C(F)(F)F)c3)nn2)c1
CHEMBL705,RXRalpha,7.850,,35,0,Active,exact,CC1=C(/C=C/C(C)=C\C=C\C(C)=C\C(=O)O)C(C)(C)CCC1
CHEMBL432261,RXRalpha,,6.000,0,1,,censored,CC1(C)CCC(C)(C)c2cc(-c3cccc4cc(C(=O)O)ccc34)ccc21
CHEMBL5563268,RXRalpha,7.420,,1,0,Active,exact,Cc1ccc2c(c1)N(c1cc(Cl)nc(OCCC(=O)O)n1)CCC2
CHEMBL4872307,RXRalpha,5.990,,1,0,,exact,O=C(O)CCc1nc(-c2cc(Cl)cc(Cl)c2)c(-c2cc(Cl)cc(Cl)c2)o1
CHEMBL3622720,RXRalpha,7.385,,2,0,Active,exact,CC(=C/C=C/C(C)=C/C(=O)O)/C=C1\CCCC(C2CC2)=C1C(C)C
CHEMBL5764144,RXRalpha,7.385,,2,0,Active,exact,Cc1cnc(O[C@@H](C)c2cn(-c3ccc(Cl)c(OC(F)F)c3)nn2)nc1
CHEMBL4455253,RXRalpha,6.785,,2,0,Active,exact,O=C(O)c1ccc(COc2ccccc2-c2ccccc2)cc1
CHEMBL244832,RXRalpha,6.410,,2,0,Active,exact,CCN1c2ccc(C#N)cc2N=C(c2ccc(C(=O)O)cc2)c2cc3c(cc21)C(C)(C)CCC3(C)C
CHEMBL5980985,RXRalpha,7.720,,1,0,Active,exact,Fc1ccc(-n2cc(COc3ncc(N4CC(F)(F)C4)cn3)nn2)cc1OC(F)F
CHEMBL5755883,RXRalpha,7.680,,1,0,Active,exact,Cc1ccc(OCc2cn(-c3ccc(F)c(C(F)F)c3)nn2)nc1
CHEMBL2111792,RXRalpha,6.920,,1,0,Active,exact,CC1=C(C)/C(=C/C(C)=C\C=C\C(C)=C\C(=O)O)CCC1
CHEMBL248414,RXRalpha,6.700,,1,0,Active,exact,Cc1cc2c(cc1-c1cc([C@H]3C[C@@H]3C(=O)O)ccc1OC(F)(F)F)N(C(C)C)C(=O)CC2(C)C
CHEMBL5744904,RXRalpha,6.330,,1,0,Active,exact,COc1cnc(OCc2nnn(-c3cccc(C(F)F)c3)c2C)nc1
CHEMBL395563,RXRalpha,5.970,,2,0,,exact,COc1ccc(Sc2ccc3c(c2)N=C(c2ccc(C(=O)O)cc2)c2cc4c(cc2N3C)C(C)(C)CCC4(C)C)cc1
CHEMBL32505,RXRalpha,6.420,,5,0,Active,exact,C/C(=C\c1ccc(C(=O)O)cc1)c1cc2c(cc1C)C(C)(C)CCC2(C)C
CHEMBL3716417,RXRalpha,5.190,,1,0,,exact,Cc1cc2c(cc1C(NCc1cccc(F)c1)c1ccc(C(=O)O)cc1)C(C)(C)CCC2(C)C
CHEMBL5785933,RXRalpha,7.510,,1,0,Active,exact,CC(O)c1cnc(OCc2cn(-c3ccc(F)c(C(F)(F)F)c3)nn2)nc1
CHEMBL2332890,RXRalpha,7.080,,1,0,Active,exact,Cc1cc2c(cc1-n1ccc3cc(C(=O)O)ccc31)C(C)(C)CCC2(C)C
CHEMBL1185123,RXRalpha,4.790,,1,0,Inactive,exact,NCCCCCCn1c2c(c3ccccc3c1=O)C(=O)c1ccccc1-2
CHEMBL5870869,RXRalpha,5.190,,1,0,,exact,Fc1ccc(-n2cc(COc3cnccn3)nn2)cc1C(F)(F)F
CHEMBL3314592,RXRalpha,6.110,,1,0,Active,exact,CC(C)=CCc1cc([C@@H]2CC(=O)c3ccc(O)c(CC=C(C)C)c3O2)cc2c1OC(C(C)(C)O)C2
CHEMBL5927050,RXRalpha,8.150,,1,0,Active,exact,Cc1cc(-n2cc(COc3ncc(OCCF)cn3)nn2)ccc1F
CHEMBL310047,RXRalpha,8.520,,1,0,Active,exact,CC(/C=C/[C@]12CCC[C@@]1(c1ccc3c(c1)C(C)(C)CCC3(C)C)C2)=C\C(=O)O
CHEMBL312737,RXRalpha,8.300,,1,0,Active,exact,CC(/C=C/C1=C(c2cc3c(cc2C)C(C)(C)CCC3(C)C)CCC1)=C\C(=O)O
CHEMBL5773627,RXRalpha,8.000,,1,0,Active,exact,Cc1ccnc(OCc2cn(-c3ccc(F)c(Br)c3)nn2)n1
CHEMBL6025382,RXRalpha,5.250,,1,0,,exact,Fc1cccc(-n2cc(COc3ncccn3)nn2)c1
CHEMBL6023095,RXRalpha,5.680,,1,0,,exact,Fc1ccc(-n2cc(COc3ncccn3)nn2)cc1F
CHEMBL4209440,RXRalpha,5.700,,1,0,,exact,COC(=O)Cc1ccc(OCc2oc(-c3cccc(OC)c3)nc2C)cc1
CHEMBL5833069,RXRalpha,6.570,,1,0,Active,exact,CC(F)(F)c1cc(-n2cc(COc3nccc(C(F)(F)F)n3)nn2)ccc1F
CHEMBL34292,RXRalpha,5.570,,1,0,,exact,CC(/C=C/C=C(\C)c1ccc2c(c1)C(C)(C)CCS2)=C\C(=O)O
CHEMBL92284,RXRalpha,8.400,,1,0,Active,exact,CC(/C=C/C1(c2cc3c(cc2C)C(C)(C)CCC3(C)C)CC1)=C\C(=O)O
CHEMBL6004382,RXRalpha,4.930,,1,0,Inactive,exact,Cn1nccc1NCc1cn(-c2ccc(F)c(OC(F)F)c2)nn1
CHEMBL367149,RXRalpha,5.200,,1,0,,exact,CC/C=C\C/C=C\C/C=C\C/C=C\C/C=C\C/C=C\CCC(=O)O
CHEMBL5594557,RXRalpha,7.770,,1,0,Active,exact,Cc1cc(C)c2c(c1)N(c1cc(Cl)nc(OCCC(=O)O)n1)CCC2
CHEMBL5893399,RXRalpha,8.300,,1,0,Active,exact,Cc1nc(OCc2cn(-c3ccc(F)c(C)c3F)nn2)ncc1Cl
CHEMBL4472137,RXRalpha,5.430,,1,0,,exact,CC(C)(C)c1cc(-c2cccc(C(=O)O)c2)cc(C(C)(C)C)c1
CHEMBL43238,RXRalpha,8.150,,1,0,Active,exact,C/C(=C\C(=O)O)c1cc2c(-c3cc(C(C)(C)C)cc(C(C)(C)C)c3OCCC(F)F)cccc2s1
CHEMBL4570663,RXRalpha,6.800,,1,0,Active,exact,CC(C)(C)c1ccccc1OCc1ccc(C(=O)O)cc1
CHEMBL6177252,RXRalpha,,5.000,0,1,,censored,CC(=O)Oc1ccc(O[C@H]2CC[C@H](NC(=O)Nc3ccc(OC(F)(F)F)c(F)c3)CC2)cc1
CHEMBL4449685,RXRalpha,6.630,,5,0,Active,exact,Cc1cc2c(cc1-c1cc3cc(C(=O)O)c(=O)oc3cc1O)C(C)(C)CCC2(C)C
CHEMBL3746821,RXRalpha,,4.000,0,1,Inactive,censored,Cc1ccc(NC(=O)c2cc(-n3cc4ccc(C(=O)O)cc4n3)ccc2N2CCCCC2)cc1
CHEMBL5990632,RXRalpha,7.220,,1,0,Active,exact,CC(F)(F)c1cc(-n2cc(COc3ncccn3)nn2)ccc1F
CHEMBL89241,RXRalpha,7.495,,2,0,Active,exact,CC(/C=C/C=C(\C)c1cc(C(C)(C)C)cc(C(C)(C)C)c1)=C\C(=O)O
CHEMBL41632,RXRalpha,5.400,,2,0,,exact,O=C(O)Cc1cc(I)c(Oc2ccc(O)c(I)c2)c(I)c1
CHEMBL2111557,RXRalpha,,6.699,0,2,,censored,C/C=C(/C=C/C=C/C=C(C)\C=C1/CCCC(CC)=C1C(C)C)C(=O)O
CHEMBL4459701,RXRalpha,5.020,,1,0,,exact,Cc1cccc(Nc2cc(Br)nc(SCC(=O)O)n2)c1C
CHEMBL5846434,RXRalpha,6.820,,1,0,Active,exact,Cc1nc(OCc2cn(-c3ccc(F)c(C)c3F)nn2)ncc1F
CHEMBL6037829,RXRalpha,7.770,,1,0,Active,exact,CC(F)(F)c1cc(-n2cc(COc3ncc(CO)cn3)nn2)ccc1Cl
CHEMBL5938078,RXRalpha,6.320,,1,0,Active,exact,CC(O)(c1cnc(OCc2cn(-c3ccc(F)c(C(F)F)c3)nn2)nc1)C(F)(F)F
CHEMBL4515740,RXRalpha,5.890,,1,0,,exact,O=C(O)CCc1nc(-c2ccc(Cl)cc2)c(-c2ccccc2)o1
CHEMBL5743194,RXRalpha,7.890,,1,0,Active,exact,Fc1ccc(-n2cc(COc3ncc(Br)cn3)nn2)cc1C(F)(F)F
CHEMBL5957964,RXRalpha,5.650,,1,0,,exact,FC(F)c1cc(-n2cc(COc3ccncn3)nn2)ccc1Cl
CHEMBL5567959,RXRalpha,4.480,,1,0,Inactive,exact,COc1ccccc1-c1oc(CCC(=O)O)nc1-c1ccccc1
CHEMBL6031117,RXRalpha,8.050,,1,0,Active,exact,COc1cnc(OCc2cn(-c3cccc(C)c3)nn2)nc1
CHEMBL75133,RXRalpha,9.400,,2,0,Active,exact,CC(/C=C/[C@@H]1C[C@]1(C)c1ccc2c(c1)C(C)(C)CCC2(C)C)=C\C(=O)O
CHEMBL5190999,RXRalpha,6.680,,3,0,Active,exact,CCCCC1=C(CCC(C)C)/C(=C/C(C)=C\C=C\C(C)=C\C(=O)O)CCC1
CHEMBL64771,RXRalpha,7.000,,1,0,Active,exact,CCCOc1cc2c(cc1C1CCCc3oc(/C=C/C(=O)O)cc31)C(C)(C)CCC2(C)C
CHEMBL3718987,RXRalpha,,4.523,0,1,Inactive,censored,Cc1ccc(S(=O)(=O)Nc2c(C)c(Cc3ccc(C(=O)O)cc3)cc3c2C(C)(C)CCC3(C)C)cc1
CHEMBL208316,RXRalpha,8.100,,1,0,Active,exact,CCCN(C/C=C/C(C)=C/C(=O)O)c1cc(C(C)(C)C)cc2c1CCC2(C)C
CHEMBL1688383,RXRalpha,6.605,,4,0,Active,exact,CCN(c1ccc(C(C)C)c(OCC(C)C)c1)c1ccc(C(=O)O)cn1
CHEMBL5944669,RXRalpha,7.280,,1,0,Active,exact,Cc1c(F)ccc(-n2cc(COc3ncc(C(C)C)cn3)nn2)c1F
CHEMBL2111790,RXRalpha,7.480,,1,0,Active,exact,CC1=C(C(C)C)/C(=C/C(C)=C\C=C\C(C)=C\C(=O)O)CCC1
CHEMBL5919937,RXRalpha,6.230,,1,0,Active,exact,Cc1c(F)ccc(-n2cc(COc3nccc(C4CC4)n3)nn2)c1F
CHEMBL245241,RXRalpha,5.810,,2,0,,exact,CN1c2ccc(S(C)(=O)=O)cc2N=C(c2ccc(C(=O)O)cc2)c2cc3c(cc21)C(C)(C)CCC3(C)C
CHEMBL5802981,RXRalpha,6.290,,1,0,Active,exact,Cc1cnc(OCc2cn(-c3cccc(F)c3C)nn2)nc1
CHEMBL2172208,RXRalpha,5.380,,1,0,,exact,CNc1ccc2c3c(n(CCCN)c(=O)c2c1)-c1ccccc1C3=O
CHEMBL88216,RXRalpha,7.845,,2,0,Active,exact,CC(/C=C/CC1(c2cc(C(C)(C)C)cc3c2CCC3(C)C)CC1)=C\C(=O)O
CHEMBL5415478,RXRalpha,6.220,,1,0,Active,exact,O=C(O)CCc1ccc(COc2cccc3c2CCC3)cc1
CHEMBL5810206,RXRalpha,7.800,,1,0,Active,exact,CC(C)c1cccc(-n2cc(COc3ncc(Cl)cn3)nn2)c1
CHEMBL4858779,RXRalpha,4.770,,1,0,Inactive,exact,O=C(O)CCc1nc(-c2ccccc2)c(-c2ccccc2Cl)o1
CHEMBL575324,RXRalpha,6.790,,1,0,Active,exact,Cc1cc2c(cc1Cc1ccc(C(=O)O)cc1F)C(C)(C)CCC2(C)C
CHEMBL5590712,RXRalpha,7.540,,1,0,Active,exact,CC1Cc2ccccc2N(c2cc(Cl)nc(OCCC(=O)O)n2)C1
CHEMBL5795332,RXRalpha,7.820,,1,0,Active,exact,CNc1ccnc(OCc2cn(-c3ccc(F)c(C(F)F)c3)nn2)n1
CHEMBL5219536,RXRalpha,4.280,,1,0,Inactive,exact,COc1cccc2ccc(-c3cc(-c4ccc5cccc(OC)c5c4O)c4cccc(OC)c4c3O)c(O)c12
CHEMBL4865656,RXRalpha,6.170,,1,0,Active,exact,O=C(O)CCc1nc(-c2ccccc2)c(-c2cc(F)cc(F)c2)o1
CHEMBL330998,RXRalpha,5.580,,1,0,,exact,CC(/C=C/C=C(\C)c1ccc2c(c1)C(C)(C)CS2)=C\C(=O)O
CHEMBL5820476,RXRalpha,7.300,,1,0,Active,exact,Cc1cnc(NCc2cn(-c3ccc(F)c(C(C)(F)F)c3)nn2)nc1C
CHEMBL2322286,RXRalpha,4.730,,1,0,Inactive,exact,CN(C)CCCn1c2c(c3ccc(Br)cc3c1=O)C(=O)c1ccccc1-2
CHEMBL5997740,RXRalpha,6.140,,1,0,Active,exact,Cc1ccc(OCc2cn(-c3ccc(Cl)c(OC(F)F)c3)nn2)cn1
CHEMBL5873658,RXRalpha,5.160,,1,0,,exact,C=CCc1c(C)nc(-c2ccc(Cl)cc2)nc1N(C)c1ccc(C(=O)O)cc1
CHEMBL305115,RXRalpha,7.700,,1,0,Active,exact,CC1(C)CCC(C)(C)c2cc(C3CCCc4oc(/C=C5/SC(=O)NC5=O)cc43)ccc21
CHEMBL5745045,RXRalpha,7.540,,1,0,Active,exact,Fc1ccc(-n2cc(COc3ncc(N4CC(F)(F)C4)cn3)nn2)cc1C(F)F
CHEMBL5807908,RXRalpha,6.100,,1,0,Active,exact,COCc1ccnc(OCc2cn(-c3ccc(F)c(C)c3F)nn2)n1
CHEMBL4514278,RXRalpha,5.380,,1,0,,exact,CC(C)(C)c1ccc(OCc2ccc(C(=O)O)cc2)c(Cl)c1
CHEMBL5849467,RXRalpha,7.640,,1,0,Active,exact,CCc1cnc(OCc2cn(-c3ccc(F)c(F)c3)nn2)nc1
CHEMBL335242,RXRalpha,8.390,,1,0,Active,exact,CC(/C=C/C(F)=C(/C)c1cc(C(C)(C)C)cc(C(C)(C)C)c1OCC(F)(F)F)=C\C(=O)O
CHEMBL3289658,RXRalpha,7.000,,3,0,Active,exact,CC(=C/C=C/C(C)=C/C(=O)O)/C=C1\CCCc2cc(C)ccc21
CHEMBL5789942,RXRalpha,6.160,,1,0,Active,exact,Cc1nc(-c2ccccc2)nc2c1cc(C)n2-c1ccc(C(=O)O)cc1Br
CHEMBL4861965,RXRalpha,5.000,,1,0,,exact,Cc1ccc(-c2nc(CCC(=O)O)oc2-c2ccccc2)cc1
CHEMBL2303693,RXRalpha,,5.658,0,1,,censored,CC1=C(/C=C/C(C)=C/C=C/C(C)=C/C(=O)Nc2ccc(O[C@@H]3O[C@@H](C(=O)O)[C@@H](O)[C@H](O)[C@@H]3O)cc2)C(C)(C)CCC1
CHEMBL5766954,RXRalpha,,5.000,0,1,,censored,COc1cnc(OCc2cn(-c3ccc(OC(F)(F)F)cc3)nn2)nc1
CHEMBL25337,RXRalpha,7.000,,1,0,Active,exact,Cc1cc2c(cc1C1=NOC(c3ccc(C(=O)O)cc3)C1)C(C)(C)CCC2(C)C
CHEMBL6030512,RXRalpha,6.880,,1,0,Active,exact,FC(F)c1cc(-n2cc(CNc3ncc(Cl)cn3)nn2)ccc1Cl
CHEMBL4560357,RXRalpha,4.970,,1,0,Inactive,exact,CC(C)Oc1cccc(-c2ccc(C(=O)O)cc2)c1
CHEMBL39206,RXRalpha,6.700,,1,0,Active,exact,C/C(=C\C(=O)O)c1cc2cccc(-c3cc(C(C)C)cc(C(C)C)c3OCC(F)(F)F)c2o1
CHEMBL265051,RXRalpha,6.790,,1,0,Active,exact,C/C(=C\C(=O)O)c1cc2cccc(-c3cc(C(C)C)cc(C(C)C)c3OCC(F)F)c2o1
CHEMBL5612260,RXRalpha,5.580,,1,0,,exact,O=C(O)Cc1ccc(-c2cc(F)cc(C(F)(F)F)c2)cc1
CHEMBL88740,RXRalpha,8.700,,2,0,Active,exact,CCOc1c(/C(C)=C\C=C\C(C)=C\C(=O)O)cc(C(C)C)cc1C(C)C
CHEMBL134834,RXRalpha,5.750,,1,0,,exact,CC1(C)CCC(C)(C)c2cc3c(cc21)Cc1ccccc1N=C3c1ccc(C(=O)O)cc1
CHEMBL4855407,RXRalpha,6.360,,1,0,Active,exact,O=C(O)CCc1cc(-c2cc(C(F)(F)F)cc(C(F)(F)F)c2)n(-c2ccc(Cl)cc2)n1
CHEMBL5403049,RXRalpha,,4.000,0,1,Inactive,censored,Cc1cc(COc2ccc(C)c3c2CCC3)ccc1CC(=O)O
CHEMBL6024176,RXRalpha,7.890,,1,0,Active,exact,Fc1ccc(-n2cc(COc3ncc(C(F)F)cn3)nn2)cc1C(F)(F)F
CHEMBL326766,RXRalpha,5.600,,1,0,,exact,C/C=C(\c1ccc(C(=O)O)cc1)c1ccc2c(c1)C(C)(C)CCC2(C)C
CHEMBL5878516,RXRalpha,6.700,,1,0,Active,exact,C=CCc1c(Nc2ccc(C(=O)O)cc2)nc(-c2ccccc2)nc1C(F)(F)F
CHEMBL5855913,RXRalpha,8.700,,1,0,Active,exact,Cc1cc(-n2cc(COc3ncc(F)c(C)n3)nn2)ccc1F
CHEMBL5409770,RXRalpha,7.800,,1,0,Active,exact,COCc1ccnc(OCc2cn(-c3ccc(F)c(OC(F)F)c3)nn2)n1
CHEMBL5858348,RXRalpha,8.100,,1,0,Active,exact,CC(C)(O)c1cnc(OCc2cn(-c3ccc(F)c(C(C)(F)F)c3)nn2)nc1
CHEMBL402063,RXRalpha,4.480,,1,1,Inactive,exact,C/C=C1/C(=O)C[C@H]2[C@@H]3CCC4=CC(=O)CC[C@]4(C)[C@H]3CC[C@]12C
CHEMBL5923605,RXRalpha,5.360,,1,0,,exact,Fc1cccc(-n2cc(COc3ncc(Cl)cn3)nn2)c1F
CHEMBL5975046,RXRalpha,6.460,,1,0,Active,exact,CC(C)(O)c1cnc(OCc2cn(-c3ccc(F)c(C4CCC4)c3)nn2)nc1
CHEMBL6174241,RXRalpha,5.315,,2,0,,exact,COc1ccc2ccc(OC)c(/C=C/[N+](=O)[O-])c2c1
CHEMBL5822500,RXRalpha,5.000,,1,0,,exact,C=CCc1c(C)nc(-c2ccccc2)nc1Nc1ccc(C(=O)Oc2ccc(CCN)cc2)cc1
CHEMBL6025420,RXRalpha,7.580,,1,0,Active,exact,Fc1cnc(OCc2cn(-c3ccc(F)c(OC(F)F)c3)nn2)nc1
CHEMBL5920550,RXRalpha,7.160,,1,0,Active,exact,Clc1ccc(-n2cc(COc3ncc(Cl)cn3)nn2)cc1
CHEMBL2172210,RXRalpha,4.820,,1,0,Inactive,exact,CNCCCn1c2c(c3ccc(N)cc3c1=O)C(=O)c1ccccc1-2
CHEMBL5822811,RXRalpha,8.520,,1,0,Active,exact,Cc1cnc(OCc2cn(-c3ccc(F)c(Br)c3)nn2)nc1C
CHEMBL12850,RXRalpha,4.380,,1,0,Inactive,exact,CC(C)c1ccc2c(c1)CC[C@H]1[C@](C)(C(=O)O)CCC[C@]21C
CHEMBL5742461,RXRalpha,6.430,,1,0,Active,exact,Cn1ccc(NCc2cn(-c3ccc(F)c(OC(F)F)c3)nn2)n1
CHEMBL5921827,RXRalpha,6.510,,1,0,Active,exact,CC(F)(F)c1cc(-n2cc(COc3ncc(C(C)(O)C(F)(F)F)cn3)nn2)ccc1F
CHEMBL3716204,RXRalpha,,5.000,0,1,,censored,CC1(C)CCC(C)(C)c2c1cc(C(=O)c1ccc(C(=O)O)cc1)c(OCC(F)F)c2[N+](=O)[O-]
CHEMBL5857448,RXRalpha,6.950,,1,0,Active,exact,Fc1ccc(-n2cc(COc3ncc(C(F)(F)F)cn3)nn2)c(F)c1C(F)F
CHEMBL399326,RXRalpha,8.300,,1,0,Active,exact,Cc1cc2c(cc1-c1cc(C3CC3C(=O)O)ccc1OC(F)(F)F)N(C(C)C)C(=O)CC2(C)C
CHEMBL6019464,RXRalpha,6.000,,1,0,Active,exact,COc1cc(-n2cc(COc3ncccn3)nn2)ccc1F
CHEMBL5814515,RXRalpha,6.890,,1,0,Active,exact,CCc1cnc(NCc2cn(-c3ccc(F)c(C(C)(F)F)c3)nn2)nc1
CHEMBL5950774,RXRalpha,7.550,,1,0,Active,exact,COc1ccnc(OCc2cn(-c3ccc(F)c(OC(F)F)c3)nn2)n1
CHEMBL5613112,RXRalpha,5.220,,1,0,,exact,Cn1c2ccccc2c2ccc(-c3ccc(CC(=O)O)cc3)cc21
CHEMBL421459,RXRalpha,4.810,,1,0,Inactive,exact,O=C(O)c1cccc(-c2cc(Cl)cc(Cl)c2)c1
CHEMBL92430,RXRalpha,9.000,,1,0,Active,exact,C/C(=C/C=C/C(C)=C/C(=O)O)c1cc(C(C)C)cc(C(C)C)c1OCCF
CHEMBL5879605,RXRalpha,8.150,,1,0,Active,exact,CN(C)c1ccnc(OCc2cn(-c3ccc(F)c(OC(F)F)c3)nn2)n1
CHEMBL5840242,RXRalpha,5.830,,1,0,,exact,Cc1cc(-n2cc(COc3ncc(Cl)cn3)nn2)c(F)cc1F
CHEMBL5914148,RXRalpha,8.520,,1,0,Active,exact,COc1cnc(OCc2cn(-c3ccc(Cl)c(OC(F)F)c3)nn2)nc1
CHEMBL6164936,RXRalpha,5.115,,2,0,,exact,COc1cc(/C=C/[N+](=O)[O-])c2ccccc2c1
CHEMBL5854377,RXRalpha,5.300,,1,0,,exact,C=CCc1c(C)nc(-c2ccccc2)nc1Nc1ccc(C(=O)OCCCOc2ccc(CCN)cc2)cc1
CHEMBL5928998,RXRalpha,6.350,,1,0,Active,exact,Fc1cnc(OCc2cn(-c3cccc(OC(F)(F)F)c3)nn2)nc1
CHEMBL5395485,RXRalpha,6.000,,1,0,Active,exact,Cc1ccc(OCc2ccc(C(=O)O)cc2)c2c1CCC2
CHEMBL5739701,RXRalpha,8.150,,1,0,Active,exact,Fc1ccc(-n2cc(COc3ncc(C(F)(F)F)cn3)nn2)cc1C(F)F
CHEMBL6006848,RXRalpha,6.140,,1,0,Active,exact,COC1CN(c2cnc(OCc3cn(-c4ccc(F)c(C(F)(F)F)c4)nn3)nc2)C1
CHEMBL5919205,RXRalpha,6.980,,1,0,Active,exact,CC(F)(F)c1cccc(-n2cc(COc3ncc(N4CC(F)C4)cn3)nn2)c1
CHEMBL92394,RXRalpha,,6.000,0,1,,censored,CC(/C=C/C1(c2cc3c(cc2C)C(C)(C)CCC3(C)C)CCCC1)=C\C(=O)O
CHEMBL6050533,RXRalpha,7.440,,1,0,Active,exact,OCc1ccnc(OCc2cn(-c3ccc(F)c(C(F)F)c3)nn2)n1
CHEMBL427391,RXRalpha,7.380,,1,0,Active,exact,CCN(C/C=C/C(C)=C/C(=O)O)c1cc2c(cc1C)C(C)(C)CCC2(C)C
CHEMBL3425765,RXRalpha,6.770,,1,0,Active,exact,CCN(c1ccc(OCC(C)C)c(C(C)C)c1)c1ccc(C(=O)O)cn1
CHEMBL5849174,RXRalpha,6.150,,1,0,Active,exact,CC(F)(F)c1cccc(-n2cc(COc3nccc(C(F)(F)F)n3)nn2)c1
CHEMBL6038705,RXRalpha,7.550,,1,0,Active,exact,Cc1cnc(OCc2cn(-c3ccc(C)c(OC(F)F)c3)nn2)nc1
CHEMBL188581,RXRalpha,6.570,,1,0,Active,exact,CCCCOc1cc2c(cc1C(=C1CC1)c1ccc(C(=O)O)cc1)C(C)(C)CCC2(C)C
CHEMBL5614178,RXRalpha,5.000,,1,0,,exact,Cn1cc(C(=O)C(F)(F)F)c2cc(-c3ccc(CC(=O)O)cc3)ccc21
CHEMBL5859789,RXRalpha,6.960,,1,0,Active,exact,Cc1c(F)ccc(-n2cc(COc3ncc(C(F)F)cn3)nn2)c1F
CHEMBL5411285,RXRalpha,4.370,,1,0,Inactive,exact,Cc1cc(COc2cccc3c2CCC3)ccc1CC(=O)O
CHEMBL89331,RXRalpha,8.295,,2,0,Active,exact,CC(/C=C/CC1(c2ccc3c(c2)C(C)(C)CCC3(C)C)CC1)=C\C(=O)O
CHEMBL5571000,RXRalpha,6.050,,1,0,Active,exact,O=C(O)CCOc1nc(Cl)cc(N2CCCc3cc(Cl)ccc32)n1
CHEMBL5871528,RXRalpha,6.190,,1,0,Active,exact,Fc1cnc(NCc2cn(-c3cccc(C(F)F)c3)nn2)nc1
CHEMBL5848751,RXRalpha,6.890,,1,0,Active,exact,CC(C)c1ccnc(OCc2cn(-c3ccc(Cl)c(C(F)F)c3)nn2)n1
CHEMBL5612122,RXRalpha,4.850,,1,0,Inactive,exact,CN(C)c1ccc(-c2ccc(CC(=O)O)cc2)c2ccccc12
CHEMBL6005415,RXRalpha,6.960,,1,0,Active,exact,Cc1cccc(OCc2cn(-c3ccc(F)c(C(F)(F)F)c3)nn2)n1
CHEMBL246821,RXRalpha,8.740,,2,0,Active,exact,CCN1C(=O)CC(C)(C)c2cc(C)c(-c3cc(/C=C/C(=O)O)ccc3OC(F)(F)F)cc21
CHEMBL6058192,RXRalpha,7.030,,1,0,Active,exact,FC(F)c1cccc(-n2cc(COc3nccc(N4CCCC4)n3)nn2)c1
CHEMBL5906375,RXRalpha,5.520,,1,0,,exact,Fc1ccc(-n2cc(COc3ccccn3)nn2)cc1C(F)(F)F
CHEMBL4471255,RXRalpha,4.440,,1,0,Inactive,exact,Cc1ccccc1Nc1cc(Cl)nc(SCC(=O)O)n1
CHEMBL4868343,RXRalpha,6.320,,1,0,Active,exact,O=C(O)CCCc1nc(-c2ccccc2)c(-c2cc(Cl)cc(Cl)c2)o1
CHEMBL6048000,RXRalpha,7.770,,1,0,Active,exact,OCc1ccnc(OCc2cn(-c3ccc(Cl)c(C(F)F)c3)nn2)n1
CHEMBL5958623,RXRalpha,8.300,,1,0,Active,exact,CCc1cnc(OCc2cn(-c3cccc(C(F)(F)F)c3)nn2)nc1
CHEMBL5752763,RXRalpha,8.220,,1,0,Active,exact,FCCOc1cnc(OCc2cn(-c3ccc(F)c(Br)c3)nn2)nc1
CHEMBL3781132,RXRalpha,7.900,,2,0,Active,exact,CC1(C)CCC(C)(C)c2cc3c(cc21)O[C@@H]1CCC[C@]31c1ccc(C(=O)O)cc1
CHEMBL4763024,RXRalpha,6.275,,2,0,Active,exact,CC1=CC(C)=[N+]2C1=C(c1ccc(C(=O)NCCOCCOc3cc4c(cc3-n3c(C(F)(F)F)nc5cc(C(=O)O)ccc53)C(C)(C)CCC4(C)C)cc1)c1c(C)cc(C)n1[B-]2(F)F
CHEMBL328507,RXRalpha,6.190,,1,0,Active,exact,CCOc1c(-c2noc3ccc(/C(C)=C/C(=O)O)cc23)cc(C(C)C)cc1C(C)C
CHEMBL36464,RXRalpha,6.560,,1,0,Active,exact,C/C(=C\c1ccc(C(=O)O)cc1)c1cc2c(cc1Cl)C(C)(C)CCC2(C)C
CHEMBL5889989,RXRalpha,7.170,,1,0,Active,exact,CC(F)(F)c1cc(-n2cc(COc3ncc(C#N)cn3)nn2)ccc1F
CHEMBL2326683,RXRalpha,5.160,,1,0,,exact,CN(C)CCCn1c2c(c3ccc(N)cc3c1=O)C(=O)c1ccccc1-2
CHEMBL5777426,RXRalpha,7.470,,1,0,Active,exact,CNc1ccnc(OCc2cn(-c3ccc(F)c(C(F)(F)F)c3)nn2)n1
CHEMBL5921850,RXRalpha,,4.000,0,1,Inactive,censored,C=CCc1c(C)nc(-c2ccccc2)nc1Oc1ccc(C(=O)O)cc1
CHEMBL101308,RXRalpha,5.520,,3,1,,exact,CC1(C)CCC(C)(C)c2cc(C(=O)c3ccc(C(=O)O)cc3)ccc21
CHEMBL41675,RXRalpha,7.360,,1,0,Active,exact,CCCOc1c(-c2cccc3cc(/C(C)=C/C(=O)O)oc23)cc(C(C)C)cc1C(C)C
CHEMBL5975686,RXRalpha,6.300,,1,0,Active,exact,CC(F)(F)c1cccc(-n2cc(COc3ncc(C(C)(O)C(F)(F)F)cn3)nn2)c1
CHEMBL244621,RXRalpha,6.230,,2,0,Active,exact,CN1c2ccc(C#N)cc2N=C(c2ccc(C(=O)O)cc2)c2cc3c(cc21)C(C)(C)CCC3(C)C
CHEMBL4582509,RXRalpha,8.400,,1,0,Active,exact,CC1=C(/C=C\C(C)=C/C=C/C(C)=C/C(=O)O)C(C)(C)CCC1
CHEMBL6020377,RXRalpha,8.300,,1,0,Active,exact,Cc1nc(OCc2cn(-c3cccc(C(C)(F)F)c3)nn2)ncc1F
CHEMBL44420,RXRalpha,7.780,,2,0,Active,exact,C/C(=C\C(=O)O)c1cc2c(-c3cc(C(C)(C)C)cc(C(C)(C)C)c3C)cccc2s1
CHEMBL89253,RXRalpha,5.550,,1,0,,exact,CC1(C)CCC(C)(C)c2cc(-c3ccccc3-c3ccc(C(=O)O)cc3)ccc21
CHEMBL5807123,RXRalpha,7.410,,1,0,Active,exact,CN(C)c1cnc(OCc2cn(-c3ccc(F)c(C(C)(F)F)c3)nn2)nc1
CHEMBL5867815,RXRalpha,8.400,,1,0,Active,exact,COc1cnc(OCc2cn(-c3ccc(C(F)(F)F)s3)nn2)nc1
CHEMBL3718438,RXRalpha,,5.000,0,1,,censored,CC1(C)CCC(C)(C)c2cc(/C(=N\Nc3ccccc3)c3ccc(C(=O)O)cc3)ccc21
CHEMBL5919299,RXRalpha,4.970,,1,0,Inactive,exact,Fc1ccc(-n2cc(COc3cnc(-c4cccs4)cn3)nn2)cc1OC(F)F
CHEMBL5907485,RXRalpha,8.700,,1,0,Active,exact,FC(F)Oc1cc(-n2cc(COc3ncc(Cl)cn3)nn2)ccc1Cl
CHEMBL5563615,RXRalpha,5.380,,1,0,,exact,CN(c1ccccc1)c1cc(Cl)nc(OCCC(=O)O)n1
CHEMBL2323836,RXRalpha,4.710,,1,0,Inactive,exact,COC(=O)c1ccc2c3c(n(CCCN(C)C)c(=O)c2c1)-c1ccccc1C3=O.Cl
CHEMBL5425798,RXRalpha,7.170,,1,0,Active,exact,CC(C)(O)c1cnc(OCc2cn(-c3ccc(F)c(OC(F)F)c3)nn2)nc1
CHEMBL5782480,RXRalpha,7.050,,1,0,Active,exact,COCc1cnc(OCc2cn(-c3ccc(F)c(C(C)(F)F)c3)nn2)nc1
CHEMBL5570609,RXRalpha,8.150,,1,0,Active,exact,CC1CCN(c2cc(Cl)nc(OCCC(=O)O)n2)c2ccccc21
CHEMBL5911905,RXRalpha,,5.524,0,1,,censored,CN(C)C(=O)c1ccnc(OCc2cn(-c3ccc(F)c(C(F)F)c3)nn2)n1
CHEMBL5826852,RXRalpha,7.300,,1,0,Active,exact,Fc1ccc(-n2cc(COc3ncccn3)nn2)cc1C(F)F
CHEMBL110921,RXRalpha,8.090,,1,0,Active,exact,C/C(=C/C(F)=C/C(C)=C/C(=O)O)c1cc(C(C)(C)C)cc(C(C)(C)C)c1OCC(F)F
CHEMBL6060538,RXRalpha,7.390,,1,0,Active,exact,CC(F)(F)c1cc(-n2cc(COc3ncc(C4CC4)cn3)nn2)ccc1F
CHEMBL6000863,RXRalpha,7.800,,1,0,Active,exact,CC(F)(F)c1cc(-n2cc(COc3ncc(C(F)(F)F)cn3)nn2)ccc1Cl
CHEMBL4533202,RXRalpha,5.140,,1,0,,exact,Cc1c(Br)ccc(Nc2cc(Cl)nc(SCC(=O)O)n2)c1C
CHEMBL5811671,RXRalpha,6.280,,1,0,Active,exact,Fc1ccc(-n2cc(COc3ccc(C(F)(F)F)cn3)nn2)cc1C(F)(F)F
CHEMBL5963667,RXRalpha,7.280,,1,0,Active,exact,Nc1ccnc(OCc2cn(-c3ccc(F)c(OC(F)F)c3)nn2)n1
CHEMBL5821359,RXRalpha,7.700,,1,0,Active,exact,Cc1ccnc(OCc2cn(-c3ccc(F)c(C(F)(F)F)c3)nn2)n1
CHEMBL4439891,RXRalpha,5.170,,1,0,,exact,Cc1cccc(Nc2cc(Cl)nc(OCCC(=O)O)n2)c1C
CHEMBL6162285,RXRalpha,5.850,,1,0,,exact,Cc1cc2c(cc1-n1nnc3cc(C(=O)O)c(F)cc31)C(C)(C)CCC2(C)C
CHEMBL5780741,RXRalpha,7.280,,1,0,Active,exact,Fc1cnc(OCc2cn(-c3ccc(Cl)c(C(F)F)c3)nn2)nc1
CHEMBL62768,RXRalpha,5.130,,1,0,,exact,O=C1NC(=O)/C(=C/c2ccc(-c3cccc(C(F)(F)F)c3)o2)S1
CHEMBL118268,RXRalpha,5.640,,1,0,,exact,Cc1cc2c(cc1Sc1ncc(C(=O)O)s1)C(C)(C)CCC2(C)C
CHEMBL6016643,RXRalpha,7.770,,1,0,Active,exact,Cc1ccnc(OCc2cn(-c3ccc(Cl)c(C(C)(F)F)c3)nn2)n1
CHEMBL121659,RXRalpha,,6.699,0,1,,censored,CC(=C\C=C\C(C)=C\C(=O)O)/C=C1/C=CCCC1
CHEMBL291034,RXRalpha,8.300,,1,0,Active,exact,CCCCCCCOc1c(-c2cccc3sc(/C(C)=C/C(=O)O)cc23)cc(C(C)(C)C)cc1C(C)(C)C
CHEMBL417520,RXRalpha,6.490,,2,0,Active,exact,CCOc1c(-c2cccc3cc(/C(C)=C/C(=O)O)sc23)cc(C(C)C)cc1C(C)C
CHEMBL4553859,RXRalpha,4.800,,1,0,Inactive,exact,CC(C)c1ccc(OCc2ccc(C(=O)O)cc2)cc1
CHEMBL428708,RXRalpha,,6.000,0,1,,censored,Cc1cc2c(cc1-c1cccc(-c3ccc(C(=O)O)cc3)n1)C(C)(C)CCC2(C)C
CHEMBL5864310,RXRalpha,8.700,,1,0,Active,exact,Cc1cnc(OCc2cn(-c3ccc(F)c(C(F)F)c3)nn2)nc1C
CHEMBL5807792,RXRalpha,8.000,,1,0,Active,exact,C[C@@H](Oc1ncc(Cl)cn1)c1cn(-c2ccc(Cl)c(OC(F)F)c2)nn1
CHEMBL5876629,RXRalpha,7.480,,1,0,Active,exact,CNc1nc(OCc2cn(-c3ccc(Cl)c(OC(F)F)c3)nn2)ncc1F
CHEMBL290761,RXRalpha,7.920,,1,0,Active,exact,C/C(=C\C(=O)O)c1cc2c(-c3cc(C(C)(C)C)cc(C(C)(C)C)c3OCC(F)F)cccc2s1
CHEMBL5796473,RXRalpha,5.580,,1,0,,exact,COc1cnc(OCc2cn(-c3ccc(F)cc3C)nn2)nc1
CHEMBL5807167,RXRalpha,6.870,,2,0,Active,exact,C[C@H](Oc1ncccn1)c1cn(-c2ccc(Cl)c(OC(F)F)c2)nn1
CHEMBL397034,RXRalpha,6.005,,2,0,Active,exact,CC(=O)c1ccc2c(c1)N=C(c1ccc(C(=O)O)cc1)c1cc3c(cc1N2C)C(C)(C)CCC3(C)C
CHEMBL5844079,RXRalpha,7.580,,1,0,Active,exact,CC(Oc1ncccn1)c1cn(-c2ccc(Cl)c(OC(F)F)c2)nn1
CHEMBL5771980,RXRalpha,7.720,,1,0,Active,exact,Cc1cnc(OCc2cn(-c3ccc(F)c(C(C)(F)F)c3)nn2)nc1C
CHEMBL5909392,RXRalpha,6.150,,1,0,Active,exact,Cc1cnc(OCc2nnn(-c3ccc(F)c(C(C)(F)F)c3)c2C)nc1C
CHEMBL6029646,RXRalpha,7.660,,1,0,Active,exact,Cc1cnc(OCc2cn(-c3cccc(Br)c3)nn2)nc1
CHEMBL6001963,RXRalpha,7.000,,1,0,Active,exact,Cc1ccnc(NCc2cn(-c3ccc(Cl)c(C(F)F)c3)nn2)n1
CHEMBL5968253,RXRalpha,8.220,,1,0,Active,exact,Cc1nc(OCc2cn(-c3ccc(F)c(C(C)(F)F)c3)nn2)ncc1F
CHEMBL4637527,RXRalpha,4.720,,1,0,Inactive,exact,COc1ccc2c(c1)CC[n+]1cc3c(OC)cccc3cc1-2.[Cl-]
CHEMBL6040747,RXRalpha,5.840,,1,0,,exact,Cc1nc(OCc2cn(-c3cccc(Cl)c3F)nn2)ncc1F
CHEMBL5970488,RXRalpha,6.090,,1,0,Active,exact,FC(F)c1cccc(-n2cc(COc3nccc(C(F)F)n3)nn2)c1
CHEMBL5081924,RXRalpha,5.825,,2,0,,exact,CCCCCCOc1cc2c(cc1-n1nnc3cc(C(=O)O)ccc31)C(C)(C)CCC2(C)C
CHEMBL6006153,RXRalpha,7.850,,1,0,Active,exact,CC(O)c1cnc(OCc2cn(-c3ccc(F)c(C(C)(F)F)c3)nn2)nc1
CHEMBL1235644,RXRalpha,6.500,,1,0,Active,exact,CC1=C(C=CC(C)=CC=CC(C)=CC(=O)O)C(C)(C)CCC1
CHEMBL5873006,RXRalpha,7.430,,1,0,Active,exact,FC(F)c1cnc(OCc2cn(-c3cccc(C(F)(F)F)c3)nn2)nc1
CHEMBL75548,RXRalpha,8.520,,1,0,Active,exact,CCC(C)/C=C/CC(=C/C(=O)O)/C=C/C1=C(C)CCCC1(C)C
CHEMBL280140,RXRalpha,8.300,,1,0,Active,exact,CC1(C)CCC(C)(C)c2cc(C(=C3CC3)c3ccc(C(=O)O)cc3)ccc21
CHEMBL5397808,RXRalpha,5.800,,1,0,,exact,Cc1ccc(OCc2ccc(C(=O)O)c(F)c2)c2c1CCC2
CHEMBL5929014,RXRalpha,5.300,,1,0,,exact,Cn1cc(NCc2cn(-c3ccc(F)c(C(F)F)c3)nn2)cn1
CHEMBL5789840,RXRalpha,6.050,,1,0,Active,exact,Fc1ccc(-n2cc(COc3ncccc3F)nn2)cc1C(F)(F)F
CHEMBL6032129,RXRalpha,5.660,,1,0,,exact,Cc1c(F)ccc(-n2cc(COc3nccc(C(F)F)n3)nn2)c1F
CHEMBL6150993,RXRalpha,5.980,,1,0,,exact,CC(C)(C)NC(=O)NNC(=O)c1ccc(Nc2nccc(-c3ccncc3)n2)cc1
CHEMBL106817,RXRalpha,6.730,,2,0,Active,exact,Cc1cc2c(cc1C1(c3ccc(C(=O)O)cc3)CO1)C(C)(C)CCC2(C)C
CHEMBL3716661,RXRalpha,,4.523,0,1,Inactive,censored,Cc1ccc(C)c(N/N=C(\c2ccc(C(=O)O)cc2)c2cc3c(cc2C)C(C)(C)CCC3(C)C)c1
CHEMBL5839383,RXRalpha,6.460,,1,0,Active,exact,Fc1ccc(-n2cc(CNc3ncccn3)nn2)cc1OC(F)F
CHEMBL63048,RXRalpha,6.860,,1,0,Active,exact,CC1(C)CCC(C)(C)c2cc(Cc3coc(/C=C/C(=O)O)c3)ccc21
CHEMBL5889977,RXRalpha,7.410,,1,0,Active,exact,Cc1nc(OCc2cn(-c3ccc4c(c3)CCC4)nn2)ncc1Cl
CHEMBL62047,RXRalpha,,6.000,0,1,,censored,CC1(C)CCC(C)(C)c2cc(-c3ccc(/C=C/C(=O)O)o3)ccc21
CHEMBL428930,RXRalpha,7.790,,1,0,Active,exact,Cc1cc2c(cc1-c1cc(/C=C/C(=O)O)ccc1OC(F)(F)F)N(C(C)C)C(=O)CC2(C)C
CHEMBL6030636,RXRalpha,7.920,,1,0,Active,exact,Cc1cnc(NCc2cn(-c3ccc(F)c(C(F)F)c3)nn2)nc1C
CHEMBL2110180,RXRalpha,6.210,,1,0,Active,exact,CCO/N=C(/c1ccc(C(=O)O)cc1)c1cc2c(cc1C)C(C)(C)CCC2(C)C
CHEMBL425544,RXRalpha,5.020,,1,0,,exact,CN(C)CCCn1c2c(c3ccccc3c1=O)C(=O)c1ccccc1-2
CHEMBL5883436,RXRalpha,7.310,,1,0,Active,exact,FC(F)c1cc(-n2cc(COc3ncccn3)nn2)ccc1Cl
CHEMBL6031514,RXRalpha,8.050,,1,0,Active,exact,Cc1cnc(OCc2cn(-c3ccc4c(c3)OC(F)(F)O4)nn2)nc1C
CHEMBL6032313,RXRalpha,7.140,,1,0,Active,exact,Fc1ccc(-n2cc(COc3ccc(Cl)cn3)nn2)cc1OC(F)F
CHEMBL5864501,RXRalpha,4.790,,1,0,Inactive,exact,Cc1cc(F)ccc1-n1cc(COc2ncc(F)cn2)nn1
CHEMBL247220,RXRalpha,8.850,,1,0,Active,exact,Cc1cc2c(cc1-c1cc(CCC(=O)O)ccc1OC(F)(F)F)N(CC(F)(F)F)C(=O)CC2(C)C
CHEMBL6044037,RXRalpha,8.520,,1,0,Active,exact,CC(F)(F)c1cccc(-n2cc(COc3ncc(OC(F)F)cn3)nn2)c1
CHEMBL5899375,RXRalpha,7.850,,1,0,Active,exact,CC(=O)c1cnc(OCc2cn(-c3ccc(F)c(C(F)(F)F)c3)nn2)nc1
CHEMBL2322288,RXRalpha,4.970,,1,0,Inactive,exact,CNCCCn1c2c(c3ccc(Br)cc3c1=O)C(=O)c1ccccc1-2
CHEMBL5743033,RXRalpha,6.970,,1,0,Active,exact,Fc1ccc(-n2cc(CNc3ncc(C(F)(F)F)cn3)nn2)cc1C(F)F
CHEMBL5787617,RXRalpha,6.840,,1,0,Active,exact,Fc1ccc(-n2cc(COc3nccc(N4CCC(F)(F)C4)n3)nn2)cc1OC(F)F
CHEMBL5950713,RXRalpha,7.550,,1,0,Active,exact,CC(C)(O)c1cnc(OCc2cn(-c3ccc(Cl)c(OC(F)F)c3)nn2)nc1
CHEMBL5764695,RXRalpha,7.360,,1,0,Active,exact,CC(C)c1cnc(OCc2cn(-c3ccc(F)c(C(C)(F)F)c3)nn2)nc1
CHEMBL5826160,RXRalpha,6.770,,1,0,Active,exact,FC(F)c1cccc(-n2cc(COc3nccc(C4CC4)n3)nn2)c1
CHEMBL5571481,RXRalpha,5.070,,1,0,,exact,Cc1ccccc1N(C)c1cc(Cl)nc(OCCC(=O)O)n1
CHEMBL3716364,RXRalpha,5.720,,1,0,,exact,CCCCCCO/N=C(\c1ccc(C(=O)O)cc1)c1cc2c(cc1OCC)C(C)(C)CCC2(C)C
CHEMBL5874516,RXRalpha,6.280,,1,0,Active,exact,Nc1ccnc(OCc2cn(-c3cccc(OC(F)(F)F)c3)nn2)n1
CHEMBL5903380,RXRalpha,6.310,,1,0,Active,exact,FC(F)c1cccc(-n2cc(COc3ncccn3)nn2)c1
CHEMBL5997868,RXRalpha,6.400,,1,0,Active,exact,FC(F)c1ccnc(OCc2cn(-c3ccc4c(c3)CCC4)nn2)n1
CHEMBL328419,RXRalpha,6.325,,2,0,Active,exact,C=C(c1ccc(C(=O)O)cc1)c1cc2c(cc1O)C(C)(C)CCC2(C)C
CHEMBL106837,RXRalpha,6.635,,2,0,Active,exact,C=C(c1ccc(C(=O)O)cc1)c1cc2c(cc1C)C(C)(C)C(C)C2(C)C
CHEMBL5750676,RXRalpha,6.640,,1,0,Active,exact,Fc1ccc(-n2cc(COc3ncc(N4CC(C(F)F)C4)cn3)nn2)cc1C(F)F
CHEMBL5817714,RXRalpha,7.960,,1,0,Active,exact,COCc1ccnc(OCc2cn(-c3ccc(F)c(C(C)(F)F)c3)nn2)n1
CHEMBL275311,RXRalpha,5.000,,1,4,,exact,C/C(=C\c1ccc(C(=O)O)cc1)c1ccc2c(c1)C(C)(C)CCC2(C)C
CHEMBL5893023,RXRalpha,7.460,,1,0,Active,exact,Fc1ccc(-n2cc(COc3ncc(C(F)(F)F)cn3)nn2)cc1C(F)(F)F
CHEMBL5784906,RXRalpha,7.210,,1,0,Active,exact,CC(F)(F)c1cccc(-n2cc(COc3ncc(F)cn3)nn2)c1
CHEMBL1071,RXRalpha,4.790,,1,0,Inactive,exact,O=C(O)CCc1nc(-c2ccccc2)c(-c2ccccc2)o1
CHEMBL208349,RXRalpha,6.280,,1,0,Active,exact,CC(/C=C/CNc1cc(C(C)(C)C)cc(C(C)(C)C)c1)=C\C(=O)O
CHEMBL242857,RXRalpha,5.320,,1,0,,exact,COc1ccc2c(c1)C(=O)c1c-2n(CCCN)c(=O)c2ccccc12
CHEMBL491294,RXRalpha,6.260,,1,0,Active,exact,Cc1cc2c(cc1-c1cc(/C=C/C(=O)O)ccc1O)C(C)(C)CCC2(C)C
CHEMBL325592,RXRalpha,7.970,,1,0,Active,exact,C/C(=C/C=C/C(C)=C(\F)C(=O)O)c1cc(C(C)(C)C)cc(C(C)(C)C)c1OCC(F)F
CHEMBL91185,RXRalpha,8.700,,1,0,Active,exact,CCC(C)(C)c1cc(/C(C)=C\C=C\C(C)=C\C(=O)O)c(OC)c(C(C)(C)CC)c1
CHEMBL4440905,RXRalpha,4.840,,1,0,Inactive,exact,CC(C)c1cccc(-c2ccc(C(=O)O)cc2)c1
CHEMBL6169258,RXRalpha,,5.000,0,1,,censored,O=C(Nc1ccc(OC(F)(F)F)c(F)c1)N[C@H]1CC[C@H](Oc2ccc(O)cc2)CC1
CHEMBL5914401,RXRalpha,7.500,,1,0,Active,exact,COc1cnc(OCc2cn(-c3cc(C)cc(C)c3)nn2)nc1
CHEMBL549748,RXRalpha,5.820,,3,0,,exact,O=C(O)Cc1cc(I)c(Oc2cc(I)c(O)c(I)c2)c(I)c1
CHEMBL5996686,RXRalpha,7.920,,1,0,Active,exact,Cc1cnc(OCc2cn(-c3cccc(C(F)(F)F)c3)nn2)nc1
CHEMBL4851869,RXRalpha,5.440,,1,0,,exact,Cc1cccc(-c2nc(CCC(=O)O)oc2-c2ccccc2)c1
CHEMBL2324622,RXRalpha,5.000,,1,0,,exact,Cl.NCCCn1c2c(c3ccc(N)cc3c1=O)Cc1ccccc1-2
CHEMBL424639,RXRalpha,8.210,,1,0,Active,exact,C/C(=C/C=C/C(C)=C/C(=O)O)c1cc(C(C)C)cc(-c2ccccc2)c1OCC(F)F
CHEMBL6171084,RXRalpha,7.420,,1,0,Active,exact,Cc1cc2c(cc1-c1cc(/C=C/C(=O)O)cnc1C)C(C)(C)CCC2(C)C
CHEMBL6040709,RXRalpha,8.300,,1,0,Active,exact,Cc1cnc(OCc2cn(-c3ccc(Cl)c(C(C)(F)F)c3)nn2)nc1
CHEMBL5943467,RXRalpha,5.150,,1,0,,exact,Cc1c(F)cccc1-n1cc(COc2ncc(C(C)(C)O)cn2)nn1
CHEMBL5897512,RXRalpha,4.780,,1,0,Inactive,exact,Cc1ccccc1-n1cc(COc2ncc(F)cn2)nn1
CHEMBL4171515,RXRalpha,6.010,,1,0,Active,exact,Cc1c2c(n(-c3ccc(CC(=O)O)cc3)c1C)CCC(F)(F)C2
CHEMBL330593,RXRalpha,6.935,,2,0,Active,exact,C=C(c1ccc(C(=O)O)cc1)c1cc2c(cc1F)C(C)(C)CCC2(C)C
CHEMBL6016020,RXRalpha,7.400,,1,0,Active,exact,Cc1ccc(-n2cc(COc3ncc(Br)cn3)nn2)cc1OC(F)F
CHEMBL101661,RXRalpha,7.420,,2,0,Active,exact,C=C(c1ccc(C(=O)O)cc1)c1cc2c(cc1Br)C(C)(C)CCC2(C)C
CHEMBL5088399,RXRalpha,5.785,,2,0,,exact,CCCCCOc1cc2c(cc1-n1nnc3cc(C(=O)O)ccc31)C(C)(C)CCC2(C)C
CHEMBL315986,RXRalpha,8.700,,1,0,Active,exact,CCOc1c(/C(C)=C\C=C\C(C)=C\C(=O)O)cc(C(C)(C)CC)cc1C(C)(C)CC
CHEMBL5958430,RXRalpha,6.900,,1,0,Active,exact,CCNc1cnc(OCc2cn(-c3ccc(F)c(C(F)(F)F)c3)nn2)nc1
CHEMBL5950847,RXRalpha,,5.000,0,1,,censored,Cc1ccccc1-n1cc(COc2ncccn2)nn1
CHEMBL5823421,RXRalpha,6.770,,1,0,Active,exact,FC(F)c1cc(-n2cc(COc3nccc(N4CCCCC4)n3)nn2)ccc1Cl
CHEMBL6134052,RXRalpha,6.660,,1,0,Active,exact,Cc1cc2c(cc1-n1c(C(F)(F)F)nc3cc(C(=O)O)c(F)cc31)C(C)(C)CCC2(C)C
CHEMBL1381178,RXRalpha,5.170,,1,0,,exact,O=C(O)c1ccc(COc2ccc3c(c2)CCC3)cc1
CHEMBL5395307,RXRalpha,5.080,,2,0,,exact,CCN(c1ccc2c(C(F)(F)F)cc(=O)n(CC(C)C)c2c1)c1ccc(C(=O)O)cn1
CHEMBL6149678,RXRalpha,5.990,,1,0,,exact,Cc1cc2c(cc1-c1cccc(/C=C/C(=O)O)n1)C(C)(C)CCC2(C)C
CHEMBL101609,RXRalpha,7.425,,2,0,Active,exact,C=C(c1ccc(C(=O)O)cc1)c1cc2c(cc1Cl)C(C)(C)CCC2(C)C
CHEMBL5573690,RXRalpha,7.100,,1,0,Active,exact,Cc1cc(C)cc(N(C)c2cc(Cl)nc(OCCC(=O)O)n2)c1
CHEMBL122823,RXRalpha,,6.699,0,1,,censored,CC1=C(C)/C(=C/C(C)=C/C=C/C(C)=C/C(=O)O)CCC1
CHEMBL5774476,RXRalpha,6.850,,1,0,Active,exact,Fc1ccc(-n2cc(COc3nccc(-c4ccco4)n3)nn2)cc1C(F)F
CHEMBL5898393,RXRalpha,7.440,,1,0,Active,exact,COCc1ccnc(OCc2cn(-c3ccc(F)c(C)c3)nn2)n1
CHEMBL5570125,RXRalpha,6.300,,1,0,Active,exact,CN(c1cccc(Br)c1)c1cc(Cl)nc(OCCC(=O)O)n1
CHEMBL6161983,RXRalpha,6.150,,1,0,Active,exact,Cc1cc2c(cc1-c1cncc(/C=C/C(=O)O)c1)C(C)(C)CCC2(C)C
CHEMBL399327,RXRalpha,6.440,,1,0,Active,exact,CCN1C(=O)CC(C)(C)c2cc(C)c(-c3cc([C@H]4C[C@@H]4C(=O)O)ccc3OC(F)(F)F)cc21
CHEMBL5821458,RXRalpha,8.220,,1,0,Active,exact,Nc1nc(OCc2cn(-c3ccc(Cl)c(OC(F)F)c3)nn2)ncc1F
CHEMBL91718,RXRalpha,7.960,,1,0,Active,exact,C/C(=C\c1ccc(C(=O)O)s1)c1cc2c(cc1C)C(C)(C)CCC2(C)C
CHEMBL5900392,RXRalpha,6.390,,1,0,Active,exact,OCc1ccnc(OCc2cn(-c3cccc(C(F)F)c3)nn2)n1
CHEMBL386313,RXRalpha,,4.523,0,1,Inactive,censored,Cc1ccc(C)n1-c1ccc(SCC(=O)O)cc1
CHEMBL248016,RXRalpha,7.550,,1,0,Active,exact,CCN1C(=O)CC(C)(C)c2cc(C)c(-c3cc(/C=C(\C)C(=O)O)ccc3OC(F)(F)F)cc21
CHEMBL4531596,RXRalpha,5.345,,2,0,,exact,CC1=C(CCc2nnn[nH]2)c2ccccc2/C1=C\c1ccc(C(C)C)cc1
CHEMBL5835734,RXRalpha,7.470,,1,0,Active,exact,COc1cnc(OCc2cn(-c3ccc(F)c(F)c3)nn2)nc1
CHEMBL5776658,RXRalpha,7.520,,1,0,Active,exact,OCc1cnc(OCc2cn(-c3ccc(F)c(Br)c3)nn2)nc1
CHEMBL6005599,RXRalpha,7.820,,1,0,Active,exact,Cc1cnc(OCc2cn(-c3cccc(OC(F)F)c3)nn2)nc1
CHEMBL5866063,RXRalpha,8.520,,1,0,Active,exact,COCc1ccnc(OCc2cn(-c3ccc(Cl)c(C(C)(F)F)c3)nn2)n1
CHEMBL5926607,RXRalpha,7.380,,1,0,Active,exact,FC(F)c1ccnc(OCc2cn(-c3ccc(Cl)c(C(F)F)c3)nn2)n1
CHEMBL4439052,RXRalpha,4.700,,1,0,Inactive,exact,Cc1cc(Nc2cccc(C)c2C)nc(SCC(=O)O)n1
CHEMBL5766395,RXRalpha,6.170,,1,0,Active,exact,CNCc1ccnc(OCc2cn(-c3ccc(F)c(OC(F)F)c3)nn2)n1
CHEMBL3719130,RXRalpha,5.820,,1,0,,exact,CC1(C)CCC(C)(C)c2cc(C(=O)c3ccc(C(=O)O)cc3)c(OCC(F)(F)F)cc21
CHEMBL3314593,RXRalpha,6.110,,1,0,Active,exact,CC(C)=CCc1cc([C@@H]2CC(=O)c3ccc(O)c(CC=C(C)C)c3O2)cc2c1OC(C)(C)C(O)C2
CHEMBL6007055,RXRalpha,6.580,,1,0,Active,exact,CC1(F)CN(c2cnc(OCc3cn(-c4ccc(F)c(C(F)F)c4)nn3)nc2)C1
CHEMBL92798,RXRalpha,8.130,,1,0,Active,exact,CCCCOc1c(-c2c[nH]c3ccc(/C(C)=C/C(=O)O)cc23)cc(C(C)C)cc1C(C)C
CHEMBL5997804,RXRalpha,7.540,,1,0,Active,exact,CC(C)c1cc(-n2cc(COc3ncc(C(C)(C)O)cn3)nn2)ccc1F
CHEMBL5857626,RXRalpha,8.520,,1,0,Active,exact,CCc1cnc(OCc2cn(-c3ccc(F)c(Cl)c3)nn2)nc1
CHEMBL395801,RXRalpha,6.755,,2,0,Active,exact,CN1c2ccc(S(=O)(=O)c3ccc(OC(F)(F)F)cc3)cc2N=C(c2ccc(C(=O)O)cc2)c2cc3c(cc21)C(C)(C)CCC3(C)C
CHEMBL423654,RXRalpha,,6.000,0,1,,censored,CC1(C)CCC(C)(C)c2cc(-c3cccc(-c4ccc(C(=O)O)cc4)n3)ccc21
CHEMBL5992919,RXRalpha,9.000,,1,0,Active,exact,CCc1cnc(OCc2cn(-c3ccc(F)c(C)c3)nn2)nc1
CHEMBL340495,RXRalpha,5.550,,1,0,,exact,CC(/C=C/C=C(\C)c1ccc2c(c1)C(C)(C)CO2)=C\C(=O)O
CHEMBL3715067,RXRalpha,5.340,,1,0,,exact,CCOc1cc2c(cc1/C(=N/OCCC(C)C)c1ccc(C(=O)O)cc1)C(C)(C)CCC2(C)C
CHEMBL5809196,RXRalpha,6.190,,1,0,Active,exact,Cc1cnc(OCc2cn(-c3ccc(F)c(OC(F)F)c3)nn2)cn1
CHEMBL4859732,RXRalpha,6.300,,1,0,Active,exact,Cc1cccc(-c2oc(CCC(=O)O)nc2-c2ccccc2)c1
CHEMBL5956311,RXRalpha,5.220,,1,0,,exact,COc1cnc(OCc2cn(-c3ccccc3C)nn2)nc1
CHEMBL5796656,RXRalpha,6.510,,1,0,Active,exact,Fc1ccc(-n2cc(COc3nccc(N4CC[C@@H](F)C4)n3)nn2)cc1OC(F)F
CHEMBL4465555,RXRalpha,7.570,,1,0,Active,exact,Cc1cc2c(cc1-n1c(C(F)(F)F)nc3cc(C(=O)O)cnc31)C(C)(C)CCC2(C)C
CHEMBL5614366,RXRalpha,6.000,,1,0,Active,exact,O=C(O)Cc1ccc(-c2ccc(C(F)(F)F)cc2OCc2ccccc2)cc1
CHEMBL5939949,RXRalpha,7.480,,1,0,Active,exact,Cc1cccc(-n2cc(COc3ncc(Cl)cn3)nn2)c1
CHEMBL4879068,RXRalpha,6.750,,1,0,Active,exact,O=C(O)CCc1nc(-c2ccc(Cl)cc2)c(-c2cc(Cl)cc(Cl)c2)o1
CHEMBL5433310,RXRalpha,,4.000,0,1,Inactive,censored,Cc1ccc(OCc2ccc(CCC(=O)O)c(F)c2)c2c1CCC2
CHEMBL5777013,RXRalpha,8.220,,1,0,Active,exact,CCNc1ccnc(OCc2cn(-c3ccc(F)c(C(F)F)c3)nn2)n1
CHEMBL5964312,RXRalpha,4.800,,1,0,Inactive,exact,Cc1nc(OCc2cn(-c3cccc(F)c3F)nn2)ncc1F
CHEMBL1182248,RXRalpha,4.910,,1,0,Inactive,exact,NCCCCCn1c2c(c3ccccc3c1=O)C(=O)c1ccccc1-2
CHEMBL5802615,RXRalpha,8.400,,1,0,Active,exact,CCOc1cnc(OCc2cn(-c3ccc(F)c(C(F)(F)F)c3)nn2)nc1
CHEMBL5906095,RXRalpha,8.150,,1,0,Active,exact,CCNc1ccnc(OCc2cn(-c3ccc(F)c(OC(F)F)c3)nn2)n1
CHEMBL4873561,RXRalpha,5.400,,1,0,,exact,O=C(O)CCc1nc(-c2ccccc2)c(-c2ccc(Cl)cc2)o1
CHEMBL5903692,RXRalpha,7.190,,1,0,Active,exact,Cc1cccc(-n2cc(COc3ncc(F)c(C)n3)nn2)c1
CHEMBL5801985,RXRalpha,,5.000,0,1,,censored,CCc1c(C)nc(-c2ccc(Cl)cc2)nc1Oc1ccc(C(=O)O)cc1
CHEMBL6173550,RXRalpha,5.435,,2,0,,exact,O=[N+]([O-])/C=C/c1cccc2cccnc12
CHEMBL5974614,RXRalpha,8.220,,1,0,Active,exact,COc1cnc(OCc2cn(-c3cccc(C(C)C)c3)nn2)nc1
CHEMBL4473128,RXRalpha,,4.523,0,1,Inactive,censored,O=C(O)c1ccccc1COc1ccc2c(c1)CCC2
CHEMBL5881393,RXRalpha,6.490,,1,0,Active,exact,Fc1cnc(OCc2cn(-c3cccc(C(F)F)c3)nn2)nc1
CHEMBL5981330,RXRalpha,7.920,,1,0,Active,exact,Cc1ccnc(OCc2cn(-c3cccc(C(C)(F)F)c3)nn2)n1
CHEMBL6039362,RXRalpha,7.600,,1,0,Active,exact,CC(F)(F)c1cc(-n2cc(COc3nccc(CO)n3)nn2)ccc1F
CHEMBL5977690,RXRalpha,,5.524,0,1,,censored,Cc1cccc(-n2cc(COc3ncc(Cl)c(C)n3)nn2)n1
CHEMBL247402,RXRalpha,8.000,,1,0,Active,exact,Cc1cc2c(cc1-c1cc([C@@H]3C[C@H]3C(=O)O)ccc1OC(F)(F)F)N(C(C)C)C(=O)CC2(C)C
CHEMBL6012311,RXRalpha,7.660,,1,0,Active,exact,Cc1cc(-n2cc(COc3ncc(F)cn3)nn2)ccc1F
CHEMBL6010474,RXRalpha,6.830,,1,0,Active,exact,Cc1cc(-n2cc(COc3nccc(N)n3)nn2)ccc1F
CHEMBL5889993,RXRalpha,8.520,,1,0,Active,exact,CC(F)(F)c1cccc(-n2cc(COc3ncc(Cl)cn3)nn2)c1
CHEMBL454691,RXRalpha,4.570,,1,0,Inactive,exact,Cc1cccc(Nc2cc(Cl)nc(SC(C)C(=O)O)n2)c1C
CHEMBL5818557,RXRalpha,,4.000,0,1,Inactive,censored,C=CCc1c(C)nc(-c2ccccc2)nc1Nc1ccc(C(=O)OCC)cc1
CHEMBL69091,RXRalpha,8.820,,3,2,Active,exact,CC(/C=C/C1CC1(C)c1ccc2c(c1)C(C)(C)CCC2(C)C)=C\C(=O)O
CHEMBL5870975,RXRalpha,7.170,,1,0,Active,exact,COC(=O)c1ccnc(OCc2cn(-c3ccc(Cl)c(OC(F)F)c3)nn2)n1
CHEMBL4578667,RXRalpha,6.330,,1,0,Active,exact,CC(C)(C)c1cc(-c2ccc(CC(=O)O)cc2)cc(C(C)(C)C)c1
CHEMBL205600,RXRalpha,7.330,,1,0,Active,exact,CCCN(C/C=C/C(C)=C/C(=O)O)c1ccc2c(c1)C(C)(C)CCC2(C)C
CHEMBL6017296,RXRalpha,6.770,,1,0,Active,exact,CCc1cnc(OCc2cn(-c3ccnc(C)c3)nn2)nc1
CHEMBL5961167,RXRalpha,6.690,,1,0,Active,exact,Fc1ccc(-n2cc(COc3ncc(F)c(NC4CC4)n3)nn2)cc1OC(F)F
CHEMBL4846058,RXRalpha,6.000,,1,0,Active,exact,Cc1ccc(-c2oc(CCC(=O)O)nc2-c2ccccc2)cc1
CHEMBL6174482,RXRalpha,4.770,,1,0,Inactive,exact,CCCCCCCCCCOc1cc(/C=C/C(=O)O)ccc1O
CHEMBL5774617,RXRalpha,5.950,,1,0,,exact,CC(C)(O)c1ccc(OCc2cn(-c3ccc(F)c(C(F)(F)F)c3)nn2)nc1
CHEMBL5761253,RXRalpha,7.195,,2,0,Active,exact,FC(F)c1cccc(-n2cc(COc3ncc(Cl)cn3)nn2)c1
CHEMBL4277218,RXRalpha,4.570,,1,0,Inactive,exact,CC(C)(C)N1CC(c2nc3ccccc3n2CCC2CCCCC2)CC1=O
CHEMBL4558880,RXRalpha,7.025,,2,0,Active,exact,CN(c1cc(C(F)(F)F)nc(OCCC(=O)O)n1)c1cccc2c1CCC2
CHEMBL5969780,RXRalpha,5.160,,1,0,,exact,C=CCc1c(C)nc(-c2ccccc2)nc1N(C)c1ccc(C(=O)O)c(F)c1
CHEMBL4855868,RXRalpha,6.520,,1,0,Active,exact,Cc1cc(C)cc(-c2oc(CCC(=O)O)nc2-c2ccccc2)c1
CHEMBL378553,RXRalpha,6.990,,1,0,Active,exact,CCN(C/C=C/C(C)=C/C(=O)O)c1ccc2c(c1)C(C)(C)CCC2(C)C
CHEMBL5904651,RXRalpha,9.000,,1,0,Active,exact,Cc1cc(-n2cc(COc3ncc(Cl)c(C)n3)nn2)ccc1F
CHEMBL5823639,RXRalpha,7.890,,1,0,Active,exact,CC(F)(F)c1cc(-n2cc(COc3ncc(N4CC(F)C4)cn3)nn2)ccc1F
CHEMBL2337792,RXRalpha,5.800,,1,0,,exact,CC(C)c1ccc(/C=C2\C=C(CC(=O)O)c3cc(F)ccc32)cc1
CHEMBL107555,RXRalpha,7.300,,1,0,Active,exact,CCOc1c(/C(=C\C=C\C(C)=C\C(=O)O)C(F)(F)F)cc(C(C)(C)C)cc1C(C)(C)C
CHEMBL6059447,RXRalpha,7.570,,1,0,Active,exact,COc1cnc(OCc2cn(-c3cccc(OC(F)F)c3)nn2)nc1
CHEMBL4873831,RXRalpha,5.920,,1,0,,exact,O=C(O)CCc1nc(-c2ccccc2)c(-c2cccc(Cl)c2Cl)o1
CHEMBL4554741,RXRalpha,4.400,,1,0,Inactive,exact,O=C(O)c1ccc(COc2ccc(Br)cc2)cc1
CHEMBL5394779,RXRalpha,5.520,,2,0,,exact,O=C(O)[C@@H]1C[C@H]1c1nc(-c2ccccc2)c(-c2ccccc2)o1
CHEMBL5926997,RXRalpha,7.500,,1,0,Active,exact,CC(Oc1ncc(Cl)cn1)c1cn(-c2ccc(Cl)c(OC(F)F)c2)nn1
CHEMBL6067675,RXRalpha,5.795,,2,0,,exact,CCN(CC)c1ccc(/C=N/NC(=O)CSc2nc3ccccc3o2)c(O)c1
CHEMBL5893416,RXRalpha,6.150,,1,0,Active,exact,Cc1ccc(-n2cc(COc3ncc(Cl)cn3)nn2)cc1
CHEMBL5945582,RXRalpha,7.400,,1,0,Active,exact,CC(C)c1cnc(OCc2cn(-c3cccc(C(F)(F)F)c3)nn2)nc1
CHEMBL93246,RXRalpha,8.490,,1,0,Active,exact,CCCCOc1c(-c2c[nH]c3ccc(/C(C)=C/C(=O)O)cc23)cc(C(C)(C)C)cc1C(C)(C)C
CHEMBL316336,RXRalpha,6.950,,1,0,Active,exact,C/C(=C\c1csc(C(=O)O)c1)c1cc2c(cc1C)C(C)(C)CCC2(C)C
CHEMBL5867042,RXRalpha,7.010,,1,0,Active,exact,COc1cnc(OCc2cn(-c3ccc(OC(F)F)cc3)nn2)nc1
CHEMBL293917,RXRalpha,5.820,,1,0,,exact,O=C1NC(=O)/C(=C/c2ccc(-c3cccc(Br)c3)o2)S1
CHEMBL5821179,RXRalpha,6.210,,1,0,Active,exact,FC(F)c1cc(-n2cc(CNc3ncc(C(F)(F)F)cn3)nn2)ccc1Cl
CHEMBL5795239,RXRalpha,7.750,,1,0,Active,exact,Fc1ccc(-n2cc(COc3ncccn3)nn2)cc1OC(F)F
CHEMBL166201,RXRalpha,7.580,,1,0,Active,exact,CCO/N=C(\c1ccc(C(=O)O)cc1)c1cc2c(cc1C)C(C)(C)CCC2(C)C
CHEMBL5904991,RXRalpha,7.300,,1,0,Active,exact,FC(F)(F)Oc1cccc(-n2cc(COc3ncc(Cl)cn3)nn2)c1
CHEMBL93985,RXRalpha,,12.000,0,1,,censored,C/C(=C\c1cccc(C(=O)O)c1)c1cc2c(cc1C)C(C)(C)CCC2(C)C
CHEMBL284167,RXRalpha,6.530,,1,0,Active,exact,C/C(=C\c1ccc(C(=O)O)cc1)c1cc2c(cc1Br)C(C)(C)CCC2(C)C
CHEMBL6021856,RXRalpha,7.750,,1,0,Active,exact,CC(O)c1cnc(OCc2cn(-c3ccc(F)c(C(F)F)c3)nn2)nc1
CHEMBL6045709,RXRalpha,7.510,,1,0,Active,exact,Fc1ccc(-n2cc(COc3nccc(N4CCCCC4)n3)nn2)cc1OC(F)F
CHEMBL115763,RXRalpha,6.520,,1,0,Active,exact,CC(c1ccc(C(=O)O)cc1)c1ccc2c(c1)C(C)(C)CCC2(C)C
CHEMBL4202476,RXRalpha,4.960,,1,0,Inactive,exact,COC(=O)c1cccc(OCc2oc(-c3ccccc3OC)nc2C)c1
CHEMBL5874181,RXRalpha,7.680,,1,0,Active,exact,COc1nc(OCc2cn(-c3ccc(F)c(C(F)F)c3)nn2)ncc1C
CHEMBL5906839,RXRalpha,7.480,,1,0,Active,exact,CC(F)(F)c1cc(-n2cc(COc3nccc(N)n3)nn2)ccc1Cl
CHEMBL150583,RXRalpha,,5.000,0,1,,censored,CC1=C(/C=C/C#Cc2cccc(C(=O)O)c2)C(C)(C)CCC1
CHEMBL3717489,RXRalpha,5.280,,1,0,,exact,Cc1cc2c(cc1C(OCc1ccccc1F)c1ccc(C(=O)O)cc1)C(C)(C)CCC2(C)C
CHEMBL5899971,RXRalpha,6.550,,1,0,Active,exact,CC(C)(O)c1cnc(OCc2cn(-c3cccc(OC(F)(F)F)c3)nn2)nc1
CHEMBL6063508,RXRalpha,,5.524,0,1,,censored,Cc1cccc(-n2cc(COc3ncc(Cl)cn3)nn2)n1
CHEMBL5821088,RXRalpha,6.190,,1,0,Active,exact,Cc1c(F)cccc1-n1cc(COc2ncc(Cl)cn2)nn1
CHEMBL91979,RXRalpha,7.160,,1,0,Active,exact,CCOc1c(-c2[nH]nc3ccc(/C(C)=C/C(=O)O)cc23)cc(C(C)C)cc1C(C)C
CHEMBL4575123,RXRalpha,6.155,,2,0,Active,exact,O=C(O)CSc1nc(Cl)cc(Nc2cccc3c2CCCC3)n1
CHEMBL6035972,RXRalpha,7.250,,1,0,Active,exact,Fc1ccc(-n2cc(COc3ccc(Cl)cn3)nn2)cc1C(F)F
CHEMBL5853484,RXRalpha,5.040,,1,0,,exact,FC(F)(F)Oc1ccc(-n2cc(COc3ncc(Cl)cn3)nn2)cc1
CHEMBL334330,RXRalpha,5.720,,1,0,,exact,CN1c2ccccc2N=C(c2ccc(C(=O)O)cc2)c2cc3c(cc21)C(C)(C)CCC3(C)C
CHEMBL115558,RXRalpha,5.540,,1,0,,exact,CC1(C)CCC(C)(C)c2cc(C(O)c3ccc(C(=O)O)cc3)ccc21
CHEMBL4517482,RXRalpha,5.040,,1,0,,exact,Cc1cc(-c2cc(C(F)(F)F)cc(C(F)(F)F)c2)ccc1C(=O)O
CHEMBL5848091,RXRalpha,7.920,,1,0,Active,exact,FC(F)c1cc(-n2cc(COc3nccc(N4CCCC4)n3)nn2)ccc1Cl
CHEMBL5801677,RXRalpha,8.050,,1,0,Active,exact,CC(F)(F)c1cc(-n2cc(COc3ncc(Cl)cn3)nn2)ccc1F
CHEMBL157333,RXRalpha,7.580,,1,0,Active,exact,CC1=C(/C=C/c2ccccc2/C=C/C(C)=C/C(=O)O)C(C)(C)CCC1
CHEMBL205634,RXRalpha,7.510,,1,0,Active,exact,CCN(C/C=C/C(C)=C/C(=O)O)c1cc(C(C)(C)C)cc(C(C)(C)C)c1
CHEMBL86893,RXRalpha,5.960,,1,0,,exact,C/C(=C/c1ccc2c(c1)C(C)(C)CCC2(C)C)c1ccc(C(=O)O)cc1
CHEMBL5896447,RXRalpha,7.660,,1,0,Active,exact,Fc1ccc(-n2cc(COc3ncc(C4CC4)cn3)nn2)cc1C(F)(F)F
CHEMBL3098773,RXRalpha,7.600,,3,0,Active,exact,CC(=C/C=C/C(C)=C/C(=O)O)/C=C1\CC[C@@H](C)c2ccccc21
CHEMBL5436493,RXRalpha,5.960,,1,0,,exact,O=C(O)Cc1ccc(COc2cccc3c2CCC3)cc1
CHEMBL5903184,RXRalpha,6.600,,1,0,Active,exact,COCc1ccnc(OCc2cn(-c3cccc(C)c3)nn2)n1
CHEMBL5958711,RXRalpha,7.210,,1,0,Active,exact,COc1cnc(OCc2cn(-c3ccc(F)c(CCCF)c3)nn2)nc1
CHEMBL5888946,RXRalpha,7.420,,1,0,Active,exact,COCc1ccnc(OCc2cn(-c3ccc(Cl)c(C(F)F)c3)nn2)n1
CHEMBL5817659,RXRalpha,6.620,,1,0,Active,exact,FC1(F)Oc2ccc(-n3cc(COc4ncccn4)nn3)cc2O1
CHEMBL5744864,RXRalpha,8.220,,1,0,Active,exact,Cc1cnc(OCc2cn(-c3cccc(C(C)(F)F)c3)nn2)nc1N
CHEMBL2172212,RXRalpha,5.360,,1,0,,exact,NCCCn1c2c(c3ccc(N)cc3c1=O)C(=O)c1ccccc1-2
CHEMBL5847197,RXRalpha,6.980,,1,0,Active,exact,CC(F)(F)c1cccc(-n2cc(COc3ncccn3)nn2)c1
CHEMBL5847961,RXRalpha,7.170,,1,0,Active,exact,CC(C)(O)c1cnc(OCc2cn(-c3ccc(Cl)c(C(F)F)c3)nn2)nc1
CHEMBL5425250,RXRalpha,,4.699,0,1,Inactive,censored,C[C@@H]1CCCN1c1cc(-c2ccccc2O)nnc1N
CHEMBL5919527,RXRalpha,6.940,,1,0,Active,exact,CC(C)c1ccnc(OCc2cn(-c3ccc(F)c(OC(F)F)c3)nn2)n1
CHEMBL6170801,RXRalpha,5.285,,2,0,,exact,COc1ccc2ccccc2c1/C=C/[N+](=O)[O-]
CHEMBL6046517,RXRalpha,6.980,,1,0,Active,exact,CC(F)(F)c1cc(-n2cc(CNc3ncc(C4CC4)cn3)nn2)ccc1F
CHEMBL6133285,RXRalpha,8.430,,1,0,Active,exact,Cc1cnc(/C=C/C(=O)O)cc1-c1cc2c(cc1C)C(C)(C)CCC2(C)C
CHEMBL313647,RXRalpha,7.540,,1,0,Active,exact,CCC(C)(C)c1cc(/C(C)=C\C=C\C(C)=C\C(=O)O)c(OCC(F)F)c(C(C)(C)CC)c1
CHEMBL378926,RXRalpha,7.680,,1,0,Active,exact,CC(/C=C/[C@@H]1CCCN1c1ccc2c(c1)C(C)(C)CCC2(C)C)=C\C(=O)O
CHEMBL4778155,RXRalpha,6.845,,2,0,Active,exact,CCN(c1ccc(C(=O)O)cn1)c1cc(OCC(C)C)c(C(C)C)cc1NC(=O)c1ccccc1
CHEMBL4551159,RXRalpha,5.960,,1,0,,exact,O=C(O)c1ccc(COc2ccccc2C(F)(F)F)cc1
CHEMBL5877633,RXRalpha,7.640,,1,0,Active,exact,Fc1cnc(OCc2cn(-c3ccc(Br)c(OC(F)F)c3)nn2)nc1
CHEMBL5807214,RXRalpha,5.820,,1,0,,exact,Cc1cc(-n2cc(COc3ncc(C(F)F)cn3)nn2)c(F)cc1F
CHEMBL5854751,RXRalpha,,5.524,0,1,,censored,CCc1cnc(OCc2cn(-c3cccc(C)n3)nn2)nc1
CHEMBL5613086,RXRalpha,4.820,,1,0,Inactive,exact,Cc1cc(-c2ccc(CC(=O)O)cc2)c(C)c2c1CCCC2=O
CHEMBL5876853,RXRalpha,8.520,,1,0,Active,exact,Fc1ccc(-n2cc(COc3nccc(N4CCC4)n3)nn2)cc1OC(F)F
CHEMBL5811962,RXRalpha,7.850,,1,0,Active,exact,CC(O)c1cnc(OCc2cn(-c3ccc(Cl)c(C(C)(F)F)c3)nn2)nc1
CHEMBL110563,RXRalpha,5.510,,1,0,,exact,O=C(O)c1ccc(-c2cc(C(F)(F)F)cc(C(F)(F)F)c2)cc1
CHEMBL414218,RXRalpha,8.400,,2,0,Active,exact,CCCCOc1c(/C(C)=C\C=C\C(C)=C\C(=O)O)cc(C(C)C)cc1C(C)C
CHEMBL4563945,RXRalpha,4.620,,1,0,Inactive,exact,O=C(O)c1ccc(COc2ccc(I)cc2)cc1
CHEMBL2337783,RXRalpha,5.200,,1,0,,exact,CCC1=C(CC(=O)O)c2cc(F)ccc2/C1=C\c1ccc(C(C)C)cc1
CHEMBL5970267,RXRalpha,8.520,,1,0,Active,exact,FC(F)c1cc(-n2cc(COc3ncc(Cl)cn3)nn2)ccc1Cl
CHEMBL5395851,RXRalpha,5.920,,2,0,,exact,C/C(C(=O)O)=C(/C)c1nc(-c2ccccc2)c(-c2ccccc2)o1
CHEMBL5744048,RXRalpha,6.440,,1,0,Active,exact,COCc1ccnc(OCc2cn(-c3cccc(C(F)F)c3)nn2)n1
CHEMBL5749465,RXRalpha,7.850,,1,0,Active,exact,CC(F)(F)c1cc(-n2cc(COc3ncc(C(F)F)cn3)nn2)ccc1F
CHEMBL188638,RXRalpha,6.300,,1,0,Active,exact,CCCCc1cc2c(cc1C(=C1CC1)c1ccc(C(=O)O)cc1)C(C)(C)CCC2(C)C
CHEMBL3289659,RXRalpha,6.800,,3,0,Active,exact,CC(=C/C=C/C(C)=C/C(=O)O)/C=C1\CCCc2ccc(C)cc21
CHEMBL5779173,RXRalpha,7.150,,1,0,Active,exact,COCc1cnc(OCc2cn(-c3ccc(F)c(C(F)(F)F)c3)nn2)nc1
CHEMBL41260,RXRalpha,8.520,,1,0,Active,exact,C/C(=C\C(=O)O)c1cc2c(-c3cc(C(C)(C)C)cc(C(C)(C)C)c3OCC(F)(F)F)cccc2s1
CHEMBL5565758,RXRalpha,6.920,,1,0,Active,exact,CN(c1cc(Cl)nc(OCCC(=O)O)n1)c1cccc2c1CCC2
CHEMBL98142,RXRalpha,6.570,,1,1,Active,exact,CCCc1cc2c(cc1C(=O)c1ccc(C(=O)O)cc1)C(C)(C)CCC2(C)C
CHEMBL38,RXRalpha,6.370,,11,7,Active,exact,CC1=C(/C=C/C(C)=C/C=C/C(C)=C/C(=O)O)C(C)(C)CCC1
CHEMBL5886381,RXRalpha,6.360,,1,0,Active,exact,Fc1cccc(OCc2cn(-c3ccc(Cl)c(OC(F)F)c3)nn2)n1
CHEMBL264746,RXRalpha,6.400,,1,0,Active,exact,C/C(=C\C(=O)O)c1ccc2scc(-c3cc(C(C)C)cc(C(C)C)c3OCCCF)c2c1
CHEMBL5926833,RXRalpha,6.760,,1,0,Active,exact,Cc1cnc(OCc2cn(-c3ccnc(Br)c3)nn2)nc1
CHEMBL246210,RXRalpha,6.940,,1,0,Active,exact,CCN1C(=O)CC(C)(C)c2cc(C)c(-c3cc(C4CC4C(=O)O)ccc3OCC(F)(F)F)cc21
CHEMBL5862757,RXRalpha,7.010,,1,0,Active,exact,CC(C)(O)c1cnc(OCc2cn(-c3ccc(F)c(C(F)(F)F)c3)nn2)nc1
CHEMBL5826409,RXRalpha,7.540,,1,0,Active,exact,CCc1cnc(OCc2cn(-c3cccc(OC(F)F)c3)nn2)nc1
CHEMBL5542411,RXRalpha,5.960,,1,0,,exact,CN(c1ccc(Cl)c(Cl)c1)c1cc(Cl)nc(OCCC(=O)O)n1
CHEMBL5895910,RXRalpha,5.900,,1,0,,exact,FC(F)c1cc(-n2cc(CNc3ncccn3)nn2)ccc1Cl
CHEMBL6052496,RXRalpha,8.150,,1,0,Active,exact,Cc1cccc(-n2cc(COc3ncc(Cl)c(C)n3)nn2)c1
CHEMBL5404498,RXRalpha,6.400,,1,0,Active,exact,FC(F)Oc1cc(-n2cc(COc3cccnn3)nn2)ccc1Cl
CHEMBL5920020,RXRalpha,8.520,,1,0,Active,exact,Fc1ccc(-n2cc(COc3ncc(Br)cn3)nn2)cc1C(F)F
CHEMBL162334,RXRalpha,8.220,,1,0,Active,exact,Cc1cc2c(cc1/C(=N/O)c1ccc(C(=O)O)cc1)C(C)(C)CCC2(C)C
CHEMBL243133,RXRalpha,5.865,,2,0,,exact,CC(=O)c1ccc2c(c1)N=C(c1ccc(C(=O)O)c(F)c1)c1cc3c(cc1N2C)C(C)(C)CCC3(C)C
CHEMBL5742634,RXRalpha,6.150,,1,0,Active,exact,Cc1cnc(OCc2cn(-c3cccc(C)c3F)nn2)nc1
CHEMBL5811465,RXRalpha,6.410,,1,0,Active,exact,Fc1ccc(-n2cc(COc3ccccn3)nn2)cc1OC(F)F
CHEMBL108162,RXRalpha,,5.000,0,2,,censored,Cc1cc2c(cc1C(=O)c1cccc(C(=O)O)c1)C(C)(C)CCC2(C)C
CHEMBL242676,RXRalpha,5.860,,2,0,,exact,CN1CCN(S(=O)(=O)c2ccc3c(c2)N=C(c2ccc(C(=O)O)cc2)c2cc4c(cc2N3C)C(C)(C)CCC4(C)C)CC1
CHEMBL5773758,RXRalpha,6.410,,1,0,Active,exact,Fc1ccc(-n2cc(COc3nccc(-n4cccn4)n3)nn2)cc1C(F)F
CHEMBL5948558,RXRalpha,7.960,,1,0,Active,exact,COc1ccnc(OCc2cn(-c3ccc(Cl)c(OC(F)F)c3)nn2)n1
CHEMBL3779935,RXRalpha,7.600,,1,0,Active,exact,CC1(C)CCC(C)(C)c2cc3c(cc21)OC1CCCC31c1ccc(C(=O)O)cc1
CHEMBL5746974,RXRalpha,6.100,,1,0,Active,exact,FC(F)Oc1cccc(-n2cc(COc3ncccn3)nn2)c1
CHEMBL6029163,RXRalpha,6.010,,1,0,Active,exact,Cc1cnc(OCc2cn(-c3cc(C)c(F)cc3F)nn2)nc1
CHEMBL5763697,RXRalpha,7.820,,1,0,Active,exact,Cc1nc(OCc2cn(-c3ccc(Cl)c(C(C)(F)F)c3)nn2)ncc1F
CHEMBL323626,RXRalpha,6.770,,1,0,Active,exact,CC1(C)CCC(C)(C)c2cc(C3(c4ccc(C(=O)O)cc4)SCCS3)ccc21
CHEMBL197194,RXRalpha,,5.000,0,1,,censored,COc1cccc(-c2ccc(NC(=O)C3=C(C(=O)O)CCC3)c(F)c2)c1
CHEMBL4556277,RXRalpha,4.520,,1,0,Inactive,exact,Cc1cccc(Nc2cc(Cl)nc(SCCC(=O)O)n2)c1C
CHEMBL5851073,RXRalpha,8.220,,1,0,Active,exact,CNc1ccnc(OCc2cn(-c3ccc(Cl)c(OC(F)F)c3)nn2)n1
CHEMBL4852349,RXRalpha,6.290,,1,0,Active,exact,O=C(O)CCc1nc(-c2ccccc2)c(-c2ccc(Cl)c(Cl)c2)o1
CHEMBL5934588,RXRalpha,6.800,,1,0,Active,exact,Cc1cnc(OCc2cn(-c3ccc(Cl)c(OC(F)F)c3)nn2)cn1
CHEMBL5417665,RXRalpha,4.890,,2,0,Inactive,exact,O=C(O)/C=C/c1nc(-c2ccccc2)c(-c2ccccc2)o1
CHEMBL5612372,RXRalpha,7.220,,1,0,Active,exact,O=C(O)Cc1ccc(-c2ccc(C(F)(F)F)c(C(F)(F)F)c2)cc1
CHEMBL107039,RXRalpha,5.620,,2,1,,exact,C=C(c1ccc(C(=O)O)cc1)c1cc2c(cc1C)CCCC2(C)C
CHEMBL5813356,RXRalpha,8.400,,1,0,Active,exact,FC(F)c1cc(-n2cc(COc3ncc(C(F)(F)F)cn3)nn2)ccc1Cl
CHEMBL395564,RXRalpha,6.205,,2,0,Active,exact,CN1c2ccc(Sc3ccc(OC(F)(F)F)cc3)cc2N=C(c2ccc(C(=O)O)cc2)c2cc3c(cc21)C(C)(C)CCC3(C)C
CHEMBL247400,RXRalpha,6.840,,1,0,Active,exact,Cc1cc2c(cc1-c1cc(C3CC3C(=O)O)ccc1OCC(F)(F)F)N(C)C(=O)CC2(C)C
CHEMBL2332887,RXRalpha,7.820,,3,0,Active,exact,Cc1cc2c(cc1-n1c(C(F)(F)F)nc3cc(C(=O)O)ccc31)C(C)(C)CCC2(C)C
CHEMBL92096,RXRalpha,5.380,,1,0,,exact,C/C(=C/c1cc(C(=O)O)no1)c1ccc2c(c1)C(C)(C)CCC2(C)C
CHEMBL5747227,RXRalpha,6.570,,1,0,Active,exact,COC1CN(c2cnc(OCc3cn(-c4ccc(F)c(C(F)F)c4)nn3)nc2)C1
CHEMBL4552520,RXRalpha,4.750,,1,0,Inactive,exact,CC(C)(C)c1cccc(-c2ccc(C(=O)O)cc2)c1
CHEMBL6027924,RXRalpha,6.380,,1,0,Active,exact,CC(O)(c1cnc(OCc2cn(-c3ccc(F)c(C(F)(F)F)c3)nn2)nc1)C(F)(F)F
CHEMBL5857614,RXRalpha,8.050,,1,0,Active,exact,CCc1cnc(OCc2cn(-c3ccc(Cl)c(OC(F)F)c3)nn2)nc1
CHEMBL41422,RXRalpha,7.000,,1,0,Active,exact,C/C(=C(/F)C(=O)O)c1cc2cccc(-c3cc(C(C)C)cc(C(C)C)c3OCC(F)F)c2o1
CHEMBL5921096,RXRalpha,6.650,,1,0,Active,exact,COc1cnc(OCc2cn(-c3ccc(C)cc3)nn2)nc1
CHEMBL5768266,RXRalpha,7.800,,1,0,Active,exact,Fc1ccc(-n2cc(COc3ncc(Cl)cn3)nn2)cc1C(F)(F)F
CHEMBL247401,RXRalpha,8.640,,1,0,Active,exact,CCN1C(=O)CC(C)(C)c2cc(C)c(-c3cc([C@@H]4C[C@H]4C(=O)O)ccc3OC(F)(F)F)cc21
CHEMBL5852150,RXRalpha,7.380,,1,0,Active,exact,Cc1nc(OCc2cn(-c3cccc(C(F)F)c3)nn2)ncc1F
CHEMBL118307,RXRalpha,5.550,,1,0,,exact,Cc1cc2c(cc1S(=O)(=O)c1ccc(C(=O)O)cc1)C(C)(C)CCC2(C)C
CHEMBL5915137,RXRalpha,6.780,,1,0,Active,exact,CC(F)(F)c1cc(-n2cc(COc3ncc(-c4cn[nH]c4)cn3)nn2)ccc1F
CHEMBL114390,RXRalpha,5.600,,1,0,,exact,CC1(C)CCC(C)(C)c2cc(Cc3ccc(C(=O)O)cc3)ccc21
CHEMBL6038197,RXRalpha,6.100,,1,0,Active,exact,Fc1ccc(-n2cc(COc3ccc(Cl)cn3)nn2)cc1C(F)(F)F
CHEMBL2337779,RXRalpha,5.240,,1,0,,exact,CC1=C(CCC(=O)O)c2cc(F)ccc2/C1=C\c1ccc(C(C)C)cc1
CHEMBL6058517,RXRalpha,6.100,,1,0,Active,exact,Cc1cc(C)cc(-n2cc(COc3ncccn3)nn2)c1
CHEMBL6177198,RXRalpha,5.045,,2,0,,exact,O=[N+]([O-])/C=C/c1cccc2sccc12
CHEMBL5942139,RXRalpha,,4.000,0,1,Inactive,censored,C=CCc1c(C)nc(-c2ccc(Cl)cc2)nc1Oc1ccc(C(=O)O)cc1
CHEMBL5779373,RXRalpha,7.310,,1,0,Active,exact,Cc1cnc(NCc2cn(-c3ccc(F)c(C(F)F)c3)nn2)nc1
CHEMBL5816528,RXRalpha,6.240,,1,0,Active,exact,CC(C)c1cnc(NCc2cn(-c3ccc(F)c(C(C)(F)F)c3)nn2)nc1
CHEMBL422088,RXRalpha,8.640,,1,0,Active,exact,C/C(=C/C=C/C(C)=C/C(=O)O)c1cc(-c2ccccc2F)cc(C(C)C)c1OCC(F)F
CHEMBL25244,RXRalpha,7.300,,3,0,Active,exact,CC(C)=C(c1ccc(C(=O)O)cc1)c1cc2c(cc1C)C(C)(C)CCC2(C)C
CHEMBL114640,RXRalpha,8.520,,1,0,Active,exact,CC1(C)CCC(C)(C)c2cc(N(CC3CC3)c3ncc(C(=O)O)cn3)ccc21
CHEMBL390017,RXRalpha,5.680,,2,0,,exact,CN1c2ccc(S(=O)(=O)N(C)C)cc2N=C(c2ccc(C(=O)O)cc2)c2cc3c(cc21)C(C)(C)CCC3(C)C
CHEMBL204773,RXRalpha,6.590,,1,0,Active,exact,CCCN(C/C=C/C(C)=C/C(=O)O)c1cc2c(cc1OC)C(C)(C)CCC2(C)C
CHEMBL101666,RXRalpha,6.685,,2,0,Active,exact,CC(C)c1cc2c(cc1C(=O)c1ccc(C(=O)O)cc1)C(C)(C)CCC2(C)C
CHEMBL4471300,RXRalpha,6.210,,1,0,Active,exact,O=C(O)CCc1nc(-c2ccc(Cl)c(Cl)c2)c(-c2ccccc2)o1
CHEMBL2146900,RXRalpha,6.430,,1,0,Active,exact,Cc1cc2c(cc1-n1c(C)nc3cc(C(=O)O)ccc31)C(C)(C)CCC2(C)C
CHEMBL4447727,RXRalpha,,4.523,0,1,Inactive,censored,O=C(O)c1ccc(COc2ccc(Cl)cc2)cc1
CHEMBL6052649,RXRalpha,7.250,,1,0,Active,exact,Fc1ccc(-n2cc(COc3ccc(C(F)(F)F)cn3)nn2)cc1C(F)F
CHEMBL4464843,RXRalpha,5.820,,1,0,,exact,CC(C)(C)c1cc(-c2ccc(CCC(=O)O)cc2)cc(C(C)(C)C)c1
CHEMBL6054694,RXRalpha,6.300,,1,0,Active,exact,Fc1ccc(-n2cc(COc3ncc(N4CCOCC4)cn3)nn2)cc1C(F)(F)F
CHEMBL3718949,RXRalpha,5.520,,1,0,,exact,Cc1cc2c(cc1C(OCc1ccc(SC(F)(F)F)cc1)c1ccc(C(=O)O)cc1)C(C)(C)CCC2(C)C
CHEMBL5810139,RXRalpha,7.400,,1,0,Active,exact,CC(F)(F)c1cc(-n2cc(COc3ncc(C(F)(F)F)cn3)nn2)ccc1F
CHEMBL4849999,RXRalpha,6.520,,1,0,Active,exact,O=C(O)CCc1cc(-c2cc(Cl)cc(Cl)c2)n(-c2ccc(Cl)cc2)n1
CHEMBL5878726,RXRalpha,7.600,,1,0,Active,exact,FC(F)c1cccc(-n2cc(COc3ncc(C(F)(F)F)cn3)nn2)c1
CHEMBL3774855,RXRalpha,,4.699,0,1,Inactive,censored,CC(=O)N1C[C@H](C(=O)Nc2ccc(C)cc2C)[C@@H](c2nnc([C@H]3C[C@@H](CC(C)C)C3)n2C2CC2)C1
CHEMBL3622721,RXRalpha,6.785,,2,0,Active,exact,CC(=C/C=C/C(C)=C/C(=O)O)/C=C1\CCCC(c2ccccc2)=C1C(C)C
CHEMBL5796506,RXRalpha,8.300,,1,0,Active,exact,CC(=O)c1cnc(OCc2cn(-c3ccc(F)c(C(F)F)c3)nn2)nc1
CHEMBL6000374,RXRalpha,6.370,,1,0,Active,exact,Cc1cc(-n2cc(COc3ncc(C4CC4)cn3)nn2)c(F)cc1F
CHEMBL6020966,RXRalpha,7.620,,1,0,Active,exact,FCCCc1cnc(OCc2cn(-c3ccc(Cl)c(OC(F)F)c3)nn2)nc1
CHEMBL105805,RXRalpha,6.140,,2,0,Active,exact,Cc1cc2c(cc1Oc1ccc(C(=O)O)cc1)C(C)(C)CCC2(C)C
CHEMBL5406315,RXRalpha,,4.699,0,1,Inactive,censored,CC[C@H]1CCCN1c1cc(-c2ccccc2O)nnc1N
CHEMBL6025910,RXRalpha,7.090,,1,0,Active,exact,CC(C)(O)c1cnc(OCc2cn(-c3ccc(Cl)c(C(C)(F)F)c3)nn2)nc1
CHEMBL4449526,RXRalpha,,4.523,0,1,Inactive,censored,O=C(O)c1ccc(COc2ccccc2F)cc1
CHEMBL5787606,RXRalpha,6.510,,1,0,Active,exact,Cn1ccc(-c2cnc(OCc3cn(-c4ccc(F)c(C(C)(F)F)c4)nn3)nc2)n1
CHEMBL5824746,RXRalpha,7.720,,1,0,Active,exact,COc1cc(-n2cc(COc3ncc(C)cn3)nn2)ccc1Cl
CHEMBL5612037,RXRalpha,5.100,,1,0,,exact,O=C(O)Cc1ccc(-c2cc(C(F)(F)F)c3[nH]ncc3c2)cc1
CHEMBL5841959,RXRalpha,7.170,,1,0,Active,exact,CC(F)(F)c1cc(-n2cc(COc3nccc(C(F)F)n3)nn2)ccc1Cl
CHEMBL5411747,RXRalpha,5.920,,1,0,,exact,O=C(O)c1ccc(COc2cccc3c2CCC3)cc1
CHEMBL5844514,RXRalpha,7.960,,1,0,Active,exact,Cc1nc(NCc2cn(-c3ccc(F)c(C(F)F)c3)nn2)ncc1Cl
CHEMBL5848701,RXRalpha,7.170,,1,0,Active,exact,Fc1ccc(-n2cc(COc3ncc(N4CCC(F)(F)C4)cn3)nn2)cc1C(F)F
CHEMBL26295,RXRalpha,,6.000,0,1,,censored,CC(C)/C=C(/c1ccc(C(=O)O)cc1)c1ccc2c(c1)C(C)(C)CCC2(C)C
CHEMBL6061848,RXRalpha,6.500,,1,0,Active,exact,CC(F)(F)c1cc(-n2cc(COc3nccc(C(F)(F)F)n3)nn2)ccc1Cl
CHEMBL397512,RXRalpha,6.175,,2,0,Active,exact,CN1c2ccc(S(=O)(=O)N3CCCC3)cc2N=C(c2ccc(C(=O)O)cc2)c2cc3c(cc21)C(C)(C)CCC3(C)C
CHEMBL5793234,RXRalpha,7.770,,1,0,Active,exact,Cc1cnc(OCc2cn(-c3ccc(F)c(C(C)(F)F)c3)nn2)nc1N
CHEMBL4874191,RXRalpha,7.220,,1,0,Active,exact,O=C(O)CCc1nc(-c2ccccc2)c(-c2cc(Cl)cc(Cl)c2)o1
CHEMBL5910279,RXRalpha,5.400,,1,0,,exact,CCc1c(C)nc(-c2ccc(Cl)cc2)nc1N(C)c1ccc(C(=O)O)cc1
CHEMBL5423123,RXRalpha,,5.000,0,1,,censored,OC[C@@H]1C[C@H]1c1nc(-c2ccccc2)c(-c2cc(C(F)(F)F)cc(C(F)(F)F)c2)o1
CHEMBL2114968,RXRalpha,7.800,,1,0,Active,exact,CCC1=C(C(C)C)/C(=C/C(C)=C\C=C\C(C)=C\C(=O)O)CCC1
CHEMBL4860614,RXRalpha,5.240,,1,0,,exact,O=C(O)CCc1nc(-c2ccccc2)c(-c2cc(Cl)ccc2Cl)o1
CHEMBL4443400,RXRalpha,5.210,,1,0,,exact,Cc1c(Cl)ccc(Nc2cc(Cl)nc(SCC(=O)O)n2)c1C
CHEMBL5573657,RXRalpha,5.550,,1,0,,exact,CC1CCc2ccccc2N1c1cc(Cl)nc(OCCC(=O)O)n1
CHEMBL5884440,RXRalpha,7.060,,1,0,Active,exact,Cc1cnc(OCc2cn(-c3ccc(F)c(C(C)(F)F)c3)nn2)nc1N(C)C
CHEMBL5747843,RXRalpha,7.000,,1,0,Active,exact,Cc1ccc(OCc2cn(-c3ccc(F)c(C(F)(F)F)c3)nn2)nc1
CHEMBL242274,RXRalpha,6.120,,2,0,Active,exact,CCN1c2ccc(C#N)cc2N=C(c2ccc(C(=O)O)cc2F)c2cc3c(cc21)C(C)(C)CCC3(C)C
CHEMBL5791906,RXRalpha,8.100,,1,0,Active,exact,FC(F)Oc1cc(-n2cc(COc3ncc(C(F)F)cn3)nn2)ccc1Cl
CHEMBL62537,RXRalpha,7.400,,1,0,Active,exact,CC1(C)CCC(C)(C)c2cc(C3CCCc4sc(/C=C/C(=O)O)cc43)ccc21
CHEMBL4758064,RXRalpha,,4.000,0,1,Inactive,censored,CC[C@H]1[C@@H](O)[C@@H]2[C@H]([C@@H](O)C[C@]3(C)[C@@H]([C@H](C)CCC(=O)O)CC[C@@H]23)[C@@]2(C)CC[C@@H](O)C[C@@H]12
CHEMBL5413455,RXRalpha,7.890,,1,0,Active,exact,Nc1nc(OCc2cn(-c3ccc(F)c(OC(F)F)c3)nn2)ncc1F
CHEMBL6030818,RXRalpha,6.900,,1,0,Active,exact,Fc1ccc(-n2cc(COc3nccc(NC4COC4)n3)nn2)cc1OC(F)F
CHEMBL3098772,RXRalpha,6.725,,2,0,Active,exact,CC(=C/C=C/C(C)=C/C(=O)O)/C=C1\CCC(C)c2ccccc21
CHEMBL5797747,RXRalpha,,4.000,0,1,Inactive,censored,CCCc1c(C)nc(-c2ccccc2)nc1Oc1ccc(C(=O)O)cc1
CHEMBL1181663,RXRalpha,4.950,,1,0,Inactive,exact,NCCCCn1c2c(c3ccccc3c1=O)C(=O)c1ccccc1-2
CHEMBL111983,RXRalpha,6.480,,1,0,Active,exact,C=C(c1ccc(C(=O)O)s1)c1cc2c(cc1C)C(C)(C)CCC2(C)C
CHEMBL4454733,RXRalpha,5.460,,1,0,,exact,Cc1cc(-c2cc(C(C)(C)C)cc(C(C)(C)C)c2)ccc1CC(=O)O
CHEMBL6060214,RXRalpha,6.140,,1,0,Active,exact,Fc1cnc(OCc2cn(-c3ccc4c(c3)OC(F)(F)O4)nn2)nc1
CHEMBL6060826,RXRalpha,5.510,,1,0,,exact,FC(F)(F)Oc1ccc(-n2cc(COc3ncccn3)nn2)cc1
CHEMBL328072,RXRalpha,5.680,,1,0,,exact,CCOc1c(-c2cnc3ccc(/C(C)=C/C(=O)O)cn23)cc(C(C)C)cc1C(C)C
CHEMBL312233,RXRalpha,7.420,,1,0,Active,exact,C=C1C[C@H](c2ccc3c(c2)C(C)(C)CCC3(C)C)[C@@H](/C=C/C(C)=C/C(=O)O)C1
CHEMBL3718513,RXRalpha,,4.523,0,1,Inactive,censored,Cc1c(C(=O)c2ccc(C(=O)O)cc2)cc2c(c1[N+](=O)[O-])OCCC2(C)C
CHEMBL25088,RXRalpha,6.370,,1,0,Active,exact,Cc1ccc(-c2ccc(C(=O)O)cc2)cc1-c1cc2c(cc1C)C(C)(C)CCC2(C)C
CHEMBL3714906,RXRalpha,6.080,,1,0,Active,exact,CCOc1cc2c(cc1C(=O)c1ccc(C(=O)O)cc1)C(C)(C)CCC2(C)C
CHEMBL90674,RXRalpha,7.295,,2,0,Active,exact,CC(/C=C/CC1(c2ccc3c(c2)C(C)(C)CCC3(C)C)CCCC1)=C\C(=O)O
CHEMBL295416,RXRalpha,5.465,,2,0,,exact,Cc1cccc(Nc2cc(Cl)nc(SCC(=O)O)n2)c1C
CHEMBL2312571,RXRalpha,,4.352,0,1,Inactive,censored,COC(=O)CC(=O)Nc1ccc2c3c(n(CCCN)c(=O)c2c1)-c1ccccc1C3=O
CHEMBL3425828,RXRalpha,6.350,,1,0,Active,exact,CCN(c1ccc(OCC(C)CF)c(C(C)C)c1)c1ccc(C(=O)O)cn1
CHEMBL4210210,RXRalpha,5.360,,1,0,,exact,COC(=O)Cc1ccc(OCc2oc(-c3ccccc3OC)nc2C)cc1
CHEMBL131826,RXRalpha,8.360,,1,0,Active,exact,CCCCOc1c(/C(C)=C(F)\C=C\C(C)=C\C(=O)O)cc(C(C)C)cc1C(C)C
CHEMBL119781,RXRalpha,6.110,,1,0,Active,exact,CC1(C)CCC(C)(C)c2cc(Sc3ccc(C(=O)O)cc3)ccc21
CHEMBL5769644,RXRalpha,7.640,,1,0,Active,exact,COCc1ccnc(OCc2cn(-c3ccc(F)c(C(F)F)c3)nn2)n1
CHEMBL5414178,RXRalpha,7.960,,1,0,Active,exact,Cc1cnc(OCc2cn(-c3cccc(C(F)F)c3)nn2)nc1
CHEMBL5826862,RXRalpha,8.000,,1,0,Active,exact,CCc1ccnc(OCc2cn(-c3ccc(F)c(OC(F)F)c3)nn2)n1
CHEMBL5916023,RXRalpha,9.000,,1,0,Active,exact,Cc1cnc(OCc2cn(-c3ccc(F)c(Br)c3)nn2)nc1
CHEMBL5438363,RXRalpha,7.600,,1,0,Active,exact,Fc1ccc(-n2cc(COc3nccc(N4CC(F)C4)n3)nn2)cc1OC(F)F
CHEMBL5856613,RXRalpha,7.310,,1,0,Active,exact,Fc1ccc(-n2cc(COc3nccc(COCC(F)F)n3)nn2)cc1OC(F)F
CHEMBL4441734,RXRalpha,5.220,,1,0,,exact,O=C(O)c1ccc(COc2ccc(C(F)(F)F)cc2C(F)(F)F)cc1
CHEMBL311113,RXRalpha,7.820,,1,0,Active,exact,CC(/C=C/[C@@H]1CCC[C@@H]1c1ccc2c(c1)C(C)(C)CCC2(C)C)=C\C(=O)O
CHEMBL162827,RXRalpha,6.320,,1,0,Active,exact,Cc1cc2c(cc1/C(=N/OC(C)(C)C)c1ccc(C(=O)O)cc1)C(C)(C)CCC2(C)C
CHEMBL6056197,RXRalpha,8.400,,1,0,Active,exact,Cc1nc(OCc2cn(-c3cccc(C(C)(F)F)c3)nn2)ncc1Cl
CHEMBL5884766,RXRalpha,6.330,,1,0,Active,exact,Cc1cnc(OCc2nnn(-c3ccc(F)c(C(C)(F)F)c3)c2C)nc1
CHEMBL5990303,RXRalpha,6.920,,1,0,Active,exact,CC(C)(O)c1cnc(OCc2cn(-c3cccc(C(C)(F)F)c3)nn2)nc1
CHEMBL114880,RXRalpha,5.660,,1,0,,exact,Cc1cc2c(cc1C(=O)c1ccc(C(=O)O)s1)C(C)(C)CCC2(C)C
CHEMBL6042477,RXRalpha,,5.524,0,1,,censored,Cc1cnc(OCc2cn(-c3cccc(C)n3)nn2)nc1
CHEMBL5558226,RXRalpha,5.250,,1,0,,exact,CC(Cc1nc(-c2ccccc2)c(-c2ccccc2)o1)C(=O)O
CHEMBL5572062,RXRalpha,6.460,,1,0,Active,exact,O=C(O)CCOc1nc(Cl)cc(N2CCCCc3ccccc32)n1
CHEMBL5817560,RXRalpha,6.120,,1,0,Active,exact,Fc1cnc(OCc2cn(-c3ccc(OC(F)F)cc3)nn2)nc1
CHEMBL4878182,RXRalpha,5.720,,1,0,,exact,O=C(O)CCc1nc(-c2cccc(Cl)c2)c(-c2ccccc2)o1
CHEMBL15770,RXRalpha,4.080,,1,0,Inactive,exact,CC1=C(CC(=O)O)c2cc(F)ccc2/C1=C\c1ccc([S+](C)[O-])cc1
CHEMBL5960530,RXRalpha,8.050,,1,0,Active,exact,CC(F)(F)c1cc(-n2cc(COc3ncc(C(F)F)cn3)nn2)ccc1Cl
CHEMBL2110182,RXRalpha,,6.000,0,1,,censored,Cc1cc2c(cc1/C(=N\OC(C)(C)C)c1ccc(C(=O)O)cc1)C(C)(C)CCC2(C)C
CHEMBL4167506,RXRalpha,5.370,,1,0,,exact,Cc1ccc(C)n1-c1ccc(CCCC(=O)O)cc1
CHEMBL379057,RXRalpha,7.770,,1,0,Active,exact,CCCN(C/C=C/C(C)=C/C(=O)O)c1cc(C(C)(C)C)cc(C(C)(C)C)c1
CHEMBL5397778,RXRalpha,8.520,,1,0,Active,exact,Cc1cnc(OCc2cn(-c3ccc(F)c(OC(F)F)c3)nn2)nc1
CHEMBL4864441,RXRalpha,5.160,,1,0,,exact,O=C(O)c1cccc(COc2cccc3c2CCC3)c1
CHEMBL5878859,RXRalpha,5.840,,1,0,,exact,CCc1cnc(OCc2cn(-c3ccccc3C)nn2)nc1
CHEMBL4518775,RXRalpha,6.040,,2,0,Active,exact,O=C(O)CCOc1nc(Nc2cccc3c2CCC3)cc(C(F)(F)F)n1
CHEMBL101712,RXRalpha,6.730,,2,0,Active,exact,CC1(C)CCC(C)(C)c2cc(C(=O)c3ccc(C(=O)O)cc3)c(Br)cc21
CHEMBL512563,RXRalpha,4.890,,1,0,Inactive,exact,Cc1cccc(Nc2cc(Cl)nc(SC(C)(C)C(=O)O)n2)c1C
CHEMBL5919356,RXRalpha,8.300,,1,0,Active,exact,Cc1cnc(OCc2cn(-c3ccc(F)c(OC(F)F)c3)nn2)nc1N
CHEMBL5764826,RXRalpha,8.300,,1,0,Active,exact,Cc1cnc(OCc2cn(-c3ccc(C(F)(F)F)s3)nn2)nc1
CHEMBL428406,RXRalpha,6.440,,1,0,Active,exact,COc1ccc(CCC(=O)O)cc1-c1cc2c(cc1C)C(C)(C)CC(=O)N2C(C)C
CHEMBL5742177,RXRalpha,7.090,,1,0,Active,exact,Cc1cc(C)nc(OCc2cn(-c3ccc(F)c(Br)c3)nn2)n1
CHEMBL107554,RXRalpha,5.280,,1,0,,exact,CCCCOc1c(/C(C)=C\C=C\C(=C\C(=O)O)C(F)(F)F)cc(C(C)(C)C)cc1C(C)(C)C
CHEMBL5991993,RXRalpha,7.280,,1,0,Active,exact,Clc1cnc(OCc2cn(-c3ccc4c(c3)CCC4)nn2)nc1
CHEMBL6007151,RXRalpha,6.290,,1,0,Active,exact,Cc1cnc(OCc2cn(-c3ccc(N4CCC4)c(C(F)F)c3)nn2)nc1
CHEMBL5813153,RXRalpha,6.020,,1,0,Active,exact,CC(F)(F)c1cnc(OCc2cn(-c3ccc(F)c(C(F)F)c3)nn2)nc1
CHEMBL5804987,RXRalpha,6.890,,1,0,Active,exact,CNc1nc(OCc2cn(-c3ccc(F)c(C(C)(F)F)c3)nn2)ncc1C
CHEMBL3781771,RXRalpha,6.900,,1,0,Active,exact,CC1(C)CCC(C)(C)c2cc3c(cc21)O[C@H]1CCCCC[C@@]31c1ccc(C(=O)O)cc1
CHEMBL6173649,RXRalpha,5.295,,2,0,,exact,O=[N+]([O-])/C=C/c1cccc2ccoc12
CHEMBL4873606,RXRalpha,6.160,,1,0,Active,exact,O=C(O)CCc1cc(-c2cc(Cl)cc(Cl)c2)n(-c2ccccc2)n1
CHEMBL27226,RXRalpha,6.870,,1,0,Active,exact,Cc1ccc(-c2ccc(C(=O)O)cc2)cc1-c1ccc2c(c1)C(C)(C)CCC2(C)C
CHEMBL5772065,RXRalpha,6.540,,1,0,Active,exact,Cc1cccc(-n2cc(COc3ncc(C(C)(C)O)cn3)nn2)c1
CHEMBL5948587,RXRalpha,7.030,,1,0,Active,exact,COCc1ccnc(OCc2cn(-c3ccc(F)c(C(F)(F)F)c3)nn2)n1
CHEMBL5877712,RXRalpha,5.430,,1,0,,exact,Cc1nc(OCc2cn(-c3cccc(F)c3C)nn2)ncc1F
CHEMBL5910754,RXRalpha,6.660,,1,0,Active,exact,Cc1cnc(NCc2cn(-c3ccc(F)c(C(C)(F)F)c3)nn2)nc1
CHEMBL5990191,RXRalpha,7.820,,1,0,Active,exact,CCc1cnc(OCc2cn(-c3ccc(F)c(C)c3F)nn2)nc1
CHEMBL5948724,RXRalpha,6.300,,1,0,Active,exact,CC(C)Oc1ccnc(OCc2cn(-c3ccc(Cl)c(OC(F)F)c3)nn2)n1
CHEMBL3289660,RXRalpha,6.210,,3,0,Active,exact,CC(=C/C=C/C(C)=C/C(=O)O)/C=C1\CCCc2cccc(C)c21
CHEMBL98172,RXRalpha,6.695,,6,0,Active,exact,Cc1cc2c(cc1C(=O)c1ccc(C(=O)O)cc1)C(C)(C)CCC2(C)C
CHEMBL389966,RXRalpha,5.285,,2,0,,exact,CN1c2ccc(N3CCOCC3)cc2N=C(c2ccc(C(=O)O)cc2)c2cc3c(cc21)C(C)(C)CCC3(C)C
CHEMBL165734,RXRalpha,8.220,,1,0,Active,exact,CCCO/N=C(\c1ccc(C(=O)O)cc1)c1cc2c(cc1C)C(C)(C)CCC2(C)C
CHEMBL5822178,RXRalpha,8.700,,1,0,Active,exact,CCc1cnc(OCc2cn(-c3ccc(Cl)c(C(F)F)c3)nn2)nc1
CHEMBL5887246,RXRalpha,6.040,,1,0,Active,exact,Fc1ccc(-n2cc(COc3ncc(F)c(NCC(F)F)n3)nn2)cc1OC(F)F
CHEMBL400557,RXRalpha,7.170,,1,0,Active,exact,CCN1C(=O)CC(C)(C)c2cc(C)c(-c3cc(/C=C/C(=O)O)ccc3OCC(F)(F)F)cc21
CHEMBL6168018,RXRalpha,5.225,,2,0,,exact,CCOc1cccc2cccc(/C=C/[N+](=O)[O-])c12
CHEMBL6005022,RXRalpha,8.220,,1,0,Active,exact,Cc1nc(OCc2cn(-c3ccc(F)c(C(F)(F)F)c3)nn2)ncc1F
CHEMBL6150481,RXRalpha,6.520,,1,0,Active,exact,Cc1cc2c(cc1-c1nc(/C=C/C(=O)O)ccc1C)C(C)(C)CCC2(C)C
CHEMBL5612776,RXRalpha,6.280,,1,0,Active,exact,Cc1cc2c(cc1-c1ccc(CC(=O)O)cc1)C(C)(C)CCC2(C)C
CHEMBL5834520,RXRalpha,7.480,,1,0,Active,exact,COc1ccnc(OCc2cn(-c3cccc(C(C)(F)F)c3)nn2)n1
CHEMBL132568,RXRalpha,7.590,,1,0,Active,exact,CCCOc1c(/C(C)=C\C=C\C(C)=C\C(=O)O)cc(C(F)(F)C(F)(F)F)cc1C(C)C
CHEMBL111911,RXRalpha,7.680,,1,0,Active,exact,CC(/C=C/C1(c2cc3c(cc2C)C(C)(C)CCC3(C)C)OCCO1)=C\C(=O)O
CHEMBL290246,RXRalpha,7.800,,1,0,Active,exact,CCCCOc1c(-c2cccc3cc(/C(C)=C(\F)C(=O)O)oc23)cc(C(C)C)cc1C(C)C
CHEMBL6008387,RXRalpha,6.740,,1,0,Active,exact,CC(F)(F)c1cccc(-n2cc(COc3nccc(N)n3)nn2)c1
CHEMBL5977293,RXRalpha,5.930,,1,0,,exact,CCc1cnc(OCc2cn(-c3ccc(F)cc3C)nn2)nc1
CHEMBL6014006,RXRalpha,5.800,,1,0,,exact,COC(C)c1cnc(OCc2cn(-c3cccc(C(C)(F)F)c3)nn2)nc1
CHEMBL5835589,RXRalpha,6.930,,1,0,Active,exact,Cc1cc(C)cc(-n2cc(COc3ncc(Cl)cn3)nn2)c1
CHEMBL5612170,RXRalpha,5.700,,1,0,,exact,CC(=O)c1cc(-c2ccc(CC(=O)O)cc2)cc(C(F)(F)F)c1
CHEMBL329334,RXRalpha,9.000,,1,0,Active,exact,COc1c(/C(C)=C\C=C\C(C)=C\C(=O)O)cc(C(C)(C)C)cc1C(C)(C)C
CHEMBL5839978,RXRalpha,6.710,,1,0,Active,exact,C[C@H](Oc1ncc(O)cn1)c1cn(-c2ccc(Cl)c(OC(F)F)c2)nn1
CHEMBL583410,RXRalpha,7.090,,1,0,Active,exact,Cc1cc2c(cc1Cc1ccc(C(=O)O)c([N+](=O)[O-])c1)C(C)(C)CCC2(C)C
CHEMBL5958854,RXRalpha,7.240,,1,0,Active,exact,Cc1cnc(OCc2cn(-c3ccc(Cl)c(C(F)F)c3)nn2)nc1N(C)C
CHEMBL6160502,RXRalpha,5.980,,1,0,,exact,O=C(NNC(=S)Nc1ccccc1)c1ccc(Nc2nccc(-c3ccncc3)n2)cc1
CHEMBL4513928,RXRalpha,5.170,,1,0,,exact,O=C(O)CCc1ccc(COc2ccc3c(c2)CCC3)cc1
CHEMBL5397475,RXRalpha,6.020,,1,0,Active,exact,Cc1cnc(OCc2nnn(-c3cccc(C(F)F)c3)c2C)nc1
CHEMBL5911073,RXRalpha,7.290,,1,0,Active,exact,Fc1ccc(-n2cc(COc3nccc(C(F)F)n3)nn2)cc1C(F)F
CHEMBL4292370,RXRalpha,5.700,,1,0,,exact,Cn1c(COc2cc3c(s2)CCC(C(C)(C)C)C3)nnc1SCCC(=O)O
CHEMBL5915522,RXRalpha,4.980,,1,0,Inactive,exact,FC(F)c1cccc(-n2cc(CNc3ncccn3)nn2)c1
CHEMBL44078,RXRalpha,5.550,,1,0,,exact,Cc1cccc(N(C)c2cc(Cl)nc(SCC(=O)O)n2)c1C
CHEMBL5946777,RXRalpha,7.280,,1,0,Active,exact,Cc1ccc(OCc2cn(-c3ccc(F)c(C(C)(F)F)c3)nn2)nc1C
CHEMBL6039706,RXRalpha,5.550,,1,0,,exact,Fc1ccc(-n2cc(CNc3ncccn3)nn2)cc1C(F)(F)F
CHEMBL6029647,RXRalpha,8.100,,1,0,Active,exact,Fc1ccc(-n2cc(COc3ncc(N4CC(F)C4)cn3)nn2)cc1OC(F)F
CHEMBL5867242,RXRalpha,7.700,,1,0,Active,exact,OCc1cnc(OCc2cn(-c3ccc(Cl)c(C(F)F)c3)nn2)nc1
CHEMBL5987616,RXRalpha,7.520,,1,0,Active,exact,CN(C)c1ccnc(OCc2cn(-c3ccc(F)c(C(F)(F)F)c3)nn2)n1
CHEMBL2337794,RXRalpha,4.970,,1,0,Inactive,exact,CC1=C(CC(=O)O)c2cc(F)ccc2/C1=C\c1ccccc1
CHEMBL244565,RXRalpha,6.175,,2,0,Active,exact,CN1c2ccc(S(=O)(=O)N3CCOCC3)cc2N=C(c2ccc(C(=O)O)cc2)c2cc3c(cc21)C(C)(C)CCC3(C)C
CHEMBL5951565,RXRalpha,6.940,,1,0,Active,exact,COc1cccnc1OCc1cn(-c2ccc(Cl)c(OC(F)F)c2)nn1
CHEMBL115050,RXRalpha,6.795,,2,0,Active,exact,C/C=C(/c1ccc(C(=O)O)cc1)c1ccc2c(c1)C(C)(C)CCC2(C)C
CHEMBL5870798,RXRalpha,6.010,,1,0,Active,exact,Fc1ccc(-n2cc(CNc3ccccn3)nn2)cc1C(F)F
CHEMBL5613479,RXRalpha,5.170,,1,0,,exact,O=C(O)Cc1ccc(-c2cc(CO)cc(C(F)(F)F)c2)cc1
CHEMBL5824369,RXRalpha,8.100,,1,0,Active,exact,COCc1ccnc(OCc2cn(-c3cccc(C(C)(F)F)c3)nn2)n1
CHEMBL438857,RXRalpha,5.985,,2,0,,exact,CN1c2ccc(SCc3ccc(Cl)cc3)cc2N=C(c2ccc(C(=O)O)cc2)c2cc3c(cc21)C(C)(C)CCC3(C)C
CHEMBL5815260,RXRalpha,7.550,,1,0,Active,exact,Cc1cnc(OC(C)c2cn(-c3ccc(Cl)c(OC(F)F)c3)nn2)nc1
CHEMBL5817777,RXRalpha,7.010,,1,0,Active,exact,Cc1cccc(OCc2cn(-c3ccc(F)c(C(C)(F)F)c3)nn2)n1
CHEMBL5843893,RXRalpha,7.580,,1,0,Active,exact,CC(C)c1cnc(OCc2cn(-c3ccc(F)c(C(F)(F)F)c3)nn2)nc1
CHEMBL3350249,RXRalpha,7.220,,1,0,Active,exact,Cc1cc2c(cc1/C(=N\O)c1ccc(C(=O)O)cc1)C(C)(C)CCC2(C)C
CHEMBL6052853,RXRalpha,5.330,,1,0,,exact,CC(C)(O)c1cnc(OCc2cn(-c3cccc(Cl)c3F)nn2)nc1
CHEMBL312395,RXRalpha,8.400,,1,0,Active,exact,CC(/C=C/[C@@]1(C)CCC[C@@H]1c1ccc2c(c1)C(C)(C)CCC2(C)C)=C\C(=O)O
CHEMBL1237061,RXRalpha,4.880,,1,0,Inactive,exact,O=C([O-])C[C@H](O)C[C@H](O)/C=C/c1c(C2CC2)nc2ccccc2c1-c1ccc(F)cc1.O=C([O-])C[C@H](O)C[C@H](O)/C=C/c1c(C2CC2)nc2ccccc2c1-c1ccc(F)cc1.[Ca+2]
CHEMBL5858133,RXRalpha,6.220,,1,0,Active,exact,Cc1nc(OCc2nnn(-c3ccc(F)c(C(C)(F)F)c3)c2C)ncc1Cl
CHEMBL6163780,RXRalpha,5.980,,1,0,,exact,CCCCNC(=O)NNC(=O)c1ccc(Nc2nccc(-c3ccncc3)n2)cc1
CHEMBL5570991,RXRalpha,6.580,,1,0,Active,exact,CN(c1cc(Cl)cc(Cl)c1)c1cc(Cl)nc(OCCC(=O)O)n1
CHEMBL5420641,RXRalpha,5.510,,1,0,,exact,O=C(O)c1ccc(CNc2cccc3c2CCC3)cc1
CHEMBL5937159,RXRalpha,6.080,,1,0,Active,exact,Fc1cnc(OCc2cn(-c3ccc(Cl)c(OC(F)F)c3)nn2)nc1NCC(F)F
CHEMBL89058,RXRalpha,7.655,,2,0,Active,exact,CC(/C=C/CC1(c2cc3c(cc2C)C(C)(C)CCC3(C)C)CC1)=C\C(=O)O
CHEMBL4583953,RXRalpha,5.100,,1,0,,exact,Cc1cc(-c2ccc(C(=O)O)cc2)cc(C(C)(C)C)c1
CHEMBL4855847,RXRalpha,7.300,,1,0,Active,exact,O=C(O)CCc1nc(-c2ccccc2)c(-c2cc(C(F)(F)F)cc(C(F)(F)F)c2)o1
CHEMBL5908476,RXRalpha,7.580,,1,0,Active,exact,CNc1ccnc(OCc2cn(-c3cccc(C(C)(F)F)c3)nn2)n1
CHEMBL5913691,RXRalpha,8.000,,1,0,Active,exact,CCc1cnc(OCc2cn(-c3cccc(C)c3)nn2)nc1
CHEMBL5872692,RXRalpha,7.680,,1,0,Active,exact,Nc1ccnc(OCc2cn(-c3ccc(Cl)c(OC(F)F)c3)nn2)n1
CHEMBL394622,RXRalpha,6.055,,2,0,Active,exact,CCN1c2ccc(C(C)=O)cc2N=C(c2ccc(C(=O)O)cc2)c2cc3c(cc21)C(C)(C)CCC3(C)C
CHEMBL6042757,RXRalpha,7.890,,1,0,Active,exact,COc1cnc(OCc2cn(-c3cccc(OC(F)(F)F)c3)nn2)nc1
CHEMBL5922383,RXRalpha,7.640,,1,0,Active,exact,Fc1ccnc(OCc2cn(-c3ccc(Cl)c(OC(F)F)c3)nn2)n1
CHEMBL5853015,RXRalpha,6.180,,1,0,Active,exact,Cc1cccc(-n2cc(COc3ncc(Cl)c(C)n3)nn2)c1F
CHEMBL396200,RXRalpha,6.100,,2,0,Active,exact,CN1c2ccc(C#N)cc2N=C(c2ccc(C(=O)O)c(F)c2)c2cc3c(cc21)C(C)(C)CCC3(C)C
CHEMBL5574037,RXRalpha,5.770,,1,0,,exact,CN(c1ccccc1)c1cc(C(F)(F)F)nc(OCCC(=O)O)n1
CHEMBL4854458,RXRalpha,6.520,,1,0,Active,exact,CC(C)(C)c1cc(-c2oc(CCC(=O)O)nc2-c2ccccc2)cc(C(C)(C)C)c1
CHEMBL397962,RXRalpha,5.320,,3,0,,exact,O=[N+]([O-])/C=C/c1cccc2ccccc12
CHEMBL6012673,RXRalpha,8.300,,1,0,Active,exact,CC(C)c1cnc(OCc2cn(-c3ccc(F)c(Br)c3)nn2)nc1
CHEMBL246806,RXRalpha,,5.000,0,1,,censored,CCN1C(=O)CC(C)(C)c2cc(C)c(-c3ccc(/C=C/C(=O)O)o3)cc21
CHEMBL5960363,RXRalpha,8.220,,1,0,Active,exact,FC(F)Oc1cnc(OCc2cn(-c3ccc(Cl)c(OC(F)F)c3)nn2)nc1
CHEMBL6040652,RXRalpha,7.215,,2,0,Active,exact,Cc1cnc(O[C@H](C)c2cn(-c3ccc(Cl)c(OC(F)F)c3)nn2)nc1
CHEMBL92243,RXRalpha,8.570,,1,0,Active,exact,C/C(=C/C=C/C(C)=C/C(=O)O)c1cc(C(C)(C)C)cc(C(C)(C)C)c1OCCCF
CHEMBL4435989,RXRalpha,4.540,,1,0,Inactive,exact,COc1ccccc1OCc1ccc(C(=O)O)cc1
CHEMBL357015,RXRalpha,5.680,,1,0,,exact,C/C(=C\c1cc(C(=O)O)no1)c1ccc2c(c1)C(C)(C)CCC2(C)C
CHEMBL4548975,RXRalpha,5.000,,1,0,,exact,Cc1cccc(Nc2cc(C(F)(F)F)nc(SCC(=O)O)n2)c1C
CHEMBL5978222,RXRalpha,7.580,,1,0,Active,exact,CN(C)c1ccnc(OCc2cn(-c3cccc(C(C)(F)F)c3)nn2)n1
CHEMBL409214,RXRalpha,6.605,,2,0,Active,exact,COc1ccc(S(=O)(=O)c2ccc3c(c2)N=C(c2ccc(C(=O)O)cc2)c2cc4c(cc2N3C)C(C)(C)CCC4(C)C)cc1
CHEMBL3718110,RXRalpha,,4.523,0,1,Inactive,censored,COc1c(C(=O)c2ccc(C(=O)O)cc2)cc2c(c1C)N(C)CCC2(C)C
CHEMBL1423704,RXRalpha,5.000,,1,0,,exact,O=C(O)c1ccc(COc2ccccc2Cl)cc1
CHEMBL5800799,RXRalpha,8.100,,1,0,Active,exact,Cc1ccnc(OCc2cn(-c3ccc(F)c(C(F)F)c3)nn2)n1
CHEMBL3715185,RXRalpha,,4.523,0,1,Inactive,censored,CCOc1cc2c(cc1/C(=N/OCc1cccc(F)c1F)c1ccc(C(=O)O)cc1)C(C)(C)CCC2(C)C
CHEMBL351943,RXRalpha,7.680,,1,0,Active,exact,Cc1cc2c(cc1/C(=N/OCC(C)C)c1ccc(C(=O)O)cc1)C(C)(C)CCC2(C)C
CHEMBL5835349,RXRalpha,6.850,,1,0,Active,exact,CNc1nc(OCc2cn(-c3ccc(F)c(C(C)(F)F)c3)nn2)ncc1F
CHEMBL5814427,RXRalpha,7.750,,1,0,Active,exact,COCc1ccnc(OCc2cn(-c3ccc(Cl)c(OC(F)F)c3)nn2)n1
CHEMBL5749393,RXRalpha,6.700,,1,0,Active,exact,FC(F)Oc1ccc(-n2cc(COc3ncc(Cl)cn3)nn2)cc1
CHEMBL5809424,RXRalpha,7.430,,1,0,Active,exact,FC(F)Oc1cc(-n2cc(COc3ncc(N4CC(F)(F)C4)cn3)nn2)ccc1Cl
CHEMBL5805294,RXRalpha,7.680,,1,0,Active,exact,Cc1ccc(-n2cc(COc3ncc(C)c(N)n3)nn2)cc1OC(F)F
CHEMBL6017274,RXRalpha,7.700,,1,0,Active,exact,Fc1ccc(-n2cc(COc3ncccn3)nn2)cc1Br
CHEMBL6005734,RXRalpha,6.040,,1,0,Active,exact,Fc1ccc(-n2cc(COc3cccc(C(F)(F)F)n3)nn2)cc1OC(F)F
CHEMBL93628,RXRalpha,6.700,,1,0,Active,exact,C/C(=C\c1cc(C(=O)O)cs1)c1cc2c(cc1C)C(C)(C)CCC2(C)C
CHEMBL5842776,RXRalpha,5.440,,1,0,,exact,Cn1ccnc1NCc1cn(-c2ccc(F)c(C(F)F)c2)nn1
CHEMBL100986,RXRalpha,6.090,,1,1,Active,exact,CC1(C)CCC(C)(C)c2cc(C(=O)c3ccc(C(=O)O)cc3)c(O)cc21
CHEMBL113865,RXRalpha,6.020,,2,0,Active,exact,CC1(C)CCC(C)(C)c2cc(C3(c4ccc(C(=O)O)cc4)OCCCO3)ccc21
CHEMBL1359246,RXRalpha,4.680,,1,0,Inactive,exact,CCCCC(=O)N(c1ccc(C(=O)O)cc1)c1nc(-c2ccc(Cl)cc2)c(CC)s1
CHEMBL308883,RXRalpha,7.020,,2,0,Active,exact,CC(/C=C/C1CC1(C)c1cc2c(cc1C)C(C)(C)CCC2(C)C)=C\C(=O)O
CHEMBL247011,RXRalpha,5.800,,1,0,,exact,CCn1c(=O)c2c(c3ccc(-c4cc(/C=C/C(=O)O)ccc4OC(F)(F)F)cc31)CCC2
CHEMBL5964663,RXRalpha,6.120,,1,0,Active,exact,Cc1cnc(OCc2nnn(-c3cccc(C(F)F)c3)c2C)nc1C
CHEMBL4867027,RXRalpha,5.890,,1,0,,exact,O=C(O)CCCc1cc(-c2cc(Cl)cc(Cl)c2)n(-c2ccc(Cl)cc2)n1
CHEMBL4798235,RXRalpha,6.200,,1,0,Active,exact,CC1(C)CCC(C)(C)c2cc(-n3c(C(F)(F)F)nc4cc(C(=O)O)ccc43)c(OCCOCCNc3ccc([N+](=O)[O-])c4nonc34)cc21
CHEMBL88931,RXRalpha,8.700,,1,0,Active,exact,C/C(=C/C=C/C(C)=C/C(=O)O)c1cc(C(C)C)cc(C(C)C)c1OCC(F)F
CHEMBL4582833,RXRalpha,5.300,,1,0,,exact,Cc1ccccc1OCc1ccc(C(=O)O)cc1
CHEMBL6054065,RXRalpha,6.880,,1,0,Active,exact,COCc1ccnc(OCc2cn(-c3ccc(C)c(OC(F)F)c3)nn2)n1
CHEMBL5754185,RXRalpha,,4.000,0,1,Inactive,censored,C=CCc1c(C)nc(-c2ccccc2)nc1N(C)c1ccc(C(=O)OC)cc1
CHEMBL460026,RXRalpha,5.120,,1,0,,exact,CC/C=C\C/C=C\C/C=C\C/C=C\C/C=C\CCCC(=O)O
CHEMBL6002984,RXRalpha,8.000,,1,0,Active,exact,CC(=O)c1cnc(OCc2cn(-c3cccc(C(C)(F)F)c3)nn2)nc1
CHEMBL5790481,RXRalpha,6.900,,1,0,Active,exact,Cc1ccc(OCc2cn(-c3ccc(F)c(C(C)(F)F)c3)nn2)nc1
CHEMBL5842664,RXRalpha,5.000,,1,0,,exact,C=CCc1c(Nc2ccc(C(=O)O)cc2)nc(-c2ccc(Cl)cc2)nc1C(F)(F)F
CHEMBL5801450,RXRalpha,5.000,,1,0,,exact,CCCN(c1ccc(C(=O)O)cc1)c1cc(C)nc(-c2ccccc2)n1
CHEMBL6043918,RXRalpha,6.470,,1,0,Active,exact,Cc1cccc(-n2cc(COc3ncc(F)cn3)nn2)c1
CHEMBL133915,RXRalpha,9.100,,1,0,Active,exact,C/C(=C/C=C/C(C)=C/C(=O)O)c1cc(-c2ccc(F)cc2)cc(C(C)C)c1OCC(F)F
CHEMBL6018636,RXRalpha,6.620,,1,0,Active,exact,FC(F)c1cnc(NCc2cn(-c3ccc(Cl)c(C(F)F)c3)nn2)nc1
CHEMBL5980363,RXRalpha,6.870,,1,0,Active,exact,Nc1cnc(OCc2cn(-c3ccc(F)c(OC(F)F)c3)nn2)nc1
CHEMBL72988,RXRalpha,7.800,,1,0,Active,exact,C/C=C(\C)CC(=C/C(=O)O)/C=C(C)/C=C1\CCCC(CC)=C1C(C)C
CHEMBL5875760,RXRalpha,6.240,,1,0,Active,exact,C[C@H](Oc1ncc(Cl)cn1)c1cn(-c2ccc(Cl)c(OC(F)F)c2)nn1
CHEMBL108402,RXRalpha,5.920,,3,0,,exact,C=C(c1ccc(C(=O)O)cc1)c1cc2c(cc1C)C(C)(C)CCC2
CHEMBL5767522,RXRalpha,7.030,,1,0,Active,exact,CNc1nc(OCc2cn(-c3ccc(Cl)c(C(C)(F)F)c3)nn2)ncc1F
CHEMBL6032055,RXRalpha,6.050,,1,0,Active,exact,Cn1ccc(NCc2cn(-c3ccc(F)c(C(F)F)c3)nn2)n1
CHEMBL246825,RXRalpha,8.140,,1,0,Active,exact,CCN1C(=O)CC(C)(C)c2cc(C)c(-c3cc(CCC(=O)O)ccc3OC(F)(F)F)cc21
CHEMBL6172876,RXRalpha,5.980,,1,0,,exact,O=C(NCCc1ccccc1)NNC(=O)c1ccc(Nc2nccc(-c3ccncc3)n2)cc1
CHEMBL164902,RXRalpha,7.960,,1,0,Active,exact,Cc1cc2c(cc1/C(=N/OCC#N)c1ccc(C(=O)O)cc1)C(C)(C)CCC2(C)C
CHEMBL1784110,RXRalpha,6.000,,1,0,Active,exact,CCCc1c(C)nc(-c2ccccc2)nc1Nc1ccc(C(=O)O)cc1
CHEMBL418570,RXRalpha,,6.000,0,1,,censored,CC1(C)CCC(C)(C)c2cc(-c3cccc(-c4ccc(C(=O)O)cc4)c3)ccc21
CHEMBL5925611,RXRalpha,7.060,,1,0,Active,exact,Cc1cnc(OCc2cn(-c3ccc(OC(F)F)cc3)nn2)nc1
CHEMBL5940043,RXRalpha,7.010,,1,0,Active,exact,Cc1cc(-n2cc(COc3ncc(C(C)(C)O)cn3)nn2)ccc1F
CHEMBL5273291,RXRalpha,7.800,,1,0,Active,exact,CCCOc1cc2c(cc1/C(C)=C/C=C/C(C)=C/C(=O)O)C(C)(C)CCC2(C)C
CHEMBL318916,RXRalpha,5.700,,1,1,,exact,COc1cc2c(cc1C(=O)c1ccc(C(=O)O)cc1)C(C)(C)CCC2(C)C
CHEMBL5420687,RXRalpha,5.660,,1,0,,exact,O=C(O)CCc1ccc(COc2cccc3c2CCC3)cc1F
CHEMBL5765864,RXRalpha,6.860,,1,0,Active,exact,Cc1ccnc(OCc2cn(-c3cccc(OC(F)(F)F)c3)nn2)n1
CHEMBL4862395,RXRalpha,5.800,,1,0,,exact,COc1ccc(-n2nc(CCC(=O)O)cc2-c2cc(Cl)cc(Cl)c2)cc1
CHEMBL5884288,RXRalpha,,5.000,0,1,,censored,Cn1nccc1NCc1cn(-c2ccc(F)c(C(F)F)c2)nn1
CHEMBL5819862,RXRalpha,6.900,,1,0,Active,exact,Fc1ccc(-n2cc(COc3ncccn3)nn2)cc1C(F)(F)F
CHEMBL4574853,RXRalpha,5.110,,1,0,,exact,CC(C)(C)c1ccc(OCc2ccc(C(=O)O)cc2)cc1
CHEMBL5991538,RXRalpha,7.920,,1,0,Active,exact,COc1cnc(OCc2cn(-c3cccc(C(F)F)c3)nn2)nc1
CHEMBL4571143,RXRalpha,5.950,,1,0,,exact,CC(C)c1ccc(/C=C2/C=C(CC(=O)NO)c3cc(F)ccc32)cc1
CHEMBL410399,RXRalpha,7.440,,1,0,Active,exact,Cc1cc2c(cc1-c1cc(CCC(=O)O)ccc1OCC(F)(F)F)N(C(C)C)C(=O)CC2(C)C
CHEMBL5894776,RXRalpha,5.610,,1,0,,exact,CCc1cnc(OCc2cn(-c3cc(C)ccn3)nn2)nc1
CHEMBL2337795,RXRalpha,5.330,,1,0,,exact,CC1=C(CC(=O)O)c2cc(F)ccc2/C1=C\c1ccc(C(F)(F)F)cc1
CHEMBL109847,RXRalpha,8.250,,2,0,Active,exact,CCOc1cc2c(cc1/C(C)=C\C=C\C(C)=C\C(=O)O)C(C)(C)CCC2(C)C
CHEMBL204725,RXRalpha,7.680,,1,0,Active,exact,CCCCN(C/C=C/C(C)=C/C(=O)O)c1cc(C(C)(C)C)cc2c1CCC2(C)C
CHEMBL2337390,RXRalpha,5.080,,1,0,,exact,CC1=C(CC(=O)O)c2cc(F)ccc2/C1=C\c1cccc(C(F)(F)F)c1
CHEMBL395800,RXRalpha,5.285,,2,0,,exact,COc1ccc(CSc2ccc3c(c2)N=C(c2ccc(C(=O)O)cc2)c2cc4c(cc2N3C)C(C)(C)CCC4(C)C)cc1
CHEMBL5197860,RXRalpha,6.320,,3,0,Active,exact,CC(=C/C=C/C(C)=C/C(=O)O)/C=C1\CCCC(CCC(C)C)=C1CCC(C)C
CHEMBL2220442,RXRalpha,4.960,,1,0,Inactive,exact,CC(C)n1c(/C=C/C(O)CC(O)CC(=O)O)c(-c2ccc(F)cc2)c2ccccc21
CHEMBL5569662,RXRalpha,7.050,,1,0,Active,exact,Cc1cccc2c1CCCN2c1cc(Cl)nc(OCCC(=O)O)n1
CHEMBL6035090,RXRalpha,5.700,,1,0,,exact,C=CCc1c(C)nc(-c2ccccc2)nc1Nc1ccc(C(=O)OCOC(=O)C(C)(C)C)cc1
CHEMBL5800592,RXRalpha,8.400,,1,0,Active,exact,Cc1nc(OCc2cn(-c3ccc(F)c(OC(F)F)c3)nn2)ncc1F
CHEMBL4866557,RXRalpha,5.510,,1,0,,exact,O=C(O)CCc1cc(-c2cc(Cl)cc(Cl)c2)n(-c2cccc(Cl)c2)n1
CHEMBL5947806,RXRalpha,7.070,,1,0,Active,exact,CC(F)(F)c1cc(-n2cc(COc3ncc(C4CC4)cn3)nn2)ccc1Cl
CHEMBL6038821,RXRalpha,6.000,,1,0,Active,exact,Cc1ccc(F)c(-n2cc(COc3ncc(Cl)c(C)n3)nn2)c1
CHEMBL5881873,RXRalpha,7.770,,1,0,Active,exact,FC1CN(c2cnc(OCc3cn(-c4ccc(Cl)c(OC(F)F)c4)nn3)nc2)C1
CHEMBL5753204,RXRalpha,7.060,,1,0,Active,exact,CC(F)(F)c1cc(-n2cc(COc3nccc(N)n3)nn2)ccc1F
CHEMBL111217,RXRalpha,8.110,,2,0,Active,exact,CC(/C=C/C(F)=C(/C)c1cc(C(C)(C)C)cc(C(C)(C)C)c1OCC(F)F)=C\C(=O)O
CHEMBL5404648,RXRalpha,8.725,,2,0,Active,exact,O=C(O)[C@@H]1C[C@H]1c1nc(-c2ccccc2)c(-c2cc(C(F)(F)F)cc(C(F)(F)F)c2)o1
CHEMBL5783108,RXRalpha,8.100,,1,0,Active,exact,Fc1ccc(-n2cc(COc3nccc(N4CCCC4)n3)nn2)cc1OC(F)F
CHEMBL144058,RXRalpha,5.290,,1,0,,exact,CC1(C)CCC(C)(C)c2cc(-c3cc(C(=O)O)no3)ccc21
CHEMBL3319093,RXRalpha,5.960,,2,0,,exact,Cc1cc(=O)oc2c(/C=N/NC(=O)CSc3nc4ccccc4s3)c(O)ccc12
CHEMBL151672,RXRalpha,,5.000,0,1,,censored,CC1=C(C#Cc2ccc3cc(C(=O)O)ccc3c2)C(C)(C)CCC1
CHEMBL1624,RXRalpha,5.420,,2,0,,exact,N[C@@H](Cc1cc(I)c(Oc2cc(I)c(O)c(I)c2)c(I)c1)C(=O)O
CHEMBL5845296,RXRalpha,6.460,,1,0,Active,exact,Cc1nc(OCc2cn(-c3ccc4c(c3)OC(F)(F)O4)nn2)ncc1F
CHEMBL6049445,RXRalpha,5.900,,1,0,,exact,Cc1cccc(-n2cc(COc3ncc(Cl)cn3)nn2)c1F
CHEMBL6010622,RXRalpha,8.150,,1,0,Active,exact,Cc1cnc(OCc2cn(-c3cccc(C(F)(F)F)c3)nn2)nc1C
CHEMBL5928951,RXRalpha,7.960,,1,0,Active,exact,FCCCc1cnc(OCc2cn(-c3ccc(Cl)c(C(F)F)c3)nn2)nc1
CHEMBL5917515,RXRalpha,6.070,,1,0,Active,exact,FC(F)Oc1ccc(-n2cc(COc3ncccn3)nn2)cc1
CHEMBL5860887,RXRalpha,7.320,,1,0,Active,exact,Cc1cnc(OCc2cn(-c3ccc(F)c(F)c3)nn2)nc1
CHEMBL5093229,RXRalpha,6.725,,4,0,Active,exact,CCCCCCOc1cc2c(cc1-n1c(C(F)(F)F)nc3cc(C(=O)O)ccc31)C(C)(C)CCC2(C)C
CHEMBL5412916,RXRalpha,5.620,,1,0,,exact,Cc1ccc(OCc2ccc(CC(=O)O)cc2)c2c1CCC2
CHEMBL424636,RXRalpha,6.510,,2,0,Active,exact,C/C(=C\c1ccc(C(=O)O)cc1)c1cc2c(cc1C(C)C)C(C)(C)CCC2(C)C
CHEMBL4586350,RXRalpha,4.770,,1,0,Inactive,exact,O=C(O)c1ccc(COc2cccc(Cl)c2)cc1
CHEMBL333032,RXRalpha,,6.699,0,1,,censored,CC1=C(C(C)C)/C(=C/C(C)=C/C=C/C(C)=C/C(=O)O)CCC1
CHEMBL308377,RXRalpha,7.220,,2,0,Active,exact,CC(/C=C/[C@H]1C[C@@]1(C)c1ccc2c(c1)C(C)(C)CCC2(C)C)=C\C(=O)O
CHEMBL5995766,RXRalpha,7.770,,1,0,Active,exact,CC(C)(O)c1cnc(OCc2cn(-c3ccc(F)c(C(F)F)c3)nn2)nc1
CHEMBL5883962,RXRalpha,7.290,,1,0,Active,exact,CCc1cnc(OCc2cn(-c3ccc(OC(F)F)cc3)nn2)nc1
CHEMBL5612265,RXRalpha,5.360,,1,0,,exact,CCOc1ccc(-c2ccc(CC(=O)O)cc2)cc1C(F)(F)F
CHEMBL400380,RXRalpha,5.920,,1,0,,exact,CCN1C(=O)CC(C)(C)c2cc(C)c(-c3ccc(/C=C/C(=O)O)s3)cc21
CHEMBL2398772,RXRalpha,7.710,,1,0,Active,exact,C=C(c1ccc(C(=O)NO)cc1)c1cc2c(cc1C)C(C)(C)CCC2(C)C
CHEMBL5848630,RXRalpha,7.400,,1,0,Active,exact,Cc1cnc(OCc2cn(-c3cccc(OC(F)(F)F)c3)nn2)nc1N
CHEMBL3098771,RXRalpha,6.320,,8,0,Active,exact,CC(=C/C=C/C(C)=C/C(=O)O)/C=C1\CCCc2ccccc21
CHEMBL366112,RXRalpha,8.220,,1,0,Active,exact,CCCOc1cc2c(cc1C(=C1CC1)c1ccc(C(=O)O)cn1)C(C)(C)CCC2(C)C
CHEMBL2322955,RXRalpha,5.040,,1,0,,exact,CNCCCn1c2c(c3ccccc3c1=O)C(=O)c1ccccc1-2
CHEMBL131122,RXRalpha,7.070,,1,0,Active,exact,CCCOc1c(/C(C)=C\C=C\C(C)=C\C(=O)O)cc(C(C)C)cc1C(F)(F)C(F)(F)F
CHEMBL4527491,RXRalpha,,4.523,0,1,Inactive,censored,O=C(O)c1ccc(OCc2ccc3c(c2)CCC3)cc1
CHEMBL130231,RXRalpha,7.540,,1,0,Active,exact,CCC(C)(C)c1cc(/C(C)=C(F)\C=C\C(C)=C\C(=O)O)c(OCC(F)F)c(C(C)(C)CC)c1
CHEMBL5818693,RXRalpha,5.850,,1,0,,exact,CC(N)c1ccnc(OCc2cn(-c3ccc(F)c(CC(F)F)c3)nn2)n1
CHEMBL6059128,RXRalpha,8.400,,1,0,Active,exact,Cc1ccnc(OCc2cn(-c3ccc(Cl)c(C(F)F)c3)nn2)n1
CHEMBL2111534,RXRalpha,,6.000,0,2,,censored,CC(=C/C(=O)O)/C=C/C1CC1(C)c1cc2c(cc1C)C(C)(C)CCC2(C)C
CHEMBL162876,RXRalpha,,6.000,0,1,,censored,Cc1cc2c(cc1/C(=N/OCCN)c1ccc(C(=O)O)cc1)C(C)(C)CCC2(C)C
CHEMBL6055731,RXRalpha,,5.000,0,1,,censored,C/C=C/c1c(Nc2ccc(C(=O)O)cc2)nc(-c2ccc(Cl)cc2)nc1C(F)(F)F
CHEMBL4451817,RXRalpha,7.100,,1,0,Active,exact,O=C(O)Cc1ccc(-c2cc(C(F)(F)F)cc(C(F)(F)F)c2)cc1
CHEMBL246823,RXRalpha,7.410,,1,0,Active,exact,CCN1C(=O)CC(C)(C)c2cc(C)c(-c3cc(/C=C\C(=O)O)ccc3OC(F)(F)F)cc21
CHEMBL4173918,RXRalpha,5.040,,1,0,,exact,Cc1c2c(n(-c3ccc(CCCC(=O)O)cc3)c1C)CCC(F)(F)C2
CHEMBL1545045,RXRalpha,4.570,,3,0,Inactive,exact,CC1=C2[C@H](/C=C(\C)C(=O)O)CC[C@@H](C)[C@H]2CC1
CHEMBL246824,RXRalpha,7.720,,1,0,Active,exact,CCN1C(=O)CC(C)(C)c2cc(C)c(-c3cc(C4CC4C(=O)O)ccc3OC(F)(F)F)cc21
CHEMBL5882632,RXRalpha,7.620,,1,0,Active,exact,Cc1cc(C)nc(OCc2cn(-c3ccc(Cl)c(C(C)(F)F)c3)nn2)n1
CHEMBL101212,RXRalpha,7.050,,2,0,Active,exact,C=C(c1ccc(C(=O)O)cc1)c1cc2c(cc1OC)C(C)(C)CCC2(C)C
CHEMBL5778250,RXRalpha,6.370,,1,0,Active,exact,Cc1ccc(-n2cc(COc3ncc(C(C)(C)O)cn3)nn2)cc1OC(F)F
CHEMBL5990174,RXRalpha,7.050,,1,0,Active,exact,COc1cnc(OCc2cn(-c3ccc(Cl)c(OCCF)c3)nn2)nc1
CHEMBL5970366,RXRalpha,6.050,,1,0,Active,exact,C=CCc1c(N(C)c2ccc(C(=O)O)cc2)nc(-c2ccccc2)nc1C(F)(F)F
CHEMBL6056336,RXRalpha,5.250,,1,0,,exact,Cc1cnc(OCc2cn(-c3ccccc3C)nn2)nc1
CHEMBL6013572,RXRalpha,6.870,,1,0,Active,exact,Cc1ccnc(OCc2cn(-c3cccc(C(F)F)c3)nn2)n1
CHEMBL5574203,RXRalpha,7.720,,1,0,Active,exact,O=C(O)CCOc1nc(Cl)cc(N2CCCc3ccc(Cl)cc32)n1
CHEMBL6049328,RXRalpha,6.190,,1,0,Active,exact,Cc1cccc(-n2cc(COc3ncccn3)nn2)c1
CHEMBL5800286,RXRalpha,6.410,,1,0,Active,exact,Fc1cccc(-n2cc(COc3ncc(Cl)cn3)nn2)c1
CHEMBL459521,RXRalpha,5.820,,1,0,,exact,O=C(O)CSc1nc(Cl)cc(Nc2cccc3c2CCC3)n1
CHEMBL5744805,RXRalpha,5.390,,1,0,,exact,Fc1cnc(OCc2cn(-c3cccc(Cl)c3F)nn2)nc1
CHEMBL5824795,RXRalpha,9.000,,1,0,Active,exact,Cc1cnc(OCc2cn(-c3ccc(F)c(C(F)F)c3)nn2)nc1
CHEMBL5925304,RXRalpha,7.520,,1,0,Active,exact,COc1cnc(NCc2cn(-c3ccc(Cl)c(C(F)F)c3)nn2)nc1
CHEMBL97910,RXRalpha,6.500,,2,0,Active,exact,CCc1cc2c(cc1C(=O)c1ccc(C(=O)O)cc1)C(C)(C)CCC2(C)C
CHEMBL429821,RXRalpha,5.680,,2,0,,exact,CCCN1c2ccc(C#N)cc2N=C(c2ccc(C(=O)O)cc2)c2cc3c(cc21)C(C)(C)CCC3(C)C
CHEMBL436628,RXRalpha,5.980,,2,0,,exact,COc1ccc(CS(=O)(=O)c2ccc3c(c2)N=C(c2ccc(C(=O)O)cc2)c2cc4c(cc2N3C)C(C)(C)CCC4(C)C)cc1
CHEMBL5886425,RXRalpha,6.830,,1,0,Active,exact,Cc1cnc(NCc2cn(-c3ccc(F)c(C)c3)nn2)nc1
CHEMBL4863720,RXRalpha,4.770,,1,0,Inactive,exact,Cc1ccccc1-c1oc(CCC(=O)O)nc1-c1ccccc1
CHEMBL5897943,RXRalpha,6.800,,1,0,Active,exact,CNc1nc(OCc2cn(-c3cccc(C(C)(F)F)c3)nn2)ncc1F
CHEMBL2372524,RXRalpha,7.395,,2,0,Active,exact,C[C@H](NC(=O)[C@H](Cc1ccccc1)NP(=O)(O)O)C(=O)NCC(N)=O
CHEMBL90113,RXRalpha,6.660,,1,0,Active,exact,C=C(/C=C/C=C/C(=O)O)c1cc(C(C)(C)C)cc2c1CCC2(C)C
CHEMBL6052965,RXRalpha,8.150,,1,0,Active,exact,CN(C)c1ccnc(OCc2cn(-c3ccc(Cl)c(C(F)F)c3)nn2)n1
CHEMBL6001748,RXRalpha,7.370,,1,0,Active,exact,CCOCc1ccnc(OCc2cn(-c3ccc(F)c(OC(F)F)c3)nn2)n1
CHEMBL6016817,RXRalpha,6.000,,1,0,Active,exact,Cc1cnc(OCc2cn(-c3cc(C)ccc3F)nn2)nc1
CHEMBL3718230,RXRalpha,5.570,,1,0,,exact,CCCCOC(c1ccc(C(=O)O)cc1)c1cc2c(cc1OCC)C(C)(C)CCC2(C)C
CHEMBL247000,RXRalpha,7.420,,1,0,Active,exact,CCN1C(=O)CC(C)(C)c2cc(C)c(-c3cc(C(C)CC(=O)O)ccc3OC(F)(F)F)cc21
CHEMBL423503,RXRalpha,8.520,,1,0,Active,exact,C/C(=C/C=C/C(C)=C/C(=O)O)c1cc(C(C)C)cc(C(C)C)c1OCC(F)(F)F
CHEMBL151870,RXRalpha,5.000,,1,0,,exact,CC1=C(/C=C/C#Cc2ccc(C(=O)O)cc2)C(C)(C)CCC1
CHEMBL3716703,RXRalpha,5.520,,1,0,,exact,CCOc1cc2c(cc1C(=O)c1ccc(C(=O)O)cc1)C(C)(C)CCO2
CHEMBL109581,RXRalpha,8.400,,2,0,Active,exact,CCCOc1cc2c(cc1/C(C)=C\C=C\C(C)=C\C(=O)O)C(C)(C)CCC2(C)C
CHEMBL5572148,RXRalpha,5.300,,1,0,,exact,O=C(O)CCOc1nc(Cl)cc(N2CCc3ccccc32)n1
CHEMBL3780763,RXRalpha,7.750,,2,0,Active,exact,CC1(C)CCC(C)(C)c2cc3c(cc21)O[C@@H]1CCCC[C@]31c1ccc(C(=O)O)cc1
CHEMBL6005400,RXRalpha,5.950,,1,0,,exact,Cc1cnc(OCc2cn(-c3ccc(OC(F)(F)F)cc3)nn2)nc1
CHEMBL90824,RXRalpha,9.000,,1,0,Active,exact,COc1c(/C(C)=C\C=C\C(C)=C\C(=O)O)cc(C(C)C)cc1C(C)C
CHEMBL6056265,RXRalpha,9.000,,1,0,Active,exact,Cc1cnc(OCc2cn(-c3ccc(F)c(C)c3)nn2)nc1
CHEMBL397511,RXRalpha,6.180,,2,0,Active,exact,CN1c2ccc(S(=O)(=O)Nc3ccc(OC(F)(F)F)cc3)cc2N=C(c2ccc(C(=O)O)cc2)c2cc3c(cc21)C(C)(C)CCC3(C)C
CHEMBL5799839,RXRalpha,6.910,,1,0,Active,exact,CNc1nc(OCc2cn(-c3ccc(F)c(C(F)F)c3)nn2)ncc1F
CHEMBL5883513,RXRalpha,5.010,,1,0,,exact,Fc1ccc(-n2cc(COc3nccc(-c4ccccc4)n3)nn2)cc1OC(F)F
CHEMBL5945717,RXRalpha,7.420,,1,0,Active,exact,Cc1cccc(OCc2cn(-c3ccc(F)c(C(F)F)c3)nn2)n1
CHEMBL5740403,RXRalpha,6.270,,1,0,Active,exact,FC(F)(F)Oc1cccc(-n2cc(COc3ncccn3)nn2)c1
CHEMBL105979,RXRalpha,6.645,,2,0,Active,exact,Cc1cc2c(cc1C(C)c1ccc(C(=O)O)cc1)C(C)(C)CCC2(C)C
CHEMBL4284470,RXRalpha,4.920,,1,0,Inactive,exact,Cc1ccc(-n2c(COc3cccc4ccccc34)nnc2SCCC(=O)O)cc1
CHEMBL89581,RXRalpha,8.020,,2,0,Active,exact,CC(/C=C/CC1(c2cc(C(C)(C)C)cc(C(C)(C)C)c2)CC1)=C\C(=O)O
CHEMBL5921429,RXRalpha,8.050,,1,0,Active,exact,CC(F)(F)c1cc(-n2cc(COc3ncc(Br)cn3)nn2)ccc1F
CHEMBL6014261,RXRalpha,7.290,,1,0,Active,exact,Cc1cc(-n2cc(CNc3ncc(Cl)c(C)n3)nn2)ccc1F
CHEMBL5958626,RXRalpha,9.000,,1,0,Active,exact,CCc1cnc(OCc2cn(-c3ccc(F)c(Br)c3)nn2)nc1
CHEMBL5571724,RXRalpha,6.300,,1,0,Active,exact,CN(c1cc(Cl)nc(OCCC(=O)O)n1)c1ccc(Cl)c2c1CCC2
CHEMBL2337789,RXRalpha,5.510,,1,0,,exact,CCOc1ccc2c(c1)C(CC(=O)O)=C(C)/C2=C/c1ccc(C(C)C)cc1
CHEMBL5949165,RXRalpha,6.000,,1,0,Active,exact,Cc1nc(-c2ccccc2)nc(Oc2ccc(C(=O)O)cc2)c1C(C)C
CHEMBL288436,RXRalpha,8.145,,6,0,Active,exact,Cc1cc2c(cc1C1(c3ccc(C(=O)O)cn3)CC1)C(C)(C)CCC2(C)C
CHEMBL390901,RXRalpha,5.340,,1,0,,exact,CC(=O)c1ccc2c(c1)N=C(c1ccc(C(=O)O)cc1F)c1cc3c(cc1N2C)C(C)(C)CCC3(C)C
CHEMBL130317,RXRalpha,8.520,,1,0,Active,exact,C/C(=C/C=C/C(C)=C/C(=O)O)c1cc(-c2ccco2)cc(C(C)C)c1OCC(F)F
CHEMBL5855084,RXRalpha,8.400,,1,0,Active,exact,Cc1cnc(OCc2cn(-c3ccc(Cl)c(C(F)F)c3)nn2)nc1N
CHEMBL5779287,RXRalpha,7.920,,1,0,Active,exact,COc1cnc(OCc2cn(-c3ccc(Cl)c(OC)c3)nn2)nc1
CHEMBL96829,RXRalpha,6.230,,1,0,Active,exact,C/C(=C\c1ccc(C(=O)O)o1)c1cc2c(cc1C)C(C)(C)CCC2(C)C
CHEMBL64222,RXRalpha,6.800,,1,0,Active,exact,CC1(C)CCC(C)(C)c2cc(C3CCCc4oc(/C=C/C(=O)O)nc43)ccc21
CHEMBL92447,RXRalpha,8.800,,1,0,Active,exact,CCCOc1c(-c2c[nH]c3ccc(/C(C)=C/C(=O)O)cc23)cc(C(C)(C)C)cc1C(C)(C)C
CHEMBL248236,RXRalpha,7.340,,1,0,Active,exact,Cc1cc2c(cc1-c1cc(CCC(=O)O)ccc1OC(F)(F)F)N(C)C(=O)CC2(C)C
CHEMBL5914325,RXRalpha,8.300,,1,0,Active,exact,Fc1ccc(-n2cc(COc3ncc(C4CC4)cn3)nn2)cc1C(F)F
CHEMBL5815442,RXRalpha,6.700,,1,0,Active,exact,Cc1c(F)ccc(-n2cc(COc3ncc(C(F)(F)F)cn3)nn2)c1F
CHEMBL5932098,RXRalpha,5.600,,1,0,,exact,Cc1nc(-c2ccccc2)nc2c1cc(C)n2-c1ccc(C(=O)O)cc1
CHEMBL6174257,RXRalpha,4.540,,1,0,Inactive,exact,C=CC(=O)Oc1ccc(NC(=O)c2ccc(OC(C)C)cc2)cc1
CHEMBL87147,RXRalpha,5.550,,1,0,,exact,C/C(=C/c1ccc2c(c1)C(C)(C)CCS2)c1ccc(C(=O)O)cc1
CHEMBL6041138,RXRalpha,7.680,,1,0,Active,exact,CC(F)(F)c1cc(-n2cc(COc3ncc(CO)cn3)nn2)ccc1F
CHEMBL5827539,RXRalpha,7.040,,1,0,Active,exact,CNc1nc(OCc2cn(-c3ccc(F)c(OC(F)F)c3)nn2)ncc1F
CHEMBL5575461,RXRalpha,4.770,,1,0,Inactive,exact,CN(c1ccc(Cl)cc1)c1cc(Cl)nc(OCCC(=O)O)n1
CHEMBL1181674,RXRalpha,4.800,,1,0,Inactive,exact,NCCn1c2c(c3ccccc3c1=O)C(=O)c1ccccc1-2
CHEMBL4867317,RXRalpha,5.110,,1,0,,exact,N#Cc1ccc(-n2nc(CCC(=O)O)cc2-c2cc(Cl)cc(Cl)c2)cc1
CHEMBL398163,RXRalpha,6.205,,2,0,Active,exact,CCN1c2ccc(C#N)cc2N=C(c2ccc(C(=O)O)c(F)c2)c2cc3c(cc21)C(C)(C)CCC3(C)C
CHEMBL5846808,RXRalpha,6.230,,2,0,Active,exact,Fc1cnc(OCc2cn(-c3ccc(F)c(F)c3)nn2)nc1
CHEMBL432587,RXRalpha,6.340,,1,1,Active,exact,Cc1cc2c(cc1Cc1ccc(C(=O)O)cc1)C(C)(C)CCC2(C)C
CHEMBL5428009,RXRalpha,,4.699,0,1,Inactive,censored,C[C@H]1CCCCN1c1cc(-c2ccccc2O)nnc1N
CHEMBL5991812,RXRalpha,8.100,,1,0,Active,exact,OCc1ccnc(OCc2cn(-c3ccc(Cl)c(OC(F)F)c3)nn2)n1
CHEMBL2337793,RXRalpha,5.620,,2,0,,exact,CC1=C(CC(=O)O)c2cc(F)ccc2/C1=C\c1ccc(C(C)C)cc1
CHEMBL93848,RXRalpha,7.040,,1,0,Active,exact,CC(/C=C/C1(c2ccc3c(c2)C(C)(C)CCC3(C)C)CCCC1)=C\C(=O)O
CHEMBL101302,RXRalpha,6.860,,1,1,Active,exact,C=C(c1ccc(C(=O)O)cc1)c1cc2c(cc1CCC)C(C)(C)CCC2(C)C
CHEMBL62258,RXRalpha,6.800,,1,0,Active,exact,Cc1oc(/C=C/C(=O)O)cc1Cc1ccc2c(c1)C(C)(C)CCC2(C)C
CHEMBL6036001,RXRalpha,7.580,,1,0,Active,exact,Cc1ccc(OCc2cn(-c3ccc(F)c(OC(F)F)c3)nn2)nc1
CHEMBL4163622,RXRalpha,5.100,,1,0,,exact,CC(C)=C(C)c1ccc(-c2cnc(CCC(=O)O)o2)cc1
CHEMBL5864579,RXRalpha,6.430,,1,0,Active,exact,Fc1ccc(-n2cc(COc3ncc(Cl)cn3)nn2)cc1
CHEMBL6050941,RXRalpha,6.700,,1,0,Active,exact,COCc1ccnc(OCc2cn(-c3cccc(OC(F)(F)F)c3)nn2)n1
CHEMBL6042130,RXRalpha,7.890,,1,0,Active,exact,FC(F)c1cc(-n2cc(COc3ncc(C4CC4)cn3)nn2)ccc1Cl
CHEMBL6027755,RXRalpha,6.580,,1,0,Active,exact,CCc1cnc(OCc2cn(-c3ccnc(Br)c3)nn2)nc1
CHEMBL5861981,RXRalpha,7.890,,1,0,Active,exact,Cc1nc(OCc2cn(-c3ccc(F)c(C(F)(F)F)c3)nn2)ncc1Cl
CHEMBL5846449,RXRalpha,8.100,,1,0,Active,exact,CN(C)c1ccnc(OCc2cn(-c3ccc(F)c(C(F)F)c3)nn2)n1
CHEMBL4546707,RXRalpha,6.560,,1,0,Active,exact,Cc1cc2c(cc1-n1nnc3cc(C(=O)O)cnc31)C(C)(C)CCC2(C)C
CHEMBL294346,RXRalpha,7.700,,1,0,Active,exact,COc1cc2c(cc1C1CCCc3oc(/C=C/C(=O)O)cc31)C(C)(C)CCC2(C)C
CHEMBL5818633,RXRalpha,7.770,,1,0,Active,exact,Cc1cnc(OCc2cn(-c3cccc(OC(F)(F)F)c3)nn2)nc1
CHEMBL109117,RXRalpha,7.940,,2,0,Active,exact,C=C(c1ccc(C(=O)O)cn1)c1cc2c(cc1C)C(C)(C)CCC2(C)C
CHEMBL5803810,RXRalpha,7.060,,1,0,Active,exact,CC(F)(F)c1cc(-n2cc(COc3ncc(N4CCOCC4)cn3)nn2)ccc1F
CHEMBL3622723,RXRalpha,7.590,,2,0,Active,exact,CC(=C/C=C/C(C)=C/C(=O)O)/C=C1\CCCC(C2CC2)=C1CCC(C)C
CHEMBL5744268,RXRalpha,8.520,,1,0,Active,exact,Fc1ccc(-n2cc(COc3ncc(Cl)cn3)nn2)cc1Br
CHEMBL5845538,RXRalpha,6.700,,1,0,Active,exact,CC(F)(F)c1cc(-n2cc(COc3ncc(S(C)(=O)=O)cn3)nn2)ccc1F
CHEMBL5780239,RXRalpha,7.190,,1,0,Active,exact,COc1ncccc1OCc1cn(-c2ccc(Cl)c(OC(F)F)c2)nn1
CHEMBL5799787,RXRalpha,7.660,,1,0,Active,exact,Cc1cccc(OCc2cn(-c3ccc(F)c(OC(F)F)c3)nn2)n1
CHEMBL4536425,RXRalpha,,4.523,0,1,Inactive,censored,O=C(O)c1ccc(CNc2ccc3c(c2)CCC3)cc1
CHEMBL2110181,RXRalpha,6.410,,1,0,Active,exact,CO/N=C(/c1ccc(C(=O)O)cc1)c1cc2c(cc1C)C(C)(C)CCC2(C)C
CHEMBL427694,RXRalpha,6.555,,2,0,Active,exact,CCCCNS(=O)(=O)c1ccc2c(c1)N=C(c1ccc(C(=O)O)cc1)c1cc3c(cc1N2C)C(C)(C)CCC3(C)C
CHEMBL4476449,RXRalpha,6.680,,1,0,Active,exact,Cc1cc(-c2cc(C(F)(F)F)cc(C(F)(F)F)c2)ccc1CC(=O)O
CHEMBL5896881,RXRalpha,8.000,,1,0,Active,exact,Cc1nc(OCc2cn(-c3ccc(F)c(C(C)(F)F)c3)nn2)ncc1Cl
CHEMBL430651,RXRalpha,8.800,,1,0,Active,exact,C/C(=C\C(=O)O)c1ccc2[nH]cc(-c3cc(C(C)(C)C)cc(C(C)(C)C)c3OCC(F)F)c2c1
CHEMBL5935791,RXRalpha,4.760,,1,0,Inactive,exact,Fc1cnc(OCc2cn(-c3cccc(F)c3F)nn2)nc1
CHEMBL5761775,RXRalpha,7.570,,1,0,Active,exact,Cc1cnc(OCc2cn(-c3ccc(F)c(C)c3F)nn2)nc1
CHEMBL6063606,RXRalpha,7.140,,1,0,Active,exact,Cc1cnc(OCc2cn(-c3ccc4c(c3)OC(F)(F)O4)nn2)nc1
CHEMBL92050,RXRalpha,7.950,,2,0,Active,exact,CCOc1c(/C(C)=C\C=C\C(C)=C\C(=O)O)cc(C(C)(C)C)cc1C(C)(C)C
CHEMBL6052771,RXRalpha,7.580,,1,0,Active,exact,CCc1cnc(NCc2cn(-c3ccc(F)c(C(F)F)c3)nn2)nc1
CHEMBL5928453,RXRalpha,6.890,,1,0,Active,exact,Cc1cnc(OCc2cn(-c3cccc(C(F)F)c3)nn2)nc1N(C)C
CHEMBL5436895,RXRalpha,7.460,,1,0,Active,exact,O=C(O)/C=C/c1nc(-c2ccccc2)c(-c2cc(C(F)(F)F)cc(C(F)(F)F)c2)o1
CHEMBL395962,RXRalpha,5.500,,2,0,,exact,CCN1c2ccc(C(C)=O)cc2N=C(c2ccc(C(=O)O)cc2F)c2cc3c(cc21)C(C)(C)CCC3(C)C
CHEMBL6001044,RXRalpha,6.180,,1,0,Active,exact,CC(C)(O)c1cnc(NCc2cn(-c3ccc(F)c(C(F)F)c3)nn2)nc1
CHEMBL4174952,RXRalpha,4.630,,1,0,Inactive,exact,Cc1ccc(-n2c(C)c(C)c3c2CCC(F)(F)C3)cc1O
CHEMBL5741146,RXRalpha,6.560,,1,0,Active,exact,COc1cnc(OCc2cn(-c3cccc(F)c3)nn2)nc1
CHEMBL6001908,RXRalpha,5.340,,1,0,,exact,FC(F)c1cc(-n2cc(COc3ncccn3)nn2)ccc1N1CCC1
CHEMBL5900189,RXRalpha,7.130,,1,0,Active,exact,Fc1ccc(-n2cc(CNc3ncc(Cl)cn3)nn2)cc1C(F)F
CHEMBL115097,RXRalpha,6.225,,4,0,Active,exact,CCCCCCOc1cc2c(cc1N(C)c1ncc(C(=O)O)cn1)C(C)(C)CCC2(C)C
CHEMBL5567943,RXRalpha,5.400,,1,0,,exact,Cc1cccc(C)c1-c1nc(CCC(=O)O)oc1-c1ccccc1
CHEMBL5743327,RXRalpha,6.880,,1,0,Active,exact,CC(C)(O)c1cnc(OCc2cn(-c3ccc(F)c(C4CC4)c3)nn2)nc1
CHEMBL5835334,RXRalpha,8.520,,1,0,Active,exact,COc1cnc(OCc2cn(-c3cccc(C(C)(F)F)c3)nn2)nc1
CHEMBL4777069,RXRalpha,6.370,,5,0,Active,exact,CCOCCOc1cc2c(cc1-n1c(C(F)(F)F)nc3cc(C(=O)O)ccc31)C(C)(C)CCC2(C)C
CHEMBL5840318,RXRalpha,8.150,,1,0,Active,exact,Cc1ccnc(OCc2cn(-c3ccc(F)c(C(C)(F)F)c3)nn2)n1
CHEMBL2312904,RXRalpha,,4.684,0,1,Inactive,censored,CN(C)CCCn1c2c(c3ccc(C#N)cc3c1=O)C(=O)c1ccccc1-2
CHEMBL5933468,RXRalpha,6.580,,1,0,Active,exact,CC(F)(F)c1cc(-n2cc(COc3ncccc3F)nn2)ccc1F
CHEMBL4465004,RXRalpha,5.010,,1,0,,exact,Cc1cccc(N(c2cc(Cl)nc(SCC(=O)O)n2)C(C)C)c1C
CHEMBL2146901,RXRalpha,6.570,,5,0,Active,exact,Cc1cc2c(cc1-n1nnc3cc(C(=O)O)ccc31)C(C)(C)CCC2(C)C
CHEMBL5788908,RXRalpha,5.730,,1,0,,exact,Cn1ccnc1NCc1cn(-c2ccc(F)c(OC(F)F)c2)nn1
CHEMBL512164,RXRalpha,4.580,,1,0,Inactive,exact,C=C[C@@]1(C)CC[C@H]2C(=CC[C@@H]3[C@]2(C)CCC[C@@]3(C)C(=O)O)C1
CHEMBL333698,RXRalpha,5.100,,1,0,,exact,O=C(O)CCCc1nc(-c2ccccc2)c(-c2ccccc2)o1
CHEMBL5951421,RXRalpha,,5.000,0,1,,censored,CC(C)(O)c1cnc(OCc2cn(-c3cccc(F)c3F)nn2)nc1
CHEMBL24966,RXRalpha,6.935,,2,0,Active,exact,CC(C)=C(c1ccc(C(=O)O)cc1)c1ccc2c(c1)C(C)(C)CCC2(C)C
CHEMBL5855925,RXRalpha,5.460,,1,0,,exact,Fc1cccc(-n2cc(COc3ncccn3)nn2)c1F
CHEMBL5745636,RXRalpha,7.850,,1,0,Active,exact,Cc1cnc(OCc2cn(-c3cccc(C)c3)nn2)nc1
CHEMBL46398,RXRalpha,,6.699,0,2,,censored,CCC1=C(C(C)C)/C(=C/C(C)=C/C=C/C(C)=C/C(=O)O)CCC1
CHEMBL5612537,RXRalpha,6.280,,1,0,Active,exact,COc1cc(-c2ccc(CC(=O)O)cc2)cc(C(F)(F)F)c1
CHEMBL5564922,RXRalpha,6.960,,1,0,Active,exact,CC1CCN(c2cc(Cl)nc(OCCC(=O)O)n2)c2cc(Cl)ccc21
CHEMBL41146,RXRalpha,8.520,,1,0,Active,exact,C/C(=C\C(=O)O)c1cc2c(-c3cc(C(C)(C)C)cc(C(C)(C)C)c3OCCCF)cccc2s1
CHEMBL337859,RXRalpha,6.050,,1,0,Active,exact,CC1(C)CCC(C)(C)c2cc3c(cc21)Sc1ccccc1N=C3c1ccc(C(=O)O)cc1
CHEMBL420249,RXRalpha,7.850,,1,0,Active,exact,CCCOc1c(/C(C)=C\C=C\C(C)=C\C(=O)O)cc(C(C)(C)C)cc1C(C)(C)C
CHEMBL247005,RXRalpha,8.740,,1,0,Active,exact,Cc1cc2c(cc1-c1cc(/C=C/C(=O)O)ccc1OC(F)(F)F)N(CC(F)(F)F)C(=O)CC2(C)C
CHEMBL3622719,RXRalpha,7.785,,2,0,Active,exact,CC(=C/C=C/C(C)=C/C(=O)O)/C=C1\CCCCc2ccccc21
CHEMBL5924093,RXRalpha,8.260,,2,0,Active,exact,Cc1cnc(OCc2cn(-c3ccc(Cl)c(C(F)F)c3)nn2)nc1
CHEMBL5870103,RXRalpha,6.030,,1,0,Active,exact,Cc1cnc(OCc2cn(-c3cncc(C)c3)nn2)nc1
CHEMBL5876357,RXRalpha,7.140,,1,0,Active,exact,Fc1cnc(OCc2cn(-c3ccc(F)c(C(F)(F)F)c3)nn2)nc1
CHEMBL6061436,RXRalpha,7.390,,1,0,Active,exact,Fc1ccc(-n2cc(COc3nccc(N4CC(F)(F)C4)n3)nn2)cc1OC(F)F
CHEMBL5974617,RXRalpha,8.000,,1,0,Active,exact,Fc1ccc(-n2cc(COc3ncc(N4CC(F)C4)cn3)nn2)cc1C(F)F
CHEMBL5982663,RXRalpha,4.980,,1,0,Inactive,exact,Cc1cnc(OCc2cn(-c3cc(F)ccc3F)nn2)nc1
CHEMBL5956178,RXRalpha,7.820,,1,0,Active,exact,CCc1cnc(OCc2cn(-c3ccc(F)c(C(C)(F)F)c3)nn2)nc1
CHEMBL4174856,RXRalpha,,5.000,0,2,,censored,CN1CC[C@@H](N2C(=O)S/C(=C\c3ccc4c(cnn4Cc4ccc(Cl)cc4C(F)(F)F)c3)C2=O)[C@H](F)C1
CHEMBL5858115,RXRalpha,7.500,,1,0,Active,exact,CC(F)(F)c1cc(-n2cc(COc3ncc(F)cn3)nn2)ccc1F
CHEMBL5575385,RXRalpha,6.250,,1,0,Active,exact,CN(c1cccc(Cl)c1)c1cc(Cl)nc(OCCC(=O)O)n1
CHEMBL5562624,RXRalpha,4.500,,1,0,Inactive,exact,CN(c1ccc(F)cc1)c1cc(Cl)nc(OCCC(=O)O)n1
CHEMBL247836,RXRalpha,7.610,,1,0,Active,exact,Cc1cc2c(cc1-c1cc(/C=C/C(=O)O)ccc1OC(F)(F)F)N(C)C(=O)CC2(C)C
CHEMBL5936780,RXRalpha,7.160,,1,0,Active,exact,Fc1c(-n2cc(COc3ncc(Cl)cn3)nn2)cccc1C(F)(F)F
CHEMBL4441032,RXRalpha,4.570,,1,0,Inactive,exact,O=C(O)c1ccc(OCc2cccc(Cl)c2)cc1
CHEMBL5866621,RXRalpha,7.510,,1,0,Active,exact,FC(F)Oc1cnc(OCc2cn(-c3cccc(C(F)F)c3)nn2)nc1
CHEMBL208529,RXRalpha,6.920,,1,0,Active,exact,CC(/C=C/CN(Cc1ccccc1)c1cc(C(C)(C)C)cc(C(C)(C)C)c1)=C\C(=O)O
