chembl_id,receptor,pchembl_median,pchembl_upper_bound,n_exact,n_censored,label,kind,smiles
CHEMBL4850003,AR,6.375,,2,0,Active,exact,CN1CCC(Oc2ncc(N3C(=S)N(c4cnc(C#N)c(C(F)(F)F)c4)C(=O)C34CCC4)cn2)CC1
CHEMBL2159732,AR,5.600,,1,0,,exact,O=[N+]([O-])c1ccc(C2=NO[C@H]3CCC[C@@H]23)cc1C(F)(F)F
CHEMBL5205113,AR,,4.602,0,1,Inactive,censored,N#Cc1ccc(-n2ccc(CC(=O)Nc3ccncc3)n2)cc1C(F)(F)F
CHEMBL2159570,AR,6.890,,1,0,Active,exact,O=[N+]([O-])c1ccc(C2=NO[C@@H]3CCCC[C@H]23)c(C(F)(F)F)c1
CHEMBL1385514,AR,6.890,,1,0,Active,exact,CC(=O)OCC(=O)[C@@]1(O)CC[C@H]2[C@@H]3CCC4=CC(=O)C=C[C@]4(C)[C@@]3(Cl)[C@@H](Cl)C[C@@]21C
CHEMBL390577,AR,6.690,,1,0,Active,exact,O=c1cc(C(F)(F)F)c2cc3c(cc2[nH]1)OCCN3Cc1ccccc1
CHEMBL3818405,AR,7.200,,1,0,Active,exact,CC(O)(c1ccc(C#N)c(Cl)c1Cl)C(F)(F)F
CHEMBL3318062,AR,5.660,,2,0,,exact,Cc1ccc2cc(C(=O)N(Cc3ccc(C)o3)C(C)C)[nH]c2c1
CHEMBL246139,AR,6.140,,1,0,Active,exact,C/C=C\[C@]12CC[C@H](O)CC1=CC[C@H]1[C@@H]3CC[C@H](O)[C@@]3(C)CC[C@@H]12
CHEMBL156641,AR,6.340,,1,0,Active,exact,C[C@H]1c2cc3c(C(F)(F)F)cc(O)nc3cc2NC(C)(C)[C@H]1C
CHEMBL1934443,AR,8.055,,2,0,Active,exact,Cc1c(C#N)c(-c2ccc(C#N)cc2)c(C)n1Cc1cccnc1
CHEMBL227463,AR,7.240,,1,0,Active,exact,CCC1CN(C)c2cc3c(C(F)(F)F)cc(=O)[nH]c3cc2O1
CHEMBL3682516,AR,,5.000,0,1,,censored,OC1(C(F)(F)F)c2[nH]c3c(Cl)cc(F)cc3c2CCC1C(F)(F)F
CHEMBL5086603,AR,5.100,,1,0,,exact,CCS(=O)(=O)Nc1ccc(OCc2ccccc2)cc1
CHEMBL114607,AR,5.830,,1,0,,exact,CC1=CC(C)(C)Nc2ccc3c(c21)C(CCC(C)C)Oc1ccccc1-3
CHEMBL3132979,AR,5.520,,1,0,,exact,CC(C)C[C@H](NC(=O)[C@H](CS)NC(=O)[C@H](CC(N)=O)NC(=O)[C@H](CC1CCCCC1)NC(=O)[C@H](Cc1ccc(O)cc1)NC(=O)[C@@H](CS)NC(=O)[C@H](C)N)C(=O)N[C@@H](Cc1ccccc1)C(=O)N[C@@H](CCC(=O)O)C(=O)NCC(=O)N[C@@H](CC(N)=O)C(=O)N[C@@H](CC(=O)O)C(=O)N[C@@H](CCC(=O)O)C(=O)N[C@@H](CCC(=O)O)C(=O)N[C@H](C(=O)N[C@@H](CS)C(=O)N[C@@H](CCCCN)C(=O)N[C@@H](CCC(=O)O)C(=O)N[C@@H](Cc1c[nH]c2ccccc12)C(=O)N[C@@H](CS)C(=O)O)[C@@H](C)O
CHEMBL1085381,AR,5.200,,1,0,,exact,CC(C)CNS(=O)(=O)c1ccc(-c2ccc3c(cnn3-c3ccc(F)cc3)c2)c(C(F)(F)F)c1
CHEMBL3927163,AR,5.280,,1,0,,exact,O=S(=O)(Nc1ccc(Oc2ccccc2)cc1)c1cccc(C(F)(F)F)c1
CHEMBL629,AR,,4.523,0,1,Inactive,censored,CN(C)CCC=C1c2ccccc2CCc2ccccc21
CHEMBL2316544,AR,5.400,,1,0,,exact,Clc1ccc(OCCSc2nc3ccccc3[nH]2)cc1
CHEMBL5089532,AR,,4.301,0,1,Inactive,censored,CCn1cc(C(=O)Nc2ccc3c(C(F)(F)F)cc(=O)oc3c2)c(C)n1
CHEMBL389607,AR,8.350,,1,0,Active,exact,Cc1c(C#N)ccc(N2C(=O)[C@@H]3[C@H](O)CCN3C2=O)c1C
CHEMBL2103761,AR,,4.523,0,1,Inactive,censored,COC(=O)C1=C(C)NC(C)=C(C(=O)O[C@H]2CCN(Cc3ccccc3)C2)[C@H]1c1cccc([N+](=O)[O-])c1
CHEMBL1201139,AR,7.740,,1,0,Active,exact,CC(=O)O[C@]1(C(C)=O)CC[C@H]2[C@@H]3C=C(C)C4=CC(=O)CC[C@]4(C)[C@H]3CC[C@@]21C
CHEMBL2106889,AR,,4.523,0,1,Inactive,censored,CN1C(C(=O)Nc2ccccn2)=C(OC(=O)/C=C/c2ccccc2)c2ccccc2S1(=O)=O
CHEMBL5267254,AR,,5.301,0,1,,censored,Cc1c(O)c(O)c(C=O)c(CSCCC(C)C)c1-c1ccccc1
CHEMBL3960255,AR,7.090,,4,0,Active,exact,N#Cc1cccc2c(O[C@H]3CC[C@H](NC(=O)c4ccc(F)c(F)c4)CC3)ccnc12
CHEMBL4062016,AR,6.680,,2,0,Active,exact,Cn1c(C#N)ccc1-c1ccc(O)c(Cl)c1
CHEMBL5207694,AR,8.000,,1,0,Active,exact,Cc1cc(Cl)cc2c1OCC(=O)NC2C(=O)Nc1ccc([N+](=O)[O-])cc1
CHEMBL4752477,AR,6.175,,2,0,Active,exact,Cc1cn(C[C@](C)(O)C(=O)Nc2ccc(C#N)c(C(F)(F)F)c2)nc1Cl
CHEMBL2426124,AR,,5.301,0,1,,censored,CC(C)(CNC(=O)CC(F)(F)F)[C@@H](c1ccccc1)c1ccc2c(cnn2-c2ccc(F)cc2)c1
CHEMBL4443566,AR,6.850,,1,1,Active,exact,C[C@](O)(CN1CCc2ccccc21)C(=O)Nc1ccc(C#N)c(C(F)(F)F)c1
CHEMBL1934433,AR,7.050,,2,0,Active,exact,CCOC(=O)c1c(-c2ccc([N+](=O)[O-])cc2)c(C)n(S(=O)(=O)c2ccccc2)c1C
CHEMBL30,AR,,4.523,0,1,Inactive,censored,CN/C(=N\CCSCc1nc[nH]c1C)NC#N
CHEMBL1625607,AR,,4.523,0,1,Inactive,censored,CN1CCc2c(c3ccccc3n2Cc2ccccc2)C1
CHEMBL361245,AR,7.995,,2,0,Active,exact,CC(=O)O[C@]1(C(C)=O)CCC2C3C=C(Cl)C4=CC(=O)[C@@H]5CC5[C@]4(C)C3CC[C@@]21C
CHEMBL470670,AR,,4.523,0,1,Inactive,censored,CC(C)[C@@H]1CC[C@@H](C)C[C@H]1O
CHEMBL417675,AR,,4.523,0,1,Inactive,censored,CCCCCCCCCCCCCCCC(=O)NCCO
CHEMBL1651913,AR,,4.523,0,1,Inactive,censored,COc1cccc(C(=O)CCN[C@@H](C)[C@H](O)c2ccccc2)c1
CHEMBL5276085,AR,,5.301,0,1,,censored,Cc1c(O)c(O)c(C=O)c(COCc2ccccc2)c1-c1ccccc1
CHEMBL514,AR,,4.523,0,1,Inactive,censored,O=NN(CCCl)C(=O)NC1CCCCC1
CHEMBL338667,AR,,4.523,0,1,Inactive,censored,O=C(Nc1ccccc1)OCC(CN1CCCCC1)OC(=O)Nc1ccccc1
CHEMBL134056,AR,,6.000,0,1,,censored,Cc1c2c(cc3c(C(F)(F)F)cc(Br)nc13)C(C)CC(C)(C)N2
CHEMBL4437961,AR,5.105,,2,0,,exact,Cc1ccccc1C1CC2CCC(C1)N2C(=O)CSCc1c(C)noc1C
CHEMBL4790269,AR,5.680,,1,0,,exact,CC1(C)OC(=O)N(c2ccc(F)c(C(F)(F)F)c2)C1=O
CHEMBL453624,AR,7.200,,1,0,Active,exact,N#Cc1ccc(SCC2CCC2)cc1C(F)(F)F
CHEMBL2159564,AR,5.830,,1,0,,exact,Fc1ccc(C2=NOC3CCCC23)cc1C(F)(F)F
CHEMBL572330,AR,,5.398,0,1,,censored,C[C@]12Cn3cnc(-c4ccc(F)cc4)c3C=C1CCC[C@@H]2[C@](C)(O)c1ccc(Cl)s1
CHEMBL521,AR,,4.523,0,1,Inactive,censored,CC(C)Cc1ccc(C(C)C(=O)O)cc1
CHEMBL3337827,AR,,5.000,0,1,,censored,Cc1nn(CCNS(C)(=O)=O)c(-c2ccc(F)cc2)c1-c1ccc2c(c1)NC(=O)CO2
CHEMBL1042,AR,,4.523,0,1,Inactive,censored,C=C1CC[C@H](O)C/C1=C/C=C1\CCC[C@]2(C)[C@@H]([C@H](C)CCCC(C)C)CC[C@@H]12
CHEMBL2113248,AR,7.140,,1,0,Active,exact,CC(C)C[C@H]1c2cc3c(C(F)(F)F)cc(O)nc3cc2NC[C@@H]1C
CHEMBL4752689,AR,7.090,,1,0,Active,exact,N#Cc1ccc(N2C(=O)C3(CCCC3)N(c3ccc4c(c3)COC4=O)C2=S)cc1C(F)(F)F
CHEMBL386630,AR,8.410,,11,0,Active,exact,C[C@]12CC[C@H]3[C@@H](CCC4=CC(=O)CC[C@@]43C)[C@@H]1CC[C@@H]2O
CHEMBL6148768,AR,7.370,,1,0,Active,exact,Cc1nsc(NC(=O)c2cc(-c3cccc(C(F)(F)F)c3)oc2C)n1
CHEMBL3326454,AR,9.150,,3,0,Active,exact,CO[C@@H]1C(c2ccc(C#N)c(Cl)c2C)=NN2CC[C@H](O)[C@@H]12
CHEMBL6165646,AR,6.800,,3,0,Active,exact,CN(Cc1ccc(F)cc1)c1ccc2c(C(F)(F)F)cc(=O)oc2c1
CHEMBL3132989,AR,5.570,,1,0,,exact,CC[C@H](C)[C@H](NC(=O)[C@H](CS)NC(=O)[C@H](Cc1ccccc1)NC(=O)[C@H](CC(C)C)NC(=O)[C@H](CCCCN)NC(=O)[C@H](CS)NC(=O)[C@H](Cc1ccccc1)NC(=O)[C@H](CCCNC(=N)N)NC(=O)[C@@H](N)CC(N)=O)C(=O)N[C@@H](CCC(N)=O)C(=O)NCC(=O)N[C@H](C(=O)NCC(=O)N[C@@H](CC(=O)O)C(=O)N[C@H](C(=O)N[C@@H](CCCCN)C(=O)N[C@@H](C)C(=O)N[C@@H](CS)C(=O)N[C@@H](CCC(=O)O)C(=O)N[C@@H](Cc1c[nH]c2ccccc12)C(=O)N[C@@H](C)C(=O)N[C@@H](CS)C(=O)N[C@@H](CCC(N)=O)C(=O)O)C(C)C)[C@@H](C)O
CHEMBL5408265,AR,5.895,,2,0,,exact,C[C@](O)(Cn1cnc2c(F)cccc21)C(=O)Nc1ccc(C#N)c(C(F)(F)F)c1
CHEMBL399680,AR,5.720,,1,0,,exact,C[C@]12CC[C@H](O)C[C@H]1CC[C@@H]1[C@@H]2CC[C@]2(C)[C@@H](c3ccc(=O)oc3)CC[C@]12O
CHEMBL5186580,AR,6.470,,1,0,Active,exact,N#Cc1ccc(-n2ccc(CC(=O)Nc3ccc(F)cn3)n2)cc1C(F)(F)F
CHEMBL5902676,AR,7.160,,1,0,Active,exact,N#Cc1ccc(N2CCc3c(ncnc3Nc3ccc(C(=O)NCC(F)(F)F)nn3)C2)cc1C(F)(F)F
CHEMBL6150235,AR,6.770,,1,0,Active,exact,CN(Cc1cc(F)ccc1F)c1ccc2c(C(F)(F)F)cc(=O)oc2c1
CHEMBL5563061,AR,,5.000,0,1,,censored,N#Cc1ccc(CNC(=O)c2ncc3nc(N4CC[C@@H](O)C4)ccc3c2O)cn1
CHEMBL8394,AR,5.610,,1,0,,exact,C=CCC1Oc2cccc(SC)c2-c2ccc3c(c21)C(C)=CC(C)(C)N3
CHEMBL3818723,AR,7.800,,1,0,Active,exact,N#Cc1ccc(C(O)(C(F)(F)F)C(F)(F)F)cc1C(F)(F)F
CHEMBL390593,AR,8.640,,1,0,Active,exact,CC[C@@H]1[C@@H]2[C@H](O)CCN2C(=O)N1c1ccc(C#N)c(Cl)c1C
CHEMBL4593239,AR,4.780,,2,0,Inactive,exact,Cc1cccc(N2[C@H](C)CN(C(=O)CSCc3c(C)noc3C)C[C@@H]2C)c1
CHEMBL220492,AR,,4.523,0,1,Inactive,censored,CC1(C)O[C@@H]2[C@@H](CO[C@@]3(COS(N)(=O)=O)OC(C)(C)O[C@@H]23)O1
CHEMBL3578295,AR,4.960,,1,0,Inactive,exact,C[C@H](c1ccc(F)cc1)N1C(=O)O[C@](Cc2ccccc2)(c2nc3c(NS(C)(=O)=O)cccc3[nH]2)C1=O
CHEMBL499137,AR,6.655,,2,0,Active,exact,Cc1ccccc1Oc1ccc(C#N)c(C(F)(F)F)c1
CHEMBL565320,AR,,5.398,0,1,,censored,C=CC[C@@](C)(O)[C@H]1CCCC2=Cc3c(-c4ccc(F)cc4)ncn3C[C@@]21C
CHEMBL512837,AR,6.990,,1,0,Active,exact,COc1ccc(C)cc1Oc1ccc(C#N)c(C(F)(F)F)c1
CHEMBL771,AR,,4.523,0,1,Inactive,censored,N[C@@H]1CONC1=O
CHEMBL514630,AR,5.030,,1,0,,exact,CC12CC(C)(C(=O)Nc3nncs3)C(c3ccccc31)c1ccccc12
CHEMBL2316558,AR,,3.699,0,1,Inactive,censored,[O-][S+](CCOc1ccccc1)c1nc2ccccc2[nH]1
CHEMBL5983903,AR,,4.523,0,1,Inactive,censored,C[C@]12C=CC(=O)C=C1CC[C@H]1[C@@H]3C[C@H]4O[C@@H](c5ccc(NCc6ccc(N)cc6)nc5)O[C@@]4(C(=O)CO)[C@@]3(C)C[C@H](O)[C@@]12F
CHEMBL440980,AR,8.770,,1,0,Active,exact,O=c1cc(C(F)(F)F)c2cc(N(CC(F)F)CC(F)(F)F)ccc2[nH]1
CHEMBL66761,AR,5.270,,1,0,,exact,O=c1[nH]nc(Cc2ccccc2)c2ccccc12
CHEMBL3622579,AR,6.000,,3,0,Active,exact,Nc1ccccc1Cc1n[nH]c(=O)c2ccccc12
CHEMBL5422780,AR,6.250,,2,0,Active,exact,C[C@](O)(Cn1cc(C#N)c2cc(F)ccc21)C(=O)Nc1cnc(C#N)c(C(F)(F)F)c1
CHEMBL583,AR,,4.523,0,1,Inactive,censored,Cc1c(F)c(N2CCNC(C)C2)cc2c1c(=O)c(C(=O)O)cn2C1CC1
CHEMBL3706897,AR,7.700,,1,0,Active,exact,CCc1cc2c(C(F)(F)F)cc(=O)[nH]c2cc1N
CHEMBL773,AR,,4.523,0,1,Inactive,censored,NCC(=O)O
CHEMBL470783,AR,,5.000,0,1,,censored,CC[C@@]12C[C@H](O)[C@](O)(c3ccccc3)C[C@H]1CCc1cc(OCc3cccnc3C)ccc12
CHEMBL134140,AR,6.800,,1,0,Active,exact,CC1(C)CCc2cc3c(C(F)(F)F)cc(Br)nc3cc2N1
CHEMBL3410856,AR,8.680,,3,0,Active,exact,Cc1c(N2C3CCC2CC(C)(O)C3)ccc(C#N)c1Cl
CHEMBL5572527,AR,5.890,,2,0,,exact,Cc1cc(C#N)ccc1N1C2CCC1CN(C[C@](C)(O)C(=O)Nc1ccc(C#N)c(C(F)(F)F)c1)C2
CHEMBL4442857,AR,6.530,,4,0,Active,exact,Cc1cn(C[C@](C)(O)C(=O)Nc2ccc(C#N)c(C(F)(F)F)c2)c2ccc(F)cc12
CHEMBL1266,AR,,4.523,0,1,Inactive,censored,c1ccc2c(c1)CCCC2C1=NCCN1
CHEMBL1800984,AR,5.630,,1,0,,exact,CC(C)(C(=O)Nc1nccs1)[C@H]1c2ccccc2Oc2cc(O)ccc21
CHEMBL1830772,AR,5.920,,1,0,,exact,CN1CC(C)(C)C(Oc2ccc(C#N)c(C(F)(F)F)c2)C1=O
CHEMBL3667040,AR,4.920,,1,0,Inactive,exact,C/C=C/C1=CC2=C(CO1)C(=O)[C@]1(C)OC(=O)[C@H](C(O)CCCCC)C1C2
CHEMBL5439835,AR,5.330,,1,0,,exact,CSc1ccc(C(N)=O)cc1-c1c(C)noc1C
CHEMBL308954,AR,,4.523,0,1,Inactive,censored,Cc1cc(C#N)cc(C)c1Oc1nc(Nc2ccc(C#N)cc2)nc(N)c1Br
CHEMBL5069607,AR,,4.301,0,1,Inactive,censored,Cc1cccc(C(=O)Nc2ccc3c(C(F)(F)F)cc(=O)oc3c2)c1
CHEMBL4542153,AR,6.690,,2,0,Active,exact,C[C@](O)(CN1CCc2cc(F)ccc21)C(=O)Nc1ccc(C#N)c(Cl)c1
CHEMBL5084126,AR,5.640,,1,0,,exact,O=c1cc(C(F)(F)F)c2ccc(OCc3cccc(Br)c3)cc2o1
CHEMBL5408577,AR,,5.000,0,2,,censored,C[C@](O)(CN1C(=O)C(=O)c2ccccc21)C(=O)Nc1ccc(C#N)c(C(F)(F)F)c1
CHEMBL59,AR,,4.523,0,1,Inactive,censored,NCCc1ccc(O)c(O)c1
CHEMBL5940618,AR,7.510,,1,0,Active,exact,CC1(C)C(=O)N(c2ccc(C#N)c(C(F)(F)F)c2)C(=S)N1c1ccc(CNC(=O)c2nccs2)c(F)c1
CHEMBL3973563,AR,6.340,,2,0,Active,exact,O=C(NC[C@H]1CC[C@H](Oc2ccnc3c(F)cccc23)CC1)c1ccno1
CHEMBL5412123,AR,5.480,,1,0,,exact,C[C@]12CC[C@H](NC(=O)c3ccnnc3)CC1=CCC1C2CC[C@]2(C)C(n3cnc([N+](=O)[O-])c3)=CCC12
CHEMBL4859502,AR,7.005,,2,0,Active,exact,CN1CCC(Oc2ccc(N3C(=S)N(c4cnc(C#N)c(C(F)(F)F)c4)C(=O)C34CCC4)cn2)CC1
CHEMBL132803,AR,7.240,,1,0,Active,exact,CC1=CC(C)(C)Nc2cc3nc(F)cc(C(F)(F)F)c3cc21
CHEMBL5204250,AR,,6.000,0,1,,censored,CCCCCCCCC(=O)O[C@H]1CC[C@H]2[C@H]3[C@H]([C@@H](C)C[C@]12C)[C@H]1CCC(=O)C=C1C[C@H]3C
CHEMBL5569474,AR,5.940,,1,0,,exact,C[C@](O)(CN1CCN(c2ccc(C#N)c(Br)c2)CC1)C(=O)Nc1ccc(C#N)c(C(F)(F)F)c1
CHEMBL1210878,AR,5.830,,3,0,,exact,COc1cccc(C=C2c3cccc(Cl)c3C(=O)c3c(Cl)cccc32)c1O
CHEMBL4082860,AR,4.550,,1,0,Inactive,exact,O=C1c2ccc(F)cc2C(=O)N1c1nc(-c2ccc(Cl)cc2)cs1
CHEMBL1254682,AR,,4.523,0,1,Inactive,censored,C=CCN1CC[C@]23CCCC[C@H]2[C@H]1Cc1ccc(O)cc13
CHEMBL4849002,AR,6.750,,1,0,Active,exact,O=C(NCC1CC1)c1cccc2nc(-c3c[nH]c4c(F)c(F)c(F)cc34)ccc12
CHEMBL530,AR,,4.523,0,1,Inactive,censored,CC1(C)S[C@@H]2[C@H](/N=C/N3CCCCCC3)C(=O)N2[C@H]1C(=O)O
CHEMBL1830952,AR,7.370,,1,0,Active,exact,CC1(C)CN(Cc2nc3ccccc3s2)C(=O)C1Oc1ccc(C#N)c(C(F)(F)F)c1
CHEMBL3589390,AR,6.590,,1,0,Active,exact,CNC(=O)c1ccc(N2C(=S)N(c3ccc(C#N)c(C(F)(F)F)c3)C(=O)C2C)cc1F
CHEMBL482549,AR,7.770,,1,0,Active,exact,Cc1c(N2C(NC#N)N3CC[C@H](O)[C@H]3[C@@H]2C)ccc(C#N)c1Cl
CHEMBL5563792,AR,6.350,,1,0,Active,exact,C[C@](O)(CN1CC2CC(C1)N2c1ccc(C#N)nn1)C(=O)Nc1ccc(C#N)c(C(F)(F)F)c1
CHEMBL5193077,AR,,4.602,0,1,Inactive,censored,N#Cc1ccc(-n2ccc(C(=O)Nc3ccc(F)cc3)n2)cc1C(F)(F)F
CHEMBL1672545,AR,,5.409,0,1,,censored,CC(C)n1cc(-c2ccc(C#N)cc2)c2ccc(NS(C)(=O)=O)cc21
CHEMBL2106261,AR,,4.523,0,1,Inactive,censored,CCOC(=O)C(c1c(O)c2ccccc2oc1=O)c1c(O)c2ccccc2oc1=O
CHEMBL1326877,AR,5.010,,1,0,,exact,COc1ccc(C(=O)c2ccccc2O)c(O)c1
CHEMBL5,AR,,4.523,0,1,Inactive,censored,CCn1cc(C(=O)O)c(=O)c2ccc(C)nc21
CHEMBL5086322,AR,,4.301,0,1,Inactive,censored,Cn1cc(C(=O)Nc2ccc3c(C(F)(F)F)cc(=O)oc3c2)cn1
CHEMBL5093873,AR,,4.301,0,1,Inactive,censored,N#Cc1cccc(/N=C/c2ccccc2O)c1
CHEMBL4751646,AR,6.220,,6,0,Active,exact,C[C@](O)(Cn1cc(C(F)(F)F)cn1)C(=O)Nc1ccc(C#N)c(C(F)(F)F)c1
CHEMBL267141,AR,8.150,,1,0,Active,exact,C[C@@H]1CCc2cc3c(C(F)(F)F)cc(O)nc3cc2N1
CHEMBL384533,AR,9.000,,1,0,Active,exact,O=C1[C@H]2[C@@H]3CC[C@@H](C3)N2C(=O)N1c1ccc([N+](=O)[O-])c2ccccc12
CHEMBL3928026,AR,7.410,,2,0,Active,exact,N#Cc1cccc2c(O[C@H]3CC[C@H](NC(=O)c4cc(F)cc(F)c4)CC3)ccnc12
CHEMBL1237021,AR,,4.523,0,1,Inactive,censored,O=C1[C@@H]2[C@H]3CC[C@H](C3)[C@@H]2C(=O)N1C[C@@H]1CCCC[C@H]1CN1CCN(c2nsc3ccccc23)CC1
CHEMBL713,AR,,4.523,0,1,Inactive,censored,C=C1[C@H](CO)[C@@H](O)C[C@@H]1n1cnc2c(=O)[nH]c(N)nc21
CHEMBL6146050,AR,7.600,,1,0,Active,exact,Cc1oc(-c2cc(F)cc(C(F)(F)F)c2)cc1C(=O)Nc1nc(CN2CCOCC2)ns1
CHEMBL4870613,AR,5.990,,3,0,,exact,C[C@](O)(Cn1cncc1Br)C(=O)Nc1ccc(C#N)c(C(F)(F)F)c1
CHEMBL5416202,AR,4.990,,1,0,Inactive,exact,CSc1ccc(C(N)=O)cc1-c1ccc2[nH]ccc2c1
CHEMBL407848,AR,6.710,,1,0,Active,exact,Cn1c(C#N)ccc1-c1cc(F)c2c(c1)C(C)(C)C(=O)N2
CHEMBL2419309,AR,,5.000,0,1,,censored,CC1C(c2ccc3c(c2)NC(=O)CO3)=C(c2ccc(F)cc2)C(=O)N1C
CHEMBL254193,AR,,4.523,0,1,Inactive,censored,N/N=c1/cc2c(n[nH]1)CCN(C(=O)c1ccccc1)C2
CHEMBL235871,AR,6.170,,1,0,Active,exact,C[C@]12CCC(=O)C=C1C[C@@H](CCCCc1cccc(OCCCC(=O)O)c1)[C@@H]1[C@@H]2CC[C@@]2(C)[C@H]1CC[C@]2(C)O
CHEMBL3970563,AR,6.710,,4,0,Active,exact,O=C(NC[C@H]1CC[C@H](Oc2ccnc3ccccc23)CC1)c1cccc(F)c1
CHEMBL4854295,AR,6.895,,2,0,Active,exact,CNC(=O)c1cc2c(cc1F)CC1(C2)C(=O)N(c2cnc(C#N)c(C(F)(F)F)c2)C(=S)N1C(C)C
CHEMBL519169,AR,8.720,,1,0,Active,exact,Cc1c(/N=C2\N(C)C[C@@H]3[C@H](O)CCN23)ccc(C#N)c1Cl
CHEMBL457036,AR,6.060,,1,0,Active,exact,CC#C[C@@]1(O)CC[C@@]2(CC)c3ccc(OCc4cccnc4C)cc3CC[C@@H]2C1
CHEMBL2105131,AR,,4.523,0,1,Inactive,censored,CN(CC1(C)CCCO1)S(=O)(=O)c1ccc(Cl)c(S(N)(=O)=O)c1
CHEMBL5189325,AR,8.150,,1,0,Active,exact,Cc1c(N[C@@H](c2ccc(-c3ccc(C#N)cc3)o2)[C@H](C)O)ccc(C#N)c1Cl
CHEMBL547,AR,,4.523,0,1,Inactive,censored,CC1=C(/C=C/C(C)=C/C=C/C(C)=C\C(=O)O)C(C)(C)CCC1
CHEMBL448454,AR,7.370,,1,0,Active,exact,COc1cc(Sc2c(C)cccc2C)ccc1C#N
CHEMBL4451795,AR,6.430,,2,0,Active,exact,C[C@](O)(Cn1cc(-c2ccccc2)c2cc(F)ccc21)C(=O)Nc1ccc(C#N)c(Cl)c1
CHEMBL18442,AR,,4.523,0,1,Inactive,censored,c1cc(CN2CCCNCCNCCCNCC2)ccc1CN1CCCNCCNCCCNCC1
CHEMBL3402230,AR,8.045,,2,0,Active,exact,C[C@H]1C(=O)CCN1c1ccc(C#N)c2ccccc12
CHEMBL3402226,AR,7.575,,2,0,Active,exact,N#Cc1ccc(N2CCC[C@@H]2C(N)=O)c2ccccc12
CHEMBL4845915,AR,7.520,,1,0,Active,exact,Fc1cc(F)c2[nH]cc(-c3ccc4ccccc4n3)c2c1
CHEMBL5819730,AR,5.340,,5,0,,exact,C[C@](O)(CBr)C(=O)Nc1ccc(C#N)nc1
CHEMBL1086314,AR,,5.000,0,1,,censored,Cc1ccccc1-c1ccc2c(cnn2-c2ccc(F)cc2)c1
CHEMBL282204,AR,8.100,,1,0,Active,exact,CC1c2cc3c(C(F)(F)F)cc(O)nc3cc2NC[C@H]1C
CHEMBL1957726,AR,6.500,,2,0,Active,exact,CC(=O)Nc1ccc(Oc2c(C)nn(-c3ccc(C#N)c(Cl)c3)c2C)cn1
CHEMBL3323482,AR,5.155,,2,0,,exact,CCc1sc(N2CCOCC2)nc1-c1ccccc1
CHEMBL4448161,AR,,4.602,0,2,Inactive,censored,Cc1ccccc1N1CCN(C(=O)[C@H]2C[C@@H]2c2ccccc2)CC1
CHEMBL1934428,AR,7.425,,2,0,Active,exact,CCOC(=O)c1c(-c2ccc([N+](=O)[O-])cc2)c(C)n(C)c1C
CHEMBL1076438,AR,,5.000,0,1,,censored,CC1(C)[C@H](O)CC[C@]2(C)[C@@]3(C)c4[nH]c5ccccc5c4C[C@@H]3CC[C@@]12O
CHEMBL4746960,AR,6.330,,3,0,Active,exact,CC(Cn1cc(F)cn1)C(=O)Nc1ccc(C#N)c(C(F)(F)F)c1
CHEMBL1650,AR,5.550,,1,0,,exact,CC(=O)OCC(=O)[C@@]1(O)CC[C@H]2[C@@H]3CCC4=CC(=O)CC[C@]4(C)[C@H]3C(=O)C[C@@]21C
CHEMBL3323485,AR,6.485,,2,0,Active,exact,Cc1scc(-c2csc(N3CCOCC3)n2)c1C
CHEMBL3326457,AR,9.030,,1,0,Active,exact,COCCO[C@@H]1C(c2ccc(C#N)c(Cl)c2C)=NN2CC[C@H](O)[C@@H]12
CHEMBL299778,AR,5.780,,1,0,,exact,C=C1CCC[C@H](C)[C@H]1Cc1cc(OC)c(Br)cc1O
CHEMBL4571052,AR,6.040,,1,0,Active,exact,CC#C[C@]1(O)CC[C@H]2[C@@H]3CCC4=CC(=O)CC[C@]4(C)[C@H]3[C@@H](c3ccc(N(C)C)cc3)C[C@@]21C
CHEMBL1054,AR,,4.523,0,1,Inactive,censored,NS(=O)(=O)c1cc2c(cc1Cl)NC(C(Cl)Cl)NS2(=O)=O
CHEMBL27413,AR,6.580,,1,0,Active,exact,CCC1CCN(C)c2cc3c(cc21)c(C(F)(F)F)cc(=O)n3C
CHEMBL566387,AR,,5.398,0,1,,censored,CCCC[C@@](C)(O)[C@H]1CCCC2=Cc3c(-c4ccc(F)cc4)ncn3C[C@@]21C
CHEMBL2316574,AR,,3.699,0,1,Inactive,censored,CCc1cccc(OCCSc2nc3ccccc3n2CC(=O)O)c1
CHEMBL429311,AR,8.590,,1,0,Active,exact,O=c1cc(C(F)(F)F)c2cc3c(cc2[nH]1)OC[C@H](CF)N3CC(F)(F)F
CHEMBL2159565,AR,5.840,,2,0,,exact,Fc1ccc(C2=NOC3CCCC23)c(C(F)(F)F)c1
CHEMBL1086116,AR,,5.000,0,1,,censored,CCCN(c1ccccc1)S(=O)(=O)c1ccc(-c2ccc3c(cnn3-c3ccc(F)cc3)c2)c(C(F)(F)F)c1
CHEMBL1377,AR,,4.523,0,1,Inactive,censored,CC(C)NC(=N)NC(=N)Nc1ccc(Cl)cc1
CHEMBL1672542,AR,6.660,,1,0,Active,exact,CC(c1ccc(F)cc1)(c1c[nH]c2c(NS(C)(=O)=O)cccc12)C1CC1
CHEMBL2419299,AR,,5.000,0,1,,censored,CC1NC(=O)C(c2ccc(F)cc2)=C1c1cc(F)c2c(c1)NC(=O)CO2
CHEMBL614,AR,,4.523,0,1,Inactive,censored,NC(=O)c1cnccn1
CHEMBL5437141,AR,8.020,,2,0,Active,exact,N#Cc1ccc(O[C@H]2CC[C@H](NC(=O)c3cccnn3)CC2)cc1Cl
CHEMBL4866292,AR,6.760,,2,0,Active,exact,CC(C)NC(=O)c1cccc2nc(-c3c[nH]c4c(F)c(F)c(F)cc34)ccc12
CHEMBL463,AR,,4.523,0,1,Inactive,censored,Nc1ccc(C(=O)NCC(=O)O)cc1
CHEMBL351148,AR,7.540,,1,0,Active,exact,CCC1(C)CCc2cc3c(C(F)(F)F)cc(O)nc3cc2N1
CHEMBL132427,AR,7.070,,1,0,Active,exact,CN1c2cc3nc(C#N)cc(C(F)(F)F)c3cc2CCC1(C)C
CHEMBL5573769,AR,6.220,,1,0,Active,exact,C[C@](O)(CN1CC2CC(C1)N2c1ccc(C#N)cc1F)C(=O)Nc1ccc(C#N)c(C(F)(F)F)c1
CHEMBL427078,AR,6.150,,1,0,Active,exact,CNC(=O)CCCCCCCC1C[C@H]2CC(=O)CC[C@]2(C)[C@H]2CC[C@]3(C)[C@@H](O)CC[C@H]3[C@H]12
CHEMBL1928875,AR,5.330,,1,0,,exact,O=C1COc2ccc(C3=Nn4cnnc4SC3c3cccc(F)c3)cc2N1
CHEMBL5438541,AR,6.860,,3,0,Active,exact,C[C@](O)(Cn1ncc2c(F)cccc21)C(=O)Nc1ccc(C#N)c(C(F)(F)F)c1
CHEMBL2386405,AR,6.720,,2,0,Active,exact,O=c1cc(-c2ccc(F)cc2)oc2cccc(F)c12
CHEMBL5842693,AR,8.240,,2,0,Active,exact,Cc1c(-c2ccn(C[C@H](C)NC(=O)c3csc(C(C)O)n3)n2)ccc(C#N)c1Cl
CHEMBL3948034,AR,6.680,,2,0,Active,exact,Cc1cc(C(=O)NC[C@H]2CC[C@H](Oc3ccnc4ccccc34)CC2)no1
CHEMBL4850855,AR,5.825,,2,0,,exact,N#Cc1ncc(N2C(=O)C3(CCC3)N(c3ccc(O)nc3)C2=S)cc1C(F)(F)F
CHEMBL1520,AR,,4.523,0,1,Inactive,censored,CCCc1nc(C)c2c(=O)nc(-c3cc(S(=O)(=O)N4CCN(CC)CC4)ccc3OCC)[nH]n12
CHEMBL449867,AR,6.940,,1,0,Active,exact,COc1cc(C#N)ccc1Oc1ccccc1C
CHEMBL2334349,AR,,5.000,0,1,,censored,CC[Si](CC)(c1ccc(OCC(=O)C(C)(C)C)c(C)c1)c1ccc(OC[C@@H](O)CO)c(C)c1
CHEMBL4797715,AR,5.510,,2,0,,exact,Clc1ccccc1C1Nc2ccc3ccccc3c2C2C=CCC21
CHEMBL5925049,AR,7.050,,1,0,Active,exact,N#Cc1ccc(N2CCc3c(ncnc3Nc3ccc(C(=O)NCC(F)F)cn3)C2)cc1C(F)(F)F
CHEMBL1164338,AR,,5.000,0,1,,censored,O=C(CC(Nc1ccc([N+](=O)[O-])cc1)C1CCCCC1)c1ccc(C2CCCCC2)cc1
CHEMBL4518104,AR,,4.602,0,2,Inactive,censored,Cc1ccccc1N1CCN(C(=O)/C=C/c2ccccc2)CC1
CHEMBL520428,AR,7.265,,2,0,Active,exact,Cn1cc(N(Cc2ccccc2)c2ccc([N+](=O)[O-])cc2)cc1C(=O)N1CCCCC1
CHEMBL3318064,AR,5.905,,2,0,,exact,Cc1ccc2[nH]c(C(=O)N(Cc3ccco3)C(C)C)cc2c1
CHEMBL5875680,AR,,4.523,0,1,Inactive,censored,C[C@]12C=CC(=O)C=C1[C@@H](F)C[C@H]1[C@@H]3C[C@H]4O[C@@H](c5ccc(Oc6ccc(N)cc6)cc5)O[C@@]4(C(=O)CO)[C@@]3(C)C[C@H](O)[C@@]12F
CHEMBL132295,AR,7.020,,1,0,Active,exact,CCCC[S+]([O-])c1cc(C(F)(F)F)c2cc3c(cc2n1)NC(C)(C)CC3
CHEMBL841,AR,,4.523,0,1,Inactive,censored,CN(C)C(=O)C(CCN1CCC(O)(c2ccc(Cl)cc2)CC1)(c1ccccc1)c1ccccc1
CHEMBL394593,AR,8.210,,1,0,Active,exact,COc1c(C#N)ccc(N2C(=O)[C@@H]3[C@H](O)CCN3C2=O)c1Cl
CHEMBL4462835,AR,4.690,,2,0,Inactive,exact,Cc1ccccc1N1CCN(C(=O)C#Cc2ccccc2)CC1
CHEMBL354077,AR,,4.523,0,1,Inactive,censored,Nc1ccncc1N
CHEMBL401805,AR,7.750,,3,0,Active,exact,O=c1cc(C(F)(F)F)c2cc3c(cc2[nH]1)OC[C@H](C(F)(F)F)N3CC(F)(F)F
CHEMBL3682519,AR,6.400,,1,0,Active,exact,CC1CCc2c([nH]c3ccc(Cl)c(Cl)c23)C1(O)C(F)(F)F
CHEMBL1752,AR,,4.523,0,1,Inactive,censored,Cn1c(=O)c2c(ncn2CC(O)CO)n(C)c1=O
CHEMBL4758277,AR,6.540,,1,0,Active,exact,CC1(C)C(=O)N(c2ccc(F)c(C(F)(F)F)c2)C(=O)N1CC#N
CHEMBL231068,AR,,4.523,0,1,Inactive,censored,O=c1[nH]c2ccccc2n1CCN1CCN(c2cccc(C(F)(F)F)c2)CC1
CHEMBL6167385,AR,6.500,,1,0,Active,exact,N#Cc1ccc(CN2CC3(CCN(c4ccc(C#N)c(C(F)(F)F)c4)C3)C2)cc1
CHEMBL74632,AR,,4.523,0,1,Inactive,censored,CO[C@@]1(NC(=O)C(C(=O)O)c2ccc(O)cc2)C(=O)N2C(C(=O)O)=C(CSc3nnnn3C)CO[C@@H]21
CHEMBL277378,AR,8.360,,2,0,Active,exact,CCN(CC)c1ccc2nc(O)cc(C(F)(F)F)c2c1
CHEMBL402039,AR,8.030,,1,0,Active,exact,COC[C@@H]1COc2cc3[nH]c(=O)cc(C(F)(F)F)c3cc2N1CC(F)(F)F
CHEMBL3133002,AR,4.920,,1,0,Inactive,exact,CC(C)C[C@H](NC(=O)[C@H](CS)NC(=O)[C@H](CC(N)=O)NC(=O)[C@H](Cc1ccccc1)NC(=O)[C@H](CCCNC(=N)N)NC(=O)[C@H](CS)NC(=O)[C@H](C)N)C(=O)N[C@@H](Cc1ccccc1)C(=O)N[C@@H](CCC(=O)O)C(=O)NCC(=O)N[C@@H](CC(N)=O)C(=O)N[C@@H](CC(=O)O)C(=O)N[C@@H](CCC(=O)O)C(=O)N[C@@H](CCC(=O)O)C(=O)N[C@H](C(=O)N[C@@H](CS)C(=O)N[C@@H](CCCCN)C(=O)N[C@@H](CCC(=O)O)C(=O)N[C@@H](Cc1c[nH]c2ccccc12)C(=O)N[C@@H](CS)C(=O)O)[C@@H](C)O
CHEMBL5408438,AR,7.050,,1,1,Active,exact,Cc1nn(C[C@](C)(O)C(=O)Nc2cnc(C#N)c(C(F)(F)F)c2)c2ccc(F)cc12
CHEMBL224733,AR,6.580,,1,0,Active,exact,C[C@]12CCC(=O)C[C@@H]1CC(CCCCCCCC(N)=O)[C@@H]1[C@@H]2CC[C@]2(C)[C@@H](O)CC[C@@H]12
CHEMBL5760149,AR,6.070,,1,0,Active,exact,CC(C)(NC(=O)c1ccc(Cl)s1)C(=O)Nc1ccc(Cl)c(F)c1
CHEMBL5416732,AR,,4.523,0,1,Inactive,censored,CC(C)COc1ccc(C(N)=O)cc1-c1ccc2c(cnn2C)c1
CHEMBL181674,AR,7.255,,2,0,Active,exact,O=C1[C@@H]2C3C=CC(C3)[C@@H]2C(=O)N1c1ccc2ccccc2c1
CHEMBL4584527,AR,7.215,,10,0,Active,exact,CN(C[C@](C)(O)C(=O)Nc1ccc(C#N)c(C(F)(F)F)c1)c1ccc(C#N)c(-c2ccccc2)c1
CHEMBL481514,AR,6.460,,1,0,Active,exact,Cc1cc(C)cc(N(Cc2ccccc2)c2cc(C(=O)N3CCCC3)n(C)c2)c1
CHEMBL153427,AR,,4.523,0,1,Inactive,censored,CCOC(=O)c1c(C)cc2c(CO)n[nH]c(=O)c2c1C
CHEMBL4468879,AR,,5.301,0,1,,censored,CC(C)C#C[C@]1(O)CC[C@H]2[C@@H]3CCC4=CC(=O)CC[C@]4(C)[C@H]3[C@@H](c3ccc(N(C)C)cc3)C[C@@]21C
CHEMBL2104895,AR,,4.523,0,1,Inactive,censored,CN1CCC2=C(C1)c1ccccc1Cc1ccccc12
CHEMBL428021,AR,6.370,,1,0,Active,exact,C[C@]12CCC(=O)C=C1C[C@@H](CCCc1ccc(OCCCC(=O)O)cc1)[C@@H]1[C@@H]2CC[C@@]2(C)[C@H]1CC[C@]2(C)O
CHEMBL3977631,AR,,5.000,0,1,,censored,C[C@H](NS(=O)(=O)C1CC1)[C@H](Oc1ccc2c(cnn2-c2ccc(F)cc2)c1)c1ccc(S(C)(=O)=O)cc1
CHEMBL266491,AR,5.650,,1,0,,exact,COCCOc1ccccc1-c1ccc(C#N)c(C(F)(F)F)c1
CHEMBL250104,AR,5.110,,1,0,,exact,O=C(O)CCc1cc(Br)c(OCc2cccc(Br)c2)c(Br)c1
CHEMBL6151098,AR,,5.000,0,1,,censored,O=C(O)c1ccc(-c2ccc(OCc3c(-c4c(Cl)cccc4Cl)noc3C3CC3)cc2)cc1
CHEMBL25,AR,,4.523,0,1,Inactive,censored,CC(=O)Oc1ccccc1C(=O)O
CHEMBL24778,AR,,4.523,0,1,Inactive,censored,C[C@H](Cc1cc2c(c(C(N)=O)c1)N(CCCO)CC2)NCCOc1ccccc1OCC(F)(F)F
CHEMBL6147131,AR,7.750,,1,0,Active,exact,Cc1oc(-c2cc(C(F)(F)F)ccc2F)cc1C(=O)Nc1nc(CN2CCOCC2)ns1
CHEMBL51788,AR,6.240,,1,0,Active,exact,C=C1CCC[C@@H](C)[C@@H]1Cc1cc(OC)c(Br)cc1O
CHEMBL485349,AR,5.560,,1,0,,exact,O=C1CC(c2ccccc2O)Oc2ccc(O)cc21
CHEMBL2216870,AR,,4.523,0,1,Inactive,censored,CC[C@H](Nc1ncnc2[nH]cnc12)c1nc2cccc(F)c2c(=O)n1-c1ccccc1
CHEMBL278255,AR,,4.523,0,1,Inactive,censored,NC1CCN(c2c(F)cc3c(=O)c(C(=O)O)cn(C4CC4)c3c2Cl)C1
CHEMBL258190,AR,6.595,,2,0,Active,exact,COc1cccc2c1-c1ccc3[nH]c(=O)cc(C)c3c1C(O)O2
CHEMBL268098,AR,9.000,,1,0,Active,exact,O=c1cc(C(F)(F)F)c2cc3c(cc2o1)NCCC3
CHEMBL1027,AR,,4.523,0,1,Inactive,censored,Cc1ccsc1C(=CCCN1CCC[C@@H](C(=O)O)C1)c1sccc1C
CHEMBL660,AR,,4.523,0,1,Inactive,censored,NC12CC3CC(CC(C3)C1)C2
CHEMBL436,AR,,4.523,0,1,Inactive,censored,COc1ccc2c(C(=S)N(C)CC(=O)O)cccc2c1C(F)(F)F
CHEMBL4852266,AR,6.855,,2,0,Active,exact,CNC(=O)c1cc2c(cc1F)CC1(C2)C(=O)N(c2cnc(C#N)c(C(F)(F)F)c2)C(=S)N1C1CCCC1
CHEMBL399439,AR,7.370,,1,0,Active,exact,N#Cc1ccc(O[C@H]2CCCC[C@@H]2C#N)cc1C(F)(F)F
CHEMBL405835,AR,7.270,,1,0,Active,exact,CCCNc1ccc2nc(O)cc(C(F)(F)F)c2c1
CHEMBL1605443,AR,,4.523,0,1,Inactive,censored,Cc1cc(C)c(NC(=O)CN(CC(=O)O)CC(=O)O)c(C)c1Br
CHEMBL1929041,AR,5.350,,1,0,,exact,Cc1cc(F)ccc1-n1nc(C(F)(F)F)cc1-c1cc(Cl)c2c(c1)NC(=O)CO2
CHEMBL1098173,AR,,5.000,0,2,,censored,Cc1cc(N2C(=O)C(C)(C)N(CCCS(N)(=O)=O)C2=S)ccc1C#N
CHEMBL1288959,AR,7.820,,2,0,Active,exact,Oc1cccc2c1[nH]c1ccc(Cl)c(Cl)c12
CHEMBL4744396,AR,,4.301,0,1,Inactive,censored,N#Cc1ccc(N2C(=O)C3CCc4cc(-c5ccc(C(F)(F)F)cc5)ccc4N3C2=S)cc1C(F)(F)F
CHEMBL1165,AR,,4.523,0,1,Inactive,censored,CCOC(=O)[C@H](CCc1ccccc1)N[C@@H](C)C(=O)N1Cc2cc(OC)c(OC)cc2C[C@H]1C(=O)O
CHEMBL1237072,AR,,4.523,0,1,Inactive,censored,CC[C@H]1OC(=O)[C@H](C)[C@@H](O[C@H]2C[C@@](C)(OC)[C@@H](O)[C@H](C)O2)[C@H](C)[C@@H](O[C@@H]2O[C@H](C)C[C@H](N(C)C)[C@H]2O)[C@](C)(O)C[C@@H](C)[C@@H]2N[C@@H](COCCOC)O[C@H]([C@H]2C)[C@]1(C)O
CHEMBL1946811,AR,6.880,,1,0,Active,exact,CC1(C)CN(CCC#N)C(=O)[C@@H]1Oc1ccc(C#N)c(C(F)(F)F)c1
CHEMBL1085819,AR,6.760,,1,0,Active,exact,CC1(C)CN(Cc2ccccc2F)C(=O)[C@@H]1Oc1ccc(C#N)c(C(F)(F)F)c1
CHEMBL1554,AR,,4.523,0,1,Inactive,censored,Cc1c2oc3c(C)ccc(C(=O)N[C@@H]4C(=O)N[C@H](C(C)C)C(=O)N5CCC[C@H]5C(=O)N(C)CC(=O)N(C)[C@@H](C(C)C)C(=O)O[C@@H]4C)c3nc-2c(C(=O)N[C@@H]2C(=O)N[C@H](C(C)C)C(=O)N3CCC[C@H]3C(=O)N(C)CC(=O)N(C)[C@@H](C(C)C)C(=O)O[C@@H]2C)c(N)c1=O
CHEMBL4860814,AR,6.795,,2,0,Active,exact,CNC(=O)c1cc2c(cc1F)C[C@@]1(C2)C(=O)N(c2ccc(C#N)c(C(F)(F)F)c2)C(=S)N1C(C)C
CHEMBL3819469,AR,8.540,,1,0,Active,exact,Cc1c(C(O)(c2ccc(Cl)o2)C(F)(F)F)ccc(C#N)c1C(F)(F)F
CHEMBL3682521,AR,6.890,,1,0,Active,exact,OC1(C(F)(F)F)CCCc2c1[nH]c1c(Cl)c(Cl)ccc21
CHEMBL4866153,AR,6.235,,2,0,Active,exact,CNC(=O)c1ccc2c(c1)CC1(C2)C(=O)N(c2ccc(C#N)c(C(F)(F)F)c2)C(=S)N1C
CHEMBL1908324,AR,,4.523,0,1,Inactive,censored,C=N[C@@H](C(=O)N[C@@H]1C(=O)N2[C@@H]1SC(C)(C)[C@@H]2C(=O)O)c1ccccc1
CHEMBL279597,AR,,4.523,0,1,Inactive,censored,C[C@H](N)C(=O)O
CHEMBL390849,AR,8.890,,1,0,Active,exact,Cc1c(N2C(=O)[C@@H]3[C@H](O)CCN3C2=O)ccc(C#N)c1F
CHEMBL231328,AR,7.850,,1,0,Active,exact,CCc1cc(C#N)ccc1N1C(=O)[C@@H]2[C@H](O)CCN2C1=O
CHEMBL224216,AR,,5.000,0,1,,censored,CCCCCCN(CCCCCC)C(=O)CCCCCCCC1C[C@H]2CC(=O)CC[C@]2(C)[C@H]2CC[C@]3(C)[C@@H](O)CC[C@H]3[C@H]12
CHEMBL1180725,AR,,4.523,0,1,Inactive,censored,CC(C)[N+](C)(CCOC(=O)C1c2ccccc2Oc2ccccc21)C(C)C
CHEMBL6146052,AR,7.500,,1,0,Active,exact,Cc1oc(-c2cccc(C(F)(F)F)c2)cc1C(=O)Nc1nc(CC(C)N2CCOCC2)ns1
CHEMBL3578285,AR,5.110,,1,0,,exact,C[C@H](c1ccc(F)cc1)N1C(=O)O[C@](Cc2ccccc2)(c2nc3cc(N4CCOCC4)ccc3[nH]2)C1=O
CHEMBL454801,AR,,4.523,0,1,Inactive,censored,COC1=C(OC)C(=O)C(C/C=C(\C)CC/C=C(\C)CC/C=C(\C)CC/C=C(\C)CC/C=C(\C)CC/C=C(\C)CC/C=C(\C)CC/C=C(\C)CC/C=C(\C)CCC=C(C)C)=C(C)C1=O
CHEMBL5794711,AR,7.700,,1,0,Active,exact,COc1cc(NC(=O)C(C)(O)CC(C)C)cc(Br)n1
CHEMBL1547,AR,,5.523,0,1,,censored,Cc1ncc(C[n+]2csc(CCO)c2C)c(N)n1
CHEMBL4784244,AR,5.260,,1,0,,exact,C[C@](O)(Cn1cc(C#N)c(Br)n1)C(=O)Nc1cnc(C#N)c(C(F)(F)F)c1
CHEMBL5574098,AR,6.080,,1,0,Active,exact,C[C@](O)(CN1CCN(c2ccc(Cl)cc2)CC1)C(=O)Nc1ccc(C#N)c(C(F)(F)F)c1
CHEMBL165912,AR,7.200,,1,0,Active,exact,CCCN1c2cc3c(cc2[C@H]2CCCC[C@H]21)c(C(F)(F)F)cc(=O)n3C
CHEMBL156142,AR,7.120,,1,0,Active,exact,CC1CC(C)(C)Nc2cc3nc(O)cc(C(F)(F)F)c3cc21
CHEMBL2316546,AR,5.270,,1,0,,exact,c1ccc(OCCSc2cc3ccccc3[nH]2)cc1
CHEMBL246341,AR,7.070,,1,0,Active,exact,C[C@]12CC[C@H]3[C@@H](CC=C4[C@H]5CC=C[C@]43CC[C@@H]5O)[C@@H]1CC[C@@H]2O
CHEMBL1209971,AR,7.010,,1,0,Active,exact,CC(C)NC(=O)N1C[C@@]2(C)O[C@@](C)(C1)[C@@H]1C(=O)N(c3ccc(C#N)c(C(F)(F)F)c3)C(=O)[C@@H]12
CHEMBL255367,AR,7.110,,1,0,Active,exact,Cc1cc(N2C(=O)[C@@H]3C4CCC(O4)[C@@H]3C2=O)ccc1Cl
CHEMBL2107834,AR,,4.523,0,1,Inactive,censored,COC(=O)N(C)c1c(N)nc(-c2nn(Cc3ccccc3F)c3ncccc23)nc1N
CHEMBL2316545,AR,4.210,,1,0,Inactive,exact,NS(=O)(=O)c1ccc(OCCSc2nc3ccccc3[nH]2)cc1
CHEMBL5783598,AR,7.405,,4,0,Active,exact,Cc1cc(-c2ccn(CCNC(=O)c3cc(-c4cccnc4)n[nH]3)n2)ccc1C#N
CHEMBL5565380,AR,6.920,,1,0,Active,exact,CCOC(=O)c1ccc(NC(=O)c2ccc(S(=O)(=O)NC3CCCCCC3)cc2)s1
CHEMBL1210841,AR,7.300,,1,0,Active,exact,C[C@]12O[C@](C)(C(=O)N(CC3CC3)C1=O)[C@H]1C(=O)N(c3ccc(C#N)c(C(F)(F)F)c3)C(=O)[C@H]12
CHEMBL5555049,AR,8.440,,1,0,Active,exact,N#Cc1ccc(O[C@H]2CC[C@H](NC(=O)c3ccc(N4CCC(CC5CN(CCCF)C5)CC4)nn3)CC2)cc1Cl
CHEMBL5422234,AR,5.000,,1,0,,exact,CN1CCN(c2ccc(C(=O)N3CCC4(C3)CN(c3ccc(C#N)c(Cl)c3)C4)cc2)CC1
CHEMBL5419937,AR,6.215,,2,0,Active,exact,C[C@](O)(Cn1ncc2c(C(F)(F)F)cccc21)C(=O)Nc1ccc(C#N)c(C(F)(F)F)c1
CHEMBL349539,AR,6.570,,1,0,Active,exact,CC1=C(C)C(C)(C)Nc2cc3nc(O)cc(C(F)(F)F)c3cc21
CHEMBL42336,AR,,4.523,0,1,Inactive,censored,CSCC[C@H](N)C(=O)O
CHEMBL49978,AR,5.630,,1,0,,exact,C=C1C=C(C)CC(C)(C)C1C/C=C/c1cc(OC)c(Br)cc1O
CHEMBL5281425,AR,5.680,,1,0,,exact,Cc1c(O)c(O)c(C=O)c(COCc2cccc(F)c2)c1-c1ccc(C(F)(F)F)cc1
CHEMBL3263750,AR,,5.000,0,1,,censored,COc1cc(C2=NN(c3ccc(C#N)c(C)c3)[C@@H](C3CCCC3)C2)ccc1C(=O)O
CHEMBL1934441,AR,8.370,,2,0,Active,exact,COC(=O)c1c(-c2ccc(C#N)c(C(F)(F)F)c2)c(C)n(Cc2ccccc2)c1C
CHEMBL5181000,AR,6.010,,1,0,Active,exact,C[C@]12CC[C@H](NC(=O)c3ccnnc3)CC1=CC[C@@H]1[C@@H]2CC[C@]2(C)C(n3ccnc3)=CC[C@@H]12
CHEMBL227784,AR,8.800,,1,0,Active,exact,O=c1cc(C(F)(F)F)c2cc3c(cc2[nH]1)OCCN3CC1CC1
CHEMBL157344,AR,6.450,,1,0,Active,exact,CC1c2cc3c(C(F)(F)F)cc(O)nc3cc2NC(C)(C)C1(C)C
CHEMBL3263764,AR,5.070,,1,0,,exact,CNC(=O)c1ccc(C2=NN(c3ccc(C#N)c(C)n3)[C@@H](C3CCCC3)C2)nc1OC
CHEMBL30008,AR,,4.523,0,1,Inactive,censored,Fc1ccc(C(c2ccc(F)cc2)N2CCN(C/C=C/c3ccccc3)CC2)cc1
CHEMBL481939,AR,6.490,,2,0,Active,exact,Cc1ccc(CN(c2ccc([N+](=O)[O-])cc2)c2cc(C(=O)N3CCCC3)n(C)c2)cc1
CHEMBL2346968,AR,5.800,,1,0,,exact,Fc1ccc(CN2CCN(c3ccc4nnc(C(F)(F)F)n4n3)CC2)cc1
CHEMBL5085150,AR,,4.301,0,1,Inactive,censored,O=C(Nc1ccc2c(C(F)(F)F)cc(=O)oc2c1)c1ccccc1
CHEMBL6167670,AR,7.750,,3,0,Active,exact,Cc1oc(-c2cccc(C(F)(F)F)c2)cc1C(=O)Nc1nc(CN2CCOCC2)ns1
CHEMBL1083253,AR,,5.000,0,1,,censored,Fc1ccc(-n2ncc3cc(-c4ccccc4)ccc32)cc1
CHEMBL1201256,AR,,4.523,0,1,Inactive,censored,COc1cc(C(=O)NCc2ccc(OCCN(C)C)cc2)cc(OC)c1OC
CHEMBL1305,AR,,4.523,0,1,Inactive,censored,c1ccc(CN(CC2=NCCN2)c2ccccc2)cc1
CHEMBL1323,AR,,4.523,0,1,Inactive,censored,CC(C)CN(C[C@@H](O)[C@H](Cc1ccccc1)NC(=O)O[C@H]1CO[C@H]2OCC[C@H]21)S(=O)(=O)c1ccc(N)cc1
CHEMBL5433104,AR,6.030,,1,0,Active,exact,Cn1ncc2cc(-c3cc(C(N)=O)ccc3NCc3ccccc3)ccc21
CHEMBL3828139,AR,6.150,,1,0,Active,exact,CC(O)(CSc1cc(C(F)(F)F)cc(C(F)(F)F)c1)C(=O)Nc1ccc([N+](=O)[O-])c(C(F)(F)F)c1
CHEMBL159,AR,,4.523,0,2,Inactive,censored,CC[C@]1(O)C[C@@H]2CN(CCc3c([nH]c4ccccc34)[C@@](C(=O)OC)(c3cc4c(cc3OC)N(C)[C@H]3[C@@](O)(C(=O)OC)[C@H](OC(C)=O)[C@]5(CC)C=CCN6CC[C@]43[C@@H]65)C2)C1
CHEMBL6051653,AR,,4.523,0,1,Inactive,censored,C[C@@H](c1ccc(N)cc1)c1ccc([C@@H]2O[C@@H]3C[C@H]4[C@@H]5C[C@H](F)C6=CC(=O)C=C[C@]6(C)[C@@]5(F)[C@@H](O)C[C@]4(C)[C@]3(C(=O)CO)O2)cc1
CHEMBL2355051,AR,6.250,,1,0,Active,exact,CCN(CC)CCOc1ccc(C(=C(Cl)c2ccccc2)c2ccccc2)cc1
CHEMBL102541,AR,5.590,,1,0,,exact,CC1=CC(C)(C)Nc2ccc3c(c21)C(c1cc(Cl)cc(Cl)c1)Oc1ccccc1-3
CHEMBL1047,AR,,4.523,0,1,Inactive,censored,CC(=O)Oc1c(C)c(C)c2c(c1C)CC[C@@](C)(CCC[C@H](C)CCC[C@H](C)CCCC(C)C)O2
CHEMBL6143949,AR,,4.301,0,1,Inactive,censored,CC(=O)Cc1nsc(NC(=O)c2coc(-c3cccc(C(F)(F)F)c3)n2)n1
CHEMBL95644,AR,5.470,,1,0,,exact,COc1cccc2c1-c1ccc3c(c1C(c1cccc(C(F)(F)F)c1)O2)C(C)=CC(C)(C)N3
CHEMBL429842,AR,7.300,,1,0,Active,exact,Cc1cc(-c2cc(F)c(F)c3cc[nH]c23)c(Cl)c2c1NC(C)(C)CC2C
CHEMBL5423296,AR,,4.523,0,1,Inactive,censored,CSc1ccc(C(N)=O)cc1-c1cccc(O)c1F
CHEMBL5076847,AR,,4.301,0,1,Inactive,censored,Oc1ccccc1/C=N/c1ccc(Cl)c(Cl)c1
CHEMBL1628227,AR,,4.523,0,1,Inactive,censored,CN(C)CCC=C1c2ccccc2COc2ccccc21
CHEMBL2103883,AR,,4.523,0,1,Inactive,censored,O=C(Nc1nc(-c2cc(Cl)cs2)c(N2CCN(C3CCCCC3)CC2)s1)c1cnc(N2CCC(C(=O)O)CC2)c(Cl)c1
CHEMBL246800,AR,7.770,,1,0,Active,exact,CCSCC(O)(c1nc2cc(Cl)c(Cl)cc2[nH]1)C(F)(F)F
CHEMBL3186538,AR,,4.523,0,1,Inactive,censored,COC1=C(C(=O)O)N2C(=O)[C@@H](NC(=O)[C@H](N)C3=CCC=CC3)[C@H]2SC1
CHEMBL4793442,AR,5.760,,3,3,,exact,C[C@](O)(Cn1ccc(-c2ccc(F)cc2)n1)C(=O)Nc1ccc(C#N)c(C(F)(F)F)c1
CHEMBL5947384,AR,,4.841,0,1,Inactive,censored,C[C@]12C=CC(=O)C=C1[C@@H](F)C[C@H]1[C@@H]3C[C@H]4O[C@@H](c5ccc(Cc6cccc(N)c6)cc5)O[C@@]4(C(=O)SCF)[C@@]3(C)C[C@H](O)[C@@]12F
CHEMBL188681,AR,,5.301,0,1,,censored,CC(C)(C)OC(=O)N1C[C@H]2C[C@@H]1[C@H]1C(=O)N(c3ccc(C#N)c(C(F)(F)F)c3)C(=O)N21
CHEMBL160257,AR,6.820,,1,0,Active,exact,C[C@@H]1c2cc3c(C(F)(F)F)cc(O)nc3cc2NC(C)(C)[C@H]1C
CHEMBL315818,AR,,4.523,0,1,Inactive,censored,NCC(CC(=O)O)c1ccccc1
CHEMBL5572462,AR,5.880,,1,0,,exact,C[C@](O)(CN1CCN(c2ccc([N+](=O)[O-])cc2)CC1)C(=O)Nc1ccc(C#N)c(C(F)(F)F)c1
CHEMBL6173586,AR,6.150,,1,0,Active,exact,CC(=O)Cc1nsc(NC(=O)c2coc(-c3cccc(C(F)(F)F)c3)c2)n1
CHEMBL4590504,AR,6.905,,2,0,Active,exact,C[C@](O)(Cn1ccc2ccc(F)cc21)C(=O)Nc1ccc(C#N)c(Cl)c1
CHEMBL2334343,AR,5.080,,1,0,,exact,CC[Si](CC)(c1ccc(OC[C@@H](O)CO)c(C)c1)c1ccc(OC[C@@H](O)C(C)(C)C)c(C)c1
CHEMBL2104786,AR,,4.523,0,1,Inactive,censored,CC(C)(CO)[C@@H](O)C(=O)NCCC(=O)NCCSSCCNC(=O)CCNC(=O)[C@H](O)C(C)(C)CO
CHEMBL32350,AR,,4.523,0,1,Inactive,censored,Cc1ccc2c(c1)c1c3n2CCNC3CCC1
CHEMBL920,AR,,4.523,0,1,Inactive,censored,C[N+](C)(C)CCO
CHEMBL352456,AR,6.710,,1,0,Active,exact,CCn1c(=O)cc(C(F)(F)F)c2cc3c(cc21)N[C@@H]1CCCC[C@H]31
CHEMBL3706903,AR,6.800,,1,0,Active,exact,CCc1cc2c(C(F)(F)F)cc(=O)[nH]c2cc1NCC(F)(F)F
CHEMBL5902603,AR,,5.000,0,1,,censored,CC(C)(NC(=O)c1ccc(Cl)s1)C(=O)Nc1ccc(Cl)cc1
CHEMBL256284,AR,7.750,,1,0,Active,exact,O=c1cc(C(F)(F)F)c2cc3c(cc2[nH]1)OC[C@@H](CC(F)(F)F)N3CC(F)(F)F
CHEMBL3904234,AR,6.560,,1,0,Active,exact,[C-]#[N+]c1ccc(N2C(=O)C(C)(C)N(c3ccc(N)cc3)C2=S)cc1C(F)(F)F
CHEMBL5185108,AR,6.440,,1,0,Active,exact,O=C(Cc1ccn(-c2ccc([N+](=O)[O-])c(C(F)(F)F)c2)n1)Nc1ccc(F)nc1
CHEMBL5202640,AR,7.420,,1,0,Active,exact,CN1C(=O)C=C[C@]2(C)[C@H]3CC[C@]4(C)C(C(=O)Nc5ccccc5C(F)(F)F)CC[C@H]4[C@@H]3CC[C@@H]12
CHEMBL5424031,AR,6.920,,1,0,Active,exact,CSc1ccc(C(=O)O)cc1-c1cncnc1
CHEMBL254316,AR,,4.523,0,1,Inactive,censored,Cc1nnc(C(=O)NC(C)(C)c2nc(C(=O)NCc3ccc(F)cc3)c(O)c(=O)n2C)o1
CHEMBL1152,AR,,4.523,0,1,Inactive,censored,CC(=O)OCC(=O)[C@@]1(O)CC[C@H]2[C@@H]3CCC4=CC(=O)C=C[C@]4(C)[C@H]3[C@@H](O)C[C@@]21C
CHEMBL471644,AR,8.000,,1,0,Active,exact,Cc1cccc(C)c1Oc1ccc(C#N)c(C(F)(F)F)c1
CHEMBL484662,AR,6.070,,2,0,Active,exact,O=c1cc(-c2ccc(O)cc2)oc2cccc(O)c12
CHEMBL5079698,AR,6.050,,1,0,Active,exact,O=c1cc(C(F)(F)F)c2ccc(OCc3ccc(C(F)(F)F)cc3)cc2o1
CHEMBL3588963,AR,6.290,,1,0,Active,exact,CNC(=O)c1ccc(N2C(=S)N(c3ccc(C#N)c(C(F)(F)F)c3)C(=O)C2(C)COCc2ccccc2)cc1F
CHEMBL5273410,AR,,5.301,0,1,,censored,Cc1c(O)c(O)c(C=O)c(COCc2ccccc2)c1-c1ccccc1Cl
CHEMBL3898284,AR,8.110,,2,0,Active,exact,C[C@@]12[C@@H]3C=C[C@@H](C3)[C@@H]1CN(c1ccc(C#N)c(C(F)(F)F)c1)S2(=O)=O
CHEMBL5398983,AR,6.355,,2,0,Active,exact,C[C@](O)(Cn1c2ccccc2c2cc(F)ccc21)C(=O)Nc1ccc(C#N)c(C(F)(F)F)c1
CHEMBL65717,AR,,4.523,0,1,Inactive,censored,Cc1cc2c(OCC(O)CNC(C)C)cccc2[nH]1
CHEMBL398455,AR,6.080,,1,0,Active,exact,C=C[C@]12CC[C@](C)(O)CC1=CC[C@H]1[C@@H]3CC[C@H](O)[C@@]3(C)CC[C@@H]12
CHEMBL3238295,AR,7.455,,2,0,Active,exact,COc1ccc(OC[C@](C)(O)C(=O)N2CCc3c(C#N)cccc32)c(F)c1
CHEMBL6163095,AR,5.660,,1,0,,exact,CCc1oc(-c2cccc(C(F)(F)F)c2)cc1C(=O)Nc1nc(CC(C)=O)ns1
CHEMBL529,AR,,4.523,0,1,Inactive,censored,CC[C@H]1OC(=O)[C@H](C)[C@@H](O[C@H]2C[C@@](C)(OC)[C@@H](O)[C@H](C)O2)[C@H](C)[C@@H](O[C@@H]2O[C@H](C)C[C@H](N(C)C)[C@H]2O)[C@](C)(O)C[C@@H](C)CN(C)[C@H](C)[C@@H](O)[C@]1(C)O
CHEMBL1957607,AR,6.980,,2,0,Active,exact,Cc1nn(-c2ccc(C#N)c(Cl)c2)c(C)c1Cc1ccc(C(=O)NC(C)(C)C)cc1
CHEMBL2397337,AR,5.010,,1,0,,exact,CCS(=O)(=O)Nc1cccc(-c2cc(=O)n(-c3ccc4ccccc4c3)nc2C)c1
CHEMBL2337519,AR,5.925,,4,0,,exact,CNC(=O)c1ccc([C@]2(O)CCN(c3ccc(C#N)c(F)c3)[C@H]2C)cn1
CHEMBL2337517,AR,6.770,,4,0,Active,exact,CNC(=O)c1ccc([C@]2(O)CCN(c3ccc(C#N)c(OC)c3)[C@H]2C)cn1
CHEMBL5201702,AR,6.290,,1,0,Active,exact,C[C@]12CC[C@H](NC(=O)c3ccncc3)CC1=CC[C@@H]1[C@@H]2CC[C@]2(C)C(n3ccnc3)=CC[C@@H]12
CHEMBL3819111,AR,7.700,,1,0,Active,exact,N#Cc1ccc(C(O)(c2ccc(Cl)s2)C(F)(F)F)cc1C(F)(F)F
CHEMBL112,AR,,4.523,0,1,Inactive,censored,CC(=O)Nc1ccc(O)cc1
CHEMBL345714,AR,,4.523,0,1,Inactive,censored,Cc1cnc(C(=O)O)c[n+]1[O-]
CHEMBL306700,AR,,4.523,0,1,Inactive,censored,CCOc1ccccc1OCC1CNCCO1
CHEMBL4793158,AR,5.320,,1,0,,exact,CC1(CO)NC(=O)N(c2ccc(F)c(C(F)(F)F)c2)C1=O
CHEMBL3900828,AR,6.860,,1,0,Active,exact,[C-]#[N+]c1ccc(N2C(=O)C3(CCC3)N(c3ccc(N4CCN(S(C)(=O)=O)CC4)cc3)C2=S)cc1C(F)(F)F
CHEMBL1288956,AR,5.850,,2,0,,exact,Oc1cccc2c1[nH]c1ccc(Br)cc12
CHEMBL4290001,AR,5.750,,1,0,,exact,O=C1CC(c2ccccc2O)Oc2ccc(Br)cc21
CHEMBL5800325,AR,7.100,,1,0,Active,exact,N#Cc1ccc(N2CCc3c(ncnc3Nc3ncns3)C2)cc1C(F)(F)F
CHEMBL1430,AR,,4.523,0,1,Inactive,censored,CC(C)(S)[C@@H](N)C(=O)O
CHEMBL5282270,AR,,5.301,0,1,,censored,Cc1ccccc1-c1c(C)c(O)c(O)c(C=O)c1COCc1ccccc1
CHEMBL204389,AR,5.340,,1,0,,exact,CO/C=C/[C@]12CC[C@H](O)CC1=CCC1C2CC[C@@]2(C)C1CC[C@@H]2O
CHEMBL163143,AR,7.010,,1,0,Active,exact,CN1c2cc3c(cc2[C@@]2(C)CCCC[C@@H]12)c(C(F)(F)F)cc(=O)n3C
CHEMBL398840,AR,5.500,,1,0,,exact,C=C[C@]12CCC(c3ccccc3)=CC1=CC[C@H]1[C@@H]3CC[C@H](O)[C@@]3(C)CC[C@@H]12
CHEMBL1682441,AR,5.840,,1,0,,exact,C[C@H]1c2c(cc(F)c(-c3cccc4cc[nH]c34)c2F)NC(C)(C)[C@@H]1O
CHEMBL829,AR,,4.523,0,1,Inactive,censored,CC(CN(C)C)CN1c2ccccc2Sc2ccccc21
CHEMBL1163976,AR,7.190,,1,0,Active,exact,Cc1cccc(C(=O)CC(Nc2ccc([N+](=O)[O-])cc2)c2cccc(F)c2)c1
CHEMBL1934438,AR,8.415,,2,0,Active,exact,Cc1cc(-c2ccc([N+](=O)[O-])cc2)c(C)n1Cc1ccccc1
CHEMBL6162405,AR,6.500,,1,0,Active,exact,COc1cc(NC(=O)[C@@](C)(O)CN2CC3CCC(C2)N3c2ccc(C#N)cc2)ccc1C#N
CHEMBL54922,AR,,4.523,0,1,Inactive,censored,O=C(O)[C@@H]1CCCN1
CHEMBL5855411,AR,,5.000,0,1,,censored,CC(C)(NC(=O)c1ccc(Br)s1)C(=O)Nc1ccc(Br)cc1
CHEMBL6983,AR,7.660,,1,0,Active,exact,C[C@H]1Cc2cc3c(C(F)(F)F)cc(O)nc3cc2N[C@@H]1C
CHEMBL1085593,AR,7.000,,3,0,Active,exact,CC1(C)CN(Cc2ccccc2)C(=O)[C@@H]1Oc1ccc(C#N)c(C(F)(F)F)c1
CHEMBL908,AR,,4.523,0,1,Inactive,censored,CN(C)CC/C=C1/c2ccccc2Sc2ccc(Cl)cc21
CHEMBL6172740,AR,,5.000,0,1,,censored,O=c1cc(C(F)(F)F)c2cc([N+](=O)[O-])c(OCc3ccc(Br)cc3)cc2o1
CHEMBL3317457,AR,5.325,,2,0,,exact,O=C(c1cc2ccc(F)cc2[nH]1)N(Cc1ccco1)Cc1ccco1
CHEMBL27276,AR,7.890,,1,0,Active,exact,CC(C)C1CCNc2cc3nc(O)cc(C(F)(F)F)c3cc21
CHEMBL1934434,AR,8.360,,2,0,Active,exact,COC(=O)c1c(-c2ccc([N+](=O)[O-])cc2)c(C)n(Cc2ccccc2)c1C
CHEMBL3692352,AR,5.960,,2,0,,exact,CC[C@]12CC[C@H]3[C@@H](C=CC4=CC(=O)CC[C@@H]43)[C@@H]1CC[C@@]21C=CCO1
CHEMBL5564844,AR,5.800,,2,0,,exact,COc1cc(C#N)ccc1N1C2CCC1CN(C[C@](C)(O)C(=O)Nc1ccc(C#N)c(C(F)(F)F)c1)C2
CHEMBL1084013,AR,5.500,,1,0,,exact,COc1cccc(S(=O)(=O)Nc2ccc(-c3ccc4c(cnn4-c4ccc(F)cc4)c3)c(C(F)(F)F)c2)c1
CHEMBL5787030,AR,6.500,,1,0,Active,exact,CC1(C)C(=O)N(c2ccc(C#N)c(C(F)(F)F)c2)C(=S)N1c1ccc(CNC(=O)c2cncnc2)c(F)c1
CHEMBL3964502,AR,,5.000,0,1,,censored,C[C@H](NC(=O)CO)[C@H](Oc1ccc2c(cnn2-c2ccc(F)cc2)c1)c1ccc(S(C)(=O)=O)cc1
CHEMBL253535,AR,8.925,,2,0,Active,exact,O=c1cc(C(F)(F)F)c2c3c(ccc2[nH]1)-c1c(O)cccc1OC3
CHEMBL4059979,AR,5.090,,1,0,,exact,COc1ccc(-c2csc(N3C(=O)c4ccc(F)cc4C3=O)n2)cc1
CHEMBL570,AR,,4.523,0,1,Inactive,censored,CN(C)CCCN1c2ccccc2Sc2ccc(C(F)(F)F)cc21
CHEMBL978,AR,,4.523,0,1,Inactive,censored,CC(=O)OC(C)C[N+](C)(C)C
CHEMBL6176662,AR,5.040,,1,0,,exact,CC(=O)Cc1nsc(NC(=O)c2cc(-c3cccc(C(F)(F)F)c3)sc2C)n1
CHEMBL133331,AR,6.500,,1,0,Active,exact,CC1=CC(C)(C)Nc2cc3nc(Cl)cc(C(F)(F)F)c3cc21
CHEMBL4100251,AR,6.910,,2,0,Active,exact,Cn1c(C#N)ccc1-c1ccc(O)cc1[N+](=O)[O-]
CHEMBL461522,AR,,4.523,0,1,Inactive,censored,Cc1c(N(C)CS(=O)(=O)O)c(=O)n(-c2ccccc2)n1C
CHEMBL5966371,AR,7.050,,1,0,Active,exact,CC(C)(O)c1ccc(Nc2ncnc3c2CCN(c2ccc(C#N)c(C(F)(F)F)c2)C3)nn1
CHEMBL558664,AR,6.600,,1,0,Active,exact,CN1CC[C@H](N(Cc2ccccc2C(F)(F)F)c2ccc(C#N)c(Cl)c2)C1
CHEMBL4227287,AR,5.960,,1,0,,exact,CC(C)C[C@H](NC(=O)[C@@H](O)[C@H](N)Cc1ccccc1)C(=O)NCCOCCOCCOCCNC(=O)c1ccc(S(=O)(=O)CC(C)(O)C(=O)Nc2ccc(C#N)c(C(F)(F)F)c2)cc1
CHEMBL3132993,AR,4.500,,1,0,Inactive,exact,CC[C@H](C)[C@H](NC(=O)[C@H](CS)NC(=O)[C@H](Cc1ccc(Cl)cc1)NC(=O)[C@H](CC(C)C)NC(=O)[C@H](CCC(=O)O)NC(=O)[C@H](CS)NC(=O)[C@H](Cc1ccccc1)NC(=O)[C@H](CCCNC(=N)N)NC(=O)[C@@H](N)CC(N)=O)C(=O)N[C@@H](CCC(N)=O)C(=O)NCC(=O)N[C@H](C(=O)NCC(=O)N[C@@H](CC(=O)O)C(=O)N[C@H](C(=O)N[C@@H](CCCCN)C(=O)N[C@@H](C)C(=O)N[C@@H](CS)C(=O)N[C@@H](CCC(=O)O)C(=O)N[C@@H](Cc1c[nH]c2ccccc12)C(=O)N[C@@H](C)C(=O)N[C@@H](CS)C(=O)N[C@@H](CCC(N)=O)C(=O)O)C(C)C)[C@@H](C)O
CHEMBL4876793,AR,6.850,,2,0,Active,exact,CNC(=O)c1cc2c(cc1F)C[C@@]1(C2)C(=O)N(c2cnc(C#N)c(C(F)(F)F)c2)C(=S)N1C(C)C
CHEMBL403061,AR,7.920,,1,0,Active,exact,COc1cc(N2C(=O)[C@@H]3[C@H](C2=O)C2(C)CCC3(C)O2)ccc1-c1cnco1
CHEMBL348495,AR,6.480,,1,0,Active,exact,CC1(C)C(=O)N(c2ccc(C#N)c(C(F)(F)F)c2)C(=O)N1CCOCCOCCOCc1ccc(O)c(C(N)=O)c1
CHEMBL445409,AR,,5.000,0,1,,censored,N#Cc1ccc(-c2ccccc2OCC(=O)O)cc1C(F)(F)F
CHEMBL3706889,AR,7.440,,1,0,Active,exact,O=c1cc(C(F)(F)F)c2ccc(NCC(F)(F)C(F)(F)F)cc2[nH]1
CHEMBL4591353,AR,6.000,,1,0,Active,exact,CN1CCN(c2ccc([C@H]3C[C@@]4(C)[C@@H](CC[C@@]4(O)C#CC(C)(C)C)[C@@H]4CCC5=CC(=O)CC[C@@H]5[C@H]43)cc2)CC1
CHEMBL5557813,AR,7.265,,2,0,Active,exact,N#Cc1ccc(O[C@H]2CC[C@H](NC(=O)c3ccc(N4CCC(CC5CN(CCCC(F)(F)C(F)(F)F)C5)CC4)nn3)CC2)cc1Cl
CHEMBL216949,AR,6.650,,1,0,Active,exact,CCCCN(CCCC)c1ccc2nc(O)cc(C(F)(F)F)c2c1
CHEMBL6145646,AR,,5.000,0,1,,censored,O=c1cc(C(F)(F)F)c2cc(N3CCOCC3)c(OCc3ccc(Br)cc3)cc2o1
CHEMBL1201392,AR,6.060,,1,0,Active,exact,C[C@@H]1C[C@H]2[C@@H]3C[C@H](F)C4=CC(=O)C=C[C@]4(C)[C@@]3(F)[C@@H](O)C[C@]2(C)[C@@]1(O)C(=O)CO
CHEMBL3682520,AR,6.390,,1,0,Active,exact,OC1(C(F)(F)F)CCCc2c1[nH]c1cc(Cl)c(Cl)c(Cl)c21
CHEMBL1187445,AR,,4.523,0,1,Inactive,censored,NC[C@H]1CC[C@H](C(=O)Oc2ccc(CCC(=O)O)cc2)CC1
CHEMBL437214,AR,6.310,,1,0,Active,exact,Cc1ccc(N2C(=O)[C@@H]3C4CCC(O4)[C@@H]3C2=O)cc1Cl
CHEMBL4292968,AR,5.850,,1,0,,exact,O=C(/C=C/c1ccccc1O)c1cc(F)ccc1O
CHEMBL3926358,AR,7.830,,2,0,Active,exact,C[C@@]12[C@@H]3CC[C@@H](C3)[C@@H]1CN(c1ccc(C#N)c(C(F)(F)F)c1)S2(=O)=O
CHEMBL227875,AR,,4.523,0,1,Inactive,censored,O=[N+]([O-])c1cn2c(n1)OC[C@@H](OCc1ccc(OC(F)(F)F)cc1)C2
CHEMBL3932783,AR,6.850,,2,0,Active,exact,N#Cc1cccc2c(O[C@H]3CC[C@H](NC(=O)c4ccc(F)cc4)CC3)ccnc12
CHEMBL5901366,AR,7.800,,1,0,Active,exact,C[C@@H](n1ccc2c(Cl)c(C#N)ccc21)[C@](C)(O)C(F)(F)F
CHEMBL3818826,AR,8.100,,1,0,Active,exact,CC(C)C(O)(c1ccc(C#N)c(C(F)(F)F)c1)C(F)(F)F
CHEMBL4876455,AR,,4.824,0,2,Inactive,censored,CNC(=O)c1ccc2c(c1)CC1(C2)NC(=S)N(c2cnc(C#N)c(C(F)(F)F)c2)C1=O
CHEMBL1025,AR,,4.523,0,1,Inactive,censored,CC(C)OP(=O)(F)OC(C)C
CHEMBL178333,AR,8.300,,7,0,Active,exact,O=C1[C@@H]2C3CCC(C3)[C@@H]2C(=O)N1c1ccc([N+](=O)[O-])c(C(F)(F)F)c1
CHEMBL559485,AR,6.540,,1,0,Active,exact,CN1C(=O)C=C[C@]2(C)[C@H]3CC[C@]4(C)[C@@H](O)/C(=C/c5ccccn5)C[C@H]4[C@@H]3CC[C@@H]12
CHEMBL33864,AR,,4.523,0,1,Inactive,censored,O=C(O)CCCCC1CCSS1
CHEMBL375492,AR,,4.523,0,1,Inactive,censored,CC(=O)Nc1ccc(/C=N/NC(N)=S)cc1
CHEMBL62193,AR,,4.523,0,1,Inactive,censored,COc1cc(NS(=O)(=O)c2ccc(N)cc2)nc(OC)n1
CHEMBL5090667,AR,5.470,,1,0,,exact,O=S(=O)(Nc1ccc(OCc2ccccc2)cc1)c1cc(Cl)ccc1Cl
CHEMBL1290632,AR,6.220,,2,0,Active,exact,OC1(C(F)(F)F)CCCCc2c1[nH]c1c(Cl)cc(Cl)cc21
CHEMBL5075240,AR,5.640,,1,0,,exact,O=S(=O)(Nc1ccc(OCc2ccccc2)cc1)c1ccc(F)cc1
CHEMBL204317,AR,6.920,,1,0,Active,exact,C[C@]12CCC3C(CC=C4C[C@@H](O)CC[C@@]43/C=C/Br)C1CC[C@@H]2O
CHEMBL257151,AR,8.550,,2,0,Active,exact,Cc1cc(=O)[nH]c2ccc3c(c12)COc1cccc(CO)c1-3
CHEMBL1201016,AR,,4.523,0,1,Inactive,censored,COCC1=C(C(=O)OC(C)OC(=O)OC(C)C)N2C(=O)[C@@H](NC(=O)/C(=N\OC)c3csc(N)n3)[C@H]2SC1
CHEMBL5082962,AR,6.330,,1,0,Active,exact,O=c1cc(C(F)(F)F)c2ccc(OCc3ccc(F)cc3)cc2o1
CHEMBL5875641,AR,,4.523,0,1,Inactive,censored,C[C@]12C=CC(=O)C=C1[C@@H](F)C[C@H]1[C@@H]3C[C@H]4O[C@@H](c5ccc(CSc6ccc(N)c(Cl)c6)cc5)O[C@@]4(C(=O)CO)[C@@]3(C)C[C@H](O)[C@@]12F
CHEMBL5574403,AR,5.850,,1,0,,exact,C[C@](O)(CN1CCN(c2cccc(C#N)c2)CC1)C(=O)Nc1ccc(C#N)c(C(F)(F)F)c1
CHEMBL5742711,AR,8.700,,1,0,Active,exact,N#Cc1ccc(N2CCc3c(ncnc3Nc3ccc(C(=O)NCC(F)(F)F)nn3)C2)cc1Cl
CHEMBL518945,AR,7.590,,4,0,Active,exact,Cn1cc(N(Cc2ccccc2)c2ccc([N+](=O)[O-])cc2)cc1C(=O)N1CCCC1
CHEMBL1200490,AR,,4.523,0,1,Inactive,censored,CC(=O)N[C@H](Cc1ccc2ccccc2c1)C(=O)N[C@H](Cc1ccc(Cl)cc1)C(=O)N[C@H](Cc1cccnc1)C(=O)N[C@@H](CO)C(=O)N[C@@H](Cc1ccc(O)cc1)C(=O)N[C@H](CCCNC(N)=O)C(=O)N[C@@H](CC(C)C)C(=O)N[C@@H](CCCNC(=N)N)C(=O)N1CCC[C@H]1C(=O)N[C@H](C)C(N)=O
CHEMBL4114801,AR,6.650,,1,0,Active,exact,[C-]#[N+]c1ccc(N2C(=S)N(c3ccc(C)cc3)C3(CCC3)/C2=N/C)cc1C(F)(F)F
CHEMBL1618102,AR,,4.523,0,1,Inactive,censored,CCCC[N+]1(C)[C@@H]2C[C@@H](OC(=O)[C@H](CO)c3ccccc3)C[C@H]1[C@@H]1O[C@@H]12
CHEMBL404,AR,,4.523,0,1,Inactive,censored,C[C@]1(Cn2ccnn2)[C@H](C(=O)O)N2C(=O)C[C@H]2S1(=O)=O
CHEMBL3337725,AR,,5.000,0,1,,censored,Cn1ncc(-c2ccc3c(c2)NC(=O)CO3)c1-c1ccc(F)cc1
CHEMBL2113263,AR,,5.000,0,1,,censored,CCCc1cc(-c2nc3c(s2)CCCC3)ccc1OCCCOc1ccc2c(c1)CC[C@H]2CC(=O)O
CHEMBL6146204,AR,7.110,,1,0,Active,exact,CCN(Cc1ccc(Cl)cc1)c1ccc2c(C(F)(F)F)cc(=O)oc2c1
CHEMBL707,AR,,4.523,0,1,Inactive,censored,COc1cc2nc(N3CCN(C(=O)C4COc5ccccc5O4)CC3)nc(N)c2cc1OC
CHEMBL3695608,AR,6.520,,1,0,Active,exact,C[C@]12CC[C@H]3[C@@H]([C@H](C4CC4)CC4=CC(=O)CC[C@@H]43)[C@@H]1CC[C@@]21C=CC(=O)O1
CHEMBL4092687,AR,4.550,,1,0,Inactive,exact,COc1ccc(NC(=N)NCCCOc2ccc(F)cc2)cc1
CHEMBL1511,AR,7.340,,1,0,Active,exact,CCCCC(=O)O[C@H]1CC[C@H]2[C@@H]3CCc4cc(O)ccc4[C@H]3CC[C@]12C
CHEMBL577945,AR,,5.398,0,1,,censored,C[C@]12Cn3cnc(-c4ccc(F)cc4)c3C=C1CCC[C@@H]2[C@](C)(O)c1ccc(F)cc1
CHEMBL413309,AR,5.945,,2,0,,exact,CC1=CC(C)(C)Nc2ccc3c(c21)/C(=C/c1ccccc1)Oc1c(F)cccc1-3
CHEMBL4756377,AR,,5.000,0,1,,censored,CC1(C)NC(=O)N(c2cnccn2)C1=O
CHEMBL4594371,AR,,4.523,0,1,Inactive,censored,CCO/N=C(\C(=O)N[C@@H]1C(=O)N2C(C(=O)[O-])=C(Sc3nc(-c4cc[n+](C)cc4)cs3)CS[C@H]12)c1nsc(N)n1
CHEMBL1830787,AR,5.450,,1,0,,exact,CCOC(=O)CN1CC(C)(C)C(Oc2ccc(C#N)c(C(F)(F)F)c2)C1=O
CHEMBL157138,AR,,4.523,0,1,Inactive,censored,CCN(CC)C(=O)N[C@H]1C=C2c3cccc4[nH]cc(c34)C[C@H]2N(C)C1
CHEMBL2403349,AR,5.720,,1,0,,exact,CC[Si](CC)(c1ccc(O)c(C)c1)c1ccc(O)c(C)c1
CHEMBL5267239,AR,,4.301,0,1,Inactive,censored,C[C@]12CC[C@H](O)CC1CCC1=C3CC[C@H](c4ccc(=O)oc4)[C@@]3(C)CCC12
CHEMBL249072,AR,7.140,,1,0,Active,exact,CC1CCN(c2cc(C(F)(F)F)c(C#N)cn2)CC1
CHEMBL3184512,AR,,4.523,0,1,Inactive,censored,CCC[C@@H]1C[C@@H](C(=O)N[C@@H]([C@H]2O[C@H](SC)[C@H](OP(=O)(O)O)[C@@H](O)[C@H]2O)[C@H](C)Cl)N(C)C1
CHEMBL4857366,AR,5.960,,3,0,,exact,C[C@](O)(Cn1cncn1)C(=O)Nc1ccc(C#N)c(C(F)(F)F)c1
CHEMBL6148307,AR,6.580,,1,0,Active,exact,Cc1oc(-c2cc(Cl)cc(C(F)(F)F)c2)cc1C(=O)Nc1nc(CN2CCOCC2)ns1
CHEMBL3819324,AR,8.700,,1,0,Active,exact,N#Cc1ccc(C(O)(c2nccs2)C(F)(F)F)cc1C(F)(F)F
CHEMBL16073,AR,,4.523,0,1,Inactive,censored,CCOc1ccc(NC(C)=O)cc1
CHEMBL3706899,AR,7.890,,1,0,Active,exact,CCC(C)c1cc2c(C(F)(F)F)cc(=O)[nH]c2cc1N
CHEMBL3692351,AR,6.800,,1,0,Active,exact,CC[C@]12CC[C@H]3[C@@H](CCC4=CC(=O)CC[C@@H]43)[C@@H]1CC[C@@]21C=CCO1
CHEMBL5209205,AR,8.250,,2,0,Active,exact,C[C@](O)(CCOc1ccc(F)cc1)C(=O)N1CCc2c(C#N)cccc21
CHEMBL1934429,AR,6.460,,2,0,Active,exact,CCOC(=O)c1c(-c2ccc([N+](=O)[O-])cc2)c(C)n(-c2ccccc2)c1C
CHEMBL3706946,AR,6.040,,1,0,Active,exact,COc1c(O)ccc2c1-c1ccc3c(c1/C(=C/c1cccc(O)c1)O2)C(C)=CC(C)(C)N3
CHEMBL5289372,AR,5.460,,1,0,,exact,Cc1c(O)c(O)c(C=O)c(COCc2ccccc2)c1-c1ccc(C(C)(C)C)cc1
CHEMBL229860,AR,8.810,,2,0,Active,exact,Cc1c(N2C(=O)N3CC[C@H](O)[C@H]3[C@@H]2C)ccc(C#N)c1Cl
CHEMBL5088995,AR,,4.301,0,1,Inactive,censored,O=C(Nc1ccc2c(C(F)(F)F)cc(=O)oc2c1)c1cccc(Cl)c1
CHEMBL1473,AR,6.880,,1,0,Active,exact,CCC(=O)O[C@]1(C(=O)SCF)[C@H](C)C[C@H]2[C@@H]3C[C@H](F)C4=CC(=O)C=C[C@]4(C)[C@@]3(F)[C@@H](O)C[C@@]21C
CHEMBL2386404,AR,6.440,,2,0,Active,exact,O=c1cc(-c2ccc(Cl)cc2)oc2cccc(F)c12
CHEMBL4452917,AR,5.650,,1,0,,exact,CC#C[C@]1(O)CC[C@H]2[C@@H]3CCC4=CC(=O)CC[C@]4(C)[C@H]3[C@@H](c3ccc(N(C)C(C)C)cc3)C[C@@]21C
CHEMBL1702133,AR,,3.699,0,1,Inactive,censored,O=C(O)CCn1c(SCCOc2ccccc2)nc2ccccc21
CHEMBL516,AR,,4.523,0,1,Inactive,censored,CN1CCC(=C2c3ccccc3C=Cc3ccccc32)CC1
CHEMBL1064,AR,,4.523,0,1,Inactive,censored,CCC(C)(C)C(=O)O[C@H]1C[C@@H](C)C=C2C=C[C@H](C)[C@H](CC[C@@H]3C[C@@H](O)CC(=O)O3)[C@H]21
CHEMBL4068562,AR,6.525,,2,0,Active,exact,Cn1c(C#N)ccc1-c1ccc(O)c(F)c1
CHEMBL5428715,AR,,4.000,0,2,Inactive,censored,C[C@](O)(Cn1nnc2cc(-c3ccc(F)cc3)ccc21)C(=O)Nc1ccc(C#N)c(C(F)(F)F)c1
CHEMBL4798945,AR,5.410,,1,0,,exact,N#Cc1ccc(N2C(=O)C3CCc4cc(-c5cccnc5)ccc4N3C2=S)cc1C(F)(F)F
CHEMBL3965705,AR,6.950,,1,0,Active,exact,[C-]#[N+]c1ccc(N2C(=O)C3(CCC3)N(c3ccc(CCCC(N)=O)cc3)C2=S)cc1C(F)(F)F
CHEMBL3183067,AR,,4.523,0,1,Inactive,censored,CC(=O)OC(C)OC(=O)C(C)c1ccc(-c2ccccc2)c(F)c1
CHEMBL258384,AR,5.800,,1,0,,exact,C=CCC1Oc2cccc(OC)c2-c2ccc3[nH]c(=O)cc(C)c3c21
CHEMBL5075949,AR,,4.301,0,1,Inactive,censored,O=C(c1ccccc1)c1ccc(/N=C/c2ccccc2O)cc1
CHEMBL569044,AR,,5.398,0,1,,censored,C[C@]12Cn3cnc(-c4ccc(F)cc4)c3C=C1CCC[C@@H]2[C@](C)(O)c1ccsc1
CHEMBL224770,AR,6.550,,1,0,Active,exact,CCCCN(C)C(=O)CCCCCCCC1C[C@H]2CC(=O)CC[C@]2(C)[C@H]2CC[C@]3(C)[C@@H](O)CC[C@H]3[C@H]12
CHEMBL3936716,AR,6.130,,1,0,Active,exact,[C-]#[N+]c1ccc(N2C(=O)C3(CCC3)N(c3ccc(CCC(=O)NCCO)cc3)C2=S)cc1C(F)(F)F
CHEMBL4064645,AR,4.640,,1,0,Inactive,exact,C[C@]12CCC(=O)N[C@@H]1CC[C@@H]1[C@@H]2CC[C@]2(C)[C@@H](C(=O)Nc3ccccc3)CC[C@@H]12
CHEMBL3932464,AR,7.800,,3,0,Active,exact,CCS(=O)(=O)N[C@@H]1C[C@@]2(C)O[C@]1(C)[C@@H]1C(=O)N(c3ccc(C#N)c(C(F)(F)F)c3)C(=O)[C@@H]12
CHEMBL350877,AR,7.105,,2,0,Active,exact,CC1(C)C=Cc2cc3c(C(F)(F)F)cc(O)nc3cc2N1
CHEMBL1405,AR,5.680,,1,0,,exact,C[C@]12CC[C@@H]3c4ccc(O)cc4CC[C@H]3[C@@H]1CCC2=O
CHEMBL5744083,AR,,4.523,0,1,Inactive,censored,C[C@H](c1ccc(N)cc1)c1ccc([C@@H]2O[C@@H]3C[C@H]4[C@@H]5C[C@H](F)C6=CC(=O)C=C[C@]6(C)[C@@]5(F)[C@@H](O)C[C@]4(C)[C@]3(C(=O)CO)O2)cc1
CHEMBL334491,AR,,4.523,0,1,Inactive,censored,CC(C)(C)N1CCC(c2ccccc2)(c2ccccc2)CC1
CHEMBL5589667,AR,6.090,,1,0,Active,exact,C[C@](O)(CN1CCN(c2ccc(C#N)c(F)c2)CC1)C(=O)Nc1ccc(C#N)c(C(F)(F)F)c1
CHEMBL4585987,AR,6.385,,2,0,Active,exact,C[C@](O)(Cn1ccc2cccc(F)c21)C(=O)Nc1ccc(C#N)c(Cl)c1
CHEMBL44746,AR,,4.523,0,1,Inactive,censored,COc1c2occc2c(OC)c2c(=O)cc(C)oc12
CHEMBL1256871,AR,,4.523,0,1,Inactive,censored,CC(C)COC(=O)OCN1C(=O)CN(CCN2CC(=O)N(COC(=O)OCC(C)C)C(=O)C2)CC1=O
CHEMBL446626,AR,8.520,,1,0,Active,exact,CC12CCC(C)(O1)[C@H]1C(=O)N(c3ccc(C#N)c4nsnc34)C(=O)[C@H]12
CHEMBL374121,AR,8.770,,1,0,Active,exact,O=C1C2CCCN2C(=O)N1c1ccc([N+](=O)[O-])c2ccccc12
CHEMBL1957615,AR,7.580,,2,0,Active,exact,Cc1nn(-c2ccc(C#N)c(Cl)c2)c(C)c1Oc1ccc(F)cc1
CHEMBL469983,AR,6.800,,1,0,Active,exact,COc1cccc(F)c1Oc1ccc(C#N)c(C(F)(F)F)c1
CHEMBL3818854,AR,8.800,,1,0,Active,exact,Cc1c(C#N)ccc(C(O)(C2CC2)C(F)(F)F)c1C
CHEMBL4060981,AR,4.590,,1,0,Inactive,exact,Cc1ccc(-c2csc(N3C(=O)c4ccc(F)cc4C3=O)n2)cc1
CHEMBL6172794,AR,6.710,,1,0,Active,exact,C[C@](O)(CN1CC2CCC(C1)N2c1ccc(C#N)cc1)C(=O)Nc1ccc([N+](=O)[O-])c(C(F)(F)F)c1
CHEMBL133825,AR,,6.000,0,1,,censored,Cc1c2c(cc3c(C(F)(F)F)cc(F)nc13)C(C)CC(C)(C)N2
CHEMBL2346976,AR,5.660,,5,1,,exact,CC(=O)N1CCN(CCOc2ccc(C3CCN(C4=Nn5c(nnc5C(F)(F)F)CC4)CC3)cc2)CC1
CHEMBL4864867,AR,6.520,,1,0,Active,exact,Cc1cccc2c(-c3ccc4ccc(F)cc4n3)c[nH]c12
CHEMBL5796430,AR,7.615,,4,0,Active,exact,C[C@@H](Cn1ccc(-c2ccc(C#N)c(Cl)c2)n1)NC(=O)c1[nH]nc2c1COCC2
CHEMBL6177718,AR,6.570,,1,0,Active,exact,O=C(Nc1nc(CN2CCNCC2)ns1)C1=Cc2cc(Cl)ccc2OC=C1
CHEMBL2111076,AR,,4.523,0,1,Inactive,censored,CC(N)CCCC(C)(C)O
CHEMBL315838,AR,,4.523,0,1,Inactive,censored,COc1ccc(C(=O)Nc2ccccc2CCC2CCCCN2C)cc1
CHEMBL102720,AR,5.730,,1,0,,exact,CC1=CC(C)(C)Nc2ccc3c(c21)C(c1ccc(Cl)c(C)c1)Oc1ccccc1-3
CHEMBL180859,AR,7.725,,2,0,Active,exact,O=C1[C@@H]2C3C=CC(C3)[C@@H]2C(=O)N1c1ccc(F)c(Cl)c1
CHEMBL43064,AR,,4.523,0,1,Inactive,censored,C(=C/c1ccccc1)\CN1CCN(C(c2ccccc2)c2ccccc2)CC1
CHEMBL487116,AR,,5.523,0,1,,censored,N#Cc1cc(F)cc(-c2ccc3c(c2)C(c2ccco2)(c2ccco2)OCC(=O)N3)c1
CHEMBL444991,AR,5.510,,1,0,,exact,Cc1cc(C)cc(Nc2cc(C(=O)N3CCCC3)n(C)c2)c1
CHEMBL1387,AR,7.520,,1,0,Active,exact,C#C[C@]1(O)CC[C@H]2[C@@H]3CCC4=C(CCC(=O)C4)[C@H]3CC[C@@]21C
CHEMBL3910485,AR,6.710,,1,0,Active,exact,[C-]#[N+]c1ccc(N2C(=O)C3(CCCCC3)N(c3ccc(C)cc3)C2=S)cc1C(F)(F)F
CHEMBL4294564,AR,5.790,,1,0,,exact,O=C(/C=C/c1ccccc1O)c1cc(I)ccc1O
CHEMBL384975,AR,7.800,,1,0,Active,exact,C#C[C@]1(O)CC[C@H]2[C@@H]3CCC4=CC(=O)CCC4=C3[C@@H](c3ccc(N(C)CCNC(=O)N(C)C4CC[C@@]5(C)[C@@H](C4)C[C@@H](O)[C@@H]4[C@@H]5C[C@H](O)[C@]5(C)[C@@H]([C@H](C)CCC(=O)O)CC[C@@H]45)cc3)C[C@@]21C
CHEMBL6148700,AR,7.660,,1,0,Active,exact,COc1cccc(-c2cc(C(=O)Nc3nc(CN4CCOCC4)ns3)c(C)o2)c1
CHEMBL411185,AR,7.680,,1,0,Active,exact,C#C[C@]1(O)CC[C@H]2[C@@H]3CCC4=CC(=O)CCC4=C3[C@@H](c3ccc(N(C)C(=O)CNC(=O)OC4CC[C@@]5(C)[C@@H](C4)C[C@@H](O)[C@@H]4[C@@H]5C[C@H](O)[C@]5(C)[C@@H]([C@H](C)CCC(=O)O)CC[C@@H]45)cc3)C[C@@]21C
CHEMBL2346970,AR,5.430,,1,0,,exact,OC1(c2ccc(F)cc2)CCN(c2ccc3nnc(C(F)(F)F)n3n2)CC1
CHEMBL5571658,AR,5.790,,1,0,,exact,C[C@](O)(CN1CCN(c2ccc(C(F)(F)F)cc2)CC1)C(=O)Nc1ccc(C#N)c(C(F)(F)F)c1
CHEMBL427898,AR,9.050,,2,0,Active,exact,COc1c(O)ccc2oc(=O)c3c(ccc4[nH]c(=O)cc(C)c43)c12
CHEMBL1289601,AR,,4.523,0,1,Inactive,censored,COc1cc2nccc(Oc3ccc(NC(=O)NC4CC4)c(Cl)c3)c2cc1C(N)=O
CHEMBL4868501,AR,6.600,,3,0,Active,exact,C[C@](O)(Cn1cc(-c2ccc(F)cc2)nn1)C(=O)Nc1ccc(C#N)c(C(F)(F)F)c1
CHEMBL6172104,AR,5.000,,1,0,,exact,C[C@](O)(CN1CC2CCC(C1)N2Cc1ccc(C#N)cc1)C(=O)Nc1ccc(C#N)c(C(F)(F)F)c1
CHEMBL4740742,AR,6.610,,1,0,Active,exact,N#Cc1ccc(NC(=O)CS(=O)(=O)c2ccc(F)cc2)cc1C(F)(F)F
CHEMBL5440678,AR,6.870,,1,1,Active,exact,C[C@](O)(Cn1cc(/C=N\O)c2cc(F)ccc21)C(=O)Nc1cnc(C#N)c(C(F)(F)F)c1
CHEMBL1164485,AR,7.290,,1,0,Active,exact,O=C(CC(Nc1ccc([N+](=O)[O-])cc1)c1cccc(F)c1)c1cccc(F)c1
CHEMBL5288135,AR,5.600,,1,0,,exact,Cc1c(O)c(O)c(C=O)c(COCc2ccccc2F)c1-c1ccc(C(F)(F)F)cc1
CHEMBL1083885,AR,,5.000,0,1,,censored,Oc1cccc(-c2ccc3c(cnn3-c3ccc(F)cc3)c2)c1
CHEMBL5927140,AR,6.890,,1,0,Active,exact,N#Cc1ccc(N2CCc3c(ncnc3Nc3ccc(OCCn4ccnn4)nc3)C2)cc1C(F)(F)F
CHEMBL271227,AR,4.770,,1,0,Inactive,exact,CC(=O)O[C@H]1CC[C@@]2(C)C(=CC[C@@H]3[C@@H]2CC[C@]2(C)C(c4cccnc4)=CC[C@@H]32)C1
CHEMBL3695609,AR,6.770,,1,0,Active,exact,CC[C@]12CC[C@H]3[C@@H](CCC4=C(Cl)C(=O)CC[C@@H]43)[C@@H]1CC[C@@]21C=CC(=O)O1
CHEMBL2337512,AR,7.000,,5,1,Active,exact,CNC(=O)c1ccc([C@]2(O)CCN(c3ccc(C#N)c(Cl)c3)[C@H]2C)nc1
CHEMBL129,AR,,4.523,0,1,Inactive,censored,Cc1cn([C@H]2C[C@H](N=[N+]=[N-])[C@@H](CO)O2)c(=O)[nH]c1=O
CHEMBL78646,AR,6.750,,1,0,Active,exact,O=C1C=C2CCc3cc(O)ccc3[C@]2(Cc2ccccc2)CC1
CHEMBL437065,AR,5.750,,1,0,,exact,C#C[C@]12CC[C@H](O)CC1=CCC1C2CC[C@@]2(C)C1CC[C@@H]2O
CHEMBL218394,AR,,4.523,0,1,Inactive,censored,CC(C)(C)NC(=O)N[C@H](C(=O)N1C[C@H]2[C@@H]([C@H]1C(=O)NC(CC1CCC1)C(=O)C(N)=O)C2(C)C)C(C)(C)C
CHEMBL3622587,AR,5.470,,3,0,,exact,Cc1cccc(C)c1Cc1n[nH]c(=O)c2ccccc12
CHEMBL5173364,AR,5.870,,1,0,,exact,C[C@]12CC[C@H](NC(=O)c3ccnnc3)CC1=CC[C@@H]1[C@@H]2CC[C@]2(C)C(n3cnc4ccccc43)=CC[C@@H]12
CHEMBL569100,AR,,5.398,0,1,,censored,C[C@]12Cn3cnc(-c4ccc(F)cc4)c3C=C1CCC[C@@H]2[C@](C)(O)Cc1ccc(F)cc1
CHEMBL3589387,AR,6.900,,1,0,Active,exact,CNC(=O)c1ccc(N2C(=S)N(c3ccc(C#N)c(C(F)(F)F)c3)C(=O)C23CCOCC3)cc1F
CHEMBL402063,AR,6.640,,2,0,Active,exact,C/C=C1/C(=O)C[C@H]2[C@@H]3CCC4=CC(=O)CC[C@]4(C)[C@H]3CC[C@]12C
CHEMBL5423482,AR,6.220,,1,0,Active,exact,CSc1ccc(C(N)=O)cc1-c1cccs1
CHEMBL422648,AR,,4.523,0,1,Inactive,censored,Cc1oc(=O)oc1CN1CCN(c2cc3c(cc2F)c(=O)c(C(=O)O)c2n3C(C)S2)CC1
CHEMBL1830785,AR,6.280,,1,0,Active,exact,CC1(C)CN(CCCO)C(=O)C1Oc1ccc(C#N)c(C(F)(F)F)c1
CHEMBL1510,AR,,4.523,0,1,Inactive,censored,CN1CCC[C@@H]1Cc1c[nH]c2ccc(CCS(=O)(=O)c3ccccc3)cc12
CHEMBL1201286,AR,,4.523,0,1,Inactive,censored,CC[N+](C)(CC)CCOC(=O)C(O)(c1ccccc1)C1CCCCC1
CHEMBL3695607,AR,7.030,,1,0,Active,exact,CC[C@]12CC[C@H]3[C@@H]([C@H](C4CC4)CC4=CC(=O)CC[C@@H]43)[C@@H]1CC[C@@]21C=CC(=O)O1
CHEMBL458506,AR,5.800,,1,0,,exact,N#Cc1ccc([C@@H]2CCCC[C@@H]2O)cc1C(F)(F)F
CHEMBL1411979,AR,,4.523,0,1,Inactive,censored,CN(C)CCN(Cc1cccs1)c1ccccn1
CHEMBL6008377,AR,7.040,,1,0,Active,exact,Cn1nccc1C(=O)NCc1ccc(N2C(=S)N(c3ccc(C#N)c(C(F)(F)F)c3)C(=O)C23CCC3)cc1F
CHEMBL354541,AR,,4.523,0,1,Inactive,censored,O=C(NC1CCN(CCCCC2(C(=O)NCC(F)(F)F)c3ccccc3-c3ccccc32)CC1)c1ccccc1-c1ccc(C(F)(F)F)cc1
CHEMBL5182367,AR,6.120,,1,0,Active,exact,N#Cc1ccc(-n2ccc(CNC(=O)c3ccc(F)cc3)n2)cc1C(F)(F)F
CHEMBL6174813,AR,6.550,,1,0,Active,exact,CC(Cc1nsc(NC(=O)c2cc(-c3cccc(C(F)(F)F)c3)oc2C)n1)=C(F)F
CHEMBL5996512,AR,6.770,,1,0,Active,exact,CC(C)(COc1ccc(Nc2ncnc3c2CCN(c2ccc(C#N)c(C(F)(F)F)c2)C3)nc1)n1cnnn1
CHEMBL188261,AR,5.850,,1,0,,exact,CC(C)(C)OC(=O)N1C[C@@H]2C[C@H]1[C@]1(C)C(=O)N(c3ccc(C#N)c(C(F)(F)F)c3)C(=O)N21
CHEMBL3682512,AR,6.850,,1,0,Active,exact,OC1(C(F)(F)F)c2[nH]c3cc(Cl)c(Cl)cc3c2CCC1F
CHEMBL410683,AR,6.340,,2,0,Active,exact,C/C=C1\C(=O)C[C@H]2[C@@H]3CCC4=CC(=O)CC[C@]4(C)[C@H]3CC[C@]12C
CHEMBL2440233,AR,4.520,,1,0,Inactive,exact,O=C(O[C@H]1C(=O)C=CN(C(=O)/C=C/c2ccccc2)[C@@H]1c1ccccc1)c1ccc(F)cc1C(F)(F)F
CHEMBL48745,AR,5.720,,1,0,,exact,C=C1CCC(C)(C)C1Cc1cc(OC)c(Br)cc1O
CHEMBL5531949,AR,6.250,,1,0,Active,exact,N#Cc1ccc(O[C@H]2CC[C@H](NC(=O)c3ccc(N4CCC(CCCC(F)(F)C(F)(F)F)CC4)nn3)CC2)cc1Cl
CHEMBL1276342,AR,,4.523,0,1,Inactive,censored,CO[C@@]1(NC(=O)CSC[C@@H](N)C(=O)O)C(=O)N2C(C(=O)O)=C(CSc3nnnn3C)CS[C@@H]21
CHEMBL683,AR,,4.523,0,1,Inactive,censored,CC(C)(Oc1ccc(Cl)cc1)C(=O)O
CHEMBL5748447,AR,,4.523,0,1,Inactive,censored,C[C@]12C=CC(=O)C=C1[C@@H](F)C[C@H]1[C@@H]3C[C@H]4O[C@@H](c5ccc(Oc6cccc(N)c6)cc5)O[C@@]4(C(=O)CO)[C@@]3(C)C[C@H](O)[C@@]12F
CHEMBL3939272,AR,6.960,,2,0,Active,exact,C[C@@]12[C@H]3C[C@H]([C@H](O)C3)[C@@H]1CN(c1ccc(C#N)c(C(F)(F)F)c1)S2(=O)=O
CHEMBL3819648,AR,9.700,,1,0,Active,exact,Cc1c(C(O)(C2CCC2)C(F)(F)F)ccc(C#N)c1C(F)(F)F
CHEMBL4780549,AR,6.850,,1,0,Active,exact,N#Cc1ccc(N2C(=O)C3(CCCOC3)N(c3ccc4c(c3)COC4=O)C2=S)cc1C(F)(F)F
CHEMBL5590394,AR,5.580,,1,0,,exact,C[C@](O)(CN1CC2CC(C1)N2c1cnc(C#N)nc1)C(=O)Nc1cnc(C#N)c(C(F)(F)F)c1
CHEMBL4563408,AR,,5.000,0,2,,censored,O=C(Nc1ccc(OC(F)F)nc1)NC1CCN(c2ncnc3c2nc(-c2ccccc2Cl)n3-c2ccc(Cl)cc2)CC1
CHEMBL1085110,AR,,5.000,0,1,,censored,CCOc1ccccc1-c1ccc2c(cnn2-c2ccc(F)cc2)c1
CHEMBL917,AR,,4.523,0,1,Inactive,censored,O=c1[nH]c(=O)n([C@H]2C[C@H](O)[C@@H](CO)O2)cc1F
CHEMBL1210036,AR,7.800,,1,0,Active,exact,CCS(=O)(=O)N1C[C@@]2(C)O[C@@](C)(C1)[C@@H]1C(=O)N(c3ccc(C#N)c(C(F)(F)F)c3)C(=O)[C@@H]12
CHEMBL270586,AR,6.660,,1,0,Active,exact,O=C1[C@@H]2C3CCC(O3)[C@@H]2C(=O)N1c1ccc(I)c(Cl)c1
CHEMBL1149,AR,,4.523,0,1,Inactive,censored,C[N+](C)(C)C[C@H](O)CC(=O)[O-]
CHEMBL5764581,AR,7.100,,1,0,Active,exact,CSCC(C)n1c(C(F)F)cc2c(C#N)c(C#N)ccc21
CHEMBL1830778,AR,6.700,,1,0,Active,exact,CCCC(C)N1CC(C)(C)C(Oc2ccc(C#N)c(C(F)(F)F)c2)C1=O
CHEMBL5266054,AR,5.670,,1,0,,exact,Cc1c(O)c(O)c(C=O)c(COCc2ccc(F)cc2)c1-c1ccc(C(F)(F)F)cc1
CHEMBL1929042,AR,,5.000,0,1,,censored,Cc1cc(F)ccc1-n1nc(C(F)(F)F)cc1-c1cc(C)c2c(c1)NC(=O)CO2
CHEMBL6030096,AR,,4.523,0,1,Inactive,censored,C[C@]12C=CC(=O)C=C1CC[C@H]1[C@@H]3C[C@H]4O[C@@H](c5ccc(NC6(c7ccc(N)cc7)CC6)nc5)O[C@@]4(C(=O)CO)[C@@]3(C)C[C@H](O)[C@@]12F
CHEMBL3695600,AR,6.890,,1,0,Active,exact,C=C[C@@H]1CC2=CC(=O)CC[C@@H]2[C@H]2CC[C@@]3(C)[C@@H](CC[C@@]34C=CC(=O)O4)[C@@H]21
CHEMBL1210907,AR,6.750,,1,0,Active,exact,CCNC(=O)N1C[C@@]2(C)O[C@@](C)(C1)[C@@H]1C(=O)N(c3ccc(C#N)c(C(F)(F)F)c3)C(=O)[C@@H]12
CHEMBL3323498,AR,5.655,,2,0,,exact,Brc1cn(-c2csc(N3CCOCC3)n2)cn1
CHEMBL4872533,AR,7.160,,1,0,Active,exact,O=C(NC1CC1)c1cccc2nc(-c3c[nH]c4c(F)c(F)c(F)cc34)ccc12
CHEMBL35505,AR,,4.523,0,1,Inactive,censored,N/N=c1\[nH][nH]/c(=N\N)c2ccccc12
CHEMBL5614066,AR,6.400,,1,0,Active,exact,Cc1ncccc1Nc1ccc2c(c1)CCC1=C3C[C@@H](O)C[C@]3(C)CC[C@]12C
CHEMBL4648793,AR,5.620,,1,0,,exact,Cc1ccc(NC(=O)c2cc3cccc(O)c3oc2=N)cc1
CHEMBL296156,AR,5.170,,1,0,,exact,C=C1C[C@H](CO)CC(C)(C)[C@@H]1Cc1cc(OC)c(Br)cc1O
CHEMBL395992,AR,8.000,,1,0,Active,exact,C[C@@H]1CC[C@H](CCl)N1c1ccc2[nH]c(=O)cc(C(F)(F)F)c2c1
CHEMBL1163604,AR,7.750,,1,0,Active,exact,Cc1ccc(C(=O)CC(Nc2ccc([N+](=O)[O-])cc2)c2ccccc2)cc1
CHEMBL1934446,AR,7.215,,2,0,Active,exact,Cc1c(C#N)c(-c2ccc(C#N)cc2)c(C)n1Cc1cnc(Cl)c(CO)c1
CHEMBL6016357,AR,6.720,,1,0,Active,exact,CC(C)(O)c1ccc(Nc2ncnc3c2CCN(c2ccc(C#N)c(C(F)(F)F)c2)C3)nc1F
CHEMBL2419303,AR,,5.000,0,1,,censored,O=C1COc2ccc(C3=C(c4ccc(F)cc4F)C(=O)OC3)cc2N1
CHEMBL1084770,AR,,5.301,0,1,,censored,CCc1cn(CCO)c(CC)c1Oc1ccc(C#N)cc1
CHEMBL5420162,AR,5.810,,1,0,,exact,Cc1cn(C2=CCC3C4CC=C5C[C@@H](NC(=O)c6ccc(C#N)cc6)CC[C@]5(C)C4CC[C@]23C)cn1
CHEMBL8209,AR,,5.301,0,1,,censored,C=CCC1Oc2cccc(C#N)c2-c2ccc3c(c21)C(C)=CC(C)(C)N3
CHEMBL404506,AR,6.390,,1,0,Active,exact,CC12CCC(O1)[C@H]1C(=O)N(c3cccc(C(F)(F)F)c3)C(=O)[C@H]12
CHEMBL50849,AR,5.520,,1,0,,exact,COc1cc(CC2C(C)(C)CC(C)=CC23CC3)c(OC(C)=O)cc1Br
CHEMBL4852478,AR,6.200,,3,0,Active,exact,C[C@](O)(Cn1ccc(F)c1)C(=O)Nc1ccc(C#N)c(C(F)(F)F)c1
CHEMBL3421892,AR,7.400,,1,0,Active,exact,Cc1noc(=O)c2ccc(NC(=O)C(O)(CC3(c4cc(F)ccc4Cl)CCC3)C(F)(F)F)cc12
CHEMBL4861372,AR,4.960,,2,0,Inactive,exact,COC1=CC(=O)N(C(=O)[C@@H](CCC(Cl)(Cl)Cl)NC(=O)C(C)(C)C)[C@@H]1CCC(Cl)(Cl)Cl
CHEMBL1170,AR,8.675,,2,0,Active,exact,CCC(=O)O[C@H]1CC[C@H]2[C@@H]3CCC4=CC(=O)CC[C@]4(C)[C@H]3CC[C@]12C
CHEMBL5929063,AR,5.400,,1,0,,exact,C[C@]12C=CC(=O)C=C1[C@@H](F)C[C@H]1[C@@H]3C[C@H]4O[C@@H](c5ccc(CSc6ccc(N)cc6)cc5)O[C@@]4(C(=O)CO)[C@@]3(C)C[C@H](O)[C@@]12F
CHEMBL5268433,AR,,5.301,0,1,,censored,Cc1c(O)c(O)c(C=O)c(COCc2ccccc2)c1CO[Si](C)(C)C
CHEMBL5773757,AR,7.260,,1,0,Active,exact,CC(C)(COc1ccc(Nc2ncnc3c2CCN(c2ccc(C#N)c(Cl)c2)C3)nc1)n1cnnn1
CHEMBL3818577,AR,9.400,,1,0,Active,exact,N#Cc1ccc(C(O)(C2CC2)C(F)(F)F)cc1Cl
CHEMBL3410851,AR,7.530,,2,0,Active,exact,CC1(O)C[C@@H]2CC[C@@H](C1)N2c1ccc(C#N)c(C(F)(F)F)c1
CHEMBL243251,AR,7.370,,1,0,Active,exact,C[C@@H]1CC[C@@H](C)N1c1ccc2[nH]c(=O)cc(C(F)(F)F)c2c1
CHEMBL166444,AR,9.170,,17,0,Active,exact,C[C@]1(O)CC[C@H]2[C@@H]3CCC4=CC(=O)CCC4=C3C=C[C@@]21C
CHEMBL251515,AR,5.580,,1,0,,exact,C=C[C@]12CC[C@@](C)(O)CC1=CC[C@H]1[C@@H]3CC[C@H](O)[C@@]3(C)CC[C@@H]12
CHEMBL3818882,AR,8.250,,1,0,Active,exact,Cc1c(C(O)(c2ccc(Cl)s2)C(F)(F)F)ccc(C#N)c1C(F)(F)F
CHEMBL1525826,AR,,4.523,0,1,Inactive,censored,COc1nccnc1NS(=O)(=O)c1ccc(N)cc1
CHEMBL6171068,AR,7.210,,1,0,Active,exact,Cc1oc(-c2cccc(C(F)(F)F)c2)cc1C(=O)Nc1nc(CN2CCCC2)ns1
CHEMBL4642678,AR,5.360,,1,0,,exact,N=c1oc2c(O)cccc2cc1C(=O)Nc1ccccc1F
CHEMBL622,AR,,4.523,0,1,Inactive,censored,CCc1cccc2c3c([nH]c12)C(CC)(CC(=O)O)OCC3
CHEMBL146095,AR,,4.523,0,1,Inactive,censored,O=C(OCC(O)CO)c1ccccc1Nc1ccnc2cc(Cl)ccc12
CHEMBL1830948,AR,6.060,,1,0,Active,exact,CC1(C)CN(Cc2cccnc2)C(=O)C1Oc1ccc(C#N)c(C(F)(F)F)c1
CHEMBL286684,AR,7.720,,1,0,Active,exact,Oc1cc(C(F)(F)F)c2cc3c(cc2n1)NCCC3
CHEMBL1830946,AR,6.615,,2,0,Active,exact,CSc1ccc(CN2CC(C)(C)C(Oc3ccc(C#N)c(C(F)(F)F)c3)C2=O)cc1
CHEMBL2419295,AR,,5.000,0,1,,censored,CCN1C(=O)C(c2ccc(F)cc2)=C(c2ccc3c(c2)NC(=O)CO3)C1C
CHEMBL218914,AR,8.260,,1,0,Active,exact,N#Cc1ccc(N2C(=O)C3C(O)CCN3C2=O)c2ccccc12
CHEMBL2105190,AR,,4.523,0,1,Inactive,censored,O=C(NNCS(=O)(=O)O)c1ccncc1
CHEMBL5417717,AR,6.040,,2,0,Active,exact,C[C@](O)(Cn1nnc2ccc(F)cc21)C(=O)Nc1ccc(C#N)c(C(F)(F)F)c1
CHEMBL3120320,AR,6.380,,1,0,Active,exact,CS(=O)(=O)Nc1cccc(C=C2c3ccccc3CCc3ccccc32)c1
CHEMBL394369,AR,6.540,,1,0,Active,exact,COc1c(O)ccc2c1-c1ccc3c(c1/C(=C/c1sccc1CO)O2)C(C)=CC(C)(C)N3
CHEMBL507671,AR,6.740,,2,0,Active,exact,N#Cc1ccc(Sc2ccccc2F)cc1C(F)(F)F
CHEMBL1210842,AR,7.960,,1,0,Active,exact,CC(C)OC(=O)N1C[C@@]2(C)O[C@@](C)(C1)[C@@H]1C(=O)N(c3ccc(C#N)c(C(F)(F)F)c3)C(=O)[C@@H]12
CHEMBL4877240,AR,6.760,,1,0,Active,exact,C[C@](O)(CN(c1ccccc1)c1ccc(F)cc1)C(=O)Nc1ccc(C#N)c(C(F)(F)F)c1
CHEMBL446143,AR,,4.523,0,1,Inactive,censored,NCCC[C@H](N)C(=O)O
CHEMBL5170697,AR,8.745,,2,0,Active,exact,CCc1c(C)c2c3c(Cl)cc(=O)[nH]c3ccc2n1CC(F)(F)F
CHEMBL116221,AR,6.160,,1,0,Active,exact,CCCOC1Oc2ccc(Cl)cc2-c2ccc3c(c21)C(C)=CC(C)(C)N3
CHEMBL389077,AR,8.660,,1,0,Active,exact,Cc1c(N2C[C@@H]3[C@H](O)CC[C@@H]3C2=O)ccc(C#N)c1Cl
CHEMBL3318063,AR,5.660,,2,0,,exact,Cc1ccc2[nH]c(C(=O)N(Cc3ccc(C)o3)C(C)C)cc2c1
CHEMBL4759841,AR,6.660,,1,0,Active,exact,N#Cc1ccc(N2C(=O)C3(CCC3)N(c3ccc4c(c3)COC4=O)C2=S)cc1C(F)(F)F
CHEMBL3706877,AR,7.080,,1,0,Active,exact,CNc1ccc2c(C(F)(F)F)cc(=O)[nH]c2c1
CHEMBL5421919,AR,6.915,,2,0,Active,exact,C[C@](O)(Cn1cc(F)c2ccccc21)C(=O)Nc1ccc(C#N)c(C(F)(F)F)c1
CHEMBL3337729,AR,,5.000,0,1,,censored,CCn1nc(C)c(-c2ccc3c(c2)NC(=O)CO3)c1-c1ccc(F)cc1
CHEMBL370753,AR,,4.523,0,1,Inactive,censored,OCCN1CCN(CCCN2c3ccccc3C=Cc3ccccc32)CC1
CHEMBL5074003,AR,5.650,,1,0,,exact,N#Cc1ccc(S(=O)(=O)Nc2ccc(OCc3ccccc3)cc2)cc1
CHEMBL2354444,AR,,4.523,0,1,Inactive,censored,COc1cccc2c1C(=O)c1c(O)c3c(c(O)c1C2=O)C[C@@](O)(C(=O)CO)C[C@@H]3O[C@H]1C[C@H](N)[C@H](O[C@@H]2CCCCO2)[C@H](C)O1
CHEMBL256330,AR,8.080,,1,0,Active,exact,O=c1cc(C(F)(F)F)c2cc3c(cc2[nH]1)OCC(C(F)(F)F)N3CC(F)(F)F
CHEMBL572355,AR,,5.398,0,1,,censored,C[C@]12Cn3cnc(-c4ccc(F)cc4)c3C=C1CCC[C@@H]2[C@](C)(O)C1CCOCC1
CHEMBL2159550,AR,4.880,,1,0,Inactive,exact,Fc1ccc(C2=NOC3CCCCCCC23)c(C(F)(F)F)c1
CHEMBL3695605,AR,7.120,,1,0,Active,exact,CC[C@@H]1CC2=CC(=O)CC[C@@H]2[C@H]2CC[C@@]3(CC)[C@@H](CC[C@@]34C=CC(=O)O4)[C@H]12
CHEMBL342426,AR,6.040,,1,1,Active,exact,CC1=CC(C)(C)Nc2ccc3c(c21)/C(=C/c1ccc(F)c(F)c1)Oc1ccccc1-3
CHEMBL81591,AR,,5.301,0,1,,censored,C[C@]12Cc3cnn(-c4ccc(F)cc4)c3C=C1CCC[C@@H]2[C@@H](O)c1ccccc1
CHEMBL481515,AR,6.160,,1,0,Active,exact,Cc1cc(C)cc(N(Cc2ccc(O)cc2)c2cc(C(=O)N3CCCC3)n(C)c2)c1
CHEMBL5203294,AR,5.915,,6,0,,exact,N#Cc1ccc(-n2ccc(CC(=O)Nc3ccc(F)nc3)n2)cc1C(F)(F)F
CHEMBL66598,AR,,5.000,0,1,,censored,CCOc1cccc2c1-c1ccc(NS(C)(=O)=O)cc1C(c1ccccc1)O2
CHEMBL1764,AR,,4.523,0,1,Inactive,censored,COc1ccc2c(c1)N(C[C@H](C)CN(C)C)c1ccccc1S2
CHEMBL248690,AR,7.700,,2,0,Active,exact,C[C@H](c1ccccc1)N(C)c1cc(C(F)(F)F)c(C#N)cn1
CHEMBL2403355,AR,5.350,,1,0,,exact,CCC(CC)(c1ccc(O)c(C)c1)c1ccc(O)c(C)c1
CHEMBL6145331,AR,6.490,,1,0,Active,exact,C[C@](O)(CN1CC2CCC(C1)N2c1ccc(C#N)cc1F)C(=O)Nc1ccc(C#N)c(Cl)c1
CHEMBL3605923,AR,5.390,,1,0,,exact,COc1cc(NS(C)(=O)=O)c2[nH]c(C)c(-c3ccccc3)c2c1
CHEMBL1000,AR,,4.523,0,1,Inactive,censored,O=C(O)COCCN1CCN(C(c2ccccc2)c2ccc(Cl)cc2)CC1
CHEMBL235206,AR,6.420,,2,0,Active,exact,C[C@@](c1ccc(F)cc1F)(c1c[nH]c2c(NS(C)(=O)=O)cccc12)C1CC1
CHEMBL6151007,AR,5.370,,1,0,,exact,CC(=O)Cc1nsc(NC(=O)c2cc(-c3cccc(C(F)(F)F)c3)co2)n1
CHEMBL110,AR,,4.523,0,1,Inactive,censored,O=C(Cn1ccnc1[N+](=O)[O-])NCc1ccccc1
CHEMBL392000,AR,7.820,,1,0,Active,exact,C=CC[C@@H]1C2=CC[C@H]3[C@@H]4CC[C@H](O)[C@@]4(C)CC[C@@H]3[C@@]2(C=C)CC[C@@H]1O
CHEMBL2159539,AR,5.970,,2,0,,exact,N#Cc1ccc(C2=NOC3CCCCCC23)c(C(F)(F)F)c1
CHEMBL1531,AR,8.110,,1,0,Active,exact,C#C[C@]1(O)CC[C@H]2[C@@H]3CCC4=CC(=O)CC[C@@H]4[C@H]3C(=C)C[C@@]21CC
CHEMBL4441215,AR,6.190,,1,0,Active,exact,Cc1ccc(-c2c(C)noc2C)cc1Nc1ccc(C#N)c(Cl)c1
CHEMBL4462787,AR,4.860,,2,0,Inactive,exact,Cc1ccccc1N1CCN(C(=O)CSCc2ccccc2)CC1
CHEMBL5764729,AR,,4.523,0,1,Inactive,censored,C[C@]12C=CC(=O)C=C1[C@@H](F)C[C@H]1[C@@H]3C[C@H]4O[C@@H](c5ccc(Sc6ccc(N)cc6)cc5)O[C@@]4(C(=O)CO)[C@@]3(C)C[C@H](O)[C@@]12F
CHEMBL245576,AR,,6.000,0,1,,censored,C[C@]12CC[C@H]3[C@@H](CC=C4[C@@H]5C(=O)CC[C@@]43C[C@H]5O)[C@@H]1CC[C@@H]2O
CHEMBL235346,AR,7.920,,1,0,Active,exact,Cc1cc(=O)[nH]c2ccc(N(CC(C)C)CC(F)(F)F)cc12
CHEMBL5542890,AR,6.990,,1,0,Active,exact,N#Cc1ccc(O[C@H]2CC[C@H](NC(=O)c3ccc(N4CCC(CF)CC4)nn3)CC2)cc1Cl
CHEMBL193482,AR,5.480,,1,0,,exact,C[C@]12CC[C@@H]3c4ccc(O)cc4CC[C@H]3[C@@H]1C[C@@H](O)[C@@H]2O
CHEMBL310370,AR,,5.000,0,1,,censored,O=C1C=C2CCc3cc(O)ccc3[C@@]2(Cc2ccccc2)CC1
CHEMBL3,AR,,4.523,0,1,Inactive,censored,CN1CCC[C@H]1c1cccnc1
CHEMBL524,AR,,4.523,0,1,Inactive,censored,COc1ccc(OC)c(C(O)C(C)N)c1
CHEMBL4849570,AR,7.315,,2,0,Active,exact,N#Cc1ncc(N2C(=O)C3(CCC3)N(c3ccc(OC4CCNCC4)nc3)C2=S)cc1Cl
CHEMBL4853429,AR,6.500,,3,0,Active,exact,C[C@](O)(Cn1nncc1-c1ccc(F)cc1)C(=O)Nc1ccc(C#N)c(C(F)(F)F)c1
CHEMBL4297524,AR,,4.523,0,1,Inactive,censored,Cc1cn(-c2cc(NC(=O)c3ccc(C)c(Nc4nccc(-c5cnccn5)n4)c3)cc(C(F)(F)F)c2)cn1
CHEMBL3622588,AR,5.420,,1,0,,exact,O=c1[nH]nc(Cc2c(F)cccc2F)c2ccccc12
CHEMBL398226,AR,8.920,,1,0,Active,exact,Cc1c(N2C(=O)[C@@H]3[C@H](O)CCN3C2=O)ccc(C#N)c1Br
CHEMBL4869391,AR,6.750,,1,0,Active,exact,Cc1cccc2ccc(-c3c[nH]c4c(C)cccc34)nc12
CHEMBL5197302,AR,8.040,,1,0,Active,exact,C[C@@H]1CC2=CC(=O)CC[C@@H]2[C@H]2CC[C@]3(C)[C@@H](O)CC[C@H]3[C@@H]21
CHEMBL2403348,AR,5.270,,1,0,,exact,CCC(CC)(c1ccc(N)c(C)c1)c1ccc(O)c(C)c1
CHEMBL6162838,AR,6.430,,1,0,Active,exact,O=C(Nc1nc(CN2CCCC2)ns1)C1=Cc2cc(Cl)ccc2OC=C1
CHEMBL2316539,AR,4.720,,1,0,Inactive,exact,Cc1ccccc1OCCSc1nc2ccccc2[nH]1
CHEMBL2386392,AR,5.910,,2,0,,exact,O=c1cc(-c2ccc(C(F)(F)F)cc2)oc2cccc(O)c12
CHEMBL705,AR,,4.523,0,1,Inactive,censored,CC1=C(/C=C/C(C)=C\C=C\C(C)=C\C(=O)O)C(C)(C)CCC1
CHEMBL3238287,AR,8.830,,2,0,Active,exact,C[C@](O)(COc1ccccc1C#N)C(=O)N1CCc2c(C#N)cccc21
CHEMBL147457,AR,,6.000,0,2,,censored,CC1(C)C(=O)N(c2ccc(C#N)c(C(F)(F)F)c2)C(=O)N1CCCCN1CCN(CCOCc2ccc(O)c(C(N)=O)c2)CC1
CHEMBL469334,AR,7.160,,1,0,Active,exact,COc1cc(C)ccc1Oc1ccc(C#N)c(C(F)(F)F)c1
CHEMBL25336,AR,,4.523,0,1,Inactive,censored,C(=N/NC1=NCCN1)\c1c2ccccc2c(/C=N/NC2=NCCN2)c2ccccc12
CHEMBL1934431,AR,6.485,,2,0,Active,exact,CCOC(=O)c1c(-c2ccc([N+](=O)[O-])cc2)c(C)n(CC2CCCCC2)c1C
CHEMBL4794197,AR,6.560,,1,0,Active,exact,C#Cc1ccc(-c2cnn(C[C@](C)(O)C(=O)Nc3ccc(C#N)c(C(F)(F)F)c3)c2)cc1
CHEMBL286446,AR,6.210,,1,0,Active,exact,CC1=CC(C)(C)Nc2ccc3c(c21)C(C)Oc1ccc(Cl)cc1-3
CHEMBL375282,AR,6.520,,1,0,Active,exact,CCCN(C)C(=O)CCCCCCCC1C[C@H]2CC(=O)CC[C@]2(C)[C@H]2CC[C@]3(C)[C@@H](O)CC[C@H]3[C@H]12
CHEMBL4475765,AR,6.220,,1,1,Active,exact,C[C@@](O)(Cn1ccc2cc(F)ccc21)C(=O)Nc1ccc(C#N)c(C(F)(F)F)c1
CHEMBL4077666,AR,7.685,,2,0,Active,exact,C[C@H]1[C@@H](O)C(C)(C)C(=O)N1c1ccc(C#N)c(Cl)c1
CHEMBL180681,AR,7.170,,3,0,Active,exact,Cc1cc(N2C(=O)[C@@H]3C4C=CC(CC4)[C@@H]3C2=O)ccc1Br
CHEMBL281028,AR,7.920,,1,0,Active,exact,CC1(C)CCNc2cc3nc(O)cc(C(F)(F)F)c3cc21
CHEMBL765,AR,,4.523,0,1,Inactive,censored,N=C(N)NCCN1CCCCCCC1
CHEMBL2316540,AR,5.480,,3,0,,exact,Cc1cccc(OCCSc2nc3ccccc3[nH]2)c1
CHEMBL1621597,AR,,4.523,0,1,Inactive,censored,CC(C)[N+]1(C)[C@@H]2CC[C@H]1C[C@@H](OC(=O)C(CO)c1ccccc1)C2
CHEMBL1425,AR,,4.523,0,1,Inactive,censored,Sc1ncnc2nc[nH]c12
CHEMBL3133003,AR,5.850,,1,0,,exact,CC(C)C[C@H](NC(=O)[C@H](CC(C)C)NC(=O)[C@H](CS)NC(=O)[C@H](CC(N)=O)NC(=O)[C@H](CC(C)C)NC(=O)[C@H](Cc1ccc(O)cc1)NC(=O)[C@H](CS)NC(=O)[C@H](C)N)C(=O)N[C@@H](CCC(=O)O)C(=O)NCC(=O)N[C@@H](CC(N)=O)C(=O)N[C@@H](CC(=O)O)C(=O)N[C@@H](CCC(=O)O)C(=O)N[C@@H](CCC(=O)O)C(=O)N[C@H](C(=O)N[C@@H](CS)C(=O)N[C@@H](CCCCN)C(=O)N[C@@H](CCC(=O)O)C(=O)N[C@@H](Cc1c[nH]c2ccccc12)C(=O)N[C@@H](CS)C(=O)O)[C@@H](C)O
CHEMBL3039217,AR,6.410,,3,0,Active,exact,CC(C)c1ccc2c(c1O)CC[C@H]1C3=C(CC[C@]21C)C(=O)OC3
CHEMBL3985131,AR,6.860,,1,0,Active,exact,[C-]#[N+]c1ccc(N2C(=O)C(C)(C)N(c3ccc(O)cc3)C2=S)cc1C(F)(F)F
CHEMBL3658376,AR,8.220,,1,0,Active,exact,C[C@]12CCC3C4CCC(=O)C=C4CCC3C1C1CC1[C@@]21CCC(=O)O1
CHEMBL6145793,AR,6.020,,1,0,Active,exact,C[C@](O)(CN1CC2CCC(C1)N2c1cnc(C#N)nc1)C(=O)Nc1ccc(C#N)c(C(F)(F)F)c1
CHEMBL175247,AR,,4.523,0,1,Inactive,censored,CCCCCCCCCCC[C@@H](C[C@@H]1OC(=O)[C@H]1CCCCCC)OC(=O)[C@H](CC(C)C)NC=O
CHEMBL1094797,AR,6.140,,1,0,Active,exact,CCCC1=C(C(=O)OCC)[C@H](c2ccnc3ccccc23)C(C#N)=C(C)N1
CHEMBL3695614,AR,7.430,,1,0,Active,exact,C[C@]12CC[C@H]3[C@@H](CC4(CC4)C4=CC(=O)CC[C@@H]43)[C@@H]1CC[C@@]21C=CC(=O)O1
CHEMBL5771779,AR,7.300,,1,0,Active,exact,CC(C)(O)c1ccc(Nc2ncnc3c2CCN(c2ccc(C#N)c(Br)c2)C3)nc1
CHEMBL5093730,AR,6.040,,1,0,Active,exact,O=c1cc(C(F)(F)F)c2ccc(OCc3ccccc3F)cc2o1
CHEMBL4861204,AR,6.015,,2,0,Active,exact,CNC(=O)c1ccc2c(c1)CC1(C2)C(=O)N(c2cnc(C#N)c(C(F)(F)F)c2)C(=S)N1C
CHEMBL1209905,AR,7.410,,1,0,Active,exact,CC(C)C(=O)N1C[C@@]2(C)O[C@@](C)(C1)[C@@H]1C(=O)N(c3ccc(C#N)c(C(F)(F)F)c3)C(=O)[C@@H]12
CHEMBL5187028,AR,5.340,,1,0,,exact,Cc1ccc(NC(=O)Cc2ccn(-c3ccc(C#N)c(C(F)(F)F)c3)n2)cc1
CHEMBL644,AR,,4.523,0,1,Inactive,censored,CC(CN(C)C)CN1c2ccccc2CCc2ccccc21
CHEMBL1086311,AR,,5.000,0,1,,censored,N#Cc1ccccc1-c1ccc2c(cnn2-c2ccc(F)cc2)c1
CHEMBL5088542,AR,,4.301,0,1,Inactive,censored,COC(=O)c1sccc1S(=O)(=O)Nc1ccc(OCc2ccccc2)cc1
CHEMBL397274,AR,7.680,,1,0,Active,exact,N#Cc1ccc(N2C(=O)[C@@H]3[C@H](O)CCN3C2=O)c2ncccc12
CHEMBL266709,AR,5.690,,1,0,,exact,C=CCC1Oc2cccc(O)c2-c2ccc3c(c21)C(C)=CC(C)(C)N3
CHEMBL6152891,AR,7.720,,1,0,Active,exact,Cc1oc(-c2cccc(OC(F)(F)F)c2)cc1C(=O)Nc1nc(CN2CCOCC2)ns1
CHEMBL1201303,AR,6.720,,1,0,Active,exact,Cc1cc(/C=C/c2ccc3cc(N(C)C)ccc3[n+]2C)c(C)n1-c1ccccc1
CHEMBL576472,AR,,5.398,0,1,,censored,Cc1ccccc1[C@@](C)(O)[C@H]1CCCC2=Cc3c(-c4ccc(F)cc4)ncn3C[C@@]21C
CHEMBL3337829,AR,,5.000,0,1,,censored,Cc1nn(CC(F)(F)CO)c(-c2ccc(F)cc2)c1-c1ccc2c(c1)NC(=O)CO2
CHEMBL3622992,AR,,4.500,0,1,Inactive,censored,OCCN1CCc2c([nH]c3ccccc23)C1c1ccc(Cl)cc1
CHEMBL1293,AR,,4.523,0,1,Inactive,censored,CC1=C(/C=C/C(C)=C/C=C/C(C)=C/C=C/C=C(C)/C=C/C=C(C)/C=C/C2=C(C)CCCC2(C)C)C(C)(C)CCC1
CHEMBL391231,AR,6.170,,1,0,Active,exact,C[C@](c1ccc(F)cc1F)(c1c[nH]c2c(NS(C)(=O)=O)cccc12)C1CC1
CHEMBL1934432,AR,6.945,,2,0,Active,exact,CCOC(=O)c1c(-c2ccc([N+](=O)[O-])cc2)c(C)n(C(=O)c2ccccc2)c1C
CHEMBL2316563,AR,4.640,,1,0,Inactive,exact,CCOc1cccc(OCCSc2nc3ccccc3n2CCOc2ccc(C)cc2)c1
CHEMBL2356368,AR,4.580,,1,0,Inactive,exact,O=C1c2ccccc2C(=O)N1c1nc(-c2ccc(Cl)cc2)cs1
CHEMBL4226259,AR,8.850,,1,0,Active,exact,Cc1c(C#N)c(-c2ccc(C#N)cc2)c(C)n1Cc1ccc(C(=O)O)cc1
CHEMBL1213553,AR,,4.523,0,1,Inactive,censored,CC(C)NC(=N)NC(=N)Nc1ccc(Cl)c(Cl)c1
CHEMBL4854145,AR,6.130,,1,0,Active,exact,CC(C)(C)NC(=O)c1cccc2nc(-c3c[nH]c4c(F)c(F)c(F)cc34)ccc12
CHEMBL1414320,AR,,4.523,0,1,Inactive,censored,CCCCC1(COC(=O)CCC(=O)O)C(=O)N(c2ccccc2)N(c2ccccc2)C1=O
CHEMBL462027,AR,6.390,,1,0,Active,exact,Cc1cccc(C)c1Sc1ccc(C#N)c(C(F)(F)F)c1
CHEMBL4745855,AR,4.570,,1,0,Inactive,exact,N#Cc1ncc(N2C(=O)C3(COC3)N(c3ccc4c(c3)COC4=O)C2=S)cc1C(F)(F)F
CHEMBL5400213,AR,6.430,,5,0,Active,exact,Cc1cn(C2=CCC3C4CC=C5C[C@@H](NC(=O)c6ccc(F)cc6)CC[C@]5(C)C4CC[C@]23C)cn1
CHEMBL5420396,AR,6.000,,2,0,Active,exact,C[C@](O)(Cn1nc2ccc(F)cc2n1)C(=O)Nc1ccc(C#N)c(C(F)(F)F)c1
CHEMBL390754,AR,,6.000,0,1,,censored,O=c1cc(C(F)(F)F)c2cc3c(cc2[nH]1)OCCN3
CHEMBL3326464,AR,8.850,,1,0,Active,exact,CO[C@@H]1C(c2ccc(C#N)c(Cl)c2C)=NN2C[C@@H](F)C[C@@H]12
CHEMBL3905727,AR,6.130,,2,0,Active,exact,O=C(NC[C@H]1CC[C@H](Oc2ccnc3c(F)cccc23)CC1)c1ccon1
CHEMBL133167,AR,6.370,,1,0,Active,exact,CN1c2cc3nc(Br)cc(C(F)(F)F)c3cc2CCC1(C)C
CHEMBL6173248,AR,6.350,,1,0,Active,exact,Cc1oc(-c2cccc(C(F)(F)F)c2)cc1C(=O)Nc1nccs1
CHEMBL238340,AR,5.090,,1,0,,exact,COCCOCCOc1ccccc1-c1ccc(C#N)c(C(F)(F)F)c1
CHEMBL900,AR,,4.523,0,1,Inactive,censored,Cc1ccccc1C(OCCN(C)C)c1ccccc1
CHEMBL373460,AR,5.000,,1,0,,exact,CCCCN(C)C(=O)CCCCCCCCCCC[C@@H]1CC2CC(=O)CC[C@]2(C)[C@H]2CC[C@]3(C)[C@@H](O)CC[C@H]3[C@H]12
CHEMBL1290518,AR,,6.000,0,2,,censored,Oc1c(Cc2ccccc2)ccc2c1[nH]c1cc(Cl)c(Cl)cc12
CHEMBL3622586,AR,5.040,,1,0,,exact,CNc1ccccc1Cc1n[nH]c(=O)c2ccccc12
CHEMBL3238285,AR,8.265,,2,0,Active,exact,C[C@](O)(COc1ccc(C#N)cc1)C(=O)N1CCc2c(C#N)cccc21
CHEMBL5290325,AR,,5.301,0,1,,censored,CCc1cc(COCc2ccccc2)c(C=O)c(O)c1O
CHEMBL585,AR,,4.523,0,1,Inactive,censored,Nc1nc(N)c2nc(-c3ccccc3)c(N)nc2n1
CHEMBL4542693,AR,6.270,,2,0,Active,exact,C[C@](O)(Cn1ccc2cc(I)ccc21)C(=O)Nc1ccc(C#N)c(C(F)(F)F)c1
CHEMBL3238274,AR,8.250,,2,0,Active,exact,C[C@](O)(COc1ccc(F)cc1)C(=O)N1CCc2c(C#N)cccc21
CHEMBL4207852,AR,,4.000,0,1,Inactive,censored,CC(C)[C@H](NC(=O)C(C)(F)F)[C@H](Oc1ccc2c(cnn2-c2ccc(=O)n(C)c2)c1)c1ccccc1
CHEMBL4063939,AR,8.440,,2,0,Active,exact,C[C@H]1[C@@H](O)C(F)(F)C(=O)N1c1ccc(C#N)c(Cl)c1
CHEMBL4783581,AR,6.700,,8,0,Active,exact,C[C@](O)(Cn1cc(F)cn1)C(=O)Nc1ccc(C#N)c(C(F)(F)F)c1
CHEMBL772,AR,,4.523,0,1,Inactive,censored,COC(=O)[C@H]1[C@H]2C[C@@H]3c4[nH]c5cc(OC)ccc5c4CCN3C[C@H]2C[C@@H](OC(=O)c2cc(OC)c(OC)c(OC)c2)[C@@H]1OC
CHEMBL5573540,AR,5.810,,1,0,,exact,Cc1cc(NC(=O)[C@@](C)(O)CN2CC3CC(C2)N3c2ccc(C#N)cc2)cnc1C#N
CHEMBL1626223,AR,,4.523,0,1,Inactive,censored,CN1CCCN=C1/C=C/c1cccs1
CHEMBL1370,AR,6.160,,1,0,Active,exact,CCCC1O[C@@H]2C[C@H]3[C@@H]4CCC5=CC(=O)C=C[C@]5(C)[C@H]4[C@@H](O)C[C@]3(C)[C@]2(C(=O)CO)O1
CHEMBL185265,AR,5.800,,1,0,,exact,Cc1c(NS(C)(=O)=O)cccc1N(Cc1ccccc1)Cc1ccc(Oc2cccc(OCCCC(=O)NCCCC(=O)O)c2)cc1
CHEMBL1099141,AR,5.410,,1,2,,exact,CC1(C)C(=O)N(c2ccc(C#N)c(C(F)(F)F)c2)C(=S)N1CCCC(=O)O
CHEMBL469601,AR,,5.000,0,1,,censored,COc1ccc(Oc2ccc(C#N)c(C(F)(F)F)c2)cc1
CHEMBL3605933,AR,6.400,,1,0,Active,exact,COc1ccccc1-c1c[nH]c2c(NS(C)(=O)=O)cccc12
CHEMBL4074555,AR,8.655,,2,0,Active,exact,Cn1c(C#N)ccc1-c1c(Cl)cc(O)cc1Cl
CHEMBL1091250,AR,,4.523,0,1,Inactive,censored,O=C1/C(=C2\Nc3ccc(S(=O)(=O)O)cc3C2=O)Nc2ccc(S(=O)(=O)O)cc21
CHEMBL442444,AR,,4.523,0,1,Inactive,censored,CCN(CC)CCOC(=O)C(c1ccccc1)C1CCCCC1
CHEMBL2107621,AR,,4.523,0,1,Inactive,censored,CCOC(=O)N1CSC[C@H]1C(=O)O
CHEMBL1830955,AR,6.800,,1,0,Active,exact,CC1(C)CN(Cc2nc(-c3ccccc3)no2)C(=O)C1Oc1ccc(C#N)c(C(F)(F)F)c1
CHEMBL4876629,AR,6.480,,3,0,Active,exact,C[C@](O)(Cn1ccc(C#N)c1)C(=O)Nc1ccc(C#N)c(C(F)(F)F)c1
CHEMBL5811145,AR,,5.000,0,1,,censored,CC(C)(NC(=O)c1ccc(Cl)s1)C(=O)Nc1ccc(Br)cc1
CHEMBL403214,AR,7.770,,1,0,Active,exact,CC12CCC(C)(O1)[C@H]1C(=O)N(c3ccc([N+](=O)[O-])c(C(F)(F)F)c3)C(=O)[C@H]12
CHEMBL3692346,AR,6.535,,2,0,Active,exact,C[C@]12CC[C@H]3[C@@H](C=CC4=CC(=O)CC[C@@H]43)[C@@H]1CC[C@@]21C=CCO1
CHEMBL1164858,AR,6.940,,1,0,Active,exact,Cc1ccc(C(=O)CC(Nc2ccc([N+](=O)[O-])cc2)C2CCCCC2)cc1
CHEMBL453623,AR,7.460,,1,0,Active,exact,N#Cc1ccc(SCC2CC2)cc1C(F)(F)F
CHEMBL272509,AR,8.520,,1,0,Active,exact,CSc1cc(N2C(=O)[C@@H]3[C@H](C2=O)C2(C)CCC3(C)O2)ccc1C#N
CHEMBL2316565,AR,4.510,,1,0,Inactive,exact,Cc1ccc(OCCSc2nc3ccccc3n2CC(=O)OC(C)C)cc1C
CHEMBL6189480,AR,5.300,,1,0,,exact,CC(O)(CNC(=O)/C=C/c1ccnc2ccccc12)c1ccsc1
CHEMBL117287,AR,,4.523,0,1,Inactive,censored,COCCCN1CCC(NC(=O)c2cc(Cl)c(N)c3c2OCC3)CC1
CHEMBL313062,AR,,5.301,0,1,,censored,COc1cc([C@H](O)[C@H]2CCCC3=Cc4c(cnn4-c4ccc(F)cc4)C[C@@]32C)cc(F)c1F
CHEMBL2107197,AR,,4.523,0,1,Inactive,censored,CN(C)C(=O)c1nc(CNC(=O)CN)n(-c2ccc(Cl)cc2C(=O)c2ccccc2Cl)n1
CHEMBL5570562,AR,6.340,,1,0,Active,exact,C[C@](O)(CN1CC2CC(C1)N2c1ccc(C#N)cc1)C(=O)Nc1cnc(C#N)c(Cl)c1
CHEMBL4297530,AR,,4.523,0,1,Inactive,censored,CCO[C@@H](Cc1ccc(OCCn2c(C)ccc2-c2ccc(SC)cc2)cc1)C(=O)O
CHEMBL4746345,AR,6.880,,7,0,Active,exact,C[C@](O)(Cn1cc(Br)c(F)n1)C(=O)Nc1ccc(C#N)c(C(F)(F)F)c1
CHEMBL5523416,AR,5.100,,1,0,,exact,Oc1cccc(N2[C@@H]3CC[C@H]2CN(CCCc2ccccc2)C3)c1
CHEMBL4161910,AR,5.130,,1,0,,exact,CCOC(=O)Nc1cc2c(cc1F)CC1C(=O)N(c3ccc(C#N)c(C(F)(F)F)c3)C(=S)N1C2
CHEMBL227088,AR,8.960,,3,0,Active,exact,C[C@H]1COc2cc3[nH]c(=O)cc(C(F)(F)F)c3cc2N1CC(F)(F)F
CHEMBL5185742,AR,5.810,,1,0,,exact,C[C@]12CC[C@H](NC(=O)c3ccncc3)CC1=CC[C@@H]1[C@@H]2CC[C@]2(C)C(n3cnc4ccccc43)=CC[C@@H]12
CHEMBL1222251,AR,,4.523,0,1,Inactive,censored,O[C@H]1[C@H](O)[C@@H](O)[C@H](O)[C@@H](O)[C@H]1O
CHEMBL4870803,AR,7.820,,1,0,Active,exact,CN(c1ccc(C#N)c(Cl)c1)[C@H]1CC[C@H](NC(=O)c2ccc(N3CCN(C4CN(c5ccc6c(c5)C(=O)N(C5CCC(=O)NC5=O)C6=O)C4)CC3)cc2)CC1
CHEMBL4847082,AR,7.160,,1,0,Active,exact,Fc1cc2c(-c3ccc4c(-c5cncs5)cccc4n3)c[nH]c2c(F)c1F
CHEMBL3039502,AR,,4.523,0,1,Inactive,censored,C[C@H](Nc1ncnc2nc[nH]c12)c1cc2cccc(Cl)c2c(=O)n1-c1ccccc1
CHEMBL5797322,AR,6.700,,1,0,Active,exact,Cc1ncsc1C(=O)NCc1ccc(N2C(=S)N(c3ccc(C#N)c(C(F)(F)F)c3)C(=O)C2(C)C)cc1
CHEMBL1572280,AR,6.400,,1,0,Active,exact,Cc1cc(/C=C/c2ccc3cc(N(C)C)ccc3[n+]2C)c(C)n1-c1ccccc1.O=C([O-])c1cc2ccccc2c(Cc2c(O)c(C(=O)O)cc3ccccc23)c1O
CHEMBL77305,AR,,4.523,0,1,Inactive,censored,CC[C@@]1(O)C(=O)OCc2c1cc1n(c2=O)Cc2cc3c([N+](=O)[O-])cccc3nc2-1
CHEMBL3263761,AR,,5.000,0,1,,censored,CNC(=O)c1ccc(C2=NN(c3ccc(C#N)c(C)c3)[C@@H](C3CCCC3)C2)nc1OC
CHEMBL1163625,AR,5.880,,1,0,,exact,O=C(CC(Nc1ccc([N+](=O)[O-])cc1)c1ccc(C(F)(F)F)cc1)c1cccc(F)c1
CHEMBL481356,AR,5.470,,1,0,,exact,CC(C)N(c1ccc([N+](=O)[O-])cc1)c1cc(C(=O)N2CCCC2)n(C)c1
CHEMBL3959058,AR,6.140,,2,0,Active,exact,N#Cc1cccc2c(O[C@H]3CC[C@H](CNC(=O)c4ccon4)CC3)ccnc12
CHEMBL5404267,AR,9.220,,2,0,Active,exact,C[C@H]1CC2(CCN(c3ccc(C(=O)N4CCN(C5CN(c6ccc7c(c6)C(=O)N(C6CCC(=O)NC6=O)C7=O)C5)CC4)cc3)CC2)CN1c1ccc(C#N)c(Cl)c1
CHEMBL3263768,AR,,5.000,0,1,,censored,COc1nc(C2=NN(c3ccc(C#N)c(C)c3)[C@@H](C3CCCC3)C2)ccc1C(=O)Nc1nnn[nH]1
CHEMBL5183180,AR,7.500,,2,0,Active,exact,CN1C(=O)C(F)=C[C@]2(C)[C@H]3CC[C@]4(C)[C@@H](O)/C(=C/c5cncnc5)C[C@H]4[C@@H]3CC[C@@H]12
CHEMBL3323493,AR,6.005,,2,0,Active,exact,Oc1cc(F)ccc1-c1csc(N2CCOCC2)n1
CHEMBL3605925,AR,6.450,,1,0,Active,exact,CS(=O)(=O)Nc1cccc2cc[nH]c12
CHEMBL4857183,AR,7.000,,1,0,Active,exact,Cc1cccc2c(-c3ccc4cccc(F)c4n3)c[nH]c12
CHEMBL5434755,AR,,5.000,0,1,,censored,CN1CCN(c2ccc(C(=O)N3CCC4(CC3)CN(c3ccc(C#N)c(Cl)c3)C4)cc2)CC1
CHEMBL3920715,AR,7.400,,4,0,Active,exact,N#Cc1cccc2c(O[C@H]3CC[C@H](NC(=O)c4cccc(F)c4)CC3)ccnc12
CHEMBL2386395,AR,6.440,,2,0,Active,exact,O=c1cc(-c2ccc([N+](=O)[O-])cc2)oc2cccc(O)c12
CHEMBL1210090,AR,7.920,,1,0,Active,exact,C[C@]12CN(S(=O)(=O)c3ccccc3)C[C@](C)(O1)[C@@H]1C(=O)N(c3ccc(C#N)c(C(F)(F)F)c3)C(=O)[C@@H]12
CHEMBL4436888,AR,4.900,,2,0,Inactive,exact,Cc1ccccc1N1CCN(C(=O)/C=C\c2ccccc2)CC1
CHEMBL5206094,AR,7.300,,1,0,Active,exact,N#Cc1ccc(NC(=O)Cc2ccn(-c3ccc(C#N)c(C(F)(F)F)c3)n2)cc1
CHEMBL415289,AR,9.000,,1,0,Active,exact,CC1CCNc2cc3oc(=O)cc(C(F)(F)F)c3cc21
CHEMBL1297,AR,,4.523,0,1,Inactive,censored,CC(C(=O)O)c1cccc(Oc2ccccc2)c1
CHEMBL1091,AR,5.420,,1,0,,exact,CC(=O)OCC(=O)[C@@]1(O)CC[C@H]2[C@@H]3CCC4=CC(=O)CC[C@]4(C)[C@H]3[C@@H](O)C[C@@]21C
CHEMBL4848581,AR,6.180,,2,0,Active,exact,CC(C)NC(=O)c1cccc2nc(-c3cn(COP(=O)([O-])[O-])c4c(F)c(F)c(F)cc34)ccc12.[Na+].[Na+]
CHEMBL160239,AR,6.170,,1,0,Active,exact,CCn1c(=O)cc(C(F)(F)F)c2cc3c(cc21)NC(C)(C)C=C3C
CHEMBL3937635,AR,,4.699,0,1,Inactive,censored,COc1ccc([C@@H](Oc2ccc3c(cnn3-c3ccc(F)cc3)c2)[C@H](C)NC(=O)C2CC2)cn1
CHEMBL3955013,AR,6.125,,2,0,Active,exact,CC1(C)C(=O)N(c2ccc(C#N)c(C(F)(F)F)c2)C(=S)N1c1ccc(C(=O)Nc2ccccc2N)c(F)c1
CHEMBL3337724,AR,,5.000,0,1,,censored,Cc1onc(-c2ccc3c(c2)NC(=O)CO3)c1-c1ccc(F)cc1
CHEMBL335948,AR,,6.000,0,1,,censored,CNc1cc(C(F)(F)F)c2cc3c(cc2n1)NC(C)(C)CC3
CHEMBL183173,AR,6.200,,3,1,Active,exact,CN1C(=O)C2C=CC1[C@@H]1C(=O)N(c3ccc([N+](=O)[O-])c4ccccc34)C(=O)[C@H]21
CHEMBL5773046,AR,6.110,,1,1,Active,exact,CC(C)(C)C(=O)NCc1ccc(N2C(=S)N(c3ccc(C#N)c(C(F)(F)F)c3)C(=O)C2(C)C)cc1F
CHEMBL473417,AR,,4.523,0,1,Inactive,censored,CS(=O)(=O)c1ccc(C(=O)Nc2ccc(Cl)c(-c3ccccn3)c2)c(Cl)c1
CHEMBL2023820,AR,5.100,,3,0,,exact,O=C(O)c1cccc(Nc2ccc([N+](=O)[O-])c3ccccc23)c1
CHEMBL235003,AR,6.180,,1,0,Active,exact,C[C@]12CCC(=O)C[C@@H]1C[C@@H](CCCCCCCC(=O)O)[C@@H]1[C@@H]2CC[C@]2(C)[C@@H](O)CC[C@@H]12
CHEMBL3908221,AR,7.170,,1,0,Active,exact,CC1(C)C(=O)N(c2ccc(C#N)c(C(F)(F)F)c2)C(=S)N1c1ccc(C(=O)NCCCCCCc2ccc(C(=O)C(F)(F)F)s2)c(F)c1
CHEMBL1449676,AR,,4.523,0,1,Inactive,censored,Cc1ncc([N+](=O)[O-])n1CC(O)CCl
CHEMBL4115695,AR,6.750,,1,0,Active,exact,[C-]#[N+]c1ccc(N2C(=S)N(c3ccc(C)cc3)C3(CCC3)/C2=N/C(=S)Nc2ccccc2)cc1C(F)(F)F
CHEMBL1512080,AR,,4.523,0,1,Inactive,censored,CN1C(=O)/C(=N\NC(N)=S)c2ccccc21
CHEMBL1957618,AR,7.830,,2,0,Active,exact,Cc1nn(-c2ccc(C#N)c(Cl)c2)c(C)c1C(O)c1ccc(F)cc1
CHEMBL1215,AR,,4.523,0,1,Inactive,censored,CNC[C@H](O)c1cccc(O)c1
CHEMBL393664,AR,8.640,,1,0,Active,exact,O=c1cc(C(F)(F)F)c2cc(N(CC(F)F)CC(F)(F)Cl)ccc2[nH]1
CHEMBL221174,AR,6.850,,1,0,Active,exact,CC(O)(COC(=O)c1ccccc1C(F)(F)F)c1cc2cc([N+](=O)[O-])c(C(F)(F)F)cc2[nH]1
CHEMBL4777511,AR,5.090,,1,0,,exact,CC1(C)CN(c2ccc(F)c(C(F)(F)F)c2)C(=O)N1
CHEMBL3323503,AR,5.840,,1,0,,exact,Cc1sc(N2CCOCC2)nc1-c1ccccc1
CHEMBL3410853,AR,6.630,,2,0,Active,exact,N#Cc1ccc(N2[C@H]3CC[C@H]2CC(NCc2ccccc2)C3)cc1C(F)(F)F
CHEMBL197589,AR,,5.000,0,1,,censored,CCC(CC)(c1ccc(OCC(O)CO)c(C)c1)c1ccc(OCC(O)C(C)(C)C)c(C)c1
CHEMBL3323468,AR,5.110,,2,0,,exact,Oc1ccc2nc(N3CCOCC3)sc2c1
CHEMBL1470580,AR,6.040,,1,0,Active,exact,CC(=O)Cc1nsc(NC(=O)c2ccc(COc3ccc(C)cc3)o2)n1
CHEMBL317921,AR,5.230,,1,0,,exact,CC1=CC(C)(C)Nc2ccc3c(c21)C(c1ccc(Cl)c(Cl)c1)Oc1ccccc1-3
CHEMBL3658381,AR,5.000,,1,0,,exact,C[C@]12CCC3C4CCC(=O)C=C4[C@H](CO)CC3C1C1CC1[C@@]21CCC(=O)O1
CHEMBL1672544,AR,5.590,,1,0,,exact,CCn1cc(-c2ccc(C#N)cc2)c2ccc(NS(C)(=O)=O)cc21
CHEMBL3895477,AR,7.040,,1,0,Active,exact,[C-]#[N+]c1ccc(N2C(=O)C3(CCC3)N(c3ccc(CCCC(=O)NC)cc3)C2=S)cc1C(F)(F)F
CHEMBL945,AR,,4.523,0,1,Inactive,censored,N=C(N)NC(=O)c1nc(Cl)c(N)nc1N
CHEMBL3605930,AR,6.160,,1,0,Active,exact,COc1ccc(Cl)cc1-c1c[nH]c2c(NS(C)(=O)=O)cccc12
CHEMBL46403,AR,,4.523,0,1,Inactive,censored,CCCCCCCCCCCCCCCCCC(=O)O
CHEMBL5088810,AR,,4.301,0,1,Inactive,censored,CC(=O)c1ccc(S(=O)(=O)Nc2ccc(OCc3ccccc3)cc2)cc1
CHEMBL1312729,AR,,3.699,0,1,Inactive,censored,Cc1ccc(OCCSc2nc3ccccc3n2CCC(=O)O)cc1
CHEMBL2297680,AR,5.280,,1,0,,exact,COc1ccc(/C=C/C(=O)c2cc(Cl)ccc2O)cc1OC
CHEMBL3682523,AR,6.920,,1,0,Active,exact,OC1(C(F)(F)F)CCc2c1[nH]c1cc(Cl)c(Cl)cc21
CHEMBL4752991,AR,6.870,,1,0,Active,exact,C[C@](O)(Cn1cc(Cl)cn1)C(=O)Nc1ccc(C#N)c(C(F)(F)F)c1
CHEMBL4060340,AR,6.420,,2,0,Active,exact,CCn1c(C#N)ccc1-c1ccc(O)cc1F
CHEMBL184412,AR,,4.523,0,1,Inactive,censored,CCCCc1oc2ccc(NS(C)(=O)=O)cc2c1C(=O)c1ccc(OCCCN(CCCC)CCCC)cc1
CHEMBL4586748,AR,6.710,,2,0,Active,exact,C[C@](O)(Cn1ccc2cc([N+](=O)[O-])ccc21)C(=O)Nc1ccc(C#N)c(C(F)(F)F)c1
CHEMBL163366,AR,8.050,,1,0,Active,exact,C[C@@H]1Cc2cc3c(C(F)(F)F)cc(=O)n(C)c3cc2N1
CHEMBL4879319,AR,7.005,,2,0,Active,exact,Cc1cc(N2C(=O)C3(CCC3)N(c3ccc(OC4CCNCC4)nc3)C2=S)cnc1C#N
CHEMBL3818555,AR,7.800,,2,0,Active,exact,Cc1c(C(C)(C)C(O)C(F)(F)F)ccc(C#N)c1C(F)(F)F
CHEMBL391549,AR,6.640,,1,0,Active,exact,N#Cc1ccc(-c2cccc(O)c2)cc1C(F)(F)F
CHEMBL3706883,AR,6.960,,1,0,Active,exact,CCC(C)(C)Nc1ccc2c(C(F)(F)F)cc(=O)[nH]c2c1
CHEMBL3976056,AR,6.550,,1,0,Active,exact,[C-]#[N+]c1ccc(N2C(=O)C3(CCC3)N(c3ccc(-c4ccccc4)cc3)C2=S)cc1C(F)(F)F
CHEMBL3132985,AR,5.720,,1,0,,exact,CC[C@H](C)[C@H](NC(=O)[C@H](CS)NC(=O)[C@H](Cc1ccccc1)NC(=O)[C@H](CC(C)C)NC(=O)[C@H](CCC(=O)O)NC(=O)[C@H](CS)NC(=O)[C@H](Cc1ccccc1)NC(=O)[C@H](CCCNC(=N)N)NC(=O)[C@@H](N)CCCCN)C(=O)N[C@@H](CCC(N)=O)C(=O)NCC(=O)N[C@H](C(=O)NCC(=O)N[C@@H](CC(=O)O)C(=O)N[C@H](C(=O)N[C@@H](CCCCN)C(=O)N[C@@H](C)C(=O)N[C@@H](CS)C(=O)N[C@@H](CCC(=O)O)C(=O)N[C@@H](Cc1c[nH]c2ccccc12)C(=O)N[C@@H](C)C(=O)N[C@@H](CS)C(=O)N[C@@H](CCC(N)=O)C(=O)O)C(C)C)[C@@H](C)O
CHEMBL4868140,AR,6.435,,2,0,Active,exact,CNC(=O)c1cc2c(cc1F)CC1(C2)C(=O)N(c2ccc(C#N)c(C(F)(F)F)c2)C(=S)N1C
CHEMBL5314466,AR,6.600,,1,0,Active,exact,CC(C)(O)c1ccc(Nc2ncnc3c2CCN(c2ccc(C#N)c(Cl)c2)C3)nc1
CHEMBL1388,AR,,4.523,0,1,Inactive,censored,Oc1ccc(OCc2ccccc2)cc1
CHEMBL42,AR,,4.523,0,1,Inactive,censored,CN1CCN(C2=Nc3cc(Cl)ccc3Nc3ccccc32)CC1
CHEMBL4444904,AR,6.600,,18,1,Active,exact,C[C@](O)(Cn1ccc2cc(F)ccc21)C(=O)Nc1ccc(C#N)c(C(F)(F)F)c1
CHEMBL161980,AR,7.110,,1,0,Active,exact,C[C@H]1CC[C@@H]2[C@H](C1)c1cc3c(C(F)(F)F)cc(=O)n(C)c3cc1N2C
CHEMBL7289,AR,9.000,,1,0,Active,exact,CC1(C)CCc2cc3c(C(F)(F)F)cc(=O)oc3cc2N1
CHEMBL65657,AR,,5.000,0,1,,censored,COc1cccc2c1-c1ccc(NS(C)(=O)=O)cc1C(c1ccc(F)cc1)O2
CHEMBL237262,AR,8.540,,1,0,Active,exact,CC(C)N(CC(F)(F)F)c1ccc2[nH]c(=O)cc(C(F)(F)F)c2c1
CHEMBL2374220,AR,,5.000,0,1,,censored,COC(=O)N[C@H](C(=O)N1CC2(CC2)C[C@H]1c1nc(-c2ccc3c(c2)C(F)(F)c2cc(-c4ccc5[nH]c([C@@H]6[C@H]7CC[C@H](C7)N6C(=O)[C@@H](NC(=O)OC)C(C)C)nc5c4)ccc2-3)c[nH]1)C(C)C
CHEMBL2364612,AR,,4.523,0,1,Inactive,censored,O=C(CCC/C=C\C[C@@H]1[C@@H](CC[C@@H](O)CCc2ccccc2)[C@H](O)C[C@@H]1O)OCCCCO[N+](=O)[O-]
CHEMBL250109,AR,6.770,,1,0,Active,exact,C=C[C@]12CC[C@H](O)CC1=CC[C@@H]1[C@@H]2CC[C@@]2(C)[C@H]1CC[C@]2(C)O
CHEMBL5196915,AR,7.000,,1,0,Active,exact,CC(O)(C[S+]([O-])c1ccc(Cl)c(Cl)c1)c1cc2cc(Cl)c(C(F)(F)F)cc2[nH]1
CHEMBL3402220,AR,,5.000,0,1,,censored,O=C(O)c1ccc(N2CCCC2)c2ccccc12
CHEMBL5828504,AR,5.480,,1,0,,exact,N#Cc1ccc(N2CCc3c(ncnc3Nc3ncc(C(=O)NCC(F)(F)F)nn3)C2)cc1C(F)(F)F
CHEMBL406393,AR,,4.523,0,1,Inactive,censored,C[C@H](CCC(=O)O)[C@H]1CC[C@H]2[C@@H]3CC[C@@H]4C[C@H](O)CC[C@]4(C)[C@H]3C[C@H](O)[C@]12C
CHEMBL380978,AR,,5.301,0,1,,censored,C[C@]12CCC3C(CC=C4C[C@@H](O)CC[C@@]43C=O)C1CC[C@@H]2O
CHEMBL274471,AR,6.340,,2,0,Active,exact,O=c1cc(-c2ccc(Cl)cc2)oc2cccc(O)c12
CHEMBL3785926,AR,5.420,,1,0,,exact,Cc1cc(=O)oc2cc(OCC(=O)C(C)(C)C)ccc12
CHEMBL4871449,AR,6.260,,1,0,Active,exact,Fc1cc2c(-c3ccc4c(C(F)(F)F)cccc4n3)c[nH]c2c(F)c1F
CHEMBL253371,AR,,4.523,0,1,Inactive,censored,CCN(CCCc1ccccc1)CCCc1ccccc1
CHEMBL1020,AR,,4.523,0,1,Inactive,censored,Cc1ccc(C(=O)c2ccc(CC(=O)O)n2C)cc1
CHEMBL178469,AR,7.175,,2,0,Active,exact,O=C1[C@@H]2C3C=CC(C3)[C@@H]2C(=O)N1c1cccc(C(F)(F)F)c1
CHEMBL5180473,AR,,4.602,0,1,Inactive,censored,N#Cc1ccc(C(=O)NCCc2ccn(-c3ccc(C#N)c(C(F)(F)F)c3)n2)cc1
CHEMBL1104,AR,,4.523,0,1,Inactive,censored,CC[N+](C)(C)c1cccc(O)c1
CHEMBL3238277,AR,7.955,,2,0,Active,exact,C[C@](O)(COc1ccc(Cl)cc1)C(=O)N1CCc2c(C#N)cccc21
CHEMBL5084650,AR,,4.301,0,1,Inactive,censored,Cc1ccc(/N=C/c2ccccc2O)cc1Br
CHEMBL3929024,AR,6.770,,2,0,Active,exact,O=C(N[C@H]1CC[C@H](Oc2ccnc3c(Br)cccc23)CC1)c1ccc(F)c(F)c1
CHEMBL6191318,AR,5.700,,1,0,,exact,O=C(NCc1cccc2ccccc12)NCC(O)(c1cccs1)c1cccs1
CHEMBL50619,AR,5.200,,1,0,,exact,C=C1C(C)=CCC(C)(C)[C@@H]1Cc1cc(OC)c(Br)cc1OC(C)=O
CHEMBL2386396,AR,6.600,,2,0,Active,exact,N#Cc1ccc(-c2cc(=O)c3c(O)cccc3o2)cc1
CHEMBL3238279,AR,7.730,,2,0,Active,exact,C[C@](O)(COc1ccccc1Cl)C(=O)N1CCc2c(C#N)cccc21
CHEMBL6176618,AR,6.550,,1,0,Active,exact,Cc1oc(-c2cccc(C(F)(F)F)c2)cc1C(=O)Nc1nc(CC(C)N(C)C)ns1
CHEMBL1098174,AR,5.720,,1,1,,exact,COc1cc(N2C(=O)C(C)(C)N(CCCS(N)(=O)=O)C2=S)ccc1C#N
CHEMBL462663,AR,5.760,,1,0,,exact,COc1cc(SCCC(C)C)ccc1C#N
CHEMBL444186,AR,,4.523,0,1,Inactive,censored,CC(CN1CC(=O)NC(=O)C1)N1CC(=O)NC(=O)C1
CHEMBL3337821,AR,,5.000,0,1,,censored,Cc1nn(Cc2cccnc2)c(-c2ccc(F)cc2)c1-c1ccc2c(c1)NC(=O)CO2
CHEMBL12208,AR,,4.523,0,1,Inactive,censored,Cc1cc(=O)oc2cc(O)ccc12
CHEMBL1210880,AR,,5.000,0,2,,censored,COc1cc(C=C2c3cccc(Cl)c3C(=O)c3c(Cl)cccc32)cc(OC)c1O
CHEMBL703,AR,,4.523,0,1,Inactive,censored,C[N+](C)(C)CCOC(=O)CCC(=O)OCC[N+](C)(C)C
CHEMBL95,AR,,4.523,0,1,Inactive,censored,Nc1c2c(nc3ccccc13)CCCC2
CHEMBL3706943,AR,6.240,,1,0,Active,exact,COc1c(O)ccc2c1-c1ccc3c(c1/C(=C/c1cccc(C)c1)O2)C(C)=CC(C)(C)N3
CHEMBL3818367,AR,9.100,,1,0,Active,exact,CC(C)C(O)(c1ccc(C#N)c(Cl)c1Cl)C(F)(F)F
CHEMBL286398,AR,,4.523,0,1,Inactive,censored,CC(O)CO
CHEMBL3318056,AR,5.230,,2,0,,exact,N#CCCN(Cc1ccccc1)C(=O)c1cc2ccccc2[nH]1
CHEMBL5170796,AR,6.720,,1,0,Active,exact,CC1(C)C(=O)N(c2ccc(C#N)c(C(F)(F)F)c2)C(=S)N1C12CC(CC(=O)Nc3ccccc3N)(C1)C2
CHEMBL1577,AR,,4.523,0,1,Inactive,censored,CN1C(CCl)Nc2cc(Cl)c(S(N)(=O)=O)cc2S1(=O)=O
CHEMBL417729,AR,6.275,,2,0,Active,exact,C=C1CCCC(C)(C)[C@H]1Cc1cc(OC)c(Br)cc1O
CHEMBL3692354,AR,6.480,,2,0,Active,exact,CC[C@@H]1CC2=CC(=O)CC[C@@H]2[C@H]2CC[C@@]3(CC)[C@@H](CC[C@@]34C=CCO4)[C@H]12
CHEMBL3927231,AR,6.330,,2,0,Active,exact,O=C(N[C@H]1CC[C@H](Oc2ccnc3c(Br)cccc23)CC1)c1ccc(C(F)(F)F)c(F)c1
CHEMBL6133030,AR,7.250,,1,0,Active,exact,CN(Cc1ccc(Cl)cc1)c1ccc2c(C(F)(F)F)cc(=O)oc2c1
CHEMBL5272795,AR,,5.301,0,1,,censored,Cc1c(O)c(O)c(C=O)c2c1C1(CC2)c2ccccc2-c2ccccc21
CHEMBL3706879,AR,7.300,,1,0,Active,exact,CCCCNc1ccc2c(C(F)(F)F)cc(=O)[nH]c2c1
CHEMBL2316554,AR,4.920,,1,0,Inactive,exact,CCn1c(SCCOc2ccccc2)nc2ccccc21
CHEMBL7089,AR,7.960,,1,0,Active,exact,CC[C@H]1Nc2cc3nc(O)cc(C(F)(F)F)c3cc2C[C@H]1C
CHEMBL1372950,AR,,4.523,0,1,Inactive,censored,CO[C@]12C[C@@H](COC(=O)c3cncc(Br)c3)CN(C)[C@@H]1Cc1cn(C)c3cccc2c13
CHEMBL5483011,AR,,4.523,0,1,Inactive,censored,CC(C)(C)NC(=O)[C@@H]1CN(Cc2cccnc2)CCN1C[C@@H](O)C[C@@H](Cc1ccccc1)C(=O)N[C@H]1c2ccccc2C[C@H]1O.O
CHEMBL4752893,AR,5.940,,1,0,,exact,CC(C)(C)OC(=O)Nc1ccc(-c2cnn(C[C@](C)(O)C(=O)Nc3ccc(C#N)c(C(F)(F)F)c3)c2)cc1
CHEMBL480959,AR,7.450,,2,0,Active,exact,COC(=O)c1ccc(N(Cc2ccccc2)c2cc(C(=O)N3CCCC3)n(C)c2)cc1
CHEMBL2112312,AR,9.520,,1,0,Active,exact,CC[C@@H]1c2cc3c(C(F)(F)F)cc(=O)oc3cc2NC[C@H]1C
CHEMBL3706885,AR,6.790,,1,0,Active,exact,O=c1cc(C(F)(F)F)c2ccc(NC3CCC3)cc2[nH]1
CHEMBL489788,AR,6.670,,1,0,Active,exact,Cn1c(C#N)ccc1-c1ccc2c(c1)C(C)(c1ccco1)OCC(=O)N2
CHEMBL161892,AR,8.000,,1,0,Active,exact,CN1c2cc3c(cc2[C@H]2CCCC[C@H]21)c(C(F)(F)F)cc(=O)n3C
CHEMBL480183,AR,5.210,,1,0,,exact,Cc1cc(C)cc(N(C)c2cc(C(=O)N3CCCC3)n(C)c2)c1
CHEMBL1208812,AR,7.680,,1,0,Active,exact,C[C@]12CNC[C@](C)(O1)[C@@H]1C(=O)N(c3ccc(C#N)c(C(F)(F)F)c3)C(=O)[C@@H]12
CHEMBL3263760,AR,5.490,,1,0,,exact,COc1nc(C2=NN(c3ccc(C#N)c(C)c3)[C@@H](C3CCCC3)C2)ccc1C(N)=O
CHEMBL485980,AR,,4.523,0,1,Inactive,censored,CCCC(=O)Nc1ncnc2c1ncn2[C@@H]1O[C@@H]2COP(=O)(O)O[C@H]2[C@H]1OC(=O)CCC
CHEMBL6171533,AR,5.080,,1,0,,exact,CC(=O)Cc1nsc(NC(=O)c2cc(-c3cccc(C(F)(F)F)c3)oc2C(F)(F)F)n1
CHEMBL589583,AR,,4.523,0,1,Inactive,censored,CCOC(=O)[C@H](CCc1ccccc1)N[C@@H](C)C(=O)N(CC(=O)O)C1Cc2ccccc2C1
CHEMBL2323507,AR,9.820,,1,0,Active,exact,COc1ccc2c(c1)c(C)c(CCC(=O)O)n2C(=O)c1ccc(Cl)cc1
CHEMBL5087976,AR,5.980,,1,0,,exact,O=c1cc(C(F)(F)F)c2ccc(OCc3ccc(Cl)cc3)cc2o1
CHEMBL5078776,AR,,4.301,0,1,Inactive,censored,O=C(Nc1ccc2c(C(F)(F)F)cc(=O)oc2c1)c1ccccc1Cl
CHEMBL3682526,AR,6.410,,1,0,Active,exact,N#Cc1cc(C(F)(F)F)c2[nH]c3c(c2c1)CCCC3(O)C(F)(F)F
CHEMBL6166843,AR,5.170,,1,0,,exact,O=c1cc(C(F)(F)F)c2ccc(COc3ccc(Br)cc3)cc2o1
CHEMBL1933081,AR,7.050,,2,0,Active,exact,CCOC(=O)c1c(-c2ccc([N+](=O)[O-])cc2)c(C)n(CCc2ccccc2)c1C
CHEMBL185880,AR,9.000,,1,0,Active,exact,O=C1[C@H]2[C@H]3CC[C@H](C3)N2C(=O)N1c1ccc([N+](=O)[O-])c2ccccc12
CHEMBL16972,AR,4.955,,2,0,Inactive,exact,Cc1ccc(-c2cc(=O)c3c(O)cccc3o2)cc1
CHEMBL235668,AR,,4.523,0,1,Inactive,censored,N=C1CCCN1Cc1[nH]c(=O)[nH]c(=O)c1Cl
CHEMBL6164251,AR,7.000,,1,0,Active,exact,O=c1cc(C(F)(F)F)c2ccc(NCc3ccccc3Br)cc2o1
CHEMBL1454946,AR,,4.523,0,1,Inactive,censored,COC(=O)Nc1nc2cc(C(=O)c3ccc(F)cc3)ccc2[nH]1
CHEMBL11298,AR,,4.523,0,1,Inactive,censored,N[C@@H](CO)C(=O)O
CHEMBL4778550,AR,5.730,,2,0,,exact,CCOC(=O)c1ccc(NC(=O)c2cccc(S(=O)(=O)N3CCCc4ccccc43)c2)s1
CHEMBL3623114,AR,8.050,,2,0,Active,exact,C[C@]12O[C@@](C)(C[C@@H]1O)[C@H]1C(=O)N(c3ccc(C#N)c(I)c3)C(=O)[C@H]12
CHEMBL5171887,AR,,4.602,0,1,Inactive,censored,N#Cc1ccc(-n2ccc(C(=O)Nc3ccc(F)nc3)n2)cc1C(F)(F)F
CHEMBL4554646,AR,7.285,,2,0,Active,exact,C[C@](O)(Cn1ccc2ccc([N+](=O)[O-])cc21)C(=O)Nc1ccc(C#N)c(C(F)(F)F)c1
CHEMBL1467,AR,,4.523,0,1,Inactive,censored,Oc1ncnc2[nH]ncc12
CHEMBL1760023,AR,5.550,,1,0,,exact,CO/N=C1/c2c(cc(F)c(-c3cccc4c(C)c[nH]c34)c2F)NC(C)(C)C1O
CHEMBL70381,AR,6.520,,1,0,Active,exact,Cc1c(NS(C)(=O)=O)cccc1N(Cc1ccccc1)Cc1ccc(Cl)cc1F
CHEMBL6162734,AR,7.540,,1,0,Active,exact,Cc1oc(-c2cccc(C(F)(F)F)c2)cc1C(=O)Nc1nc(CC(C)O)ns1
CHEMBL1163620,AR,6.550,,1,0,Active,exact,O=C(CC(Nc1ccc([N+](=O)[O-])cc1)c1cccc(F)c1)c1ccc(N2CCOCC2)cc1
CHEMBL187605,AR,7.400,,1,0,Active,exact,CC(C)(C)OC(=O)N1C[C@@H]2C[C@H]1[C@@H]1C(=O)N(c3ccc(C#N)c(C(F)(F)F)c3)C(=O)N21
CHEMBL4439702,AR,7.080,,1,1,Active,exact,C[C@](O)(Cn1ccc2c(-c3ccccc3)cccc21)C(=O)Nc1ccc(C#N)c(C(F)(F)F)c1
CHEMBL5435177,AR,,5.000,0,1,,censored,CN1CCN(c2ccc(C(=O)N3CC4(CCN(c5ccc(C#N)c(Cl)c5)C4)C3)cc2)CC1
CHEMBL238124,AR,7.680,,1,0,Active,exact,CC(C)c1cc(=O)[nH]c2ccc(N(CC(F)(F)F)CC(F)(F)F)cc12
CHEMBL3238289,AR,8.670,,2,0,Active,exact,C[C@](O)(COc1ccc(F)cc1Br)C(=O)N1CCc2c(C#N)cccc21
CHEMBL3682517,AR,6.660,,1,0,Active,exact,OC1(C(F)(F)F)c2[nH]c3cc(Cl)c(Cl)cc3c2CCC1(F)F
CHEMBL257751,AR,8.090,,2,0,Active,exact,O=c1cc(C(F)(F)F)c2c(ccc3c2oc(=O)c2cccc(O)c23)[nH]1
CHEMBL5571059,AR,6.200,,2,0,Active,exact,C[C@](O)(CN1C2CCC1CN(c1ccc(C#N)cc1)C2)C(=O)Nc1ccc(C#N)c(C(F)(F)F)c1
CHEMBL4438632,AR,,4.602,0,2,Inactive,censored,Cc1ccccc1N1CCN(C(=O)CN(C)Cc2ccccc2)CC1
CHEMBL1091024,AR,,4.523,0,1,Inactive,censored,CCC(=O)O[C@@H]1CC(=O)O[C@H](C)C/C=C/C=C/[C@H](OC(C)=O)[C@H](C)C[C@H](CC=O)[C@H](O[C@@H]2O[C@H](C)[C@@H](O[C@H]3C[C@@](C)(OC(C)=O)[C@@H](OC(=O)CC)[C@H](C)O3)[C@H](N(C)C)[C@H]2O)[C@H]1OC
CHEMBL1413,AR,,4.523,0,1,Inactive,censored,Cc1cc(C2CCCCC2)n(O)c(=O)c1
CHEMBL2159569,AR,6.920,,1,0,Active,exact,O=[N+]([O-])c1ccc(C2=NOC3CCCCC23)cc1C(F)(F)F
CHEMBL376360,AR,7.520,,1,0,Active,exact,CCC1CN(CC(F)(F)F)c2cc3c(C(F)(F)F)cc(=O)[nH]c3cc2O1
CHEMBL5563148,AR,6.920,,1,0,Active,exact,CCOC(=O)c1ccc(NC(=O)c2ccc(S(=O)(=O)Nc3ccc(C)cc3)cc2)s1
CHEMBL5314375,AR,,4.523,0,1,Inactive,censored,Nc1ccn(C[C@@H](CO)OCP(=O)(O)O)c(=O)n1.O.O
CHEMBL473801,AR,,5.000,0,1,,censored,C[C@@]1(C(=O)Nc2nccs2)CC2(C#N)c3ccccc3C1c1ccccc12
CHEMBL7568,AR,,4.523,0,1,Inactive,censored,CCN(CC)CCCC(C)Nc1c2ccc(Cl)cc2nc2ccc(OC)cc12
CHEMBL235784,AR,5.880,,1,0,,exact,COC(=O)COc1ccccc1-c1ccc(C#N)c(C(F)(F)F)c1
CHEMBL258397,AR,7.655,,2,0,Active,exact,COc1ccc2oc(=O)c3c(ccc4[nH]c(=O)cc(C)c43)c2c1
CHEMBL5836242,AR,6.450,,1,1,Active,exact,CC1(C)C(=O)N(c2ccc(C#N)c(C(F)(F)F)c2)C(=S)N1c1ccc(CNC(=O)c2cncs2)cc1
CHEMBL3706900,AR,6.190,,1,0,Active,exact,CCCNc1cc2[nH]c(=O)cc(C(F)(F)F)c2cc1C
CHEMBL133054,AR,,6.000,0,1,,censored,Cc1c2c(cc3c(C(F)(F)F)ccnc13)C(C)CC(C)(C)N2
CHEMBL1731,AR,,4.523,0,1,Inactive,censored,CC1(C)S[C@@H]2[C@H](NC(=O)[C@H](NC(=O)N3CCN(S(C)(=O)=O)C3=O)c3ccccc3)C(=O)N2[C@H]1C(=O)O
CHEMBL163,AR,,4.523,0,1,Inactive,censored,CC(C)c1nc(CN(C)C(=O)N[C@H](C(=O)N[C@@H](Cc2ccccc2)C[C@H](O)[C@H](Cc2ccccc2)NC(=O)OCc2cncs2)C(C)C)cs1
CHEMBL271924,AR,6.160,,1,0,Active,exact,O=C1[C@@H]2C3CCC(O3)[C@@H]2C(=O)N1c1ccc(Cl)c([N+](=O)[O-])c1
CHEMBL4879321,AR,7.235,,2,0,Active,exact,CNC(=O)c1cc2c(cc1F)C[C@]1(C2)C(=O)N(c2cnc(C#N)c(C(F)(F)F)c2)C(=S)N1C(C)C
CHEMBL5200307,AR,6.660,,1,0,Active,exact,N#Cc1ccc(-n2ccc(CC(=O)Nc3ccc(F)cc3)n2)cc1Cl
CHEMBL3120319,AR,8.220,,1,0,Active,exact,C/C(=C1/c2ccccc2COc2ccccc21)c1cccc(NS(C)(=O)=O)c1
CHEMBL249903,AR,6.300,,1,0,Active,exact,C=C[C@]12CCC(CC)=CC1=CC[C@H]1[C@@H]3CC[C@H](O)[C@@]3(C)CC[C@@H]12
CHEMBL1164158,AR,6.470,,1,0,Active,exact,Cc1ccc(C(=O)C[C@H](Nc2ccc([N+](=O)[O-])cc2)c2cccc(F)c2)cc1
CHEMBL553025,AR,,4.523,0,1,Inactive,censored,CCC1=C[C@@H]2CN(C1)Cc1c([nH]c3ccccc13)[C@@](C(=O)OC)(c1cc3c(cc1OC)N(C)[C@H]1[C@@](O)(C(=O)OC)[C@H](OC(C)=O)[C@]4(CC)C=CCN5CC[C@]31[C@@H]54)C2
CHEMBL481152,AR,5.570,,1,0,,exact,CCN(c1cc(C)cc(C)c1)c1cc(C(=O)N2CCCC2)n(C)c1
CHEMBL1201342,AR,,4.523,0,1,Inactive,censored,CN1CCCC(CC2c3ccccc3Sc3ccccc32)C1
CHEMBL1086115,AR,,5.000,0,1,,censored,CCN(c1ccccc1)S(=O)(=O)c1ccc(-c2ccc3c(cnn3-c3ccc(F)cc3)c2)c(C(F)(F)F)c1
CHEMBL3326466,AR,9.520,,1,0,Active,exact,CO[C@@H]1C(c2ccc(C#N)c(Cl)c2C)=NN2CC(F)(F)C[C@@H]12
CHEMBL4090771,AR,4.730,,1,0,Inactive,exact,N#Cc1ccc(N2C(=O)C3Cc4ccccc4N3C2=S)cc1C(F)(F)F
CHEMBL4790541,AR,7.240,,3,0,Active,exact,C[C@](O)(Cn1cc(C(F)(F)F)cn1)C(=O)Nc1cnc(C#N)c(C(F)(F)F)c1
CHEMBL520603,AR,5.890,,1,0,,exact,Cn1cc(N(Cc2ccccc2)c2ccccc2[N+](=O)[O-])cc1C(=O)N1CCCC1
CHEMBL5266869,AR,,5.301,0,1,,censored,Cc1ccc(COCc2c(C=O)c(O)c(O)c(C)c2-c2ccccc2)cc1
CHEMBL4159987,AR,6.780,,1,0,Active,exact,CN(C)c1ccc([C@H]2C[C@@]3(C)[C@@H](CC[C@@]3(O)C#CC(C)(C)C)[C@@H]3CCC4=CC(=O)CC[C@@H]4[C@H]32)cc1
CHEMBL5411661,AR,,4.523,0,1,Inactive,censored,CSc1cc(C(N)=O)cc(-c2ccc3c(cnn3C)c2)c1
CHEMBL3326459,AR,8.150,,1,0,Active,exact,CO[C@H]1CCN2N=C(c3ccc(C#N)c(Cl)c3C)[C@@H](OC)[C@H]12
CHEMBL3895604,AR,7.210,,2,0,Active,exact,N#Cc1cccc2c(O[C@H]3CC[C@H](NC(=O)c4ccc(Cl)c(F)c4)CC3)ccnc12
CHEMBL77779,AR,6.890,,1,0,Active,exact,Oc1ccc2c(c1)CC[C@@H]1C[C@@](O)(C#CCl)CC[C@@]21Cc1ccccc1
CHEMBL470842,AR,5.180,,1,0,,exact,N#Cc1ccc(Oc2ccc(Cl)cc2)cc1C(F)(F)F
CHEMBL4095883,AR,8.980,,2,0,Active,exact,Cn1c(C#N)ccc1-c1ccc(O)cc1F
CHEMBL4528089,AR,6.510,,1,0,Active,exact,c1ccc2c(c1)CC(c1c[nH]c3ccccc13)N2
CHEMBL4640248,AR,5.480,,1,0,,exact,N=c1oc2c(O)cccc2cc1C(=O)Nc1ccccc1Cl
CHEMBL1210091,AR,7.030,,1,0,Active,exact,C[C@]12CN(S(=O)(=O)c3ccccn3)C[C@](C)(O1)[C@@H]1C(=O)N(c3ccc(C#N)c(C(F)(F)F)c3)C(=O)[C@@H]12
CHEMBL1822156,AR,4.620,,2,0,Inactive,exact,Oc1ccc(C2Nc3cccc4cccc(c34)N2)cc1O
CHEMBL549725,AR,5.800,,1,0,,exact,CC(C(=O)N(C)C)N(CC(F)(F)F)c1ccc(C#N)c(C(F)(F)F)c1
CHEMBL5883298,AR,5.260,,1,0,,exact,CC(C)(Cn1cc(F)cn1)C(=O)Nc1cc(C(F)(F)F)c(C#N)cc1I
CHEMBL5278829,AR,,5.301,0,1,,censored,COc1ccc(COCc2cc(C)c(O)c(O)c2C=O)cc1
CHEMBL5807570,AR,,4.523,0,1,Inactive,censored,C[C@]12C=CC(=O)C=C1CC[C@H]1[C@@H]3C[C@H]4O[C@@H](c5ccc(CSc6cccc(N)c6)cc5)O[C@@]4(C(=O)CO)[C@@]3(C)C[C@H](O)[C@@]12F
CHEMBL236699,AR,6.390,,1,0,Active,exact,C[C@]12CCC(=O)C[C@@H]1C[C@@H](CCCCCCCCC(CCCC(F)(F)C(F)(F)F)C(=O)O)[C@@H]1[C@@H]2CC[C@]2(C)[C@@H](O)CC[C@@H]12
CHEMBL310180,AR,5.890,,1,0,,exact,O=C1CC[C@@]2(Cc3ccccc3)c3ccc(O)cc3CC[C@@H]2C1
CHEMBL4074927,AR,5.830,,1,1,,exact,Cn1c(C#N)ccc1-c1ccc(O)cc1S(C)(=O)=O
CHEMBL203748,AR,8.100,,1,0,Active,exact,C=C[C@]12CCC(=O)C=C1CCC1C2CC[C@@]2(C)C1CC[C@@H]2O
CHEMBL4742694,AR,6.120,,3,0,Active,exact,CC(=O)c1cnn(C[C@](C)(O)C(=O)Nc2ccc(C#N)c(C(F)(F)F)c2)c1
CHEMBL566575,AR,,5.398,0,1,,censored,Cc1cccc([C@@](C)(O)[C@H]2CCCC3=Cc4c(-c5ccc(F)cc5)ncn4C[C@@]32C)c1
CHEMBL1765293,AR,,4.523,0,1,Inactive,censored,C=C(C)CNc1ccc(C(C)C(=O)O)cc1
CHEMBL3706894,AR,7.520,,1,0,Active,exact,CCN(CC(F)(F)F)c1ccc2c(C(F)(F)F)cc(=O)[nH]c2c1
CHEMBL5517813,AR,6.840,,1,0,Active,exact,N#Cc1ccc(O[C@H]2CC[C@H](NC(=O)c3ccc(N4CCN(CCCF)CC4)nn3)CC2)cc1Cl
CHEMBL6168833,AR,6.570,,1,0,Active,exact,Cc1oc(-c2cccc(C(F)(F)F)c2)cc1C(=O)Nc1nc(CN2CCC(C(C)(C)O)CC2)ns1
CHEMBL428880,AR,,4.523,0,1,Inactive,censored,O=C(O)c1cc(=O)c2c(OCC(O)COc3cccc4oc(C(=O)O)cc(=O)c34)cccc2o1
CHEMBL5955197,AR,5.690,,1,0,,exact,C[C@@H](NC(=O)c1nnc(Nc2ncnc3c2CCN(c2ccc(C#N)c(C(F)(F)F)c2)C3)s1)c1nnco1
CHEMBL408376,AR,8.130,,1,0,Active,exact,C#C[C@]1(O)CC[C@H]2[C@@H]3CCC4=CC(=O)CCC4=C3[C@@H](c3ccc(N(C)CCCC(=O)N(C)C4CC[C@@]5(C)[C@@H](C4)C[C@@H](O)[C@@H]4[C@@H]5C[C@H](O)[C@]5(C)[C@@H]([C@H](C)CCC(=O)O)CC[C@@H]45)cc3)C[C@@]21C
CHEMBL133503,AR,7.960,,1,0,Active,exact,CC1(C)CCc2cc3c(C(F)(F)F)cc(F)nc3cc2N1
CHEMBL3818942,AR,8.700,,1,0,Active,exact,N#Cc1ccc(C(O)(c2cscn2)C(F)(F)F)cc1C(F)(F)F
CHEMBL5398564,AR,5.270,,1,0,,exact,CN1CCN(C(=O)c2ccc(N3CCC4(CCN(c5ccc(C#N)c(Cl)c5)CC4)C3)cc2)CC1
CHEMBL5630801,AR,5.840,,1,0,,exact,N#Cc1ccc(N2C(=O)CN(CCCN3CCCc4ccccc43)C2=S)cc1C(F)(F)F
CHEMBL3582112,AR,,5.638,0,1,,censored,Cc1noc(C)c1-c1cc2c(c3c1CCC3)NC(C)(C)C(=O)C2(C)C
CHEMBL49754,AR,,5.000,0,1,,censored,C=C1C=C(C)CC(C)(C)C1Sc1ccc([N+](=O)[O-])cc1
CHEMBL471645,AR,7.470,,1,0,Active,exact,N#Cc1ccc(Oc2ccccc2O)cc1C(F)(F)F
CHEMBL3706927,AR,7.210,,1,0,Active,exact,O=c1cc(C(F)(F)F)c2cc(N(Cc3cccs3)CC(F)(F)F)ccc2[nH]1
CHEMBL3318054,AR,4.945,,2,0,Inactive,exact,CN(Cc1ccc(Br)o1)C(=O)c1cc2ccc(F)cc2[nH]1
CHEMBL1934444,AR,7.835,,2,0,Active,exact,Cc1c(C#N)c(-c2ccc(C#N)cc2)c(C)n1Cc1ccc(Cl)nc1
CHEMBL6171531,AR,7.400,,1,0,Active,exact,O=C(Nc1nc(CN2CCS(=O)(=O)CC2)ns1)C1=Cc2cc(Cl)ccc2OC=C1
CHEMBL3402231,AR,8.655,,2,0,Active,exact,C[C@H]1[C@@H](CO)CCN1c1ccc(C#N)c2ccccc12
CHEMBL5572979,AR,5.970,,1,0,,exact,C[C@H]1CN(c2ccc(C#N)cc2)CCN1C[C@](C)(O)C(=O)Nc1ccc(C#N)c(C(F)(F)F)c1
CHEMBL267907,AR,7.090,,1,0,Active,exact,C[C@H]1Nc2cc3nc(O)cc(C(F)(F)F)c3cc2CC1(C)C
CHEMBL5395976,AR,6.100,,1,0,Active,exact,CSc1ccc(C(N)=O)cc1-c1ccc2cnccc2c1
CHEMBL1504501,AR,,3.699,0,1,Inactive,censored,OCCn1c(SCCOc2ccccc2)nc2ccccc21
CHEMBL3318059,AR,5.480,,2,0,,exact,CN(Cc1ccc(Br)s1)C(=O)c1cc2ccc(F)cc2[nH]1
CHEMBL1201012,AR,4.930,,1,0,Inactive,exact,CC1(C)O[C@@H]2C[C@H]3[C@@H]4C[C@H](F)C5=CC(=O)CC[C@]5(C)[C@H]4[C@@H](O)C[C@]3(C)[C@]2(C(=O)CO)O1
CHEMBL1620794,AR,,4.523,0,1,Inactive,censored,CCN(CC)CCOC(=O)C(Cc1cccc2ccccc12)CC1CCCO1
CHEMBL4093265,AR,7.515,,2,0,Active,exact,CC(C)C[C@H]1[C@@H](O)CC(=O)N1c1ccc(C#N)c(Cl)c1
CHEMBL162103,AR,6.780,,1,0,Active,exact,CN1CCc2cc3c(C(F)(F)F)cc(=O)n(C)c3cc21
CHEMBL3907028,AR,7.170,,2,0,Active,exact,N#Cc1cccc2c(O[C@H]3CC[C@H](NC(=O)c4ccc(F)c(Cl)c4)CC3)ccnc12
CHEMBL3706928,AR,7.720,,1,0,Active,exact,CCOC(=O)CN(CC(F)(F)F)c1ccc2[nH]c(=O)cc(C(F)(F)F)c2c1
CHEMBL3947344,AR,6.790,,1,0,Active,exact,[C-]#[N+]c1ccc(N2C(=O)C3(CCC3)N(c3ccc(O)cc3)C2=S)cc1C(F)(F)F
CHEMBL408,AR,5.240,,1,0,,exact,Cc1c(C)c2c(c(C)c1O)CCC(C)(COc1ccc(CC3SC(=O)NC3=O)cc1)O2
CHEMBL5905741,AR,7.120,,2,0,Active,exact,CC(=O)c1cc(C(=O)NC[C@H](C)n2ccc(-c3cc(F)c(C#N)c(F)c3)n2)[nH]n1
CHEMBL2107014,AR,,4.523,0,1,Inactive,censored,O=C(Oc1ccc2c(c1)CCCN2C(=O)C(Cl)Cl)c1ccco1
CHEMBL5409836,AR,,4.523,0,1,Inactive,censored,Cc1ccc(C(N)=O)cc1-c1ccc2c(cnn2C)c1
CHEMBL3692350,AR,7.405,,2,0,Active,exact,C[C@]12CC[C@H]3[C@@H](CCC4=CC(=O)CC[C@@H]43)[C@@H]1CC1(CC1)[C@@]21C=CCO1
CHEMBL50786,AR,,5.000,0,1,,censored,C=C1C=C(C)CC(C)(C)C1Cc1ccc2nonc2c1
CHEMBL865,AR,,4.523,0,1,Inactive,censored,Cc1onc(-c2ccccc2)c1-c1ccc(S(N)(=O)=O)cc1
CHEMBL112987,AR,6.050,,1,0,Active,exact,CCCCC1Oc2ccc(Cl)cc2-c2ccc3c(c21)C(C)=CC(C)(C)N3
CHEMBL2316571,AR,,3.699,0,1,Inactive,censored,CCc1cccc(OCCSc2nc3ccccc3n2CC(=O)OC)c1
CHEMBL1219,AR,,4.523,0,1,Inactive,censored,COCCCOc1ccnc(C[S+]([O-])c2nc3ccccc3[nH]2)c1C
CHEMBL389606,AR,8.070,,1,0,Active,exact,Cc1cc(C#N)ccc1N1C(=O)[C@@H]2[C@H](O)CCN2C1=O
CHEMBL3962284,AR,6.140,,1,0,Active,exact,[C-]#[N+]c1ccc(N2C(=O)C(C)(C)N(c3ccccn3)C2=S)cc1C(F)(F)F
CHEMBL231122,AR,9.150,,1,0,Active,exact,Cc1c(C#N)ccc(N2C(=O)[C@@H]3[C@H](O)CCN3C2=O)c1Cl
CHEMBL4227715,AR,8.850,,1,0,Active,exact,Cc1nn(-c2ccc(C#N)c(C(F)(F)F)c2)c(C)c1Cc1ccc(C(=O)O)cc1
CHEMBL27769,AR,8.700,,36,2,Active,exact,C[C@]12CCC(=O)C[C@@H]1CC[C@@H]1[C@@H]2CC[C@]2(C)[C@@H](O)CC[C@@H]12
CHEMBL1163484,AR,6.390,,1,0,Active,exact,COc1cccc(C(=O)CC(Nc2ccc([N+](=O)[O-])cc2)C2CCCCC2)c1
CHEMBL3402224,AR,9.290,,2,0,Active,exact,CC[C@H]1CCCN1c1ccc(C#N)c2ccccc12
CHEMBL5208304,AR,7.525,,2,0,Active,exact,CC(c1ccccc1)N(C)c1ccc(C#N)c(C(F)(F)F)n1
CHEMBL6160139,AR,7.620,,1,0,Active,exact,Cc1oc(-c2cccc(C(F)(F)F)c2)cc1C(=O)Nc1nc(CC(C)N2CCCC2)ns1
CHEMBL5291995,AR,,4.523,0,1,Inactive,censored,CN(C)CCCN1C(=O)c2cc([N+](=O)[O-])ccc2Oc2ccccc21
CHEMBL3919228,AR,6.300,,1,0,Active,exact,[C-]#[N+]c1ccc(N2C(=O)C3(CCCC3)N(c3ccc([N+](=O)[O-])cc3)C2=S)cc1C(F)(F)F
CHEMBL4758685,AR,5.940,,3,0,,exact,C[C@](O)(Cn1cc(-c2ccccc2)cn1)C(=O)Nc1ccc(C#N)c(C(F)(F)F)c1
CHEMBL5088483,AR,,4.301,0,1,Inactive,censored,COc1ccc([N+](=O)[O-])cc1COc1ccc2c(C(F)(F)F)cc(=O)oc2c1
CHEMBL5094619,AR,5.790,,1,0,,exact,COc1ccc(COc2ccc3c(C(F)(F)F)cc(=O)oc3c2)cc1
CHEMBL5079827,AR,,4.301,0,1,Inactive,censored,Cc1ccc(OC(=O)Nc2ccc3c(C(F)(F)F)cc(=O)oc3c2)c(C)c1
CHEMBL6161342,AR,6.210,,3,0,Active,exact,O=C(Nc1nc(CN2CCOCC2)ns1)C1=Cc2cc(Cl)ccc2OC=C1
CHEMBL29411,AR,,4.523,0,1,Inactive,censored,Cc1ccc(C(C)C)c(O)c1
CHEMBL5952580,AR,7.115,,4,0,Active,exact,Cc1nc(C(=O)N[C@@H](C)Cn2ccc(-c3ccc(C#N)c(Cl)c3)n2)c[nH]1
CHEMBL1957609,AR,6.225,,2,0,Active,exact,Cc1nn(-c2ccc(C#N)c(Cl)c2)c(C)c1Cc1ccc(C(=O)N2CCOCC2)cc1
CHEMBL335996,AR,6.360,,1,0,Active,exact,COc1ccccc1/C=C1\Oc2ccc(F)cc2-c2ccc3c(c21)C(C)=CC(C)(C)N3
CHEMBL3692353,AR,6.545,,2,0,Active,exact,CC[C@]12CC[C@H]3[C@@H]([C@H](C)CC4=CC(=O)CC[C@@H]43)[C@@H]1CC[C@@]21C=CCO1
CHEMBL4448523,AR,6.160,,1,0,Active,exact,CC1(C)C(=O)N(c2ccc(C#N)c(C(F)(F)F)c2)C(=O)N1Cc1ccc(-c2cn(CCCCCCC(=O)NO)nn2)cc1
CHEMBL5276723,AR,5.620,,1,0,,exact,Cc1c(O)c(O)c(C=O)c(COCc2ccc(F)cc2)c1-c1ccc(F)cc1
CHEMBL1215331,AR,,5.050,0,1,,censored,N#Cc1ccc(N2N=C3c4ccc(C(=O)O)cc4CC[C@@H]3[C@@H]2C2CCCC2)cc1Cl
CHEMBL4852702,AR,5.780,,1,0,,exact,Cc1cccc2c(-c3ccc4ccc(Cl)cc4n3)c[nH]c12
CHEMBL1503,AR,,4.523,0,1,Inactive,censored,COc1ccc2[nH]c([S+]([O-])Cc3ncc(C)c(OC)c3C)nc2c1
CHEMBL8639,AR,,5.301,0,2,,censored,C=CCC1Oc2ccccc2-c2ccc3c(c21)C(C)=CC(C)(C)N3
CHEMBL6165837,AR,7.480,,1,0,Active,exact,Cc1ccc(C(=O)NC2CC3(CCN(c4ccc(C#N)c(C(F)(F)F)c4)C3)C2)cn1
CHEMBL142635,AR,,4.523,0,1,Inactive,censored,COc1ccccc1N1CCN(CC(O)COc2cccc3ccccc23)CC1
CHEMBL8659,AR,,4.523,0,1,Inactive,censored,CCCCCCCC/C=C\CCCCCCCC(=O)O
CHEMBL231014,AR,8.100,,1,0,Active,exact,Cc1c(N2C(=O)[C@@H]3[C@H](O)CCN3C2=O)ccc(C#N)c1C#N
CHEMBL3263751,AR,,5.000,0,1,,censored,CCOc1cc(C2=NN(c3ccc(C#N)c(C)c3)[C@@H](C3CCCC3)C2)ccc1C(=O)O
CHEMBL3972532,AR,6.630,,1,0,Active,exact,[C-]#[N+]c1ccc(N2C(=O)C3(CCCCCC3)N(c3ccc(C)cc3)C2=S)cc1C(F)(F)F
CHEMBL1488607,AR,5.800,,1,0,,exact,Fc1ccc(-c2csc(N3CCSCC3)n2)cc1
CHEMBL3221237,AR,7.510,,4,0,Active,exact,CN1C(=O)C(F)=C[C@]2(C)[C@H]3CC[C@]4(C)[C@@H](C(=O)NCc5nc6cccnc6[nH]5)CC[C@H]4[C@@H]3CC[C@@H]12
CHEMBL6152535,AR,6.050,,1,0,Active,exact,N#Cc1ccc(CNc2ccc3c(C(F)(F)F)cc(=O)oc3c2)cc1
CHEMBL431770,AR,,4.523,0,1,Inactive,censored,CCn1c(=O)c2c(nc(/C=C/c3ccc(OC)c(OC)c3)n2C)n(CC)c1=O
CHEMBL279014,AR,,4.523,0,1,Inactive,censored,CCN(CC)CCNc1ccc(C)c2sc3ccccc3c(=O)c12
CHEMBL135,AR,7.650,,4,0,Active,exact,C[C@]12CC[C@@H]3c4ccc(O)cc4CC[C@H]3[C@@H]1CC[C@@H]2O
CHEMBL1830775,AR,6.980,,2,0,Active,exact,CCCCN1CC(C)(C)C(Oc2ccc(C#N)c(C(F)(F)F)c2)C1=O
CHEMBL4743529,AR,5.380,,1,0,,exact,CC1(C)NC(=O)N(Cc2ccc(F)c(C(F)(F)F)c2)C1=O
CHEMBL302870,AR,8.400,,1,0,Active,exact,C[C@]1(O)CCC2C3CCC4=CC(=O)CC[C@]4(C)[C@@]3(F)[C@@H](O)C[C@@]21C
CHEMBL1766,AR,6.020,,1,0,Active,exact,C[C@@H]1C[C@H]2[C@@H]3CCC4=CC(=O)C=C[C@]4(C)[C@@]3(F)[C@@H](O)C[C@]2(C)[C@H]1C(=O)CO
CHEMBL451153,AR,6.670,,1,0,Active,exact,COc1ccc(CO)cc1Oc1ccc(C#N)c(C(F)(F)F)c1
CHEMBL235379,AR,6.840,,1,0,Active,exact,Cc1ccccc1-c1ccc(C#N)c(C(F)(F)F)c1
CHEMBL4876467,AR,5.820,,1,0,,exact,Clc1cc(Cl)c2[nH]cc(-c3ccc4ccccc4n3)c2c1
CHEMBL1378,AR,,4.523,0,1,Inactive,censored,CCSc1ccc2c(c1)N(CCCN1CCN(C)CC1)c1ccccc1S2
CHEMBL132767,AR,,4.523,0,1,Inactive,censored,CCN(CC)c1cc(C)nc2ncnn12
CHEMBL5273895,AR,,5.301,0,1,,censored,Cc1ccc(F)cc1-c1c(C)c(O)c(O)c(C=O)c1COCc1ccccc1
CHEMBL415087,AR,,4.523,0,1,Inactive,censored,Clc1ccc(C(OCCN2CCCCC2)c2ccccc2)cc1
CHEMBL3578274,AR,5.520,,1,0,,exact,C[C@H](c1ccc(F)cc1)N1C(=O)O[C@](Cc2ccccc2)(c2nc3cc(C(F)(F)F)ccc3[nH]2)C1=O
CHEMBL384467,AR,5.850,,1,4,,exact,C[C@@H]1C[C@H]2[C@@H]3CCC4=CC(=O)C=C[C@]4(C)[C@@]3(F)[C@@H](O)C[C@]2(C)[C@@]1(O)C(=O)CO
CHEMBL3323502,AR,5.535,,2,0,,exact,Cc1ncn(-c2csc(N3CCOCC3)n2)c1C
CHEMBL52,AR,4.410,,1,2,Inactive,exact,CC(Cc1ccc(O)c(O)c1)C(C)Cc1ccc(O)c(O)c1
CHEMBL3623126,AR,8.425,,2,0,Active,exact,C[C@]12O[C@@](C)(C[C@H]1NS(=O)(=O)c1cccnc1)[C@H]1C(=O)N(c3ccc(C#N)c(C(F)(F)F)c3)C(=O)[C@H]12
CHEMBL4743225,AR,,5.000,0,1,,censored,CC1(C)NC(=O)N(c2ccc(C(F)(F)F)nc2)C1=O
CHEMBL848,AR,,4.523,0,2,Inactive,censored,Nc1cccc2c1CN(C1CCC(=O)NC1=O)C2=O
CHEMBL393319,AR,6.460,,1,0,Active,exact,C[C@]12CCC(=O)C[C@@H]1C[C@@H](CCCCCCCCCC(=O)O)[C@@H]1[C@@H]2CC[C@]2(C)[C@@H](O)CC[C@@H]12
CHEMBL9967,AR,,4.523,0,1,Inactive,censored,CN1CCN(CC(=O)N2c3ccccc3C(=O)Nc3cccnc32)CC1
CHEMBL238366,AR,7.430,,1,0,Active,exact,COc1ccccc1-c1ccc(C#N)c(C(F)(F)F)c1
CHEMBL1672635,AR,8.150,,1,0,Active,exact,Cc1c(N[C@@H](c2nnc(-c3ccc(C#N)cc3)o2)[C@H](C)O)ccc(C#N)c1Cl
CHEMBL338922,AR,8.300,,1,0,Active,exact,CC1(C)CCc2cc3c(C(F)(F)F)ccnc3cc2N1
CHEMBL5426565,AR,6.055,,2,0,Active,exact,C[C@](O)(Cn1nc(I)c2cc(F)ccc21)C(=O)Nc1cnc(C#N)c(C(F)(F)F)c1
CHEMBL5888346,AR,6.100,,1,0,Active,exact,N#Cc1ccc(N2CCc3c(ncnc3Nc3ccc(NC(=O)CC(F)(F)F)cn3)C2)cc1C(F)(F)F
CHEMBL1190,AR,,4.523,0,1,Inactive,censored,C[N+](C)(C)CCCCCCCCCC[N+](C)(C)C
CHEMBL2364639,AR,,4.523,0,1,Inactive,censored,COc1cc2c(cc1OC)[C@H]1C[C@@H](OC(=O)[C@@H](N)C(C)C)[C@H](CC(C)C)CN1CC2
CHEMBL3941698,AR,6.900,,1,0,Active,exact,[C-]#[N+]c1ccc(N2C(=O)C(C)(CF)N(c3ccc(C)cc3)C2=S)cc1C(F)(F)F
CHEMBL3263754,AR,5.040,,1,0,,exact,COc1nc(C2=NN(c3ccc(C#N)c(C)n3)[C@@H](C3CCCC3)C2)ccc1C(=O)O
CHEMBL54270,AR,5.710,,1,0,,exact,C=C1C=C(C)CC(C)(C)C1Cc1cc(OC)c(Br)cc1OC(C)=O
CHEMBL216272,AR,6.200,,1,0,Active,exact,Cc1noc(=O)c2ccc(NC(=O)C(O)(CC(C)(C)c3cccc4c3OCC4)C(F)(F)F)cc12
CHEMBL4781335,AR,7.200,,3,0,Active,exact,C[C@](O)(Cn1cc(F)cn1)C(=O)Nc1cnc(C#N)c(C(F)(F)F)c1
CHEMBL3706909,AR,7.130,,1,0,Active,exact,O=c1cc(C(F)(F)F)c2cc(NC3CCCC3)ccc2[nH]1
CHEMBL4072533,AR,8.315,,2,0,Active,exact,CC[C@H]1[C@@H](O)CC(=O)N1c1ccc(C#N)c(Cl)c1
CHEMBL2220427,AR,,4.523,0,1,Inactive,censored,CCC(=O)O[C@H]1[C@H](O[C@@H]2[C@@H](C)[C@H](O[C@H]3C[C@@](C)(OC)[C@@H](O)[C@H](C)O3)[C@@H](C)C(=O)O[C@H](CC)[C@@](C)(O)[C@H](O)[C@@H](C)C(=O)[C@H](C)C[C@@]2(C)O)O[C@H](C)C[C@@H]1N(C)C
CHEMBL3323495,AR,5.750,,2,0,,exact,Ic1ncn(-c2csc(N3CCOCC3)n2)c1I
CHEMBL3695599,AR,7.050,,1,0,Active,exact,CC[C@@H]1CC2=CC(=O)CC[C@@H]2[C@H]2CC[C@@]3(C)[C@@H](CC[C@@]34C=CC(=O)O4)[C@H]12
CHEMBL229808,AR,8.460,,2,0,Active,exact,Cc1c(N2C[C@@H]3[C@H](O)CCN3C2=O)ccc(C#N)c1Cl
CHEMBL413,AR,,4.523,0,1,Inactive,censored,CO[C@H]1C[C@@H]2CC[C@@H](C)[C@@](O)(O2)C(=O)C(=O)N2CCCC[C@H]2C(=O)O[C@H]([C@H](C)C[C@@H]2CC[C@@H](O)[C@H](OC)C2)CC(=O)[C@H](C)/C=C(\C)[C@@H](O)[C@@H](OC)C(=O)[C@H](C)C[C@H](C)/C=C/C=C/C=C/1C
CHEMBL256326,AR,8.180,,1,0,Active,exact,O=c1cc(C(F)(F)F)c2cc3c(cc2[nH]1)OCC(C(F)F)N3CC(F)(F)F
CHEMBL5273248,AR,,5.301,0,1,,censored,CCc1c(O)c(O)c(C=O)c(COCc2ccccc2)c1-c1ccccc1
CHEMBL395429,AR,,4.523,0,1,Inactive,censored,CC[C@H](C)[C@@H]1NC(=O)[C@H](Cc2ccc(O)cc2)NC(=O)[C@@H](N)CSSC[C@@H](C(=O)N2CCC[C@H]2C(=O)N[C@@H](CC(C)C)C(=O)NCC(N)=O)NC(=O)[C@H](CC(N)=O)NC(=O)[C@H](CCC(N)=O)NC1=O
CHEMBL367375,AR,7.315,,2,0,Active,exact,O=C1[C@@H]2C3C=CC([C@H]4C[C@@H]34)[C@@H]2C(=O)N1c1ccc([N+](=O)[O-])c2ccccc12
CHEMBL3132994,AR,5.660,,1,0,,exact,CC[C@H](C)[C@H](NC(=O)[C@H](CS)NC(=O)[C@H](Cc1ccccc1)NC(=O)[C@H](CC(C)C)NC(=O)[C@H](CCC(=O)O)NC(=O)[C@H](CS)NC(=O)[C@H](Cc1ccccc1Cl)NC(=O)[C@H](CCCNC(=N)N)NC(=O)[C@@H](N)CC(N)=O)C(=O)N[C@@H](CCC(N)=O)C(=O)NCC(=O)N[C@H](C(=O)NCC(=O)N[C@@H](CC(=O)O)C(=O)N[C@H](C(=O)N[C@@H](CCCCN)C(=O)N[C@@H](C)C(=O)N[C@@H](CS)C(=O)N[C@@H](CCC(=O)O)C(=O)N[C@@H](Cc1c[nH]c2ccccc12)C(=O)N[C@@H](C)C(=O)N[C@@H](CS)C(=O)N[C@@H](CCC(N)=O)C(=O)O)C(C)C)[C@@H](C)O
CHEMBL5289673,AR,,5.301,0,1,,censored,CC(C)c1cc(COCc2ccccc2)c(C=O)c(O)c1O
CHEMBL3915005,AR,6.380,,1,0,Active,exact,C[C@]12CCC3C4CCC(=O)C=C4[C@@H]4C[C@@H]4C3C1C1CC1[C@@]21CCC(=O)O1
CHEMBL426559,AR,,4.523,0,1,Inactive,censored,CS(=O)(=O)c1cc(F)cc2c3c(n(Cc4ccc(Cl)cc4)c12)[C@@H](CC(=O)O)CC3
CHEMBL223355,AR,6.090,,1,0,Active,exact,CN(Cc1ccccc1)C(=O)CCCCCCCC1C[C@H]2CC(=O)CC[C@]2(C)[C@H]2CC[C@]3(C)[C@@H](O)CC[C@H]3[C@H]12
CHEMBL3323479,AR,5.505,,2,0,,exact,Clc1ccc(-c2csc(N3CCOCC3)n2)cc1Cl
CHEMBL134602,AR,6.190,,1,1,Active,exact,CC1=CC(C)(C)Nc2ccc3c(c21)/C(=C/c1ccccc1)Oc1ccc(F)cc1-3
CHEMBL447184,AR,6.160,,1,0,Active,exact,CCCCc1ccc(C(=O)N2C[C@@H]3C[C@H]2[C@@H]2C(=O)N(c4ccc(C#N)c(C(F)(F)F)c4)C(=O)N32)cc1
CHEMBL5269526,AR,,5.301,0,1,,censored,Cc1c(O)c(O)c(C=O)c(COCc2ccccc2)c1-c1cccc2ccccc12
CHEMBL5268875,AR,,5.301,0,1,,censored,Cc1c(O)c(O)c(C=O)c(COCc2ccccc2)c1-c1ccccc1Br
CHEMBL317052,AR,,4.523,0,1,Inactive,censored,CNC(=O)c1cnn(-c2nc(N)c3ncn([C@@H]4O[C@H](CO)[C@@H](O)[C@H]4O)c3n2)c1
CHEMBL238332,AR,9.300,,1,0,Active,exact,O=c1cc(Br)c2cc(N(CC(F)(F)F)CC(F)(F)F)ccc2[nH]1
CHEMBL569713,AR,,4.523,0,1,Inactive,censored,CN1[C@@H]2C[C@@H](OC(=O)[C@H](CO)c3ccccc3)C[C@H]1[C@@H]1O[C@@H]12
CHEMBL1094117,AR,,5.000,0,2,,censored,Cc1cc(C#N)c(C(F)(F)F)cc1N1C(=O)C(C)(C)N(CCCS(N)(=O)=O)C1=S
CHEMBL1756,AR,,4.523,0,1,Inactive,censored,C[C@]12CC[C@@H]3c4ccc(OC(=O)N(CCCl)CCCl)cc4CC[C@H]3[C@@H]1CC[C@@H]2OP(=O)(O)O
CHEMBL443970,AR,7.400,,1,0,Active,exact,CCCSc1ccc(C#N)c(OC)c1
CHEMBL45816,AR,,4.523,0,1,Inactive,censored,COCC(=O)O[C@]1(CCN(C)CCCc2nc3ccccc3[nH]2)CCc2cc(F)ccc2[C@@H]1C(C)C
CHEMBL4470403,AR,4.840,,2,0,Inactive,exact,Cc1ccccc1N1CCN(C(=O)CCCc2ccccc2)CC1
CHEMBL400480,AR,6.480,,1,0,Active,exact,C=C[C@]12CCC(=C)C=C1CC[C@H]1[C@@H]3CC[C@H](O)[C@@]3(C)CC[C@@H]12
CHEMBL311662,AR,,5.301,0,2,,censored,C[C@]12Cc3cnn(-c4ccc(F)cc4)c3C=C1CCC[C@@H]2[C@](C)(O)c1ccc(F)cc1
CHEMBL571605,AR,,5.000,0,1,,censored,Cc1c(C#N)c(N)nc2c3c(sc12)NC(=O)CC3c1ccc(Cl)cc1Cl
CHEMBL154,AR,,4.523,0,1,Inactive,censored,COc1ccc2cc([C@H](C)C(=O)O)ccc2c1
CHEMBL86754,AR,,4.523,0,1,Inactive,censored,Oc1c(I)cc(I)c2cccnc12
CHEMBL5401854,AR,,4.523,0,1,Inactive,censored,COc1ncc(C(N)=O)cc1-c1ccc2c(cnn2C)c1
CHEMBL238122,AR,8.850,,1,0,Active,exact,Cc1cc(=O)[nH]c2ccc(N(CC(F)(F)F)CC(F)(F)F)cc12
CHEMBL1086071,AR,,5.000,0,1,,censored,Fc1ccc(-n2ncc3cc(-c4ccc(C(F)(F)F)cc4)ccc32)cc1
CHEMBL615,AR,,4.523,0,1,Inactive,censored,CC1(C)S[C@@H]2[C@H](NC(=O)COc3ccccc3)C(=O)N2[C@H]1C(=O)O
CHEMBL3937441,AR,7.350,,2,0,Active,exact,O=C(N[C@H]1CC[C@H](Oc2ccnc3ccccc23)CC1)c1ccc(F)c(F)c1
CHEMBL1581,AR,,4.523,0,1,Inactive,censored,CCC[C@H](N[C@@H](C)C(=O)N1[C@H](C(=O)O)C[C@@H]2CCCC[C@@H]21)C(=O)OCC
CHEMBL1200973,AR,6.130,,1,0,Active,exact,C[C@]12CC[C@@H]3c4ccc(O)cc4CC[C@H]3[C@@H]1CC[C@@H]2OC(=O)CCC1CCCC1
CHEMBL3318055,AR,5.105,,2,0,,exact,Cc1ccc(CN(C)C(=O)c2cc3cc(F)ccc3[nH]2)o1
CHEMBL370567,AR,5.820,,1,0,,exact,CCC(CC)(c1ccc(NCC(O)CO)c(C)c1)c1ccc(OCC(O)C(C)(C)C)c(C)c1
CHEMBL5271105,AR,,5.301,0,1,,censored,Cc1c(O)c(O)c(C=O)c(COCc2ccccc2F)c1-c1cccc(F)c1
CHEMBL2386397,AR,6.070,,2,0,Active,exact,CN(C)c1ccc(-c2cc(=O)c3c(O)cccc3o2)cc1
CHEMBL370252,AR,,4.523,0,1,Inactive,censored,CC1CCc2cc(F)cc3c(=O)c(C(=O)O)cn1c23
CHEMBL5964984,AR,6.230,,1,0,Active,exact,Cc1ccccc1C(=O)NCc1ccc(N2C(=S)N(c3ccc(C#N)c(F)c3)C(=O)C2(C)C)cc1F
CHEMBL365650,AR,8.000,,1,0,Active,exact,O=C1[C@H]2[C@@H]3C[C@@H](CN3C(=O)c3ccccc3)N2C(=O)N1c1ccc([N+](=O)[O-])cc1
CHEMBL294800,AR,,5.000,0,1,,censored,COc1cccc2c1-c1ccc(NS(C)(=O)=O)cc1C(c1cccc(C)c1)O2
CHEMBL4438211,AR,7.000,,2,0,Active,exact,C[C@](O)(CN1CCc2c(F)cccc21)C(=O)Nc1ccc(C#N)c(C(F)(F)F)c1
CHEMBL388997,AR,8.030,,1,0,Active,exact,CCC1COc2cc3[nH]c(=O)cc(C(F)(F)F)c3cc2N1CC(F)(F)F
CHEMBL6167576,AR,7.600,,1,0,Active,exact,COc1ccc(C(=O)NC2CC3(CCN(c4ccc(C#N)c(C(F)(F)F)c4)C3)C2)cc1
CHEMBL1911272,AR,,5.301,0,1,,censored,CN(C)C(=O)c1ccc(-c2ccc3c(n2)Oc2ccccc2[C@H]3C(C)(C)C(=O)Nc2nncs2)cc1F
CHEMBL5851663,AR,7.140,,1,0,Active,exact,CC1(C)C(=O)N(c2cnc(C#N)c(C(F)(F)F)c2)C(=S)N1c1ccc(CNC(=O)c2ncccn2)c(Cl)c1
CHEMBL1328898,AR,,4.523,0,1,Inactive,censored,COC(=O)[C@@H](N)Cc1ccc(O)c(O)c1
CHEMBL1519,AR,,4.523,0,1,Inactive,censored,CCOC(=O)[C@H](CCc1ccccc1)N[C@@H](C)C(=O)N1[C@H](C(=O)O)C[C@H]2CCCC[C@@H]21
CHEMBL229159,AR,8.540,,1,0,Active,exact,Cc1c(N2C(=O)N3CC[C@@H](O)[C@H]3[C@@H]2C)ccc(C#N)c1Cl
CHEMBL3326460,AR,8.820,,1,0,Active,exact,CO[C@@H]1C(c2ccc(C#N)c(Cl)c2C)=NN2CC[C@H](F)[C@@H]12
CHEMBL5087488,AR,6.210,,1,0,Active,exact,Cc1ccc(COc2ccc3c(C(F)(F)F)cc(=O)oc3c2)cc1
CHEMBL3706878,AR,7.540,,1,0,Active,exact,CCNc1ccc2c(C(F)(F)F)cc(=O)[nH]c2c1
CHEMBL1004,AR,,4.523,0,1,Inactive,censored,CN(C)CCOC(C)(c1ccccc1)c1ccccn1
CHEMBL1830945,AR,7.770,,1,0,Active,exact,CC1(C)CN(Cc2ccc(O)cc2)C(=O)C1Oc1ccc(C#N)c(C(F)(F)F)c1
CHEMBL235347,AR,8.010,,1,0,Active,exact,C[C@@H](CCl)N(CC(F)(F)F)c1ccc2[nH]c(=O)cc(C(F)(F)F)c2c1
CHEMBL3706940,AR,6.160,,1,0,Active,exact,COc1c(O)ccc2c1-c1ccc3c(c1/C(=C/c1ccc(F)cc1CO)O2)C(C)=CC(C)(C)N3
CHEMBL3982650,AR,6.250,,1,0,Active,exact,CC1(C)C(=O)N(c2ccc(C#N)c(C(F)(F)F)c2)C(=S)N1c1ccc(C(=O)NCCCn2cccc(O)c2=O)c(F)c1
CHEMBL6165855,AR,7.800,,1,0,Active,exact,Cc1oc(-c2cccc(OC(F)F)c2)cc1C(=O)Nc1nc(CN2CCOCC2)ns1
CHEMBL3323487,AR,6.695,,2,0,Active,exact,Oc1c(F)cccc1-c1csc(N2CCOCC2)n1
CHEMBL5402908,AR,5.320,,1,0,,exact,CC(C)c1cn(C2=CCC3C4CC=C5C[C@@H](NC(=O)c6ccncc6)CC[C@]5(C)C4CC[C@]23C)cn1
CHEMBL5973220,AR,7.190,,1,0,Active,exact,Cc1ncsc1C(=O)NCc1ccc(N2C(=S)N(c3ccc(C#N)c(C(F)(F)F)c3)C(=O)C23CCC3)cc1F
CHEMBL6162978,AR,6.240,,5,0,Active,exact,CC(=O)Cc1nsc(NC(=O)C2=COc3ccc(Cl)cc3C=C2)n1
CHEMBL3182343,AR,,4.523,0,1,Inactive,censored,CC(C)(C)C(=O)OCOC(=O)[C@@H]1N2C(=O)[C@@H](NC(=O)[C@H](N)c3ccccc3)[C@H]2SC1(C)C
CHEMBL3588959,AR,7.020,,1,0,Active,exact,CNC(=O)c1ccc(N2C(=S)N(c3ccc(C#N)c(C(F)(F)F)c3)C(=O)[C@@H]2C)cc1F
CHEMBL5421312,AR,7.050,,1,0,Active,exact,CSc1ccc(C(N)=O)cc1-c1ccc2c(ccn2C)c1
CHEMBL493982,AR,,4.523,0,1,Inactive,censored,CCOC(=O)N[C@@H]1CC[C@@H]2[C@@H](C1)C[C@H]1C(=O)O[C@H](C)[C@H]1[C@H]2/C=C/c1ccc(-c2cccc(F)c2)cn1
CHEMBL133329,AR,,6.000,0,1,,censored,CC1(C)CCc2cc3c(C(F)(F)F)cc(N)nc3cc2N1
CHEMBL3818224,AR,8.900,,2,0,Active,exact,N#Cc1ccc(C(O)(c2cocn2)C(F)(F)F)cc1C(F)(F)F
CHEMBL224263,AR,8.600,,2,0,Active,exact,C[C@@H]1COc2cc3[nH]c(=O)cc(C(F)(F)F)c3cc2N1CC(F)(F)F
CHEMBL2096842,AR,8.370,,1,0,Active,exact,O=C1[C@H]2C[C@H](O)CN2C(=O)N1c1ccc([N+](=O)[O-])c2ccccc12
CHEMBL484727,AR,9.700,,1,0,Active,exact,Cc1c(/N=C2\O[C@H](C(F)(F)F)[C@@H]3[C@@H](O)CCN23)ccc(C#N)c1Cl
CHEMBL5194764,AR,7.570,,2,0,Active,exact,CNC(=O)[C@]12C(=O)N(c3ccc(C#N)c(C(F)(F)F)c3)C(=O)[C@H]1[C@H]1C[C@H](F)[C@@H]2C1
CHEMBL2323511,AR,9.850,,1,0,Active,exact,COc1ccc2c(c1)c(C)c(CCC(=O)NS(C)(=O)=O)n2C(=O)c1ccc(Cl)cc1
CHEMBL107360,AR,,4.523,0,1,Inactive,censored,c1ccc2c(c1)CCc1ccccc1N2C1CN2CCC1CC2
CHEMBL3926496,AR,6.885,,2,0,Active,exact,C[C@@]12CCC(=O)C=C1[C@H]1C[C@H]1[C@@H]1[C@H]3[C@H]4C[C@H]4[C@]4(CCC(=O)O4)[C@]3(C)CC[C@H]12
CHEMBL5286150,AR,4.340,,1,0,Inactive,exact,Cc1ccc(C2CC(C(F)(F)F)n3nc(C(N)=O)cc3N2)cc1
CHEMBL556848,AR,6.890,,1,0,Active,exact,CN1C(=O)C=C[C@]2(C)[C@H]3CC[C@]4(C)[C@@H](O)/C(=C/c5ccncc5)C[C@H]4[C@@H]3CC[C@@H]12
CHEMBL201809,AR,5.430,,1,0,,exact,CC#C[C@]12CC[C@H](O)CC1=CCC1C2CC[C@@]2(C)C1CC[C@@H]2O
CHEMBL281945,AR,8.700,,1,0,Active,exact,C[C@H]1CNc2cc3nc(O)cc(C(F)(F)F)c3cc2C1CCC(F)(F)F
CHEMBL2337515,AR,5.800,,4,2,,exact,CNC(=O)c1ccc([C@@]2(O)CCN(c3ccc(C#N)c(Cl)c3)[C@@H]2C)cn1
CHEMBL490955,AR,7.190,,2,0,Active,exact,Cc1ccccc1Oc1ccc(C#N)cc1Cl
CHEMBL501080,AR,6.160,,1,0,Active,exact,CCC1(c2ccco2)OCC(=O)Nc2ccc(-c3cc(F)cc(C#N)c3)cc21
CHEMBL3323484,AR,6.675,,2,0,Active,exact,COc1c(-c2csc(N3CCOCC3)n2)ccc(F)c1F
CHEMBL5832037,AR,6.750,,1,0,Active,exact,CC1(C)C(=O)N(c2ccc(C#N)c(C(F)(F)F)c2)C(=S)N1c1ccc(CNC(=O)c2ncc[nH]2)c(F)c1
CHEMBL65221,AR,5.060,,1,0,,exact,CS(=O)(=O)Nc1ccc2c(c1)C(c1ccccc1)Oc1cccc(OC(F)F)c1-2
CHEMBL2419296,AR,,5.000,0,1,,censored,CC1C(c2ccc3c(c2)NC(=O)CO3)=C(c2ccc(F)cc2)C(=O)N1C1CC1
CHEMBL2018096,AR,,4.523,0,1,Inactive,censored,OC[C@H]1O[C@@H](c2ccc(F)c(Cc3cc4ccccc4s3)c2)[C@H](O)[C@@H](O)[C@@H]1O
CHEMBL189306,AR,9.700,,1,0,Active,exact,CCCCCCCCCCCC[C@H]1C[C@@]2(C)C(CC[C@@H]2O)C2CCC3=CC(=O)CCC3=C21
CHEMBL475503,AR,,5.000,0,1,,censored,COc1ccccc1CNC(=O)c1cc(C(F)(F)F)nn1-c1csc(CNC(=O)[C@H](C)N)c1
CHEMBL1200686,AR,,4.523,0,1,Inactive,censored,CC[C@@H]1/C=C(\C)C[C@H](C)C[C@H](OC)[C@H]2O[C@@](O)(C(=O)C(=O)N3CCCC[C@H]3C(=O)O[C@H](/C(C)=C/[C@@H]3CC[C@H](Cl)[C@H](OC)C3)[C@H](C)[C@@H](O)CC1=O)[C@H](C)C[C@@H]2OC
CHEMBL2316557,AR,,3.699,0,1,Inactive,censored,c1ccc(OCCCc2nc3ccccc3[nH]2)cc1
CHEMBL1489662,AR,,4.523,0,1,Inactive,censored,O=C(Cc1ccc(-c2ccccc2)cc1)Nc1ccccn1
CHEMBL5811557,AR,6.210,,1,0,Active,exact,N#Cc1ccc(N2CCc3c(ncnc3Nc3cccc(-c4ccccc4)c3)C2)cc1C(F)(F)F
CHEMBL3818757,AR,7.700,,1,0,Active,exact,Cc1c(C#N)ccc(C(O)(CC(C)(C)C)C(F)(F)F)c1C
CHEMBL6149436,AR,,5.000,0,1,,censored,O=C(Oc1ccc2c(C(F)(F)F)cc(=O)oc2c1)c1ccc(Br)cc1
CHEMBL185,AR,,4.523,0,1,Inactive,censored,O=c1[nH]cc(F)c(=O)[nH]1
CHEMBL5266585,AR,4.630,,1,0,Inactive,exact,COc1ccc(C2CC(C(F)(F)F)n3nc(-c4ccc(C(=O)O)cc4)cc3N2)cc1OC
CHEMBL60889,AR,,4.523,0,1,Inactive,censored,CCOc1cc(N)c(Cl)cc1C(=O)NCC1CN(Cc2ccc(F)cc2)CCO1
CHEMBL470629,AR,6.910,,1,0,Active,exact,N#Cc1ccc(Oc2ccccc2Cl)cc1C(F)(F)F
CHEMBL230695,AR,8.430,,1,0,Active,exact,COc1c(C#N)ccc(N2C(=O)[C@@H]3[C@H](O)CCN3C2=O)c1C
CHEMBL1201270,AR,,4.523,0,1,Inactive,censored,C1N2CN3CN1CN(C2)C3
CHEMBL549,AR,,4.523,0,1,Inactive,censored,CN(C)CCCC1(c2ccc(F)cc2)OCc2cc(C#N)ccc21
CHEMBL5287211,AR,5.590,,1,0,,exact,Cc1c(O)c(O)c(C=O)c(COCc2cccc(F)c2)c1-c1ccc(F)cc1
CHEMBL625,AR,,4.523,0,1,Inactive,censored,c1ccc2[nH]c(-c3cscn3)nc2c1
CHEMBL3605560,AR,5.480,,3,0,,exact,CC(=O)OC[C@]12CC[C@H]3[C@@H](CC=C4C=CCC(=O)[C@@]43C)[C@]1(O)CC[C@@]2(O)[C@@](C)(O)[C@H]1CC(C)=C(C)C(=O)O1
CHEMBL1372017,AR,5.005,,2,0,,exact,Nc1nc(-c2ccc3ccccc3c2)cs1
CHEMBL302362,AR,6.070,,1,0,Active,exact,CC1=CC(C)(C)Nc2ccc3c(c21)/C(=C/c1ccccc1C)Oc1ccccc1-3
CHEMBL3410855,AR,5.690,,2,0,,exact,CCS(=O)(=O)NC1C[C@@H]2CC[C@@H](C1)N2c1ccc(C#N)c(C(F)(F)F)c1
CHEMBL4527872,AR,5.840,,1,0,,exact,CN(C)c1ccc([C@H]2C[C@@]3(C)[C@@H](CC[C@@]3(O)C#CC3CC3)[C@@H]3CCC4=CC(=O)CC[C@]4(C)[C@H]32)cc1
CHEMBL509,AR,,4.523,0,1,Inactive,censored,Cc1ccc(Cl)c(Nc2ccccc2C(=O)O)c1Cl
CHEMBL3695598,AR,6.960,,1,0,Active,exact,C[C@@H]1CC2=CC(=O)CC[C@@H]2[C@H]2CC[C@@]3(C)[C@@H](CC[C@@]34C=CC(=O)O4)[C@@H]21
CHEMBL3323475,AR,5.775,,2,0,,exact,Nc1ccccc1-c1csc(N2CCOCC2)n1
CHEMBL2113032,AR,6.480,,1,0,Active,exact,CC1(C)C(=O)N(c2ccc(C#N)c(C(F)(F)F)c2)C(=O)N1OCCOCCOCCCc1ccc(O)c(C(N)=O)c1
CHEMBL5505831,AR,7.000,,1,0,Active,exact,N#Cc1ccc(O[C@H]2CC[C@H](NC(=O)c3ccc(N4CCC(CCCF)CC4)nn3)CC2)cc1Cl
CHEMBL1106,AR,,4.523,0,1,Inactive,censored,NC1=NCC2c3ccccc3Cc3ccccc3N12
CHEMBL4871740,AR,6.800,,1,0,Active,exact,Cc1cccc2c(-c3ccc4cccc(Br)c4n3)c[nH]c12
CHEMBL25802,AR,7.820,,1,0,Active,exact,Oc1cc(C(F)(F)F)c2cc3c(cc2n1)NC[C@H]1CCCC[C@H]31
CHEMBL156751,AR,6.190,,1,0,Active,exact,CC(C)C1CC(C)(C)Nc2cc3nc(O)cc(C(F)(F)F)c3cc21
CHEMBL403039,AR,7.770,,1,0,Active,exact,CC12CCC(C)(O1)[C@H]1C(=O)N(c3ccc([N+](=O)[O-])c4c(Br)cccc34)C(=O)[C@H]12
CHEMBL1270149,AR,5.960,,1,0,,exact,CCC(CC)(c1ccc(OCC(=O)C(C)(C)C)c(C)c1)c1ccc(OC[C@H](O)CO)c(C)c1
CHEMBL4457117,AR,7.310,,2,0,Active,exact,CC(O)c1cc(C(=O)N[C@H](C)Cn2ccc(-c3ccc(C#N)c(Cl)c3)n2)n[nH]1
CHEMBL458505,AR,,5.523,0,1,,censored,N#Cc1ccc([C@H]2CCCC[C@@H]2O)cc1C(F)(F)F
CHEMBL450933,AR,7.615,,2,0,Active,exact,COc1cccc2oc(=O)c3c(ccc4[nH]c(=O)cc(C)c43)c12
CHEMBL3238293,AR,7.955,,2,0,Active,exact,COc1cc(C#N)ccc1OC[C@](C)(O)C(=O)N1CCc2c(C#N)cccc21
CHEMBL2105798,AR,,4.523,0,1,Inactive,censored,CC(CNC(=O)c1ccccc1)C(=O)OCC(=O)[C@@]12OC(C)(C)O[C@@H]1C[C@H]1[C@@H]3CCC4=CC(=O)C=C[C@]4(C)[C@@]3(F)[C@@H](O)C[C@@]12C
CHEMBL54349,AR,,4.523,0,1,Inactive,censored,CCCN(CCC)C(=O)Cc1c(-c2ccc(Cl)cc2)nc2ccc(Cl)cn12
CHEMBL6167486,AR,,5.000,0,1,,censored,O=C(Nc1ccc2c(C(F)(F)F)cc(=O)oc2c1)c1ccc(Br)cc1
CHEMBL29292,AR,,4.523,0,1,Inactive,censored,CC(C)C[C@H](NC(=O)[C@@H](O)[C@H](N)Cc1ccccc1)C(=O)O
CHEMBL698,AR,,4.523,0,1,Inactive,censored,CCCCNc1ccc(C(=O)OCCN(C)C)cc1
CHEMBL58832,AR,,4.523,0,1,Inactive,censored,NC(=O)C[C@H](N)C(=O)O
CHEMBL1738797,AR,,4.523,0,1,Inactive,censored,CCc1cc2c(cc1N1CCC(N3CCOCC3)CC1)C(C)(C)c1[nH]c3cc(C#N)ccc3c1C2=O
CHEMBL3818542,AR,8.800,,1,0,Active,exact,Cc1c(C(O)(C(F)(F)F)C(F)(F)F)ccc(C#N)c1C(F)(F)F
CHEMBL1083709,AR,,5.000,0,1,,censored,CC(C)S(=O)(=O)Nc1ccc(-c2ccc3c(cnn3-c3ccc(F)cc3)c2)c(C(F)(F)F)c1
CHEMBL4870661,AR,4.500,,1,0,Inactive,exact,OC(c1cccc2nc(-c3c[nH]c4c(F)c(F)c(F)cc34)ccc12)C(F)(F)F
CHEMBL4068321,AR,,5.000,0,1,,censored,O=c1ccc2ccc(OCc3ccc(Br)cc3)cc2o1
CHEMBL163142,AR,7.230,,1,0,Active,exact,CN1c2cc3c(cc2[C@H]2CCCC(C)(C)[C@H]21)c(C(F)(F)F)cc(=O)n3C
CHEMBL5532063,AR,8.270,,1,1,Active,exact,N#Cc1ccc(O[C@H]2CC[C@H](NC(=O)c3ccc(N4CCC(CNC5CN(CCCF)C5)CC4)nn3)CC2)cc1Cl
CHEMBL1873642,AR,5.780,,1,0,,exact,CC(=O)Cc1nsc(NC(=O)c2ccc(COc3cccc(C)c3)o2)n1
CHEMBL105,AR,,4.523,0,1,Inactive,censored,CO[C@@]12[C@H](COC(N)=O)C3=C(C(=O)C(C)=C(N)C3=O)N1C[C@@H]1N[C@@H]12
CHEMBL567237,AR,,5.398,0,1,,censored,CC(C)C[C@@](C)(O)[C@H]1CCCC2=Cc3c(-c4ccc(F)cc4)ncn3C[C@@]21C
CHEMBL45,AR,,4.523,0,1,Inactive,censored,COc1ccc2[nH]cc(CCNC(C)=O)c2c1
CHEMBL1259059,AR,,4.523,0,1,Inactive,censored,CC(C)OC(=O)[C@H](C)N[P@](=O)(OC[C@H]1O[C@@H](n2ccc(=O)[nH]c2=O)[C@](C)(F)[C@@H]1O)Oc1ccccc1
CHEMBL336169,AR,6.590,,1,1,Active,exact,CC1=CC(C)(C)Nc2ccc3c(c21)/C(=C/c1ccco1)Oc1ccc(F)cc1-3
CHEMBL1201341,AR,,4.523,0,1,Inactive,censored,CCOP(=O)(OCC)SCC[N+](C)(C)C
CHEMBL468,AR,,4.523,0,1,Inactive,censored,O=C1CCC(N2C(=O)c3ccccc3C2=O)C(=O)N1
CHEMBL3989908,AR,,4.523,0,1,Inactive,censored,CC(C)(O)CNc1nc(Nc2ccnc(C(F)(F)F)c2)nc(-c2cccc(C(F)(F)F)n2)n1
CHEMBL2112216,AR,7.920,,1,0,Active,exact,CC[C@H]1C[C@@H](C)Nc2cc3oc(=O)cc(C(F)(F)F)c3cc21
CHEMBL190225,AR,4.930,,1,0,Inactive,exact,Cc1c(NS(C)(=O)=O)cccc1N(Cc1ccccc1)Cc1ccc(Oc2ccc(OCC(=O)O)cc2)cc1
CHEMBL3622576,AR,5.430,,1,0,,exact,O=c1[nH]nc(Cc2ccccc2C(F)(F)F)c2ccccc12
CHEMBL5858572,AR,7.120,,1,0,Active,exact,CCCC(C)(O)C(=O)Nc1ccnc(Br)c1
CHEMBL279898,AR,,4.523,0,1,Inactive,censored,CCCn1c(=O)[nH]c(=O)c2nc[nH]c21
CHEMBL235872,AR,6.920,,1,0,Active,exact,C[C@]12CCC(=O)C=C1C[C@@H](CCCCc1cccc(OCCCCCC(=O)O)c1)[C@@H]1[C@@H]2CC[C@@]2(C)[C@H]1CC[C@]2(C)O
CHEMBL1095224,AR,,5.000,0,3,,censored,CC1(C)C(=O)N(c2ccc(C#N)c(C(F)(F)F)c2)C(=S)N1CCCNS(N)(=O)=O
CHEMBL5084672,AR,,4.301,0,1,Inactive,censored,CC(=O)Nc1ccc(S(=O)(=O)Nc2ccc(OCc3ccccc3)cc2)cc1
CHEMBL3323501,AR,5.450,,1,0,,exact,CS(=O)(=O)c1c(F)cccc1-c1csc(N2CCOCC2)n1
CHEMBL588,AR,,4.523,0,1,Inactive,censored,Oc1ccc(C2CNCCc3c2cc(O)c(O)c3Cl)cc1
CHEMBL522432,AR,6.490,,1,0,Active,exact,Cn1c(C#N)ccc1-c1ccc2c(c1)C(C)(c1ccsc1)OCC(=O)N2
CHEMBL3337735,AR,,5.000,0,1,,censored,Cc1nn(Cc2ccccn2)c(-c2ccc(F)cc2)c1-c1ccc2c(c1)NC(=O)CO2
CHEMBL6169901,AR,5.250,,1,0,,exact,Nc1cccnc1Nc1cccc(C(F)(F)F)c1
CHEMBL1445,AR,8.240,,1,0,Active,exact,C[C@]1(O)CC[C@H]2[C@@H]3CCC4=CC(=O)CC[C@]4(C)[C@@]3(F)[C@@H](O)C[C@@]21C
CHEMBL5396467,AR,,5.000,0,1,,censored,O=C(O)C1(c2cccc(-c3ccc(OCc4c(-c5c(Cl)cccc5Cl)noc4C4CC4)cc3)c2)CC1
CHEMBL5180580,AR,6.010,,1,0,Active,exact,CC1(C)C(=O)N(c2ccc(C#N)c(C(F)(F)F)c2)C(=S)N1c1ccc(C(=O)Nc2ccccc2N)cc1
CHEMBL3605934,AR,6.300,,1,0,Active,exact,CS(=O)(=O)Nc1cccc2c(-c3ccc(F)cc3)c[nH]c12
CHEMBL5425494,AR,,4.523,0,1,Inactive,censored,Cn1ncc2cc(-c3cc(C(N)=O)ccc3OCc3ccccc3)ccc21
CHEMBL4757339,AR,6.300,,1,0,Active,exact,CC(C)(c1ccc(OCc2ccnc(NS(C)(=O)=O)n2)cc1)c1cc(F)c(OCCCl)c(Cl)c1
CHEMBL5565769,AR,6.670,,2,0,Active,exact,C[C@](O)(CN1CCN(c2ccc(C#N)cc2)CC1)C(=O)Nc1ccc(C#N)c(C(F)(F)F)c1
CHEMBL3545311,AR,,4.523,0,1,Inactive,censored,COc1cc(N2CCC(N3CCN(C)CC3)CC2)ccc1Nc1ncc(Cl)c(Nc2ccccc2P(C)(C)=O)n1
CHEMBL4520679,AR,6.530,,2,0,Active,exact,C[C@](O)(Cn1ccc2c(F)c(-c3ccccc3)ccc21)C(=O)Nc1ccc(C#N)c(C(F)(F)F)c1
CHEMBL1261,AR,,4.523,0,1,Inactive,censored,O=C(O)CC(O)(CC(=O)O)C(=O)O
CHEMBL5410172,AR,,4.523,0,1,Inactive,censored,Cn1ncc2cc(-c3cc(C(N)=O)ccc3OCC3CC3)ccc21
CHEMBL4073399,AR,7.825,,2,0,Active,exact,Cn1c(C#N)ccc1-c1ccc(O)cc1C(F)(F)F
CHEMBL4088158,AR,8.810,,2,0,Active,exact,Cn1c(C#N)ccc1-c1ccc(O)cc1Cl
CHEMBL5868562,AR,6.030,,1,0,Active,exact,CC(C)(O)c1cnc(Nc2ncnc3c2CCN(c2ccc(C#N)c(Cl)c2)C3)cc1F
CHEMBL3589382,AR,6.670,,1,0,Active,exact,CNC(=O)c1ccc(N2C(=S)N(c3ccc(C#N)c(C(F)(F)F)c3)C(=O)[C@@]23CCOC3)cc1F
CHEMBL510145,AR,7.700,,1,0,Active,exact,COc1cc(Sc2ccccc2OC)ccc1C#N
CHEMBL1783642,AR,5.210,,1,0,,exact,CC[Si](CC)(c1ccc(OCC(=O)C(C)(C)C)c(C)c1)c1ccc(OCC(=O)C(C)(C)C)c(C)c1
CHEMBL6167026,AR,6.120,,1,0,Active,exact,C[C@](O)(CN1CC2CCC(C1)N2c1ccc(C#N)cc1F)C(=O)Nc1cnc(C#N)c(Cl)c1
CHEMBL3578276,AR,4.890,,1,0,Inactive,exact,C[C@H](c1ccc(F)cc1)N1C(=O)O[C@](Cc2ccccc2)(c2nc3cc(NS(C)(=O)=O)ccc3[nH]2)C1=O
CHEMBL443052,AR,,4.523,0,1,Inactive,censored,OB1OCc2cc(F)ccc21
CHEMBL5846169,AR,6.200,,1,0,Active,exact,Cc1cc2c(C(F)(F)F)c(C#N)ccc2n1C(C)CO
CHEMBL2146883,AR,,4.523,0,1,Inactive,censored,O=C(c1ccc(F)c(F)c1Nc1ccc(I)cc1F)N1CC(O)([C@@H]2CCCCN2)C1
CHEMBL1085853,AR,5.500,,1,0,,exact,CCNS(=O)(=O)c1ccc(-c2ccc3c(cnn3-c3ccc(F)cc3)c2)c(C(F)(F)F)c1
CHEMBL3323478,AR,5.830,,2,0,,exact,Clc1ccc(-c2csc(N3CCOCC3)n2)c(Cl)c1
CHEMBL1546,AR,,4.523,0,1,Inactive,censored,CC(N)Cc1ccc(O)cc1
CHEMBL516752,AR,5.570,,1,0,,exact,Cc1cc(C)cc(N(c2cc(C(=O)N3CCCC3)n(C)c2)C(C)C)c1
CHEMBL1330717,AR,,3.699,0,1,Inactive,censored,c1ccc(OCCSc2nc3ccccc3o2)cc1
CHEMBL1288979,AR,7.470,,2,0,Active,exact,OC1(C(F)(F)F)CCCc2c1[nH]c1c(Cl)cc(Cl)cc21
CHEMBL4091403,AR,6.855,,2,0,Active,exact,Cn1c(C#N)ccc1-c1cc(F)c(O)cc1F
CHEMBL5094528,AR,5.030,,1,0,,exact,O=c1cc(C(F)(F)F)c2ccc(OCc3ccc4c(c3)OCO4)cc2o1
CHEMBL1210909,AR,7.430,,1,0,Active,exact,C[C@]12CN(O)C[C@](C)(O1)[C@@H]1C(=O)N(c3ccc(C#N)c(C(F)(F)F)c3)C(=O)[C@@H]12
CHEMBL2104132,AR,,4.523,0,1,Inactive,censored,CN(C)[C@@H](c1cccc(O)c1)[C@H]1CCCC[C@H]1O
CHEMBL708,AR,,4.523,0,1,Inactive,censored,O=C1Cc2cc(CCN3CCN(c4nsc5ccccc45)CC3)c(Cl)cc2N1
CHEMBL6171816,AR,6.350,,1,0,Active,exact,Cc1oc(-c2cccc(C(F)(F)F)c2)cc1C(=O)Nc1nc(CC(C)N2CCCCC2)ns1
CHEMBL1429,AR,,4.523,0,1,Inactive,censored,N=C(N)NCCC[C@@H](NC(=O)[C@@H]1CCCN1C(=O)[C@@H]1CSSCCC(=O)N[C@@H](Cc2ccc(O)cc2)C(=O)N[C@@H](Cc2ccccc2)C(=O)N[C@@H](CCC(N)=O)C(=O)N[C@@H](CC(N)=O)C(=O)N1)C(=O)NCC(N)=O
CHEMBL1619785,AR,,4.523,0,1,Inactive,censored,CC1(C)S[C@@H]2[C@H](NC(=O)[C@H](N)c3ccccc3)C(=O)N2[C@H]1C(=O)OC1OC(=O)c2ccccc21
CHEMBL3581693,AR,,5.398,0,1,,censored,CC/C(=C(/c1ccc(/C=C/C(=O)O)cc1)c1ccc2[nH]ncc2c1)c1ccc(F)cc1Cl
CHEMBL4583465,AR,6.160,,1,1,Active,exact,C[C@](O)(Cn1ccc2nc(C#N)ccc21)C(=O)Nc1ccc(C#N)c(C(F)(F)F)c1
CHEMBL452153,AR,5.515,,2,0,,exact,c1ccc2nc(-c3ccncc3)ccc2c1
CHEMBL1094636,AR,,4.523,0,1,Inactive,censored,NC(=O)c1cccc2cn(-c3ccc([C@@H]4CCCNC4)cc3)nc12
CHEMBL3819102,AR,8.800,,1,0,Active,exact,N#Cc1ccc(C(O)(C2CCC2)C(F)(F)F)cc1Cl
CHEMBL283449,AR,8.050,,1,0,Active,exact,CC1CCNc2cc3nc(O)cc(C(F)(F)F)c3cc21
CHEMBL3893153,AR,6.190,,2,0,Active,exact,Cc1cc(C(=O)NC[C@H]2CC[C@H](Oc3ccnc4c(C#N)cccc34)CC2)no1
CHEMBL4278637,AR,6.480,,2,0,Active,exact,O=C1c2ccccc2C(=Cc2cccc(O)c2)c2ccccc21
CHEMBL270190,AR,,4.523,0,1,Inactive,censored,C[C@H]1CN(C[C@H](Cc2ccccc2)C(=O)NCC(=O)O)CC[C@@]1(C)c1cccc(O)c1
CHEMBL3902310,AR,7.770,,2,0,Active,exact,CNC(=O)[C@@]12[C@@H](CN(c3ccc(C#N)c(C(F)(F)F)c3)S1(=O)=O)[C@H]1C[C@H](F)[C@@H]2C1
CHEMBL1934430,AR,8.270,,2,0,Active,exact,CCOC(=O)c1c(-c2ccc([N+](=O)[O-])cc2)c(C)n(Cc2ccccc2)c1C
CHEMBL1957621,AR,7.900,,2,0,Active,exact,Cc1nn(-c2ccc(C#N)c(Cl)c2)c(C)c1Cc1ccc(C(N)=O)cc1
CHEMBL4757852,AR,5.660,,1,0,,exact,N#Cc1ccc(N2C(=O)C3CCc4cc(-c5ccc(C(F)(F)F)nc5)ccc4N3C2=S)cc1C(F)(F)F
CHEMBL2419307,AR,,5.000,0,1,,censored,CC1(F)OC(=O)C(c2ccc(F)cc2)=C1c1ccc2c(c1)NC(=O)CO2
CHEMBL6146069,AR,,5.000,0,1,,censored,CCN(CC)c1cc2c(C(F)(F)F)cc(=O)oc2cc1OCc1ccc(Br)cc1
CHEMBL1924002,AR,6.300,,1,2,Active,exact,NS(=O)(=O)c1ccc2c(c1)[C@@H]1C=CC[C@@H]1[C@@H](c1ccc(Br)cc1)N2
CHEMBL2407647,AR,4.920,,1,1,Inactive,exact,COc1cc(CNC(=O)[C@@]2(Cc3ccccc3)OC(=O)N([C@@H]3CCc4ccccc43)C2=O)cc(OC)c1
CHEMBL339427,AR,,4.523,0,1,Inactive,censored,COc1cc2c3cc1Oc1cc(ccc1O)C[C@@H]1c4c(cc(OC)c(O)c4Oc4ccc(cc4)C[C@@H]3N(C)CC2)CC[N+]1(C)C
CHEMBL3623004,AR,4.520,,1,0,Inactive,exact,C[C@@H]1Cc2c([nH]c3ccccc23)[C@@H](c2c(F)cc(/C=C/C(=O)O)cc2F)N1CC(C)(C)F
CHEMBL19,AR,,4.523,0,1,Inactive,censored,CC(=O)/N=c1/sc(S(N)(=O)=O)nn1C
CHEMBL4862864,AR,5.990,,3,0,,exact,C[C@](O)(Cn1cnc(C(F)(F)F)n1)C(=O)Nc1ccc(C#N)c(C(F)(F)F)c1
CHEMBL286158,AR,6.090,,1,0,Active,exact,C[C@H]1C(=O)C(C)(C)Nc2ccc3c(c21)[C@H](c1cccc(C(F)(F)F)c1)Oc1ccccc1-3
CHEMBL480960,AR,6.770,,1,0,Active,exact,Cn1cc(N(Cc2ccccc2)c2ccc([N+](=O)[O-])cc2)cc1CO
CHEMBL125236,AR,8.400,,1,0,Active,exact,CC(=O)Nc1ccc(OC[C@](C)(O)C(=O)Nc2ccc([N+](=O)[O-])c(C(F)(F)F)c2)cc1
CHEMBL184313,AR,10.000,,1,0,Active,exact,CCCCC[C@H]1C[C@@]2(C)C(CC[C@@H]2O)C2CCC3=CC(=O)CCC3=C21
CHEMBL1934447,AR,6.135,,2,0,Active,exact,Cc1c(-c2ccc(C#N)cc2)c(C#N)cn1Cc1cnc(Cl)c(CO)c1
CHEMBL2337506,AR,6.920,,5,1,Active,exact,N#Cc1ccc(N2CCC(O)C2)cc1Cl
CHEMBL1675,AR,,4.523,0,1,Inactive,censored,CCCCCCCCCCCCCCCC(=O)OC/C=C(C)/C=C/C=C(C)/C=C/C1=C(C)CCCC1(C)C
CHEMBL4796332,AR,5.720,,1,0,,exact,Clc1ccc(C2Nc3ccc4ccccc4c3C3C=CCC32)cc1
CHEMBL3605563,AR,5.920,,3,0,,exact,CC(=O)OC[C@]12CC[C@H]3[C@@H](CC=C4C=CCC(=O)[C@@]43C)[C@]1(O)[C@@H](OC(C)=O)C[C@@]2(O)[C@@](C)(O)[C@H]1CC(C)=C(C)C(=O)O1
CHEMBL5194785,AR,5.940,,1,0,,exact,N#Cc1ccc(-n2ccc(CNC(=O)c3ccc(Cl)cc3)n2)cc1C(F)(F)F
CHEMBL4463155,AR,,4.602,0,2,Inactive,censored,Cc1ccc(N2CCN(C(=O)CSCc3c(C)noc3C)CC2)cc1
CHEMBL3589391,AR,6.320,,1,0,Active,exact,CNC(=O)c1ccc(N2C(=S)N(c3ccc(C#N)c(C(F)(F)F)c3)C(=O)[C@H]2C)cc1F
CHEMBL54,AR,,5.523,0,1,,censored,O=C(CCCN1CCC(O)(c2ccc(Cl)cc2)CC1)c1ccc(F)cc1
CHEMBL48159,AR,7.780,,1,0,Active,exact,C[C@@](O)(CBr)C(=O)Nc1ccc([N+](=O)[O-])c(C(F)(F)F)c1
CHEMBL404271,AR,,4.523,0,1,Inactive,censored,C[C@H]1O[C@H](O[C@H]2[C@H](O)[C@@H](O)[C@@H](O[C@H]3[C@H](O)[C@@H](O)C(O)O[C@@H]3CO)O[C@@H]2CO)[C@H](O)[C@@H](O)[C@@H]1N[C@H]1C=C(CO)[C@@H](O)[C@H](O)[C@H]1O
CHEMBL3185133,AR,6.860,,1,0,Active,exact,C=CC[C@]1(O)CC[C@H]2[C@@H]3CCC4=CCCC[C@@H]4[C@H]3CC[C@@]21C
CHEMBL940,AR,,4.523,0,1,Inactive,censored,NCC1(CC(=O)O)CCCCC1
CHEMBL146858,AR,8.220,,2,0,Active,exact,CC1(C)NC(=O)N(c2ccc(C#N)c(C(F)(F)F)c2)C1=O
CHEMBL3623121,AR,7.365,,2,0,Active,exact,CC(C)NC(=O)N[C@@H]1C[C@]2(C)O[C@]1(C)[C@@H]1C(=O)N(c3ccc(C#N)c(C(F)(F)F)c3)C(=O)[C@@H]12
CHEMBL2397333,AR,5.200,,1,0,,exact,CCS(=O)(=O)Nc1cccc(-c2cc(=O)n(-c3ccc(C#N)cc3)nc2C)c1
CHEMBL4740944,AR,5.200,,1,0,,exact,CC1(C)C(=O)N(c2ccc(F)c(C(F)(F)F)c2)C(=O)N1S(C)(=O)=O
CHEMBL455566,AR,7.080,,1,0,Active,exact,CCCCSc1ccc(C#N)c(OC)c1
CHEMBL3706882,AR,6.870,,1,0,Active,exact,CC(C)(C)CNc1ccc2c(C(F)(F)F)cc(=O)[nH]c2c1
CHEMBL1413199,AR,,4.523,0,1,Inactive,censored,O=C1c2ccccc2C(=O)C1C(=O)C(c1ccccc1)c1ccccc1
CHEMBL1164379,AR,7.980,,1,0,Active,exact,Cc1ccc(C(=O)CC(Nc2ccc([N+](=O)[O-])cc2)c2ccsc2)cc1
CHEMBL3301622,AR,,4.523,0,1,Inactive,censored,CCc1nc(C(N)=O)c(Nc2ccc(N3CCC(N4CCN(C)CC4)CC3)c(OC)c2)nc1NC1CCOCC1
CHEMBL1830773,AR,6.400,,1,0,Active,exact,CCN1CC(C)(C)C(Oc2ccc(C#N)c(C(F)(F)F)c2)C1=O
CHEMBL169901,AR,,4.523,0,1,Inactive,censored,N=C(N)N1CCc2ccccc2C1
CHEMBL79807,AR,,5.301,0,1,,censored,C[C@]12Cc3cnn(-c4ccc(F)cc4)c3C=C1CCC[C@@H]2[C@@H](O)c1ccc(F)cc1
CHEMBL348000,AR,,4.523,0,1,Inactive,censored,O=C(O)c1cc(-c2ccccc2)nc2ccccc12
CHEMBL5812917,AR,6.750,,1,0,Active,exact,CC(C)C(=O)NCc1ccc(N2C(=S)N(c3ccc(C#N)c(C(F)(F)F)c3)C(=O)C2(C)C)cc1F
CHEMBL3903040,AR,6.880,,1,0,Active,exact,[C-]#[N+]c1ccc(N2C(=O)C(C)(C)N(c3ccc(OC(=O)CCl)cc3)C2=S)cc1C(F)(F)F
CHEMBL4281732,AR,,5.000,0,1,,censored,COc1ccccc1/C=C/C(=O)c1cc(Cl)ccc1O
CHEMBL245577,AR,,6.000,0,1,,censored,C[C@]12CC[C@H]3[C@@H](CC=C4[C@@H]5C(=O)CC[C@@]43C[C@@H]5O)[C@@H]1CC[C@@H]2O
CHEMBL1800983,AR,,5.398,0,1,,censored,Cc1cc([C@H](c2ccccc2)C(C)(C)C(=O)Nc2nncs2)ccc1O
CHEMBL6171179,AR,6.640,,1,0,Active,exact,Cc1oc(-c2cccc(C(F)(F)F)c2)cc1C(=O)Nc1nc(CC(C)F)ns1
CHEMBL1201212,AR,,4.523,0,1,Inactive,censored,COc1ccc(OC)c(C(O)CNC(=O)CN)c1
CHEMBL235811,AR,6.460,,1,0,Active,exact,C[C@]12CCC(=O)C=C1C[C@@H](CCCCc1cccc(OCCCCC(=O)O)c1)[C@@H]1[C@@H]2CC[C@@]2(C)[C@H]1CC[C@]2(C)O
CHEMBL435651,AR,7.770,,1,0,Active,exact,CN1c2cc3c(cc2CCC1(C)C)c(C(F)(F)F)cc(=O)n3C
CHEMBL3318069,AR,6.260,,2,0,Active,exact,CC(C)N(Cc1ccco1)C(=O)c1cc2cc(F)ccc2[nH]1
CHEMBL1801008,AR,5.990,,1,0,,exact,CC(C)(C(=O)Nc1nccs1)[C@@H](c1ccccc1)c1ccc(O)c(F)c1
CHEMBL4564335,AR,4.880,,3,0,Inactive,exact,Cc1ccc(Cl)cc1N1CCN(C(=O)[C@@H]2C[C@@H]2c2ccc(F)cc2)CC1
CHEMBL36065,AR,5.960,,1,0,,exact,C[C@@H]1C(=O)C(C)(C)Nc2ccc3c(c21)[C@H](c1cccc(C(F)(F)F)c1)Oc1ccccc1-3
CHEMBL3337823,AR,5.440,,1,0,,exact,CCCCn1nc(C)c(-c2ccc3c(c2)NC(=O)CO3)c1-c1ccc(F)cc1
CHEMBL5079200,AR,5.850,,1,0,,exact,Cc1cccc(COc2ccc3c(C(F)(F)F)cc(=O)oc3c2)c1
CHEMBL1084360,AR,5.300,,1,0,,exact,CS(=O)(=O)Nc1ccc(-c2ccc3c(cnn3-c3ccc(F)cc3)c2)c(C(F)(F)F)c1
CHEMBL280865,AR,7.540,,1,0,Active,exact,CCCC1CCNc2cc3nc(O)cc(C(F)(F)F)c3cc21
CHEMBL513768,AR,6.700,,1,0,Active,exact,Cc1cc(C)c(Oc2ccc(C#N)c(C(F)(F)F)c2)c(C)c1
CHEMBL591628,AR,4.730,,2,0,Inactive,exact,CCOc1cc(C2Nc3cccc4cccc(c34)N2)ccc1O
CHEMBL4778298,AR,5.890,,1,0,,exact,CC1(C)NC(=O)N(c2ccnc3ccccc23)C1=O
CHEMBL3819595,AR,8.230,,1,0,Active,exact,Cc1c(C(O)(c2cscn2)C(F)(F)F)ccc(C#N)c1C(F)(F)F
CHEMBL4875734,AR,7.000,,1,0,Active,exact,Clc1cccc2c(-c3ccc4ccccc4n3)c[nH]c12
CHEMBL3323467,AR,5.455,,2,0,,exact,CNc1nc(-c2ccc3ccccc3c2)cs1
CHEMBL1201199,AR,,4.523,0,1,Inactive,censored,CCNC(=O)[C@@H]1CCCN1C(=O)[C@H](CCCNC(=N)N)NC(=O)[C@H](CC(C)C)NC(=O)[C@@H](CC(C)C)NC(=O)[C@H](Cc1ccc(O)cc1)NC(=O)[C@H](CO)NC(=O)[C@H](Cc1c[nH]c2ccccc12)NC(=O)[C@H](Cc1c[nH]cn1)NC(=O)[C@@H]1CCC(=O)N1
CHEMBL5435133,AR,,4.523,0,1,Inactive,censored,CSc1ccc(C(N)=O)cc1-c1ccc2c(c1)CCO2
CHEMBL5436377,AR,5.880,,2,0,,exact,C[C@](O)(Cn1cnc2cccc(C(F)(F)F)c21)C(=O)Nc1ccc(C#N)c(C(F)(F)F)c1
CHEMBL1163480,AR,7.350,,1,0,Active,exact,O=C(CC(Nc1ccc([N+](=O)[O-])cc1)C1CCCCC1)c1ccc(Cl)cc1
CHEMBL2159545,AR,6.530,,1,0,Active,exact,N#Cc1ccc(C2=NOC3CCCCCCC23)cc1C(F)(F)F
CHEMBL224734,AR,5.800,,1,0,,exact,CCCNC(=O)CCCCCCCC1C[C@H]2CC(=O)CC[C@]2(C)[C@H]2CC[C@]3(C)[C@@H](O)CC[C@H]3[C@H]12
CHEMBL3238283,AR,7.525,,2,0,Active,exact,COC(=O)c1ccc(OC[C@](C)(O)C(=O)N2CCc3c(C#N)cccc32)cc1
CHEMBL5204114,AR,8.000,,1,0,Active,exact,CCCN(CC(F)(F)F)c1cc(Br)c(C#N)s1
CHEMBL2181925,AR,5.930,,1,0,,exact,O=c1[nH]c2cc(/C=C3\c4ccccc4COc4cc(F)ccc43)ccc2n1[C@H]1C[C@H]2COCCN2C1
CHEMBL2105087,AR,6.500,,1,0,Active,exact,CCCCOC(=O)C(=O)[C@H]1[C@H](C)C[C@H]2[C@@H]3C[C@H](F)C4=CC(=O)C=C[C@]4(C)[C@H]3[C@@H](O)C[C@@]21C
CHEMBL103,AR,8.070,,11,0,Active,exact,CC(=O)[C@H]1CC[C@H]2[C@@H]3CCC4=CC(=O)CC[C@]4(C)[C@H]3CC[C@]12C
CHEMBL181571,AR,9.150,,2,0,Active,exact,O=C1[C@@H]2C3C=CC(C3)[C@@H]2C(=O)N1c1ccc([N+](=O)[O-])c2ccccc12
CHEMBL2441092,AR,5.620,,3,0,,exact,COc1cccc(C(=O)Nc2cc(C)c(Oc3ccc(O)cc3)c(C)c2)c1
CHEMBL5267125,AR,5.550,,1,0,,exact,Cc1c(O)c(O)c(C=O)c(COCc2cccc(Cl)c2Cl)c1-c1ccccc1
CHEMBL388831,AR,7.470,,1,0,Active,exact,CCC1CN(CC)c2cc3c(C(F)(F)F)cc(=O)[nH]c3cc2O1
CHEMBL6167130,AR,7.800,,1,0,Active,exact,Cc1oc(-c2cccc(C#N)c2)cc1C(=O)Nc1nc(CN2CCOCC2)ns1
CHEMBL2426662,AR,,4.602,0,1,Inactive,censored,CC(C)(C(=O)Nc1nncs1)[C@@H](c1ccccc1)c1ccc2c(cnn2-c2ccc(F)cc2)c1
CHEMBL1290631,AR,,6.000,0,2,,censored,Oc1c(Cc2ccccc2)ccc2c1[nH]c1ccc(Cl)c(Cl)c12
CHEMBL1210876,AR,5.720,,3,0,,exact,COc1ccc(C=C2c3cccc(Cl)c3C(=O)c3c(Cl)cccc32)cc1O
CHEMBL5420557,AR,,4.523,0,1,Inactive,censored,Cn1ncc2cc(-c3cncc(C(N)=O)c3)ccc21
CHEMBL402930,AR,7.280,,1,0,Active,exact,O=C1[C@@H]2C3CCC(O3)[C@@H]2C(=O)N1c1ccc(Br)c2ccccc12
CHEMBL1108,AR,,4.523,0,1,Inactive,censored,O=C(CCCN1CC=C(n2c(=O)[nH]c3ccccc32)CC1)c1ccc(F)cc1
CHEMBL389250,AR,8.720,,1,0,Active,exact,Cc1c(N2C(=O)N3CC[C@H](O)[C@H]3[C@H]2C(F)(F)F)ccc(C#N)c1Cl
CHEMBL5559204,AR,6.760,,3,0,Active,exact,N#Cc1ccc(O[C@H]2CC[C@H](NC(=O)c3ccc(N4CCC(Cc5ccc(NC6CN(CCCF)C6)cc5)CC4)nn3)CC2)cc1Cl
CHEMBL3911299,AR,6.380,,2,0,Active,exact,O=C(NC[C@H]1CC[C@H](Oc2ccnc3c(F)cccc23)CC1)c1cc[nH]n1
CHEMBL1873475,AR,,4.523,0,2,Inactive,censored,C=CC(=O)N1CCC[C@@H](n2nc(-c3ccc(Oc4ccccc4)cc3)c3c(N)ncnc32)C1
CHEMBL6027545,AR,5.960,,1,0,,exact,CC(C)(COc1ncc(Nc2ncnc3c2CCN(c2ccc(C#N)c(C(F)(F)F)c2)C3)cc1F)n1ccnn1
CHEMBL2105738,AR,6.015,,6,0,Active,exact,C[C@]12CC[C@H](O)CC1=CC[C@@H]1[C@@H]2CC[C@]2(C)C(n3cnc4ccccc43)=CC[C@@H]12
CHEMBL744,AR,,4.523,0,1,Inactive,censored,Nc1nc2ccc(OC(F)(F)F)cc2s1
CHEMBL7373,AR,7.680,,1,0,Active,exact,CC[C@@H]1C[C@H](C)c2cc3c(C(F)(F)F)cc(O)nc3cc2N1
CHEMBL5434659,AR,5.590,,1,1,,exact,C[C@](O)(Cn1nnc2cc(Br)ccc21)C(=O)Nc1ccc(C#N)c(C(F)(F)F)c1
CHEMBL427678,AR,7.830,,1,0,Active,exact,COc1cccc(OC)c1-c1ccc(C#N)c(C(F)(F)F)c1
CHEMBL3982609,AR,6.160,,2,0,Active,exact,Cc1cc(C(=O)NC[C@H]2CC[C@H](Oc3ccnc4c(Br)cccc34)CC2)no1
CHEMBL418198,AR,8.100,,1,0,Active,exact,CCC1c2cc3c(C(F)(F)F)cc(O)nc3cc2NC[C@@H]1C
CHEMBL1099158,AR,,5.000,0,2,,censored,CC1(C)C(=O)N(c2ccc(C#N)c(C(F)(F)F)c2)C(=S)N1CCCc1nnn[nH]1
CHEMBL1084843,AR,6.500,,1,0,Active,exact,CSc1ccc(CN2CC(C)(C)[C@@H](Oc3ccc(C#N)c(C(F)(F)F)c3)C2=O)cc1
CHEMBL1565119,AR,8.100,,1,0,Active,exact,C[C@]12CC[C@H]3[C@@H](C[C@H](F)C4=CC(=O)CC[C@@]43C)[C@@H]1CC[C@@H]2O
CHEMBL569061,AR,,5.398,0,1,,censored,C[C@]12Cn3cnc(-c4ccc(F)cc4)c3C=C1CCC[C@@H]2[C@](C)(O)C(F)(F)F
CHEMBL462025,AR,6.650,,1,0,Active,exact,Cc1ccccc1Sc1ccc(C#N)c(C(F)(F)F)c1
CHEMBL3588961,AR,7.390,,1,0,Active,exact,CNC(=O)c1ccc(N2C(=S)N(c3ccc(C#N)c(C(F)(F)F)c3)C(=O)[C@@]2(C)COC)cc1F
CHEMBL393864,AR,7.480,,1,0,Active,exact,CCCCN(CC(F)(F)F)c1ccc2[nH]c(=O)cc(C(F)(F)F)c2c1
CHEMBL4763136,AR,5.280,,1,0,,exact,O=C1N[C@H](c2ccccc2)C(=O)N1c1ccc(F)c(C(F)F)c1
CHEMBL991,AR,,4.523,0,1,Inactive,censored,Cc1cn([C@H]2C=C[C@@H](CO)O2)c(=O)[nH]c1=O
CHEMBL317578,AR,5.510,,1,0,,exact,COc1cccc2c1-c1ccc3c(c1C(c1cccc(OC(=O)N(C)C)c1)O2)C(C)=CC(C)(C)N3
CHEMBL780,AR,,4.523,0,1,Inactive,censored,O=C(O)CN(CCN(CC(=O)O)CC(=O)O)CCN(CC(=O)O)CC(=O)O
CHEMBL6174223,AR,6.420,,1,0,Active,exact,C[C@](O)(CN1CC2CCC(C1)N2c1ccc(F)cc1)C(=O)Nc1ccc(C#N)c(C(F)(F)F)c1
CHEMBL3421871,AR,6.520,,1,0,Active,exact,CC[C@@]12C[C@@](C)(O)[C@](O)(c3ccccc3)C[C@H]1CCc1cc(O)ccc12
CHEMBL3323494,AR,5.865,,2,0,,exact,Clc1c(Br)ncn1-c1csc(N2CCOCC2)n1
CHEMBL4087256,AR,7.220,,2,0,Active,exact,Cn1c(C#N)ccc1-c1ccc(O)cc1
CHEMBL2159543,AR,4.960,,1,0,Inactive,exact,Fc1ccc(C2=NOC3CCCCCC23)cc1C(F)(F)F
CHEMBL1908350,AR,,4.523,0,1,Inactive,censored,CCCC(=O)O[C@H]1[C@H](C)O[C@@H](O[C@H]2[C@H](N(C)C)[C@@H](O)[C@H](O[C@H]3[C@@H](CC=O)C[C@@H](C)[C@@H](O)/C=C/C=C/C[C@@H](C)OC(=O)C[C@@H](O)[C@@H]3OC)O[C@@H]2C)C[C@@]1(C)OC(=O)CC
CHEMBL4483408,AR,6.450,,1,0,Active,exact,CC(C)(C)C#C[C@]1(O)CC[C@H]2[C@@H]3CCC4=CC(=O)CC[C@@H]4[C@H]3[C@@H](c3ccc(N4CCN(S(C)(=O)=O)CC4)cc3)C[C@@]21C
CHEMBL1762203,AR,7.050,,1,0,Active,exact,CC1(C)C/C(=N\OC(C)(C)C)c2c(cc(F)c(-c3cccc4c(Cl)c[nH]c34)c2F)N1
CHEMBL3706931,AR,8.510,,1,0,Active,exact,CC(=O)C(C)N(CC(F)(F)F)c1ccc2[nH]c(=O)cc(C(F)(F)F)c2c1
CHEMBL1830944,AR,7.960,,1,0,Active,exact,CC1(C)CN(Cc2cccc(O)c2)C(=O)C1Oc1ccc(C#N)c(C(F)(F)F)c1
CHEMBL5174715,AR,5.790,,1,0,,exact,Cc1cncc(C2=CC[C@H]3[C@@H]4CC=C5C[C@@H](NC(=O)c6ccnnc6)CC[C@]5(C)[C@H]4CC[C@]23C)c1
CHEMBL1112,AR,5.160,,1,0,,exact,O=C1CCc2ccc(OCCCCN3CCN(c4cccc(Cl)c4Cl)CC3)cc2N1
CHEMBL344159,AR,,4.523,0,1,Inactive,censored,Cc1ccccc1C(=O)Nc1ccc(C(=O)N2CCCC(O)c3cc(Cl)ccc32)c(C)c1
CHEMBL398880,AR,,4.523,0,1,Inactive,censored,CN(C)S(=O)(=O)c1ccc2c(c1)N(CCCN1CCC(CCO)CC1)c1ccccc1S2
CHEMBL5806702,AR,7.670,,4,0,Active,exact,Cc1nc(-c2cc(C(=O)N[C@@H](C)Cn3ccc(-c4ccc(C#N)c(Cl)c4)n3)n[nH]2)cs1
CHEMBL347910,AR,7.070,,1,0,Active,exact,Cc1c2c(cc3c(C(F)(F)F)cc(O)nc13)C(C)CC(C)(C)N2
CHEMBL257988,AR,6.550,,1,0,Active,exact,O=c1cc(C(F)(F)F)c2cc3c(cc2[nH]1)OC[C@@H](C(F)(F)F)N3CC(F)(F)F
CHEMBL6163223,AR,6.190,,1,0,Active,exact,O=c1cc(C(F)(F)F)c2ccc(NCc3ccc(O)cc3)cc2o1
CHEMBL583859,AR,,5.398,0,1,,censored,C[C@]12Cn3cnc(-c4ccc(F)cc4)c3C=C1CCC[C@@H]2[C@](C)(O)c1ccccn1
CHEMBL1740513,AR,,4.523,0,1,Inactive,censored,CC(C)Nc1ncccn1
CHEMBL1085594,AR,6.310,,1,0,Active,exact,N#Cc1ccc(Oc2ccc(F)cc2F)cc1C(F)(F)F
CHEMBL6,AR,9.850,,1,1,Active,exact,COc1ccc2c(c1)c(CC(=O)O)c(C)n2C(=O)c1ccc(Cl)cc1
CHEMBL3955747,AR,6.330,,1,0,Active,exact,[C-]#[N+]c1ccc(N2C(=O)C3(CCCC3)N(c3ccc(C#N)cc3)C2=S)cc1C(F)(F)F
CHEMBL1311,AR,,4.523,0,1,Inactive,censored,O=[N+]([O-])O[C@@H]1CO[C@H]2[C@@H]1OC[C@@H]2O
CHEMBL6163633,AR,,4.301,0,1,Inactive,censored,Cc1cc(NC(=O)c2cc(-c3cccc(C(F)(F)F)c3)oc2C)sn1
CHEMBL3961165,AR,6.340,,1,0,Active,exact,[C-]#[N+]c1ccc(N2C(=O)C(C)(C)N(c3cc(C)ccn3)C2=S)cc1C(F)(F)F
CHEMBL3402233,AR,8.120,,1,1,Active,exact,COC(=O)[C@H]1CCN(c2ccc(C#N)c3ccccc23)[C@H]1C
CHEMBL4868340,AR,6.405,,2,0,Active,exact,N#Cc1ncc(N2C(=O)C3(CCC3)N(c3cnc(OC4CCNCC4)nc3)C2=S)cc1C(F)(F)F
CHEMBL5405906,AR,,4.000,0,1,Inactive,censored,C[C@](O)(Cn1nnc2cc(C(F)(F)F)ccc21)C(=O)Nc1ccc(C#N)c(C(F)(F)F)c1
CHEMBL3695610,AR,6.850,,1,0,Active,exact,C[C@]12CC[C@H]3[C@@H](CCC4=C(Cl)C(=O)CC[C@@H]43)[C@@H]1CC[C@@]21C=CC(=O)O1
CHEMBL1163746,AR,7.750,,1,0,Active,exact,O=C(CC(Nc1ccc([N+](=O)[O-])cc1)c1cccc(F)c1)c1ccc(Cl)cc1
CHEMBL1161,AR,7.470,,1,0,Active,exact,C[C@@H]1C[C@H]2[C@@H]3CCC4=CC(=O)C=C[C@]4(C)[C@@]3(Cl)[C@@H](O)C[C@]2(C)[C@@]1(OC(=O)c1ccco1)C(=O)CCl
CHEMBL2159548,AR,6.120,,2,0,Active,exact,O=[N+]([O-])c1ccc(C2=NOC3CCCCCCC23)c(C(F)(F)F)c1
CHEMBL237681,AR,7.510,,1,0,Active,exact,O=c1cc(C(F)(F)F)c2cc(N(CC(F)(F)F)CC(F)(F)C(F)(F)F)ccc2[nH]1
CHEMBL27945,AR,6.200,,1,0,Active,exact,CCC1CCN(C)c2cc3nc(O)cc(C(F)(F)F)c3cc21
CHEMBL3576885,AR,5.510,,1,0,,exact,C[C@H](c1ccc(F)cc1)N1C(=O)O[C@](Cc2ccccc2)(c2nc3cc(-c4cc[nH]n4)ccc3[nH]2)C1=O
CHEMBL2316564,AR,4.620,,1,0,Inactive,exact,COCCn1c(SCCOc2cccc(C)c2)nc2ccccc21
CHEMBL27759,AR,,5.000,0,1,,censored,Nc1ccccc1NC(=O)c1ccc(CNC(=O)OCc2cccnc2)cc1
CHEMBL51639,AR,6.620,,1,0,Active,exact,C=C1CC[C@@H](Br)C(C)(C)[C@@H]1Cc1cc(OC)c(Br)cc1O
CHEMBL1085380,AR,5.200,,1,0,,exact,CCCNS(=O)(=O)c1ccc(-c2ccc3c(cnn3-c3ccc(F)cc3)c2)c(C(F)(F)F)c1
CHEMBL5284287,AR,,5.301,0,1,,censored,COc1cccc(COCc2c(C=O)c(O)c(O)c(C)c2-c2ccccc2)c1
CHEMBL1198,AR,,4.523,0,1,Inactive,censored,CCCCOc1ccc(OCCCN2CCOCC2)cc1
CHEMBL470395,AR,6.640,,1,0,Active,exact,CCSc1ccccc1Oc1ccc(C#N)c(C(F)(F)F)c1
CHEMBL3318068,AR,6.080,,3,0,Active,exact,Cc1ccc(CN(C(=O)c2cc3ccc(F)cc3[nH]2)C(C)C)o1
CHEMBL5440684,AR,5.685,,2,0,,exact,C[C@](O)(Cn1nc(Br)c2cc(F)ccc21)C(=O)Nc1cnc(C#N)c(C(F)(F)F)c1
CHEMBL419633,AR,6.770,,1,0,Active,exact,Cc1c(NS(C)(=O)=O)cccc1N(Cc1ccccc1)Cc1ccccc1
CHEMBL6036898,AR,7.220,,1,0,Active,exact,CC(C)(O)CNC(=O)c1ccc(Nc2ncnc3c2CCN(c2ccc(C#N)c(C(F)(F)F)c2)C3)nn1
CHEMBL551978,AR,,4.523,0,1,Inactive,censored,CCOc1ccc(/C=C2\NCCc3cc(OCC)c(OCC)cc32)cc1OCC
CHEMBL2316552,AR,,3.699,0,1,Inactive,censored,C=CCc1cccc(OCCSc2nc3ccccc3n2CC(=O)OC)c1
CHEMBL4761957,AR,6.300,,1,0,Active,exact,CC(C)S(=O)(=O)Nc1nc(COc2ccc(C(C)(C)c3cc(Cl)c(OCCCl)c(C#N)c3)cc2)co1
CHEMBL3578271,AR,5.510,,1,0,,exact,C[C@H](c1ccc(F)cc1)N1C(=O)O[C@](Cc2ccccc2)(c2nc3cc(Cl)ccc3[nH]2)C1=O
CHEMBL2368925,AR,,4.523,0,1,Inactive,censored,O=C(O[C@@H]1C[C@@H]2C[C@H]3C[C@H](C1)N2CC3=O)c1c[nH]c2ccccc12
CHEMBL4082878,AR,,6.000,0,1,,censored,CC(C)(CC(O)(CNc1cccc2c(=O)[nH]ccc12)C(F)(F)F)c1cccc(F)c1O
CHEMBL3238292,AR,9.450,,2,0,Active,exact,C[C@](O)(COc1ccc(C#N)cc1F)C(=O)N1CCc2c(C#N)cccc21
CHEMBL3976935,AR,,5.301,0,1,,censored,CSc1ccc([C@@H](Oc2ccc3c(cnn3-c3ccc(F)cc3)c2)[C@H](C)NS(=O)(=O)C2CC2)cc1
CHEMBL3622583,AR,5.780,,1,0,,exact,CCN(CC)c1ccccc1Cc1n[nH]c(=O)c2ccccc12
CHEMBL1984344,AR,,4.523,0,1,Inactive,censored,Nc1ncnc(Nc2ccc(Cl)cc2)n1
CHEMBL51933,AR,5.830,,1,0,,exact,C=C1C=C(C)C[C@@H](C)[C@@H]1Cc1cc(OC)c(Br)cc1OC(C)=O
CHEMBL1830951,AR,6.670,,1,0,Active,exact,COC(=O)c1csc(CN2CC(C)(C)C(Oc3ccc(C#N)c(C(F)(F)F)c3)C2=O)n1
CHEMBL1928872,AR,5.440,,1,0,,exact,O=C1COc2ccc(C3=Nn4cnnc4SC3c3ccccc3)cc2N1
CHEMBL5085212,AR,5.300,,1,0,,exact,O=S(=O)(Nc1ccc(OCc2ccccc2)cc1)c1ccc(Cl)cc1
CHEMBL5204177,AR,6.410,,1,0,Active,exact,CC1(C)C(=O)N(c2ccc(C#N)c(C(F)(F)F)c2)C(=S)N1CCCC(=O)NO
CHEMBL246007,AR,8.150,,1,0,Active,exact,C=CC(O)(c1nc2cc(Cl)c(Cl)cc2[nH]1)C(F)(F)F
CHEMBL4096901,AR,5.620,,1,0,,exact,CCOc1ncc(C)c2c1[C@H](c1ccc(C#N)cc1OC)C(C#N)=C(C)N2
CHEMBL4759470,AR,6.030,,1,0,Active,exact,CC1(C)C(=O)N(c2cnc(C#N)c(C(F)(F)F)c2)C(=S)N1c1ccc2c(c1)COC2=O
CHEMBL3261425,AR,,6.000,0,1,,censored,Cc1nn(C2CCCC2)c(C)c1S(=O)(=O)N[C@@H](C)CNc1cccc2c1cnn2-c1ccc(F)nc1
CHEMBL474770,AR,,5.000,0,1,,censored,Cc1cnc(NC(=O)C2(C)CC3c4ccccc4C2c2ccccc23)s1
CHEMBL1017,AR,,4.523,0,1,Inactive,censored,CCCc1nc2c(C)cc(-c3nc4ccccc4n3C)cc2n1Cc1ccc(-c2ccccc2C(=O)O)cc1
CHEMBL3622574,AR,5.020,,1,0,,exact,COc1ccccc1Cc1n[nH]c(=O)c2ccccc12
CHEMBL267744,AR,,4.523,0,1,Inactive,censored,O=C(O)COc1ccc(C(=O)c2cccs2)c(Cl)c1Cl
CHEMBL3132991,AR,5.440,,1,0,,exact,CC(C)C[C@H](NC(=O)[C@H](CCC(=O)O)NC(=O)[C@H](CS)NC(=O)[C@H](Cc1ccccc1)NC(=O)[C@H](CCCNC(=N)N)NC(=O)[C@@H](N)CC(N)=O)C(=O)N[C@@H](Cc1ccccc1)C(=O)N[C@@H](CS)C(=O)N[C@@H](Cc1ccccc1)C(=O)N[C@@H](CCC(N)=O)C(=O)NCC(=O)N[C@H](C(=O)NCC(=O)N[C@@H](CC(=O)O)C(=O)N[C@H](C(=O)N[C@@H](CCCCN)C(=O)N[C@@H](C)C(=O)N[C@@H](CS)C(=O)N[C@@H](CCC(=O)O)C(=O)N[C@@H](Cc1c[nH]c2ccccc12)C(=O)N[C@@H](C)C(=O)N[C@@H](CS)C(=O)N[C@@H](CCC(N)=O)C(=O)O)C(C)C)[C@@H](C)O
CHEMBL3622585,AR,5.710,,1,0,,exact,CN(C)c1ccccc1Cc1n[nH]c(=O)c2ccccc12
CHEMBL1079604,AR,,4.523,0,1,Inactive,censored,Cc1cc(C)cc(OCC2CNC(=O)O2)c1
CHEMBL4061510,AR,7.920,,2,0,Active,exact,Cn1c(C#N)ccc1-c1ccc(O)c2c1CCC2
CHEMBL427243,AR,6.460,,1,0,Active,exact,C[C@]12CCC(=O)C[C@@H]1CC(CCCCCCCC(=O)N1CCCC1)[C@@H]1[C@@H]2CC[C@]2(C)[C@@H](O)CC[C@@H]12
CHEMBL409,AR,6.820,,51,3,Active,exact,CC(O)(CS(=O)(=O)c1ccc(F)cc1)C(=O)Nc1ccc(C#N)c(C(F)(F)F)c1
CHEMBL1835832,AR,5.010,,1,0,,exact,CCN(CC)c1cc2oc(=O)ccc2cc1-c1cccs1
CHEMBL2316548,AR,,3.699,0,1,Inactive,censored,CCN(CC)C(=O)Cn1c(SCCOc2cccc(C)c2)nc2ccccc21
CHEMBL1934442,AR,8.685,,2,0,Active,exact,Cc1c(C#N)c(-c2ccc(C#N)cc2)c(C)n1Cc1ccccc1
CHEMBL393280,AR,7.640,,1,0,Active,exact,COc1cc(=O)[nH]c2ccc(N(CC(F)(F)F)CC(F)(F)F)cc12
CHEMBL3940304,AR,6.560,,1,0,Active,exact,[C-]#[N+]c1ccc(N2C(=S)N(c3ccc(O)cc3)C(C)(C)C2=S)cc1C(F)(F)F
CHEMBL4532487,AR,,7.000,0,1,,censored,C[C@]12CC[C@H](OC(=S)n3ccnc3)CC1=CC[C@@H]1[C@@H]2CC[C@]2(C)C(n3cnc4ccccc43)=CC[C@@H]12
CHEMBL515914,AR,,4.523,0,1,Inactive,censored,CC(=O)OC[C@H]1O[C@@H](n2ncc(=O)[nH]c2=O)[C@H](OC(C)=O)[C@@H]1OC(C)=O
CHEMBL9337,AR,7.800,,3,0,Active,exact,CC1(C)C(=O)N(c2ccc(C#N)c(C(F)(F)F)c2)C(=O)N1CCCCO
CHEMBL422196,AR,8.050,,1,0,Active,exact,Cn1c(=O)cc(C(F)(F)F)c2cc3c(cc21)N[C@@H]1CCCC[C@]31C
CHEMBL181722,AR,7.085,,2,0,Active,exact,O=C1[C@@H]2C3C=CC(C3)[C@@H]2C(=O)N1c1ccc2cccnc2c1
CHEMBL414041,AR,7.750,,1,0,Active,exact,C#C[C@]1(O)CC[C@H]2[C@@H]3CCC4=CC(=O)CCC4=C3[C@@H](c3ccc(N(C)CCNC(=O)O[C@@H]4C[C@@H]5CC(O)CC[C@]5(C)[C@H]5C[C@H](O)[C@]6(C)[C@@H]([C@H](C)CCC(=O)O)CC[C@H]6[C@H]45)cc3)C[C@@]21C
CHEMBL249904,AR,5.790,,1,0,,exact,C#C[C@]1(O)CC[C@H]2[C@@H]3CC=C4C=C(C)CC[C@]4(C=C)[C@H]3CC[C@@]21C
CHEMBL285705,AR,5.970,,1,0,,exact,C[C@H]1C(=O)C(C)(C)Nc2ccc3c(c21)[C@H](c1ccccc1)Oc1ccccc1-3
CHEMBL4095364,AR,9.325,,2,0,Active,exact,Cn1c(C#N)ccc1-c1c(F)cc(O)cc1F
CHEMBL4750103,AR,5.890,,1,0,,exact,CC1(C)NC(=O)N(c2ccc(Cl)c(C(F)(F)F)c2)C1=O
CHEMBL1140,AR,,4.523,0,1,Inactive,censored,NC(=O)c1cccnc1
CHEMBL1200862,AR,,4.523,0,1,Inactive,censored,C[C@](N)(Cc1ccc(O)cc1)C(=O)O
CHEMBL1830770,AR,5.000,,1,0,,exact,CC1(C)COC(=O)[C@H]1Oc1ccc(C#N)c(C(F)(F)F)c1
CHEMBL4755743,AR,5.090,,1,0,,exact,N#Cc1ccc(N2C(=O)C3CCc4cc(-c5cnc(Cl)nc5)ccc4N3C2=S)cc1C(F)(F)F
CHEMBL5968577,AR,7.460,,2,0,Active,exact,Cc1noc(C(=O)N[C@@H](C)Cn2ccc(-c3ccc(C#N)c(Cl)c3)n2)n1
CHEMBL32800,AR,,4.523,0,1,Inactive,censored,CC(Cc1ccc(O)cc1)NCC(O)c1cc(O)cc(O)c1
CHEMBL5171911,AR,,4.602,0,1,Inactive,censored,N#Cc1ccc(-n2ccc(C(=O)Nc3ccc(F)cn3)n2)cc1C(F)(F)F
CHEMBL15841,AR,,4.523,0,1,Inactive,censored,CCOC(=O)c1ccc(O)cc1
CHEMBL75435,AR,,4.523,0,1,Inactive,censored,C[C@H](C(=O)O)c1cccc(C(=O)c2ccccc2)c1
CHEMBL5276783,AR,,5.301,0,1,,censored,CC(C)=CCC/C(C)=C/COCc1cc(C)c(O)c(O)c1C=O
CHEMBL659,AR,,4.523,0,1,Inactive,censored,COc1ccc2c3c1O[C@H]1C[C@@H](O)C=C[C@@]31CCN(C)C2
CHEMBL2096804,AR,8.320,,1,0,Active,exact,C#C[C@]1(O)CC[C@H]2[C@@H]3CCC4=CC(=O)CCC4=C3[C@@H](c3ccc(N(C)CCOCCO[C@@H]4CC[C@@]5(C)[C@@H](C4)C[C@@H](O)[C@@H]4[C@@H]5C[C@H](O)[C@]5(C)[C@@H]([C@H](C)CCC(=O)O)CC[C@@H]45)cc3)C[C@@]21C
CHEMBL394194,AR,8.270,,1,0,Active,exact,C[C@H](CCl)N(CC(F)(F)F)c1ccc2[nH]c(=O)cc(C(F)(F)F)c2c1
CHEMBL556262,AR,,4.523,0,1,Inactive,censored,C[C@@H](O)[C@H]1C(=O)N2C(C(=O)O)=C([C@H]3CCCO3)S[C@H]12
CHEMBL4741021,AR,5.610,,3,0,,exact,C[C@](O)(Cn1cc(F)cn1)C(=O)Nc1ccnc(Cl)c1
CHEMBL4852427,AR,5.860,,6,0,,exact,C[C@](O)(CN1CCOCC1)C(=O)Nc1ccc(C#N)c(C(F)(F)F)c1
CHEMBL238001,AR,7.020,,1,0,Active,exact,C[C@]12CCC(=O)C=C1C[C@@H](CCCCc1ccc(OCCCCC(=O)O)cc1)[C@@H]1[C@@H]2CC[C@@]2(C)[C@H]1CC[C@]2(C)O
CHEMBL462664,AR,7.640,,1,0,Active,exact,CCCSc1ccc(C#N)c(C(F)(F)F)c1
CHEMBL3623116,AR,7.650,,2,0,Active,exact,CC(C)OC(=O)[C@@H]1C[C@]2(C)O[C@]1(C)[C@@H]1C(=O)N(c3ccc(C#N)c(C(F)(F)F)c3)C(=O)[C@@H]12
CHEMBL720,AR,,4.523,0,1,Inactive,censored,OCc1ccccc1
CHEMBL2419297,AR,,5.000,0,1,,censored,CC1C(c2ccc3c(c2)NC(=O)CO3)=C(c2ccc(F)cc2)C(=O)N1CCO
CHEMBL3326453,AR,6.010,,1,0,Active,exact,Cc1c(C2=NN3CC[C@H](O)[C@H]3[C@@H]2O)ccc(C#N)c1Cl
CHEMBL19019,AR,,4.523,0,1,Inactive,censored,O=C1CC[C@@]2(O)[C@H]3Cc4ccc(O)c5c4[C@@]2(CCN3CC2CC2)[C@H]1O5
CHEMBL442240,AR,7.190,,2,0,Active,exact,CCCN(CCC)c1ccc2[nH]c(=O)cc(C(F)(F)F)c2c1
CHEMBL2103855,AR,,4.523,0,1,Inactive,censored,Cc1ccn(-c2cc(Cl)ccc2[C@@H](Oc2cc(-c3ccc(C[C@H](N)C(=O)O)cc3)nc(N)n2)C(F)(F)F)n1
CHEMBL3932857,AR,6.590,,1,0,Active,exact,[C-]#[N+]c1ccc(N2C(=O)C3(CCC3)N(c3ccccc3C)C2=S)cc1C(F)(F)F
CHEMBL38,AR,5.040,,1,0,,exact,CC1=C(/C=C/C(C)=C/C=C/C(C)=C/C(=O)O)C(C)(C)CCC1
CHEMBL3323497,AR,5.490,,2,0,,exact,Clc1ncn(-c2csc(N3CCOCC3)n2)c1I
CHEMBL3263758,AR,,5.000,0,1,,censored,COc1nc(C2=NN(c3ccc(C#N)c(Cl)c3)[C@@H](C3CCCC3)C2)ccc1C(=O)O
CHEMBL4456765,AR,6.640,,2,0,Active,exact,C[C@](O)(Cn1ccc2c(F)cccc21)C(=O)Nc1ccc(C#N)c(C(F)(F)F)c1
CHEMBL231015,AR,8.370,,1,0,Active,exact,N#Cc1ccc(N2C(=O)[C@@H]3[C@H](O)CCN3C2=O)c(F)c1F
CHEMBL5740755,AR,6.065,,2,0,Active,exact,C=CS(=O)(=O)C(c1ccc(NC(=O)[C@@](C)(O)CS(=O)(=O)c2ccc(F)cc2)cc1C(F)(F)F)S(=O)(=O)C=C
CHEMBL734,AR,,4.523,0,1,Inactive,censored,CC(=O)NO
CHEMBL348918,AR,8.000,,1,0,Active,exact,C[C@@H]1c2cc3c(C(F)(F)F)cc(=O)n(C)c3cc2N[C@@H]1C
CHEMBL388724,AR,,5.000,0,1,,censored,C[C@]12CC[C@H]3[C@@H]([C@H](CCCCCCCCCCC[S+]([O-])CCCC(F)(F)C(F)(F)F)CC4CC(=O)CC[C@@]43C)[C@@H]1CC[C@@H]2O
CHEMBL3086027,AR,,5.000,0,1,,censored,Cc1cn(-c2ccc(CNS(=O)(=O)c3cc(F)ccc3F)cc2)c(C)n1
CHEMBL5753478,AR,6.100,,1,0,Active,exact,CC(C)(O)C1CCN(C(=O)c2nnc(Nc3ncnc4c3CCN(c3ccc(C#N)c(C(F)(F)F)c3)C4)o2)CC1
CHEMBL4743302,AR,6.230,,1,0,Active,exact,CN1Cc2cc(N3C(=S)N(c4ccc(C#N)c(C(F)(F)F)c4)C(=O)C3(C)C)ccc2C1=O
CHEMBL1391700,AR,6.290,,2,0,Active,exact,Fc1ccc(-c2csc(N3CCOCC3)n2)cc1
CHEMBL1201146,AR,6.900,,1,0,Active,exact,C#C[C@]1(OC(C)=O)CC[C@H]2[C@@H]3CCC4=CC(=O)CC[C@@H]4[C@H]3CC[C@@]21C
CHEMBL1076211,AR,,4.523,0,1,Inactive,censored,Cc1ccc(C(=O)C(C)CN2CCCCC2)cc1
CHEMBL4440255,AR,4.790,,2,0,Inactive,exact,Cc1ccccc1N1CCN(C(=O)CS(=O)(=O)Cc2c(C)noc2C)CC1
CHEMBL5761394,AR,7.000,,1,0,Active,exact,Cc1ncc(C(=O)NCc2ccc(N3C(=S)N(c4ccc(C#N)c(C(F)(F)F)c4)C(=O)C3(C)C)cc2F)s1
CHEMBL447878,AR,,4.523,0,1,Inactive,censored,CC(=O)N[C@@H]1[C@@H](O)[C@H](O)[C@@H](CO)O[C@H]1O
CHEMBL5965827,AR,7.150,,2,0,Active,exact,C[C@@H](Cn1ccc(-c2ccc(C#N)c(Cl)c2)n1)NC(=O)c1noc(CCO)n1
CHEMBL220359,AR,8.750,,2,0,Active,exact,O=C1[C@@H]2[C@H](O)CCN2C(=O)N1c1ccc([N+](=O)[O-])c2ccccc12
CHEMBL5957057,AR,7.700,,1,0,Active,exact,N#Cc1ccc(N2CCc3c(ncnc3Nc3ccc(C(=O)NCC(F)F)nn3)C2)cc1C(F)(F)F
CHEMBL5918890,AR,6.700,,1,0,Active,exact,N#Cc1ccc(N2CCc3c(ncnc3Nc3ccc(C(=O)N[C@H]4CC[C@H](O)CC4)nn3)C2)cc1Cl
CHEMBL3622590,AR,6.040,,3,0,Active,exact,O=c1[nH]nc(Cc2c(Cl)ccc(Cl)c2Cl)c2ccccc12
CHEMBL394592,AR,8.520,,1,0,Active,exact,N#Cc1ccc(N2C(=O)[C@@H]3[C@H](O)CCN3C2=O)c(F)c1Cl
CHEMBL5422396,AR,6.130,,1,1,Active,exact,C[C@](O)(Cn1cc(C=O)c2cc(F)ccc21)C(=O)Nc1cnc(C#N)c(C(F)(F)F)c1
CHEMBL299828,AR,5.800,,1,0,,exact,C=C1C=C(C)C(Cc2cc(OC)c(Br)cc2O)C(C)(C)C1
CHEMBL3682509,AR,,6.000,0,1,,censored,O[C@@]1(C(F)(F)F)CCCc2c1[nH]c1cc(Cl)c(Cl)cc21
CHEMBL35,AR,,4.523,0,1,Inactive,censored,NS(=O)(=O)c1cc(C(=O)O)c(NCc2ccco2)cc1Cl
CHEMBL1289,AR,,4.523,0,1,Inactive,censored,Clc1cc(Cl)c(OCC#CI)cc1Cl
CHEMBL156806,AR,6.720,,1,0,Active,exact,CC1(C)Cc2cc3c(C(F)(F)F)cc(O)nc3cc2NC1(C)C
CHEMBL3238281,AR,8.110,,2,0,Active,exact,C[C@](O)(COc1ccc(C(F)(F)F)cc1)C(=O)N1CCc2c(C#N)cccc21
CHEMBL4567476,AR,6.915,,2,0,Active,exact,C[C@](O)(Cn1cc(F)c2ccccc21)C(=O)Nc1ccc(C#N)c(Cl)c1
CHEMBL448978,AR,6.500,,1,0,Active,exact,CC(C)(C)Sc1ccc(C#N)c(C(F)(F)F)c1
CHEMBL3956081,AR,,6.000,0,1,,censored,[C-]#[N+]c1ccc(N2C(=O)C3(CCC3)N(c3ccc4ccccc4c3)C2=S)cc1C(F)(F)F
CHEMBL1209906,AR,7.440,,1,0,Active,exact,C[C@]12CN(C(=O)C3CC3)C[C@](C)(O1)[C@@H]1C(=O)N(c3ccc(C#N)c(C(F)(F)F)c3)C(=O)[C@@H]12
CHEMBL390728,AR,8.055,,6,0,Active,exact,CCC1CCNc2cc3[nH]c(=O)cc(C(F)(F)F)c3cc21
CHEMBL132363,AR,6.690,,1,1,Active,exact,CC1=CC(C)(C)Nc2ccc3c(c21)/C(=C/c1ncccc1C)Oc1ccc(F)cc1-3
CHEMBL5200292,AR,5.040,,1,0,,exact,C[C@]12CC[C@H](NC(=O)c3ccnnc3)CC1=CC[C@@H]1[C@@H]2CC[C@]2(C)C(n3ccnn3)=CC[C@@H]12
CHEMBL502620,AR,,4.523,0,1,Inactive,censored,CC[C@@]1(O)C[C@H](O[C@H]2C[C@H](N(C)C)[C@H](O[C@H]3C[C@H](O)[C@H](O[C@H]4CCC(=O)[C@H](C)O4)[C@H](C)O3)[C@H](C)O2)c2c(cc3c(c2O)C(=O)c2c(O)cccc2C3=O)[C@H]1C(=O)OC
CHEMBL102403,AR,5.630,,1,0,,exact,CC1=CC(C)(C)Nc2ccc3c(c21)C(c1ccc(C)cc1)Oc1ccccc1-3
CHEMBL396656,AR,7.960,,1,0,Active,exact,N#Cc1ccc(-c2ccccc2C(F)(F)F)cc1C(F)(F)F
CHEMBL50444,AR,,4.523,0,1,Inactive,censored,CC(O)(CC(=O)O)CC(=O)O
CHEMBL446191,AR,5.770,,1,0,,exact,O=c1cc(C(F)(F)F)c2cc(N3CCCC3)ccc2[nH]1
CHEMBL6176016,AR,5.170,,1,0,,exact,O=C(Nc1nc(CCl)ns1)C1=Cc2cc(Cl)ccc2OC=C1
CHEMBL6174686,AR,7.580,,1,0,Active,exact,Cc1oc(-c2ccc(F)c(C(F)(F)F)c2)cc1C(=O)Nc1nc(CN2CCOCC2)ns1
CHEMBL2419304,AR,,5.000,0,1,,censored,Cc1cc(F)ccc1C1=C(c2ccc3c(c2)NC(=O)CO3)COC1=O
CHEMBL381566,AR,6.540,,1,0,Active,exact,C#C[C@]1(O)CCC2C3CC=C4C[C@@H](O)CC[C@]4(C=C)C3CC[C@@]21C
CHEMBL4293380,AR,5.370,,1,0,,exact,O=C1CC(c2ccccc2O)Oc2ccc(I)cc21
CHEMBL5184863,AR,6.405,,2,0,Active,exact,CC1(C)C(=O)N(c2ccc(C#N)c(C(F)(F)F)c2)C(=S)N1CCCC(=O)NCCOCCOC(=O)CC12CC3CC(CC(C3)C1)C2
CHEMBL6006981,AR,7.580,,2,0,Active,exact,CCc1noc(C(=O)N[C@@H](C)Cn2ccc(-c3ccc(C#N)c(Cl)c3)n2)n1
CHEMBL151601,AR,7.310,,1,0,Active,exact,CC1(C)C(=O)N(c2ccc(C#N)c(C(F)(F)F)c2)C(=O)N1CC#CCOCc1ccc(O)c(C(N)=O)c1
CHEMBL469333,AR,6.800,,1,0,Active,exact,COc1cccc(OC)c1Oc1ccc(C#N)c(C(F)(F)F)c1
CHEMBL3402227,AR,7.900,,2,0,Active,exact,N#Cc1ccc(N2CCC[C@@H]2C#N)c2ccccc12
CHEMBL389631,AR,6.260,,1,0,Active,exact,CCCCN(C)C(=O)CCCCCCCC[C@@H]1CC2CC(=O)CC[C@]2(C)[C@H]2CC[C@]3(C)[C@@H](O)CC[C@H]3[C@H]12
CHEMBL5864988,AR,7.820,,1,0,Active,exact,CCCCC(O)(CCCC)C(=O)Nc1ccnc(Br)c1
CHEMBL374975,AR,,4.523,0,1,Inactive,censored,CC(=O)O[C@H]1C[C@@]2(C)[C@@H](C[C@@H](O)[C@H]3[C@@]4(C)CC[C@@H](O)[C@@H](C)[C@@H]4CC[C@@]32C)/C1=C(\CCC=C(C)C)C(=O)O
CHEMBL5285006,AR,,5.301,0,1,,censored,C=CCc1c(C)c(O)c(O)c(C=O)c1COCc1ccccc1
CHEMBL4799175,AR,6.850,,1,0,Active,exact,CCN1C(=O)N(c2ccc(F)c(C(F)(F)F)c2)C(=O)C1(C)C
CHEMBL3337822,AR,,5.000,0,1,,censored,Cc1nn(Cc2ccncc2)c(-c2ccc(F)cc2)c1-c1ccc2c(c1)NC(=O)CO2
CHEMBL3234863,AR,,5.301,0,1,,censored,C[C@H](c1ccccc1)N1C(=O)O[C@](Cc2ccccc2)(c2nnc(C3(c4ccccc4)CC3)o2)C1=O
CHEMBL375907,AR,7.320,,1,0,Active,exact,CC(C)(C)N1CCOc2cc3[nH]c(=O)cc(C(F)(F)F)c3cc21
CHEMBL3827008,AR,5.510,,1,0,,exact,CC(O)(CS(=O)(=O)c1cc(C(F)(F)F)cc(C(F)(F)F)c1)C(=O)Nc1ccc([N+](=O)[O-])c(C(F)(F)F)c1
CHEMBL4514765,AR,,5.301,0,1,,censored,COCC#C[C@]1(O)CC[C@H]2[C@@H]3CCC4=CC(=O)CC[C@]4(C)[C@H]3[C@@H](c3ccc(N(C)C)cc3)C[C@@]21C
CHEMBL2107139,AR,,4.523,0,1,Inactive,censored,Nc1ccc(S(=O)(=O)c2cnc(N)s2)cc1
CHEMBL5420532,AR,,5.000,0,1,,censored,O=C(O)Cc1ccc(-c2ccc(OCc3c(-c4c(Cl)cccc4Cl)noc3C3CC3)cc2)cc1
CHEMBL6172709,AR,5.050,,1,0,,exact,O=[N+]([O-])c1ccnc(Nc2cccc(C(F)(F)F)c2)c1
CHEMBL424518,AR,,4.523,0,1,Inactive,censored,COc1ccc(CCC(C)NCC(O)c2ccc(O)c([S+](C)[O-])c2)cc1
CHEMBL562394,AR,6.150,,1,0,Active,exact,CN1C(=O)C=C[C@]2(C)[C@H]3CC[C@]4(C)[C@@H](O)/C(=C/c5cnc(-c6ccccn6)nc5)C[C@H]4[C@@H]3CC[C@@H]12
CHEMBL237999,AR,6.180,,1,0,Active,exact,C[C@]12CCC(=O)C=C1C[C@@H](CCCc1ccc(OCCCCC(=O)O)cc1)[C@@H]1[C@@H]2CC[C@@]2(C)[C@H]1CC[C@]2(C)O
CHEMBL4069656,AR,4.670,,1,0,Inactive,exact,O=C1c2ccc(F)cc2C(=O)N1c1nc(-c2ccc(F)cc2)cs1
CHEMBL1934436,AR,6.780,,2,0,Active,exact,Cc1c(CO)c(-c2ccc([N+](=O)[O-])cc2)c(C)n1Cc1ccccc1
CHEMBL4756685,AR,5.650,,1,0,,exact,N#Cc1ncc(N2C(=O)C3(CCCC3)N(c3cnc4c(c3)COC4=O)C2=S)cc1C(F)(F)F
CHEMBL238123,AR,8.270,,1,0,Active,exact,CCc1cc(=O)[nH]c2ccc(N(CC(F)(F)F)CC(F)(F)F)cc12
CHEMBL5287017,AR,,5.301,0,1,,censored,COc1ccc(-c2c(C)c(O)c(O)c(C=O)c2COCc2ccccc2)cc1
CHEMBL4065842,AR,7.985,,2,0,Active,exact,Cc1cc(-c2ccc(C#N)n2C)ccc1O
CHEMBL3605921,AR,5.380,,1,0,,exact,COc1cc(F)ccc1-c1c(CN(C)Cc2ccccc2)[nH]c2c(N)cc(F)cc12
CHEMBL5427904,AR,,4.523,0,1,Inactive,censored,Cn1ncc2cc(-c3cc(C(N)=O)cnc3SCc3ccccc3)ccc21
CHEMBL481924,AR,7.310,,1,0,Active,exact,Cn1cc(N(Cc2ccccc2)c2ccc([N+](=O)[O-])c(C(F)(F)F)c2)cc1C(=O)N1CCCC1
CHEMBL5905151,AR,,4.523,0,1,Inactive,censored,C[C@]12C=CC(=O)C=C1[C@@H](F)C[C@H]1[C@@H]3C[C@H]4O[C@@H](c5ccc(CSc6ccc(Cl)c(N)c6)cc5)O[C@@]4(C(=O)CO)[C@@]3(C)C[C@H](O)[C@@]12F
CHEMBL134117,AR,,6.000,0,1,,censored,COc1ccc(CNc2cc(C(F)(F)F)c3cc4c(cc3n2)NC(C)(C)CC4)cc1
CHEMBL3682524,AR,7.270,,1,0,Active,exact,OC1(C(F)(F)F)CCCc2c1[nH]c1c(F)cc(Cl)cc21
CHEMBL5435893,AR,6.310,,1,1,Active,exact,C[C@](O)(Cn1cnc2c(C(F)(F)F)cccc21)C(=O)Nc1ccc(C#N)c(C(F)(F)F)c1
CHEMBL290960,AR,,4.523,0,1,Inactive,censored,CC1CS(=O)(=O)CCN1/N=C/c1ccc([N+](=O)[O-])o1
CHEMBL5437444,AR,,4.523,0,1,Inactive,censored,COc1ccc(C(N)=O)cc1-c1ccc2c(cnn2C)c1
CHEMBL389481,AR,7.640,,1,0,Active,exact,CCC1COc2cc3[nH]c(=O)cc(C(F)(F)F)c3cc2N1CC1CC1
CHEMBL227408,AR,7.600,,3,0,Active,exact,CC1CN(CC(F)(F)F)c2cc3c(C(F)(F)F)cc(=O)[nH]c3cc2O1
CHEMBL3263757,AR,,5.000,0,1,,censored,CCOc1nc(C2=NN(c3ccc(C#N)c(C)c3)[C@@H](C3CCCC3)C2)ccc1C(=O)O
CHEMBL235601,AR,5.720,,1,0,,exact,Cc1cccc(-c2ccc(C#N)c(C(F)(F)F)c2)c1
CHEMBL1270253,AR,5.750,,1,0,,exact,CCC(CC)(c1ccc(OCC(=O)C(C)(C)C)c(C)c1)c1ccc(OC[C@@H](O)CO)c(C)c1
CHEMBL4778019,AR,5.380,,6,0,,exact,C[C@](O)(Cn1ccc(-c2ccccc2)n1)C(=O)Nc1ccc(C#N)c(C(F)(F)F)c1
CHEMBL1434,AR,,4.523,0,1,Inactive,censored,CN(C)c1ccc(O)c2c1C[C@H]1C[C@H]3[C@H](N(C)C)C(O)=C(C(N)=O)C(=O)[C@@]3(O)C(O)=C1C2=O
CHEMBL4574668,AR,4.960,,2,0,Inactive,exact,Cc1noc(C)c1CSCC(=O)N1CCN(c2cccc3ccccc23)CC1
CHEMBL65794,AR,,4.523,0,1,Inactive,censored,CO/N=C(\C(=O)N[C@@H]1C(=O)N2C(C(=O)[O-])=C(C[n+]3cccc4c3CCC4)CS[C@H]12)c1csc(N)n1
CHEMBL766,AR,,4.523,0,1,Inactive,censored,CC1(C)C[C@@H]1C(=O)N/C(=C\CCCCSC[C@H](N)C(=O)O)C(=O)O
CHEMBL10560,AR,6.380,,1,0,Active,exact,CC#C[C@@]1(O)CC[C@@]2(CC)c3ccc(O)cc3CC[C@@H]2C1
CHEMBL4297675,AR,5.020,,1,0,,exact,CC(=O)OC[C@H](COc1ccc(C(C)(C)c2ccc(OC[C@@H](CCl)OC(C)=O)cc2)cc1)OC(C)=O
CHEMBL5282215,AR,5.390,,1,0,,exact,Cc1c(O)c(O)c(C=O)c(COCc2ccccc2)c1-c1ccc(C(F)(F)F)cc1Br
CHEMBL224736,AR,5.170,,1,0,,exact,C[C@]12CC[C@H]3[C@@H]([C@H](CCCCC[S+]([O-])CCCC(F)(F)C(F)(F)F)CC4CC(=O)CC[C@@]43C)[C@@H]1CC[C@@H]2O
CHEMBL3580454,AR,,4.523,0,1,Inactive,censored,Cc1oc(=O)oc1COC(=O)[C@@H]1N2C(=O)[C@@H](NC(=O)[C@H](N)c3ccccc3)[C@H]2SC1(C)C
CHEMBL572329,AR,,5.398,0,1,,censored,Cc1ccc([C@@](C)(O)[C@H]2CCCC3=Cc4c(-c5ccc(F)cc5)ncn4C[C@@]32C)s1
CHEMBL144673,AR,,4.523,0,1,Inactive,censored,CCCCC(CC)CN1CN(CC(CC)CCCC)CC(C)(N)C1
CHEMBL5193409,AR,5.200,,1,0,,exact,N#Cc1cc(NC(=O)Cc2ccn(-c3ccc(C#N)c(C(F)(F)F)c3)n2)ccc1F
CHEMBL5402802,AR,6.375,,2,1,Active,exact,C[C@](O)(Cn1nnc2cc(F)ccc21)C(=O)Nc1ccc(C#N)c(C(F)(F)F)c1
CHEMBL6014693,AR,8.240,,2,0,Active,exact,C[C@@H](Cn1ccc(-c2ccc(C#N)c(Cl)c2)n1)NC(=O)c1csc(CCO)n1
CHEMBL5277025,AR,5.570,,1,0,,exact,Cc1c(O)c(O)c(C=O)c(COCc2ccc(OC(F)(F)F)cc2)c1-c1ccccc1
CHEMBL485696,AR,,4.523,0,1,Inactive,censored,Cc1cc(NS(=O)(=O)c2ccc(N)cc2)nc(C)n1
CHEMBL5187916,AR,8.510,,2,0,Active,exact,CC(C)(C)OC(=O)c1cccc2oc(=O)c3c(ccc4[nH]c(=O)cc(C(F)(F)F)c43)c12
CHEMBL4876579,AR,6.730,,2,0,Active,exact,N#Cc1ncc(N2C(=O)C3(CCC3)N(c3ccc(OC4CCNCC4)cc3)C2=S)cc1C(F)(F)F
CHEMBL3605562,AR,5.570,,3,0,,exact,CC(=O)OC[C@]12CC[C@H]3[C@@H](CC=C4CC=CC(=O)[C@@]43C)[C@]1(O)[C@@H](OC(C)=O)C[C@@]2(O)[C@@](C)(O)[C@H]1CC(C)=C(C)C(=O)O1
CHEMBL425646,AR,8.490,,5,0,Active,exact,N#Cc1ccc(N2C(=O)[C@@H]3[C@H](O)CCN3C2=O)c2ccccc12
CHEMBL469600,AR,,5.000,0,1,,censored,COc1cccc(Oc2ccc(C#N)c(C(F)(F)F)c2)c1
CHEMBL4483663,AR,6.675,,2,0,Active,exact,C[C@](O)(Cn1ccc2c(F)cccc21)C(=O)Nc1ccc(C#N)c(Cl)c1
CHEMBL2113034,AR,7.110,,1,0,Active,exact,CC1(C)C(=O)N(c2ccc(C#N)c(C(F)(F)F)c2)C(=O)N1OCCOCCCc1ccc(O)c(C(N)=O)c1
CHEMBL3818919,AR,8.500,,1,0,Active,exact,CC(C)(C)CC(O)(c1ccc(C#N)c(Cl)c1Cl)C(F)(F)F
CHEMBL188129,AR,7.220,,1,0,Active,exact,CC(C)(C)OC(=O)N1C[C@@H]2C[C@H]1[C@@H]1C(=O)N(c3ccc([N+](=O)[O-])c4ccccc34)C(=O)N21
CHEMBL398431,AR,9.100,,1,0,Active,exact,CCCN(CC1CC1)c1cc(C(F)(F)F)c(C#N)cn1
CHEMBL1163529,AR,6.850,,1,0,Active,exact,O=C(CC(Nc1ccc([N+](=O)[O-])cc1)C1CCCCC1)c1ccc(Cl)c(Cl)c1
CHEMBL1830937,AR,6.530,,1,0,Active,exact,COc1ccccc1CN1CC(C)(C)C(Oc2ccc(C#N)c(C(F)(F)F)c2)C1=O
CHEMBL290106,AR,4.880,,1,0,Inactive,exact,Oc1c(Cl)cc(Cl)cc1Sc1cc(Cl)cc(Cl)c1O
CHEMBL6174776,AR,6.170,,1,0,Active,exact,Nc1c(OCc2ccc(Br)cc2)ccc2c(C(F)(F)F)cc(=O)oc12
CHEMBL3182320,AR,,4.523,0,1,Inactive,censored,C[C@@H]1O[C@@H](OC[C@H]2O[C@@H](Oc3c(-c4ccc(OCCO)c(OCCO)c4)oc4cc(OCCO)cc(O)c4c3=O)[C@H](O)[C@@H](O)[C@@H]2O)[C@H](O)[C@H](O)[C@H]1O
CHEMBL4073869,AR,6.280,,2,0,Active,exact,Cn1c(C#N)cc(Br)c1-c1ccc(O)cc1
CHEMBL6177324,AR,7.160,,1,0,Active,exact,CS(=O)(=O)N1CCN(Cc2nsc(NC(=O)C3=Cc4cc(Cl)ccc4OC=C3)n2)CC1
CHEMBL4794467,AR,6.855,,2,0,Active,exact,C[C@](O)(Cn1cc(Br)c(F)n1)C(=O)Nc1cnc(C#N)c(C(F)(F)F)c1
CHEMBL542,AR,,4.523,0,1,Inactive,censored,Nc1ccc(C(=O)O)cc1
CHEMBL440454,AR,5.590,,1,0,,exact,C=CCC1Oc2cccc(NC)c2-c2ccc3c(c21)C(C)=CC(C)(C)N3
CHEMBL2337510,AR,7.570,,5,1,Active,exact,C[C@@H]1N(c2ccc(C#N)c(Cl)c2)CC[C@@]1(O)c1ccc(C(N)=O)cc1
CHEMBL1957723,AR,6.320,,2,0,Active,exact,Cc1nn(-c2ccc(C#N)c(Cl)c2)c(C)c1Oc1ccc(C(=O)N2CCOCC2)cc1
CHEMBL2334341,AR,,5.000,0,1,,censored,CC[Si](CC)(c1ccc(OCC(=O)C(C)(C)C)c(C)c1)c1ccc(OCC2CO2)c(C)c1
CHEMBL22077,AR,,4.523,0,1,Inactive,censored,CCN(CC)CCNc1ccc(CO)c2sc3ccccc3c(=O)c12
CHEMBL1957614,AR,6.140,,2,0,Active,exact,Cc1nn(-c2ccc(C#N)cc2Cl)c(C)c1Cc1ccc(F)cc1
CHEMBL1934435,AR,6.465,,2,0,Active,exact,Cc1c(C(=O)O)c(-c2ccc([N+](=O)[O-])cc2)c(C)n1Cc1ccccc1
CHEMBL1163643,AR,6.310,,1,0,Active,exact,COc1cc(C(CC(=O)c2ccc(C)cc2)Nc2ccc([N+](=O)[O-])cc2)cc(OC)c1OC
CHEMBL450334,AR,7.750,,2,0,Active,exact,O=c1cc(C(F)(F)F)c2c3c(ccc2[nH]1)-c1ccccc1CO3
CHEMBL3132997,AR,4.250,,1,0,Inactive,exact,CC[C@H](C)[C@H](NC(=O)[C@H](CS)NC(=O)[C@H](CC1CCCCC1)NC(=O)[C@H](CC(C)C)NC(=O)[C@H](CCC(=O)O)NC(=O)[C@H](CS)NC(=O)[C@H](Cc1ccccc1)NC(=O)[C@H](CCCNC(=N)N)NC(=O)[C@@H](N)CC(N)=O)C(=O)N[C@@H](CCC(N)=O)C(=O)NCC(=O)N[C@H](C(=O)NCC(=O)N[C@@H](CC(=O)O)C(=O)N[C@H](C(=O)N[C@@H](CCCCN)C(=O)N[C@@H](C)C(=O)N[C@@H](CS)C(=O)N[C@@H](CCC(=O)O)C(=O)N[C@@H](Cc1c[nH]c2ccccc12)C(=O)N[C@@H](C)C(=O)N[C@@H](CS)C(=O)N[C@@H](CCC(N)=O)C(=O)O)C(C)C)[C@@H](C)O
CHEMBL133465,AR,7.020,,1,0,Active,exact,CN1c2cc3nc(F)cc(C(F)(F)F)c3cc2CCC1(C)C
CHEMBL1210034,AR,7.540,,1,0,Active,exact,C[C@]12CN(C(=O)Nc3ccc(F)cc3)C[C@](C)(O1)[C@@H]1C(=O)N(c3ccc(C#N)c(C(F)(F)F)c3)C(=O)[C@@H]12
CHEMBL5564208,AR,5.790,,1,0,,exact,C[C@](O)(CN1CCN(c2ccc(C#N)cc2)C(=O)C1)C(=O)Nc1ccc(C#N)c(C(F)(F)F)c1
CHEMBL1089221,AR,,4.523,0,1,Inactive,censored,O=C(O)COc1nn(Cc2ccccc2)c2ccccc12
CHEMBL415524,AR,5.800,,1,0,,exact,CCc1ccccc1/C=C1\Oc2ccc(F)cc2-c2ccc3c(c21)C(C)=CC(C)(C)N3
CHEMBL1210151,AR,8.030,,1,0,Active,exact,C[C@]12CN(c3cccc(S(C)(=O)=O)c3)C[C@](C)(O1)[C@@H]1C(=O)N(c3ccc(C#N)c(C(F)(F)F)c3)C(=O)[C@@H]12
CHEMBL299499,AR,5.020,,1,0,,exact,N=C(Nc1ccc(I)cc1)NC12CC3CC(CC(C3)C1)C2
CHEMBL5550018,AR,6.615,,2,0,Active,exact,N#Cc1ccc(NC(=O)c2cccc(S(=O)(=O)N3CCCc4ccccc43)c2)cc1
CHEMBL1163646,AR,7.200,,1,0,Active,exact,O=C(CC(Nc1ccc([N+](=O)[O-])cc1)c1cccc(F)c1)c1ccccc1
CHEMBL1516,AR,,4.523,0,1,Inactive,censored,CCCc1nc(C(C)(C)O)c(C(=O)O)n1Cc1ccc(-c2ccccc2-c2nnn[nH]2)cc1
CHEMBL1201264,AR,,4.523,0,1,Inactive,censored,CC[N+](C)(CC)CCOC(=O)C1c2ccccc2Oc2ccccc21
CHEMBL1276308,AR,8.135,,18,0,Active,exact,CC#C[C@]1(O)CC[C@H]2[C@@H]3CCC4=CC(=O)CCC4=C3[C@@H](c3ccc(N(C)C)cc3)C[C@@]21C
CHEMBL224654,AR,5.890,,1,0,,exact,C[C@]12CCC(=O)C[C@@H]1CC(CCCCCCCC(=O)N1CCOCC1)[C@@H]1[C@@H]2CC[C@]2(C)[C@@H](O)CC[C@@H]12
CHEMBL2110627,AR,,4.523,0,1,Inactive,censored,CCOC(=O)[C@H](CCc1ccccc1)N[C@H]1CS[C@H](c2cccs2)CN(CC(=O)O)C1=O
CHEMBL4758041,AR,4.825,,2,0,Inactive,exact,CC(C)(c1ccc(OCC(O)CO)cc1)c1ccc(OCC(O)CCl)cc1
CHEMBL1201780,AR,,4.523,0,1,Inactive,censored,NC(=O)N[C@@H](CCC(=O)O)C(=O)O
CHEMBL253582,AR,,4.523,0,1,Inactive,censored,OC[C@H]1O[C@@](CO)(O[C@H]2O[C@H](CO)[C@@H](O)[C@H](O)[C@H]2O)[C@@H](O)[C@@H]1O
CHEMBL6168344,AR,7.550,,1,0,Active,exact,O=c1cc(C(F)(F)F)c2ccc(NCc3ccc(Cl)cc3)cc2o1
CHEMBL230694,AR,8.540,,1,0,Active,exact,Cc1c(N2C(=O)[C@@H]3[C@H](O)CCN3C2=O)ccc(C#N)c1C(F)(F)F
CHEMBL6175406,AR,,5.000,0,1,,censored,O=c1cc(C(F)(F)F)c2cc(N(CC(F)(F)F)CC(F)(F)F)c(OCc3ccc(Br)cc3)cc2o1
CHEMBL5593664,AR,6.480,,1,0,Active,exact,C[C@](O)(CN1CCN(c2ccccc2C#N)CC1)C(=O)Nc1ccc(C#N)c(C(F)(F)F)c1
CHEMBL576127,AR,,4.523,0,1,Inactive,censored,O=C1NCC2(CCN(CCc3ccccc3)CC2)O1
CHEMBL491492,AR,,5.000,0,1,,censored,Cc1ccccc1[S+]([O-])c1ccc(C#N)cc1Cl
CHEMBL4860114,AR,5.720,,1,0,,exact,Cc1cc(Cl)c2[nH]cc(-c3ccc4ccccc4n3)c2c1
CHEMBL157703,AR,7.090,,1,0,Active,exact,CC1=CC(C)(C)Nc2c1cc1c(C(F)(F)F)cc(O)nc1c2C
CHEMBL4562338,AR,5.890,,1,0,,exact,CC#C[C@]1(O)CC[C@H]2[C@@H]3CCC4=CC(=O)CC[C@]4(C)[C@H]3[C@@H](c3ccc(N(C)CCOC)cc3)C[C@@]21C
CHEMBL411,AR,5.750,,1,0,,exact,CC/C(=C(/CC)c1ccc(O)cc1)c1ccc(O)cc1
CHEMBL132131,AR,,6.000,0,1,,censored,CN(C)c1cc(C(F)(F)F)c2cc3c(cc2n1)NC(C)(C)CC3
CHEMBL373019,AR,7.480,,1,0,Active,exact,C=C[C@]12CC[C@H](O)CC1=CCC1C2CC[C@@]2(C)C1CC[C@@H]2O
CHEMBL2334342,AR,5.240,,1,0,,exact,CC[Si](CC)(c1ccc(OC[C@@H](O)CO)c(C)c1)c1ccc(OC[C@H](O)C(C)(C)C)c(C)c1
CHEMBL278623,AR,,4.523,0,1,Inactive,censored,CC(C)(N)C(=O)N[C@H](Cc1c[nH]c2ccccc12)C(=O)N[C@H](Cc1c[nH]c2ccccc12)NC=O
CHEMBL2334345,AR,5.130,,1,0,,exact,CC[Si](CC)(c1ccc(OC[C@H](O)CO)c(C)c1)c1ccc(OC[C@@H](O)C(C)(C)C)c(C)c1
CHEMBL440294,AR,,4.523,0,1,Inactive,censored,NC(=O)C1(N2CCCCC2)CCN(CCCC(=O)c2ccc(F)cc2)CC1
CHEMBL2105148,AR,,4.523,0,1,Inactive,censored,CC1(CCN2CCCCC2)C(=O)CCc2ccccc21
CHEMBL1416100,AR,6.060,,2,0,Active,exact,c1ccc(-c2csc(-c3ccncc3)n2)cc1
CHEMBL3323499,AR,5.530,,1,0,,exact,c1cc(-c2csc(N3CCOCC3)n2)ccn1
CHEMBL296306,AR,,4.523,0,1,Inactive,censored,OC[C@H]1O[C@@H](O[C@@H]2[C@@H](CO)O[C@](O)(CO)[C@H]2O)[C@H](O)[C@@H](O)[C@H]1O
CHEMBL1830788,AR,5.310,,1,0,,exact,CCNC(=O)CN1CC(C)(C)C(Oc2ccc(C#N)c(C(F)(F)F)c2)C1=O
CHEMBL5798379,AR,6.410,,1,0,Active,exact,N#Cc1ccc(N2CCc3c(ncnc3Nc3cc(C(=O)NCC(F)(F)F)ccn3)C2)cc1C(F)(F)F
CHEMBL265502,AR,,4.523,0,1,Inactive,censored,Cc1ccc(C(=O)Nc2ccc(S(=O)(=O)O)c3cc(S(=O)(=O)O)cc(S(=O)(=O)O)c23)cc1NC(=O)c1cccc(NC(=O)Nc2cccc(C(=O)Nc3cc(C(=O)Nc4ccc(S(=O)(=O)O)c5cc(S(=O)(=O)O)cc(S(=O)(=O)O)c45)ccc3C)c2)c1
CHEMBL4747499,AR,5.380,,1,0,,exact,O=C1NC2(CCCCC2)C(=O)N1c1ccc(F)c(C(F)(F)F)c1
CHEMBL1187833,AR,,4.523,0,1,Inactive,censored,OC(c1ccccc1)(c1ccccc1)C12CC[N+](CCOCc3ccccc3)(CC1)CC2
CHEMBL5884935,AR,7.330,,1,1,Active,exact,CC1(C)C(=O)N(c2ccc(C#N)c(C(F)(F)F)c2)C(=S)N1c1ccc(CNC(=O)c2ccccn2)c(F)c1
CHEMBL221044,AR,,5.000,0,1,,censored,CCCc1cc(C2=NC3OCCCC3S2)ccc1OCCCOc1ccc2c(c1)CC[C@H]2CC(=O)O
CHEMBL5569875,AR,5.300,,2,0,,exact,C[C@](O)(CN1CC(c2ccc(C#N)cc2)C1)C(=O)Nc1ccc(C#N)c(C(F)(F)F)c1
CHEMBL5203635,AR,,5.000,0,1,,censored,CC1(C)C(=O)N(c2ccc(C#N)c(C(F)(F)F)c2)C(=S)N1c1ccc(C(=O)Nc2cc(-c3ccccc3)ccc2N)cc1
CHEMBL388210,AR,7.470,,1,0,Active,exact,N#Cc1ccc(N2C(=O)[C@@H]3[C@H](O)CCN3C2=O)cc1
CHEMBL189,AR,,4.523,0,1,Inactive,censored,Cc1[nH]c(=O)c(C#N)cc1-c1ccncc1
CHEMBL3706876,AR,6.390,,1,0,Active,exact,Nc1ccc2c(C(F)(F)F)cc(=O)[nH]c2c1
CHEMBL3818497,AR,9.700,,1,0,Active,exact,Cc1c(C(O)(C2CC2)C(F)(F)F)ccc(C#N)c1Cl
CHEMBL2316547,AR,5.820,,5,0,,exact,NS(=O)(=O)c1cccc2cc(SCCOc3ccccc3)[nH]c12
CHEMBL1492,AR,,4.523,0,1,Inactive,censored,CN1CCC(OC(c2ccccc2)c2ccccc2)CC1
CHEMBL5574056,AR,5.370,,1,0,,exact,CNC(=O)c1ccc(N2CCN(C[C@](C)(O)C(=O)Nc3ccc(C#N)c(C(F)(F)F)c3)CC2)cc1
CHEMBL4303443,AR,,4.523,0,1,Inactive,censored,CO/N=C(\C(=O)N[C@@H]1C(=O)N2C(C(=O)OCOC(=O)C(C)(C)C)=C(C)CS[C@H]12)c1csc(N)n1
CHEMBL2105453,AR,,4.523,0,1,Inactive,censored,OC(CN1CCCCC1)c1cc(-c2ccccc2)on1
CHEMBL1741,AR,4.540,,1,0,Inactive,exact,CC[C@H]1OC(=O)[C@H](C)[C@@H](O[C@H]2C[C@@](C)(OC)[C@@H](O)[C@H](C)O2)[C@H](C)[C@@H](O[C@@H]2O[C@H](C)C[C@H](N(C)C)[C@H]2O)[C@](C)(OC)C[C@@H](C)C(=O)[C@H](C)[C@@H](O)[C@]1(C)O
CHEMBL387850,AR,6.020,,1,0,Active,exact,C[C@]12CC[C@H]3[C@@H]([C@H](CCCCCCC[S+]([O-])CCCC(F)(F)C(F)(F)F)CC4CC(=O)CC[C@@]43C)[C@@H]1CC[C@@H]2O
CHEMBL4087674,AR,6.160,,2,0,Active,exact,COC(=O)c1cc(O)ccc1-c1ccc(C#N)n1C
CHEMBL403668,AR,9.000,,1,0,Active,exact,CC12CCC(C)(O1)[C@H]1C(=O)N(c3ccc(C#N)c(I)c3)C(=O)[C@H]12
CHEMBL6029660,AR,6.750,,1,0,Active,exact,CC1(C)C(=O)N(c2ccc(C#N)c(C(F)(F)F)c2)C(=O)N1c1ccc(CNC(=O)c2ccccn2)c(F)c1
CHEMBL1200436,AR,8.150,,2,0,Active,exact,C[C@]12COC(=O)C[C@@H]1CC[C@@H]1[C@@H]2CC[C@@]2(C)[C@H]1CC[C@]2(C)O
CHEMBL863,AR,,4.523,0,1,Inactive,censored,N[C@@H](CS)C(=O)O
CHEMBL1073,AR,,4.523,0,1,Inactive,censored,Cc1cnc(C(=O)NCCc2ccc(S(=O)(=O)NC(=O)NC3CCCCC3)cc2)cn1
CHEMBL4225339,AR,7.270,,1,0,Active,exact,CC(O)(CS(=O)(=O)c1ccc(C(=O)O)cc1)C(=O)Nc1ccc(C#N)c(C(F)(F)F)c1
CHEMBL7177,AR,8.100,,1,0,Active,exact,CC[C@@H]1CCc2cc3c(C(F)(F)F)cc(O)nc3cc2N1
CHEMBL3818688,AR,8.400,,1,0,Active,exact,Cc1c(C(O)(CC(C)(C)C)C(F)(F)F)ccc(C#N)c1Cl
CHEMBL3687970,AR,7.575,,2,0,Active,exact,C[C@]12CC[C@H]3[C@@H](CCC4=CC(=O)CC[C@@H]43)[C@@H]1CC[C@@]21C=CCO1
CHEMBL465539,AR,5.335,,2,0,,exact,Cc1ccc(Oc2ccc(C#N)c(C(F)(F)F)c2)cc1
CHEMBL5416300,AR,6.100,,1,0,Active,exact,Cn1ncc2cc(-c3cc(C(N)=O)ccc3NCCCN3CCOCC3)ccc21
CHEMBL5197284,AR,5.040,,1,0,,exact,COc1ccc(NC(=O)Cc2ccn(-c3ccc(C#N)c(C(F)(F)F)c3)n2)cc1
CHEMBL3132992,AR,5.640,,1,0,,exact,CC[C@H](C)[C@H](NC(=O)[C@H](CS)NC(=O)[C@H](Cc1ccccc1)NC(=O)[C@H](CC(C)C)NC(=O)[C@H](CCC(=O)O)NC(=O)[C@H](CS)NC(=O)[C@H](Cc1ccc(Cl)cc1)NC(=O)[C@H](CCCNC(=N)N)NC(=O)[C@@H](N)CC(N)=O)C(=O)N[C@@H](CCC(N)=O)C(=O)NCC(=O)N[C@H](C(=O)NCC(=O)N[C@@H](CC(=O)O)C(=O)N[C@H](C(=O)N[C@@H](CCCCN)C(=O)N[C@@H](C)C(=O)N[C@@H](CS)C(=O)N[C@@H](CCC(=O)O)C(=O)N[C@@H](Cc1c[nH]c2ccccc12)C(=O)N[C@@H](C)C(=O)N[C@@H](CS)C(=O)N[C@@H](CCC(N)=O)C(=O)O)C(C)C)[C@@H](C)O
CHEMBL3819303,AR,9.600,,1,0,Active,exact,Cc1c(C(O)(C(C)C)C(F)(F)F)ccc(C#N)c1C(F)(F)F
CHEMBL2228862,AR,,4.523,0,1,Inactive,censored,CC1=CCC(C(C)(C)O)CC1O
CHEMBL4759704,AR,5.050,,1,0,,exact,N#Cc1ccc(N2C(=O)C3CCc4cc(-c5cnc6ccccc6c5)ccc4N3C2=S)cc1C(F)(F)F
CHEMBL46286,AR,,4.523,0,1,Inactive,censored,COC(=O)C[C@](O)(CCCC(C)(C)O)C(=O)O[C@@H]1C(OC)=C[C@]23CCCN2CCc2cc4c(cc2[C@H]13)OCO4
CHEMBL428026,AR,8.220,,1,0,Active,exact,O=c1cc(C(F)(F)F)c2cc(N(CC(Cl)Cl)CC(F)(F)F)ccc2[nH]1
CHEMBL4748422,AR,5.350,,1,0,,exact,CC1(C)NC(=O)N(c2ccnc(C(F)(F)F)c2)C1=O
CHEMBL1790041,AR,,4.523,0,1,Inactive,censored,CNC(=C[N+](=O)[O-])NCCSCc1ccc(CN(C)C)o1
CHEMBL4103641,AR,7.280,,2,0,Active,exact,CCc1cc(-c2ccc(C#N)n2C)ccc1O
CHEMBL318409,AR,5.850,,1,0,,exact,CC1=CC(C)(C)Nc2ccc3c(c21)C(c1ccccc1)Oc1ccc(Cl)cc1-3
CHEMBL521251,AR,6.875,,2,0,Active,exact,CCOC(=O)c1cc(N(Cc2ccccc2)c2ccc([N+](=O)[O-])cc2)cn1C
CHEMBL1201287,AR,,4.523,0,1,Inactive,censored,CN(C)CC[C@@H](c1ccc(Br)cc1)c1ccccn1
CHEMBL235127,AR,8.040,,1,0,Active,exact,C[C@@H](N(CC(F)(F)F)c1ccc2[nH]c(=O)cc(C(F)(F)F)c2c1)C(F)(F)F
CHEMBL189963,AR,,4.523,0,1,Inactive,censored,CC(=O)c1c(C)c2cnc(Nc3ccc(N4CCNCC4)cn3)nc2n(C2CCCC2)c1=O
CHEMBL5423748,AR,6.570,,1,0,Active,exact,CSc1ccc(C(N)=O)cc1-c1cncnc1
CHEMBL1957617,AR,7.515,,2,0,Active,exact,Cc1nn(-c2ccc(C#N)c(Cl)c2)c(C)c1CCc1ccc(F)cc1
CHEMBL5435483,AR,6.235,,2,0,Active,exact,C[C@](O)(Cn1cnc2cccc(F)c21)C(=O)Nc1ccc(C#N)c(C(F)(F)F)c1
CHEMBL5565106,AR,5.470,,1,0,,exact,C[C@](O)(CN1CCC(c2ccc(C#N)cc2)CC1)C(=O)Nc1ccc(C#N)c(C(F)(F)F)c1
CHEMBL2419308,AR,,5.000,0,1,,censored,CCC1OC(=O)C(c2ccc(F)cc2)=C1c1ccc2c(c1)NC(=O)CO2
CHEMBL2107830,AR,,4.523,0,1,Inactive,censored,OC[C@H]1O[C@@H](c2ccc(Cl)c(Cc3ccc(O[C@H]4CCOC4)cc3)c2)[C@H](O)[C@@H](O)[C@@H]1O
CHEMBL8,AR,,4.523,0,1,Inactive,censored,O=C(O)c1cn(C2CC2)c2cc(N3CCNCC3)c(F)cc2c1=O
CHEMBL1830942,AR,6.840,,1,0,Active,exact,CC1(C)CN(Cc2ccc(F)cc2)C(=O)C1Oc1ccc(C#N)c(C(F)(F)F)c1
CHEMBL5958599,AR,7.100,,1,0,Active,exact,C[C@H](CS(C)(=O)=O)n1ccc2c(C(F)(F)F)c(C#N)ccc21
CHEMBL4293816,AR,5.060,,1,0,,exact,O=C(/C=C/c1ccccc1O)c1cc(Br)ccc1O
CHEMBL5872527,AR,6.280,,1,0,Active,exact,COc1ccc(Nc2ncnc3c2CCN(c2ccc(C#N)c(C(F)(F)F)c2)C3)cc1
CHEMBL444814,AR,,4.523,0,1,Inactive,censored,NC(=O)NCCC[C@H](N)C(=O)O
CHEMBL1210908,AR,7.850,,1,0,Active,exact,CC(C)N1C(=O)[C@]2(C)O[C@](C)(C1=O)[C@H]1C(=O)N(c3ccc(C#N)c(C(F)(F)F)c3)C(=O)[C@H]12
CHEMBL596009,AR,,4.523,0,1,Inactive,censored,O=C(O)CCc1nc2ccccc2[nH]1
CHEMBL403219,AR,7.175,,2,0,Active,exact,COc1cccc2c(=O)oc3c(ccc4[nH]c(=O)cc(C(F)(F)F)c43)c12
CHEMBL568893,AR,,5.000,0,1,,censored,Cc1c(C#N)c(N)nc2c3c(sc12)NC(=O)CC3c1c(F)cccc1Cl
CHEMBL5823551,AR,6.600,,1,0,Active,exact,CC(C)(O)c1sc(Nc2ncnc3c2CCN(c2ccc(C#N)c(C(F)(F)F)c2)C3)nc1C(F)(F)F
CHEMBL2316573,AR,,3.699,0,1,Inactive,censored,CCOC(=O)Cn1c(SCCOc2cc(C)cc(C)c2)nc2ccccc21
CHEMBL3706875,AR,7.430,,1,0,Active,exact,CCCNc1ccc2c(C(F)(F)F)cc(=O)[nH]c2c1
CHEMBL506569,AR,,4.523,0,1,Inactive,censored,CC(=O)O[C@H]1C[C@H](O[C@H]2[C@@H](O)C[C@H](O[C@H]3[C@@H](O)C[C@H](O[C@H]4CC[C@@]5(C)[C@H](CC[C@@H]6[C@@H]5C[C@@H](O)[C@]5(C)[C@@H](C7=CC(=O)OC7)CC[C@]65O)C4)O[C@@H]3C)O[C@@H]2C)O[C@H](C)[C@H]1O[C@@H]1O[C@H](CO)[C@@H](O)[C@H](O)[C@H]1O
CHEMBL3658384,AR,6.480,,1,0,Active,exact,C[C@]12CCC3C4CCC(=O)C=C4C4CC4C3C1C1CC1[C@@]21CCC(=O)O1
CHEMBL4092066,AR,6.100,,1,0,Active,exact,CC1(C)C[C@](O)(C(F)(F)F)[C@@H](Nc2cccc3[nH]c(=O)ccc23)c2ccc(F)c(O)c21
CHEMBL182412,AR,7.090,,4,0,Active,exact,O=C1[C@@H]2C3C=CC(CC3)[C@@H]2C(=O)N1c1cccc(C(F)(F)F)c1
CHEMBL2316553,AR,,3.699,0,1,Inactive,censored,CCc1cccc(OCCSc2nc3ccccc3n2CCC(=O)O)c1
CHEMBL3819041,AR,8.400,,2,0,Active,exact,Cc1c(C(C)(O)C(F)(F)F)ccc(C#N)c1C(F)(F)F
CHEMBL3818706,AR,10.500,,1,0,Active,exact,Cc1c(C(O)(C2CC2)C(F)(F)F)ccc(C#N)c1C(F)(F)F
CHEMBL3692347,AR,6.675,,2,0,Active,exact,C[C@@H]1CC2=CC(=O)CC[C@@H]2[C@H]2CC[C@@]3(C)[C@@H](CC[C@@]34C=CCO4)[C@@H]21
CHEMBL3921830,AR,6.480,,2,0,Active,exact,N#Cc1ccc(C(=O)NC[C@H]2CC[C@H](Oc3ccnc4ccccc34)CC2)cc1
CHEMBL1733,AR,,4.523,0,1,Inactive,censored,C[C@H](N[C@@H](CCc1ccccc1)C(=O)O)C(=O)N1Cc2ccccc2C[C@H]1C(=O)O
CHEMBL1515,AR,,4.523,0,1,Inactive,censored,Cn1ccnc1S
CHEMBL3706911,AR,7.250,,1,0,Active,exact,CC(C)(C)CNc1ccc2[nH]c(=O)cc(C(F)(F)F)c2c1
CHEMBL430,AR,,4.523,0,1,Inactive,censored,CO/N=C1\CN(c2nc3c(cc2F)c(=O)c(C(=O)O)cn3C2CC2)CC1CN
CHEMBL1200908,AR,7.410,,1,0,Active,exact,CCC(=O)O[C@]1(C(=O)CCl)[C@@H](C)C[C@H]2[C@@H]3C[C@H](F)C4=CC(=O)C=C[C@]4(C)[C@@]3(F)[C@@H](O)C[C@@]21C
CHEMBL5266435,AR,,5.301,0,1,,censored,C#CCOCc1c(C=O)c(O)c(O)c(C)c1-c1ccccc1
CHEMBL1200690,AR,,4.523,0,1,Inactive,censored,NCCCC[C@H](NC(=O)[C@@H]1CCCN1C(=O)[C@@H]1CSSC[C@H](N)C(=O)N[C@@H](Cc2ccc(O)cc2)C(=O)N[C@@H](Cc2ccccc2)C(=O)N[C@@H](CCC(N)=O)C(=O)N[C@@H](CC(N)=O)C(=O)N1)C(=O)NCC(N)=O
CHEMBL5170088,AR,,5.000,0,1,,censored,CC1(C)C(=O)N(c2ccc(C#N)c(C(F)(F)F)c2)C(=S)N1c1ccc(C(=O)Nc2cc(-c3ccccc3)ccc2N)cn1
CHEMBL3337830,AR,,5.000,0,1,,censored,Cc1nn(CC(F)(F)CCO)c(-c2ccc(F)cc2)c1-c1ccc2c(c1)NC(=O)CO2
CHEMBL704,AR,,4.523,0,1,Inactive,censored,Nc1ccc(O)c(C(=O)O)c1
CHEMBL5197097,AR,7.560,,1,0,Active,exact,N#Cc1ccc(C2=NO[C@H]3CCCC[C@@H]23)cc1C(F)(F)F
CHEMBL4465239,AR,4.840,,2,0,Inactive,exact,Cc1ccccc1N1CCN(C(=O)CSCc2c(C)noc2C)CC1
CHEMBL293388,AR,,5.000,0,1,,censored,COc1cccc2c1-c1ccc(NS(C)(=O)=O)cc1C(c1cccs1)O2
CHEMBL224204,AR,8.920,,1,0,Active,exact,CCN1CCOc2cc3[nH]c(=O)cc(C(F)(F)F)c3cc21
CHEMBL238365,AR,8.010,,1,0,Active,exact,N#Cc1ccc(-c2ccccc2Cl)cc1C(F)(F)F
CHEMBL4098118,AR,,6.000,0,1,,censored,Cc1ccc2c(N[C@H]3c4ccc(F)c(O)c4[C@H](C)C[C@]3(O)C(F)(F)F)cccc2n1
CHEMBL435966,AR,,4.523,0,1,Inactive,censored,O=[N+]([O-])c1cncn1CCN1CCOCC1
CHEMBL666,AR,,4.523,0,1,Inactive,censored,O=C(O)P(=O)(O)O
CHEMBL3589380,AR,7.470,,1,0,Active,exact,CNC(=O)c1ccc(N2C(=S)N(c3ccc(C#N)c(C(F)(F)F)c3)C(=O)C23CCOC3)cc1F
CHEMBL268326,AR,8.220,,1,0,Active,exact,C[C@@H]1C[C@H](C)c2cc3c(C(F)(F)F)cc(O)nc3cc2N1
CHEMBL160923,AR,6.060,,1,0,Active,exact,CC1=CC(C)(C)Nc2c1cc1c(C(F)(F)F)cc(=O)n(C)c1c2C
CHEMBL398841,AR,6.540,,1,0,Active,exact,C#C[C@]1(O)CC[C@H]2[C@@H]3CC=C4C[C@@H](O)CC[C@]4(C=C)[C@H]3CC[C@@]21C
CHEMBL1194287,AR,,4.523,0,1,Inactive,censored,CN(C)CCN(Cc1ccc(Cl)cc1)c1ccccn1
CHEMBL3706926,AR,7.100,,1,0,Active,exact,O=c1cc(C(F)(F)F)c2cc(N(Cc3ccccc3)CC(F)(F)F)ccc2[nH]1
CHEMBL259820,AR,6.040,,1,0,Active,exact,COc1c(O)ccc2c1-c1ccc3c(c1/C(=C/c1cccc(C)c1F)O2)C(C)=CC(C)(C)N3
CHEMBL4476493,AR,5.530,,1,0,,exact,CCC#C[C@]1(O)CC[C@H]2[C@@H]3CCC4=CC(=O)CC[C@]4(C)[C@H]3[C@@H](c3ccc(N(C)C)cc3)C[C@@]21C
CHEMBL6163135,AR,,5.000,0,1,,censored,O=c1cc(C(F)(F)F)c2ccc(OCc3ccc(Br)cc3)c([N+](=O)[O-])c2o1
CHEMBL5870288,AR,,4.523,0,1,Inactive,censored,C[C@]12C=CC(=O)C=C1CC[C@H]1[C@@H]3C[C@H]4O[C@@H](c5ccc(Cc6cccc(N)c6)cc5)O[C@@]4(C(=O)CO)[C@@]3(C)C[C@H](O)[C@@]12F
CHEMBL2316559,AR,4.960,,1,0,Inactive,exact,Cc1ccc(OCCSc2nc3ccccc3n2CC(=O)OC(C)C)cc1
CHEMBL269305,AR,7.960,,1,0,Active,exact,CCC1CC(C)c2cc3c(C(F)(F)F)cc(=O)oc3cc2N1
CHEMBL5273071,AR,5.910,,1,0,,exact,Cc1c(O)c(O)c(C=O)c(COCc2ccccc2)c1-c1ccc(C(F)(F)F)cc1
CHEMBL2419298,AR,,5.000,0,1,,censored,CC1NC(=O)C(c2ccc(F)cc2)=C1c1ccc2c(c1)NC(=O)CO2
CHEMBL2107129,AR,,4.523,0,1,Inactive,censored,CC(C)(Oc1ccc(Cl)cc1)C(=O)NC(=O)NCN1CCOCC1
CHEMBL1801005,AR,,5.523,0,1,,censored,CC(C)(C(=O)Nc1nccs1)[C@@H](c1ccccc1)c1ccc(O)c(C#N)c1
CHEMBL2048484,AR,,4.523,0,1,Inactive,censored,Cc1ccc([C@@H]2O[C@H](CO)[C@@H](O)[C@H](O)[C@H]2O)cc1Cc1ccc(-c2ccc(F)cc2)s1
CHEMBL110691,AR,8.130,,1,0,Active,exact,CC(=O)O[C@]1(C(C)=O)CC[C@H]2[C@@H]3C=C(Cl)C4=CC(=O)CC[C@]4(C)[C@H]3CC[C@@]21C
CHEMBL1083487,AR,,5.000,0,1,,censored,CN(c1ccccc1)S(=O)(=O)c1ccc(-c2ccc3c(cnn3-c3ccc(F)cc3)c2)c(C(F)(F)F)c1
CHEMBL391648,AR,6.220,,1,0,Active,exact,C[C@]12CCC(=O)C=C1C[C@@H](CCCCCCCCCC(=O)O)[C@@H]1[C@@H]2CC[C@@]2(C)[C@H]1CC[C@]2(C)O
CHEMBL5288687,AR,5.390,,1,0,,exact,Cc1c(O)c(O)c(C=O)c(COCc2cccc(F)c2)c1-c1ccccc1
CHEMBL2346969,AR,5.680,,1,0,,exact,Fc1cccc(CN2CCN(c3ccc4nnc(C(F)(F)F)n4n3)CC2)c1F
CHEMBL19215,AR,,4.523,0,1,Inactive,censored,CN1C[C@H](CNC(=O)OCc2ccccc2)C[C@@H]2c3cccc4c3c(cn4C)C[C@H]21
CHEMBL6040343,AR,6.600,,1,0,Active,exact,CC(C)(O)c1ccc(Nc2ncnc3c2CCN(c2ccc(C#N)c(Cl)c2)C3)nc1F
CHEMBL351447,AR,7.680,,1,0,Active,exact,C[C@]12CCCC[C@H]1Nc1cc3nc(O)cc(C(F)(F)F)c3cc12
CHEMBL5081582,AR,5.750,,1,0,,exact,O=S(=O)(Nc1ccc(OCc2ccccc2)cc1)c1ccc(C(F)(F)F)cc1
CHEMBL188803,AR,6.620,,1,0,Active,exact,CC(C)(C)OC(=O)N1C[C@@H]2C[C@H]1[C@@H]1C(=O)N(c3ccc(C#N)cc3)C(=O)N21
CHEMBL657,AR,,4.523,0,1,Inactive,censored,CN(C)CCOC(c1ccccc1)c1ccccc1
CHEMBL4463786,AR,,4.602,0,2,Inactive,censored,Cc1ccccc1N1CCN(C(=O)COCc2c(C)noc2C)CC1
CHEMBL3658377,AR,7.210,,1,0,Active,exact,CC1CC2=CC(=O)CCC2C2CC[C@@]3(C)C(C4CC4[C@@]34CCC(=O)O4)C12
CHEMBL4755665,AR,6.000,,1,0,Active,exact,O=C1NC2(CCCC2)C(=O)N1c1ccc(F)c(C(F)(F)F)c1
CHEMBL1218,AR,,4.523,0,1,Inactive,censored,CCC(=O)NCC[C@@H]1CCc2ccc3c(c21)CCO3
CHEMBL132354,AR,,6.000,0,1,,censored,CC1(C)CCc2cc3c(C(F)(F)F)cc(SCC(F)(F)F)nc3cc2N1
CHEMBL3706888,AR,7.820,,1,0,Active,exact,O=c1cc(C(F)(F)F)c2ccc(NCC(F)(F)F)cc2[nH]1
CHEMBL436859,AR,7.470,,1,0,Active,exact,C#C[C@]1(O)CC[C@H]2[C@@H]3CCC4=CC(=O)CCC4=C3[C@@H](c3ccc(N(C)C(=O)CC[C@H](NC(=O)CC[C@@H](C)[C@H]4CC[C@H]5[C@@H]6[C@H](O)C[C@@H]7C[C@H](O)CC[C@]7(C)[C@H]6C[C@H](O)[C@]45C)C(=O)O)cc3)C[C@@]21C
CHEMBL263942,AR,7.430,,1,0,Active,exact,C#C[C@]1(O)CC[C@H]2[C@@H]3CCC4=CC(=O)CCC4=C3[C@@H](c3ccc(N(C)C(=O)CNC(=O)O[C@@H]4C[C@@H]5CC(O)CC[C@]5(C)[C@H]5C[C@H](O)[C@]6(C)[C@@H]([C@H](C)CCC(=O)O)CC[C@H]6[C@H]45)cc3)C[C@@]21C
CHEMBL4792484,AR,6.870,,1,0,Active,exact,N#Cc1ccc(N2C(=O)C3(CCCC3)N(c3ccc4c(c3)CCOC4=O)C2=S)cc1C(F)(F)F
CHEMBL227440,AR,8.110,,1,0,Active,exact,CC1COc2cc3[nH]c(=O)cc(C(F)(F)F)c3cc2N1CC(F)(F)F
CHEMBL559246,AR,8.150,,1,0,Active,exact,CN1C(=O)C=C[C@]2(C)[C@H]3CC[C@]4(C)[C@@H](O)CC[C@H]4[C@@H]3CC[C@@H]12
CHEMBL2419300,AR,,5.000,0,1,,censored,CC1NC(=O)C(c2ccc(F)cc2)=C1c1cc(Cl)c2c(c1)NC(=O)CO2
CHEMBL1443,AR,,4.523,0,1,Inactive,censored,CCOc1ccc2ccccc2c1C(=O)N[C@@H]1C(=O)N2[C@@H]1SC(C)(C)[C@@H]2C(=O)O
CHEMBL398634,AR,6.280,,1,0,Active,exact,C=C[C@]12CCC(C)=CC1=CC[C@@H]1[C@@H]2CC[C@@]2(C)[C@H]1CC[C@]2(C)O
CHEMBL3938351,AR,6.840,,1,0,Active,exact,[C-]#[N+]c1ccc(N2C(=O)C(C)(C)N(c3ccc(C(F)(F)F)cc3)C2=S)cc1C(F)(F)F
CHEMBL2159563,AR,6.570,,1,0,Active,exact,O=[N+]([O-])c1ccc(C2=NOC3CCCC23)c(C(F)(F)F)c1
CHEMBL5998220,AR,7.500,,1,0,Active,exact,C[C@H](n1ccc2c(Cl)c(C#N)ccc21)C(C)(C)O
CHEMBL53463,AR,,4.523,0,1,Inactive,censored,COc1cccc2c1C(=O)c1c(O)c3c(c(O)c1C2=O)C[C@@](O)(C(=O)CO)C[C@@H]3O[C@H]1C[C@H](N)[C@H](O)[C@H](C)O1
CHEMBL3818634,AR,8.900,,1,0,Active,exact,N#Cc1ccc(C(O)(c2ccco2)C(F)(F)F)cc1C(F)(F)F
CHEMBL330478,AR,8.850,,1,0,Active,exact,O=C1ON=C(c2ccc(F)cc2)/C1=C/c1ccc(N2CCCC2)cc1
CHEMBL197595,AR,8.340,,3,0,Active,exact,C[C@@H]1CN(c2ccc(C#N)c(C(F)(F)F)c2)[C@@H](C)CN1C(=O)Nc1ccc(C(F)(F)F)nc1
CHEMBL1288321,AR,7.570,,3,0,Active,exact,OC1(C(F)(F)F)CCCc2c1[nH]c1cc(Cl)c(Cl)cc21
CHEMBL4571680,AR,6.410,,1,0,Active,exact,CC(O)(CCc1ccc(N)cc1)C(=O)Nc1ccc([N+](=O)[O-])c(C(F)(F)F)c1
CHEMBL5972389,AR,,4.523,0,2,Inactive,censored,C[C@]12C=CC(=O)C=C1[C@@H](F)C[C@H]1[C@@H]3C[C@H]4O[C@@H](c5ccc(Cc6cccc(N)c6)cc5)O[C@@]4(C(=O)CO)[C@@]3(C)C[C@H](O)[C@@]12F
CHEMBL5208225,AR,5.590,,1,0,,exact,O=C(Cc1ccn(-c2ccc([N+](=O)[O-])c(C(F)(F)F)c2)n1)Nc1ccc(F)cn1
CHEMBL483746,AR,8.000,,1,0,Active,exact,Cc1c(/N=C2\NC[C@@H]3[C@H](O)CCN23)ccc(C#N)c1Cl
CHEMBL538137,AR,7.510,,1,0,Active,exact,C[C@@H]1C[C@H]2[C@@H]3CC[C@H]4N(C)C(=O)C=C[C@]4(C)[C@H]3CC[C@]2(C)[C@H]1O
CHEMBL2346973,AR,6.630,,1,0,Active,exact,Cn1nccc1CCOc1ccc(C2CCN(c3ccc4nnc(C(F)(F)F)n4n3)CC2)cc1
CHEMBL1901349,AR,,4.523,0,1,Inactive,censored,CC(C)(CO)[C@@H](O)C(=O)NCCC(=O)[O-].CC(C)(CO)[C@@H](O)C(=O)NCCC(=O)[O-].[Ca+2]
CHEMBL5076252,AR,,4.301,0,1,Inactive,censored,O=c1cc(C(F)(F)F)c2ccc(OCc3ccc([N+](=O)[O-])cc3)cc2o1
CHEMBL1620875,AR,,4.523,0,1,Inactive,censored,CCN(CC)CCc1nc(-c2ccccc2)no1
CHEMBL4285137,AR,5.300,,1,0,,exact,COc1ccccc1/C=C/C(=O)c1cc(F)ccc1O
CHEMBL464982,AR,,4.523,0,1,Inactive,censored,CCCCC/C=C\C/C=C\C/C=C\CCCCC(=O)O
CHEMBL5394108,AR,6.580,,1,0,Active,exact,CSc1ccc(C(=O)N2CCOCC2)cc1-c1cncnc1
CHEMBL1201349,AR,,4.523,0,1,Inactive,censored,C[N+](C)(CCCCCC[N+](C)(C)C1c2ccccc2-c2ccccc21)C1c2ccccc2-c2ccccc21
CHEMBL1800985,AR,6.160,,2,0,Active,exact,CC(C)(C(=O)Nc1nncs1)[C@H]1c2ccccc2Oc2cc(O)ccc21
CHEMBL3233072,AR,8.695,,2,0,Active,exact,C[C@](O)(COc1ccc(Br)cc1F)C(=O)N1CCc2c(C#N)cccc21
CHEMBL3682525,AR,6.760,,1,0,Active,exact,OC1(C(F)(F)F)CCc2c1[nH]c1ccc(Cl)c(Cl)c21
CHEMBL2141296,AR,,4.523,0,1,Inactive,censored,CC(C)C[C@H](NC(=O)CNC(=O)c1cc(Cl)ccc1Cl)B(O)O
CHEMBL1572,AR,,4.523,0,1,Inactive,censored,CCN[C@@H]1C[C@H](N)[C@@H](O[C@H]2OC(CN)=CC[C@H]2N)[C@H](O)[C@H]1O[C@H]1OC[C@](C)(O)[C@H](NC)[C@H]1O
CHEMBL513195,AR,7.700,,1,0,Active,exact,CCc1ccccc1Oc1ccc(C#N)c(C(F)(F)F)c1
CHEMBL361222,AR,8.280,,2,0,Active,exact,O=C1[C@@H]2C3C=CC(C3)[C@@H]2C(=O)N1c1ccc(Br)c(C(F)(F)F)c1
CHEMBL1830783,AR,5.750,,1,0,,exact,COCCN1CC(C)(C)C(Oc2ccc(C#N)c(C(F)(F)F)c2)C1=O
CHEMBL5594723,AR,6.340,,1,0,Active,exact,C[C@](O)(CN1CC2CC(C1)N2c1ccc(C#N)cc1Cl)C(=O)Nc1cnc(C#N)c(C(F)(F)F)c1
CHEMBL2441091,AR,,5.000,0,1,,censored,COc1cccc(C(=O)Nc2cnc(Oc3ccc(O)cc3)nc2)c1
CHEMBL224707,AR,6.920,,1,0,Active,exact,C[C@]12CCC(=O)C[C@@H]1CC(CCCCCCCC(=O)N1CCCCC1)[C@@H]1[C@@H]2CC[C@]2(C)[C@@H](O)CC[C@@H]12
CHEMBL3682522,AR,,6.000,0,1,,censored,CC1CC(C(F)(F)F)c2c([nH]c3cc(Cl)c(Cl)cc23)C1O
CHEMBL942,AR,,4.523,0,1,Inactive,censored,CC(=O)Oc1ccc(C(c2ccc(OC(C)=O)cc2)c2ccccn2)cc1
CHEMBL4541575,AR,5.780,,1,0,,exact,C[C@]12CC[C@H](OCc3ccncc3)CC1=CC[C@@H]1[C@@H]2CC[C@]2(C)C(n3cnc4ccccc43)=CC[C@@H]12
CHEMBL4513309,AR,4.900,,2,0,Inactive,exact,Cc1noc(C)c1CSCC(=O)N1CCN(c2ccccc2F)CC1
CHEMBL3818136,AR,7.500,,1,0,Active,exact,C=C(C)C(O)(c1ccc(C#N)c(C(F)(F)F)c1)C(F)(F)F
CHEMBL3695612,AR,7.380,,1,0,Active,exact,CC[C@]12CC[C@H]3[C@@H](CC4(CC4)C4=CC(=O)CC[C@@H]43)[C@@H]1CC[C@@]21C=CC(=O)O1
CHEMBL4092535,AR,9.270,,6,0,Active,exact,Cc1c(N2CC[C@](C)(O)[C@@H]2C)ccc(C#N)c1F
CHEMBL5393933,AR,5.770,,1,0,,exact,N#Cc1ccc(N2CCC3(CCN(C(=O)c4ccccc4)CC3)C2)cc1Cl
CHEMBL5887719,AR,6.820,,1,0,Active,exact,CC(C)(COc1ncc(Nc2ncnc3c2CCN(c2ccc(C#N)c(C(F)(F)F)c2)C3)cc1Cl)n1cnnn1
CHEMBL6164785,AR,6.200,,1,0,Active,exact,CCNC(=O)c1cccnc1Nc1cccc(C(F)(F)F)c1
CHEMBL2111101,AR,,4.523,0,1,Inactive,censored,CC(C)COc1ccc(CNC(=O)N(Cc2ccc(F)cc2)C2CCN(C)CC2)cc1
CHEMBL1084388,AR,,5.000,0,1,,censored,Fc1ccc(-n2ncc3cc(-c4ccccc4C(F)(F)F)ccc32)cc1
CHEMBL292707,AR,,4.523,0,1,Inactive,censored,CC(C)Cc1ccc(C(C)C(=O)NO)cc1
CHEMBL1163717,AR,6.310,,1,0,Active,exact,O=C(CC(Nc1ccc([N+](=O)[O-])cc1)c1ccc(F)cc1)c1cccc(Cl)c1
CHEMBL1535354,AR,,3.699,0,1,Inactive,censored,O=S(=O)(CCOc1ccccc1)c1nc2ccccc2[nH]1
CHEMBL1257453,AR,,6.000,0,1,,censored,CC(C)(CC(O)(CNc1cccc2ncccc12)C(F)(F)F)c1cc(F)ccc1O
CHEMBL4800572,AR,5.950,,1,0,,exact,C[C@@]1(Cn2cc(F)cn2)OC(=O)N(c2ccc(C#N)c(C(F)(F)F)c2)C1=O
CHEMBL1276010,AR,,4.523,0,1,Inactive,censored,C=CCCCCCCCCC(=O)O
CHEMBL1623389,AR,6.515,,4,0,Active,exact,c1ccc(-c2csc(N3CCOCC3)n2)cc1
CHEMBL1592,AR,,4.523,0,1,Inactive,censored,CCOC(=O)[C@H](CCc1ccccc1)N[C@@H](C)C(=O)N1Cc2ccccc2C[C@H]1C(=O)O
CHEMBL1201274,AR,,4.523,0,1,Inactive,censored,CC(C)NC[C@H](O)COc1ccc(CCOCC2CC2)cc1
CHEMBL3323477,AR,6.290,,2,0,Active,exact,FC(F)(F)[C@H]1CN(c2nc(-c3ccccc3)cs2)CCO1
CHEMBL5918252,AR,7.435,,2,0,Active,exact,C[C@@H](Cn1ccc(-c2ccc(C#N)c(Cl)c2)n1)NC(=O)c1cc(CCO)n[nH]1
CHEMBL46469,AR,,4.523,0,1,Inactive,censored,O=C1c2c(O)cccc2Cc2cccc(O)c21
CHEMBL567028,AR,,5.398,0,1,,censored,Cc1ccsc1[C@@](C)(O)[C@H]1CCCC2=Cc3c(-c4ccc(F)cc4)ncn3C[C@@]21C
CHEMBL2441107,AR,5.720,,3,0,,exact,COc1cccc(C(=O)Nc2ccc(Oc3ccc(O)cc3)cc2)c1
CHEMBL3819048,AR,9.800,,1,0,Active,exact,N#Cc1ccc(C(O)(C2CC2)C(F)(F)F)cc1C(F)(F)F
CHEMBL5169913,AR,,4.602,0,1,Inactive,censored,N#Cc1ccc(-n2ccc(CCCNC(=O)c3ccc(F)cc3)n2)cc1C(F)(F)F
CHEMBL404568,AR,6.960,,1,0,Active,exact,COC[C@H]1COc2cc3[nH]c(=O)cc(C(F)(F)F)c3cc2N1CC(F)(F)F
CHEMBL1738936,AR,4.880,,2,2,Inactive,exact,Cc1ccc(OCCn2c(SCCOc3ccccc3)nc3ccccc32)cc1
CHEMBL3623122,AR,8.185,,2,0,Active,exact,CN1CCN(OC(=O)N[C@@H]2C[C@]3(C)O[C@]2(C)[C@@H]2C(=O)N(c4ccc(C#N)c(C(F)(F)F)c4)C(=O)[C@@H]23)CC1
CHEMBL1431,AR,,4.523,0,1,Inactive,censored,CN(C)C(=N)NC(=N)N
CHEMBL1630575,AR,,4.523,0,1,Inactive,censored,CC[C@H](C)C[C@H](C)CCCCCCCCC(=O)N[C@H]1C[C@@H](O)[C@@H](NCCN)NC(=O)[C@@H]2[C@@H](O)CCN2C(=O)[C@H]([C@H](O)CCN)NC(=O)[C@H]([C@H](O)[C@@H](O)c2ccc(O)cc2)NC(=O)[C@@H]2C[C@@H](O)CN2C(=O)[C@H]([C@@H](C)O)NC1=O
CHEMBL1928869,AR,,5.000,0,1,,censored,O=C1COc2ccc(C3=Nn4cnnc4SC3)cc2N1
CHEMBL4852950,AR,5.020,,2,0,,exact,CCC(=O)N[C@H](C[C@H](C)C(Cl)(Cl)Cl)C(=O)N1C(=O)C=C(OC)[C@@H]1C[C@H](C)C(Cl)Cl
CHEMBL266935,AR,8.210,,1,0,Active,exact,C#C[C@]1(O)CC[C@H]2[C@@H]3CCC4=CC(=O)CCC4=C3[C@@H](c3ccc(N(C)CCNC(=O)OC4CC[C@@]5(C)[C@@H](C4)C[C@@H](O)[C@@H]4[C@@H]5C[C@H](O)[C@]5(C)[C@@H]([C@H](C)CCC(=O)O)CC[C@@H]45)cc3)C[C@@]21C
CHEMBL245771,AR,,6.000,0,1,,censored,C[C@]12CC[C@H]3[C@@H](CC=C4C[C@@H]5CC[C@@]43CC(=O)O5)[C@@H]1CC[C@@H]2O
CHEMBL5284656,AR,5.340,,1,0,,exact,Cc1cccc(COCc2c(C=O)c(O)c(O)c(C)c2-c2ccccc2)c1
CHEMBL3819640,AR,9.200,,1,0,Active,exact,N#Cc1ccc(C(O)(C2CCC2)C(F)(F)F)c(Cl)c1Cl
CHEMBL423620,AR,7.110,,1,0,Active,exact,CC1(C)CCC[C@]2(C)c3cc4c(C(F)(F)F)cc(O)nc4cc3N[C@H]12
CHEMBL1389,AR,8.040,,1,0,Active,exact,C#C[C@]1(O)CC[C@H]2[C@@H]3CCC4=CC(=O)CC[C@@H]4[C@H]3CC[C@@]21CC
CHEMBL4285568,AR,5.220,,1,0,,exact,COc1cc(/C=C/C(=O)c2cc(Cl)ccc2O)ccc1O
CHEMBL131963,AR,,6.000,0,1,,censored,Cc1c2c(cc3c(C(F)(F)F)cc(Cl)nc13)C(C)CC(C)(C)N2
CHEMBL5272305,AR,,5.301,0,1,,censored,Cc1c(O)c(O)c(C=O)c(COCc2ccccc2)c1-c1ccccc1C#N
CHEMBL6147189,AR,,4.301,0,1,Inactive,censored,Cc1oc(-c2cccc(C(F)(F)F)c2)cc1C(N)=O
CHEMBL562471,AR,7.570,,1,0,Active,exact,CN1C(=O)C=C[C@]2(C)[C@H]3CC[C@]4(C)[C@@H](O)/C(=C/c5cccc(F)c5)C[C@H]4[C@@H]3CC[C@@H]12
CHEMBL407672,AR,8.050,,1,0,Active,exact,C#C[C@]1(O)CC[C@H]2[C@@H]3CCC4=CC(=O)CCC4=C3[C@@H](c3ccc(N(C)CCOC4CC[C@@]5(C)[C@@H](C4)C[C@@H](O)[C@@H]4[C@@H]5C[C@H](O)[C@]5(C)[C@@H]([C@H](C)CCC(=O)NCCS(=O)(=O)O)CC[C@@H]45)cc3)C[C@@]21C
CHEMBL255157,AR,5.390,,1,0,,exact,O=C1[C@@H]2C3CCC(O3)[C@@H]2C(=O)N1c1cccc(C(F)(F)F)c1
CHEMBL3323471,AR,6.225,,2,0,Active,exact,FC(F)(F)c1cccc(-c2csc(N3CCOCC3)n2)c1
CHEMBL392004,AR,7.380,,1,0,Active,exact,CCCc1cc(=O)[nH]c2ccc(N(CC(F)(F)F)CC(F)(F)F)cc12
CHEMBL815,AR,,4.523,0,1,Inactive,censored,CCCCC[C@H](O)/C=C/[C@@H]1[C@@H](C/C=C\CCCC(=O)O)[C@@H](O)C[C@H]1O
CHEMBL5748065,AR,7.150,,2,0,Active,exact,CC(O)c1cc(C(=O)N[C@@H](C)Cn2ccc(-c3ccc(C#N)c(Cl)c3)n2)no1
CHEMBL3337730,AR,,5.000,0,1,,censored,CCCn1nc(C)c(-c2ccc3c(c2)NC(=O)CO3)c1-c1ccc(F)cc1
CHEMBL1098172,AR,,5.000,0,2,,censored,CC1(C)C(=O)N(c2ccc(C#N)cc2)C(=S)N1CCCS(N)(=O)=O
CHEMBL4782196,AR,,5.000,0,1,,censored,CC1NC(=O)N(c2ccc(F)c(C(F)F)c2)C1=O
CHEMBL233977,AR,6.720,,1,0,Active,exact,Cc1c(N2C[C@@H]3[C@@H](O)CCN3S2(=O)=O)ccc(C#N)c1Cl
CHEMBL264131,AR,7.050,,1,0,Active,exact,COc1cccc2c1C(=O)c1c(O)c3c(c(O)c1C2=O)C[C@@](O)(C(=O)CO)CC3OC1C[C@H](NCNC(=O)c2cc(COCC#CCN3C(=O)N(c4ccc(C#N)c(C(F)(F)F)c4)C(=O)C3(C)C)ccc2O)[C@H](O)[C@H](C)O1
CHEMBL270450,AR,6.420,,1,0,Active,exact,O=C1[C@@H]2C3CCC(O3)[C@@H]2C(=O)N1c1ccc(Cl)c(Cl)c1
CHEMBL5856542,AR,6.040,,1,0,Active,exact,CC1(C)C(=O)N(c2ccc(C#N)c(C(F)(F)F)c2)C(=O)N1c1ccc(CNC(=O)c2cccnc2)c(F)c1
CHEMBL481139,AR,7.760,,2,0,Active,exact,CCN(CC)C(=O)c1cc(N(Cc2ccccc2)c2ccc([N+](=O)[O-])cc2)cn1C
CHEMBL1200868,AR,,4.523,0,1,Inactive,censored,Nc1ccc(C(=O)Oc2ccccc2)c(O)c1
CHEMBL3132978,AR,5.520,,1,0,,exact,CC(C)C[C@H](NC(=O)[C@H](CS)NC(=O)[C@H](CC(N)=O)NC(=O)[C@H](Cc1ccccc1)NC(=O)[C@H](Cc1ccc(O)cc1)NC(=O)[C@H](CS)NC(=O)[C@H](C)N)C(=O)N[C@@H](Cc1ccccc1Cl)C(=O)N[C@@H](CCC(=O)O)C(=O)NCC(=O)N[C@@H](CC(N)=O)C(=O)N[C@@H](CC(=O)O)C(=O)N[C@@H](CCC(=O)O)C(=O)N[C@@H](CCC(=O)O)C(=O)N[C@H](C(=O)N[C@@H](CS)C(=O)N[C@@H](CCCCN)C(=O)N[C@@H](CCC(=O)O)C(=O)N[C@@H](Cc1c[nH]c2ccccc12)C(=O)N[C@@H](CS)C(=O)O)[C@@H](C)O
CHEMBL3695603,AR,5.580,,1,0,,exact,CC[C@]12CC[C@H]3[C@@H](C=CC4=CC(=O)CC[C@@H]43)[C@@H]1CC[C@@]21C=CC(=O)O1
CHEMBL462022,AR,7.410,,1,0,Active,exact,COc1cc(Sc2c(C)cc(C)cc2C)ccc1C#N
CHEMBL481746,AR,5.800,,2,0,,exact,Cn1cc(N(Cc2ccc(CO)cc2)c2ccc([N+](=O)[O-])cc2)cc1C(=O)N1CCCC1
CHEMBL4877559,AR,5.125,,2,0,,exact,CNC(=O)c1ccc2c(c1)CC1(C2)NC(=S)N(c2ccc(C#N)c(C(F)(F)F)c2)C1=O
CHEMBL3588967,AR,6.230,,1,0,Active,exact,CNC(=O)c1ccc(N2C(=S)N(c3ccc(C#N)c(C(F)(F)F)c3)C(=O)C2(COC)COC)cc1F
CHEMBL146794,AR,7.110,,1,0,Active,exact,CC1(C)C(=O)N(c2ccc(C#N)c(C(F)(F)F)c2)C(=O)N1CCOCCOCc1ccc(O)c(C(N)=O)c1
CHEMBL256977,AR,7.605,,2,0,Active,exact,CCOc1ccc2oc(=O)c3c(ccc4[nH]c(=O)cc(C)c43)c2c1OC
CHEMBL1762210,AR,6.370,,1,0,Active,exact,CCO/N=C1/c2c(cc(F)c(-c3cccc4c(C)c[nH]c34)c2F)NC(C)(C)C1O
CHEMBL575060,AR,,4.523,0,2,Inactive,censored,N[C@@H](CCC(=O)O)C(=O)O
CHEMBL1088977,AR,,4.523,0,1,Inactive,censored,C[S+](CC[C@H](N)C(=O)[O-])C[C@H]1O[C@@H](n2cnc3c(N)ncnc32)[C@H](O)[C@@H]1O
CHEMBL415,AR,,4.523,0,1,Inactive,censored,CN(C)CCCN1c2ccccc2CCc2ccc(Cl)cc21
CHEMBL290916,AR,,4.523,0,1,Inactive,censored,CC1=NN(c2ccccc2)C(=O)C1
CHEMBL487728,AR,,5.523,0,1,,censored,CC1(C)OCC(=O)Nc2ccc(-c3cc(F)cc(C#N)c3)cc21
CHEMBL6168310,AR,7.610,,1,0,Active,exact,CN1CCN(c2ccc(C(=O)NC3CC4(CCN(c5ccc(C#N)c(C(F)(F)F)c5)C4)C3)cc2)CC1
CHEMBL514646,AR,5.130,,1,0,,exact,C[C@@]1(C(=O)Nc2nccs2)CC2c3ccccc3C1c1ccccc12
CHEMBL1423,AR,,4.523,0,1,Inactive,censored,O=c1[nH]c2ccccc2n1C1CCN(CCCC(c2ccc(F)cc2)c2ccc(F)cc2)CC1
CHEMBL522038,AR,,4.523,0,1,Inactive,censored,CCOC(=O)CN[C@@H](C(=O)N1CC[C@H]1C(=O)NCc1ccc(/C(N)=N\O)cc1)C1CCCCC1
CHEMBL5081630,AR,5.430,,3,0,,exact,O=c1cc(C(F)(F)F)c2ccc(/N=C/c3ccccc3O)cc2o1
CHEMBL599870,AR,,4.523,0,1,Inactive,censored,C=CCSCC1Nc2cc(Cl)c(S(N)(=O)=O)cc2S(=O)(=O)N1
CHEMBL2386406,AR,5.920,,2,0,,exact,N#Cc1ccc(-c2cc(=O)c3c(F)cccc3o2)cc1
CHEMBL253376,AR,5.320,,1,0,,exact,CN(Cc1cc(Br)cc(Br)c1N)C1CCCCC1
CHEMBL6141575,AR,4.770,,1,0,Inactive,exact,COc1ccc(Nc2cccc(C(F)(F)F)c2)c(C(N)=O)c1
CHEMBL186467,AR,8.615,,2,0,Active,exact,CCCCCCCC[C@H]1C[C@@]2(C)C(CC[C@@H]2O)C2CCC3=CC(=O)CCC3=C21
CHEMBL5937942,AR,7.460,,2,0,Active,exact,CC[C@H](Cn1ccc(-c2ccc(C#N)c(Cl)c2)n1)NC(=O)c1cc(C(C)O)n[nH]1
CHEMBL3817985,AR,7.100,,1,0,Active,exact,Cc1c(C(O)(C#CC(C)(C)C)C(F)(F)F)ccc(C#N)c1Cl
CHEMBL6151484,AR,5.700,,1,0,,exact,FC(F)(F)c1cccc(Nc2ccccn2)c1
CHEMBL684,AR,,4.523,0,1,Inactive,censored,CCN(CC)C(=O)N1CCN(C)CC1
CHEMBL2159547,AR,6.150,,1,0,Active,exact,O=[N+]([O-])c1ccc(C2=NOC3CCCCCCC23)cc1C(F)(F)F
CHEMBL501627,AR,7.580,,1,0,Active,exact,N#Cc1ccc(C2CCCCC2O)cc1C(F)(F)F
CHEMBL235128,AR,6.950,,1,0,Active,exact,C[C@H](N(CC(F)(F)F)c1ccc2[nH]c(=O)cc(C(F)(F)F)c2c1)C(F)(F)F
CHEMBL197548,AR,5.540,,1,0,,exact,CCC(CC)(c1ccc(NCCC(C)(C)O)c(C)c1)c1ccc(OCC(=O)C(C)(C)C)c(C)c1
CHEMBL1563710,AR,5.370,,3,0,,exact,c1ccc(OCCSc2nc3ccccc3[nH]2)cc1
CHEMBL1164856,AR,6.200,,1,0,Active,exact,O=C(CC(Nc1ccc([N+](=O)[O-])cc1)c1ccc(C(F)(F)F)cc1)c1ccc(Cl)cc1
CHEMBL398435,AR,,4.523,0,1,Inactive,censored,CCCSc1nc(N[C@@H]2C[C@H]2c2ccc(F)c(F)c2)c2nnn([C@@H]3C[C@H](OCCO)[C@@H](O)[C@H]3O)c2n1
CHEMBL689,AR,,4.523,0,1,Inactive,censored,OC[C@@H](O)[C@@H](O)[C@H](O)[C@H](O)CO
CHEMBL2316550,AR,,3.699,0,1,Inactive,censored,Cc1ccc(C)c(OCCSc2nc3ccccc3n2CC(=O)O)c1
CHEMBL27577,AR,,6.000,0,1,,censored,NC(=O)c1ccccc1O
CHEMBL5071469,AR,,4.301,0,1,Inactive,censored,Oc1ccccc1/C=N/c1ccc2oc(-c3ccccc3)nc2c1
CHEMBL3337731,AR,5.250,,1,0,,exact,Cc1nn(Cc2ccccc2)c(-c2ccc(F)cc2)c1-c1ccc2c(c1)NC(=O)CO2
CHEMBL227695,AR,6.960,,1,0,Active,exact,CC(C)C[C@@H]1COc2cc3[nH]c(=O)cc(C(F)(F)F)c3cc2N1CC(F)(F)F
CHEMBL4794639,AR,7.020,,1,0,Active,exact,N#Cc1ccc(N2C(=O)C3(CCCCC3)N(c3ccc4c(c3)COC4=O)C2=S)cc1C(F)(F)F
CHEMBL5871247,AR,5.600,,2,0,,exact,C[C@](O)(CBr)C(=O)Nc1cnc(C#N)c(C(F)(F)F)c1
CHEMBL6161511,AR,,5.000,0,1,,censored,O=C(Cc1ccc(Br)cc1)Oc1ccc2c(C(F)(F)F)cc(=O)oc2c1
CHEMBL202415,AR,6.070,,1,0,Active,exact,C/C=C/[C@]12CC[C@H](O)CC1=CCC1C2CC[C@@]2(C)C1CC[C@@H]2O
CHEMBL511812,AR,,5.000,0,1,,censored,CC[C@@]12C[C@H](O)[C@](O)(c3ccccc3)C[C@H]1CCc1cc(O)ccc12
CHEMBL250110,AR,5.650,,1,0,,exact,CC1=CC2=CC[C@H]3[C@@H]4CC[C@H](O)[C@@]4(C)CC[C@@H]3[C@@]2(C)CC1
CHEMBL3589381,AR,7.740,,1,0,Active,exact,CNC(=O)c1ccc(N2C(=S)N(c3ccc(C#N)c(C(F)(F)F)c3)C(=O)[C@]23CCOC3)cc1F
CHEMBL1257221,AR,,6.000,0,1,,censored,COc1ccc(F)cc1C(C)(C)CC(O)(CNc1ccc2c(=O)onc(C)c2c1)C(F)(F)F
CHEMBL2107015,AR,,4.523,0,1,Inactive,censored,c1ccc2c(SC3=NCCN3)c[nH]c2c1
CHEMBL1830784,AR,5.610,,1,0,,exact,CSCCN1CC(C)(C)C(Oc2ccc(C#N)c(C(F)(F)F)c2)C1=O
CHEMBL1163644,AR,7.520,,1,0,Active,exact,O=C(CC(Nc1ccc([N+](=O)[O-])cc1)c1cccc(F)c1)c1ccc(F)cc1
CHEMBL1302748,AR,4.910,,2,0,Inactive,exact,COc1cc(C2Nc3cccc4cccc(c34)N2)ccc1O
CHEMBL2159567,AR,5.845,,2,0,,exact,N#Cc1ccc(C2=NOC3CCCCC23)c(C(F)(F)F)c1
CHEMBL3692356,AR,6.360,,2,0,Active,exact,CC[C@]12CC[C@H]3[C@@H]([C@H](C4CC4)CC4=CC(=O)CC[C@@H]43)[C@@H]1CC[C@@]21C=CCO1
CHEMBL1201182,AR,,4.523,0,1,Inactive,censored,CO[C@H]1C[C@@H]2CC[C@@H](C)[C@@](O)(O2)C(=O)C(=O)N2CCCC[C@H]2C(=O)O[C@H]([C@H](C)C[C@@H]2CC[C@@H](OC(=O)C(C)(CO)CO)[C@H](OC)C2)CC(=O)[C@H](C)/C=C(\C)[C@@H](O)[C@@H](OC)C(=O)[C@H](C)C[C@H](C)/C=C/C=C/C=C/1C
CHEMBL182993,AR,6.645,,4,0,Active,exact,O=C1[C@@H]2C3C=CC([C@H]4C[C@@H]34)[C@@H]2C(=O)N1c1cccc(C(F)(F)F)c1
CHEMBL1163630,AR,8.540,,1,0,Active,exact,O=C(CC(Nc1ccc([N+](=O)[O-])cc1)c1ccco1)c1ccc(Cl)cc1
CHEMBL1229,AR,,4.523,0,1,Inactive,censored,CCOC(=O)C1=C[C@@H](OC(CC)CC)[C@H](NC(C)=O)[C@@H](N)C1
CHEMBL1738889,AR,7.700,,10,0,Active,exact,C[C@](O)(COc1ccc(C#N)cc1)C(=O)Nc1ccc(C#N)c(C(F)(F)F)c1
CHEMBL519450,AR,6.310,,1,0,Active,exact,Cc1cc(C)cc(N(CC2CCCCC2)c2cc(C(=O)N3CCCC3)n(C)c2)c1
CHEMBL4226314,AR,6.720,,1,0,Active,exact,Cc1nn(-c2ccc(C#N)c(Cl)c2)c(C)c1CCc1ccc(C(=O)NCCOCCOCCOCCNC(=O)[C@H](CC(C)C)NC(=O)[C@@H](O)[C@H](N)Cc2ccccc2)cc1
CHEMBL5570781,AR,5.940,,1,0,,exact,CCOC(=O)c1ccc(NC(=O)c2cccc(S(=O)(=O)Nc3ccc4ccccc4c3)c2)s1
CHEMBL79335,AR,,5.301,0,1,,censored,C=CCC[C@H](O)[C@H]1CCCC2=Cc3c(cnn3-c3ccc(F)cc3)C[C@@]21C
CHEMBL235159,AR,7.250,,1,0,Active,exact,COc1ccc(-c2ccc(C#N)c(C(F)(F)F)c2)cc1
CHEMBL249070,AR,8.150,,1,0,Active,exact,CCC(C)N(C)c1cc(C(F)(F)F)c(C#N)cn1
CHEMBL1099086,AR,6.360,,2,1,Active,exact,CC1(C)C(=O)N(c2ccc(C#N)c(Cl)c2)C(=S)N1CCCS(N)(=O)=O
CHEMBL1209970,AR,7.640,,1,0,Active,exact,C[C@]12CN(C(=O)c3ccccc3)C[C@](C)(O1)[C@@H]1C(=O)N(c3ccc(C#N)c(C(F)(F)F)c3)C(=O)[C@@H]12
CHEMBL1527972,AR,4.870,,2,0,Inactive,exact,Oc1ccc(C2Nc3cccc4cccc(c34)N2)cc1
CHEMBL256768,AR,8.115,,2,0,Active,exact,COc1c(OC(C)C)ccc2oc(=O)c3c(ccc4[nH]c(=O)cc(C)c43)c12
CHEMBL3948211,AR,6.510,,1,0,Active,exact,[C-]#[N+]c1ccc(N2C(=O)C3(CCC3)N(c3ccc(CO)cc3)C2=S)cc1C(F)(F)F
CHEMBL914,AR,,4.523,0,1,Inactive,censored,CC(C)(C(=O)O)c1ccc(C(O)CCCN2CCC(C(O)(c3ccccc3)c3ccccc3)CC2)cc1
CHEMBL467888,AR,8.190,,3,0,Active,exact,C[C@@H]1CC[C@H]([C@@H](O)C(F)(F)F)N1c1ccc2[nH]c(=O)cc(C(F)(F)F)c2c1
CHEMBL156278,AR,7.340,,1,0,Active,exact,CC1CC(C)(C)Nc2cc3c(cc21)c(C(F)(F)F)cc(=O)n3C
CHEMBL237045,AR,9.300,,1,0,Active,exact,O=c1cc(C(F)(F)F)c2cc(N(CC(F)F)CC(F)F)ccc2[nH]1
CHEMBL5192412,AR,9.050,,1,0,Active,exact,C[C@@]1(c2ccc(O)cc2)NC(=O)N(c2ccc(C#N)c(C(F)(F)F)c2)C1=O
CHEMBL48746,AR,5.840,,1,0,,exact,C=C1C=C(C)CC(C)(C)C1Cc1cc(OC)c(Br)cc1O
CHEMBL252557,AR,,4.523,0,1,Inactive,censored,O=C(O)CO
CHEMBL1210033,AR,8.180,,1,0,Active,exact,CCCOC(=O)N1C[C@@]2(C)O[C@@](C)(C1)[C@@H]1C(=O)N(c3ccc(C#N)c(C(F)(F)F)c3)C(=O)[C@@H]12
CHEMBL4521365,AR,7.050,,2,0,Active,exact,C[C@](O)(CN1CCc2cc(F)c(F)cc21)C(=O)Nc1ccc(C#N)c(Cl)c1
CHEMBL5573730,AR,6.300,,1,0,Active,exact,C[C@](O)(CN1CCN(c2ccc(C#N)c(Cl)c2)CC1)C(=O)Nc1ccc(C#N)c(C(F)(F)F)c1
CHEMBL4561103,AR,4.960,,2,0,Inactive,exact,Cc1ccccc1N1CCCN(C(=O)CSCc2c(C)noc2C)CC1
CHEMBL227645,AR,7.770,,1,0,Active,exact,CC(C)CN1CCOc2cc3[nH]c(=O)cc(C(F)(F)F)c3cc21
CHEMBL4079377,AR,7.725,,2,0,Active,exact,Cc1cc(O)ccc1-c1ccc(C#N)n1C
CHEMBL5899165,AR,6.715,,2,0,Active,exact,O=C(NCCc1ccc(-c2ccc(Cl)c(Cl)c2)o1)c1cc(C(=O)N2CCOCC2)n[nH]1
CHEMBL3337733,AR,,5.000,0,1,,censored,Cc1nn(CCCO)c(-c2ccc(F)cc2)c1-c1ccc2c(c1)NC(=O)CO2
CHEMBL3132976,AR,5.520,,1,0,,exact,CC(C)C[C@H](NC(=O)[C@H](CS)NC(=O)[C@H](CC(N)=O)NC(=O)[C@H](Cc1ccc(Cl)cc1)NC(=O)[C@H](Cc1ccc(O)cc1)NC(=O)[C@H](CS)NC(=O)[C@H](C)N)C(=O)N[C@@H](Cc1ccccc1)C(=O)N[C@@H](CCC(=O)O)C(=O)NCC(=O)N[C@@H](CC(N)=O)C(=O)N[C@@H](CC(=O)O)C(=O)N[C@@H](CCC(=O)O)C(=O)N[C@@H](CCC(=O)O)C(=O)N[C@H](C(=O)N[C@@H](CS)C(=O)N[C@@H](CCCCN)C(=O)N[C@@H](CCC(=O)O)C(=O)N[C@@H](Cc1c[nH]c2ccccc12)C(=O)N[C@@H](CS)C(=O)O)[C@@H](C)O
CHEMBL3787517,AR,5.290,,1,0,,exact,Cc1cc(=O)oc2cc(OC(C)C(=O)c3ccccc3)ccc12
CHEMBL588934,AR,,4.523,0,1,Inactive,censored,CC[C@H]1CN2CC[C@H]1C[C@H]2[C@H](O)c1ccnc2ccc(OC)cc12
CHEMBL4876258,AR,6.960,,1,0,Active,exact,CNC(=O)c1cccc2nc(-c3c[nH]c4c(F)c(F)c(F)cc34)ccc12
CHEMBL503687,AR,6.290,,1,0,Active,exact,CC(C)CCSc1ccc(C#N)c(C(F)(F)F)c1
CHEMBL5077543,AR,5.800,,1,0,,exact,O=[N+]([O-])c1cccc(S(=O)(=O)Nc2ccc(OCc3ccccc3)cc2)c1
CHEMBL5973112,AR,6.500,,1,0,Active,exact,CC(C)(COc1ncc(Nc2ncnc3c2CCN(c2ccc(C#N)c(C(F)(F)F)c2)C3)cc1F)n1cnnn1
CHEMBL124881,AR,6.440,,1,0,Active,exact,C[C@@](O)(CS(=O)(=O)c1ccc(F)cc1)C(=O)Nc1ccc(C#N)c(C(F)(F)F)c1
CHEMBL53292,AR,,4.523,0,1,Inactive,censored,Cc1cc(NC(=O)C2=C(O)c3ccccc3S(=O)(=O)N2C)no1
CHEMBL3545185,AR,,4.523,0,1,Inactive,censored,O=C(/C=C\n1cnc(-c2cc(C(F)(F)F)cc(C(F)(F)F)c2)n1)NNc1cnccn1
CHEMBL3692348,AR,6.595,,2,0,Active,exact,CC[C@@H]1CC2=CC(=O)CC[C@@H]2[C@H]2CC[C@@]3(C)[C@@H](CC[C@@]34C=CCO4)[C@H]12
CHEMBL224047,AR,5.680,,1,0,,exact,CCCCCCNC(=O)CCCCCCCC1C[C@H]2CC(=O)CC[C@]2(C)[C@H]2CC[C@]3(C)[C@@H](O)CC[C@H]3[C@H]12
CHEMBL427502,AR,6.800,,4,0,Active,exact,Cc1cc(N2C(=O)[C@@H]3C4C=CC([C@H](O)[C@@H]4O)[C@@H]3C2=O)ccc1Br
CHEMBL3323491,AR,6.130,,2,0,Active,exact,Oc1c(-c2csc(N3CCOCC3)n2)ccc(F)c1F
CHEMBL1474103,AR,,3.699,0,1,Inactive,censored,Cc1cccc(OCCSc2nc3ccccc3n2CC(=O)N2CCOCC2)c1
CHEMBL4446471,AR,6.435,,2,0,Active,exact,C[C@](O)(Cn1ccc2ccccc21)C(=O)Nc1ccc(C#N)c(C(F)(F)F)c1
CHEMBL50534,AR,5.180,,1,0,,exact,C=C1[C@@H](Cc2cc(OC)c(Br)cc2O)C(C)(C)CC[C@@]1(C)O
CHEMBL1084632,AR,5.500,,1,0,,exact,CCCS(=O)(=O)Nc1ccc(-c2ccc3c(cnn3-c3ccc(F)cc3)c2)c(C(F)(F)F)c1
CHEMBL1232863,AR,,4.523,0,1,Inactive,censored,O=C(CO)[C@@H](O)[C@H](O)[C@H](O)CO
CHEMBL4852991,AR,6.890,,1,0,Active,exact,Fc1cc(Cl)cc2c(-c3ccc4ccccc4n3)c[nH]c12
CHEMBL310555,AR,,4.523,0,1,Inactive,censored,Oc1cccc2cccnc12
CHEMBL1163597,AR,6.960,,1,0,Active,exact,O=C(CC(Nc1ccc([N+](=O)[O-])cc1)c1cccc(F)c1)c1cccc(Cl)c1
CHEMBL5201606,AR,7.215,,4,0,Active,exact,Cc1c(C#N)c(-c2ccc(C#N)cc2)c(C)n1-c1cnc(Cl)c(CO)c1
CHEMBL5083402,AR,,4.301,0,1,Inactive,censored,CC(=O)c1ccc(COc2ccc3c(C(F)(F)F)cc(=O)oc3c2)cc1
CHEMBL5906677,AR,7.520,,1,0,Active,exact,N#Cc1ccc(N2CCc3c(ncnc3Nc3ccc(C(=O)NCC(F)(F)F)cn3)C2)cc1C(F)(F)F
CHEMBL667,AR,,4.523,0,1,Inactive,censored,CC(=O)OCC[N+](C)(C)C
CHEMBL5925743,AR,7.470,,1,0,Active,exact,CC(C)(O)C1CCN(C(=O)c2cnc(Nc3ncnc4c3CCN(c3ccc(C#N)c(C(F)(F)F)c3)C4)o2)CC1
CHEMBL4288948,AR,,5.000,0,1,,censored,COCOc1ccccc1/C=C/C(=O)c1cc(F)ccc1O
CHEMBL5186400,AR,,4.602,0,1,Inactive,censored,CC(C)(O)c1ccc(C(=O)NCc2ccn(-c3ccc(C#N)c(C(F)(F)F)c3)n2)cc1
CHEMBL1206,AR,,4.523,0,1,Inactive,censored,CCN(CC)C(C)CN1c2ccccc2Sc2ccccc21
CHEMBL6166130,AR,6.280,,1,0,Active,exact,O=C(Nc1nc(CN2CCC(O)CC2)ns1)C1=Cc2cc(Cl)ccc2OC=C1
CHEMBL1236282,AR,,4.523,0,1,Inactive,censored,CS(=O)(=O)c1ccc([C@@H](O)[C@@H](CO)NC(=O)C(Cl)Cl)cc1
CHEMBL3695613,AR,6.000,,1,0,Active,exact,C[C@]12CC[C@H]3[C@@H](C[C@@H](CO)C4=CC(=O)CC[C@@H]43)[C@@H]1CC[C@@]21C=CC(=O)O1
CHEMBL1200545,AR,6.600,,1,0,Active,exact,CC(=O)OCC(=O)[C@@]1(OC(C)=O)[C@@H](C)C[C@H]2[C@@H]3C[C@H](F)C4=CC(=O)C=C[C@]4(C)[C@@]3(F)[C@@H](O)C[C@@]21C
CHEMBL5286228,AR,,5.301,0,1,,censored,Cc1c(O)c(O)c(C=O)c(COCc2ccccc2)c1-c1cc(F)ccc1F
CHEMBL2316568,AR,4.390,,1,0,Inactive,exact,CCOC(=O)Cn1c(SCCOc2ccc(C)c(C)c2)nc2ccccc21
CHEMBL4778185,AR,5.460,,1,0,,exact,O=C1C2CCCN2C(=O)N1c1ccc(F)c(C(F)(F)F)c1
CHEMBL691,AR,7.050,,1,0,Active,exact,C#C[C@]1(O)CC[C@H]2[C@@H]3CCc4cc(O)ccc4[C@H]3CC[C@@]21C
CHEMBL2159730,AR,6.650,,1,0,Active,exact,N#Cc1ccc(C2=NO[C@@H]3CCC[C@H]23)cc1C(F)(F)F
CHEMBL246140,AR,8.100,,2,0,Active,exact,C=C[C@]12CCC(=O)C=C1CC[C@H]1[C@@H]3CC[C@H](O)[C@@]3(C)CC[C@@H]12
CHEMBL1201195,AR,,4.523,0,1,Inactive,censored,CO[C@@]1(NC(=O)CSCC#N)C(=O)N2C(C(=O)O)=C(CSc3nnnn3C)CS[C@@H]21
CHEMBL5770938,AR,6.340,,1,1,Active,exact,CC1(C)C(=O)N(c2ccc(C#N)c(C(F)(F)F)c2)C(=S)N1c1ccc(CNC(=O)c2ncccn2)cc1
CHEMBL165790,AR,,4.523,0,1,Inactive,censored,CC(C)Oc1ccc2c(=O)c(-c3ccccc3)coc2c1
CHEMBL6160930,AR,7.360,,1,0,Active,exact,N#Cc1ccc(N2CCC3(CC(NC(=O)c4ccccc4)C3)C2)cc1C(F)(F)F
CHEMBL2030817,AR,5.820,,1,0,,exact,O=C(/C=C/c1ccccc1)c1cc(Cl)ccc1O
CHEMBL5417385,AR,,4.523,0,1,Inactive,censored,COc1cc(-c2cc(C(N)=O)ccc2SC)ccc1N
CHEMBL3238291,AR,9.270,,2,0,Active,exact,C[C@](O)(COc1ccc(C#N)cc1Br)C(=O)N1CCc2c(C#N)cccc21
CHEMBL5192111,AR,6.370,,1,0,Active,exact,CC(C)C(NC(=O)c1cc2ccc(F)cc2[nH]1)c1ccco1
CHEMBL6143141,AR,6.965,,2,0,Active,exact,C[C@](O)(CN1CC2CCC(C1)N2c1ccc(C#N)cc1)C(=O)Nc1cnc(C#N)c(C(F)(F)F)c1
CHEMBL1095097,AR,4.770,,1,4,Inactive,exact,COC(=O)[C@@H]1CC2=CC(=O)CC[C@]2(C)[C@@]23O[C@@H]2C[C@@]2(C)[C@@H](CC[C@@]24CCC(=O)O4)[C@H]13
CHEMBL248878,AR,5.310,,1,0,,exact,C[C@@H](Nc1cc(C(F)(F)F)c(C#N)cn1)c1ccccc1
CHEMBL481350,AR,5.440,,1,0,,exact,CN(c1ccc([N+](=O)[O-])cc1)c1cc(C(=O)N2CCCC2)n(C)c1
CHEMBL5194098,AR,4.790,,1,0,Inactive,exact,N#Cc1ccc(-n2cc(C(F)(F)F)c(CNC(=O)c3ccc(F)cc3)n2)cc1C(F)(F)F
CHEMBL1330078,AR,5.260,,1,0,,exact,NS(=O)(=O)c1cccnc1Nc1cccc(C(F)(F)F)c1
CHEMBL5283064,AR,,5.301,0,1,,censored,COc1ccccc1COCc1c(C=O)c(O)c(O)c(C)c1-c1ccccc1
CHEMBL1165642,AR,6.380,,1,0,Active,exact,O=C(CC(Nc1ccc([N+](=O)[O-])cc1)c1cccc(F)c1)c1ccc(-c2ccccc2)cc1
CHEMBL3989728,AR,,4.523,0,1,Inactive,censored,Cc1cc(OP(=O)([O-])[O-])c2ccccc2c1OP(=O)([O-])[O-].O.O.O.O.O.O.[Na+].[Na+].[Na+].[Na+]
CHEMBL456237,AR,5.640,,1,0,,exact,Fc1ccc(-c2c3cccc(C(F)(F)F)c3nn2Cc2ccc(F)cc2Cl)cc1
CHEMBL4440641,AR,5.510,,2,0,,exact,Cc1ccccc1N1C[C@@H](C)N(C(=O)CSCc2c(C)noc2C)[C@@H](C)C1
CHEMBL5594380,AR,6.000,,1,0,Active,exact,C[C@](O)(CN1CCN(c2ccc(Br)cc2)CC1)C(=O)Nc1ccc(C#N)c(C(F)(F)F)c1
CHEMBL1957724,AR,5.920,,2,0,,exact,CC(=O)Nc1ccc(Oc2c(C)nn(-c3ccc(C#N)c(Cl)c3)c2C)nc1
CHEMBL5287172,AR,,5.301,0,1,,censored,Cc1c(O)c(O)c(C=O)c(COCc2ccccc2)c1-c1ccccc1OC(F)(F)F
CHEMBL5426257,AR,,4.523,0,1,Inactive,censored,CSc1ccc(C(N)=O)cc1-c1ccc2nccn2c1
CHEMBL3706895,AR,6.620,,1,0,Active,exact,CCCN(CC(F)(F)F)c1ccc2c(C(F)(F)F)cc(=O)[nH]c2c1
CHEMBL1782495,AR,5.700,,4,0,,exact,C[C@](O)(CS(=O)(=O)c1ccccc1Cc1ccccc1)C(=O)Nc1ccc(C#N)c(C(F)(F)F)c1
CHEMBL5078718,AR,4.940,,1,0,Inactive,exact,Cc1ccc(S(=O)(=O)Nc2ccc(OCc3ccccc3)cc2)cc1
CHEMBL5405109,AR,6.620,,1,0,Active,exact,CSc1c(F)cc(C(N)=O)cc1-c1ccc2c(cnn2C)c1
CHEMBL1088,AR,,4.523,0,1,Inactive,censored,CN1CCCCC1CCN1c2ccccc2Sc2ccc([S+](C)[O-])cc21
CHEMBL298470,AR,,4.523,0,1,Inactive,censored,COc1cc(C)c2c(Oc3cccc(C(F)(F)F)c3)c(OC)cc(NC(C)CCCN)c2n1
CHEMBL5842617,AR,6.410,,1,1,Active,exact,Cn1ccnc1C(=O)NCc1ccc(N2C(=S)N(c3ccc(C#N)c(C(F)(F)F)c3)C(=O)C2(C)C)cc1F
CHEMBL6165590,AR,6.800,,1,0,Active,exact,Cc1oc(-c2cccc(C(F)(F)F)c2)cc1C(=O)Nc1nc(CN2CCC(CO)CC2)ns1
CHEMBL6171040,AR,7.620,,1,0,Active,exact,O=c1cc(C(F)(F)F)c2ccc(NCc3ccc(F)cc3)cc2o1
CHEMBL5807618,AR,6.450,,1,0,Active,exact,CC(C)(NC(=O)c1cccs1)C(=O)Nc1ccc(C#N)c(C(F)(F)F)c1
CHEMBL4642187,AR,5.090,,1,0,,exact,CCc1ccccc1NC(=O)c1cc2cccc(O)c2oc1=N
CHEMBL399876,AR,6.910,,1,0,Active,exact,CC(c1ccccc1)N(C)c1cc(C(F)(F)F)c(C#N)cn1
CHEMBL199238,AR,5.930,,1,0,,exact,CCC(CC)(c1ccc(NCC(O)CO)c(C)c1)c1ccc(OCC(=O)C(C)(C)C)c(C)c1
CHEMBL1111,AR,,4.523,0,1,Inactive,censored,COC(c1ccccc1)(c1ccccc1)[C@H](Oc1nc(C)cc(C)n1)C(=O)O
CHEMBL1163645,AR,6.910,,1,0,Active,exact,O=C(CC(Nc1ccc([N+](=O)[O-])cc1)c1cccc(F)c1)c1cccc(Br)c1
CHEMBL1163602,AR,8.640,,1,0,Active,exact,N#Cc1ccc(C(=O)CC(Nc2ccc([N+](=O)[O-])cc2)c2ccsc2)cc1
CHEMBL1533,AR,6.920,,1,0,Active,exact,C#C[C@]1(O)CC[C@H]2[C@@H]3CCC4=CCCC[C@@H]4[C@H]3C(=C)C[C@@]21CC
CHEMBL5170285,AR,,4.602,0,1,Inactive,censored,N#Cc1ccc(-n2ccc(CNS(=O)(=O)c3ccc(F)cc3)n2)cc1C(F)(F)F
CHEMBL5926172,AR,7.000,,1,0,Active,exact,CCC(C(=O)OC)n1c(C)cc2c(C(F)(F)F)c(C#N)ccc21
CHEMBL7231,AR,7.500,,1,0,Active,exact,CCC[C@H]1Cc2cc3c(C(F)(F)F)cc(O)nc3cc2N[C@@H]1CC
CHEMBL49615,AR,7.090,,1,0,Active,exact,C[C@](O)(CBr)C(=O)Nc1ccc(N)c(C(F)(F)F)c1
CHEMBL383253,AR,6.140,,1,0,Active,exact,C/C=C\[C@]12CC[C@H](O)CC1=CCC1C2CC[C@@]2(C)C1CC[C@@H]2O
CHEMBL237682,AR,8.180,,1,0,Active,exact,O=c1cc(C(F)(F)F)c2cc(N(CCO)CC(F)(F)F)ccc2[nH]1
CHEMBL258241,AR,6.500,,2,0,Active,exact,Cc1cc(=O)[nH]c2ccc3c4cc(F)ccc4oc(=O)c3c12
CHEMBL1801012,AR,5.980,,2,0,,exact,CC(C)(C(=O)Nc1nccs1)[C@@H](c1ccccc1)c1ccc(O)cc1
CHEMBL4294994,AR,5.540,,1,0,,exact,O=C(/C=C/c1ccccc1O)c1cc(Br)cc(Br)c1O
CHEMBL3323489,AR,6.420,,2,0,Active,exact,Clc1ncn(-c2csc(N3CCOCC3)n2)c1Br
CHEMBL1085625,AR,5.300,,1,0,,exact,CCS(=O)(=O)Nc1ccc(-c2ccc3c(cnn3-c3ccc(F)cc3)c2)c(C(F)(F)F)c1
CHEMBL5427342,AR,,4.523,0,1,Inactive,censored,CSc1ccc(C(N)=O)cc1-c1cccc2c1CC(=O)N2
CHEMBL1201764,AR,,4.523,0,1,Inactive,censored,CC(C)C(=O)Oc1ccc(CO)cc1[C@H](CCN(C(C)C)C(C)C)c1ccccc1
CHEMBL229211,AR,8.660,,1,0,Active,exact,Cc1c(N2C(=O)N3CC[C@@H](O)[C@H]3[C@H]2C(F)(F)F)ccc(C#N)c1Cl
CHEMBL5408573,AR,5.915,,2,0,,exact,C[C@](O)(Cn1cnc2c(F)cccc21)C(=O)Nc1ccc(C#N)c(Cl)c1
CHEMBL284348,AR,,4.523,0,1,Inactive,censored,Nc1ccncc1
CHEMBL502,AR,,4.523,0,1,Inactive,censored,COc1cc2c(cc1OC)C(=O)C(CC1CCN(Cc3ccccc3)CC1)C2
CHEMBL4530573,AR,7.170,,1,0,Active,exact,C[C@](O)(CN1CCc2cc(Cl)c(F)cc21)C(=O)Nc1ccc(C#N)c(C(F)(F)F)c1
CHEMBL65868,AR,,5.000,0,1,,censored,COc1cccc2c1-c1ccc(NS(C)(=O)=O)cc1C(c1ccc(C)cc1)O2
CHEMBL1228,AR,,4.523,0,1,Inactive,censored,CCCCC1C(=O)N(c2ccccc2)N(c2ccc(O)cc2)C1=O
CHEMBL6171009,AR,7.130,,1,0,Active,exact,Cc1oc(-c2cccc(C(F)(F)F)c2)cc1C(=O)Nc1nc(CN2CCN(C)CC2)ns1
CHEMBL4871015,AR,6.655,,2,0,Active,exact,CNC(=O)c1cc2c(cc1F)CC1(C2)C(=O)N(c2cnc(C#N)c(C(F)(F)F)c2)C(=S)N1C1CC1
CHEMBL5169570,AR,5.930,,1,0,,exact,CC1(C)C(=O)N(c2ccc(C#N)c(C(F)(F)F)c2)C(=S)N1CCCCC(=O)NO
CHEMBL422444,AR,,6.000,0,1,,censored,CSc1ccccc1/C=C1\Oc2ccc(F)cc2-c2ccc3c(c21)C(C)=CC(C)(C)N3
CHEMBL2113261,AR,7.570,,1,0,Active,exact,CC[C@H]1c2cc3c(C(F)(F)F)cc(O)nc3cc2NC[C@H]1C
CHEMBL491493,AR,7.620,,1,0,Active,exact,COc1cc(Oc2ccccc2C)ccc1C#N
CHEMBL3930760,AR,7.750,,2,0,Active,exact,Cc1cc(C(=O)N[C@H]2CC[C@H](Oc3ccnc4c(C#N)cccc34)CC2)no1
CHEMBL5188878,AR,6.680,,1,0,Active,exact,N#Cc1ccc(-n2ccc(CC(=O)Nc3ccc(F)c(F)c3)n2)cc1C(F)(F)F
CHEMBL3962413,AR,,6.000,0,1,,censored,CC[C@@H]1C[C@](O)(C(F)(F)F)[C@@H](Nc2cccc3[nH]c(=O)ccc23)c2cc(F)c(F)c(O)c21
CHEMBL282724,AR,,4.523,0,1,Inactive,censored,Cc1cc2c(cc1CC(=O)c1sccc1S(=O)(=O)Nc1onc(C)c1Cl)OCO2
CHEMBL1543,AR,,4.523,0,1,Inactive,censored,N[C@@H](CCC(=O)N[C@@H](CS)C(=O)NCC(=O)O)C(=O)O
CHEMBL245575,AR,5.950,,1,0,,exact,C[C@]12CC[C@H]3[C@@H](CC=C4[C@H]5CC[C@]43CC[C@H]5O)[C@@H]1CC[C@@H]2O
CHEMBL1830941,AR,7.320,,1,0,Active,exact,CC1(C)CN(Cc2cccc(F)c2)C(=O)C1Oc1ccc(C#N)c(C(F)(F)F)c1
CHEMBL566823,AR,,5.398,0,1,,censored,C[C@]12Cn3cnc(-c4ccc(F)cc4)c3C=C1CCC[C@@H]2[C@](C)(O)c1ccncc1
CHEMBL4754074,AR,5.010,,1,0,,exact,N#Cc1ccc(N2C(=O)C3CNc4cc(Br)ccc4N3C2=S)cc1C(F)(F)F
CHEMBL776,AR,,4.523,0,1,Inactive,censored,CC(C)NCC(O)c1cc(O)cc(O)c1
CHEMBL462234,AR,5.870,,1,0,,exact,Cc1cc(C)c(Sc2ccc(C#N)c(C(F)(F)F)c2)c(C)c1
CHEMBL55,AR,,4.523,0,1,Inactive,censored,N=C(N)c1ccc(OCCCCCOc2ccc(C(=N)N)cc2)cc1
CHEMBL398456,AR,6.250,,1,0,Active,exact,C=C[C@]12CCC(C)=CC1=CC[C@H]1[C@@H]3CC[C@H](O)[C@@]3(C)CC[C@@H]12
CHEMBL3818620,AR,8.400,,1,0,Active,exact,CC(C)C(O)(c1ccc(C#N)c(Cl)c1)C(F)(F)F
CHEMBL516241,AR,,5.000,0,1,,censored,COc1ccccc1CNC(=O)c1cc(C(F)(F)F)nn1-c1cccc(CNC(=O)[C@H](C)N)c1
CHEMBL4750351,AR,5.460,,1,0,,exact,N#Cc1ccc(N2C(=O)C3CCc4cc(-c5ccccc5)ccc4N3C2=S)cc1C(F)(F)F
CHEMBL2159561,AR,7.360,,1,0,Active,exact,N#Cc1ccc(C2=NOC3CCCCCC23)cc1C(F)(F)F
CHEMBL5193131,AR,,5.000,0,1,,censored,CC1(C)C(=O)N(c2ccc(C#N)c(C(F)(F)F)c2)C(=S)N1c1ccc(C(=O)Nc2cc(-c3cccs3)ccc2N)cn1
CHEMBL5410494,AR,6.100,,1,1,Active,exact,C[C@](O)(Cn1nc(Cl)c2cc(F)ccc21)C(=O)Nc1ccc(C#N)c(Cl)c1
CHEMBL376488,AR,,4.523,0,1,Inactive,censored,COc1nc2ccc(Br)cc2cc1[C@@H](c1ccccc1)[C@@](O)(CCN(C)C)c1cccc2ccccc12
CHEMBL243252,AR,7.160,,1,0,Active,exact,C[C@@H]1CC[C@H](CO)N1c1ccc2[nH]c(=O)cc(C(F)(F)F)c2c1
CHEMBL2316556,AR,,3.699,0,1,Inactive,censored,c1ccc(OCCNc2nc3ccccc3[nH]2)cc1
CHEMBL5428152,AR,,4.523,0,1,Inactive,censored,CSc1ccc(C(N)=O)cc1-c1ccncc1
CHEMBL5787682,AR,6.250,,1,0,Active,exact,C[C@@H](NC(=O)c1ccc(Nc2ncnc3c2CCN(c2ccc(C#N)c(C(F)(F)F)c2)C3)nc1)c1nnco1
CHEMBL1165483,AR,7.430,,1,0,Active,exact,COc1ccc(C(=O)CC(Nc2ccc([N+](=O)[O-])cc2)C2CCCCC2)cc1
CHEMBL4868944,AR,6.640,,1,0,Active,exact,CNC(=O)c1cccc2nc(-c3c[nH]c4c(C)cccc34)ccc12
CHEMBL367364,AR,6.500,,5,0,Active,exact,O=C1[C@@H]2C3CCC(C3)[C@@H]2C(=O)N1c1cccc(C(F)(F)F)c1
CHEMBL27812,AR,8.100,,1,0,Active,exact,Oc1cc(C(F)(F)F)c2cc3c(cc2n1)NC[C@@H]1CCC[C@H]31
CHEMBL1483877,AR,,4.523,0,1,Inactive,censored,CCOc1ccccc1C(N)=O
CHEMBL267260,AR,8.150,,1,0,Active,exact,Oc1cc(C(F)(F)F)c2cc(N(CC3CC3)CC(F)(F)F)ccc2n1
CHEMBL5432213,AR,6.275,,2,0,Active,exact,C[C@](O)(Cn1cc(Cl)c2cc(F)ccc21)C(=O)Nc1ccc(C#N)c(C(F)(F)F)c1
CHEMBL4875270,AR,5.730,,3,0,,exact,C[C@](O)(Cn1ccnc1)C(=O)Nc1ccc(C#N)c(Cl)c1
CHEMBL271261,AR,7.570,,1,0,Active,exact,CC12CCC(C)(O1)[C@H]1C(=O)N(c3c(N)ccc4nccn34)C(=O)[C@H]12
CHEMBL5074385,AR,,4.301,0,1,Inactive,censored,C[C@H](Oc1cc(Cl)ccc1Cl)C(=O)Nc1ccc2c(C(F)(F)F)cc(=O)oc2c1
CHEMBL18,AR,,4.523,0,1,Inactive,censored,CCOc1ccc2nc(S(N)(=O)=O)sc2c1
CHEMBL253744,AR,6.600,,1,0,Active,exact,COc1cccc2c1-c1ccc3[nH]c(=O)cc(C)c3c1C(C)O2
CHEMBL234394,AR,7.440,,1,0,Active,exact,COC(=O)[C@@H]1[C@H](O)CCN1S(=O)(=O)c1ccc(C#N)c(Cl)c1C
CHEMBL3589383,AR,7.920,,1,0,Active,exact,COC(=O)c1ccc(N2C(=S)N(c3ccc(C#N)c(C(F)(F)F)c3)C(=O)[C@]23CCOC3)cc1F
CHEMBL572212,AR,,5.398,0,1,,censored,C[C@]12Cn3cnc(-c4ccc(F)cc4)c3C=C1CCC[C@@H]2[C@](C)(O)C1CCCCC1
CHEMBL1290633,AR,7.470,,2,0,Active,exact,OC1(C(F)(F)C(F)(F)F)CCCc2c1[nH]c1cc(Cl)c(Cl)cc21
CHEMBL5091707,AR,,4.301,0,1,Inactive,censored,O=c1cc(C(F)(F)F)c2ccc(OCc3ccccn3)cc2o1
CHEMBL4104046,AR,7.725,,2,0,Active,exact,Cn1c(C#N)ccc1-c1c(F)cc(O)cc1C#N
CHEMBL1830780,AR,6.350,,1,0,Active,exact,CCC(CC)CN1CC(C)(C)C(Oc2ccc(C#N)c(C(F)(F)F)c2)C1=O
CHEMBL50241,AR,8.960,,1,0,Active,exact,C=C1CC[C@H](O)C/C1=C/C=C1\CCCC2(C)C1CCC2C(C)/C=C/C(C)C(C)C
CHEMBL374781,AR,8.460,,1,0,Active,exact,O=C1C2C(O)CCN2C(=O)N1c1ccc([N+](=O)[O-])c2ccccc12
CHEMBL6151976,AR,6.630,,1,0,Active,exact,C[C@](O)(CN1CC2CCC(C1)N2c1ccc(C#N)cc1)C(=O)Nc1cnc(C#N)c(Cl)c1
CHEMBL157407,AR,7.110,,1,0,Active,exact,Cn1c(=O)cc(C(F)(F)F)c2cc3c(cc21)N1CCCC1(C)CC3
CHEMBL1213583,AR,8.520,,1,0,Active,exact,C#C[C@]1(O)C=C[C@H]2[C@@H]3CCC4=CC(=O)CC[C@@H]4[C@H]3CC[C@@]21CC
CHEMBL1257343,AR,,6.000,0,1,,censored,COc1ccc(F)cc1C(C)(C)CC(O)(CNc1cccc2ncccc12)C(F)(F)F
CHEMBL404520,AR,,4.523,0,1,Inactive,censored,CN(C)[C@@H]1C(O)=C(C(N)=O)C(=O)[C@@]2(O)C(O)=C3C(=O)c4c(O)ccc(Cl)c4[C@@](C)(O)[C@H]3C[C@@H]12
CHEMBL1201046,AR,,4.523,0,1,Inactive,censored,NCc1ccccc1CC(=O)N[C@@H]1C(=O)N2C(C(=O)O)=C(CSc3nnnn3CC(=O)O)CS[C@H]12
CHEMBL519112,AR,7.820,,2,0,Active,exact,Cn1cc(N(Cc2ccccc2)c2ccc([N+](=O)[O-])cc2)cc1C(=O)O
CHEMBL5572524,AR,5.750,,1,0,,exact,C[C@](O)(CN1CCN(c2ccc(F)cc2)CC1)C(=O)Nc1ccc(C#N)c(C(F)(F)F)c1
CHEMBL349229,AR,7.770,,1,0,Active,exact,C[C@@H]1CNc2cc3nc(O)cc(C(F)(F)F)c3cc21
CHEMBL5196306,AR,6.520,,1,0,Active,exact,N#Cc1ccc(C(=O)NCc2ccn(-c3ccc(C#N)c(C(F)(F)F)c3)n2)cc1
CHEMBL3318060,AR,5.365,,2,0,,exact,CN(Cc1cccs1)C(=O)c1cc2ccc(F)cc2[nH]1
CHEMBL3912767,AR,6.600,,1,0,Active,exact,CC1(C)C(=O)N(c2ccc(C#N)c(C(F)(F)F)c2)C(=S)N1c1ccc(C(=O)NCCCCCCn2cccc(O)c2=O)c(F)c1
CHEMBL1676,AR,6.890,,1,0,Active,exact,C[C@@H]1C[C@H]2[C@@H]3C[C@H](F)C4=CC(=O)C=C[C@]4(C)[C@@]3(F)[C@@H](O)C[C@]2(C)[C@@]1(OC(=O)c1ccco1)C(=O)SCF
CHEMBL96783,AR,,4.523,0,1,Inactive,censored,OC[C@@H](O)[C@H](O)[C@@H](O)CO
CHEMBL524004,AR,,4.523,0,1,Inactive,censored,C[N+]1(C)CCCC(OC(=O)C(O)(c2ccccc2)c2ccccc2)C1
CHEMBL3958249,AR,6.900,,1,0,Active,exact,[C-]#[N+]c1ccc(N2C(=O)C(C)(C)N(c3ccc(C)cc3)C2=S)cc1C(F)(F)F
CHEMBL430855,AR,5.670,,1,0,,exact,CC1=CC(C)(C)Nc2ccc3c(c21)C(c1cccc(Br)c1)Oc1ccccc1-3
CHEMBL5291275,AR,,5.301,0,1,,censored,Cc1c(O)c(O)c(C=O)c2c1[C@@H](c1ccc(C(=O)O[C@H]3CC[C@@]4(C)C(=CC[C@H]5[C@@H]6CC[C@H]([C@H](C)CCCC(C)C)[C@@]6(C)CC[C@@H]54)C3)cc1)CC2
CHEMBL391940,AR,6.940,,1,0,Active,exact,O=c1cc(C(F)(F)F)c2cc(N(CCC(F)(F)F)CC(F)(F)F)ccc2[nH]1
CHEMBL467,AR,,4.523,0,1,Inactive,censored,NC(=O)NO
CHEMBL2316570,AR,4.260,,1,0,Inactive,exact,CCOC(=O)Cn1c(SCCOc2cccc(CC)c2)nc2ccccc21
CHEMBL5078938,AR,4.600,,1,0,Inactive,exact,O=c1cc(C(F)(F)F)c2ccc(OCc3ccc(OC(F)(F)F)cc3)cc2o1
CHEMBL4071215,AR,7.920,,1,0,Active,exact,CC(=O)[C@@]1(O)CC[C@H]2[C@@H]3C=C(C)C4=CC(=O)CC[C@]4(C)[C@H]3CC[C@@]21C
CHEMBL6174040,AR,6.330,,1,0,Active,exact,Cc1oc(-c2cccc(C(F)(F)F)c2)cc1C(=O)Nc1nc(CN2CCC(O)C2)ns1
CHEMBL1084072,AR,,5.000,0,1,,censored,CCOc1cccc(-c2ccc3c(cnn3-c3ccc(F)cc3)c2)c1
CHEMBL5186356,AR,7.140,,3,0,Active,exact,CCCCc1ccc(OC(=O)N2C[C@@H]3C[C@H]2[C@@H]2C(=O)N(c4ccc([N+](=O)[O-])c5ccccc45)C(=O)N32)cc1
CHEMBL484785,AR,,4.523,0,1,Inactive,censored,N#Cc1ccc(Oc2ccc3c(c2)COB3O)cc1
CHEMBL293452,AR,,5.000,0,1,,censored,COc1cccc2c1-c1ccc(NS(C)(=O)=O)cc1C(c1cc(C)cc(C)c1)O2
CHEMBL746,AR,,4.523,0,1,Inactive,censored,CCCc1c2oc(C(=O)O)cc(=O)c2cc2c(=O)cc(C(=O)O)n(CC)c12
CHEMBL3133001,AR,5.520,,1,0,,exact,CC(C)C[C@H](NC(=O)[C@H](CS)NC(=O)[C@H](C)N)C(=O)N[C@@H](Cc1ccccc1)C(=O)N[C@@H](CC(N)=O)C(=O)N[C@@H](CS)C(=O)N[C@@H](CC(C)C)C(=O)N[C@@H](Cc1ccccc1)C(=O)N[C@@H](CCC(=O)O)C(=O)NCC(=O)N[C@@H](CC(N)=O)C(=O)N[C@@H](CC(=O)O)C(=O)N[C@@H](CCC(=O)O)C(=O)N[C@@H](CCC(=O)O)C(=O)N[C@H](C(=O)N[C@@H](CS)C(=O)N[C@@H](CCCCN)C(=O)N[C@@H](CCC(=O)O)C(=O)N[C@@H](Cc1c[nH]c2ccccc12)C(=O)N[C@@H](CS)C(=O)O)[C@@H](C)O
CHEMBL85,AR,,4.523,0,1,Inactive,censored,Cc1nc2n(c(=O)c1CCN1CCC(c3noc4cc(F)ccc34)CC1)CCCC2
CHEMBL5395016,AR,6.040,,2,0,Active,exact,C[C@](O)(Cn1c2ccc(F)cc2c2cc(F)ccc21)C(=O)Nc1ccc(C#N)c(C(F)(F)F)c1
CHEMBL1401,AR,,4.523,0,1,Inactive,censored,CC(=O)Oc1ccccc1C(=O)Nc1ncc([N+](=O)[O-])s1
CHEMBL1957721,AR,6.190,,2,0,Active,exact,Cc1nn(-c2ccc(C#N)c(Cl)c2)c(C)c1Cc1ccc(C(=O)N(C)C)cc1
CHEMBL43184,AR,,4.523,0,1,Inactive,censored,Nc1c2ccccc2nc2ccccc12
CHEMBL5868354,AR,,4.523,0,1,Inactive,censored,C[C@@H](Nc1ccc([C@@H]2O[C@@H]3C[C@H]4[C@@H]5CCC6=CC(=O)C=C[C@]6(C)[C@@]5(F)[C@@H](O)C[C@]4(C)[C@]3(C(=O)CO)O2)cn1)c1ccc(N)cc1
CHEMBL267431,AR,8.210,,1,0,Active,exact,COC[C@]1(OC)CC[C@H]2[C@@H]3CCC4=CC(=O)CCC4=C3[C@@H](c3ccc(/C=N/O)cc3)C[C@@]21C
CHEMBL1076347,AR,,4.523,0,1,Inactive,censored,O=C(Nc1ccc(Cl)cc1)Nc1ccc(Cl)c(Cl)c1
CHEMBL122,AR,,4.523,0,1,Inactive,censored,CS(=O)(=O)c1ccc(C2=C(c3ccccc3)C(=O)OC2)cc1
CHEMBL1242,AR,,4.523,0,1,Inactive,censored,Nc1ccc(/N=N/c2ccccc2)c(N)n1
CHEMBL5077404,AR,5.380,,1,0,,exact,O=[N+]([O-])c1ccccc1S(=O)(=O)Nc1ccc(OCc2ccccc2)cc1
CHEMBL5286695,AR,5.460,,1,0,,exact,Cc1c(O)c(O)c(C=O)c(COCc2ccccc2)c1-c1ccc(Br)cc1
CHEMBL5091168,AR,5.030,,1,0,,exact,CC(C)c1ccc(COc2ccc3c(C(F)(F)F)cc(=O)oc3c2)cc1
CHEMBL132635,AR,,6.000,0,1,,censored,CC1(C)CCc2cc3c(C(F)(F)F)cc(S(C)(=O)=O)nc3cc2N1
CHEMBL245807,AR,,4.523,0,1,Inactive,censored,O=C1Nc2ccccc2C1(c1ccc(O)cc1)c1ccc(O)cc1
CHEMBL469602,AR,6.700,,1,0,Active,exact,CCCc1ccccc1Oc1ccc(C#N)c(C(F)(F)F)c1
CHEMBL5091684,AR,,4.301,0,1,Inactive,censored,NC(=O)c1ccc(COc2ccc3c(C(F)(F)F)cc(=O)oc3c2)cc1
CHEMBL4227353,AR,,5.000,0,1,,censored,Cc1nn(-c2ccc(C#N)cc2Cl)c(C)c1Cc1ccc(C(=O)NCCOCCOCCOCCNC(=O)[C@H](CC(C)C)NC(=O)[C@@H](O)[C@H](N)Cc2ccccc2)cc1
CHEMBL5997238,AR,6.240,,1,0,Active,exact,CC1(C)C(=O)N(c2cnc(C#N)c(C(F)(F)F)c2)C(=S)N1c1ccc(CNC(=O)c2cncs2)c(Cl)c1
CHEMBL2106351,AR,,4.523,0,1,Inactive,censored,CCOC(=O)Oc1ccc(CCNC(=O)[C@H](CCSC)NC(C)=O)cc1OC(=O)OCC
CHEMBL7058,AR,7.820,,1,0,Active,exact,C[C@@H]1Cc2cc3c(C(F)(F)F)cc(O)nc3cc2N[C@@H]1C
CHEMBL3622581,AR,6.000,,1,0,Active,exact,O=C(Nc1ccccc1Cc1n[nH]c(=O)c2ccccc12)C(F)(F)F
CHEMBL5409469,AR,6.920,,1,0,Active,exact,CSc1ccc(C(N)=O)cc1-c1ccc(F)c(O)c1
CHEMBL391439,AR,6.230,,1,0,Active,exact,C[C@](c1ccc(F)cc1)(c1c[nH]c2c(NS(C)(=O)=O)cccc12)C1CC1
CHEMBL14060,AR,,4.523,0,1,Inactive,censored,Oc1ccccc1
CHEMBL266282,AR,5.910,,1,0,,exact,C=CCC1Oc2cccc(OC)c2-c2ccc3c(c21)C(C)=CC(C)(C)N3
CHEMBL484728,AR,9.520,,1,0,Active,exact,Cc1c(/N=C2\O[C@@H](C(F)(F)F)[C@@H]3[C@H](O)CCN23)ccc(C#N)c1Cl
CHEMBL5958185,AR,7.060,,1,0,Active,exact,Cc1ccc(C(=O)NC(C)(C)C(=O)Nc2ccc(C#N)c(C(F)(F)F)c2)s1
CHEMBL3764185,AR,8.995,,2,0,Active,exact,Cc1c(N[C@@H]2CCC[C@@]2(C)O)ccc(C#N)c1Cl
CHEMBL3935242,AR,7.635,,2,0,Active,exact,C[C@@]12[C@@H]3CC[C@@H](C3=O)[C@@H]1CN(c1ccc(C#N)c(C(F)(F)F)c1)S2(=O)=O
CHEMBL6172340,AR,7.380,,1,0,Active,exact,O=c1cc(C(F)(F)F)c2ccc(NCc3ccc(Br)cc3)cc2o1
CHEMBL1397,AR,,4.523,0,1,Inactive,censored,CC[C@@H]([C@H](C)O)n1ncn(-c2ccc(N3CCN(c4ccc(OC[C@@H]5CO[C@@](Cn6cncn6)(c6ccc(F)cc6F)C5)cc4)CC3)cc2)c1=O
CHEMBL3623124,AR,8.500,,2,0,Active,exact,C[C@]12O[C@@](C)(C[C@H]1NS(=O)(=O)c1ccccc1)[C@H]1C(=O)N(c3ccc(C#N)c(C(F)(F)F)c3)C(=O)[C@H]12
CHEMBL852,AR,,4.523,0,1,Inactive,censored,N[C@@H](Cc1ccc(N(CCCl)CCCl)cc1)C(=O)O
CHEMBL5411468,AR,5.860,,1,0,,exact,Cc1cn(C2=CCC3C4CC=C5C[C@@H](NC(=O)c6ccc(S(C)(=O)=O)cc6)CC[C@]5(C)C4CC[C@]23C)cn1
CHEMBL5565870,AR,5.940,,1,0,,exact,C[C@](O)(CN1CC2CC(C1)N2c1cnc(C#N)nc1)C(=O)Nc1ccc(C#N)c(C(F)(F)F)c1
CHEMBL3931647,AR,6.200,,1,0,Active,exact,[C-]#[N+]c1ccc(N2C(=O)C3(CCN(C)CC3)N(c3ccc(C)cc3)C2=S)cc1C(F)(F)F
CHEMBL5404028,AR,5.490,,1,0,,exact,CCc1cn(C2=CCC3C4CC=C5C[C@@H](NC(=O)c6ccncc6)CC[C@]5(C)C4CC[C@]23C)cn1
CHEMBL189600,AR,6.920,,1,0,Active,exact,N#Cc1ccc(N2C(=O)[C@H]3[C@@H]4C[C@@H](CN4C(=O)c4ccccc4)N3C2=O)cc1C(F)(F)F
CHEMBL3904554,AR,7.030,,2,0,Active,exact,O=C(N[C@H]1CC[C@H](Oc2ccnc3c(Br)cccc23)CC1)c1cccc(F)c1
CHEMBL1928877,AR,7.020,,1,0,Active,exact,O=C1COc2ccc(C3=Nn4ccnc4SC3c3ccccc3)cc2N1
CHEMBL103092,AR,5.800,,1,0,,exact,CC1=CC(C)(C)Nc2ccc3c(c21)C(c1ccc(C)c(F)c1)Oc1ccccc1-3
CHEMBL392827,AR,6.700,,1,0,Active,exact,Cc1ccc(-c2ccc(C#N)c(C(F)(F)F)c2)cc1
CHEMBL1164752,AR,7.460,,1,0,Active,exact,O=C(CC(Nc1ccc([N+](=O)[O-])cc1)C1CCCCC1)c1ccc(Br)cc1
CHEMBL4079171,AR,4.880,,1,0,Inactive,exact,O=C1c2ccccc2C(=O)N1c1nc(-c2ccc([N+](=O)[O-])cc2)cs1
CHEMBL260538,AR,7.520,,1,0,Active,exact,CC(=O)O[C@]1(C(C)=O)CC[C@H]2[C@@H]3CCC4=CC(=O)CCC4=C3[C@@H](c3ccc(N(C)C)cc3)C[C@@]21C
CHEMBL1201291,AR,,4.523,0,1,Inactive,censored,CNC(=O)c1c(I)c(C(=O)NCC(=O)Nc2c(I)c(C(=O)O)c(I)c(C(=O)NCCO)c2I)c(I)c(N(C)C(C)=O)c1I
CHEMBL5409426,AR,5.580,,1,0,,exact,Cc1cn(C2=CCC3C4CC=C5C[C@@H](NC(=O)c6ccc([N+](=O)[O-])cc6)CC[C@]5(C)C4CC[C@]23C)cn1
CHEMBL1870796,AR,,4.523,0,1,Inactive,censored,CC(C)(C)C(=O)NCCCC(=O)O
CHEMBL5267283,AR,5.310,,1,0,,exact,Cc1c(O)c(O)c(C=O)c(COCc2ccccc2)c1-c1ccc(Cl)cc1
CHEMBL415690,AR,,4.523,0,1,Inactive,censored,OC[C@H]1O[C@@H]2O[C@H]3[C@H](O)[C@@H](O)[C@@H](O[C@H]4[C@H](O)[C@@H](O)[C@@H](O[C@H]5[C@H](O)[C@@H](O)[C@@H](O[C@H]6[C@H](O)[C@@H](O)[C@@H](O[C@H]7[C@H](O)[C@@H](O)[C@@H](O[C@H]8[C@H](O)[C@@H](O)[C@@H](O[C@H]1[C@H](O)[C@H]2O)O[C@@H]8CO)O[C@@H]7CO)O[C@@H]6CO)O[C@@H]5CO)O[C@@H]4CO)O[C@@H]3CO
CHEMBL335316,AR,7.660,,1,0,Active,exact,CC1(C)CCc2cc3c(C(F)(F)F)cc(C#N)nc3cc2N1
CHEMBL1830954,AR,7.080,,1,0,Active,exact,CC1(C)CN(Cc2noc(-c3ccccc3)n2)C(=O)C1Oc1ccc(C#N)c(C(F)(F)F)c1
CHEMBL473,AR,,4.523,0,1,Inactive,censored,CN(CCOc1ccc(NS(C)(=O)=O)cc1)CCc1ccc(NS(C)(=O)=O)cc1
CHEMBL5094403,AR,,4.301,0,1,Inactive,censored,O=c1cc(C(F)(F)F)c2ccc(OCc3ccc4ccccc4c3)cc2o1
CHEMBL3974665,AR,6.460,,1,0,Active,exact,CC1(C)C(=O)N(c2ccc(C#N)c(C(F)(F)F)c2)C(=S)N1c1ccc(C(=O)NCCCNS(N)(=O)=O)c(F)c1
CHEMBL1085109,AR,,5.000,0,1,,censored,Cc1ccc(-c2ccc3c(cnn3-c3ccc(F)cc3)c2)cc1
CHEMBL2403350,AR,5.090,,1,0,,exact,CCCC[Si](CCCC)(c1ccc(O)c(C)c1)c1ccc(O)c(C)c1
CHEMBL99046,AR,5.580,,1,1,,exact,COc1cccc2c1-c1ccc3c(c1C(c1ccccc1)O2)C(C)=CC(C)(C)N3
CHEMBL3132974,AR,5.400,,1,0,,exact,CC(C)C[C@H](NC(=O)[C@H](CS)NC(=O)[C@H](Cc1ccccc1)NC(=O)[C@H](Cc1ccccc1)NC(=O)[C@H](Cc1ccc(O)cc1)NC(=O)[C@H](CS)NC(=O)[C@H](C)N)C(=O)N[C@@H](Cc1ccccc1)C(=O)N[C@@H](CCC(=O)O)C(=O)NCC(=O)N[C@@H](CC(N)=O)C(=O)N[C@@H](CC(=O)O)C(=O)N[C@@H](CCC(=O)O)C(=O)N[C@@H](CCC(=O)O)C(=O)N[C@H](C(=O)N[C@@H](CS)C(=O)N[C@@H](CCCCN)C(=O)N[C@@H](CCC(=O)O)C(=O)N[C@@H](Cc1c[nH]c2ccccc12)C(=O)N[C@@H](CS)C(=O)O)[C@@H](C)O
CHEMBL3966165,AR,7.110,,1,0,Active,exact,CC1(C)C(=O)N(c2ccc(C#N)c(C(F)(F)F)c2)C(=S)N1c1ccc(C(=O)NCCOCCC(=O)NO)c(F)c1
CHEMBL1262,AR,6.770,,1,0,Active,exact,Clc1ccc(CO/N=C(\Cn2ccnc2)c2ccc(Cl)cc2Cl)c(Cl)c1
CHEMBL4297185,AR,6.870,,16,0,Active,exact,CC(O)c1cc(C(=O)N[C@@H](C)Cn2ccc(-c3ccc(C#N)c(Cl)c3)n2)n[nH]1
CHEMBL65695,AR,,5.000,0,1,,censored,COc1cccc2c1-c1ccc(NS(C)(=O)=O)cc1C(c1cccc(Cl)c1)O2
CHEMBL517712,AR,,4.523,0,1,Inactive,censored,CN1[C@@H]2CC[C@H]1C[C@@H](OC(=O)C(CO)c1ccccc1)C2
CHEMBL336736,AR,6.090,,1,1,Active,exact,CC1=CC(C)(C)Nc2ccc3c(c21)/C(=C/c1ccccc1C)Oc1ccc(F)cc1-3
CHEMBL4525964,AR,,4.523,0,1,Inactive,censored,CC[C@@H]1C[C@]1(NC(=O)[C@@H]1C[C@@H]2CN1C(=O)[C@H](C(C)(C)C)NC(=O)OCC(C)(C)CCCCc1cccc3c1CN(C3)C(=O)O2)C(=O)NS(=O)(=O)C1CC1
CHEMBL717,AR,8.540,,8,0,Active,exact,CC(=O)O[C@]1(C(C)=O)CC[C@H]2[C@@H]3C[C@H](C)C4=CC(=O)CC[C@]4(C)[C@H]3CC[C@@]21C
CHEMBL380876,AR,5.850,,1,0,,exact,CO/C=C\[C@]12CC[C@H](O)CC1=CCC1C2CC[C@@]2(C)C1CC[C@@H]2O
CHEMBL4475563,AR,6.630,,2,0,Active,exact,C[C@](O)(Cn1ccc2c(F)cc(-c3ccc(F)cc3)cc21)C(=O)Nc1ccc(C#N)c(C(F)(F)F)c1
CHEMBL1557301,AR,6.820,,1,0,Active,exact,CC(=O)Cc1nsc(NC(=O)c2cc(-c3cccc(C(F)(F)F)c3)oc2C)n1
CHEMBL1098171,AR,,5.000,0,3,,censored,CC1(C)C(=O)N(c2ccc(C#N)c(C(F)(F)F)c2)C(=S)N1CCCCS(N)(=O)=O
CHEMBL1672543,AR,,5.396,0,1,,censored,Cn1cc(-c2ccc(C#N)cc2)c2ccc(NS(C)(=O)=O)cc21
CHEMBL5175077,AR,7.100,,1,0,Active,exact,N#Cc1ccc(-n2ccc(CC(=O)Nc3ccc([N+](=O)[O-])cc3)n2)cc1C(F)(F)F
CHEMBL3920247,AR,7.745,,2,0,Active,exact,C[C@@]12[C@@H](CN(c3ccc(C#N)c(C(F)(F)F)c3)S1(=O)=O)[C@H]1C[C@H](O)[C@@H]2C1
CHEMBL4083012,AR,7.850,,1,1,Active,exact,N#CC[C@H]1[C@@H](O)CC(=O)N1c1ccc(C#N)c(Cl)c1
CHEMBL345342,AR,7.410,,1,0,Active,exact,CC1=CC(C)(C)N(C)c2cc3c(cc21)c(C(F)(F)F)cc(=O)n3C
CHEMBL4084182,AR,4.900,,1,0,Inactive,exact,N=C(NCCCOc1ccc(F)cc1)Nc1ccc(Cl)cc1
CHEMBL4284351,AR,5.400,,1,0,,exact,CCCOc1ccccc1/C=C/C(=O)c1cc(Br)ccc1O
CHEMBL5404749,AR,,4.523,0,1,Inactive,censored,Cn1ncc2cc(-c3cc(C(N)=O)ccc3OC(F)(F)F)ccc21
CHEMBL5565943,AR,6.670,,1,0,Active,exact,C[C@](O)(CN1CC2CC(C1)N2c1ccc(C#N)cc1F)C(=O)Nc1cnc(C#N)c(Cl)c1
CHEMBL1291,AR,,4.523,0,1,Inactive,censored,CC(=O)Oc1c(C)cc(OCC(O)CNC(C)C)c(C)c1C
CHEMBL1615777,AR,,4.523,0,1,Inactive,censored,N=C(N)NCc1cccc([123I])c1
CHEMBL761,AR,,4.523,0,1,Inactive,censored,c1ccc2c(CC3=NCCN3)cccc2c1
CHEMBL989,AR,5.270,,1,0,,exact,CC1(C)O[C@@H]2C[C@H]3[C@@H]4C[C@H](F)C5=CC(=O)C=C[C@]5(C)[C@@]4(F)[C@@H](O)C[C@]3(C)[C@]2(C(=O)CO)O1
CHEMBL3318058,AR,5.280,,2,0,,exact,CC(C)N(Cc1ccco1)C(=O)c1cc2cc(C(F)(F)F)ccc2[nH]1
CHEMBL2337505,AR,6.350,,5,1,Active,exact,N#Cc1ccc(N2CCC(O)(Cc3ccccc3)C2)cc1Cl
CHEMBL4762417,AR,6.170,,1,0,Active,exact,N#Cc1ccc(N2C(=O)C3(CC3)N(c3ccc4c(c3)COC4=O)C2=S)cc1C(F)(F)F
CHEMBL3410850,AR,7.400,,2,0,Active,exact,N#Cc1ccc(N2[C@H]3CC[C@H]2CC(O)C3)cc1C(F)(F)F
CHEMBL1209972,AR,7.400,,1,0,Active,exact,C[C@]12CN(C(=O)Nc3ccccc3)C[C@](C)(O1)[C@@H]1C(=O)N(c3ccc(C#N)c(C(F)(F)F)c3)C(=O)[C@@H]12
CHEMBL5206636,AR,7.580,,1,0,Active,exact,CC(Cn1ccc(-c2ccc(C#N)c(Cl)c2)n1)NC(=O)c1cc(C(C)O)[nH]n1
CHEMBL5557418,AR,7.290,,2,0,Active,exact,N#Cc1ccc(O[C@H]2CC[C@H](NC(=O)c3ccc(N4CCC(CN5CCN(c6ccc(NC7CN(CCCF)C7)cc6)CC5)CC4)nn3)CC2)cc1Cl
CHEMBL361812,AR,,4.523,0,1,Inactive,censored,O=C(O)CCn1c2c(c3ccccc31)C[C@H](NS(=O)(=O)c1ccc(F)cc1)CC2
CHEMBL32812,AR,6.100,,1,0,Active,exact,CC1=CC(C)(C)Nc2ccc3c(c21)/C(=C/c1cccc(F)c1)Oc1ccccc1-3
CHEMBL1672540,AR,7.160,,1,0,Active,exact,COc1ccc(C(c2ccccc2)c2c[nH]c3ccccc23)cc1
CHEMBL5079893,AR,,4.301,0,1,Inactive,censored,O=C(Nc1ccc2c(C(F)(F)F)cc(=O)oc2c1)c1ccccc1F
CHEMBL4295223,AR,,5.000,0,1,,censored,O=C1CC(c2ccccc2O)Oc2cc(O)ccc21
CHEMBL403213,AR,8.400,,1,0,Active,exact,CC12CCC(C)(O1)[C@H]1C(=O)N(c3cnc(C#N)c(Cl)c3)C(=O)[C@H]12
CHEMBL3323488,AR,6.580,,2,0,Active,exact,COc1cc(F)ccc1-c1csc(N2CCOCC2)n1
CHEMBL1390665,AR,5.370,,1,0,,exact,Clc1ccc(-c2cnc3n2CCC3)cc1
CHEMBL87992,AR,,4.523,0,1,Inactive,censored,CC(=O)O[C@H]1Cc2ccccc2N(C(N)=O)c2ccccc21
CHEMBL3263756,AR,,5.000,0,1,,censored,Cc1nc(N2N=C(c3ccc(C(=O)O)cc3)C[C@@H]2C2CCCC2)ccc1C#N
CHEMBL2403356,AR,4.600,,1,0,Inactive,exact,CCCC(CCC)(c1ccc(O)c(C)c1)c1ccc(O)c(C)c1
CHEMBL3695611,AR,6.000,,1,0,Active,exact,CC[C@]12CC[C@H]3[C@@H](C[C@@H](CO)C4=CC(=O)CC[C@@H]43)[C@@H]1CC[C@@]21C=CC(=O)O1
CHEMBL5947801,AR,7.210,,1,0,Active,exact,CC1(C)C(=O)N(c2ccc(C#N)c(C(F)(F)F)c2)C(=S)N1c1ccc(CNC(=O)c2ncccn2)c(Cl)c1
CHEMBL4852542,AR,6.770,,1,0,Active,exact,Cc1c(F)ccc2c(-c3ccc4ccccc4n3)c[nH]c12
CHEMBL5281004,AR,5.540,,1,0,,exact,Cc1c(O)c(O)c(C=O)c(COCc2cccc(F)c2)c1-c1cccc(F)c1
CHEMBL2113247,AR,,6.000,0,1,,censored,C[C@@H]1CNc2cc3nc(O)cc(C(F)(F)F)c3cc2[C@@H]1CCC(F)(F)F
CHEMBL2105300,AR,,4.523,0,1,Inactive,censored,Cc1ccc2c([nH]c(=O)c3c(=O)cc(C(=O)OCCC(C)C)oc32)c1C
CHEMBL3132995,AR,6.400,,1,0,Active,exact,CC[C@H](C)[C@H](NC(=O)[C@H](CS)NC(=O)[C@H](Cc1ccccc1Cl)NC(=O)[C@H](CC(C)C)NC(=O)[C@H](CCC(=O)O)NC(=O)[C@H](CS)NC(=O)[C@H](Cc1ccccc1)NC(=O)[C@H](CCCNC(=N)N)NC(=O)[C@@H](N)CC(N)=O)C(=O)N[C@@H](CCC(N)=O)C(=O)NCC(=O)N[C@H](C(=O)NCC(=O)N[C@@H](CC(=O)O)C(=O)N[C@H](C(=O)N[C@@H](CCCCN)C(=O)N[C@@H](C)C(=O)N[C@@H](CS)C(=O)N[C@@H](CCC(=O)O)C(=O)N[C@@H](Cc1c[nH]c2ccccc12)C(=O)N[C@@H](C)C(=O)N[C@@H](CS)C(=O)N[C@@H](CCC(N)=O)C(=O)O)C(C)C)[C@@H](C)O
CHEMBL235661,AR,6.520,,1,0,Active,exact,C[C@]12CCC(=O)C=C1C[C@@H](CCCc1ccc(OCCC(=O)O)cc1)[C@@H]1[C@@H]2CC[C@@]2(C)[C@H]1CC[C@]2(C)O
CHEMBL6174663,AR,6.770,,1,0,Active,exact,CC(=O)Cc1nsc(NC(=O)C2=COc3ccc(Br)cc3C=C2)n1
CHEMBL1625,AR,,4.523,0,1,Inactive,censored,COc1ccc(C(=O)c2ccccc2)c(O)c1
CHEMBL1409155,AR,,3.699,0,1,Inactive,censored,Cc1cccc(OCCSc2nc3ccccc3n2CC(=O)O)c1
CHEMBL346487,AR,7.210,,1,0,Active,exact,CC1=CC(C)(C)Nc2cc3nc(O)cc(C)c3cc21
CHEMBL1490,AR,,4.523,0,1,Inactive,censored,OC(CCN1CCCCC1)(c1ccccc1)C1CCCCC1
CHEMBL3263755,AR,,5.000,0,1,,censored,COc1cc(C2=NN(c3ccc(C#N)c(C)n3)[C@@H](C3CCCC3)C2)ccc1C(=O)O
CHEMBL1924000,AR,5.920,,1,2,,exact,COC(=O)c1ccc([C@H]2Nc3ccc(C(C)=O)cc3[C@H]3C=CC[C@H]32)cc1
CHEMBL1164248,AR,,5.000,0,1,,censored,O=C(CC(Nc1ccc([N+](=O)[O-])cc1)C1CCCCC1)c1ccc(-c2ccccc2)cc1
CHEMBL1201237,AR,,4.523,0,1,Inactive,censored,CC(C)(C)NC[C@H](O)COc1cccc2c1CCCC2=O
CHEMBL5413307,AR,,4.523,0,1,Inactive,censored,Cn1ncc2cc(-c3cc(C(N)=O)ccc3NCCN3CCOCC3)ccc21
CHEMBL1359,AR,,4.523,0,1,Inactive,censored,C[C@@H](O)[C@H]1C(=O)N2C(C(=O)O)=C(S[C@@H]3CN[C@H](C(=O)Nc4cccc(C(=O)O)c4)C3)[C@H](C)[C@H]12
CHEMBL470841,AR,5.570,,1,0,,exact,N#Cc1ccc(Oc2cccc(Cl)c2)cc1C(F)(F)F
CHEMBL4779527,AR,6.020,,3,0,Active,exact,C[C@](O)(Cn1cc(F)cn1)C(=O)Nc1ccc(C#N)c(Cl)c1
CHEMBL5919566,AR,7.310,,1,1,Active,exact,Cc1ncsc1C(=O)NCc1ccc(N2C(=S)N(c3ccc(C#N)c(C(F)(F)F)c3)C(=O)C2(C)C)cc1F
CHEMBL404222,AR,6.820,,1,0,Active,exact,O=c1cc(C(F)(F)F)c2cc3c(cc2[nH]1)OC[C@H](c1ccccc1)N3CC(F)(F)F
CHEMBL268239,AR,5.880,,1,0,,exact,C=CCC1Oc2cccc(CO)c2-c2ccc3c(c21)C(C)=CC(C)(C)N3
CHEMBL1201087,AR,,4.523,0,1,Inactive,censored,C=CCN1C[C@H](C(=O)N(CCCN(C)C)C(=O)NCC)C[C@@H]2c3cccc4[nH]cc(c34)C[C@H]21
CHEMBL568868,AR,,5.398,0,1,,censored,C[C@]12Cn3cnc(-c4ccc(F)cc4)c3C=C1CCC[C@@H]2[C@](C)(O)CCc1ccccc1
CHEMBL1977891,AR,,5.000,0,1,,censored,COc1ccc2c(c1)OC(c1ccccc1O)CC2=O
CHEMBL20883,AR,,4.523,0,1,Inactive,censored,O=c1[nH]c(=O)n(C2CCCO2)cc1F
CHEMBL3605926,AR,6.640,,1,0,Active,exact,COc1cc(F)ccc1-c1c(CN(C)Cc2ccccc2)[nH]c2c(NS(C)(=O)=O)cc(C(C)(C)C)cc12
CHEMBL566600,AR,,5.398,0,1,,censored,C[C@]12Cn3cnc(-c4ccc(F)cc4)c3C=C1CCC[C@@H]2[C@](C)(O)c1cccc(C#N)c1
CHEMBL4547743,AR,,4.602,0,2,Inactive,censored,Cc1ccccc1N1CCC(OC(=O)NCSCc2c(C)noc2C)CC1
CHEMBL490957,AR,7.240,,1,0,Active,exact,COc1cc(Oc2cccc(C)c2)ccc1C#N
CHEMBL4754845,AR,,5.000,0,1,,censored,CC1(C)NC(=O)C(c2ccc(F)c(C(F)(F)F)c2)C1=O
CHEMBL5287425,AR,5.370,,1,0,,exact,COC(=O)c1ccc(-c2c(C)c(O)c(O)c(C=O)c2COCc2ccccc2)cc1
CHEMBL2316538,AR,5.130,,1,0,,exact,c1ccc(CCSc2nc3ccccc3[nH]2)cc1
CHEMBL4646593,AR,5.240,,1,0,,exact,CCc1cccc(NC(=O)c2cc3cccc(O)c3oc2=N)c1
CHEMBL414845,AR,6.750,,1,0,Active,exact,CC(C)(C)OC(=O)N1C[C@@H]2C[C@H]1[C@H]1C(=O)N(c3ccc(C#N)c(C(F)(F)F)c3)C(=O)N21
CHEMBL347556,AR,6.460,,2,0,Active,exact,CC1(C)C(=O)N(c2ccc(C#N)c(C(F)(F)F)c2)C(=O)N1CCOCCN1CCN(CCOCc2ccc(O)c(C(N)=O)c2)CC1
CHEMBL5273403,AR,,5.301,0,1,,censored,Cc1cc(CO[C@H]2CC[C@@]3(C)C(=CC[C@@H]4[C@@H]3CC[C@]3(C)C(=O)CC[C@@H]43)C2)c(C=O)c(O)c1O
CHEMBL4060271,AR,9.425,,4,0,Active,exact,Cc1c(N2CC[C@](C)(O)[C@@H]2C)ccc(C#N)c1Cl
CHEMBL227030,AR,7.820,,1,0,Active,exact,CN1CCOc2cc3[nH]c(=O)cc(C(F)(F)F)c3cc21
CHEMBL3590187,AR,7.350,,2,0,Active,exact,CCC(=O)O[C@]1(C(=O)CO)CC[C@H]2[C@@H]3CCC4=CC(=O)CC[C@]4(C)[C@H]3CC[C@@]21C
CHEMBL686,AR,,4.523,0,1,Inactive,censored,Cc1cccc(Nc2ccccc2C(=O)O)c1C
CHEMBL1163581,AR,,5.000,0,1,,censored,Cc1ccc(C(=O)CC(Nc2ccc(C(F)(F)F)cc2)c2cccc(F)c2)cc1
CHEMBL4861621,AR,7.820,,1,0,Active,exact,CN1CCN(c2ccc(C(=O)N[C@H]3CC[C@H](N(C)c4ccc(C#N)c(Cl)c4)CC3)cc2)CC1
CHEMBL1118,AR,,4.523,0,1,Inactive,censored,CN(C)CC(c1ccc(O)cc1)C1(O)CCCCC1
CHEMBL364393,AR,6.640,,1,0,Active,exact,CC(C)(C)OC(=O)N1C[C@H]2C[C@@H]1[C@H]1C(=O)N(c3ccc([N+](=O)[O-])cc3)C(=O)N21
CHEMBL370236,AR,5.840,,1,0,,exact,C[C@]12CCC3C(CC=C4C[C@@H](O)CC[C@@]43/C=C/Cl)C1CC[C@@H]2O
CHEMBL359911,AR,7.255,,2,0,Active,exact,O=C1[C@@H]2C3CCC(C3)[C@@H]2C(=O)N1c1ccc2ccccc2c1
CHEMBL350465,AR,6.600,,1,0,Active,exact,CCC1Cc2cc3c(C(F)(F)F)cc(O)nc3cc2NC1(C)C
CHEMBL109,AR,,4.523,0,1,Inactive,censored,CCCC(CCC)C(=O)O
CHEMBL507539,AR,,5.000,0,1,,censored,COc1ccc2c(c1)C(=O)CC(c1ccccc1OC)O2
CHEMBL5078897,AR,,4.301,0,1,Inactive,censored,Cc1cc(C)c(S(=O)(=O)Nc2ccc(OCc3ccccc3)cc2)c(C)c1
CHEMBL141305,AR,5.790,,1,0,,exact,CC(=O)Oc1ccc(C(=C2CCCCC2)c2ccc(OC(C)=O)cc2)cc1
CHEMBL1672548,AR,5.760,,1,0,,exact,CC[C@H](C)n1cc(-c2ccc(C#N)cc2)c2ccc(NS(C)(=O)=O)cc21
CHEMBL3948452,AR,6.640,,1,0,Active,exact,CC1(C)C(=O)N(c2ccc(C#N)c(C(F)(F)F)c2)C(=S)N1c1ccc(/C=C/C(=O)Nc2ccccc2N)c(F)c1
CHEMBL1163617,AR,,5.000,0,1,,censored,O=C(CC(Nc1ccc([N+](=O)[O-])cc1)c1ccc(C(F)(F)F)cc1)c1cccc(Cl)c1
CHEMBL370143,AR,,4.523,0,1,Inactive,censored,NC[C@@H]1O[C@H](O[C@H]2[C@@H](O)[C@H](O[C@@H]3[C@@H](O)[C@H](N)C[C@H](N)[C@H]3O[C@H]3O[C@H](CO)[C@@H](O)[C@H](O)[C@H]3N)O[C@@H]2CO)[C@H](N)[C@@H](O)[C@@H]1O
CHEMBL4103425,AR,4.960,,1,0,Inactive,exact,N#Cc1ccc(-c2csc(N3C(=O)c4ccccc4C3=O)n2)cc1
CHEMBL1209298,AR,6.780,,1,0,Active,exact,Cn1c(C#N)ccc1-c1ccc(/C(=N\O)C(C)(C)C)cc1
CHEMBL5266664,AR,,5.301,0,1,,censored,Cc1c(O)c(O)c(C=O)c(COCc2cccc3ccccc23)c1-c1ccccc1
CHEMBL5206638,AR,6.040,,1,0,Active,exact,COc1cncc(C2=CC[C@H]3[C@@H]4CC=C5C[C@@H](NC(=O)c6ccnnc6)CC[C@]5(C)[C@H]4CC[C@]23C)c1
CHEMBL5399091,AR,6.520,,2,0,Active,exact,C[C@](O)(Cn1nc(C=O)c2cc(F)ccc21)C(=O)Nc1cnc(C#N)c(C(F)(F)F)c1
CHEMBL5614270,AR,6.760,,1,0,Active,exact,Cc1ncccc1Nc1ccc2c(c1)CCC1=C3C[C@@H](O)C[C@]3(C)CC[C@]12Cc1ccccc1
CHEMBL5612930,AR,,5.000,0,1,,censored,Cc1ncncc1Nc1ccc2c(c1)CCC1=C3C[C@@H](O)C[C@]3(C)CC[C@]12Cc1ccccc1
CHEMBL5272151,AR,5.490,,1,0,,exact,Cc1ccc(-c2c(C)c(O)c(O)c(C=O)c2COCc2ccccc2)cc1
CHEMBL12610,AR,,4.523,0,1,Inactive,censored,CN(C)CCCOc1nn(Cc2ccccc2)c2ccccc12
CHEMBL6030556,AR,6.940,,1,0,Active,exact,CC1(C)C(=O)N(c2ccc(C#N)c(C(F)(F)F)c2)C(=S)N1c1ccc(CNC(=O)c2cnco2)c(F)c1
CHEMBL15677,AR,,4.523,0,1,Inactive,censored,O=C(O)Cc1ccccc1Oc1ccc(Cl)cc1Cl
CHEMBL3706892,AR,6.120,,1,0,Active,exact,CN(C)c1ccc2c(C(F)(F)F)cc(=O)[nH]c2c1
CHEMBL1201247,AR,,4.523,0,1,Inactive,censored,CC(C)C[C@H](NC(=O)[C@@H](COC(C)(C)C)NC(=O)[C@H](Cc1ccc(O)cc1)NC(=O)[C@H](CO)NC(=O)[C@H](Cc1c[nH]c2ccccc12)NC(=O)[C@H](Cc1cnc[nH]1)NC(=O)[C@@H]1CCC(=O)N1)C(=O)N[C@@H](CCCNC(=N)N)C(=O)N1CCC[C@H]1C(=O)NNC(N)=O
CHEMBL1830777,AR,6.120,,1,0,Active,exact,CCCCCCN1CC(C)(C)C(Oc2ccc(C#N)c(C(F)(F)F)c2)C1=O
CHEMBL3818235,AR,9.300,,1,0,Active,exact,Cc1c(C(O)(c2cocn2)C(F)(F)F)ccc(C#N)c1C(F)(F)F
CHEMBL82307,AR,7.270,,1,0,Active,exact,COc1ccc2c(c1)CCC1=CC(=O)CC[C@@]12Cc1ccccc1
CHEMBL2316542,AR,5.570,,3,0,,exact,Cc1cccc(C)c1OCCSc1nc2ccccc2[nH]1
CHEMBL5556701,AR,6.410,,1,0,Active,exact,CCc1cccc(NS(=O)(=O)c2cc3c4c(c2)CCC(=O)N4CCC3)c1
CHEMBL285347,AR,,4.523,0,1,Inactive,censored,C[C@@H](O)[C@H]1C(=O)N2C(C(=O)[O-])=C(SC3Cn4cnc[n+]4C3)[C@H](C)[C@H]12
CHEMBL4524159,AR,7.120,,6,0,Active,exact,CC(=O)c1cc(C(=O)N[C@@H](C)Cn2ccc(-c3ccc(C#N)c(Cl)c3)n2)n[nH]1
CHEMBL37390,AR,,4.523,0,1,Inactive,censored,CC(O)Cn1cnc2c1c(=O)n(C)c(=O)n2C
CHEMBL425,AR,,4.523,0,1,Inactive,censored,O=C(O)c1cc(/N=N/c2ccc(O)c(C(=O)O)c2)ccc1O
CHEMBL1318150,AR,,4.523,0,1,Inactive,censored,CNC(=O)C[C@@H](N)C(=O)N[C@@H](C(=O)N[C@@H]1C(=O)N2[C@@H]1SC(C)(C)[C@@H]2C(=O)O)c1ccc(O)cc1
CHEMBL2104607,AR,,4.523,0,1,Inactive,censored,CCN(CC)C(=O)c1cccnc1
CHEMBL351519,AR,8.050,,1,0,Active,exact,C[C@H]1Nc2cc3c(cc2C1(C)C)c(C(F)(F)F)cc(=O)n3C
CHEMBL5088635,AR,6.030,,1,0,Active,exact,O=c1cc(C(F)(F)F)c2ccc(OCc3ccccc3Br)cc2o1
CHEMBL256126,AR,7.750,,1,0,Active,exact,N#CCC1COc2cc3[nH]c(=O)cc(C(F)(F)F)c3cc2N1CC(F)(F)F
CHEMBL393320,AR,6.580,,1,0,Active,exact,CN(C)C(=O)CCCCCCC[C@@H]1C[C@H]2CC(=O)CC[C@]2(C)[C@H]2CC[C@]3(C)[C@@H](O)CC[C@H]3[C@H]12
CHEMBL4163069,AR,6.890,,1,0,Active,exact,CN(C)c1ccc([C@H]2C[C@@]3(C)[C@@H](CC[C@@]3(O)C#CC(C)(C)C)[C@@H]3CCC4=CC(=O)CCC4=C32)cc1
CHEMBL4068008,AR,5.550,,1,0,,exact,CCOc1nccc2c1[C@H](c1ccc(C#N)cc1OC)C(C#N)=C(C)N2
CHEMBL5201931,AR,5.240,,1,0,,exact,N#Cc1ccc(-n2ccc(CNC(=O)c3ccc(F)cn3)n2)cc1C(F)(F)F
CHEMBL5268130,AR,5.490,,1,0,,exact,Cc1c(O)c(O)c(C=O)c(COCc2ccccc2)c1-c1ccc(C(F)(F)F)cc1Cl
CHEMBL6170547,AR,4.300,,1,0,Inactive,exact,CC(=O)Cc1ccc(NC(=O)c2cc(-c3cccc(C(F)(F)F)c3)oc2C)cc1
CHEMBL253746,AR,6.290,,2,0,Active,exact,COc1cccc2c1-c1ccc3[nH]c(=O)cc(C)c3c1C(OC)O2
CHEMBL4088224,AR,5.220,,1,0,,exact,N#Cc1ccc(-c2csc(N3C(=O)c4ccc(F)cc4C3=O)n2)cc1
CHEMBL3337825,AR,,5.000,0,1,,censored,Cc1nn(CCCC(F)(F)F)c(-c2ccc(F)cc2)c1-c1ccc2c(c1)NC(=O)CO2
CHEMBL563341,AR,6.600,,1,0,Active,exact,CN1CC[C@@H](N(Cc2ccccc2C(F)(F)F)c2ccc(C#N)c(Cl)c2)C1
CHEMBL5571572,AR,6.260,,2,0,Active,exact,C[C@](O)(CN1C[C@@H]2C[C@H]1CN2c1ccc(C#N)cc1)C(=O)Nc1ccc(C#N)c(C(F)(F)F)c1
CHEMBL4474096,AR,6.870,,2,0,Active,exact,C[C@](O)(Cn1ccc2ccc(F)cc21)C(=O)Nc1ccc(C#N)c(C(F)(F)F)c1
CHEMBL593,AR,,4.523,0,1,Inactive,censored,CC(C)Nc1cccnc1N1CCN(C(=O)c2cc3cc(NS(C)(=O)=O)ccc3[nH]2)CC1
CHEMBL4862827,AR,7.350,,3,0,Active,exact,N#Cc1ncc(N2C(=O)C3(CCC3)N(c3ccc(OC4CCNCC4)cc3)C2=S)cc1Cl
CHEMBL5418252,AR,,4.523,0,1,Inactive,censored,CSc1ccc(C(N)=O)cc1-c1ccc2ocnc2c1
CHEMBL4793070,AR,6.580,,1,0,Active,exact,O=C1CNC(=O)N1c1ccc(F)c(C(F)(F)F)c1
CHEMBL391768,AR,8.090,,1,0,Active,exact,Cc1c(N2C(=O)[C@]3(C)[C@H](O)CCN3S2(=O)=O)ccc(C#N)c1Cl
CHEMBL6161009,AR,,5.000,0,1,,censored,Nc1cc2c(C(F)(F)F)cc(=O)oc2cc1OCc1ccc(Br)cc1
CHEMBL3695601,AR,6.510,,1,0,Active,exact,C[C@]12CC[C@H]3[C@@H](CCC4=CC(=O)CC[C@@H]43)[C@@H]1CC1(CC1)[C@@]21C=CC(=O)O1
CHEMBL6162640,AR,6.960,,1,0,Active,exact,O=c1cc(C(F)(F)F)c2ccc(NCc3cccc(Br)c3)cc2o1
CHEMBL248841,AR,6.770,,1,0,Active,exact,N#Cc1cnc(N2CCC3CCCCC3C2)cc1C(F)(F)F
CHEMBL1672541,AR,6.390,,1,0,Active,exact,Cc1cc(-c2cn(C(C)C)c3cc(NS(C)(=O)=O)ccc23)ccc1C#N
CHEMBL4447959,AR,6.785,,2,0,Active,exact,C[C@](O)(Cn1ccc2cc(F)c(-c3ccccc3)cc21)C(=O)Nc1ccc(C#N)c(Cl)c1
CHEMBL3817997,AR,7.400,,1,0,Active,exact,C/C=C(\C)C(O)(c1ccc(C#N)c(C(F)(F)F)c1)C(F)(F)F
CHEMBL1210214,AR,8.210,,1,0,Active,exact,C[C@]12CN(c3ncccn3)C[C@](C)(O1)[C@@H]1C(=O)N(c3ccc(C#N)c(C(F)(F)F)c3)C(=O)[C@@H]12
CHEMBL5195872,AR,5.730,,1,0,,exact,N#Cc1ccc(-n2ccc(CNC(=O)c3ccc([N+](=O)[O-])cc3)n2)cc1C(F)(F)F
CHEMBL254798,AR,7.500,,1,0,Active,exact,O=c1cc(C(F)(F)F)c2cc3c(cc2[nH]1)OC[C@@H](CF)N3CC(F)(F)F
CHEMBL235378,AR,7.210,,1,0,Active,exact,N#Cc1ccc(-c2ccc(O)cc2)cc1C(F)(F)F
CHEMBL981,AR,,4.523,0,1,Inactive,censored,CC(C)(Oc1ccc(C(=O)c2ccc(Cl)cc2)cc1)C(=O)O
CHEMBL3707390,AR,,4.523,0,1,Inactive,censored,CN1C(=O)N(C)C2C1N(C)C(=O)N2C
CHEMBL137103,AR,5.925,,2,0,,exact,CC1=CC(C)(C)Nc2ccc3c(c21)/C(=C/c1cc(F)ccc1F)Oc1ccccc1-3
CHEMBL131,AR,5.560,,4,1,,exact,C[C@]12C=CC(=O)C=C1CC[C@@H]1[C@@H]2[C@@H](O)C[C@@]2(C)[C@H]1CC[C@]2(O)C(=O)CO
CHEMBL227033,AR,6.950,,1,0,Active,exact,CC1COc2cc3[nH]c(=O)cc(C(F)(F)F)c3cc2N1
CHEMBL4439316,AR,,5.000,0,1,,censored,CC(O)(CCc1ccc(N=C=S)cc1)C(=O)Nc1ccc([N+](=O)[O-])c(C(F)(F)F)c1
CHEMBL4850974,AR,6.720,,1,0,Active,exact,Fc1ccc2c(-c3ccc4ccccc4n3)c[nH]c2c1F
CHEMBL3706886,AR,6.000,,1,0,Active,exact,O=c1cc(C(F)(F)F)c2ccc(NC3CCCC3)cc2[nH]1
CHEMBL5810949,AR,7.730,,4,0,Active,exact,C[C@@H](Cn1ccc(-c2ccc(C#N)c(Cl)c2)n1)NC(=O)c1csc(-c2cn[nH]c2)n1
CHEMBL3402221,AR,9.400,,2,0,Active,exact,C[C@H]1CCCN1c1ccc(C#N)c2ccccc12
CHEMBL3706908,AR,7.110,,1,0,Active,exact,O=c1cc(C(F)(F)F)c2cc(NCC(F)(F)C(F)(F)F)ccc2[nH]1
CHEMBL3658380,AR,7.110,,1,0,Active,exact,C[C@]12CCC3C4CCC(=O)C=C4CC(C4CC4)C3C1C1CC1[C@@]21CCC(=O)O1
CHEMBL4105484,AR,7.810,,1,0,Active,exact,[2H]C([2H])([2H])NC(=O)c1ccc(N2C(=S)N(c3cnc(C#N)c(C(F)(F)F)c3)C(=O)C23CCC3)cc1F
CHEMBL243656,AR,5.720,,1,0,,exact,COc1c(O)ccc2c1-c1ccc3c(c1/C(=C/c1sccc1C(O)C(F)(F)F)O2)C(C)=CC(C)(C)N3
CHEMBL3692355,AR,5.945,,2,0,,exact,C=C[C@@H]1CC2=CC(=O)CC[C@@H]2[C@H]2CC[C@@]3(CC)[C@@H](CC[C@@]34C=CCO4)[C@@H]21
CHEMBL4279841,AR,5.040,,1,0,,exact,CC(C)Oc1ccccc1/C=C/C(=O)c1cc(Br)ccc1O
CHEMBL152408,AR,,4.523,0,1,Inactive,censored,CN1CCC(=C2c3ccccc3Sc3ccccc32)CC1
CHEMBL121626,AR,4.330,,1,0,Inactive,exact,Cc1c(Cl)cccc1Nc1ccccc1C(=O)O
CHEMBL4634960,AR,5.480,,1,0,,exact,N=c1oc2c(O)cccc2cc1C(=O)Nc1cccc(F)c1
CHEMBL2426663,AR,,4.602,0,1,Inactive,censored,CC(C)(C(=O)Nc1nncs1)[C@H](c1ccccc1)c1ccc2c(cnn2-c2ccc(F)cc2)c1
CHEMBL5563558,AR,6.000,,1,0,Active,exact,Cc1cc(N2CCN(C[C@](C)(O)C(=O)Nc3ccc(C#N)c(C(F)(F)F)c3)CC2)ccc1C#N
CHEMBL5893167,AR,7.200,,4,0,Active,exact,N#Cc1ccc(-c2ccn(CCNC(=O)c3cc(-c4cccnc4)n[nH]3)n2)cc1C#N
CHEMBL3323480,AR,5.300,,1,0,,exact,OCc1sc(N2CCOCC2)nc1-c1ccccc1
CHEMBL257668,AR,8.520,,1,0,Active,exact,CC12CCC(C)(O1)[C@H]1C(=O)N(c3cc(Cl)cc(Cl)c3)C(=O)[C@H]12
CHEMBL4283232,AR,5.310,,1,0,,exact,COc1ccccc1/C=C/C(=O)c1cc(Br)ccc1O
CHEMBL3706887,AR,6.000,,1,0,Active,exact,O=c1cc(C(F)(F)F)c2ccc(NC3CCCCC3)cc2[nH]1
CHEMBL2386401,AR,5.970,,2,0,,exact,CSc1ccc(-c2cc(=O)c3c(O)cccc3o2)cc1
CHEMBL4865067,AR,6.705,,2,0,Active,exact,CNC(=O)c1cc2c(cc1F)CC1(C2)C(=O)N(c2cnc(C#N)c(C(F)(F)F)c2)C(=S)N1C1CCC1
CHEMBL6059706,AR,,4.523,0,1,Inactive,censored,C[C@]12C=CC(=O)C=C1[C@@H](F)C[C@H]1[C@@H]3C[C@H]4O[C@@H](c5ccc(Cc6cccc(N)c6)cc5)O[C@@]4(C(=O)O)[C@@]3(C)C[C@H](O)[C@@]12F
CHEMBL338802,AR,,4.523,0,1,Inactive,censored,N=C(N)NS(=O)(=O)c1ccc(N)cc1
CHEMBL4800363,AR,5.260,,2,0,,exact,C[C@](O)(Cn1cc(F)cn1)C(=O)Nc1cc(C(F)(F)F)c(C#N)cc1I
CHEMBL1256841,AR,,4.523,0,1,Inactive,censored,O=C(CCNNC(=O)c1ccncc1)NCc1ccccc1
CHEMBL1210150,AR,7.660,,1,0,Active,exact,C[C@]12CN(c3cccc(S(N)(=O)=O)c3)C[C@](C)(O1)[C@@H]1C(=O)N(c3ccc(C#N)c(C(F)(F)F)c3)C(=O)[C@@H]12
CHEMBL5175232,AR,,4.602,0,1,Inactive,censored,N#Cc1ccc(-n2ccc(NC(=O)c3ccc(F)cc3)n2)cc1C(F)(F)F
CHEMBL154111,AR,,4.523,0,1,Inactive,censored,O=C(Oc1ccccc1C(=O)O)c1ccccc1O
CHEMBL5569094,AR,6.710,,3,0,Active,exact,C[C@](O)(CN1CC2CCC(C1)N2c1ccc(C#N)cc1)C(=O)Nc1ccc(C#N)c(C(F)(F)F)c1
CHEMBL388421,AR,8.110,,1,0,Active,exact,N#Cc1ccc(N2C(=O)[C@@H]3[C@H](O)CCN3C2=O)cc1C(F)(F)F
CHEMBL1689063,AR,,4.523,0,1,Inactive,censored,NC(=O)[C@@H]1CC[C@@H]2CN1C(=O)N2OS(=O)(=O)O
CHEMBL194014,AR,,4.523,0,1,Inactive,censored,CCCOC(=O)c1ccc(O)cc1
CHEMBL5828693,AR,,4.523,0,1,Inactive,censored,C[C@]12C=CC(=O)C=C1[C@@H](F)C[C@H]1[C@@H]3C[C@H]4O[C@@H](c5ccc(Cc6ccc(N)cc6)cc5)O[C@@]4(C(=O)CO)[C@@]3(C)C[C@H](O)[C@@]12F
CHEMBL4776221,AR,5.210,,3,0,,exact,CC(C)(C)OC(=O)Nc1cnn(C[C@](C)(O)C(=O)Nc2cnc(C#N)c(C(F)(F)F)c2)c1
CHEMBL6162063,AR,7.620,,1,0,Active,exact,Cc1oc(-c2cccc(C(F)(F)F)c2)cc1C(=O)Nc1nc(CN2CCCCC2)ns1
CHEMBL1957722,AR,6.900,,2,0,Active,exact,Cc1nn(-c2ccc(C#N)c(Cl)c2)c(C)c1Cc1ccc(C(=O)NCCO)cc1
CHEMBL2316561,AR,4.860,,1,0,Inactive,exact,Cc1cccc(OCCSc2nc3ccccc3n2CC(=O)OC(C)C)c1
CHEMBL5087539,AR,,4.301,0,1,Inactive,censored,CCOC(=O)c1cn[nH]c1S(=O)(=O)Nc1ccc(OCc2ccccc2)cc1
CHEMBL4871131,AR,6.720,,2,0,Active,exact,CNC(=O)c1cc2c(cc1F)CC1(C2)C(=O)N(c2cnc(C#N)c(C(F)(F)F)c2)C(=S)N1C1CCCCC1
CHEMBL1288323,AR,7.890,,2,0,Active,exact,OC1(C(F)(F)F)CCc2c1[nH]c1c(Cl)cc(Cl)cc21
CHEMBL3966897,AR,7.350,,2,0,Active,exact,Cc1ccc(C(=O)N[C@H]2CC[C@H](Oc3ccnc4c(C#N)cccc34)CC2)cc1F
CHEMBL638,AR,,4.523,0,1,Inactive,censored,C[C@@H](c1ncncc1F)[C@](O)(Cn1cncn1)c1ccc(F)cc1F
CHEMBL3318067,AR,5.960,,2,0,,exact,Cc1ccc(CN(C(=O)c2cc3cccc(F)c3[nH]2)C(C)C)o1
CHEMBL6168595,AR,,4.301,0,1,Inactive,censored,Cc1cc(NC(=O)c2cc(-c3cccc(C(F)(F)F)c3)oc2C)on1
CHEMBL14376,AR,,4.523,0,1,Inactive,censored,COc1cc(C(C)=O)ccc1OCCCN1CCC(c2noc3cc(F)ccc23)CC1
CHEMBL584258,AR,,5.398,0,1,,censored,C[C@]12Cn3cnc(-c4ccc(F)cc4)c3C=C1CCC[C@@H]2[C@](C)(O)c1cccs1
CHEMBL393865,AR,7.540,,1,0,Active,exact,CCC(C)N(CC(F)(F)F)c1ccc2[nH]c(=O)cc(C(F)(F)F)c2c1
CHEMBL1163812,AR,,5.000,0,1,,censored,Cc1cccc(C(=O)CC(Nc2ccc([N+](=O)[O-])cc2)c2ccc(C(F)(F)F)cc2)c1
CHEMBL1928882,AR,,5.000,0,1,,censored,Cc1cc(-c2ccc3c(c2)NC(=O)CO3)n(-c2ccc(F)cc2)n1
CHEMBL5394445,AR,6.100,,1,0,Active,exact,CSc1ccc(C(N)=O)cc1-c1ccc2ncccc2c1
CHEMBL408513,AR,,4.523,0,1,Inactive,censored,O=C(/C=C/c1cccc(S(=O)(=O)Nc2ccccc2)c1)NO
CHEMBL5194539,AR,6.110,,1,0,Active,exact,N#Cc1ccc(-n2ccc(CNC(=O)c3ccc(F)nc3)n2)cc1C(F)(F)F
CHEMBL226559,AR,7.290,,1,0,Active,exact,CC(C)[C@@H]1COc2cc3[nH]c(=O)cc(C(F)(F)F)c3cc2N1CC(F)(F)F
CHEMBL5091772,AR,,4.301,0,1,Inactive,censored,COc1ccc(CS(=O)(=O)Nc2ccc(OCc3ccccc3)cc2)cc1
CHEMBL569290,AR,,5.398,0,1,,censored,C[C@]12Cn3cnc(-c4ccc(F)cc4)c3C=C1CCC[C@@H]2[C@](C)(O)c1nccs1
CHEMBL4539953,AR,6.880,,2,0,Active,exact,C[C@](O)(CN1CCc2cc(F)c(-c3ccccc3)cc21)C(=O)Nc1ccc(C#N)c(Cl)c1
CHEMBL1929040,AR,,5.000,0,1,,censored,Cc1cc(F)ccc1-n1nc(C(F)(F)F)cc1-c1cc(F)c2c(c1)NC(=O)CO2
CHEMBL7455,AR,7.920,,1,0,Active,exact,CC[C@H]1Nc2cc3nc(O)cc(C(F)(F)F)c3cc2C[C@@H]1C
CHEMBL4098395,AR,5.110,,1,0,,exact,O=C1c2ccc(F)cc2C(=O)N1c1nc(-c2ccc([N+](=O)[O-])cc2)cs1
CHEMBL5760475,AR,6.620,,1,0,Active,exact,Cc1ncsc1C(=O)NCc1ccc(N2C(=S)N(c3cnc(C#N)c(C(F)(F)F)c3)C(=O)C2(C)C)cc1Cl
CHEMBL3940023,AR,6.910,,1,0,Active,exact,[C-]#[N+]c1ccc(N2C(=O)C3(CCC3)N(c3ccc(C)cc3)C2=S)cc1C(F)(F)F
CHEMBL1540,AR,,4.523,0,1,Inactive,censored,Nc1nc(O)c2ncn(CCC(CO)CO)c2n1
CHEMBL1163595,AR,5.340,,1,0,,exact,COc1ccc(NC(CC(=O)c2ccc(C)cc2)c2ccccc2)cc1
CHEMBL375812,AR,,5.000,0,1,,censored,O=C(O)C[C@@H]1CCc2cc(OCCCOc3ccc(-c4nc5c(s4)CCCC5)cc3)ccc21
CHEMBL6843,AR,9.000,,1,0,Active,exact,CCC1CCNc2cc3oc(=O)cc(C(F)(F)F)c3cc21
CHEMBL3132984,AR,5.680,,1,0,,exact,CC[C@H](C)[C@H](NC(=O)[C@H](CS)NC(=O)[C@H](Cc1ccccc1)NC(=O)[C@H](CC(C)C)NC(=O)[C@H](CCC(=O)O)NC(=O)[C@H](CS)NC(=O)[C@H](Cc1ccccc1)NC(=O)[C@H](CCCNC(=N)N)NC(=O)[C@@H](N)CC(N)=O)C(=O)N[C@@H](CCC(=O)O)C(=O)NCC(=O)N[C@H](C(=O)NCC(=O)N[C@@H](CC(=O)O)C(=O)N[C@H](C(=O)N[C@@H](CCCCN)C(=O)N[C@@H](C)C(=O)N[C@@H](CS)C(=O)N[C@@H](CCC(=O)O)C(=O)N[C@@H](Cc1c[nH]c2ccccc12)C(=O)N[C@@H](C)C(=O)N[C@@H](CS)C(=O)N[C@@H](CCC(N)=O)C(=O)O)C(C)C)[C@@H](C)O
CHEMBL869,AR,,4.523,0,1,Inactive,censored,NC(=O)N/N=C/c1ccc([N+](=O)[O-])o1
CHEMBL394392,AR,6.000,,1,0,Active,exact,N#Cc1ccc(-c2c(O)cccc2O)cc1C(F)(F)F
CHEMBL5408281,AR,,4.523,0,1,Inactive,censored,Cn1ncc2cc(-c3cc(C(N)=O)ccc3N3CCOCC3)ccc21
CHEMBL2112885,AR,7.050,,1,0,Active,exact,COc1cccc2c1C(=O)c1c(O)c3c(c(O)c1C2=O)C[C@@](O)(C(=O)CO)C[C@@H]3OC1C[C@H](NCNC(=O)c2cc(COCC#CCN3C(=O)N(c4ccc(C#N)c(C(F)(F)F)c4)C(=O)C3(C)C)ccc2O)[C@H](O)[C@H](C)O1
CHEMBL233774,AR,7.540,,1,0,Active,exact,Cc1c(N2C(=O)[C@@H]3[C@@H](O)CCN3S2(=O)=O)ccc(C#N)c1Cl
CHEMBL3658378,AR,7.130,,1,0,Active,exact,CCC1CC2=CC(=O)CCC2C2CC[C@@]3(C)C(C4CC4[C@@]34CCC(=O)O4)C12
CHEMBL46917,AR,,4.523,0,1,Inactive,censored,CNC(=O)Oc1cccc2ccccc12
CHEMBL89136,AR,8.850,,1,0,Active,exact,CCCCN(CCCC)c1ccc(/C=C2\C(=O)ON=C2c2ccccc2)cc1
CHEMBL846,AR,,5.000,0,1,,censored,C=C1/C(=C\C=C2/CCC[C@]3(C)[C@@H]([C@H](C)CCCC(C)(C)O)CC[C@@H]23)C[C@@H](O)C[C@@H]1O
CHEMBL188545,AR,5.990,,1,0,,exact,CC(C)(C)OC(=O)N1C[C@@H]2C[C@H]1[C@H]1C(=O)N(c3ccc([N+](=O)[O-])c4ccccc34)C(=O)N21
CHEMBL462026,AR,7.250,,1,0,Active,exact,COc1ccccc1Sc1ccc(C#N)c(C(F)(F)F)c1
CHEMBL4850746,AR,7.030,,2,0,Active,exact,CNC(=O)c1cc2c(cc1F)CC1(C2)C(=O)N(c2ccc(C#N)c(C(F)(F)F)c2)C(=S)N1C(C)C
CHEMBL133715,AR,,6.000,0,1,,censored,CCCCSc1cc(C(F)(F)F)c2cc3c(cc2n1)NC(C)(C)CC3
CHEMBL444633,AR,,4.523,0,1,Inactive,censored,CO[C@H]1/C=C/O[C@@]2(C)Oc3c(C)c(O)c4c(c3C2=O)C2=NC3(CCN(CC(C)C)CC3)NC2=C(NC(=O)/C(C)=C\C=C\[C@H](C)[C@H](O)[C@@H](C)[C@@H](O)[C@@H](C)[C@H](OC(C)=O)[C@@H]1C)C4=O
CHEMBL101914,AR,5.730,,1,0,,exact,CC1=CC(C)(C)Nc2ccc3c(c21)C(c1ccccc1)Oc1ccccc1-3
CHEMBL1801006,AR,6.430,,1,0,Active,exact,CC(C)(C(=O)Nc1nccs1)[C@@H](c1ccccc1)c1ccc(O)c(Br)c1
CHEMBL464764,AR,5.945,,2,0,,exact,Cc1cccc(Oc2ccc(C#N)c(C(F)(F)F)c2)c1
CHEMBL3589385,AR,7.850,,1,0,Active,exact,N#Cc1ccc(N2C(=O)[C@]3(CCOC3)N(c3ccc(C(N)=O)c(F)c3)C2=S)cc1C(F)(F)F
CHEMBL4556937,AR,5.540,,1,0,,exact,Cc1ccccc1N1CCN(C(=O)[C@H]2C[C@H]2c2ccccc2)CC1
CHEMBL4098744,AR,,5.000,0,2,,censored,N#Cc1ccc(-c2ccc(O)cc2F)n1CC(=O)O
CHEMBL1165342,AR,,4.523,0,1,Inactive,censored,CC[C@]12CCCN3CCc4c(n(c5ccccc45)[C@@](O)(C(=O)OC)C1)[C@@H]32
CHEMBL595,AR,,4.523,0,1,Inactive,censored,CCc1ccc(CCOc2ccc(CC3SC(=O)NC3=O)cc2)nc1
CHEMBL3605929,AR,5.950,,1,0,,exact,COc1cc(F)ccc1-c1c(C)[nH]c2c(NS(C)(=O)=O)cc(F)cc12
CHEMBL352002,AR,7.400,,1,0,Active,exact,Cc1c2c(cc3c(C(F)(F)F)cc(=O)n(C)c13)C(C)CC(C)(C)N2
CHEMBL4100278,AR,6.980,,2,0,Active,exact,Cc1c(N2C(=O)C[C@H](O)[C@@H]2C)ccc(C#N)c1Cl
CHEMBL532,AR,,4.523,0,1,Inactive,censored,CC[C@H]1OC(=O)[C@H](C)[C@@H](O[C@H]2C[C@@](C)(OC)[C@@H](O)[C@H](C)O2)[C@H](C)[C@@H](O[C@@H]2O[C@H](C)C[C@H](N(C)C)[C@H]2O)[C@](C)(O)C[C@@H](C)C(=O)[C@H](C)[C@@H](O)[C@]1(C)O
CHEMBL159776,AR,,4.523,0,1,Inactive,censored,CC(C)N(CCNC(=O)CN1CCCC1=O)C(C)C
CHEMBL282866,AR,7.240,,1,0,Active,exact,CCC1(CC)CCNc2cc3nc(O)cc(C(F)(F)F)c3cc21
CHEMBL229128,AR,,4.523,0,1,Inactive,censored,Cc1ccccc1OCC(O)CO
CHEMBL397920,AR,6.960,,1,0,Active,exact,CO/N=C(\C)c1ccsc1/C=C1\Oc2ccc(O)c(OC)c2-c2ccc3c(c21)C(C)=CC(C)(C)N3
CHEMBL249700,AR,7.400,,1,0,Active,exact,C=C1C=C2CC[C@H]3[C@@H]4CC[C@H](O)[C@@]4(C)CC[C@@H]3[C@@]2(C)CC1
CHEMBL5745221,AR,6.300,,1,0,Active,exact,CC1(C)C(=O)N(c2ccc(C#N)c(C(F)(F)F)c2)C(=O)N1c1ccc(CNC(=O)c2cncs2)cc1
CHEMBL225147,AR,6.960,,1,0,Active,exact,CN(C)C(=O)CCCCCCC1C[C@H]2CC(=O)CC[C@]2(C)[C@H]2CC[C@]3(C)[C@@H](O)CC[C@H]3[C@H]12
CHEMBL1950576,AR,,4.523,0,1,Inactive,censored,CN[C@@H]1[C@H](O[C@H]2[C@H](O[C@H]3[C@H](O)[C@@H](O)[C@H](NC(=N)N)[C@@H](O)[C@@H]3NC(=N)N)O[C@@H](C)[C@]2(O)CO)O[C@@H](CO)[C@H](O)[C@H]1O
CHEMBL1484,AR,,4.523,0,1,Inactive,censored,COC(=O)C1=C(C)NC(C)=C(C(=O)OCCN(C)Cc2ccccc2)C1c1cccc([N+](=O)[O-])c1
CHEMBL977,AR,,4.523,0,1,Inactive,censored,C[C@]12CCC(=O)C=C1CC[C@@H]1[C@@H]2[C@@H](O)C[C@@]2(C)[C@H]1CC[C@]2(O)C(=O)COC(=O)CCC(=O)O
CHEMBL6169709,AR,6.520,,1,0,Active,exact,COC(=O)c1ccc(C(=O)NC2CC3(CCN(c4cnc(C#N)c(C(F)(F)F)c4)C3)C2)cc1
CHEMBL1928874,AR,5.230,,1,0,,exact,O=C1COc2ccc(C3=Nn4cnnc4SC3c3ccccc3F)cc2N1
CHEMBL24171,AR,,4.523,0,1,Inactive,censored,COc1c2ccoc2cc2oc(=O)ccc12
CHEMBL5575877,AR,6.600,,1,0,Active,exact,C[C@](O)(CN1CCN(c2ccc(C#N)cn2)CC1)C(=O)Nc1ccc(C#N)c(C(F)(F)F)c1
CHEMBL94,AR,,4.523,0,1,Inactive,censored,CNC(=O)Oc1ccc2c(c1)[C@]1(C)CCN(C)[C@@H]1N2C
CHEMBL1138,AR,,4.523,0,1,Inactive,censored,O=C1[C@H](CC[C@H](O)c2ccc(F)cc2)[C@@H](c2ccc(O)cc2)N1c1ccc(F)cc1
CHEMBL129529,AR,,4.523,0,1,Inactive,censored,CCCCN(CCCC)CCCOC(=O)c1ccc(N)cc1
CHEMBL1200853,AR,6.920,,1,0,Active,exact,CC(=O)[C@H]1CC[C@H]2[C@@H]3C=CC4=CC(=O)CC[C@@]4(C)[C@@H]3CC[C@]12C
CHEMBL4792938,AR,6.720,,3,0,Active,exact,C[C@@](O)(Cn1cc(F)cn1)C(=O)Nc1ccc(C#N)c(C(F)(F)F)c1
CHEMBL5754269,AR,7.245,,4,0,Active,exact,C[C@@H](Cn1ccc(-c2cc(F)c(C#N)c(Cl)c2)n1)NC(=O)c1cn2cccnc2n1
CHEMBL1524273,AR,,4.523,0,1,Inactive,censored,O=C(O)c1ccccc1C(=O)Nc1ccc(S(=O)(=O)Nc2nccs2)cc1
CHEMBL3706893,AR,6.330,,1,0,Active,exact,CCN(CC)c1ccc2c(C(F)(F)F)cc(=O)[nH]c2c1
CHEMBL3183409,AR,6.700,,13,0,Active,exact,CNC(=O)c1ccc(N2C(=S)N(c3cnc(C#N)c(C(F)(F)F)c3)C(=O)C23CCC3)cc1F
CHEMBL3263765,AR,,5.000,0,1,,censored,COc1nc(C2=NN(c3ccc(C#N)c(C)n3)[C@@H](C3CCCC3)C2)ccc1C(=O)N(C)C
CHEMBL4286655,AR,5.760,,1,0,,exact,COc1ccccc1/C=C/C(=O)c1cc(I)ccc1O
CHEMBL235209,AR,6.070,,1,0,Active,exact,C[C@@](c1ccc(F)cc1)(c1c[nH]c2c(NS(C)(=O)=O)cccc12)C1CC1
CHEMBL284475,AR,6.130,,1,0,Active,exact,C[C@@H]1C(=O)C(C)(C)Nc2ccc3c(c21)[C@H](c1ccccc1)Oc1ccccc1-3
CHEMBL4849023,AR,7.400,,1,0,Active,exact,O=C(NCC(F)F)c1cccc2nc(-c3c[nH]c4c(F)c(F)c(F)cc34)ccc12
CHEMBL76370,AR,,4.523,0,1,Inactive,censored,CCCCCNC(=N)N/N=C/c1c[nH]c2ccc(OC)cc12
CHEMBL160250,AR,6.990,,1,0,Active,exact,CCC1(CC)CCc2cc3c(C(F)(F)F)cc(O)nc3cc2N1
CHEMBL891,AR,,4.523,0,1,Inactive,censored,Cc1onc(-c2ccccc2Cl)c1C(=O)N[C@@H]1C(=O)N2[C@@H]1SC(C)(C)[C@@H]2C(=O)O
CHEMBL5421175,AR,,4.523,0,1,Inactive,censored,Cn1ncc2cc(-c3cc(C(N)=O)ccc3F)ccc21
CHEMBL333826,AR,,4.523,0,1,Inactive,censored,Cc1cc(N)c2ccccc2[n+]1CCCCCCCCCC[n+]1c(C)cc(N)c2ccccc21
CHEMBL15245,AR,,6.523,0,1,,censored,COC(=O)[C@@H]1[C@H]2C[C@H]3c4[nH]c5ccccc5c4CCN3C[C@@H]2CC[C@@H]1O
CHEMBL3818619,AR,9.700,,1,0,Active,exact,N#Cc1ccc(C(O)(C2CC2)C(F)(F)F)c(Cl)c1Cl
CHEMBL4556818,AR,4.920,,2,0,Inactive,exact,Cc1noc(C)c1CSCC(=O)N1CCN(c2ccccc2C#N)CC1
CHEMBL6160860,AR,7.040,,1,0,Active,exact,O=c1cc(C(F)(F)F)c2ccc(NCc3ccc(CO)cc3)cc2o1
CHEMBL251552,AR,7.240,,1,0,Active,exact,N#Cc1ccc(OC2CCCCC2C#N)cc1C(F)(F)F
CHEMBL434200,AR,,4.523,0,1,Inactive,censored,CC(C)(C)NCC(O)COc1cccc2c1SCCC2
CHEMBL497,AR,,4.523,0,1,Inactive,censored,Oc1c(I)cc(Cl)c2cccnc12
CHEMBL283800,AR,,4.523,0,1,Inactive,censored,CN(CC(=O)O)C(=N)N
CHEMBL4545820,AR,6.680,,1,0,Active,exact,CC(C)(C)C#C[C@]1(O)CC[C@H]2[C@@H]3CCC4=CC(=O)CC[C@@H]4[C@H]3[C@@H](c3ccc(N4CCOCC4)cc3)C[C@@]21C
CHEMBL2106309,AR,6.500,,1,0,Active,exact,CCC(=O)O[C@]1(C(=O)COC(C)=O)CC[C@H]2[C@@H]3CCC4=CC(=O)CC[C@]4(C)[C@H]3[C@@H](O)C[C@@]21C
CHEMBL1095930,AR,,4.523,0,1,Inactive,censored,CO/N=C(\C(=O)N[C@@H]1C(=O)N2C(C(=O)OC(C)OC(C)=O)=C(COC(N)=O)CS[C@H]12)c1ccco1
CHEMBL5611927,AR,,5.000,0,1,,censored,Cc1ncncc1Nc1ccc2c(c1)CCC1=C3C[C@H](O)C[C@]3(C)CC[C@]12Cc1ccccc1
CHEMBL318513,AR,6.100,,1,0,Active,exact,CC1=CC(C)(C)Nc2ccc3c(c21)C(c1cccc(C(F)(F)F)c1)Oc1ccccc1-3
CHEMBL1200430,AR,7.530,,1,0,Active,exact,CC(=O)Oc1ccc2c(c1)CC[C@@H]1[C@@H]2CC[C@]2(C)[C@@H](O)CC[C@@H]12
CHEMBL3622573,AR,5.020,,1,0,,exact,Cc1ccccc1Cc1n[nH]c(=O)c2ccccc12
CHEMBL1830774,AR,6.690,,2,0,Active,exact,CCCN1CC(C)(C)C(Oc2ccc(C#N)c(C(F)(F)F)c2)C1=O
CHEMBL578413,AR,,5.000,0,1,,censored,Cc1c(C#N)c(N)nc2c3c(sc12)NC(=O)CC3c1ccccc1Cl
CHEMBL4877104,AR,6.640,,1,0,Active,exact,Cc1cc(F)cc2c(-c3ccc4ccccc4n3)c[nH]c12
CHEMBL6173051,AR,6.370,,1,0,Active,exact,CCN(Cc1cc(F)ccc1F)c1ccc2c(C(F)(F)F)cc(=O)oc2c1
CHEMBL429910,AR,,4.523,0,1,Inactive,censored,CCOc1ccc(Cc2cc([C@@H]3O[C@H](CO)[C@@H](O)[C@H](O)[C@H]3O)ccc2Cl)cc1
CHEMBL130,AR,,4.523,0,1,Inactive,censored,O=C(N[C@H](CO)[C@H](O)c1ccc([N+](=O)[O-])cc1)C(Cl)Cl
CHEMBL5572389,AR,5.960,,1,0,,exact,COc1ccc(N2CCN(C[C@](C)(O)C(=O)Nc3ccc(C#N)c(C(F)(F)F)c3)CC2)cc1
CHEMBL6721,AR,8.150,,1,0,Active,exact,CCC1CC(CC)c2cc3c(C(F)(F)F)cc(=O)oc3cc2N1
CHEMBL3813873,AR,,4.523,0,1,Inactive,censored,FC(F)(F)c1ccc(CNc2ccc(Cc3c[nH]c4ncc(Cl)cc34)cn2)cn1
CHEMBL64894,AR,,4.523,0,1,Inactive,censored,CN(C)c1ccc(C(=C2C=CC(=[N+](C)C)C=C2)c2ccc(N(C)C)cc2)cc1.[Cl-]
CHEMBL4856070,AR,7.520,,1,0,Active,exact,Fc1ccc2c(-c3ccc4ccccc4n3)c[nH]c2c1Cl
CHEMBL1082837,AR,,5.000,0,1,,censored,CC(C)NS(=O)(=O)c1ccc(-c2ccc3c(cnn3-c3ccc(F)cc3)c2)c(C(F)(F)F)c1
CHEMBL3238288,AR,9.085,,2,0,Active,exact,C[C@](O)(COc1ccc(F)cc1C#N)C(=O)N1CCc2c(C#N)cccc21
CHEMBL4852876,AR,7.050,,1,0,Active,exact,Fc1cc2c(-c3ccc4ccccc4n3)c[nH]c2c(F)c1F
CHEMBL5826812,AR,,4.523,0,1,Inactive,censored,C[C@@H](c1ccc([C@@H]2O[C@@H]3C[C@H]4[C@@H]5C[C@H](F)C6=CC(=O)C=C[C@]6(C)[C@@]5(F)[C@@H](O)C[C@]4(C)[C@]3(C(=O)CO)O2)cc1)c1cccc(N)c1
CHEMBL1355736,AR,,4.523,0,1,Inactive,censored,Cn1c(=O)c2nc[nH]c2n(C)c1=O.O
CHEMBL1908373,AR,6.570,,1,1,Active,exact,CN(C)c1ccc([C@H]2C[C@]3(C)[C@@H](CC[C@]3(O)CCCO)[C@@H]3CCC4=CC(=O)CCC4=C32)cc1
CHEMBL4788869,AR,5.220,,1,0,,exact,Cc1noc(C)c1-c1ccc2c(c1)CCC1C(=O)N(c3ccc(C#N)c(C(F)(F)F)c3)C(=S)N21
CHEMBL134303,AR,,6.000,0,1,,censored,CC1(C)CCc2cc3c(C(F)(F)F)cc(N(S(C)(=O)=O)S(C)(=O)=O)nc3cc2N1
CHEMBL278020,AR,,4.523,0,1,Inactive,censored,CN(C)C(=O)Oc1cccc([N+](C)(C)C)c1
CHEMBL2334346,AR,,5.000,0,1,,censored,CC[Si](CC)(c1ccc(O)c(C)c1)c1ccc(OC[C@H](O)C(C)(C)C)c(C)c1
CHEMBL5899179,AR,6.770,,1,0,Active,exact,N#Cc1ccc(N2CCc3c(ncnc3Nc3ccc(C4(O)CC4)cn3)C2)cc1C(F)(F)F
CHEMBL583625,AR,,5.398,0,1,,censored,C[C@]12Cn3cnc(-c4ccc(F)cc4)c3C=C1CCC[C@@H]2[C@](C)(O)c1cccnc1
CHEMBL3819599,AR,6.800,,1,0,Active,exact,CC(C)(C)C(O)(c1ccc(C#N)c(Cl)c1)C(F)(F)F
CHEMBL5277472,AR,,5.301,0,1,,censored,Cc1cc(C)cc(-c2c(C)c(O)c(O)c(C=O)c2COCc2ccccc2)c1
CHEMBL482064,AR,6.430,,1,0,Active,exact,O=C(c1cccc(N(Cc2ccccc2)c2ccc([N+](=O)[O-])cc2)c1)N1CCCC1
CHEMBL3323490,AR,6.205,,2,0,Active,exact,Clc1ncn(-c2csc(N3CCOCC3)n2)c1Cl
CHEMBL3238280,AR,9.045,,2,0,Active,exact,C[C@](O)(COc1ccc(Br)cc1)C(=O)N1CCc2c(C#N)cccc21
CHEMBL673,AR,,4.523,0,1,Inactive,censored,C#CCN(C)Cc1ccccc1
CHEMBL166,AR,,4.523,0,1,Inactive,censored,Nc1nc(N)nc(Nc2ccc([As]3SCC(CO)S3)cc2)n1
CHEMBL229916,AR,8.800,,1,0,Active,exact,CC[C@@H]1[C@@H]2[C@@H](O)CCN2C(=O)N1c1ccc(C#N)c(Cl)c1C
CHEMBL416755,AR,,4.523,0,1,Inactive,censored,CCn1cc(C(=O)O)c(=O)c2cc3c(cc21)OCO3
CHEMBL493287,AR,,4.523,0,1,Inactive,censored,N[C@H]1C(O)O[C@H](CO)[C@@H](O)[C@@H]1O
CHEMBL3894825,AR,7.370,,1,0,Active,exact,CC1(C)C(=O)N(c2ccc(C#N)c(C(F)(F)F)c2)C(=S)N1c1ccc(C(=O)OCCCCCC(=O)NO)c(F)c1
CHEMBL5413706,AR,6.550,,5,0,Active,exact,Cc1cn(C2=CCC3C4CC=C5C[C@@H](NC(=O)c6ccc(F)cc6F)CC[C@]5(C)C4CC[C@]23C)cn1
CHEMBL5571494,AR,,5.301,0,1,,censored,Cc1ccc(NC(=O)c2ccc(NC(=O)c3ccc(S(=O)(=O)N4CCCc5ccccc54)cc3)s2)cc1
CHEMBL1209236,AR,7.000,,1,0,Active,exact,Cn1c(C#N)ccc1-c1ccc(C(=O)C(C)(C)C)cc1
CHEMBL1086260,AR,,5.000,0,1,,censored,CC(C)N(c1ccccc1)S(=O)(=O)c1ccc(-c2ccc3c(cnn3-c3ccc(F)cc3)c2)c(C(F)(F)F)c1
CHEMBL2426636,AR,5.600,,1,0,,exact,CCCC(c1ccc2c(cnn2-c2ccc(F)cc2)c1)C(C)(C)C(=O)Nc1nncs1
CHEMBL4101935,AR,7.440,,2,0,Active,exact,C[C@H]1[C@@H](O)[C@H](Cc2ccccc2)C(=O)N1c1ccc(C#N)c(Cl)c1
CHEMBL4782992,AR,6.380,,6,0,Active,exact,C[C@](O)(Cn1cc(-c2ccc(F)cc2)c(F)n1)C(=O)Nc1ccc(C#N)c(C(F)(F)F)c1
CHEMBL5208207,AR,,4.602,0,1,Inactive,censored,CC(O)c1cc(C(=O)NCc2ccn(-c3ccc(C#N)c(C(F)(F)F)c3)n2)n[nH]1
CHEMBL503676,AR,8.050,,1,0,Active,exact,Cn1cc(N(Cc2ccccc2)c2ccc([N+](=O)[O-])cc2)cc1C(=O)N1CCc2ccccc21
CHEMBL3262347,AR,4.350,,1,0,Inactive,exact,CC(C)(O)c1cn(-c2ccc([N+](=O)[O-])c(C(F)(F)F)c2)nn1
CHEMBL305906,AR,,4.523,0,1,Inactive,censored,CCCCCCCCCCCCCCCC[n+]1ccccc1
CHEMBL35429,AR,5.930,,1,0,,exact,C[C@@H]1C(=O)C(C)(C)Nc2ccc3c(c21)[C@H](c1ccc(Cl)cc1)Oc1ccccc1-3
CHEMBL349631,AR,7.480,,1,0,Active,exact,C[C@H]1N(C)c2cc3c(cc2C1(C)C)c(C(F)(F)F)cc(=O)n3C
CHEMBL3989843,AR,,4.523,0,1,Inactive,censored,N[C@@H]1C[C@H]1c1ccccc1.N[C@H]1C[C@@H]1c1ccccc1
CHEMBL2106996,AR,,4.523,0,1,Inactive,censored,CC(C)N1CCOC(c2cccc(C(F)(F)F)c2)C1
CHEMBL114941,AR,6.040,,1,0,Active,exact,CCCCC1Oc2ccc(C)cc2-c2ccc3c(c21)C(C)=CC(C)(C)N3
CHEMBL4781708,AR,5.220,,1,0,,exact,CC1(C)NC(=O)N(c2cccc(C(F)(F)F)c2)C1=O
CHEMBL1830771,AR,5.550,,1,0,,exact,CC1(C)CNC(=O)C1Oc1ccc(C#N)c(C(F)(F)F)c1
CHEMBL438863,AR,,6.000,0,1,,censored,C[C@]12CC[C@H]3[C@@H](CC4C5=CC(=O)CC[C@@]53C[C@H]4O)[C@@H]1CC[C@@H]2O
CHEMBL3818069,AR,7.800,,1,0,Active,exact,Cc1c(C(O)(C#CC2CC2)C(F)(F)F)ccc(C#N)c1Cl
CHEMBL6966,AR,,4.523,0,1,Inactive,censored,COc1ccc(CCN(C)CCCC(C#N)(c2ccc(OC)c(OC)c2)C(C)C)cc1OC
CHEMBL4786505,AR,5.620,,1,0,,exact,CC1(C)C(=O)N(c2ccc(F)c(C(F)(F)F)c2)C(=O)N1CCc1ccccc1
CHEMBL452231,AR,,4.523,0,1,Inactive,censored,COc1cc([C@@H]2c3cc4c(cc3[C@@H](O[C@@H]3O[C@@H]5CO[C@@H](c6cccs6)O[C@H]5[C@H](O)[C@H]3O)[C@H]3COC(=O)[C@H]23)OCO4)cc(OC)c1O
CHEMBL6175494,AR,7.400,,1,0,Active,exact,O=C(Nc1nc(CN2CCN(C(=O)C3CC3)CC2)ns1)C1=Cc2cc(Cl)ccc2OC=C1
CHEMBL257152,AR,6.110,,1,0,Active,exact,Cc1cc(-c2ccc(F)c3cc[nH]c23)c(Cl)c2c1NC(C)(C)CC2C
CHEMBL422707,AR,7.160,,1,0,Active,exact,CCC1(C)CCc2cc3c(C(F)(F)F)cc(=O)n(C)c3cc2N1
CHEMBL3658379,AR,7.260,,1,0,Active,exact,C=CC1CC2=CC(=O)CCC2C2CC[C@@]3(C)C(C4CC4[C@@]34CCC(=O)O4)C12
CHEMBL2159544,AR,6.135,,2,0,Active,exact,Fc1ccc(C2=NOC3CCCCCC23)c(C(F)(F)F)c1
CHEMBL4527176,AR,6.870,,2,0,Active,exact,C[C@](O)(CN1CCc2ccc(F)cc21)C(=O)Nc1ccc(C#N)c(Cl)c1
CHEMBL391770,AR,7.700,,1,0,Active,exact,Cc1c(N2C(C)[C@@H]3[C@@H](O)CCN3S2(=O)=O)ccc(C#N)c1Cl
CHEMBL483745,AR,9.150,,1,0,Active,exact,Cc1c(/N=C2\O[C@@H](C(C)C)[C@@H]3[C@H](O)CCN23)ccc(C#N)c1Cl
CHEMBL4798606,AR,6.660,,1,0,Active,exact,Fc1ccccc1C1Nc2ccc3ccccc3c2C2C=CCC21
CHEMBL1200370,AR,,4.523,0,1,Inactive,censored,O=C(OOC(=O)c1ccccc1)c1ccccc1
CHEMBL464929,AR,5.280,,1,0,,exact,COc1cc(C#N)ccc1Oc1ccc(C)cc1
CHEMBL3326456,AR,8.350,,1,0,Active,exact,Cc1c(C2=NN3CC[C@H](O)[C@H]3[C@@H]2OC(C)C)ccc(C#N)c1Cl
CHEMBL493682,AR,,4.523,0,1,Inactive,censored,COc1ccc(CCNC[C@H](O)c2ccc(O)cc2)cc1OC
CHEMBL1115,AR,,4.523,0,1,Inactive,censored,CN(C)C(=O)Oc1ccc[n+](C)c1
CHEMBL4526613,AR,,4.602,0,2,Inactive,censored,Cc1ccccc1N1CCN(C(=O)NCSCc2c(C)noc2C)CC1
CHEMBL5274438,AR,,5.301,0,1,,censored,Cc1c(O)c(O)c(C=O)c(COCc2ccccc2F)c1-c1ccc(F)cc1
CHEMBL1318341,AR,,4.523,0,1,Inactive,censored,Cc1cc2c(cc1S(N)(=O)=O)S(=O)(=O)CCC2
CHEMBL5531958,AR,7.370,,2,0,Active,exact,N#Cc1ccc(O[C@H]2CC[C@H](NC(=O)c3ccc(N4CCC(CN5CCN(CCCCCF)CC5)CC4)nn3)CC2)cc1Cl
CHEMBL701,AR,,4.523,0,1,Inactive,censored,NCC(CC(=O)O)c1ccc(Cl)cc1
CHEMBL139,AR,,5.523,0,1,,censored,O=C(O)Cc1ccccc1Nc1c(Cl)cccc1Cl
CHEMBL1165497,AR,7.620,,1,0,Active,exact,Cc1ccc(C(=O)C[C@@H](Nc2ccc([N+](=O)[O-])cc2)c2cccc(F)c2)cc1
CHEMBL1093,AR,,4.523,0,1,Inactive,censored,CCCNC(C)C(=O)Nc1c(C)csc1C(=O)OC
CHEMBL4090670,AR,4.650,,1,0,Inactive,exact,O=C1c2ccc(F)cc2C(=O)N1c1nc(-c2ccccc2)cs1
CHEMBL1924003,AR,4.300,,1,2,Inactive,exact,Cc1cc(/C=C/C(=O)O)c(C)n1-c1ccc2c(c1)OCO2
CHEMBL4782426,AR,5.420,,1,0,,exact,CC1(C)NC(=O)N(c2ccncc2)C1=O
CHEMBL5744517,AR,5.100,,2,0,,exact,C[C@](O)(CS(=O)(=O)c1ccc(F)cc1)C(=O)Nc1cc(C(F)(F)F)c([N+](=O)[O-])cn1
CHEMBL3132998,AR,5.520,,1,0,,exact,CC[C@H](C)[C@H](NC(=O)[C@H](CS)NC(=O)[C@H](Cc1ccccc1)NC(=O)[C@H](CC(C)C)NC(=O)[C@H](CCC(=O)O)NC(=O)[C@H](CS)NC(=O)[C@H](Cc1ccccc1)NC(=O)[C@H](CCCNC(=N)N)NC(=O)[C@@H](N)CC(N)=O)C(=O)N[C@@H](CCC(N)=O)C(=O)NCC(=O)N[C@H](C(=O)N[C@@H](CCC(=O)O)C(=O)N[C@@H](CC(=O)O)C(=O)N[C@H](C(=O)N[C@@H](CCCCN)C(=O)N[C@@H](C)C(=O)N[C@@H](CS)C(=O)N[C@@H](CCC(=O)O)C(=O)N[C@@H](Cc1c[nH]c2ccccc12)C(=O)N[C@@H](C)C(=O)N[C@@H](CS)C(=O)N[C@@H](CCC(N)=O)C(=O)O)C(C)C)[C@@H](C)O
CHEMBL5555360,AR,6.700,,1,0,Active,exact,C[C@](O)(CN1CCN(c2ccc(C#N)nn2)CC1)C(=O)Nc1ccc(C#N)c(C(F)(F)F)c1
CHEMBL6174092,AR,,5.000,0,1,,censored,O=c1cc(C(F)(F)F)oc2cc(OCc3ccc(Br)cc3)ccc12
CHEMBL5777912,AR,7.520,,1,0,Active,exact,CCCCC(C)(O)C(=O)Nc1cc(Br)nc(OC)c1
CHEMBL163425,AR,8.400,,1,0,Active,exact,Cn1c(=O)cc(C(F)(F)F)c2cc3c(cc21)N[C@@H]1CCCC[C@H]31
CHEMBL3238276,AR,7.915,,2,0,Active,exact,C[C@](O)(COc1ccccc1F)C(=O)N1CCc2c(C#N)cccc21
CHEMBL5440505,AR,,4.523,0,1,Inactive,censored,CSc1ncc(C(N)=O)cc1-c1ccc2c(cnn2C)c1
CHEMBL268589,AR,7.480,,1,0,Active,exact,CC1CN(C)c2cc3c(C(F)(F)F)cc(=O)[nH]c3cc2O1
CHEMBL5288892,AR,5.480,,1,0,,exact,Cc1c(O)c(O)c(C=O)c(COCc2ccc(C(F)(F)F)cc2)c1-c1ccccc1
CHEMBL387651,AR,5.820,,1,0,,exact,CCNC(=O)CCCCCCCC1C[C@H]2CC(=O)CC[C@]2(C)[C@H]2CC[C@]3(C)[C@@H](O)CC[C@H]3[C@H]12
CHEMBL1957610,AR,6.610,,2,0,Active,exact,Cc1nn(-c2ccc(C#N)c(Cl)c2)c(C)c1Oc1ccc(C(=O)NCC(C)(C)O)cc1
CHEMBL4059588,AR,7.830,,2,0,Active,exact,CC[C@H]1[C@@H](O)CC(=O)N1c1ccc(C#N)c(OC)c1
CHEMBL5287790,AR,,5.301,0,1,,censored,Cc1c(O)c(O)c(C=O)c2c1C(C#Cc1ccc(Br)cc1)CC2
CHEMBL197946,AR,,5.000,0,1,,censored,CCC(CC)(c1ccc(OCC(=O)C(C)(C)C)c(C)c1)c1ccc(OCC(=O)C(C)(C)C)c(C)c1
CHEMBL2159541,AR,6.510,,1,0,Active,exact,O=[N+]([O-])c1ccc(C2=NO[C@@H]3CCCCC[C@H]23)c(C(F)(F)F)c1
CHEMBL6160857,AR,7.170,,1,0,Active,exact,O=c1cc(C(F)(F)F)c2ccc(NCc3ccc(OC(F)F)cc3)cc2o1
CHEMBL254857,AR,,4.523,0,1,Inactive,censored,O=C(COc1ccc(Cl)cc1)N1CCN(Cc2ccc3c(c2)OCO3)CC1
CHEMBL5818111,AR,5.760,,2,0,,exact,C[C@](O)(CBr)C(=O)Nc1ccc2ncncc2c1
CHEMBL4778795,AR,7.230,,1,0,Active,exact,C[C@](O)(Cn1cc(C#N)cn1)C(=O)Nc1cnc(C#N)c(C(F)(F)F)c1
CHEMBL4449952,AR,6.385,,2,0,Active,exact,C[C@](O)(CN1CCc2cc(Br)ccc21)C(=O)Nc1ccc(C#N)c(Cl)c1
CHEMBL5284793,AR,,5.301,0,1,,censored,Cc1c(O)c(O)c(C=O)c(COCc2ccccc2)c1-c1cccs1
CHEMBL440251,AR,7.280,,1,0,Active,exact,C#C[C@]1(O)CC[C@H]2[C@@H]3CCC4=CC(=O)CCC4=C3[C@@H](c3ccc(N(C)CCC[C@H]4[C@H](O)CC[C@@]5(C)[C@@H]4C[C@@H](O)[C@@H]4[C@@H]5C[C@H](O)[C@]5(C)[C@@H]([C@H](C)CCC(=O)O)CC[C@@H]45)cc3)C[C@@]21C
CHEMBL1644765,AR,6.400,,1,0,Active,exact,Cc1cc(-c2cccc3cc[nH]c23)c(Cl)c2c1NC(C)(C)[C@@H](O)[C@H]2C
CHEMBL415621,AR,8.340,,1,0,Active,exact,C#C[C@]1(O)CC[C@H]2[C@@H]3CCC4=CC(=O)CCC4=C3[C@@H](c3ccc(N(C)CCCOC4CC[C@@]5(C)[C@@H](C4)C[C@@H](O)[C@@H]4[C@@H]5C[C@H](O)[C@]5(C)[C@@H]([C@H](C)CCC(=O)O)CC[C@@H]45)cc3)C[C@@]21C
CHEMBL427957,AR,7.640,,1,0,Active,exact,CC[C@H]1C[C@@H](C)Nc2cc3nc(O)cc(C(F)(F)F)c3cc21
CHEMBL484726,AR,9.520,,3,0,Active,exact,Cc1c(/N=C2\O[C@@H](C(F)(F)F)[C@@H]3[C@@H](O)CCN23)ccc(C#N)c1Cl
CHEMBL2334339,AR,5.170,,1,0,,exact,CC[Si](CC)(c1ccc(OCC(O)CO)c(C)c1)c1ccc(OCC(O)C(C)(C)C)c(C)c1
CHEMBL5279873,AR,6.115,,2,0,Active,exact,CC1(C)C(=O)N(c2ccc(C#N)c(C(F)(F)F)c2)C(=S)N1CCCC(=O)NCCOCCOCCOCCOC12CC3CC(CC(C3)C1)C2
CHEMBL5911549,AR,6.520,,1,0,Active,exact,COc1ccc(CCC(C)(O)C(=O)Nc2ccnc(Br)c2)cc1
CHEMBL5799272,AR,7.000,,1,0,Active,exact,CC1(C)C(=O)N(c2ccc(C#N)c(C(F)(F)F)c2)C(=S)N1c1ccc(CNC(=O)c2cncs2)c(Cl)c1
CHEMBL1210035,AR,7.250,,1,0,Active,exact,C[C@]12CN(S(C)(=O)=O)C[C@](C)(O1)[C@@H]1C(=O)N(c3ccc(C#N)c(C(F)(F)F)c3)C(=O)[C@@H]12
CHEMBL5173941,AR,6.410,,1,0,Active,exact,CC1(C)C(=O)N(c2ccc(C#N)c(C(F)(F)F)c2)C(=S)N1CCCCCCC(=O)NO
CHEMBL256769,AR,8.850,,2,0,Active,exact,COc1c(C(=O)OC(F)(F)F)ccc2oc(=O)c3c(ccc4[nH]c(=O)cc(C)c43)c12
CHEMBL6191979,AR,,5.000,0,1,,censored,Cc1nc(-c2cc(F)c(F)c(O)c2F)sc1C(=O)N(Cc1ccc(Cl)cc1)C(C)C
CHEMBL404215,AR,,4.523,0,1,Inactive,censored,OC(CCN1CCCCC1)(c1ccccc1)c1ccccc1
CHEMBL291747,AR,,4.523,0,1,Inactive,censored,C[C@@H](O)[C@H](N)C(=O)O
CHEMBL350221,AR,,4.523,0,1,Inactive,censored,N[C@@H](Cc1c[nH]c2ccc(O)cc12)C(=O)O
CHEMBL522172,AR,5.820,,1,0,,exact,CC(C)CNc1cc(CCc2cccc3ccccc23)nc(NCc2cccc3ccccc23)n1
CHEMBL3706891,AR,6.790,,1,0,Active,exact,O=c1cc(C(F)(F)F)c2ccc(NCc3ccccc3)cc2[nH]1
CHEMBL2334724,AR,5.400,,1,0,,exact,CC[Si](CC)(c1ccc(OCC(=O)C(C)(C)C)c(C)c1)c1ccc(OC[C@H](O)CO)c(C)c1
CHEMBL6150450,AR,7.540,,1,0,Active,exact,Cc1oc(-c2cc(C(F)(F)F)ccc2Cl)cc1C(=O)Nc1nc(CN2CCOCC2)ns1
CHEMBL403,AR,,4.523,0,1,Inactive,censored,CC1(C)[C@H](C(=O)O)N2C(=O)C[C@H]2S1(=O)=O
CHEMBL519260,AR,,4.523,0,1,Inactive,censored,CCNC(=O)/C=C(C)/C=C/C=C(C)/C=C/c1c(C)cc(OC)c(C)c1C
CHEMBL201569,AR,6.760,,1,0,Active,exact,C[C@]12CCC3C(CC=C4C[C@@H](O)CC[C@@]43/C=C\Cl)C1CC[C@@H]2O
CHEMBL3263767,AR,5.000,,1,0,,exact,COc1nc(C2=NN(c3ccc(C#N)c(C)n3)[C@@H](C3CCCC3)C2)ccc1C(=O)NS(C)(=O)=O
CHEMBL34824,AR,6.250,,1,0,Active,exact,CC1C(=O)C(C)(C)Nc2ccc3c(c21)/C(=C/c1cccc(F)c1)Oc1ccccc1-3
CHEMBL5174154,AR,6.770,,1,0,Active,exact,N#Cc1ccc(-n2ccc(CC(=O)Nc3ccc(F)cn3)n2)cc1Cl
CHEMBL1172,AR,,4.523,0,1,Inactive,censored,Clc1ccc2c(c1)CCc1cccnc1C2=C1CCNCC1
CHEMBL4454790,AR,4.970,,2,0,Inactive,exact,Cc1ccccc1N1CCN(CCSCc2c(C)noc2C)CC1
CHEMBL5286874,AR,,5.301,0,1,,censored,Cc1c(O)c(O)c(C=O)c(COCc2ccccc2F)c1-c1ccccc1
CHEMBL228792,AR,,4.523,0,1,Inactive,censored,c1coc(CNc2ncnc3[nH]cnc23)c1
CHEMBL4448937,AR,6.005,,2,0,Active,exact,CCOC(=O)c1cn(C[C@](C)(O)C(=O)Nc2ccc(C#N)c(C(F)(F)F)c2)c2ccccc12
CHEMBL584522,AR,,5.398,0,1,,censored,C[C@]12Cn3cnc(-c4ccc(F)cc4)c3C=C1CCC[C@@H]2[C@](C)(O)C1CC1
CHEMBL25202,AR,,4.523,0,1,Inactive,censored,CC1(C)CCC(C)(C)c2cc(NC(=O)c3ccc(C(=O)O)cc3)ccc21
CHEMBL5982655,AR,,4.523,0,1,Inactive,censored,C[C@]12C=CC(=O)C=C1[C@@H](F)C[C@H]1[C@@H]3C[C@H]4O[C@@H](c5ccc(Sc6cccc(N)c6)cc5)O[C@@]4(C(=O)CO)[C@@]3(C)C[C@H](O)[C@@]12F
CHEMBL1288958,AR,7.470,,2,0,Active,exact,Oc1c(Br)ccc2c1[nH]c1cc(Cl)c(Cl)cc12
CHEMBL4226844,AR,7.280,,1,0,Active,exact,Cc1nn(-c2ccc(C#N)c(Cl)c2)c(C)c1CCc1ccc(C(=O)O)cc1
CHEMBL5793492,AR,6.520,,1,0,Active,exact,CC1(C)C(=O)N(c2ccc(C#N)c(C(F)(F)F)c2)C(=O)N1c1ccc(CNC(=O)c2ncccn2)cc1
CHEMBL572357,AR,,5.398,0,1,,censored,C[C@]12Cn3cnc(-c4ccc(F)cc4)c3C=C1CCC[C@@H]2[C@](C)(O)c1ccc(C#N)cc1
CHEMBL710,AR,,4.523,0,1,Inactive,censored,CC(C)(C)NC(=O)[C@H]1CC[C@H]2[C@@H]3CC[C@H]4NC(=O)C=C[C@]4(C)[C@H]3CC[C@]12C
CHEMBL90,AR,,4.523,0,1,Inactive,censored,NCCc1c[nH]cn1
CHEMBL5428956,AR,,4.523,0,1,Inactive,censored,Cn1ncc2cc(-c3cccc(C(N)=O)c3)ccc21
CHEMBL2316551,AR,,3.699,0,1,Inactive,censored,CC(C)(C)c1cccc(OCCSc2nc3ccccc3n2CC(=O)O)c1
CHEMBL1403349,AR,5.900,,1,0,,exact,Fc1ccc(-c2csc(-c3ccncc3)n2)cc1
CHEMBL1544269,AR,,4.301,0,1,Inactive,censored,NS(=O)(=O)c1ccc(Nc2cccc(C(F)(F)F)c2)nc1
CHEMBL2110588,AR,,4.523,0,1,Inactive,censored,CCCCCCCC(=O)N[C@H](CN1CCCC1)[C@H](O)c1ccc2c(c1)OCCO2
CHEMBL5084639,AR,,4.301,0,1,Inactive,censored,Cn1cc(C(=O)Nc2ccc3c(C(F)(F)F)cc(=O)oc3c2)c(I)n1
CHEMBL5437180,AR,6.760,,1,1,Active,exact,C[C@](O)(Cn1cc2c(F)cccc2n1)C(=O)Nc1ccc(C#N)c(C(F)(F)F)c1
CHEMBL1672549,AR,5.590,,1,0,,exact,CC[C@@H](C)n1cc(-c2ccc(C#N)cc2)c2ccc(NS(C)(=O)=O)cc21
CHEMBL4465426,AR,5.360,,1,0,,exact,CC1(C)NC(=O)N(c2ccc(F)c(C(F)(F)F)c2)C1=O
CHEMBL4781726,AR,5.550,,1,0,,exact,N#Cc1ccc(N2C(=O)C3CCc4ccccc4N3C2=S)cc1C(F)(F)F
CHEMBL1451,AR,,4.523,0,1,Inactive,censored,C[C@]12C=CC(=O)C=C1CC[C@H]1[C@@H]3C[C@@H](O)[C@](O)(C(=O)CO)[C@@]3(C)C[C@H](O)[C@@]12F
CHEMBL5878202,AR,6.010,,1,1,Active,exact,Cn1ccnc1C(=O)NCc1ccc(N2C(=O)N(c3ccc(C#N)c(C(F)(F)F)c3)C(=O)C2(C)C)cc1F
CHEMBL226558,AR,8.550,,1,0,Active,exact,CC[C@@H]1COc2cc3[nH]c(=O)cc(C(F)(F)F)c3cc2N1CC(F)(F)F
CHEMBL3623119,AR,8.080,,2,0,Active,exact,CCC(=O)N[C@@H]1C[C@]2(C)O[C@]1(C)[C@@H]1C(=O)N(c3ccc(C#N)c(C(F)(F)F)c3)C(=O)[C@@H]12
CHEMBL202990,AR,6.700,,1,0,Active,exact,C[C@@H]1CN(c2ccc(C#N)c(C(F)(F)F)c2)[C@@H](C)CN1C(=O)Nc1ccc(F)cc1F
CHEMBL6161046,AR,7.580,,1,0,Active,exact,CNC(=O)c1ccc(C(=O)NC2CC3(CCN(c4ccc(C#N)c(C(F)(F)F)c4)C3)C2)cc1F
CHEMBL742,AR,,4.523,0,1,Inactive,censored,CNC1(c2ccccc2Cl)CCCCC1=O
CHEMBL437765,AR,,4.523,0,1,Inactive,censored,CO[C@H]1/C=C/O[C@@]2(C)Oc3c(C)c(O)c4c(O)c(cc(O)c4c3C2=O)NC(=O)/C(C)=C\C=C\[C@H](C)[C@H](O)[C@@H](C)[C@@H](O)[C@@H](C)[C@H](OC(C)=O)[C@@H]1C
CHEMBL5992414,AR,5.840,,1,0,,exact,CC(=O)Nc1ccc(N2C(=S)N(c3ccc(C#N)c(C(F)(F)F)c3)C(=O)C23CCC3)cc1F
CHEMBL1373254,AR,,4.523,0,1,Inactive,censored,NS(=O)(=O)c1cc2c(cc1Cl)NC(CC1CCCC1)NS2(=O)=O
CHEMBL3410852,AR,7.180,,2,0,Active,exact,N#Cc1ccc(N2C3CCC2CC(=O)C3)cc1C(F)(F)F
CHEMBL5206234,AR,5.630,,1,0,,exact,CC1(C)C(=O)N(c2ccc(C#N)c(C(F)(F)F)c2)C(=S)N1c1ccc(C(=O)Nc2ccccc2N)cn1
CHEMBL5421324,AR,5.770,,2,0,,exact,CN1CCN(c2ccc(C(=O)N3CCC4(CC3)CCN(c3ccc(C#N)c(Cl)c3)C4)cc2)CC1
CHEMBL5421740,AR,6.800,,1,1,Active,exact,C[C@](O)(Cn1cc(C#N)c2cc(F)ccc21)C(=O)Nc1ccc(C#N)c(C(F)(F)F)c1
CHEMBL611,AR,,4.523,0,1,Inactive,censored,COc1cc2nc(N3CCN(C(=O)C4CCCO4)CC3)nc(N)c2cc1OC
CHEMBL5092058,AR,,5.000,0,2,,censored,Cc1cn([C@H](C)CC#N)c(=O)c2cc(Cn3nc(C(F)F)cc3Cl)nn12
CHEMBL527,AR,,4.523,0,1,Inactive,censored,CN1C(C(=O)Nc2ccccn2)=C(O)c2ccccc2S1(=O)=O
CHEMBL4852213,AR,6.040,,5,0,Active,exact,C[C@](O)(Cn1cnc(Br)c1)C(=O)Nc1ccc(C#N)c(C(F)(F)F)c1
CHEMBL1934448,AR,6.955,,2,0,Active,exact,Cc1c(C#N)c(-c2ccc(C#N)cc2)cn1Cc1cnc(Cl)c(CO)c1
CHEMBL1957613,AR,8.935,,2,0,Active,exact,Cc1nn(-c2ccc(C#N)c(C(F)(F)F)c2)c(C)c1Cc1ccc(F)cc1
CHEMBL257379,AR,8.960,,1,0,Active,exact,Cc1cccc([C@@H]2COc3cc4[nH]c(=O)cc(C(F)(F)F)c4cc3N2CC(F)(F)F)c1
CHEMBL255331,AR,8.140,,1,0,Active,exact,CC12C[C@H](O)C(C)(O1)[C@@H]1C(=O)N(c3ccc(C#N)c(I)c3)C(=O)[C@@H]12
CHEMBL1165353,AR,7.130,,1,0,Active,exact,O=C(CC(Nc1ccc([N+](=O)[O-])cc1)C1CCCCC1)c1ccccc1
CHEMBL1762202,AR,6.000,,1,0,Active,exact,Cc1c[nH]c2c(-c3c(F)cc4c(c3F)/C(=N/OC(C)(C)C)CC(C)(C)N4)cccc12
CHEMBL65021,AR,5.180,,1,0,,exact,COc1cccc2c1-c1ccc(NS(C)(=O)=O)cc1C(c1ccccc1)O2
CHEMBL3120317,AR,6.620,,1,0,Active,exact,CC/C(=C1\c2ccccc2OCc2cccc(OC)c21)c1cccc(NS(C)(=O)=O)c1
CHEMBL3913672,AR,6.580,,2,0,Active,exact,N#Cc1ccc(C(=O)N[C@H]2CC[C@H](Oc3ccnc4c(Br)cccc34)CC2)cc1
CHEMBL6147607,AR,,5.000,0,1,,censored,O=c1cc(C(F)(F)F)c2cc(N3CCCC3)c(OCc3ccc(Br)cc3)cc2o1
CHEMBL1083784,AR,,5.000,0,1,,censored,CC(C)(C)c1ccc(S(=O)(=O)Nc2ccc(-c3ccc4c(cnn4-c4ccc(F)cc4)c3)c(C(F)(F)F)c2)cc1
CHEMBL5083886,AR,5.720,,1,0,,exact,O=c1cc(C(F)(F)F)c2ccc(OCc3ccncc3)cc2o1
CHEMBL5559421,AR,7.590,,1,0,Active,exact,N#Cc1ccc(O[C@H]2CC[C@H](NC(=O)c3ccc(N4CCC(N5CCC(F)(F)CC5)CC4)nn3)CC2)cc1Cl
CHEMBL267471,AR,7.380,,1,0,Active,exact,CC[C@H]1Nc2cc3nc(O)cc(C(F)(F)F)c3cc2CC1(CC)CC
CHEMBL2105458,AR,,4.523,0,1,Inactive,censored,CN1CCC(N(Cc2cccs2)c2ccccc2)CC1
CHEMBL1445673,AR,,3.699,0,1,Inactive,censored,Cc1ccc(OCCSc2nc3ccccc3n2CC(=O)O)cc1C
CHEMBL5402064,AR,,5.000,0,1,,censored,CN1CCN(c2ccc(C(=O)N3CC4(CCN(c5ccc(C#N)c(Cl)c5)CC4)C3)cc2)CC1
CHEMBL609109,AR,,4.523,0,1,Inactive,censored,CN1CCN(CCCN2c3ccccc3Sc3ccc(S(=O)(=O)N(C)C)cc32)CC1
CHEMBL1174,AR,,4.523,0,1,Inactive,censored,N=C(N)NCCCC[C@@H]1NC(=O)CCSSC[C@@H](C(N)=O)NC(=O)[C@@H]2CCCN2C(=O)[C@H](Cc2c[nH]c3ccccc23)NC(=O)[C@H](CC(=O)O)NC(=O)CNC1=O
CHEMBL3039598,AR,,4.523,0,1,Inactive,censored,CCC(=O)O[C@@H](O[P@](=O)(CCCCc1ccccc1)CC(=O)N1C[C@H](C2CCCCC2)C[C@H]1C(=O)O)C(C)C
CHEMBL217402,AR,8.130,,1,0,Active,exact,CCN(c1ccc2nc(O)cc(C(F)(F)F)c2c1)C(C)C
CHEMBL188952,AR,,4.523,0,1,Inactive,censored,CC(C(=O)O)c1ccc(N2CC=CC2)c(Cl)c1
CHEMBL1085958,AR,,5.000,0,1,,censored,O=S(=O)(Nc1ccc(-c2ccc3c(cnn3-c3ccc(F)cc3)c2)c(C(F)(F)F)c1)c1cccc(OC(F)(F)F)c1
CHEMBL5574997,AR,6.140,,1,0,Active,exact,C[C@](O)(CN1C2CC1CN(c1ccc(C#N)cc1)C2)C(=O)Nc1ccc(C#N)c(C(F)(F)F)c1
CHEMBL3605928,AR,6.040,,1,0,Active,exact,COc1ccc(F)cc1-c1c(-c2ccccc2)[nH]c2c(NS(C)(=O)=O)cccc12
CHEMBL3605922,AR,5.210,,1,0,,exact,COc1ccc(F)cc1-c1c[nH]c2c(NC(C)=O)cccc12
CHEMBL5430251,AR,,4.523,0,1,Inactive,censored,CSc1ccc(C(N)=O)cc1-c1cccnc1
CHEMBL369542,AR,8.050,,3,0,Active,exact,O=C1[C@@H]2C3C=CC(CCC3)[C@@H]2C(=O)N1c1ccc([N+](=O)[O-])c2ccccc12
CHEMBL1689772,AR,,4.523,0,1,Inactive,censored,CN(C)c1cc(CNCC(C)(C)C)c(O)c2c1C[C@H]1C[C@H]3[C@H](N(C)C)C(O)=C(C(N)=O)C(=O)[C@@]3(O)C(O)=C1C2=O
CHEMBL224779,AR,6.240,,1,0,Active,exact,CCCCN(C)C(=O)CCCCCCCCC[C@@H]1CC2CC(=O)CC[C@]2(C)[C@H]2CC[C@]3(C)[C@@H](O)CC[C@H]3[C@H]12
CHEMBL1410814,AR,,4.523,0,1,Inactive,censored,Cc1ccc(O)c2ncccc12
CHEMBL5431055,AR,,4.523,0,1,Inactive,censored,CCc1ccc(C(N)=O)cc1-c1ccc2c(cnn2C)c1
CHEMBL3337727,AR,,5.000,0,1,,censored,Cc1nn(C)c(-c2ccc(F)cc2F)c1-c1ccc2c(c1)NC(=O)CO2
CHEMBL119,AR,,4.523,0,1,Inactive,censored,COc1cc(NCc2ccc3nc(N)nc(N)c3c2C)cc(OC)c1OC
CHEMBL1474900,AR,,4.523,0,1,Inactive,censored,Cc1[nH]c(=O)c(C#N)cc1-c1ccc2nccn2c1
CHEMBL3578286,AR,5.430,,1,0,,exact,C[C@H](c1ccc(F)cc1)N1C(=O)O[C@](Cc2ccccc2)(c2nc3cc(-c4cccnc4)ccc3[nH]2)C1=O
CHEMBL420762,AR,,4.523,0,1,Inactive,censored,Cc1ccccc1C(=O)Nc1ccc(C(=O)N2CCCC(N(C)C)c3ccccc32)cc1
CHEMBL249071,AR,8.420,,1,0,Active,exact,CCCCN(C)c1cc(C(F)(F)F)c(C#N)cn1
CHEMBL2316566,AR,4.480,,1,0,Inactive,exact,COC(=O)Cn1c(SCCOc2ccc(C)cc2)nc2ccccc21
CHEMBL3706910,AR,7.230,,1,0,Active,exact,CC(C)CNc1ccc2[nH]c(=O)cc(C(F)(F)F)c2c1
CHEMBL154126,AR,,4.523,0,1,Inactive,censored,COc1ccc2c(c1)OC(C)(C)C(c1ccccc1)C2c1ccc(OCCN2CCCC2)cc1
CHEMBL1928876,AR,,5.000,0,1,,censored,O=C1COc2ccc(C3=Nn4cnnc4SC3c3ccc(F)cc3)cc2N1
CHEMBL5426016,AR,6.620,,3,0,Active,exact,C[C@](O)(Cn1nc(Cl)c2cc(F)ccc21)C(=O)Nc1cnc(C#N)c(C(F)(F)F)c1
CHEMBL2110775,AR,,4.523,0,1,Inactive,censored,NC(=O)C1(N2CCCCC2)CCN(CCCN2c3ccccc3CCc3ccccc32)CC1
CHEMBL6165467,AR,7.420,,1,0,Active,exact,N#Cc1ccc(N2CCC3(CC(NC(=O)c4ccc(CO)cc4)C3)C2)cc1C(F)(F)F
CHEMBL3337728,AR,,5.000,0,1,,censored,Cc1cc(-c2c(C)nn(C)c2-c2ccc(F)cc2)cc2c1OCC(=O)N2
CHEMBL480934,AR,6.310,,2,0,Active,exact,Cn1cc(N(Cc2ccc(O)cc2)c2ccc([N+](=O)[O-])cc2)cc1C(=O)N1CCCC1
CHEMBL27372,AR,,6.000,0,1,,censored,CCC1CCN(C=O)c2cc3nc(O)cc(C(F)(F)F)c3cc21
CHEMBL368906,AR,7.780,,2,0,Active,exact,O=C1[C@@H]2C3C=CC(C3)[C@@H]2C(=O)N1c1ccc([N+](=O)[O-])c(C(F)(F)F)c1
CHEMBL1452696,AR,,4.523,0,1,Inactive,censored,CC(C)=CCC1C(=O)N(c2ccccc2)N(c2ccccc2)C1=O
CHEMBL850,AR,,4.523,0,1,Inactive,censored,C[C@@H]1CN(c2c(F)c(N)c3c(=O)c(C(=O)O)cn(C4CC4)c3c2F)C[C@H](C)N1
CHEMBL3315061,AR,,4.301,0,1,Inactive,censored,CC(C)(C(=O)NC(N)=O)[C@@H]1c2ccc(-c3ccc(C(=O)N4CCOCC4)cc3)nc2Oc2c(F)cccc21
CHEMBL5395092,AR,5.660,,1,0,,exact,Cn1ncc2cc(-c3cc(C(N)=O)ccc3SCc3ccccc3)ccc21
CHEMBL5850771,AR,6.890,,1,0,Active,exact,N#Cc1ccc(N2CCc3c(ncnc3Nc3ccc(S(=O)(=O)NC4CC4)cn3)C2)cc1C(F)(F)F
CHEMBL3682513,AR,6.280,,1,0,Active,exact,OC1(C(F)(F)F)CCCc2c1[nH]c1ccc(F)c(Cl)c21
CHEMBL376897,AR,,4.523,0,1,Inactive,censored,C[N+]1(C)[C@@H]2C[C@@H](OC(=O)[C@H](CO)c3ccccc3)C[C@H]1[C@@H]1O[C@@H]12
CHEMBL201364,AR,,5.301,0,1,,censored,C[C@]12CCC3C(CC=C4C[C@@H](O)CC[C@@]43CC=O)C1CC[C@@H]2O
CHEMBL237261,AR,7.920,,1,0,Active,exact,CCCN(CC(F)(F)F)c1ccc2[nH]c(=O)cc(C(F)(F)F)c2c1
CHEMBL570916,AR,,5.000,0,1,,censored,Cc1c(C#N)c(N)nc2c3c(sc12)NC(=O)CC3c1cc(Cl)ccc1Cl
CHEMBL143978,AR,5.790,,2,0,,exact,COc1cccc2oc(-c3ccc(F)cc3)cc(=O)c12
CHEMBL3692357,AR,6.425,,2,0,Active,exact,CC[C@]12CC[C@H]3[C@@H](C[C@@H](CO)C4=CC(=O)CC[C@@H]43)[C@@H]1CC[C@@]21C=CCO1
CHEMBL511145,AR,6.450,,1,0,Active,exact,Cc1ccc(Oc2ccc(C#N)c(C(F)(F)F)c2)c(O)c1
CHEMBL134277,AR,6.420,,2,0,Active,exact,CC1=CC(C)(C)Nc2ccc3c(c21)/C(=C/c1ccsc1)Oc1ccc(F)cc1-3
CHEMBL263091,AR,6.300,,1,0,Active,exact,COc1ccc(F)cc1C(C)(C)CC(O)(C(=O)Nc1ccc2c(=O)onc(C)c2c1)C(F)(F)F
CHEMBL5435897,AR,6.140,,3,0,Active,exact,C[C@](O)(Cn1c2ccccc2c2ccccc21)C(=O)Nc1ccc(C#N)c(C(F)(F)F)c1
CHEMBL2316536,AR,,3.699,0,1,Inactive,censored,c1ccc(NCCSc2nc3ccccc3[nH]2)cc1
CHEMBL1097855,AR,6.110,,1,1,Active,exact,CC1(C)C(=O)N(c2ccc(C#N)c(C(F)(F)F)c2)C(=S)N1CCS(N)(=O)=O
CHEMBL4861278,AR,6.245,,6,0,Active,exact,C[C@](O)(Cn1cc(-c2ccc(F)cc2)nn1)C(=O)Nc1cnc(C#N)c(C(F)(F)F)c1
CHEMBL428922,AR,6.460,,1,0,Active,exact,CC/C=C(\C)c1ccsc1/C=C1\Oc2ccc(O)c(OC)c2-c2ccc3c(c21)C(C)=CC(C)(C)N3
CHEMBL3262343,AR,4.310,,1,0,Inactive,exact,CC(C)(O)c1cn(-c2ccc(Cl)c(C(F)(F)F)c2)nn1
CHEMBL487253,AR,,4.523,0,1,Inactive,censored,Cn1c(CCCC(=O)O)nc2cc(N(CCCl)CCCl)ccc21
CHEMBL4759832,AR,6.620,,1,0,Active,exact,N#Cc1ccc(N2C(=O)C3(CCOC3)N(c3ccc4c(c3)COC4=O)C2=S)cc1C(F)(F)F
CHEMBL4860547,AR,6.790,,3,0,Active,exact,COc1cc(N2C(=O)C3(CCC3)N(c3ccc(OC4CCN(C)CC4)nc3)C2=S)cnc1C#N
CHEMBL1412614,AR,,4.523,0,1,Inactive,censored,N=c1ccn2c(n1)O[C@H]1[C@H](O)[C@@H](CO)O[C@H]12
CHEMBL5192915,AR,6.420,,4,0,Active,exact,Cc1nn(-c2ccc(C#N)c(Cl)c2)c(C)c1Oc1ccc(C(=O)NC(C)(C)C)cn1
CHEMBL1077,AR,,4.523,0,1,Inactive,censored,Nc1c(CC(=O)O)cccc1C(=O)c1ccc(Br)cc1
CHEMBL3323496,AR,5.590,,1,0,,exact,c1ccc(-c2csc(N3CCOCC3)n2)nc1
CHEMBL3903756,AR,6.960,,1,0,Active,exact,CC1(C)C(=O)N(c2ccc(C#N)c(C(F)(F)F)c2)C(=S)N1c1ccc(C(=O)NCCCCCCNS(N)(=O)=O)c(F)c1
CHEMBL2346975,AR,5.980,,1,0,,exact,CC(=O)N1CCN(CCOc2ccc(C3(O)CCN(c4ccc5nnc(C(F)(F)F)n5n4)CC3)cc2)CC1
CHEMBL1830940,AR,6.855,,2,0,Active,exact,CC1(C)CN(Cc2ccccc2F)C(=O)C1Oc1ccc(C#N)c(C(F)(F)F)c1
CHEMBL6175593,AR,6.820,,1,0,Active,exact,Cc1oc(-c2cccc(C(F)(F)F)c2)cc1C(=O)Nc1nc(CN2CCCC(O)C2)ns1
CHEMBL288441,AR,,4.523,0,1,Inactive,censored,COc1cc(Nc2c(C#N)cnc3cc(OCCCN4CCN(C)CC4)c(OC)cc23)c(Cl)cc1Cl
CHEMBL198037,AR,5.470,,1,0,,exact,CCC(CC)(c1ccc(NCCC(C)(C)O)c(C)c1)c1ccc(NCCC(C)(C)O)c(C)c1
CHEMBL3706901,AR,6.190,,1,0,Active,exact,Cc1cc2c(C(F)(F)F)cc(=O)[nH]c2cc1NCC(C)C
CHEMBL191886,AR,,4.523,0,1,Inactive,censored,Cc1ncc2c(c1O)COC2c1ccc(Cl)cc1
CHEMBL170,AR,,4.523,0,1,Inactive,censored,C=C[C@H]1CN2CC[C@H]1C[C@H]2[C@H](O)c1ccnc2ccc(OC)cc12
CHEMBL375675,AR,5.720,,1,0,,exact,CCCCN(C)C(=O)CCCCCCCCCC[C@@H]1CC2CC(=O)CC[C@]2(C)[C@H]2CC[C@]3(C)[C@@H](O)CC[C@H]3[C@H]12
CHEMBL4760141,AR,6.820,,1,0,Active,exact,Brc1ccc(C2Nc3ccc4ccccc4c3C3C=CCC32)cc1
CHEMBL2334340,AR,,5.000,0,1,,censored,CCC(CC)(c1ccc(OCC(=O)C(C)(C)C)c(C)c1)c1ccc(OCC2CO2)c(C)c1
CHEMBL75897,AR,5.190,,1,0,,exact,O=C1CC(c2ccccc2O)Oc2ccccc21
CHEMBL2316575,AR,,3.699,0,1,Inactive,censored,Cc1cccc(OCCSc2nc3ccccc3n2CCOc2ccccc2)c1
CHEMBL576,AR,,4.523,0,1,Inactive,censored,O=C(O)CCC(=O)O
CHEMBL870,AR,,4.523,0,1,Inactive,censored,NCCCC(O)(P(=O)(O)O)P(=O)(O)O
CHEMBL569354,AR,,5.000,0,1,,censored,Cc1c(C#N)c(N)nc2c3c(sc12)NC(=O)C[C@H]3c1ccccc1Cl
CHEMBL248868,AR,7.110,,1,0,Active,exact,CCCN(CCC)c1cc(C(F)(F)F)c(C#N)cn1
CHEMBL4436931,AR,5.140,,2,0,,exact,Cc1ccccc1N1CCN(S(=O)(=O)CSCc2c(C)noc2C)CC1
CHEMBL2346972,AR,5.230,,1,0,,exact,Fc1ccc(CN2CCN(C3=Nn4c(nnc4C(F)(F)F)CC3)CC2)cc1
CHEMBL5813003,AR,6.080,,2,0,Active,exact,COC(=O)Nc1cnn(C[C@](C)(O)C(=O)Nc2ccc(C#N)c(C(F)(F)F)c2)c1
CHEMBL3318066,AR,6.030,,2,0,Active,exact,Cc1ccc2cc(C(=O)N(Cc3ccco3)C(C)C)[nH]c2c1
CHEMBL4456781,AR,6.270,,2,0,Active,exact,C[C@](O)(Cn1ccc2cc(Br)ccc21)C(=O)Nc1ccc(C#N)c(C(F)(F)F)c1
CHEMBL1536,AR,,4.523,0,1,Inactive,censored,C=C1CC[C@H](O)C/C1=C/C=C1\CCC[C@]2(C)[C@@H]([C@H](C)/C=C/[C@H](C)C(C)C)CC[C@@H]12
CHEMBL560935,AR,6.940,,1,0,Active,exact,CN1C(=O)C=C[C@]2(C)[C@H]3CC[C@]4(C)[C@@H](O)/C(=C/c5ccccc5)C[C@H]4[C@@H]3CC[C@@H]12
CHEMBL5954134,AR,6.920,,1,0,Active,exact,CC1(C)C(=O)N(c2ccc(C#N)c(C(F)(F)F)c2)C(=S)N1c1ccc(CNC(=O)C2CC2)c(F)c1
CHEMBL1714574,AR,,4.523,0,1,Inactive,censored,CC(C)N1CCN(c2ccc(OCC3COC(Cn4cncn4)(c4ccc(Cl)cc4Cl)O3)cc2)CC1
CHEMBL4460554,AR,6.760,,1,0,Active,exact,CCC(C)(C)C#C[C@]1(O)CC[C@H]2[C@@H]3CCC4=CC(=O)CC[C@@H]4[C@H]3[C@@H](c3ccc(N(C)C)cc3)C[C@@]21C
CHEMBL4644092,AR,5.190,,1,0,,exact,N=c1oc2c(O)cccc2cc1C(=O)Nc1ccc(F)cc1
CHEMBL134242,AR,,6.000,0,1,,censored,CSc1cc(C(F)(F)F)c2cc3c(cc2n1)NC(C)(C)CC3
CHEMBL404849,AR,,4.523,0,1,Inactive,censored,CCCCCCCCNC(C)C(O)c1ccc(SC(C)C)cc1
CHEMBL4782924,AR,6.040,,3,0,Active,exact,C[C@@](Cn1cc(N)cn1)(OC(=O)CCl)C(=O)Nc1ccc(C#N)c(C(F)(F)F)c1
CHEMBL162503,AR,7.210,,1,0,Active,exact,Cn1c(=O)cc(C(F)(F)F)c2cc3c(cc21)NCC3
CHEMBL2159540,AR,6.980,,1,0,Active,exact,O=[N+]([O-])c1ccc(C2=NOC3CCCCCC23)cc1C(F)(F)F
CHEMBL1929039,AR,,5.000,0,2,,censored,Cc1cc(F)ccc1-n1nc(C(F)(F)F)cc1-c1ccc2c(c1)NC(=O)CO2
CHEMBL4591875,AR,6.720,,1,0,Active,exact,C[C@]12CC[C@H](n3ccnc3)CC1=CC[C@@H]1[C@@H]2CC[C@]2(C)C(n3cnc4ccccc43)=CC[C@@H]12
CHEMBL5893645,AR,6.580,,4,0,Active,exact,C[C@](O)(CS(=O)(=O)c1ccc(F)cc1)C(=O)Nc1cnc(C#N)c(C(F)(F)F)c1
CHEMBL1289011,AR,,5.000,0,2,,censored,CC1(O)CCCc2c1[nH]c1cc(Cl)c(Cl)cc21
CHEMBL3588968,AR,6.240,,1,0,Active,exact,CNC(=O)c1ccc(N2CCC(=O)N(c3ccc(C#N)c(C(F)(F)F)c3)C2=S)cc1F
CHEMBL1098319,AR,,4.523,0,1,Inactive,censored,O=S(=O)(O)CCS
CHEMBL3263766,AR,,5.000,0,1,,censored,COc1nc(C2=NN(c3ccc(C#N)c(C)c3)[C@@H](C3CCCC3)C2)ccc1C(=O)NS(C)(=O)=O
CHEMBL5763828,AR,6.700,,5,0,Active,exact,C[C@](O)(CN1CCc2cc(Br)ccc21)C(=O)Nc1ccc(C#N)c(C(F)(F)F)c1
CHEMBL113178,AR,,4.523,0,1,Inactive,censored,C[Se]CC[C@H](N)C(=O)O
CHEMBL2338329,AR,,4.523,0,1,Inactive,censored,Cc1nc(C(=O)NCC(=O)O)c(O)c2ccc(Oc3ccccc3)cc12
CHEMBL643,AR,,4.523,0,1,Inactive,censored,CC(CN1c2ccccc2Sc2ccccc21)N(C)C
CHEMBL2357456,AR,4.540,,1,0,Inactive,exact,O=C1c2ccccc2C(=O)N1c1nc(-c2ccc(F)cc2)cs1
CHEMBL3623127,AR,8.285,,2,0,Active,exact,CCS(=O)(=O)N[C@@H]1C[C@]2(C)O[C@]1(C)[C@@H]1C(=O)N(c3ccc(C#N)c(C(F)(F)F)c3)C(=O)[C@@H]12
CHEMBL1210959,AR,5.950,,3,0,,exact,COc1ccc(C=C2c3cccc(Cl)c3C(=O)c3c(Cl)cccc32)c(OC)c1O
CHEMBL198362,AR,,4.523,0,1,Inactive,censored,O=C(NC[C@H]1CN(c2ccc(N3CCOCC3=O)cc2)C(=O)O1)c1ccc(Cl)s1
CHEMBL1290,AR,,4.523,0,1,Inactive,censored,CC(C)(C)NC[C@H](O)COc1ccccc1C1CCCC1
CHEMBL4865182,AR,7.125,,2,0,Active,exact,CNC(=O)c1cc2c(cc1F)C[C@]1(C2)C(=O)N(c2ccc(C#N)c(C(F)(F)F)c2)C(=S)N1C(C)C
CHEMBL315964,AR,8.850,,1,0,Active,exact,O=C1ON=C(c2ccc(O)cc2)/C1=C/c1ccc(N2CCCC2)cc1
CHEMBL2086964,AR,4.530,,2,0,Inactive,exact,COc1cc(/C=N/NC(=O)c2cc3c(ccc4ccccc43)o2)cc(OC)c1O
CHEMBL4090028,AR,9.430,,6,0,Active,exact,Cc1c(N2CC[C@H](O)[C@@H]2C)ccc(C#N)c1Cl
CHEMBL1231,AR,,4.523,0,1,Inactive,censored,CCN(CC)CC#CCOC(=O)C(O)(c1ccccc1)C1CCCCC1
CHEMBL436344,AR,7.800,,1,0,Active,exact,CC1c2cc3c(C(F)(F)F)cc(O)nc3cc2NC[C@@H]1C
CHEMBL2316537,AR,,3.699,0,1,Inactive,censored,c1ccc(OCCCSc2nc3ccccc3[nH]2)cc1
CHEMBL457241,AR,,5.000,0,1,,censored,CC#C[C@]1(O)C[C@H]2CCc3cc(O)ccc3[C@]2(CC)C[C@@H]1O
CHEMBL1163598,AR,7.020,,1,0,Active,exact,Cc1ccc(C(=O)CC(Nc2ccc([N+](=O)[O-])cc2)c2cccc(F)c2)cc1
CHEMBL570898,AR,8.600,,2,0,Active,exact,N#Cc1ccc(N2CCCC2)c2ccccc12
CHEMBL5203846,AR,7.600,,1,0,Active,exact,O=C1COc2c(Cl)cc(Cl)cc2C(C(=O)Nc2ccc(C(F)(F)F)cc2)N1
CHEMBL5430613,AR,6.220,,1,0,Active,exact,CSc1ccc(C(N)=O)cc1-c1ccc2occc2c1
CHEMBL346827,AR,7.250,,1,0,Active,exact,Cn1c(=O)cc(C(F)(F)F)c2cc3c(cc21)NC(C)(C)CC3
CHEMBL4447539,AR,7.855,,2,0,Active,exact,CC1(C)CCc2cc3c(cc2N1)NC(C#N)C=C3C(F)(F)F
CHEMBL3588964,AR,6.630,,1,0,Active,exact,CCOC(=O)CC1(C)C(=O)N(c2ccc(C#N)c(C(F)(F)F)c2)C(=S)N1c1ccc(C(=O)NC)c(F)c1
CHEMBL5902078,AR,6.920,,1,0,Active,exact,Cc1ncsc1C(=O)NCc1ccc(N2C(=S)N(c3ccc(C#N)c(C(F)(F)F)c3)C(=O)C2(C)C)cc1Cl
CHEMBL393278,AR,7.170,,1,0,Active,exact,C[C@]12CC[C@H]3[C@@H](CC[C@H]4[C@H]5CCC[C@]43CC[C@@H]5O)[C@@H]1CC[C@@H]2O
CHEMBL2152567,AR,5.400,,1,0,,exact,NC(=O)c1ccccc1Nc1cccc(C(F)(F)F)c1
CHEMBL1086484,AR,,5.000,0,1,,censored,O=S(=O)(Cc1ccccc1)Nc1ccc(-c2ccc3c(cnn3-c3ccc(F)cc3)c2)c(C(F)(F)F)c1
CHEMBL21536,AR,,4.523,0,1,Inactive,censored,CCCCCCOc1nsnc1C1=CCCN(C)C1
CHEMBL590799,AR,,4.523,0,1,Inactive,censored,CN(C)C(=O)COC(=O)Cc1ccc(OC(=O)c2ccc(NC(=N)N)cc2)cc1
CHEMBL5177079,AR,6.320,,6,0,Active,exact,N#Cc1ccc(-n2ccc(CC(=O)Nc3ccc(F)cc3)n2)cc1C(F)(F)F
CHEMBL1644759,AR,6.050,,1,0,Active,exact,Cc1cc(-c2cccc3cc[nH]c23)c(Cl)c2c1NC(C)(C)[C@H](O)[C@H]2C
CHEMBL3818412,AR,8.600,,1,0,Active,exact,N#Cc1ccc(C(O)(c2ccc(Cl)o2)C(F)(F)F)cc1C(F)(F)F
CHEMBL3707303,AR,,4.523,0,1,Inactive,censored,O=C([O-])[C@@H]1CCC(O)=N1.O=C([O-])[C@@H]1CCC(O)=N1.[Mg+2]
CHEMBL2111112,AR,,4.523,0,1,Inactive,censored,COc1ccc(CCO[C@@H]2CCCC[C@H]2N2CC[C@@H](O)C2)cc1OC
CHEMBL5439280,AR,,4.523,0,1,Inactive,censored,COc1ccc(-c2cc(C(N)=O)ccc2SC)cc1OC
CHEMBL2105420,AR,,4.523,0,1,Inactive,censored,O=S1(=O)CCN(CN2CCS(=O)(=O)NC2)CN1
CHEMBL373742,AR,,4.523,0,1,Inactive,censored,N=C(N)NCCC[C@H](NC(=O)[C@@H]1CCCN1C(=O)[C@@H]1CSSC[C@H](N)C(=O)N[C@@H](Cc2ccc(O)cc2)C(=O)N[C@@H](Cc2ccccc2)C(=O)N[C@@H](CCC(N)=O)C(=O)N[C@@H](CC(N)=O)C(=O)N1)C(=O)NCC(N)=O
CHEMBL4746653,AR,7.200,,1,0,Active,exact,N#Cc1ncc(N2C(=O)C3(CCCC3)N(c3ccc4c(c3)COC4=O)C2=S)cc1C(F)(F)F
CHEMBL483246,AR,6.130,,1,0,Active,exact,Cn1c(C#N)ccc1-c1ccc2c(c1)C(c1ccco1)(c1ccco1)OCC(=O)N2
CHEMBL5571115,AR,6.180,,1,0,Active,exact,COc1cc(N2CCN(C[C@](C)(O)C(=O)Nc3ccc(C#N)c(C(F)(F)F)c3)CC2)ccc1C#N
CHEMBL1201325,AR,,4.523,0,1,Inactive,censored,C[N+]1(C)CCN(CC(O)(c2ccccc2)C2CCCCC2)CC1
CHEMBL6167430,AR,7.165,,2,0,Active,exact,N#Cc1ccc(-c2ccc(C(=O)NC3CC4(CCN(c5ccc(C#N)c(C(F)(F)F)c5)C4)C3)cc2)cc1
CHEMBL3682514,AR,7.160,,1,0,Active,exact,OC1c2[nH]c3ccc(Cl)c(Cl)c3c2C(C(F)(F)F)CC1F
CHEMBL5563225,AR,6.100,,1,0,Active,exact,C[C@](O)(CN1CCN(c2ccc(C#N)c(C(F)(F)F)c2)CC1)C(=O)Nc1ccc(C#N)c(C(F)(F)F)c1
CHEMBL1587228,AR,4.990,,1,0,Inactive,exact,C[C@@H]1C[C@H]2[C@@H]3C[C@H](F)C4=CC(=O)C(Cl)=C[C@]4(C)[C@@]3(F)[C@@H](O)C[C@]2(C)[C@@]1(O)C(=O)CO
CHEMBL188857,AR,6.720,,1,0,Active,exact,CC(C)(C)OC(=O)N1C[C@@H]2C[C@H]1[C@H]1C(=O)N(c3ccc(C#N)cc3)C(=O)N21
CHEMBL89437,AR,8.850,,1,0,Active,exact,O=C1ON=C(c2ccccc2F)/C1=C/c1ccc(N2CCCC2)cc1
CHEMBL3623125,AR,8.500,,2,0,Active,exact,C[C@]12O[C@@](C)(C[C@H]1NS(=O)(=O)c1ccccc1F)[C@H]1C(=O)N(c3ccc(C#N)c(C(F)(F)F)c3)C(=O)[C@H]12
CHEMBL3343778,AR,4.080,,1,0,Inactive,exact,CC(C)c1ccc2c(c1)C(=O)C[C@H]1[C@](C)(CNC(=O)c3ccccc3)CCC[C@]21C
CHEMBL3913554,AR,7.170,,2,0,Active,exact,Cc1ccc(C(=O)N[C@H]2CC[C@H](Oc3ccnc4c(Br)cccc34)CC2)cc1F
CHEMBL3301681,AR,,4.523,0,1,Inactive,censored,CCOC1O[C@H]([C@@H](COCc2ccccc2)OCc2ccccc2)[C@H](OCc2ccccc2)[C@H]1O
CHEMBL3682515,AR,7.700,,1,0,Active,exact,OC1(C(F)(F)F)CCCc2c1[nH]c1cc(Cl)c(F)cc21
CHEMBL4778974,AR,5.890,,1,0,,exact,CN1C(=O)N(c2ccc(F)c(C(F)(F)F)c2)C(=O)C1(C)C
CHEMBL5200697,AR,6.610,,1,0,Active,exact,Cc1cn(C2=CC[C@H]3[C@@H]4CC=C5C[C@@H](NC(=O)c6ccnnc6)CC[C@]5(C)[C@H]4CC[C@]23C)cn1
CHEMBL5425503,AR,5.240,,1,0,,exact,Cc1cn(C2=CCC3C4CC=C5C[C@@H](NC(=O)c6ccncc6F)CC[C@]5(C)C4CC[C@]23C)cn1
CHEMBL102754,AR,5.840,,1,0,,exact,CC1=CC(C)(C)Nc2ccc3c(c21)C(c1ccc(Cl)c(F)c1)Oc1ccccc1-3
CHEMBL419158,AR,,5.301,0,1,,censored,COc1cccc2c1-c1ccc3c(c1C(c1cc(Cl)cc(Cl)c1)O2)C(C)=CC(C)(C)N3
CHEMBL4865876,AR,6.905,,2,0,Active,exact,CNC(=O)c1cc2c(cc1F)CC1(C2)C(=O)N(c2ccc(C#N)c(C(F)(F)F)c2)C(=S)N1CC(C)C
CHEMBL1200381,AR,,4.523,0,1,Inactive,censored,Cl.N=C(N)NCCC[C@H](N)C(=O)O
CHEMBL5194282,AR,5.840,,1,0,,exact,CC1(C)C(=O)N(c2ccc(C#N)c(C(F)(F)F)c2)C(=S)N1CCCCCC(=O)NO
CHEMBL4756936,AR,5.210,,1,0,,exact,CCOC(=O)Nc1cc2c(cc1F)CC1C(=O)N(c3cnc(C#N)c(C(F)(F)F)c3)C(=S)N1C2
CHEMBL511130,AR,8.400,,1,0,Active,exact,CC(=O)Nc1ccc(OC[C@@](C)(O)C(=O)Nc2ccc([N+](=O)[O-])c(C(F)(F)F)c2)cc1
CHEMBL401458,AR,8.700,,1,0,Active,exact,CC(C)C(O)(c1nc2cc(Cl)c(Cl)cc2[nH]1)C(F)(F)F
CHEMBL871,AR,,4.523,0,1,Inactive,censored,CC(O)(P(=O)(O)O)P(=O)(O)O
CHEMBL2316555,AR,,3.699,0,1,Inactive,censored,C=CCn1c(SCCOc2ccccc2)nc2ccccc21
CHEMBL238338,AR,5.810,,1,0,,exact,N#Cc1ccc(-c2ccccc2OCCO)cc1C(F)(F)F
CHEMBL1163585,AR,5.920,,1,0,,exact,Cc1ccc(C(=O)CC(Nc2ccc(F)c(F)c2)c2cccc(F)c2)cc1
CHEMBL3318061,AR,5.475,,2,0,,exact,Cc1ccc(CN(C(=O)c2cc3ccccc3[nH]2)C(C)C)o1
CHEMBL469759,AR,9.270,,1,0,Active,exact,C[C@@](O)(COc1ccc(C#N)cc1)C(=O)Nc1ccc(C#N)c(I)c1
CHEMBL5435259,AR,5.930,,1,0,,exact,Cc1c2c(nn1-c1ccc(F)cc1)C[C@@H]1CC[C@@H]3[C@H](CC[C@]4(C)[C@@H](O)CC[C@@H]34)[C@@]1(C)C2
CHEMBL6008096,AR,6.080,,1,0,Active,exact,N#Cc1ccc(N2CCc3c(ncnc3Nc3ccc(C4(O)CCC4)c(F)n3)C2)cc1Cl
CHEMBL1472975,AR,,4.523,0,1,Inactive,censored,O=C1[C@H]2CCCC[C@H]2C(=O)N1CCCCN1CCN(c2nsc3ccccc23)CC1
CHEMBL3658382,AR,7.580,,1,0,Active,exact,C[C@]12CCC3C4CCC(=O)C=C4C4(CC4)CC3C1C1CC1[C@@]21CCC(=O)O1
CHEMBL5076171,AR,,4.301,0,1,Inactive,censored,CC1NC(=O)NC(=O)C1S(=O)(=O)Nc1ccc(OCc2ccccc2)cc1
CHEMBL3402225,AR,8.775,,2,0,Active,exact,CC(C)[C@H]1CCCN1c1ccc(C#N)c2ccccc12
CHEMBL391798,AR,7.620,,1,0,Active,exact,O=c1ccc2cc(N(CC(F)(F)F)CC(F)(F)F)ccc2[nH]1
CHEMBL4861595,AR,6.715,,2,0,Active,exact,N#Cc1ncc(N2C(=O)C3(CCC3)N(c3ccc(O)cc3)C2=S)cc1C(F)(F)F
CHEMBL4513510,AR,,4.000,0,1,Inactive,censored,COc1ccc2[nH]c(C(=O)N3CCC(CC(C)(C)O)CC3)cc2c1
CHEMBL4875909,AR,6.300,,1,0,Active,exact,Fc1cc2c(-c3ccc4c(-c5nccs5)cccc4n3)c[nH]c2c(F)c1F
CHEMBL237122,AR,5.050,,1,0,,exact,COC(=O)[C@@H]1CC2=CC(=O)CC[C@]2(C)C2C1C1CC[C@@]3(CCC(=O)O3)[C@@]1(C)[C@H]1O[C@@H]21
CHEMBL6060931,AR,6.600,,1,0,Active,exact,CCCc1cc2c(C(F)(F)F)c(C#N)ccc2n1CC(C)(C)O
CHEMBL6165778,AR,6.930,,1,1,Active,exact,N#Cc1ccc(-c2ccc(C(=O)NC3CC4(CCN(c5ccc(C#N)c(C(F)(F)F)c5)C4)C3)cc2)cc1F
CHEMBL3786343,AR,,4.523,0,1,Inactive,censored,C=CC(=O)Nc1cccc(Oc2nc(Nc3ccc(N4CCN(C)CC4)cc3)nc3ccsc23)c1
CHEMBL1650818,AR,,4.523,0,1,Inactive,censored,CC(C)(C)C(=O)OCOC(=O)[C@@H]1N2C(=O)[C@@H](/N=C/N3CCCCCC3)[C@H]2SC1(C)C
CHEMBL395716,AR,6.820,,1,0,Active,exact,COCc1ccsc1/C=C1\Oc2ccc(O)c(OC)c2-c2ccc3c(c21)C(C)=CC(C)(C)N3
CHEMBL5185081,AR,,4.602,0,1,Inactive,censored,N#Cc1ccc(-n2ccc(NC(=O)Nc3ccc(F)cc3)n2)cc1C(F)(F)F
CHEMBL3132996,AR,4.960,,1,0,Inactive,exact,CC[C@H](C)[C@H](NC(=O)[C@H](CS)NC(=O)[C@H](Cc1ccccc1)NC(=O)[C@H](CC(C)C)NC(=O)[C@H](CCC(=O)O)NC(=O)[C@H](CS)NC(=O)[C@H](CC1CCCCC1)NC(=O)[C@H](CCCNC(=N)N)NC(=O)[C@@H](N)CC(N)=O)C(=O)N[C@@H](CCC(N)=O)C(=O)NCC(=O)N[C@H](C(=O)NCC(=O)N[C@@H](CC(=O)O)C(=O)N[C@H](C(=O)N[C@@H](CCCCN)C(=O)N[C@@H](C)C(=O)N[C@@H](CS)C(=O)N[C@@H](CCC(=O)O)C(=O)N[C@@H](Cc1c[nH]c2ccccc12)C(=O)N[C@@H](C)C(=O)N[C@@H](CS)C(=O)N[C@@H](CCC(N)=O)C(=O)O)C(C)C)[C@@H](C)O
CHEMBL4754501,AR,8.400,,1,0,Active,exact,C[C@@](O)(COc1ccc(C#N)cc1)C(=O)Nc1ccc(C#N)c(C(F)(F)F)c1
CHEMBL288470,AR,,4.523,0,1,Inactive,censored,Cc1c(N(C)C)c(=O)n(-c2ccccc2)n1C
CHEMBL5859999,AR,6.430,,1,0,Active,exact,N#Cc1ccc(N2CCc3c(ncnc3Nc3ccc(CC(=O)NCC(F)(F)F)cn3)C2)cc1C(F)(F)F
CHEMBL417,AR,,4.523,0,1,Inactive,censored,COc1cccc2c1C(=O)c1c(O)c3c(c(O)c1C2=O)C[C@@](O)(C(=O)CO)C[C@@H]3O[C@H]1C[C@H](N)[C@@H](O)[C@H](C)O1
CHEMBL5077660,AR,,4.301,0,1,Inactive,censored,O=S(=O)(Cc1ccc(Cl)cc1)Nc1ccc(OCc2ccccc2)cc1
CHEMBL5414716,AR,5.410,,1,0,,exact,COc1cn(C2=CCC3C4CC=C5C[C@@H](NC(=O)c6ccnnc6)CC[C@]5(C)C4CC[C@]23C)cn1
CHEMBL166323,AR,7.390,,1,0,Active,exact,Oc1cc(C(F)(F)F)c2cc3c(cc2n1)NCC3
CHEMBL404216,AR,,4.523,0,1,Inactive,censored,CCC1C(C)=NN=C(c2ccc(OC)c(OC)c2)c2cc(OC)c(OC)cc21
CHEMBL205596,AR,,4.523,0,1,Inactive,censored,C[C@H](CCC(=O)O)[C@H]1CC[C@H]2[C@@H]3[C@H](O)C[C@@H]4C[C@H](O)CC[C@]4(C)[C@H]3C[C@H](O)[C@]12C
CHEMBL4469605,AR,6.970,,2,0,Active,exact,C[C@](O)(CN1CCc2cc(F)c(F)cc21)C(=O)Nc1ccc(C#N)c(C(F)(F)F)c1
CHEMBL5087790,AR,,4.301,0,1,Inactive,censored,O=c1cc(C(F)(F)F)c2ccc(OCc3ccc(-c4ccccc4)cc3)cc2o1
CHEMBL48358,AR,5.820,,1,0,,exact,C=C1C=CCC(C)(C)C1Cc1cc(OC)c(Br)cc1O
CHEMBL431,AR,,4.523,0,1,Inactive,censored,CCOC(=O)[C@H](CCc1ccccc1)N[C@@H](C)C(=O)N1CC2(C[C@H]1C(=O)O)SCCS2
CHEMBL426623,AR,8.000,,1,0,Active,exact,O=C1[C@H]2[C@@H]3C[C@@H](CN3C(=O)Oc3ccc(F)cc3)N2C(=O)N1c1ccc([N+](=O)[O-])c2ccccc12
CHEMBL397919,AR,6.540,,1,0,Active,exact,COc1c(O)ccc2c1-c1ccc3c(c1/C(=C/c1sccc1/C(C)=N/O)O2)C(C)=CC(C)(C)N3
CHEMBL2113293,AR,8.120,,1,0,Active,exact,C[C@@H]1CC[C@H]([C@H](O)C(F)(F)F)N1c1ccc2[nH]c(=O)cc(C(F)(F)F)c2c1
CHEMBL3622589,AR,6.260,,3,0,Active,exact,O=c1[nH]nc(Cc2c(Cl)cccc2Cl)c2ccccc12
CHEMBL4753877,AR,6.545,,6,0,Active,exact,C[C@](O)(Cn1cc([N+](=O)[O-])cn1)C(=O)Nc1ccc(C#N)c(C(F)(F)F)c1
CHEMBL5173002,AR,,5.000,0,1,,censored,CC1(C)C(=O)N(c2ccc(C#N)c(C(F)(F)F)c2)C(=S)N1c1ccc(C(=O)Nc2cc(-c3ccccc3)ccc2N)nc1
CHEMBL5275677,AR,,5.301,0,1,,censored,Cc1c(O)c(O)c(C=O)c(COCc2ccccc2)c1-c1ccc(Cl)cc1C(F)(F)F
CHEMBL1660,AR,4.590,,1,0,Inactive,exact,CO[C@H]1/C=C/O[C@@]2(C)Oc3c(C)c(O)c4c(O)c(c(/C=N/N5CCN(C6CCCC6)CC5)c(O)c4c3C2=O)NC(=O)/C(C)=C\C=C\[C@H](C)[C@H](O)[C@@H](C)[C@@H](O)[C@@H](C)[C@H](OC(C)=O)[C@@H]1C
CHEMBL5424901,AR,,5.000,0,1,,censored,CN1CCN(c2ccc(C(=O)N3CC4(CCN4c4ccc(C#N)c(Cl)c4)C3)cc2)CC1
CHEMBL390071,AR,6.180,,1,0,Active,exact,CCN(C)C(=O)CCCCCCCC1C[C@H]2CC(=O)CC[C@]2(C)[C@H]2CC[C@]3(C)[C@@H](O)CC[C@H]3[C@H]12
CHEMBL420,AR,,4.523,0,1,Inactive,censored,N=C(N)N/N=C/c1c(Cl)cccc1Cl
CHEMBL1200737,AR,,4.523,0,1,Inactive,censored,CCCCCCCCCCCCCCCC(=O)OC[C@H](COP(=O)([O-])OCC[N+](C)(C)C)OC(=O)CCCCCCCCCCCCCCC
CHEMBL4088914,AR,8.385,,6,0,Active,exact,CC[C@H]1[C@@H](O)CC(=O)N1c1ccc(C#N)c(C(F)(F)F)c1
CHEMBL2297673,AR,5.430,,1,0,,exact,O=C(/C=C/c1ccccc1O)c1cc(Cl)ccc1O
CHEMBL6166311,AR,5.730,,1,0,,exact,N#Cc1ccc(CN2CC3(CC(=O)N(c4ccc(C#N)c(C(F)(F)F)c4)C3)C2)cc1
CHEMBL449371,AR,6.710,,1,0,Active,exact,N#Cc1ccc(SC2CCC2)cc1C(F)(F)F
CHEMBL1330588,AR,,4.523,0,1,Inactive,censored,Cc1cc(=O)[nH]c(=S)[nH]1
CHEMBL1084389,AR,,5.000,0,1,,censored,Fc1ccc(-n2ncc3cc(-c4cccc(C(F)(F)F)c4)ccc32)cc1
CHEMBL2337508,AR,7.180,,4,2,Active,exact,N#Cc1ccc(N2CCC(O)(c3ccc(F)cc3)C2)cc1Cl
CHEMBL429,AR,,4.523,0,1,Inactive,censored,CC(CCc1ccccc1)NCC(O)c1ccc(O)c(C(N)=O)c1
CHEMBL5272863,AR,,5.301,0,1,,censored,Cc1c(O)c(O)c(C=O)c(COCc2ccccc2C(F)(F)F)c1-c1cccc(F)c1
CHEMBL399887,AR,7.220,,4,0,Active,exact,N#Cc1ccc(O[C@@H]2CCCC[C@H]2C#N)cc1C(F)(F)F
CHEMBL5185723,AR,8.400,,1,0,Active,exact,CN1C(=O)N(c2ccc(C#N)c(C(F)(F)F)c2)C(=O)[C@@]1(O)c1ccccc1
CHEMBL272574,AR,8.620,,1,0,Active,exact,CC12C[C@@H](O)C(C)(O1)[C@H]1C(=O)N(c3ccc(C#N)c(I)c3)C(=O)[C@H]12
CHEMBL1084014,AR,5.400,,1,0,,exact,O=S(=O)(Nc1ccc(-c2ccc3c(cnn3-c3ccc(F)cc3)c2)c(C(F)(F)F)c1)c1cccc(C(F)(F)F)c1
CHEMBL2386394,AR,6.110,,2,0,Active,exact,O=c1cc(-c2ccccc2)oc2cccc(F)c12
CHEMBL5398752,AR,5.300,,1,0,,exact,CN1CCN(c2ccc(C(=O)N3CCC4(CCN(c5ccc(C#N)c(Cl)c5)CC4)C3)cc2)CC1
CHEMBL244895,AR,7.140,,1,0,Active,exact,CC1CCCN1c1ccc2[nH]c(=O)cc(C(F)(F)F)c2c1
CHEMBL3263763,AR,5.110,,1,0,,exact,COc1nc(C2=NN(c3ccc(C#N)c(C)n3)[C@@H](C3CCCC3)C2)ccc1C(N)=O
CHEMBL6170798,AR,6.430,,1,0,Active,exact,C[C@](O)(CN1CC2CCC(C1)N2c1cnc(C#N)nc1)C(=O)Nc1cnc(C#N)c(C(F)(F)F)c1
CHEMBL3132983,AR,5.680,,1,0,,exact,CC[C@H](C)[C@H](NC(=O)[C@H](CS)NC(=O)[C@H](Cc1ccccc1)NC(=O)[C@H](CC(C)C)NC(=O)[C@H](CCC(=O)O)NC(=O)[C@H](CS)NC(=O)[C@H](Cc1ccccc1)NC(=O)[C@H](CCCNC(=N)N)NC(=O)[C@@H](N)CC(N)=O)C(=O)N[C@@H](CCC(N)=O)C(=O)N[C@@H](CC(=O)O)C(=O)N[C@H](C(=O)NCC(=O)N[C@@H](CC(=O)O)C(=O)N[C@H](C(=O)N[C@@H](CCCCN)C(=O)N[C@@H](C)C(=O)N[C@@H](CS)C(=O)N[C@@H](CCC(=O)O)C(=O)N[C@@H](Cc1c[nH]c2ccccc12)C(=O)N[C@@H](C)C(=O)N[C@@H](CS)C(=O)N[C@@H](CCC(N)=O)C(=O)O)C(C)C)[C@@H](C)O
CHEMBL3326462,AR,8.010,,1,0,Active,exact,CO[C@@H]1C(c2ccc(C#N)c(Cl)c2C)=NN2C[C@H](O)C[C@@H]12
CHEMBL4297215,AR,,4.523,0,1,Inactive,censored,O=C1c2c(O)c(=O)ccn2N([C@@H]2c3ccccc3SCc3c2ccc(F)c3F)[C@@H]2COCCN12
CHEMBL361445,AR,7.720,,3,0,Active,exact,O=C1[C@@H]2C3C=CC(CC3)[C@@H]2C(=O)N1c1ccc([N+](=O)[O-])c2ccccc12
CHEMBL5746996,AR,7.220,,1,0,Active,exact,N#Cc1ccc(N2CCc3c(ncnc3Nc3nc(C(F)(F)F)c(C(=O)NCC(F)(F)F)s3)C2)cc1C(F)(F)F
CHEMBL916,AR,,4.523,0,1,Inactive,censored,CCCCS(=O)(=O)N[C@@H](Cc1ccc(OCCCCC2CCNCC2)cc1)C(=O)O
CHEMBL4066319,AR,7.850,,2,0,Active,exact,Cn1c(C#N)ccc1-c1ccc(O)cc1C#N
CHEMBL6149163,AR,7.470,,1,0,Active,exact,O=c1cc(C(F)(F)F)c2ccc(NCc3cc(F)ccc3F)cc2o1
CHEMBL1491,AR,,4.523,0,1,Inactive,censored,CCOC(=O)C1=C(COCCN)NC(C)=C(C(=O)OC)C1c1ccccc1Cl
CHEMBL311034,AR,,5.301,0,1,,censored,C[C@]12Cc3cnn(-c4ccc(F)cc4)c3C=C1CCC[C@@H]2[C@H](O)c1ccc(F)cc1
CHEMBL2323490,AR,10.000,,1,0,Active,exact,COc1ccc2c(c1)c(CC(=O)NS(=O)(=O)C(F)(F)F)cn2C(=O)c1ccc(Cl)cc1
CHEMBL196,AR,,4.523,0,1,Inactive,censored,O=C1O[C@H]([C@@H](O)CO)C(O)=C1O
CHEMBL397217,AR,8.480,,1,0,Active,exact,CCc1c(N2C(=O)[C@@H]3[C@H](O)CCN3C2=O)ccc(C#N)c1C(F)(F)F
CHEMBL1288981,AR,7.050,,2,0,Active,exact,OC1(C(F)(F)F)CCCc2c1[nH]c1c(Cl)cc(F)cc21
CHEMBL6171672,AR,6.370,,5,0,Active,exact,O=[N+]([O-])c1ccc(Nc2cccc(C(F)(F)F)c2)nc1
CHEMBL2111097,AR,,4.523,0,1,Inactive,censored,CCOC(=O)C1=C(COCCN)NC(C)=C(C(=O)OC)[C@@H]1c1ccccc1Cl
CHEMBL5430612,AR,5.750,,1,0,,exact,CN1CCN(C(=O)c2ccc(N3CCC4(CCN(c5ccc(C#N)c(Cl)c5)C4)C3)cc2)CC1
CHEMBL51,AR,,6.523,0,1,,censored,O=C(c1ccc(F)cc1)C1CCN(CCn2c(=O)[nH]c3ccccc3c2=O)CC1
CHEMBL5934164,AR,6.180,,1,0,Active,exact,CC(C)(NC(=O)c1ccc(Br)s1)C(=O)Nc1ccc(Cl)c(F)c1
CHEMBL1957622,AR,7.730,,2,0,Active,exact,CNC(=O)c1ccc(Cc2c(C)nn(-c3ccc(C#N)c(Cl)c3)c2C)cc1
CHEMBL469380,AR,7.080,,1,0,Active,exact,COc1ccccc1Oc1ccc(C#N)c(C(F)(F)F)c1
CHEMBL5590984,AR,6.780,,1,0,Active,exact,C[C@](O)(CN1CC2CC(C1)N2c1ccc(C#N)cc1F)C(=O)Nc1cnc(C#N)c(C(F)(F)F)c1
CHEMBL5999681,AR,6.800,,1,0,Active,exact,CC(C)(O)c1ccc(Nc2ncnc3c2CCN(c2ccc(C#N)c(C(F)(F)F)c2)C3)nc1
CHEMBL6045921,AR,5.960,,1,0,,exact,CC1(C)C(=O)N(c2ccc(C#N)c(C(F)(F)F)c2)C(=O)N1c1ccc(CNC(=O)C2CC2)c(F)c1
CHEMBL3132999,AR,5.700,,1,0,,exact,CC(C)C[C@H](NC(=O)[C@H](CS)NC(=O)[C@H](CC(N)=O)NC(=O)[C@H](Cc1ccccc1)NC(=O)[C@H](Cc1ccc(O)cc1)NC(=O)[C@H](CS)NC(=O)[C@H](C)N)C(=O)N[C@@H](Cc1ccccc1)C(=O)N[C@@H](CCC(=O)O)C(=O)NCC(=O)N[C@@H](CC(N)=O)C(=O)N[C@@H](CC(=O)O)C(=O)N[C@@H](CCC(=O)O)C(=O)N[C@@H](CCC(=O)O)C(=O)N[C@H](C(=O)N[C@@H](CS)C(=O)N[C@@H](CCCCN)C(=O)N[C@@H](CCC(=O)O)C(=O)N[C@@H](CCCNC(=N)N)C(=O)N[C@@H](CS)C(=O)O)[C@@H](C)O
CHEMBL3234858,AR,,5.301,0,1,,censored,COc1cc(OC)cc(-c2nnc([C@@]3(Cc4ccccc4)OC(=O)N([C@H](C)c4ccccc4)C3=O)o2)c1
CHEMBL5071912,AR,4.510,,1,0,Inactive,exact,COC(=O)c1ccc(COc2ccc3c(C(F)(F)F)cc(=O)oc3c2)cc1
CHEMBL5437053,AR,,4.523,0,1,Inactive,censored,Cn1ncc2cc(-c3cc(C(N)=O)ccc3NCCN3CCCCC3)ccc21
CHEMBL5269103,AR,,5.301,0,1,,censored,Cc1c(O)c(O)c(C=O)c(COCc2ccccc2)c1-c1ccccc1C(F)(F)F
CHEMBL3817881,AR,8.500,,1,0,Active,exact,N#Cc1ccc(C(O)(C2CCCC2)C(F)(F)F)cc1Cl
CHEMBL419,AR,,4.523,0,1,Inactive,censored,NCc1ccc(S(N)(=O)=O)cc1
CHEMBL418134,AR,,4.523,0,1,Inactive,censored,CC(C)(C)NCC(O)COc1ccccc1C#N
CHEMBL1274,AR,7.100,,5,0,Active,exact,CC1(C)NC(=O)N(c2ccc([N+](=O)[O-])c(C(F)(F)F)c2)C1=O
CHEMBL2107455,AR,,4.523,0,1,Inactive,censored,CS(=O)(=O)Nc1cc2occ(NC=O)c(=O)c2cc1Oc1ccccc1
CHEMBL1830781,AR,6.100,,1,0,Active,exact,CC(C)CCCN1CC(C)(C)C(Oc2ccc(C#N)c(C(F)(F)F)c2)C1=O
CHEMBL232201,AR,,4.523,0,1,Inactive,censored,CCc1oc2ccccc2c1C(=O)c1cc(I)c(O)c(I)c1
CHEMBL36564,AR,6.210,,1,0,Active,exact,C[C@@H]1C(=O)C(C)(C)Nc2ccc3c(c21)[C@H](c1cccc(F)c1)Oc1ccccc1-3
CHEMBL3337734,AR,,5.000,0,1,,censored,Cc1nn(CCCCO)c(-c2ccc(F)cc2)c1-c1ccc2c(c1)NC(=O)CO2
CHEMBL382632,AR,,5.301,0,1,,censored,C[C@]12CCC3C(CC=C4C[C@@H](O)CC[C@@]43CO)C1CC[C@@H]2O
CHEMBL1625260,AR,,4.523,0,1,Inactive,censored,CCOC(=O)Nc1ccc2c(c1)N(C(=O)CN(C)C)c1ccccc1CC2
CHEMBL3233071,AR,8.820,,2,0,Active,exact,C[C@](O)(COc1ccc(Cl)cc1Cl)C(=O)N1CCc2c(C#N)cccc21
CHEMBL3973262,AR,6.430,,1,0,Active,exact,[C-]#[N+]c1ccc(N2C(=O)N(c3ccc(O)cc3)C(C)(C)C2=O)cc1C(F)(F)F
CHEMBL471737,AR,,4.523,0,1,Inactive,censored,COc1cc2c(cc1OC)CC(=O)N(CCCN(C)C[C@H]1Cc3cc(OC)c(OC)cc31)CC2
CHEMBL3133004,AR,6.700,,1,0,Active,exact,CC(C)C[C@H](NC(=O)[C@H](CS)NC(=O)[C@H](CC(N)=O)NC(=O)[C@H](Cc1ccccc1)NC(=O)[C@H](Cc1ccc(O)cc1)NC(=O)[C@H](CS)NC(=O)[C@H](C)N)C(=O)N[C@@H](Cc1ccccc1)C(=O)N[C@@H](CCC(=O)O)C(=O)NCC(=O)N[C@@H](CCC(=O)O)C(=O)N[C@@H](CC(=O)O)C(=O)N[C@@H](CCC(=O)O)C(=O)N[C@@H](CCC(=O)O)C(=O)N[C@H](C(=O)N[C@@H](CS)C(=O)N[C@@H](CCCCN)C(=O)N[C@@H](CCC(=O)O)C(=O)N[C@@H](Cc1c[nH]c2ccccc12)C(=O)N[C@@H](CS)C(=O)O)[C@@H](C)O
CHEMBL401629,AR,7.905,,2,0,Active,exact,COc1cccc2c1-c1ccc3[nH]c(=O)cc(C(F)(F)F)c3c1CO2
CHEMBL5281709,AR,,5.301,0,1,,censored,Cc1cc(COCc2ccccc2)c(C=O)c(O)c1O
CHEMBL5870475,AR,,4.523,0,1,Inactive,censored,C[C@]12C=CC(=O)C=C1[C@@H](F)C[C@H]1[C@@H]3C[C@H]4O[C@@H](c5ccc(Cc6ccc(Cl)c(N)c6)cc5)O[C@@]4(C(=O)CO)[C@@]3(C)C[C@H](O)[C@@]12F
CHEMBL4457801,AR,,4.602,0,2,Inactive,censored,Cc1ccccc1N1CCN(C(=O)CSc2ccccc2)CC1
CHEMBL3132980,AR,5.640,,1,0,,exact,CC(C)C[C@H](NC(=O)[C@H](CS)NC(=O)[C@H](CC(N)=O)NC(=O)[C@H](Cc1ccccc1)NC(=O)[C@H](Cc1ccc(O)cc1)NC(=O)[C@H](CS)NC(=O)[C@H](C)N)C(=O)N[C@@H](CC1CCCCC1)C(=O)N[C@@H](CCC(=O)O)C(=O)NCC(=O)N[C@@H](CC(N)=O)C(=O)N[C@@H](CC(=O)O)C(=O)N[C@@H](CCC(=O)O)C(=O)N[C@@H](CCC(=O)O)C(=O)N[C@H](C(=O)N[C@@H](CS)C(=O)N[C@@H](CCCCN)C(=O)N[C@@H](CCC(=O)O)C(=O)N[C@@H](Cc1c[nH]c2ccccc12)C(=O)N[C@@H](CS)C(=O)O)[C@@H](C)O
CHEMBL1928878,AR,5.920,,1,0,,exact,O=C1COc2ccc(C3=Nc4ccccc4SC3c3ccccc3)cc2N1
CHEMBL1509,AR,6.200,,1,0,Active,exact,C[C@]12CCC(=O)C=C1[C@@H]1C[C@@H]1[C@H]1[C@@H]3[C@@H]4C[C@@H]4[C@@]4(CCC(=O)O4)[C@@]3(C)CC[C@@H]12
CHEMBL385509,AR,,5.000,0,1,,censored,Nc1ccc2nc(O)cc(C(F)(F)F)c2c1
CHEMBL2426624,AR,6.610,,1,1,Active,exact,CC(C(=O)Nc1nncs1)[C@@H](c1ccccc1)c1ccc2c(cnn2-c2ccc(F)cc2)c1
CHEMBL1237124,AR,,4.523,0,1,Inactive,censored,C=C1c2c(Cl)ccc(O)c2C(=O)C2=C(O)[C@]3(O)C(=O)C(C(N)=O)=C(O)[C@@H](N(C)C)[C@@H]3[C@@H](O)[C@H]12
CHEMBL87563,AR,,4.523,0,1,Inactive,censored,CCOC(=O)c1ccc(OC(=O)CCCCCNC(=N)N)cc1
CHEMBL403670,AR,6.000,,1,0,Active,exact,CCC(CC)(c1ccc(OC[C@H](O)CO)c(C)c1)c1ccc(OC[C@H](O)C(C)(C)C)c(C)c1
CHEMBL484919,AR,9.100,,1,0,Active,exact,Cc1c(/N=C2\OC[C@@H]3[C@H](O)CCN23)ccc(C#N)c1Cl
CHEMBL227590,AR,8.020,,1,0,Active,exact,CCCN1CCOc2cc3[nH]c(=O)cc(C(F)(F)F)c3cc21
CHEMBL3819002,AR,7.700,,1,0,Active,exact,Cc1c(C(O)(C(F)(F)F)C(F)(F)F)ccc(C#N)c1Cl
CHEMBL1229684,AR,7.300,,1,0,Active,exact,CC[C@]1(O)CC[C@H]2[C@@H]3CCC4=CC(=O)CCC4=C3C=C[C@@]21CC
CHEMBL5409022,AR,7.680,,3,0,Active,exact,C[C@](O)(Cn1ccc2cc(F)ccc21)C(=O)Nc1cnc(C#N)c(C(F)(F)F)c1
CHEMBL5288068,AR,,5.301,0,1,,censored,Cc1c(O)c(O)c(C=O)c(COCc2ccccc2)c1-c1ccc(Cl)cc1Br
CHEMBL1163898,AR,,5.000,0,1,,censored,COc1cccc(C(=O)CC(Nc2ccc([N+](=O)[O-])cc2)c2ccc(C(F)(F)F)cc2)c1
CHEMBL3706907,AR,7.800,,1,0,Active,exact,O=c1cc(C(F)(F)F)c2cc(NCC(F)(F)F)ccc2[nH]1
CHEMBL788,AR,,4.523,0,1,Inactive,censored,O=c1[nH]c(=O)n([C@H]2C[C@H](O)[C@@H](CO)O2)cc1I
CHEMBL28318,AR,,4.523,0,1,Inactive,censored,Cc1c(C(C)C)c(=O)n(-c2ccccc2)n1C
CHEMBL229210,AR,9.000,,1,0,Active,exact,Cc1c(N2C(=O)N3CC[C@@H](O)[C@H]3[C@@H]2C(F)(F)F)ccc(C#N)c1Cl
CHEMBL233773,AR,9.350,,2,0,Active,exact,Cc1c(N2C(=O)[C@@H]3[C@H](O)CCN3S2(=O)=O)ccc(C#N)c1Cl
CHEMBL2105115,AR,,4.523,0,1,Inactive,censored,COc1ccccc1OC1(C)OC(=O)c2ccccc2O1
CHEMBL375918,AR,9.050,,1,0,Active,exact,Cc1c(N2C(=O)N3CC[C@H](O)[C@H]3[C@@H]2C(F)(F)F)ccc(C#N)c1Cl
CHEMBL263660,AR,6.600,,2,0,Active,exact,O=C(CN1c2ccccc2Sc2ccc(C(F)(F)F)cc21)c1cccc2ccccc12
CHEMBL366924,AR,7.435,,2,0,Active,exact,Cc1ccc(N2C(=O)[C@@H]3C4C=CC(C4)[C@@H]3C2=O)cc1C
CHEMBL1201027,AR,,4.523,0,1,Inactive,censored,C[N+]1(C)CCC(OC(=O)C(O)(c2ccccc2)C2CCCC2)C1.[Br-]
CHEMBL32603,AR,5.920,,1,0,,exact,CC1C(=O)C(C)(C)Nc2ccc3c(c21)/C(=C/c1ccccc1)Oc1ccccc1-3
CHEMBL727,AR,,4.523,0,1,Inactive,censored,Nc1nc2[nH]cnc2c(=S)[nH]1
CHEMBL2316569,AR,4.350,,1,0,Inactive,exact,Cc1cccc(OCCSc2nc3ccccc3n2C)c1
CHEMBL259223,AR,,4.523,0,1,Inactive,censored,CC(C)=CCC/C(C)=C/CC/C(C)=C/CC/C(C)=C/CC1=C(C)C(=O)c2ccccc2C1=O
CHEMBL1296,AR,,4.523,0,1,Inactive,censored,CN(C)CCn1nnnc1SCC1=C(C(=O)O)N2C(=O)[C@@H](NC(=O)Cc3csc(N)n3)[C@H]2SC1
CHEMBL4297364,AR,,4.523,0,1,Inactive,censored,CC[N+]1(C)[C@@H]2CC(OC(=O)[C@H](CO)c3ccccc3)C[C@H]1[C@@H]1O[C@@H]12
CHEMBL2107636,AR,,4.523,0,1,Inactive,censored,Cc1nnc(SCC2=C(C(=O)O)N3C(=O)[C@@H](NC(=O)Cn4cc(Cl)c(=O)c(Cl)c4)[C@H]3SC2)s1
CHEMBL351465,AR,8.000,,1,0,Active,exact,C[C@@H]1Cc2cc3c(C(F)(F)F)cc(O)nc3cc2N1
CHEMBL6040288,AR,6.770,,1,0,Active,exact,N#Cc1ccc(N2CCc3c(ncnc3Nc3ccc(C(=O)NCc4nc(C(F)(F)F)cs4)cn3)C2)cc1C(F)(F)F
CHEMBL227783,AR,8.400,,1,0,Active,exact,O=c1cc(C(F)(F)F)c2cc3c(cc2[nH]1)OCCN3CC(F)(F)F
CHEMBL3818208,AR,9.100,,1,0,Active,exact,Cc1c(C(O)(C(C)C)C(F)(F)F)ccc(C#N)c1Cl
CHEMBL4226899,AR,6.720,,1,0,Active,exact,Cc1nn(-c2ccc(C#N)c(C(F)(F)F)c2)c(C)c1Cc1ccc(C(=O)NCCOCCOCCOCCNC(=O)[C@H](CC(C)C)NC(=O)[C@@H](O)[C@H](N)Cc2ccccc2)cc1
CHEMBL3261407,AR,,6.000,0,1,,censored,Cc1cc(C)c(S(=O)(=O)N[C@@H](C)CNc2cccc3c2cnn3-c2ccc(F)cc2)c(C)c1
CHEMBL1164857,AR,,5.000,0,1,,censored,O=C(CC(Nc1ccc([N+](=O)[O-])cc1)c1ccc(C(F)(F)F)cc1)c1ccc(Br)cc1
CHEMBL1493,AR,,4.523,0,1,Inactive,censored,Cc1c(-c2ccccc2)oc2c(C(=O)OCCN3CCCCC3)cccc2c1=O
CHEMBL6159743,AR,7.000,,1,0,Active,exact,CCN(Cc1ccc(Br)cc1)c1ccc2c(C(F)(F)F)cc(=O)oc2c1
CHEMBL4641012,AR,5.440,,1,0,,exact,CCc1ccc(NC(=O)c2cc3cccc(O)c3oc2=N)cc1
CHEMBL132516,AR,,6.000,0,1,,censored,CC1=CC(C)(C)N(C)c2cc3nc(Cl)cc(C(F)(F)F)c3cc21
CHEMBL6437,AR,,4.523,0,1,Inactive,censored,CN1CCN2c3ccccc3Cc3ccccc3C2C1
CHEMBL6018925,AR,5.105,,2,0,,exact,Cc1ccccc1C1CC2CCC(C1)N2C(=O)CCCc1c(C)noc1C
CHEMBL1332032,AR,,4.523,0,1,Inactive,censored,CC(=O)Oc1cc(C(F)(F)F)ccc1C(=O)O
CHEMBL310570,AR,,5.398,0,1,,censored,C[C@]12Cc3cnn(-c4ccc(F)cc4)c3C=C1CCC[C@@H]2[C@](C)(O)c1ccsc1
CHEMBL4786811,AR,5.550,,1,0,,exact,CC1(C)C(=O)NC(=O)N1c1ccc(F)c(C(F)(F)F)c1
CHEMBL4226575,AR,5.820,,1,0,,exact,COC(=O)c1ccc(Cc2c(C)n[nH]c2C)cc1
CHEMBL1830782,AR,6.290,,1,0,Active,exact,COCN1CC(C)(C)C(Oc2ccc(C#N)c(C(F)(F)F)c2)C1=O
CHEMBL4085514,AR,7.320,,2,0,Active,exact,C[C@@H]1N(c2ccc(C#N)c(Cl)c2)C(=O)C[C@]1(C)O
CHEMBL4,AR,,4.523,0,1,Inactive,censored,CC1COc2c(N3CCN(C)CC3)c(F)cc3c(=O)c(C(=O)O)cn1c23
CHEMBL5077637,AR,5.830,,1,0,,exact,O=c1cc(C(F)(F)F)c2ccc(OCc3cc4c(cc3Cl)OCO4)cc2o1
CHEMBL2159546,AR,5.945,,2,0,,exact,N#Cc1ccc(C2=NOC3CCCCCCC23)c(C(F)(F)F)c1
CHEMBL3984706,AR,,6.000,0,1,,censored,[C-]#[N+]c1ccc(N2C(=O)C3(CCC3)N(c3cc(C)n[nH]3)C2=S)cc1C(F)(F)F
CHEMBL3337831,AR,5.040,,1,0,,exact,Cc1nn(CCC(C)(F)F)c(-c2ccc(F)cc2)c1-c1ccc2c(c1)NC(=O)CO2
CHEMBL3819015,AR,8.600,,1,0,Active,exact,CCC(O)(c1ccc(C#N)c(Cl)c1Cl)C(F)(F)F
CHEMBL572240,AR,,5.000,0,1,,censored,Cc1c(C#N)c(O)nc2c3c(sc12)NC(=O)CC3c1ccccc1Cl
CHEMBL1013,AR,,4.523,0,1,Inactive,censored,N[C@@H](C(=O)N[C@@H]1C(=O)N2C(C(=O)O)=C(Cl)CC[C@H]12)c1ccccc1
CHEMBL2112311,AR,8.700,,1,0,Active,exact,CC[C@H]1c2cc3c(C(F)(F)F)cc(=O)oc3cc2NC[C@H]1C
CHEMBL431493,AR,8.700,,1,0,Active,exact,Oc1cc(C(F)(F)F)c2cc3c(cc2n1)NC[C@@H]1CCCC[C@H]31
CHEMBL401711,AR,8.390,,2,0,Active,exact,Cc1cc(=O)[nH]c2ccc3c4c(C(=O)OC(C)(C)C)cccc4oc(=O)c3c12
CHEMBL5284847,AR,5.470,,1,0,,exact,Cc1c(O)c(O)c(C=O)c(COCc2ccccc2)c1-c1ccc(Br)cc1F
CHEMBL5401872,AR,6.890,,1,0,Active,exact,CSc1ccc(C(=O)N2CCCCC2)cc1-c1cncnc1
CHEMBL5280257,AR,,5.301,0,1,,censored,COc1ccccc1-c1c(C)c(O)c(O)c(C=O)c1COCc1ccccc1
CHEMBL4572306,AR,5.510,,1,0,,exact,CC(C)(NC(=O)Nc1ccc(F)c(C(F)(F)F)c1)C(=O)O
CHEMBL6170936,AR,6.170,,1,0,Active,exact,Nc1ccnc(Nc2cccc(C(F)(F)F)c2)c1
CHEMBL1946170,AR,,4.523,0,1,Inactive,censored,CNC(=O)c1cc(Oc2ccc(NC(=O)Nc3ccc(Cl)c(C(F)(F)F)c3)c(F)c2)ccn1
CHEMBL3323492,AR,6.080,,2,0,Active,exact,Clc1cn(-c2csc(N3CCOCC3)n2)cn1
CHEMBL218809,AR,7.620,,1,0,Active,exact,N#Cc1ccc(N2C(=O)[C@H]3[C@@H]4CC[C@@H](C4)N3C2=O)c2ccccc12
CHEMBL202400,AR,7.070,,1,0,Active,exact,C[C@]12CCC3C(CC=C4C[C@@H](O)CC[C@@]43/C=C/F)C1CC[C@@H]2O
CHEMBL5403067,AR,6.255,,2,0,Active,exact,C[C@](O)(Cn1c2ccccc2c2cc(F)ccc21)C(=O)Nc1ccc(C#N)c(Cl)c1
CHEMBL480955,AR,7.555,,2,0,Active,exact,Cn1cc(N(Cc2ccccc2)c2ccc(C#N)cc2)cc1C(=O)N1CCCC1
CHEMBL5201101,AR,6.570,,6,0,Active,exact,N#Cc1ccc(-n2ccc(CC(=O)Nc3ccc(F)nc3)n2)cc1Cl
CHEMBL3133000,AR,5.770,,1,0,,exact,CC(C)C[C@H](NC(=O)[C@H](CS)NC(=O)[C@H](CC(N)=O)NC(=O)[C@H](Cc1ccccc1)NC(=O)[C@H](Cc1ccc(O)cc1)NC(=O)[C@H](CS)NC(=O)[C@H](C)N)C(=O)N[C@@H](Cc1ccccc1)C(=O)N[C@@H](CCC(=O)O)C(=O)NCC(=O)N[C@@H](CC(N)=O)C(=O)N[C@@H](CC(=O)O)C(=O)N[C@@H](CCC(=O)O)C(=O)N[C@@H](CCC(=O)O)C(=O)N[C@H](C(=O)N[C@@H](CS)C(=O)N[C@@H](CCCCN)C(=O)N[C@@H](CCC(=O)O)C(=O)N[C@@H](Cc1c[nH]c2ccccc12)C(=O)N[C@@H](CS)C(=O)O)[C@@H](C)O
CHEMBL2107381,AR,,4.523,0,1,Inactive,censored,CC(=O)OC[C@H]1O[C@@H](n2ccc(=O)[nH]c2=O)[C@H](OC(C)=O)[C@@H]1OC(C)=O
CHEMBL156982,AR,7.270,,1,0,Active,exact,CCC1CC(C)(C)Nc2cc3nc(O)cc(C(F)(F)F)c3cc21
CHEMBL4082265,AR,5.090,,2,0,,exact,C[C@@H]1[C@H](O)C(C)(C)C(=O)N1c1ccc(C#N)c(Cl)c1
CHEMBL1289012,AR,5.040,,2,0,,exact,CC1(O)CCCc2c1[nH]c1ccc(C#N)cc21
CHEMBL6162465,AR,,5.000,0,1,,censored,O=c1oc2cc(OCc3ccc(Br)cc3)ccc2cc1Cl
CHEMBL481686,AR,5.660,,1,0,,exact,Cc1cc(C)cc(N(Cc2ccc(CO)cc2)c2cc(C(=O)N3CCCC3)n(C)c2)c1
CHEMBL299512,AR,5.570,,1,0,,exact,C=C1C=C(C)CC(C)(C)C1Cc1ccc([N+](=O)[O-])c(C)c1
CHEMBL556229,AR,7.640,,1,0,Active,exact,CN1C(=O)C=C[C@]2(C)[C@H]3CC[C@]4(C)[C@@H](O)[C@H](Cc5cccc(F)c5)C[C@H]4[C@@H]3CC[C@@H]12
CHEMBL5807843,AR,7.590,,4,0,Active,exact,Cc1nc(C(=O)N[C@@H](C)Cn2ccc(-c3cc(F)c(C#N)c(Cl)c3)n2)c[nH]1
CHEMBL4070425,AR,4.540,,1,0,Inactive,exact,Cc1ccc(-c2csc(N3C(=O)c4ccccc4C3=O)n2)cc1
CHEMBL2316549,AR,,3.699,0,1,Inactive,censored,Cc1cc(C)cc(OCCSc2nc3ccccc3n2CC(=O)O)c1
CHEMBL3622575,AR,4.980,,1,0,Inactive,exact,O=c1[nH]nc(Cc2ccccc2F)c2ccccc12
CHEMBL3588962,AR,6.100,,1,0,Active,exact,CNC(=O)c1ccc(N2C(=S)N(c3ccc(C#N)c(C(F)(F)F)c3)C(=O)[C@]2(C)COC)cc1F
CHEMBL5517689,AR,7.890,,2,0,Active,exact,N#Cc1ccc(O[C@H]2CC[C@H](NC(=O)c3ccc(N4CCC(Cc5ccc(NCCCCCF)cc5)CC4)nn3)CC2)cc1Cl
CHEMBL563597,AR,7.510,,1,0,Active,exact,CNc1ncc(/C=C2\C[C@H]3[C@@H]4CC[C@H]5N(C)C(=O)C=C[C@]5(C)[C@H]4CC[C@]3(C)[C@H]2O)cn1
CHEMBL4101232,AR,8.465,,2,0,Active,exact,CC[C@@H]1C(=O)N(c2ccc(C#N)c(Cl)c2)[C@@H](C)[C@H]1O
CHEMBL367463,AR,,4.523,0,1,Inactive,censored,CC(C(=O)O)c1ccc2c(c1)Cc1cccnc1O2
CHEMBL482063,AR,6.470,,1,0,Active,exact,O=C(c1ccc(N(Cc2ccccc2)c2ccc([N+](=O)[O-])cc2)cc1)N1CCCC1
CHEMBL3914142,AR,,5.301,0,1,,censored,C[C@H](NS(=O)(=O)C1CC1)[C@H](Oc1ccc2c(cnn2-c2ccc(F)cc2)c1)c1ccccc1
CHEMBL1200624,AR,6.230,,1,0,Active,exact,C#C[C@]1(OC(C)=O)CC[C@H]2[C@@H]3CCC4=C[C@@H](OC(C)=O)CC[C@@H]4[C@H]3CC[C@@]21C
CHEMBL5436280,AR,,4.000,0,1,Inactive,censored,C[C@](O)(Cn1nnc2ccc(C(F)(F)F)cc21)C(=O)Nc1ccc(C#N)c(C(F)(F)F)c1
CHEMBL5405995,AR,5.070,,1,0,,exact,Cn1ncc2cc(-c3cc(C(N)=O)ccc3C(F)(F)F)ccc21
CHEMBL7421,AR,7.540,,1,0,Active,exact,CC[C@@H]1Cc2cc3c(C(F)(F)F)cc(O)nc3cc2N[C@@H]1CC
CHEMBL397343,AR,6.150,,1,0,Active,exact,C[C@]12CC[C@H]3[C@@H](CC=C4C[C@@H]5CC[C@@]43CCO5)[C@@H]1CC[C@@H]2O
CHEMBL1420,AR,,4.523,0,1,Inactive,censored,C[n+]1ccccc1C=NO
CHEMBL3915997,AR,,5.301,0,1,,censored,C[C@H](NC(=O)C(F)(F)F)[C@H](Oc1ccc2c(cnn2-c2ccc(F)cc2)c1)c1ccccc1
CHEMBL5069872,AR,,4.301,0,1,Inactive,censored,O=C(Oc1ccc2c(C(F)(F)F)cc(=O)oc2c1)C1CCCCC1
CHEMBL2181929,AR,,4.000,0,1,Inactive,censored,CC1(C)Oc2cc(NS(C)(=O)=O)ccc2N(c2ccc(F)cc2)C1=O
CHEMBL1163747,AR,7.410,,1,0,Active,exact,O=C(CC(Nc1ccc([N+](=O)[O-])cc1)c1cccc(F)c1)c1ccc(Br)cc1
CHEMBL1413176,AR,,4.523,0,1,Inactive,censored,Cc1c(NC(=O)c2cccnc2)c(=O)n(-c2ccccc2)n1C
CHEMBL5742076,AR,5.960,,1,0,,exact,CNC(=O)c1ccc(N2C(=O)N(c3ccc(C#N)c(C(F)(F)F)c3)C(=O)C2(C)C)cc1F
CHEMBL160713,AR,7.160,,1,0,Active,exact,CCCC1(C)CCc2cc3c(C(F)(F)F)cc(O)nc3cc2N1
CHEMBL3605564,AR,6.120,,3,0,Active,exact,CC(=O)OC[C@]12CC[C@H]3[C@@H](CC=C4CC=CC(=O)[C@@]43C)[C@]1(O)CC[C@@]2(O)[C@@](C)(O)[C@H]1CC(C)=C(C)C(=O)O1
CHEMBL3706874,AR,7.960,,1,0,Active,exact,CCC1CCc2cc3c(C(F)(F)F)cc(=O)[nH]c3cc2N1
CHEMBL3695596,AR,6.200,,1,0,Active,exact,C[C@]12CCC(=O)C=C1C1CC1[C@@H]1C2CC[C@@]2(C)C1C1CC1[C@@]21CCC(=O)C1
CHEMBL1928881,AR,,5.000,0,1,,censored,Cc1cc(-c2ccc3c(c2)NC(=O)CO3)n(-c2ccccc2)n1
CHEMBL557116,AR,7.460,,1,0,Active,exact,C/C=C1\C[C@H]2[C@@H]3CC[C@H]4N(C)C(=O)C=C[C@]4(C)[C@H]3CC[C@]2(C)[C@H]1O
CHEMBL2106254,AR,,4.523,0,1,Inactive,censored,CC(C)Cc1ccc(C(C)C(=O)OCc2ccccn2)cc1
CHEMBL6059354,AR,,5.000,0,1,,censored,Cc1ncsc1C(=O)NCc1ccc(N2C(=S)N(c3cccc(C(F)(F)F)c3)C(=O)C2(C)C)cc1F
CHEMBL5933549,AR,7.700,,2,0,Active,exact,C[C@H](Cn1ccc(-c2cc(F)c(C#N)c(F)c2)n1)NC(=O)c1csc(CC#N)n1
CHEMBL2105637,AR,,4.523,0,1,Inactive,censored,Nc1nc(-n2cc(C(=O)O)c(=O)c3cc(F)c(N4CC(O)C4)c(Cl)c32)c(F)cc1F
CHEMBL3818258,AR,7.100,,1,0,Active,exact,Cc1c(C(O)(C(C)(C)C)C(F)(F)F)ccc(C#N)c1Cl
CHEMBL404512,AR,7.820,,1,0,Active,exact,O=c1cc(C(F)(F)F)c2cc3c(cc2[nH]1)OC[C@@H](CO)N3CC(F)(F)F
CHEMBL5266041,AR,,5.301,0,1,,censored,Cc1cccc(-c2c(C)c(O)c(O)c(C=O)c2COCc2ccccc2)c1
CHEMBL3120318,AR,8.010,,1,0,Active,exact,CC/C(=C1/c2ccccc2COc2ccccc21)c1cccc(NS(C)(=O)=O)c1
CHEMBL41632,AR,4.460,,1,0,Inactive,exact,O=C(O)Cc1cc(I)c(Oc2ccc(O)c(I)c2)c(I)c1
CHEMBL2397336,AR,5.290,,1,0,,exact,CCS(=O)(=O)Nc1cccc(-c2cc(=O)n(-c3ccc(F)c(Cl)c3)nc2C)c1
CHEMBL7053,AR,7.960,,1,0,Active,exact,CC[C@H]1Cc2cc3c(C(F)(F)F)cc(O)nc3cc2N[C@@H]1C
CHEMBL1241,AR,,4.523,0,1,Inactive,censored,CN(C)CCN(Cc1ccccc1)c1ccccn1
CHEMBL1626,AR,,4.523,0,1,Inactive,censored,CN1CCC[C@@H]1CCO[C@](C)(c1ccccc1)c1ccc(Cl)cc1
CHEMBL1209904,AR,7.080,,1,0,Active,exact,CCC(=O)N1C[C@@]2(C)O[C@@](C)(C1)[C@@H]1C(=O)N(c3ccc(C#N)c(C(F)(F)F)c3)C(=O)[C@@H]12
CHEMBL5087375,AR,,4.301,0,1,Inactive,censored,COC(=O)C(CC(C)C)Oc1ccc2c(C(F)(F)F)cc(=O)oc2c1
CHEMBL266195,AR,,6.523,0,1,,censored,C=CCc1ccccc1OCC(O)CNC(C)C
CHEMBL4790160,AR,6.090,,1,0,Active,exact,CCOC(=O)C1Nc2ccc3ccccc3c2C2C=CCC12
CHEMBL1082780,AR,5.600,,1,0,,exact,O=S(=O)(Nc1ccc(-c2ccc3c(cnn3-c3ccc(F)cc3)c2)c(C(F)(F)F)c1)c1ccsc1
CHEMBL4798254,AR,4.690,,1,0,Inactive,exact,Clc1ccc(C2Nc3ccc4ccccc4c3C3OCCCC23)c(Cl)c1
CHEMBL286595,AR,5.570,,1,0,,exact,CC1=CC(C)(C)Nc2ccc3c(c21)C(c1ccc(Cl)cc1)Oc1ccccc1-3
CHEMBL1549081,AR,6.210,,1,0,Active,exact,c1ccc(-c2csc(N3CCSCC3)n2)cc1
CHEMBL6167711,AR,7.050,,1,0,Active,exact,CCOC(=O)N1CCN(Cc2nsc(NC(=O)C3=Cc4cc(Cl)ccc4OC=C3)n2)CC1
CHEMBL5419739,AR,6.070,,2,0,Active,exact,C[C@](O)(Cn1cnc2cc(F)c(F)cc21)C(=O)Nc1ccc(C#N)c(C(F)(F)F)c1
CHEMBL3818033,AR,5.600,,1,0,,exact,Cc1c(C#N)ccc(C(C)(O)C(F)(F)F)c1C
CHEMBL3337723,AR,,5.000,0,1,,censored,Cc1[nH]nc(-c2ccc3c(c2)NC(=O)CO3)c1-c1ccc(F)cc1
CHEMBL496,AR,5.270,,1,0,,exact,Oc1c(Cl)cc(Cl)c(Cl)c1Cc1c(O)c(Cl)cc(Cl)c1Cl
CHEMBL1697838,AR,,4.523,0,1,Inactive,censored,COCCOc1cnc(NS(=O)(=O)c2ccccc2)nc1
CHEMBL5416819,AR,6.040,,1,0,Active,exact,CSc1ccc(C(N)=O)cc1-c1ccc2[nH]cnc2c1
CHEMBL7671,AR,6.190,,1,0,Active,exact,C#Cc1cccc2c1-c1ccc3c(c1C(CC=C)O2)C(C)=CC(C)(C)N3
CHEMBL389277,AR,6.580,,1,0,Active,exact,CN(C)C(=O)CCCCCCCC1C[C@H]2CC(=O)CC[C@]2(C)[C@H]2CC[C@]3(C)[C@@H](O)CC[C@H]3[C@H]12
CHEMBL5877870,AR,6.120,,1,0,Active,exact,C[C@](O)(CS(=O)(=O)c1ccc(F)cc1)C(=O)Nc1ccc(NC(=O)CCl)c(C(F)(F)F)c1
CHEMBL4588751,AR,,5.000,0,2,,censored,C[C@](O)(Cn1cc(C(=O)O)c2ccccc21)C(=O)Nc1ccc(C#N)c(C(F)(F)F)c1
CHEMBL4795534,AR,,5.000,0,1,,censored,CC1(C)CC(=O)N(c2ccc(F)c(C(F)(F)F)c2)C(=O)N1
CHEMBL1539,AR,,4.523,0,1,Inactive,censored,COc1ncnc(NS(=O)(=O)c2ccc(N)cc2)c1OC
CHEMBL184228,AR,8.700,,1,0,Active,exact,CC[C@H]1C[C@@]2(C)C(CC[C@@H]2O)C2CCC3=CC(=O)CCC3=C21
CHEMBL3622578,AR,6.060,,2,1,Active,exact,O=c1[nH]nc(Cc2ccccc2[N+](=O)[O-])c2ccccc12
CHEMBL1743263,AR,,4.523,0,1,Inactive,censored,CC(C)C[C@H]1C(=O)N2CCC[C@H]2[C@]2(O)O[C@](NC(=O)[C@@H]3C[C@@H]4c5cccc6[nH]cc(c56)C[C@H]4N(C)C3)(C(C)C)C(=O)N12
CHEMBL219198,AR,8.820,,1,0,Active,exact,O=C1[C@H]2C[C@@H](O)CN2C(=O)N1c1ccc([N+](=O)[O-])c2ccccc12
CHEMBL2397334,AR,5.390,,2,0,,exact,CCS(=O)(=O)Nc1cccc(-c2cc(=O)n(-c3ccc(Cl)c(Cl)c3)nc2C)c1
CHEMBL5895928,AR,6.310,,1,0,Active,exact,N#Cc1ccc(N2CCc3c(ncnc3Nc3ccc(C(=O)NCC(F)F)nc3)C2)cc1C(F)(F)F
CHEMBL4858811,AR,7.430,,6,0,Active,exact,N#Cc1ncc(N2C(=O)C3(CCC3)N(c3ccc(OC4CCNCC4)nc3)C2=S)cc1C(F)(F)F
CHEMBL1830769,AR,7.160,,1,0,Active,exact,CC1(C)COC(=O)[C@@H]1Oc1ccc(C#N)c(C(F)(F)F)c1
CHEMBL5771723,AR,7.845,,4,0,Active,exact,Cc1cc(-c2ccn(C[C@H](C)NC(=O)c3cc(-c4ccco4)n[nH]3)n2)ccc1C#N
CHEMBL1086261,AR,,5.000,0,1,,censored,CCCCN(c1ccccc1)S(=O)(=O)c1ccc(-c2ccc3c(cnn3-c3ccc(F)cc3)c2)c(C(F)(F)F)c1
CHEMBL513,AR,,4.523,0,1,Inactive,censored,O=NN(CCCl)C(=O)NCCCl
CHEMBL5833959,AR,,4.523,0,1,Inactive,censored,C[C@]12C=CC(=O)C=C1[C@@H](F)C[C@H]1[C@@H]3C[C@H]4O[C@@H](c5ccc(Oc6ccc(N)cc6)c(O)c5)O[C@@]4(C(=O)CO)[C@@]3(C)C[C@H](O)[C@@]12F
CHEMBL5169354,AR,,4.602,0,1,Inactive,censored,N#Cc1ccc(NC(=O)c2ccn(-c3ccc(C#N)c(C(F)(F)F)c3)n2)cc1
CHEMBL5289310,AR,,5.301,0,1,,censored,Cc1c(O)c(O)c(C=O)c(COCc2ccccc2)c1-c1ccc(-c2ccccc2)cc1
CHEMBL3682510,AR,7.890,,1,0,Active,exact,O[C@]1(C(F)(F)F)CCCc2c1[nH]c1cc(Cl)c(Cl)cc21
CHEMBL1924001,AR,6.050,,1,2,Active,exact,CCOC(=O)c1ccc2c(c1)[C@H]1C=CC[C@@H]1[C@@H](c1ccccc1)N2
CHEMBL21333,AR,4.760,,1,0,Inactive,exact,O=C(Nc1cccc2c(=O)cc(-c3nnn[nH]3)oc12)c1ccc(OCCCCc2ccccc2)cc1
CHEMBL56367,AR,,4.523,0,1,Inactive,censored,CS(=O)(=O)Nc1ccc([N+](=O)[O-])cc1Oc1ccccc1
CHEMBL1605835,AR,,4.523,0,1,Inactive,censored,CCC(=O)c1c(O)cc(O)cc1O
CHEMBL427721,AR,5.930,,1,0,,exact,N#Cc1ccc(N2C(=O)[C@@H]3C4CCC(O4)[C@@H]3C2=O)cc1C(F)(F)F
CHEMBL125663,AR,8.220,,1,0,Active,exact,C[C@@](O)(COc1ccc(F)cc1)C(=O)Nc1ccc([N+](=O)[O-])c(C(F)(F)F)c1
CHEMBL113332,AR,6.815,,2,0,Active,exact,COc1ccc(C=C2c3ccccc3C(=O)c3ccccc32)c(O)c1
CHEMBL204642,AR,6.770,,1,0,Active,exact,C=C[C@]12CC[C@H](O)CC1=CCC1C2CC[C@@]2(C)C1CC[C@]2(C)O
CHEMBL364368,AR,8.050,,1,0,Active,exact,C#C[C@]1(O)CC[C@H]2[C@@H]3CCC4=CC(=O)CCC4=C3[C@@H](c3ccc(N(C)C(C)=O)cc3)C[C@@]21C
CHEMBL3819080,AR,9.600,,1,0,Active,exact,Cc1c(C(O)(c2ccco2)C(F)(F)F)ccc(C#N)c1C(F)(F)F
CHEMBL511,AR,,4.523,0,1,Inactive,censored,COc1ccc(CN(CCN(C)C)c2ccccn2)cc1
CHEMBL1201354,AR,,4.523,0,1,Inactive,censored,CC[N+](CC)(CC)CCC(O)(c1ccccc1)C1CCCCC1
CHEMBL5556748,AR,6.850,,1,0,Active,exact,O=C(Nc1nc2ccc(OC(F)(F)F)cc2s1)c1ccc(S(=O)(=O)N2CCCc3ccccc32)cc1
CHEMBL4746443,AR,5.040,,1,0,,exact,CN(C)C(=O)c1cc(N2C(=O)NC(C)(C)C2=O)ccc1F
CHEMBL369979,AR,5.750,,1,0,,exact,C=CC[C@]12CC[C@H](O)CC1=CCC1C2CC[C@@]2(C)C1CC[C@@H]2O
CHEMBL3818789,AR,8.400,,1,0,Active,exact,CCC(O)(c1ccc(C#N)c(C(F)(F)F)c1)C(F)(F)F
CHEMBL2419302,AR,,5.000,0,1,,censored,O=C1COc2ccc(C3=C(c4ccc(F)cc4)C(=O)OC3)cc2N1
CHEMBL330829,AR,,4.523,0,1,Inactive,censored,CCOC(=O)/C=C1\SC(N2CCCCC2)C(=O)N1C
CHEMBL1437764,AR,,4.523,0,1,Inactive,censored,CC(C)(C)C(=O)C(Oc1ccc(Cl)cc1)n1ccnc1
CHEMBL322108,AR,6.110,,1,0,Active,exact,CCCCC1Oc2ccc(OC)cc2-c2ccc3c(c21)C(C)=CC(C)(C)N3
CHEMBL1165799,AR,5.500,,1,0,,exact,COc1cc(C(CC(=O)c2cccc(F)c2)Nc2ccc([N+](=O)[O-])cc2)cc(OC)c1OC
CHEMBL3695597,AR,5.000,,1,0,,exact,C[C@]12CC[C@H]3[C@@H](C=CC4=CC(=O)CC[C@@H]43)[C@@H]1CC[C@@]21C=CC(=O)O1
CHEMBL227749,AR,7.570,,1,0,Active,exact,O=c1cc(C(F)(F)F)c2cc3c(cc2[nH]1)OC[C@H]1CCCN31
CHEMBL5421024,AR,6.325,,2,0,Active,exact,C[C@](O)(Cn1nc(Cl)c2cc(F)ccc21)C(=O)Nc1ccc(C#N)c(C(F)(F)F)c1
CHEMBL4871230,AR,5.310,,2,0,,exact,COC1=CC(=O)N(C(=O)[C@@H](CCC(Cl)(Cl)Cl)NC(=O)C(C)(C)C)[C@@H]1CCC(Cl)Cl
CHEMBL363151,AR,5.190,,1,0,,exact,CC#C[C@]1(O)CC[C@H]2[C@@H]3CCC4=CC(=O)CC[C@]4(Cc4ccc(C)cc4)C3=CC[C@@]21C
CHEMBL326092,AR,5.880,,1,0,,exact,CCCCC1Oc2ccc(F)cc2-c2ccc3c(c21)C(C)=CC(C)(C)N3
CHEMBL1501,AR,6.200,,1,0,Active,exact,CC(=O)OCC(=O)[C@@]12OC(C)(C)O[C@@H]1C[C@H]1[C@@H]3C[C@H](F)C4=CC(=O)C=C[C@]4(C)[C@@]3(F)[C@@H](O)C[C@@]12C
CHEMBL231884,AR,,4.523,0,1,Inactive,censored,COc1ccc(-c2cc(=O)c3c(O)cc(O[C@@H]4O[C@H](CO[C@@H]5O[C@@H](C)[C@H](O)[C@@H](O)[C@H]5O)[C@@H](O)[C@H](O)[C@H]4O)cc3o2)cc1O
CHEMBL1200468,AR,,4.523,0,1,Inactive,censored,CCOC(=O)CC(SP(=S)(OC)OC)C(=O)OCC
CHEMBL1957725,AR,5.920,,2,0,,exact,Cc1nn(-c2ccc(C#N)c(Cl)c2)c(C)c1Oc1ccc(NC(=O)C(C)(C)C)cn1
CHEMBL5812642,AR,7.160,,1,0,Active,exact,CC(C)(O)c1ccc(Nc2ncnc3c2CCN(c2ccc(C#N)c(Cl)c2)C3)nn1
CHEMBL3238275,AR,7.450,,2,0,Active,exact,C[C@](O)(COc1cccc(F)c1)C(=O)N1CCc2c(C#N)cccc21
CHEMBL811,AR,,4.523,0,1,Inactive,censored,CN(C)CCC(c1ccc(Br)cc1)c1ccccn1
CHEMBL1957619,AR,5.600,,2,0,,exact,Cc1nn(-c2ccc(C#N)c(Cl)c2)c(C)c1Cc1ccccc1C(N)=O
CHEMBL5905337,AR,5.220,,1,0,,exact,CCCC(C)(O)C(=O)Nc1ccnc(C(=O)OC)c1
CHEMBL5198604,AR,,4.602,0,1,Inactive,censored,N#Cc1ccc(-n2ccc(CNC(=O)Nc3ccc(F)cc3)n2)cc1C(F)(F)F
CHEMBL31634,AR,,4.523,0,1,Inactive,censored,O=c1[nH]c(=O)n([C@H]2C[C@H](O)[C@@H](CO)O2)cc1/C=C/Br
CHEMBL45627,AR,,4.523,0,1,Inactive,censored,C/C=C/C/C=C/CCC(=O)[C@H]1O[C@H]1C(N)=O
CHEMBL716,AR,,4.523,0,1,Inactive,censored,OCCOCCN1CCN(C2=Nc3ccccc3Sc3ccccc32)CC1
CHEMBL22108,AR,,4.523,0,1,Inactive,censored,CC(C1=C(CCN(C)C)Cc2ccccc21)c1ccccn1
CHEMBL255776,AR,7.680,,1,0,Active,exact,O=C1[C@H]2C3CCC(C3)N2C(=O)N1c1cccc(C(F)(F)F)c1
CHEMBL3818420,AR,7.900,,1,0,Active,exact,C=CC(O)(c1ccc(C#N)c(C(F)(F)F)c1)C(F)(F)F
CHEMBL390746,AR,7.720,,1,0,Active,exact,CC[C@H]1COc2cc3[nH]c(=O)cc(C(F)(F)F)c3cc2N1CC(F)(F)F
CHEMBL506,AR,,4.523,0,1,Inactive,censored,COc1cc(NC(C)CCCN)c2ncccc2c1
CHEMBL5169631,AR,6.120,,1,0,Active,exact,CC1(C)C(=O)N(c2ccc(C#N)c(C(F)(F)F)c2)C(=S)N1c1ccc(C(=O)Nc2ccccc2N)nc1
CHEMBL1830776,AR,6.570,,1,0,Active,exact,CCCCCN1CC(C)(C)C(Oc2ccc(C#N)c(C(F)(F)F)c2)C1=O
CHEMBL5866203,AR,6.920,,1,0,Active,exact,Cn1cncc1C(=O)NCc1ccc(N2C(=S)N(c3ccc(C#N)c(C(F)(F)F)c3)C(=O)C2(C)C)cc1F
CHEMBL17157,AR,,4.523,0,1,Inactive,censored,CC(C)(C)c1ccc(C(O)CCCN2CCC(C(O)(c3ccccc3)c3ccccc3)CC2)cc1
CHEMBL1095864,AR,7.100,,1,0,Active,exact,CN(C)S(=O)(=O)CCCN1C(=S)N(c2ccc(C#N)c(C(F)(F)F)c2)C(=O)C1(C)C
CHEMBL2159573,AR,5.975,,2,0,,exact,Fc1ccc(C2=NOC3CCCCC23)c(C(F)(F)F)c1
CHEMBL4068946,AR,9.385,,2,0,Active,exact,C[C@@H]1N(c2ccc(C#N)c(Cl)c2)CC[C@]1(C)O
CHEMBL314437,AR,,4.523,0,1,Inactive,censored,CCC1(c2cccc(O)c2)CCCCN(C)C1
CHEMBL5415715,AR,,4.523,0,1,Inactive,censored,CSc1ccc(C(N)=O)cc1-c1cc(O)cc(F)c1
CHEMBL266473,AR,9.000,,1,0,Active,exact,CCC1CCc2cc3c(C(F)(F)F)cc(=O)oc3cc2N1
CHEMBL6172819,AR,6.715,,2,0,Active,exact,C[C@](O)(CN1CC2CCC(C1)N2c1ccc(C#N)cc1)C(=O)Nc1ccc(C#N)c(Cl)c1
CHEMBL5074318,AR,,4.301,0,1,Inactive,censored,CC(=O)N1c2cc(S(=O)(=O)Nc3ccc(OCc4ccccc4)cc3)c(Br)cc2CC1C
CHEMBL1182210,AR,,4.523,0,1,Inactive,censored,CC(C)(C)CC(C)(C)c1ccc(OCCOCC[N+](C)(C)Cc2ccccc2)cc1
CHEMBL402807,AR,8.520,,1,0,Active,exact,O=C1[C@@H]2C3CCC(O3)[C@@H]2C(=O)N1c1ccc([N+](=O)[O-])c2ccccc12
CHEMBL5398460,AR,7.320,,1,1,Active,exact,C[C@](O)(Cn1nc(Cl)c2c(C(F)(F)F)cccc21)C(=O)Nc1ccc(C#N)c(C(F)(F)F)c1
CHEMBL1742452,AR,,4.523,0,1,Inactive,censored,CC(OCCN1CCCCCC1)(c1ccccc1)c1ccc(Cl)cc1
CHEMBL5424470,AR,5.160,,1,0,,exact,CN1CCN(c2ccc(C(=O)N3CCC4(CCN(c5ccc(C#N)c(Cl)c5)C4)C3)cc2)CC1
CHEMBL1614,AR,,4.523,0,1,Inactive,censored,C[C@H]1O[C@@H](O[C@H]2CC[C@@]3(C)[C@H](CC[C@@H]4[C@@H]3C[C@@H](O)[C@]3(C)[C@@H](C5=CC(=O)OC5)CC[C@]43O)C2)C[C@H](O)[C@@H]1O[C@H]1C[C@H](O)[C@H](O[C@H]2C[C@H](O)[C@H](O[C@@H]3O[C@H](CO)[C@@H](O)[C@H](O)[C@H]3O)[C@@H](C)O2)[C@@H](C)O1
CHEMBL1911151,AR,,5.301,0,1,,censored,CCCc1ccc(-c2ccc3c(n2)Oc2ccccc2[C@H]3C(C)(C)C(=O)Nc2nncs2)cc1
CHEMBL88,AR,,4.523,0,1,Inactive,censored,O=P1(N(CCCl)CCCl)NCCCO1
CHEMBL139835,AR,7.850,,5,0,Active,exact,CC(=O)O[C@]1(C(C)=O)CC[C@H]2[C@@H]3C=C(Cl)C4=CC(=O)[C@@H]5C[C@@H]5[C@]4(C)[C@H]3CC[C@@]21C
CHEMBL9225,AR,5.160,,1,0,,exact,CC[C@H](c1ccc(O)cc1)[C@@H](CC)c1ccc(O)cc1
CHEMBL2159729,AR,6.210,,1,0,Active,exact,N#Cc1ccc(C2=NO[C@H]3CCC[C@@H]23)cc1C(F)(F)F
CHEMBL480162,AR,6.660,,1,0,Active,exact,Cn1cc(N(Cc2ccccc2)c2ccc([N+](=O)[O-])cc2)cc1C(N)=O
CHEMBL5184779,AR,9.000,,2,0,Active,exact,Cc1c(N2C(=O)C3[C@H](O)CCN3C2=O)ccc(C#N)c1Cl
CHEMBL5749733,AR,7.030,,1,0,Active,exact,CC1(C)C(=O)N(c2ccc(C#N)c(C(F)(F)F)c2)C(=S)N1c1ccc(CNC(=O)c2cncs2)c(F)c1
CHEMBL5287380,AR,5.690,,1,0,,exact,Cc1c(O)c(O)c(C=O)c(COCc2ccccc2)c1-c1ccc(F)c(F)c1
CHEMBL5948275,AR,7.000,,1,0,Active,exact,CC(O)(CCc1ccccc1)C(=O)Nc1ccnc(Br)c1
CHEMBL1200975,AR,7.080,,1,0,Active,exact,C[C@@H]1C[C@H]2[C@@H]3C[C@H](F)C4=CC(=O)C=C[C@]4(C)[C@@]3(Cl)[C@@H](O)C[C@]2(C)[C@H]1C(=O)COC(=O)C(C)(C)C
CHEMBL1923999,AR,4.300,,1,2,Inactive,exact,O=C(O)c1cccc(CSc2ccc(Cl)cc2Cl)c1
CHEMBL4758119,AR,6.240,,1,0,Active,exact,C[C@](O)(Cn1cc(-c2ccccc2)c(C#N)n1)C(=O)Nc1cnc(C#N)c(C(F)(F)F)c1
CHEMBL5830527,AR,6.680,,1,0,Active,exact,CC(C)(COc1ccc(Nc2ncnc3c2CCN(c2ccc(C#N)c(C(F)(F)F)c2)C3)cn1)n1cnnn1
CHEMBL4069357,AR,,6.000,0,1,,censored,CC[C@@H]1C[C@](O)(C(F)(F)F)[C@@H](Nc2cccc3nc(C)ccc23)c2ccc(F)c(O)c21
CHEMBL1201772,AR,5.180,,1,0,,exact,CC(=O)Oc1cc2c(s1)CCN(C(C(=O)C1CC1)c1ccccc1F)C2
CHEMBL1237,AR,,4.523,0,1,Inactive,censored,NCCCC[C@H](N[C@@H](CCc1ccccc1)C(=O)O)C(=O)N1CCC[C@H]1C(=O)O
CHEMBL5903579,AR,6.960,,1,0,Active,exact,CC(C)Oc1ccc(Nc2ncnc3c2CCN(c2ccc(C#N)c(C(F)(F)F)c2)C3)cn1
CHEMBL1934440,AR,7.605,,2,0,Active,exact,COC(=O)c1c(-c2ccc(C#N)cc2)c(C)n(Cc2ccccc2)c1C
CHEMBL4782786,AR,5.130,,1,0,,exact,Clc1ccc(C2Nc3ccc4ccccc4c3C3C4CCC(C4)C23)cc1
CHEMBL3623118,AR,7.365,,2,0,Active,exact,C[C@]12O[C@@](C)(C[C@H]1N)[C@H]1C(=O)N(c3ccc(C#N)c(C(F)(F)F)c3)C(=O)[C@H]12
CHEMBL403885,AR,5.960,,1,0,,exact,CCC(CC)(c1ccc(OC[C@@H](O)CO)c(C)c1)c1ccc(OC[C@@H](O)C(C)(C)C)c(C)c1
CHEMBL5574051,AR,5.970,,1,0,,exact,C[C@](O)(CN1CC2CC(C1)N2c1ccc(C#N)cc1)C(=O)Nc1ccc(C#N)c(Cl)c1
CHEMBL5798654,AR,7.285,,4,0,Active,exact,C[C@H](Cn1ccc(-c2ccc(C#N)c(Cl)c2)n1)NC(=O)c1csc(N2CCOCC2)n1
CHEMBL1782496,AR,5.700,,4,0,,exact,C[C@](O)(CS(=O)(=O)c1ccccc1-c1ccccc1)C(=O)Nc1ccc(C#N)c(C(F)(F)F)c1
CHEMBL4080698,AR,5.220,,1,1,,exact,N#CCn1c(C#N)ccc1-c1ccc(O)cc1F
CHEMBL6171302,AR,5.840,,1,0,,exact,O=c1cc(C(F)(F)F)c2ccc(OCc3ccc(Br)cc3)cc2[nH]1
CHEMBL5270583,AR,5.520,,1,0,,exact,Cc1c(O)c(O)c(C=O)c(COCc2cccc(C(F)(F)F)c2)c1-c1ccccc1
CHEMBL1382,AR,,4.523,0,1,Inactive,censored,Cc1ccc(O)c([C@H](CCN(C(C)C)C(C)C)c2ccccc2)c1
CHEMBL55400,AR,,4.523,0,1,Inactive,censored,Nc1ccc2cc3ccc(N)cc3nc2c1
CHEMBL282813,AR,7.660,,1,0,Active,exact,CC(C)CC1CCNc2cc3nc(O)cc(C(F)(F)F)c3cc21
CHEMBL35525,AR,6.300,,1,0,Active,exact,C[C@H]1C(=O)C(C)(C)Nc2ccc3c(c21)[C@H](c1cccc(F)c1)Oc1ccccc1-3
CHEMBL1201073,AR,,4.523,0,1,Inactive,censored,O=C(O)[C@@H](S)[C@@H](S)C(=O)O
CHEMBL1130,AR,,4.523,0,1,Inactive,censored,C[C@H]1O[C@@H](n2cc(F)c(=O)[nH]c2=O)[C@H](O)[C@@H]1O
CHEMBL1083783,AR,5.200,,1,0,,exact,O=S(=O)(Nc1ccc(-c2ccc3c(cnn3-c3ccc(F)cc3)c2)c(C(F)(F)F)c1)c1ccccc1
CHEMBL2159571,AR,6.580,,1,0,Active,exact,O=[N+]([O-])c1ccc(C2=NO[C@H]3CCCC[C@@H]23)c(C(F)(F)F)c1
CHEMBL2346967,AR,5.820,,1,2,,exact,N#Cc1ccc(CN2CCN(c3ccc4nnc(C(F)(F)F)n4n3)CC2)cc1
CHEMBL2177230,AR,9.100,,1,0,Active,exact,CN1C(=S)N(c2ccc(Cl)c(Cl)c2)C(=O)[C@@]1(C)c1ccc(O)cc1
CHEMBL184981,AR,7.080,,3,0,Active,exact,O=C1[C@@H]2C3C=CC(CC3)[C@@H]2C(=O)N1c1ccc(Cl)c(Cl)c1
CHEMBL4290022,AR,5.360,,1,0,,exact,O=C(/C=C/c1ccc2c(c1)OCO2)c1cc(Cl)ccc1O
CHEMBL5398420,AR,7.260,,1,0,Active,exact,CN1CCN(c2ccc(C(=O)N[C@H]3CC[C@H](Oc4ccc(C#N)c(Cl)c4)CC3)cc2)CC1
CHEMBL493,AR,,4.523,0,1,Inactive,censored,CC(C)C[C@H]1C(=O)N2CCC[C@H]2[C@]2(O)O[C@](NC(=O)[C@@H]3C=C4c5cccc6[nH]c(Br)c(c56)C[C@H]4N(C)C3)(C(C)C)C(=O)N12
CHEMBL3337726,AR,,5.000,0,1,,censored,Cc1nn(C)c(-c2ccc(F)cc2)c1-c1ccc2c(c1)NC(=O)CO2
CHEMBL267850,AR,6.960,,1,0,Active,exact,CC(C)[C@@H]1CCc2cc3c(C(F)(F)F)cc(O)nc3cc2N1
CHEMBL1286,AR,,4.523,0,1,Inactive,censored,CC[C@@H](C(N)=O)N1CCCC1=O
CHEMBL5566095,AR,5.800,,1,0,,exact,C[C@](O)(CN1CCN(c2ccc(C#N)c(-c3ccccc3)c2)CC1)C(=O)Nc1ccc(C#N)c(C(F)(F)F)c1
CHEMBL244896,AR,7.720,,1,0,Active,exact,C[C@@H]1CC[C@H](C)N1c1ccc2[nH]c(=O)cc(C(F)(F)F)c2c1
CHEMBL6160000,AR,6.460,,1,0,Active,exact,C[C@](O)(CN1CC2CCC(C1)N2c1ccc(C#N)cn1)C(=O)Nc1ccc(C#N)c(C(F)(F)F)c1
CHEMBL4439264,AR,,4.602,0,2,Inactive,censored,Cc1ccccc1N1CCN(C(=O)C[S+]([O-])Cc2c(C)noc2C)CC1
CHEMBL5817717,AR,,4.523,0,1,Inactive,censored,C[C@]12C=CC(=O)C=C1CC[C@@H]1[C@@H]2[C@@H](O)C[C@@]2(C)[C@H]1C[C@H]1O[C@@H](c3ccc(CSc4cccc(N)c4)cc3)O[C@]12C(=O)CO
CHEMBL3326458,AR,9.400,,1,0,Active,exact,CO[C@@H]1C(c2ccc(C#N)c(Cl)c2C)=NN2CC[C@@H](O)[C@@H]12
CHEMBL1463660,AR,5.210,,1,0,,exact,CS(=O)(=O)Nc1ccc(OCc2ccccc2)cc1
CHEMBL5287623,AR,5.640,,1,0,,exact,Cc1c(O)c(O)c(C=O)c(COCc2ccccc2)c1-c1ccc(F)cc1F
CHEMBL5565018,AR,6.110,,1,0,Active,exact,Cc1ccc(NC(=O)c2ccc(NC(=O)c3cccc(S(=O)(=O)N4CCCc5ccccc54)c3)s2)cc1
CHEMBL5838126,AR,7.700,,2,0,Active,exact,C[C@H](CNC(=O)c1csc(CC#N)n1)n1ccc(-c2cc(F)c(C#N)c(F)c2)n1
CHEMBL5081224,AR,,4.301,0,1,Inactive,censored,O=[N+]([O-])c1ccc(CS(=O)(=O)Nc2ccc(OCc3ccccc3)cc2)cc1
CHEMBL460026,AR,,4.523,0,1,Inactive,censored,CC/C=C\C/C=C\C/C=C\C/C=C\C/C=C\CCCC(=O)O
CHEMBL63560,AR,6.385,,20,0,Active,exact,C[C@](O)(CS(=O)(=O)c1ccc(F)cc1)C(=O)Nc1ccc(C#N)c(C(F)(F)F)c1
CHEMBL427568,AR,8.070,,2,0,Active,exact,C#C[C@]1(O)CC[C@H]2[C@@H]3CCC4=CC(=O)CCC4=C3[C@@H](c3ccc(N(C)CCOC4CC[C@@]5(C)[C@@H](C4)C[C@@H](O)[C@@H]4[C@@H]5C[C@H](O)[C@]5(C)[C@@H]([C@H](C)CCC(=O)O)CC[C@@H]45)cc3)C[C@@]21C
CHEMBL1201302,AR,,4.523,0,1,Inactive,censored,C[C@@H]1C[C@H]2[C@@H]3CCC4=CC(=O)C=C[C@]4(C)[C@@]3(F)[C@@H](O)C[C@]2(C)[C@@]1(O)C(=O)COP(=O)(O)O
CHEMBL3917372,AR,7.705,,2,0,Active,exact,N#Cc1ccc(N2C[C@H]3[C@H]4CC[C@H](C4)[C@H]3S2(=O)=O)cc1C(F)(F)F
CHEMBL3233070,AR,8.925,,2,0,Active,exact,C[C@](O)(COc1ccc(Cl)cc1F)C(=O)N1CCc2c(C#N)cccc21
CHEMBL980,AR,,4.523,0,1,Inactive,censored,COc1ccccc1OCC(O)CO
CHEMBL1515447,AR,,4.523,0,1,Inactive,censored,CN1CCCN(C(c2ccccc2)c2ccc(Cl)cc2)CC1
CHEMBL4853754,AR,6.570,,2,0,Active,exact,N#Cc1ncc(N2C(=O)C3(CCC3)N(c3ccc(CN4CCNCC4)cc3)C2=S)cc1C(F)(F)F
CHEMBL343448,AR,,4.523,0,1,Inactive,censored,C/C=C1\NC(=O)[C@H]2CSSCC/C=C/[C@H](CC(=O)N[C@H](C(C)C)C(=O)N2)OC(=O)[C@H](C(C)C)NC1=O
CHEMBL4745209,AR,6.710,,1,0,Active,exact,CC1(C)C(=O)N(c2ccc(C#N)c(C(F)(F)F)c2)C(=S)N1c1ccc2c(c1)CCOC2=O
CHEMBL570897,AR,7.995,,2,0,Active,exact,O=[N+]([O-])c1ccc(N2CCCC2)c2ccccc12
CHEMBL5989985,AR,6.580,,1,0,Active,exact,C[C@@H](NC(=O)c1ccc(Nc2ncnc3c2CCN(c2ccc(C#N)c(C(F)(F)F)c2)C3)nc1)c1nnc(C(F)(F)F)o1
CHEMBL152632,AR,,4.523,0,1,Inactive,censored,O=C1NCCN1c1ncc([N+](=O)[O-])s1
CHEMBL5172818,AR,4.830,,1,0,Inactive,exact,Cc1cn(-c2ccc(C#N)c(C(F)(F)F)c2)nc1CNC(=O)c1ccc(C#N)cc1
CHEMBL6172908,AR,6.350,,1,0,Active,exact,C[C@](O)(CN1CC2CCC(C1)N2c1ncc(C#N)cn1)C(=O)Nc1ccc(C#N)c(C(F)(F)F)c1
CHEMBL3966495,AR,6.140,,1,0,Active,exact,[C-]#[N+]c1ccc(N2C(=O)C3(CCC3)N(c3ccc(N4CCNCC4)cc3)C2=S)cc1C(F)(F)F
CHEMBL224207,AR,8.250,,1,0,Active,exact,CCC1COc2cc3[nH]c(=O)cc(C(F)(F)F)c3cc2N1CC
CHEMBL3238290,AR,8.465,,2,0,Active,exact,Cc1cc(F)ccc1OC[C@](C)(O)C(=O)N1CCc2c(C#N)cccc21
CHEMBL5189989,AR,7.500,,3,0,Active,exact,CC(C)N1C[C@@]2(C)O[C@](C)(C1)[C@H]1C(=O)N(c3ccc(C#N)c(C(F)(F)F)c3)C(=O)[C@H]12
CHEMBL5204961,AR,,4.602,0,1,Inactive,censored,N#Cc1ccc(-n2ccc(CCCNC(=O)c3ccc([N+](=O)[O-])cc3)n2)cc1C(F)(F)F
CHEMBL268569,AR,7.620,,1,0,Active,exact,CCC[C@@H]1CCc2cc3c(C(F)(F)F)cc(O)nc3cc2N1
CHEMBL551270,AR,7.290,,1,0,Active,exact,CN1C(=O)C=C[C@]2(C)[C@H]3CC[C@]4(C)[C@@H](O)/C(=C/c5cnc(C6CC6)nc5)C[C@H]4[C@@H]3CC[C@@H]12
CHEMBL3578284,AR,5.470,,1,0,,exact,Cc1nocc1-c1ccc2[nH]c([C@@]3(Cc4ccccc4)OC(=O)N([C@H](C)c4ccc(F)cc4)C3=O)nc2c1
CHEMBL6163962,AR,6.070,,1,0,Active,exact,Cc1oc(-c2cccc(C(F)(F)F)c2Cl)cc1C(=O)Nc1nc(CN2CCOCC2)ns1
CHEMBL351022,AR,7.550,,1,0,Active,exact,CC1(C)CNc2cc3nc(O)cc(C(F)(F)F)c3cc21
CHEMBL5426070,AR,6.785,,2,0,Active,exact,C[C@](O)(Cn1cc([N+](=O)[O-])c2cc(F)ccc21)C(=O)Nc1ccc(C#N)c(C(F)(F)F)c1
CHEMBL217168,AR,6.820,,1,0,Active,exact,CN(C)c1ccc2nc(O)cc(C(F)(F)F)c2c1
CHEMBL6152775,AR,7.010,,1,0,Active,exact,CN(Cc1ccc(Br)cc1)c1ccc2c(C(F)(F)F)cc(=O)oc2c1
CHEMBL1257342,AR,,6.000,0,1,,censored,CC(C)(CC(O)(CNc1cccc2ccccc12)C(F)(F)F)c1cc(F)ccc1O
CHEMBL1086313,AR,,5.000,0,1,,censored,N#Cc1ccc(-c2ccc3c(cnn3-c3ccc(F)cc3)c2)cc1
CHEMBL648,AR,,4.523,0,1,Inactive,censored,CN1CCN(C(c2ccccc2)c2ccccc2)CC1
CHEMBL1454910,AR,,4.523,0,1,Inactive,censored,O=[N+]([O-])c1ccc(O)c2ncccc12
CHEMBL78807,AR,6.160,,1,0,Active,exact,COc1ccc2c(c1)CCC1=CC(=O)CC[C@]12Cc1ccccc1
CHEMBL404483,AR,8.620,,1,0,Active,exact,CSCC[C@@H]1COc2cc3[nH]c(=O)cc(C(F)(F)F)c3cc2N1CC(F)(F)F
CHEMBL1476022,AR,7.700,,1,0,Active,exact,CC(=O)O[C@]1(C(C)=O)CC[C@H]2[C@@H]3C=C(C)C4=CC(=O)CC[C@@H]4[C@H]3CC[C@@]21C
CHEMBL2397335,AR,4.880,,1,0,Inactive,exact,CCS(=O)(=O)Nc1cccc(-c2cc(=O)n(-c3cc(Cl)cc(Cl)c3)nc2C)c1
CHEMBL3238294,AR,7.105,,2,0,Active,exact,COc1cc(Cl)ccc1OC[C@](C)(O)C(=O)N1CCc2c(C#N)cccc21
CHEMBL414318,AR,7.470,,1,0,Active,exact,C#C[C@]1(O)CC[C@H]2[C@@H]3CCC4=CC(=O)CCC4=C3[C@@H](c3ccc(N(C)CCOC4CC[C@@]5(C)[C@@H](C4)C[C@@H](O)[C@@H]4[C@@H]5C[C@H](O)[C@]5(C)[C@@H]([C@H](C)CCC(=O)NCC(=O)O)CC[C@@H]45)cc3)C[C@@]21C
CHEMBL1623,AR,,4.523,0,1,Inactive,censored,Cc1cccc(CN2CCN(C(c3ccccc3)c3ccc(Cl)cc3)CC2)c1
CHEMBL457,AR,,4.523,0,1,Inactive,censored,Cc1ccc(C)c(OCCCC(C)(C)C(=O)O)c1
CHEMBL1650619,AR,,4.523,0,1,Inactive,censored,On1ccccc1=S
CHEMBL451821,AR,,4.523,0,1,Inactive,censored,CN[C@@H](C(=O)N(C)[C@H]1CC[C@@]2(C)C(=CC[C@H]3[C@@H]4CC[C@@H]5[C@H](C)N(C)C[C@@]54CC[C@@H]32)C1)C(C)C
CHEMBL145403,AR,5.930,,1,0,,exact,O=c1cc(C(F)(F)F)c2ccc(OCc3ccccc3)cc2o1
CHEMBL590540,AR,,4.523,0,1,Inactive,censored,N[C@@H](CSSC[C@H](N)C(=O)O)C(=O)O
CHEMBL538877,AR,7.620,,1,0,Active,exact,COC[C@@H]1C[C@H]2[C@@H]3CC[C@H]4N(C)C(=O)C=C[C@]4(C)[C@H]3CC[C@]2(C)[C@H]1O
CHEMBL1461,AR,,4.523,0,1,Inactive,censored,O=C(O)c1cc(O)ccc1O
CHEMBL139877,AR,,4.523,0,1,Inactive,censored,NC(=O)NS(=O)(=O)c1ccc(N)cc1
CHEMBL4869945,AR,6.490,,5,0,Active,exact,C[C@](O)(Cn1ccc(-c2ccccc2)c1)C(=O)Nc1ccc(C#N)c(C(F)(F)F)c1
CHEMBL3902818,AR,,5.000,0,1,,censored,C[C@H](NC(=O)C(F)(F)F)[C@H](Oc1ccc2c(cnn2-c2ccc(F)cc2)c1)c1ccc2ccccc2c1
CHEMBL296419,AR,,4.523,0,1,Inactive,censored,COc1ccc(CCN2CCC(Nc3nc4ccccc4n3Cc3ccc(F)cc3)CC2)cc1
CHEMBL1697771,AR,,4.523,0,1,Inactive,censored,O=C(NC(Cc1cc(=O)[nH]c2ccccc12)C(=O)O)c1ccc(Cl)cc1
CHEMBL5937331,AR,7.110,,1,0,Active,exact,Cn1nccc1C(=O)NCc1ccc(N2C(=S)N(c3ccc(C#N)c(C(F)(F)F)c3)C(=O)C2(C)C)cc1F
CHEMBL2441094,AR,6.660,,3,0,Active,exact,COc1cccc(C(=O)Nc2ccc(Oc3ccc(O)cc3)c(C)c2)c1
CHEMBL1644761,AR,6.040,,1,0,Active,exact,Cc1cc(-c2cccc3cc[nH]c23)c(Cl)c2c1NC(C)(C)C(O)C2(C)C
CHEMBL2346974,AR,6.490,,1,0,Active,exact,CC(=O)N1CCN(CCOc2ccc(C3CCN(c4ccc5nnc(C(F)(F)F)n5n4)CC3)cc2)CC1
CHEMBL76725,AR,,4.523,0,1,Inactive,censored,N=C(N)NCC1COc2ccccc2O1
CHEMBL1957608,AR,6.635,,6,0,Active,exact,Cc1nn(-c2ccc(C#N)c(Cl)c2)c(C)c1Cc1ccc(C(=O)NCC(C)(C)O)cc1
CHEMBL218490,AR,7.190,,1,1,Active,exact,CCN[C@H]1C[C@H](C)S(=O)(=O)c2sc(S(N)(=O)=O)cc21
CHEMBL398432,AR,6.680,,1,0,Active,exact,N#Cc1cnc(N2CCCCC2)cc1C(F)(F)F
CHEMBL1830950,AR,6.780,,1,0,Active,exact,CCOC(=O)c1ccc(CN2CC(C)(C)C(Oc3ccc(C#N)c(C(F)(F)F)c3)C2=O)o1
CHEMBL432162,AR,,4.523,0,1,Inactive,censored,Cc1nc(C)c2c(n1)N(Cc1ccc(-c3ccccc3-c3nnn[nH]3)cc1)C(=O)CC2
CHEMBL183882,AR,6.910,,4,0,Active,exact,O=C1[C@@H]2C3CCCC(CC3)[C@@H]2C(=O)N1c1cccc(C(F)(F)F)c1
CHEMBL253745,AR,5.820,,1,0,,exact,COc1ccc2cc[nH]c2c1-c1cc(C)c2c(c1Cl)C(C)CC(C)(C)N2
CHEMBL1215197,AR,,5.000,0,1,,censored,CCOc1cc(C2=NN(c3ccc(C#N)c(Cl)c3)[C@@H](C3CCCC3)C2)ccc1C(=O)O
CHEMBL87045,AR,4.640,,1,0,Inactive,exact,c1ccc(C2(c3ccccc3)CC2C2=NCCN2)cc1
CHEMBL5567043,AR,6.870,,1,0,Active,exact,C[C@](O)(CN1CCN(c2cnc(C#N)nc2)CC1)C(=O)Nc1ccc(C#N)c(C(F)(F)F)c1
CHEMBL5285118,AR,,5.301,0,1,,censored,C=C(C)Cc1c(C)c(O)c(O)c(C=O)c1COCc1ccccc1
CHEMBL258191,AR,7.240,,2,0,Active,exact,Cc1cc(-c2cccc3cc[nH]c23)c(Cl)c2c1NC(C)(C)CC2C
CHEMBL729,AR,,4.523,0,1,Inactive,censored,Cc1cccc(C)c1OCC(=O)N[C@@H](Cc1ccccc1)[C@@H](O)C[C@H](Cc1ccccc1)NC(=O)[C@H](C(C)C)N1CCCNC1=O
CHEMBL5197724,AR,5.890,,1,0,,exact,Cc1cn(C2=CC[C@H]3[C@@H]4CC=C5C[C@@H](NC(=O)c6cccnc6)CC[C@]5(C)[C@H]4CC[C@]23C)cn1
CHEMBL267231,AR,7.020,,1,0,Active,exact,C=CCC1Oc2cccc(OC(F)F)c2-c2ccc3c(c21)C(C)=CC(C)(C)N3
CHEMBL3695602,AR,7.550,,1,0,Active,exact,CC[C@]12CC[C@H]3[C@@H](CCC4=CC(=O)CC[C@@H]43)[C@@H]1CC[C@@]21C=CC(=O)O1
CHEMBL4463558,AR,6.500,,1,0,Active,exact,CC(=O)O[C@H]1CC[C@@]2(C)C(=CC[C@@H]3[C@@H]2CC[C@]2(C)c4c(C)nc5[nH]c6ccccc6c5c4C[C@@H]32)C1
CHEMBL5407635,AR,6.310,,5,0,Active,exact,Cc1cn(C2=CCC3C4CC=C5C[C@@H](NC(=O)c6ccncc6)CC[C@]5(C)C4CC[C@]23C)cn1
CHEMBL1095861,AR,,5.000,0,2,,censored,CC1(C)C(=O)N(c2ccc(C#N)c(C(F)(F)F)c2)C(=S)N1CCCS(=O)(=O)O
CHEMBL165803,AR,7.030,,1,0,Active,exact,C[C@H]1CC[C@H]2Nc3cc4c(cc3[C@H]2C1)c(C(F)(F)F)cc(=O)n4C
CHEMBL4649683,AR,,5.000,0,1,,censored,Cc1cnc(-c2ccc(OC(F)(F)F)cc2)n1Cc1ccccc1OCCC[C@@H](C)CC(=O)O
CHEMBL2096708,AR,8.480,,1,0,Active,exact,C#C[C@]1(O)CC[C@H]2[C@@H]3CCC4=CC(=O)CCC4=C3[C@@H](c3ccc(N(C)CCOCCO[C@H]4CC[C@@]5(C)[C@@H](C4)C[C@@H](O)[C@@H]4[C@@H]5C[C@H](O)[C@]5(C)[C@@H]([C@H](C)CCC(=O)O)CC[C@@H]45)cc3)C[C@@]21C
CHEMBL5433271,AR,,4.523,0,1,Inactive,censored,C[C@]12C=CC(=O)C=C1CC[C@@H]1[C@@H]2[C@@H](O)C[C@@]2(C)[C@H]1C[C@H]1O[C@@H](c3ccc(Cc4cccc(N)c4)cc3)O[C@]12C(=O)CO
CHEMBL2334348,AR,,5.000,0,1,,censored,CC[Si](CC)(c1ccc(NC[C@@H](O)CO)c(C)c1)c1ccc(OCC(=O)C(C)(C)C)c(C)c1
CHEMBL1983350,AR,5.520,,1,0,,exact,CC(C)(C)C(O)/C=C/c1ccc2c(c1)OCO2
CHEMBL1200971,AR,,4.523,0,1,Inactive,censored,CC(=O)OCC1=C(C(=O)O)N2C(=O)[C@@H](NC(=O)[C@H](N)c3ccccc3)[C@H]2SC1
CHEMBL78625,AR,6.190,,1,0,Active,exact,CC#C[C@@]1(O)CC[C@@]2(Cc3ccccc3)c3ccc(O)cc3CC[C@@H]2C1
CHEMBL507267,AR,5.640,,1,0,,exact,CC(C)c1ccccc1Oc1ccc(C#N)c(C(F)(F)F)c1
CHEMBL4460567,AR,6.790,,2,0,Active,exact,C[C@](O)(Cn1ccc2cc(F)c(-c3ccccc3)cc21)C(=O)Nc1ccc(C#N)c(C(F)(F)F)c1
CHEMBL501649,AR,6.700,,1,0,Active,exact,COc1cc(Oc2ccc(C)cc2)ccc1C#N
CHEMBL1555736,AR,,4.523,0,1,Inactive,censored,CCOc1ccc(Cc2nccc3cc(OCC)c(OCC)cc23)cc1OCC
CHEMBL3132975,AR,5.160,,1,0,,exact,CC(C)C[C@H](NC(=O)[C@H](CS)NC(=O)[C@H](Cc1cnc[nH]1)NC(=O)[C@H](Cc1ccccc1)NC(=O)[C@H](Cc1ccc(O)cc1)NC(=O)[C@H](CS)NC(=O)[C@H](C)N)C(=O)N[C@@H](Cc1ccccc1)C(=O)N[C@@H](CCC(=O)O)C(=O)NCC(=O)N[C@@H](CC(N)=O)C(=O)N[C@@H](CC(=O)O)C(=O)N[C@@H](CCC(=O)O)C(=O)N[C@@H](CCC(=O)O)C(=O)N[C@H](C(=O)N[C@@H](CS)C(=O)N[C@@H](CCCCN)C(=O)N[C@@H](CCC(=O)O)C(=O)N[C@@H](Cc1c[nH]c2ccccc12)C(=O)N[C@@H](CS)C(=O)O)[C@@H](C)O
CHEMBL4750503,AR,5.360,,1,0,,exact,N#Cc1ccc(N2C(=O)C3CCc4cc(Br)ccc4N3C2=S)cc1C(F)(F)F
CHEMBL455662,AR,,5.000,0,1,,censored,CCN(C[C@](O)(CNC(=O)c1cnn(-c2ccc(F)cc2)c1N)C(F)(F)F)C(=O)c1c(Cl)cccc1Cl
CHEMBL3907304,AR,6.730,,4,0,Active,exact,C[C@@]12[C@@H]3CC[C@@H](C3O)[C@@H]1CN(c1ccc(C#N)c(C(F)(F)F)c1)S2(=O)=O
CHEMBL61593,AR,,4.523,0,1,Inactive,censored,NS(=O)(=O)c1cc2c(cc1Cl)NC(C1CC3C=CC1C3)NS2(=O)=O
CHEMBL3987109,AR,7.290,,2,0,Active,exact,N#Cc1ccc(N2C[C@@H]3[C@@H]([C@@H]4C=C[C@H]3C4)S2(=O)=O)cc1C(F)(F)F
CHEMBL3605932,AR,7.040,,1,0,Active,exact,CS(=O)(=O)Nc1cccc2c(-c3cccc(Cl)c3)c[nH]c12
CHEMBL1682,AR,,4.523,0,1,Inactive,censored,OC[C@@H](O)[C@@H](O)[C@H](O)[C@@H](O)CO
CHEMBL1257454,AR,,6.000,0,1,,censored,COc1ccc(F)cc1C(C)(C)CC(O)(CNc1cccc2nc(C)ccc12)C(F)(F)F
CHEMBL226609,AR,7.800,,1,0,Active,exact,O=c1cc(C(F)(F)F)c2cc3c(cc2[nH]1)OCC1CCCCN31
CHEMBL4581378,AR,4.740,,2,0,Inactive,exact,Cc1ccccc1N(C)CCN(C)C(=O)CSCc1c(C)noc1C
CHEMBL2419301,AR,,5.000,0,2,,censored,Cc1cc(C2=C(c3ccc(F)cc3)C(=O)NC2C)cc2c1OCC(=O)N2
CHEMBL141,AR,,4.523,0,1,Inactive,censored,Nc1ccn([C@@H]2CS[C@H](CO)O2)c(=O)n1
CHEMBL3323472,AR,6.245,,2,0,Active,exact,Cc1ccc(C)c(-c2csc(N3CCOCC3)n2)c1
CHEMBL229862,AR,8.400,,1,0,Active,exact,Cc1c(N2C(=O)N3CC[C@H](O)[C@H]3[C@H]2C)ccc(C#N)c1Cl
CHEMBL1672547,AR,6.190,,1,0,Active,exact,CC(C)n1cc(-c2ccc(C#N)c(F)c2)c2ccc(NS(C)(=O)=O)cc21
CHEMBL6147327,AR,7.440,,1,0,Active,exact,Cc1oc(-c2cccc(C(F)(F)F)c2)cc1C(=O)Nc1nc(CC(C)N2CCN(C)CC2)ns1
CHEMBL1740659,AR,,4.523,0,1,Inactive,censored,C/C(=C(/CCO)SSCC1CCCO1)N(C=O)Cc1cnc(C)nc1N
CHEMBL61,AR,,4.523,0,1,Inactive,censored,COc1cc([C@@H]2c3cc4c(cc3[C@H](O)[C@H]3COC(=O)[C@H]23)OCO4)cc(OC)c1OC
CHEMBL2334344,AR,5.170,,1,0,,exact,CC[Si](CC)(c1ccc(OC[C@H](O)CO)c(C)c1)c1ccc(OC[C@H](O)C(C)(C)C)c(C)c1
CHEMBL5272266,AR,,4.301,0,1,Inactive,censored,C[C@]12CC[C@H](O)CC1CCC1C3=CC[C@H](c4ccc(=O)oc4)[C@@]3(C)CCC12
CHEMBL21,AR,,4.523,0,1,Inactive,censored,Nc1ccc(S(N)(=O)=O)cc1
CHEMBL378274,AR,5.900,,3,0,,exact,Oc1nnc(Cc2ccccc2Cl)c2ccccc12
CHEMBL1215130,AR,,5.000,0,1,,censored,COc1cc(C2=NN(c3ccc(C#N)c(Cl)c3)[C@@H](C3CCCC3)C2)ccc1C(=O)O
CHEMBL133792,AR,7.080,,1,0,Active,exact,CC1(C)CCc2cc3c(C(F)(F)F)cc(Cl)nc3cc2N1
CHEMBL51669,AR,5.960,,1,0,,exact,C=C1CCCC(C)(C)[C@@H]1Cc1cc(OC)c(Br)cc1O
CHEMBL3132987,AR,5.000,,1,0,,exact,CC[C@H](C)[C@H](NC(=O)[C@H](CS)NC(=O)[C@H](Cc1ccccc1)NC(=O)[C@H](CC(C)C)NC(=O)[C@H](CCC(=O)O)NC(=O)[C@H](CS)NC(=O)[C@H](Cc1ccccc1)NC(=O)[C@H](CC(C)C)NC(=O)[C@@H](N)CC(N)=O)C(=O)N[C@@H](CCC(N)=O)C(=O)NCC(=O)N[C@H](C(=O)NCC(=O)N[C@@H](CC(=O)O)C(=O)N[C@H](C(=O)N[C@@H](CCCCN)C(=O)N[C@@H](C)C(=O)N[C@@H](CS)C(=O)N[C@@H](CCC(=O)O)C(=O)N[C@@H](Cc1c[nH]c2ccccc12)C(=O)N[C@@H](C)C(=O)N[C@@H](CS)C(=O)N[C@@H](CCC(N)=O)C(=O)O)C(C)C)[C@@H](C)O
CHEMBL4797334,AR,6.370,,3,3,Active,exact,C[C@](O)(Cn1cc(Br)cn1)C(=O)Nc1ccc(C#N)c(C(F)(F)F)c1
CHEMBL256907,AR,,4.523,0,1,Inactive,censored,Cc1nnc(C(C)C)n1[C@H]1C[C@H]2CC[C@@H](C1)N2CC[C@H](NC(=O)C1CCC(F)(F)CC1)c1ccccc1
CHEMBL51093,AR,6.350,,1,0,Active,exact,C=C1CC[C@@H](Br)C(C)(C)[C@H]1Cc1cc(OC)c(Br)cc1O
CHEMBL5179173,AR,,5.000,0,1,,censored,CC1(C)C(=O)N(c2ccc(C#N)c(C(F)(F)F)c2)C(=S)N1c1ccc(C(=O)Nc2cc(-c3cccs3)ccc2N)nc1
CHEMBL1830953,AR,6.490,,1,0,Active,exact,Cc1nc(CN2CC(C)(C)C(Oc3ccc(C#N)c(C(F)(F)F)c3)C2=O)cs1
CHEMBL4069026,AR,6.720,,2,0,Active,exact,Cn1c(C#N)ccc1-c1ccc(O)c(F)c1F
CHEMBL4740374,AR,6.375,,6,0,Active,exact,C[C@](O)(Cn1ccc(F)n1)C(=O)Nc1ccc(C#N)c(C(F)(F)F)c1
CHEMBL5272485,AR,7.865,,2,0,Active,exact,COC(=O)c1ccc(C2C(=S)N(c3ccc(C#N)c(C(F)(F)F)c3)C(=O)[C@]23CCOC3)cc1F
CHEMBL2105717,AR,,4.523,0,1,Inactive,censored,COc1cc2nccc(Oc3ccc(NC(=O)C4(C(=O)Nc5ccc(F)cc5)CC4)cc3)c2cc1OC
CHEMBL2220442,AR,,4.523,0,1,Inactive,censored,CC(C)n1c(/C=C/C(O)CC(O)CC(=O)O)c(-c2ccc(F)cc2)c2ccccc21
CHEMBL556431,AR,7.390,,1,0,Active,exact,CN1C(=O)C=C[C@]2(C)[C@H]3CC[C@]4(C)[C@@H](O)/C(=C/c5cc(F)cc(F)c5)C[C@H]4[C@@H]3CC[C@@H]12
CHEMBL4581526,AR,4.830,,2,0,Inactive,exact,Cc1noc(C)c1CSCC(=O)N1C[C@@H](C)N(c2ccccc2)[C@@H](C)C1
CHEMBL1364072,AR,5.040,,1,0,,exact,c1ccc(Nc2cccc(Nc3ccccc3)c2)cc1
CHEMBL251940,AR,,4.523,0,1,Inactive,censored,N#Cc1ccc2c(c1)N(CCCN1CCC(O)CC1)c1ccccc1S2
CHEMBL132609,AR,,6.000,0,1,,censored,CN1c2cc3nccc(C(F)(F)F)c3cc2CCC1(C)C
CHEMBL1163588,AR,6.490,,1,0,Active,exact,Cc1ccc(C(=O)CC(Nc2ccc(F)cc2)c2cccc(F)c2)cc1
CHEMBL1086312,AR,,5.000,0,1,,censored,N#Cc1cccc(-c2ccc3c(cnn3-c3ccc(F)cc3)c2)c1
CHEMBL156312,AR,6.770,,1,0,Active,exact,CC12CCCN1c1cc3nc(O)cc(C(F)(F)F)c3cc1CC2
CHEMBL453244,AR,6.360,,1,0,Active,exact,COc1cc(SCC2CCC2)ccc1C#N
CHEMBL5823482,AR,6.430,,1,0,Active,exact,CC(C)Oc1ccc(Nc2ncnc3c2CCN(c2ccc(C#N)c(C(F)(F)F)c2)C3)cc1
CHEMBL5572655,AR,6.920,,1,0,Active,exact,O=C(Nc1ccc(C(=O)NC23C[C@H]4C[C@H](C2)C[C@@H](C3)C4)s1)c1cccc(S(=O)(=O)N2CCCc3ccccc32)c1
CHEMBL607710,AR,,4.523,0,1,Inactive,censored,NC(=O)OCC(O)COc1ccc(Cl)cc1
CHEMBL489411,AR,,4.523,0,1,Inactive,censored,CCC(C)(C)c1ccc(CC(C)CN2C[C@@H](C)O[C@@H](C)C2)cc1
CHEMBL1210840,AR,7.700,,1,0,Active,exact,CN1C(=O)[C@]2(C)O[C@](C)(C1=O)[C@H]1C(=O)N(c3ccc(C#N)c(C(F)(F)F)c3)C(=O)[C@H]12
CHEMBL1957616,AR,7.115,,2,0,Active,exact,Cc1nn(-c2ccc(C#N)c(Cl)c2)c(C)c1-c1ccc(F)cc1
CHEMBL5875205,AR,6.920,,1,0,Active,exact,Cc1ncsc1C(=O)NCc1ccc(N2C(=S)N(c3ccc(C#N)c(F)c3)C(=O)C2(C)C)cc1F
CHEMBL1089,AR,,4.523,0,1,Inactive,censored,NNCCc1ccccc1
CHEMBL2105759,AR,,4.523,0,1,Inactive,censored,CCS(=O)(=O)N1CC(CC#N)(n2cc(-c3ncnc4[nH]ccc34)cn2)C1
CHEMBL1762209,AR,6.540,,1,0,Active,exact,Cc1c[nH]c2c(-c3c(F)cc4c(c3F)/C(=N/OC(C)(C)CO)CC(C)(C)N4)cccc12
CHEMBL2426118,AR,,5.301,0,1,,censored,CC(C)(CNS(=O)(=O)CC(F)(F)F)[C@@H](c1ccccc1)c1ccc2c(cnn2-c2ccc(F)cc2)c1
CHEMBL2177238,AR,8.535,,2,0,Active,exact,CN1C(=O)N(c2ccc(C#N)c(C(F)(F)F)c2)C(=O)[C@@]1(C)c1ccc(O)cc1
CHEMBL1531134,AR,,4.523,0,1,Inactive,censored,CC1CCN(CCCC(=O)c2ccc(F)cc2)CC1
CHEMBL4747544,AR,,5.000,0,1,,censored,Cc1ccc(N2C(=O)NC(C)(C)C2=O)cc1C(F)(F)F
CHEMBL4739997,AR,6.720,,2,0,Active,exact,C[C@](O)(Cn1cc(C#N)c(Br)n1)C(=O)Nc1ccc(C#N)c(C(F)(F)F)c1
CHEMBL4747056,AR,5.670,,3,0,,exact,N#Cc1ccc(NC(=O)CCn2cc(F)cn2)cc1C(F)(F)F
CHEMBL551269,AR,7.230,,1,0,Active,exact,CN1C(=O)C=C[C@]2(C)[C@H]3CC[C@]4(C)[C@@H](O)/C(=C/c5cncnc5)C[C@H]4[C@@H]3CC[C@@H]12
CHEMBL4743145,AR,6.830,,1,0,Active,exact,CC1(C)C(=O)N(c2ccc(C#N)c(C(F)(F)F)c2)C(=S)N1c1ccc2c(c1)COC2=O
CHEMBL26,AR,,4.523,0,1,Inactive,censored,CCN1CCCC1CNC(=O)c1cc(S(N)(=O)=O)ccc1OC
CHEMBL3323473,AR,6.075,,2,0,Active,exact,c1ccc(-c2csc(N3CCCCC3)n2)cc1
CHEMBL3933747,AR,6.320,,2,0,Active,exact,Cc1cc(C(=O)NC[C@H]2CC[C@H](Oc3ccnc4c(F)cccc34)CC2)no1
CHEMBL5276445,AR,5.430,,1,0,,exact,Cc1c(O)c(O)c(C=O)c(COCc2ccccc2)c1-c1ccc([N+](=O)[O-])cc1
CHEMBL5074175,AR,6.960,,1,0,Active,exact,O=S(=O)(Nc1ccc(OCc2ccccc2)cc1)c1ccccc1
CHEMBL4741767,AR,6.080,,1,0,Active,exact,COC(=O)Nc1ccc(-c2cnn(C[C@](C)(O)C(=O)Nc3ccc(C#N)c(C(F)(F)F)c3)c2)cc1
CHEMBL562780,AR,7.210,,1,0,Active,exact,CN1C(=O)C=C[C@]2(C)[C@H]3CC[C@]4(C)[C@@H](O)/C(=C/c5cccnc5)C[C@H]4[C@@H]3CC[C@@H]12
CHEMBL5288332,AR,,5.301,0,1,,censored,Cc1c(C)c(COCc2ccccc2)c(C=O)c(O)c1O
CHEMBL182236,AR,7.670,,2,0,Active,exact,Cc1cc(N2C(=O)[C@@H]3C4C=CC(C4)[C@@H]3C2=O)ccc1Br
CHEMBL296323,AR,9.520,,1,0,Active,exact,C[C@](O)(CBr)C(=O)Nc1ccc([N+](=O)[O-])c(C(F)(F)F)c1
CHEMBL20835,AR,,4.523,0,1,Inactive,censored,CC(=O)OC1CN2CCC1CC2
CHEMBL5558125,AR,7.420,,1,0,Active,exact,N#Cc1ccc(O[C@H]2CC[C@H](NC(=O)c3ccc(N4CCC(N5CCC(F)(F)C5)CC4)nn3)CC2)cc1Cl
CHEMBL3318070,AR,6.325,,2,0,Active,exact,CC(C)N(Cc1ccco1)C(=O)c1cc2ccc(F)cc2[nH]1
CHEMBL5183890,AR,6.660,,1,0,Active,exact,Cc1cn(-c2ccc(C#N)c(C(F)(F)F)c2)nc1CNC(=O)c1ccc(F)cc1
CHEMBL174984,AR,,4.523,0,1,Inactive,censored,COc1cc(C[C@@H]2NCCc3cc(O)c(O)cc32)cc(OC)c1OC
CHEMBL4087723,AR,6.230,,3,0,Active,exact,O=c1cc(C(F)(F)F)c2ccc(OCc3ccc(Br)cc3)cc2o1
CHEMBL229264,AR,8.680,,5,0,Active,exact,Cc1c(N2C(=O)[C@@H]3[C@H](O)CCN3C2=O)ccc(C#N)c1Cl
CHEMBL3899806,AR,6.320,,2,0,Active,exact,O=C(N[C@H]1CC[C@H](Oc2ccnc3c(Br)cccc23)CC1)c1ccc(F)cc1
CHEMBL1830939,AR,6.550,,1,0,Active,exact,COc1ccc(CN2CC(C)(C)C(Oc3ccc(C#N)c(C(F)(F)F)c3)C2=O)cc1
CHEMBL5441048,AR,,4.523,0,1,Inactive,censored,CSc1ccc(C(N)=O)cc1-c1ccc[nH]1
CHEMBL283754,AR,,4.523,0,1,Inactive,censored,CCC(CC)(CC(=O)Nc1cccc(/C=C/c2nc(C3CCC3)cs2)c1)C(=O)O
CHEMBL491,AR,7.370,,19,0,Active,exact,CC(C)(O)C(=O)Nc1ccc([N+](=O)[O-])c(C(F)(F)F)c1
CHEMBL445429,AR,7.540,,1,0,Active,exact,COc1cc(SC(C)C)ccc1C#N
CHEMBL1697760,AR,,4.523,0,1,Inactive,censored,CC(c1ccc(Cl)c(Cl)c1)N1N=C(N)CC1=O
CHEMBL1412,AR,,4.523,0,1,Inactive,censored,C1CNCCN1
CHEMBL4747667,AR,5.450,,6,0,,exact,Cc1cnn(C[C@](C)(O)C(=O)Nc2ccc(C#N)c(C(F)(F)F)c2)c1
CHEMBL4072079,AR,,6.000,0,1,,censored,C=C(C)C[C@@](O)([C@@H](Nc1cccc2c(=O)[nH]ccc12)c1cc(Br)ccc1O)C(F)(F)F
CHEMBL6149896,AR,5.850,,1,0,,exact,COc1c(C#N)ccc(NC(=O)[C@@](C)(O)CN2CC3CCC(C2)N3c2ccc(C#N)cc2)c1F
CHEMBL320690,AR,5.820,,1,0,,exact,CC1=CC(C)(C)Nc2ccc3c(c21)C(c1cccc(Cl)c1)Oc1ccccc1-3
CHEMBL3706880,AR,7.100,,1,0,Active,exact,CC(C)Nc1ccc2c(C(F)(F)F)cc(=O)[nH]c2c1
CHEMBL2159568,AR,7.145,,2,0,Active,exact,N#Cc1cccc(C2=NOC3CCCCC23)c1C(F)(F)F
CHEMBL5286595,AR,5.660,,1,0,,exact,Cc1c(O)c(O)c(C=O)c(COCc2ccccc2)c1-c1ccc(Br)c(F)c1
CHEMBL182593,AR,7.095,,4,0,Active,exact,O=C1[C@@H]2C3C=CC(C3)[C@@H]2C(=O)N1c1ccc(Cl)c(Cl)c1
CHEMBL3977051,AR,6.830,,1,0,Active,exact,[C-]#[N+]c1ccc(N2C(=O)C3(CCCC3)N(c3ccc(C)cc3)C2=S)cc1C(F)(F)F
CHEMBL4872153,AR,6.040,,2,0,Active,exact,CNC(=O)c1cc2c(cc1F)CC1(C2)C(=O)N(c2cnc(C#N)c(C(F)(F)F)c2)C(=S)N1C
CHEMBL237473,AR,6.610,,1,0,Active,exact,CC(C)(C)CCN(CC(F)(F)F)c1ccc2[nH]c(=O)cc(C(F)(F)F)c2c1
CHEMBL4548397,AR,7.810,,2,0,Active,exact,CC1(C)CCc2cc3c(cc2N1)NC(F)C=C3C(F)(F)F
CHEMBL3959936,AR,6.830,,1,0,Active,exact,[C-]#[N+]c1ccc(N2C(=O)C(C)(C)N(c3ccccc3)C2=S)cc1C(F)(F)F
CHEMBL5426552,AR,,4.523,0,1,Inactive,censored,CSc1ccc(C(N)=O)cc1-c1ccccc1
CHEMBL50023,AR,5.900,,2,0,,exact,C=C1C=C(C)CC(C)(C)C1Cc1ccc([N+](=O)[O-])cc1
CHEMBL97206,AR,5.510,,1,0,,exact,COc1cccc2c1-c1ccc3c(c1C(c1cccc(OCSC)c1)O2)C(C)=CC(C)(C)N3
CHEMBL867,AR,,4.523,0,1,Inactive,censored,CCC(Cc1c(I)cc(I)c(N)c1I)C(=O)O
CHEMBL3963614,AR,6.280,,1,0,Active,exact,[C-]#[N+]c1ccc(N2C(=O)C(C)(C)N(c3ccccc3C(=O)O)C2=S)cc1C(F)(F)F
CHEMBL3898984,AR,6.680,,2,0,Active,exact,Cc1nocc1C(=O)NC[C@H]1CC[C@H](Oc2ccnc3c(F)cccc23)CC1
CHEMBL133289,AR,6.530,,1,0,Active,exact,CN1c2cc3nc(Cl)cc(C(F)(F)F)c3cc2CCC1(C)C
CHEMBL6176217,AR,4.800,,1,0,Inactive,exact,CC(=O)Cc1nsc(NC(=O)/C=C/c2ccc(C(F)(F)F)cc2)n1
CHEMBL402835,AR,8.890,,1,0,Active,exact,O=c1cc(C(F)(F)F)c2cc3c(cc2[nH]1)OC[C@@H](c1ccccc1)N3CC(F)(F)F
CHEMBL5408162,AR,6.505,,2,0,Active,exact,C[C@](O)(Cn1c2ccccc2c2ccccc21)C(=O)Nc1ccc(C#N)c(Cl)c1
CHEMBL6163449,AR,7.470,,2,1,Active,exact,N#Cc1ccc(C(=O)NC2CC3(CCN(c4ccc(C#N)c(C(F)(F)F)c4)C3)C2)cc1
CHEMBL255216,AR,7.750,,1,0,Active,exact,CC12CCC(C)(O1)[C@H]1C(=O)N(c3ccc(C#N)n4nccc34)C(=O)[C@H]12
CHEMBL4085241,AR,6.500,,1,0,Active,exact,CC1(C)C[C@](O)(C(F)(F)F)[C@@H](Nc2cccc3c(=O)[nH]ccc23)c2ccc(F)c(O)c21
CHEMBL5191194,AR,,4.602,0,1,Inactive,censored,N#Cc1ccc(C(=O)NCCCc2ccn(-c3ccc(C#N)c(C(F)(F)F)c3)n2)cc1
CHEMBL83628,AR,,4.523,0,1,Inactive,censored,O=C(O)c1cc(=O)c2ccccc2o1
CHEMBL2441093,AR,,5.000,0,1,,censored,COc1cccc(C(=O)Nc2ccc(Oc3ccc(O)cc3)nc2)c1
CHEMBL116007,AR,6.340,,1,0,Active,exact,CC1=CC(C)(C)Nc2ccc3c(c21)C(C)Oc1ccc(F)cc1-3
CHEMBL443579,AR,6.020,,1,0,Active,exact,COc1cccc(-c2ccc(C#N)c(C(F)(F)F)c2)c1
CHEMBL337856,AR,6.020,,1,0,Active,exact,CC1=CC(C)(C)Nc2ccc3c(c21)/C(=C/c1ccccc1C)Oc1c(F)cccc1-3
CHEMBL1630578,AR,5.180,,1,0,,exact,C[C@@H]1C[C@H]2[C@@H]3CCC4=CC(=O)C=C[C@]4(C)C3=CC[C@]2(C)[C@H]1C(=O)CN1CCN(c2cc(N3CCCC3)nc(N3CCCC3)n2)CC1
CHEMBL5395364,AR,6.160,,1,0,Active,exact,CSc1ccc(C(N)=O)cc1-c1ccc2[nH]ncc2c1
CHEMBL395483,AR,9.300,,1,0,Active,exact,CC1=C(c2ccc(C#N)c(Cl)c2C)C(=O)N2CC[C@H](O)[C@@H]12
CHEMBL1721724,AR,,3.699,0,1,Inactive,censored,Cc1cccc(OCCSc2nc3ccccc3n2CCC(=O)O)c1
CHEMBL1271,AR,,4.523,0,1,Inactive,censored,C[N+]1(CCCCC[N+]2(C)CCCC2)CCCC1
CHEMBL6168358,AR,6.030,,5,0,Active,exact,O=[N+]([O-])c1cccnc1Nc1cccc(C(F)(F)F)c1
CHEMBL1830947,AR,6.120,,1,0,Active,exact,CC1(C)CN(Cc2ccccn2)C(=O)C1Oc1ccc(C#N)c(C(F)(F)F)c1
CHEMBL1929036,AR,,5.000,0,1,,censored,Cc1ccccc1-n1nc(C(F)(F)F)cc1-c1ccc2c(c1)NC(=O)CO2
CHEMBL5850220,AR,5.030,,1,0,,exact,C[C@H](Nc1ccc([C@@H]2O[C@@H]3C[C@H]4[C@@H]5CCC6=CC(=O)C=C[C@]6(C)[C@@]5(F)[C@@H](O)C[C@]4(C)[C@]3(C(=O)CO)O2)cn1)c1ccc(N)cc1
CHEMBL462665,AR,7.310,,1,0,Active,exact,CCCCSc1ccc(C#N)c(C(F)(F)F)c1
CHEMBL503575,AR,7.430,,1,0,Active,exact,COc1cc(-c2ccccc2O)ccc1C#N
CHEMBL2337514,AR,5.645,,4,2,,exact,C[C@@H]1N(c2ccc(C#N)c(Cl)c2)CC[C@@]1(O)c1ccc(C(=O)N(C)C)nc1
CHEMBL3238286,AR,7.990,,2,0,Active,exact,C[C@](O)(COc1ccccc1C(F)(F)F)C(=O)N1CCc2c(C#N)cccc21
CHEMBL50454,AR,5.940,,1,0,,exact,C=C1C[C@H](C)C[C@@H](C)[C@@H]1Cc1cc(OC)c(Br)cc1O
CHEMBL5176010,AR,6.550,,1,0,Active,exact,CC1(C)C(=O)N(c2ccc(C#N)c(C(F)(F)F)c2)C(=S)N1Cc1ccc(C(=O)Nc2ccccc2N)cc1
CHEMBL3132981,AR,5.890,,1,0,,exact,CC[C@H](C)[C@H](NC(=O)[C@H](CS)NC(=O)[C@H](Cc1ccccc1)NC(=O)[C@H](CC(C)C)NC(=O)[C@H](CCC(=O)O)NC(=O)[C@H](CS)NC(=O)[C@H](Cc1ccccc1)NC(=O)[C@H](CCCNC(=N)N)NC(=O)[C@@H](N)CC(N)=O)C(=O)N[C@@H](CCC(N)=O)C(=O)NCC(=O)N[C@H](C(=O)NCC(=O)N[C@@H](CC(=O)O)C(=O)N[C@H](C(=O)N[C@@H](CCCCN)C(=O)N[C@@H](C)C(=O)N[C@@H](CS)C(=O)N[C@@H](CCC(=O)O)C(=O)N[C@@H](CCC(=O)O)C(=O)N[C@@H](C)C(=O)N[C@@H](CS)C(=O)N[C@@H](CCC(N)=O)C(=O)O)C(C)C)[C@@H](C)O
CHEMBL6050965,AR,7.580,,2,0,Active,exact,C[C@@H](Cn1ccc(-c2ccc(C#N)c(Cl)c2)n1)NC(=O)c1nc(-c2cccnc2)no1
CHEMBL652,AR,,4.523,0,1,Inactive,censored,O=C(NCC1CCCCN1)c1cc(OCC(F)(F)F)ccc1OCC(F)(F)F
CHEMBL3315062,AR,,4.301,0,1,Inactive,censored,CC(C)(C(=O)Nc1nncs1)[C@@H]1c2ccc(-c3ccc(C(=O)N4CCOCC4)cc3)nc2Oc2c(F)cccc21
CHEMBL3605924,AR,5.950,,1,0,,exact,COc1cc(NS(C)(=O)=O)c2[nH]c(C)c(-c3cc(F)ccc3OC)c2c1
CHEMBL5919354,AR,5.730,,1,0,,exact,CC(C)C(=O)NCc1ccc(N2C(=O)N(c3ccc(C#N)c(C(F)(F)F)c3)C(=O)C2(C)C)cc1F
CHEMBL1163902,AR,6.000,,1,0,Active,exact,O=C(CC(Nc1ccc([N+](=O)[O-])cc1)c1cccc(F)c1)c1ccc(C2CCCCC2)cc1
CHEMBL3323469,AR,5.010,,1,0,,exact,Oc1ccc(-c2ccc3ccccc3n2)cc1
CHEMBL186254,AR,8.085,,2,0,Active,exact,CCCCCCCCCC[C@H]1C[C@@]2(C)C(CC[C@@H]2O)C2CCC3=CC(=O)CCC3=C21
CHEMBL2337516,AR,7.475,,4,0,Active,exact,C[C@@H]1N(c2ccc(C#N)c(Cl)c2)CC[C@@]1(O)c1ccc(N2CCCC2=O)nc1
CHEMBL391769,AR,7.360,,1,0,Active,exact,Cc1c(N2C(=O)[C@@H]3C[C@H](O)CN3S2(=O)=O)ccc(C#N)c1Cl
CHEMBL2105922,AR,,4.523,0,1,Inactive,censored,CC(=O)NCCCCCC(=O)O
CHEMBL1934437,AR,6.650,,2,0,Active,exact,CC(=O)c1c(-c2ccc([N+](=O)[O-])cc2)c(C)n(Cc2ccccc2)c1C
CHEMBL1083754,AR,,5.000,0,1,,censored,CNC(=O)Cn1cc(C2CC2)c(Oc2ccc(C#N)cc2)c1C1CC1
CHEMBL4289590,AR,,5.000,0,1,,censored,COc1ccc(O)c(C(=O)/C=C/c2ccccc2OC)c1
CHEMBL5267953,AR,,5.301,0,1,,censored,Cc1c(O)c(O)c(C=O)c(COCc2ccccc2)c1-c1ccc(F)cc1Cl
CHEMBL416,AR,,4.523,0,1,Inactive,censored,COc1c2occc2cc2ccc(=O)oc12
CHEMBL304902,AR,,4.523,0,1,Inactive,censored,CN1CCN(C2=Nc3ccccc3Sc3ccc(Cl)cc32)CC1
CHEMBL246006,AR,8.700,,1,0,Active,exact,N#CCC(O)(c1nc2cc(Cl)c(Cl)cc2[nH]1)C(F)(F)F
CHEMBL1481,AR,,4.523,0,1,Inactive,censored,CCC1=C(C)CN(C(=O)NCCc2ccc(S(=O)(=O)NC(=O)N[C@H]3CC[C@H](C)CC3)cc2)C1=O
CHEMBL2407651,AR,,4.699,0,2,Inactive,censored,C[C@H](c1ccc(F)cc1)N1C(=O)O[C@](Cc2ccc(F)cc2)(C(=O)NCc2ccc(Cl)c(Cl)c2)C1=O
CHEMBL1197051,AR,,4.523,0,1,Inactive,censored,CC(COc1ccccc1)NC(C)C(O)c1ccc(O)cc1
CHEMBL6192685,AR,7.900,,2,0,Active,exact,COc1ccc(C(C)(C)c2cc(Cl)c(OCC3CCN(C(=O)CCCCCNc4ccc5c(c4)C(=O)N(C4CCC(=O)NC4=O)C5=O)CC3)c(C#N)c2)cc1
CHEMBL230052,AR,8.820,,1,0,Active,exact,N#Cc1ccc(N2C(=O)[C@@H]3[C@H](O)CCN3C2=O)cc1Cl
CHEMBL1163975,AR,5.820,,1,0,,exact,COc1cc(C(CC(=O)c2cccc(C)c2)Nc2ccc([N+](=O)[O-])cc2)cc(OC)c1OC
CHEMBL2316560,AR,4.900,,1,0,Inactive,exact,COCCn1c(SCCOc2ccc(C)cc2)nc2ccccc21
CHEMBL1209903,AR,7.850,,1,0,Active,exact,CCCN1C[C@@]2(C)O[C@@](C)(C1)[C@@H]1C(=O)N(c3ccc(C#N)c(C(F)(F)F)c3)C(=O)[C@@H]12
CHEMBL4088572,AR,6.915,,2,0,Active,exact,Cn1c(-c2ccc(O)cc2)cc(C(F)(F)F)c1C#N
CHEMBL4799429,AR,5.430,,1,0,,exact,CC1(C)NC(=O)N(c2ccc(F)c(C#N)c2)C1=O
CHEMBL5408185,AR,5.995,,2,0,,exact,C[C@](O)(Cc1nc2cc(F)c(F)cc2[nH]1)C(=O)Nc1ccc(C#N)c(C(F)(F)F)c1
CHEMBL1957612,AR,9.240,,2,0,Active,exact,Cc1nn(-c2ccc(C#N)c(Cl)c2)c(C)c1Cc1ccc(F)cc1
CHEMBL3706929,AR,6.000,,1,0,Active,exact,O=C(N(CC(F)(F)F)c1ccc2[nH]c(=O)cc(C(F)(F)F)c2c1)C(F)(F)F
CHEMBL5569768,AR,6.700,,1,0,Active,exact,O=C(Nc1ccc(C(=O)NC2CC2)s1)c1cccc(S(=O)(=O)N2CCCc3ccccc32)c1
CHEMBL6144075,AR,7.000,,1,0,Active,exact,N#Cc1ccc(C(=O)NC2CC3(CCN(c4cnc(C#N)c(C(F)(F)F)c4)C3)C2)cc1
CHEMBL5934274,AR,,4.523,0,1,Inactive,censored,COc1cc(Cc2ccc([C@@H]3O[C@@H]4C[C@H]5[C@@H]6C[C@H](F)C7=CC(=O)C=C[C@]7(C)[C@@]6(F)[C@@H](O)C[C@]5(C)[C@]4(C(=O)CO)O3)cc2)ccc1N
CHEMBL504179,AR,7.130,,1,0,Active,exact,CSc1ccccc1Oc1ccc(C#N)c(C(F)(F)F)c1
CHEMBL182186,AR,7.320,,2,0,Active,exact,O=C1[C@@H]2C3C=CC(C3)[C@@H]2C(=O)N1c1ccc([N+](=O)[O-])cc1
CHEMBL5571805,AR,4.850,,1,0,Inactive,exact,C[C@H]1CN(C[C@](C)(O)C(=O)Nc2ccc(C#N)c(C(F)(F)F)c2)CCN1c1ccc(C#N)cc1
CHEMBL1095863,AR,6.770,,1,1,Active,exact,CNS(=O)(=O)CCCN1C(=S)N(c2ccc(C#N)c(C(F)(F)F)c2)C(=O)C1(C)C
CHEMBL2316541,AR,5.160,,1,0,,exact,Cc1ccc(OCCSc2nc3ccccc3[nH]2)cc1
CHEMBL3967143,AR,7.700,,2,0,Active,exact,Cc1cc(C(=O)N[C@H]2CC[C@H](Oc3ccnc4c(Br)cccc34)CC2)no1
CHEMBL3819094,AR,8.700,,1,0,Active,exact,CCC(O)(c1ccc(C#N)c(Cl)c1C)C(F)(F)F
CHEMBL1087512,AR,,5.000,0,1,,censored,CC1(C)C(=O)CC[C@]2(C)[C@@]3(C)c4[nH]c5ccccc5c4C[C@@H]3CC[C@@]12O
CHEMBL3989958,AR,,4.523,0,1,Inactive,censored,N#Cc1ccnc(N2C(=O)CC[C@H]2C(=O)N(c2cncc(F)c2)[C@H](C(=O)NC2CC(F)(F)C2)c2ccccc2Cl)c1
CHEMBL471876,AR,6.370,,1,0,Active,exact,N#Cc1ccc(Oc2ccccc2-c2ccccc2)cc1C(F)(F)F
CHEMBL563,AR,,4.523,0,1,Inactive,censored,CC(C(=O)O)c1ccc(-c2ccccc2)c(F)c1
CHEMBL1208805,AR,7.500,,1,0,Active,exact,C[C@]12CN(S(=O)(=O)c3ccc(F)cc3)C[C@](C)(O1)[C@@H]1C(=O)N(c3ccc(C#N)c(C(F)(F)F)c3)C(=O)[C@@H]12
CHEMBL229160,AR,9.150,,1,0,Active,exact,CC[C@H]1[C@@H]2[C@H](O)CCN2C(=O)N1c1ccc(C#N)c(Cl)c1C
CHEMBL5176535,AR,,4.602,0,1,Inactive,censored,N#Cc1ccc(-n2ccc(CCNC(=O)c3ccc(F)cc3)n2)cc1C(F)(F)F
CHEMBL43452,AR,,4.523,0,1,Inactive,censored,Nc1cccc2c1C(=O)N(C1CCC(=O)NC1=O)C2=O
CHEMBL5192080,AR,8.320,,1,0,Active,exact,CCCCCCCCCCCCCC(=O)O[C@H]1CC[C@H]2[C@H]3[C@H]([C@@H](C)C[C@]12C)[C@H]1CCC(=O)C=C1C[C@H]3C
CHEMBL3893393,AR,,6.000,0,1,,censored,CCSC[C@@](O)([C@@H](Nc1cccc2nc(C)ccc12)c1ccc(OC)c(F)c1Cl)C(F)(F)F
CHEMBL1163485,AR,7.190,,1,0,Active,exact,O=C(CC(Nc1ccc([N+](=O)[O-])cc1)C1CCCCC1)c1cccc(F)c1
CHEMBL6147374,AR,6.700,,1,0,Active,exact,Cc1oc(-c2cccc(C(F)(F)F)c2F)cc1C(=O)Nc1nc(CN2CCOCC2)ns1
CHEMBL325372,AR,,4.523,0,1,Inactive,censored,COC(=O)c1ccc(O)cc1
CHEMBL1400608,AR,,4.523,0,1,Inactive,censored,Cc1cccc(C)c1NC(=O)CN(CC(=O)O)CC(=O)O
CHEMBL3707348,AR,,4.523,0,1,Inactive,censored,CC#CC(=O)N1CCC[C@H]1c1nc(-c2ccc(C(=O)Nc3ccccn3)cc2)c2c(N)nccn12
CHEMBL583629,AR,,5.398,0,1,,censored,C=CC[C@H](O)C1CCCC2=Cc3c(cnn3-c3ccc(F)cc3)C[C@@]21C
CHEMBL1186894,AR,,4.523,0,1,Inactive,censored,CC(=O)[C@]1(N)Cc2c(O)c3c(c(O)c2[C@@H](O[C@H]2C[C@H](O)[C@H](O)CO2)C1)C(=O)c1ccccc1C3=O
CHEMBL3185126,AR,,4.523,0,1,Inactive,censored,NCCCC[C@H](NC(=O)[C@@H]1CCCN1C(=O)[C@@H]1CSSC[C@H](N)C(=O)N[C@@H](Cc2ccccc2)C(=O)N[C@@H](Cc2ccccc2)C(=O)N[C@@H](CCC(N)=O)C(=O)N[C@@H](CC(N)=O)C(=O)N1)C(=O)NCC(N)=O
CHEMBL403669,AR,7.770,,1,0,Active,exact,CC12CCC(C)(O1)[C@H]1C(=O)N(c3ccc(C#N)c(C(F)(F)F)c3)C(=O)[C@H]12
CHEMBL6855,AR,8.300,,1,0,Active,exact,CCCC1CCNc2cc3oc(=O)cc(C(F)(F)F)c3cc21
CHEMBL379441,AR,7.700,,1,0,Active,exact,C[C@]12CCC3C(CC=C4C[C@@H](O)CC[C@@]43/C=C\Br)C1CC[C@@H]2O
CHEMBL235126,AR,6.000,,1,0,Active,exact,O=c1cc(O)c2cc(N(CC(F)(F)F)CC(F)(F)F)ccc2[nH]1
CHEMBL1099083,AR,5.900,,1,0,,exact,COC(=O)C1=C(C)NC(C)=C(C(=O)OC(C)(C)C)[C@@H]1c1cccc([N+](=O)[O-])c1
CHEMBL217428,AR,7.240,,1,0,Active,exact,CC(C)Nc1ccc2nc(O)cc(C(F)(F)F)c2c1
CHEMBL3623120,AR,7.385,,2,0,Active,exact,CNS(=O)(=O)N[C@@H]1C[C@]2(C)O[C@]1(C)[C@@H]1C(=O)N(c3ccc(C#N)c(C(F)(F)F)c3)C(=O)[C@@H]12
CHEMBL4759623,AR,5.250,,1,0,,exact,c1ccc(C2Nc3ccc4ccccc4c3C3C4CCC(C4)C23)cc1
CHEMBL227394,AR,8.400,,1,0,Active,exact,CC1COc2cc3[nH]c(=O)cc(C(F)(F)F)c3cc2N1CC1CC1
CHEMBL217324,AR,8.200,,1,0,Active,exact,Oc1cc(C(F)(F)F)c2cc(N(CC3CC3)CC3CC3)ccc2n1
CHEMBL5555724,AR,7.910,,1,1,Active,exact,N#Cc1ccc(O[C@H]2CC[C@H](NC(=O)c3ccc(N4CCC(CN5CCN(CCCC(F)(F)C(F)(F)F)CC5)CC4)nn3)CC2)cc1Cl
CHEMBL521329,AR,8.640,,1,0,Active,exact,Cc1c(/N=C2\O[C@H](C(F)(F)F)[C@@H]3[C@H](O)CCN23)ccc(C#N)c1Cl
CHEMBL2106537,AR,,4.523,0,1,Inactive,censored,Cc1cc(CCN2CCN(c3cccc(Cl)c3)CC2)n[nH]1
CHEMBL3402232,AR,8.100,,2,0,Active,exact,C[C@H]1[C@@H](C(C)(C)O)CCN1c1ccc(C#N)c2ccccc12
CHEMBL5092095,AR,,4.301,0,1,Inactive,censored,O=c1cc(C(F)(F)F)c2ccc(OCc3cccnc3)cc2o1
CHEMBL22150,AR,,4.523,0,1,Inactive,censored,CN1CCN(C(c2ccccc2)c2ccc(Cl)cc2)CC1
CHEMBL4278241,AR,5.210,,1,0,,exact,COc1ccc2oc(-c3ccccc3OC)cc(=O)c2c1
CHEMBL1957611,AR,7.130,,2,0,Active,exact,Cc1nn(-c2ccc(C#N)cc2)c(C)c1Cc1ccc(F)cc1
CHEMBL6170833,AR,7.460,,1,0,Active,exact,Cc1oc(-c2ccc(Cl)c(C(F)(F)F)c2)cc1C(=O)Nc1nc(CN2CCOCC2)ns1
CHEMBL272502,AR,5.960,,1,0,,exact,CCC(CC)(c1ccc(OC[C@H](O)CO)c(C)c1)c1ccc(OC[C@@H](O)C(C)(C)C)c(C)c1
CHEMBL520174,AR,9.520,,1,0,Active,exact,Cc1c(/N=C2\OC[C@@H]3[C@@H](O)CCN23)ccc(C#N)c1Cl
CHEMBL4073161,AR,4.430,,1,0,Inactive,exact,O=C1c2ccccc2C(=O)N1c1nc(-c2ccccc2)cs1
CHEMBL2316562,AR,4.850,,1,0,Inactive,exact,CCOC(=O)Cn1c(SCCOc2cccc(C)c2)nc2ccccc21
CHEMBL3588965,AR,7.360,,1,0,Active,exact,CNC(=O)c1ccc(N2C(=S)N(c3ccc(C#N)c(C(F)(F)F)c3)C(=O)C2(C)CO)cc1F
CHEMBL4779474,AR,5.485,,6,0,,exact,C[C@](O)(Cn1cccn1)C(=O)Nc1ccc(C#N)c(C(F)(F)F)c1
CHEMBL1099087,AR,6.580,,1,0,Active,exact,Cc1c(N2C(=O)C(C)(C)N(CCCS(N)(=O)=O)C2=S)ccc(C#N)c1C(F)(F)F
CHEMBL5752702,AR,7.000,,1,0,Active,exact,CC(O)(C(=O)Nc1ccnc(Br)c1)c1ccccc1
CHEMBL1193,AR,,4.523,0,1,Inactive,censored,CN(C)CCC(c1ccccc1)c1ccccn1
CHEMBL254832,AR,,4.523,0,1,Inactive,censored,CC(NCCC(c1ccccc1)c1ccccc1)c1ccccc1
CHEMBL222863,AR,,4.523,0,1,Inactive,censored,C[C@@H]1O[C@@H](O[C@H]2C[C@@H](O)[C@]3(CO)[C@H]4[C@H](O)C[C@]5(C)[C@@H](C6=CC(=O)OC6)CC[C@]5(O)[C@@H]4CC[C@]3(O)C2)[C@H](O)[C@H](O)[C@H]1O
CHEMBL566315,AR,,4.523,0,1,Inactive,censored,CC[C@H]1[C@@H](O)[C@@H]2[C@H](CC[C@]3(C)[C@@H]([C@H](C)CCC(=O)O)CC[C@@H]23)[C@@]2(C)CC[C@@H](O)C[C@@H]12
CHEMBL3706898,AR,8.050,,1,0,Active,exact,CCCc1cc2c(C(F)(F)F)cc(=O)[nH]c2cc1N
CHEMBL4870138,AR,7.000,,1,0,Active,exact,Fc1cc(Cl)c2[nH]cc(-c3ccc4ccccc4n3)c2c1
CHEMBL4067691,AR,8.285,,2,0,Active,exact,CC[C@H]1[C@H](O)CC(=O)N1c1ccc(C#N)c(Cl)c1
CHEMBL1099142,AR,6.320,,1,1,Active,exact,CC1(C)C(=O)N(c2ccc(C#N)c(C(F)(F)F)c2)C(=S)N1CCCC(N)=O
CHEMBL1934427,AR,7.565,,2,0,Active,exact,CCOC(=O)c1c(C)[nH]c(C)c1-c1ccc([N+](=O)[O-])cc1
CHEMBL490956,AR,7.370,,3,0,Active,exact,Cc1ccccc1Sc1ccc(C#N)cc1Cl
CHEMBL3706884,AR,6.930,,1,0,Active,exact,C=CC(C)(C)Nc1ccc2c(C(F)(F)F)cc(=O)[nH]c2c1
CHEMBL474189,AR,5.540,,1,0,,exact,CC12CC(C)(C(=O)Nc3nccs3)C(c3ccccc31)c1ccccc12
CHEMBL4787997,AR,6.040,,1,0,Active,exact,CC1(C)CC(=O)N(c2ccc(F)c(C(F)(F)F)c2)C1=O
CHEMBL3218576,AR,,4.523,0,1,Inactive,censored,COc1c(OCCCN2CCOCC2)ccc2c1N=C(NC(=O)c1cnc(N)nc1)N1CCN=C21
CHEMBL3916504,AR,7.060,,4,0,Active,exact,O=C(NC[C@H]1CC[C@H](Oc2ccnc3ccccc23)CC1)c1ccc(F)c(F)c1
CHEMBL3953928,AR,6.200,,2,0,Active,exact,O=C(NC[C@H]1CC[C@H](Oc2ccnc3c(Br)cccc23)CC1)c1ccon1
CHEMBL3695604,AR,7.370,,1,0,Active,exact,CC[C@]12CC[C@H]3[C@@H]([C@H](C)CC4=CC(=O)CC[C@@H]43)[C@@H]1CC[C@@]21C=CC(=O)O1
CHEMBL190109,AR,5.440,,1,0,,exact,Cc1c(NS(C)(=O)=O)cccc1N(Cc1ccc(Oc2ccc(Cl)c(OCC(=O)O)c2)cc1)Cc1ccc(F)cc1F
CHEMBL5574257,AR,5.590,,1,0,,exact,CN(c1ccc(C#N)cc1)C1CN(C[C@](C)(O)C(=O)Nc2ccc(C#N)c(C(F)(F)F)c2)C1
CHEMBL578177,AR,,5.000,0,1,,censored,Cc1c(C#N)c(N)nc2c3c(sc12)NC(=O)CC3c1ccccc1
CHEMBL2103827,AR,,4.523,0,1,Inactive,censored,N[C@H](C(=O)O)[C@H](O)c1ccc(O)c(O)c1
CHEMBL5977080,AR,5.840,,2,0,,exact,CC(=O)Nc1ccc(N2C(=S)N(c3cnc(C#N)c(C(F)(F)F)c3)C(=O)C23CCC3)cc1F
CHEMBL3695606,AR,7.300,,1,0,Active,exact,C=C[C@@H]1CC2=CC(=O)CC[C@@H]2[C@H]2CC[C@@]3(CC)[C@@H](CC[C@@]34C=CC(=O)O4)[C@@H]21
CHEMBL4279318,AR,5.780,,1,0,,exact,O=C1CC(c2ccccc2O)Oc2ccc(Cl)cc21
CHEMBL4869652,AR,6.520,,3,0,Active,exact,COc1cc(N2C(=O)C3(CCC3)N(c3ccc(OC4CCN(C)CC4)cc3)C2=S)cnc1C#N
CHEMBL4857716,AR,6.995,,2,0,Active,exact,CNC(=O)c1cc2c(cc1F)CC1(C2)C(=O)N(c2cnc(C#N)c(C(F)(F)F)c2)C(=S)N1CC(C)C
CHEMBL1239,AR,,4.523,0,1,Inactive,censored,O=C(OCc1ccccc1)c1ccccc1
CHEMBL3706930,AR,7.850,,1,0,Active,exact,O=c1cc(C(F)(F)F)c2cc(N(Cc3ccoc3)CC(F)(F)F)ccc2[nH]1
CHEMBL7383,AR,8.050,,1,0,Active,exact,CC[C@@H]1C[C@H](CC)c2cc3c(C(F)(F)F)cc(O)nc3cc2N1
CHEMBL6006466,AR,6.520,,1,0,Active,exact,Cn1nccc1CCOc1ccc(Nc2ncnc3c2CCN(c2ccc(C#N)c(C(F)(F)F)c2)C3)cc1
CHEMBL5193931,AR,7.695,,2,0,Active,exact,N#Cc1ccc(-c2ccc(O)cc2F)[nH]1
CHEMBL390594,AR,7.640,,1,0,Active,exact,Cc1c(N2C(=O)N3CC[C@@H](O)[C@H]3[C@H]2C(C)C)ccc(C#N)c1Cl
CHEMBL1947185,AR,7.170,,1,0,Active,exact,CC1(C)CN(CCC#N)C(=O)[C@@H]1Oc1ccc(C#N)c(Cl)c1
CHEMBL4114783,AR,6.840,,1,0,Active,exact,[C-]#[N+]c1ccc(N2C(=S)N(c3ccc(C)cc3)C3(CCC3)/C2=N/C(=S)Nc2ccc(C#N)c(C(F)(F)F)c2)cc1C(F)(F)F
CHEMBL5748745,AR,,4.523,0,1,Inactive,censored,C[C@]12C=CC(=O)C=C1[C@@H](F)C[C@H]1[C@@H]3C[C@H]4O[C@@H](c5ccc(CSc6cccc(N)c6)cc5)O[C@@]4(C(=O)CO)[C@@]3(C)C[C@H](O)[C@@]12F
CHEMBL4448048,AR,6.450,,1,0,Active,exact,CC#C[C@]1(O)CC[C@H]2[C@@H]3CCC4=CC(=O)CC[C@]4(C)[C@H]3[C@@H](c3ccc(-n4cccc4)cc3)C[C@@]21C
CHEMBL345854,AR,8.050,,1,0,Active,exact,Oc1cc(C(F)(F)F)c2cc3c(cc2n1)NC1(CCCCC1)CC3
CHEMBL5810143,AR,6.440,,1,0,Active,exact,CS(=O)(=O)N1CCN(CCCOc2ccc(Nc3ncnc4c3CCN(c3ccc(C#N)c(C(F)(F)F)c3)C4)cc2)CC1
CHEMBL5287334,AR,,5.301,0,1,,censored,Cc1c(O)c(O)c(C=O)c(COCc2ccccc2)c1-c1ccc(F)cc1
CHEMBL5175229,AR,,4.602,0,1,Inactive,censored,CNC(=O)c1ccc(C(=O)NCc2ccn(-c3ccc(C#N)c(C(F)(F)F)c3)n2)cc1F
CHEMBL1201245,AR,,4.523,0,1,Inactive,censored,CN(C)CCOC(c1ccccc1)c1ccc(Br)cc1
CHEMBL5405113,AR,,4.523,0,1,Inactive,censored,Cn1ncc2cc(-c3cc(C(N)=O)ccc3O)ccc21
CHEMBL3410854,AR,5.580,,2,0,,exact,CS(=O)(=O)NC1C[C@@H]2CC[C@@H](C1)N2c1ccc(C#N)c(C(F)(F)F)c1
CHEMBL925,AR,,4.523,0,1,Inactive,censored,N[C@@H](Cc1ccc(O)cc1)C(=O)O
CHEMBL1644,AR,,4.523,0,1,Inactive,censored,CC1=C(C(=O)O)N2C(=O)[C@@H](NC(=O)[C@H](N)c3ccc(O)cc3)[C@H]2SC1
CHEMBL6177626,AR,6.770,,1,0,Active,exact,O=C(Nc1nc(CN2CCCCC2)ns1)C1=Cc2cc(Cl)ccc2OC=C1
CHEMBL4516398,AR,,4.602,0,2,Inactive,censored,COc1ccccc1N1CCN(C(=O)CSCc2c(C)noc2C)CC1
CHEMBL447604,AR,6.450,,1,0,Active,exact,COc1cc(C#N)ccc1Oc1cccc(C)c1
CHEMBL2316535,AR,4.920,,1,0,Inactive,exact,c1ccc(CCCSc2nc3ccccc3[nH]2)cc1
CHEMBL1163481,AR,7.190,,1,0,Active,exact,O=C(CC(Nc1ccc([N+](=O)[O-])cc1)C1CCCCC1)c1ccc(F)cc1
CHEMBL12318,AR,,4.523,0,1,Inactive,censored,O=P(O)(O)C(Cl)(Cl)P(=O)(O)O
CHEMBL3921315,AR,7.940,,2,0,Active,exact,CNC(=O)[C@@]12[C@@H]3CC[C@@H](C3)[C@@H]1CN(c1ccc(C#N)c(C(F)(F)F)c1)S2(=O)=O
CHEMBL196374,AR,6.800,,1,0,Active,exact,Cc1noc(=O)c2ccc(NC(=O)C(O)(CC(C)(C)c3cc(F)ccc3O)C(F)(F)F)cc12
CHEMBL256997,AR,,4.523,0,1,Inactive,censored,O=C(O)c1cccc(-c2noc(-c3ccccc3F)n2)c1
CHEMBL464345,AR,,4.523,0,1,Inactive,censored,O=C(O)[C@H](O)[C@@H](O)[C@H](O)[C@H](O)CO
CHEMBL479988,AR,6.870,,2,0,Active,exact,CC(=O)c1ccc(N(Cc2ccccc2)c2cc(C(=O)N3CCCC3)n(C)c2)cc1
CHEMBL3706902,AR,6.060,,1,0,Active,exact,CCc1cc2c(C(F)(F)F)cc(=O)[nH]c2cc1NC
CHEMBL404315,AR,7.400,,1,0,Active,exact,CC(C)(C)OC(=O)N1CC2CC1[C@@H]1C(=O)N(c3ccc(C#N)c(C(F)(F)F)c3)C(=O)N21
CHEMBL5955869,AR,,4.523,0,1,Inactive,censored,C[C@H](c1ccc([C@@H]2O[C@@H]3C[C@H]4[C@@H]5C[C@H](F)C6=CC(=O)C=C[C@]6(C)[C@@]5(F)[C@@H](O)C[C@]4(C)[C@]3(C(=O)CO)O2)cc1)c1cccc(N)c1
CHEMBL3132986,AR,4.890,,1,0,Inactive,exact,CC[C@H](C)[C@H](NC(=O)[C@H](CS)NC(=O)[C@H](CC(C)C)NC(=O)[C@H](CC(C)C)NC(=O)[C@H](CCC(=O)O)NC(=O)[C@H](CS)NC(=O)[C@H](CC(C)C)NC(=O)[C@H](CCCNC(=N)N)NC(=O)[C@@H](N)CC(N)=O)C(=O)N[C@@H](CCC(N)=O)C(=O)NCC(=O)N[C@H](C(=O)NCC(=O)N[C@@H](CC(=O)O)C(=O)N[C@H](C(=O)N[C@@H](CCCCN)C(=O)N[C@@H](C)C(=O)N[C@@H](CS)C(=O)N[C@@H](CCC(=O)O)C(=O)N[C@@H](Cc1c[nH]c2ccccc12)C(=O)N[C@@H](C)C(=O)N[C@@H](CS)C(=O)N[C@@H](CCC(N)=O)C(=O)O)C(C)C)[C@@H](C)O
CHEMBL90555,AR,,4.523,0,1,Inactive,censored,CC[C@]1(O)C[C@H]2CN(CCc3c([nH]c4ccccc34)[C@@](C(=O)OC)(c3cc4c(cc3OC)N(C=O)[C@H]3[C@@](O)(C(=O)OC)[C@H](OC(C)=O)[C@]5(CC)C=CCN6CC[C@]43[C@@H]65)C2)C1
CHEMBL4777133,AR,5.160,,1,0,,exact,CC1(C)CNC(=O)N(c2ccc(F)c(C(F)(F)F)c2)C1=O
CHEMBL1164339,AR,6.690,,1,0,Active,exact,Cc1ccc(C(=O)CC(Nc2cccc([N+](=O)[O-])c2)c2cccc(F)c2)cc1
CHEMBL224414,AR,6.370,,1,0,Active,exact,CC(C)N(C)C(=O)CCCCCCCC1C[C@H]2CC(=O)CC[C@]2(C)[C@H]2CC[C@]3(C)[C@@H](O)CC[C@H]3[C@H]12
CHEMBL5192790,AR,,4.602,0,1,Inactive,censored,N#Cc1ccc(-n2cc(-c3ccccc3)c(CNC(=O)c3ccc(F)cc3)n2)cc1C(F)(F)F
CHEMBL5083411,AR,,4.301,0,1,Inactive,censored,O=C(Nc1ccc2c(C(F)(F)F)cc(=O)oc2c1)c1nc2ncccn2n1
CHEMBL34015,AR,6.160,,1,0,Active,exact,C[C@H]1C(=O)C(C)(C)Nc2ccc3c(c21)[C@H](c1ccc(Cl)cc1)Oc1ccccc1-3
CHEMBL469982,AR,6.900,,1,0,Active,exact,Cc1ccc(O)c(Oc2ccc(C#N)c(C(F)(F)F)c2)c1
CHEMBL3623115,AR,5.800,,1,1,,exact,C[C@]12O[C@@](C)(C[C@H]1C(=O)O)[C@H]1C(=O)N(c3ccc(C#N)c(C(F)(F)F)c3)C(=O)[C@H]12
CHEMBL266928,AR,8.300,,1,0,Active,exact,O=c1cc(C(F)(F)F)c2cc3c(cc2o1)NCCC3C(F)(F)C(F)(F)F
CHEMBL1477,AR,,4.523,0,1,Inactive,censored,COCc1c(C(C)C)nc(C(C)C)c(/C=C/[C@@H](O)C[C@@H](O)CC(=O)O)c1-c1ccc(F)cc1
CHEMBL1697843,AR,,4.523,0,1,Inactive,censored,CO[C@H]1[C@@H](O)C[C@H](O[C@H]2[C@@H](O)C[C@H](O[C@H]3[C@@H](O)C[C@H](O[C@H]4CC[C@@]5(C)[C@H](CC[C@@H]6[C@@H]5C[C@@H](O)[C@]5(C)[C@@H](C7=CC(=O)OC7)CC[C@]65O)C4)O[C@@H]3C)O[C@@H]2C)O[C@@H]1C
CHEMBL2112349,AR,7.570,,1,0,Active,exact,CC(C)(O)C(=O)Nc1ccc([N+](=O)[O-])c(C(F)(F)F)c1O
CHEMBL1082723,AR,,4.523,0,1,Inactive,censored,C[C@H]1Cc2c([nH]c3cc(Cl)c(F)cc23)[C@@]2(N1)C(=O)Nc1ccc(Cl)cc12
CHEMBL559878,AR,7.960,,1,0,Active,exact,COc1ncc(/C=C2\C[C@H]3[C@@H]4CC[C@H]5N(C)C(=O)C=C[C@]5(C)[C@H]4CC[C@]3(C)[C@H]2O)cn1
CHEMBL4776248,AR,7.360,,2,0,Active,exact,C[C@](O)(Cn1cc(C#N)cn1)C(=O)Nc1ccc(C#N)c(C(F)(F)F)c1
CHEMBL1561,AR,,4.523,0,1,Inactive,censored,OCCN1C[C@H](O)[C@@H](O)[C@H](O)[C@H]1CO
CHEMBL2337513,AR,7.000,,6,2,Active,exact,CNC(=O)c1ccc([C@]2(O)CCN(c3ccc(C#N)c(Cl)c3)[C@H]2C)cn1
CHEMBL103232,AR,,5.000,0,1,,censored,CC1=CC(C)(C)Nc2ccc3c(c21)C(c1ccc(Br)cc1)Oc1ccccc1-3
CHEMBL4746814,AR,6.010,,7,0,Active,exact,C[C@](O)(Cn1cc(-c2ccc(F)cc2)cn1)C(=O)Nc1ccc(C#N)c(C(F)(F)F)c1
CHEMBL1393,AR,6.920,,7,1,Active,exact,CC(=O)S[C@@H]1CC2=CC(=O)CC[C@]2(C)[C@H]2CC[C@@]3(C)[C@@H](CC[C@@]34CCC(=O)O4)[C@H]12
CHEMBL3765171,AR,9.785,,2,0,Active,exact,Cc1c(N[C@@H]2CCC[C@]2(C)O)ccc(C#N)c1Cl
CHEMBL1210152,AR,8.460,,1,0,Active,exact,C[C@]12CN(c3cc(Cl)ncn3)C[C@](C)(O1)[C@@H]1C(=O)N(c3ccc(C#N)c(C(F)(F)F)c3)C(=O)[C@@H]12
CHEMBL1200596,AR,,4.523,0,1,Inactive,censored,Oc1c(Cl)cc(Cl)c2cccnc12
CHEMBL453740,AR,7.700,,1,0,Active,exact,CC(C)Sc1ccc(C#N)c(C(F)(F)F)c1
CHEMBL2337507,AR,6.515,,4,2,Active,exact,N#Cc1ccc(N2CCC(O)(c3ccccc3)C2)cc1Cl
CHEMBL399510,AR,,4.523,0,1,Inactive,censored,CCN(CC)CCNC(=O)c1cc(Br)c(N)cc1OC
CHEMBL1830786,AR,6.310,,1,0,Active,exact,COC(=O)CN1CC(C)(C)C(Oc2ccc(C#N)c(C(F)(F)F)c2)C1=O
CHEMBL325221,AR,5.690,,1,0,,exact,CCCCC1Oc2ccccc2-c2ccc3c(c21)C(C)=CC(C)(C)N3
CHEMBL4741569,AR,6.490,,6,0,Active,exact,C[C@](O)(Cn1ccc(C(F)(F)F)n1)C(=O)Nc1ccc(C#N)c(C(F)(F)F)c1
CHEMBL2386393,AR,6.480,,2,0,Active,exact,O=c1cc(-c2ccc(F)cc2)oc2cccc(O)c12
CHEMBL3326465,AR,7.580,,1,0,Active,exact,CO[C@@H]1C(c2ccc(C#N)c(Cl)c2C)=NN2CC(=O)C[C@@H]12
CHEMBL4862974,AR,,4.398,0,1,Inactive,censored,O=C(O)c1cc(C(F)(F)F)c2cc(N3CCC4(C=C(c5c(-c6c(Cl)cncc6Cl)noc5C5CC5)C4)CC3)ccc2n1
CHEMBL271262,AR,7.770,,1,0,Active,exact,CC12CCC(C)(O1)[C@H]1C(=O)N(c3c(N)ccc4ncsc34)C(=O)[C@H]12
CHEMBL5090685,AR,5.240,,1,0,,exact,O=S(=O)(Cc1ccccc1)Nc1ccc(OCc2ccccc2)cc1
CHEMBL217769,AR,8.150,,2,0,Active,exact,CCN(CC(F)(F)F)c1ccc2nc(O)cc(C(F)(F)F)c2c1
CHEMBL166212,AR,7.640,,1,0,Active,exact,C[C@H]1CC[C@H]2Nc3cc4nc(O)cc(C(F)(F)F)c4cc3[C@H]2C1
CHEMBL1289013,AR,6.320,,2,0,Active,exact,N#Cc1ccc2[nH]c3c(c2c1)CCCC3(O)C(F)(F)F
CHEMBL3233069,AR,8.835,,2,0,Active,exact,COc1ccc(OC[C@](C)(O)C(=O)N2CCc3c(C#N)cccc32)c(Cl)c1
CHEMBL427731,AR,8.610,,2,0,Active,exact,COc1c(O)ccc2c1-c1ccc3[nH]c(=O)cc(C)c3c1CO2
CHEMBL285602,AR,,6.000,0,1,,censored,Oc1cc(C(F)(F)F)c2cc3c(cc2n1)NCCC3c1cc(C(F)(F)F)cc(C(F)(F)F)c1
CHEMBL4436578,AR,,4.602,0,2,Inactive,censored,Cc1noc(C)c1CSCC(=O)N1CCN(c2ccccc2)CC1
CHEMBL3318065,AR,5.910,,2,0,,exact,Cc1ccc(CN(C(=O)c2cc3cc(F)ccc3[nH]2)C(C)C)o1
CHEMBL160665,AR,7.140,,1,0,Active,exact,CC1Cc2cc3c(C(F)(F)F)cc(O)nc3cc2NC1(C)C
CHEMBL3238282,AR,7.455,,2,0,Active,exact,COc1ccc(OC[C@](C)(O)C(=O)N2CCc3c(C#N)cccc32)cc1
CHEMBL386437,AR,7.200,,1,0,Active,exact,CCCC(=O)Oc1ccc(COCC#CCN2C(=O)N(c3ccc(C#N)c(C(F)(F)F)c3)C(=O)C2(C)C)cc1C(=O)NCN[C@H]1CC(OC2C[C@](O)(C(=O)CO)Cc3c(O)c4c(c(O)c32)C(=O)c2c(OC)cccc2C4=O)O[C@@H](C)[C@H]1O
CHEMBL572014,AR,,5.000,0,1,,censored,Cc1ccccc1C1CC(=O)Nc2sc3c(C)c(C#N)c(N)nc3c21
CHEMBL3818438,AR,7.980,,1,0,Active,exact,Cc1c(C(O)(c2nccs2)C(F)(F)F)ccc(C#N)c1C(F)(F)F
CHEMBL1835807,AR,5.000,,1,0,,exact,CCN(CC)c1cc2oc(=O)ccc2cc1-c1ccccc1
CHEMBL5755157,AR,6.500,,1,0,Active,exact,CC(n1ccc2c(C(F)(F)F)c(C#N)ccc21)C(C)(C)O
CHEMBL5429401,AR,,5.000,0,1,,censored,CN1CCN(c2ccc(C(=O)N3CCC4(CC3)CCN(c3ccc(C#N)c(Cl)c3)CC4)cc2)CC1
CHEMBL48858,AR,5.810,,1,0,,exact,C=C1CCCC(C)(C)C1Cc1cc(OC)c(Br)cc1O
CHEMBL1097751,AR,6.610,,1,0,Active,exact,CC1=C(C#N)[C@@H](c2ccc(F)cc2Cl)C(C(=O)OC(C)(C)C)=C(C)N1
CHEMBL440283,AR,6.655,,2,0,Active,exact,C[C@]12CC[C@H]3[C@@H](CC=C4C[C@@H](O)CC[C@@]43C)[C@@H]1CC[C@@H]2O
CHEMBL1200500,AR,6.650,,1,0,Active,exact,CCC(=O)OCC(=O)[C@@]1(OC(=O)CC)[C@@H](C)C[C@H]2[C@@H]3CCC4=CC(=O)C=C[C@]4(C)[C@@]3(Cl)[C@@H](O)C[C@@]21C
CHEMBL134421,AR,5.580,,1,0,,exact,CC1=CC(C)(C)Nc2ccc3c(c21)/C(=C/c1ccccc1)Oc1ccccc1-3
CHEMBL4515467,AR,6.250,,1,0,Active,exact,CC#C[C@]1(O)CC[C@H]2[C@@H]3CCC4=CC(=O)CC[C@]4(C)[C@H]3[C@@H](c3ccc(OC)cc3)C[C@@]21C
CHEMBL1981815,AR,5.230,,1,0,,exact,O=C(/C=C/c1ccc(O)cc1)c1cc(Cl)ccc1O
CHEMBL1086086,AR,5.000,,1,0,,exact,O=S(=O)(NCCO)c1ccc(-c2ccc3c(cnn3-c3ccc(F)cc3)c2)c(C(F)(F)F)c1
CHEMBL5887736,AR,4.870,,2,0,Inactive,exact,C[C@](O)(CS(=O)(=O)c1ccc(F)cc1)C(=O)Nc1cncc(C(F)(F)F)c1
CHEMBL2419305,AR,,5.000,0,1,,censored,CC1(C)OC(=O)C(c2ccc(F)cc2)=C1c1ccc2c(c1)NC(=O)CO2
CHEMBL4856041,AR,5.780,,1,1,,exact,CNC(=O)c1ccc2c(c1)CC1(C2)C(=O)N(c2ccc(C#N)c(C(F)(F)F)c2)C(=O)N1C
CHEMBL6167781,AR,7.160,,1,0,Active,exact,O=c1cc(C(F)(F)F)c2ccc(NCc3ccc(Br)c(F)c3)cc2o1
CHEMBL567027,AR,,5.398,0,1,,censored,C[C@]12Cn3cnc(-c4ccc(F)cc4)c3C=C1CCC[C@@H]2[C@](C)(O)c1ccc(Cl)cc1
CHEMBL4787221,AR,5.340,,1,0,,exact,N#Cc1ccc(N2C(=O)C3CCc4cc(-c5ccn(C6CC6)n5)ccc4N3C2=S)cc1C(F)(F)F
CHEMBL5423257,AR,5.460,,1,1,,exact,CC(=O)N/N=C\c1cn(C[C@](C)(O)C(=O)Nc2ccc(C#N)c(C(F)(F)F)c2)c2ccc(F)cc12
CHEMBL369509,AR,7.145,,2,0,Active,exact,O=C1[C@@H]2C3C=CC(C3)[C@@H]2C(=O)N1c1ccc(O)c2ncccc12
CHEMBL5976862,AR,6.420,,1,0,Active,exact,N#Cc1ccc(N2CCc3c(ncnc3Nc3ccc(NC(=O)OCC(F)(F)F)cn3)C2)cc1C(F)(F)F
CHEMBL5569161,AR,6.960,,2,0,Active,exact,C[C@](O)(CN1CC2CCC(C1)N2c1ccc(C#N)cc1F)C(=O)Nc1ccc(C#N)c(C(F)(F)F)c1
CHEMBL4576596,AR,6.580,,1,0,Active,exact,CCN(CC)c1ccc([C@H]2C[C@@]3(C)[C@@H](CC[C@@]3(O)C#CC(C)(C)C)[C@@H]3CCC4=CC(=O)CC[C@@H]4[C@H]32)cc1
CHEMBL481355,AR,5.700,,1,0,,exact,CCN(c1ccc([N+](=O)[O-])cc1)c1cc(C(=O)N2CCCC2)n(C)c1
CHEMBL4757702,AR,6.860,,1,0,Active,exact,C[C@](O)(Cn1cc(Cl)c(Br)n1)C(=O)Nc1ccc(C#N)c(C(F)(F)F)c1
CHEMBL285802,AR,,4.523,0,1,Inactive,censored,CN(C)CCOC1=Cc2ccccc2Sc2ccc(Cl)cc21
CHEMBL3238273,AR,6.580,,2,0,Active,exact,C[C@](O)(COc1ccccc1)C(=O)N1CCc2c(C#N)cccc21
CHEMBL1550,AR,,4.523,0,1,Inactive,censored,CC1=C(C/C=C(\C)CCC[C@H](C)CCC[C@H](C)CCCC(C)C)C(=O)c2ccccc2C1=O
CHEMBL5290281,AR,5.680,,1,0,,exact,Cc1c(O)c(O)c(C=O)c(COCc2ccc(F)cc2)c1-c1cccc(F)c1
CHEMBL1288957,AR,5.340,,2,0,,exact,N#Cc1ccc2[nH]c3c(O)cccc3c2c1
CHEMBL2337511,AR,7.750,,5,1,Active,exact,CNC(=O)c1ccc([C@]2(O)CCN(c3ccc(C#N)c(Cl)c3)[C@H]2C)cc1
CHEMBL6171989,AR,4.510,,1,0,Inactive,exact,CC(=O)Cc1nsc(NC(=O)C(C)(C)Oc2ccc(Cl)cc2)n1
CHEMBL3402223,AR,7.915,,2,0,Active,exact,CC1(C)CCCN1c1ccc(C#N)c2ccccc12
CHEMBL6175219,AR,6.960,,1,0,Active,exact,O=c1cc(C(F)(F)F)c2ccc(NCc3ccc(C(F)(F)F)cc3)cc2o1
CHEMBL3306902,AR,,4.523,0,1,Inactive,censored,CC1(C)S[C@@H]2[C@H](NC(=O)[C@H](NC(=O)c3cnc4cccnc4c3O)c3ccccc3)C(=O)N2[C@H]1C(=O)O
CHEMBL692,AR,,4.523,0,1,Inactive,censored,OCC(O)CO
CHEMBL3934779,AR,6.280,,1,0,Active,exact,[C-]#[N+]c1ccc(N2C(=O)C(CCl)(CCl)N(c3ccc(C)cc3)C2=S)cc1C(F)(F)F
CHEMBL6171788,AR,7.080,,1,0,Active,exact,CCN(Cc1ccc(F)cc1)c1ccc2c(C(F)(F)F)cc(=O)oc2c1
CHEMBL4436972,AR,6.985,,2,0,Active,exact,C[C@](O)(CN1CCc2ccc(F)cc21)C(=O)Nc1ccc(C#N)c(C(F)(F)F)c1
CHEMBL27297,AR,8.050,,1,0,Active,exact,CCC1CCNc2cc3c(cc21)c(C(F)(F)F)cc(=O)n3C
CHEMBL1095862,AR,6.400,,1,2,Active,exact,CC1(C)C(=O)N(c2ccc(C#N)c(C(F)(F)F)c2)C(=S)N1CCCS(N)(=O)=O
CHEMBL218650,AR,,4.523,0,1,Inactive,censored,C[C@]1(COc2ccc(N3CCC(Oc4ccc(OC(F)(F)F)cc4)CC3)cc2)Cn2cc([N+](=O)[O-])nc2O1
CHEMBL237474,AR,8.590,,1,0,Active,exact,O=c1cc(C(F)(F)F)c2cc(N(CCCl)CC(F)(F)F)ccc2[nH]1
CHEMBL237472,AR,7.920,,1,0,Active,exact,CC(C)(C)CN(CC(F)(F)F)c1ccc2[nH]c(=O)cc(C(F)(F)F)c2c1
CHEMBL3323474,AR,5.995,,2,0,,exact,c1ccc(-c2cc(N3CCOCC3)cs2)cc1
CHEMBL4870389,AR,7.220,,1,0,Active,exact,Cc1cccc2c(-c3ccc4ccccc4n3)c[nH]c12
CHEMBL5186217,AR,6.350,,1,0,Active,exact,Cc1cn(-c2ccc(C#N)c(C(F)(F)F)c2)nc1CNC(=O)c1ccc([N+](=O)[O-])cc1
CHEMBL428647,AR,,4.523,0,1,Inactive,censored,CC(=O)O[C@H]1C(=O)[C@@]2(C)[C@H]([C@H](OC(=O)c3ccccc3)[C@]3(O)C[C@H](OC(=O)[C@H](O)[C@@H](NC(=O)c4ccccc4)c4ccccc4)C(C)=C1C3(C)C)[C@]1(OC(C)=O)CO[C@@H]1C[C@@H]2O
CHEMBL6169159,AR,6.850,,1,0,Active,exact,Cc1oc(-c2cccc(C(F)(F)F)c2)cc1C(=O)Nc1nc(CC(C)(O)C(F)(F)F)ns1
CHEMBL5429413,AR,5.795,,2,0,,exact,C[C@](O)(Cn1cc2c(C(F)(F)F)cccc2n1)C(=O)Nc1ccc(C#N)c(C(F)(F)F)c1
CHEMBL5085066,AR,4.740,,3,0,Inactive,exact,CN(C)S(=O)(=O)Nc1ccc(OCc2ccccc2)cc1
CHEMBL5405492,AR,,4.523,0,1,Inactive,censored,CN(C)CCNc1ccc(C(N)=O)cc1-c1ccc2c(cnn2C)c1
CHEMBL5076618,AR,,4.301,0,1,Inactive,censored,CCOC(=O)C(CC)Oc1ccc2c(C(F)(F)F)cc(=O)oc2c1
CHEMBL2419306,AR,,5.000,0,1,,censored,CC1OC(=O)C(c2ccc(F)cc2)=C1c1ccc2c(c1)NC(=O)CO2
CHEMBL250997,AR,4.650,,1,0,Inactive,exact,C[C@](O)(CS(=O)(=O)c1ccc(F)cc1)C(=O)Nc1ccc([N+](=O)[O-])c(C(F)(F)F)c1
CHEMBL4097867,AR,6.060,,1,0,Active,exact,Cc1cc(=O)oc2cc(OCc3ccc(Br)cc3)ccc12
CHEMBL521249,AR,7.005,,2,0,Active,exact,Cn1cc(N(Cc2ccccc2)c2ccc(C(F)(F)F)cc2)cc1C(=O)N1CCCC1
CHEMBL3132988,AR,5.600,,1,0,,exact,CC[C@H](C)[C@H](NC(=O)[C@H](CS)NC(=O)[C@H](Cc1ccccc1)NC(=O)[C@H](CC(C)C)NC(=O)[C@H](CCC(=O)O)NC(=O)[C@H](CS)NC(=O)[C@H](Cc1ccccc1)NC(=O)[C@H](CCCNC(=N)N)NC(=O)[C@@H](N)CO)C(=O)N[C@@H](CCC(N)=O)C(=O)NCC(=O)N[C@H](C(=O)NCC(=O)N[C@@H](CC(=O)O)C(=O)N[C@H](C(=O)N[C@@H](CCCCN)C(=O)N[C@@H](C)C(=O)N[C@@H](CS)C(=O)N[C@@H](CCC(=O)O)C(=O)N[C@@H](Cc1c[nH]c2ccccc12)C(=O)N[C@@H](C)C(=O)N[C@@H](CS)C(=O)N[C@@H](CCC(N)=O)C(=O)O)C(C)C)[C@@H](C)O
CHEMBL5955311,AR,5.360,,2,0,,exact,C[C@](O)(CS(=O)(=O)c1ccc(F)cc1)C(=O)Nc1cc(C(F)(F)F)ccn1
CHEMBL362566,AR,7.105,,4,0,Active,exact,N#Cc1ccc(N2C(=O)[C@H]3[C@@H]4C[C@@H](CN4C(=O)Oc4ccc(F)cc4)N3C2=O)cc1C(F)(F)F
CHEMBL178957,AR,7.010,,2,0,Active,exact,O=C1[C@@H]2C3C=CC(C3)[C@@H]2C(=O)N1c1cc(C(F)(F)F)cc(C(F)(F)F)c1
CHEMBL51483,AR,5.140,,1,0,,exact,Cc1cc2c(C(C)C)c(O)c(O)c(C=O)c2c(O)c1-c1c(C)cc2c(C(C)C)c(O)c(O)c(C=O)c2c1O
CHEMBL144278,AR,,5.000,0,1,,censored,O=c1cc(-c2ccccc2O)oc2ccccc12
CHEMBL1210783,AR,8.050,,1,0,Active,exact,C[C@]12CN(c3cccc(C(N)=O)c3)C[C@](C)(O1)[C@@H]1C(=O)N(c3ccc(C#N)c(C(F)(F)F)c3)C(=O)[C@@H]12
CHEMBL4851052,AR,6.705,,2,0,Active,exact,CN1C(=S)N(c2cnc(C#N)c(C(F)(F)F)c2)C(=O)C12Cc1ccc(OC3CCNCC3)cc1C2
CHEMBL1367504,AR,5.050,,1,0,,exact,Cc1cc(O)nc2ccc(S(=O)(=O)Nc3ccc(O)cc3)cc12
CHEMBL94081,AR,,4.523,0,1,Inactive,censored,C=CCOc1ccc(CC(=O)O)cc1Cl
CHEMBL371392,AR,7.000,,1,0,Active,exact,CCCCc1ccc(C(=O)N2C[C@@H]3C[C@H]2[C@@H]2C(=O)N(c4ccc(C#N)cc4)C(=O)N32)cc1
CHEMBL5571579,AR,5.910,,2,0,,exact,C[C@](O)(CN1CCCN(c2ccc(C#N)cc2)CC1)C(=O)Nc1ccc(C#N)c(C(F)(F)F)c1
CHEMBL3084689,AR,7.500,,2,0,Active,exact,N#Cc1ccc(N2[C@@H]3CC[C@H]2C[C@@H](O)C3)cc1Cl
CHEMBL237259,AR,8.050,,1,0,Active,exact,CN(CC(F)(F)F)c1ccc2[nH]c(=O)cc(C(F)(F)F)c2c1
CHEMBL838,AR,,4.523,0,1,Inactive,censored,CCOC(=O)[C@H](CCc1ccccc1)N[C@H]1CCc2ccccc2N(CC(=O)O)C1=O
CHEMBL570708,AR,5.700,,1,0,,exact,Cc1c(C#N)c(Cl)nc2c3c(sc12)NC(=O)CC3c1ccccc1Cl
CHEMBL1084716,AR,,5.000,0,1,,censored,CC(C)c1cc(C(C)C)c(S(=O)(=O)Nc2ccc(-c3ccc4c(cnn4-c4ccc(F)cc4)c3)c(C(F)(F)F)c2)c(C(C)C)c1
CHEMBL4090392,AR,,6.000,0,1,,censored,CC[C@@H]1C[C@](O)(C(F)(F)F)[C@@H](Nc2cc(F)cc3nc(C)ncc23)c2ccc(F)c(O)c21
CHEMBL369991,AR,5.420,,1,0,,exact,CC/C=C\[C@]12CC[C@H](O)CC1=CCC1C2CC[C@@]2(C)C1CC[C@@H]2O
CHEMBL1084344,AR,,5.000,0,1,,censored,Oc1ccc(-c2ccc3c(cnn3-c3ccc(F)cc3)c2)cc1
CHEMBL184,AR,,4.523,0,1,Inactive,censored,Nc1nc2c(ncn2COCCO)c(=O)[nH]1
CHEMBL1449,AR,,4.523,0,1,Inactive,censored,CC1(C)S[C@@H]2[C@H](NC(=O)[C@H](C(=O)O)c3ccsc3)C(=O)N2[C@H]1C(=O)O
CHEMBL224015,AR,6.960,,1,0,Active,exact,C[C@]12CC[C@H]3[C@@H]([C@H](CCCCCCCCC[S+]([O-])CCCC(F)(F)C(F)(F)F)CC4CC(=O)CC[C@@]43C)[C@@H]1CC[C@@H]2O
CHEMBL4470768,AR,,4.602,0,2,Inactive,censored,Cc1cccc(N2CCN(C(=O)CSCc3c(C)noc3C)CC2)c1
CHEMBL6050072,AR,,4.523,0,1,Inactive,censored,C[C@]12C=CC(=O)C=C1[C@@H](F)C[C@H]1[C@@H]3C[C@H]4O[C@@H](c5ccc(Sc6ccc(Cl)c(N)c6)cc5)O[C@@]4(C(=O)CO)[C@@]3(C)C[C@H](O)[C@@]12F
CHEMBL391795,AR,7.060,,1,0,Active,exact,CC[C@]12CC[C@H](O)CC1=CC[C@@H]1[C@@H]2CC[C@]2(C)[C@@H](O)CC[C@@H]12
CHEMBL5852186,AR,6.770,,1,0,Active,exact,C[C@@H](NC(=O)c1sc(Nc2ncnc3c2CCN(c2ccc(C#N)c(C(F)(F)F)c2)C3)nc1C(F)(F)F)c1nnco1
CHEMBL5563043,AR,6.810,,2,0,Active,exact,C[C@](O)(CN1CC2CC(C1)N2c1ccc(C#N)cc1)C(=O)Nc1ccc(C#N)c(C(F)(F)F)c1
CHEMBL160386,AR,7.090,,1,0,Active,exact,CC1=CC(C)(C)Nc2cc3c(cc21)c(C(F)(F)F)cc(=O)n3C
CHEMBL5804861,AR,7.000,,1,0,Active,exact,N#Cc1ccc(N2CCc3c(ncnc3Nc3ncc(S(=O)(=O)N4CCCOCC4)s3)C2)cc1C(F)(F)F
CHEMBL1201758,AR,,4.523,0,1,Inactive,censored,O=C(O)CCCN1CCC(O[C@@H](c2ccc(Cl)cc2)c2ccccn2)CC1
CHEMBL4862963,AR,8.350,,2,0,Active,exact,N#Cc1ccc(O[C@H]2CC[C@H](NC(=O)c3ccc(N4CCC(CN5CCN(c6cc7c(cc6F)C(=O)N(C6CCC(=O)NC6=O)C7=O)CC5)CC4)nn3)CC2)cc1Cl
CHEMBL470785,AR,,5.000,0,1,,censored,C=CC[C@@]12CC[C@](O)(C#CC)C[C@H]1CCc1cc(O)ccc12
CHEMBL110458,AR,,4.523,0,2,Inactive,censored,OC[C@H]1NC[C@H](O)[C@@H](O)[C@H]1O
CHEMBL1963683,AR,,4.523,0,1,Inactive,censored,CC(C)OC(=O)CCC/C=C\C[C@@H]1[C@@H](/C=C/C(F)(F)COc2ccccc2)[C@H](O)C[C@@H]1O
CHEMBL4788710,AR,4.740,,1,0,Inactive,exact,N#Cc1ccc(N2C(=O)C3CSc4cc(Br)ccc4N3C2=S)cc1C(F)(F)F
CHEMBL1257572,AR,,6.000,0,2,,censored,Cc1ccc2c(NCC(O)(CC(C)(C)c3cc(F)ccc3O)C(F)(F)F)cccc2n1
CHEMBL3318057,AR,5.185,,2,0,,exact,COCCN(Cc1ccco1)C(=O)c1cc2cc(F)ccc2[nH]1
CHEMBL2107831,AR,,4.523,0,1,Inactive,censored,CCCCCCO[C@@H](C)c1cccc(-c2csc(NC(=O)c3cc(Cl)c(/C=C(\C)C(=O)O)c(Cl)c3)n2)c1OC
CHEMBL961,AR,,4.523,0,1,Inactive,censored,CCN(CC)C(=S)S
CHEMBL458084,AR,7.430,,3,0,Active,exact,N#Cc1ccc([C@H]2CCCC[C@H]2O)cc1C(F)(F)F
CHEMBL3132990,AR,5.390,,1,0,,exact,CC[C@H](C)[C@H](NC(=O)[C@H](CS)NC(=O)[C@H](Cc1ccccc1)NC(=O)[C@H](CCSC)NC(=O)[C@H](CCC(=O)O)NC(=O)[C@H](CS)NC(=O)[C@H](Cc1ccccc1)NC(=O)[C@H](CCCNC(=N)N)NC(=O)[C@@H](N)CC(N)=O)C(=O)N[C@@H](CCC(N)=O)C(=O)NCC(=O)N[C@H](C(=O)NCC(=O)N[C@@H](CC(=O)O)C(=O)N[C@H](C(=O)N[C@@H](CCCCN)C(=O)N[C@@H](C)C(=O)N[C@@H](CS)C(=O)N[C@@H](CCC(=O)O)C(=O)N[C@@H](Cc1c[nH]c2ccccc12)C(=O)N[C@@H](C)C(=O)N[C@@H](CS)C(=O)N[C@@H](CCC(N)=O)C(=O)O)C(C)C)[C@@H](C)O
CHEMBL1579,AR,5.460,,1,0,,exact,C[C@@H]1C[C@H]2[C@@H]3C[C@H](F)C4=CC(=O)C=C[C@]4(C)[C@H]3[C@@H](O)C[C@]2(C)[C@@]1(O)C(=O)CO
CHEMBL2316567,AR,4.460,,1,0,Inactive,exact,CCn1c(SCCOc2cccc(C)c2)nc2ccccc21
CHEMBL101907,AR,5.460,,1,0,,exact,CC1=CC(C)(C)Nc2ccc3c(c21)C(c1cc(C)cc(Br)c1)Oc1ccccc1-3
CHEMBL3706896,AR,7.520,,1,0,Active,exact,Cc1cc2c(C(F)(F)F)cc(=O)[nH]c2cc1N
CHEMBL458875,AR,,4.523,0,1,Inactive,censored,Cc1cn([C@H]2O[C@@H](CO)[C@H](O)[C@H]2F)c(=O)[nH]c1=O
CHEMBL162569,AR,8.220,,1,0,Active,exact,C[C@@H]1c2cc3c(C(F)(F)F)cc(O)nc3cc2N[C@@H]1C
CHEMBL188297,AR,8.300,,1,0,Active,exact,O=C1[C@@H]2[C@@H]3CC[C@@H](C3)[C@@H]2C(=O)N1c1ccc([N+](=O)[O-])c(C(F)(F)F)c1
CHEMBL1830938,AR,6.960,,1,0,Active,exact,COc1cccc(CN2CC(C)(C)C(Oc3ccc(C#N)c(C(F)(F)F)c3)C2=O)c1
CHEMBL238331,AR,9.300,,1,0,Active,exact,O=c1cc(Cl)c2cc(N(CC(F)(F)F)CC(F)(F)F)ccc2[nH]1
CHEMBL5843780,AR,6.800,,1,0,Active,exact,C[C@@H](n1ccc2c(C(F)(F)F)c(C#N)ccc21)C(C)(C)O
CHEMBL1231700,AR,,4.523,0,1,Inactive,censored,C[N+](C)(C)CCOP(=O)(O)OP(=O)([O-])OC[C@H]1O[C@@H](n2ccc(N)nc2=O)[C@H](O)[C@@H]1O
CHEMBL224278,AR,,5.000,0,1,,censored,C[C@]12CC[C@H]3[C@@H]([C@H](CCCCCCCCCCCCC[S+]([O-])CCCC(F)(F)C(F)(F)F)CC4CC(=O)CC[C@@]43C)[C@@H]1CC[C@@H]2O
CHEMBL3132982,AR,5.390,,1,0,,exact,CC[C@H](C)[C@H](NC(=O)[C@H](CS)NC(=O)[C@H](Cc1ccccc1)NC(=O)[C@H](CC(C)C)NC(=O)[C@H](CCC(=O)O)NC(=O)[C@H](CS)NC(=O)[C@H](Cc1ccccc1)NC(=O)[C@H](CCCNC(=N)N)NC(=O)[C@@H](N)CC(N)=O)C(=O)N[C@@H](CCC(N)=O)C(=O)NCC(=O)N[C@H](C(=O)NCC(=O)N[C@@H](CC(=O)O)C(=O)N[C@H](C(=O)N[C@@H](CCCCN)C(=O)N[C@@H](C)C(=O)N[C@@H](CS)C(=O)N[C@@H](CCC(=O)O)C(=O)N[C@@H](Cc1c[nH]c2ccccc12)C(=O)N[C@@H](C)C(=O)N[C@@H](CS)C(=O)N[C@@H](CCC(N)=O)C(=O)O)C(C)C)[C@@H](C)O
CHEMBL575,AR,,4.523,0,1,Inactive,censored,COc1cccc(OC)c1C(=O)N[C@@H]1C(=O)N2[C@@H]1SC(C)(C)[C@@H]2C(=O)O
CHEMBL4282772,AR,5.450,,1,0,,exact,O=C1CC(c2ccccc2O)Oc2c(Br)cc(Br)cc21
CHEMBL6622,AR,,4.523,0,1,Inactive,censored,O=[N+]([O-])O[C@H]1CO[C@H]2[C@@H]1OC[C@H]2O[N+](=O)[O-]
CHEMBL2,AR,,4.523,0,1,Inactive,censored,COc1cc2nc(N3CCN(C(=O)c4ccco4)CC3)nc(N)c2cc1OC
CHEMBL5273651,AR,,5.301,0,1,,censored,C=CCc1c(C)c(O)c(O)c(C=O)c1COCc1ccc(OC)cc1
CHEMBL1079905,AR,,4.523,0,1,Inactive,censored,CCCn1cnc2c1c(=O)n(CCCCC(C)=O)c(=O)n2C
CHEMBL162368,AR,7.100,,1,0,Active,exact,CC1(C)CCC[C@@H]2c3cc4c(C(F)(F)F)cc(O)nc4cc3N[C@@H]21
CHEMBL266269,AR,7.820,,1,0,Active,exact,CC[C@@H]1Cc2cc3c(C(F)(F)F)cc(O)nc3cc2N[C@@H]1C
CHEMBL1934445,AR,7.335,,2,0,Active,exact,Cc1c(C#N)c(-c2ccc(C#N)cc2)c(C)n1Cc1cncc(CO)c1
CHEMBL5429958,AR,5.130,,1,0,,exact,CSc1ccc(C(N)=O)cc1-c1ccno1
CHEMBL406027,AR,7.770,,1,0,Active,exact,C#C[C@]1(O)CC[C@H]2[C@@H]3CCC4=CC(=O)CCC4=C3[C@@H](c3ccc(N(C)CCCS(=O)(=O)N(C)C4CC[C@@]5(C)[C@@H](C4)C[C@@H](O)[C@@H]4[C@@H]5C[C@H](O)[C@]5(C)[C@@H]([C@H](C)CCC(=O)O)CC[C@@H]45)cc3)C[C@@]21C
CHEMBL5186213,AR,8.170,,2,0,Active,exact,C[C@@]12O[C@@](C)(C[C@H]1O)[C@@H]1C(=O)N(c3ccc(C#N)c(I)c3)C(=O)[C@@H]12
CHEMBL2426112,AR,,5.301,0,1,,censored,CC(C)(C)NC(=O)NCC(C)(C)[C@@H](c1ccccc1)c1ccc2c(cnn2-c2ccc(F)cc2)c1
CHEMBL504110,AR,6.770,,1,0,Active,exact,COc1cc(SCC2CC2)ccc1C#N
CHEMBL316157,AR,,4.523,0,1,Inactive,censored,O=C(Cc1cccs1)N[C@@H]1C(=O)N2C(C(=O)[O-])=C(C[n+]3ccccc3)CS[C@H]12
CHEMBL6146436,AR,6.530,,1,0,Active,exact,C[C@](O)(CN1CC2CCC(C1)N2c1ccc(C#N)cc1F)C(=O)Nc1cnc(C#N)c(C(F)(F)F)c1
CHEMBL1544,AR,,4.301,0,1,Inactive,censored,N[C@@H](Cc1cc(I)c(Oc2ccc(O)c(I)c2)c(I)c1)C(=O)O
CHEMBL1201235,AR,,4.523,0,1,Inactive,censored,C[N+]1(C)[C@@H]2CC[C@H]1C[C@@H](OC(=O)C(O)c1ccccc1)C2
CHEMBL6173700,AR,6.750,,1,0,Active,exact,Cc1oc(-c2cccc(C(F)(F)F)c2)cc1C(=O)Nc1ncns1
CHEMBL1160714,AR,,4.523,0,1,Inactive,censored,CC(C)NC[C@H](O)COc1ccc(O)cc1
CHEMBL391548,AR,7.400,,4,0,Active,exact,N#Cc1ccc(-c2ccccc2O)cc1C(F)(F)F
CHEMBL2337518,AR,5.565,,4,0,,exact,CNC(=O)c1ccc([C@]2(O)CCN(c3ccc(C#N)cc3)[C@H]2C)cn1
CHEMBL1200845,AR,6.770,,1,0,Active,exact,CC1(C)O[C@@H]2C[C@H]3[C@@H]4CCC5=CC(=O)CC[C@]5(C)[C@@]4(F)[C@@H](O)C[C@]3(C)[C@]2(C(=O)CCl)O1
CHEMBL4071751,AR,7.100,,2,0,Active,exact,C[C@H]1[C@@H](O)CC(=O)N1c1ccc(C#N)c(Cl)c1
CHEMBL223813,AR,6.550,,1,0,Active,exact,CCCCN(C)C(=O)CCCCCCC[C@@H]1CC2CC(=O)CC[C@]2(C)[C@H]2CC[C@]3(C)[C@@H](O)CC[C@H]3[C@H]12
CHEMBL4861273,AR,6.620,,6,0,Active,exact,C[C@](O)(Cn1ccc(-c2ccc(F)cc2)c1)C(=O)Nc1ccc(C#N)c(C(F)(F)F)c1
CHEMBL241694,AR,7.980,,1,0,Active,exact,C#C[C@]1(O)CC[C@H]2[C@@H]3CCC4=CC(=O)CC[C@]4(C)[C@H]3CC[C@@]21C
CHEMBL520169,AR,6.110,,1,0,Active,exact,Cn1c(C#N)ccc1-c1ccc2c(c1)C(c1cccs1)(c1cccs1)OCC(=O)N2
CHEMBL1822155,AR,4.775,,2,0,Inactive,exact,COc1ccc(C2Nc3cccc4cccc(c34)N2)cc1O
CHEMBL3958745,AR,6.370,,1,0,Active,exact,[C-]#[N+]c1ccc(N2C(=O)C3(CCC3)N(c3ccc(CCCC(=O)OC)cc3)C2=S)cc1C(F)(F)F
CHEMBL5780200,AR,6.200,,1,0,Active,exact,CC(C)(O)C(C)(C)n1ccc2c(C#N)c(C#N)ccc21
CHEMBL132205,AR,,6.000,0,1,,censored,CC1(C)CCc2cc3c(C(F)(F)F)cc(C(F)(F)F)nc3cc2N1
CHEMBL398440,AR,,4.523,0,1,Inactive,censored,Cc1cc(O)cc(C)c1Cl
CHEMBL4074501,AR,8.945,,2,0,Active,exact,C[C@@H]1C(=O)N(c2ccc(C#N)c(Cl)c2)[C@@H](C)[C@H]1O
CHEMBL4474118,AR,6.815,,2,0,Active,exact,C[C@](O)(Cn1ccc2cc(F)ccc21)C(=O)Nc1ccc(C#N)c(Cl)c1
CHEMBL4174074,AR,4.080,,1,0,Inactive,exact,CC(C)c1ccc2c(c1)C(=O)C[C@H]1[C@@](C)(CNC(=O)c3ccccc3)CCC[C@]21C
CHEMBL1136,AR,,4.523,0,1,Inactive,censored,CC[C@H]1OC(=O)[C@H](C)C(=O)[C@H](C)[C@@H](O[C@@H]2O[C@H](C)C[C@H](N(C)C)[C@H]2O)[C@](C)(OC)C[C@@H](C)C(=O)[C@H](C)[C@H]2N(CCCCn3cnc(-c4cccnc4)c3)C(=O)O[C@]12C
CHEMBL2346971,AR,4.970,,1,0,Inactive,exact,OC1(c2cccnc2)CCN(c2ccc3nnc(C(F)(F)F)n3n2)CC1
CHEMBL4868764,AR,6.620,,1,0,Active,exact,Cc1cccc2c(-c3ccc4c(C(F)(F)F)cccc4n3)c[nH]c12
CHEMBL4064352,AR,,6.000,0,1,,censored,Cc1ncc2c(N[C@H]3c4ccc(F)c(O)c4C(C)(C)C[C@]3(O)C(F)(F)F)cc(F)cc2n1
CHEMBL5435387,AR,6.230,,1,1,Active,exact,C[C@](O)(Cn1cc(/C=N\O)c2cc(F)ccc21)C(=O)Nc1ccc(C#N)c(C(F)(F)F)c1
CHEMBL5427747,AR,6.530,,2,0,Active,exact,C[C@](O)(Cn1cc(F)c2cc(F)ccc21)C(=O)Nc1ccc(C#N)c(C(F)(F)F)c1
CHEMBL569353,AR,,5.000,0,1,,censored,Cc1c(C#N)c(N)nc2c3c(sc12)NC(=O)C[C@@H]3c1ccccc1Cl
CHEMBL858,AR,,4.523,0,1,Inactive,censored,O=C(O)CN(CCN(CC(=O)O)CC(=O)O)CC(=O)O
CHEMBL3765823,AR,8.040,,2,0,Active,exact,Cc1c(N[C@@H]2CCCC[C@@]2(C)O)ccc(C#N)c1Cl
CHEMBL457547,AR,,4.523,0,1,Inactive,censored,CCCCCOc1ccc(-c2cc(-c3ccc(C(=O)N[C@H]4C[C@@H](O)[C@@H](O)NC(=O)[C@@H]5[C@@H](O)[C@@H](C)CN5C(=O)[C@H]([C@H](O)CC(N)=O)NC(=O)[C@H]([C@H](O)[C@@H](O)c5ccc(O)c(OS(=O)(=O)O)c5)NC(=O)[C@@H]5C[C@@H](O)CN5C(=O)[C@H]([C@@H](C)O)NC4=O)cc3)no2)cc1
CHEMBL221722,AR,,4.523,0,1,Inactive,censored,NC(=O)c1nc(F)cnc1O
CHEMBL234185,AR,7.850,,1,0,Active,exact,Cc1c(N2C[C@@H]3[C@H](O)CCN3S2(=O)=O)ccc(C#N)c1Cl
CHEMBL436784,AR,8.820,,8,0,Active,exact,O=c1cc(C(F)(F)F)c2cc(N(CC(F)(F)F)CC(F)(F)F)ccc2[nH]1
CHEMBL5082552,AR,,4.301,0,1,Inactive,censored,CC(C)CS(=O)(=O)Nc1ccc(OCc2ccccc2)cc1
CHEMBL5074767,AR,5.810,,1,0,,exact,O=S(=O)(Nc1ccc(OCc2ccccc2)cc1)c1ccc(Br)cc1
CHEMBL418971,AR,5.230,,1,0,,exact,CC(C)(c1ccc(O)cc1)c1ccc(O)cc1
CHEMBL5194465,AR,,4.602,0,1,Inactive,censored,N#Cc1ccc(-n2ccc(CCNC(=O)c3ccc([N+](=O)[O-])cc3)n2)cc1C(F)(F)F
CHEMBL5755702,AR,6.420,,1,0,Active,exact,CC1(C)C(=O)N(c2ccc(C#N)c(F)c2)C(=S)N1c1ccc(CNC(=O)c2ccccn2)c(F)c1
CHEMBL1442422,AR,,4.523,0,1,Inactive,censored,CN(C)CCN1C(=O)c2ccccc2N(C)c2ccccc21
CHEMBL254219,AR,,4.523,0,1,Inactive,censored,C[C@H]1O[C@@H](O[C@H]2[C@@H](O)C[C@H](O[C@H]3[C@@H](O)C[C@H](O[C@H]4CC[C@@]5(C)[C@H](CC[C@@H]6[C@@H]5CC[C@]5(C)[C@@H](C7=CC(=O)OC7)CC[C@]65O)C4)O[C@@H]3C)O[C@@H]2C)C[C@H](O)[C@@H]1O
CHEMBL1200979,AR,,4.523,0,1,Inactive,censored,CC(C)(CO)[C@@H](O)C(=O)NCCCO
CHEMBL1095223,AR,6.100,,1,0,Active,exact,CC1(C)C(=O)N(c2ccc(C#N)c(C(F)(F)F)c2)C(=S)N1CCCNC(N)=O
CHEMBL1201216,AR,,4.523,0,1,Inactive,censored,Cc1ccccc1N1CCN(CCc2nnc3n2CCCC3)CC1
CHEMBL3706942,AR,6.200,,1,0,Active,exact,COCOCc1cc(F)ccc1/C=C1\Oc2ccc(O)c(OC)c2-c2ccc3c(c21)C(C)=CC(C)(C)N3
CHEMBL510289,AR,6.590,,1,0,Active,exact,CCOc1cc(C)ccc1Oc1ccc(C#N)c(C(F)(F)F)c1
CHEMBL16807,AR,6.080,,2,0,Active,exact,O=c1cc(-c2ccccc2)oc2cccc(O)c12
CHEMBL3132973,AR,5.520,,1,0,,exact,CC(C)C[C@H](NC(=O)[C@H](CS)NC(=O)[C@@H](NC(=O)[C@H](Cc1ccccc1)NC(=O)[C@H](Cc1ccc(O)cc1)NC(=O)[C@H](CS)NC(=O)[C@H](C)N)C(C)C)C(=O)N[C@@H](Cc1ccccc1)C(=O)N[C@@H](CCC(=O)O)C(=O)NCC(=O)N[C@@H](CC(N)=O)C(=O)N[C@@H](CC(=O)O)C(=O)N[C@@H](CCC(=O)O)C(=O)N[C@@H](CCC(=O)O)C(=O)N[C@H](C(=O)N[C@@H](CS)C(=O)N[C@@H](CCCCN)C(=O)N[C@@H](CCC(=O)O)C(=O)N[C@@H](Cc1c[nH]c2ccccc12)C(=O)N[C@@H](CS)C(=O)O)[C@@H](C)O
CHEMBL4787631,AR,5.640,,1,0,,exact,CC1(C)C(=O)N(c2ccc(C#N)c(C(F)(F)F)c2)C(=S)N1c1cnc2c(c1)COC2=O
CHEMBL6043805,AR,5.860,,5,0,,exact,CC(C)(C)OC(=O)Nc1cnn(C[C@](C)(O)C(=O)Nc2ccc(C#N)c(C(F)(F)F)c2)c1
CHEMBL5090120,AR,,4.301,0,1,Inactive,censored,Cn1c(=O)n(C)c2cc(S(=O)(=O)Nc3ccc(OCc4ccccc4)cc3)ccc21
CHEMBL806,AR,5.890,,7,0,,exact,CC(C)C(=O)Nc1ccc([N+](=O)[O-])c(C(F)(F)F)c1
CHEMBL3764446,AR,7.705,,2,0,Active,exact,Cc1c(N[C@@H]2COC[C@@]2(C)O)ccc(C#N)c1Cl
CHEMBL481107,AR,6.475,,2,0,Active,exact,Cn1cc(N(Cc2ccc(F)cc2)c2ccc([N+](=O)[O-])cc2)cc1C(=O)N1CCCC1
CHEMBL402136,AR,6.945,,2,0,Active,exact,COc1cccc2c1-c1ccc3[nH]c(=O)cc(C(F)(F)F)c3c1OC2
CHEMBL160451,AR,6.940,,1,0,Active,exact,CC1=CC(C)(C)Nc2cc3nc(O)cc(C(F)(F)F)c3cc21
CHEMBL1830768,AR,6.950,,1,0,Active,exact,CC1(C)COC(=O)C1Oc1ccc(C#N)c(C(F)(F)F)c1
CHEMBL2386399,AR,5.700,,2,0,,exact,Nc1ccc(-c2cc(=O)c3c(O)cccc3o2)cc1
CHEMBL3623117,AR,7.385,,2,0,Active,exact,CN(C(=O)[C@@H]1C[C@]2(C)O[C@]1(C)[C@@H]1C(=O)N(c3ccc(C#N)c(C(F)(F)F)c3)C(=O)[C@@H]12)c1ccccc1
CHEMBL5279893,AR,5.590,,1,0,,exact,Cc1c(O)c(O)c(C=O)c(COCc2ccccc2C(F)(F)F)c1-c1ccccc1
CHEMBL165219,AR,7.680,,1,0,Active,exact,C[C@H]1Nc2cc3nc(O)cc(C(F)(F)F)c3cc2C1(C)C
CHEMBL3402229,AR,9.055,,2,0,Active,exact,C[C@H]1[C@H](O)CCN1c1ccc(C#N)c2ccccc12
CHEMBL3605927,AR,6.170,,1,0,Active,exact,COc1cc(F)ccc1-c1c(Cc2ccccc2)[nH]c2c(NS(C)(=O)=O)cc(C(C)C)cc12
CHEMBL4527241,AR,6.660,,2,0,Active,exact,C[C@](O)(CN1CCc2c(F)cccc21)C(=O)Nc1ccc(C#N)c(Cl)c1
CHEMBL5794343,AR,5.540,,1,0,,exact,Cc1ccccc1N1CCN(C(=O)C2CC2c2ccccc2)CC1
CHEMBL5574975,AR,5.500,,1,0,,exact,C[C@](O)(CN1CCN(Cc2ccc(C#N)cc2)CC1)C(=O)Nc1ccc(C#N)c(C(F)(F)F)c1
CHEMBL1082407,AR,6.470,,79,2,Active,exact,CNC(=O)c1ccc(N2C(=S)N(c3ccc(C#N)c(C(F)(F)F)c3)C(=O)C2(C)C)cc1F
CHEMBL1364,AR,,4.523,0,1,Inactive,censored,Cc1ncc(CO)c(CO)c1O
CHEMBL6175836,AR,5.800,,1,0,,exact,CC(=O)Cc1nsc(NC(=O)C2=COc3ccccc3C=C2)n1
CHEMBL65354,AR,,5.000,0,1,,censored,COc1cccc2c1-c1ccc(NS(C)(=O)=O)cc1C(c1cccc(F)c1)O2
CHEMBL3893320,AR,7.890,,2,0,Active,exact,N#Cc1ccc(N2C[C@H]3[C@H]4CC[C@H](C4)[C@@]3(C(N)=O)S2(=O)=O)cc1C(F)(F)F
CHEMBL4798843,AR,5.690,,1,0,,exact,C[C@](O)(Cn1cc(I)cn1)C(=O)Nc1ccc(C#N)c(C(F)(F)F)c1
CHEMBL5518016,AR,7.230,,1,0,Active,exact,N#Cc1ccc(O[C@H]2CC[C@H](NC(=O)c3ccc(N4CC(CF)C4)nn3)CC2)cc1Cl
CHEMBL4764992,AR,6.290,,1,0,Active,exact,N#Cc1ncc(N2C(=O)C3(CCOC3)N(c3ccc4c(c3)COC4=O)C2=S)cc1C(F)(F)F
CHEMBL2311179,AR,9.700,,1,0,Active,exact,C[C@]12CCC3=C4CCC(=O)C=C4CC[C@H]3[C@@H]1CC[C@@H]2O
CHEMBL4748557,AR,5.370,,1,0,,exact,CC1(C)C(=O)N(c2ccc(F)c(C(F)(F)F)c2)C(=O)N1S(=O)(=O)c1ccccc1
CHEMBL4091358,AR,4.860,,1,0,Inactive,exact,COc1ccc(-c2csc(N3C(=O)c4ccccc4C3=O)n2)cc1
CHEMBL5584051,AR,5.950,,1,0,,exact,C[C@](O)(CN1CCN(c2ccc(S(C)(=O)=O)cc2)CC1)C(=O)Nc1ccc(C#N)c(C(F)(F)F)c1
CHEMBL39560,AR,,4.523,0,1,Inactive,censored,CC(=O)c1ccc2c(c1)N(CCCN(C)C)c1ccccc1S2
CHEMBL1830779,AR,5.945,,2,0,,exact,CCC(C)N1CC(C)(C)C(Oc2ccc(C#N)c(C(F)(F)F)c2)C1=O
CHEMBL1762204,AR,5.820,,1,0,,exact,Cc1c[nH]c2c(-c3c(F)cc4c(c3F)/C(=N/OC(C)C)CC(C)(C)N4)cccc12
CHEMBL1738937,AR,4.300,,1,2,Inactive,exact,Cc1ccc(OCCn2c(SCCC(=O)O)nc3ccccc32)cc1
CHEMBL4865865,AR,7.010,,7,0,Active,exact,CN1CCC(Oc2ccc(N3C(=S)N(c4cnc(C#N)c(C(F)(F)F)c4)C(=O)C34CCC4)cc2)CC1
CHEMBL5542581,AR,6.940,,1,0,Active,exact,N#Cc1ccc(O[C@H]2CC[C@H](NC(=O)c3ccc(N4CCC(Oc5ccc(NCCCCCF)cc5)CC4)nn3)CC2)cc1Cl
CHEMBL3323486,AR,6.620,,2,0,Active,exact,c1cc(-c2csc(N3CCOCC3)n2)cs1
CHEMBL6170308,AR,6.850,,1,0,Active,exact,Cc1oc(-c2cccc(C(F)(F)F)c2)cc1C(=O)Nc1nc(CN2CCC(O)CC2)ns1
CHEMBL94394,AR,,4.523,0,1,Inactive,censored,CCCCOc1ccc(CC(=O)NO)cc1
CHEMBL11608,AR,,4.523,0,1,Inactive,censored,NCCc1ccc(O)cc1
CHEMBL3326461,AR,9.800,,1,0,Active,exact,CO[C@@H]1C(c2ccc(C#N)c(Cl)c2C)=NN2CC[C@@H](F)[C@@H]12
CHEMBL515,AR,,4.523,0,1,Inactive,censored,O=C(O)CCCc1ccc(N(CCCl)CCCl)cc1
CHEMBL2159566,AR,7.560,,1,0,Active,exact,N#Cc1ccc(C2=NOC3CCCCC23)cc1C(F)(F)F
CHEMBL4754309,AR,7.030,,1,0,Active,exact,N#Cc1ncc(N2C(=O)C3(CCCCC3)N(c3ccc4c(c3)COC4=O)C2=S)cc1C(F)(F)F
CHEMBL516610,AR,5.310,,1,0,,exact,Cn1cc(Nc2ccc([N+](=O)[O-])cc2)cc1C(=O)N1CCCC1
CHEMBL5094463,AR,,4.301,0,1,Inactive,censored,Cn1cc(C(=O)Nc2ccc3c(C(F)(F)F)cc(=O)oc3c2)c(Br)n1
CHEMBL936,AR,,4.523,0,1,Inactive,censored,OC(CCCN1CCCCC1)(c1ccccc1)c1ccccc1
CHEMBL336353,AR,5.955,,2,0,,exact,CC1=CC(C)(C)Nc2ccc3c(c21)/C(=C/c1ccccc1N(C)C)Oc1ccc(F)cc1-3
CHEMBL3682518,AR,,5.000,0,1,,censored,OC1(C(F)(F)F)CCCc2c1[nH]c1c(Cl)cc(Cl)c(Cl)c21
CHEMBL2113712,AR,5.190,,1,0,,exact,C=C1C=C(C)CC(C)(C)C1(O)Cc1ccc([N+](=O)[O-])cc1
CHEMBL178886,AR,7.510,,2,0,Active,exact,O=C1[C@@H]2C3C=CC(C3)[C@@H]2C(=O)N1c1cc(Cl)cc(Cl)c1
CHEMBL4114736,AR,6.800,,1,0,Active,exact,[C-]#[N+]c1ccc(N2C(=S)N(c3ccc(C)cc3)C(C)(C)/C2=N/C(=S)NCC)cc1C(F)(F)F
CHEMBL3323483,AR,6.885,,4,0,Active,exact,Brc1ncn(-c2csc(N3CCOCC3)n2)c1Br
CHEMBL3914094,AR,7.500,,2,0,Active,exact,O=C(N[C@H]1CC[C@H](Oc2ccnc3ccccc23)CC1)c1cccc(F)c1
CHEMBL5200523,AR,,4.602,0,1,Inactive,censored,N#Cc1ccc(-n2ccc(CNC(=O)c3ccc(C(F)(F)F)cc3)n2)cc1C(F)(F)F
CHEMBL360055,AR,,4.523,0,1,Inactive,censored,CC[N+](CC)(CC)CCOc1cccc(OCC[N+](CC)(CC)CC)c1OCC[N+](CC)(CC)CC
CHEMBL224352,AR,6.920,,1,0,Active,exact,CCN(CC)C(=O)CCCCCCCC1C[C@H]2CC(=O)CC[C@]2(C)[C@H]2CC[C@]3(C)[C@@H](O)CC[C@H]3[C@H]12
CHEMBL3337824,AR,5.430,,1,0,,exact,Cc1nn(CC(C)C)c(-c2ccc(F)cc2)c1-c1ccc2c(c1)NC(=O)CO2
CHEMBL4225186,AR,7.570,,1,0,Active,exact,Cc1c(C#N)c(-c2ccc(C#N)cc2)c(C)n1Cc1ccc(C(=O)NCCOCCOCCOCCNC(=O)[C@H](CC(C)C)NC(=O)[C@@H](O)[C@H](N)Cc2ccccc2)cc1
CHEMBL5894505,AR,7.160,,1,0,Active,exact,CC(C)(O)c1cnc(Nc2ncnc3c2CCN(c2ccc(C#N)c(C(F)(F)F)c2)C3)cc1F
CHEMBL238330,AR,9.400,,1,0,Active,exact,O=c1cc(C(F)F)c2cc(N(CC(F)(F)F)CC(F)(F)F)ccc2[nH]1
CHEMBL2316543,AR,5.300,,1,0,,exact,Clc1cccc(OCCSc2nc3ccccc3[nH]2)c1
CHEMBL594854,AR,5.460,,1,0,,exact,COc1ccccc1/C=C/C(=O)c1ccccc1O
CHEMBL3692349,AR,6.640,,2,0,Active,exact,C=C[C@@H]1CC2=CC(=O)CC[C@@H]2[C@H]2CC[C@@]3(C)[C@@H](CC[C@@]34C=CCO4)[C@@H]21
CHEMBL347870,AR,6.160,,1,0,Active,exact,CC1=CC(C)(C)N(C)c2cc3nc(O)cc(C(F)(F)F)c3cc21
CHEMBL3746388,AR,,5.000,0,1,,censored,Cn1cc(C(=O)O)c2ccc(N3CCC(OCc4c(-c5c(Cl)cccc5Cl)noc4C4CC4)CC3)cc21
CHEMBL350932,AR,8.300,,1,0,Active,exact,Oc1cc(C(F)(F)F)c2cc3c(cc2n1)N[C@@H]1CCCC[C@H]31
CHEMBL2159549,AR,5.390,,2,0,,exact,Fc1ccc(C2=NOC3CCCCCCC23)cc1C(F)(F)F
CHEMBL3402228,AR,9.075,,4,0,Active,exact,C[C@H]1[C@@H](O)CCN1c1ccc(C#N)c2ccccc12
CHEMBL1290751,AR,7.000,,2,0,Active,exact,OC1(C(F)(F)F)c2[nH]c3c(Cl)cc(Cl)cc3c2CCC1(F)F
CHEMBL2159731,AR,6.350,,1,0,Active,exact,N#Cc1ccc(C2=NOC3CCCC23)c(C(F)(F)F)c1
CHEMBL436644,AR,7.660,,1,0,Active,exact,O=c1cc(C(F)(F)F)c2cc3c(cc2[nH]1)OC[C@H](CO)N3CC(F)(F)F
CHEMBL3588960,AR,7.170,,1,0,Active,exact,CNC(=O)c1ccc(N2C(=S)N(c3ccc(C#N)c(C(F)(F)F)c3)C(=O)C2(C)COC)cc1F
CHEMBL541,AR,,4.523,0,1,Inactive,censored,O=C(O)c1ccccc1
CHEMBL256947,AR,7.575,,2,0,Active,exact,COc1cccc2c1-c1ccc3[nH]c(=O)cc(C)c3c1CO2
CHEMBL5075580,AR,5.150,,1,0,,exact,CCCCS(=O)(=O)Nc1ccc(OCc2ccccc2)cc1
CHEMBL4553882,AR,5.785,,2,0,,exact,Cc1ccc(Cl)cc1N1CCN(C(=O)[C@H]2C[C@H]2c2ccc(F)cc2)CC1
CHEMBL6173025,AR,6.470,,1,0,Active,exact,CC(C)(C)OC(=O)N1CCN(Cc2nsc(NC(=O)C3=Cc4cc(Cl)ccc4OC=C3)n2)CC1
CHEMBL5889387,AR,6.640,,3,0,Active,exact,C[C@](O)(Cn1cc(N)cn1)C(=O)Nc1ccc(C#N)c(C(F)(F)F)c1
CHEMBL3326455,AR,9.000,,1,0,Active,exact,CCO[C@@H]1C(c2ccc(C#N)c(Cl)c2C)=NN2CC[C@H](O)[C@@H]12
CHEMBL5284251,AR,5.360,,1,0,,exact,Cc1c(O)c(O)c(C=O)c(COCc2ccccc2)c1-c1cc(C(F)(F)F)cc(C(F)(F)F)c1
CHEMBL584,AR,,4.523,0,1,Inactive,censored,Cc1c(O)cccc1C(=O)N[C@@H](CSc1ccccc1)[C@H](O)CN1C[C@H]2CCCC[C@H]2C[C@H]1C(=O)NC(C)(C)C
CHEMBL1565476,AR,,4.523,0,1,Inactive,censored,CCCC1C(=O)N2C(N(C)C)=Nc3ccc(C)cc3N2C1=O
CHEMBL1738,AR,,4.523,0,1,Inactive,censored,C[C@@H](CN1CC(=O)NC(=O)C1)N1CC(=O)NC(=O)C1
CHEMBL5955804,AR,6.715,,2,0,Active,exact,O=C(NCc1ccc(-c2cccc(Cl)c2Cl)o1)c1cc(C(=O)N2CCOCC2)n[nH]1
CHEMBL2106191,AR,,4.523,0,1,Inactive,censored,O=S(=O)([O-])c1cc(O)ccc1O.O=S(=O)([O-])c1cc(O)ccc1O.[Ca+2]
CHEMBL3337828,AR,,5.000,0,1,,censored,Cc1nn(CCC#N)c(-c2ccc(F)cc2)c1-c1ccc2c(c1)NC(=O)CO2
CHEMBL5397445,AR,6.920,,1,0,Active,exact,CSc1ccc(C(N)=O)cc1-c1ccc2c(cnn2C)c1
CHEMBL244537,AR,5.820,,1,0,,exact,COc1c(O)ccc2c1-c1ccc3c(c1/C(=C/c1sccc1C(C)O)O2)C(C)=CC(C)(C)N3
CHEMBL4100995,AR,9.075,,2,0,Active,exact,CC[C@H]1[C@@H](O)[C@H](C)C(=O)N1c1ccc(C#N)c(Cl)c1
CHEMBL1210843,AR,5.440,,1,0,,exact,CC(C)[N+]1([O-])C(=O)[C@]2(C)O[C@](C)(C1=O)[C@H]1C(=O)N(c3ccc(C#N)c(C(F)(F)F)c3)C(=O)[C@H]12
CHEMBL1822157,AR,4.530,,2,0,Inactive,exact,CC1=NN(c2ccccc2)C(=O)/C1=N\Nc1ccc(C(=O)O)c(O)c1
CHEMBL3323476,AR,5.945,,2,0,,exact,N#Cc1ccc(-c2ccc(N3CCOCC3)s2)cc1
CHEMBL3402222,AR,7.700,,1,1,Active,exact,C[C@@H]1CCCN1c1ccc(C#N)c2ccccc12
CHEMBL1957620,AR,6.640,,2,0,Active,exact,Cc1nn(-c2ccc(C#N)c(Cl)c2)c(C)c1Cc1cccc(C(N)=O)c1
CHEMBL1163899,AR,6.500,,1,0,Active,exact,COc1ccc(C(=O)CC(Nc2ccc([N+](=O)[O-])cc2)c2ccc(C(F)(F)F)cc2)cc1
CHEMBL3936931,AR,6.720,,2,0,Active,exact,O=C(N[C@H]1CC[C@H](Oc2ccnc3c(Br)cccc23)CC1)c1ccc(F)c(Cl)c1
CHEMBL53549,AR,6.160,,1,0,Active,exact,C=C1C[C@H](C)CC(C)(C)[C@@H]1Cc1cc(OC)c(Br)cc1O
CHEMBL382097,AR,7.480,,1,0,Active,exact,CC[C@]12CC[C@H](O)CC1=CCC1C2CC[C@@]2(C)C1CC[C@@H]2O
CHEMBL3787387,AR,5.300,,1,0,,exact,CCOC(=O)C(CC)Oc1ccc2c(C)cc(=O)oc2c1
CHEMBL470204,AR,7.240,,3,0,Active,exact,Cc1ccccc1Oc1ccc(C#N)c(Cl)c1
CHEMBL5076873,AR,6.390,,1,0,Active,exact,O=c1cc(C(F)(F)F)c2ccc(OCc3ccccc3Cl)cc2o1
CHEMBL229861,AR,9.050,,4,0,Active,exact,CC[C@H]1[C@@H]2[C@@H](O)CCN2C(=O)N1c1ccc(C#N)c(Cl)c1C
CHEMBL4278949,AR,,5.000,0,1,,censored,O=C1CC(c2ccccc2O)Oc2cc(O)cc(O)c21
CHEMBL2028019,AR,,4.523,0,1,Inactive,censored,CN(C)C(=O)N[C@H]1CC[C@H](CCN2CCN(c3cccc(Cl)c3Cl)CC2)CC1
CHEMBL1023,AR,,4.523,0,1,Inactive,censored,C=C(c1ccc(C(=O)O)cc1)c1cc2c(cc1C)C(C)(C)CCC2(C)C
CHEMBL519780,AR,6.280,,1,0,Active,exact,Cn1cc(N(CC2CCCCC2)c2ccc([N+](=O)[O-])cc2)cc1C(=O)N1CCCC1
CHEMBL5170587,AR,9.000,,1,0,Active,exact,N#Cc1ccc(N2CCC[C@@H]2[C@@H](O)C(F)(F)F)cc1C(F)(F)F
CHEMBL5268639,AR,5.620,,1,0,,exact,Cc1c(O)c(O)c(C=O)c(COCc2ccc(F)cc2)c1-c1ccccc1
CHEMBL5856601,AR,6.310,,1,0,Active,exact,C[C@](O)(CS(=O)(=O)c1ccc(F)cc1)C(=O)Nc1cc(C(F)(F)F)c(C#N)cn1
CHEMBL267940,AR,6.620,,1,0,Active,exact,C=CCC1Oc2cccc(C=C)c2-c2ccc3c(c21)C(C)=CC(C)(C)N3
CHEMBL6530,AR,6.560,,1,0,Active,exact,CCC1CCN(C)c2cc3oc(=O)cc(C(F)(F)F)c3cc21
CHEMBL553,AR,,4.523,0,1,Inactive,censored,C#Cc1cccc(Nc2ncnc3cc(OCCOC)c(OCCOC)cc23)c1
CHEMBL3262348,AR,4.400,,1,0,Inactive,exact,CC(C)(O)c1cn(-c2cc(C(F)(F)F)cc(C(F)(F)F)c2)nn1
CHEMBL1782494,AR,5.700,,4,0,,exact,C[C@](O)(CS(=O)(=O)c1cccc2ccccc12)C(=O)Nc1ccc(C#N)c(C(F)(F)F)c1
CHEMBL3323481,AR,5.245,,2,0,,exact,Oc1ccc(-c2nc(-c3c[nH]c4ccccc34)cs2)cc1
CHEMBL549375,AR,7.370,,1,0,Active,exact,Cc1ncc(/C=C2\C[C@H]3[C@@H]4CC[C@H]5N(C)C(=O)C=C[C@]5(C)[C@H]4CC[C@]3(C)[C@H]2O)cn1
CHEMBL3819417,AR,7.900,,1,0,Active,exact,Cc1c(C#N)ccc(C(O)(C(C)C)C(F)(F)F)c1C
CHEMBL4517379,AR,5.570,,2,0,,exact,Cc1ccc(Cl)cc1N1CCN(C(=O)C2CC2c2ccc(F)cc2)CC1
CHEMBL4846981,AR,5.660,,1,0,,exact,Cc1ccc2c(-c3ccc4ccccc4n3)c[nH]c2c1F
CHEMBL134209,AR,7.700,,1,0,Active,exact,C[S+]([O-])c1cc(C(F)(F)F)c2cc3c(cc2n1)NC(C)(C)CC3
CHEMBL1830949,AR,6.890,,1,0,Active,exact,CC1(C)CN(Cc2ccncc2)C(=O)C1Oc1ccc(C#N)c(C(F)(F)F)c1
CHEMBL632,AR,5.320,,1,0,,exact,C[C@H]1C[C@H]2[C@@H]3CCC4=CC(=O)C=C[C@]4(C)[C@@]3(F)[C@@H](O)C[C@]2(C)[C@@]1(O)C(=O)CO
CHEMBL4087902,AR,7.845,,2,0,Active,exact,CC[C@H]1[C@@H](O)CC(=O)N1c1ccc(C#N)c(Cl)c1C
CHEMBL1200877,AR,5.860,,1,0,,exact,C[C@@H]1C[C@H]2[C@@H]3C[C@H](F)C4=CC(=O)C=C[C@]4(C)[C@@]3(F)[C@@H](O)C[C@]2(C)[C@@]1(O)C(=O)COC(=O)C(C)(C)C
CHEMBL395502,AR,8.090,,1,0,Active,exact,COc1c(N2C(=O)[C@@H]3[C@H](O)CCN3C2=O)ccc(C#N)c1C
CHEMBL5399353,AR,7.105,,2,0,Active,exact,CN1CCN(C(=O)c2ccc(N3CCC4(CC3)CCN(c3ccc(C#N)c(Cl)c3)C4)cc2)CC1
CHEMBL3622584,AR,5.430,,1,0,,exact,CCNc1ccccc1Cc1n[nH]c(=O)c2ccccc12
CHEMBL5870705,AR,5.710,,1,0,,exact,CC(C)(O)C1CCN(C(=O)c2coc(Nc3ncnc4c3CCN(c3ccc(C#N)c(C(F)(F)F)c3)C4)n2)CC1
CHEMBL2334347,AR,,5.000,0,1,,censored,CC[Si](CC)(c1ccc(NC[C@H](O)CO)c(C)c1)c1ccc(OCC(=O)C(C)(C)C)c(C)c1
CHEMBL5422362,AR,,5.000,0,1,,censored,CN1CCN(c2ccc(C(=O)N3CC4(C3)CN(c3ccc(C#N)c(Cl)c3)C4)cc2)CC1
CHEMBL365921,AR,7.400,,1,0,Active,exact,N#Cc1ccc(N2C(=O)[C@H]3[C@@H]4C[C@@H](CN4C(=O)Oc4ccc(F)cc4)N3C2=O)c2ccccc12
CHEMBL3323470,AR,6.285,,2,0,Active,exact,c1ccc(-c2ccc(N3CCOCC3)s2)cc1
CHEMBL4534324,AR,7.070,,1,0,Active,exact,CC#C[C@]1(O)CC[C@H]2[C@@H]3CCC4=CC(=O)CC[C@]4(C)[C@H]3[C@@H](OCc3ccc(Cl)cc3)C[C@@]21C
CHEMBL1163822,AR,6.050,,1,0,Active,exact,N#Cc1cccc(C(=O)CC(Nc2ccc([N+](=O)[O-])cc2)c2ccc(C(F)(F)F)cc2)c1
CHEMBL5178984,AR,6.610,,3,0,Active,exact,Cc1cn(C2=CC[C@H]3[C@@H]4CC=C5C[C@@H](NC(=O)c6ccncc6)CC[C@]5(C)[C@H]4CC[C@]23C)cn1
CHEMBL50588,AR,,4.523,0,1,Inactive,censored,CC[C@H]1CN2CCc3cc(OC)c(OC)cc3[C@@H]2C[C@@H]1C[C@H]1NCCc2cc(OC)c(OC)cc21
CHEMBL3819393,AR,8.800,,1,0,Active,exact,N#Cc1ccc(C(O)(C2CCC2)C(F)(F)F)cc1C(F)(F)F
CHEMBL3682511,AR,7.700,,1,0,Active,exact,O[C@]1(C(F)(F)F)CCCc2c1[nH]c1c(Cl)cc(Cl)cc21
CHEMBL5071682,AR,6.110,,1,0,Active,exact,O=c1cc(C(F)(F)F)c2ccc(OCc3c(F)cccc3Cl)cc2o1
CHEMBL1830943,AR,7.770,,1,0,Active,exact,CC1(C)CN(Cc2ccccc2O)C(=O)C1Oc1ccc(C#N)c(C(F)(F)F)c1
CHEMBL893,AR,,4.523,0,1,Inactive,censored,Cc1onc(-c2c(Cl)cccc2Cl)c1C(=O)N[C@@H]1C(=O)N2[C@@H]1SC(C)(C)[C@@H]2C(=O)O
CHEMBL1209973,AR,8.240,,1,0,Active,exact,CCOC(=O)N1C[C@@]2(C)O[C@@](C)(C1)[C@@H]1C(=O)N(c3ccc(C#N)c(C(F)(F)F)c3)C(=O)[C@@H]12
CHEMBL515671,AR,,5.000,0,1,,censored,CC#C[C@]1(O)C[C@H]2CCc3cc(OCc4cccnc4C)ccc3[C@]2(CC)C[C@@H]1O
CHEMBL3337832,AR,,5.000,0,1,,censored,Cc1nn(CCC(F)(F)CO)c(-c2ccc(F)cc2)c1-c1ccc2c(c1)NC(=O)CO2
CHEMBL826,AR,,4.523,0,1,Inactive,censored,CCn1cc(C(=O)O)c(=O)c2cc(F)c(N3CCNCC3)nc21
CHEMBL4763876,AR,5.020,,1,0,,exact,CC1(C)NC(=O)N(c2cccnc2)C1=O
CHEMBL5432214,AR,,6.000,0,1,,censored,N#Cc1ccc(N2CCC3(CCN(c4ccccc4)CC3)C2)cc1Cl
CHEMBL271925,AR,5.960,,1,0,,exact,O=C1[C@@H]2C3CCC(O3)[C@@H]2C(=O)N1c1ccc(Cl)c(C(F)(F)F)c1
CHEMBL457242,AR,,5.000,0,1,,censored,CC#C[C@]1(O)C[C@H]2CCc3cc(O)ccc3[C@]2(CC)[C@H](O)C1
CHEMBL5568622,AR,6.490,,2,0,Active,exact,C[C@](O)(CN1CC2CC(C1)N2c1ccc(C#N)cc1)C(=O)Nc1cnc(C#N)c(C(F)(F)F)c1
CHEMBL1909286,AR,,4.523,0,1,Inactive,censored,CC(COc1ccccc1)NN
CHEMBL352418,AR,,4.523,0,1,Inactive,censored,O=C(O)[C@@H]1C[C@@H](O)CN1
CHEMBL2159562,AR,6.520,,1,0,Active,exact,O=[N+]([O-])c1ccc(C2=NO[C@@H]3CCC[C@H]23)cc1C(F)(F)F
CHEMBL4297626,AR,,4.523,0,1,Inactive,censored,Cn1nc(C(=O)N(Cc2ccccc2)Cc2ccc(C(=O)O)cc2)c2c1-c1cc(Cl)ccc1OC2
CHEMBL5266025,AR,,5.301,0,1,,censored,Cc1c(O)c(O)c(C=O)c(COCc2ccccc2)c1-c1cccc(Br)c1F
CHEMBL1099140,AR,7.820,,1,0,Active,exact,CN1C(=S)N(c2ccc(C#N)c(C(F)(F)F)c2)C(=O)C1(C)C
CHEMBL3818549,AR,8.500,,1,0,Active,exact,CC(C)CC(O)(c1ccc(C#N)c(Cl)c1Cl)C(F)(F)F
CHEMBL4539707,AR,6.330,,1,0,Active,exact,C[C@]12CC[C@H]3[C@@H](C[C@@H](n4ccnc4)C45CC4CC[C@]35C)[C@@H]1CC=C2n1cnc2ccccc21
CHEMBL819,AR,,4.523,0,1,Inactive,censored,Cc1onc(-c2ccccc2)c1C(=O)N[C@@H]1C(=O)N2[C@@H]1SC(C)(C)[C@@H]2C(=O)O
CHEMBL4296682,AR,,5.301,0,1,,censored,CCN(C)C(=O)c1ccc(-c2ccc3c(n2)Oc2ccccc2[C@@H]3C(C)(C)C(=O)Nc2nncs2)cc1F
CHEMBL78704,AR,7.050,,1,0,Active,exact,CC#C[C@]1(O)CCC2C3CCC4=CC(=O)CC[C@]4(Cc4ccc(C)cc4)C3=CC[C@@]21C
CHEMBL439873,AR,7.620,,1,0,Active,exact,COc1cc(N2C(=O)[C@@H]3[C@H](O)CCN3C2=O)ccc1C#N
CHEMBL569544,AR,,5.398,0,1,,censored,C[C@]12Cn3cnc(-c4ccc(F)cc4)c3C=C1CCC[C@@H]2[C@](C)(O)c1ccccc1
CHEMBL240331,AR,4.300,,1,1,Inactive,exact,O=C(CSc1nc(O)c2ccccc2n1)c1ccc(O)c(O)c1
CHEMBL227305,AR,8.380,,1,0,Active,exact,CCN1c2cc3c(C(F)(F)F)cc(=O)[nH]c3cc2OCC1C
CHEMBL6689,AR,7.300,,1,0,Active,exact,CC[C@H]1Nc2cc3nc(O)cc(C(F)(F)F)c3cc2CC1(C)C
CHEMBL4287759,AR,5.280,,1,0,,exact,CCOc1ccccc1/C=C/C(=O)c1cc(Br)ccc1O
CHEMBL5078078,AR,,5.000,0,2,,censored,CC(C)(O)c1ccc(N2Cc3c(ccnc3-c3ccc(F)cc3OCC(F)(F)F)C2=O)cc1
CHEMBL272304,AR,6.000,,1,0,Active,exact,CCC(CC)(c1ccc(OC[C@@H](O)CO)c(C)c1)c1ccc(OC[C@H](O)C(C)(C)C)c(C)c1
CHEMBL27,AR,,4.523,0,1,Inactive,censored,CC(C)NCC(O)COc1cccc2ccccc12
CHEMBL400098,AR,5.770,,1,0,,exact,C[C@@H](c1ccccc1)N(C)c1cc(C(F)(F)F)c(C#N)cn1
CHEMBL375107,AR,7.370,,1,0,Active,exact,BrCC(Br)C1CCC(Br)C(Br)C1
CHEMBL82202,AR,,4.523,0,1,Inactive,censored,Cc1ncc(COP(=O)(O)O)c(C=O)c1O
CHEMBL483941,AR,7.720,,1,0,Active,exact,Cc1c(/N=C2\N(C(N)=O)C[C@@H]3[C@H](O)CCN23)ccc(C#N)c1Cl
CHEMBL246138,AR,7.480,,2,0,Active,exact,C=C[C@]12CC[C@H](O)CC1=CC[C@H]1[C@@H]3CC[C@H](O)[C@@]3(C)CC[C@@H]12
CHEMBL1288322,AR,5.710,,2,0,,exact,OC1(C(F)(F)F)CCCc2c1[nH]c1ccc(Cl)c(Cl)c21
CHEMBL3917362,AR,6.620,,2,0,Active,exact,O=C(NC[C@H]1CC[C@H](Oc2ccnc3c(F)cccc23)CC1)c1ccc(F)cc1
CHEMBL6175524,AR,6.170,,1,0,Active,exact,CN1CCN(Cc2nsc(NC(=O)C3=Cc4cc(Cl)ccc4OC=C3)n2)CC1
CHEMBL2159572,AR,5.960,,1,0,,exact,Fc1ccc(C2=NOC3CCCCC23)cc1C(F)(F)F
CHEMBL1009,AR,,4.523,0,1,Inactive,censored,N[C@@H](Cc1ccc(O)c(O)c1)C(=O)O
CHEMBL1096562,AR,,4.523,0,1,Inactive,censored,COC(=O)CCC(=O)CN
CHEMBL4439327,AR,4.890,,2,0,Inactive,exact,Oc1ccc2c(O)ncc(-c3cc(F)c(F)c(F)c3)c2c1
CHEMBL4877237,AR,5.800,,1,0,,exact,Cc1cc(C)c2[nH]cc(-c3ccc4ccccc4n3)c2c1
CHEMBL202007,AR,7.960,,1,0,Active,exact,C[C@]12CCC3C(CC=C4C[C@@H](O)CC[C@@]43/C=C\F)C1CC[C@@H]2O
CHEMBL3238278,AR,6.765,,2,0,Active,exact,C[C@](O)(COc1cccc(Cl)c1)C(=O)N1CCc2c(C#N)cccc21
CHEMBL6053594,AR,6.160,,1,0,Active,exact,CC(C)(O)CNC(=O)c1cnc(Nc2ncnc3c2CCN(c2ccc(C#N)c(C(F)(F)F)c2)C3)nc1
CHEMBL2111100,AR,,4.523,0,1,Inactive,censored,CCCCCCCCCCCCCCCC(=O)OC[C@H](COP(=O)(O)OCCNC(=O)[C@H](C)NC(=O)CC[C@@H](NC(=O)[C@H](C)NC(=O)[C@@H](C)O[C@H]1[C@H](O)[C@@H](CO)OC(O)[C@@H]1NC(C)=O)C(N)=O)OC(=O)CCCCCCCCCCCCCCC
CHEMBL3938936,AR,6.650,,1,0,Active,exact,[C-]#[N+]c1ccc(N2C(=O)C3(CCC3)N(c3ccc(CCC(N)=O)cc3)C2=S)cc1C(F)(F)F
CHEMBL203561,AR,5.760,,1,0,,exact,C#CC[C@]12CC[C@H](O)CC1=CCC1C2CC[C@@]2(C)C1CC[C@@H]2O
CHEMBL1521495,AR,5.910,,1,0,,exact,O=C1CN=C(c2ccccc2)c2c(sc3c2CCCC3)N1
CHEMBL964,AR,,4.523,0,1,Inactive,censored,CCN(CC)C(=S)SSC(=S)N(CC)CC
CHEMBL5939867,AR,6.720,,1,0,Active,exact,Cn1nccc1CCNC(=O)c1nnc(Nc2ncnc3c2CCN(c2ccc(C#N)c(C(F)(F)F)c2)C3)s1
CHEMBL1476605,AR,4.830,,1,0,Inactive,exact,CC(C)(C)CC(C)(C)c1ccc(O)c(Cc2ccc(Cl)cc2Cl)c1
CHEMBL5593403,AR,6.530,,1,0,Active,exact,C[C@](O)(CN1CCN(c2ccc(C#N)nc2)CC1)C(=O)Nc1ccc(C#N)c(C(F)(F)F)c1
CHEMBL269671,AR,,4.523,0,1,Inactive,censored,C[C@@H]1CC[C@H]2[C@@H](C)C(=O)O[C@@H]3O[C@@]4(C)CC[C@@H]1[C@]32OO4
CHEMBL365482,AR,7.160,,1,0,Active,exact,CCCCc1ccc(C(=O)N2C[C@@H]3C[C@H]2[C@@H]2C(=O)N(c4ccc([N+](=O)[O-])cc4)C(=O)N32)cc1
CHEMBL831,AR,,4.523,0,1,Inactive,censored,CN1CCN(C2=Nc3ccccc3Oc3ccc(Cl)cc32)CC1
CHEMBL3263752,AR,,5.000,0,1,,censored,COc1nc(C2=NN(c3ccc(C#N)c(C)c3)[C@@H](C3CCCC3)C2)ccc1C(=O)O
CHEMBL583053,AR,,5.000,0,1,,censored,Cc1c(C#N)c(N)nc2c3c(sc12)NC(=O)CC3c1cccc(Cl)c1Cl
CHEMBL127810,AR,,4.523,0,1,Inactive,censored,CCCNC(C)(C)COC(=O)c1ccccc1
CHEMBL4453035,AR,5.500,,1,0,,exact,CC#C[C@]1(O)CC[C@H]2[C@@H]3CCC4=CC(=O)CC[C@]4(C)[C@H]3[C@@H](c3ccc(N4CCCC4)cc3)C[C@@]21C
CHEMBL1352525,AR,5.140,,2,0,,exact,Cc1cccc(N2CCN(C(=O)CSCc3c(C)noc3C)CC2)c1C
CHEMBL6010821,AR,6.510,,1,0,Active,exact,CC(C)(O)CNC(=O)c1cnc(Nc2ncnc3c2CCN(c2ccc(C#N)c(C(F)(F)F)c2)C3)cn1
CHEMBL5980559,AR,6.970,,1,1,Active,exact,CC1(C)C(=O)N(c2ccc(C#N)c(C(F)(F)F)c2)C(=S)N1c1ccc(CNC(=O)c2cccnc2)c(F)c1
CHEMBL2316572,AR,,3.699,0,1,Inactive,censored,COC(=O)Cn1c(SCCOc2ccc(C)c(C)c2)nc2ccccc21
CHEMBL301523,AR,,4.523,0,1,Inactive,censored,N[C@@H](Cc1ccccc1)C(=O)O
CHEMBL2386408,AR,5.450,,2,0,,exact,NC(=O)c1ccc(-c2cc(=O)c3c(O)cccc3o2)cc1
CHEMBL3323500,AR,5.520,,1,0,,exact,COc1c(F)cc(O)cc1-c1csc(N2CCOCC2)n1
CHEMBL3967236,AR,6.630,,1,0,Active,exact,[C-]#[N+]c1ccc(N2C(=O)C3(CCC3)N(c3ccc(CCC(=O)NC)cc3)C2=S)cc1C(F)(F)F
CHEMBL274323,AR,,4.523,0,1,Inactive,censored,N[C@@H](CC(=O)O)C(=O)O
CHEMBL517199,AR,,4.523,0,1,Inactive,censored,Cc1cccc(C)c1NC(=O)c1cc(S(N)(=O)=O)c(Cl)cc1O
CHEMBL4744444,AR,,4.523,0,1,Inactive,censored,CCCCCCCCCC(=O)N[C@@H](Cc1c[nH]c2ccccc12)C(=O)N[C@H](CC(N)=O)C(=O)N[C@@H](CC(=O)O)C(=O)N[C@@H]1C(=O)NCC(=O)N[C@@H](CCCN)C(=O)N[C@@H](CC(=O)O)C(=O)N[C@H](C)C(=O)N[C@@H](CC(=O)O)C(=O)NCC(=O)N[C@H](CO)C(=O)N[C@@H]([C@H](C)CC(=O)O)C(=O)N[C@@H](CC(=O)c2ccccc2N)C(=O)O[C@@H]1C
CHEMBL376182,AR,6.480,,1,0,Active,exact,CCN(CC)C(=O)CCCCCCC1C[C@H]2CC(=O)CC[C@]2(C)[C@H]2CC[C@]3(C)[C@@H](O)CC[C@H]3[C@H]12
CHEMBL2113036,AR,7.310,,1,0,Active,exact,CC1(C)C(=O)N(c2ccc(C#N)c(C(F)(F)F)c2)C(=O)N1OCC#CCCc1ccc(O)c(C(N)=O)c1
CHEMBL6874,AR,7.580,,5,0,Active,exact,CC1(C)CCc2cc3c(C(F)(F)F)cc(O)nc3cc2N1
CHEMBL1201334,AR,,4.523,0,1,Inactive,censored,CC(C)C[C@H](NC(=O)[C@@H](Cc1c[nH]c2ccccc12)NC(=O)[C@H](Cc1ccc(O)cc1)NC(=O)[C@H](CO)NC(=O)[C@H](Cc1c[nH]c2ccccc12)NC(=O)[C@H](Cc1c[nH]cn1)NC(=O)[C@@H]1CCC(=O)N1)C(=O)N[C@@H](CCCNC(=N)N)C(=O)N1CCC[C@H]1C(=O)NCC(N)=O
CHEMBL312394,AR,,4.523,0,1,Inactive,censored,Cc1ccc(S(=O)(=O)NC(=O)NC2CCCCC2)cc1
CHEMBL1290750,AR,,5.000,0,2,,censored,N#Cc1ccc2[nH]c3c(c2c1)CCCC3(O)C(F)(F)C(F)(F)F
CHEMBL267270,AR,8.700,,1,0,Active,exact,O=c1cc(C(F)(F)F)c2cc3c(cc2o1)NCCC3C(F)(F)F
CHEMBL5431700,AR,6.120,,1,0,Active,exact,COc1ccc(-c2cc(C(N)=O)ccc2SC)cc1F
CHEMBL3818652,AR,5.000,,1,0,,exact,N#Cc1ccc(C(O)(CO)C(F)(F)F)cc1C(F)(F)F
CHEMBL449804,AR,6.920,,1,0,Active,exact,CCOc1ccccc1Oc1ccc(C#N)c(C(F)(F)F)c1
CHEMBL1800981,AR,6.000,,1,0,Active,exact,CC(C)(C(=O)Nc1nncs1)[C@@H](c1ccccc1)c1ccc(O)c(F)c1
CHEMBL5416166,AR,7.300,,2,1,Active,exact,C[C@](O)(Cn1nc(Cl)c2c(C(F)(F)F)cccc21)C(=O)Nc1cnc(C#N)c(C(F)(F)F)c1
CHEMBL257387,AR,6.750,,1,0,Active,exact,Cc1cccc([C@H]2COc3cc4[nH]c(=O)cc(C(F)(F)F)c4cc3N2CC(F)(F)F)c1
CHEMBL1288980,AR,7.070,,2,0,Active,exact,OC1(C(F)(F)F)CCCc2c1[nH]c1c(Cl)ccc(Cl)c21
CHEMBL1201196,AR,7.700,,1,0,Active,exact,Clc1ccc(C(Cn2ccnc2)OCc2csc3c(Cl)cccc23)c(Cl)c1
CHEMBL4476413,AR,,5.301,0,1,,censored,CN(C)c1ccc([C@H]2C[C@@]3(C)[C@@H](CC[C@@]3(O)C#CC(C)(C)C)[C@@H]3CCC4=CC(=O)CC[C@]4(C)[C@H]32)cc1
CHEMBL1934439,AR,7.040,,2,0,Active,exact,COC(=O)c1c(-c2ccccc2)c(C)n(Cc2ccccc2)c1C
CHEMBL3623123,AR,7.810,,2,0,Active,exact,C[C@]12O[C@@](C)(C[C@H]1NS(C)(=O)=O)[C@H]1C(=O)N(c3ccc(C#N)c(C(F)(F)F)c3)C(=O)[C@H]12
CHEMBL1159,AR,,4.523,0,1,Inactive,censored,CC(N/C(=N\C#N)Nc1ccncc1)C(C)(C)C
CHEMBL5185396,AR,6.470,,1,0,Active,exact,O=C(Cc1ccn(-c2ccc([N+](=O)[O-])c(C(F)(F)F)c2)n1)Nc1ccc(F)cc1
CHEMBL3605919,AR,6.630,,1,0,Active,exact,COc1cc(F)ccc1-c1c(CN(C)Cc2ccccc2)[nH]c2c(NS(C)(=O)=O)cc(C(C)C)cc12
CHEMBL201517,AR,5.750,,1,0,,exact,CCC[C@]12CC[C@H](O)CC1=CCC1C2CC[C@@]2(C)C1CC[C@@H]2O
CHEMBL2337509,AR,7.930,,4,2,Active,exact,C[C@@H]1N(c2ccc(C#N)c(Cl)c2)CC[C@@]1(O)c1ccc(F)cc1
CHEMBL3238284,AR,7.445,,2,0,Active,exact,C[C@](O)(COc1ccc(-c2cocn2)cc1)C(=O)N1CCc2c(C#N)cccc21
CHEMBL3132977,AR,6.220,,1,0,Active,exact,CC(C)C[C@H](NC(=O)[C@H](CS)NC(=O)[C@H](CC(N)=O)NC(=O)[C@H](Cc1ccccc1)NC(=O)[C@H](Cc1ccc(O)cc1)NC(=O)[C@H](CS)NC(=O)[C@H](C)N)C(=O)N[C@@H](Cc1ccc(Cl)cc1)C(=O)N[C@@H](CCC(=O)O)C(=O)NCC(=O)N[C@@H](CC(N)=O)C(=O)N[C@@H](CC(=O)O)C(=O)N[C@@H](CCC(=O)O)C(=O)N[C@@H](CCC(=O)O)C(=O)N[C@H](C(=O)N[C@@H](CS)C(=O)N[C@@H](CCCCN)C(=O)N[C@@H](CCC(=O)O)C(=O)N[C@@H](Cc1c[nH]c2ccccc12)C(=O)N[C@@H](CS)C(=O)O)[C@@H](C)O
CHEMBL1210910,AR,8.430,,1,0,Active,exact,CON1C[C@@]2(C)O[C@@](C)(C1)[C@@H]1C(=O)N(c3ccc(C#N)c(C(F)(F)F)c3)C(=O)[C@@H]12
CHEMBL6959,AR,7.800,,1,0,Active,exact,CC[C@H]1Cc2cc3c(C(F)(F)F)cc(O)nc3cc2N[C@@H]1CC
CHEMBL5199125,AR,7.890,,1,0,Active,exact,N#Cc1ccc(N2C(=O)N[C@@](CO)(c3ccccc3)C2=O)cc1C(F)(F)F
CHEMBL3263762,AR,,5.000,0,1,,censored,COc1nc(C2=NN(c3ccc(C#N)c(C)c3)[C@@H](C3CCCC3)C2)ccc1C(=O)N(C)C
CHEMBL4072730,AR,7.885,,2,0,Active,exact,Cc1c(O)ccc(-c2ccc(C#N)n2C)c1C
CHEMBL1672546,AR,6.310,,1,0,Active,exact,COc1cc(-c2cn(C(C)C)c3cc(NS(C)(=O)=O)ccc23)ccc1C#N
CHEMBL1411693,AR,,4.523,0,1,Inactive,censored,COc1cc(C)nc(-n2nc(C)cc2OC)n1
CHEMBL6176889,AR,7.300,,1,0,Active,exact,O=C(Nc1nc(CN2CCSCC2)ns1)C1=Cc2cc(Cl)ccc2OC=C1
CHEMBL1908331,AR,5.250,,1,0,,exact,CCCCCCCCCCCCCCCCCC(=O)NCCCC[C@H](NC(=O)CC[C@@H](NC(=O)[C@H](C)NC(=O)[C@@H](C)O[C@H]1[C@H](O)[C@@H](CO)OC(O)[C@@H]1NC(C)=O)C(N)=O)C(=O)O
CHEMBL231327,AR,8.100,,1,0,Active,exact,COc1c(N2C(=O)[C@@H]3[C@H](O)CCN3C2=O)ccc(C#N)c1C(F)(F)F
CHEMBL5271500,AR,5.350,,1,0,,exact,Cc1c(O)c(O)c(C=O)c(COCc2ccccc2)c1-c1ccc(OC(F)(F)F)cc1
CHEMBL1085609,AR,,5.000,0,1,,censored,Cc1cccc(-c2ccc3c(cnn3-c3ccc(F)cc3)c2)c1
CHEMBL193,AR,,4.523,0,1,Inactive,censored,COC(=O)C1=C(C)NC(C)=C(C(=O)OC)C1c1ccccc1[N+](=O)[O-]
CHEMBL3706881,AR,7.190,,1,0,Active,exact,CC(C)CNc1ccc2c(C(F)(F)F)cc(=O)[nH]c2c1
CHEMBL5406263,AR,,4.000,0,2,Inactive,censored,C[C@](O)(Cn1nc2ccc(C(F)(F)F)cc2n1)C(=O)Nc1ccc(C#N)c(C(F)(F)F)c1
CHEMBL1083149,AR,,5.000,0,1,,censored,O=S(=O)(Nc1ccccc1)c1ccc(-c2ccc3c(cnn3-c3ccc(F)cc3)c2)c(C(F)(F)F)c1
CHEMBL5440496,AR,5.660,,1,0,,exact,CSc1ccc(C(N)=O)cc1-c1ccc2cn[nH]c2c1
CHEMBL395110,AR,,4.523,0,1,Inactive,censored,CN1CCCC(CN2c3ccccc3Sc3ccccc32)C1
CHEMBL5417016,AR,7.390,,2,1,Active,exact,C[C@](O)(Cn1nc(F)c2cc(F)ccc21)C(=O)Nc1cnc(C#N)c(C(F)(F)F)c1
CHEMBL4483697,AR,6.190,,1,0,Active,exact,CN(C)c1ccc([C@H]2C[C@@]3(C)[C@@H](CC[C@@]3(O)C#CC(F)(F)F)[C@@H]3CCC4=CC(=O)CC[C@]4(C)[C@H]32)cc1
CHEMBL6151469,AR,7.140,,1,0,Active,exact,Cc1ccc(CNc2ccc3c(C(F)(F)F)cc(=O)oc3c2)cc1F
CHEMBL5274549,AR,5.490,,1,0,,exact,Cc1c(O)c(O)c(C=O)c(CO[C@H]2CC[C@@]3(C)C(=CC[C@@H]4[C@@H]3CC[C@]3(C)C(=O)CC[C@@H]43)C2)c1-c1ccccc1
CHEMBL1830789,AR,7.260,,2,0,Active,exact,CC1(C)CN(Cc2ccccc2)C(=O)C1Oc1ccc(C#N)c(C(F)(F)F)c1
CHEMBL566818,AR,,5.398,0,1,,censored,CO[C@](C)(c1cccs1)[C@H]1CCCC2=Cc3c(-c4ccc(F)cc4)ncn3C[C@@]21C
CHEMBL23588,AR,,4.301,0,1,Inactive,censored,O=C(O)c1ccccc1Nc1cccc(C(F)(F)F)c1
CHEMBL2159542,AR,6.410,,1,0,Active,exact,O=[N+]([O-])c1ccc(C2=NO[C@H]3CCCCC[C@@H]23)c(C(F)(F)F)c1
CHEMBL276832,AR,,4.523,0,1,Inactive,censored,NNc1nncc2ccccc12
CHEMBL1364144,AR,5.490,,1,0,,exact,CC(=O)OCC(=O)[C@@]1(O)CC[C@H]2[C@@H]3C[C@H](C)C4=CC(=O)C=C[C@]4(C)[C@H]3[C@@H](O)C[C@@]21C
CHEMBL1257222,AR,,6.000,0,1,,censored,COc1ccc(F)cc1C(C)(C)CC(O)(CNc1cccc2ccccc12)C(F)(F)F
CHEMBL134180,AR,6.240,,1,0,Active,exact,CC1(C)CCc2cc3c(C(F)(F)F)cc(NS(C)(=O)=O)nc3cc2N1
CHEMBL245378,AR,5.860,,1,0,,exact,C[C@]12CC[C@H]3[C@@H](CC=C4[C@H]5CC[C@]43CC[C@@H]5O)[C@@H]1CC[C@@H]2O
CHEMBL4856585,AR,6.700,,1,0,Active,exact,Cc1cccc2c(-c3ccc4cccc(Cl)c4n3)c[nH]c12
CHEMBL5393959,AR,6.605,,2,0,Active,exact,C[C@](O)(Cn1nc(F)c2cc(F)ccc21)C(=O)Nc1ccc(C#N)c(C(F)(F)F)c1
CHEMBL160230,AR,8.000,,1,0,Active,exact,CCC1(C)CCc2cc3c(C(F)(F)F)cc(=O)n(C)c3cc2N1C
CHEMBL130141,AR,,6.000,0,1,,censored,CC1=CC(C)(C)Nc2ccc3c(c21)/C(=C/c1ccncc1C)Oc1ccc(F)cc1-3
CHEMBL272510,AR,7.390,,1,0,Active,exact,CC12CCC(C)(O1)[C@H]1C(=O)N(c3cccc(C(F)(F)F)c3)C(=O)[C@H]12
CHEMBL3949176,AR,7.570,,2,0,Active,exact,C[C@@]12[C@@H](CN(c3ccc(C#N)c(C(F)(F)F)c3)S1(=O)=O)[C@H]1C[C@H](F)[C@@H]2C1
CHEMBL5172944,AR,,4.602,0,1,Inactive,censored,N#Cc1ccc(-n2ccc(C(=O)Nc3ccncc3)n2)cc1C(F)(F)F
CHEMBL1164729,AR,,4.523,0,1,Inactive,censored,Cc1nc(-c2ccc(OCC(C)C)c(C#N)c2)sc1C(=O)O
CHEMBL2110824,AR,,4.523,0,1,Inactive,censored,CCNC(=O)[C@@H]1CCCN1C(=O)[C@H](CCCNC(=N)N)NC(=O)[C@H](CC(C)C)NC(=O)[C@@H](COC(C)(C)C)NC(=O)[C@H](Cc1ccc(O)cc1)NC(=O)[C@H](CO)NC(=O)[C@H](Cc1c[nH]c2ccccc12)NC(=O)[C@H](Cc1cnc[nH]1)NC(=O)[C@@H]1CCC(=O)N1
CHEMBL230053,AR,7.320,,1,0,Active,exact,N#Cc1ccc(N2C(=O)[C@@H]3[C@H](O)CCN3C2=O)cc1-c1ccccc1
CHEMBL6654,AR,8.150,,1,0,Active,exact,CCC1Nc2cc3oc(=O)cc(C(F)(F)F)c3cc2CC1C
