chembl_id,receptor,pchembl_median,pchembl_upper_bound,n_exact,n_censored,label,kind,smiles
CHEMBL3315057,GR,7.790,,5,0,Active,exact,CNC(=O)NC(=O)C(C)(C)[C@@H]1c2ccc(-c3ccc(C(=O)N4CCOCC4)cc3)nc2Oc2c(F)cccc21
CHEMBL255369,GR,9.300,,1,0,Active,exact,COC[C@]12Cc3cnn(-c4ccc(F)cc4)c3C=C1CCN(S(=O)(=O)c1ccc(C)cc1)C2
CHEMBL572355,GR,7.320,,3,1,Active,exact,C[C@]12Cn3cnc(-c4ccc(F)cc4)c3C=C1CCC[C@@H]2[C@](C)(O)C1CCOCC1
CHEMBL1644755,GR,8.340,,2,0,Active,exact,Cc1cc(-c2cccc3cc[nH]c23)c(Cl)c2c1NC(C)(C)C(=O)C2(C)C
CHEMBL1917247,GR,7.770,,3,0,Active,exact,C[C@@H]1C[C@H]2[C@@H]3CCC4=CC(=O)C=C[C@]4(C)[C@@]3(Cl)[C@@H](O)C[C@]2(C)[C@@]1(O)C(=O)CSc1nc2ccccc2s1
CHEMBL1605650,GR,,4.523,0,1,Inactive,censored,C[C@@H]1CCC[C@H](C)N1NC(=O)c1ccc(Cl)c(S(N)(=O)=O)c1
CHEMBL4073649,GR,8.535,,2,0,Active,exact,O=C(c1nccs1)[C@]12Cc3cnn(-c4ccc(F)cc4)c3C=C1CCN(S(=O)(=O)c1ccc(F)c(F)c1)C2
CHEMBL1084632,GR,7.800,,1,1,Active,exact,CCCS(=O)(=O)Nc1ccc(-c2ccc3c(cnn3-c3ccc(F)cc3)c2)c(C(F)(F)F)c1
CHEMBL97206,GR,8.400,,2,0,Active,exact,COc1cccc2c1-c1ccc3c(c1C(c1cccc(OCSC)c1)O2)C(C)=CC(C)(C)N3
CHEMBL1917416,GR,8.280,,2,0,Active,exact,Cc1ccnc(SCC(=O)[C@@]2(OC(=O)c3ccco3)CC[C@H]3[C@@H]4CCC5=CC(=O)C=C[C@]5(C)[C@H]4[C@@H](O)C[C@@]32C)n1
CHEMBL3264932,GR,4.490,,1,0,Inactive,exact,CCn1c(CCCc2ccc(-c3ccc(NS(=O)(=O)c4ccccc4)cn3)cc2)nn(Cc2ccc(C(C)(C)C)cc2)c1=O
CHEMBL1911275,GR,6.530,,6,0,Active,exact,CCN(C)C(=O)c1ccc(-c2ccc3c(n2)Oc2ccccc2[C@H]3C(C)(C)C(=O)Nc2nncs2)cc1Cl
CHEMBL271853,GR,7.580,,1,0,Active,exact,O=S(=O)(N1CCOCC1)N1CCC2=Cc3c(cnn3-c3ccc(F)cc3)CC2(Cc2ccc(F)cc2)C1
CHEMBL1682425,GR,8.220,,1,0,Active,exact,Cc1cc(-c2cccc3cc[nH]c23)c(/C=N/OC(C)(C)C)c2c1NC(C)(C)[C@H](O)[C@H]2C
CHEMBL6024040,GR,5.560,,1,0,,exact,COc1ccc(NC(=O)c2cnc3c(c(C)nn3Cc3c[nH]nn3)c2Cl)cc1
CHEMBL388017,GR,6.540,,1,0,Active,exact,COc1ccccc1-c1ccc2c(c1)C(C(C)OCCc1ccccc1Cl)=CC(C)(C)N2
CHEMBL79378,GR,8.200,,1,0,Active,exact,COc1ccc(C[C@H](O)[C@H]2CCCC3=Cc4c(cnn4-c4ccc(F)cc4)C[C@@]32C)cc1
CHEMBL363179,GR,7.750,,3,0,Active,exact,C[C@]12Cc3cnn(-c4ccc(F)cc4)c3C=C1CCC[C@@H]2[C@@H](O)c1csc2ccccc12
CHEMBL1644763,GR,6.360,,1,0,Active,exact,Cc1cc(-c2cccc3cc[nH]c23)c(Cl)c2c1NC(C)(C)CC2=O
CHEMBL267431,GR,7.070,,1,0,Active,exact,COC[C@]1(OC)CC[C@H]2[C@@H]3CCC4=CC(=O)CCC4=C3[C@@H](c3ccc(/C=N/O)cc3)C[C@@]21C
CHEMBL4213191,GR,8.150,,2,0,Active,exact,CC(C)[C@H](NC(=O)C(C)(F)F)[C@H](Oc1ccc2c(cnn2-c2ccc(F)cc2)c1)c1ccccc1
CHEMBL63932,GR,7.210,,1,0,Active,exact,CCOC(=O)c1ccc(C2Oc3cccc(OC)c3-c3ccc(NS(C)(=O)=O)cc32)cc1
CHEMBL3261405,GR,7.010,,1,0,Active,exact,Cc1nn(-c2ccccc2)c(C)c1S(=O)(=O)N[C@@H](C)COc1cccc2cnccc12
CHEMBL1917244,GR,7.460,,3,0,Active,exact,C[C@]12C=CC(=O)C=C1CC[C@@H]1[C@@H]2[C@@H](O)C[C@@]2(C)[C@H]1CC[C@]2(O)C(=O)CSc1nc2ccccc2s1
CHEMBL5266741,GR,,4.602,0,2,Inactive,censored,O=C(c1ccco1)N1CCCc2cc(N(S(=O)(=O)c3ccc(Br)cc3)S(=O)(=O)c3ccc(Br)cc3)ccc21
CHEMBL2113712,GR,5.070,,1,0,,exact,C=C1C=C(C)CC(C)(C)C1(O)Cc1ccc([N+](=O)[O-])cc1
CHEMBL1643895,GR,,4.523,0,1,Inactive,censored,Cn1cc(C(=O)[C@@H]2CCc3[nH]cnc3C2)c2ccccc21
CHEMBL1289110,GR,,4.523,0,1,Inactive,censored,CN1c2ccccc2C(NCCCCCCC(=O)O)c2ccc(Cl)cc2S1(=O)=O
CHEMBL43064,GR,,5.000,0,1,,censored,C(=C/c1ccccc1)\CN1CCN(C(c2ccccc2)c2ccccc2)CC1
CHEMBL1200732,GR,7.800,,1,0,Active,exact,CC(=O)OCC(=O)[C@@]12OC3(CCCC3)O[C@@H]1C[C@H]1[C@@H]3CCC4=CC(=O)C=C[C@]4(C)[C@@]3(F)[C@@H](O)C[C@@]12C
CHEMBL394343,GR,6.400,,1,0,Active,exact,COc1ccccc1-c1ccc2c(c1)C(C(C)OCC=C(C)C)=CC(C)(C)N2
CHEMBL1489,GR,,5.000,0,1,,censored,Nc1ncn([C@@H]2O[C@H](CO)[C@@H](O)[C@H]2O)c(=O)n1
CHEMBL3605933,GR,7.570,,2,0,Active,exact,COc1ccccc1-c1c[nH]c2c(NS(C)(=O)=O)cccc12
CHEMBL193703,GR,7.580,,1,0,Active,exact,COC[C@H]1OC2(CCC3=Cc4c(cnn4-c4ccc(F)cc4)C[C@@]32C)O[C@@H]1COC
CHEMBL1644761,GR,7.800,,3,0,Active,exact,Cc1cc(-c2cccc3cc[nH]c23)c(Cl)c2c1NC(C)(C)C(O)C2(C)C
CHEMBL1773,GR,,4.523,0,1,Inactive,censored,CCCCCOC(=O)Nc1nc(=O)n([C@@H]2O[C@H](C)[C@@H](O)[C@H]2O)cc1F
CHEMBL5081464,GR,,6.000,0,1,,censored,CC(=O)N[C@@H](Cc1cnc[nH]1)C(=O)N[C@@H](CO)C(=O)N[C@@H](CCC(N)=O)C(=O)NCC(=O)N[C@H](C(=O)N[C@@H](Cc1ccccc1)C(=O)N[C@H](C(=O)N[C@@H](CO)C(=O)N[C@@H](CC(=O)O)C(=O)N[C@@H](Cc1ccc(O)cc1)C(=O)N[C@@H](CO)C(=O)N[C@@H](CCCCN)C(=O)N[C@@H](Cc1ccc(O)cc1)C(=O)N[C@@H](CC(C)C)C(=O)N[C@@H](CC(=O)O)C(=O)N[C@@H](CO)C(=O)N[C@@H](CCCNC(=N)N)C(=O)N[C@@H](CCCNC(=N)N)CN(CC(=O)N[C@@H](CCC(N)=O)C(=O)N[C@@H](CC(=O)O)CN(CC(=O)N[C@H](C(=O)N[C@@H](CCCCN)CN(CC(=O)N[C@@H](CC(C)C)C(=O)N[C@@H](CC(C)C)CN(CC(=O)N[C@H](C(N)=O)[C@@H](C)O)S(=O)(=O)CCN)S(=O)(=O)c1ccc(Cl)cc1)C(C)C)S(=O)(=O)c1ccc(Cl)cc1)S(C)(=O)=O)[C@@H](C)O)[C@@H](C)O
CHEMBL302134,GR,6.660,,1,0,Active,exact,Cc1c(NS(C)(=O)=O)cccc1N(Cc1ccccc1)Cc1cccc(OC(F)(F)F)c1
CHEMBL833,GR,,4.523,0,1,Inactive,censored,Clc1ccccc1CN1CCc2sccc2C1
CHEMBL550082,GR,7.820,,1,0,Active,exact,CC(C)CNC(=S)NCCSCC(=O)[C@@]1(O)[C@H](C)C[C@H]2[C@@H]3CCC4=CC(=O)C=C[C@]4(C)[C@@]3(F)[C@@H](O)C[C@@]21C
CHEMBL284906,GR,,4.523,0,1,Inactive,censored,O=C(NCCO[N+](=O)[O-])c1cccnc1
CHEMBL2426115,GR,7.675,,4,0,Active,exact,CCS(=O)(=O)NCC(C)(C)[C@@H](c1ccccc1)c1ccc2c(cnn2-c2ccc(F)cc2)c1
CHEMBL201304,GR,5.700,,1,0,,exact,COc1ccc(F)cc1C(C)(C)C[C@](O)(Cc1ccc(Cl)cc1)C(F)(F)F
CHEMBL274208,GR,7.920,,1,0,Active,exact,C=CCC1Oc2ccc(OC)c(OC)c2-c2ccc3c(c21)C(C)=CC(C)(C)N3
CHEMBL3094485,GR,8.080,,2,0,Active,exact,CCC(Cc1ccc(O)c2ccccc12)NS(=O)(=O)c1c(C)cc(C)cc1C
CHEMBL4202965,GR,7.175,,2,0,Active,exact,CC(C)[C@H](NC(=O)C(C)(F)F)[C@H](Oc1ccc2c(cnn2-c2cnc(=O)n(C)c2)c1)c1ccccc1
CHEMBL208996,GR,8.090,,1,0,Active,exact,Cc1noc(=O)c2ccc(NC(=O)[C@](O)(C[C@@]3(C4CCCC4)CCCc4ccccc43)C(F)(F)F)cc12
CHEMBL1649686,GR,5.140,,1,0,,exact,C[C@H](CCC(=O)NC1CC1)[C@H]1CC[C@H]2[C@@H]3[C@@H](O)C[C@@H]4C[C@H](O)CC[C@]4(C)[C@H]3CC[C@]12C
CHEMBL4858811,GR,,4.523,0,1,Inactive,censored,N#Cc1ncc(N2C(=O)C3(CCC3)N(c3ccc(OC4CCNCC4)nc3)C2=S)cc1C(F)(F)F
CHEMBL230675,GR,8.095,,2,0,Active,exact,O=c1[nH]c(N2CCC(c3ccccc3)CC2)c(Cc2ccccc2)c(=O)[nH]1
CHEMBL118,GR,,4.523,0,1,Inactive,censored,Cc1ccc(-c2cc(C(F)(F)F)nn2-c2ccc(S(N)(=O)=O)cc2)cc1
CHEMBL262777,GR,,5.000,0,1,,censored,CN[C@H](CC(C)C)C(=O)N[C@H]1C(=O)N[C@@H](CC(N)=O)C(=O)N[C@H]2C(=O)N[C@H]3C(=O)N[C@H](C(=O)N[C@H](C(=O)O)c4cc(O)cc(O)c4-c4cc3ccc4O)[C@H](O)c3ccc(c(Cl)c3)Oc3cc2cc(c3O[C@@H]2O[C@H](CO)[C@@H](O)[C@H](O)[C@H]2O[C@H]2C[C@](C)(N)[C@H](O)[C@H](C)O2)Oc2ccc(cc2Cl)[C@H]1O
CHEMBL2426139,GR,7.960,,3,1,Active,exact,CC(C)(C(=O)Nc1nccs1)C(c1ccccc1)c1ccn2c(-c3ccccc3)ncc2c1
CHEMBL6013179,GR,,7.000,0,1,,censored,Cc1c(F)cc([C@H]2C[C@@]3(C)[C@@H](CC[C@@]3(O)C#Cc3ccc(N(C)C)cc3)[C@@H]3CCC4=CC(=O)CCC4=C32)cc1F
CHEMBL3666819,GR,9.180,,2,0,Active,exact,C[C@H](NC(=O)C(C)(F)F)[C@H](Oc1ccc2c(cnn2-c2cccc(C(=O)NC3CCS(=O)(=O)C3)c2)c1)c1ccc2c(c1)OCCO2
CHEMBL3233276,GR,7.580,,1,1,Active,exact,COc1ccc(F)cc1C(C)(C)CC(O)(Cc1cc2ccncc2[nH]1)C1CCCC1
CHEMBL7988,GR,8.420,,1,0,Active,exact,C=CCC1Oc2ccc(F)c(OC)c2-c2ccc3c(c21)C(C)=CC(C)(C)N3
CHEMBL204332,GR,6.520,,1,0,Active,exact,CCC(C)CSCC1=CC(C)(C)Nc2ccc(-c3ccccc3OC)cc21
CHEMBL4445440,GR,,4.800,0,1,Inactive,censored,C[C@@H]1COc2cc(F)ccc2N1C(=O)c1ccc2c(c1)NC(=O)CO2
CHEMBL365821,GR,7.920,,1,0,Active,exact,C[C@]12Cc3cnn(-c4ccc(F)cc4)c3C=C1CC[C@]21OC[C@H](c2ccccc2)O1
CHEMBL3358930,GR,7.335,,2,0,Active,exact,Cc1ccc(F)cc1C(C)(C)CC(O)(Cc1cc2cc(C(N)=O)ncc2[nH]1)C(F)(F)F
CHEMBL5784473,GR,7.600,,1,0,Active,exact,CN(C)c1ccc(-c2ccc3c(n2)Oc2ccccc2[C@@H]3C(C)(C)C(=O)NC(N)=O)cn1
CHEMBL1220,GR,,5.000,0,1,,censored,CCS(=O)(=O)CCn1c([N+](=O)[O-])cnc1C
CHEMBL5815058,GR,7.910,,1,0,Active,exact,CC(C)(c1nc2cncnc2[nH]1)[C@@H]1c2ccc(-c3ccc(C(=O)N4CCOCC4)cc3)nc2Oc2c(F)cccc21
CHEMBL1668064,GR,7.800,,1,0,Active,exact,Cc1cc(C)c(S(=O)(=O)N[C@@H](C)CNc2cc(C)cc3c2cnn3-c2ccc(F)cc2)c(C)c1
CHEMBL1029,GR,,4.523,0,1,Inactive,censored,CCCCN1C[C@H](O)[C@@H](O)[C@H](O)[C@H]1CO
CHEMBL286595,GR,6.820,,1,0,Active,exact,CC1=CC(C)(C)Nc2ccc3c(c21)C(c1ccc(Cl)cc1)Oc1ccccc1-3
CHEMBL17,GR,,5.000,0,1,,censored,NS(=O)(=O)c1cc(Cl)c(Cl)c(S(N)(=O)=O)c1
CHEMBL3263758,GR,,5.000,0,1,,censored,COc1nc(C2=NN(c3ccc(C#N)c(Cl)c3)[C@@H](C3CCCC3)C2)ccc1C(=O)O
CHEMBL266709,GR,7.560,,1,0,Active,exact,C=CCC1Oc2cccc(O)c2-c2ccc3c(c21)C(C)=CC(C)(C)N3
CHEMBL1501,GR,8.450,,2,0,Active,exact,CC(=O)OCC(=O)[C@@]12OC(C)(C)O[C@@H]1C[C@H]1[C@@H]3C[C@H](F)C4=CC(=O)C=C[C@]4(C)[C@@]3(F)[C@@H](O)C[C@@]12C
CHEMBL4068844,GR,8.510,,1,0,Active,exact,Cn1ncc(S(=O)(=O)N2CCC3=Cc4c(cnn4-c4ccc(F)cc4)C[C@]3(C(=O)c3cc(C(F)(F)F)ccn3)C2)n1
CHEMBL181604,GR,7.350,,2,0,Active,exact,Cc1c(NS(C)(=O)=O)cccc1N(Cc1ccc(Oc2ccccc2)cc1)Cc1ccc(F)cc1F
CHEMBL1672549,GR,6.110,,1,0,Active,exact,CC[C@@H](C)n1cc(-c2ccc(C#N)cc2)c2ccc(NS(C)(=O)=O)cc21
CHEMBL1868702,GR,8.000,,1,0,Active,exact,C#C[C@]1(O)CC[C@H]2[C@@H]3CCC4=CC(=O)CCC4=C3C=C[C@@]21CC
CHEMBL253582,GR,,4.523,0,1,Inactive,censored,OC[C@H]1O[C@@](CO)(O[C@H]2O[C@H](CO)[C@@H](O)[C@H](O)[C@H]2O)[C@@H](O)[C@@H]1O
CHEMBL4208652,GR,7.775,,6,0,Active,exact,CC(C)[C@H](NC(=O)C(F)(F)F)[C@H](Oc1ccc2c(cnn2-c2ccc(=O)n(C)c2)c1)c1cccc(Cl)c1
CHEMBL3622992,GR,,4.500,0,1,Inactive,censored,OCCN1CCc2c([nH]c3ccccc23)C1c1ccc(Cl)cc1
CHEMBL3893393,GR,9.565,,4,0,Active,exact,CCSC[C@@](O)([C@@H](Nc1cccc2nc(C)ccc12)c1ccc(OC)c(F)c1Cl)C(F)(F)F
CHEMBL3706948,GR,8.340,,1,0,Active,exact,COc1c(O)ccc2c1-c1ccc3c(c1/C(=C/c1cccc(Oc4ccccc4)c1)O2)C(C)=CC(C)(C)N3
CHEMBL5575292,GR,7.890,,1,0,Active,exact,CCN(C[C@@](O)(CNC(=O)c1cnn(-c2ccc(F)cc2)c1N)C(F)(F)F)C(=O)c1ccccc1C
CHEMBL5778551,GR,9.090,,1,0,Active,exact,CC(C)(C)Oc1ccc(-c2ccc3c(n2)Oc2c(F)cccc2[C@@H]3C(C)(C)c2nc3nccnc3[nH]2)cc1
CHEMBL2204038,GR,8.400,,1,0,Active,exact,O=c1[nH]c(=O)c(Cc2ccccc2)c([C@H]2CC[C@H](c3ccccc3)CC2)[nH]1
CHEMBL5766322,GR,7.900,,1,0,Active,exact,C[C@]12C=CC(=O)C=C1CC[C@H]1[C@@H]3C[C@H]4O[C@@H](c5ccc(Sc6cccc(N)c6)cc5)O[C@@]4(C(=O)CO)[C@@]3(C)C[C@H](O)[C@@]12F
CHEMBL81,GR,,4.523,0,1,Inactive,censored,O=C(c1ccc(OCCN2CCCCC2)cc1)c1c(-c2ccc(O)cc2)sc2cc(O)ccc12
CHEMBL308890,GR,5.960,,1,0,,exact,Cc1ccc(NS(C)(=O)=O)c(C)c1N(Cc1ccccc1)Cc1ccccc1
CHEMBL213453,GR,8.250,,1,0,Active,exact,CCCC1(CC(O)(C(=O)Nc2ccc3c(=O)onc(C)c3c2)C(F)(F)F)CCCc2ccccc21
CHEMBL6056442,GR,5.560,,1,0,,exact,CCc1nn(-c2ccccc2)c2ncc(C(=O)Nc3ccc(Cl)cc3)c(Cl)c12
CHEMBL5870288,GR,7.910,,1,0,Active,exact,C[C@]12C=CC(=O)C=C1CC[C@H]1[C@@H]3C[C@H]4O[C@@H](c5ccc(Cc6cccc(N)c6)cc5)O[C@@]4(C(=O)CO)[C@@]3(C)C[C@H](O)[C@@]12F
CHEMBL116,GR,,5.000,0,1,,censored,CC(C)CN(C[C@@H](O)[C@H](Cc1ccccc1)NC(=O)O[C@H]1CCOC1)S(=O)(=O)c1ccc(N)cc1
CHEMBL782,GR,,4.523,0,1,Inactive,censored,CCCCNC(=O)NS(=O)(=O)c1ccc(C)cc1
CHEMBL5417330,GR,7.835,,2,0,Active,exact,C[C@]12C=CC(=O)C=C1CC[C@@H]1[C@@H]2[C@@H](O)C[C@@]2(C)[C@H]1C[C@H]1O[C@H](c3ccc(Cc4cccc(N)c4)cc3)O[C@]12C(=O)CO
CHEMBL141361,GR,6.290,,1,0,Active,exact,COc1cccc2c1-c1ccc3c(c1C(CC(=O)N(C)C)O2)C(C)=CC(C)(C)N3
CHEMBL1760,GR,,4.523,0,1,Inactive,censored,CC(C)(C)NCC(O)c1cc(O)cc(O)c1
CHEMBL304843,GR,6.500,,1,0,Active,exact,Cc1c(NS(=O)(=O)C(C)C)cccc1N(Cc1ccccc1)Cc1ccccc1
CHEMBL511812,GR,7.725,,2,0,Active,exact,CC[C@@]12C[C@H](O)[C@](O)(c3ccccc3)C[C@H]1CCc1cc(O)ccc12
CHEMBL2022656,GR,9.050,,1,0,Active,exact,C[C@]12Cc3cnn(-c4ccccc4)c3C=C1CC[C@@H]1[C@@H]2[C@@H](O)C[C@@]2(C)[C@H]1CC[C@]2(O)C(=O)CSc1nc2ncccc2o1
CHEMBL3315054,GR,7.745,,6,0,Active,exact,CC(C)(C(=O)NC(=O)C1CC1)[C@@H]1c2ccc(-c3ccc(C(=O)N4CCOCC4)cc3)nc2Oc2c(F)cccc21
CHEMBL76688,GR,,4.523,0,1,Inactive,censored,CC(C)(C)C(=O)Oc1ccc(S(=O)(=O)Nc2ccccc2C(=O)NCC(=O)O)cc1
CHEMBL430004,GR,6.730,,1,0,Active,exact,COc1ccccc1-c1ccc2c(c1)C(C(C)OCCc1ccc(Cl)cc1)=CC(C)(C)N2
CHEMBL113,GR,,4.523,0,1,Inactive,censored,Cn1c(=O)c2c(ncn2C)n(C)c1=O
CHEMBL5741025,GR,8.440,,1,0,Active,exact,CCCCNC(=O)NC(=O)C(C)(C)[C@@H]1c2ccc(-c3ccc(C(=O)N4CCOCC4)cc3)nc2Oc2c(F)cccc21
CHEMBL5821830,GR,8.050,,2,0,Active,exact,CC(C)[C@H](NC(=O)C(C)(F)F)[C@H](Oc1ccc2c(cnn2-c2ccc(=O)n(C)c2)c1)c1cc(F)cc(Cl)c1
CHEMBL3261411,GR,8.160,,3,0,Active,exact,Cc1cc(C)c(S(=O)(=O)N[C@@H](C)CNc2cccc3c2cnn3-c2cncnc2)c(C)c1
CHEMBL5274089,GR,6.980,,2,1,Active,exact,COc1cc(C)c(Cl)cc1S(=O)(=O)Nc1ccc2c(c1)CCCN2C(=O)c1ccncc1
CHEMBL2106822,GR,,4.523,0,1,Inactive,censored,CCN(CC)Cc1nccn1-c1ccc([N+](=O)[O-])cc1C(=O)c1ccccc1Cl
CHEMBL3315067,GR,7.845,,6,0,Active,exact,CC(C)(C(=O)NC(N)=O)[C@@H]1c2ccc(-c3ccc(C(=O)N4CCCC4)nc3)nc2Oc2c(F)cccc21
CHEMBL443,GR,,4.523,0,1,Inactive,censored,Cc1cc(NS(=O)(=O)c2ccc(N)cc2)no1
CHEMBL4205353,GR,7.410,,1,0,Active,exact,CC(C)[C@H](NC(=O)C(C)(F)F)[C@H](Oc1ccc2c(cnn2-c2ccns2)c1)c1ccccc1
CHEMBL5090987,GR,9.225,,2,0,Active,exact,CC(C)C[C@@H](CN(CC(=O)N[C@H](C(N)=O)[C@@H](C)O)S(=O)(=O)CCN)NC(=O)[C@H](CC(C)C)NC(=O)[C@H](Cc1c[nH]c2ccccc12)NC(=O)[C@H](CCC(N)=O)NC(=O)[C@@H](NC(=O)[C@H](Cc1ccccc1)NC(=O)[C@H](CC(=O)O)NC(=O)[C@H](CCC(N)=O)NC(=O)[C@H](C)NC(=O)[C@H](CCCNC(=N)N)NC(=O)[C@H](CCCNC(=N)N)NC(=O)[C@H](CO)NC(=O)[C@H](CC(=O)O)NC(=O)[C@H](CC(C)C)NC(=O)[C@H](Cc1ccc(O)cc1)NC(=O)[C@H](CCCCN)NC(=O)[C@H](CO)NC(=O)[C@H](Cc1ccc(O)cc1)NC(=O)[C@H](CC(=O)O)NC(=O)[C@H](CO)NC(=O)[C@@H](NC(=O)[C@H](Cc1ccccc1)NC(=O)[C@@H](NC(=O)CNC(=O)[C@H](CCC(N)=O)NC(=O)C(C)(C)NC(=O)[C@@H](N)Cc1cnc[nH]1)[C@@H](C)O)[C@@H](C)O)C(C)C
CHEMBL314010,GR,,5.000,0,1,,censored,COc1ccc(CCNCC(O)COc2cccc(C)c2)cc1OC
CHEMBL3093449,GR,,5.000,0,1,,censored,Cc1cc(C)c(S(=O)(=O)NC(Cc2c[nH]c3cccc(C#N)c23)C(F)(F)F)c(C)c1
CHEMBL235480,GR,7.220,,1,0,Active,exact,COc1ccc(F)cc1C(C)(C)CC(O)(Cc1cc(Cl)cc(Cl)c1)C(F)(F)F
CHEMBL51788,GR,5.640,,1,0,,exact,C=C1CCC[C@@H](C)[C@@H]1Cc1cc(OC)c(Br)cc1O
CHEMBL373083,GR,7.320,,1,0,Active,exact,Cc1ccccc1CC(O)(CC(C)(C)c1cc(F)ccc1O)C(=O)Nc1ccc2c(c1)COC2=O
CHEMBL2204058,GR,7.750,,1,0,Active,exact,O=c1[nH]c(=O)c(Cc2cccc(C(F)(F)F)n2)c([C@H]2CC[C@@H](c3ccccc3)CC2)[nH]1
CHEMBL4159692,GR,8.070,,1,0,Active,exact,CCC#C[C@]1(O)CC[C@H]2[C@@H]3CCC4=CC(=O)CCC4=C3[C@@H](c3ccc(N(C)C)cc3)C[C@@]21C
CHEMBL511982,GR,7.770,,1,1,Active,exact,CC#C[C@@]1(O)CC[C@@]2(C)c3ccc(O)cc3CC[C@@H]2C1
CHEMBL6051936,GR,7.820,,2,0,Active,exact,C[C@]12C=CC(=O)C=C1[C@@H](F)C[C@H]1[C@@H]3C[C@H]4O[C@H](c5ccc(Cc6cccc(N)c6)cc5)O[C@@]4(C(=O)CO)[C@@]3(C)C[C@H](O)[C@@]12F
CHEMBL5886801,GR,7.990,,1,0,Active,exact,CNc1ccc(Cc2ccc([C@@H]3O[C@@H]4C[C@H]5[C@@H]6C[C@H](F)C7=CC(=O)C=C[C@]7(C)[C@@]6(F)[C@@H](O)C[C@]5(C)[C@]4(C(=O)CO)O3)cc2)cc1
CHEMBL5941192,GR,7.240,,1,0,Active,exact,CC(C)(c1nc2nccnc2[nH]1)[C@@H]1c2ccc(-c3ccc(C(=O)N4CCOCC4)cc3)nc2Oc2c(F)cccc21
CHEMBL5832037,GR,,5.000,0,1,,censored,CC1(C)C(=O)N(c2ccc(C#N)c(C(F)(F)F)c2)C(=S)N1c1ccc(CNC(=O)c2ncc[nH]2)c(F)c1
CHEMBL247006,GR,8.000,,1,0,Active,exact,CC(C)(C)c1ccc(S(=O)(=O)N2CCC3=CC(=O)CCC3(Cc3ccc(N4CCOCC4)cc3)C2)cc1
CHEMBL5904087,GR,8.760,,1,0,Active,exact,CC(C)(C(=O)NC(N)=O)[C@H]1c2ccccc2Oc2nc(-c3ccc(-c4ccccc4)cc3)ccc21
CHEMBL139,GR,,4.523,0,1,Inactive,censored,O=C(O)Cc1ccccc1Nc1c(Cl)cccc1Cl
CHEMBL137,GR,,5.000,0,1,,censored,Cc1ncc([N+](=O)[O-])n1CCO
CHEMBL1800987,GR,8.220,,1,3,Active,exact,CC(C)(C(=O)Nc1nncs1)C1c2ccccc2Oc2ccccc21
CHEMBL6048274,GR,,5.301,0,1,,censored,Cc1nn(-c2ccccc2)c2ncc(C(=O)Nc3ccc(Cl)cc3)c(O)c12
CHEMBL197312,GR,8.260,,1,0,Active,exact,CC[C@H]1OC2(CCCC3=Cc4c(cnn4-c4ccc(F)cc4)C[C@@]32C)O[C@@H]1CC
CHEMBL1668080,GR,7.800,,1,0,Active,exact,Cc1cc(C)c(S(=O)(=O)N[C@@H](C)CNc2cc(C)cc3c2cnn3-c2cccc(N[C@H](C)C(N)=O)c2)c(C)c1
CHEMBL2204060,GR,7.620,,1,0,Active,exact,Cn1c(=O)[nH]c([C@H]2CC[C@@H](c3ccccc3)CC2)c(Cc2ccccc2)c1=O
CHEMBL2024026,GR,7.780,,2,0,Active,exact,C[C@]12CCC(=O)C=C1CC[C@@H]1[C@@H]2[C@@H](O)C[C@@]2(C)[C@H]1CC[C@]2(O)C(=O)CSc1nc2ncccc2s1
CHEMBL411825,GR,8.680,,1,0,Active,exact,C[C@]12Cc3cnn(-c4ccc(F)cc4)c3C=C1CC[C@@H]2[C@H](O)c1ccsc1
CHEMBL35228,GR,,4.523,0,1,Inactive,censored,COc1ccc2nc3cc(Cl)ccc3c(Nc3cc(CN4CCCC4)c(O)c(CN4CCCC4)c3)c2n1
CHEMBL386630,GR,5.840,,3,0,,exact,C[C@]12CC[C@H]3[C@@H](CCC4=CC(=O)CC[C@@]43C)[C@@H]1CC[C@@H]2O
CHEMBL5633111,GR,,5.000,0,1,,censored,CC(C)CN(c1ccc(-c2ccc(OCC(=O)O)c(F)c2)cc1)S(=O)(=O)c1c(Cl)cccc1Cl
CHEMBL3605922,GR,6.180,,1,0,Active,exact,COc1ccc(F)cc1-c1c[nH]c2c(NC(C)=O)cccc12
CHEMBL50619,GR,5.390,,1,0,,exact,C=C1C(C)=CCC(C)(C)[C@@H]1Cc1cc(OC)c(Br)cc1OC(C)=O
CHEMBL273348,GR,,4.523,0,1,Inactive,censored,NC1CCN(c2nc3c(cc2F)c(=O)c(C(=O)O)cn3-c2ccc(F)cc2F)C1
CHEMBL1986706,GR,,4.523,0,1,Inactive,censored,O=C(O)c1ccccc1Nc1cc(Cl)ccc1C(=O)O
CHEMBL559,GR,4.600,,1,0,Inactive,exact,N[C@H](Cc1cc(I)c(Oc2cc(I)c(O)c(I)c2)c(I)c1)C(=O)O
CHEMBL2147554,GR,7.820,,1,0,Active,exact,CNC(=O)c1cccc(CC[C@]2(O)CCC3=Cc4c(cnn4-c4ccc(F)cc4)C[C@@]32C)c1
CHEMBL294112,GR,5.920,,1,0,,exact,COC(=O)c1cccc2c1-c1ccc(NS(C)(=O)=O)cc1C(c1ccccc1)O2
CHEMBL469,GR,,5.000,0,1,,censored,O=C(c1ccccc1)c1ccc2n1CCC2C(=O)O
CHEMBL8260,GR,4.720,,1,0,Inactive,exact,O=c1cc(-c2ccccc2)oc2cc(O)c(O)c(O)c12
CHEMBL5926889,GR,6.560,,1,0,Active,exact,Cn1nc(Cl)c2c(Cl)c(C(=O)Nc3ccc(C(F)(F)F)cc3)cnc21
CHEMBL194114,GR,7.190,,1,0,Active,exact,C[C@]12Cc3cnn(-c4ccc(F)cc4)c3C=C1CC[C@@]21OC[C@H](c2ccccc2)O1
CHEMBL5796244,GR,6.560,,1,0,Active,exact,Cc1nn(Cc2nccn2C)c2ncc(C(=O)Nc3ccc(C(F)(F)F)cc3)c(Cl)c12
CHEMBL468,GR,,4.523,0,1,Inactive,censored,O=C1CCC(N2C(=O)c3ccccc3C2=O)C(=O)N1
CHEMBL1584,GR,,4.523,0,1,Inactive,censored,CC(=O)c1ccc2c(c1)N(CCCN1CCC(CCO)CC1)c1ccccc1S2
CHEMBL3605931,GR,5.850,,1,0,,exact,COc1ccc(-c2c[nH]c3c(NS(C)(=O)=O)cccc23)cc1F
CHEMBL3647441,GR,8.910,,1,0,Active,exact,Cc1ncccc1NC(=O)c1ccc2c(c1)CC[C@@H]1C[C@@](O)(CCC(F)(F)F)CC[C@@]21Cc1ccccc1
CHEMBL434394,GR,,4.523,0,1,Inactive,censored,OC(CNCC(O)C1CCc2cc(F)ccc2O1)C1CCc2cc(F)ccc2O1
CHEMBL5972470,GR,6.560,,1,0,Active,exact,CC(C)c1ccc(NC(=O)c2cnc3c(c(Cl)nn3C3CCOCC3)c2Cl)cc1
CHEMBL271428,GR,9.100,,1,0,Active,exact,COC[C@]12Cc3cnn(-c4ccc(F)cc4)c3C=C1CCN(S(=O)(=O)c1ccc(C(F)(F)F)cc1)C2
CHEMBL8637,GR,8.180,,1,0,Active,exact,C=CCC1Oc2ccc(CO)c(OC)c2-c2ccc3c(c21)C(C)=CC(C)(C)N3
CHEMBL1684358,GR,7.860,,3,0,Active,exact,C[C@H]1c2c(cc(F)c(-c3cccc4cc[nH]c34)c2F)NC(C)(C)[C@@H]1OC(=O)Nc1cccc(C#N)c1
CHEMBL5877956,GR,6.560,,1,0,Active,exact,O=C(Nc1ccc(Cl)cc1)c1cnc2c(cnn2C2CCN(Cc3ccccc3)CC2)c1Cl
CHEMBL404271,GR,,4.523,0,1,Inactive,censored,C[C@H]1O[C@H](O[C@H]2[C@H](O)[C@@H](O)[C@@H](O[C@H]3[C@H](O)[C@@H](O)C(O)O[C@@H]3CO)O[C@@H]2CO)[C@H](O)[C@@H](O)[C@@H]1N[C@H]1C=C(CO)[C@@H](O)[C@H](O)[C@H]1O
CHEMBL4524233,GR,,6.000,0,1,,censored,O[C@H]1C(Cc2ccccc2)(Cc2ccccc2)CCC[C@]12C=Cc1c(cnn1-c1ccc(F)cc1)C2
CHEMBL1771,GR,,4.523,0,1,Inactive,censored,COC(=O)[C@H](c1ccccc1Cl)N1CCc2sccc2C1
CHEMBL5907216,GR,,5.301,0,1,,censored,COc1c(C(=O)Nc2ccc(C(F)(F)F)cc2)ncc2c1cnn2-c1ccccc1
CHEMBL3093455,GR,6.470,,1,1,Active,exact,Cc1cc(C)c(S(=O)(=O)NC(Cn2ccc3ncccc32)C(F)(F)F)c(C)c1
CHEMBL1682423,GR,8.160,,1,0,Active,exact,CO/N=C/c1c(-c2cccc3cc[nH]c23)cc(C)c2c1[C@H](C)[C@@H](O)C(C)(C)N2
CHEMBL28218,GR,,4.523,0,1,Inactive,censored,O=C(CCCN1CCC(O)(c2ccc(Br)cc2)CC1)c1ccc(F)cc1
CHEMBL1201224,GR,,4.523,0,1,Inactive,censored,CO/N=C(\C(=O)N[C@@H]1C(=O)N2C(C(=O)O)=C(CSc3nnnn3C)CS[C@H]12)c1csc(N)n1
CHEMBL3582116,GR,6.990,,2,0,Active,exact,Cc1ncn(C)c1-c1cc2c(c3c1CCC3)NC(C)(C)C(=O)C2(C)C
CHEMBL4217175,GR,8.945,,2,0,Active,exact,C[C@]12C=CC(=O)C=C1[C@@H](F)C[C@H]1[C@@H]3C[C@H]4CN(Cc5ccc(CSc6ccc(O)cc6)cc5)C[C@@]4(C(=O)CO)[C@@]3(C)C[C@H](O)[C@@]12F
CHEMBL537949,GR,7.920,,1,0,Active,exact,C[C@@H]1C[C@H]2[C@@H]3CCC4=CC(=O)C=C[C@]4(C)[C@@]3(F)[C@@H](O)C[C@]2(C)[C@@]1(O)C(=O)CSCCNC(=S)NCCCN(C)CCCNC(=O)CCNC(=O)c1cc(NC(=O)c2cc(NC(=O)c3nccn3C)cn2C)cn1C
CHEMBL1940691,GR,7.330,,1,0,Active,exact,C[C@@H]1C[C@H]2[C@@H]3CCC4=CC(=O)C=C[C@]4(C)[C@H]3[C@@H](O)C[C@]2(C)[C@@]1(O)C(=O)CSc1ccc2ccccc2n1
CHEMBL6004118,GR,8.410,,1,0,Active,exact,CC(C)(c1nc2nccnc2[nH]1)[C@@H]1c2ccc(-c3ccncc3)nc2Oc2c(F)cccc21
CHEMBL5774811,GR,6.560,,1,0,Active,exact,Cc1nn(-c2ccccc2)c2ncc(C(=O)Nc3ccc(C#N)cc3)c(Cl)c12
CHEMBL583859,GR,6.550,,3,1,Active,exact,C[C@]12Cn3cnc(-c4ccc(F)cc4)c3C=C1CCC[C@@H]2[C@](C)(O)c1ccccn1
CHEMBL2311179,GR,6.880,,1,0,Active,exact,C[C@]12CCC3=C4CCC(=O)C=C4CC[C@H]3[C@@H]1CC[C@@H]2O
CHEMBL661,GR,,4.523,0,1,Inactive,censored,Cc1nnc2n1-c1ccc(Cl)cc1C(c1ccccc1)=NC2
CHEMBL385450,GR,8.510,,1,0,Active,exact,CCCCC1(CC(O)(C(=O)Nc2ccc3c(=O)onc(C)c3c2)C(F)(F)F)CCCc2ccccc21
CHEMBL3582120,GR,7.270,,2,0,Active,exact,CC1(C)Nc2c(cc(-c3cccn4nccc34)c3c2CCC3)C(C)(C)C1=O
CHEMBL5989442,GR,6.560,,1,0,Active,exact,Cc1nn(-c2ccc(F)cc2)c2ncc(C(=O)Nc3ccc(O)cc3)c(Cl)c12
CHEMBL1766,GR,8.760,,2,0,Active,exact,C[C@@H]1C[C@H]2[C@@H]3CCC4=CC(=O)C=C[C@]4(C)[C@@]3(F)[C@@H](O)C[C@]2(C)[C@H]1C(=O)CO
CHEMBL23,GR,,4.523,0,1,Inactive,censored,COc1ccc([C@@H]2Sc3ccccc3N(CCN(C)C)C(=O)[C@@H]2OC(C)=O)cc1
CHEMBL5761394,GR,,5.000,0,1,,censored,Cc1ncc(C(=O)NCc2ccc(N3C(=S)N(c4ccc(C#N)c(C(F)(F)F)c4)C(=O)C3(C)C)cc2F)s1
CHEMBL86715,GR,,5.000,0,1,,censored,OC(CCN1CCCC1)(c1ccccc1)C1CCCCC1
CHEMBL109,GR,,4.523,0,1,Inactive,censored,CCCC(CCC)C(=O)O
CHEMBL263942,GR,8.960,,1,0,Active,exact,C#C[C@]1(O)CC[C@H]2[C@@H]3CCC4=CC(=O)CCC4=C3[C@@H](c3ccc(N(C)C(=O)CNC(=O)O[C@@H]4C[C@@H]5CC(O)CC[C@]5(C)[C@H]5C[C@H](O)[C@]6(C)[C@@H]([C@H](C)CCC(=O)O)CC[C@H]6[C@H]45)cc3)C[C@@]21C
CHEMBL1509,GR,7.110,,1,0,Active,exact,C[C@]12CCC(=O)C=C1[C@@H]1C[C@@H]1[C@H]1[C@@H]3[C@@H]4C[C@@H]4[C@@]4(CCC(=O)O4)[C@@]3(C)CC[C@@H]12
CHEMBL3706947,GR,8.390,,1,0,Active,exact,COc1c(O)ccc2c1-c1ccc3c(c1/C(=C/c1cccc(OC(F)(F)F)c1)O2)C(C)=CC(C)(C)N3
CHEMBL1917243,GR,7.730,,3,0,Active,exact,C[C@]12CCC(=O)C=C1CC[C@H]1[C@@H]3CC[C@](O)(C(=O)CSc4nc5ccccc5s4)[C@@]3(C)C[C@H](O)[C@@]12F
CHEMBL137890,GR,8.050,,1,0,Active,exact,C/C=C/C1Oc2cccc(OC)c2-c2ccc3c(c21)C(C)=CC(C)(C)N3
CHEMBL5757487,GR,8.000,,1,0,Active,exact,C[C@]12C=CC(=O)C=C1[C@@H](F)C[C@H]1[C@@H]3C[C@H]4O[C@H](c5ccc(Cc6ccc(N)cc6)cc5)O[C@@]4(C(=O)CO)[C@@]3(C)C[C@H](O)[C@@]12F
CHEMBL293452,GR,8.700,,1,0,Active,exact,COc1cccc2c1-c1ccc(NS(C)(=O)=O)cc1C(c1cc(C)cc(C)c1)O2
CHEMBL316561,GR,,4.523,0,1,Inactive,censored,CCCN(CCC)C(=O)C(CCC(=O)O)NC(=O)c1ccccc1
CHEMBL1084360,GR,8.000,,1,1,Active,exact,CS(=O)(=O)Nc1ccc(-c2ccc3c(cnn3-c3ccc(F)cc3)c2)c(C(F)(F)F)c1
CHEMBL5767164,GR,6.560,,1,0,Active,exact,Cc1nn(C2CCN(C(=O)OC(C)(C)C)CC2)c2ncc(C(=O)Nc3ccc(C(C)C)cc3)c(Cl)c12
CHEMBL695,GR,,5.000,0,1,,censored,CN1C(=O)OC(C)(C)C1=O
CHEMBL1201284,GR,,4.523,0,1,Inactive,censored,C[C@@H](NCCCc1cccc(C(F)(F)F)c1)c1cccc2ccccc12
CHEMBL5080959,GR,9.975,,2,0,Active,exact,CC(C)C[C@@H](CN(CC(=O)N[C@H](C(N)=O)[C@@H](C)O)S(=O)(=O)CCN)NC(=O)[C@H](CC(C)C)NC(=O)[C@H](Cc1c[nH]c2ccccc12)NC(=O)[C@H](CCC(N)=O)NC(=O)[C@@H](NC(=O)[C@H](Cc1ccccc1)NC(=O)[C@H](CC(=O)O)NC(=O)[C@H](CCC(N)=O)NC(=O)[C@H](C)NC(=O)[C@H](CCCNC(=N)N)NC(=O)[C@H](CCCNC(=N)N)NC(=O)[C@H](CO)NC(=O)[C@H](CC(=O)O)NC(=O)[C@H](CC(C)C)NC(=O)[C@H](Cc1ccc(O)cc1)NC(=O)[C@H](CCCCN)NC(=O)[C@H](CO)NC(=O)[C@H](Cc1ccc(O)cc1)NC(=O)[C@H](CC(=O)O)NC(=O)[C@H](CO)NC(=O)[C@@H](NC(=O)[C@H](Cc1ccccc1)NC(=O)[C@@H](NC(=O)CNC(=O)[C@H](CCC(N)=O)NC(=O)[C@H](CO)NC(=O)[C@@H](N)Cc1cnc[nH]1)[C@@H](C)O)[C@@H](C)O)C(C)C
CHEMBL1911154,GR,7.700,,5,0,Active,exact,CN(C)c1ccc(-c2ccc3c(n2)Oc2ccccc2[C@@H]3C(C)(C)C(=O)Nc2nncs2)cc1
CHEMBL4204087,GR,8.975,,2,0,Active,exact,C[C@]12C=CC(=O)C=C1[C@@H](F)C[C@H]1[C@@H]3C[C@H]4CN(Cc5ccccc5)C[C@@]4(C(=O)CO)[C@@]3(C)C[C@H](O)[C@@]12F
CHEMBL8739,GR,,4.523,0,1,Inactive,censored,CC/C=C\C/C=C\C/C=C\CCCCCCCC(=O)O
CHEMBL5846778,GR,6.560,,1,0,Active,exact,O=C(Nc1ccc(Cl)cc1)c1cnc2c(cnn2Cc2nccn2Cc2ccccc2)c1Cl
CHEMBL5267245,GR,5.730,,1,0,,exact,C#CC1=C(SCC(=O)c2ccccc2)NC(C)=C(C(C)=O)C1c1cccs1
CHEMBL5876438,GR,6.560,,1,0,Active,exact,CC(C)(C)OC(=O)N1CCC(n2ncc3c(Cl)c(C(=O)Nc4ccc(Cl)cc4)cnc32)CC1
CHEMBL2104523,GR,,4.523,0,1,Inactive,censored,CCOc1cc(N)c([N+](=O)[O-])cc1C(=O)NC1CCN(CC2CC=CCC2)CC1
CHEMBL2426656,GR,7.330,,4,0,Active,exact,CC(C)CCn1ncc2cc(C(c3ccccc3)C(C)(C)C(=O)Nc3nncs3)ccc21
CHEMBL4089731,GR,7.920,,1,0,Active,exact,Cn1ncc(S(=O)(=O)N2CC[C@H]3Cc4c(cnn4-c4ccc(F)cc4)C[C@]3(C(=O)c3cc(C(F)(F)F)ccn3)C2)n1
CHEMBL595,GR,,4.523,0,1,Inactive,censored,CCc1ccc(CCOc2ccc(CC3SC(=O)NC3=O)cc2)nc1
CHEMBL428191,GR,,5.000,0,1,,censored,CC(Cc1c[nH]c2ccccc12)NS(=O)(=O)c1ccc([N+](=O)[O-])cc1
CHEMBL1801008,GR,7.800,,5,0,Active,exact,CC(C)(C(=O)Nc1nccs1)[C@@H](c1ccccc1)c1ccc(O)c(F)c1
CHEMBL1729,GR,,4.523,0,1,Inactive,censored,COc1cc(N)c(Cl)cc1C(=O)NC1CCN(CCCOc2ccc(F)cc2)CC1OC
CHEMBL1911276,GR,7.540,,5,1,Active,exact,CC(C)(C(=O)Nc1nncs1)[C@H]1c2ccccc2Oc2nc(-c3ccc(C(=O)N4CCCCC4)cc3)ccc21
CHEMBL183510,GR,8.680,,1,0,Active,exact,Cc1c(NS(C)(=O)=O)cccc1N(Cc1ccccc1)Cc1ccc(Oc2ccc(OC[C@@H]3C[C@@H](O)CC(=O)O3)cc2)cc1
CHEMBL1499,GR,5.795,,2,0,,exact,C[C@]12CCC(=O)C=C1CC[C@@H]1[C@@H]2C(=O)C[C@@]2(C)[C@H]1CC[C@]2(O)C(=O)CO
CHEMBL1911548,GR,7.785,,2,0,Active,exact,COc1ccc(F)cc1C(C)(C)CC(O)(Cc1cc2c(C)cccc2[nH]1)C(F)(F)F
CHEMBL1645399,GR,8.000,,1,0,Active,exact,Cc1noc(C)c1S(=O)(=O)N[C@H](C)c1ccc(-c2cccnc2OC(F)F)cc1
CHEMBL1670,GR,5.850,,1,0,,exact,Clc1ccc(C(c2ccccc2Cl)C(Cl)Cl)cc1
CHEMBL245266,GR,7.920,,3,0,Active,exact,CC#C[C@]1(O)CC[C@H]2[C@@H]3CCC4=CC(=O)CCC4=C3[C@@H](c3ccc(N(C)Cc4ccc(C(=O)O)cc4)cc3)C[C@@]21C
CHEMBL42,GR,,4.523,0,1,Inactive,censored,CN1CCN(C2=Nc3cc(Cl)ccc3Nc3ccccc32)CC1
CHEMBL396029,GR,7.190,,2,1,Active,exact,CC(Cc1c[nH]c2ccccc12)NS(=O)(=O)c1c(Cl)cc(Cl)cc1Cl
CHEMBL364368,GR,9.400,,1,0,Active,exact,C#C[C@]1(O)CC[C@H]2[C@@H]3CCC4=CC(=O)CCC4=C3[C@@H](c3ccc(N(C)C(C)=O)cc3)C[C@@]21C
CHEMBL403762,GR,7.660,,1,0,Active,exact,Cc1ccccc1S(=O)(=O)N1CCC2=Cc3c(cnn3-c3ccc(F)cc3)C[C@]2(C)C1
CHEMBL3421883,GR,7.450,,1,1,Active,exact,C=CC[C@]1(O)C[C@H]2CCc3cc(O)ccc3[C@]2(CC)C[C@@]1(C)O
CHEMBL185073,GR,,5.000,0,1,,censored,CC(=O)O[C@H]1C[C@@H]2CC[C@@H]3[C@H](CC[C@@]4(C)[C@H]3C[C@H]([N+]3(C)CCCCC3)[C@@H]4OC(C)=O)[C@@]2(C)C[C@@H]1[N+]1(C)CCCCC1
CHEMBL5991276,GR,5.560,,1,0,,exact,Cc1nn(-c2ccccc2)c2ncc(C(=O)NCCCc3ccccc3)c(Cl)c12
CHEMBL1911271,GR,6.035,,2,3,Active,exact,CN(C)C(=O)c1ccc(-c2ccc3c(n2)Oc2ccccc2[C@H]3C(C)(C)C(=O)Nc2nncs2)cc1
CHEMBL1428,GR,5.070,,1,0,,exact,COCCOC(=O)C1=C(C)NC(C)=C(C(=O)OC(C)C)C1c1cccc([N+](=O)[O-])c1
CHEMBL4061359,GR,10.340,,2,0,Active,exact,C[C@H](NC(=O)C(F)(F)F)[C@H](Oc1ccc2c(cnn2-c2ccc(F)cc2)c1)c1ccc2c(c1)OCCO2
CHEMBL3358952,GR,6.580,,1,1,Active,exact,CC(C)(CC(O)(Cc1cc2cc(S(C)(=O)=O)ncc2[nH]1)C(F)(F)F)c1cccc2c1S(=O)(=O)CC2
CHEMBL2087293,GR,6.060,,1,0,Active,exact,O=C(O)Cc1cc(Br)c(N(Cc2ccc(Oc3ccc(Br)cc3Br)cc2)Cc2cc(F)cc(F)c2)c(Br)c1
CHEMBL79807,GR,8.210,,5,0,Active,exact,C[C@]12Cc3cnn(-c4ccc(F)cc4)c3C=C1CCC[C@@H]2[C@@H](O)c1ccc(F)cc1
CHEMBL3647449,GR,6.050,,1,0,Active,exact,Cc1ncccc1NC(=O)c1ccc2c(c1)CC[C@@H]1C[C@@](OC(=O)OCC(C)C)(C(F)(F)F)CC[C@@]21Cc1ccccc1
CHEMBL3735549,GR,8.705,,2,0,Active,exact,Cc1ccccc1S(=O)(=O)N1CCC2=Cc3c(cnn3-c3ccc(F)cc3)C[C@]2(C(=O)c2ccccn2)C1
CHEMBL1165268,GR,,5.000,0,1,,censored,O=C(CCCCC(=O)Nc1c(I)cc(I)c(C(=O)O)c1I)Nc1c(I)cc(I)c(C(=O)O)c1I
CHEMBL1085593,GR,,5.000,0,1,,censored,CC1(C)CN(Cc2ccccc2)C(=O)[C@@H]1Oc1ccc(C#N)c(C(F)(F)F)c1
CHEMBL296419,GR,,4.523,0,1,Inactive,censored,COc1ccc(CCN2CCC(Nc3nc4ccccc4n3Cc3ccc(F)cc3)CC2)cc1
CHEMBL460,GR,,4.523,0,1,Inactive,censored,CCc1c(C)[nH]c2c1C(=O)C(CN1CCOCC1)CC2
CHEMBL5089706,GR,,6.000,0,1,,censored,CC(=O)N[C@@H](Cc1cnc[nH]1)C(=O)N[C@@H](CO)C(=O)N[C@@H](CCC(N)=O)C(=O)NCC(=O)N[C@H](C(=O)N[C@@H](Cc1ccccc1)C(=O)N[C@H](C(=O)N[C@@H](CO)C(=O)N[C@@H](CC(=O)O)C(=O)N[C@@H](Cc1ccc(O)cc1)C(=O)N[C@@H](CO)C(=O)N[C@@H](CCCCN)C(=O)N[C@@H](Cc1ccc(O)cc1)C(=O)N[C@@H](CC(C)C)C(=O)N[C@@H](CC(=O)O)C(=O)N[C@@H](CO)C(=O)N[C@@H](CCCNC(=N)N)C(=O)N[C@@H](CCCNC(=N)N)C(=O)N[C@@H](C)C(=O)N[C@@H](CCC(N)=O)C(=O)N[C@@H](CC(=O)O)CN(CC(=O)N[C@H](C(=O)N[C@@H](CCCCN)CN(CC(=O)N[C@@H](CC(C)C)C(=O)N[C@@H](CC(C)C)CN(CC(=O)N[C@H](C(N)=O)[C@@H](C)O)S(=O)(=O)CCN)S(=O)(=O)c1ccc(Cl)cc1)C(C)C)S(=O)(=O)c1ccc(Cl)cc1)[C@@H](C)O)[C@@H](C)O
CHEMBL5815082,GR,8.620,,1,0,Active,exact,CC(C)(C(=O)NC(N)=O)[C@H]1c2ccccc2Oc2nc(-c3ccc(C(=O)N4CCOCC4)c(F)c3)ccc21
CHEMBL247599,GR,6.670,,1,0,Active,exact,COc1ccc(S(=O)(=O)N2CCC3=CC(=O)CCC3(Cc3ccccc3)C2)cc1
CHEMBL473802,GR,6.750,,2,2,Active,exact,C[C@]1(C(=O)Nc2nccs2)CC2(C#N)c3ccccc3C1c1ccccc12
CHEMBL2426629,GR,7.265,,2,0,Active,exact,Cc1nnc(NC(=O)C(C)(C)C(c2ccccc2)c2ccc3c(cnn3-c3ccc(F)cc3)c2)s1
CHEMBL3126950,GR,7.975,,2,0,Active,exact,Cc1ccc(F)cc1C(C)(C)CC(O)(Cc1cc2nnccc2[nH]1)C(F)(F)F
CHEMBL19299,GR,,4.523,0,1,Inactive,censored,CC(C(=O)O)c1ccc(CC2CCCC2=O)cc1
CHEMBL4086388,GR,10.245,,2,0,Active,exact,C[C@H](NC(=O)C(C)(F)F)[C@H](Oc1ccc2c(cnn2-c2ccc(F)cc2)c1)c1ccc2c(c1)OCC2
CHEMBL2023616,GR,8.700,,1,0,Active,exact,C[C@]12Cc3cnn(-c4ccc(F)cc4)c3C=C1CC[C@@H]1[C@@H]2[C@@H](O)C[C@@]2(C)[C@H]1CC[C@]2(O)C(=O)CSc1cnc2ccccc2n1
CHEMBL1495,GR,,5.000,0,1,,censored,CN1CCCN=C1COC(=O)C(O)(c1ccccc1)C1CCCCC1
CHEMBL6191979,GR,,5.000,0,1,,censored,Cc1nc(-c2cc(F)c(F)c(O)c2F)sc1C(=O)N(Cc1ccc(Cl)cc1)C(C)C
CHEMBL1096,GR,,4.523,0,1,Inactive,censored,CC(C)c1ccc2oc3nc(N)c(C(=O)O)cc3c(=O)c2c1
CHEMBL3094480,GR,7.110,,1,1,Active,exact,CCC(Cc1ccc2ccccc2c1)NS(=O)(=O)c1c(C)cc(C)cc1C
CHEMBL227784,GR,5.060,,1,0,,exact,O=c1cc(C(F)(F)F)c2cc3c(cc2[nH]1)OCCN3CC1CC1
CHEMBL2096804,GR,9.680,,1,0,Active,exact,C#C[C@]1(O)CC[C@H]2[C@@H]3CCC4=CC(=O)CCC4=C3[C@@H](c3ccc(N(C)CCOCCO[C@@H]4CC[C@@]5(C)[C@@H](C4)C[C@@H](O)[C@@H]4[C@@H]5C[C@H](O)[C@]5(C)[C@@H]([C@H](C)CCC(=O)O)CC[C@@H]45)cc3)C[C@@]21C
CHEMBL1682431,GR,8.740,,1,0,Active,exact,Cc1c(Cl)c(-c2cccc3cc[nH]c23)cc2c1NC(C)(C)[C@H](O)[C@H]2C
CHEMBL235280,GR,7.240,,1,0,Active,exact,COc1ccc(F)cc1C(C)(C)CC(O)(Cc1ccc(C)c2ccccc12)C(F)(F)F
CHEMBL5270525,GR,,4.301,0,2,Inactive,censored,CCS(=O)(=O)N(c1ccc2c(c1)CCCN2C(=O)c1ccco1)S(=O)(=O)CC
CHEMBL2087291,GR,7.020,,1,0,Active,exact,O=C(O)Cc1cc(Br)c(N(Cc2ccc(Oc3ccc(Cl)cc3Cl)cc2)Cc2cc(F)cc(F)c2)c(Br)c1
CHEMBL3666806,GR,9.075,,4,0,Active,exact,C[C@H](NC(=O)C(C)(F)F)[C@H](Oc1ccc2c(cnn2-c2cccc(C(=O)N[C@H]3CCOC3)c2)c1)c1ccc2c(c1)OCCO2
CHEMBL1697744,GR,,4.523,0,1,Inactive,censored,O=C(O)CSCC(=O)NC1CCSC1=O
CHEMBL1911651,GR,7.500,,2,0,Active,exact,COc1ccc(F)cc1C(C)(C)CC(O)(Cc1cc2ccc(F)cc2[nH]1)C(F)(F)F
CHEMBL1201346,GR,,4.523,0,1,Inactive,censored,O=C(O)CCNC(=O)c1ccc(/N=N/c2ccc(O)c(C(=O)O)c2)cc1
CHEMBL306689,GR,6.640,,1,0,Active,exact,Cc1c(NS(C)(=O)=O)cccc1N(Cc1ccccc1)Cc1cccc(Cl)c1
CHEMBL514646,GR,7.915,,2,0,Active,exact,C[C@@]1(C(=O)Nc2nccs2)CC2c3ccccc3C1c1ccccc12
CHEMBL2426112,GR,7.240,,4,0,Active,exact,CC(C)(C)NC(=O)NCC(C)(C)[C@@H](c1ccccc1)c1ccc2c(cnn2-c2ccc(F)cc2)c1
CHEMBL27769,GR,6.060,,2,0,Active,exact,C[C@]12CCC(=O)C[C@@H]1CC[C@@H]1[C@@H]2CC[C@]2(C)[C@@H](O)CC[C@@H]12
CHEMBL1168,GR,,4.523,0,1,Inactive,censored,CCOC(=O)[C@H](CCc1ccccc1)N[C@@H](C)C(=O)N1[C@H](C(=O)O)C[C@@H]2CCC[C@@H]21
CHEMBL233789,GR,8.050,,2,0,Active,exact,C[C@]12Cc3cnn(-c4ccc(F)cc4)c3C=C1CC[C@@H]2[C@@H](O)c1csc2ccccc12
CHEMBL191,GR,,4.523,0,1,Inactive,censored,CCCCc1nc(Cl)c(CO)n1Cc1ccc(-c2ccccc2-c2nnn[nH]2)cc1
CHEMBL22097,GR,,4.523,0,1,Inactive,censored,CN1C(=O)C(O)N=C(c2ccccc2Cl)c2cc(Cl)ccc21
CHEMBL6059354,GR,5.480,,1,0,,exact,Cc1ncsc1C(=O)NCc1ccc(N2C(=S)N(c3cccc(C(F)(F)F)c3)C(=O)C2(C)C)cc1F
CHEMBL5850444,GR,,5.301,0,1,,censored,Cn1cc(CO)c2c(Cl)c(C(=O)Nc3ccc(Cl)cc3)cnc21
CHEMBL3093444,GR,7.820,,1,1,Active,exact,CC(C)(Cc1c[nH]c2ccccc12)NS(=O)(=O)c1c(N)cc(Cl)cc1Cl
CHEMBL5987216,GR,9.100,,1,0,Active,exact,CC(C)Oc1ccc(-c2ccc3c(n2)Oc2ccccc2[C@@H]3C(C)(C)C(=O)NC(N)=O)cc1
CHEMBL566315,GR,,4.523,0,1,Inactive,censored,CC[C@H]1[C@@H](O)[C@@H]2[C@H](CC[C@]3(C)[C@@H]([C@H](C)CCC(=O)O)CC[C@@H]23)[C@@]2(C)CC[C@@H](O)C[C@@H]12
CHEMBL1617,GR,,4.523,0,1,Inactive,censored,CO[C@H]1/C=C/O[C@@]2(C)Oc3c(C)c(O)c4c(O)c(c5c(nc6cc(C)ccn65)c4c3C2=O)NC(=O)/C(C)=C\C=C\[C@H](C)[C@H](O)[C@@H](C)[C@@H](O)[C@@H](C)[C@H](OC(C)=O)[C@@H]1C
CHEMBL243025,GR,,5.699,0,1,,censored,CC(Cc1c[nH]c2ccccc12)NC(=O)Nc1c(Cl)cc(Cl)cc1Cl
CHEMBL493682,GR,,4.523,0,1,Inactive,censored,COc1ccc(CCNC[C@H](O)c2ccc(O)cc2)cc1OC
CHEMBL1668083,GR,6.900,,1,0,Active,exact,Cc1cc(NC[C@H](C)NS(C)(=O)=O)c2cnn(-c3cccc(C(=O)NC(C)C)c3)c2c1
CHEMBL1619,GR,,4.523,0,1,Inactive,censored,Nc1nc(Cl)nc2c1ncn2[C@H]1C[C@H](O)[C@@H](CO)O1
CHEMBL416869,GR,6.930,,1,0,Active,exact,COc1cccc2c1-c1ccc(NC(C)=O)cc1C(c1ccccc1)O2
CHEMBL5742731,GR,6.560,,1,0,Active,exact,Cc1nn(-c2ccccc2)c2ncc(C(=O)Nc3ccc(Br)cc3)c(Cl)c12
CHEMBL5856542,GR,,5.000,0,1,,censored,CC1(C)C(=O)N(c2ccc(C#N)c(C(F)(F)F)c2)C(=O)N1c1ccc(CNC(=O)c2cccnc2)c(F)c1
CHEMBL2426624,GR,9.275,,6,0,Active,exact,CC(C(=O)Nc1nncs1)[C@@H](c1ccccc1)c1ccc2c(cnn2-c2ccc(F)cc2)c1
CHEMBL396997,GR,6.940,,1,0,Active,exact,C=CCSC(C)C1=CC(C)(C)Nc2ccc(-c3ccccc3OC)cc21
CHEMBL972,GR,,5.000,0,1,,censored,C#CCN(C)[C@H](C)Cc1ccccc1
CHEMBL5268681,GR,,5.000,0,2,,censored,COc1cccc(Cl)c1S(=O)(=O)Nc1ccc2c(c1)CCCN2C(=O)c1ccco1
CHEMBL3358922,GR,7.595,,2,0,Active,exact,Cc1ccc(F)cc1C(C)(C)CC(O)(Cc1cc2c(C)cncc2[nH]1)C(F)(F)F
CHEMBL382785,GR,6.710,,2,0,Active,exact,COc1ccccc1-c1ccc2c(c1)C(CSCCc1ccccc1)=CC(C)(C)N2
CHEMBL1763,GR,,5.000,0,1,,censored,NS(=O)(=O)c1cc2c(cc1C(F)(F)F)NCNS2(=O)=O
CHEMBL77622,GR,,4.523,0,1,Inactive,censored,Oc1ccc(CCNCCCCCCNCCc2ccccc2)cc1O
CHEMBL95644,GR,7.960,,1,0,Active,exact,COc1cccc2c1-c1ccc3c(c1C(c1cccc(C(F)(F)F)c1)O2)C(C)=CC(C)(C)N3
CHEMBL1201012,GR,8.520,,2,0,Active,exact,CC1(C)O[C@@H]2C[C@H]3[C@@H]4C[C@H](F)C5=CC(=O)CC[C@]5(C)[C@H]4[C@@H](O)C[C@]3(C)[C@]2(C(=O)CO)O1
CHEMBL3735203,GR,8.520,,2,0,Active,exact,O=C(c1ccccn1)[C@]12Cc3cnn(-c4ccc(F)cc4)c3C=C1CCN(S(=O)(=O)c1ccc(Cl)c(Cl)c1)C2
CHEMBL1292,GR,7.470,,1,0,Active,exact,CC(C)/N=c1\cc2n(-c3ccc(Cl)cc3)c3ccccc3nc-2cc1Nc1ccc(Cl)cc1
CHEMBL1644758,GR,6.470,,1,0,Active,exact,Cc1cc(-c2cccc3cc[nH]c23)c(Cl)c2c1NC(C)(C)C(=O)C2(C)Cc1ccccc1
CHEMBL3581693,GR,6.000,,1,1,Active,exact,CC/C(=C(/c1ccc(/C=C/C(=O)O)cc1)c1ccc2[nH]ncc2c1)c1ccc(F)cc1Cl
CHEMBL5279876,GR,,5.000,0,2,,censored,NC(=O)c1ccc(S(=O)(=O)Nc2ccc3c(c2)CCCN3C(=O)c2ccco2)cc1
CHEMBL395795,GR,7.470,,2,1,Active,exact,Cc1cc(C)c(S(=O)(=O)N[C@@H](C)Cc2c[nH]c3ccccc23)c(C)c1
CHEMBL3094473,GR,8.000,,1,1,Active,exact,CCC(Cc1cccc(C)c1C)NS(=O)(=O)c1c(C)cc(C)cc1C
CHEMBL1911655,GR,7.115,,2,0,Active,exact,CC(C)(CC(O)(Cc1cc2ccccc2[nH]1)C(F)(F)F)c1cccc2c1OCC2
CHEMBL1253818,GR,6.070,,2,0,Active,exact,COc1ccc(F)cc1C(C)(C)C[C@](O)(Cc1cc2ccncc2[nH]1)C(F)(F)F
CHEMBL4209216,GR,7.750,,3,0,Active,exact,CC(C)[C@H](NC(=O)C(C)(F)F)[C@H](Oc1ccc2c(cnn2-c2cc(F)c(=O)n(C)c2)c1)c1ccccc1
CHEMBL5865955,GR,8.200,,2,0,Active,exact,CC(C)[C@H](NC(=O)C(F)(F)F)[C@H](Oc1ccc2c(cnn2-c2ccc(=O)n(C)c2)c1)c1cc(F)cc(Cl)c1
CHEMBL223228,GR,5.570,,1,0,,exact,O=C1Nc2ccc(Cl)cc2[C@@](C#CC2CC2)(C(F)(F)F)O1
CHEMBL1084344,GR,6.200,,1,1,Active,exact,Oc1ccc(-c2ccc3c(cnn3-c3ccc(F)cc3)c2)cc1
CHEMBL194802,GR,7.295,,2,0,Active,exact,CC(C)(CC(O)(CC1CCCCC1)C(=O)Nc1ccc2c(c1)COC2=O)c1cc(F)ccc1O
CHEMBL380623,GR,,5.699,0,1,,censored,COc1ccccc1-c1ccc2c(c1)C(C)=CC(C)(C)N2
CHEMBL5948980,GR,6.560,,1,0,Active,exact,Cn1ccnc1Cn1ncc2c(Cl)c(C(=O)Nc3ccc(Cl)cc3)cnc21
CHEMBL566823,GR,6.490,,3,1,Active,exact,C[C@]12Cn3cnc(-c4ccc(F)cc4)c3C=C1CCC[C@@H]2[C@](C)(O)c1ccncc1
CHEMBL3967119,GR,6.340,,1,0,Active,exact,CC#C[C@]1(O)CC[C@H]2[C@@H]3CCc4cc(C(=O)Nc5cccnc5)ccc4[C@H]3[C@@H](O)C[C@@]21C
CHEMBL305660,GR,,4.523,0,1,Inactive,censored,CC(C)(C)c1ccc(C(=O)CCCN2CCC(OC(c3ccccc3)c3ccccc3)CC2)cc1
CHEMBL1888176,GR,,4.523,0,1,Inactive,censored,O=C(O[C@H]1C[C@H]2CC[C@@H](C1)[N+]21CCCC1)C(O)(c1ccccc1)c1ccccc1
CHEMBL268501,GR,,4.523,0,1,Inactive,censored,Cc1ccc2c(-c3ccccc3)nc(=O)n(C(C)C)c2c1
CHEMBL1062,GR,7.465,,2,0,Active,exact,CC(=O)[C@@]1(O)CC[C@H]2[C@@H]3CCC4=CC(=O)CC[C@]4(C)[C@H]3CC[C@@]21C
CHEMBL5751254,GR,,5.301,0,1,,censored,CCOc1c(C(=O)Nc2ccc(C(F)(F)F)cc2)cnc2c1c(C)nn2C1CCN(C)CC1
CHEMBL233450,GR,5.160,,1,0,,exact,CC(Cc1c[nH]c2ccccc12)NS(=O)(=O)c1ccc(Cl)c(Cl)c1
CHEMBL5980470,GR,7.590,,1,0,Active,exact,CN1CCN(c2ncc(-c3ccc4c(n3)Oc3c(F)cccc3[C@@H]4C(C)(C)C(=O)NC(N)=O)cn2)CC1
CHEMBL73151,GR,,4.523,0,1,Inactive,censored,CCN(CC)C(=O)N[C@H]1C[C@@H]2c3cccc4[nH]cc(c34)C[C@H]2N(C)C1
CHEMBL270588,GR,8.890,,1,0,Active,exact,CC(C)(C)c1ccc(S(=O)(=O)N2CCC3=Cc4c(cnn4-c4ccc(F)cc4)CC3(Cc3ccc(F)cc3)C2)cc1
CHEMBL5435559,GR,7.180,,2,0,Active,exact,C[C@]12C=CC(=O)C=C1CC[C@@H]1[C@@H]2[C@@H](O)C[C@@]2(C)[C@H]1C[C@H]1O[C@@H](c3ccc(CN4CCNCC4)cc3)O[C@]12C(=O)CO
CHEMBL5943732,GR,9.040,,1,0,Active,exact,CC(C)(C(=O)NC(N)=O)[C@@H]1c2ccc(-c3ccc(-c4ccccc4)cc3)nc2Oc2c(F)cccc21
CHEMBL78704,GR,10.000,,2,0,Active,exact,CC#C[C@]1(O)CCC2C3CCC4=CC(=O)CC[C@]4(Cc4ccc(C)cc4)C3=CC[C@@]21C
CHEMBL5937646,GR,8.950,,1,0,Active,exact,CC(C)Nc1ccc(-c2ccc3c(n2)Oc2c(F)cccc2[C@@H]3C(C)(C)C(=O)NC(N)=O)cn1
CHEMBL114655,GR,,4.523,0,1,Inactive,censored,CC(CCc1ccccc1)NC(C)C(O)c1ccc(O)cc1
CHEMBL106,GR,,4.523,0,1,Inactive,censored,OC(Cn1cncn1)(Cn1cncn1)c1ccc(F)cc1F
CHEMBL445,GR,,4.523,0,1,Inactive,censored,CNCCC=C1c2ccccc2CCc2ccccc21
CHEMBL1441961,GR,,4.523,0,1,Inactive,censored,CC(C)=CCOc1ccc(/C=C/C(=O)c2ccc(OCC=C(C)C)cc2OCC(=O)O)cc1
CHEMBL1911549,GR,6.800,,1,0,Active,exact,COc1ccc(F)cc1C(C)(C)CC(O)(Cc1cc2c(C(F)(F)F)cccc2[nH]1)C(F)(F)F
CHEMBL4094863,GR,7.170,,1,0,Active,exact,CCn1nccc1S(=O)(=O)N1CC[C@H]2Cc3c(cnn3-c3ccc(F)cc3)C[C@]2(C(=O)c2cc(C(F)(F)F)ccn2)C1
CHEMBL190044,GR,,4.523,0,1,Inactive,censored,CCC(COC(=O)c1cc(OC)c(OC)c(OC)c1)(c1ccccc1)N(C)C
CHEMBL1668081,GR,8.300,,1,0,Active,exact,Cc1cc(C)c(S(=O)(=O)N[C@@H](C)CNc2cc(C)cc3c2cnn3-c2cccc(N[C@@H](C)C(N)=O)c2)c(C)c1
CHEMBL640,GR,,5.000,0,1,,censored,CCN(CC)CCNC(=O)c1ccc(N)cc1
CHEMBL4448048,GR,7.280,,1,0,Active,exact,CC#C[C@]1(O)CC[C@H]2[C@@H]3CCC4=CC(=O)CC[C@]4(C)[C@H]3[C@@H](c3ccc(-n4cccc4)cc3)C[C@@]21C
CHEMBL856,GR,,5.000,0,1,,censored,CCC1(c2ccccc2)C(=O)NCNC1=O
CHEMBL5855590,GR,8.870,,1,0,Active,exact,CC(C)(C(=O)NC(N)=O)[C@H]1c2ccccc2Oc2nc(-c3ccc(C(=O)N4CCCC4)c(F)c3)ccc21
CHEMBL268869,GR,,4.523,0,1,Inactive,censored,COc1ccc(NS(=O)(=O)c2ccc(N)cc2)nn1
CHEMBL4165975,GR,7.370,,1,0,Active,exact,CC(C)N(C)c1ccc([C@H]2C[C@@]3(C)[C@@H](CC[C@@]3(O)C#CC(C)(C)C)[C@@H]3CCC4=CC(=O)CCC4=C32)cc1
CHEMBL2204050,GR,6.730,,1,0,Active,exact,O=c1[nH]c(=O)c(Cc2ccccn2)c([C@H]2CC[C@@H](c3ccccc3)CC2)[nH]1
CHEMBL266488,GR,7.860,,1,0,Active,exact,C#CCOc1ccc2c(c1OC)-c1ccc3c(c1C(CC=C)O2)C(C)=CC(C)(C)N3
CHEMBL392500,GR,7.680,,1,0,Active,exact,COc1ccc(F)cc1C(C)(C)CC(O)(Cc1ccc(C#N)c2ccccc12)C(F)(F)F
CHEMBL219205,GR,,5.699,0,1,,censored,COc1ccc(F)cc1C(C)(C)CC(O)(CN1CCOCC1)C(F)(F)F
CHEMBL3647444,GR,8.720,,1,0,Active,exact,Cc1ncccc1NC(=O)c1ccc2c(c1)[C@H](O)C[C@@H]1C[C@@](O)(C(F)(F)F)CC[C@@]21Cc1ccccc1
CHEMBL4089302,GR,,4.523,0,1,Inactive,censored,N#Cc1ccc(S(=O)(=O)N(Cc2cccc3ccccc23)c2ccc(Oc3ccccc3)cc2)cc1
CHEMBL5420532,GR,,5.000,0,1,,censored,O=C(O)Cc1ccc(-c2ccc(OCc3c(-c4c(Cl)cccc4Cl)noc3C3CC3)cc2)cc1
CHEMBL5887884,GR,6.560,,1,0,Active,exact,Cc1cccc(Cn2ncc3c(Cl)c(C(=O)Nc4ccc(C(C)C)cc4)cnc32)n1
CHEMBL483,GR,,4.523,0,1,Inactive,censored,C[C@H](Cn1cnc2c(N)ncnc21)OCP(=O)(O)O
CHEMBL237807,GR,7.120,,1,0,Active,exact,COc1ccc(F)cc1C(C)(C)CC(O)(Cc1cccc(Cl)c1Cl)C(F)(F)F
CHEMBL1940694,GR,8.770,,1,0,Active,exact,Cc1cccc(SCC(=O)[C@@]2(O)[C@H](C)C[C@H]3[C@@H]4CCC5=CC(=O)C=C[C@]5(C)[C@H]4[C@@H](O)C[C@@]32C)n1
CHEMBL236855,GR,6.830,,1,0,Active,exact,OC(Cc1ccnc2ccccc12)(CC1(C2CCCC2)CCCc2ccccc21)C(F)(F)F
CHEMBL65570,GR,7.750,,1,0,Active,exact,COc1cccc2c1-c1ccc(NS(=O)(=O)c3cccs3)cc1C(c1ccccc1)O2
CHEMBL1940690,GR,7.750,,1,0,Active,exact,C[C@@H]1C[C@H]2[C@@H]3CCC4=CC(=O)C=C[C@]4(C)[C@H]3[C@@H](O)C[C@]2(C)[C@@]1(O)C(=O)CSc1nccc2ccccc12
CHEMBL1917246,GR,7.890,,3,0,Active,exact,C[C@@H]1C[C@H]2[C@@H]3C[C@H](F)C4=CC(=O)C=C[C@]4(C)[C@@]3(F)[C@@H](O)C[C@]2(C)[C@@]1(O)C(=O)CSc1nc2ccccc2s1
CHEMBL3315069,GR,7.660,,5,0,Active,exact,CC(C)(O)c1ccc(-c2ccc3c(n2)Oc2c(F)cccc2[C@@H]3C(C)(C)C(=O)NC(N)=O)cn1
CHEMBL5786190,GR,6.560,,1,0,Active,exact,Cc1nn(Cc2nccs2)c2ncc(C(=O)Nc3ccc(Cl)cc3)c(Cl)c12
CHEMBL641,GR,,4.523,0,1,Inactive,censored,CNCC[C@@H](Oc1ccccc1C)c1ccccc1
CHEMBL4214015,GR,7.755,,2,0,Active,exact,COc1ccc([C@@H](Oc2ccc(C#N)c(Cl)c2)[C@H](C)NC(=O)C(C)(F)F)cn1
CHEMBL1911285,GR,6.485,,4,0,Active,exact,CN(C)C(=O)c1cnc(-c2ccc3c(c2)Oc2ccccc2C3C(C)(C)C(=O)Nc2nncs2)nc1
CHEMBL1076438,GR,,6.000,0,1,,censored,CC1(C)[C@H](O)CC[C@]2(C)[C@@]3(C)c4[nH]c5ccccc5c4C[C@@H]3CC[C@@]12O
CHEMBL1801003,GR,6.885,,2,3,Active,exact,CC(=O)c1cc([C@H](c2ccccc2)C(C)(C)C(=O)Nc2nccs2)ccc1O
CHEMBL3234863,GR,,5.301,0,1,,censored,C[C@H](c1ccccc1)N1C(=O)O[C@](Cc2ccccc2)(c2nnc(C3(c4ccccc4)CC3)o2)C1=O
CHEMBL3261172,GR,5.000,,1,0,,exact,Cc1cc(C)c(S(=O)(=O)N[C@@H](C)CNc2ccc3ncccc3c2)c(C)c1
CHEMBL797,GR,,5.000,0,1,,censored,CN1C(=O)CC(c2ccccc2)C1=O
CHEMBL3582119,GR,7.820,,2,0,Active,exact,CC1(C)Nc2c(cc(-c3cccc4nccn34)c3c2CCC3)C(C)(C)C1=O
CHEMBL3945990,GR,7.960,,1,0,Active,exact,Cc1cc(C)c(S(=O)(=O)N[C@H]2CCN(c3cccc4c3cnn4-c3ccc(F)cc3)C2)c(C)c1
CHEMBL1574,GR,,4.523,0,1,Inactive,censored,CC(C)(N)Cc1ccccc1
CHEMBL282650,GR,5.880,,1,1,,exact,CC1(C)OC(S)=Nc2ccc(-c3csc(C#N)c3)cc21
CHEMBL558,GR,,4.523,0,1,Inactive,censored,Cc1cccc(C)c1OCC(C)N
CHEMBL997,GR,,4.523,0,1,Inactive,censored,CCCCCN(C)CCC(O)(P(=O)(O)O)P(=O)(O)O
CHEMBL5823088,GR,6.560,,1,0,Active,exact,COc1cncc(Cn2nc(C)c3c(Cl)c(C(=O)Nc4ccc(Cl)cc4)cnc32)c1
CHEMBL1257221,GR,8.000,,1,0,Active,exact,COc1ccc(F)cc1C(C)(C)CC(O)(CNc1ccc2c(=O)onc(C)c2c1)C(F)(F)F
CHEMBL3261423,GR,7.850,,3,0,Active,exact,Cc1cc(C)c(S(=O)(=O)NC(COc2cccc3c2cnn3-c2ccc(F)cc2)C(F)(F)F)c(C)c1
CHEMBL3667040,GR,4.460,,1,0,Inactive,exact,C/C=C/C1=CC2=C(CO1)C(=O)[C@]1(C)OC(=O)[C@H](C(O)CCCCC)C1C2
CHEMBL3138348,GR,6.580,,1,0,Active,exact,Cc1c(NS(C)(=O)=O)cccc1N(Cc1ccc(CCCC(=O)NCCO[C@@H]2CC[C@]3(C)[C@H](C2)C[C@H](O)[C@@H]2[C@@H]3C[C@@H](O)[C@]3(C)[C@H]2CC[C@H]3[C@@H](C)CCC(=O)O)cc1)Cc1ccc(Oc2ccccc2)cc1
CHEMBL4513808,GR,,5.000,0,1,,censored,Cc1c(C2(C(F)(F)F)CC2)nc(C2CC2)n1-c1c(Cl)ccc(N2CC3(CC(C(=O)O)C3)C2)c1Cl
CHEMBL563916,GR,8.030,,1,0,Active,exact,CC(=O)NCCC(=O)NCCCN(C)CCCNC(=S)NCCSCC(=O)[C@@]1(O)[C@H](C)C[C@H]2[C@@H]3CCC4=CC(=O)C=C[C@]4(C)[C@@]3(F)[C@@H](O)C[C@@]21C
CHEMBL6022868,GR,6.560,,1,0,Active,exact,Cc1ccc(NC(=O)c2cnc3c(c(C)nn3-c3ccccc3)c2Cl)cc1
CHEMBL249837,GR,,4.523,0,1,Inactive,censored,C=C1c2cccc(O)c2C(=O)C2=C(O)[C@]3(O)C(=O)C(C(N)=O)=C(O)[C@@H](N(C)C)[C@@H]3[C@@H](O)[C@H]12
CHEMBL130,GR,,4.523,0,1,Inactive,censored,O=C(N[C@H](CO)[C@H](O)c1ccc([N+](=O)[O-])cc1)C(Cl)Cl
CHEMBL196347,GR,8.150,,1,0,Active,exact,C[C@]12Cc3cnn(-c4ccc(F)cc4)c3C=C1CCC[C@@H]2[C@@H](O)c1cccs1
CHEMBL5977353,GR,5.560,,1,0,,exact,COc1c(C(=O)Nc2ccc(C(F)(F)F)cc2)cnc2c1c(Cl)nn2C1CCOCC1
CHEMBL138003,GR,7.600,,1,0,Active,exact,CCOC(=O)C1Oc2cccc(OC)c2-c2ccc3c(c21)C(C)=CC(C)(C)N3
CHEMBL231807,GR,5.580,,1,0,,exact,CC(Cc1c[nH]c2ccccc12)NS(=O)(=O)c1ccc(-c2ccccc2)cc1
CHEMBL1094797,GR,6.570,,1,0,Active,exact,CCCC1=C(C(=O)OCC)[C@H](c2ccnc3ccccc23)C(C#N)=C(C)N1
CHEMBL6050457,GR,8.420,,1,0,Active,exact,C[C@]12C=CC(=O)C=C1CC[C@@H]1[C@@H]2[C@@H](O)C[C@@]2(C)[C@H]1C[C@H]1O[C@@H](c3ccc(S(=O)(=O)c4ccc(N)cc4)cc3)O[C@]12C(=O)CO
CHEMBL1911659,GR,7.135,,2,0,Active,exact,CC(C)(CC(O)(Cc1cc2ccccc2[nH]1)C(F)(F)F)c1cc(C#N)cc2c1OCC2
CHEMBL1790041,GR,,4.523,0,1,Inactive,censored,CNC(=C[N+](=O)[O-])NCCSCc1ccc(CN(C)C)o1
CHEMBL3093445,GR,7.750,,1,1,Active,exact,Cc1cc(C)c(S(=O)(=O)NC(Cc2c[nH]c3cccc(C)c23)C(F)(F)F)c(C)c1
CHEMBL1233786,GR,8.200,,1,0,Active,exact,COc1ccc(F)cc1C(C)(C)C[C@@](O)(CNc1cc(C)cc2c1cnn2-c1cccc(C(=O)N2CCC[C@@H]2C(N)=O)c1)C(F)(F)F
CHEMBL1095541,GR,6.790,,3,0,Active,exact,OC(c1ccc(F)cc1)(c1ccc2c(cnn2-c2ccc(F)cc2)c1)C(F)(F)F
CHEMBL247601,GR,6.790,,1,0,Active,exact,O=C1C=C2CCN(S(=O)(=O)c3ccc(Oc4ccccc4)cc3)CC2(Cc2ccccc2)CC1
CHEMBL1201340,GR,,5.000,0,1,,censored,C[N+]1(C)CCC(=C(c2ccccc2)c2ccccc2)CC1
CHEMBL5292015,GR,,4.523,0,1,Inactive,censored,C[N@+]1(CCF)[C@@H]2CC[C@H]1C[C@@H](OC(=O)C(O)(c1ccccc1)c1ccccc1)C2
CHEMBL2314999,GR,,4.602,0,2,Inactive,censored,CC[C@H]1OC(=O)[C@H](C)[C@@H](O[C@H]2C[C@@](C)(OC)[C@@H](O)[C@H](C)O2)[C@H](C)[C@@H](O[C@@H]2O[C@H](C)C[C@H](N(C)C)[C@H]2O)[C@](C)(O)C[C@@H](C)CN(CCCNC(=O)[C@@]2(O)[C@@H](C)C[C@H]3[C@@H]4CCC5=CC(=O)C=C[C@]5(C)[C@@]4(Cl)[C@@H](O)C[C@@]32C)[C@H](C)[C@@H](O)[C@]1(C)O
CHEMBL1131,GR,,4.523,0,1,Inactive,censored,COc1cc(C)c(/C=C/C(C)=C/C=C/C(C)=C/C(=O)O)c(C)c1C
CHEMBL1287853,GR,,4.523,0,1,Inactive,censored,Cc1cnc(Nc2ccc(OCCN3CCCC3)cc2)nc1Nc1cccc(S(=O)(=O)NC(C)(C)C)c1
CHEMBL138753,GR,5.500,,1,0,,exact,CNC(=O)CC1Oc2cccc(OC)c2-c2ccc3c(c21)C(C)=CC(C)(C)N3
CHEMBL194013,GR,8.240,,1,0,Active,exact,C=C[C@@H]1CO[C@]2(CCC3=Cc4c(cnn4-c4ccc(F)cc4)C[C@@]32C)O1
CHEMBL219015,GR,6.920,,1,0,Active,exact,COc1ccc(F)cc1C(C)(C)CC(O)(Cn1cc(C)c(=O)c(C)c1)C(F)(F)F
CHEMBL5857506,GR,6.560,,1,0,Active,exact,Cc1nn(C2CCCCC2)c2ncc(C(=O)Nc3ccc(Cl)cc3)c(Cl)c12
CHEMBL304258,GR,6.800,,1,0,Active,exact,CCC(=O)Nc1ccc2c(c1)C(c1ccccc1)Oc1cccc(OC)c1-2
CHEMBL1094526,GR,7.140,,1,0,Active,exact,OC(c1cccc(Cl)c1)(c1ccc2c(cnn2-c2ccc(F)cc2)c1)C(F)(F)F
CHEMBL247051,GR,7.850,,1,0,Active,exact,CC(C)(C)c1ccc(S(=O)(=O)N2CCC3=CC(=O)CCC3(Cc3ccccc3)C2)cc1
CHEMBL563289,GR,7.700,,1,0,Active,exact,C[C@@H]1C[C@H]2[C@@H]3CCC4=CC(=O)C=C[C@]4(C)[C@@]3(F)[C@@H](O)C[C@]2(C)[C@@]1(O)C(=O)CSCCNC(=S)NCCCN(C)CCCNC(=O)CCNC(=O)c1cc(NC(=O)c2cc(NC(=O)c3cc(NC(=O)c4nccn4C)cn3C)cn2C)cn1C
CHEMBL1911284,GR,7.015,,4,1,Active,exact,CN(C)C(=O)c1ccc(-c2ccc3c(c2)Oc2ccccc2C3C(C)(C)C(=O)Nc2nncs2)nc1
CHEMBL8359,GR,5.680,,1,0,,exact,C=CCC1Oc2cccc(OCC3CC3)c2-c2ccc3c(c21)C(C)=CC(C)(C)N3
CHEMBL2419300,GR,5.960,,1,0,,exact,CC1NC(=O)C(c2ccc(F)cc2)=C1c1cc(Cl)c2c(c1)NC(=O)CO2
CHEMBL396231,GR,7.350,,1,0,Active,exact,COc1ccc(C2CCN(c3[nH]c(=O)[nH]c(=O)c3Cc3ccccc3)CC2)cc1
CHEMBL8139,GR,7.060,,1,0,Active,exact,C=CCOc1cccc2c1-c1ccc3c(c1C(CC=C)O2)C(C)=CC(C)(C)N3
CHEMBL10560,GR,8.050,,2,0,Active,exact,CC#C[C@@]1(O)CC[C@@]2(CC)c3ccc(O)cc3CC[C@@H]2C1
CHEMBL1676,GR,9.195,,4,0,Active,exact,C[C@@H]1C[C@H]2[C@@H]3C[C@H](F)C4=CC(=O)C=C[C@]4(C)[C@@]3(F)[C@@H](O)C[C@]2(C)[C@@]1(OC(=O)c1ccco1)C(=O)SCF
CHEMBL3093463,GR,8.575,,2,0,Active,exact,CC[C@@H](Cn1cc(C#N)c2ccccc21)NS(=O)(=O)c1c(N)cc(Cl)cc1Cl
CHEMBL3261420,GR,7.920,,3,0,Active,exact,Cc1cc(C)c(S(=O)(=O)N[C@@H](C)CCc2cccc3c2cnn3-c2ccc(F)cc2)c(C)c1
CHEMBL5743740,GR,6.560,,1,0,Active,exact,CCc1nn(-c2ccccc2)c2ncc(C(=O)Nc3ccc(C(F)(F)F)cc3)c(Cl)c12
CHEMBL1762203,GR,8.400,,3,0,Active,exact,CC1(C)C/C(=N\OC(C)(C)C)c2c(cc(F)c(-c3cccc4c(Cl)c[nH]c34)c2F)N1
CHEMBL389766,GR,7.620,,1,0,Active,exact,Cn1c(=O)[nH]c(N2CCC(Cc3ccccc3)CC2)c(Cc2ccccc2)c1=O
CHEMBL5792856,GR,6.560,,1,0,Active,exact,Cc1nn(C)c2ncc(C(=O)Nc3ccc(Cl)cc3)c(F)c12
CHEMBL1639,GR,,4.523,0,1,Inactive,censored,COCCCOc1cc(C[C@@H](C[C@H](N)[C@@H](O)C[C@H](C(=O)NCC(C)(C)C(N)=O)C(C)C)C(C)C)ccc1OC
CHEMBL1672545,GR,5.820,,1,0,,exact,CC(C)n1cc(-c2ccc(C#N)cc2)c2ccc(NS(C)(=O)=O)cc21
CHEMBL70418,GR,,5.000,0,1,,censored,CN1C(=O)CC(=O)N(c2ccccc2)c2cc(Cl)ccc21
CHEMBL104,GR,5.490,,3,0,,exact,Clc1ccccc1C(c1ccccc1)(c1ccccc1)n1ccnc1
CHEMBL3126953,GR,7.910,,2,0,Active,exact,Cc1ccc(F)cc1C(C)(C)CC(O)(Cc1cc2ncncc2[nH]1)C(F)(F)F
CHEMBL1254735,GR,8.115,,2,0,Active,exact,COc1ccc(F)cc1C(C)(C)CC(O)(Cc1cc2cnccc2[nH]1)C(F)(F)F
CHEMBL3735008,GR,8.755,,2,0,Active,exact,O=C(c1cscn1)[C@]12Cc3cnn(-c4ccc(F)cc4)c3C=C1CCN(S(=O)(=O)c1ccc(C(F)(F)F)cc1)C2
CHEMBL228274,GR,6.050,,1,0,Active,exact,COc1cc([C@@H]2[C@@H](C)[C@H](C)[C@H]2c2ccc(O)c(OC)c2)ccc1O
CHEMBL236403,GR,,5.796,0,1,,censored,COc1ccc(F)cc1C(C)(C)CC(O)(c1ccccc1)C(F)(F)F
CHEMBL1480987,GR,,4.523,0,1,Inactive,censored,CC1CC(OC(=O)C(O)c2ccccc2)CC(C)(C)C1
CHEMBL6025979,GR,,5.301,0,1,,censored,Cc1nn(-c2ccccc2)c2ncc(C(=O)Nc3ccc(Cl)cc3)c(C#N)c12
CHEMBL6010015,GR,6.560,,1,0,Active,exact,Cc1nn(Cc2ccsc2)c2ncc(C(=O)Nc3ccc(Cl)cc3)c(Cl)c12
CHEMBL2147555,GR,6.810,,1,0,Active,exact,CNC(=O)c1ccc(CC[C@]2(O)CCC3=Cc4c(cnn4-c4ccc(F)cc4)C[C@@]32C)cc1
CHEMBL4068008,GR,5.160,,1,0,,exact,CCOc1nccc2c1[C@H](c1ccc(C#N)cc1OC)C(C#N)=C(C)N2
CHEMBL427384,GR,,5.699,0,1,,censored,CNC(=O)CSCC1=CC(C)(C)Nc2ccc(-c3ccccc3OC)cc21
CHEMBL3647442,GR,8.690,,1,0,Active,exact,Cc1ccncc1NC(=O)c1ccc2c(c1)CC[C@@H]1C[C@@](O)(C(F)(F)F)CC[C@@]21Cc1ccccc1
CHEMBL256787,GR,8.120,,2,0,Active,exact,Cc1cc(-c2cccc3c(C)c[nH]c23)c(Cl)c2c1NC(C)(C)CC2C
CHEMBL5744058,GR,6.560,,1,0,Active,exact,CCOC(=O)c1ccc(NC(=O)c2cnc3c(c(C)nn3-c3ccccc3)c2Cl)cc1
CHEMBL857,GR,,5.000,0,1,,censored,O=C(O)CCCC[C@@H]1SC[C@@H]2NC(=O)N[C@@H]21
CHEMBL1917248,GR,7.410,,3,0,Active,exact,C[C@H]1C[C@@H]2[C@H]([C@@H](O)C[C@@]3(C)[C@H]2CC[C@]3(O)C(=O)CSc2nc3ccccc3s2)[C@@]2(C)C=CC(=O)C=C12
CHEMBL1753,GR,,4.523,0,1,Inactive,censored,CCC[C@@H]1C[C@@H](C(=O)N[C@@H]([C@H]2O[C@H](SC)[C@H](O)[C@@H](O)[C@H]2O)[C@H](C)Cl)N(C)C1
CHEMBL5747579,GR,,7.000,0,1,,censored,COC1CN(c2ccc([C@H]3C[C@@]4(C)[C@@H](CC[C@@]4(O)C#CC(C)(C)OC)[C@@H]4CCC5=CC(=O)CCC5=C43)cc2)C1
CHEMBL3315061,GR,8.680,,5,0,Active,exact,CC(C)(C(=O)NC(N)=O)[C@@H]1c2ccc(-c3ccc(C(=O)N4CCOCC4)cc3)nc2Oc2c(F)cccc21
CHEMBL6047837,GR,8.850,,1,0,Active,exact,CC(C)(C(=O)NC(=O)Nc1ccccc1)[C@@H]1c2ccc(-c3ccc(C(=O)N4CCOCC4)cc3)nc2Oc2c(F)cccc21
CHEMBL4778549,GR,7.580,,1,0,Active,exact,Cc1ccc([C@@H](Oc2ccc(C(=O)Nc3ccccc3)nc2)[C@H](C)NC(=O)C(F)(F)F)cc1
CHEMBL3576885,GR,5.520,,1,0,,exact,C[C@H](c1ccc(F)cc1)N1C(=O)O[C@](Cc2ccccc2)(c2nc3cc(-c4cc[nH]n4)ccc3[nH]2)C1=O
CHEMBL5274811,GR,5.860,,2,1,,exact,COC(=O)c1ccc(C(=O)N2CCCc3cc(NS(=O)(=O)c4cc(Cl)c(C)cc4OC)ccc32)cc1
CHEMBL4062345,GR,,5.000,0,1,,censored,O=C1COc2ccc(N3CCOC[C@H]3c3ccccc3)cc2N1
CHEMBL5828622,GR,7.770,,1,0,Active,exact,CNc1ccc(Cc2ccc([C@H]3O[C@@H]4C[C@H]5[C@@H]6C[C@H](F)C7=CC(=O)C=C[C@]7(C)[C@@]6(F)[C@@H](O)C[C@]5(C)[C@]4(C(=O)CO)O3)cc2)cc1OC
CHEMBL1851805,GR,,4.523,0,1,Inactive,censored,CCN(CC)CC(=O)Oc1ccc(NC(C)=O)cc1
CHEMBL1113,GR,,4.523,0,1,Inactive,censored,Clc1ccc2c(c1)C(N1CCNCC1)=Nc1ccccc1O2
CHEMBL479,GR,,4.523,0,1,Inactive,censored,CSc1ccc2c(c1)N(CCC1CCCCN1C)c1ccccc1S2
CHEMBL3358940,GR,7.215,,2,0,Active,exact,CC(C)(CC(O)(Cc1cc2cc(N3CCOCC3)ncc2[nH]1)C(F)(F)F)c1cccc(S(C)(=O)=O)c1
CHEMBL236202,GR,7.650,,4,0,Active,exact,C[C@]12Cc3cnn(-c4ccc(F)cc4)c3C=C1CC[C@@H]2[C@@H](O)c1coc2ccccc12
CHEMBL1928877,GR,5.460,,1,0,,exact,O=C1COc2ccc(C3=Nn4ccnc4SC3c3ccccc3)cc2N1
CHEMBL3358945,GR,6.725,,2,0,Active,exact,CC(C)(CC(O)(Cc1cc2cc(S(C)(=O)=O)ncc2[nH]1)C(F)(F)F)c1ccccc1S(N)(=O)=O
CHEMBL6063055,GR,9.120,,1,0,Active,exact,CC(C)Oc1ccc(-c2ccc3c(n2)Oc2c(F)cccc2[C@@H]3C(C)(C)c2nc3nccnc3[nH]2)cc1
CHEMBL3358925,GR,8.140,,2,0,Active,exact,Cc1ccc(F)cc1C(C)(C)CC(O)(Cc1cc2cc(-c3ccccc3)ncc2[nH]1)C(F)(F)F
CHEMBL4101996,GR,5.680,,1,0,,exact,COC(=O)Nc1ccc(S(=O)(=O)N(Cc2ccccc2)c2ccc(Oc3ccccc3)cc2)cc1
CHEMBL4159987,GR,8.250,,2,0,Active,exact,CN(C)c1ccc([C@H]2C[C@@]3(C)[C@@H](CC[C@@]3(O)C#CC(C)(C)C)[C@@H]3CCC4=CC(=O)CC[C@@H]4[C@H]32)cc1
CHEMBL5766632,GR,,5.301,0,1,,censored,Cn1ccc2cc(C(=O)Nc3ccc(Cl)cc3)cnc21
CHEMBL1525,GR,,4.523,0,1,Inactive,censored,CC1(C)C(C=C(Cl)Cl)C1C(=O)OCc1cccc(Oc2ccccc2)c1
CHEMBL435753,GR,,5.699,0,1,,censored,COc1ccc(F)cc1C(C)(C)CC(O)(Cn1ccnc1)C(F)(F)F
CHEMBL480800,GR,6.500,,1,0,Active,exact,CCN(CC(O)(CNC(=O)c1cnn(-c2ccc(F)cc2)c1N)C(F)(F)F)C(=O)c1ccc(Cl)cc1
CHEMBL186893,GR,5.680,,1,0,,exact,CC12CCC(=O)C=C1CCCC2C(O)c1ccccc1
CHEMBL3093461,GR,8.700,,1,1,Active,exact,CC[C@@H](Cn1ccc2ccccc21)NS(=O)(=O)c1c(N)cc(Cl)cc1Cl
CHEMBL3902818,GR,9.225,,2,0,Active,exact,C[C@H](NC(=O)C(F)(F)F)[C@H](Oc1ccc2c(cnn2-c2ccc(F)cc2)c1)c1ccc2ccccc2c1
CHEMBL3261167,GR,7.750,,1,0,Active,exact,Cc1cc(C)c(S(=O)(=O)N[C@@H](C)COc2cccc3cnccc23)c(C)c1
CHEMBL1183717,GR,,4.523,0,1,Inactive,censored,C=CCNc1nc(NCC=C)nc(N2CCN(C(c3ccc(F)cc3)c3ccc(F)cc3)CC2)n1
CHEMBL195451,GR,8.080,,1,0,Active,exact,C[C@@H]1C[C@@H](C)OC2(CCCC3=Cc4c(cnn4-c4ccc(F)cc4)C[C@@]32C)O1
CHEMBL5775543,GR,6.560,,1,0,Active,exact,Cc1nn(Cc2ccccc2)c2ncc(C(=O)Nc3ccc(C(F)(F)F)cc3)c(Cl)c12
CHEMBL1940546,GR,8.140,,3,0,Active,exact,Cn1c(SCC(=O)[C@@]2(O)CC[C@H]3[C@@H]4CCC5=CC(=O)C=C[C@]5(C)[C@H]4[C@@H](O)C[C@@]32C)nc2ccccc21
CHEMBL5913149,GR,,7.000,0,1,,censored,COC(C)(C)C#C[C@]1(O)CC[C@H]2[C@@H]3CCC4=CC(=O)CCC4=C3[C@@H](c3ccc(N4CCN(C(=O)CO)CC4)cc3)C[C@@]21C
CHEMBL4087413,GR,,4.523,0,1,Inactive,censored,CC(C)(C)c1ccc(S(=O)(=O)N(Cc2ccccc2)c2ccc(Oc3ccccc3)cc2)cc1
CHEMBL376264,GR,8.865,,2,0,Active,exact,C=CCOc1ccc([C@H]2C[C@@]3(C)[C@@H](CC[C@@]3(O)C#CC)[C@@H]3CCC4=CC(=O)CCC4=C32)cc1Cl
CHEMBL184771,GR,8.660,,1,0,Active,exact,Cc1c(NS(C)(=O)=O)cccc1N(Cc1ccccc1)Cc1ccc(Oc2ccc(CCC(=O)NCCCN3CCCC3=O)cc2)cc1
CHEMBL584258,GR,7.390,,3,0,Active,exact,C[C@]12Cn3cnc(-c4ccc(F)cc4)c3C=C1CCC[C@@H]2[C@](C)(O)c1cccs1
CHEMBL141524,GR,8.000,,1,0,Active,exact,COc1cccc2c1-c1ccc3c(c1C(C1CCCCC1)O2)C(C)=CC(C)(C)N3
CHEMBL1801013,GR,6.900,,5,0,Active,exact,CC(C)(C(=O)Nc1nccs1)C(c1ccccc1)c1ccc(O)cc1
CHEMBL2147561,GR,8.700,,1,0,Active,exact,CCNC(=O)c1ccccc1CC[C@]1(O)CCC2=Cc3c(cnn3-c3ccc(F)cc3)C[C@@]21C
CHEMBL6016104,GR,6.560,,1,0,Active,exact,Cc1cccc(Cn2nc(C)c3c(Cl)c(C(=O)Nc4ccc(C(F)(F)F)cc4)cnc32)n1
CHEMBL2010601,GR,,4.523,0,1,Inactive,censored,CC(C)(C)c1cc(C(C)(C)C)c(NC(=O)c2c[nH]c3ccccc3c2=O)cc1O
CHEMBL4591353,GR,7.450,,1,0,Active,exact,CN1CCN(c2ccc([C@H]3C[C@@]4(C)[C@@H](CC[C@@]4(O)C#CC(C)(C)C)[C@@H]4CCC5=CC(=O)CC[C@@H]5[C@H]43)cc2)CC1
CHEMBL5289944,GR,5.030,,1,2,,exact,O=C(c1ccco1)N1CCCc2cc(NS(=O)(=O)c3cccs3)ccc21
CHEMBL252556,GR,,4.523,0,1,Inactive,censored,COC1=C(OC)C(=O)C(CCCCCCCCCCO)=C(C)C1=O
CHEMBL620,GR,,4.523,0,1,Inactive,censored,C[N+]12CCC(CC1)C(OC(=O)C(O)(c1ccccc1)c1ccccc1)C2
CHEMBL236406,GR,5.950,,1,0,,exact,COc1ccc(F)cc1C(C)(C)CC(O)(CCCc1ccccc1)C(F)(F)F
CHEMBL1253899,GR,7.840,,4,0,Active,exact,CC(C)(C[C@@](O)(Cc1cc2cnccc2[nH]1)C(F)(F)F)c1cc(F)ccc1O
CHEMBL2426637,GR,7.855,,2,0,Active,exact,CC(C)C(c1ccc2c(cnn2-c2ccc(F)cc2)c1)C(C)(C)C(=O)Nc1nncs1
CHEMBL219068,GR,6.160,,1,0,Active,exact,COc1ccc(F)cc1C(C)(C)CC(O)(Cn1cnc(=O)c2ccccc21)C(F)(F)F
CHEMBL1097475,GR,5.670,,1,0,,exact,CC(O)(c1ccc(F)cc1)c1ccc2c(cnn2-c2ccc(F)cc2)c1
CHEMBL1601,GR,,4.523,0,1,Inactive,censored,O=C(O)C1=C(CSc2nnnn2CS(=O)(=O)O)CS[C@@H]2[C@H](NC(=O)[C@H](O)c3ccccc3)C(=O)N12
CHEMBL3358936,GR,7.450,,2,0,Active,exact,CC(C)(CC(O)(Cc1cc2cc(N3CCOCC3)ncc2[nH]1)C(F)(F)F)c1cccc(O)c1
CHEMBL397050,GR,7.000,,1,0,Active,exact,Cc1ccc(S(=O)(=O)N2CCC3=CC(=O)CCC3(Cc3ccccc3)C2)cc1
CHEMBL885,GR,,4.523,0,1,Inactive,censored,Nc1nc(=O)n([C@@H]2CS[C@H](CO)O2)cc1F
CHEMBL5853572,GR,6.800,,1,0,Active,exact,C[C@@H]1C[C@H]2[C@@H]3C[C@H](F)C4=CC(=O)C=C[C@]4(C)[C@@]3(F)[C@@H](O)C[C@]2(C)[C@@]1(O)C(=O)SCCCCP(=O)(O)O
CHEMBL3093448,GR,7.700,,1,1,Active,exact,Cc1cc(C)c(S(=O)(=O)NC(Cc2c[nH]c3c(C)cccc23)C(F)(F)F)c(C)c1
CHEMBL4104398,GR,,4.523,0,1,Inactive,censored,N#Cc1ccc(S(=O)(=O)N(Cc2ccc(Cl)cc2)c2ccc(Oc3ccccc3)cc2)cc1
CHEMBL6008377,GR,5.530,,1,0,,exact,Cn1nccc1C(=O)NCc1ccc(N2C(=S)N(c3ccc(C#N)c(C(F)(F)F)c3)C(=O)C23CCC3)cc1F
CHEMBL5836114,GR,6.560,,1,0,Active,exact,C#Cc1ccc(NC(=O)c2cnc3c(c(C)nn3C3CCNCC3)c2Cl)cc1
CHEMBL213621,GR,8.200,,1,0,Active,exact,CCC1(CC(O)(C(=O)Nc2ccc3c(=O)onc(C)c3c2)C(F)(F)F)CCCc2ccc([N+](=O)[O-])cc21
CHEMBL3647446,GR,8.100,,1,0,Active,exact,Cc1ncccc1NC(=O)c1ccc2c(c1)CC[C@@H]1C[C@@](O)(C(F)F)CC[C@@]21Cc1ccccc1
CHEMBL3706939,GR,7.030,,1,0,Active,exact,COc1c(O)ccc2c1-c1ccc3c(c1/C(=C/c1ccc(F)cc1S(=O)(=O)N1CCCCC1)O2)C(C)=CC(C)(C)N3
CHEMBL2087282,GR,5.720,,1,0,,exact,O=C(O)Cc1ccc(N(Cc2ccccc2)Cc2ccc(Oc3ccccc3)cc2)cc1
CHEMBL132530,GR,,4.523,0,1,Inactive,censored,C[C@]12CCC(=O)C(O)=C1CC[C@@H]1[C@@H]2CC[C@]2(C)C(=O)CC[C@@H]12
CHEMBL4762028,GR,8.700,,1,0,Active,exact,C[C@H](NC(=O)[C@H]1CCCO1)[C@H](Oc1ccc(C(=O)O[C@H]2CCCN(C(=O)[C@H]3COC(=O)C3)C2)cc1)c1ccc(C2CC2)cc1
CHEMBL4098641,GR,9.515,,2,0,Active,exact,C[C@H](NC(=O)C(C)(F)F)[C@H](Oc1ccc2c(cnn2-c2cccc(C(=O)N3CCC[C@@H]3C(N)=O)c2)c1)c1ccc2c(c1)OCOC2
CHEMBL5570672,GR,8.675,,2,0,Active,exact,CCc1cccc(Cl)c1C(=O)N(CC)C[C@@](O)(CNC(=O)c1cnn(-c2ccc(F)cc2)c1N)C(F)(F)F
CHEMBL1684342,GR,7.400,,3,0,Active,exact,C[C@H]1c2c(cc(F)c(-c3cccc4c(Cl)c[nH]c34)c2F)NC(C)(C)[C@@H]1OC(=O)NCc1ccccc1
CHEMBL495,GR,,5.000,0,1,,censored,CCCCC[C@H](O)/C=C/[C@H]1[C@H](O)CC(=O)[C@@H]1CCCCCCC(=O)O
CHEMBL379024,GR,7.080,,2,0,Active,exact,COc1ccc(F)cc1-c1ccc2c(c1)C(CSCCc1ccccc1)=CC(C)(C)N2
CHEMBL572329,GR,7.650,,4,0,Active,exact,Cc1ccc([C@@](C)(O)[C@H]2CCCC3=Cc4c(-c5ccc(F)cc5)ncn4C[C@@]32C)s1
CHEMBL63239,GR,6.750,,1,0,Active,exact,CS(=O)(=O)Nc1ccc2c(c1)C(c1ccccc1)Oc1cccc(CO)c1-2
CHEMBL1537,GR,,4.523,0,1,Inactive,censored,CC1(C)S[C@@H]2[C@H](NC(=O)[C@H](NC(=O)N3CCNC3=O)c3ccccc3)C(=O)N2[C@H]1C(=O)O
CHEMBL132363,GR,6.395,,2,0,Active,exact,CC1=CC(C)(C)Nc2ccc3c(c21)/C(=C/c1ncccc1C)Oc1ccc(F)cc1-3
CHEMBL672,GR,,4.523,0,1,Inactive,censored,CC(C)OC(=O)C(C)(C)Oc1ccc(C(=O)c2ccc(Cl)cc2)cc1
CHEMBL4475716,GR,6.870,,1,0,Active,exact,COc1ccc(C2=CCCC[C@]23C=Cc2c(cnn2-c2ccc(F)cc2)C3)cc1
CHEMBL137982,GR,8.020,,1,0,Active,exact,COc1cccc2c1-c1ccc3c(c1C(CC(C)C)O2)C(C)=CC(C)(C)N3
CHEMBL5773526,GR,5.560,,1,0,,exact,Cc1nn(-c2ccc(C(F)(F)F)cc2)c2ncc(C(=O)Nc3ccc(Cl)cc3)c(Cl)c12
CHEMBL5953724,GR,5.560,,1,0,,exact,CN1CCC(CCn2cnc3c(Cl)c(C(=O)Nc4ccc(C(F)(F)F)cc4)cnc32)CC1
CHEMBL429592,GR,7.390,,1,0,Active,exact,Fc1ccc(CC23Cc4cnn(-c5ccc(F)cc5)c4C=C2CCN(Cc2ccncc2)C3)cc1
CHEMBL232250,GR,6.000,,1,0,Active,exact,CC(Cc1c[nH]c2ccccc12)NS(=O)(=O)c1cc(Cl)c(Cl)cc1Cl
CHEMBL2419301,GR,5.310,,1,0,,exact,Cc1cc(C2=C(c3ccc(F)cc3)C(=O)NC2C)cc2c1OCC(=O)N2
CHEMBL48358,GR,5.560,,1,0,,exact,C=C1C=CCC(C)(C)C1Cc1cc(OC)c(Br)cc1O
CHEMBL3899942,GR,8.850,,1,0,Active,exact,C[C@H](NC(=O)c1ccccc1)[C@H](Oc1ccc2c(cnn2-c2ccc(F)cc2)c1)c1ccccc1
CHEMBL94749,GR,6.680,,1,0,Active,exact,CC1=CC(C)(C)Nc2ccc3c(c21)C(c1ccc(Cl)c(C)c1)Oc1ccc(F)cc1-3
CHEMBL1911143,GR,6.380,,1,0,Active,exact,CC(C)(C(=O)Nc1nncs1)C1c2ccccc2Oc2ncccc21
CHEMBL462100,GR,7.680,,2,2,Active,exact,CC[C@@]12CC[C@](O)(c3ccccc3)C[C@H]1CCc1cc(O)ccc12
CHEMBL5074740,GR,8.705,,2,0,Active,exact,CC(C)C[C@@H](CN(CC(=O)N[C@H](C(N)=O)[C@@H](C)O)S(=O)(=O)CCN)NC(=O)[C@H](CC(C)C)NC(=O)[C@H](Cc1c[nH]c2ccccc12)NC(=O)[C@H](CCC(N)=O)NC(=O)[C@@H](NC(=O)[C@H](Cc1ccccc1)NC(=O)[C@H](CC(=O)O)NC(=O)[C@H](CCC(N)=O)NC(=O)[C@H](C)NC(=O)[C@H](CCCNC(=N)N)NC(=O)[C@H](CCCNC(=N)N)NC(=O)[C@H](CO)NC(=O)[C@H](CC(=O)O)NC(=O)[C@H](CC(C)C)NC(=O)[C@H](Cc1ccc(O)cc1)NC(=O)[C@H](CCCCN)NC(=O)[C@H](CO)NC(=O)[C@H](Cc1ccc(O)cc1)NC(=O)[C@H](CC(=O)O)NC(=O)[C@H](CO)NC(=O)[C@@H](NC(=O)[C@H](Cc1ccccc1)NC(=O)[C@@H](NC(=O)CNC(=O)[C@H](CCC(N)=O)NC(=O)CNC(=O)[C@@H](N)Cc1cnc[nH]1)[C@@H](C)O)[C@@H](C)O)C(C)C
CHEMBL3126952,GR,8.055,,2,0,Active,exact,Cc1ccc(F)cc1C(C)(C)CC(O)(Cc1cc2cc(-c3ccccc3)nnc2[nH]1)C(F)(F)F
CHEMBL376140,GR,,4.523,0,1,Inactive,censored,CN(C)c1cc(NC(=O)CNC(C)(C)C)c(O)c2c1C[C@H]1C[C@H]3[C@H](N(C)C)C(O)=C(C(N)=O)C(=O)[C@@]3(O)C(O)=C1C2=O
CHEMBL13828,GR,,4.523,0,1,Inactive,censored,O=c1[nH]c2ccccc2n1CCCN1CCN(C(c2ccccc2)c2ccccc2)CC1
CHEMBL5831766,GR,,5.301,0,1,,censored,Cc1cn(C)c2ncc(C(=O)Nc3ccc(C(F)(F)F)cc3)c(Cl)c12
CHEMBL5980559,GR,,5.000,0,1,,censored,CC1(C)C(=O)N(c2ccc(C#N)c(C(F)(F)F)c2)C(=S)N1c1ccc(CNC(=O)c2cccnc2)c(F)c1
CHEMBL342819,GR,,5.301,0,1,,censored,COc1cccc2c1-c1ccc3c(c1C(C(N)=O)O2)C(C)=CC(C)(C)N3
CHEMBL247417,GR,5.520,,1,0,,exact,O=C1C=C2CCN(S(=O)(=O)c3cccc([N+](=O)[O-])c3)CC2(Cc2ccccc2)CC1
CHEMBL5817919,GR,6.560,,1,0,Active,exact,Cc1nn(-c2ccc(Br)cc2)c2ncc(C(=O)Nc3ccc(Cl)cc3)c(Cl)c12
CHEMBL225071,GR,,4.523,0,1,Inactive,censored,Cc1nc(=O)c2cc(CN(C)c3ccc(C(=O)N[C@@H](CCC(=O)O)C(=O)O)s3)ccc2[nH]1
CHEMBL1201323,GR,,5.000,0,1,,censored,NCCc1cc[nH]n1
CHEMBL980,GR,,4.523,0,1,Inactive,censored,COc1ccccc1OCC(O)CO
CHEMBL138197,GR,7.750,,1,0,Active,exact,C/C=C\C1Oc2cccc(OC)c2-c2ccc3c(c21)C(C)=CC(C)(C)N3
CHEMBL311662,GR,8.600,,5,0,Active,exact,C[C@]12Cc3cnn(-c4ccc(F)cc4)c3C=C1CCC[C@@H]2[C@](C)(O)c1ccc(F)cc1
CHEMBL237122,GR,5.750,,1,0,,exact,COC(=O)[C@@H]1CC2=CC(=O)CC[C@]2(C)C2C1C1CC[C@@]3(CCC(=O)O3)[C@@]1(C)[C@H]1O[C@@H]21
CHEMBL5954074,GR,6.560,,1,0,Active,exact,COc1ccccc1NC(=O)c1cnc2c(c(C)nn2C)c1Cl
CHEMBL1254080,GR,7.400,,3,0,Active,exact,COc1ccc(-c2ccccc2)cc1C(C)(C)CC(O)(Cc1cc2ccncc2[nH]1)C(F)(F)F
CHEMBL3735046,GR,8.575,,2,0,Active,exact,O=C(c1ccccn1)[C@]12Cc3cnn(-c4ccc(F)cc4)c3C=C1CCN(S(=O)(=O)c1ccc(F)c(C(F)(F)F)c1)C2
CHEMBL3892759,GR,9.680,,1,0,Active,exact,CCc1ccc([C@@H](Oc2ccc3c(cnn3-c3ccc(F)cc3)c2)[C@H](C)NC(=O)CO)cc1
CHEMBL185524,GR,8.540,,1,0,Active,exact,CC(=O)NCCOc1cccc(Oc2ccc(CN(Cc3ccccc3)c3cccc(NS(C)(=O)=O)c3C)cc2)c1
CHEMBL5929222,GR,7.900,,2,0,Active,exact,CC(C)[C@H](NC(=O)C(F)(F)F)[C@H](Oc1cc2cnn(-c3ccc(=O)n(C)c3)c2cc1Cl)c1ccccc1
CHEMBL4440231,GR,7.100,,1,0,Active,exact,CNC(=O)C[C@H]1COc2cc(F)c(OC(C)C)cc2N1C(=O)c1ccc2c(c1)NC(=O)CO2
CHEMBL3126949,GR,8.145,,2,0,Active,exact,Cc1ccc(F)cc1C(C)(C)C[C@@](O)(Cc1cc2ncncc2[nH]1)C(F)(F)F
CHEMBL6006344,GR,6.560,,1,0,Active,exact,Cc1ccc(-n2nc(C)c3c(Cl)c(C(=O)Nc4ccc(C(F)(F)F)cc4)cnc32)cc1
CHEMBL99046,GR,8.330,,3,0,Active,exact,COc1cccc2c1-c1ccc3c(c1C(c1ccccc1)O2)C(C)=CC(C)(C)N3
CHEMBL236229,GR,7.835,,2,0,Active,exact,CCC1(CC(O)(CNc2cccc3cnccc23)C(F)(F)F)CCCc2ccccc21
CHEMBL592,GR,,5.000,0,1,,censored,CN1CC[C@]23CCCC[C@H]2[C@H]1Cc1ccc(O)cc13
CHEMBL402063,GR,6.205,,2,2,Active,exact,C/C=C1/C(=O)C[C@H]2[C@@H]3CCC4=CC(=O)CC[C@]4(C)[C@H]3CC[C@]12C
CHEMBL2426635,GR,7.535,,2,0,Active,exact,CCC(c1ccc2c(cnn2-c2ccc(F)cc2)c1)C(C)(C)C(=O)Nc1nccs1
CHEMBL5877023,GR,6.560,,1,0,Active,exact,COc1ccc(-n2nc(C)c3c(Cl)c(C(=O)Nc4ccc(C(F)(F)F)cc4)cnc32)cc1
CHEMBL393920,GR,7.950,,1,0,Active,exact,CCC1(CC(O)(CNc2cccc3ncccc23)C(F)(F)F)CCCc2ccccc21
CHEMBL391942,GR,8.120,,1,0,Active,exact,CCC1(CC(O)(Cc2[nH]c3ccccc3c2C#N)C(F)(F)F)CCCc2ccccc21
CHEMBL1684347,GR,8.040,,3,0,Active,exact,C[C@H]1c2c(cc(F)c(-c3cccc4c(Cl)c[nH]c34)c2F)NC(C)(C)[C@@H]1OC(=O)Nc1ccccc1
CHEMBL1257015,GR,,4.523,0,1,Inactive,censored,COc1ccc(C(=O)NCc2cccnc2)cc1C(=O)NCc1cccnc1
CHEMBL50023,GR,5.270,,1,1,,exact,C=C1C=C(C)CC(C)(C)C1Cc1ccc([N+](=O)[O-])cc1
CHEMBL8394,GR,8.280,,1,0,Active,exact,C=CCC1Oc2cccc(SC)c2-c2ccc3c(c21)C(C)=CC(C)(C)N3
CHEMBL5999469,GR,6.560,,1,0,Active,exact,Cc1cccc(Cn2ncc3c(Cl)c(C(=O)Nc4ccc(C(F)(F)F)cc4)cnc32)n1
CHEMBL243656,GR,8.850,,1,0,Active,exact,COc1c(O)ccc2c1-c1ccc3c(c1/C(=C/c1sccc1C(O)C(F)(F)F)O2)C(C)=CC(C)(C)N3
CHEMBL1214598,GR,,4.523,0,1,Inactive,censored,CCOC(=O)c1c(CSc2ccccc2)n(C)c2cc(Br)c(O)c(CN(C)C)c12
CHEMBL380790,GR,7.750,,1,0,Active,exact,C[C@@H]1CCO[C@@]2(CCC3=Cc4c(cnn4-c4ccc(F)cc4)C[C@@]32C)O1
CHEMBL5613159,GR,5.950,,1,0,,exact,COCC[C@@]12CC[C@@]3(C)C[C@@H](O)CC3=C1CCc1cc(Nc3cncnc3C)ccc12
CHEMBL5995401,GR,7.250,,2,0,Active,exact,CC(C)[C@H](NC(=O)C(C)(F)F)[C@H](Oc1ccc2c(cnn2-c2ccc(=O)n(C)c2)c1)c1cc(Cl)cc(Cl)c1
CHEMBL3261399,GR,,5.000,0,1,,censored,COc1ccccc1S(=O)(=O)N[C@@H](C)COc1cccc2ncccc12
CHEMBL268220,GR,7.300,,1,0,Active,exact,Cc1c(NS(C)(=O)=O)cccc1N(Cc1ccccc1)Cc1ccc(Oc2ccc(CCCC(=O)NCCO[C@H]3CC[C@@]4(C)[C@@H](C3)C[C@@H](O)[C@@H]3[C@@H]4C[C@H](O)[C@]4(C)[C@@H]([C@H](C)CCC(=O)O)CC[C@@H]34)cc2)cc1
CHEMBL865,GR,,4.523,0,1,Inactive,censored,Cc1onc(-c2ccccc2)c1-c1ccc(S(N)(=O)=O)cc1
CHEMBL700,GR,,5.000,0,1,,censored,Nc1ccc(S(=O)(=O)Nc2ccccn2)cc1
CHEMBL3706951,GR,8.770,,1,0,Active,exact,COc1c(O)ccc2c1-c1ccc3c(c1/C(=C/c1ccc(Cl)cc1)O2)C(C)=CC(C)(C)N3
CHEMBL2426154,GR,7.890,,1,1,Active,exact,CC(C)(C(=O)Nc1nccs1)C(c1ccccc1)c1ccc2cncn2c1
CHEMBL3120319,GR,9.590,,1,0,Active,exact,C/C(=C1/c2ccccc2COc2ccccc21)c1cccc(NS(C)(=O)=O)c1
CHEMBL216273,GR,8.000,,1,0,Active,exact,COc1ccc(F)cc1C(C)(C)CC(O)(CN1C[C@@H](C)C(=O)[C@@H](C)C1)C(F)(F)F
CHEMBL473801,GR,7.710,,3,1,Active,exact,C[C@@]1(C(=O)Nc2nccs2)CC2(C#N)c3ccccc3C1c1ccccc12
CHEMBL5867782,GR,6.560,,1,0,Active,exact,Cc1nn(CC2CCN(C)CC2)c2ncc(C(=O)Nc3ccc(C(F)(F)F)cc3)c(Cl)c12
CHEMBL1201,GR,,4.523,0,1,Inactive,censored,CN1CCN(CC/C=C2/c3ccccc3Sc3ccc(S(=O)(=O)N(C)C)cc32)CC1
CHEMBL377176,GR,7.900,,1,0,Active,exact,Cc1noc(=O)c2ccc(NC(=O)C(O)(CC3CCCc4c3cccc4[N+](=O)[O-])C(F)(F)F)cc12
CHEMBL2105695,GR,4.640,,1,0,Inactive,exact,CCOC(=O)[C@@H](N)Cc1ccc(-c2cc(O[C@H](c3ccc(Cl)cc3-n3ccc(C)n3)C(F)(F)F)nc(N)n2)cc1
CHEMBL3263760,GR,5.560,,1,0,,exact,COc1nc(C2=NN(c3ccc(C#N)c(C)c3)[C@@H](C3CCCC3)C2)ccc1C(N)=O
CHEMBL1911654,GR,7.400,,2,0,Active,exact,COc1ccc(F)cc1C(C)(C)CC(O)(Cc1cc2ccc(C#N)cc2[nH]1)C(F)(F)F
CHEMBL3138340,GR,6.570,,1,0,Active,exact,Cc1c(NS(C)(=O)=O)cccc1N(Cc1ccc(Oc2ccc(CCC(=O)NCCO[C@@H]3CC[C@]4(C)[C@H](C3)C[C@H](O)[C@@H]3[C@@H]4C[C@@H](O)[C@]4(C)[C@H]3CC[C@H]4[C@@H](C)CCC(=O)O)cc2)cc1)Cc1ccc(F)cc1F
CHEMBL4588402,GR,,4.800,0,1,Inactive,censored,NCC[C@H]1COc2cc(F)ccc2N1C(=O)c1ccc2c(c1)NC(=O)CO2
CHEMBL1668,GR,,5.000,0,1,,censored,COC(=O)[C@H]1[C@H]2C[C@@H]3c4[nH]c5cc(OC)ccc5c4CCN3C[C@H]2C[C@@H](OC(=O)/C=C/c2cc(OC)c(OC)c(OC)c2)[C@@H]1OC
CHEMBL3261415,GR,8.350,,3,0,Active,exact,Cc1ccc(-n2ncc3c(NC[C@H](C)NS(=O)(=O)c4c(C)cc(C)cc4C)cccc32)cc1
CHEMBL1090477,GR,8.700,,1,0,Active,exact,CC#C[C@@]1(O)CC[C@@]2(Cc3ccccc3)c3ccc(C(=O)NCc4ccncc4)cc3CC[C@@H]2C1
CHEMBL4215262,GR,8.695,,2,0,Active,exact,COC(=O)[C@@]12CN(Cc3ccccc3)C[C@@H]1C[C@H]1[C@@H]3C[C@H](F)C4=CC(=O)C=C[C@]4(C)[C@@]3(F)[C@@H](O)C[C@@]12C
CHEMBL4862974,GR,,4.398,0,1,Inactive,censored,O=C(O)c1cc(C(F)(F)F)c2cc(N3CCC4(C=C(c5c(-c6c(Cl)cncc6Cl)noc5C5CC5)C4)CC3)ccc2n1
CHEMBL102403,GR,7.100,,1,0,Active,exact,CC1=CC(C)(C)Nc2ccc3c(c21)C(c1ccc(C)cc1)Oc1ccccc1-3
CHEMBL8209,GR,8.030,,1,0,Active,exact,C=CCC1Oc2cccc(C#N)c2-c2ccc3c(c21)C(C)=CC(C)(C)N3
CHEMBL3605919,GR,8.735,,2,0,Active,exact,COc1cc(F)ccc1-c1c(CN(C)Cc2ccccc2)[nH]c2c(NS(C)(=O)=O)cc(C(C)C)cc12
CHEMBL448,GR,,5.000,0,1,,censored,CCCC(C)C1(CC)C(=O)NC(=O)NC1=O
CHEMBL1436,GR,,4.523,0,1,Inactive,censored,CO/N=C(\C(=O)N[C@@H]1C(=O)N2C(C(=O)O)=C(COC(N)=O)CS[C@H]12)c1ccco1
CHEMBL799,GR,,4.523,0,1,Inactive,censored,O=C1CCc2cc(OCCCCc3nnnn3C3CCCCC3)ccc2N1
CHEMBL1237,GR,,4.523,0,1,Inactive,censored,NCCCC[C@H](N[C@@H](CCc1ccccc1)C(=O)O)C(=O)N1CCC[C@H]1C(=O)O
CHEMBL1475,GR,,4.523,0,1,Inactive,censored,Cc1cc2cc3c(C)cc(=O)oc3c(C)c2o1
CHEMBL384081,GR,8.100,,1,0,Active,exact,Cc1ccc(O)c(C(C)(C)CC(O)(Cn2ccc(=O)c3ccccc32)C(F)(F)F)c1
CHEMBL313972,GR,5.060,,1,0,,exact,C[C@H](Cc1ccc(O)c(O)c1)[C@@H](C)Cc1ccc(O)c(O)c1
CHEMBL3120320,GR,9.650,,1,0,Active,exact,CS(=O)(=O)Nc1cccc(C=C2c3ccccc3CCc3ccccc32)c1
CHEMBL2135460,GR,,4.523,0,1,Inactive,censored,NCCCC[C@H](NC(=O)[C@@H]1CCCN1C(=O)[C@@H]1CSSC[C@H](NC(=O)CNC(=O)CNC(=O)CN)C(=O)N[C@@H](Cc2ccc(O)cc2)C(=O)N[C@@H](Cc2ccccc2)C(=O)N[C@@H](CCC(N)=O)C(=O)N[C@@H](CC(N)=O)C(=O)N1)C(=O)NCC(N)=O
CHEMBL273658,GR,9.240,,1,0,Active,exact,C=CCC1Oc2ccc(O)c(Cl)c2-c2ccc3c(c21)C(C)=CC(C)(C)N3
CHEMBL1200699,GR,,4.523,0,1,Inactive,censored,C[C@H]1c2cccc(O)c2C(=O)C2=C(O)[C@]3(O)C(=O)C(C(N)=O)=C(O)[C@@H](N(C)C)[C@@H]3[C@@H](O)[C@@H]21.O
CHEMBL257152,GR,8.595,,2,0,Active,exact,Cc1cc(-c2ccc(F)c3cc[nH]c23)c(Cl)c2c1NC(C)(C)CC2C
CHEMBL5571662,GR,8.300,,1,0,Active,exact,CCN(C[C@@](O)(CNC(=O)c1cnn(-c2ccc(F)cc2)c1N)C(F)(F)F)C(=O)c1c(F)cccc1F
CHEMBL263506,GR,7.030,,1,0,Active,exact,Cc1c(NS(C)(=O)=O)cccc1N(Cc1ccc(Oc2ccccc2)cc1)Cc1cccc(CCCC(=O)NCCO[C@H]2CC[C@@]3(C)[C@@H](C2)C[C@@H](O)[C@@H]2[C@@H]3C[C@H](O)[C@]3(C)[C@@H]([C@H](C)CCC(=O)O)CC[C@@H]23)c1
CHEMBL2147566,GR,9.000,,1,0,Active,exact,CC(C)(CO)NC(=O)c1ccccc1CC[C@]1(O)CCC2=Cc3c(cnn3-c3ccc(F)cc3)C[C@@]21C
CHEMBL1911149,GR,7.610,,4,2,Active,exact,COc1ccc(-c2ccc3c(n2)Oc2ccccc2[C@@H]3C(C)(C)C(=O)Nc2nncs2)cc1
CHEMBL70503,GR,6.070,,1,0,Active,exact,CCOc1c(NS(C)(=O)=O)cccc1N(Cc1ccccc1)Cc1ccccc1
CHEMBL3666808,GR,8.890,,3,0,Active,exact,C[C@H](NC(=O)C(C)(F)F)[C@H](Oc1ccc2c(cnn2-c2cccc(C(=O)NC3CCCC3)c2)c1)c1ccc2c(c1)OCCO2
CHEMBL65497,GR,6.670,,1,0,Active,exact,COc1cccc2c1-c1ccc(NS(C)(=O)=O)cc1C(c1cccc(O)c1)O2
CHEMBL440227,GR,8.360,,3,0,Active,exact,CC#C[C@]1(O)CC[C@H]2[C@@H]3CCC4=CC(=O)CCC4=C3[C@@H](c3ccc(N(C)Cc4ccc(CC(=O)O)cc4)cc3)C[C@@]21C
CHEMBL247420,GR,5.680,,1,0,,exact,CS(=O)(=O)Nc1cccc(S(=O)(=O)N2CCC3=CC(=O)CCC3(Cc3ccccc3)C2)c1
CHEMBL3605924,GR,6.940,,1,0,Active,exact,COc1cc(NS(C)(=O)=O)c2[nH]c(C)c(-c3cc(F)ccc3OC)c2c1
CHEMBL178,GR,6.960,,1,0,Active,exact,COc1cccc2c1C(=O)c1c(O)c3c(c(O)c1C2=O)C[C@@](O)(C(C)=O)C[C@@H]3O[C@H]1C[C@H](N)[C@H](O)[C@H](C)O1
CHEMBL398572,GR,7.820,,3,0,Active,exact,CCC1(CC(O)(Cc2ccnc3ccccc23)C(F)(F)F)CCCc2ccccc21
CHEMBL5848155,GR,6.560,,1,0,Active,exact,Cc1nn(-c2ccccc2)c2ncc(C(=O)Nc3cccc(Cl)c3)c(Cl)c12
CHEMBL230570,GR,7.720,,1,0,Active,exact,O=c1[nH]c(N2CCC(Cc3ccccc3)CC2)c(Cc2ccccc2)c(=O)[nH]1
CHEMBL247602,GR,6.120,,1,0,Active,exact,CC(=O)Nc1ccc(S(=O)(=O)N2CCC3=CC(=O)CCC3(Cc3ccccc3)C2)cc1
CHEMBL3093453,GR,8.060,,2,0,Active,exact,Cc1cc(C)c(S(=O)(=O)NC(Cc2c[nH]c3c(C#N)cc(C)cc23)C(F)(F)F)c(C)c1
CHEMBL2426142,GR,7.135,,2,0,Active,exact,CC(C)(C(=O)Nc1nncs1)C(c1ccccc1)c1ccc2c(-c3cccc(C#N)c3)ncn2c1
CHEMBL4211166,GR,8.620,,2,0,Active,exact,C[C@]12C=CC(=O)C=C1[C@@H](F)C[C@H]1[C@@H]3C[C@H]4CN(c5ccc(Cl)cc5)C[C@@]4(C(=O)CO)[C@@]3(C)C[C@H](O)[C@@]12F
CHEMBL5741346,GR,6.560,,1,0,Active,exact,O=C(Nc1ccc(C(F)(F)F)cc1)c1cnc2c(cnn2Cc2cccs2)c1Cl
CHEMBL5927561,GR,10.000,,1,0,Active,exact,C[C@@H]1C[C@H]2[C@@H]3C[C@H](F)C4=CC(=O)C=C[C@]4(C)[C@@]3(F)[C@@H](O)C[C@]2(C)[C@@]1(OC(=O)CCCCCCCCP(=O)(O)O)C(=O)SCF
CHEMBL1682429,GR,8.890,,1,0,Active,exact,Cc1cc(-c2cccc3cc[nH]c23)c(C#N)c2c1NC(C)(C)[C@H](O)[C@H]2C
CHEMBL1697841,GR,,4.523,0,1,Inactive,censored,CNC(C)CCC=C(C)C
CHEMBL5948488,GR,7.540,,1,0,Active,exact,CC(C)(c1nc2nccnc2[nH]1)[C@@H]1c2ccc(-c3ccc(F)nc3)nc2Oc2c(F)cccc21
CHEMBL382102,GR,8.920,,2,0,Active,exact,C=C[C@H]1OC2(CCCC3=Cc4c(cnn4-c4ccc(F)cc4)C[C@@]32C)O[C@@H]1C=C
CHEMBL391439,GR,6.410,,1,0,Active,exact,C[C@](c1ccc(F)cc1)(c1c[nH]c2c(NS(C)(=O)=O)cccc12)C1CC1
CHEMBL1046,GR,,5.000,0,1,,censored,NCCCCCC(=O)O
CHEMBL479431,GR,7.700,,1,0,Active,exact,CCN(CC(O)(CNC(=O)c1cnn(-c2ccc(F)cc2)c1N)C(F)(F)F)C(=O)c1ccc(F)cc1Cl
CHEMBL231502,GR,7.420,,2,0,Active,exact,O=c1[nH]c(N2CCCC(c3ccccc3)C2)c(Cc2ccccc2)c(=O)[nH]1
CHEMBL3358948,GR,7.155,,2,0,Active,exact,Cc1ccc(C(C)(C)CC(O)(Cc2cc3cc(S(C)(=O)=O)ncc3[nH]2)C(F)(F)F)c(C(N)=O)c1
CHEMBL387607,GR,,5.000,0,1,,censored,Cc1cccc(S(=O)(=O)NC(C)Cc2c[nH]c3ccccc23)c1
CHEMBL6049981,GR,8.680,,1,0,Active,exact,CC(C)Oc1ccc(-c2ccc3c(n2)Oc2c(F)cccc2[C@@H]3C(C)(C)c2nc3nccnc3[nH]2)cc1Cl
CHEMBL4453035,GR,7.240,,1,0,Active,exact,CC#C[C@]1(O)CC[C@H]2[C@@H]3CCC4=CC(=O)CC[C@]4(C)[C@H]3[C@@H](c3ccc(N4CCCC4)cc3)C[C@@]21C
CHEMBL235800,GR,7.500,,3,0,Active,exact,CCC1(CC(O)(Cc2cc3ccccc3[nH]2)C(F)(F)F)CCCc2ccccc21
CHEMBL3261417,GR,8.210,,3,0,Active,exact,Cc1cc(C)c(S(=O)(=O)N[C@@H](C)CNc2cccc3c2cnn3-c2cccc(F)c2)c(C)c1
CHEMBL5613136,GR,6.170,,1,0,Active,exact,Cc1ncccc1Nc1ccc2c(c1)CCC1=C3C[C@H](O)C[C@]3(C)CC[C@]12C
CHEMBL413,GR,,4.523,0,1,Inactive,censored,CO[C@H]1C[C@@H]2CC[C@@H](C)[C@@](O)(O2)C(=O)C(=O)N2CCCC[C@H]2C(=O)O[C@H]([C@H](C)C[C@@H]2CC[C@@H](O)[C@H](OC)C2)CC(=O)[C@H](C)/C=C(\C)[C@@H](O)[C@@H](OC)C(=O)[C@H](C)C[C@H](C)/C=C/C=C/C=C/1C
CHEMBL35525,GR,6.060,,1,0,Active,exact,C[C@H]1C(=O)C(C)(C)Nc2ccc3c(c21)[C@H](c1cccc(F)c1)Oc1ccccc1-3
CHEMBL996,GR,,4.523,0,1,Inactive,censored,CO[C@@]1(NC(=O)Cc2cccs2)C(=O)N2C(C(=O)O)=C(COC(N)=O)CS[C@@H]21
CHEMBL1237044,GR,,4.523,0,1,Inactive,censored,COc1cccc(C2(O)CCCCC2CN(C)C)c1
CHEMBL296156,GR,5.200,,1,0,,exact,C=C1C[C@H](CO)CC(C)(C)[C@@H]1Cc1cc(OC)c(Br)cc1O
CHEMBL2022864,GR,8.430,,1,0,Active,exact,C[C@]12Cc3cnn(-c4ccccc4)c3C=C1CC[C@@H]1[C@@H]2[C@@H](O)C[C@@]2(C)[C@H]1CC[C@]2(O)C(=O)COc1cnc2ccccc2n1
CHEMBL2314997,GR,6.665,,2,0,Active,exact,CC[C@H]1OC(=O)[C@H](C)[C@@H](O[C@H]2C[C@@](C)(OC)[C@@H](O)[C@H](C)O2)[C@H](C)[C@@H](O[C@@H]2O[C@H](C)C[C@H](N(C)C)[C@H]2O)[C@](C)(O)C[C@@H](C)CN(CCCNC(=O)[C@H]2[C@H](C)C[C@H]3[C@@H]4C[C@H](F)C5=CC(=O)C=C[C@]5(C)[C@@]4(F)[C@@H](O)C[C@@]32C)[C@H](C)[C@@H](O)[C@]1(C)O
CHEMBL49,GR,,4.523,0,1,Inactive,censored,O=C1CC2(CCCC2)CC(=O)N1CCCCN1CCN(c2ncccn2)CC1
CHEMBL114,GR,,4.523,0,1,Inactive,censored,CC(C)(C)NC(=O)[C@@H]1C[C@@H]2CCCC[C@@H]2CN1C[C@@H](O)[C@H](Cc1ccccc1)NC(=O)[C@H](CC(N)=O)NC(=O)c1ccc2ccccc2n1
CHEMBL249856,GR,,5.000,0,1,,censored,CSc1ccc(C(=O)c2[nH]c(=O)[nH]c2C)cc1
CHEMBL483096,GR,6.220,,2,0,Active,exact,C[C@@H]1C[C@H]2[C@@H]3CCC4=CC(=O)C=C[C@]4(C)[C@@]3(F)[C@@H](O)C[C@]2(C)[C@@]1(O)C(N)=O
CHEMBL1668068,GR,7.800,,1,0,Active,exact,Cc1cc(C)c(S(=O)(=O)N[C@@H](C)CNc2cc(C)cc3c2cnn3-c2ccc(C#N)cc2)c(C)c1
CHEMBL1163598,GR,,5.000,0,1,,censored,Cc1ccc(C(=O)CC(Nc2ccc([N+](=O)[O-])cc2)c2cccc(F)c2)cc1
CHEMBL14370,GR,,4.523,0,1,Inactive,censored,CCOc1ccccc1OC(c1ccccc1)C1CNCCO1
CHEMBL498651,GR,7.760,,1,0,Active,exact,C=CCNC(=O)O[C@]1(C(=O)CO)[C@@H](C)C[C@H]2[C@@H]3CCC4=CC(=O)C=C[C@]4(C)[C@@]3(F)[C@@H](O)C[C@@]21C
CHEMBL5974596,GR,7.910,,1,0,Active,exact,COc1cc(Cc2ccc([C@H]3O[C@@H]4C[C@H]5[C@@H]6C[C@H](F)C7=CC(=O)C=C[C@]7(C)[C@@]6(F)[C@@H](O)C[C@]5(C)[C@]4(C(=O)CO)O3)cc2)ccc1N
CHEMBL255044,GR,,4.523,0,1,Inactive,censored,CCOC(=O)Nc1ccc(NCc2ccc(F)cc2)nc1N
CHEMBL3261170,GR,6.750,,2,0,Active,exact,Cc1cc(C)c(S(=O)(=O)N[C@@H](C)CNc2cccc3[nH]ncc23)c(C)c1
CHEMBL457,GR,,4.523,0,1,Inactive,censored,Cc1ccc(C)c(OCCCC(C)(C)C(=O)O)c1
CHEMBL235209,GR,6.780,,1,0,Active,exact,C[C@@](c1ccc(F)cc1)(c1c[nH]c2c(NS(C)(=O)=O)cccc12)C1CC1
CHEMBL1093774,GR,6.560,,1,0,Active,exact,Cc1noc(C)c1-c1ccc(CNC(=O)c2cnc3c(c(C)nn3C)c2Cl)cc1
CHEMBL464,GR,,5.000,0,1,,censored,CCOC(=O)/C=C(C)/C=C/C=C(C)/C=C/c1c(C)cc(OC)c(C)c1C
CHEMBL5274425,GR,5.405,,2,1,,exact,O=C(c1ccco1)N1CCCc2cc(NS(=O)(=O)c3ccc([N+](=O)[O-])cc3)ccc21
CHEMBL1940688,GR,7.160,,1,0,Active,exact,C[C@@H]1C[C@H]2[C@@H]3CCC4=CC(=O)C=C[C@]4(C)[C@H]3[C@@H](O)C[C@]2(C)[C@@]1(O)C(=O)CSc1nc2ccccc2n1C
CHEMBL1801004,GR,7.680,,9,0,Active,exact,CC(C)(C(=O)Nc1nncs1)[C@@H](c1ccccc1)c1ccc(O)cc1
CHEMBL248027,GR,7.890,,1,0,Active,exact,CN(C)S(=O)(=O)Nc1ccc(CC23CCC(=O)C=C2CCN(S(=O)(=O)c2ccc(C(C)(C)C)cc2)C3)cc1
CHEMBL1902981,GR,,4.523,0,1,Inactive,censored,CCc1ccc(C(=O)C(C)CN2CCCCC2)cc1
CHEMBL8027,GR,8.270,,1,0,Active,exact,C=CCC1Oc2ccc(Br)c(OC)c2-c2ccc3c(c21)C(C)=CC(C)(C)N3
CHEMBL66598,GR,7.090,,1,0,Active,exact,CCOc1cccc2c1-c1ccc(NS(C)(=O)=O)cc1C(c1ccccc1)O2
CHEMBL308204,GR,6.240,,1,0,Active,exact,Cc1c(NS(C)(=O)=O)cccc1N(Cc1ccccc1)Cc1cccc(C#N)c1
CHEMBL230989,GR,8.040,,1,0,Active,exact,O=c1[nH]c(N2CCC(c3ccccc3)CC2)c(Cc2cccc(Cl)c2)c(=O)[nH]1
CHEMBL1762198,GR,6.430,,1,0,Active,exact,CC1(C)C/C(=N\O)c2c(cc(F)c(-c3cccc4cc[nH]c34)c2F)N1
CHEMBL392376,GR,7.260,,4,0,Active,exact,C[C@]12Cc3cnn(-c4ccc(F)cc4)c3C=C1CC[C@@H]2[C@H](O)c1coc2ccccc12
CHEMBL1911545,GR,7.250,,1,1,Active,exact,COc1ccc(F)cc1C(C)(C)CC(O)(Cc1cc2cccc(C)c2[nH]1)C(F)(F)F
CHEMBL1672543,GR,,5.368,0,1,,censored,Cn1cc(-c2ccc(C#N)cc2)c2ccc(NS(C)(=O)=O)cc21
CHEMBL4214133,GR,7.570,,3,0,Active,exact,CC(C)[C@H](NC(=O)C(C)(F)F)[C@H](Oc1ccc2c(cnn2-c2cc(C#N)c(=O)n(C)c2)c1)c1ccccc1
CHEMBL76370,GR,,4.523,0,1,Inactive,censored,CCCCCNC(=N)N/N=C/c1c[nH]c2ccc(OC)cc12
CHEMBL392309,GR,6.690,,1,0,Active,exact,COc1ccc(F)cc1C(C)(C)CC(O)(Cc1ccccc1Br)C(F)(F)F
CHEMBL2,GR,,4.523,0,1,Inactive,censored,COc1cc2nc(N3CCN(C(=O)c4ccco4)CC3)nc(N)c2cc1OC
CHEMBL5964258,GR,8.820,,1,0,Active,exact,Cc1nnn(-c2ccc(-c3ccc4c(n3)Oc3ccccc3[C@@H]4C(C)(C)C(=O)NC(N)=O)cc2)n1
CHEMBL3138128,GR,7.770,,1,0,Active,exact,Cc1c(NS(C)(=O)=O)cccc1N(Cc1ccccc1)Cc1ccc(Oc2ccc(CCC(=O)NCCO[C@@H]3CC[C@]4(C)[C@H](C3)C[C@H](O)[C@@H]3[C@@H]4C[C@@H](O)[C@]4(C)[C@H]3CC[C@H]4[C@@H](C)CCC(=O)O)cc2)cc1
CHEMBL6044775,GR,6.560,,1,0,Active,exact,O=C(Nc1ccc(Cl)cc1)c1cnc2c(c(Cl)nn2C2CCOCC2)c1Cl
CHEMBL244535,GR,9.520,,1,0,Active,exact,COc1c(O)ccc2c1-c1ccc3c(c1/C(=C/c1sccc1C(C)=O)O2)C(C)=CC(C)(C)N3
CHEMBL1201198,GR,,4.523,0,1,Inactive,censored,Cc1cccn2c(=O)c(-c3nnn[nH]3)cnc12
CHEMBL635,GR,6.425,,4,0,Active,exact,C[C@]12C=CC(=O)C=C1CC[C@@H]1[C@@H]2C(=O)C[C@@]2(C)[C@H]1CC[C@]2(O)C(=O)CO
CHEMBL5954085,GR,,7.000,0,1,,censored,CN(C(=O)CO)c1ccc([C@H]2C[C@@]3(C)[C@@H](CC[C@@]3(O)C#CC(C)(C)C)[C@@H]3CCC4=CC(=O)CCC4=C32)cc1
CHEMBL5887962,GR,6.910,,1,0,Active,exact,CC(C)(C(=O)NC(N)=O)[C@H]1c2ccccc2Oc2nc(-c3ccc(C(=O)N4CCCC4)c(Cl)c3)ccc21
CHEMBL5571494,GR,5.660,,1,0,,exact,Cc1ccc(NC(=O)c2ccc(NC(=O)c3ccc(S(=O)(=O)N4CCCc5ccccc54)cc3)s2)cc1
CHEMBL5812828,GR,8.780,,1,0,Active,exact,C[C@@H]1C[C@H]2[C@@H]3C[C@H](F)C4=CC(=O)C=C[C@]4(C)[C@@]3(F)[C@@H](O)C[C@]2(C)[C@@]1(O)C(=O)SCCOCCOCCP(=O)(O)O
CHEMBL1911278,GR,7.910,,5,0,Active,exact,CC(C)(C(=O)Nc1nncs1)[C@H]1c2ccccc2Oc2nc(-c3ccc(C(=O)N4CCOCC4)cc3)ccc21
CHEMBL361406,GR,7.430,,1,0,Active,exact,CC#C[C@]1(O)CC[C@H]2[C@@H]3CCC4=CC(=O)CCC4=C3[C@@H](c3ccc(N(C)C[C@@H](O)CC(=O)O)cc3)C[C@@]21C
CHEMBL1672544,GR,6.030,,1,0,Active,exact,CCn1cc(-c2ccc(C#N)cc2)c2ccc(NS(C)(=O)=O)cc21
CHEMBL3358953,GR,7.195,,2,0,Active,exact,CCS(=O)(=O)c1cc2cc(C[C@](O)(CC(C)(C)c3ccccc3C(N)=O)C(F)(F)F)[nH]c2cn1
CHEMBL5743540,GR,8.560,,1,0,Active,exact,CC(C)Oc1ccc(-c2ccc3c(n2)Oc2c(F)cccc2[C@@H]3C(C)(C)c2nc3nccnc3[nH]2)cn1
CHEMBL427216,GR,,5.000,0,1,,censored,Cc1ccc(S(=O)(=O)NC(=O)NN2CC3CCCC3C2)cc1
CHEMBL1230603,GR,8.700,,1,0,Active,exact,CCN(C[C@@](O)(CNC(=O)c1cnn(-c2ccc(F)cc2)c1N)C(F)(F)F)C(=O)c1c(Cl)cccc1Cl
CHEMBL182853,GR,,5.699,0,1,,censored,COc1cc(C(O)C2CCCC3=CC(=O)CCC32C)cc(OC)c1OC
CHEMBL440251,GR,9.100,,1,0,Active,exact,C#C[C@]1(O)CC[C@H]2[C@@H]3CCC4=CC(=O)CCC4=C3[C@@H](c3ccc(N(C)CCC[C@H]4[C@H](O)CC[C@@]5(C)[C@@H]4C[C@@H](O)[C@@H]4[C@@H]5C[C@H](O)[C@]5(C)[C@@H]([C@H](C)CCC(=O)O)CC[C@@H]45)cc3)C[C@@]21C
CHEMBL247049,GR,6.370,,1,0,Active,exact,O=C1C=C2CCN(S(=O)(=O)c3cccc(Cl)c3)CC2(Cc2ccccc2)CC1
CHEMBL633,GR,5.280,,1,0,,exact,CCCCc1oc2ccccc2c1C(=O)c1cc(I)c(OCCN(CC)CC)c(I)c1
CHEMBL4217184,GR,7.380,,1,0,Active,exact,N#Cc1ccc(O[C@H](c2cnc(C3CC3)nc2)[C@H](CO)NC(=O)C(F)(F)F)c(Br)c1
CHEMBL62118,GR,7.390,,1,0,Active,exact,COc1cccc2c1-c1ccc(NS(=O)(=O)N(C)C)cc1C(c1ccccc1)O2
CHEMBL1016,GR,,4.523,0,1,Inactive,censored,CCOc1nc2cccc(C(=O)O)c2n1Cc1ccc(-c2ccccc2-c2nnn[nH]2)cc1
CHEMBL135400,GR,,4.523,0,1,Inactive,censored,CN1CCN(C(=O)OC2c3nccnc3C(=O)N2c2ccc(Cl)cn2)CC1
CHEMBL946,GR,,4.523,0,1,Inactive,censored,CN1CCC(=C2c3ccccc3CCc3cccnc32)CC1
CHEMBL2314996,GR,5.620,,2,0,,exact,CC[C@H]1OC(=O)[C@H](C)[C@@H](O[C@H]2C[C@@](C)(OC)[C@@H](O)[C@H](C)O2)[C@H](C)[C@@H](O[C@@H]2O[C@H](C)C[C@H](N(C)C)[C@H]2O)[C@](C)(O)C[C@@H](C)CN(CCCNC(=O)[C@@]2(O)[C@H](C)C[C@H]3[C@@H]4C[C@H](F)C5=CC(=O)C=C[C@]5(C)[C@@]4(Cl)[C@@H](O)C[C@@]32C)[C@H](C)[C@@H](O)[C@]1(C)O
CHEMBL5929063,GR,8.020,,1,0,Active,exact,C[C@]12C=CC(=O)C=C1[C@@H](F)C[C@H]1[C@@H]3C[C@H]4O[C@@H](c5ccc(CSc6ccc(N)cc6)cc5)O[C@@]4(C(=O)CO)[C@@]3(C)C[C@H](O)[C@@]12F
CHEMBL1668087,GR,8.100,,1,0,Active,exact,Cc1cc(NC[C@H](C)NS(=O)(=O)C2CC2)c2cnn(-c3cccc(C(=O)NCC(N)=O)c3)c2c1
CHEMBL3126947,GR,6.080,,1,0,Active,exact,CC(C)(CC(O)(Cc1cc2ncncc2[nH]1)C(F)(F)F)c1cccc(S(C)(=O)=O)c1
CHEMBL5968703,GR,5.560,,1,0,,exact,COCCn1cnc2c(Cl)c(C(=O)Nc3ccc(C(F)(F)F)cc3)cnc21
CHEMBL54270,GR,5.660,,1,0,,exact,C=C1C=C(C)CC(C)(C)C1Cc1cc(OC)c(Br)cc1OC(C)=O
CHEMBL462394,GR,,5.000,0,1,,censored,CC(=O)Nc1c(I)c(C(=O)N[C@H]2C(O)O[C@H](CO)[C@@H](O)[C@@H]2O)c(I)c(N(C)C(C)=O)c1I
CHEMBL1091440,GR,5.560,,1,0,,exact,Cc1noc(C)c1-c1ccc(CNC(=O)c2cnc3c(c(C)nn3-c3ccccc3)c2Cl)cc1
CHEMBL4067685,GR,,4.523,0,1,Inactive,censored,O=S(=O)(c1ccc(Br)cc1)N(Cc1ccccc1)c1ccc(Oc2ccccc2)cc1
CHEMBL5843317,GR,8.800,,1,0,Active,exact,CNC(=O)NC(=O)C(C)(C)[C@@H]1c2ccc(-c3ccc(OC(C)C)cc3)nc2Oc2c(F)cccc21
CHEMBL1644760,GR,8.800,,5,0,Active,exact,Cc1cc(-c2cccc3cc[nH]c23)c(Cl)c2c1NC(C)(C)C(O)C2C
CHEMBL1940554,GR,7.240,,1,0,Active,exact,C[C@]12C=CC(=O)C=C1CC[C@@H]1[C@@H]2[C@@H](O)C[C@@]2(C)[C@H]1CC[C@]2(O)C(=O)CSc1nc2ncccc2[nH]1
CHEMBL1078261,GR,,4.523,0,1,Inactive,censored,CCCOC(C(=O)OC1CCN(C)CC1)(c1ccccc1)c1ccccc1
CHEMBL3706944,GR,8.570,,1,0,Active,exact,COc1c(O)ccc2c1-c1ccc3c(c1/C(=C/c1cccc(C(F)(F)F)c1)O2)C(C)=CC(C)(C)N3
CHEMBL1684359,GR,7.660,,3,0,Active,exact,CC(=O)c1cccc(NC(=O)O[C@@H]2[C@@H](C)c3c(cc(F)c(-c4cccc5cc[nH]c45)c3F)NC2(C)C)c1
CHEMBL218830,GR,6.960,,1,0,Active,exact,COc1ccc(F)cc1C(C)(C)CC(O)(CN1C[C@H](C)O[C@@H](C)C1)C(F)(F)F
CHEMBL2426665,GR,8.535,,4,0,Active,exact,CC(C)(C(=O)Nc1nccs1)[C@@H](c1ccccc1)c1ccc2c(cnn2-c2ccc(F)cc2)c1
CHEMBL5289825,GR,5.935,,2,1,,exact,O=C(c1ccco1)N1CCCc2cc(N(S(=O)(=O)c3cc4ccccc4s3)S(=O)(=O)c3cc4ccccc4s3)ccc21
CHEMBL1682428,GR,7.780,,1,0,Active,exact,Cc1cc(-c2cccc3cc[nH]c23)c(/C=C/C#N)c2c1NC(C)(C)[C@H](O)[C@H]2C
CHEMBL1730,GR,,4.523,0,1,Inactive,censored,CO/N=C(\C(=O)N[C@@H]1C(=O)N2C(C(=O)O)=C(COC(C)=O)CS[C@H]12)c1csc(N)n1
CHEMBL3421886,GR,8.770,,2,0,Active,exact,CC#C[C@]1(O)C[C@H]2CCc3cc(O)ccc3[C@]2(CC)C[C@@]1(C)O
CHEMBL681,GR,,5.000,0,1,,censored,CCOC(=O)c1cncn1[C@H](C)c1ccccc1
CHEMBL419633,GR,7.550,,3,0,Active,exact,Cc1c(NS(C)(=O)=O)cccc1N(Cc1ccccc1)Cc1ccccc1
CHEMBL5078729,GR,,6.000,0,1,,censored,CC(C)C[C@@H](CN(CC(=O)N[C@H](C(N)=O)[C@@H](C)O)S(=O)(=O)CCN)NC(=O)[C@H](CC(C)C)NC(=O)CN(C[C@H](CCCCN)NC(=O)[C@@H](NC(=O)[C@H](Cc1ccccc1)NC(=O)[C@H](CC(=O)O)NC(=O)[C@H](CCC(N)=O)NC(=O)[C@H](C)NC(=O)[C@H](CCCNC(=N)N)NC(=O)[C@H](CCCNC(=N)N)NC(=O)[C@H](CO)NC(=O)[C@H](CC(=O)O)NC(=O)[C@H](CC(C)C)NC(=O)[C@H](Cc1ccc(O)cc1)NC(=O)[C@H](CCCCN)NC(=O)[C@H](CO)NC(=O)[C@H](Cc1ccc(O)cc1)NC(=O)[C@H](CC(=O)O)NC(=O)[C@H](CO)NC(=O)[C@@H](NC(=O)[C@H](Cc1ccccc1)NC(=O)[C@@H](NC(=O)CNC(=O)[C@H](CCC(N)=O)NC(=O)[C@H](CO)NC(=O)[C@@H](N)Cc1cnc[nH]1)[C@@H](C)O)[C@@H](C)O)C(C)C)S(=O)(=O)c1ccc(Cl)cc1
CHEMBL1201288,GR,,5.000,0,1,,censored,O=C1CN(/N=C/c2ccc(-c3ccc([N+](=O)[O-])cc3)o2)C(=O)N1
CHEMBL3261403,GR,6.390,,1,0,Active,exact,Cc1ccc(S(=O)(=O)N[C@@H](C)COc2cccc3cnccc23)c(C)c1
CHEMBL4519264,GR,5.300,,1,0,,exact,O=C(O)C[C@H]1COc2cc(Cl)ccc2N1C(=O)c1ccc2c(c1)NC(=O)CO2
CHEMBL63323,GR,,5.000,0,1,,censored,O=C(O)c1cccnc1Nc1cccc(C(F)(F)F)c1
CHEMBL3545985,GR,,5.000,0,1,,censored,C[C@@H](Cc1ccccc1)N(C)Cc1ccccc1
CHEMBL3120321,GR,,7.000,0,1,,censored,CCOc1cccc2c1/C(=C(/CC)c1cccc(N(CC)S(C)(=O)=O)c1)c1ccccc1OC2
CHEMBL50849,GR,5.590,,1,0,,exact,COc1cc(CC2C(C)(C)CC(C)=CC23CC3)c(OC(C)=O)cc1Br
CHEMBL4067017,GR,9.045,,2,0,Active,exact,Cc1ccnc(C(=O)[C@]23Cc4cnn(-c5ccc(F)cc5)c4C=C2CCN(S(=O)(=O)c2ccc(F)c(F)c2)C3)c1
CHEMBL960,GR,,4.523,0,1,Inactive,censored,Cc1oncc1C(=O)Nc1ccc(C(F)(F)F)cc1
CHEMBL2107431,GR,,4.523,0,1,Inactive,censored,C#C[C@]1(O)CC[C@H]2[C@@H]3CCC4=CCCC[C@@H]4[C@H]3CC[C@@]21C
CHEMBL5885878,GR,6.560,,1,0,Active,exact,Cc1nn(CCCN2CCCC2)c2ncc(C(=O)Nc3ccc(C(F)(F)F)cc3)c(Cl)c12
CHEMBL2419302,GR,,5.000,0,1,,censored,O=C1COc2ccc(C3=C(c4ccc(F)cc4)C(=O)OC3)cc2N1
CHEMBL3582121,GR,7.185,,2,0,Active,exact,CC1(C)Nc2c(cc(-c3cncc4nccn34)c3c2CCC3)C(C)(C)C1=O
CHEMBL4203199,GR,7.500,,3,0,Active,exact,CCCn1cc(-n2ncc3cc(O[C@H](c4ccccc4)[C@H](C)NC(=O)C(C)(F)F)ccc32)ccc1=O
CHEMBL4213791,GR,7.350,,1,0,Active,exact,C[C@]12C=CC(=O)C=C1[C@@H](F)C[C@H]1[C@@H]3C[C@H]4CN(Cc5cccc(Cl)c5)C[C@@]4(C(=O)SCF)[C@@]3(C)C[C@H](O)[C@@]12F
CHEMBL5982926,GR,6.560,,1,0,Active,exact,COc1ccc(Cn2nc(C)c3c(Cl)c(C(=O)Nc4ccc(C(F)(F)F)cc4)cnc32)cn1
CHEMBL862,GR,,4.523,0,1,Inactive,censored,N=C(N)NC(=O)Cc1c(Cl)cccc1Cl
CHEMBL9,GR,,5.000,0,1,,censored,CCn1cc(C(=O)O)c(=O)c2cc(F)c(N3CCNCC3)cc21
CHEMBL4069804,GR,,4.523,0,1,Inactive,censored,N#Cc1ccc(S(=O)(=O)N(CCCc2ccccc2)c2ccc(Oc3ccccc3)cc2)cc1
CHEMBL6017776,GR,,5.301,0,1,,censored,Cn1cc(CO)c2c(Cl)c(C(=O)Nc3ccc(C(F)(F)F)cc3)cnc21
CHEMBL419479,GR,8.470,,1,0,Active,exact,Cc1ccc(C[C@H](O)[C@H]2CCCC3=Cc4c(cnn4-c4ccc(F)cc4)C[C@@]32C)cc1
CHEMBL3093451,GR,6.550,,1,1,Active,exact,Cc1cc(C)c(S(=O)(=O)NC(Cc2c[nH]c3cc(C#N)ccc23)C(F)(F)F)c(C)c1
CHEMBL294800,GR,9.000,,1,0,Active,exact,COc1cccc2c1-c1ccc(NS(C)(=O)=O)cc1C(c1cccc(C)c1)O2
CHEMBL218006,GR,,4.301,0,1,Inactive,censored,C[C@H](NC1=NC(=O)[C@@](C)(C(F)(F)F)S1)c1ccccc1F
CHEMBL414318,GR,9.380,,1,0,Active,exact,C#C[C@]1(O)CC[C@H]2[C@@H]3CCC4=CC(=O)CCC4=C3[C@@H](c3ccc(N(C)CCOC4CC[C@@]5(C)[C@@H](C4)C[C@@H](O)[C@@H]4[C@@H]5C[C@H](O)[C@]5(C)[C@@H]([C@H](C)CCC(=O)NCC(=O)O)CC[C@@H]45)cc3)C[C@@]21C
CHEMBL473,GR,,4.523,0,1,Inactive,censored,CN(CCOc1ccc(NS(C)(=O)=O)cc1)CCc1ccc(NS(C)(=O)=O)cc1
CHEMBL2023236,GR,8.150,,1,0,Active,exact,C[C@]12Cc3cnn(C4CCCCC4)c3C=C1CC[C@@H]1[C@@H]2[C@@H](O)C[C@@]2(C)[C@H]1CC[C@]2(O)C(=O)CSc1nc2ccccc2s1
CHEMBL406064,GR,9.800,,1,0,Active,exact,C#C[C@]1(O)CC[C@H]2[C@@H]3CCC4=CC(=O)CCC4=C3[C@@H](c3ccc(N(C)CCOC4CC[C@@]5(C)[C@H](CC[C@@H]6[C@@H]5C[C@H](O)[C@]5(C)[C@@H]([C@H](C)CCC(=O)O)CC[C@@H]65)C4)cc3)C[C@@]21C
CHEMBL89598,GR,,5.000,0,1,,censored,C=CC(N)CCC(=O)O
CHEMBL2095209,GR,,4.523,0,1,Inactive,censored,CC/C=C\C/C=C\C/C=C\C/C=C\C/C=C\CCCC(=O)OCC
CHEMBL340978,GR,,4.523,0,1,Inactive,censored,CC(C(=O)O)c1ccc2oc(-c3ccc(Cl)cc3)nc2c1
CHEMBL572,GR,,5.000,0,1,,censored,O=C1CN(/N=C/c2ccc([N+](=O)[O-])o2)C(=O)N1
CHEMBL375927,GR,4.460,,1,0,Inactive,exact,COc1cc(C[C@@H](C)[C@H](C)Cc2ccc(O)c(OC)c2)ccc1O
CHEMBL5862949,GR,,5.301,0,1,,censored,Cc1nc2c(Cl)c(C(=O)Nc3ccc(Cl)cc3)cnc2n1C
CHEMBL5987042,GR,9.370,,1,0,Active,exact,CCS(=O)(=O)c1ccc(-c2ccc3c(n2)Oc2c(F)cccc2[C@@H]3C(C)(C)C(=O)NC(N)=O)cc1
CHEMBL206278,GR,6.720,,2,0,Active,exact,C=CCSCC1=CC(C)(C)Nc2ccc(-c3cc(F)ccc3OC)cc21
CHEMBL138957,GR,6.970,,1,0,Active,exact,COc1cccc2c1-c1ccc3c(c1C(CCO)O2)C(C)=CC(C)(C)N3
CHEMBL1257572,GR,8.300,,7,0,Active,exact,Cc1ccc2c(NCC(O)(CC(C)(C)c3cc(F)ccc3O)C(F)(F)F)cccc2n1
CHEMBL371311,GR,7.140,,3,0,Active,exact,C[C@]12Cc3cnn(-c4ccc(F)cc4)c3C=C1CCC21OCCO1
CHEMBL4482892,GR,6.890,,1,0,Active,exact,O[C@]1(Cc2ccccc2)CCCCC[C@@]12C=Cc1c(cnn1-c1ccc(F)cc1)C2
CHEMBL396669,GR,,5.886,0,1,,censored,COc1ccc(F)cc1C(C)(C)CC(O)(CCc1ccccc1)C(F)(F)F
CHEMBL5078078,GR,,5.000,0,2,,censored,CC(C)(O)c1ccc(N2Cc3c(ccnc3-c3ccc(F)cc3OCC(F)(F)F)C2=O)cc1
CHEMBL526106,GR,9.300,,1,0,Active,exact,CCC(C)NC(=O)O[C@]1(C(=O)CO)[C@@H](C)C[C@H]2[C@@H]3CCC4=CC(=O)C=C[C@]4(C)[C@@]3(F)[C@@H](O)C[C@@]21C
CHEMBL474965,GR,6.495,,2,0,Active,exact,CN(C(=O)C1(C)CC2c3ccccc3C1c1ccccc12)c1nccs1
CHEMBL4571052,GR,7.800,,3,0,Active,exact,CC#C[C@]1(O)CC[C@H]2[C@@H]3CCC4=CC(=O)CC[C@]4(C)[C@H]3[C@@H](c3ccc(N(C)C)cc3)C[C@@]21C
CHEMBL303933,GR,,4.523,0,1,Inactive,censored,Clc1ccc2c(N3CCN(CCCN4CCN(c5ccnc6cc(Cl)ccc56)CC4)CC3)ccnc2c1
CHEMBL1254079,GR,7.710,,4,0,Active,exact,Cc1ccc(F)cc1C(C)(C)CC(O)(Cc1cc2ccncc2[nH]1)C(F)(F)F
CHEMBL194745,GR,7.520,,2,0,Active,exact,CC(C)(CC(O)(C(=O)Nc1ccc2c(c1)COC2=O)C(F)(F)F)c1cc(F)ccc1O
CHEMBL203657,GR,,5.699,0,1,,censored,COC(=O)CSCC1=CC(C)(C)Nc2ccc(-c3ccccc3OC)cc21
CHEMBL250270,GR,,4.523,0,1,Inactive,censored,COC(=O)C1=C(C)NC(C)=C(C(=O)OC(C)(C)CN(C)CCC(c2ccccc2)c2ccccc2)C1c1cccc([N+](=O)[O-])c1
CHEMBL3932081,GR,8.550,,1,0,Active,exact,CC(C)S(=O)(=O)N[C@@H](C)[C@H](Oc1ccc2c(cnn2-c2ccc(F)cc2)c1)c1ccccc1
CHEMBL101914,GR,6.810,,1,0,Active,exact,CC1=CC(C)(C)Nc2ccc3c(c21)C(c1ccccc1)Oc1ccccc1-3
CHEMBL263814,GR,6.250,,1,0,Active,exact,Cc1c(NS(C)(=O)=O)cccc1N(Cc1ccccc1)Cc1ccc(CCC(=O)NCCO[C@H]2CC[C@@]3(C)[C@@H](C2)C[C@@H](O)[C@@H]2[C@@H]3C[C@H](O)[C@]3(C)[C@@H]([C@H](C)CCC(=O)O)CC[C@@H]23)cc1
CHEMBL2426118,GR,7.905,,4,0,Active,exact,CC(C)(CNS(=O)(=O)CC(F)(F)F)[C@@H](c1ccccc1)c1ccc2c(cnn2-c2ccc(F)cc2)c1
CHEMBL1200934,GR,7.390,,1,0,Active,exact,C#C[C@]1(OC(C)=O)CC[C@H]2[C@@H]3CCC4=C/C(=N/O)CC[C@@H]4[C@H]3CC[C@@]21CC
CHEMBL4086504,GR,,4.523,0,1,Inactive,censored,N#Cc1ccc(S(=O)(=O)N(Cc2ccc(F)cc2)c2ccc(Oc3ccccc3)cc2)cc1
CHEMBL3315055,GR,7.620,,6,0,Active,exact,CC(C)(C(=O)NC(=O)C1CCC1)[C@@H]1c2ccc(-c3ccc(C(=O)N4CCOCC4)cc3)nc2Oc2c(F)cccc21
CHEMBL6026843,GR,6.560,,1,0,Active,exact,Cc1nn(Cc2ccccn2)c2ncc(C(=O)Nc3ccc(C(C)C)cc3)c(Cl)c12
CHEMBL212329,GR,7.900,,1,0,Active,exact,COc1cccc2c1CCCC2CC(O)(C(=O)Nc1ccc2c(=O)onc(C)c2c1)C(F)(F)F
CHEMBL401013,GR,8.220,,1,0,Active,exact,COc1ccc(CC23CCC(=O)C=C2CCN(S(=O)(=O)c2ccc(C(C)(C)C)cc2)C3)cc1
CHEMBL5812087,GR,6.560,,1,0,Active,exact,COCCCCOc1ccc(NC(=O)c2cnc3c(c(C)nn3C)c2Cl)cc1
CHEMBL1684352,GR,7.800,,3,0,Active,exact,C[C@H]1c2c(cc(F)c(-c3cccc4cc[nH]c34)c2F)NC(C)(C)[C@@H]1OC(=O)Nc1ccc(C#N)cc1
CHEMBL4532472,GR,6.600,,1,0,Active,exact,NS(=O)(=O)C[C@H]1COc2cc(F)ccc2N1C(=O)c1ccc2c(c1)NC(=O)CO2
CHEMBL998,GR,,4.523,0,1,Inactive,censored,CCOC(=O)N1CCC(=C2c3ccc(Cl)cc3CCc3cccnc32)CC1
CHEMBL3981243,GR,10.300,,1,0,Active,exact,CC#C[C@]1(O)CC[C@H]2[C@@H]3CCc4cc(C(=O)Nc5cccnc5C)ccc4[C@H]3[C@@H](OCC)C[C@@]21C
CHEMBL3263763,GR,5.320,,1,0,,exact,COc1nc(C2=NN(c3ccc(C#N)c(C)n3)[C@@H](C3CCCC3)C2)ccc1C(N)=O
CHEMBL219916,GR,,4.523,0,1,Inactive,censored,O=c1[nH]c2ccccc2n1CCCN1CCC(n2c(=O)[nH]c3cc(Cl)ccc32)CC1
CHEMBL1201232,GR,,5.000,0,1,,censored,CC(C)[N+](C)(CCC(C(N)=O)(c1ccccc1)c1ccccc1)C(C)C
CHEMBL6031401,GR,6.560,,1,0,Active,exact,Cc1nn(CC2CCNCC2)c2ncc(C(=O)Nc3ccc(Cl)cc3)c(Cl)c12
CHEMBL322108,GR,6.890,,1,0,Active,exact,CCCCC1Oc2ccc(OC)cc2-c2ccc3c(c21)C(C)=CC(C)(C)N3
CHEMBL387814,GR,7.440,,3,0,Active,exact,CC#C[C@]1(O)CC[C@H]2[C@@H]3CCC4=CC(=O)CCC4=C3[C@@H](c3ccc(N(C)Cc4ccc(C(=O)NCC(=O)O)cc4)cc3)C[C@@]21C
CHEMBL488,GR,,4.523,0,1,Inactive,censored,CCC1(c2ccc(N)cc2)CCC(=O)NC1=O
CHEMBL686,GR,,5.000,0,1,,censored,Cc1cccc(Nc2ccccc2C(=O)O)c1C
CHEMBL70249,GR,7.000,,1,0,Active,exact,COc1ccc(CN(Cc2ccccc2)c2cccc(NS(C)(=O)=O)c2C)cc1
CHEMBL477,GR,,4.523,0,1,Inactive,censored,Nc1ncnc2c1ncn2[C@@H]1O[C@H](CO)[C@@H](O)[C@H]1O
CHEMBL476,GR,,5.000,0,1,,censored,CN(C)/N=N/c1[nH]cnc1C(N)=O
CHEMBL247638,GR,7.820,,1,0,Active,exact,CN(C)c1ccc(CC23CCC(=O)C=C2CCN(S(=O)(=O)c2ccc(C(C)(C)C)cc2)C3)cc1
CHEMBL1086484,GR,8.000,,2,0,Active,exact,O=S(=O)(Cc1ccccc1)Nc1ccc(-c2ccc3c(cnn3-c3ccc(F)cc3)c2)c(C(F)(F)F)c1
CHEMBL3315050,GR,6.815,,6,0,Active,exact,CC(=O)NC(=O)C(C)(C)[C@@H]1c2ccc(-c3ccc(C(=O)N(C)C)cc3)nc2Oc2c(F)cccc21
CHEMBL232452,GR,7.400,,2,0,Active,exact,Cc1cc(C)c(S(=O)(=O)NC(C)Cc2c[nH]c3ccccc23)c(C)c1
CHEMBL1253819,GR,8.180,,4,0,Active,exact,COc1ccc(F)cc1C(C)(C)C[C@@](O)(Cc1cc2cnccc2[nH]1)C(F)(F)F
CHEMBL1682427,GR,7.710,,1,0,Active,exact,C=Cc1c(-c2cccc3cc[nH]c23)cc(C)c2c1[C@H](C)[C@@H](O)C(C)(C)N2
CHEMBL475534,GR,4.740,,1,0,Inactive,exact,CCOC(=O)C1=C(C)NC(C)=C(C(=O)OC)C1c1cccc([N+](=O)[O-])c1
CHEMBL5836242,GR,,5.000,0,1,,censored,CC1(C)C(=O)N(c2ccc(C#N)c(C(F)(F)F)c2)C(=S)N1c1ccc(CNC(=O)c2cncs2)cc1
CHEMBL6039677,GR,6.560,,1,0,Active,exact,Cc1nn(C2CCCCC2)c2ncc(C(=O)Nc3ccc(C(F)(F)F)cc3)c(Cl)c12
CHEMBL247047,GR,,5.301,0,1,,censored,COc1ccc(N2CCC3=CC(=O)CCC3(Cc3ccccc3)C2)cc1
CHEMBL568,GR,,4.523,0,1,Inactive,censored,O=C1Nc2ccc(Cl)cc2C(c2ccccc2)=NC1O
CHEMBL918,GR,,5.000,0,1,,censored,NC(=O)NC(=O)Cc1ccccc1
CHEMBL1236282,GR,,4.523,0,1,Inactive,censored,CS(=O)(=O)c1ccc([C@@H](O)[C@@H](CO)NC(=O)C(Cl)Cl)cc1
CHEMBL236320,GR,7.390,,1,0,Active,exact,CCn1nc(C)c(Br)c1C(=O)NCC(O)(CC1(C)CCCc2ccccc21)C(F)(F)F
CHEMBL1095,GR,,4.523,0,1,Inactive,censored,CCN1C(=O)NC(c2ccccc2)C1=O
CHEMBL1679,GR,,4.523,0,1,Inactive,censored,Nc1nc(=O)c2c([nH]1)NCC(CNc1ccc(C(=O)N[C@@H](CCC(=O)O)C(=O)O)cc1)N2C=O
CHEMBL2426127,GR,5.805,,2,0,,exact,CC(C)(CNC(=O)Cc1ccccc1)[C@@H](c1ccccc1)c1ccc2c(cnn2-c2ccc(F)cc2)c1
CHEMBL428366,GR,,5.000,0,1,,censored,CC(Cc1c[nH]c2ccccc12)NS(=O)(=O)c1cccc(C#N)c1
CHEMBL577,GR,,4.523,0,1,Inactive,censored,C[C@H](N[C@@H](CCc1ccccc1)C(=O)O)C(=O)N1CCC[C@H]1C(=O)O
CHEMBL5909034,GR,6.560,,1,0,Active,exact,Cc1nn(-c2ccccc2)c2ncc(C(=O)Nc3cccc(C(F)(F)F)c3)c(Cl)c12
CHEMBL2024021,GR,7.990,,2,0,Active,exact,C[C@]12CCC(=O)C=C1CC[C@@H]1[C@@H]2[C@@H](O)C[C@@]2(C)[C@H]1CC[C@]2(O)C(=O)CSc1nc2ccccc2o1
CHEMBL302580,GR,6.540,,1,0,Active,exact,CCOCc1c(NS(C)(=O)=O)cccc1N(Cc1ccccc1)Cc1ccccc1
CHEMBL5964984,GR,,5.000,0,1,,censored,Cc1ccccc1C(=O)NCc1ccc(N2C(=S)N(c3ccc(C#N)c(F)c3)C(=O)C2(C)C)cc1F
CHEMBL1471,GR,4.670,,1,0,Inactive,exact,C[C@@H](O[C@H]1OCCN(Cc2n[nH]c(=O)[nH]2)[C@H]1c1ccc(F)cc1)c1cc(C(F)(F)F)cc(C(F)(F)F)c1
CHEMBL211441,GR,8.280,,2,0,Active,exact,CCC(CC)C1(CC(O)(C(=O)Nc2ccc3c(=O)onc(C)c3c2)C(F)(F)F)CCCc2ccccc21
CHEMBL1097235,GR,,4.523,0,1,Inactive,censored,NS(=O)(=O)c1cc(-c2nnn[nH]2)c(NCc2cccs2)cc1Cl
CHEMBL5612610,GR,5.990,,1,0,,exact,Cc1ccncc1Nc1ccc2c(c1)CCC1=C3C[C@H](O)C[C@]3(C)CC[C@]12C
CHEMBL1194,GR,,4.523,0,1,Inactive,censored,CCCNC(C)C(=O)Nc1ccccc1C
CHEMBL370753,GR,,4.523,0,1,Inactive,censored,OCCN1CCN(CCCN2c3ccccc3C=Cc3ccccc32)CC1
CHEMBL5613281,GR,5.510,,1,0,,exact,Cc1cnc(Nc2ccc3c(c2)CC[C@@H]2C4=CC(=O)C[C@]4(C)CC[C@@]32Cc2ccccc2)c(C)n1
CHEMBL6016838,GR,8.710,,1,0,Active,exact,Cn1nnnc1-c1ccc(-c2ccc3c(n2)Oc2c(F)cccc2[C@@H]3C(C)(C)c2nc3nccnc3[nH]2)cc1
CHEMBL517427,GR,5.300,,1,0,,exact,COC(=O)C1=C(C#N)NC(C)=C(C(=O)OC(C)C)C1c1cccc([N+](=O)[O-])c1
CHEMBL1081506,GR,,4.523,0,1,Inactive,censored,O=C1OC(OC(=O)c2cccnc2Nc2cccc(C(F)(F)F)c2)c2ccccc21
CHEMBL1689772,GR,,4.523,0,1,Inactive,censored,CN(C)c1cc(CNCC(C)(C)C)c(O)c2c1C[C@H]1C[C@H]3[C@H](N(C)C)C(O)=C(C(N)=O)C(=O)[C@@]3(O)C(O)=C1C2=O
CHEMBL5987635,GR,,5.301,0,1,,censored,Cc1nn(C)c2ncc(C(=O)Nc3ccc(C(F)(F)F)cc3)cc12
CHEMBL439,GR,,5.000,0,1,,censored,Nc1ccc(S(=O)(=O)Nc2ncccn2)cc1
CHEMBL1200592,GR,6.390,,1,0,Active,exact,CC(C)(C)C(=O)OCC(=O)[C@H]1CC[C@H]2[C@@H]3CCC4=CC(=O)CC[C@]4(C)[C@H]3CC[C@]12C
CHEMBL397919,GR,9.090,,2,0,Active,exact,COc1c(O)ccc2c1-c1ccc3c(c1/C(=C/c1sccc1/C(C)=N/O)O2)C(C)=CC(C)(C)N3
CHEMBL222127,GR,8.155,,2,0,Active,exact,CC#C[C@]1(O)CC[C@H]2[C@@H]3CCC4=CC(=O)CCC4=C3[C@@H](c3cc(F)c(OC)cc3F)C[C@@]21C
CHEMBL5748361,GR,6.560,,1,0,Active,exact,Cc1nn(Cc2ccoc2)c2ncc(C(=O)Nc3ccc(Cl)cc3)c(Cl)c12
CHEMBL5768614,GR,6.560,,1,0,Active,exact,Cc1nn(-c2ccccc2)c2ncc(C(=O)Nc3ccccc3)c(Cl)c12
CHEMBL285674,GR,,4.523,0,1,Inactive,censored,Clc1ccc2c(c1)C(c1ccccc1)=NCc1nncn1-2
CHEMBL3582123,GR,,6.416,0,1,,censored,CC1(C)Nc2c(cc(-c3cccn4cnnc34)c3c2CCC3)C(C)(C)C1=O
CHEMBL1089811,GR,7.750,,1,0,Active,exact,COc1ccc2c(c1)-c1ccc3c(c1[C@H](c1ccccc1)O2)C(C)=CC(C)(C)N3
CHEMBL5918170,GR,,5.301,0,1,,censored,COc1c(C(=O)Nc2ccc(Cl)cc2)cnc2c1c(C)nn2CCN1CCNCC1
CHEMBL310365,GR,8.140,,1,0,Active,exact,C[C@]12Cc3cnn(-c4ccc(F)cc4)c3C=C1CCC[C@@H]2[C@@H](O)c1ccccc1F
CHEMBL5899482,GR,9.170,,1,0,Active,exact,CC(C)Oc1ccc(-c2ccc3c(n2)Oc2c(F)cccc2[C@@H]3C(C)(C)c2nc3nccnc3[nH]2)cc1F
CHEMBL1159717,GR,,4.523,0,1,Inactive,censored,CC(C)(C)NCC(O)c1ccccc1Cl
CHEMBL219069,GR,7.550,,1,0,Active,exact,CC(C)(CC(O)(Cn1ccc(=O)c2ccccc21)C(F)(F)F)c1ccccc1
CHEMBL2106613,GR,5.770,,1,0,,exact,CC(=O)OCC(=O)[C@@]1(O)CC[C@H]2[C@@H]3CCC4=CC(=O)CC[C@]4(C)C3=CC[C@@]21C
CHEMBL4095217,GR,7.510,,1,0,Active,exact,Cn1nncc1S(=O)(=O)N1CCC2=Cc3c(cnn3-c3ccc(F)cc3)C[C@]2(C(=O)c2cc(C(F)(F)F)ccn2)C1
CHEMBL1668066,GR,7.800,,1,0,Active,exact,Cc1cc(C)c(S(=O)(=O)N[C@@H](C)CNc2cc(C)cc3c2cnn3-c2cccc(F)c2)c(C)c1
CHEMBL5433271,GR,8.520,,3,0,Active,exact,C[C@]12C=CC(=O)C=C1CC[C@@H]1[C@@H]2[C@@H](O)C[C@@]2(C)[C@H]1C[C@H]1O[C@@H](c3ccc(Cc4cccc(N)c4)cc3)O[C@]12C(=O)CO
CHEMBL6058873,GR,7.800,,2,0,Active,exact,CC(C)[C@H](NC(=O)C(C)(F)F)[C@H](Oc1ccc2c(cnn2-c2ccc(=O)n(C)c2)c1)c1ccc(Cl)c(F)c1
CHEMBL5850133,GR,6.560,,1,0,Active,exact,Cc1nn(Cc2cccnc2)c2ncc(C(=O)Nc3ccc(C(F)(F)F)cc3)c(Cl)c12
CHEMBL5831084,GR,5.560,,1,0,,exact,Cc1ccc(Cn2cnc3c(Cl)c(C(=O)Nc4ccc(C(F)(F)F)cc4)cnc32)cc1
CHEMBL231806,GR,5.680,,1,0,,exact,CC(Cc1c[nH]c2ccccc12)NS(=O)(=O)c1ccc(Cl)cc1
CHEMBL255950,GR,8.920,,1,0,Active,exact,CN(C)C[C@]12Cc3cnn(-c4ccc(F)cc4)c3C=C1CCN(S(=O)(=O)c1ccc(C(C)(C)C)cc1)C2
CHEMBL465920,GR,6.400,,1,0,Active,exact,Nc1c(C(=O)NCC(O)(CNC(=O)c2c(F)cccc2F)C(F)(F)F)cnn1-c1ccc(F)cc1
CHEMBL5953478,GR,,5.301,0,1,,censored,Cc1nn(-c2ccccc2)c2ncc(C(=O)Nc3ccc(C(=O)O)cc3)c(Cl)c12
CHEMBL5279620,GR,5.950,,3,0,,exact,O=C(c1ccco1)N1CCCc2cc(NS(=O)(=O)c3ccc4ccccc4c3)ccc21
CHEMBL467888,GR,5.080,,1,0,,exact,C[C@@H]1CC[C@H]([C@@H](O)C(F)(F)F)N1c1ccc2[nH]c(=O)cc(C(F)(F)F)c2c1
CHEMBL379158,GR,7.800,,1,0,Active,exact,Cc1noc(=O)c2ccc(NC(=O)C(O)(CC3CCCc4c(C#N)cccc43)C(F)(F)F)cc12
CHEMBL5999763,GR,6.560,,1,0,Active,exact,Cc1ccc(-c2noc(Cn3nc(C)c4c(Cl)c(C(=O)Nc5ccc(C(F)(F)F)cc5)cnc43)n2)cc1
CHEMBL22242,GR,,4.523,0,1,Inactive,censored,CCN1CCC[C@H]1CNC(=O)c1c(OC)ccc(Br)c1OC
CHEMBL391917,GR,7.700,,1,0,Active,exact,COc1ccc(F)cc1C(C)(C)CC(O)(Cc1ccc(C=O)cc1)C(F)(F)F
CHEMBL2426145,GR,8.300,,1,1,Active,exact,CC(C)(C(=O)Nc1nncs1)C(c1ccccc1)c1ccc2c(-c3cccc(CO)c3)ncn2c1
CHEMBL4572476,GR,7.700,,1,0,Active,exact,CS(=O)(=O)C[C@H]1COc2cc(F)ccc2N1C(=O)c1ccc2c(c1)NC(=O)CO2
CHEMBL155725,GR,6.540,,1,0,Active,exact,CC1(C)O[C@@H]2CC3C4C[C@H](F)C5=CC(=O)C=C[C@]5(C)[C@@]4(F)[C@@H](O)C[C@]3(C)[C@]2(SC(CCO)C(=O)O)O1
CHEMBL396275,GR,,5.000,0,1,,censored,COc1ccc(S(=O)(=O)NC(C)Cc2c[nH]c3ccccc23)cc1
CHEMBL3735564,GR,8.780,,2,0,Active,exact,O=C(c1ccccn1)[C@]12Cc3cnn(-c4ccc(F)cc4)c3C=C1CCN(S(=O)(=O)c1cccc(Cl)c1)C2
CHEMBL1201396,GR,9.820,,1,0,Active,exact,C[C@@H]1C[C@H]2[C@@H]3C[C@H](F)C4=CC(=O)C=C[C@]4(C)[C@@]3(F)[C@@H](O)C[C@]2(C)[C@@]1(O)C(=O)SCF
CHEMBL52440,GR,,4.523,0,1,Inactive,censored,COc1ccc2c(c1)[C@]13CCCC[C@@H]1[C@H](C2)N(C)CC3
CHEMBL5787030,GR,,5.000,0,1,,censored,CC1(C)C(=O)N(c2ccc(C#N)c(C(F)(F)F)c2)C(=S)N1c1ccc(CNC(=O)c2cncnc2)c(F)c1
CHEMBL250700,GR,7.425,,2,0,Active,exact,COc1ccc(C[C@]23CCC(=O)C=C2CCN(S(=O)(=O)c2ccc(C(C)(C)C)cc2)C3)cc1
CHEMBL411,GR,5.320,,3,0,,exact,CC/C(=C(/CC)c1ccc(O)cc1)c1ccc(O)cc1
CHEMBL1668086,GR,7.800,,1,0,Active,exact,Cc1cc(NC[C@H](C)NS(=O)(=O)C2CC2)c2cnn(-c3cccc(C(=O)NC(C)C)c3)c2c1
CHEMBL238147,GR,7.795,,4,0,Active,exact,CCC1(CC(O)(CNc2cccc3nc(C)ccc23)C(F)(F)F)CCCc2ccccc21
CHEMBL1917250,GR,8.540,,1,0,Active,exact,C[C@]12CCC(=O)C=C1CC[C@@H]1[C@@H]2[C@@H](O)C[C@@]2(C)[C@H]1CC[C@]2(OC(=O)c1ccco1)C(=O)CSc1ccc2ccccc2n1
CHEMBL9298,GR,,4.523,0,1,Inactive,censored,N#Cc1ccc(C2CCCc3cncn32)cc1
CHEMBL3421885,GR,8.450,,2,0,Active,exact,C/C=C/[C@]1(O)C[C@H]2CCc3cc(O)ccc3[C@]2(CC)C[C@@]1(C)O
CHEMBL726,GR,,4.523,0,1,Inactive,censored,OCCN1CCN(CCCN2c3ccccc3Sc3ccc(C(F)(F)F)cc32)CC1
CHEMBL87708,GR,,4.523,0,1,Inactive,censored,CN(CCCN1c2ccccc2CCc2ccccc21)CC(=O)c1ccc(Cl)cc1
CHEMBL1064,GR,4.670,,1,0,Inactive,exact,CCC(C)(C)C(=O)O[C@H]1C[C@@H](C)C=C2C=C[C@H](C)[C@H](CC[C@@H]3C[C@@H](O)CC(=O)O3)[C@H]21
CHEMBL5278997,GR,6.695,,2,1,Active,exact,COc1cc(C)c(Cl)cc1S(=O)(=O)Nc1ccc2c(c1)N(C(=O)c1ccco1)CCC2
CHEMBL244715,GR,8.740,,1,0,Active,exact,COC(=O)c1ccsc1/C=C1\Oc2ccc(O)c(OC)c2-c2ccc3c(c21)C(C)=CC(C)(C)N3
CHEMBL5862967,GR,5.560,,1,0,,exact,Cc1nn(C)c2ncc(C(=O)Nc3ccc(O)cc3)c(Cl)c12
CHEMBL923,GR,,4.523,0,1,Inactive,censored,O=P(O)(O)C(O)(Cc1cccnc1)P(=O)(O)O
CHEMBL209259,GR,8.100,,1,0,Active,exact,CCC1(CC(O)(C(=O)Nc2ccc3c(=O)onc(C)c3c2)C(F)(F)F)CCCc2cc([N+](=O)[O-])ccc21
CHEMBL855,GR,,5.000,0,1,,censored,Cc1ccc(/C(=C\CN2CCCC2)c2ccccn2)cc1
CHEMBL1911269,GR,7.135,,4,2,Active,exact,CNC(=O)c1ccc(-c2ccc3c(n2)Oc2ccccc2[C@@H]3C(C)(C)C(=O)Nc2nncs2)cc1F
CHEMBL123,GR,4.050,,1,0,Inactive,exact,Cc1c2ccncc2c(C)c2c1[nH]c1ccccc12
CHEMBL242675,GR,6.710,,1,0,Active,exact,COc1ccc(F)cc1-c1ccc2c(c1)C(C(C)OCCc1ccccc1)=CC(C)(C)N2
CHEMBL939,GR,,4.523,0,1,Inactive,censored,COc1cc2ncnc(Nc3ccc(F)c(Cl)c3)c2cc1OCCCN1CCOCC1
CHEMBL4748750,GR,,5.301,0,2,,censored,C[C@@H]1CN(c2ccc(S(C)(=O)=O)cc2F)CCN1c1nccc(C(=O)NC2C3CC4CC2CC(O)(C4)C3)n1
CHEMBL934,GR,,5.000,0,1,,censored,CC(C)(C(=O)c1cccnc1)c1cccnc1
CHEMBL6051178,GR,5.910,,1,0,,exact,C[C@@H]1C[C@H]2[C@@H]3C[C@H](F)C4=CC(=O)C=C[C@]4(C)[C@@]3(F)[C@@H](O)C[C@]2(C)[C@@]1(O)C(=O)SCCCP(=O)(O)O
CHEMBL4203139,GR,8.655,,2,0,Active,exact,C[C@]12C=CC(=O)C=C1[C@@H](F)C[C@H]1[C@@H]3C[C@H]4CN(S(=O)(=O)c5cccs5)C[C@@]4(C(=O)CO)[C@@]3(C)C[C@H](O)[C@@]12F
CHEMBL373567,GR,6.110,,1,0,Active,exact,Cc1ccc(O)cc1C(C)(C)CC(O)(Cn1ccc(=O)c2ccccc21)C(F)(F)F
CHEMBL247598,GR,,5.000,0,1,,censored,O=C1C=C2CCN(C(=O)Nc3ccccc3)CC2(Cc2ccccc2)CC1
CHEMBL3093450,GR,6.500,,1,1,Active,exact,Cc1cc(C)c(S(=O)(=O)NC(Cc2c[nH]c3ccc(C#N)cc23)C(F)(F)F)c(C)c1
CHEMBL1762202,GR,8.250,,3,0,Active,exact,Cc1c[nH]c2c(-c3c(F)cc4c(c3F)/C(=N/OC(C)(C)C)CC(C)(C)N4)cccc12
CHEMBL235591,GR,7.655,,2,0,Active,exact,CC1(CC(O)(Cn2ccc(=O)c3ccccc32)C(F)(F)F)CCCc2ccccc21
CHEMBL3126933,GR,7.365,,2,0,Active,exact,Cc1ccc(F)cc1C(C)(C)CC(O)(Cc1cc2nc(-c3ccccc3)cnc2[nH]1)C(F)(F)F
CHEMBL499915,GR,,4.523,0,1,Inactive,censored,CC1(C)[C@@H](OC(=O)CCC(=O)O)CC[C@]2(C)[C@H]3C(=O)C=C4[C@@H]5C[C@@](C)(C(=O)O)CC[C@]5(C)CC[C@@]4(C)[C@]3(C)CC[C@@H]12
CHEMBL397420,GR,4.700,,1,0,Inactive,exact,CC(=O)CC(c1ccc([N+](=O)[O-])cc1)c1c(O)c2ccccc2oc1=O
CHEMBL621,GR,,4.523,0,1,Inactive,censored,O=c1n(CCCN2CCN(c3cccc(Cl)c3)CC2)nc2ccccn12
CHEMBL230885,GR,6.810,,1,0,Active,exact,Cn1c(=O)[nH]c(N2CCC(CCc3ccccc3)CC2)c(Cc2ccccc2)c1=O
CHEMBL231094,GR,7.850,,1,0,Active,exact,O=c1[nH]c(N2CCC(c3ccccc3)CC2)c(Cc2cccc(Br)c2)c(=O)[nH]1
CHEMBL131,GR,7.900,,61,0,Active,exact,C[C@]12C=CC(=O)C=C1CC[C@@H]1[C@@H]2[C@@H](O)C[C@@]2(C)[C@H]1CC[C@]2(O)C(=O)CO
CHEMBL1187011,GR,4.750,,1,0,Inactive,exact,CCCCCCCCCCCC[N+](C)(C)CCOc1ccccc1
CHEMBL36633,GR,,4.523,0,1,Inactive,censored,NC(=O)CN1CC(O)CC1=O
CHEMBL306700,GR,,4.523,0,1,Inactive,censored,CCOc1ccccc1OCC1CNCCO1
CHEMBL6053675,GR,5.560,,1,0,,exact,Cc1nn(-c2ccccc2)c2ncc(C(=O)Nc3cccs3)c(Cl)c12
CHEMBL3358931,GR,7.550,,1,1,Active,exact,COc1ccc(F)cc1C(C)(C)CC(O)(Cc1cc2cc(S(C)(=O)=O)ncc2[nH]1)C(F)(F)F
CHEMBL395595,GR,6.860,,1,0,Active,exact,CS(=O)(=O)c1ccc(S(=O)(=O)N2CCC3=CC(=O)CCC3(Cc3ccccc3)C2)cc1
CHEMBL1544,GR,,4.523,0,1,Inactive,censored,N[C@@H](Cc1cc(I)c(Oc2ccc(O)c(I)c2)c(I)c1)C(=O)O
CHEMBL71450,GR,7.890,,1,0,Active,exact,C=CCOc1ccc(CN(Cc2ccccc2)c2cccc(NS(C)(=O)=O)c2C)cc1
CHEMBL1487,GR,,4.523,0,1,Inactive,censored,CC(C)c1c(C(=O)Nc2ccccc2)c(-c2ccccc2)c(-c2ccc(F)cc2)n1CC[C@@H](O)C[C@@H](O)CC(=O)O
CHEMBL1508,GR,,4.523,0,1,Inactive,censored,CN(C)CCC[C@@]1(c2ccc(F)cc2)OCc2cc(C#N)ccc21
CHEMBL5739695,GR,6.560,,1,0,Active,exact,Cc1nn(C2CCN(Cc3ccccc3)CC2)c2ncc(C(=O)Nc3ccc(C(=O)c4ccccc4)cc3)c(Cl)c12
CHEMBL1762207,GR,8.240,,2,0,Active,exact,COC(=O)C(C)(C)O/N=C1\CC(C)(C)Nc2cc(F)c(-c3cccc4c(C)c[nH]c34)c(F)c21
CHEMBL5951999,GR,9.240,,2,0,Active,exact,CC(C)Oc1ccc(-c2ccc3c(n2)Oc2c(F)cccc2[C@@H]3C(C)(C)C(=O)NC(N)=O)cc1F
CHEMBL3093454,GR,7.600,,1,1,Active,exact,Cc1cc(C)c(S(=O)(=O)NC(Cn2ccc3ccccc32)C(F)(F)F)c(C)c1
CHEMBL781,GR,,4.523,0,1,Inactive,censored,OC1(c2ccc(Cl)cc2)c2ccccc2C2=NCCN21
CHEMBL364511,GR,7.550,,1,0,Active,exact,CC1(C)COC2(CCC3=Cc4c(cnn4-c4ccc(F)cc4)C[C@@]32C)OC1
CHEMBL4104286,GR,10.400,,2,0,Active,exact,C[C@H](NC(=O)C(C)(F)F)[C@H](Oc1ccc2c(cnn2-c2ccc(F)cc2)c1)c1ccc2c(c1)OCCO2
CHEMBL1200386,GR,7.770,,1,0,Active,exact,CCOC(=O)O[C@]1(C(=O)COC(=O)CC)CC[C@H]2[C@@H]3CCC4=CC(=O)C=C[C@]4(C)[C@H]3[C@@H](O)C[C@@]21C
CHEMBL233037,GR,,5.000,0,1,,censored,CC(Cc1c[nH]c2ccccc12)NS(=O)(=O)c1ccccc1[N+](=O)[O-]
CHEMBL5563350,GR,8.700,,1,0,Active,exact,CCN(C[C@@](O)(CNC(=O)c1cnn(-c2ccc(F)cc2)c1N)C(F)(F)F)C(=O)c1c(F)cccc1Cl
CHEMBL3775473,GR,6.190,,1,0,Active,exact,CC1(C)OC(=S)Nc2ccc(S(=O)(=O)N3c4ccccc4COc4cc(F)ccc43)cc21
CHEMBL5792934,GR,9.350,,1,0,Active,exact,CCC(=O)O[C@]1(C(=O)SCCCCCCP(=O)(O)O)[C@H](C)C[C@H]2[C@@H]3C[C@H](F)C4=CC(=O)C=C[C@]4(C)[C@@]3(F)[C@@H](O)C[C@@]21C
CHEMBL5614066,GR,6.745,,2,0,Active,exact,Cc1ncccc1Nc1ccc2c(c1)CCC1=C3C[C@@H](O)C[C@]3(C)CC[C@]12C
CHEMBL3736379,GR,8.305,,2,0,Active,exact,O=C(c1ncc[nH]1)[C@]12Cc3cnn(-c4ccc(F)cc4)c3C=C1CCN(S(=O)(=O)c1ccc(C(F)(F)F)cc1)C2
CHEMBL5761329,GR,5.560,,1,0,,exact,Cc1nn(-c2ccccc2)c2ncc(C(=O)NC3CCCCC3)c(Cl)c12
CHEMBL5865839,GR,6.560,,1,0,Active,exact,Cn1nc(Cl)c2c(Cl)c(C(=O)Nc3ccc(Cl)cc3)cnc21
CHEMBL438885,GR,7.620,,1,1,Active,exact,Cc1cc(-c2cc(Cl)cc3cc[nH]c23)c(Cl)c2c1NC(C)(C)CC2C
CHEMBL2426117,GR,7.550,,4,0,Active,exact,CC(C)(CNS(=O)(=O)C1CC1)[C@@H](c1ccccc1)c1ccc2c(cnn2-c2ccc(F)cc2)c1
CHEMBL5969977,GR,8.750,,1,0,Active,exact,CC(C)(C(=O)NC(N)=O)[C@H]1c2ccccc2Oc2nc(-c3ccc(C(=O)N4CCC(F)(F)C4)cc3)ccc21
CHEMBL3901719,GR,10.100,,1,0,Active,exact,COc1cccc([C@@H](Oc2ccc3c(cnn3-c3ccc(F)cc3)c2)[C@H](C)NC(=O)C(C)(C)C)c1
CHEMBL5971704,GR,,7.000,0,1,,censored,CC(C)(C)C#C[C@]1(O)CC[C@H]2[C@@H]3CCC4=CC(=O)CCC4=C3[C@@H](c3cccc(C4CC4)c3)C[C@@]21C
CHEMBL3261168,GR,6.320,,2,0,Active,exact,Cc1cc(C)c(S(=O)(=O)N[C@@H](C)COc2cccc3ncccc23)c(C)c1
CHEMBL362914,GR,7.870,,1,0,Active,exact,C[C@]12Cc3cnn(-c4ccc(F)cc4)c3C=C1CCC[C@@H]2[C@@H](O)c1ccc(F)nc1
CHEMBL408376,GR,9.570,,1,0,Active,exact,C#C[C@]1(O)CC[C@H]2[C@@H]3CCC4=CC(=O)CCC4=C3[C@@H](c3ccc(N(C)CCCC(=O)N(C)C4CC[C@@]5(C)[C@@H](C4)C[C@@H](O)[C@@H]4[C@@H]5C[C@H](O)[C@]5(C)[C@@H]([C@H](C)CCC(=O)O)CC[C@@H]45)cc3)C[C@@]21C
CHEMBL1090801,GR,7.290,,1,0,Active,exact,C=CC[C@@H]1Oc2ccc(OC#N)c(OC)c2-c2ccc3c(c21)C(C)=CC(C)(C)N3
CHEMBL6007796,GR,6.430,,1,0,Active,exact,CC(C)(C(=O)NC(N)=O)[C@H]1c2ccccc2Oc2nc(-c3ccc(C(=O)N4CCC(F)(F)C4)c(Cl)c3)ccc21
CHEMBL609,GR,,4.523,0,1,Inactive,censored,NCCNCCNCCN
CHEMBL1419,GR,,4.523,0,1,Inactive,censored,CC(C)CC(N(C)C)C1(c2ccc(Cl)cc2)CCC1
CHEMBL2147557,GR,8.700,,1,0,Active,exact,CCCNC(=O)c1ccccc1CC[C@]1(O)CCC2=Cc3c(cnn3-c3ccc(F)cc3)C[C@@]21C
CHEMBL400599,GR,,4.523,0,1,Inactive,censored,CC(Cc1cccc(C(F)(F)F)c1)NCCOC(=O)c1ccccc1
CHEMBL3706952,GR,8.720,,1,0,Active,exact,COc1c(O)ccc2c1-c1ccc3c(c1/C(=C/c1ccc(C)cc1)O2)C(C)=CC(C)(C)N3
CHEMBL1911279,GR,7.695,,6,0,Active,exact,CC(C)(C(=O)Nc1nncs1)[C@H]1c2ccccc2Oc2nc(-c3ccc(C(=O)N4CCOCC4)c(F)c3)ccc21
CHEMBL607,GR,,5.000,0,1,,censored,CCOC(=O)C1(c2ccccc2)CCN(C)CC1
CHEMBL388751,GR,,5.000,0,1,,censored,OCC(O)COc1ccc(Cl)cc1
CHEMBL307739,GR,,4.523,0,1,Inactive,censored,CNCCc1ccc(OC(=O)C(C)C)c(OC(=O)C(C)C)c1
CHEMBL7987,GR,8.270,,1,0,Active,exact,C=CCC1Oc2ccc(Cl)c(OC)c2-c2ccc3c(c21)C(C)=CC(C)(C)N3
CHEMBL5758615,GR,7.870,,1,0,Active,exact,CNC(=O)NC(=O)C(C)(C)[C@@H]1c2ccc(-c3ccc(S(C)(=O)=O)cc3)nc2Oc2c(F)cccc21
CHEMBL2426658,GR,7.720,,4,0,Active,exact,CC(C)(C(=O)Nc1nncs1)[C@@H](c1ccccc1)c1ccc2[nH]ncc2c1
CHEMBL5814468,GR,8.540,,1,0,Active,exact,CC(C)(c1nc2nccnc2[nH]1)[C@@H]1c2ccc(-c3ccc(S(C)(=O)=O)cc3)nc2Oc2c(F)cccc21
CHEMBL5834150,GR,6.560,,1,0,Active,exact,COc1ccc(NC(=O)c2cnc3c(c(C)nn3Cc3nnc[nH]3)c2Cl)cc1
CHEMBL5768835,GR,6.560,,1,0,Active,exact,CC(C)N1CCC(n2ncc3c(Cl)c(C(=O)Nc4ccc(Cl)cc4)cnc32)CC1
CHEMBL56337,GR,,4.523,0,1,Inactive,censored,CC(/C=C1\SC(=S)N(CC(=O)O)C1=O)=C\c1ccccc1
CHEMBL78807,GR,,5.000,0,1,,censored,COc1ccc2c(c1)CCC1=CC(=O)CC[C@]12Cc1ccccc1
CHEMBL8055,GR,7.290,,1,0,Active,exact,C=CCC1Oc2ccc(OCC#N)c(OC)c2-c2ccc3c(c21)C(C)=CC(C)(C)N3
CHEMBL227783,GR,5.040,,1,0,,exact,O=c1cc(C(F)(F)F)c2cc3c(cc2[nH]1)OCCN3CC(F)(F)F
CHEMBL3666820,GR,8.870,,4,0,Active,exact,C[C@H](NC(=O)C(C)(F)F)[C@H](Oc1ccc2c(cnn2-c2cccc(C(=O)N[C@@H]3CCOC3=O)c2)c1)c1ccc2c(c1)OCCO2
CHEMBL5793798,GR,7.970,,1,0,Active,exact,C[C@]12C=CC(=O)C=C1[C@@H](F)C[C@H]1[C@@H]3C[C@H]4O[C@H](c5ccc(Oc6cccc(N)c6)cc5)O[C@@]4(C(=O)CO)[C@@]3(C)C[C@H](O)[C@@]12F
CHEMBL668,GR,,5.000,0,1,,censored,CNCCCC1c2ccccc2C=Cc2ccccc21
CHEMBL2314756,GR,5.815,,2,0,,exact,CC[C@H]1OC(=O)[C@H](C)[C@@H](O)[C@H](C)[C@@H](O[C@@H]2O[C@H](C)C[C@H](N(C)C)[C@H]2O)[C@](C)(O)C[C@@H](C)CN(CCCNC(=O)[C@@]2(O)[C@H](C)C[C@H]3[C@@H]4C[C@H](F)C5=CC(=O)C=C[C@]5(C)[C@@]4(F)[C@@H](O)C[C@@]32C)[C@H](C)[C@@H](O)[C@]1(C)O
CHEMBL5755702,GR,,5.000,0,1,,censored,CC1(C)C(=O)N(c2ccc(C#N)c(F)c2)C(=S)N1c1ccc(CNC(=O)c2ccccn2)c(F)c1
CHEMBL15770,GR,,4.523,0,1,Inactive,censored,CC1=C(CC(=O)O)c2cc(F)ccc2/C1=C\c1ccc([S+](C)[O-])cc1
CHEMBL5550018,GR,4.850,,3,0,Inactive,exact,N#Cc1ccc(NC(=O)c2cccc(S(=O)(=O)N3CCCc4ccccc43)c2)cc1
CHEMBL752,GR,,4.523,0,1,Inactive,censored,Nc1ncnc2c1ncn2[C@@H]1O[C@H](COP(=O)(O)O)[C@@H](O)[C@H]1O
CHEMBL1598608,GR,,4.523,0,1,Inactive,censored,CN1C(=O)COc2c(C(=O)NC3CN4CCC3CC4)cc(Cl)cc21
CHEMBL1911542,GR,7.875,,2,0,Active,exact,COc1ccc(F)cc1C(C)(C)C[C@@](O)(Cc1cc2ccccc2[nH]1)C(F)(F)F
CHEMBL255570,GR,7.660,,1,0,Active,exact,Fc1ccc(CC23Cc4cnn(-c5ccc(F)cc5)c4C=C2CCN(Cc2cccnc2)C3)cc1
CHEMBL2204043,GR,8.100,,1,0,Active,exact,O=c1[nH]c(=O)c(Cc2cccc(C(F)(F)F)c2)c([C@H]2CC[C@@H](c3ccccc3)CC2)[nH]1
CHEMBL224204,GR,5.090,,1,0,,exact,CCN1CCOc2cc3[nH]c(=O)cc(C(F)(F)F)c3cc21
CHEMBL247419,GR,6.710,,1,0,Active,exact,COc1cccc(S(=O)(=O)N2CCC3=CC(=O)CCC3(Cc3ccccc3)C2)c1
CHEMBL1405973,GR,,4.523,0,1,Inactive,censored,CCCCCCOc1ccccc1C(N)=O
CHEMBL2022652,GR,8.620,,1,0,Active,exact,C[C@]12Cc3cnn(C4CCCCC4)c3C=C1CC[C@@H]1[C@@H]2[C@@H](O)C[C@@]2(C)[C@H]1CC[C@]2(O)C(=O)CO
CHEMBL307754,GR,4.600,,1,0,Inactive,exact,COC(=O)c1cccc(CN(Cc2ccccc2)c2cccc(NS(C)(=O)=O)c2C)c1
CHEMBL514455,GR,6.845,,2,0,Active,exact,Cc1nc(NC(=O)C2(C)CC3c4ccccc4C2c2ccccc23)sc1C
CHEMBL5803777,GR,6.560,,1,0,Active,exact,O=C(Nc1ccc(C(F)(F)F)cc1)c1cnc2c(c(F)nn2C2CCOCC2)c1Cl
CHEMBL568868,GR,7.330,,1,3,Active,exact,C[C@]12Cn3cnc(-c4ccc(F)cc4)c3C=C1CCC[C@@H]2[C@](C)(O)CCc1ccccc1
CHEMBL370259,GR,6.920,,1,0,Active,exact,CC(C)(CC(O)(Cc1cccc(O)c1)C(=O)Nc1ccc2c(c1)COC2=O)c1ccccc1
CHEMBL232249,GR,5.720,,1,0,,exact,CC(Cc1c[nH]c2ccccc12)NS(=O)(=O)c1ccc(Cl)c(Cl)c1Cl
CHEMBL257203,GR,8.960,,1,0,Active,exact,CN(C)C[C@]12Cc3cnn(-c4ccc(F)cc4)c3C=C1CCN(S(=O)(=O)c1ccccc1)C2
CHEMBL1215197,GR,,5.000,0,1,,censored,CCOc1cc(C2=NN(c3ccc(C#N)c(Cl)c3)[C@@H](C3CCCC3)C2)ccc1C(=O)O
CHEMBL429910,GR,,4.523,0,1,Inactive,censored,CCOc1ccc(Cc2cc([C@@H]3O[C@H](CO)[C@@H](O)[C@H](O)[C@H]3O)ccc2Cl)cc1
CHEMBL237973,GR,7.855,,2,0,Active,exact,CCC1(CC(O)(CNC(=O)c2cnn(-c3ccc(F)cc3)c2N)C(F)(F)F)CCCc2ccccc21
CHEMBL1657,GR,,4.523,0,1,Inactive,censored,CCOC(=O)c1ccc(C#Cc2ccc3c(c2)C(C)(C)CCS3)nc1
CHEMBL982,GR,,4.523,0,1,Inactive,censored,C=C1CC[C@@]2(O)[C@H]3Cc4ccc(O)c5c4[C@@]2(CCN3CC2CC2)[C@H]1O5
CHEMBL243712,GR,,4.523,0,1,Inactive,censored,CCN1CCCC1CNC(=O)c1cc(S(=O)(=O)CC)c(N)cc1OC
CHEMBL4171957,GR,7.880,,1,0,Active,exact,CC(C)(C)C#C[C@]1(O)CC[C@H]2[C@@H]3CCC4=CC(=O)CCC4=C3[C@@H](c3ccc(N4CCOCC4)cc3)C[C@@]21C
CHEMBL301265,GR,,4.523,0,1,Inactive,censored,CCCN[C@H]1CCc2nc(N)sc2C1
CHEMBL6009804,GR,6.560,,1,0,Active,exact,Cc1nn(-c2ccc(F)cc2)c2ncc(C(=O)Nc3ccc(Cl)cc3)c(Cl)c12
CHEMBL1569487,GR,,4.523,0,1,Inactive,censored,CN1C(C(=O)Nc2ccccn2)=C(O)c2sc(Cl)cc2S1(=O)=O
CHEMBL3301800,GR,,4.523,0,1,Inactive,censored,CC=CC1=C(C(=O)O)N2C(=O)[C@@H](NC(=O)[C@H](N)c3ccc(O)cc3)[C@H]2SC1
CHEMBL6050072,GR,7.590,,1,0,Active,exact,C[C@]12C=CC(=O)C=C1[C@@H](F)C[C@H]1[C@@H]3C[C@H]4O[C@@H](c5ccc(Sc6ccc(Cl)c(N)c6)cc5)O[C@@]4(C(=O)CO)[C@@]3(C)C[C@H](O)[C@@]12F
CHEMBL1619528,GR,,4.523,0,1,Inactive,censored,CC[N+]1(C)CCCC(OC(=O)C(O)(c2ccccc2)c2ccccc2)C1
CHEMBL1496,GR,,4.523,0,1,Inactive,censored,CC(C)c1nc(N(C)S(C)(=O)=O)nc(-c2ccc(F)cc2)c1/C=C/[C@@H](O)C[C@@H](O)CC(=O)O
CHEMBL5583991,GR,6.910,,1,0,Active,exact,CCc1cccc(CC)c1C(=O)N(CC)C[C@@](O)(CNC(=O)c1cnn(-c2ccc(F)cc2)c1N)C(F)(F)F
CHEMBL1254991,GR,4.000,,1,0,Inactive,exact,C[C@H](C(=O)O)[C@H]1CC[C@H]2[C@@H]3[C@@H](O)C[C@@H]4C[C@H](O)CC[C@]4(C)[C@H]3CC[C@]12C
CHEMBL3358946,GR,7.075,,2,0,Active,exact,CC(C)(CC(O)(Cc1cc2cc(S(C)(=O)=O)ncc2[nH]1)C(F)(F)F)c1ccc(F)cc1C(N)=O
CHEMBL5869316,GR,6.560,,1,0,Active,exact,Cc1nn(C)c2ncc(C(=O)Nc3ccccc3Cl)c(Cl)c12
CHEMBL5781976,GR,9.090,,1,0,Active,exact,CC(C)(C(=O)NC(N)=O)[C@@H]1c2ccc(-c3ccc(-n4cnnn4)cc3)nc2Oc2c(F)cccc21
CHEMBL5901717,GR,7.300,,2,0,Active,exact,CC(C)[C@H](NC(=O)C(F)(F)F)[C@H](Oc1ccc2c(cnn2-c2ccc(=O)n(C)c2)c1)c1cc(Cl)cc(Cl)c1
CHEMBL6039498,GR,8.350,,1,0,Active,exact,CNC(=O)NC(=O)C(C)(C)[C@@H]1c2ccc(-c3ccc(C(=O)N4CCCC4)cc3)nc2Oc2c(F)cccc21
CHEMBL1929036,GR,5.600,,1,0,,exact,Cc1ccccc1-n1nc(C(F)(F)F)cc1-c1ccc2c(c1)NC(=O)CO2
CHEMBL4075952,GR,7.620,,1,0,Active,exact,Cn1ccc(S(=O)(=O)N2CC[C@H]3Cc4c(cnn4-c4ccc(F)cc4)C[C@]3(C(=O)c3cc(C(F)(F)F)ccn3)C2)n1
CHEMBL381387,GR,6.430,,1,0,Active,exact,COc1ccccc1-c1ccc2c(c1)C(CSC1CCCCC1)=CC(C)(C)N2
CHEMBL5981850,GR,6.560,,1,0,Active,exact,Cc1nn(-c2ccccc2)c2ncc(C(=O)Nc3ccc(F)cc3)c(Cl)c12
CHEMBL4214377,GR,7.780,,2,0,Active,exact,CC(C)CCN1C[C@@H]2C[C@H]3[C@@H]4C[C@H](F)C5=CC(=O)C=C[C@]5(C)[C@@]4(F)[C@@H](O)C[C@]3(C)[C@]2(C(=O)SCF)C1
CHEMBL5281564,GR,5.710,,3,0,,exact,COc1cc(C)c(Cl)cc1S(=O)(=O)Nc1ccc2c(c1)CCCN2C(=O)c1ccc2ccccc2c1
CHEMBL4097564,GR,5.700,,1,0,,exact,Cc1ccc(S(=O)(=O)N(Cc2ccccc2)c2ccc(Oc3ccccc3)cc2)cc1
CHEMBL2022866,GR,8.460,,1,0,Active,exact,C=CCn1c(SCC(=O)[C@@]2(O)CC[C@H]3[C@@H]4CCC5=Cc6c(cnn6-c6ccccc6)C[C@]5(C)[C@H]4[C@@H](O)C[C@@]32C)nc2ccccc21
CHEMBL1075733,GR,,4.523,0,1,Inactive,censored,CCC(C)C(CC)C(N)=O
CHEMBL4211724,GR,8.730,,2,0,Active,exact,C[C@]12C=CC(=O)C=C1[C@@H](F)C[C@H]1[C@@H]3C[C@H]4CN(Cc5ccc(C(F)(F)F)cc5)C[C@@]4(C(=O)CO)[C@@]3(C)C[C@H](O)[C@@]12F
CHEMBL5785003,GR,6.560,,1,0,Active,exact,Cn1cncc1Cn1ncc2c(Cl)c(C(=O)Nc3ccc(C(F)(F)F)cc3)cnc21
CHEMBL1911647,GR,6.910,,2,0,Active,exact,COc1ccc(F)cc1C(C)(C)CC(O)(Cc1cc2cc(C)ccc2[nH]1)C(F)(F)F
CHEMBL388363,GR,4.890,,1,0,Inactive,exact,COc1ccc([C@@H]2[C@@H](C)[C@H](C)[C@H]2c2ccc(OC)c(OC)c2)cc1OC
CHEMBL4101125,GR,,4.523,0,1,Inactive,censored,COc1ccc(Oc2ccc(N(Cc3ccccc3)S(=O)(=O)c3ccc(C#N)cc3)cc2)cc1
CHEMBL1566956,GR,,4.523,0,1,Inactive,censored,COc1cc(C(=O)NC2CCCNC2)cc(OC)c1OC
CHEMBL311034,GR,7.740,,4,0,Active,exact,C[C@]12Cc3cnn(-c4ccc(F)cc4)c3C=C1CCC[C@@H]2[C@H](O)c1ccc(F)cc1
CHEMBL464245,GR,7.700,,1,0,Active,exact,Nc1c(C(=O)NCC(O)(CN(CCF)C(=O)c2c(F)cccc2F)C(F)(F)F)cnn1-c1ccc(F)cc1
CHEMBL4575732,GR,,6.000,0,1,,censored,O[C@@]1(c2ccccc2)CCC[C@]12C=Cc1c(cnn1-c1ccc(F)cc1)C2
CHEMBL4098581,GR,7.920,,1,0,Active,exact,Cc1c(S(=O)(=O)N2CCC3=Cc4c(cnn4-c4ccc(F)cc4)C[C@]3(C(=O)c3cc(C(F)(F)F)ccn3)C2)cnn1C
CHEMBL5773430,GR,,5.301,0,1,,censored,CC(C)c1ccc(NC(=O)c2cnc3c(ncn3Cc3ccccc3)c2Cl)cc1
CHEMBL157101,GR,,5.000,0,1,,censored,CC(=O)N1CCN(c2ccc(OCC3COC(Cn4ccnc4)(c4ccc(Cl)cc4Cl)O3)cc2)CC1
CHEMBL1079,GR,,4.523,0,1,Inactive,censored,Clc1ccc2nsnc2c1NC1=NCCN1
CHEMBL606,GR,,4.523,0,1,Inactive,censored,CCCCC(C)(O)C/C=C/[C@H]1[C@H](O)CC(=O)[C@@H]1CCCCCCC(=O)OC
CHEMBL1200545,GR,8.365,,2,0,Active,exact,CC(=O)OCC(=O)[C@@]1(OC(C)=O)[C@@H](C)C[C@H]2[C@@H]3C[C@H](F)C4=CC(=O)C=C[C@]4(C)[C@@]3(F)[C@@H](O)C[C@@]21C
CHEMBL503,GR,,4.523,0,1,Inactive,censored,CC[C@H](C)C(=O)O[C@H]1C[C@@H](C)C=C2C=C[C@H](C)[C@H](CC[C@@H]3C[C@@H](O)CC(=O)O3)[C@H]21
CHEMBL266195,GR,,4.523,0,1,Inactive,censored,C=CCc1ccccc1OCC(O)CNC(C)C
CHEMBL3963259,GR,7.360,,1,0,Active,exact,CC(C)CS(=O)(=O)N[C@@H](C)[C@H](Oc1ccc2c(cnn2-c2ccc(F)cc2)c1)c1ccccc1
CHEMBL1940549,GR,7.160,,1,0,Active,exact,C[C@]12C=CC(=O)C=C1CC[C@@H]1[C@@H]2[C@@H](O)C[C@@]2(C)[C@H]1CC[C@]2(O)C(=O)CSc1ncc2ccccc2n1
CHEMBL5882370,GR,6.560,,1,0,Active,exact,Cc1cncc(Cn2nc(C)c3c(Cl)c(C(=O)Nc4ccc(C(F)(F)F)cc4)cnc32)c1
CHEMBL1571863,GR,4.800,,1,0,Inactive,exact,Clc1ccc(C(Cn2ccnc2)OCc2c(Cl)cccc2Cl)c(Cl)c1
CHEMBL5963041,GR,6.560,,1,0,Active,exact,Cc1cc(C)nc(Cn2nc(C)c3c(Cl)c(C(=O)Nc4ccc(C(F)(F)F)cc4)cnc32)c1
CHEMBL3233281,GR,8.135,,2,0,Active,exact,Cc1ccc(F)cc1C(C)(C)C[C@@](O)(Cc1cc2cnccc2[nH]1)C(C)(C)C
CHEMBL71113,GR,4.850,,1,0,Inactive,exact,CNC(=O)c1ccc(NS(C)(=O)=O)c(C)c1N(Cc1ccccc1)Cc1ccccc1
CHEMBL1083253,GR,5.500,,1,1,,exact,Fc1ccc(-n2ncc3cc(-c4ccccc4)ccc32)cc1
CHEMBL413309,GR,6.545,,2,0,Active,exact,CC1=CC(C)(C)Nc2ccc3c(c21)/C(=C/c1ccccc1)Oc1c(F)cccc1-3
CHEMBL1200,GR,,4.523,0,1,Inactive,censored,CCCCOc1cc(C(=O)OCCN(CC)CC)ccc1N
CHEMBL5853444,GR,5.560,,1,0,,exact,Cc1nn(-c2ccccc2)c2ncc(C(=O)Nc3ccc(CO)cc3)c(Cl)c12
CHEMBL7781,GR,8.640,,1,0,Active,exact,C=CCC1Oc2c(Br)cc(O)c(Cl)c2-c2ccc3c(c21)C(C)=CC(C)(C)N3
CHEMBL1668085,GR,7.400,,1,0,Active,exact,Cc1cc(NC[C@H](C)NS(=O)(=O)C(C)C)c2cnn(-c3cccc(C(=O)NC(C)C)c3)c2c1
CHEMBL243232,GR,,5.699,0,1,,censored,COc1ccc2[nH]cc(CC(C)NS(=O)(=O)c3c(Cl)cc(Cl)cc3Cl)c2c1
CHEMBL6049936,GR,6.560,,1,0,Active,exact,Cc1nn(C)c2ncc(C(=O)Nc3ccc(C(=O)c4ccccc4)cc3)c(Cl)c12
CHEMBL4074627,GR,9.245,,2,0,Active,exact,CCc1ccnc(C(=O)[C@]23Cc4cnn(-c5ccc(F)cc5)c4C=C2CCN(S(=O)(=O)c2cccc(C#N)c2)C3)c1
CHEMBL391943,GR,7.800,,2,0,Active,exact,CCC1(CC(O)(Cc2cc3ccncc3[nH]2)C(F)(F)F)CCCc2ccccc21
CHEMBL5970797,GR,7.900,,2,0,Active,exact,CC(C)[C@H](NC(=O)C(F)(F)F)[C@H](Oc1ccc2c(cnn2-c2ccc(=O)n(C)c2)c1)c1ccc(Cl)c(F)c1
CHEMBL1917251,GR,8.850,,1,0,Active,exact,C[C@]12CCC(=O)C=C1CC[C@@H]1[C@@H]2[C@@H](O)C[C@@]2(C)[C@H]1CC[C@]2(OC(=O)c1ccco1)C(=O)CSc1cnc2ccccc2n1
CHEMBL3605929,GR,8.270,,2,0,Active,exact,COc1cc(F)ccc1-c1c(C)[nH]c2c(NS(C)(=O)=O)cc(F)cc12
CHEMBL1645397,GR,7.600,,1,0,Active,exact,COc1ccc(F)cc1-c1ccc([C@H](C)NS(=O)(=O)c2c(C)noc2C)cc1
CHEMBL2147564,GR,8.000,,1,0,Active,exact,CC(C)(C)NC(=O)c1ccccc1CC[C@]1(O)CCC2=Cc3c(cnn3-c3ccc(F)cc3)C[C@@]21C
CHEMBL1308,GR,,4.523,0,1,Inactive,censored,Cc1cn[nH]c1
CHEMBL211387,GR,8.050,,2,0,Active,exact,Cc1noc(=O)c2ccc(NC(=O)C(O)(CC3CCCc4c(Cl)cccc43)C(F)(F)F)cc12
CHEMBL2204056,GR,,5.824,0,1,,censored,Cn1nccc1Cc1c(=O)[nH]c(=O)[nH]c1[C@H]1CC[C@@H](c2ccccc2)CC1
CHEMBL4303178,GR,,4.523,0,1,Inactive,censored,C=C[C@@]1(C)CC(=O)[C@]2(O)[C@@]3(C)[C@@H](O)CCC(C)(C)[C@@H]3[C@H](OC(=O)CCN(C)C)[C@H](OC(C)=O)[C@@]2(C)O1
CHEMBL257461,GR,9.220,,1,0,Active,exact,O=S(=O)(c1ccccc1)N1CCC2=Cc3c(cnn3-c3ccc(F)cc3)C[C@]2(CN2CCOCC2)C1
CHEMBL394168,GR,8.130,,1,0,Active,exact,CCC1(CC(O)(CNC(=O)c2cnn(-c3ccccc3)c2N)C(F)(F)F)CCCc2ccccc21
CHEMBL142130,GR,7.920,,1,0,Active,exact,CC(=O)[C@@]1(O)CC[C@H]2[C@@H]3C=C(Cl)C4=CC(=O)[C@@H]5C[C@@H]5[C@]4(C)[C@H]3CC[C@@]21C
CHEMBL979,GR,,5.000,0,1,,censored,CCCC(C)(COC(N)=O)COC(N)=O
CHEMBL3233273,GR,7.890,,1,1,Active,exact,CCC(C)(C)C(O)(Cc1cc2ccncc2[nH]1)CC(C)(C)c1cc(F)ccc1OC
CHEMBL4070835,GR,,4.523,0,1,Inactive,censored,Cc1ccc(CN(c2ccc(Oc3ccccc3)cc2)S(=O)(=O)c2ccc(C#N)cc2)cc1
CHEMBL1201087,GR,,5.000,0,1,,censored,C=CCN1C[C@H](C(=O)N(CCCN(C)C)C(=O)NCC)C[C@@H]2c3cccc4[nH]cc(c34)C[C@H]21
CHEMBL1684230,GR,8.260,,2,1,Active,exact,CNC(=O)O[C@@H]1[C@@H](C)c2c(cc(F)c(-c3cccc4cc[nH]c34)c2F)NC1(C)C
CHEMBL452456,GR,5.730,,1,0,,exact,CC(C)C[C@@H](NC(=O)COCCOCCNC(=O)[C@@]1(O)[C@H](C)C[C@H]2[C@@H]3CCC4=CC(=O)C=C[C@]4(C)[C@@]3(F)[C@@H](O)C[C@@]21C)C(=O)N[C@H](CO)C(=O)N[C@H](Cc1ccccc1)C(N)=O
CHEMBL389481,GR,,5.000,0,1,,censored,CCC1COc2cc3[nH]c(=O)cc(C(F)(F)F)c3cc2N1CC1CC1
CHEMBL4468672,GR,7.300,,1,0,Active,exact,CC(C)C[C@H]1COc2cc(F)ccc2N1C(=O)c1ccc2c(c1)NC(=O)CO2
CHEMBL231093,GR,7.510,,1,0,Active,exact,O=c1[nH]c(N2CCC(c3ccccc3)CC2)c(Cc2ccc(Cl)cc2)c(=O)[nH]1
CHEMBL3907029,GR,9.050,,1,0,Active,exact,CC#C[C@]1(O)CC[C@H]2[C@@H]3CCc4cc(C(=O)Nc5cccnc5C)ccc4[C@H]3[C@@H](OCc3cccc(Cl)c3)C[C@@]21C
CHEMBL3263754,GR,5.170,,1,0,,exact,COc1nc(C2=NN(c3ccc(C#N)c(C)n3)[C@@H](C3CCCC3)C2)ccc1C(=O)O
CHEMBL5942872,GR,6.560,,1,0,Active,exact,Cc1nn(-c2ccccc2)c2ncc(C(=O)Nc3ccc(C(F)(F)F)cc3)c(Cl)c12
CHEMBL3263751,GR,,5.000,0,1,,censored,CCOc1cc(C2=NN(c3ccc(C#N)c(C)c3)[C@@H](C3CCCC3)C2)ccc1C(=O)O
CHEMBL1254821,GR,6.070,,1,0,Active,exact,COc1ccc(F)cc1C(C)(C)CC(O)(Cc1cc2cc[n+]([O-])cc2[nH]1)C(F)(F)F
CHEMBL467633,GR,8.100,,1,0,Active,exact,CCN(CC(O)(CNC(=O)c1cnn(-c2ccc(F)cc2)c1N)C(F)(F)F)C(=O)c1c(F)cccc1F
CHEMBL1645395,GR,7.900,,1,0,Active,exact,COc1ccc(F)cc1-c1ccc(CNS(=O)(=O)c2c(C)noc2C)cc1
CHEMBL230988,GR,6.640,,1,0,Active,exact,Cn1c(=O)[nH]c(N2CCC(C(=O)c3ccccc3)CC2)c(Cc2ccccc2)c1=O
CHEMBL4105376,GR,8.985,,2,0,Active,exact,Cc1ccc(C(=O)[C@]23Cc4cnn(-c5ccc(F)cc5)c4C=C2CCN(S(=O)(=O)c2cccc(C)c2)C3)nc1
CHEMBL1096882,GR,,4.523,0,1,Inactive,censored,Nc1nc(F)nc2c1ncn2[C@@H]1O[C@H](COP(=O)(O)O)[C@@H](O)[C@@H]1O
CHEMBL5910032,GR,7.210,,1,0,Active,exact,CC(C)(C(=O)NC(=O)NCCO)[C@@H]1c2ccc(-c3ccc(C(=O)N4CCOCC4)cc3)nc2Oc2c(F)cccc21
CHEMBL5612255,GR,5.710,,1,0,,exact,Cc1ncccc1-c1ccc2c(c1)CCC1=C3C[C@H](O)C[C@]3(C)CC[C@]12Cc1ccccc1
CHEMBL541765,GR,7.470,,1,0,Active,exact,C[C@H]1C[C@@H]2[C@H]3CCC4=CC(=O)C=C[C@@]4(C)[C@]3(F)[C@H](O)C[C@@]2(C)[C@]1(O)C(=O)CSCCNC(=S)NCCNC(=O)c1cc(NC(=O)c2cc(NC(=O)c3cc(NC(=O)c4cc(NC(=O)c5nccn5C)cn4C)cn3C)cn2C)cn1C
CHEMBL5748266,GR,8.750,,1,0,Active,exact,CC(C)(c1nc2nccnc2[nH]1)[C@@H]1c2ccc(-c3ccc(NS(C)(=O)=O)cc3)nc2Oc2c(F)cccc21
CHEMBL1757,GR,,4.523,0,1,Inactive,censored,C[C@@H]1O[C@@H]1P(=O)(O)O
CHEMBL669,GR,,4.523,0,1,Inactive,censored,CN(C)CCC=C1c2ccccc2C=Cc2ccccc21
CHEMBL557555,GR,,4.523,0,1,Inactive,censored,CC(C)(Oc1ccc(C2CC2(Cl)Cl)cc1)C(=O)O
CHEMBL421,GR,,4.523,0,1,Inactive,censored,O=C(O)c1cc(/N=N/c2ccc(S(=O)(=O)Nc3ccccn3)cc2)ccc1O
CHEMBL370624,GR,7.210,,1,0,Active,exact,CC(C)(CC(O)(Cc1ccccc1O)C(=O)Nc1ccc2c(c1)COC2=O)c1ccccc1
CHEMBL415309,GR,7.470,,1,0,Active,exact,C=CCC1Oc2c(C=C)ccc(OC)c2-c2ccc3c(c21)C(C)=CC(C)(C)N3
CHEMBL299512,GR,5.170,,1,0,,exact,C=C1C=C(C)CC(C)(C)C1Cc1ccc([N+](=O)[O-])c(C)c1
CHEMBL4073311,GR,7.220,,1,0,Active,exact,Cn1cc(S(=O)(=O)N2CC[C@H]3Cc4c(cnn4-c4ccc(F)cc4)C[C@]3(C(=O)c3cc(C(F)(F)F)ccn3)C2)nn1
CHEMBL85,GR,,4.523,0,1,Inactive,censored,Cc1nc2n(c(=O)c1CCN1CCC(c3noc4cc(F)ccc34)CC1)CCCC2
CHEMBL5957959,GR,8.960,,1,0,Active,exact,CC(C)(C(N)=O)[C@@H]1c2ccc(-c3ccc(C(=O)N4CCCCC4)cc3)nc2Oc2c(F)cccc21
CHEMBL4102861,GR,,4.523,0,1,Inactive,censored,O=S(=O)(c1ccc(C(F)(F)F)cc1)N(Cc1ccccc1)c1ccc(Oc2ccccc2)cc1
CHEMBL196232,GR,8.070,,1,0,Active,exact,C[C@]12Cc3cnn(-c4ccc(F)cc4)c3C=C1CC[C@]21OC[C@@H](c2ccccc2)O1
CHEMBL110,GR,,4.523,0,1,Inactive,censored,O=C(Cn1ccnc1[N+](=O)[O-])NCc1ccccc1
CHEMBL5864562,GR,5.560,,1,0,,exact,Cc1nn(-c2ccc(I)cc2)c2ncc(C(=O)Nc3ccc(Cl)cc3)c(Cl)c12
CHEMBL1084389,GR,5.500,,1,1,,exact,Fc1ccc(-n2ncc3cc(-c4cccc(C(F)(F)F)c4)ccc32)cc1
CHEMBL1682439,GR,9.000,,1,0,Active,exact,C[C@H]1c2c(F)c(-c3cccc4cc[nH]c34)c(F)c(Cl)c2NC(C)(C)[C@@H]1O
CHEMBL1071,GR,,4.523,0,1,Inactive,censored,O=C(O)CCc1nc(-c2ccccc2)c(-c2ccccc2)o1
CHEMBL364713,GR,,4.523,0,1,Inactive,censored,COc1ccc2c(c1OC)C(=O)O[C@@H]2[C@H]1c2c(cc3c(c2OC)OCO3)CCN1C
CHEMBL163238,GR,,4.523,0,1,Inactive,censored,Cc1cccc(C)c1NC(=O)CC12CCCN1CCC2
CHEMBL1276663,GR,,4.523,0,1,Inactive,censored,CO/N=C(\C(=O)N[C@@H]1C(=O)N2C(C(=O)[O-])=C(C[n+]3ccn4ncccc43)CS[C@H]12)c1nsc(N)n1
CHEMBL1535,GR,,5.000,0,1,,censored,CCN(CCO)CCCC(C)Nc1ccnc2cc(Cl)ccc12
CHEMBL3126940,GR,7.865,,2,0,Active,exact,COc1ccc(F)cc1C(C)(C)CC(O)(Cc1cc2ncncc2[nH]1)C(F)(F)F
CHEMBL186467,GR,6.010,,1,0,Active,exact,CCCCCCCC[C@H]1C[C@@]2(C)C(CC[C@@H]2O)C2CCC3=CC(=O)CCC3=C21
CHEMBL140553,GR,6.680,,1,0,Active,exact,COc1cccc2c1-c1ccc3c(c1CO2)C(C)=CC(C)(C)N3
CHEMBL5770938,GR,,5.000,0,1,,censored,CC1(C)C(=O)N(c2ccc(C#N)c(C(F)(F)F)c2)C(=S)N1c1ccc(CNC(=O)c2ncccn2)cc1
CHEMBL567028,GR,7.530,,4,0,Active,exact,Cc1ccsc1[C@@](C)(O)[C@H]1CCCC2=Cc3c(-c4ccc(F)cc4)ncn3C[C@@]21C
CHEMBL6008099,GR,5.560,,1,0,,exact,Cc1nn(-c2ccc(OC(F)(F)F)cc2)c2ncc(C(=O)Nc3ccc(Cl)cc3)c(Cl)c12
CHEMBL3940435,GR,5.620,,1,0,,exact,O=S(=O)(c1ccc(Cl)cc1)N(Cc1ccccc1)c1ccc(Oc2ccccc2)cc1
CHEMBL391076,GR,6.260,,1,0,Active,exact,COc1ccc(F)cc1C(C)(C)CC(O)(Cc1cccc(Cl)c1)C(F)(F)F
CHEMBL3315062,GR,8.325,,4,0,Active,exact,CC(C)(C(=O)Nc1nncs1)[C@@H]1c2ccc(-c3ccc(C(=O)N4CCOCC4)cc3)nc2Oc2c(F)cccc21
CHEMBL404496,GR,7.620,,1,1,Active,exact,Cc1cc(-c2c[nH]c3ccccc23)c(Cl)c2c1NC(C)(C)CC2C
CHEMBL3578295,GR,4.770,,1,0,Inactive,exact,C[C@H](c1ccc(F)cc1)N1C(=O)O[C@](Cc2ccccc2)(c2nc3c(NS(C)(=O)=O)cccc3[nH]2)C1=O
CHEMBL3261426,GR,7.920,,1,0,Active,exact,Cc1nn(C2CCCC2)c(C)c1S(=O)(=O)N[C@@H](C)CNc1cccc2c1cnn2-c1ccc(OC(F)(F)F)cc1
CHEMBL257204,GR,8.680,,1,0,Active,exact,CC(C)NC[C@]12Cc3cnn(-c4ccc(F)cc4)c3C=C1CCN(S(=O)(=O)c1ccc(C(C)(C)C)cc1)C2
CHEMBL5935880,GR,6.560,,1,0,Active,exact,Cc1nn(-c2ccccc2)c2ncc(C(=O)Nc3ccc(N(C)C)cc3)c(Cl)c12
CHEMBL1672547,GR,6.280,,1,0,Active,exact,CC(C)n1cc(-c2ccc(C#N)c(F)c2)c2ccc(NS(C)(=O)=O)cc21
CHEMBL1684346,GR,7.805,,2,1,Active,exact,C[C@H]1c2c(cc(F)c(-c3cccc4cc[nH]c34)c2F)NC(C)(C)[C@@H]1OC(=O)Nc1ccccc1
CHEMBL1580,GR,,4.523,0,1,Inactive,censored,OC[C@H]1O[C@@H](n2cnc3c2N=CNC[C@H]3O)C[C@@H]1O
CHEMBL474576,GR,6.920,,2,0,Active,exact,C[C@]1(C(=O)Nc2nccs2)CC2c3ccccc3C1c1ccccc12
CHEMBL650,GR,8.050,,3,0,Active,exact,C[C@H]1C[C@@H]2[C@H]([C@@H](O)C[C@@]3(C)[C@H]2CC[C@]3(O)C(=O)CO)[C@@]2(C)C=CC(=O)C=C12
CHEMBL5274080,GR,,4.301,0,2,Inactive,censored,COC(=O)c1ccc(S(=O)(=O)N(c2ccc3c(c2)CCCN3C(=O)c2ccco2)S(=O)(=O)c2ccc(C(=O)OC)cc2)cc1
CHEMBL402362,GR,6.340,,1,1,Active,exact,Cc1cc(-c2ccc3cc[nH]c3c2)c(Cl)c2c1NC(C)(C)CC2C
CHEMBL803,GR,,5.000,0,1,,censored,Nc1ccn([C@@H]2O[C@H](CO)[C@@H](O)[C@@H]2O)c(=O)n1
CHEMBL235208,GR,8.215,,2,0,Active,exact,COc1ccc(F)cc1C(C)(C)CC(O)(CNC(=O)c1cnn(-c2ccc(F)cc2)c1N)C(F)(F)F
CHEMBL4167332,GR,7.740,,1,0,Active,exact,CC#C[C@]1(O)CC[C@H]2[C@@H]3CCC4=CC(=O)CCC4=C3[C@@H](C3CCCCC3)C[C@@]21C
CHEMBL211854,GR,7.800,,1,0,Active,exact,Cc1noc(=O)c2ccc(NC(=O)C(O)(CC3CCCc4c(F)cccc43)C(F)(F)F)cc12
CHEMBL16,GR,,4.523,0,1,Inactive,censored,O=C1NC(=O)C(c2ccccc2)(c2ccccc2)N1
CHEMBL5776317,GR,7.700,,1,0,Active,exact,C[C@]12C=CC(=O)C=C1[C@@H](F)C[C@H]1[C@@H]3C[C@H]4O[C@H](c5ccc(Sc6ccc(N)cc6)cc5)O[C@@]4(C(=O)CO)[C@@]3(C)C[C@H](O)[C@@]12F
CHEMBL5887461,GR,6.560,,1,0,Active,exact,COc1ccc(NC(=O)c2cnc3c(c(C)nn3Cc3nnc(C)[nH]3)c2Cl)cc1
CHEMBL2204044,GR,6.250,,1,0,Active,exact,CS(=O)(=O)c1ccccc1Cc1c(=O)[nH]c(=O)[nH]c1[C@H]1CC[C@@H](c2ccccc2)CC1
CHEMBL226345,GR,,4.523,0,1,Inactive,censored,Nc1[nH]cnc2ncnc1-2
CHEMBL521606,GR,,5.000,0,1,,censored,CC(C)(C)NCC(O)COc1cccc2c1CC(O)C(O)C2
CHEMBL3421892,GR,8.120,,3,0,Active,exact,Cc1noc(=O)c2ccc(NC(=O)C(O)(CC3(c4cc(F)ccc4Cl)CCC3)C(F)(F)F)cc12
CHEMBL6009956,GR,,5.301,0,1,,censored,Cn1ccc2cc(C(=O)Nc3ccc(C(F)(F)F)cc3)cnc21
CHEMBL24646,GR,,4.523,0,1,Inactive,censored,COc1ccc(-c2nc3cc(C4=NNC(=O)CC4C)ccc3[nH]2)cc1
CHEMBL233038,GR,6.130,,1,0,Active,exact,CC(Cc1c[nH]c2ccccc12)NS(=O)(=O)c1ccc(C(C)(C)C)cc1
CHEMBL3666814,GR,9.100,,5,0,Active,exact,C[C@H](NC(=O)C(C)(F)F)[C@H](Oc1ccc2c(cnn2-c2cccc(C(=O)NCc3cccnc3)c2)c1)c1ccc2c(c1)OCOC2
CHEMBL569713,GR,,5.000,0,1,,censored,CN1[C@@H]2C[C@@H](OC(=O)[C@H](CO)c3ccccc3)C[C@H]1[C@@H]1O[C@@H]12
CHEMBL5282323,GR,5.360,,4,0,,exact,COc1cc(C)c(Cl)cc1S(=O)(=O)Nc1ccc2c(c1)CCCN2C(=O)c1ccc(F)cc1
CHEMBL1254344,GR,7.910,,2,1,Active,exact,CC(C)(CC(O)(Cc1cc2ccncc2[nH]1)C(F)(F)F)c1cc(-c2cccnc2)ccc1O
CHEMBL932,GR,,4.523,0,1,Inactive,censored,OCCN(CCO)c1nc(N2CCCCC2)c2nc(N(CCO)CCO)nc(N3CCCCC3)c2n1
CHEMBL1254995,GR,5.850,,1,0,,exact,COc1ccc(F)cc1C(C)(C)CC(O)(Cn1ccc2ccncc21)C(F)(F)F
CHEMBL5945876,GR,7.370,,1,0,Active,exact,CC(C)(C(=O)Oc1c(F)c(F)c(F)c(F)c1F)[C@@H]1c2ccc(Cl)nc2Oc2c(F)cccc21
CHEMBL436848,GR,6.555,,2,2,Active,exact,Cc1cc(-c2cc3ccccc3[nH]2)c(Cl)c2c1NC(C)(C)CC2C
CHEMBL5850290,GR,,5.301,0,1,,censored,Cc1nn(-c2ccccc2)c2ncc(C(=O)Nc3ccc(Cl)cc3)c(C(F)(F)F)c12
CHEMBL407,GR,,4.523,0,1,Inactive,censored,CCOC(=O)c1ncn2c1CN(C)C(=O)c1cc(F)ccc1-2
CHEMBL583858,GR,7.105,,4,2,Active,exact,C[C@]12Cn3cnc(-c4ccc(F)cc4)c3C=C1CCC[C@@H]2[C@H](O)c1ccc(F)cc1
CHEMBL5823142,GR,8.780,,1,0,Active,exact,CC(C)(C(=O)NC(N)=O)[C@H]1c2ccccc2Oc2nc(-c3ccc(N4CCOCC4)nc3)ccc21
CHEMBL1201794,GR,4.720,,1,0,Inactive,exact,Cc1cc2nc3c(=O)[nH]c(=O)nc-3n(C[C@H](O)[C@H](O)[C@H](O)COP(=O)(O)O)c2cc1C
CHEMBL990,GR,,4.523,0,1,Inactive,censored,CN(Cc1ccc(C(C)(C)C)cc1)Cc1cccc2ccccc12
CHEMBL1463345,GR,5.890,,1,0,,exact,C[C@]12CCC(=O)C=C1C=C[C@@H]1[C@@H]2CC[C@@]2(C)[C@H]1CC[C@@]21CCC(=O)O1
CHEMBL2426634,GR,6.220,,2,0,Active,exact,CC(C)(Cc1ccc2c(cnn2-c2ccc(F)cc2)c1)C(=O)Nc1nncs1
CHEMBL1254420,GR,8.335,,2,1,Active,exact,CC(C)(CC(O)(Cc1cc2ccncc2[nH]1)C(F)(F)F)c1cc(F)cc2c1OCC2
CHEMBL5955522,GR,6.560,,1,0,Active,exact,Cc1noc(C)c1Cn1nc(C)c2c(Cl)c(C(=O)Nc3ccc(Cl)cc3)cnc21
CHEMBL243693,GR,,5.699,0,1,,censored,COC(=O)[C@@H](Cc1c[nH]c2ccccc12)NS(=O)(=O)c1c(C)cc(C)cc1C
CHEMBL264841,GR,7.240,,1,0,Active,exact,Cc1c(NS(C)(=O)=O)cccc1N(Cc1ccccc1)Cc1ccc(Oc2cccc(OCC(=O)NCCO[C@H]3CC[C@@]4(C)[C@@H](C3)C[C@@H](O)[C@@H]3[C@@H]4C[C@H](O)[C@]4(C)[C@@H]([C@H](C)CCC(=O)O)CC[C@@H]34)c2)cc1
CHEMBL914,GR,,4.523,0,1,Inactive,censored,CC(C)(C(=O)O)c1ccc(C(O)CCCN2CCC(C(O)(c3ccccc3)c3ccccc3)CC2)cc1
CHEMBL2086964,GR,,4.000,0,1,Inactive,censored,COc1cc(/C=N/NC(=O)c2cc3c(ccc4ccccc43)o2)cc(OC)c1O
CHEMBL5874582,GR,,5.301,0,1,,censored,Cc1nn(-c2ccccc2)c2ncc(C(=O)N(C)c3ccc(Cl)cc3)c(Cl)c12
CHEMBL902,GR,,4.523,0,1,Inactive,censored,NC(N)=Nc1nc(CSCC/C(N)=N/S(N)(=O)=O)cs1
CHEMBL6030966,GR,8.370,,1,0,Active,exact,CC(=O)Nc1ccc(-c2ccc3c(n2)Oc2c(F)cccc2[C@@H]3C(C)(C)C(=O)NC(N)=O)cn1
CHEMBL4556735,GR,6.000,,1,0,Active,exact,Cc1ccc2c(c1)OC[C@](C)(CS(C)(=O)=O)N2C(=O)c1ccc2c(c1)NC(=O)CO2
CHEMBL5783729,GR,,5.301,0,1,,censored,Cn1ccc2c(Cl)c(C(=O)Nc3ccc(Cl)cc3)cnc21
CHEMBL562,GR,,4.523,0,1,Inactive,censored,COC1=CC(=O)C[C@@H](C)[C@]12Oc1c(Cl)c(OC)cc(OC)c1C2=O
CHEMBL3315065,GR,8.180,,6,0,Active,exact,CC(C)(C(=O)NC(N)=O)[C@H]1c2ccccc2Oc2nc(-c3ccc(C(=O)N4CCCC4)cc3)ccc21
CHEMBL3765823,GR,,5.506,0,1,,censored,Cc1c(N[C@@H]2CCCC[C@@]2(C)O)ccc(C#N)c1Cl
CHEMBL1643,GR,,5.000,0,1,,censored,NC(=O)c1ncn([C@@H]2O[C@H](CO)[C@@H](O)[C@H]2O)n1
CHEMBL6040009,GR,,5.301,0,1,,censored,Cc1ccc(Cn2cnc3c(Cl)c(C(=O)Nc4ccc(C(C)C)cc4)cnc32)cc1
CHEMBL5765202,GR,8.760,,1,0,Active,exact,CCC(C)c1ccc(-c2ccc3c(n2)Oc2ccccc2[C@@H]3C(C)(C)C(=O)NC(N)=O)cc1
CHEMBL1094207,GR,7.460,,1,0,Active,exact,OC(c1ccc2c(cnn2-c2ccc(F)cc2)c1)(c1ccccc1Cl)C(F)(F)F
CHEMBL5613411,GR,5.700,,1,0,,exact,Cc1cnc(Nc2ccc3c(c2)CCC2=C4C[C@H](O)C[C@]4(C)CC[C@]23C)c(C)n1
CHEMBL3578276,GR,,4.699,0,1,Inactive,censored,C[C@H](c1ccc(F)cc1)N1C(=O)O[C@](Cc2ccccc2)(c2nc3cc(NS(C)(=O)=O)ccc3[nH]2)C1=O
CHEMBL46516,GR,,4.523,0,1,Inactive,censored,O=C1NCN(c2ccccc2)C12CCN(CCCC(c1ccc(F)cc1)c1ccc(F)cc1)CC2
CHEMBL4087723,GR,,5.000,0,1,,censored,O=c1cc(C(F)(F)F)c2ccc(OCc3ccc(Br)cc3)cc2o1
CHEMBL7671,GR,8.160,,1,0,Active,exact,C#Cc1cccc2c1-c1ccc3c(c1C(CC=C)O2)C(C)=CC(C)(C)N3
CHEMBL94753,GR,7.850,,1,0,Active,exact,CC1=CC(C)(C)Nc2ccc3c(c21)C(c1ccc(Cl)c(C)c1)Oc1ccc(Cl)cc1-3
CHEMBL5284597,GR,6.410,,2,1,Active,exact,COc1cc(C)c(Cl)cc1S(=O)(=O)Nc1ccc2c(c1)CCCN2C(=O)c1ncccn1
CHEMBL3233274,GR,7.575,,2,0,Active,exact,COc1ccc(F)cc1C(C)(C)CC(O)(Cc1cc2ccncc2[nH]1)C1CC1
CHEMBL51933,GR,5.620,,1,0,,exact,C=C1C=C(C)C[C@@H](C)[C@@H]1Cc1cc(OC)c(Br)cc1OC(C)=O
CHEMBL3706957,GR,8.570,,1,0,Active,exact,COc1ccc(/C=C2\Oc3ccc(O)c(OC)c3-c3ccc4c(c32)C(C)=CC(C)(C)N4)cc1
CHEMBL5285701,GR,5.180,,1,3,,exact,O=C(c1ccco1)N1CCCc2cc(NS(=O)(=O)CCc3ccccc3)ccc21
CHEMBL347159,GR,6.400,,1,0,Active,exact,CCC[C@@H]1O[C@@H]2CC3C4C[C@H](F)C5=CC(=O)CC[C@]5(C)[C@@]4(F)[C@@H](O)C[C@]3(C)[C@]2(SC(CCO)C(=O)O)O1
CHEMBL2220442,GR,,4.523,0,1,Inactive,censored,CC(C)n1c(/C=C/C(O)CC(O)CC(=O)O)c(-c2ccc(F)cc2)c2ccccc21
CHEMBL1567463,GR,,4.523,0,1,Inactive,censored,C[N+](C)(C)CCOP(=O)([O-])OC[C@H](O)CO
CHEMBL584522,GR,7.430,,3,1,Active,exact,C[C@]12Cn3cnc(-c4ccc(F)cc4)c3C=C1CCC[C@@H]2[C@](C)(O)C1CC1
CHEMBL1445,GR,7.060,,1,0,Active,exact,C[C@]1(O)CC[C@H]2[C@@H]3CCC4=CC(=O)CC[C@]4(C)[C@@]3(F)[C@@H](O)C[C@@]21C
CHEMBL2107430,GR,,4.523,0,1,Inactive,censored,Fc1ccc(C(c2ccccc2)(c2ccccc2F)n2ccnc2)cc1
CHEMBL5280308,GR,6.305,,4,0,Active,exact,COc1cc(C)c(Cl)cc1S(=O)(=O)Nc1ccc2c(c1)CCCN2C(=O)c1ccccc1
CHEMBL3894105,GR,5.730,,1,0,,exact,CC#C[C@]1(O)CC[C@H]2[C@@H]3CCc4cc(C(=O)Nc5cccnc5C)ccc4C3=CC[C@@]21C
CHEMBL548,GR,,4.523,0,1,Inactive,censored,CCCCC[C@H](O)/C=C/[C@H]1[C@H](O)CC(=O)[C@@H]1C/C=C\CCCC(=O)O
CHEMBL1094209,GR,7.850,,1,0,Active,exact,OC(c1ccnc(Cl)c1)(c1ccc2c(cnn2-c2ccc(F)cc2)c1)C(F)(F)F
CHEMBL3093456,GR,7.820,,1,1,Active,exact,Cc1cc(C)c(S(=O)(=O)NC(Cn2cc(C#N)c3ccccc32)C(F)(F)F)c(C)c1
CHEMBL404192,GR,7.820,,1,0,Active,exact,Fc1ccc(CC23Cc4cnn(-c5ccc(F)cc5)c4C=C2CCN(c2ccccc2)C3)cc1
CHEMBL5910770,GR,,5.301,0,1,,censored,CC(C)c1ccc(NC(=O)c2cnc3c(ncn3Cc3ccc(F)cc3)c2Cl)cc1
CHEMBL457241,GR,7.330,,2,0,Active,exact,CC#C[C@]1(O)C[C@H]2CCc3cc(O)ccc3[C@]2(CC)C[C@@H]1O
CHEMBL583629,GR,8.220,,2,0,Active,exact,C=CC[C@H](O)C1CCCC2=Cc3c(cnn3-c3ccc(F)cc3)C[C@@]21C
CHEMBL1648,GR,4.820,,1,0,Inactive,exact,COC(=O)C1=C(C)NC(C)=C(C(=O)OC(C)C)C1c1cccc2nonc12
CHEMBL5266323,GR,5.740,,3,0,,exact,COc1cc(C)c(Cl)cc1S(=O)(=O)Nc1ccc2c(c1)CCCN2C(=O)c1ccc(Cl)cc1
CHEMBL1083659,GR,,4.523,0,1,Inactive,censored,Cc1ccc(-n2nccn2)c(C(=O)N2CCN(c3nc4cc(Cl)ccc4o3)CC[C@H]2C)c1
CHEMBL456214,GR,,6.000,0,1,,censored,CC#C[C@@]1(O)CC[C@@]2(CO)c3ccc(O)cc3CC[C@@H]2C1
CHEMBL5799736,GR,6.560,,1,0,Active,exact,Cc1nn(-c2ccc(F)cc2)c2ncc(C(=O)Nc3ccc(C(C)C)cc3)c(Cl)c12
CHEMBL502,GR,,4.523,0,1,Inactive,censored,COc1cc2c(cc1OC)C(=O)C(CC1CCN(Cc3ccccc3)CC1)C2
CHEMBL4581588,GR,8.600,,1,0,Active,exact,NC(=O)C[C@H]1COc2cc(F)c(C3CC3)cc2N1C(=O)c1ccc2c(c1)NC(=O)CO2
CHEMBL4086436,GR,5.240,,1,0,,exact,O=[N+]([O-])c1ccc(S(=O)(=O)N(Cc2ccccc2)c2ccc(Oc3ccccc3)cc2)cc1
CHEMBL338667,GR,,4.523,0,1,Inactive,censored,O=C(Nc1ccccc1)OCC(CN1CCCCC1)OC(=O)Nc1ccccc1
CHEMBL5967407,GR,8.800,,1,0,Active,exact,C[C@H](NC(=O)C(C)(F)F)[C@H](Oc1ccc2c(cnn2-c2cccc(C(=O)N[C@@H]3CCS(=O)(=O)C3)c2)c1)c1ccc2c(c1)OCOC2
CHEMBL1082780,GR,7.450,,2,0,Active,exact,O=S(=O)(Nc1ccc(-c2ccc3c(cnn3-c3ccc(F)cc3)c2)c(C(F)(F)F)c1)c1ccsc1
CHEMBL5982655,GR,7.810,,1,0,Active,exact,C[C@]12C=CC(=O)C=C1[C@@H](F)C[C@H]1[C@@H]3C[C@H]4O[C@@H](c5ccc(Sc6cccc(N)c6)cc5)O[C@@]4(C(=O)CO)[C@@]3(C)C[C@H](O)[C@@]12F
CHEMBL3923131,GR,8.130,,1,0,Active,exact,C[C@H](NS(C)(=O)=O)[C@H](Oc1ccc2c(cnn2-c2ccc(F)cc2)c1)c1ccccc1
CHEMBL3582124,GR,6.820,,1,0,Active,exact,CC1(C)Nc2c(cc(-c3ccnc4ccccc34)c3c2CCC3)C(C)(C)C1=O
CHEMBL3261429,GR,7.640,,1,0,Active,exact,COc1ncc(-n2ncc3c(NC[C@H](C)NS(=O)(=O)c4c(C)nn(C5CCCC5)c4C)cccc32)cn1
CHEMBL3358933,GR,7.900,,2,0,Active,exact,CC(C)(CC(O)(Cc1cc2cc(N3CCOCC3)ncc2[nH]1)C(F)(F)F)c1cccc(F)c1
CHEMBL5757286,GR,5.560,,1,0,,exact,Cc1nn(-c2ccc(Cl)cc2)c2ncc(C(=O)Nc3ccc(Cl)cc3)c(Cl)c12
CHEMBL696,GR,,5.000,0,1,,censored,CCC1(C)CC(=O)NC1=O
CHEMBL240163,GR,,4.523,0,1,Inactive,censored,C[C@H]1COc2c(C3(N)CC3)c(F)cc3c(=O)c(C(=O)O)cn1c23
CHEMBL2023615,GR,8.740,,1,0,Active,exact,C[C@]12Cc3cnn(-c4ccc(F)cc4)c3C=C1CC[C@@H]1[C@@H]2[C@@H](O)C[C@@]2(C)[C@H]1CC[C@]2(O)C(=O)COc1ccc2ccccc2n1
CHEMBL4082072,GR,7.960,,1,0,Active,exact,Cn1nccc1S(=O)(=O)N1CCC2=Cc3c(cnn3-c3ccc(F)cc3)C[C@]2(C(=O)c2cc(C(F)(F)F)ccn2)C1
CHEMBL36564,GR,6.710,,1,0,Active,exact,C[C@@H]1C(=O)C(C)(C)Nc2ccc3c(c21)[C@H](c1cccc(F)c1)Oc1ccccc1-3
CHEMBL7844,GR,6.400,,1,0,Active,exact,C=CCC1Oc2cccc(C(=O)OC)c2-c2ccc3c(c21)C(C)=CC(C)(C)N3
CHEMBL4460554,GR,7.900,,1,0,Active,exact,CCC(C)(C)C#C[C@]1(O)CC[C@H]2[C@@H]3CCC4=CC(=O)CC[C@@H]4[C@H]3[C@@H](c3ccc(N(C)C)cc3)C[C@@]21C
CHEMBL56367,GR,,4.523,0,1,Inactive,censored,CS(=O)(=O)Nc1ccc([N+](=O)[O-])cc1Oc1ccccc1
CHEMBL3305985,GR,,4.523,0,1,Inactive,censored,C=CC[N@@+]12CC[C@@]34c5ccccc5N5/C=C6/[C@H]7C[C@H]8[C@@]9(CC[N@@+]8(CC=C)C/C7=C/CO)c7ccccc7N(/C=C(/[C@@H](C[C@@H]31)/C(=C\CO)C2)[C@H]54)[C@@H]69
CHEMBL2204053,GR,,7.301,0,1,,censored,Cc1cc(Cc2c(=O)[nH]c(=O)[nH]c2[C@H]2CC[C@@H](c3ccccc3)CC2)ccn1
CHEMBL2105115,GR,,4.523,0,1,Inactive,censored,COc1ccccc1OC1(C)OC(=O)c2ccccc2O1
CHEMBL1201754,GR,,4.523,0,1,Inactive,censored,NC(=O)c1cn(Cc2c(F)cccc2F)nn1
CHEMBL194059,GR,8.250,,1,0,Active,exact,C=C[C@H]1CO[C@]2(CCC3=Cc4c(cnn4-c4ccc(F)cc4)C[C@@]32C)O1
CHEMBL236754,GR,7.190,,1,0,Active,exact,COc1ccc(F)cc1C(C)(C)CC(O)(Cc1c(C)ccc2ccccc12)C(F)(F)F
CHEMBL1909285,GR,,4.523,0,1,Inactive,censored,Cc1nc([N+](=O)[O-])cn1-c1ccc([N+](=O)[O-])cc1
CHEMBL2426128,GR,7.315,,4,0,Active,exact,CC(C)C[C@@H](c1ccc2c(cnn2-c2ccc(F)cc2)c1)C(C)(C)CNC(=O)CC(F)(F)F
CHEMBL4217942,GR,8.175,,2,0,Active,exact,CN(C)C(=O)[C@@]12CN(Cc3ccccc3)C[C@@H]1C[C@H]1[C@@H]3C[C@H](F)C4=CC(=O)C=C[C@]4(C)[C@@]3(F)[C@@H](O)C[C@@]12C
CHEMBL3315053,GR,7.375,,6,0,Active,exact,CC(C)C(=O)NC(=O)C(C)(C)[C@@H]1c2ccc(-c3ccc(C(=O)N4CCOCC4)cc3)nc2Oc2c(F)cccc21
CHEMBL1644754,GR,8.065,,2,0,Active,exact,Cc1cc(-c2cccc3cc[nH]c23)c(Cl)c2c1NC(C)(C)C(=O)C2C
CHEMBL420001,GR,7.850,,1,0,Active,exact,Cc1c(NS(C)(=O)=O)cccc1N(Cc1ccccc1)Cc1ccccc1F
CHEMBL6044403,GR,6.560,,1,0,Active,exact,Cc1nn(C2CCN(CCO)CC2)c2ncc(C(=O)Nc3ccc(C(F)(F)F)cc3)c(Cl)c12
CHEMBL2218871,GR,,4.523,0,1,Inactive,censored,CC1=C(/C=C/C(C)=C/C=C/C(C)=C/C(=O)Oc2c(C)c(C)c3c(c2C)CCC(C)(CCCC(C)CCCC(C)CCCC(C)C)O3)C(C)(C)CCC1
CHEMBL37744,GR,,4.523,0,1,Inactive,censored,CN(C)C/C=C(/c1ccc(Br)cc1)c1cccnc1
CHEMBL4205561,GR,8.890,,1,0,Active,exact,C[C@]12C=CC(=O)C=C1[C@@H](F)C[C@H]1[C@@H]3C[C@H]4CN(Cc5ccc(Cl)cc5)C[C@@]4(C(=O)CO)[C@@]3(C)C[C@H](O)[C@@]12F
CHEMBL247812,GR,7.190,,1,0,Active,exact,CC(C)(C)c1ccc(S(=O)(=O)N2CCC3=CC(=O)CCC3(Cc3ccc(C#N)cc3)C2)cc1
CHEMBL1504,GR,8.510,,3,0,Active,exact,CC1(C)O[C@@H]2C[C@H]3[C@@H]4CCC5=CC(=O)C=C[C@]5(C)[C@@]4(F)[C@@H](O)C[C@]3(C)[C@]2(C(=O)CO)O1
CHEMBL5997742,GR,,5.301,0,1,,censored,CCCCOc1ccc(NC(=O)c2cnc3c(c(C)nn3-c3ccc(F)cc3)c2Cl)cc1
CHEMBL1328,GR,,5.000,0,1,,censored,CSCC[C@H](NC(=O)[C@H](Cc1c[nH]c2ccccc12)NC(=O)CCNC(=O)OC(C)(C)C)C(=O)N[C@@H](CC(=O)O)C(=O)N[C@@H](Cc1ccccc1)C(N)=O
CHEMBL205414,GR,6.100,,1,0,Active,exact,COc1ccccc1-c1ccc2c(c1)C(CSc1ccc(Cl)cc1)=CC(C)(C)N2
CHEMBL196237,GR,6.630,,2,0,Active,exact,CC(C)(C)c1ccc(CC(O)(CC(C)(C)c2ccccc2)C(=O)Nc2ccc3c(c2)COC3=O)cc1
CHEMBL2023240,GR,8.680,,1,0,Active,exact,C[C@]12Cc3cnn(-c4ccc(F)cc4)c3C=C1CC[C@@H]1[C@@H]2[C@@H](O)C[C@@]2(C)[C@H]1CC[C@]2(O)C(=O)COc1nc2ccccc2s1
CHEMBL2204059,GR,7.680,,1,0,Active,exact,Cc1ccnc(Cc2c(=O)[nH]c(=O)[nH]c2[C@H]2CC[C@@H](c3ccccc3)CC2)c1
CHEMBL5748447,GR,8.030,,1,0,Active,exact,C[C@]12C=CC(=O)C=C1[C@@H](F)C[C@H]1[C@@H]3C[C@H]4O[C@@H](c5ccc(Oc6cccc(N)c6)cc5)O[C@@]4(C(=O)CO)[C@@]3(C)C[C@H](O)[C@@]12F
CHEMBL259209,GR,,4.523,0,1,Inactive,censored,CCN(CC)C(=O)C1(c2ccccc2)CC1CN
CHEMBL1043,GR,,5.000,0,1,,censored,Nc1ccc(S(=O)(=O)c2ccc(N)cc2)cc1
CHEMBL880,GR,,4.523,0,1,Inactive,censored,CC(=O)OCC(CCn1cnc2cnc(N)nc21)COC(C)=O
CHEMBL1911273,GR,7.625,,6,0,Active,exact,CCN(C)C(=O)c1ccc(-c2ccc3c(n2)Oc2ccccc2[C@H]3C(C)(C)C(=O)Nc2nncs2)cc1
CHEMBL2024020,GR,7.650,,2,0,Active,exact,Cn1c(SCC(=O)[C@@]2(O)CC[C@@]3(C)[C@@H]4CCC5=CC(=O)CC[C@]5(C)[C@H]4[C@@H](O)C[C@@]32C)nc2ccccc21
CHEMBL5742975,GR,,5.301,0,1,,censored,COCCn1cnc2c(Cl)c(C(=O)Nc3ccc(Cl)cc3)cnc21
CHEMBL1668089,GR,7.500,,1,0,Active,exact,Cc1cc(NC[C@H](C)NS(=O)(=O)C2CC2)c2cnn(-c3cccc(C(=O)N[C@H](C)C(N)=O)c3)c2c1
CHEMBL5897870,GR,8.280,,1,0,Active,exact,COC(=O)NC(=O)C(C)(C)[C@@H]1c2ccc(-c3ccc(C(=O)OC)cc3)nc2Oc2c(F)cccc21
CHEMBL1083149,GR,7.600,,1,1,Active,exact,O=S(=O)(Nc1ccccc1)c1ccc(-c2ccc3c(cnn3-c3ccc(F)cc3)c2)c(C(F)(F)F)c1
CHEMBL103092,GR,7.220,,1,0,Active,exact,CC1=CC(C)(C)Nc2ccc3c(c21)C(c1ccc(C)c(F)c1)Oc1ccccc1-3
CHEMBL2204049,GR,7.960,,1,0,Active,exact,O=c1[nH]c(=O)c(Cc2c(Cl)cccc2Cl)c([C@H]2CC[C@@H](c3ccccc3)CC2)[nH]1
CHEMBL258191,GR,8.030,,7,0,Active,exact,Cc1cc(-c2cccc3cc[nH]c23)c(Cl)c2c1NC(C)(C)CC2C
CHEMBL3126948,GR,8.175,,2,0,Active,exact,Cc1ccc(F)cc1C(C)(C)C[C@@](O)(Cc1cc2nnccc2[nH]1)C(F)(F)F
CHEMBL2087299,GR,6.960,,1,0,Active,exact,O=C(O)Cc1cc(Br)c(N(Cc2ccc(Oc3ccc(C(F)(F)F)cc3C(F)(F)F)cc2)Cc2cc(F)cc(F)c2)c(Br)c1
CHEMBL1200374,GR,5.170,,1,0,,exact,C=C1C[C@@H]2[C@H](CC[C@]3(C)C(=O)CC[C@@H]23)[C@@]2(C)C=CC(=O)C=C12
CHEMBL1200617,GR,8.000,,1,0,Active,exact,CCC(=O)[C@@]1(C)[C@H](C)C[C@H]2[C@@H]3CCC4=CC(=O)C=C[C@]4(C)[C@H]3[C@@H](O)C[C@@]21C
CHEMBL83110,GR,8.170,,1,0,Active,exact,Cc1cc([C@H](O)[C@H]2CCCC3=Cc4c(cnn4-c4ccc(F)cc4)C[C@@]32C)ccc1F
CHEMBL631,GR,,4.523,0,1,Inactive,censored,CCCNCC(O)COc1ccccc1C(=O)CCc1ccccc1
CHEMBL6064603,GR,,5.301,0,1,,censored,Cc1nn(C)c2ncc(C(=O)Nc3ccc(OCCN(C)C)cc3)c(Cl)c12
CHEMBL3962413,GR,8.200,,4,0,Active,exact,CC[C@@H]1C[C@](O)(C(F)(F)F)[C@@H](Nc2cccc3[nH]c(=O)ccc23)c2cc(F)c(F)c(O)c21
CHEMBL1321,GR,,5.000,0,1,,censored,CNNCc1ccc(C(=O)NC(C)C)cc1
CHEMBL82546,GR,8.340,,3,0,Active,exact,C[C@]12Cc3cnn(-c4ccc(F)cc4)c3C=C1CCC[C@@H]2[C@@H](O)Cc1ccc(F)cc1
CHEMBL184228,GR,5.890,,1,0,,exact,CC[C@H]1C[C@@]2(C)C(CC[C@@H]2O)C2CCC3=CC(=O)CCC3=C21
CHEMBL393011,GR,8.330,,2,0,Active,exact,CCC1(CC(O)(CNC(=O)c2cnn(-c3ccc(F)cc3F)c2N)C(F)(F)F)CCCc2ccccc21
CHEMBL2426651,GR,6.680,,2,1,Active,exact,COc1cccc(-n2ncc3cc(C(c4ccccc4)C(C)(C)C(=O)Nc4nncs4)ccc32)c1
CHEMBL3126945,GR,8.095,,2,0,Active,exact,CC(C)(CC(O)(Cc1cc2ncncc2[nH]1)C(F)(F)F)c1cc(Cl)cc2c1OCC2
CHEMBL4172798,GR,7.370,,1,0,Active,exact,CN(C)c1c(F)cc([C@H]2C[C@@]3(C)[C@@H](CC[C@@]3(O)C#CC(C)(C)C)[C@@H]3CCC4=CC(=O)CCC4=C32)cc1F
CHEMBL3643413,GR,,4.523,0,1,Inactive,censored,CCC(=O)N1CC[C@H](Nc2ncnc3c2CN(c2cnc(OC)c(C(F)(F)F)c2)CC3)C1
CHEMBL457977,GR,5.140,,1,0,,exact,Fc1ccc(-c2c3cccc(C(F)(F)F)c3nn2Cc2ccccc2F)cc1
CHEMBL395716,GR,9.700,,2,0,Active,exact,COCc1ccsc1/C=C1\Oc2ccc(O)c(OC)c2-c2ccc3c(c21)C(C)=CC(C)(C)N3
CHEMBL4787613,GR,8.660,,1,0,Active,exact,C[C@]12Cc3cn(-c4ccccc4)nc3C=C1CC[C@@H]1[C@@H]2[C@@H](O)C[C@@]2(C)[C@H]1CC[C@]2(O)C(=O)CO
CHEMBL4754182,GR,6.860,,1,0,Active,exact,C[C@]12Cc3cn(-c4ccc(F)cc4)nc3C=C1CC[C@@H]1[C@@H]2[C@@H](O)C[C@@]2(C)[C@H]1CC[C@]2(O)C(=O)CO
CHEMBL5611909,GR,5.430,,1,0,,exact,Cc1cnc(Nc2ccc3c(c2)CC[C@@H]2C4=CC(=O)C[C@]4(C)CC[C@@]32C)c(C)n1
CHEMBL5845521,GR,5.560,,1,0,,exact,Cc1nn(-c2ccc(F)cc2)c2ncc(C(=O)Nc3ccc(C(F)(F)F)cc3)c(Cl)c12
CHEMBL186,GR,,4.523,0,1,Inactive,censored,CO/N=C(\C(=O)N[C@@H]1C(=O)N2C(C(=O)[O-])=C(C[N+]3(C)CCCC3)CS[C@H]12)c1csc(N)n1
CHEMBL4100155,GR,6.920,,1,0,Active,exact,Cn1nncc1S(=O)(=O)N1CC[C@H]2Cc3c(cnn3-c3ccc(F)cc3)C[C@]2(C(=O)c2cc(C(F)(F)F)ccn2)C1
CHEMBL1254652,GR,7.680,,1,1,Active,exact,COc1ccc(F)cc1C(C)(C)CC(O)(Cc1cc2cccnc2[nH]1)C(F)(F)F
CHEMBL1644765,GR,7.810,,2,0,Active,exact,Cc1cc(-c2cccc3cc[nH]c23)c(Cl)c2c1NC(C)(C)[C@@H](O)[C@H]2C
CHEMBL462605,GR,,4.523,0,1,Inactive,censored,Clc1ccc(CCCOCCCN2CCCCC2)cc1
CHEMBL32,GR,,4.523,0,1,Inactive,censored,COc1c(N2C[C@@H]3CCCN[C@@H]3C2)c(F)cc2c(=O)c(C(=O)O)cn(C3CC3)c12
CHEMBL232832,GR,5.390,,1,0,,exact,CC(Cc1c[nH]c2ccccc12)NS(=O)(=O)c1cccc(Cl)c1
CHEMBL219140,GR,7.110,,1,0,Active,exact,COc1ccc(F)cc1C(C)(C)CC(O)(Cn1ccc(=O)c2ncccc21)C(F)(F)F
CHEMBL989,GR,8.675,,2,0,Active,exact,CC1(C)O[C@@H]2C[C@H]3[C@@H]4C[C@H](F)C5=CC(=O)C=C[C@]5(C)[C@@]4(F)[C@@H](O)C[C@]3(C)[C@]2(C(=O)CO)O1
CHEMBL5091667,GR,,6.000,0,1,,censored,CC(=O)N[C@@H](Cc1cnc[nH]1)C(=O)N[C@@H](CO)C(=O)N[C@@H](CCC(N)=O)C(=O)NCC(=O)N[C@H](C(=O)N[C@@H](Cc1ccccc1)C(=O)N[C@H](C(=O)N[C@@H](CO)C(=O)N[C@@H](CC(=O)O)C(=O)N[C@@H](Cc1ccc(O)cc1)C(=O)N[C@@H](CO)C(=O)N[C@@H](CCCCN)C(=O)N[C@@H](Cc1ccc(O)cc1)C(=O)N[C@@H](CC(C)C)C(=O)N[C@@H](CC(=O)O)C(=O)N[C@@H](CO)C(=O)N[C@@H](CCCNC(=N)N)C(=O)N[C@@H](CCCNC(=N)N)C(=O)N[C@@H](C)C(=O)N[C@@H](CCC(N)=O)C(=O)N[C@@H](CC(=O)O)C(=O)N[C@@H](Cc1ccccc1)C(=O)N[C@H](C(=O)N[C@@H](CCCCN)CN(CC(=O)N[C@@H](CC(C)C)C(=O)N[C@@H](CC(C)C)CN(CC(=O)N[C@H](C(N)=O)[C@@H](C)O)S(=O)(=O)CCN)S(=O)(=O)c1ccc(Cl)cc1)C(C)C)[C@@H](C)O)[C@@H](C)O
CHEMBL430192,GR,6.240,,1,0,Active,exact,Cc1[nH]c2ccccc2c1CC(C)NS(=O)(=O)c1c(Cl)cc(Cl)cc1Cl
CHEMBL3421872,GR,8.570,,2,0,Active,exact,CC[C@@]12C[C@](O)(CC)[C@](O)(c3ccccc3)C[C@H]1CCc1cc(O)ccc12
CHEMBL7843,GR,8.550,,2,0,Active,exact,C=CCC1Oc2ccc(C(=O)OC)c(OC)c2-c2ccc3c(c21)C(C)=CC(C)(C)N3
CHEMBL403666,GR,7.890,,1,0,Active,exact,CS(=O)(=O)N1CCC2=Cc3c(cnn3-c3ccc(F)cc3)CC2(Cc2ccc(F)cc2)C1
CHEMBL518451,GR,8.200,,1,0,Active,exact,CCN(CC(O)(CNC(=O)c1cnn(-c2ccc(F)cc2)c1N)C(F)(F)F)C(=O)c1c(Cl)cc(Cl)cc1Cl
CHEMBL389152,GR,5.890,,1,0,,exact,Cc1cc(C)c(S(=O)(=O)N(C)C(C)Cc2c[nH]c3ccccc23)c(C)c1
CHEMBL193760,GR,8.050,,1,0,Active,exact,CCC[C@H]1OC2(CCCC3=Cc4c(cnn4-c4ccc(F)cc4)C[C@@]32C)O[C@@H]1CCC
CHEMBL1479,GR,5.710,,3,0,,exact,C#C[C@]1(O)CC[C@H]2[C@@H]3CCC4=Cc5oncc5C[C@]4(C)[C@H]3CC[C@@]21C
CHEMBL970,GR,,4.523,0,1,Inactive,censored,O=C1CN=C(c2ccccc2)c2cc(Cl)ccc2N1CC(F)(F)F
CHEMBL1542,GR,,4.523,0,1,Inactive,censored,Cn1cnc([N+](=O)[O-])c1Sc1ncnc2[nH]cnc12
CHEMBL2147553,GR,8.700,,1,0,Active,exact,CNC(=O)c1ccccc1CC[C@]1(O)CCC2=Cc3c(cnn3-c3ccc(F)cc3)C[C@@]21C
CHEMBL53549,GR,5.990,,2,0,,exact,C=C1C[C@H](C)CC(C)(C)[C@@H]1Cc1cc(OC)c(Br)cc1O
CHEMBL247815,GR,7.890,,1,0,Active,exact,CC(C)(C)c1ccc(S(=O)(=O)N2CCC3=CC(=O)CCC3(Cc3ccc(NS(C)(=O)=O)cc3)C2)cc1
CHEMBL552770,GR,8.080,,1,0,Active,exact,CC(=O)NCCCN(C)CCCNC(=S)NCCSCC(=O)[C@@]1(O)[C@H](C)C[C@H]2[C@@H]3CCC4=CC(=O)C=C[C@]4(C)[C@@]3(F)[C@@H](O)C[C@@]21C
CHEMBL3775389,GR,,5.301,0,1,,censored,CN(C)CC(=O)N1CCC2(CC1)C(=O)Nc1cc(/C=C3\c4ccccc4COc4cc(F)ccc43)ccc12
CHEMBL1928876,GR,,5.000,0,1,,censored,O=C1COc2ccc(C3=Nn4cnnc4SC3c3ccc(F)cc3)cc2N1
CHEMBL2087290,GR,6.630,,1,0,Active,exact,O=C(O)Cc1cc(Br)c(N(Cc2ccc(Oc3ccccc3Cl)cc2)Cc2cc(F)cc(F)c2)c(Br)c1
CHEMBL571,GR,,4.523,0,1,Inactive,censored,CC(C(=O)O)c1cccc(C(=O)c2ccccc2)c1
CHEMBL247232,GR,,5.000,0,1,,censored,O=C1C=C2CCN(Cc3ccncc3)CC2(Cc2ccccc2)CC1
CHEMBL5915426,GR,6.620,,1,0,Active,exact,CNC(=O)NC(=O)C(C)(C)[C@@H]1c2ccc(-c3cnc(N4CCN(C)CC4)nc3)nc2Oc2c(F)cccc21
CHEMBL891,GR,,4.523,0,1,Inactive,censored,Cc1onc(-c2ccccc2Cl)c1C(=O)N[C@@H]1C(=O)N2[C@@H]1SC(C)(C)[C@@H]2C(=O)O
CHEMBL271221,GR,9.100,,1,0,Active,exact,CCOC[C@]12Cc3cnn(-c4ccc(F)cc4)c3C=C1CCN(S(=O)(=O)c1ccc(C(C)(C)C)cc1)C2
CHEMBL1084072,GR,5.600,,1,1,,exact,CCOc1cccc(-c2ccc3c(cnn3-c3ccc(F)cc3)c2)c1
CHEMBL3126934,GR,6.915,,2,0,Active,exact,Cc1ccc(F)cc1C(C)(C)CC(O)(Cc1cc2nc(C(C)C)ncc2[nH]1)C(F)(F)F
CHEMBL5094483,GR,,6.000,0,1,,censored,CC(C)C[C@@H](CN(CC(=O)N[C@H](C(N)=O)[C@@H](C)O)S(=O)(=O)CCN)NC(=O)[C@H](CC(C)C)NC(=O)CN(C[C@H](CCCCN)NC(=O)[C@@H](NC(=O)CN(C[C@H](CC(=O)O)NC(=O)[C@H](CCC(N)=O)NC(=O)CN(C[C@H](CCCNC(=N)N)NC(=O)[C@H](CCCNC(=N)N)NC(=O)[C@H](CO)NC(=O)[C@H](CC(=O)O)NC(=O)[C@H](CC(C)C)NC(=O)[C@H](Cc1ccc(O)cc1)NC(=O)[C@H](CCCCN)NC(=O)[C@H](CO)NC(=O)[C@H](Cc1ccc(O)cc1)NC(=O)[C@H](CC(=O)O)NC(=O)[C@H](CO)NC(=O)[C@@H](NC(=O)[C@H](Cc1ccccc1)NC(=O)[C@@H](NC(=O)CNC(=O)[C@H](CCC(N)=O)NC(=O)[C@H](CO)NC(=O)[C@@H](N)Cc1cnc[nH]1)[C@@H](C)O)[C@@H](C)O)S(C)(=O)=O)S(=O)(=O)c1ccc(Cl)cc1)C(C)C)S(=O)(=O)c1ccc(Cl)cc1
CHEMBL5997238,GR,,5.000,0,1,,censored,CC1(C)C(=O)N(c2cnc(C#N)c(C(F)(F)F)c2)C(=S)N1c1ccc(CNC(=O)c2cncs2)c(Cl)c1
CHEMBL238071,GR,,4.523,0,1,Inactive,censored,CC[C@]1(O)C[C@@H]2CN(CCc3c([nH]c4ccccc34)[C@@](C(=O)OC)(c3cc4c(cc3OC)N(C)[C@H]3[C@@](O)(C(N)=O)[C@H](O)[C@]5(CC)C=CCN6CC[C@]43[C@@H]65)C2)C1
CHEMBL4483697,GR,7.330,,1,0,Active,exact,CN(C)c1ccc([C@H]2C[C@@]3(C)[C@@H](CC[C@@]3(O)C#CC(F)(F)F)[C@@H]3CCC4=CC(=O)CC[C@]4(C)[C@H]32)cc1
CHEMBL1682418,GR,8.050,,1,0,Active,exact,Cc1cc(-c2cccc3cc[nH]c23)cc2c1NC(C)(C)[C@H](O)[C@H]2C
CHEMBL2204039,GR,7.500,,1,0,Active,exact,O=c1[nH]c(=O)c(Cc2ccccc2)c([C@H]2CC[C@@H](c3ccccc3)CC2)[nH]1
CHEMBL250288,GR,7.120,,1,0,Active,exact,COc1cccc(CC23CCC(=O)C=C2CCN(S(=O)(=O)c2ccc(C(C)(C)C)cc2)C3)c1
CHEMBL5747095,GR,6.560,,1,0,Active,exact,Cc1nn(CC2CCN(C)CC2)c2ncc(C(=O)Nc3ccc(Cl)cc3)c(Cl)c12
CHEMBL2426639,GR,7.555,,2,0,Active,exact,CC(C)(C(=O)Nc1nncs1)C(Cc1ccccc1)c1ccc2c(cnn2-c2ccc(F)cc2)c1
CHEMBL102720,GR,6.830,,1,0,Active,exact,CC1=CC(C)(C)Nc2ccc3c(c21)C(c1ccc(Cl)c(C)c1)Oc1ccccc1-3
CHEMBL5613719,GR,5.900,,1,0,,exact,Cc1cnc(Nc2ccc3c(c2)CCC2=C4C[C@@H](O)C[C@]4(C)CC[C@]23C)c(C)n1
CHEMBL1800979,GR,7.205,,2,2,Active,exact,CC(C)(C(=O)Nc1nccs1)C(c1ccccc1)c1ccccc1
CHEMBL5840552,GR,6.560,,1,0,Active,exact,COCCCCCCCCCOc1ccc(NC(=O)c2cnc3c(c(C)nn3C)c2Cl)cc1
CHEMBL283754,GR,,4.523,0,1,Inactive,censored,CCC(CC)(CC(=O)Nc1cccc(/C=C/c2nc(C3CCC3)cs2)c1)C(=O)O
CHEMBL1200455,GR,,4.523,0,1,Inactive,censored,CC(=O)N(CC(O)CO)c1c(I)c(C(=O)NCC(O)CO)c(I)c(C(=O)NCC(O)CO)c1I
CHEMBL1463,GR,,5.000,0,1,,censored,Nc1nc(=O)[nH]cc1F
CHEMBL1294,GR,,4.523,0,1,Inactive,censored,C=C[C@H]1CN2CC[C@H]1C[C@@H]2[C@@H](O)c1ccnc2ccc(OC)cc12
CHEMBL247604,GR,7.190,,1,0,Active,exact,O=C1C=C2CCN(S(=O)(=O)c3ccc(N4CCOCC4)cc3)CC2(Cc2ccccc2)CC1
CHEMBL5895528,GR,6.560,,1,0,Active,exact,O=C(Nc1ccc(C(F)(F)F)cc1)c1cnc2c(cnn2Cc2nccs2)c1Cl
CHEMBL208779,GR,8.300,,1,0,Active,exact,CCC1(CC(O)(C(=O)Nc2ccc3c(=O)onc(C)c3c2)C(F)(F)F)CCCc2c([N+](=O)[O-])cccc21
CHEMBL2087286,GR,8.340,,1,0,Active,exact,Cc1c(NS(C)(=O)=O)cccc1N(Cc1ccc(Oc2ccc(F)c(OCC(=O)O)c2)cc1)Cc1cc(F)cc(F)c1
CHEMBL1006,GR,,4.523,0,1,Inactive,censored,NCCCNCCSP(=O)(O)O
CHEMBL3094477,GR,7.320,,1,1,Active,exact,CCC(Cc1cc(F)cc(F)c1)NS(=O)(=O)c1c(C)cc(C)cc1C
CHEMBL660,GR,,5.000,0,1,,censored,NC12CC3CC(CC(C3)C1)C2
CHEMBL6016141,GR,6.560,,1,0,Active,exact,Cc1nn(CCCN2CCCC2)c2ncc(C(=O)Nc3ccc(Cl)cc3)c(Cl)c12
CHEMBL182,GR,,4.523,0,1,Inactive,censored,Nc1nc2c(ncn2COC(CO)CO)c(=O)[nH]1
CHEMBL230029,GR,7.480,,1,0,Active,exact,Cn1c(=O)[nH]c(N2CCC(Cc3ccccc3)CC2)c(Cc2ccccc2Br)c1=O
CHEMBL3358942,GR,6.975,,2,0,Active,exact,CC(C)(CC(O)(Cc1cc2cc(S(C)(=O)=O)ncc2[nH]1)C(F)(F)F)c1ccccc1C(N)=O
CHEMBL209574,GR,7.700,,1,0,Active,exact,Cc1noc(=O)c2ccc(NC(=O)C(O)(CC3CCCc4ccc([N+](=O)[O-])cc43)C(F)(F)F)cc12
CHEMBL2204064,GR,7.010,,1,0,Active,exact,O=c1[nH]c([C@H]2CC[C@@H](c3ccccc3)CC2)c(Cc2cccc(C(F)(F)F)c2)c(=O)n1CCO
CHEMBL1911662,GR,7.600,,2,0,Active,exact,CC(C)(CC(O)(Cc1cc2ccc(C#N)cc2[nH]1)C(F)(F)F)c1cc(S(C)(=O)=O)cc2c1OCC2
CHEMBL3093457,GR,7.220,,1,1,Active,exact,Cc1cc(C)c(S(=O)(=O)NC(Cn2ccc3c(C#N)cccc32)C(F)(F)F)c(C)c1
CHEMBL1167,GR,,5.000,0,1,,censored,CN[C@@H]1[C@H](O)[C@H](NC)[C@H]2O[C@@]3(O)C(=O)C[C@@H](C)O[C@H]3O[C@@H]2[C@H]1O
CHEMBL5959334,GR,8.770,,1,0,Active,exact,CC(C)(C(=O)NN)[C@H]1c2ccccc2Oc2nc(-c3ccc(-n4cnnn4)cc3)ccc21
CHEMBL181729,GR,8.160,,1,0,Active,exact,Cc1c(NS(C)(=O)=O)cccc1N(Cc1ccc(Oc2ccc(CCC(=O)O)cc2)cc1)Cc1ccc(F)cc1F
CHEMBL195967,GR,8.680,,1,0,Active,exact,C[C@@H]1CC(C)(C)O[C@@]2(CCC3=Cc4c(cnn4-c4ccc(F)cc4)C[C@@]32C)O1
CHEMBL1240977,GR,,4.523,0,1,Inactive,censored,CN1CCCN=C1/C=C/c1cccc(O)c1
CHEMBL94,GR,,4.523,0,1,Inactive,censored,CNC(=O)Oc1ccc2c(c1)[C@]1(C)CCN(C)[C@@H]1N2C
CHEMBL3989839,GR,,4.523,0,1,Inactive,censored,CCCO[C@H]1[C@@H]([C@@H](COCc2ccc(Cl)cc2)OCc2ccc(Cl)cc2)OC(OCC)[C@@H]1O
CHEMBL5291380,GR,5.920,,4,0,,exact,COc1cc(C)c(Cl)cc1S(=O)(=O)Nc1ccc2c(c1)CCCN2C(=O)N(C)C
CHEMBL2105940,GR,,4.523,0,1,Inactive,censored,CO/N=C(\C(=O)N[C@@H]1C(=O)N2C(C(=O)[O-])=C(C[n+]3ccc(N)n3CCO)CS[C@H]12)c1csc(N)n1
CHEMBL1085958,GR,7.250,,2,0,Active,exact,O=S(=O)(Nc1ccc(-c2ccc3c(cnn3-c3ccc(F)cc3)c2)c(C(F)(F)F)c1)c1cccc(OC(F)(F)F)c1
CHEMBL51093,GR,5.490,,1,1,,exact,C=C1CC[C@@H](Br)C(C)(C)[C@H]1Cc1cc(OC)c(Br)cc1O
CHEMBL927,GR,,4.523,0,1,Inactive,censored,C=CC1=C(C(=O)O)N2C(=O)[C@@H](NC(=O)/C(=N\O)c3csc(N)n3)[C@H]2SC1
CHEMBL5758160,GR,9.600,,1,0,Active,exact,C[C@@H]1C[C@H]2[C@@H]3C[C@H](F)C4=CC(=O)C=C[C@]4(C)[C@@]3(F)[C@@H](O)C[C@]2(C)[C@@]1(O)C(=O)SCCCCCCCCCCP(=O)(O)O
CHEMBL237843,GR,6.920,,1,0,Active,exact,COc1ccc(F)cc1C(C)(C)CC(O)(Cc1cccc2ccccc12)C(F)(F)F
CHEMBL5277344,GR,5.340,,1,2,,exact,COc1cc(C)c(C)cc1S(=O)(=O)Nc1ccc2c(c1)CCCN2C(=O)C1CCCCC1
CHEMBL5743611,GR,6.560,,1,0,Active,exact,Cc1nn(Cc2ccccn2)c2ncc(C(=O)Nc3ccc(Cl)cc3)c(Cl)c12
CHEMBL6004035,GR,6.560,,1,0,Active,exact,Cc1nn(CCN2CCN(C(C)C)CC2)c2ncc(C(=O)Nc3ccc(Cl)cc3)c(Cl)c12
CHEMBL3421871,GR,8.460,,3,0,Active,exact,CC[C@@]12C[C@@](C)(O)[C@](O)(c3ccccc3)C[C@H]1CCc1cc(O)ccc12
CHEMBL4163069,GR,7.970,,4,0,Active,exact,CN(C)c1ccc([C@H]2C[C@@]3(C)[C@@H](CC[C@@]3(O)C#CC(C)(C)C)[C@@H]3CCC4=CC(=O)CCC4=C32)cc1
CHEMBL3261421,GR,8.110,,1,0,Active,exact,Cc1cc(C)c(S(=O)(=O)NC(C)CSc2cccc3c2cnn3-c2ccc(F)cc2)c(C)c1
CHEMBL4085241,GR,8.200,,3,0,Active,exact,CC1(C)C[C@](O)(C(F)(F)F)[C@@H](Nc2cccc3c(=O)[nH]ccc23)c2ccc(F)c(O)c21
CHEMBL282121,GR,,4.523,0,1,Inactive,censored,CCN(CCCCOC(=O)c1ccc(OC)c(OC)c1)C(C)Cc1ccc(OC)cc1
CHEMBL2024028,GR,7.725,,2,0,Active,exact,C[C@]12CCC(=O)C=C1CC[C@@H]1[C@@H]2[C@@H](O)C[C@@]2(C)[C@H]1CC[C@]2(O)C(=O)CSc1ccccn1
CHEMBL4209089,GR,7.800,,3,0,Active,exact,COc1ccc([C@@H](Oc2ccc(C#N)cc2Cl)[C@H](C)NC(=O)C(C)(F)F)cn1
CHEMBL1801012,GR,7.390,,10,0,Active,exact,CC(C)(C(=O)Nc1nccs1)[C@@H](c1ccccc1)c1ccc(O)cc1
CHEMBL3315063,GR,8.265,,6,0,Active,exact,CC(C)(C(=O)NC(N)=O)[C@H]1c2ccccc2Oc2nc(-c3ccc(C(=O)N4CCOCC4)cc3)ccc21
CHEMBL1911543,GR,,5.699,0,2,,censored,COc1ccc(F)cc1C(C)(C)C[C@](O)(Cc1cc2ccccc2[nH]1)C(F)(F)F
CHEMBL70972,GR,,4.523,0,1,Inactive,censored,CC1=C(C)C(=O)C(C(CCCCCC(=O)O)c2ccccc2)=C(C)C1=O
CHEMBL1682430,GR,7.980,,1,0,Active,exact,CC(=O)/C=C/c1c(-c2cccc3cc[nH]c23)cc(C)c2c1[C@H](C)[C@@H](O)C(C)(C)N2
CHEMBL3326454,GR,,6.000,0,1,,censored,CO[C@@H]1C(c2ccc(C#N)c(Cl)c2C)=NN2CC[C@H](O)[C@@H]12
CHEMBL245019,GR,,4.523,0,1,Inactive,censored,NC(=O)c1ncn([C@@H]2O[C@H](CO)[C@@H](O)[C@H]2O)c1O
CHEMBL440877,GR,7.780,,1,0,Active,exact,CC(C)(C)c1ccc(C[C@H](O)[C@H]2CCCC3=Cc4c(cnn4-c4ccc(F)cc4)C[C@@]32C)cc1
CHEMBL452,GR,,4.523,0,1,Inactive,censored,O=C1CN=C(c2ccccc2Cl)c2cc([N+](=O)[O-])ccc2N1
CHEMBL1084770,GR,,5.301,0,1,,censored,CCc1cn(CCO)c(CC)c1Oc1ccc(C#N)cc1
CHEMBL29188,GR,,4.523,0,1,Inactive,censored,COc1ccc(CN2CCN(C(c3ccc(F)cc3)c3ccc(F)cc3)CC2)c(OC)c1OC
CHEMBL4216014,GR,6.610,,1,0,Active,exact,C[C@]12C=CC(=O)C=C1[C@@H](F)C[C@H]1[C@@H]3C[C@H]4CN(C(=O)c5ccccc5)C[C@@]4(C(=O)CO)[C@@]3(C)C[C@H](O)[C@@]12F
CHEMBL189171,GR,,4.523,0,1,Inactive,censored,COc1ccc2c(c1)c(CC(=O)OCC(=O)O)c(C)n2C(=O)c1ccc(Cl)cc1
CHEMBL1917413,GR,8.350,,2,0,Active,exact,Cc1nc(SCC(=O)[C@@]2(OC(=O)c3ccco3)CC[C@H]3[C@@H]4CCC5=CC(=O)CC[C@]5(C)[C@H]4[C@@H](O)C[C@@]32C)sc1C
CHEMBL750,GR,,5.000,0,1,,censored,NS(=O)(=O)Cc1noc2ccccc12
CHEMBL4475012,GR,6.200,,1,0,Active,exact,NC(=O)C[C@H]1COc2cc(F)ccc2N1C(=O)c1ccc2c(c1)NC(=O)CO2
CHEMBL5946736,GR,5.560,,1,0,,exact,O=C(Nc1ccc(Cl)cc1)c1cnc2c(c(C3CC3)nn2-c2ccccc2)c1Cl
CHEMBL5773667,GR,6.560,,1,0,Active,exact,CCCOc1ccccc1NC(=O)c1cnc2c(c(C)nn2C)c1Cl
CHEMBL1682426,GR,8.460,,1,0,Active,exact,Cc1cc(-c2cccc3cc[nH]c23)c(/C=N/OCc2ccccc2)c2c1NC(C)(C)[C@H](O)[C@H]2C
CHEMBL485980,GR,,4.523,0,1,Inactive,censored,CCCC(=O)Nc1ncnc2c1ncn2[C@@H]1O[C@@H]2COP(=O)(O)O[C@H]2[C@H]1OC(=O)CCC
CHEMBL1829763,GR,,5.000,0,1,,censored,C[C@@H](c1ccc(-c2ccc(F)cc2F)cc1)N1CC[C@](CCO)(c2ccc(F)cc2)OC1=O
CHEMBL1201244,GR,,4.523,0,1,Inactive,censored,C=CC[N+]1([C@H]2C[C@H]3[C@@H]4CC[C@H]5C[C@H](O)[C@@H](N6CCOCC6)C[C@]5(C)[C@H]4CC[C@]3(C)[C@H]2OC(C)=O)CCCC1
CHEMBL235060,GR,6.030,,1,0,Active,exact,COc1ccc(F)cc1C(C)(C)CC(O)(Cc1ccc(C)cc1)C(F)(F)F
CHEMBL698,GR,,4.523,0,1,Inactive,censored,CCCCNc1ccc(C(=O)OCCN(C)C)cc1
CHEMBL381719,GR,,5.699,0,1,,censored,C=CCSCC1=CC(C)(C)Nc2ccc(-c3ccccc3F)cc21
CHEMBL1682434,GR,6.970,,1,0,Active,exact,Cc1c2c(cc(-c3cccc4cc[nH]c34)c1C(F)(F)F)[C@H](C)[C@@H](O)C(C)(C)N2
CHEMBL2426153,GR,6.770,,1,1,Active,exact,CC(C)(C(=O)Nc1nccs1)C(c1ccccc1)c1ccc2nncn2c1
CHEMBL220955,GR,8.765,,2,0,Active,exact,CC#C[C@]1(O)CC[C@H]2[C@@H]3CCC4=CC(=O)CCC4=C3[C@@H](c3ccc(-c4ccc(OC)cc4)cc3)C[C@@]21C
CHEMBL243455,GR,8.925,,2,0,Active,exact,COc1c(O)ccc2c1-c1ccc3c(c1/C(=C/c1sccc1C(=O)N1CCCCC1)O2)C(C)=CC(C)(C)N3
CHEMBL3706933,GR,7.820,,1,0,Active,exact,COc1c(O)ccc2c1-c1ccc3c(c1/C(=C/c1ccccc1Cl)O2)C(C)=CC(C)(C)N3
CHEMBL1668067,GR,7.800,,1,0,Active,exact,COc1ccc(-n2ncc3c(NC[C@H](C)NS(=O)(=O)c4c(C)cc(C)cc4C)cc(C)cc32)cc1
CHEMBL1684344,GR,7.820,,3,0,Active,exact,C[C@H]1c2c(cc(F)c(-c3cccc4c(Cl)c[nH]c34)c2F)NC(C)(C)[C@@H]1OC(=O)NC1CCCCC1
CHEMBL522432,GR,6.900,,1,0,Active,exact,Cn1c(C#N)ccc1-c1ccc2c(c1)C(C)(c1ccsc1)OCC(=O)N2
CHEMBL2023244,GR,8.970,,1,0,Active,exact,C[C@]12Cc3cnn(-c4ccc(F)cc4)c3C=C1CC[C@@H]1[C@@H]2[C@@H](O)C[C@@]2(C)[C@H]1CC[C@]2(O)C(=O)COc1ccc2ccccc2c1
CHEMBL3735496,GR,9.005,,2,0,Active,exact,Cc1ccc(S(=O)(=O)N2CCC3=Cc4c(cnn4-c4ccc(F)cc4)C[C@]3(C(=O)c3ccccn3)C2)cc1
CHEMBL3315058,GR,7.455,,6,0,Active,exact,CCNC(=O)NC(=O)C(C)(C)[C@@H]1c2ccc(-c3ccc(C(=O)N4CCOCC4)cc3)nc2Oc2c(F)cccc21
CHEMBL5396710,GR,6.040,,1,0,Active,exact,C[C@]12C=CC(=O)C=C1CC[C@@H]1[C@@H]2[C@@H](O)C[C@@]2(C)[C@H]1C[C@H]1O[C@@H](C3CCNCC3)O[C@]12C(=O)CO
CHEMBL8,GR,,4.523,0,1,Inactive,censored,O=C(O)c1cn(C2CC2)c2cc(N3CCNCC3)c(F)cc2c1=O
CHEMBL15677,GR,,4.523,0,1,Inactive,censored,O=C(O)Cc1ccccc1Oc1ccc(Cl)cc1Cl
CHEMBL410683,GR,5.910,,2,0,,exact,C/C=C1\C(=O)C[C@H]2[C@@H]3CCC4=CC(=O)CC[C@]4(C)[C@H]3CC[C@]12C
CHEMBL3126935,GR,8.200,,2,0,Active,exact,Cc1ccc(F)cc1C(C)(C)CC(O)(Cc1cc2nc(-c3ccccc3)ncc2[nH]1)C(F)(F)F
CHEMBL228878,GR,6.250,,1,0,Active,exact,CC/C=C/COC(C)C1=CC(C)(C)Nc2ccc(-c3ccccc3OC)cc21
CHEMBL1423,GR,,4.523,0,1,Inactive,censored,O=c1[nH]c2ccccc2n1C1CCN(CCCC(c2ccc(F)cc2)c2ccc(F)cc2)CC1
CHEMBL3264936,GR,4.500,,1,0,Inactive,exact,CCn1c(CCCc2ccc(-c3ccc(NS(=O)(=O)c4ccc(-c5ccc(OC)cc5)cc4)cc3)cc2)nn(Cc2ccc(C(C)(C)C)cc2)c1=O
CHEMBL3706936,GR,8.620,,1,0,Active,exact,COc1c(O)ccc2c1-c1ccc3c(c1/C(=C/c1ccc(F)cc1C(=O)N(C)C)O2)C(C)=CC(C)(C)N3
CHEMBL419158,GR,8.150,,3,0,Active,exact,COc1cccc2c1-c1ccc3c(c1C(c1cc(Cl)cc(Cl)c1)O2)C(C)=CC(C)(C)N3
CHEMBL3706935,GR,8.170,,1,0,Active,exact,COc1c(O)ccc2c1-c1ccc3c(c1/C(=C/c1ccccc1-c1ccccc1)O2)C(C)=CC(C)(C)N3
CHEMBL1800981,GR,7.670,,5,0,Active,exact,CC(C)(C(=O)Nc1nncs1)[C@@H](c1ccccc1)c1ccc(O)c(F)c1
CHEMBL3233277,GR,8.225,,2,0,Active,exact,COc1ccc(F)cc1C(C)(C)CC(O)(Cc1cc2cnccc2[nH]1)C(C)(C)C
CHEMBL3578274,GR,5.470,,1,0,,exact,C[C@H](c1ccc(F)cc1)N1C(=O)O[C@](Cc2ccccc2)(c2nc3cc(C(F)(F)F)ccc3[nH]2)C1=O
CHEMBL438503,GR,6.330,,1,0,Active,exact,Cn1c(=O)[nH]c(N2CCN(c3ccccc3)CC2)c(Cc2ccccc2)c1=O
CHEMBL5872879,GR,6.560,,1,0,Active,exact,CCCCc1ccc(NC(=O)c2cnc3c(c(C)nn3-c3ccccc3)c2Cl)cc1
CHEMBL564,GR,,4.523,0,1,Inactive,censored,CN(C)CCCN1c2ccccc2Sc2ccccc21
CHEMBL1576,GR,,5.000,0,1,,censored,C#CC1(OC(N)=O)CCCCC1
CHEMBL285802,GR,,4.523,0,1,Inactive,censored,CN(C)CCOC1=Cc2ccccc2Sc2ccc(Cl)cc21
CHEMBL28157,GR,7.460,,1,1,Active,exact,N#Cc1cc(F)cc(-c2ccc3c(c2)C2(CCCCC2)C(S)=N3)c1
CHEMBL5851980,GR,7.920,,1,0,Active,exact,C[C@]12C=CC(=O)C=C1[C@@H](F)C[C@H]1[C@@H]3C[C@H]4O[C@H](c5ccc(CSc6ccc(N)cc6)cc5)O[C@@]4(C(=O)CO)[C@@]3(C)C[C@H](O)[C@@]12F
CHEMBL965,GR,,5.000,0,1,,censored,C[N+](C)(C)CCOC(N)=O
CHEMBL1201250,GR,,4.523,0,1,Inactive,censored,CCN(CC)C(=O)C1CN2CCc3cc(OC)c(OC)cc3C2CC1OC(C)=O
CHEMBL5806850,GR,6.560,,1,0,Active,exact,Cc1ccc(Cn2nc(C)c3c(Cl)c(C(=O)Nc4ccc(Cl)cc4)cnc32)cn1
CHEMBL204191,GR,,5.699,0,1,,censored,C=CCNCC1=CC(C)(C)Nc2ccc(-c3ccccc3OC)cc21
CHEMBL1628227,GR,,4.523,0,1,Inactive,censored,CN(C)CCC=C1c2ccccc2COc2ccccc21
CHEMBL3233275,GR,7.175,,2,0,Active,exact,COc1ccc(F)cc1C(C)(C)CC(O)(Cc1cc2ccncc2[nH]1)C1CCC1
CHEMBL849,GR,,4.523,0,1,Inactive,censored,Oc1cc(Cl)ccc1Oc1ccc(Cl)cc1Cl
CHEMBL3906238,GR,7.000,,1,0,Active,exact,CCCCCS(=O)(=O)N[C@@H](C)[C@H](Oc1ccc2c(cnn2-c2ccc(F)cc2)c1)c1ccccc1
CHEMBL1911147,GR,7.330,,5,1,Active,exact,Cc1ccc(-c2ccc3c(n2)Oc2ccccc2[C@@H]3C(C)(C)C(=O)Nc2nncs2)cc1
CHEMBL5082974,GR,,6.000,0,1,,censored,CC(C)C[C@@H](CN(CC(=O)N[C@H](C(N)=O)[C@@H](C)O)S(=O)(=O)CCN)NC(=O)[C@H](CC(C)C)NC(=O)CN(C[C@H](CCCCN)NC(=O)[C@@H](NC(=O)CN(C[C@H](CC(=O)O)NC(=O)[C@H](CCC(N)=O)NC(=O)[C@H](C)NC(=O)[C@H](CCCNC(=N)N)NC(=O)[C@H](CCCNC(=N)N)NC(=O)[C@H](CO)NC(=O)[C@H](CC(=O)O)NC(=O)[C@H](CC(C)C)NC(=O)[C@H](Cc1ccc(O)cc1)NC(=O)[C@H](CCCCN)NC(=O)[C@H](CO)NC(=O)[C@H](Cc1ccc(O)cc1)NC(=O)[C@H](CC(=O)O)NC(=O)[C@H](CO)NC(=O)[C@@H](NC(=O)[C@H](Cc1ccccc1)NC(=O)[C@@H](NC(=O)CNC(=O)[C@H](CCC(N)=O)NC(=O)[C@H](CO)NC(=O)[C@@H](N)Cc1cnc[nH]1)[C@@H](C)O)[C@@H](C)O)S(=O)(=O)c1ccc(Cl)cc1)C(C)C)S(=O)(=O)c1ccc(Cl)cc1
CHEMBL5093620,GR,9.340,,1,0,Active,exact,CC[C@H](C)[C@@H]1NC(=O)[C@H](Cc2ccccc2)NC(=O)[C@H](CCC(=O)O)NC(=O)[C@H](CCCCN)NC(=O)[C@H](C)NC(=O)[C@H](C)NC(=O)[C@@H](NC(=O)[C@H](CCC(=O)O)NC(=O)[C@H](CC(=O)O)NC(=O)[C@H](CC(C)C)NC(=O)[C@H](Cc2ccc(O)cc2)NC(=O)[C@H](CCCCN)NC(=O)[C@H](CO)NC(=O)[C@H](Cc2ccc(O)cc2)NC(=O)[C@H](CC(=O)O)NC(=O)[C@H](CO)NC(=O)[C@@H](NC(=O)[C@H](Cc2ccccc2)NC(=O)[C@@H](NC(=O)CNC(=O)[C@H](CCC(N)=O)NC(=O)[C@H](CO)NC(=O)[C@@H](N)Cc2cnc[nH]2)[C@@H](C)O)[C@@H](C)O)CSCC(=O)NCCCC(C(=O)NCCOCCOCCOCCNC(=O)CCCCCCC(=O)O)NC(=O)CSC[C@@H](C(=O)N[C@@H](Cc2c[nH]c3ccccc23)C(=O)N[C@@H](CC(C)C)C(=O)N[C@@H](CC(C)C)C(=O)N[C@@H](CCCNC(=N)N)C(=O)N[C@@H](C)C(N)=O)NC1=O
CHEMBL4211936,GR,7.780,,4,0,Active,exact,COc1ccc([C@@H](Oc2ccc3c(cnn3-c3ccc(F)cc3)c2)[C@H](Cc2ccccc2)NC(=O)C(C)(F)F)cn1
CHEMBL5758568,GR,6.940,,1,0,Active,exact,CCCC1O[C@@H]2C[C@H]3[C@@H]4CCC5=Cc6c(cnn6-c6ccc(OCCCCCCCCCP(=O)(O)O)cc6)C[C@]5(C)[C@H]4[C@@H](O)C[C@]3(C)[C@]2(C(=O)CO)O1
CHEMBL1682419,GR,8.640,,1,0,Active,exact,Cc1cc(-c2cccc3cc[nH]c23)c(F)c2c1NC(C)(C)[C@H](O)[C@H]2C
CHEMBL247421,GR,6.020,,1,0,Active,exact,CS(=O)(=O)Nc1ccc(S(=O)(=O)N2CCC3=CC(=O)CCC3(Cc3ccccc3)C2)cc1
CHEMBL5919354,GR,,5.000,0,1,,censored,CC(C)C(=O)NCc1ccc(N2C(=O)N(c3ccc(C#N)c(C(F)(F)F)c3)C(=O)C2(C)C)cc1F
CHEMBL360804,GR,7.960,,1,0,Active,exact,Cc1c(NS(C)(=O)=O)cccc1N(Cc1ccccc1)Cc1ccc(Oc2cccc(CCNC(=O)CCC(=O)O)c2)cc1
CHEMBL442744,GR,7.680,,1,0,Active,exact,CCCCCC1Oc2cccc(OC)c2-c2ccc(NS(C)(=O)=O)cc21
CHEMBL331378,GR,,5.000,0,1,,censored,C[C@H](CSC(=O)c1ccccc1)C(=O)N1C[C@@H](Sc2ccccc2)C[C@H]1C(=O)O
CHEMBL4097001,GR,,4.523,0,1,Inactive,censored,N#Cc1ccc(S(=O)(=O)N(CCc2ccccc2)c2ccc(Oc3ccccc3)cc2)cc1
CHEMBL956,GR,,5.000,0,1,,censored,CC(C(=O)O)c1ccc(C(=O)c2cccs2)cc1
CHEMBL3935790,GR,9.600,,1,0,Active,exact,COc1ccc([C@@H](Oc2ccc3c(cnn3-c3ccc(F)cc3)c2)[C@H](C)NC(=O)C(C)(C)C)cc1
CHEMBL12,GR,,4.523,0,1,Inactive,censored,CN1C(=O)CN=C(c2ccccc2)c2cc(Cl)ccc21
CHEMBL811,GR,,4.523,0,1,Inactive,censored,CN(C)CCC(c1ccc(Br)cc1)c1ccccn1
CHEMBL4476413,GR,7.470,,1,0,Active,exact,CN(C)c1ccc([C@H]2C[C@@]3(C)[C@@H](CC[C@@]3(O)C#CC(C)(C)C)[C@@H]3CCC4=CC(=O)CC[C@]4(C)[C@H]32)cc1
CHEMBL1008,GR,,4.523,0,1,Inactive,censored,CC(C)COCC(CN(Cc1ccccc1)c1ccccc1)N1CCCC1
CHEMBL195990,GR,8.000,,1,0,Active,exact,C[C@]12Cc3cnn(-c4ccc(F)cc4)c3C=C1CCC21O[C@H](c2ccccc2)[C@@H](c2ccccc2)O1
CHEMBL230247,GR,7.110,,1,0,Active,exact,Cn1c(=O)[nH]c(N2CCC(Oc3ccccc3)CC2)c(Cc2ccccc2)c1=O
CHEMBL1456,GR,,4.523,0,1,Inactive,censored,COc1c(C)c2c(c(O)c1C/C=C(\C)CCC(=O)OCCN1CCOCC1)C(=O)OC2
CHEMBL1254419,GR,7.820,,3,1,Active,exact,CC(C)(CC(O)(Cc1cc2ccncc2[nH]1)C(F)(F)F)c1cccc2c1OCC2
CHEMBL3897280,GR,9.210,,1,0,Active,exact,COc1cccc([C@@H](Oc2ccc3c(cnn3-c3ccc(F)cc3)c2)[C@H](C)NS(=O)(=O)C2CC2)c1
CHEMBL3973775,GR,10.400,,1,0,Active,exact,C[C@H](NC(=O)C(F)(F)F)[C@H](Oc1ccc2c(cnn2-c2ccc(F)cc2)c1)c1cnc2ccccc2c1
CHEMBL267940,GR,8.360,,1,0,Active,exact,C=CCC1Oc2cccc(C=C)c2-c2ccc3c(c21)C(C)=CC(C)(C)N3
CHEMBL196509,GR,7.850,,2,0,Active,exact,C[C@]12Cc3cnn(-c4ccc(F)cc4)c3C=C1CCCC21OCCO1
CHEMBL2426636,GR,8.260,,2,0,Active,exact,CCCC(c1ccc2c(cnn2-c2ccc(F)cc2)c1)C(C)(C)C(=O)Nc1nncs1
CHEMBL103,GR,7.520,,9,3,Active,exact,CC(=O)[C@H]1CC[C@H]2[C@@H]3CCC4=CC(=O)CC[C@]4(C)[C@H]3CC[C@]12C
CHEMBL4555842,GR,8.100,,1,0,Active,exact,CNC(=O)C[C@H]1COc2cc(F)c(CC(C)C)cc2N1C(=O)c1ccc2c(c1)NC(=O)CO2
CHEMBL1645400,GR,8.200,,1,0,Active,exact,COc1ncc(C#N)cc1-c1ccc([C@@H](C)NS(=O)(=O)c2c(C)noc2C)cc1
CHEMBL5888298,GR,8.720,,1,0,Active,exact,CC(C)(c1nc2nccnc2[nH]1)[C@@H]1c2ccc(-c3ccc(N4CCCC4=O)cc3)nc2Oc2c(F)cccc21
CHEMBL5797322,GR,,5.000,0,1,,censored,Cc1ncsc1C(=O)NCc1ccc(N2C(=S)N(c3ccc(C#N)c(C(F)(F)F)c3)C(=O)C2(C)C)cc1
CHEMBL304877,GR,8.520,,1,0,Active,exact,COc1cccc2c1-c1ccc(NS(C)(=O)=O)cc1C(c1ccc(Cl)c(Cl)c1)O2
CHEMBL153479,GR,,4.523,0,2,Inactive,censored,Nc1c(Br)cc(Br)cc1CN[C@H]1CC[C@H](O)CC1
CHEMBL515671,GR,8.150,,2,0,Active,exact,CC#C[C@]1(O)C[C@H]2CCc3cc(OCc4cccnc4C)ccc3[C@]2(CC)C[C@@H]1O
CHEMBL5889547,GR,6.560,,1,0,Active,exact,Cc1nn(Cc2cnco2)c2ncc(C(=O)Nc3ccc(Cl)cc3)c(Cl)c12
CHEMBL93077,GR,,4.523,0,1,Inactive,censored,O=C(C[S+]([O-])C(c1ccccc1)c1ccccc1)NO
CHEMBL896,GR,,4.523,0,1,Inactive,censored,OCCOCCN1CCN(C(c2ccccc2)c2ccc(Cl)cc2)CC1
CHEMBL5884940,GR,6.560,,1,0,Active,exact,Cc1nn(Cc2ccco2)c2ncc(C(=O)Nc3ccc(C(F)(F)F)cc3)c(Cl)c12
CHEMBL5741201,GR,6.560,,1,0,Active,exact,Cc1nn(CC2CCN(S(C)(=O)=O)CC2)c2ncc(C(=O)Nc3ccc(Cl)cc3)c(Cl)c12
CHEMBL1257222,GR,,6.000,0,1,,censored,COc1ccc(F)cc1C(C)(C)CC(O)(CNc1cccc2ccccc12)C(F)(F)F
CHEMBL3358941,GR,6.770,,1,1,Active,exact,CC(C)(CC(O)(Cc1cc2cc(N3CCOCC3)ncc2[nH]1)C(F)(F)F)c1cccc(S(N)(=O)=O)c1
CHEMBL564923,GR,7.570,,1,0,Active,exact,C[C@H]1C[C@@H]2[C@H]3CCC4=CC(=O)C=C[C@@]4(C)[C@]3(F)[C@H](O)C[C@@]2(C)[C@]1(O)C(=O)CSCCNC(=S)NCCNC(=O)c1cc(NC(=O)c2cc(NC(=O)c3cc(NC(=O)c4cc(NC(=O)CCCNC(=O)c5cc(NC(=O)c6cc(NC(=O)c7cc(NC(=O)c8nccn8C)cn7C)cn6C)cn5C)cn4C)cn3C)cn2C)cn1C
CHEMBL1911272,GR,7.160,,6,0,Active,exact,CN(C)C(=O)c1ccc(-c2ccc3c(n2)Oc2ccccc2[C@H]3C(C)(C)C(=O)Nc2nncs2)cc1F
CHEMBL1911157,GR,6.965,,6,0,Active,exact,CC(C)Oc1ccc(-c2ccc3c(n2)Oc2ccccc2[C@@H]3C(C)(C)C(=O)Nc2nncs2)cc1F
CHEMBL48858,GR,5.660,,1,0,,exact,C=C1CCCC(C)(C)C1Cc1cc(OC)c(Br)cc1O
CHEMBL832,GR,,5.000,0,1,,censored,O=C1C(CC[S+]([O-])c2ccccc2)C(=O)N(c2ccccc2)N1c1ccccc1
CHEMBL242036,GR,7.410,,3,0,Active,exact,CC#C[C@]1(O)CC[C@H]2[C@@H]3CCC4=CC(=O)CCC4=C3[C@@H](c3ccc(N(C)CC(=O)N(Cc4ccccc4)Cc4ccc(C(=O)O)cc4)cc3)C[C@@]21C
CHEMBL1672541,GR,6.800,,1,0,Active,exact,Cc1cc(-c2cn(C(C)C)c3cc(NS(C)(=O)=O)ccc23)ccc1C#N
CHEMBL3605928,GR,7.270,,1,0,Active,exact,COc1ccc(F)cc1-c1c(-c2ccccc2)[nH]c2c(NS(C)(=O)=O)cccc12
CHEMBL1254264,GR,7.900,,2,2,Active,exact,COc1ccc(-c2cncnc2)cc1C(C)(C)C[C@@](O)(Cc1cc2ccncc2[nH]1)C(F)(F)F
CHEMBL233588,GR,7.645,,4,0,Active,exact,C[C@]12Cc3cnn(-c4ccc(F)cc4)c3C=C1CC[C@@H]2[C@H](O)c1csc2ccccc12
CHEMBL5748745,GR,8.030,,1,0,Active,exact,C[C@]12C=CC(=O)C=C1[C@@H](F)C[C@H]1[C@@H]3C[C@H]4O[C@@H](c5ccc(CSc6cccc(N)c6)cc5)O[C@@]4(C(=O)CO)[C@@]3(C)C[C@H](O)[C@@]12F
CHEMBL1200438,GR,4.750,,1,0,Inactive,exact,Clc1ccc(C(Cn2ccnc2)OCc2ccsc2Cl)c(Cl)c1
CHEMBL2426149,GR,7.630,,2,0,Active,exact,CC(C)(C(=O)Nc1nncs1)C(c1ccccc1)c1ccc2c(-c3ccc(F)c(Cl)c3)ncn2c1
CHEMBL1253898,GR,8.000,,4,0,Active,exact,CC(C)(C[C@@](O)(Cc1cc2ccncc2[nH]1)C(F)(F)F)c1cc(F)ccc1O
CHEMBL967,GR,,4.523,0,1,Inactive,censored,CN1C(=O)C(O)N=C(c2ccccc2)c2cc(Cl)ccc21
CHEMBL1911658,GR,7.425,,2,0,Active,exact,CC(C)(CC(O)(Cc1cc2ccccc2[nH]1)C(F)(F)F)c1cc(Br)cc2c1OCC2
CHEMBL2105581,GR,,4.523,0,1,Inactive,censored,C=CCN1CCCC1CNC(=O)c1cc(S(N)(=O)=O)cc(OC)c1OC
CHEMBL1329455,GR,,4.523,0,1,Inactive,censored,CCOC(=O)[N-]c1c[n+](N2CCOCC2)no1
CHEMBL626,GR,,4.523,0,1,Inactive,censored,CN(C/C=C/c1ccccc1)Cc1cccc2ccccc12
CHEMBL454450,GR,,4.523,0,1,Inactive,censored,CCC(C(=O)O)c1ccc(CC(C)C)cc1
CHEMBL272788,GR,8.850,,1,0,Active,exact,O=S(=O)(c1ccc(F)cc1)N1CCC2=Cc3c(cnn3-c3ccc(F)cc3)CC2(Cc2ccc(F)cc2)C1
CHEMBL1697733,GR,,4.523,0,1,Inactive,censored,CC(=O)O[C@H](CC(=O)[O-])C[N+](C)(C)C
CHEMBL5968181,GR,6.560,,1,0,Active,exact,Cc1nn(Cc2ccoc2)c2ncc(C(=O)Nc3ccc(C(F)(F)F)cc3)c(Cl)c12
CHEMBL29,GR,,4.523,0,1,Inactive,censored,CC1(C)S[C@@H]2[C@H](NC(=O)Cc3ccccc3)C(=O)N2[C@H]1C(=O)O
CHEMBL4066669,GR,8.810,,2,0,Active,exact,Cc1cnc(C(=O)[C@]23Cc4cnn(-c5ccc(F)cc5)c4C=C2CCN(S(=O)(=O)c2ccc(Cl)c(Cl)c2)C3)s1
CHEMBL1917256,GR,8.010,,1,0,Active,exact,C[C@]12CCC(=O)C=C1CC[C@@H]1[C@@H]2[C@@H](O)C[C@@]2(C)[C@H]1CC[C@]2(OC(=O)c1ccco1)C(=O)CSc1ncccn1
CHEMBL5749733,GR,,5.000,0,1,,censored,CC1(C)C(=O)N(c2ccc(C#N)c(C(F)(F)F)c2)C(=S)N1c1ccc(CNC(=O)c2cncs2)c(F)c1
CHEMBL235205,GR,7.850,,2,0,Active,exact,Nc1c(C(=O)NCC(O)(CC2(C3CCCC3)CCCc3ccccc32)C(F)(F)F)cnn1-c1ccc(F)cc1F
CHEMBL194812,GR,6.640,,1,0,Active,exact,COc1ccc(F)cc1C(C)(C)CC(O)(C(=O)Nc1ccc2c(c1)COC2=O)C(F)(F)F
CHEMBL1200848,GR,8.150,,1,0,Active,exact,CCCCCC(=O)O[C@]1(C(C)=O)CC[C@H]2[C@@H]3CCC4=CC(=O)CC[C@]4(C)[C@H]3CC[C@@]21C
CHEMBL3736175,GR,8.480,,2,0,Active,exact,O=C(c1cccs1)[C@]12Cc3cnn(-c4ccc(F)cc4)c3C=C1CCN(S(=O)(=O)c1ccc(C(F)(F)F)cc1)C2
CHEMBL6011205,GR,6.560,,1,0,Active,exact,O=C(Nc1ccc(C(F)(F)F)cc1)c1cnc2c(c(Cl)nn2C2CCOCC2)c1Cl
CHEMBL503957,GR,7.480,,1,0,Active,exact,CC(C)C[C@]1(CCO)C[C@H](CNC(=O)COCCOCCNC(=O)[C@@]2(O)[C@H](C)C[C@H]3[C@@H]4CCC5=CC(=O)C=C[C@]5(C)[C@@]4(F)[C@@H](O)C[C@@]32C)ON1Cc1ccccc1
CHEMBL420767,GR,8.060,,1,0,Active,exact,C[C@H](O)[C@H]1CCCC2=Cc3c(cnn3-c3ccc(F)cc3)C[C@@]21C
CHEMBL5816353,GR,6.560,,1,0,Active,exact,O=C(Nc1ccc(Cl)cc1)c1cnc2c(cnn2-c2ccccc2)c1Cl
CHEMBL202897,GR,,5.699,0,2,,censored,C=CCOCC1=CC(C)(C)Nc2ccc(-c3ccccc3OC)cc21
CHEMBL5079335,GR,,6.000,0,1,,censored,CC(=O)N[C@@H](Cc1cnc[nH]1)C(=O)N[C@@H](CO)C(=O)N[C@@H](CCC(N)=O)C(=O)NCC(=O)N[C@H](C(=O)N[C@@H](Cc1ccccc1)C(=O)N[C@H](C(=O)N[C@@H](CO)C(=O)N[C@@H](CC(=O)O)C(=O)N[C@@H](Cc1ccc(O)cc1)C(=O)N[C@@H](CO)C(=O)N[C@@H](CCCCN)C(=O)N[C@@H](Cc1ccc(O)cc1)C(=O)N[C@@H](CC(C)C)C(=O)N[C@@H](CC(=O)O)CN(CC(=O)N[C@@H](CCCNC(=N)N)C(=O)N[C@@H](CCCNC(=N)N)CN(CC(=O)N[C@@H](CCC(N)=O)C(=O)N[C@@H](CC(=O)O)CN(CC(=O)N[C@H](C(=O)N[C@@H](CCCCN)CN(CC(=O)N[C@@H](CC(C)C)C(=O)N[C@@H](CC(C)C)CN(CC(=O)N[C@H](C(N)=O)[C@@H](C)O)S(=O)(=O)CCN)S(=O)(=O)c1ccc(Cl)cc1)C(C)C)S(=O)(=O)c1ccc(Cl)cc1)S(C)(=O)=O)S(=O)(=O)CCN)[C@@H](C)O)[C@@H](C)O
CHEMBL77779,GR,10.000,,2,0,Active,exact,Oc1ccc2c(c1)CC[C@@H]1C[C@@](O)(C#CCl)CC[C@@]21Cc1ccccc1
CHEMBL83063,GR,,4.523,0,1,Inactive,censored,CC(NCCc1ccc(O)cc1)C(O)c1ccc(O)cc1
CHEMBL3764446,GR,5.620,,1,0,,exact,Cc1c(N[C@@H]2COC[C@@]2(C)O)ccc(C#N)c1Cl
CHEMBL1102,GR,,5.000,0,1,,censored,CCC1(c2ccccc2)CCC(=O)NC1=O
CHEMBL894,GR,,4.523,0,1,Inactive,censored,CC(NC(C)(C)C)C(=O)c1cccc(Cl)c1
CHEMBL5797828,GR,6.560,,1,0,Active,exact,Cc1nn(Cc2ccncn2)c2ncc(C(=O)Nc3ccc(C(C)C)cc3)c(Cl)c12
CHEMBL1800985,GR,8.110,,10,0,Active,exact,CC(C)(C(=O)Nc1nncs1)[C@H]1c2ccccc2Oc2cc(O)ccc21
CHEMBL3358927,GR,7.710,,2,0,Active,exact,Cc1ccc(F)cc1C(C)(C)CC(O)(Cc1cc2cc(N(C)C)ncc2[nH]1)C(F)(F)F
CHEMBL177,GR,,5.000,0,1,,censored,NCC[C@H](O)C(=O)N[C@@H]1C[C@H](N)[C@@H](O[C@H]2O[C@H](CN)[C@@H](O)[C@H](O)[C@H]2O)[C@H](O)[C@H]1O[C@H]1O[C@H](CO)[C@@H](O)[C@H](N)[C@H]1O
CHEMBL569543,GR,6.390,,8,4,Active,exact,CC12Cn3cnc(-c4ccc(F)cc4)c3C=C1CCCC2C(O)c1csc2ccccc12
CHEMBL243863,GR,,5.699,0,1,,censored,Cc1cc(C)c(S(=O)(=O)N[C@H](C)Cc2c[nH]c3ccccc23)c(C)c1
CHEMBL34259,GR,,4.523,0,1,Inactive,censored,CN(Cc1cnc2nc(N)nc(N)c2n1)c1ccc(C(=O)N[C@@H](CCC(=O)O)C(=O)O)cc1
CHEMBL741,GR,,4.523,0,1,Inactive,censored,Nc1nnc(-c2cccc(Cl)c2Cl)c(N)n1
CHEMBL429987,GR,7.520,,1,0,Active,exact,COc1ccc(F)cc1C(C)(C)CC(O)(Cc1ccc(C#N)cc1)C(F)(F)F
CHEMBL233389,GR,7.315,,2,0,Active,exact,C[C@]12Cc3cnn(-c4ccc(F)cc4)c3C=C1CC[C@@H]2[C@H](O)c1ccc(F)cc1
CHEMBL3964502,GR,8.810,,2,0,Active,exact,C[C@H](NC(=O)CO)[C@H](Oc1ccc2c(cnn2-c2ccc(F)cc2)c1)c1ccc(S(C)(=O)=O)cc1
CHEMBL237595,GR,7.000,,1,0,Active,exact,COc1ccc(F)cc1C(C)(C)CC(O)(Cc1ccccc1Cl)C(F)(F)F
CHEMBL363151,GR,8.620,,1,0,Active,exact,CC#C[C@]1(O)CC[C@H]2[C@@H]3CCC4=CC(=O)CC[C@]4(Cc4ccc(C)cc4)C3=CC[C@@]21C
CHEMBL3578286,GR,5.510,,1,0,,exact,C[C@H](c1ccc(F)cc1)N1C(=O)O[C@](Cc2ccccc2)(c2nc3cc(-c4cccnc4)ccc3[nH]2)C1=O
CHEMBL181759,GR,8.680,,1,0,Active,exact,Cc1c(NS(C)(=O)=O)cccc1N(Cc1ccccc1)Cc1ccc(Oc2ccc(OC[C@@H](O)C[C@@H](O)CC(=O)O)cc2)cc1
CHEMBL3915997,GR,9.595,,4,0,Active,exact,C[C@H](NC(=O)C(F)(F)F)[C@H](Oc1ccc2c(cnn2-c2ccc(F)cc2)c1)c1ccccc1
CHEMBL4105267,GR,5.690,,1,0,,exact,O=S(=O)(c1ccc(F)cc1)N(Cc1ccccc1)c1ccc(Oc2ccccc2)cc1
CHEMBL222813,GR,,4.523,0,1,Inactive,censored,CC(=O)N[C@H]1[C@H]([C@H](O)[C@H](O)CO)OC(C(=O)O)=C[C@@H]1NC(=N)N
CHEMBL2022861,GR,7.350,,1,0,Active,exact,C[C@]12Cc3cnn(C4CCCCC4)c3C=C1CC[C@@H]1[C@@H]2[C@@H](O)C[C@@]2(C)[C@H]1CC[C@]2(O)C(=O)CSc1ccc2ccccc2n1
CHEMBL5899286,GR,6.560,,1,0,Active,exact,COc1ccc(NC(=O)c2cnc3c(c(C)nn3-c3ccccc3)c2Cl)cc1
CHEMBL525923,GR,7.670,,1,0,Active,exact,CC(C)NC(=O)O[C@]1(C(=O)CO)[C@@H](C)C[C@H]2[C@@H]3CCC4=CC(=O)C=C[C@]4(C)[C@@]3(F)[C@@H](O)C[C@@]21C
CHEMBL5565018,GR,6.020,,1,0,Active,exact,Cc1ccc(NC(=O)c2ccc(NC(=O)c3cccc(S(=O)(=O)N4CCCc5ccccc54)c3)s2)cc1
CHEMBL569044,GR,8.300,,3,1,Active,exact,C[C@]12Cn3cnc(-c4ccc(F)cc4)c3C=C1CCC[C@@H]2[C@](C)(O)c1ccsc1
CHEMBL406,GR,,4.523,0,1,Inactive,censored,CC1Cc2ccccc2N1NC(=O)c1ccc(Cl)c(S(N)(=O)=O)c1
CHEMBL1645401,GR,8.400,,1,0,Active,exact,COc1ccc(F)cc1-c1ccc([C@@H](C)NS(=O)(=O)c2cn(C)nc2C(F)(F)F)cc1
CHEMBL1590,GR,,4.523,0,1,Inactive,censored,CN[C@@H](C)[C@@H](O)c1ccccc1
CHEMBL2426663,GR,7.605,,2,0,Active,exact,CC(C)(C(=O)Nc1nncs1)[C@H](c1ccccc1)c1ccc2c(cnn2-c2ccc(F)cc2)c1
CHEMBL3706961,GR,8.470,,1,0,Active,exact,COc1c(O)ccc2c1-c1ccc3c(c1/C(=C/c1oc(C)cc1C(=O)N(C)C)O2)C(C)=CC(C)(C)N3
CHEMBL5283706,GR,,4.301,0,2,Inactive,censored,O=C(c1ccco1)N1CCCc2cc(N(S(=O)(=O)c3ccc(C(F)(F)F)cc3)S(=O)(=O)c3ccc(C(F)(F)F)cc3)ccc21
CHEMBL51639,GR,5.610,,1,1,,exact,C=C1CC[C@@H](Br)C(C)(C)[C@@H]1Cc1cc(OC)c(Br)cc1O
CHEMBL380646,GR,6.660,,1,0,Active,exact,CC1(C)C=C(CSCCc2ccccc2)c2cc(-c3cccc(O)c3Cl)ccc2N1
CHEMBL3093446,GR,7.340,,2,0,Active,exact,Cc1cc(C)c(S(=O)(=O)NC(Cc2c[nH]c3ccc(C)cc23)C(F)(F)F)c(C)c1
CHEMBL203104,GR,,5.699,0,1,,censored,C=CCSCC1=CC(C)(C)Nc2ccc(-c3ccccc3C(F)(F)F)cc21
CHEMBL272789,GR,8.920,,1,0,Active,exact,CC(C)(C)c1ccc(S(=O)(=O)N2CCC3=Cc4c(cnn4-c4ccc(F)cc4)C[C@]3(C)C2)cc1
CHEMBL1448,GR,,4.523,0,1,Inactive,censored,O=C(Nc1ccc([N+](=O)[O-])cc1Cl)c1cc(Cl)ccc1O
CHEMBL1672,GR,,4.523,0,1,Inactive,censored,COCC1=C(C(=O)O)N2C(=O)[C@@H](NC(=O)/C(=N\OC)c3csc(N)n3)[C@H]2SC1
CHEMBL4169408,GR,7.320,,1,1,Active,exact,COc1cc([C@H]2C[C@@]3(C)[C@@H](CC[C@@]3(O)C#CC(C)(C)C)[C@@H]3CCC4=CC(=O)CCC4=C32)ccc1N(C)C
CHEMBL309909,GR,7.600,,1,0,Active,exact,C[C@]12Cc3cnn(-c4ccc(F)cc4)c3C=C1CCC[C@@H]2[C@@H](O)c1cccc(O)c1
CHEMBL4078581,GR,5.130,,1,0,,exact,O=S(=O)(c1ccc(OC(F)(F)F)cc1)N(Cc1ccccc1)c1ccc(Oc2ccccc2)cc1
CHEMBL5893565,GR,8.480,,1,0,Active,exact,CC(=O)c1ccc(-c2ccc3c(n2)Oc2c(F)cccc2[C@@H]3C(C)(C)c2nc3nccnc3[nH]2)cc1
CHEMBL490,GR,,4.523,0,1,Inactive,censored,Fc1ccc([C@@H]2CCNC[C@H]2COc2ccc3c(c2)OCO3)cc1
CHEMBL20734,GR,,4.523,0,1,Inactive,censored,CNc1cc(OC)c(C(=O)NC2CCN(Cc3ccccc3)C2C)cc1Cl
CHEMBL184,GR,,4.523,0,1,Inactive,censored,Nc1nc2c(ncn2COCCO)c(=O)[nH]1
CHEMBL102541,GR,7.000,,1,0,Active,exact,CC1=CC(C)(C)Nc2ccc3c(c21)C(c1cc(Cl)cc(Cl)c1)Oc1ccccc1-3
CHEMBL386289,GR,7.600,,1,0,Active,exact,Cc1noc(=O)c2ccc(NC(=O)C(O)(CC3CCCc4c(N)cccc43)C(F)(F)F)cc12
CHEMBL4202463,GR,8.595,,2,0,Active,exact,CC(C)CCN1C[C@@H]2C[C@H]3[C@@H]4C[C@H](F)C5=CC(=O)C=C[C@]5(C)[C@@]4(F)[C@@H](O)C[C@]3(C)[C@]2(C(=O)CO)C1
CHEMBL5872282,GR,5.560,,1,0,,exact,COc1c(C(=O)Nc2ccc(C(C)C)cc2)cnc2c1c(Cl)nn2C1CCOCC1
CHEMBL655,GR,,4.523,0,1,Inactive,censored,Cc1ncc2n1-c1ccc(Cl)cc1C(c1ccccc1F)=NC2
CHEMBL3094481,GR,7.210,,1,1,Active,exact,CCC(Cc1ccc(OC)c(C)c1C)NS(=O)(=O)c1c(C)cc(C)cc1C
CHEMBL416411,GR,6.880,,1,0,Active,exact,CC1=CC(C)(C)Nc2ccc3c(c21)C(c1cccc(Cl)c1)Oc1ccc(F)cc1-3
CHEMBL196929,GR,6.130,,1,0,Active,exact,CC(C)(CC(O)(Cc1ccc(-c2ccccc2)cc1)C(=O)Nc1ccc2c(c1)COC2=O)c1ccccc1
CHEMBL6049901,GR,7.550,,2,0,Active,exact,CC(C)[C@H](NC(=O)C(C)(F)F)[C@H](Oc1ccc2c(cnn2-c2ccc(=O)n(C)c2)c1)c1ccc(C(F)(F)F)cc1
CHEMBL255751,GR,,6.000,0,1,,censored,O=C(c1ccccc1)N1CCC2=Cc3c(cnn3-c3ccc(F)cc3)CC2(Cc2ccc(F)cc2)C1
CHEMBL4085580,GR,,4.523,0,1,Inactive,censored,N#Cc1ccccc1S(=O)(=O)N(Cc1ccccc1)c1ccc(Oc2ccccc2)cc1
CHEMBL51149,GR,,4.523,0,1,Inactive,censored,COc1ccc(CCN(C)CCCC(C#N)(c2cc(OC)c(OC)c(OC)c2)C(C)C)cc1OC
CHEMBL273575,GR,,4.523,0,1,Inactive,censored,CN1Cc2c(N)cccc2C(c2ccccc2)C1
CHEMBL1684357,GR,7.640,,3,0,Active,exact,CC(=O)c1ccc(NC(=O)O[C@@H]2[C@@H](C)c3c(cc(F)c(-c4cccc5cc[nH]c45)c3F)NC2(C)C)cc1
CHEMBL392501,GR,8.100,,1,0,Active,exact,COc1ccc(F)cc1C(C)(C)CC(O)(Cc1cc(C)cc(C)c1C#N)C(F)(F)F
CHEMBL5894044,GR,6.560,,1,0,Active,exact,CCOc1ccc(NC(=O)c2cnc3c(c(C)nn3C)c2Cl)cc1
CHEMBL3120317,GR,9.570,,1,0,Active,exact,CC/C(=C1\c2ccccc2OCc2cccc(OC)c21)c1cccc(NS(C)(=O)=O)c1
CHEMBL470152,GR,8.460,,1,1,Active,exact,CC#C[C@@]1(O)CC[C@@]2(/C=C/C)c3ccc(O)cc3CC[C@@H]2C1
CHEMBL418995,GR,,4.523,0,1,Inactive,censored,O=C(O)CCCCCCNC1c2ccccc2CCc2ccccc21
CHEMBL343633,GR,,4.523,0,1,Inactive,censored,CC(C)NC[C@H](O)COc1ccc(CC(N)=O)cc1
CHEMBL3735083,GR,7.950,,2,0,Active,exact,O=C(c1cccnc1)[C@]12Cc3cnn(-c4ccc(F)cc4)c3C=C1CCN(S(=O)(=O)c1ccc(C(F)(F)F)cc1)C2
CHEMBL6030362,GR,6.560,,1,0,Active,exact,Cn1nc(Br)c2c(Cl)c(C(=O)Nc3ccc(C(F)(F)F)cc3)cnc21
CHEMBL388997,GR,5.190,,1,0,,exact,CCC1COc2cc3[nH]c(=O)cc(C(F)(F)F)c3cc2N1CC(F)(F)F
CHEMBL1672542,GR,8.190,,1,0,Active,exact,CC(c1ccc(F)cc1)(c1c[nH]c2c(NS(C)(=O)=O)cccc12)C1CC1
CHEMBL2147558,GR,8.400,,1,0,Active,exact,CC(C)NC(=O)c1ccccc1CC[C@]1(O)CCC2=Cc3c(cnn3-c3ccc(F)cc3)C[C@@]21C
CHEMBL434183,GR,8.150,,2,0,Active,exact,C[C@H]1C[C@H](C)OC2(CCC3=Cc4c(cnn4-c4ccc(F)cc4)C[C@@]32C)O1
CHEMBL5285205,GR,6.310,,2,1,Active,exact,O=C(c1ccco1)N1CCCc2cc(N(S(=O)(=O)c3ccccc3)S(=O)(=O)c3ccccc3)ccc21
CHEMBL3582110,GR,6.820,,1,0,Active,exact,Cc1noc(C)c1-c1cc2c(cc1Cl)NC(C)(C)C(=O)C2(C)C
CHEMBL1083885,GR,6.100,,1,1,Active,exact,Oc1cccc(-c2ccc3c(cnn3-c3ccc(F)cc3)c2)c1
CHEMBL8131,GR,5.220,,1,0,,exact,C=CCC1Oc2cccc(OCc3ccccc3)c2-c2ccc3c(c21)C(C)=CC(C)(C)N3
CHEMBL506844,GR,7.020,,2,0,Active,exact,CC[C@@]12CC[C@](O)(c3ccccc3)C[C@H]1CCc1cc(OCc3cccnc3C)ccc12
CHEMBL336041,GR,8.300,,1,0,Active,exact,CCCC1Oc2cccc(OC)c2-c2ccc3c(c21)C(C)=CC(C)(C)N3
CHEMBL5612599,GR,6.350,,1,0,Active,exact,Cc1ncccc1Nc1ccc2c(c1)CC[C@@H]1C3=CC(=O)C[C@]3(C)CC[C@@]21Cc1ccccc1
CHEMBL2426650,GR,7.110,,3,1,Active,exact,CC(C)(C(=O)Nc1nncs1)C(c1ccccc1)c1ccc2c(cnn2-c2ccncc2)c1
CHEMBL5854172,GR,7.680,,1,0,Active,exact,C[C@]12C=CC(=O)C=C1CC[C@H]1[C@@H]3C[C@H]4O[C@@H](c5ccc(Sc6ccc(Cl)c(N)c6)cc5)O[C@@]4(C(=O)CO)[C@@]3(C)C[C@H](O)[C@@]12F
CHEMBL1112,GR,,4.523,0,1,Inactive,censored,O=C1CCc2ccc(OCCCCN3CCN(c4cccc(Cl)c4Cl)CC3)cc2N1
CHEMBL1200368,GR,,5.000,0,1,,censored,O=C(O)c1ccc(NC(=O)[C@H](Cc2ccc(O)cc2)NC(=O)c2ccccc2)cc1
CHEMBL1940551,GR,7.760,,1,0,Active,exact,C[C@]12C=CC(=O)C=C1CC[C@@H]1[C@@H]2[C@@H](O)C[C@@]2(C)[C@H]1CC[C@]2(O)C(=O)CSc1nc2ncccc2o1
CHEMBL370194,GR,8.180,,1,0,Active,exact,CC[C@H]1OC2(CCC3=Cc4c(cnn4-c4ccc(F)cc4)C[C@@]32C)O[C@@H]1CC
CHEMBL5812981,GR,6.560,,1,0,Active,exact,Cc1nn(CC2CCOCC2)c2ncc(C(=O)Nc3ccc(Cl)cc3)c(Cl)c12
CHEMBL4174418,GR,7.800,,1,0,Active,exact,CC(C)c1ccc([C@H]2C[C@@]3(C)[C@@H](CC[C@@]3(O)C#CC(C)(C)C)[C@@H]3CCC4=CC(=O)CCC4=C32)cc1
CHEMBL257079,GR,8.350,,1,0,Active,exact,CC(C)(C)c1ccc(S(=O)(=O)N2CCC3=Cc4c(cnn4-c4ccc(F)cc4)CC3(Cc3ccc(F)cc3)C2)cn1
CHEMBL4540313,GR,6.500,,1,0,Active,exact,CNC(=O)C[C@H]1COc2cc(Cl)ccc2N1C(=O)c1ccc2c(c1)NC(=O)CO2
CHEMBL1505,GR,,4.523,0,1,Inactive,censored,CN(C)CCc1c[nH]c2ccc(CS(=O)(=O)N3CCCC3)cc12
CHEMBL2147629,GR,,6.398,0,1,,censored,C[C@]12Cc3cnn(-c4ccc(F)cc4)c3C=C1[C@H](O)C[C@@]2(O)CCc1ccc(F)cc1C(N)=O
CHEMBL4097670,GR,7.160,,1,0,Active,exact,Cc1n[nH]c(C)c1S(=O)(=O)N1CCC2=Cc3c(cnn3-c3ccc(F)cc3)C[C@]2(C(=O)c2cc(C(F)(F)F)ccn2)C1
CHEMBL1911158,GR,7.380,,3,2,Active,exact,CC(=O)c1ccc(-c2ccc3c(n2)Oc2ccccc2[C@@H]3C(C)(C)C(=O)Nc2nncs2)cc1F
CHEMBL3261177,GR,6.360,,2,0,Active,exact,C[C@@H](COc1cccc2ncccc12)NS(=O)(=O)c1c(Cl)cc(Cl)cc1Cl
CHEMBL4448501,GR,6.700,,1,0,Active,exact,O=C1COc2ccc(C(=O)N3c4cc(CC5CCCCC5)c(F)cc4OC[C@@H]3CCO)cc2N1
CHEMBL3137304,GR,8.320,,5,0,Active,exact,Cc1ncccc1NC(=O)c1ccc2c(c1)CC[C@@H]1C[C@@](O)(C(F)(F)F)CC[C@@]21Cc1ccccc1
CHEMBL4217597,GR,7.800,,5,0,Active,exact,Cc1nnc(C(=O)N[C@@H]([C@H](C)O)[C@H](Oc2ccc3c(cnn3-c3ccc(F)cc3)c2)c2cc(F)cc(F)c2)o1
CHEMBL326092,GR,6.270,,1,0,Active,exact,CCCCC1Oc2ccc(F)cc2-c2ccc3c(c21)C(C)=CC(C)(C)N3
CHEMBL2426632,GR,7.340,,1,1,Active,exact,CC(C)(C(=O)Nc1nncs1)C(c1ccccc1)c1ccc2c(cnn2CCc2ccccc2)c1
CHEMBL271263,GR,8.600,,1,0,Active,exact,Fc1ccc(CC23Cc4cnn(-c5ccc(F)cc5)c4C=C2CCN(Cc2ccccc2)C3)cc1
CHEMBL373239,GR,,5.699,0,1,,censored,CC(C)(CC(Cc1ccccc1)C(=O)Nc1ccc2c(c1)COC2=O)c1ccccc1
CHEMBL4072079,GR,7.700,,3,0,Active,exact,C=C(C)C[C@@](O)([C@@H](Nc1cccc2c(=O)[nH]ccc12)c1cc(Br)ccc1O)C(F)(F)F
CHEMBL3261402,GR,,5.000,0,1,,censored,C[C@@H](COc1cccc2ncccc12)NS(=O)(=O)c1ccccc1
CHEMBL1801007,GR,8.340,,1,4,Active,exact,CC(C)(C(=O)Nc1nccs1)[C@H](c1ccccc1)c1ccc(O)c(F)c1
CHEMBL3315064,GR,8.850,,5,0,Active,exact,CC(C)(C(=O)NC(N)=O)[C@@H]1c2ccc(-c3ccc(C(=O)N4CCCC4)cc3)nc2Oc2c(F)cccc21
CHEMBL3126936,GR,8.110,,2,0,Active,exact,Cc1ccc(F)cc1C(C)(C)CC(O)(Cc1cc2nc(-c3cccnc3)ncc2[nH]1)C(F)(F)F
CHEMBL589,GR,,4.523,0,1,Inactive,censored,CCCN(CCC)CCc1cccc2c1CC(=O)N2
CHEMBL3963321,GR,7.010,,1,0,Active,exact,Cc1cc(C)c(S(=O)(=O)N[C@@H](C)COc2ccc3c(cnn3-c3ccc(F)cc3)c2)c(C)c1
CHEMBL231298,GR,6.990,,1,0,Active,exact,O=c1[nH]c(N2CCC(c3ccc(Cl)cc3)CC2)c(Cc2ccccc2)c(=O)[nH]1
CHEMBL394369,GR,9.425,,2,0,Active,exact,COc1c(O)ccc2c1-c1ccc3c(c1/C(=C/c1sccc1CO)O2)C(C)=CC(C)(C)N3
CHEMBL375812,GR,,8.000,0,1,,censored,O=C(O)C[C@@H]1CCc2cc(OCCCOc3ccc(-c4nc5c(s4)CCCC5)cc3)ccc21
CHEMBL127,GR,,5.000,0,1,,censored,C[C@@H](O)[C@H]1C(=O)N2C(C(=O)O)=C(S[C@@H]3CN[C@H](C(=O)N(C)C)C3)[C@H](C)[C@H]12
CHEMBL241694,GR,6.850,,2,0,Active,exact,C#C[C@]1(O)CC[C@H]2[C@@H]3CCC4=CC(=O)CC[C@]4(C)[C@H]3CC[C@@]21C
CHEMBL5757161,GR,6.560,,1,0,Active,exact,Cc1nn(C2CCCC2)c2ncc(C(=O)Nc3ccc(Cl)cc3)c(Cl)c12
CHEMBL312448,GR,,4.523,0,1,Inactive,censored,Cc1cc(C(C)(C)C)cc(C)c1CC1=NCCN1
CHEMBL1911156,GR,7.750,,6,0,Active,exact,CC(=O)c1ccc(-c2ccc3c(n2)Oc2ccccc2[C@@H]3C(C)(C)C(=O)Nc2nncs2)cc1
CHEMBL3895181,GR,10.240,,2,0,Active,exact,C=CCO[C@H]1C[C@@]2(C)[C@@H](CC[C@@]2(O)C#CC)[C@@H]2CCc3cc(C(=O)Nc4cccnc4C)ccc3[C@H]21
CHEMBL393349,GR,7.595,,2,0,Active,exact,CC1(CC(O)(CNc2cccc3cnccc23)C(F)(F)F)CCCc2ccccc21
CHEMBL5834097,GR,6.920,,1,0,Active,exact,CC(C)(C(=O)NC(N)=O)[C@H]1c2ccccc2Oc2nc(-c3cc[n+]([O-])cc3)ccc21
CHEMBL2113263,GR,,8.000,0,1,,censored,CCCc1cc(-c2nc3c(s2)CCCC3)ccc1OCCCOc1ccc2c(c1)CC[C@H]2CC(=O)O
CHEMBL1289779,GR,,4.523,0,1,Inactive,censored,CCc1cc2c(s1)-n1c(C)nnc1CN=C2c1ccccc1Cl
CHEMBL141282,GR,8.050,,1,0,Active,exact,COc1cccc2c1-c1ccc3c(c1C(C(C)C)O2)C(C)=CC(C)(C)N3
CHEMBL1911145,GR,6.910,,3,3,Active,exact,Cc1ccccc1-c1ccc2c(n1)Oc1ccccc1[C@@H]2C(C)(C)C(=O)Nc1nncs1
CHEMBL1917245,GR,7.750,,3,0,Active,exact,C[C@@H]1C[C@H]2[C@@H]3CCC4=CC(=O)C=C[C@]4(C)[C@@]3(F)[C@@H](O)C[C@]2(C)[C@@]1(O)C(=O)CSc1nc2ccccc2s1
CHEMBL3120318,GR,9.840,,1,0,Active,exact,CC/C(=C1/c2ccccc2COc2ccccc21)c1cccc(NS(C)(=O)=O)c1
CHEMBL203431,GR,,5.699,0,1,,censored,C=CCSCC1=CC(C)(C)Nc2ccc(-c3cc(OC)ccc3OC)cc21
CHEMBL846,GR,,4.523,0,1,Inactive,censored,C=C1/C(=C\C=C2/CCC[C@]3(C)[C@@H]([C@H](C)CCCC(C)(C)O)CC[C@@H]23)C[C@@H](O)C[C@@H]1O
CHEMBL1599,GR,,4.523,0,1,Inactive,censored,CC(=O)OCC1=C(C(=O)O)N2C(=O)[C@@H](NC(=O)CSc3ccncc3)[C@H]2SC1
CHEMBL160519,GR,,4.523,0,1,Inactive,censored,CCC(NC(C)C)C(O)c1ccc(O)c2[nH]c(=O)ccc12
CHEMBL5571869,GR,8.725,,2,0,Active,exact,CCc1cccc(C)c1C(=O)N(CC)C[C@@](O)(CNC(=O)c1cnn(-c2ccc(F)cc2)c1N)C(F)(F)F
CHEMBL403274,GR,8.805,,2,0,Active,exact,Cc1cc(-c2cc(F)cc3cc[nH]c23)c(Cl)c2c1NC(C)(C)CC2C
CHEMBL710,GR,,4.523,0,2,Inactive,censored,CC(C)(C)NC(=O)[C@H]1CC[C@H]2[C@@H]3CC[C@H]4NC(=O)C=C[C@]4(C)[C@H]3CC[C@]12C
CHEMBL270568,GR,9.100,,1,0,Active,exact,CC(C)(C)c1ccc(S(=O)(=O)N2CCC3=Cc4c(cnn4-c4ccc(F)cc4)C[C@]3(COCCO)C2)cc1
CHEMBL2426630,GR,6.880,,2,0,Active,exact,CC(C)(C(=O)Nc1nncs1)C(c1ccccc1)c1ccc2c(c1)C=NC2CCCO
CHEMBL1093625,GR,5.610,,1,0,,exact,C=C1CCC(Br)C(C)(C)[C@H]1Cc1cc(OC)c(Br)cc1O
CHEMBL5780302,GR,7.880,,1,0,Active,exact,CNc1cccc(Cc2ccc([C@@H]3O[C@@H]4C[C@H]5[C@@H]6C[C@H](F)C7=CC(=O)C=C[C@]7(C)[C@@]6(F)[C@@H](O)C[C@]5(C)[C@]4(C(=O)CO)O3)cc2)c1
CHEMBL1682436,GR,8.100,,1,0,Active,exact,C[C@H]1c2c(Cl)c(-c3cccc4cc[nH]c34)cc(F)c2NC(C)(C)[C@@H]1O
CHEMBL195021,GR,6.025,,2,0,Active,exact,CC(O)(CC(C)(C)c1ccccc1)C(=O)Nc1ccc2c(c1)COC2=O
CHEMBL374478,GR,,4.523,0,1,Inactive,censored,CO[C@H]1/C=C/O[C@@]2(C)Oc3c(C)c(O)c4c(O)c(c(/C=N/N5CCN(C)CC5)c(O)c4c3C2=O)NC(=O)/C(C)=C\C=C\[C@H](C)[C@H](O)[C@@H](C)[C@@H](O)[C@@H](C)[C@H](OC(C)=O)[C@@H]1C
CHEMBL3647443,GR,8.930,,1,0,Active,exact,Cc1ncccc1NC(=O)c1ccc2c(c1)C(=O)C[C@@H]1C[C@@](O)(C(F)(F)F)CC[C@@]21Cc1ccccc1
CHEMBL5954844,GR,6.560,,1,0,Active,exact,Cc1nn(-c2ccccc2)c2ncc(C(=O)Nc3ccc(C4CC4)cc3)c(Cl)c12
CHEMBL600,GR,,4.523,0,1,Inactive,censored,CC(=O)N[C@@H](CS)C(=O)O
CHEMBL299766,GR,,5.000,0,1,,censored,C=C1[C@H](O)CCC(C)(C)[C@@H]1Cc1cc(OC)c(Br)cc1O
CHEMBL247772,GR,,4.000,0,1,Inactive,censored,N=c1n(CCOc2ccccc2)c2ccccc2n1CCN1CCCCC1
CHEMBL1727,GR,,4.523,0,1,Inactive,censored,CC1=C(C(=O)O)N2C(=O)[C@@H](NC(=O)[C@H](N)c3ccccc3)[C@H]2SC1
CHEMBL533,GR,,4.523,0,1,Inactive,censored,CCCCCCCN(CC)CCCC(O)c1ccc(NS(C)(=O)=O)cc1
CHEMBL13209,GR,,5.000,0,1,,censored,O=C1CN=C(c2ccccc2)c2cc([N+](=O)[O-])ccc2N1
CHEMBL6001259,GR,6.560,,1,0,Active,exact,Cc1cc(Cn2nc(C)c3c(Cl)c(C(=O)Nc4ccc(C(F)(F)F)cc4)cnc32)ncn1
CHEMBL525273,GR,7.540,,1,0,Active,exact,COC(=O)[C@H](C)NC(=O)O[C@]1(C(=O)CO)[C@@H](C)C[C@H]2[C@@H]3CCC4=CC(=O)C=C[C@]4(C)[C@@]3(F)[C@@H](O)C[C@@]21C
CHEMBL1288810,GR,,4.523,0,1,Inactive,censored,OC[C@@H](O)CN1CCN(c2ccccc2)CC1
CHEMBL5613738,GR,5.960,,1,0,,exact,COCC[C@@]12CC[C@@]3(C)C[C@H](O)CC3=C1CCc1cc(Nc3cnccc3C)ccc12
CHEMBL5747546,GR,6.560,,1,0,Active,exact,COc1ccc(Cn2nnc(Cn3nc(C)c4c(Cl)c(C(=O)Nc5ccc(Cl)cc5)cnc43)c2C)cc1
CHEMBL957,GR,,4.523,0,1,Inactive,censored,COc1ccccc1Oc1c(NS(=O)(=O)c2ccc(C(C)(C)C)cc2)nc(-c2ncccn2)nc1OCCO
CHEMBL1201293,GR,,4.523,0,1,Inactive,censored,CC(=O)NCCCS(=O)(=O)O
CHEMBL5860253,GR,6.560,,1,0,Active,exact,COc1cncc(Cn2nc(C)c3c(Cl)c(C(=O)Nc4ccc(C(F)(F)F)cc4)cnc32)c1
CHEMBL4442787,GR,6.200,,1,0,Active,exact,NS(=O)(=O)C[C@H]1COc2cc(F)ccc2N1C(=O)c1ccc2cc[nH]c2c1
CHEMBL184313,GR,6.900,,1,0,Active,exact,CCCCC[C@H]1C[C@@]2(C)C(CC[C@@H]2O)C2CCC3=CC(=O)CCC3=C21
CHEMBL3261424,GR,8.215,,2,0,Active,exact,Cc1nn(C2CCCC2)c(C)c1S(=O)(=O)N[C@@H](C)CNc1cccc2c1cnn2-c1ccc(F)cc1
CHEMBL282575,GR,5.465,,2,0,,exact,C[C@]12CC[C@@H]3c4ccc(OC(=O)c5ccccc5)cc4CC[C@H]3[C@@H]1CC[C@@H]2O
CHEMBL221491,GR,8.575,,2,0,Active,exact,CC#C[C@]1(O)CC[C@H]2[C@@H]3CCC4=CC(=O)CCC4=C3[C@@H](c3c(F)cc(OC)cc3F)C[C@@]21C
CHEMBL397914,GR,7.820,,3,0,Active,exact,CC#C[C@]1(O)CC[C@H]2[C@@H]3CCC4=CC(=O)CCC4=C3[C@@H](c3ccc(N(C)CCCCC(=O)O)cc3)C[C@@]21C
CHEMBL394345,GR,6.390,,1,0,Active,exact,COc1ccccc1-c1ccc2c(c1)C(C(C)OCCc1ccccc1)=CC(C)(C)N2
CHEMBL4213765,GR,8.330,,2,0,Active,exact,C[C@]12C=CC(=O)C=C1[C@@H](F)C[C@H]1[C@@H]3C[C@H]4CN(Cc5ccc6ccccc6n5)C[C@@]4(C(=O)CO)[C@@]3(C)C[C@H](O)[C@@]12F
CHEMBL5284057,GR,6.300,,2,1,Active,exact,COc1cc(C)c(Cl)cc1S(=O)(=O)Nc1ccc2c(c1)CCCN2C(=O)c1ccco1
CHEMBL4174549,GR,,5.301,0,1,,censored,CC#C[C@]1(O)CC[C@H]2[C@@H]3CCC4=CC(=O)CCC4=C3[C@@H](CC)C[C@@]21C
CHEMBL5400213,GR,,4.523,0,1,Inactive,censored,Cc1cn(C2=CCC3C4CC=C5C[C@@H](NC(=O)c6ccc(F)cc6)CC[C@]5(C)C4CC[C@]23C)cn1
CHEMBL295619,GR,,4.523,0,1,Inactive,censored,CN1CCN(c2c(F)cc3c(=O)c(C(=O)O)cn4c3c2SCC4)CC1
CHEMBL1170,GR,6.960,,1,0,Active,exact,CCC(=O)O[C@H]1CC[C@H]2[C@@H]3CCC4=CC(=O)CC[C@]4(C)[C@H]3CC[C@]12C
CHEMBL1668069,GR,7.500,,1,0,Active,exact,Cc1cc(C)c(S(=O)(=O)N[C@@H](C)CNc2cc(C)cc3c2cnn3-c2ccc(S(C)(=O)=O)cc2)c(C)c1
CHEMBL5908902,GR,7.750,,1,0,Active,exact,CNc1cccc(Cc2ccc([C@H]3O[C@@H]4C[C@H]5[C@@H]6C[C@H](F)C7=CC(=O)C=C[C@]7(C)[C@@]6(F)[C@@H](O)C[C@]5(C)[C@]4(C(=O)CO)O3)cc2)c1
CHEMBL228715,GR,,5.699,0,1,,censored,C=CCOC(Cc1ccccc1)C1=CC(C)(C)Nc2ccc(-c3ccccc3OC)cc21
CHEMBL4215390,GR,8.330,,3,0,Active,exact,CCn1cc(-n2ncc3cc(O[C@H](c4ccccc4)[C@H](C)NC(=O)C(C)(F)F)ccc32)ccc1=O
CHEMBL6051813,GR,7.150,,1,0,Active,exact,CC(=O)Nc1ccc(-c2ccc3c(n2)Oc2c(F)cccc2[C@@H]3C(C)(C)c2nc3nccnc3[nH]2)cc1
CHEMBL81397,GR,8.020,,1,0,Active,exact,C[C@]12Cc3cnn(-c4ccc(F)cc4)c3C=C1CCC[C@@H]2[C@@H](O)c1ccc(O)cc1
CHEMBL1380,GR,,4.523,0,1,Inactive,censored,Nc1nc(NC2CC2)c2ncn([C@H]3C=C[C@@H](CO)C3)c2n1
CHEMBL7966,GR,6.310,,1,0,Active,exact,C=CCC1Oc2ccc(OCC)c(OC)c2-c2ccc3c(c21)C(C)=CC(C)(C)N3
CHEMBL36,GR,,5.000,0,1,,censored,CCc1nc(N)nc(N)c1-c1ccc(Cl)cc1
CHEMBL501174,GR,,4.523,0,1,Inactive,censored,CC(C)=CCC/C(C)=C/C=C/C(C)=C/C=C/C(C)=C/C=C/C=C(C)/C=C/C=C(C)/C=C/C=C(\C)CCC=C(C)C
CHEMBL5894720,GR,9.200,,1,0,Active,exact,COc1ccc(CNC(=O)NC(=O)C(C)(C)[C@@H]2c3ccc(-c4ccc(OC(C)C)nc4)nc3Oc3c(F)cccc32)cc1
CHEMBL1093140,GR,5.390,,1,0,,exact,C=C1C(C)CCC(C)(C)[C@@H]1Cc1cc(OC)c(Br)cc1OC(C)=O
CHEMBL5901785,GR,9.150,,1,0,Active,exact,CCC(=O)O[C@]1(C(=O)SCCCCP(=O)(O)O)[C@H](C)C[C@H]2[C@@H]3C[C@H](F)C4=CC(=O)C=C[C@]4(C)[C@@]3(F)[C@@H](O)C[C@@]21C
CHEMBL5862032,GR,5.560,,1,0,,exact,CC(=O)N1CCC(CCn2cnc3c(Cl)c(C(=O)Nc4ccc(C(F)(F)F)cc4)cnc32)CC1
CHEMBL5957590,GR,,5.301,0,1,,censored,COc1c(C(=O)Nc2ccc(Cl)cc2)cnc2c1c(C)nn2C1CCN(C)CC1
CHEMBL1497,GR,8.400,,1,0,Active,exact,CCCCC(=O)O[C@]1(C(=O)CO)[C@@H](C)C[C@H]2[C@@H]3CCC4=CC(=O)C=C[C@]4(C)[C@@]3(F)[C@@H](O)C[C@@]21C
CHEMBL553019,GR,8.010,,1,0,Active,exact,CC(=O)NCCNC(=S)NCCSCC(=O)[C@@]1(O)[C@H](C)C[C@H]2[C@@H]3CCC4=CC(=O)C=C[C@]4(C)[C@@]3(F)[C@@H](O)C[C@@]21C
CHEMBL3261404,GR,7.500,,1,0,Active,exact,Cc1nn(C2CCCC2)c(C)c1S(=O)(=O)N[C@@H](C)COc1cccc2cnccc12
CHEMBL5563061,GR,,5.000,0,1,,censored,N#Cc1ccc(CNC(=O)c2ncc3nc(N4CC[C@@H](O)C4)ccc3c2O)cn1
CHEMBL426386,GR,7.945,,2,0,Active,exact,CC#C[C@]1(O)CC[C@H]2[C@@H]3CCC4=CC(=O)CCC4=C3[C@@H](c3ccc(O)c(C)c3)C[C@@]21C
CHEMBL126224,GR,,4.523,0,1,Inactive,censored,CN(C)CCCn1c2c(c3ccccc31)CCCCCC2
CHEMBL5276670,GR,,5.000,0,2,,censored,N#Cc1ccc(S(=O)(=O)Nc2ccc3c(c2)CCCN3C(=O)c2ccco2)cc1
CHEMBL908,GR,,4.523,0,1,Inactive,censored,CN(C)CC/C=C1/c2ccccc2Sc2ccc(Cl)cc21
CHEMBL48745,GR,5.340,,1,0,,exact,C=C1CCC(C)(C)C1Cc1cc(OC)c(Br)cc1O
CHEMBL5757268,GR,6.560,,1,0,Active,exact,Cc1nn(C)c2ncc(C(=O)Nc3ccc(C#N)cc3)c(Cl)c12
CHEMBL78646,GR,6.800,,1,0,Active,exact,O=C1C=C2CCc3cc(O)ccc3[C@]2(Cc2ccccc2)CC1
CHEMBL1668076,GR,7.500,,1,0,Active,exact,Cc1cc(C)c(S(=O)(=O)N[C@@H](C)CNc2cc(C)cc3c2cnn3-c2ccc(N[C@@H](C)C(N)=O)cc2)c(C)c1
CHEMBL247231,GR,5.650,,1,0,,exact,COc1ccc(CN2CCC3=CC(=O)CCC3(Cc3ccccc3)C2)cc1
CHEMBL393061,GR,6.650,,1,0,Active,exact,O=C1C=C2CCN(S(=O)(=O)c3ccccc3)CC2(Cc2ccccc2)CC1
CHEMBL5976197,GR,8.540,,1,0,Active,exact,CC(C)(c1nc2nccnc2[nH]1)[C@@H]1c2ccc(-c3ccc(N)cc3)nc2Oc2c(F)cccc21
CHEMBL438,GR,,5.000,0,1,,censored,Cc1ccnc(NS(=O)(=O)c2ccc(N)cc2)n1
CHEMBL2426123,GR,6.910,,3,1,Active,exact,CC(C)(CNC(=O)C(F)(F)F)[C@@H](c1ccccc1)c1ccc2c(cnn2-c2ccc(F)cc2)c1
CHEMBL1075,GR,,4.523,0,1,Inactive,censored,CCOC(=O)Nc1ccc2c(c1)N(C(=O)CCN1CCOCC1)c1ccccc1S2
CHEMBL191423,GR,8.320,,1,0,Active,exact,Cc1c(NS(C)(=O)=O)cccc1N(Cc1ccc(Oc2ccc(F)c(OCC(=O)O)c2)cc1)Cc1ccc(F)cc1F
CHEMBL3735376,GR,8.845,,2,0,Active,exact,O=C(c1ccccn1)[C@]12Cc3cnn(-c4ccc(F)cc4)c3C=C1CCN(S(=O)(=O)c1ccc(F)cc1)C2
CHEMBL237377,GR,7.350,,1,0,Active,exact,COc1ccc(F)cc1C(C)(C)CC(O)(Cc1cc(Cl)ccc1Cl)C(F)(F)F
CHEMBL401219,GR,7.090,,1,0,Active,exact,COc1ccc(F)cc1C(C)(C)CC(O)(Cc1cccc(C#N)c1)C(F)(F)F
CHEMBL5923943,GR,6.560,,1,0,Active,exact,Cn1nc(Br)c2c(Cl)c(C(=O)Nc3ccc(Cl)cc3)cnc21
CHEMBL386448,GR,8.330,,1,0,Active,exact,Cc1noc(=O)c2ccc(NC(=O)C(O)(CC3(C4CC4)CCCc4ccccc43)C(F)(F)F)cc12
CHEMBL1684354,GR,7.360,,3,0,Active,exact,C[C@H]1c2c(cc(F)c(-c3cccc4cc[nH]c34)c2F)NC(C)(C)[C@@H]1OC(=O)Nc1ccc(Cl)cc1
CHEMBL2204051,GR,6.400,,1,0,Active,exact,O=c1[nH]c(=O)c(Cc2ncccn2)c([C@H]2CC[C@@H](c3ccccc3)CC2)[nH]1
CHEMBL5612826,GR,6.570,,1,0,Active,exact,COCC[C@@]12CC[C@@]3(C)C[C@H](O)CC3=C1CCc1cc(Nc3cccnc3C)ccc12
CHEMBL600325,GR,,4.523,0,1,Inactive,censored,C[C@@H]1O[C@@H](O[C@@H]2C=C3CC[C@@H]4[C@H](CC[C@]5(C)[C@@H](c6ccc(=O)oc6)CC[C@]45O)[C@@]3(C)CC2)[C@H](O)[C@H](O)[C@H]1O
CHEMBL5898043,GR,5.560,,1,0,,exact,COc1ccc(Cn2cnc3c(Cl)c(C(=O)Nc4ccc(Cl)cc4)cnc32)cc1
CHEMBL623,GR,,4.523,0,1,Inactive,censored,CCc1nn(CCCN2CCN(c3cccc(Cl)c3)CC2)c(=O)n1CCOc1ccccc1
CHEMBL1099083,GR,5.490,,1,0,,exact,COC(=O)C1=C(C)NC(C)=C(C(=O)OC(C)(C)C)[C@@H]1c1cccc([N+](=O)[O-])c1
CHEMBL1201027,GR,,4.523,0,1,Inactive,censored,C[N+]1(C)CCC(OC(=O)C(O)(c2ccccc2)C2CCCC2)C1.[Br-]
CHEMBL235206,GR,8.140,,2,0,Active,exact,C[C@@](c1ccc(F)cc1F)(c1c[nH]c2c(NS(C)(=O)=O)cccc12)C1CC1
CHEMBL6004917,GR,6.560,,1,0,Active,exact,Cc1nn(C2CCN(C(C)C)CC2)c2ncc(C(=O)Nc3ccc(C(F)(F)F)cc3)c(Cl)c12
CHEMBL152684,GR,,4.523,0,1,Inactive,censored,CCOC(=O)C(C)(CC)Oc1ccc(Cc2ccc(Cl)cc2)cc1
CHEMBL5811158,GR,5.560,,1,0,,exact,Cc1nn(-c2ccccc2)c2ncc(C(=O)Nc3ccccc3C(F)(F)F)c(Cl)c12
CHEMBL6014254,GR,6.560,,1,0,Active,exact,Cc1nn(CC2CC2)c2ncc(C(=O)Nc3ccc(C(C)C)cc3)c(Cl)c12
CHEMBL349803,GR,,4.523,0,1,Inactive,censored,NS(=O)(=O)c1cc(C(=O)O)cc(N2CCCC2)c1Oc1ccccc1
CHEMBL5968870,GR,7.920,,1,0,Active,exact,C[C@]12C=CC(=O)C=C1CC[C@@H]1[C@@H]2[C@@H](O)C[C@@]2(C)[C@H]1C[C@H]1O[C@@H](c3ccc(Sc4cccc(N)c4)cc3)O[C@]12C(=O)CO
CHEMBL5845278,GR,6.560,,1,0,Active,exact,Cc1nn(C2CCCC2)c2ncc(C(=O)Nc3ccc(C(C)C)cc3)c(Cl)c12
CHEMBL429466,GR,9.050,,1,0,Active,exact,COc1c(O)ccc2c1-c1ccc3c(c1/C(=C/c1sccc1CNCC(F)(F)F)O2)C(C)=CC(C)(C)N3
CHEMBL1324,GR,,4.523,0,1,Inactive,censored,Cc1ccc(C(=O)c2cc(O)c(O)c([N+](=O)[O-])c2)cc1
CHEMBL622,GR,,4.523,0,1,Inactive,censored,CCc1cccc2c3c([nH]c12)C(CC)(CC(=O)O)OCC3
CHEMBL1668071,GR,7.700,,1,0,Active,exact,CNc1ccc(-n2ncc3c(NC[C@H](C)NS(=O)(=O)c4c(C)cc(C)cc4C)cc(C)cc32)cc1
CHEMBL2426653,GR,7.355,,2,2,Active,exact,CC(C)(C(=O)Nc1nncs1)C(c1ccccc1)c1ccc2c(cnn2-c2ccc(O)cc2)c1
CHEMBL2314757,GR,5.745,,2,0,,exact,CC[C@H]1OC(=O)[C@H](C)[C@@H](O)[C@H](C)[C@@H](O[C@@H]2O[C@H](C)C[C@H](N(C)C)[C@H]2O)[C@](C)(O)C[C@@H](C)CN(CCCNC(=O)[C@@]2(O)[C@H](C)C[C@H]3[C@@H]4C[C@H](F)C5=CC(=O)C=C[C@]5(C)[C@H]4[C@@H](O)C[C@@]32C)[C@H](C)[C@@H](O)[C@]1(C)O
CHEMBL92870,GR,,4.523,0,1,Inactive,censored,Cc1cccc(C)c1NC(=O)CN1CCN(CCCC(c2ccc(F)cc2)c2ccc(F)cc2)CC1
CHEMBL5888216,GR,8.030,,1,0,Active,exact,CC(C)(O)c1ccc(-c2ccc3c(n2)Oc2c(F)cccc2[C@@H]3C(C)(C)c2nc3nccnc3[nH]2)cn1
CHEMBL1911663,GR,6.390,,1,0,Active,exact,CC(C)(C[C@](O)(Cc1cc2ccc(C#N)cc2[nH]1)C(F)(F)F)c1cc(S(C)(=O)=O)cc2c1OCC2
CHEMBL184120,GR,7.250,,1,0,Active,exact,Cc1c(NS(C)(=O)=O)cccc1N(Cc1ccc(Oc2ccccc2)cc1)Cc1cccc(CCCC(=O)O)c1
CHEMBL1911283,GR,7.120,,4,2,Active,exact,CN(C)C(=O)c1ccc(-c2ccc3c(c2)Oc2ccccc2C3C(C)(C)C(=O)Nc2nncs2)cc1
CHEMBL1254734,GR,8.185,,4,0,Active,exact,COc1ccc(F)cc1C(C)(C)CC(O)(Cc1cc2ccncc2[nH]1)C(F)(F)F
CHEMBL6056010,GR,6.770,,1,0,Active,exact,CC(C)(C(=O)NC(=O)N1CCOCC1)[C@@H]1c2ccc(-c3ccc(C(=O)N4CCOCC4)cc3)nc2Oc2c(F)cccc21
CHEMBL68804,GR,7.330,,1,0,Active,exact,Cc1c(NS(C)(=O)=O)cccc1N(Cc1ccccc1)Cc1ccc(F)cc1
CHEMBL1275868,GR,,4.523,0,1,Inactive,censored,CC1=C(C(=O)OC(C)C)C(c2cccc([N+](=O)[O-])c2)C(C(=O)OC2CN(C(c3ccccc3)c3ccccc3)C2)=C(N)N1
CHEMBL218976,GR,6.020,,1,0,Active,exact,COc1ccc(F)cc1C(C)(C)CC(O)(CN1CCCc2ccccc21)C(F)(F)F
CHEMBL1431,GR,,4.523,0,1,Inactive,censored,CN(C)C(=N)NC(=N)N
CHEMBL304839,GR,6.890,,1,0,Active,exact,Cc1c(NS(C)(=O)=O)cccc1N(Cc1ccccc1)Cc1cccc(C(F)(F)F)c1
CHEMBL189306,GR,6.060,,1,0,Active,exact,CCCCCCCCCCCC[C@H]1C[C@@]2(C)C(CC[C@@H]2O)C2CCC3=CC(=O)CCC3=C21
CHEMBL70927,GR,,4.523,0,1,Inactive,censored,Cc1c(O)c(=O)ccn1C
CHEMBL1173055,GR,,4.523,0,1,Inactive,censored,CNCc1ccc(-c2[nH]c3cc(F)cc4c3c2CCNC4=O)cc1
CHEMBL1257343,GR,7.650,,2,0,Active,exact,COc1ccc(F)cc1C(C)(C)CC(O)(CNc1cccc2ncccc12)C(F)(F)F
CHEMBL313400,GR,8.100,,1,0,Active,exact,COc1cc([C@H](O)[C@H]2CCCC3=Cc4c(cnn4-c4ccc(F)cc4)C[C@@]32C)ccc1F
CHEMBL4077976,GR,9.110,,2,0,Active,exact,Cc1ccnc(C(=O)[C@]23Cc4cnn(-c5ccc(F)cc5)c4C=C2CCN(S(=O)(=O)c2cc(F)cc(F)c2)C3)c1
CHEMBL5791405,GR,,5.301,0,1,,censored,COc1c(C(=O)Nc2ccc(C(F)(F)F)cc2)cnc2c1cnn2C1CCSCC1
CHEMBL236755,GR,7.960,,1,0,Active,exact,COc1ccc(F)cc1C(C)(C)CC(O)(Cc1cc(C)c(C#N)c(C)c1)C(F)(F)F
CHEMBL6167670,GR,,5.000,0,1,,censored,Cc1oc(-c2cccc(C(F)(F)F)c2)cc1C(=O)Nc1nc(CN2CCOCC2)ns1
CHEMBL5992343,GR,5.560,,1,0,,exact,COc1ccc(Cn2cnc3c(Cl)c(C(=O)Nc4ccc(C(C)C)cc4)cnc32)cc1
CHEMBL50534,GR,,5.000,0,1,,censored,C=C1[C@@H](Cc2cc(OC)c(Br)cc2O)C(C)(C)CC[C@@]1(C)O
CHEMBL3706938,GR,9.050,,1,0,Active,exact,COc1c(O)ccc2c1-c1ccc3c(c1/C(=C/c1ccc(F)cc1C(=O)N1CCCCC1)O2)C(C)=CC(C)(C)N3
CHEMBL5960157,GR,5.560,,1,0,,exact,Cc1nn(-c2ccccc2)c2ncc(C(=O)Nc3ccc(Cl)cc3)c(F)c12
CHEMBL1401,GR,,4.523,0,1,Inactive,censored,CC(=O)Oc1ccccc1C(=O)Nc1ncc([N+](=O)[O-])s1
CHEMBL5793568,GR,,7.000,0,1,,censored,CC(C)(C)C#C[C@]1(O)CC[C@H]2[C@@H]3CCC4=CC(=O)CCC4=C3[C@@H](c3ccc(N)cc3)C[C@@]21C
CHEMBL1929039,GR,5.750,,1,0,,exact,Cc1cc(F)ccc1-n1nc(C(F)(F)F)cc1-c1ccc2c(c1)NC(=O)CO2
CHEMBL11662,GR,,4.523,0,1,Inactive,censored,O=C(O)/C=C/c1ccc(Cn2ccnc2)cc1
CHEMBL728,GR,,4.523,0,1,Inactive,censored,CN1CCN(CCCN2c3ccccc3Sc3ccc(Cl)cc32)CC1
CHEMBL573,GR,,4.523,0,1,Inactive,censored,O=C(O)c1cccnc1
CHEMBL1201271,GR,,4.523,0,1,Inactive,censored,CC(C)(C)c1ccc(CN2CCN(C(c3ccccc3)c3ccc(Cl)cc3)CC2)cc1
CHEMBL1684353,GR,8.090,,3,0,Active,exact,C[C@H]1c2c(cc(F)c(-c3cccc4c(Cl)c[nH]c34)c2F)NC(C)(C)[C@@H]1OC(=O)Nc1ccc(C#N)cc1
CHEMBL308900,GR,5.570,,1,0,,exact,Cc1c(NS(C)(=O)=O)ccc(C(=O)N(C)C)c1N(Cc1ccccc1)Cc1ccccc1
CHEMBL5905323,GR,6.560,,1,0,Active,exact,Cc1nn(CC2CC2)c2ncc(C(=O)Nc3ccc(C(F)(F)F)cc3)c(Cl)c12
CHEMBL5769911,GR,8.940,,1,0,Active,exact,CC(C)(C(=O)NC(N)=O)[C@@H]1c2ccc(-c3ccc(NC4CC4)nc3)nc2Oc2c(F)cccc21
CHEMBL400628,GR,6.210,,1,0,Active,exact,COc1ccc(F)cc1C(C)(C)CC(O)(Cc1ccccc1)C(F)(F)F
CHEMBL404160,GR,8.620,,1,0,Active,exact,CCNC[C@]12Cc3cnn(-c4ccc(F)cc4)c3C=C1CCN(S(=O)(=O)c1ccc(C(C)(C)C)cc1)C2
CHEMBL5744214,GR,5.560,,1,0,,exact,COCCn1cnc2c(Cl)c(C(=O)Nc3ccc(C(C)C)cc3)cnc21
CHEMBL1086261,GR,7.600,,1,1,Active,exact,CCCCN(c1ccccc1)S(=O)(=O)c1ccc(-c2ccc3c(cnn3-c3ccc(F)cc3)c2)c(C(F)(F)F)c1
CHEMBL4452144,GR,6.400,,1,0,Active,exact,CNC(=O)C[C@H]1COc2cc(C(F)(F)F)ccc2N1C(=O)c1ccc2c(c1)NC(=O)CO2
CHEMBL188921,GR,,4.523,0,1,Inactive,censored,COc1cc(OC)c(C(=O)CCCN2CCCC2)c(OC)c1
CHEMBL185,GR,,4.523,0,1,Inactive,censored,O=c1[nH]cc(F)c(=O)[nH]1
CHEMBL475159,GR,7.510,,3,1,Active,exact,CC1(C(=O)Nc2nccs2)CC2c3ccccc3C1c1ccccc12
CHEMBL1084013,GR,7.450,,2,0,Active,exact,COc1cccc(S(=O)(=O)Nc2ccc(-c3ccc4c(cnn4-c4ccc(F)cc4)c3)c(C(F)(F)F)c2)c1
CHEMBL5905151,GR,7.830,,1,0,Active,exact,C[C@]12C=CC(=O)C=C1[C@@H](F)C[C@H]1[C@@H]3C[C@H]4O[C@@H](c5ccc(CSc6ccc(Cl)c(N)c6)cc5)O[C@@]4(C(=O)CO)[C@@]3(C)C[C@H](O)[C@@]12F
CHEMBL714,GR,,5.000,0,1,,censored,CC(C)(C)NCC(O)c1ccc(O)c(CO)c1
CHEMBL4756197,GR,9.000,,1,0,Active,exact,C[C@H](NC(=O)C(F)(F)F)[C@H](Oc1ccc(C(=O)O[C@H]2CCCN(C(=O)[C@H]3COC(=O)C3)C2)cc1)c1ccc(C2CC2)cc1
CHEMBL270667,GR,9.300,,1,0,Active,exact,COCCOC[C@]12Cc3cnn(-c4ccc(F)cc4)c3C=C1CCN(S(=O)(=O)c1ccccc1)C2
CHEMBL443847,GR,7.050,,1,1,Active,exact,Cc1cc2cccc(-c3cc(C)c4c(c3Cl)C(C)CC(C)(C)N4)c2[nH]1
CHEMBL437,GR,,4.523,0,1,Inactive,censored,Nc1ccc(S(=O)(=O)Nc2nccs2)cc1
CHEMBL318409,GR,8.030,,1,0,Active,exact,CC1=CC(C)(C)Nc2ccc3c(c21)C(c1ccccc1)Oc1ccc(Cl)cc1-3
CHEMBL3706934,GR,8.770,,1,0,Active,exact,COc1c(O)ccc2c1-c1ccc3c(c1/C(=C/c1ccccc1C)O2)C(C)=CC(C)(C)N3
CHEMBL3735124,GR,9.010,,4,0,Active,exact,Cc1cccc(S(=O)(=O)N2CCC3=Cc4c(cnn4-c4ccc(F)cc4)C[C@]3(C(=O)c3ccccn3)C2)c1
CHEMBL1492500,GR,,4.523,0,1,Inactive,censored,CN(C)CC/C=C1\c2ccccc2CSc2ccccc21
CHEMBL1940555,GR,7.380,,1,0,Active,exact,CCn1c(SCC(=O)[C@@]2(O)CC[C@H]3[C@@H]4CCC5=CC(=O)C=C[C@]5(C)[C@H]4[C@@H](O)C[C@@]32C)nc2ccccc21
CHEMBL1254173,GR,7.810,,2,1,Active,exact,COc1ccc(-c2ccncc2)cc1C(C)(C)CC(O)(Cc1cc2ccncc2[nH]1)C(F)(F)F
CHEMBL1256391,GR,,4.523,0,1,Inactive,censored,Cc1ccc(=O)n(-c2ccccc2)c1
CHEMBL390634,GR,5.750,,1,0,,exact,Cc1cc(S(=O)(=O)NC(C)Cc2c[nH]c3ccccc23)c(C)cc1Cl
CHEMBL382346,GR,6.090,,1,0,Active,exact,COc1ccccc1-c1ccc2c(c1)C(CSc1ccccc1)=CC(C)(C)N2
CHEMBL208840,GR,8.000,,1,0,Active,exact,CCC1(CC(O)(C(=O)Nc2ccc3c(=O)onc(C)c3c2)C(F)(F)F)CCCCc2ccccc21
CHEMBL1591365,GR,,4.523,0,1,Inactive,censored,COc1cccc(N(C)C(=S)Oc2ccc3c(c2)CCCC3)n1
CHEMBL1083784,GR,7.300,,1,1,Active,exact,CC(C)(C)c1ccc(S(=O)(=O)Nc2ccc(-c3ccc4c(cnn4-c4ccc(F)cc4)c3)c(C(F)(F)F)c2)cc1
CHEMBL888,GR,,4.523,0,1,Inactive,censored,Nc1ccn([C@@H]2O[C@H](CO)[C@@H](O)C2(F)F)c(=O)n1
CHEMBL5833285,GR,8.850,,1,0,Active,exact,CC(C)S(=O)(=O)c1ccc(-c2ccc3c(n2)Oc2c(F)cccc2[C@@H]3C(C)(C)c2nc3nccnc3[nH]2)cc1
CHEMBL527,GR,,5.000,0,1,,censored,CN1C(C(=O)Nc2ccccn2)=C(O)c2ccccc2S1(=O)=O
CHEMBL6064982,GR,6.560,,1,0,Active,exact,Cc1nn(C(C)C)c2ncc(C(=O)Nc3ccc(C(C)C)cc3)c(Cl)c12
CHEMBL196067,GR,6.960,,2,0,Active,exact,CC(C)(CC(O)(C(=O)Nc1ccc2c(c1)COC2=O)C(F)(F)F)c1ccccc1
CHEMBL3706962,GR,8.800,,1,0,Active,exact,COc1c(O)ccc2c1-c1ccc3c(c1/C(=C/c1cccc(C)n1)O2)C(C)=CC(C)(C)N3
CHEMBL3358938,GR,7.915,,2,0,Active,exact,CC(C)(CC(O)(Cc1cc2cc(N3CCOCC3)ncc2[nH]1)C(F)(F)F)c1ccccc1S(N)(=O)=O
CHEMBL3315049,GR,7.750,,5,0,Active,exact,CCN(C)C(=O)c1ccc(-c2ccc3c(n2)Oc2ccccc2[C@@H]3C(C)(C)C(=O)Nc2nncs2)cc1
CHEMBL3982975,GR,7.080,,1,0,Active,exact,C=CCOC(=O)O[C@H]1C[C@@]2(C)[C@@H](CC[C@@]2(O)C#CC)[C@@H]2CCc3cc(C(=O)Nc4cccnc4C)ccc3[C@H]21
CHEMBL4590259,GR,5.200,,1,0,,exact,CNC(=O)C[C@H]1CCc2cc(F)ccc2N1C(=O)c1ccc2c(c1)NC(=O)CO2
CHEMBL808,GR,4.960,,1,0,Inactive,exact,Clc1ccc(COC(Cn2ccnc2)c2ccc(Cl)cc2Cl)cc1
CHEMBL5905241,GR,,5.301,0,1,,censored,COc1c(C(=O)Nc2ccc(C(C)C)cc2)cnc2c1cnn2C1CCSCC1
CHEMBL5396467,GR,,5.000,0,1,,censored,O=C(O)C1(c2cccc(-c3ccc(OCc4c(-c5c(Cl)cccc5Cl)noc4C4CC4)cc3)c2)CC1
CHEMBL270143,GR,9.000,,1,0,Active,exact,COCCNC[C@]12Cc3cnn(-c4ccc(F)cc4)c3C=C1CCN(S(=O)(=O)c1ccc(C(C)(C)C)cc1)C2
CHEMBL4470268,GR,,4.800,0,1,Inactive,censored,NC(=O)C[C@H]1COCc2cc(F)ccc2N1C(=O)c1ccc2c(c1)NC(=O)CO2
CHEMBL328190,GR,5.030,,1,0,,exact,Oc1ccc2c(c1)CC[C@H](c1ccccc1)[C@@H]2c1ccc(OCCN2CCCC2)cc1
CHEMBL6030556,GR,,5.000,0,1,,censored,CC1(C)C(=O)N(c2ccc(C#N)c(C(F)(F)F)c2)C(=S)N1c1ccc(CNC(=O)c2cnco2)c(F)c1
CHEMBL4213734,GR,8.620,,3,0,Active,exact,C[C@H](NC(=O)C(C)(F)F)[C@H](Oc1ccc(C#N)cc1Br)c1cnc(C2CC2)nc1
CHEMBL78124,GR,7.780,,1,0,Active,exact,CC#C[C@]1(O)CC[C@H]2[C@@H]3CCC4=CC(=O)CCC4=C3[C@@H](c3ccc(N(C)CCCC4OC(C(=O)O)C(O)C(O)C4O)cc3)C[C@@]21C
CHEMBL3582122,GR,7.160,,2,0,Active,exact,CC1(C)Nc2c(cc(-c3cccc4nncn34)c3c2CCC3)C(C)(C)C1=O
CHEMBL393265,GR,5.920,,1,0,,exact,O=C1C=C2CCN(S(=O)(=O)Nc3ccccc3)CC2(Cc2ccccc2)CC1
CHEMBL17157,GR,,4.523,0,1,Inactive,censored,CC(C)(C)c1ccc(C(O)CCCN2CCC(C(O)(c3ccccc3)c3ccccc3)CC2)cc1
CHEMBL4212517,GR,7.260,,1,0,Active,exact,CN1C[C@@H]2C[C@H]3[C@@H]4C[C@H](F)C5=CC(=O)C=C[C@]5(C)[C@@]4(F)[C@@H](O)C[C@]3(C)[C@]2(C(=O)CO)C1
CHEMBL5816967,GR,6.560,,1,0,Active,exact,COc1ccc(Cn2nnc(Cn3nc(C)c4c(Cl)c(C(=O)Nc5ccc(C(F)(F)F)cc5)cnc43)c2C)cc1
CHEMBL2103855,GR,,4.523,0,1,Inactive,censored,Cc1ccn(-c2cc(Cl)ccc2[C@@H](Oc2cc(-c3ccc(C[C@H](N)C(=O)O)cc3)nc(N)n2)C(F)(F)F)n1
CHEMBL507674,GR,,4.523,0,1,Inactive,censored,CCN1CCN(C(=O)N[C@@H](C(=O)N[C@@H]2C(=O)N3C(C(=O)O)=C(CSc4nnnn4C)CS[C@H]23)c2ccc(O)cc2)C(=O)C1=O
CHEMBL1455,GR,,5.000,0,1,,censored,CN(C)c1nc(N(C)C)nc(N(C)C)n1
CHEMBL1085109,GR,,5.000,0,2,,censored,Cc1ccc(-c2ccc3c(cnn3-c3ccc(F)cc3)c2)cc1
CHEMBL569100,GR,6.780,,4,0,Active,exact,C[C@]12Cn3cnc(-c4ccc(F)cc4)c3C=C1CCC[C@@H]2[C@](C)(O)Cc1ccc(F)cc1
CHEMBL1086071,GR,,5.000,0,2,,censored,Fc1ccc(-n2ncc3cc(-c4ccc(C(F)(F)F)cc4)ccc32)cc1
CHEMBL5828578,GR,6.560,,1,0,Active,exact,Cc1ccc(-n2nc(C)c3c(Cl)c(C(=O)Nc4ccc(Cl)cc4)cnc32)cc1
CHEMBL93836,GR,,4.523,0,1,Inactive,censored,CCCC(CCC)C(N)=O
CHEMBL267648,GR,,4.523,0,1,Inactive,censored,CCn1cc(C(=O)O)c(=O)c2cc(F)c(N3CCN(C)CC3)cc21
CHEMBL3358939,GR,7.295,,2,0,Active,exact,CC(C)(CC(O)(Cc1cc2cc(N3CCOCC3)ncc2[nH]1)C(F)(F)F)c1cccc(C(N)=O)c1
CHEMBL4161175,GR,7.780,,1,0,Active,exact,COc1ccc([C@H]2C[C@@]3(C)[C@@H](CC[C@@]3(O)C#CC(C)(C)C)[C@@H]3CCC4=CC(=O)CCC4=C32)cc1
CHEMBL142703,GR,,4.523,0,1,Inactive,censored,N#C[C@@H]1CCCN1C(=O)CNC12CC3CC(CC(O)(C3)C1)C2
CHEMBL1447,GR,,5.000,0,1,,censored,CCC[C@@H]1C[C@@H](C(=O)N[C@@H]([C@H]2O[C@H](SC)[C@H](O)[C@@H](O)[C@H]2O)[C@@H](C)O)N(C)C1
CHEMBL395536,GR,,5.699,0,1,,censored,C=CCOC(C1=CC(C)(C)Nc2ccc(-c3ccccc3OC)cc21)c1ccccc1
CHEMBL5998782,GR,8.920,,1,0,Active,exact,CC(C)(O)c1ccc(-c2ccc3c(n2)Oc2ccccc2[C@@H]3C(C)(C)C(=O)NC(N)=O)cc1
CHEMBL255843,GR,8.590,,1,0,Active,exact,CN(C)C[C@]12Cc3cnn(-c4ccc(F)cc4)c3C=C1CCN(S(=O)(=O)c1ccc(F)cc1)C2
CHEMBL68965,GR,5.180,,1,0,,exact,Cc1ccc(N(Cc2ccccc2)Cc2ccccc2)c(C)c1NS(C)(=O)=O
CHEMBL1282,GR,,5.000,0,1,,censored,CC(C)Cn1cnc2c(N)nc3ccccc3c21
CHEMBL553441,GR,6.260,,1,0,Active,exact,C[C@H]1C[C@@H]2[C@H]3CCC4=CC(=O)C=C[C@@]4(C)[C@]3(F)[C@H](O)C[C@@]2(C)[C@]1(O)C(=O)NCCNC(=O)c1cc(NC(=O)c2cc(NC(=O)c3cc(NC(=O)c4nccn4C)cn3C)cn2C)cn1C
CHEMBL744,GR,,4.523,0,1,Inactive,censored,Nc1nc2ccc(OC(F)(F)F)cc2s1
CHEMBL1668078,GR,8.100,,1,0,Active,exact,Cc1cc(C)c(S(=O)(=O)N[C@@H](C)CNc2cc(C)cc3c2cnn3-c2cccc(NC3CC3)c2)c(C)c1
CHEMBL1094,GR,,5.000,0,1,,censored,NC(=O)OCC(COC(N)=O)c1ccccc1
CHEMBL1179047,GR,,4.523,0,1,Inactive,censored,CCN(CC)CCOC(=O)c1ccc(N)cc1Cl
CHEMBL5741900,GR,,5.301,0,1,,censored,COCCOc1ccc(NC(=O)c2cnc3c(ncn3C)c2Cl)cc1
CHEMBL5945511,GR,,5.301,0,1,,censored,Cc1nn(-c2ccccc2)c2ncc(C(=O)Nc3ccc(Cl)cc3)c(N(C)C)c12
CHEMBL2023243,GR,9.140,,1,0,Active,exact,C[C@]12Cc3cnn(-c4ccc(F)cc4)c3C=C1CC[C@@H]1[C@@H]2[C@@H](O)C[C@@]2(C)[C@H]1CC[C@]2(O)C(=O)CSc1ccc2ccccc2c1
CHEMBL3233269,GR,6.640,,1,1,Active,exact,COc1ccc(F)cc1C(C)(C)CC(C)(O)Cc1cc2ccncc2[nH]1
CHEMBL4167608,GR,7.580,,1,0,Active,exact,CC(C)C#C[C@]1(O)CC[C@H]2[C@@H]3CCC4=CC(=O)CCC4=C3[C@@H](c3ccc(N(C)C)cc3)C[C@@]21C
CHEMBL1684,GR,,5.000,0,1,,censored,NS(=O)(=O)c1cc2c(cc1C(F)(F)F)NC(Cc1ccccc1)NS2(=O)=O
CHEMBL5289101,GR,5.420,,3,0,,exact,O=C(c1ccco1)N1CCCc2cc(NS(=O)(=O)c3ccccc3)ccc21
CHEMBL434,GR,,4.523,0,1,Inactive,censored,CC(C)NCC(O)c1ccc(O)c(O)c1
CHEMBL5833599,GR,9.360,,1,0,Active,exact,CCC(=O)O[C@]1(C(=O)SCCCCCCCCCCP(=O)(O)O)[C@H](C)C[C@H]2[C@@H]3C[C@H](F)C4=CC(=O)C=C[C@]4(C)[C@@]3(F)[C@@H](O)C[C@@]21C
CHEMBL4101325,GR,9.085,,2,0,Active,exact,Cc1ccnc(C(=O)[C@]23Cc4cnn(-c5ccc(F)cc5)c4C=C2CCN(S(=O)(=O)c2cccc(C#N)c2)C3)c1
CHEMBL221545,GR,7.220,,1,0,Active,exact,CC#C[C@]1(O)CC[C@H]2[C@@H]3CCC4=CC(=O)CCC4=C3[C@@H](c3cc(OC)c(OC)c(OC)c3)C[C@@]21C
CHEMBL5851663,GR,,5.000,0,1,,censored,CC1(C)C(=O)N(c2cnc(C#N)c(C(F)(F)F)c2)C(=S)N1c1ccc(CNC(=O)c2ncccn2)c(Cl)c1
CHEMBL483095,GR,7.440,,1,0,Active,exact,C[C@@H]1C[C@H]2[C@@H]3CCC4=CC(=O)C=C[C@]4(C)[C@@]3(F)[C@@H](O)C[C@]2(C)[C@@]1(O)C(=O)CSCCC(N)=O
CHEMBL1668090,GR,7.500,,1,0,Active,exact,Cc1cc(NC[C@H](C)NS(=O)(=O)C2CC2)c2cnn(-c3cccc(C(=O)N(C)[C@H](C)C(N)=O)c3)c2c1
CHEMBL3582125,GR,7.370,,2,0,Active,exact,CC1(C)Nc2c(cc(-c3ccnc4ncccc34)c3c2CCC3)C(C)(C)C1=O
CHEMBL2103773,GR,4.960,,1,0,Inactive,exact,CCCCCCCCOc1ccccc1C(=O)Nc1ccc(C(=O)OCC[N+](C)(CC)CC)cc1.[Br-]
CHEMBL5875680,GR,8.440,,1,0,Active,exact,C[C@]12C=CC(=O)C=C1[C@@H](F)C[C@H]1[C@@H]3C[C@H]4O[C@@H](c5ccc(Oc6ccc(N)cc6)cc5)O[C@@]4(C(=O)CO)[C@@]3(C)C[C@H](O)[C@@]12F
CHEMBL2426109,GR,7.900,,6,0,Active,exact,CC(CNC(=O)CC(F)(F)F)[C@@H](c1ccccc1)c1ccc2c(cnn2-c2ccc(F)cc2)c1
CHEMBL940,GR,,4.523,0,1,Inactive,censored,NCC1(CC(=O)O)CCCCC1
CHEMBL1169,GR,,4.523,0,1,Inactive,censored,Nc1ccc(C(=O)O)c(O)c1
CHEMBL30,GR,,4.523,0,1,Inactive,censored,CN/C(=N\CCSCc1nc[nH]c1C)NC#N
CHEMBL5907685,GR,6.560,,1,0,Active,exact,CCN1CCC(n2ncc3c(Cl)c(C(=O)Nc4ccc(Cl)cc4)cnc32)CC1
CHEMBL247634,GR,7.350,,1,0,Active,exact,CC(C)(C)c1ccc(S(=O)(=O)N2CCC3=CC(=O)CCC3(Cc3ccc([N+](=O)[O-])cc3)C2)cc1
CHEMBL373841,GR,6.320,,1,0,Active,exact,CC#C[C@]1(O)CC[C@H]2[C@@H]3CCC4=CC(=O)CCC4=C3[C@@H](c3c(OC)cc(OC)cc3OC)C[C@@]21C
CHEMBL5983146,GR,7.490,,1,0,Active,exact,CC(C)NC(=O)NC(=O)C(C)(C)[C@@H]1c2ccc(-c3ccc(C(=O)N4CCOCC4)cc3)nc2Oc2c(F)cccc21
CHEMBL5752586,GR,6.560,,1,0,Active,exact,Cc1nn(C2CCN(Cc3ccccc3)CC2)c2ncc(C(=O)Nc3ccc(Cl)cc3)c(Cl)c12
CHEMBL310180,GR,8.220,,2,0,Active,exact,O=C1CC[C@@]2(Cc3ccccc3)c3ccc(O)cc3CC[C@@H]2C1
CHEMBL375838,GR,8.220,,1,0,Active,exact,CC(C)(CC(O)(Cn1ccc(=O)c2ccccc21)C(F)(F)F)c1ccccc1O
CHEMBL211331,GR,7.800,,1,0,Active,exact,Cc1noc(=O)c2ccc(NC(=O)C(O)(CC3CCCc4ccc(F)cc43)C(F)(F)F)cc12
CHEMBL3094469,GR,7.080,,1,1,Active,exact,CCC(Cc1ccccc1C)NS(=O)(=O)c1c(C)cc(C)cc1C
CHEMBL5912327,GR,6.560,,1,0,Active,exact,O=C(Nc1ccc(Cl)cc1)c1cnc2c(cnn2Cc2ccccn2)c1Cl
CHEMBL372181,GR,6.340,,1,0,Active,exact,CC(C)(CC(O)(C(=O)Nc1ccc2c(c1)COC2=O)c1ccccc1)c1ccccc1
CHEMBL181,GR,,5.000,0,1,,censored,CC1=Nc2ccc(Cl)cc2S(=O)(=O)N1
CHEMBL5866203,GR,,5.000,0,1,,censored,Cn1cncc1C(=O)NCc1ccc(N2C(=S)N(c3ccc(C#N)c(C(F)(F)F)c3)C(=O)C2(C)C)cc1F
CHEMBL508102,GR,,5.000,0,1,,censored,CCOC(=O)n1ccn(C)c1=S
CHEMBL836,GR,,4.523,0,1,Inactive,censored,CCOc1ccccc1OCCN[C@H](C)Cc1ccc(OC)c(S(N)(=O)=O)c1
CHEMBL1644759,GR,8.770,,4,0,Active,exact,Cc1cc(-c2cccc3cc[nH]c23)c(Cl)c2c1NC(C)(C)[C@H](O)[C@H]2C
CHEMBL1911645,GR,7.550,,1,0,Active,exact,CCc1cccc2[nH]c(CC(O)(CC(C)(C)c3cc(F)ccc3OC)C(F)(F)F)cc12
CHEMBL1208,GR,,5.000,0,1,,censored,CCn1nc(C(=O)O)c(=O)c2cc3c(cc21)OCO3
CHEMBL383890,GR,8.070,,1,0,Active,exact,Cc1noc(=O)c2ccc(NC(=O)C(O)(CC3(C4CCCCC4)CCCc4ccccc43)C(F)(F)F)cc12
CHEMBL500,GR,,5.000,0,1,,censored,CC(C)NCC(O)COc1cccc2[nH]ccc12
CHEMBL3358928,GR,8.260,,2,0,Active,exact,Cc1ccc(F)cc1C(C)(C)CC(O)(Cc1cc2cc(OC(C)C)ncc2[nH]1)C(F)(F)F
CHEMBL5614351,GR,6.270,,1,0,Active,exact,COCC[C@@]12CC[C@@]3(C)C[C@@H](O)CC3=C1CCc1cc(Nc3cccnc3C)ccc12
CHEMBL5986205,GR,8.580,,1,0,Active,exact,CN(C)C(=O)c1ccc(-c2ccc3c(n2)Oc2c(F)cccc2[C@@H]3C(C)(C)c2nc3nccnc3[nH]2)cc1
CHEMBL5858198,GR,,7.000,0,1,,censored,CN(C)c1c(F)cc([C@H]2C[C@@]3(C)[C@@H](CC[C@@]3(O)C#CC(F)(F)F)[C@@H]3CCC4=CC(=O)CCC4=C32)cc1F
CHEMBL53904,GR,,5.000,0,1,,censored,OCCN1CCN(CC/C=C2/c3ccccc3Sc3ccc(Cl)cc32)CC1
CHEMBL400609,GR,7.660,,1,0,Active,exact,COc1ccc(F)cc1C(C)(C)CC(O)(Cc1ccc(C#N)cc1F)C(F)(F)F
CHEMBL551944,GR,7.680,,1,0,Active,exact,C[C@H]1C[C@@H]2[C@H]3CCC4=CC(=O)C=C[C@@]4(C)[C@]3(F)[C@H](O)C[C@@]2(C)[C@]1(O)C(=O)CSCCNC(=S)NCCNC(=O)c1cc(NC(=O)c2cc(NC(=O)c3cc(NC(=O)c4cc(NC(=O)CCCNC(=O)c5cc(NC(=O)c6nccn6C)cn5C)cn4C)cn3C)cn2C)cn1C
CHEMBL5755681,GR,5.560,,1,0,,exact,C#Cc1ccc(NC(=O)c2cnc3c(c(C)nn3C3CCN(Cc4ccc(N=[N+]=[N-])cc4)CC3)c2Cl)cc1
CHEMBL161,GR,,4.523,0,1,Inactive,censored,CO/N=C(\C(=O)N[C@@H]1C(=O)N2C(C(=O)O)=C(CSc3nc(=O)c(O)nn3C)CS[C@H]12)c1csc(N)n1
CHEMBL247418,GR,5.900,,1,0,,exact,O=C1C=C2CCN(S(=O)(=O)c3ccc([N+](=O)[O-])cc3)CC2(Cc2ccccc2)CC1
CHEMBL93,GR,,4.523,0,1,Inactive,censored,CC(c1cc2ccccc2s1)N(O)C(N)=O
CHEMBL126075,GR,,4.523,0,1,Inactive,censored,COc1cc(C(=O)OCCCN2CCCN(CCCOC(=O)c3cc(OC)c(OC)c(OC)c3)CC2)cc(OC)c1OC
CHEMBL436859,GR,8.520,,1,0,Active,exact,C#C[C@]1(O)CC[C@H]2[C@@H]3CCC4=CC(=O)CCC4=C3[C@@H](c3ccc(N(C)C(=O)CC[C@H](NC(=O)CC[C@@H](C)[C@H]4CC[C@H]5[C@@H]6[C@H](O)C[C@@H]7C[C@H](O)CC[C@]7(C)[C@H]6C[C@H](O)[C@]45C)C(=O)O)cc3)C[C@@]21C
CHEMBL389546,GR,7.680,,3,0,Active,exact,CC#C[C@]1(O)CC[C@H]2[C@@H]3CCC4=CC(=O)CCC4=C3[C@@H](c3ccc(N(C)CC(=O)N(C)c4ccc(C(=O)O)cc4)cc3)C[C@@]21C
CHEMBL3666815,GR,8.760,,2,0,Active,exact,C[C@H](NC(=O)C(C)(F)F)[C@H](Oc1ccc2c(cnn2-c2cccc(C(=O)N[C@@H]3CCC[C@@H]3O)c2)c1)c1ccc2c(c1)OCOC2
CHEMBL2315002,GR,5.160,,2,0,,exact,CC[C@H]1OC(=O)[C@H](C)[C@@H](O[C@H]2C[C@@](C)(OC)[C@@H](O)[C@H](C)O2)[C@H](C)[C@@H](O[C@@H]2O[C@H](C)C[C@H](N(C)C)[C@H]2O)[C@](C)(O)C[C@@H](C)CN(CCCNC(=O)[C@@]2(O)[C@H](C)C[C@H]3[C@@H]4CCC5=CC(=O)C=C[C@]5(C)[C@@]4(F)[C@@H](O)C[C@@]32C)[C@H](C)[C@@H](O)[C@]1(C)O
CHEMBL1095227,GR,6.750,,1,0,Active,exact,OC(c1ccc(Cl)c(Cl)c1)(c1ccc2c(cnn2-c2ccc(F)cc2)c1)C(F)(F)F
CHEMBL492,GR,,4.523,0,1,Inactive,censored,CCCN(CC)C(CC)C(=O)Nc1c(C)cccc1C
CHEMBL3960682,GR,10.050,,1,0,Active,exact,Cc1nnc(C(=O)N[C@@H](C)[C@H](Oc2ccc3c(cnn3-c3ccc(F)cc3)c2)c2ccccc2)o1
CHEMBL1381098,GR,4.985,,2,0,Inactive,exact,S=C=Nc1cccc2ccccc12
CHEMBL1835832,GR,5.300,,1,0,,exact,CCN(CC)c1cc2oc(=O)ccc2cc1-c1cccs1
CHEMBL1009,GR,,4.523,0,1,Inactive,censored,N[C@@H](Cc1ccc(O)c(O)c1)C(=O)O
CHEMBL221686,GR,8.585,,2,0,Active,exact,CC#C[C@]1(O)CC[C@H]2[C@@H]3CCC4=CC(=O)CCC4=C3[C@@H](c3ccc(OC)cc3)C[C@@]21C
CHEMBL2103929,GR,,4.523,0,1,Inactive,censored,CN(C)[C@@H]1C(O)=C(C(=O)NCNCCCC[C@H](N)C(=O)O)C(=O)[C@@]2(O)C(O)=C3C(=O)c4c(O)cccc4[C@@](C)(O)[C@H]3C[C@@H]12
CHEMBL3706958,GR,8.370,,1,0,Active,exact,COc1c(O)ccc2c1-c1ccc3c(c1/C(=C/c1ccc(OC(F)(F)F)cc1)O2)C(C)=CC(C)(C)N3
CHEMBL122,GR,,4.523,0,1,Inactive,censored,CS(=O)(=O)c1ccc(C2=C(c3ccccc3)C(=O)OC2)cc1
CHEMBL1171837,GR,,4.523,0,1,Inactive,censored,Cc1ccc(C(=O)Nc2ccc(CN3CCN(C)CC3)c(C(F)(F)F)c2)cc1C#Cc1cnc2cccnn12
CHEMBL538939,GR,7.580,,1,0,Active,exact,C[C@H]1C[C@@H]2[C@H]3CCC4=CC(=O)C=C[C@@]4(C)[C@]3(F)[C@H](O)C[C@@]2(C)[C@]1(O)C(=O)CSCCNC(=S)NCCNC(=O)c1cc(NC(=O)c2cc(NC(=O)c3cc(NC(=O)c4nccn4C)cn3C)cn2C)cn1C
CHEMBL236947,GR,8.265,,2,0,Active,exact,CC1(CC(O)(CNC(=O)c2cnn(-c3ccccc3)c2N)C(F)(F)F)CCCc2ccccc21
CHEMBL403172,GR,9.000,,1,0,Active,exact,COC[C@]12Cc3cnn(-c4ccc(F)cc4)c3C=C1CCN(S(=O)(=O)c1ccccc1)C2
CHEMBL137103,GR,6.595,,2,0,Active,exact,CC1=CC(C)(C)Nc2ccc3c(c21)/C(=C/c1cc(F)ccc1F)Oc1ccccc1-3
CHEMBL3263766,GR,,5.000,0,1,,censored,COc1nc(C2=NN(c3ccc(C#N)c(C)c3)[C@@H](C3CCCC3)C2)ccc1C(=O)NS(C)(=O)=O
CHEMBL5794258,GR,6.560,,1,0,Active,exact,O=C(Nc1ccc(C(F)(F)F)cc1)c1cnc2c(cnn2C2CCN(Cc3ccccc3)CC2)c1Cl
CHEMBL325109,GR,,4.523,0,1,Inactive,censored,COc1cc(N)c(Cl)cc1C(=O)NC1CCN(Cc2ccccc2)CC1
CHEMBL1626,GR,,4.523,0,1,Inactive,censored,CN1CCC[C@@H]1CCO[C@](C)(c1ccccc1)c1ccc(Cl)cc1
CHEMBL4204466,GR,8.600,,3,0,Active,exact,C[C@H](NC(=O)C(F)(F)F)[C@H](Oc1ccc(C#N)cc1Br)c1cnc(C2CC2)nc1
CHEMBL5591842,GR,7.110,,1,0,Active,exact,CCN(C[C@@](O)(CNC(=O)c1cnn(-c2ccc(F)cc2)c1N)C(F)(F)F)C(=O)c1ccccc1
CHEMBL1373,GR,,4.523,0,1,Inactive,censored,NC(=O)C[S+]([O-])C(c1ccccc1)c1ccccc1
CHEMBL3828718,GR,,4.602,0,1,Inactive,censored,COC(=O)N(CC(=O)O)Cc1cc(OCc2nc(-c3ccc(Cl)cc3)oc2C)ccc1F
CHEMBL498,GR,,4.523,0,1,Inactive,censored,CCCNC(=O)NS(=O)(=O)c1ccc(Cl)cc1
CHEMBL1238,GR,,5.000,0,1,,censored,O=C(O)CCCCCCCC(=O)O
CHEMBL102754,GR,7.410,,1,0,Active,exact,CC1=CC(C)(C)Nc2ccc3c(c21)C(c1ccc(Cl)c(F)c1)Oc1ccccc1-3
CHEMBL1645398,GR,7.600,,1,0,Active,exact,COc1ncccc1-c1ccc([C@@H](C)NS(=O)(=O)c2c(C)noc2C)cc1
CHEMBL54,GR,,4.523,0,1,Inactive,censored,O=C(CCCN1CCC(O)(c2ccc(Cl)cc2)CC1)c1ccc(F)cc1
CHEMBL304019,GR,8.000,,1,0,Active,exact,COc1cccc2c1-c1ccc(NS(C)(=O)=O)cc1C(c1ccc(Cl)cc1)O2
CHEMBL3358934,GR,7.585,,2,0,Active,exact,CC(C)(CC(O)(Cc1cc2cc(N3CCOCC3)ncc2[nH]1)C(F)(F)F)c1ccc(F)cc1
CHEMBL3352882,GR,8.060,,2,0,Active,exact,CC(C)(CC(O)(Cc1cc2cc(N3CCOCC3)ncc2[nH]1)C(F)(F)F)c1ccccc1C(N)=O
CHEMBL5282626,GR,6.080,,4,0,Active,exact,COc1cc(C)c(Cl)cc1S(=O)(=O)Nc1ccc2c(c1)CCCN2C(=O)C1CC1
CHEMBL5870344,GR,6.560,,1,0,Active,exact,Cc1nn(C2CCNCC2)c2ncc(C(=O)Nc3ccc(Cl)cc3)c(Cl)c12
CHEMBL814,GR,,5.000,0,1,,censored,COCCCC/C(=N\OCCN)c1ccc(C(F)(F)F)cc1
CHEMBL3666817,GR,9.000,,2,0,Active,exact,C[C@H](NC(=O)C(C)(F)F)[C@H](Oc1ccc2c(cnn2-c2cccc(C(=O)NCc3ccccc3)c2)c1)c1ccc2c(c1)OCOC2
CHEMBL294951,GR,,4.523,0,1,Inactive,censored,CN1CCC(=C2c3ccccc3CCc3sccc32)CC1
CHEMBL186254,GR,5.740,,1,0,,exact,CCCCCCCCCC[C@H]1C[C@@]2(C)C(CC[C@@H]2O)C2CCC3=CC(=O)CCC3=C21
CHEMBL363137,GR,7.450,,4,0,Active,exact,CC(C)(CC(O)(CC1CCCCC1)C(=O)Nc1ccc2c(c1)COC2=O)c1ccccc1
CHEMBL5773792,GR,6.560,,1,0,Active,exact,Cc1nn(-c2ccccc2)c2ncc(C(=O)NCc3ccc(Cl)cc3)c(Cl)c12
CHEMBL1672540,GR,7.300,,1,0,Active,exact,COc1ccc(C(c2ccccc2)c2c[nH]c3ccccc23)cc1
CHEMBL197595,GR,,4.000,0,1,Inactive,censored,C[C@@H]1CN(c2ccc(C#N)c(C(F)(F)F)c2)[C@@H](C)CN1C(=O)Nc1ccc(C(F)(F)F)nc1
CHEMBL6048901,GR,5.560,,1,0,,exact,Cc1nn(C)c2ncc(C(=O)NC3CCCC3)c(Cl)c12
CHEMBL5811492,GR,8.150,,1,0,Active,exact,CC(=O)NC(=O)C(C)(C)[C@H]1c2ccccc2Oc2nc(-c3ccc(C(=O)N4CCOCC4)cc3)ccc21
CHEMBL142635,GR,5.050,,1,0,,exact,COc1ccccc1N1CCN(CC(O)COc2cccc3ccccc23)CC1
CHEMBL3261175,GR,6.230,,2,0,Active,exact,Cc1cc(C)c(S(=O)(=O)N[C@@H](C)CNc2cccc3nc(C)ccc23)c(C)c1
CHEMBL5882951,GR,6.560,,1,0,Active,exact,O=C(Nc1ccc(Cl)cc1)c1cnc2c(cnn2Cc2ccncc2)c1Cl
CHEMBL1086086,GR,7.800,,1,1,Active,exact,O=S(=O)(NCCO)c1ccc(-c2ccc3c(cnn3-c3ccc(F)cc3)c2)c(C(F)(F)F)c1
CHEMBL3358932,GR,7.935,,2,0,Active,exact,CC(C)(CC(O)(Cc1cc2cc(N3CCOCC3)ncc2[nH]1)C(F)(F)F)c1ccccc1
CHEMBL1059,GR,,4.523,0,1,Inactive,censored,CC(C)C[C@H](CN)CC(=O)O
CHEMBL450943,GR,6.900,,1,0,Active,exact,Cc1noc(=O)c2ccc(NC(=O)C(O)(CC3CCCc4cc([N+](=O)[O-])ccc43)C(F)(F)F)cc12
CHEMBL3666816,GR,8.405,,4,0,Active,exact,C[C@H](NC(=O)C(C)(F)F)[C@H](Oc1ccc2c(cnn2-c2cccc(C(=O)N[C@H]3CC[S+]([O-])C3)c2)c1)c1ccc2c(c1)OCOC2
CHEMBL442803,GR,9.220,,1,0,Active,exact,COCCOC[C@]12Cc3cnn(-c4ccc(F)cc4)c3C=C1CCN(S(=O)(=O)c1ccc(F)cc1)C2
CHEMBL4084014,GR,8.770,,2,0,Active,exact,Cc1cnc(C(=O)[C@]23Cc4cnn(-c5ccc(F)cc5)c4C=C2CCN(S(=O)(=O)c2cccc(C(F)(F)F)c2)C3)s1
CHEMBL2426628,GR,7.695,,2,0,Active,exact,Cc1csc(NC(=O)C(C)(C)C(c2ccccc2)c2ccc3c(cnn3-c3ccc(F)cc3)c2)n1
CHEMBL565320,GR,7.240,,3,1,Active,exact,C=CC[C@@](C)(O)[C@H]1CCCC2=Cc3c(-c4ccc(F)cc4)ncn3C[C@@]21C
CHEMBL1451,GR,7.580,,3,0,Active,exact,C[C@]12C=CC(=O)C=C1CC[C@H]1[C@@H]3C[C@@H](O)[C@](O)(C(=O)CO)[C@@]3(C)C[C@H](O)[C@@]12F
CHEMBL4463035,GR,6.900,,1,0,Active,exact,CNC(=O)C[C@H]1COc2cc(F)c(CC(C)C)cc2N1C(=O)c1ccnc(NC(N)=O)c1
CHEMBL5886607,GR,8.180,,1,0,Active,exact,C[C@]12C=CC(=O)C=C1CC[C@@H]1[C@@H]2[C@@H](O)C[C@@]2(C)[C@H]1C[C@H]1O[C@@H](c3ccc(Oc4ccc(N)cc4)cc3)O[C@]12C(=O)CO
CHEMBL2147562,GR,8.700,,1,0,Active,exact,C[C@]12Cc3cnn(-c4ccc(F)cc4)c3C=C1CC[C@@]2(O)CCc1ccccc1C(N)=O
CHEMBL1624,GR,,4.523,0,1,Inactive,censored,N[C@@H](Cc1cc(I)c(Oc2cc(I)c(O)c(I)c2)c(I)c1)C(=O)O
CHEMBL5611932,GR,6.180,,1,0,Active,exact,Cc1cnc(Nc2ccc3c(c2)CCC2=C4C[C@@H](O)C[C@]4(C)CC[C@]23Cc2ccccc2)c(C)n1
CHEMBL5868000,GR,8.330,,1,0,Active,exact,CC(C)(C(=O)NC(N)=O)[C@H]1c2ccccc2Oc2nc(-c3ccncc3)ccc21
CHEMBL3120323,GR,,7.000,0,1,,censored,CS(=O)(=O)Nc1ccc(C=C2c3ccccc3CCc3ccccc32)cc1
CHEMBL231802,GR,5.800,,1,0,,exact,CCCc1ccc(S(=O)(=O)NC(C)Cc2c[nH]c3ccccc23)cc1
CHEMBL234988,GR,8.345,,2,0,Active,exact,Nc1c(C(=O)NCC(O)(CC2(c3cc(F)ccc3Cl)CCC2)C(F)(F)F)cnn1-c1ccccc1
CHEMBL5787236,GR,6.560,,1,0,Active,exact,CC(C)N1CCC(n2ncc3c(Cl)c(C(=O)Nc4ccc(C(F)(F)F)cc4)cnc32)CC1
CHEMBL192,GR,,4.523,0,1,Inactive,censored,CCCc1nn(C)c2c(=O)[nH]c(-c3cc(S(=O)(=O)N4CCN(C)CC4)ccc3OCC)nc12
CHEMBL1095542,GR,5.000,,1,0,,exact,OC(c1ccc(F)cc1)c1ccc2c(cnn2-c2ccc(F)cc2)c1
CHEMBL976,GR,,5.000,0,1,,censored,O=C(C1CCCCC1)N1CC(=O)N2CCc3ccccc3C2C1
CHEMBL513301,GR,,4.523,0,1,Inactive,censored,COc1cc2c(N)nc(N3CCN(C(=O)OCC(C)(C)O)CC3)nc2c(OC)c1OC
CHEMBL414449,GR,8.190,,1,0,Active,exact,CCC[C@@H]1O[C@@H]2CC3C4C[C@H](F)C5=CC(=O)CC[C@]5(C)[C@@]4(F)[C@@H](O)C[C@]3(C)[C@]2(S[C@@H]2CCOC2=O)O1
CHEMBL1094231,GR,7.120,,2,0,Active,exact,OC(c1ccc(F)c(Cl)c1)(c1ccc2c(cnn2-c2ccc(F)cc2)c1)C(F)(F)F
CHEMBL5943348,GR,8.450,,1,0,Active,exact,CC(C)S(=O)(=O)c1ccc(-c2ccc3c(n2)Oc2c(F)cccc2[C@@H]3C(C)(C)C(=O)NC(N)=O)cc1
CHEMBL5894309,GR,6.560,,1,0,Active,exact,Cc1nn(C2CCCC2)c2ncc(C(=O)Nc3ccc(C(F)(F)F)cc3)c(Cl)c12
CHEMBL1928875,GR,,5.000,0,1,,censored,O=C1COc2ccc(C3=Nn4cnnc4SC3c3cccc(F)c3)cc2N1
CHEMBL204112,GR,,5.699,0,1,,censored,COc1ccccc1-c1ccc2c(c1)C(CSC(C)=O)=CC(C)(C)N2
CHEMBL2426126,GR,6.860,,3,1,Active,exact,CC(C)(C)CC(=O)NCC(C)(C)[C@@H](c1ccccc1)c1ccc2c(cnn2-c2ccc(F)cc2)c1
CHEMBL50588,GR,,4.523,0,1,Inactive,censored,CC[C@H]1CN2CCc3cc(OC)c(OC)cc3[C@@H]2C[C@@H]1C[C@H]1NCCc2cc(OC)c(OC)cc21
CHEMBL1800980,GR,8.240,,1,3,Active,exact,COc1ccc(C(c2ccccc2)C(C)(C)C(=O)Nc2nccs2)cc1
CHEMBL449,GR,,4.523,0,1,Inactive,censored,CCC(C)C1(CC)C(=O)NC(=O)NC1=O
CHEMBL1521,GR,,4.523,0,1,Inactive,censored,CCN(C(C)=O)c1cccc(-c2ccnc3c(C#N)cnn23)c1
CHEMBL2024027,GR,7.540,,1,0,Active,exact,C[C@]12CCC(=O)C=C1CC[C@@H]1[C@@H]2[C@@H](O)C[C@@]2(C)[C@H]1CC[C@]2(O)C(=O)CSc1nnc(-c2ccccc2)o1
CHEMBL6002046,GR,6.560,,1,0,Active,exact,Cc1[nH]nnc1Cn1nc(C)c2c(Cl)c(C(=O)Nc3ccc(Cl)cc3)cnc21
CHEMBL5984859,GR,,5.301,0,1,,censored,Cc1cn(C)c2ncc(C(=O)Nc3ccc(Cl)cc3)cc12
CHEMBL28333,GR,,4.523,0,1,Inactive,censored,CN1CCN=C(c2ccccc2)c2cc(Cl)ccc21
CHEMBL5747337,GR,5.560,,1,0,,exact,CCOc1ccc(NC(=O)c2cnc3c(c(C)nn3-c3ccc(F)cc3)c2Cl)cc1
CHEMBL193798,GR,8.000,,1,0,Active,exact,C[C@]12Cc3cnn(-c4ccc(F)cc4)c3C=C1CCCC21O[C@H](c2ccccc2)[C@@H](c2ccccc2)O1
CHEMBL469944,GR,7.425,,2,0,Active,exact,CC[C@@]12C[C@H](O)[C@H](c3ccccc3)C[C@H]1CCc1cc(O)ccc12
CHEMBL415,GR,,4.523,0,1,Inactive,censored,CN(C)CCCN1c2ccccc2CCc2ccc(Cl)cc21
CHEMBL6061101,GR,6.560,,1,0,Active,exact,Cc1nn(Cc2nccn2C)c2ncc(C(=O)Nc3ccc(Cl)cc3)c(Cl)c12
CHEMBL1605,GR,,4.523,0,1,Inactive,censored,Nc1nc(/C(=C/CC(=O)O)C(=O)N[C@@H]2C(=O)N3C(C(=O)O)=CCS[C@H]23)cs1
CHEMBL4755015,GR,8.050,,1,0,Active,exact,Cc1ccc([C@@H](Oc2ccc(C(=O)NC3CCCCC3)nc2)[C@H](C)NC(=O)C(F)(F)F)cc1
CHEMBL51,GR,,4.523,0,1,Inactive,censored,O=C(c1ccc(F)cc1)C1CCN(CCn2c(=O)[nH]c3ccccc3c2=O)CC1
CHEMBL439386,GR,7.320,,3,0,Active,exact,C[C@]12Cc3cnn(-c4ccc(F)cc4)c3C=C1CC[C@@H]2[C@@H](O)c1cccc2ccccc12
CHEMBL273143,GR,7.920,,1,0,Active,exact,CC(C)(C)c1ccc(S(=O)(=O)N2CCC3=Cc4c(cnn4-c4ccc(F)cc4)C[C@]3(COCCN3CCCC3)C2)cc1
CHEMBL5276268,GR,5.535,,2,1,,exact,O=C(c1ccco1)N1CCCc2cc(NS(=O)(=O)c3ccc(C(F)(F)F)cc3)ccc21
CHEMBL501474,GR,7.910,,1,0,Active,exact,C[C@H]1C[C@H]2[C@@H]3CCC4=CC(=O)C=C[C@]4(C)[C@@]3(F)[C@@H](O)C[C@]2(C)[C@@]1(OC(=O)NCCC(C)(C)C)C(=O)CO
CHEMBL1940693,GR,7.630,,1,0,Active,exact,C[C@@H]1C[C@H]2[C@@H]3CCC4=CC(=O)C=C[C@]4(C)[C@H]3[C@@H](O)C[C@]2(C)[C@@]1(O)C(=O)CSc1ncnc2ccccc12
CHEMBL219016,GR,6.900,,1,0,Active,exact,Cc1ccc(F)cc1C(C)(C)CC(O)(Cn1cc(C)c(=O)c(C)c1)C(F)(F)F
CHEMBL2040682,GR,7.660,,3,0,Active,exact,CC(C)C(=O)OCC(=O)[C@@]12O[C@H](C3CCCCC3)O[C@@H]1C[C@H]1[C@@H]3CCC4=CC(=O)C=C[C@]4(C)[C@H]3[C@@H](O)C[C@@]12C
CHEMBL140336,GR,8.430,,1,0,Active,exact,CCCCC1Oc2cccc(OC)c2-c2ccc3c(c21)C(C)=CC(C)(C)N3
CHEMBL13,GR,4.830,,1,0,Inactive,exact,COCCc1ccc(OCC(O)CNC(C)C)cc1
CHEMBL5896461,GR,6.560,,1,0,Active,exact,Cc1nn(C2CC2)c2ncc(C(=O)Nc3ccc(Cl)cc3)c(Cl)c12
CHEMBL556536,GR,6.080,,1,0,Active,exact,C[C@H]1C[C@@H]2[C@H]3CCC4=CC(=O)C=C[C@@]4(C)[C@]3(F)[C@H](O)C[C@@]2(C)[C@]1(O)C(=O)NCCNC(=O)c1cc(NC(=O)c2cc(NC(=O)c3cc(NC(=O)c4cc(NC(=O)CCCNC(=O)c5cc(NC(=O)c6cc(NC(=O)c7cc(NC(=O)c8nccn8C)cn7C)cn6C)cn5C)cn4C)cn3C)cn2C)cn1C
CHEMBL4064352,GR,7.400,,3,0,Active,exact,Cc1ncc2c(N[C@H]3c4ccc(F)c(O)c4C(C)(C)C[C@]3(O)C(F)(F)F)cc(F)cc2n1
CHEMBL4534388,GR,7.050,,1,0,Active,exact,O[C@@]1(Cc2ccccc2)CCCCC[C@@]12C=Cc1c(cnn1-c1ccc(F)cc1)C2
CHEMBL5269021,GR,5.650,,3,0,,exact,COc1cc(C)c(Cl)cc1S(=O)(=O)Nc1ccc2c(c1)CCCN2C(=O)c1ccc(C(F)(F)F)cc1
CHEMBL6050345,GR,6.560,,1,0,Active,exact,CC(C)c1ccc(NC(=O)c2cnc3c(cnn3C3CCN(C(=O)OC(C)(C)C)CC3)c2Cl)cc1
CHEMBL226609,GR,,5.000,0,1,,censored,O=c1cc(C(F)(F)F)c2cc3c(cc2[nH]1)OCC1CCCCN31
CHEMBL1017,GR,,4.523,0,1,Inactive,censored,CCCc1nc2c(C)cc(-c3nc4ccccc4n3C)cc2n1Cc1ccc(-c2ccccc2C(=O)O)cc1
CHEMBL365795,GR,,5.000,0,1,,censored,CC(C(=O)O)c1ccc(C(=O)c2ccccc2)s1
CHEMBL6966,GR,,4.523,0,1,Inactive,censored,COc1ccc(CCN(C)CCCC(C#N)(c2ccc(OC)c(OC)c2)C(C)C)cc1OC
CHEMBL195723,GR,8.100,,2,0,Active,exact,C=C[C@H]1OC2(CCC3=Cc4c(cnn4-c4ccc(F)cc4)C[C@@]32C)O[C@@H]1C=C
CHEMBL185264,GR,8.410,,1,0,Active,exact,Cc1c(NS(C)(=O)=O)cccc1N(Cc1ccccc1)Cc1ccc(Oc2ccc(OCCCC(=O)NCCCC(=O)O)cc2)cc1
CHEMBL402284,GR,7.920,,1,0,Active,exact,CCCCS(=O)(=O)N1CCC2=Cc3c(cnn3-c3ccc(F)cc3)CC2(Cc2ccc(F)cc2)C1
CHEMBL1762211,GR,7.850,,3,0,Active,exact,CO/N=C1/c2c(cc(F)c(-c3cccc4c(Cl)c[nH]c34)c2F)NC(C)(C)C1O
CHEMBL2022859,GR,8.120,,1,0,Active,exact,C[C@]12Cc3cnn(-c4ccccc4)c3C=C1CC[C@@H]1[C@@H]2[C@@H](O)C[C@@]2(C)[C@H]1CC[C@]2(O)C(=O)CSc1nc2ccccc2s1
CHEMBL2087289,GR,8.350,,1,0,Active,exact,O=C(O)Cc1cc(Br)c(N(Cc2ccc(Oc3ccc(F)cc3F)cc2)Cc2cc(F)cc(F)c2)c(Br)c1
CHEMBL2106589,GR,,4.523,0,1,Inactive,censored,CCCCCCCCCCCCCCCCCCCCCC(=O)Nc1ccn([C@@H]2O[C@H](CO)[C@@H](O)[C@@H]2O)c(=O)n1
CHEMBL5771671,GR,5.560,,1,0,,exact,Cc1nn(Cc2ccc(C(F)(F)F)nc2)c2ncc(C(=O)Nc3ccc(Cl)cc3)c(Cl)c12
CHEMBL826,GR,,4.523,0,1,Inactive,censored,CCn1cc(C(=O)O)c(=O)c2cc(F)c(N3CCNCC3)nc21
CHEMBL4562338,GR,7.280,,1,0,Active,exact,CC#C[C@]1(O)CC[C@H]2[C@@H]3CCC4=CC(=O)CC[C@]4(C)[C@H]3[C@@H](c3ccc(N(C)CCOC)cc3)C[C@@]21C
CHEMBL190109,GR,8.590,,1,0,Active,exact,Cc1c(NS(C)(=O)=O)cccc1N(Cc1ccc(Oc2ccc(Cl)c(OCC(=O)O)c2)cc1)Cc1ccc(F)cc1F
CHEMBL1200604,GR,,5.000,0,1,,censored,CCN(Cc1ccncc1)C(=O)C(CO)c1ccccc1
CHEMBL1571,GR,,5.000,0,1,,censored,C[C@]12C=CC(=O)C=C1CC[C@@H]1[C@@H]2CC[C@]2(C)OC(=O)CC[C@@H]12
CHEMBL5846963,GR,5.560,,1,0,,exact,Cc1nn(C)c2ncc(C(=O)Nc3ccc(OC(C)C)cc3)c(Cl)c12
CHEMBL922,GR,,4.523,0,1,Inactive,censored,CC(C)(C)C(=O)OCOP(=O)(COCCn1cnc2c(N)ncnc21)OCOC(=O)C(C)(C)C
CHEMBL550,GR,,4.523,0,1,Inactive,censored,CC[C@@H]1C(=O)OC[C@@H]1Cc1cncn1C
CHEMBL1200515,GR,,4.523,0,1,Inactive,censored,COC(=O)[C@H]1[C@H]2C[C@@H]3c4[nH]c5ccccc5c4CCN3C[C@H]2C[C@@H](OC(=O)c2cc(OC)c(OC)c(OC)c2)[C@@H]1OC
CHEMBL384975,GR,9.520,,1,0,Active,exact,C#C[C@]1(O)CC[C@H]2[C@@H]3CCC4=CC(=O)CCC4=C3[C@@H](c3ccc(N(C)CCNC(=O)N(C)C4CC[C@@]5(C)[C@@H](C4)C[C@@H](O)[C@@H]4[C@@H]5C[C@H](O)[C@]5(C)[C@@H]([C@H](C)CCC(=O)O)CC[C@@H]45)cc3)C[C@@]21C
CHEMBL84158,GR,,4.523,0,1,Inactive,censored,CCN(CC)CCNC(=O)c1cc(S(C)(=O)=O)ccc1OC
CHEMBL43,GR,,4.523,0,1,Inactive,censored,COc1cc(NS(C)(=O)=O)ccc1Nc1c2ccccc2nc2ccccc12
CHEMBL6056784,GR,6.560,,1,0,Active,exact,CC(=O)N1CCC(Cn2nc(C)c3c(Cl)c(C(=O)Nc4ccc(Cl)cc4)cnc32)CC1
CHEMBL3358937,GR,8.350,,2,0,Active,exact,CC(C)(CC(O)(Cc1cc2cc(N3CCOCC3)ncc2[nH]1)C(F)(F)F)c1ccccc1S(C)(=O)=O
CHEMBL3263757,GR,,5.000,0,1,,censored,CCOc1nc(C2=NN(c3ccc(C#N)c(C)c3)[C@@H](C3CCCC3)C2)ccc1C(=O)O
CHEMBL416956,GR,,4.523,0,3,Inactive,censored,OC(c1cc(C(F)(F)F)nc2c(C(F)(F)F)cccc12)C1CCCCN1
CHEMBL3315066,GR,9.010,,4,0,Active,exact,CC(C)(C(=O)NC(N)=O)[C@@H]1c2ccc(-c3ccc(C(=O)N4CC[C@H](F)C4)cc3)nc2Oc2c(F)cccc21
CHEMBL212059,GR,7.840,,1,0,Active,exact,Cc1noc(=O)c2ccc(NC(=O)C(O)(CC3(c4ccccc4)CCCc4ccccc43)C(F)(F)F)cc12
CHEMBL1215331,GR,,5.000,0,1,,censored,N#Cc1ccc(N2N=C3c4ccc(C(=O)O)cc4CC[C@@H]3[C@@H]2C2CCCC2)cc1Cl
CHEMBL5812045,GR,5.560,,1,0,,exact,C#Cc1ccc(CN2CCC(n3nc(C)c4c(Cl)c(C(=O)Nc5ccc(C(=O)c6ccccc6)cc5)cnc43)CC2)cc1
CHEMBL959,GR,,5.000,0,1,,censored,CC(N)C12CC3CC(CC(C3)C1)C2
CHEMBL5832601,GR,,5.301,0,1,,censored,O=C(Nc1ccc(Cl)cc1)c1cnc2c(ncn2Cc2ccccc2)c1Cl
CHEMBL1729803,GR,,4.523,0,1,Inactive,censored,CCN(CC)CCn1c(=O)c(Cc2ccc(OC)cc2)nc2ccccc21
CHEMBL1472830,GR,,4.523,0,1,Inactive,censored,CS(=O)(=O)NC(=O)CCC/C=C\C[C@H]1C(=O)C[C@@H](O)[C@@H]1/C=C/[C@@H](O)COc1ccccc1
CHEMBL397005,GR,,5.699,0,1,,censored,Cc1cc(C)c(S(=O)(=O)NCCc2c[nH]c3ccccc23)c(C)c1
CHEMBL38380,GR,,4.523,0,1,Inactive,censored,O=S(=O)(c1cccc2cnccc12)N1CCCNCC1
CHEMBL768,GR,,4.523,0,1,Inactive,censored,COC(=O)CCc1ccc(OCC(O)CNC(C)C)cc1
CHEMBL1255079,GR,6.160,,1,1,Active,exact,COc1ccc(F)cc1C(C)(C)CC(O)(Cc1cc2ccccn2n1)C(F)(F)F
CHEMBL7817,GR,8.390,,1,0,Active,exact,C=CCC1Oc2c(Br)ccc(OC)c2-c2ccc3c(c21)C(C)=CC(C)(C)N3
CHEMBL255863,GR,,4.523,0,1,Inactive,censored,Cc1cn(-c2cc(NC(=O)c3ccc(C)c(Nc4nccc(-c5cccnc5)n4)c3)cc(C(F)(F)F)c2)cn1
CHEMBL569290,GR,7.000,,4,0,Active,exact,C[C@]12Cn3cnc(-c4ccc(F)cc4)c3C=C1CCC[C@@H]2[C@](C)(O)c1nccs1
CHEMBL1200666,GR,,4.523,0,1,Inactive,censored,C=C1/C(=C\C=C2/CCC[C@]3(C)[C@@H]([C@H](C)/C=C/[C@@H](O)C4CC4)CC[C@@H]23)C[C@@H](O)C[C@@H]1O
CHEMBL230461,GR,6.440,,1,0,Active,exact,Cn1c(=O)[nH]c(N2CCC(O)(Cc3ccccc3)CC2)c(Cc2ccccc2)c1=O
CHEMBL312627,GR,7.110,,1,0,Active,exact,CC(C)(C)[C@H](O)[C@H]1CCCC2=Cc3c(cnn3-c3ccc(F)cc3)C[C@@]21C
CHEMBL388590,GR,4.960,,1,0,Inactive,exact,CCc1oc2ccccc2c1C(=O)c1cc(Br)c(O)c(Br)c1
CHEMBL1911270,GR,7.480,,11,0,Active,exact,CN(C)C(=O)c1ccc(-c2ccc3c(n2)Oc2ccccc2[C@@H]3C(C)(C)C(=O)Nc2nncs2)cc1
CHEMBL838,GR,,4.523,0,1,Inactive,censored,CCOC(=O)[C@H](CCc1ccccc1)N[C@H]1CCc2ccccc2N(CC(=O)O)C1=O
CHEMBL646,GR,,4.523,0,1,Inactive,censored,Cc1nnc2n1-c1ccc(Cl)cc1C(c1ccccc1Cl)=NC2
CHEMBL5972389,GR,7.890,,2,0,Active,exact,C[C@]12C=CC(=O)C=C1[C@@H](F)C[C@H]1[C@@H]3C[C@H]4O[C@@H](c5ccc(Cc6cccc(N)c6)cc5)O[C@@]4(C(=O)CO)[C@@]3(C)C[C@H](O)[C@@]12F
CHEMBL64095,GR,7.200,,1,0,Active,exact,COc1cccc2c1-c1ccc(NS(C)(=O)=O)cc1C(c1ccc(Oc3ccccc3)cc1)O2
CHEMBL196051,GR,6.800,,2,0,Active,exact,CC(C)(CC(O)(Cc1ccccc1)C(=O)Nc1ccc2c(c1)COC2=O)c1cc(F)ccc1O
CHEMBL3126938,GR,8.060,,2,0,Active,exact,Cc1ccc(F)cc1C(C)(C)CC(O)(Cc1cc2nc(N3CCOCC3)ncc2[nH]1)C(F)(F)F
CHEMBL5575317,GR,7.890,,1,0,Active,exact,CCN(C[C@@](O)(CNC(=O)c1cnn(-c2ccc(F)cc2)c1N)C(F)(F)F)C(=O)c1ccccc1Cl
CHEMBL5888880,GR,8.630,,1,0,Active,exact,CCS(=O)(=O)c1ccc(-c2ccc3c(n2)Oc2c(F)cccc2[C@@H]3C(C)(C)c2nc3nccnc3[nH]2)cc1
CHEMBL3120315,GR,,7.000,0,1,,censored,CNS(=O)(=O)c1cccc(C=C2c3ccccc3CCc3ccccc32)c1
CHEMBL5904445,GR,7.800,,1,0,Active,exact,CC(C)(c1nc2nccnc2[nH]1)[C@@H]1c2ccc(-c3ccc(N4CCOCC4)cc3)nc2Oc2c(F)cccc21
CHEMBL1684341,GR,7.920,,3,0,Active,exact,CNC(=O)O[C@@H]1[C@@H](C)c2c(cc(F)c(-c3cccc4c(Cl)c[nH]c34)c2F)NC1(C)C
CHEMBL363200,GR,8.150,,1,0,Active,exact,Cc1noc(=O)c2ccc(NC(=O)C(O)(Cc3ccccc3)CC(C)(C)c3ccccc3)cc12
CHEMBL13280,GR,,4.523,0,1,Inactive,censored,CN1C(=O)CN=C(c2ccccc2F)c2cc([N+](=O)[O-])ccc21
CHEMBL2105420,GR,,5.000,0,1,,censored,O=S1(=O)CCN(CN2CCS(=O)(=O)NC2)CN1
CHEMBL1095097,GR,4.805,,4,2,Inactive,exact,COC(=O)[C@@H]1CC2=CC(=O)CC[C@]2(C)[C@@]23O[C@@H]2C[C@@]2(C)[C@@H](CC[C@@]24CCC(=O)O4)[C@H]13
CHEMBL2087297,GR,5.800,,1,0,,exact,COc1ccc(Oc2ccc(CN(Cc3cc(F)cc(F)c3)c3c(Br)cc(CC(=O)O)cc3Br)cc2)c(OC)c1
CHEMBL457242,GR,6.440,,1,0,Active,exact,CC#C[C@]1(O)C[C@H]2CCc3cc(O)ccc3[C@]2(CC)[C@H](O)C1
CHEMBL247234,GR,8.400,,2,0,Active,exact,CC(C)(C)c1ccc(S(=O)(=O)N2CCC3=CC(=O)CC[C@]3(Cc3ccccc3)C2)cc1
CHEMBL2204047,GR,8.300,,1,0,Active,exact,O=c1[nH]c(=O)c(Cc2cccc(Cl)c2Cl)c([C@H]2CC[C@@H](c3ccccc3)CC2)[nH]1
CHEMBL1201204,GR,,4.523,0,1,Inactive,censored,Cc1cc(O)c(C(=O)N[C@@H](C(=O)N[C@@H]2C(=O)N3C(C(=O)O)=C(CSc4nnnn4C)CS[C@H]23)c2ccc(O)cc2)cn1
CHEMBL6001891,GR,6.560,,1,0,Active,exact,CCCOc1ccc(NC(=O)c2cnc3c(c(C)nn3C)c2Cl)cc1
CHEMBL1644757,GR,7.750,,3,0,Active,exact,CC(C)=CCC1(C)C(=O)C(C)(C)Nc2c(C)cc(-c3cccc4cc[nH]c34)c(Cl)c21
CHEMBL1201309,GR,,4.523,0,1,Inactive,censored,CC(C)C[C@H](NC(=O)[C@@H](Cc1cccc2ccccc12)NC(=O)[C@H](Cc1ccc(O)cc1)NC(=O)[C@H](CO)NC(=O)[C@H](Cc1c[nH]c2ccccc12)NC(=O)[C@H](Cc1cnc[nH]1)NC(=O)[C@@H]1CCC(=O)N1)C(=O)N[C@@H](CCCNC(=N)N)C(=O)N1CCC[C@H]1C(=O)NCC(N)=O
CHEMBL506,GR,,4.523,0,1,Inactive,censored,COc1cc(NC(C)CCCN)c2ncccc2c1
CHEMBL50,GR,,4.523,0,1,Inactive,censored,O=c1c(O)c(-c2ccc(O)c(O)c2)oc2cc(O)cc(O)c12
CHEMBL403179,GR,8.850,,1,0,Active,exact,CC(C)(C)c1ccc(S(=O)(=O)N2CCC3=Cc4c(cnn4-c4ccc(F)cc4)C[C@]3(CN3CCC3)C2)cc1
CHEMBL6022530,GR,6.560,,1,0,Active,exact,COCCn1nc(C)c2c(Cl)c(C(=O)Nc3ccc(Cl)cc3)cnc21
CHEMBL5817717,GR,8.200,,1,0,Active,exact,C[C@]12C=CC(=O)C=C1CC[C@@H]1[C@@H]2[C@@H](O)C[C@@]2(C)[C@H]1C[C@H]1O[C@@H](c3ccc(CSc4cccc(N)c4)cc3)O[C@]12C(=O)CO
CHEMBL409,GR,,4.000,0,2,Inactive,censored,CC(O)(CS(=O)(=O)c1ccc(F)cc1)C(=O)Nc1ccc(C#N)c(C(F)(F)F)c1
CHEMBL3120316,GR,,7.000,0,1,,censored,Nc1cccc(C=C2c3ccccc3CCc3ccccc32)c1
CHEMBL717,GR,7.880,,11,0,Active,exact,CC(=O)O[C@]1(C(C)=O)CC[C@H]2[C@@H]3C[C@H](C)C4=CC(=O)CC[C@]4(C)[C@H]3CC[C@@]21C
CHEMBL3126946,GR,7.650,,2,0,Active,exact,CC(C)(CC(O)(Cc1cc2ncncc2[nH]1)C(F)(F)F)c1ccccc1S(C)(=O)=O
CHEMBL2106888,GR,,4.523,0,1,Inactive,censored,COc1cc(C(=O)OCc2cccc(COC(=O)c3cc(OC)c(OC)c(OC)c3)n2)cc(OC)c1OC
CHEMBL3094476,GR,7.960,,1,1,Active,exact,CCC(Cc1cc(C)cc(C)c1)NS(=O)(=O)c1c(C)cc(C)cc1C
CHEMBL5937520,GR,6.560,,1,0,Active,exact,Cn1cncc1Cn1ncc2c(Cl)c(C(=O)Nc3ccc(Cl)cc3)cnc21
CHEMBL91,GR,5.540,,1,0,,exact,Clc1ccc(COC(Cn2ccnc2)c2ccc(Cl)cc2Cl)c(Cl)c1
CHEMBL382472,GR,,5.699,0,1,,censored,C=CCSCC1=CC(C)(C)Nc2ccc(-c3ccccc3-c3ccccc3)cc21
CHEMBL5285709,GR,6.090,,3,0,Active,exact,O=C(c1ccco1)N1CCCc2cc(NS(=O)(=O)c3ccc(-c4ccccc4)cc3)ccc21
CHEMBL5845763,GR,5.560,,1,0,,exact,Cc1nn(C)c2ncc(C(=O)Nc3ccc(OCCN4CCOCC4)cc3)c(Cl)c12
CHEMBL5815679,GR,7.620,,1,0,Active,exact,CCCC1O[C@@H]2C[C@H]3[C@@H]4CCC5=Cc6c(cnn6-c6cccc(OCCCCCCCCCP(=O)(O)O)c6)C[C@]5(C)[C@H]4[C@@H](O)C[C@]3(C)[C@]2(C(=O)CO)O1
CHEMBL2426141,GR,7.525,,2,0,Active,exact,CC(C)(C(=O)Nc1nccs1)C(c1ccccc1)c1ccc2c(-c3cccc(C#N)c3)ncn2c1
CHEMBL1201356,GR,,4.523,0,1,Inactive,censored,CC[C@@H](CO)NC(=O)[C@@H]1C=C2c3cccc4[nH]cc(c34)C[C@H]2N(C)C1
CHEMBL1177,GR,,4.523,0,1,Inactive,censored,NC1=NC(=O)C(c2ccccc2)O1
CHEMBL32800,GR,,4.523,0,1,Inactive,censored,CC(Cc1ccc(O)cc1)NCC(O)c1cc(O)cc(O)c1
CHEMBL4070919,GR,8.545,,2,0,Active,exact,O=C(c1nccs1)[C@]12Cc3cnn(-c4ccc(F)cc4)c3C=C1CCN(S(=O)(=O)c1cccc(C(F)(F)F)c1)C2
CHEMBL2426157,GR,6.710,,1,1,Active,exact,CC(C)(C(=O)Nc1nncs1)C(c1ccccc1)c1cc(-c2ccc(F)cc2)c2ncccc2c1
CHEMBL535,GR,,4.523,0,1,Inactive,censored,CCN(CC)CCNC(=O)c1c(C)[nH]c(/C=C2\C(=O)Nc3ccc(F)cc32)c1C
CHEMBL1085110,GR,6.300,,1,1,Active,exact,CCOc1ccccc1-c1ccc2c(cnn2-c2ccc(F)cc2)c1
CHEMBL5791220,GR,6.560,,1,0,Active,exact,Cc1cncc(Cn2nc(C)c3c(Cl)c(C(=O)Nc4ccc(Cl)cc4)cnc32)c1
CHEMBL393551,GR,8.200,,1,0,Active,exact,CC1(CC(O)(CNc2cccc3ncccc23)C(F)(F)F)CCCc2ccccc21
CHEMBL4796205,GR,7.470,,1,0,Active,exact,Cc1ccc([C@@H](Oc2ccc(C(=O)N[C@@H]3CCCN(C(=O)[C@@H]4COC(=O)C4)C3)nc2)[C@H](C)NC(=O)C(F)(F)F)cc1
CHEMBL456,GR,,4.523,0,1,Inactive,censored,C=C(CC)C(=O)c1ccc(OCC(=O)O)c(Cl)c1Cl
CHEMBL5937331,GR,,5.000,0,1,,censored,Cn1nccc1C(=O)NCc1ccc(N2C(=S)N(c3ccc(C#N)c(C(F)(F)F)c3)C(=O)C2(C)C)cc1F
CHEMBL1086311,GR,6.400,,1,1,Active,exact,N#Cc1ccccc1-c1ccc2c(cnn2-c2ccc(F)cc2)c1
CHEMBL3233272,GR,7.770,,2,0,Active,exact,COc1ccc(F)cc1C(C)(C)CC(O)(Cc1cc2ccncc2[nH]1)C(C)(C)C
CHEMBL3421873,GR,8.280,,1,1,Active,exact,C=C[C@@]1(O)C[C@@]2(CC)c3ccc(O)cc3CC[C@@H]2C[C@@]1(O)c1ccccc1
CHEMBL19236,GR,,4.523,0,1,Inactive,censored,COc1nc(C)nc(Cl)c1NC1=NCCN1
CHEMBL4216231,GR,8.760,,2,0,Active,exact,C[C@]12C=CC(=O)C=C1[C@@H](F)C[C@H]1[C@@H]3C[C@H]4CN(c5cccc(Cl)c5)C[C@@]4(C(=O)CO)[C@@]3(C)C[C@H](O)[C@@]12F
CHEMBL3093459,GR,6.680,,1,1,Active,exact,Cc1cc(C)c(S(=O)(=O)NC(COc2ccccc2)C(F)(F)F)c(C)c1
CHEMBL337112,GR,8.680,,1,0,Active,exact,COc1cccc2c1-c1ccc3c(c1C(C1CCCC1)O2)C(C)=CC(C)(C)N3
CHEMBL6061164,GR,6.560,,1,0,Active,exact,CCc1nn(C)c2ncc(C(=O)Nc3ccc(Cl)cc3)c(Cl)c12
CHEMBL5273260,GR,5.680,,2,1,,exact,COc1ccccc1S(=O)(=O)Nc1ccc2c(c1)CCCN2C(=O)c1ccco1
CHEMBL2426110,GR,6.600,,3,1,Active,exact,CC(C)(CNC(=O)NCC(F)(F)F)[C@@H](c1ccccc1)c1ccc2c(cnn2-c2ccc(F)cc2)c1
CHEMBL6052618,GR,7.930,,1,0,Active,exact,C[C@]12C=CC(=O)C=C1CC[C@@H]1[C@@H]2[C@@H](O)C[C@@]2(C)[C@H]1C[C@H]1O[C@@H](c3ccc(Cc4ccc(O)c(N)c4)cc3)O[C@]12C(=O)CO
CHEMBL1754,GR,,4.523,0,1,Inactive,censored,CCN1CC(CCN2CCOCC2)C(c2ccccc2)(c2ccccc2)C1=O
CHEMBL834,GR,,4.523,0,1,Inactive,censored,NCCC(O)(P(=O)(O)O)P(=O)(O)O
CHEMBL238044,GR,6.560,,1,0,Active,exact,COc1ccc(F)cc1C(C)(C)CC(O)(Cc1ccc2ccccc2c1)C(F)(F)F
CHEMBL364031,GR,7.310,,1,0,Active,exact,C=C[C@H]1CO[C@@]2(CCC3=Cc4c(cnn4-c4ccc(F)cc4)C[C@@]32C)O1
CHEMBL3909248,GR,7.330,,1,0,Active,exact,Cc1ncccc1NC(=O)c1ccc2c(c1)CC[C@@H]1[C@@H]2[C@@H](O)C[C@@]2(C)[C@H]1CC[C@@]2(O)C#C[Si](C)(C)C
CHEMBL5285277,GR,,4.301,0,2,Inactive,censored,O=C(c1ccco1)N1CCCc2cc(N(S(=O)(=O)Cc3ccccc3)S(=O)(=O)Cc3ccccc3)ccc21
CHEMBL3666805,GR,8.870,,6,0,Active,exact,C[C@H](NC(=O)C(C)(F)F)[C@H](Oc1ccc2c(cnn2-c2cccc(C(=O)N[C@@H]3CCS(=O)(=O)C3)c2)c1)c1ccc2c(c1)OCCO2
CHEMBL279229,GR,,4.523,0,1,Inactive,censored,COc1ccccc1N1CCN(CCCNc2cc(=O)n(C)c(=O)n2C)CC1
CHEMBL141836,GR,7.300,,1,0,Active,exact,COc1cccc2c1-c1ccc3c(c1C(C)O2)C(C)=CC(C)(C)N3
CHEMBL1346,GR,,4.523,0,1,Inactive,censored,NC(=O)C(c1ccccc1)(c1ccccc1)[C@@H]1CCN(CCc2ccc3c(c2)CCO3)C1
CHEMBL1200500,GR,8.220,,1,0,Active,exact,CCC(=O)OCC(=O)[C@@]1(OC(=O)CC)[C@@H](C)C[C@H]2[C@@H]3CCC4=CC(=O)C=C[C@]4(C)[C@@]3(Cl)[C@@H](O)C[C@@]21C
CHEMBL1185,GR,,4.523,0,1,Inactive,censored,CN(C)CCc1c[nH]c2ccc(C[C@H]3COC(=O)N3)cc12
CHEMBL1073,GR,,4.523,0,1,Inactive,censored,Cc1cnc(C(=O)NCCc2ccc(S(=O)(=O)NC(=O)NC3CCCCC3)cc2)cn1
CHEMBL5760224,GR,,5.301,0,1,,censored,Cc1nn(C)c2ncc(C(=O)Nc3ccc(Cl)cc3)cc12
CHEMBL1668082,GR,7.600,,3,0,Active,exact,Cc1cc(C)c(S(=O)(=O)N[C@@H](C)CNc2cc(C)cc3c2cnn3-c2cccc(N3CCCC(CO)C3)c2)c(C)c1
CHEMBL361497,GR,,4.523,0,1,Inactive,censored,C[C@H]1[C@H](OC(=O)CCC(=O)O)O[C@@H]2O[C@@]3(C)CC[C@H]4[C@H](C)CC[C@@H]1[C@@]24OO3
CHEMBL566391,GR,8.075,,2,4,Active,exact,C=CCC(O)C1CCCC2=Cc3c(-c4ccc(F)cc4)ncn3CC21C
CHEMBL4091787,GR,8.905,,2,0,Active,exact,N#Cc1cccc(S(=O)(=O)N2CCC3=Cc4c(cnn4-c4ccc(F)cc4)C[C@]3(C(=O)c3cc(C(F)(F)F)ccn3)C2)c1
CHEMBL403334,GR,8.170,,1,0,Active,exact,CN1CCN(C[C@]23Cc4cnn(-c5ccc(F)cc5)c4C=C2CCN(S(=O)(=O)c2ccc(C(C)(C)C)cc2)C3)CC1
CHEMBL3736390,GR,8.640,,2,0,Active,exact,O=C(c1ccco1)[C@]12Cc3cnn(-c4ccc(F)cc4)c3C=C1CCN(S(=O)(=O)c1ccc(C(F)(F)F)cc1)C2
CHEMBL2426146,GR,8.275,,2,0,Active,exact,CC(C)(C(=O)Nc1nccs1)C(c1ccccc1)c1ccc2c(-c3ccc(F)cc3F)ncn2c1
CHEMBL5827939,GR,,5.301,0,1,,censored,COc1c(C(=O)Nc2ccc(Cl)cc2)cnc2c1c(C)nn2C1CCOCC1
CHEMBL222515,GR,8.275,,2,0,Active,exact,CC#C[C@]1(O)CC[C@H]2[C@@H]3CCC4=CC(=O)CCC4=C3[C@@H](c3ccc(Oc4ccccc4)cc3)C[C@@]21C
CHEMBL4303665,GR,,4.523,0,1,Inactive,censored,C/C(=C(\CCOP(=O)(O)O)SC(=O)c1ccccc1)N(C=O)Cc1cnc(C)nc1N
CHEMBL506110,GR,,4.523,0,1,Inactive,censored,CC1(C)S[C@@H]2[C@H](NC(=O)[C@H](N)c3ccccc3)C(=O)N2[C@H]1C(=O)OCOC(=O)[C@@H]1N2C(=O)C[C@H]2S(=O)(=O)C1(C)C
CHEMBL1201117,GR,,4.523,0,1,Inactive,censored,COc1ccccc1OCC(O)COC(N)=O
CHEMBL4098118,GR,7.700,,3,0,Active,exact,Cc1ccc2c(N[C@H]3c4ccc(F)c(O)c4[C@H](C)C[C@]3(O)C(F)(F)F)cccc2n1
CHEMBL3959591,GR,7.430,,1,0,Active,exact,C[C@H](NS(=O)(=O)C(F)(F)F)[C@H](Oc1ccc2c(cnn2-c2ccc(F)cc2)c1)c1ccccc1
CHEMBL5976667,GR,6.560,,1,0,Active,exact,Cc1nn(Cc2cscn2)c2ncc(C(=O)Nc3ccc(Cl)cc3)c(Cl)c12
CHEMBL1940692,GR,7.420,,1,0,Active,exact,C[C@@H]1C[C@H]2[C@@H]3CCC4=CC(=O)C=C[C@]4(C)[C@H]3[C@@H](O)C[C@]2(C)[C@@]1(O)C(=O)CSc1cnc2ccccc2n1
CHEMBL1201287,GR,,5.000,0,1,,censored,CN(C)CC[C@@H](c1ccc(Br)cc1)c1ccccn1
CHEMBL2419295,GR,5.800,,1,0,,exact,CCN1C(=O)C(c2ccc(F)cc2)=C(c2ccc3c(c2)NC(=O)CO3)C1C
CHEMBL302147,GR,6.390,,1,0,Active,exact,COc1cccc2c1-c1ccc(NC(=O)c3ccccc3)cc1C(c1ccccc1)O2
CHEMBL554774,GR,6.340,,1,0,Active,exact,C[C@H]1C[C@@H]2[C@H]3CCC4=CC(=O)C=C[C@@]4(C)[C@]3(F)[C@H](O)C[C@@]2(C)[C@]1(O)C(=O)NCCNC(=O)c1cc(NC(=O)c2nccn2C)cn1C
CHEMBL3093452,GR,7.675,,2,0,Active,exact,Cc1cc(C)c(S(=O)(=O)NC(Cc2c[nH]c3c(C#N)cccc23)C(F)(F)F)c(C)c1
CHEMBL121,GR,,4.523,0,1,Inactive,censored,CN(CCOc1ccc(CC2SC(=O)NC2=O)cc1)c1ccccn1
CHEMBL506241,GR,7.260,,1,0,Active,exact,CCC(C)(C)NC(=O)O[C@]1(C(=O)CO)[C@@H](C)C[C@H]2[C@@H]3CCC4=CC(=O)C=C[C@]4(C)[C@@]3(F)[C@@H](O)C[C@@]21C
CHEMBL429627,GR,6.470,,1,0,Active,exact,COc1ccc(F)cc1C(C)(C)CC(O)(Cc1ccc(Cl)cc1)C(F)(F)F
CHEMBL516386,GR,5.970,,1,2,,exact,CC1(C(=O)Nc2nccs2)CC2([N+](=O)[O-])c3ccccc3C1c1ccccc12
CHEMBL66582,GR,7.320,,1,0,Active,exact,COc1cccc2c1-c1ccc(NS(C)(=O)=O)cc1C(c1cccc(Oc3ccccc3)c1)O2
CHEMBL1094208,GR,7.265,,2,0,Active,exact,OC(c1ccc2c(cnn2-c2ccc(F)cc2)c1)(c1cccc(Cl)c1Cl)C(F)(F)F
CHEMBL3582114,GR,7.185,,2,0,Active,exact,Cc1noc(C)c1-c1cc2c(c3c1OCO3)NC(C)(C)C(=O)C2(C)C
CHEMBL391182,GR,6.000,,1,0,Active,exact,N#Cc1ccccc1S(=O)(=O)N1CCC2=CC(=O)CCC2(Cc2ccccc2)C1
CHEMBL3666804,GR,8.880,,5,0,Active,exact,C[C@H](NC(=O)C(C)(F)F)[C@H](Oc1ccc2c(cnn2-c2cccc(C(=O)N[C@H]3CCS(=O)(=O)C3)c2)c1)c1ccc2c(c1)OCCO2
CHEMBL551269,GR,,6.000,0,1,,censored,CN1C(=O)C=C[C@]2(C)[C@H]3CC[C@]4(C)[C@@H](O)/C(=C/c5cncnc5)C[C@H]4[C@@H]3CC[C@@H]12
CHEMBL1201146,GR,6.360,,2,0,Active,exact,C#C[C@]1(OC(C)=O)CC[C@H]2[C@@H]3CCC4=CC(=O)CC[C@@H]4[C@H]3CC[C@@]21C
CHEMBL406117,GR,,4.523,0,1,Inactive,censored,N=C(N)NCCCCCCC(=O)NC(O)C(=O)NCCCCNCCCN
CHEMBL4166499,GR,7.760,,1,0,Active,exact,CCc1ccc([C@H]2C[C@@]3(C)[C@@H](CC[C@@]3(O)C#CC(C)(C)C)[C@@H]3CCC4=CC(=O)CCC4=C32)cc1
CHEMBL361245,GR,9.050,,1,0,Active,exact,CC(=O)O[C@]1(C(C)=O)CCC2C3C=C(Cl)C4=CC(=O)[C@@H]5CC5[C@]4(C)C3CC[C@@]21C
CHEMBL519947,GR,7.800,,1,0,Active,exact,CCN(CC(O)(CNC(=O)c1cnn(-c2ccc(F)cc2)c1N)C(F)(F)F)C(=O)c1cccc(Cl)c1
CHEMBL5928580,GR,,5.301,0,1,,censored,CC(C)c1ccc(NC(=O)c2cnc3c(ccn3C)c2Cl)cc1
CHEMBL35429,GR,6.480,,1,0,Active,exact,C[C@@H]1C(=O)C(C)(C)Nc2ccc3c(c21)[C@H](c1ccc(Cl)cc1)Oc1ccccc1-3
CHEMBL1668072,GR,7.900,,1,0,Active,exact,Cc1cc(C)c(S(=O)(=O)N[C@@H](C)CNc2cc(C)cc3c2cnn3-c2ccc(NC(C)C)cc2)c(C)c1
CHEMBL5807097,GR,6.920,,1,0,Active,exact,CC(C)(c1nc2cccnc2[nH]1)[C@@H]1c2ccc(-c3ccc(C(=O)N4CCOCC4)cc3)nc2Oc2c(F)cccc21
CHEMBL2103837,GR,,4.523,0,1,Inactive,censored,O=C(O)c1ccc2nc(-c3cc(Cl)cc(Cl)c3)oc2c1
CHEMBL32603,GR,6.170,,1,0,Active,exact,CC1C(=O)C(C)(C)Nc2ccc3c(c21)/C(=C/c1ccccc1)Oc1ccccc1-3
CHEMBL5875533,GR,,5.301,0,1,,censored,Cc1nn(C)c2ncc(C(=O)Nc3ccc(C(C)C)cc3)cc12
CHEMBL1672546,GR,6.010,,1,0,Active,exact,COc1cc(-c2cn(C(C)C)c3cc(NS(C)(=O)=O)ccc23)ccc1C#N
CHEMBL4088914,GR,,5.000,0,1,,censored,CC[C@H]1[C@@H](O)CC(=O)N1c1ccc(C#N)c(C(F)(F)F)c1
CHEMBL1276308,GR,8.815,,52,1,Active,exact,CC#C[C@]1(O)CC[C@H]2[C@@H]3CCC4=CC(=O)CCC4=C3[C@@H](c3ccc(N(C)C)cc3)C[C@@]21C
CHEMBL116007,GR,6.130,,1,0,Active,exact,CC1=CC(C)(C)Nc2ccc3c(c21)C(C)Oc1ccc(F)cc1-3
CHEMBL5274676,GR,,5.000,0,2,,censored,CC(C)(C)c1ccc(S(=O)(=O)N(c2ccc3c(c2)CCCN3C(=O)c2ccco2)S(=O)(=O)c2ccc(C(C)(C)C)cc2)cc1
CHEMBL465919,GR,8.200,,1,0,Active,exact,CCN(CC(O)(CNC(=O)c1cnn(-c2ccc(F)cc2)c1N)C(F)(F)F)C(=O)c1ccc2[nH]ccc2c1
CHEMBL5787777,GR,6.560,,1,0,Active,exact,Cc1cccc(Cn2nc(C)c3c(Cl)c(C(=O)Nc4ccc(Cl)cc4)cnc32)n1
CHEMBL1086314,GR,5.900,,1,1,,exact,Cc1ccccc1-c1ccc2c(cnn2-c2ccc(F)cc2)c1
CHEMBL3937406,GR,6.390,,2,0,Active,exact,CC#C[C@]1(O)CC[C@H]2[C@@H]3CCc4cc(C(=O)Nc5cccnc5C)ccc4[C@H]3[C@@H](O)C[C@@]21C
CHEMBL5931442,GR,5.560,,1,0,,exact,CCN1CCC(CCn2cnc3c(Cl)c(C(=O)Nc4ccc(C(F)(F)F)cc4)cnc32)CC1
CHEMBL439025,GR,,5.000,0,1,,censored,O=C1C=C2CCN(C(=O)c3ccccc3)CC2(Cc2ccccc2)CC1
CHEMBL1589,GR,,5.000,0,1,,censored,CC(=O)c1ccc(S(=O)(=O)NC(=O)NC2CCCCC2)cc1
CHEMBL1800984,GR,7.760,,5,0,Active,exact,CC(C)(C(=O)Nc1nccs1)[C@H]1c2ccccc2Oc2cc(O)ccc21
CHEMBL5962394,GR,6.560,,1,0,Active,exact,Cc1ccc(-c2noc(Cn3nc(C)c4c(Cl)c(C(=O)Nc5ccc(Cl)cc5)cnc43)n2)cc1
CHEMBL287275,GR,,4.523,0,1,Inactive,censored,O=C(O)c1ccccc1OP(=O)(O)O
CHEMBL5750836,GR,,5.301,0,1,,censored,Cc1nn(-c2ccccc2)c2ncc(C(=O)N(CCN(C)C)c3ccc(Cl)cc3)c(Cl)c12
CHEMBL1201260,GR,,4.523,0,1,Inactive,censored,C/N=C(\NC)NCc1ccccc1
CHEMBL2024029,GR,6.900,,1,0,Active,exact,Cc1cccc(SCC(=O)[C@@]2(O)CC[C@H]3[C@@H]4CCC5=CC(=O)CC[C@]5(C)[C@H]4[C@@H](O)C[C@@]32C)n1
CHEMBL210077,GR,8.210,,2,0,Active,exact,CCC1(CC(O)(C(=O)Nc2ccc3c(=O)onc(C)c3c2)C(F)(F)F)CCCc2ccccc21
CHEMBL3605927,GR,8.695,,2,0,Active,exact,COc1cc(F)ccc1-c1c(Cc2ccccc2)[nH]c2c(NS(C)(=O)=O)cc(C(C)C)cc12
CHEMBL1911159,GR,6.260,,3,2,Active,exact,CC(C)(C(=O)Nc1nncs1)[C@H]1c2ccccc2Oc2nc(-c3ccc(C(=O)O)cc3)ccc21
CHEMBL1237119,GR,,4.523,0,1,Inactive,censored,CCCCC[C@H](O)CC[C@@H]1[C@H]2Cc3cccc(OCC(=O)O)c3C[C@H]2C[C@H]1O
CHEMBL1928881,GR,,5.000,0,1,,censored,Cc1cc(-c2ccc3c(c2)NC(=O)CO3)n(-c2ccccc2)n1
CHEMBL166444,GR,8.020,,1,0,Active,exact,C[C@]1(O)CC[C@H]2[C@@H]3CCC4=CC(=O)CCC4=C3C=C[C@@]21C
CHEMBL4207852,GR,7.960,,7,0,Active,exact,CC(C)[C@H](NC(=O)C(C)(F)F)[C@H](Oc1ccc2c(cnn2-c2ccc(=O)n(C)c2)c1)c1ccccc1
CHEMBL94454,GR,,4.523,0,1,Inactive,censored,CN(c1nccc(=O)[nH]1)C1CCN(c2nc3ccccc3n2Cc2ccc(F)cc2)CC1
CHEMBL64391,GR,,4.523,0,1,Inactive,censored,CCC(C)n1ncn(-c2ccc(N3CCN(c4ccc(OCC5COC(Cn6cncn6)(c6ccc(Cl)cc6Cl)O5)cc4)CC3)cc2)c1=O
CHEMBL1672548,GR,5.730,,1,0,,exact,CC[C@H](C)n1cc(-c2ccc(C#N)cc2)c2ccc(NS(C)(=O)=O)cc21
CHEMBL134277,GR,7.040,,2,0,Active,exact,CC1=CC(C)(C)Nc2ccc3c(c21)/C(=C/c1ccsc1)Oc1ccc(F)cc1-3
CHEMBL1096979,GR,,4.523,0,1,Inactive,censored,NC(CO)C(=O)NNCc1ccc(O)c(O)c1O
CHEMBL1175,GR,,4.523,0,1,Inactive,censored,CNCC[C@H](Oc1cccc2ccccc12)c1cccs1
CHEMBL305393,GR,6.040,,1,0,Active,exact,COc1cccc2c1-c1ccc(NCc3ccccc3)cc1C(c1ccccc1)O2
CHEMBL65354,GR,8.520,,1,0,Active,exact,COc1cccc2c1-c1ccc(NS(C)(=O)=O)cc1C(c1cccc(F)c1)O2
CHEMBL3937635,GR,8.720,,6,0,Active,exact,COc1ccc([C@@H](Oc2ccc3c(cnn3-c3ccc(F)cc3)c2)[C@H](C)NC(=O)C2CC2)cn1
CHEMBL267231,GR,8.660,,1,0,Active,exact,C=CCC1Oc2cccc(OC(F)F)c2-c2ccc3c(c21)C(C)=CC(C)(C)N3
CHEMBL487116,GR,5.890,,1,0,,exact,N#Cc1cc(F)cc(-c2ccc3c(c2)C(c2ccco2)(c2ccco2)OCC(=O)N3)c1
CHEMBL5907702,GR,8.280,,1,0,Active,exact,CNC(=O)NC(=O)C(C)(C)[C@@H]1c2ccc(-c3ccc(S(=O)(=O)C(C)C)cc3)nc2Oc2c(F)cccc21
CHEMBL71818,GR,6.860,,1,0,Active,exact,CCS(=O)(=O)Nc1cccc(N(Cc2ccccc2)Cc2ccccc2)c1C
CHEMBL481185,GR,7.300,,3,0,Active,exact,CCN(CC(O)(CNC(=O)c1cnn(-c2ccc(F)cc2)c1N)C(F)(F)F)C(=O)c1ccccc1
CHEMBL203151,GR,7.000,,1,0,Active,exact,COc1ccc(F)cc1C(C)(C)C[C@@](O)(Cc1ccc(Cl)cc1)C(F)(F)F
CHEMBL462282,GR,7.900,,1,0,Active,exact,CCN(CC(O)(CNC(=O)c1cnn(-c2ccc(F)cc2)c1N)C(F)(F)F)C(=O)c1ccccc1F
CHEMBL5994283,GR,6.560,,1,0,Active,exact,Cc1nn(Cc2ccsc2)c2ncc(C(=O)Nc3ccc(C(F)(F)F)cc3)c(Cl)c12
CHEMBL1096467,GR,7.270,,1,0,Active,exact,N#Cc1cc(C(O)(c2ccc3c(cnn3-c3ccc(F)cc3)c2)C(F)(F)F)ccc1F
CHEMBL5836272,GR,,5.301,0,1,,censored,O=C(Nc1ccc(C(F)(F)F)cc1)c1ncc2c(cnn2-c2ccccc2)c1Cl
CHEMBL2426113,GR,7.775,,4,0,Active,exact,CC(C)C[C@@H](c1ccc2c(cnn2-c2ccc(F)cc2)c1)C(C)(C)CNC(=O)NC(C)(C)C
CHEMBL5076308,GR,8.140,,2,0,Active,exact,CC(C)C[C@@H](CN(CC(=O)N[C@H](C(N)=O)[C@@H](C)O)S(=O)(=O)CCN)NC(=O)[C@H](CC(C)C)NC(=O)[C@H](Cc1c[nH]c2ccccc12)NC(=O)[C@H](CCC(N)=O)NC(=O)[C@@H](NC(=O)[C@H](Cc1ccccc1)NC(=O)[C@H](CC(=O)O)NC(=O)[C@H](CCC(N)=O)NC(=O)[C@H](C)NC(=O)[C@H](CCCNC(=N)N)NC(=O)[C@H](CCCCNC(=O)COCCOCCNC(=O)COCCOCCNC(=O)CCC(NC(=O)CCCCCCCCCCCCCCCCC(=O)O)C(=O)O)NC(=O)[C@H](CO)NC(=O)[C@H](CC(=O)O)NC(=O)[C@H](CC(C)C)NC(=O)[C@H](Cc1ccc(O)cc1)NC(=O)[C@H](CCCCN)NC(=O)[C@H](CO)NC(=O)[C@H](Cc1ccc(O)cc1)NC(=O)[C@H](CC(=O)O)NC(=O)[C@H](CO)NC(=O)[C@@H](NC(=O)[C@H](Cc1ccccc1)NC(=O)[C@@H](NC(=O)CNC(=O)[C@H](CCC(N)=O)NC(=O)C(C)(C)NC(=O)[C@@H](N)Cc1cnc[nH]1)[C@@H](C)O)[C@@H](C)O)C(C)C
CHEMBL2204045,GR,8.050,,1,0,Active,exact,COc1ccccc1Cc1c(=O)[nH]c(=O)[nH]c1[C@H]1CC[C@@H](c2ccccc2)CC1
CHEMBL632,GR,8.280,,2,0,Active,exact,C[C@H]1C[C@H]2[C@@H]3CCC4=CC(=O)C=C[C@]4(C)[C@@]3(F)[C@@H](O)C[C@]2(C)[C@@]1(O)C(=O)CO
CHEMBL1513,GR,,4.523,0,1,Inactive,censored,CCCCC1=NC2(CCCC2)C(=O)N1Cc1ccc(-c2ccccc2-c2nnn[nH]2)cc1
CHEMBL510216,GR,8.820,,1,1,Active,exact,CC#C[C@@]1(O)CC[C@@]2(CCC)c3ccc(O)cc3CC[C@@H]2C1
CHEMBL159226,GR,,4.523,0,1,Inactive,censored,CC(=O)Oc1cc(C(C)C)c(OCCN(C)C)cc1C
CHEMBL375348,GR,7.420,,1,0,Active,exact,COc1ccc(F)cc1C(C)(C)CC(O)(CN1C[C@@H](C)O[C@@H](C)C1)C(F)(F)F
CHEMBL2087285,GR,6.140,,1,0,Active,exact,O=C(O)Cc1cc(Br)c(N(Cc2ccc(Oc3ccccc3)cc2)Cc2cc(F)cc(F)c2)c(Br)c1
CHEMBL82307,GR,,5.000,0,1,,censored,COc1ccc2c(c1)CCC1=CC(=O)CC[C@@]12Cc1ccccc1
CHEMBL2105617,GR,,5.000,0,1,,censored,CCC1C2CC3C4N(C)c5ccccc5C45CC(C2[C@H]5O)N3C1O
CHEMBL1305,GR,,4.523,0,1,Inactive,censored,c1ccc(CN(CC2=NCCN2)c2ccccc2)cc1
CHEMBL1661,GR,,4.523,0,1,Inactive,censored,OC[C@@H](O)[C@@H](O[C@@H]1O[C@H](CO)[C@H](O)[C@H](O)[C@H]1O)[C@H](O)[C@@H](O)CO
CHEMBL1762200,GR,8.780,,2,0,Active,exact,CCO/N=C1\CC(C)(C)Nc2cc(F)c(-c3cccc4cc[nH]c34)c(F)c21
CHEMBL256383,GR,7.470,,1,0,Active,exact,C[C@]12Cc3cnn(-c4ccc(F)cc4)c3C=C1CCN(S(=O)(=O)c1ccccc1F)C2
CHEMBL5874418,GR,9.490,,1,0,Active,exact,CC(C)(O)c1ccc(-c2ccc3c(n2)Oc2c(F)cccc2[C@@H]3C(C)(C)C(=O)NC(N)=O)cc1
CHEMBL279085,GR,,4.523,0,1,Inactive,censored,C=CCN1CCc2nc(N)sc2CC1
CHEMBL71,GR,,4.523,0,1,Inactive,censored,CN(C)CCCN1c2ccccc2Sc2ccc(Cl)cc21
CHEMBL2426111,GR,6.995,,4,0,Active,exact,CC(C)C[C@@H](c1ccc2c(cnn2-c2ccc(F)cc2)c1)C(C)(C)CNC(=O)NCC(F)(F)F
CHEMBL1404,GR,,4.523,0,1,Inactive,censored,COc1ccccc1OCC(O)CN1CCN(CC(=O)Nc2c(C)cccc2C)CC1
CHEMBL485,GR,,4.523,0,1,Inactive,censored,COc1ccc2c3c1O[C@H]1[C@@H](O)C=C[C@H]4[C@@H](C2)N(C)CC[C@@]341
CHEMBL521589,GR,,4.523,0,1,Inactive,censored,CN(C)C(=O)Oc1cc(OC(=O)N(C)C)cc(C(O)CNC(C)(C)C)c1
CHEMBL3233278,GR,8.160,,2,0,Active,exact,COc1ccc(F)cc1C(C)(C)CC(O)(Cc1cc2cnccc2[nH]1)C1CC1
CHEMBL471498,GR,,5.000,0,1,,censored,O=C(O)[C@H](CC(=O)N1C[C@H]2CCCC[C@H]2C1)Cc1ccccc1
CHEMBL228655,GR,4.470,,1,0,Inactive,exact,COc1cc([C@@H]2[C@@H](C)[C@H](C)[C@H]2c2ccc(OC(C)=O)c(OC)c2)ccc1OC(C)=O
CHEMBL5289208,GR,5.865,,2,1,,exact,O=C(c1ccco1)N1CCCc2cc(N(S(=O)(=O)c3ccc(F)cc3)S(=O)(=O)c3ccc(F)cc3)ccc21
CHEMBL853,GR,,5.000,0,1,,censored,Nc1ccn([C@H]2CC[C@@H](CO)O2)c(=O)n1
CHEMBL45,GR,,4.523,0,1,Inactive,censored,COc1ccc2[nH]cc(CCNC(C)=O)c2c1
CHEMBL3358947,GR,7.560,,2,0,Active,exact,CC(C)(CC(O)(Cc1cc2cc(S(C)(=O)=O)ncc2[nH]1)C(F)(F)F)c1ccc(Cl)cc1C(N)=O
CHEMBL5902764,GR,,5.301,0,1,,censored,CC(C)c1nn(-c2ccccc2)c2ncc(C(=O)Nc3ccc(Cl)cc3)c(Cl)c12
CHEMBL1129,GR,,5.000,0,1,,censored,O=c1[nH]c(=O)n([C@H]2C[C@H](O)[C@@H](CO)O2)cc1C(F)(F)F
CHEMBL3582118,GR,,6.416,0,1,,censored,Cc1cn(C)c(-c2cc3c(c4c2CCC4)NC(C)(C)C(=O)C3(C)C)n1
CHEMBL5997713,GR,,5.301,0,1,,censored,Cc1nn(Cc2nnn[nH]2)c2ncc(C(=O)Nc3ccc(Cl)cc3)c(Cl)c12
CHEMBL3605932,GR,7.525,,2,0,Active,exact,CS(=O)(=O)Nc1cccc2c(-c3cccc(Cl)c3)c[nH]c12
CHEMBL194077,GR,7.990,,1,0,Active,exact,C[C@]12Cc3cnn(-c4ccc(F)cc4)c3C=C1CCC[C@@H]2[C@@H](O)c1cc(Cl)sc1Cl
CHEMBL2204052,GR,7.310,,1,0,Active,exact,O=c1[nH]c(=O)c(Cc2ncccc2Cl)c([C@H]2CC[C@@H](c3ccccc3)CC2)[nH]1
CHEMBL5981242,GR,,7.000,0,1,,censored,CN(C)c1ccc([C@H]2C[C@@]3(C)[C@@H](CC[C@@]3(O)C#CCO)[C@@H]3CCC4=CC(=O)CCC4=C32)cc1
CHEMBL5570781,GR,,5.301,0,1,,censored,CCOC(=O)c1ccc(NC(=O)c2cccc(S(=O)(=O)Nc3ccc4ccccc4c3)c2)s1
CHEMBL3706943,GR,8.600,,1,0,Active,exact,COc1c(O)ccc2c1-c1ccc3c(c1/C(=C/c1cccc(C)c1)O2)C(C)=CC(C)(C)N3
CHEMBL272923,GR,8.550,,1,0,Active,exact,CC(C)(C)c1ccc(S(=O)(=O)N2CCC3=Cc4c(cnn4-c4ccc(F)cc4)C[C@]3(CNCCO)C2)cc1
CHEMBL1801009,GR,7.290,,5,0,Active,exact,CC(C)(C(=O)Nc1nccs1)C(c1ccccc1)c1ccc(O)c(F)c1
CHEMBL6046923,GR,8.630,,1,0,Active,exact,CC(C)(O)c1ccc(-c2ccc3c(n2)Oc2c(F)cccc2[C@@H]3C(C)(C)c2nc3nccnc3[nH]2)cc1
CHEMBL1682437,GR,8.620,,1,0,Active,exact,C[C@H]1c2cc(-c3cccc4cc[nH]c34)c(F)c(F)c2NC(C)(C)[C@@H]1O
CHEMBL6029283,GR,,5.301,0,1,,censored,Cc1nn(C2CCNCC2)c2ncc(C(=O)Nc3ccc(C(F)(F)F)cc3)cc12
CHEMBL2107456,GR,,4.523,0,1,Inactive,censored,CCCC[C@H](C)C[C@H](O)/C=C/[C@H]1[C@H](O)CC(=O)[C@@H]1CCCC/C=C/C(=O)O
CHEMBL5909303,GR,6.560,,1,0,Active,exact,O=C(Nc1ccc(Cl)cc1)c1cnc2c(cnn2C2CCSCC2)c1Cl
CHEMBL1911153,GR,7.005,,4,1,Active,exact,CC(C)(C(=O)Nc1nncs1)[C@@H]1c2ccccc2Oc2nc(-c3ccc(O)cc3)ccc21
CHEMBL523,GR,,4.523,0,1,Inactive,censored,O=C1CN=C(c2ccccc2)c2cc(Cl)ccc2N1
CHEMBL553018,GR,7.680,,1,0,Active,exact,C[C@H]1C[C@@H]2[C@H]3CCC4=CC(=O)C=C[C@@]4(C)[C@]3(F)[C@H](O)C[C@@]2(C)[C@]1(O)C(=O)CSCCNC(=S)NCCNC(=O)c1cc(NC(=O)c2cc(NC(=O)c3cc(NC(=O)c4cc(NC(=O)CCCNC(=O)c5cc(NC(=O)c6cc(NC(=O)c7nccn7C)cn6C)cn5C)cn4C)cn3C)cn2C)cn1C
CHEMBL1800986,GR,7.230,,1,3,Active,exact,CC(C)(C(=O)Nc1nncs1)[C@@H]1c2ccccc2Oc2cc(O)ccc21
CHEMBL2315000,GR,5.840,,1,1,,exact,CC[C@H]1OC(=O)[C@H](C)[C@@H](O[C@H]2C[C@@](C)(OC)[C@@H](O)[C@H](C)O2)[C@H](C)[C@@H](O[C@@H]2O[C@H](C)C[C@H](N(C)C)[C@H]2O)[C@](C)(O)C[C@@H](C)CN(CCCNC(=O)[C@@]2(O)[C@H](C)C[C@H]3[C@@H]4C[C@H](F)C5=CC(=O)C=C[C@]5(C)[C@H]4[C@@H](O)C[C@@]32C)[C@H](C)[C@@H](O)[C@]1(C)O
CHEMBL129,GR,,4.523,0,1,Inactive,censored,Cc1cn([C@H]2C[C@H](N=[N+]=[N-])[C@@H](CO)O2)c(=O)[nH]c1=O
CHEMBL701,GR,,4.523,0,1,Inactive,censored,NCC(CC(=O)O)c1ccc(Cl)cc1
CHEMBL49080,GR,,4.523,0,1,Inactive,censored,CC(C)(C)NCC(O)c1cc(Cl)c(N)c(Cl)c1
CHEMBL3261419,GR,8.270,,1,0,Active,exact,COc1ccc(-n2ncc3c(NC[C@H](C)NS(=O)(=O)c4c(C)cc(C)cc4C)cccc32)cc1
CHEMBL450,GR,,5.000,0,1,,censored,CCC1(CC)C(=O)NC(=O)N(C)C1=O
CHEMBL2314998,GR,6.040,,1,1,Active,exact,CC[C@H]1OC(=O)[C@H](C)[C@@H](O[C@H]2C[C@@](C)(OC)[C@@H](O)[C@H](C)O2)[C@H](C)[C@@H](O[C@@H]2O[C@H](C)C[C@H](N(C)C)[C@H]2O)[C@](C)(O)C[C@@H](C)CN(CCCNC(=O)[C@@]2(O)[C@H](C)C[C@H]3[C@@H]4C[C@H](F)C5=CC(=O)C=C[C@]5(C)[C@@]4(F)[C@@H](O)C[C@@]32C)[C@H](C)[C@@H](O)[C@]1(C)O
CHEMBL5282262,GR,5.430,,3,0,,exact,CCCCc1ccc(S(=O)(=O)Nc2ccc3c(c2)CCCN3C(=O)c2ccco2)cc1
CHEMBL1201388,GR,8.600,,1,0,Active,exact,C[C@]12CCC(=O)C=C1CC[C@H]1[C@@H]3CC[C@](O)(C(=O)CO)[C@@]3(C)C[C@H](O)[C@@]12F
CHEMBL2426151,GR,7.070,,1,1,Active,exact,CC(C)(C(=O)Nc1nccs1)C(c1ccccc1)c1ccc2ncccc2c1
CHEMBL3233271,GR,7.595,,2,0,Active,exact,COc1ccc(F)cc1C(C)(C)CC(O)(Cc1cc2ccncc2[nH]1)C(C)C
CHEMBL336736,GR,6.410,,2,0,Active,exact,CC1=CC(C)(C)Nc2ccc3c(c21)/C(=C/c1ccccc1C)Oc1ccc(F)cc1-3
CHEMBL116221,GR,6.580,,1,0,Active,exact,CCCOC1Oc2ccc(Cl)cc2-c2ccc3c(c21)C(C)=CC(C)(C)N3
CHEMBL1645402,GR,7.900,,1,0,Active,exact,COc1ncccc1-c1ccc([C@@H](C)NS(=O)(=O)c2cn(C)nc2C(F)(F)F)cc1
CHEMBL5977473,GR,6.560,,1,0,Active,exact,Cc1nn(Cc2cnccn2)c2ncc(C(=O)Nc3ccc(C(F)(F)F)cc3)c(Cl)c12
CHEMBL3901337,GR,9.210,,1,0,Active,exact,C[C@H](NC(=O)C1CC1)[C@H](Oc1ccc2c(cnn2-c2ccc(F)cc2)c1)c1ccccc1
CHEMBL297302,GR,,4.523,0,1,Inactive,censored,O=C(CCCN1CCC(n2c(=O)[nH]c3ccccc32)CC1)c1ccc(F)cc1
CHEMBL75753,GR,,4.523,0,1,Inactive,censored,O=C(NCCNCC(O)COc1ccc(O)cc1)N1CCOCC1
CHEMBL182961,GR,8.640,,1,0,Active,exact,CC#C[C@]1(O)CC[C@H]2[C@@H]3CCC4=CC(=O)CCC4=C3[C@@H](c3ccc(N(C)C[C@@H]4C[C@@H](O)CC(=O)O4)cc3)C[C@@]21C
CHEMBL1201891,GR,6.180,,1,0,Active,exact,CC(=O)OCC(=O)[C@@]12N=C(C)O[C@@H]1C[C@H]1[C@@H]3CCC4=CC(=O)C=C[C@]4(C)[C@H]3[C@@H](O)C[C@@]12C
CHEMBL388018,GR,7.480,,3,0,Active,exact,CC#C[C@]1(O)CC[C@H]2[C@@H]3CCC4=CC(=O)CCC4=C3[C@@H](c3ccc(N(C)CC(=O)N(Cc4ccc(C(=O)O)cc4)c4ccc(Br)cc4)cc3)C[C@@]21C
CHEMBL436784,GR,,6.000,0,1,,censored,O=c1cc(C(F)(F)F)c2cc(N(CC(F)(F)F)CC(F)(F)F)ccc2[nH]1
CHEMBL277062,GR,,5.000,0,1,,censored,O=C1CN=C(c2ccccn2)c2cc(Br)ccc2N1
CHEMBL4474698,GR,,4.900,0,1,Inactive,censored,CNC(=O)C[C@H]1COc2cc(Cl)cc(C)c2N1C(=O)c1ccc2c(c1)NC(=O)CO2
CHEMBL370805,GR,,4.523,0,1,Inactive,censored,COC(=O)[C@H]1[C@@H](OC(=O)c2ccccc2)C[C@@H]2CC[C@H]1N2C
CHEMBL5804119,GR,6.560,,1,0,Active,exact,Cc1nn(CCN2CCN(C(C)C)CC2)c2ncc(C(=O)Nc3ccc(C(F)(F)F)cc3)c(Cl)c12
CHEMBL844,GR,,4.523,0,1,Inactive,censored,Brc1c(NC2=NCCN2)ccc2nccnc12
CHEMBL608,GR,,4.523,0,1,Inactive,censored,CC(C)(Sc1cc(C(C)(C)C)c(O)c(C(C)(C)C)c1)Sc1cc(C(C)(C)C)c(O)c(C(C)(C)C)c1
CHEMBL15870,GR,,4.523,0,1,Inactive,censored,CC(C(=O)O)c1ccc(N2Cc3ccccc3C2=O)cc1
CHEMBL1082723,GR,,4.523,0,1,Inactive,censored,C[C@H]1Cc2c([nH]c3cc(Cl)c(F)cc23)[C@@]2(N1)C(=O)Nc1ccc(Cl)cc12
CHEMBL2204048,GR,7.960,,1,0,Active,exact,O=c1[nH]c(=O)c(Cc2ccc(Cl)cc2Cl)c([C@H]2CC[C@@H](c3ccccc3)CC2)[nH]1
CHEMBL244714,GR,9.300,,1,0,Active,exact,CCO/N=C(\C)c1ccsc1/C=C1\Oc2ccc(O)c(OC)c2-c2ccc3c(c21)C(C)=CC(C)(C)N3
CHEMBL6038851,GR,6.560,,1,0,Active,exact,Cc1nn(-c2ccc(Br)cc2)c2ncc(C(=O)Nc3ccc(C(F)(F)F)cc3)c(Cl)c12
CHEMBL245192,GR,,5.699,0,1,,censored,Cc1cc(C)c(S(=O)(=O)NC(C)Cc2cc3ccccc3[nH]2)c(C)c1
CHEMBL382301,GR,,4.523,0,1,Inactive,censored,CCOc1ccc(C[C@H]2NC(=O)CCSSC[C@@H](C(=O)N3CCC[C@H]3C(=O)N[C@@H](CCCN)C(=O)NCC(N)=O)NC(=O)[C@H](CC(N)=O)NC(=O)[C@H]([C@@H](C)O)NC(=O)[C@H]([C@@H](C)CC)NC2=O)cc1
CHEMBL379159,GR,7.940,,1,0,Active,exact,Cc1noc(=O)c2ccc(NC(=O)C(O)(CC3(C(C)(C)C)CCCc4ccccc43)C(F)(F)F)cc12
CHEMBL6031431,GR,8.620,,1,0,Active,exact,CCCC1O[C@@H]2C[C@H]3[C@@H]4CCC5=Cc6c(cnn6-c6ccc(OCCCCP(=O)(O)O)cc6)C[C@]5(C)[C@H]4[C@@H](O)C[C@]3(C)[C@]2(C(=O)CO)O1
CHEMBL5583653,GR,7.580,,1,0,Active,exact,CCN(C[C@@](O)(CNC(=O)c1cnn(-c2ccc(F)cc2)c1N)C(F)(F)F)C(=O)c1ccccc1F
CHEMBL403178,GR,8.520,,1,0,Active,exact,O=S(=O)(Nc1ccccc1)N1CCC2=Cc3c(cnn3-c3ccc(F)cc3)CC2(Cc2ccc(F)cc2)C1
CHEMBL247233,GR,5.350,,1,0,,exact,O=C1C=C2CCN(S(=O)(=O)c3ccccc3C(F)(F)F)CC2(Cc2ccccc2)CC1
CHEMBL2218861,GR,,4.523,0,1,Inactive,censored,CCCN1CC(NS(=O)(=O)N(CC)CC)CC2Cc3c(O)cccc3CC21
CHEMBL645,GR,,4.523,0,1,Inactive,censored,CC(C)NCC(O)COc1ccc(COCCOC(C)C)cc1
CHEMBL5965997,GR,6.560,,1,0,Active,exact,Cc1nn(C2CCN(S(C)(=O)=O)CC2)c2ncc(C(=O)Nc3ccc(C(F)(F)F)cc3)c(Cl)c12
CHEMBL4162539,GR,7.710,,1,0,Active,exact,CC(C)(C)C#C[C@]1(O)CC[C@H]2[C@@H]3CCC4=CC(=O)CCC4=C3[C@@H](c3ccc(N4CCCC4)cc3)C[C@@]21C
CHEMBL5556748,GR,,5.301,0,1,,censored,O=C(Nc1nc2ccc(OC(F)(F)F)cc2s1)c1ccc(S(=O)(=O)N2CCCc3ccccc32)cc1
CHEMBL1201212,GR,,4.523,0,1,Inactive,censored,COc1ccc(OC)c(C(O)CNC(=O)CN)c1
CHEMBL807,GR,,4.523,0,1,Inactive,censored,CC12CC3CC(C)(C1)CC(N)(C3)C2
CHEMBL4214847,GR,7.720,,3,0,Active,exact,C[C@H](NC(=O)C(C)(F)F)[C@H](Oc1ccc2c(cnn2-c2ccc(=O)n(C3CC3)c2)c1)c1ccccc1
CHEMBL541908,GR,7.400,,1,0,Active,exact,Br.C=CCOC(C)C1=CC(C)(C)Nc2ccc(-c3cc(F)ccc3OC)cc21
CHEMBL5563148,GR,,5.301,0,1,,censored,CCOC(=O)c1ccc(NC(=O)c2ccc(S(=O)(=O)Nc3ccc(C)cc3)cc2)s1
CHEMBL557958,GR,6.320,,1,0,Active,exact,C[C@H]1C[C@@H]2[C@H]3CCC4=CC(=O)C=C[C@@]4(C)[C@]3(F)[C@H](O)C[C@@]2(C)[C@]1(O)C(=O)NCCNC(=O)c1cc(NC(=O)c2cc(NC(=O)c3nccn3C)cn2C)cn1C
CHEMBL3094471,GR,6.640,,1,1,Active,exact,CCC(Cc1ccc(C)cc1)NS(=O)(=O)c1c(C)cc(C)cc1C
CHEMBL515127,GR,6.425,,2,1,Active,exact,CC1(C(=O)Nc2nccs2)CC2(C#N)c3ccccc3C1c1ccccc12
CHEMBL182984,GR,7.960,,1,0,Active,exact,Cc1c(NS(C)(=O)=O)cccc1N(Cc1ccccc1)Cc1ccc(Oc2cccc(OCC(=O)NCCCC(=O)O)c2)cc1
CHEMBL395051,GR,6.400,,1,0,Active,exact,COc1ccccc1-c1ccc2c(c1)C(C(C)OCCC1CCCCC1)=CC(C)(C)N2
CHEMBL5944181,GR,6.560,,1,0,Active,exact,Cc1nn(-c2ccccc2)c2ncc(C(=O)Nc3ccc(OC(F)(F)F)cc3)c(Cl)c12
CHEMBL569,GR,,4.523,0,1,Inactive,censored,CCN(CC)CCOC(=O)c1ccc(N)cc1
CHEMBL374327,GR,7.320,,1,0,Active,exact,Cc1ccc(F)cc1C(C)(C)CC(O)(Cn1ccc(=O)c2cnccc21)C(F)(F)F
CHEMBL517933,GR,7.800,,1,0,Active,exact,Nc1c(C(=O)NCC(O)(CN(CCO)C(=O)c2c(F)cccc2F)C(F)(F)F)cnn1-c1ccc(F)cc1
CHEMBL5818679,GR,7.560,,1,0,Active,exact,C[C@]12C=CC(=O)C=C1[C@@H](F)C[C@H]1[C@@H]3C[C@H]4O[C@H](c5ccc(CSc6ccc(Cl)c(N)c6)cc5)O[C@@]4(C(=O)CO)[C@@]3(C)C[C@H](O)[C@@]12F
CHEMBL2181929,GR,,4.000,0,1,Inactive,censored,CC1(C)Oc2cc(NS(C)(=O)=O)ccc2N(c2ccc(F)cc2)C1=O
CHEMBL637,GR,,4.523,0,1,Inactive,censored,COc1ccc(C(CN(C)C)C2(O)CCCCC2)cc1
CHEMBL1065,GR,,4.523,0,1,Inactive,censored,CC[C@@H](CO)NC(=O)[C@@H]1C=C2c3cccc4c3c(cn4C)C[C@H]2N(C)C1
CHEMBL203885,GR,6.440,,2,0,Active,exact,C=CCSCC1=CC(C)(C)Nc2ccc(-c3ccccc3OC)cc21
CHEMBL1095282,GR,,4.523,0,1,Inactive,censored,CN(C)C(=O)OC1N=C(c2ccccc2)c2cc(Cl)ccc2N(C)C1=O
CHEMBL411185,GR,8.680,,1,0,Active,exact,C#C[C@]1(O)CC[C@H]2[C@@H]3CCC4=CC(=O)CCC4=C3[C@@H](c3ccc(N(C)C(=O)CNC(=O)OC4CC[C@@]5(C)[C@@H](C4)C[C@@H](O)[C@@H]4[C@@H]5C[C@H](O)[C@]5(C)[C@@H]([C@H](C)CCC(=O)O)CC[C@@H]45)cc3)C[C@@]21C
CHEMBL5994601,GR,9.240,,1,0,Active,exact,CC(C)S(=O)(=O)c1ccc(-c2ccc3c(n2)Oc2ccccc2[C@@H]3C(C)(C)C(=O)NC(N)=O)cc1
CHEMBL5849302,GR,7.180,,1,0,Active,exact,CC(C)(c1nc2cncnc2[nH]1)[C@@H]1c2ccc(-c3ccc(S(C)(=O)=O)cc3)nc2Oc2c(F)cccc21
CHEMBL1200761,GR,,4.523,0,1,Inactive,censored,COc1ccc(C(Cl)=C(c2ccc(OC)cc2)c2ccc(OC)cc2)cc1
CHEMBL184308,GR,6.770,,1,0,Active,exact,Cc1c(NS(C)(=O)=O)cccc1N(Cc1ccc(CCCC(=O)O)cc1)Cc1ccc(Oc2ccccc2)cc1
CHEMBL247603,GR,6.950,,1,0,Active,exact,CN(C)c1ccc(S(=O)(=O)N2CCC3=CC(=O)CCC3(Cc3ccccc3)C2)cc1
CHEMBL320690,GR,7.240,,1,0,Active,exact,CC1=CC(C)(C)Nc2ccc3c(c21)C(c1cccc(Cl)c1)Oc1ccccc1-3
CHEMBL2426659,GR,7.050,,2,2,Active,exact,CC(C)(C(=O)Nc1nncs1)[C@H](c1ccccc1)c1ccc2[nH]ncc2c1
CHEMBL1213351,GR,,4.523,0,1,Inactive,censored,CCC(=O)O[C@](Cc1ccccc1)(c1ccccc1)[C@H](C)CN(C)C
CHEMBL2103870,GR,,4.523,0,1,Inactive,censored,Cc1ccc(NC(=O)C2(c3ccc4c(c3)OC(F)(F)O4)CC2)nc1-c1cccc(C(=O)O)c1
CHEMBL228663,GR,,5.699,0,1,,censored,C=CCOC(CC=C)C1=CC(C)(C)Nc2ccc(-c3ccccc3OC)cc21
CHEMBL3126944,GR,7.885,,2,0,Active,exact,CC(C)(CC(O)(Cc1cc2ncncc2[nH]1)C(F)(F)F)c1cc(F)cc2c1OCC2
CHEMBL52606,GR,,4.523,0,1,Inactive,censored,C=C[C@@]1(C)CC(=O)[C@]2(O)[C@@]3(C)[C@@H](O)CCC(C)(C)[C@@H]3[C@H](O)[C@H](OC(C)=O)[C@@]2(C)O1
CHEMBL273264,GR,,4.523,0,1,Inactive,censored,N=C(N)Nc1ccc(C(=O)Oc2ccc3cc(C(=N)N)ccc3c2)cc1
CHEMBL5914440,GR,8.700,,1,0,Active,exact,CCCC1O[C@@H]2C[C@H]3[C@@H]4CCC5=Cc6c(cnn6-c6cccc(OCCCCCCP(=O)(O)O)c6)C[C@]5(C)[C@H]4[C@@H](O)C[C@]3(C)[C@]2(C(=O)CO)O1
CHEMBL529888,GR,,4.523,0,1,Inactive,censored,Cc1ccc(S(=O)(=O)NC(=O)N[C@H]2[C@H]3CC[C@@](C)([C@H]2O)C3(C)C)cc1
CHEMBL1684351,GR,7.910,,3,0,Active,exact,C[C@H]1c2c(cc(F)c(-c3cccc4cc[nH]c34)c2F)NC(C)(C)[C@@H]1OC(=O)Nc1ccc2c(c1)OCO2
CHEMBL3233279,GR,7.880,,2,0,Active,exact,Cc1ccc(F)cc1C(C)(C)CC(O)(Cc1cc2cnccc2[nH]1)C(C)(C)C
CHEMBL6041217,GR,7.520,,1,0,Active,exact,C[C@]12C=CC(=O)C=C1CC[C@@H]1[C@@H]2[C@@H](O)C[C@@]2(C)[C@H]1C[C@H]1O[C@@H](c3ccc(Sc4ccc(Cl)c(N)c4)cc3)O[C@]12C(=O)CO
CHEMBL847,GR,,5.000,0,1,,censored,CC(C)NCC1CCc2cc(CO)c([N+](=O)[O-])cc2N1
CHEMBL170988,GR,,4.523,0,1,Inactive,censored,N=C(N)NC(=N)NCCc1ccccc1
CHEMBL5777012,GR,,5.301,0,1,,censored,CCOc1c(C(=O)Nc2ccc(C(F)(F)F)cc2)cnc2c1ncn2CCC1CCNCC1
CHEMBL1800983,GR,7.230,,4,1,Active,exact,Cc1cc([C@H](c2ccccc2)C(C)(C)C(=O)Nc2nncs2)ccc1O
CHEMBL5939906,GR,5.560,,1,0,,exact,Cc1nn(-c2ccccc2)c2ncc(C(=O)Nc3cccnc3)c(Cl)c12
CHEMBL1911649,GR,7.825,,2,0,Active,exact,COc1ccc(F)cc1C(C)(C)CC(O)(Cc1cc2cc(C#N)ccc2[nH]1)C(F)(F)F
CHEMBL6006524,GR,6.560,,1,0,Active,exact,COc1ccc(NC(=O)c2cnc3c(c(C)nn3Cc3nn[nH]c3C)c2Cl)cc1
CHEMBL1159650,GR,8.840,,3,0,Active,exact,CCC(=O)O[C@]1(C(=O)CCl)[C@@H](C)C[C@H]2[C@@H]3CCC4=CC(=O)C=C[C@]4(C)[C@@]3(F)[C@@H](O)C[C@@]21C
CHEMBL3666811,GR,9.190,,2,0,Active,exact,C[C@H](NC(=O)C(C)(F)F)[C@H](Oc1ccc2c(cnn2-c2cccc(C(=O)N[C@@H]3CCC[C@@H]3O)c2)c1)c1ccc2c(c1)OCCO2
CHEMBL68083,GR,7.820,,2,0,Active,exact,Cc1c(NS(C)(=O)=O)cccc1N(Cc1ccccc1)Cc1ccc(F)cc1F
CHEMBL2023618,GR,8.800,,1,0,Active,exact,C[C@]12Cc3cnn(-c4ccc(F)cc4)c3C=C1CC[C@@H]1[C@@H]2[C@@H](O)C[C@@]2(C)[C@H]1CC[C@]2(O)C(=O)CSc1nccc2ccccc12
CHEMBL5802522,GR,6.560,,1,0,Active,exact,Cc1nn(CCN2CCOCC2)c2ncc(C(=O)Nc3ccc(Cl)cc3)c(Cl)c12
CHEMBL2426654,GR,6.710,,3,1,Active,exact,CC(C)n1ncc2cc(C(c3ccccc3)C(C)(C)C(=O)Nc3nncs3)ccc21
CHEMBL503848,GR,8.460,,1,0,Active,exact,C[C@H]1C[C@H]2[C@@H]3CCC4=CC(=O)C=C[C@]4(C)[C@@]3(F)[C@@H](O)C[C@]2(C)[C@@]1(OC(=O)NC1CCCCC1)C(=O)CO
CHEMBL392499,GR,7.340,,1,0,Active,exact,COc1ccc(F)cc1C(C)(C)CC(O)(Cc1cc(C)cc(Cl)c1)C(F)(F)F
CHEMBL4210967,GR,7.240,,1,0,Active,exact,COc1ccc(-n2ncc3cc(O[C@H](c4ccccc4)[C@@H](NC(=O)C(C)(F)F)C(C)C)ccc32)cn1
CHEMBL493,GR,,4.523,0,1,Inactive,censored,CC(C)C[C@H]1C(=O)N2CCC[C@H]2[C@]2(O)O[C@](NC(=O)[C@@H]3C=C4c5cccc6[nH]c(Br)c(c56)C[C@H]4N(C)C3)(C(C)C)C(=O)N12
CHEMBL409835,GR,9.100,,1,0,Active,exact,O=S(=O)(c1ccccc1)N1CCC2=Cc3c(cnn3-c3ccc(F)cc3)C[C@]2(CN2CCCCC2)C1
CHEMBL1928878,GR,6.020,,1,0,Active,exact,O=C1COc2ccc(C3=Nc4ccccc4SC3c3ccccc3)cc2N1
CHEMBL5859245,GR,6.560,,1,0,Active,exact,CCc1ccc(NC(=O)c2cnc3c(c(C)nn3-c3ccccc3)c2Cl)cc1
CHEMBL5750460,GR,5.560,,1,0,,exact,COCCOc1ccc(NC(=O)c2cnc3c(c(C)nn3C)c2Cl)cc1
CHEMBL858,GR,,5.000,0,1,,censored,O=C(O)CN(CCN(CC(=O)O)CC(=O)O)CC(=O)O
CHEMBL242872,GR,6.560,,1,0,Active,exact,COc1ccccc1-c1ccc2c(c1)C(C(C)OCCc1cccc(Cl)c1)=CC(C)(C)N2
CHEMBL1097751,GR,5.860,,1,0,,exact,CC1=C(C#N)[C@@H](c2ccc(F)cc2Cl)C(C(=O)OC(C)(C)C)=C(C)N1
CHEMBL1254174,GR,7.435,,2,0,Active,exact,COc1ccc(-c2cncnc2)cc1C(C)(C)CC(O)(Cc1cc2ccncc2[nH]1)C(F)(F)F
CHEMBL4096901,GR,5.240,,1,0,,exact,CCOc1ncc(C)c2c1[C@H](c1ccc(C#N)cc1OC)C(C#N)=C(C)N2
CHEMBL65498,GR,7.960,,1,0,Active,exact,COc1cccc2c1-c1ccc(NS(C)(=O)=O)cc1C(c1ccsc1)O2
CHEMBL5782281,GR,7.590,,1,0,Active,exact,C[C@]12C=CC(=O)C=C1[C@@H](F)C[C@H]1[C@@H]3C[C@H]4O[C@H](c5ccc(Cc6ccc(Cl)c(N)c6)cc5)O[C@@]4(C(=O)CO)[C@@]3(C)C[C@H](O)[C@@]12F
CHEMBL1254994,GR,8.625,,2,0,Active,exact,COc1ccc(F)cc1C(C)(C)CC(O)(Cn1ccc2ncccc21)C(F)(F)F
CHEMBL5572655,GR,,5.301,0,1,,censored,O=C(Nc1ccc(C(=O)NC23C[C@H]4C[C@H](C2)C[C@@H](C3)C4)s1)c1cccc(S(=O)(=O)N2CCCc3ccccc32)c1
CHEMBL400161,GR,8.300,,1,0,Active,exact,CC(C)(C)c1ccc(S(=O)(=O)N2CCC3=CC(=O)CCC3(Cc3ccc(F)cc3)C2)cc1
CHEMBL1466,GR,,5.000,0,1,,censored,O=c1oc2ccccc2c(O)c1Cc1c(O)c2ccccc2oc1=O
CHEMBL218650,GR,,4.523,0,1,Inactive,censored,C[C@]1(COc2ccc(N3CCC(Oc4ccc(OC(F)(F)F)cc4)CC3)cc2)Cn2cc([N+](=O)[O-])nc2O1
CHEMBL1911648,GR,6.365,,2,0,Active,exact,COc1ccc(F)cc1C(C)(C)CC(O)(Cc1cc2cc(C(F)(F)F)ccc2[nH]1)C(F)(F)F
CHEMBL4082878,GR,8.400,,3,0,Active,exact,CC(C)(CC(O)(CNc1cccc2c(=O)[nH]ccc12)C(F)(F)F)c1cccc(F)c1O
CHEMBL310570,GR,9.050,,6,0,Active,exact,C[C@]12Cc3cnn(-c4ccc(F)cc4)c3C=C1CCC[C@@H]2[C@](C)(O)c1ccsc1
CHEMBL50454,GR,5.780,,1,0,,exact,C=C1C[C@H](C)C[C@@H](C)[C@@H]1Cc1cc(OC)c(Br)cc1O
CHEMBL306491,GR,6.600,,1,0,Active,exact,COc1cccc(CN(Cc2ccccc2)c2cccc(NS(C)(=O)=O)c2C)c1
CHEMBL3666810,GR,9.080,,4,0,Active,exact,C[C@H](NC(=O)C(C)(F)F)[C@H](Oc1ccc2c(cnn2-c2cccc(C(=O)N[C@H]3CCOC3)c2)c1)c1ccc2c(c1)OCOC2
CHEMBL2426143,GR,7.725,,2,0,Active,exact,CC(C)(C(=O)Nc1nccs1)C(c1ccccc1)c1ccc2c(-c3ccc(C#N)cc3)ncn2c1
CHEMBL243873,GR,,5.699,0,1,,censored,Cc1cc(C)c(CNC(C)Cc2c[nH]c3ccccc23)c(C)c1
CHEMBL79335,GR,8.670,,2,0,Active,exact,C=CCC[C@H](O)[C@H]1CCCC2=Cc3c(cnn3-c3ccc(F)cc3)C[C@@]21C
CHEMBL1911547,GR,7.570,,1,1,Active,exact,COc1ccc(F)cc1C(C)(C)CC(O)(Cc1cc2cccc(C#N)c2[nH]1)C(F)(F)F
CHEMBL760,GR,,4.523,0,1,Inactive,censored,O=C1CN2Cc3c(ccc(Cl)c3Cl)N=C2N1
CHEMBL5092058,GR,,5.000,0,2,,censored,Cc1cn([C@H](C)CC#N)c(=O)c2cc(Cn3nc(C(F)F)cc3Cl)nn12
CHEMBL3261428,GR,7.805,,2,0,Active,exact,Cc1nn(C2CCCC2)c(C)c1S(=O)(=O)N[C@@H](C)CNc1cccc2c1cnn2-c1cncnc1
CHEMBL5826255,GR,,5.301,0,1,,censored,Cc1cn(C)c2ncc(C(=O)Nc3ccc(C(C)C)cc3)cc12
CHEMBL3983602,GR,6.620,,1,0,Active,exact,CC#C[C@]1(O)CC[C@H]2[C@@H]3CCc4cc(C(=O)Nc5cnccc5C)ccc4[C@H]3[C@@H](O)C[C@@]21C
CHEMBL427899,GR,7.090,,2,0,Active,exact,Cc1cc(-c2cccc3ccn(C)c23)c(Cl)c2c1NC(C)(C)CC2C
CHEMBL1086116,GR,7.150,,2,0,Active,exact,CCCN(c1ccccc1)S(=O)(=O)c1ccc(-c2ccc3c(cnn3-c3ccc(F)cc3)c2)c(C(F)(F)F)c1
CHEMBL374507,GR,8.010,,2,0,Active,exact,CC#C[C@]1(O)CC[C@H]2[C@@H]3CCC4=CC(=O)CCC4=C3[C@@H](c3ccc(OCCO[C@H]4CC[C@@]5(C)[C@@H](C4)C[C@@H](O)[C@@H]4[C@@H]5C[C@H](O)[C@]5(C)[C@@H]([C@H](C)CCC(=O)O)CC[C@@H]45)c(C)c3)C[C@@]21C
CHEMBL1940552,GR,7.360,,1,0,Active,exact,C[C@]12C=CC(=O)C=C1CC[C@@H]1[C@@H]2[C@@H](O)C[C@@]2(C)[C@H]1CC[C@]2(O)C(=O)CSc1ccccn1
CHEMBL1082,GR,,4.523,0,1,Inactive,censored,CC1(C)S[C@@H]2[C@H](NC(=O)[C@H](N)c3ccc(O)cc3)C(=O)N2[C@H]1C(=O)O
CHEMBL3094487,GR,7.570,,1,1,Active,exact,CC[C@@H](Cc1ccc(O)cc1C)NS(=O)(=O)c1c(C)cc(C)cc1C
CHEMBL4483408,GR,7.910,,1,0,Active,exact,CC(C)(C)C#C[C@]1(O)CC[C@H]2[C@@H]3CCC4=CC(=O)CC[C@@H]4[C@H]3[C@@H](c3ccc(N4CCN(S(C)(=O)=O)CC4)cc3)C[C@@]21C
CHEMBL4169100,GR,6.690,,1,0,Active,exact,CN(C)c1cccc([C@H]2C[C@@]3(C)[C@@H](CC[C@@]3(O)C#CC(C)(C)C)[C@@H]3CCC4=CC(=O)CCC4=C32)c1
CHEMBL270879,GR,9.050,,1,0,Active,exact,CCCOC[C@]12Cc3cnn(-c4ccc(F)cc4)c3C=C1CCN(S(=O)(=O)c1ccc(C(F)(F)F)cc1)C2
CHEMBL429913,GR,8.960,,1,0,Active,exact,CC(C)(C)c1ccc(S(=O)(=O)N2CCC3=Cc4c(cnn4-c4ccc(F)cc4)C[C@]3(CN3CCCC3)C2)cc1
CHEMBL205926,GR,5.990,,1,0,,exact,CCCSCC1=CC(C)(C)Nc2ccc(-c3ccccc3OC)cc21
CHEMBL3966490,GR,9.400,,1,0,Active,exact,CC#C[C@]1(O)CC[C@H]2[C@@H]3CCc4cc(C(=O)Nc5cccnc5C)ccc4[C@H]3[C@@H](OCc3ccccc3)C[C@@]21C
CHEMBL5272324,GR,5.380,,3,0,,exact,O=C(c1ccco1)N1CCCc2cc(NS(=O)(=O)c3ccc(Cl)c(C(F)(F)F)c3)ccc21
CHEMBL5945696,GR,5.560,,1,0,,exact,Cc1nn(-c2ccc(F)cc2)c2ncc(C(=O)NCc3ccccc3Cl)c(Cl)c12
CHEMBL2086965,GR,,4.000,0,1,Inactive,censored,O=C(N/N=C/c1cc(Br)ccc1O)c1cc2ccccc2cc1O
CHEMBL152231,GR,,4.523,0,1,Inactive,censored,COc1ccccc1OCCNCC(O)c1ccc(C)c(S(N)(=O)=O)c1
CHEMBL1200969,GR,,5.000,0,1,,censored,C[C@]12C=CC(=O)N[C@@H]1CC[C@@H]1[C@@H]2CC[C@]2(C)[C@@H](C(=O)Nc3cc(C(F)(F)F)ccc3C(F)(F)F)CC[C@@H]12
CHEMBL8329,GR,7.920,,1,0,Active,exact,C=CCOc1ccc2c(c1OC)-c1ccc3c(c1C(CC=C)O2)C(C)=CC(C)(C)N3
CHEMBL160,GR,,4.523,0,1,Inactive,censored,C/C=C/C[C@@H](C)[C@@H](O)[C@H]1C(=O)N[C@@H](CC)C(=O)N(C)CC(=O)N(C)[C@@H](CC(C)C)C(=O)N[C@@H](C(C)C)C(=O)N(C)[C@@H](CC(C)C)C(=O)N[C@@H](C)C(=O)N[C@H](C)C(=O)N(C)[C@@H](CC(C)C)C(=O)N(C)[C@@H](CC(C)C)C(=O)N(C)[C@@H](C(C)C)C(=O)N1C
CHEMBL270575,GR,9.150,,1,0,Active,exact,COCCOC[C@]12Cc3cnn(-c4ccc(F)cc4)c3C=C1CCN(S(=O)(=O)c1ccc(C(C)(C)C)cc1)C2
CHEMBL8026,GR,7.190,,1,0,Active,exact,C=CCC1Oc2cccc(OCC)c2-c2ccc3c(c21)C(C)=CC(C)(C)N3
CHEMBL233243,GR,5.920,,1,0,,exact,CC(Cc1c[nH]c2ccccc12)NS(=O)(=O)c1cccc(Cl)c1Cl
CHEMBL4096930,GR,8.985,,2,0,Active,exact,Cc1ccnc(C(=O)[C@]23Cc4cnn(-c5ccc(F)cc5)c4C=C2CCN(S(=O)(=O)c2cccc(C(F)(F)F)c2)C3)c1
CHEMBL897,GR,,5.000,0,1,,censored,CCCN(CCC)S(=O)(=O)c1ccc(C(=O)O)cc1
CHEMBL6015224,GR,,5.301,0,1,,censored,CCN(C(=O)c1cnc2c(c(C)nn2-c2ccccc2)c1Cl)c1ccc(Cl)cc1
CHEMBL382564,GR,,7.000,0,1,,censored,C(=C1c2ccccc2CCc2ccccc21)c1ccccc1
CHEMBL4093329,GR,5.840,,1,0,,exact,N#Cc1ccc(S(=O)(=O)N(Cc2ccccc2)c2ccc(Oc3ccccc3)cc2)cc1
CHEMBL247050,GR,6.710,,1,0,Active,exact,O=C1C=C2CCN(S(=O)(=O)c3ccc(Cl)cc3)CC2(Cc2ccccc2)CC1
CHEMBL72,GR,,4.523,0,1,Inactive,censored,CNCCCN1c2ccccc2CCc2ccccc21
CHEMBL278819,GR,,4.523,0,1,Inactive,censored,Cc1cc(-c2ccccc2)nnc1NCCN1CCOCC1
CHEMBL3927163,GR,4.925,,2,0,Inactive,exact,O=S(=O)(Nc1ccc(Oc2ccccc2)cc1)c1cccc(C(F)(F)F)c1
CHEMBL203341,GR,,5.699,0,1,,censored,C=CCSCC1=CC(C)(C)Nc2ccc(-c3cccc(OCC)c3)cc21
CHEMBL267345,GR,,4.523,0,1,Inactive,censored,C[C@@H]1[C@H](O)[C@@H](C)/C=C/C=C/C=C/C=C/C=C/C=C/C=C/[C@H](O[C@@H]2O[C@H](C)[C@@H](O)[C@H](N)[C@@H]2O)C[C@@H]2O[C@](O)(C[C@@H](O)C[C@@H](O)[C@H](O)CC[C@@H](O)C[C@@H](O)CC(=O)O[C@H]1C)C[C@H](O)[C@H]2C(=O)O
CHEMBL396416,GR,,4.523,0,1,Inactive,censored,N[C@@H](CSCC(=O)O)C(=O)O
CHEMBL3126939,GR,7.910,,2,0,Active,exact,Cc1ccc(F)cc1C(C)(C)CC(O)(Cc1cc2nc(N3CCS(=O)(=O)CC3)ncc2[nH]1)C(F)(F)F
CHEMBL3261427,GR,7.890,,3,0,Active,exact,Cc1nn(C2CCCC2)c(C)c1S(=O)(=O)N[C@@H](C)CNc1cccc2c1cnn2-c1ccc(C#N)cc1
CHEMBL5879635,GR,6.560,,1,0,Active,exact,COc1cc(Cn2nc(C)c3c(Cl)c(C(=O)Nc4ccc(Cl)cc4)cnc32)ncn1
CHEMBL5764729,GR,7.810,,1,0,Active,exact,C[C@]12C=CC(=O)C=C1[C@@H](F)C[C@H]1[C@@H]3C[C@H]4O[C@@H](c5ccc(Sc6ccc(N)cc6)cc5)O[C@@]4(C(=O)CO)[C@@]3(C)C[C@H](O)[C@@]12F
CHEMBL2022657,GR,8.820,,1,0,Active,exact,C[C@]12Cc3cnn(-c4ccccc4)c3C=C1CC[C@@H]1[C@@H]2[C@@H](O)C[C@@]2(C)[C@H]1CC[C@]2(O)C(=O)CSc1ccccn1
CHEMBL1682438,GR,8.300,,1,0,Active,exact,C[C@H]1c2c(F)c(-c3cccc4cc[nH]c34)c(F)c(F)c2NC(C)(C)[C@@H]1O
CHEMBL395091,GR,,4.523,0,1,Inactive,censored,CN[C@]1(c2ccccc2Cl)CCCCC1=O
CHEMBL46102,GR,,4.523,0,1,Inactive,censored,CC(=O)OCC(=O)NCCCOc1cccc(CN2CCCCC2)c1
CHEMBL5901269,GR,8.960,,1,0,Active,exact,CC(C)(C(=O)NC(N)=O)[C@@H]1c2ccc(-c3ccc(N4CCOCC4)nc3)nc2Oc2c(F)cccc21
CHEMBL6061378,GR,,5.301,0,1,,censored,CN1CC(CO)c2cc(C(=O)Nc3ccc(Cl)cc3)cnc21
CHEMBL6059706,GR,7.570,,1,0,Active,exact,C[C@]12C=CC(=O)C=C1[C@@H](F)C[C@H]1[C@@H]3C[C@H]4O[C@@H](c5ccc(Cc6cccc(N)c6)cc5)O[C@@]4(C(=O)O)[C@@]3(C)C[C@H](O)[C@@]12F
CHEMBL389545,GR,7.520,,3,0,Active,exact,CC#C[C@]1(O)CC[C@H]2[C@@H]3CCC4=CC(=O)CCC4=C3[C@@H](c3ccc(N(C)Cc4cccc(C(=O)O)c4)cc3)C[C@@]21C
CHEMBL1221,GR,4.700,,1,0,Inactive,exact,Clc1ccc(CSC(Cn2ccnc2)c2ccc(Cl)cc2Cl)cc1
CHEMBL5811705,GR,,5.301,0,1,,censored,COC(=O)N1CCC(n2nc(C)c3c(O)c(C(=O)Nc4ccc(Cl)cc4)cnc32)CC1
CHEMBL524715,GR,4.120,,1,0,Inactive,exact,CCCC(CC(=O)O)C1=C2O[C@H](C(C)(C)O)C[C@@]23C[C@H](CC=C(C)C)C(C)(C)[C@@](C(=O)C(C)CC)(C1=O)C3=O
CHEMBL3956011,GR,7.040,,1,0,Active,exact,Cc1ccc(NC(=O)c2ccc3c(c2)CC[C@@H]2[C@@H]3[C@@H](O)C[C@]3(C)[C@@H](O)CC[C@@H]23)cn1
CHEMBL2419304,GR,,5.000,0,1,,censored,Cc1cc(F)ccc1C1=C(c2ccc3c(c2)NC(=O)CO3)COC1=O
CHEMBL2315001,GR,6.370,,3,0,Active,exact,CC[C@H]1OC(=O)[C@H](C)[C@@H](O[C@H]2C[C@@](C)(OC)[C@@H](O)[C@H](C)O2)[C@H](C)[C@@H](O[C@@H]2O[C@H](C)C[C@H](N(C)C)[C@H]2O)[C@](C)(O)C[C@@H](C)CN(CCCNC(=O)[C@H]2[C@H](C)C[C@H]3[C@@H]4CCC5=CC(=O)C=C[C@]5(C)[C@@]4(F)[C@@H](O)C[C@@]32C)[C@H](C)[C@@H](O)[C@]1(C)O
CHEMBL4560632,GR,,4.800,0,1,Inactive,censored,CCNC(=O)CC1COc2cc(F)ccc2N1C(=O)c1ccc2c(c1)NC(=O)CO2
CHEMBL572330,GR,7.960,,4,0,Active,exact,C[C@]12Cn3cnc(-c4ccc(F)cc4)c3C=C1CCC[C@@H]2[C@](C)(O)c1ccc(Cl)s1
CHEMBL3094484,GR,7.485,,2,0,Active,exact,CCC(Cc1cc(C)c(O)c(C)c1)NS(=O)(=O)c1c(C)cc(C)cc1C
CHEMBL3964460,GR,10.400,,1,0,Active,exact,CC#C[C@]1(O)CC[C@H]2[C@@H]3CCc4cc(C(=O)Nc5cccnc5C)ccc4[C@H]3[C@@H](OC)C[C@@]21C
CHEMBL182464,GR,8.190,,1,0,Active,exact,Cc1c(NS(C)(=O)=O)cccc1N(Cc1ccccc1)Cc1ccc(Oc2cccc(CCNC(=O)CCCC(=O)O)c2)cc1
CHEMBL1683,GR,8.100,,1,0,Active,exact,CCCC(=O)O[C@]1(C(=O)CO)CC[C@H]2[C@@H]3CCC4=CC(=O)CC[C@]4(C)[C@H]3[C@@H](O)C[C@@]21C
CHEMBL425970,GR,7.660,,1,0,Active,exact,Cc1ccccc1C(C)(C)CC(O)(Cn1ccc(=O)c2ccccc21)C(F)(F)F
CHEMBL17860,GR,,4.523,0,1,Inactive,censored,CC(Oc1c(Cl)cccc1Cl)C1=NCCN1
CHEMBL71405,GR,6.350,,1,0,Active,exact,CS(=O)(=O)Nc1cccc(N(Cc2ccccc2)Cc2ccccc2)c1-c1ccccc1
CHEMBL1940695,GR,8.150,,1,0,Active,exact,C[C@@H]1C[C@H]2[C@@H]3CCC4=CC(=O)C=C[C@]4(C)[C@H]3[C@@H](O)C[C@]2(C)[C@@]1(O)C(=O)CSc1nc2cccnc2s1
CHEMBL2314993,GR,,4.602,0,2,Inactive,censored,CC[C@H]1OC(=O)[C@H](C)[C@@H](O[C@H]2C[C@@](C)(OC)[C@@H](O)[C@H](C)O2)[C@H](C)[C@@H](O[C@@H]2O[C@H](C)C[C@H](N(C)C)[C@H]2O)[C@](C)(O)C[C@@H](C)CN(CCCNC(=O)[C@@]2(O)CC[C@H]3[C@@H]4CCC5=CC(=O)CC[C@]5(C)[C@H]4[C@@H](O)C[C@@]32C)[C@H](C)[C@@H](O)[C@]1(C)O
CHEMBL3706942,GR,9.220,,1,0,Active,exact,COCOCc1cc(F)ccc1/C=C1\Oc2ccc(O)c(OC)c2-c2ccc3c(c21)C(C)=CC(C)(C)N3
CHEMBL139835,GR,6.990,,3,0,Active,exact,CC(=O)O[C@]1(C(C)=O)CC[C@H]2[C@@H]3C=C(Cl)C4=CC(=O)[C@@H]5C[C@@H]5[C@]4(C)[C@H]3CC[C@@]21C
CHEMBL312041,GR,8.720,,1,0,Active,exact,CC(C)(O)[C@H]1CCCC2=Cc3c(cnn3-c3ccc(F)cc3)C[C@@]21C
CHEMBL2426638,GR,7.830,,2,0,Active,exact,CC(C)CC(c1ccc2c(cnn2-c2ccc(F)cc2)c1)C(C)(C)C(=O)Nc1nncs1
CHEMBL5978171,GR,8.630,,1,0,Active,exact,CC(C)(c1nc2nccnc2[nH]1)[C@@H]1c2ccc(-c3ccc(OC(F)(F)F)cc3)nc2Oc2c(F)cccc21
CHEMBL5967646,GR,6.560,,1,0,Active,exact,COc1ccc(Cn2ccnc2Cn2nc(C)c3c(Cl)c(C(=O)Nc4ccc(C(F)(F)F)cc4)cnc32)cc1
CHEMBL163,GR,,4.523,0,1,Inactive,censored,CC(C)c1nc(CN(C)C(=O)N[C@H](C(=O)N[C@@H](Cc2ccccc2)C[C@H](O)[C@H](Cc2ccccc2)NC(=O)OCc2cncs2)C(C)C)cs1
CHEMBL1201304,GR,,4.523,0,1,Inactive,censored,CC1(C)C(/C=C/C=C/C=C/C=C2\N(CCCCS(=O)(=O)O)c3ccc4ccccc4c3C2(C)C)=[N+](CCCCS(=O)(=O)[O-])c2ccc3ccccc3c21
CHEMBL1370,GR,8.700,,12,0,Active,exact,CCCC1O[C@@H]2C[C@H]3[C@@H]4CCC5=CC(=O)C=C[C@]5(C)[C@H]4[C@@H](O)C[C@]3(C)[C@]2(C(=O)CO)O1
CHEMBL277474,GR,,4.523,0,1,Inactive,censored,Cc1cc(=O)n(-c2ccccc2)n1C
CHEMBL17423,GR,5.100,,1,0,,exact,COc1ccc(C(=O)N2CCN(c3ccc4c(c3)CCC(=O)N4)CC2)cc1OC
CHEMBL2107457,GR,,4.523,0,1,Inactive,censored,COc1ccc(C(=O)NCc2ccc(OCCN(C)C)cc2)cc1OC
CHEMBL8140,GR,9.020,,1,0,Active,exact,C=CCC1Oc2ccc(O)c(OC)c2-c2ccc3c(c21)C(C)=CC(C)(C)N3
CHEMBL4089006,GR,8.775,,2,0,Active,exact,Cc1cccc(S(=O)(=O)N2CCC3=Cc4c(cnn4-c4ccc(F)cc4)C[C@]3(C(=O)c3cccc(C)n3)C2)c1
CHEMBL1641638,GR,8.300,,1,0,Active,exact,COc1ccc(F)cc1-c1ccc([C@@H](C)NS(=O)(=O)c2c(C)noc2C)cc1
CHEMBL685,GR,,5.000,0,1,,censored,COC(=O)Nc1nc2cc(C(=O)c3ccccc3)ccc2[nH]1
CHEMBL232833,GR,5.390,,1,0,,exact,CC(Cc1c[nH]c2ccccc12)NS(=O)(=O)c1ccccc1Cl
CHEMBL5928483,GR,6.560,,1,0,Active,exact,COc1ccc(NC(=O)c2cnc3c(c(C)nn3Cc3cc(OC)ncn3)c2Cl)cc1
CHEMBL3233280,GR,7.835,,2,0,Active,exact,Cc1ccc(F)cc1C(C)(C)CC(O)(Cc1cc2cnccc2[nH]1)C1CC1
CHEMBL2087281,GR,,5.046,0,1,,censored,O=C(O)c1ccc(N(Cc2ccccc2)Cc2ccc(Oc3ccccc3)cc2)cc1
CHEMBL5825490,GR,6.560,,1,0,Active,exact,Cc1nn(Cc2cnco2)c2ncc(C(=O)Nc3ccc(C(F)(F)F)cc3)c(Cl)c12
CHEMBL1751,GR,,5.000,0,1,,censored,C[C@H]1O[C@@H](O[C@H]2[C@@H](O)C[C@H](O[C@H]3[C@@H](O)C[C@H](O[C@H]4CC[C@@]5(C)[C@H](CC[C@@H]6[C@@H]5C[C@@H](O)[C@]5(C)[C@@H](C7=CC(=O)OC7)CC[C@]65O)C4)O[C@@H]3C)O[C@@H]2C)C[C@H](O)[C@@H]1O
CHEMBL4094154,GR,10.030,,2,0,Active,exact,C[C@H](NC(=O)C(C)(F)F)[C@H](Oc1ccc2c(cnn2-c2ccc(F)cc2)c1)c1ccc2c(c1)OCOC2
CHEMBL5986988,GR,7.790,,1,0,Active,exact,CC(C)(c1nc2ccccc2[nH]1)[C@@H]1c2ccc(-c3ccc(C(=O)N4CCOCC4)cc3)nc2Oc2c(F)cccc21
CHEMBL5802637,GR,5.560,,1,0,,exact,COc1ccc(Cn2cnc3c(Cl)c(C(=O)Nc4ccc(C(F)(F)F)cc4)cnc32)cc1
CHEMBL245267,GR,7.460,,3,0,Active,exact,CC#C[C@]1(O)CC[C@H]2[C@@H]3CCC4=CC(=O)CCC4=C3[C@@H](c3ccc(N(C)CC(=O)Nc4nc(CC(=O)O)cs4)cc3)C[C@@]21C
CHEMBL19,GR,,5.000,0,1,,censored,CC(=O)/N=c1/sc(S(N)(=O)=O)nn1C
CHEMBL2426660,GR,8.000,,2,0,Active,exact,CC(C)(C(=O)Nc1nncs1)C(c1ccccc1)c1ccc2c(cnn2-c2ccccc2)c1
CHEMBL4104804,GR,8.340,,1,0,Active,exact,CCn1cc(S(=O)(=O)N2CCC3=Cc4c(cnn4-c4ccc(F)cc4)C[C@]3(C(=O)c3cc(C(F)(F)F)ccn3)C2)cn1
CHEMBL5439877,GR,7.475,,2,0,Active,exact,C[C@]12C=CC(=O)C=C1[C@@H](F)C[C@H]1[C@@H]3C[C@H]4O[C@@H](c5ccc(CN6CCNCC6)cc5)O[C@@]4(C(=O)CO)[C@@]3(C)C[C@H](O)[C@@]12F
CHEMBL5282144,GR,6.265,,2,1,Active,exact,COc1ccc(S(=O)(=O)N(c2ccc3c(c2)CCCN3C(=O)c2ccco2)S(=O)(=O)c2ccc(OC)cc2)cc1
CHEMBL365546,GR,8.080,,2,0,Active,exact,C[C@@H]1C[C@@H](C)OC2(CCC3=Cc4c(cnn4-c4ccc(F)cc4)C[C@@]32C)O1
CHEMBL390434,GR,6.550,,1,0,Active,exact,Cc1cccc(Cl)c1S(=O)(=O)NC(C)Cc1c[nH]c2ccccc12
CHEMBL5935342,GR,8.750,,2,0,Active,exact,CC(C)[C@H](NC(=O)C(F)(F)F)[C@H](Oc1ccc2c(cnn2-c2ccc(=O)n(C)c2)c1)c1cc(F)cc(F)c1
CHEMBL5883931,GR,8.190,,1,0,Active,exact,C[C@]12C=CC(=O)C=C1[C@@H](F)C[C@H]1[C@@H]3C[C@H]4O[C@@H](c5ccc(Cc6cccc(N)c6)c(O)c5)O[C@@]4(C(=O)CO)[C@@]3(C)C[C@H](O)[C@@]12F
CHEMBL289480,GR,,4.523,0,1,Inactive,censored,C1COC(NC(C2CC2)C2CC2)=N1
CHEMBL601,GR,,4.523,0,1,Inactive,censored,NCC(=O)CCC(=O)O
CHEMBL5902215,GR,8.850,,1,0,Active,exact,CC(C)(c1nc2nccnc2[nH]1)[C@@H]1c2ccc(-c3ccccc3)nc2Oc2c(F)cccc21
CHEMBL284475,GR,6.600,,1,0,Active,exact,C[C@@H]1C(=O)C(C)(C)Nc2ccc3c(c21)[C@H](c1ccccc1)Oc1ccccc1-3
CHEMBL1082407,GR,4.695,,2,2,Inactive,exact,CNC(=O)c1ccc(N2C(=S)N(c3ccc(C#N)c(C(F)(F)F)c3)C(=O)C2(C)C)cc1F
CHEMBL5191702,GR,,5.000,0,1,,censored,O=c1[nH]cc(CSc2ccc(C(F)F)cc2)[nH]c1=O
CHEMBL5937373,GR,,5.301,0,1,,censored,O=C(Nc1ccc(Cl)cc1)c1cnc2c(ncn2Cc2ccc(F)cc2)c1Cl
CHEMBL270838,GR,9.050,,1,0,Active,exact,CC(C)(C)c1ccc(S(=O)(=O)N2CCC3=Cc4c(cnn4-c4ccc(F)cc4)C[C@]3(CN3CCOCC3)C2)cc1
CHEMBL81591,GR,8.080,,2,0,Active,exact,C[C@]12Cc3cnn(-c4ccc(F)cc4)c3C=C1CCC[C@@H]2[C@@H](O)c1ccccc1
CHEMBL212312,GR,7.500,,6,0,Active,exact,Cc1noc(=O)c2ccc(NC(=O)C(O)(CC3CCCc4c(Br)cccc43)C(F)(F)F)cc12
CHEMBL509182,GR,8.280,,1,0,Active,exact,C[C@@H](NC(=O)O[C@]1(C(=O)CO)[C@@H](C)C[C@H]2[C@@H]3CCC4=CC(=O)C=C[C@]4(C)[C@@]3(F)[C@@H](O)C[C@@]21C)c1ccccc1
CHEMBL5612088,GR,6.020,,1,0,Active,exact,Cc1ncncc1Nc1ccc2c(c1)CCC1=C3C[C@H](O)C[C@]3(C)CC[C@]12C
CHEMBL4075975,GR,7.470,,1,0,Active,exact,Cn1cc(S(=O)(=O)N2CC[C@H]3Cc4c(cnn4-c4ccc(F)cc4)C[C@]3(C(=O)c3cc(C(F)(F)F)ccn3)C2)cn1
CHEMBL204717,GR,,5.699,0,1,,censored,C=CCSCC1=CC(C)(C)Nc2ccc(-c3cccc(OC)c3OC)cc21
CHEMBL397920,GR,9.330,,2,0,Active,exact,CO/N=C(\C)c1ccsc1/C=C1\Oc2ccc(O)c(OC)c2-c2ccc3c(c21)C(C)=CC(C)(C)N3
CHEMBL196975,GR,7.660,,1,0,Active,exact,CCCC[C@H]1OC2(CCCC3=Cc4c(cnn4-c4ccc(F)cc4)C[C@@]32C)O[C@@H]1CCCC
CHEMBL266282,GR,8.600,,4,0,Active,exact,C=CCC1Oc2cccc(OC)c2-c2ccc3c(c21)C(C)=CC(C)(C)N3
CHEMBL4795123,GR,8.100,,1,0,Active,exact,Cc1ccc([C@@H](Oc2ccc(C(=O)N[C@H]3CCCN(C(=O)[C@@H]4COC(=O)C4)C3)nc2)[C@H](C)NC(=O)C(F)(F)F)cc1
CHEMBL5850220,GR,7.890,,1,0,Active,exact,C[C@H](Nc1ccc([C@@H]2O[C@@H]3C[C@H]4[C@@H]5CCC6=CC(=O)C=C[C@]6(C)[C@@]5(F)[C@@H](O)C[C@]4(C)[C@]3(C(=O)CO)O2)cn1)c1ccc(N)cc1
CHEMBL5868354,GR,7.880,,1,0,Active,exact,C[C@@H](Nc1ccc([C@@H]2O[C@@H]3C[C@H]4[C@@H]5CCC6=CC(=O)C=C[C@]6(C)[C@@]5(F)[C@@H](O)C[C@]4(C)[C@]3(C(=O)CO)O2)cn1)c1ccc(N)cc1
CHEMBL1649687,GR,5.250,,1,0,,exact,C[C@H](CCC(=O)N1CCN(Cc2ccccc2)CC1)[C@H]1CC[C@H]2[C@@H]3[C@@H](O)C[C@@H]4C[C@H](O)CC[C@]4(C)[C@H]3CC[C@]12C
CHEMBL380417,GR,,5.699,0,1,,censored,C=CCSCC1=CC(C)(C)Nc2ccc(-c3ccc(OC)cc3)cc21
CHEMBL5855081,GR,8.410,,1,0,Active,exact,CCCC1O[C@@H]2C[C@H]3[C@@H]4CCC5=Cc6c(cnn6-c6ccc(OCCCCCCP(=O)(O)O)cc6)C[C@]5(C)[C@H]4[C@@H](O)C[C@]3(C)[C@]2(C(=O)CO)O1
CHEMBL3261401,GR,,5.000,0,1,,censored,C[C@@H](COc1cccc2ncccc12)NS(=O)(=O)c1ccccc1C#N
CHEMBL4758961,GR,7.140,,1,0,Active,exact,Cc1ccc([C@@H](Oc2ccc(C(=O)N[C@H]3CCCN(C(=O)[C@@H]4CCC(=O)O4)C3)nc2)[C@H](C)NC(=O)C(F)(F)F)cc1
CHEMBL4758563,GR,8.700,,1,0,Active,exact,Cc1ccc([C@@H](Oc2ccc3c(cnn3-c3ccc(F)cc3)c2)[C@H](C)NC(=O)C(F)(F)F)cc1
CHEMBL5891101,GR,,5.301,0,1,,censored,CCN1CCC(CCn2cnc3c(Cl)c(C(=O)N(CC)c4ccc(C(F)(F)F)cc4)cnc32)CC1
CHEMBL3126955,GR,7.240,,1,1,Active,exact,Cc1ccc(F)cc1C(C)(C)CC(O)(Cc1cc2nccnc2[nH]1)C(F)(F)F
CHEMBL99128,GR,5.750,,1,0,,exact,COc1ccc2c(c1)OC(c1ccccc1)c1c-2ccc2c1C(C)=CC(C)(C)N2
CHEMBL566387,GR,7.180,,4,0,Active,exact,CCCC[C@@](C)(O)[C@H]1CCCC2=Cc3c(-c4ccc(F)cc4)ncn3C[C@@]21C
CHEMBL25,GR,,4.523,0,1,Inactive,censored,CC(=O)Oc1ccccc1C(=O)O
CHEMBL4099639,GR,8.220,,2,0,Active,exact,C[C@H](NC(=O)C(F)(F)F)[C@H](Oc1ccc2c(cnn2-c2ccc(F)cc2)c1)c1cccc(O)c1
CHEMBL4536521,GR,8.000,,1,0,Active,exact,Oc1ccc(C2=CCCC[C@]23C=Cc2c(cnn2-c2ccc(F)cc2)C3)cc1
CHEMBL219207,GR,8.520,,1,0,Active,exact,CC(C)(CC(O)(Cn1ccc(=O)c2ccccc21)C(F)(F)F)c1ccc(F)cc1O
CHEMBL553440,GR,7.800,,1,0,Active,exact,C[C@@H]1C[C@H]2[C@@H]3CCC4=CC(=O)C=C[C@]4(C)[C@@]3(F)[C@@H](O)C[C@]2(C)[C@@]1(O)C(=O)CSCCNC(=S)NCCCN(C)CCCNC(=O)CCNC(=O)c1cc(NC(=O)c2cc(NC(=O)c3cc(NC(=O)c4cc(NC(=O)c5nccn5C)cn4C)cn3C)cn2C)cn1C
CHEMBL72182,GR,7.700,,1,0,Active,exact,CS(=O)(=O)Nc1ccc2c(c1)N(Cc1ccccc1)Cc1ccccc1-2
CHEMBL546,GR,,4.523,0,1,Inactive,censored,C=CCOc1ccccc1OCC(O)CNC(C)C
CHEMBL1474889,GR,,4.523,0,1,Inactive,censored,CC(CN(C)C)C(C)(O)Cc1ccc(Cl)cc1
CHEMBL34824,GR,5.330,,1,0,,exact,CC1C(=O)C(C)(C)Nc2ccc3c(c21)/C(=C/c1cccc(F)c1)Oc1ccccc1-3
CHEMBL529,GR,,4.523,0,1,Inactive,censored,CC[C@H]1OC(=O)[C@H](C)[C@@H](O[C@H]2C[C@@](C)(OC)[C@@H](O)[C@H](C)O2)[C@H](C)[C@@H](O[C@@H]2O[C@H](C)C[C@H](N(C)C)[C@H]2O)[C@](C)(O)C[C@@H](C)CN(C)[C@H](C)[C@@H](O)[C@]1(C)O
CHEMBL1801011,GR,7.730,,1,3,Active,exact,CC(C)(C(=O)Nc1nccs1)[C@H](c1ccccc1)c1ccc(O)cc1
CHEMBL5762866,GR,,5.301,0,1,,censored,COc1c(C(=O)Nc2ccc(Cl)cc2)cnc2c1ccn2C
CHEMBL395535,GR,6.150,,1,0,Active,exact,C=CCOC(C1=CC(C)(C)Nc2ccc(-c3ccccc3OC)cc21)C(C)C
CHEMBL71968,GR,6.160,,1,0,Active,exact,COc1ccccc1CN(Cc1ccccc1)c1cccc(NS(C)(=O)=O)c1C
CHEMBL1929040,GR,5.770,,1,0,,exact,Cc1cc(F)ccc1-n1nc(C(F)(F)F)cc1-c1cc(F)c2c(c1)NC(=O)CO2
CHEMBL2022862,GR,8.270,,1,0,Active,exact,C[C@]12Cc3cnn(-c4ccccc4)c3C=C1CC[C@@H]1[C@@H]2[C@@H](O)C[C@@]2(C)[C@H]1CC[C@]2(O)C(=O)CSc1cnc2ccccc2n1
CHEMBL5807570,GR,8.100,,1,0,Active,exact,C[C@]12C=CC(=O)C=C1CC[C@H]1[C@@H]3C[C@H]4O[C@@H](c5ccc(CSc6cccc(N)c6)cc5)O[C@@]4(C(=O)CO)[C@@]3(C)C[C@H](O)[C@@]12F
CHEMBL4218553,GR,7.655,,2,0,Active,exact,C[C@]12C=CC(=O)C=C1[C@@H](F)C[C@H]1[C@@H]3C[C@H]4CN(Cc5ccccc5)C[C@@]4(C(=O)NCc4ccccc4)[C@@]3(C)C[C@H](O)[C@@]12F
CHEMBL438667,GR,7.700,,1,0,Active,exact,Cn1c(=O)[nH]c(N2CCC(c3ccccc3)CC2)c(Cc2ccccc2)c1=O
CHEMBL1215,GR,,4.523,0,1,Inactive,censored,CNC[C@H](O)c1cccc(O)c1
CHEMBL5612930,GR,6.940,,2,0,Active,exact,Cc1ncncc1Nc1ccc2c(c1)CCC1=C3C[C@@H](O)C[C@]3(C)CC[C@]12Cc1ccccc1
CHEMBL6273,GR,,4.523,0,1,Inactive,censored,CN1CCN(c2c(F)cc3c(=O)c(C(=O)O)cn(CCF)c3c2F)CC1
CHEMBL373498,GR,7.270,,1,0,Active,exact,COc1ccc(F)cc1C(C)(C)CC(O)(Cn1cnc2ccccc21)C(F)(F)F
CHEMBL3093458,GR,7.020,,1,1,Active,exact,Cc1cc(C)c(S(=O)(=O)NC(CNc2ccccc2)C(F)(F)F)c(C)c1
CHEMBL6051653,GR,8.470,,1,0,Active,exact,C[C@@H](c1ccc(N)cc1)c1ccc([C@@H]2O[C@@H]3C[C@H]4[C@@H]5C[C@H](F)C6=CC(=O)C=C[C@]6(C)[C@@]5(F)[C@@H](O)C[C@]4(C)[C@]3(C(=O)CO)O2)cc1
CHEMBL65868,GR,8.150,,1,0,Active,exact,COc1cccc2c1-c1ccc(NS(C)(=O)=O)cc1C(c1ccc(C)cc1)O2
CHEMBL839,GR,,5.000,0,1,,censored,CC(C)(C)NCC(O)COc1cccc2c1CCC(=O)N2
CHEMBL5781215,GR,,5.301,0,1,,censored,CCCCn1cnc2c(Cl)c(C(=O)Nc3ccc(Cl)cc3)cnc21
CHEMBL374732,GR,7.505,,2,0,Active,exact,CC#C[C@]1(O)CC[C@H]2[C@@H]3CCC4=CC(=O)CCC4=C3[C@@H](c3cc(C)c(OCCO[C@H]4CC[C@@]5(C)[C@@H](C4)C[C@@H](O)[C@@H]4[C@@H]5C[C@H](O)[C@]5(C)[C@@H]([C@H](C)CCC(=O)O)CC[C@@H]45)c(C)c3)C[C@@]21C
CHEMBL2426125,GR,7.375,,4,0,Active,exact,CC(C)(C)C(=O)NCC(C)(C)[C@@H](c1ccccc1)c1ccc2c(cnn2-c2ccc(F)cc2)c1
CHEMBL36065,GR,6.590,,1,0,Active,exact,C[C@@H]1C(=O)C(C)(C)Nc2ccc3c(c21)[C@H](c1cccc(C(F)(F)F)c1)Oc1ccccc1-3
CHEMBL1163,GR,,4.523,0,1,Inactive,censored,COC(=O)N[C@H](C(=O)N[C@@H](Cc1ccccc1)[C@@H](O)CN(Cc1ccc(-c2ccccn2)cc1)NC(=O)[C@@H](NC(=O)OC)C(C)(C)C)C(C)(C)C
CHEMBL1201338,GR,,5.000,0,1,,censored,CN(C)CCOC(=O)C(c1ccccc1)C1(O)CCCC1
CHEMBL228610,GR,6.940,,1,0,Active,exact,C=CCOC(C)C1=CC(C)(C)Nc2ccc(-c3ccccc3OC)cc21
CHEMBL5886097,GR,8.130,,1,0,Active,exact,C[C@]12C=CC(=O)C=C1[C@@H](F)C[C@H]1[C@@H]3C[C@H]4O[C@@H](c5ccc(Cc6ccc(N)cc6)c(O)c5)O[C@@]4(C(=O)CO)[C@@]3(C)C[C@H](O)[C@@]12F
CHEMBL1917242,GR,7.880,,4,0,Active,exact,C[C@]12CCC(=O)C=C1CC[C@@H]1[C@@H]2[C@@H](O)C[C@@]2(C)[C@H]1CC[C@]2(O)C(=O)CSc1nc2ccccc2s1
CHEMBL515606,GR,,4.523,0,1,Inactive,censored,CCOC(=O)[C@H](CCc1ccccc1)N[C@H]1CCCN2CCC[C@@H](C(=O)O)N2C1=O
CHEMBL1483,GR,,5.000,0,1,,censored,CCCSc1ccc2[nH]c(NC(=O)OC)nc2c1
CHEMBL125,GR,,4.523,0,1,Inactive,censored,CCCCCCCCCCCCCCCCOP(=O)([O-])OCC[N+](C)(C)C
CHEMBL398668,GR,7.250,,1,0,Active,exact,CC(=O)Nc1ccc(CC23CCC(=O)C=C2CCN(S(=O)(=O)c2ccc(C(C)(C)C)cc2)C3)cc1
CHEMBL3421891,GR,8.160,,2,0,Active,exact,CC[C@@]12C[C@@](C)(O)[C@](O)(c3ccccc3)C[C@H]1CC(=O)c1cc(OC(=O)c3ccccc3)ccc12
CHEMBL197161,GR,7.290,,2,0,Active,exact,CC(C)(CC(O)(Cc1ccccc1)C(=O)Nc1ccc2c(c1)COC2=O)c1ccccc1
CHEMBL4075837,GR,5.500,,1,0,,exact,Nc1ccc(S(=O)(=O)N(Cc2ccccc2)c2ccc(Oc3ccccc3)cc2)cc1
CHEMBL2147556,GR,9.000,,1,0,Active,exact,C=CCNC(=O)c1ccccc1CC[C@]1(O)CCC2=Cc3c(cnn3-c3ccc(F)cc3)C[C@@]21C
CHEMBL1480,GR,5.000,,1,0,,exact,CCOC(=O)C1=C(C)NC(C)=C(C(=O)OC)C1c1cccc(Cl)c1Cl
CHEMBL5984867,GR,7.600,,1,0,Active,exact,CC(C)(O)c1ccc(-c2ccc3c(n2)Oc2c(F)cccc2[C@@H]3C(C)(C)C(=O)NC(=O)NCCO)cc1
CHEMBL254328,GR,,4.523,0,1,Inactive,censored,C[C@]12CC[C@H](O)CC1=CC[C@@H]1[C@@H]2CC[C@]2(C)C(c3cccnc3)=CC[C@@H]12
CHEMBL5745221,GR,,5.000,0,1,,censored,CC1(C)C(=O)N(c2ccc(C#N)c(C(F)(F)F)c2)C(=O)N1c1ccc(CNC(=O)c2cncs2)cc1
CHEMBL360055,GR,,5.000,0,1,,censored,CC[N+](CC)(CC)CCOc1cccc(OCC[N+](CC)(CC)CC)c1OCC[N+](CC)(CC)CC
CHEMBL6002177,GR,7.400,,2,0,Active,exact,CC(C)[C@H](NC(=O)C(C)(F)F)[C@H](Oc1ccc2c(cnn2-c2ccc(=O)n(C)c2)c1)c1ccc(OC(F)F)cc1
CHEMBL4216649,GR,7.170,,4,0,Active,exact,N#Cc1ccc(O[C@H](c2cnc(C3CC3)nc2)[C@@H](NC(=O)C(F)(F)F)C2CC2)c(Br)c1
CHEMBL396020,GR,8.040,,1,0,Active,exact,COc1cccc(C2CCN(c3[nH]c(=O)[nH]c(=O)c3Cc3ccccc3)CC2)c1
CHEMBL5280766,GR,6.230,,2,1,Active,exact,CN(C)c1cccc2c(S(=O)(=O)Nc3ccc4c(c3)CCCN4C(=O)c3ccco3)cccc12
CHEMBL247235,GR,7.260,,1,0,Active,exact,O=C1C=C2CCN(S(=O)(=O)c3ccc(-c4ccccc4)cc3)CC2(Cc2ccccc2)CC1
CHEMBL4744881,GR,5.300,,2,0,,exact,Cc1ccc([C@@H](Oc2ccc(C(=O)Nc3ccccc3)cc2)[C@H](C)NC(=O)C(F)(F)F)cc1
CHEMBL6024480,GR,7.750,,2,0,Active,exact,Cc1cc2c(cnn2-c2ccc(=O)n(C)c2)cc1O[C@H](c1ccccc1)[C@@H](NC(=O)C(C)(F)F)C(C)C
CHEMBL1464,GR,,4.523,0,1,Inactive,censored,CC(=O)CC(c1ccccc1)c1c(O)c2ccccc2oc1=O
CHEMBL243865,GR,,5.699,0,1,,censored,CC(Cc1cn(C)c2ccccc12)NS(=O)(=O)c1c(Cl)cc(Cl)cc1Cl
CHEMBL2022655,GR,8.510,,1,0,Active,exact,C[C@]12Cc3cnn(C4CCCCC4)c3C=C1CC[C@@H]1[C@@H]2[C@@H](O)C[C@@]2(C)[C@H]1CC[C@]2(O)C(=O)CSc1nc2ccccc2o1
CHEMBL86304,GR,,5.000,0,1,,censored,O=C(NCCN1CCOCC1)c1ccc(Cl)cc1
CHEMBL1072,GR,,4.523,0,1,Inactive,censored,CCCCNc1cc(C(=O)O)cc(S(N)(=O)=O)c1Oc1ccccc1
CHEMBL193482,GR,4.580,,2,0,Inactive,exact,C[C@]12CC[C@@H]3c4ccc(O)cc4CC[C@H]3[C@@H]1C[C@@H](O)[C@@H]2O
CHEMBL708,GR,,4.523,0,1,Inactive,censored,O=C1Cc2cc(CCN3CCN(c4nsc5ccccc45)CC3)c(Cl)cc2N1
CHEMBL481784,GR,7.400,,1,0,Active,exact,CCN(CC(O)(CNC(=O)c1cnn(-c2ccc(F)cc2)c1N)C(F)(F)F)C(=O)c1cccnc1Cl
CHEMBL1107,GR,,4.523,0,1,Inactive,censored,CCCCN(CCCC)CCC(O)c1cc2c(Cl)cc(Cl)cc2c2cc(C(F)(F)F)ccc12
CHEMBL3666809,GR,9.100,,1,0,Active,exact,C[C@H](NC(=O)C(C)(F)F)[C@H](Oc1ccc2c(cnn2-c2cccc(C(=O)NC3CCCC3)c2)c1)c1ccc2c(c1)OCOC2
CHEMBL5921681,GR,5.560,,1,0,,exact,O=C(Nc1ccc(C(F)(F)F)cc1)c1cnc2c(ncn2CCC2CCNCC2)c1Cl
CHEMBL691,GR,6.110,,3,0,Active,exact,C#C[C@]1(O)CC[C@H]2[C@@H]3CCc4cc(O)ccc4[C@H]3CC[C@@]21C
CHEMBL489788,GR,6.920,,1,0,Active,exact,Cn1c(C#N)ccc1-c1ccc2c(c1)C(C)(c1ccco1)OCC(=O)N2
CHEMBL2426152,GR,7.395,,2,0,Active,exact,CC(C)(C(=O)Nc1nccs1)C(c1ccccc1)c1ccc2[nH]ccc2c1
CHEMBL1286,GR,,4.523,0,1,Inactive,censored,CC[C@@H](C(N)=O)N1CCCC1=O
CHEMBL1940550,GR,7.870,,1,0,Active,exact,C[C@]12C=CC(=O)C=C1CC[C@@H]1[C@@H]2[C@@H](O)C[C@@]2(C)[C@H]1CC[C@]2(O)C(=O)CSc1nc2ccccc2o1
CHEMBL861,GR,,4.523,0,1,Inactive,censored,CCC1(c2ccccc2)NC(=O)N(C)C1=O
CHEMBL1295,GR,4.750,,1,0,Inactive,exact,Clc1ccc(CCC(Cn2ccnc2)Sc2c(Cl)cccc2Cl)cc1
CHEMBL303813,GR,6.050,,1,0,Active,exact,CS(=O)(=O)Nc1ccc2c(c1)C(c1ccccc1)Oc1cccc(O)c1-2
CHEMBL182016,GR,7.720,,1,0,Active,exact,Cc1c(NS(C)(=O)=O)cccc1N(Cc1ccccc1)Cc1ccc(Oc2cccc(OCCCN3CCOCC3)c2)cc1
CHEMBL2204062,GR,8.050,,1,0,Active,exact,Cc1cccc(Cc2c(=O)n(CCN(C)C)c(=O)[nH]c2[C@H]2CC[C@@H](c3ccccc3)CC2)c1
CHEMBL1940689,GR,8.360,,1,0,Active,exact,C[C@@H]1C[C@H]2[C@@H]3CCC4=CC(=O)C=C[C@]4(C)[C@H]3[C@@H](O)C[C@]2(C)[C@@]1(O)C(=O)CSc1nc2ccccc2o1
CHEMBL384444,GR,8.115,,2,0,Active,exact,CC#C[C@]1(O)CC[C@H]2[C@@H]3CCC4=CC(=O)CCC4=C3[C@@H](c3ccc(-c4ccc(OCCO[C@H]5CC[C@@]6(C)[C@@H](C5)C[C@@H](O)[C@@H]5[C@@H]6C[C@H](O)[C@]6(C)[C@@H]([C@H](C)CCC(=O)O)CC[C@@H]56)cc4)cc3)C[C@@]21C
CHEMBL67864,GR,5.420,,1,0,,exact,COc1ccc(NS(C)(=O)=O)c(C)c1N(Cc1ccccc1)Cc1ccccc1
CHEMBL2426119,GR,8.575,,4,0,Active,exact,CC(CNS(=O)(=O)CC(F)(F)F)[C@@H](c1ccccc1)c1ccc2c(cnn2-c2ccc(F)cc2)c1
CHEMBL6044799,GR,6.560,,1,0,Active,exact,CCCCOc1ccc(NC(=O)c2cnc3c(c(C)nn3C)c2Cl)cc1
CHEMBL5989543,GR,6.560,,1,0,Active,exact,Cc1nn(Cc2ccc(F)cn2)c2ncc(C(=O)Nc3ccc(Cl)cc3)c(Cl)c12
CHEMBL1532,GR,,5.000,0,1,,censored,CCC1NC(=O)c2cc(S(N)(=O)=O)c(Cl)cc2N1
CHEMBL2087288,GR,6.840,,1,0,Active,exact,O=C(O)Cc1cc(Br)c(N(Cc2ccc(Oc3ccccc3F)cc2)Cc2cc(F)cc(F)c2)c(Br)c1
CHEMBL451,GR,,4.523,0,1,Inactive,censored,CNC1=Nc2ccc(Cl)cc2C(c2ccccc2)=[N+]([O-])C1
CHEMBL236853,GR,7.550,,1,0,Active,exact,CCC1(CC(O)(Cc2cc(Cl)nc3ccccc23)C(F)(F)F)CCCc2ccccc21
CHEMBL5970922,GR,,5.301,0,1,,censored,Cc1nc2c(Cl)c(C(=O)Nc3ccc(C(C)C)cc3)cnc2n1C
CHEMBL1940547,GR,7.150,,1,0,Active,exact,C[C@]12C=CC(=O)C=C1CC[C@@H]1[C@@H]2[C@@H](O)C[C@@]2(C)[C@H]1CC[C@]2(O)C(=O)CSc1ccc2ccccc2n1
CHEMBL3094467,GR,7.640,,1,1,Active,exact,CC[C@@H](Cc1ccc(O)c(C)c1)NS(=O)(=O)c1c(C)cc(C)cc1C
CHEMBL404422,GR,,4.523,0,1,Inactive,censored,CCCCC1(CC)C(=O)NC(=O)NC1=O
CHEMBL65469,GR,6.840,,1,0,Active,exact,COc1cccc2c1-c1ccc(NS(=O)(=O)c3ccccc3)cc1C(c1ccccc1)O2
CHEMBL5739769,GR,8.110,,1,0,Active,exact,C[C@]12C=CC(=O)C=C1[C@@H](F)C[C@H]1[C@@H]3C[C@H]4O[C@@H](c5ccc(Cc6ccc(O)c(N)c6)cc5)O[C@@]4(C(=O)CO)[C@@]3(C)C[C@H](O)[C@@]12F
CHEMBL3261400,GR,5.750,,1,0,,exact,C[C@@H](COc1cccc2ncccc12)NS(=O)(=O)c1cccc(C#N)c1
CHEMBL5611949,GR,6.360,,1,0,Active,exact,Cc1ncncc1Nc1ccc2c(c1)CCC1=C3C[C@@H](O)C[C@]3(C)CC[C@]12C
CHEMBL515738,GR,7.400,,2,0,Active,exact,CC1(C(=O)Nc2nncs2)CC2c3ccccc3C1c1ccccc12
CHEMBL6038652,GR,6.560,,1,0,Active,exact,Cc1nn(-c2ccc(I)cc2)c2ncc(C(=O)Nc3ccc(C(F)(F)F)cc3)c(Cl)c12
CHEMBL363295,GR,,4.523,0,1,Inactive,censored,CC(CC(c1ccccc1)c1ccccc1)NC(C)(C)C
CHEMBL236748,GR,6.240,,1,0,Active,exact,COc1ccc(F)cc1C(C)(C)CC(O)(Cc1cccc(C)c1)C(F)(F)F
CHEMBL26291,GR,,4.523,0,1,Inactive,censored,CN(C)CCCNc1c2ccccc2nc2cccc([N+](=O)[O-])c12
CHEMBL1623,GR,,4.523,0,1,Inactive,censored,Cc1cccc(CN2CCN(C(c3ccccc3)c3ccc(Cl)cc3)CC2)c1
CHEMBL1257030,GR,,4.523,0,1,Inactive,censored,O=C(O)c1nn(Cc2ccc(Cl)cc2Cl)c2ccccc12
CHEMBL1110,GR,,5.000,0,1,,censored,Cc1[nH]cnc1CN1CCc2c(c3ccccc3n2C)C1=O
CHEMBL277945,GR,,4.523,0,1,Inactive,censored,CCN1CCCC1CNC(=O)c1cc(S(=O)(=O)CC)ccc1OC
CHEMBL15245,GR,,4.523,0,1,Inactive,censored,COC(=O)[C@@H]1[C@H]2C[C@H]3c4[nH]c5ccccc5c4CCN3C[C@@H]2CC[C@@H]1O
CHEMBL4202674,GR,8.270,,2,0,Active,exact,C[C@]12C=CC(=O)C=C1[C@@H](F)C[C@H]1[C@@H]3C[C@H]4CN(C(=O)OCc5ccccc5)C[C@@]4(C(=O)CO)[C@@]3(C)C[C@H](O)[C@@]12F
CHEMBL5825057,GR,5.560,,1,0,,exact,O=C(Nc1ccc(C(F)(F)F)cc1)c1cnc2c(ncn2Cc2ccccc2)c1Cl
CHEMBL219684,GR,8.460,,2,0,Active,exact,CC#C[C@]1(O)CC[C@H]2[C@@H]3CCC4=CC(=O)CCC4=C3[C@@H](c3ccc(N(C)CCO[C@H]4CC[C@@]5(C)[C@@H](C4)C[C@@H](O)[C@@H]4[C@@H]5C[C@H](O)[C@]5(C)[C@@H]([C@H](C)CCC(=O)O)CC[C@@H]45)cc3)C[C@@]21C
CHEMBL715,GR,,4.523,0,1,Inactive,censored,Cc1cc2c(s1)Nc1ccccc1N=C2N1CCN(C)CC1
CHEMBL3706932,GR,9.100,,1,0,Active,exact,COc1c(O)ccc2c1-c1ccc3c(c1/C(=C/c1ccccc1F)O2)C(C)=CC(C)(C)N3
CHEMBL500897,GR,8.890,,1,0,Active,exact,C[C@H](NC(=O)O[C@]1(C(=O)CO)[C@@H](C)C[C@H]2[C@@H]3CCC4=CC(=O)C=C[C@]4(C)[C@@]3(F)[C@@H](O)C[C@@]21C)c1ccccc1
CHEMBL77921,GR,,4.523,0,1,Inactive,censored,Cc1cccc(C(C)c2c[nH]cn2)c1C
CHEMBL1083754,GR,,5.000,0,1,,censored,CNC(=O)Cn1cc(C2CC2)c(Oc2ccc(C#N)cc2)c1C1CC1
CHEMBL291610,GR,6.340,,1,0,Active,exact,COc1cccc2c1-c1ccc(NS(C)(=O)=O)cc1C(c1cccnc1)O2
CHEMBL5833959,GR,8.380,,1,0,Active,exact,C[C@]12C=CC(=O)C=C1[C@@H](F)C[C@H]1[C@@H]3C[C@H]4O[C@@H](c5ccc(Oc6ccc(N)cc6)c(O)c5)O[C@@]4(C(=O)CO)[C@@]3(C)C[C@H](O)[C@@]12F
CHEMBL168815,GR,,5.000,0,1,,censored,CC1OC2(CS1)CN1CCC2CC1
CHEMBL237500,GR,,4.523,0,1,Inactive,censored,CC#CCn1c(N2CCC[C@@H](N)C2)nc2c1c(=O)n(Cc1nc(C)c3ccccc3n1)c(=O)n2C
CHEMBL1384,GR,,5.000,0,1,,censored,NC[C@H]1O[C@H](O[C@H]2[C@H](O)[C@@H](O[C@H]3O[C@H](CO)[C@@H](O)[C@H](N)[C@H]3O)[C@H](N)C[C@@H]2N)[C@H](O)[C@@H](O)[C@@H]1O
CHEMBL293388,GR,8.150,,1,0,Active,exact,COc1cccc2c1-c1ccc(NS(C)(=O)=O)cc1C(c1cccs1)O2
CHEMBL2426116,GR,7.070,,3,1,Active,exact,CCCS(=O)(=O)NCC(C)(C)[C@@H](c1ccccc1)c1ccc2c(cnn2-c2ccc(F)cc2)c1
CHEMBL365818,GR,7.630,,1,0,Active,exact,C[C@]12Cc3cnn(-c4ccc(F)cc4)c3C=C1CCC[C@@H]2[C@@H](O)c1ccncc1
CHEMBL229861,GR,,5.000,0,1,,censored,CC[C@H]1[C@@H]2[C@@H](O)CCN2C(=O)N1c1ccc(C#N)c(Cl)c1C
CHEMBL5885936,GR,,7.000,0,1,,censored,Cc1ccc([C@H]2C[C@@]3(C)[C@@H](CC[C@@]3(O)C#CC(F)(F)F)[C@@H]3CCC4=CC(=O)CCC4=C32)cc1F
CHEMBL5959704,GR,6.560,,1,0,Active,exact,Cc1nn(Cc2ccc(C(F)(F)F)nc2)c2ncc(C(=O)Nc3ccc(C(F)(F)F)cc3)c(Cl)c12
CHEMBL448416,GR,,4.523,0,1,Inactive,censored,CNC(=N)NC(=O)Nc1c(C)cccc1C
CHEMBL2204061,GR,7.720,,1,0,Active,exact,Cc1cccc(Cc2c(=O)n(C)c(=O)[nH]c2[C@H]2CC[C@@H](c3ccccc3)CC2)c1
CHEMBL5907808,GR,9.030,,1,0,Active,exact,CC(C)(C(=O)NC(N)=O)[C@@H]1c2ccc(-c3ccc(C(=O)N4CCC4)cc3)nc2Oc2c(F)cccc21
CHEMBL1103,GR,,5.000,0,1,,censored,O=C1OCCN1/N=C/c1ccc([N+](=O)[O-])o1
CHEMBL2023242,GR,8.540,,1,0,Active,exact,Cn1c(OCC(=O)[C@@]2(O)CC[C@H]3[C@@H]4CCC5=Cc6c(cnn6-c6ccc(F)cc6)C[C@]5(C)[C@H]4[C@@H](O)C[C@@]32C)nc2ccccc21
CHEMBL3358950,GR,7.250,,2,0,Active,exact,CCS(=O)(=O)c1cc2cc(CC(O)(CC(C)(C)c3ccc(F)cc3C(N)=O)C(F)(F)F)[nH]c2cn1
CHEMBL306697,GR,7.380,,1,0,Active,exact,Cc1c(NS(C)(=O)=O)cccc1N(Cc1ccccc1)Cc1cccc(F)c1
CHEMBL193404,GR,7.045,,2,0,Active,exact,C[C@]12Cc3cnn(-c4ccc(F)cc4)c3C=C1CCC[C@@H]2[C@@H](O)c1ccc(Cl)s1
CHEMBL263091,GR,8.100,,3,0,Active,exact,COc1ccc(F)cc1C(C)(C)CC(O)(C(=O)Nc1ccc2c(=O)onc(C)c2c1)C(F)(F)F
CHEMBL243529,GR,7.820,,3,0,Active,exact,CC#C[C@]1(O)CC[C@H]2[C@@H]3CCC4=CC(=O)CCC4=C3[C@@H](c3ccc(N(C)CCO[C@H]4CC[C@@]5(C)[C@@H](C4)C[C@@H](O)[C@@H]4[C@@H]5C[C@H](O)C5[C@@H]([C@H](C)CCC(=O)O)CC[C@]54C)cc3)C[C@@]21C
CHEMBL195524,GR,7.580,,1,0,Active,exact,C[C@]12Cc3cnn(-c4ccc(F)cc4)c3C=C1CC[C@@]21OC[C@@H](c2ccccc2)O1
CHEMBL1762201,GR,8.150,,3,0,Active,exact,CC1(C)C/C(=N\OC(C)(C)C)c2c(cc(F)c(-c3cccc4cc[nH]c34)c2F)N1
CHEMBL4296682,GR,7.405,,6,0,Active,exact,CCN(C)C(=O)c1ccc(-c2ccc3c(n2)Oc2ccccc2[C@@H]3C(C)(C)C(=O)Nc2nncs2)cc1F
CHEMBL1200714,GR,,5.000,0,1,,censored,CN1C(=O)CCS(=O)(=O)C1c1ccc(Cl)cc1
CHEMBL1089812,GR,8.380,,1,0,Active,exact,C#COc1ccc2c(c1OC)-c1ccc3c(c1[C@H](CC=C)O2)C(C)=CC(C)(C)N3
CHEMBL3358943,GR,,5.699,0,1,,censored,CNC(=O)c1ccccc1C(C)(C)CC(O)(Cc1cc2cc(S(C)(=O)=O)ncc2[nH]1)C(F)(F)F
CHEMBL1189679,GR,,4.523,0,1,Inactive,censored,O=C1c2cccc3c2[C@H](CCC3)CN1[C@@H]1CN2CCC1CC2
CHEMBL3301612,GR,,4.523,0,1,Inactive,censored,COC(=O)N[C@@H](C)CNc1nccc(-c2cn(C(C)C)nc2-c2cc(Cl)cc(NS(C)(=O)=O)c2F)n1
CHEMBL292970,GR,6.260,,1,0,Active,exact,CCOc1ccc(CC2Oc3cccc(OC)c3-c3ccc(NS(C)(=O)=O)cc32)cc1
CHEMBL2023235,GR,7.060,,1,0,Active,exact,C[C@]12Cc3cnn(C4CCOCC4)c3C=C1CC[C@@H]1[C@@H]2[C@@H](O)C[C@@]2(C)[C@H]1CC[C@]2(O)C(=O)CSc1nc2ccccc2s1
CHEMBL5814070,GR,6.560,,1,0,Active,exact,COCCCCn1nc(C)c2c(Cl)c(C(=O)Nc3ccc(Cl)cc3)cnc21
CHEMBL2103772,GR,,4.523,0,1,Inactive,censored,CC(=O)SCC(Cc1ccccc1)C(=O)NCC(=O)OCc1ccccc1
CHEMBL1254906,GR,7.660,,1,1,Active,exact,COc1ccc(F)cc1C(C)(C)CC(O)(Cc1cc2ccncc2o1)C(F)(F)F
CHEMBL3421887,GR,8.300,,3,0,Active,exact,CC[C@@]12C[C@@](C)(O)[C@](O)(c3ccccc3)C[C@H]1CC(=O)c1cc(O)ccc12
CHEMBL2181925,GR,6.170,,1,0,Active,exact,O=c1[nH]c2cc(/C=C3\c4ccccc4COc4cc(F)ccc43)ccc2n1[C@H]1C[C@H]2COCCN2C1
CHEMBL385517,GR,,4.523,0,1,Inactive,censored,N#C[C@@H]1C[C@@H]2C[C@@H]2N1C(=O)[C@@H](N)C12CC3CC(CC(O)(C3)C1)C2
CHEMBL392568,GR,7.170,,1,0,Active,exact,COc1ccc(F)cc1C(C)(C)CC(O)(Cc1ccc(Cl)cc1Cl)C(F)(F)F
CHEMBL389794,GR,6.090,,1,0,Active,exact,Cc1c(Cl)cccc1S(=O)(=O)NC(C)Cc1c[nH]c2ccccc12
CHEMBL2426647,GR,7.495,,2,0,Active,exact,CC(C)(C(=O)Nc1nncs1)C(c1ccccc1)c1ccc2c(cnn2-c2ccccn2)c1
CHEMBL3578284,GR,5.540,,1,0,,exact,Cc1nocc1-c1ccc2[nH]c([C@@]3(Cc4ccccc4)OC(=O)N([C@H](C)c4ccc(F)cc4)C3=O)nc2c1
CHEMBL1518,GR,,5.000,0,1,,censored,CCCc1cc(=O)[nH]c(=S)[nH]1
CHEMBL2407647,GR,,4.699,0,2,Inactive,censored,COc1cc(CNC(=O)[C@@]2(Cc3ccccc3)OC(=O)N([C@@H]3CCc4ccccc43)C2=O)cc(OC)c1
CHEMBL5742307,GR,7.940,,1,0,Active,exact,C[C@@]1(c2ccc(Sc3ccc(N)cc3)cc2)O[C@@H]2C[C@H]3[C@@H]4CCC5=CC(=O)C=C[C@]5(C)[C@H]4[C@@H](O)C[C@]3(C)[C@]2(C(=O)CO)O1
CHEMBL3977631,GR,8.725,,2,0,Active,exact,C[C@H](NS(=O)(=O)C1CC1)[C@H](Oc1ccc2c(cnn2-c2ccc(F)cc2)c1)c1ccc(S(C)(=O)=O)cc1
CHEMBL5752346,GR,,5.301,0,1,,censored,COc1c(C(=O)Nc2ccc(C(F)(F)F)cc2)cnc2c1c(C)nn2C1CCOCC1
CHEMBL5752710,GR,,5.301,0,1,,censored,Cc1cn(C)c2ncc(C(=O)Nc3ccc(Cl)cc3)c(Cl)c12
CHEMBL652,GR,,4.523,0,1,Inactive,censored,O=C(NCC1CCCCN1)c1cc(OCC(F)(F)F)ccc1OCC(F)(F)F
CHEMBL138098,GR,8.570,,1,0,Active,exact,C#CCC1Oc2cccc(OC)c2-c2ccc3c(c21)C(C)=CC(C)(C)N3
CHEMBL5955869,GR,7.960,,1,0,Active,exact,C[C@H](c1ccc([C@@H]2O[C@@H]3C[C@H]4[C@@H]5C[C@H](F)C6=CC(=O)C=C[C@]6(C)[C@@]5(F)[C@@H](O)C[C@]4(C)[C@]3(C(=O)CO)O2)cc1)c1cccc(N)c1
CHEMBL227440,GR,5.070,,1,0,,exact,CC1COc2cc3[nH]c(=O)cc(C(F)(F)F)c3cc2N1CC(F)(F)F
CHEMBL5947801,GR,,5.000,0,1,,censored,CC1(C)C(=O)N(c2ccc(C#N)c(C(F)(F)F)c2)C(=S)N1c1ccc(CNC(=O)c2ncccn2)c(Cl)c1
CHEMBL476960,GR,,4.523,0,1,Inactive,censored,OCC(CO)N[C@H]1C[C@](O)(CO)[C@@H](O)[C@H](O)[C@H]1O
CHEMBL707,GR,,4.523,0,1,Inactive,censored,COc1cc2nc(N3CCN(C(=O)C4COc5ccccc5O4)CC3)nc(N)c2cc1OC
CHEMBL1649688,GR,4.290,,1,0,Inactive,exact,C[C@H](CCC(=O)N1CCNCC1)[C@H]1CC[C@H]2[C@@H]3[C@@H](O)C[C@@H]4C[C@H](O)CC[C@]4(C)[C@H]3CC[C@]12C
CHEMBL2024023,GR,7.615,,2,0,Active,exact,C[C@]12CCC(=O)C=C1CC[C@@H]1[C@@H]2[C@@H](O)C[C@@]2(C)[C@H]1CC[C@]2(O)C(=O)CSc1ccc2ccccc2n1
CHEMBL3358926,GR,7.790,,2,0,Active,exact,Cc1ccc(F)cc1C(C)(C)CC(O)(Cc1cc2cc(N)ncc2[nH]1)C(F)(F)F
CHEMBL3261413,GR,8.430,,3,0,Active,exact,Cc1cc(C)c(S(=O)(=O)N[C@@H](C)CNc2cccc3c2cnn3-c2ccc(Cl)cc2)c(C)c1
CHEMBL3937005,GR,6.315,,2,0,Active,exact,CCCCC#C[C@]1(O)CC[C@H]2[C@@H]3CCc4cc(C(=O)Nc5cccnc5C)ccc4[C@H]3[C@@H](O)C[C@@]21C
CHEMBL926,GR,,4.523,0,1,Inactive,censored,CC(CCc1ccc(O)cc1)NCCc1ccc(O)c(O)c1
CHEMBL5857790,GR,6.560,,1,0,Active,exact,Cc1nn(-c2ccccc2)c2ncc(C(=O)NCc3ccco3)c(Cl)c12
CHEMBL19224,GR,,4.523,0,1,Inactive,censored,COc1ccc(Cc2nccc3cc(OC)c(OC)cc23)cc1OC
CHEMBL310420,GR,8.380,,1,0,Active,exact,C[C@]12Cc3cnn(-c4ccc(F)cc4)c3C=C1CCC[C@@H]2[C@@H](O)Cc1ccccc1
CHEMBL5266318,GR,5.875,,2,1,,exact,O=C(c1ccco1)N1CCCc2cc(N(S(=O)(=O)c3ccc(Cl)cc3)S(=O)(=O)c3ccc(Cl)cc3)ccc21
CHEMBL556523,GR,7.850,,1,0,Active,exact,C[C@@H]1C[C@H]2[C@@H]3CCC4=CC(=O)C=C[C@]4(C)[C@@]3(F)[C@@H](O)C[C@]2(C)[C@@]1(O)C(=O)CSCCNC(=S)NCCCN(C)CCCNC(=O)CCNC(=O)c1cc(NC(=O)c2cc(NC(=O)c3cc(NC(=O)c4cc(NC(=O)CCCNC(=O)c5cc(NC(=O)c6cc(NC(=O)c7cc(NC(=O)c8nccn8C)cn7C)cn6C)cn5C)cn4C)cn3C)cn2C)cn1C
CHEMBL3094482,GR,8.060,,2,0,Active,exact,CCC(Cc1ccc(O)c(C)c1C)NS(=O)(=O)c1c(C)cc(C)cc1C
CHEMBL65657,GR,7.540,,1,0,Active,exact,COc1cccc2c1-c1ccc(NS(C)(=O)=O)cc1C(c1ccc(F)cc1)O2
CHEMBL95889,GR,,4.523,0,1,Inactive,censored,C[N+](C)(C)CC(=O)O
CHEMBL1146,GR,,4.523,0,1,Inactive,censored,Cn1nnnc1SCC1=C(C(=O)O)N2C(=O)[C@@H](NC(=O)[C@H](O)c3ccccc3)[C@H]2SC1
CHEMBL4204230,GR,8.930,,2,0,Active,exact,C[C@]12C=CC(=O)C=C1[C@@H](F)C[C@H]1[C@@H]3C[C@H]4CN(Cc5cccc(Cl)c5)C[C@@]4(C(=O)CO)[C@@]3(C)C[C@H](O)[C@@]12F
CHEMBL576472,GR,7.555,,4,0,Active,exact,Cc1ccccc1[C@@](C)(O)[C@H]1CCCC2=Cc3c(-c4ccc(F)cc4)ncn3C[C@@]21C
CHEMBL3094475,GR,7.600,,1,1,Active,exact,CCC(Cc1cc(C)ccc1C)NS(=O)(=O)c1c(C)cc(C)cc1C
CHEMBL294199,GR,,4.523,0,1,Inactive,censored,COc1cc(CNC(=O)CCCC/C=C/C(C)C)ccc1O
CHEMBL1668075,GR,7.600,,1,0,Active,exact,Cc1cc(C)c(S(=O)(=O)N[C@@H](C)CNc2cc(C)cc3c2cnn3-c2ccc(N[C@H](C)C(N)=O)cc2)c(C)c1
CHEMBL56564,GR,,4.523,0,1,Inactive,censored,CN1[C@@H]2CC[C@H]1C[C@@H](OC(=O)c1c[nH]c3ccccc13)C2
CHEMBL93645,GR,,4.523,0,1,Inactive,censored,O=C(O)COC(=O)Cc1ccccc1Nc1c(Cl)cccc1Cl
CHEMBL415524,GR,6.840,,2,0,Active,exact,CCc1ccccc1/C=C1\Oc2ccc(F)cc2-c2ccc3c(c21)C(C)=CC(C)(C)N3
CHEMBL719,GR,,5.000,0,1,,censored,C/C(=C\C(=O)OCCCCCCCCC(=O)O)C[C@@H]1OC[C@H](C[C@@H]2O[C@H]2[C@@H](C)[C@H](C)O)[C@@H](O)[C@H]1O
CHEMBL1928882,GR,5.160,,1,0,,exact,Cc1cc(-c2ccc3c(c2)NC(=O)CO3)n(-c2ccc(F)cc2)n1
CHEMBL4217464,GR,7.190,,1,0,Active,exact,C[C@]12C=CC(=O)C=C1[C@@H](F)C[C@H]1[C@@H]3C[C@H]4CN(Cc5cccnc5)C[C@@]4(C(=O)CO)[C@@]3(C)C[C@H](O)[C@@]12F
CHEMBL5809236,GR,,5.301,0,1,,censored,Cc1nn(C)c2ncc(C(=O)Nc3ccc(OCCO)cc3)c(Cl)c12
CHEMBL5874682,GR,7.300,,2,0,Active,exact,CC(C)[C@H](NC(=O)C(F)(F)F)[C@H](Oc1ccc2c(cnn2-c2ccc(=O)n(C)c2)c1)c1ccc(OC(F)F)cc1
CHEMBL5896822,GR,5.560,,1,0,,exact,CC(C)c1ccc(NC(=O)c2cnc3c(ncn3C)c2Cl)cc1
CHEMBL392667,GR,6.100,,1,0,Active,exact,O=C1C=C2CCN(S(=O)(=O)c3ccc(F)cc3)CC2(Cc2ccccc2)CC1
CHEMBL130141,GR,6.620,,2,0,Active,exact,CC1=CC(C)(C)Nc2ccc3c(c21)/C(=C/c1ccncc1C)Oc1ccc(F)cc1-3
CHEMBL5837564,GR,6.560,,1,0,Active,exact,Cc1nn(-c2ccccc2)c2ncc(C(=O)Nc3ccc(C4CCCC4)cc3)c(Cl)c12
CHEMBL1085107,GR,,5.000,0,1,,censored,CC(C)[C@]1(C)SC(N[C@H]2C[C@@H]3CC[C@H]2C3)=NC1=O
CHEMBL214336,GR,8.320,,1,0,Active,exact,Cc1noc(=O)c2ccc(NC(=O)C(O)(CC3(C(C)C)CCCc4ccccc43)C(F)(F)F)cc12
CHEMBL5770028,GR,9.040,,1,0,Active,exact,CCCCc1ccc(-c2ccc3c(n2)Oc2c(F)cccc2[C@@H]3C(C)(C)C(=O)NC(N)=O)cc1
CHEMBL371988,GR,8.000,,1,0,Active,exact,C[C@H]1OC2(CCCC3=Cc4c(cnn4-c4ccc(F)cc4)C[C@@]32C)O[C@@H]1C
CHEMBL388432,GR,7.100,,1,0,Active,exact,Cc1cc(C)c(S(=O)(=O)NC(C)Cc2c[nH]c3cc(F)ccc23)c(C)c1
CHEMBL79,GR,,4.523,0,1,Inactive,censored,CCN(CC)CC(=O)Nc1c(C)cccc1C
CHEMBL2087292,GR,6.100,,1,0,Active,exact,O=C(O)Cc1cc(Br)c(N(Cc2ccc(Oc3ccccc3Br)cc2)Cc2cc(F)cc(F)c2)c(Br)c1
CHEMBL656,GR,,4.523,0,1,Inactive,censored,COc1ccc2c3c1O[C@H]1C(=O)CC[C@@]4(O)[C@@H](C2)N(C)CC[C@]314
CHEMBL1897738,GR,,4.523,0,1,Inactive,censored,CCC(C)(Oc1ccc(C2(c3ccc(OC(C)(CC)C(=O)O)cc3)CCCCC2)cc1)C(=O)O
CHEMBL6058413,GR,7.750,,2,0,Active,exact,CC(C)[C@H](NC(=O)C(F)(F)F)[C@H](Oc1ccc2c(cnn2-c2ccc(=O)n(C)c2)c1)c1ccc(C(F)(F)F)cc1
CHEMBL154,GR,,4.523,0,1,Inactive,censored,COc1ccc2cc([C@H](C)C(=O)O)ccc2c1
CHEMBL4092066,GR,7.800,,3,0,Active,exact,CC1(C)C[C@](O)(C(F)(F)F)[C@@H](Nc2cccc3[nH]c(=O)ccc23)c2ccc(F)c(O)c21
CHEMBL1684345,GR,6.880,,1,1,Active,exact,C[C@H]1c2c(cc(F)c(-c3cccc4cc[nH]c34)c2F)NC(C)(C)[C@@H]1OC(=O)N1CCCCC1
CHEMBL898,GR,,5.000,0,1,,censored,O=C(O)c1cc(-c2ccc(F)cc2F)ccc1O
CHEMBL4067794,GR,7.360,,1,0,Active,exact,O=C(c1ccccn1)[C@]12Cc3cnn(-c4ccc(F)cc4)c3C[C@@H]1CCN(S(=O)(=O)c1cccc(C(F)(F)F)c1)C2
CHEMBL3774852,GR,,4.432,0,1,Inactive,censored,C[N+]1([O-])CCC2(CC1)C(=O)Nc1cc(/C=C3\c4ccccc4COc4cc(F)ccc43)ccc12
CHEMBL244537,GR,8.920,,1,0,Active,exact,COc1c(O)ccc2c1-c1ccc3c(c1/C(=C/c1sccc1C(C)O)O2)C(C)=CC(C)(C)N3
CHEMBL4161754,GR,7.710,,5,0,Active,exact,CC(C)N(C)c1ccc([C@H]2C[C@@]3(C)[C@@H](CC[C@@]3(O)C#CC(C)(C)C)[C@@H]3CCC4=CC(=O)CC[C@@H]4[C@H]32)cc1
CHEMBL39736,GR,,4.523,0,1,Inactive,censored,CCCCNC(=N)NC(=N)N
CHEMBL2087298,GR,6.530,,1,0,Active,exact,O=C(O)Cc1cc(Br)c(N(Cc2ccc(Oc3ccccc3C(F)(F)F)cc2)Cc2cc(F)cc(F)c2)c(Br)c1
CHEMBL2204041,GR,7.720,,1,0,Active,exact,CCc1ccccc1Cc1c(=O)[nH]c(=O)[nH]c1[C@H]1CC[C@@H](c2ccccc2)CC1
CHEMBL2204057,GR,7.660,,1,0,Active,exact,Cc1cccc(Cc2c(=O)[nH]c(=O)[nH]c2[C@H]2CC[C@@H](c3ccccc3)CC2)n1
CHEMBL364015,GR,6.695,,2,0,Active,exact,C[C@]12Cc3cnn(-c4ccc(F)cc4)c3C=C1CCC[C@@H]2[C@H](O)c1ccc(F)nc1
CHEMBL643,GR,,4.523,0,1,Inactive,censored,CC(CN1c2ccccc2Sc2ccccc21)N(C)C
CHEMBL6011792,GR,8.960,,1,0,Active,exact,CC(C)(C(=O)NC(N)=O)[C@H]1c2ccccc2Oc2nc(-c3ccc(C(=O)N4CCC(F)(F)C4)c(F)c3)ccc21
CHEMBL5278403,GR,6.240,,1,2,Active,exact,COc1cc(C)c(Cl)cc1S(=O)(=O)Nc1ccc2c(c1)CCCN2C(=O)C1CCCCC1
CHEMBL4755113,GR,6.050,,1,0,Active,exact,Cc1ccc(-n2cc3c(n2)C=C2CC[C@@H]4[C@H]([C@@H](O)C[C@@]5(C)[C@H]4CC[C@]5(O)C(=O)CO)[C@@]2(C)C3)cc1
CHEMBL2314995,GR,,4.602,0,2,Inactive,censored,CC[C@H]1OC(=O)[C@H](C)[C@@H](O[C@H]2C[C@@](C)(OC)[C@@H](O)[C@H](C)O2)[C@H](C)[C@@H](O[C@@H]2O[C@H](C)C[C@H](N(C)C)[C@H]2O)[C@](C)(O)C[C@@H](C)CN(CCCNC(=O)[C@@]2(O)CC[C@H]3[C@@H]4CCC5=CC(=O)C=C[C@]5(C)[C@H]4[C@@H](O)C[C@@]32C)[C@H](C)[C@@H](O)[C@]1(C)O
CHEMBL583625,GR,6.240,,3,1,Active,exact,C[C@]12Cn3cnc(-c4ccc(F)cc4)c3C=C1CCC[C@@H]2[C@](C)(O)c1cccnc1
CHEMBL219314,GR,8.400,,1,0,Active,exact,COc1ccc(F)cc1C(C)(C)CC(O)(CN1CCC(=O)c2ccccc21)C(F)(F)F
CHEMBL221426,GR,7.775,,2,0,Active,exact,CC#C[C@]1(O)CC[C@H]2[C@@H]3CCC4=CC(=O)CCC4=C3[C@@H](c3ccc(OC)cc3C)C[C@@]21C
CHEMBL14249,GR,,5.000,0,1,,censored,Nc1ncnc2c1ncn2[C@@H]1O[C@H](COP(=O)(O)OP(=O)(O)OP(=O)(O)O)[C@@H](O)[C@H]1O
CHEMBL49754,GR,5.080,,1,0,,exact,C=C1C=C(C)CC(C)(C)C1Sc1ccc([N+](=O)[O-])cc1
CHEMBL6055112,GR,7.970,,1,0,Active,exact,CNc1ccc(Cc2ccc([C@@H]3O[C@@H]4C[C@H]5[C@@H]6C[C@H](F)C7=CC(=O)C=C[C@]7(C)[C@@]6(F)[C@@H](O)C[C@]5(C)[C@]4(C(=O)CO)O3)cc2)cc1OC
CHEMBL239226,GR,,4.523,0,1,Inactive,censored,CC(C)N(CCCCOCC(=O)O)c1cnc(-c2ccccc2)c(-c2ccccc2)n1
CHEMBL986,GR,,4.523,0,1,Inactive,censored,CC1=C(/C=C/C(C)=C/C=C/C(C)=C/CO)C(C)(C)CCC1
CHEMBL6003921,GR,5.560,,1,0,,exact,Cc1nn(-c2ccc(I)cc2)c2ncc(C(=O)Nc3ccc(C(C)C)cc3)c(Cl)c12
CHEMBL4096557,GR,9.320,,2,0,Active,exact,C[C@H](NC(=O)C(C)(F)F)[C@H](Oc1ccc2c(cnn2-c2cccc(C(=O)N3CCC[C@@H]3C(N)=O)c2)c1)c1ccccc1
CHEMBL1435,GR,,4.523,0,1,Inactive,censored,Cc1nnc(SCC2=C(C(=O)O)N3C(=O)[C@@H](NC(=O)Cn4cnnn4)[C@H]3SC2)s1
CHEMBL2314758,GR,5.550,,1,1,,exact,CC[C@H]1OC(=O)[C@H](C)[C@@H](O)[C@H](C)[C@@H](O[C@@H]2O[C@H](C)C[C@H](N(C)C)[C@H]2O)[C@](C)(O)C[C@@H](C)CN(CCCNC(=O)[C@H]2[C@H](C)C[C@H]3[C@@H]4CCC5=CC(=O)C=C[C@]5(C)[C@@]4(F)[C@@H](O)C[C@@]32C)[C@H](C)[C@@H](O)[C@]1(C)O
CHEMBL196185,GR,8.600,,1,0,Active,exact,C/C=C/[C@H]1OC2(CCCC3=Cc4c(cnn4-c4ccc(F)cc4)C[C@@]32C)O[C@@H]1/C=C/C
CHEMBL3315056,GR,6.365,,4,0,Active,exact,CN(C)C(=O)NC(=O)C(C)(C)[C@@H]1c2ccc(-c3ccc(C(=O)N4CCOCC4)cc3)nc2Oc2c(F)cccc21
CHEMBL5613699,GR,5.720,,1,0,,exact,Cc1ccncc1Nc1ccc2c(c1)CC[C@@H]1C3=CC(=O)C[C@]3(C)CC[C@@]21Cc1ccccc1
CHEMBL386916,GR,7.470,,1,0,Active,exact,COc1ccc(F)cc1C(C)(C)CC(O)(Cn1ccc(=O)c2cnccc21)C(F)(F)F
CHEMBL2024030,GR,7.570,,1,0,Active,exact,C[C@]12CCC(=O)C=C1CC[C@@H]1[C@@H]2[C@@H](O)C[C@@]2(C)[C@H]1CC[C@]2(O)C(=O)CSc1ccc(Cl)c(Cl)c1
CHEMBL5087633,GR,,6.000,0,1,,censored,CC(C)C[C@@H](CN(CC(=O)N[C@H](C(N)=O)[C@@H](C)O)S(=O)(=O)CCN)NC(=O)[C@H](CC(C)C)NC(=O)[C@H](Cc1c[nH]c2ccccc12)NC(=O)[C@H](CCC(N)=O)NC(=O)[C@@H](NC(=O)[C@H](Cc1ccccc1)NC(=O)[C@H](CC(=O)O)NC(=O)[C@H](CCC(N)=O)NC(=O)CN(C[C@H](CCCNC(=N)N)NC(=O)[C@H](CCCNC(=N)N)NC(=O)[C@H](CO)NC(=O)[C@H](CC(=O)O)NC(=O)[C@H](CC(C)C)NC(=O)[C@H](Cc1ccc(O)cc1)NC(=O)[C@H](CCCCN)NC(=O)[C@H](CO)NC(=O)[C@H](Cc1ccc(O)cc1)NC(=O)[C@H](CC(=O)O)NC(=O)[C@H](CO)NC(=O)[C@@H](NC(=O)[C@H](Cc1ccccc1)NC(=O)[C@@H](NC(=O)CNC(=O)[C@H](CCC(N)=O)NC(=O)[C@H](CO)NC(=O)[C@@H](N)Cc1cnc[nH]1)[C@@H](C)O)[C@@H](C)O)S(C)(=O)=O)C(C)C
CHEMBL5824106,GR,6.560,,1,0,Active,exact,Cc1ccc(-n2nc(C)c3c(Cl)c(C(=O)Nc4ccc(C(C)C)cc4)cnc32)cc1
CHEMBL70449,GR,6.660,,1,0,Active,exact,Cc1c(NS(C)(=O)=O)cccc1N(Cc1ccccc1)Cc1ccccc1C(F)(F)F
CHEMBL5801499,GR,6.560,,1,0,Active,exact,Cc1nn(C2CCN(C(=O)OC(C)(C)C)CC2)c2ncc(C(=O)Nc3ccc(C(F)(F)F)cc3)c(Cl)c12
CHEMBL1437,GR,,4.523,0,1,Inactive,censored,NC[C@H](O)c1ccc(O)c(O)c1
CHEMBL1917255,GR,7.840,,1,0,Active,exact,C[C@]12CCC(=O)C=C1CC[C@@H]1[C@@H]2[C@@H](O)C[C@@]2(C)[C@H]1CC[C@]2(OC(=O)c1ccco1)C(=O)CSc1nc2ncccc2s1
CHEMBL4083216,GR,6.330,,1,0,Active,exact,C[C@H](NC(=O)C(F)(F)F)[C@H](Oc1ccc2c(cnn2-c2ccc(F)cc2)c1)c1cccc(OS(=O)(=O)O)c1
CHEMBL4217070,GR,7.960,,3,0,Active,exact,CC(C)[C@H](NC(=O)C(C)(F)F)[C@H](Oc1ccc2c(cnn2-c2cccn(C)c2=O)c1)c1ccccc1
CHEMBL1201165,GR,7.010,,1,0,Active,exact,C#C[C@]1(O)CC[C@H]2[C@@H]3CCc4cc(OC5CCCC5)ccc4[C@H]3CC[C@@]21C
CHEMBL514185,GR,6.800,,1,1,Active,exact,CC1(C(=O)Nc2ccc([N+](=O)[O-])cc2O)CC2c3ccccc3C1c1ccccc12
CHEMBL520169,GR,,5.523,0,1,,censored,Cn1c(C#N)ccc1-c1ccc2c(c1)C(c1cccs1)(c1cccs1)OCC(=O)N2
CHEMBL5282196,GR,6.765,,2,1,Active,exact,Cc1ccc(S(=O)(=O)N(c2ccc3c(c2)CCCN3C(=O)c2ccco2)S(=O)(=O)c2ccc(C)cc2)cc1
CHEMBL5940990,GR,8.480,,1,0,Active,exact,COc1ccc(CNC(=O)NC(=O)C(C)(C)[C@@H]2c3ccc(-c4ccc(C(C)(C)O)cc4)nc3Oc3c(F)cccc32)cc1
CHEMBL3775798,GR,,4.602,0,1,Inactive,censored,O=c1[nH]c2cc(/C=C3\c4ccccc4COc4cc(F)ccc43)ccc2n1[C@@H]1C[C@@H]2COCCN2C1
CHEMBL5831590,GR,,5.301,0,1,,censored,Cc1cn(C)c2ncc(C(=O)Nc3ccc(C(C)C)cc3)c(Cl)c12
CHEMBL1541,GR,,4.523,0,1,Inactive,censored,C=CC1=C(C(=O)O)N2C(=O)[C@@H](NC(=O)/C(=N\OCC(=O)O)c3csc(N)n3)[C@H]2SC1
CHEMBL5749150,GR,6.560,,1,0,Active,exact,Cc1nn(-c2ccccc2)c2ncc(C(=O)Nc3ccccc3Cl)c(Cl)c12
CHEMBL517,GR,,4.523,0,1,Inactive,censored,CC(C)N(CCC(C(N)=O)(c1ccccc1)c1ccccn1)C(C)C
CHEMBL3421874,GR,7.420,,1,1,Active,exact,CC[C@@]12C[C@](C)(O)[C@](O)(c3ccccc3)C[C@H]1CCc1cc(O)ccc12
CHEMBL2419309,GR,5.680,,1,0,,exact,CC1C(c2ccc3c(c2)NC(=O)CO3)=C(c2ccc(F)cc2)C(=O)N1C
CHEMBL433586,GR,8.300,,1,0,Active,exact,C[C@@H]1C[C@H]2C3CCC4=CC(=O)C=C[C@]4(C)[C@@]3(F)[C@@H](O)C[C@]2(C)[C@@]1(O)C(=O)O
CHEMBL2023614,GR,8.280,,1,0,Active,exact,C[C@]12Cc3cnn(-c4ccc(F)cc4)c3C=C1CC[C@@H]1[C@@H]2[C@@H](O)C[C@@]2(C)[C@H]1CC[C@]2(O)C(=O)CSc1ccc2ccccc2n1
CHEMBL5274768,GR,5.710,,3,0,,exact,O=C(c1ccco1)N1CCCc2cc(NS(=O)(=O)c3ccc4c(c3)CCO4)ccc21
CHEMBL5088610,GR,9.005,,2,0,Active,exact,CC(=O)N[C@@H](Cc1cnc[nH]1)C(=O)NC(C)(C)C(=O)N[C@@H](CCC(N)=O)C(=O)NCC(=O)N[C@H](C(=O)N[C@@H](Cc1ccccc1)C(=O)N[C@H](C(=O)N[C@@H](CO)C(=O)N[C@@H](CC(=O)O)C(=O)N[C@@H](Cc1ccc(O)cc1)C(=O)N[C@@H](CO)C(=O)N[C@@H](CCCCN)C(=O)N[C@@H](Cc1ccc(O)cc1)C(=O)N[C@@H](CC(C)C)C(=O)N[C@@H](CC(=O)O)C(=O)N[C@@H](CO)C(=O)N[C@@H](CCCNC(=N)N)C(=O)N[C@@H](CCCNC(=N)N)C(=O)N[C@@H](C)C(=O)N[C@@H](CCC(N)=O)C(=O)N[C@@H](CC(=O)O)C(=O)N[C@@H](Cc1ccccc1)C(=O)N[C@H](C(=O)N[C@@H](CCC(N)=O)C(=O)N[C@@H](Cc1c[nH]c2ccccc12)C(=O)N[C@@H](CC(C)C)C(=O)N[C@@H](CC(C)C)CN(CC(=O)N[C@H](C(N)=O)[C@@H](C)O)S(=O)(=O)CCN)C(C)C)[C@@H](C)O)[C@@H](C)O
CHEMBL3315068,GR,7.740,,6,0,Active,exact,CC(C)(C(=O)NC(N)=O)[C@@H]1c2ccc(-c3ccc(C(=O)N4CCOCC4)nc3)nc2Oc2c(F)cccc21
CHEMBL247046,GR,,5.000,0,1,,censored,CCCCS(=O)(=O)N1CCC2=CC(=O)CCC2(Cc2ccccc2)C1
CHEMBL228611,GR,6.450,,1,0,Active,exact,C=CCOC(CC)C1=CC(C)(C)Nc2ccc(-c3ccccc3OC)cc21
CHEMBL236747,GR,6.070,,1,0,Active,exact,COc1ccc(F)cc1C(C)(C)CC(O)(Cc1ccccc1C)C(F)(F)F
CHEMBL1014,GR,,4.523,0,1,Inactive,censored,CCOc1nc2cccc(C(=O)OC(C)OC(=O)OC3CCCCC3)c2n1Cc1ccc(-c2ccccc2-c2nn[nH]n2)cc1
CHEMBL302366,GR,8.325,,2,0,Active,exact,CC1(C)O[C@@H]2CC3C4C[C@H](F)C5=CC(=O)C=C[C@]5(C)[C@@]4(F)[C@@H](O)C[C@]3(C)[C@]2(C(=O)CSC2CCOC2=O)O1
CHEMBL5269349,GR,,4.125,0,1,Inactive,censored,C[n+]1nn(-c2ccc(-c3nc(CCc4ccc(-c5ccccc5)cc4)cs3)c(OCCN3CCNC3=O)c2)cc1CCCCN.O=C(O)C(F)(F)F.O=S(=O)([O-])C(F)(F)F
CHEMBL1201139,GR,7.890,,2,0,Active,exact,CC(=O)O[C@]1(C(C)=O)CC[C@H]2[C@@H]3C=C(C)C4=CC(=O)CC[C@]4(C)[C@H]3CC[C@@]21C
CHEMBL5273844,GR,5.500,,1,2,,exact,N#Cc1ccc(S(=O)(=O)N(c2ccc3c(c2)CCCN3C(=O)c2ccco2)S(=O)(=O)c2ccc(C#N)cc2)cc1
CHEMBL428647,GR,,4.523,0,1,Inactive,censored,CC(=O)O[C@H]1C(=O)[C@@]2(C)[C@H]([C@H](OC(=O)c3ccccc3)[C@]3(O)C[C@H](OC(=O)[C@H](O)[C@@H](NC(=O)c4ccccc4)c4ccccc4)C(C)=C1C3(C)C)[C@]1(OC(C)=O)CO[C@@H]1C[C@@H]2O
CHEMBL1911546,GR,6.920,,1,1,Active,exact,COc1ccc(F)cc1C(C)(C)CC(O)(Cc1cc2cccc(C(F)(F)F)c2[nH]1)C(F)(F)F
CHEMBL3928010,GR,6.250,,1,0,Active,exact,Cc1ncccc1NC(=O)c1ccc2c(c1)CC[C@@H]1[C@@H]2[C@@H](O)C[C@@]2(C)[C@H]1CC[C@@]2(O)C#Cc1ccccc1
CHEMBL6000507,GR,6.560,,1,0,Active,exact,Cc1cc(C)nc(Cn2nc(C)c3c(Cl)c(C(=O)Nc4ccc(Cl)cc4)cnc32)c1
CHEMBL1911650,GR,8.610,,2,0,Active,exact,COc1ccc(F)cc1C(C)(C)C[C@@](O)(Cc1cc2cc(C#N)ccc2[nH]1)C(F)(F)F
CHEMBL4164900,GR,7.910,,1,0,Active,exact,CN(C)c1cc(F)c([C@H]2C[C@@]3(C)[C@@H](CC[C@@]3(O)C#CC(C)(C)C)[C@@H]3CCC4=CC(=O)CCC4=C32)c(F)c1
CHEMBL4797614,GR,7.660,,1,0,Active,exact,C[C@H](NC(=O)[C@@H]1CCCO1)[C@H](Oc1ccc(C(=O)O[C@H]2CCCN(C(=O)[C@H]3COC(=O)C3)C2)cc1)c1ccc(C2CC2)cc1
CHEMBL2419303,GR,,5.000,0,1,,censored,O=C1COc2ccc(C3=C(c4ccc(F)cc4F)C(=O)OC3)cc2N1
CHEMBL806,GR,,5.000,0,1,,censored,CC(C)C(=O)Nc1ccc([N+](=O)[O-])c(C(F)(F)F)c1
CHEMBL3315070,GR,8.170,,5,0,Active,exact,CC(C)Oc1ccc(-c2ccc3c(n2)Oc2c(F)cccc2[C@@H]3C(C)(C)C(=O)NC(N)=O)cn1
CHEMBL4078531,GR,7.770,,1,0,Active,exact,C[C@H](NC(=O)C(C)(F)F)[C@H](Oc1ccc2c(cnn2-c2cccc(C(=O)N3CCC[C@H]3C(N)=O)c2)c1)c1ccccc1
CHEMBL3582111,GR,6.840,,1,0,Active,exact,COc1cc2c(cc1-c1c(C)noc1C)C(C)(C)C(=O)C(C)(C)N2
CHEMBL360861,GR,,4.523,0,1,Inactive,censored,Cn1c(NCCN(CCO)CCCc2ccc([N+](=O)[O-])cc2)cc(=O)n(C)c1=O
CHEMBL5969493,GR,5.560,,1,0,,exact,Cc1nn(C2CCN(C(C)C)CC2)c2ncc(C(=O)Nc3ccc(Cl)cc3)c(Cl)c12
CHEMBL6022127,GR,6.560,,1,0,Active,exact,O=C(Nc1ccc(C(F)(F)F)cc1)c1cnc2c(cnn2Cc2nccn2Cc2ccccc2)c1Cl
CHEMBL2204046,GR,8.100,,1,0,Active,exact,O=c1[nH]c(=O)c(Cc2cc(Cl)ccc2Cl)c([C@H]2CC[C@@H](c3ccccc3)CC2)[nH]1
CHEMBL682,GR,,4.523,0,1,Inactive,censored,CCN(CC)Cc1cc(Nc2ccnc3cc(Cl)ccc23)ccc1O
CHEMBL5749536,GR,,5.301,0,1,,censored,Cn1cnc2c(Cl)c(C(=O)Nc3ccc(Cl)cc3)cnc21
CHEMBL6009955,GR,6.560,,1,0,Active,exact,Cc1nn(-c2ccccc2)c2ncc(C(=O)Nc3ccc(Cl)cc3)c(Cl)c12
CHEMBL455,GR,,5.000,0,1,,censored,CC(=O)NS(=O)(=O)c1ccc(N)cc1
CHEMBL4516396,GR,7.700,,1,0,Active,exact,Fc1ccc(-n2ncc3c2C=C[C@]2(CCCC=C2c2ccccc2)C3)cc1
CHEMBL394344,GR,6.010,,1,0,Active,exact,COc1ccccc1-c1ccc2c(c1)C(C(C)OC/C=C/c1ccccc1)=CC(C)(C)N2
CHEMBL2023898,GR,,4.523,0,1,Inactive,censored,COC(=O)N[C@H](C(=O)N1CCC[C@H]1c1ncc(-c2ccc(-c3ccc(-c4cnc([C@@H]5CCCN5C(=O)[C@@H](NC(=O)OC)C(C)C)[nH]4)cc3)cc2)[nH]1)C(C)C
CHEMBL1241,GR,,5.000,0,1,,censored,CN(C)CCN(Cc1ccccc1)c1ccccn1
CHEMBL259820,GR,8.660,,2,0,Active,exact,COc1c(O)ccc2c1-c1ccc3c(c1/C(=C/c1cccc(C)c1F)O2)C(C)=CC(C)(C)N3
CHEMBL1762199,GR,7.765,,2,0,Active,exact,CO/N=C1\CC(C)(C)Nc2cc(F)c(-c3cccc4cc[nH]c34)c(F)c21
CHEMBL5611927,GR,6.395,,2,0,Active,exact,Cc1ncncc1Nc1ccc2c(c1)CCC1=C3C[C@H](O)C[C@]3(C)CC[C@]12Cc1ccccc1
CHEMBL6057020,GR,6.560,,1,0,Active,exact,Cc1nn(C2CCN(C(=O)OC(C)(C)C)CC2)c2ncc(C(=O)Nc3ccc(Cl)cc3)c(Cl)c12
CHEMBL288441,GR,,4.523,0,1,Inactive,censored,COc1cc(Nc2c(C#N)cnc3cc(OCCCN4CCN(C)CC4)c(OC)cc23)c(Cl)cc1Cl
CHEMBL5815012,GR,8.850,,1,0,Active,exact,C[C@H](NC(=O)C(C)(F)F)[C@H](Oc1ccc2c(cnn2-c2cccc(C(=O)N[C@H]3CCS(=O)(=O)C3)c2)c1)c1ccc2c(c1)OCOC2
CHEMBL76,GR,,5.000,0,1,,censored,CCN(CC)CCCC(C)Nc1ccnc2cc(Cl)ccc12
CHEMBL3421890,GR,9.170,,3,0,Active,exact,CC[C@@]12C[C@@](C)(O)[C@](O)(c3ccccc3)C[C@H]1C=C(C)c1cc(O)ccc12
CHEMBL2314755,GR,6.120,,2,0,Active,exact,CC[C@H]1OC(=O)[C@H](C)[C@@H](O)[C@H](C)[C@@H](O[C@@H]2O[C@H](C)C[C@H](N(C)C)[C@H]2O)[C@](C)(O)C[C@@H](C)CN(CCCNC(=O)[C@@]2(O)[C@H](C)C[C@H]3[C@@H]4C[C@H](F)C5=CC(=O)C=C[C@]5(C)[C@@]4(Cl)[C@@H](O)C[C@@]32C)[C@H](C)[C@@H](O)[C@]1(C)O
CHEMBL1254651,GR,7.670,,4,0,Active,exact,COc1ccc(F)cc1C(C)(C)CC(O)(Cc1cc2ccccc2[nH]1)C(F)(F)F
CHEMBL3421880,GR,6.680,,1,0,Active,exact,CC[C@@]12C[C@@](C)(O)[C@@](C)(O)C[C@H]1CCc1cc(O)ccc12
CHEMBL287631,GR,,5.000,0,1,,censored,NC(=O)CCC/N=C(\c1ccc(Cl)cc1)c1cc(F)ccc1O
CHEMBL188952,GR,,4.523,0,1,Inactive,censored,CC(C(=O)O)c1ccc(N2CC=CC2)c(Cl)c1
CHEMBL2426150,GR,7.820,,1,1,Active,exact,CC(C)(C(=O)Nc1nccs1)C(c1ccccc1)c1ccc2cnccc2c1
CHEMBL1491,GR,,4.523,0,1,Inactive,censored,CCOC(=O)C1=C(COCCN)NC(C)=C(C(=O)OC)C1c1ccccc1Cl
CHEMBL617,GR,,4.523,0,1,Inactive,censored,CC(=O)OCC1=C(C(=O)O)N2C(=O)[C@@H](NC(=O)Cc3cccs3)[C@H]2SC1
CHEMBL3261406,GR,7.220,,3,0,Active,exact,Cc1cc(C)c(S(=O)(=O)N[C@@H](C)COc2cccc3c2cnn3-c2ccc(F)cc2)c(C)c1
CHEMBL552769,GR,7.660,,1,0,Active,exact,C[C@@H]1C[C@H]2[C@@H]3CCC4=CC(=O)C=C[C@]4(C)[C@@]3(F)[C@@H](O)C[C@]2(C)[C@@]1(O)C(=O)CSCCNC(=S)NCCCN(C)CCCNC(=O)CCNC(=O)c1cc(NC(=O)c2cc(NC(=O)c3cc(NC(=O)c4cc(NC(=O)CCCNC(=O)c5cc(NC(=O)c6nccn6C)cn5C)cn4C)cn3C)cn2C)cn1C
CHEMBL4203771,GR,7.160,,1,0,Active,exact,COc1ccc([C@@H](Oc2ccc(C#N)cc2)[C@H](C)NC(=O)C(C)(F)F)cn1
CHEMBL235536,GR,5.900,,1,0,,exact,COc1ccc(CC(O)(CC(C)(C)c2cc(F)ccc2OC)C(F)(F)F)cc1
CHEMBL63422,GR,5.000,,1,0,,exact,COc1cccc2c1-c1ccccc1C(c1ccccc1)O2
CHEMBL3233282,GR,5.890,,1,0,,exact,Cc1ccc(F)cc1C(C)(C)C[C@](O)(Cc1cc2cnccc2[nH]1)C(C)(C)C
CHEMBL41,GR,,4.523,0,1,Inactive,censored,CNCCC(Oc1ccc(C(F)(F)F)cc1)c1ccccc1
CHEMBL1645392,GR,8.400,,1,0,Active,exact,Cc1noc(C)c1-c1ccc(CNS(=O)(=O)c2c(C)noc2C)cc1
CHEMBL27810,GR,,4.523,0,1,Inactive,censored,CCN(CC)C(=O)Nc1ccc(OCC(O)CNC(C)(C)C)c(C(C)=O)c1
CHEMBL7655,GR,8.700,,1,0,Active,exact,C=CCC1Oc2c(C)ccc(OC)c2-c2ccc3c(c21)C(C)=CC(C)(C)N3
CHEMBL3582112,GR,7.670,,2,0,Active,exact,Cc1noc(C)c1-c1cc2c(c3c1CCC3)NC(C)(C)C(=O)C2(C)C
CHEMBL1201265,GR,6.170,,1,0,Active,exact,C[C@H]1C[C@@H]2[C@H]([C@@H](O)C[C@@]3(C)[C@H]2CC[C@]3(O)C(=O)COC(=O)CCC(=O)O)[C@@]2(C)C=CC(=O)C=C12
CHEMBL197552,GR,6.960,,1,0,Active,exact,CC(C)(CC(O)(Cc1ccc2ccccc2c1)C(=O)Nc1ccc2c(c1)COC2=O)c1ccccc1
CHEMBL3094478,GR,8.000,,1,1,Active,exact,CCC(Cc1cc(Cl)cc(Cl)c1)NS(=O)(=O)c1c(C)cc(C)cc1C
CHEMBL5935361,GR,9.030,,1,0,Active,exact,CCS(=O)(=O)c1ccc(-c2ccc3c(n2)Oc2ccccc2[C@@H]3C(C)(C)C(=O)NC(N)=O)cc1
CHEMBL1086,GR,,5.000,0,1,,censored,CCCCOc1cc(C(=O)NCCN(CC)CC)c2ccccc2n1
CHEMBL1516469,GR,,4.523,0,1,Inactive,censored,CCC(=O)O[C@H](CC(=O)O)C[N+](C)(C)C
CHEMBL2106915,GR,,4.523,0,1,Inactive,censored,COc1cc2c(cc1OC)C(CCc1ccc(Cl)cc1)N(C)CC2
CHEMBL5920370,GR,,7.000,0,1,,censored,Cc1ccc(-c2cc(F)c([C@H]3C[C@@]4(C)[C@@H](CC[C@@]4(O)C#CC(C)(C)C)[C@@H]4CCC5=CC(=O)CCC5=C43)cc2F)cn1
CHEMBL3261407,GR,8.565,,4,0,Active,exact,Cc1cc(C)c(S(=O)(=O)N[C@@H](C)CNc2cccc3c2cnn3-c2ccc(F)cc2)c(C)c1
CHEMBL1363,GR,,4.523,0,1,Inactive,censored,COc1ccc(C[C@@H](C)NC[C@H](O)c2ccc(O)c(NC=O)c2)cc1
CHEMBL1200989,GR,7.850,,1,0,Active,exact,CCC(=O)OCC(=O)[C@@]1(OC(=O)CC)[C@H](C)C[C@H]2[C@H]3[C@H]([C@@H](O)C[C@@]21C)[C@@]1(C)C=CC(=O)C=C1C[C@H]3Cl
CHEMBL408513,GR,,4.523,0,1,Inactive,censored,O=C(/C=C/c1cccc(S(=O)(=O)Nc2ccccc2)c1)NO
CHEMBL328560,GR,,4.523,0,1,Inactive,censored,NS(=O)(=O)c1ccc(N2CCCCS2(=O)=O)cc1
CHEMBL1801005,GR,6.690,,3,2,Active,exact,CC(C)(C(=O)Nc1nccs1)[C@@H](c1ccccc1)c1ccc(O)c(C#N)c1
CHEMBL246835,GR,8.050,,1,0,Active,exact,CC(C)(C)c1ccc(S(=O)(=O)N2CCC3=CC(=O)CCC3(Cc3ccc(N4CCCCC4)cc3)C2)cc1
CHEMBL2426646,GR,6.780,,2,0,Active,exact,CC(C)(C(=O)Nc1nncs1)C(c1ccccc1)c1ccc2c(cnn2-c2ccc(Br)cc2)c1
CHEMBL3315060,GR,6.830,,5,0,Active,exact,COc1ccc(CNC(=O)NC(=O)C(C)(C)[C@@H]2c3ccc(-c4ccc(C(=O)N5CCOCC5)cc4)nc3Oc3c(F)cccc32)cc1
CHEMBL4476493,GR,7.130,,1,0,Active,exact,CCC#C[C@]1(O)CC[C@H]2[C@@H]3CCC4=CC(=O)CC[C@]4(C)[C@H]3[C@@H](c3ccc(N(C)C)cc3)C[C@@]21C
CHEMBL1586,GR,8.255,,2,0,Active,exact,C[C@H]1C[C@H]2[C@@H]3CCC4=CC(=O)C=C[C@]4(C)[C@@]3(Cl)[C@@H](O)C[C@]2(C)[C@@]1(O)C(=O)CO
CHEMBL286446,GR,6.430,,1,0,Active,exact,CC1=CC(C)(C)Nc2ccc3c(c21)C(C)Oc1ccc(Cl)cc1-3
CHEMBL235063,GR,7.770,,1,0,Active,exact,COc1ccc(F)cc1C(C)(C)CC(O)(Cc1ccc(C#N)cc1Cl)C(F)(F)F
CHEMBL3706954,GR,8.540,,1,0,Active,exact,COc1c(O)ccc2c1-c1ccc3c(c1/C(=C/c1ccc(C(C)C)cc1)O2)C(C)=CC(C)(C)N3
CHEMBL2204055,GR,7.550,,1,0,Active,exact,Cc1csc(Cc2c(=O)[nH]c(=O)[nH]c2[C@H]2CC[C@@H](c3ccccc3)CC2)n1
CHEMBL257669,GR,8.000,,1,0,Active,exact,O=S(=O)(c1ccccc1)N1CCC2=Cc3c(cnn3-c3ccc(F)cc3)C[C@]2(CO)C1
CHEMBL20,GR,,5.000,0,1,,censored,CC(=O)Nc1nnc(S(N)(=O)=O)s1
CHEMBL389795,GR,5.340,,1,0,,exact,CC(Cc1c[nH]c2ccccc12)NS(=O)(=O)c1cc(Cl)cc(Cl)c1
CHEMBL3904106,GR,8.850,,1,0,Active,exact,CC#C[C@]1(O)CC[C@H]2[C@@H]3CCc4cc(C(=O)Nc5cccnc5C)ccc4[C@H]3[C@@H](OCc3ccccc3Cl)C[C@@]21C
CHEMBL4088286,GR,8.980,,2,0,Active,exact,O=C(c1ccccn1)[C@]12Cc3cnn(-c4ccc(F)cc4)c3C=C1CCN(S(=O)(=O)c1cc(F)cc(F)c1)C2
CHEMBL1083783,GR,7.800,,1,1,Active,exact,O=S(=O)(Nc1ccc(-c2ccc3c(cnn3-c3ccc(F)cc3)c2)c(C(F)(F)F)c1)c1ccccc1
CHEMBL5969228,GR,6.560,,1,0,Active,exact,Cc1nn(-c2ccc(F)cc2)c2ncc(C(=O)Nc3ccc(OC(C)C)cc3)c(Cl)c12
CHEMBL2087296,GR,5.900,,1,0,,exact,COc1ccccc1Oc1ccc(CN(Cc2cc(F)cc(F)c2)c2c(Br)cc(CC(=O)O)cc2Br)cc1
CHEMBL3967290,GR,8.050,,1,0,Active,exact,C[C@H](NC(=O)C1CC1)[C@H](Oc1ccc2c(cnn2-c2ccc(F)cc2)c1)c1cccnc1
CHEMBL2426120,GR,8.465,,4,0,Active,exact,CC(CNS(C)(=O)=O)[C@@H](c1ccccc1)c1ccc2c(cnn2-c2ccc(F)cc2)c1
CHEMBL203266,GR,,4.523,0,1,Inactive,censored,COc1ccc(CN2CCNCC2)c(OC)c1OC
CHEMBL1911660,GR,8.220,,1,0,Active,exact,CC(C)(CC(O)(Cc1cc2ccccc2[nH]1)C(F)(F)F)c1cc(S(C)(=O)=O)cc2c1OCC2
CHEMBL2087287,GR,7.710,,2,0,Active,exact,COc1cc(C(=O)c2cccc(C)c2)c(Oc2c(Br)cc(CC(=O)O)cc2Br)cc1C(C)C
CHEMBL304482,GR,8.220,,1,0,Active,exact,COc1cccc(C2Oc3cccc(OC)c3-c3ccc(NS(C)(=O)=O)cc32)c1
CHEMBL1094206,GR,7.270,,1,0,Active,exact,OC(c1ccc2c(cnn2-c2ccc(F)cc2)c1)(c1ccccc1F)C(F)(F)F
CHEMBL1200802,GR,,5.000,0,1,,censored,C=CCC1(C(C)CC)C(=O)NC(=O)NC1=O
CHEMBL483246,GR,,5.523,0,1,,censored,Cn1c(C#N)ccc1-c1ccc2c(c1)C(c1ccco1)(c1ccco1)OCC(=O)N2
CHEMBL1201220,GR,,4.523,0,1,Inactive,censored,CC(=O)Nc1c(I)c(NC(C)=O)c(I)c(C(=O)O)c1I
CHEMBL5803552,GR,,5.301,0,1,,censored,CC(C)c1ccc(NC(=O)c2cnc3c(ccn3C)c2)cc1
CHEMBL3120322,GR,,7.000,0,1,,censored,CS(=O)(=O)Nc1ccccc1C=C1c2ccccc2CCc2ccccc21
CHEMBL539699,GR,8.070,,1,0,Active,exact,C[C@@H]1C[C@H]2[C@@H]3CCC4=CC(=O)C=C[C@]4(C)[C@@]3(F)[C@@H](O)C[C@]2(C)[C@@]1(O)C(=O)CSCCNC(=S)NCCCN(C)CCCNC(=O)CCNC(=O)c1cc(NC(=O)c2nccn2C)cn1C
CHEMBL5833778,GR,8.070,,1,0,Active,exact,COc1ccc2c(c1)Oc1ccccc1[C@@H]2C(C)(C)C(=O)NC(N)=O
CHEMBL363449,GR,,4.523,0,1,Inactive,censored,CC1CCc2c(N3CCC(O)CC3)c(F)cc3c(=O)c(C(=O)O)cn1c23
CHEMBL5983903,GR,8.320,,2,0,Active,exact,C[C@]12C=CC(=O)C=C1CC[C@H]1[C@@H]3C[C@H]4O[C@@H](c5ccc(NCc6ccc(N)cc6)nc5)O[C@@]4(C(=O)CO)[C@@]3(C)C[C@H](O)[C@@]12F
CHEMBL5900975,GR,5.560,,1,0,,exact,Cc1nn(-c2ccccc2)c2ncc(C(=O)NCCc3ccccc3)c(Cl)c12
CHEMBL4174812,GR,7.500,,1,0,Active,exact,CCCC[C@]1(O)CC[C@H]2[C@@H]3CCC4=CC(=O)CCC4=C3[C@@H](c3ccc(N(C)C)cc3)C[C@@]21C
CHEMBL1201217,GR,,4.523,0,1,Inactive,censored,CCCCOc1ccc(C(=O)CCN2CCCCC2)cc1
CHEMBL5927219,GR,,7.000,0,1,,censored,Cc1c(F)cc([C@H]2C[C@@]3(C)[C@@H](CC[C@@]3(O)C#CC(F)(F)F)[C@@H]3CCC4=CC(=O)CCC4=C32)cc1F
CHEMBL2426122,GR,7.280,,2,1,Active,exact,CC(=O)NCC(C)(C)[C@@H](c1ccccc1)c1ccc2c(cnn2-c2ccc(F)cc2)c1
CHEMBL4104661,GR,8.750,,2,0,Active,exact,Cc1ccnc(C(=O)[C@]23Cc4cnn(-c5ccc(F)cc5)c4C=C2CCN(S(=O)(=O)c2ccc(C(F)(F)F)c(F)c2)C3)c1
CHEMBL5286252,GR,5.640,,3,0,,exact,O=C(c1ccco1)N1CCCc2cc(N(S(=O)(=O)c3ccc(-c4ccccc4)cc3)S(=O)(=O)c3ccc(-c4ccccc4)cc3)ccc21
CHEMBL2022865,GR,8.550,,1,0,Active,exact,Cc1nc(SCC(=O)[C@@]2(O)CC[C@H]3[C@@H]4CCC5=Cc6c(cnn6C6CCCCC6)C[C@]5(C)[C@H]4[C@@H](O)C[C@@]32C)sc1C
CHEMBL3094474,GR,6.800,,1,1,Active,exact,CCC(Cc1ccc(C)cc1C)NS(=O)(=O)c1c(C)cc(C)cc1C
CHEMBL271019,GR,8.660,,1,0,Active,exact,O=S(=O)(c1ccccc1)N1CCC2=Cc3c(cnn3-c3ccc(F)cc3)CC2(Cc2ccc(F)cc2)C1
CHEMBL3421889,GR,8.400,,3,0,Active,exact,CC[C@@]12C[C@@](C)(O)[C@](O)(c3ccccc3)C[C@H]1C=Cc1cc(O)ccc12
CHEMBL5956898,GR,7.800,,2,0,Active,exact,CC(C)[C@H](NC(=O)C(C)(F)F)[C@H](Oc1cc2cnn(-c3ccc(=O)n(C)c3)c2cc1Cl)c1ccccc1
CHEMBL5955147,GR,6.560,,1,0,Active,exact,CCCc1ccc(NC(=O)c2cnc3c(c(C)nn3-c3ccccc3)c2Cl)cc1
CHEMBL5833209,GR,,5.301,0,1,,censored,CC(C)c1ccc(NC(=O)c2cnc3c(c(CO)cn3C)c2Cl)cc1
CHEMBL8639,GR,6.760,,2,0,Active,exact,C=CCC1Oc2ccccc2-c2ccc3c(c21)C(C)=CC(C)(C)N3
CHEMBL3094472,GR,6.960,,1,1,Active,exact,CCC(Cc1c(C)cccc1C)NS(=O)(=O)c1c(C)cc(C)cc1C
CHEMBL5773046,GR,,5.000,0,1,,censored,CC(C)(C)C(=O)NCc1ccc(N2C(=S)N(c3ccc(C#N)c(C(F)(F)F)c3)C(=O)C2(C)C)cc1F
CHEMBL3261398,GR,6.660,,1,0,Active,exact,Cc1cc(Cl)cc(Cl)c1S(=O)(=O)N[C@@H](C)COc1cccc2ncccc12
CHEMBL216173,GR,8.000,,1,0,Active,exact,Cc1ccc(F)cc1C(C)(C)CC(O)(Cn1ccc(=O)c2ccccc21)C(F)(F)F
CHEMBL1254494,GR,7.770,,3,1,Active,exact,CC(C)(CC(O)(Cc1cc2ccncc2[nH]1)C(F)(F)F)c1cc(Cl)cc2c1OCC2
CHEMBL1911277,GR,7.575,,4,2,Active,exact,CC(C)(C(=O)Nc1nncs1)[C@H]1c2ccccc2Oc2nc(-c3ccc(C(=O)N4CCCCC4)c(F)c3)ccc21
CHEMBL4066614,GR,9.650,,2,0,Active,exact,C[C@H](NC(=O)C(C)(F)F)[C@H](Oc1ccc2c(cnn2-c2ccc(F)cc2)c1)c1ccc2c(c1)COCO2
CHEMBL5178658,GR,,5.000,0,1,,censored,O=c1[nH]cc(CSc2ccc(C(F)(F)F)cc2)[nH]c1=O
CHEMBL233241,GR,5.890,,1,0,,exact,CC(Cc1c[nH]c2ccccc12)NS(=O)(=O)c1cc(Cl)ccc1Cl
CHEMBL18116,GR,,4.523,0,1,Inactive,censored,Cc1cccc(N2CC(CO)OC2=O)c1
CHEMBL1765291,GR,,4.523,0,1,Inactive,censored,CC(C(=O)O)c1ccc2c(c1)CC(=O)c1ccccc1S2
CHEMBL3706949,GR,8.510,,1,0,Active,exact,COc1c(O)ccc2c1-c1ccc3c(c1/C(=C/c1cccc(-c4ccsc4)c1)O2)C(C)=CC(C)(C)N3
CHEMBL464907,GR,7.100,,1,0,Active,exact,CN(CC(O)(CNC(=O)c1cnn(-c2ccc(F)cc2)c1N)C(F)(F)F)C(=O)c1c(F)cccc1F
CHEMBL182842,GR,7.890,,1,0,Active,exact,Cc1c(NS(C)(=O)=O)cccc1N(Cc1ccccc1)Cc1ccc(C(=O)c2ccccc2)cc1
CHEMBL5275882,GR,6.000,,3,0,Active,exact,COc1ccc(C)c(C)c1S(=O)(=O)Nc1ccc2c(c1)CCCN2C(=O)c1ccco1
CHEMBL1231530,GR,,4.523,0,1,Inactive,censored,O=C(O)CCNC(=O)c1ccccc1
CHEMBL273141,GR,8.640,,1,0,Active,exact,Cc1ccc(S(=O)(=O)N2CCC3=Cc4c(cnn4-c4ccc(F)cc4)C[C@]3(C)C2)cc1
CHEMBL1604,GR,,4.523,0,1,Inactive,censored,CC1=C(C(=O)O)N2C(=O)[C@@H](NC(=O)[C@H](N)C3=CCC=CC3)[C@H]2SC1
CHEMBL991,GR,,4.523,0,1,Inactive,censored,Cc1cn([C@H]2C=C[C@@H](CO)O2)c(=O)[nH]c1=O
CHEMBL5570967,GR,8.550,,2,0,Active,exact,CCN(C[C@@](O)(CNC(=O)c1cnn(-c2ccc(F)cc2)c1N)C(F)(F)F)C(=O)c1c(C)cccc1Cl
CHEMBL6044435,GR,5.560,,2,0,,exact,CCCCn1cnc2c(Cl)c(C(=O)Nc3ccc(C(C)C)cc3)cnc21
CHEMBL709,GR,,4.523,0,1,Inactive,censored,COc1cc2nc(N(C)CCCNC(=O)C3CCCO3)nc(N)c2cc1OC
CHEMBL65221,GR,8.700,,1,0,Active,exact,CS(=O)(=O)Nc1ccc2c(c1)C(c1ccccc1)Oc1cccc(OC(F)F)c1-2
CHEMBL227408,GR,,5.000,0,1,,censored,CC1CN(CC(F)(F)F)c2cc3c(C(F)(F)F)cc(=O)[nH]c3cc2O1
CHEMBL4743141,GR,7.100,,1,0,Active,exact,Cc1ccc([C@@H](Oc2ccc(C(=O)N[C@H]3CCCN(C(=O)[C@H]4COC(=O)C4)C3)cc2)[C@H](C)NC(=O)C(F)(F)F)cc1
CHEMBL1311,GR,,4.523,0,1,Inactive,censored,O=[N+]([O-])O[C@@H]1CO[C@H]2[C@@H]1OC[C@@H]2O
CHEMBL2426631,GR,6.780,,2,0,Active,exact,CC(C)(C(=O)Nc1nncs1)C(c1ccccc1)c1ccc2c(cnn2Cc2ccccc2)c1
CHEMBL266656,GR,8.190,,1,0,Active,exact,C#C[C@]1(O)CC[C@H]2[C@@H]3CCC4=CC(=O)CCC4=C3[C@@H](c3ccc(N(C)C(=O)CNC(=O)O[C@H]4C[C@H]5[C@@H]([C@H](O)C[C@@H]6C[C@H](O)CC[C@@]65C)[C@@H]5CC[C@H]([C@H](C)CCC(=O)O)[C@@]45C)cc3)C[C@@]21C
CHEMBL563,GR,,4.523,0,1,Inactive,censored,CC(C(=O)O)c1ccc(-c2ccccc2)c(F)c1
CHEMBL4777937,GR,8.150,,1,0,Active,exact,Cc1ccc([C@@H](Oc2ccc(C(=O)N[C@H]3CCCN(C(=O)[C@H]4CCC(=O)O4)C3)nc2)[C@H](C)NC(=O)C(F)(F)F)cc1
CHEMBL3976935,GR,8.395,,2,0,Active,exact,CSc1ccc([C@@H](Oc2ccc3c(cnn3-c3ccc(F)cc3)c2)[C@H](C)NS(=O)(=O)C2CC2)cc1
CHEMBL247814,GR,7.000,,1,0,Active,exact,CC(C)(C)c1ccc(S(=O)(=O)N2CCC3=CC(=O)CCC3(Cc3ccc(N)cc3)C2)cc1
CHEMBL472800,GR,8.060,,1,1,Active,exact,Cc1csc(NC(=O)C2(C)CC3c4ccccc4C2c2ccccc23)n1
CHEMBL5408992,GR,4.470,,1,0,Inactive,exact,Cc1cc(O)c(C(=O)/C=C/c2ccnc(F)c2)c(=O)o1
CHEMBL285705,GR,6.040,,1,0,Active,exact,C[C@H]1C(=O)C(C)(C)Nc2ccc3c(c21)[C@H](c1ccccc1)Oc1ccccc1-3
CHEMBL1928869,GR,,5.000,0,1,,censored,O=C1COc2ccc(C3=Nn4cnnc4SC3)cc2N1
CHEMBL5937376,GR,7.190,,1,0,Active,exact,C[C@]12C=CC(=O)C=C1CC[C@H]1[C@@H]3C[C@H]4O[C@@H](c5ccc(CSc6ccc(N)cc6)cc5)O[C@@]4(C(=O)SCCl)[C@@]3(C)C[C@H](O)[C@@]12F
CHEMBL357995,GR,,4.523,0,1,Inactive,censored,Cc1cc2c(OCC(CNC(C)(C)C)OC(=O)c3ccccc3)cccc2[nH]1
CHEMBL195962,GR,7.535,,2,0,Active,exact,Cc1noc(=O)c2ccc(NC(=O)C(O)(CC3CCCCC3)CC(C)(C)c3cc(F)ccc3O)cc12
CHEMBL1682424,GR,8.820,,1,0,Active,exact,CCO/N=C/c1c(-c2cccc3cc[nH]c23)cc(C)c2c1[C@H](C)[C@@H](O)C(C)(C)N2
CHEMBL410037,GR,8.800,,1,0,Active,exact,O=S(=O)(c1ccc(F)cc1)N1CCC2=Cc3c(cnn3-c3ccc(F)cc3)C[C@]2(CN2CCCC2)C1
CHEMBL2426121,GR,8.555,,4,0,Active,exact,CCS(=O)(=O)NCC(C)[C@@H](c1ccccc1)c1ccc2c(cnn2-c2ccc(F)cc2)c1
CHEMBL4098197,GR,8.460,,2,0,Active,exact,C[C@H](NC(=O)C(C)(F)F)[C@H](Oc1ccc2c(cnn2-c2cccc(C(=O)NC3CCS(=O)(=O)C3)c2)c1)c1ccccc1
CHEMBL1086260,GR,7.550,,2,0,Active,exact,CC(C)N(c1ccccc1)S(=O)(=O)c1ccc(-c2ccc3c(cnn3-c3ccc(F)cc3)c2)c(C(F)(F)F)c1
CHEMBL3421884,GR,7.055,,2,0,Active,exact,C=C[C@]1(O)C[C@H]2CCc3cc(O)ccc3[C@]2(CC)C[C@@]1(C)O
CHEMBL5612979,GR,5.410,,1,0,,exact,COCC[C@@]12CC[C@@]3(C)C[C@@H](O)CC3=C1CCc1cc(Nc3ncc(C)nc3C)ccc12
CHEMBL6034533,GR,6.560,,1,0,Active,exact,Cc1nn(C2CCN(Cc3ccccc3)CC2)c2ncc(C(=O)Nc3ccc(C(C)C)cc3)c(Cl)c12
CHEMBL1214124,GR,,4.523,0,1,Inactive,censored,N#Cc1ccccc1-c1cc(-c2ccccn2)cn(-c2ccccc2)c1=O
CHEMBL5858879,GR,,7.000,0,1,,censored,CC(C)c1ccc([C@H]2C[C@@]3(C)[C@@H](C[C@@H](C)[C@@]3(O)C#CC(C)(C)C)[C@@H]3CCC4=CC(=O)CCC4=C32)cc1
CHEMBL1114,GR,,5.000,0,1,,censored,Cn1cnc2c1c(=O)[nH]c(=O)n2C
CHEMBL5958679,GR,,5.301,0,1,,censored,COc1c(C(=O)Nc2ccc(Cl)cc2)cnc2c1c(C)nn2-c1ccccc1
CHEMBL6038177,GR,,7.000,0,1,,censored,CC(C)Oc1cccc([C@H]2C[C@@]3(C)[C@@H](CC[C@@]3(O)C#CC(F)(F)F)[C@@H]3CCC4=CC(=O)CCC4=C32)c1
CHEMBL5977591,GR,5.560,,1,0,,exact,Cc1nn(-c2ccccc2)c2ncc(C(=O)Nc3ccc(C4CCCCC4)cc3)c(Cl)c12
CHEMBL302442,GR,7.510,,1,0,Active,exact,CCOC(=O)c1cccc(C2Oc3cccc(OC)c3-c3ccc(NS(C)(=O)=O)cc32)c1
CHEMBL4557356,GR,5.900,,1,0,,exact,NS(=O)(=O)C[C@H]1COc2cc(F)ccc2N1C(=O)c1ccc2c(c1)NCCO2
CHEMBL5838604,GR,6.560,,1,0,Active,exact,COc1ccc(-n2nc(C)c3c(Cl)c(C(=O)Nc4ccc(Cl)cc4)cnc32)cc1
CHEMBL1911652,GR,6.715,,2,0,Active,exact,COc1ccc(F)cc1C(C)(C)CC(O)(Cc1cc2ccc(C)cc2[nH]1)C(F)(F)F
CHEMBL398171,GR,8.060,,1,0,Active,exact,O=c1[nH]c(N2CCC(c3ccccc3)CC2)c(Cc2ccccc2Cl)c(=O)[nH]1
CHEMBL238360,GR,8.170,,2,0,Active,exact,Cc1ccc2c(NCC(O)(CC3(C)CCCc4ccccc43)C(F)(F)F)cccc2n1
CHEMBL235688,GR,6.240,,1,0,Active,exact,COc1ccc(F)cc1C(C)(C)CC(O)(Cc1c(Cl)cccc1Cl)C(F)(F)F
CHEMBL680,GR,,4.523,0,1,Inactive,censored,N[C@@H](C(=O)N[C@@H]1C(=O)N2C(C(=O)O)=C(Cl)CS[C@H]12)c1ccccc1
CHEMBL1237046,GR,4.590,,1,0,Inactive,exact,CN(C)[C@@H]1C(O)=C(C(=O)NCN2CCCC2)C(=O)[C@@]2(O)C(O)=C3C(=O)c4c(O)cccc4[C@@](C)(O)[C@H]3C[C@@H]12
CHEMBL228269,GR,5.350,,1,0,,exact,Cn1c(=O)[nH]c(N2CCC(O)CC2)c(Cc2cccc(C(F)(F)F)c2)c1=O
CHEMBL2204063,GR,7.800,,1,0,Active,exact,Cn1c(=O)[nH]c([C@H]2CC[C@@H](c3ccccc3)CC2)c(Cc2cccc(C(F)(F)F)c2)c1=O
CHEMBL4453801,GR,5.500,,1,0,,exact,CNC(=O)C[C@H]1COc2ccccc2N1C(=O)c1ccc2c(c1)NC(=O)CO2
CHEMBL195972,GR,7.460,,4,0,Active,exact,C[C@]12Cc3cnn(-c4ccc(F)cc4)c3C=C1CCC[C@@H]2[C@@H](O)c1cc2ccccc2s1
CHEMBL1911148,GR,6.450,,3,3,Active,exact,COc1ccc(-c2ccc3c(n2)Oc2ccccc2[C@H]3C(C)(C)C(=O)Nc2nncs2)cc1
CHEMBL2147573,GR,,6.398,0,1,,censored,Cc1cc2cnn(-c3ccc(F)cc3)c2cc1CCC(=O)CCc1ccc(F)cc1C(=O)O
CHEMBL5781736,GR,,5.301,0,1,,censored,COc1c(C(=O)Nc2ccc(C(C)C)cc2)cnc2c1ccn2C
CHEMBL3421878,GR,7.520,,2,0,Active,exact,CC[C@@]12C[C@@](C)(O)[C@](O)(c3ccncc3)C[C@H]1CCc1cc(O)ccc12
CHEMBL426559,GR,,4.523,0,1,Inactive,censored,CS(=O)(=O)c1cc(F)cc2c3c(n(Cc4ccc(Cl)cc4)c12)[C@@H](CC(=O)O)CC3
CHEMBL1201407,GR,,4.523,0,1,Inactive,censored,CCCCCCCC(=O)CC[C@@H]1[C@@H](C/C=C\CCCC(=O)O)[C@@H](O)C[C@H]1O
CHEMBL5845941,GR,,5.301,0,1,,censored,Cn1cc(CO)c2cc(C(=O)Nc3ccc(Cl)cc3)cnc21
CHEMBL585,GR,,4.523,0,1,Inactive,censored,Nc1nc(N)c2nc(-c3ccccc3)c(N)nc2n1
CHEMBL1668065,GR,7.900,,1,0,Active,exact,Cc1cc(C)c(S(=O)(=O)NC[C@@H](C)Nc2cc(C)cc3c2cnn3-c2ccc(F)cc2)c(C)c1
CHEMBL1645394,GR,7.500,,1,0,Active,exact,COc1ccccc1-c1ccc(CNS(=O)(=O)c2c(C)noc2C)cc1
CHEMBL8360,GR,8.380,,1,0,Active,exact,C#CCOc1cccc2c1-c1ccc3c(c1C(CC=C)O2)C(C)=CC(C)(C)N3
CHEMBL308743,GR,7.770,,1,0,Active,exact,Cc1c(NS(C)(=O)=O)cccc1N(Cc1ccccc1)Cc1ccc(Cl)cc1
CHEMBL1940548,GR,7.940,,1,0,Active,exact,Cc1ccnc(SCC(=O)[C@@]2(O)CC[C@H]3[C@@H]4CCC5=CC(=O)C=C[C@]5(C)[C@H]4[C@@H](O)C[C@@]32C)n1
CHEMBL2023617,GR,8.720,,1,0,Active,exact,C[C@]12Cc3cnn(-c4ccc(F)cc4)c3C=C1CC[C@@H]1[C@@H]2[C@@H](O)C[C@@]2(C)[C@H]1CC[C@]2(O)C(=O)COc1cnc2ccccc2n1
CHEMBL5291033,GR,5.995,,2,1,,exact,COc1cc(C)c(C)cc1S(=O)(=O)Nc1ccc2c(c1)CCCN2C(=O)c1ccccc1
CHEMBL1229517,GR,,4.523,0,1,Inactive,censored,CCCS(=O)(=O)Nc1ccc(F)c(C(=O)c2c[nH]c3ncc(-c4ccc(Cl)cc4)cc23)c1F
CHEMBL299828,GR,5.570,,1,0,,exact,C=C1C=C(C)C(Cc2cc(OC)c(Br)cc2O)C(C)(C)C1
CHEMBL5999494,GR,8.700,,1,0,Active,exact,C[C@@H]1C[C@H]2[C@@H]3C[C@H](F)C4=CC(=O)C=C[C@]4(C)[C@@]3(F)[C@@H](O)C[C@]2(C)[C@@]1(O)C(=O)SCCCCCCP(=O)(O)O
CHEMBL4763360,GR,8.700,,1,0,Active,exact,Cc1ccc([C@@H](Oc2ccc(C(=O)O[C@H]3CCCN(C(=O)[C@H]4COC(=O)C4)C3)cc2)[C@H](C)NC(=O)C(F)(F)F)cc1
CHEMBL1117,GR,6.960,,1,0,Active,exact,CC(=O)[C@]1(O)Cc2c(O)c3c(c(O)c2[C@@H](O[C@H]2C[C@H](N)[C@H](O)[C@H](C)O2)C1)C(=O)c1ccccc1C3=O
CHEMBL5802247,GR,7.600,,2,0,Active,exact,CC(C)[C@H](NC(=O)C(F)(F)F)[C@H](Oc1ccc2c(cnn2-c2ccc(=O)n(C)c2)c1)c1ccc(Cl)cc1
CHEMBL3706945,GR,8.140,,1,0,Active,exact,COc1c(O)ccc2c1-c1ccc3c(c1/C(=C/c1cccc(-c4ccccc4)c1)O2)C(C)=CC(C)(C)N3
CHEMBL1908373,GR,7.475,,2,0,Active,exact,CN(C)c1ccc([C@H]2C[C@]3(C)[C@@H](CC[C@]3(O)CCCO)[C@@H]3CCC4=CC(=O)CCC4=C32)cc1
CHEMBL303094,GR,6.180,,1,0,Active,exact,CS(=O)(=O)Nc1ccc2c(c1)C(c1ccccc1)Oc1cccc(-c3cccs3)c1-2
CHEMBL299778,GR,5.430,,1,0,,exact,C=C1CCC[C@H](C)[C@H]1Cc1cc(OC)c(Br)cc1O
CHEMBL4161483,GR,7.550,,1,0,Active,exact,Cc1cc([C@H]2C[C@@]3(C)[C@@H](CC[C@@]3(O)C#CC(C)(C)C)[C@@H]3CCC4=CC(=O)CCC4=C32)ccc1N(C)C
CHEMBL1085380,GR,7.500,,1,1,Active,exact,CCCNS(=O)(=O)c1ccc(-c2ccc3c(cnn3-c3ccc(F)cc3)c2)c(C(F)(F)F)c1
CHEMBL247600,GR,5.890,,1,0,,exact,COc1ccc(S(=O)(=O)N2CCC3=CC(=O)CCC3(Cc3ccccc3)C2)cc1OC
CHEMBL165790,GR,,4.523,0,1,Inactive,censored,CC(C)Oc1ccc2c(=O)c(-c3ccccc3)coc2c1
CHEMBL4759758,GR,8.150,,1,0,Active,exact,Cc1ccc([C@@H](Oc2ccc(C(=O)N[C@H]3CCCN(C(=O)[C@H]4COC(=O)C4)C3)nc2)[C@H](C)NC(=O)C(F)(F)F)cc1
CHEMBL205978,GR,6.260,,1,0,Active,exact,COc1ccccc1-c1ccc2c(c1)C(CSC1CCCC1)=CC(C)(C)N2
CHEMBL83668,GR,,4.523,0,1,Inactive,censored,Cc1cccc(N(C)C(=S)Oc2ccc3ccccc3c2)c1
CHEMBL182013,GR,7.820,,1,0,Active,exact,Cc1c(NS(C)(=O)=O)cccc1N(Cc1ccc(Oc2cccc(OC[C@@H](O)C[C@@H](O)CC(=O)O)c2)cc1)Cc1ccc(F)cc1F
CHEMBL2426657,GR,6.260,,3,0,Active,exact,CC(C)(C(=O)Nc1nncs1)C(c1ccccc1)c1ccc2c(cnn2CCO)c1
CHEMBL3358944,GR,7.520,,2,0,Active,exact,CC(C)(CC(O)(Cc1cc2cc(S(C)(=O)=O)ncc2[nH]1)C(F)(F)F)c1ccccc1S(C)(=O)=O
CHEMBL1650,GR,5.580,,2,0,,exact,CC(=O)OCC(=O)[C@@]1(O)CC[C@H]2[C@@H]3CCC4=CC(=O)CC[C@]4(C)[C@H]3C(=O)C[C@@]21C
CHEMBL404183,GR,9.100,,1,0,Active,exact,COCCCOC[C@]12Cc3cnn(-c4ccc(F)cc4)c3C=C1CCN(S(=O)(=O)c1ccc(C(C)(C)C)cc1)C2
CHEMBL3315051,GR,8.365,,6,0,Active,exact,CC(=O)NC(=O)C(C)(C)[C@@H]1c2ccc(-c3ccc(C(=O)N4CCCC4)cc3)nc2Oc2c(F)cccc21
CHEMBL195654,GR,8.660,,1,0,Active,exact,C[C@@H]1CC(C)(C)O[C@]2(CCC3=Cc4c(cnn4-c4ccc(F)cc4)C[C@@]32C)O1
CHEMBL2426633,GR,7.610,,4,0,Active,exact,CC(C)(C(=O)Nc1nncs1)C(c1ccccc1)c1ccc2c(cnn2C2CCCCCC2)c1
CHEMBL181493,GR,8.270,,1,0,Active,exact,CC(=O)NCCCOc1cccc(Oc2ccc(CN(Cc3ccccc3)c3cccc(NS(C)(=O)=O)c3C)cc2)c1
CHEMBL5895660,GR,6.560,,1,0,Active,exact,Cc1nn(CC2CC2)c2ncc(C(=O)Nc3ccc(Cl)cc3)c(Cl)c12
CHEMBL1450,GR,,4.523,0,1,Inactive,censored,O=C1C(O)=C([C@H]2CC[C@H](c3ccc(Cl)cc3)CC2)C(=O)c2ccccc21
CHEMBL1070,GR,,5.000,0,1,,censored,COc1ccc2cc(CCC(C)=O)ccc2c1
CHEMBL1201213,GR,,4.523,0,1,Inactive,censored,CCC(NC(C)C)C(O)c1ccc(O)c(O)c1
CHEMBL590799,GR,,4.523,0,1,Inactive,censored,CN(C)C(=O)COC(=O)Cc1ccc(OC(=O)c2ccc(NC(=N)N)cc2)cc1
CHEMBL3735851,GR,8.835,,4,0,Active,exact,N#Cc1cccc(S(=O)(=O)N2CCC3=Cc4c(cnn4-c4ccc(F)cc4)C[C@]3(C(=O)c3ccccn3)C2)c1
CHEMBL222900,GR,9.480,,2,0,Active,exact,CC#C[C@]1(O)CC[C@H]2[C@@H]3CCC4=CC(=O)CCC4=C3[C@@H](c3ccc(OC)c(C)c3)C[C@@]21C
CHEMBL503041,GR,8.240,,1,0,Active,exact,C[C@H]1C[C@H]2[C@@H]3CCC4=CC(=O)C=C[C@]4(C)[C@@]3(F)[C@@H](O)C[C@]2(C)[C@@]1(OC(=O)NC12CC3CC(CC(C3)C1)C2)C(=O)CO
CHEMBL2426158,GR,7.275,,2,0,Active,exact,CC(C)(C(=O)Nc1nccs1)C(c1ccccc1)c1ccc2c(ccn2-c2ccc(F)cc2)c1
CHEMBL134,GR,,4.523,0,1,Inactive,censored,Clc1cccc(Cl)c1NC1=NCCN1
CHEMBL221646,GR,7.790,,2,0,Active,exact,CC#C[C@]1(O)CC[C@H]2[C@@H]3CCC4=CC(=O)CCC4=C3[C@@H](c3c(F)cc(OC)cc3OC)C[C@@]21C
CHEMBL1560,GR,,4.523,0,1,Inactive,censored,C[C@H](CS)C(=O)N1CCC[C@H]1C(=O)O
CHEMBL5272204,GR,5.630,,2,1,,exact,O=C(c1ccco1)N1CCCc2cc(N(S(=O)(=O)c3ccc4c(c3)CCCC4)S(=O)(=O)c3ccc4c(c3)CCCC4)ccc21
CHEMBL5612987,GR,6.790,,3,0,Active,exact,Cc1ncccc1Nc1ccc2c(c1)CCC1=C3C[C@H](O)C[C@]3(C)CC[C@]12Cc1ccccc1
CHEMBL1652,GR,,4.523,0,1,Inactive,censored,CC[N+](CC)(CCNC(=O)C(=O)NCC[N+](CC)(CC)Cc1ccccc1Cl)Cc1ccccc1Cl
CHEMBL336353,GR,6.405,,2,0,Active,exact,CC1=CC(C)(C)Nc2ccc3c(c21)/C(=C/c1ccccc1N(C)C)Oc1ccc(F)cc1-3
CHEMBL772,GR,,5.000,0,1,,censored,COC(=O)[C@H]1[C@H]2C[C@@H]3c4[nH]c5cc(OC)ccc5c4CCN3C[C@H]2C[C@@H](OC(=O)c2cc(OC)c(OC)c(OC)c2)[C@@H]1OC
CHEMBL2022660,GR,7.830,,1,0,Active,exact,C[C@]12Cc3cnn(-c4ccccc4)c3C=C1CC[C@@H]1[C@@H]2[C@@H](O)C[C@@]2(C)[C@H]1CC[C@]2(O)C(=O)CSc1ccc2ccccc2n1
CHEMBL1263,GR,,4.523,0,1,Inactive,censored,OCc1cc(C(O)CNCCCCCCOCCCCc2ccccc2)ccc1O
CHEMBL1917253,GR,7.955,,2,0,Active,exact,C[C@]12CCC(=O)C=C1CC[C@@H]1[C@@H]2[C@@H](O)C[C@@]2(C)[C@H]1CC[C@]2(OC(=O)c1ccco1)C(=O)CSc1nc2ccccc2o1
CHEMBL5885463,GR,5.560,,1,0,,exact,COCCNC(=O)c1cnc2c(c(C)nn2C)c1Cl
CHEMBL231500,GR,7.340,,1,0,Active,exact,CC(=O)Nc1ccc(C2CCN(c3[nH]c(=O)[nH]c(=O)c3Cc3ccccc3)CC2)cc1
CHEMBL5826812,GR,8.020,,1,0,Active,exact,C[C@@H](c1ccc([C@@H]2O[C@@H]3C[C@H]4[C@@H]5C[C@H](F)C6=CC(=O)C=C[C@]6(C)[C@@]5(F)[C@@H](O)C[C@]4(C)[C@]3(C(=O)CO)O2)cc1)c1cccc(N)c1
CHEMBL1765292,GR,,4.523,0,1,Inactive,censored,CCC(C(=O)O)c1ccc(N2Cc3ccccc3C2=O)cc1
CHEMBL2426642,GR,7.165,,2,0,Active,exact,CC(C)(C(=O)Nc1nccs1)C(c1ccncc1)c1ccc2c(cnn2-c2ccc(F)cc2)c1
CHEMBL5290588,GR,6.530,,2,1,Active,exact,COc1cc(C)c(Cl)cc1S(=O)(=O)Nc1ccc2c(c1)CCCN2C(=O)c1ccc(C)cc1
CHEMBL6019147,GR,6.560,,1,0,Active,exact,Cc1nn(CCCN(C)C)c2ncc(C(=O)Nc3ccc(C(F)(F)F)cc3)c(Cl)c12
CHEMBL460499,GR,,4.523,0,1,Inactive,censored,CCCCCCNC(=O)n1cc(F)c(=O)[nH]c1=O
CHEMBL5784518,GR,7.920,,1,0,Active,exact,CC(C)(C(=O)NC(N)=O)[C@H]1c2ccccc2Oc2nc(-c3ccc(C(=O)N4CCOCC4)nc3)ccc21
CHEMBL2426664,GR,8.105,,2,0,Active,exact,CC(C)(C(=O)Nc1nccs1)C(c1ccccc1)c1ccc2c(cnn2-c2ccc(F)cc2)c1
CHEMBL427265,GR,7.430,,1,0,Active,exact,N#Cc1cccc(Cc2c(N3CCC(c4ccccc4)CC3)[nH]c(=O)[nH]c2=O)c1
CHEMBL455662,GR,6.750,,2,0,Active,exact,CCN(C[C@](O)(CNC(=O)c1cnn(-c2ccc(F)cc2)c1N)C(F)(F)F)C(=O)c1c(Cl)cccc1Cl
CHEMBL256894,GR,8.820,,1,0,Active,exact,O=S(=O)(c1ccccc1)N1CCC2=Cc3c(cnn3-c3ccc(F)cc3)C[C@]2(CN2CCCC2)C1
CHEMBL2314754,GR,5.210,,1,1,,exact,CC[C@H]1OC(=O)[C@H](C)[C@@H](O)[C@H](C)[C@@H](O[C@@H]2O[C@H](C)C[C@H](N(C)C)[C@H]2O)[C@](C)(O)C[C@@H](C)CN(CCCNC(=O)[C@@]2(O)[C@H](C)C[C@H]3[C@@H]4CCC5=CC(=O)CC[C@]5(C)[C@H]4[C@@H](O)C[C@@]32C)[C@H](C)[C@@H](O)[C@]1(C)O
CHEMBL4515467,GR,7.230,,1,0,Active,exact,CC#C[C@]1(O)CC[C@H]2[C@@H]3CCC4=CC(=O)CC[C@]4(C)[C@H]3[C@@H](c3ccc(OC)cc3)C[C@@]21C
CHEMBL465026,GR,,4.523,0,1,Inactive,censored,CN1CCOC(c2ccccc2)c2ccccc2C1
CHEMBL2087280,GR,,5.000,0,1,,censored,c1ccc(CN(Cc2ccc(Oc3ccccc3)cc2)c2ccccc2)cc1
CHEMBL414041,GR,8.920,,1,0,Active,exact,C#C[C@]1(O)CC[C@H]2[C@@H]3CCC4=CC(=O)CCC4=C3[C@@H](c3ccc(N(C)CCNC(=O)O[C@@H]4C[C@@H]5CC(O)CC[C@]5(C)[C@H]5C[C@H](O)[C@]6(C)[C@@H]([C@H](C)CCC(=O)O)CC[C@H]6[C@H]45)cc3)C[C@@]21C
CHEMBL5806923,GR,6.560,,1,0,Active,exact,O=C(Nc1ccc(Cl)cc1)c1cnc2c(cnn2C2CCS(=O)(=O)CC2)c1Cl
CHEMBL12856,GR,,4.523,0,1,Inactive,censored,Nc1cc(-c2ccncc2)c[nH]c1=O
CHEMBL70574,GR,7.240,,1,0,Active,exact,Cc1ccc(CN(Cc2ccccc2)c2cccc(NS(C)(=O)=O)c2C)cc1
CHEMBL219290,GR,,5.699,0,1,,censored,COc1ccc(F)cc1C(C)(C)CC(O)(Cn1ccc(=O)cc1)C(F)(F)F
CHEMBL5796224,GR,6.560,,1,0,Active,exact,Cc1nn(CCCN2CCOCC2)c2ncc(C(=O)Nc3ccc(Cl)cc3)c(Cl)c12
CHEMBL402893,GR,9.100,,1,0,Active,exact,COC[C@]12Cc3cnn(-c4ccc(F)cc4)c3C=C1CCN(S(=O)(=O)c1ccc(C(C)(C)C)cc1)C2
CHEMBL3094486,GR,6.920,,1,1,Active,exact,CC[C@@H](Cc1ccc(O)cc1)NS(=O)(=O)c1c(C)cc(C)cc1C
CHEMBL1682433,GR,7.420,,1,0,Active,exact,Cc1c(-c2cccc3cc[nH]c23)cc2c(c1C)NC(C)(C)[C@H](O)[C@H]2C
CHEMBL878,GR,,5.000,0,1,,censored,Cc1ccccc1N1C(=O)c2cc(S(N)(=O)=O)c(Cl)cc2NC1C
CHEMBL1085381,GR,7.400,,1,1,Active,exact,CC(C)CNS(=O)(=O)c1ccc(-c2ccc3c(cnn3-c3ccc(F)cc3)c2)c(C(F)(F)F)c1
CHEMBL189,GR,,4.523,0,1,Inactive,censored,Cc1[nH]c(=O)c(C#N)cc1-c1ccncc1
CHEMBL564085,GR,,5.000,0,1,,censored,CO[C@H]1C[C@H](O[C@H]2[C@H](C)[C@@H](O[C@@H]3O[C@H](C)C[C@H](N(C)C)[C@H]3OC(C)=O)[C@@H](C)C[C@@]3(CO3)C(=O)[C@H](C)[C@@H](OC(C)=O)[C@@H](C)[C@@H](C)OC(=O)[C@@H]2C)O[C@@H](C)[C@@H]1OC(C)=O
CHEMBL390657,GR,,5.000,0,1,,censored,CC(=O)Nc1ccc(S(=O)(=O)NC(C)Cc2c[nH]c3ccccc23)cc1
CHEMBL6039065,GR,7.680,,1,0,Active,exact,CC(C)(O)CNC(=O)NC(=O)C(C)(C)[C@@H]1c2ccc(-c3ccc(C(C)(C)O)cc3)nc2Oc2c(F)cccc21
CHEMBL4173222,GR,7.780,,1,0,Active,exact,CC(C)(C)C#C[C@]1(O)CC[C@H]2[C@@H]3CCC4=CC(=O)CCC4=C3[C@@H](c3ccc(N4CCS(=O)(=O)CC4)cc3)C[C@@]21C
CHEMBL405,GR,,4.523,0,1,Inactive,censored,CC(N)Cc1ccccc1
CHEMBL65021,GR,7.720,,1,0,Active,exact,COc1cccc2c1-c1ccc(NS(C)(=O)=O)cc1C(c1ccccc1)O2
CHEMBL1911281,GR,7.210,,6,0,Active,exact,CC(C)(C(=O)Nc1nncs1)[C@H]1c2ccccc2Oc2nc(-c3ccc(C(=O)N4CCC(F)(F)C4)c(F)c3)ccc21
CHEMBL1488165,GR,,4.523,0,1,Inactive,censored,O=C1CC[C@@H](C(=O)N2CSC[C@H]2C(=O)O)N1
CHEMBL5827841,GR,,7.000,0,1,,censored,Cc1c(F)cc([C@H]2C[C@@]3(C)[C@@H](CC[C@@]3(O)C#Cc3ccccn3)[C@@H]3CCC4=CC(=O)CCC4=C32)cc1F
CHEMBL134260,GR,7.370,,1,1,Active,exact,Cc1cc(C#N)sc1-c1ccc2c(c1)C(C)CC(C)(C)N2
CHEMBL6038170,GR,6.560,,1,0,Active,exact,Cc1nn(Cc2cccnc2)c2ncc(C(=O)Nc3ccc(C(C)C)cc3)c(Cl)c12
CHEMBL57,GR,,4.523,0,1,Inactive,censored,Cc1ccnc2c1NC(=O)c1cccnc1N2C1CC1
CHEMBL1085609,GR,5.500,,1,1,,exact,Cc1cccc(-c2ccc3c(cnn3-c3ccc(F)cc3)c2)c1
CHEMBL4209337,GR,7.645,,4,0,Active,exact,CC[C@H](NC(=O)C(F)(F)F)[C@H](Oc1ccc(C#N)cc1Br)c1cnc(C2CC2)nc1
CHEMBL4072756,GR,9.800,,3,0,Active,exact,COc1cccc([C@@H](Oc2ccc3c(cnn3-c3ccc(F)cc3)c2)[C@H](C)NC(=O)C(F)(F)F)c1
CHEMBL3183075,GR,,5.000,0,1,,censored,CNC(=C[N+](=O)[O-])NCCSCc1csc(CN(C)C)n1
CHEMBL831,GR,,4.523,0,1,Inactive,censored,CN1CCN(C2=Nc3ccccc3Oc3ccc(Cl)cc32)CC1
CHEMBL3970640,GR,8.180,,1,0,Active,exact,CCC(C)S(=O)(=O)N[C@@H](C)[C@H](Oc1ccc2c(cnn2-c2ccc(F)cc2)c1)c1ccccc1
CHEMBL5898631,GR,6.560,,1,0,Active,exact,Cc1ccc(-n2nc(C)c3c(Cl)c(C(=O)Nc4ccc(OC(F)(F)F)cc4)cnc32)cc1
CHEMBL266673,GR,9.740,,1,0,Active,exact,C#C[C@]1(O)CC[C@H]2[C@@H]3CCC4=CC(=O)CCC4=C3[C@@H](c3ccc(N(C)CCOC4CC[C@@]5(C)[C@@H](C4)C[C@@H](O)[C@@H]4[C@@H]5CC[C@]5(C)[C@@H]([C@H](C)CCC(=O)O)CC[C@@H]45)cc3)C[C@@]21C
CHEMBL1917414,GR,7.850,,3,0,Active,exact,C[C@]12C=CC(=O)C=C1CC[C@@H]1[C@@H]2[C@@H](O)C[C@@]2(C)[C@H]1CC[C@]2(OC(=O)c1ccco1)C(=O)CSc1nc2ccccc2s1
CHEMBL426262,GR,6.780,,1,0,Active,exact,CC12CCC(=O)C=C1CCCC2C(O)c1csc2ccccc12
CHEMBL2204037,GR,,7.301,0,1,,censored,COCCn1c(=O)[nH]c([C@H]2CC[C@@H](c3ccccc3)CC2)c(Cc2cccc(C(F)(F)F)c2)c1=O
CHEMBL5951175,GR,6.560,,1,0,Active,exact,Cc1nn(CCN2CCN(S(C)(=O)=O)CC2)c2ncc(C(=O)Nc3ccc(Cl)cc3)c(Cl)c12
CHEMBL5830794,GR,6.560,,1,0,Active,exact,Cc1nn(Cc2cnccn2)c2ncc(C(=O)Nc3ccc(Cl)cc3)c(Cl)c12
CHEMBL1645396,GR,8.700,,1,0,Active,exact,COc1ccc(F)cc1-c1ccc(CNS(=O)(=O)c2cc(Cl)ccc2Cl)cc1
CHEMBL4455600,GR,5.900,,1,0,,exact,NC(=O)C[C@H]1COc2cc(F)cc(F)c2N1C(=O)c1ccc2c(c1)NC(=O)CO2
CHEMBL5954134,GR,,5.000,0,1,,censored,CC1(C)C(=O)N(c2ccc(C#N)c(C(F)(F)F)c2)C(=S)N1c1ccc(CNC(=O)C2CC2)c(F)c1
CHEMBL457035,GR,8.015,,2,0,Active,exact,CC#C[C@@]1(O)CC[C@@]2(CC)c3ccc(OCc4ccncc4)cc3CC[C@@H]2C1
CHEMBL3261410,GR,8.800,,3,0,Active,exact,Cc1cc(C)c(S(=O)(=O)N[C@@H](C)CNc2cccc3c2cnn3-c2ccccc2)c(C)c1
CHEMBL3914142,GR,8.630,,2,0,Active,exact,C[C@H](NS(=O)(=O)C1CC1)[C@H](Oc1ccc2c(cnn2-c2ccc(F)cc2)c1)c1ccccc1
CHEMBL1018,GR,6.130,,1,0,Active,exact,C/C=C(C(=C/C)/c1ccc(O)cc1)\c1ccc(O)cc1
CHEMBL1086312,GR,,5.000,0,2,,censored,N#Cc1cccc(-c2ccc3c(cnn3-c3ccc(F)cc3)c2)c1
CHEMBL3920760,GR,10.300,,1,0,Active,exact,CCc1ccc([C@@H](Oc2ccc3c(cnn3-c3ccc(F)cc3)c2)[C@H](C)NC(=O)C(C)(C)C)cc1
CHEMBL5808860,GR,5.560,,1,0,,exact,COc1ccc(CNC(=O)c2cnc3c(c(C)nn3-c3ccccc3)c2Cl)cc1
CHEMBL4161968,GR,7.190,,1,0,Active,exact,CC#C[C@]1(O)CC[C@H]2[C@@H]3CCC4=CC(=O)CCC4=C3[C@@H](c3cccc(N(C)C)c3)C[C@@]21C
CHEMBL1940698,GR,8.290,,1,0,Active,exact,C[C@@H]1C[C@H]2[C@@H]3CCC4=CC(=O)C=C[C@]4(C)[C@H]3[C@@H](O)C[C@]2(C)[C@@]1(O)C(=O)CSc1nnc(-c2ccccc2)o1
CHEMBL11,GR,,4.523,0,1,Inactive,censored,CN(C)CCCN1c2ccccc2CCc2ccccc21
CHEMBL1668091,GR,6.800,,1,0,Active,exact,Cc1cc(NC[C@H](C)NS(=O)(=O)C2CC2)c2cnn(-c3cccc(C(=O)N4CCC[C@H]4C(N)=O)c3)c2c1
CHEMBL5936524,GR,8.250,,1,0,Active,exact,C[C@]12C=CC(=O)C=C1CC[C@@H]1[C@@H]2[C@@H](O)C[C@@]2(C)[C@H]1C[C@H]1O[C@@H](c3ccc(Cc4cccc(N)c4)c(O)c3)O[C@]12C(=O)CO
CHEMBL4214152,GR,8.885,,2,0,Active,exact,C[C@]12C=CC(=O)C=C1[C@@H](F)C[C@H]1[C@@H]3C[C@H]4CN(c5ccccc5)C[C@@]4(C(=O)CF)[C@@]3(C)C[C@H](O)[C@@]12F
CHEMBL1911664,GR,7.810,,2,0,Active,exact,CC(C)(C[C@@](O)(Cc1cc2ccc(C#N)cc2[nH]1)C(F)(F)F)c1cc(S(C)(=O)=O)cc2c1OCC2
CHEMBL5799272,GR,,5.000,0,1,,censored,CC1(C)C(=O)N(c2ccc(C#N)c(C(F)(F)F)c2)C(=S)N1c1ccc(CNC(=O)c2cncs2)c(Cl)c1
CHEMBL5964727,GR,8.530,,1,0,Active,exact,CC(C)(C(=O)NC(N)=O)[C@@H]1c2ccc(-c3ccc(C(=O)N4CCOCC4)c(F)c3)nc2Oc2c(F)cccc21
CHEMBL3094479,GR,8.000,,1,1,Active,exact,CCC(Cc1cccc2ccccc12)NS(=O)(=O)c1c(C)cc(C)cc1C
CHEMBL1911150,GR,7.660,,6,0,Active,exact,CCc1ccc(-c2ccc3c(n2)Oc2ccccc2[C@H]3C(C)(C)C(=O)Nc2nncs2)cc1
CHEMBL1835807,GR,5.450,,1,0,,exact,CCN(CC)c1cc2oc(=O)ccc2cc1-c1ccccc1
CHEMBL5416410,GR,,4.523,0,1,Inactive,censored,Cc1nc(Nc2ncc(C(=O)Nc3c(C)cccc3Cl)s2)cc(N2CCN(CCO)CC2)n1.O
CHEMBL603,GR,4.600,,1,0,Inactive,exact,COc1cc(C(=O)NS(=O)(=O)c2ccccc2C)ccc1Cc1cn(C)c2ccc(NC(=O)OC3CCCC3)cc12
CHEMBL830,GR,,4.523,0,1,Inactive,censored,NCCCC(N)(C(=O)O)C(F)F
CHEMBL309134,GR,6.000,,1,0,Active,exact,Cc1c(NS(C)(=O)=O)cccc1N(Cc1ccccc1)Cc1ccc(C(=O)O)cc1
CHEMBL5908550,GR,6.560,,1,0,Active,exact,Cc1cc(Cn2nc(C)c3c(Cl)c(C(=O)Nc4ccc(Cl)cc4)cnc32)ncn1
CHEMBL4758064,GR,,4.000,0,1,Inactive,censored,CC[C@H]1[C@@H](O)[C@@H]2[C@H]([C@@H](O)C[C@]3(C)[C@@H]([C@H](C)CCC(=O)O)CC[C@@H]23)[C@@]2(C)CC[C@@H](O)C[C@@H]12
CHEMBL556793,GR,7.800,,1,0,Active,exact,C[C@@H]1C[C@H]2[C@@H]3CCC4=CC(=O)C=C[C@]4(C)[C@@]3(F)[C@@H](O)C[C@]2(C)[C@@]1(O)C(=O)CSCCNC(=S)NCCCN(C)CCCNC(=O)CCNC(=O)c1cc(NC(=O)c2cc(NC(=O)c3cc(NC(=O)c4cc(NC(=O)CCCNC(=O)c5nccn5C)cn4C)cn3C)cn2C)cn1C
CHEMBL1161,GR,9.225,,2,0,Active,exact,C[C@@H]1C[C@H]2[C@@H]3CCC4=CC(=O)C=C[C@]4(C)[C@@]3(Cl)[C@@H](O)C[C@]2(C)[C@@]1(OC(=O)c1ccco1)C(=O)CCl
CHEMBL5284653,GR,,4.125,0,1,Inactive,censored,C[n+]1nn(-c2ccc(-c3nc(CCc4ccccc4)cs3)c(OCCN3CCNC3=O)c2)cc1CCCCN.O=C(O)C(F)(F)F.O=S(=O)([O-])C(F)(F)F
CHEMBL2023233,GR,6.970,,1,0,Active,exact,COc1ccc(-n2ncc3c2C=C2CC[C@@H]4[C@H]([C@@H](O)C[C@@]5(C)[C@H]4CC[C@]5(O)C(=O)CSc4nc5ccccc5s4)[C@@]2(C)C3)cc1
CHEMBL2419297,GR,,5.000,0,1,,censored,CC1C(c2ccc3c(c2)NC(=O)CO3)=C(c2ccc(F)cc2)C(=O)N1CCO
CHEMBL386806,GR,7.500,,1,0,Active,exact,Cc1noc(=O)c2ccc(NC(=O)C(O)(CC3CCCc4cccc(F)c43)C(F)(F)F)cc12
CHEMBL399121,GR,,5.000,0,1,,censored,COc1ccc([C@@H]2CC(=O)c3c(O)cc(O)cc3O2)cc1O
CHEMBL275528,GR,,4.523,0,1,Inactive,censored,c1ccc(C2(N3CCCCC3)CCCCC2)cc1
CHEMBL397051,GR,,5.000,0,1,,censored,CC(C)(C)c1ccc(S(=O)(=O)N2CCC3=CC(=O)CC[C@@]3(Cc3ccccc3)C2)cc1
CHEMBL4101250,GR,,6.000,0,1,,censored,C[C@@H](NC(=O)C(C)(F)F)[C@H](Oc1ccc2c(cnn2-c2cccc(C(=O)N[C@@H]3CCOC3)c2)c1)c1ccc2c(c1)OCCO2
CHEMBL6056174,GR,6.840,,1,0,Active,exact,COC(=O)c1ccc(-c2ccc3c(n2)Oc2c(F)cccc2[C@@H]3C(C)(C)c2nc3nccnc3[nH]2)cn1
CHEMBL3970276,GR,9.180,,1,0,Active,exact,C[C@H](NC(=O)C(C)(C)C)[C@H](Oc1ccc2c(cnn2-c2ccc(F)cc2)c1)c1ccccc1
CHEMBL359515,GR,8.620,,1,0,Active,exact,COCCOc1cccc(Oc2ccc(CN(Cc3ccccc3)c3cccc(NS(C)(=O)=O)c3C)cc2)c1
CHEMBL5824518,GR,6.560,,1,0,Active,exact,Cc1ccc(Cn2nc(C)c3c(Cl)c(C(=O)Nc4ccc(C(F)(F)F)cc4)cnc32)nn1
CHEMBL22,GR,,4.523,0,1,Inactive,censored,COc1cc(Cc2cnc(N)nc2N)cc(OC)c1OC
CHEMBL4208840,GR,8.790,,2,0,Active,exact,C[C@]12C=CC(=O)C=C1[C@@H](F)C[C@H]1[C@@H]3C[C@H]4CN(Cc5cc6ccccc6s5)C[C@@]4(C(=O)CO)[C@@]3(C)C[C@H](O)[C@@]12F
CHEMBL221044,GR,,8.000,0,1,,censored,CCCc1cc(C2=NC3OCCCC3S2)ccc1OCCCOc1ccc2c(c1)CC[C@H]2CC(=O)O
CHEMBL2181928,GR,6.220,,1,2,Active,exact,C[C@@H]1CN(c2ccc3c(n2)NC(=O)CO3)[C@H](c2ccccc2)CO1
CHEMBL4080576,GR,7.550,,1,0,Active,exact,Cn1cc(S(=O)(=O)N2CCC3=Cc4c(cnn4-c4ccc(F)cc4)C[C@]3(C(=O)c3ccccn3)C2)cn1
CHEMBL2087284,GR,6.090,,1,0,Active,exact,O=C(O)Cc1cc(Br)c(N(Cc2ccc(Oc3ccccc3)cc2)Cc2cccc(F)c2)c(Br)c1
CHEMBL244331,GR,,5.699,0,1,,censored,COC(=O)[C@H](Cc1c[nH]c2ccccc12)NS(=O)(=O)c1c(C)cc(C)cc1C
CHEMBL2204042,GR,8.150,,1,0,Active,exact,O=c1[nH]c(=O)c(Cc2ccccc2Cl)c([C@H]2CC[C@@H](c3ccccc3)CC2)[nH]1
CHEMBL403173,GR,7.750,,1,0,Active,exact,Fc1ccc(CC23Cc4cnn(-c5ccc(F)cc5)c4C=C2CCN(Cc2ccccn2)C3)cc1
CHEMBL302362,GR,6.115,,2,0,Active,exact,CC1=CC(C)(C)Nc2ccc3c(c21)/C(=C/c1ccccc1C)Oc1ccccc1-3
CHEMBL2023619,GR,9.490,,1,0,Active,exact,C[C@]12Cc3cnn(-c4ccc(F)cc4)c3C=C1CC[C@@H]1[C@@H]2[C@@H](O)C[C@@]2(C)[C@H]1CC[C@]2(O)C(=O)CSc1nc2ncccc2o1
CHEMBL5613491,GR,5.820,,1,0,,exact,COCC[C@@]12CC[C@@]3(C)C[C@H](O)CC3=C1CCc1cc(Nc3ncc(C)nc3C)ccc12
CHEMBL3358949,GR,6.715,,2,0,Active,exact,CCS(=O)(=O)c1cc2cc(CC(O)(CC(C)(C)c3ccccc3C(N)=O)C(F)(F)F)[nH]c2cn1
CHEMBL4527872,GR,7.540,,1,0,Active,exact,CN(C)c1ccc([C@H]2C[C@@]3(C)[C@@H](CC[C@@]3(O)C#CC3CC3)[C@@H]3CCC4=CC(=O)CC[C@]4(C)[C@H]32)cc1
CHEMBL4754348,GR,7.680,,1,0,Active,exact,Cc1ccc([C@@H](Oc2ccc(C(=O)N[C@@H]3CCCN(C(=O)[C@H]4COC(=O)C4)C3)nc2)[C@H](C)NC(=O)C(F)(F)F)cc1
CHEMBL27289,GR,5.460,,1,0,,exact,C=C(c1ccccc1OCc1cccc(Cl)c1)n1ccnc1
CHEMBL336169,GR,6.905,,2,0,Active,exact,CC1=CC(C)(C)Nc2ccc3c(c21)/C(=C/c1ccco1)Oc1ccc(F)cc1-3
CHEMBL5843727,GR,,5.301,0,1,,censored,Cc1nn(CCN2CCNCC2)c2ncc(C(=O)Nc3ccc(C(F)(F)F)cc3)c(O)c12
CHEMBL63768,GR,6.290,,1,0,Active,exact,COc1cccc2c1-c1ccc(NS(C)(=O)=O)c(Br)c1C(c1ccccc1)O2
CHEMBL512127,GR,7.200,,1,0,Active,exact,CCN(CC(O)(CNC(=O)c1cnn(-c2ccc(F)cc2)c1N)C(F)(F)F)C(=O)c1ccccc1S(C)(=O)=O
CHEMBL820,GR,,4.523,0,1,Inactive,censored,CS(=O)(=O)OCCCCOS(C)(=O)=O
CHEMBL417729,GR,5.750,,2,1,,exact,C=C1CCCC(C)(C)[C@H]1Cc1cc(OC)c(Br)cc1O
CHEMBL474966,GR,6.115,,2,1,Active,exact,CC1(C(=O)Nc2nccs2)CC2c3ccccc3C1(C#N)c1ccccc12
CHEMBL358150,GR,,4.523,0,1,Inactive,censored,CC(C)(Oc1ccc(Cl)cc1)C(=O)OCCOC(=O)c1cccnc1
CHEMBL1591,GR,,4.523,0,1,Inactive,censored,CN(C)[C@@H]1C(O)=C(C(N)=O)C(=O)[C@@]2(O)C(O)=C3C(=O)c4c(O)ccc(Cl)c4[C@@H](O)[C@H]3C[C@@H]12
CHEMBL3582115,GR,7.220,,2,0,Active,exact,Cc1cnn(C)c1-c1cc2c(c3c1CCC3)NC(C)(C)C(=O)C2(C)C
CHEMBL4210441,GR,8.720,,2,0,Active,exact,C[C@H](NC(=O)C(C)(F)F)[C@H](Oc1ccc2c(cnn2-c2ccc(=O)n(C)c2)c1)c1ccccc1
CHEMBL2419305,GR,5.330,,1,0,,exact,CC1(C)OC(=O)C(c2ccc(F)cc2)=C1c1ccc2c(c1)NC(=O)CO2
CHEMBL2022863,GR,7.910,,1,0,Active,exact,C[C@]12Cc3cnn(C4CCCCC4)c3C=C1CC[C@@H]1[C@@H]2[C@@H](O)C[C@@]2(C)[C@H]1CC[C@]2(O)C(=O)CSc1cnc2ccccc2n1
CHEMBL4471322,GR,8.900,,1,0,Active,exact,CC(C)Cc1cc2c(cc1Cl)OC[C@H](CC(N)=O)N2C(=O)c1ccc2c(c1)NC(=O)CO2
CHEMBL392668,GR,,5.000,0,1,,censored,COc1cccc(OC)c1S(=O)(=O)N1CCC2=CC(=O)CCC2(Cc2ccccc2)C1
CHEMBL5781191,GR,6.560,,1,0,Active,exact,O=C(Nc1ccc(Cl)cc1)c1cnc2c(cnn2Cc2nccs2)c1Cl
CHEMBL3582117,GR,,6.416,0,1,,censored,Cc1cc(-c2cc3c(c4c2CCC4)NC(C)(C)C(=O)C3(C)C)n(C)n1
CHEMBL2314994,GR,,4.602,0,2,Inactive,censored,CC[C@H]1OC(=O)[C@H](C)[C@@H](O[C@H]2C[C@@](C)(OC)[C@@H](O)[C@H](C)O2)[C@H](C)[C@@H](O[C@@H]2O[C@H](C)C[C@H](N(C)C)[C@H]2O)[C@](C)(O)C[C@@H](C)CN(CCCNC(=O)[C@H]2CC[C@H]3[C@@H]4CCC5=CC(=O)CC[C@]5(C)[C@H]4[C@@H](O)C[C@]23C)[C@H](C)[C@@H](O)[C@]1(C)O
CHEMBL302795,GR,,5.000,0,1,,censored,CN1C(C(=O)Nc2ccccn2)=C(O)c2sccc2S1(=O)=O
CHEMBL470783,GR,8.120,,2,0,Active,exact,CC[C@@]12C[C@H](O)[C@](O)(c3ccccc3)C[C@H]1CCc1cc(OCc3cccnc3C)ccc12
CHEMBL1644764,GR,6.380,,1,0,Active,exact,Cc1cc(-c2cccc3cc[nH]c23)c(Cl)c2c1NC(C)(C)C(C)(C)C2=O
CHEMBL378785,GR,8.100,,2,0,Active,exact,Cc1cccc2c1CCCC2CC(O)(C(=O)Nc1ccc2c(=O)onc(C)c2c1)C(F)(F)F
CHEMBL5825080,GR,6.560,,1,0,Active,exact,C#Cc1ccc(NC(=O)c2cnc3c(c(C)nn3C3CCN(C)CC3)c2Cl)cc1
CHEMBL5940618,GR,,5.000,0,1,,censored,CC1(C)C(=O)N(c2ccc(C#N)c(C(F)(F)F)c2)C(=S)N1c1ccc(CNC(=O)c2nccs2)c(F)c1
CHEMBL3764185,GR,,5.220,0,1,,censored,Cc1c(N[C@@H]2CCC[C@@]2(C)O)ccc(C#N)c1Cl
CHEMBL313062,GR,8.720,,4,0,Active,exact,COc1cc([C@H](O)[C@H]2CCCC3=Cc4c(cnn4-c4ccc(F)cc4)C[C@@]32C)cc(F)c1F
CHEMBL4514765,GR,6.940,,1,0,Active,exact,COCC#C[C@]1(O)CC[C@H]2[C@@H]3CCC4=CC(=O)CC[C@]4(C)[C@H]3[C@@H](c3ccc(N(C)C)cc3)C[C@@]21C
CHEMBL3989506,GR,,4.523,0,1,Inactive,censored,CN(C)CCOCC(=O)NC12CC3CC(CC(C3)C1)C2
CHEMBL391231,GR,7.260,,1,0,Active,exact,C[C@](c1ccc(F)cc1F)(c1c[nH]c2c(NS(C)(=O)=O)cccc12)C1CC1
CHEMBL3891049,GR,6.350,,2,0,Active,exact,CC#C[C@]1(O)CC[C@H]2[C@@H]3CCc4cc(C(=O)Nc5ccncc5C)ccc4[C@H]3[C@@H](O)C[C@@]21C
CHEMBL1270910,GR,,5.000,0,1,,censored,CC(C)(C)OC(=O)N[C@@H]1CCN(C(=O)O[C@H]2C3CC4CC2C[C@](C(N)=O)(C4)C3)C1
CHEMBL237385,GR,6.430,,1,0,Active,exact,COc1ccc(F)cc1C(C)(C)CC(O)(Cc1ccccc1F)C(F)(F)F
CHEMBL790,GR,,4.523,0,1,Inactive,censored,N=C(NCCCCCCNC(=N)NC(=N)Nc1ccc(Cl)cc1)NC(=N)Nc1ccc(Cl)cc1
CHEMBL1085625,GR,8.000,,1,1,Active,exact,CCS(=O)(=O)Nc1ccc(-c2ccc3c(cnn3-c3ccc(F)cc3)c2)c(C(F)(F)F)c1
CHEMBL1349,GR,,4.523,0,1,Inactive,censored,CC(C)[C@H](N)C(=O)OCCOCn1cnc2c(=O)nc(N)[nH]c21
CHEMBL3706956,GR,8.960,,1,0,Active,exact,COc1c(O)ccc2c1-c1ccc3c(c1/C(=C/c1ccc(O)cc1)O2)C(C)=CC(C)(C)N3
CHEMBL206375,GR,6.890,,1,0,Active,exact,C=CCSCC1=CC(C)(C)Nc2ccc(-c3cccc(O)c3Cl)cc21
CHEMBL3093442,GR,7.460,,1,1,Active,exact,O=S(=O)(NC(Cc1c[nH]c2ccccc12)C(F)(F)F)c1c(Cl)cc(Cl)cc1Cl
CHEMBL71870,GR,7.020,,1,0,Active,exact,Cc1c(NS(C)(=O)=O)cccc1N(Cc1ccccc1)Cc1ccccc1Br
CHEMBL1086115,GR,7.350,,2,0,Active,exact,CCN(c1ccccc1)S(=O)(=O)c1ccc(-c2ccc3c(cnn3-c3ccc(F)cc3)c2)c(C(F)(F)F)c1
CHEMBL196374,GR,8.000,,5,0,Active,exact,Cc1noc(=O)c2ccc(NC(=O)C(O)(CC(C)(C)c3cc(F)ccc3O)C(F)(F)F)cc12
CHEMBL3734774,GR,7.920,,5,0,Active,exact,O=C(c1ccccn1)[C@]12Cc3cnn(-c4ccc(F)cc4)c3C=C1CCN(S(=O)(=O)c1ccc(C(F)(F)F)cc1)C2
CHEMBL395717,GR,9.100,,1,0,Active,exact,COc1c(O)ccc2c1-c1ccc3c(c1/C(=C/c1sccc1C#N)O2)C(C)=CC(C)(C)N3
CHEMBL877,GR,,5.000,0,1,,censored,NC[C@H]1CC[C@H](C(=O)O)CC1
CHEMBL1201753,GR,,5.000,0,1,,censored,O=C(O)C[C@H](O)C[C@H](O)/C=C/c1c(C2CC2)nc2ccccc2c1-c1ccc(F)cc1
CHEMBL4528635,GR,,6.000,0,1,,censored,O[C@H]1[C@@H](Cc2ccccc2)CCC[C@]12C=Cc1c(cnn1-c1ccc(F)cc1)C2
CHEMBL33986,GR,,4.523,0,1,Inactive,censored,Oc1ccc2c(c1)[C@@]13CCCC[C@@]1(O)[C@@H](C2)N(CC1CCC1)CC3
CHEMBL361812,GR,,4.523,0,1,Inactive,censored,O=C(O)CCn1c2c(c3ccccc31)C[C@H](NS(=O)(=O)c1ccc(F)cc1)CC2
CHEMBL1668084,GR,7.900,,1,0,Active,exact,CCCS(=O)(=O)N[C@@H](C)CNc1cc(C)cc2c1cnn2-c1cccc(C(=O)NC(C)C)c1
CHEMBL2105918,GR,,4.523,0,1,Inactive,censored,Cc1ccccc1-n1c(CF)nc2ccc(N)cc2c1=O
CHEMBL1191,GR,,5.000,0,1,,censored,Cc1nnc(NS(=O)(=O)c2ccc(N)cc2)s1
CHEMBL1651990,GR,,4.523,0,1,Inactive,censored,Clc1ccc(C(Cn2ccnc2)OCc2ccc(Sc3ccccc3)cc2)c(Cl)c1
CHEMBL5793878,GR,,5.301,0,1,,censored,CC(C)c1nn(-c2ccccc2)c2ncc(C(=O)Nc3ccc(C(F)(F)F)cc3)c(Cl)c12
CHEMBL317094,GR,,4.523,0,1,Inactive,censored,CCOC(=O)[C@H](CCc1ccccc1)N[C@@H](C)C(=O)N1C(=O)N(C)C[C@H]1C(=O)O
CHEMBL1762209,GR,7.920,,3,0,Active,exact,Cc1c[nH]c2c(-c3c(F)cc4c(c3F)/C(=N/OC(C)(C)CO)CC(C)(C)N4)cccc12
CHEMBL1395,GR,6.080,,3,0,Active,exact,C[C@]12CCC(=O)C=C1CC[C@@H]1[C@@H]2CC[C@@]2(C)[C@H]1CC[C@]2(C)O
CHEMBL3605930,GR,7.550,,2,0,Active,exact,COc1ccc(Cl)cc1-c1c[nH]c2c(NS(C)(=O)=O)cccc12
CHEMBL4777252,GR,6.970,,1,0,Active,exact,Cc1ccc([C@@H](Oc2ccc(C(=O)N[C@@H]3CCCN(C(=O)[C@@H]4CCC(=O)O4)C3)nc2)[C@H](C)NC(=O)C(F)(F)F)cc1
CHEMBL4208262,GR,7.800,,3,0,Active,exact,CC(C)[C@H](NC(=O)C(F)(F)F)[C@H](Oc1ccc2c(cnn2-c2ccc(F)cc2)c1)c1ccccc1
CHEMBL5920835,GR,7.520,,1,0,Active,exact,CC(C)(c1nc2nccnc2[nH]1)[C@@H]1c2ccc(-c3ccc(C(=O)N4CCOCC4)nc3)nc2Oc2c(F)cccc21
CHEMBL277535,GR,,4.523,0,1,Inactive,censored,c1ccc(-c2ccc(C(c3ccccc3)n3ccnc3)cc2)cc1
CHEMBL5929194,GR,8.120,,1,0,Active,exact,CC(C)(C(=O)NC(N)=O)[C@H]1c2ccccc2Oc2nc(-c3ccc(C(=O)N4CCCC4)nc3)ccc21
CHEMBL4089940,GR,8.010,,1,0,Active,exact,Cn1cc(S(=O)(=O)N2CCC3=Cc4c(cnn4-c4ccc(F)cc4)C[C@]3(C(=O)c3cc(C(F)(F)F)ccn3)C2)nn1
CHEMBL197100,GR,6.650,,2,0,Active,exact,COc1ccc(F)cc1C(C)(C)CC(O)(CNc1ccc2c(c1)COC2=O)Cc1ccccc1
CHEMBL711,GR,,5.000,0,1,,censored,O=C1c2ccccc2C(=O)C1c1ccccc1
CHEMBL1917252,GR,8.430,,1,0,Active,exact,Cn1c(SCC(=O)[C@@]2(OC(=O)c3ccco3)CC[C@H]3[C@@H]4CCC5=CC(=O)CC[C@]5(C)[C@H]4[C@@H](O)C[C@@]32C)nc2ccccc21
CHEMBL2426144,GR,7.775,,2,0,Active,exact,CC(C)(C(=O)Nc1nncs1)C(c1ccccc1)c1ccc2c(-c3ccc(C#N)cc3)ncn2c1
CHEMBL267670,GR,7.750,,1,0,Active,exact,C=CCC1Oc2cccc(COC)c2-c2ccc3c(c21)C(C)=CC(C)(C)N3
CHEMBL395341,GR,7.190,,1,0,Active,exact,Cc1cc(C)c(S(=O)(=O)NC(C)Cc2c[nH]c3ccc(F)cc23)c(C)c1
CHEMBL233661,GR,5.440,,1,0,,exact,CC(Cc1c[nH]c2ccccc12)NS(=O)(=O)c1cc(F)c(Br)cc1F
CHEMBL134421,GR,6.520,,1,0,Active,exact,CC1=CC(C)(C)Nc2ccc3c(c21)/C(=C/c1ccccc1)Oc1ccccc1-3
CHEMBL1583,GR,,4.523,0,1,Inactive,censored,CCOC(=O)OC(C)OC(=O)[C@@H]1N2C(=O)[C@@H](NC(=O)[C@H](N)c3ccccc3)[C@H]2SC1(C)C
CHEMBL3183440,GR,,5.000,0,1,,censored,CC=CC(=O)N(CC)c1ccccc1C
CHEMBL3666812,GR,8.670,,2,0,Active,exact,CC[C@@H](O)CNC(=O)c1cccc(-n2ncc3cc(O[C@H](c4ccc5c(c4)OCOC5)[C@H](C)NC(=O)C(C)(F)F)ccc32)c1
CHEMBL451821,GR,,4.523,0,1,Inactive,censored,CN[C@@H](C(=O)N(C)[C@H]1CC[C@@]2(C)C(=CC[C@H]3[C@@H]4CC[C@@H]5[C@H](C)N(C)C[C@@]54CC[C@@H]32)C1)C(C)C
CHEMBL182726,GR,7.200,,1,0,Active,exact,Cc1c(NS(C)(=O)=O)cccc1N(Cc1ccccc1)Cc1ccc(Oc2cccc(OCC(=O)O)c2)cc1
CHEMBL723,GR,,4.523,0,1,Inactive,censored,COc1ccccc1OCCNCC(O)COc1cccc2[nH]c3ccccc3c12
CHEMBL328250,GR,,5.000,0,1,,censored,CN(C)Cc1nnc2n1-c1ccc(Cl)cc1C(c1ccccc1)=NC2
CHEMBL5953759,GR,8.270,,1,0,Active,exact,CN(C)c1ccc(-c2ccc3c(n2)Oc2c(F)cccc2[C@@H]3C(C)(C)c2nc3nccnc3[nH]2)cn1
CHEMBL19449,GR,,4.523,0,1,Inactive,censored,CC(C)C(=O)c1c(C(C)C)nn2ccccc12
CHEMBL5812877,GR,6.560,,1,0,Active,exact,COCCc1ccc(NC(=O)c2cnc3c(c(C)nn3-c3ccccc3)c2Cl)cc1
CHEMBL5744083,GR,7.940,,1,0,Active,exact,C[C@H](c1ccc(N)cc1)c1ccc([C@@H]2O[C@@H]3C[C@H]4[C@@H]5C[C@H](F)C6=CC(=O)C=C[C@]6(C)[C@@]5(F)[C@@H](O)C[C@]4(C)[C@]3(C(=O)CO)O2)cc1
CHEMBL63241,GR,6.395,,2,0,Active,exact,CC1(C)O[C@@H]2CC3C4C[C@H](F)C5=CC(=O)C=C[C@]5(C)[C@@]4(F)[C@@H](O)C[C@]3(C)[C@]2(C(=O)CSC(CCO)C(=O)[O-])O1.[Na+]
CHEMBL4778550,GR,5.625,,2,0,,exact,CCOC(=O)c1ccc(NC(=O)c2cccc(S(=O)(=O)N3CCCc4ccccc43)c2)s1
CHEMBL3934504,GR,8.510,,1,0,Active,exact,CC(=O)N[C@@H](C)[C@H](Oc1ccc2c(cnn2-c2ccc(F)cc2)c1)c1ccccc1
CHEMBL391874,GR,7.375,,4,0,Active,exact,Cc1c(S(=O)(=O)NCC(O)(CC2(C)CCCc3ccccc32)C(F)(F)F)cnn1-c1ccccc1
CHEMBL3647440,GR,9.460,,1,0,Active,exact,Cc1cnc(NC(=O)c2ccc3c(c2)CC[C@@H]2C[C@@](O)(C(F)(F)F)CC[C@@]32Cc2ccccc2)c(C)n1
CHEMBL1360,GR,,4.523,0,1,Inactive,censored,COc1ccc(CC2c3cc(OC)c(OC)cc3CC[N+]2(C)CCC(=O)OCCCCCOC(=O)CC[N+]2(C)CCc3cc(OC)c(OC)cc3C2Cc2ccc(OC)c(OC)c2)cc1OC
CHEMBL3940724,GR,10.050,,1,0,Active,exact,Cc1nc(C(=O)N[C@@H](C)[C@H](Oc2ccc3c(cnn3-c3ccc(F)cc3)c2)c2ccccc2)no1
CHEMBL5787608,GR,,7.000,0,1,,censored,CN(C)c1ccc([C@H]2C[C@@]3(C)[C@@H](CC[C@@]3(O)C#Cc3ccc(C(C)(C)C)cc3)[C@@H]3CCC4=CC(=O)CCC4=C32)cc1
CHEMBL6053028,GR,6.790,,1,0,Active,exact,CCC(=O)O[C@]1(C(=O)SCCP(=O)(O)O)[C@H](C)C[C@H]2[C@@H]3C[C@H](F)C4=CC(=O)C=C[C@]4(C)[C@@]3(F)[C@@H](O)C[C@@]21C
CHEMBL268239,GR,8.640,,1,0,Active,exact,C=CCC1Oc2cccc(CO)c2-c2ccc3c(c21)C(C)=CC(C)(C)N3
CHEMBL5988764,GR,6.560,,1,0,Active,exact,COCCn1ccnc1Cn1nc(C)c2c(Cl)c(C(=O)Nc3ccc(C(F)(F)F)cc3)cnc21
CHEMBL271220,GR,8.610,,2,0,Active,exact,CCOC[C@]12Cc3cnn(-c4ccc(F)cc4)c3C=C1CCN(S(=O)(=O)c1ccc(C(F)(F)F)cc1)C2
CHEMBL474771,GR,6.520,,1,1,Active,exact,O=C(Nc1nccs1)C1(CCO)CC2c3ccccc3C1c1ccccc12
CHEMBL642,GR,,5.000,0,1,,censored,CCCC(=O)Nc1ccc(OCC(O)CNC(C)C)c(C(C)=O)c1
CHEMBL278398,GR,,4.523,0,1,Inactive,censored,CN1CCC2=C(C1)C(c1ccccc1)c1ccccc12
CHEMBL1682420,GR,8.920,,1,0,Active,exact,Cc1cc(-c2cccc3cc[nH]c23)c(C)c2c1NC(C)(C)[C@H](O)[C@H]2C
CHEMBL182472,GR,7.470,,2,0,Active,exact,Cc1c(NS(C)(=O)=O)cccc1N(Cc1ccccc1)Cc1ccc(Oc2ccc(CCC(=O)O)cc2)cc1
CHEMBL5565380,GR,5.870,,1,0,,exact,CCOC(=O)c1ccc(NC(=O)c2ccc(S(=O)(=O)NC3CCCCCC3)cc2)s1
CHEMBL5789077,GR,6.560,,1,0,Active,exact,CCCCOc1ccccc1NC(=O)c1cnc2c(c(C)nn2C)c1Cl
CHEMBL5850596,GR,6.560,,1,0,Active,exact,C#Cc1ccc(NC(=O)c2cnc3c(c(C)nn3C3CCN(Cc4ccccc4)CC3)c2Cl)cc1
CHEMBL5794824,GR,9.490,,1,0,Active,exact,CCC(=O)O[C@]1(C(=O)SCCOCCOCCP(=O)(O)O)[C@H](C)C[C@H]2[C@@H]3C[C@H](F)C4=CC(=O)C=C[C@]4(C)[C@@]3(F)[C@@H](O)C[C@@]21C
CHEMBL5922253,GR,6.560,,1,0,Active,exact,Cc1nn(-c2ccccc2)c2ncc(C(=O)Nc3ccc(CC(C)C)cc3)c(Cl)c12
CHEMBL197101,GR,7.280,,1,0,Active,exact,COc1ccc(F)cc1C(C)(C)CC(O)(Cc1ccccc1)C(=O)Nc1ccc2c(c1)COC2=O
CHEMBL53463,GR,5.590,,1,0,,exact,COc1cccc2c1C(=O)c1c(O)c3c(c(O)c1C2=O)C[C@@](O)(C(=O)CO)C[C@@H]3O[C@H]1C[C@H](N)[C@H](O)[C@H](C)O1
CHEMBL1215130,GR,,5.000,0,1,,censored,COc1cc(C2=NN(c3ccc(C#N)c(Cl)c3)[C@@H](C3CCCC3)C2)ccc1C(=O)O
CHEMBL2107011,GR,,4.523,0,1,Inactive,censored,COc1cc2[nH]c(C)c(CCN3CCN(c4ccccc4)CC3)c2cc1OC
CHEMBL70381,GR,8.240,,2,0,Active,exact,Cc1c(NS(C)(=O)=O)cccc1N(Cc1ccccc1)Cc1ccc(Cl)cc1F
CHEMBL141344,GR,7.850,,1,0,Active,exact,CCC1Oc2cccc(OC)c2-c2ccc3c(c21)C(C)=CC(C)(C)N3
CHEMBL220023,GR,6.190,,1,0,Active,exact,COc1ccc(F)cc1C(C)(C)CC(O)(Cn1cc(C)nc1C)C(F)(F)F
CHEMBL3666813,GR,9.120,,5,0,Active,exact,C[C@H](NC(=O)C(C)(F)F)[C@H](Oc1ccc2c(cnn2-c2cccc(C(=O)NCc3cccnc3)c2)c1)c1ccc2c(c1)OCCO2
CHEMBL5269834,GR,5.535,,4,0,,exact,COc1cc(C)c(Cl)cc1S(=O)(=O)Nc1ccc2c(c1)CCCN2C(C)=O
CHEMBL366182,GR,6.120,,1,0,Active,exact,CC(C)(CC(O)(Cc1ccccn1)C(=O)Nc1ccc2c(c1)COC2=O)c1ccccc1
CHEMBL214333,GR,7.855,,2,0,Active,exact,CCC1(CC(O)(C(=O)Nc2ccc3c(=O)onc(C)c3c2)C(F)(F)F)CCOc2ccccc21
CHEMBL572357,GR,7.230,,3,1,Active,exact,C[C@]12Cn3cnc(-c4ccc(F)cc4)c3C=C1CCC[C@@H]2[C@](C)(O)c1ccc(C#N)cc1
CHEMBL3126937,GR,7.320,,2,0,Active,exact,Cc1ccc(F)cc1C(C)(C)CC(O)(Cc1cc2nc(N3CCCC3)ncc2[nH]1)C(F)(F)F
CHEMBL5091611,GR,9.235,,2,0,Active,exact,CC(=O)N[C@@H](Cc1cnc[nH]1)C(=O)N[C@@H](CO)C(=O)N[C@@H](CCC(N)=O)C(=O)NCC(=O)N[C@H](C(=O)N[C@@H](Cc1ccccc1)C(=O)N[C@H](C(=O)N[C@@H](CO)C(=O)N[C@@H](CC(=O)O)C(=O)N[C@@H](Cc1ccc(O)cc1)C(=O)N[C@@H](CO)C(=O)N[C@@H](CCCCN)C(=O)N[C@@H](Cc1ccc(O)cc1)C(=O)N[C@@H](CC(C)C)C(=O)N[C@@H](CC(=O)O)C(=O)N[C@@H](CO)C(=O)N[C@@H](CCCNC(=N)N)C(=O)N[C@@H](CCCNC(=N)N)C(=O)N[C@@H](C)C(=O)N[C@@H](CCC(N)=O)C(=O)N[C@@H](CC(=O)O)C(=O)N[C@@H](Cc1ccccc1)C(=O)N[C@H](C(=O)N[C@@H](CCC(N)=O)C(=O)N[C@@H](Cc1c[nH]c2ccccc12)C(=O)N[C@@H](CC(C)C)C(=O)N[C@@H](CC(C)C)CN(CC(=O)N[C@H](C(N)=O)[C@@H](C)O)S(=O)(=O)CCN)C(C)C)[C@@H](C)O)[C@@H](C)O
CHEMBL216272,GR,7.900,,5,0,Active,exact,Cc1noc(=O)c2ccc(NC(=O)C(O)(CC(C)(C)c3cccc4c3OCC4)C(F)(F)F)cc12
CHEMBL228767,GR,5.970,,1,0,,exact,COc1ccccc1-c1ccc2c(c1)C(C(C)OC)=CC(C)(C)N2
CHEMBL193704,GR,7.420,,1,0,Active,exact,C=C[C@@H]1CO[C@@]2(CCC3=Cc4c(cnn4-c4ccc(F)cc4)C[C@@]32C)O1
CHEMBL2105737,GR,,4.523,0,1,Inactive,censored,Cc1c(C(=O)Nc2ccc(N3C[C@@H](C)O[C@@H](C)C3)nc2)cccc1-c1ccc(OC(F)(F)F)cc1
CHEMBL2024022,GR,8.015,,2,0,Active,exact,Cc1nc(SCC(=O)[C@@]2(O)CC[C@H]3[C@@H]4CCC5=CC(=O)CC[C@]5(C)[C@H]4[C@@H](O)C[C@@]32C)sc1C
CHEMBL5967089,GR,6.560,,1,0,Active,exact,COc1ccc(Cn2cc(Cn3nc(C)c4c(Cl)c(C(=O)Nc5ccc(Cl)cc5)cnc43)nn2)cc1
CHEMBL870,GR,,4.523,0,1,Inactive,censored,NCCCC(O)(P(=O)(O)O)P(=O)(O)O
CHEMBL472,GR,,4.523,0,1,Inactive,censored,COc1ccc(Cl)cc1C(=O)NCCc1ccc(S(=O)(=O)NC(=O)NC2CCCCC2)cc1
CHEMBL3911831,GR,10.520,,1,0,Active,exact,CSc1ccc([C@@H](Oc2ccc3c(cnn3-c3ccc(F)cc3)c2)[C@H](C)NC(=O)C(F)(F)F)cc1
CHEMBL114607,GR,6.800,,1,0,Active,exact,CC1=CC(C)(C)Nc2ccc3c(c21)C(CCC(C)C)Oc1ccccc1-3
CHEMBL3358935,GR,8.700,,2,0,Active,exact,COc1ccc(F)cc1C(C)(C)CC(O)(Cc1cc2cc(N3CCOCC3)ncc2[nH]1)C(F)(F)F
CHEMBL6010226,GR,6.560,,1,0,Active,exact,COc1ccc(Cn2nnc(Cn3nc(C)c4c(Cl)c(C(=O)Nc5ccc(OC)cc5)cnc43)c2C)cc1
CHEMBL65444,GR,7.210,,1,0,Active,exact,CCS(=O)(=O)Nc1ccc2c(c1)C(c1ccccc1)Oc1cccc(OC)c1-2
CHEMBL2426140,GR,7.445,,6,0,Active,exact,CC(C)(C(=O)Nc1nncs1)C(c1ccccc1)c1ccn2c(-c3ccccc3)ncc2c1
CHEMBL5756556,GR,8.190,,1,0,Active,exact,C[C@@H](c1ccc([C@H]2O[C@@H]3C[C@H]4[C@@H]5C[C@H](F)C6=CC(=O)C=C[C@]6(C)[C@@]5(F)[C@@H](O)C[C@]4(C)[C@]3(C(=O)CO)O2)cc1)c1cccc(N)c1
CHEMBL183755,GR,6.845,,2,0,Active,exact,Cc1c(NS(C)(=O)=O)cccc1N(Cc1ccccc1)Cc1ccc(Oc2cccc(CCCC(=O)O)c2)cc1
CHEMBL1684348,GR,7.840,,1,2,Active,exact,C[C@H]1c2c(cc(F)c(-c3cccc4cc[nH]c34)c2F)NC(C)(C)[C@@H]1OC(=O)N(C)c1ccccc1
CHEMBL220492,GR,,4.523,0,1,Inactive,censored,CC1(C)O[C@@H]2[C@@H](CO[C@@]3(COS(N)(=O)=O)OC(C)(C)O[C@@H]23)O1
CHEMBL514630,GR,7.770,,9,2,Active,exact,CC12CC(C)(C(=O)Nc3nncs3)C(c3ccccc31)c1ccccc12
CHEMBL1929041,GR,6.700,,1,0,Active,exact,Cc1cc(F)ccc1-n1nc(C(F)(F)F)cc1-c1cc(Cl)c2c(c1)NC(=O)CO2
CHEMBL716,GR,,4.523,0,1,Inactive,censored,OCCOCCN1CCN(C2=Nc3ccccc3Sc3ccccc32)CC1
CHEMBL1911268,GR,6.725,,4,2,Active,exact,CNC(=O)c1ccc(-c2ccc3c(n2)Oc2ccccc2[C@@H]3C(C)(C)C(=O)Nc2nncs2)cc1
CHEMBL499630,GR,8.680,,1,0,Active,exact,CCCCCNC(=O)O[C@]1(C(=O)CO)[C@@H](C)C[C@H]2[C@@H]3CCC4=CC(=O)C=C[C@]4(C)[C@@]3(F)[C@@H](O)C[C@@]21C
CHEMBL1094514,GR,7.230,,1,0,Active,exact,Cc1cc(C(O)(c2ccc3c(cnn3-c3ccc(F)cc3)c2)C(F)(F)F)ccc1F
CHEMBL3421876,GR,8.820,,3,0,Active,exact,CC[C@@]12C[C@@](C)(O)[C@](O)(c3ccccn3)C[C@H]1CCc1cc(O)ccc12
CHEMBL817,GR,,5.000,0,1,,censored,Cc1ccc(S(=O)(=O)NC(=O)NN2CCCCCC2)cc1
CHEMBL457036,GR,8.420,,2,0,Active,exact,CC#C[C@@]1(O)CC[C@@]2(CC)c3ccc(OCc4cccnc4C)cc3CC[C@@H]2C1
CHEMBL4081121,GR,9.290,,2,0,Active,exact,Cc1cccc(S(=O)(=O)N2CCC3=Cc4c(cnn4-c4ccc(F)cc4)C[C@]3(C(=O)c3cc(C)ccn3)C2)c1
CHEMBL228326,GR,4.570,,1,0,Inactive,exact,COc1cc([C@H]2O[C@@H](c3ccc(O)c(OC)c3)[C@H](C)[C@@H]2C)ccc1O
CHEMBL1762206,GR,8.150,,2,0,Active,exact,Cc1c[nH]c2c(-c3c(F)cc4c(c3F)/C(=N/OCc3ccccc3)CC(C)(C)N4)cccc12
CHEMBL1224,GR,,4.523,0,1,Inactive,censored,Cc1ccc(/C(=C\CN2CCCC2)c2cccc(/C=C/C(=O)O)n2)cc1
CHEMBL802,GR,,4.523,0,1,Inactive,censored,Nc1cc(N2CCCCC2)nc(N)[n+]1[O-]
CHEMBL1253986,GR,7.770,,2,2,Active,exact,CC(C)(CC(O)(Cc1cc2ccncc2[nH]1)C(F)(F)F)c1ccccc1
CHEMBL3746388,GR,,5.000,0,1,,censored,Cn1cc(C(=O)O)c2ccc(N3CCC(OCc4c(-c5c(Cl)cccc5Cl)noc4C4CC4)CC3)cc21
CHEMBL104183,GR,8.200,,1,0,Active,exact,CC1=CC(C)(C)Nc2ccc3c(c21)C(c1cccc(Cl)c1)Oc1ccc(Cl)cc1-3
CHEMBL41286,GR,,4.523,0,1,Inactive,censored,CC(=O)Oc1cccc2c1C(=O)c1c(OC(C)=O)cc(C(=O)O)cc1C2=O
CHEMBL6014331,GR,6.560,,1,0,Active,exact,Cc1nn(C2CCCCC2)c2ncc(C(=O)Nc3ccc(C(C)C)cc3)c(Cl)c12
CHEMBL3094483,GR,6.600,,1,1,Active,exact,CCC(Cc1cc(C)c(OC)c(C)c1)NS(=O)(=O)c1c(C)cc(C)cc1C
CHEMBL4594374,GR,8.700,,1,0,Active,exact,C[C@]12C=CC(=O)C=C1CC[C@@H]1[C@@H]2[C@@H](O)C[C@@]2(C)[C@H]1C[C@H]1O[C@@H](C3CCCCC3)O[C@]12C(=O)CO
CHEMBL3358921,GR,8.175,,2,0,Active,exact,Cc1ccc(F)cc1C(C)(C)CC(O)(Cc1[nH]c2cnccc2c1C)C(F)(F)F
CHEMBL3261412,GR,8.590,,3,0,Active,exact,Cc1cc(C)c(S(=O)(=O)N[C@@H](C)CNc2cccc3c2cnn3-c2cccnc2)c(C)c1
CHEMBL3126941,GR,8.055,,2,0,Active,exact,CC(C)(CC(O)(Cc1cc2ncncc2[nH]1)C(F)(F)F)c1cc(F)ccc1O
CHEMBL5977408,GR,6.560,,1,0,Active,exact,Cc1nn(C)c2ncc(C(=O)Nc3ccc(F)cc3)c(Cl)c12
CHEMBL1000,GR,,4.523,0,1,Inactive,censored,O=C(O)COCCN1CCN(C(c2ccccc2)c2ccc(Cl)cc2)CC1
CHEMBL136497,GR,,4.523,0,1,Inactive,censored,Nc1nc(N)nc(-c2cc(Cl)ccc2Cl)n1
CHEMBL435,GR,,4.523,0,1,Inactive,censored,NS(=O)(=O)c1cc2c(cc1Cl)NCNS2(=O)=O
CHEMBL4071548,GR,8.120,,1,0,Active,exact,O=C(c1cc(C(F)(F)F)ccn1)[C@]12Cc3cnn(-c4ccc(F)cc4)c3C=C1CCN(S(=O)(=O)c1cn[nH]c1)C2
CHEMBL5881550,GR,9.850,,1,0,Active,exact,C[C@@H]1C[C@H]2[C@@H]3C[C@H](F)C4=CC(=O)C=C[C@]4(C)[C@@]3(F)[C@@H](O)C[C@]2(C)[C@@]1(OC(=O)CCCCCP(=O)(O)O)C(=O)SCF
CHEMBL2419296,GR,5.660,,1,0,,exact,CC1C(c2ccc3c(c2)NC(=O)CO3)=C(c2ccc(F)cc2)C(=O)N1C1CC1
CHEMBL253745,GR,8.150,,2,0,Active,exact,COc1ccc2cc[nH]c2c1-c1cc(C)c2c(c1Cl)C(C)CC(C)(C)N2
CHEMBL3137316,GR,7.240,,2,0,Active,exact,Cc1ncccc1NC(=O)c1ccc2c(c1)CC[C@@H]1C[C@@](OP(=O)(O)O)(C(F)(F)F)CC[C@@]21Cc1ccccc1
CHEMBL315838,GR,,4.523,0,1,Inactive,censored,COc1ccc(C(=O)Nc2ccccc2CCC2CCCCN2C)cc1
CHEMBL311498,GR,,4.523,0,1,Inactive,censored,Oc1cc(O)c2c(c1)O[C@H](c1ccc(O)c(O)c1)[C@@H](O)C2
CHEMBL1668079,GR,7.900,,1,0,Active,exact,Cc1cc(C)c(S(=O)(=O)N[C@@H](C)CNc2cc(C)cc3c2cnn3-c2cccc(NCC(N)=O)c2)c(C)c1
CHEMBL471,GR,,4.523,0,1,Inactive,censored,CC(C)NCC(O)c1ccc(NS(C)(=O)=O)cc1
CHEMBL3706953,GR,8.720,,1,0,Active,exact,CCc1ccc(/C=C2\Oc3ccc(O)c(OC)c3-c3ccc4c(c32)C(C)=CC(C)(C)N4)cc1
CHEMBL3261174,GR,6.855,,2,0,Active,exact,Cc1cc(C)c(S(=O)(=O)N[C@@H](C)CNc2ccc(C)c3ncccc23)c(C)c1
CHEMBL243870,GR,6.920,,1,0,Active,exact,Cc1cc(C)c(S(=O)(=O)NC(C)Cc2c[nH]c3c(C)cccc23)c(C)c1
CHEMBL34015,GR,6.040,,1,0,Active,exact,C[C@H]1C(=O)C(C)(C)Nc2ccc3c(c21)[C@H](c1ccc(Cl)cc1)Oc1ccccc1-3
CHEMBL156025,GR,,4.523,0,1,Inactive,censored,CC(C)[C@H](NC(=O)[C@H](CC(=O)O)NC(=O)[C@H](CCCCN)NC(=O)[C@@H](N)CCCN=C(N)N)C(=O)N[C@@H](Cc1ccc(O)cc1)C(=O)O
CHEMBL5908414,GR,6.560,,1,0,Active,exact,CCCOc1ccc(NC(=O)c2cnc3c(c(C)nn3-c3ccc(F)cc3)c2Cl)cc1
CHEMBL4573596,GR,6.900,,1,0,Active,exact,CNC(=O)C[C@H]1COc2cc(Br)ccc2N1C(=O)c1ccc2c(c1)NC(=O)CO2
CHEMBL5287162,GR,6.330,,3,0,Active,exact,CC(C)(C)c1ccc(S(=O)(=O)Nc2ccc3c(c2)CCCN3C(=O)c2ccco2)cc1
CHEMBL1101,GR,,4.523,0,1,Inactive,censored,OC(CCN1CCCCC1)(c1ccccc1)C1CC2C=CC1C2
CHEMBL580,GR,,4.523,0,1,Inactive,censored,O=C1Nc2ccc(Cl)cc2C(c2ccccc2Cl)=NC1O
CHEMBL473417,GR,,4.523,0,1,Inactive,censored,CS(=O)(=O)c1ccc(C(=O)Nc2ccc(Cl)c(-c3ccccn3)c2)c(Cl)c1
CHEMBL500678,GR,8.290,,1,0,Active,exact,CCNC(=O)O[C@]1(C(=O)CO)[C@@H](C)C[C@H]2[C@@H]3CCC4=CC(=O)C=C[C@]4(C)[C@@]3(F)[C@@H](O)C[C@@]21C
CHEMBL864,GR,,4.523,0,1,Inactive,censored,CN(C)CCOC(c1ccc(Cl)cc1)c1ccccn1
CHEMBL5205092,GR,5.690,,1,0,,exact,CC(NC(=O)c1ccc(Cn2c(=S)[nH]c3ccsc3c2=O)cc1)c1ccccc1
CHEMBL2106561,GR,,4.523,0,1,Inactive,censored,CCOC(=O)NNc1ccc(N(CC)CC(C)O)nn1
CHEMBL4167905,GR,8.020,,1,0,Active,exact,CC(C)(C)C#C[C@]1(O)CC[C@H]2[C@@H]3CCC4=CC(=O)CCC4=C3[C@@H](c3ccc(C4(C)COC4)cc3)C[C@@]21C
CHEMBL5914250,GR,7.960,,1,0,Active,exact,CNC(=O)NC(=O)C(C)(C)[C@@H]1c2ccc(-c3ccc(N4CCOCC4)nc3)nc2Oc2c(F)cccc21
CHEMBL4061130,GR,,4.523,0,1,Inactive,censored,N#Cc1ccc(S(=O)(=O)N(Cc2ccc3ccccc3c2)c2ccc(Oc3ccccc3)cc2)cc1
CHEMBL5071539,GR,,6.000,0,1,,censored,CC(C)C[C@@H](CN(CC(=O)N[C@H](C(N)=O)[C@@H](C)O)S(=O)(=O)CCN)NC(=O)[C@H](CC(C)C)NC(=O)CN(C[C@H](CCCCN)NC(=O)[C@@H](NC(=O)CN(C[C@H](CC(=O)O)NC(=O)[C@H](CCC(N)=O)NC(=O)CN(C[C@H](CCCNC(=N)N)NC(=O)[C@H](CCCNC(=N)N)NC(=O)CN(C[C@H](CC(=O)O)NC(=O)[C@H](CC(C)C)NC(=O)[C@H](Cc1ccc(O)cc1)NC(=O)[C@H](CCCCN)NC(=O)[C@H](CO)NC(=O)[C@H](Cc1ccc(O)cc1)NC(=O)[C@H](CC(=O)O)NC(=O)[C@H](CO)NC(=O)[C@@H](NC(=O)[C@H](Cc1ccccc1)NC(=O)[C@@H](NC(=O)CNC(=O)[C@H](CCC(N)=O)NC(=O)[C@H](CO)NC(=O)[C@@H](N)Cc1cnc[nH]1)[C@@H](C)O)[C@@H](C)O)S(=O)(=O)CCN)S(C)(=O)=O)S(=O)(=O)c1ccc(Cl)cc1)C(C)C)S(=O)(=O)c1ccc(Cl)cc1
CHEMBL6013110,GR,,5.301,0,1,,censored,O=C(Nc1ccc(Cl)cc1)c1ncc2c(cnn2-c2ccccc2)c1Cl
CHEMBL1390,GR,7.895,,2,0,Active,exact,CC(=O)[C@@]1(O)CC[C@H]2[C@@H]3C[C@H](C)C4=CC(=O)CC[C@]4(C)[C@H]3CC[C@@]21C
CHEMBL258193,GR,8.360,,1,1,Active,exact,Cc1cc(-c2cccc3[nH]ccc23)c(Cl)c2c1NC(C)(C)CC2C
CHEMBL1092578,GR,7.520,,1,0,Active,exact,C[C@]12CCC(=O)C=C1CCC1[C@@H]2[C@@H](O)C[C@@]2(C)[C@H]1CC[C@]2(O)C(=O)CO
CHEMBL561,GR,,4.523,0,1,Inactive,censored,CCn1cc(C(=O)O)c(=O)c2cc(F)c(N3CCNC(C)C3)c(F)c21
CHEMBL1668074,GR,7.800,,1,0,Active,exact,Cc1cc(C)c(S(=O)(=O)N[C@@H](C)CNc2cc(C)cc3c2cnn3-c2ccc(NCC(N)=O)cc2)c(C)c1
CHEMBL256161,GR,8.850,,1,0,Active,exact,CC(C)(C)c1ccc(S(=O)(=O)N2CCC3=Cc4c(cnn4-c4ccc(F)cc4)C[C@]3(Cc3ccccc3)C2)cc1
CHEMBL502835,GR,,4.523,0,1,Inactive,censored,COC(=O)c1ccc2c(c1)NC(=O)/C2=C(\Nc1ccc(N(C)C(=O)CN2CCN(C)CC2)cc1)c1ccccc1
CHEMBL5939125,GR,,7.000,0,1,,censored,CN(C)c1cc([C@H]2C[C@@]3(C)[C@@H](CC[C@@]3(O)C#CC(F)(F)F)[C@@H]3CCC4=CC(=O)CCC4=C32)ccc1Cl
CHEMBL2419308,GR,5.700,,1,0,,exact,CCC1OC(=O)C(c2ccc(F)cc2)=C1c1ccc2c(c1)NC(=O)CO2
CHEMBL178862,GR,,4.523,0,1,Inactive,censored,COc1ccc(-c2cc(=S)ss2)cc1
CHEMBL2147567,GR,8.520,,1,0,Active,exact,C[C@]12Cc3cnn(-c4ccc(F)cc4)c3C=C1CC[C@@]2(O)CCc1cccc(F)c1C(=O)NC1(CO)CC1
CHEMBL470784,GR,8.420,,3,1,Active,exact,CC[C@@]12C[C@@H](O)[C@](O)(c3ccccc3)C[C@H]1CCc1cc(O)ccc12
CHEMBL2107094,GR,,4.523,0,1,Inactive,censored,C#CCOc1ccc(N)cc1C(=O)NCCCC
CHEMBL292721,GR,5.710,,1,0,,exact,COc1cccc2c1-c1ccc(N)cc1C(c1ccccc1)O2
CHEMBL5815344,GR,5.560,,1,0,,exact,Cc1nn(-c2ccccc2)c2ncc(C(=O)Nc3ccc(Cl)cc3)cc12
CHEMBL289469,GR,,4.523,0,1,Inactive,censored,CN1C2CCCC1CC(NC(=O)c1nn(C)c3ccccc13)C2
CHEMBL1201319,GR,,5.000,0,1,,censored,C[C@H](N)[C@H](O)c1cccc(O)c1
CHEMBL121626,GR,,4.523,0,1,Inactive,censored,Cc1c(Cl)cccc1Nc1ccccc1C(=O)O
CHEMBL1200600,GR,8.460,,3,0,Active,exact,CC(=O)[C@@]1(O)CC[C@H]2[C@@H]3C[C@H](C)C4=CC(=O)C=C[C@]4(C)[C@@]3(F)[C@@H](O)C[C@@]21C
CHEMBL1051,GR,,4.523,0,1,Inactive,censored,CC(C)OC(=O)CCC/C=C\C[C@@H]1[C@@H](CC[C@@H](O)CCc2ccccc2)[C@H](O)C[C@@H]1O
CHEMBL1684355,GR,7.540,,3,0,Active,exact,COC(=O)c1ccc(NC(=O)O[C@@H]2[C@@H](C)c3c(cc(F)c(-c4cccc5cc[nH]c45)c3F)NC2(C)C)cc1
CHEMBL3421888,GR,7.100,,1,1,Active,exact,CC[C@@]12C[C@@](C)(O)[C@](O)(c3ccccc3)C[C@H]1CC(O)c1cc(O)ccc12
CHEMBL712,GR,,4.523,0,1,Inactive,censored,COc1ccc(C2C(=O)c3ccccc3C2=O)cc1
CHEMBL269732,GR,,4.523,0,1,Inactive,censored,C=CC[C@@H]1/C=C(\C)C[C@H](C)C[C@H](OC)[C@H]2O[C@@](O)(C(=O)C(=O)N3CCCC[C@H]3C(=O)O[C@H](/C(C)=C/[C@@H]3CC[C@@H](O)[C@H](OC)C3)[C@H](C)[C@@H](O)CC1=O)[C@H](C)C[C@@H]2OC
CHEMBL2105059,GR,,4.523,0,1,Inactive,censored,O=C(OCCN1CCOCC1)c1cccnc1Nc1cccc(C(F)(F)F)c1
CHEMBL411852,GR,9.100,,1,0,Active,exact,CC(C)(C)c1ccc(S(=O)(=O)N2CCC3=Cc4c(cnn4-c4ccc(F)cc4)C[C@]3(COCCC#N)C2)cc1
CHEMBL1334692,GR,,4.523,0,1,Inactive,censored,O=C(O)Cc1cn(-c2ccccc2)nc1-c1ccc(Cl)cc1
CHEMBL210185,GR,8.020,,1,0,Active,exact,Cc1noc(=O)c2ccc(NC(=O)C(O)(CC3(C4CCC4)CCCc4ccccc43)C(F)(F)F)cc12
CHEMBL158091,GR,8.850,,1,0,Active,exact,CC1(C)O[C@@H]2CC3C4C[C@H](F)C5=CC(=O)C=C[C@]5(C)[C@@]4(F)[C@@H](O)C[C@]3(C)[C@]2(S[C@@H]2CCOC2=O)O1
CHEMBL1940696,GR,7.440,,1,0,Active,exact,C[C@@H]1C[C@H]2[C@@H]3CCC4=CC(=O)C=C[C@]4(C)[C@H]3[C@@H](O)C[C@]2(C)[C@@]1(O)C(=O)CSc1nc2ccccc2[nH]1
CHEMBL3126954,GR,8.200,,2,0,Active,exact,COc1ccc(F)cc1C(C)(C)CC(O)(Cc1cc2cncnc2[nH]1)C(F)(F)F
CHEMBL3933196,GR,7.890,,1,0,Active,exact,CCCS(=O)(=O)N[C@@H](C)[C@H](Oc1ccc2c(cnn2-c2ccc(F)cc2)c1)c1ccccc1
CHEMBL4449687,GR,4.650,,1,0,Inactive,exact,CCOc1ccc(-c2ccc(CCCc3nn(-c4ccc(C(F)(F)F)cc4)c(=O)n3-c3ccccc3F)cc2)cc1CC(=O)O
CHEMBL3916929,GR,5.600,,1,0,,exact,CNC(=O)C[C@H]1COc2cc(F)ccc2N1C(=O)c1ccc2c(c1)NC(=O)CO2
CHEMBL5902078,GR,,5.000,0,1,,censored,Cc1ncsc1C(=O)NCc1ccc(N2C(=S)N(c3ccc(C#N)c(C(F)(F)F)c3)C(=O)C2(C)C)cc1Cl
CHEMBL1762,GR,,4.523,0,1,Inactive,censored,Cc1cccc(C)c1NC(=O)C(C)N
CHEMBL372102,GR,7.495,,2,0,Active,exact,Cc1noc(=O)c2ccc(NC(=O)C(O)(Cc3ccccc3)CC(C)(C)c3cc(F)ccc3O)cc12
CHEMBL521686,GR,,4.523,0,1,Inactive,censored,O=C(c1cc(Cc2n[nH]c(=O)c3ccccc23)ccc1F)N1CCN(C(=O)C2CC2)CC1
CHEMBL4094264,GR,5.270,,1,0,,exact,N#Cc1ccc(S(=O)(=O)N(Cc2cccc(Cl)c2)c2ccc(Oc3ccccc3)cc2)cc1
CHEMBL452076,GR,5.190,,1,0,,exact,COCCOC(=O)C1=C(C)NC(C)=C(C(=O)OC/C=C/c2ccccc2)C1c1cccc([N+](=O)[O-])c1
CHEMBL189963,GR,,4.523,0,1,Inactive,censored,CC(=O)c1c(C)c2cnc(Nc3ccc(N4CCNCC4)cn3)nc2n(C2CCCC2)c1=O
CHEMBL218778,GR,5.850,,1,0,,exact,COc1ccc(F)cc1C(C)(C)CC(O)(CN1CCC(=O)CC1)C(F)(F)F
CHEMBL565,GR,,4.523,0,1,Inactive,censored,CCOC(=O)C(C)(C)Oc1ccc(Cl)cc1
CHEMBL1393,GR,5.850,,7,1,,exact,CC(=O)S[C@@H]1CC2=CC(=O)CC[C@]2(C)[C@H]2CC[C@@]3(C)[C@@H](CC[C@@]34CCC(=O)O4)[C@H]12
CHEMBL1201168,GR,,5.000,0,1,,censored,Cc1cc(C(=O)NNCc2ccccc2)no1
CHEMBL1668063,GR,7.800,,1,0,Active,exact,CCN(C[C@](O)(CNc1cccc2c1cnn2-c1ccc(F)cc1)C(F)(F)F)C(=O)c1c(Cl)cccc1Cl
CHEMBL384467,GR,8.520,,98,0,Active,exact,C[C@@H]1C[C@H]2[C@@H]3CCC4=CC(=O)C=C[C@]4(C)[C@@]3(F)[C@@H](O)C[C@]2(C)[C@@]1(O)C(=O)CO
CHEMBL6028472,GR,6.560,,1,0,Active,exact,O=C(Nc1ccc(C(F)(F)F)cc1)c1cnc2c(c(Cl)nn2Cc2ccccn2)c1Cl
CHEMBL5885340,GR,7.740,,1,0,Active,exact,CCC(=O)O[C@]1(C(=O)SCCCP(=O)(O)O)[C@H](C)C[C@H]2[C@@H]3C[C@H](F)C4=CC(=O)C=C[C@]4(C)[C@@]3(F)[C@@H](O)C[C@@]21C
CHEMBL3734789,GR,8.345,,2,0,Active,exact,O=C(c1cnccn1)[C@]12Cc3cnn(-c4ccc(F)cc4)c3C=C1CCN(S(=O)(=O)c1ccc(C(F)(F)F)cc1)C2
CHEMBL1233,GR,,4.523,0,1,Inactive,censored,CCCC(C)(COC(N)=O)COC(=O)NC(C)C
CHEMBL1201129,GR,,4.523,0,1,Inactive,censored,Nc1ncn([C@H]2C[C@H](O)[C@@H](CO)O2)c(=O)n1
CHEMBL729,GR,,4.523,0,1,Inactive,censored,Cc1cccc(C)c1OCC(=O)N[C@@H](Cc1ccccc1)[C@@H](O)C[C@H](Cc1ccccc1)NC(=O)[C@H](C(C)C)N1CCCNC1=O
CHEMBL440454,GR,8.150,,1,0,Active,exact,C=CCC1Oc2cccc(NC)c2-c2ccc3c(c21)C(C)=CC(C)(C)N3
CHEMBL1911146,GR,6.180,,3,3,Active,exact,Cc1cccc(-c2ccc3c(n2)Oc2ccccc2[C@@H]3C(C)(C)C(=O)Nc2nncs2)c1
CHEMBL1371200,GR,5.360,,1,0,,exact,C[C@]12CCC(=O)C=C1C=C[C@@H]1[C@@H]2CC[C@@]2(C)[C@H]1CC[C@@]2(O)CCC(=O)[O-].[K+]
CHEMBL5269614,GR,5.450,,2,1,,exact,O=C(c1ccco1)N1CCCc2cc(N(S(=O)(=O)c3ccc([N+](=O)[O-])cc3)S(=O)(=O)c3ccc([N+](=O)[O-])cc3)ccc21
CHEMBL4203448,GR,8.675,,2,0,Active,exact,CC(=O)[C@@]12CN(Cc3cccc(Cl)c3)C[C@@H]1C[C@H]1[C@@H]3C[C@H](F)C4=CC(=O)C=C[C@]4(C)[C@@]3(F)[C@@H](O)C[C@@]12C
CHEMBL1668088,GR,7.400,,1,0,Active,exact,Cc1cc(NC[C@H](C)NS(=O)(=O)C2CC2)c2cnn(-c3cccc(C(=O)N[C@@H](C)C(N)=O)c3)c2c1
CHEMBL1760023,GR,8.420,,3,0,Active,exact,CO/N=C1/c2c(cc(F)c(-c3cccc4c(C)c[nH]c34)c2F)NC(C)(C)C1O
CHEMBL4202668,GR,6.650,,3,0,Active,exact,C[C@H](NC(=O)C(C)(F)F)[C@H](Oc1ccc2c(cnn2-c2ccc(=O)n(CC3CC3)c2)c1)c1ccccc1
CHEMBL474189,GR,8.080,,13,2,Active,exact,CC12CC(C)(C(=O)Nc3nccs3)C(c3ccccc31)c1ccccc12
CHEMBL1917254,GR,8.700,,1,0,Active,exact,C[C@]12CCC(=O)C=C1CC[C@@H]1[C@@H]2[C@@H](O)C[C@@]2(C)[C@H]1CC[C@]2(OC(=O)c1ccco1)C(=O)CSc1nc2ccccc2s1
CHEMBL4159430,GR,7.850,,1,0,Active,exact,CC#C[C@]1(O)CC[C@H]2[C@@H]3CCC4=CC(=O)CCC4=C3[C@@H](c3ccccc3)C[C@@]21C
CHEMBL1200692,GR,,4.523,0,1,Inactive,censored,CCCc1nc(C(C)(C)O)c(C(=O)OCc2oc(=O)oc2C)n1Cc1ccc(-c2ccccc2-c2nnn[nH]2)cc1
CHEMBL304966,GR,5.960,,1,0,,exact,Cc1cc(NS(C)(=O)=O)c(C)c(N(Cc2ccccc2)Cc2ccccc2)c1
CHEMBL497472,GR,8.620,,1,0,Active,exact,C[C@H]1C[C@H]2[C@@H]3CCC4=CC(=O)C=C[C@]4(C)[C@@]3(F)[C@@H](O)C[C@]2(C)[C@@]1(OC(=O)NC(C)(C)C)C(=O)CO
CHEMBL3735218,GR,8.750,,4,0,Active,exact,O=C(c1ccccn1)[C@]12Cc3cnn(-c4ccc(F)cc4)c3C=C1CCN(S(=O)(=O)c1ccc(C(F)(F)F)c(F)c1)C2
CHEMBL304102,GR,7.920,,2,0,Active,exact,CCc1c(NS(C)(=O)=O)cccc1N(Cc1ccccc1)Cc1ccccc1
CHEMBL360746,GR,8.850,,1,0,Active,exact,Cc1c(NS(C)(=O)=O)cccc1N(Cc1ccccc1)Cc1ccc(Oc2ccc(CCCC(=O)NCCCC(=O)O)cc2)cc1
CHEMBL5987139,GR,,5.301,0,1,,censored,Cc1nn(-c2ccccc2)c2ncc(C(=O)Nc3ccc(C#N)cc3)c(C#N)c12
CHEMBL2426627,GR,7.635,,2,0,Active,exact,Cc1cnc(NC(=O)C(C)(C)C(c2ccccc2)c2ccc3c(cnn3-c3ccc(F)cc3)c2)s1
CHEMBL1255080,GR,8.110,,4,0,Active,exact,COc1ccc(F)cc1C(C)(C)C[C@@](O)(Cc1cc2ccncc2[nH]1)C(F)(F)F
CHEMBL1265,GR,,4.523,0,1,Inactive,censored,COc1ccc(-c2ccc3cc(C(=O)O)ccc3c2)cc1C12CC3CC(CC(C3)C1)C2
CHEMBL392319,GR,8.075,,2,0,Active,exact,Cc1c(C(=O)NCC(O)(CC2(C)CCCc3ccccc32)C(F)(F)F)cnn1-c1ccccc1
CHEMBL5094074,GR,8.725,,2,0,Active,exact,CC(=O)N[C@@H](Cc1cnc[nH]1)C(=O)NCC(=O)N[C@@H](CCC(N)=O)C(=O)NCC(=O)N[C@H](C(=O)N[C@@H](Cc1ccccc1)C(=O)N[C@H](C(=O)N[C@@H](CO)C(=O)N[C@@H](CC(=O)O)C(=O)N[C@@H](Cc1ccc(O)cc1)C(=O)N[C@@H](CO)C(=O)N[C@@H](CCCCN)C(=O)N[C@@H](Cc1ccc(O)cc1)C(=O)N[C@@H](CC(C)C)C(=O)N[C@@H](CC(=O)O)C(=O)N[C@@H](CO)C(=O)N[C@@H](CCCNC(=N)N)C(=O)N[C@@H](CCCNC(=N)N)C(=O)N[C@@H](C)C(=O)N[C@@H](CCC(N)=O)C(=O)N[C@@H](CC(=O)O)C(=O)N[C@@H](Cc1ccccc1)C(=O)N[C@H](C(=O)N[C@@H](CCC(N)=O)C(=O)N[C@@H](Cc1c[nH]c2ccccc12)C(=O)N[C@@H](CC(C)C)C(=O)N[C@@H](CC(C)C)CN(CC(=O)N[C@H](C(N)=O)[C@@H](C)O)S(=O)(=O)CCN)C(C)C)[C@@H](C)O)[C@@H](C)O
CHEMBL3605926,GR,8.460,,2,0,Active,exact,COc1cc(F)ccc1-c1c(CN(C)Cc2ccccc2)[nH]c2c(NS(C)(=O)=O)cc(C(C)(C)C)cc12
CHEMBL5613366,GR,5.960,,1,0,,exact,Cc1ncncc1Nc1ccc2c(c1)CC[C@@H]1C3=CC(=O)C[C@]3(C)CC[C@@]21Cc1ccccc1
CHEMBL5572671,GR,8.400,,1,0,Active,exact,CCc1ccccc1C(=O)N(CC)C[C@@](O)(CNC(=O)c1cnn(-c2ccc(F)cc2)c1N)C(F)(F)F
CHEMBL5778734,GR,6.560,,1,0,Active,exact,Cc1nn(C)c2ncc(C(=O)Nc3ccc(C(F)(F)F)cc3)c(F)c12
CHEMBL5275427,GR,,5.000,0,2,,censored,COc1cc(C)c(Cl)cc1S(=O)(=O)Nc1ccc2c(c1)CCCN2C(=O)c1ccc(C)cc1F
CHEMBL98,GR,,4.523,0,1,Inactive,censored,O=C(CCCCCCC(=O)Nc1ccccc1)NO
CHEMBL44884,GR,,4.523,0,1,Inactive,censored,CC[C@@H](CO)NCCN[C@@H](CC)CO
CHEMBL371376,GR,8.540,,1,0,Active,exact,C[C@]12Cc3cnn(-c4ccc(F)cc4)c3C=C1CCC[C@@H]2[C@@H](O)c1ccoc1
CHEMBL2023234,GR,6.750,,1,0,Active,exact,C[C@]12Cc3cnn(-c4ccccn4)c3C=C1CC[C@@H]1[C@@H]2[C@@H](O)C[C@@]2(C)[C@H]1CC[C@]2(O)C(=O)CSc1nc2ccccc2s1
CHEMBL3706959,GR,8.590,,1,0,Active,exact,COc1c(O)ccc2c1-c1ccc3c(c1/C(=C/c1cccc(C(F)(F)F)c1C)O2)C(C)=CC(C)(C)N3
CHEMBL1182210,GR,4.850,,1,0,Inactive,exact,CC(C)(C)CC(C)(C)c1ccc(OCCOCC[N+](C)(C)Cc2ccccc2)cc1
CHEMBL911,GR,,4.523,0,1,Inactive,censored,Cc1ccc(-c2nc3ccc(C)cn3c2CC(=O)N(C)C)cc1
CHEMBL3261165,GR,7.260,,1,0,Active,exact,Cc1cc(C)c(S(=O)(=O)N[C@@H](C)CCc2ccccc2)c(C)c1
CHEMBL1200356,GR,,5.000,0,1,,censored,CC1(C)S[C@@H]2[C@H](NC(=O)C3(N)CCCCC3)C(=O)N2[C@H]1C(=O)O
CHEMBL49978,GR,5.360,,1,0,,exact,C=C1C=C(C)CC(C)(C)C1C/C=C/c1cc(OC)c(Br)cc1O
CHEMBL317983,GR,7.750,,1,0,Active,exact,COc1ccc2c(c1)-c1ccc3c(c1C(c1ccccc1)O2)C(C)=CC(C)(C)N3
CHEMBL1219,GR,,4.523,0,1,Inactive,censored,COCCCOc1ccnc(C[S+]([O-])c2nc3ccccc3[nH]2)c1C
CHEMBL3736358,GR,8.925,,4,0,Active,exact,O=C(c1ccccn1)[C@]12Cc3cnn(-c4ccc(F)cc4)c3C=C1CCN(S(=O)(=O)c1cccc(C(F)(F)F)c1)C2
CHEMBL5771374,GR,,5.301,0,1,,censored,Cc1nn(C)c2ncc(C(=O)NCCN3CCOCC3)c(Cl)c12
CHEMBL2426649,GR,6.730,,3,1,Active,exact,CC(C)(C(=O)Nc1nncs1)[C@H](c1ccccc1)c1ccc2c(cnn2-c2cccnc2)c1
CHEMBL246834,GR,8.700,,1,0,Active,exact,CC(C)(C)c1ccc(S(=O)(=O)N2CCC3=CC(=O)CCC3(Cc3ccc(-c4ccncc4)cc3)C2)cc1
CHEMBL5952336,GR,9.180,,1,0,Active,exact,CCOc1ccc(-c2ccc3c(n2)Oc2c(F)cccc2[C@@H]3C(C)(C)c2nc3nccnc3[nH]2)cc1
CHEMBL165643,GR,,4.523,0,1,Inactive,censored,CC[C@]12CCCN3CCc4c(n(c5cc(Br)ccc45)[C@@](O)(C(=O)OC)C1)[C@@H]32
CHEMBL5763954,GR,6.560,,1,0,Active,exact,COc1ccc(NC(=O)c2cnc3c(c(C)nn3-c3ccc(F)cc3)c2Cl)cc1
CHEMBL5272312,GR,5.880,,3,0,,exact,COc1ccc(C(=O)N2CCCc3cc(NS(=O)(=O)c4cc(Cl)c(C)cc4OC)ccc32)cc1OC
CHEMBL5948068,GR,6.560,,1,0,Active,exact,CCN1CCN(CCn2nc(C)c3c(Cl)c(C(=O)Nc4ccc(Cl)cc4)cnc32)CC1
CHEMBL1441,GR,,5.000,0,1,,censored,CCc1cc(C(N)=S)ccn1
CHEMBL5837008,GR,5.560,,1,0,,exact,O=C(Nc1ccc(Cl)cc1)c1cnc2c(cnn2-c2ccc(Cl)cc2)c1Cl
CHEMBL3421881,GR,7.330,,1,1,Active,exact,CC[C@@]12C[C@@](C)(O)[C@](O)(CC)C[C@H]1CCc1cc(O)ccc12
CHEMBL5752457,GR,6.560,,1,0,Active,exact,CCCOc1cccc(NC(=O)c2cnc3c(c(C)nn3C)c2Cl)c1
CHEMBL3706946,GR,8.850,,1,0,Active,exact,COc1c(O)ccc2c1-c1ccc3c(c1/C(=C/c1cccc(O)c1)O2)C(C)=CC(C)(C)N3
CHEMBL1439973,GR,,5.000,0,1,,censored,CC(C)(O)C(Cl)(Cl)Cl
CHEMBL5790860,GR,,5.301,0,1,,censored,Cc1nn(Cc2nnn[nH]2)c2ncc(C(=O)Nc3ccc(C(F)(F)F)cc3)c(Cl)c12
CHEMBL429842,GR,8.350,,2,0,Active,exact,Cc1cc(-c2cc(F)c(F)c3cc[nH]c23)c(Cl)c2c1NC(C)(C)CC2C
CHEMBL1682441,GR,8.600,,5,0,Active,exact,C[C@H]1c2c(cc(F)c(-c3cccc4cc[nH]c34)c2F)NC(C)(C)[C@@H]1O
CHEMBL1911661,GR,7.700,,2,0,Active,exact,CC(C)(CC(O)(Cc1cc2cc(C#N)ccc2[nH]1)C(F)(F)F)c1cc(S(C)(=O)=O)cc2c1OCC2
CHEMBL3261408,GR,8.640,,3,0,Active,exact,Cc1cc(C)c(S(=O)(=O)N[C@@H](C)CNc2cccc3c2cnn3-c2ccc(F)nc2)c(C)c1
CHEMBL1254265,GR,7.585,,4,0,Active,exact,CC(C)(CC(O)(Cc1cc2ccncc2[nH]1)C(F)(F)F)c1cc(-c2ccccc2)ccc1O
CHEMBL3094468,GR,8.180,,2,0,Active,exact,CC[C@@H](Cc1ccc(O)c(C)c1C)NS(=O)(=O)c1c(C)cc(C)cc1C
CHEMBL3126951,GR,8.410,,2,0,Active,exact,Cc1ccc(F)cc1C(C)(C)CC(O)(Cc1cc2cnncc2[nH]1)C(F)(F)F
CHEMBL243869,GR,6.310,,1,0,Active,exact,Cc1cc(C)c(S(=O)(=O)NC(C)Cc2c[nH]c3cc(C)ccc23)c(C)c1
CHEMBL1201173,GR,8.300,,1,0,Active,exact,CC(=O)[C@H]1CC[C@H]2[C@@H]3C[C@H](C)C4=CC(=O)CC[C@]4(C)[C@H]3[C@@H](O)C[C@]12C
CHEMBL53,GR,,4.523,0,1,Inactive,censored,CN1CCc2cccc3c2[C@H]1Cc1ccc(O)c(O)c1-3
CHEMBL24,GR,,4.523,0,1,Inactive,censored,CC(C)NCC(O)COc1ccc(CC(N)=O)cc1
CHEMBL4208957,GR,8.680,,2,0,Active,exact,Cc1ccc(CN2C[C@@H]3C[C@H]4[C@@H]5C[C@H](F)C6=CC(=O)C=C[C@]6(C)[C@@]5(F)[C@@H](O)C[C@]4(C)[C@]3(C(=O)CO)C2)cc1
CHEMBL1200790,GR,,4.523,0,1,Inactive,censored,CCC1(CC)C(=O)NCC(C)C1=O
CHEMBL6022313,GR,,7.000,0,1,,censored,C[C@@H]1C[C@H]2[C@@H]3CCC4=CC(=O)CCC4=C3[C@@H](c3ccc(N(C)C)cc3)C[C@]2(C)[C@]1(O)C#CC(C)(C)C
CHEMBL1084388,GR,6.600,,1,1,Active,exact,Fc1ccc(-n2ncc3cc(-c4ccccc4C(F)(F)F)ccc32)cc1
CHEMBL373497,GR,8.400,,1,0,Active,exact,CC(C)(CC(O)(Cn1ccc(=O)c2ccccc21)C(F)(F)F)c1cccc2c1OCC2
CHEMBL1644756,GR,8.460,,3,0,Active,exact,C=CCC1(C)C(=O)C(C)(C)Nc2c(C)cc(-c3cccc4cc[nH]c34)c(Cl)c21
CHEMBL3261414,GR,7.850,,3,0,Active,exact,Cc1cc(C)c(S(=O)(=O)N[C@@H](C)CNc2cccc3c2cnn3-c2ccc(F)c(C)c2)c(C)c1
CHEMBL1762208,GR,5.570,,1,0,,exact,Cc1c[nH]c2c(-c3c(F)cc4c(c3F)/C(=N/OC(C)(C)C(=O)O)CC(C)(C)N4)cccc12
CHEMBL569061,GR,7.895,,2,1,Active,exact,C[C@]12Cn3cnc(-c4ccc(F)cc4)c3C=C1CCC[C@@H]2[C@](C)(O)C(F)(F)F
CHEMBL235365,GR,8.090,,1,0,Active,exact,Cc1noc(=O)c2ccc(NC(=O)C(O)(CC3(C4CCCC4)CCCc4ccccc43)C(F)(F)F)cc12
CHEMBL183914,GR,8.820,,1,0,Active,exact,Cc1c(NS(C)(=O)=O)cccc1N(Cc1ccccc1)Cc1ccc(Oc2ccc(CCCC(=O)NCCC(=O)O)cc2)cc1
CHEMBL1929042,GR,6.330,,1,0,Active,exact,Cc1cc(F)ccc1-n1nc(C(F)(F)F)cc1-c1cc(C)c2c(c1)NC(=O)CO2
CHEMBL213907,GR,,4.523,0,1,Inactive,censored,COc1c(O[C@@H]2O[C@H](CO)[C@@H](O)[C@H](O)[C@H]2O)cc2c(c1OC)-c1ccc(SC)c(=O)cc1[C@@H](NC(C)=O)CC2
CHEMBL4545820,GR,7.990,,1,0,Active,exact,CC(C)(C)C#C[C@]1(O)CC[C@H]2[C@@H]3CCC4=CC(=O)CC[C@@H]4[C@H]3[C@@H](c3ccc(N4CCOCC4)cc3)C[C@@]21C
CHEMBL438260,GR,,5.699,0,1,,censored,CC(C)(CC(O)(Cc1cc(O)cc(O)c1)C(=O)Nc1ccc2c(c1)COC2=O)c1ccccc1
CHEMBL4534324,GR,7.750,,1,0,Active,exact,CC#C[C@]1(O)CC[C@H]2[C@@H]3CCC4=CC(=O)CC[C@]4(C)[C@H]3[C@@H](OCc3ccc(Cl)cc3)C[C@@]21C
CHEMBL1096126,GR,6.550,,1,0,Active,exact,Cc1ccccc1C(O)(c1ccc2c(cnn2-c2ccc(F)cc2)c1)C(F)(F)F
CHEMBL5970629,GR,5.560,,1,0,,exact,Cc1nc2c(Cl)c(C(=O)Nc3ccc(C(F)(F)F)cc3)cnc2n1C
CHEMBL4079638,GR,8.000,,1,0,Active,exact,CCn1nccc1S(=O)(=O)N1CCC2=Cc3c(cnn3-c3ccc(F)cc3)C[C@]2(C(=O)c2cc(C(F)(F)F)ccn2)C1
CHEMBL4077728,GR,5.710,,1,0,,exact,CC(=O)Nc1ccc(S(=O)(=O)N(Cc2ccccc2)c2ccc(Oc3ccccc3)cc2)cc1
CHEMBL24072,GR,,4.523,0,1,Inactive,censored,CC(Cc1ccccc1)NCCC(c1ccccc1)c1ccccc1
CHEMBL3706937,GR,8.510,,1,0,Active,exact,CCN(CC)Cc1cc(F)ccc1/C=C1\Oc2ccc(O)c(OC)c2-c2ccc3c(c21)C(C)=CC(C)(C)N3
CHEMBL5796778,GR,6.560,,1,0,Active,exact,Cc1nn(Cc2ccncn2)c2ncc(C(=O)Nc3ccc(Cl)cc3)c(Cl)c12
CHEMBL219973,GR,8.300,,1,0,Active,exact,CC(C)(CC(O)(Cn1ccc(=O)c2ccccc21)C(F)(F)F)c1cc(F)ccc1O
CHEMBL303071,GR,7.330,,1,0,Active,exact,COc1cccc2c1-c1ccc(NS(C)(=O)=O)cc1C(C1CCCCC1)O2
CHEMBL1186610,GR,,4.523,0,1,Inactive,censored,CCCC(CCC)C(=O)O[C@H]1C[C@H]2CC[C@@H](C1)[N+]2(C)C
CHEMBL629,GR,,4.523,0,1,Inactive,censored,CN(C)CCC=C1c2ccccc2CCc2ccccc21
CHEMBL3261425,GR,8.140,,3,0,Active,exact,Cc1nn(C2CCCC2)c(C)c1S(=O)(=O)N[C@@H](C)CNc1cccc2c1cnn2-c1ccc(F)nc1
CHEMBL5614270,GR,6.575,,2,0,Active,exact,Cc1ncccc1Nc1ccc2c(c1)CCC1=C3C[C@@H](O)C[C@]3(C)CC[C@]12Cc1ccccc1
CHEMBL2419307,GR,,5.000,0,1,,censored,CC1(F)OC(=O)C(c2ccc(F)cc2)=C1c1ccc2c(c1)NC(=O)CO2
CHEMBL564109,GR,,4.523,0,1,Inactive,censored,CCCCOC(=O)C(=O)Nc1cccc(-c2nnn[nH]2)c1
CHEMBL4070346,GR,9.760,,2,0,Active,exact,C[C@H](NC(=O)C(C)(F)F)[C@H](Oc1ccc2c(cnn2-c2cccc(C(=O)N3CCC[C@@H]3C(N)=O)c2)c1)c1ccc2c(c1)OCCO2
CHEMBL1668073,GR,8.100,,1,0,Active,exact,Cc1cc(C)c(S(=O)(=O)N[C@@H](C)CNc2cc(C)cc3c2cnn3-c2ccc(NC3CC3)cc2)c(C)c1
CHEMBL194012,GR,7.620,,2,0,Active,exact,C[C@H]1OC2(CCC3=Cc4c(cnn4-c4ccc(F)cc4)C[C@@]32C)O[C@@H]1C
CHEMBL2426626,GR,7.770,,1,1,Active,exact,CC(C)(C(=O)Nn1ncnn1)C(c1ccccc1)c1ccc2c(cnn2-c2ccc(F)cc2)c1
CHEMBL342426,GR,6.200,,2,0,Active,exact,CC1=CC(C)(C)Nc2ccc3c(c21)/C(=C/c1ccc(F)c(F)c1)Oc1ccccc1-3
CHEMBL1400945,GR,5.030,,2,0,,exact,CC(=O)[C@H]1[C@H](C#N)C[C@H]2[C@@H]3CC=C4C[C@@H](O)CC[C@]4(C)[C@H]3CC[C@@]21C
CHEMBL1085699,GR,,4.523,0,1,Inactive,censored,COC(=O)C1=C(C)NC(C)=C(C(=O)OCCN2CCN(C(c3ccccc3)c3ccccc3)CC2)C1c1cccc([N+](=O)[O-])c1
CHEMBL2106667,GR,,4.523,0,1,Inactive,censored,COS(=O)(=O)[O-].COc1cc(N)cn[n+]1-c1ccccc1
CHEMBL265125,GR,9.660,,1,0,Active,exact,C#C[C@]1(O)CC[C@H]2[C@@H]3CCC4=CC(=O)CCC4=C3[C@@H](c3ccc(N(C)CCOC4CC[C@@]5(C)[C@H](CC[C@@H]6[C@@H]5CC[C@]5(C)[C@@H]([C@H](C)CCC(=O)O)CC[C@@H]65)C4)cc3)C[C@@]21C
CHEMBL1371,GR,,5.000,0,1,,censored,O=c1[nH]c2cc(Cl)ccc2o1
CHEMBL111,GR,,4.523,0,1,Inactive,censored,Cc1c(C(=O)NN2CCCCC2)nn(-c2ccc(Cl)cc2Cl)c1-c1ccc(Cl)cc1
CHEMBL2426137,GR,8.400,,5,1,Active,exact,CC(C)(C(=O)Nc1nccs1)C(c1ccccc1)c1ccc2c(-c3ccc(F)cc3)ncn2c1
CHEMBL1086313,GR,,5.000,0,2,,censored,N#Cc1ccc(-c2ccc3c(cnn3-c3ccc(F)cc3)c2)cc1
CHEMBL1257454,GR,8.150,,4,0,Active,exact,COc1ccc(F)cc1C(C)(C)CC(O)(CNc1cccc2nc(C)ccc12)C(F)(F)F
CHEMBL4208798,GR,8.105,,4,0,Active,exact,COc1ccc([C@@H](Oc2ccc3c(cnn3-c3ccc(F)cc3)c2)[C@@H](NC(=O)C(C)(F)F)C(C)C)cn1
CHEMBL1697832,GR,7.500,,1,0,Active,exact,C[C@]12C=CC(=O)C=C1C(Cl)=C[C@@H]1[C@@H]2[C@@H](O)C[C@@]2(C)[C@H]1CC[C@]2(O)C(=O)CO
CHEMBL5889363,GR,5.560,,1,0,,exact,Cc1nn(C)c2ncc(C(=O)NC3CCCCC3)c(Cl)c12
CHEMBL6437,GR,,4.523,0,1,Inactive,censored,CN1CCN2c3ccccc3Cc3ccccc3C2C1
CHEMBL1257453,GR,7.950,,4,0,Active,exact,CC(C)(CC(O)(CNc1cccc2ncccc12)C(F)(F)F)c1cc(F)ccc1O
CHEMBL499,GR,,4.523,0,1,Inactive,censored,CC(C)(C)NC[C@H](O)COc1nsnc1N1CCOCC1
CHEMBL103232,GR,7.170,,1,0,Active,exact,CC1=CC(C)(C)Nc2ccc3c(c21)C(c1ccc(Br)cc1)Oc1ccccc1-3
CHEMBL2426652,GR,7.250,,3,1,Active,exact,COc1ccc(-n2ncc3cc(C(c4ccccc4)C(C)(C)C(=O)Nc4nncs4)ccc32)cc1
CHEMBL465927,GR,7.800,,1,0,Active,exact,CCCN(CC(O)(CNC(=O)c1cnn(-c2ccc(F)cc2)c1N)C(F)(F)F)C(=O)c1c(F)cccc1F
CHEMBL3093443,GR,7.820,,1,1,Active,exact,Cc1cc(C)c(S(=O)(=O)NC(Cc2c[nH]c3ccccc23)C(F)(F)F)c(C)c1
CHEMBL3623004,GR,5.040,,1,0,,exact,C[C@@H]1Cc2c([nH]c3ccccc23)[C@@H](c2c(F)cc(/C=C/C(=O)O)cc2F)N1CC(C)(C)F
CHEMBL6064323,GR,7.600,,2,0,Active,exact,CC(C)[C@H](NC(=O)C(C)(F)F)[C@H](Oc1ccc2c(cnn2-c2ccc(=O)n(C)c2)c1)c1ccc(Cl)cc1
CHEMBL183540,GR,8.040,,1,0,Active,exact,CC#C[C@]1(O)CC[C@H]2[C@@H]3CCC4=CC(=O)CCC4=C3[C@@H](c3ccc(OC[C@@H](O)C[C@@H](O)CC(=O)O)cc3)C[C@@]21C
CHEMBL190838,GR,8.100,,1,0,Active,exact,Cc1noc(=O)c2ccc(NC(=O)C(O)(CC3CCCc4ccccc43)C(F)(F)F)cc12
CHEMBL257462,GR,8.800,,1,0,Active,exact,CC(C)(C)c1ccc(S(=O)(=O)N2CCC3=Cc4c(cnn4-c4ccc(F)cc4)C[C@]3(CN3CCCCC3)C2)cc1
CHEMBL219561,GR,7.960,,1,0,Active,exact,COc1ccc(C)c(C(C)(C)CC(O)(Cn2ccc(=O)c3ccccc32)C(F)(F)F)c1
CHEMBL1094536,GR,7.520,,1,0,Active,exact,Cl.N#Cc1cc(C(O)(c2ccc3c(cnn3-c3ccc(F)cc3)c2)C(F)(F)F)ccc1F
CHEMBL5774397,GR,6.560,,1,0,Active,exact,COc1ccnc(Cn2nc(C)c3c(Cl)c(C(=O)Nc4ccc(Cl)cc4)cnc32)c1OC
CHEMBL236201,GR,7.255,,4,0,Active,exact,C[C@]12Cc3cnn(-c4ccc(F)cc4)c3C=C1CC[C@@H]2[C@H](O)c1cccc2ccccc12
CHEMBL1318939,GR,,4.523,0,1,Inactive,censored,Cn1c(=O)c2c(ncn2CCOC(=O)C(C)(C)Oc2ccc(Cl)cc2)n(C)c1=O
CHEMBL3126943,GR,7.625,,2,0,Active,exact,Cc1ccccc1C(C)(C)CC(O)(Cc1cc2ncncc2[nH]1)C(F)(F)F
CHEMBL259972,GR,,4.523,0,1,Inactive,censored,COc1ccc(-c2noc(CC(=O)O)c2-c2ccc(OC)cc2)cc1
CHEMBL5794595,GR,7.500,,1,0,Active,exact,CC(C)(C(=O)NC(N)=O)C1c2ccccc2Oc2ccccc21
CHEMBL5758682,GR,6.560,,1,0,Active,exact,COc1ccc(-n2nc(C)c3c(Cl)c(C(=O)Nc4ccc(C(C)C)cc4)cnc32)cc1
CHEMBL3933702,GR,10.150,,1,0,Active,exact,CC#C[C@]1(O)CC[C@H]2[C@@H]3CCc4cc(C(=O)Nc5cccnc5C)ccc4[C@H]3[C@@H](OCc3ccc(Cl)cc3)C[C@@]21C
CHEMBL218214,GR,8.980,,2,0,Active,exact,CC#C[C@]1(O)CC[C@H]2[C@@H]3CCC4=CC(=O)CCC4=C3[C@@H](c3ccc(SC)cc3)C[C@@]21C
CHEMBL1382,GR,,4.523,0,1,Inactive,censored,Cc1ccc(O)c([C@H](CCN(C(C)C)C(C)C)c2ccccc2)c1
CHEMBL29292,GR,4.700,,1,0,Inactive,exact,CC(C)C[C@H](NC(=O)[C@@H](O)[C@H](N)Cc1ccccc1)C(=O)O
CHEMBL221492,GR,8.975,,2,0,Active,exact,CC#C[C@]1(O)CC[C@H]2[C@@H]3CCC4=CC(=O)CCC4=C3[C@@H](c3cc(C)c(OC)c(C)c3)C[C@@]21C
CHEMBL8007,GR,8.720,,1,0,Active,exact,C=CCC1Oc2cccc(Cl)c2-c2ccc3c(c21)C(C)=CC(C)(C)N3
CHEMBL5809552,GR,5.560,,1,0,,exact,Cc1nn(-c2ccc(Br)cc2)c2ncc(C(=O)Nc3ccc(C(C)C)cc3)c(Cl)c12
CHEMBL3666818,GR,8.460,,2,0,Active,exact,C[C@H](NC(=O)C(C)(F)F)[C@H](Oc1ccc2c(cnn2-c2cccc(C(=O)N[C@H]3CCC[C@@H]3O)c2)c1)c1ccc2c(c1)OCOC2
CHEMBL3093440,GR,7.610,,2,0,Active,exact,CC(Cc1c[nH]c2ccccc12)NS(=O)(=O)c1c(N)cc(Cl)cc1Cl
CHEMBL3735209,GR,8.695,,2,0,Active,exact,O=C(c1nccs1)[C@]12Cc3cnn(-c4ccc(F)cc4)c3C=C1CCN(S(=O)(=O)c1ccc(C(F)(F)F)cc1)C2
CHEMBL4780682,GR,7.050,,1,0,Active,exact,Cc1ccc([C@@H](Oc2ccc(C(=O)N[C@@H]3CCCN(C(=O)[C@H]4CCC(=O)O4)C3)nc2)[C@H](C)NC(=O)C(F)(F)F)cc1
CHEMBL1682440,GR,6.800,,1,0,Active,exact,C[C@H]1c2c(cc(Cl)c(-c3cccc4cc[nH]c34)c2Cl)NC(C)(C)[C@@H]1O
CHEMBL247236,GR,5.710,,1,0,,exact,CS(=O)(=O)Nc1ccccc1S(=O)(=O)N1CCC2=CC(=O)CCC2(Cc2ccccc2)C1
CHEMBL409123,GR,9.960,,1,0,Active,exact,C#C[C@]1(O)CC[C@H]2[C@@H]3CCC4=CC(=O)CCC4=C3[C@@H](c3ccc(N(C)CCC[C@@]4(O)CC[C@@]5(C)[C@H](C[C@@H](O)[C@@H]6[C@@H]5C[C@H](O)[C@]5(C)[C@@H]([C@H](C)CCC(=O)O)CC[C@@H]65)C4)cc3)C[C@@]21C
CHEMBL372368,GR,,5.699,0,1,,censored,CC(C)(CC(O)C(=O)Nc1ccc2c(c1)COC2=O)c1ccccc1
CHEMBL5788844,GR,6.560,,1,0,Active,exact,Cc1nn(Cc2ccco2)c2ncc(C(=O)Nc3ccc(Cl)cc3)c(Cl)c12
CHEMBL416146,GR,,4.523,0,1,Inactive,censored,Cc1ccc(-c2ncc(Cl)cc2-c2ccc(S(C)(=O)=O)cc2)cn1
CHEMBL3358951,GR,6.335,,2,0,Active,exact,CC(C)S(=O)(=O)c1cc2cc(CC(O)(CC(C)(C)c3ccc(F)cc3C(N)=O)C(F)(F)F)[nH]c2cn1
CHEMBL35,GR,,4.523,0,1,Inactive,censored,NS(=O)(=O)c1cc(C(=O)O)c(NCc2ccco2)cc1Cl
CHEMBL233660,GR,6.620,,1,0,Active,exact,CC(Cc1c[nH]c2ccccc12)NS(=O)(=O)c1c(Cl)cccc1Cl
CHEMBL2022658,GR,8.360,,1,0,Active,exact,C[C@]12Cc3cnn(C4CCCCC4)c3C=C1CC[C@@H]1[C@@H]2[C@@H](O)C[C@@]2(C)[C@H]1CC[C@]2(O)C(=O)CSc1ccccn1
CHEMBL3647447,GR,8.040,,1,0,Active,exact,Cc1ncccc1NC(=O)c1ccc2c(c1)C=C[C@@H]1C[C@@](O)(C(F)(F)F)CC[C@@]21Cc1ccccc1
CHEMBL114941,GR,7.290,,1,0,Active,exact,CCCCC1Oc2ccc(C)cc2-c2ccc3c(c21)C(C)=CC(C)(C)N3
CHEMBL501080,GR,6.720,,1,0,Active,exact,CCC1(c2ccco2)OCC(=O)Nc2ccc(-c3cc(F)cc(C#N)c3)cc21
CHEMBL1083709,GR,7.600,,2,0,Active,exact,CC(C)S(=O)(=O)Nc1ccc(-c2ccc3c(cnn3-c3ccc(F)cc3)c2)c(C(F)(F)F)c1
CHEMBL3605923,GR,7.400,,1,0,Active,exact,COc1cc(NS(C)(=O)=O)c2[nH]c(C)c(-c3ccccc3)c2c1
CHEMBL537887,GR,6.960,,1,0,Active,exact,C=CCOC(C)C1=CC(C)(C)Nc2ccc(-c3cc(F)ccc3OC)cc21.Cl
CHEMBL1911657,GR,7.900,,2,0,Active,exact,Cc1cc2c(c(C(C)(C)CC(O)(Cc3cc4ccccc4[nH]3)C(F)(F)F)c1)OCC2
CHEMBL2426156,GR,6.540,,1,1,Active,exact,CC(C)(C(=O)Nc1nccs1)C(c1ccccc1)c1cc(-c2ccc(F)cc2)c2ncccc2c1
CHEMBL427554,GR,7.240,,1,0,Active,exact,CC(C)(CC(O)(CCc1ccccc1)C(=O)Nc1ccc2c(c1)COC2=O)c1ccccc1
CHEMBL402351,GR,8.890,,1,0,Active,exact,O=S(=O)(c1ccc(N2CCOCC2)cc1)N1CCC2=Cc3c(cnn3-c3ccc(F)cc3)CC2(Cc2ccc(F)cc2)C1
CHEMBL2024025,GR,7.210,,1,0,Active,exact,C[C@]12CCC(=O)C=C1CC[C@@H]1[C@@H]2[C@@H](O)C[C@@]2(C)[C@H]1CC[C@]2(O)C(=O)CSc1nc2ncccc2o1
CHEMBL6,GR,,4.523,0,1,Inactive,censored,COc1ccc2c(c1)c(CC(=O)O)c(C)n2C(=O)c1ccc(Cl)cc1
CHEMBL3261416,GR,7.920,,3,0,Active,exact,Cc1cc(C)c(S(=O)(=O)N[C@H](CNc2cccc3c2cnn3-c2ccc(F)cc2)C(C)C)c(C)c1
CHEMBL4069516,GR,8.510,,2,0,Active,exact,Cc1cnc(C(=O)[C@]23Cc4cnn(-c5ccc(F)cc5)c4C=C2CCN(S(=O)(=O)c2ccc(F)c(F)c2)C3)s1
CHEMBL5315124,GR,,4.523,0,1,Inactive,censored,C[C@H]1COc2c(N3CCN(C)CC3)c(F)cc3c(=O)c(C(=O)O)cn1c23.C[C@H]1COc2c(N3CCN(C)CC3)c(F)cc3c(=O)c(C(=O)O)cn1c23.O
CHEMBL1682422,GR,6.500,,1,0,Active,exact,Cc1cc(-c2cccc3cc[nH]c23)c(/C=N/O)c2c1NC(C)(C)[C@H](O)[C@H]2C
CHEMBL65381,GR,6.250,,1,0,Active,exact,CCNc1ccc2c(c1)C(c1ccccc1)Oc1cccc(OC)c1-2
CHEMBL3706941,GR,8.820,,1,0,Active,exact,COc1c(O)ccc2c1-c1ccc3c(c1/C(=C/c1ccc(F)cc1/C=N/O)O2)C(C)=CC(C)(C)N3
CHEMBL10878,GR,,4.523,0,1,Inactive,censored,COc1ccc2cccc(CCNC(C)=O)c2c1
CHEMBL395506,GR,7.470,,1,0,Active,exact,C=CCOC(C)C1=CC(C)(C)Nc2ccc(-c3cc(F)ccc3OC)cc21
CHEMBL5925981,GR,7.000,,2,0,Active,exact,CCn1cc(-n2ncc3cc(O[C@H](c4ccccc4)[C@@H](NC(=O)C(C)(F)F)C(C)C)ccc32)ccc1=O
CHEMBL305417,GR,6.960,,1,0,Active,exact,Cc1cccc(CN(Cc2ccccc2)c2cccc(NS(C)(=O)=O)c2C)c1
CHEMBL2105022,GR,,4.523,0,1,Inactive,censored,C1=Cc2cccc(OCC3CNCCO3)c2C1
CHEMBL413965,GR,,4.523,0,1,Inactive,censored,O=C(O)Cc1ccc(-c2ccccc2)cc1
CHEMBL1201314,GR,,4.523,0,1,Inactive,censored,CC(C)[C@H](N)C(=O)OCC(CO)OCn1cnc2c(=O)[nH]c(N)nc21
CHEMBL4483495,GR,6.500,,1,0,Active,exact,CNC(=O)C[C@H]1COc2cc(C)ccc2N1C(=O)c1ccc2c(c1)NC(=O)CO2
CHEMBL378586,GR,,5.699,0,1,,censored,C=CCSCC1=CC(C)(C)Nc2ccc(-c3ccccc3C)cc21
CHEMBL1457,GR,,4.523,0,1,Inactive,censored,COc1ccc2c3c1O[C@H]1C(=O)CC[C@H]4[C@@H](C2)N(C)CC[C@]314
CHEMBL3234858,GR,,5.301,0,1,,censored,COc1cc(OC)cc(-c2nnc([C@@]3(Cc4ccccc4)OC(=O)N([C@H](C)c4ccccc4)C3=O)o2)c1
CHEMBL3954977,GR,6.550,,1,0,Active,exact,CC#C[C@]1(O)CC[C@H]2[C@@H]3CCc4cc(C(=O)Nc5ncccc5C)ccc4[C@H]3[C@@H](O)C[C@@]21C
CHEMBL6016001,GR,,5.301,0,1,,censored,COc1c(C(=O)Nc2ccc(C(F)(F)F)cc2)cnc2c1c(C)nn2C1CCN(C)CC1
CHEMBL238804,GR,,4.523,0,1,Inactive,censored,CC(C)N(CCCCOCC(=O)NS(C)(=O)=O)c1cnc(-c2ccccc2)c(-c2ccccc2)n1
CHEMBL4172624,GR,8.710,,1,0,Active,exact,CC#C[C@]1(O)CC[C@H]2[C@@H]3CCC4=CC(=O)CCC4=C3[C@@H](c3ccc(C(C)C)cc3)C[C@@]21C
CHEMBL362988,GR,8.510,,1,0,Active,exact,C[C@@H]1C[C@H](C)O[C@@]2(CCC3=Cc4c(cnn4-c4ccc(F)cc4)C[C@@]32C)O1
CHEMBL372795,GR,,4.523,0,1,Inactive,censored,CN[C@@H]1[C@H](O[C@H]2[C@H](O[C@H]3[C@H](O)[C@@H](O)[C@H](N=C(N)N)[C@@H](O)[C@@H]3N=C(N)N)O[C@@H](C)[C@]2(O)C=O)O[C@@H](CO)[C@H](O)[C@H]1O
CHEMBL1697754,GR,,4.523,0,1,Inactive,censored,CC(C)OC(=O)C(C(=O)OC(C)C)=C1SC=CS1
CHEMBL5912388,GR,6.560,,1,0,Active,exact,Cc1nn(CCOCc2ccccc2)c2ncc(C(=O)Nc3ccc(C(C)C)cc3)c(Cl)c12
CHEMBL422444,GR,6.240,,2,0,Active,exact,CSc1ccccc1/C=C1\Oc2ccc(F)cc2-c2ccc3c(c21)C(C)=CC(C)(C)N3
CHEMBL3706960,GR,9.050,,1,0,Active,exact,COc1c(O)ccc2c1-c1ccc3c(c1/C(=C/c1cc(F)cc4c1OCOC4)O2)C(C)=CC(C)(C)N3
CHEMBL1800982,GR,7.900,,5,0,Active,exact,CC(C)(C(=O)Nc1nncs1)[C@@H](c1ccccc1)c1ccc(O)c(Br)c1
CHEMBL2204040,GR,8.520,,1,0,Active,exact,Cc1cccc(Cc2c(=O)[nH]c(=O)[nH]c2[C@H]2CC[C@@H](c3ccccc3)CC2)c1
CHEMBL317578,GR,8.620,,1,0,Active,exact,COc1cccc2c1-c1ccc3c(c1C(c1cccc(OC(=O)N(C)C)c1)O2)C(C)=CC(C)(C)N3
CHEMBL232248,GR,,5.000,0,1,,censored,CC(Cc1c[nH]c2ccccc12)NS(=O)(=O)c1cc(Cl)cc(Cl)c1O
CHEMBL3358954,GR,7.260,,7,0,Active,exact,CCS(=O)(=O)c1cc2cc(C[C@](O)(CC(C)(C)c3ccc(F)cc3C(N)=O)C(F)(F)F)[nH]c2cn1
CHEMBL3263750,GR,,5.000,0,1,,censored,COc1cc(C2=NN(c3ccc(C#N)c(C)c3)[C@@H](C3CCCC3)C2)ccc1C(=O)O
CHEMBL4203918,GR,6.920,,3,0,Active,exact,COc1ccc([C@@H](Oc2ccc3c(cnn3-c3ccc(F)cc3)c2)[C@@H](NC(=O)C(C)(F)F)OC(C)(C)C)cn1
CHEMBL3918276,GR,7.500,,1,0,Active,exact,NC(=O)C[C@H]1COc2cc(Cl)ccc2N1C(=O)c1ccc2c(c1)NC(=O)CO2
CHEMBL5796764,GR,5.560,,1,0,,exact,O=C(Nc1ccc(C(F)(F)F)cc1)c1cnc2c(ncn2Cc2ccc(F)cc2)c1Cl
CHEMBL501745,GR,8.240,,1,0,Active,exact,C[C@H]1C[C@H]2[C@@H]3CCC4=CC(=O)C=C[C@]4(C)[C@@]3(F)[C@@H](O)C[C@]2(C)[C@@]1(OC(=O)NC(C)(C)CC(C)(C)C)C(=O)CO
CHEMBL1254345,GR,7.700,,2,0,Active,exact,CC(C)(CC(O)(Cc1cc2ccncc2[nH]1)C(F)(F)F)c1cc(-c2cncnc2)ccc1O
CHEMBL243469,GR,9.000,,1,0,Active,exact,COc1c(O)ccc2c1-c1ccc3c(c1/C(=C/c1sccc1COCCO)O2)C(C)=CC(C)(C)N3
CHEMBL134602,GR,6.185,,2,0,Active,exact,CC1=CC(C)(C)Nc2ccc3c(c21)/C(=C/c1ccccc1)Oc1ccc(F)cc1-3
CHEMBL5932806,GR,6.560,,1,0,Active,exact,Cn1nc(F)c2c(Cl)c(C(=O)Nc3ccc(Cl)cc3)cnc21
CHEMBL5753154,GR,6.560,,1,0,Active,exact,Cc1nn(Cc2ccccc2)c2ncc(C(=O)Nc3ccc(C(C)C)cc3)c(Cl)c12
CHEMBL438386,GR,8.420,,1,0,Active,exact,CN(C)CCNC[C@]12Cc3cnn(-c4ccc(F)cc4)c3C=C1CCN(S(=O)(=O)c1ccc(C(C)(C)C)cc1)C2
CHEMBL3907432,GR,8.290,,1,0,Active,exact,COCCC(=O)N[C@@H](C)[C@H](Oc1ccc2c(cnn2-c2ccc(F)cc2)c1)c1ccccc1
CHEMBL4169685,GR,7.840,,1,0,Active,exact,COC(C)(C)C#C[C@]1(O)CC[C@H]2[C@@H]3CCC4=CC(=O)CC[C@@H]4[C@H]3[C@@H](c3ccc(N(C)C)cc3)C[C@@]21C
CHEMBL194804,GR,8.050,,1,0,Active,exact,Cc1noc(=O)c2ccc(NC(=O)C(O)(CC3CCCCC3)CC(C)(C)c3ccccc3)cc12
CHEMBL5762408,GR,8.770,,1,0,Active,exact,CC(C)(C(=O)NC(N)=O)[C@@H]1c2ccc(-c3ccc(N4CCCCC4)nc3)nc2Oc2c(F)cccc21
CHEMBL454,GR,,5.000,0,1,,censored,C=CCC1(CC(C)C)C(=O)NC(=O)NC1=O
CHEMBL3736457,GR,8.500,,2,0,Active,exact,O=C(c1cocn1)[C@]12Cc3cnn(-c4ccc(F)cc4)c3C=C1CCN(S(=O)(=O)c1ccc(C(F)(F)F)cc1)C2
CHEMBL3545181,GR,,4.523,0,1,Inactive,censored,C[N+]1(C)[C@@H]2C[C@@H](OC(=O)C(O)(c3cccs3)c3cccs3)C[C@H]1[C@@H]1O[C@@H]12.O.[Br-]
CHEMBL1077896,GR,,4.523,0,1,Inactive,censored,CCCN1CCCC[C@H]1C(=O)Nc1c(C)cccc1C
CHEMBL302166,GR,5.840,,1,0,,exact,COc1cccc2c1-c1ccc(NS(C)(=O)=O)cc1C(c1ccccn1)O2
CHEMBL219084,GR,7.470,,1,0,Active,exact,Cc1cn(CC(O)(CC(C)(C)c2cccc3c2OCC3)C(F)(F)F)cc(C)c1=O
CHEMBL233390,GR,8.320,,2,0,Active,exact,C[C@]12Cc3cnn(-c4ccc(F)cc4)c3C=C1CCC[C@@H]2[C@@H](O)c1ccsc1
CHEMBL4081430,GR,5.100,,1,0,,exact,N#Cc1ccc(S(=O)(=O)N(Cc2ccc(Br)cc2)c2ccc(Oc3ccccc3)cc2)cc1
CHEMBL3735710,GR,8.830,,2,0,Active,exact,COc1cccc(S(=O)(=O)N2CCC3=Cc4c(cnn4-c4ccc(F)cc4)C[C@]3(C(=O)c3ccccn3)C2)c1
CHEMBL264374,GR,,5.000,0,1,,censored,CC(C)(Oc1ccc(CCNC(=O)c2ccc(Cl)cc2)cc1)C(=O)O
CHEMBL4211798,GR,7.820,,1,0,Active,exact,C[C@]12C=CC(=O)C=C1[C@@H](F)C[C@H]1[C@@H]3C[C@H]4CN(CC5CC5)C[C@@]4(C(=O)CO)[C@@]3(C)C[C@H](O)[C@@]12F
CHEMBL3582113,GR,6.875,,2,0,Active,exact,Cc1noc(C)c1-c1cc2c(c3c1CCCC3)NC(C)(C)C(=O)C2(C)C
CHEMBL5991277,GR,6.560,,1,0,Active,exact,Cc1nn(Cc2nccs2)c2ncc(C(=O)Nc3ccc(C(F)(F)F)cc3)c(Cl)c12
CHEMBL5996125,GR,6.560,,1,0,Active,exact,Cc1nn(C2CCSCC2)c2ncc(C(=O)Nc3ccc(Cl)cc3)c(Cl)c12
CHEMBL3261166,GR,7.070,,1,0,Active,exact,Cc1cc(C)c(S(=O)(=O)N[C@@H](C)COc2c(C)cccc2C)c(C)c1
CHEMBL4462110,GR,6.800,,1,0,Active,exact,CNC(=O)C[C@H]1COc2ccc(Cl)cc2N1C(=O)c1ccc2c(c1)NC(=O)CO2
CHEMBL461012,GR,8.500,,1,0,Active,exact,CCN(CC(O)(CNC(=O)c1cnn(-c2ccc(F)cc2)c1N)C(F)(F)F)C(=O)c1c(Cl)cccc1Cl
CHEMBL1885632,GR,,4.523,0,1,Inactive,censored,CC(=O)Nc1ccc(CC(=O)O)cc1
CHEMBL377154,GR,7.300,,4,0,Active,exact,Cc1noc(=O)c2ccc(NC(=O)C(O)(CC3(C)CCCc4ccccc43)C(F)(F)F)cc12
CHEMBL3261171,GR,6.435,,2,0,Active,exact,Cc1cc(C)c(S(=O)(=O)N[C@@H](C)CNc2cccc3ncccc23)c(C)c1
CHEMBL3578285,GR,5.310,,1,0,,exact,C[C@H](c1ccc(F)cc1)N1C(=O)O[C@](Cc2ccccc2)(c2nc3cc(N4CCOCC4)ccc3[nH]2)C1=O
CHEMBL50786,GR,5.080,,1,0,,exact,C=C1C=C(C)CC(C)(C)C1Cc1ccc2nonc2c1
CHEMBL5612444,GR,5.840,,1,0,,exact,Cc1ccncc1Nc1ccc2c(c1)CCC1=C3C[C@@H](O)C[C@]3(C)CC[C@]12C
CHEMBL2426640,GR,7.385,,2,0,Active,exact,CC(C)(C(=O)Nc1nccs1)C(c1ccc2c(cnn2-c2ccc(F)cc2)c1)C1CCCC1
CHEMBL4449031,GR,9.390,,1,0,Active,exact,O[C@@]1(c2ccccc2)CCCC[C@@]12C=Cc1c(cnn1-c1ccc(F)cc1)C2
CHEMBL1200845,GR,8.960,,2,0,Active,exact,CC1(C)O[C@@H]2C[C@H]3[C@@H]4CCC5=CC(=O)CC[C@]5(C)[C@@]4(F)[C@@H](O)C[C@]3(C)[C@]2(C(=O)CCl)O1
CHEMBL4170986,GR,7.790,,1,0,Active,exact,Cc1ccc([C@H]2C[C@@]3(C)[C@@H](CC[C@@]3(O)C#CC(C)(C)C)[C@@H]3CCC4=CC(=O)CCC4=C32)cc1
CHEMBL1668077,GR,8.200,,1,0,Active,exact,Cc1cc(C)c(S(=O)(=O)N[C@@H](C)CNc2cc(C)cc3c2cnn3-c2cccc(NC(C)C)c2)c(C)c1
CHEMBL23588,GR,,4.523,0,1,Inactive,censored,O=C(O)c1ccccc1Nc1cccc(C(F)(F)F)c1
CHEMBL5278086,GR,,5.000,0,2,,censored,O=C(c1ccco1)N1CCCc2cc(NS(=O)(=O)c3ccc(F)cc3)ccc21
CHEMBL302248,GR,7.440,,1,0,Active,exact,Cc1c(NS(C)(=O)=O)cccc1N(Cc1ccccc1)Cc1ccccc1Cl
CHEMBL386915,GR,7.820,,1,0,Active,exact,COc1ccc(F)cc1C(C)(C)CC(O)(CN1CCOc2ccccc21)C(F)(F)F
CHEMBL1917415,GR,8.220,,2,0,Active,exact,C[C@]12C=CC(=O)C=C1CC[C@@H]1[C@@H]2[C@@H](O)C[C@@]2(C)[C@H]1CC[C@]2(OC(=O)c1ccco1)C(=O)CSc1nccc2ccccc12
CHEMBL2426643,GR,7.550,,2,0,Active,exact,CC(C)(C(=O)Nc1ccsc1)C(c1ccccc1)c1ccc2c(cnn2-c2ccc(F)cc2)c1
CHEMBL71871,GR,7.250,,2,0,Active,exact,CS(=O)(=O)Nc1cccc(N(Cc2ccccc2)Cc2ccccc2)c1CO
CHEMBL1257342,GR,7.800,,1,1,Active,exact,CC(C)(CC(O)(CNc1cccc2ccccc12)C(F)(F)F)c1cc(F)ccc1O
CHEMBL308145,GR,5.660,,1,0,,exact,CS(=O)(=O)Nc1cccc(N(Cc2ccccc2)Cc2ccccc2)c1
CHEMBL2426124,GR,8.035,,4,0,Active,exact,CC(C)(CNC(=O)CC(F)(F)F)[C@@H](c1ccccc1)c1ccc2c(cnn2-c2ccc(F)cc2)c1
CHEMBL4438320,GR,8.020,,1,0,Active,exact,O[C@]1(c2ccccc2)CCCCC[C@@]12C=Cc1c(cnn1-c1ccc(F)cc1)C2
CHEMBL3647448,GR,8.340,,1,0,Active,exact,Cc1ncc(NC(=O)c2ccc3c(c2)CC[C@@H]2C[C@@](O)(CCC(F)(F)F)CC[C@@]32Cc2ccccc2)c(C)n1
CHEMBL5271610,GR,5.940,,3,0,,exact,COc1cc(C)c(Cl)cc1S(=O)(=O)Nc1ccc2c(c1)CCCN2C(=O)c1cccs1
CHEMBL61006,GR,,4.523,0,1,Inactive,censored,CC(N)C(O)c1ccccc1
CHEMBL1742461,GR,,5.000,0,1,,censored,O=C(C[S+]([O-])Cc1ccco1)NC/C=C\COc1cc(CN2CCCCC2)ccn1
CHEMBL3233270,GR,6.975,,2,0,Active,exact,CCC(O)(Cc1cc2ccncc2[nH]1)CC(C)(C)c1cc(F)ccc1OC
CHEMBL392289,GR,7.720,,1,0,Active,exact,COc1ccc(F)cc1C(C)(C)CC(O)(Cc1ccc(C=O)cc1Cl)C(F)(F)F
CHEMBL138737,GR,,5.301,0,1,,censored,COc1cccc2c1-c1ccc3c(c1C(CC(=O)O)O2)C(C)=CC(C)(C)N3
CHEMBL5879844,GR,6.560,,1,0,Active,exact,Cc1cccc(Cn2ncc3c(Cl)c(C(=O)Nc4ccc(Cl)cc4)cnc32)n1
CHEMBL255521,GR,8.050,,1,0,Active,exact,C[C@]12Cc3cnn(-c4ccc(F)cc4)c3C=C1CCN(S(=O)(=O)c1ccc(F)cc1)C2
CHEMBL4066740,GR,,4.523,0,1,Inactive,censored,N#Cc1ccc(S(=O)(=O)N(Cc2ccccc2Cl)c2ccc(Oc3ccccc3)cc2)cc1
CHEMBL1098,GR,,4.523,0,1,Inactive,censored,CCCCN1CCCCC1C(=O)Nc1c(C)cccc1C
CHEMBL1940697,GR,8.220,,1,0,Active,exact,C[C@@H]1C[C@H]2[C@@H]3CCC4=CC(=O)C=C[C@]4(C)[C@H]3[C@@H](O)C[C@]2(C)[C@@]1(O)C(=O)CSc1nc2ncccc2o1
CHEMBL5810253,GR,6.560,,1,0,Active,exact,Cc1nn(Cc2c[nH]nn2)c2ncc(C(=O)Nc3ccc(Cl)cc3)c(Cl)c12
CHEMBL110691,GR,7.590,,2,0,Active,exact,CC(=O)O[C@]1(C(C)=O)CC[C@H]2[C@@H]3C=C(Cl)C4=CC(=O)CC[C@]4(C)[C@H]3CC[C@@]21C
CHEMBL1649689,GR,4.600,,1,0,Inactive,exact,C[C@H](CCC(=O)N1CCOCC1)[C@H]1CC[C@H]2[C@@H]3[C@@H](O)C[C@@H]4C[C@H](O)CC[C@]4(C)[C@H]3CC[C@]12C
CHEMBL4446696,GR,6.000,,1,0,Active,exact,O[C@]1(c2ccccc2)CCCC[C@@]12C=Cc1c(cnn1-c1ccc(F)cc1)C2
CHEMBL6047855,GR,6.560,,1,0,Active,exact,COc1ccc(Cn2ccnc2Cn2nc(C)c3c(Cl)c(C(=O)Nc4ccc(Cl)cc4)cnc32)cc1
CHEMBL3735251,GR,8.030,,2,0,Active,exact,O=C(c1cncs1)[C@]12Cc3cnn(-c4ccc(F)cc4)c3C=C1CCN(S(=O)(=O)c1ccc(C(F)(F)F)cc1)C2
CHEMBL5289120,GR,5.650,,2,1,,exact,CCCCS(=O)(=O)N(c1ccc2c(c1)CCCN2C(=O)c1ccco1)S(=O)(=O)CCCC
CHEMBL267894,GR,,5.000,0,1,,censored,CCC1(CCC(C)C)C(=O)NC(=O)NC1=O
CHEMBL3421875,GR,8.405,,2,0,Active,exact,CC[C@@]12C[C@@](C)(O)[C@](O)(c3ccc(C)cc3)C[C@H]1CCc1cc(O)ccc12
CHEMBL3421879,GR,8.820,,3,0,Active,exact,CC[C@@]12C[C@@](C)(O)[C@](O)(c3nccs3)C[C@H]1CCc1cc(O)ccc12
CHEMBL204571,GR,,5.699,0,1,,censored,COc1ccccc1-c1ccc2c(c1)C(CSCc1ccccc1)=CC(C)(C)N2
CHEMBL6000315,GR,8.760,,1,0,Active,exact,CC(C)(C(=O)NC(N)=O)[C@@H]1c2ccc(-c3ccncc3)nc2Oc2c(F)cccc21
CHEMBL19954,GR,4.050,,1,0,Inactive,exact,COc1ccc2[nH]c3c(C)c4ccncc4c(C)c3c2c1
CHEMBL1200384,GR,8.000,,1,0,Active,exact,CCC(=O)OCC(=O)[C@@]1(OC(=O)CC)[C@@H](C)C[C@H]2[C@@H]3CCC4=CC(=O)C=C[C@]4(C)[C@@]3(F)[C@@H](O)C[C@@]21C
CHEMBL540184,GR,7.640,,1,0,Active,exact,C[C@H]1C[C@@H]2[C@H]3CCC4=CC(=O)C=C[C@@]4(C)[C@]3(F)[C@H](O)C[C@@]2(C)[C@]1(O)C(=O)CSCCNC(=S)NCCNC(=O)c1cc(NC(=O)c2cc(NC(=O)c3cc(NC(=O)c4cc(NC(=O)CCCNC(=O)c5nccn5C)cn4C)cn3C)cn2C)cn1C
CHEMBL905,GR,,4.523,0,1,Inactive,censored,CN(C)CCc1c[nH]c2ccc(Cn3cncn3)cc12
CHEMBL250104,GR,4.850,,1,0,Inactive,exact,O=C(O)CCc1cc(Br)c(OCc2cccc(Br)c2)c(Br)c1
CHEMBL1911653,GR,7.110,,1,1,Active,exact,COc1ccc(F)cc1C(C)(C)CC(O)(Cc1cc2ccc(C(F)(F)F)cc2[nH]1)C(F)(F)F
CHEMBL1566249,GR,,4.523,0,1,Inactive,censored,CCOC(=O)OC(C)OC1=C(C(=O)Nc2ccccn2)N(C)S(=O)(=O)c2ccccc21
CHEMBL335996,GR,6.805,,2,0,Active,exact,COc1ccccc1/C=C1\Oc2ccc(F)cc2-c2ccc3c(c21)C(C)=CC(C)(C)N3
CHEMBL2407651,GR,4.960,,1,1,Inactive,exact,C[C@H](c1ccc(F)cc1)N1C(=O)O[C@](Cc2ccc(F)cc2)(C(=O)NCc2ccc(Cl)c(Cl)c2)C1=O
CHEMBL5741257,GR,6.560,,1,0,Active,exact,Cc1nn(Cc2ccccc2)c2ncc(C(=O)Nc3ccc(Cl)cc3)c(Cl)c12
CHEMBL270668,GR,9.520,,1,0,Active,exact,COCCOC[C@]12Cc3cnn(-c4ccc(F)cc4)c3C=C1CCN(S(=O)(=O)c1ccc(C)cc1)C2
CHEMBL4217173,GR,8.460,,2,0,Active,exact,C[C@]12C=CC(=O)C=C1[C@@H](F)C[C@H]1[C@@H]3C[C@H]4CN(Cc5cccc(Cl)c5)C[C@@]4(C(=O)OCF)[C@@]3(C)C[C@H](O)[C@@]12F
CHEMBL1055,GR,,5.000,0,1,,censored,NS(=O)(=O)c1cc(C2(O)NC(=O)c3ccccc32)ccc1Cl
CHEMBL81111,GR,8.050,,1,0,Active,exact,C[C@]12Cc3cnn(-c4ccc(F)cc4)c3C=C1CCC[C@@H]2[C@@H](O)c1ccc(Cl)cc1
CHEMBL36994,GR,,4.523,0,1,Inactive,censored,COc1ccc(C(=O)N2CCCC2=O)cc1
CHEMBL5569768,GR,5.580,,1,0,,exact,O=C(Nc1ccc(C(=O)NC2CC2)s1)c1cccc(S(=O)(=O)N2CCCc3ccccc32)c1
CHEMBL1530428,GR,7.850,,1,0,Active,exact,CC(=O)OCC(=O)[C@@]1(O)[C@H](C)C[C@H]2[C@@H]3CCC4=CC(=O)C=C[C@]4(C)[C@@]3(F)[C@@H](O)C[C@@]21C
CHEMBL312399,GR,8.820,,1,0,Active,exact,C[C@]12Cc3cnn(-c4ccc(F)cc4)c3C=C1CCC[C@@H]2[C@@H](O)CCC1CC1
CHEMBL5812917,GR,,5.000,0,1,,censored,CC(C)C(=O)NCc1ccc(N2C(=S)N(c3ccc(C#N)c(C(F)(F)F)c3)C(=O)C2(C)C)cc1F
CHEMBL230030,GR,7.800,,1,0,Active,exact,Cn1c(=O)[nH]c(N2CCC(Cc3ccccc3)CC2)c(Cc2cccc(Cl)c2)c1=O
CHEMBL2426661,GR,7.695,,2,0,Active,exact,CC(C)(C(=O)Nc1nncs1)C(c1ccccc1)c1ccc2c(cnn2-c2ccc(F)cc2)c1
CHEMBL572356,GR,8.740,,2,0,Active,exact,C[C@]12Cc3cnn(-c4ccc(F)cc4)c3C=C1CCCC2[C@@H](O)c1csc2ccccc12
CHEMBL459,GR,,4.523,0,1,Inactive,censored,C[C@](N)(Cc1ccc(O)c(O)c1)C(=O)O
CHEMBL422,GR,,4.523,0,1,Inactive,censored,CN1CCN(CCCN2c3ccccc3Sc3ccc(C(F)(F)F)cc32)CC1
CHEMBL505,GR,,4.523,0,1,Inactive,censored,CN(C)CCC(c1ccc(Cl)cc1)c1ccccn1
CHEMBL203339,GR,6.000,,1,0,Active,exact,C=CCSCC1=CC(C)(C)Nc2ccc(-c3cccc(OC)c3)cc21
CHEMBL1684350,GR,8.170,,3,0,Active,exact,COc1ccc(NC(=O)O[C@@H]2[C@@H](C)c3c(cc(F)c(-c4cccc5c(Cl)c[nH]c45)c3F)NC2(C)C)cc1Cl
CHEMBL1469,GR,,4.523,0,1,Inactive,censored,O=C(O)CCCc1ccccc1
CHEMBL1645403,GR,7.450,,2,0,Active,exact,COc1ncc(C#N)cc1-c1ccc([C@@H](C)NS(=O)(=O)c2cn(C)nc2C(F)(F)F)cc1
CHEMBL1476022,GR,7.170,,1,0,Active,exact,CC(=O)O[C@]1(C(C)=O)CC[C@H]2[C@@H]3C=C(C)C4=CC(=O)CC[C@@H]4[C@H]3CC[C@@]21C
CHEMBL31,GR,,5.000,0,1,,censored,COc1c(N2CCNC(C)C2)c(F)cc2c(=O)c(C(=O)O)cn(C3CC3)c12
CHEMBL472801,GR,8.410,,1,1,Active,exact,CCC1(C(=O)Nc2nccs2)CC2c3ccccc3C1c1ccccc12
CHEMBL1085853,GR,7.700,,1,1,Active,exact,CCNS(=O)(=O)c1ccc(-c2ccc3c(cnn3-c3ccc(F)cc3)c2)c(C(F)(F)F)c1
CHEMBL3605934,GR,7.020,,1,0,Active,exact,CS(=O)(=O)Nc1cccc2c(-c3ccc(F)cc3)c[nH]c12
CHEMBL2426645,GR,7.695,,4,0,Active,exact,CC(C)(C(=O)Nc1nncs1)C(c1ccccc1)c1ccc2c(cnn2-c2ccc(Cl)cc2)c1
CHEMBL444286,GR,8.570,,1,0,Active,exact,C/C=C/[C@H]1OC2(CCC3=Cc4c(cnn4-c4ccc(F)cc4)C[C@@]32C)O[C@@H]1/C=C/C
CHEMBL4212204,GR,6.545,,2,0,Active,exact,CC(C)(C)OC[C@H](NC(=O)C(F)(F)F)[C@H](Oc1ccc(C#N)cc1Br)c1cnc(C2CC2)nc1
CHEMBL1460,GR,,5.000,0,1,,censored,O=c1[nH]cnc2c1ncn2[C@H]1CC[C@@H](CO)O1
CHEMBL1911152,GR,7.110,,5,0,Active,exact,CC(C)Oc1ccc(-c2ccc3c(n2)Oc2ccccc2[C@H]3C(C)(C)C(=O)Nc2nncs2)cc1
CHEMBL231296,GR,8.150,,1,0,Active,exact,COc1ccccc1C1CCN(c2[nH]c(=O)[nH]c(=O)c2Cc2ccccc2)CC1
CHEMBL520750,GR,8.100,,1,0,Active,exact,CCN(CC(O)(CNC(=O)c1cnn(-c2ccc(F)cc2)c1N)C(F)(F)F)C(=O)c1cccc(F)c1Cl
CHEMBL1684349,GR,7.940,,3,0,Active,exact,COc1ccc(NC(=O)O[C@@H]2[C@@H](C)c3c(cc(F)c(-c4cccc5cc[nH]c45)c3F)NC2(C)C)cc1Cl
CHEMBL277522,GR,,4.523,0,1,Inactive,censored,O=C(O)CCC(=O)c1ccc(-c2ccccc2)cc1
CHEMBL237496,GR,7.720,,2,0,Active,exact,CC1(CC(O)(Cc2ccnc3ccccc23)C(F)(F)F)CCCc2ccccc21
CHEMBL61,GR,7.850,,1,0,Active,exact,COc1cc([C@@H]2c3cc4c(cc3[C@H](O)[C@H]3COC(=O)[C@H]23)OCO4)cc(OC)c1OC
CHEMBL415621,GR,9.660,,1,0,Active,exact,C#C[C@]1(O)CC[C@H]2[C@@H]3CCC4=CC(=O)CCC4=C3[C@@H](c3ccc(N(C)CCCOC4CC[C@@]5(C)[C@@H](C4)C[C@@H](O)[C@@H]4[C@@H]5C[C@H](O)[C@]5(C)[C@@H]([C@H](C)CCC(=O)O)CC[C@@H]45)cc3)C[C@@]21C
CHEMBL4065064,GR,8.515,,2,0,Active,exact,O=C(c1nccs1)[C@]12Cc3cnn(-c4ccc(F)cc4)c3C=C1CCN(S(=O)(=O)c1ccc(Cl)c(Cl)c1)C2
CHEMBL1194666,GR,,4.523,0,1,Inactive,censored,CCN(CC)C(C)C(=O)c1ccccc1
CHEMBL3775464,GR,,4.921,0,1,Inactive,censored,O=C(O)CCN1CCC2(CC1)C(=O)Nc1cc(/C=C3\c4ccccc4COc4cc(F)ccc43)ccc12
CHEMBL531,GR,,4.523,0,1,Inactive,censored,CCCN1C[C@H](CSC)C[C@@H]2c3cccc4[nH]cc(c34)C[C@H]21
CHEMBL3261176,GR,5.800,,1,0,,exact,Cc1ccc(S(=O)(=O)N[C@@H](C)COc2cccc3ncccc23)c(C)c1
CHEMBL5920742,GR,6.560,,1,0,Active,exact,CCc1nn(C)c2ncc(C(=O)Nc3ccc(C(C)C)cc3)c(Cl)c12
CHEMBL1201210,GR,,4.523,0,1,Inactive,censored,CCC(=O)c1ccc2c(c1)N(CC(C)N(C)C)c1ccccc1S2
CHEMBL1162,GR,6.710,,3,0,Active,exact,C#C[C@]1(O)CC[C@H]2[C@@H]3CCC4=CC(=O)CC[C@@H]4[C@H]3CC[C@@]21C
CHEMBL2087294,GR,5.890,,1,0,,exact,Cc1ccccc1Oc1ccc(CN(Cc2cc(F)cc(F)c2)c2c(Br)cc(CC(=O)O)cc2Br)cc1
CHEMBL4077898,GR,7.900,,1,0,Active,exact,C[C@H](NC(=O)C(C)(F)F)[C@@H](Oc1ccc2c(cnn2-c2cccc(C(=O)N[C@@H]3CCOC3)c2)c1)c1ccc2c(c1)OCCO2
CHEMBL318513,GR,7.360,,1,0,Active,exact,CC1=CC(C)(C)Nc2ccc3c(c21)C(c1cccc(C(F)(F)F)c1)Oc1ccccc1-3
CHEMBL182496,GR,8.060,,2,0,Active,exact,Cc1c(NS(C)(=O)=O)cccc1N(Cc1ccccc1)Cc1ccc(Oc2ccc(CCCC(=O)O)cc2)cc1
CHEMBL5871599,GR,,5.301,0,1,,censored,CC(C)c1ccc(NC(=O)c2cnc3c(c2)c(CO)cn3C)cc1
CHEMBL1201313,GR,,5.000,0,1,,censored,CN(C)CCC(O)(c1ccccc1)c1ccccc1Cl
CHEMBL500938,GR,8.440,,1,0,Active,exact,CCCNC(=O)O[C@]1(C(=O)CO)[C@@H](C)C[C@H]2[C@@H]3CCC4=CC(=O)C=C[C@]4(C)[C@@]3(F)[C@@H](O)C[C@@]21C
CHEMBL3093441,GR,7.625,,2,0,Active,exact,Nc1cc(Cl)cc(Cl)c1S(=O)(=O)NC(Cc1c[nH]c2ccccc12)C(F)(F)F
CHEMBL779,GR,,4.523,0,1,Inactive,censored,CN1CC(=O)N2[C@H](c3ccc4c(c3)OCO4)c3[nH]c4ccccc4c3C[C@@H]2C1=O
CHEMBL1911160,GR,7.650,,2,3,Active,exact,CC(C)(C(=O)Nc1nncs1)[C@H]1c2ccccc2Oc2nc(-c3ccc(C(N)=O)cc3)ccc21
CHEMBL3093462,GR,8.350,,2,0,Active,exact,CC[C@@H](Cn1cc(C)c2ccccc21)NS(=O)(=O)c1c(N)cc(Cl)cc1Cl
CHEMBL566600,GR,7.750,,3,1,Active,exact,C[C@]12Cn3cnc(-c4ccc(F)cc4)c3C=C1CCC[C@@H]2[C@](C)(O)c1cccc(C#N)c1
CHEMBL5983945,GR,6.560,,1,0,Active,exact,Cc1nn(CC2CCNCC2)c2ncc(C(=O)Nc3ccc(C(F)(F)F)cc3)c(Cl)c12
CHEMBL5919502,GR,7.970,,1,0,Active,exact,CC(C)(C(=O)NC(N)=O)[C@@H]1c2ccc(-c3ccc(C(=O)O)nc3)nc2Oc2c(F)cccc21
CHEMBL386465,GR,8.000,,1,0,Active,exact,COc1ccc(F)cc1C(C)(C)CC(O)(Cn1ccc(=O)c2ccccc21)C(F)(F)F
CHEMBL3421882,GR,7.700,,1,1,Active,exact,CCC[C@]1(O)C[C@H]2CCc3cc(O)ccc3[C@]2(CC)C[C@@]1(C)O
CHEMBL305187,GR,,4.523,0,1,Inactive,censored,CC(C(O)c1ccc(O)cc1)N1CCC(Cc2ccccc2)CC1
CHEMBL657,GR,,4.523,0,1,Inactive,censored,CN(C)CCOC(c1ccccc1)c1ccccc1
CHEMBL456215,GR,,6.000,0,1,,censored,CC#C[C@@]1(O)CC[C@@]2(CCO)c3ccc(O)cc3CC[C@@H]2C1
CHEMBL5902258,GR,,5.301,0,1,,censored,COc1c(C(=O)Nc2ccc(Cl)cc2)cnc2c1cnn2C1CCSCC1
CHEMBL945,GR,,4.523,0,1,Inactive,censored,N=C(N)NC(=O)c1nc(Cl)c(N)nc1N
CHEMBL5929648,GR,6.560,,1,0,Active,exact,CCCCOc1cccc(NC(=O)c2cnc3c(c(C)nn3C)c2Cl)c1
CHEMBL590,GR,,4.523,0,1,Inactive,censored,CC1=CC(=O)c2ccccc2C1=O
CHEMBL235799,GR,7.640,,1,0,Active,exact,CC1(CC(O)(Cc2cc3ccccc3[nH]2)C(F)(F)F)CCCc2ccccc21
CHEMBL380695,GR,,5.699,0,1,,censored,C=CCSCC1=CC(C)(C)Nc2ccc(-c3ccccc3)cc21
CHEMBL1200865,GR,8.250,,1,0,Active,exact,CCOC(=O)O[C@]1(C(=O)OCCl)CC[C@H]2[C@@H]3CCC4=CC(=O)C=C[C@]4(C)[C@H]3[C@@H](O)C[C@@]21C
CHEMBL343135,GR,8.090,,1,0,Active,exact,COc1cccc2c1-c1ccc3c(c1C(Cc1ccccc1)O2)C(C)=CC(C)(C)N3
CHEMBL271054,GR,8.070,,1,0,Active,exact,O=S(=O)(c1ccc(F)cc1)N1CCC2=Cc3c(cnn3-c3ccc(F)cc3)C[C@]2(CO)C1
CHEMBL1196,GR,,4.523,0,1,Inactive,censored,CCCOc1ccc(C(=O)OCCN(CC)CC)cc1N
CHEMBL470785,GR,7.850,,3,0,Active,exact,C=CC[C@@]12CC[C@](O)(C#CC)C[C@H]1CCc1cc(O)ccc12
CHEMBL4211898,GR,8.565,,6,0,Active,exact,CC(C)[C@H](NC(=O)C(C)(F)F)[C@H](Oc1ccc2c(cnn2-c2ccc(=O)n(C)c2)c1)c1cccc(Cl)c1
CHEMBL2023620,GR,9.220,,1,0,Active,exact,C[C@]12Cc3cnn(-c4ccc(F)cc4)c3C=C1CC[C@@H]1[C@@H]2[C@@H](O)C[C@@]2(C)[C@H]1CC[C@]2(O)C(=O)CSc1ncccn1
CHEMBL5828693,GR,7.860,,1,0,Active,exact,C[C@]12C=CC(=O)C=C1[C@@H](F)C[C@H]1[C@@H]3C[C@H]4O[C@@H](c5ccc(Cc6ccc(N)cc6)cc5)O[C@@]4(C(=O)CO)[C@@]3(C)C[C@H](O)[C@@]12F
CHEMBL5763470,GR,6.560,,1,0,Active,exact,Cc1nn(CCN2CCN(C)CC2)c2ncc(C(=O)Nc3ccc(Cl)cc3)c(Cl)c12
CHEMBL4064973,GR,,4.523,0,1,Inactive,censored,O=S(=O)(c1ccc(S(F)(F)(F)(F)F)cc1)N(Cc1ccccc1)c1ccc(Oc2ccccc2)cc1
CHEMBL2426148,GR,7.520,,2,0,Active,exact,CC(C)(C(=O)Nc1nccs1)C(c1ccccc1)c1ccc2c(-c3ccc(F)c(Cl)c3)ncn2c1
CHEMBL6013256,GR,6.560,,1,0,Active,exact,O=C(Nc1ccc(Cl)cc1)c1cnc2c(cnn2Cc2cccnc2)c1Cl
CHEMBL5771364,GR,6.560,,1,0,Active,exact,O=C(Nc1ccc(Cl)cc1)c1cnc2c(c(C(F)(F)F)nn2-c2ccccc2)c1Cl
CHEMBL1527608,GR,,4.523,0,1,Inactive,censored,Cn1c(=O)c2c(ncn2CC2OCCO2)n(C)c1=O
CHEMBL2023241,GR,8.960,,1,0,Active,exact,Cn1c(SCC(=O)[C@@]2(O)CC[C@H]3[C@@H]4CCC5=Cc6c(cnn6-c6ccc(F)cc6)C[C@]5(C)[C@H]4[C@@H](O)C[C@@]32C)nc2ccccc21
CHEMBL182058,GR,7.600,,1,0,Active,exact,Cc1c(NS(C)(=O)=O)cccc1N(Cc1ccc(Oc2cccc(OC[C@@H]3C[C@@H](O)CC(=O)O3)c2)cc1)Cc1ccc(F)cc1F
CHEMBL193,GR,,4.523,0,1,Inactive,censored,COC(=O)C1=C(C)NC(C)=C(C(=O)OC)C1c1ccccc1[N+](=O)[O-]
CHEMBL417202,GR,7.640,,1,0,Active,exact,CNc1cccc(C2Oc3cccc(OC)c3-c3ccc(NS(C)(=O)=O)cc32)c1
CHEMBL228661,GR,,5.699,0,1,,censored,C=CCOC(CCC)C1=CC(C)(C)Nc2ccc(-c3ccccc3OC)cc21
CHEMBL5612482,GR,5.530,,1,0,,exact,Cc1ncncc1Nc1ccc2c(c1)CC[C@@H]1C3=CC(=O)C[C@]3(C)CC[C@@]21C
CHEMBL1645393,GR,6.000,,1,0,Active,exact,Cc1noc(C)c1S(=O)(=O)NCc1ccc(-c2ccccc2)cc1
CHEMBL4759037,GR,8.050,,1,0,Active,exact,CCCCCCn1ncc2c1C=C1CC[C@@H]3[C@H]([C@@H](O)C[C@@]4(C)[C@H]3CC[C@]4(O)C(=O)CO)[C@@]1(C)C2
CHEMBL2022653,GR,8.330,,1,0,Active,exact,Cn1c(SCC(=O)[C@@]2(O)CC[C@H]3[C@@H]4CCC5=Cc6c(cnn6-c6ccccc6)C[C@]5(C)[C@H]4[C@@H](O)C[C@@]32C)nc2ccccc21
CHEMBL5878333,GR,,5.301,0,1,,censored,COCCN(C(=O)c1cnc2c(c(C)nn2-c2ccccc2)c1Cl)c1ccc(Cl)cc1
CHEMBL549725,GR,,5.000,0,1,,censored,CC(C(=O)N(C)C)N(CC(F)(F)F)c1ccc(C#N)c(C(F)(F)F)c1
CHEMBL185265,GR,9.220,,2,0,Active,exact,Cc1c(NS(C)(=O)=O)cccc1N(Cc1ccccc1)Cc1ccc(Oc2cccc(OCCCC(=O)NCCCC(=O)O)c2)cc1
CHEMBL2022659,GR,8.140,,1,0,Active,exact,C[C@]12Cc3cnn(C4CCCCC4)c3C=C1CC[C@@H]1[C@@H]2[C@@H](O)C[C@@]2(C)[C@H]1CC[C@]2(O)C(=O)CSc1ncccn1
CHEMBL4164157,GR,7.950,,1,0,Active,exact,CN(C)c1ccc([C@H]2C[C@@]3(C)[C@@H](CC[C@@]3(O)C#CC(F)(F)F)[C@@H]3CCC4=CC(=O)CCC4=C32)cc1
CHEMBL388170,GR,,5.699,0,1,,censored,C=CC[S+]([O-])CC1=CC(C)(C)Nc2ccc(-c3ccccc3OC)cc21
CHEMBL1358,GR,5.960,,1,0,,exact,C[C@]12CC[C@@H]3c4ccc(O)cc4C[C@@H](CCCCCCCCC[S+]([O-])CCCC(F)(F)C(F)(F)F)[C@H]3[C@@H]1CC[C@@H]2O
CHEMBL6038911,GR,,5.301,0,1,,censored,Cc1nn(-c2ccccc2)c2ncc(C(=O)Nc3nccs3)c(Cl)c12
CHEMBL4208799,GR,7.895,,2,0,Active,exact,C[C@H](NC(=O)C(C)(F)F)[C@H](Oc1ccc(C#N)cc1Cl)c1cnc(C2CC2)nc1
CHEMBL5579731,GR,8.520,,1,0,Active,exact,CCN(C[C@@](O)(CNC(=O)c1cnn(-c2ccc(F)cc2)c1N)C(F)(F)F)C(=O)c1c(C)cccc1C
CHEMBL5998189,GR,7.430,,1,0,Active,exact,CNC(=O)NC(=O)C(C)(C)[C@@H]1c2ccc(Cl)nc2Oc2c(F)cccc21
CHEMBL3315059,GR,7.480,,5,0,Active,exact,CC(C)(C(=O)NC(=O)NC1CCC1)[C@@H]1c2ccc(-c3ccc(C(=O)N4CCOCC4)cc3)nc2Oc2c(F)cccc21
CHEMBL4557032,GR,5.900,,1,0,,exact,C[C@H]1COc2cc(F)ccc2N1C(=O)c1ccc2c(c1)NC(=O)CO2
CHEMBL567027,GR,7.920,,4,0,Active,exact,C[C@]12Cn3cnc(-c4ccc(F)cc4)c3C=C1CCC[C@@H]2[C@](C)(O)c1ccc(Cl)cc1
CHEMBL1274,GR,,4.523,0,1,Inactive,censored,CC1(C)NC(=O)N(c2ccc([N+](=O)[O-])c(C(F)(F)F)c2)C1=O
CHEMBL6021643,GR,7.910,,1,0,Active,exact,CC(C)(C(=O)NC(=O)NC1CCCC1)[C@@H]1c2ccc(-c3ccc(C(=O)N4CCOCC4)cc3)nc2Oc2c(F)cccc21
CHEMBL842,GR,,4.523,0,1,Inactive,censored,NS(=O)(=O)c1cc2c(cc1Cl)N=CNS2(=O)=O
CHEMBL1762205,GR,7.400,,2,0,Active,exact,Cc1c[nH]c2c(-c3c(F)cc4c(c3F)/C(=N/Oc3ccccc3)CC(C)(C)N4)cccc12
CHEMBL142652,GR,,4.523,0,1,Inactive,censored,OC[C@H]1O[C@@H](Oc2cc(O)cc(/C=C/c3ccc(O)cc3)c2)[C@H](O)[C@@H](O)[C@@H]1O
CHEMBL1940556,GR,6.520,,1,0,Active,exact,C[C@]12C=CC(=O)C=C1CC[C@@H]1[C@@H]2[C@@H](O)C[C@@]2(C)[C@H]1CC[C@]2(O)C(=O)CSc1nc(-c2ccccc2)cs1
CHEMBL6010782,GR,,5.301,0,1,,censored,Cc1nn(-c2ccccc2)c2ncc(C(=O)Nc3ccc(Cl)cc3)c(C)c12
CHEMBL182883,GR,8.170,,1,0,Active,exact,CC#C[C@]1(O)CC[C@H]2[C@@H]3CCC4=CC(=O)CCC4=C3[C@@H](c3ccc(N(C)C[C@@H](O)C[C@@H](O)CC(=O)O)cc3)C[C@@]21C
CHEMBL3582109,GR,7.615,,2,0,Active,exact,Cc1noc(C)c1-c1ccc2c(c1)C(C)(C)C(=O)C(C)(C)N2
CHEMBL4074521,GR,7.610,,1,0,Active,exact,C[C@H](NC(=O)C(C)(F)F)[C@@H](Oc1ccc2c(cnn2-c2cccc(C(=O)N[C@H]3CCOC3)c2)c1)c1ccc2c(c1)OCCO2
CHEMBL32812,GR,6.750,,1,0,Active,exact,CC1=CC(C)(C)Nc2ccc3c(c21)/C(=C/c1cccc(F)c1)Oc1ccccc1-3
CHEMBL223675,GR,8.250,,2,0,Active,exact,C=CCOc1c(C)cc([C@H]2C[C@@]3(C)[C@@H](CC[C@@]3(O)C#CC)[C@@H]3CCC4=CC(=O)CCC4=C32)cc1Cl
CHEMBL6045921,GR,,5.000,0,1,,censored,CC1(C)C(=O)N(c2ccc(C#N)c(C(F)(F)F)c2)C(=O)N1c1ccc(CNC(=O)C2CC2)c(F)c1
CHEMBL420742,GR,6.330,,1,0,Active,exact,COC(=O)c1ccc(CN(Cc2ccccc2)c2cccc(NS(C)(=O)=O)c2C)cc1
CHEMBL19490,GR,,4.523,0,1,Inactive,censored,Cc1cc(CC(=O)O)n(C)c1C(=O)c1ccc(Cl)cc1
CHEMBL1482,GR,,5.000,0,1,,censored,CC(C[N+](C)(C)C)OC(N)=O
CHEMBL2426648,GR,7.720,,4,0,Active,exact,CC(C)(C(=O)Nc1nncs1)[C@@H](c1ccccc1)c1ccc2c(cnn2-c2cccnc2)c1
CHEMBL242812,GR,7.170,,1,0,Active,exact,CC(Cc1c[nH]c2ccccc12)NS(=O)(=O)c1c(C(C)C)cc(C(C)C)cc1C(C)C
CHEMBL4585636,GR,,4.800,0,1,Inactive,censored,CNC(=O)C[C@H]1COc2cc(F)ccc2N1C(=O)c1ccc2c(c1)NC(=O)OC2
CHEMBL127516,GR,,4.523,0,1,Inactive,censored,CCCCOC(=O)c1ccc(N)cc1
CHEMBL1094527,GR,7.000,,1,0,Active,exact,N#Cc1cccc(C(O)(c2ccc3c(cnn3-c3ccc(F)cc3)c2)C(F)(F)F)c1
CHEMBL5612373,GR,6.220,,1,0,Active,exact,Cc1cnc(Nc2ccc3c(c2)CCC2=C4C[C@H](O)C[C@]4(C)CC[C@]23Cc2ccccc2)c(C)n1
CHEMBL5863266,GR,6.560,,1,0,Active,exact,Cc1nn(C)c2ncc(C(=O)Nc3ccc(OCC(F)(F)F)cc3)c(Cl)c12
CHEMBL5973220,GR,,5.000,0,1,,censored,Cc1ncsc1C(=O)NCc1ccc(N2C(=S)N(c3ccc(C#N)c(C(F)(F)F)c3)C(=O)C23CCC3)cc1F
CHEMBL1087,GR,,4.523,0,1,Inactive,censored,Cc1cccc(C)c1NC(=O)C1CCCCN1C
CHEMBL363327,GR,,6.000,0,1,,censored,Cc1c(NS(C)(=O)=O)cccc1N(Cc1ccccc1)Cc1ccc(CCC(=O)O)cc1
CHEMBL12713,GR,,4.523,0,1,Inactive,censored,O=C1NCCN1CCN1CCC(c2cn(-c3ccc(F)cc3)c3ccc(Cl)cc23)CC1
CHEMBL196373,GR,6.455,,2,0,Active,exact,CC(C)C(O)(CC(C)(C)c1ccccc1)C(=O)Nc1ccc2c(c1)COC2=O
CHEMBL453,GR,,5.000,0,1,,censored,Cc1noc(NS(=O)(=O)c2ccc(N)cc2)c1C
CHEMBL1684356,GR,8.080,,3,0,Active,exact,C[C@H]1c2c(cc(F)c(-c3cccc4cc[nH]c34)c2F)NC(C)(C)[C@@H]1OC(=O)Nc1ccc(N(C)C)cc1
CHEMBL3666807,GR,9.050,,5,0,Active,exact,C[C@H](NC(=O)C(C)(F)F)[C@H](Oc1ccc2c(cnn2-c2cccc(C(=O)N[C@@H]3CCOC3)c2)c1)c1ccc2c(c1)OCCO2
CHEMBL5571368,GR,8.520,,1,0,Active,exact,CCN(C[C@@](O)(CNC(=O)c1cnn(-c2ccc(F)cc2)c1N)C(F)(F)F)C(=O)c1c(C)cccc1F
CHEMBL69389,GR,6.430,,1,0,Active,exact,Cc1c(NS(C)(=O)=O)cccc1N(Cc1ccccc1)Cc1ccc(C(F)(F)F)cc1
CHEMBL2147563,GR,7.400,,1,0,Active,exact,CCNC(=O)c1ccccc1CC[C@]1(O)CCC2=Cc3c(cnn3-c3ccc(F)cc3)C(O)[C@@]21C
CHEMBL611,GR,,4.523,0,1,Inactive,censored,COc1cc2nc(N3CCN(C(=O)C4CCCO4)CC3)nc(N)c2cc1OC
CHEMBL1148,GR,,5.000,0,1,,censored,Cc1cccc(Nc2ccncc2S(=O)(=O)NC(=O)NC(C)C)c1
CHEMBL1940557,GR,8.800,,1,0,Active,exact,C[C@@H]1C[C@H]2[C@@H]3CCC4=CC(=O)C=C[C@]4(C)[C@H]3[C@@H](O)C[C@]2(C)[C@@]1(O)C(=O)CO
CHEMBL2426155,GR,6.835,,2,0,Active,exact,CC(C)(C(=O)Nc1nccs1)C(c1ccccc1)c1ccn2cncc2c1
CHEMBL193523,GR,7.280,,1,0,Active,exact,Cc1cccc(CC(O)(CC(C)(C)c2cc(F)ccc2O)C(=O)Nc2ccc3c(c2)COC3=O)c1
CHEMBL1502,GR,,4.523,0,1,Inactive,censored,COc1ccnc(C[S+]([O-])c2nc3cc(OC(F)F)ccc3[nH]2)c1OC
CHEMBL1668092,GR,6.900,,1,0,Active,exact,Cc1cc(NC[C@H](C)NS(=O)(=O)C2CC2)c2cnn(-c3cccc(C(=O)N4CCCC(CO)C4)c3)c2c1
CHEMBL310370,GR,,5.000,0,1,,censored,O=C1C=C2CCc3cc(O)ccc3[C@@]2(Cc2ccccc2)CC1
CHEMBL36715,GR,,4.523,0,1,Inactive,censored,NC(=O)CN1CCCC1=O
CHEMBL5879799,GR,,5.301,0,1,,censored,Cn1ccc2c(Cl)c(C(=O)Nc3ccc(C(F)(F)F)cc3)cnc21
CHEMBL182647,GR,7.580,,1,0,Active,exact,Cc1c(NS(C)(=O)=O)cccc1N(Cc1ccccc1)Cc1ccc(Oc2cccc(CCC(=O)O)c2)cc1
CHEMBL203350,GR,6.150,,1,0,Active,exact,COc1ccccc1-c1ccc2c(c1)C(CSCCC(C)C)=CC(C)(C)N2
CHEMBL4531220,GR,,5.699,0,2,,censored,CCS(=O)(=O)c1cc2cc(C[C@@](O)(CC(C)(C)c3ccc(F)cc3C(N)=O)C(F)(F)F)[nH]c2cn1
CHEMBL255370,GR,8.850,,1,0,Active,exact,COC[C@]12Cc3cnn(-c4ccc(F)cc4)c3C=C1CCN(S(=O)(=O)c1ccc(F)cc1)C2
CHEMBL1440,GR,,4.523,0,1,Inactive,censored,CN(C)[C@@H]1C(O)=C(C(N)=O)C(=O)[C@@]2(O)C(O)=C3C(=O)c4c(O)cccc4[C@@](C)(O)[C@H]3C[C@@H]12
CHEMBL3138365,GR,7.210,,1,0,Active,exact,Cc1c(NS(C)(=O)=O)cccc1N(Cc1ccccc1)Cc1ccc(Oc2cccc(CCCC(=O)NCCO[C@@H]3CC[C@]4(C)[C@H](C3)C[C@H](O)[C@@H]3[C@@H]4C[C@@H](O)[C@]4(C)[C@H]3CC[C@H]4[C@@H](C)CCC(=O)O)c2)cc1
CHEMBL1592,GR,,4.523,0,1,Inactive,censored,CCOC(=O)[C@H](CCc1ccccc1)N[C@@H](C)C(=O)N1Cc2ccccc2C[C@H]1C(=O)O
CHEMBL1201353,GR,,4.523,0,1,Inactive,censored,CN(C)CC[C@@H](c1ccc(Cl)cc1)c1ccccn1
CHEMBL551466,GR,,4.523,0,1,Inactive,censored,O=C(O[C@H]1C[N+]2(CCCOc3ccccc3)CCC1CC2)C(O)(c1cccs1)c1cccs1.[Br-]
CHEMBL5851854,GR,7.860,,1,0,Active,exact,C[C@]12C=CC(=O)C=C1[C@@H](F)C[C@H]1[C@@H]3C[C@H]4O[C@H](c5ccc(CSc6cccc(N)c6)cc5)O[C@@]4(C(=O)CO)[C@@]3(C)C[C@H](O)[C@@]12F
CHEMBL5993828,GR,9.230,,1,0,Active,exact,CC(C)(C(=O)NC(N)=O)[C@@H]1c2ccc(-c3ccc(S(C)(=O)=O)cc3)nc2Oc2c(F)cccc21
CHEMBL403921,GR,8.820,,1,0,Active,exact,Cc1ccc(S(=O)(=O)N2CCC3=Cc4c(cnn4-c4ccc(F)cc4)CC3(Cc3ccc(F)cc3)C2)cc1
CHEMBL5923670,GR,6.560,,1,0,Active,exact,COc1ccccc1NC(=O)c1cnc2c(c(C)nn2-c2ccccc2)c1Cl
CHEMBL244966,GR,,5.699,0,1,,censored,Cc1cc(C)c(C(=O)NC(C)Cc2c[nH]c3ccccc23)c(C)c1
CHEMBL393392,GR,7.260,,1,0,Active,exact,COc1ccc(F)cc1C(C)(C)CC(O)(Cc1cc(C)cc(C)c1)C(F)(F)F
CHEMBL1024,GR,,4.523,0,1,Inactive,censored,O=P1(NCCCl)OCCCN1CCCl
CHEMBL2426662,GR,8.345,,4,0,Active,exact,CC(C)(C(=O)Nc1nncs1)[C@@H](c1ccccc1)c1ccc2c(cnn2-c2ccc(F)cc2)c1
CHEMBL5784651,GR,,5.301,0,1,,censored,O=C(Nc1ccc(C(F)(F)F)cc1)c1cnc2ncn(CCC3CCNCC3)c2c1Cl
CHEMBL231803,GR,6.120,,1,0,Active,exact,CC(Cc1c[nH]c2ccccc12)NS(=O)(=O)c1ccc(C(C)C)cc1
CHEMBL474381,GR,7.030,,1,1,Active,exact,CC1(C(=O)Nc2ncc[nH]2)CC2c3ccccc3C1c1ccccc12
CHEMBL1684343,GR,7.770,,3,0,Active,exact,CC(C)NC(=O)O[C@@H]1[C@@H](C)c2c(cc(F)c(-c3cccc4c(Cl)c[nH]c34)c2F)NC1(C)C
CHEMBL4059755,GR,7.810,,2,0,Active,exact,C[C@H](NC(=O)C(C)(F)F)[C@H](Oc1ccc2c(cnn2-c2cccc(C(=O)N[C@@H]3CCOC3=O)c2)c1)c1ccccc1
CHEMBL4075236,GR,5.450,,1,0,,exact,O=S(=O)(c1ccccc1)N(Cc1ccccc1)c1ccc(Oc2ccccc2)cc1
CHEMBL203240,GR,,5.699,0,1,,censored,C=CCSCC1=CC(C)(C)Nc2ccc(-c3ccccc3[N+](=O)[O-])cc21
CHEMBL5799623,GR,5.560,,1,0,,exact,Cn1cnc2c(Cl)c(C(=O)Nc3ccc(C(F)(F)F)cc3)cnc21
CHEMBL4212650,GR,7.410,,4,0,Active,exact,CC(C)[C@H](NC(=O)C(C)(F)F)[C@H](Oc1ccc2c(cnn2-c2cscn2)c1)c1ccccc1
CHEMBL2426114,GR,7.705,,4,0,Active,exact,CC(C)(CNS(C)(=O)=O)[C@@H](c1ccccc1)c1ccc2c(cnn2-c2ccc(F)cc2)c1
CHEMBL563739,GR,7.700,,1,0,Active,exact,C[C@@H]1C[C@H]2[C@@H]3CCC4=CC(=O)C=C[C@]4(C)[C@@]3(F)[C@@H](O)C[C@]2(C)[C@@]1(O)C(=O)CSCCNC(=S)NCCCN(C)CCCNC(=O)CCNC(=O)c1cc(NC(=O)c2cc(NC(=O)c3cc(NC(=O)c4cc(NC(=O)CCCNC(=O)c5cc(NC(=O)c6cc(NC(=O)c7nccn7C)cn6C)cn5C)cn4C)cn3C)cn2C)cn1C
CHEMBL5945289,GR,,7.000,0,1,,censored,CN(CC1CC1)c1ccc([C@H]2C[C@@]3(C)[C@@H](CC[C@@]3(O)C#CC(C)(C)C)[C@@H]3CCC4=CC(=O)CCC4=C32)cc1
CHEMBL5875641,GR,7.800,,1,0,Active,exact,C[C@]12C=CC(=O)C=C1[C@@H](F)C[C@H]1[C@@H]3C[C@H]4O[C@@H](c5ccc(CSc6ccc(N)c(Cl)c6)cc5)O[C@@]4(C(=O)CO)[C@@]3(C)C[C@H](O)[C@@]12F
CHEMBL247597,GR,,5.000,0,1,,censored,CCCCC(=O)N1CCC2=CC(=O)CCC2(Cc2ccccc2)C1
CHEMBL1201203,GR,,5.000,0,1,,censored,CN1[C@@H]2CC[C@H]1C[C@@H](OC(c1ccccc1)c1ccccc1)C2
CHEMBL5269740,GR,6.440,,3,0,Active,exact,COc1cc(C)c(C)cc1S(=O)(=O)Nc1ccc2c(c1)CCCN2C(=O)C1CC1
CHEMBL3261173,GR,5.000,,1,0,,exact,Cc1cc(C)c(S(=O)(=O)N[C@@H](C)CNc2ccc3cnccc3c2)c(C)c1
CHEMBL514481,GR,5.940,,1,2,,exact,CC1(C(=O)Nc2nccs2)CC2c3ccccc3C1([N+](=O)[O-])c1ccccc12
CHEMBL540936,GR,7.850,,1,0,Active,exact,C[C@H]1C[C@@H]2[C@H]3CCC4=CC(=O)C=C[C@@]4(C)[C@]3(F)[C@H](O)C[C@@]2(C)[C@]1(O)C(=O)CSCCNC(=S)NCCNC(=O)c1cc(NC(=O)c2cc(NC(=O)c3nccn3C)cn2C)cn1C
CHEMBL3358929,GR,8.520,,2,0,Active,exact,Cc1ccc(F)cc1C(C)(C)CC(O)(Cc1cc2cc(N3CCOCC3)ncc2[nH]1)C(F)(F)F
CHEMBL393819,GR,7.850,,1,0,Active,exact,CCC1(CC(O)(Cn2ccc(=O)c3ccccc32)C(F)(F)F)CCCc2ccccc21
CHEMBL5941555,GR,8.300,,1,0,Active,exact,CCS(=O)(=O)c1ccc(-c2ccc3c(n2)Oc2c(F)cccc2[C@@H]3C(C)(C)C(=O)NC(=O)NC)cc1
CHEMBL5870475,GR,7.670,,1,0,Active,exact,C[C@]12C=CC(=O)C=C1[C@@H](F)C[C@H]1[C@@H]3C[C@H]4O[C@@H](c5ccc(Cc6ccc(Cl)c(N)c6)cc5)O[C@@]4(C(=O)CO)[C@@]3(C)C[C@H](O)[C@@]12F
CHEMBL5751101,GR,7.840,,1,0,Active,exact,CNc1ccc(Cc2ccc([C@H]3O[C@@H]4C[C@H]5[C@@H]6C[C@H](F)C7=CC(=O)C=C[C@]7(C)[C@@]6(F)[C@@H](O)C[C@]5(C)[C@]4(C(=O)CO)O3)cc2)cc1
CHEMBL577945,GR,7.700,,3,0,Active,exact,C[C@]12Cn3cnc(-c4ccc(F)cc4)c3C=C1CCC[C@@H]2[C@](C)(O)c1ccc(F)cc1
CHEMBL5875221,GR,8.010,,1,0,Active,exact,CNC(=O)NC(=O)C(C)(C)[C@@H]1c2ccc(-c3ccc(OC(C)C)nc3)nc2Oc2c(F)cccc21
CHEMBL5882153,GR,7.600,,2,0,Active,exact,CC(C)[C@H](NC(=O)C(F)(F)F)[C@H](Oc1ccc2c(cnn2-c2ccc(=O)n(C)c2)c1)c1ccccc1
CHEMBL5956851,GR,7.300,,2,0,Active,exact,CC(C)[C@H](NC(=O)C(C)(F)F)[C@H](Oc1ccc2c(cnn2-c2ccc(=O)n(C)c2)c1)c1ccc(OC(F)(F)F)cc1
CHEMBL428922,GR,8.285,,2,0,Active,exact,CC/C=C(\C)c1ccsc1/C=C1\Oc2ccc(O)c(OC)c2-c2ccc3c(c21)C(C)=CC(C)(C)N3
CHEMBL302250,GR,7.320,,1,0,Active,exact,Cc1ccccc1CN(Cc1ccccc1)c1cccc(NS(C)(=O)=O)c1C
CHEMBL2087283,GR,5.920,,1,0,,exact,O=C(O)Cc1cc(Br)c(N(Cc2ccccc2)Cc2ccc(Oc3ccccc3)cc2)c(Br)c1
CHEMBL6034974,GR,,7.000,0,1,,censored,CCN(c1ccc([C@H]2C[C@@]3(C)[C@@H](CC[C@@]3(O)C#CC(C)(C)C)[C@@H]3CCC4=CC(=O)CCC4=C32)cc1)C(C)C
CHEMBL5875725,GR,7.700,,1,0,Active,exact,CC(C)[C@H](NC(=O)CCN1C(=O)C=CC1=O)C(=O)N[C@@H](C)C(=O)Nc1ccc(Oc2ccc([C@@H]3O[C@@H]4C[C@H]5[C@@H]6CCC7=CC(=O)C=C[C@]7(C)[C@H]6[C@@H](O)C[C@]5(C)[C@]4(C(=O)CO)O3)cc2)cc1
CHEMBL245191,GR,7.190,,1,0,Active,exact,CCC(Cc1c[nH]c2ccccc12)NS(=O)(=O)c1c(Cl)cc(Cl)cc1Cl
CHEMBL2426625,GR,7.865,,2,0,Active,exact,CC(C)(C(=O)Nn1nccn1)C(c1ccccc1)c1ccc2c(cnn2-c2ccc(F)cc2)c1
CHEMBL1336,GR,,4.523,0,1,Inactive,censored,CNC(=O)c1cc(Oc2ccc(NC(=O)Nc3ccc(Cl)c(C(F)(F)F)c3)cc2)ccn1
CHEMBL401864,GR,9.050,,1,0,Active,exact,C=CCNC[C@]12Cc3cnn(-c4ccc(F)cc4)c3C=C1CCN(S(=O)(=O)c1ccc(C(C)(C)C)cc1)C2
CHEMBL1098849,GR,5.680,,1,0,,exact,Cc1ccc(C(O)(c2ccc3c(cnn3-c3ccc(F)cc3)c2)C(F)(F)F)cc1
CHEMBL1254820,GR,7.280,,2,0,Active,exact,COc1ccc(F)cc1C(C)(C)CC(O)(Cc1cc2ncccc2[nH]1)C(F)(F)F
CHEMBL2021945,GR,9.300,,1,0,Active,exact,C[C@]12Cc3cnn(-c4ccc(F)cc4)c3C=C1CC[C@@H]1[C@@H]2[C@@H](O)C[C@@]2(C)[C@H]1CC[C@]2(O)C(=O)CSc1ccccn1
CHEMBL5879608,GR,,7.000,0,1,,censored,Cc1c(F)cc([C@H]2C[C@@]3(C)[C@@H](CC[C@@]3(O)C#CC(C)(C)C)[C@@H]3CCC4=CC(=O)CCC4=C32)cc1F
CHEMBL3736000,GR,8.890,,4,0,Active,exact,O=C(c1ccccn1)[C@]12Cc3cnn(-c4ccc(F)cc4)c3C=C1CCN(S(=O)(=O)c1ccc(F)c(F)c1)C2
CHEMBL3358924,GR,6.290,,1,1,Active,exact,COc1ccc(F)cc1C(C)(C)CC(O)(Cc1cc2cc(C)nc(C)c2[nH]1)C(F)(F)F
CHEMBL5612249,GR,6.160,,1,0,Active,exact,Cc1ccncc1Nc1ccc2c(c1)CCC1=C3C[C@@H](O)C[C@]3(C)CC[C@]12Cc1ccccc1
CHEMBL2023621,GR,8.520,,1,0,Active,exact,C[C@]12Cc3cnn(-c4ccc(F)cc4)c3C=C1CC[C@@H]1[C@@H]2[C@@H](O)C[C@@]2(C)[C@H]1CC[C@]2(O)C(=O)CSc1nc2ccccc2c(=O)[nH]1
CHEMBL3093447,GR,7.430,,1,1,Active,exact,Cc1cc(C)c(S(=O)(=O)NC(Cc2c[nH]c3cc(C)ccc23)C(F)(F)F)c(C)c1
CHEMBL1095228,GR,7.280,,1,0,Active,exact,Cc1cccc(C(O)(c2ccc3c(cnn3-c3ccc(F)cc3)c2)C(F)(F)F)c1
CHEMBL1682432,GR,9.050,,1,0,Active,exact,Cc1c(F)c(-c2cccc3cc[nH]c23)cc2c1NC(C)(C)[C@H](O)[C@H]2C
CHEMBL1082837,GR,7.900,,1,1,Active,exact,CC(C)NS(=O)(=O)c1ccc(-c2ccc3c(cnn3-c3ccc(F)cc3)c2)c(C(F)(F)F)c1
CHEMBL141915,GR,8.090,,1,0,Active,exact,C=CCCC1Oc2cccc(OC)c2-c2ccc3c(c21)C(C)=CC(C)(C)N3
CHEMBL1762210,GR,8.590,,3,0,Active,exact,CCO/N=C1/c2c(cc(F)c(-c3cccc4c(C)c[nH]c34)c2F)NC(C)(C)C1O
CHEMBL1911656,GR,7.500,,2,0,Active,exact,CC(C)(CC(O)(Cc1cc2ccccc2[nH]1)C(F)(F)F)c1cc(F)cc2c1OCC2
CHEMBL1911151,GR,7.485,,6,0,Active,exact,CCCc1ccc(-c2ccc3c(n2)Oc2ccccc2[C@H]3C(C)(C)C(=O)Nc2nncs2)cc1
CHEMBL3094470,GR,7.640,,1,1,Active,exact,CCC(Cc1cccc(C)c1)NS(=O)(=O)c1c(C)cc(C)cc1C
CHEMBL4649683,GR,,5.000,0,1,,censored,Cc1cnc(-c2ccc(OC(F)(F)F)cc2)n1Cc1ccccc1OCCC[C@@H](C)CC(=O)O
CHEMBL5614193,GR,6.270,,1,0,Active,exact,Cc1ccncc1Nc1ccc2c(c1)CCC1=C3C[C@H](O)C[C@]3(C)CC[C@]12Cc1ccccc1
CHEMBL3707366,GR,,4.523,0,1,Inactive,censored,C[C@H](N)C(=O)N[C@@H](CCC(N)=O)C(=O)O
CHEMBL1316,GR,,4.523,0,1,Inactive,censored,CC(C(=O)O)c1ccc2c(c1)[nH]c1ccc(Cl)cc12
CHEMBL1467,GR,,4.523,0,1,Inactive,censored,Oc1ncnc2[nH]ncc12
CHEMBL8340,GR,6.850,,1,0,Active,exact,C=CCC1Oc2cccc(CN)c2-c2ccc3c(c21)C(C)=CC(C)(C)N3
CHEMBL141426,GR,7.210,,1,0,Active,exact,COc1cccc2c1-c1ccc3c(c1C(CCN(C)C)O2)C(C)=CC(C)(C)N3
CHEMBL184508,GR,7.150,,1,0,Active,exact,Cc1c(NS(C)(=O)=O)cccc1N(Cc1ccccc1)C(C)c1ccccc1
CHEMBL5413057,GR,7.200,,1,0,Active,exact,C[C@]12C=CC(=O)C=C1[C@@H](F)C[C@H]1[C@@H]3C[C@H]4O[C@@H](C5CCC(N)CC5)O[C@@]4(C(=O)CO)[C@@]3(C)C[C@H](O)[C@@]12F
CHEMBL5991128,GR,7.060,,1,0,Active,exact,CC(C)(O)CNC(=O)NC(=O)C(C)(C)[C@@H]1c2ccc(-c3ccc(C(=O)N4CCOCC4)cc3)nc2Oc2c(F)cccc21
CHEMBL6029660,GR,,5.000,0,1,,censored,CC1(C)C(=O)N(c2ccc(C#N)c(C(F)(F)F)c2)C(=O)N1c1ccc(CNC(=O)c2ccccn2)c(F)c1
CHEMBL524378,GR,8.240,,1,0,Active,exact,C[C@H]1C[C@@H]2[C@H]3CCC4=CC(=O)C=C[C@@]4(C)[C@]3(F)[C@H](O)C[C@@]2(C)[C@]1(O)C(=O)CSCCNC(=S)NCCNC(=O)c1cc(NC(=O)c2cncn2C)cn1C
CHEMBL628,GR,,5.000,0,1,,censored,CC(=O)CCCCn1c(=O)c2c(ncn2C)n(C)c1=O
CHEMBL5819621,GR,8.920,,1,0,Active,exact,CC(C)(C(=O)NC(N)=O)[C@@H]1c2ccc(-c3ccc(C(=O)N4CC[C@@H](F)C4)cc3)nc2Oc2c(F)cccc21
CHEMBL5077808,GR,,6.000,0,1,,censored,CC(=O)N[C@@H](Cc1cnc[nH]1)C(=O)N[C@@H](CO)C(=O)N[C@@H](CCC(N)=O)C(=O)NCC(=O)N[C@H](C(=O)N[C@@H](Cc1ccccc1)C(=O)N[C@H](C(=O)N[C@@H](CO)C(=O)N[C@@H](CC(=O)O)C(=O)N[C@@H](Cc1ccc(O)cc1)C(=O)N[C@@H](CO)C(=O)N[C@@H](CCCCN)C(=O)N[C@@H](Cc1ccc(O)cc1)C(=O)N[C@@H](CC(C)C)C(=O)N[C@@H](CC(=O)O)C(=O)N[C@@H](CO)C(=O)N[C@@H](CCCNC(=N)N)C(=O)N[C@@H](CCCNC(=N)N)CN(CC(=O)N[C@@H](CCC(N)=O)C(=O)N[C@@H](CC(=O)O)C(=O)N[C@@H](Cc1ccccc1)C(=O)N[C@H](C(=O)N[C@@H](CCC(N)=O)C(=O)N[C@@H](Cc1c[nH]c2ccccc12)C(=O)N[C@@H](CC(C)C)C(=O)N[C@@H](CC(C)C)CN(CC(=O)N[C@H](C(N)=O)[C@@H](C)O)S(=O)(=O)CCN)C(C)C)S(C)(=O)=O)[C@@H](C)O)[C@@H](C)O
CHEMBL182610,GR,8.570,,3,0,Active,exact,Cc1c(NS(C)(=O)=O)cccc1N(Cc1ccccc1)Cc1ccc(Oc2ccccc2)cc1
CHEMBL1201010,GR,7.700,,3,0,Active,exact,CC(=O)OCC(=O)[C@@]1(O)CC[C@H]2[C@@H]3CCC4=CC(=O)CC[C@]4(C)[C@@]3(F)[C@@H](O)C[C@@]21C
CHEMBL5996282,GR,6.560,,1,0,Active,exact,Cc1noc(C)c1Cn1nc(C)c2c(Cl)c(C(=O)Nc3ccc(C(F)(F)F)cc3)cnc21
CHEMBL4467278,GR,8.220,,1,0,Active,exact,O[C@@]1(c2ccccc2)CCCCC[C@@]12C=Cc1c(cnn1-c1ccc(F)cc1)C2
CHEMBL5265836,GR,,4.125,0,1,Inactive,censored,C[n+]1nn(-c2ccc(-c3nc(CCc4ccc5ccccc5c4)cs3)c(OCCN3CCNC3=O)c2)cc1CCCCN.O=C(O)C(F)(F)F.O=S(=O)([O-])C(F)(F)F
CHEMBL112987,GR,6.410,,1,0,Active,exact,CCCCC1Oc2ccc(Cl)cc2-c2ccc3c(c21)C(C)=CC(C)(C)N3
CHEMBL5946997,GR,,7.000,0,1,,censored,COC(C)(C)C#C[C@]1(O)CC[C@H]2[C@@H]3CCC4=CC(=O)CCC4=C3[C@@H](c3ccc(N4CCS(=O)(=O)CC4)cc3)C[C@@]21C
CHEMBL372684,GR,8.090,,6,0,Active,exact,C[C@]12Cc3cnn(-c4ccc(F)cc4)c3C=C1CCC[C@@H]2[C@H](O)c1csc2ccccc12
CHEMBL2419298,GR,5.040,,1,0,,exact,CC1NC(=O)C(c2ccc(F)cc2)=C1c1ccc2c(c1)NC(=O)CO2
CHEMBL1083487,GR,7.150,,2,0,Active,exact,CN(c1ccccc1)S(=O)(=O)c1ccc(-c2ccc3c(cnn3-c3ccc(F)cc3)c2)c(C(F)(F)F)c1
CHEMBL407672,GR,9.570,,1,0,Active,exact,C#C[C@]1(O)CC[C@H]2[C@@H]3CCC4=CC(=O)CCC4=C3[C@@H](c3ccc(N(C)CCOC4CC[C@@]5(C)[C@@H](C4)C[C@@H](O)[C@@H]4[C@@H]5C[C@H](O)[C@]5(C)[C@@H]([C@H](C)CCC(=O)NCCS(=O)(=O)O)CC[C@@H]45)cc3)C[C@@]21C
CHEMBL1911280,GR,7.145,,6,0,Active,exact,CC(C)(C(=O)Nc1nncs1)[C@H]1c2ccccc2Oc2nc(-c3ccc(C(=O)N4CCCC4)c(F)c3)ccc21
CHEMBL406027,GR,9.380,,1,0,Active,exact,C#C[C@]1(O)CC[C@H]2[C@@H]3CCC4=CC(=O)CCC4=C3[C@@H](c3ccc(N(C)CCCS(=O)(=O)N(C)C4CC[C@@]5(C)[C@@H](C4)C[C@@H](O)[C@@H]4[C@@H]5C[C@H](O)[C@]5(C)[C@@H]([C@H](C)CCC(=O)O)CC[C@@H]45)cc3)C[C@@]21C
CHEMBL1172,GR,,4.523,0,1,Inactive,censored,Clc1ccc2c(c1)CCc1cccnc1C2=C1CCNCC1
CHEMBL6027449,GR,6.560,,1,0,Active,exact,Cc1nn(Cc2cccs2)c2ncc(C(=O)Nc3ccc(C(F)(F)F)cc3)c(Cl)c12
CHEMBL128,GR,,4.523,0,1,Inactive,censored,CNS(=O)(=O)Cc1ccc2[nH]cc(CCN(C)C)c2c1
CHEMBL1201208,GR,,4.523,0,1,Inactive,censored,CC1NCCOC1c1ccccc1
CHEMBL3578271,GR,5.420,,1,0,,exact,C[C@H](c1ccc(F)cc1)N1C(=O)O[C@](Cc2ccccc2)(c2nc3cc(Cl)ccc3[nH]2)C1=O
CHEMBL2103775,GR,,4.523,0,1,Inactive,censored,CC(=O)SC[C@@H](C)C(=O)N1CCC[C@H]1C(=O)N[C@@H](Cc1ccccc1)C(=O)O
CHEMBL3086027,GR,5.660,,1,0,,exact,Cc1cn(-c2ccc(CNS(=O)(=O)c3cc(F)ccc3F)cc2)c(C)n1
CHEMBL1801006,GR,7.400,,5,0,Active,exact,CC(C)(C(=O)Nc1nccs1)[C@@H](c1ccccc1)c1ccc(O)c(Br)c1
CHEMBL221959,GR,,4.523,0,1,Inactive,censored,C[C@@H]1CCN(C(=O)CC#N)C[C@@H]1N(C)c1ncnc2[nH]ccc12
CHEMBL6029616,GR,6.560,,1,0,Active,exact,COCCCn1nc(C)c2c(Cl)c(C(=O)Nc3ccc(Cl)cc3)cnc21
CHEMBL245416,GR,,5.000,0,1,,censored,N[C@@H](Cn1ccc(=O)c(O)c1)C(=O)O
CHEMBL388462,GR,5.240,,1,0,,exact,Cc1ccc(S(=O)(=O)NC(C)Cc2c[nH]c3ccccc23)cc1
CHEMBL3957844,GR,5.730,,1,0,,exact,COc1ccc(S(=O)(=O)N(Cc2ccccc2)c2ccc(Oc3ccccc3)cc2)cc1
CHEMBL4060190,GR,8.180,,1,0,Active,exact,Cn1ccc(S(=O)(=O)N2CCC3=Cc4c(cnn4-c4ccc(F)cc4)C[C@]3(C(=O)c3cc(C(F)(F)F)ccn3)C2)n1
CHEMBL3605925,GR,7.300,,1,0,Active,exact,CS(=O)(=O)Nc1cccc2cc[nH]c12
CHEMBL393194,GR,7.260,,2,0,Active,exact,C[C@]12Cc3cnn(-c4ccc(F)cc4)c3C=C1CC[C@@H]2[C@@H](O)c1ccsc1
CHEMBL572212,GR,7.995,,4,0,Active,exact,C[C@]12Cn3cnc(-c4ccc(F)cc4)c3C=C1CCC[C@@H]2[C@](C)(O)C1CCCCC1
CHEMBL4544614,GR,6.500,,1,0,Active,exact,NC(=O)C[C@H]1CNc2cc(Cl)ccc2N1C(=O)c1ccc2c(c1)NC(=O)CO2
CHEMBL5780276,GR,5.560,,1,0,,exact,CCCCn1cnc2c(Cl)c(C(=O)Nc3ccc(C(F)(F)F)cc3)cnc21
CHEMBL5816468,GR,6.560,,1,0,Active,exact,CCN1CCN(CCn2nc(C)c3c(Cl)c(C(=O)Nc4ccc(C(F)(F)F)cc4)cnc32)CC1
CHEMBL4062302,GR,8.130,,2,0,Active,exact,Cc1csc(C(=O)[C@]23Cc4cnn(-c5ccc(F)cc5)c4C=C2CCN(S(=O)(=O)c2cccc(C(F)(F)F)c2)C3)n1
CHEMBL58,GR,,4.523,0,1,Inactive,censored,O=C1c2c(O)ccc(O)c2C(=O)c2c(NCCNCCO)ccc(NCCNCCO)c21
CHEMBL4865865,GR,4.850,,2,0,Inactive,exact,CN1CCC(Oc2ccc(N3C(=S)N(c4cnc(C#N)c(C(F)(F)F)c4)C(=O)C34CCC4)cc2)CC1
CHEMBL521,GR,,4.523,0,1,Inactive,censored,CC(C)Cc1ccc(C(C)C(=O)O)cc1
CHEMBL534,GR,,5.000,0,1,,censored,CN1CCC(=C2c3ccccc3CC(=O)c3sccc32)CC1
CHEMBL2426655,GR,6.940,,3,1,Active,exact,CC(C)Cn1ncc2cc(C(c3ccccc3)C(C)(C)C(=O)Nc3nncs3)ccc21
CHEMBL3647439,GR,8.150,,1,0,Active,exact,Cc1ncccc1CNC(=O)c1ccc2c(c1)CC[C@@H]1C[C@@](O)(CCC(F)(F)F)CC[C@@]21Cc1ccccc1
CHEMBL4204358,GR,9.150,,2,0,Active,exact,C[C@]12C=CC(=O)C=C1[C@@H](F)C[C@H]1[C@@H]3C[C@H]4CN(c5ccccc5)C[C@@]4(C(=O)CO)[C@@]3(C)C[C@H](O)[C@@]12F
CHEMBL6030096,GR,7.810,,1,0,Active,exact,C[C@]12C=CC(=O)C=C1CC[C@H]1[C@@H]3C[C@H]4O[C@@H](c5ccc(NC6(c7ccc(N)cc7)CC6)nc5)O[C@@]4(C(=O)CO)[C@@]3(C)C[C@H](O)[C@@]12F
CHEMBL383521,GR,,5.699,0,1,,censored,C=CCSCC1=CC(C)(C)Nc2ccc(-c3ccccc3OCC)cc21
CHEMBL3706955,GR,8.360,,1,0,Active,exact,COc1c(O)ccc2c1-c1ccc3c(c1/C(=C/c1ccc(-c4ccccc4)cc1)O2)C(C)=CC(C)(C)N3
CHEMBL270839,GR,8.800,,1,0,Active,exact,CC(C)(C)c1ccc(S(=O)(=O)N2CCC3=Cc4c(cnn4-c4ccc(F)cc4)C[C@]3(CO)C2)cc1
CHEMBL211456,GR,,4.523,0,1,Inactive,censored,CN[C@@H](C)[C@H](O)c1ccccc1
CHEMBL5890012,GR,6.560,,1,0,Active,exact,COc1cccc(NC(=O)c2cnc3c(c(C)nn3C)c2Cl)c1
CHEMBL1801010,GR,7.680,,1,3,Active,exact,CC(C)(C(=O)Nc1nccs1)C(c1ccccc1)c1ccc(O)cc1F
CHEMBL2426147,GR,8.410,,2,0,Active,exact,CC(C)(C(=O)Nc1nncs1)C(c1ccccc1)c1ccc2c(-c3ccc(F)cc3F)ncn2c1
CHEMBL141,GR,,4.523,0,1,Inactive,censored,Nc1ccn([C@@H]2CS[C@H](CO)O2)c(=O)n1
CHEMBL5857734,GR,6.560,,1,0,Active,exact,Cc1nn(C)c2ncc(C(=O)Nc3ccccc3C(F)(F)F)c(Cl)c12
CHEMBL549,GR,,4.523,0,1,Inactive,censored,CN(C)CCCC1(c2ccc(F)cc2)OCc2cc(C#N)ccc21
CHEMBL307149,GR,5.540,,2,0,,exact,Cc1c(NS(C)(=O)=O)cccc1N(Cc1ccccc1)Cc1cccc(Br)c1
CHEMBL5995932,GR,8.390,,1,0,Active,exact,CCCC1O[C@@H]2C[C@H]3[C@@H]4CCC5=Cc6c(cnn6-c6cccc(OCCCCP(=O)(O)O)c6)C[C@]5(C)[C@H]4[C@@H](O)C[C@]3(C)[C@]2(C(=O)CO)O1
CHEMBL6151098,GR,,5.000,0,1,,censored,O=C(O)c1ccc(-c2ccc(OCc3c(-c4c(Cl)cccc4Cl)noc3C3CC3)cc2)cc1
CHEMBL27,GR,,4.523,0,1,Inactive,censored,CC(C)NCC(O)COc1cccc2ccccc12
CHEMBL1200585,GR,4.680,,1,0,Inactive,exact,C[C@]12C/C(=C/O)C(=O)C[C@@H]1CC[C@@H]1[C@@H]2CC[C@@]2(C)[C@H]1CC[C@]2(C)O
CHEMBL5763663,GR,7.270,,1,0,Active,exact,C[C@]12C=CC(=O)C=C1[C@@H](F)C[C@H]1[C@@H]3C[C@H]4O[C@H](c5ccc(CSc6ccc(N)c(Cl)c6)cc5)O[C@@]4(C(=O)CO)[C@@]3(C)C[C@H](O)[C@@]12F
CHEMBL4764990,GR,7.500,,1,0,Active,exact,COc1cccc(-n2ncc3c2C=C2CC[C@@H]4[C@H]([C@@H](O)C[C@@]5(C)[C@H]4CC[C@]5(O)C(=O)CO)[C@@]2(C)C3)c1
CHEMBL2087295,GR,5.790,,1,0,,exact,Cc1ccc(Oc2ccc(CN(Cc3cc(F)cc(F)c3)c3c(Br)cc(CC(=O)O)cc3Br)cc2)c(C)c1
CHEMBL444889,GR,,5.000,0,1,,censored,CC(Cc1c[nH]c2ccccc12)NS(=O)(=O)c1ccccc1
CHEMBL4206713,GR,8.615,,2,0,Active,exact,Cc1cccc(CN2C[C@@H]3C[C@H]4[C@@H]5C[C@H](F)C6=CC(=O)C=C[C@]6(C)[C@@]5(F)[C@@H](O)C[C@]4(C)[C@]3(C(=O)CO)C2)c1
CHEMBL228932,GR,6.580,,1,0,Active,exact,COc1ccccc1-c1ccc2c(c1)C(C(C)OCCCc1ccccc1)=CC(C)(C)N2
CHEMBL1201039,GR,,4.523,0,1,Inactive,censored,NS(=O)(=O)c1cc2c(cc1Cl)N=C(CSCc1ccccc1)NS2(=O)=O
CHEMBL3927299,GR,7.430,,1,1,Active,exact,Cc1ncccc1NC(=O)c1ccc2c(c1)CC[C@@H]1[C@@H]2[C@@H](O)C[C@@]2(C)[C@H]1CC[C@@]2(O)C#CC(C)C
CHEMBL1255800,GR,,4.523,0,1,Inactive,censored,CCc1c(Cl)c(O)c(Cl)c(O)c1C(=O)O[C@H]1[C@H](O)[C@H](OC)[C@H](OC/C2=C\C=C\C[C@H](O)/C(C)=C/[C@H](CC)[C@@H](O[C@@H]3OC(C)(C)[C@@H](OC(=O)C(C)C)[C@H](O)[C@@H]3O)/C(C)=C/C(C)=C/C[C@@H]([C@@H](C)O)OC2=O)O[C@@H]1C
CHEMBL1173655,GR,,4.523,0,1,Inactive,censored,CN(C)C/C=C/C(=O)Nc1cc2c(Nc3ccc(F)c(Cl)c3)ncnc2cc1O[C@H]1CCOC1
CHEMBL4090392,GR,8.200,,3,0,Active,exact,CC[C@@H]1C[C@](O)(C(F)(F)F)[C@@H](Nc2cc(F)cc3nc(C)ncc23)c2ccc(F)c(O)c21
CHEMBL2104585,GR,,4.523,0,1,Inactive,censored,CC(C)c1cc2c(cc1S(=O)(=O)O)[C@@]1(C)CCC[C@@](C)(C(=O)O)[C@@H]1CC2
CHEMBL193240,GR,,4.523,0,1,Inactive,censored,O=C(Nc1c(Cl)cncc1Cl)c1ccc(OC(F)F)c(OCC2CC2)c1
CHEMBL1911155,GR,7.540,,5,1,Active,exact,CCS(=O)(=O)c1ccc(-c2ccc3c(n2)Oc2ccccc2[C@@H]3C(C)(C)C(=O)Nc2nncs2)cc1
CHEMBL1201219,GR,,4.523,0,1,Inactive,censored,CC(=O)O[C@H]1C[C@@H]2CC[C@@H]3[C@H](CC[C@@]4(C)[C@H]3C[C@H]([N+]3(C)CCCCC3)[C@@H]4OC(C)=O)[C@@]2(C)C[C@@H]1N1CCCCC1
CHEMBL1213033,GR,,4.523,0,1,Inactive,censored,CCN(CC)CCCN(c1ccccc1)C1Cc2ccccc2C1
CHEMBL190225,GR,8.270,,1,0,Active,exact,Cc1c(NS(C)(=O)=O)cccc1N(Cc1ccccc1)Cc1ccc(Oc2ccc(OCC(=O)O)cc2)cc1
CHEMBL224436,GR,,5.000,0,1,,censored,CO[C@@H]1[C@@H](O[C@@H]2O[C@H](C)[C@@H](O[C@H]3C[C@@](C)(O)[C@@H](OC(=O)CC(C)C)[C@H](C)O3)[C@H](N(C)C)[C@H]2O)[C@@H](CC=O)C[C@@H](C)[C@@H](O)/C=C/C=C/C[C@@H](C)OC(=O)C[C@H]1OC(C)=O
CHEMBL267936,GR,,5.000,0,1,,censored,CNC1(C)C2CCC(C2)C1(C)C
CHEMBL2426641,GR,7.465,,2,0,Active,exact,CC(C)(C(=O)Nc1nccs1)C(c1ccc2c(cnn2-c2ccc(F)cc2)c1)C1CCCCC1
CHEMBL2426138,GR,7.920,,6,0,Active,exact,CC(C)(C(=O)Nc1nncs1)C(c1ccccc1)c1ccc2c(-c3ccc(F)cc3)ncn2c1
CHEMBL4562723,GR,,6.000,0,1,,censored,C#CC[C@H]1CCC[C@]2(C=Cc3c(cnn3-c3ccc(F)cc3)C2)[C@H]1O
CHEMBL567,GR,,5.000,0,1,,censored,OCCN1CCN(CCCN2c3ccccc3Sc3ccc(Cl)cc32)CC1
CHEMBL72537,GR,6.240,,1,0,Active,exact,CC(=O)c1c(NS(C)(=O)=O)cccc1N(Cc1ccccc1)Cc1ccccc1
CHEMBL6049637,GR,6.560,,1,0,Active,exact,Cc1nn(-c2ccccc2)c2ncc(C(=O)Nc3ccc(CCO)cc3)c(Cl)c12
CHEMBL383634,GR,,4.523,0,1,Inactive,censored,COc1ccc2c(c1)C(=O)N(CCc1ccc(S(=O)(=O)NC(=O)NC3CCCCC3)cc1)C(=O)C2(C)C
CHEMBL2107797,GR,7.000,,2,0,Active,exact,C#CC1(O)CC[C@H]2[C@@H]3CCC4=CC(=O)CC[C@@H]4[C@H]3CC[C@@]21CC
CHEMBL5863204,GR,7.610,,1,0,Active,exact,C[C@]12C=CC(=O)C=C1[C@@H](F)C[C@H]1[C@@H]3C[C@H]4O[C@H](c5ccc(Sc6cccc(N)c6)cc5)O[C@@]4(C(=O)CO)[C@@]3(C)C[C@H](O)[C@@]12F
CHEMBL403761,GR,8.770,,1,0,Active,exact,CCN(CC)C[C@]12Cc3cnn(-c4ccc(F)cc4)c3C=C1CCN(S(=O)(=O)c1ccc(C(C)(C)C)cc1)C2
CHEMBL1093779,GR,5.490,,1,0,,exact,C=C1CCC(Br)C(C)(C)[C@@H]1Cc1cc(OC)c(Br)cc1O
CHEMBL2426623,GR,7.700,,5,1,Active,exact,CC(C(=O)Nc1nncs1)C(c1ccccc1)c1ccc2c(cnn2-c2ccc(F)cc2)c1
CHEMBL54349,GR,,4.523,0,1,Inactive,censored,CCCN(CCC)C(=O)Cc1c(-c2ccc(Cl)cc2)nc2ccc(Cl)cn12
CHEMBL578,GR,,4.523,0,1,Inactive,censored,CCOC(=O)[C@H](CCc1ccccc1)N[C@@H](C)C(=O)N1CCC[C@H]1C(=O)O
CHEMBL1372341,GR,,4.523,0,1,Inactive,censored,O=C(O)c1cc(O)c2c3nc4ccccc4oc-3cc(=O)c2n1
CHEMBL185125,GR,7.960,,1,0,Active,exact,Cc1c(NS(C)(=O)=O)cccc1N(Cc1ccccc1)Cc1ccc(Oc2cccc(OCCCC(=O)O)c2)cc1
CHEMBL48746,GR,5.900,,1,0,,exact,C=C1C=C(C)CC(C)(C)C1Cc1cc(OC)c(Br)cc1O
CHEMBL487728,GR,,5.523,0,1,,censored,CC1(C)OCC(=O)Nc2ccc(-c3cc(F)cc(C#N)c3)cc21
CHEMBL415324,GR,,4.523,0,1,Inactive,censored,COc1ccc(/C=C/C(=O)Nc2ccccc2C(=O)O)cc1OC
CHEMBL525442,GR,8.420,,1,0,Active,exact,C[C@H]1C[C@H]2[C@@H]3CCC4=CC(=O)C=C[C@]4(C)[C@@]3(F)[C@@H](O)C[C@]2(C)[C@@]1(OC(=O)NC1CCCC1)C(=O)CO
CHEMBL5749090,GR,8.850,,1,0,Active,exact,CNC(=O)NC(=O)C(C)(C)[C@@H]1c2ccc(-c3ccc(C(C)(C)O)cc3)nc2Oc2c(F)cccc21
CHEMBL396253,GR,7.330,,1,0,Active,exact,O=c1[nH]c(N2CCC(c3ccccc3)C2)c(Cc2ccccc2)c(=O)[nH]1
CHEMBL5991580,GR,8.835,,2,0,Active,exact,CC(C)Oc1ccc(-c2ccc3c(n2)Oc2ccccc2[C@@H]3C(C)(C)C(=O)NC(N)=O)cn1
CHEMBL4069357,GR,8.300,,3,0,Active,exact,CC[C@@H]1C[C@](O)(C(F)(F)F)[C@@H](Nc2cccc3nc(C)ccc23)c2ccc(F)c(O)c21
CHEMBL1911282,GR,7.095,,6,0,Active,exact,CC(C)(C(=O)Nc1nncs1)[C@H]1c2ccccc2Oc2nc(-c3ccc(C(=O)N4CCC(F)(F)C4)c(Cl)c3)ccc21
CHEMBL2426644,GR,6.820,,4,0,Active,exact,CC(C)(C(=O)Nc1nccs1)[C@H](c1ccccc1)c1ccc2c(cnn2-c2ccc(F)cc2)c1
CHEMBL83,GR,5.020,,1,0,,exact,CC/C(=C(\c1ccccc1)c1ccc(OCCN(C)C)cc1)c1ccccc1
CHEMBL5273027,GR,7.000,,1,2,Active,exact,CCCCc1ccc(C(=O)N2CCCc3cc(NS(=O)(=O)c4cc(Cl)c(C)cc4OC)ccc32)cc1
CHEMBL1911544,GR,7.075,,2,0,Active,exact,COc1ccc(F)cc1C(C)(C)CC(O)(Cc1cc2cccc(F)c2[nH]1)C(F)(F)F
CHEMBL3752910,GR,4.340,,2,0,Inactive,exact,Cc1ccc(C(=O)Nc2cccc(C(F)(F)F)c2)cc1Nc1nc(-c2cccnc2)nc2c1cnn2C
CHEMBL614,GR,,4.523,0,1,Inactive,censored,NC(=O)c1cnccn1
CHEMBL6014879,GR,,5.301,0,1,,censored,CC(=O)Nc1ccc(NC(=O)c2cnc3c(c(C)nn3-c3ccccc3)c2Cl)cc1
CHEMBL44354,GR,,4.523,0,1,Inactive,censored,CC(C)(O/N=C(\C(=O)N[C@@H]1C(=O)N2C(C(=O)[O-])=C(C[n+]3ccccc3)CS[C@H]12)c1csc(N)n1)C(=O)O
CHEMBL78625,GR,9.495,,4,0,Active,exact,CC#C[C@@]1(O)CC[C@@]2(Cc3ccccc3)c3ccc(O)cc3CC[C@@H]2C1
CHEMBL4463126,GR,,4.800,0,1,Inactive,censored,O=C1COc2ccc(C(=O)N3c4ccc(Cl)cc4C[C@@H]3CCO)cc2N1
CHEMBL499629,GR,8.550,,1,0,Active,exact,CCCCNC(=O)O[C@]1(C(=O)CO)[C@@H](C)C[C@H]2[C@@H]3CCC4=CC(=O)C=C[C@]4(C)[C@@]3(F)[C@@H](O)C[C@@]21C
CHEMBL1374379,GR,,5.000,0,1,,censored,CCCCNc1ccc(C(=O)OCCOCCOCCOCCOCCOCCOCCOCCOCCOC)cc1
CHEMBL1928872,GR,5.250,,1,0,,exact,O=C1COc2ccc(C3=Nn4cnnc4SC3c3ccccc3)cc2N1
CHEMBL206706,GR,,5.699,0,1,,censored,C=CCSCC1=CC(C)(C)Nc2ccc(-c3c(OC)cccc3OC)cc21
CHEMBL5991521,GR,7.360,,1,0,Active,exact,C[C@]12C=CC(=O)C=C1[C@@H](F)C[C@H]1[C@@H]3C[C@H]4O[C@H](c5ccc(Sc6ccc(Cl)c(N)c6)cc5)O[C@@]4(C(=O)CO)[C@@]3(C)C[C@H](O)[C@@]12F
CHEMBL1726,GR,5.060,,1,0,,exact,COC(=O)C1=C(C)NC(C)=C(C(=O)OCC(C)C)C1c1ccccc1[N+](=O)[O-]
CHEMBL1201207,GR,8.260,,2,0,Active,exact,C[C@H]1C[C@H]2[C@@H]3CCC4=CC(=O)C=C[C@]4(C)[C@@]3(F)[C@@H](O)C[C@]2(C)[C@@]1(O)C(=O)COP(=O)(O)O
CHEMBL325041,GR,,4.523,0,1,Inactive,censored,CC(C)C[C@H](NC(=O)[C@H](Cc1ccccc1)NC(=O)c1cnccn1)B(O)O
CHEMBL5282207,GR,6.230,,3,0,Active,exact,O=C(c1ccco1)N1CCCc2cc(NS(=O)(=O)c3ccc(Cl)c([N+](=O)[O-])c3)ccc21
CHEMBL510868,GR,5.600,,1,0,,exact,CC(C)C[C@](CCO)(C[C@H](O)CNC(=O)COCCOCCNC(=O)[C@@]1(O)[C@H](C)C[C@H]2[C@@H]3CCC4=CC(=O)C=C[C@]4(C)[C@@]3(F)[C@@H](O)C[C@@]21C)NCc1ccccc1
CHEMBL1512,GR,8.445,,2,0,Active,exact,CC1(C)O[C@@H]2C[C@H]3[C@@H]4C[C@H](F)C5=CC(=O)C=C[C@]5(C)[C@H]4[C@@H](O)C[C@]3(C)[C@]2(C(=O)CO)O1
CHEMBL468837,GR,,5.000,0,1,,censored,CCC1(C2=CCCCCC2)C(=O)NC(=O)NC1=O
CHEMBL271502,GR,7.770,,1,0,Active,exact,C[C@]12Cc3cnn(-c4ccc(F)cc4)c3C=C1CCN(S(=O)(=O)c1ccc(N)cc1)C2
CHEMBL51669,GR,5.750,,1,0,,exact,C=C1CCCC(C)(C)[C@@H]1Cc1cc(OC)c(Br)cc1O
CHEMBL5177023,GR,5.500,,1,0,,exact,Cc1c(C#Cc2ccc(CN3CCC(CO)CC3)cc2)cc(C(F)F)c2cn(C(C(=O)Nc3nccs3)c3ncn4c3CCC43CC3)nc12
CHEMBL2218896,GR,,4.523,0,1,Inactive,censored,CCCCCCC(C)(C)c1cc(O)c2c(c1)OC(C)(C)C1CCC(=O)CC21
CHEMBL5999590,GR,7.180,,1,0,Active,exact,CCC(=O)NC(=O)C(C)(C)[C@@H]1c2ccc(-c3ccc(C(=O)N4CCOCC4)cc3)nc2Oc2c(F)cccc21
CHEMBL1762204,GR,8.310,,3,0,Active,exact,Cc1c[nH]c2c(-c3c(F)cc4c(c3F)/C(=N/OC(C)C)CC(C)(C)N4)cccc12
CHEMBL697,GR,,5.000,0,1,,censored,CN1C(=O)CC(C)(c2ccccc2)C1=O
CHEMBL2022858,GR,8.995,,2,0,Active,exact,C[C@]12Cc3cnn(-c4ccc(F)cc4)c3C=C1CC[C@@H]1[C@@H]2[C@@H](O)C[C@@]2(C)[C@H]1CC[C@]2(O)C(=O)CO
CHEMBL211266,GR,8.460,,1,0,Active,exact,Cc1noc(=O)c2ccc(NC(=O)C(O)(CC3(CC(C)C)CCCc4ccccc43)C(F)(F)F)cc12
CHEMBL514636,GR,6.640,,3,0,Active,exact,CC1(C(=O)Nc2nccs2)CC2(Cl)c3ccccc3C1c1ccccc12
CHEMBL5915310,GR,8.570,,1,0,Active,exact,CC(=O)Nc1ccc(-c2ccc3c(n2)Oc2ccccc2[C@@H]3C(C)(C)C(=O)NC(N)=O)cn1
CHEMBL408,GR,5.200,,1,0,,exact,Cc1c(C)c2c(c(C)c1O)CCC(C)(COc1ccc(CC3SC(=O)NC3=O)cc1)O2
CHEMBL5281555,GR,5.910,,3,0,,exact,O=C(c1ccco1)N1CCCc2cc(NS(=O)(=O)c3ccc4c(c3)CCCC4)ccc21
CHEMBL2419299,GR,5.300,,1,0,,exact,CC1NC(=O)C(c2ccc(F)cc2)=C1c1cc(F)c2c(c1)NC(=O)CO2
CHEMBL2419306,GR,5.420,,1,0,,exact,CC1OC(=O)C(c2ccc(F)cc2)=C1c1ccc2c(c1)NC(=O)CO2
CHEMBL236018,GR,7.230,,2,0,Active,exact,CCC1(CC(O)(Cc2cc3c(C)cc(C#N)cc3[nH]2)C(F)(F)F)CCCc2ccccc21
CHEMBL5978076,GR,6.560,,1,0,Active,exact,Cc1nn(CCN2CCN(C)CC2)c2ncc(C(=O)Nc3ccc(C(F)(F)F)cc3)c(Cl)c12
CHEMBL5892755,GR,6.560,,1,0,Active,exact,CCCn1nc(C)c2c(Cl)c(C(=O)Nc3ccc(Cl)cc3)cnc21
CHEMBL1750,GR,,4.523,0,1,Inactive,censored,Nc1nc(Cl)nc2c1ncn2[C@@H]1O[C@H](CO)[C@@H](O)[C@@H]1F
CHEMBL3261422,GR,6.100,,1,0,Active,exact,Cc1cc(C)c(S(=O)(=O)NC(C)CS(=O)(=O)c2cccc3c2cnn3-c2ccc(F)cc2)c(C)c1
CHEMBL4446086,GR,4.900,,1,0,Inactive,exact,CC(C)C[C@H]1COc2cc(F)ccc2N1C(=O)c1ccc2c(c1)NC(=O)CC2
CHEMBL4297626,GR,,4.523,0,2,Inactive,censored,Cn1nc(C(=O)N(Cc2ccccc2)Cc2ccc(C(=O)O)cc2)c2c1-c1cc(Cl)ccc1OC2
CHEMBL2023239,GR,8.770,,1,0,Active,exact,C[C@]12Cc3cnn(-c4ccc(F)cc4)c3C=C1CC[C@@H]1[C@@H]2[C@@H](O)C[C@@]2(C)[C@H]1CC[C@]2(O)C(=O)CSc1nc2ccccc2s1
CHEMBL5282866,GR,5.495,,2,1,,exact,COc1ccc(S(=O)(=O)Nc2ccc3c(c2)CCCN3C(=O)c2ccco2)cc1
CHEMBL5280434,GR,5.760,,2,1,,exact,O=C(c1ccco1)N1CCCc2cc(N(S(=O)(=O)c3cccs3)S(=O)(=O)c3cccs3)ccc21
CHEMBL1214,GR,,4.523,0,1,Inactive,censored,CC1(C)S[C@@H]2[C@H](NC(=O)C(C(=O)O)c3ccccc3)C(=O)N2[C@H]1C(=O)O
CHEMBL1741,GR,,4.523,0,1,Inactive,censored,CC[C@H]1OC(=O)[C@H](C)[C@@H](O[C@H]2C[C@@](C)(OC)[C@@H](O)[C@H](C)O2)[C@H](C)[C@@H](O[C@@H]2O[C@H](C)C[C@H](N(C)C)[C@H]2O)[C@](C)(OC)C[C@@H](C)C(=O)[C@H](C)[C@@H](O)[C@]1(C)O
CHEMBL566575,GR,7.510,,4,0,Active,exact,Cc1cccc([C@@](C)(O)[C@H]2CCCC3=Cc4c(-c5ccc(F)cc5)ncn4C[C@@]32C)c1
CHEMBL397018,GR,6.680,,1,0,Active,exact,C/C=C/COC(C)C1=CC(C)(C)Nc2ccc(-c3ccccc3OC)cc21
CHEMBL1911144,GR,7.440,,2,3,Active,exact,CC(C)(C(=O)Nc1nncs1)[C@H]1c2ccccc2Oc2nc(-c3ccccc3)ccc21
CHEMBL1253987,GR,7.320,,2,1,Active,exact,CC(C)(CC(O)(Cc1cc2ccncc2[nH]1)C(F)(F)F)c1cccc(F)c1
CHEMBL2022651,GR,8.930,,2,0,Active,exact,C[C@]12Cc3cnn(-c4ccccc4)c3C=C1CC[C@@H]1[C@@H]2[C@@H](O)C[C@@]2(C)[C@H]1CC[C@]2(O)C(=O)CO
CHEMBL3647445,GR,8.670,,1,0,Active,exact,Cc1c(NC(=O)c2ccc3c(c2)CC[C@@H]2C[C@@](O)(C(F)(F)F)CC[C@@]32Cc2ccccc2)ccc[n+]1[O-]
CHEMBL235689,GR,7.570,,1,0,Active,exact,COc1ccc(F)cc1C(C)(C)CC(O)(Cc1cc(Cl)cc(C#N)c1)C(F)(F)F
CHEMBL4452917,GR,7.690,,1,0,Active,exact,CC#C[C@]1(O)CC[C@H]2[C@@H]3CCC4=CC(=O)CC[C@]4(C)[C@H]3[C@@H](c3ccc(N(C)C(C)C)cc3)C[C@@]21C
CHEMBL101,GR,,5.000,0,1,,censored,CCCCC1C(=O)N(c2ccccc2)N(c2ccccc2)C1=O
CHEMBL809,GR,,4.523,0,1,Inactive,censored,CN[C@H]1CC[C@@H](c2ccc(Cl)c(Cl)c2)c2ccccc21
CHEMBL569544,GR,7.800,,3,1,Active,exact,C[C@]12Cn3cnc(-c4ccc(F)cc4)c3C=C1CCC[C@@H]2[C@](C)(O)c1ccccc1
CHEMBL1940687,GR,8.240,,1,0,Active,exact,C[C@@H]1C[C@H]2[C@@H]3CCC4=CC(=O)C=C[C@]4(C)[C@H]3[C@@H](O)C[C@]2(C)[C@@]1(O)C(=O)CSc1nc2ccccc2s1
CHEMBL4463240,GR,8.800,,1,0,Active,exact,CC(C)Cc1cc2c(cc1F)OC[C@H](CS(N)(=O)=O)N2C(=O)c1ccc2c(c1)NC(=O)CO2
CHEMBL6044131,GR,6.560,,1,0,Active,exact,CCN1CCC(n2nc(C)c3c(Cl)c(C(=O)Nc4ccc(Cl)cc4)cnc32)CC1
CHEMBL1940553,GR,6.930,,1,0,Active,exact,C[C@]12C=CC(=O)C=C1CC[C@@H]1[C@@H]2[C@@H](O)C[C@@]2(C)[C@H]1CC[C@]2(O)C(=O)CSc1nc2cccnc2s1
CHEMBL4065892,GR,,6.000,0,1,,censored,C[C@@H](NC(=O)C(C)(F)F)[C@H](Oc1ccc2c(cnn2-c2cccc(C(=O)N[C@H]3CCOC3)c2)c1)c1ccc2c(c1)OCCO2
CHEMBL1201784,GR,,4.523,0,1,Inactive,censored,CCCCCCOC(=O)CCC(=O)CN
CHEMBL3263752,GR,,5.000,0,2,,censored,COc1nc(C2=NN(c3ccc(C#N)c(C)c3)[C@@H](C3CCCC3)C2)ccc1C(=O)O
CHEMBL1473,GR,9.300,,7,0,Active,exact,CCC(=O)O[C@]1(C(=O)SCF)[C@H](C)C[C@H]2[C@@H]3C[C@H](F)C4=CC(=O)C=C[C@]4(C)[C@@]3(F)[C@@H](O)C[C@@]21C
CHEMBL4440099,GR,5.700,,1,0,,exact,C[C@H]1CCc2cc(F)ccc2N1C(=O)c1ccc2c(c1)NC(=O)CO2
CHEMBL24828,GR,,4.523,0,1,Inactive,censored,COc1cc2/c(=N/c3ccc(Br)cc3F)nc[nH]c2cc1OCC1CCN(C)CC1
CHEMBL3261169,GR,7.640,,1,0,Active,exact,Cc1cc(C)c(S(=O)(=O)N[C@@H](C)COc2cccc3[nH]ccc23)c(C)c1
CHEMBL5070843,GR,7.915,,2,0,Active,exact,CC(C)C[C@@H](CN(CC(=O)N[C@H](C(N)=O)[C@@H](C)O)S(=O)(=O)CCN)NC(=O)[C@H](CC(C)C)NC(=O)[C@H](Cc1c[nH]c2ccccc12)NC(=O)[C@H](CCC(N)=O)NC(=O)[C@@H](NC(=O)[C@H](Cc1ccccc1)NC(=O)[C@H](CC(=O)O)NC(=O)[C@H](CCCCNC(=O)COCCOCCNC(=O)COCCOCCNC(=O)CCC(NC(=O)CCCCCCCCCCCCCCCCC(=O)O)C(=O)O)NC(=O)[C@H](C)NC(=O)[C@H](CCCNC(=N)N)NC(=O)[C@H](CCCNC(=N)N)NC(=O)[C@H](CO)NC(=O)[C@H](CC(=O)O)NC(=O)[C@H](CC(C)C)NC(=O)[C@H](Cc1ccc(O)cc1)NC(=O)[C@H](CCCCN)NC(=O)[C@H](CO)NC(=O)[C@H](Cc1ccc(O)cc1)NC(=O)[C@H](CC(=O)O)NC(=O)[C@H](CO)NC(=O)[C@@H](NC(=O)[C@H](Cc1ccccc1)NC(=O)[C@@H](NC(=O)CNC(=O)[C@H](CCC(N)=O)NC(=O)C(C)(C)NC(=O)[C@@H](N)Cc1cnc[nH]1)[C@@H](C)O)[C@@H](C)O)C(C)C
CHEMBL1201269,GR,,4.523,0,1,Inactive,censored,CC(C)(N)Cc1ccc(Cl)cc1
CHEMBL5285925,GR,6.510,,2,1,Active,exact,COc1ccc(C(=O)N2CCCc3cc(NS(=O)(=O)c4cc(Cl)c(C)cc4OC)ccc32)cc1
CHEMBL233659,GR,6.320,,1,0,Active,exact,CC(Cc1c[nH]c2ccccc12)NS(=O)(=O)c1ccc(Cl)cc1Cl
CHEMBL389621,GR,7.710,,3,0,Active,exact,C[C@]12CCC(=O)C=C1CC[C@@H]1[C@@H]2[C@@H](O)C[C@@]2(C)[C@H]1CC[C@]2(O)C(=O)CO
CHEMBL5934274,GR,8.130,,1,0,Active,exact,COc1cc(Cc2ccc([C@@H]3O[C@@H]4C[C@H]5[C@@H]6C[C@H](F)C7=CC(=O)C=C[C@]7(C)[C@@]6(F)[C@@H](O)C[C@]5(C)[C@]4(C(=O)CO)O3)cc2)ccc1N
CHEMBL474770,GR,6.595,,6,0,Active,exact,Cc1cnc(NC(=O)C2(C)CC3c4ccccc4C2c2ccccc23)s1
CHEMBL5986471,GR,9.600,,1,0,Active,exact,CC(C)Oc1ccc(-c2ccc3c(n2)Oc2c(F)cccc2[C@@H]3C(C)(C)C(=O)NC(N)=O)cc1
CHEMBL1682435,GR,8.510,,1,0,Active,exact,C=Cc1c(-c2cccc3cc[nH]c23)cc2c(c1C)NC(C)(C)[C@H](O)[C@H]2C
CHEMBL1201109,GR,7.800,,1,0,Active,exact,CC1(C)O[C@@H]2C[C@H]3[C@@H]4CCC5=CC(=O)C=C[C@]5(C)[C@H]4[C@@H](O)C[C@]3(C)[C@]2(C(=O)CO)O1
CHEMBL266935,GR,9.410,,1,0,Active,exact,C#C[C@]1(O)CC[C@H]2[C@@H]3CCC4=CC(=O)CCC4=C3[C@@H](c3ccc(N(C)CCNC(=O)OC4CC[C@@]5(C)[C@@H](C4)C[C@@H](O)[C@@H]4[C@@H]5C[C@H](O)[C@]5(C)[C@@H]([C@H](C)CCC(=O)O)CC[C@@H]45)cc3)C[C@@]21C
CHEMBL3315052,GR,8.230,,6,0,Active,exact,CC(=O)NC(=O)C(C)(C)[C@@H]1c2ccc(-c3ccc(C(=O)N4CCOCC4)cc3)nc2Oc2c(F)cccc21
CHEMBL1331216,GR,,5.000,0,1,,censored,CN1[C@@H]2CC[C@H]1C[C@@H](OC(=O)[C@H](CO)c1ccccc1)C2
CHEMBL325221,GR,6.090,,1,0,Active,exact,CCCCC1Oc2ccccc2-c2ccc3c(c21)C(C)=CC(C)(C)N3
CHEMBL404640,GR,6.960,,1,1,Active,exact,COc1ccc(-c2cc(C)c3c(c2Cl)C(C)CC(C)(C)N3)c2[nH]ccc12
CHEMBL2024024,GR,7.660,,1,0,Active,exact,C[C@]12CCC(=O)C=C1CC[C@@H]1[C@@H]2[C@@H](O)C[C@@]2(C)[C@H]1CC[C@]2(O)C(=O)CSc1cnc2ccccc2n1
CHEMBL516033,GR,7.300,,1,0,Active,exact,CCN(CC(O)(CNC(=O)c1cnn(-c2ccc(F)cc2)c1N)C(F)(F)F)C(=O)c1c(F)cccc1S(C)(=O)=O
CHEMBL4068611,GR,7.615,,2,0,Active,exact,Cn1cc(S(=O)(=O)N2CCC3=Cc4c(cnn4-c4ccc(F)cc4)C[C@]3(C(=O)c3cc(C(F)(F)F)ccn3)C2)cn1
CHEMBL228766,GR,,5.699,0,1,,censored,C=CCOC(CCc1ccccc1)C1=CC(C)(C)Nc2ccc(-c3ccccc3OC)cc21
CHEMBL4576596,GR,7.860,,1,0,Active,exact,CCN(CC)c1ccc([C@H]2C[C@@]3(C)[C@@H](CC[C@@]3(O)C#CC(C)(C)C)[C@@H]3CCC4=CC(=O)CC[C@@H]4[C@H]32)cc1
CHEMBL194301,GR,6.330,,1,0,Active,exact,Cc1cc(C)cc(CC(O)(CC(C)(C)c2cc(F)ccc2O)C(=O)Nc2ccc3c(c2)COC3=O)c1
CHEMBL377844,GR,7.900,,1,0,Active,exact,Cc1noc(=O)c2ccc(NC(=O)C(O)(CC3CCCc4cc(F)ccc43)C(F)(F)F)cc12
CHEMBL3126942,GR,8.175,,2,0,Active,exact,CC(C)(CC(O)(Cc1cc2ncncc2[nH]1)C(F)(F)F)c1ccc(F)cc1O
CHEMBL4207537,GR,7.540,,2,0,Active,exact,CC(O)n1cc(-n2ncc3cc(O[C@H](c4ccccc4)[C@H](C)NC(=O)C(C)(F)F)ccc32)ccc1=O
CHEMBL317921,GR,7.230,,1,0,Active,exact,CC1=CC(C)(C)Nc2ccc3c(c21)C(c1ccc(Cl)c(Cl)c1)Oc1ccccc1-3
CHEMBL1911646,GR,7.325,,2,0,Active,exact,COc1ccc(F)cc1C(C)(C)CC(O)(Cc1cc2cc(F)ccc2[nH]1)C(F)(F)F
CHEMBL526566,GR,6.450,,1,0,Active,exact,C[C@H]1C[C@H]2[C@@H]3CCC4=CC(=O)C=C[C@]4(C)[C@@]3(F)[C@@H](O)C[C@]2(C)[C@@]1(OC(=O)NCC(C)(C)C)C(=O)CO
CHEMBL1199080,GR,,4.523,0,1,Inactive,censored,CC[N+](C)(C)Cc1ccccc1Br
CHEMBL5947384,GR,7.180,,1,0,Active,exact,C[C@]12C=CC(=O)C=C1[C@@H](F)C[C@H]1[C@@H]3C[C@H]4O[C@@H](c5ccc(Cc6cccc(N)c6)cc5)O[C@@]4(C(=O)SCF)[C@@]3(C)C[C@H](O)[C@@]12F
CHEMBL6026645,GR,5.560,,1,0,,exact,Cc1ccc(Cn2cnc3c(Cl)c(C(=O)Nc4ccc(Cl)cc4)cnc32)cc1
CHEMBL247632,GR,8.050,,1,0,Active,exact,CC(C)(C)c1ccc(S(=O)(=O)N2CCC3=CC(=O)CCC3(Cc3ccc(Br)cc3)C2)cc1
CHEMBL1732,GR,,4.523,0,1,Inactive,censored,CN1C[C@H](C(=O)N[C@]2(C)O[C@@]3(O)[C@@H]4CCCN4C(=O)[C@H](Cc4ccccc4)N3C2=O)C[C@@H]2c3cccc4[nH]cc(c34)C[C@H]21
CHEMBL179791,GR,8.800,,1,0,Active,exact,Cc1c(NS(C)(=O)=O)cccc1N(Cc1ccccc1)Cc1ccc(Oc2ccc(CCCC(=O)NCC(=O)O)cc2)cc1
CHEMBL5950609,GR,6.560,,1,0,Active,exact,COc1ccc(NC(=O)c2cnc3c(c(C)nn3C)c2Cl)cc1
CHEMBL404879,GR,6.880,,1,1,Active,exact,Cc1cc(-c2ccc(Cl)c3cc[nH]c23)c(Cl)c2c1NC(C)(C)CC2C
CHEMBL3261418,GR,7.775,,2,0,Active,exact,COc1cccc(-n2ncc3c(NC[C@H](C)NS(=O)(=O)c4c(C)cc(C)cc4C)cccc32)c1
CHEMBL1090805,GR,8.160,,1,0,Active,exact,C#Cc1cccc2c1-c1ccc3c(c1[C@H](CC=C)O2)C(C)=CC(C)(C)N3
CHEMBL415099,GR,8.430,,1,0,Active,exact,COc1ccc(S(=O)(=O)N2CCC3=Cc4c(cnn4-c4ccc(F)cc4)C[C@]3(C)C2)cc1
CHEMBL3261409,GR,8.180,,3,0,Active,exact,Cc1cccc(-n2ncc3c(NC[C@H](C)NS(=O)(=O)c4c(C)cc(C)cc4C)cccc32)c1
CHEMBL5923235,GR,6.560,,1,0,Active,exact,COCCn1ccnc1Cn1nc(C)c2c(Cl)c(C(=O)Nc3ccc(Cl)cc3)cnc21
CHEMBL135,GR,4.720,,3,0,Inactive,exact,C[C@]12CC[C@@H]3c4ccc(O)cc4CC[C@H]3[C@@H]1CC[C@@H]2O
CHEMBL267930,GR,,4.523,0,1,Inactive,censored,O=C(CCCN1CCC2(CC1)C(=O)NCN2c1ccccc1)c1ccc(F)cc1
CHEMBL411457,GR,8.470,,1,0,Active,exact,C[C@]12Cc3cnn(-c4ccc(F)cc4)c3C=C1CCN(S(=O)(=O)c1ccc(C(F)(F)F)cc1)C2
CHEMBL126,GR,,4.523,0,1,Inactive,censored,CC(=O)NC[C@H]1CN(c2ccc(N3CCOCC3)c(F)c2)C(=O)O1
CHEMBL427568,GR,9.370,,2,0,Active,exact,C#C[C@]1(O)CC[C@H]2[C@@H]3CCC4=CC(=O)CCC4=C3[C@@H](c3ccc(N(C)CCOC4CC[C@@]5(C)[C@@H](C4)C[C@@H](O)[C@@H]4[C@@H]5C[C@H](O)[C@]5(C)[C@@H]([C@H](C)CCC(=O)O)CC[C@@H]45)cc3)C[C@@]21C
CHEMBL4207016,GR,8.330,,7,0,Active,exact,CC(C)[C@H](NC(=O)C(C)(F)F)[C@H](Oc1ccc2c(cnn2-c2ccc(=O)n(C)c2)c1)c1cc(F)cc(F)c1
CHEMBL1084716,GR,6.600,,1,1,Active,exact,CC(C)c1cc(C(C)C)c(S(=O)(=O)Nc2ccc(-c3ccc4c(cnn4-c4ccc(F)cc4)c3)c(C(F)(F)F)c2)c(C(C)C)c1
CHEMBL887,GR,,4.523,0,1,Inactive,censored,C#CCN[C@@H]1CCc2ccccc21
CHEMBL5889605,GR,6.560,,1,0,Active,exact,Cc1nn(CCCN(C)C)c2ncc(C(=O)Nc3ccc(Cl)cc3)c(Cl)c12
CHEMBL3358923,GR,7.215,,2,0,Active,exact,Cc1cc2cc(CC(O)(CC(C)(C)c3cc(F)ccc3C)C(F)(F)F)[nH]c2cn1
CHEMBL2103774,GR,6.420,,1,0,Active,exact,C#C[C@]1(O)CC[C@H]2[C@@H]3[C@H](C)CC4=C(CCC(=O)C4)[C@H]3CC[C@@]21C
CHEMBL2096708,GR,9.770,,1,0,Active,exact,C#C[C@]1(O)CC[C@H]2[C@@H]3CCC4=CC(=O)CCC4=C3[C@@H](c3ccc(N(C)CCOCCO[C@H]4CC[C@@]5(C)[C@@H](C4)C[C@@H](O)[C@@H]4[C@@H]5C[C@H](O)[C@]5(C)[C@@H]([C@H](C)CCC(=O)O)CC[C@@H]45)cc3)C[C@@]21C
CHEMBL430855,GR,7.470,,1,0,Active,exact,CC1=CC(C)(C)Nc2ccc3c(c21)C(c1cccc(Br)c1)Oc1ccccc1-3
CHEMBL5906415,GR,,5.301,0,1,,censored,Cc1nn(-c2ccccc2)c2ncc(C(=O)Nc3ccc(-c4nn[nH]n4)cc3)c(Cl)c12
CHEMBL3706950,GR,8.820,,1,0,Active,exact,COc1c(O)ccc2c1-c1ccc3c(c1/C(=C/c1cccc(-c4cccnc4)c1)O2)C(C)=CC(C)(C)N3
CHEMBL5741359,GR,6.560,,1,0,Active,exact,Cc1nn(Cc2cccs2)c2ncc(C(=O)Nc3ccc(Cl)cc3)c(Cl)c12
CHEMBL86,GR,,4.523,0,1,Inactive,censored,CCN(CC)CCNC(=O)c1cc(Cl)c(N)cc1OC
CHEMBL193986,GR,7.680,,1,0,Active,exact,C[C@H]1CCO[C@]2(CCC3=Cc4c(cnn4-c4ccc(F)cc4)C[C@@]32C)O1
CHEMBL5990447,GR,6.560,,1,0,Active,exact,O=C(Nc1ccc(Cl)cc1)c1cnc2c(cnn2Cc2cccs2)c1Cl
CHEMBL1730601,GR,,4.523,0,1,Inactive,censored,Oc1cc(O)c(Cl)cn1
CHEMBL188185,GR,,4.523,0,1,Inactive,censored,CCCC(=O)N1CCCN(c2nc(N)c3cc(OC)c(OC)cc3n2)CC1
CHEMBL278172,GR,,5.000,0,1,,censored,CCOC(=O)c1ccc(N)cc1
CHEMBL286158,GR,6.600,,1,0,Active,exact,C[C@H]1C(=O)C(C)(C)Nc2ccc3c(c21)[C@H](c1cccc(C(F)(F)F)c1)Oc1ccccc1-3
CHEMBL3093460,GR,7.700,,1,1,Active,exact,Cc1cc(C)c(S(=O)(=O)NC(CSc2ccccc2)C(F)(F)F)c(C)c1
CHEMBL267044,GR,,4.523,0,1,Inactive,censored,CCN1CCC[C@H]1CNC(=O)c1cc(S(N)(=O)=O)ccc1OC
CHEMBL101907,GR,7.380,,1,0,Active,exact,CC1=CC(C)(C)Nc2ccc3c(c21)C(c1cc(C)cc(Br)c1)Oc1ccccc1-3
CHEMBL376359,GR,,4.523,0,1,Inactive,censored,Cn1c(=O)cc(N2CCC[C@@H](N)C2)n(Cc2ccccc2C#N)c1=O
CHEMBL4563408,GR,,5.000,0,2,,censored,O=C(Nc1ccc(OC(F)F)nc1)NC1CCN(c2ncnc3c2nc(-c2ccccc2Cl)n3-c2ccc(Cl)cc2)CC1
CHEMBL3765171,GR,6.330,,1,0,Active,exact,Cc1c(N[C@@H]2CCC[C@]2(C)O)ccc(C#N)c1Cl
CHEMBL532,GR,,4.523,0,1,Inactive,censored,CC[C@H]1OC(=O)[C@H](C)[C@@H](O[C@H]2C[C@@](C)(OC)[C@@H](O)[C@H](C)O2)[C@H](C)[C@@H](O[C@@H]2O[C@H](C)C[C@H](N(C)C)[C@H]2O)[C@](C)(O)C[C@@H](C)C(=O)[C@H](C)[C@@H](O)[C@]1(C)O
CHEMBL1917249,GR,7.800,,1,0,Active,exact,C[C@]12CCC(=O)C=C1CC[C@@H]1[C@@H]2[C@@H](O)C[C@@]2(C)[C@H]1CC[C@]2(OC(=O)c1ccco1)C(=O)CSc1nccc2ccccc12
CHEMBL5836006,GR,6.560,,1,0,Active,exact,Cc1nn(C)c2ncc(C(=O)Nc3ccc(N(C)C)cc3)c(Cl)c12
CHEMBL92,GR,,4.523,0,1,Inactive,censored,CC(=O)O[C@@]12CO[C@@H]1C[C@H](O)[C@@]1(C)C(=O)[C@H](O)C3=C(C)[C@@H](OC(=O)[C@H](O)[C@@H](NC(=O)OC(C)(C)C)c4ccccc4)C[C@@](O)([C@@H](OC(=O)c4ccccc4)[C@H]21)C3(C)C
CHEMBL6995,GR,,5.000,0,1,,censored,CC(=O)Nc1ccc(OCC(O)CNC(C)C)cc1
CHEMBL5805690,GR,6.560,,1,0,Active,exact,Cc1nn(Cc2nccn2C(C)C)c2ncc(C(=O)Nc3ccc(Cl)cc3)c(Cl)c12
CHEMBL5612843,GR,5.700,,1,0,,exact,COCC[C@@]12CC[C@@]3(C)C[C@@H](O)CC3=C1CCc1cc(Nc3cnccc3C)ccc12
CHEMBL813,GR,,4.523,0,1,Inactive,censored,CCCCc1ncc(/C=C(\Cc2cccs2)C(=O)O)n1Cc1ccc(C(=O)O)cc1
CHEMBL71752,GR,,4.523,0,1,Inactive,censored,CCOC(=O)C1=C[C@]2(CC)CCCN3CCc4c(n1c1ccccc41)[C@@H]32
CHEMBL5953714,GR,6.560,,1,0,Active,exact,O=C(Nc1ccc(C(F)(F)F)cc1)c1cnc2c(c(C3CC3)nn2-c2ccccc2)c1Cl
CHEMBL63431,GR,6.090,,1,0,Active,exact,COc1ccccc1C1Oc2cccc(OC)c2-c2ccc(NS(C)(=O)=O)cc21
CHEMBL231813,GR,,4.523,0,1,Inactive,censored,CCC[C@H](NC(=O)[C@@H]1[C@H]2CCC[C@H]2CN1C(=O)[C@@H](NC(=O)[C@@H](NC(=O)c1cnccn1)C1CCCCC1)C(C)(C)C)C(=O)C(=O)NC1CC1
CHEMBL5820690,GR,6.560,,1,0,Active,exact,Cc1nn(CCCN2CCOCC2)c2ncc(C(=O)Nc3ccc(C(F)(F)F)cc3)c(Cl)c12
CHEMBL1928874,GR,5.260,,1,0,,exact,O=C1COc2ccc(C3=Nn4cnnc4SC3c3ccccc3F)cc2N1
CHEMBL4202533,GR,8.875,,2,0,Active,exact,C[C@]12C=CC(=O)C=C1[C@@H](F)C[C@H]1[C@@H]3C[C@H]4CN(Cc5ccccc5)C[C@@]4(C(=O)CF)[C@@]3(C)C[C@H](O)[C@@]12F
CHEMBL968,GR,,4.523,0,1,Inactive,censored,CCN(CC)CCN1C(=O)CN=C(c2ccccc2F)c2cc(Cl)ccc21
CHEMBL2074972,GR,,4.523,0,1,Inactive,censored,COC(=O)C1=C(C)NC(C)=C(C(=O)OC2CCCN(Cc3ccccc3)C2)C1c1cccc([N+](=O)[O-])c1
CHEMBL24441,GR,,4.523,0,1,Inactive,censored,CNCCc1ccccn1
CHEMBL44657,GR,,5.000,0,1,,censored,COc1cc([C@@H]2c3cc4c(cc3[C@@H](O[C@@H]3O[C@@H]5CO[C@@H](C)O[C@H]5[C@H](O)[C@H]3O)[C@H]3COC(=O)[C@H]23)OCO4)cc(OC)c1O
CHEMBL65074,GR,5.980,,1,0,,exact,COc1cccc2c1-c1ccc(N(C)S(C)(=O)=O)cc1C(c1ccccc1)O2
CHEMBL3421877,GR,7.380,,2,0,Active,exact,CC[C@@]12C[C@@](C)(O)[C@](O)(c3cccnc3)C[C@H]1CCc1cc(O)ccc12
CHEMBL4468879,GR,7.210,,1,0,Active,exact,CC(C)C#C[C@]1(O)CC[C@H]2[C@@H]3CCC4=CC(=O)CC[C@]4(C)[C@H]3[C@@H](c3ccc(N(C)C)cc3)C[C@@]21C
CHEMBL64,GR,,4.523,0,1,Inactive,censored,NNC(=O)c1ccncc1
CHEMBL4446088,GR,,4.800,0,1,Inactive,censored,C[C@H]1COc2cccnc2N1C(=O)c1ccc2c(c1)NC(=O)CO2
CHEMBL5283280,GR,,4.301,0,2,Inactive,censored,O=C(c1ccco1)N1CCCc2cc(N(S(=O)(=O)c3cccnc3)S(=O)(=O)c3cccnc3)ccc21
CHEMBL456237,GR,6.000,,1,0,Active,exact,Fc1ccc(-c2c3cccc(C(F)(F)F)c3nn2Cc2ccc(F)cc2Cl)cc1
CHEMBL597,GR,,4.523,0,1,Inactive,censored,Cc1ccc(N(CC2=NCCN2)c2cccc(O)c2)cc1
CHEMBL566818,GR,7.480,,1,2,Active,exact,CO[C@](C)(c1cccs1)[C@H]1CCCC2=Cc3c(-c4ccc(F)cc4)ncn3C[C@@]21C
CHEMBL599,GR,,4.523,0,1,Inactive,censored,Cc1cnc(NC(=O)C2=C(O)c3ccccc3S(=O)(=O)N2C)s1
CHEMBL243691,GR,,5.699,0,1,,censored,Cc1cc(C)c(S(=O)(=O)NC(CO)Cc2c[nH]c3ccccc23)c(C)c1
CHEMBL1200907,GR,,5.000,0,1,,censored,C[C@]12CC[C@H]3[C@@H](CC[C@@]45O[C@@H]4C(O)=C(C#N)C[C@]35C)[C@@H]1CC[C@@H]2O
CHEMBL2147572,GR,7.240,,1,0,Active,exact,C[C@@]12C(=Cc3c(cnn3-c3ccc(F)cc3)C1O)CC[C@@]2(O)CCc1ccc(F)cc1C(N)=O
CHEMBL337856,GR,6.580,,2,0,Active,exact,CC1=CC(C)(C)Nc2ccc3c(c21)/C(=C/c1ccccc1C)Oc1c(F)cccc1-3
CHEMBL231399,GR,8.310,,1,0,Active,exact,O=c1[nH]c(N2CCC(c3cccc(Cl)c3)CC2)c(Cc2ccccc2)c(=O)[nH]1
CHEMBL87493,GR,,4.523,0,1,Inactive,censored,CCNC(C)Cc1cccc(C(F)(F)F)c1
CHEMBL460291,GR,,4.523,0,1,Inactive,censored,CCOC(=O)C1=C(C)NC(C)=C(C(=O)OCC)C1c1ccccc1/C=C/C(=O)OC(C)(C)C
CHEMBL2356023,GR,,4.523,0,1,Inactive,censored,CC(C)[C@@H](C)/C=C/[C@@H](C)[C@H]1CC[C@H]2/C(=C/C=C3\C[C@@H](O)CC[C@@H]3C)CCC[C@]12C
CHEMBL6063763,GR,7.920,,1,0,Active,exact,C[C@@]1(c2ccc(Sc3ccc(N)cc3)cc2)O[C@@H]2C[C@H]3[C@@H]4C[C@H](F)C5=CC(=O)C=C[C@]5(C)[C@@]4(F)[C@@H](O)C[C@]3(C)[C@]2(C(=O)CO)O1
CHEMBL309243,GR,8.410,,1,0,Active,exact,C=CC[C@H](O)[C@H]1CCCC2=Cc3c(cnn3-c3ccc(F)cc3)C[C@@]21C
CHEMBL1682421,GR,7.930,,1,0,Active,exact,CCc1c(-c2cccc3cc[nH]c23)cc(C)c2c1[C@H](C)[C@@H](O)C(C)(C)N2
CHEMBL1601669,GR,,4.523,0,1,Inactive,censored,C=C1/C(=C\C=C2/CCC[C@]3(C)[C@@H]([C@H](C)CCCC(C)C)CC[C@@H]23)C[C@@H](O)C[C@@H]1O
CHEMBL2022654,GR,8.180,,1,0,Active,exact,Cn1c(SCC(=O)[C@@]2(O)CC[C@H]3[C@@H]4CCC5=Cc6c(cnn6C6CCCCC6)C[C@]5(C)[C@H]4[C@@H](O)C[C@@]32C)nc2ccccc21
CHEMBL403966,GR,8.070,,1,0,Active,exact,CC(C)(C)c1ccc(S(=O)(=O)N2CCC3=Cc4c(cnn4-c4ccc(F)cc4)C[C@]3(COCCN3CCCCC3)C2)cc1
CHEMBL474188,GR,6.920,,3,0,Active,exact,CC1(C(=O)Nc2nccs2)CC2(Br)c3ccccc3C1c1ccccc12
CHEMBL5877702,GR,6.560,,1,0,Active,exact,Cc1nn(Cc2cccnc2)c2ncc(C(=O)Nc3ccc(Cl)cc3)c(Cl)c12
CHEMBL4528177,GR,,4.900,0,1,Inactive,censored,CNC(=O)C[C@H]1COc2cc(C#N)ccc2N1C(=O)c1ccc2c(c1)NC(=O)CO2
CHEMBL1533,GR,6.850,,1,0,Active,exact,C#C[C@]1(O)CC[C@H]2[C@@H]3CCC4=CCCC[C@@H]4[C@H]3C(=C)C[C@@]21CC
CHEMBL1201151,GR,6.290,,1,0,Active,exact,C#C[C@]1(O)CC[C@H]2[C@@H]3CCc4cc(OC)ccc4[C@H]3CC[C@@]21C
CHEMBL191042,GR,8.740,,1,0,Active,exact,Cc1c(NS(C)(=O)=O)cccc1N(Cc1ccc(Oc2ccc(Br)c(OCC(=O)O)c2)cc1)Cc1ccc(F)cc1F
CHEMBL2303613,GR,,4.523,0,1,Inactive,censored,CO/N=C(\C(=O)N[C@@H]1C(=O)N2C(C(=O)O)=C(CSc3nc(C)c(CC(=O)O)s3)CS[C@H]12)c1csc(N)n1
CHEMBL1911644,GR,7.990,,2,0,Active,exact,COc1ccc(F)cc1C(C)(C)CC(O)(Cc1cc2c(C#N)cccc2[nH]1)C(F)(F)F
CHEMBL247048,GR,5.430,,1,0,,exact,O=C1C=C2CCN(Cc3ccccc3)CC2(Cc2ccccc2)CC1
CHEMBL2204054,GR,6.860,,1,0,Active,exact,O=c1[nH]c(=O)c(Cc2nccs2)c([C@H]2CC[C@@H](c3ccccc3)CC2)[nH]1
CHEMBL810,GR,,4.523,0,1,Inactive,censored,Cn1nnc2c(C(N)=O)ncn2c1=O
CHEMBL437166,GR,7.120,,3,0,Active,exact,CC#C[C@]1(O)CC[C@H]2[C@@H]3CCC4=CC(=O)CCC4=C3[C@@H](c3ccc(N(C)CC(=O)Nc4ccc(C(=O)O)cc4)cc3)C[C@@]21C
CHEMBL3706940,GR,9.300,,1,0,Active,exact,COc1c(O)ccc2c1-c1ccc3c(c1/C(=C/c1ccc(F)cc1CO)O2)C(C)=CC(C)(C)N3
CHEMBL446,GR,,5.000,0,1,,censored,Cc1cc(C)nc(NS(=O)(=O)c2ccc(N)cc2)n1
CHEMBL65695,GR,8.520,,1,0,Active,exact,COc1cccc2c1-c1ccc(NS(C)(=O)=O)cc1C(c1cccc(Cl)c1)O2
CHEMBL1084014,GR,7.250,,2,0,Active,exact,O=S(=O)(Nc1ccc(-c2ccc3c(cnn3-c3ccc(F)cc3)c2)c(C(F)(F)F)c1)c1cccc(C(F)(F)F)c1
CHEMBL1254907,GR,7.805,,2,0,Active,exact,COc1ccc(F)cc1C(C)(C)CC(O)(Cc1cc2ccncc2s1)C(F)(F)F
CHEMBL5830933,GR,6.560,,1,0,Active,exact,Cc1nn(Cc2ccccn2)c2ncc(C(=O)Nc3ccc(C(F)(F)F)cc3)c(Cl)c12
CHEMBL2147569,GR,8.520,,1,0,Active,exact,C[C@]12Cc3cnn(-c4ccc(F)cc4)c3C=C1CC[C@@]2(O)CCc1ccc(F)cc1C(N)=O
CHEMBL480,GR,,4.523,0,1,Inactive,censored,Cc1c(OCC(F)(F)F)ccnc1C[S+]([O-])c1nc2ccccc2[nH]1
CHEMBL667,GR,,4.523,0,1,Inactive,censored,CC(=O)OCC[N+](C)(C)C
CHEMBL567237,GR,6.880,,4,0,Active,exact,CC(C)C[C@@](C)(O)[C@H]1CCCC2=Cc3c(-c4ccc(F)cc4)ncn3C[C@@]21C
CHEMBL4459932,GR,5.900,,1,0,,exact,O=C1COc2ccc(C(=O)N3c4ccc(F)cc4OC[C@@H]3CCO)cc2N1
CHEMBL1355736,GR,,4.523,0,1,Inactive,censored,Cn1c(=O)c2nc[nH]c2n(C)c1=O.O
CHEMBL5743984,GR,,5.301,0,1,,censored,COc1c(C(=O)Nc2ccc(Cl)cc2)ncc2c1cnn2-c1ccccc1
CHEMBL528,GR,,4.523,0,1,Inactive,censored,CO/N=C(\C(=O)N[C@@H]1C(=O)N2C(C(=O)O)=CCS[C@H]12)c1csc(N)n1
CHEMBL5743204,GR,5.560,,1,0,,exact,Cc1nn(C2CCN(Cc3ccc(CN=[N+]=[N-])cc3)CC2)c2ncc(C(=O)Nc3ccc(C(=O)c4ccccc4)cc3)c(Cl)c12
CHEMBL302758,GR,7.220,,1,0,Active,exact,Cc1c(NS(C)(=O)=O)cccc1N(Cc1ccccc1)Cc1ccccc1C#N
CHEMBL5760475,GR,,5.000,0,1,,censored,Cc1ncsc1C(=O)NCc1ccc(N2C(=S)N(c3cnc(C#N)c(C(F)(F)F)c3)C(=O)C2(C)C)cc1Cl
