chembl_id,receptor,pchembl_median,pchembl_upper_bound,n_exact,n_censored,label,kind,smiles
CHEMBL477940,PPARgamma,4.280,,1,0,Inactive,exact,CN(CC#Cc1ccc(CC(C(=O)O)n2cccc2)cc1)c1ccccn1
CHEMBL3695764,PPARgamma,6.800,,1,0,Active,exact,Cc1c(C)n(Cc2ccc(-c3ccccc3C(=O)O)cc2)c2ccc(C(=O)NCc3cccc(OC(F)(F)F)c3)cc12
CHEMBL3695866,PPARgamma,8.000,,1,0,Active,exact,Cc1c(C)n(Cc2ccc(-c3ccccc3)cc2)c2ccc(C(=O)N[C@@H](C)c3cccc4c3OCO4)cc12
CHEMBL521462,PPARgamma,8.400,,1,0,Active,exact,CCCOC(Cc1ccc(OCCc2nc(-c3ccccc3)oc2C)c2ccsc12)C(=O)O
CHEMBL472451,PPARgamma,6.710,,2,0,Active,exact,O=C(O)[C@H](Cc1ccc(-c2cccs2)cc1)Oc1ccc(Cl)cc1
CHEMBL2022126,PPARgamma,7.100,,1,0,Active,exact,CCCCCS(=O)(=O)NC(=O)/C=C/c1ccc(OCCO)cc1Oc1ncc(C(F)(F)F)cc1Cl
CHEMBL3695760,PPARgamma,7.550,,3,0,Active,exact,Cc1c(C)n(Cc2ccc(-c3ccccc3C(=O)O)cc2)c2ccc(C(=O)N[C@@H](C)c3ccc(Br)cc3)cc12
CHEMBL523982,PPARgamma,4.480,,1,0,Inactive,exact,O=S(=O)(NCCc1ccc(S(=O)(=O)NC(=S)Nc2ccc(Cl)cc2)cc1)c1ccccc1
CHEMBL148459,PPARgamma,8.720,,1,0,Active,exact,Cc1ccsc1-c1nc(CCOc2ccc(C[C@H](Nc3ccccc3C(=O)c3ccccc3)C(=O)O)cc2)c(C)o1
CHEMBL191087,PPARgamma,7.380,,1,0,Active,exact,COc1ccc(C(=O)n2c(C)c(Cc3cccc(OCC#N)c3)c3cc(OC(F)(F)F)ccc32)cc1
CHEMBL1081391,PPARgamma,,5.000,0,1,,censored,Cc1cc(OCc2nc(-c3cccnc3)c(-c3ccc(OC(F)(F)F)cc3)s2)ccc1OCC(=O)O
CHEMBL4163066,PPARgamma,7.680,,1,0,Active,exact,Cn1c(COc2cccc(C(=O)O)c2)nc2ccc(Oc3ccc4c(c3)OCC4)cc21
CHEMBL5408470,PPARgamma,4.860,,1,0,Inactive,exact,O[C@@H]1[C@H](O)C=C[C@H]1Cn1cnc2c(NCc3cccc(Br)c3)nc(Cl)nc21
CHEMBL173409,PPARgamma,7.280,,1,0,Active,exact,CCCc1c(OCCCCOc2cccc(OCC(=O)O)c2)ccc2c(-c3ccccc3)noc12
CHEMBL3699361,PPARgamma,6.510,,1,0,Active,exact,Cc1c(C)n(Cc2ccc(-c3ccccc3C(=O)O)cc2)c2ccc(C(=O)N[C@H](C)c3c(F)cncc3F)cc12
CHEMBL3393183,PPARgamma,5.360,,1,0,,exact,O=C(O)Cc1cccc(NC(=O)c2ccccc2NC(=O)c2ccc(SC(F)(F)F)cc2)c1
CHEMBL3600934,PPARgamma,,4.000,0,1,Inactive,censored,O=C(NCc1ccccc1)c1ccc(NC(=O)c2cccc(CN3C(=O)OC[C@H]3Cc3ccccc3)c2)cc1
CHEMBL5173082,PPARgamma,5.090,,1,0,,exact,CCCCCCCCCCCCCCCc1ccc(C(=O)O)c(OC)c1
CHEMBL3931161,PPARgamma,5.400,,1,0,,exact,CN(C)C(=O)c1ccc2c(c1)c(Oc1c(Cl)cccc1C(F)(F)F)nn2-c1ccc(C(=O)O)cc1
CHEMBL50572,PPARgamma,6.320,,1,0,Active,exact,CC(C)Cc1cc(Oc2ccccc2)ccc1OCCCOc1ccc(C2SC(=O)NC2=O)cc1
CHEMBL113324,PPARgamma,5.990,,2,0,,exact,CCCc1cc(Oc2ccc(S(C)(=O)=O)cc2)ccc1OCCCOc1ccc2c(c1)OC(CC)(C(=O)O)CC2
CHEMBL4163093,PPARgamma,7.600,,1,0,Active,exact,Cn1c(COc2cccc(C(=O)O)c2)nc2ccc(Oc3ccc4c(c3)CCC4)nc21
CHEMBL6170709,PPARgamma,5.780,,1,0,,exact,C[C@@](Oc1ccc(-c2cccc3ccccc23)cc1)(C(=O)O)c1ccccc1
CHEMBL5075652,PPARgamma,6.080,,3,0,Active,exact,CS(=O)(=O)Cc1ccc(CNC(=O)c2ccc3c(ccn3S(=O)(=O)c3cccc(F)c3)c2)c(C(F)(F)F)c1
CHEMBL3695847,PPARgamma,9.100,,1,0,Active,exact,CCC[C@H](NC(=O)c1ccc2c(c1)c(C)c(C)n2Cc1ccc(-c2ccccc2C(=O)O)cc1)c1ccccc1
CHEMBL1089110,PPARgamma,5.120,,1,0,,exact,CC(C)c1ccc(Nc2cc(Cl)nc(SC(C(=O)O)c3cccc4ccccc34)n2)cc1
CHEMBL4176105,PPARgamma,7.100,,1,0,Active,exact,Cc1cccc(Oc2ccc3nc(COc4cccc(C(=O)O)c4)n(C)c3c2)c1
CHEMBL6165188,PPARgamma,6.050,,1,0,Active,exact,Cc1cc(CN2CCN(c3cccc(C(F)(F)F)c3)C2=O)cc(C)c1OC(C)(C)C(=O)O
CHEMBL3695788,PPARgamma,7.400,,1,0,Active,exact,Cc1c(C)n(Cc2ccc(-c3ccccc3C#N)cc2)c2ccc(C(=O)N[C@@H](C)c3ccc(Br)cc3)cc12
CHEMBL5285235,PPARgamma,,4.319,0,1,Inactive,censored,COc1cc(N2CC[C@@H](Oc3ccc(N4C[C@H](F)[C@@H](OC)[C@@H]4CC(=O)O)cc3)[C@H](C)C2)c(Cl)cn1
CHEMBL3398430,PPARgamma,6.870,,2,0,Active,exact,CCOC(=O)N1C[C@H](CC(=O)O)[C@H](c2cccc(OCCc3nc(-c4ccccc4)oc3C)c2)C1
CHEMBL4546798,PPARgamma,5.540,,1,0,,exact,CCCCCCC(Sc1nc2ccc(NCc3cc(Cl)cc(Cl)c3)cc2s1)C(=O)O
CHEMBL370374,PPARgamma,,5.000,0,1,,censored,CCCCCOc1ccccc1C(O)CC#CCCCC(=O)[O-].[Na+]
CHEMBL4784654,PPARgamma,5.300,,1,0,,exact,O=C(c1ccccc1)c1ccccc1N[C@@H](Cc1ccc(/N=N\c2ccc(Cl)cc2)cc1)C(=O)O
CHEMBL190905,PPARgamma,4.980,,1,0,Inactive,exact,O=C(O)[C@@H](Cc1ccccc1)Oc1ccc(Cl)cc1
CHEMBL230063,PPARgamma,,6.000,0,1,,censored,CCC(COc1ccc(C(F)(F)F)cc1)CSc1ccc(OCC(=O)O)c(C)c1
CHEMBL2331785,PPARgamma,7.560,,2,0,Active,exact,CCNC(=O)c1cc(NS(=O)(=O)c2cc(C)c(Cl)cc2Cl)ccc1Oc1cncc(Cl)c1
CHEMBL3678090,PPARgamma,8.150,,1,0,Active,exact,O=C(NCc1cccs1)c1ccc2c(ccn2Cc2ccc(F)cc2F)c1
CHEMBL4749151,PPARgamma,6.090,,1,0,Active,exact,Cc1ccc(Oc2cc(C)c3nc(COc4cccc(C(=O)O)c4)n(C)c3c2)c(C)n1
CHEMBL397120,PPARgamma,6.550,,1,0,Active,exact,Cc1oc(-c2ccccc2)nc1CCOc1ccc(CN(CC(=O)O)Cc2ccc(-c3ccccc3Cl)o2)cc1
CHEMBL3695912,PPARgamma,7.100,,1,0,Active,exact,CC[C@H](NC(=O)c1ccc2c(c1)c(C)c(C)n2Cc1ccccc1-c1cccc(C(=O)O)c1)c1ccccc1
CHEMBL179452,PPARgamma,5.240,,1,0,,exact,C[C@]1(C(=O)O)CCc2ccc(OCCCOc3ccc(C4CCCCC4)cc3Cl)cc2O1
CHEMBL5076090,PPARgamma,5.310,,1,0,,exact,CC(C)(Oc1c(Cl)cc(Cn2ncn(-c3ccc(C(F)(F)F)cc3)c2=O)cc1Cl)C(=O)O
CHEMBL81248,PPARgamma,8.520,,4,0,Active,exact,Cc1oc(-c2ccccc2)nc1CCOc1ccc(C[C@](C)(Oc2ccccc2)C(=O)O)cc1
CHEMBL2237301,PPARgamma,8.400,,1,0,Active,exact,Cc1oc(-c2cccc[s+]2)nc1CCOc1ccc(C[C@@](C)(Oc2ccccc2)C(=O)O)cc1
CHEMBL182100,PPARgamma,8.170,,2,0,Active,exact,COc1ccc(C(=O)n2c(C)c(Cc3ccccc3O[C@H](C)C(=O)O)c3cc(OC(F)(F)F)ccc32)cc1
CHEMBL4847453,PPARgamma,,5.000,0,1,,censored,Cc1ccc(Cn2nc(CCCc3ccc(OC(C)(C)C(=O)O)cc3)n(Cc3ccc(Cl)cc3)c2=O)cc1
CHEMBL3695799,PPARgamma,,6.000,0,1,,censored,C[C@H](NC(=O)c1ccc2c(ccn2Cc2ccc(-c3ccccc3C(=O)OC(C)(C)C)cc2)c1)c1ccc([N+](=O)[O-])cc1
CHEMBL236875,PPARgamma,8.000,,1,0,Active,exact,CCc1cc(C(F)(F)F)ccc1C(=O)NCc1cccc(Oc2ccc(OC(C)(C)C(=O)O)c(C)c2)c1
CHEMBL1092931,PPARgamma,6.420,,1,0,Active,exact,Cc1ccc(OC(=O)N(CC(=O)O)Cc2cccc(OCc3nc(-c4cccc(Cl)c4)oc3C)c2)cc1
CHEMBL223351,PPARgamma,7.605,,2,0,Active,exact,Cc1sc(N2CCOCC2)nc1CCOc1ccc(CCC(=O)O)c(CNC(=O)OC(C)C)c1
CHEMBL5088489,PPARgamma,,5.301,0,1,,censored,CC(C)(Oc1ccc(Cn2ncn(-c3ccc(C(F)(F)F)cc3)c2=O)cc1)C(=O)O
CHEMBL3695814,PPARgamma,8.300,,1,0,Active,exact,Cc1c(C)n(Cc2ccc(-c3ccccc3C(=O)O)cc2)c2ccc(C(=O)NCc3ccc(F)cc3)cc12
CHEMBL3094418,PPARgamma,5.390,,1,0,,exact,CCCCCCC(Sc1nc(Cl)cc(Nc2nc(-c3ccc4c(c3)CCCC4)cs2)n1)C(=O)O
CHEMBL434063,PPARgamma,7.920,,19,0,Active,exact,CN(CCOc1ccc(C[C@H](Nc2ccccc2C(=O)c2ccccc2)C(=O)O)cc1)c1ccccn1
CHEMBL4250971,PPARgamma,5.050,,1,0,,exact,CN(CCO)C(=O)[C@@H](NC(=O)OCc1ccccc1)c1cccc(NC(=O)CCl)c1
CHEMBL208472,PPARgamma,7.640,,1,0,Active,exact,O=S(=O)(Nc1cc(-c2cccs2)nn1-c1ccc(F)cc1)c1cc(C(F)(F)F)cc(C(F)(F)F)c1
CHEMBL4162863,PPARgamma,6.460,,1,0,Active,exact,Cc1cccnc1Oc1ccc2nc(COc3cccc(C(=O)O)c3)n(C)c2c1
CHEMBL2377529,PPARgamma,5.770,,1,0,,exact,CCCOc1ccc(C[C@@H](Cc2ccccc2)C(=O)O)cc1CNC(=O)c1ccc(-c2ccncc2)cc1
CHEMBL3986626,PPARgamma,5.890,,1,0,,exact,CCCCNC(=O)NS(=O)(=O)c1ccc(NC(=O)CN2CC(=O)Nc3ccccc32)cc1
CHEMBL394968,PPARgamma,5.340,,1,0,,exact,Cc1oc(-c2ccccc2)nc1CCOc1ccc(CN(CCOCc2ccccc2)CC(=O)O)cc1
CHEMBL146530,PPARgamma,8.470,,1,0,Active,exact,Cc1oc(-c2ccccc2)nc1CCOc1ccc(CC(Nc2ccccc2C(=O)c2cccc(CO)c2)C(=O)O)cc1
CHEMBL357102,PPARgamma,5.930,,1,0,,exact,O=C(c1ccccc1)c1ccccc1N[C@@H](Cc1ccc(OCC2COCCOCCOCCO2)cc1)C(=O)O
CHEMBL2204688,PPARgamma,5.240,,1,0,,exact,CC(C)(Oc1ccc(CCCOc2ccc(C(=O)c3ccccc3)cc2)cc1)C(=O)O
CHEMBL3678107,PPARgamma,7.360,,1,0,Active,exact,Cc1c(C)n(Cc2ccc(C3(C(=O)O)CC3)cc2)c2ccc(C(=O)N[C@@H](C)c3cccc(C(C)C)c3)cc12
CHEMBL435343,PPARgamma,5.540,,1,0,,exact,CC[C@]1(C(=O)O)CCc2ccc(OCCCOc3ccc(Cl)cc3Cl)cc2O1
CHEMBL200611,PPARgamma,,5.000,0,1,,censored,CCC(C(=O)O)C1CCc2cc(OCCn3ncc4ccccc4c3=O)ccc21
CHEMBL1933822,PPARgamma,7.680,,1,0,Active,exact,CCCCCS(=O)(=O)NC(=O)CCc1cc(OC(C)C)nn1Cc1ccc(C(F)(F)F)cc1Cl
CHEMBL5432415,PPARgamma,6.000,,1,0,Active,exact,Cc1cc(CN2C(=O)CN(c3cccc(C(F)(F)F)c3)C2=O)cc(C)c1OC(C)(C)C(=O)O
CHEMBL4546437,PPARgamma,6.060,,2,0,Active,exact,CCCCc1nc(C(C)C)c(CC(=O)OCC)c(=O)n1Cc1ccc(-c2ccccc2-c2noc(=O)[nH]2)cc1
CHEMBL17805,PPARgamma,7.660,,3,0,Active,exact,CN(CCOc1ccc(CC2SC(=O)NC2=O)cc1)c1nc2ccccc2o1
CHEMBL486176,PPARgamma,4.570,,2,0,Inactive,exact,O=c1c(-c2ccc3c(c2)OCO3)coc2cc(O)ccc12
CHEMBL477318,PPARgamma,5.400,,1,0,,exact,Cc1oc(-c2ccccc2)nc1CCCc1ccc(CC(C(=O)O)c2ccccc2)cc1
CHEMBL429823,PPARgamma,7.170,,1,0,Active,exact,Cc1oc(-c2ccccc2)nc1CCOc1cccc(CN(CC(=O)O)Cc2cccc3ccccc23)c1
CHEMBL422487,PPARgamma,5.990,,1,0,,exact,Cc1cccc(CCCOc2ccc(C[C@H](Nc3ccccc3C(=O)c3ccccc3)C(=O)O)cc2)n1
CHEMBL6177252,PPARgamma,5.725,,2,0,,exact,CC(=O)Oc1ccc(O[C@H]2CC[C@H](NC(=O)Nc3ccc(OC(F)(F)F)c(F)c3)CC2)cc1
CHEMBL4436335,PPARgamma,6.340,,1,0,Active,exact,Cc1cc(CCc2cc(-c3ccc(Br)cc3)on2)cc(C)c1OC(C)(C)C(=O)O
CHEMBL1819390,PPARgamma,5.330,,1,0,,exact,CCCCC(Cc1cc(OCCc2ccccc2)cc(OCCc2ccccc2)c1)C(=O)O
CHEMBL146614,PPARgamma,7.550,,1,0,Active,exact,CN(CCOc1ccc(CC(NCc2ccccc2C(=O)c2ccccc2)C(=O)O)cc1)c1nc2ccccc2o1
CHEMBL363532,PPARgamma,7.440,,2,0,Active,exact,CO[C@@H](Cc1ccc(OCCCOc2ccc(C(=O)c3ccccc3)cc2)cc1)C(=O)O
CHEMBL3115245,PPARgamma,6.750,,1,0,Active,exact,CCCc1nn2ccc(C(=O)NC(CC)c3ccccc3)cc2c1Cc1ccc(-c2ccccc2-c2nn[nH]n2)cc1
CHEMBL2024618,PPARgamma,7.580,,1,0,Active,exact,CCCCCS(=O)(=O)NC(=O)/C=C/c1ccc(OC(C)C)cc1Oc1ncc(C(F)(F)F)cc1Cl
CHEMBL146822,PPARgamma,8.480,,1,0,Active,exact,CN(CCOc1ccc(CC(Nc2ccccc2C(=O)Cc2ccccc2)C(=O)O)cc1)c1nc2ccccc2o1
CHEMBL5219536,PPARgamma,4.505,,2,0,Inactive,exact,COc1cccc2ccc(-c3cc(-c4ccc5cccc(OC)c5c4O)c4cccc(OC)c4c3O)c(O)c12
CHEMBL5279568,PPARgamma,5.820,,1,0,,exact,Cc1cc(CC(=O)O)cc(CN2CCN(c3nc4ccc(C(F)(F)F)cc4s3)[C@@H](CC(C)C)C2)c1
CHEMBL3695812,PPARgamma,7.120,,1,0,Active,exact,Cc1c(C)n(Cc2ccc(-c3ccccc3C(=O)O)cc2)c2ccc(C(=O)NC[C@H](C)c3ccccc3)cc12
CHEMBL178380,PPARgamma,6.240,,1,0,Active,exact,CCc1nc2c(C)cc(C)nc2n1C1CCc2cc(-c3ccccc3-c3nn[nH]n3)ccc21
CHEMBL3263237,PPARgamma,4.390,,1,0,Inactive,exact,O=C(O)CCCNC(=O)c1ccccc1NC(=O)c1cccc2ccccc12
CHEMBL5089733,PPARgamma,5.600,,1,0,,exact,Cc1cc(Cn2ncn(-c3cccc(C(F)(F)F)c3)c2=O)cc(C)c1OC(C)(C)C(=O)O
CHEMBL391264,PPARgamma,6.030,,1,0,Active,exact,CCc1ccc(O[C@H](C)CCOc2ccc(CCC(=O)O)c(C)c2)c(-c2ccco2)c1
CHEMBL6142896,PPARgamma,6.685,,2,0,Active,exact,Cc1ccc(S(=O)(=O)Oc2ccc(S3(=O)=N[Se]c4cc(OS(=O)(=O)c5ccc(C)cc5)ccc43)cc2)cc1
CHEMBL5433003,PPARgamma,6.560,,1,0,Active,exact,Cc1cc(CCN2C(=O)CN(c3ccc(C(F)(F)F)cc3)C2=O)cc(C)c1OC(C)(C)C(=O)O
CHEMBL1079617,PPARgamma,,5.000,0,1,,censored,COc1ccc(-c2nc(COc3ccc(OCC(=O)O)c(C)c3)sc2-c2cnc3ccccc3c2)cc1
CHEMBL3596274,PPARgamma,5.110,,1,0,,exact,N#Cc1cccc(Cl)c1C(=O)c1nc(-c2ccc(C(=O)O)cc2F)c2n1CCCC2
CHEMBL3678162,PPARgamma,7.410,,1,0,Active,exact,Cc1c(C)n(Cc2cccc(C(=O)O)c2)c2ccc(C(=O)N[C@@H](C)c3cccc(C4CC4)c3)cc12
CHEMBL1080873,PPARgamma,,5.000,0,1,,censored,Cc1cc(OCc2nc(-c3ccc(NS(C)(=O)=O)cc3)c(-c3ccc(OC(F)(F)F)cc3)s2)ccc1OCC(=O)O
CHEMBL220537,PPARgamma,6.750,,1,0,Active,exact,Cc1ccccc1S(=O)(=O)NC(=O)c1cc2ccccc2n1Cc1cccc(C(F)(F)F)c1
CHEMBL123749,PPARgamma,6.720,,3,0,Active,exact,C/C(=N\OCCOc1ccc(CC2SC(=O)NC2=O)cc1)c1ccc(-c2ccccc2)nc1
CHEMBL3699428,PPARgamma,8.100,,1,0,Active,exact,Cc1c(C)n(Cc2ccc(-c3ccccc3C(=O)O)cc2)c2ccc(C(=O)N[C@@H](C)c3cc(F)c(F)cc3F)cc12
CHEMBL1082118,PPARgamma,,5.000,0,1,,censored,COc1ccc(-c2nc(COc3ccc(OCC(=O)O)c(C)c3)oc2-c2ccc(OC(F)(F)F)cc2)cn1
CHEMBL117578,PPARgamma,6.840,,1,0,Active,exact,CCCc1cc(C(=O)c2ccc(Cl)cc2)ccc1OCCCOc1cccc(C2SC(=O)NC2=O)c1
CHEMBL1760266,PPARgamma,5.300,,1,0,,exact,Cc1cc(S(=O)(=O)N(CCC(C)C)c2cccc(-c3ccc(C(F)(F)F)cc3)c2)ccc1OCC(=O)O
CHEMBL3699379,PPARgamma,8.050,,1,0,Active,exact,Cc1c(C)n(Cc2ccc(-c3ccccc3)cc2)c2ccc(C(=O)N[C@@H](C)c3ccc(F)c(F)c3)cc12
CHEMBL4586093,PPARgamma,7.370,,2,0,Active,exact,COc1ccc(OC)c(CNC(=O)c2ccc3c(c2)c(C)c(C)n3Cc2cccc(C(F)(F)F)c2)c1
CHEMBL5201278,PPARgamma,8.915,,2,0,Active,exact,O=C(Nc1ccc2nc(-c3ccccc3)cn2c1)c1cc([N+](=O)[O-])ccc1Cl
CHEMBL491820,PPARgamma,6.485,,4,0,Active,exact,COc1cc(CCc2ccccc2)c(C(=O)O)c(O)c1CC=C(C)C
CHEMBL481060,PPARgamma,4.270,,1,0,Inactive,exact,O=c1cc(CCc2ccccc2)oc2ccccc12
CHEMBL272137,PPARgamma,7.080,,2,0,Active,exact,CCCOc1ccc(C[C@@H](CC)C(=O)O)cc1CNC(=O)c1ccc(C23CC4CC(CC(C4)C2)C3)cc1
CHEMBL167430,PPARgamma,6.480,,3,0,Active,exact,CCO[C@@H](Cc1ccc(OCCn2c3ccccc3c3cc(Br)ccc32)cc1)C(=O)O
CHEMBL4740243,PPARgamma,6.290,,1,0,Active,exact,CCc1cc(Oc2ccc3nc(COc4cccc(C(=O)O)c4)n(C)c3c2)ccn1
CHEMBL6102117,PPARgamma,4.640,,2,0,Inactive,exact,Cc1cc(C)cc(S2(=O)=N[Se]c3c(C)cc(C)cc32)c1
CHEMBL2024611,PPARgamma,8.000,,1,0,Active,exact,CCCCCS(=O)(=O)NC(=O)OCc1ccc(OCCOC)cc1Oc1ncc(C(F)(F)F)cc1Cl
CHEMBL4850980,PPARgamma,5.640,,1,0,,exact,COc1ccc(O)c(/C=N/c2ccccc2NS(=O)(=O)c2ccc(C)cc2)c1
CHEMBL4861380,PPARgamma,5.555,,2,0,,exact,CC1=C(CC(=O)O)c2cc(F)ccc2/C1=C\c1cccc(Br)c1
CHEMBL365097,PPARgamma,6.580,,1,0,Active,exact,CCCc1cc2c(=O)n(C(C)C)oc2c(CCC)c1O[C@H](C(=O)O)c1ccc(CC(C)C)cc1
CHEMBL1927474,PPARgamma,,6.000,0,1,,censored,CCc1cc(SCc2sc(-c3ccc(C(F)(F)F)cc3)nc2C)ccc1OC(F)C(=O)O
CHEMBL469744,PPARgamma,,6.000,0,1,,censored,C=C(COc1ccccc1)CSc1ccc(OCC(=O)O)c(C)c1
CHEMBL2322173,PPARgamma,,4.602,0,1,Inactive,censored,CCc1nc2ccn(Cc3ccncc3)c(=O)c2n1[C@H]1CCc2cc(-c3ccccc3-c3nnn[nH]3)ccc21
CHEMBL267881,PPARgamma,7.220,,1,0,Active,exact,COc1ccc(-c2c(C(=O)NS(=O)(=O)c3cccc(C(F)(F)F)c3)n(Cc3cccc(C(F)(F)F)c3)c3ccccc23)cc1
CHEMBL514328,PPARgamma,5.715,,2,0,,exact,Cc1oc(-c2ccccc2)nc1CCOc1ccc(Cc2cn(-c3ccccc3)cc2C(=O)O)cc1
CHEMBL3398451,PPARgamma,5.450,,1,1,,exact,Cc1oc(-c2ccccc2)nc1CCOc1ccc(C[C@H]2CN(c3nccc(C(F)(F)F)n3)C[C@@H]2C(=O)O)cc1
CHEMBL485155,PPARgamma,7.520,,1,0,Active,exact,CCCCCCC[C@H]1C(=O)C=C(I)[C@@H]1OCCCCCC(=O)O
CHEMBL1079449,PPARgamma,,5.000,0,1,,censored,COc1ccc(-c2nc(COc3ccc(OCC(=O)O)c(C)c3)sc2-c2ccc3ccccc3c2)cc1
CHEMBL181656,PPARgamma,7.440,,2,0,Active,exact,CO[C@@H](Cc1ccc(C#CCCOc2ccc(Oc3ccccc3)cc2)cc1)C(=O)O
CHEMBL306229,PPARgamma,8.600,,2,0,Active,exact,CCOC(Cc1ccc(OCCN(C)c2nc3ccccc3o2)cc1)C(=O)O
CHEMBL3699416,PPARgamma,7.820,,1,0,Active,exact,Cc1c(C)n(Cc2ccc(-c3ccccc3C(=O)O)cc2)c2ccc(C(=O)N[C@@H](C)c3cccc(Br)n3)cc12
CHEMBL2312714,PPARgamma,5.870,,1,0,,exact,Cc1ccccc1-c1ccc(O[C@@H](Cc2ccccc2)C(=O)O)cc1
CHEMBL69018,PPARgamma,5.500,,1,0,,exact,C=C[C@@H](O)C#CC#C[C@@H](O)/C=C\CCCCCCC
CHEMBL5268158,PPARgamma,7.430,,2,0,Active,exact,COc1cc(CCc2ccccc2)c(C(=O)O)c(O)c1C/C=C(\C)CC=C(C)C
CHEMBL3398428,PPARgamma,,4.495,0,2,Inactive,censored,CCOC(=O)N1C[C@H](C(=O)O)[C@@H](c2ccc(OCCc3nc(-c4ccccc4)oc3C)cc2)C1
CHEMBL246270,PPARgamma,6.620,,1,0,Active,exact,Cc1oc(-c2ccccc2)nc1CCOc1cccc(CN(CC(=O)O)Cc2ccccc2)c1
CHEMBL3827740,PPARgamma,5.360,,1,0,,exact,Cc1oc(-c2ccc(Cl)cc2)nc1COc1ccc(F)c(CN(CC(=O)O)C(=O)OCCCF)c1
CHEMBL5416699,PPARgamma,6.660,,1,0,Active,exact,O=C(O)Cc1cc(Cl)cc(OCCC2(C3CCCC3)CCN(c3nc4ccc(Cl)cc4s3)CC2)c1
CHEMBL4743677,PPARgamma,5.975,,6,0,,exact,CCCCCCCCOc1ccc(C(=O)N[C@H](C(=O)O)C(C)C)cc1
CHEMBL230158,PPARgamma,,5.301,0,2,,censored,CCO[C@H](COc1ccc(C(F)(F)F)cc1)CSc1ccc(OCC(=O)O)c(C)c1
CHEMBL25710,PPARgamma,6.840,,2,0,Active,exact,CCCc1c(OCCCSc2ccc(CC(=O)O)cc2Cl)ccc(C(=O)CC)c1O
CHEMBL1081410,PPARgamma,,5.000,0,1,,censored,COc1ccc(-c2nc(COc3ccc(OC(C)(C)C(=O)O)cc3)sc2-c2ccc(C(F)(F)F)cc2)cc1
CHEMBL520856,PPARgamma,4.820,,1,0,Inactive,exact,CS(=O)(=O)Oc1ccc(CCCCCC[C@H]2CO[C@@](C)(C(=O)O)OC2)cc1
CHEMBL465132,PPARgamma,4.300,,1,0,Inactive,exact,Cc1ccc(NC(=S)NS(=O)(=O)c2ccc(CCNS(=O)(=O)c3ccccc3)cc2)cc1
CHEMBL4558880,PPARgamma,6.020,,1,0,Active,exact,CN(c1cc(C(F)(F)F)nc(OCCC(=O)O)n1)c1cccc2c1CCC2
CHEMBL198605,PPARgamma,6.940,,1,0,Active,exact,COc1ccc(-n2c(C(=O)O)c(Oc3cccc(C(F)(F)F)c3)c3ccccc32)cc1
CHEMBL5083326,PPARgamma,5.390,,1,0,,exact,O=C(NCc1ccccc1C(F)(F)F)c1ccc2c(c1)[nH]c(=O)n2Cc1cccc(Cl)c1
CHEMBL484607,PPARgamma,8.520,,1,0,Active,exact,Cc1oc(-c2ccccc2)nc1CCOc1ccc(C[C@H](OCC(F)(F)F)C(=O)O)c2sccc12
CHEMBL1080366,PPARgamma,,5.000,0,1,,censored,COc1ccc(-c2nc(COc3ccc(OCC(=O)O)cc3)sc2-c2ccc(C(F)(F)F)cc2)cc1
CHEMBL573492,PPARgamma,5.040,,1,0,,exact,O=C(Cc1ccccc1)c1ccc(OC(Cc2ccccc2)C(=O)[O-])cc1.[Na+]
CHEMBL4466709,PPARgamma,6.970,,3,0,Active,exact,CCCCCCC(Sc1nc2ccc(NS(=O)(=O)c3ccc(Cl)cc3Cl)cc2s1)C(=O)O
CHEMBL319637,PPARgamma,5.950,,1,0,,exact,CCCc1c(OC(C(=O)O)c2ccccc2)c(Cl)cc2c(CC)noc12
CHEMBL1801743,PPARgamma,7.050,,1,0,Active,exact,CCc1nc2c(C)cc(Cc3ccccc3)nc2n1[C@H]1CCc2cc(-c3ccccc3-c3nnn[nH]3)ccc21
CHEMBL219586,PPARgamma,,5.000,0,1,,censored,Cc1nc(-c2ccc(C(F)(F)F)cc2)sc1C(=O)NCc1ccc(OC(C)(C)C(=O)O)cc1
CHEMBL6170162,PPARgamma,5.680,,1,0,,exact,O=C(O)[C@H](Cc1ccccc1)Oc1ccc(-c2cc3ccccc3c3ccccc23)cc1
CHEMBL6102912,PPARgamma,,4.301,0,2,Inactive,censored,CS1(=O)=N[Se]c2cccc(Cl)c21
CHEMBL4071373,PPARgamma,6.700,,1,0,Active,exact,O=C(O)CCCc1cc2cc(C(F)(F)F)ccc2n1S(=O)(=O)c1cccc(OC(F)(F)F)c1
CHEMBL192609,PPARgamma,,4.824,0,1,Inactive,censored,O=C(O)C1(C(F)(F)F)Cc2cc(OCCCOc3ccc(CC(F)(F)F)cc3Cl)ccc2O1
CHEMBL3398441,PPARgamma,5.325,,2,0,,exact,Cc1oc(-c2ccccc2)nc1CCOc1cccc(C[C@H]2CN(C(=O)Oc3ccccc3)C[C@@H]2C(=O)O)c1
CHEMBL247920,PPARgamma,,5.000,0,1,,censored,CCc1c(-c2ccccc2)c(-c2ccccc2)nn1-c1ccccc1-c1cccc(OCC(=O)O)c1
CHEMBL343215,PPARgamma,6.020,,1,0,Active,exact,COc1ccccc1C(=O)N1CCC[C@H]1COc1ccc(C[C@H](Nc2ccccc2C(=O)c2ccccc2)C(=O)O)cc1
CHEMBL5081013,PPARgamma,6.310,,1,0,Active,exact,CC(C)n1ccc2cc(C(=O)NCc3ccc(CS(=O)(=O)C4CC4)cc3C(F)(F)F)ccc21
CHEMBL264385,PPARgamma,9.000,,1,0,Active,exact,Cc1oc(C2CCCCC2)nc1CCOc1ccc(C[C@](C)(Oc2ccccc2)C(=O)O)cc1
CHEMBL4159869,PPARgamma,7.100,,1,0,Active,exact,CCOC(=O)C(Cc1ccc(OCCn2c(=O)sc3cc(/C=C/c4cc(O)cc(O)c4)ccc32)cc1)OCC(F)(F)F
CHEMBL372639,PPARgamma,7.720,,1,0,Active,exact,CC(C)c1cccc(Oc2c(C(=O)O)n(-c3ccc(C(C)(C)C)cc3)c3cc(Cl)ccc23)c1
CHEMBL491627,PPARgamma,7.580,,1,0,Active,exact,CCO[C@@H](Cc1cccc(/C(C)=N/OCc2ccccc2Cl)c1)C(=O)O
CHEMBL4528757,PPARgamma,4.820,,1,0,Inactive,exact,CCC/C(=C\c1cc(OCc2ccc3ncccc3c2)ccc1OCC1CCN(C)CC1)C(=O)O
CHEMBL197671,PPARgamma,7.410,,1,0,Active,exact,COc1ccc2c(c1)c(Oc1cccc(C(F)(F)F)c1)c(C(=O)O)n2-c1ccc(C(C)(C)C)cc1
CHEMBL4237449,PPARgamma,,4.000,0,2,Inactive,censored,COc1ccc(COc2ccc(CNc3cccc(C(=O)O)c3)cc2)cc1
CHEMBL5273188,PPARgamma,,5.301,0,2,,censored,O=C(NCc1ccccc1)c1cc(Cl)cc(C(=O)Nc2ccccc2)c1
CHEMBL469940,PPARgamma,6.520,,1,0,Active,exact,O=S(=O)(/C=C/c1ccccc1)Oc1ccc(Cl)cc1
CHEMBL431733,PPARgamma,7.095,,2,0,Active,exact,CNC(=O)[C@H]1O[C@@H](n2cnc3c(NCc4cccc(I)c4)nc(Cl)nc32)[C@H](O)[C@@H]1O
CHEMBL246473,PPARgamma,6.870,,1,0,Active,exact,Cc1oc(-c2ccccc2)nc1CCOc1cccc(CN(CCc2ccccc2)CC(=O)O)c1
CHEMBL4874261,PPARgamma,5.060,,1,0,,exact,COc1ccc(OC)c(NC(=O)c2cc3ccccc3cc2OC(=O)Nc2cc(Cl)ccc2OC)c1
CHEMBL1760271,PPARgamma,5.400,,1,0,,exact,CCCCC(Oc1ccc(S(=O)(=O)N(CCCC)c2cccc(-c3ccc(Cl)cc3)c2C)c(C)c1C)C(=O)O
CHEMBL1081951,PPARgamma,,5.000,0,1,,censored,COc1ccc(-c2nc(SCc3ccc(OCC(=O)O)c(C)c3)sc2-c2ccc(OC)cc2)cc1
CHEMBL390004,PPARgamma,,6.000,0,1,,censored,Cc1cc(SCC(C)COc2ccc(C(F)(F)F)cc2)ccc1OCC(=O)O
CHEMBL419768,PPARgamma,5.940,,1,0,,exact,CCCc1cc(C2CCC(=O)CC2)ccc1OCCCOc1cccc(C2OC(=O)NC2=O)c1
CHEMBL365387,PPARgamma,7.540,,1,0,Active,exact,COc1ccc2ncc(-n3c(C)c(Cc4cccc(O[C@@H](C)C(=O)O)c4)c4cc(OC(F)(F)F)ccc43)cc2c1
CHEMBL188751,PPARgamma,6.660,,1,0,Active,exact,CCCc1cc(C(=O)CC)cc(CCC)c1O[C@H](C(=O)O)c1ccc(CC(C)C)cc1
CHEMBL3958704,PPARgamma,,5.000,0,2,,censored,C/C(=C\COc1ccccc1CN(C)C(=O)c1ccc(-c2ccco2)cc1)CCC(=O)O
CHEMBL189066,PPARgamma,6.580,,1,0,Active,exact,CCCc1cc(C(=O)CC)cc(C)c1OC(C(=O)O)c1ccc(C(C)C)cc1
CHEMBL267476,PPARgamma,5.210,,1,0,,exact,CCCCC/C=C\C/C=C\CCCCCCCC(=O)O
CHEMBL4443192,PPARgamma,5.750,,1,0,,exact,CCCCCCC(Sc1nc2ccc(NCc3ccc(C(F)(F)F)cc3)cc2s1)C(=O)O
CHEMBL2037577,PPARgamma,,5.000,0,1,,censored,Cc1cc(SC(Cc2ccccc2)c2sc(-c3ccc(C(F)(F)F)cc3)nc2C)ccc1OCC(=O)O
CHEMBL2113105,PPARgamma,,5.000,0,1,,censored,CCCCCOc1ccccc1C(O)C/C=C\CCCC(=O)[O-].[Na+]
CHEMBL361424,PPARgamma,5.580,,1,0,,exact,CC[C@]1(C(=O)O)CCc2ccc(OCCCOc3ccc(OC(F)(F)F)cc3Cl)cc2O1
CHEMBL1935491,PPARgamma,6.460,,1,0,Active,exact,C/C=C/C=C/C(=O)N1Cc2cc(OCCc3nc(/C(=C/C)CC)oc3C)ccc2C[C@H]1C(=O)O.CC(C)(C)N
CHEMBL121106,PPARgamma,7.370,,2,0,Active,exact,CN(CCOc1ccc(C[C@@H]2SC(=O)NC2=O)cc1)c1ccccn1
CHEMBL199225,PPARgamma,5.410,,1,0,,exact,CC(Cc1ccccc1)(Oc1ccc(Cl)cc1)C(=O)O
CHEMBL4209440,PPARgamma,5.170,,1,0,,exact,COC(=O)Cc1ccc(OCc2oc(-c3cccc(OC)c3)nc2C)cc1
CHEMBL218117,PPARgamma,5.680,,1,0,,exact,Cc1oc(-c2ccccc2)nc1CCOc1ccc(CC(C)C(=O)O)cn1
CHEMBL210469,PPARgamma,,5.000,0,1,,censored,Cc1cc(OCc2cc(-c3ccc(C(F)(F)F)cc3)cc(-c3ccc(C(F)(F)F)cc3)c2)ccc1OCC(=O)O
CHEMBL4068985,PPARgamma,6.460,,1,0,Active,exact,COc1ccc(-n2c(SCC(=O)Nc3ccc(S(=O)(=O)NC(=O)NC4CCCCC4)cc3)nc3ccccc3c2=O)cc1
CHEMBL234382,PPARgamma,,5.000,0,1,,censored,Cc1cc(OCc2cc(-c3ccc(C(F)(F)F)cc3)on2)cc2scc(CC(=O)O)c12
CHEMBL1080821,PPARgamma,,5.000,0,1,,censored,COc1ccc(-c2nc(COc3ccc(OCC(=O)O)c(C)c3)sc2-c2ccc(OC(F)(F)F)cc2)cc1F
CHEMBL257180,PPARgamma,5.930,,1,0,,exact,Cc1oc(-c2ccccc2)nc1CCOc1ccc(CC2=C(C(=O)O)CCN(C(=O)OCC(C)C)C2)cc1
CHEMBL50984,PPARgamma,5.770,,2,0,,exact,CCCc1cc(Oc2ccc(NS(=O)(=O)c3ccc(C)cc3)cc2)ccc1OCCCOc1ccc(C2SC(=O)NC2=O)cc1
CHEMBL5191837,PPARgamma,9.495,,2,0,Active,exact,Cc1cncc(-c2nc3cc(NC(=O)c4cc([N+](=O)[O-])ccc4Cl)ccc3o2)c1
CHEMBL519032,PPARgamma,7.340,,1,0,Active,exact,COC(Cc1ccc(OCCc2nc(-c3ccccc3)oc2C)c2ccsc12)C(=O)O
CHEMBL552240,PPARgamma,8.050,,1,0,Active,exact,CC[C@@H](Oc1cccc(Cn2c(C)c(C(=O)c3ccc(Cl)cc3)c3ccc(OC(F)(F)F)cc32)c1)C(=O)O
CHEMBL4570877,PPARgamma,8.000,,2,0,Active,exact,C/C(=C1/c2ccc(Cc3c(C4CC4)nc4ccccn34)cc2COc2cc(F)ccc21)c1noc(=O)[nH]1
CHEMBL5080431,PPARgamma,,5.301,0,1,,censored,Cc1cc(Cn2ncn(-c3ccc(S(C)(=O)=O)cc3)c2=O)cc(C)c1OC(C)(C)C(=O)O
CHEMBL5268912,PPARgamma,7.820,,2,0,Active,exact,COCCOCc1cc(F)ccc1CNC(=O)c1cc(C(=O)Nc2ccc(C(F)(F)F)cc2C)c(Cl)cc1F
CHEMBL343260,PPARgamma,6.950,,1,0,Active,exact,O=C(c1ccccc1)c1ccccc1N[C@@H](Cc1ccc(OCCc2cccc(F)c2)cc1)C(=O)O
CHEMBL384203,PPARgamma,6.650,,1,0,Active,exact,CCOC(Cc1ccc2c(c1)c(C)cn2Cc1nc(-c2ccc(C(F)(F)F)cc2)oc1C)C(=O)O
CHEMBL3678158,PPARgamma,8.000,,1,0,Active,exact,Cc1c(C)n(Cc2cc(O[C@@H](C)C(=O)O)ccc2F)c2ccc(C(=O)N[C@@H](C)c3ccc(C(C)(C)C)cc3)cc12
CHEMBL4288964,PPARgamma,5.510,,1,0,,exact,CCCCc1nc(C(C)C)c(CC(=S)N2CCCC2)c(=O)n1Cc1ccc(-c2ccccc2-c2noc(=O)[nH]2)cc1
CHEMBL3695841,PPARgamma,8.220,,3,0,Active,exact,Cc1ccccc1CNC(=O)c1ccc2c(c1)c(C)c(C)n2Cc1ccc(-c2ccccc2C(=O)O)cc1
CHEMBL1760411,PPARgamma,5.300,,1,0,,exact,CCCCN(c1cccc(-c2ccc(Cl)cc2)c1Cl)S(=O)(=O)c1ccc(OC(C)C(=O)O)c(C)c1C
CHEMBL3695830,PPARgamma,8.400,,1,0,Active,exact,Cc1c(C)n(Cc2ccc(-c3ccccc3C(=O)O)cc2)c2ccc(C(=O)NCc3ccc(N)cc3)cc12
CHEMBL472246,PPARgamma,6.630,,2,0,Active,exact,O=C(O)[C@H](Cc1ccc(-c2ccccc2)cc1)Oc1ccc(Cl)cc1
CHEMBL372825,PPARgamma,7.070,,1,0,Active,exact,CCC(C(=O)O)C1CCc2cc(OCCc3nc(-c4ccccc4)sc3C)ccc21
CHEMBL3352822,PPARgamma,7.410,,1,0,Active,exact,C/C(=C\C(=O)c1ccccc1)NC(Cc1ccc(OCCOc2ccc(/N=N/c3ccc(Cl)cc3)cc2)cc1)C(=O)O
CHEMBL119278,PPARgamma,6.000,,1,0,Active,exact,O=C(Nc1ccc(OCCc2cccs2)cc1C(=O)[O-])c1ccc(Cl)cc1Cl.[Li+]
CHEMBL3678082,PPARgamma,6.520,,1,0,Active,exact,COc1ccc(CNC(=O)c2ccc3c(ccn3Cc3ccc(F)cc3F)c2)cc1OC
CHEMBL5405631,PPARgamma,,5.301,0,1,,censored,Cc1cc(CN2C(=O)CN(c3ccc(C(F)(F)F)cc3)C2=O)cc(C)c1OCC(=O)O
CHEMBL372220,PPARgamma,5.750,,1,0,,exact,CCCc1cc2c(oc(=O)n2C(C)C)c(CCC)c1O[C@H](C(=O)O)c1ccccc1
CHEMBL4867346,PPARgamma,5.845,,2,0,,exact,CC1=C(CC(=O)O)c2cc(F)ccc2/C1=C\c1cccc(Oc2ccccc2)c1
CHEMBL5592341,PPARgamma,4.940,,1,0,Inactive,exact,C/C=C(\C)C(=O)OC[C@@]12[C@H](CCC[C@]13CO3)[C@@](C)(C[C@H](O)C1=CC(=O)OC1)[C@H](C)C[C@@H]2O
CHEMBL5087457,PPARgamma,5.220,,1,0,,exact,CC(C)(Oc1ccc(CCOc2ccc(/N=N\c3ccccc3)cc2)cc1)C(=O)O
CHEMBL5189438,PPARgamma,4.820,,1,1,Inactive,exact,O=C(O)c1ccc(NCc2c(-c3c(Cl)cccc3C(F)(F)F)noc2-c2cc[nH]c2)cc1F
CHEMBL3678137,PPARgamma,7.510,,1,0,Active,exact,Cc1c(C)n(Cc2ccc(C3(C(=O)O)CC3)cc2)c2ccc(C(=O)N[C@@H](C)c3ccc(Br)cc3)cc12
CHEMBL4174856,PPARgamma,,5.000,0,1,,censored,CN1CC[C@@H](N2C(=O)S/C(=C\c3ccc4c(cnn4Cc4ccc(Cl)cc4C(F)(F)F)c3)C2=O)[C@H](F)C1
CHEMBL4176938,PPARgamma,6.340,,1,0,Active,exact,Cc1ccnc(Oc2ccc3nc(COc4cccc(C(=O)O)c4)n(C)c3c2)c1
CHEMBL3318037,PPARgamma,5.970,,1,0,,exact,CCCCC(Sc1nc(Cl)cc(Nc2ccc(Nc3ccccc3)cc2)n1)C(=O)O
CHEMBL281791,PPARgamma,5.700,,1,0,,exact,Cc1ccc(NC(=O)N(CCCCC2CCCCC2)CCc2ccc(SC(C)(C)C(=O)O)cc2)cc1[N+](=O)[O-]
CHEMBL420525,PPARgamma,5.820,,1,0,,exact,O=C(Nc1ccc(OCCc2ccccn2)cc1C(=O)[O-])c1ccc(Cl)cc1Cl.[Li+]
CHEMBL3398439,PPARgamma,5.555,,2,0,,exact,Cc1oc(-c2ccccc2)nc1CCOc1cccc(C[C@H]2CN(C(=O)Oc3ccccc3)C[C@H]2C(=O)O)c1
CHEMBL395558,PPARgamma,,6.000,0,1,,censored,COCOC(COc1ccc(C(F)(F)F)cc1)CSc1ccc(OCC(=O)O)c(C)c1
CHEMBL4862243,PPARgamma,5.580,,1,0,,exact,CC(=O)c1cc(C(C)=O)c(CC(=O)C(=O)Nc2cccc(C)c2C)cc1CC(=O)C(=O)Nc1cccc(C)c1C
CHEMBL593087,PPARgamma,5.800,,1,0,,exact,Cc1oc(-c2ccccc2)nc1CCCc1ccc(CC(C(=O)O)c2ccsc2)cc1
CHEMBL255271,PPARgamma,5.880,,1,0,,exact,Cc1oc(-c2ccccc2)nc1CCOc1cccc(CC2=C(C(=O)O)CCN(c3nccc(C(F)(F)F)n3)C2)c1
CHEMBL2042809,PPARgamma,8.310,,1,0,Active,exact,COc1cc(O)c2c(c1C(=O)NCc1c(C)ccc3ccc(Cl)cc13)OC1=CC(O)=C(C(C)=O)C(=O)[C@]12C
CHEMBL537921,PPARgamma,6.590,,1,0,Active,exact,CCO[C@@H](Cc1ccc(OCCN2CCC(C)(C)c3cc(/C(=N/OCC4CC4)c4ccccc4)ccc32)cc1)C(=O)O
CHEMBL237086,PPARgamma,8.050,,1,0,Active,exact,Cc1cc(Oc2cccc(CNC(=O)c3ccc(Cl)cc3C)c2)ccc1OC(C)(C)C(=O)O
CHEMBL4550568,PPARgamma,5.020,,1,0,,exact,CCC/C(=C\c1cc(OCc2ccc3nc(C(F)(F)F)cc(OC)c3c2)ccc1NC(=O)c1ccc(F)cc1)C(=O)O
CHEMBL4851842,PPARgamma,5.620,,1,0,,exact,COc1ccccc1OC[C@H](O)CNc1ccc(Cl)cc1C(=O)c1ccccc1
CHEMBL1935610,PPARgamma,7.520,,1,0,Active,exact,CC(C)(C)N.CCC/C=C/C(=O)N1Cc2cc(OCCc3nc(/C=C/CCC(C)C)oc3C)ccc2C[C@H]1C(=O)O
CHEMBL465748,PPARgamma,4.480,,1,0,Inactive,exact,COc1ccc(NC(=S)NS(=O)(=O)c2ccc(CCNS(=O)(=O)c3ccc(Cl)cc3)cc2)cc1
CHEMBL4059819,PPARgamma,5.480,,1,0,,exact,Cc1cc(C)c(S(=O)(=O)Nc2cc(Cl)c(Oc3cnc4ccccc4c3)c(Cl)c2)c(C)c1
CHEMBL221292,PPARgamma,,5.000,0,1,,censored,O=C(O)Cc1cccc(-c2noc(-c3ccccc3Cl)c2C(=O)NCCOc2ccc(Cl)cc2Cl)c1
CHEMBL1090814,PPARgamma,4.890,,1,0,Inactive,exact,O=C(O)C(Sc1nc(Cl)cc(Nc2ccc(F)cc2)n1)c1cccc2ccccc12
CHEMBL5196235,PPARgamma,4.650,,1,0,Inactive,exact,CCOc1ccc(/C=C/c2cc(OCC)cc(OCc3ccc(OCC(=O)O)c(F)c3)c2)cc1
CHEMBL120009,PPARgamma,6.400,,1,0,Active,exact,CCC(Cc1ccc(OC)c(C(=O)NCc2ccc(C(F)(F)F)cc2)c1)C(=O)O
CHEMBL4072143,PPARgamma,7.960,,1,0,Active,exact,Cc1nc2ccc(S(=O)(=O)n3c(CCCC(=O)O)cc4cc(Cl)ccc43)cc2s1
CHEMBL4878808,PPARgamma,6.470,,1,0,Active,exact,CCCCOc1ccc2c(c1)O/C(=C\c1cc(C)c(OC(C)(C)C(=O)O)c(C)c1)C2=O
CHEMBL96451,PPARgamma,7.110,,1,0,Active,exact,CCCc1cc(Oc2ccc(F)cc2)ccc1OCCCOc1cccc(C2SC(=O)NC2=O)c1
CHEMBL5290870,PPARgamma,6.050,,1,0,Active,exact,C[C@H]1CN(c2nc3ccc(C(F)(F)F)cc3s2)CCN1CCOc1cc(CC(=O)O)ccc1Cl
CHEMBL4472191,PPARgamma,5.910,,1,0,,exact,CCCCc1nc(C(C)C)c(CC(=O)OCC(C)C)c(=O)n1Cc1ccc(-c2ccccc2-c2noc(=O)[nH]2)cc1
CHEMBL192646,PPARgamma,7.480,,1,0,Active,exact,Cc1c(Oc2cccc(O[C@@H](C)C(=O)O)c2)c2cc(OC(F)(F)F)ccc2n1-c1noc2cc(Cl)ccc12
CHEMBL146562,PPARgamma,8.630,,1,0,Active,exact,CN(CCOc1ccc(CC(Nc2ccccc2C(=O)c2ccsc2)C(=O)O)cc1)c1nc2ccccc2o1
CHEMBL1092235,PPARgamma,5.350,,1,0,,exact,Cc1oc(-c2ccc(Cl)cc2)nc1COc1cccc(CN(CC(=O)O)C(=O)OC2CCCCC2)c1
CHEMBL519504,PPARgamma,7.720,,1,0,Active,exact,CO[C@@H](Cc1ccc(OCCc2nc(-c3ccccc3)oc2C)c2ccsc12)C(=O)O
CHEMBL38508,PPARgamma,5.360,,2,0,,exact,Cc1cc(SCc2sc(-c3ccc(C(F)(F)F)c(F)c3)nc2C)ccc1OCC(=O)O
CHEMBL486357,PPARgamma,5.650,,1,0,,exact,O=C(O)C(Cc1ccccc1Cl)Oc1ccc(Cl)cc1
CHEMBL3695786,PPARgamma,6.610,,1,0,Active,exact,Cc1c(C)n(Cc2ccc(-c3ccccc3C(=O)O)cc2)c2ccc(C(=O)NCC(=O)c3ccccc3)cc12
CHEMBL3335653,PPARgamma,5.210,,1,0,,exact,CC(C)(C)c1ccc(C(=O)Nc2ccccc2C(=O)Nc2cccc(CC(=O)O)c2)cc1
CHEMBL3765360,PPARgamma,4.960,,1,0,Inactive,exact,CCOC(=O)C(CC)Cc1ccc(C(=O)NCc2ccc(F)cc2)cc1
CHEMBL4574542,PPARgamma,5.960,,1,0,,exact,CCCCCOC(=O)Cc1c(C(C)C)nc(CCCC)n(Cc2ccc(-c3ccccc3-c3noc(=O)[nH]3)cc2)c1=O
CHEMBL4161810,PPARgamma,5.720,,1,0,,exact,Cc1cccc(Oc2ccc3nc(COc4cccc(C(=O)O)c4)n(C)c3c2)n1
CHEMBL5633111,PPARgamma,,5.000,0,1,,censored,CC(C)CN(c1ccc(-c2ccc(OCC(=O)O)c(F)c2)cc1)S(=O)(=O)c1c(Cl)cccc1Cl
CHEMBL5268798,PPARgamma,,4.328,0,1,Inactive,censored,CCOc1ccc(F)c(N2CCC(Oc3ccc(N4C[C@H](Oc5ccccc5)C[C@@H]4CC(=O)O)cc3)CC2)c1
CHEMBL4535401,PPARgamma,5.560,,1,0,,exact,CCCCc1nc(C(C)C)c(CC(=O)OCC(F)(F)F)c(=O)n1Cc1ccc(-c2ccccc2-c2noc(=O)[nH]2)cc1
CHEMBL5183657,PPARgamma,8.395,,2,0,Active,exact,CCc1ccc(-c2nc3cc(NC(=O)c4cc([N+](=O)[O-])ccc4Cl)ccc3n2C)cc1
CHEMBL119111,PPARgamma,6.800,,1,0,Active,exact,O=C(Nc1ccc(Oc2cncc(Cl)n2)cc1C(=O)[O-])c1ccc(Cl)cc1Cl.[Li+]
CHEMBL6160140,PPARgamma,5.310,,1,0,,exact,C[C@](Oc1ccc(-c2cccc3ccccc23)cc1)(C(=O)O)c1ccccc1
CHEMBL484063,PPARgamma,5.160,,1,0,,exact,CCO[C@@H](Cc1cccc(C2=NOC(Cc3ccccc3)C2)c1)C(=O)O
CHEMBL363154,PPARgamma,,4.824,0,1,Inactive,censored,O=C(O)C1Cc2cc(OCCCOc3ccc(OCC(F)(F)F)cc3Cl)ccc2O1
CHEMBL3695864,PPARgamma,7.520,,1,0,Active,exact,Cc1c(C)n(Cc2ccc(-c3ccccc3)cc2)c2ccc(C(=O)N[C@H](C)c3c(Cl)cccc3Cl)cc12
CHEMBL4745121,PPARgamma,6.360,,1,0,Active,exact,COc1nc(C)ccc1Oc1ccc2nc(COc3cccc(C(=O)O)c3)n(C)c2c1
CHEMBL145938,PPARgamma,6.090,,1,0,Active,exact,Cc1oc(-c2ccccc2)nc1CCOc1ccc(CC(Nc2ccccc2C(=O)c2cccc(C(=O)O)c2)C(=O)O)cc1
CHEMBL2259812,PPARgamma,6.780,,1,0,Active,exact,CCCc1cc(Oc2ccc(C(C)C)cc2)ccc1OCCCOc1ccc(C2SC(=O)NC2=O)cc1
CHEMBL50259,PPARgamma,,4.824,0,1,Inactive,censored,O=C1NC(=O)C(c2ccc(OCCCOc3ccc(Oc4ccccc4)cc3)cc2)S1
CHEMBL575687,PPARgamma,5.800,,1,0,,exact,O=C(O)[C@@H](Cc1ccccc1)Oc1ccc(CCc2ccccc2)cc1
CHEMBL1079669,PPARgamma,5.880,,1,0,,exact,CCOC(Cc1ccc(OCc2nc(-c3ccc(OC)cc3)c(-c3ccc(C(F)(F)F)cc3)s2)cc1)C(=O)O
CHEMBL2042804,PPARgamma,7.370,,1,0,Active,exact,CCCc1ccc2ccccc2c1CNC(=O)c1c(OC)cc(O)c2c1OC1=CC(O)=C(C(C)=O)C(=O)[C@]12C
CHEMBL3115243,PPARgamma,7.100,,1,0,Active,exact,CCCc1nn2ccc(-c3nc4ccccc4n3CCC)cc2c1Cc1ccc(-c2ccccc2-c2nn[nH]n2)cc1
CHEMBL3901902,PPARgamma,5.380,,1,0,,exact,O=C(Cc1ccc(SCc2ccccc2C(=O)O)cc1)OCc1ccc(-n2cccn2)cc1
CHEMBL1089210,PPARgamma,5.550,,1,0,,exact,Cc1ccc(OC(=O)N(CC(=O)O)Cc2cccc(OCc3nc(-c4ccc(Cl)cc4)oc3C)c2)cc1
CHEMBL5178172,PPARgamma,4.750,,1,0,Inactive,exact,COc1ccc([C@@H]2CC(=O)c3cc4c(cc3C2)OC(C)(C)C=C4)cc1O
CHEMBL3699349,PPARgamma,6.090,,1,0,Active,exact,Cc1c(C)n(Cc2ccc(-c3ccccc3C(=O)O)cc2)c2ccc(C(=O)N[C@@H](C)C3CCN(C(=O)NCc4ccccc4)CC3)cc12
CHEMBL522619,PPARgamma,5.500,,1,0,,exact,O=C(Nc1ccc(C(F)(F)F)cc1C(=O)O)c1cccc(S(=O)(=O)N2CCc3ccccc3C2)c1
CHEMBL479002,PPARgamma,6.590,,1,0,Active,exact,Cc1oc(-c2ccccc2)nc1C/C=C/c1ccc(C[C@@H](C(=O)O)n2cccc2)cc1
CHEMBL2022132,PPARgamma,7.420,,1,0,Active,exact,CCCCOC(=O)NCCCc1ccc(OCCOC)cc1Oc1ncc(C(F)(F)F)cc1Cl
CHEMBL1090189,PPARgamma,6.060,,1,0,Active,exact,COc1ccc(-c2nc(COc3cccc(CN(CC(=O)O)C(=O)Oc4ccc(C)cc4)c3)c(C)o2)cc1
CHEMBL2035065,PPARgamma,,5.000,0,1,,censored,Cc1cc(SC(Cc2cccc3ccccc23)c2sc(-c3ccc(C(F)(F)F)cc3)nc2C)ccc1OCC(=O)O
CHEMBL3946222,PPARgamma,6.160,,1,0,Active,exact,CCc1cc(OCCc2coc(-c3ccc(C(F)(F)F)cc3)n2)ccc1CCC(=O)O
CHEMBL39176,PPARgamma,5.060,,1,0,,exact,N[C@@H](Cc1c[nH]c2ccccc12)C(=O)N[C@@H](CCC(=O)O)C(=O)O
CHEMBL3695827,PPARgamma,7.600,,1,0,Active,exact,Cc1c(C)n(Cc2ccc(-c3ccccc3C(=O)O)cc2)c2ccc(C(=O)NC3CCCC3)cc12
CHEMBL3695838,PPARgamma,8.150,,1,0,Active,exact,COc1ccc(CNC(=O)c2ccc3c(c2)c(C)c(C)n3Cc2ccc(-c3ccccc3C(=O)O)cc2)cc1
CHEMBL199244,PPARgamma,8.700,,1,0,Active,exact,CC(C)(C)c1ccc(-n2c(C(=O)O)c(Oc3cccc(C(F)(F)F)c3)c3cc(Oc4cc(Cl)c[nH]4)ccc32)cc1
CHEMBL5196394,PPARgamma,5.100,,1,0,,exact,O=C(NC(CSCc1ccc(C(=O)c2ccccc2)cc1)C(=O)O)OCc1ccccc1
CHEMBL1081046,PPARgamma,,5.000,0,1,,censored,COc1ccc(-c2nc(CSc3ccc(OCC(=O)O)cc3Cl)sc2-c2ccc(OC)cc2)cc1
CHEMBL526371,PPARgamma,6.180,,1,1,Active,exact,Cc1cc(COc2cc(COc3ccc(C(F)(F)F)cc3)ccc2Sc2ccc(OCC(=O)O)c(C)c2C)no1
CHEMBL3699387,PPARgamma,7.240,,1,0,Active,exact,Cc1c(C)n(Cc2ccc(-c3ccccc3)cc2)c2ccc(C(=O)N[C@@H](C)c3cc(F)ccc3C(F)(F)F)cc12
CHEMBL3699403,PPARgamma,7.720,,1,0,Active,exact,Cc1c(C)n(Cc2ccc(-c3ccccc3C(=O)O)cc2)c2ccc(C(=O)NC(C)c3cncc(C4CC4)c3)cc12
CHEMBL6133928,PPARgamma,,4.301,0,2,Inactive,censored,CCS1(=O)=N[Se]c2ccccc21
CHEMBL4240338,PPARgamma,,4.000,0,1,Inactive,censored,COc1ccc(COc2ccc(CNc3cccc(C(=O)O)c3)c(OCc3ccc(OC)cc3)c2)cc1
CHEMBL4249120,PPARgamma,,5.000,0,1,,censored,Cc1cc(SC(Cc2ccccc2)c2ccc(-c3cc(F)c(F)c(F)c3)cc2)ccc1OCC(=O)O
CHEMBL147212,PPARgamma,5.620,,1,0,,exact,CSc1ccc(COc2ccc(C[C@H](Nc3ccccc3C(=O)c3ccccc3)C(=O)O)cc2)cc1
CHEMBL4741141,PPARgamma,6.370,,2,0,Active,exact,CCCCCCOc1ccc(C(=O)N[C@H](C(=O)O)C(C)C)cc1
CHEMBL3103195,PPARgamma,7.700,,1,0,Active,exact,COC(c1ccc(C(F)(F)F)cc1)C1CC1c1cc(C)c(OC(C)(C)C(=O)O)c(C)c1
CHEMBL514007,PPARgamma,5.895,,2,0,,exact,Cc1oc(-c2ccccc2)nc1CCOc1ccc(Cc2nn(-c3ccccc3)cc2C(=O)O)cc1
CHEMBL4759515,PPARgamma,7.220,,1,0,Active,exact,COc1cc(Oc2ccc3nc(COc4cccc(C(=O)O)c4)n(C)c3c2F)ccn1
CHEMBL5094105,PPARgamma,5.780,,1,0,,exact,Cc1cc(Cn2ncn(-c3ccc(OC(F)(F)F)cc3)c2=O)cc(C(F)(F)F)c1OC(C)(C)C(=O)O
CHEMBL3263244,PPARgamma,4.580,,1,0,Inactive,exact,O=C(O)CCCCNC(=O)c1ccccc1NC(=O)c1ccc2ccccc2c1
CHEMBL3397552,PPARgamma,5.420,,1,0,,exact,CCCO/N=C/c1ccc(O[C@@H](Cc2ccccc2)C(=O)O)cc1
CHEMBL191556,PPARgamma,6.800,,1,0,Active,exact,CCCc1cc2c(=O)n(C(C)C)oc2c(CCC)c1O[C@H](C(=O)O)c1ccc(C(C)C)cc1
CHEMBL318351,PPARgamma,5.600,,1,0,,exact,CC[C@@H](Cc1ccc(OC)c(C(=O)NCc2ccc(Oc3ccc(F)cc3)cc2)c1)C(=O)O
CHEMBL116043,PPARgamma,6.310,,1,0,Active,exact,O=C(O)Cc1ccc2[nH]c(-c3ccc(F)cc3)c(CCc3ccc(F)cc3)c2c1
CHEMBL172931,PPARgamma,8.050,,1,0,Active,exact,CCCc1c(OCCCCOc2ccc(CCC(=O)O)cc2)ccc2c(-c3ccccc3)noc12
CHEMBL2042814,PPARgamma,8.475,,2,0,Active,exact,CCc1cc(F)c2ccccc2c1CNC(=O)c1c(OC)cc(O)c2c1OC1=CC(O)=C(C(C)=O)C(=O)[C@]12C
CHEMBL1551302,PPARgamma,6.435,,2,0,Active,exact,COc1cc2c(cc1CC=C(C)C)C(=O)C[C@@H](c1ccc(O)cc1)O2
CHEMBL3984358,PPARgamma,5.160,,1,0,,exact,COc1ccc(CCOC(=O)Cc2ccc(SCc3ccccc3C(=O)O)cc2)cc1OC
CHEMBL3914680,PPARgamma,7.330,,1,0,Active,exact,CCc1cc(OCCc2nc(-c3ccc(C(N)=O)cc3)oc2C)ncc1CCC(=O)O
CHEMBL485188,PPARgamma,8.300,,1,0,Active,exact,Cc1oc(-c2ccc(C(C)C)cc2)nc1CCOc1ccc(C[C@H](OCC2CC2)C(=O)O)c2sccc12
CHEMBL314016,PPARgamma,5.170,,1,0,,exact,C=CCC/C=C/C(=O)NCCOc1ccc(CC2SC(=O)NC2=O)cc1
CHEMBL434935,PPARgamma,5.530,,1,0,,exact,CCCc1cc(C(=O)CC)cc(CCC)c1O[C@@H](C(=O)O)c1ccc(C(C)C)cc1
CHEMBL3699373,PPARgamma,7.440,,1,0,Active,exact,Cc1c(C)n(Cc2ccc(-c3ccccc3)cc2)c2ccc(C(=O)N[C@@H](C)c3ccc(F)cc3C(F)(F)F)cc12
CHEMBL5086358,PPARgamma,5.330,,1,0,,exact,CC(C)(Oc1ccc(Cn2ncn(-c3ccc(OC(F)(F)F)cc3)c2=O)cc1OC(F)(F)F)C(=O)O
CHEMBL4557705,PPARgamma,5.330,,1,0,,exact,CCC/C(=C\c1cc(OCc2ccc3nc(C(F)(F)F)cc(OC)c3c2)ccc1OCc1ccncc1)C(=O)O
CHEMBL3317865,PPARgamma,8.835,,2,0,Active,exact,CCCOc1ccc(C[C@@H](Cc2ccccc2)C(=O)O)cc1CNC(=O)c1ccc(N2C3CCCC2CCC3)cc1
CHEMBL371120,PPARgamma,5.750,,3,0,,exact,Cc1oc(-c2ccccc2)nc1CCOc1ccc(CN(CC(=O)O)Cc2ccccc2)cc1
CHEMBL3601087,PPARgamma,5.890,,1,0,,exact,CC(C)(C)c1ccc(CNC(=O)c2ccc(NC(=O)c3cccc(CN4C(=O)OC[C@H]4Cc4ccccc4)c3)cc2)cc1
CHEMBL146341,PPARgamma,6.790,,1,0,Active,exact,O=C(c1ccccc1)c1ccccc1N[C@@H](Cc1ccc(OCCc2ccc(OC(F)(F)F)cc2)cc1)C(=O)O
CHEMBL5170260,PPARgamma,7.270,,1,1,Active,exact,CCc1ccc2oc(-c3cccc(NC(=O)c4cc([N+](=O)[O-])ccc4Cl)c3)nc2c1
CHEMBL203621,PPARgamma,5.910,,1,0,,exact,CCC(C)(Cc1ccc(OCCCOc2ccc(Oc3ccc(F)cc3)cc2Cl)cc1)C(=O)O
CHEMBL1079504,PPARgamma,,5.000,0,1,,censored,COc1ccc(-c2nc(COc3ccc(OCC(=O)O)c(C)c3)sc2-c2ccccc2)cc1
CHEMBL3398423,PPARgamma,7.300,,1,0,Active,exact,COc1ccc(OC(=O)N2[C@H](C(=O)O)CC[C@H]2c2ccc(OCCc3nc(-c4ccccc4)oc3C)cc2)cc1
CHEMBL3317867,PPARgamma,9.310,,2,0,Active,exact,CCCOc1ccc(C[C@@H](Cc2ccccc2)C(=O)O)cc1CNC(=O)c1ccc(N2C3CC4CC(C3)CC2C4)cc1
CHEMBL3764004,PPARgamma,5.460,,1,0,,exact,CCOC(=O)C(CC)Cc1ccc(C(=O)NCc2ccccc2OC(F)(F)F)cc1
CHEMBL364467,PPARgamma,5.560,,1,0,,exact,CCCc1cc(C(=O)CC)cc(CCC)c1OC(C(=O)O)c1ccccc1
CHEMBL2021930,PPARgamma,8.960,,1,0,Active,exact,CCCCCNS(=O)(=O)NC(=O)CCc1ccc(OCCOC)cc1Oc1ncc(C(F)(F)F)cc1Cl
CHEMBL1075723,PPARgamma,5.920,,1,0,,exact,Cc1cc(OCc2nc(-c3ccc(C(=O)N(C)C(C)C)cc3)c(-c3ccc(OC(F)(F)F)cc3)s2)ccc1OCC(=O)O
CHEMBL5272194,PPARgamma,7.460,,2,0,Active,exact,Cc1cc(OCCO)ccc1NC(=O)c1cc(C(=O)NCc2ccc(F)c(F)c2)c(F)cc1Cl
CHEMBL200811,PPARgamma,,5.000,0,1,,censored,CCC(C(=O)O)C1CCc2cc(OCCn3nc(-c4ccccc4)c4ccccc4c3=O)ccc21
CHEMBL2377521,PPARgamma,7.070,,1,0,Active,exact,CCCOc1ccc(C[C@@H](Cc2ccccc2)C(=O)O)cc1CNC(=O)c1ccc(-c2ccccc2)cc1
CHEMBL378705,PPARgamma,6.130,,1,0,Active,exact,CCOC(Cc1ccc2c(ccn2Cc2nc(-c3ccccc3OC)oc2C)c1)C(=O)O
CHEMBL172718,PPARgamma,6.180,,1,0,Active,exact,CCCc1c(OCCCOc2cccc(CC(=O)O)c2)ccc2c(-c3ccccc3)noc12
CHEMBL357759,PPARgamma,6.100,,1,0,Active,exact,COC(COc1ccc(C[C@H](Nc2ccccc2C(=O)c2ccccc2)C(=O)O)cc1)c1ccccc1
CHEMBL3962742,PPARgamma,5.510,,1,0,,exact,CCCCCCc1nc2ccccc2n1Cc1ccc(-c2ccccc2C(N)=O)cc1
CHEMBL4063529,PPARgamma,7.460,,1,0,Active,exact,O=C(O)CCCc1cc2cc(Cl)ccc2n1S(=O)(=O)c1ccc2ccccc2c1
CHEMBL5191280,PPARgamma,5.750,,1,0,,exact,CCCCCC/C=C\CCCCCCCc1cccc(OC(C)(C)C(=O)O)c1
CHEMBL372412,PPARgamma,6.220,,1,0,Active,exact,CC[C@@H](C(=O)O)[C@H]1CCc2cc(OCCc3nc(-c4ccccc4)oc3C)ccc21
CHEMBL4161305,PPARgamma,6.410,,1,0,Active,exact,Cc1cc(Oc2ccc3nc(COc4ccccc4C#N)n(C)c3c2)cc(C)c1N.Cl.Cl
CHEMBL2024612,PPARgamma,7.030,,1,0,Active,exact,CCCCCS(=O)(=O)NC(=O)/C=C/c1ccc(OCCOC)cc1Oc1ccc(C(F)(F)F)cc1Cl
CHEMBL3959627,PPARgamma,5.855,,2,0,,exact,CCCCNC(=O)NS(=O)(=O)c1ccc(NC(=O)Cn2c(=O)c(C)nc3ccccc32)cc1
CHEMBL309882,PPARgamma,8.050,,1,0,Active,exact,Cc1oc(C2CCCCC2)nc1CCOc1ccc(CC(C)(Oc2ccccc2)C(=O)O)cc1
CHEMBL485087,PPARgamma,5.300,,1,0,,exact,Cc1ccc(NC(=O)c2cccc(S(=O)(=O)N3CCc4ccccc4C3)c2)c(C(=O)O)c1
CHEMBL1760403,PPARgamma,5.500,,1,0,,exact,CCCCN(c1cccc(-c2ccc(Cl)cc2)c1C)S(=O)(=O)c1ccc(OC(C)C(=O)O)c(F)c1F
CHEMBL331388,PPARgamma,5.950,,1,0,,exact,COC(=O)C(Cc1ccc(OCCOc2ccc3ccccc3c2)cc1)C(=O)O
CHEMBL2035062,PPARgamma,,5.000,0,1,,censored,Cc1cc(SC(Cc2cc(F)c(F)c(F)c2)c2sc(-c3ccc(C(F)(F)F)cc3)nc2C)ccc1OCC(=O)O
CHEMBL2022129,PPARgamma,7.820,,1,0,Active,exact,CCCCCS(=O)(=O)NC(=O)/C=C/c1ccc(OCCCC#N)cc1Oc1ncc(C(F)(F)F)cc1Cl
CHEMBL2263564,PPARgamma,5.050,,1,0,,exact,CCOC(=O)CN1C(=O)SC(Cc2ccc(C(F)(F)F)cc2)C1=O
CHEMBL4091398,PPARgamma,4.850,,1,0,Inactive,exact,O=C1NC(=O)/C(=C/c2ccc(OCCNc3nc4ccccc4s3)cc2)S1
CHEMBL364274,PPARgamma,6.920,,1,0,Active,exact,CCCc1cc2c(oc(=O)n2CC2CC2)c(CCC)c1O[C@H](C(=O)O)c1ccc(C(C)C)cc1
CHEMBL1743304,PPARgamma,5.810,,2,0,,exact,N[C@@H](Cc1ccc(Oc2cc(I)c(O)c(I)c2)c(I)c1)C(=O)O
CHEMBL3678109,PPARgamma,6.910,,1,0,Active,exact,Cc1c(C)n(Cc2ccc(OCC(=O)O)cc2)c2ccc(C(=O)N[C@@H](C)c3cccc(C(C)C)c3)cc12
CHEMBL23874,PPARgamma,7.570,,2,0,Active,exact,CCCc1c(OCCCSc2ccc(CC(=O)O)cc2Cl)ccc(/C(CC)=N/O)c1O
CHEMBL81676,PPARgamma,8.220,,1,0,Active,exact,Cc1oc(-c2cccc(-c3ccccc3)c2)nc1CCOc1ccc(CC(C)(Oc2ccccc2)C(=O)O)cc1
CHEMBL149876,PPARgamma,9.110,,1,0,Active,exact,Cc1sc(N2CCOCC2)nc1CCOc1ccc(C[C@H](Nc2ccccc2C(=O)c2ccccc2)C(=O)O)cc1
CHEMBL2263556,PPARgamma,5.160,,1,0,,exact,CCOC(=O)CN1C(=O)S/C(=C\c2ccc(OC)cc2)C1=O
CHEMBL3678095,PPARgamma,,6.000,0,1,,censored,O=C(NC1CCCC1)c1ccc2c(ccn2Cc2ccc(F)cc2F)c1
CHEMBL195367,PPARgamma,,4.301,0,1,Inactive,censored,CN1C(=O)SC(Cc2ccc(OCCN(C)c3ccccn3)cc2)C1=O
CHEMBL470383,PPARgamma,,6.000,0,1,,censored,C=C(COc1ccc(N(C)C)cc1)CSc1ccc(OCC(=O)O)c(C)c1
CHEMBL3397562,PPARgamma,6.000,,1,0,Active,exact,CCCO/N=C(\c1ccccc1)c1ccc(OC(Cc2ccccc2)C(=O)O)cc1
CHEMBL3695771,PPARgamma,7.850,,3,0,Active,exact,Cc1c(C)n(Cc2ccc(-c3ccccc3C(=O)O)cc2)c2ccc(C(=O)NCc3ccc(Br)cc3)cc12
CHEMBL1081926,PPARgamma,,5.000,0,1,,censored,COc1ccc(-c2nc(COc3ccc(OCC(=O)O)c(C)c3)sc2-c2ccc(Cl)nc2)cc1
CHEMBL604491,PPARgamma,4.850,,1,0,Inactive,exact,Cc1cc(C(Cc2ccc(CCCc3nc(-c4ccccc4)oc3C)cc2)C(=O)O)no1
CHEMBL211371,PPARgamma,6.500,,1,0,Active,exact,CCOC(Cc1ccc2c(ccn2Cc2nc(-c3ccccc3C)oc2C)c1)C(=O)O
CHEMBL2331772,PPARgamma,7.950,,2,0,Active,exact,O=S(=O)(Nc1cc(Cl)c(Oc2cncc(Cl)c2)c(Cl)c1)c1ccc(Cl)cc1Cl
CHEMBL1760401,PPARgamma,5.200,,1,0,,exact,CCCCN(c1cccc(-c2ccc(Cl)cc2)c1C)S(=O)(=O)c1ccc(OC(C)C(=O)O)c(F)c1Cl
CHEMBL122417,PPARgamma,6.470,,1,0,Active,exact,CCCc1ccccc1OCCCOc1cccc(C2OC(=O)NC2=O)c1
CHEMBL4471421,PPARgamma,6.800,,1,0,Active,exact,CCCCCC[C@H](Sc1nc2ccc(NS(=O)(=O)c3ccc(Cl)cc3Cl)cc2s1)C(=O)O
CHEMBL1075856,PPARgamma,,5.000,0,1,,censored,Cc1ccc(-c2sc(COc3ccc(OCC(=O)O)c(C)c3)nc2C)cc1
CHEMBL146687,PPARgamma,6.600,,1,0,Active,exact,Cc1oc(-c2ccccc2)nc1CCOc1ccc(CC(Nc2ccccc2C(=O)N(C)C)C(=O)O)cc1
CHEMBL5268646,PPARgamma,5.850,,1,0,,exact,Cc1cc(CC(=O)O)cc(CN2CCN(c3nc4ccc(C(F)(F)F)cc4s3)C[C@H]2C)c1
CHEMBL4091723,PPARgamma,,5.000,0,1,,censored,CCO[C@H](CC(=O)O)c1ccc(OCc2cccc(-c3c(C)cccc3C)c2)s1
CHEMBL521007,PPARgamma,8.520,,1,0,Active,exact,COc1cc(OC)cc(-c2nc(CCOc3ccc(C[C@H](OC)C(=O)O)c4sccc34)c(C)o2)c1
CHEMBL4861761,PPARgamma,,5.000,0,1,,censored,COc1ccc(Cn2c(CCCc3ccc(OC(C)(C)C(=O)O)cc3)nn(Cc3ccc(C)cc3)c2=O)cc1
CHEMBL461379,PPARgamma,7.640,,1,0,Active,exact,Cc1c(Oc2ccc(Cl)cc2)c2ccc(F)nc2n1Cc1ccc(F)c(O[C@@H](C)C(=O)O)c1
CHEMBL212023,PPARgamma,6.380,,1,0,Active,exact,CCCC(CCOc1ccc(CCC(=O)O)c(C)c1)Oc1ccc(CC)cc1C(=O)c1ccccc1
CHEMBL106666,PPARgamma,8.790,,4,0,Active,exact,COC(=O)c1ccccc1N[C@@H](Cc1ccc(OCCc2nc(-c3ccccc3)oc2C)cc1)C(=O)O
CHEMBL199398,PPARgamma,7.350,,1,0,Active,exact,CCC(C(=O)O)C1CCc2cc(OCCc3nc(-c4ccc(C)cc4)oc3C)ccc21
CHEMBL6165024,PPARgamma,,5.000,0,1,,censored,Cc1cc(SCc2nnc(-c3ccc(C(F)(F)F)cc3)s2)ccc1OCC(=O)O
CHEMBL5081996,PPARgamma,6.090,,1,0,Active,exact,Cc1cc(Cn2ncn(-c3ccc(C(F)(F)F)cc3)c2=O)cc(C(F)(F)F)c1OC(C)(C)C(=O)O
CHEMBL289887,PPARgamma,5.790,,1,0,,exact,Cc1cc(SCc2oc(-c3ccc(C(F)(F)F)cc3)nc2C)ccc1OCC(=O)O
CHEMBL1075894,PPARgamma,5.600,,1,0,,exact,Cc1cc(OCc2nc(-c3ccc(N4CCOCC4)nc3)c(-c3ccc(OC(F)(F)F)cc3)o2)ccc1OCC(=O)O
CHEMBL70005,PPARgamma,5.220,,1,0,,exact,COC(=O)CCc1ccc(OCCN(C)c2nc3ccccc3o2)cc1
CHEMBL2331784,PPARgamma,6.900,,2,0,Active,exact,CCOC(=O)c1cc(NS(=O)(=O)c2ccc(Cl)cc2)ccc1Oc1cncc(Cl)c1
CHEMBL4125720,PPARgamma,5.350,,1,0,,exact,O=C1NC(=O)C(Cc2ccc(OCCn3ccc4ccc(Cl)cc43)cc2)S1
CHEMBL435512,PPARgamma,5.960,,1,0,,exact,Cc1oc(-c2ccccc2)nc1CCOc1ccc(CC2(C(=O)O)CCCCO2)nc1
CHEMBL3827241,PPARgamma,5.000,,1,0,,exact,COC(=O)N(CC(=O)O)Cc1cc(OCc2nc(-c3ccc(F)cc3)oc2C)ccc1F
CHEMBL237485,PPARgamma,8.100,,1,0,Active,exact,Cc1cc(Oc2cccc(CNC(=O)c3cc4cc(Br)ccc4[nH]3)c2)ccc1CCC(=O)O
CHEMBL5417169,PPARgamma,5.780,,1,0,,exact,Cc1cc(CN2C(=O)CN(c3ccc(C(F)(F)F)cc3)C2=O)cc(C)c1OC(C)(C)C(=O)O
CHEMBL4558793,PPARgamma,5.030,,1,0,,exact,COc1cc(C(F)(F)F)nc2ccc(COc3ccc(OCc4ccc(F)cc4)c(/C=C(\C)C(=O)O)c3)cc12
CHEMBL4159849,PPARgamma,7.390,,1,0,Active,exact,Cc1cc(C)cc(Oc2ccc3nc(COc4cccc(C(=O)O)c4)n(C)c3n2)c1
CHEMBL5091419,PPARgamma,6.140,,1,0,Active,exact,O=C(COc1ccc2cc(/C=C3/SC(=O)NC3=O)ccc2c1)Nc1ccc(Br)cc1
CHEMBL3695891,PPARgamma,8.400,,1,0,Active,exact,Cc1c(C)n(Cc2ccc(-c3ccccc3)cc2)c2ccc(C(=O)N[C@@H](C)c3cccc(F)c3Cl)cc12
CHEMBL472,PPARgamma,5.910,,2,0,,exact,COc1ccc(Cl)cc1C(=O)NCCc1ccc(S(=O)(=O)NC(=O)NC2CCCCC2)cc1
CHEMBL104850,PPARgamma,8.160,,5,0,Active,exact,Cc1oc(-c2ccccc2)nc1CCOc1ccc(C[C@@H](C(=O)O)n2cccc2)cc1
CHEMBL5086086,PPARgamma,5.450,,1,0,,exact,CS(=O)(=O)Cc1ccc(CNC(=O)c2ccc3c(ccn3Cc3cccc(F)c3)c2)cc1
CHEMBL221580,PPARgamma,8.700,,1,0,Active,exact,COc1ccc(-c2c(C(=O)NS(C)(=O)=O)n(Cc3cccc(C(F)(F)F)c3)c3ccccc23)cc1
CHEMBL506419,PPARgamma,6.370,,2,0,Active,exact,CC(C)(O)C#CCOc1cc(COc2ccc(C(F)(F)F)cc2)ccc1Sc1ccc(OCC(=O)O)c2c1CCCC2
CHEMBL264374,PPARgamma,4.220,,5,1,Inactive,exact,CC(C)(Oc1ccc(CCNC(=O)c2ccc(Cl)cc2)cc1)C(=O)O
CHEMBL1080143,PPARgamma,,5.000,0,1,,censored,CCN(CC)c1ccc(-c2nc(COc3ccc(OCC(=O)O)c(C)c3)sc2-c2ccc(OC(F)(F)F)cc2)cc1
CHEMBL1214888,PPARgamma,6.580,,1,0,Active,exact,CCCc1nc2cc3ccccc3cc2n1Cc1ccc(-c2ccccc2C(=O)O)cc1
CHEMBL356350,PPARgamma,7.930,,1,0,Active,exact,CC(/C=C(\O)c1ccccc1)=N\[C@@H](Cc1ccc(OCc2ccccc2)cc1)C(=O)O
CHEMBL146650,PPARgamma,8.580,,1,0,Active,exact,Cc1sc(N2CCN(S(C)(=O)=O)CC2)nc1CCOc1ccc(C[C@H](Nc2ccccc2C(=O)c2ccccc2)C(=O)O)cc1
CHEMBL574606,PPARgamma,6.270,,1,0,Active,exact,O=C(O)C(Cc1ccccc1)Oc1ccc(C#Cc2ccccc2)cc1
CHEMBL105088,PPARgamma,6.210,,1,0,Active,exact,Cc1oc(-c2ccccc2)nc1CCOc1ccc(C[C@H](NS(C)(=O)=O)C(=O)O)cc1
CHEMBL1643199,PPARgamma,5.570,,1,0,,exact,Cc1cc(CN2CCc3ccccc3C2C(=O)Nc2ccc(Cl)cc2Cl)ccc1OCC(=O)O
CHEMBL2331782,PPARgamma,7.040,,2,0,Active,exact,O=S(=O)(Nc1ccc(Oc2cncc(Cl)c2)c(Cl)c1)c1ccc(Cl)cc1Cl
CHEMBL5613117,PPARgamma,5.370,,2,0,,exact,CC(Oc1ccc(-c2cccc3ccccc23)cc1)(C(=O)O)c1ccccc1
CHEMBL3695798,PPARgamma,,6.000,0,1,,censored,C[C@H](NC(=O)c1ccc2c(ccn2Cc2ccc(-c3ccccc3CO)cc2)c1)c1ccc([N+](=O)[O-])cc1
CHEMBL198623,PPARgamma,7.680,,1,0,Active,exact,CC(C)(C)c1ccc(-n2c(C(=O)O)c(Oc3cccc(C(F)(F)F)c3)c3ccc(Cl)nc32)cc1
CHEMBL294807,PPARgamma,4.970,,1,0,Inactive,exact,Cc1oc(-c2ccccc2)nc1CCOc1ccc(OCC(=O)O)cc1
CHEMBL1813009,PPARgamma,9.220,,1,0,Active,exact,CCO[C@@H](Cc1ccc(OCCc2nc(-c3ccsc3)oc2C)cc1)C(=O)O
CHEMBL6172690,PPARgamma,5.590,,1,0,,exact,COc1ccc(N2CCN(Cc3cc(C)c(OC(C)(C)C(=O)O)c(C)c3)C2=O)cc1
CHEMBL1760413,PPARgamma,5.300,,1,0,,exact,CCCCN(c1cc(-c2ccc(Cl)cc2)cc(C(F)(F)F)c1)S(=O)(=O)c1ccc(OC(C)C(=O)O)c(C)c1C
CHEMBL4859884,PPARgamma,5.970,,1,0,,exact,Cc1cc(/C=C2\Oc3cc(OCC4CC4)ccc3C2=O)cc(C)c1OCC(=O)O
CHEMBL2337126,PPARgamma,6.230,,2,0,Active,exact,CCCCCc1cc(OC)c(CC=C(C)C)c(O)c1C(=O)O
CHEMBL3398433,PPARgamma,5.290,,2,0,,exact,Cc1oc(-c2ccccc2)nc1CCOc1cccc([C@H]2CN(C(=O)Oc3ccccc3)C[C@@H]2CC(=O)O)c1
CHEMBL3678087,PPARgamma,8.300,,1,0,Active,exact,O=C(NCc1ccccc1)c1ccc2c(ccn2Cc2ccc(F)cc2F)c1
CHEMBL2377527,PPARgamma,6.730,,1,0,Active,exact,CCCOc1ccc(C[C@@H](Cc2ccccc2)C(=O)O)cc1CNC(=O)c1ccc(-c2ccccn2)cc1
CHEMBL482740,PPARgamma,8.700,,1,0,Active,exact,CCCCCCOC(Cc1ccc(OCCc2nc(-c3ccccc3)oc2C)c2ccsc12)C(=O)O
CHEMBL199125,PPARgamma,,5.000,0,1,,censored,CCCCCOc1nc2ccccc2cc1C(O)CCCCCCCC(=O)OC
CHEMBL213314,PPARgamma,7.420,,1,0,Active,exact,CCc1ccc(OCCCOc2ccc(OC(C)(C)C(=O)O)cc2)c(C(=O)c2ccccc2)c1
CHEMBL199579,PPARgamma,7.720,,1,0,Active,exact,CCC(C(=O)O)C1CCc2cc(OCCc3nc(-c4ccc(C(C)(C)C)cc4)oc3C)ccc21
CHEMBL1526763,PPARgamma,5.940,,1,0,,exact,O=C(O)c1ccc(COc2ccccc2C=C2C(=O)c3ccccc3C2=O)cc1
CHEMBL3678092,PPARgamma,7.310,,1,0,Active,exact,CC(NC(=O)c1ccc2c(ccn2Cc2ccc(F)cc2F)c1)c1cccc2ccccc12
CHEMBL221850,PPARgamma,6.250,,1,0,Active,exact,COC(C)(Cc1ccc(OCCc2nc(-c3ccccc3)oc2C)nc1)C(=O)O
CHEMBL6168093,PPARgamma,6.320,,1,0,Active,exact,Cc1cc(SCc2nnc(-c3ccc(OC(C)(C)C)cc3)s2)ccc1OCC(=O)O
CHEMBL221490,PPARgamma,6.800,,1,0,Active,exact,Cc1oc(-c2ccccc2)nc1CCOc1cnc(CC2(C(=O)O)CCCO2)cn1
CHEMBL603,PPARgamma,5.610,,1,0,,exact,COc1cc(C(=O)NS(=O)(=O)c2ccccc2C)ccc1Cc1cn(C)c2ccc(NC(=O)OC3CCCC3)cc12
CHEMBL54197,PPARgamma,5.580,,1,0,,exact,CCCc1cc(Oc2ccc(C)cc2)ccc1OCCCOc1ccc(C2SC(=O)NC2=O)cc1
CHEMBL234662,PPARgamma,4.860,,1,0,Inactive,exact,COc1ccc(COc2ccc(CSc3ccc(OCC(=O)O)c4c3CCC4)cc2)cc1
CHEMBL221123,PPARgamma,8.220,,1,0,Active,exact,Cc1oc(-c2ccccc2)nc1CCOc1ccc(C[C@]2(C(=O)O)CCCO2)cn1
CHEMBL4164423,PPARgamma,7.390,,3,0,Active,exact,Cc1cnc(Oc2ccc3nc(COc4cccc(C(=O)O)c4)n(C)c3c2)c(C)c1
CHEMBL4859752,PPARgamma,,5.000,0,1,,censored,COc1ccc(/C=C2\Oc3cc(OCc4cc(C)c(OC(C)(C)C(=O)O)c(C)c4)ccc3C2=O)cc1
CHEMBL3115246,PPARgamma,6.190,,1,0,Active,exact,CCCCn1c(-c2ccc3nn(CCC)c(Cc4ccc(-c5ccccc5C(=O)O)cc4)c3c2)nc2ccccc21
CHEMBL218591,PPARgamma,4.680,,1,0,Inactive,exact,Cc1oc(-c2ccccc2)nc1CCOc1ccc(C[C@@]2(C(=O)O)CCCO2)nc1
CHEMBL4638870,PPARgamma,4.890,,1,0,Inactive,exact,N[C@@H](Cc1cc(Br)c(Oc2cc(I)c(O)c(I)c2)c(I)c1)C(=O)O
CHEMBL5286386,PPARgamma,7.550,,3,0,Active,exact,CC(C)(O)c1ccc(NC(=O)c2cc(C(=O)NCc3ccc(F)c(F)c3)c(F)cc2Cl)cc1
CHEMBL300026,PPARgamma,6.130,,3,0,Active,exact,CCCc1cc(Oc2ccc(F)cc2)ccc1OCCCOc1ccc(C2SC(=O)NC2=O)cc1
CHEMBL2312716,PPARgamma,6.160,,1,0,Active,exact,O=C(O)[C@H](Cc1ccccc1)Oc1ccc(-c2ccccc2F)cc1
CHEMBL5407426,PPARgamma,,5.301,0,1,,censored,CC(C)(Oc1c(F)cc(CN2C(=O)CN(c3ccc(C(F)(F)F)cc3)C2=O)cc1F)C(=O)O
CHEMBL4080865,PPARgamma,5.940,,1,0,,exact,CCCc1nc2ccc(-c3ccc(Cl)cc3)cc2n1Cc1ccc(-c2ccccc2C(=O)O)cc1
CHEMBL357479,PPARgamma,7.290,,1,0,Active,exact,CC1(COc2ccc(C[C@H](Nc3ccccc3C(=O)c3ccccc3)C(=O)O)cc2)CCCCC1
CHEMBL38943,PPARgamma,5.360,,10,5,,exact,Cc1cc(SCc2sc(-c3ccc(C(F)(F)F)cc3)nc2C)ccc1OCC(=O)O
CHEMBL384746,PPARgamma,5.380,,1,0,,exact,CCCc1c(OCCCn2ccc3c(OCC(=O)O)cccc32)ccc2cc(C(=O)c3ccccc3)ccc12
CHEMBL1173381,PPARgamma,4.520,,1,0,Inactive,exact,CCCCCCCCCCCCCCCCCCCC(=O)O
CHEMBL4206950,PPARgamma,,5.000,0,1,,censored,C[C@H](CCCOc1ccccc1CN(C)C(=O)c1ccc(-c2ccco2)cc1)CC(=O)O
CHEMBL5265829,PPARgamma,,4.319,0,1,Inactive,censored,CCOc1ccc(F)c(N2CC[C@@H](Oc3ccc(N4CC(C)(C)C[C@@H]4CC(=O)O)cc3)[C@H](C)C2)c1
CHEMBL3695805,PPARgamma,6.820,,1,0,Active,exact,Cc1c(C)n(Cc2ccc(-c3cccnc3)cc2)c2ccc(C(=O)N[C@@H](C)c3ccc([N+](=O)[O-])cc3)cc12
CHEMBL3678120,PPARgamma,6.490,,2,0,Active,exact,Cc1c(C)n(Cc2cccc(OC(C)(C)C(=O)O)c2)c2ccc(C(=O)N[C@@H](C)c3ccc(C(C)(C)C)cc3)cc12
CHEMBL123268,PPARgamma,,4.000,0,1,Inactive,censored,CCC/C(=N\OCCOc1ccc(CC2SC(=O)NC2=O)cc1)c1ccc(-c2ccccc2)cc1
CHEMBL119066,PPARgamma,5.750,,1,0,,exact,CCCc1cc(C2CCC(C)(C)CC2)ccc1OCCCOc1cccc(C2OC(=O)NC2=O)c1
CHEMBL4755265,PPARgamma,5.800,,1,0,,exact,O=C(c1ccccc1)c1ccccc1N[C@@H](Cc1ccc(/N=N/c2ccc(Cl)cc2)cc1)C(=O)O
CHEMBL3828201,PPARgamma,6.380,,1,0,Active,exact,COC(=O)N(CC(=O)O)Cc1cc(OCc2nc(-c3ccc(C(C)(C)C)cc3)oc2C)ccc1F
CHEMBL485088,PPARgamma,5.400,,1,0,,exact,O=C(Nc1ccc(Cl)cc1C(=O)O)c1cccc(S(=O)(=O)N2CCc3ccccc3C2)c1
CHEMBL4286980,PPARgamma,4.935,,2,0,Inactive,exact,COc1cccc([C@@H](O)COc2ccc(CC3SC(=O)NC3=O)cc2)c1
CHEMBL6103494,PPARgamma,5.200,,1,0,,exact,COc1ccccc1C(=O)CN1C(=O)S/C(=C/c2ccc(Br)cc2)C1=O
CHEMBL3335667,PPARgamma,5.050,,1,0,,exact,CC(C)(C)c1ccc(C(=O)Nc2cc(Cl)ccc2C(=O)Nc2cccc(C(=O)O)c2)cc1
CHEMBL561776,PPARgamma,5.780,,1,0,,exact,CCCCCCCCCCCC/C=C(\CCCC(=O)O)[N+](=O)[O-]
CHEMBL4289610,PPARgamma,5.810,,1,0,,exact,Cc1cc(OCCCOc2cccc(Cl)c2)ccc1OCC(=O)O
CHEMBL592652,PPARgamma,,5.000,0,1,,censored,COC(=O)c1sccc1S(=O)(=O)Nc1ccc(Nc2ccccc2)cc1OC
CHEMBL2331787,PPARgamma,7.410,,2,0,Active,exact,CCNC(=O)c1cc(NS(=O)(=O)c2ccc(C(F)(F)F)cc2Cl)ccc1Oc1cncc(Cl)c1
CHEMBL2035069,PPARgamma,,5.000,0,1,,censored,CCCC(Sc1ccc(OCC(=O)O)c(C)c1)c1sc(-c2ccc(C(F)(F)F)cc2)nc1C
CHEMBL3678089,PPARgamma,8.400,,1,0,Active,exact,CC(C)(NC(=O)c1ccc2c(ccn2Cc2ccc(F)cc2F)c1)c1ccccc1
CHEMBL230269,PPARgamma,,6.000,0,1,,censored,C=CCOC(COc1ccc(C(F)(F)F)cc1)CSc1ccc(OCC(=O)O)c(C)c1
CHEMBL4090691,PPARgamma,,5.301,0,1,,censored,O=C(O)CCCc1cc2cc(C(F)(F)F)ccc2n1S(=O)(=O)c1ccccc1Cl
CHEMBL3699378,PPARgamma,7.750,,1,0,Active,exact,Cc1c(C)n(Cc2ccc(-c3ccccc3)cc2)c2ccc(C(=O)N[C@@H](C)c3cccc(Cl)c3F)cc12
CHEMBL178659,PPARgamma,5.240,,1,0,,exact,CC[C@]1(C(=O)O)CCc2ccc(OCCCOc3ccc(C4CCC(C)(C)CC4)cc3Cl)cc2O1
CHEMBL4066489,PPARgamma,5.900,,1,0,,exact,CCCc1nc2cc(-c3cccc(O)c3)ccc2n1Cc1ccc(-c2ccccc2C(=O)O)cc1
CHEMBL4242324,PPARgamma,4.600,,1,0,Inactive,exact,O=C(O)[C@H](Cc1ccccc1)Oc1ccc(-c2ccc(C[C@@H](Oc3ccc(-c4ccccc4)cc3)C(=O)O)cc2)cc1
CHEMBL1934312,PPARgamma,,5.000,0,1,,censored,Cc1nc(-c2ccc(Cl)cc2)sc1C(=O)NCC1CCN(c2cccc(C(=O)O)c2)C1
CHEMBL1760406,PPARgamma,5.300,,1,0,,exact,CCCCCN(c1cccc(-c2ccc(Cl)cc2)c1C)S(=O)(=O)c1ccc(OC(C)C(=O)O)c(C)c1C
CHEMBL5081430,PPARgamma,5.550,,1,0,,exact,Cc1cc(SCn2ncn(-c3ccc(C(F)(F)F)cc3)c2=O)cc(C)c1OC(C)(C)C(=O)O
CHEMBL5424744,PPARgamma,6.340,,1,0,Active,exact,CC(C)CC1(CCOc2cc(Cl)cc(CC(=O)O)c2)CCN(c2nc3ccc(Cl)cc3s2)CC1
CHEMBL4865825,PPARgamma,,4.000,0,2,Inactive,censored,CC1=C(CC(=O)O)c2cc(F)ccc2/C1=C\c1ccc(OCc2ccccc2)cc1
CHEMBL442909,PPARgamma,5.070,,1,0,,exact,Cc1ccccc1CC(Oc1ccc(Cl)cc1)C(=O)O
CHEMBL3103198,PPARgamma,7.290,,2,0,Active,exact,Cc1cc(C2CC2C(OC(=O)c2ccccc2)c2ccc(OC(F)(F)F)cc2)cc(C)c1OC(C)(C)C(=O)O
CHEMBL213902,PPARgamma,6.500,,1,0,Active,exact,COC(Cc1ccc2c(ccn2Cc2nc(-c3ccccc3)oc2C)c1)C(=O)O
CHEMBL516463,PPARgamma,,6.000,0,1,,censored,C=C(COc1ccc(C(F)(F)F)cc1)COc1ccc(OCC(=O)O)c(C)c1
CHEMBL3094416,PPARgamma,5.440,,1,0,,exact,CCCCCCC(Sc1nc(Cl)cc(Nc2nc(-c3ccc(F)cc3F)cs2)n1)C(=O)O
CHEMBL2331786,PPARgamma,7.820,,2,0,Active,exact,CCNC(=O)c1cc(NS(=O)(=O)c2ccc(Cl)cc2Cl)ccc1Oc1cncc(Cl)c1
CHEMBL3699376,PPARgamma,6.990,,1,0,Active,exact,Cc1c(C)n(Cc2ccc(-c3ccccc3)cc2)c2ccc(C(=O)N[C@@H](C)c3cccc(C(F)(F)F)c3Cl)cc12
CHEMBL4453360,PPARgamma,5.570,,1,0,,exact,CCCCc1nc(C2CC2)c(CC(=O)OC(C)C)c(=O)n1Cc1ccc(-c2ccccc2-c2noc(=O)[nH]2)cc1
CHEMBL5594242,PPARgamma,,4.699,0,1,Inactive,censored,CC(=O)O[C@H]1C[C@@H](C)[C@](C)(CCC2=CC(=O)OC2)[C@H]2CCCC(=O)[C@]12CO
CHEMBL2022746,PPARgamma,8.160,,1,0,Active,exact,CCCCCS(=O)(=O)NC(=O)CCc1ccc(OCC(=O)N(CC)CC)cc1Oc1ncc(C(F)(F)F)cc1Cl
CHEMBL3678154,PPARgamma,7.090,,1,0,Active,exact,Cc1c(C)n(Cc2cccc(O[C@@H](C)C(=O)O)c2)c2ccc(C(=O)N[C@@H](C)c3ccc(Cl)cc3)cc12
CHEMBL1165451,PPARgamma,4.360,,1,0,Inactive,exact,O=C1S/C(=C\c2ccc(-c3ccccc3)cc2)C(=O)N1Cc1cccc(Cl)c1
CHEMBL5195064,PPARgamma,5.080,,1,0,,exact,CC(C)(C)OC(=O)N[C@@H](CSCc1ccc(C(=O)c2ccccc2)cc1)C(=O)O
CHEMBL331206,PPARgamma,5.600,,1,0,,exact,CCCCC(Cc1ccc(OC)c(C(=O)NCc2ccc(C(F)(F)F)cc2)c1)C(=O)O
CHEMBL396550,PPARgamma,6.030,,1,0,Active,exact,CC1=C(C(=O)O)C(c2ccc(OCCOc3ccc(C(=O)c4ccc(Cl)cc4)cc3)cc2)NC(=O)N1
CHEMBL501439,PPARgamma,6.635,,2,0,Active,exact,CC#CCOc1cc(COc2ccc(C(F)(F)F)cc2)ccc1Sc1ccc(OCC(=O)O)c2c1CCCC2
CHEMBL3695853,PPARgamma,7.000,,1,0,Active,exact,CCC(NC(=O)c1ccc2c(c1)c(C)c(C)n2Cc1ccccc1-c1cccc(C(=O)O)c1)c1ccccc1
CHEMBL200943,PPARgamma,6.530,,1,0,Active,exact,CCC(C(=O)O)C1CCc2cc(OCCc3nc(-c4ccccc4)oc3C)c(Cl)cc21
CHEMBL5220260,PPARgamma,5.180,,1,0,,exact,COc1cccc2ccc(-c3ccc(O)c4c(OC)cccc34)c(O)c12
CHEMBL3585578,PPARgamma,6.720,,1,0,Active,exact,C/C(=N/OCCOc1cccc(CC2SC(=O)NC2=O)c1)c1ccc(-c2ccccc2)cc1
CHEMBL3699411,PPARgamma,6.450,,1,0,Active,exact,Cc1c(C)n(Cc2ccc(-c3ccccc3C(=O)O)cc2)c2ccc(C(=O)N[C@@H](C)c3ccnc(C4CC4)c3)cc12
CHEMBL5207464,PPARgamma,8.545,,2,0,Active,exact,CCc1ccc(-c2nc3cc(NC(=O)c4cc([N+](=O)[O-])ccc4I)ccc3o2)cc1
CHEMBL376325,PPARgamma,5.960,,1,0,,exact,CCC(Cc1ccc(OCCc2nc(-c3ccccc3)oc2C)nc1)C(=O)O
CHEMBL5595783,PPARgamma,4.920,,1,0,Inactive,exact,C/C=C(\C)C(=O)OC[C@@]12[C@H](CCC[C@]13CO3)[C@@](C)(CCC1=CC(=O)OC1)[C@H](C)C[C@@H]2O
CHEMBL1079910,PPARgamma,,5.000,0,1,,censored,CCCc1ccc(-c2oc(COc3ccc(OCC(=O)O)c(C)c3)nc2-c2ccc(OC)cc2)cc1
CHEMBL4095821,PPARgamma,6.550,,1,0,Active,exact,Cc1ccc2c(c1)cc(CCCC(=O)O)n2S(=O)(=O)c1ccccc1
CHEMBL271833,PPARgamma,6.400,,1,0,Active,exact,c1ccc(CNCCOc2ccc3ccccc3c2)cc1
CHEMBL3695904,PPARgamma,7.010,,1,0,Active,exact,Cc1c(C)n(Cc2ccc(-c3ccccc3)cc2)c2ccc(C(=O)N[C@@H](Cc3ccccc3)c3cccc(C(C)C)c3)cc12
CHEMBL237305,PPARgamma,7.330,,1,0,Active,exact,Cc1cc(Oc2cccc(CNC(=O)c3ccc(OC(F)(F)F)cc3C)c2)ccc1OC(C)(C)C(=O)O
CHEMBL3736374,PPARgamma,6.280,,2,0,Active,exact,Cc1c(C)n(Cc2ccc(-c3ccccc3C(=O)O)cc2)c2ccc(C(=O)N[C@@H](CC(C)C)c3cccc(C(C)C)c3)cc12
CHEMBL3896121,PPARgamma,5.400,,1,0,,exact,Cc1nc2ccccc2n(CC(=O)Nc2ccc(S(=O)(=O)NC(=O)Nc3ccccc3)cc2)c1=O
CHEMBL2322442,PPARgamma,6.030,,1,0,Active,exact,CCc1nc2ccn(CC3CCCCC3)c(=O)c2n1[C@H]1CCc2cc(-c3ccccc3-c3nnn[nH]3)ccc21
CHEMBL3699382,PPARgamma,7.770,,1,0,Active,exact,Cc1c(C)n(Cc2ccc(-c3ccccc3)cc2)c2ccc(C(=O)N[C@@H](C)c3c(F)ccc(F)c3F)cc12
CHEMBL5270306,PPARgamma,6.210,,1,0,Active,exact,COc1cc2c(cc1OC)C(=O)/C(=C/c1ccccc1OCCc1cccs1)C2
CHEMBL4248276,PPARgamma,6.050,,1,0,Active,exact,O=C(O)[C@@H](Cc1ccc(-c2ccccc2)cc1)Oc1ccc(-c2ccccc2)cc1
CHEMBL178562,PPARgamma,7.080,,1,0,Active,exact,COc1ccc2c(c1)c(Cc1ccc(OCC(=O)O)cc1)c(C)n2C(=O)c1ccc(Cl)cc1
CHEMBL5201581,PPARgamma,4.680,,1,0,Inactive,exact,COc1ccc(/C=C/c2cc(OC)cc(OCc3ccc(OCC(=O)O)c(C)c3)c2)cc1
CHEMBL1947145,PPARgamma,7.310,,1,0,Active,exact,C[C@]1(c2cccc(Cn3c(=O)n(-c4noc5cc(Cl)ccc45)c4ccccc43)c2)OC(=O)NC1=O
CHEMBL234799,PPARgamma,5.270,,1,0,,exact,O=C(O)Cc1coc2cc(OCc3cccc(COc4ccc(C(F)(F)F)cc4)c3)ccc12
CHEMBL173236,PPARgamma,6.210,,1,0,Active,exact,CCCc1c(OCCOc2ccc(CCCC(=O)O)cc2)ccc2c(-c3ccccc3)noc12
CHEMBL3355861,PPARgamma,7.580,,1,0,Active,exact,C/C(=C\C(=O)c1ccccc1)NC(Cc1ccc(OCCOc2ccc(/C=C/c3ccc(Cl)cc3)cc2)cc1)C(=O)O
CHEMBL5438995,PPARgamma,5.740,,1,0,,exact,[2H]C([2H])(Cc1cn(S(=O)(=O)c2ccc(OC)cc2)c2ccc(C3CC3)cc12)C(=O)O
CHEMBL1089158,PPARgamma,5.170,,1,0,,exact,O=C(O)C(Sc1nc(Cl)cc(Nc2ccc3c(c2)CCC3)n1)c1cccc2ccccc12
CHEMBL2259810,PPARgamma,4.920,,1,0,Inactive,exact,CCOC(=O)CN1C(=O)SC(Cc2ccc(OCCBr)cc2)C1=O
CHEMBL4175461,PPARgamma,7.370,,1,0,Active,exact,Cc1cnc(Oc2ccc3nc(COc4cccc(C(=O)O)c4)n(C)c3c2)c(F)c1
CHEMBL190645,PPARgamma,,5.000,0,1,,censored,CCCc1cc2c(C(F)(F)F)noc2c(CCC)c1OC(C)C(=O)O
CHEMBL3948805,PPARgamma,5.220,,1,0,,exact,CS(=O)(=O)Oc1ccc(CC(=O)OCCc2ccc(CC(SCCc3ccc(F)cc3)C(=O)O)cc2)cc1
CHEMBL5592200,PPARgamma,,4.699,0,1,Inactive,censored,C[C@@H]1C[C@H](O)[C@@]2(CO)C(=O)CCC[C@@H]2[C@@]1(C)CCC1=CC(=O)OC1
CHEMBL5275101,PPARgamma,5.250,,1,0,,exact,CCOc1ccc(F)c(N2CC[C@@H](Oc3ccc(N4C[C@](C)(OC)C[C@@H]4CC(=O)O)cc3)[C@H](C)C2)c1
CHEMBL3288346,PPARgamma,,5.000,0,1,,censored,Cc1cccc(C)c1-c1cccc(COc2ccc(CCC(=O)O)s2)c1
CHEMBL5517671,PPARgamma,5.140,,1,0,,exact,Cc1cc(CN2CCN(c3ccc(F)cn3)CC2)cc(C)c1OC(C)(C)C(=O)O
CHEMBL5179111,PPARgamma,5.240,,1,1,,exact,C=CC(=O)Nc1ccc2oc(-c3ccc(CC)cc3)nc2c1
CHEMBL5196042,PPARgamma,,4.301,0,1,Inactive,censored,CCCCCC/C=C\CCCCCCCc1cccc(OCC(=O)O)c1
CHEMBL209546,PPARgamma,6.750,,1,0,Active,exact,CCOC(Cc1ccc2c(ccn2Cc2nc(-c3ccccc3)oc2C)c1)C(=O)O
CHEMBL3678155,PPARgamma,7.400,,1,0,Active,exact,Cc1c(C)n(Cc2cccc(O[C@@H](C)C(=O)O)c2)c2ccc(C(=O)N[C@@H](C)c3ccccc3Cl)cc12
CHEMBL4066332,PPARgamma,4.830,,1,0,Inactive,exact,CC(C)(C)c1ccc(C(=O)NCc2ccc(NS(C)(=O)=O)cc2Cl)cc1
CHEMBL1075704,PPARgamma,,5.000,0,1,,censored,Cc1cc(OCc2nc(-c3ccc(N4CCCC4)cc3)c(-c3ccc(OC(F)(F)F)cc3)s2)ccc1OCC(=O)O
CHEMBL1760267,PPARgamma,5.100,,1,0,,exact,CCCCN(c1cccc(-c2ccc(Cl)cc2)c1C)S(=O)(=O)c1ccc(OC(C)C(=O)O)c(C)c1C
CHEMBL66767,PPARgamma,7.430,,1,0,Active,exact,CN(CCOc1ccc(CC(Sc2ccccc2)C(=O)O)cc1)c1nc2ccccc2o1
CHEMBL5188426,PPARgamma,4.870,,3,0,Inactive,exact,COc1cc(OC)c2c(=O)c(OCc3ccccc3)c(-c3ccccc3)oc2c1
CHEMBL5194570,PPARgamma,4.890,,1,0,Inactive,exact,CC(C)(C)OC(=O)NC(COCc1ccc(-c2ccccc2)cc1)C(=O)O
CHEMBL5182467,PPARgamma,4.540,,1,0,Inactive,exact,CCCCCCCCCCCCCCCc1cccc(OCC(=O)OCC)c1
CHEMBL3678141,PPARgamma,7.170,,1,0,Active,exact,Cc1c(C)n(Cc2ccc(O[C@@H](C)C(=O)O)c(Cl)c2)c2ccc(C(=O)N[C@@H](C)c3cccc(C4CC4)c3)cc12
CHEMBL1933093,PPARgamma,7.160,,1,0,Active,exact,CC(C)(C)N.Cc1oc(/C=C/CCC(C)C)nc1CCOc1ccc2c(c1)CN(C(=O)/C=C/c1ccco1)[C@H](C(=O)O)C2
CHEMBL3699394,PPARgamma,7.060,,1,0,Active,exact,Cc1c(C)n(Cc2ccc(-c3ccccc3C(=O)O)cc2)c2ccc(C(=O)N[C@@H]3COc4ccccc4C3)cc12
CHEMBL190603,PPARgamma,,4.824,0,1,Inactive,censored,CC[C@@]1(C(=O)O)Cc2cc(OCCCOc3ccc(OC(F)(F)F)cc3Cl)ccc2O1
CHEMBL4098202,PPARgamma,4.890,,1,0,Inactive,exact,CN(CCOc1ccc(/C=C2\SC(=O)NC2=O)cc1)c1nc2ccccc2s1
CHEMBL4069917,PPARgamma,6.430,,1,0,Active,exact,CCCCNC(=O)NS(=O)(=O)c1ccc(NC(=O)CSc2nc3ccccc3c(=O)n2-c2ccc(OC)cc2)cc1
CHEMBL5175525,PPARgamma,6.180,,1,0,Active,exact,O=C(O)C[C@@H]1COc2cc(OCc3ccc4nc(-c5ccc(C(F)(F)F)cc5)cn4c3)ccc21
CHEMBL6151098,PPARgamma,,5.000,0,1,,censored,O=C(O)c1ccc(-c2ccc(OCc3c(-c4c(Cl)cccc4Cl)noc3C3CC3)cc2)cc1
CHEMBL2263563,PPARgamma,5.000,,1,0,,exact,CCOC(=O)CN1C(=O)SC(Cc2ccc(F)cc2)C1=O
CHEMBL263029,PPARgamma,8.620,,1,0,Active,exact,CCCc1c(OCCCCOc2ccc(OC(C)(C)C(=O)O)cc2)ccc2c(-c3ccccc3)noc12
CHEMBL382718,PPARgamma,6.950,,1,0,Active,exact,CCC(C(=O)O)C1CCc2cc(OCCc3nc(-c4cccc5ccccc45)oc3C)ccc21
CHEMBL1760410,PPARgamma,5.300,,1,0,,exact,Cc1c(-c2ccc(Cl)cc2)cccc1N(CCCC(F)(F)F)S(=O)(=O)c1ccc(OC(C)C(=O)O)c(C)c1C
CHEMBL4294239,PPARgamma,6.460,,1,0,Active,exact,COc1cc(C(=O)NS(=O)(=O)c2cccc(C(F)(F)F)c2)ccc1Cc1cn(C)c2ccc(NC(=O)NC3CCCCC3)cc12
CHEMBL5593037,PPARgamma,,4.699,0,1,Inactive,censored,C[C@@H]1C[C@H](O)[C@@]23COC[C@@H]2CCC[C@@H]3[C@@]1(C)CCC1=CC(=O)OC1
CHEMBL4297626,PPARgamma,,4.523,0,2,Inactive,censored,Cn1nc(C(=O)N(Cc2ccccc2)Cc2ccc(C(=O)O)cc2)c2c1-c1cc(Cl)ccc1OC2
CHEMBL94397,PPARgamma,7.520,,1,0,Active,exact,CCCc1cc(Oc2ccc(O)cc2)ccc1OCCCOc1cccc(C2SC(=O)NC2=O)c1
CHEMBL4210383,PPARgamma,5.290,,1,0,,exact,CCOC(=O)C(C)(C)Oc1ccc(C(=O)c2cc3ccccc3oc2=O)cc1
CHEMBL426592,PPARgamma,,4.824,0,1,Inactive,censored,CC(C)(C)c1ccc(OCCCOc2ccc3c(c2)O[C@@](C)(C(=O)O)CC3)c(Cl)c1
CHEMBL4288574,PPARgamma,6.170,,1,0,Active,exact,COc1cc(C(=O)NS(=O)(=O)c2ccccc2C)ccc1Cc1cn(C)c2ccc(NC(=O)NC3CCCCC3)cc12
CHEMBL3678113,PPARgamma,6.880,,1,0,Active,exact,Cc1c(C)n(Cc2cccc(OCC(=O)O)c2)c2ccc(C(=O)N[C@@H](C)c3ccc(C(C)(C)C)cc3)cc12
CHEMBL4850352,PPARgamma,6.120,,1,0,Active,exact,Cc1cc(/C=C2\Oc3cc(OCCC(C)C)ccc3C2=O)cc(C)c1OC(C)(C)C(=O)O
CHEMBL4279086,PPARgamma,6.020,,2,0,Active,exact,COc1cc(C(=O)NS(=O)(=O)c2ccccc2)ccc1Cc1cn(C)c2ccc(NC(=O)NC3CCCCC3)cc12
CHEMBL369725,PPARgamma,4.820,,1,0,Inactive,exact,CCC(C)(C)c1ccc(OCCCOc2ccc3c(c2)O[C@@](C)(C(=O)O)CC3)c(Cl)c1
CHEMBL4752243,PPARgamma,9.370,,1,0,Active,exact,CN(CCOc1ccc(C[C@H](Nc2ccccc2C(=O)c2ccccc2)C(=O)O)cc1)c1ccccn1.Cl
CHEMBL392063,PPARgamma,6.250,,1,0,Active,exact,CCc1ccc(O[C@H](C)CCOc2ccc(CCC(=O)O)c(C)c2)c(-c2ccsc2)c1
CHEMBL399417,PPARgamma,7.010,,1,0,Active,exact,Cc1cc(Oc2cccc(CNC(=O)c3cc4cc(Cl)ccc4n3C)c2)ccc1CCC(=O)O
CHEMBL5075221,PPARgamma,5.440,,2,0,,exact,CC[C@@H](Cc1ccc(C(=O)NCc2ccc(OC)cc2C(F)(F)F)cc1)C(=O)O
CHEMBL1079505,PPARgamma,,5.000,0,1,,censored,Cc1cc(OCc2nc(-c3ccc(OC(C)C)nc3)c(-c3ccc(OC(F)(F)F)cc3)s2)ccc1OCC(=O)O
CHEMBL1956363,PPARgamma,6.050,,1,0,Active,exact,O=C(O)C(Cc1ccc(Cl)cc1)Oc1ccc(Cl)cc1F
CHEMBL282686,PPARgamma,6.460,,5,0,Active,exact,CCO[C@@H](Cc1ccc(OCCc2ccc(OS(C)(=O)=O)cc2)cc1)C(=O)O
CHEMBL4568299,PPARgamma,7.520,,2,0,Active,exact,Cc1c(C)n(Cc2ccc(-c3ccccc3C(=O)O)cc2)c2ccc(C(=O)NCc3ccccn3)cc12
CHEMBL218384,PPARgamma,,5.000,0,1,,censored,Cc1ccccc1-c1onc(-c2cccc(CC(=O)O)c2)c1C(=O)NCCOc1ccc(Cl)cc1Cl
CHEMBL5092964,PPARgamma,6.360,,1,0,Active,exact,CCn1ccc2cc(C(=O)NCc3ccc(CS(=O)(=O)C4CC4)cc3C(F)(F)F)ccc21
CHEMBL3895481,PPARgamma,5.770,,1,0,,exact,CC(C(=O)OCc1ccc(CC(SCCc2ccc(F)cc2)C(=O)O)cc1)c1ccccc1
CHEMBL115448,PPARgamma,5.720,,1,0,,exact,O=C1CSC(=O)N1Cc1ccc2[nH]c(-c3ccccc3)c(CCc3ccccc3)c2c1
CHEMBL220622,PPARgamma,7.525,,4,0,Active,exact,Cc1oc(-c2ccc(-c3ccccc3)cc2)nc1CCOc1ccc(CCC(=O)O)c(CNC(=O)OC(C)C)c1
CHEMBL376165,PPARgamma,6.190,,1,0,Active,exact,CCCOc1ccc(CC(CC)C(=O)O)cc1CNC(=O)c1ccc(C(F)(F)F)cc1F
CHEMBL478334,PPARgamma,5.510,,1,0,,exact,Cc1oc(-c2ccccc2)nc1CCCc1ccc(C[C@H](C(=O)O)n2cccc2)cc1
CHEMBL146624,PPARgamma,5.415,,2,0,,exact,CCc1ccc(C(=O)COc2ccc(CC3SC(=O)NC3=O)cc2)nc1
CHEMBL1935616,PPARgamma,6.620,,1,0,Active,exact,CC(C)(C)N.CCC(O)/C=C/C(=O)N1Cc2cc(OCCc3nc(/C=C/CCC(C)C)oc3C)ccc2C[C@H]1C(=O)O
CHEMBL3695823,PPARgamma,,6.000,0,1,,censored,Cc1c(C)n(Cc2ccc(-c3ccccc3C(=O)O)cc2)c2ccc(C(=O)NCCN3CCOCC3)cc12
CHEMBL1760274,PPARgamma,5.100,,1,0,,exact,CCCCN(c1cccc(-c2ccc(Cl)cc2)c1C)S(=O)(=O)c1ccc(OC(C)C(=O)O)c(C2CCCCC2)c1
CHEMBL5093865,PPARgamma,5.580,,1,0,,exact,CC(C)c1ccc(/N=N\c2ccc(OCCc3ccc(OC(C)(C)C(=O)O)cc3)cc2)cc1
CHEMBL5286808,PPARgamma,,5.301,0,2,,censored,O=C(NCc1ccccc1)c1ccc(F)c(C(=O)Nc2ccccc2)c1
CHEMBL326273,PPARgamma,5.575,,2,0,,exact,CCCc1cc(Oc2ccccc2)ccc1OCCCOc1ccc2c(c1)OC(C(=O)O)CC2
CHEMBL117402,PPARgamma,5.520,,1,0,,exact,NC(=O)C(Cc1ccc(OCCOc2ccc3ccccc3c2)cc1)C(=O)O
CHEMBL146864,PPARgamma,6.920,,1,0,Active,exact,COc1ccc(CCCOc2ccc(C[C@H](Nc3ccccc3C(=O)c3ccccc3)C(=O)O)cc2)cc1OC
CHEMBL3398438,PPARgamma,5.890,,4,0,,exact,Cc1oc(-c2ccccc2)nc1CCOc1cccc(C[C@@H]2CN(C(=O)Oc3ccccc3)C[C@@H]2C(=O)O)c1
CHEMBL4167767,PPARgamma,7.050,,1,0,Active,exact,Cc1ccc(Oc2ccc3nc(COc4cccc(C(=O)O)c4)n(C)c3n2)cc1C
CHEMBL2204698,PPARgamma,4.500,,1,0,Inactive,exact,CC(C)(Oc1ccc(COc2nc3ccccc3s2)cc1)C(=O)O
CHEMBL4564731,PPARgamma,,4.000,0,1,Inactive,censored,O=C(O)c1cccc(NCc2ccc(OCc3ccc(F)cc3)cc2)c1
CHEMBL237730,PPARgamma,6.900,,1,0,Active,exact,Cc1cc(Oc2cccc(CNC(=O)c3ccc(C(F)(F)F)cc3C)c2)ccc1CCC(=O)O
CHEMBL178236,PPARgamma,8.520,,1,0,Active,exact,CCC(Oc1cccc(Cc2c(C)n(C(=O)c3ccc(OC)cc3)c3ccc(OC(F)(F)F)cc23)c1)C(=O)O
CHEMBL477298,PPARgamma,5.550,,1,0,,exact,Cc1oc(-c2ccccc2)nc1CCCc1ccc(CC(C(=O)O)c2cccc(-c3ccccc3)c2)cc1
CHEMBL5591831,PPARgamma,,4.699,0,1,Inactive,censored,C/C=C(\C)C(=O)O[C@@H]1CC[C@]2(CO2)[C@]2(COC(C)=O)[C@@H](OC(C)=O)C[C@@H](C)[C@](C)(CC(=O)C3=CC(=O)OC3)[C@@H]12
CHEMBL2158960,PPARgamma,7.920,,1,0,Active,exact,CCCOc1ccc(C[C@@H](CC2CCCCC2)C(=O)O)cc1CNC(=O)c1ccc(C23CC4CC(CC(C4)C2)C3)cc1
CHEMBL230566,PPARgamma,6.140,,1,0,Active,exact,COc1cc(C2NC(=O)NC(C)=C2C(=O)O)ccc1OCCn1ccc2cccnc21
CHEMBL3695894,PPARgamma,8.400,,1,0,Active,exact,Cc1c(C)n(Cc2ccc(-c3ccccc3)cc2)c2ccc(C(=O)N[C@H](C)c3cc(C(F)(F)F)ccc3C(F)(F)F)cc12
CHEMBL1946755,PPARgamma,8.390,,1,0,Active,exact,COc1ccc2c(-n3c(=O)n(Cc4ccc(Cl)c(O[C@H](C)C(=O)O)c4)c4cc(C(F)(F)F)ccc43)noc2c1
CHEMBL4110590,PPARgamma,5.770,,1,0,,exact,CS(=O)(=O)Oc1ccc(CC(=O)OCc2ccc(CC(SCCc3ccc(F)cc3)C(=O)O)cc2)cc1
CHEMBL3398450,PPARgamma,5.820,,1,1,,exact,Cc1oc(-c2ccccc2)nc1CCOc1ccc(C[C@H]2CN(c3nccc(C(F)(F)F)n3)C[C@H]2C(=O)O)cc1
CHEMBL2338488,PPARgamma,5.700,,1,1,,exact,O=S(=O)(Nc1ccc(Oc2cncc(Cl)c2)cc1)c1ccc(Cl)cc1Cl
CHEMBL2377524,PPARgamma,7.540,,1,0,Active,exact,CCCOc1ccc(C[C@@H](Cc2ccccc2)C(=O)O)cc1CNC(=O)c1ccc(-c2cccc(F)c2)cc1
CHEMBL420401,PPARgamma,6.220,,1,0,Active,exact,C=CCCC(=O)N(C)CCOc1ccc(CC2SC(=O)NC2=O)cc1
CHEMBL2031952,PPARgamma,5.605,,2,0,,exact,CC(C)=CCC/C(C)=C/Cc1c(O)cc(/C=C/c2cc(F)cc(F)c2)cc1O
CHEMBL5409817,PPARgamma,6.010,,1,0,Active,exact,[2H]C([2H])(Cc1cn(S(=O)(=O)c2ccc(C3CC3)cc2)c2ccc(OC)cc12)C(=O)O
CHEMBL216395,PPARgamma,6.680,,1,0,Active,exact,CCCc1c(OCCCn2ccc3c(OC(C)(C)C(=O)O)cccc32)ccc2cc(C(=O)c3ccccc3)ccc12
CHEMBL372913,PPARgamma,7.210,,1,0,Active,exact,C#CCOc1cccc(Cc2c(C)n(C(=O)c3ccc(OC)cc3)c3ccc(OC(F)(F)F)cc23)c1
CHEMBL6101978,PPARgamma,4.615,,2,0,Inactive,exact,O=S1(c2ccc(Cl)cc2)=N[Se]c2cc(Cl)ccc21
CHEMBL1080032,PPARgamma,,5.000,0,1,,censored,COc1ccc(-c2nc(COc3ccc(OCC(=O)O)c4ccccc34)sc2-c2ccc(C(F)(F)F)cc2)cc1
CHEMBL5208616,PPARgamma,5.570,,1,0,,exact,O[C@H]1[C@@H](O)CO[C@@H]1Cn1cnc2c(NCc3cccc(I)c3)nc(Cl)nc21
CHEMBL2064743,PPARgamma,5.620,,2,0,,exact,CCOC(=O)c1sc(N2C(=O)C(O)=C(C(=O)c3cccs3)C2c2ccc(C)o2)nc1C
CHEMBL458053,PPARgamma,6.535,,2,0,Active,exact,COc1cc2oc(-c3ccc(O)cc3)cc(=O)c2cc1CC=C(C)C
CHEMBL4167180,PPARgamma,5.930,,1,0,,exact,Cn1c(COc2cccc(C(=O)O)c2)nc2cnc(Oc3ccc(Cl)c(F)c3)cc21
CHEMBL5402111,PPARgamma,6.180,,1,0,Active,exact,Cc1cc(CN2C(=O)CN(c3ccc(C(F)(F)F)c(Cl)c3)C2=O)cc(C)c1OC(C)(C)C(=O)O
CHEMBL146322,PPARgamma,7.480,,1,0,Active,exact,CN(CCOc1ccc(CC(Sc2ccccc2C(=O)c2ccccc2)C(=O)O)cc1)c1nc2ccccc2o1
CHEMBL3398463,PPARgamma,6.680,,1,1,Active,exact,Cc1oc(-c2ccccc2)nc1CCOc1cccc(C[C@H]2CN(C(=O)Oc3ccccc3)C[C@@H]2CC(=O)O)c1
CHEMBL4865961,PPARgamma,5.800,,1,0,,exact,COc1ccc2c(c1)O/C(=C\c1cc(C)c(OCC(=O)O)c(C)c1)C2=O
CHEMBL4639261,PPARgamma,4.980,,1,0,Inactive,exact,C/C=C(\C)C(=O)OC[C@@]12[C@H](CCC[C@]1(O)CCl)[C@@](C)(CCC1=CC(=O)OC1)[C@H](C)C[C@@H]2O
CHEMBL491950,PPARgamma,5.260,,1,0,,exact,CCCC(Sc1nc(Cl)cc(Nc2cccc(C)c2C)n1)C(=O)O
CHEMBL4760772,PPARgamma,5.150,,1,0,,exact,CC#Cc1nc(NCc2cccc(Br)c2)c2ncn(C[C@@H]3SC[C@@H](O)[C@H]3O)c2n1
CHEMBL199459,PPARgamma,6.750,,1,0,Active,exact,Cc1oc(-c2ccccc2)nc1CCOc1ccc2c(c1)CCC2C(CC(F)(F)F)C(=O)O
CHEMBL149147,PPARgamma,6.190,,1,0,Active,exact,Cc1oc(-c2ccccc2)nc1CCOc1ccc(CC(Nc2ccccc2C(=O)c2ccc(C(=O)O)cc2)C(=O)O)cc1
CHEMBL2204699,PPARgamma,4.410,,1,0,Inactive,exact,CC(C)(Oc1ccc(CCOc2nc3ccccc3s2)cc1)C(=O)O
CHEMBL4636188,PPARgamma,4.830,,1,0,Inactive,exact,CCCCCC1=CC(=O)C2=C(OC(C)(CCC=C(C)C)C=C2)C1=O
CHEMBL147826,PPARgamma,8.430,,1,0,Active,exact,CN(CCOc1ccc(CC(Nc2ccccc2Oc2ccccc2)C(=O)O)cc1)c1nc2ccccc2o1
CHEMBL3678103,PPARgamma,6.250,,1,0,Active,exact,CCC(NC(=O)c1ccc2c(ccn2C(=O)c2cccc(F)c2F)c1)c1ccccc1
CHEMBL109731,PPARgamma,5.545,,2,0,,exact,CCCc1cc(Oc2ccccc2)ccc1OCCCOc1ccc2c(c1)CCC(C(=O)O)O2
CHEMBL232400,PPARgamma,,5.000,0,1,,censored,O=C(O)COc1ccc(SCc2cc(F)ccc2OCc2ccc(C(F)(F)F)cc2)c2c1CCC2
CHEMBL503066,PPARgamma,,5.000,0,1,,censored,CCC#CCOc1cc(CNc2ccc(C(F)(F)F)cc2)ccc1Sc1ccc(OCC(=O)O)c2c1CCCC2
CHEMBL84491,PPARgamma,6.890,,1,0,Active,exact,CCCCCCCCCC(=O)NCCOc1ccc(CC2SC(=O)NC2=O)cc1
CHEMBL3695860,PPARgamma,7.520,,1,0,Active,exact,Cc1c(C)n(Cc2ccc(-c3ccccc3)cc2)c2ccc(C(=O)N[C@@H](C)c3cccc(C(C)C)c3)cc12
CHEMBL4639604,PPARgamma,8.050,,1,0,Active,exact,COc1cc(CCC[C@H]2OC(=O)NC2=O)ccc1OCc1nc(-c2ccco2)oc1C
CHEMBL5092049,PPARgamma,5.800,,1,0,,exact,COc1ccc(CNC(=O)c2ccc3c(cnn3Cc3cccc(F)c3)c2)c(C(F)(F)F)c1
CHEMBL3699419,PPARgamma,7.960,,1,0,Active,exact,Cc1c(C)n(Cc2ccc(-c3ccccc3C(=O)O)cc2)c2ccc(C(=O)N[C@H](C)c3ccc(S(C)(=O)=O)cc3)cc12
CHEMBL479001,PPARgamma,4.920,,1,0,Inactive,exact,CN(C/C=C/c1ccc(C[C@@H](C(=O)O)n2cccc2)cc1)c1ccccn1
CHEMBL3695898,PPARgamma,7.680,,1,0,Active,exact,COc1c(F)cccc1[C@H](C)NC(=O)c1ccc2c(c1)c(C)c(C)n2Cc1ccc(-c2ccccc2)cc1
CHEMBL370407,PPARgamma,5.020,,1,0,,exact,Cc1oc(-c2ccccc2)nc1CCOc1ccc2c(c1)CCC2C(C(=O)O)c1ccccc1
CHEMBL3695773,PPARgamma,8.400,,1,0,Active,exact,Cc1c(C)n(Cc2ccc(-c3ccccc3C(=O)O)cc2)c2ccc(C(=O)NCc3ccc(Cl)cc3)cc12
CHEMBL3699401,PPARgamma,5.980,,3,0,,exact,Cc1c(C)n(Cc2ccc(-c3ccccc3C(=O)O)cc2)c2ccc(C(=O)N[C@@H](C)c3ccccc3OC(C)C)cc12
CHEMBL5090373,PPARgamma,5.920,,1,0,,exact,Cc1ccc(/N=N\c2ccc(OCCc3ccc(OC(C)(C)C(=O)O)cc3)c(C)c2)cc1
CHEMBL2178583,PPARgamma,5.000,,1,0,,exact,CCC1=C[C@@](CC)(C[C@H](/C=C/[C@H](C)O)CC)O/C1=C\C(=O)OC
CHEMBL4289861,PPARgamma,6.750,,1,0,Active,exact,CCc1nc2c(C)cc(C)nc2n1Cc1ccc2c(c1)CCc1ccccc1/C2=C(\C)c1noc(=O)[nH]1
CHEMBL474550,PPARgamma,5.650,,2,0,,exact,Cc1oc(-c2ccccc2)nc1CCOc1ccc(Cc2nnn(-c3ccccc3)c2C(=O)O)cc1
CHEMBL3358036,PPARgamma,5.780,,2,0,,exact,C=C[C@@H](O)C#CC#C[C@H](/C=C\CCCCCCC)OC(=O)/C=C/c1ccc(O)c(OC)c1
CHEMBL5558280,PPARgamma,5.530,,1,0,,exact,COc1cccc(COc2cc(/C=C3\SC(Nc4ccc(S(N)(=O)=O)cc4)=NC3=O)ccc2OC)c1
CHEMBL344986,PPARgamma,6.270,,1,0,Active,exact,CC(COc1ccc(C[C@H](Nc2ccccc2C(=O)c2ccccc2)C(=O)O)cc1)Cc1ccccc1
CHEMBL4169260,PPARgamma,6.260,,1,0,Active,exact,Cl.Cl.Cn1c(COc2cccc(C(=O)O)c2)nc2ccc(Oc3ccccc3)nc21
CHEMBL3601090,PPARgamma,,4.000,0,1,Inactive,censored,CCCCCCCCCCCCNC(=O)c1ccc(NC(=O)c2cccc(CN3C(=O)OC[C@H]3Cc3ccccc3)c2)cc1
CHEMBL125176,PPARgamma,,6.398,0,1,,censored,C/C(=N\OCCOc1ccc(CC2SC(=O)NC2=O)cc1)c1ccc(-c2ccccc2)cc1
CHEMBL370021,PPARgamma,6.680,,1,0,Active,exact,CCCc1cc(C(=O)CC)cc(CCC)c1O[C@H](C(=O)O)c1ccc(CC)cc1
CHEMBL5282952,PPARgamma,,4.328,0,1,Inactive,censored,CCOc1ccc(F)c(N2CCC(Oc3ccc(N4C[C@H](OCCCOC)C[C@@H]4CC(=O)O)cc3)CC2)c1
CHEMBL359333,PPARgamma,7.870,,1,0,Active,exact,Cc1ccc(NC(Cc2ccc(OCCN(C)c3nc4ccccc4o3)cc2)C(=O)O)c(C(=O)c2ccccc2)c1
CHEMBL252996,PPARgamma,5.000,,1,0,,exact,COC(=O)C(Cc1ccc(OCCN2CCC(C)(C)c3cc(/C(=N\O)c4ccccc4)ccc32)cc1)C(=O)OC
CHEMBL1934473,PPARgamma,,5.167,0,1,,censored,Cc1nc(-c2ccc(Cl)cc2)sc1CCC1CCCN(c2cccc(C(=O)O)c2)C1
CHEMBL426108,PPARgamma,,5.000,0,1,,censored,CCC(C(=O)O)C1CCc2cc(OCCNC(=O)Nc3ccc(C)cc3)ccc21
CHEMBL424126,PPARgamma,6.140,,1,0,Active,exact,COc1ccc(CCCOc2ccc(C[C@H](Nc3ccccc3C(=O)c3ccccc3)C(=O)O)cc2)cc1
CHEMBL202140,PPARgamma,5.890,,1,0,,exact,CCCc1cc(C(=O)c2ccc(F)cc2)ccc1OCCCOc1ccc2ccn(CC(=O)O)c2c1
CHEMBL5078286,PPARgamma,,5.000,0,1,,censored,CC(C)(Oc1ccc(CCOc2ccc(/N=N\c3ccc(Cl)cc3)cc2)cc1)C(=O)O
CHEMBL222026,PPARgamma,7.050,,1,0,Active,exact,O=C(NS(=O)(=O)c1ccc2ccccc2c1)c1cc2ccccc2n1Cc1cccc(C(F)(F)F)c1
CHEMBL230523,PPARgamma,6.940,,1,0,Active,exact,Cc1oc(-c2ccccc2)nc1CCOc1ccc(C[C@@H](CNC(=O)c2ccccc2C(=O)O)Nc2ccccc2C(=O)c2ccccc2)cc1
CHEMBL4083589,PPARgamma,7.800,,1,0,Active,exact,CN1CCOc2ccc(S(=O)(=O)n3c(CCCC(=O)O)cc4cc(Cl)ccc43)cc21
CHEMBL4870407,PPARgamma,,5.000,0,1,,censored,COc1cc(Cn2c(CCCc3ccc(OC(C)(C)C(=O)O)cc3)nn(Cc3ccc(C)cc3)c2=O)cc(OC)c1OC
CHEMBL1232583,PPARgamma,5.990,,1,0,,exact,COc1ccc(S(=O)(=O)n2cc(CCC(=O)O)c3cc(OC)ccc32)cc1
CHEMBL421729,PPARgamma,5.770,,4,0,,exact,CCO[C@@H](Cc1ccc(OC/C=C(/c2ccccc2)c2ccc(-c3ccccc3)cc2)cc1)C(=O)O
CHEMBL2022743,PPARgamma,7.210,,1,0,Active,exact,CCCCCS(=O)(=O)NC(=O)CCc1ccccc1Oc1ncc(C(F)(F)F)cc1Cl
CHEMBL5091032,PPARgamma,,5.301,0,1,,censored,CC(C)(Oc1ccc(Cn2ncn(-c3ccc(OC(F)(F)F)cc3)c2=O)cc1)C(=O)O
CHEMBL5594095,PPARgamma,4.880,,1,0,Inactive,exact,C/C=C(\C)C(=O)OC[C@]12C(=O)CCC[C@@H]1[C@@](C)(CCC1=CC(=O)OC1)[C@H](C)CC2=O
CHEMBL3695781,PPARgamma,6.900,,1,0,Active,exact,COc1ccc(CNC(=O)c2ccc3c(c2)c(C)c(C)n3Cc2ccc(-c3ccccc3C(=O)O)cc2)cc1OC
CHEMBL3358034,PPARgamma,5.770,,1,0,,exact,C=C[C@@H](O)C#CC#C[C@H](/C=C\CCCCCCC)O[C@]1(C)CCC[C@]2(C)CC[C@@H](C(C)(C)O)C[C@H]21
CHEMBL5275737,PPARgamma,4.920,,1,0,Inactive,exact,CCOc1ccc(F)c(N2CC[C@@H](Oc3ccc(N4C[C@H](OC)C[C@@H]4CC(=O)O)cc3)[C@H](C)C2)c1
CHEMBL5555531,PPARgamma,,5.000,0,1,,censored,Cc1cc(OC(C)(C)C(=O)O)ccc1CN1CCN(c2ccc(C(F)(F)F)cc2)CC1
CHEMBL3907308,PPARgamma,5.090,,1,0,,exact,CCCc1cc2ccccc2n1Cc1ccc(-c2ccccc2C#N)cc1
CHEMBL455936,PPARgamma,5.210,,2,0,,exact,Cc1cccc(Nc2cc(Cl)nc(SC(C(=O)O)c3cccc4ccccc34)n2)c1C
CHEMBL5196830,PPARgamma,4.590,,1,0,Inactive,exact,CC(C)(C)OC(=O)NC(CSCc1ccccc1)C(=O)O
CHEMBL23296,PPARgamma,6.850,,3,0,Active,exact,CCCc1c(OCCCSc2ccc(CC(=O)O)cc2Cl)ccc2c(C(F)(F)F)noc12
CHEMBL201581,PPARgamma,5.680,,1,0,,exact,O=C(O)Cn1ccc2ccc(OCCCOc3ccc(C(=O)c4ccc(F)cc4)cc3)cc21
CHEMBL3735906,PPARgamma,7.300,,2,0,Active,exact,Cc1c(C)n(Cc2ccc(-c3ccccc3C(=O)O)cc2)c2ccc(C(=O)N[C@@H](C)c3cccc(C(C)(C)C)c3)cc12
CHEMBL107741,PPARgamma,5.580,,1,0,,exact,CC(=O)N[C@@H](Cc1ccc(OCCc2nc(-c3ccccc3)oc2C)cc1)C(=O)O
CHEMBL2022744,PPARgamma,8.590,,1,0,Active,exact,CCCCCS(=O)(=O)NC(=O)CCc1ccc(OC(C)C)cc1Oc1ncc(C(F)(F)F)cc1Cl
CHEMBL1760427,PPARgamma,5.200,,1,0,,exact,CCCCN(c1cccc(-c2ccc(OC)cc2)c1C)S(=O)(=O)c1ccc(OC(C)C(=O)O)c(C)c1C
CHEMBL5517672,PPARgamma,5.070,,1,0,,exact,Cc1cc(CN2CCN(Cc3ccc(C(F)(F)F)cn3)CC2)cc(C)c1OC(C)(C)C(=O)O
CHEMBL4284549,PPARgamma,5.720,,1,0,,exact,[2H]C([2H])(Cc1ccc(OCCCOc2cccc(Cl)c2)cc1)C(=O)O
CHEMBL50755,PPARgamma,6.200,,2,0,Active,exact,CCCc1cc(Oc2ccccc2)ccc1OCCCOc1ccc(C2SC(=O)NC2=O)cc1OC
CHEMBL5647570,PPARgamma,6.030,,1,0,Active,exact,Cc1ccc(CN2C(=O)S/C(=C\c3ccc(Nc4ccccc4[N+](=O)[O-])s3)C2=O)cc1
CHEMBL1090211,PPARgamma,5.450,,1,0,,exact,Cc1ccc(OC(=O)N(CC(=O)O)Cc2cccc(OCc3oc(-c4ccc(Cl)cc4)nc3C)c2)cc1
CHEMBL3695875,PPARgamma,6.590,,1,0,Active,exact,Cc1c(C)n(Cc2ccc(-c3ccccc3)cc2)c2ccc(C(=O)N[C@@H](C)c3cccc4ccccc34)cc12
CHEMBL206202,PPARgamma,,5.222,0,1,,censored,CC[C@@](C)(Cc1ccc(OCCCOc2ccc(CC(F)(F)F)cc2Cl)cc1)C(=O)O
CHEMBL426371,PPARgamma,5.210,,1,0,,exact,CCC(Cc1ccc(OCc2ccccc2)c(CNC(=O)c2ccc(C(F)(F)F)cc2)c1)C(=O)O
CHEMBL5272825,PPARgamma,6.720,,1,0,Active,exact,C/C(=N/OCCOc1ccc(CC2SC(=O)NC2=O)cc1)c1ccc(-c2ccccc2)nc1
CHEMBL1817687,PPARgamma,5.320,,1,0,,exact,CCCCC(Oc1cc(OCCc2ccccc2)cc(OCCc2ccccc2)c1)C(=O)O
CHEMBL2042808,PPARgamma,7.250,,1,0,Active,exact,COc1cc(O)c2c(c1C(=O)NCc1c(C)ccc3cc(Cl)ccc13)OC1=CC(O)=C(C(C)=O)C(=O)[C@]12C
CHEMBL199794,PPARgamma,9.000,,1,0,Active,exact,CCC(C(=O)O)C1CCc2cc(OCCc3nc(-c4cccc(OC)c4)oc3C)ccc21
CHEMBL3115238,PPARgamma,8.220,,1,0,Active,exact,CCCc1[nH]c2cc(C(=O)NC(CC)c3ccccc3)ccc2c1Cc1ccc(-c2ccccc2C(=O)O)cc1
CHEMBL4858856,PPARgamma,5.400,,1,0,,exact,CCCOc1ccc2c(c1)O/C(=C\c1cc(C)c(OCC(=O)O)c(C)c1)C2=O
CHEMBL452299,PPARgamma,6.140,,1,0,Active,exact,COc1ccc(C(=O)c2c(C)n(Cc3cccc(O[C@H](C)C(=O)O)c3)c3ncccc23)cc1
CHEMBL573015,PPARgamma,6.400,,1,0,Active,exact,O=C(O)C(Cc1ccccc1)Oc1ccc(CSc2ccccc2)cc1
CHEMBL111161,PPARgamma,6.010,,2,0,Active,exact,CCCc1cc(Oc2ccc(Cl)cc2)ccc1OCCCOc1ccc2c(c1)OC(CC)(C(=O)O)CC2
CHEMBL149113,PPARgamma,6.260,,1,0,Active,exact,CC(C)C(COc1ccc(C[C@H](Nc2ccccc2C(=O)c2ccccc2)C(=O)O)cc1)c1ccccc1
CHEMBL484000,PPARgamma,7.770,,1,0,Active,exact,CCO[C@@H](Cc1ccc(OCCc2nc(-c3ccc(C(F)(F)F)cc3)oc2C)c2ccsc12)C(=O)O
CHEMBL3678134,PPARgamma,8.260,,2,0,Active,exact,Cc1c(C)n(Cc2cc(O[C@@H](C)C(=O)O)ccc2Cl)c2ccc(C(=O)N[C@@H](C)c3ccc(C(C)(C)C)cc3)cc12
CHEMBL508299,PPARgamma,8.100,,1,0,Active,exact,Cc1oc(-c2ccc(-c3ccccc3)cc2)nc1CCOc1ccc(C[C@H](OCC(F)(F)F)C(=O)O)c2ccccc12
CHEMBL4175074,PPARgamma,6.450,,1,0,Active,exact,CC(=O)c1ccccc1OCc1nc2ccc(Oc3cc(C)c(N)c(C)c3)cc2n1C.Cl.Cl
CHEMBL3335660,PPARgamma,5.300,,1,0,,exact,Cc1ccc(NC(=O)c2ccccc2NC(=O)c2ccc(C(C)(C)C)cc2)cc1C(=O)O
CHEMBL549351,PPARgamma,7.410,,1,0,Active,exact,CCCCC/C=C(\CCCCCCCCCCC(=O)O)[N+](=O)[O-]
CHEMBL3897544,PPARgamma,7.140,,1,0,Active,exact,CCOC(Cc1ccc(OC(=O)Cc2ccc(NC(=O)OC(C)(C)C)cc2)c(C)c1)C(=O)O
CHEMBL149309,PPARgamma,6.810,,1,0,Active,exact,CN(CCOc1ccc(CC(Nc2ccncc2C(=O)c2ccccc2)C(=O)O)cc1)c1nc2ccccc2o1
CHEMBL2377522,PPARgamma,7.130,,1,0,Active,exact,CCCOc1ccc(C[C@@H](Cc2ccccc2)C(=O)O)cc1CNC(=O)c1ccc(-c2ccccc2C)cc1
CHEMBL48435,PPARgamma,6.640,,1,0,Active,exact,COc1cc(C(=O)NS(=O)(=O)c2ccccc2)ccc1Cc1cn(C)c2ccc(NC(=O)OC3CCCC3)cc12
CHEMBL2322448,PPARgamma,6.800,,1,0,Active,exact,CCc1nc2ccn(Cc3cccc(F)c3)c(=O)c2n1[C@H]1CCc2cc(-c3ccccc3-c3nnn[nH]3)ccc21
CHEMBL5272996,PPARgamma,6.370,,1,0,Active,exact,CC[C@@H]1CN(Cc2cc(C)cc(CC(=O)O)c2)CCN1c1nc2ccc(C(F)(F)F)cc2s1
CHEMBL230177,PPARgamma,,6.000,0,1,,censored,CCOC(CCc1ccc(C(F)(F)F)cc1)CSc1ccc(OCC(=O)O)c(C)c1
CHEMBL3393178,PPARgamma,5.060,,1,0,,exact,O=C(O)c1cccc(NC(=O)c2ccc(Cl)cc2NC(=O)c2ccc(C(F)(F)F)cc2)c1
CHEMBL212813,PPARgamma,5.100,,1,0,,exact,CCOC(Cc1ccc2c(c1)cc(C)n2Cc1nc(-c2ccc(C(F)(F)F)cc2)oc1C)C(=O)O
CHEMBL472245,PPARgamma,6.500,,3,0,Active,exact,O=C(O)[C@H](Cc1ccc(Oc2ccccc2)cc1)Oc1ccc(Cl)cc1
CHEMBL3827050,PPARgamma,5.820,,1,0,,exact,Cc1oc(-c2ccc(Cl)cc2)nc1COc1ccc(F)c(CN(CC(=O)O)C(=O)OCC(C)C)c1
CHEMBL3699410,PPARgamma,7.010,,1,0,Active,exact,Cc1c(C)n(Cc2ccc(-c3ccccc3C(=O)O)cc2)c2ccc(C(=O)N[C@@H](C)c3ccnc(Br)c3)cc12
CHEMBL1081241,PPARgamma,,5.000,0,1,,censored,COc1ccc(-c2nc(CSc3ccc(OCC(=O)O)cc3Cl)oc2-c2ccc(OC)cc2)cc1
CHEMBL1946758,PPARgamma,8.390,,1,0,Active,exact,COc1ccc2c(-n3c(=O)n(Cc4ccc(Cl)c(O[C@H](C)C(=O)O)c4)c4ccc(OC(F)(F)F)cc43)noc2c1
CHEMBL4177154,PPARgamma,6.130,,1,0,Active,exact,Cc1ccc(Oc2cc3c(cn2)nc(COc2cccc(C(=O)O)c2)n3C)cc1
CHEMBL3398460,PPARgamma,5.800,,1,1,,exact,CCOC(=O)N1C[C@H](CCc2ccc(OCCc3nc(-c4ccccc4)oc3C)cc2)[C@@H](C(=O)O)C1
CHEMBL393938,PPARgamma,7.820,,1,0,Active,exact,Cc1cc(Oc2cccc(CNC(=O)c3ccc(C(F)(F)F)cc3Cl)c2)ccc1OC(C)(C)C(=O)O
CHEMBL6173392,PPARgamma,,5.301,0,1,,censored,Cc1cc(CN2CCN(c3ccc(Cl)cc3)C2=O)cc(C)c1OC(C)(C)C(=O)O
CHEMBL5647025,PPARgamma,5.830,,1,0,,exact,Cc1ccc(CN2C(=O)S/C(=C\c3ccc(Nc4ccc(Cl)cc4)s3)C2=O)cc1
CHEMBL173285,PPARgamma,7.500,,1,0,Active,exact,CCCc1c(OCCCOc2ccc(CC(=O)O)cc2)ccc2c(-c3ccccc3)noc12
CHEMBL3695839,PPARgamma,8.300,,3,0,Active,exact,Cc1cccc(CNC(=O)c2ccc3c(c2)c(C)c(C)n3Cc2ccc(-c3ccccc3C(=O)O)cc2)c1
CHEMBL5594384,PPARgamma,5.890,,1,0,,exact,C[C@@H]1C[C@H](O)[C@@]2(COC(=O)/C=C/c3ccc(F)cc3)C(=O)CCC[C@@H]2[C@@]1(C)CCC1=CC(=O)OC1
CHEMBL2375951,PPARgamma,5.800,,1,0,,exact,O=C(O)[C@H](Cc1ccccc1)Oc1ccc(Oc2ccccc2)cc1
CHEMBL401829,PPARgamma,,4.824,0,1,Inactive,censored,COc1ccc(OC(=O)N(CC(=O)O)Cc2ccc(OCCC(=O)NC(=O)c3ccccc3)cc2)cc1
CHEMBL1801735,PPARgamma,6.120,,1,0,Active,exact,Cc1cc(C)c2nc(C3CC3)n([C@H]3CCc4cc(-c5ccccc5-c5nnn[nH]5)ccc43)c2n1
CHEMBL490220,PPARgamma,7.550,,1,0,Active,exact,CCO[C@@H](Cc1cccc(/C(C)=N/OCc2ccc(Cl)cc2)c1)C(=O)O
CHEMBL1956370,PPARgamma,4.500,,1,0,Inactive,exact,O=C(O)C(Oc1ccc(Cl)cc1F)c1ccccc1
CHEMBL231656,PPARgamma,6.950,,1,0,Active,exact,Cc1oc(-c2ccccc2)nc1CCOc1ccc(C[C@@H](CNC(=O)CO)Nc2ccccc2C(=O)c2ccccc2)cc1
CHEMBL112790,PPARgamma,5.485,,2,0,,exact,C[C@@]1(C(=O)O)CCc2ccc(OCCCOc3ccc(Oc4ccccc4)cc3Cl)cc2O1
CHEMBL4170847,PPARgamma,7.060,,1,0,Active,exact,Cl.Cn1c(COc2cccc(C(=O)O)c2)nc2ccc(Oc3ccc4c(c3)CCO4)cc21
CHEMBL522575,PPARgamma,5.600,,1,0,,exact,Cc1ccc(NC(=O)c2cccc(S(=O)(=O)n3ccc4ccc(C)cc43)c2)c(C(=O)O)c1
CHEMBL672,PPARgamma,5.315,,2,1,,exact,CC(C)OC(=O)C(C)(C)Oc1ccc(C(=O)c2ccc(Cl)cc2)cc1
CHEMBL4167709,PPARgamma,6.070,,1,0,Active,exact,Cl.Cn1c(COc2cccc(C(=O)O)c2)nc2ccc(Oc3ccccc3)cc21
CHEMBL4870772,PPARgamma,5.055,,2,0,,exact,CC1=C(CC(=O)O)c2cc(F)ccc2/C1=C\c1ccc(F)cc1
CHEMBL1079677,PPARgamma,,5.000,0,1,,censored,COc1ccc(-c2nc(COc3ccc(CCC(=O)O)c(C)c3)sc2-c2ccc(C(F)(F)F)cc2)cc1
CHEMBL330191,PPARgamma,6.710,,1,0,Active,exact,CCCc1cc(Oc2ccccc2)ccc1OCCCCOc1cccc(C2SC(=O)NC2=O)c1
CHEMBL181937,PPARgamma,8.700,,2,0,Active,exact,COc1ccc(C(=O)n2c(C)c(Cc3ccccc3O[C@@H](C)C(=O)O)c3cc(OC(F)(F)F)ccc32)cc1
CHEMBL3398426,PPARgamma,,4.495,0,2,Inactive,censored,CCOC(=O)N1C[C@H](C(=O)O)[C@H](c2ccc(OCCc3nc(-c4ccccc4)oc3C)cc2)C1
CHEMBL6133332,PPARgamma,,4.301,0,2,Inactive,censored,CS1(=O)=N[Se]c2cc(Cl)ccc21
CHEMBL124421,PPARgamma,5.960,,1,0,,exact,C/C(=N\OCCOc1ccc(CC2SC(=O)NC2=O)cc1)c1ccc(-c2ccccc2)cn1
CHEMBL122009,PPARgamma,5.520,,1,0,,exact,COc1ccc(CCCC(=O)O)cc1C(=O)NCc1ccc(C(F)(F)F)cc1
CHEMBL2035063,PPARgamma,,5.000,0,1,,censored,Cc1cc(SC(Cc2c(F)c(F)c(F)c(F)c2F)c2sc(-c3ccc(C(F)(F)F)cc3)nc2C)ccc1OCC(=O)O
CHEMBL246272,PPARgamma,6.640,,1,0,Active,exact,Cc1oc(-c2ccccc2)nc1CCOc1cccc(CN(CC(=O)O)Cc2ccc(Oc3ccccc3)cc2)c1
CHEMBL601678,PPARgamma,6.050,,1,0,Active,exact,CCCc1nc2ccc(C(=O)NC(CC)c3ccccc3)cc2n1Cc1ccc(-c2ccccc2C(=O)O)cc1
CHEMBL232397,PPARgamma,,5.000,0,1,,censored,O=C(O)COc1ccc(SCc2ccc(OCc3ccc(C(F)(F)F)cc3)cc2)c2c1CCC2
CHEMBL237277,PPARgamma,7.890,,1,0,Active,exact,Cc1cc(Oc2cccc(CNC(=O)c3cc4cc(Cl)ccc4[nH]3)c2)ccc1CCC(=O)O
CHEMBL497991,PPARgamma,5.600,,1,0,,exact,COc1ccc2ccn(S(=O)(=O)c3cccc(C(=O)Nc4ccc(Cl)cc4C(=O)O)c3)c2c1
CHEMBL467711,PPARgamma,5.930,,1,0,,exact,Cc1cccc(OS(=O)(=O)/C=C/c2ccccc2)c1
CHEMBL371760,PPARgamma,6.430,,1,0,Active,exact,CCC(C(=O)O)C1CCc2cc(OCCc3nc(-c4c(F)cccc4F)oc3C)ccc21
CHEMBL2024607,PPARgamma,8.640,,1,0,Active,exact,CCCCCS(=O)(=O)NC(=O)C(C)Cc1ccc(OCCOC)cc1Oc1ncc(C(F)(F)F)cc1Cl
CHEMBL1092387,PPARgamma,6.650,,2,0,Active,exact,COC1Oc2cc(O)c3c(c2C(=O)N1C(=O)NCc1cccc2ccccc12)OC1=CC(O)=C(C(C)=O)C(=O)[C@]13C
CHEMBL3115241,PPARgamma,6.410,,1,0,Active,exact,CCCc1nn2ccc(C(=O)NC(CC)c3ccccc3)cc2c1Cc1ccc(-c2ccccc2C(=O)O)cc1
CHEMBL3764450,PPARgamma,6.050,,1,0,Active,exact,CCCC(Cc1ccc(C(=O)NCc2ccccc2C(F)(F)F)cc1)C(=O)OCC
CHEMBL192691,PPARgamma,9.000,,1,0,Active,exact,COc1ccc(-n2c(C)c(Cc3cccc(O[C@@H](C)C(=O)O)c3)c3cc(OC(F)(F)F)ccc32)cc1
CHEMBL144489,PPARgamma,5.690,,1,0,,exact,CCO[C@@H](Cc1ccc(OC/C=C(\C)c2ccc(-c3ccccc3)cc2)cc1)C(=O)O
CHEMBL233976,PPARgamma,,5.000,0,1,,censored,Cc1nc(-c2ccc(C(F)(F)F)cc2)sc1COc1ccc2c(CC(=O)O)csc2c1
CHEMBL4212753,PPARgamma,,5.000,0,1,,censored,CN(Cc1ccccc1OCCCCC(C)(C)C(=O)O)C(=O)c1ccc(-c2ccco2)cc1
CHEMBL255872,PPARgamma,5.970,,1,0,,exact,Cc1oc(-c2ccccc2)nc1CCOc1cccc(CC2=CN(c3nccc(C(F)(F)F)n3)CCC2C(=O)O)c1
CHEMBL3398425,PPARgamma,5.250,,1,1,,exact,Cc1oc(-c2ccccc2)nc1CCOc1cccc([C@@H]2CN(C(=O)Oc3ccccc3)C[C@@H]2C(=O)O)c1
CHEMBL3827820,PPARgamma,5.540,,1,1,,exact,COC(=O)N(CC(=O)O)[C@@H](C)c1cccc(OCc2nc(-c3ccc(Cl)cc3)oc2C)c1
CHEMBL515181,PPARgamma,4.660,,1,0,Inactive,exact,Cc1oc(-c2ccccc2)nc1CCCc1ccc(CC(C(=O)O)c2cccnc2)cc1
CHEMBL190461,PPARgamma,,4.602,0,1,Inactive,censored,C=C(C)[C@@H]1CCC(C)=C[C@H]1c1c(O)cc(CCCCC)cc1O
CHEMBL1947142,PPARgamma,8.110,,1,0,Active,exact,COc1ccc2c(-n3c(=O)n(Cc4cc([C@@]5(C)OC(=O)NC5=O)ccc4Cl)c4cc(C(F)(F)F)ccc43)noc2c1
CHEMBL2338474,PPARgamma,7.100,,2,0,Active,exact,O=S(=O)(Nc1cc(Cl)c(Oc2cnc3ccccc3c2)c(Cl)c1)c1ccc(C(F)(F)F)cc1Cl
CHEMBL234588,PPARgamma,5.240,,1,0,,exact,O=C(O)Cc1csc2cc(OCc3cccc(COc4ccc(C(F)(F)F)cc4)c3)ccc12
CHEMBL4174837,PPARgamma,6.470,,1,0,Active,exact,Cn1c(COc2cccc(C(=O)O)c2)nc2cnc(Oc3ccc4c(c3)OCC4)cc21
CHEMBL230268,PPARgamma,,6.000,0,1,,censored,CCCCOC(COc1ccc(C(F)(F)F)cc1)CSc1ccc(OCC(=O)O)c(C)c1
CHEMBL3826990,PPARgamma,5.700,,1,0,,exact,CCCOC(=O)N(CC(=O)O)Cc1cc(OCc2nc(-c3ccc(Cl)cc3)oc2C)ccc1F
CHEMBL3091499,PPARgamma,5.140,,1,0,,exact,CCCCCCC(Sc1nc(Cl)cc(Nc2nc(-c3ccc(C)cc3)cs2)n1)C(=O)O
CHEMBL1934310,PPARgamma,,5.310,0,1,,censored,Cc1nc(-c2ccc(Cl)cc2)sc1C(=O)NCC1CCCN(c2cccc(C(=O)O)c2)C1
CHEMBL5592559,PPARgamma,5.720,,1,0,,exact,CCOC(=O)CC/C(C)=C/CCc1ccc2cc(OCc3ccccc3)ccc2n1
CHEMBL369890,PPARgamma,5.050,,1,0,,exact,CCC[C@H](OCc1ccc(-c2ccc(Cl)cc2)cc1)C(=O)O
CHEMBL1641710,PPARgamma,5.700,,1,0,,exact,COc1ccc(C(=O)c2cccn2C/C=C/c2cccc(CC(=O)O)c2)cc1
CHEMBL218176,PPARgamma,6.550,,1,0,Active,exact,O=C(NS(=O)(=O)c1ccc(Cl)cc1)c1cc2ccccc2n1Cc1cccc(C(F)(F)F)c1
CHEMBL427071,PPARgamma,5.160,,1,0,,exact,CCCCOc1ccc(C[C@@H](CC)C(=O)O)cc1CNC(=O)c1ccc(C(F)(F)F)cc1F
CHEMBL4466393,PPARgamma,6.290,,1,0,Active,exact,CC[C@H](NC(=O)c1ccc2c(ccn2S(=O)(=O)c2cccc3ccccc23)c1)c1ccccc1
CHEMBL3601088,PPARgamma,,4.000,0,1,Inactive,censored,O=C(NCc1ccc(C(F)(F)F)cc1)c1ccc(NC(=O)c2cccc(CN3C(=O)OC[C@H]3Cc3ccccc3)c2)cc1
CHEMBL191060,PPARgamma,5.440,,2,0,,exact,CCc1ccc(O[C@@H](Cc2ccccc2)C(=O)O)cc1
CHEMBL3398452,PPARgamma,5.940,,1,1,,exact,Cc1oc(-c2ccccc2)nc1CCOc1ccc(C[C@@H]2CN(c3nccc(C(F)(F)F)n3)C[C@H]2C(=O)O)cc1
CHEMBL5084422,PPARgamma,6.100,,1,0,Active,exact,O=C(COc1ccc2cc(/C=C3/SC(=O)NC3=O)ccc2c1)Nc1ccc(Br)cc1F
CHEMBL4290919,PPARgamma,6.430,,1,0,Active,exact,COc1cc(C(=O)NS(=O)(=O)c2cccc(Cl)c2)ccc1Cc1cn(C)c2ccc(NC(=O)NC3CCCCC3)cc12
CHEMBL109773,PPARgamma,5.920,,1,0,,exact,CCCc1cc(Oc2ccccc2)ccc1OCCCOc1ccc2c(c1)OC(CC(C)C)(C(=O)O)CC2
CHEMBL4542891,PPARgamma,6.140,,1,0,Active,exact,CCCCc1nc(C(C)C)c(CC(=O)OC2CCCCC2)c(=O)n1Cc1ccc(-c2ccccc2-c2noc(=O)[nH]2)cc1
CHEMBL4552580,PPARgamma,7.100,,1,0,Active,exact,CC(C)C[C@H](NC(=O)[C@H](Cc1ccccc1)NC(=O)[C@H](CCC(N)=O)NC(=O)[C@@H](NC(=O)[C@H](CC(C)C)NC(=O)[C@H](CC(C)C)NC(=O)[C@@H]1CCCN1C(=O)[C@H](Cc1cnc[nH]1)NC(=O)[C@H](CC(C)C)NC(=O)[C@H](CCC(N)=O)NC(=O)[C@@H](NC(=O)[C@@H]1CCCN1C(=O)[C@@H]1CCCN1C(=O)[C@@H](NC(=O)[C@@H](NC(=O)[C@H](C)N)[C@@H](C)O)[C@@H](C)O)[C@@H](C)O)[C@@H](C)O)C(=O)N[C@@H](CCCNC(=N)N)C(=O)N[C@H](C(=O)N[C@@H](CC(=O)O)C(=O)O)[C@@H](C)O
CHEMBL5431290,PPARgamma,5.510,,1,0,,exact,O[C@H]1[C@H](Cn2cnc3c(NCc4cccc(I)c4)nc(Cl)nc32)CC[C@H]1O
CHEMBL490426,PPARgamma,7.340,,1,0,Active,exact,CCO[C@@H](Cc1cccc(/C(C)=N/OCc2ccc(C(F)(F)F)cc2)c1)C(=O)O
CHEMBL236877,PPARgamma,7.920,,1,0,Active,exact,Cc1cc(Oc2cccc(CNC(=O)c3ccc(C(F)(F)F)cc3Br)c2)ccc1OC(C)(C)C(=O)O
CHEMBL483032,PPARgamma,5.940,,1,0,,exact,CCO[C@@H](Cc1cccc(C2=NOC(c3ccc(F)cc3)C2)c1)C(=O)O
CHEMBL485179,PPARgamma,5.100,,1,0,,exact,CCCCCCC#CC1=CC(=O)[C@H](CCCCCCC)[C@H]1OCCCCCC(=O)O
CHEMBL3754507,PPARgamma,7.000,,1,0,Active,exact,O=C1NC(=O)C(=Cc2ccc(OCc3ccccc3)cc2)C(=O)N1
CHEMBL4443400,PPARgamma,4.310,,1,0,Inactive,exact,Cc1c(Cl)ccc(Nc2cc(Cl)nc(SCC(=O)O)n2)c1C
CHEMBL5087115,PPARgamma,5.310,,1,0,,exact,CC(C)(Oc1ccc(Cn2ncn(-c3ccc(OC(F)(F)F)cc3)c2=O)cc1Cl)C(=O)O
CHEMBL396987,PPARgamma,6.510,,1,0,Active,exact,Cc1oc(-c2ccccc2)nc1CCOc1ccc(C[C@@H](CNC(=O)C2CCC(O)CC2)Nc2ccccc2C(=O)c2ccccc2)cc1
CHEMBL4471255,PPARgamma,4.480,,1,0,Inactive,exact,Cc1ccccc1Nc1cc(Cl)nc(SCC(=O)O)n1
CHEMBL3264936,PPARgamma,,4.000,0,1,Inactive,censored,CCn1c(CCCc2ccc(-c3ccc(NS(=O)(=O)c4ccc(-c5ccc(OC)cc5)cc4)cc3)cc2)nn(Cc2ccc(C(C)(C)C)cc2)c1=O
CHEMBL391283,PPARgamma,6.280,,1,0,Active,exact,CCc1ccc(O[C@H](C)CCOc2ccc(CCC(=O)O)c(C)c2)c(-c2ccncc2)c1
CHEMBL1643201,PPARgamma,6.100,,1,0,Active,exact,Cc1cc(CN2Cc3ccccc3C[C@@H]2C(=O)Nc2ccc(Cl)cc2Cl)ccc1OCC(=O)O
CHEMBL1081224,PPARgamma,,5.000,0,1,,censored,Cc1cc(OCc2nc(-c3ccc(C(=O)N(C)C)cc3)c(-c3ccc(OC(F)(F)F)cc3)s2)ccc1OCC(=O)O
CHEMBL3695775,PPARgamma,6.520,,3,0,Active,exact,Cc1c(C)n(Cc2ccc(-c3ccccc3C(=O)O)cc2)c2ccc(C(=O)NCc3ccc(S(N)(=O)=O)cc3)cc12
CHEMBL5422049,PPARgamma,6.640,,1,0,Active,exact,CCC(C)C1(CCOc2cc(Cl)cc(CC(=O)O)c2)CCN(c2nc3ccc(Cl)cc3s2)CC1
CHEMBL5428900,PPARgamma,6.020,,1,0,Active,exact,[2H]C([2H])(Cc1cn(S(=O)(=O)c2ccc(OC(F)(F)F)cc2)c2ccc(OC)cc12)C(=O)O
CHEMBL3695888,PPARgamma,8.700,,1,0,Active,exact,Cc1c(C)n(Cc2ccc(-c3ccccc3)cc2)c2ccc(C(=O)NCc3ccc(Cl)cc3C(F)(F)F)cc12
CHEMBL196139,PPARgamma,,5.000,0,1,,censored,CCCCCOc1ncccc1C(O)C/C=C/CCCC(=O)OC
CHEMBL5287383,PPARgamma,,4.319,0,1,Inactive,censored,CCOc1ccc(F)c(N2CC[C@@H](Oc3ccc(N4C[C@H](C(F)(F)F)C[C@@H]4CC(=O)O)cc3)[C@H](C)C2)c1
CHEMBL513904,PPARgamma,5.700,,1,0,,exact,CN(C/C=C/c1ccc(C[C@@H](C(=O)O)n2cccc2)cc1)c1ccccc1
CHEMBL4444760,PPARgamma,5.510,,1,0,,exact,CCCCC1=NC(C(C)C)=C(CC(=S)N2CCCC2)CN1Cc1ccc(-c2ccccc2-c2noc(=O)[nH]2)cc1
CHEMBL402063,PPARgamma,4.570,,1,1,Inactive,exact,C/C=C1/C(=O)C[C@H]2[C@@H]3CCC4=CC(=O)CC[C@]4(C)[C@H]3CC[C@]12C
CHEMBL5639105,PPARgamma,6.080,,1,0,Active,exact,Cc1ccc(CN2C(=O)S/C(=C\c3ccc(Nc4cccc(Cl)c4)s3)C2=O)cc1
CHEMBL5201306,PPARgamma,7.495,,2,0,Active,exact,Cc1ccccc1-c1nc2cc(NC(=O)c3cc([N+](=O)[O-])ccc3Cl)ccc2o1
CHEMBL3827510,PPARgamma,5.960,,1,0,,exact,COc1ccc(OC(=O)N(CC(=O)O)Cc2cc(OCc3nc(-c4ccc(Cl)cc4)oc3C)ccc2F)cc1
CHEMBL107794,PPARgamma,6.010,,1,0,Active,exact,Cc1oc(-c2ccccc2)nc1CCOc1ccc(C[C@@H](C(=O)O)n2c(C)ccc2C)cc1
CHEMBL345541,PPARgamma,8.010,,1,0,Active,exact,CN(CCOc1ccc(CC(Nc2ccsc2C(=O)c2ccccc2)C(=O)O)cc1)c1nc2ccccc2o1
CHEMBL496933,PPARgamma,5.300,,1,0,,exact,Cc1c(Cl)ccc2c1CN(S(=O)(=O)c1cccc(C(=O)Nc3ccc(Cl)cc3C(=O)O)c1)CC2
CHEMBL391084,PPARgamma,5.200,,1,0,,exact,Cc1cc2c(CC(=O)O)csc2cc1OCc1sc(-c2ccc(C(F)(F)F)cc2)nc1C
CHEMBL4214449,PPARgamma,5.430,,1,0,,exact,CC(C)(Oc1ccc(C(=O)c2cc3ccccc3oc2=O)cc1)C(=O)O
CHEMBL4105094,PPARgamma,5.390,,1,0,,exact,CCCc1nc2ccc(-c3cccc(O)c3)cc2n1Cc1ccc(-c2ccccc2C(=O)O)cc1
CHEMBL514696,PPARgamma,4.960,,1,0,Inactive,exact,CN(CCCc1ccc(C[C@@H](C(=O)O)n2cccc2)cc1)c1ccccc1
CHEMBL148540,PPARgamma,6.630,,1,0,Active,exact,CC(=O)c1ccc(OCCOc2ccc(C[C@H](Nc3ccccc3C(=O)c3ccccc3)C(=O)O)cc2)cc1
CHEMBL430894,PPARgamma,6.860,,2,0,Active,exact,CCCc1cc2c(C(F)(F)F)noc2c(CCC)c1OC(C(=O)O)c1ccc(Cl)cc1
CHEMBL359285,PPARgamma,8.590,,1,0,Active,exact,COCCNc1nc(CCOc2ccc(C[C@H](Nc3ccccc3C(=O)c3ccccc3)C(=O)O)cc2)c(C)s1
CHEMBL200571,PPARgamma,,5.000,0,1,,censored,CC[C@@H](C(=O)O)[C@@H]1CCc2cc(OCCc3nc(-c4ccc(C)cc4)oc3C)ccc21
CHEMBL3695769,PPARgamma,6.260,,1,0,Active,exact,Cc1c(C)n(Cc2ccc(-c3ccccc3C(=O)O)cc2)c2ccc(C(=O)NCc3ccc(S(C)(=O)=O)cc3)cc12
CHEMBL6177610,PPARgamma,,5.301,0,1,,censored,Cc1cc(CN2CCN(c3ccc(C(F)(F)F)cc3)C2=O)ccc1OC(C)(C)C(=O)O
CHEMBL2037588,PPARgamma,,5.000,0,1,,censored,Cc1cc(SC(Cc2c(F)cccc2F)c2sc(-c3ccc(C(F)(F)F)cc3)nc2C)ccc1OCC(=O)O
CHEMBL6151804,PPARgamma,6.130,,2,0,Active,exact,CC(C)(C)c1ccc(S2(=O)=N[Se]c3cc(C(C)(C)C)ccc32)cc1
CHEMBL3913928,PPARgamma,5.270,,1,0,,exact,CSc1nc(Sc2nnc(-c3cc(C(F)(F)F)cc(C(F)(F)F)c3)[nH]2)cc(Sc2nnc(-c3cc(C(F)(F)F)cc(C(F)(F)F)c3)[nH]2)n1
CHEMBL213782,PPARgamma,5.820,,1,0,,exact,CCOC(Cc1cccc2c1ccn2Cc1nc(-c2ccccc2)oc1C)C(=O)O
CHEMBL598371,PPARgamma,,5.000,0,1,,censored,O=C(NCCS(=O)(=O)c1ccc(C(F)(F)F)cn1)c1ccc(Br)cc1F
CHEMBL4160661,PPARgamma,6.000,,1,0,Active,exact,COc1cc(/C=C/C(=O)c2ccc3c(c2)sc(=O)n3CCOc2ccc(CC(OCC(F)(F)F)C(=O)O)cc2)cc(OC)c1
CHEMBL4570541,PPARgamma,8.490,,2,0,Active,exact,C/C(=C1/c2ccc(Cc3c(C4CC4)nc4c(Cl)cccn34)cc2COc2cc(F)ccc21)c1noc(=O)[nH]1
CHEMBL1813004,PPARgamma,8.570,,1,0,Active,exact,CCO[C@@H](Cc1ccc(OCc2nc(-c3ccsc3)oc2C)cc1)C(=O)O
CHEMBL396220,PPARgamma,7.000,,1,0,Active,exact,Cc1oc(-c2ccccc2)nc1CCOc1ccc(C[C@@H](CNC(=O)CNC(=O)c2cccc(CO)c2)Nc2ccccc2C(=O)c2ccccc2)cc1
CHEMBL2324298,PPARgamma,7.365,,2,0,Active,exact,O=C(Nc1ccc2oc(-c3ccccc3Br)nc2c1)c1cc([N+](=O)[O-])ccc1Cl
CHEMBL4074391,PPARgamma,5.810,,1,0,,exact,O=C(O)CCc1cc2cc(Cl)ccc2n1S(=O)(=O)c1ccccc1
CHEMBL4743099,PPARgamma,5.190,,3,0,,exact,Cc1ccccc1-c1ccc(/N=N\c2ccc(CC3SC(=O)NC3=O)cc2)cc1
CHEMBL1080540,PPARgamma,,5.000,0,1,,censored,COc1ccc(-c2nc(COc3ccc4c(ccn4CC(=O)O)c3)sc2-c2ccc(C(F)(F)F)cc2)cc1
CHEMBL360240,PPARgamma,5.220,,1,0,,exact,C[C@]1(C(=O)O)CCc2ccc(OCCCOc3ccc(OCC(F)(F)F)cc3Cl)cc2O1
CHEMBL461944,PPARgamma,8.520,,1,0,Active,exact,Cc1c(Oc2ccc(Cl)cc2)c2ccc(Cl)nc2n1Cc1ccc(Cl)c(O[C@@H](C)C(=O)O)c1
CHEMBL3358033,PPARgamma,5.720,,1,0,,exact,C=C[C@H](C#CC#C[C@@H](O)/C=C\CCCCCCC)O[C@]1(C)CCC[C@]2(C)CC[C@@H](C(C)(C)O)C[C@H]21
CHEMBL389769,PPARgamma,,6.000,0,1,,censored,CCCOC(COc1ccc(C(F)(F)F)cc1)CSc1ccc(OCC(=O)O)c(C)c1
CHEMBL4066889,PPARgamma,6.830,,1,0,Active,exact,O=C(O)CCCc1cc2cc(C(F)(F)F)ccc2n1S(=O)(=O)c1ccc2scnc2c1
CHEMBL446893,PPARgamma,5.950,,1,0,,exact,CCO[C@@H](Cc1ccc(OC/C=C/C#Cc2ccccc2)cc1)C(=O)O
CHEMBL146029,PPARgamma,6.930,,1,0,Active,exact,CN(C)c1ccc(CCOc2ccc(C[C@H](Nc3ccccc3C(=O)c3ccccc3)C(=O)O)cc2)cc1
CHEMBL4515010,PPARgamma,8.035,,2,0,Active,exact,CCCc1nc2ccccc2n1Cc1ccc2c(c1)COc1ccc(F)cc1/C2=C(\C)c1noc(=O)[nH]1
CHEMBL3425533,PPARgamma,4.980,,1,0,Inactive,exact,CCO[C@@H](CC(=O)O)c1ccc(OCc2ccc(C(F)(F)F)cc2)cc1
CHEMBL5079941,PPARgamma,5.180,,1,0,,exact,CC(C)(Oc1ccc(COc2ccc(/N=N\c3ccccc3)cc2)cc1)C(=O)O
CHEMBL5559347,PPARgamma,,5.000,0,1,,censored,COc1ccc(N2CCN(Cc3cc(C)c(OC(C)(C)C(=O)O)c(C)c3)CC2)nc1
CHEMBL4248967,PPARgamma,,5.000,0,1,,censored,Cc1cc(SC(Cc2c(F)cccc2C(F)(F)F)c2ccc(-c3ccccc3)cc2)ccc1OCC(=O)O
CHEMBL67948,PPARgamma,7.820,,1,0,Active,exact,COC(Cc1ccc(OCCN(C)c2nc3ccccc3o2)cc1)C(=O)O
CHEMBL116920,PPARgamma,7.050,,1,0,Active,exact,COC(=O)C(Cc1ccc(OCCOc2ccc3c(c2)C(C)(C)CCC3(C)C)cc1)C(=O)O
CHEMBL39129,PPARgamma,5.100,,1,0,,exact,Cc1nc(-c2ccc(C(F)(F)F)cc2)sc1COc1ccc(CC(=O)O)cc1
CHEMBL1956362,PPARgamma,5.600,,1,0,,exact,O=C(O)[C@H](Cc1ccccc1)Oc1ccc(Cl)cc1F
CHEMBL1933841,PPARgamma,7.640,,1,0,Active,exact,CCCCCS(=O)(=O)NC(=O)/C=C/c1cc(OC(C)C)nn1Cc1ccc(C(F)(F)F)cc1Cl
CHEMBL223379,PPARgamma,5.860,,2,0,,exact,Cc1oc(-c2ccccc2)nc1CCOc1ccc(CCC(=O)O)c(CNC(=O)NCc2ccccc2)c1
CHEMBL288341,PPARgamma,5.150,,1,0,,exact,Cc1nc(-c2ccc(C(F)(F)F)cc2)sc1COc1ccc(CCC(=O)O)cc1
CHEMBL222165,PPARgamma,7.050,,1,0,Active,exact,O=C(NS(=O)(=O)c1cccc(C(F)(F)F)c1)c1cc2ccccc2n1Cc1cccc(OC(F)(F)F)c1
CHEMBL1080173,PPARgamma,,5.000,0,1,,censored,Cc1cc(OCc2nc(-c3cccnc3)c(-c3ccc(OC(F)(F)F)cc3)o2)ccc1OCC(=O)O
CHEMBL4095891,PPARgamma,6.420,,1,0,Active,exact,Nc1nc2ccc(S(=O)(=O)n3c(CCCC(=O)O)cc4cc(Cl)ccc43)cc2o1
CHEMBL519060,PPARgamma,8.700,,1,0,Active,exact,COc1ccc2c(-c3c(C)n(Cc4cc(O[C@@H](C)C(=O)O)ccc4Cl)c4cc(OC(F)(F)F)ccc34)noc2c1
CHEMBL1956369,PPARgamma,4.940,,1,0,Inactive,exact,O=C(O)C(Cc1cccc(F)c1)Oc1ccccc1C(F)(F)F
CHEMBL5647429,PPARgamma,5.700,,1,0,,exact,Cc1ccc(CN2C(=O)S/C(=C\c3ccc(OCc4ccccc4)s3)C2=O)cc1
CHEMBL4746369,PPARgamma,6.610,,1,0,Active,exact,Cc1ccc(Oc2ccc3nc(COc4cccc(C(=O)O)c4)n(C)c3c2C)c(C)n1
CHEMBL3398436,PPARgamma,5.970,,4,0,,exact,CCOC(=O)N1C[C@@H](Cc2cccc(OCCc3nc(-c4ccccc4)oc3C)c2)[C@@H](C(=O)O)C1
CHEMBL512715,PPARgamma,,6.000,0,1,,censored,C=C(COc1ccc(Cl)c(C(F)(F)F)c1)CSc1ccc(OCC(=O)O)c(C)c1
CHEMBL74415,PPARgamma,,4.602,0,1,Inactive,censored,CCCCCc1cc(O)c2c(c1)OC(C)(C)c1ccc(C)cc1-2
CHEMBL427299,PPARgamma,6.520,,1,0,Active,exact,CCCc1c(OCCOc2ccc(CCC(=O)O)cc2)ccc2c(-c3ccccc3)noc12
CHEMBL403432,PPARgamma,6.890,,1,0,Active,exact,Cc1oc(-c2ccccc2)nc1CCOc1cccc(C2=C(CC(=O)O)CCN(C(=O)OCC(C)C)C2)c1
CHEMBL3695762,PPARgamma,6.690,,1,0,Active,exact,Cc1c(C)n(Cc2ccc(-c3ccccc3C(=O)O)cc2)c2ccc(C(=O)N(C)Cc3ccccc3)cc12
CHEMBL119646,PPARgamma,5.800,,1,0,,exact,CSCCOc1ccc(NC(=O)c2ccc(Cl)cc2Cl)c(C(=O)[O-])c1.[Li+]
CHEMBL4440578,PPARgamma,5.300,,1,0,,exact,CCC/C(=C\c1cc(OCc2ccc3ncccc3c2)ccc1OCc1ccc(F)cc1)C(=O)O
CHEMBL6150090,PPARgamma,4.630,,2,0,Inactive,exact,Cc1ccccc1S1(=O)=N[Se]c2cccc(C)c21
CHEMBL3699371,PPARgamma,7.370,,1,0,Active,exact,CCc1ccc([C@H](C)NC(=O)c2ccc3c(c2)c(C)c(C)n3Cc2ccc(-c3ccccc3C(=O)O)cc2)cc1
CHEMBL4226803,PPARgamma,,5.000,0,1,,censored,CCc1ccc(N(CC(C)C)S(=O)(=O)c2ccc(OCC3CCOCC3)c([S@@](C)(=N)=O)c2)cc1
CHEMBL3695801,PPARgamma,,6.000,0,1,,censored,C[C@H](NC(=O)c1ccc2c(ccn2Cc2ccc(-c3cccc(Cl)c3)cc2)c1)c1ccc([N+](=O)[O-])cc1
CHEMBL5288454,PPARgamma,7.800,,1,0,Active,exact,C[C@@H]1CN(CCOc2cc(CC(=O)O)ccc2Cl)CCN1c1nc2ccc(Cl)cc2s1
CHEMBL602263,PPARgamma,8.225,,2,0,Active,exact,CCC(NC(=O)c1ccc2c(c1)cc(C)n2Cc1ccc(-c2ccccc2C(=O)O)cc1)c1ccccc1
CHEMBL420973,PPARgamma,6.220,,3,0,Active,exact,CCO[C@@H](Cc1ccc(OC/C=C(\c2ccccc2)c2ccc(-c3ccccc3)cc2)cc1)C(=O)O
CHEMBL554608,PPARgamma,7.160,,3,0,Active,exact,CCCCC/C=C(\C/C=C\CCCCCCCC(=O)O)[N+](=O)[O-]
CHEMBL326668,PPARgamma,6.440,,1,0,Active,exact,Cc1oc(-c2ccccc2)nc1CCOc1ccc(C[C@@H](C(=O)O)N2CCCC2)cc1
CHEMBL200495,PPARgamma,6.820,,2,0,Active,exact,CCCc1c(OCCCOc2ccc3c(ccn3CC(=O)O)c2)ccc2c(C(F)(F)F)noc12
CHEMBL3699359,PPARgamma,8.520,,1,0,Active,exact,Cc1c(C)n(Cc2ccc(-c3ccccc3C(=O)O)cc2)c2ccc(C(=O)N[C@H](C)C3COc4ccccc4O3)cc12
CHEMBL3916538,PPARgamma,6.120,,1,0,Active,exact,O=C(Cc1ccc(C(F)(F)F)cc1)OCc1ccc(SCc2ccccc2C(=O)O)cc1
CHEMBL5077172,PPARgamma,5.920,,1,0,,exact,Cc1cc(/N=N/c2ccccc2)ccc1OCCc1ccc(OC(C)(C)C(=O)O)cc1
CHEMBL1934317,PPARgamma,,5.000,0,1,,censored,Cc1nc(-c2ccc(Cl)cc2)sc1C(=O)NC1CCCN(c2cccc(C(=O)O)c2)C1
CHEMBL383789,PPARgamma,7.210,,1,0,Active,exact,CCC(C(=O)O)C1CCc2cc(OCCc3nc(-c4cccc(F)c4)oc3C)ccc21
CHEMBL5087046,PPARgamma,5.840,,1,0,,exact,CSCc1ccc(CNC(=O)c2ccc3c(ccn3Cc3cccc(F)c3)c2)c(C(F)(F)F)c1
CHEMBL2022128,PPARgamma,6.500,,1,0,Active,exact,CCCCCS(=O)(=O)NC(=O)/C=C/c1ccc(OCCCS(C)(=O)=O)cc1Oc1ncc(C(F)(F)F)cc1Cl
CHEMBL3699436,PPARgamma,,6.000,0,1,,censored,Cc1c(C)n(Cc2ccc(-c3ccccc3C(=O)NCCN(C)C)cc2)c2ccc(C(=O)N[C@@H](C)c3cccc(C(C)C)c3)cc12
CHEMBL394948,PPARgamma,6.550,,1,0,Active,exact,Cc1oc(-c2ccccc2)nc1CCOc1ccc(CN(CC(=O)O)Cc2ccc(OCc3ccccc3)cc2)cc1
CHEMBL145958,PPARgamma,8.490,,1,0,Active,exact,CN(CCOc1ccc(CC(Nc2ccccc2C(=O)c2cccc3ccccc23)C(=O)O)cc1)c1nc2ccccc2o1
CHEMBL3976173,PPARgamma,6.770,,1,0,Active,exact,CCCCCCCc1nc2ccccc2n1Cc1ccc(-c2ccccc2C(=O)O)cc1
CHEMBL3956415,PPARgamma,4.750,,1,0,Inactive,exact,COC(=O)C(c1ccccc1)(c1ccc(SCc2ccccc2C(=O)O)cc1)c1ncco1
CHEMBL118169,PPARgamma,7.200,,1,0,Active,exact,CCCc1cc(OC2CCCC2)ccc1OCCCOc1cccc(C2SC(=O)NC2=O)c1
CHEMBL339359,PPARgamma,4.700,,1,0,Inactive,exact,CN(CCOc1ccc(CC2SC(=O)NC2=O)cc1)c1nc2ccccc2s1
CHEMBL83275,PPARgamma,5.000,,1,0,,exact,CCCCCC(=O)NCCOc1ccc(CC2SC(=O)NC2=O)cc1
CHEMBL230350,PPARgamma,6.220,,1,0,Active,exact,CC1=C(C(=O)O)C(c2ccc(OCCOc3cccc4ccc(C)nc34)cc2)NC(=O)N1
CHEMBL5079792,PPARgamma,6.090,,1,0,Active,exact,CC(C)(Oc1ccc(CCOc2ccc(/N=N/c3ccccc3)cc2Cl)cc1)C(=O)O
CHEMBL5197814,PPARgamma,5.240,,1,0,,exact,CC1(C)C=Cc2cc3c(cc2O1)C[C@H](c1ccc(O)c(O)c1)CC3=O
CHEMBL356707,PPARgamma,7.910,,1,0,Active,exact,Cc1sc(NCCCN(C)C)nc1CCOc1ccc(C[C@H](Nc2ccccc2C(=O)c2ccccc2)C(=O)O)cc1
CHEMBL594034,PPARgamma,8.520,,1,0,Active,exact,Cc1oc(-c2ccccc2)nc1CCCc1ccc(C[C@@H](C(=O)O)n2nccn2)cc1
CHEMBL5611917,PPARgamma,5.000,,1,0,,exact,CCC(Oc1ccc(-c2cccc3ccccc23)cc1)C(=O)O
CHEMBL1081223,PPARgamma,,5.000,0,1,,censored,Cc1cc(OCc2nc(-c3ccc4[nH]c(=O)oc4c3)c(-c3ccc(OC(F)(F)F)cc3)s2)ccc1OCC(=O)O
CHEMBL4246394,PPARgamma,,5.000,0,1,,censored,Cc1cc(SC(Cc2cc(F)c(F)c(F)c2)c2ccc(-c3ccc(C(F)(F)F)cc3)nc2)ccc1OCC(=O)O
CHEMBL182230,PPARgamma,7.385,,2,0,Active,exact,CO[C@@H](Cc1ccc(C#CCCCOc2ccc(Oc3ccccc3)cc2)cc1)C(=O)O
CHEMBL257345,PPARgamma,6.590,,1,0,Active,exact,Cc1oc(-c2ccccc2)nc1CCOc1ccc(CCC2=C(C(=O)O)CCN(C(=O)OCC(C)C)C2)cc1
CHEMBL1760416,PPARgamma,5.000,,1,0,,exact,CCCCN(c1cc(-c2ccc(Cl)cc2)ccc1OC(F)(F)F)S(=O)(=O)c1ccc(OC(C)C(=O)O)c(C)c1C
CHEMBL484330,PPARgamma,7.960,,1,0,Active,exact,CO[C@@H](Cc1ccc(OCCc2nc(-c3ccccc3)oc2C)c2sccc12)C(=O)O
CHEMBL4073314,PPARgamma,6.220,,1,0,Active,exact,Cc1cc(S(=O)(=O)Nc2cc(Cl)c(Oc3cnc4ccccc4c3)c(Cl)c2)ccc1Br
CHEMBL4762983,PPARgamma,7.510,,1,0,Active,exact,Cc1ccc(Oc2cc(OC(C)C)c3nc(COc4cccc(C(=O)O)c4)n(C)c3c2)c(C)n1
CHEMBL5087157,PPARgamma,6.060,,1,0,Active,exact,Cc1cc(Cn2ncn(-c3ccccc3)c2=O)cc(C)c1OC(C)(C)C(=O)O
CHEMBL4449760,PPARgamma,5.220,,1,0,,exact,CC(C)(Oc1ccc(OCCc2ccc(/N=N/c3ccccc3)cc2)cc1)C(=O)O
CHEMBL79557,PPARgamma,,5.000,0,1,,censored,C/C=C/CC(=O)NCCOc1ccc(CC2SC(=O)NC2=O)cc1
CHEMBL5556504,PPARgamma,,5.000,0,1,,censored,Cc1cc(CN2CCN(c3ccc(C(F)(F)F)cc3)CC2)cc(C)c1OC(C)(C)C(=O)O
CHEMBL5421425,PPARgamma,5.210,,1,0,,exact,O[C@@H]1C[C@@H]2C[C@]2(Cn2cnc3c(NCc4cccc(Br)c4)nc(Cl)nc32)[C@@H]1O
CHEMBL192774,PPARgamma,,4.824,0,1,Inactive,censored,O=C(O)C1(Cc2ccccc2)Cc2cc(OCCCOc3ccc(OC(F)(F)F)cc3Cl)ccc2O1
CHEMBL482993,PPARgamma,5.840,,1,0,,exact,CO[C@H](Cc1ccc(OCCc2nc(-c3ccccc3)oc2C)c2ccsc12)C(=O)O
CHEMBL192636,PPARgamma,7.060,,1,0,Active,exact,CCCc1cc2c(oc(=O)n2CCC)c(CCC)c1O[C@H](C(=O)O)c1ccc(C(C)C)cc1
CHEMBL3699372,PPARgamma,7.960,,1,0,Active,exact,Cc1cc(Cl)ccc1[C@H](C)NC(=O)c1ccc2c(c1)c(C)c(C)n2Cc1ccc(-c2ccccc2)cc1
CHEMBL382982,PPARgamma,7.370,,1,0,Active,exact,CCC(C(=O)O)C1CCc2cc(OCCc3nc(-c4ccc(-c5ccccc5)cc4)oc3C)ccc21
CHEMBL53688,PPARgamma,5.700,,1,0,,exact,CCCc1cc(Oc2ccc(NS(C)(=O)=O)cc2)ccc1OCCCOc1ccc(C2SC(=O)NC2=O)cc1
CHEMBL210768,PPARgamma,6.550,,1,0,Active,exact,CCCc1c(OCCCOc2ccc(CC(=O)O)cc2Cl)ccc2c(C(F)(F)F)noc12
CHEMBL477312,PPARgamma,6.950,,3,0,Active,exact,CCCCCCCN(CCc1ccc(OC(C)(C)C(=O)O)cc1)c1nc2ccccc2o1
CHEMBL3947738,PPARgamma,5.420,,1,0,,exact,Cc1cccc(C)c1COC(=O)Cc1cccc(SCc2ccccc2C(=O)O)c1
CHEMBL3397727,PPARgamma,5.670,,1,0,,exact,CCCC/C(=C\c1cc(OCC2CCC(C(F)(F)F)CC2)ccc1OCc1ccc(C(F)(F)F)cc1)C(=O)O
CHEMBL2237304,PPARgamma,7.700,,1,0,Active,exact,Cc1oc(-c2ccccc2)nc1CCOc1ccc(C[C@H](C(=O)O)n2cccc2)cc1
CHEMBL3753871,PPARgamma,4.080,,1,0,Inactive,exact,COc1ccc(COCCN(CCOc2ccccn2)c2ccc(C=C3C(=O)NC(=O)NC3=O)cc2)cc1
CHEMBL5179281,PPARgamma,9.150,,2,0,Active,exact,COc1ccc(-c2nc3cc(NC(=O)c4cc([N+](=O)[O-])ccc4Cl)ccc3o2)cc1F
CHEMBL5430327,PPARgamma,6.200,,1,0,Active,exact,Cc1cc(CCCN2C(=O)CN(c3ccc(C(F)(F)F)cc3)C2=O)cc(C)c1OC(C)(C)C(=O)O
CHEMBL3699429,PPARgamma,8.520,,1,0,Active,exact,Cc1c(C)n(Cc2ccc(-c3ccccc3C(=O)O)cc2)c2ccc(C(=O)N[C@@H](C)c3cc(C(F)(F)F)ccc3Cl)cc12
CHEMBL228442,PPARgamma,6.090,,1,0,Active,exact,COc1cc(C2NC(=O)NC(C)=C2C(=O)O)ccc1OCCn1c2ccccc2c2ccccc21
CHEMBL490832,PPARgamma,6.860,,1,0,Active,exact,CCO[C@@H](Cc1cccc(/C(C)=N/OCc2ccc(F)cc2)c1)C(=O)O
CHEMBL238357,PPARgamma,7.410,,1,0,Active,exact,CCc1cc(Oc2cc(F)cc([C@@H](C)NC(=O)c3c(C)c4cc(Cl)ccc4n3C)c2)ccc1CCC(=O)O
CHEMBL1075772,PPARgamma,,5.000,0,1,,censored,Cc1cc(OCc2nc(-c3ccc(Cl)cc3)cs2)ccc1OCC(=O)O
CHEMBL221525,PPARgamma,7.820,,1,0,Active,exact,Cc1oc(-c2cccc(C(F)(F)F)c2)nc1CCOc1ccc(CC2(C(=O)O)CCCO2)cn1
CHEMBL5433219,PPARgamma,6.010,,1,0,Active,exact,Cc1cc(CN2C(=O)CN(c3ccc(C(C)C)cc3)C2=O)cc(C)c1OC(C)(C)C(=O)O
CHEMBL3335628,PPARgamma,5.160,,1,0,,exact,O=C(O)c1cccc(NC(=O)c2ccccc2NC(=O)c2ccc(C(F)(F)F)c(F)c2)c1
CHEMBL237306,PPARgamma,8.100,,1,0,Active,exact,COc1ccc(C(=O)NCc2cccc(Oc3ccc(OC(C)(C)C(=O)O)c(C)c3)c2)c(C)c1
CHEMBL237084,PPARgamma,6.690,,1,0,Active,exact,Cc1cc(Oc2cccc(CNC(=O)c3ccc(C(F)(F)F)cc3C(F)(F)F)c2)ccc1OC(C)(C)C(=O)O
CHEMBL255389,PPARgamma,7.400,,1,0,Active,exact,Cc1oc(-c2ccccc2)nc1CCOc1cccc(C[C@@H]2C(=O)N(c3ccc(C(C)(C)C)cc3)[C@@H]2C(=O)O)c1
CHEMBL519854,PPARgamma,7.220,,1,0,Active,exact,CCCCCCC[C@H]1C(=O)C=C(I)[C@H]1OCCCCCC(=O)O
CHEMBL2022747,PPARgamma,8.470,,1,0,Active,exact,CCCCCS(=O)(=O)NC(=O)CCc1ccc(OCCN2CCCC2=O)cc1Oc1ncc(C(F)(F)F)cc1Cl
CHEMBL3945367,PPARgamma,5.600,,1,0,,exact,COc1ccc(CC(=O)OCc2ccc(CC(SCCc3ccc(F)cc3)C(=O)O)cc2)cc1
CHEMBL180912,PPARgamma,5.390,,1,0,,exact,O=C(O)C1CCc2ccc(OCCCOc3ccc(OCC(F)(F)F)cc3Cl)cc2O1
CHEMBL65458,PPARgamma,5.550,,2,0,,exact,Cc1oc(-c2ccc(Br)cc2)nc1CCOc1ccc(OC(C)(C)C(=O)O)cc1
CHEMBL118972,PPARgamma,5.660,,1,0,,exact,Cc1ccc(NC(=O)c2ccc(Cl)cc2Cl)c(C(=O)O)c1
CHEMBL2259816,PPARgamma,7.570,,1,0,Active,exact,CCCc1cc(Oc2ccc(Cl)c(C)c2)ccc1OCCCOc1ccc(C2SC(=O)NC2=O)cc1
CHEMBL2159607,PPARgamma,,4.301,0,1,Inactive,censored,OC[C@H]1O[C@@H](O[C@@H]2C[C@H](CCc3ccc(O)c(O)c3)O[C@H](c3ccc(O)c(O)c3)C2)[C@H](O)[C@@H](O)[C@@H]1O
CHEMBL3695852,PPARgamma,7.620,,3,0,Active,exact,Cc1c(C)n(Cc2ccc(-c3ccccc3C(=O)O)cc2)c2ccc(C(=O)NCc3ccccc3[N+](=O)[O-])cc12
CHEMBL5427888,PPARgamma,5.080,,1,0,,exact,O[C@H]1[C@H](Cn2cnc3c(NCc4cccc(Br)c4)nc(Cl)nc32)CC[C@H]1O
CHEMBL205725,PPARgamma,5.960,,1,0,,exact,CCCc1cc(Oc2ccc(F)cc2)ccc1OCCCOc1ccc(OC(C)(C)C(=O)O)cc1
CHEMBL2282518,PPARgamma,8.890,,2,0,Active,exact,Cc1sc(N2CCN(C)CC2)nc1CCOc1ccc(C[C@@](O)(C(=O)O)c2ccccc2C(=O)c2ccccc2)cc1
CHEMBL484606,PPARgamma,8.700,,1,0,Active,exact,CCCO[C@@H](Cc1ccc(OCCc2nc(-c3ccccc3)oc2C)c2ccsc12)C(=O)O
CHEMBL4446031,PPARgamma,5.550,,1,0,,exact,CCCCCCC(Sc1nc2ccc(NCc3ccc(Cl)c(Cl)c3)cc2s1)C(=O)O
CHEMBL3695774,PPARgamma,8.700,,1,0,Active,exact,COC(=O)c1ccc(CNC(=O)c2ccc3c(c2)c(C)c(C)n3Cc2ccc(-c3ccccc3C(=O)O)cc2)cc1
CHEMBL2375949,PPARgamma,5.780,,1,0,,exact,O=C(O)[C@H](COc1ccccc1)Oc1ccc(Cl)cc1
CHEMBL248530,PPARgamma,5.640,,1,0,,exact,CCCCCCCN(CC(=O)O)Cc1ccc(OCCc2nc(-c3ccccc3)oc2C)cc1
CHEMBL374296,PPARgamma,6.620,,1,0,Active,exact,CCCC(Cc1ccc(OCCc2nc(-c3ccccc3)oc2C)nc1)C(=O)O
CHEMBL236218,PPARgamma,7.430,,1,0,Active,exact,Cc1cc(Oc2cccc(CNC(=O)c3cc4cccc(Br)c4[nH]3)c2)ccc1CCC(=O)O
CHEMBL3678149,PPARgamma,7.230,,1,0,Active,exact,Cc1c(C)n(Cc2cccc(O[C@@H](C)C(=O)O)c2)c2ccc(C(=O)N[C@@H](C)c3cccc(OC(C)C)c3)cc12
CHEMBL1079925,PPARgamma,,5.000,0,1,,censored,CCOc1ccc(-c2nc(COc3ccc(OCC(=O)O)c(C)c3)sc2-c2ccc(OC(F)(F)F)cc2)cc1
CHEMBL215126,PPARgamma,5.950,,1,0,,exact,CCc1ccc(O[C@@H](C)CCOc2ccc(CCC(=O)O)c(C)c2)c(C(=O)c2ccccc2)c1
CHEMBL230287,PPARgamma,,6.000,0,1,,censored,CCO[C@H](COc1ccc(C(F)(F)F)cc1)C[S+]([O-])c1ccc(OCC(=O)O)c(C)c1
CHEMBL3317860,PPARgamma,9.360,,2,0,Active,exact,CCCOc1ccc(C[C@@H](Cc2ccccc2)C(=O)O)cc1CNC(=O)c1ccc(N2CCCCCCC2)cc1
CHEMBL3925405,PPARgamma,5.050,,1,0,,exact,O=C(Cc1cccc(SCc2ccccc2C(=O)O)c1)OCCc1ccccc1C(F)(F)F
CHEMBL4210212,PPARgamma,,5.000,0,1,,censored,C[C@@H](CCCOc1ccccc1CN(C)C(=O)c1ccc(-c2ccco2)cc1)CC(=O)O
CHEMBL325844,PPARgamma,6.280,,1,0,Active,exact,COC(=O)C(Cc1ccc(OCCOc2ccc3ccccc3c2)cc1)C(=O)OC
CHEMBL2338475,PPARgamma,7.370,,2,0,Active,exact,CC(=O)c1cc(NS(=O)(=O)c2ccc(Cl)cc2Cl)ccc1Oc1cnc2ccccc2c1
CHEMBL4516607,PPARgamma,5.210,,1,0,,exact,CCC/C(=C\c1cc(OCc2ccc3[nH]c(=O)ccc3c2)ccc1OCc1ccc(F)cc1)C(=O)O
CHEMBL1214825,PPARgamma,6.240,,1,0,Active,exact,CCCc1nc2cc(C(=O)c3ccccc3)ccc2n1Cc1ccc(-c2ccccc2C(=O)O)cc1
CHEMBL199449,PPARgamma,7.350,,1,0,Active,exact,CCC(C(=O)O)C1CCc2cc(OCCc3nc(COc4ccccc4)oc3C)ccc21
CHEMBL5187974,PPARgamma,6.050,,1,0,Active,exact,CCCCCCCCCCCCCCCc1cccc(OC(C)(C)C(=O)O)c1
CHEMBL5173134,PPARgamma,5.120,,1,0,,exact,COc1ccc(C(=O)c2ccc(CSCC(NC(=O)OC(C)(C)C)C(=O)O)cc2)cc1
CHEMBL3699367,PPARgamma,7.960,,1,0,Active,exact,Cc1c(C)n(Cc2ccc(-c3ccccc3C(=O)O)cc2)c2ccc(C(=O)N[C@@H](C)c3cc(C(F)(F)F)ccc3F)cc12
CHEMBL4757935,PPARgamma,6.260,,1,0,Active,exact,Cc1ccc(Oc2ccc3nc(COc4cccc(C(=O)O)c4)n(C)c3c2)cn1
CHEMBL2011545,PPARgamma,4.280,,1,0,Inactive,exact,CC=C/C=C\CC/C=C/C=C/C(=O)NCC(C)C
CHEMBL119496,PPARgamma,7.190,,1,0,Active,exact,CCCc1cc(C(=O)C2CCCCC2)ccc1OCCCOc1cccc(C2SC(=O)NC2=O)c1
CHEMBL230524,PPARgamma,6.840,,1,0,Active,exact,Cc1oc(-c2ccccc2)nc1CCOc1ccc(C[C@@H](CNC(=O)C(C)CC(C)C(=O)O)Nc2ccccc2C(=O)c2ccccc2)cc1
CHEMBL229836,PPARgamma,5.850,,1,0,,exact,CCCCOc1ccc(CC(CC)C(=O)O)cc1CNC(=O)c1ccc(C(F)(F)F)cc1F
CHEMBL4064900,PPARgamma,6.540,,1,0,Active,exact,CC(Oc1ccc(Cc2ccc(OCc3coc(-c4ccccc4)n3)cc2)cc1)C(=O)O
CHEMBL361166,PPARgamma,5.540,,1,0,,exact,CC[C@]1(C(=O)O)CCc2ccc(OCCCOc3ccc(C(C)C)cc3Cl)cc2O1
CHEMBL391085,PPARgamma,5.060,,1,0,,exact,Cc1cc(OCc2cc(-c3ccc(Cl)cc3)on2)cc2scc(CC(=O)O)c12
CHEMBL423026,PPARgamma,8.830,,1,0,Active,exact,CN(CCOc1ccc(C[C@H](Nc2ccccc2C(=O)c2ccccc2)C(=O)O)cc1)c1nc2ccccc2o1
CHEMBL198365,PPARgamma,7.240,,1,0,Active,exact,CC(C)(C)c1ccc(-n2c(C(=O)O)c(Oc3cccc(-c4cc(C(F)(F)F)c[nH]4)c3)c3ccc(Cl)nc32)cc1
CHEMBL3699365,PPARgamma,7.820,,1,0,Active,exact,Cc1c(C)n(Cc2ccc(-c3ccccc3C(=O)O)cc2)c2ccc(C(=O)N[C@@H](C)c3cc(Cl)cc(Cl)c3)cc12
CHEMBL522238,PPARgamma,5.660,,1,1,,exact,Cc1c(OCC(=O)O)ccc(Sc2ccc(COc3ccc(C(F)(F)F)cc3)cc2OCC#N)c1C
CHEMBL5290988,PPARgamma,,4.301,0,1,Inactive,censored,COc1ccc(F)c(N2CCC(Oc3ccc(N4CCC[C@H]4CC(=O)O)cc3)CC2)c1
CHEMBL4469210,PPARgamma,5.410,,1,0,,exact,CCCn1c(C(=O)O)cc2c(OC)ccc(OCc3ccc4nc(C(F)(F)F)cc(OC)c4c3)c21
CHEMBL117796,PPARgamma,5.500,,1,0,,exact,COC(=O)C(Cc1ccc(OCCOc2ccc3c(c2)NCCC3)cc1)C(=O)OC
CHEMBL125177,PPARgamma,5.550,,1,0,,exact,C/C(=N\OCCOc1ccc(CC2SC(=O)NC2=O)cc1)c1ccccn1
CHEMBL590983,PPARgamma,7.440,,1,0,Active,exact,CCCc1c(SC)c2cc(NC(=O)C(CC)c3ccccc3)ccc2n1Cc1ccc(-c2ccccc2C(=O)O)cc1
CHEMBL5440979,PPARgamma,5.920,,1,0,,exact,Cc1cc(CN2C(=O)CN(c3ccc(Br)cc3)C2=O)cc(C)c1OC(C)(C)C(=O)O
CHEMBL2035060,PPARgamma,,5.000,0,1,,censored,Cc1cc(SC(Cc2ccc(F)cc2F)c2sc(-c3ccc(C(F)(F)F)cc3)nc2C)ccc1OCC(=O)O
CHEMBL117165,PPARgamma,5.970,,1,0,,exact,CCCc1cc(C2CCCC2)ccc1OCCCOc1cccc(C2OC(=O)NC2=O)c1
CHEMBL125659,PPARgamma,6.480,,1,0,Active,exact,C/C(=N\OCCOc1ccc(CC2SC(=O)NC2=O)cc1)c1cccc(-c2ccccc2)c1
CHEMBL3736075,PPARgamma,7.770,,1,0,Active,exact,Cc1c(C)n(Cc2ccc(-c3ccccc3C(=O)O)cc2)c2ccc(C(=O)N[C@@H](C)c3cccc(C(C)(C)O)c3)cc12
CHEMBL516827,PPARgamma,,4.301,0,1,Inactive,censored,OC[C@H]1O[C@@H](O[C@H](CCc2ccc(O)cc2)C[C@H](O)CCc2ccc(O)cc2)[C@H](O)[C@@H](O)[C@@H]1O
CHEMBL489766,PPARgamma,5.480,,1,0,,exact,CCO[C@@H](Cc1cccc(-c2cc(-c3ccccc3)on2)c1)C(=O)O
CHEMBL4562979,PPARgamma,8.565,,2,0,Active,exact,CCCc1nc2ccccc2n1Cc1ccc2c(c1)COc1cc(F)ccc1/C2=C(\C)c1noc(=O)[nH]1
CHEMBL198091,PPARgamma,7.750,,1,0,Active,exact,CC(C)COc1ccc2c(c1)c(Oc1cccc(C(F)(F)F)c1)c(C(=O)O)n2-c1ccc(C(C)(C)C)cc1
CHEMBL381865,PPARgamma,7.570,,1,0,Active,exact,CC(C)(C)c1ccc(-n2c(C(=O)O)c(Oc3cccc(C(F)(F)F)c3)c3ccc(Cl)cc32)cc1
CHEMBL3634637,PPARgamma,4.270,,1,0,Inactive,exact,CC(C)=CCC[C@@](C)(O)[C@H]1CC[C@]2(C)[C@@H]1[C@H](O)C[C@@H]1[C@@]3(C)CC[C@H](O)C(C)(C)[C@@H]3[C@@H](O)C[C@]12C
CHEMBL4463957,PPARgamma,5.940,,1,0,,exact,CCCCc1nc(C(C)C)c(Cc2nc(Cc3ccccc3)no2)c(=O)n1Cc1ccc(-c2ccccc2-c2noc(=O)[nH]2)cc1
CHEMBL514173,PPARgamma,5.610,,2,0,,exact,Cc1oc(-c2ccccc2)nc1CCOc1cccc(Cc2c(C(=O)O)nnn2-c2ccccc2)c1
CHEMBL2022745,PPARgamma,8.820,,1,0,Active,exact,CCCCCS(=O)(=O)NC(=O)CCc1ccc(OCCOC)cc1Oc1ncc(C(F)(F)F)cc1Cl
CHEMBL375353,PPARgamma,5.060,,1,0,,exact,O=C(NC(Cc1c[nH]c2cc(OCc3ccccc3)ccc12)(C(=O)O)C(=O)O)c1ccc(Cl)cc1
CHEMBL4852230,PPARgamma,,5.000,0,1,,censored,Cc1ccc(/C=C2\Oc3cc(OCc4cc(C)c(OC(C)(C)C(=O)O)c(C)c4)ccc3C2=O)cc1
CHEMBL245656,PPARgamma,6.960,,1,0,Active,exact,Cc1oc(-c2ccccc2)nc1CCOc1cccc(CN(CC(=O)O)Cc2cccc(Oc3ccccc3)c2)c1
CHEMBL4242161,PPARgamma,,5.000,0,1,,censored,Cc1cc(SC(Cc2c(F)cccc2Cl)c2ccc(-c3cc(F)c(F)c(F)c3)cc2)ccc1OCC(=O)O
CHEMBL5267528,PPARgamma,5.620,,2,0,,exact,C[C@@H]1OC(=O)/C(=C\CCCCCCCC/C=C2/C(=O)O[C@@H](C)[C@H]2O)[C@@H]1O
CHEMBL223434,PPARgamma,7.365,,2,0,Active,exact,C#CCOC(=O)N1CCc2c(OCCc3nc(-c4ccccc4)oc3C)ccc(CCC(=O)O)c2C1
CHEMBL4279177,PPARgamma,6.600,,1,0,Active,exact,CCc1nc2c(C)cc(C)nc2n1Cc1ccc2c(c1)CCc1ccccc1/C2=C(\C)c1nn[nH]n1
CHEMBL609901,PPARgamma,,5.000,0,1,,censored,Cc1cc(C(=O)NCCS(=O)(=O)c2ccc(C(F)(F)F)cn2)ccc1Cl
CHEMBL1946570,PPARgamma,7.170,,1,0,Active,exact,C[C@@H](Oc1cc(Cn2c(=O)n(-c3noc4cc(Cl)ccc34)c3ccc(C(F)(F)F)cc32)ccc1Cl)C(=O)O
CHEMBL1947141,PPARgamma,5.160,,1,0,,exact,COc1ccc2c(-n3c(=O)n(-c4cccc([C@@]5(C)OC(=O)NC5=O)c4)c4cc(C(F)(F)F)ccc43)noc2c1
CHEMBL457,PPARgamma,4.170,,1,0,Inactive,exact,Cc1ccc(C)c(OCCCC(C)(C)C(=O)O)c1
CHEMBL1801741,PPARgamma,7.050,,1,0,Active,exact,Cc1cc(CC(C)C)nc2c1nc(C(C)C)n2[C@H]1CCc2cc(-c3ccccc3-c3nnn[nH]3)ccc21
CHEMBL507477,PPARgamma,8.000,,1,0,Active,exact,COc1ccc(C(=O)c2c(C)n(Cc3ccc(F)c(O[C@@H](C)C(=O)O)c3)c3ncccc23)cc1
CHEMBL371195,PPARgamma,5.500,,1,0,,exact,CCCc1cc(C(=O)C(C)C)cc(CCC)c1OC(C(=O)O)c1ccccc1
CHEMBL6176769,PPARgamma,5.890,,1,0,,exact,Cc1cc(CN2CCN(c3ccc(C(F)(F)F)cc3)C2=O)cc(C)c1OC(C)(C)C(=O)O
CHEMBL3699353,PPARgamma,9.000,,1,0,Active,exact,Cc1c(C)n(Cc2ccc(-c3ccccc3C(=O)O)cc2)c2ccc(C(=O)N[C@H](C)c3ccccc3C(F)(F)F)cc12
CHEMBL3355871,PPARgamma,6.600,,1,0,Active,exact,CC(=O)/C=C(\C)NC(Cc1ccc(OCCOc2ccc(/C=C/c3ccccc3)cc2)cc1)C(=O)O
CHEMBL4522217,PPARgamma,5.090,,3,0,,exact,O=C(O)c1ccc(NCc2c(-c3c(Cl)cccc3C(F)(F)F)noc2-c2cc[nH]c2)cc1
CHEMBL3765347,PPARgamma,4.800,,1,0,Inactive,exact,CCOC(=O)C(CC)Cc1ccc(C(=O)NCc2ccccc2)cc1
CHEMBL230372,PPARgamma,,6.000,0,1,,censored,COC(COc1ccc(C(F)(F)F)cc1)CSc1ccc(OCC(=O)O)c(C)c1
CHEMBL4292598,PPARgamma,5.760,,1,0,,exact,Cc1cccc(OCCCOc2ccc3c(c2)OCC3CC(=O)O)c1
CHEMBL2331776,PPARgamma,6.800,,1,0,Active,exact,CCNC(=O)c1cc(NS(=O)(=O)c2ccc(Cl)cc2)ccc1Oc1cncc(Cl)c1
CHEMBL1760409,PPARgamma,4.900,,1,0,Inactive,exact,COCCN(c1cccc(-c2ccc(Cl)cc2)c1C)S(=O)(=O)c1ccc(OC(C)C(=O)O)c(C)c1C
CHEMBL4854804,PPARgamma,4.560,,1,0,Inactive,exact,Cc1cc(Cl)ccc1-c1cc2cc(CCC(=O)O)ccc2[nH]1
CHEMBL255930,PPARgamma,7.520,,4,0,Active,exact,Cc1oc(-c2ccccc2)nc1CCOc1ccc(C[C@@H]2CN(c3nccc(C(F)(F)F)n3)C[C@@H]2C(=O)O)cc1
CHEMBL4540607,PPARgamma,7.680,,2,0,Active,exact,C/C(=C1/c2ccc(Cc3c(C4CC4)nc4c5c(ccn34)OCC5)cc2COc2cc(F)ccc21)c1noc(=O)[nH]1
CHEMBL370024,PPARgamma,5.490,,1,0,,exact,CCC1(C(=O)O)Cc2ccc(OCCCOc3ccc(OC(F)(F)F)cc3Cl)cc2O1
CHEMBL5406915,PPARgamma,5.550,,1,0,,exact,CC(C)(Oc1c(Br)cc(CN2C(=O)CN(c3ccc(C(F)(F)F)cc3)C2=O)cc1Br)C(=O)O
CHEMBL606422,PPARgamma,7.920,,1,0,Active,exact,CCC(NC(=O)c1ccc2c(c1)c(SC)c(C)n2Cc1ccc(-c2ccccc2C(=O)O)cc1)c1ccccc1
CHEMBL3828718,PPARgamma,5.350,,1,2,,exact,COC(=O)N(CC(=O)O)Cc1cc(OCc2nc(-c3ccc(Cl)cc3)oc2C)ccc1F
CHEMBL3765690,PPARgamma,5.160,,1,0,,exact,CCC(Cc1ccc(C(=O)NCc2ccc(OC)cc2)cc1)C(=O)O
CHEMBL4161332,PPARgamma,6.570,,1,0,Active,exact,Cn1c(COc2cccc(C(=O)O)c2)nc2ccc(Oc3ccc(Cl)c(F)c3)nc21
CHEMBL4876536,PPARgamma,5.760,,1,0,,exact,Cc1cc(/C=C2\Oc3cc(OCC(C)C)ccc3C2=O)cc(C)c1OCC(=O)O
CHEMBL199339,PPARgamma,,5.000,0,1,,censored,CCC(C(=O)O)C1CCc2cc(OCCc3nc(-c4ccccc4)oc3C)c(C(C)=O)cc21
CHEMBL3678096,PPARgamma,5.170,,1,0,,exact,O=C(N[C@@H]1C[C@H]1c1ccccc1)c1ccc2c(ccn2Cc2ccc(F)cc2F)c1
CHEMBL382957,PPARgamma,7.660,,1,0,Active,exact,CCC(C(=O)O)C1CCc2cc(OCCc3nc(-c4ccc(C(C)C)cc4)oc3C)ccc21
CHEMBL4080597,PPARgamma,6.390,,1,0,Active,exact,CCCCNC(=O)NS(=O)(=O)c1ccc(NC(=O)Cn2c(CC)nc3ccccc3c2=O)cc1
CHEMBL430970,PPARgamma,7.295,,2,0,Active,exact,CCCc1cc(Oc2ccc(-c3ccccc3)cc2)ccc1OCCCOc1ccc(C2SC(=O)NC2=O)cc1
CHEMBL4876787,PPARgamma,5.680,,1,0,,exact,O=C(CCCC(=O)N/N=C/c1cccc2ccccc12)N/N=C/c1ccc2ccccc2c1
CHEMBL211473,PPARgamma,,5.000,0,1,,censored,O=C(O)Cc1ccc(-c2noc(-c3ccccc3)c2C(=O)NCCOc2ccc(Cl)cc2Cl)c(Cl)c1
CHEMBL3764607,PPARgamma,5.190,,1,0,,exact,CCC(Cc1cccc(C(=O)NCc2ccccc2C(F)(F)F)c1)C(=O)O
CHEMBL4164828,PPARgamma,6.140,,1,0,Active,exact,Cc1ccc(C)c(Oc2ccc3nc(COc4cccc(C(=O)O)c4)n(C)c3c2)n1
CHEMBL5271300,PPARgamma,5.960,,1,0,,exact,CC(C)C[C@H]1CN(c2nc3ccc(Cl)cc3s2)CCC1CCOc1cc(CC(=O)O)ccc1Cl
CHEMBL4172253,PPARgamma,4.250,,1,0,Inactive,exact,Cc1ncccc1-c1cc2cc(CCC(=O)O)ccc2[nH]1
CHEMBL77502,PPARgamma,8.400,,4,0,Active,exact,Cc1oc(-c2cccs2)nc1CCOc1ccc(C[C@](C)(Oc2ccccc2)C(=O)O)cc1
CHEMBL2322437,PPARgamma,6.540,,1,0,Active,exact,CCc1nc2ccn(Cc3ccccc3)c(=O)c2n1[C@H]1CCc2cc(-c3ccccc3-c3nnn[nH]3)ccc21
CHEMBL437479,PPARgamma,6.190,,1,0,Active,exact,CCCc1c(OCCCn2ccc3cc(OC(C)(C)C(=O)O)ccc32)ccc2cc(C(=O)c3ccccc3)ccc12
CHEMBL364774,PPARgamma,,4.824,0,1,Inactive,censored,CCCc1cc2c(C(F)(F)F)noc2c(CCC)c1OC(C)(CC)C(=O)O
CHEMBL190517,PPARgamma,7.070,,1,0,Active,exact,CCCc1cc2c(oc(=O)n2C)c(CCC)c1O[C@H](C(=O)O)c1ccc(C(C)C)cc1
CHEMBL218840,PPARgamma,6.550,,1,0,Active,exact,O=C(NS(=O)(=O)c1cccc(C(F)(F)F)c1)c1cc2ccccc2n1Cc1ccccc1
CHEMBL5076679,PPARgamma,6.200,,1,0,Active,exact,Cc1cc2cc(C(=O)NCc3ccc(CS(=O)(=O)C4CC4)cc3C(F)(F)F)ccc2n1S(=O)(=O)C(C)C
CHEMBL1081771,PPARgamma,,5.000,0,1,,censored,COc1ccc(-c2nc(COc3ccc(OCC(=O)O)c(C)c3)oc2-c2cccc(C(F)(F)F)c2)cc1
CHEMBL1088911,PPARgamma,6.790,,1,0,Active,exact,Cc1ccc(OC(=O)N(CC(=O)O)Cc2cccc(OCCc3nc(-c4ccc(Cl)cc4)oc3C)c2)cc1
CHEMBL106256,PPARgamma,5.715,,2,0,,exact,CCCc1c(O)c(C(=O)CC)cc(Cl)c1OC(C(=O)O)c1ccccc1
CHEMBL3357979,PPARgamma,5.300,,1,0,,exact,CCCCCCCc1oc2cc(O)ccc2c(=O)c1-c1ccc(O)cc1
CHEMBL241478,PPARgamma,7.700,,1,0,Active,exact,Cc1cc(OCC[C@@H](C)Oc2ccc(C(F)(F)F)cc2-c2ccccn2)ccc1CCC(=O)O
CHEMBL408,PPARgamma,6.140,,25,0,Active,exact,Cc1c(C)c2c(c(C)c1O)CCC(C)(COc1ccc(CC3SC(=O)NC3=O)cc1)O2
CHEMBL3699358,PPARgamma,8.400,,1,0,Active,exact,Cc1c(C)n(Cc2ccc(-c3ccccc3C(=O)O)cc2)c2ccc(C(=O)N[C@@H](C)C3CCCCC3)cc12
CHEMBL234800,PPARgamma,,5.000,0,1,,censored,O=C(O)Cc1coc2cc(OCc3ccc(COc4ccc(C(F)(F)F)cc4)cc3)ccc12
CHEMBL3765141,PPARgamma,5.320,,1,0,,exact,CCC(Cc1ccc(C(=O)NCc2ccccc2C(F)(F)F)cc1)C(=O)O
CHEMBL233978,PPARgamma,,5.000,0,1,,censored,O=C(O)Cc1csc2cc(OCc3cc(-c4ccc(Cl)cc4)on3)ccc12
CHEMBL1080533,PPARgamma,,5.000,0,1,,censored,Cc1cc(OCc2nc(-c3ccccc3)c(-c3ccc(Cl)cc3)s2)ccc1OCC(=O)O
CHEMBL3695802,PPARgamma,,6.000,0,1,,censored,C[C@H](NC(=O)c1ccc2c(ccn2Cc2ccc(-c3ccc(C(=O)O)cc3)cc2)c1)c1ccc([N+](=O)[O-])cc1
CHEMBL392718,PPARgamma,6.590,,1,0,Active,exact,Cc1cc(Oc2cccc(CNC(=O)c3cc4c(Cl)cccc4[nH]3)c2)ccc1CCC(=O)O
CHEMBL2338484,PPARgamma,6.740,,2,0,Active,exact,N#Cc1cc(NS(=O)(=O)c2ccc(Cl)cc2Cl)ccc1Oc1cncc(Cl)c1
CHEMBL221474,PPARgamma,7.280,,1,0,Active,exact,Cc1oc(-c2ccc(Cl)cc2)nc1CCOc1ccc(CC2(C(=O)O)CCCO2)cn1
CHEMBL525552,PPARgamma,5.000,,1,0,,exact,COc1ccc2c(ccn2S(=O)(=O)c2cccc(C(=O)Nc3ccc(C)cc3C(=O)O)c2)c1
CHEMBL118852,PPARgamma,5.920,,1,0,,exact,CCOc1cccc(-c2ccc(NC(=O)c3ccc(Cl)cc3Cl)c(C(=O)[O-])c2)c1.[Li+]
CHEMBL1927473,PPARgamma,,6.000,0,1,,censored,Cc1cc(SCc2sc(-c3ccc(C(F)(F)F)cc3)nc2C)ccc1OC(F)C(=O)O
CHEMBL5593660,PPARgamma,4.820,,1,0,Inactive,exact,C/C=C(\C)C(=O)OC[C@@]12[C@@H](OC(C)=O)C[C@@H](C)[C@](C)(C[C@H](O)C3=CC(=O)OC3)[C@H]1CCC[C@]21CO1
CHEMBL201632,PPARgamma,,5.000,0,1,,censored,CCC(C(=O)O)C1CCc2cc(OCCNC(=O)c3ccccc3)ccc21
CHEMBL330938,PPARgamma,6.770,,1,0,Active,exact,O=C(Nc1ccc(Oc2ncccc2[N+](=O)[O-])cc1C(=O)[O-])c1ccc(Cl)cc1Cl.[Li+]
CHEMBL4237252,PPARgamma,5.485,,4,0,,exact,O=C(O)[C@H](Cc1ccc(-c2ccccc2)cc1)Oc1ccc(-c2ccccc2)cc1
CHEMBL3753473,PPARgamma,5.190,,1,0,,exact,N#Cc1ccc(OCCN(CCOc2ccc(C#N)cc2)c2ccc(C=C3C(=O)NC(=O)NC3=O)cc2)cc1
CHEMBL380961,PPARgamma,6.610,,1,0,Active,exact,CCC(C(=O)O)C1CCc2cc(OCCc3nc(-c4cc(C(F)(F)F)cc(C(F)(F)F)c4)oc3C)ccc21
CHEMBL3699435,PPARgamma,,6.000,0,1,,censored,Cc1c(C)n(Cc2ccc(-c3ccccc3C(=O)NC[C@@H](O)C(=O)N(C)C)cc2)c2ccc(C(=O)N[C@@H](C)c3cccc(C(C)C)c3)cc12
CHEMBL3397715,PPARgamma,5.290,,1,0,,exact,CCCC/C(=C\c1cc(OCc2ccc(F)cc2)ccc1OCc1ccc(C(F)(F)F)cc1)C(=O)O
CHEMBL200732,PPARgamma,6.835,,2,0,Active,exact,CNC(=O)[C@H]1S[C@@H](n2cnc3c(NCc4cccc(I)c4)nc(Cl)nc32)[C@H](O)[C@@H]1O
CHEMBL3818976,PPARgamma,5.220,,1,0,,exact,CCCCCCC(Sc1nc(Cl)cc(NCCCC(=O)NCc2ccccc2C(F)(F)F)n1)C(=O)O
CHEMBL5180073,PPARgamma,6.270,,2,0,Active,exact,Cc1ccc(CC(=O)O)cc1OCCC1CCN(c2nc3ccc(Cl)cc3s2)CC1
CHEMBL3678081,PPARgamma,,6.000,0,1,,censored,O=C(NCc1cccc(OC(F)(F)F)c1)c1ccc2c(ccn2Cc2ccc(F)cc2F)c1
CHEMBL293526,PPARgamma,7.080,,1,0,Active,exact,Cc1oc(-c2ccccc2)nc1CCOc1ccc(CC2C(=O)NOC2=O)cc1
CHEMBL179542,PPARgamma,8.520,,1,0,Active,exact,CCC(Oc1ccccc1Cc1c(C)n(C(=O)c2ccc(OC)cc2)c2ccc(OC(F)(F)F)cc12)C(=O)O
CHEMBL3695855,PPARgamma,8.220,,1,0,Active,exact,CCC(NC(=O)c1ccc2c(ccn2Cc2ccc(-c3ccccc3C(=O)O)cc2)c1)c1ccccc1
CHEMBL411118,PPARgamma,7.400,,1,0,Active,exact,COc1ccc(N2C(=O)[C@@H](Cc3ccc(OCCc4nc(-c5ccccc5)oc4C)cc3)[C@H]2C(=O)O)cc1
CHEMBL3892207,PPARgamma,7.050,,1,0,Active,exact,CCc1cc(OCCc2nc(-c3ccc(C(C)(C)C)cc3)oc2C)ccc1CCC(=O)O
CHEMBL1947143,PPARgamma,8.160,,1,0,Active,exact,COc1ccc2c(-n3c(=O)n(Cc4ccc(Cl)c(O[C@H](C)C(=O)O)c4)c4ccccc43)noc2c1
CHEMBL486892,PPARgamma,6.060,,2,0,Active,exact,CCC#CCOc1cc(COc2ccccc2C(F)(F)F)ccc1Sc1ccc(OCC(=O)O)c2c1CCCC2
CHEMBL5200123,PPARgamma,5.330,,1,0,,exact,C=C(C)C1Cc2cc3c(cc2C1)C(=O)C[C@@H](c1ccc(O)c(O)c1)C3
CHEMBL1089969,PPARgamma,5.700,,1,0,,exact,Cc1ccc(OC(=O)N(CC(=O)O)Cc2cccc(OCc3nc(-c4ccc(-c5ccccc5)cc4)oc3C)c2)cc1
CHEMBL4078107,PPARgamma,6.540,,1,0,Active,exact,CCCc1nc2cc(-c3cccc(OC)c3)ccc2n1Cc1ccc(-c2ccccc2C(=O)O)cc1
CHEMBL4169279,PPARgamma,7.640,,1,0,Active,exact,Cl.Cn1c(COc2cccc(C(=O)O)c2)nc2ccc(Oc3cccc(C(F)(F)F)c3)cc21
CHEMBL561109,PPARgamma,,5.000,0,1,,censored,CO/N=C(\c1ccccc1)c1ccc2c(c1)C(C)(C)CCN2CCOc1ccc(C[C@H](OC(C)=O)C(=O)O)cc1
CHEMBL1231733,PPARgamma,6.750,,1,0,Active,exact,COc1cc(O)c2c(c1C(=O)NCc1cccc3ccccc13)OC1=CC(O)=C(C(C)=O)C(=O)[C@]12C
CHEMBL3980723,PPARgamma,4.750,,1,0,Inactive,exact,CCO[C@@H](Cc1ccc(OC(=O)Cc2ccc(NC(=O)OC(C)(C)C)cc2)cc1)C(=O)O
CHEMBL15770,PPARgamma,4.640,,1,1,Inactive,exact,CC1=C(CC(=O)O)c2cc(F)ccc2/C1=C\c1ccc([S+](C)[O-])cc1
CHEMBL4095771,PPARgamma,4.700,,1,0,Inactive,exact,CC(C)N(CCOc1ccc(CC2SC(=O)NC2=O)cc1)c1nc2ccccc2s1
CHEMBL4555353,PPARgamma,4.830,,1,0,Inactive,exact,COc1ccc2c(=O)cc(CCc3ccccc3)oc2c1
CHEMBL2338480,PPARgamma,7.385,,2,0,Active,exact,Cc1cncc(Oc2c(Cl)cc(NS(=O)(=O)c3ccc(Cl)cc3Cl)cc2Cl)c1
CHEMBL1934484,PPARgamma,5.510,,1,1,,exact,Cc1ccc(-c2nc(C)c(C(=O)N[C@H]3CCCN(c4cccc(C(=O)O)c4)C3)s2)cc1
CHEMBL5406898,PPARgamma,5.800,,1,0,,exact,O[C@@H]1C[C@@H]2C[C@]2(Cn2cnc3c(NCc4cccc(I)c4)nc(I)nc32)[C@@H]1O
CHEMBL200840,PPARgamma,7.350,,1,0,Active,exact,COC(C(=O)O)C1CCc2cc(OCCc3nc(-c4ccccc4)oc3C)ccc21
CHEMBL478563,PPARgamma,,4.000,0,1,Inactive,censored,CC(=O)N(Cc1ccc(C[C@@H](C(=O)O)n2cccc2)cc1)Cc1nc(-c2ccccc2)oc1C
CHEMBL470586,PPARgamma,,6.000,0,1,,censored,C=C(COc1ccc(Cl)cc1Cl)CSc1ccc(OCC(=O)O)c(C)c1
CHEMBL207442,PPARgamma,5.520,,1,0,,exact,CCCc1c(OCCCN(C)c2cccc(CC(=O)O)c2)ccc2c(C(F)(F)F)noc12
CHEMBL112725,PPARgamma,6.640,,4,0,Active,exact,CC[C@]1(C(=O)O)CCc2ccc(OCCCOc3ccc(Oc4ccc(F)cc4)cc3Cl)cc2O1
CHEMBL3678110,PPARgamma,6.430,,1,0,Active,exact,Cc1c(C)n(Cc2ccc(OCC(=O)O)cc2)c2ccc(C(=O)N[C@@H](C)c3ccc(C(C)(C)C)cc3)cc12
CHEMBL198786,PPARgamma,5.780,,1,0,,exact,CCCc1c(OCCCOc2cccc3c2ccn3CC(=O)O)ccc2cc(-c3ccccc3)[nH]c12
CHEMBL496744,PPARgamma,5.700,,1,0,,exact,COc1cccc2c1ccn2S(=O)(=O)c1cccc(C(=O)Nc2ccc(Cl)cc2C(=O)O)c1
CHEMBL360762,PPARgamma,6.040,,1,0,Active,exact,COc1ccc2c(c1)c(Cc1ccc(OC(C)(C)C(=O)O)cc1)c(C)n2C(=O)c1ccc(Cl)cc1
CHEMBL328615,PPARgamma,7.250,,1,0,Active,exact,CCCc1cc(Oc2ccc(Cl)c(C)c2)ccc1OCCCOc1cccc(C2SC(=O)NC2=O)c1
CHEMBL431348,PPARgamma,5.600,,1,0,,exact,COc1cc(C(=O)NS(=O)(=O)c2ccccc2C)ccc1Cc1cn(C)c2ccc(NC(=O)NC3CCCC3)cc12
CHEMBL369930,PPARgamma,7.800,,1,0,Active,exact,CCCCc1ccc(-c2nc(CCOc3ccc4c(c3)CCC4C(CC)C(=O)O)c(C)o2)cc1
CHEMBL3957467,PPARgamma,5.770,,1,0,,exact,O=C(Cc1ccc(CC(SCCc2ccc(F)cc2)C(=O)O)cc1)OCc1ccc(C(F)(F)F)cc1
CHEMBL1760415,PPARgamma,5.500,,1,0,,exact,CCCCN(c1ccc(C)c(-c2ccc(Cl)cc2)c1)S(=O)(=O)c1ccc(OC(C)C(=O)O)c(C)c1C
CHEMBL3764424,PPARgamma,5.100,,1,0,,exact,CCOC(=O)C(C)Cc1ccc(C(=O)NCc2ccccc2C(F)(F)F)cc1
CHEMBL4571498,PPARgamma,6.160,,1,0,Active,exact,CCCCCCC(Sc1nc2ccc(NS(=O)(=O)c3ccc(C(C)(C)C)cc3)cc2s1)C(=O)O
CHEMBL207103,PPARgamma,6.990,,1,0,Active,exact,CCCc1c(OCCCNc2ccc(CC(=O)O)cc2)ccc2c(C(F)(F)F)noc12
CHEMBL147492,PPARgamma,6.655,,2,0,Active,exact,CC(C)c1ccc(COc2ccc(C[C@H](Nc3ccccc3C(=O)c3ccccc3)C(=O)O)cc2)cc1
CHEMBL4871337,PPARgamma,5.160,,2,0,,exact,CC1=C(CC(=O)O)c2cc(F)ccc2/C1=C\c1cccc(C)c1
CHEMBL279211,PPARgamma,5.870,,1,0,,exact,Cc1cc(C)c(NC(=O)N(CCc2ccc(SC(C)(C)C(=O)O)cc2)CCc2ccc(-c3ccccc3)cc2)cc1C
CHEMBL4167873,PPARgamma,7.410,,1,0,Active,exact,Cc1ccc(F)cc1Oc1ccc2nc(COc3cccc(C(=O)O)c3)n(C)c2c1
CHEMBL5556754,PPARgamma,5.440,,1,0,,exact,Cc1cc(CN2CCN(c3ccc(Br)cn3)CC2)cc(C)c1OC(C)(C)C(=O)O
CHEMBL593796,PPARgamma,8.300,,1,0,Active,exact,Cc1oc(-c2ccccc2)nc1CCCc1ccc(CC(C(=O)O)n2nccn2)cc1
CHEMBL1081963,PPARgamma,,5.000,0,1,,censored,Cc1cc(OC/C=C(\C#Cc2ccc(C(F)(F)F)cc2)c2ccc(Br)cc2)ccc1OCC(=O)O
CHEMBL1933845,PPARgamma,7.920,,1,0,Active,exact,CCCCCS(=O)(=O)NC(=O)/C=C/c1cc(C2CC2)nn1Cc1ccc(C(F)(F)F)cc1Cl
CHEMBL202137,PPARgamma,,5.000,0,1,,censored,CCC(C(=O)O)C1CCc2cc(OCCc3c(-c4ccccc4)noc3C)ccc21
CHEMBL5200141,PPARgamma,4.540,,1,0,Inactive,exact,COc1ccc(/C=C/c2cc(OC)cc(OCc3ccc(OCC(=O)O)c(F)c3)c2)cc1
CHEMBL146258,PPARgamma,8.060,,1,0,Active,exact,CN(CCOc1ccc(CC(Nc2ccc(Cl)cc2C(=O)c2ccccc2)C(=O)O)cc1)c1nc2ccccc2o1
CHEMBL1081729,PPARgamma,,5.000,0,1,,censored,COc1ccc(-c2nc(COc3ccc(OCC(=O)O)c(C)c3)oc2-c2ccc(Cl)c(Cl)c2)cc1
CHEMBL2024609,PPARgamma,8.260,,1,0,Active,exact,CCCCCS(=O)(=O)NC(=O)C1CC1c1ccc(OCCOC)cc1Oc1ncc(C(F)(F)F)cc1Cl
CHEMBL6091867,PPARgamma,6.395,,2,0,Active,exact,O=[N+]([O-])c1ccc(S2(=O)=N[Se]c3cc([N+](=O)[O-])ccc32)cc1
CHEMBL387373,PPARgamma,7.765,,2,0,Active,exact,Cc1oc(-c2ccc(-c3ccccc3)cc2)nc1CCOc1ccc(CCC(=O)O)c2c1CCN(C(=O)OCC(C)(C)C)C2
CHEMBL3699402,PPARgamma,6.200,,1,0,Active,exact,Cc1c(C)n(Cc2ccc(-c3ccccc3C(=O)O)cc2)c2ccc(C(=O)N[C@@H](C)c3ccc(S(C)(=O)=O)cc3)cc12
CHEMBL4079448,PPARgamma,5.280,,1,0,,exact,CNC(=O)[C@H]1[Se][C@@H](n2cnc3c(NCc4cccc(I)c4)nc(Cl)nc32)[C@H](O)[C@@H]1O
CHEMBL4165766,PPARgamma,6.890,,1,0,Active,exact,Cc1ccc(Oc2ccc3nc(COc4cccc(C(=O)O)c4)n(C)c3c2)nc1
CHEMBL2113109,PPARgamma,5.540,,1,0,,exact,CCCCCOc1nc2ccccc2cc1C(O)CCCCCC(=O)[O-].[Na+]
CHEMBL593801,PPARgamma,6.840,,1,0,Active,exact,Cc1oc(-c2ccccc2)nc1CCCc1ccc(C[C@@H](C(=O)O)n2cccn2)cc1
CHEMBL4517263,PPARgamma,5.870,,1,0,,exact,CCCCc1nc(C(C)C)c(CC(=O)OC2CC2)c(=O)n1Cc1ccc(-c2ccccc2-c2noc(=O)[nH]2)cc1
CHEMBL461571,PPARgamma,7.960,,1,0,Active,exact,Cc1c(C(=O)c2ccc(Cl)cc2)c2ccc(OC(F)(F)F)cc2n1Cc1cccc(O[C@H](C)C(=O)O)c1
CHEMBL4168263,PPARgamma,7.250,,1,0,Active,exact,Cc1ccccc1Oc1ccc2nc(COc3cccc(C(=O)O)c3)n(C)c2c1
CHEMBL436113,PPARgamma,7.920,,1,0,Active,exact,CCOC(C(=O)O)C1CCc2cc(OCCc3nc(-c4ccccc4)oc3C)ccc21
CHEMBL2035059,PPARgamma,,5.000,0,1,,censored,Cc1cc(SC(Cc2c(Cl)cccc2Cl)c2sc(-c3ccc(C(F)(F)F)cc3)nc2C)ccc1OCC(=O)O
CHEMBL5077836,PPARgamma,,5.301,0,1,,censored,Cc1cc(Cn2ncn(-c3ccc(C#N)cc3)c2=O)cc(C)c1OC(C)(C)C(=O)O
CHEMBL5589777,PPARgamma,5.260,,1,0,,exact,CC1(CC/C=N/Nc2ncc(Cl)cc2C(F)(F)F)CCc2cc(OCc3ccc(F)cc3)ccc2O1
CHEMBL1090188,PPARgamma,5.140,,1,0,,exact,Cc1ccc(OC(=O)N(CC(=O)O)Cc2cccc(OCc3nc(-c4ccc(C#N)cc4)oc3C)c2)cc1
CHEMBL4765137,PPARgamma,5.170,,1,0,,exact,COc1cccc(/C=C/C(=O)OCc2cc(=O)c(O)co2)c1OC
CHEMBL6174854,PPARgamma,5.580,,1,0,,exact,C[C@@](Oc1ccc(-c2cc3ccccc3c3ccccc23)cc1)(C(=O)O)c1ccccc1
CHEMBL199559,PPARgamma,7.680,,1,0,Active,exact,CCC(C(=O)O)C1CCc2cc(OCCc3nc(-c4cccc(C(F)(F)F)c4)oc3C)ccc21
CHEMBL4282451,PPARgamma,6.780,,1,0,Active,exact,CCCc1nc2c(NS(C)(=O)=O)cccc2n1Cc1ccc2c(c1)COc1ccccc1/C2=C(\C)c1noc(=O)[nH]1
CHEMBL484264,PPARgamma,4.380,,1,0,Inactive,exact,CCO[C@H](Cc1cccc(C2=NOC(Cc3ccccc3)C2)c1)C(=O)O
CHEMBL601861,PPARgamma,6.240,,1,0,Active,exact,CCC(C(=O)Nc1ccc2c(c1)c(C)c(C)n2Cc1ccc(-c2ccccc2C(=O)O)cc1)c1ccccc1
CHEMBL2037579,PPARgamma,,5.000,0,1,,censored,Cc1cc(SC(CCCc2ccccc2)c2sc(-c3ccc(C(F)(F)F)cc3)nc2C)ccc1OCC(=O)O
CHEMBL5077842,PPARgamma,5.840,,1,0,,exact,CC(C)(Oc1ccc(Cn2ncn(-c3ccc(C(F)(F)F)cc3)c2=O)cc1OC(F)(F)F)C(=O)O
CHEMBL5930210,PPARgamma,,4.301,0,1,Inactive,censored,CN1CCN(c2cc(NC(=O)c3cc(C#N)ccc3Cl)ccn2)CC1
CHEMBL598608,PPARgamma,,5.000,0,1,,censored,O=C(NCCS(=O)(=O)c1ccc(C(F)(F)F)cn1)c1ccc(Cl)cc1
CHEMBL2011538,PPARgamma,4.650,,1,0,Inactive,exact,COc1cc([C@H]2OC[C@H]3[C@@H]2CO[C@H]3c2ccc3c(c2)OCO3)cc(OC)c1O
CHEMBL218122,PPARgamma,6.400,,1,0,Active,exact,O=C(NS(=O)(=O)c1cccc(C(F)(F)F)c1)c1cc2ccccc2n1Cc1ccc(C(F)(F)F)cc1
CHEMBL474158,PPARgamma,5.610,,2,0,,exact,Cc1oc(-c2ccccc2)nc1CCOc1ccc(Cc2cn(C)cc2C(=O)O)cc1
CHEMBL1956364,PPARgamma,6.300,,1,0,Active,exact,O=C(O)[C@H](Cc1ccc(Cl)cc1)Oc1ccc(Cl)cc1F
CHEMBL1760407,PPARgamma,5.200,,1,0,,exact,Cc1c(-c2ccc(Cl)cc2)cccc1N(CC1CCC1)S(=O)(=O)c1ccc(OC(C)C(=O)O)c(C)c1C
CHEMBL199855,PPARgamma,6.400,,1,0,Active,exact,CCC(C(=O)O)C1CCc2cc(OCCc3nc(-c4ccco4)oc3C)ccc21
CHEMBL489597,PPARgamma,4.360,,1,0,Inactive,exact,CCOC(=O)C[C@H](C)NC(=O)c1csc(C2CCN(C(=O)c3c(F)cccc3Cl)CC2)n1
CHEMBL469534,PPARgamma,,6.000,0,1,,censored,C=C(CNc1ccc(C(F)(F)F)cc1)CSc1ccc(OCC(=O)O)c(C)c1
CHEMBL360231,PPARgamma,5.700,,1,0,,exact,C[C@]1(C(=O)O)CCc2ccc(OCCCOc3ccc(OCC4CCC4)cc3Cl)cc2O1
CHEMBL3734773,PPARgamma,6.990,,2,0,Active,exact,Cc1c(C)n(Cc2ccc(-c3ccccc3C(=O)O)cc2)c2ccc(C(=O)N[C@H](c3cccc(C(C)C)c3)C(C)C)cc12
CHEMBL5083878,PPARgamma,6.160,,1,0,Active,exact,O=C(NCc1ccccc1C(F)(F)F)c1ccc2c(c1)[nH]c(=O)n2CC1CCCCC1
CHEMBL189110,PPARgamma,,4.824,0,1,Inactive,censored,CC[C@@]1(C(=O)O)Cc2cc(OCCCOc3ccc(CC(F)(F)F)cc3Cl)ccc2O1
CHEMBL177831,PPARgamma,6.980,,1,0,Active,exact,CCCc1c(OCCCCOc2ccc3c(ccn3CC(=O)O)c2)ccc2c(C(F)(F)F)noc12
CHEMBL4166323,PPARgamma,7.050,,1,0,Active,exact,Cn1c(COc2cccc(C(=O)O)c2)nc2ccc(Oc3ncc(Cl)cc3Cl)cc21
CHEMBL515972,PPARgamma,4.550,,1,0,Inactive,exact,CN(CCCc1ccc(C[C@@H](C(=O)O)n2cccc2)cc1)c1ccccn1
CHEMBL4215699,PPARgamma,5.040,,1,1,,exact,CCCCCCCCCCCCC/C=C1/C(=O)O[C@@H](C)[C@H]1O
CHEMBL3695872,PPARgamma,8.220,,1,0,Active,exact,Cc1c(C)n(Cc2ccc(-c3ccccc3)cc2)c2ccc(C(=O)N[C@@H](C)c3ccnc4ccccc34)cc12
CHEMBL6174001,PPARgamma,5.220,,1,0,,exact,O=C(NCc1ccccc1Cn1cccc1C(=O)O)NC12CC3CC(CC(C3)C1)C2
CHEMBL3215665,PPARgamma,,5.000,0,1,,censored,CCCCCS(=O)(=O)NC(=O)/C=C/c1ccc(OCCOC)cc1Oc1ncc(N)cc1C.Cl.Cl
CHEMBL3827378,PPARgamma,5.660,,1,0,,exact,COC(=O)N(CC(=O)O)Cc1cc(OCc2nc(-c3ccc(C)cc3)oc2C)ccc1F
CHEMBL210973,PPARgamma,6.570,,1,0,Active,exact,CCCc1c(OCCCOc2ccc(CC(=O)O)cc2)ccc2c(C(F)(F)F)noc12
CHEMBL4448767,PPARgamma,8.480,,1,0,Active,exact,CCC(OC(=O)N(Cc1ccccc1)C(=O)Nc1cc(OC)cc(OC)c1)c1cc(-c2ccc(OC(C)(C)C(=O)O)cc2)no1
CHEMBL5281528,PPARgamma,6.360,,1,0,Active,exact,C[C@@H]1CN(c2nc3ccc(Cl)cc3s2)CCN1CCOc1cc(CC(=O)O)ccc1Cl
CHEMBL192582,PPARgamma,,4.824,0,1,Inactive,censored,CC1(C(=O)O)Cc2cc(OCCCOc3ccc(OCC(F)(F)F)cc3Cl)ccc2O1
CHEMBL2204686,PPARgamma,5.270,,1,0,,exact,CC(C)(Oc1ccc(COc2ccc(C(=O)c3ccccc3)cc2)cc1)C(=O)O
CHEMBL146806,PPARgamma,7.560,,1,0,Active,exact,Cc1sc(N(C)C)nc1CCOc1ccc(C[C@H](Nc2ccccc2C(=O)c2ccccc2)C(=O)O)cc1
CHEMBL146663,PPARgamma,5.990,,1,0,,exact,O=C(c1ccccc1)c1ccccc1N[C@@H](Cc1ccc(OCCCc2ccncc2)cc1)C(=O)O
CHEMBL521131,PPARgamma,6.950,,1,0,Active,exact,COC(Cc1ccc(OCCc2nc(-c3ccccc3)oc2C)c2ccccc12)C(=O)O
CHEMBL370074,PPARgamma,6.190,,1,0,Active,exact,CCCc1c(Oc2c(C)n(-c3noc4cc(Cl)ccc34)c3ccc(OC(F)(F)F)cc23)cccc1O[C@@H](C)C(=O)O
CHEMBL4081907,PPARgamma,7.190,,1,0,Active,exact,COc1cccc(S(=O)(=O)n2c(CCCC(=O)O)cc3cc(C(F)(F)F)ccc32)c1
CHEMBL3678124,PPARgamma,7.000,,1,0,Active,exact,Cc1c(C)n(Cc2ccc(OC(C)(C)C(=O)O)cc2)c2ccc(C(=O)N[C@@H](C)c3cccc(C(C)C)c3)cc12
CHEMBL1801742,PPARgamma,6.780,,1,0,Active,exact,CCc1nc2c(CC(C)C)cc(C)nc2n1[C@H]1CCc2cc(-c3ccccc3-c3nnn[nH]3)ccc21
CHEMBL3678100,PPARgamma,,6.000,0,1,,censored,CCC(NC(=O)c1ccc2c(ccn2CCc2cccc(Cl)c2)c1)c1ccccc1
CHEMBL1075703,PPARgamma,,5.000,0,1,,censored,Cc1cc(OCc2nc(-c3ccc4c(c3)OCCCO4)c(-c3ccc(OC(F)(F)F)cc3)s2)ccc1OCC(=O)O
CHEMBL456071,PPARgamma,5.320,,2,0,,exact,CC(=O)NCCOC(=O)C(Oc1cccc(C(F)(F)F)c1)c1ccc(Cl)cc1
CHEMBL4541281,PPARgamma,5.520,,1,0,,exact,CCCCCCC(Sc1nc2ccc(NCc3ccc4ccccc4c3)cc2s1)C(=O)O
CHEMBL4764095,PPARgamma,5.560,,1,0,,exact,Cc1cc(Oc2ccc3nc(COc4cccc(C(=O)O)c4)n(C)c3c2)cc(C)n1
CHEMBL489559,PPARgamma,4.600,,1,0,Inactive,exact,CCO[C@H](Cc1cccc(C2=NOC(CCc3ccccc3)C2)c1)C(=O)O
CHEMBL4783278,PPARgamma,5.550,,2,0,,exact,CN(C)CCCOc1ccc2nc3c(nc2c1)N(CCCN(C)C)CC1c2ccccc2CCN31.Cl.Cl
CHEMBL1935492,PPARgamma,6.920,,1,0,Active,exact,C/C=C/C=C/C(=O)N1Cc2cc(OCCc3nc(/C(C)=C/CC)oc3C)ccc2C[C@H]1C(=O)O.CC(C)(C)N
CHEMBL3695806,PPARgamma,8.220,,1,0,Active,exact,CCC(NC(=O)c1ccc2c(ccn2Cc2cccc(-c3ccccc3C(=O)O)c2)c1)c1ccccc1
CHEMBL1080532,PPARgamma,,5.000,0,1,,censored,COc1ccc(-c2sc(COc3ccc(OCC(=O)O)c(C)c3)nc2-c2ccccc2)cc1
CHEMBL200746,PPARgamma,6.510,,1,0,Active,exact,CCC(C(=O)O)C1CCc2cc(OCCc3coc(-c4ccccc4)n3)ccc21
CHEMBL3398445,PPARgamma,6.850,,1,1,Active,exact,Cc1oc(-c2ccccc2)nc1CCOc1cccc(C[C@H]2CN(c3ccccc3)C[C@H]2C(=O)O)c1
CHEMBL1081749,PPARgamma,,5.000,0,1,,censored,COc1ccc(-c2nc(COc3ccc(OCC(=O)O)c(C)c3)sc2-c2ccc(C(F)(F)F)cc2)cc1
CHEMBL254989,PPARgamma,,4.824,0,1,Inactive,censored,Cc1oc(-c2ccccc2)nc1CCOc1ccc(CN(CC(=O)O)C(=O)Oc2ccc(O)cc2)cc1
CHEMBL469745,PPARgamma,,6.000,0,1,,censored,C=C(COc1ccc(Cl)c(Cl)c1)CSc1ccc(OCC(=O)O)c(C)c1
CHEMBL598372,PPARgamma,,5.000,0,1,,censored,O=C(NCCCS(=O)(=O)c1ccc(C(F)(F)F)cn1)c1ccc(Cl)cc1
CHEMBL3695869,PPARgamma,7.920,,1,0,Active,exact,COc1cc(F)cc([C@H](C)NC(=O)c2ccc3c(c2)c(C)c(C)n3Cc2ccc(-c3ccccc3)cc2)c1
CHEMBL1080355,PPARgamma,,5.000,0,1,,censored,CCCc1ccc(-c2sc(COc3ccc(OCC(=O)O)c(C)c3)nc2-c2ccc(OC)cc2)cc1
CHEMBL1934479,PPARgamma,,4.921,0,1,Inactive,censored,Cc1nc(-c2ccc(Cl)cc2)oc1C(=O)N[C@H]1CCCN(c2cccc(C(=O)O)c2)C1
CHEMBL4853743,PPARgamma,,5.000,0,1,,censored,Cc1cc(COc2ccc3c(c2)O/C(=C\c2ccc(Br)cc2)C3=O)cc(C)c1OC(C)(C)C(=O)O
CHEMBL470382,PPARgamma,,6.000,0,1,,censored,C=C(COc1ccc(OC)cc1)CSc1ccc(OCC(=O)O)c(C)c1
CHEMBL477094,PPARgamma,5.580,,1,0,,exact,Cc1oc(-c2ccccc2)nc1C/C=C/c1ccc(C[C@H](C(=O)O)n2cccc2)cc1
CHEMBL173386,PPARgamma,7.280,,1,0,Active,exact,CCCc1c(OCCCCOc2ccc(C(C)(C)CC(=O)O)cc2)ccc2c(-c3ccccc3)noc12
CHEMBL605207,PPARgamma,,5.000,0,1,,censored,Cc1ccc(S(=O)(=O)CCNC(=O)c2ccc(Cl)cc2)nc1
CHEMBL50885,PPARgamma,6.930,,2,0,Active,exact,CCCc1cc(Oc2ccc(OC)cc2)ccc1OCCCOc1ccc(C2SC(=O)NC2=O)cc1
CHEMBL2312712,PPARgamma,6.230,,1,0,Active,exact,Cc1ccc(-c2ccc(O[C@@H](Cc3ccccc3)C(=O)O)cc2)cc1
CHEMBL527045,PPARgamma,,5.000,0,2,,censored,Cc1c(OCC(=O)O)ccc(Sc2ccc(COc3ccc(C(F)(F)F)cc3)cc2OCCN2CCCC2)c1C
CHEMBL2322447,PPARgamma,7.700,,1,0,Active,exact,CCc1nc2ccn(Cc3ccccc3OC(F)(F)F)c(=O)c2n1[C@H]1CCc2cc(-c3ccccc3-c3nnn[nH]3)ccc21
CHEMBL378160,PPARgamma,6.290,,2,0,Active,exact,O=S(=O)(Nc1cc(-c2cccs2)nn1-c1ccc(F)cc1)c1cccc(F)c1
CHEMBL2024617,PPARgamma,,5.000,0,1,,censored,CCCCCS(=O)(=O)NC(=O)/C=C/c1ccc(OCCOC)cc1Oc1ncc(NC(C)=O)cc1C
CHEMBL5084826,PPARgamma,,5.301,0,1,,censored,CCOc1ccc(-n2cnn(Cc3cc(C)c(OC(C)(C)C(=O)O)c(C)c3)c2=O)cc1
CHEMBL5440386,PPARgamma,,5.000,0,1,,censored,CC#C[C@@H](CC(=O)O)c1ccc(-c2ccc(C(F)(F)F)cc2)cc1
CHEMBL1080188,PPARgamma,,5.000,0,1,,censored,CCCCOc1ccc(-c2nc(COc3ccc(OCC(=O)O)c(C)c3)sc2-c2ccc(OC(F)(F)F)cc2)cc1
CHEMBL149714,PPARgamma,8.190,,1,0,Active,exact,CN(CCOc1ccc(CC(Nc2ccccc2C(=O)C2CCCC2)C(=O)O)cc1)c1nc2ccccc2o1
CHEMBL266741,PPARgamma,6.780,,1,0,Active,exact,Cc1oc(-c2ccccc2)nc1CCOc1ccc(C[C@@H](CNc2ccccn2)Nc2ccccc2C(=O)c2ccccc2)cc1
CHEMBL4435043,PPARgamma,5.060,,1,0,,exact,CCCc1nc2c(F)cccc2n1Cc1ccc(-c2ccccc2C(=O)O)cc1
CHEMBL5088968,PPARgamma,,5.301,0,1,,censored,CC(C)(Oc1ccc(Cn2ncn(-c3ccc(OC(F)(F)F)cc3)c2=O)cc1F)C(=O)O
CHEMBL3341939,PPARgamma,5.120,,1,0,,exact,O=C(O)[C@H](Oc1cccc(C(F)(F)F)c1)c1ccc(Cl)cc1
CHEMBL461378,PPARgamma,7.820,,1,0,Active,exact,Cc1c(Oc2ccc(Cl)cc2)c2ccc(F)nc2n1Cc1cc(O[C@@H](C)C(=O)O)ccc1Cl
CHEMBL199509,PPARgamma,6.910,,1,0,Active,exact,CCC(C(=O)O)C1CCc2cc(OCCc3nc(-c4ccccc4)oc3C)c(-c3ccc(OC)cc3)cc21
CHEMBL3678080,PPARgamma,6.500,,1,0,Active,exact,COc1ccc(CNC(=O)c2ccc3c(ccn3Cc3ccc(F)cc3F)c2)c(OC)c1
CHEMBL4159072,PPARgamma,6.510,,1,0,Active,exact,COc1ccc(Oc2ccc3nc(COc4cccc(C(=O)O)c4)n(C)c3c2)cc1
CHEMBL4237642,PPARgamma,5.250,,1,0,,exact,COc1ccc(COc2ccc(CNc3cccc(OC(C)(C)C(=O)O)c3)c(OCc3ccc(OC)cc3)c2)cc1
CHEMBL1079646,PPARgamma,,5.000,0,1,,censored,COc1ccc(-c2nc(COc3ccc(OCC(=O)O)c(C)c3)sc2-c2ccc(Cl)cc2)cc1
CHEMBL3678136,PPARgamma,8.300,,1,0,Active,exact,Cc1c(C)n(Cc2cc(O[C@@H](C)C(=O)O)ccc2Cl)c2ccc(C(=O)N[C@@H](C)c3cccc(OC(C)C)c3)cc12
CHEMBL223350,PPARgamma,7.960,,2,0,Active,exact,Cc1oc(-c2ccccc2)nc1CCOc1ccc(CCC(=O)O)c(CNC(=O)Oc2cnccn2)c1
CHEMBL4073499,PPARgamma,7.490,,2,0,Active,exact,C[C@@H](Oc1ccc(Cc2ccc(OCc3coc(-c4ccccc4)n3)cc2)cc1)C(=O)O
CHEMBL519974,PPARgamma,8.150,,1,0,Active,exact,CCCOC(Cc1ccc(OCCc2nc(-c3ccccc3)oc2C)c2ccccc12)C(=O)O
CHEMBL451531,PPARgamma,5.840,,1,0,,exact,O=S(=O)(/C=C/c1ccccc1)Oc1c(Cl)cc(Cl)cc1Cl
CHEMBL147770,PPARgamma,8.620,,1,0,Active,exact,CCCOC(=O)c1ccccc1NC(Cc1ccc(OCCc2nc(-c3ccccc3)oc2C)cc1)C(=O)O
CHEMBL1956360,PPARgamma,4.800,,1,0,Inactive,exact,O=C(O)[C@H](Cc1ccccc1)Oc1cccc(C(F)(F)F)c1
CHEMBL3317863,PPARgamma,9.030,,2,0,Active,exact,CCCOc1ccc(C[C@@H](Cc2ccccc2)C(=O)O)cc1CNC(=O)c1ccc(N2CC(C)(C)CC(C)(C)C2)cc1
CHEMBL5505899,PPARgamma,5.300,,1,0,,exact,Cc1cc(CN2CCN(c3ccc(Cl)cn3)CC2)cc(C)c1OC(C)(C)C(=O)O
CHEMBL5646645,PPARgamma,5.870,,1,0,,exact,Cc1ccc(CN2C(=O)S/C(=C\c3ccc(Nc4ccc(Cl)cc4)cc3)C2=O)cc1
CHEMBL564902,PPARgamma,7.770,,1,0,Active,exact,Cc1c(C(=O)c2ccc(Cl)cc2)c2ccc(OC(F)(F)F)cc2n1Cc1cccc(O[C@H](C(=O)O)C(C)C)c1
CHEMBL8659,PPARgamma,5.390,,1,0,,exact,CCCCCCCC/C=C\CCCCCCCC(=O)O
CHEMBL6142396,PPARgamma,5.900,,2,0,,exact,CCCc1ccc(S2(=O)=N[Se]c3cc(CCC)ccc32)cc1
CHEMBL3398424,PPARgamma,4.620,,1,1,Inactive,exact,CCOC(=O)N1C[C@H](C(=O)O)[C@H](c2cccc(OCCc3nc(-c4ccccc4)oc3C)c2)C1
CHEMBL256358,PPARgamma,6.070,,1,0,Active,exact,Cc1oc(-c2ccccc2)nc1CCOc1cccc(CC2=CN(C(=O)OCC(C)C)CCC2C(=O)O)c1
CHEMBL3695902,PPARgamma,6.290,,1,0,Active,exact,Cc1c(C)n(Cc2ccc(-c3ccccc3)cc2)c2ccc(C(=O)N[C@H](C)c3ccnc4ccccc34)cc12
CHEMBL4086261,PPARgamma,5.870,,1,0,,exact,CCCc1nc2ccc(-c3cccc(OC)c3)cc2n1Cc1ccc(-c2ccccc2C(=O)O)cc1
CHEMBL3317455,PPARgamma,8.075,,2,0,Active,exact,CCCOc1ccc(C[C@@H](Cc2ccccc2)C(=O)O)cc1CNC(=O)c1ccc(N2CCCCCCCC2)cc1
CHEMBL213487,PPARgamma,6.560,,1,0,Active,exact,CCOC(Cc1cccc2c1ccn2CCCc1nc(-c2ccccc2)oc1C)C(=O)O
CHEMBL119078,PPARgamma,6.160,,1,0,Active,exact,O=C(Nc1ccc(-c2cccc3cccnc23)cc1C(=O)[O-])c1ccc(Cl)cc1Cl.[Li+]
CHEMBL4088168,PPARgamma,6.820,,1,0,Active,exact,O=C(O)CCCc1cc2cc(Cl)ccc2n1S(=O)(=O)c1ccc2nsnc2c1
CHEMBL148341,PPARgamma,7.040,,1,0,Active,exact,O=C(c1ccccc1)c1ccccc1N[C@@H](Cc1ccc(OCCOc2ccc([N+](=O)[O-])cn2)cc1)C(=O)O
CHEMBL4862974,PPARgamma,,4.398,0,1,Inactive,censored,O=C(O)c1cc(C(F)(F)F)c2cc(N3CCC4(C=C(c5c(-c6c(Cl)cncc6Cl)noc5C5CC5)C4)CC3)ccc2n1
CHEMBL1946754,PPARgamma,7.450,,1,0,Active,exact,C[C@@H](Oc1cc(Cn2c(=O)n(-c3noc4ccc(Cl)cc34)c3ccc(C(F)(F)F)cc32)ccc1Cl)C(=O)O
CHEMBL364378,PPARgamma,7.000,,1,0,Active,exact,CCCc1cc2c(oc(=O)n2CC)c(CCC)c1O[C@H](C(=O)O)c1ccc(C(C)C)cc1
CHEMBL3264932,PPARgamma,4.820,,1,0,Inactive,exact,CCn1c(CCCc2ccc(-c3ccc(NS(=O)(=O)c4ccccc4)cn3)cc2)nn(Cc2ccc(C(C)(C)C)cc2)c1=O
CHEMBL5078989,PPARgamma,5.640,,1,0,,exact,Cc1ccc(/N=N/c2ccc(OCCc3ccc(OC(C)(C)C(=O)O)cc3)c(C)c2)cc1
CHEMBL3774855,PPARgamma,,4.699,0,1,Inactive,censored,CC(=O)N1C[C@H](C(=O)Nc2ccc(C)cc2C)[C@@H](c2nnc([C@H]3C[C@@H](CC(C)C)C3)n2C2CC2)C1
CHEMBL5084377,PPARgamma,5.775,,4,0,,exact,Cc1cc(Cn2ncn(-c3ccc(OC(F)(F)F)cc3)c2=O)cc(C)c1OC(C)(C)C(=O)O
CHEMBL5558110,PPARgamma,5.430,,1,0,,exact,Cc1cc(CN2CCN(c3ncc(C(F)(F)F)cn3)CC2)cc(C)c1OC(C)(C)C(=O)O
CHEMBL1081045,PPARgamma,,5.000,0,1,,censored,COc1ccc(-c2nc(COc3ccc(OCC(=O)O)cc3Cl)sc2-c2ccc(OC)cc2)cc1
CHEMBL4170144,PPARgamma,6.750,,1,0,Active,exact,Cc1ccc(Oc2ccc3nc(COc4cccc(C(=O)O)c4)n(C)c3c2)nc1C
CHEMBL3317858,PPARgamma,7.910,,2,0,Active,exact,CCCOc1ccc(C[C@@H](Cc2ccccc2)C(=O)O)cc1CNC(=O)c1ccc(N2CCCCC2)cc1
CHEMBL3397550,PPARgamma,4.890,,1,0,Inactive,exact,CO/N=C/c1ccc(OC(Cc2ccccc2)C(=O)[O-])cc1.[Na+]
CHEMBL5282503,PPARgamma,7.700,,2,0,Active,exact,Cc1cc(C2COC2)cnc1NC(=O)c1cc(C(=O)NCc2ccc(F)c(F)c2)c(F)cc1Cl
CHEMBL3932461,PPARgamma,8.400,,1,0,Active,exact,CCc1cc(OCCc2nc(-c3ccc(C)cc3)oc2C)ccc1CCC(=O)O
CHEMBL3695797,PPARgamma,,6.000,0,1,,censored,C[C@H](NC(=O)c1ccc2c(ccn2Cc2ccc(-c3cccc(CN)c3)cc2)c1)c1ccc([N+](=O)[O-])cc1
CHEMBL583300,PPARgamma,5.240,,1,0,,exact,O=C(O)[C@@H](Cc1ccccc1)Oc1ccc(Cc2ccccc2)cc1
CHEMBL278590,PPARgamma,6.260,,3,0,Active,exact,CCCCCCCN(CCc1ccc(SC(C)(C)C(=O)O)cc1)C(=O)Nc1ccc(F)cc1F
CHEMBL2064742,PPARgamma,5.260,,2,0,,exact,O=C(Nn1cc([N+](=O)[O-])cn1)c1cccc(COc2ccc(Br)cc2)c1
CHEMBL387261,PPARgamma,5.460,,1,0,,exact,CCCc1c(OCCCn2ccc3ccc(OCC(=O)O)cc32)ccc2cc(C(=O)c3ccccc3)ccc12
CHEMBL359548,PPARgamma,8.520,,1,0,Active,exact,COc1ccc(C(=O)n2c(C)c(Cc3cccc(O[C@H](C)C(=O)O)c3)c3cc(OC(F)(F)F)ccc32)cc1
CHEMBL215245,PPARgamma,7.200,,1,0,Active,exact,C[C@H](CCOc1ccc(CCC(=O)O)c(F)c1)Oc1ccc(Cl)cc1Oc1ccccc1
CHEMBL3596278,PPARgamma,5.040,,1,0,,exact,COc1cccc(C(F)(F)F)c1C(=O)c1nc(-c2ccc(C(=O)O)cc2F)c2n1CCCC2
CHEMBL3934507,PPARgamma,5.850,,1,0,,exact,CCOC(Cc1ccc(C(=O)OCc2ccc(OS(C)(=O)=O)cc2)cc1)C(=O)O
CHEMBL4761285,PPARgamma,7.000,,1,0,Active,exact,COc1cc(Oc2ccc3nc(COc4cccc(C(=O)O)c4)n(C)c3c2)cc(C)n1
CHEMBL5197292,PPARgamma,4.855,,2,0,Inactive,exact,O=C(O)c1ccc(OCc2c(-c3c(Cl)cccc3C(F)(F)F)noc2-c2cc[nH]c2)cc1
CHEMBL3699391,PPARgamma,,6.000,0,1,,censored,Cc1c(C)n(Cc2ccc(-c3ccccc3S(=O)(=O)NC(C)(C)C)cc2)c2ccc(C(=O)N[C@@H](C)c3cccc(C(C)C)c3)cc12
CHEMBL197221,PPARgamma,5.860,,1,0,,exact,CCCc1c(OCCC(C)CCOc2ccc3c(ccn3CC(=O)O)c2)ccc2c(C(F)(F)F)noc12
CHEMBL3764398,PPARgamma,6.465,,2,0,Active,exact,CCC(Cc1ccc(C(=O)NCc2ccc(OC)cc2C(F)(F)F)cc1)C(=O)O
CHEMBL3398435,PPARgamma,5.230,,2,0,,exact,Cc1oc(-c2ccccc2)nc1CCOc1ccc([C@@H]2CN(C(=O)Oc3ccccc3)C[C@@H]2CC(=O)O)cc1
CHEMBL237520,PPARgamma,8.100,,1,0,Active,exact,Cc1cc(Oc2ccc(F)c(CNC(=O)c3ccc(C(F)(F)F)cc3F)c2)ccc1OC(C)(C)C(=O)O
CHEMBL470561,PPARgamma,,6.000,0,1,,censored,C=C(COc1ccc(C(F)(F)F)cc1)CSc1ccc(OCC(=O)O)c(C(F)(F)F)c1
CHEMBL499312,PPARgamma,7.370,,1,1,Active,exact,O=C(O)COc1ccc(Sc2ccc(COc3ccc(C(F)(F)F)cc3)cc2OCC#CCCO)c2c1CCCC2
CHEMBL491237,PPARgamma,4.700,,1,0,Inactive,exact,O=C(O)c1ccc(COc2ccc3ccccc3c2/C=N/c2ccc(N3CCOCC3)cc2)cc1
CHEMBL3695804,PPARgamma,6.190,,1,0,Active,exact,C[C@H](NC(=O)c1ccc2c(ccn2Cc2ccc(-c3ccccc3C(=O)O)cc2)c1)c1ccc([N+](=O)[O-])cc1
CHEMBL4560767,PPARgamma,5.430,,1,0,,exact,CCCCC(Sc1nc2ccc(NC(=O)c3ccc(C(C)(C)C)cc3)cc2s1)C(=O)O
CHEMBL3893980,PPARgamma,8.280,,1,0,Active,exact,CCOC(Cc1ccc(OC(=O)Cc2ccc(NC(=O)OC(C)(C)C)cc2)c(Cc2ccccc2)c1)C(=O)O
CHEMBL199677,PPARgamma,,5.000,0,1,,censored,CC[C@@H](C(=O)O)[C@H]1CCc2cc(OCCc3nc(-c4ccc(C)cc4)oc3C)ccc21
CHEMBL473953,PPARgamma,6.045,,2,0,Active,exact,Cc1oc(-c2ccccc2)nc1CCOc1ccc(Cc2c(C(=O)O)cnn2-c2ccccc2)cc1
CHEMBL4746258,PPARgamma,5.600,,1,0,,exact,C=CC(c1ccc(O)c(OC)c1)c1c(O)cc(O)c2c(=O)cc(-c3ccccc3)oc12
CHEMBL495506,PPARgamma,,5.000,0,1,,censored,Cc1cccc(NC(=O)c2cccc(S(=O)(=O)N3CCc4ccccc4C3)c2)c1C(=O)O
CHEMBL1760426,PPARgamma,5.300,,1,0,,exact,CCCCN(c1cccc(-c2ccc(C)cc2)c1C)S(=O)(=O)c1ccc(OC(C)C(=O)O)c(C)c1C
CHEMBL514174,PPARgamma,4.935,,2,0,Inactive,exact,Cc1oc(-c2ccccc2)nc1CCOc1ccc(Cc2c(C(=O)O)nnn2-c2ccccc2)cc1
CHEMBL3828330,PPARgamma,5.620,,1,0,,exact,COC(=O)N(CC(=O)O)Cc1cc(OCc2nc(-c3ccc(OC(F)(F)F)cc3)oc2C)ccc1F
CHEMBL4098241,PPARgamma,5.370,,1,0,,exact,O=S(=O)(Nc1cc(Cl)c(Oc2cnc3ccccc3c2)c(Cl)c1)c1ccc2ccccc2c1
CHEMBL2204691,PPARgamma,4.120,,1,0,Inactive,exact,CC(C)(Oc1ccc(CCCOc2ccc(Oc3ccccc3)cc2)cc1)C(=O)O
CHEMBL40614,PPARgamma,5.570,,1,0,,exact,Cc1cc(OCc2sc(-c3ccc(C(F)(F)F)cc3)nc2C)ccc1/C=C/C(=O)O
CHEMBL1075665,PPARgamma,,5.000,0,1,,censored,O=C(O)Cc1cccc(-c2noc(-c3ccccc3)c2C(=O)NCCOc2cc(Cl)cc(Cl)c2)c1
CHEMBL4873389,PPARgamma,,5.000,0,1,,censored,Cc1cc(COc2ccc3c(c2)O/C(=C\c2ccc(Cl)cc2)C3=O)cc(C)c1OC(C)(C)C(=O)O
CHEMBL326947,PPARgamma,5.140,,1,0,,exact,O=C(O)CCc1ccc2[nH]c(-c3ccccc3)c(CCc3ccccc3)c2c1
CHEMBL4513559,PPARgamma,6.785,,2,0,Active,exact,Cc1c(C)n(Cc2cccc(C(F)(F)F)c2)c2ccc(C(=O)NCc3ccccn3)cc12
CHEMBL371087,PPARgamma,6.120,,1,0,Active,exact,CCCc1c(OCCCOc2ccc3c(ccn3CC(=O)O)c2)ccc2c(C#N)c[nH]c12
CHEMBL84826,PPARgamma,,5.000,0,1,,censored,CCCCC(=O)NCCOc1ccc(CC2SC(=O)NC2=O)cc1
CHEMBL3094412,PPARgamma,5.890,,1,0,,exact,CCCCCCC(Sc1nc(Cl)cc(Nc2nc(-c3ccc4ccccc4c3)cs2)n1)C(=O)O
CHEMBL5411943,PPARgamma,,5.301,0,1,,censored,CC(C)(Oc1ccc(CN2C(=O)CN(c3ccc(C(F)(F)F)cc3)C2=O)cc1)C(=O)O
CHEMBL307544,PPARgamma,6.220,,1,0,Active,exact,COC(=O)C(Cc1ccc(OCCN(C)c2nc3ccccc3o2)cc1)SC
CHEMBL1089467,PPARgamma,5.140,,1,0,,exact,O=C(O)C(Sc1nc(Cl)cc(Nc2cccc(Cl)c2)n1)c1cccc2ccccc12
CHEMBL4861167,PPARgamma,,5.000,0,1,,censored,Cc1cc(COc2ccc3c(c2)O/C(=C\c2ccccc2)C3=O)cc(C)c1OC(C)(C)C(=O)O
CHEMBL372404,PPARgamma,7.340,,1,0,Active,exact,CC[C@H](C(=O)O)[C@@H]1CCc2cc(OCCc3nc(-c4ccc(Cl)c(Cl)c4)oc3C)ccc21
CHEMBL1214826,PPARgamma,6.210,,2,0,Active,exact,CCCc1nc2ccc(C(=O)c3ccccc3)cc2n1Cc1ccc(-c2ccccc2C(=O)O)cc1
CHEMBL5273427,PPARgamma,5.510,,1,0,,exact,Cc1cc(CC(=O)O)cc(CN2CCN(c3nc4ccc(C(F)(F)F)cc4s3)[C@@H](C)C2)c1
CHEMBL21241,PPARgamma,6.355,,2,0,Active,exact,CC(C)(Sc1ccc(CCN(CCCCC2CCCCC2)C(=O)NC2CCCCC2)cc1)C(=O)O
CHEMBL2206306,PPARgamma,5.770,,1,0,,exact,CCCCCCCN(CCc1ccc(O[C@@H](Cc2ccccc2)C(=O)O)cc1)c1nc2ccccc2o1.NC1CCCCC1
CHEMBL3596279,PPARgamma,5.470,,1,0,,exact,O=C(O)c1ccc(-c2nc(C(=O)c3c(Cl)cccc3C3CC3)n3cccnc23)cc1O
CHEMBL356773,PPARgamma,6.800,,1,0,Active,exact,COc1cccc(SCCOc2ccc(C[C@H](Nc3ccccc3C(=O)c3ccccc3)C(=O)O)cc2)n1
CHEMBL385106,PPARgamma,6.460,,1,0,Active,exact,COC(Cc1ccc(OCCc2nc(-c3ccccc3)oc2C)cn1)C(=O)O
CHEMBL5863384,PPARgamma,4.590,,1,0,Inactive,exact,N#Cc1ccc(Cl)c(C(=O)Nc2ccc(-c3ccncc3)nc2)c1
CHEMBL4855604,PPARgamma,,5.000,0,1,,censored,COc1cccc(Cn2c(CCCc3ccc(OC(C)(C)C(=O)O)cc3)nn(Cc3ccc(C)cc3)c2=O)c1
CHEMBL477941,PPARgamma,4.920,,1,0,Inactive,exact,CN(CC#Cc1ccc(C[C@@H](C(=O)O)n2cccc2)cc1)c1ccccc1
CHEMBL5428009,PPARgamma,,4.699,0,1,Inactive,censored,C[C@H]1CCCCN1c1cc(-c2ccccc2O)nnc1N
CHEMBL2322172,PPARgamma,5.440,,1,0,,exact,CCc1nc2ccn(Cc3cccnc3)c(=O)c2n1[C@H]1CCc2cc(-c3ccccc3-c3nnn[nH]3)ccc21
CHEMBL371320,PPARgamma,4.700,,2,0,Inactive,exact,COc1ccc(O[C@@H](Cc2ccccc2)C(=O)O)cc1
CHEMBL173159,PPARgamma,7.700,,3,0,Active,exact,CCCc1c(OCCCCOc2ccc(CC(C)(C)C(=O)O)cc2)ccc2c(-c3ccccc3)noc12
CHEMBL237085,PPARgamma,8.150,,1,0,Active,exact,COc1cc(C(F)(F)F)ccc1C(=O)NCc1cccc(Oc2ccc(OC(C)(C)C(=O)O)c(C)c2)c1
CHEMBL3355868,PPARgamma,7.330,,1,0,Active,exact,C/C(=C\C(=O)c1ccccc1)NC(Cc1ccc(OCCCOc2ccc(/N=N/c3ccc(Cl)cc3)cc2)cc1)C(=O)O
CHEMBL4240680,PPARgamma,4.740,,1,0,Inactive,exact,COc1ccc(COc2ccc(CNc3cccc(OC(C)(C)C(=O)O)c3)cc2)cc1
CHEMBL5267473,PPARgamma,6.150,,1,0,Active,exact,CC[C@H]1CN(c2nc3ccc(Cl)cc3s2)CCC1CCOc1cc(CC(=O)O)ccc1Cl
CHEMBL4435145,PPARgamma,6.520,,1,0,Active,exact,Cc1cc2c(s1)c(-c1ccc(C(=O)O)cc1)nn2C(=O)c1c(Cl)cccc1Cl
CHEMBL1080184,PPARgamma,,5.000,0,1,,censored,COc1ncc(-c2nc(COc3ccc(OCC(=O)O)c(C)c3)oc2-c2ccc(OC(F)(F)F)cc2)cn1
CHEMBL39687,PPARgamma,5.480,,1,0,,exact,Cc1nc(-c2ccc(C(F)(F)F)cc2)oc1COc1ccc(CCC(=O)O)cc1
CHEMBL375471,PPARgamma,5.960,,1,0,,exact,CCCCOc1ccc(C[C@H](CC)C(=O)O)cc1CNC(=O)c1ccc(C(F)(F)F)cc1F
CHEMBL4785781,PPARgamma,5.040,,1,0,,exact,CCCc1nc2c(C)cc(-c3nc4ccccc4n3C)cc2n1Cc1ccc(-c2ccccc2C(N)=O)cc1
CHEMBL149835,PPARgamma,8.590,,1,0,Active,exact,Cc1[nH]c(-c2ccccc2)nc1CCOc1ccc(C[C@H](Nc2ccccc2C(=O)c2ccccc2)C(=O)O)cc1
CHEMBL254054,PPARgamma,5.000,,1,0,,exact,CCOC(=O)[C@H](Cc1ccc(OCCN2CCC(C)(C)c3cc(/C(=N\OC)c4ccccc4)ccc32)cc1)OCC
CHEMBL3695896,PPARgamma,7.800,,1,0,Active,exact,COc1ccccc1[C@H](C)NC(=O)c1ccc2c(c1)c(C)c(C)n2Cc1ccc(-c2ccccc2)cc1
CHEMBL5178739,PPARgamma,5.155,,2,0,,exact,O=C(O)c1ccc(OCc2c(-c3c(Cl)cccc3C(F)(F)F)noc2-c2ccc[nH]2)cc1
CHEMBL1170264,PPARgamma,4.960,,1,0,Inactive,exact,CCCCC(Sc1nc(OCCc2ccc(C(F)(F)F)cc2)cc(OCCc2ccc(C(F)(F)F)cc2)n1)C(=O)O
CHEMBL3920204,PPARgamma,8.300,,1,0,Active,exact,CCc1cc(OCCc2nc(-c3ccc(C(F)(F)F)cc3)oc2C)ccc1CCC(=O)O
CHEMBL371112,PPARgamma,,4.301,0,1,Inactive,censored,CCC(=O)c1cc(C(C)CC)c(OC(C(=O)O)c2ccccc2)c(C(C)CC)c1
CHEMBL5197924,PPARgamma,,4.000,0,2,Inactive,censored,CN(Cc1c(-c2c(Cl)cccc2C(F)(F)F)noc1-c1cc[nH]c1)c1ccc(C(=O)O)cc1
CHEMBL1082117,PPARgamma,,5.000,0,1,,censored,Cc1cc(OCc2nc(-c3cncnc3)c(-c3ccc(OC(F)(F)F)cc3)o2)ccc1OCC(=O)O
CHEMBL2312710,PPARgamma,5.690,,1,0,,exact,Cc1cc(OC(Cc2ccccc2)C(=O)O)cc(C)c1-c1ccccc1
CHEMBL1173451,PPARgamma,5.460,,1,0,,exact,O=C(O)c1ccccc1-c1ccccc1C(=O)Nc1ccc2c(c1)-c1ccccc1C2
CHEMBL4438749,PPARgamma,5.460,,1,0,,exact,CCC/C(=C\c1cc(OCc2ccc3nc(C(F)(F)F)cc(OC)c3c2)ccc1OCc1ccccc1F)C(=O)O
CHEMBL4289449,PPARgamma,7.080,,1,0,Active,exact,CCc1nc2c(C)cc(C)nc2n1Cc1ccc2c(c1)COc1ccccc1/C2=C(\C)c1noc(=O)[nH]1
CHEMBL187266,PPARgamma,5.590,,1,0,,exact,Cc1coc2c1C(=O)C(=O)c1c-2ccc2c1CCCC2(C)C
CHEMBL471829,PPARgamma,6.130,,1,0,Active,exact,CCOC(=O)c1ccc(OS(=O)(=O)/C=C/c2ccccc2)cc1
CHEMBL147819,PPARgamma,6.120,,1,0,Active,exact,Cc1cccc(CCCOCCOc2ccc(C[C@H](Nc3ccccc3C(=O)c3ccccc3)C(=O)O)cc2)n1
CHEMBL5084314,PPARgamma,6.430,,1,0,Active,exact,CCS(=O)(=O)Nc1ccc(CNC(=O)c2ccc3c(ccn3Cc3cccc(F)c3)c2)c(C(F)(F)F)c1
CHEMBL5084336,PPARgamma,6.705,,2,0,Active,exact,O=C(NCc1ccc(NS(=O)(=O)C2CC2)cc1C(F)(F)F)c1ccc2c(ccn2Cc2cccc(F)c2)c1
CHEMBL372850,PPARgamma,6.990,,1,0,Active,exact,CC(C)c1cccc(-n2c(C(=O)O)c(Oc3cccc(O)c3)c3ccccc32)c1
CHEMBL5612023,PPARgamma,4.960,,1,0,Inactive,exact,CC[C@H](Oc1ccc(-c2cccc3ccccc23)cc1)C(=O)O.NC1CCCCC1
CHEMBL197738,PPARgamma,5.890,,1,0,,exact,CCCc1c(OCC(C)COc2cccc3c2ccn3CC(=O)O)ccc2c(C(F)(F)F)noc12
CHEMBL373430,PPARgamma,7.140,,1,0,Active,exact,CCOC(Cc1ccc(OCCc2nc(-c3ccccc3)oc2C)cn1)C(=O)O
CHEMBL5207130,PPARgamma,9.400,,3,0,Active,exact,CCc1ccc(-c2nc3cc(NC(=O)c4cc([N+](=O)[O-])ccc4Cl)ccc3o2)cc1
CHEMBL4101759,PPARgamma,6.720,,1,0,Active,exact,CCCc1nc2cc(-c3ccc(Cl)cc3)ccc2n1Cc1ccc(-c2ccccc2C(=O)O)cc1
CHEMBL2035067,PPARgamma,,5.000,0,1,,censored,Cc1cc(SC(c2sc(-c3ccc(C(F)(F)F)cc3)nc2C)C(c2ccccc2)c2ccccc2)ccc1OCC(=O)O
CHEMBL5269274,PPARgamma,,4.319,0,1,Inactive,censored,CCOc1ccc(F)c(N2CC[C@@H](Oc3ccc(N4C[C@H](OC)[C@@H](C)[C@@H]4CC(=O)O)cc3)[C@H](C)C2)c1
CHEMBL3103200,PPARgamma,7.785,,4,0,Active,exact,COC(c1ccc(OC(F)(F)F)cc1)C1CC1c1cc(C)c(OC(C)(C)C(=O)O)c(C)c1
CHEMBL146123,PPARgamma,6.910,,1,0,Active,exact,CN(CCOc1ccc(CC(Nc2ccccc2S(=O)(=O)c2ccccc2)C(=O)O)cc1)c1nc2ccccc2o1
CHEMBL445942,PPARgamma,5.090,,1,0,,exact,Cc1oc(-c2ccccc2)nc1CCOc1cccc(C2CN(C(=O)Oc3ccccc3)CCC2CC(=O)O)c1
CHEMBL338390,PPARgamma,5.770,,1,0,,exact,C/C(=N\OCCOc1ccc(CC2SC(=O)NC2=O)cc1)c1ccccc1
CHEMBL3355869,PPARgamma,7.540,,1,0,Active,exact,C/C(=C\C(=O)c1ccccc1)NC(Cc1ccc(OCCCOc2ccc(/N=N/c3ccc([N+](=O)[O-])cc3)cc2)cc1)C(=O)O
CHEMBL5204936,PPARgamma,8.925,,2,0,Active,exact,Cc1ccc(-n2nc3ccc(NC(=O)c4cc([N+](=O)[O-])ccc4Cl)cc3n2)cc1
CHEMBL394605,PPARgamma,6.120,,1,0,Active,exact,CC1=C(C(=O)O)C(c2ccc(OCCCn3ccc4cccnc43)cc2)NC(=O)N1
CHEMBL4856081,PPARgamma,6.200,,1,0,Active,exact,COc1ccc2c(c1)O/C(=C\c1cc(C)c(OC(C)(C)C(=O)O)c(C)c1)C2=O
CHEMBL3678147,PPARgamma,7.010,,1,0,Active,exact,Cc1c(C)n(C(C)c2cccc(O[C@@H](C)C(=O)O)c2)c2ccc(C(=O)N[C@@H](C)c3cccc(C4CC4)c3)cc12
CHEMBL2024614,PPARgamma,,5.000,0,1,,censored,CCCCCS(=O)(=O)NC(=O)/C=C/c1ccc(OCCOC)cc1Oc1ncccc1Cl
CHEMBL5171660,PPARgamma,4.740,,1,0,Inactive,exact,COc1ccc(/C=C/c2cc(OC)cc(OCc3ccc(OC(C)C(=O)O)c(F)c3)c2)cc1
CHEMBL6167942,PPARgamma,,5.301,0,1,,censored,CC(C)(Oc1ccc(CN2CCN(c3ccc(C(F)(F)F)cc3)C2=O)cc1)C(=O)O
CHEMBL495817,PPARgamma,5.570,,1,1,,exact,COCCCOc1cc(COc2ccc(C(F)(F)F)cc2)ccc1Sc1ccc(OCC(=O)O)c(C)c1C
CHEMBL148319,PPARgamma,5.100,,1,0,,exact,CCCCC[C@H](O)/C=C/[C@@H]1[C@H]2C/C(=C\CCCC(=O)O)C[C@H]2C[C@H]1O
CHEMBL1081003,PPARgamma,5.200,,1,0,,exact,COc1ccc(-c2nc(SCCCCOc3ccc(OCC(=O)O)c(C)c3)sc2-c2ccc(OC)cc2)cc1
CHEMBL491147,PPARgamma,5.800,,1,0,,exact,CC1CCC(NC(=O)NS(=O)(=O)c2ccc(CCNS(=O)(=O)c3ccc(Br)cc3)cc2)CC1
CHEMBL4587922,PPARgamma,5.230,,1,0,,exact,CCCCNC(=O)CN1C(=O)S/C(=C/c2ccc(Cl)cc2)C1=O
CHEMBL123579,PPARgamma,,4.000,0,1,Inactive,censored,C/C(=N\OCCOc1ccc(CC2SC(=O)NC2=O)cc1)c1ccccc1-c1ccccc1
CHEMBL4215365,PPARgamma,4.600,,1,1,Inactive,exact,CCC/C=C1/C(=O)O[C@@H](C)[C@H]1O
CHEMBL3695763,PPARgamma,6.640,,1,0,Active,exact,Cc1c(C)n(Cc2ccc(-c3ccccc3C(=O)O)cc2)c2ccc(C(=O)NCc3cccc(S(C)(=O)=O)c3)cc12
CHEMBL1080349,PPARgamma,,5.000,0,1,,censored,Cc1cc(OCc2nc(-c3ccc(OC(C)C)cc3)c(-c3ccc(OC(F)(F)F)cc3)s2)ccc1OCC(=O)O
CHEMBL1946569,PPARgamma,5.860,,1,0,,exact,C[C@@H](Oc1cc(Cn2c(=O)n(-c3nc4ccc(Cl)cc4s3)c3ccc(C(F)(F)F)cc32)ccc1Cl)C(=O)O
CHEMBL5549754,PPARgamma,,5.000,0,1,,censored,Cc1cc(CN2CCN(c3ccccn3)CC2)cc(C)c1OC(C)(C)C(=O)O
CHEMBL234663,PPARgamma,5.120,,1,0,,exact,O=C(O)COc1ccc(SCc2ccc(OCc3ccccc3)cc2)c2c1CCC2
CHEMBL4288770,PPARgamma,5.110,,1,0,,exact,O=C(O)CC1COc2cc(OCCOc3ccccc3)ccc21
CHEMBL4176512,PPARgamma,7.400,,1,0,Active,exact,Cc1ccc(Oc2ccc3nc(COc4cccc(C(=O)O)c4)n(C)c3c2)cc1
CHEMBL2035068,PPARgamma,,5.000,0,1,,censored,CCC(Sc1ccc(OCC(=O)O)c(C)c1)c1sc(-c2ccc(C(F)(F)F)cc2)nc1C
CHEMBL4096160,PPARgamma,6.390,,1,0,Active,exact,CCCc1nc2cc(-c3ccc(OC)cc3)ccc2n1Cc1ccc(-c2ccccc2C(=O)O)cc1
CHEMBL4636830,PPARgamma,5.310,,1,0,,exact,CCCCCC1=CC(=O)C(C/C=C(\C)CCC=C(C)C)=C(O)C1=O
CHEMBL1089176,PPARgamma,6.850,,1,0,Active,exact,Cc1ccc(OC(=O)N(CC(=O)O)Cc2ccc(OCCc3nc(-c4ccc(Cl)cc4)oc3C)cc2)cc1
CHEMBL5574026,PPARgamma,5.490,,1,0,,exact,CC1(CC/C=N/Nc2nc3ccccc3s2)CCc2cc(OCc3ccc(F)cc3)ccc2O1
CHEMBL4444888,PPARgamma,5.880,,1,0,,exact,CCCCc1nc(C)c(Cc2nc(C(C)C)no2)c(=O)n1Cc1ccc(-c2ccccc2-c2noc(=O)[nH]2)cc1
CHEMBL484138,PPARgamma,8.100,,1,0,Active,exact,CO[C@@H](Cc1ccc(OCCc2nc(-c3cc(C)cc(C)c3)oc2C)c2ccsc12)C(=O)O
CHEMBL4758029,PPARgamma,6.730,,1,0,Active,exact,COc1cc(Oc2ccc3nc(COc4cccc(C(=O)O)c4)n(C)c3c2)ccn1
CHEMBL3699409,PPARgamma,8.100,,1,0,Active,exact,Cc1c(C)n(Cc2ccc(-c3ccccc3C(=O)O)cc2)c2ccc(C(=O)N[C@@H](C)c3cc(C4CC4)ccn3)cc12
CHEMBL3678145,PPARgamma,6.920,,1,0,Active,exact,Cc1c(C)n(Cc2cccc(C(C)(C)C#N)c2)c2ccc(C(=O)N[C@@H](C)c3cccc(C4CC4)c3)cc12
CHEMBL1801734,PPARgamma,6.530,,1,0,Active,exact,Cc1cc(C)c2nc(C(C)C)n([C@H]3CCc4cc(-c5ccccc5-c5nnn[nH]5)ccc43)c2n1
CHEMBL3393182,PPARgamma,4.760,,1,0,Inactive,exact,CSc1ccc(C(=O)Nc2ccccc2C(=O)Nc2cccc(CC(=O)O)c2)cc1
CHEMBL4061965,PPARgamma,6.020,,1,0,Active,exact,O=S(=O)(Nc1cc(Cl)c(Oc2cnc3ccccc3c2)c(Cl)c1)c1ccc(Br)c(C(F)(F)F)c1
CHEMBL4445084,PPARgamma,8.800,,1,0,Active,exact,CCCCCC[C@@H](Sc1nc2ccc(NS(=O)(=O)c3ccc(Cl)cc3Cl)cc2s1)C(=O)O
CHEMBL119097,PPARgamma,6.080,,1,0,Active,exact,COC(=O)C(Cc1ccc(OCCOc2ccc3c(c2)C(C)(C)CCC3(C)C)cc1)C(N)=O
CHEMBL117764,PPARgamma,5.690,,1,0,,exact,CC1(C)CCC(C)(C)c2cc(OCCOc3ccc(CC(C(=O)O)C(=O)O)cc3)ccc21
CHEMBL333304,PPARgamma,6.500,,2,0,Active,exact,CN(CCOc1ccc(C[C@H]2SC(=O)NC2=O)cc1)c1ccccn1
CHEMBL513215,PPARgamma,6.420,,1,0,Active,exact,O=S(=O)(/C=C/c1ccccc1)Oc1cccc(Oc2ccccc2)c1
CHEMBL565198,PPARgamma,7.750,,1,0,Active,exact,CCO[C@@H](Cc1ccc(OCCN2CCC(C)(C)c3cc(/C(=N/OC)c4ccccc4)ccc32)cc1)C(=O)O
CHEMBL1760005,PPARgamma,5.200,,1,0,,exact,CCCCN(c1cccc(-c2ccc(OC(F)(F)F)cc2)c1Cl)S(=O)(=O)c1ccc(OC(C)C(=O)O)c(C)c1C
CHEMBL1813008,PPARgamma,10.300,,1,0,Active,exact,CCO[C@@H](Cc1ccc(OCCc2nc(-c3cccs3)oc2C)cc1)C(=O)O
CHEMBL491324,PPARgamma,5.470,,1,0,,exact,CC1CCC(NC(=O)NS(=O)(=O)c2ccc(CCNS(=O)(=O)c3ccccc3)cc2)CC1
CHEMBL4167706,PPARgamma,6.700,,1,0,Active,exact,Cn1c(COc2cccc(C(=O)O)c2)nc2ccc(Oc3ncccc3Cl)cc21
CHEMBL1254667,PPARgamma,5.410,,1,0,,exact,O[C@@H]1[C@H](O)CS[C@H]1Cn1cnc2c(NCc3cccc(F)c3)nc(Cl)nc21
CHEMBL2338481,PPARgamma,7.100,,2,0,Active,exact,NC(=O)c1cncc(Oc2c(Cl)cc(NS(=O)(=O)c3ccc(Cl)cc3Cl)cc2Cl)c1
CHEMBL3699396,PPARgamma,8.520,,3,0,Active,exact,Cc1ccccc1[C@H](C)NC(=O)c1ccc2c(c1)c(C)c(C)n2Cc1ccc(-c2ccccc2C(=O)O)cc1
CHEMBL3764076,PPARgamma,6.520,,1,0,Active,exact,CCC(Cc1ccc(C(=O)NCc2ccc(Oc3ccccc3)cc2)cc1)C(=O)O
CHEMBL218497,PPARgamma,,5.000,0,1,,censored,O=C(O)c1ccc(-c2noc(-c3ccccc3)c2C(=O)NCCOc2ccc(Cl)cc2Cl)cc1
CHEMBL3695780,PPARgamma,9.270,,3,0,Active,exact,COc1ccc([C@@H](C)NC(=O)c2ccc3c(c2)c(C)c(C)n3Cc2ccc(-c3ccccc3C(=O)O)cc2)cc1
CHEMBL5198152,PPARgamma,5.310,,1,0,,exact,CC1(C)C=Cc2cc3c(cc2O1)C[C@H](c1ccc(O)cc1)CC3=O
CHEMBL82034,PPARgamma,7.925,,2,0,Active,exact,Cc1oc(-c2ccccc2)nc1CCOc1ccc(CC(C)(Oc2ccccc2)C(=O)O)cc1
CHEMBL2259814,PPARgamma,7.640,,1,0,Active,exact,CCCc1cc(Oc2ccc(O)cc2)ccc1OCCCOc1ccc(C2SC(=O)NC2=O)cc1
CHEMBL523650,PPARgamma,6.090,,1,0,Active,exact,CCO[C@@H](Cc1cccc(C2=NOC(c3ccc(Cl)cc3)C2)c1)C(=O)O
CHEMBL5071964,PPARgamma,6.070,,1,0,Active,exact,COc1ccc(CNC(=O)c2ccc3c(ccn3Cc3cccc(F)c3)c2)c(C(F)(F)F)c1
CHEMBL2037581,PPARgamma,,5.000,0,1,,censored,Cc1cc(SC(CCCCCc2ccccc2)c2sc(-c3ccc(C(F)(F)F)cc3)nc2C)ccc1OCC(=O)O
CHEMBL4746218,PPARgamma,5.850,,1,0,,exact,C=CC(c1ccccc1)c1c(O)cc(O)c2c(=O)cc(-c3ccccc3)oc12
CHEMBL5193666,PPARgamma,5.970,,1,0,,exact,Cc1cc(CC(=O)O)cc(OCCC2CCN(c3nc4ccc(Cl)cc4s3)CC2)c1
CHEMBL3985281,PPARgamma,5.410,,1,0,,exact,CCCCCc1nc2ccccc2n1Cc1ccc(-c2ccccc2C(N)=O)cc1
CHEMBL4100158,PPARgamma,8.400,,1,0,Active,exact,O=S(=O)(Nc1cc(Cl)c(Oc2cnc3ccccc3c2)c(Cl)c1)c1ccc(Br)cc1OC(F)(F)F
CHEMBL4286027,PPARgamma,8.570,,1,0,Active,exact,CCCc1nc2ccccc2n1Cc1ccc2c(c1)COc1ccccc1/C2=C(\C)c1noc(=O)[nH]1
CHEMBL230730,PPARgamma,7.320,,1,0,Active,exact,COc1ccc(C(=O)NC[C@H](Cc2ccc(OCCc3nc(-c4ccccc4)oc3C)cc2)Nc2ccccc2C(=O)c2ccccc2)cc1
CHEMBL15594,PPARgamma,5.800,,1,0,,exact,CCCCC/C=C\C/C=C\C/C=C\C/C=C\CCCC(=O)O
CHEMBL4533202,PPARgamma,4.280,,1,0,Inactive,exact,Cc1c(Br)ccc(Nc2cc(Cl)nc(SCC(=O)O)n2)c1C
CHEMBL278994,PPARgamma,7.540,,2,0,Active,exact,CCCc1c(OCCCSc2ccc(CC(=O)O)cc2Cl)ccc2c(-c3ccccc3)coc12
CHEMBL4483378,PPARgamma,5.820,,1,0,,exact,CCCCCCC(Sc1nc2ccc(NCc3cccc(Cl)c3)cc2s1)C(=O)O
CHEMBL3905699,PPARgamma,7.600,,1,0,Active,exact,CCc1cc(OCCc2nc(-c3ccc([N+](=O)[O-])cc3)oc2C)ncc1CCC(=O)O
CHEMBL257165,PPARgamma,6.670,,1,0,Active,exact,Cc1oc(-c2ccccc2)nc1CCOc1ccc(CC2CN(C(=O)OCC(C)C)CCC2C(=O)O)cc1
CHEMBL2031954,PPARgamma,6.050,,1,0,Active,exact,CC(C)=CCC/C(C)=C/Cc1c(O)cc(/C=C/c2ccc(C=O)cc2)cc1O
CHEMBL597956,PPARgamma,,5.000,0,1,,censored,O=C(NCCS(=O)(=O)c1ccc(C(F)(F)F)cn1)c1ccc(C2CCCCC2)cc1
CHEMBL82293,PPARgamma,4.520,,1,0,Inactive,exact,CCCCCCCCCCCCCCCC(=O)O
CHEMBL3695887,PPARgamma,7.720,,1,0,Active,exact,Cc1c(C)n(Cc2ccc(-c3ccccc3)cc2)c2ccc(C(=O)NCc3ccc(F)cc3F)cc12
CHEMBL342292,PPARgamma,8.320,,1,0,Active,exact,Cc1nc(-c2ccccc2)nn1CCOc1ccc(C[C@H](Nc2ccccc2C(=O)c2ccccc2)C(=O)O)cc1
CHEMBL4098415,PPARgamma,6.240,,1,0,Active,exact,O=C(O)CCCc1cc2cc(C(F)(F)F)ccc2n1S(=O)(=O)c1ccc(OC(F)(F)F)cc1
CHEMBL2377530,PPARgamma,7.460,,1,0,Active,exact,CCCOc1ccc(C[C@@H](Cc2ccccc2)C(=O)O)cc1CNC(=O)c1ccc(-c2ncccn2)cc1
CHEMBL5594089,PPARgamma,5.660,,1,0,,exact,C[C@@H]1C[C@H](O)[C@@]2(COC(=O)c3ccc(N(C)C)cc3)C(=O)CCC[C@@H]2[C@@]1(C)CCC1=CC(=O)OC1
CHEMBL3828487,PPARgamma,5.690,,1,0,,exact,COC(=O)N(CC(=O)O)Cc1cc(OCc2nc(-c3ccc(C(F)(F)F)cc3)oc2C)ccc1F
CHEMBL3598153,PPARgamma,,5.000,0,1,,censored,O=C(c1c(Cl)cccc1C(F)(F)F)c1nc(N2CCC(C(=O)O)CC2)c2ccccn12
CHEMBL522577,PPARgamma,5.500,,1,0,,exact,COc1ccc2c(ccn2S(=O)(=O)c2cccc(C(=O)Nc3ccc(Cl)cc3C(=O)O)c2)c1C
CHEMBL396694,PPARgamma,6.270,,1,0,Active,exact,Cc1oc(-c2ccccc2)nc1CCOc1cccc(CN(CC(=O)O)Cc2cc3ccccc3[nH]2)c1
CHEMBL843,PPARgamma,7.360,,2,0,Active,exact,CN(CCOc1ccc(CC2SC(=O)NC2=O)cc1)c1ccccn1.O=C(O)/C=C\C(=O)O
CHEMBL2338483,PPARgamma,6.850,,2,0,Active,exact,O=S(=O)(Nc1ccc(Oc2cncc(Cl)c2)c(C(F)(F)F)c1)c1ccc(Cl)cc1Cl
CHEMBL4165852,PPARgamma,7.400,,1,0,Active,exact,CCOc1cccc(Oc2ccc3nc(COc4cccc(C(=O)O)c4)n(C)c3c2)c1
CHEMBL3678121,PPARgamma,7.130,,1,0,Active,exact,Cc1c(C)n(Cc2cccc(OCC#N)c2)c2ccc(C(=O)N[C@@H](C)c3cccc(C(C)C)c3)cc12
CHEMBL1080363,PPARgamma,,5.000,0,1,,censored,COc1ccc(-c2nc(COc3ccc(OCC(=O)O)c(C)c3)oc2-c2ccc(OC)cc2)cc1
CHEMBL496136,PPARgamma,5.100,,1,0,,exact,O=C(Nc1ccc(Cl)cc1C(=O)O)c1cccc(S(=O)(=O)N2CCc3c(cccc3C(=O)O)C2)c1
CHEMBL5085291,PPARgamma,5.790,,1,0,,exact,O=C(COc1ccc2cc(/C=C3/SC(=O)NC3=O)ccc2c1)Nc1ccc([N+](=O)[O-])cc1
CHEMBL5075951,PPARgamma,5.750,,1,0,,exact,Cc1cc(Cn2ncn(-c3ccc(C(F)(F)F)cc3)c2=O)cc(Cl)c1OC(C)(C)C(=O)O
CHEMBL408577,PPARgamma,5.320,,1,0,,exact,CCOC(=O)CN(CCCOc1ccc2ccccc2c1)c1ccc(OC)cc1
CHEMBL247925,PPARgamma,6.640,,1,0,Active,exact,Cc1oc(-c2ccccc2)nc1CCOc1ccc(CN(CC(=O)O)Cc2ccc(Oc3ccccc3)cc2)cc1
CHEMBL5432530,PPARgamma,5.260,,1,0,,exact,O[C@@H]1[C@H](O)[C@@H]2C[C@@H]2[C@H]1Cn1cnc2c(NCc3cccc(C(F)(F)F)c3)nc(Cl)nc21
CHEMBL2180634,PPARgamma,5.700,,1,0,,exact,O=C(NCc1ccccc1Cn1cccc1C(=O)O)Nc1ccc(OC(F)(F)F)cc1
CHEMBL3639982,PPARgamma,7.230,,1,0,Active,exact,Cc1c(C)n(Cc2ccc(-c3ccccc3C(=O)O)cc2)c2ccc(C(=O)N[C@@H](C)c3ccc(C4CC4)nc3)cc12
CHEMBL4466322,PPARgamma,4.980,,1,0,Inactive,exact,C/C=C/C=C/C(O)=C1/C(=O)[C@@]2(C)[C@H]3/C(=C(O)\C=C\C=C\C)C(=O)[C@@]4(C)[C@@H]1[C@]1(C)O[C@@]4(O)[C@@]3(C)O[C@@]12O
CHEMBL382525,PPARgamma,,5.000,0,1,,censored,CCC(C(=O)O)C1CCc2cc(OCc3nc(-c4ccccc4)oc3C(F)(F)F)ccc21
CHEMBL5074383,PPARgamma,6.750,,3,0,Active,exact,Cc1cc2cc(C(=O)NCc3ccc(CS(=O)(=O)C4CC4)cc3C(F)(F)F)ccc2n1Cc1cccc(F)c1
CHEMBL5430889,PPARgamma,,5.301,0,1,,censored,Cc1cc(CN2CC(=O)N(c3ccc(C(F)(F)F)cc3)C2=O)cc(C)c1OC(C)(C)C(=O)O
CHEMBL515106,PPARgamma,6.290,,2,0,Active,exact,Cc1oc(-c2ccccc2)nc1CCOc1cccc(Cc2nn(-c3ccccc3)nc2C(=O)O)c1
CHEMBL97529,PPARgamma,6.480,,1,0,Active,exact,CCCc1cc(Oc2ccc(C3CCCC3)cc2)ccc1OCCCOc1cccc(C2SC(=O)NC2=O)c1
CHEMBL2011539,PPARgamma,4.310,,1,0,Inactive,exact,COc1cc([C@H]2OC[C@@H]3[C@H]2CO[C@H]3c2ccc3c(c2)OCO3)ccc1O
CHEMBL149605,PPARgamma,7.435,,2,0,Active,exact,O=C(c1ccccc1)c1ccccc1N[C@@H](Cc1ccc(OCCc2ccc(Cl)cc2)cc1)C(=O)O
CHEMBL483351,PPARgamma,6.100,,1,0,Active,exact,COC(Cc1ccc(OCCc2nc(-c3ccccc3C)oc2C)c2ccccc12)C(=O)O
CHEMBL479207,PPARgamma,7.060,,7,0,Active,exact,CCCCCCCN(CCc1ccc(O[C@](C)(CC)C(=O)O)cc1)c1nc2ccccc2o1
CHEMBL363006,PPARgamma,,4.301,0,1,Inactive,censored,CC(C)[C@@]1(C(=O)O)Cc2cc(OCCOc3ccc(OC(F)(F)F)cc3Cl)ccc2O1
CHEMBL5590953,PPARgamma,5.900,,1,0,,exact,C/C=C(\C)C(=O)OC[C@@]12C(=O)C[C@@H](C)[C@](C)(CCC3=CC(=O)OC3)[C@H]1CCC[C@]2(O)CCl
CHEMBL5589973,PPARgamma,,4.699,0,1,Inactive,censored,C/C=C(\C)C(=O)OC[C@@]12[C@@H](OC(C)=O)C[C@@H](C)[C@](C)(CCC3=CC(=O)OC3)[C@H]1CCC[C@]2(O)COC(C)=O
CHEMBL5283176,PPARgamma,6.500,,2,0,Active,exact,O=C(NCc1ccccc1)c1ccc(Br)c(C(=O)Nc2ccccc2)c1
CHEMBL5422924,PPARgamma,5.930,,1,0,,exact,CSc1ccc(N2CC(=O)N(Cc3cc(C)c(OC(C)(C)C(=O)O)c(C)c3)C2=O)cc1
CHEMBL367360,PPARgamma,7.080,,1,0,Active,exact,COc1ccc2c(c1)c(Cc1ccccc1OC(C)C(=O)O)c(C)n2C(=O)c1ccc(Cl)cc1
CHEMBL3695790,PPARgamma,,6.000,0,1,,censored,Cc1c(C)n(Cc2ccc(-c3ccccc3-c3nnn[nH]3)cc2)c2ccc(C(=O)N[C@@H](C)c3ccc(Br)cc3)cc12
CHEMBL5092961,PPARgamma,5.700,,1,0,,exact,COc1ccc(-n2cnn(Cc3cc(C)c(OC(C)(C)C(=O)O)c(C)c3)c2=O)cc1
CHEMBL2035071,PPARgamma,,5.000,0,1,,censored,Cc1cc(SC(CC(C)C)c2sc(-c3ccc(C(F)(F)F)cc3)nc2C)ccc1OCC(=O)O
CHEMBL555484,PPARgamma,7.270,,1,0,Active,exact,CO/N=C(\c1ccccc1)c1ccc2c(c1)C(C)(C)CCN2CCOc1ccc(C[C@H](Nc2ccccc2C(=O)c2ccccc2)C(=O)O)cc1
CHEMBL2024610,PPARgamma,8.170,,1,0,Active,exact,CCCCCS(=O)(=O)NC(=O)C(Cc1ccc(OCCOC)cc1Oc1ncc(C(F)(F)F)cc1Cl)OC
CHEMBL327767,PPARgamma,6.540,,1,0,Active,exact,CCCc1cc(Oc2ccc(CC(C)C)cc2)ccc1OCCCOc1cccc(C2SC(=O)NC2=O)c1
CHEMBL387914,PPARgamma,5.660,,1,0,,exact,CCC(Cc1ccc(OC)c(CNC(=O)c2ccc(C(F)(F)F)cc2F)c1)C(=O)O
CHEMBL3699384,PPARgamma,7.700,,1,0,Active,exact,Cc1c(C)n(Cc2ccc(-c3ccccc3)cc2)c2ccc(C(=O)N[C@@H](C)[C@H]3CCCN3C(=O)OCc3ccccc3)cc12
CHEMBL477119,PPARgamma,6.010,,7,0,Active,exact,CCCCCCCN(CCc1ccc(O[C@@](C)(CC)C(=O)O)cc1)c1nc2ccccc2o1
CHEMBL3695857,PPARgamma,8.700,,1,0,Active,exact,CCC(NC(=O)c1ccc2c(c1)c(C)cn2Cc1ccc(-c2ccccc2C(=O)O)cc1)c1ccccc1
CHEMBL356784,PPARgamma,6.330,,1,0,Active,exact,COc1c(Br)cccc1COc1ccc(C[C@H](Nc2ccccc2C(=O)c2ccccc2)C(=O)O)cc1
CHEMBL3941555,PPARgamma,5.880,,1,0,,exact,CCCCNC(=O)NS(=O)(=O)c1ccc(NCC(=O)N2CC(=O)Nc3ccccc32)cc1
CHEMBL200916,PPARgamma,7.430,,1,0,Active,exact,CCC(C(=O)O)C1CCc2cc(OCCc3nc(-c4cc5ccccc5s4)oc3C)ccc21
CHEMBL5202264,PPARgamma,5.800,,1,0,,exact,CCOC(=O)CC/C(C)=C/CCC1(C)CCc2cc(OCc3ccccc3)ccc2O1
CHEMBL3678156,PPARgamma,7.210,,1,0,Active,exact,COc1ccc(Cn2c(C)c(C)c3cc(C(=O)N[C@@H](C)c4ccc(C(C)(C)C)cc4)ccc32)cc1O[C@@H](C)C(=O)O
CHEMBL1801736,PPARgamma,5.740,,1,0,,exact,CCc1nc2c(C)c(C)c(C)nc2n1[C@H]1CCc2cc(-c3ccccc3-c3nnn[nH]3)ccc21
CHEMBL4539507,PPARgamma,5.380,,1,0,,exact,CCC/C(=C\c1cc(OCc2ccc3nc(C)ccc3c2)ccc1OCc1ccc(F)cc1)C(=O)O
CHEMBL1935499,PPARgamma,7.520,,1,0,Active,exact,C/C=C/C=C/C(=O)N1Cc2cc(OCCc3nc(/C=C/CCC(C)C)oc3C)ccc2C[C@H]1C(=O)O.CC(C)(C)N
CHEMBL122418,PPARgamma,7.230,,1,0,Active,exact,CCCc1cc(CC2CCCCC2)ccc1OCCCOc1cccc(C2SC(=O)NC2=O)c1
CHEMBL118274,PPARgamma,6.820,,1,0,Active,exact,COC(=O)C(Cc1ccc(OCCOc2ccc3c(c2)C(C)(C)CCC3(C)C)cc1)C(=O)OC
CHEMBL1090212,PPARgamma,5.390,,1,0,,exact,Cc1ccc(OC(=O)N(CC(=O)O)Cc2cccc(OCc3sc(-c4ccc(Cl)cc4)nc3C)c2)cc1
CHEMBL598609,PPARgamma,,5.000,0,1,,censored,O=C(NCCS(=O)(=O)c1ccc(C(F)(F)F)cn1)c1ccc(-c2ccccc2)cc1
CHEMBL5590921,PPARgamma,,4.699,0,1,Inactive,censored,C/C=C(\C)C(=O)OC[C@@]12[C@@H](OC(C)=O)C[C@@H](C)[C@](C)(CCC3=CC(=O)OC3)[C@H]1CCC[C@H]2C(=O)O
CHEMBL202240,PPARgamma,6.670,,1,0,Active,exact,O=C(O)Cn1ccc2cc(OCCCOc3ccc(C(=O)c4ccc(F)cc4)cc3)ccc21
CHEMBL5277165,PPARgamma,6.570,,1,0,Active,exact,Cc1cc(CC(=O)O)cc(CN2CCN(c3nc4ccc(C(F)(F)F)cc4s3)[C@H](C(C)C)C2)c1
CHEMBL385974,PPARgamma,5.640,,1,0,,exact,Cc1oc(-c2ccccc2)nc1CCOc1ncc(CC2(C(=O)O)CCCO2)cn1
CHEMBL1082114,PPARgamma,,5.000,0,1,,censored,COc1ccc(-c2nc(COc3ccc(OCC(=O)O)c(C)c3)oc2-c2ccc(OC(F)(F)F)cc2)cc1
CHEMBL3695911,PPARgamma,7.700,,1,0,Active,exact,CC[C@@H](NC(=O)c1ccc2c(c1)c(C)c(C)n2Cc1ccccc1-c1cccc(C(=O)O)c1)c1ccccc1
CHEMBL197848,PPARgamma,7.120,,1,0,Active,exact,CC(C)(C)c1ccc(-n2c(C(=O)O)c(Oc3cccc(C(F)(F)F)c3)c3cccnc32)cc1
CHEMBL4579147,PPARgamma,7.640,,2,0,Active,exact,C/C(=C1/c2ccc(Cn3c(C4CC4)nc4c(Cl)nccc43)cc2COc2cc(F)ccc21)c1noc(=O)[nH]1
CHEMBL5403187,PPARgamma,5.440,,1,0,,exact,Cc1cc(CN2C(=O)CN(c3ccc(F)cc3)C2=O)cc(C)c1OC(C)(C)C(=O)O
CHEMBL3398442,PPARgamma,6.045,,2,0,Active,exact,CCOC(=O)N1C[C@@H](Cc2ccc(OCCc3nc(-c4ccccc4)oc3C)cc2)[C@@H](C(=O)O)C1
CHEMBL5178616,PPARgamma,6.010,,1,0,Active,exact,Cc1ccc(OCCC2CCN(c3nc4ccc(Cl)cc4s3)CC2)cc1CC(=O)O
CHEMBL148664,PPARgamma,7.140,,1,0,Active,exact,O=C(c1ccccc1)c1ccccc1N[C@@H](Cc1ccc(OC[C@@H]2CCCN2c2ccc([N+](=O)[O-])cc2)cc1)C(=O)O
CHEMBL200893,PPARgamma,7.340,,1,0,Active,exact,CC[C@H](C(=O)O)[C@@H]1CCc2cc(OCCc3nc(-c4ccc(F)cc4)oc3C)ccc21
CHEMBL485187,PPARgamma,8.520,,1,0,Active,exact,CCO[C@@H](Cc1ccc(OCCc2nc(-c3ccc(-c4ccccc4)cc3)oc2C)c2ccsc12)C(=O)O
CHEMBL386307,PPARgamma,7.100,,1,0,Active,exact,O=C(NS(=O)(=O)c1ccccc1C(F)(F)F)c1cc2ccccc2n1Cc1cccc(C(F)(F)F)c1
CHEMBL381889,PPARgamma,6.530,,1,0,Active,exact,CC(C)(C)c1ccc(-n2c(C(=O)O)c(Oc3ccc(Cl)cc3)c3ccc(OC(F)(F)F)cc32)cc1
CHEMBL1801714,PPARgamma,5.880,,1,0,,exact,CCCc1nc2c(C)cc(C)nc2n1[C@H]1CCc2cc(-c3ccccc3-c3nnn[nH]3)ccc21
CHEMBL374705,PPARgamma,6.420,,1,0,Active,exact,O=C(NS(=O)(=O)c1cccc(C(F)(F)F)c1)c1cc2ccccc2n1Cc1cc(Cl)ccc1Cl
CHEMBL198207,PPARgamma,7.770,,1,0,Active,exact,CC(C)(C)c1ccc(-n2c(C(=O)O)c(Oc3cccc(C(F)(F)F)c3)c3cc(Cl)ccc32)cc1
CHEMBL3397556,PPARgamma,5.350,,1,0,,exact,CC(C)CO/N=C/c1ccc(OC(Cc2ccccc2)C(=O)[O-])cc1.[Na+]
CHEMBL3699360,PPARgamma,7.600,,1,0,Active,exact,Cc1c(C)n(Cc2ccc(-c3ccccc3C(=O)O)cc2)c2ccc(C(=O)N[C@@H](C)C3COc4ccccc4O3)cc12
CHEMBL363780,PPARgamma,,4.824,0,1,Inactive,censored,CC(C)(C)C1(C(=O)O)Cc2cc(OCCCOc3ccc(CC(F)(F)F)cc3Cl)ccc2O1
CHEMBL200162,PPARgamma,8.220,,1,0,Active,exact,CC[C@H](C(=O)O)[C@@H]1CCc2cc(OCCc3nc(-c4ccccc4)oc3C)ccc21
CHEMBL1934308,PPARgamma,5.230,,1,0,,exact,COc1ccc(-c2cccc(C(=O)O)c2)cc1CNC(=O)c1ccc(Oc2ccccc2)cc1
CHEMBL5182665,PPARgamma,7.075,,2,0,Active,exact,Cc1ccc(-c2nc3ccc(NC(=O)c4cc([N+](=O)[O-])ccc4Cl)cc3o2)cc1
CHEMBL25259,PPARgamma,6.160,,4,0,Active,exact,Cc1oc(-c2ccc(-c3ccccc3)cc2)nc1CCOc1ccc(OC(C)(C)C(=O)O)cc1
CHEMBL355924,PPARgamma,5.840,,1,0,,exact,O=C(c1ccccc1)c1ccccc1N[C@@H](Cc1ccc(OCCc2scnc2-c2ccccc2)cc1)C(=O)O
CHEMBL2435489,PPARgamma,,4.324,0,1,Inactive,censored,O=C(O)Cn1ccc2cc(OCc3ccccc3)ccc21
CHEMBL115463,PPARgamma,5.680,,1,0,,exact,O=C(O)C(Cc1ccc(OCCOc2ccc3c(c2)CCCC3)cc1)C(=O)O
CHEMBL2024605,PPARgamma,8.070,,1,0,Active,exact,COCCOc1ccc(CCC(=O)NS(=O)(=O)c2ccc(Cl)cc2)c(Oc2ncc(C(F)(F)F)cc2Cl)c1
CHEMBL3695910,PPARgamma,8.400,,1,0,Active,exact,CC[C@@H](NC(=O)c1ccc2c(ccn2Cc2ccccc2-c2cccc(C(=O)O)c2)c1)c1ccccc1
CHEMBL517436,PPARgamma,7.660,,1,0,Active,exact,Cc1c(Oc2ccc(Cl)cc2)c2ccc(C(F)(F)F)nc2n1Cc1ccc(Cl)c(O[C@@H](C)C(=O)O)c1
CHEMBL149780,PPARgamma,8.590,,1,0,Active,exact,CN(CCOc1ccc(CC(Nc2cscc2C(=O)c2ccccc2)C(=O)O)cc1)c1nc2ccccc2o1
CHEMBL3765763,PPARgamma,5.700,,1,0,,exact,CCC(Cc1ccc(C(=O)NCc2ccc(OC(F)(F)F)cc2)cc1)C(=O)O
CHEMBL4445012,PPARgamma,6.580,,1,0,Active,exact,CCCCCCC(Sc1nc2ccc(NS(=O)(=O)c3ccc(-c4ccccc4)cc3)cc2s1)C(=O)O
CHEMBL4787702,PPARgamma,6.000,,1,0,Active,exact,O=C(c1ccccc1)c1ccccc1N[C@@H](Cc1ccc(/N=N/c2ccccc2)cc1)C(=O)O
CHEMBL3598150,PPARgamma,5.750,,1,0,,exact,O=C(c1c(Cl)cccc1C(F)(F)F)c1nc(C2=CCC(C(=O)O)CC2)c2ccccn12
CHEMBL3699377,PPARgamma,8.700,,1,0,Active,exact,Cc1c(C)n(Cc2ccc(-c3ccccc3)cc2)c2ccc(C(=O)N[C@H](C)c3cccc(C(F)(F)F)c3Cl)cc12
CHEMBL4872922,PPARgamma,5.380,,1,0,,exact,Cc1cc(COc2ccc3c(c2)O/C(=C\c2ccc(C(F)(F)F)cc2)C3=O)cc(C)c1OC(C)(C)C(=O)O
CHEMBL147721,PPARgamma,6.960,,1,0,Active,exact,CCO[C@@H](Cc1ccc(OC/C=C/C#Cc2ccc(C#C/C=C/COc3ccc(C[C@H](OCC)C(=O)O)cc3)cc2)cc1)C(=O)O
CHEMBL144112,PPARgamma,6.500,,1,0,Active,exact,CCO[C@@H](Cc1ccc(OC/C=C(\C)c2ccc(-c3ccc(/C(C)=C/COc4ccc(C[C@H](OCC)C(=O)O)cc4)cc3)cc2)cc1)C(=O)O
CHEMBL3398443,PPARgamma,7.100,,4,0,Active,exact,Cc1oc(-c2ccccc2)nc1CCOc1ccc(C[C@@H]2CN(C(=O)Oc3ccccc3)C[C@@H]2C(=O)O)cc1
CHEMBL4876041,PPARgamma,5.620,,1,0,,exact,O=C(CCCOc1ccc(Cl)cc1Cl)N[C@@H](Cc1c[nH]c2ccccc12)C(=O)O
CHEMBL1080369,PPARgamma,,5.000,0,1,,censored,Cc1cc(OCc2nc(-c3ccc4c(c3)OCO4)c(-c3ccc(OC(F)(F)F)cc3)s2)ccc1OCC(=O)O
CHEMBL118756,PPARgamma,6.310,,1,0,Active,exact,CCCc1cc(C2CCCCC2)ccc1OCCCOc1cccc(C2OC(=O)NC2=O)c1
CHEMBL1801737,PPARgamma,5.870,,1,0,,exact,CCc1c(C)nc2c(nc(CC)n2[C@H]2CCc3cc(-c4ccccc4-c4nnn[nH]4)ccc32)c1C
CHEMBL376051,PPARgamma,5.610,,1,0,,exact,CCn1c(C(=O)NS(=O)(=O)c2cccc(C(F)(F)F)c2)cc2ccccc21
CHEMBL79426,PPARgamma,6.920,,1,0,Active,exact,Cc1oc(-c2cccs2)nc1CCOc1ccc(C[C@@](C)(Oc2ccccc2)C(=O)O)cc1
CHEMBL197866,PPARgamma,7.850,,1,0,Active,exact,CCC(C(=O)O)C1CCc2cc(OCCc3nc(-c4ccc5c(c4)OCO5)oc3C)ccc21
CHEMBL3695886,PPARgamma,8.100,,1,0,Active,exact,Cc1c(C)n(Cc2ccc(-c3ccccc3)cc2)c2ccc(C(=O)N[C@@H](C)c3ccc(C(C)C)cc3)cc12
CHEMBL4545684,PPARgamma,8.640,,2,0,Active,exact,COCc1nc2cc(Cl)ccn2c1Cc1ccc2c(c1)COc1cc(F)ccc1/C2=C(\C)c1noc(=O)[nH]1
CHEMBL4861711,PPARgamma,6.380,,1,0,Active,exact,CCCOc1ccc2c(c1)O/C(=C\c1cc(C)c(OC(C)(C)C(=O)O)c(C)c1)C2=O
CHEMBL3398461,PPARgamma,6.470,,1,1,Active,exact,Cc1oc(-c2ccccc2)nc1CCOc1ccc(CC[C@H]2CN(C(=O)Oc3ccccc3)C[C@@H]2C(=O)O)cc1
CHEMBL1641713,PPARgamma,5.720,,1,0,,exact,COc1ccc(C(=O)c2cccn2C/C=C/c2cccc(OCC(=O)O)c2)cc1
CHEMBL436337,PPARgamma,6.850,,1,0,Active,exact,COc1cccc(Cn2c(C(=O)NS(=O)(=O)c3cccc(C(F)(F)F)c3)cc3ccccc32)c1
CHEMBL4745294,PPARgamma,5.540,,1,0,,exact,O=C1NC(=O)C(Cc2ccc(/N=N/c3ccc(Cl)cc3)cc2)S1
CHEMBL412371,PPARgamma,6.420,,2,0,Active,exact,Cc1oc(-c2ccccc2)nc1CCOc1ccc(C[C@@](C)(Oc2ccccc2)C(=O)O)cc1
CHEMBL1081601,PPARgamma,,5.000,0,1,,censored,COc1ccc(-c2nc(COc3ccc(OCC(=O)O)c(C)c3)oc2-c2ccc(C(F)(F)F)cc2)cc1
CHEMBL3763373,PPARgamma,5.400,,1,0,,exact,CCC(Cc1ccc(C(=O)NCc2ccccc2C)cc1)C(=O)O
CHEMBL2237300,PPARgamma,9.000,,3,0,Active,exact,Cc1oc(C2CCCCC2)nc1CCOc1ccc(C[C@H](Oc2ccccc2)C(=O)O)cc1
CHEMBL526740,PPARgamma,7.400,,1,0,Active,exact,CCO[C@@H](Cc1cccc(/C(C)=N/OCc2ccc(I)cc2)c1)C(=O)O
CHEMBL4592882,PPARgamma,4.970,,2,0,Inactive,exact,Cc1c(C)n(Cc2ccc(-c3ccccc3C(=O)O)cc2)c2ccc(C(=O)NCC3CCNCC3)cc12
CHEMBL427040,PPARgamma,5.340,,1,0,,exact,CCCc1c(OCCCN(C)c2ccc(CC(=O)O)c(C)c2)ccc2c(C(F)(F)F)noc12
CHEMBL3601092,PPARgamma,,4.000,0,1,Inactive,censored,O=C(NCC1CCCCC1)c1ccc(NC(=O)c2cccc(CN3C(=O)OC[C@H]3Cc3ccccc3)c2)cc1
CHEMBL5088299,PPARgamma,5.990,,1,0,,exact,O=C(NCc1ccc(CS(=O)(=O)C2CC2)cc1C(F)(F)F)c1ccc2c(ccn2S(=O)(=O)c2cccc(F)c2)c1
CHEMBL4558373,PPARgamma,8.050,,2,0,Active,exact,COc1cc(CNC(=O)c2ccc3c(c2)c(C)c(C)n3Cc2cccc(C(F)(F)F)c2)ccc1O
CHEMBL5178658,PPARgamma,,5.000,0,1,,censored,O=c1[nH]cc(CSc2ccc(C(F)(F)F)cc2)[nH]c1=O
CHEMBL4847989,PPARgamma,,5.000,0,1,,censored,C=Cc1ccc(Cn2nc(CCCc3ccc(OC(C)(C)C(=O)O)cc3)n(Cc3ccc(C)cc3)c2=O)cc1
CHEMBL4171153,PPARgamma,8.000,,1,0,Active,exact,CCOC(=O)C(Cc1ccc(OCCn2c(=O)sc3cc(/C=C/c4cc(O)cc(O)c4)ccc32)cc1)OCC
CHEMBL2035070,PPARgamma,,5.000,0,1,,censored,CCCCC(Sc1ccc(OCC(=O)O)c(C)c1)c1sc(-c2ccc(C(F)(F)F)cc2)nc1C
CHEMBL5435068,PPARgamma,6.110,,1,0,Active,exact,CCC1(CCOc2cc(CC(=O)O)ccc2Cl)CCN(c2nc3ccc(Cl)cc3s2)CC1
CHEMBL118887,PPARgamma,6.380,,1,0,Active,exact,CCCc1c(OCCOc2ccc3c(ccn3CC(=O)O)c2)ccc2c(C(F)(F)F)noc12
CHEMBL3963887,PPARgamma,5.680,,1,0,,exact,O=C(Cc1ccccn1)OCc1ccc(CC(SCCc2ccc(F)cc2)C(=O)O)cc1
CHEMBL3934455,PPARgamma,5.500,,1,0,,exact,CCCc1nc2ccccc2n1Cc1ccc(-c2ccccc2C(N)=O)cc1
CHEMBL484409,PPARgamma,8.700,,1,0,Active,exact,CO[C@@H](Cc1ccc(OCCc2nc(-c3ccc(C(C)C)cc3)oc2C)c2ccsc12)C(=O)O
CHEMBL314483,PPARgamma,5.570,,5,0,,exact,CCO[C@@H](Cc1ccc(OCC=C(c2ccccc2)c2ccccc2)cc1)C(=O)O
CHEMBL574386,PPARgamma,6.070,,1,0,Active,exact,O=C(O)C(Cc1ccccc1)Oc1ccc(CCc2ccccc2)cc1
CHEMBL3976126,PPARgamma,5.380,,1,0,,exact,O=C(Cc1cccc(SCc2ccccc2C(=O)O)c1)OCc1ccc(-n2cccn2)cc1
CHEMBL1946753,PPARgamma,7.850,,1,0,Active,exact,Cc1ccc2c(-n3c(=O)n(Cc4ccc(Cl)c(O[C@H](C)C(=O)O)c4)c4cc(C(F)(F)F)ccc43)noc2c1
CHEMBL107789,PPARgamma,4.360,,1,0,Inactive,exact,CC[C@@H](Cc1ccc(OC)c(C(=O)NCc2ccc(C(F)(F)F)cc2)c1)C(=O)O
CHEMBL1946952,PPARgamma,7.180,,1,0,Active,exact,COc1ccc2c(-n3c(=O)n(Cc4ccc(Cl)c(O[C@@H](C)C(=O)O)c4)c4cc(C(F)(F)F)ccc43)noc2c1
CHEMBL3335658,PPARgamma,5.240,,1,0,,exact,CC(C)(C)c1ccc(C(=O)Nc2ccccc2C(=O)Nc2cc(C(=O)O)ccc2F)cc1
CHEMBL180019,PPARgamma,5.520,,1,0,,exact,CC(C)Cc1ccc(OCCCOc2ccc3c(c2)O[C@@](C)(C(=O)O)CC3)c(Cl)c1
CHEMBL221342,PPARgamma,7.100,,1,0,Active,exact,O=C(NS(=O)(=O)c1cccc(C(F)(F)F)c1)c1cc2ccccc2n1Cc1cccc(C(F)(F)F)c1
CHEMBL2322443,PPARgamma,6.990,,1,0,Active,exact,CCc1nc2ccn(Cc3ccccc3F)c(=O)c2n1[C@H]1CCc2cc(-c3ccccc3-c3nnn[nH]3)ccc21
CHEMBL4127761,PPARgamma,5.630,,1,0,,exact,O=C1NC(=O)C(Cc2ccc(OCCn3cnc4ccccc43)cc2)S1
CHEMBL3397557,PPARgamma,5.680,,1,0,,exact,O=C(O)C(Cc1ccccc1)Oc1ccc(/C=N/OCc2ccccc2)cc1
CHEMBL5278648,PPARgamma,5.850,,1,0,,exact,CC1CN(c2nc3ccc(Cl)cc3s2)CCC1CCOc1cc(CC(=O)O)ccc1Cl
CHEMBL549746,PPARgamma,8.400,,1,0,Active,exact,CC[C@H](Oc1cccc(Cn2c(C)c(C(=O)c3ccc(Cl)cc3)c3ccc(OC(F)(F)F)cc32)c1)C(=O)O
CHEMBL272336,PPARgamma,6.170,,1,0,Active,exact,Cc1oc(-c2ccc(Cl)cc2)nc1CCOc1cccc(C[C@@H]2C(=O)N(c3ccc(C(C)(C)C)cc3)[C@@H]2C(=O)O)c1
CHEMBL573252,PPARgamma,5.850,,1,0,,exact,O=C(O)C(Cc1ccccc1)Oc1ccc(SCc2ccccc2)cc1
CHEMBL455126,PPARgamma,7.180,,1,0,Active,exact,COc1ccc(C(=O)c2c(C)n(Cc3cccc(O[C@@H](C)C(=O)O)c3)c3ncccc23)cc1
CHEMBL5429423,PPARgamma,5.470,,1,0,,exact,COc1ccc(N2CC(=O)N(Cc3cc(C)c(OC(C)(C)C(=O)O)c(C)c3)C2=O)cc1
CHEMBL190976,PPARgamma,,4.824,0,1,Inactive,censored,CC[C@@]1(C(=O)O)Cc2cc(OCCCOc3ccc(CCC(F)(F)F)cc3Cl)ccc2O1
CHEMBL5087861,PPARgamma,5.780,,1,0,,exact,Nc1ccc(CNC(=O)c2ccc3c(ccn3Cc3cccc(F)c3)c2)c(C(F)(F)F)c1
CHEMBL4251393,PPARgamma,5.010,,1,0,,exact,O=C(O)[C@H](Cc1ccc(-c2ccc(O[C@@H](Cc3ccccc3)C(=O)O)cc2)cc1)Oc1ccc(-c2ccccc2)cc1
CHEMBL104458,PPARgamma,5.680,,1,0,,exact,CN[C@@H](Cc1ccc(OCCc2nc(-c3ccccc3)oc2C)cc1)C(=O)O
CHEMBL5425250,PPARgamma,,4.699,0,1,Inactive,censored,C[C@@H]1CCCN1c1cc(-c2ccccc2O)nnc1N
CHEMBL393767,PPARgamma,,5.000,0,1,,censored,O=C(O)Cn1ccc2cc(OCc3cc(-c4ccc(C(F)(F)F)cc4)on3)ccc21
CHEMBL5080057,PPARgamma,4.880,,1,0,Inactive,exact,Cc1nc(-c2ccc(C(F)(F)F)c(F)c2)sc1COc1ccc(/C=C/C(=O)O)cc1
CHEMBL458899,PPARgamma,,4.301,0,1,Inactive,censored,OC[C@H]1O[C@@H](O[C@H](CCc2ccc(O)c(O)c2)C[C@H](O)CCc2ccc(O)cc2)[C@H](O)[C@@H](O)[C@@H]1O
CHEMBL2331773,PPARgamma,7.720,,2,0,Active,exact,CC(=O)c1cc(NS(=O)(=O)c2ccc(Cl)cc2Cl)cc(Cl)c1Oc1cncc(Cl)c1
CHEMBL3763278,PPARgamma,5.700,,1,0,,exact,CCOC(=O)C(Cc1ccc(C(=O)NCc2ccccc2C(F)(F)F)cc1)c1ccccc1
CHEMBL485291,PPARgamma,5.560,,1,0,,exact,CCO[C@@H](Cc1cccc(C2=NOC(c3ccc(C(C)(C)C)cc3)C2)c1)C(=O)O
CHEMBL1760423,PPARgamma,5.300,,1,0,,exact,CCCCN(c1cccc(-c2ccccc2Cl)c1C)S(=O)(=O)c1ccc(OC(C)C(=O)O)c(C)c1C
CHEMBL557580,PPARgamma,6.610,,1,0,Active,exact,COc1ccc(OC(=O)N(CC(=O)O)Cc2ccc(OCCc3nc(-c4ccccc4)oc3C)cc2)cc1.Cl
CHEMBL3699364,PPARgamma,6.650,,1,0,Active,exact,Cc1c(C)n(Cc2ccc(-c3ccccc3C(=O)O)cc2)c2ccc(C(=O)N[C@@H](C)c3ccc4c(c3)CCO4)cc12
CHEMBL200043,PPARgamma,6.870,,1,0,Active,exact,CCC(C(=O)O)C1CCc2cc(OCCc3nc(C4CCCCC4)oc3C)ccc21
CHEMBL4089775,PPARgamma,5.900,,1,0,,exact,COc1ccccc1S(=O)(=O)n1c(CCCC(=O)O)cc2cc(C(F)(F)F)ccc21
CHEMBL3959364,PPARgamma,7.240,,1,0,Active,exact,O=C(OCc1nc(-c2ccccc2)oc1C(F)(F)F)c1ccc(CC(SCCc2ccc(F)cc2)C(=O)O)cc1
CHEMBL263466,PPARgamma,5.460,,1,0,,exact,Cc1oc(-c2ccccc2)nc1CCOc1ccc(CC2(C(=O)O)CCCCC2)cn1
CHEMBL4289768,PPARgamma,6.700,,1,0,Active,exact,COc1cc(C(=O)NS(=O)(=O)c2cccc(F)c2)ccc1Cc1cn(C)c2ccc(NC(=O)NC3CCCCC3)cc12
CHEMBL1081603,PPARgamma,,5.000,0,1,,censored,COc1ccc(-c2sc(COc3ccc(OCC(=O)O)c(C)c3)nc2C)cc1
CHEMBL197636,PPARgamma,7.220,,1,0,Active,exact,CC(C)c1cccc(-n2c(C(=O)O)c(Oc3cccc(C(F)(F)F)c3)c3ccccc32)c1
CHEMBL112973,PPARgamma,5.665,,2,0,,exact,CCC1(C(=O)O)CCc2ccc(OCCCOc3ccc(Oc4ccccc4)cc3F)cc2O1
CHEMBL383728,PPARgamma,5.720,,1,0,,exact,CCCc1c(OCCCn2ccc3cc(CC(=O)O)ccc32)ccc2c(C(F)(F)F)noc12
CHEMBL465800,PPARgamma,,4.301,0,1,Inactive,censored,OC[C@H]1O[C@@H](O[C@H](CCc2ccc(O)c(O)c2)C[C@H](O)CCc2ccc(O)c(O)c2)[C@H](O)[C@@H](O)[C@@H]1O
CHEMBL518507,PPARgamma,5.430,,1,0,,exact,O=C(O)CSc1nc(OCCc2ccccc2)cc(OCCc2ccccc2)n1
CHEMBL3699440,PPARgamma,6.540,,1,0,Active,exact,Cc1c(C)n(Cc2ccc(-c3ccccc3C(=O)NS(C)(=O)=O)cc2)c2ccc(C(=O)N[C@@H](C)c3cccc(C(C)C)c3)cc12
CHEMBL4587597,PPARgamma,5.080,,1,0,,exact,CCCc1nc2c(Br)cccc2n1Cc1ccc(-c2ccccc2C(=O)O)cc1
CHEMBL247926,PPARgamma,6.120,,1,0,Active,exact,Cc1oc(-c2ccccc2)nc1CCOc1ccc(CN(CC(=O)O)Cc2cccc3ccccc23)cc1
CHEMBL3355864,PPARgamma,7.080,,1,0,Active,exact,C/C(=C\C(=O)c1ccccc1)NC(Cc1ccc(OCCOc2ccc(/C=C/c3ccc(C(F)(F)F)cc3)cc2)cc1)C(=O)O
CHEMBL5532117,PPARgamma,5.750,,1,0,,exact,Cc1cc(CN2CCN(c3ccc(C(F)(F)F)cn3)CC2)cc(C)c1OC(C)(C)C(=O)O
CHEMBL4212837,PPARgamma,,5.000,0,1,,censored,CN(Cc1ccccc1OCCC/C=C/C(=O)O)C(=O)c1ccc(-c2ccco2)cc1
CHEMBL524829,PPARgamma,5.200,,1,0,,exact,COc1ccc2c(c1)CCN(S(=O)(=O)c1cccc(C(=O)Nc3ccc(Cl)cc3C(=O)O)c1)C2
CHEMBL301156,PPARgamma,5.760,,2,0,,exact,CCCc1cc(Oc2ccccc2)ccc1OCCCCOc1ccc(C2SC(=O)NC2=O)cc1
CHEMBL5416466,PPARgamma,6.200,,1,0,Active,exact,Cc1ccc(N2CC(=O)N(Cc3cc(C)c(OC(C)(C)C(=O)O)c(C)c3)C2=O)cc1
CHEMBL2322177,PPARgamma,,4.000,0,1,Inactive,censored,CCc1nc2cc[nH]c(=O)c2n1[C@H]1CCc2cc(-c3ccccc3-c3nnn[nH]3)ccc21
CHEMBL342990,PPARgamma,7.370,,1,0,Active,exact,CSc1nc(NC(Cc2ccc(OCCN(C)c3nc4ccccc4o3)cc2)C(=O)O)c(C(=O)c2ccccc2)s1
CHEMBL597350,PPARgamma,,5.000,0,1,,censored,O=C(NCCS(=O)(=O)c1ccccn1)c1ccc(Cl)cc1
CHEMBL1089317,PPARgamma,5.050,,1,0,,exact,CC(C)CCNc1cc(Cl)nc(SC(C(=O)O)c2cccc3ccccc23)n1
CHEMBL3678099,PPARgamma,7.540,,1,0,Active,exact,CCC(NC(=O)c1ccc2c(c1)c(C)c(C)n2Cc1ccc(Cl)cc1)c1ccccc1
CHEMBL359377,PPARgamma,6.790,,1,0,Active,exact,O=C(c1ccccc1)c1ccccc1N[C@@H](Cc1ccc(OCc2ccccc2)cc1)C(=O)O
CHEMBL3699362,PPARgamma,7.480,,1,0,Active,exact,Cc1c(C)n(Cc2ccc(-c3ccccc3C(=O)O)cc2)c2ccc(C(=O)N[C@@H](C)c3c(F)cncc3F)cc12
CHEMBL3906547,PPARgamma,4.750,,1,0,Inactive,exact,Cc1cccc(C)c1COC(=O)Cc1ccc(SCc2ccccc2C(=O)O)cc1
CHEMBL594625,PPARgamma,9.770,,1,0,Active,exact,O=C(NC1CCC1)[C@H]1S[C@@H](n2cnc3c(NCc4cccc(I)c4)ncnc32)[C@H](O)[C@@H]1O
CHEMBL4069460,PPARgamma,5.860,,1,0,,exact,CCCc1nc2ccc(-c3ccccc3Cl)cc2n1Cc1ccc(-c2ccccc2C(=O)O)cc1
CHEMBL1629930,PPARgamma,6.010,,1,0,Active,exact,O=C(Oc1ccc([N+](=O)[O-])cc1)c1cn(-c2ccccc2)nc1-c1ccccc1
CHEMBL147282,PPARgamma,7.180,,1,0,Active,exact,CN(CCOc1ccc(CC(Nc2ccccc2C(=O)c2ccc(OCc3ccccc3)cc2)C(=O)O)cc1)c1nc2ccccc2o1
CHEMBL1079981,PPARgamma,,5.000,0,1,,censored,COc1ccc(-c2nc(COc3cccc(OCC(=O)O)c3)sc2-c2ccc(C(F)(F)F)cc2)cc1
CHEMBL374363,PPARgamma,6.160,,1,0,Active,exact,O=C(NS(=O)(=O)c1ccc(C(F)(F)F)cc1)c1cc2ccccc2n1Cc1ccc(C(F)(F)F)cc1
CHEMBL3973785,PPARgamma,7.050,,2,0,Active,exact,Cc1oc(-c2ccccc2)nc1CCOC(=O)c1ccc(CC(SCCc2ccc(F)cc2)C(=O)O)cc1
CHEMBL2282521,PPARgamma,7.620,,2,0,Active,exact,Cc1oc(-c2ccccc2)nc1CCOc1ccc(C[C@@]2(C(=O)O)CCOCCO2)cc1
CHEMBL5406894,PPARgamma,5.780,,1,0,,exact,CCc1ccc(N2CC(=O)N(Cc3cc(C)c(OC(C)(C)C(=O)O)c(C)c3)C2=O)cc1
CHEMBL4174996,PPARgamma,7.700,,1,0,Active,exact,COc1cc(/C=C/c2ccc3c(c2)sc(=O)n3CCOc2ccc(CC(OCC(F)(F)F)C(=O)O)cc2)cc(OC)c1
CHEMBL5278892,PPARgamma,6.100,,1,0,Active,exact,C[C@H]1CN(c2nc3ccc(Cl)cc3s2)CCN1CCOc1cc(CC(=O)O)ccc1Cl
CHEMBL425666,PPARgamma,5.750,,1,0,,exact,CCOc1ccc(CC(CC)C(=O)O)cc1CNC(=O)c1ccc(C(F)(F)F)cc1
CHEMBL562864,PPARgamma,8.000,,1,0,Active,exact,Cc1c(C(=O)c2ccc(Cl)cc2)c2ccc(OC(F)(F)F)cc2n1Cc1cccc(O[C@@H](C(=O)O)C(C)C)c1
CHEMBL1729254,PPARgamma,7.140,,1,0,Active,exact,COc1cc(CCc2ccccc2)c(C(=O)O)c(O)c1C/C=C(/C)CCC=C(C)C
CHEMBL323008,PPARgamma,5.560,,2,0,,exact,CCCc1cc(Oc2ccccc2)ccc1OCCCCOc1ccc2c(c1)CCC(C(=O)O)O2
CHEMBL371832,PPARgamma,,4.301,0,1,Inactive,censored,CCCc1cc(C(=O)CC)cc(CCC)c1CC(C(=O)O)c1ccc(C(C)C)cc1
CHEMBL1935617,PPARgamma,7.050,,1,0,Active,exact,CC(C)(C)N.CCOC/C=C/C(=O)N1Cc2cc(OCCc3nc(/C=C/CCC(C)C)oc3C)ccc2C[C@H]1C(=O)O
CHEMBL1927476,PPARgamma,,6.000,0,1,,censored,CC/C=C\C/C=C\C/C=C\C/C=C\CC/C=C/C=C/C(=O)O
CHEMBL4776398,PPARgamma,,5.000,0,1,,censored,Cc1ncccc1Oc1ccc2nc(COc3cccc(C(=O)O)c3)n(C)c2c1
CHEMBL398183,PPARgamma,7.290,,1,0,Active,exact,Cc1oc(-c2ccccc2)nc1CCOc1ccc(C[C@@H](CNC(=O)C2CCCNC2)Nc2ccccc2C(=O)c2ccccc2)cc1
CHEMBL200760,PPARgamma,7.340,,1,0,Active,exact,CCc1oc(-c2ccccc2)nc1CCOc1ccc2c(c1)CCC2C(CC)C(=O)O
CHEMBL4215434,PPARgamma,,5.000,0,1,,censored,C/C(=C\CCCOc1ccccc1CN(C)C(=O)c1ccc(-c2ccco2)cc1)C(=O)O
CHEMBL4164769,PPARgamma,6.870,,1,0,Active,exact,Cn1c(COc2cccc(C(=O)O)c2)nc2ccc(Oc3cc(F)ccc3F)cc21
CHEMBL201880,PPARgamma,7.230,,2,0,Active,exact,CCCc1c(OCCCOc2ccc3c(ccn3CC(=O)O)c2)ccc2cc(C(=O)c3ccccc3)ccc12
CHEMBL119798,PPARgamma,5.440,,1,0,,exact,CCOc1ccc(COc2ccc(NC(=O)c3ccc(Cl)cc3Cl)c(C(=O)[O-])c2)cc1.[Li+]
CHEMBL3263247,PPARgamma,5.260,,1,0,,exact,O=C(O)c1cccc(NC(=O)c2ccccc2NC(=O)c2ccc3ccccc3c2)c1
CHEMBL4062558,PPARgamma,6.820,,1,0,Active,exact,O=S(=O)(Nc1cc(Cl)c(Oc2cnc3ccccc3c2)c(Cl)c1)c1ccc(Br)cc1
CHEMBL5200843,PPARgamma,8.240,,1,1,Active,exact,CCc1ccc(-c2nc3cc(NC(=O)c4cc(C(F)(F)F)ccc4Cl)ccc3o2)cc1
CHEMBL5078556,PPARgamma,5.840,,1,0,,exact,Cc1cc(Cn2ncn(-c3ccc(C(F)(F)F)cc3)c2=O)cc(C)c1OC(C)(C)C(=O)O
CHEMBL5082783,PPARgamma,,5.301,0,1,,censored,Cc1cc(OCn2ncn(-c3ccc(C(F)(F)F)cc3)c2=O)cc(C)c1OC(C)(C)C(=O)O
CHEMBL147935,PPARgamma,8.900,,1,0,Active,exact,Cc1cc(CCOc2ccc(C[C@H](Nc3ccccc3C(=O)c3ccccc3)C(=O)O)cc2)nn1-c1ccccc1
CHEMBL2337127,PPARgamma,7.300,,3,0,Active,exact,COc1cc(CCc2ccccc2)c(C(=O)O)c(O)c1C/C=C(\C)CCC=C(C)C
CHEMBL380070,PPARgamma,7.420,,1,0,Active,exact,CCOC(Cc1ccc2c(ccn2Cc2nc(-c3cc(C)cc(C)c3)oc2C)c1)C(=O)O
CHEMBL4284280,PPARgamma,5.280,,1,0,,exact,O=C(O)CC1COc2cc(OCCCOc3ccccc3)ccc21
CHEMBL3596269,PPARgamma,,5.000,0,1,,censored,O=C(c1c(Cl)cccc1C(F)(F)F)c1nc(N2CC[C@@H](C(=O)O)[C@H](O)C2)c2ccccn12
CHEMBL4079968,PPARgamma,7.030,,1,0,Active,exact,O=S(=O)(Nc1cc(Cl)c(Oc2cnc3ccccc3c2)c(Cl)c1)c1ccc(Br)cc1C(F)(F)F
CHEMBL4170351,PPARgamma,6.130,,1,0,Active,exact,Cn1c(COc2cccc(C(=O)O)c2)nc2ccc(Oc3cccc(Cl)n3)cc21
CHEMBL149647,PPARgamma,8.700,,1,0,Active,exact,COCn1c(-c2ccccc2)nc(C)c1CCOc1ccc(C[C@H](Nc2ccccc2C(=O)c2ccccc2)C(=O)O)cc1
CHEMBL498401,PPARgamma,5.100,,1,0,,exact,O=C(O)COc1cccc2c1CCN(S(=O)(=O)c1cccc(C(=O)Nc3ccc(Cl)cc3C(=O)O)c1)C2
CHEMBL4443588,PPARgamma,5.820,,1,0,,exact,CCCCc1nc(C)c(CC(=O)OCC(C)C)c(=O)n1Cc1ccc(-c2ccccc2-c2noc(=O)[nH]2)cc1
CHEMBL3699433,PPARgamma,,6.301,0,1,,censored,Cc1c(C)n(Cc2ccc(-c3ccccc3C(=O)N3CC[C@H](O)C3)cc2)c2ccc(C(=O)N[C@@H](C)c3cccc(C(C)C)c3)cc12
CHEMBL3947936,PPARgamma,5.210,,1,0,,exact,CCCc1nc2ccccc2n1Cc1ccc(-c2cccc(C(=O)O)c2)cc1
CHEMBL5631076,PPARgamma,,4.000,0,1,Inactive,censored,C[C@H](CCC(=O)NCCOCCOCCOCCOCCOCCOCCOCCOCCOCCOCCOCCOCCOCCOCCOCCNC(=O)c1ccc2c(-c3ccc(C(=O)O)cc3)nn(C(=O)c3c(Cl)cccc3C(F)(F)F)c2c1)[C@H]1CC[C@H]2[C@@H]3CC=C4C[C@@H](O)CC[C@]4(C)[C@H]3CC[C@]12C
CHEMBL2204701,PPARgamma,5.230,,1,0,,exact,CC(C)(Oc1ccc(CCOc2ccc(C(=O)/C=C/c3ccccc3)cc2)cc1)C(=O)O
CHEMBL245674,PPARgamma,5.540,,1,0,,exact,Cc1oc(-c2ccccc2)nc1CCOc1ccc(CN(CC(=O)O)Cc2ccccn2)cc1
CHEMBL375270,PPARgamma,8.700,,1,0,Active,exact,O=C(Nc1ccccc1)c1cc([N+](=O)[O-])ccc1Cl
CHEMBL5180328,PPARgamma,6.010,,2,0,Active,exact,O=C(O)Cc1ccc(Cl)c(OCCC2CCN(c3nc4ccc(Cl)cc4s3)CC2)c1
CHEMBL3613709,PPARgamma,5.400,,1,0,,exact,COc1cccc(CC(=O)N2Cc3ccc(S(=O)(=O)Nc4cnn(C5CCC5)n4)cc3C2)c1
CHEMBL148596,PPARgamma,8.830,,1,0,Active,exact,CN(CCOc1ccc(CC(Nc2ccccc2C(=O)c2ccccc2)C(=O)O)cc1)c1nc2ccccc2o1
CHEMBL5406333,PPARgamma,5.800,,1,0,,exact,Cc1ccc(CC(=O)O)cc1OCCC1(N2CCCC2)CCN(c2nc3ccc(Cl)cc3s2)CC1
CHEMBL207907,PPARgamma,5.920,,1,0,,exact,CCCc1c(OCCCn2ccc3cc(CCC(=O)O)ccc32)ccc2c(C(F)(F)F)noc12
CHEMBL418695,PPARgamma,5.410,,1,0,,exact,O=C1NC(=O)C(Cc2ccc(OCCn3ccc4ccccc43)cc2)S1
CHEMBL473961,PPARgamma,5.700,,2,0,,exact,Cc1oc(-c2ccccc2)nc1CCOc1cccc(Cc2cn(C)cc2C(=O)O)c1
CHEMBL520508,PPARgamma,5.400,,1,0,,exact,CCCCCCC#CC1=CC(=O)[C@H](CCCCCCC)[C@@H]1OCCCCCC(=O)O
CHEMBL163333,PPARgamma,5.445,,2,0,,exact,COc1cccc(/C=C2/C(C)=C(CC(=O)O)c3cc(F)ccc32)c1
CHEMBL199432,PPARgamma,7.310,,1,0,Active,exact,CCC(C(=O)O)C1CCc2cc(OCCc3nc(-c4ccccc4F)oc3C)ccc21
CHEMBL346219,PPARgamma,8.190,,1,0,Active,exact,CCc1ccc(CCOc2ccc(C[C@H](Nc3ccccc3C(=O)c3ccccc3)C(=O)O)cc2)nc1
CHEMBL3598141,PPARgamma,5.820,,2,0,,exact,O=C(O)c1ccc(-c2nc(C(=O)c3c(Cl)cccc3C(F)(F)F)n3ccccc23)cc1
CHEMBL5085903,PPARgamma,5.690,,1,0,,exact,Cc1cc(CCn2ncn(-c3ccc(C(F)(F)F)cc3)c2=O)cc(C)c1OC(C)(C)C(=O)O
CHEMBL111480,PPARgamma,6.145,,2,0,Active,exact,CC1(C(=O)O)CCc2ccc(OCCCOc3ccc(Oc4ccccc4)cc3Cl)cc2O1
CHEMBL4513808,PPARgamma,,5.000,0,1,,censored,Cc1c(C2(C(F)(F)F)CC2)nc(C2CC2)n1-c1c(Cl)ccc(N2CC3(CC(C(=O)O)C3)C2)c1Cl
CHEMBL3695870,PPARgamma,7.700,,1,0,Active,exact,COc1cc(OC)cc([C@H](C)NC(=O)c2ccc3c(c2)c(C)c(C)n3Cc2ccc(-c3ccccc3)cc2)c1
CHEMBL4245601,PPARgamma,,5.000,0,1,,censored,Cc1cc(SC(Cc2c(F)cccc2Cl)c2ccc(-c3ccccc3)cc2)ccc1OCC(=O)O
CHEMBL5517948,PPARgamma,4.950,,1,0,Inactive,exact,COc1cc(/C=C2\SC(Nc3ccc(S(N)(=O)=O)cc3)=NC2=O)ccc1OCCc1ccccc1
CHEMBL484962,PPARgamma,7.680,,1,0,Active,exact,CCO[C@@H](Cc1ccc(OCCc2nc(-c3ccccc3)oc2C)c2ccsc12)C(=O)O
CHEMBL5087638,PPARgamma,5.750,,1,0,,exact,Cc1cc(Cn2ncn(-c3ccc(-c4ccccc4)cc3)c2=O)cc(C)c1OC(C)(C)C(=O)O
CHEMBL5411276,PPARgamma,5.830,,1,0,,exact,Cc1cc(CN2C(=O)CN(Cc3ccc(C(F)(F)F)cc3)C2=O)cc(C)c1OC(C)(C)C(=O)O
CHEMBL190169,PPARgamma,6.360,,1,0,Active,exact,CCCc1cc2c(=O)n(C3CCCCC3)oc2c(CCC)c1O[C@H](C(=O)O)c1ccc(C(C)C)cc1
CHEMBL5082042,PPARgamma,5.950,,1,0,,exact,COc1ccc(CNC(=O)c2ccc3c(c2)ncn3Cc2cccc(F)c2)c(C(F)(F)F)c1
CHEMBL3678123,PPARgamma,6.970,,1,0,Active,exact,Cc1c(C)n(Cc2ccc(O[C@H](C)C(=O)O)cc2)c2ccc(C(=O)N[C@@H](C)c3cccc(C(C)C)c3)cc12
CHEMBL385585,PPARgamma,6.110,,1,0,Active,exact,O=C(NS(=O)(=O)c1cccc(C(F)(F)F)c1)c1cc2cc(OCc3ccccc3)ccc2n1Cc1cccc(C(F)(F)F)c1
CHEMBL281608,PPARgamma,5.700,,1,0,,exact,CC(C)(Sc1ccc(CCN(CCc2ccc(-c3ccccc3)cc2)C(=O)Nc2cc(Cl)cc(Cl)c2)cc1)C(=O)O
CHEMBL4862239,PPARgamma,6.025,,2,0,Active,exact,CC1=C(CC(=O)O)c2cc(F)ccc2/C1=C\c1cccc(OCc2ccccc2)c1
CHEMBL3335672,PPARgamma,5.520,,1,0,,exact,COc1ccc(C(=O)Nc2cccc(C(=O)O)c2)c(NC(=O)c2ccc(C(C)(C)C)cc2)c1
CHEMBL474148,PPARgamma,5.840,,2,0,,exact,Cc1oc(-c2ccccc2)nc1CCOc1cccc(Cc2c(C(=O)O)cnn2-c2ccccc2)c1
CHEMBL117738,PPARgamma,6.820,,1,0,Active,exact,CCCc1cc(C=C2CCCCC2)ccc1OCCCOc1cccc(C2SC(=O)NC2=O)c1
CHEMBL65805,PPARgamma,9.400,,1,0,Active,exact,CN(CCOc1ccc(CC(Oc2ccccc2)C(=O)O)cc1)c1nc2ccccc2o1
CHEMBL217932,PPARgamma,,5.000,0,1,,censored,CC(C)c1onc(-c2cccc(CC(=O)O)c2)c1C(=O)NCCOc1ccc(Cl)cc1Cl
CHEMBL3781424,PPARgamma,6.160,,1,0,Active,exact,COc1c(CC=C(C)C)c(O)c(C(=O)O)c(CCc2ccccc2)c1CC=C(C)C
CHEMBL214921,PPARgamma,8.220,,1,0,Active,exact,Cc1cc(OCC[C@@H](C)Oc2ccc(OC(F)(F)F)cc2Oc2ccccc2)ccc1CCC(=O)O
CHEMBL482824,PPARgamma,6.550,,1,0,Active,exact,CCO[C@@H](Cc1cccc(/C(C)=N/OCc2ccc(C(C)(C)C)cc2)c1)C(=O)O
CHEMBL1079739,PPARgamma,,5.000,0,1,,censored,COc1ccc(-c2nc(COc3ccc(OCC(=O)O)c(C)c3)sc2/C=C/c2ccccc2)cc1
CHEMBL3982782,PPARgamma,6.090,,1,0,Active,exact,CN1CCN(CC(=O)OCc2ccc(CC(SCCc3ccc(F)cc3)C(=O)O)cc2)CC1
CHEMBL491924,PPARgamma,5.620,,1,0,,exact,CC(=O)Nc1ccc(S(=O)(=O)NCCc2ccc(S(=O)(=O)NC(=O)NC3CCC(C)CC3)cc2)cc1C
CHEMBL5406591,PPARgamma,5.720,,1,0,,exact,O[C@@H]1C[C@@H]2C[C@]2(Cn2cnc3c(NCc4cccc(I)c4)nc(Cl)nc32)[C@@H]1O
CHEMBL4277928,PPARgamma,6.820,,1,0,Active,exact,CCCc1nc(-c2ccccc2)cn1Cc1ccc2c(c1)COc1ccccc1/C2=C(\C)c1noc(=O)[nH]1
CHEMBL446365,PPARgamma,7.935,,2,0,Active,exact,Cc1oc(-c2ccccc2)nc1CCOc1ccc(CCC(=O)O)c2c1CCN(C(=O)OCC(C)C)C2
CHEMBL83612,PPARgamma,7.750,,1,0,Active,exact,C=CCC/C=C/C(=O)N(C)CCOc1ccc(CC2SC(=O)NC2=O)cc1
CHEMBL197971,PPARgamma,7.080,,1,0,Active,exact,CCC(C(=O)O)C1CCc2cc(OCCc3nc(-c4ccc(OC)c(OC)c4)oc3C)ccc21
CHEMBL4470753,PPARgamma,5.545,,2,0,,exact,Cc1cc(Cc2cc(-c3ccc(Br)cc3)on2)cc(C)c1OC(C)(C)C(=O)O
CHEMBL366207,PPARgamma,5.330,,1,0,,exact,CCCc1cc(C(=O)c2ccccc2)cc(CCC)c1OC(C(=O)O)c1ccccc1
CHEMBL3699374,PPARgamma,7.280,,1,0,Active,exact,Cc1c(C)n(Cc2ccc(-c3ccccc3)cc2)c2ccc(C(=O)N[C@@H](C)c3ccc(C(F)(F)F)c(F)c3)cc12
CHEMBL256142,PPARgamma,6.300,,1,0,Active,exact,CCCOC(=O)N1C=C(Cc2cccc(OCCc3nc(-c4ccccc4)oc3C)c2)C(C(=O)O)CC1
CHEMBL5593788,PPARgamma,4.910,,1,0,Inactive,exact,CCC(C)C(=O)O[C@@H](C[C@@]1(C)[C@H](C)C[C@H](OC(C)=O)[C@]2(COC(C)=O)[C@@H]1CCC[C@]21CO1)C1=CC(=O)OC1
CHEMBL4756972,PPARgamma,5.200,,1,0,,exact,O=C1NC(=O)C(Cc2ccc(/N=N\c3ccccc3)cc2)S1
CHEMBL3678144,PPARgamma,5.400,,1,0,,exact,Cc1c(C)n(Cc2cccc(O[C@@H](C)C(=O)O)c2Cl)c2ccc(C(=O)N[C@@H](C)c3ccc(C(C)(C)C)cc3)cc12
CHEMBL4460559,PPARgamma,5.580,,1,0,,exact,CCCC/C(=C\c1cc(OCc2ccc3nc(C(F)(F)F)cc(OC)c3c2)ccc1OCc1ccc(OC(F)F)cc1)C(=O)O
CHEMBL1641708,PPARgamma,4.920,,1,0,Inactive,exact,COc1ccc(C(=O)c2cc(C)cn2C/C=C/c2ccc(Cl)cc2C(=O)NS(C)(=O)=O)cc1
CHEMBL4465311,PPARgamma,6.230,,1,0,Active,exact,CCCCc1nc(C(C)C)c(Cc2nc(C(C)(C)C)no2)c(=O)n1Cc1ccc(-c2ccccc2-c2noc(=O)[nH]2)cc1
CHEMBL107367,PPARgamma,8.940,,10,0,Active,exact,Cc1oc(-c2ccccc2)nc1CCOc1ccc(C[C@H](Nc2ccccc2C(=O)c2ccccc2)C(=O)O)cc1
CHEMBL5080474,PPARgamma,5.870,,1,0,,exact,CS(=O)(=O)Cc1ccc(CNC(=O)c2ccc3c(ccn3Cc3cccc(F)c3)c2)c(C(F)(F)F)c1
CHEMBL360919,PPARgamma,,4.824,0,1,Inactive,censored,COc1ccc(OCCCOc2ccc3c(c2)O[C@@](C)(C(=O)O)CC3)c(Cl)c1
CHEMBL4458208,PPARgamma,5.510,,1,0,,exact,O=C(O)CSc1nc(Cl)cc(Nc2ccc(Cl)c3c2CCC3)n1
CHEMBL573018,PPARgamma,6.140,,1,0,Active,exact,O=C(O)C(Cc1ccccc1)Oc1ccc(/C=C/c2ccccc2)cc1
CHEMBL3397548,PPARgamma,4.370,,1,0,Inactive,exact,O=C(O)C(Cc1ccccc1)Oc1ccc(/C=N/O)cc1
CHEMBL4104828,PPARgamma,6.450,,1,0,Active,exact,Cc1nc2ccc(Br)cc2c(=O)n1CC(=O)Nc1ccc(S(=O)(=O)NC(=O)NC2CCCCC2)cc1
CHEMBL371778,PPARgamma,6.280,,1,0,Active,exact,CCCc1c(O[C@H](C(=O)O)c2ccc(C(C)C)cc2)c(Cl)cc2c1oc(=O)n2CC
CHEMBL583759,PPARgamma,4.890,,1,0,Inactive,exact,O=C(O)C(Cc1ccccc1)Oc1ccc(NCc2ccccc2)cc1
CHEMBL3699393,PPARgamma,,6.000,0,1,,censored,CC(=O)NS(=O)(=O)c1ccccc1-c1ccc(Cn2c(C)c(C)c3cc(C(=O)N[C@@H](C)c4cccc(C(C)C)c4)ccc32)cc1
CHEMBL5087349,PPARgamma,,5.301,0,1,,censored,CC(C)(Oc1c(F)cc(Cn2ncn(-c3ccc(OC(F)(F)F)cc3)c2=O)cc1F)C(=O)O
CHEMBL4096447,PPARgamma,6.000,,1,0,Active,exact,CCCc1nc2ccc(-c3ccc(OC)cc3)cc2n1Cc1ccc(-c2ccccc2C(=O)O)cc1
CHEMBL4162757,PPARgamma,7.190,,1,0,Active,exact,CC(=O)c1cccc(OCc2nc3ccc(Oc4cc(C)c(N)c(C)c4)cc3n2C)c1.Cl.Cl
CHEMBL3695794,PPARgamma,,6.000,0,1,,censored,C[C@H](NC(=O)c1ccc2c(ccn2Cc2ccc(-c3ccc(S(C)(=O)=O)cc3)cc2)c1)c1ccc([N+](=O)[O-])cc1
CHEMBL3678112,PPARgamma,7.160,,1,0,Active,exact,Cc1c(C)n(Cc2cccc(OCC(=O)O)c2)c2ccc(C(=O)N[C@@H](C)c3cccc(C(C)C)c3)cc12
CHEMBL3317859,PPARgamma,8.170,,1,0,Active,exact,CCCOc1ccc(C[C@@H](Cc2ccccc2)C(=O)O)cc1CNC(=O)c1ccc(N2CCCCCC2)cc1
CHEMBL149381,PPARgamma,8.250,,1,0,Active,exact,COc1ccc(C(=O)c2ccccc2NC(Cc2ccc(OCCN(C)c3nc4ccccc4o3)cc2)C(=O)O)cc1
CHEMBL119217,PPARgamma,5.460,,1,0,,exact,COC(=O)C(Cc1ccc(OCCOc2ccc3c(c2)CCCC3)cc1)C(N)=O
CHEMBL220655,PPARgamma,6.680,,1,0,Active,exact,Cc1oc(-c2ccccc2)nc1CCOc1ccc(CC2(C(=O)O)CCCO2)nc1
CHEMBL602469,PPARgamma,8.195,,4,0,Active,exact,Cc1c(C)n(Cc2ccc(-c3ccccc3C(=O)O)cc2)c2ccc(C(=O)NCc3ccccc3)cc12
CHEMBL2071526,PPARgamma,,4.523,0,1,Inactive,censored,COc1cc2ccc(=O)oc2c(OC)c1OC/C=C(\C)CCC=C(C)C
CHEMBL5076063,PPARgamma,5.720,,1,0,,exact,Cc1cc(Cn2ncn(-c3ccc(OC(F)(F)F)cc3)c2=O)ccc1OC(C)(C)C(=O)O
CHEMBL3585572,PPARgamma,6.810,,1,0,Active,exact,Cc1oc(-c2ccccc2)nc1CCOc1ccc(C[C@@H](NC(=O)/C=C/c2ccco2)C(=O)O)cc1
CHEMBL5431536,PPARgamma,5.620,,1,0,,exact,O[C@@H]1[C@H](O)[C@@H]2C[C@@H]2[C@H]1Cn1cnc2c(NCc3cccc(I)c3)nc(Cl)nc21
CHEMBL1946568,PPARgamma,6.790,,1,0,Active,exact,C[C@@H](Oc1cc(Cn2c(=O)n(-c3ccc(C(C)(C)C)cc3)c3ccc(C(F)(F)F)cc32)ccc1Cl)C(=O)O
CHEMBL1946756,PPARgamma,8.490,,1,0,Active,exact,COc1ccc2c(-n3c(=O)n(Cc4ccc(Cl)c(O[C@H](C)C(=O)O)c4)c4cc(OC(F)(F)F)ccc43)noc2c1
CHEMBL373874,PPARgamma,7.200,,1,0,Active,exact,COC(Cc1ccc(OCCc2nc(-c3ccccc3)oc2C)nc1)C(=O)O
CHEMBL425639,PPARgamma,7.960,,1,0,Active,exact,Cc1oc(-c2cccc(Cl)c2)nc1CCOc1ccc(CC2(C(=O)O)CCCO2)cn1
CHEMBL3699398,PPARgamma,9.000,,3,0,Active,exact,Cc1c(C)n(Cc2ccc(-c3ccccc3C(=O)O)cc2)c2ccc(C(=O)N[C@@H](C)c3ccccc3Br)cc12
CHEMBL3699363,PPARgamma,6.640,,1,0,Active,exact,Cc1c(C)n(Cc2ccc(-c3ccccc3C(=O)O)cc2)c2ccc(C(=O)N[C@@H](C)c3ccc(C(F)(F)F)nc3)cc12
CHEMBL391470,PPARgamma,6.320,,1,0,Active,exact,CCc1ccc(O[C@H](C)CCOc2ccc(CCC(=O)O)c(C)c2)c(-c2ncco2)c1
CHEMBL199782,PPARgamma,5.730,,1,0,,exact,Cc1oc(-c2ccccc2)nc1CCOc1ccc2c(c1)CCC2C(C(=O)O)C(=O)O
CHEMBL118206,PPARgamma,7.000,,1,0,Active,exact,O=C(Nc1ccc(Oc2ncccn2)cc1C(=O)[O-])c1ccc(Cl)cc1Cl.[Li+]
CHEMBL3699418,PPARgamma,8.100,,1,0,Active,exact,Cc1c(C)n(Cc2ccc(-c3ccccc3C(=O)O)cc2)c2ccc(C(=O)NC(C)c3cncc(Br)c3)cc12
CHEMBL3695850,PPARgamma,8.520,,1,0,Active,exact,Cc1c(C)n(Cc2ccc(-c3ccccc3C(=O)O)cc2)c2ccc(C(=O)NC(C)CCc3ccccc3)cc12
CHEMBL230732,PPARgamma,7.210,,1,0,Active,exact,CCCCCCC(=O)NC[C@H](Cc1ccc(OCCc2nc(-c3ccccc3)oc2C)cc1)Nc1ccccc1C(=O)c1ccccc1
CHEMBL247720,PPARgamma,5.480,,1,0,,exact,Cc1oc(-c2ccccc2)nc1CCOc1ccc(CN(CC(=O)O)Cc2ccc3c(c2)OCO3)cc1
CHEMBL421602,PPARgamma,6.950,,2,0,Active,exact,CCCc1cc2c(C(F)(F)F)noc2c(CCC)c1OC(C(=O)O)c1ccc(OCc2ccccn2)cc1
CHEMBL361427,PPARgamma,5.200,,1,0,,exact,COc1ccc2c(c1)c(Cc1ccccc1C(=O)O)c(C)n2C(=O)c1ccc(Cl)cc1
CHEMBL2022130,PPARgamma,6.540,,1,0,Active,exact,CCCCCNC(=O)CCc1ccc(OC(C)C)cc1Oc1ncc(C(F)(F)F)cc1Cl
CHEMBL3699441,PPARgamma,7.210,,1,0,Active,exact,Cc1c(C)n(Cc2ccc(-c3ccccc3C(N)=O)cc2)c2ccc(C(=O)N[C@@H](C)c3cccc(C(C)C)c3)cc12
CHEMBL5087514,PPARgamma,6.450,,1,0,Active,exact,Cc1cc(Br)ccc1NC(=O)COc1ccc2cc(/C=C3/SC(=O)NC3=O)ccc2c1
CHEMBL2035061,PPARgamma,,5.000,0,1,,censored,Cc1cc(SC(Cc2cc(F)ccc2F)c2sc(-c3ccc(C(F)(F)F)cc3)nc2C)ccc1OCC(=O)O
CHEMBL4460072,PPARgamma,6.000,,1,0,Active,exact,CCCOC(=O)/C(C)=C/CC/C(C)=C/CC[C@]1(C)CCc2cc(O)cc(C)c2O1
CHEMBL508225,PPARgamma,5.680,,1,0,,exact,O=C(O)C(Cc1ccc(Br)cc1)Oc1ccc(Cl)cc1
CHEMBL390116,PPARgamma,5.620,,1,0,,exact,CCCCC(Cc1ccc(OC)c(CNC(=O)c2ccc(C(F)(F)F)cc2)c1)C(=O)O
CHEMBL1081591,PPARgamma,,5.000,0,1,,censored,Cc1cc(OCc2nc(-c3ccc(C(F)(F)F)cc3)c(C)s2)ccc1OCC(=O)O
CHEMBL5087313,PPARgamma,6.000,,1,0,Active,exact,COc1ccc(CNC(=O)c2ccc3c(c2)[nH]c(=O)n3Cc2ccccc2)c(C(F)(F)F)c1
CHEMBL1935614,PPARgamma,7.160,,1,0,Active,exact,CC(C)(C)N.Cc1oc(/C=C/CCC(C)C)nc1CCOc1ccc2c(c1)CN(C(=O)/C=C/C1CC1)[C@H](C(=O)O)C2
CHEMBL4072395,PPARgamma,7.140,,1,0,Active,exact,COc1ccc(S(=O)(=O)n2c(CCCC(=O)O)cc3cc(Cl)ccc32)cc1
CHEMBL148300,PPARgamma,8.520,,1,0,Active,exact,CCOC(=O)c1ccccc1NC(Cc1ccc(OCCc2nc(-c3ccccc3)oc2C)cc1)C(=O)O
CHEMBL5429976,PPARgamma,5.820,,1,0,,exact,O[C@@H]1[C@H](O)[C@@H]2C[C@@H]2[C@H]1Cn1cnc2c(NCc3cccc(I)c3)nc(I)nc21
CHEMBL295416,PPARgamma,4.400,,8,0,Inactive,exact,Cc1cccc(Nc2cc(Cl)nc(SCC(=O)O)n2)c1C
CHEMBL4464717,PPARgamma,5.760,,1,0,,exact,CCCCc1nc(C)c(Cc2nc(Cc3ccccc3)no2)c(=O)n1Cc1ccc(-c2ccccc2-c2noc(=O)[nH]2)cc1
CHEMBL368931,PPARgamma,5.880,,1,0,,exact,CCCc1c(OCCCOc2ccccc2CCC(=O)O)ccc2c(-c3ccccc3)noc12
CHEMBL118939,PPARgamma,5.580,,1,0,,exact,CCC(Cc1ccc(OC)c(CNC(=O)c2ccc(C(F)(F)F)cc2)c1)C(=O)O
CHEMBL3311308,PPARgamma,,4.600,0,2,Inactive,censored,COc1ccc(S(=O)(=O)Nc2c(C)cc(C)cc2C)cc1
CHEMBL5405660,PPARgamma,5.790,,1,0,,exact,Cc1cc(CN2C(=O)N(c3ccc(C(F)(F)F)cc3)C(C)(C)C2=O)cc(C)c1OC(C)(C)C(=O)O
CHEMBL1934470,PPARgamma,,4.886,0,1,Inactive,censored,Cc1nc(-c2ccc(Cl)cc2)sc1CNC1CCCN(c2cccc(C(=O)O)c2)C1
CHEMBL197268,PPARgamma,6.290,,1,0,Active,exact,CCCCCOc1ccccc1C(O)CCCCCCC(=O)OC
CHEMBL375370,PPARgamma,6.520,,1,0,Active,exact,Cc1oc(-c2ccc(Cl)cc2)nc1CCOc1ccc(CC2(C(=O)O)CCCO2)nc1
CHEMBL127671,PPARgamma,4.640,,1,0,Inactive,exact,CCCCCC1=CC(=O)C2=C(OC(C)(C)c3ccc(C)cc32)C1=O
CHEMBL2338476,PPARgamma,6.010,,2,0,Active,exact,O=S(=O)(Nc1ccc(Oc2ccc3ccccc3c2)c(Cl)c1)c1ccc(Cl)cc1Cl
CHEMBL24458,PPARgamma,6.215,,8,0,Active,exact,COc1ccc(CC2SC(=O)NC2=O)cc1C(=O)NCc1ccc(C(F)(F)F)cc1
CHEMBL1935494,PPARgamma,6.270,,1,0,Active,exact,C/C=C/C=C/C(=O)N1Cc2cc(OCCc3nc(/C=C/C(C)(C)C)oc3C)ccc2C[C@H]1C(=O)O.CC(C)(C)N
CHEMBL3978392,PPARgamma,5.400,,1,0,,exact,Cc1nc2ccccc2n(CC(=O)Nc2ccc(S(=O)(=O)NC(=S)Nc3ccccc3)cc2)c1=O
CHEMBL147694,PPARgamma,7.490,,1,0,Active,exact,CN(CCOc1ccc(CC(Oc2ccccc2C(=O)c2ccccc2)C(=O)O)cc1)c1nc2ccccc2o1
CHEMBL2204692,PPARgamma,5.220,,1,0,,exact,CC(C)(Oc1ccc(COc2ccc(/C=C/c3ccccc3)cc2)cc1)C(=O)O
CHEMBL4453254,PPARgamma,4.740,,1,0,Inactive,exact,COc1ccc2oc(CCc3ccccc3)cc(=O)c2c1
CHEMBL1076151,PPARgamma,,5.000,0,1,,censored,COc1ccc(-c2nc(COc3ccc(OCC(=O)O)c(C)c3)sc2-c2ccc(-c3ccccc3)c(C(F)(F)F)c2)cc1
CHEMBL5087538,PPARgamma,5.770,,1,0,,exact,Cc1cc(/N=N\c2ccccc2)ccc1OCCc1ccc(OC(C)(C)C(=O)O)cc1
CHEMBL598155,PPARgamma,,5.000,0,1,,censored,CC(C)Cc1ccc(C(=O)NCCS(=O)(=O)c2ccc(C(F)(F)F)cn2)cc1
CHEMBL3263232,PPARgamma,4.430,,1,0,Inactive,exact,O=C(O)CCCNC(=O)c1ccccc1NC(=O)c1cccc(-c2ccccc2)c1
CHEMBL1081206,PPARgamma,,5.000,0,1,,censored,COc1ccc(-c2nc(COc3ccc4oc(C(=O)O)cc4c3)sc2-c2ccc(C(F)(F)F)cc2)cc1
CHEMBL121,PPARgamma,7.050,,178,0,Active,exact,CN(CCOc1ccc(CC2SC(=O)NC2=O)cc1)c1ccccn1
CHEMBL3103194,PPARgamma,6.960,,1,0,Active,exact,COC(c1ccc(C)cc1)C1CC1c1cc(C)c(OC(C)(C)C(=O)O)c(C)c1
CHEMBL3318038,PPARgamma,6.160,,2,0,Active,exact,CCCCCCC(Sc1nc(Cl)cc(Nc2ccc(Nc3ccccc3)cc2)n1)C(=O)O
CHEMBL3678118,PPARgamma,7.230,,1,0,Active,exact,Cc1c(C)n(Cc2cccc(O[C@@H](C)C(=O)O)c2)c2ccc(C(=O)N[C@@H](C)c3cccc(C4CC4)c3)cc12
CHEMBL356170,PPARgamma,5.210,,1,0,,exact,CCCn1c(CCCc2ccc(OC(C)(C)C(=O)O)cc2)nn(C(C)c2ccccc2)c1=O
CHEMBL181835,PPARgamma,5.670,,1,0,,exact,COc1ccc2c(c1)c(Cc1ccc(OC(C)C(=O)O)cc1)c(C)n2C(=O)c1ccc(Cl)cc1
CHEMBL484263,PPARgamma,5.730,,1,0,,exact,CCO[C@@H](Cc1cccc(C2=NOC(CCc3ccccc3)C2)c1)C(=O)O
CHEMBL491501,PPARgamma,5.620,,1,0,,exact,O=C(NC1CCCCC1)NS(=O)(=O)c1ccc(CCNS(=O)(=O)c2ccc(Br)cc2)cc1
CHEMBL4164753,PPARgamma,7.170,,2,0,Active,exact,Cn1c(COc2cccc(C(=O)O)c2)nc2ccc(Oc3ccc(Cl)c(F)c3)cc21
CHEMBL1080361,PPARgamma,5.640,,1,0,,exact,COc1ccc(-c2nc(Sc3cccc(C(C)C(=O)O)c3)sc2-c2ccc(OC)cc2)cc1
CHEMBL178513,PPARgamma,,4.824,0,1,Inactive,censored,C[C@]1(C(=O)O)CCc2ccc(OCCCOc3ccc(OCC4CC4)cc3Cl)cc2O1
CHEMBL219005,PPARgamma,5.100,,1,0,,exact,Cc1oc(-c2ccccc2)nc1CCOc1ccc(CC2(C(=O)O)CC2)cn1
CHEMBL3109597,PPARgamma,,4.602,0,1,Inactive,censored,COc1ccc(NC(c2ccc(OC(F)(F)F)cc2)c2c(C)[nH]c3ccccc23)cc1OC
CHEMBL3695843,PPARgamma,7.700,,3,0,Active,exact,Cc1c(C)n(Cc2ccc(-c3ccccc3C(=O)O)cc2)c2ccc(C(=O)NCc3cccc([N+](=O)[O-])c3)cc12
CHEMBL1671971,PPARgamma,,5.000,0,1,,censored,COc1cc(/C=C2\SC(=O)NC2=O)ccc1Oc1ccc(C#N)cc1C(F)(F)F
CHEMBL500257,PPARgamma,5.685,,2,0,,exact,CC(C)=CCC/C(C)=C/Cc1c(O)cc(/C=C/c2ccccc2)cc1O
CHEMBL4579901,PPARgamma,6.330,,1,1,Active,exact,Cc1nc(-c2ccc(C(F)(F)F)cc2)sc1COc1ccc2c(c1)OC[C@H]2CC(=O)O
CHEMBL221529,PPARgamma,5.960,,1,0,,exact,CCOC(Cc1ccc(OCCCc2nc(-c3ccccc3)oc2C)cn1)C(=O)O
CHEMBL562659,PPARgamma,7.270,,1,0,Active,exact,C=CCO/N=C(\c1ccccc1)c1ccc2c(c1)C(C)(C)CCN2CCOc1ccc(C[C@H](OCC)C(=O)O)cc1
CHEMBL411423,PPARgamma,5.890,,1,0,,exact,CCCc1c(OCCCOc2cccc3c2ccn3C(CC)C(=O)O)ccc2c(C(F)(F)F)noc12
CHEMBL4210210,PPARgamma,5.200,,1,0,,exact,COC(=O)Cc1ccc(OCc2oc(-c3ccccc3OC)nc2C)cc1
CHEMBL3764773,PPARgamma,5.750,,1,0,,exact,CCOC(=O)C(CC)Cc1ccc(C(=O)NCc2ccccc2C(F)(F)F)cc1
CHEMBL2312701,PPARgamma,5.920,,1,0,,exact,CCc1ccccc1-c1ccc(O[C@@H](Cc2ccccc2)C(=O)O)cc1
CHEMBL5209370,PPARgamma,4.750,,1,1,Inactive,exact,O=C(O)c1ccc(SCc2c(-c3c(Cl)cccc3C(F)(F)F)noc2-c2cc[nH]c2)cc1
CHEMBL222117,PPARgamma,6.570,,1,0,Active,exact,CO[C@@](C)(Cc1ccc(OCCc2nc(-c3ccccc3)oc2C)nc1)C(=O)O
CHEMBL490029,PPARgamma,8.050,,1,0,Active,exact,CC[C@@H](Oc1cccc(-n2c(C)c(C(=O)c3ccc(OC)cc3)c3ccc(OC(F)(F)F)cc32)c1)C(=O)O
CHEMBL4083715,PPARgamma,6.870,,1,0,Active,exact,O=S(=O)(Nc1cc(Cl)c(Oc2cnc3ccccc3c2)c(Cl)c1)c1ccc(Br)cc1Cl
CHEMBL522936,PPARgamma,5.230,,1,0,,exact,O=C(O)[C@@H](Cc1ccccc1)Oc1ccc(-c2ccccc2)cc1
CHEMBL4211975,PPARgamma,5.120,,1,0,,exact,COC(=O)c1ccc(OCc2oc(-c3cccc(OC)c3)nc2C)cc1
CHEMBL1082089,PPARgamma,,5.000,0,1,,censored,COc1ccc(-c2nc(COc3ccc(OCC(=O)O)c(C)c3)oc2-c2cnc3ccccc3c2)cc1
CHEMBL5284791,PPARgamma,6.550,,1,0,Active,exact,COC(=O)/C(=C\c1cc(OC)cc(OC)c1)c1ccc(Oc2ccc(CC3SC(=O)NC3=O)cc2)cc1
CHEMBL3695784,PPARgamma,7.280,,1,0,Active,exact,Cc1c(C)n(Cc2ccc(-c3ccccc3C(=O)O)cc2)c2ccc(C(=O)N[C@@H](C)c3ccc(Cl)cc3)cc12
CHEMBL6173976,PPARgamma,6.380,,1,0,Active,exact,Cc1cc(CN2CCN(c3ccc(OC(F)(F)F)cc3)C2=O)cc(C)c1OC(C)(C)C(=O)O
CHEMBL3695878,PPARgamma,5.910,,1,0,,exact,Cc1c(C)n(Cc2ccc(-c3ccccc3)cc2)c2ccc(C(=O)N[C@@H](CC(C)C)c3cccc(C(C)C)c3)cc12
CHEMBL370152,PPARgamma,7.540,,3,0,Active,exact,O=C(O)c1c(Sc2ccccc2)c2cc(Cl)ccc2n1Cc1ccc(Cl)cc1
CHEMBL346415,PPARgamma,6.100,,1,0,Active,exact,O=C(O)[C@H](Cc1ccc(OCc2ccccc2)cc1)/N=C1\CCCC\C1=C(\O)c1ccccc1
CHEMBL5094953,PPARgamma,5.670,,1,0,,exact,CS(=O)(=O)Cc1ccc(CNC(=O)c2ccc3c(ccn3Cc3cccc(F)c3)c2)c(Cl)c1
CHEMBL4169731,PPARgamma,6.630,,1,0,Active,exact,COc1cccc(Oc2ccc3nc(COc4cccc(C(=O)O)c4)n(C)c3c2)c1
CHEMBL390005,PPARgamma,,6.000,0,2,,censored,CC[C@H](COc1ccc(C(F)(F)F)cc1)CSc1ccc(OCC(=O)O)c(C)c1
CHEMBL5426189,PPARgamma,5.920,,1,0,,exact,O=C(O)Cc1cc(Cl)cc(OCCC2(N3CCCC3)CCN(c3nc4ccc(Cl)cc4s3)CC2)c1
CHEMBL5075561,PPARgamma,,5.000,0,1,,censored,Cc1ccc(/N=N\c2ccc(OCCc3ccc(OC(C)(C)C(=O)O)cc3)cc2)cc1
CHEMBL121719,PPARgamma,5.800,,1,0,,exact,CC/C(=N\OCCOc1ccc(CC2SC(=O)NC2=O)cc1)c1ccc(-c2ccccc2)cc1
CHEMBL3317861,PPARgamma,8.150,,1,0,Active,exact,CCCOc1ccc(C[C@@H](Cc2ccccc2)C(=O)O)cc1CNC(=O)c1ccc(N2CCCC(C)(C)C2)cc1
CHEMBL1081600,PPARgamma,,5.000,0,1,,censored,COc1ccc(-c2nc(COc3ccc(OCC(=O)O)c(C)c3)oc2-c2ccc(Cl)cc2)cc1
CHEMBL4088467,PPARgamma,6.230,,1,0,Active,exact,CCc1nc2ccccc2c(=O)n1CC(=O)Nc1ccc(S(=O)(=O)NC(=O)NC2CCCCC2)cc1
CHEMBL368371,PPARgamma,7.770,,1,0,Active,exact,CCCc1c(OCCCCOc2ccc(C(C)(C)C(=O)O)cc2)ccc2c(-c3ccccc3)noc12
CHEMBL487611,PPARgamma,4.230,,1,0,Inactive,exact,COc1cc([C@H]2OC[C@H]3[C@@H]2CO[C@H]3c2ccc(O)c(OC)c2)ccc1O
CHEMBL3678097,PPARgamma,6.830,,1,0,Active,exact,Nc1ccc(CNC(=O)c2ccc3c(ccn3Cc3ccc(F)cc3F)c2)cc1
CHEMBL7594,PPARgamma,5.820,,1,0,,exact,CCCCC/C=C/C/C=C\C/C=C\C/C=C\CCCC(=O)O
CHEMBL3695761,PPARgamma,8.300,,1,0,Active,exact,Cc1c(C)n(Cc2ccc(-c3ccccc3)cc2)c2ccc(C(=O)N[C@@H](C)c3ccc(C(C)(C)C)cc3)cc12
CHEMBL3678106,PPARgamma,8.520,,1,0,Active,exact,CCC(NC(=O)c1ccc2c(ccn2Cc2ccc(Cl)nc2)c1)c1ccccc1
CHEMBL3678084,PPARgamma,6.810,,1,0,Active,exact,C[C@H](NC(=O)c1ccc2c(ccn2Cc2ccc(F)cc2F)c1)c1ccc(Br)cc1
CHEMBL1935609,PPARgamma,7.300,,1,0,Active,exact,C/C=C/C=C(\C)C(=O)N1Cc2cc(OCCc3nc(/C=C/CCC(C)C)oc3C)ccc2C[C@H]1C(=O)O.CC(C)(C)N
CHEMBL326015,PPARgamma,5.910,,2,0,,exact,CCCc1cc2c(CC)noc2c(CCC)c1OC(C(=O)O)c1ccccc1
CHEMBL4639259,PPARgamma,,4.000,0,1,Inactive,censored,C[C@H](CCCOc1ccccc1Cn1c(Cl)cnc1-c1ccc(C(F)(F)F)cc1)CC(=O)O
CHEMBL574824,PPARgamma,5.030,,1,0,,exact,O=C(O)C(Cc1ccccc1)Oc1ccc(CNc2ccccc2)cc1
CHEMBL5429911,PPARgamma,5.800,,1,0,,exact,O[C@H]1[C@H](Cn2cnc3c(NCc4cccc(I)c4)nc(I)nc32)CC[C@H]1O
CHEMBL1075893,PPARgamma,,5.000,0,1,,censored,Cc1cc(OCc2nc(-c3ccc(-c4ccccc4)cc3)c(-c3ccc(-c4ccccc4)cc3)s2)ccc1OCC(=O)O
CHEMBL2206305,PPARgamma,5.570,,1,0,,exact,CCCCCCCN(CCc1ccc(O[C@H](Cc2ccccc2)C(=O)O)cc1)c1nc2ccccc2o1.NC1CCCCC1
CHEMBL2375947,PPARgamma,6.040,,1,0,Active,exact,O=C(O)[C@H](CCCc1ccccc1)Oc1ccc(Cl)cc1
CHEMBL4780380,PPARgamma,5.920,,1,0,,exact,COc1ncccc1Oc1ccc2nc(COc3cccc(C(=O)O)c3)n(C)c2c1
CHEMBL175332,PPARgamma,6.840,,1,0,Active,exact,CCCc1c(OCCCOc2ccc(CCCC(=O)O)cc2)ccc2c(-c3ccccc3)noc12
CHEMBL561371,PPARgamma,5.790,,1,0,,exact,CCCCCCCC/C(=C\CCCCCCCC(=O)O)[N+](=O)[O-]
CHEMBL5185420,PPARgamma,5.590,,1,0,,exact,O=C(O)Cc1cccc(OCCC2CCN(c3nc4ccc(Cl)cc4s3)CC2)c1
CHEMBL226512,PPARgamma,5.600,,1,0,,exact,COc1ccc(-c2cc(=O)c3c(O)c(OC)c(OC)c(OC)c3o2)cc1
CHEMBL1947140,PPARgamma,7.030,,1,0,Active,exact,COc1ccc2c(-n3c(=O)n(Cc4cccc([C@@]5(C)OC(=O)NC5=O)c4)c4cc(C(F)(F)F)ccc43)noc2c1
CHEMBL192638,PPARgamma,,4.824,0,1,Inactive,censored,CCC1(C(=O)O)Cc2cc(OCCCOc3ccc(OCC(F)(F)F)cc3Cl)ccc2O1
CHEMBL1819478,PPARgamma,5.140,,1,0,,exact,CCCC/C(=C\c1cc(OCCc2ccc(C(F)(F)F)cc2)ccc1OCCc1ccc(C(F)(F)F)cc1)C(=O)O
CHEMBL229888,PPARgamma,,5.000,0,1,,censored,COc1ccc(CCC(=O)O)cc1CNC(=O)c1ccc(C(F)(F)F)cc1
CHEMBL39894,PPARgamma,5.380,,1,0,,exact,Cc1cc(OCc2sc(-c3ccc(C(F)(F)F)cc3)nc2C)ccc1CCC(=O)O
CHEMBL110283,PPARgamma,5.500,,1,0,,exact,CCCc1cc2c(C(F)(F)F)noc2c(CCC)c1O[C@@H](C(=O)O)c1ccccc1
CHEMBL4591405,PPARgamma,5.970,,1,0,,exact,CC#CCOC(=O)Cc1c(C(C)C)nc(CCCC)n(Cc2ccc(-c3ccccc3-c3noc(=O)[nH]3)cc2)c1=O
CHEMBL4752897,PPARgamma,7.240,,1,0,Active,exact,CCOc1cc(Oc2ccnc(OC)c2)cc2c1nc(COc1cccc(C(=O)O)c1)n2C
CHEMBL1760402,PPARgamma,5.300,,1,0,,exact,CCCCN(c1cccc(-c2ccc(Cl)cc2)c1C)S(=O)(=O)c1ccc(OC(C)C(=O)O)c(F)c1OC
CHEMBL5084529,PPARgamma,6.270,,1,0,Active,exact,O=C(NCc1ccccc1C(F)(F)F)c1ccc2c(c1)[nH]c(=O)n2Cc1ccccc1
CHEMBL5412146,PPARgamma,5.820,,1,0,,exact,Cc1cc(CC(=O)O)cc(OCCC2(N3CCCC3)CCN(c3nc4ccc(Cl)cc4s3)CC2)c1
CHEMBL178245,PPARgamma,,5.000,0,1,,censored,COc1ccc2c(c1)c(Cc1cccc(OCC(=O)O)c1)c(C)n2C(=O)c1ccc(Cl)cc1
CHEMBL1956367,PPARgamma,5.310,,1,0,,exact,O=C(O)C(Cc1ccccc1F)Oc1ccc(Cl)cc1
CHEMBL3695899,PPARgamma,7.090,,1,0,Active,exact,CCCC[C@H](NC(=O)c1ccc2c(c1)c(C)c(C)n2Cc1ccc(-c2ccccc2)cc1)c1cccc(C(C)C)c1
CHEMBL5891930,PPARgamma,4.590,,1,0,Inactive,exact,N#Cc1ccc(Cl)c(C(=O)Nc2ccc(N3CCOCC3)nc2)c1
CHEMBL1075705,PPARgamma,,5.000,0,1,,censored,Cc1cc(OCc2nc(-c3ccc(N4CCCCC4)cc3)c(-c3ccc(OC(F)(F)F)cc3)s2)ccc1OCC(=O)O
CHEMBL324027,PPARgamma,5.820,,1,0,,exact,COC(=O)C(Cc1ccc(OCCOc2ccc3c(c2)CCCC3)cc1)C(=O)OC
CHEMBL372091,PPARgamma,7.000,,1,0,Active,exact,COc1ccc2c(Oc3cccc(C(F)(F)F)c3)c(C(=O)O)n(-c3ccc(C(C)(C)C)cc3)c2n1
CHEMBL258212,PPARgamma,5.860,,1,0,,exact,Cc1oc(-c2ccccc2)nc1CCOc1cccc(CC2CN(C(=O)OCC(C)C)CCC2C(=O)O)c1
CHEMBL4093146,PPARgamma,7.260,,1,0,Active,exact,COc1cccc(S(=O)(=O)n2c(CCCC(=O)O)cc3cc(Cl)ccc32)c1
CHEMBL605088,PPARgamma,6.490,,1,0,Active,exact,Cc1oc(-c2ccccc2)nc1CCCc1ccc(CC(C(=O)O)n2cccn2)cc1
CHEMBL190739,PPARgamma,5.875,,2,0,,exact,CCCc1cc2c(OC)noc2c(CCC)c1OC(C)(C)C(=O)O
CHEMBL482659,PPARgamma,6.515,,2,0,Active,exact,CCC#CCOc1cc(COc2ccc(Cl)cc2C)ccc1Sc1ccc(OCC(=O)O)c2c1CCCC2
CHEMBL147095,PPARgamma,9.070,,1,0,Active,exact,Cc1ccc(-c2nc(CCOc3ccc(C[C@H](Nc4ccccc4C(=O)c4ccccc4)C(=O)O)cc3)c(C)o2)s1
CHEMBL1079962,PPARgamma,5.340,,1,0,,exact,COc1ccc(-c2nc(SCCCOc3ccc(OCC(=O)O)cc3Cl)sc2-c2ccc(OC)cc2)cc1
CHEMBL483341,PPARgamma,8.520,,1,0,Active,exact,Cc1oc(-c2ccccc2)nc1CCOc1ccc(CC(OCC(C)C)C(=O)O)c2sccc12
CHEMBL5287866,PPARgamma,5.480,,2,0,,exact,O=C(NCc1ccc(F)cc1)c1ccc(Cl)c(C(=O)Nc2ccccc2)c1
CHEMBL3699432,PPARgamma,7.030,,1,0,Active,exact,Cc1c(C)n(Cc2ccc(-c3ccccc3C(=O)NC3CC3)cc2)c2ccc(C(=O)N[C@@H](C)c3cccc(C(C)C)c3)cc12
CHEMBL2312713,PPARgamma,6.340,,1,0,Active,exact,Cc1cccc(-c2ccc(OC(Cc3ccccc3)C(=O)O)cc2)c1
CHEMBL2011544,PPARgamma,5.440,,1,0,,exact,C/C=C\CC/C=C/C=C/C(=O)NCC(C)C
CHEMBL3699439,PPARgamma,7.110,,1,0,Active,exact,Cc1c(C)n(Cc2ccc(-c3ccccc3C(=O)NO)cc2)c2ccc(C(=O)N[C@@H](C)c3cccc(C(C)C)c3)cc12
CHEMBL5271504,PPARgamma,5.370,,1,0,,exact,CCOc1ccc(F)c(N2CC[C@@H](Oc3ccc(N4C[C@H](OCCCOC)C[C@@H]4CC(=O)O)cc3)[C@H](C)C2)c1
CHEMBL344282,PPARgamma,5.770,,1,0,,exact,Cc1ccc(Cn2nc(CCCc3ccc(OC(C)(C)C(=O)O)cc3)n(C)c2=O)cc1C
CHEMBL6103260,PPARgamma,5.705,,2,0,,exact,COc1cccc(S2(=O)=N[Se]c3ccc(OC)cc32)c1
CHEMBL3699421,PPARgamma,7.660,,1,0,Active,exact,Cc1c(C)n(Cc2ccc(-c3ccccc3C(=O)O)cc2)c2ccc(C(=O)N[C@@H]3C[C@H]3c3ccccc3)cc12
CHEMBL5279586,PPARgamma,5.920,,1,0,,exact,Cc1cc(CC(=O)O)cc(CN2CCN(c3nc4ccc(C(F)(F)F)cc4s3)C[C@@H]2C)c1
CHEMBL369607,PPARgamma,7.700,,1,0,Active,exact,CCCc1c(OCCCCOc2ccc(OC(C)C(=O)O)cc2)ccc2c(-c3ccccc3)noc12
CHEMBL1947144,PPARgamma,7.080,,1,0,Active,exact,COc1ccc2c(-n3c(=O)n(Cc4cccc([C@@]5(C)OC(=O)NC5=O)c4)c4ccccc43)noc2c1
CHEMBL469939,PPARgamma,6.390,,1,0,Active,exact,Cc1ccc(OS(=O)(=O)/C=C/c2ccccc2)cc1
CHEMBL4762110,PPARgamma,,5.000,0,1,,censored,Cc1ccncc1Oc1ccc2nc(COc3cccc(C(=O)O)c3)n(C)c2c1
CHEMBL94496,PPARgamma,6.770,,1,0,Active,exact,CCCc1cc(Oc2ccc(C(C)C)cc2)ccc1OCCCOc1cccc(C2SC(=O)NC2=O)c1
CHEMBL2331770,PPARgamma,,4.523,0,2,Inactive,censored,O=C(O)c1cc(NS(=O)(=O)c2ccc(Cl)cc2Cl)ccc1Oc1cncc(Cl)c1
CHEMBL3585580,PPARgamma,8.135,,2,0,Active,exact,COc1ccc(Oc2cc(N(C)CCOc3ccc(CC4SC(=O)NC4=O)cc3)ncn2)cc1
CHEMBL489765,PPARgamma,6.920,,1,0,Active,exact,CCO[C@@H](Cc1cccc(/C(C)=N/OCc2ccccc2)c1)C(=O)O
CHEMBL108974,PPARgamma,,5.000,0,1,,censored,COC(=O)c1cc(C)c(OC(C(=O)O)c2ccccc2)c(C)c1
CHEMBL192518,PPARgamma,6.050,,3,0,Active,exact,O=C(O)[C@H](Cc1ccccc1)Oc1ccc(C(F)(F)F)cc1
CHEMBL220533,PPARgamma,7.090,,1,0,Active,exact,Cc1oc(-c2ccccc2)nc1CCOc1ccc(CC2(C(=O)O)CCCCO2)cn1
CHEMBL2204702,PPARgamma,6.100,,1,0,Active,exact,CC(C)(Oc1ccc(CCCOc2ccc(C(=O)/C=C/c3ccccc3)cc2)cc1)C(=O)O
CHEMBL3695819,PPARgamma,7.110,,3,0,Active,exact,Cc1c(C)n(Cc2ccc(-c3ccccc3C(=O)O)cc2)c2ccc(C(=O)NCC3CCCCC3)cc12
CHEMBL84181,PPARgamma,7.210,,1,0,Active,exact,CCCCCCC(=O)N(C)CCOc1ccc(CC2SC(=O)NC2=O)cc1
CHEMBL4176762,PPARgamma,7.150,,1,0,Active,exact,Cn1c(COc2cccc(C(=O)O)c2)nc2ccc(Oc3ccc(Cl)cn3)cc21
CHEMBL4467078,PPARgamma,5.260,,2,0,,exact,CCC/C(=C\c1cc(OCc2ccc3nc(C(F)(F)F)cc(OC)c3c2)ccc1OCCN1CCN(C)CC1)C(=O)O
CHEMBL6109184,PPARgamma,5.830,,2,0,,exact,O=S(=O)(Oc1ccc(S2(=O)=N[Se]c3cc(OS(=O)(=O)C(F)(F)F)ccc32)cc1)C(F)(F)F
CHEMBL4243662,PPARgamma,,5.000,0,1,,censored,Cc1cc(SC(Cc2cc(F)c(F)c(F)c2)c2ccc(-c3cccc(C(F)(F)F)c3)cc2)ccc1OCC(=O)O
CHEMBL484466,PPARgamma,5.300,,1,0,,exact,O=C(Nc1ccc(Cl)cc1C(=O)O)c1cccc(S(=O)(=O)N2CCc3c(O)cccc3C2)c1
CHEMBL5641538,PPARgamma,5.810,,1,0,,exact,Cc1ccc(CN2C(=O)S/C(=C\c3ccc(Oc4ccc([N+](=O)[O-])cc4)s3)C2=O)cc1
CHEMBL3397716,PPARgamma,5.680,,1,0,,exact,CCCC/C(=C\c1cc(OCc2ccc(Cl)c(Cl)c2)ccc1OCc1ccc(C(F)(F)F)cc1)C(=O)O
CHEMBL3977442,PPARgamma,5.940,,1,0,,exact,O=C1CN(C(=O)CNc2ccc(S(=O)(=O)NC(=O)NC3CCCCC3)cc2)c2ccccc2N1
CHEMBL145886,PPARgamma,8.640,,1,0,Active,exact,COc1cccc(C(=O)c2ccccc2NC(Cc2ccc(OCCN(C)c3nc4ccccc4o3)cc2)C(=O)O)c1
CHEMBL3699388,PPARgamma,7.660,,1,0,Active,exact,Cc1c(C)n(Cc2ccc(-c3ccccc3-c3nn[nH]n3)cc2)c2ccc(C(=O)N[C@@H](C)c3cccc(C(C)C)c3)cc12
CHEMBL4159590,PPARgamma,7.700,,1,0,Active,exact,CCOC(=O)C(Cc1ccc(OCCn2c(=O)sc3cc(C(=O)/C=C/c4cc(O)cc(O)c4)ccc32)cc1)OCC
CHEMBL4435259,PPARgamma,5.370,,1,0,,exact,CCCCc1nc(C)c(Cc2nc(C3CC3)no2)c(=O)n1Cc1ccc(-c2ccccc2-c2noc(=O)[nH]2)cc1
CHEMBL399217,PPARgamma,7.020,,1,0,Active,exact,Cc1cc(Oc2cccc(CNC(=O)c3cc4cc(Cl)c(Cl)cc4[nH]3)c2)ccc1CCC(=O)O
CHEMBL5595547,PPARgamma,4.890,,1,0,Inactive,exact,CCC(C)C(=O)O[C@@H](C[C@@]1(C)[C@H](C)C[C@H](O)[C@]2(C)[C@@H]1CCC[C@H]2C(=O)OC)C1=CC(=O)OC1
CHEMBL2263566,PPARgamma,5.100,,1,0,,exact,CCOC(=O)CN1C(=O)SC(Cc2ccc(N)cc2)C1=O
CHEMBL109161,PPARgamma,5.340,,1,0,,exact,CCCc1c(OC(C(=O)O)c2ccccc2)ccc2c(C(F)(F)F)noc12
CHEMBL2204683,PPARgamma,5.100,,1,0,,exact,CC(C)(Oc1ccc(CCCOc2nc3ccccc3s2)cc1)C(=O)O
CHEMBL148639,PPARgamma,6.280,,1,0,Active,exact,Cn1c(CCCc2ccc(OC(C)(C)C(=O)O)cc2)nn(Cc2ccc(C(C)(C)C)cc2)c1=O
CHEMBL3699354,PPARgamma,7.660,,1,0,Active,exact,Cc1c(C)n(Cc2ccc(-c3ccccc3C(=O)O)cc2)c2ccc(C(=O)N[C@@H](C)c3ccccc3C(F)(F)F)cc12
CHEMBL420441,PPARgamma,7.140,,1,0,Active,exact,CCCc1cc(Oc2ccc(Cl)cc2)ccc1OCCCOc1cccc(C2SC(=O)NC2=O)c1
CHEMBL498608,PPARgamma,5.500,,1,0,,exact,O=C(Nc1ccc(Cl)cc1C(=O)O)c1cccc(S(=O)(=O)N2CCc3ccc(F)cc3C2)c1
CHEMBL5639914,PPARgamma,5.930,,1,0,,exact,COc1cccc(CN2C(=O)S/C(=C\c3ccc(Nc4ccc(Cl)cc4)cc3)C2=O)c1
CHEMBL4586557,PPARgamma,5.770,,1,0,,exact,CCCCCCC(Sc1nc2ccc(NCc3ccccc3)cc2s1)C(=O)O
CHEMBL3736229,PPARgamma,6.795,,2,0,Active,exact,Cc1c(C)n(Cc2ccc(-c3ccccc3C(=O)O)cc2)c2ccc(C(=O)N[C@@H](C)c3cccc(C(C)C)c3)cc12
CHEMBL5592437,PPARgamma,4.820,,1,0,Inactive,exact,COC(=O)[C@@H]1CCC[C@@H]2[C@@](C)(C[C@@H]3OC(=O)C=C3CO)[C@H](C)C[C@H](O)[C@]21C
CHEMBL3318041,PPARgamma,6.310,,1,0,Active,exact,CCCCCCC(Sc1nc(Cl)cc(Nc2ccc(Cc3ccccc3)cc2)n1)C(=O)O
CHEMBL3695766,PPARgamma,8.400,,1,0,Active,exact,Cc1c(C)n(Cc2ccc(-c3ccccc3C(=O)O)cc2)c2ccc(C(=O)NCc3ccc(I)cc3)cc12
CHEMBL179622,PPARgamma,5.750,,1,0,,exact,CC[C@]1(C(=O)O)CCc2ccc(OCCCOc3ccc(CC(C)C)cc3Cl)cc2O1
CHEMBL5593021,PPARgamma,4.900,,1,0,Inactive,exact,COC(=O)[C@@H]1CCC[C@@H]2[C@@](C)(C[C@H](OC(=O)C(C)C)C3=CC(=O)OC3)[C@H](C)C[C@H](O)[C@]21C
CHEMBL253851,PPARgamma,6.210,,1,0,Active,exact,CCOC(=O)C(Cc1ccc(OCCN2CCC(C)(C)c3cc(/C(=N\O)c4ccccc4)ccc32)cc1)OCC
CHEMBL1946571,PPARgamma,8.040,,1,0,Active,exact,Cc1cccc2c(-n3c(=O)n(Cc4ccc(Cl)c(O[C@H](C)C(=O)O)c4)c4cc(C(F)(F)F)ccc43)noc12
CHEMBL2282523,PPARgamma,9.470,,2,0,Active,exact,Cc1oc(-c2ccccc2)nc1CCOc1ccc(C[C@@](O)(C(=O)O)c2ccccc2C(=O)c2ccccc2)cc1
CHEMBL3678086,PPARgamma,9.000,,2,0,Active,exact,CCC(NC(=O)c1ccc2c(ccn2Cc2ccc(F)cc2F)c1)c1ccccc1
CHEMBL564036,PPARgamma,7.920,,1,0,Active,exact,CCC[C@@H](Oc1cccc(Cn2c(C)c(C(=O)c3ccc(Cl)cc3)c3ccc(OC(F)(F)F)cc32)c1)C(=O)O
CHEMBL3317864,PPARgamma,8.680,,2,0,Active,exact,CCCOc1ccc(C[C@@H](Cc2ccccc2)C(=O)O)cc1CNC(=O)c1ccc(N2C3CCCC2CC3)cc1
CHEMBL5074222,PPARgamma,5.790,,1,0,,exact,CS(=O)(=O)Cc1ccc(CNC(=O)c2ccc3c(ccn3Cc3cccc(F)c3)c2)c(F)c1
CHEMBL4164063,PPARgamma,7.520,,1,0,Active,exact,CCOC(=O)C(Cc1ccc(OCCn2c(=O)sc3cc(C(=O)/C=C/c4cc(O)cc(O)c4)ccc32)cc1)OCC(F)(F)F
CHEMBL5267263,PPARgamma,8.210,,3,0,Active,exact,Cc1cc(OC(F)F)ccc1NC(=O)c1cc(C(=O)NCc2ccc(F)cc2)c(F)cc1Cl
CHEMBL5090949,PPARgamma,,5.000,0,1,,censored,Cc1ccc(/N=N/c2ccc(OCCc3ccc(OC(C)(C)C(=O)O)cc3)cc2)cc1
CHEMBL519802,PPARgamma,6.040,,1,0,Active,exact,COc1ccccc1-c1nc(CCOc2ccc(CC(OC)C(=O)O)c3sccc23)c(C)o1
CHEMBL2403499,PPARgamma,4.410,,1,0,Inactive,exact,CC(C)N(Cc1ccc(CCC(=O)O)cc1)C(=O)c1cccc(CNC(=O)c2ccccc2)c1
CHEMBL1091664,PPARgamma,5.470,,1,0,,exact,Cc1ccc(OC(=O)N(CC(=O)O)Cc2cccc(OCc3nc(-c4ccc(Cl)cc4)sc3C)c2)cc1
CHEMBL4648903,PPARgamma,,4.000,0,1,Inactive,censored,C[C@H](CCCOc1ccccc1Cn1c(C(F)(F)F)cnc1-c1ccc(C(F)(F)F)cc1)CC(=O)O
CHEMBL522224,PPARgamma,6.000,,1,0,Active,exact,Cc1ccc(NC(=O)c2cccc(S(=O)(=O)n3ccc4cccc(C)c43)c2)c(C(=O)O)c1
CHEMBL198929,PPARgamma,5.950,,1,0,,exact,CCCc1c(OCCCOc2ccc3c(ccn3Cc3nn[nH]n3)c2)ccc2c(C(F)(F)F)noc12
CHEMBL166637,PPARgamma,7.960,,1,0,Active,exact,CCO[C@@H](Cc1ccc(OCCn2c3ccccc3c3ccncc32)cc1)C(=O)O
CHEMBL4567211,PPARgamma,6.000,,1,0,Active,exact,CCCCOC(=O)Cc1c(C(C)C)nc(CCCC)n(Cc2ccc(-c3ccccc3-c3noc(=O)[nH]3)cc2)c1=O
CHEMBL4789687,PPARgamma,5.170,,1,0,,exact,Cn1c(COc2cccc(C(=O)O)c2)nc2ccc(Oc3cccnc3)cc21
CHEMBL4471853,PPARgamma,5.500,,1,0,,exact,CC(C)(Oc1ccc(CCOc2ccc(/N=N/c3ccc(Cl)cc3)cc2)cc1)C(=O)O
CHEMBL4799672,PPARgamma,5.120,,1,0,,exact,O[C@@H]1[C@H](O)CO[C@H]1Cn1cnc2c(NCc3cccc(Cl)c3)nc(Cl)nc21
CHEMBL560830,PPARgamma,7.800,,1,0,Active,exact,Cc1c(C(=O)c2ccc(Cl)cc2)c2ccc(OC(F)(F)F)cc2n1Cc1cccc(OC2(C(=O)O)CCC2)c1
CHEMBL3585577,PPARgamma,6.315,,2,0,Active,exact,Cc1c(C)n(Cc2ccc(-c3ccccc3C(=O)O)cc2)c2ccc(C(=O)NCc3cccnc3)cc12
CHEMBL3397559,PPARgamma,5.900,,1,0,,exact,O=C(O)C(Cc1ccccc1)Oc1ccc(/C=N/OCCCc2ccccc2)cc1
CHEMBL393940,PPARgamma,7.700,,1,0,Active,exact,Cc1cc(Oc2cccc(CNC(=O)c3ccccc3C)c2)ccc1OC(C)(C)C(=O)O
CHEMBL5077363,PPARgamma,5.830,,1,0,,exact,O=C(NCc1ccc(CS(=O)(=O)C2CC2)cc1C(F)(F)F)c1ccc2[nH]ccc2c1
CHEMBL4451056,PPARgamma,5.070,,1,0,,exact,CCCCC/C=C/C(=O)CCCCCCCC(=O)O
CHEMBL4073091,PPARgamma,6.770,,1,0,Active,exact,O=S(=O)(Nc1cc(Cl)c(Oc2cnc3ccccc3c2)c(Cl)c1)c1ccc(Br)c(F)c1
CHEMBL5081457,PPARgamma,6.470,,1,0,Active,exact,O=C(NCc1ccc(CS(=O)(=O)C2CC2)cc1C(F)(F)F)c1ccc2c(ccn2CC2CC2)c1
CHEMBL4276781,PPARgamma,5.770,,1,0,,exact,O=C(O)CC1COc2cc(OCCCOc3cccc(Cl)c3)ccc21
CHEMBL445151,PPARgamma,6.050,,1,0,Active,exact,CC1=C(C(=O)O)C(c2ccc(OCCCOc3cccc4[nH]c5ccccc5c34)cc2)NC(=O)N1
CHEMBL394967,PPARgamma,6.840,,1,0,Active,exact,Cc1oc(-c2ccccc2)nc1CCOc1cccc(CN(CC(=O)O)Cc2ccc3ccccc3c2)c1
CHEMBL3585576,PPARgamma,6.740,,2,0,Active,exact,CC[C@H](OC(=O)N(Cc1ccccc1)C(=O)Nc1cc(OC)cc(OC)c1)c1cc(-c2ccc(OC(C)(C)C(=O)O)cc2)no1
CHEMBL3828232,PPARgamma,5.040,,1,1,,exact,COC(=O)N(CC(=O)O)Cc1ccc(F)c(OCc2nc(-c3ccc(Cl)cc3)oc2C)c1
CHEMBL221399,PPARgamma,,5.000,0,1,,censored,Cc1cc(SCC=C(c2ccc(Br)cc2)c2ccc(Br)cc2)ccc1OCC(=O)O
CHEMBL3949291,PPARgamma,5.940,,1,0,,exact,O=C(CN1CC(=O)Nc2ccccc21)Nc1ccc(S(=O)(=O)NC(=O)NC2CCCCC2)cc1
CHEMBL181219,PPARgamma,6.680,,1,0,Active,exact,COc1ccc2c(c1)c(Cc1cccc(C(=O)O)c1)c(C)n2C(=O)c1ccc(Cl)cc1
CHEMBL1529347,PPARgamma,5.960,,1,0,,exact,COc1cc(OC)c2c(=O)cc(-c3cccnc3)oc2c1
CHEMBL5076771,PPARgamma,4.610,,1,0,Inactive,exact,Cc1nc(-c2ccc(C(F)(F)F)cc2)sc1CN(C)c1ccc(/C=C/C(=O)O)cc1
CHEMBL1956371,PPARgamma,4.790,,1,0,Inactive,exact,O=C(O)C(Oc1ccc(Cl)cc1F)c1ccc(Cl)cc1
CHEMBL1935620,PPARgamma,7.400,,1,0,Active,exact,CC(C)(C)N.Cc1oc(/C=C/CCC(C)C)nc1CCOc1ccc2c(c1)CN(C(=O)/C=C/c1cccs1)[C@H](C(=O)O)C2
CHEMBL2331774,PPARgamma,7.785,,2,0,Active,exact,CCNC(=O)c1cc(NS(=O)(=O)c2ccc(Br)cc2OC(F)(F)F)ccc1Oc1cncc(Cl)c1
CHEMBL3335666,PPARgamma,5.270,,1,0,,exact,CC(C)(C)c1ccc(C(=O)Nc2ccc(Cl)cc2C(=O)Nc2cccc(C(=O)O)c2)cc1
CHEMBL231531,PPARgamma,,6.000,0,1,,censored,Cc1cc(SCC(COc2ccc(C(F)(F)F)cc2)COc2ccc(C(F)(F)F)cc2)ccc1OCC(=O)O
CHEMBL5085618,PPARgamma,5.660,,1,0,,exact,CS(=O)(=O)Cc1ccc(CNC(=O)c2ccc3[nH]ccc3c2)c(C(F)(F)F)c1
CHEMBL4166946,PPARgamma,7.700,,1,0,Active,exact,Cn1c(COc2cccc(C(=O)O)c2)nc2cnc(Oc3ccc4c(c3)CCC4)cc21
CHEMBL4548480,PPARgamma,5.620,,1,0,,exact,CCCCCCC(Sc1nc2ccc(NCc3ccc(Cl)cc3)cc2s1)C(=O)O
CHEMBL4295200,PPARgamma,5.500,,1,0,,exact,O=C(O)COc1ccc(OCCCOc2cccc(Cl)c2)cc1F
CHEMBL4751849,PPARgamma,6.640,,1,0,Active,exact,COc1cncc(Oc2ccc3nc(COc4cccc(C(=O)O)c4)n(C)c3c2)c1
CHEMBL465718,PPARgamma,6.330,,1,0,Active,exact,CCCCCc1cc2c(c(O)c1C(=O)O)[C@@H]1C=C(C)CC[C@H]1C(C)(C)O2
CHEMBL199530,PPARgamma,,5.000,0,1,,censored,CCC(C(=O)O)C1CCc2cc(OCCc3nc(-c4ccccc4)oc3C)c(Br)cc21
CHEMBL201280,PPARgamma,6.540,,1,0,Active,exact,CCC(C(=O)O)C1CCc2cc(OCCc3nc(-c4ccccc4)oc3C)c(-c3ccccc3)cc21
CHEMBL8739,PPARgamma,5.460,,2,0,,exact,CC/C=C\C/C=C\C/C=C\CCCCCCCC(=O)O
CHEMBL3923046,PPARgamma,4.750,,1,0,Inactive,exact,CS(=O)(=O)Oc1ccc(CC(=O)OCCCc2ccc(CC(SCCc3ccc(F)cc3)C(=O)O)cc2)cc1
CHEMBL83059,PPARgamma,5.960,,1,0,,exact,CCCCC(=O)N(C)CCOc1ccc(CC2SC(=O)NC2=O)cc1
CHEMBL2346913,PPARgamma,4.760,,3,2,Inactive,exact,COc1cc2ccc(=O)oc2cc1OC/C=C(\C)CCC=C(C)C
CHEMBL1075835,PPARgamma,,5.000,0,1,,censored,Cc1cc(OCc2nc(-c3ccc(N4CCOCC4)nc3)c(-c3ccc(OC(F)(F)F)cc3)s2)ccc1OCC(=O)O
CHEMBL3335625,PPARgamma,4.600,,1,0,Inactive,exact,O=C(O)c1cccc(NC(=O)c2ccccc2NC(=O)c2ccc3c(c2)OCO3)c1
CHEMBL3398454,PPARgamma,7.300,,1,1,Active,exact,Cc1oc(-c2ccccc2)nc1CCOc1ccc(C[C@@H]2CN(c3nc(C(F)(F)F)co3)C[C@@H]2C(=O)O)cc1
CHEMBL2322449,PPARgamma,6.970,,1,0,Active,exact,CCc1nc2ccn(Cc3cccc(C)c3)c(=O)c2n1[C@H]1CCc2cc(-c3ccccc3-c3nnn[nH]3)ccc21
CHEMBL455127,PPARgamma,8.300,,1,0,Active,exact,COc1ccc(C(=O)c2c(C)n(Cc3cc(O[C@@H](C)C(=O)O)ccc3F)c3ncccc23)cc1
CHEMBL271739,PPARgamma,6.750,,1,0,Active,exact,Cc1oc(-c2ccccc2)nc1CCOc1cccc(CC2C(=O)N(c3ccc(F)cc3)C2C(=O)O)c1
CHEMBL200952,PPARgamma,5.320,,1,0,,exact,CCCc1c(OCCCOc2cccc3c2ccn3CC(=O)O)ccc2cc[nH]c12
CHEMBL1091218,PPARgamma,5.560,,1,0,,exact,Cc1ccc(OC(=O)N(CC(=O)O)Cc2cccc(OCc3nc(-c4ccc(C(F)(F)F)cc4)oc3C)c2)cc1
CHEMBL3753490,PPARgamma,5.000,,1,0,,exact,O=C1NC(=O)C(=Cc2ccc(N(CCOc3ccc([N+](=O)[O-])cc3)CCOc3ccc([N+](=O)[O-])cc3)cc2)C(=O)N1
CHEMBL237710,PPARgamma,6.940,,1,0,Active,exact,Cc1cc(Oc2cccc(CNC(=O)c3ccc(C(F)(F)F)cc3Oc3ccccc3)c2)ccc1OC(C)(C)C(=O)O
CHEMBL431450,PPARgamma,5.780,,2,0,,exact,CCCc1cc(Oc2ccccc2)ccc1OCCCCOc1ccc2c(c1)CCC(C)(C(=O)O)O2
CHEMBL510180,PPARgamma,7.800,,1,0,Active,exact,COc1ccc(C(=O)c2c(C)n(Cc3cccc(O[C@@H](C)C(=O)O)c3)c3nc(C)ccc23)cc1
CHEMBL3736412,PPARgamma,6.915,,2,0,Active,exact,Cc1c(C)n(Cc2ccc(-c3ccccc3C(=O)O)cc2)c2ccc(C(=O)N[C@@H](Cc3ccccc3)c3cccc(C(C)C)c3)cc12
CHEMBL5436973,PPARgamma,5.570,,1,0,,exact,Cc1cc(CN2C(=O)CN(c3ccc(C(F)(F)F)cc3)C2=O)ccc1OC(C)(C)C(=O)O
CHEMBL4243419,PPARgamma,,5.000,0,1,,censored,Cc1cc(SC(Cc2ccccc2)c2ccc(-c3ccc(C(F)(F)F)cc3)cc2)ccc1OCC(=O)O
CHEMBL4171415,PPARgamma,6.470,,1,0,Active,exact,CC(=O)c1ccc(OCc2nc3ccc(Oc4cc(C)c(N)c(C)c4)cc3n2C)cc1.Cl.Cl
CHEMBL1956361,PPARgamma,4.520,,1,0,Inactive,exact,O=C(O)C(Cc1ccccc1)Oc1ccccc1C(F)(F)F
CHEMBL218338,PPARgamma,,5.000,0,1,,censored,O=C(O)Cc1ccc(-c2noc(-c3ccccc3)c2C(=O)NCCOc2ccc(Cl)cc2Cl)cc1
CHEMBL5070753,PPARgamma,7.210,,2,1,Active,exact,O=C(O)c1nn(Cc2ccc(Cl)c(Cl)c2)c(=O)c2cc(Oc3ccccc3)ccc12
CHEMBL3695816,PPARgamma,7.820,,3,0,Active,exact,Cc1c(C)n(Cc2ccc(-c3ccccc3C(=O)O)cc2)c2ccc(C(=O)NCc3ccc4c(c3)OCO4)cc12
CHEMBL4460166,PPARgamma,5.430,,1,0,,exact,CCCCCCC(Sc1nc2ccc(NCc3ccc(C(C)(C)C)cc3)cc2s1)C(=O)O
CHEMBL338211,PPARgamma,,4.000,0,1,Inactive,censored,O=C1NC(=O)C(Cc2ccc(OCCO/N=C/c3ccc(-c4ccccc4)cc3)cc2)S1
CHEMBL3912543,PPARgamma,5.300,,1,0,,exact,CCCc1nc2ccccc2n1Cc1ccc(-c2ccccc2C#N)cc1
CHEMBL4798903,PPARgamma,7.240,,1,0,Active,exact,CCOc1cc(Oc2ncc(C)cc2C)cc2c1nc(COc1cccc(C(=O)O)c1)n2C
CHEMBL374344,PPARgamma,8.140,,2,0,Active,exact,Cc1oc(-c2ccc(-c3ccccc3)cc2)nc1CCOc1ccc(CCC(=O)O)c(CNC(=O)Oc2cnccn2)c1
CHEMBL256134,PPARgamma,5.590,,1,0,,exact,Cc1oc(-c2ccccc2)nc1CCOc1cccc(CC2=C(C(=O)O)CCN(C(=O)OCC(C)C)C2)c1
CHEMBL3764216,PPARgamma,6.220,,1,0,Active,exact,CCC(Cc1ccc(C(=O)NCc2ccc(F)cc2C(F)(F)F)cc1)C(=O)O
CHEMBL1760269,PPARgamma,5.300,,1,0,,exact,CCCCN(c1cccc(-c2ccc(Cl)cc2)c1C)S(=O)(=O)c1ccc(OC(CC)C(=O)O)c(C)c1C
CHEMBL494606,PPARgamma,4.920,,1,0,Inactive,exact,CC(=O)OC[C@@]12[C@@H](OC(C)=O)C[C@@H](C)[C@](C)(CCC3=CC(=O)OC3)[C@H]1CCC[C@]21CO1
CHEMBL280897,PPARgamma,5.620,,1,0,,exact,CC(C)(Sc1ccc(CCN(CCc2ccc(-c3ccccc3)cc2)C(=O)NC2CCCCC2)cc1)C(=O)O
CHEMBL3094410,PPARgamma,5.430,,1,0,,exact,CCCCCCC(Sc1nc(Cl)cc(Nc2nc3c(s2)CCc2cc(OC)ccc2-3)n1)C(=O)O
CHEMBL3393177,PPARgamma,5.330,,1,0,,exact,O=C(O)c1cccc(NC(=O)c2cc(Cl)ccc2NC(=O)c2ccc(C(F)(F)F)cc2)c1
CHEMBL3695842,PPARgamma,8.220,,1,0,Active,exact,Cc1c(C)n(Cc2ccc(-c3ccccc3C(=O)O)cc2)c2ccc(C(=O)NCc3ccccc3Cl)cc12
CHEMBL461409,PPARgamma,4.520,,1,0,Inactive,exact,Cc1cccc(Nc2cc(Cl)nc(SC(C(=O)O)c3ccccc3)n2)c1C
CHEMBL189844,PPARgamma,,4.824,0,1,Inactive,censored,CCC1(C(=O)O)Cc2cc(OCCCOc3ccc(C(F)(F)F)cc3Cl)ccc2O1
CHEMBL456792,PPARgamma,5.820,,1,0,,exact,CCCCCCC(Sc1nc(Cl)cc(Nc2ccc(-c3ccc(C#N)cc3)cc2)n1)C(=O)O
CHEMBL4579845,PPARgamma,5.240,,1,0,,exact,CC/C(=C\c1cc(OCc2ccc3nc(C(F)(F)F)cc(OC)c3c2)ccc1OCc1ccc(F)cc1)C(=O)O
CHEMBL1813011,PPARgamma,10.740,,1,0,Active,exact,CCO[C@@H](Cc1ccc(OCCc2nc(-c3ccc(C)s3)oc2C)cc1)C(=O)O
CHEMBL4749400,PPARgamma,6.980,,1,0,Active,exact,CCOc1cc(Oc2ccc(C)nc2C)cc2c1nc(COc1cccc(C(=O)O)c1)n2C
CHEMBL1080108,PPARgamma,,5.000,0,1,,censored,CCCOc1ccc(-c2nc(COc3ccc(OCC(=O)O)c(C)c3)sc2-c2ccc(OC(F)(F)F)cc2)cc1
CHEMBL3695865,PPARgamma,7.290,,1,0,Active,exact,Cc1c(C)n(Cc2ccc(-c3ccccc3)cc2)c2ccc(C(=O)N[C@@H](C)c3c(Cl)cccc3Cl)cc12
CHEMBL603538,PPARgamma,5.800,,1,0,,exact,Cc1cc(C(Cc2ccc(CCCc3nc(-c4ccccc4)oc3C)cc2)C(=O)O)on1
CHEMBL424685,PPARgamma,5.730,,1,0,,exact,CC[C@@](C)(Cc1ccc(OCCCOc2ccc(C3CCCCC3)cc2Cl)cc1)C(=O)O
CHEMBL5901306,PPARgamma,4.590,,1,0,Inactive,exact,N#Cc1ccc(Cl)c(C(=O)Nc2ccnc(-c3cccnc3)c2)c1
CHEMBL234801,PPARgamma,,5.000,0,1,,censored,Cc1nc(C(F)(F)F)sc1COc1ccc2c(ccn2CC(=O)O)c1
CHEMBL149677,PPARgamma,7.425,,2,0,Active,exact,O=C(c1ccccc1)c1ccccc1N[C@@H](Cc1ccc(OCCOc2ccc(Br)cc2)cc1)C(=O)O
CHEMBL4751747,PPARgamma,5.660,,1,0,,exact,O=C1NC(=O)C(Cc2ccc(/N=N/c3ccc(C(F)(F)F)cc3)cc2)S1
CHEMBL1934314,PPARgamma,,4.824,0,1,Inactive,censored,Cc1nc(-c2ccc(Cl)cc2)sc1C(=O)NCC1CN(c2cccc(C(=O)O)c2)CCO1
CHEMBL198023,PPARgamma,7.370,,1,0,Active,exact,CCC(C(=O)O)C1CCc2cc(OCCc3nc(-c4ccc(C)c(F)c4)oc3C)ccc21
CHEMBL3358037,PPARgamma,5.770,,1,0,,exact,C=C[C@H]1OCc2cc3cc(OC)c(O)cc3c(C#C[C@@H](O)/C=C\CCCCCCC)c21
CHEMBL89996,PPARgamma,5.700,,1,0,,exact,CCO[C@@H](Cc1ccc(OC/C=C(/c2ccccc2)c2ccc(-c3ccco3)cc2)cc1)C(=O)O
CHEMBL3335659,PPARgamma,5.720,,1,0,,exact,CC(C)(C)c1ccc(C(=O)Nc2ccccc2C(=O)Nc2cc(C(=O)O)ccc2Cl)cc1
CHEMBL3103196,PPARgamma,7.470,,1,0,Active,exact,Cc1cc(C2CC2C(OCCC2CCCCC2)c2ccc(OC(F)(F)F)cc2)cc(C)c1OC(C)(C)C(=O)O
CHEMBL3354989,PPARgamma,4.600,,1,0,Inactive,exact,Cc1nc(-c2cccc(C(F)(F)F)c2)sc1CNCc1ccc(OC(C)(C)C(=O)O)cc1
CHEMBL3699412,PPARgamma,8.100,,1,0,Active,exact,Cc1c(C)n(Cc2ccc(-c3ccccc3C(=O)O)cc2)c2ccc(C(=O)N[C@H](C)c3ccnc(Br)c3)cc12
CHEMBL4866115,PPARgamma,,5.000,0,1,,censored,Cc1ccc(Cn2nc(CCCc3ccc(OC(C)(C)C(=O)O)cc3)n(Cc3ccc(C)cc3)c2=O)cc1
CHEMBL146355,PPARgamma,8.650,,1,0,Active,exact,Cc1ccccc1C(=O)c1ccccc1NC(Cc1ccc(OCCN(C)c2nc3ccccc3o2)cc1)C(=O)O
CHEMBL491142,PPARgamma,8.020,,2,0,Active,exact,Cc1oc(-c2ccccc2)nc1CCOc1ccc(Cc2nn(-c3ccccc3)nc2CC(=O)O)cc1
CHEMBL3678129,PPARgamma,8.800,,1,0,Active,exact,Cc1c(C)n(Cc2ccc(Cl)c(O[C@@H](C)C(=O)O)c2)c2ccc(C(=O)N[C@@H](C)c3cccc(C(C)(C)C)c3)cc12
CHEMBL3397726,PPARgamma,5.900,,1,0,,exact,CCCC/C(=C\c1cc(OCC(c2ccccc2)c2ccccc2)ccc1OCc1ccc(C(F)(F)F)cc1)C(=O)O
CHEMBL495905,PPARgamma,5.900,,1,0,,exact,Cc1ccc(NC(=O)c2cccc(S(=O)(=O)n3ccc4c(Br)cccc43)c2)c(C(=O)O)c1
CHEMBL218175,PPARgamma,6.140,,1,0,Active,exact,O=C(NS(=O)(=O)c1ccc(F)cc1)c1cc2ccccc2n1Cc1cccc(C(F)(F)F)c1
CHEMBL84326,PPARgamma,,5.000,0,1,,censored,CC/C=C/C(=O)NCCOc1ccc(CC2SC(=O)NC2=O)cc1
CHEMBL595440,PPARgamma,4.850,,1,0,Inactive,exact,Cc1oc(-c2ccccc2)nc1CCCc1ccc(C[C@H](C(=O)O)n2ccnn2)cc1
CHEMBL111841,PPARgamma,6.260,,1,0,Active,exact,Cn1c(-c2ccccc2)c(CCc2ccccc2)c2cc(CC(=O)O)ccc21
CHEMBL3695845,PPARgamma,7.680,,3,0,Active,exact,Cc1c(C)n(Cc2ccc(-c3ccccc3C(=O)O)cc2)c2ccc(C(=O)N[C@@H](C)c3ccc(F)cc3)cc12
CHEMBL87928,PPARgamma,6.100,,1,0,Active,exact,CCO[C@@H](Cc1ccc(OC/C=C(\c2ccccc2)c2ccc(-c3ccco3)cc2)cc1)C(=O)O
CHEMBL1956357,PPARgamma,4.450,,1,0,Inactive,exact,O=C(O)[C@H](Cc1ccccc1)Oc1ccc(F)cc1
CHEMBL4276678,PPARgamma,6.195,,2,0,Active,exact,COc1cccc([C@H](O)COc2ccc(CC3SC(=O)NC3=O)cc2)c1
CHEMBL2035066,PPARgamma,,5.000,0,1,,censored,Cc1cc(SC(Cc2c3ccccc3cc3ccccc23)c2sc(-c3ccc(C(F)(F)F)cc3)nc2C)ccc1OCC(=O)O
CHEMBL4059763,PPARgamma,4.400,,1,0,Inactive,exact,CN(CCOc1ccc(/C=C2\SC(=O)NC2=O)cc1)c1ccc2ccccc2c1
CHEMBL4799629,PPARgamma,5.160,,1,0,,exact,O=C1NC(=O)C(Cc2ccc(/N=N\c3ccc(Cl)cc3)cc2)S1
CHEMBL331071,PPARgamma,7.720,,1,0,Active,exact,CCCc1cc(C(=O)c2ccccc2)ccc1OCCCOc1cccc(C2SC(=O)NC2=O)c1
CHEMBL5191595,PPARgamma,,4.301,0,1,Inactive,censored,CCCCCC/C=C\CCCCCCCc1cccc(OCC(=O)OCC)c1
CHEMBL3598149,PPARgamma,6.500,,1,0,Active,exact,O=C(O)c1ccc(-c2nc(C(=O)c3c(Cl)cccc3C(F)(F)F)n3ccccc23)c(F)c1
CHEMBL512652,PPARgamma,,6.000,0,1,,censored,C=C(COc1ccc(OC(F)(F)F)cc1)CSc1ccc(OCC(=O)O)c(C)c1
CHEMBL230731,PPARgamma,6.200,,3,0,Active,exact,Cc1oc(-c2ccccc2)nc1CCOc1ccc(C[C@@H](CNC(=O)C2CC2)Nc2ccccc2C(=O)c2ccccc2)cc1
CHEMBL110353,PPARgamma,5.960,,1,0,,exact,CCCc1cc(C(=O)CC)c(O)c(CCC)c1OC(C(=O)O)c1ccccc1
CHEMBL2323021,PPARgamma,,4.000,0,1,Inactive,censored,C[C@@H]1CN(c2ccc(F)cc2C(F)(F)F)CCN1S(=O)(=O)c1ccc([C@@](O)(C(N)=O)C(F)(F)F)s1
CHEMBL200122,PPARgamma,7.380,,1,0,Active,exact,CCC(C(=O)O)C1CCc2cc(OCCc3nc(-c4ccc(OC)cc4)oc3C)ccc21
CHEMBL3695792,PPARgamma,,6.000,0,1,,censored,C[C@H](NC(=O)c1ccc2c(ccn2Cc2ccc(-c3ccccc3O)cc2)c1)c1ccc([N+](=O)[O-])cc1
CHEMBL2204690,PPARgamma,5.160,,1,0,,exact,CC(C)(Oc1ccc(CCOc2ccc(Oc3ccccc3)cc2)cc1)C(=O)O
CHEMBL3695826,PPARgamma,7.500,,3,0,Active,exact,Cc1c(C)n(Cc2ccc(-c3ccccc3C(=O)O)cc2)c2ccc(C(=O)NC3CCC3)cc12
CHEMBL3678135,PPARgamma,8.800,,1,0,Active,exact,Cc1c(C)n(Cc2cc(O[C@@H](C)C(=O)O)ccc2Cl)c2ccc(C(=O)N[C@@H](C)c3cccc(C(C)(C)C)c3)cc12
CHEMBL3699390,PPARgamma,8.150,,1,0,Active,exact,Cc1c(C)n(Cc2ccc(-c3ccccc3-c3n[nH]c(=O)o3)cc2)c2ccc(C(=O)N[C@@H](C)c3cccc(C(C)C)c3)cc12
CHEMBL1933842,PPARgamma,7.820,,1,0,Active,exact,CC(C)CCS(=O)(=O)NC(=O)/C=C/c1cc(OC(C)C)nn1Cc1ccc(C(F)(F)F)cc1Cl
CHEMBL4847026,PPARgamma,5.350,,1,0,,exact,CCN(CC)c1ccc(CN(CC(=O)c2ccc(Cl)c(Cl)c2)Cc2ccccc2)cc1
CHEMBL20125,PPARgamma,5.460,,2,0,,exact,CC(C)c1ccc(NC(=O)N(CCc2ccc(SC(C)(C)C(=O)O)cc2)CCc2ccc(-c3ccccc3)cc2)cc1
CHEMBL1092236,PPARgamma,5.030,,1,0,,exact,Cc1oc(-c2ccc(Cl)cc2)nc1COc1cccc(CN(CC(=O)O)C(=O)OC2CCCC2)c1
CHEMBL489327,PPARgamma,4.900,,1,0,Inactive,exact,O=C(NC1CCCCC1)NS(=O)(=O)c1ccc(CCNS(=O)(=O)c2ccccc2)cc1
CHEMBL4745787,PPARgamma,6.110,,1,0,Active,exact,Cc1cncc(Oc2ccc3nc(COc4cccc(C(=O)O)c4)n(C)c3c2)c1
CHEMBL193459,PPARgamma,,4.301,0,1,Inactive,censored,CC[C@@]1(C(=O)O)Cc2cc(OCCCOc3ccc(OCC(F)(F)F)cc3)ccc2O1
CHEMBL2037587,PPARgamma,,5.000,0,1,,censored,Cc1cc(SC(Cc2c(F)cccc2Cl)c2sc(-c3ccc(C(F)(F)F)cc3)nc2C)ccc1OCC(=O)O
CHEMBL2024608,PPARgamma,8.510,,1,0,Active,exact,CCCCCS(=O)(=O)[N-]C(=O)C(C)(C)Cc1ccc(OCCOC)cc1Oc1ncc(C(F)(F)F)cc1Cl.[Na+]
CHEMBL3397724,PPARgamma,5.420,,1,0,,exact,CCCC/C(=C\c1cc(OCc2ccc(OCCN3CCOCC3)cc2)ccc1OCc1ccc(C(F)(F)F)cc1)C(=O)O
CHEMBL4176459,PPARgamma,6.950,,1,0,Active,exact,Cn1c(COc2cccc(C(=O)O)c2)nc2ccc(Oc3cccc(OC(F)(F)F)c3)cc21
CHEMBL5087833,PPARgamma,5.880,,1,0,,exact,O=C(NCc1ccc(NC(=O)C(F)(F)F)cc1C(F)(F)F)c1ccc2c(ccn2Cc2cccc(F)c2)c1
CHEMBL1079503,PPARgamma,,5.000,0,1,,censored,Cc1cc(OCc2nc(-c3ccc(C(F)(F)F)cc3)c(-c3ccc(C(F)(F)F)cc3)s2)ccc1OCC(=O)O
CHEMBL4067479,PPARgamma,6.590,,1,0,Active,exact,O=C(O)CCCc1cc2cc(C(F)(F)F)ccc2n1S(=O)(=O)c1cccc(Cl)c1
CHEMBL196428,PPARgamma,7.310,,1,0,Active,exact,CC(C)(C)c1ccc(-n2c(C(=O)O)c(Oc3ccc(OC(F)(F)F)cc3)c3ccccc32)cc1
CHEMBL3398453,PPARgamma,5.955,,2,0,,exact,Cc1oc(-c2ccccc2)nc1CCOc1ccc(C[C@@H]2CN(c3nc4ccccc4o3)C[C@@H]2C(=O)O)cc1
CHEMBL79359,PPARgamma,6.540,,1,0,Active,exact,CCCCCCCC(=O)NCCOc1ccc(CC2SC(=O)NC2=O)cc1
CHEMBL525989,PPARgamma,5.955,,2,0,,exact,O=C(O)COc1ccc(Sc2ccc(COc3ccc(C(F)(F)F)cc3)cc2OCC#CCO)c2c1CCCC2
CHEMBL3695884,PPARgamma,8.700,,1,0,Active,exact,COc1cccc([C@@H](C)NC(=O)c2ccc3c(c2)c(C)c(C)n3Cc2ccc(-c3ccccc3)cc2)c1
CHEMBL374502,PPARgamma,,5.000,0,1,,censored,O=C(O)Cc1ccc(OCc2noc(-c3ccccc3)c2C(=O)NCCOc2ccc(Cl)cc2Cl)c(Cl)c1
CHEMBL3699424,PPARgamma,8.000,,4,0,Active,exact,Cc1c(C)n(Cc2ccc(-c3ccccc3C(=O)O)cc2)c2ccc(C(=O)N[C@@H](C)c3cccc(C4CC4)c3)cc12
CHEMBL202617,PPARgamma,6.200,,1,0,Active,exact,O=C(O)Cn1ccc2cc(OCCCOc3ccc4cc(C(=O)c5ccccc5)ccc4c3)ccc21
CHEMBL3094433,PPARgamma,5.410,,1,0,,exact,CCC(Sc1nc(Cl)cc(Nc2nc(-c3ccc(Cl)cc3)cs2)n1)C(=O)O
CHEMBL3398437,PPARgamma,5.370,,1,1,,exact,CCOC(=O)N1C[C@H](Cc2cccc(OCCc3nc(-c4ccccc4)oc3C)c2)[C@H](C(=O)O)C1
CHEMBL210163,PPARgamma,7.150,,1,0,Active,exact,CCOC(Cc1ccc2c(ccn2Cc2nc(-c3cc(Cl)cc(Cl)c3)oc2C)c1)C(=O)O
CHEMBL1935497,PPARgamma,6.800,,1,0,Active,exact,C/C=C/C=C/C(=O)N1Cc2cc(OCCc3nc(/C=C/CC(C)(C)C)oc3C)ccc2C[C@H]1C(=O)O.CC(C)(C)N
CHEMBL3678142,PPARgamma,6.840,,1,0,Active,exact,Cc1c(C)n(Cc2ccc(O[C@@H](C)C(=O)O)c(Cl)c2)c2ccc(C(=O)N[C@@H](C)c3ccc(C(C)(C)C)cc3)cc12
CHEMBL256468,PPARgamma,6.960,,1,0,Active,exact,Cc1oc(-c2ccccc2)nc1CCOc1ccc(C[C@@H]2C(=O)N(c3ccc(C(C)(C)C)cc3)[C@@H]2C(=O)O)cc1
CHEMBL3699406,PPARgamma,6.840,,1,0,Active,exact,Cc1c(C)n(Cc2ccc(-c3ccccc3C(=O)O)cc2)c2ccc(C(=O)N[C@@H](C)c3ccc(Cl)nc3)cc12
CHEMBL125363,PPARgamma,5.100,,1,0,,exact,C/C(=N\OCCOc1ccc(CC2SC(=O)NC2=O)cc1)c1ccncc1
CHEMBL232395,PPARgamma,5.250,,1,0,,exact,O=C(O)COc1ccc(SCc2ccc(OCc3ccc(C(F)(F)F)cc3)cc2)c2c1CCCO2
CHEMBL464453,PPARgamma,4.570,,1,0,Inactive,exact,C=C1C(=O)O[C@@H]2C[C@H](C)[C@@]3(O)CC[C@@](C)(C[C@@H](OC(=O)C(C)C)[C@@H]12)O3
CHEMBL178630,PPARgamma,,4.824,0,1,Inactive,censored,CC(C)Oc1ccc(OCCCOc2ccc3c(c2)O[C@@](C)(C(=O)O)CC3)c(Cl)c1
CHEMBL2037584,PPARgamma,,5.000,0,1,,censored,Cc1cc(SC(Cc2ccc([N+](=O)[O-])cc2)c2sc(-c3ccc(C(F)(F)F)cc3)nc2C)ccc1OCC(=O)O
CHEMBL196775,PPARgamma,5.750,,1,0,,exact,CCCc1c(OCCCCCOc2cccc3c2ccn3CC(=O)O)ccc2c(C(F)(F)F)noc12
CHEMBL3317862,PPARgamma,7.980,,1,0,Active,exact,CCCOc1ccc(C[C@@H](Cc2ccccc2)C(=O)O)cc1CNC(=O)c1ccc(N2CCC(C)(C)CC2)cc1
CHEMBL4161905,PPARgamma,6.550,,1,0,Active,exact,Cn1c(COc2cccc(C(=O)O)c2)nc2ccc(Oc3ncccc3F)cc21
CHEMBL211513,PPARgamma,7.620,,1,0,Active,exact,CCOC(Cc1ccc2c(ccn2Cc2nc(-c3cccc(Cl)c3)oc2C)c1)C(=O)O
CHEMBL1819483,PPARgamma,5.820,,1,0,,exact,CCCCC(Cc1ccc(OCCc2ccccc2)c(OCCC2CCCCC2)c1)C(=O)O
CHEMBL347788,PPARgamma,8.490,,1,0,Active,exact,Cc1oc(-c2ccccc2)nc1CCOc1ccc(CC(Nc2ccccc2C(=O)c2cccc(N)c2)C(=O)O)cc1
CHEMBL4532662,PPARgamma,8.330,,2,0,Active,exact,C/C(=C1/c2ccc(Cc3c(C4CC4)nc4ccc(Cl)cn34)cc2COc2cc(F)ccc21)c1noc(=O)[nH]1
CHEMBL3094425,PPARgamma,5.640,,1,0,,exact,CCCCCCC(Sc1nc(Cl)cc(Nc2nc(-c3ccccc3)c(C)s2)n1)C(=O)O
CHEMBL1760417,PPARgamma,5.200,,1,0,,exact,CCCCN(c1cc(-c2ccc(Cl)cc2)ccc1C)S(=O)(=O)c1ccc(OC(C)C(=O)O)c(C)c1C
CHEMBL3678138,PPARgamma,6.500,,1,0,Active,exact,Cc1c(C)n(Cc2ccc(C3(C(=O)O)CC3)cc2)c2ccc(C(=O)N[C@@H](C)c3ccc(C(C)C)cc3)cc12
CHEMBL2204687,PPARgamma,4.260,,1,0,Inactive,exact,CC(C)(Oc1ccc(CCOc2ccc(C(=O)c3ccccc3)cc2)cc1)C(=O)O
CHEMBL5204992,PPARgamma,5.500,,1,0,,exact,CC(C)(C)OC(=O)NC(CSCc1ccc(C(=O)c2ccc(Cl)cc2)cc1)C(=O)O
CHEMBL3695892,PPARgamma,8.300,,1,0,Active,exact,Cc1c(C)n(Cc2ccc(-c3ccccc3)cc2)c2ccc(C(=O)N[C@H](C)c3cccc(Cl)c3Cl)cc12
CHEMBL41632,PPARgamma,6.565,,2,0,Active,exact,O=C(O)Cc1cc(I)c(Oc2ccc(O)c(I)c2)c(I)c1
CHEMBL6174977,PPARgamma,5.920,,1,0,,exact,Cc1ccc(N2CCN(Cc3cc(C)c(OC(C)(C)C(=O)O)c(C)c3)C2=O)cc1
CHEMBL3091498,PPARgamma,5.240,,1,0,,exact,CCCCCCC(Sc1nc(Cl)cc(Nc2nc(-c3ccccc3)cs2)n1)C(=O)O
CHEMBL4555317,PPARgamma,6.540,,2,0,Active,exact,O=C(NCc1cccc(O)c1)c1ccc(NCc2ccc(-c3ccccc3C(=O)O)cc2)cc1
CHEMBL593320,PPARgamma,,4.155,0,1,Inactive,censored,Cc1oc(-c2ccccc2)nc1CCCc1ccc(C[C@H](C(=O)O)n2nccn2)cc1
CHEMBL3103193,PPARgamma,7.540,,2,0,Active,exact,COC(c1ccc(Br)cc1)C1CC1c1cc(C)c(OC(C)(C)C(=O)O)c(C)c1
CHEMBL521925,PPARgamma,6.660,,1,0,Active,exact,CCO[C@@H](Cc1cccc(C2=NOC(c3ccccc3)C2)c1)C(=O)O
CHEMBL3335662,PPARgamma,5.270,,1,0,,exact,CC(C)(C)c1ccc(C(=O)Nc2ccccc2C(=O)Nc2ccc(Cl)c(C(=O)O)c2)cc1
CHEMBL1935496,PPARgamma,6.120,,1,0,Active,exact,C/C=C/C=C/C(=O)N1Cc2cc(OCCc3nc(/C=C/C(C)(C)CC)oc3C)ccc2C[C@H]1C(=O)O.CC(C)(C)N
CHEMBL1760428,PPARgamma,5.200,,1,0,,exact,CCCCN(c1cccc(-c2ccc(C(F)(F)F)cc2)c1Cl)S(=O)(=O)c1ccc(OC(C)C(=O)O)c(C)c1C
CHEMBL3398455,PPARgamma,6.230,,2,0,Active,exact,CCOC(=O)N1C[C@@H](CCc2cccc(OCCc3nc(-c4ccccc4)oc3C)c2)[C@@H](C(=O)O)C1
CHEMBL4171548,PPARgamma,7.660,,1,0,Active,exact,Cc1cc(F)ccc1Oc1ccc2nc(COc3cccc(C(=O)O)c3)n(C)c2c1
CHEMBL549748,PPARgamma,6.980,,2,0,Active,exact,O=C(O)Cc1cc(I)c(Oc2cc(I)c(O)c(I)c2)c(I)c1
CHEMBL5431069,PPARgamma,6.000,,1,0,Active,exact,O=C(O)Cc1cc(Cl)cc(OCCC2(N3CCCCC3)CCN(c3nc4ccc(Cl)cc4s3)CC2)c1
CHEMBL484465,PPARgamma,,5.000,0,1,,censored,Cc1cccc(C(=O)O)c1NC(=O)c1cccc(S(=O)(=O)N2CCc3ccccc3C2)c1
CHEMBL4237295,PPARgamma,,5.000,0,1,,censored,Cc1cc(SC(Cc2c(F)cccc2F)c2ccc(-c3ccc(F)cc3)cc2)ccc1OCC(=O)O
CHEMBL326873,PPARgamma,6.480,,2,0,Active,exact,CCC1(C(=O)O)CCc2ccc(OCCCOc3ccc(Oc4ccccc4)cc3Cl)cc2O1
CHEMBL1813868,PPARgamma,4.750,,3,0,Inactive,exact,C/C=C(\C)C(=O)OC[C@@]12[C@@H](OC(C)=O)C[C@@H](C)[C@](C)(CCC3=CC(=O)OC3)[C@H]1CCC[C@]21CO1
CHEMBL271240,PPARgamma,7.000,,1,0,Active,exact,COc1ccc(N2C(=O)[C@@H](Cc3cccc(OCCc4nc(-c5ccccc5)oc4C)c3)[C@H]2C(=O)O)cc1
CHEMBL5183133,PPARgamma,6.170,,1,0,Active,exact,CCc1ccc(CC(=O)O)cc1OCCC1CCN(c2nc3ccc(Cl)cc3s2)CC1
CHEMBL54097,PPARgamma,6.085,,2,0,Active,exact,CCCc1cc(Oc2ccccc2)ccc1OCCCOc1ccc(C2SC(=O)NC2=O)cc1C
CHEMBL3115236,PPARgamma,5.580,,1,0,,exact,CCCc1nc2cc(C(=O)NC(CC)c3ccccc3)ccc2n1Cc1ccc(-c2ccccc2C(=O)O)cc1
CHEMBL199645,PPARgamma,7.110,,1,0,Active,exact,CCC(C(=O)O)C1CCc2cc(OCCc3nc(-c4ccc(F)c(C)c4)oc3C)ccc21
CHEMBL3398431,PPARgamma,5.970,,2,0,,exact,Cc1oc(-c2ccccc2)nc1CCOc1cccc([C@@H]2CN(C(=O)Oc3ccccc3)C[C@@H]2CC(=O)O)c1
CHEMBL1081380,PPARgamma,,5.000,0,1,,censored,COc1ccc(-c2nc(COc3ccc(CC(=O)O)cc3)sc2-c2ccc(C(F)(F)F)cc2)cc1
CHEMBL218789,PPARgamma,7.300,,1,0,Active,exact,O=C(NS(=O)(=O)c1cccc(C(F)(F)F)c1)c1cc2ccccc2n1Cc1cccc(OCc2ccccc2)c1
CHEMBL192500,PPARgamma,5.510,,1,0,,exact,CCCc1cc(SC(F)(F)F)ccc1OCCCOc1ccc2c(c1)CC(CC)(C(=O)O)O2
CHEMBL5283236,PPARgamma,,4.319,0,1,Inactive,censored,COc1cc(N2CC[C@@H](Oc3ccc(N4C[C@H](F)[C@@H](C)[C@@H]4CC(=O)O)cc3)[C@H](C)C2)c(Cl)cn1
CHEMBL211839,PPARgamma,7.600,,1,0,Active,exact,CCOC(Cc1ccc2c(ccn2Cc2nc(-c3cc(OC)cc(OC)c3)oc2C)c1)C(=O)O
CHEMBL3678153,PPARgamma,7.210,,1,0,Active,exact,Cc1c(C)n(Cc2cccc(O[C@@H](C)C(=O)O)c2)c2ccc(C(=O)N[C@@H](C)c3cccc(Cl)c3)cc12
CHEMBL396480,PPARgamma,6.800,,1,0,Active,exact,Cc1oc(-c2ccccc2)nc1CCOc1ccc(C[C@@H](CNC(=O)c2ccc(CO)cc2)Nc2ccccc2C(=O)c2ccccc2)cc1
CHEMBL3735470,PPARgamma,7.175,,2,0,Active,exact,Cc1ccc([C@H](C)NC(=O)c2ccc3c(c2)c(C)c(C)n3Cc2ccc(-c3ccccc3C(=O)O)cc2)cc1
CHEMBL4764106,PPARgamma,6.780,,1,0,Active,exact,COc1cc(Oc2ccc3nc(COc4cccc(C(=O)O)c4)n(C)c3n2)cc(C)n1
CHEMBL5427431,PPARgamma,5.920,,1,0,,exact,O[C@@H]1[C@H](O)CS[C@H]1Cn1cnc2c(NCc3cccc(Cl)c3)nc(I)nc21
CHEMBL199814,PPARgamma,6.200,,1,0,Active,exact,CCC(C(=O)O)C1CCc2cc(OCc3nc(-c4ccccc4)oc3C)ccc21
CHEMBL3699434,PPARgamma,6.220,,1,0,Active,exact,Cc1c(C)n(Cc2ccc(-c3ccccc3C(=O)NCCO)cc2)c2ccc(C(=O)N[C@@H](C)c3cccc(C(C)C)c3)cc12
CHEMBL199372,PPARgamma,6.130,,1,0,Active,exact,CCC(C(=O)O)C1CCc2cc(OCCc3nc(-c4ccc(Cl)cc4Cl)oc3C)ccc21
CHEMBL3598142,PPARgamma,5.680,,1,0,,exact,O=C(O)c1ccc(-c2nc(C(=O)c3c(Cl)cccc3C(F)(F)F)n3c2CCCC3)cc1
CHEMBL3899514,PPARgamma,5.860,,2,0,,exact,Cc1nc2ccccc2n(CC(=O)Nc2ccc(S(=O)(=O)NC(=O)NC3CCCCC3)cc2)c1=O
CHEMBL1956359,PPARgamma,4.720,,1,0,Inactive,exact,O=C(O)C(Cc1ccccc1)Oc1ccccc1F
CHEMBL4093428,PPARgamma,6.360,,1,0,Active,exact,CCCCNC(=O)NS(=O)(=O)c1ccc(NC(=O)CSc2nc3ccccc3c(=O)n2-c2ccc(C)cc2)cc1
CHEMBL5198233,PPARgamma,5.410,,1,0,,exact,CCCCCCCCCCCCCCCc1cccc(OC(C)(C)C(=O)OCC)c1
CHEMBL3335654,PPARgamma,5.300,,1,0,,exact,CC(C)(C)c1ccc(C(=O)Nc2ccccc2C(=O)Nc2cccc(CCC(=O)O)c2)cc1
CHEMBL5282748,PPARgamma,5.140,,1,1,,exact,O=C(NCc1ccc(Cl)cc1)c1ccc(Cl)c(C(=O)Nc2ccccc2)c1
CHEMBL3695863,PPARgamma,8.100,,1,0,Active,exact,Cc1c(C)n(Cc2ccc(-c3ccccc3)cc2)c2ccc(C(=O)N[C@H](c3cccc(C(C)C)c3)C3CC3)cc12
CHEMBL5992108,PPARgamma,5.460,,2,0,,exact,CCc1ccc(CCOc2ccc(C[C@@H]3SC(=O)NC3=O)cc2)nc1
CHEMBL110295,PPARgamma,7.040,,2,0,Active,exact,CCCc1cc2c(C(F)(F)F)noc2c(CCC)c1OC(C(=O)O)c1ccc(C(F)(F)F)cc1
CHEMBL148663,PPARgamma,5.790,,1,0,,exact,O=C(c1ccccc1)c1ccccc1N[C@@H](Cc1ccc(OC2CCN2C(c2ccccc2)c2ccccc2)cc1)C(=O)O
CHEMBL518038,PPARgamma,5.440,,3,0,,exact,CCCCCCC(Sc1nc(Cl)cc(Nc2cccc(C)c2C)n1)C(=O)O
CHEMBL491751,PPARgamma,8.350,,2,0,Active,exact,Cc1oc(-c2ccccc2)nc1CCOc1cccc(Cc2nn(-c3ccccc3)nc2CC(=O)O)c1
CHEMBL1077284,PPARgamma,5.700,,1,0,,exact,CCCCC/C=C\C=C\C(O)CCCCCCCC(=O)O
CHEMBL2447934,PPARgamma,5.090,,1,1,,exact,CCc1ccc(-c2nc3cc(NC(=O)c4cccc([N+](=O)[O-])c4)ccc3o2)cc1
CHEMBL231528,PPARgamma,,6.000,0,1,,censored,CCOCC(COc1ccc(C(F)(F)F)cc1)CSc1ccc(OCC(=O)O)c(C)c1
CHEMBL197527,PPARgamma,5.770,,1,0,,exact,CCCc1c(OCCCOc2ccc3c(ccn3C(CC)C(=O)O)c2)ccc2c(C(F)(F)F)noc12
CHEMBL2259815,PPARgamma,7.330,,1,0,Active,exact,CCCc1cc(Oc2ccc(Cl)c(Cl)c2)ccc1OCCCOc1ccc(C2SC(=O)NC2=O)cc1
CHEMBL181644,PPARgamma,7.410,,2,0,Active,exact,CO[C@@H](Cc1ccc(OCCCOc2ccc(C(=O)c3ccccc3)cc2)c(Cl)c1)C(=O)O
CHEMBL4168059,PPARgamma,5.620,,1,0,,exact,O=C(O)CCc1ccc2[nH]c(-c3cccc(Cl)c3)cc2c1
CHEMBL1760418,PPARgamma,5.800,,1,0,,exact,CCCCN(c1cc(-c2ccc(Cl)cc2)c(F)cc1F)S(=O)(=O)c1ccc(OC(C)C(=O)O)c(C)c1C
CHEMBL399629,PPARgamma,5.000,,1,0,,exact,CCOC(=O)C(Cc1ccc(OCCN2CCC(C)(C)c3cc(/C(=N\OC)c4ccccc4)ccc32)cc1)OCC
CHEMBL3398429,PPARgamma,6.615,,2,0,Active,exact,Cc1oc(-c2ccccc2)nc1CCOc1ccc([C@H]2CN(C(=O)Oc3ccccc3)C[C@@H]2C(=O)O)cc1
CHEMBL4288513,PPARgamma,5.730,,1,0,,exact,O=C(O)CC1COc2cc(OCCCOc3cccc(-c4ccccc4)c3)ccc21
CHEMBL3695836,PPARgamma,6.610,,1,0,Active,exact,Cc1c(C)n(Cc2ccc(-c3ccccc3C(=O)O)cc2)c2ccc(C(=O)NCc3ccc(-c4ccccc4)cc3)cc12
CHEMBL2322440,PPARgamma,,4.000,0,1,Inactive,censored,CCc1nc2ccn(CC(=O)O)c(=O)c2n1[C@H]1CCc2cc(-c3ccccc3-c3nnn[nH]3)ccc21
CHEMBL3695880,PPARgamma,7.100,,1,0,Active,exact,Cc1c(C)n(Cc2ccc(-c3ccccc3)cc2)c2ccc(C(=O)N[C@H](c3cccc(C(C)C)c3)C(C)C)cc12
CHEMBL455130,PPARgamma,6.970,,1,0,Active,exact,Cc1c(Oc2ccc(Cl)cc2)c2cccnc2n1Cc1ccc(F)c(O[C@@H](C)C(=O)O)c1
CHEMBL6177074,PPARgamma,5.380,,1,0,,exact,Cc1cc(CN2CCN(c3ccccc3)C2=O)cc(C)c1OC(C)(C)C(=O)O
CHEMBL5174641,PPARgamma,7.710,,2,0,Active,exact,O=C(Nc1ccc2oc(-c3cccc(Cl)c3)nc2c1)c1cc([N+](=O)[O-])ccc1Cl
CHEMBL602468,PPARgamma,8.600,,4,0,Active,exact,CCC(NC(=O)c1ccc2c(c1)c(C)c(C)n2Cc1ccc(-c2ccccc2C(=O)O)cc1)c1ccccc1
CHEMBL1934482,PPARgamma,,5.167,0,1,,censored,Cc1nc(-c2ccccc2Cl)sc1C(=O)N[C@H]1CCCN(c2cccc(C(=O)O)c2)C1
CHEMBL87380,PPARgamma,5.510,,4,0,,exact,CCO[C@@H](Cc1ccc(OCC=C(c2ccc(C)cc2)c2ccc(C)cc2)cc1)C(=O)O
CHEMBL342533,PPARgamma,6.170,,1,0,Active,exact,O=C(c1ccccc1)c1ccccc1N[C@@H](Cc1ccc(OCCc2cccc(Br)c2)cc1)C(=O)O
CHEMBL1082115,PPARgamma,,5.000,0,1,,censored,COc1ccc(-c2nc(CSc3ccc(OCC(=O)O)c(C)c3)sc2-c2ccc(C(F)(F)F)cc2)cc1
CHEMBL1956365,PPARgamma,4.850,,1,0,Inactive,exact,O=C(O)C(Cc1ccccc1)Oc1ccc(Cl)c(F)c1
CHEMBL4160935,PPARgamma,7.020,,1,0,Active,exact,Cn1c(COc2cccc(C(=O)O)c2)nc2ccc(Oc3cc(F)cc(F)c3)cc21
CHEMBL148774,PPARgamma,5.210,,1,0,,exact,Cc1ccc(Cn2nc(CCCc3ccc(OC(C)(C)C(=O)O)cc3)n(CCO)c2=O)cc1
CHEMBL5091134,PPARgamma,5.500,,1,0,,exact,O=C(NCc1ccc(CS(=O)(=O)C2CC2)cc1C(F)(F)F)c1ccc2c(ccn2CC2COC2)c1
CHEMBL467510,PPARgamma,5.150,,2,0,,exact,CC(C)COc1ccc(Cl)cc1-c1ccccc1-c1cccc(C(=O)[O-])n1.[Na+]
CHEMBL524063,PPARgamma,6.020,,2,0,Active,exact,C#CCOc1cc(COc2ccc(C(F)(F)F)cc2)ccc1Sc1ccc(OCC(=O)O)c(C)c1C
CHEMBL5291018,PPARgamma,7.115,,2,0,Active,exact,O=C(NCc1ccc(F)c(F)c1)c1cc(C(=O)Nc2ccccn2)c(Cl)cc1F
CHEMBL5420532,PPARgamma,,5.000,0,2,,censored,O=C(O)Cc1ccc(-c2ccc(OCc3c(-c4c(Cl)cccc4Cl)noc3C3CC3)cc2)cc1
CHEMBL380404,PPARgamma,6.710,,1,0,Active,exact,CCOC(Cc1ccc2c(ccn2Cc2nc(-c3ccccc3F)oc2C)c1)C(=O)O
CHEMBL4797877,PPARgamma,5.160,,1,0,,exact,COc1ccc(OC)c(/C=C/C(=O)OCc2cc(=O)c(O)co2)c1
CHEMBL3958255,PPARgamma,6.680,,1,0,Active,exact,CCCCCCc1nc2ccccc2n1Cc1ccc(-c2ccccc2C(=O)O)cc1
CHEMBL440758,PPARgamma,6.690,,1,0,Active,exact,CCC(C(=O)O)C1CCc2cc(OCCc3nc(-c4ccc(C(F)(F)F)cc4)oc3C)ccc21
CHEMBL560160,PPARgamma,8.100,,1,0,Active,exact,CCC[C@H](Oc1cccc(Cn2c(C)c(C(=O)c3ccc(Cl)cc3)c3ccc(OC(F)(F)F)cc32)c1)C(=O)O
CHEMBL496726,PPARgamma,5.400,,1,0,,exact,O=C(Nc1ccc(Cl)cc1C(=O)O)c1cccc(S(=O)(=O)N2CCc3ccc(Cl)cc3C2)c1
CHEMBL1080365,PPARgamma,6.010,,1,0,Active,exact,Cc1cc(OCc2nc(-c3cnc(OC(C)C)nc3)c(-c3ccc(OC(F)(F)F)cc3)o2)ccc1OCC(=O)O
CHEMBL237519,PPARgamma,7.770,,1,0,Active,exact,Cc1ccc(Oc2ccc(OC(C)(C)C(=O)O)c(C)c2)cc1CNC(=O)c1ccc(C(F)(F)F)cc1F
CHEMBL198288,PPARgamma,6.280,,1,0,Active,exact,CCC(C(=O)O)C1CCc2cc(OCCc3nc(Cc4ccc(F)cc4)oc3C)ccc21
CHEMBL328099,PPARgamma,5.660,,4,0,,exact,CCO[C@@H](Cc1ccc(OCC=C(c2ccc(OC)cc2)c2ccc(OC)cc2)cc1)C(=O)O
CHEMBL3678083,PPARgamma,6.540,,1,0,Active,exact,C[C@H](NC(=O)c1ccc2c(ccn2Cc2ccc(F)cc2F)c1)c1ccc([N+](=O)[O-])cc1
CHEMBL145824,PPARgamma,8.380,,1,0,Active,exact,Cc1oc(-c2ccccc2)nc1CCOc1ccc(CC(Nc2ccccc2C(=O)c2ccc(CO)cc2)C(=O)O)cc1
CHEMBL1075725,PPARgamma,,5.000,0,1,,censored,Cc1cc(OCc2nc(-c3ccc(C(=O)N4CCCCC4)cc3)c(-c3ccc(OC(F)(F)F)cc3)o2)ccc1OCC(=O)O
CHEMBL474295,PPARgamma,9.000,,1,0,Active,exact,CC(=O)c1ccccc1N[C@@H](Cc1ccc(OCCc2nc(-c3ccccc3)oc2C)cc1)C(=O)O
CHEMBL1935619,PPARgamma,7.160,,1,0,Active,exact,CC(C)(C)N.CCOCCC(=O)N1Cc2cc(OCCc3nc(/C=C/CCC(C)C)oc3C)ccc2C[C@H]1C(=O)O
CHEMBL5439116,PPARgamma,5.770,,1,0,,exact,Cc1cc(CN2C(=O)N(c3ccc(C(F)(F)F)cc3)C(=O)C2(C)C)cc(C)c1OC(C)(C)C(=O)O
CHEMBL2042805,PPARgamma,7.230,,1,0,Active,exact,CCCCc1ccc2ccccc2c1CNC(=O)c1c(OC)cc(O)c2c1OC1=CC(O)=C(C(C)=O)C(=O)[C@]12C
CHEMBL1204498,PPARgamma,5.890,,1,0,,exact,O=C(Nc1ccc(Oc2ncccn2)cc1C(=O)O)c1ccc(Cl)cc1Cl
CHEMBL1080013,PPARgamma,,5.000,0,1,,censored,COc1ccc(-c2nc(COc3ccc(CCC(=O)O)c(C(F)(F)F)c3)sc2-c2ccc(C(F)(F)F)cc2)cc1
CHEMBL1081602,PPARgamma,,5.000,0,1,,censored,Cc1cc(OCc2nc(-c3ccc(Cl)cc3)c(-c3ccccc3)s2)ccc1OCC(=O)O
CHEMBL176075,PPARgamma,5.850,,1,0,,exact,CC[C@]1(C(=O)O)CCc2ccc(OCCCOc3ccc(C4CCCCC4)cc3Cl)cc2O1
CHEMBL445921,PPARgamma,8.400,,1,0,Active,exact,CCCC(Oc1cccc(Cc2c(C)n(C(=O)c3ccc(OC)cc3)c3ccc(OC(F)(F)F)cc23)c1)C(=O)O
CHEMBL4090489,PPARgamma,4.770,,1,0,Inactive,exact,CCN(CCOc1ccc(/C=C2\SC(=O)NC2=O)cc1)c1nc2ccccc2s1
CHEMBL191235,PPARgamma,5.570,,1,0,,exact,CCCc1cc(C(=O)C(C)(C)C)cc(CCC)c1OC(C(=O)O)c1ccccc1
CHEMBL4161407,PPARgamma,6.900,,1,0,Active,exact,Cn1c(COc2cccc(C(=O)O)c2)nc2ccc(Oc3ccc(Cl)cc3)cc21
CHEMBL2180631,PPARgamma,5.220,,1,0,,exact,O=C(NCc1ccccc1Cn1cccc1C(=O)O)NC12C[C@H]3C[C@@H](C1)C[C@@H](C2)C3
CHEMBL394947,PPARgamma,6.740,,1,0,Active,exact,Cc1oc(-c2ccccc2)nc1CCOc1cccc(CN(CC(=O)O)Cc2ccc(OCc3ccccc3)cc2)c1
CHEMBL198166,PPARgamma,6.160,,1,0,Active,exact,CCCCCOc1cc2ccccc2cc1C(O)CC#CCCCC(=O)OC
CHEMBL179180,PPARgamma,6.000,,1,0,Active,exact,CC[C@]1(C(=O)O)CCc2ccc(OCCCOc3ccc(OCC(F)(F)F)cc3Cl)cc2O1
CHEMBL572794,PPARgamma,6.240,,1,0,Active,exact,O=C(O)C(Cc1ccccc1)Oc1ccc(Cc2ccccc2)cc1
CHEMBL3699417,PPARgamma,7.720,,1,0,Active,exact,Cc1c(C)n(Cc2ccc(-c3ccccc3C(=O)O)cc2)c2ccc(C(=O)N[C@@H](C)c3cccc(C4CC4)n3)cc12
CHEMBL345721,PPARgamma,5.210,,1,0,,exact,CCCn1c(CCCc2ccc(OC(C)(C)C(=O)O)cc2)nn(Cc2cccc(OC)c2)c1=O
CHEMBL234587,PPARgamma,5.120,,1,0,,exact,Cc1cc2c(CC(=O)O)csc2cc1OCc1ccccc1COc1ccc(C(F)(F)F)cc1
CHEMBL471011,PPARgamma,5.910,,2,0,,exact,O=C(O)[C@H](Cc1ccc(C(F)(F)F)cc1)Oc1ccc(Cl)cc1
CHEMBL2024606,PPARgamma,7.150,,2,0,Active,exact,CCCCCS(=O)(=O)NC(=O)/C=C/c1ccc(OCCOC)cc1Oc1ncc(C(F)(F)F)cc1Cl
CHEMBL3115240,PPARgamma,6.460,,1,0,Active,exact,CCCc1[nH]c2ccc(C(=O)NC(CC)c3ccccc3)cc2c1Cc1ccc(-c2ccccc2C(=O)O)cc1
CHEMBL361395,PPARgamma,9.000,,1,0,Active,exact,COc1ccc(C(=O)n2c(C)c(Cc3ccccc3OC(C)(C)C(=O)O)c3cc(OC(F)(F)F)ccc32)cc1
CHEMBL3695828,PPARgamma,7.770,,1,0,Active,exact,COCCNC(=O)c1ccc2c(c1)c(C)c(C)n2Cc1ccc(-c2ccccc2C(=O)O)cc1
CHEMBL3398448,PPARgamma,5.830,,2,0,,exact,Cc1oc(-c2ccccc2)nc1CCOc1ccc(C[C@@H]2CN(c3ncccn3)C[C@@H]2C(=O)O)cc1
CHEMBL2031856,PPARgamma,5.525,,2,0,,exact,COc1ccc(/C=C/c2cc(O)c(C/C=C(\C)CCC=C(C)C)c(O)c2)cc1
CHEMBL199703,PPARgamma,7.400,,1,0,Active,exact,CCc1ccc(-c2nc(CCOc3ccc4c(c3)CCC4C(CC)C(=O)O)c(C)o2)cc1
CHEMBL393926,PPARgamma,6.670,,1,0,Active,exact,CCc1ccc(O[C@H](C)CCOc2ccc(CCC(=O)O)c(C)c2)c(-c2ccccc2)c1
CHEMBL198170,PPARgamma,6.240,,1,0,Active,exact,CCCCCOc1cc2ccccc2cc1C(O)CCCCCCCC(=O)OC
CHEMBL496807,PPARgamma,6.360,,2,0,Active,exact,O=C(O)COc1ccc(Sc2ccc(COc3ccc(C(F)(F)F)cc3)cc2Cl)c2c1CCCC2
CHEMBL3735674,PPARgamma,6.915,,2,0,Active,exact,Cc1c(C)n(Cc2ccc(-c3ccccc3C(=O)O)cc2)c2ccc(C(=O)N[C@@H](C)c3ccc(C(C)C)cc3)cc12
CHEMBL3397553,PPARgamma,5.440,,1,0,,exact,CCCCO/N=C/c1ccc(OC(Cc2ccccc2)C(=O)O)cc1
CHEMBL4162908,PPARgamma,7.190,,1,0,Active,exact,Cl.Cn1c(COc2cccc(C(=O)O)c2)nc2ccc(Oc3ccc(F)c(Cl)c3)cc21
CHEMBL6,PPARgamma,4.300,,1,0,Inactive,exact,COc1ccc2c(c1)c(CC(=O)O)c(C)n2C(=O)c1ccc(Cl)cc1
CHEMBL147086,PPARgamma,5.100,,1,0,,exact,Cc1ccc(Cn2nc(CCCc3ccc(OC(C)(C)C(=O)O)cc3)n(CC(=O)O)c2=O)cc1
CHEMBL4561516,PPARgamma,5.640,,1,0,,exact,CCCC/C(=C\c1cc(OCc2ccc3nc(C(F)(F)F)cc(OC)c3c2)ccc1OCc1ccc(F)cc1)C(=O)O
CHEMBL4789439,PPARgamma,6.600,,1,0,Active,exact,COc1cc(Oc2ccc(C)nc2C)cc2c1nc(COc1cccc(C(=O)O)c1)n2C
CHEMBL120744,PPARgamma,5.550,,1,0,,exact,CCOC(Cc1ccc(OC)c(C(=O)NCc2ccc(C(F)(F)F)cc2)c1)C(=O)O
CHEMBL218231,PPARgamma,8.150,,1,0,Active,exact,COc1ccc(-c2c(C(=O)NS(=O)(=O)c3ccc(F)cc3)n(Cc3cccc(C(F)(F)F)c3)c3ccccc23)cc1
CHEMBL4291468,PPARgamma,5.380,,2,0,,exact,COc1cccc(C(=O)COc2ccc(CC3SC(=O)NC3=O)cc2)c1
CHEMBL5281325,PPARgamma,5.485,,2,0,,exact,CC(C)=CCOc1cc(OCc2ccccc2)c2c(=O)cc(-c3ccccc3)oc2c1
CHEMBL5082865,PPARgamma,,5.301,0,1,,censored,CC(C)(Oc1c(Cl)cc(Cn2ncn(-c3ccc(OC(F)(F)F)cc3)c2=O)cc1Cl)C(=O)O
CHEMBL5084763,PPARgamma,5.780,,1,0,,exact,CC(C)(Oc1ccc(Cn2ncn(-c3ccc(OC(F)(F)F)cc3)c2=O)cc1C(F)(F)F)C(=O)O
CHEMBL4531918,PPARgamma,5.580,,1,0,,exact,CCCCc1nc(C(C)C)c(CC(=O)OC)c(=O)n1Cc1ccc(-c2ccccc2-c2noc(=O)[nH]2)cc1
CHEMBL5074074,PPARgamma,5.370,,1,0,,exact,COCCn1ccc2cc(C(=O)NCc3ccc(CS(=O)(=O)C4CC4)cc3C(F)(F)F)ccc21
CHEMBL5407243,PPARgamma,4.890,,1,0,Inactive,exact,Cc1cc(O)c(C(=O)/C=C/c2ccncc2)c(=O)o1
CHEMBL5557966,PPARgamma,,5.000,0,1,,censored,Cc1cc(CN2CCN(c3ccc(C(F)(F)F)cc3)CC2)ccc1OC(C)(C)C(=O)O
CHEMBL492047,PPARgamma,4.430,,1,0,Inactive,exact,CCO[C@H](Cc1cccc(-c2cc(-c3ccccc3)on2)c1)C(=O)O
CHEMBL4454999,PPARgamma,5.350,,1,0,,exact,Cc1cc(C(=O)O)c2c(C(C)C)nn(-c3ccc(Cl)cc3)c2n1
CHEMBL3981654,PPARgamma,,5.000,0,1,,censored,CN(Cc1ccccc1OCCC[C@@H]1C[C@@H]1C(=O)O)C(=O)c1ccc(-c2ccco2)cc1
CHEMBL5090334,PPARgamma,5.320,,1,0,,exact,Cc1ccc(/N=N\c2ccc(OCCc3ccc(OC(C)(C)C(=O)O)cc3)c(Cl)c2)cc1
CHEMBL367891,PPARgamma,5.420,,1,0,,exact,C[C@]1(C(=O)O)CCc2ccc(OCCCOc3ccc(C4CCCC4)cc3Cl)cc2O1
CHEMBL209749,PPARgamma,6.600,,1,0,Active,exact,CCOC(Cc1ccc2c(ccn2Cc2nc(-c3ccccc3Cl)oc2C)c1)C(=O)O
CHEMBL3699375,PPARgamma,8.050,,1,0,Active,exact,Cc1c(C)n(Cc2ccc(-c3ccccc3)cc2)c2ccc(C(=O)N[C@@H](C)c3cccc(F)c3F)cc12
CHEMBL5284432,PPARgamma,5.570,,2,0,,exact,C[C@@H]1OC(=O)/C(=C/CCCCCCCC/C=C2/C(=O)O[C@@H](C)[C@H]2O)[C@@H]1O
CHEMBL4866821,PPARgamma,5.770,,1,0,,exact,O=C(Nc1ccccc1C(=O)N/N=C/c1c(O)ccc2ccccc12)c1ccccc1Cl
CHEMBL2035064,PPARgamma,,5.000,0,1,,censored,Cc1cc(SC(Cc2ccc(-c3ccccc3)cc2)c2sc(-c3ccc(C(F)(F)F)cc3)nc2C)ccc1OCC(=O)O
CHEMBL150215,PPARgamma,8.570,,1,0,Active,exact,Cc1cccc(C(=O)c2ccccc2NC(Cc2ccc(OCCN(C)c3nc4ccccc4o3)cc2)C(=O)O)c1
CHEMBL5542787,PPARgamma,5.270,,1,0,,exact,Cc1ccc(N2CCN(Cc3cc(C)c(OC(C)(C)C(=O)O)c(C)c3)CC2)nc1
CHEMBL147021,PPARgamma,8.760,,1,0,Active,exact,COc1ccccc1C(=O)c1ccccc1NC(Cc1ccc(OCCN(C)c2nc3ccccc3o2)cc1)C(=O)O
CHEMBL460073,PPARgamma,8.700,,1,0,Active,exact,COc1ccc(C(=O)c2c(C)n(Cc3cc(O[C@@H](C)C(=O)O)ccc3Cl)c3nc(OC)ccc23)cc1
CHEMBL3678126,PPARgamma,9.220,,1,0,Active,exact,Cc1c(C)n(Cc2ccc(Cl)c(O[C@@H](C)C(=O)O)c2)c2ccc(C(=O)N[C@@H](C)c3cccc(C4CC4)c3)cc12
CHEMBL4869134,PPARgamma,,5.000,0,1,,censored,Cc1cc(COc2ccc3c(c2)O/C(=C\c2ccc(C(C)C)cc2)C3=O)cc(C)c1OC(C)(C)C(=O)O
CHEMBL389903,PPARgamma,5.890,,1,0,,exact,CCCCOc1ccc(CC(CC)C(=O)O)cc1CNC(=O)c1ccc(C(F)(F)F)cc1
CHEMBL232396,PPARgamma,4.670,,1,0,Inactive,exact,Cc1cc(SCc2ccc(OCc3ccc(C(F)(F)F)cc3)cc2)c2c(c1OCC(=O)O)CCC2
CHEMBL200207,PPARgamma,6.120,,1,0,Active,exact,CCC(C(=O)O)C1CCc2cc(OCCc3nc(-c4cc(C)on4)oc3C)ccc21
CHEMBL1946954,PPARgamma,6.030,,1,0,Active,exact,COc1ccc2c(-n3c(=O)n(Cc4cccc(O[C@H](C)C(=O)O)c4)c4cc(C(F)(F)F)ccc43)noc2c1
CHEMBL3397561,PPARgamma,4.910,,1,0,Inactive,exact,O=C(O)C(Cc1ccccc1)Oc1ccc(/C(=N/O)c2ccccc2)cc1
CHEMBL4162949,PPARgamma,7.520,,1,0,Active,exact,CCOC(=O)C(Cc1ccc(OCCn2c(=O)sc3cc(C(=O)/C=C/c4cc(OC)cc(OC)c4)ccc32)cc1)OCC
CHEMBL3437087,PPARgamma,4.820,,1,0,Inactive,exact,CCCOc1cc(C)c2c(c1C)C[C@H]([C@H](C)C(=O)O)CC2
CHEMBL324449,PPARgamma,6.060,,2,0,Active,exact,CCCc1cc(Oc2ccccc2)ccc1OCCCOc1ccc2c(c1)OC(C)(C(=O)O)CC2
CHEMBL3695916,PPARgamma,8.050,,3,0,Active,exact,CC[C@H](NC(=O)c1ccc2c(c1)c(C)c(C)n2Cc1ccc(-c2ccccc2C(=O)O)cc1)c1cccc(C(C)C)c1
CHEMBL378068,PPARgamma,7.920,,1,0,Active,exact,CCc1ccc(OC(C)CCOc2ccc(CCC(=O)O)c(C)c2)c(C(=O)c2ccccc2)c1
CHEMBL5523389,PPARgamma,5.310,,1,0,,exact,COc1cc(/C=C2\SC(Nc3ccc(S(N)(=O)=O)cc3)=NC2=O)ccc1OCc1ccc(C)cc1
CHEMBL484266,PPARgamma,5.600,,1,0,,exact,O=C(Nc1ccc(Br)cc1C(=O)O)c1cccc(S(=O)(=O)N2CCc3ccccc3C2)c1
CHEMBL7002,PPARgamma,5.515,,2,1,,exact,CC1(COc2ccc(CC3SC(=O)NC3=O)cc2)CCCCC1
CHEMBL1075682,PPARgamma,,5.000,0,1,,censored,Cc1cc(OCc2nc(-c3ccc(OC4CCCC4)cc3)c(-c3ccc(OC(F)(F)F)cc3)s2)ccc1OCC(=O)O
CHEMBL3695785,PPARgamma,7.240,,1,0,Active,exact,Cc1c(C)n(Cc2ccc(-c3ccccc3C(=O)O)cc2)c2ccc(C(=O)N[C@@H](C)c3cccc(Br)c3)cc12
CHEMBL4780590,PPARgamma,7.240,,1,0,Active,exact,Cc1cnc(Oc2cc(OC(C)C)c3nc(COc4cccc(C(=O)O)c4)n(C)c3c2)c(C)c1
CHEMBL4069463,PPARgamma,4.600,,1,0,Inactive,exact,CCN(CCOc1ccc(CC2SC(=O)NC2=O)cc1)c1nc2ccccc2s1
CHEMBL4532632,PPARgamma,4.960,,1,0,Inactive,exact,COc1cc(C(F)(F)F)nc2ccc(COc3ccc(OCc4ccc(F)cc4)c(/C=C/C(=O)O)c3)cc12
CHEMBL178309,PPARgamma,5.300,,1,0,,exact,CC(C)c1ccc(OCCCOc2ccc3c(c2)O[C@@](C)(C(=O)O)CC3)c(Cl)c1
CHEMBL4103575,PPARgamma,6.040,,1,0,Active,exact,CC(C)(CCc1cc2cc(Cl)ccc2n1S(=O)(=O)c1ccccc1)C(=O)O
CHEMBL4087052,PPARgamma,6.760,,1,0,Active,exact,Cc1nc2cc(S(=O)(=O)n3c(CCCC(=O)O)cc4cc(Cl)ccc43)ccc2s1
CHEMBL241471,PPARgamma,7.340,,1,0,Active,exact,CCc1ccc(O[C@H](C)CCOc2ccc(CCC(=O)O)c(C)c2)c(-c2ccccn2)c1
CHEMBL3678093,PPARgamma,7.850,,1,0,Active,exact,C[C@H](NC(=O)c1ccc2c(ccn2Cc2ccc(F)cc2F)c1)c1ccc(F)cc1
CHEMBL2377526,PPARgamma,7.190,,1,0,Active,exact,CCCOc1ccc(C[C@@H](Cc2ccccc2)C(=O)O)cc1CNC(=O)c1ccc(-c2cccs2)cc1
CHEMBL2312700,PPARgamma,5.640,,1,0,,exact,COc1ccccc1-c1ccc(O[C@@H](Cc2ccccc2)C(=O)O)cc1
CHEMBL5397106,PPARgamma,6.170,,1,0,Active,exact,[2H]C([2H])(Cc1cn(S(=O)(=O)c2ccc3c(c2)CCO3)c2ccc(OC)cc12)C(=O)O
CHEMBL503072,PPARgamma,6.955,,2,0,Active,exact,COCC#CCOc1cc(COc2ccc(C(F)(F)F)cc2)ccc1Sc1ccc(OCC(=O)O)c2c1CCCC2
CHEMBL426105,PPARgamma,6.600,,1,0,Active,exact,CC(C)(C)c1ccc(-n2c(C(=O)O)c(Oc3ccc(-c4cc(C(F)(F)F)c[nH]4)cc3)c3cccnc32)cc1
CHEMBL5409347,PPARgamma,5.860,,1,0,,exact,Cc1cc(CN2C(=O)CN(c3ccc(OC(F)(F)F)cc3)C2=O)cc(C)c1OC(C)(C)C(=O)O
CHEMBL3695803,PPARgamma,,6.000,0,1,,censored,C[C@H](NC(=O)c1ccc2c(ccn2Cc2ccc(-c3cccc(C(=O)O)c3)cc2)c1)c1ccc([N+](=O)[O-])cc1
CHEMBL207019,PPARgamma,5.540,,1,0,,exact,CCCc1c(OCCCN(C)c2ccc(CC(=O)O)cc2)ccc2c(C(F)(F)F)noc12
CHEMBL4203239,PPARgamma,,5.000,0,1,,censored,CC(CCCCOc1ccccc1CN(C)C(=O)c1ccc(-c2ccco2)cc1)C(=O)O
CHEMBL3764209,PPARgamma,5.100,,1,0,,exact,CCC(Cc1ccc(C(=O)NCc2ccccc2OC(F)(F)F)cc1)C(=O)O
CHEMBL3764792,PPARgamma,5.700,,1,0,,exact,CCOC(=O)C(CC)Cc1ccc(C(=O)NCc2ccc(OC)cc2C(F)(F)F)cc1
CHEMBL275682,PPARgamma,6.670,,1,0,Active,exact,Cn1c(-c2ccccc2)c(CCc2ccccc2)c2cc(OCC(=O)O)ccc21
CHEMBL229831,PPARgamma,5.640,,1,0,,exact,CCCCCCOc1ccc(CC(CC)C(=O)O)cc1CNC(=O)c1ccc(C(F)(F)F)cc1
CHEMBL1801712,PPARgamma,6.230,,1,0,Active,exact,CCc1nc2c(C)cc(C)nc2n1[C@H]1CCc2cc(-c3ccccc3-c3nnn[nH]3)ccc21
CHEMBL82041,PPARgamma,7.700,,1,0,Active,exact,CCCCCCCCCC(=O)N(C)CCOc1ccc(CC2SC(=O)NC2=O)cc1
CHEMBL518700,PPARgamma,4.260,,1,0,Inactive,exact,C=C1C(=O)O[C@@H]2C[C@H](C)[C@@]3(O)C[C@H](O)[C@@](C)(C[C@@H](OC(=O)C(C)C)[C@@H]12)O3
CHEMBL253120,PPARgamma,6.750,,1,0,Active,exact,CCc1c(C(=O)OC)cc2c(c1O)C(=O)c1c(O)cc3cc(C)c(Cl)c(OC)c3c1C2=O
CHEMBL241286,PPARgamma,6.460,,1,0,Active,exact,CCc1ccc(O[C@H](C)CCOc2ccc(CCC(=O)O)c(C)c2)c(-c2cscn2)c1
CHEMBL252995,PPARgamma,5.000,,1,0,,exact,COC(=O)C(Cc1ccc(OCCN2CCC(C)(C)c3cc(C(=O)c4ccccc4)ccc32)cc1)C(=O)OC
CHEMBL218258,PPARgamma,9.000,,1,0,Active,exact,COC(=O)c1ccccc1S(=O)(=O)NC(=O)c1c(-c2ccc(OC)cc2)c2ccccc2n1Cc1cccc(C(F)(F)F)c1
CHEMBL497318,PPARgamma,4.800,,1,0,Inactive,exact,CCCCCc1cc(O)c(C/C=C(\C)CCC=C(C)C)c(O)c1
CHEMBL3695862,PPARgamma,7.770,,1,0,Active,exact,Cc1c(C)n(Cc2ccc(-c3ccccc3)cc2)c2ccc(C(=O)N[C@H](c3cccc(C(C)C)c3)C(F)(F)F)cc12
CHEMBL6142148,PPARgamma,,4.301,0,2,Inactive,censored,O=S1(c2ccccc2)=N[Se]c2ccccc21
CHEMBL4062472,PPARgamma,6.580,,1,0,Active,exact,O=C(O)CCCc1cc2cc(Cl)ccc2n1S(=O)(=O)c1cccc2ccccc12
CHEMBL219836,PPARgamma,8.100,,2,0,Active,exact,CCCOC(=O)N1CCc2c(OCCc3nc(-c4ccc(-c5ccccc5)cc4)oc3C)ccc(CCC(=O)O)c2C1
CHEMBL181954,PPARgamma,6.955,,2,0,Active,exact,CO[C@@H](Cc1ccc(OCCCOc2ccc(Oc3ccccc3)cc2)cc1)C(=O)O
CHEMBL471830,PPARgamma,5.680,,1,0,,exact,O=Cc1ccc(OS(=O)(=O)/C=C/c2ccccc2)cc1
CHEMBL383986,PPARgamma,7.380,,1,0,Active,exact,CCC(C(=O)O)C1CCc2cc(OCCc3nc(-c4ccccc4)oc3C)ccc21
CHEMBL2024615,PPARgamma,6.720,,1,0,Active,exact,CCCCCS(=O)(=O)NC(=O)/C=C/c1ccc(OCCOC)cc1Oc1ncc(Cl)cc1Cl
CHEMBL5592911,PPARgamma,4.890,,1,0,Inactive,exact,CC(=O)OC[C@@]12[C@@H](OC(C)=O)C[C@@H](C)[C@](C)(C[C@H](OC(C)=O)C3=CC(=O)OC3)[C@H]1[C@H](O)CC[C@]21CO1
CHEMBL472050,PPARgamma,,6.000,0,1,,censored,C=C(COc1ccc(C(F)(F)F)cc1)CSc1ccc(OCC(=O)O)c(C)c1
CHEMBL191276,PPARgamma,6.700,,1,0,Active,exact,CCCc1cc(C(=O)CC)cc(CCC)c1O[C@H](C(=O)O)c1ccc(OC(C)C)cc1
CHEMBL201036,PPARgamma,6.080,,1,0,Active,exact,CCCc1c(OCCCOc2cccc3c2ccn3CC(=O)O)ccc2cc(C(=O)c3ccccc3)ccc12
CHEMBL5531993,PPARgamma,,5.000,0,1,,censored,Cc1cc(CN2CCN(Cc3ccc(C(F)(F)F)nc3)CC2)cc(C)c1OC(C)(C)C(=O)O
CHEMBL1760400,PPARgamma,5.200,,1,0,,exact,CCCCN(c1cccc(-c2ccc(Cl)cc2)c1C)S(=O)(=O)c1ccc(OC(C)C(=O)O)c(OC)c1Cl
CHEMBL119795,PPARgamma,6.160,,1,0,Active,exact,COC(=O)C(Cc1ccc(OCCOc2ccc3c(c2)CCCC3)cc1)C(=O)O
CHEMBL4859651,PPARgamma,4.250,,1,0,Inactive,exact,Cc1cc(F)ccc1-c1cc2cc(CCC(=O)O)ccc2[nH]1
CHEMBL230522,PPARgamma,6.710,,1,0,Active,exact,Cc1oc(-c2ccccc2)nc1CCOc1ccc(C[C@@H](CNC(=O)C2CCC(CN)CC2)Nc2ccccc2C(=O)c2ccccc2)cc1
CHEMBL4176443,PPARgamma,5.970,,1,0,,exact,Cn1c(COc2cccc(C(=O)O)c2)nc2ccc(Oc3ccc(F)cc3)nc21
CHEMBL4468084,PPARgamma,5.380,,1,0,,exact,CCCCc1nc(C)c(Cc2nc(CCOC)no2)c(=O)n1Cc1ccc(-c2ccccc2-c2noc(=O)[nH]2)cc1
CHEMBL247951,PPARgamma,5.770,,1,0,,exact,CC[C@@H](Oc1cccc(CN(CCCOc2ccc(OC)cc2)c2nc3ccccc3o2)c1)C(=O)O
CHEMBL2331778,PPARgamma,6.855,,2,0,Active,exact,CCNC(=O)c1cc(NS(=O)(=O)c2ccc([N+](=O)[O-])cc2)ccc1Oc1cncc(Cl)c1
CHEMBL4469716,PPARgamma,6.515,,2,0,Active,exact,Cc1c(C)n(Cc2cccc(C(F)(F)F)c2)c2ccc(C(=O)N[C@@H](Cc3ccc(O)cc3)C(=O)O)cc12
CHEMBL4460064,PPARgamma,5.140,,1,0,,exact,CCC/C(=C\c1cc(OCc2ccc3nc(C(F)(F)F)cc(OC)c3c2)ccc1OCc1ccccc1)C(=O)O
CHEMBL501335,PPARgamma,8.000,,1,0,Active,exact,CCO[C@@H](Cc1cccc(/C(C)=N/OCc2cccc(Cl)c2)c1)C(=O)O
CHEMBL5169664,PPARgamma,4.610,,1,0,Inactive,exact,O=C(O)COc1ccc(COc2cc(/C=C/c3ccc(OCC4CC4)cc3)cc(OCC3CC3)c2)cc1F
CHEMBL1081004,PPARgamma,,5.000,0,1,,censored,COc1cccc(-c2nc(COc3ccc(OCC(=O)O)c(C)c3)sc2-c2ccc(OC(F)(F)F)cc2)c1
CHEMBL1075706,PPARgamma,,5.000,0,1,,censored,Cc1cc(OCc2nc(-c3ccc(N4CCOCC4)cc3)c(-c3ccc(OC(F)(F)F)cc3)s2)ccc1OCC(=O)O
CHEMBL432747,PPARgamma,7.750,,1,0,Active,exact,CCCCCCCCC(=O)N(C)CCOc1ccc(CC2SC(=O)NC2=O)cc1
CHEMBL498172,PPARgamma,5.800,,1,0,,exact,Cc1ccc(NC(=O)c2cccc(S(=O)(=O)n3ccc4cc(Cl)ccc43)c2)c(C(=O)O)c1
CHEMBL146584,PPARgamma,8.560,,1,0,Active,exact,CN(CCOc1ccc(CC(Nc2ccccc2C(=O)c2cccs2)C(=O)O)cc1)c1nc2ccccc2o1
CHEMBL255309,PPARgamma,7.800,,1,0,Active,exact,Cc1oc(-c2ccccc2)nc1CCOc1cccc(C2=C(CC(=O)O)CCN(C(=O)Oc3ccccc3)C2)c1
CHEMBL4168205,PPARgamma,6.930,,1,0,Active,exact,Cl.Cn1c(COc2cccc(C(=O)O)c2)nc2ccc(Oc3ccc(F)c(F)c3)cc21
CHEMBL18797,PPARgamma,6.100,,1,0,Active,exact,CSc1ccc(/C=C2/C(C)=C(CC(=O)O)c3cc(F)ccc32)cc1
CHEMBL2024613,PPARgamma,,5.000,0,1,,censored,CCCCCS(=O)(=O)[N-]C(=O)/C=C/c1ccc(OCCOC)cc1Oc1ccc(C(F)(F)F)cn1.[K+]
CHEMBL5171685,PPARgamma,,4.301,0,2,Inactive,censored,CCc1ccc(-c2nc3cc(NC(=O)c4cccnc4Cl)ccc3o2)cc1
CHEMBL2338473,PPARgamma,7.400,,1,0,Active,exact,O=S(=O)(Nc1ccc(Oc2cnc3ccccc3c2)c(F)c1)c1ccc(Cl)cc1Cl
CHEMBL513244,PPARgamma,4.950,,1,0,Inactive,exact,O=C(O)[C@@H](Cc1ccc(Oc2ccccc2)cc1)Oc1ccc(Cl)cc1
CHEMBL1946955,PPARgamma,5.440,,1,0,,exact,CC[C@@H](Oc1cccc(Cn2c(=O)n(-c3noc4cc(OC)ccc34)c3ccc(C(F)(F)F)cc32)c1)C(=O)O
CHEMBL4876358,PPARgamma,5.640,,1,0,,exact,CC(/C=N/Nc1ccc(S(=O)(=O)/N=C/C(C)=C/c2ccccc2)cc1)=C\c1ccccc1
CHEMBL1947146,PPARgamma,7.860,,1,0,Active,exact,COc1ccc2c(-n3c(=O)n(Cc4cc(O[C@H](C)C(=O)O)ccc4Cl)c4ccccc43)noc2c1
CHEMBL24683,PPARgamma,,5.000,0,1,,censored,CCO[C@H](Cc1ccc(OCCN2c3ccccc3Oc3ccccc32)cc1)C(=O)O
CHEMBL202236,PPARgamma,6.650,,1,0,Active,exact,CC[C@@H](C(=O)O)[C@H]1CCc2cc(OCCc3nc(-c4ccc(Cl)c(Cl)c4)oc3C)ccc21
CHEMBL200071,PPARgamma,6.670,,1,0,Active,exact,CCC(C(=O)O)C1CCc2cc(OCCc3nc(C4CCCC4)oc3C)ccc21
CHEMBL3955741,PPARgamma,5.410,,1,0,,exact,COC(=O)C(Cc1ccccc1)OC(=O)Cc1ccc(SCc2ccccc2C(=O)O)cc1
CHEMBL5419064,PPARgamma,5.850,,1,0,,exact,Cc1cc(CN2C(=O)CN(c3ccc(Cl)cc3)C2=O)cc(C)c1OC(C)(C)C(=O)O
CHEMBL4097617,PPARgamma,,4.301,0,1,Inactive,censored,COc1ccc(F)c(N2CCC(Oc3ccc(N4CCC[C@@H]4CC(=O)O)cc3)CC2)c1
CHEMBL360992,PPARgamma,,4.824,0,1,Inactive,censored,C[C@]1(C(=O)O)CCc2ccc(OCCCOc3ccc(OC(F)(F)F)cc3Cl)cc2O1
CHEMBL397449,PPARgamma,,6.000,0,1,,censored,COc1ccc(OC(COc2ccc(C(F)(F)F)cc2)CSc2ccc(OCC(=O)O)c(C)c2)cc1
CHEMBL431448,PPARgamma,6.320,,1,0,Active,exact,Cc1oc(-c2ccccc2)nc1CCOc1ccc(C[C@@H](C(=O)O)N2CCCCC2)cc1
CHEMBL489075,PPARgamma,6.400,,2,0,Active,exact,O=C(O)[C@H](Cc1ccccc1)Oc1ccc(CCc2ccccc2)cc1
CHEMBL4564535,PPARgamma,5.500,,1,0,,exact,CCC/C(=C\c1cc(OCc2ccc3nc(C(F)(F)F)cc(OC)c3c2)ccc1OCc1ccc(F)cc1)C(=O)O
CHEMBL4243327,PPARgamma,4.820,,1,0,Inactive,exact,O=C(O)[C@@H](Cc1ccc(-c2ccc(O[C@H](Cc3ccccc3)C(=O)O)cc2)cc1)Oc1ccc(-c2ccccc2)cc1
CHEMBL3746821,PPARgamma,,4.000,0,1,Inactive,censored,Cc1ccc(NC(=O)c2cc(-n3cc4ccc(C(=O)O)cc4n3)ccc2N2CCCCC2)cc1
CHEMBL2158961,PPARgamma,7.660,,1,0,Active,exact,CCCOc1ccc(C[C@H](CC2CCCCC2)C(=O)O)cc1CNC(=O)c1ccc(C23CC4CC(CC(C4)C2)C3)cc1
CHEMBL5287868,PPARgamma,6.780,,2,0,Active,exact,O=C(NCc1ccccc1)c1cc(C(=O)Nc2ccccc2)c(Cl)cc1F
CHEMBL189116,PPARgamma,5.800,,1,0,,exact,O=C(O)[C@H](Cc1ccccc1)Oc1ccc(-c2cccs2)cc1
CHEMBL1935498,PPARgamma,6.120,,1,0,Active,exact,C/C=C/C=C/C(=O)N1Cc2cc(OCCc3nc(/C=C/C(CC)CC)oc3C)ccc2C[C@H]1C(=O)O.CC(C)(C)N
CHEMBL392717,PPARgamma,8.100,,1,0,Active,exact,Cc1cc(Oc2cc(F)cc(CNC(=O)c3ccc(C(F)(F)F)cc3F)c2)ccc1OC(C)(C)C(=O)O
CHEMBL4165832,PPARgamma,7.350,,1,0,Active,exact,Cc1ccc(Oc2ccc3nc(COc4cccc(C(=O)O)c4)n(C)c3n2)cc1
CHEMBL3695815,PPARgamma,7.510,,1,0,Active,exact,Cc1c(C)n(Cc2ccc(-c3ccccc3C(=O)O)cc2)c2ccc(C(=O)NCc3ccc(F)c(F)c3)cc12
CHEMBL4161352,PPARgamma,6.640,,1,0,Active,exact,Cn1c(COc2cccc(C(=O)O)c2)nc2ccc(Oc3cccc(F)c3F)cc21
CHEMBL3596271,PPARgamma,5.250,,1,0,,exact,O=C(O)c1ccc(-c2nc(C(=O)c3ccccc3C(F)(F)F)n3c2CCCC3)c(F)c1
CHEMBL4459701,PPARgamma,4.880,,1,0,Inactive,exact,Cc1cccc(Nc2cc(Br)nc(SCC(=O)O)n2)c1C
CHEMBL4280212,PPARgamma,5.760,,1,0,,exact,CC(C)(C)c1cccc(OCCCOc2ccc3c(c2)OCC3CC(=O)O)c1
CHEMBL426294,PPARgamma,7.110,,1,0,Active,exact,CC(C)(C)c1ccc(-n2c(C(=O)O)c(Oc3cccc(O)c3)c3ccccc32)cc1
CHEMBL220475,PPARgamma,6.540,,1,0,Active,exact,Cc1ccc(S(=O)(=O)NC(=O)c2cc3ccccc3n2Cc2cccc(C(F)(F)F)c2)cc1
CHEMBL4537335,PPARgamma,5.820,,1,0,,exact,CCCCc1nc(C(C)C)c(CC(=O)OCCC)c(=O)n1Cc1ccc(-c2ccccc2-c2noc(=O)[nH]2)cc1
CHEMBL2331780,PPARgamma,,4.523,0,2,Inactive,censored,CCNC(=O)c1cc(NS(=O)(=O)c2ccc(S(C)(=O)=O)cc2)ccc1Oc1cncc(Cl)c1
CHEMBL3695897,PPARgamma,7.410,,1,0,Active,exact,Cc1c(C)n(Cc2ccc(-c3ccccc3)cc2)c2ccc(C(=O)N[C@@H](C)c3cccc(C(F)(F)F)c3)cc12
CHEMBL3678157,PPARgamma,7.160,,1,0,Active,exact,COc1ccc(Cn2c(C)c(C)c3cc(C(=O)N[C@@H](C)c4cccc(C5CC5)c4)ccc32)cc1O[C@@H](C)C(=O)O
CHEMBL5612316,PPARgamma,5.420,,2,0,,exact,COc1ccc(NC(=O)COc2cc(O)c3c(=O)cc(-c4ccccc4)oc3c2)cc1OC
CHEMBL1935613,PPARgamma,7.400,,1,0,Active,exact,C=CCCC(=O)N1Cc2cc(OCCc3nc(/C=C/CCC(C)C)oc3C)ccc2C[C@H]1C(=O)O.CC(C)(C)N
CHEMBL20392,PPARgamma,6.500,,1,0,Active,exact,COc1ccccc1NC(=O)N(CCCCC1CCCCC1)CCc1ccc(SC(C)(C)C(=O)O)cc1
CHEMBL6174020,PPARgamma,6.040,,1,0,Active,exact,Cc1cc(CN2CCN(c3ccc(C(C)C)cc3)C2=O)cc(C)c1OC(C)(C)C(=O)O
CHEMBL5071398,PPARgamma,6.920,,1,0,Active,exact,O=C(NCc1ccccc1C(F)(F)F)c1ccc2c(c1)[nH]c(=O)n2Cc1cccc(F)c1
CHEMBL2263553,PPARgamma,5.000,,1,0,,exact,CCOC(=O)CN1C(=O)S/C(=C\c2ccc(C(F)(F)F)cc2)C1=O
CHEMBL320925,PPARgamma,5.070,,1,0,,exact,CCCc1cc(C(=O)OC)cc(Cl)c1OC(C(=O)O)c1ccccc1
CHEMBL381891,PPARgamma,6.480,,1,0,Active,exact,CCC(C(=O)O)C1CCc2cc(OCCc3nc(Cc4ccccc4)oc3C)ccc21
CHEMBL370054,PPARgamma,4.590,,2,0,Inactive,exact,O=C(O)[C@H](Cc1ccccc1)Oc1ccc(CO)cc1
CHEMBL53746,PPARgamma,7.205,,2,0,Active,exact,CCCc1cc(Oc2ccc(CC(C)C)cc2)ccc1OCCCOc1ccc(C2SC(=O)NC2=O)cc1
CHEMBL222121,PPARgamma,5.800,,1,0,,exact,COC(C)(Cc1ccc(OCCc2nc(-c3ccccc3)oc2C)cn1)C(=O)O
CHEMBL1164770,PPARgamma,4.370,,1,0,Inactive,exact,CS(=O)(=O)c1ccc(/C=C2\SC(=O)N(Cc3cccc(Cl)c3)C2=O)cc1
CHEMBL4762401,PPARgamma,5.660,,1,0,,exact,O=C1NC(=O)C(Cc2ccc(/N=N/c3ccccc3)cc2)S1
CHEMBL231689,PPARgamma,,5.000,0,1,,censored,O=C(O)Cn1ccc2cc(OCc3cccc(COc4ccc(C(F)(F)F)cc4)c3)ccc21
CHEMBL3598143,PPARgamma,5.380,,1,0,,exact,O=C(O)c1ccc(-c2nc(C(=O)c3c(Cl)cccc3C(F)(F)F)n3cccnc23)cc1
CHEMBL4092600,PPARgamma,7.415,,2,0,Active,exact,C[C@H](Oc1ccc(Cc2ccc(OCc3coc(-c4ccccc4)n3)cc2)cc1)C(=O)O
CHEMBL519153,PPARgamma,5.570,,1,0,,exact,CCO[C@H](Cc1ccc(OCCc2nc(-c3ccccc3)oc2C)c2ccsc12)C(=O)O
CHEMBL427530,PPARgamma,5.420,,1,0,,exact,CCCc1cc2c(=O)n(C)oc2c(CCC)c1O[C@H](C(=O)O)c1ccccc1
CHEMBL5401013,PPARgamma,6.160,,1,0,Active,exact,CC(C)C1(CCOc2cc(CC(=O)O)ccc2Cl)CCN(c2nc3ccc(Cl)cc3s2)CC1
CHEMBL4536821,PPARgamma,4.920,,1,0,Inactive,exact,CCC(Sc1nc(Cl)cc(Nc2cccc(C)c2C)n1)C(=O)O
CHEMBL299958,PPARgamma,6.520,,1,0,Active,exact,CCCc1cc(Oc2ccccc2)ccc1OCCCOc1ccc(C2SC(=O)NC2=O)cc1F
CHEMBL3115242,PPARgamma,6.550,,1,0,Active,exact,CCCc1nn2ccc(-c3nc4ccccc4n3CCC)cc2c1Cc1ccc(-c2ccccc2C(=O)O)cc1
CHEMBL3355872,PPARgamma,6.190,,1,0,Active,exact,O=C(/C=C/c1ccccc1)NC(Cc1ccc(OCCOc2ccc(/C=C/c3ccccc3)cc2)cc1)C(=O)O
CHEMBL390199,PPARgamma,,6.000,0,1,,censored,CSCOC(CCc1ccc(C(F)(F)F)cc1)CSc1ccc(OCC(=O)O)c(C)c1
CHEMBL495818,PPARgamma,5.230,,1,1,,exact,COCCOc1cc(COc2ccc(C(F)(F)F)cc2)ccc1Sc1ccc(OCC(=O)O)c(C)c1C
CHEMBL3115244,PPARgamma,6.890,,1,0,Active,exact,CCCn1nc2ccc(C(=O)NC(CC)c3ccccc3)cc2c1Cc1ccc(-c2ccccc2C(=O)O)cc1
CHEMBL374448,PPARgamma,7.800,,1,0,Active,exact,Cc1cccc(-c2nc(CCOc3ccc(CC4(C(=O)O)CCCO4)cn3)c(C)o2)c1
CHEMBL1956368,PPARgamma,5.620,,1,0,,exact,O=C(O)C(Cc1cccc(F)c1)Oc1ccc(Cl)cc1F
CHEMBL215127,PPARgamma,7.750,,1,0,Active,exact,CCc1ccc(OC(CC)CCOc2ccc(CCC(=O)O)c(C)c2)c(C(=O)c2ccccc2)c1
CHEMBL5394598,PPARgamma,5.460,,1,0,,exact,O=C(O)Cc1ccc(Cl)c(OCCC2(N3CCCC3)CCN(c3nc4ccc(C(F)(F)F)nc4s3)CC2)c1
CHEMBL425921,PPARgamma,5.980,,1,0,,exact,CCCc1c(OCCCCCOc2ccc3c(ccn3CC(=O)O)c2)ccc2c(C(F)(F)F)noc12
CHEMBL180928,PPARgamma,5.570,,1,0,,exact,C[C@@]1(C(=O)O)CCc2ccc(OCCCOc3ccc(OCC(F)(F)F)cc3Cl)cc2O1
CHEMBL229573,PPARgamma,6.000,,1,0,Active,exact,CCCCOc1ccc(CC(CCC)C(=O)O)cc1CNC(=O)c1ccc(C(F)(F)F)cc1F
CHEMBL459521,PPARgamma,4.420,,1,0,Inactive,exact,O=C(O)CSc1nc(Cl)cc(Nc2cccc3c2CCC3)n1
CHEMBL370809,PPARgamma,7.170,,1,0,Active,exact,CCOC(=O)C(C(=O)O)C1CCc2cc(OCCc3nc(-c4ccccc4)oc3C)ccc21
CHEMBL1760408,PPARgamma,5.100,,1,0,,exact,Cc1c(-c2ccc(Cl)cc2)cccc1N(CC1CC1)S(=O)(=O)c1ccc(OC(C)C(=O)O)c(C)c1C
CHEMBL117918,PPARgamma,6.120,,1,0,Active,exact,CCCc1cc(C2CCOCC2)ccc1OCCCOc1cccc(C2OC(=O)NC2=O)c1
CHEMBL205434,PPARgamma,5.280,,1,0,,exact,Cc1nc(-c2ccc(C(F)(F)F)cc2)sc1CNc1ccc(/C=C/C(=O)O)cc1
CHEMBL516129,PPARgamma,,4.000,0,1,Inactive,censored,Cc1oc(-c2ccccc2)nc1CN(C)Cc1ccc(C[C@@H](C(=O)O)n2cccc2)cc1
CHEMBL3678143,PPARgamma,6.460,,1,0,Active,exact,Cc1c(C)n(Cc2cccc(O[C@@H](C)C(=O)O)c2Cl)c2ccc(C(=O)N[C@@H](C)c3cccc(C4CC4)c3)cc12
CHEMBL573966,PPARgamma,4.650,,2,0,Inactive,exact,COc1cccc(-c2coc3cc(O)ccc3c2=O)c1
CHEMBL5090762,PPARgamma,5.350,,1,0,,exact,Cc1ccc(/N=N/c2ccc(OCCc3ccc(OC(C)(C)C(=O)O)cc3)c(Cl)c2)cc1
CHEMBL3397711,PPARgamma,4.890,,1,0,Inactive,exact,CCCC/C(=C\c1cc(OC/C=C/c2ccccc2)ccc1OCc1ccc(C(F)(F)F)cc1)C(=O)O
CHEMBL189146,PPARgamma,8.400,,1,0,Active,exact,CC(C)O[C@@H](Cc1ccc(OCc2noc(-c3ccc(C(C)C)cc3)n2)cc1)C(=O)O
CHEMBL518499,PPARgamma,8.520,,1,0,Active,exact,Cc1c(Oc2ccc(Cl)cc2)c2ccc(F)nc2n1Cc1ccc(Cl)c(O[C@@H](C)C(=O)O)c1
CHEMBL1426715,PPARgamma,5.290,,1,0,,exact,O=C(O)c1ccc(-n2nnnc2SCc2ccccc2Br)cc1
CHEMBL3398462,PPARgamma,5.090,,1,1,,exact,CCOC(=O)N1C[C@H](CC(=O)O)[C@@H](Cc2cccc(OCCc3nc(-c4ccccc4)oc3C)c2)C1
CHEMBL4173286,PPARgamma,6.730,,1,0,Active,exact,Cn1c(COc2cccc(C(=O)O)c2)nc2ccc(Oc3ccc4ccoc4c3)cc21
CHEMBL1813007,PPARgamma,8.520,,1,0,Active,exact,CCO[C@@H](Cc1ccc(OCc2nc(-c3ccc(-c4ccccc4)s3)oc2C)cc1)C(=O)O
CHEMBL202515,PPARgamma,5.800,,1,0,,exact,O=C(O)Cn1ccc2ccc(OCCCOc3ccc4cc(C(=O)c5ccccc5)ccc4c3)cc21
CHEMBL2112021,PPARgamma,5.810,,1,0,,exact,CN(CCOc1ccc(C[C@@H](Nc2ccccc2C(=O)C2CCCCC2)C(=O)O)cc1)c1nc2ccccc2o1
CHEMBL4546069,PPARgamma,6.550,,1,0,Active,exact,CCCCc1nc(C)c(Cc2nc(C(C)(C)C)no2)c(=O)n1Cc1ccc(-c2ccccc2-c2noc(=O)[nH]2)cc1
CHEMBL402840,PPARgamma,7.390,,2,0,Active,exact,CCCOc1ccc(C[C@H](CC)C(=O)O)cc1CNC(=O)c1ccc(C23CC4CC(CC(C4)C2)C3)cc1
CHEMBL1081763,PPARgamma,,5.000,0,1,,censored,COc1ccc(-c2nc(COc3ccc(OCC(=O)O)c(C)c3)sc2-c2ccc(OC(F)(F)F)cc2)cc1
CHEMBL6091869,PPARgamma,5.120,,2,0,,exact,Cc1ccc(S2(=O)=N[Se]c3cc(C)ccc32)cc1
CHEMBL5199787,PPARgamma,7.460,,1,0,Active,exact,CCCOc1ccc(CC(Cc2ccccc2)C(=O)O)cc1CNC(=O)c1ccc(-c2ncccn2)cc1
CHEMBL5070178,PPARgamma,5.750,,1,0,,exact,CC(C)(Oc1ccc(Cn2ncn(-c3ccc(C(F)(F)F)cc3)c2=O)cc1C(F)(F)F)C(=O)O
CHEMBL5206512,PPARgamma,9.150,,2,0,Active,exact,CCc1ccc(-c2nc3cc(NC(=O)c4cc([N+](=O)[O-])ccc4Cl)ccc3o2)cn1
CHEMBL149676,PPARgamma,5.310,,1,0,,exact,CCCn1c(CCCc2ccc(OC(C)(C)C(=O)O)cc2)nn(Cc2ccc(C)cc2)c1=O
CHEMBL4440852,PPARgamma,4.880,,1,0,Inactive,exact,CCC/C(=C\c1cc(OCc2ccc3ccccc3n2)ccc1OCc1ccc(F)cc1)C(=O)O
CHEMBL110743,PPARgamma,6.180,,2,0,Active,exact,CCCc1cc(Oc2ccccc2)ccc1OCCCOc1ccc2c(c1)OC(CC)(C(=O)O)CC2
CHEMBL426269,PPARgamma,,4.824,0,1,Inactive,censored,CC(C)[C@@]1(C(=O)O)Cc2cc(OCCCOc3cc(C(F)(F)F)ccc3Cl)ccc2O1
CHEMBL229525,PPARgamma,6.000,,1,0,Active,exact,CCCCC(Cc1ccc(OC)c(CNC(=O)c2ccc(C(F)(F)F)cc2F)c1)C(=O)O
CHEMBL465747,PPARgamma,4.480,,1,0,Inactive,exact,O=S(=O)(NCCc1ccc(S(=O)(=O)NC(=S)Nc2ccc(Cl)cc2)cc1)c1ccc(Cl)cc1
CHEMBL147049,PPARgamma,5.860,,1,0,,exact,O=C(c1ccccc1)c1ccccc1N[C@@H](Cc1ccc(OCCOc2c(Cl)cccc2Cl)cc1)C(=O)O
CHEMBL321815,PPARgamma,5.830,,1,0,,exact,CCCc1c(OCCOc2cccc3c2ccn3CC(=O)O)ccc2c(C(F)(F)F)noc12
CHEMBL3827709,PPARgamma,,4.602,0,1,Inactive,censored,COC(=O)N(CC(=O)O)Cc1cc(OCc2nc(-c3ccc(S(C)(=O)=O)cc3)oc2C)ccc1F
CHEMBL253952,PPARgamma,5.690,,1,0,,exact,COc1ccc(OC(=O)N(CC(=O)O)Cc2ccc(OCCc3nc(-c4ccc(O)cc4)oc3C)cc2)cc1
CHEMBL4075210,PPARgamma,4.820,,1,0,Inactive,exact,CCN(CCOc1ccc(/C=C2\SC(=O)NC2=O)cc1)c1ccccn1
CHEMBL398185,PPARgamma,6.020,,2,0,Active,exact,Cc1oc(-c2ccccc2)nc1CCOc1ccc(C[C@@H](CNC(=O)CC(C)C(=O)O)Nc2ccccc2C(=O)c2ccccc2)cc1
CHEMBL3764891,PPARgamma,5.400,,1,0,,exact,CCC(Cc1ccc(C(=O)NCc2ccc(Cl)cc2)cc1)C(=O)O
CHEMBL5437491,PPARgamma,6.170,,1,0,Active,exact,Cc1cc(N2C(=O)CN(Cc3ccc(C(F)(F)F)cc3)C2=O)cc(C)c1OC(C)(C)C(=O)O
CHEMBL230567,PPARgamma,6.120,,1,0,Active,exact,CC1=C(C(=O)O)C(c2ccc(OCCOc3cc(C)nc4ccccc34)cc2)NC(=O)N1
CHEMBL1956350,PPARgamma,5.280,,1,0,,exact,O=C(O)C(Cc1ccc(F)cc1)Oc1ccc(Cl)cc1
CHEMBL320553,PPARgamma,7.300,,3,0,Active,exact,COc1ccc(CCc2c(-c3ccccc3)[nH]c3ccc(CC(=O)O)cc23)cc1
CHEMBL3735503,PPARgamma,7.590,,2,0,Active,exact,Cc1c(C)n(Cc2ccc(-c3ccccc3C(=O)O)cc2)c2ccc(C(=O)NCc3cccc(C(C)C)c3)cc12
CHEMBL371341,PPARgamma,9.000,,1,0,Active,exact,Cc1c(Oc2ccc(Cl)c(O[C@@H](C)C(=O)O)c2)c2cc(OC(F)(F)F)ccc2n1-c1noc2cc(Cl)ccc12
CHEMBL603424,PPARgamma,8.740,,1,0,Active,exact,O=C(NCC1CC1)[C@H]1S[C@@H](n2cnc3c(NCc4cccc(I)c4)ncnc32)[C@H](O)[C@@H]1O
CHEMBL4291932,PPARgamma,5.840,,1,0,,exact,O=C(O)C[C@@H]1COc2cc(OCCCOc3cccc(Cl)c3)ccc21
CHEMBL2312717,PPARgamma,6.000,,1,0,Active,exact,O=C(O)[C@H](Cc1ccccc1)Oc1ccc(-c2ccccc2C(F)(F)F)cc1
CHEMBL145941,PPARgamma,7.320,,2,0,Active,exact,O=C(c1ccccc1)c1ccccc1N[C@@H](Cc1ccc(OCCOc2ccc(SCl)cc2)cc1)C(=O)O
CHEMBL5285688,PPARgamma,7.290,,2,0,Active,exact,Cc1ccccc1NC(=O)c1cc(C(=O)NCc2ccccc2)c(F)cc1Cl
CHEMBL389768,PPARgamma,,6.000,0,1,,censored,CCO[C@@H](COc1ccc(C(F)(F)F)cc1)CSc1ccc(OCC(=O)O)c(C)c1
CHEMBL1080140,PPARgamma,5.230,,1,0,,exact,COc1ccc(-c2nc(SCCOc3ccc(OCC(=O)O)cc3Cl)sc2-c2ccc(OC)cc2)cc1
CHEMBL230565,PPARgamma,6.000,,1,0,Active,exact,CC1=C(C(=O)O)C(c2ccc(OCCn3ccc4cccnc43)cc2)NC(=O)N1
CHEMBL241299,PPARgamma,7.060,,1,0,Active,exact,Cc1cc(OCC[C@@H](C)Oc2ccc(Cl)cc2-c2ccccn2)ccc1CCC(=O)O
CHEMBL180504,PPARgamma,7.310,,2,0,Active,exact,COc1cc(C[C@H](OC)C(=O)O)ccc1OCCCOc1ccc(Oc2ccccc2)cc1
CHEMBL200810,PPARgamma,,5.000,0,1,,censored,CCC(C(=O)O)C1CCc2cc(OCCc3noc(-c4ccccc4)n3)ccc21
CHEMBL196227,PPARgamma,,5.000,0,1,,censored,CCCCCOc1ncccc1C(O)CCCCCCC(=O)OC
CHEMBL5085545,PPARgamma,6.610,,1,0,Active,exact,O=C(COc1ccc2cc(/C=C3/SC(=O)NC3=O)ccc2c1)Nc1c(F)cc(F)cc1Br
CHEMBL3699431,PPARgamma,7.300,,1,0,Active,exact,Cc1c(C)n(Cc2ccc(-c3ccccc3C(=O)O)cc2)c2ccc(C(=O)N[C@@H](C)c3ccc(C4CC4)cc3)cc12
CHEMBL3355867,PPARgamma,5.860,,1,0,,exact,C/C(=C\C(=O)c1ccccc1)NC(Cc1ccc(OCCCOc2ccc(/N=N/c3ccccc3)cc2)cc1)C(=O)O
CHEMBL94306,PPARgamma,7.240,,4,0,Active,exact,CCCc1cc(Oc2ccccc2)ccc1OCCCOc1cccc(C2SC(=O)NC2=O)c1
CHEMBL4538895,PPARgamma,4.920,,1,0,Inactive,exact,CCCc1nc2c(C(F)(F)F)cccc2n1Cc1ccc(-c2ccccc2C(=O)O)cc1
CHEMBL4214179,PPARgamma,,5.000,0,1,,censored,CN(Cc1ccccc1OCCC[C@@H]1C[C@H]1C(=O)O)C(=O)c1ccc(-c2ccco2)cc1
CHEMBL4448988,PPARgamma,5.620,,1,0,,exact,CCCCc1nc(C)c(Cc2nc(Cc3ccc(F)cc3)no2)c(=O)n1Cc1ccc(-c2ccccc2-c2noc(=O)[nH]2)cc1
CHEMBL377898,PPARgamma,6.400,,1,0,Active,exact,CCCOC(Cc1ccc2c(ccn2Cc2nc(-c3ccc(C(F)(F)F)cc3)oc2C)c1)C(=O)O
CHEMBL386957,PPARgamma,7.420,,1,0,Active,exact,Cc1oc(-c2ccccc2)nc1CCOc1ccc(CC2(C(=O)O)CCCO2)cn1
CHEMBL234589,PPARgamma,5.430,,1,0,,exact,O=C(O)Cc1csc2cc(OCc3ccc(COc4ccc(C(F)(F)F)cc4)cc3)ccc12
CHEMBL4078402,PPARgamma,6.030,,1,0,Active,exact,CCCc1nc2cc(-c3ccccc3Cl)ccc2n1Cc1ccc(-c2ccccc2C(=O)O)cc1
CHEMBL198708,PPARgamma,6.140,,1,0,Active,exact,CCCCCOc1cc2ccccc2cc1C(O)C/C=C/CCCC(=O)OC
CHEMBL578860,PPARgamma,5.920,,1,0,,exact,O=C(O)C(Cc1ccccc1)Oc1ccc(Oc2ccccc2)cc1
CHEMBL381468,PPARgamma,,5.000,0,1,,censored,CCC(C(=O)O)C1CCc2cc(OCc3ccc(-c4nc(-c5ccccc5)oc4C)cc3)ccc21
CHEMBL4748172,PPARgamma,5.230,,2,0,,exact,O[C@@H]1[C@H](O)CO[C@H]1Cn1cnc2c(NCc3cccc(Br)c3)nc(Cl)nc21
CHEMBL200610,PPARgamma,6.210,,1,0,Active,exact,CCC(C(=O)O)C1CCc2cc(OCCc3nc(-c4ccccc4)oc3-c3ccccc3)ccc21
CHEMBL303389,PPARgamma,5.820,,1,0,,exact,CC(Cc1ccc(OCCN(C)c2nc3ccccc3o2)cc1)C(=O)O
CHEMBL484137,PPARgamma,7.640,,1,0,Active,exact,CO[C@@H](Cc1ccc(OCCc2nc(-c3ccc(C(F)(F)F)cc3)oc2C)c2ccsc12)C(=O)O
CHEMBL393766,PPARgamma,,5.000,0,1,,censored,O=C(O)Cc1coc2cc(OCc3ccccc3COc3ccc(C(F)(F)F)cc3)ccc12
CHEMBL218101,PPARgamma,,5.000,0,1,,censored,Cc1cc(-c2noc(-c3ccccc3)c2C(=O)NCCOc2ccc(Cl)cc2Cl)ccc1OCC(=O)O
CHEMBL235143,PPARgamma,7.570,,1,0,Active,exact,Cc1cc(Oc2cccc(CNC(=O)c3[nH]c4ccc(Cl)cc4c3C)c2)ccc1CCC(=O)O
CHEMBL108766,PPARgamma,4.520,,1,0,Inactive,exact,CCCCCCCCCCCC(=O)O
CHEMBL3962023,PPARgamma,5.510,,1,0,,exact,COc1ccc(-c2cn3cccc(OCc4ccc(Cl)c(Cl)c4)c3n2)cc1
CHEMBL404451,PPARgamma,5.370,,1,0,,exact,Cc1oc(-c2ccccc2)nc1CCOc1ccc(C[C@H]2C(=O)N(c3ccc(C(C)(C)C)cc3)[C@H]2C(=O)O)cc1
CHEMBL2282522,PPARgamma,8.330,,2,0,Active,exact,Cc1oc(-c2ccccc2)nc1CCOc1ccc(C[C@@]2(C(=O)O)C=CC=CO2)cc1
CHEMBL4072706,PPARgamma,6.430,,1,0,Active,exact,Cc1ccc(-n2c(SCC(=O)Nc3ccc(S(=O)(=O)NC(=O)Nc4ccccc4)cc3)nc3ccccc3c2=O)cc1
CHEMBL5282181,PPARgamma,5.610,,2,0,,exact,COc1ccccc1CNC(=O)c1ccc(Cl)c(C(=O)Nc2ccccc2)c1
CHEMBL356382,PPARgamma,9.090,,2,0,Active,exact,COc1ccc(-c2nc(CCOc3ccc(C[C@H](Nc4ccccc4C(=O)c4ccccc4)C(=O)O)cc3)c(C)o2)cc1
CHEMBL198163,PPARgamma,5.360,,1,0,,exact,CCCCCOc1cc2ccccc2cc1C(O)CC#CCCCC(=O)[O-].[Na+]
CHEMBL1089164,PPARgamma,5.640,,1,0,,exact,Cc1ccc(OC(=O)N(CC(=O)O)Cc2cccc(OCc3nc(-c4ccc(F)cc4)oc3C)c2)cc1
CHEMBL459972,PPARgamma,5.520,,3,0,,exact,CCCCC(Sc1nc(Cl)cc(Nc2cccc(C)c2C)n1)C(=O)O
CHEMBL5077367,PPARgamma,5.660,,1,0,,exact,CCc1cc(Cn2ncn(-c3ccc(C(F)(F)F)cc3)c2=O)cc(CC)c1OC(C)(C)C(=O)O
CHEMBL4172668,PPARgamma,6.840,,1,0,Active,exact,Cn1c(COc2cccc(C(=O)O)c2)nc2ccc(Oc3ccc(F)cc3F)cc21
CHEMBL81208,PPARgamma,6.410,,1,0,Active,exact,Cc1oc(-c2ccccc2)nc1CCOc1ccc(CC(Oc2ccccc2)C(=O)O)cc1
CHEMBL2338486,PPARgamma,6.030,,2,0,Active,exact,CS(=O)(=O)c1cc(NS(=O)(=O)c2ccc(Cl)cc2Cl)ccc1Oc1cncc(Cl)c1
CHEMBL192521,PPARgamma,6.960,,1,0,Active,exact,CCCc1cc2c(oc(=O)n2CC(F)(F)F)c(CCC)c1O[C@H](C(=O)O)c1ccc(C(C)C)cc1
CHEMBL525262,PPARgamma,5.400,,1,1,,exact,Cc1c(OCC(=O)O)ccc(Sc2ccc(COc3ccc(C(F)(F)F)cc3)cc2OCCN2CCOCC2)c1C
CHEMBL4758064,PPARgamma,,4.000,0,1,Inactive,censored,CC[C@H]1[C@@H](O)[C@@H]2[C@H]([C@@H](O)C[C@]3(C)[C@@H]([C@H](C)CCC(=O)O)CC[C@@H]23)[C@@]2(C)CC[C@@H](O)C[C@@H]12
CHEMBL5426514,PPARgamma,,5.301,0,1,,censored,Cc1cc(CN2C(=O)CN(c3ccccc3C(F)(F)F)C2=O)cc(C)c1OC(C)(C)C(=O)O
CHEMBL3695874,PPARgamma,7.680,,1,0,Active,exact,CCOc1cccc([C@H](C)NC(=O)c2ccc3c(c2)c(C)c(C)n3Cc2ccc(-c3ccccc3)cc2)c1
CHEMBL3639769,PPARgamma,6.970,,1,0,Active,exact,Cc1c(C)n(Cc2cccc(OCC#N)c2)c2ccc(C(=O)N[C@@H](C)c3ccc(C(C)(C)C)cc3)cc12
CHEMBL4450797,PPARgamma,5.410,,1,0,,exact,CCC/C(=C\c1cc(OCc2ccc3nc(C(F)(F)F)cc(OC)c3c2)ccc1OCc1cccc(F)c1)C(=O)O
CHEMBL4740559,PPARgamma,5.140,,1,0,,exact,CC#Cc1nc(NCc2cccc(I)c2)c2ncn(C[C@@H]3SC[C@@H](O)[C@H]3O)c2n1
CHEMBL5591240,PPARgamma,5.090,,1,0,,exact,C/C=C(\C)C(=O)OC[C@]12[C@H]3CCC[C@@]1(O)CO[C@@]2(O)C[C@H](C)[C@@]3(C)CCC1=CC(=O)OC1
CHEMBL3899254,PPARgamma,6.205,,2,0,Active,exact,Cc1oc(-c2ccccc2)nc1CC(=O)OCc1ccc(CC(SCCc2ccc(F)cc2)C(=O)O)cc1
CHEMBL2035057,PPARgamma,,5.000,0,1,,censored,Cc1cc(SC(CC2CC2)c2sc(-c3ccc(C(F)(F)F)cc3)nc2C)ccc1OCC(=O)O
CHEMBL596544,PPARgamma,4.480,,1,0,Inactive,exact,Cc1oc(-c2ccccc2)nc1CCCc1ccc(C[C@H](C(=O)O)n2cccn2)cc1
CHEMBL5078732,PPARgamma,5.850,,1,0,,exact,O=C(NCc1ccccc1C(F)(F)F)c1ccc2c(c1)ncn2Cc1cccc(F)c1
CHEMBL83875,PPARgamma,7.320,,1,0,Active,exact,CCCCCCCC(=O)N(C)CCOc1ccc(CC2SC(=O)NC2=O)cc1
CHEMBL37495,PPARgamma,5.190,,1,0,,exact,Cc1nc(-c2ccc(C(F)(F)F)cc2)oc1CSc1ccc(OCC(=O)O)cc1
CHEMBL202246,PPARgamma,5.690,,1,0,,exact,CCCc1c(OCCCOc2ccc3ccn(CC(=O)O)c3c2)ccc2cc(C(=O)c3ccccc3)ccc12
CHEMBL3827617,PPARgamma,5.900,,1,0,,exact,Cc1ccc(OC(=O)N(CC(=O)O)Cc2cc(OCc3nc(-c4ccc(Cl)cc4)oc3C)ccc2F)cc1
CHEMBL5283315,PPARgamma,,4.319,0,1,Inactive,censored,CCOc1ccc(F)c(N2CC[C@@H](Oc3ccc(N4C[C@H](c5ccccc5)C[C@@H]4CC(=O)O)cc3)[C@H](C)C2)c1
CHEMBL424957,PPARgamma,5.370,,1,0,,exact,CC[C@]1(C(=O)O)CCc2ccc(OCCCOc3ccc(F)cc3Cl)cc2O1
CHEMBL2263567,PPARgamma,5.000,,1,0,,exact,COC(=O)CN1C(=O)S/C(=C\c2ccc(O)cc2)C1=O
CHEMBL2282520,PPARgamma,9.150,,2,0,Active,exact,COC(=O)c1ccccc1[C@@](O)(Cc1ccc(OCCc2nc(-c3ccccc3)oc2C)cc1)C(=O)O
CHEMBL3695811,PPARgamma,8.700,,3,0,Active,exact,Cc1c(C)n(Cc2ccc(-c3ccccc3C(=O)O)cc2)c2ccc(C(=O)N[C@H](C)c3ccc([N+](=O)[O-])cc3)cc12
CHEMBL1079821,PPARgamma,,5.000,0,1,,censored,Cc1cc(OCc2nc(-c3cncnc3)c(-c3ccc(OC(F)(F)F)cc3)s2)ccc1OCC(=O)O
CHEMBL575075,PPARgamma,4.720,,2,0,Inactive,exact,COc1cc(OC)cc(-c2coc3cc(O)ccc3c2=O)c1
CHEMBL5090355,PPARgamma,5.890,,1,0,,exact,Cc1ccc(/N=N\c2ccc(OCCc3ccc(OC(C)(C)C(=O)O)cc3)c(C(F)(F)F)c2)cc1
CHEMBL2203301,PPARgamma,4.520,,1,0,Inactive,exact,CC(C)(Oc1ccc(CO)cc1)C(=O)O
CHEMBL558083,PPARgamma,8.175,,2,0,Active,exact,CC[C@@](C)(Oc1cccc(Cn2c(C)c(C(=O)c3ccc(Cl)cc3)c3ccc(OC(F)(F)F)cc32)c1)C(=O)O
CHEMBL5595516,PPARgamma,5.280,,1,0,,exact,C/C=C(\C)C(=O)OC[C@]12C(=O)CCC[C@@H]1[C@@](C)(CCC1=CC(=O)OC1)[C@H](C)C[C@@H]2OC(C)=O
CHEMBL123257,PPARgamma,5.800,,1,0,,exact,C/C(=N\OCCOc1ccc(CC2SC(=O)NC2=O)cc1)c1ccc(-c2ccncc2)cc1
CHEMBL1173380,PPARgamma,4.520,,1,0,Inactive,exact,CCCCCCCC/C=C\CCCCCCCCCCCC(=O)O
CHEMBL3695867,PPARgamma,8.700,,1,0,Active,exact,Cc1c(C)n(Cc2ccc(-c3ccccc3)cc2)c2ccc(C(=O)N[C@@H](C)c3ccccn3)cc12
CHEMBL3695846,PPARgamma,9.100,,3,0,Active,exact,Cc1c(C)n(Cc2ccc(-c3ccccc3C(=O)O)cc2)c2ccc(C(=O)N[C@H](C)c3ccc(F)cc3)cc12
CHEMBL472244,PPARgamma,5.970,,1,0,,exact,O=C(O)C(Cc1ccc(Oc2ccccc2)cc1)Oc1ccc(Cl)cc1
CHEMBL497789,PPARgamma,5.400,,1,0,,exact,COc1ccc2c(ccn2S(=O)(=O)c2cccc(C(=O)Nc3ccc(Cl)cc3C(=O)O)c2)c1
CHEMBL4552317,PPARgamma,5.060,,1,0,,exact,CCCc1nc2c(Cl)cccc2n1Cc1ccc(-c2ccccc2C(=O)O)cc1
CHEMBL3393180,PPARgamma,5.160,,1,0,,exact,O=C(O)CCc1cccc(NC(=O)c2ccccc2NC(=O)c2ccc(C(F)(F)F)cc2)c1
CHEMBL304046,PPARgamma,7.520,,1,0,Active,exact,CN(CCOc1ccc(CC(CCCc2ccccc2)C(=O)O)cc1)c1nc2ccccc2o1
CHEMBL402956,PPARgamma,,4.824,0,1,Inactive,censored,Cc1oc(-c2ccccc2)nc1CCOc1cccc(CC2=C(C(=O)O)CCN(C(=O)OCc3ccccc3)C2)c1
CHEMBL4476782,PPARgamma,,4.000,0,1,Inactive,censored,O=C(O)c1cc(Br)cc(NCc2ccc(OCc3ccc(F)cc3)cc2)c1
CHEMBL496733,PPARgamma,5.700,,1,0,,exact,Cc1ccc(NC(=O)c2cccc(S(=O)(=O)n3ccc4ccc(Cl)cc43)c2)c(C(=O)O)c1
CHEMBL343459,PPARgamma,7.290,,2,0,Active,exact,Cc1ncsc1CCOc1ccc(C[C@H](Nc2ccccc2C(=O)c2ccccc2)C(=O)O)cc1
CHEMBL5080856,PPARgamma,5.960,,1,0,,exact,COc1ccc(CNC(=O)c2ccc3c(c2)[nH]c(=O)n3Cc2cccc(F)c2)c(C(F)(F)F)c1
CHEMBL1079982,PPARgamma,,5.000,0,1,,censored,COc1ccc(-c2nc(COc3ccccc3OCC(=O)O)sc2-c2ccc(C(F)(F)F)cc2)cc1
CHEMBL1819396,PPARgamma,4.970,,1,0,Inactive,exact,CCCCC(Cc1cc(OCCc2ccccc2)ccc1OCCc1ccccc1)C(=O)O
CHEMBL1082131,PPARgamma,,5.000,0,1,,censored,COc1ccc(-c2nc(CSc3ccc(OCC(=O)O)c(C)c3)sc2-c2ccc(OC)cc2)cc1
CHEMBL4291763,PPARgamma,,5.000,0,1,,censored,O=C(O)CS(=O)(=O)c1ccc(OCCCOc2cccc(Cl)c2)cc1
CHEMBL3695820,PPARgamma,,6.000,0,1,,censored,Cc1c(C)n(Cc2ccc(-c3ccccc3C(=O)O)cc2)c2ccc(C(=O)NCc3cccc(CN)c3)cc12
CHEMBL4073181,PPARgamma,7.120,,1,0,Active,exact,Cc1cccc(S(=O)(=O)n2c(CCCC(=O)O)cc3cc(Cl)ccc32)c1
CHEMBL3678119,PPARgamma,6.970,,1,0,Active,exact,Cc1c(C)n(Cc2cccc(OC(C)(C)C(=O)O)c2)c2ccc(C(=O)N[C@@H](C)c3cccc(C(C)C)c3)cc12
CHEMBL3695795,PPARgamma,,6.000,0,1,,censored,CSc1ccc(-c2ccc(Cn3ccc4cc(C(=O)N[C@@H](C)c5ccc([N+](=O)[O-])cc5)ccc43)cc2)cc1
CHEMBL146217,PPARgamma,8.290,,1,0,Active,exact,CN(CCOc1ccc(CC(Nc2ccccc2C(=O)c2ccc(C(F)(F)F)cc2)C(=O)O)cc1)c1nc2ccccc2o1
CHEMBL4469751,PPARgamma,5.740,,1,0,,exact,CCCCc1nc(C)c(CC(=O)OCC2CC2)c(=O)n1Cc1ccc(-c2ccccc2-c2noc(=O)[nH]2)cc1
CHEMBL64972,PPARgamma,5.535,,2,0,,exact,Cc1oc(-c2ccccc2)nc1CCOc1ccc(OC(C)C(=O)O)cc1
CHEMBL3695848,PPARgamma,7.190,,1,0,Active,exact,Cc1c(C)n(Cc2ccc(-c3ccccc3C(=O)O)cc2)c2ccc(C(=O)NCc3cccc4ccccc34)cc12
CHEMBL2312702,PPARgamma,6.000,,1,0,Active,exact,CC(C)c1ccccc1-c1ccc(O[C@@H](Cc2ccccc2)C(=O)O)cc1
CHEMBL3393179,PPARgamma,5.030,,1,0,,exact,O=C(O)Cc1cccc(NC(=O)c2ccccc2NC(=O)c2ccc(C(F)(F)F)cc2)c1
CHEMBL223128,PPARgamma,7.850,,2,0,Active,exact,Cc1oc(-c2ccc(-c3ncccn3)cc2)nc1CCOc1ccc(CCC(=O)O)c(CNC(=O)OC(C)C)c1
CHEMBL383398,PPARgamma,6.690,,1,0,Active,exact,CCC(C(=O)O)C1CCc2cc(OCCc3nc(-c4ccc(Cl)cc4)oc3C)ccc21
CHEMBL118816,PPARgamma,5.540,,1,0,,exact,NC(=O)C(Cc1ccc(OCCOc2ccc3c(c2)NCCC3)cc1)C(=O)O
CHEMBL471191,PPARgamma,5.500,,1,0,,exact,O=C(O)C(Cc1ccc(Cl)cc1)Oc1ccc(Cl)cc1
CHEMBL550762,PPARgamma,6.010,,1,0,Active,exact,CCCCCCCC/C=C(\CCCCCCCC(=O)O)[N+](=O)[O-]
CHEMBL3735765,PPARgamma,7.070,,2,0,Active,exact,Cc1c(C)n(Cc2ccc(-c3ccccc3C(=O)O)cc2)c2ccc(C(=O)N[C@@H](C)c3cccc(C(F)(F)F)c3)cc12
CHEMBL145929,PPARgamma,5.710,,1,0,,exact,C/C(O)=C/C(C)=N/[C@@H](Cc1ccc(OCc2ccccc2)cc1)C(=O)O
CHEMBL1813867,PPARgamma,4.940,,1,0,Inactive,exact,C/C=C(\C)C(=O)O[C@@H](C[C@@]1(C)[C@H](C)C[C@H](OC(C)=O)[C@]2(COC(C)=O)[C@@H]1[C@H](OC(C)=O)CC[C@]21CO1)C1=CC(=O)OC1
CHEMBL460026,PPARgamma,5.750,,2,0,,exact,CC/C=C\C/C=C\C/C=C\C/C=C\C/C=C\CCCC(=O)O
CHEMBL228492,PPARgamma,6.000,,1,0,Active,exact,CC1=C(C(=O)O)C(c2ccc(OCCOc3cccc4[nH]c5ccccc5c34)cc2)NC(=O)N1
CHEMBL1819393,PPARgamma,5.430,,1,0,,exact,CCCCC(Cc1cccc(OCCc2ccccc2)c1OCCc1ccccc1)C(=O)O
CHEMBL3736263,PPARgamma,7.385,,2,0,Active,exact,Cc1c(C)n(Cc2ccc(-c3ccccc3C(=O)O)cc2)c2ccc(C(=O)N[C@@H](c3cccc(C(C)C)c3)C(F)(F)F)cc12
CHEMBL1080025,PPARgamma,,5.000,0,1,,censored,Cc1cc(OCc2nc(-c3ccccc3)c(-c3ccccc3)s2)ccc1OCC(=O)O
CHEMBL2037583,PPARgamma,,5.000,0,1,,censored,Cc1cc(SC(CCCCCCCCCCc2ccccc2)c2sc(-c3ccc(C(F)(F)F)cc3)nc2C)ccc1OCC(=O)O
CHEMBL395191,PPARgamma,6.320,,1,0,Active,exact,Cc1oc(-c2ccccc2)nc1CCOc1ccc(CN(CC(=O)O)Cc2cccc(Oc3ccccc3)c2)cc1
CHEMBL5595849,PPARgamma,,4.699,0,1,Inactive,censored,C/C=C(\C)C(=O)O[C@@H]1CC[C@](O)(CCl)[C@]2(COC(C)=O)[C@@H](OC(C)=O)C[C@@H](C)[C@](C)(C/C=C(/C=O)CC(=O)OC)[C@@H]12
CHEMBL3393181,PPARgamma,5.580,,1,0,,exact,O=C(O)Cc1cccc(NC(=O)c2ccccc2NC(=O)c2ccc(-c3ccccc3)cc2)c1
CHEMBL5438357,PPARgamma,6.180,,1,0,Active,exact,CCCCC1(CCOc2cc(CC(=O)O)ccc2Cl)CCN(c2nc3ccc(Cl)cc3s2)CC1
CHEMBL270960,PPARgamma,5.160,,1,0,,exact,Cc1ccc(-c2nc(CCCC[C@H]3CO[C@@](C)(C(=O)O)OC3)c(C)o2)cc1
CHEMBL2331771,PPARgamma,7.725,,2,0,Active,exact,O=S(=O)(Nc1cc(F)c(Oc2cncc(Cl)c2)c(Cl)c1)c1ccc(Cl)cc1Cl
CHEMBL1934468,PPARgamma,,4.886,0,1,Inactive,censored,Cc1nc(-c2ccc(Cl)cc2)sc1NC(=O)C1CCCN(c2cccc(C(=O)O)c2)C1
CHEMBL4166727,PPARgamma,4.910,,1,0,Inactive,exact,COC(=O)c1cccc(OCc2nc3ccc(Oc4ccccc4)nc3n2C)c1.Cl.Cl
CHEMBL3699437,PPARgamma,7.120,,1,0,Active,exact,CNC(=O)c1ccccc1-c1ccc(Cn2c(C)c(C)c3cc(C(=O)N[C@@H](C)c4cccc(C(C)C)c4)ccc32)cc1
CHEMBL2331781,PPARgamma,7.910,,2,0,Active,exact,CC(=O)c1cc(NS(=O)(=O)c2ccc(Cl)cc2Cl)ccc1Oc1cncc(Cl)c1
CHEMBL469941,PPARgamma,5.890,,1,0,,exact,COc1ccc(OS(=O)(=O)/C=C/c2ccccc2)cc1
CHEMBL3397710,PPARgamma,4.930,,1,0,Inactive,exact,CCCC/C(=C\c1cc(OCc2ccccc2)ccc1OCc1ccc(C(F)(F)F)cc1)C(=O)O
CHEMBL5273393,PPARgamma,7.815,,2,0,Active,exact,Cc1cc(-c2nnco2)ccc1NC(=O)c1cc(C(=O)NCc2ccc(F)c(F)c2)c(F)cc1Cl
CHEMBL449099,PPARgamma,5.360,,1,0,,exact,Cc1ccc(CC(Oc2ccc(Cl)cc2)C(=O)O)cc1
CHEMBL3398459,PPARgamma,6.925,,2,0,Active,exact,Cc1oc(-c2ccccc2)nc1CCOc1ccc(CC[C@@H]2CN(C(=O)Oc3ccccc3)C[C@@H]2C(=O)O)cc1
CHEMBL4098877,PPARgamma,5.190,,4,0,,exact,C[C@@H]1CN(c2cc(-c3n[nH]c4ccc(OC5(C)CC5)cc34)ncn2)C[C@H](C)O1
CHEMBL2037580,PPARgamma,,5.000,0,1,,censored,Cc1cc(SC(CCCCc2ccccc2)c2sc(-c3ccc(C(F)(F)F)cc3)nc2C)ccc1OCC(=O)O
CHEMBL512563,PPARgamma,4.890,,1,0,Inactive,exact,Cc1cccc(Nc2cc(Cl)nc(SC(C)(C)C(=O)O)n2)c1C
CHEMBL198266,PPARgamma,7.750,,1,0,Active,exact,CCOc1ccc2c(c1)c(Oc1cccc(C(F)(F)F)c1)c(C(=O)O)n2-c1ccc(C(C)(C)C)cc1
CHEMBL4175921,PPARgamma,7.620,,1,0,Active,exact,Cn1c(COc2cccc(C(=O)O)c2)nc2ccc(Oc3ncc(Cl)cc3F)cc21
CHEMBL392058,PPARgamma,7.750,,1,0,Active,exact,Cc1cc(Oc2cccc(CNC(=O)c3ccc(C(F)(F)F)cc3)c2)ccc1OC(C)(C)C(=O)O
CHEMBL4208928,PPARgamma,6.040,,1,0,Active,exact,CCOC(=O)C(C)(C)Oc1ccc(C(=O)c2cc3cc([N+](=O)[O-])ccc3oc2=O)cc1
CHEMBL341899,PPARgamma,6.430,,1,0,Active,exact,N#Cc1cccc(OCCOc2ccc(C[C@H](Nc3ccccc3C(=O)c3ccccc3)C(=O)O)cc2)c1
CHEMBL1819481,PPARgamma,5.960,,1,0,,exact,CCCCC(Cc1ccc(OCCC2CCCCC2)c(OCCC2CCCCC2)c1)C(=O)O
CHEMBL2022127,PPARgamma,7.230,,1,0,Active,exact,CCCCCS(=O)(=O)NC(=O)/C=C/c1ccc(OCCC(C)=O)cc1Oc1ncc(C(F)(F)F)cc1Cl
CHEMBL3398440,PPARgamma,5.315,,2,0,,exact,CCOC(=O)N1C[C@H](Cc2cccc(OCCc3nc(-c4ccccc4)oc3C)c2)[C@@H](C(=O)O)C1
CHEMBL33778,PPARgamma,4.770,,1,0,Inactive,exact,CCCCCCCCCCCCCCCc1cccc(O)c1C(=O)O
CHEMBL5439812,PPARgamma,5.210,,1,0,,exact,O[C@@H]1[C@H](O)[C@@H]2C[C@@H]2[C@H]1Cn1cnc2c(NCc3cccc(Br)c3)nc(Cl)nc21
CHEMBL373286,PPARgamma,5.840,,1,0,,exact,CCCc1c(OCCC(C)CCOc2cccc3c2ccn3CC(=O)O)ccc2c(C(F)(F)F)noc12
CHEMBL1214824,PPARgamma,6.400,,1,0,Active,exact,CCCc1nc2cc(Br)c(Br)cc2n1Cc1ccc(-c2ccccc2C(=O)O)cc1
CHEMBL118251,PPARgamma,6.190,,1,0,Active,exact,CCCc1cc(C2CCCCCC2)ccc1OCCCOc1cccc(C2OC(=O)NC2=O)c1
CHEMBL5182239,PPARgamma,5.310,,2,0,,exact,Cn1ccc(-c2onc(-c3c(Cl)cccc3C(F)(F)F)c2COc2ccc(C(=O)O)cc2)c1
CHEMBL2338477,PPARgamma,7.430,,2,0,Active,exact,O=S(=O)(Nc1cc(Cl)c(Oc2ccc3ncccc3c2)c(Cl)c1)c1ccc(Cl)cc1Cl
CHEMBL470574,PPARgamma,4.970,,1,0,Inactive,exact,CC(=O)Nc1ccc(OS(=O)(=O)/C=C/c2ccccc2)cc1
CHEMBL2312708,PPARgamma,6.160,,1,0,Active,exact,Cc1cc(O[C@@H](Cc2ccccc2)C(=O)O)ccc1-c1ccccc1
CHEMBL418874,PPARgamma,7.520,,1,0,Active,exact,CCCc1cc(-c2noc3ccccc23)ccc1OCCCOc1cccc(C2SC(=O)NC2=O)c1
CHEMBL3695895,PPARgamma,8.520,,1,0,Active,exact,Cc1c(C)n(Cc2ccc(-c3ccccc3)cc2)c2ccc(C(=O)N[C@@H](C)c3cccc(Cl)c3)cc12
CHEMBL1082137,PPARgamma,,5.000,0,1,,censored,COc1ccc(-c2nc(COc3ccc(OCC(=O)O)c(C)c3)sc2-c2ccc(-c3ccccc3)cc2)cc1
CHEMBL5613575,PPARgamma,5.340,,1,0,,exact,CCC(C)(Oc1ccc(-c2cccc3ccccc23)cc1)C(=O)O
CHEMBL427520,PPARgamma,,4.301,0,1,Inactive,censored,CCC(=O)c1ccc(OC(C(=O)O)c2ccccc2)cc1
CHEMBL50,PPARgamma,4.580,,1,0,Inactive,exact,O=c1c(O)c(-c2ccc(O)c(O)c2)oc2cc(O)cc(O)c12
CHEMBL241472,PPARgamma,7.220,,1,0,Active,exact,CCc1ccc(O[C@H](C)CCOc2ccc(CCC(=O)O)c(C)c2)c(-c2cccnc2)c1
CHEMBL3318039,PPARgamma,5.920,,1,0,,exact,CCCCCCC(Sc1nc(Cl)cc(Nc2ccc(C(=O)c3ccc(N)cc3)cc2)n1)C(=O)O
CHEMBL1254751,PPARgamma,5.535,,2,0,,exact,O[C@@H]1[C@H](O)CS[C@H]1Cn1cnc2c(NCc3cccc(I)c3)nc(Cl)nc21
CHEMBL4783088,PPARgamma,6.740,,1,0,Active,exact,CCOc1cc(Oc2ccc3nc(COc4cccc(C(=O)O)c4)n(C)c3c2)ccn1
CHEMBL401534,PPARgamma,6.180,,1,0,Active,exact,Cc1oc(-c2ccccc2)nc1CCOc1cccc(CC2=CN(C(=O)OCc3ccccc3)CCC2C(=O)O)c1
CHEMBL2322445,PPARgamma,6.160,,1,0,Active,exact,CCc1nc2ccn(Cc3ccccc3C#N)c(=O)c2n1[C@H]1CCc2cc(-c3ccccc3-c3nnn[nH]3)ccc21
CHEMBL178909,PPARgamma,5.350,,1,0,,exact,C[C@]1(C(=O)O)CCc2ccc(OCCCOc3ccc(C4CCC5(CC4)CC5)cc3Cl)cc2O1
CHEMBL115137,PPARgamma,5.350,,1,0,,exact,O=C(O)Cc1ccc2[nH]c(-c3ccccc3)cc2c1
CHEMBL474548,PPARgamma,5.430,,2,0,,exact,Cc1oc(-c2ccccc2)nc1CCOc1cccc(Cc2nnn(-c3ccccc3)c2C(=O)O)c1
CHEMBL5079563,PPARgamma,5.870,,1,0,,exact,CC(c1cccc(F)c1)n1ccc2cc(C(=O)NCc3ccc(CS(C)(=O)=O)cc3C(F)(F)F)ccc21
CHEMBL1935608,PPARgamma,7.520,,1,0,Active,exact,CC(C)(C)N.CC(C)=C/C=C/C(=O)N1Cc2cc(OCCc3nc(/C=C/CCC(C)C)oc3C)ccc2C[C@H]1C(=O)O
CHEMBL2042813,PPARgamma,7.190,,1,0,Active,exact,COc1cc(O)c2c(c1C(=O)NCc1c(C)ccc3ccc(F)cc13)OC1=CC(O)=C(C(C)=O)C(=O)[C@]12C
CHEMBL4164442,PPARgamma,6.860,,1,0,Active,exact,Cc1ccc(F)c(Oc2ccc3nc(COc4cccc(C(=O)O)c4)n(C)c3c2)c1
CHEMBL1934483,PPARgamma,,5.009,0,1,,censored,Cc1nc(-c2ccc(F)cc2)sc1C(=O)N[C@H]1CCCN(c2cccc(C(=O)O)c2)C1
CHEMBL231223,PPARgamma,,6.000,0,1,,censored,COCO[C@H](COc1ccc(C(F)(F)F)cc1)CSc1ccc(OCC(=O)O)c(C)c1
CHEMBL5593941,PPARgamma,5.840,,1,0,,exact,C[C@@H]1C[C@H](O)[C@@]2(COC(=O)c3ccc(F)cc3)C(=O)CCC[C@@H]2[C@@]1(C)CCC1=CC(=O)OC1
CHEMBL3398432,PPARgamma,5.135,,2,0,,exact,CCOC(=O)N1C[C@H](CC(=O)O)[C@@H](c2cccc(OCCc3nc(-c4ccccc4)oc3C)c2)C1
CHEMBL3596277,PPARgamma,,5.000,0,1,,censored,N#Cc1cccc(C(F)(F)F)c1C(=O)c1nc(-c2ccc(C(=O)O)cc2F)c2n1CCCC2
CHEMBL364748,PPARgamma,5.335,,4,0,,exact,O=C(O)[C@H](Cc1ccccc1)Oc1ccc(Cl)cc1
CHEMBL2037578,PPARgamma,,5.000,0,1,,censored,Cc1cc(SC(CCc2ccccc2)c2sc(-c3ccc(C(F)(F)F)cc3)nc2C)ccc1OCC(=O)O
CHEMBL189547,PPARgamma,6.080,,2,0,Active,exact,CCc1ccc(CCOc2ccc(CC3SC(=O)NC3=O)cc2)cc1
CHEMBL3736501,PPARgamma,7.015,,2,0,Active,exact,CCCC[C@H](NC(=O)c1ccc2c(c1)c(C)c(C)n2Cc1ccc(-c2ccccc2C(=O)O)cc1)c1cccc(C(C)C)c1
CHEMBL200908,PPARgamma,7.080,,1,0,Active,exact,CC[C@H](C(=O)O)[C@H]1CCc2cc(OCCc3nc(-c4ccc(C)cc4)oc3C)ccc21
CHEMBL1090877,PPARgamma,5.870,,1,0,,exact,Cc1ccc(OC(=O)N(CC(=O)O)Cc2cccc(OCc3nc(-c4ccc(C)cc4)oc3C)c2)cc1
CHEMBL1935495,PPARgamma,6.800,,1,0,Active,exact,C/C=C/C=C/C(=O)N1Cc2cc(OCCc3nc(/C=C/CC(C)C)oc3C)ccc2C[C@H]1C(=O)O.CC(C)(C)N
CHEMBL4792723,PPARgamma,5.890,,1,0,,exact,O=C(c1ccccc1)c1ccccc1N[C@@H](Cc1ccc(/N=N\c2ccccc2)cc1)C(=O)O
CHEMBL198269,PPARgamma,7.960,,1,0,Active,exact,CC(C)(C)c1ccc(-n2c(C(=O)O)c(Oc3cccc(C(F)(F)F)c3)c3cc(Oc4ccc[nH]4)ccc32)cc1
CHEMBL2322441,PPARgamma,5.770,,1,0,,exact,CCc1nc2ccn(CC(C)C)c(=O)c2n1[C@H]1CCc2cc(-c3ccccc3-c3nnn[nH]3)ccc21
CHEMBL5180168,PPARgamma,4.770,,2,0,Inactive,exact,O=C(O)c1ccc(OCc2c(-c3c(Cl)cccc3C(F)(F)F)noc2-c2cn[nH]c2)cc1
CHEMBL5207071,PPARgamma,5.470,,1,0,,exact,CC(C)(C)OC(=O)NC(CSCc1ccc(Cc2ccccc2)cc1)C(=O)O
CHEMBL3678091,PPARgamma,,6.000,0,1,,censored,O=C(NCC1COc2ccccc2O1)c1ccc2c(ccn2Cc2ccc(F)cc2F)c1
CHEMBL3596270,PPARgamma,6.120,,1,0,Active,exact,O=C(O)c1ccc(-c2nc(C(=O)c3c(Cl)cccc3C(F)(F)F)n3c2CCCC3)c(F)c1
CHEMBL3890301,PPARgamma,7.520,,1,0,Active,exact,O=C(OCc1ccc(CC(SCCc2ccc(F)cc2)C(=O)O)cc1)c1nc(-c2ccccc2)oc1C(F)(F)F
CHEMBL1079965,PPARgamma,,5.000,0,1,,censored,Cc1cc(OCc2nc(-c3ccc4c(c3)OCCO4)c(-c3ccc(OC(F)(F)F)cc3)s2)ccc1OCC(=O)O
CHEMBL401236,PPARgamma,7.300,,1,0,Active,exact,CCc1cc(Oc2cc(F)cc([C@@H](C)NC(=O)c3sc4ccc(Cl)cc4c3C)c2)ccc1CCC(=O)O
CHEMBL220708,PPARgamma,6.410,,1,0,Active,exact,Cc1oc(-c2ccccc2)nc1CCOc1ccc(CC2(C(=O)O)CCC2)cn1
CHEMBL3598148,PPARgamma,6.190,,1,0,Active,exact,O=C(O)c1ccc(-c2nc(C(=O)c3c(Cl)cccc3C(F)(F)F)n3ccccc23)cc1O
CHEMBL52426,PPARgamma,6.400,,2,0,Active,exact,CCCc1cc(Oc2ccc(Cl)cc2)ccc1OCCCOc1ccc(C2SC(=O)NC2=O)cc1
CHEMBL5431819,PPARgamma,6.060,,1,0,Active,exact,CCCC1(CCOc2cc(CC(=O)O)ccc2Cl)CCN(c2nc3ccc(Cl)cc3s2)CC1
CHEMBL1946757,PPARgamma,8.640,,1,0,Active,exact,COc1ccc2c(-n3c(=O)n(Cc4ccc(Cl)c(O[C@H](C)C(=O)O)c4)c4ccc(C(F)(F)F)cc43)noc2c1
CHEMBL1092559,PPARgamma,4.890,,1,0,Inactive,exact,COC1Oc2cc(O)c3c(c2C(=O)N1C(=O)NCc1ccco1)OC1=CC(O)=C(C(C)=O)C(=O)[C@]13C
CHEMBL2103824,PPARgamma,5.025,,2,1,,exact,CC(=O)NCCOC(=O)[C@H](Oc1cccc(C(F)(F)F)c1)c1ccc(Cl)cc1
CHEMBL254815,PPARgamma,6.890,,1,0,Active,exact,COC(=O)c1cc2c(c(O)c1C(C)OC(=O)CO)C(=O)c1c(O)cc3cc(C)c(Cl)c(OC)c3c1C2=O
CHEMBL1760421,PPARgamma,5.400,,1,0,,exact,CCCCN(c1cccc(-c2cccc(Cl)c2)c1C)S(=O)(=O)c1ccc(OC(C)C(=O)O)c(C)c1C
CHEMBL221641,PPARgamma,7.030,,1,0,Active,exact,Cc1oc(-c2ccc(C(F)(F)F)cc2)nc1CCOc1ccc(CC2(C(=O)O)CCCO2)cn1
CHEMBL222107,PPARgamma,6.440,,1,0,Active,exact,Cc1oc(-c2ccccc2)nc1CCOc1ccc(CC(CC(C)C)C(=O)O)cn1
CHEMBL3355866,PPARgamma,6.740,,1,0,Active,exact,C/C(=C\C(=O)c1ccccc1)NC(Cc1ccc(OCCOc2ccc(/N=N/c3ccccc3)cc2)cc1)C(=O)O
CHEMBL328455,PPARgamma,6.520,,2,0,Active,exact,CCO[C@@H](Cc1ccc(OCC=C(c2ccc(-c3ccccc3)cc2)c2ccc(-c3ccccc3)cc2)cc1)C(=O)O
CHEMBL221438,PPARgamma,7.700,,1,0,Active,exact,COc1cccc(-c2nc(CCOc3ccc(CC4(C(=O)O)CCCO4)nc3)c(C)o2)c1
CHEMBL471828,PPARgamma,6.150,,1,0,Active,exact,O=S(=O)(/C=C/c1ccccc1)Oc1ccc(OCc2ccccc2)cc1
CHEMBL429671,PPARgamma,,4.824,0,1,Inactive,censored,COc1ccc(OC(=O)N(CC(=O)O)Cc2ccc(OCCc3nc(-c4ccccc4)oc3CO)cc2)cc1
CHEMBL4544366,PPARgamma,8.645,,2,0,Active,exact,C/C(=C1/c2ccc(Cc3c(C4CC4)nc4cc(Cl)ccn34)cc2COc2cc(F)ccc21)c1noc(=O)[nH]1
CHEMBL4292189,PPARgamma,5.700,,1,0,,exact,Cc1ccccc1OCCCOc1ccc2c(c1)OCC2CC(=O)O
CHEMBL1760268,PPARgamma,5.600,,1,0,,exact,CCCCN(c1cccc(-c2ccc(Cl)cc2)c1C)S(=O)(=O)c1ccc(OCC(=O)O)c(C)c1C
CHEMBL118753,PPARgamma,7.070,,1,0,Active,exact,CCCc1cc(OC2CCCCCC2)ccc1OCCCOc1cccc(C2SC(=O)NC2=O)c1
CHEMBL3393187,PPARgamma,4.750,,1,0,Inactive,exact,O=C(O)Cc1cccc(NC(=O)c2ccccc2NC(=O)c2ccc3ccccc3c2)c1
CHEMBL3735924,PPARgamma,8.300,,3,0,Active,exact,Cc1c(C)n(Cc2ccc(-c3ccccc3C(=O)O)cc2)c2ccc(C(=O)N[C@@H](C)c3ccc(C(C)(C)C)cc3)cc12
CHEMBL6132829,PPARgamma,,4.301,0,2,Inactive,censored,COC(=O)c1ccc2c(c1)[Se]N=S2(C)=O
CHEMBL218339,PPARgamma,,5.000,0,1,,censored,COc1ccc(CC(=O)O)cc1-c1noc(-c2ccccc2)c1C(=O)NCCOc1ccc(Cl)cc1Cl
CHEMBL3947015,PPARgamma,5.220,,1,0,,exact,COC(=O)C(Cc1ccccc1)OC(=O)Cc1cccc(SCc2ccccc2C(=O)O)c1
CHEMBL398677,PPARgamma,7.320,,1,0,Active,exact,CCOC(Cc1ccc(OCCN2CCC(C)(C)c3cc(/C(=N\OC)c4ccccc4)ccc32)cc1)C(=O)O
CHEMBL3695824,PPARgamma,7.770,,1,0,Active,exact,Cc1c(C)n(Cc2ccc(-c3ccccc3C(=O)O)cc2)c2ccc(C(=O)NCC3COc4ccccc4C3)cc12
CHEMBL1760399,PPARgamma,5.400,,1,0,,exact,CCCCN(c1cccc(-c2ccc(Cl)cc2)c1C)S(=O)(=O)c1ccc(OC(C)C(=O)O)c(Cl)c1Cl
CHEMBL469937,PPARgamma,5.860,,1,0,,exact,CCCc1ccc(CC(Oc2ccc(Cl)cc2)C(=O)O)cc1
CHEMBL3763491,PPARgamma,4.870,,1,0,Inactive,exact,CCC(Cc1ccc(C(=O)NCc2ccccc2)cc1)C(=O)O
CHEMBL3894017,PPARgamma,5.600,,1,0,,exact,O=C(Cc1cccc(SCc2ccccc2C(=O)O)c1)OCc1ccc(C(F)(F)F)cc1
CHEMBL4280830,PPARgamma,4.930,,1,0,Inactive,exact,O=C1NC(=O)C(Cc2ccc(OCC(=O)c3ccccc3)cc2)S1
CHEMBL3827940,PPARgamma,5.070,,1,0,,exact,COC(=O)N(CC(=O)O)Cc1cc(OCc2nc(-c3ccccc3)oc2C)ccc1F
CHEMBL118617,PPARgamma,6.050,,1,0,Active,exact,O=C(Nc1ccc(-c2ccsc2)cc1C(=O)[O-])c1ccc(Cl)cc1Cl.[Li+]
CHEMBL400024,PPARgamma,5.820,,1,0,,exact,CCc1ccc(O[C@H](C)CCOc2ccc(CCC(=O)O)c(C)c2)c(-c2nccs2)c1
CHEMBL4101596,PPARgamma,7.150,,1,0,Active,exact,O=C(O)CCCc1cc2cc(Cl)ccc2n1S(=O)(=O)c1ccc2c(c1)OCO2
CHEMBL2103991,PPARgamma,5.870,,1,0,,exact,Cn1c(COc2ccc(CC3SC(=O)NC3=O)cc2)nc2ccccc2c1=O
CHEMBL1089825,PPARgamma,4.970,,1,0,Inactive,exact,O=C(O)C(Sc1nc(Cl)cc(NCCc2ccccc2)n1)c1cccc2ccccc12
CHEMBL5268424,PPARgamma,5.720,,1,0,,exact,CC[C@H]1CN(Cc2cc(C)cc(CC(=O)O)c2)CCN1c1nc2ccc(C(F)(F)F)cc2s1
CHEMBL595,PPARgamma,6.165,,62,0,Active,exact,CCc1ccc(CCOc2ccc(CC3SC(=O)NC3=O)cc2)nc1
CHEMBL343210,PPARgamma,9.050,,1,0,Active,exact,Cc1cc(-c2nc(CCOc3ccc(C[C@H](Nc4ccccc4C(=O)c4ccccc4)C(=O)O)cc3)c(C)s2)no1
CHEMBL1934476,PPARgamma,5.100,,2,0,,exact,Cc1nc(-c2ccc(Cl)cc2)sc1C(=O)N[C@H]1CCCN(c2cccc(C(=O)O)c2)C1
CHEMBL202087,PPARgamma,6.460,,1,0,Active,exact,CCC(C(=O)O)C1CCc2cc(OCCc3nc(-c4ccccc4)oc3C(C)C)ccc21
CHEMBL5090087,PPARgamma,6.090,,1,0,Active,exact,O=C(NCc1ccc(CS(=O)(=O)C2CC2)cc1C(F)(F)F)c1ccc2c(ccn2CC(C(F)(F)F)C(F)(F)F)c1
CHEMBL221649,PPARgamma,7.770,,1,0,Active,exact,COc1ccc(-c2nc(CCOc3ccc(CC4(C(=O)O)CCCO4)cn3)c(C)o2)cc1
CHEMBL4763760,PPARgamma,7.500,,1,0,Active,exact,CCCOc1cc(Oc2ccc(C)nc2C)cc2c1nc(COc1cccc(C(=O)O)c1)n2C
CHEMBL331798,PPARgamma,6.830,,1,0,Active,exact,O=C(O)Cc1ccc2[nH]c(-c3ccccc3)c(CCc3ccccc3)c2c1
CHEMBL1080534,PPARgamma,,5.000,0,1,,censored,COc1ccc(-c2nc(CSc3ccc(OCC(=O)O)c(C)c3)oc2-c2ccc(OC)cc2)cc1
CHEMBL459721,PPARgamma,5.460,,1,0,,exact,CCCCCCC(Sc1nc(Cl)cc(Nc2ccc3ncccc3c2)n1)C(=O)O
CHEMBL4089408,PPARgamma,6.010,,1,0,Active,exact,CCCCNC(=O)NS(=O)(=O)c1ccc(NC(=O)Cn2c(C)nc3ccccc3c2=O)cc1
CHEMBL146301,PPARgamma,9.010,,1,0,Active,exact,Cc1sc(N2CCN(C(=O)OC(C)(C)C)CC2)nc1CCOc1ccc(C[C@H](Nc2ccccc2C(=O)c2ccccc2)C(=O)O)cc1
CHEMBL190968,PPARgamma,5.360,,1,0,,exact,CCC1(C(=O)O)Cc2cc(OCCCOc3ccc(C(C)(C)C)cc3Cl)ccc2O1
CHEMBL523306,PPARgamma,4.890,,1,0,Inactive,exact,COC(=O)c1ccc(NC(=O)C[C@H]2C(=O)N(c3cccc(OC)c3)C(=O)N2Cc2ccc(OC)cc2)cc1
CHEMBL1093405,PPARgamma,6.060,,1,0,Active,exact,O=C(O)CCN1C(=O)/C(=C\c2ccc(Cl)cc2Cl)SC1=S
CHEMBL1946572,PPARgamma,7.950,,1,0,Active,exact,Cc1ccc2onc(-n3c(=O)n(Cc4ccc(Cl)c(O[C@H](C)C(=O)O)c4)c4cc(C(F)(F)F)ccc43)c2c1
CHEMBL3397709,PPARgamma,6.140,,1,0,Active,exact,CCCC/C(=C\c1cc(Oc2ccccc2)ccc1OCc1ccc(C(F)(F)F)cc1)C(=O)O
CHEMBL2337794,PPARgamma,5.330,,2,0,,exact,CC1=C(CC(=O)O)c2cc(F)ccc2/C1=C\c1ccccc1
CHEMBL488991,PPARgamma,5.530,,1,0,,exact,CCO[C@@H](Cc1cccc(/C(C)=N/OCc2ccc(O)cc2)c1)C(=O)O
CHEMBL360420,PPARgamma,5.270,,1,0,,exact,CCC[C@@H](OCc1ccc(-c2ccc(Cl)cc2)cc1)C(=O)O
CHEMBL66206,PPARgamma,5.590,,3,0,,exact,Cc1oc(-c2ccccc2)nc1CCOc1ccc(OC(C)(C)C(=O)O)cc1
CHEMBL3699426,PPARgamma,7.570,,1,0,Active,exact,Cc1c(C)n(Cc2ccc(-c3ccccc3C(=O)O)cc2)c2ccc(C(=O)N[C@@H](C)c3cccc(C(F)(F)F)c3F)cc12
CHEMBL2237303,PPARgamma,7.500,,1,0,Active,exact,CC(C)O[C@@H](Cc1ccc(OCc2noc(-c3cc(C(F)(F)F)cc(C(F)(F)F)c3)n2)cc1)C(=O)O
CHEMBL4776412,PPARgamma,6.500,,1,0,Active,exact,COc1ncc(Oc2ccc3nc(COc4cccc(C(=O)O)c4)n(C)c3c2)cc1C
CHEMBL512867,PPARgamma,,6.000,0,1,,censored,C=C(COc1ccc(C(F)(F)F)cc1)CSc1ccc(OCC(=O)O)c(OC)c1
CHEMBL374323,PPARgamma,5.060,,1,0,,exact,Cc1oc(-c2ccccc2)nc1CCOc1ccc(CC(C(=O)O)C(C)C)cn1
CHEMBL376460,PPARgamma,7.940,,2,0,Active,exact,CCCOC(=O)N1CCc2c(OCCc3nc(-c4ccccc4)oc3C)ccc(CCC(=O)O)c2C1
CHEMBL4159720,PPARgamma,5.950,,1,0,,exact,Cn1c(COc2cccc(C(=O)O)c2)nc2ccc(Oc3ccccn3)cc21
CHEMBL371041,PPARgamma,7.800,,1,0,Active,exact,CCC(C(=O)O)C1CCc2cc(OCCc3nc(-c4ccc5ccccc5c4)oc3C)ccc21
CHEMBL1956366,PPARgamma,5.240,,1,0,,exact,O=C(O)C(Cc1ccccc1)Oc1ccc(Cl)c(C(F)(F)F)c1
CHEMBL3397718,PPARgamma,5.590,,1,0,,exact,CCCC/C(=C\c1cc(OCc2cccnc2)ccc1OCc1ccc(C(F)(F)F)cc1)C(=O)O
CHEMBL214272,PPARgamma,6.420,,1,0,Active,exact,CCOC(Cc1ccc2c(ccn2Cc2nc(-c3ccc(F)cc3)oc2C)c1)C(=O)O
CHEMBL4795671,PPARgamma,6.325,,2,0,Active,exact,CCCCCCOc1ccc(C(=O)N[C@H](C(=O)NO)C(C)C)cc1
CHEMBL1643194,PPARgamma,,4.523,0,1,Inactive,censored,Cc1cc(CN2Cc3ccccc3C2C(=O)Nc2ccc(Cl)cc2Cl)ccc1OCC(=O)O
CHEMBL191149,PPARgamma,6.680,,1,0,Active,exact,CCCc1cc2c(=O)n(C)oc2c(CCC)c1O[C@H](C(=O)O)c1ccc(C(C)C)cc1
CHEMBL111271,PPARgamma,6.020,,2,0,Active,exact,CCCc1cc(Oc2ccc(F)cc2)ccc1OCCCOc1ccc2c(c1)OC(CC)(C(=O)O)CC2
CHEMBL2113104,PPARgamma,5.420,,1,0,,exact,CCCCCOc1ccccc1C(O)C/C=C\CCCC(=O)OC
CHEMBL4172725,PPARgamma,6.910,,1,0,Active,exact,Cn1c(COc2cccc(C(=O)O)c2)nc2ccc(Oc3ccc(F)cc3)cc21
CHEMBL2312718,PPARgamma,5.850,,1,0,,exact,O=C(O)[C@H](Cc1ccccc1)Oc1ccc(-c2ccccc2-c2ccccc2)cc1
CHEMBL5639634,PPARgamma,5.810,,1,0,,exact,Cc1ccc(CN2C(=O)S/C(=C\c3ccc(Nc4ccc([N+](=O)[O-])cc4)s3)C2=O)cc1
CHEMBL5093897,PPARgamma,6.040,,1,0,Active,exact,CC(C)(Oc1ccc(CCOc2ccc(/N=N\c3ccccc3)cc2Cl)cc1)C(=O)O
CHEMBL1934481,PPARgamma,,5.284,0,1,,censored,Cc1nc(-c2cccc(Cl)c2)sc1C(=O)N[C@H]1CCCN(c2cccc(C(=O)O)c2)C1
CHEMBL1934471,PPARgamma,,5.013,0,1,,censored,Cc1nc(-c2ccc(Cl)cc2)sc1COC1CCCN(c2cccc(C(=O)O)c2)C1
CHEMBL241298,PPARgamma,6.010,,1,0,Active,exact,CCc1ccc(O[C@H](C)CCOc2ccc(CCC(=O)O)c(C)c2)c(-c2cocn2)c1
CHEMBL3695907,PPARgamma,7.000,,1,0,Active,exact,CC[C@H](NC(=O)c1ccc2c(ccn2Cc2ccccc2-c2ccc(C(=O)O)cc2)c1)c1ccccc1
CHEMBL258428,PPARgamma,5.120,,1,0,,exact,Cc1oc(-c2ccccc2)nc1CCOc1cccc(C2CN(C(=O)OCC(C)C)CCC2C(=O)O)c1
CHEMBL3960906,PPARgamma,5.105,,2,0,,exact,O=C(CN1c2ccccc2Sc2ccccc21)NNC(=S)NCc1ccccc1
CHEMBL5613053,PPARgamma,5.370,,1,0,,exact,CC[C@@](C)(Oc1ccc(-c2cccc3ccccc23)cc1)C(=O)O.NC1CCCCC1
CHEMBL4164824,PPARgamma,6.700,,1,0,Active,exact,Cn1c(COc2cccc(C(=O)O)c2)nc2ccc(Oc3cccc(F)c3)cc21
CHEMBL1956349,PPARgamma,5.460,,1,0,,exact,O=C(O)C(Cc1cccc(F)c1)Oc1ccc(Cl)cc1
CHEMBL1163285,PPARgamma,5.400,,1,0,,exact,O=C1S/C(=C\c2ccc(Cl)cc2Cl)C(=O)N1Cc1c(F)cccc1Cl
CHEMBL3695777,PPARgamma,7.800,,1,0,Active,exact,COc1ccc(CNC(=O)c2ccc3c(c2)c(C)c(C)n3Cc2ccc(-c3ccccc3C(=O)O)cc2)c(OC)c1
CHEMBL4237675,PPARgamma,,5.000,0,1,,censored,Cc1cc(SC(Cc2c(F)cccc2C(F)(F)F)c2ccc(-c3ccc(F)cc3)cc2)ccc1OCC(=O)O
CHEMBL373685,PPARgamma,8.000,,2,0,Active,exact,Cc1oc(-c2ccc(Oc3ccccc3)cc2)nc1CCOc1ccc(CCC(=O)O)c(CNC(=O)OC(C)C)c1
CHEMBL4240310,PPARgamma,,5.000,0,1,,censored,Cc1cc(SC(Cc2cc(F)c(F)c(F)c2)c2ccc(-c3ccc(F)cc3)cc2)ccc1OCC(=O)O
CHEMBL229786,PPARgamma,5.440,,1,0,,exact,CCCC(Cc1ccc(OC)c(CNC(=O)c2ccc(C(F)(F)F)cc2)c1)C(=O)O
CHEMBL312717,PPARgamma,8.150,,1,0,Active,exact,Cc1oc(-c2ccc(-c3ccccc3)cc2)nc1CCOc1ccc(CC(C)(Oc2ccccc2)C(=O)O)cc1
CHEMBL5281842,PPARgamma,7.410,,2,0,Active,exact,Cc1cccc(-c2nc3cc(NC(=O)c4cc(C(=O)NCc5ccc(F)c(F)c5)c(F)cc4Cl)ccc3o2)c1
CHEMBL3695800,PPARgamma,,6.000,0,1,,censored,Cc1ccc(-c2ccc(Cn3ccc4cc(C(=O)N[C@@H](C)c5ccc([N+](=O)[O-])cc5)ccc43)cc2)cc1
CHEMBL5273751,PPARgamma,5.445,,2,0,,exact,O=C(NCc1ccc(F)c(F)c1)c1ccc(Cl)c(C(=O)Nc2ccccc2)c1
CHEMBL4792982,PPARgamma,5.190,,1,0,,exact,O=C1NC(=O)C(Cc2ccc(/N=N\c3ccc(C(F)(F)F)cc3)cc2)S1
CHEMBL5085675,PPARgamma,5.680,,1,0,,exact,CC(C)c1ccc(/N=N/c2ccc(OCCc3ccc(OC(C)(C)C(=O)O)cc3)cc2)cc1
CHEMBL435523,PPARgamma,8.365,,2,0,Active,exact,CCCc1c(OCCCCOc2cccc(CC(=O)O)c2)ccc2c(-c3ccccc3)noc12
CHEMBL2159605,PPARgamma,,4.301,0,1,Inactive,censored,O=C(CCCCc1ccc(O[C@@H]2O[C@H](CO)[C@@H](O)[C@H](O)[C@H]2O)c(O)c1)CCc1ccc(O[C@@H]2O[C@H](CO)[C@@H](O)[C@H](O)[C@H]2O)c(O)c1
CHEMBL2042812,PPARgamma,7.570,,1,0,Active,exact,COc1cc(O)c2c(c1C(=O)NCc1c(C)ccc3cc(F)ccc13)OC1=CC(O)=C(C(C)=O)C(=O)[C@]12C
CHEMBL447538,PPARgamma,7.100,,1,0,Active,exact,O=C(NS(=O)(=O)c1ccc(Cl)s1)c1cc2ccccc2n1Cc1cccc(C(F)(F)F)c1
CHEMBL444373,PPARgamma,,4.824,0,1,Inactive,censored,COc1ccc(OC(=O)N(CC(=O)O)Cc2ccc(O)cc2)cc1
CHEMBL1081730,PPARgamma,,5.000,0,1,,censored,Cc1cc(OCc2nc(-c3ccc(C(F)(F)F)cc3)c(-c3ccc(OC(F)(F)F)cc3)s2)ccc1OCC(=O)O
CHEMBL248906,PPARgamma,6.295,,4,0,Active,exact,CCCCCCCN(CCc1ccc(O[C@@](C)(CC)C(=O)O)cc1)C(=O)Nc1ccc(F)cc1F
CHEMBL606425,PPARgamma,6.490,,1,0,Active,exact,CCC(NC(=O)c1ccc2cc(C)n(Cc3ccc(-c4ccccc4C(=O)O)cc3)c2c1)c1ccccc1
CHEMBL3699366,PPARgamma,8.000,,1,0,Active,exact,Cc1c(C)n(Cc2ccc(-c3ccccc3C(=O)O)cc2)c2ccc(C(=O)N[C@@H](C)c3ccc(Cl)c(Cl)c3)cc12
CHEMBL4176941,PPARgamma,7.000,,1,0,Active,exact,Cc1cc(F)cnc1Oc1ccc2nc(COc3cccc(C(=O)O)c3)n(C)c2c1
CHEMBL556643,PPARgamma,7.740,,1,0,Active,exact,CCO[C@@H](Cc1ccc(OCCN2CCC(C)(C)c3cc(/C(=N/OCc4ccccc4)c4ccccc4)ccc32)cc1)C(=O)O
CHEMBL492046,PPARgamma,4.590,,1,0,Inactive,exact,CCO[C@H](Cc1cccc(C2=NOC(c3ccccc3)C2)c1)C(=O)O
CHEMBL3764795,PPARgamma,5.520,,1,0,,exact,CC(Cc1ccc(C(=O)NCc2ccccc2C(F)(F)F)cc1)C(=O)O
CHEMBL5089975,PPARgamma,5.480,,1,0,,exact,O=C(NCc1ccccc1C(F)(F)F)c1ccc2c(c1)[nH]c(=O)n2Cc1ccccc1Cl
CHEMBL309490,PPARgamma,5.250,,1,0,,exact,O=c1c(O)c(-c2ccccc2)oc2cc(O)cc(O)c12
CHEMBL333890,PPARgamma,6.220,,1,0,Active,exact,O=C(Nc1ccc(OCCc2ccsc2)cc1C(=O)[O-])c1ccc(Cl)cc1Cl.[Li+]
CHEMBL222880,PPARgamma,,5.000,0,1,,censored,O=C(O)COc1ccc(SCC=C(c2ccc(Br)cc2)c2ccc(Br)cc2)cc1Cl
CHEMBL254814,PPARgamma,6.800,,1,0,Active,exact,COC(=O)c1cc2c(c(O)c1C(C)OC(C)=O)C(=O)c1c(O)cc3cc(C)c(Cl)c(OC)c3c1C2=O
CHEMBL4288124,PPARgamma,5.780,,1,0,,exact,O=C(O)CC1COc2cc(OCCCOc3cccc(Br)c3)ccc21
CHEMBL6145119,PPARgamma,,4.301,0,2,Inactive,censored,O=S1(CCl)=N[Se]c2ccccc21
CHEMBL2178596,PPARgamma,5.300,,1,0,,exact,CCC1=C[C@@](CC)(C[C@H](/C=C/C(C)=O)CC)O/C1=C\C(=O)OC
CHEMBL1760412,PPARgamma,5.100,,1,0,,exact,CCCCN(c1cccc(-c2ccc(Cl)cc2)c1OC)S(=O)(=O)c1ccc(OC(C)C(=O)O)c(C)c1C
CHEMBL5078096,PPARgamma,6.110,,1,0,Active,exact,CC(C)(Oc1ccc(CCOc2ccc(/N=N\c3ccccc3)cc2C(F)(F)F)cc1)C(=O)O
CHEMBL172492,PPARgamma,7.890,,1,0,Active,exact,CCCc1c(OCCCCOc2ccc(/C=C/C(=O)O)cc2)ccc2c(-c3ccccc3)noc12
CHEMBL5283731,PPARgamma,4.690,,2,0,Inactive,exact,CCC/C=C1/C(=O)O[C@@H](C)[C@@H]1O
CHEMBL3919950,PPARgamma,5.090,,1,0,,exact,O=C(Cc1ccc(SCc2ccccc2C(=O)O)cc1)OCCc1ccccc1C(F)(F)F
CHEMBL2375948,PPARgamma,6.500,,1,0,Active,exact,O=C(O)[C@H](CCCc1ccc(Cl)cc1)Oc1ccc(Cl)cc1
CHEMBL4521388,PPARgamma,5.780,,1,0,,exact,CCCCc1nc(C)c(CC(=O)OC(C)C)c(=O)n1Cc1ccc(-c2ccccc2-c2noc(=O)[nH]2)cc1
CHEMBL6167224,PPARgamma,5.890,,1,0,,exact,CCc1ccc(N2CCN(Cc3cc(C)c(OC(C)(C)C(=O)O)c(C)c3)C2=O)cc1
CHEMBL2022134,PPARgamma,8.350,,1,0,Active,exact,CCCCCS(=O)(=O)NC(=O)OCCCc1ccc(OCCOC)cc1Oc1ncc(C(F)(F)F)cc1Cl
CHEMBL5205628,PPARgamma,5.410,,2,0,,exact,Cc1cc(-c2onc(-c3c(Cl)cccc3C(F)(F)F)c2COc2ccc(C(=O)O)cc2)c[nH]1
CHEMBL197684,PPARgamma,,5.000,0,1,,censored,CCCCCOc1nc2ccccc2cc1C(O)CC#CCCCC(=O)OC
CHEMBL363805,PPARgamma,8.260,,2,0,Active,exact,Cc1c(Oc2cc(O[C@@H](C)C(=O)O)ccc2Cl)c2cc(OC(F)(F)F)ccc2n1-c1noc2cc(Cl)ccc12
CHEMBL1783064,PPARgamma,5.730,,1,0,,exact,CC(C)C1=CC(C)(C)Oc2cc(OCCCOc3ccc(CC(C)(C)C(=O)O)cc3)c(Cl)cc21
CHEMBL3695776,PPARgamma,9.050,,3,0,Active,exact,COc1ccc([C@H](C)NC(=O)c2ccc3c(c2)c(C)c(C)n3Cc2ccc(-c3ccccc3C(=O)O)cc2)cc1
CHEMBL2315528,PPARgamma,,5.000,0,1,,censored,N#CCc1ccccc1C#Cc1ccc(CCC(=O)O)cc1
CHEMBL188095,PPARgamma,6.660,,1,0,Active,exact,CCCc1cc2c(oc(=O)n2CC)c(CCC)c1O[C@H](C(=O)O)c1ccc(Cl)cc1
CHEMBL4749785,PPARgamma,5.230,,1,0,,exact,Cc1cc(Oc2ccc3nc(COc4cccc(C(=O)O)c4)n(C)c3c2)ccn1
CHEMBL4278109,PPARgamma,8.550,,2,0,Active,exact,CCCc1nc2c(C)cccc2n1Cc1ccc2c(c1)COc1ccccc1/C2=C(\C)c1noc(=O)[nH]1
CHEMBL4241411,PPARgamma,,5.000,0,1,,censored,Cc1cc(SC(Cc2ccccc2)c2ccc(-c3ccc(F)cc3)cc2)ccc1OCC(=O)O
CHEMBL1760270,PPARgamma,5.500,,1,0,,exact,CCCCN(c1cccc(-c2ccc(Cl)cc2)c1C)S(=O)(=O)c1ccc(OC(CCC)C(=O)O)c(C)c1C
CHEMBL4217589,PPARgamma,4.250,,1,0,Inactive,exact,CC(C)(Oc1ccc(C(=O)c2cc3c(ccc4ccccc43)oc2=O)cc1)C(=O)O
CHEMBL3699351,PPARgamma,8.300,,1,0,Active,exact,COc1ccc(F)cc1[C@@H](C)NC(=O)c1ccc2c(c1)c(C)c(C)n2Cc1ccc(-c2ccccc2C(=O)O)cc1
CHEMBL393373,PPARgamma,,5.000,0,1,,censored,O=C(O)Cn1ccc2cc(OCc3ccc(Oc4ccc(C(F)(F)F)cc4)cc3)ccc21
CHEMBL482477,PPARgamma,5.700,,1,0,,exact,CCCCC/C=C/C=C1/C(=O)C=C[C@@H]1C/C=C\CCCC(=O)O
CHEMBL5413215,PPARgamma,5.390,,1,0,,exact,Cc1cc(CN2C(=O)CN(c3ccc(C#N)cc3)C2=O)cc(C)c1OC(C)(C)C(=O)O
CHEMBL3707395,PPARgamma,5.700,,6,0,,exact,CSc1ccc(C(=O)/C=C/c2cc(C)c(OC(C)(C)C(=O)O)c(C)c2)cc1
CHEMBL6173284,PPARgamma,8.000,,1,0,Active,exact,CSc1cnc(C#N)cc1-c1cc(=O)c2c(F)cc(F)cc2[nH]1
CHEMBL3763432,PPARgamma,5.380,,1,0,,exact,CCOC(=O)C(CC)Cc1ccc(C(=O)NCc2ccc(C(F)(F)F)cc2)cc1
CHEMBL1651239,PPARgamma,8.440,,3,0,Active,exact,CCCOc1ccc(C[C@@H](Cc2ccccc2)C(=O)O)cc1CNC(=O)c1ccc(C23CC4CC(CC(C4)C2)C3)cc1
CHEMBL5200206,PPARgamma,4.895,,2,0,Inactive,exact,O=C(O)c1ccc(/C=C/c2c(-c3c(Cl)cccc3C(F)(F)F)noc2-c2cc[nH]c2)cc1
CHEMBL172959,PPARgamma,6.820,,1,0,Active,exact,CCCc1c(OCCCOc2ccc(/C=C/C(=O)O)cc2)ccc2c(-c3ccccc3)noc12
CHEMBL3397563,PPARgamma,6.170,,1,0,Active,exact,CCCO/N=C(/c1ccccc1)c1ccc(OC(Cc2ccccc2)C(=O)O)cc1
CHEMBL4288064,PPARgamma,5.070,,1,0,,exact,CCc1ccc(C(=O)COc2ccc(CC3SC(=O)NC3=O)cc2)cc1
CHEMBL372107,PPARgamma,7.310,,1,0,Active,exact,CCOc1cccc(Oc2c(C(=O)O)n(-c3ccc(C(C)(C)C)cc3)c3ccccc23)c1
CHEMBL3699420,PPARgamma,6.090,,1,0,Active,exact,Cc1c(C)n(Cc2ccc(-c3ccccc3C#N)cc2)c2ccc(C(=O)N[C@@H](C)c3ccc(OC(C)C)cc3)cc12
CHEMBL4093864,PPARgamma,6.560,,1,0,Active,exact,Cc1ccc(S(=O)(=O)n2c(CCCC(=O)O)cc3cc(Cl)ccc32)cc1
CHEMBL4163237,PPARgamma,7.070,,1,0,Active,exact,Cl.Cn1c(COc2cccc(C(=O)O)c2)nc2ccc(Oc3cccc(Cl)c3)cc21
CHEMBL1079668,PPARgamma,,5.000,0,1,,censored,COc1ccc(-c2nc(COc3ccc(OCC(=O)O)c(C)c3)sc2-c2ccc(OC)c(Cl)c2)cc1
CHEMBL1091866,PPARgamma,5.110,,1,0,,exact,Cc1ccc(Nc2cc(Cl)nc(SC(C(=O)O)c3cccc4ccccc34)n2)cc1C
CHEMBL391478,PPARgamma,5.040,,1,0,,exact,Cc1cc(SCc2ccc(OCc3ccc(C(F)(F)F)cc3)cc2)c(Cl)cc1OCC(=O)O
CHEMBL476896,PPARgamma,5.660,,1,0,,exact,Cc1oc(-c2ccccc2)nc1CC#Cc1ccc(CC(C(=O)O)c2ccc(-c3ccccc3)cc2)cc1
CHEMBL3695861,PPARgamma,7.190,,1,0,Active,exact,Cc1c(C)n(Cc2ccc(-c3ccccc3)cc2)c2ccc(C(=O)N[C@@H](C)c3cccc(C(C)(C)C)c3)cc12
CHEMBL3695915,PPARgamma,7.770,,1,0,Active,exact,COc1ccc([C@H](C)NC(=O)c2ccc3c(c2)c(C)c(C)n3Cc2ccc(-c3ccccc3C(=O)O)cc2)cc1Cl
CHEMBL554562,PPARgamma,7.480,,1,0,Active,exact,CO/N=C(\c1ccccc1)c1ccc2c(c1)C(C)(C)CCN2CCOc1ccc(C[C@H](OCC(F)(F)F)C(=O)O)cc1
CHEMBL4753247,PPARgamma,7.240,,1,0,Active,exact,COc1cc(Oc2cc(C)c3nc(COc4cccc(C(=O)O)c4)n(C)c3c2)ccn1
CHEMBL484329,PPARgamma,5.800,,1,0,,exact,CO[C@H](Cc1ccc(OCCc2nc(-c3ccccc3)oc2C)c2ccccc12)C(=O)O
CHEMBL221489,PPARgamma,7.370,,1,0,Active,exact,Cc1cccc(-c2nc(CCOc3ccc(CC4(C(=O)O)CCCO4)nc3)c(C)o2)c1
CHEMBL394849,PPARgamma,6.120,,1,0,Active,exact,CC1=C(C(=O)O)C(c2ccc(OCCCOc3cc(C)nc4ccccc34)cc2)NC(=O)N1
CHEMBL4592935,PPARgamma,4.990,,1,0,Inactive,exact,CCCCc1nc(C(C)C)c(CC(=O)O)c(=O)n1Cc1ccc(-c2ccccc2-c2noc(=O)[nH]2)cc1
CHEMBL491750,PPARgamma,6.860,,2,0,Active,exact,Cc1oc(-c2ccccc2)nc1CCOc1cccc(-c2nn(-c3ccccc3)nc2CC(=O)O)c1
CHEMBL3754461,PPARgamma,4.110,,1,0,Inactive,exact,O=C1NC(=O)C(=Cc2ccc(N(CCOCc3ccccc3)CCOCc3ccccc3)cc2)C(=O)N1
CHEMBL266742,PPARgamma,6.720,,3,1,Active,exact,Cc1oc(-c2ccccc2)nc1CCOc1ccc(C[C@@H](CNC(=O)COc2cccc(N)c2)Nc2ccccc2C(=O)c2ccccc2)cc1
CHEMBL369053,PPARgamma,7.000,,1,0,Active,exact,CCCc1c(OCCCCOc2cccc(C(=O)O)c2)ccc2c(-c3ccccc3)noc12
CHEMBL5400319,PPARgamma,6.200,,1,0,Active,exact,Cc1cc(CN2C(=O)CN(c3ccc(-c4ccccc4)cc3)C2=O)cc(C)c1OC(C)(C)C(=O)O
CHEMBL3695913,PPARgamma,7.100,,1,0,Active,exact,CC[C@@H](NC(=O)c1ccc2c(c1)c(C)c(C)n2Cc1ccccc1-c1ccc(C(=O)O)cc1)c1ccccc1
CHEMBL4470932,PPARgamma,8.330,,2,0,Active,exact,C/C(=C1/c2ccc(Cc3c(C4CC4)nc4cc(F)ccn34)cc2COc2cc(F)ccc21)c1noc(=O)[nH]1
CHEMBL3695833,PPARgamma,6.620,,1,0,Active,exact,Cc1c(C)n(Cc2ccc(-c3ccccc3C(=O)O)cc2)c2ccc(C(=O)N[C@@H](C)c3ccc(N)cc3)cc12
CHEMBL5085927,PPARgamma,,5.301,0,1,,censored,Cc1cc(Cn2ncn(-c3ccc(OC(F)(F)F)cc3)c2=O)cc(Cl)c1OC(C)(C)C(=O)O
CHEMBL21706,PPARgamma,6.000,,1,0,Active,exact,CC(C)(Sc1ccc(CCN(CCCCC2CCCCC2)C(=O)Nc2cc(Cl)cc(Cl)c2)cc1)C(=O)O
CHEMBL147599,PPARgamma,6.795,,2,0,Active,exact,O=C(c1ccccc1)c1ccccc1N[C@@H](Cc1ccc(OCc2ccc(Cl)cc2)cc1)C(=O)O
CHEMBL377660,PPARgamma,8.220,,1,0,Active,exact,CCc1ccc(O[C@H](C)CCOc2ccc(CCC(=O)O)c(C)c2)c(Oc2ccccc2)c1
CHEMBL519351,PPARgamma,7.890,,1,0,Active,exact,CCO[C@@H](Cc1ccc(OCCc2nc(-c3ccccc3)oc2C)c2sccc12)C(=O)O
CHEMBL17669,PPARgamma,6.000,,1,0,Active,exact,O=C1NC(=O)C(Cc2ccc3c(c2)CC[C@H](Cc2ccccc2)O3)S1
CHEMBL501979,PPARgamma,5.300,,1,1,,exact,Cc1c(OCC(=O)O)ccc(Sc2ccc(COc3ccc(C(F)(F)F)cc3)cc2OCc2ccncc2)c1C
CHEMBL981,PPARgamma,,4.000,0,7,Inactive,censored,CC(C)(Oc1ccc(C(=O)c2ccc(Cl)cc2)cc1)C(=O)O
CHEMBL5272116,PPARgamma,,4.481,0,2,Inactive,censored,Cc1cc(C(=O)NCc2ccccc2)cc(C(=O)Nc2ccccc2)c1Cl
CHEMBL513749,PPARgamma,,6.000,0,1,,censored,C=C(CSc1ccc(C(F)(F)F)cc1)CSc1ccc(OCC(=O)O)c(C)c1
CHEMBL1079618,PPARgamma,,5.000,0,1,,censored,COc1ccc(-c2nc(COc3ccc(OCC(=O)O)c(C)c3)sc2-c2cc3ccccc3o2)cc1
CHEMBL3699430,PPARgamma,8.400,,1,0,Active,exact,Cc1c(C)n(Cc2ccc(-c3ccccc3C(=O)O)cc2)c2ccc(C(=O)N[C@@H](C)c3ccc(Cl)cc3Cl)cc12
CHEMBL367019,PPARgamma,7.960,,1,0,Active,exact,CCCc1c(OCCCSc2ccc(CC(=O)O)cc2Cl)ccc2c(-c3ccccc3)noc12
CHEMBL509369,PPARgamma,7.270,,1,0,Active,exact,Cc1c(Oc2ccc(Cl)cc2)c2cccnc2n1Cc1cc(O[C@@H](C)C(=O)O)ccc1F
CHEMBL1624,PPARgamma,5.660,,2,0,,exact,N[C@@H](Cc1cc(I)c(Oc2cc(I)c(O)c(I)c2)c(I)c1)C(=O)O
CHEMBL125894,PPARgamma,6.100,,1,0,Active,exact,C/C(=N\OCCOc1ccc(CC2SC(=O)NC2=O)cc1)c1ccc(-c2cccnc2)cc1
CHEMBL2377528,PPARgamma,6.070,,1,0,Active,exact,CCCOc1ccc(C[C@@H](Cc2ccccc2)C(=O)O)cc1CNC(=O)c1ccc(-c2cccnc2)cc1
CHEMBL92130,PPARgamma,6.520,,1,0,Active,exact,CCCc1cc(Oc2ccc(OC)cc2)ccc1OCCCOc1cccc(C2SC(=O)NC2=O)c1
CHEMBL2338485,PPARgamma,6.025,,2,0,Active,exact,Cc1cc(NS(=O)(=O)c2ccc(Cl)cc2Cl)ccc1Oc1cncc(Cl)c1
CHEMBL3678163,PPARgamma,7.110,,1,0,Active,exact,COc1ccc(Cn2c(C)c(C)c3cc(C(=O)N[C@@H](C)c4cccc(C(C)C)c4)ccc32)cc1O[C@@H](C)C(=O)O
CHEMBL1935607,PPARgamma,6.960,,1,0,Active,exact,C/C=C/C=C/C(=O)N1Cc2cc(OCCc3nc(CCCCC(C)C)oc3C)ccc2C[C@H]1C(=O)O.CC(C)(C)N
CHEMBL3115239,PPARgamma,7.050,,1,0,Active,exact,CCCc1c(Cc2ccc(-c3ccccc3C(=O)O)cc2)c2cc(C(=O)NC(CC)c3ccccc3)ccc2n1OC
CHEMBL4847495,PPARgamma,,5.000,0,1,,censored,CCOc1ccc(/C=C2\Oc3cc(OCc4cc(C)c(OC(C)(C)C(=O)O)c(C)c4)ccc3C2=O)cc1
CHEMBL149064,PPARgamma,6.380,,1,0,Active,exact,O=C(c1ccccc1)c1ccccc1N[C@@H](Cc1ccc(OCc2cccc(I)c2)cc1)C(=O)O
CHEMBL5639847,PPARgamma,5.450,,1,0,,exact,Cc1ccc(CN2C(=O)S/C(=C\c3ccc(Oc4ccc5ccccc5c4)s3)C2=O)cc1
CHEMBL234169,PPARgamma,,5.000,0,1,,censored,Cc1nc(-c2ccc(C(F)(F)F)cc2)sc1COc1cc(Cl)c2c(CC(=O)O)csc2c1
CHEMBL221388,PPARgamma,7.030,,1,0,Active,exact,COc1ccc(-c2nc(CCOc3ccc(CC4(C(=O)O)CCCO4)nc3)c(C)o2)cc1
CHEMBL3695873,PPARgamma,8.300,,1,0,Active,exact,Cc1c(C)n(Cc2ccc(-c3ccccc3)cc2)c2ccc(C(=O)N[C@@H](C)c3ccc(F)cc3F)cc12
CHEMBL200045,PPARgamma,6.780,,1,0,Active,exact,CCC(C(=O)O)C1CCc2cc(OCCc3nc(-c4ccccc4)oc3C)c(-c3ccc(Cl)cc3)cc21
CHEMBL470575,PPARgamma,4.870,,1,0,Inactive,exact,O=C(O)c1cccc(OS(=O)(=O)/C=C/c2ccccc2)c1
CHEMBL148254,PPARgamma,5.860,,1,0,,exact,CCc1ccccc1COc1ccc(C[C@H](Nc2ccccc2C(=O)c2ccccc2)C(=O)O)cc1
CHEMBL2312707,PPARgamma,6.160,,1,0,Active,exact,Cc1cc(-c2ccccc2)ccc1O[C@@H](Cc1ccccc1)C(=O)O
CHEMBL1813871,PPARgamma,4.980,,2,0,Inactive,exact,C/C=C(\C)C(=O)O[C@@H](C[C@@]1(C)[C@H](C)C[C@H](OC(C)=O)[C@]2(COC(C)=O)[C@@H]1CCC[C@]21CO1)C1=CC(=O)OC1
CHEMBL1080033,PPARgamma,,5.000,0,1,,censored,COc1ccc(-c2nc(COc3ccc4c(CC(=O)O)cccc4c3)sc2-c2ccc(C(F)(F)F)cc2)cc1
CHEMBL370747,PPARgamma,6.870,,1,0,Active,exact,COc1ccc2nc(-n3c(C)c(Cc4cccc(O[C@@H](C)C(=O)O)c4)c4cc(OC(F)(F)F)ccc43)ccc2c1
CHEMBL1760425,PPARgamma,5.300,,1,0,,exact,CCCCN(c1cccc(-c2ccc(OC(F)(F)F)cc2)c1C)S(=O)(=O)c1ccc(OC(C)C(=O)O)c(C)c1C
CHEMBL3699442,PPARgamma,7.830,,2,0,Active,exact,Cc1c(C)n(Cc2ccc(-c3ccccc3C(=O)O)cc2)c2ccc(C(=O)NC3COc4ccccc4C3)cc12
CHEMBL522772,PPARgamma,9.000,,1,0,Active,exact,Cc1c(Oc2ccc(Cl)cc2)c2ccc(OC(F)(F)F)cc2n1Cc1ccc(Cl)c(O[C@@H](C)C(=O)O)c1
CHEMBL521289,PPARgamma,6.760,,1,0,Active,exact,CCO[C@@H](Cc1cccc(/C(C)=N/OCc2ccc(OC)cc2)c1)C(=O)O
CHEMBL4452865,PPARgamma,5.480,,1,0,,exact,CCCCc1nc(C)c(CC(=O)OC2CC2)c(=O)n1Cc1ccc(-c2ccccc2-c2noc(=O)[nH]2)cc1
CHEMBL2377523,PPARgamma,7.300,,1,0,Active,exact,CCCOc1ccc(C[C@@H](Cc2ccccc2)C(=O)O)cc1CNC(=O)c1ccc(-c2ccccc2F)cc1
CHEMBL1760424,PPARgamma,5.200,,1,0,,exact,CCCCN(c1cccc(-c2ccc(C(F)(F)F)cc2)c1C)S(=O)(=O)c1ccc(OC(C)C(=O)O)c(C)c1C
CHEMBL435715,PPARgamma,7.580,,1,0,Active,exact,CCCc1c(OCCCCOc2cccc(C(C)(C)C(=O)O)c2)ccc2c(-c3ccccc3)noc12
CHEMBL1076175,PPARgamma,,5.000,0,1,,censored,Cc1cc(OCc2nc(-c3ccc(-c4ccccc4)cc3)c(-c3ccc(OC(F)(F)F)cc3)s2)ccc1OCC(=O)O
CHEMBL2113106,PPARgamma,5.880,,1,0,,exact,CCCCCOc1nc2ccccc2cc1C(O)C/C=C\CCCC(=O)OC
CHEMBL4436200,PPARgamma,5.080,,1,0,,exact,COc1cc(C(F)(F)F)nc2ccc(COc3ccc(OCc4ccc(F)cc4)c(/C=C(\CC4CC4)C(=O)O)c3)cc12
CHEMBL3695832,PPARgamma,9.890,,3,0,Active,exact,CC[C@@H](NC(=O)c1ccc2c(c1)c(C)c(C)n2Cc1ccc(-c2ccccc2C(=O)O)cc1)c1ccccc1
CHEMBL4248145,PPARgamma,,5.000,0,1,,censored,Cc1cc(SC(Cc2c(F)cccc2Cl)c2ccc(-c3cccc(C(F)(F)F)c3)cc2)ccc1OCC(=O)O
CHEMBL428748,PPARgamma,6.110,,1,0,Active,exact,Cc1oc(-c2ccccc2)nc1CCOc1cccc(CN(CCCc2ccccc2)CC(=O)O)c1
CHEMBL1644614,PPARgamma,5.000,,1,1,,exact,Cc1cc2c(CCc3nc(-c4ccc(Cl)cc4Cl)oc3C(C)C)noc2cc1OCC(=O)O
CHEMBL3699369,PPARgamma,7.140,,1,0,Active,exact,COc1cc(C(F)(F)F)ccc1[C@H](C)NC(=O)c1ccc2c(c1)c(C)c(C)n2Cc1ccc(-c2ccccc2C(=O)O)cc1
CHEMBL434945,PPARgamma,6.980,,1,0,Active,exact,Cc1oc(-c2ccccc2)nc1CCOc1ccc2c(c1)CCC2C(C)C(=O)O
CHEMBL1760273,PPARgamma,5.200,,1,0,,exact,CCCCN(c1cccc(-c2ccc(Cl)cc2)c1C)S(=O)(=O)c1ccc(O[C@H](C)C(=O)O)c(C)c1C
CHEMBL396696,PPARgamma,5.920,,1,0,,exact,Cc1oc(-c2ccccc2)nc1CCOc1ccc(CN(CC(=O)O)Cc2ccc3ccccc3c2)cc1
CHEMBL422704,PPARgamma,,4.602,0,1,Inactive,censored,CCCCCc1cc(O)c2c(c1)OC(C)(CCC=C(C)C)C=C2
CHEMBL4209482,PPARgamma,,5.000,0,1,,censored,CN(Cc1ccccc1OCCCCCC(=O)O)C(=O)c1ccc(-c2ccco2)cc1
CHEMBL5203129,PPARgamma,,4.301,0,2,Inactive,censored,CCc1ccc(-c2nc3cc(NC(=O)c4cc(C(=O)NC)ccc4Cl)ccc3o2)cc1
CHEMBL2011543,PPARgamma,4.710,,1,0,Inactive,exact,COc1ccc([C@@H](O)[C@H](O)CO)cc1OC
CHEMBL4169557,PPARgamma,7.370,,1,0,Active,exact,Cc1cc(Oc2ccc3nc(COc4cccc(C#N)c4)n(C)c3c2)cc(C)c1N.Cl.Cl
CHEMBL359476,PPARgamma,7.310,,1,0,Active,exact,COc1ccc2c(c1)c(Cc1cccc(OC(C)C(=O)O)c1)c(C)n2C(=O)c1ccc(Cl)cc1
CHEMBL1934472,PPARgamma,,5.009,0,1,,censored,Cc1nc(-c2ccc(Cl)cc2)sc1/C=C/C1CCCN(c2cccc(C(=O)O)c2)C1
CHEMBL51603,PPARgamma,5.750,,1,0,,exact,CCCc1cc(Oc2ccc(C(F)(F)F)cc2)ccc1OCCCOc1ccc(C2SC(=O)NC2=O)cc1
CHEMBL4090529,PPARgamma,6.880,,1,0,Active,exact,O=S(=O)(Nc1cc(Cl)c(Oc2cnc3ccccc3c2)c(Cl)c1)c1cc(F)c(Br)cc1F
CHEMBL2338479,PPARgamma,7.335,,2,0,Active,exact,N#Cc1cncc(Oc2c(Cl)cc(NS(=O)(=O)c3ccc(Cl)cc3Cl)cc2Cl)c1
CHEMBL176421,PPARgamma,6.460,,1,0,Active,exact,CCCc1c(OCCCCOc2ccccc2CC(=O)O)ccc2c(-c3ccccc3)noc12
CHEMBL200138,PPARgamma,8.220,,1,0,Active,exact,CCC(C(=O)O)C1CCc2cc(OCCc3nc(-c4ccc5c(c4)OCC5)oc3C)ccc21
CHEMBL4860371,PPARgamma,5.270,,1,0,,exact,O=C(OCc1cccc2ccc3cccc(COC(=O)c4ccccc4)c3c12)c1ccccc1
CHEMBL1946953,PPARgamma,8.040,,1,0,Active,exact,COc1ccc2c(-n3c(=O)n(Cc4cc(O[C@H](C)C(=O)O)ccc4Cl)c4cc(C(F)(F)F)ccc43)noc2c1
CHEMBL5594352,PPARgamma,4.940,,1,0,Inactive,exact,C/C=C(\C)C(=O)OC[C@@]12[C@H](CCC[C@]1(O)CCl)[C@@](C)(C[C@H](O)C1=CC(=O)OC1)[C@H](C)C[C@@H]2O
CHEMBL3695849,PPARgamma,8.700,,1,0,Active,exact,Cc1c(C)n(Cc2ccc(-c3ccccc3C(=O)O)cc2)c2ccc(C(=O)NC(C)c3cccc4ccccc34)cc12
CHEMBL180123,PPARgamma,,4.824,0,1,Inactive,censored,C[C@]1(C(=O)O)CCc2ccc(OCCCOc3ccc(F)cc3Cl)cc2O1
CHEMBL199362,PPARgamma,,5.000,0,1,,censored,CCC(C(=O)O)C1CCc2cc(OCCc3c(C)noc3C)ccc21
CHEMBL2031858,PPARgamma,5.790,,2,0,,exact,CC(C)=CCC/C(C)=C/Cc1c(O)cc(/C=C/c2cccc(C(F)(F)F)c2)cc1O
CHEMBL3695791,PPARgamma,,6.000,0,1,,censored,C[C@H](NC(=O)c1ccc2c(ccn2Cc2ccc(-c3ccccc3)cc2)c1)c1ccc([N+](=O)[O-])cc1
CHEMBL498171,PPARgamma,5.600,,1,0,,exact,Cc1ccc(NC(=O)c2cccc(S(=O)(=O)n3ccc4cc(C)ccc43)c2)c(C(=O)O)c1
CHEMBL2204695,PPARgamma,4.975,,2,0,Inactive,exact,CC(C)(Oc1ccc(COc2ccc(/N=N/c3ccccc3)cc2)cc1)C(=O)O
CHEMBL4288363,PPARgamma,7.890,,1,0,Active,exact,CCCc1nc2c(C(C)(C)O)cccc2n1Cc1ccc2c(c1)COc1ccccc1/C2=C(\C)c1noc(=O)[nH]1
CHEMBL179330,PPARgamma,8.700,,5,0,Active,exact,COc1ccc(C(=O)n2c(C)c(Cc3cccc(O[C@@H](C)C(=O)O)c3)c3cc(OC(F)(F)F)ccc32)cc1
CHEMBL3699385,PPARgamma,7.770,,1,0,Active,exact,Cc1c(C)n(Cc2ccc(-c3ccccc3)cc2)c2ccc(C(=O)N[C@H](C)c3cc(F)ccc3C(F)(F)F)cc12
CHEMBL115604,PPARgamma,,4.301,0,1,Inactive,censored,CC[C@H](Cc1ccc(OC)c(C(=O)NCc2ccc(C(F)(F)F)cc2)c1)C(=O)O
CHEMBL237307,PPARgamma,8.300,,1,0,Active,exact,Cc1ccc(CNC(=O)c2ccc(C(F)(F)F)cc2F)cc1Oc1ccc(OC(C)(C)C(=O)O)c(C)c1
CHEMBL491039,PPARgamma,4.400,,1,0,Inactive,exact,CCn1c(SCC(=O)Nc2ccc(C(=O)O)cc2)nnc1-c1cc2cccc(OC)c2o1
CHEMBL5614338,PPARgamma,4.940,,1,0,Inactive,exact,CC(C)[C@H](Oc1ccc(-c2cccc3ccccc23)cc1)C(=O)O
CHEMBL559567,PPARgamma,8.700,,1,0,Active,exact,Cc1c(C(=O)c2ccc(Cl)cc2)c2ccc(OC(F)(F)F)cc2n1Cc1cccc(OCC(=O)O)c1
CHEMBL397970,PPARgamma,,6.000,0,1,,censored,Cc1cc(SCC(O)COc2ccc(C(F)(F)F)cc2)ccc1OCC(=O)O
CHEMBL4160620,PPARgamma,7.640,,1,0,Active,exact,Cn1c(COc2cccc(C(=O)O)c2)nc2ccc(Oc3cc(F)cc(Cl)c3)cc21
CHEMBL572795,PPARgamma,5.820,,1,0,,exact,O=C([O-])C(Cc1ccccc1)Oc1ccc(/C=C\c2ccccc2)cc1.[Na+]
CHEMBL21105,PPARgamma,5.000,,1,0,,exact,COc1ccc(C)cc1NC(=O)N(CCc1ccc(SC(C)(C)C(=O)O)cc1)CCc1ccc(-c2ccccc2)cc1
CHEMBL560513,PPARgamma,6.080,,1,0,Active,exact,CCCCCC/C=C(\CCCCCCCC(=O)O)[N+](=O)[O-]
CHEMBL454691,PPARgamma,4.890,,1,0,Inactive,exact,Cc1cccc(Nc2cc(Cl)nc(SC(C)C(=O)O)n2)c1C
CHEMBL147912,PPARgamma,7.270,,1,0,Active,exact,CN(CCOc1ccc(CC(Nc2ccccc2C(=O)c2cccc(OCc3ccccc3)c2)C(=O)O)cc1)c1nc2ccccc2o1
CHEMBL5191536,PPARgamma,5.660,,1,0,,exact,CC(C)(C)OC(=O)NC(CSCc1ccc(C(=O)c2ccc(C(F)(F)F)cc2)cc1)C(=O)O
CHEMBL1079983,PPARgamma,,5.000,0,1,,censored,COc1ccc(-c2nc(COc3ccc(OCC(=O)O)c(C)c3)sc2-c2ccc(OC(F)(F)F)cc2)cn1
CHEMBL230458,PPARgamma,6.100,,1,0,Active,exact,COc1cc(C2NC(=O)NC(C)=C2C(=O)O)ccc1OCCOc1cccc2ccc(C)nc12
CHEMBL1214886,PPARgamma,5.540,,1,0,,exact,CCCc1nc2cc(C(O)c3ccccc3)ccc2n1Cc1ccc(-c2ccccc2C(=O)O)cc1
CHEMBL368793,PPARgamma,6.350,,1,0,Active,exact,CCCc1c(OCCCOc2cccc(CCC(=O)O)c2)ccc2c(-c3ccccc3)noc12
CHEMBL2206303,PPARgamma,5.560,,2,0,,exact,CCCCCCCN(CCc1ccc(O[C@@H](C)C(=O)[O-])cc1)c1nc2ccccc2o1.[Na+]
CHEMBL5081988,PPARgamma,5.750,,1,0,,exact,Cc1cc(Cn2ncn(-c3ccc(Br)cc3)c2=O)cc(C)c1OC(C)(C)C(=O)O
CHEMBL4783659,PPARgamma,6.590,,1,0,Active,exact,COc1ccc(Oc2ccc3nc(COc4cccc(C(=O)O)c4)n(C)c3c2)c(C)n1
CHEMBL520305,PPARgamma,4.410,,1,0,Inactive,exact,CCO[C@@H](Cc1cccc(C2=NOC(c3ccc(O)cc3)C2)c1)C(=O)O
CHEMBL5403200,PPARgamma,4.760,,1,0,Inactive,exact,C/C=C/C=C/C(O)=C1/C(=O)[C@@]2(C)[C@H]3/C(=C(/O)CC/C=C/C)C(=O)[C@@]4(C)[C@@H]1[C@]1(C)O[C@@]4(O)[C@@]3(C)O[C@@]12O
CHEMBL3891909,PPARgamma,5.845,,2,0,,exact,O=S(=O)(Nc1cc(Cc2cc(NS(=O)(=O)c3ccccc3)cc(C(F)(F)F)c2)cc(C(F)(F)F)c1)c1ccccc1
CHEMBL1946566,PPARgamma,5.320,,1,0,,exact,C[C@@H](Oc1cc(Cn2c(=O)n(Cc3ccc(Cl)cc3)c3ccc(C(F)(F)F)cc32)ccc1Cl)C(=O)O
CHEMBL482823,PPARgamma,5.790,,1,0,,exact,CCO[C@@H](Cc1cccc(/C(C)=N/OCc2ccc(OS(C)(=O)=O)cc2)c1)C(=O)O
CHEMBL4174713,PPARgamma,6.000,,1,0,Active,exact,CCOC(Cc1ccc(OCCn2c(=O)sc3cc(C(=O)/C=C/c4cc(OC)cc(OC)c4)ccc32)cc1)C(=O)O
CHEMBL4062724,PPARgamma,6.200,,1,0,Active,exact,O=C(O)CCCc1cc2cc(C(F)(F)F)ccc2n1S(=O)(=O)c1ccc(Cl)cc1
CHEMBL4860504,PPARgamma,,5.000,0,1,,censored,Cc1cc(COc2ccc3c(c2)O/C(=C\c2ccc(F)cc2)C3=O)cc(C)c1OC(C)(C)C(=O)O
CHEMBL2282519,PPARgamma,7.700,,2,0,Active,exact,Cc1oc(-c2ccccc2)nc1CCOc1ccc(C[C@]2(C(=O)O)C=CC=CO2)cc1
CHEMBL1080026,PPARgamma,,5.000,0,1,,censored,Cc1cc(OCc2nc(-c3ccc(Cl)cc3)c(-c3ccc(Cl)cc3)s2)ccc1OCC(=O)O
CHEMBL1080312,PPARgamma,,5.000,0,1,,censored,COc1ccc(-c2nc(SCc3ccc(OCC(=O)O)cc3Cl)sc2-c2ccc(OC)cc2)cc1
CHEMBL4286347,PPARgamma,6.130,,1,0,Active,exact,COc1cc(C(=O)NS(=O)(=O)c2cc(Cl)cc(Cl)c2)ccc1Cc1cn(C)c2ccc(NC(=O)NC3CCCCC3)cc12
CHEMBL5595117,PPARgamma,5.660,,1,0,,exact,C[C@@H]1C[C@H](O)[C@@]2(COC(=O)/C=C/c3ccc(C(F)(F)F)cc3)C(=O)CCC[C@@H]2[C@@]1(C)CCC1=CC(=O)OC1
CHEMBL5169731,PPARgamma,,4.301,0,2,Inactive,censored,CCc1ccc(-c2nc3cc(NS(=O)(=O)c4cc([N+](=O)[O-])ccc4Cl)ccc3o2)cc1
CHEMBL148797,PPARgamma,8.750,,1,0,Active,exact,Cc1cc(-c2ccccc2)nn1CCOc1ccc(C[C@H](Nc2ccccc2C(=O)c2ccccc2)C(=O)O)cc1
CHEMBL4068424,PPARgamma,4.380,,1,0,Inactive,exact,CN(CCOc1ccc(/C=C2\SC(=O)NC2=O)cc1)c1nccs1
CHEMBL194698,PPARgamma,5.980,,1,0,,exact,CCCCCOc1ccccc1C(O)CC#CCCCC(=O)OC
CHEMBL272963,PPARgamma,6.100,,1,0,Active,exact,Cc1oc(-c2ccccc2)nc1CCOc1cccc(C[C@H]2C(=O)N(c3ccc(C(C)(C)C)cc3)[C@H]2C(=O)O)c1
CHEMBL332018,PPARgamma,6.270,,1,0,Active,exact,CCCc1cc(C2CCC(F)(F)CC2)ccc1OCCCOc1cccc(C2OC(=O)NC2=O)c1
CHEMBL1819482,PPARgamma,5.600,,1,0,,exact,CCCCC(Cc1ccc(OCCC2CCCCC2)c(OCCc2ccccc2)c1)C(=O)O
CHEMBL3695883,PPARgamma,8.150,,1,0,Active,exact,Cc1c(C)n(Cc2ccc(-c3ccccc3)cc2)c2ccc(C(=O)N[C@@H](C)c3ccccc3F)cc12
CHEMBL3695909,PPARgamma,7.100,,1,0,Active,exact,CC[C@H](NC(=O)c1ccc2c(ccn2Cc2ccccc2-c2cccc(C(=O)O)c2)c1)c1ccccc1
CHEMBL2104753,PPARgamma,7.370,,1,0,Active,exact,COc1ccc2nc(COc3ccc(CC4SC(=O)NC4=O)cc3)n(C)c2c1
CHEMBL181554,PPARgamma,8.520,,1,0,Active,exact,COc1ccc(C(=O)n2c(C)c(Cc3cccc(OC(C)(C)C(=O)O)c3)c3cc(OC(F)(F)F)ccc32)cc1
CHEMBL365315,PPARgamma,7.700,,1,0,Active,exact,CCCc1ccc(Oc2c(C)n(-c3noc4cc(Cl)ccc34)c3ccc(OC(F)(F)F)cc23)cc1O[C@@H](C)C(=O)O
CHEMBL210017,PPARgamma,6.860,,1,0,Active,exact,Cc1oc(-c2ccc(C(F)(F)F)cc2)nc1Cn1ccc2cc(CC(OC(C)C)C(=O)O)ccc21
CHEMBL4281316,PPARgamma,5.530,,1,0,,exact,O=C(O)CC1COc2cc(OCCCOc3ccc(-c4ccccc4)cc3)ccc21
CHEMBL4281988,PPARgamma,5.740,,1,0,,exact,Cc1ccc(OCCCOc2ccc3c(c2)OCC3CC(=O)O)cc1
CHEMBL1081756,PPARgamma,,5.000,0,1,,censored,Cc1ccc(-c2csc(COc3ccc(OCC(=O)O)c(C)c3)n2)cc1
CHEMBL4240461,PPARgamma,,5.000,0,1,,censored,Cc1cc(SC(Cc2c(F)cccc2C(F)(F)F)c2ccc(-c3cccc(C(F)(F)F)c3)cc2)ccc1OCC(=O)O
CHEMBL3978096,PPARgamma,5.520,,1,0,,exact,O=C(Cc1cccc(SCc2ccccc2C(=O)O)c1)OCCc1ccc(C(F)(F)F)cc1
CHEMBL3977198,PPARgamma,5.730,,1,0,,exact,CCCc1nc2ccccc2n1Cc1ccc(-c2ccc(C(=O)O)cc2)cc1
CHEMBL4558284,PPARgamma,5.365,,2,0,,exact,Cc1c(C)n(Cc2ccc(-c3ccccc3C(=O)O)cc2)c2ccc(C(=O)O)cc12
CHEMBL4454138,PPARgamma,5.660,,1,0,,exact,CCCc1nc2c(C)cccc2n1Cc1ccc2c(c1)OCc1ncccc1/C2=C(\C)c1noc(=O)[nH]1
CHEMBL218950,PPARgamma,4.840,,1,0,Inactive,exact,CCOC(CC)(Cc1ccc(OCCc2nc(-c3ccccc3)oc2C)nc1)C(=O)O
CHEMBL4203625,PPARgamma,4.400,,1,0,Inactive,exact,CCOC(=O)C(C)(C)Oc1ccc(C(=O)C2Cc3ccccc3OC2=O)cc1
CHEMBL470145,PPARgamma,5.510,,1,0,,exact,O=C(O)C(Cc1cccc(Oc2ccccc2)c1)Oc1ccc(Cl)cc1
CHEMBL3398427,PPARgamma,5.365,,2,0,,exact,Cc1oc(-c2ccccc2)nc1CCOc1ccc([C@@H]2CN(C(=O)Oc3ccccc3)C[C@@H]2C(=O)O)cc1
CHEMBL6142151,PPARgamma,6.000,,2,0,Active,exact,O=S1(c2ccc(-c3ccccc3)cc2)=N[Se]c2cc(-c3ccccc3)ccc21
CHEMBL376627,PPARgamma,8.520,,1,0,Active,exact,COc1ccc(-c2c(C(=O)NS(=O)(=O)c3ccccc3)n(Cc3cccc(C(F)(F)F)c3)c3ccccc23)cc1
CHEMBL391068,PPARgamma,,5.000,0,1,,censored,O=C(O)Cc1coc2cc(OCc3cc(-c4ccc(Cl)cc4)on3)ccc12
CHEMBL3976442,PPARgamma,7.660,,1,0,Active,exact,CCc1cc(OCCc2nc(-c3ccc(C#N)cc3)oc2C)ncc1CCC(=O)O
CHEMBL482952,PPARgamma,7.520,,1,0,Active,exact,CCOC(Cc1ccc(OCCc2nc(-c3ccccc3)oc2C)c2ccccc12)C(=O)O
CHEMBL413686,PPARgamma,6.975,,2,0,Active,exact,O[C@@H]1[C@H](O)CS[C@H]1n1cnc2c(NCc3cccc(I)c3)nc(Cl)nc21
CHEMBL236876,PPARgamma,7.920,,1,0,Active,exact,Cc1cc(Oc2cccc(CNC(=O)c3ccc(C(F)(F)F)cc3F)c2)ccc1OC(C)(C)C(=O)O
CHEMBL5613141,PPARgamma,5.850,,1,0,,exact,O=C(O)[C@H](Cc1ccccc1)Oc1ccc(-c2cccc3ccccc23)cc1
CHEMBL383132,PPARgamma,5.570,,1,0,,exact,O=C(O)Cn1ccc2c(OCCCOc3ccc4cc(C(=O)c5ccccc5)ccc4c3)cccc21
CHEMBL4434731,PPARgamma,7.830,,2,0,Active,exact,COc1cc(CNC(=O)c2ccc3c(c2)c(C)c(C)n3Cc2ccc(-c3ccccc3C(=O)O)cc2)ccc1O
CHEMBL509236,PPARgamma,8.400,,1,0,Active,exact,COc1ccc(C(=O)c2c(C)n(Cc3cc(O[C@@H](C)C(=O)O)ccc3F)c3nc(C)ccc23)cc1
CHEMBL3907572,PPARgamma,5.460,,1,0,,exact,CC(OC(=O)Cc1cccc(SCc2ccccc2C(=O)O)c1)c1ccc(C(F)(F)F)cc1
CHEMBL465183,PPARgamma,5.620,,1,0,,exact,CCCCC/C=C\C/C=C\C/C=C\CCCCCCC(=O)O
CHEMBL3397551,PPARgamma,5.100,,1,0,,exact,CCCO/N=C/c1ccc(OC(Cc2ccccc2)C(=O)O)cc1
CHEMBL212591,PPARgamma,7.230,,1,0,Active,exact,CCc1ccc(OC(C)CCOc2ccc(CCC(=O)O)c(C)c2)c(Cc2ccccc2)c1
CHEMBL1089970,PPARgamma,5.920,,1,0,,exact,Cc1ccc(OC(=O)N(CC(=O)O)Cc2cccc(OCc3nc(-c4ccc(N5CCOCC5)cc4)oc3C)c2)cc1
CHEMBL1081950,PPARgamma,5.250,,1,0,,exact,COc1ccc(-c2nc(SCCOc3ccc(OCC(=O)O)c(C)c3)sc2-c2ccc(OC)cc2)cc1
CHEMBL194411,PPARgamma,5.010,,1,0,,exact,CCOC(Cc1ccc(OCCN(C)C2=Nc3ccccc3Sc3ccccc32)cc1)C(=O)O
CHEMBL1081786,PPARgamma,5.160,,1,0,,exact,COc1ccc(-c2nc(SCCCOc3ccc(OCC(=O)O)c(C)c3)sc2-c2ccc(OC)cc2)cc1
CHEMBL3699352,PPARgamma,7.580,,1,0,Active,exact,COc1ccc(F)cc1[C@H](C)NC(=O)c1ccc2c(c1)c(C)c(C)n2Cc1ccc(-c2ccccc2C(=O)O)cc1
CHEMBL197637,PPARgamma,6.920,,1,0,Active,exact,CC(C)c1cccc(-n2c(C(=O)O)c(Oc3ccc(C(F)(F)F)cc3)c3ccccc32)c1
CHEMBL3335629,PPARgamma,4.960,,1,0,Inactive,exact,O=C(O)c1cccc(NC(=O)c2ccccc2NC(=O)c2cc(C(F)(F)F)cc(C(F)(F)F)c2)c1
CHEMBL370443,PPARgamma,8.300,,1,0,Active,exact,CC(C)(C)c1ccc(-n2c(C(=O)O)c(Oc3cccc(C(F)(F)F)c3)c3cc(Oc4cc(C(F)(F)F)c[nH]4)ccc32)cc1
CHEMBL462378,PPARgamma,8.700,,1,0,Active,exact,COc1ccc(C(=O)c2c(C)n(Cc3cc(O[C@@H](C)C(=O)O)ccc3F)c3nc(OC)ccc23)cc1
CHEMBL3699368,PPARgamma,7.820,,1,0,Active,exact,Cc1c(C)n(Cc2ccc(-c3ccccc3C(=O)O)cc2)c2ccc(C(=O)N[C@@H](C)c3ccc(Cl)c(C(F)(F)F)c3)cc12
CHEMBL3904658,PPARgamma,5.170,,1,0,,exact,CCc1cc(OCCc2nc(-c3ccc(-c4nnn[nH]4)cc3)oc2C)ccc1CCC(=O)O
CHEMBL5080632,PPARgamma,5.800,,1,0,,exact,O=C(NCc1ccccc1C(F)(F)F)c1ccc2c(cnn2Cc2cccc(F)c2)c1
CHEMBL3318040,PPARgamma,5.630,,1,0,,exact,CCCCCCC(Sc1nc(Cl)cc(Nc2ccc(Oc3ccccc3)cc2)n1)C(=O)O
CHEMBL230259,PPARgamma,6.000,,3,0,Active,exact,CC(=O)NC[C@H](Cc1ccc(OCCc2nc(-c3ccccc3)oc2C)cc1)Nc1ccccc1C(=O)c1ccccc1
CHEMBL119030,PPARgamma,6.300,,1,0,Active,exact,O=C(Nc1ccc(-c2ccco2)cc1C(=O)[O-])c1ccc(Cl)cc1Cl.[Li+]
CHEMBL3695851,PPARgamma,7.770,,1,0,Active,exact,Cc1c(C)n(Cc2ccc(-c3ccccc3C(=O)O)cc2)c2ccc(C(=O)NCc3ccccc3Br)cc12
CHEMBL460072,PPARgamma,9.000,,1,0,Active,exact,COc1ccc(C(=O)c2c(C)n(Cc3ccc(F)c(O[C@@H](C)C(=O)O)c3)c3nc(OC)ccc23)cc1
CHEMBL414442,PPARgamma,8.740,,1,0,Active,exact,Cc1oc(-c2ccccc2)nc1CCOc1ccc(CC(Nc2ccccc2C(=O)c2ccncc2)C(=O)O)cc1
CHEMBL5195742,PPARgamma,4.590,,1,0,Inactive,exact,COc1ccc(/C=C/c2cc(OC)cc(OCCCCCCCC(=O)O)c2)cc1
CHEMBL1173474,PPARgamma,4.520,,1,0,Inactive,exact,CCCCCCCCCCCCCCCCCCCCCC(=O)O
CHEMBL147648,PPARgamma,6.430,,1,0,Active,exact,Cc1ccccc1COc1ccc(C[C@H](Nc2ccccc2C(=O)c2ccccc2)C(=O)O)cc1
CHEMBL1089501,PPARgamma,,4.824,0,1,Inactive,censored,COC(=O)N(CC(=O)O)Cc1cccc(OCc2nc(-c3ccc(Cl)cc3)oc2C)c1
CHEMBL4859047,PPARgamma,,4.000,0,2,Inactive,censored,CC1=C(CC(=O)O)c2ccccc2/C1=C\c1cccc(C)c1
CHEMBL192791,PPARgamma,,4.301,0,1,Inactive,censored,CC(C)[C@]1(C(=O)O)Cc2cc(OCCCOc3ccc(OC(F)(F)F)cc3Cl)ccc2O1
CHEMBL359150,PPARgamma,7.810,,1,0,Active,exact,Cc1oc(-c2ccccc2)nc1CCOc1ccc(CC(Nc2ccccc2C(=O)c2ccc(CN(C)C)cc2)C(=O)O)cc1
CHEMBL1079489,PPARgamma,,5.000,0,1,,censored,Cc1cc(OCc2nc(-c3ccc(-c4ccccc4)cc3)cs2)ccc1OCC(=O)O
CHEMBL2403509,PPARgamma,4.200,,1,0,Inactive,exact,O=C(O)CCc1ccc(CNC(=O)c2cccc(CNC(=O)c3ccccc3)c2)cc1
CHEMBL3695817,PPARgamma,7.430,,1,0,Active,exact,Cc1c(C)n(Cc2ccc(-c3ccccc3C(=O)O)cc2)c2ccc(C(=O)N[C@@H](CO)c3ccccc3)cc12
CHEMBL1080356,PPARgamma,,5.000,0,1,,censored,COc1ccc(-c2nc(COc3ccc(OCC(=O)O)c(C)c3)sc2-c2ccc(C(C)(C)C)cc2)cc1
CHEMBL502521,PPARgamma,6.290,,2,0,Active,exact,C[C@H](O)C#CCOc1cc(COc2ccc(C(F)(F)F)cc2)ccc1Sc1ccc(OCC(=O)O)c2c1CCCC2
CHEMBL2031953,PPARgamma,6.270,,1,0,Active,exact,CC(C)=CCC/C(C)=C/Cc1c(O)cc(/C=C/c2ccc(Cl)cc2)cc1O
CHEMBL3335623,PPARgamma,5.070,,1,0,,exact,O=C(O)c1cccc(NC(=O)c2ccccc2NC(=O)c2ccc(C(F)(F)F)cc2)c1
CHEMBL3827335,PPARgamma,5.550,,1,1,,exact,COC(=O)N(CC(=O)O)Cc1cc(F)cc(OCc2nc(-c3ccc(Cl)cc3)oc2C)c1
CHEMBL7550,PPARgamma,,4.699,0,1,Inactive,censored,CCc1nc2c(C)cc(C)nc2n1Cc1ccc(-c2ccccc2-c2nn[nH]n2)cc1
CHEMBL111077,PPARgamma,4.680,,1,0,Inactive,exact,CCCCCCCCCCCCCC(=O)O
CHEMBL2322439,PPARgamma,5.900,,1,0,,exact,CCc1nc2ccn(CC(=O)OCc3ccccc3)c(=O)c2n1[C@H]1CCc2cc(-c3ccccc3-c3nnn[nH]3)ccc21
CHEMBL5086718,PPARgamma,5.430,,1,0,,exact,O=C(NCc1ccccc1C(F)(F)F)c1ccc2c(c1)[nH]c(=O)n2Cc1ccccc1C(F)(F)F
CHEMBL145829,PPARgamma,6.790,,1,0,Active,exact,CN(CCOc1ccc(CC(Nc2ccccc2/C(=N/N)c2ccccc2)C(=O)O)cc1)c1ccccn1
CHEMBL231690,PPARgamma,,5.000,0,1,,censored,Cc1nc(C(F)(F)F)sc1CSc1ccc2c(ccn2CC(=O)O)c1
CHEMBL4533671,PPARgamma,5.020,,1,0,,exact,CCC/C(=C\c1cc(OCc2ccc3nc(C(F)(F)F)cc(OC)c3c2)ccc1OCCN1CCNCC1)C(=O)O
CHEMBL3764453,PPARgamma,5.520,,1,0,,exact,O=C(NCc1ccccc1C(F)(F)F)c1ccc(CC(C(=O)O)c2ccccc2)cc1
CHEMBL3699399,PPARgamma,8.220,,3,0,Active,exact,CCc1ccccc1[C@H](C)NC(=O)c1ccc2c(c1)c(C)c(C)n2Cc1ccc(-c2ccccc2C(=O)O)cc1
CHEMBL3699346,PPARgamma,6.350,,1,0,Active,exact,Cc1c(C)n(Cc2ccc(-c3ccccc3C(=O)O)cc2)c2ccc(C(=O)N[C@@H](C)c3ccc(OC(C)(C)C)cc3)cc12
CHEMBL3699395,PPARgamma,7.400,,1,0,Active,exact,CCCc1ccc([C@H](C)NC(=O)c2ccc3c(c2)c(C)c(C)n3Cc2ccc(-c3ccccc3C(=O)O)cc2)cc1
CHEMBL324856,PPARgamma,7.240,,2,0,Active,exact,CCCc1cc2c(C(F)(F)F)noc2c(CCC)c1OC(C(=O)O)c1ccc(C(C)C)cc1
CHEMBL3678114,PPARgamma,6.260,,1,0,Active,exact,Cc1c(C)n(Cc2cccc(O[C@H](C)C(=O)O)c2)c2ccc(C(=O)N[C@@H](C)c3cccc(C(C)C)c3)cc12
CHEMBL491500,PPARgamma,5.510,,1,0,,exact,O=C(NC1CCCCC1)NS(=O)(=O)c1ccc(CCNS(=O)(=O)c2ccc(Cl)cc2)cc1
CHEMBL1934485,PPARgamma,,4.959,0,1,Inactive,censored,COc1ccc(-c2nc(C)c(C(=O)N[C@H]3CCCN(c4cccc(C(=O)O)c4)C3)s2)cc1
CHEMBL1080708,PPARgamma,,5.000,0,1,,censored,COc1ccc(-c2nc(COc3ccc(OCC(=O)O)c(C)c3)sc2-c2cccc3ccccc23)cc1
CHEMBL254347,PPARgamma,,4.824,0,1,Inactive,censored,O=C(O)CN(Cc1ccc(OCCc2nc(-c3ccccc3)oc2CO)cc1)C(=O)Oc1ccc(O)cc1
CHEMBL4439891,PPARgamma,4.850,,1,0,Inactive,exact,Cc1cccc(Nc2cc(Cl)nc(OCCC(=O)O)n2)c1C
CHEMBL220817,PPARgamma,,5.000,0,1,,censored,O=C(O)CCc1cccc(-c2noc(-c3ccccc3)c2C(=O)NCCOc2ccc(Cl)cc2Cl)c1
CHEMBL5172001,PPARgamma,5.065,,2,0,,exact,CCc1ccc(-c2nc3cc(NC(=O)c4ccc([N+](=O)[O-])s4)ccc3o2)cc1
CHEMBL435517,PPARgamma,9.000,,1,0,Active,exact,COc1ccc(C(=O)n2c(C)c(Cc3cccc(OC(C)C(=O)O)c3)c3cc(OC(F)(F)F)ccc32)cc1
CHEMBL2322176,PPARgamma,6.530,,1,0,Active,exact,CCc1nc2c(C)cn(Cc3ccccc3C#N)c(=O)c2n1[C@H]1CCc2cc(-c3ccccc3-c3nnn[nH]3)ccc21
CHEMBL4167731,PPARgamma,7.680,,1,0,Active,exact,Cc1cc(Cl)cnc1Oc1ccc2nc(COc3cccc(C(=O)O)c3)n(C)c2c1
CHEMBL3736463,PPARgamma,7.660,,2,0,Active,exact,Cc1c(C)n(Cc2ccc(-c3ccccc3C(=O)O)cc2)c2ccc(C(=O)N[C@H](c3cccc(C(C)C)c3)C3CC3)cc12
CHEMBL215701,PPARgamma,7.720,,1,0,Active,exact,CCc1cc(OCC[C@@H](C)Oc2ccc(Cl)cc2Oc2ccccc2)ccc1CCC(=O)O
CHEMBL234168,PPARgamma,,5.000,0,1,,censored,O=C(O)Cc1coc2cc(OCc3cc(-c4ccc(C(F)(F)F)cc4)on3)ccc12
CHEMBL209563,PPARgamma,6.340,,1,0,Active,exact,CCCc1c(OCCCN(C)c2ccc(CC(=O)O)cc2C)ccc2c(C(F)(F)F)noc12
CHEMBL3699425,PPARgamma,7.960,,1,0,Active,exact,Cc1c(C)n(Cc2ccc(-c3ccccc3C(=O)O)cc2)c2ccc(C(=O)N[C@@H](C)c3ccc(C(F)(F)F)cc3F)cc12
CHEMBL372780,PPARgamma,7.080,,1,0,Active,exact,CC(C)(C)c1ccc(-n2c(C(=O)O)c(Oc3cc(C(F)(F)F)cc(C(F)(F)F)c3)c3cc(Cl)ccc32)cc1
CHEMBL438979,PPARgamma,6.820,,1,0,Active,exact,CCC(C(=O)O)C1CCc2cc(OCCc3nc(-c4ccccc4C)oc3C)ccc21
CHEMBL5090821,PPARgamma,6.480,,3,0,Active,exact,CS(=O)(=O)Nc1ccc(CNC(=O)c2ccc3c(ccn3Cc3cccc(F)c3)c2)c(C(F)(F)F)c1
CHEMBL5084631,PPARgamma,,5.301,0,1,,censored,Cc1cc(-n2ncn(-c3ccc(C(F)(F)F)cc3)c2=O)cc(C)c1OC(C)(C)C(=O)O
CHEMBL5266348,PPARgamma,,4.328,0,1,Inactive,censored,CCOc1ccc(F)c(N2CCC(Oc3ccc(N4C[C@H](Oc5cccc(OC)c5)C[C@@H]4CC(=O)O)cc3)CC2)c1
CHEMBL5646517,PPARgamma,6.130,,1,0,Active,exact,Cc1ccc(CN2C(=O)S/C(=C\c3ccc(Nc4ccccc4Cl)s3)C2=O)cc1
CHEMBL3904906,PPARgamma,6.400,,1,0,Active,exact,CCCCCc1nc2ccccc2n1Cc1ccc(-c2ccccc2C(=O)O)cc1
CHEMBL5199152,PPARgamma,8.100,,2,0,Active,exact,CCc1ccc(-c2nc3ccc(NC(=O)c4cc([N+](=O)[O-])ccc4Cl)cc3n2C)cc1
CHEMBL107498,PPARgamma,4.590,,4,0,Inactive,exact,CCCCCCCCCC(=O)O
CHEMBL214026,PPARgamma,7.820,,1,0,Active,exact,Cc1cc(OCC[C@@H](C)Oc2ccc(Cl)cc2Oc2ccccc2)ccc1CCC(=O)O
CHEMBL2037586,PPARgamma,,5.000,0,1,,censored,COc1ccc(CC(Sc2ccc(OCC(=O)O)c(C)c2)c2sc(-c3ccc(C(F)(F)F)cc3)nc2C)cc1
CHEMBL4787617,PPARgamma,5.230,,1,0,,exact,Cn1c(COc2cccc(C(=O)O)c2)nc2ccc(Oc3ccnc(Cl)c3)cc21
CHEMBL4864627,PPARgamma,5.835,,2,0,,exact,CC1=C(CC(=O)O)c2cc(F)ccc2/C1=C\c1cccc(Cl)c1
CHEMBL300629,PPARgamma,6.750,,4,0,Active,exact,CCCc1cc(Oc2ccccc2)ccc1OCCCOc1ccc(C2SC(=O)NC2=O)cc1
CHEMBL5090820,PPARgamma,5.940,,1,0,,exact,Cn1ccc2cc(C(=O)NCc3ccc(CS(=O)(=O)C4CC4)cc3C(F)(F)F)ccc21
CHEMBL4461571,PPARgamma,8.100,,2,0,Active,exact,C/C(=C1/c2ccc(Cn3c(C4CC4)nc4cscc43)cc2COc2cc(F)ccc21)c1noc(=O)[nH]1
CHEMBL5074984,PPARgamma,5.980,,1,0,,exact,CC(C)S(=O)(=O)n1ccc2cc(C(=O)NCc3ccc(CS(=O)(=O)C4CC4)cc3C(F)(F)F)ccc21
CHEMBL5194126,PPARgamma,4.890,,1,0,Inactive,exact,CC(C)(C)OC(=O)NC(CSCc1ccc(C(=O)c2ccc([N+](=O)[O-])cc2)cc1)C(=O)O
CHEMBL4085687,PPARgamma,6.400,,1,0,Active,exact,Cc1ccc(-n2c(SCC(=O)Nc3ccc(S(=O)(=O)NC(=O)NC4CCCCC4)cc3)nc3ccccc3c2=O)cc1
CHEMBL601222,PPARgamma,6.580,,1,0,Active,exact,CCCc1cc2cc(NC(=O)C(CC)c3ccccc3)ccc2n1Cc1ccc(-c2ccccc2C(=O)O)cc1
CHEMBL3397555,PPARgamma,5.250,,1,0,,exact,CC(C)O/N=C/c1ccc(OC(Cc2ccccc2)C(=O)[O-])cc1.[Na+]
CHEMBL3699350,PPARgamma,6.270,,1,0,Active,exact,Cc1c(C)n(Cc2ccc(-c3ccccc3C(=O)O)cc2)c2ccc(C(=O)N[C@H]3CCN(C(=O)OCc4ccccc4)C3)cc12
CHEMBL2263554,PPARgamma,4.960,,1,0,Inactive,exact,CCOC(=O)CN1C(=O)S/C(=C\c2cccc([N+](=O)[O-])c2)C1=O
CHEMBL4169333,PPARgamma,6.320,,1,0,Active,exact,COc1ccccc1Oc1ccc2nc(COc3cccc(C(=O)O)c3)n(C)c2c1.Cl
CHEMBL236664,PPARgamma,8.050,,1,0,Active,exact,Cc1cc(Oc2cccc(CNC(=O)c3ccc(C(F)(F)F)cc3C)c2)ccc1OC(C)(C)C(=O)O
CHEMBL2337793,PPARgamma,,4.000,0,2,Inactive,censored,CC1=C(CC(=O)O)c2cc(F)ccc2/C1=C\c1ccc(C(C)C)cc1
CHEMBL3397721,PPARgamma,5.370,,1,0,,exact,CCCC/C(=C\c1cc(OCc2ccc3nc(C(F)(F)F)cc(OC)c3c2)ccc1OCc1ccc(C(F)(F)F)cc1)C(=O)O
CHEMBL84422,PPARgamma,,5.000,0,1,,censored,C=CCCC(=O)NCCOc1ccc(CC2SC(=O)NC2=O)cc1
CHEMBL110725,PPARgamma,5.960,,1,0,,exact,CCCc1cc(C(=O)OC)cc(CCC)c1OC(C(=O)O)c1ccccc1
CHEMBL1080368,PPARgamma,,5.000,0,1,,censored,Cc1cc(OCc2nc(-c3ccc(OC(C)C)cc3)c(-c3ccc(OC(F)(F)F)cc3)o2)ccc1OCC(=O)O
CHEMBL3735987,PPARgamma,7.730,,2,0,Active,exact,Cc1c(C)n(Cc2ccc(-c3ccccc3C(=O)O)cc2)c2ccc(C(=O)N[C@@H](C)c3cccc(Cl)c3)cc12
CHEMBL192291,PPARgamma,,4.824,0,1,Inactive,censored,CC[C@]1(C(=O)O)Cc2cc(OCCCOc3ccc(OC(F)(F)F)cc3Cl)ccc2O1
CHEMBL2403501,PPARgamma,4.250,,1,0,Inactive,exact,CCN(Cc1cccc(C(=O)N(CC)Cc2ccc(CCC(=O)O)cc2)c1)C(=O)c1ccccc1
CHEMBL5078180,PPARgamma,6.700,,1,0,Active,exact,CC(C)Cn1ccc2cc(C(=O)NCc3ccc(CS(=O)(=O)C4CC4)cc3C(F)(F)F)ccc21
CHEMBL1956358,PPARgamma,4.390,,1,0,Inactive,exact,O=C(O)C(Cc1ccccc1)Oc1cccc(F)c1
CHEMBL484001,PPARgamma,8.700,,1,0,Active,exact,Cc1oc(-c2ccccc2)nc1CCOc1ccc(C[C@H](OCC2CC2)C(=O)O)c2sccc12
CHEMBL1080172,PPARgamma,,5.000,0,1,,censored,Cc1cc(OCc2nc(-c3cnc(OC(C)C)nc3)c(-c3ccc(OC(F)(F)F)cc3)s2)ccc1OCC(=O)O
CHEMBL373048,PPARgamma,6.500,,1,0,Active,exact,CC(C)(C)c1ccc(-n2c(C(=O)O)c(Oc3cccc(C(F)(F)F)c3)c3cc(O)ccc32)cc1
CHEMBL150232,PPARgamma,8.550,,1,0,Active,exact,Cc1ccc(C(=O)c2ccccc2NC(Cc2ccc(OCCN(C)c3nc4ccccc4o3)cc2)C(=O)O)cc1
CHEMBL3103197,PPARgamma,7.215,,2,0,Active,exact,CCOC(c1ccc(OC(F)(F)F)cc1)C1CC1c1cc(C)c(OC(C)(C)C(=O)O)c(C)c1
CHEMBL3355860,PPARgamma,7.330,,1,0,Active,exact,C/C(=C\C(=O)c1ccccc1)NC(Cc1ccc(OCCCOc2ccc(/C=C/c3ccccc3)cc2)cc1)C(=O)O
CHEMBL4877444,PPARgamma,,5.000,0,1,,censored,Cc1ccc(Cn2nc(CCCc3ccc(OC(C)(C)C(=O)O)cc3)n(Cc3ccccc3)c2=O)cc1
CHEMBL230605,PPARgamma,,6.000,0,1,,censored,Cc1cc(SCC(COc2ccc(C(F)(F)F)cc2)OCc2ccccc2)ccc1OCC(=O)O
CHEMBL4245186,PPARgamma,,5.000,0,1,,censored,Cc1cc(SC(Cc2cc(F)c(F)c(F)c2)c2ccc(-c3ccccc3)cc2)ccc1OCC(=O)O
CHEMBL82602,PPARgamma,8.400,,3,0,Active,exact,Cc1oc(-c2cccs2)nc1CCOc1ccc(CC(C)(Oc2ccccc2)C(=O)O)cc1
CHEMBL3335661,PPARgamma,5.360,,1,0,,exact,COc1ccc(NC(=O)c2ccccc2NC(=O)c2ccc(C(C)(C)C)cc2)cc1C(=O)O
CHEMBL5613948,PPARgamma,4.940,,1,0,Inactive,exact,CC(C)C(Oc1ccc(-c2cccc3ccccc23)cc1)C(=O)O
CHEMBL2178586,PPARgamma,5.700,,1,0,,exact,CCC1=C[C@@](CC)(C[C@H](/C=C/C(C)=O)CC)OC1=O
CHEMBL5647608,PPARgamma,5.560,,1,0,,exact,Cc1ccc(CN2C(=O)S/C(=C\c3ccc(Oc4ccccc4)s3)C2=O)cc1
CHEMBL5094903,PPARgamma,,5.301,0,1,,censored,Cc1cc(CCCn2ncn(-c3ccc(C(F)(F)F)cc3)c2=O)cc(C)c1OC(C)(C)C(=O)O
CHEMBL5094028,PPARgamma,6.000,,1,0,Active,exact,O=C(NCc1ccccc1C(F)(F)F)c1ccc2c(c1)[nH]c(=O)n2Cc1ccc(Cl)c(Cl)c1
CHEMBL199172,PPARgamma,,5.000,0,1,,censored,CCCCCOc1ncccc1C(O)CC#CCCCC(=O)[O-].[Na+]
CHEMBL4285849,PPARgamma,6.230,,1,0,Active,exact,CCCc1nc(-c2ccncc2)cn1Cc1ccc2c(c1)COc1ccccc1/C2=C(\C)c1noc(=O)[nH]1
CHEMBL5395286,PPARgamma,5.640,,1,0,,exact,O[C@@H]1[C@H](O)[C@@H]2C[C@@H]2[C@H]1Cn1cnc2c(NCc3ccccc3I)nc(Cl)nc21
CHEMBL5268127,PPARgamma,5.010,,5,0,,exact,COc1c(CC=C(C)C)c(=O)[nH]c2c(OC)c(O)ccc12
CHEMBL482827,PPARgamma,6.220,,1,0,Active,exact,CCO[C@@H](Cc1cccc(C2=NOC(c3ccc(I)cc3)C2)c1)C(=O)O
CHEMBL3753560,PPARgamma,4.230,,1,0,Inactive,exact,COc1ccc(COCCN(CCOCc2ccc(OC)cc2)c2ccc(C=C3C(=O)NC(=O)NC3=O)cc2)cc1
CHEMBL4159798,PPARgamma,5.840,,1,0,,exact,Cn1c(COc2cccc(C(=O)O)c2)nc2ccc(Oc3ccccc3F)cc21
CHEMBL3695770,PPARgamma,7.890,,1,0,Active,exact,Cc1c(C)n(Cc2ccc(-c3ccccc3C(=O)O)cc2)c2ccc(C(=O)NCc3ccc(N(C)C)cc3)cc12
CHEMBL3695834,PPARgamma,6.720,,1,0,Active,exact,Cc1c(C)n(Cc2ccc(-c3ccccc3C(=O)O)cc2)c2ccc(C(=O)NCc3cccc(C(F)(F)F)c3)cc12
CHEMBL3905419,PPARgamma,6.080,,1,0,Active,exact,CCCCCCCc1nc2ccccc2n1Cc1ccc(-c2ccccc2C(N)=O)cc1
CHEMBL1081207,PPARgamma,,5.000,0,1,,censored,COc1ccc(-c2nc(COc3ccc4c(c3)CC(C(=O)O)O4)sc2-c2ccc(C(F)(F)F)cc2)cc1
CHEMBL3699381,PPARgamma,8.520,,1,0,Active,exact,Cc1c(C)n(Cc2ccc(-c3ccccc3)cc2)c2ccc(C(=O)N[C@H](C)c3c(F)ccc(F)c3F)cc12
CHEMBL4848052,PPARgamma,,5.000,0,1,,censored,Cc1cc(COc2ccc3c(c2)O/C(=C\c2ccc(C#N)cc2)C3=O)cc(C)c1OC(C)(C)C(=O)O
CHEMBL3699355,PPARgamma,7.960,,1,0,Active,exact,Cc1c(C)n(Cc2ccc(-c3ccccc3C(=O)O)cc2)c2ccc(C(=O)N[C@H](C)c3ccc(C(F)(F)F)cc3C(F)(F)F)cc12
CHEMBL231428,PPARgamma,,6.000,0,2,,censored,COCO[C@@H](COc1ccc(C(F)(F)F)cc1)CSc1ccc(OCC(=O)O)c(C)c1
CHEMBL3695871,PPARgamma,7.390,,1,0,Active,exact,Cc1c(C)n(Cc2ccc(-c3ccccc3)cc2)c2ccc(C(=O)N[C@@H](C)c3ccncc3Cl)cc12
CHEMBL3585575,PPARgamma,9.420,,2,0,Active,exact,CC[C@@H](OC(=O)N(Cc1ccccc1)C(=O)Nc1cc(OC)cc(OC)c1)c1cc(-c2ccc(OC(C)(C)C(=O)O)cc2)no1
CHEMBL266985,PPARgamma,6.570,,1,0,Active,exact,Cc1oc(-c2ccccc2)nc1CCOc1ccc(C[C@@H](CNC(=O)CCC(=O)O)Nc2ccccc2C(=O)c2ccccc2)cc1
CHEMBL2064741,PPARgamma,6.580,,2,0,Active,exact,O=C1NC(=S)NC(=O)C1=Cc1ccc(OCc2ccccc2)c(Cl)c1
CHEMBL117,PPARgamma,4.700,,3,0,Inactive,exact,O=c1cc(-c2ccccc2)oc2cc(O)cc(O)c12
CHEMBL150,PPARgamma,4.640,,1,0,Inactive,exact,O=c1c(O)c(-c2ccc(O)cc2)oc2cc(O)cc(O)c12
CHEMBL478335,PPARgamma,6.230,,1,0,Active,exact,Cc1oc(-c2ccccc2)nc1CCCc1ccc(CC(C(=O)O)c2ccc(-c3ccccc3)cc2)cc1
CHEMBL5963674,PPARgamma,4.590,,1,0,Inactive,exact,N#Cc1ccc(Cl)c(C(=O)Nc2ccnc(N3CCOCC3)c2)c1
CHEMBL484462,PPARgamma,6.130,,1,0,Active,exact,CCO[C@@H](Cc1cccc(C2=NOC(c3ccc(Br)cc3)C2)c1)C(=O)O
CHEMBL497204,PPARgamma,6.710,,2,0,Active,exact,CCC#CCOc1cc(COC2CCCC2)ccc1Sc1ccc(OCC(=O)O)c2c1CCCC2
CHEMBL429734,PPARgamma,6.600,,1,0,Active,exact,Cc1oc(-c2cccc(Cl)c2)nc1CCOc1cccc(C[C@@H]2C(=O)N(c3ccc(C(C)(C)C)cc3)[C@@H]2C(=O)O)c1
CHEMBL3752848,PPARgamma,4.650,,1,0,Inactive,exact,O=C1NC(=O)C(=Cc2ccc(N(CCO)CCOC(c3ccccc3)(c3ccccc3)c3ccccc3)cc2)C(=O)N1
CHEMBL4542058,PPARgamma,5.100,,1,0,,exact,CCOc1cc(/C=C2\S/C(=N/c3ccc(Cl)c(C(=O)O)c3)N(C)C2=O)cc(Cl)c1O
CHEMBL175213,PPARgamma,6.300,,1,0,Active,exact,CCCc1c(OCCCOc2ccccc2CC(=O)O)ccc2c(-c3ccccc3)noc12
CHEMBL3678122,PPARgamma,6.500,,1,0,Active,exact,Cc1c(C)n(Cc2ccc(O[C@@H](C)C(=O)O)cc2)c2ccc(C(=O)N[C@@H](C)c3cccc(C(C)C)c3)cc12
CHEMBL5090142,PPARgamma,5.750,,1,0,,exact,Cc1cc(Cn2ncn(-c3ccc(C(F)(F)F)cc3)c2=O)ccc1OC(C)(C)C(=O)O
CHEMBL279053,PPARgamma,7.000,,3,0,Active,exact,CCCc1c(OCCCSc2ccc(CC(=O)O)cc2Cl)ccc2c(CC)noc12
CHEMBL3678130,PPARgamma,8.300,,1,0,Active,exact,Cc1c(C)n(Cc2ccc(Cl)c(O[C@@H](C)C(=O)O)c2)c2ccc(C(=O)N[C@@H](C)c3cccc(OC(C)C)c3)cc12
CHEMBL2204694,PPARgamma,6.100,,1,0,Active,exact,CC(C)(Oc1ccc(CCCOc2ccc(/C=C/c3ccccc3)cc2)cc1)C(=O)O
CHEMBL3695900,PPARgamma,7.890,,1,0,Active,exact,Cc1ccc([C@H](C)NC(=O)c2ccc3c(c2)c(C)c(C)n3Cc2ccc(-c3ccccc3)cc2)cc1
CHEMBL2031857,PPARgamma,5.090,,1,0,,exact,CC(C)=CCC/C(C)=C/Cc1c(O)cc(/C=C/c2ccc(C(F)(F)F)cc2)cc1O
CHEMBL4280282,PPARgamma,6.850,,1,0,Active,exact,COc1cc(C(=O)NS(=O)(=O)c2cccc(Cl)c2)ccc1Cc1cn(C)c2ccc(NC(=O)OC3CCCC3)cc12
CHEMBL598156,PPARgamma,,5.000,0,1,,censored,O=C(NCCS(=O)(=O)c1ccc(C(F)(F)F)cn1)c1ccc(Cl)cc1Cl
CHEMBL403847,PPARgamma,6.800,,1,0,Active,exact,COc1ccc(N2C(=O)C(Cc3cccc(OCCc4nc(-c5ccccc5)oc4C)c3)C2C(=O)O)cc1
CHEMBL4094497,PPARgamma,8.700,,1,0,Active,exact,O=S(=O)(Nc1cc(Cl)c(Oc2cnc3ccccc3c2)c(Cl)c1)c1ccc(Br)cc1F
CHEMBL229785,PPARgamma,,5.000,0,1,,censored,COc1ccc(CC(C)C(=O)O)cc1CNC(=O)c1ccc(C(F)(F)F)cc1
CHEMBL3828133,PPARgamma,5.910,,1,0,,exact,CCCCOC(=O)N(CC(=O)O)Cc1cc(OCc2nc(-c3ccc(Cl)cc3)oc2C)ccc1F
CHEMBL4458573,PPARgamma,5.140,,2,0,,exact,O=C(O)[C@@H](Oc1cccc(C(F)(F)F)c1)c1ccc(Cl)cc1
CHEMBL200984,PPARgamma,5.530,,1,0,,exact,O=C(O)Cn1ccc2c(OCCCOc3ccc(C(=O)c4ccc(F)cc4)cc3)cccc21
CHEMBL3699386,PPARgamma,7.240,,1,0,Active,exact,Cc1c(C)n(Cc2ccc(-c3ccccc3)cc2)c2ccc(C(=O)N[C@@H](C)[C@@H]3CCN(C(=O)OCc4ccccc4)C3)cc12
CHEMBL1544,PPARgamma,5.695,,2,0,,exact,N[C@@H](Cc1cc(I)c(Oc2ccc(O)c(I)c2)c(I)c1)C(=O)O
CHEMBL1214745,PPARgamma,6.400,,1,0,Active,exact,CCCc1nc2cc(Br)ccc2n1Cc1ccc(-c2ccccc2C(=O)O)cc1
CHEMBL5440454,PPARgamma,5.310,,1,0,,exact,CC(C)(Oc1c(Cl)cc(CN2C(=O)CN(c3ccc(C(F)(F)F)cc3)C2=O)cc1Cl)C(=O)O
CHEMBL1935500,PPARgamma,6.510,,1,0,Active,exact,C/C=C/C=C/C(=O)N1Cc2cc(OCCc3nc(/C=C/C(C)CCC)oc3C)ccc2C[C@H]1C(=O)O.CC(C)(C)N
CHEMBL1089827,PPARgamma,5.350,,1,0,,exact,Cc1cccc(Nc2cc(Cl)nc(SC(C(=O)O)c3ccc(-c4ccccc4)c4ccccc34)n2)c1C
CHEMBL5206276,PPARgamma,8.440,,2,0,Active,exact,CCc1ccc(-c2nc3cc(NC(=O)c4cc([N+](=O)[O-])ccc4F)ccc3o2)cc1
CHEMBL372519,PPARgamma,6.800,,1,0,Active,exact,Cc1oc(-c2ccccc2)nc1CCOc1ccc2c(c1)CCC2C(C(=O)O)C1CC1
CHEMBL5080884,PPARgamma,5.890,,1,0,,exact,Cc1nc(-c2ccc(C(F)(F)F)c(F)c2)sc1CSc1ccc(/C=C/C(=O)O)cc1
CHEMBL5271479,PPARgamma,5.960,,1,0,,exact,Cc1ccc(CC(=O)O)cc1OCCN1CCN(c2nc3ccc(Cl)cc3s2)C[C@@H]1C
CHEMBL6148598,PPARgamma,5.305,,2,0,,exact,Cc1cccc(S2(=O)=N[Se]c3ccc(C)cc32)c1
CHEMBL6146692,PPARgamma,6.415,,2,0,Active,exact,O=S1(c2cccc(Cl)c2)=N[Se]c2ccc(Cl)cc21
CHEMBL5523522,PPARgamma,,5.000,0,1,,censored,Cc1cc(CN2CCN(c3ccc(C(F)(F)F)nc3)CC2)cc(C)c1OC(C)(C)C(=O)O
CHEMBL1927475,PPARgamma,,6.000,0,1,,censored,Cc1nc(-c2ccc(C(F)(F)F)cc2)sc1CSc1ccc(OC(F)C(=O)O)c(C(C)C)c1
CHEMBL474947,PPARgamma,5.590,,2,0,,exact,Cc1oc(-c2ccccc2)nc1CCOc1ccc(Cc2nn(-c3ccccc3)nc2C(=O)O)cc1
CHEMBL20280,PPARgamma,6.000,,1,0,Active,exact,CC(C)(Sc1ccc(CCN(CCCCC2CCCCC2)C(=O)Nc2cccc(C#N)c2)cc1)C(=O)O
CHEMBL452054,PPARgamma,7.600,,1,0,Active,exact,Cc1c(Oc2ccc(Cl)cc2)c2cccnc2n1Cc1cc(O[C@@H](C)C(=O)O)ccc1Cl
CHEMBL4060007,PPARgamma,7.090,,1,0,Active,exact,COc1ccc(S(=O)(=O)n2c(CCCC(=O)O)cc3cc(C(F)(F)F)ccc32)cc1
CHEMBL3695793,PPARgamma,6.520,,1,0,Active,exact,C[C@H](NC(=O)c1ccc2c(ccn2Cc2ccc(-c3ccc(O)cc3)cc2)c1)c1ccc([N+](=O)[O-])cc1
CHEMBL3678152,PPARgamma,6.670,,1,0,Active,exact,Cc1c(C)n(Cc2cccc(O[C@@H](C)C(=O)O)c2)c2ccc(C(=O)N[C@@H](C)c3ccc(C(F)(F)F)cc3)cc12
CHEMBL4527893,PPARgamma,5.630,,1,0,,exact,CCCCc1nc(C2CC2)c(CC(=O)OC)c(=O)n1Cc1ccc(-c2ccccc2-c2noc(=O)[nH]2)cc1
CHEMBL4456647,PPARgamma,6.000,,1,0,Active,exact,CCCCc1nc(C)c(CC(=O)OC2CCCCC2)c(=O)n1Cc1ccc(-c2ccccc2-c2noc(=O)[nH]2)cc1
CHEMBL5171962,PPARgamma,,5.000,0,1,,censored,O=C(O)c1ccc2c(c1)Oc1ccc(OCc3c(-c4c(Cl)cccc4Cl)noc3C3CC3)nc1C1(CC1)C2
CHEMBL2331775,PPARgamma,7.580,,2,0,Active,exact,CCNC(=O)c1cc(NS(=O)(=O)c2ccc(Cl)c(Cl)c2)ccc1Oc1cncc(Cl)c1
CHEMBL1082090,PPARgamma,,5.000,0,1,,censored,COc1ccc(-c2nc(COc3ccc(CC(=O)O)cc3Cl)sc2-c2ccc(C(F)(F)F)cc2)cc1
CHEMBL5277813,PPARgamma,,4.319,0,1,Inactive,censored,COc1cc(N2CC[C@@H](Oc3ccc(N4C[C@H](C(F)(F)F)[C@@H](C)[C@@H]4CC(=O)O)cc3)[C@H](C)C2)c(Cl)cn1
CHEMBL520827,PPARgamma,5.300,,1,0,,exact,COc1cccc2c1CCN(S(=O)(=O)c1cccc(C(=O)Nc3ccc(Cl)cc3C(=O)O)c1)C2
CHEMBL2042811,PPARgamma,7.800,,1,0,Active,exact,COc1cc(O)c2c(c1C(=O)NCc1c(C)ccc3c(F)cccc13)OC1=CC(O)=C(C(C)=O)C(=O)[C@]12C
CHEMBL3397717,PPARgamma,5.330,,1,0,,exact,CCCC/C(=C\c1cc(OCc2cc(C(F)(F)F)cc(C(F)(F)F)c2)ccc1OCc1ccc(C(F)(F)F)cc1)C(=O)O
CHEMBL5594595,PPARgamma,4.710,,1,0,Inactive,exact,C/C=C(\C)C(=O)O[C@@H](C[C@@]1(C)[C@H](C)C[C@H](OC(C)=O)[C@]2(COC(C)=O)[C@@H]1[C@H](O)CC[C@]21CO1)C1=CC(=O)OC1
CHEMBL3764102,PPARgamma,5.200,,1,0,,exact,CCC(Cc1ccc(C(=O)NCc2ccc(C(F)(F)F)cc2)cc1)C(=O)O
CHEMBL5558175,PPARgamma,5.460,,1,0,,exact,Cc1cc(CN2CCN(c3cc(C(F)(F)F)ccn3)CC2)cc(C)c1OC(C)(C)C(=O)O
CHEMBL223349,PPARgamma,6.390,,2,0,Active,exact,Cc1oc(-c2ccccc2)nc1CCOc1ccc(CCC(=O)O)c(CNC(=O)CCc2ccccc2)c1
CHEMBL572565,PPARgamma,5.620,,1,0,,exact,O=C(O)C(Cc1ccccc1)Oc1ccc(OCc2ccccc2)cc1
CHEMBL147294,PPARgamma,6.010,,1,0,Active,exact,Cc1cccc(COc2ccc(C[C@H](Nc3ccccc3C(=O)c3ccccc3)C(=O)O)cc2)c1
CHEMBL5558844,PPARgamma,,5.000,0,1,,censored,CC(C)(Oc1ccc(CN2CCN(c3ccc(C(F)(F)F)cc3)CC2)cc1)C(=O)O
CHEMBL6166075,PPARgamma,5.770,,1,0,,exact,O=C(O)[C@@H](Cc1ccccc1)Oc1ccc(-c2cc3ccccc3c3ccccc23)cc1
CHEMBL4863779,PPARgamma,6.540,,1,0,Active,exact,CCOc1ccc2c(c1)O/C(=C\c1cc(C)c(OC(C)(C)C(=O)O)c(C)c1)C2=O
CHEMBL5207420,PPARgamma,5.170,,1,0,,exact,CC(SCc1ccccc1)C(NC(=O)c1ccccc1)C(=O)O
CHEMBL344776,PPARgamma,5.940,,1,0,,exact,Cc1oc(-c2ccccc2)nc1CCOc1ccc(CC(Nc2ccccc2C(=O)c2cccc(CN(C)C)c2)C(=O)O)cc1
CHEMBL4281564,PPARgamma,7.770,,1,0,Active,exact,CCc1nc2ccccc2n1Cc1ccc2c(c1)COc1ccccc1/C2=C(\C)c1noc(=O)[nH]1
CHEMBL511989,PPARgamma,5.700,,1,0,,exact,CCCCCCC[C@H]1C(=O)C=C[C@H]1OCCCCCC(=O)O
CHEMBL1946567,PPARgamma,6.590,,1,0,Active,exact,C[C@@H](Oc1cc(Cn2c(=O)n(C(=O)c3ccc(Cl)cc3)c3ccc(C(F)(F)F)cc32)ccc1Cl)C(=O)O
CHEMBL5429581,PPARgamma,,5.301,0,1,,censored,Cc1cc(CN2C(=O)CN(c3ccc(S(C)(=O)=O)cc3)C2=O)cc(C)c1OC(C)(C)C(=O)O
CHEMBL1079382,PPARgamma,,5.000,0,1,,censored,COc1ccc(-c2nc(CSc3ccc(CC(=O)O)cc3Cl)sc2-c2ccc(C(F)(F)F)cc2)cc1
CHEMBL5091066,PPARgamma,5.920,,1,0,,exact,Cc1ccc(/N=N/c2ccc(OCCc3ccc(OC(C)(C)C(=O)O)cc3)c(C(F)(F)F)c2)cc1
CHEMBL477690,PPARgamma,,4.301,0,1,Inactive,censored,Cc1oc(-c2ccccc2)nc1CNCc1ccc(C[C@@H](C(=O)O)n2cccc2)cc1
CHEMBL383233,PPARgamma,6.760,,1,0,Active,exact,O=S(=O)(Nc1cc(-c2cccs2)nn1-c1ccc(F)cc1)c1ccc(-c2cc(C(F)(F)F)on2)s1
CHEMBL421781,PPARgamma,7.630,,1,0,Active,exact,CN(CCOc1ccc(CC(Nc2sccc2C(=O)c2ccccc2)C(=O)O)cc1)c1nc2ccccc2o1
CHEMBL4090484,PPARgamma,6.110,,1,0,Active,exact,CCCc1nc2ccc(-c3cccc(Cl)c3)cc2n1Cc1ccc(-c2ccccc2C(=O)O)cc1
CHEMBL4079308,PPARgamma,6.380,,1,0,Active,exact,O=C(O)CCCc1cc2cc(C(F)(F)F)ccc2n1S(=O)(=O)c1ccccc1
CHEMBL2312711,PPARgamma,5.590,,1,0,,exact,Cc1cccc(C)c1-c1ccc(O[C@@H](Cc2ccccc2)C(=O)O)cc1
CHEMBL3984220,PPARgamma,5.980,,1,0,,exact,CCCC1Sc2ccccc2N1Cc1ccc(-c2ccccc2C(=O)O)cc1
CHEMBL4243162,PPARgamma,,5.000,0,1,,censored,Cc1cc(SC(Cc2c(F)cccc2Cl)c2ccc(-c3ccc(F)cc3)cc2)ccc1OCC(=O)O
CHEMBL78529,PPARgamma,6.540,,1,0,Active,exact,CCC(Cc1ccc(OCCc2nc(-c3ccccc3)oc2C)cc1)(Oc1ccccc1)C(=O)O
CHEMBL173494,PPARgamma,7.470,,1,0,Active,exact,CCCc1c(OCCCOc2ccc(OCC(=O)O)cc2)ccc2c(-c3ccccc3)noc12
CHEMBL325172,PPARgamma,5.850,,1,0,,exact,O=C(O)c1cccc(-c2ccc(NC(=O)c3ccc(Cl)cc3Cl)c(C(=O)[O-])c2)c1.[Li+]
CHEMBL1090878,PPARgamma,6.300,,1,0,Active,exact,Cc1ccc(OC(=O)N(CC(=O)O)Cc2cccc(OCc3nc(-c4ccc(C(C)C)cc4)oc3C)c2)cc1
CHEMBL125895,PPARgamma,6.190,,1,0,Active,exact,C/C(=N\OCCOc1ccc(CC2SC(=O)NC2=O)cc1)c1ccc(-c2ccccn2)cc1
CHEMBL1600564,PPARgamma,5.200,,1,0,,exact,CC(C)(Oc1ccc(-c2cccc3ccccc23)cc1)C(=O)O
CHEMBL3699347,PPARgamma,7.470,,1,0,Active,exact,Cc1c(C)n(Cc2ccc(-c3ccccc3C(=O)O)cc2)c2ccc(C(=O)N[C@@H](C)c3ccc(OC(C)C)cc3)cc12
CHEMBL4758410,PPARgamma,5.000,,3,0,,exact,O[C@@H]1[C@H](O)CO[C@H]1Cn1cnc2c(NCc3cccc(I)c3)nc(Cl)nc21
CHEMBL147042,PPARgamma,5.900,,1,0,,exact,O=C(c1ccccc1)c1ccc(N[C@@H](Cc2ccc(OCc3ccccc3)cc2)C(=O)O)cc1
CHEMBL3695822,PPARgamma,7.920,,1,0,Active,exact,Cc1ccc(CNC(=O)c2ccc3c(c2)c(C)c(C)n3Cc2ccc(-c3ccccc3C(=O)O)cc2)o1
CHEMBL1090493,PPARgamma,5.050,,1,0,,exact,O=C(O)C(Sc1nc(Cl)cc(Nc2ccc(Cl)cc2)n1)c1cccc2ccccc12
CHEMBL4440354,PPARgamma,5.860,,1,0,,exact,CCCCc1nc(C)c(Cc2nc(Cc3cc(F)cc(F)c3)no2)c(=O)n1Cc1ccc(-c2ccccc2-c2noc(=O)[nH]2)cc1
CHEMBL4853930,PPARgamma,5.790,,1,0,,exact,Cc1cc(COc2ccc3c(c2)O/C(=C\c2ccc(SC(F)(F)F)cc2)C3=O)cc(C)c1OC(C)(C)C(=O)O
CHEMBL410478,PPARgamma,9.550,,3,0,Active,exact,C/C(=C/C(=O)c1ccccc1)N[C@@H](Cc1ccc(OCCc2nc(-c3ccccc3)oc2C)cc1)C(=O)O
CHEMBL602670,PPARgamma,7.750,,1,0,Active,exact,Cc1c(C)n(Cc2ccc(-c3ccccc3C(=O)O)cc2)c2ccc(C(=O)NCCCc3ccccc3)cc12
CHEMBL4170594,PPARgamma,7.920,,1,0,Active,exact,CCc1ccc2ccc(F)cc2c1CNC(=O)c1c(OC)cc(O)c2c1OC1=CC(O)=C(C(C)=O)C(=O)[C@]12C
CHEMBL355695,PPARgamma,7.360,,3,0,Active,exact,CCO[C@@H](Cc1ccc(OCCn2c3ccc(Br)cc3c3cc(Br)ccc32)cc1)C(=O)O
CHEMBL213602,PPARgamma,7.820,,1,0,Active,exact,CCOC(Cc1ccc2c(ccn2Cc2nc(-c3ccc(C(C)(C)C)cc3)oc2C)c1)C(=O)O
CHEMBL5173312,PPARgamma,7.565,,2,0,Active,exact,CCc1ccc(-c2nc3cc(NC(=O)c4cc(C#N)ccc4Cl)ccc3o2)cc1
CHEMBL371964,PPARgamma,,5.000,0,1,,censored,CC[C@@H](C(=O)O)[C@H]1CCc2cc(OCCc3nc(-c4ccc(F)cc4)oc3C)ccc21
CHEMBL426451,PPARgamma,6.660,,1,0,Active,exact,CCCc1cc(C(=O)CC)cc(Cl)c1O[C@H](C(=O)O)c1ccc(C(C)C)cc1
CHEMBL427408,PPARgamma,,5.000,0,1,,censored,CCOC(Cc1cccc2c1ccn2CCc1nc(-c2ccccc2)oc1C)C(=O)O
CHEMBL3695779,PPARgamma,8.000,,1,0,Active,exact,COc1cc(CNC(=O)c2ccc3c(c2)c(C)c(C)n3Cc2ccc(-c3ccccc3C(=O)O)cc2)cc(OC)c1
CHEMBL146637,PPARgamma,8.580,,1,0,Active,exact,CN(CCOc1ccc(CC(Nc2ccccc2C(=O)c2cccc(C(F)(F)F)c2)C(=O)O)cc1)c1nc2ccccc2o1
CHEMBL199846,PPARgamma,,5.000,0,1,,censored,CCC(C(=O)O)C1CCc2cc(OCCCc3nc(-c4ccccc4)oc3C(F)(F)F)ccc21
CHEMBL3699407,PPARgamma,7.500,,1,0,Active,exact,Cc1c(C)n(Cc2ccc(-c3ccccc3C(=O)O)cc2)c2ccc(C(=O)N[C@H](C)c3ccc(C4CC4)nc3)cc12
CHEMBL4637025,PPARgamma,6.520,,1,0,Active,exact,O=C(O)Cc1cc(Br)c(Oc2cc(I)c(O)c(I)c2)c(I)c1
CHEMBL416794,PPARgamma,5.010,,1,0,,exact,Cc1nc(-c2ccc(C(F)(F)F)cc2)oc1COc1ccc(OCC(=O)O)cc1
CHEMBL3678085,PPARgamma,8.050,,1,0,Active,exact,C[C@@H](NC(=O)c1ccc2c(ccn2Cc2ccc(F)cc2F)c1)c1ccc(Br)cc1
CHEMBL3962832,PPARgamma,5.750,,1,0,,exact,CS(=O)(=O)Oc1ccc(C(=O)OCc2ccc(CC(SCCc3ccc(F)cc3)C(=O)O)cc2)cc1
CHEMBL4863504,PPARgamma,5.230,,2,0,,exact,CC1=C(CC(=O)O)c2cc(F)ccc2/C1=C\c1cccc(O)c1
CHEMBL3398434,PPARgamma,,5.000,0,1,,censored,CCOC(=O)N1C[C@H](CC(=O)O)[C@H](c2ccc(OCCc3nc(-c4ccccc4)oc3C)cc2)C1
CHEMBL4474407,PPARgamma,7.300,,1,0,Active,exact,CCCCCCC(Sc1nc2ccc(NS(=O)(=O)c3ccc(Cl)cc3)cc2s1)C(=O)O
CHEMBL2322446,PPARgamma,6.730,,1,0,Active,exact,CCc1nc2ccn(Cc3ccccc3C(F)(F)F)c(=O)c2n1[C@H]1CCc2cc(-c3ccccc3-c3nnn[nH]3)ccc21
CHEMBL2011541,PPARgamma,4.660,,1,0,Inactive,exact,CC(C)(O)C1=C[C@@H](O)[C@@](C)(O)CC1
CHEMBL3695768,PPARgamma,7.640,,1,0,Active,exact,Cc1c(C)n(Cc2ccc(-c3ccccc3C(=O)O)cc2)c2ccc(C(=O)NCc3ccc(C(C)C)cc3)cc12
CHEMBL3094431,PPARgamma,5.190,,1,0,,exact,CCCCCCC(Sc1nc(Cl)cc(Nc2nc(-c3ccc(Cl)cc3)cs2)n1)C(=O)O
CHEMBL2022748,PPARgamma,7.960,,1,0,Active,exact,COCCCS(=O)(=O)NC(=O)CCc1ccc(OCCOC)cc1Oc1ncc(C(F)(F)F)cc1Cl
CHEMBL3695796,PPARgamma,,6.000,0,1,,censored,C[C@H](NC(=O)c1ccc2c(ccn2Cc2ccc(-c3cccc(N)c3)cc2)c1)c1ccc([N+](=O)[O-])cc1
CHEMBL1017,PPARgamma,5.420,,14,0,,exact,CCCc1nc2c(C)cc(-c3nc4ccccc4n3C)cc2n1Cc1ccc(-c2ccccc2C(=O)O)cc1
CHEMBL3695813,PPARgamma,7.580,,3,0,Active,exact,Cc1c(C)n(Cc2ccc(-c3ccccc3C(=O)O)cc2)c2ccc(C(=O)NC(c3ccccc3)c3ccccc3)cc12
CHEMBL323773,PPARgamma,6.230,,2,0,Active,exact,CCCc1cc2c(C(F)(F)F)noc2c(CCC)c1OC(C(=O)O)c1ccccc1
CHEMBL3358035,PPARgamma,5.700,,1,0,,exact,C=C[C@H](C#CC#C[C@@H](O)/C=C\CCCCCCC)O[C@]1(C)CC[C@@H](O)[C@]2(C)CC[C@@H](C(C)C)[C@@H](O)[C@H]21
CHEMBL197496,PPARgamma,6.900,,1,0,Active,exact,CCCc1c(OCCCOc2cccc3c2ccn3CC(=O)O)ccc2c(-c3ccccc3)noc12
CHEMBL3695809,PPARgamma,8.400,,1,0,Active,exact,CCC(NC(=O)c1ccc2c(ccn2Cc2ccccc2-c2cccc(C(=O)O)c2)c1)c1ccccc1
CHEMBL4454550,PPARgamma,,4.000,0,1,Inactive,censored,O=C(O)c1cc(F)cc(NCc2ccc(OCc3ccc(F)cc3)cc2)c1
CHEMBL3695808,PPARgamma,,6.000,0,1,,censored,CCC(NC(=O)c1ccc2c(ccn2Cc2ccccc2-c2ccccc2C(=O)O)c1)c1ccccc1
CHEMBL1760422,PPARgamma,5.300,,1,0,,exact,CCCCN(c1cccc(-c2ccc(Cl)c(Cl)c2)c1C)S(=O)(=O)c1ccc(OC(C)C(=O)O)c(C)c1C
CHEMBL199928,PPARgamma,7.470,,1,0,Active,exact,CCC(C(=O)O)C1CCc2cc(OCCc3nc(-c4cccc(C)c4)oc3C)ccc21
CHEMBL2322438,PPARgamma,,4.000,0,1,Inactive,censored,CCc1nc2ccn(CC(=O)N(C)C)c(=O)c2n1[C@H]1CCc2cc(-c3ccccc3-c3nnn[nH]3)ccc21
CHEMBL4449687,PPARgamma,4.670,,1,1,Inactive,exact,CCOc1ccc(-c2ccc(CCCc3nn(-c4ccc(C(F)(F)F)cc4)c(=O)n3-c3ccccc3F)cc2)cc1CC(=O)O
CHEMBL4166201,PPARgamma,6.520,,1,0,Active,exact,Cc1cc(Oc2ccc3nc(COc4cccc(C(=O)O)c4)n(C)c3c2)cc(C)c1N.Cl.Cl
CHEMBL2011540,PPARgamma,4.720,,1,0,Inactive,exact,COc1cc([C@@H]2OC[C@@H]3[C@H]2CO[C@H]3c2ccc3c(c2)OCO3)ccc1O
CHEMBL4094026,PPARgamma,6.000,,1,0,Active,exact,CCCc1nc2cc(-c3ccc(O)cc3)ccc2n1Cc1ccc(-c2ccccc2C(=O)O)cc1
CHEMBL4095614,PPARgamma,4.680,,1,0,Inactive,exact,CCN(CCOc1ccc(CC2SC(=O)NC2=O)cc1)c1ccccn1
CHEMBL4875481,PPARgamma,6.000,,1,0,Active,exact,Cc1cc(COc2ccc3c(c2)O/C(=C\c2ccc(-c4ccccc4)cc2)C3=O)cc(C)c1OC(C)(C)C(=O)O
CHEMBL371091,PPARgamma,5.620,,1,0,,exact,CCCc1c(OCCCOc2ccc3c(ccn3CC(=O)O)c2)ccc2c(C(=O)C(F)(F)F)c[nH]c12
CHEMBL4094877,PPARgamma,6.550,,1,0,Active,exact,O=C(O)CCCc1cc2cc(Cl)ccc2n1S(=O)(=O)c1ccccc1
CHEMBL3695782,PPARgamma,9.300,,1,0,Active,exact,Cc1c(C)n(Cc2ccc(-c3ccccc3C(=O)O)cc2)c2ccc(C(=O)NC(C)(C)c3ccccc3)cc12
CHEMBL5558320,PPARgamma,5.400,,1,0,,exact,COc1cccc(COc2ccc(/C=C3\SC(Nc4ccc(S(N)(=O)=O)cc4)=NC3=O)cc2OC)c1
CHEMBL5517725,PPARgamma,5.580,,1,0,,exact,Cc1cc(CN2CCN(c3ncccc3C(F)(F)F)CC2)cc(C)c1OC(C)(C)C(=O)O
CHEMBL2037585,PPARgamma,,5.000,0,1,,censored,Cc1cc(SC(Cc2ccc(C(F)(F)F)cc2)c2sc(-c3ccc(C(F)(F)F)cc3)nc2C)ccc1OCC(=O)O
CHEMBL473952,PPARgamma,7.245,,2,0,Active,exact,Cc1oc(-c2ccccc2)nc1CCOc1cccc(Cc2nn(-c3ccccc3)cc2C(=O)O)c1
CHEMBL604959,PPARgamma,,5.000,0,1,,censored,O=C(NCCS(=O)(=O)c1ccc(C(F)(F)F)cn1)c1ccc(OC(F)(F)F)cc1
CHEMBL358325,PPARgamma,8.775,,2,0,Active,exact,Cc1sc(N2CCN(C)CC2)nc1CCOc1ccc(C[C@H](Nc2ccccc2C(=O)c2ccccc2)C(=O)O)cc1
CHEMBL569372,PPARgamma,5.760,,1,0,,exact,CCCCCCCCCCCC/C(=C\CCCC(=O)O)[N+](=O)[O-]
CHEMBL257891,PPARgamma,5.960,,1,0,,exact,COc1ccc(N2C(=O)[C@H](Cc3cccc(OCCc4nc(-c5ccccc5)oc4C)c3)[C@@H]2C(=O)O)cc1
CHEMBL496593,PPARgamma,6.685,,2,0,Active,exact,CCC#CCOc1cc(COCC2CC2)ccc1Sc1ccc(OCC(=O)O)c2c1CCCC2
CHEMBL52633,PPARgamma,6.760,,2,0,Active,exact,CCCc1cc(Oc2ccc(S(C)(=O)=O)cc2)ccc1OCCCOc1ccc(C2SC(=O)NC2=O)cc1
CHEMBL192152,PPARgamma,5.800,,1,0,,exact,CCCc1cc2c(C(F)(F)F)noc2c(CCC)c1OC(C)(C)C(=O)O
CHEMBL199730,PPARgamma,7.520,,1,0,Active,exact,CC[C@H](C(=O)O)[C@@H]1CCc2cc(OCCc3nc(-c4ccc(C)cc4)oc3C)ccc21
CHEMBL118546,PPARgamma,6.750,,1,0,Active,exact,O=C(Nc1ccc(Oc2ccc([N+](=O)[O-])cn2)cc1C(=O)[O-])c1ccc(Cl)cc1Cl.[Li+]
CHEMBL3764848,PPARgamma,5.660,,1,0,,exact,CC/C(=C\c1ccc(C(=O)NCc2ccccc2C(F)(F)F)cc1)C(=O)O
CHEMBL4164343,PPARgamma,6.000,,1,0,Active,exact,CCOC(Cc1ccc(OCCn2c(=O)sc3cc(/C=C/c4cc(O)cc(O)c4)ccc32)cc1)C(=O)O
CHEMBL1813870,PPARgamma,4.880,,1,0,Inactive,exact,CC(=O)OC[C@@]12[C@@H](OC(C)=O)C[C@@H](C)[C@](C)(C[C@H](O)C3=CC(=O)OC3)[C@H]1CCC[C@]21CO1
CHEMBL4277723,PPARgamma,7.480,,1,0,Active,exact,CCCc1nc2c(CO)cccc2n1Cc1ccc2c(c1)COc1ccccc1/C2=C(\C)c1noc(=O)[nH]1
CHEMBL4550608,PPARgamma,5.980,,1,0,,exact,CCCCc1nc(C(C)C)c(Cc2nc(C)no2)c(=O)n1Cc1ccc(-c2ccccc2-c2noc(=O)[nH]2)cc1
CHEMBL165,PPARgamma,4.110,,1,0,Inactive,exact,Oc1ccc(/C=C/c2cc(O)cc(O)c2)cc1
CHEMBL4159730,PPARgamma,6.400,,1,0,Active,exact,Cc1cc(Oc2ccc3nc(COc4ccc(C#N)cc4)n(C)c3c2)cc(C)c1N.Cl.Cl
CHEMBL3398456,PPARgamma,6.440,,2,0,Active,exact,Cc1oc(-c2ccccc2)nc1CCOc1cccc(CC[C@@H]2CN(C(=O)Oc3ccccc3)C[C@@H]2C(=O)O)c1
CHEMBL4288463,PPARgamma,6.710,,1,0,Active,exact,CCc1nc2c(C)cc(C)nc2n1Cc1ccc2c(c1)CCc1ccccc1C2C(C)c1nn[nH]n1
CHEMBL367549,PPARgamma,5.370,,1,0,,exact,CC[C@]1(C(=O)O)CCc2ccc(OCCCOc3ccc(C(F)(F)F)cc3Cl)cc2O1
CHEMBL20495,PPARgamma,5.920,,1,0,,exact,COc1ccc(NC(=O)N(CCc2ccc(SC(C)(C)C(=O)O)cc2)CCc2ccc(-c3ccccc3)cc2)c(OC)c1
CHEMBL4463449,PPARgamma,5.720,,1,0,,exact,CCCC/C(=C\c1cc(OCc2ccc3nc(C(F)(F)F)cc(OC)c3c2)ccc1OCc1ccc(OC(F)(F)F)cc1)C(=O)O
CHEMBL5594180,PPARgamma,5.000,,1,0,,exact,C/C=C(\C)C(=O)O[C@@H](C[C@@]1(C)[C@H](C)C[C@H](OC(C)=O)[C@]2(COC(C)=O)[C@@H]1CCC[C@]2(O)CCl)C1=CC(=O)OC1
CHEMBL4589453,PPARgamma,5.650,,1,0,,exact,CCCCOC(=O)Cc1c(C)nc(CCCC)n(Cc2ccc(-c3ccccc3-c3noc(=O)[nH]3)cc2)c1=O
CHEMBL1935493,PPARgamma,6.170,,1,0,Active,exact,C/C=C/C=C/C(=O)N1Cc2cc(OCCc3nc(/C=C/C(C)C)oc3C)ccc2C[C@H]1C(=O)O.CC(C)(C)N
CHEMBL1819392,PPARgamma,5.470,,1,0,,exact,CCCCC(Sc1cc(OCCc2ccccc2)cc(OCCc2ccccc2)c1)C(=O)O
CHEMBL4593987,PPARgamma,7.080,,1,0,Active,exact,C/C(=C\CC[C@]1(C)CCc2cc(O)cc(C)c2O1)CC/C=C(\C)C(=O)O
CHEMBL237518,PPARgamma,7.920,,1,0,Active,exact,Cc1cc(CNC(=O)c2ccc(C(F)(F)F)cc2F)cc(Oc2ccc(OC(C)(C)C(=O)O)c(C)c2)c1
CHEMBL196261,PPARgamma,5.170,,1,0,,exact,CCCCCOc1ccccc1C(O)CCCCCCC(=O)[O-].[Na+]
CHEMBL4855296,PPARgamma,,5.000,0,1,,censored,Cc1cc(COc2ccc3c(c2)O/C(=C\c2ccccc2C(F)(F)F)C3=O)cc(C)c1OC(C)(C)C(=O)O
CHEMBL83489,PPARgamma,5.920,,1,0,,exact,C/C=C/CC(=O)N(C)CCOc1ccc(CC2SC(=O)NC2=O)cc1
CHEMBL146579,PPARgamma,8.570,,1,0,Active,exact,CN(CCOc1ccc(CC(Nc2ccccc2C(=O)c2ccccc2C(F)(F)F)C(=O)O)cc1)c1nc2ccccc2o1
CHEMBL83924,PPARgamma,6.570,,1,0,Active,exact,CCCCCCCCC(=O)NCCOc1ccc(CC2SC(=O)NC2=O)cc1
CHEMBL109638,PPARgamma,6.850,,2,0,Active,exact,C[C@]1(C(=O)O)CCc2ccc(OCCCOc3ccc(Oc4ccccc4)cc3Cl)cc2O1
CHEMBL230670,PPARgamma,6.030,,1,0,Active,exact,COc1cc(C2NC(=O)NC(C)=C2C(=O)O)ccc1OCCOc1cc(C)nc2ccccc12
CHEMBL147323,PPARgamma,6.890,,1,0,Active,exact,Cc1ccccc1CCOc1ccc(C[C@H](Nc2ccccc2C(=O)c2ccccc2)C(=O)O)cc1
CHEMBL5281604,PPARgamma,5.660,,1,1,,exact,O=C(NCc1ccccc1)c1cc(C(=O)Nc2ccccc2)c(Cl)c(C(F)(F)F)c1
CHEMBL3699348,PPARgamma,7.460,,1,0,Active,exact,Cc1c(C)n(Cc2ccc(-c3ccccc3C(=O)O)cc2)c2ccc(C(=O)N[C@@H](C)C3CCN(C(=O)OCc4ccccc4)CC3)cc12
CHEMBL396481,PPARgamma,6.760,,1,0,Active,exact,Cc1oc(-c2ccccc2)nc1CCOc1ccc(C[C@@H](CNC(=O)CNC(=O)c2ccc(O)cc2)Nc2ccccc2C(=O)c2ccccc2)cc1
CHEMBL81985,PPARgamma,6.750,,1,0,Active,exact,CCCCCC(=O)N(C)CCOc1ccc(CC2SC(=O)NC2=O)cc1
CHEMBL67098,PPARgamma,7.480,,1,0,Active,exact,CN(CCOc1ccc(CC(Cl)C(=O)O)cc1)c1nc2ccccc2o1
CHEMBL5794594,PPARgamma,6.220,,1,0,Active,exact,N#Cc1ccc(Cl)c(C(=O)Nc2ccnc(-c3ccc(F)cc3)c2)c1
CHEMBL5184027,PPARgamma,8.400,,2,0,Active,exact,Cc1cc2nc(-c3ccc(NC(=O)c4cc([N+](=O)[O-])ccc4Cl)cc3)oc2cc1C
CHEMBL3313985,PPARgamma,6.680,,1,0,Active,exact,Cc1cc(CN2CCN(Cc3ccncc3)CC2)ccc1-c1ccc(C(O)(C(F)(F)F)C(F)(F)F)cc1
CHEMBL2158012,PPARgamma,7.470,,1,0,Active,exact,CCCOc1ccc(C[C@@H](CCc2ccccc2)C(=O)O)cc1CNC(=O)c1ccc(C23CC4CC(CC(C4)C2)C3)cc1
CHEMBL373142,PPARgamma,6.330,,1,0,Active,exact,Cc1c(Cc2cccc(O[C@@H](C)C(=O)O)c2)c2cc(OC(F)(F)F)ccc2n1-c1ccccn1
CHEMBL4284250,PPARgamma,5.030,,2,0,,exact,CCc1ccc([C@@H](O)COc2ccc(CC3SC(=O)NC3=O)cc2)nc1
CHEMBL6164816,PPARgamma,5.985,,2,0,,exact,O=S1(c2ccc(C(F)(F)F)cc2)=N[Se]c2cc(C(F)(F)F)ccc21
CHEMBL3699345,PPARgamma,7.720,,1,0,Active,exact,Cc1c(C)n(Cc2ccc(-c3ccccc3C(=O)O)cc2)c2ccc(C(=O)N[C@@H](C)c3cccc(OC(C)C)c3)cc12
CHEMBL3597400,PPARgamma,5.770,,1,0,,exact,Cc1ccc(COc2cccc(OCCCOc3ccc4[nH]cc(CC(=O)O)c4c3)c2)cc1
CHEMBL1092237,PPARgamma,5.280,,1,0,,exact,Cc1oc(-c2ccc(Cl)cc2)nc1COc1cccc(CN(CC(=O)O)C(=O)OC2CCC2)c1
CHEMBL3318036,PPARgamma,4.910,,1,0,Inactive,exact,O=C(O)CSc1nc(Cl)cc(Nc2ccc(Nc3ccccc3)cc2)n1
CHEMBL4088048,PPARgamma,4.420,,1,0,Inactive,exact,CN(CCOc1ccc(/C=C2\SC(=O)NC2=O)cc1)c1nc2ccccc2[nH]1
CHEMBL4853469,PPARgamma,5.745,,2,0,,exact,CC1=C(CC(=O)O)c2cc(F)ccc2/C1=C\c1cccc(F)c1
CHEMBL2204696,PPARgamma,5.710,,2,0,,exact,CC(C)(Oc1ccc(CCOc2ccc(/N=N/c3ccccc3)cc2)cc1)C(=O)O
CHEMBL6177502,PPARgamma,5.540,,1,0,,exact,Cc1cc(CN2CCN(c3ccc(C(C)(C)C)cc3)C2=O)cc(C)c1OC(C)(C)C(=O)O
CHEMBL234659,PPARgamma,4.630,,1,0,Inactive,exact,COc1cc(OCC(=O)O)c(C)cc1SCc1ccc(OCc2ccc(C(F)(F)F)cc2)cc1
CHEMBL1079488,PPARgamma,,5.000,0,1,,censored,COc1ccc(-c2csc(COc3ccc(OCC(=O)O)c(C)c3)n2)cc1
CHEMBL4104178,PPARgamma,5.530,,1,0,,exact,CCCc1nc2ccc(-c3ccc(O)cc3)cc2n1Cc1ccc(-c2ccccc2C(=O)O)cc1
CHEMBL6145236,PPARgamma,9.310,,1,0,Active,exact,CS(=O)(=O)c1cnc(C#N)cc1-c1cc(=O)c2c(F)cc(F)cc2[nH]1
CHEMBL1373918,PPARgamma,4.580,,1,0,Inactive,exact,COc1ccc(C(C)C(=O)c2ccc(O)cc2O)cc1
CHEMBL5556927,PPARgamma,,5.000,0,1,,censored,Cc1cc(CN2CCN(c3cnc(C(F)(F)F)nc3)CC2)cc(C)c1OC(C)(C)C(=O)O
CHEMBL1082116,PPARgamma,,5.000,0,1,,censored,Cc1ccc(-c2sc(COc3ccc(OCC(=O)O)c(C)c3)nc2-c2cccnc2)cc1
CHEMBL3597395,PPARgamma,5.720,,1,0,,exact,COc1ccc(COc2cccc(OCCOc3ccc4c(c3)c(CC(=O)O)cn4Cc3ccccc3)c2)cc1
CHEMBL5429348,PPARgamma,,5.301,0,1,,censored,Cc1cc(N2C(=O)CN(c3ccc(C(F)(F)F)cc3)C2=O)cc(C)c1OC(C)(C)C(=O)O
CHEMBL3695856,PPARgamma,7.620,,1,0,Active,exact,Cc1cn(Cc2ccc(-c3ccccc3C(=O)O)cc2)c2ccc(C(=O)N[C@@H](C)c3ccc(Br)cc3)cc12
CHEMBL5272924,PPARgamma,5.680,,1,0,,exact,Cc1cc(CC(=O)O)cc(CN2CCN(c3nc4ccc(C(F)(F)F)cc4s3)CC2)c1
CHEMBL3699408,PPARgamma,8.400,,1,0,Active,exact,Cc1c(C)n(Cc2ccc(-c3ccccc3C(=O)O)cc2)c2ccc(C(=O)N[C@@H](C)c3cc(Cl)ccn3)cc12
CHEMBL5559025,PPARgamma,5.390,,1,0,,exact,CC(=O)c1ccc(N2CCN(Cc3cc(C)c(OC(C)(C)C(=O)O)c(C)c3)CC2)nc1
CHEMBL257761,PPARgamma,,4.824,0,1,Inactive,censored,COc1ccc(OC(=O)N(CC(=O)O)Cc2ccc(OCCC(=O)N(C(C)=O)C(=O)c3ccccc3)cc2)cc1
CHEMBL1873151,PPARgamma,5.150,,1,0,,exact,O=CN1CCc2c([nH]c3ccccc23)C1c1cccc2cccnc12
CHEMBL3699392,PPARgamma,,6.000,0,1,,censored,Cc1c(C)n(Cc2ccc(-c3ccccc3S(N)(=O)=O)cc2)c2ccc(C(=O)N[C@@H](C)c3cccc(C(C)C)c3)cc12
CHEMBL2112870,PPARgamma,8.790,,1,0,Active,exact,Cc1oc(-c2ccccc2)nc1CCOc1ccc(C[C@H](Nc2ccccc2C(=O)C2CCCCC2)C(=O)O)cc1
CHEMBL425725,PPARgamma,5.170,,1,0,,exact,CCC1(C(=O)O)Cc2cc(OCCCOc3ccc(SC(F)(F)F)cc3Cl)ccc2O1
CHEMBL3695877,PPARgamma,7.210,,1,0,Active,exact,Cc1c(C)n(Cc2ccc(-c3ccccc3)cc2)c2ccc(C(=O)N[C@@H](C)c3ccc(C(F)(F)F)cc3)cc12
CHEMBL5922339,PPARgamma,4.590,,1,0,Inactive,exact,CN1CCN(c2ccc(NC(=O)c3cc(C#N)ccc3Cl)cn2)CC1
CHEMBL2112020,PPARgamma,6.720,,1,0,Active,exact,Cc1oc(-c2ccccc2)nc1CCOc1ccc(C[C@@H](Nc2ccccc2C(=O)C2CCCCC2)C(=O)O)cc1
CHEMBL5075917,PPARgamma,5.750,,1,0,,exact,Cc1cc(Cn2ncn(-c3ccc(C(C)C)cc3)c2=O)cc(C)c1OC(C)(C)C(=O)O
CHEMBL424133,PPARgamma,5.190,,1,0,,exact,Cc1ccc(Cn2nc(CCCc3ccc(OC(C)(C)C(=O)O)cc3)nc2O)cc1
CHEMBL1081424,PPARgamma,,5.000,0,1,,censored,Cc1cc(OCc2nc(-c3ccc(C(F)(F)F)cc3)cs2)ccc1OCC(=O)O
CHEMBL5191702,PPARgamma,,5.000,0,1,,censored,O=c1[nH]cc(CSc2ccc(C(F)F)cc2)[nH]c1=O
CHEMBL426550,PPARgamma,8.150,,1,0,Active,exact,COc1cccc(-c2nc(CCOc3ccc(CC4(C(=O)O)CCCO4)cn3)c(C)o2)c1
CHEMBL272962,PPARgamma,6.640,,1,0,Active,exact,COc1ccc(N2C(=O)C(Cc3cccc(OCCc4nc(-c5ccccc5)oc4C)c3)C2C(=O)O)cn1
CHEMBL3699356,PPARgamma,6.620,,1,0,Active,exact,Cc1c(C)n(Cc2ccc(-c3ccccc3C(=O)O)cc2)c2ccc(C(=O)N[C@@H](C)c3ccc(C(F)(F)F)cc3C(F)(F)F)cc12
CHEMBL181141,PPARgamma,7.350,,1,0,Active,exact,COc1ccc2c(c1)c(Cc1cccc(OC(C)(C)C(=O)O)c1)c(C)n2C(=O)c1ccc(Cl)cc1
CHEMBL121206,PPARgamma,5.700,,1,0,,exact,CCCc1c(OCCCOc2cccc3c2ccn3CC(=O)O)ccc2c(C(F)(F)F)noc12
CHEMBL3699413,PPARgamma,7.820,,1,0,Active,exact,Cc1c(C)n(Cc2ccc(-c3ccccc3C(=O)O)cc2)c2ccc(C(=O)N[C@H](C)c3ccnc(C4CC4)c3)cc12
CHEMBL2377531,PPARgamma,6.150,,1,0,Active,exact,CCCOc1ccc(C[C@@H](Cc2ccccc2)C(=O)O)cc1CNC(=O)c1ccc(-c2cnccn2)cc1
CHEMBL86658,PPARgamma,6.770,,6,0,Active,exact,CCO[C@@H](Cc1ccc(OCCn2c3ccccc3c3ccccc32)cc1)C(=O)O
CHEMBL201653,PPARgamma,5.620,,1,0,,exact,CCCc1cc(C(=O)c2ccc(F)cc2)ccc1OCCCOc1cccc2c1ccn2CC(=O)O
CHEMBL220597,PPARgamma,6.820,,1,0,Active,exact,CCOC(Cc1ccc(OCCc2nc(-c3ccccc3)oc2C)nc1)C(=O)O
CHEMBL86688,PPARgamma,5.370,,3,0,,exact,CCO[C@@H](Cc1ccc(OC/C=C(/c2ccccc2)c2ccc(Br)cc2)cc1)C(=O)O
CHEMBL447190,PPARgamma,5.550,,1,0,,exact,CC[C@]1(C(=O)O)CCc2ccc(OCCCOc3ccc(C(C)(C)C)cc3Cl)cc2O1
CHEMBL2375950,PPARgamma,5.900,,1,0,,exact,O=C(O)[C@H](CCOc1ccccc1)Oc1ccc(Cl)cc1
CHEMBL1267,PPARgamma,5.905,,6,0,,exact,CC(O)c1ccc(CCOc2ccc(CC3SC(=O)NC3=O)cc2)nc1
CHEMBL374234,PPARgamma,,5.000,0,1,,censored,O=C(O)C[C@@H]1CCc2cc(OCCCOc3ccccc3)ccc21
CHEMBL3355863,PPARgamma,7.680,,1,0,Active,exact,C/C(=C\C(=O)c1ccccc1)NC(Cc1ccc(OCCOc2ccc(/C=C/c3ccc(C)cc3)cc2)cc1)C(=O)O
CHEMBL452051,PPARgamma,9.000,,2,0,Active,exact,Cc1c(C(=O)c2ccc(Cl)cc2)c2ccc(OC(F)(F)F)cc2n1Cc1cccc(O[C@@H](C)C(=O)O)c1
CHEMBL3355859,PPARgamma,7.920,,1,0,Active,exact,C/C(=C\C(=O)c1ccccc1)NC(Cc1ccc(OCCOc2ccc(/C=C/c3ccccc3)cc2)cc1)C(=O)O
CHEMBL3678151,PPARgamma,6.980,,1,0,Active,exact,Cc1c(C)n(Cc2cccc(O[C@@H](C)C(=O)O)c2)c2ccc(C(=O)N[C@@H](C)c3ccc(Br)cc3)cc12
CHEMBL379064,PPARgamma,5.460,,1,0,,exact,COc1cc(-c2oc3cc(O)cc(O)c3c(=O)c2O)ccc1O
CHEMBL2331777,PPARgamma,7.150,,2,0,Active,exact,CCNC(=O)c1cc(NS(=O)(=O)c2ccc(I)cc2)ccc1Oc1cncc(Cl)c1
CHEMBL4071197,PPARgamma,5.240,,1,0,,exact,O=S(=O)(Nc1cc(Cl)c(Oc2cnc3ccccc3c2)c(Cl)c1)c1ccccc1Cl
CHEMBL3754373,PPARgamma,,3.699,0,1,Inactive,censored,CC(=O)OCCN(CCOCc1ccccc1)c1ccc(C=C2C(=O)NC(=O)NC2=O)cc1
CHEMBL1934480,PPARgamma,,4.721,0,1,Inactive,censored,Cc1nc(-c2ccccc2)sc1C(=O)N[C@H]1CCCN(c2cccc(C(=O)O)c2)C1
CHEMBL3348830,PPARgamma,7.100,,7,0,Active,exact,Cc1c(C)n(Cc2ccc(-c3ccccc3C(=O)O)cc2)c2ccc(C(=O)N[C@@H](C)c3ccc([N+](=O)[O-])cc3)cc12
CHEMBL221184,PPARgamma,7.640,,1,0,Active,exact,Cc1ccc(-c2nc(CCOc3ccc(CC4(C(=O)O)CCCO4)cn3)c(C)o2)cc1
CHEMBL4172322,PPARgamma,8.360,,1,0,Active,exact,Cc1ccc(Oc2ccc3nc(COc4cccc(C(=O)O)c4)n(C)c3c2)cc1F
CHEMBL5089520,PPARgamma,5.820,,1,0,,exact,Cc1cc(Cn2ncn(-c3ccc(F)cc3)c2=O)cc(C)c1OC(C)(C)C(=O)O
CHEMBL4293295,PPARgamma,6.040,,2,0,Active,exact,CCc1ccc([C@H](O)COc2ccc(CC3SC(=O)NC3=O)cc2)nc1
CHEMBL110071,PPARgamma,5.365,,2,0,,exact,CCCc1cc(Oc2ccccc2)ccc1OCCCCOc1ccc2c(c1)OC(C)(C(=O)O)CC2
CHEMBL374657,PPARgamma,6.270,,1,0,Active,exact,O=C(NS(=O)(=O)c1cccc(C(F)(F)F)c1)c1cc2cc(O)ccc2n1Cc1cccc(C(F)(F)F)c1
CHEMBL4752692,PPARgamma,6.560,,1,0,Active,exact,Cc1ccc(Oc2ccc3nc(COc4cccc(C(=O)O)c4)n(C)c3c2)c(C)n1
CHEMBL1214744,PPARgamma,5.285,,4,0,,exact,CCCc1nc2ccccc2n1Cc1ccc(-c2ccccc2C(=O)O)cc1
CHEMBL2204693,PPARgamma,4.900,,1,0,Inactive,exact,CC(C)(Oc1ccc(CCOc2ccc(/C=C/c3ccccc3)cc2)cc1)C(=O)O
CHEMBL3335624,PPARgamma,5.350,,1,0,,exact,O=C(O)c1cccc(NC(=O)c2ccccc2NC(=O)c2ccc(Br)cc2)c1
CHEMBL327481,PPARgamma,5.070,,3,0,,exact,CCO[C@@H](Cc1ccc(OC/C=C(\c2ccccc2)c2ccc(F)cc2)cc1)C(=O)O
CHEMBL3398458,PPARgamma,6.215,,2,0,Active,exact,CCOC(=O)N1C[C@@H](CCc2ccc(OCCc3nc(-c4ccccc4)oc3C)cc2)[C@@H](C(=O)O)C1
CHEMBL5073521,PPARgamma,5.420,,1,0,,exact,Cc1cc(Cn2ncn(-c3ccccc3C(F)(F)F)c2=O)cc(C)c1OC(C)(C)C(=O)O
CHEMBL3678088,PPARgamma,7.510,,1,0,Active,exact,C[C@@H](NC(=O)c1ccc2c(ccn2Cc2ccc(F)cc2F)c1)c1ccc([N+](=O)[O-])cc1
CHEMBL605520,PPARgamma,4.750,,1,0,Inactive,exact,Cc1oc(-c2ccccc2)nc1CCCc1ccc(C[C@H](C(=O)O)n2cncn2)cc1
CHEMBL2069934,PPARgamma,5.700,,1,0,,exact,CCCCCC(O)/C=C\C=C/CCCCCCCC(=O)O
CHEMBL3695903,PPARgamma,8.300,,1,0,Active,exact,Cc1c(C)n(Cc2ccc(-c3ccccc3)cc2)c2ccc(C(=O)NCc3cccc(C(C)C)c3)cc12
CHEMBL315048,PPARgamma,5.400,,4,0,,exact,CCO[C@@H](Cc1ccc(OC/C=C(/c2ccccc2)c2ccc(F)cc2)cc1)C(=O)O
CHEMBL5203327,PPARgamma,5.410,,1,0,,exact,CC(C)(C)OC(=O)NC(CSCc1ccc(-c2ccccc2)cc1)C(=O)O
CHEMBL2263568,PPARgamma,5.050,,1,0,,exact,COC(=O)CN1C(=O)SC(Cc2ccc(O)cc2)C1=O
CHEMBL173828,PPARgamma,6.110,,1,0,Active,exact,CCCc1c(OCCCCOc2cccc3c2ccn3CC(=O)O)ccc2c(C(F)(F)F)noc12
CHEMBL3115247,PPARgamma,6.600,,1,0,Active,exact,CCCCn1c(-c2ccc3nn(CCC)c(Cc4ccc(-c5ccccc5-c5nn[nH]n5)cc4)c3c2)nc2ccccc21
CHEMBL96143,PPARgamma,7.110,,1,0,Active,exact,CCCc1cc(Oc2ccc(F)c(C)c2)ccc1OCCCOc1cccc(C2SC(=O)NC2=O)c1
CHEMBL230804,PPARgamma,6.150,,2,0,Active,exact,Cc1oc(-c2ccccc2)nc1CCOc1ccc(C[C@@H](CNC(=O)CCc2ccc(SC(C)(C)C(=O)O)cc2)Nc2ccccc2C(=O)c2ccccc2)cc1
CHEMBL144877,PPARgamma,6.120,,1,0,Active,exact,COC(=O)[C@H](Cc1ccc(OCc2ccccc2)cc1)/N=C(C)/C=C(\O)c1ccccc1
CHEMBL148668,PPARgamma,9.010,,1,0,Active,exact,Cc1oc(-c2ccccc2)nc1CCOc1ccc(CC(Nc2ccccc2C(=O)OC(C)C)C(=O)O)cc1
CHEMBL391479,PPARgamma,4.480,,1,0,Inactive,exact,Cc1cc(SCc2ccc(OCc3ccc(C(F)(F)F)cc3)cc2)c2c(c1OCC(=O)O)CCCO2
CHEMBL3695840,PPARgamma,8.400,,3,0,Active,exact,Cc1ccc(CNC(=O)c2ccc3c(c2)c(C)c(C)n3Cc2ccc(-c3ccccc3C(=O)O)cc2)cc1
CHEMBL200305,PPARgamma,6.710,,1,0,Active,exact,CCC(C(=O)O)C1CCc2cc(OCCn3nc(-c4ccccc4)cc3C)ccc21
CHEMBL1641718,PPARgamma,5.920,,1,0,,exact,Cc1ccc(C(=O)c2cccn2C/C=C/c2cccc(OCC(=O)O)c2)cc1
CHEMBL393939,PPARgamma,8.150,,1,0,Active,exact,Cc1ccc(C(=O)NCc2cccc(Oc3ccc(OC(C)(C)C(=O)O)c(C)c3)c2)c(C)c1
CHEMBL147419,PPARgamma,7.810,,1,0,Active,exact,CNC(=O)c1ccccc1NC(Cc1ccc(OCCc2nc(-c3ccccc3)oc2C)cc1)C(=O)O
CHEMBL446629,PPARgamma,9.160,,1,0,Active,exact,Cn1cc(-c2ccccc2)nc1CCOc1ccc(C[C@H](Nc2ccccc2C(=O)c2ccccc2)C(=O)O)cc1
CHEMBL425766,PPARgamma,6.890,,1,0,Active,exact,CCCc1cc(C(=O)c2ccc(F)cc2)ccc1OCCCOc1ccc2c(ccn2CC(=O)O)c1
CHEMBL1081387,PPARgamma,,5.000,0,1,,censored,COc1ccc(-c2nc(COc3ccc(CC(=O)O)c(C)c3)sc2-c2ccc(C(F)(F)F)cc2)cc1
CHEMBL4247929,PPARgamma,,5.000,0,1,,censored,Cc1cc(SC(Cc2c(F)cccc2F)c2ccc(-c3cc(F)c(F)c(F)c3)cc2)ccc1OCC(=O)O
CHEMBL426632,PPARgamma,5.820,,2,0,,exact,O=C(O)[C@H](Cc1ccccc1)Oc1ccc2ccccc2c1
CHEMBL2312715,PPARgamma,6.190,,1,0,Active,exact,Cc1ccccc1-c1ccc(O[C@@H](Cc2ccccc2)C(=O)O)cc1C
CHEMBL5592507,PPARgamma,4.880,,1,0,Inactive,exact,CC(=O)OC[C@@]12[C@@H](OC(C)=O)C[C@@H](C)[C@](C)(C[C@H](OC(C)=O)C3=CC(=O)OC3)[C@H]1CCC[C@]21CO1
CHEMBL3765679,PPARgamma,5.850,,1,0,,exact,CCOC(=O)C(CC)Cc1ccc(C(=O)NCc2ccc(Oc3ccccc3)cc2)cc1
CHEMBL179604,PPARgamma,7.100,,1,0,Active,exact,COc1ccc2c(c1)c(Cc1ccccc1OC(C)(C)C(=O)O)c(C)n2C(=O)c1ccc(Cl)cc1
CHEMBL3263233,PPARgamma,4.640,,1,0,Inactive,exact,O=C(O)CCCNC(=O)c1ccccc1NC(=O)c1ccccc1-c1ccccc1
CHEMBL435317,PPARgamma,5.030,,1,0,,exact,O=C(NS(=O)(=O)c1cccc(C(F)(F)F)c1)c1cc2ccccc2n1C(=O)c1cccc(C(F)(F)F)c1
CHEMBL419019,PPARgamma,5.000,,1,1,,exact,CCC1(C(=O)O)CCc2ccc(OCCCOc3ccc(Oc4ccccc4)cc3)cc2O1
CHEMBL3763887,PPARgamma,5.550,,1,0,,exact,CCOC(=O)C(CC)Cc1ccc(C(=O)NCc2ccc(F)cc2C(F)(F)F)cc1
CHEMBL199819,PPARgamma,7.280,,1,0,Active,exact,CCCC(C(=O)O)C1CCc2cc(OCCc3nc(-c4ccccc4)oc3C)ccc21
CHEMBL4535730,PPARgamma,6.000,,1,0,Active,exact,COc1cc(C)c2c(c1)CC[C@@](C)(CC/C=C(\C)CC/C=C(\C)C(=O)O)O2
CHEMBL3355865,PPARgamma,7.500,,1,0,Active,exact,C/C(=C\C(=O)c1ccccc1)NC(Cc1ccc(OCCCOc2ccc(/C=C/c3ccc(C(F)(F)F)cc3)cc2)cc1)C(=O)O
CHEMBL3598155,PPARgamma,,5.000,0,1,,censored,O=C(c1c(Cl)cccc1C(F)(F)F)c1nc(N2CC[C@H](C(=O)O)[C@@H](O)C2)c2ccccn12
CHEMBL50680,PPARgamma,6.830,,2,0,Active,exact,CCCc1cc(Oc2ccc(C3CCCC3)cc2)ccc1OCCCOc1ccc(C2SC(=O)NC2=O)cc1
CHEMBL2031956,PPARgamma,5.745,,2,0,,exact,CC(C)=CCC/C(C)=C/Cc1c(O)cc(/C=C/c2ccoc2)cc1O
CHEMBL2042806,PPARgamma,7.660,,1,0,Active,exact,COc1cc(O)c2c(c1C(=O)NCc1c(C)cc(Cl)c3ccccc13)OC1=CC(O)=C(C(C)=O)C(=O)[C@]12C
CHEMBL3695818,PPARgamma,7.890,,1,0,Active,exact,Cc1c(C)n(Cc2ccc(-c3ccccc3C(=O)O)cc2)c2ccc(C(=O)NCc3cccc(N)c3)cc12
CHEMBL182884,PPARgamma,7.245,,2,0,Active,exact,CO[C@@H](Cc1ccc(OCCCOc2ccc(-c3ccccc3)cc2)cc1)C(=O)O
CHEMBL4284723,PPARgamma,5.570,,1,0,,exact,O=C(O)CC1COc2cc(OCCCOc3ccccc3F)ccc21
CHEMBL5089010,PPARgamma,5.510,,1,0,,exact,CCc1cc(Cn2ncn(-c3ccc(OC(F)(F)F)cc3)c2=O)cc(CC)c1OC(C)(C)C(=O)O
CHEMBL3916286,PPARgamma,5.730,,1,0,,exact,CCCc1cc2ccccc2n1Cc1ccc(-c2ccccc2C(=O)O)cc1
CHEMBL4447835,PPARgamma,5.830,,1,0,,exact,CCCCc1nc(C(C)C)c(Cc2nc(Cc3ccc(F)cc3)no2)c(=O)n1Cc1ccc(-c2ccccc2-c2noc(=O)[nH]2)cc1
CHEMBL1935611,PPARgamma,7.700,,1,0,Active,exact,CC(C)(C)N.CCCCCC(=O)N1Cc2cc(OCCc3nc(/C=C/CCC(C)C)oc3C)ccc2C[C@H]1C(=O)O
CHEMBL2322174,PPARgamma,5.350,,1,0,,exact,CCc1nc2ccn(Cc3c(C)noc3C)c(=O)c2n1[C@H]1CCc2cc(-c3ccccc3-c3nnn[nH]3)ccc21
CHEMBL2022133,PPARgamma,7.320,,1,0,Active,exact,CCCCNC(=O)OCCCc1ccc(OCCOC)cc1Oc1ncc(C(F)(F)F)cc1Cl
CHEMBL3597411,PPARgamma,5.890,,1,0,,exact,Cc1ccc(COc2cccc(OCCCOc3ccc4c(CC(=O)O)cn(Cc5ccccc5)c4c3)c2)cc1
CHEMBL367311,PPARgamma,7.520,,1,0,Active,exact,CCCc1c(OCCCCOc2ccc(CC(=O)O)cc2)ccc2c(-c3ccccc3)noc12
CHEMBL486365,PPARgamma,5.430,,1,0,,exact,CCCc1ccccc1CC(Oc1ccc(Cl)cc1)C(=O)O
CHEMBL4847288,PPARgamma,,4.000,0,2,Inactive,censored,CC1=C(CC(=O)O)c2ccccc2/C1=C/c1cccc(C)c1
CHEMBL1935618,PPARgamma,7.700,,1,0,Active,exact,CC(C)(C)N.CCO/C=C/C(=O)N1Cc2cc(OCCc3nc(/C=C/CCC(C)C)oc3C)ccc2C[C@H]1C(=O)O
CHEMBL3695810,PPARgamma,8.000,,1,0,Active,exact,CCC(NC(=O)c1ccc2c(ccn2Cc2ccccc2-c2ccc(C(=O)O)cc2)c1)c1ccccc1
CHEMBL3355862,PPARgamma,7.920,,1,0,Active,exact,C/C(=C\C(=O)c1ccccc1)NC(Cc1ccc(OCCCOc2ccc(/C=C/c3ccc(Cl)cc3)cc2)cc1)C(=O)O
CHEMBL5075443,PPARgamma,5.710,,1,0,,exact,O=C(NCc1ccccc1C(F)(F)F)c1ccc2c(c1)[nH]c(=O)n2Cc1cc(F)cc(F)c1
CHEMBL4556396,PPARgamma,5.590,,1,0,,exact,CCCCc1nc(C(C)C)c(Cc2nc(C3CC3)no2)c(=O)n1Cc1ccc(-c2ccccc2-c2noc(=O)[nH]2)cc1
CHEMBL430505,PPARgamma,5.230,,1,0,,exact,CCCc1cc(C(=O)OC)cc(C)c1OC(C(=O)O)c1ccccc1
CHEMBL5090873,PPARgamma,5.870,,1,0,,exact,CS(=O)(=O)Cc1ccc(CNC(=O)c2ccc3c(ccn3C(=O)c3cccc(F)c3)c2)c(C(F)(F)F)c1
CHEMBL496534,PPARgamma,6.100,,1,0,Active,exact,Cc1ccc(NC(=O)c2cccc(S(=O)(=O)n3ccc4cccc(Cl)c43)c2)c(C(=O)O)c1
CHEMBL1080187,PPARgamma,,5.000,0,1,,censored,COc1ccc(-c2nc(Sc3ccc(OCC(=O)O)c(C)c3)sc2-c2ccc(OC)cc2)cc1
CHEMBL3597403,PPARgamma,6.300,,1,0,Active,exact,O=C(O)Cc1cn(Cc2ccccc2)c2ccc(OCCCOc3cccc(OCc4ccc(Cl)cc4)c3)cc12
CHEMBL397218,PPARgamma,,6.000,0,1,,censored,Cc1cc(SCC(COc2ccc(C(F)(F)F)cc2)OCC(=O)O)ccc1OCC(=O)O
CHEMBL471851,PPARgamma,5.390,,1,0,,exact,O=C(O)C(Cc1ccccc1C(F)(F)F)Oc1ccc(Cl)cc1
CHEMBL470560,PPARgamma,,6.000,0,1,,censored,C=C(COc1ccc(C(F)(F)F)cc1)CSc1ccc(OCC(=O)O)c(Cl)c1
CHEMBL4439373,PPARgamma,7.370,,2,0,Active,exact,Cc1c(C)n(Cc2ccc(-c3ccccc3C(=O)O)cc2)c2ccc(C(=O)NCCc3ccc(O)cc3)cc12
CHEMBL1164821,PPARgamma,5.140,,1,0,,exact,CS(=O)(=O)c1ccc(/C=C2\SC(=O)N(Cc3ccccc3Br)C2=O)cc1
CHEMBL4239431,PPARgamma,,5.000,0,1,,censored,Cc1cc(SC(Cc2c(Cl)cccc2Cl)c2ccc(-c3cc(F)c(F)c(F)c3)cc2)ccc1OCC(=O)O
CHEMBL198529,PPARgamma,6.920,,1,0,Active,exact,CCCc1c(OCCCOc2ccc3c(ccn3CC(=O)O)c2)ccc2c(-c3ccccc3)noc12
CHEMBL2022131,PPARgamma,7.500,,1,0,Active,exact,CCCCCS(=O)(=O)NCCCc1ccc(OCCOC)cc1Oc1ncc(C(F)(F)F)cc1Cl
CHEMBL5281753,PPARgamma,,4.328,0,1,Inactive,censored,CCOc1ccc(F)c(N2CC[C@@H](Oc3ccc(N4C[C@H](OCCCOC)[C@@H](C)[C@@H]4CC(=O)O)cc3)[C@H](C)C2)c1
CHEMBL474157,PPARgamma,6.530,,2,0,Active,exact,Cc1oc(-c2ccccc2)nc1CCOc1cccc(Cc2cn(-c3ccccc3)cc2C(=O)O)c1
CHEMBL2037582,PPARgamma,,5.000,0,1,,censored,Cc1cc(SC(CCCCCCCc2ccccc2)c2sc(-c3ccc(C(F)(F)F)cc3)nc2C)ccc1OCC(=O)O
CHEMBL3335655,PPARgamma,5.200,,1,0,,exact,Cc1ccc(C(=O)O)cc1NC(=O)c1ccccc1NC(=O)c1ccc(C(C)(C)C)cc1
CHEMBL373318,PPARgamma,,5.000,0,1,,censored,CCCCCOc1ncccc1C(O)CC#CCCCC(=O)OC
CHEMBL221923,PPARgamma,4.920,,1,0,Inactive,exact,Cc1oc(-c2ccccc2)nc1CCOc1ccc(CC(C(=O)O)C(C)(C)C)cn1
CHEMBL484725,PPARgamma,7.440,,1,0,Active,exact,CCO[C@@H](Cc1ccc(OCCc2nc(-c3ccccc3)oc2C)c2ccccc12)C(=O)O
CHEMBL2158959,PPARgamma,8.040,,1,0,Active,exact,CCCOc1ccc(C[C@H](CCc2ccccc2)C(=O)O)cc1CNC(=O)c1ccc(C23CC4CC(CC(C4)C2)C3)cc1
CHEMBL5080175,PPARgamma,,4.523,0,1,Inactive,censored,Cc1n[nH]c(C)c1N1CCN(c2cc(C(=O)O)ccc2F)CC1
CHEMBL4864404,PPARgamma,5.820,,1,0,,exact,O=S(=O)(NCCSSCCNS(=O)(=O)c1cccc2cccnc12)c1cccc2cccnc12
CHEMBL191489,PPARgamma,,4.301,0,1,Inactive,censored,CC(C)(C)[C@@]1(C(=O)O)Cc2cc(OCCOc3ccc(OC(F)(F)F)cc3Cl)ccc2O1
CHEMBL1079826,PPARgamma,,5.000,0,1,,censored,CCCc1cc(OCc2nc(-c3ccc(OC)cc3)c(-c3ccc(C(F)(F)F)cc3)s2)ccc1OCC(=O)O
CHEMBL206794,PPARgamma,6.010,,1,0,Active,exact,CC(C)(Oc1ccc(OCCCOc2ccc(Oc3ccc(F)cc3)cc2Cl)cc1)C(=O)O
CHEMBL1934486,PPARgamma,,4.886,0,1,Inactive,censored,Cc1nc(-c2ccc([N+](=O)[O-])cc2)sc1C(=O)N[C@H]1CCCN(c2cccc(C(=O)O)c2)C1
CHEMBL2322450,PPARgamma,6.350,,1,0,Active,exact,CCc1nc2ccn(Cc3cccc(C(F)(F)F)c3)c(=O)c2n1[C@H]1CCc2cc(-c3ccccc3-c3nnn[nH]3)ccc21
CHEMBL2206304,PPARgamma,5.605,,2,0,,exact,CCCCCCCN(CCc1ccc(OCC(=O)[O-])cc1)c1nc2ccccc2o1.[Na+]
CHEMBL222171,PPARgamma,4.770,,1,0,Inactive,exact,Cc1oc(-c2ccccc2)nc1CCOc1ccc(CC2(C(=O)O)CCOC2)cn1
CHEMBL4104907,PPARgamma,7.390,,1,0,Active,exact,Nc1nc2ccc(S(=O)(=O)n3c(CCCC(=O)O)cc4cc(Cl)ccc43)cc2s1
CHEMBL4277858,PPARgamma,5.690,,1,0,,exact,CC(C)(C)c1cccc(OCCOc2ccc3c(c2)OCC3CC(=O)O)c1
CHEMBL4448302,PPARgamma,5.210,,1,0,,exact,CCC/C(=C\c1cc(OCc2ccc3c(ccc[n+]3[O-])c2)ccc1OCc1ccc(F)cc1)C(=O)O
CHEMBL382928,PPARgamma,5.500,,1,0,,exact,Cc1oc(-c2ccccc2)nc1CCOc1ccc2c(c1)CCC2C(CCCc1ccccc1)C(=O)O
CHEMBL4537625,PPARgamma,,4.699,0,1,Inactive,censored,CC(C)(C)Cc1cc(-c2onc([C@@H](CCC(=O)[O-])CC(=O)Nc3ccc(Cl)cc3Cl)c2C2CC2)no1.[Na+]
CHEMBL120570,PPARgamma,7.430,,1,0,Active,exact,CCCc1cc(OC2CCCCC2)ccc1OCCCOc1cccc(C2SC(=O)NC2=O)c1
CHEMBL3695772,PPARgamma,6.180,,3,0,Active,exact,Cc1c(C)n(Cc2ccc(-c3ccccc3C(=O)O)cc2)c2ccc(C(=O)NCc3ccc(C(C)(C)C)cc3)cc12
CHEMBL373237,PPARgamma,7.920,,1,0,Active,exact,CC(C)(C)c1ccc(-n2c(C(=O)O)c(Oc3cccc(C(F)(F)F)c3)c3ccccc32)cc1
CHEMBL1760272,PPARgamma,5.200,,1,0,,exact,CCCCN(c1cccc(-c2ccc(Cl)cc2)c1C)S(=O)(=O)c1ccc(O[C@@H](C)C(=O)O)c(C)c1C
CHEMBL199324,PPARgamma,7.020,,2,0,Active,exact,CCC(C(=O)O)C1CCc2cc(OCCc3nc(-c4ccc(F)cc4)oc3C)ccc21
CHEMBL486364,PPARgamma,5.610,,1,0,,exact,O=C(O)C(Cc1ccccc1Br)Oc1ccc(Cl)cc1
CHEMBL107991,PPARgamma,6.125,,2,0,Active,exact,CCCc1cc(Oc2ccc(OC)cc2)ccc1OCCCOc1ccc2c(c1)OC(CC)(C(=O)O)CC2
CHEMBL3594232,PPARgamma,5.440,,1,0,,exact,Cc1cc(C(=O)O)nc(N2C[C@H]3C[C@@H](c4ccccc4C(F)(F)F)C[C@H]3C2)n1
CHEMBL461883,PPARgamma,5.080,,2,0,,exact,CCCCC(Sc1nc(OCCc2ccccc2)cc(OCCc2ccccc2)n1)C(=O)O
CHEMBL386504,PPARgamma,6.170,,1,0,Active,exact,CS(=O)(=O)NC(=O)c1cc2ccccc2n1Cc1cccc(C(F)(F)F)c1
CHEMBL469938,PPARgamma,5.960,,1,0,,exact,O=S(=O)(/C=C/c1ccccc1)Oc1ccc2ccccc2c1
CHEMBL495904,PPARgamma,5.700,,1,0,,exact,Cc1ccc(NC(=O)c2cccc(S(=O)(=O)n3ccc4c(C)cccc43)c2)c(C(=O)O)c1
CHEMBL3695821,PPARgamma,9.000,,3,0,Active,exact,Cc1c(C)n(Cc2ccc(-c3ccccc3C(=O)O)cc2)c2ccc(C(=O)NCc3cccs3)cc12
CHEMBL4635276,PPARgamma,4.980,,1,0,Inactive,exact,C=C(C)[C@@H]1CCC(C)=C[C@H]1C1=C(O)C(=O)C(CCCCC)=CC1=O
CHEMBL1236924,PPARgamma,7.750,,9,1,Active,exact,O=S(=O)(Nc1cc(Cl)c(Oc2cnc3ccccc3c2)c(Cl)c1)c1ccc(Cl)cc1Cl
CHEMBL1214887,PPARgamma,5.460,,2,0,,exact,CCCc1nc2ccc(C(O)c3ccccc3)cc2n1Cc1ccc(-c2ccccc2C(=O)O)cc1
CHEMBL109241,PPARgamma,5.330,,2,0,,exact,CC[C@@]1(C(=O)O)CCc2ccc(OCCCOc3ccc(Oc4ccc(F)cc4)cc3Cl)cc2O1
CHEMBL364894,PPARgamma,8.700,,1,0,Active,exact,COc1ccc2c(-n3c(C)c(Cc4cc(O[C@H](C)C(=O)O)ccc4Cl)c4cc(OC(F)(F)F)ccc43)noc2c1
CHEMBL3678146,PPARgamma,7.125,,2,0,Active,exact,Cc1c(C)n(Cc2cccc(C(C)(C)C(N)=O)c2)c2ccc(C(=O)N[C@@H](C)c3cccc(C4CC4)c3)cc12
CHEMBL3943214,PPARgamma,7.280,,1,0,Active,exact,CCOC(Cc1ccc(OC(=O)Cc2nc(-c3ccccc3)oc2C)c(Cc2ccccc2)c1)C(=O)O
CHEMBL23881,PPARgamma,6.440,,2,0,Active,exact,CCCc1c(OCCCSc2ccc(CC(=O)O)cc2Cl)ccc(C(C)=O)c1O
CHEMBL5177968,PPARgamma,4.920,,1,0,Inactive,exact,CCCCCCCCCCCCCCCc1cccc(OC(C)=O)c1C(=O)O
CHEMBL147090,PPARgamma,8.870,,2,0,Active,exact,Cc1sc(-c2ccncc2)nc1CCOc1ccc(C[C@H](Nc2ccccc2C(=O)c2ccccc2)C(=O)O)cc1
CHEMBL1080168,PPARgamma,,5.000,0,1,,censored,COc1ccc(-c2nc(COc3ccc(OCC(=O)O)cc3C)sc2-c2ccc(C(F)(F)F)cc2)cc1
CHEMBL5612886,PPARgamma,5.985,,2,0,,exact,O=C(COc1cc(O)c2c(=O)cc(-c3ccccc3)oc2c1)NCc1ccc(C(F)(F)F)cc1
CHEMBL5278668,PPARgamma,5.790,,2,0,,exact,O=C(NCc1ccccc1)c1ccc(Cl)c(C(=O)Nc2ccccc2)c1
CHEMBL217907,PPARgamma,6.480,,1,0,Active,exact,Cc1oc(-c2ccc(C#N)cc2)nc1CCOc1ccc(CC2(C(=O)O)CCCO2)cn1
CHEMBL5285352,PPARgamma,6.320,,1,0,Active,exact,C[C@H]1CN(CCOc2cc(CC(=O)O)ccc2Cl)CCN1c1nc2ccc(Cl)cc2s1
CHEMBL2035058,PPARgamma,,5.000,0,1,,censored,Cc1cc(SC(Cc2c(F)cccc2C(F)(F)F)c2sc(-c3ccc(C(F)(F)F)cc3)nc2C)ccc1OCC(=O)O
CHEMBL5071965,PPARgamma,4.770,,1,0,Inactive,exact,Cc1nc(-c2ccc(C(F)(F)F)cc2)sc1CSc1ccc(/C=C/C(=O)O)cc1
CHEMBL2263561,PPARgamma,5.100,,1,0,,exact,CCOC(=O)CN1C(=O)S/C(=C\c2ccc(Cl)cc2)C1=O
CHEMBL523395,PPARgamma,5.100,,1,0,,exact,O=C(Nc1ccccc1C(=O)O)c1cccc(S(=O)(=O)N2CCc3ccccc3C2)c1
CHEMBL3699414,PPARgamma,8.700,,1,0,Active,exact,Cc1c(C)n(Cc2ccc(-c3ccccc3C(=O)O)cc2)c2ccc(C(=O)N[C@H](C)c3cccc(Br)n3)cc12
CHEMBL5289955,PPARgamma,8.585,,2,0,Active,exact,O=C(NCc1ccccc1)c1cc(Cl)c(Cl)c(C(=O)Nc2ccccc2)c1
CHEMBL3780740,PPARgamma,7.750,,1,0,Active,exact,COc1ccc(Oc2cc(N(C)CCOc3ccc(CC4SC(=O)NC4=O)cc3)ncn2)cc1.O=S(=O)(O)O
CHEMBL3678117,PPARgamma,6.835,,2,0,Active,exact,Cc1c(C)n(Cc2cccc(O[C@@H](C)C(=O)O)c2)c2ccc(C(=O)N[C@@H](C)c3ccc(C(C)(C)C)cc3)cc12
CHEMBL267996,PPARgamma,6.100,,2,0,Active,exact,Cc1oc(-c2ccccc2)nc1CCOc1ccc(C[C@@H](CNC(=O)c2cccc(OCCN(C)C)c2)Nc2ccccc2C(=O)c2ccccc2)cc1
CHEMBL369289,PPARgamma,,4.824,0,1,Inactive,censored,CCOc1ccc(OCCCOc2ccc3c(c2)O[C@@](C)(C(=O)O)CC3)c(Cl)c1
CHEMBL3678108,PPARgamma,6.900,,1,0,Active,exact,Cc1c(C)n(Cc2ccc(OCC(=O)O)cc2)c2ccc(C(=O)N[C@@H](C)c3cccc(C4CC4)c3)cc12
CHEMBL1947138,PPARgamma,5.180,,1,0,,exact,COc1ccc2c(-n3c(=O)n(Cc4ccccc4[C@@]4(C)OC(=O)NC4=O)c4cc(C(F)(F)F)ccc43)noc2c1
CHEMBL321634,PPARgamma,6.950,,2,0,Active,exact,CCCN[C@@H](Cc1ccc(OCCc2nc(-c3ccccc3)oc2C)cc1)C(=O)O
CHEMBL381876,PPARgamma,5.960,,1,0,,exact,CCCc1c(OCCCOc2cccc3c2ccn3CCC(=O)O)ccc2c(C(F)(F)F)noc12
CHEMBL5199658,PPARgamma,8.440,,1,0,Active,exact,CCCOc1ccc(CC(Cc2ccccc2)C(=O)O)cc1CNC(=O)c1ccc(C23CC4CC(CC(C4)C2)C3)cc1
CHEMBL4162387,PPARgamma,7.000,,1,0,Active,exact,Cc1ccc(Oc2ccc3nc(COc4cccc(C(=O)O)c4)n(C)c3n2)c(C)c1
CHEMBL83058,PPARgamma,5.920,,1,0,,exact,CC/C=C/C(=O)N(C)CCOc1ccc(CC2SC(=O)NC2=O)cc1
CHEMBL3678150,PPARgamma,7.090,,1,0,Active,exact,Cc1c(C)n(Cc2cccc(O[C@@H](C)C(=O)O)c2)c2ccc(C(=O)N[C@@H](C)c3cccc(C(C)(C)C)c3)cc12
CHEMBL3695858,PPARgamma,6.900,,1,0,Active,exact,Cc1cn(Cc2ccc(-c3ccccc3C(=O)O)cc2)c2ccc(C(=O)N[C@@H](C)c3ccc([N+](=O)[O-])cc3)cc12
CHEMBL4468637,PPARgamma,5.860,,1,0,,exact,CCCCc1nc(C)c(Cc2nc(Cc3cccc(F)c3)no2)c(=O)n1Cc1ccc(-c2ccccc2-c2noc(=O)[nH]2)cc1
CHEMBL5287514,PPARgamma,5.520,,1,1,,exact,Cc1cccc(CNC(=O)c2ccc(Cl)c(C(=O)Nc3ccccc3)c2)c1
CHEMBL2338472,PPARgamma,7.375,,2,0,Active,exact,O=S(=O)(Nc1ccc(Oc2cnc3ccccc3c2)c(Cl)c1)c1ccc(Cl)cc1Cl
CHEMBL5076583,PPARgamma,,5.301,0,1,,censored,CC(C)(Oc1c(F)cc(Cn2ncn(-c3ccc(C(F)(F)F)cc3)c2=O)cc1F)C(=O)O
CHEMBL5613234,PPARgamma,5.030,,1,0,,exact,C[C@@H](Oc1ccc(-c2cccc3ccccc23)cc1)C(=O)O
CHEMBL388561,PPARgamma,6.100,,1,0,Active,exact,COc1cccc2c1c1ccccc1n2CCOc1ccc(C2NC(=O)NC(C)=C2C(=O)O)cc1
CHEMBL2042803,PPARgamma,8.430,,1,0,Active,exact,CCc1ccc2ccccc2c1CNC(=O)c1c(OC)cc(O)c2c1OC1=CC(O)=C(C(C)=O)C(=O)[C@]12C
CHEMBL146821,PPARgamma,7.400,,1,0,Active,exact,CN(CCOc1ccc(CC(Nc2ccccc2C(=O)C2CCCCCC2)C(=O)O)cc1)c1nc2ccccc2o1
CHEMBL382514,PPARgamma,7.020,,1,0,Active,exact,CC[C@@H](C(=O)O)[C@@H]1CCc2cc(OCCc3nc(-c4ccccc4)oc3C)ccc21
CHEMBL213315,PPARgamma,8.220,,1,0,Active,exact,Cc1cc(OCC[C@@H](C)Oc2ccc(C(F)(F)F)cc2Oc2ccccc2)ccc1CCC(=O)O
CHEMBL265551,PPARgamma,6.880,,1,0,Active,exact,Cc1ccc(=O)n(CCOc2ccc(C[C@H](Nc3ccccc3C(=O)c3ccccc3)C(=O)O)cc2)n1
CHEMBL2282517,PPARgamma,10.000,,2,0,Active,exact,Cc1sc(-c2ccccc2)nc1CCOc1ccc(C[C@@](O)(C(=O)O)c2ccccc2C(=O)c2ccccc2)cc1
CHEMBL4518548,PPARgamma,8.390,,2,0,Active,exact,CCCc1nc2ccccc2n1Cc1ccc2c(c1)COc1c(F)cccc1/C2=C(\C)c1noc(=O)[nH]1
CHEMBL4443931,PPARgamma,7.230,,2,0,Active,exact,Cc1c(C)n(Cc2ccc(-c3ccccc3C(=O)O)cc2)c2ccc(C(=O)NCc3cccc(OCC(=O)O)c3)cc12
CHEMBL2113108,PPARgamma,,5.000,0,1,,censored,CCCCCOc1nc2ccccc2cc1C(O)C/C=C\CCCC(=O)[O-].[Na+]
CHEMBL1760420,PPARgamma,5.100,,1,0,,exact,CCCCN(c1c(C)cc(C)c(-c2ccc(Cl)cc2)c1C)S(=O)(=O)c1ccc(OC(C)C(=O)O)c(C)c1C
CHEMBL114286,PPARgamma,5.470,,2,0,,exact,CCCc1cc(Oc2ccccc2)ccc1OCCCOc1ccc2c(c1)CCC(C)(C(=O)O)O2
CHEMBL3545280,PPARgamma,9.710,,2,0,Active,exact,Cc1cc(Oc2ccc3nc(COc4ccc(CC5SC(=O)NC5=O)cc4)n(C)c3c2)cc(C)c1N
CHEMBL4436393,PPARgamma,5.130,,1,0,,exact,CCCCc1nc(C)c(CC(=O)OC)c(=O)n1Cc1ccc(-c2ccccc2-c2noc(=O)[nH]2)cc1
CHEMBL6148017,PPARgamma,,4.301,0,2,Inactive,censored,O=S1(C2CC2)=N[Se]c2ccccc21
CHEMBL82193,PPARgamma,5.600,,1,0,,exact,CCCCC(Cc1ccc(OCCc2nc(-c3ccccc3)oc2C)cc1)(Oc1ccccc1)C(=O)O
CHEMBL485537,PPARgamma,8.150,,1,0,Active,exact,CCOC(Cc1ccc(OCCc2nc(-c3ccccc3)oc2C)c2ccsc12)C(=O)O
CHEMBL1090443,PPARgamma,5.880,,1,0,,exact,Cc1ccc(COc2ccccc2/C=C2/SC(=S)N(CCC(=O)O)C2=O)cc1
CHEMBL414868,PPARgamma,5.660,,1,0,,exact,CCCc1c(OCCCn2ccc3cc(OCC(=O)O)ccc32)ccc2cc(C(=O)c3ccccc3)ccc12
CHEMBL196260,PPARgamma,,5.000,0,1,,censored,CCCCCOc1ncccc1C(O)C/C=C/CCCC(=O)[O-].[Na+]
CHEMBL5200259,PPARgamma,4.810,,1,0,Inactive,exact,COc1ccc(/C=C/c2cc(OC)cc(OCc3ccc(OCC(=O)O)cc3)c2)cc1
CHEMBL4740359,PPARgamma,6.610,,1,0,Active,exact,Cc1ccc(Oc2ccc3nc(COc4cccc(C(=O)O)c4)n(C)c3c2F)c(C)n1
CHEMBL3982893,PPARgamma,5.770,,1,0,,exact,O=C(Cc1ccc(SCc2ccccc2C(=O)O)cc1)OCc1ccc(C(F)(F)F)cc1
CHEMBL5271038,PPARgamma,7.850,,3,0,Active,exact,Cc1cc(N2CCOCC2)cnc1NC(=O)c1cc(C(=O)NCc2ccc(F)c(F)c2)c(F)cc1Cl
CHEMBL148301,PPARgamma,8.280,,1,0,Active,exact,Cc1c(C)c2c(c(C)c1O)CCC(C)(COc1ccc(C[C@H](Nc3ccccc3C(=O)c3ccccc3)C(=O)O)cc1)O2
CHEMBL1254750,PPARgamma,5.390,,1,0,,exact,O[C@@H]1[C@H](O)CS[C@H]1Cn1cnc2c(NCc3cccc(Br)c3)nc(Cl)nc21
CHEMBL5413218,PPARgamma,5.770,,1,0,,exact,O=C(O)Cc1cc(Cl)cc(OCCC2(N3CCCC3)CCN(c3nc4ccc(C(F)(F)F)cc4s3)CC2)c1
CHEMBL6141914,PPARgamma,,4.301,0,2,Inactive,censored,CS1(=O)=N[Se]c2ccc(Cl)cc21
CHEMBL4647502,PPARgamma,,4.000,0,1,Inactive,censored,C[C@H](CCCOc1ccccc1Cn1c(C(F)(F)F)cnc1-c1ccc(C#N)cc1)CC(=O)O
CHEMBL3678159,PPARgamma,7.800,,1,0,Active,exact,Cc1c(C)n(Cc2ccc(F)c(O[C@@H](C)C(=O)O)c2)c2ccc(C(=O)N[C@@H](C)c3ccc(C(C)(C)C)cc3)cc12
CHEMBL1081750,PPARgamma,,5.000,0,1,,censored,COc1ccc(-c2nc(COc3ccc(OCC(=O)O)c(C)c3)sc2-c2cccc(C(F)(F)F)c2)cc1
CHEMBL191275,PPARgamma,6.260,,7,0,Active,exact,O=C(O)[C@H](Cc1ccccc1)Oc1ccc(-c2ccccc2)cc1
CHEMBL4164018,PPARgamma,7.680,,1,0,Active,exact,Cc1cc(F)cc(Oc2ccc3nc(COc4cccc(C(=O)O)c4)n(C)c3c2)c1
CHEMBL234660,PPARgamma,,4.959,0,1,Inactive,censored,Cc1cc(SCc2ccc(OCc3ccc(C(F)(F)F)cc3)cc2)ccc1OCC(=O)O
CHEMBL3699438,PPARgamma,6.830,,1,0,Active,exact,Cc1c(C)n(Cc2ccc(-c3ccccc3C(=O)N(C)C)cc2)c2ccc(C(=O)N[C@@H](C)c3cccc(C(C)C)c3)cc12
CHEMBL3115237,PPARgamma,8.700,,1,0,Active,exact,CCCc1c(Cc2ccc(-c3ccccc3C(=O)O)cc2)c2ccc(C(=O)NC(CC)c3ccccc3)cc2n1C
CHEMBL5281304,PPARgamma,5.420,,1,0,,exact,CCOc1ccc(F)c(N2CC[C@@H](Oc3ccc(N4C[C@H](OC(F)F)C[C@@H]4CC(=O)O)cc3)[C@H](C)C2)c1
CHEMBL3414623,PPARgamma,,5.000,0,1,,censored,Cc1cn(CCN2CCN(c3ccccc3-c3cc(C#N)cc(C(=O)NCCCN4CCCC4)c3)CC2)c2ccccc12
CHEMBL453509,PPARgamma,5.190,,1,0,,exact,CCCCCC/C=C\CCCCCCCC(=O)O
CHEMBL4759931,PPARgamma,7.500,,1,0,Active,exact,COc1cc(Oc2cc(OC(C)C)c3nc(COc4cccc(C(=O)O)c4)n(C)c3c2)ccn1
CHEMBL3398449,PPARgamma,6.275,,2,0,Active,exact,Cc1ccnc(N2C[C@@H](Cc3ccc(OCCc4nc(-c5ccccc5)oc4C)cc3)[C@@H](C(=O)O)C2)n1
CHEMBL3558130,PPARgamma,5.700,,1,0,,exact,O=C(O)c1ccc(-c2nn(C(=O)c3c(Cl)cccc3C(F)(F)F)c3cccnc23)c(F)c1
CHEMBL342514,PPARgamma,6.460,,1,0,Active,exact,O=C(c1ccccc1)c1ccccc1N[C@@H](Cc1ccc(OCCOCc2ccccc2)cc1)C(=O)O
CHEMBL265364,PPARgamma,6.870,,1,0,Active,exact,CCOC(Cc1ccc2c(ccn2Cc2nc(-c3ccc(F)c(C)c3)oc2C)c1)C(=O)O
CHEMBL146320,PPARgamma,6.970,,1,0,Active,exact,CCN(CCOc1ccc(C[C@H](Nc2ccccc2C(=O)c2ccccc2)C(=O)O)cc1)c1cccc(C)c1
CHEMBL192919,PPARgamma,6.960,,1,0,Active,exact,Cc1c(Oc2cc(Cl)cc(O[C@@H](C)C(=O)O)c2)c2cc(OC(F)(F)F)ccc2n1-c1noc2cc(Cl)ccc12
CHEMBL483035,PPARgamma,4.550,,1,0,Inactive,exact,CCO[C@@H](Cc1cccc(C2=NOC(c3ccc(OS(C)(=O)=O)cc3)C2)c1)C(=O)O
CHEMBL4245943,PPARgamma,,5.000,0,1,,censored,Cc1cc(SC(Cc2ccccc2)c2ccc(-c3cccc(C(F)(F)F)c3)cc2)ccc1OCC(=O)O
CHEMBL234665,PPARgamma,,5.000,0,1,,censored,O=C(O)COc1ccc(SCc2ccccc2OCc2ccc(C(F)(F)F)cc2)c2c1CCC2
CHEMBL3695825,PPARgamma,7.960,,1,0,Active,exact,Cc1c(C)n(Cc2ccc(-c3ccccc3C(=O)O)cc2)c2ccc(C(=O)NCC3COc4ccccc4O3)cc12
CHEMBL1081962,PPARgamma,,5.000,0,1,,censored,CCC(C)Oc1ccc(-c2nc(COc3ccc(OCC(=O)O)c(C)c3)sc2-c2ccc(OC(F)(F)F)cc2)cc1
CHEMBL472071,PPARgamma,5.400,,1,0,,exact,CCCCCCC[C@H]1C(=O)C=C[C@@H]1OCCCCCC(=O)O
CHEMBL5595602,PPARgamma,6.345,,2,0,Active,exact,C[C@@H]1C[C@H](O)[C@@]2(COC(=O)c3ccc(C(F)(F)F)cc3)C(=O)CCC[C@@H]2[C@@]1(C)CCC1=CC(=O)OC1
CHEMBL366157,PPARgamma,5.140,,2,0,,exact,CCC[C@H](Oc1ccc2ccccc2c1)C(=O)O
CHEMBL147384,PPARgamma,9.350,,2,0,Active,exact,Cc1oc(-c2ccc(F)cc2)nc1CCOc1ccc(C[C@H](Nc2ccccc2C(=O)c2ccccc2)C(=O)O)cc1
CHEMBL486363,PPARgamma,5.590,,1,0,,exact,O=C(O)C(Cc1ccccc1)Oc1ccc(Cl)c(Cl)c1
CHEMBL228388,PPARgamma,6.050,,1,0,Active,exact,CC1=C(C(=O)O)C(c2ccc(OCCn3c4ccccc4c4ccccc43)cc2)NC(=O)N1
CHEMBL5177120,PPARgamma,5.120,,1,1,,exact,O=C(O)c1ccc(/C=C\c2c(-c3c(Cl)cccc3C(F)(F)F)noc2-c2cc[nH]c2)cc1
CHEMBL194740,PPARgamma,6.970,,1,0,Active,exact,O=C(O)c1c(Oc2cccc(C(F)(F)F)c2)c2ccccc2n1-c1ccc(C(F)(F)F)cc1
CHEMBL4250574,PPARgamma,,5.000,0,1,,censored,Cc1cc(SC(Cc2c(F)cccc2F)c2ccc(-c3cccc(C(F)(F)F)c3)cc2)ccc1OCC(=O)O
CHEMBL3335663,PPARgamma,5.200,,1,0,,exact,CC(C)(C)c1ccc(C(=O)Nc2ccccc2C(=O)Nc2ccc(Br)c(C(=O)O)c2)cc1
CHEMBL186179,PPARgamma,6.940,,8,0,Active,exact,COc1ccc(OC(=O)N(CC(=O)O)Cc2ccc(OCCc3nc(-c4ccccc4)oc3C)cc2)cc1
CHEMBL3601089,PPARgamma,5.790,,1,0,,exact,CCCCCNC(=O)c1ccc(NC(=O)c2cccc(CN3C(=O)OC[C@H]3Cc3ccccc3)c2)cc1
CHEMBL215582,PPARgamma,8.220,,1,0,Active,exact,CCc1ccc(OC(C)CCOc2ccc(OC(C)(C)C(=O)O)cc2)c(C(=O)c2ccccc2)c1
CHEMBL425254,PPARgamma,6.330,,1,0,Active,exact,CCCc1c(OCCCn2ccc3ccc(OC(C)(C)C(=O)O)cc32)ccc2cc(C(=O)c3ccccc3)ccc12
CHEMBL5288593,PPARgamma,5.865,,2,0,,exact,Cc1ccccc1CNC(=O)c1ccc(Cl)c(C(=O)Nc2ccccc2)c1
CHEMBL3678105,PPARgamma,8.150,,1,0,Active,exact,CCC(NC(=O)c1ccc2c(ccn2S(=O)(=O)c2cccc3ccccc23)c1)c1ccccc1
CHEMBL1079984,PPARgamma,,5.000,0,1,,censored,COc1ncc(-c2nc(COc3ccc(OCC(=O)O)c(C)c3)sc2-c2ccc(OC(F)(F)F)cc2)cn1
CHEMBL4242129,PPARgamma,,5.000,0,1,,censored,Cc1cc(SC(Cc2ccccc2)c2ccc(-c3ccc(C(F)(F)F)cc3)nc2)ccc1OCC(=O)O
CHEMBL1091523,PPARgamma,5.160,,1,0,,exact,O=C(O)C(Sc1nc(Cl)cc(Nc2ccc3ccccc3c2)n1)c1cccc2ccccc12
CHEMBL484467,PPARgamma,5.400,,1,0,,exact,O=C(Nc1cc(Br)ccc1C(=O)O)c1cccc(S(=O)(=O)N2CCc3ccccc3C2)c1
CHEMBL190938,PPARgamma,6.680,,1,0,Active,exact,CCCc1cc(C(=O)CC)cc(CCC)c1O[C@H](C(=O)O)c1ccc(C(F)(F)F)cc1
CHEMBL1643200,PPARgamma,,4.699,0,1,Inactive,censored,Cc1cc(CN2Cc3ccccc3C[C@H]2C(=O)Nc2ccc(Cl)cc2Cl)ccc1OCC(=O)O
CHEMBL1089826,PPARgamma,5.050,,1,0,,exact,O=C(O)C(Sc1nc(Cl)cc(NCCCc2ccccc2)n1)c1cccc2ccccc12
CHEMBL1760414,PPARgamma,5.700,,1,0,,exact,CCCCN(c1ccc(F)c(-c2ccc(Cl)cc2)c1)S(=O)(=O)c1ccc(OC(C)C(=O)O)c(C)c1C
CHEMBL4514313,PPARgamma,4.550,,1,0,Inactive,exact,Cc1cccc(Nc2cc(Cl)nc(SCC(=O)O)n2)c1
CHEMBL1935501,PPARgamma,7.700,,1,0,Active,exact,C/C=C/C=C/C(=O)N1Cc2cc(OCCc3nc(/C(C)=C/CCC(C)C)oc3C)ccc2C[C@H]1C(=O)O.CC(C)(C)N
CHEMBL1079911,PPARgamma,,5.000,0,1,,censored,COc1ccc(-c2nc(COc3ccc(OCC(=O)O)c(C)c3)oc2-c2ccc(-c3ccccc3)cc2)cc1
CHEMBL219824,PPARgamma,7.840,,2,0,Active,exact,Cc1oc(-c2ccccc2)nc1CCOc1ccc(CCC(=O)O)c(CNC(=O)OC(C)C)c1
CHEMBL180920,PPARgamma,6.065,,2,0,Active,exact,C=CCc1ccc(O)c(-c2cc(CC=C)ccc2O)c1
CHEMBL231688,PPARgamma,,5.000,0,1,,censored,O=C(O)Cn1ccc2cc(OCc3ccccc3COc3ccc(C(F)(F)F)cc3)ccc21
CHEMBL5197077,PPARgamma,4.690,,1,0,Inactive,exact,COc1ccc(/C=C/c2cc(OC)cc(OCc3ccc(OC(C)(C)C(=O)O)c(F)c3)c2)cc1
CHEMBL23670,PPARgamma,6.620,,2,0,Active,exact,CCCc1c(OCCCSc2ccc(CC(=O)O)cc2Cl)ccc2c(CC)coc12
CHEMBL5172173,PPARgamma,4.990,,1,0,Inactive,exact,CC(C)(C)OC(=O)NC(CSCc1ccc(/C=C/C(=O)c2ccccc2)cc1)C(=O)O
CHEMBL5407583,PPARgamma,5.010,,1,0,,exact,O[C@@H]1C[C@@H]2C[C@]2(Cn2cnc3c(NCc4cccc(Cl)c4)nc(Cl)nc32)[C@@H]1O
CHEMBL5396467,PPARgamma,,5.000,0,2,,censored,O=C(O)C1(c2cccc(-c3ccc(OCc4c(-c5c(Cl)cccc5Cl)noc4C4CC4)cc3)c2)CC1
CHEMBL363369,PPARgamma,,5.000,0,1,,censored,CCCc1c(OC(C)(C)C(=O)O)ccc2c(C(F)(F)F)noc12
CHEMBL1230353,PPARgamma,8.520,,3,0,Active,exact,CC[C@H](NC(=O)c1ccc2c(c1)c(C)c(C)n2Cc1ccc(-c2ccccc2C(=O)O)cc1)c1ccccc1
CHEMBL611073,PPARgamma,,5.000,0,1,,censored,O=C(NCCS(=O)(=O)c1ccc(C(F)(F)F)cn1)c1ccc(Cl)c(Br)c1
CHEMBL256505,PPARgamma,,4.561,0,1,Inactive,censored,Cc1oc(-c2ccccc2)nc1CCOc1cccc(C2=C(C(=O)O)CCN(Cc3ccccc3)C2)c1
CHEMBL3397558,PPARgamma,5.750,,1,0,,exact,O=C([O-])C(Cc1ccccc1)Oc1ccc(/C=N/OCCc2ccccc2)cc1.[Na+]
CHEMBL6144610,PPARgamma,,4.301,0,2,Inactive,censored,CS1(=O)=N[Se]c2ccccc21
CHEMBL1801740,PPARgamma,6.670,,2,0,Active,exact,CCc1nc2c(C)cc(CC(C)C)nc2n1[C@H]1CCc2cc(-c3ccccc3-c3nnn[nH]3)ccc21
CHEMBL1947139,PPARgamma,5.660,,1,0,,exact,COc1ccc2c(-n3c(=O)n(Cc4ccc([C@@]5(C)OC(=O)NC5=O)cc4)c4cc(C(F)(F)F)ccc43)noc2c1
CHEMBL5075465,PPARgamma,,5.301,0,1,,censored,CC(C)(Oc1ccc(Cn2ncn(-c3ccc(C(F)(F)F)cc3)c2=O)cc1F)C(=O)O
CHEMBL2312709,PPARgamma,5.510,,1,0,,exact,Cc1cc(-c2ccccc2)cc(C)c1O[C@@H](Cc1ccccc1)C(=O)O
CHEMBL3695837,PPARgamma,8.400,,3,0,Active,exact,COc1cccc(CNC(=O)c2ccc3c(c2)c(C)c(C)n3Cc2ccc(-c3ccccc3C(=O)O)cc2)c1
CHEMBL5290209,PPARgamma,5.680,,3,0,,exact,CC(C)(C)c1ccc(-n2cnc3c(NC(=O)Cc4ccc(C(=O)O)cc4)cccc32)cc1
CHEMBL3895104,PPARgamma,,5.000,0,1,,censored,CC(CCOc1ccccc1CN(C)C(=O)c1ccc(-c2ccco2)cc1)CCC(=O)O
CHEMBL83747,PPARgamma,5.240,,1,0,,exact,O=C(NCCSSCCNC(=O)/C(Cc1ccc(O)c(Br)c1)=N/O)/C(Cc1ccc(O)c(Br)c1)=N/O
CHEMBL187557,PPARgamma,7.120,,1,0,Active,exact,CCCc1cc(C(=O)CC)cc(CCC)c1O[C@H](C(=O)O)c1ccc(C(C)C)cc1
CHEMBL4519542,PPARgamma,5.770,,1,0,,exact,CCCOc1cc(C)c2c(c1)CC[C@@](C)(CC/C=C(\C)CC/C=C(\C)C(=O)O)O2
CHEMBL4066238,PPARgamma,,5.000,0,1,,censored,CC#C[C@@H](CC(=O)O)c1ccc(OCc2cccc(-c3c(C)cc(OCCCS(C)(=O)=O)cc3C)c2)s1
CHEMBL2042810,PPARgamma,8.320,,1,0,Active,exact,COc1cc(O)c2c(c1C(=O)NCc1c(C)cc(F)c3ccccc13)OC1=CC(O)=C(C(C)=O)C(=O)[C@]12C
CHEMBL371097,PPARgamma,5.710,,1,0,,exact,CCCc1c(OCCCOc2cccc3c2ccn3CC(=O)O)ccc2cc(-c3ccccc3)oc12
CHEMBL3695906,PPARgamma,8.000,,1,0,Active,exact,Cc1c(C)n(Cc2ccc(-c3ccccc3-c3nnn[nH]3)cc2)c2ccc(C(=O)N[C@@H](C)c3cccc(C4CC4)c3)cc12
CHEMBL205665,PPARgamma,6.070,,1,0,Active,exact,CC[C@@](C)(Cc1ccc(OCCCOc2ccccc2Cl)cc1)C(=O)O
CHEMBL5505922,PPARgamma,,5.000,0,1,,censored,Cc1c(CN2CCN(c3ccc(C(F)(F)F)cc3)CC2)ccc(OC(C)(C)C(=O)O)c1C
CHEMBL81592,PPARgamma,6.030,,2,0,Active,exact,Cc1oc(-c2ccccc2)nc1CCOc1ccc(OC(C)(Cc2ccccc2)C(=O)O)cc1
CHEMBL3695854,PPARgamma,6.790,,1,0,Active,exact,C[C@H](NC(=O)c1ccc2c(ccn2Cc2ccc(-c3ccccc3C(=O)O)cc2)c1)c1ccc(Br)cc1
CHEMBL3764948,PPARgamma,5.820,,1,0,,exact,CCCC(Cc1ccc(C(=O)NCc2ccccc2C(F)(F)F)cc1)C(=O)O
CHEMBL4072125,PPARgamma,4.750,,1,0,Inactive,exact,CCOC(Cc1ccc(Oc2ccc(OCc3ccccc3)cc2)cc1)C(=O)O
CHEMBL395527,PPARgamma,6.200,,3,0,Active,exact,CCCC(=O)NC[C@H](Cc1ccc(OCCc2nc(-c3ccccc3)oc2C)cc1)Nc1ccccc1C(=O)c1ccccc1
CHEMBL181087,PPARgamma,6.480,,1,0,Active,exact,COc1ccc2c(c1)c(Cc1ccccc1OCC(=O)O)c(C)n2C(=O)c1ccc(Cl)cc1
CHEMBL229837,PPARgamma,5.820,,1,0,,exact,CCCC(Cc1ccc(OC)c(CNC(=O)c2ccc(C(F)(F)F)cc2F)c1)C(=O)O
CHEMBL3398444,PPARgamma,6.065,,4,0,Active,exact,Cc1oc(-c2ccccc2)nc1CCOc1cccc(C[C@@H]2CN(c3ccccc3)C[C@@H]2C(=O)O)c1
CHEMBL4742137,PPARgamma,5.550,,1,0,,exact,Cc1ccccc1-c1ccc(/N=N/c2ccc(CC3SC(=O)NC3=O)cc2)cc1
CHEMBL5207756,PPARgamma,4.990,,1,0,Inactive,exact,Cc1ccc2[nH]c(-c3cccc(OCCCCCCCC(=O)O)c3)nc2c1
CHEMBL3735011,PPARgamma,6.320,,1,0,Active,exact,Cc1cc(-n2nc3ccccc3n2)cc(C)c1OC(C)(C)C(=O)O
CHEMBL2113107,PPARgamma,5.990,,1,0,,exact,CCCCCOc1cc2ccccc2cc1C(O)C/C=C\CCCC(=O)[O-].[Na+]
CHEMBL174764,PPARgamma,7.390,,1,0,Active,exact,CCCc1c(OCCCCOc2cccc(OC(C)(C)C(=O)O)c2)ccc2c(-c3ccccc3)noc12
CHEMBL5280736,PPARgamma,6.430,,1,0,Active,exact,CC(C)=CCOc1cc(OCC=C(C)C)c2c(=O)cc(-c3ccccc3)oc2c1
CHEMBL3397560,PPARgamma,5.030,,1,0,,exact,C/C(=N\O)c1ccc(OC(Cc2ccccc2)C(=O)O)cc1
CHEMBL193082,PPARgamma,7.290,,1,0,Active,exact,CCCc1cc2c(oc(=O)n2C(C)C)c(CCC)c1O[C@H](C(=O)O)c1ccc(C(C)C)cc1
CHEMBL148060,PPARgamma,7.070,,1,0,Active,exact,CN(CCOc1ccc(CC(Nc2cccc3c2C(=O)c2ccccc2-3)C(=O)O)cc1)c1nc2ccccc2o1
CHEMBL4083365,PPARgamma,5.360,,1,0,,exact,COc1ccc(F)c(-c2ccc(Cc3ccc(N4C[C@H](C(F)(F)F)C[C@@H]4CC(=O)O)cc3)c(C)c2)c1
CHEMBL5201597,PPARgamma,,4.301,0,2,Inactive,censored,CCc1ccc(-c2nc3cc(NC(=O)c4cccc([N+](=O)[O-])c4Cl)ccc3o2)cc1
CHEMBL218841,PPARgamma,6.480,,1,0,Active,exact,CC(C)(C)c1ccc(Cn2c(C(=O)NS(=O)(=O)c3cccc(C(F)(F)F)c3)cc3ccccc32)cc1
CHEMBL387133,PPARgamma,5.290,,1,0,,exact,Cc1oc(-c2ccccc2)nc1CCOc1ccc(CC(C)(C)C(=O)O)cn1
CHEMBL2031957,PPARgamma,5.610,,2,0,,exact,CC(C)=CCC/C(C)=C/Cc1c(O)cc(/C=C/c2ccsc2)cc1O
CHEMBL1801744,PPARgamma,6.760,,1,0,Active,exact,CCc1nc2c(C)cc(CC(C)C)nc2n1[C@H]1CCc2cc(-c3ccccc3C(=O)O)ccc21
CHEMBL3699400,PPARgamma,7.420,,1,0,Active,exact,Cc1c(C)n(Cc2ccc(-c3ccccc3C(=O)O)cc2)c2ccc(C(=O)N[C@@H](C)c3ccccc3OC(F)(F)F)cc12
CHEMBL3678139,PPARgamma,7.120,,1,0,Active,exact,Cc1c(C)n(Cc2cc(Cl)cc(O[C@@H](C)C(=O)O)c2)c2ccc(C(=O)N[C@@H](C)c3cccc(C4CC4)c3)cc12
CHEMBL1089500,PPARgamma,4.990,,1,0,Inactive,exact,CCCOC(=O)N(CC(=O)O)Cc1cccc(OCc2nc(-c3ccc(Cl)cc3)oc2C)c1
CHEMBL190352,PPARgamma,,4.824,0,1,Inactive,censored,CCCc1cc2c(C(F)(F)F)noc2c(CCC)c1OCC(C)(C)C(=O)O
CHEMBL499038,PPARgamma,7.020,,2,0,Active,exact,CCC#CCOc1cc(COc2cccc(C(F)(F)F)c2)ccc1Sc1ccc(OCC(=O)O)c2c1CCCC2
CHEMBL298187,PPARgamma,6.265,,2,0,Active,exact,CCCc1cc(Oc2ccccc2)ccc1OCCCOc1ccc(C2SC(=O)NC2=O)cc1Cl
CHEMBL3972176,PPARgamma,7.890,,1,0,Active,exact,CCc1cc(OCCc2nc(-c3ccc(F)cc3)oc2C)ccc1CCC(=O)O
CHEMBL497203,PPARgamma,6.260,,2,0,Active,exact,CCC#CCOc1cc(COC2CCOCC2)ccc1Sc1ccc(OCC(=O)O)c2c1CCCC2
CHEMBL5277957,PPARgamma,6.670,,2,0,Active,exact,Cc1cccnc1NC(=O)c1cc(C(=O)NCc2ccc(F)c(F)c2)c(F)cc1Cl
CHEMBL146201,PPARgamma,5.880,,1,0,,exact,CC(/C=C(\O)c1ccccc1)=N\[C@@H](Cc1ccc(OCc2ccccc2)cc1)C(N)=O
CHEMBL1088910,PPARgamma,6.610,,1,0,Active,exact,Cc1ccc(OC(=O)N(CC(=O)O)Cc2ccc(OCc3nc(-c4ccc(Cl)cc4)oc3C)cc2)cc1
CHEMBL1967191,PPARgamma,4.990,,1,0,Inactive,exact,CC(C)(C)OC(=O)NC(CSCc1ccc(C(=O)c2ccccc2)cc1)C(=O)O
CHEMBL213675,PPARgamma,6.490,,1,0,Active,exact,CCOC(Cc1ccc2c(ccn2Cc2nc(-c3ccc(C(F)(F)F)cc3)oc2C)c1)C(=O)O
CHEMBL280293,PPARgamma,6.350,,1,0,Active,exact,CCCc1cc(-c2ccccc2)ccc1OCCCOc1cccc(C2OC(=O)NC2=O)c1
CHEMBL2377525,PPARgamma,6.990,,1,0,Active,exact,CCCOc1ccc(C[C@@H](Cc2ccccc2)C(=O)O)cc1CNC(=O)c1ccc(-c2ccc(F)cc2)cc1
CHEMBL2204689,PPARgamma,6.100,,1,0,Active,exact,CC(C)(Oc1ccc(COc2ccc(Oc3ccccc3)cc2)cc1)C(=O)O
CHEMBL374189,PPARgamma,6.540,,1,0,Active,exact,O=C(NS(=O)(=O)c1ccccc1)c1cc2ccccc2n1Cc1cccc(C(F)(F)F)c1
CHEMBL4163242,PPARgamma,7.300,,1,0,Active,exact,CCOC(=O)C(Cc1ccc(OCCn2c(=O)sc3cc(/C=C/c4cc(OC)cc(OC)c4)ccc32)cc1)OCC(F)(F)F
CHEMBL4097121,PPARgamma,6.330,,1,0,Active,exact,Cc1nc2ccccc2c(=O)n1CC(=O)Nc1ccc(S(=O)(=O)NC(=O)NC2CCCCC2)cc1
CHEMBL3695789,PPARgamma,8.220,,1,0,Active,exact,CCC(NC(=O)c1ccc2c(c1)c(C)c(C)n2Cc1ccc(-c2ccccc2-c2nnn[nH]2)cc1)c1ccccc1
CHEMBL4168900,PPARgamma,6.210,,1,0,Active,exact,Cn1c(COc2cccc(C(=O)O)c2)nc2ccc(Oc3cc(Cl)ccn3)cc21
CHEMBL4579525,PPARgamma,7.070,,1,0,Active,exact,CCCc1nc2c(C)cccc2n1Cc1ccc2c(n1)COc1ccccc1/C2=C(\C)c1noc(=O)[nH]1
CHEMBL2259817,PPARgamma,6.970,,1,0,Active,exact,CCCc1cc(Oc2ccc(F)c(C)c2)ccc1OCCCOc1ccc(C2SC(=O)NC2=O)cc1
CHEMBL489074,PPARgamma,6.240,,3,0,Active,exact,O=C(O)[C@H](Cc1ccccc1)Oc1ccc(Cc2ccccc2)cc1
CHEMBL4075456,PPARgamma,,5.301,0,1,,censored,O=C(O)CCCc1cc2cc(Cl)ccc2n1S(=O)(=O)c1ccc2nc[nH]c2c1
CHEMBL1091980,PPARgamma,5.980,,1,0,,exact,Cc1ccc(OC(=O)N(CC(=O)O)Cc2cccc(OCc3nc(-c4ccccc4Cl)oc3C)c2)cc1
CHEMBL377508,PPARgamma,5.110,,1,0,,exact,CC(C)(Oc1ccc(OCCCCOc2ccc(Oc3ccc(F)cc3)cc2Cl)cc1)C(=O)O
CHEMBL3695807,PPARgamma,8.700,,1,0,Active,exact,CCC(NC(=O)c1ccc2c(ccn2Cc2cccc(-c3ccc(C(=O)O)cc3)c2)c1)c1ccccc1
CHEMBL190665,PPARgamma,5.900,,2,0,,exact,CCCc1cc(C(=O)CC)cc(CCC)c1OC(C)(C)C(=O)O
CHEMBL1801739,PPARgamma,6.580,,1,0,Active,exact,CCc1cc(C)c2nc(C(C)C)n([C@H]3CCc4cc(-c5ccccc5-c5nnn[nH]5)ccc43)c2n1
CHEMBL189950,PPARgamma,,4.301,0,1,Inactive,censored,CCC(=O)c1cc(C)c(OC(C(=O)O)c2ccccc2)c(C)c1
CHEMBL3678148,PPARgamma,6.590,,1,0,Active,exact,Cc1c(C)n(C(C)c2cccc(O[C@@H](C)C(=O)O)c2)c2ccc(C(=O)N[C@@H](C)c3ccc(C(C)(C)C)cc3)cc12
CHEMBL307341,PPARgamma,,4.523,0,1,Inactive,censored,CC(C)=CCC/C(C)=C/COc1ccc2ccc(=O)oc2c1
CHEMBL5395441,PPARgamma,5.970,,1,0,,exact,Cc1cc(CN2C(=O)CN(c3ccc(C(F)(F)F)c(F)c3)C2=O)cc(C)c1OC(C)(C)C(=O)O
CHEMBL5647501,PPARgamma,5.790,,1,0,,exact,COc1cccc(CN2C(=O)S/C(=C\c3ccc(Nc4cccc(Cl)c4)cc3)C2=O)c1
CHEMBL146231,PPARgamma,8.360,,1,0,Active,exact,Cc1sc(N2CCNCC2)nc1CCOc1ccc(C[C@H](Nc2ccccc2C(=O)c2ccccc2)C(=O)O)cc1
CHEMBL3695778,PPARgamma,7.890,,1,0,Active,exact,COc1cccc([C@H](C)NC(=O)c2ccc3c(c2)c(C)c(C)n3Cc2ccc(-c3ccccc3C(=O)O)cc2)c1
CHEMBL4446679,PPARgamma,5.370,,1,0,,exact,CCCCCCC(Sc1nc2ccc(NC(=O)c3ccc(C(C)(C)C)cc3)cc2s1)C(=O)O
CHEMBL3596276,PPARgamma,5.890,,1,0,,exact,O=C(O)c1ccc(-c2nc(C(=O)c3c(Cl)cccc3C3CC3)n3c2CCCC3)c(F)c1
CHEMBL86657,PPARgamma,5.480,,4,0,,exact,CCO[C@@H](Cc1ccc(OCCN(c2ccccc2)c2ccccc2)cc1)C(=O)O
CHEMBL2048021,PPARgamma,5.650,,1,0,,exact,O=C(O)Cn1c(SCCOc2ccc3ccccc3c2)nc2ccccc21
CHEMBL3827584,PPARgamma,5.370,,1,0,,exact,CCOC(=O)N(CC(=O)O)Cc1cc(OCc2nc(-c3ccc(Cl)cc3)oc2C)ccc1F
CHEMBL5612759,PPARgamma,4.860,,1,0,Inactive,exact,C[C@H](Oc1ccc(-c2cccc3ccccc23)cc1)C(=O)O
CHEMBL217962,PPARgamma,8.150,,1,0,Active,exact,COc1ccc(-c2c(C(=O)NS(=O)(=O)c3ccccc3C)n(Cc3cccc(C(F)(F)F)c3)c3ccccc23)cc1
CHEMBL147480,PPARgamma,6.450,,1,0,Active,exact,O=C(c1ccccc1)c1ccccc1N[C@@H](Cc1ccc(OCCc2ccccn2)cc1)C(=O)O
CHEMBL5432412,PPARgamma,5.460,,1,0,,exact,O=C(O)Cc1cc(Cl)cc(OCCC2(N3CCCC3)CCN(c3nc4ccc(C(F)(F)F)nc4s3)CC2)c1
CHEMBL2024604,PPARgamma,7.500,,1,0,Active,exact,COCCOc1ccc(CCC(=O)NS(=O)(=O)c2ccccc2)c(Oc2ncc(C(F)(F)F)cc2Cl)c1
CHEMBL1801738,PPARgamma,6.310,,1,0,Active,exact,CCc1cc(C)c2nc(CC)n([C@H]3CCc4cc(-c5ccccc5-c5nnn[nH]5)ccc43)c2n1
CHEMBL501440,PPARgamma,7.140,,2,0,Active,exact,CCC#CCOc1cc(COc2ccc(C(F)(F)F)cc2)ccc1Sc1ccc(OCC(=O)O)c2c1CCCC2
CHEMBL1081764,PPARgamma,,5.000,0,1,,censored,COc1ccc(-c2nc(COc3ccc(OCC(=O)O)c(C)c3)sc2-c2ccc(SC(F)(F)F)cc2)cc1
CHEMBL1801713,PPARgamma,5.580,,1,0,,exact,CCc1nc2c(C)cc(C)nc2n1[C@@H]1CCc2cc(-c3ccccc3-c3nnn[nH]3)ccc21
CHEMBL590984,PPARgamma,6.310,,1,0,Active,exact,CCCc1c(SC)c2ccc(NC(=O)C(CC)c3ccccc3)cc2n1Cc1ccc(-c2ccccc2C(=O)O)cc1
CHEMBL4870096,PPARgamma,5.400,,2,0,,exact,CC1=C(CC(=O)O)c2cc(F)ccc2/C1=C\c1cccc(C(C)C)c1
CHEMBL2112871,PPARgamma,8.390,,1,0,Active,exact,CN(CCOc1ccc(C[C@H](Nc2ccccc2C(=O)C2CCCCC2)C(=O)O)cc1)c1nc2ccccc2o1
CHEMBL4174671,PPARgamma,7.210,,1,0,Active,exact,Cc1cc(Oc2ccc3nc(COc4cccc(C(=O)O)c4)n(C)c3c2)ccc1F.Cl
CHEMBL525366,PPARgamma,5.800,,1,0,,exact,COc1cccc2c1ccn2S(=O)(=O)c1cccc(C(=O)Nc2ccc(C)cc2C(=O)O)c1
CHEMBL3695787,PPARgamma,9.270,,1,0,Active,exact,CCC(NC(=O)c1ccc2c(c1)c(C)c(C)n2Cc1ccc(-c2ccccc2C#N)cc1)c1ccccc1
CHEMBL1081949,PPARgamma,,5.000,0,1,,censored,Cc1cc(OCc2nc(C)c(-c3ccc(Cl)cc3)s2)ccc1OCC(=O)O
CHEMBL4858300,PPARgamma,5.800,,1,0,,exact,O=C(CNC(=O)Nc1ccc(NC(=O)NCC(=O)Nc2ccc(C3=NCCN3)cc2)cc1)Nc1ccc(C2=NCCN2)cc1
CHEMBL3695835,PPARgamma,6.680,,1,0,Active,exact,Cc1c(C)n(Cc2ccc(-c3ccccc3C(=O)O)cc2)c2ccc(C(=O)NCc3ccc(C(F)(F)F)cc3)cc12
CHEMBL426878,PPARgamma,7.820,,1,0,Active,exact,COC(Cc1ccc(OCCc2ccc(Oc3cccc(Cl)c3)cc2C)nc1)C(=O)O
CHEMBL2338478,PPARgamma,7.255,,2,0,Active,exact,O=S(=O)(Nc1cc(C(F)(F)F)c(Oc2cncc(Cl)c2)c(C(F)(F)F)c1)c1ccc(Cl)cc1Cl
CHEMBL2338482,PPARgamma,6.995,,2,0,Active,exact,CC(=O)c1cncc(Oc2c(Cl)cc(NS(=O)(=O)c3ccc(Cl)cc3Cl)cc2Cl)c1
CHEMBL5072619,PPARgamma,5.930,,1,0,,exact,CCc1ccc(-n2cnn(Cc3cc(C)c(OC(C)(C)C(=O)O)c(C)c3)c2=O)cc1
CHEMBL5408588,PPARgamma,5.680,,1,0,,exact,Cc1cc(CN2C(=O)CN(c3ccccc3)C2=O)cc(C)c1OC(C)(C)C(=O)O
CHEMBL218487,PPARgamma,7.370,,1,0,Active,exact,Cc1oc(-c2ccccc2)nc1CCOc1ccc(C[C@]2(C(=O)O)CCCO2)nc1
CHEMBL4541559,PPARgamma,5.470,,1,0,,exact,CCCCc1nc(C)c(Cc2nc(COC)no2)c(=O)n1Cc1ccc(-c2ccccc2-c2noc(=O)[nH]2)cc1
CHEMBL178321,PPARgamma,5.330,,1,0,,exact,COc1ccc2c(c1)c(Cc1ccc(C(=O)O)cc1)c(C)n2C(=O)c1ccc(Cl)cc1
CHEMBL521796,PPARgamma,5.720,,1,0,,exact,CCO[C@H](Cc1cccc(/C(C)=N/OCc2ccccc2)c1)C(=O)O
CHEMBL574607,PPARgamma,6.060,,1,0,Active,exact,O=C(O)C(Cc1ccccc1)Oc1ccc(CCCc2ccccc2)cc1
CHEMBL255251,PPARgamma,,4.564,0,1,Inactive,censored,Cc1oc(-c2ccccc2)nc1CCOc1ccc(C2=C(C(=O)O)CCN(C(=O)OCC(C)C)C2)cc1
CHEMBL1091196,PPARgamma,5.270,,1,0,,exact,Cc1oc(-c2ccc(Cl)cc2)nc1COc1cccc(CN(CC(=O)O)C(=O)OCC2CC2)c1
CHEMBL108861,PPARgamma,4.400,,1,0,Inactive,exact,C=CCc1ccc(OC)c(OC)c1
CHEMBL5404470,PPARgamma,6.040,,1,0,Active,exact,[2H]C([2H])(Cc1cn(S(=O)(=O)c2ccc(OC)cc2)c2ccc(OC)cc12)C(=O)O
CHEMBL198493,PPARgamma,6.980,,1,0,Active,exact,COc1cccc(Oc2c(C(=O)O)n(-c3ccc(C(C)(C)C)cc3)c3nc(Cl)ccc23)c1
CHEMBL1819397,PPARgamma,5.750,,1,0,,exact,CCCC/C(=C\c1cc(OCCc2ccccc2)ccc1OCCc1ccccc1)C(=O)O
CHEMBL383607,PPARgamma,6.020,,1,0,Active,exact,CCCCCOc1nc2ccccc2cc1C(O)CC#CCCCC(=O)[O-].[Na+]
CHEMBL200781,PPARgamma,7.720,,1,0,Active,exact,CC[C@H](C(=O)O)[C@H]1CCc2cc(OCCc3nc(-c4ccccc4)oc3C)ccc21
CHEMBL4575123,PPARgamma,5.870,,2,0,,exact,O=C(O)CSc1nc(Cl)cc(Nc2cccc3c2CCCC3)n1
CHEMBL2375946,PPARgamma,5.150,,1,0,,exact,O=C(O)[C@H](CCc1ccccc1)Oc1ccc(Cl)cc1
CHEMBL3678133,PPARgamma,9.520,,1,0,Active,exact,Cc1c(C)n(Cc2cc(O[C@@H](C)C(=O)O)ccc2Cl)c2ccc(C(=O)N[C@@H](C)c3ccc(Br)cc3)cc12
CHEMBL3398457,PPARgamma,6.105,,2,0,Active,exact,Cc1oc(-c2ccccc2)nc1CCOc1cccc(CC[C@H]2CN(C(=O)Oc3ccccc3)C[C@@H]2C(=O)O)c1
CHEMBL190334,PPARgamma,5.250,,1,0,,exact,CCC1(C(=O)O)Cc2cc(OCCCOc3ccc(CC(C)(C)C)cc3Cl)ccc2O1
CHEMBL2024619,PPARgamma,8.210,,1,0,Active,exact,CCCCCS(=O)(=O)NC(=O)/C=C/c1ccc(OCCOC2CC2)cc1Oc1ncc(C(F)(F)F)cc1Cl
CHEMBL46403,PPARgamma,4.520,,1,0,Inactive,exact,CCCCCCCCCCCCCCCCCC(=O)O
CHEMBL3596273,PPARgamma,5.960,,1,0,,exact,O=C(O)c1ccc(-c2nc(C(=O)c3c(Cl)cccc3Cl)n3c2CCCC3)c(F)c1
CHEMBL3695881,PPARgamma,8.100,,1,0,Active,exact,Cc1c(C)n(Cc2ccc(-c3ccccc3)cc2)c2ccc(C(=O)N[C@@H](C)c3cccc(F)c3)cc12
CHEMBL511100,PPARgamma,6.605,,2,0,Active,exact,COCCC#CCOc1cc(COc2ccc(C(F)(F)F)cc2)ccc1Sc1ccc(OCC(=O)O)c2c1CCCC2
CHEMBL5408992,PPARgamma,5.480,,1,0,,exact,Cc1cc(O)c(C(=O)/C=C/c2ccnc(F)c2)c(=O)o1
CHEMBL496743,PPARgamma,5.500,,1,0,,exact,COc1ccc2c(ccn2S(=O)(=O)c2cccc(C(=O)Nc3ccc(C)cc3C(=O)O)c2)c1C
CHEMBL2022125,PPARgamma,8.130,,1,0,Active,exact,CCCCCS(=O)(=O)NC(=O)/C=C/c1ccc(OCCCOC)cc1Oc1ncc(C(F)(F)F)cc1Cl
CHEMBL181628,PPARgamma,9.000,,1,0,Active,exact,COc1ccc(C(=O)n2c(C)c(Cc3ccccc3OC(C)C(=O)O)c3cc(OC(F)(F)F)ccc32)cc1
CHEMBL474551,PPARgamma,5.915,,2,0,,exact,Cc1oc(-c2ccccc2)nc1CCOc1cccc(-c2nn(-c3ccccc3)nc2C(=O)O)c1
CHEMBL4202476,PPARgamma,5.120,,1,0,,exact,COC(=O)c1cccc(OCc2oc(-c3ccccc3OC)nc2C)c1
CHEMBL4215985,PPARgamma,,5.000,0,1,,censored,C/C(=C\C(=O)O)CCCOc1ccccc1CN(C)C(=O)c1ccc(-c2ccco2)cc1
CHEMBL5192854,PPARgamma,,4.301,0,1,Inactive,censored,CCCCCC/C=C\CCCCCCCc1cccc(OC(C)(C)C(=O)OCC)c1
CHEMBL3934302,PPARgamma,4.960,,1,0,Inactive,exact,COc1ccc(CCOC(=O)Cc2cccc(SCc3ccccc3C(=O)O)c2)cc1OC
CHEMBL1080699,PPARgamma,4.160,,1,0,Inactive,exact,Cc1cc(OCc2nc(-c3ccc(OC(C)C)nc3)c(-c3ccc(OC(F)(F)F)cc3)o2)ccc1OCC(=O)O
CHEMBL4802042,PPARgamma,5.270,,1,0,,exact,COc1nc2ccc([C@@](O)(c3ccccc3)C3CCN(C(C)=O)CC3)cc2c(Cl)c1Cc1ccc(-n2cccn2)cc1
CHEMBL4466241,PPARgamma,5.880,,1,0,,exact,CCCCc1nc(C)c(CC(=O)OCC2CCCCC2)c(=O)n1Cc1ccc(-c2ccccc2-c2noc(=O)[nH]2)cc1
CHEMBL4856271,PPARgamma,5.200,,1,0,,exact,Cc1cc(COc2ccc3c(c2)O/C(=C\c2ccc(OC(F)(F)F)cc2)C3=O)cc(C)c1OC(C)(C)C(=O)O
CHEMBL478725,PPARgamma,6.530,,1,0,Active,exact,Cc1oc(-c2ccccc2)nc1CC#Cc1ccc(C[C@@H](C(=O)O)n2cccc2)cc1
CHEMBL213678,PPARgamma,7.570,,1,0,Active,exact,CCOC(Cc1ccc2c(ccn2Cc2nc(-c3ccc(CC)cc3)oc2C)c1)C(=O)O
CHEMBL572566,PPARgamma,5.520,,1,0,,exact,O=C(O)C(Cc1ccccc1)Oc1ccc(COc2ccccc2)cc1
CHEMBL318684,PPARgamma,7.190,,1,0,Active,exact,CCCc1cc(Oc2ccc(Cl)c(Cl)c2)ccc1OCCCOc1cccc(C2SC(=O)NC2=O)c1
CHEMBL2042802,PPARgamma,7.550,,1,0,Active,exact,COc1cc(O)c2c(c1C(=O)NCc1c(C)ccc3ccccc13)OC1=CC(O)=C(C(C)=O)C(=O)[C@]12C
CHEMBL1014,PPARgamma,5.380,,1,0,,exact,CCOc1nc2cccc(C(=O)OC(C)OC(=O)OC3CCCCC3)c2n1Cc1ccc(-c2ccccc2-c2nn[nH]n2)cc1
CHEMBL3699404,PPARgamma,8.700,,1,0,Active,exact,Cc1c(C)n(Cc2ccc(-c3ccccc3C(=O)O)cc2)c2ccc(C(=O)N[C@@H](C)c3ccc(Br)cn3)cc12
CHEMBL564368,PPARgamma,6.200,,1,0,Active,exact,CCCCCC/C(=C\CCCCCCCC(=O)O)[N+](=O)[O-]
CHEMBL3973020,PPARgamma,5.680,,1,0,,exact,O=S(=O)(c1ccc(Cl)cc1)c1cnn(S(=O)(=O)c2ccc(Cl)cc2Cl)c1-c1ccc(Cl)cc1
CHEMBL2322451,PPARgamma,5.450,,1,0,,exact,CCc1nc2ccn(Cc3ccccn3)c(=O)c2n1[C@H]1CCc2cc(-c3ccccc3-c3nnn[nH]3)ccc21
CHEMBL4172034,PPARgamma,6.090,,1,0,Active,exact,Cn1c(COc2cccc(C(=O)O)c2)nc2ccc(Oc3ccc(F)cn3)cc21
CHEMBL4247845,PPARgamma,4.650,,1,0,Inactive,exact,COC(=O)[C@@H](NC(=O)OCc1ccccc1)c1cccc(NC(=O)CCl)c1
CHEMBL583378,PPARgamma,4.810,,2,0,Inactive,exact,O=c1c(-c2ccc(F)cc2)coc2cc(O)ccc12
CHEMBL4519376,PPARgamma,5.310,,1,0,,exact,CCCCCCC(Sc1nc2ccc(NC(=O)c3ccccc3)cc2s1)C(=O)O
CHEMBL3094426,PPARgamma,5.420,,1,0,,exact,CCCCCCC(Sc1nc(Cl)cc(Nc2nc(-c3ccc(Br)cc3)c(C)s2)n1)C(=O)O
CHEMBL4173802,PPARgamma,7.030,,1,0,Active,exact,Cn1c(COc2cccc(C(=O)O)c2)nc2ccc(Oc3ccc4c(c3)OCC4)nc21
CHEMBL597349,PPARgamma,,5.000,0,1,,censored,O=C(NCCCS(=O)(=O)c1ccc(C(F)(F)F)cn1)c1ccc(OC(F)(F)F)cc1
CHEMBL5187164,PPARgamma,8.200,,3,0,Active,exact,CCc1ccc(-c2nc3cc(NC(=O)c4cc([N+](=O)[O-])ccc4Br)ccc3o2)cc1
CHEMBL3335656,PPARgamma,4.870,,1,0,Inactive,exact,Cc1c(NC(=O)c2ccccc2NC(=O)c2ccc(C(C)(C)C)cc2)cccc1C(=O)O
CHEMBL83677,PPARgamma,5.850,,1,0,,exact,CCCCCCC(=O)NCCOc1ccc(CC2SC(=O)NC2=O)cc1
CHEMBL1947147,PPARgamma,8.000,,1,0,Active,exact,COc1ccc2c(-n3c(=O)n(Cc4cc([C@@]5(C)OC(=O)NC5=O)ccc4Cl)c4ccccc43)noc2c1
CHEMBL3699383,PPARgamma,6.930,,1,0,Active,exact,Cc1c(C)n(Cc2ccc(-c3ccccc3)cc2)c2ccc(C(=O)N[C@@H](C)[C@@H]3CCCN3C(=O)OCc3ccccc3)cc12
CHEMBL148384,PPARgamma,9.030,,1,0,Active,exact,Cc1oc(-c2ccccc2)nc1CCOc1ccc(CC(Nc2ccccc2C(=O)c2cccnc2)C(=O)O)cc1
CHEMBL3596272,PPARgamma,5.540,,1,0,,exact,O=C(O)c1ccc(-c2nc(C(=O)c3c(F)cccc3Cl)n3c2CCCC3)c(F)c1
CHEMBL470559,PPARgamma,,6.000,0,1,,censored,C=C(CCc1ccc(C(F)(F)F)cc1)CSc1ccc(OCC(=O)O)c(C)c1
CHEMBL179657,PPARgamma,,4.824,0,1,Inactive,censored,CC[C@]1(C(=O)O)CCc2ccc(OCCCOc3ccc(C4CCOCC4)cc3Cl)cc2O1
CHEMBL5077503,PPARgamma,6.485,,2,0,Active,exact,CC[C@H](Cc1ccc(C(=O)NCc2ccc(OC)cc2C(F)(F)F)cc1)C(=O)O
CHEMBL4866444,PPARgamma,4.975,,2,0,Inactive,exact,CC1=C(CC(=O)O)c2cc(F)ccc2/C1=C/c1cccc(C)c1
CHEMBL341105,PPARgamma,5.550,,1,0,,exact,C/C(=N\OCCOc1ccc(CC2SC(=O)NC2=O)cc1)c1cccnc1
CHEMBL521170,PPARgamma,7.570,,1,0,Active,exact,CCO[C@@H](Cc1ccc(OCCc2nc(-c3ccc(C(F)(F)F)cc3)oc2C)c2ccccc12)C(=O)O
CHEMBL489507,PPARgamma,5.850,,2,0,,exact,Cc1oc(-c2ccccc2)nc1CCOc1ccc(-c2nn(-c3ccccc3)nc2CC(=O)O)cc1
CHEMBL3915254,PPARgamma,5.930,,2,0,,exact,Cc1nc2ccccc2n(CC(=O)Nc2ccc(S(=O)(=O)NC(=S)NC3CCCCC3)cc2)c1=O
CHEMBL3397549,PPARgamma,4.550,,1,0,Inactive,exact,O=C(O)[C@H](Cc1ccccc1)Oc1ccc(/C=N/O)cc1
CHEMBL230050,PPARgamma,,6.000,0,1,,censored,CCOC(COc1ccc(C(F)(F)F)cc1)CSc1ccc(OCC(=O)O)c(C)c1
CHEMBL3545278,PPARgamma,6.790,,1,1,Active,exact,CCCCCS(=O)(=O)NC(=O)c1ccc2nc(C)n(Cc3ccc(Cl)cc3Cl)c2c1
CHEMBL5401474,PPARgamma,6.130,,1,0,Active,exact,Cc1cc(N2CC(=O)N(Cc3cc(C)c(OC(C)(C)C(=O)O)c(C)c3)C2=O)ccc1OC(F)(F)F
CHEMBL4466036,PPARgamma,4.960,,1,0,Inactive,exact,CCCc1nc2c(C)cccc2n1Cc1ccc(-c2ccccc2C(=O)O)cc1
CHEMBL1760404,PPARgamma,5.400,,1,0,,exact,CCCCN(c1cccc(-c2ccc(Cl)cc2)c1C)S(=O)(=O)c1ccc(OC(C)C(=O)O)c(OC)c1OC
CHEMBL119869,PPARgamma,6.400,,1,0,Active,exact,O=C(Nc1ccc(OCc2cccs2)cc1C(=O)[O-])c1ccc(Cl)cc1Cl.[Li+]
CHEMBL270781,PPARgamma,4.470,,1,0,Inactive,exact,COc1ccc(NCCCOc2ccc3ccccc3c2)cc1
CHEMBL4784296,PPARgamma,6.940,,1,0,Active,exact,COc1ccc(Oc2ccc3nc(COc4cccc(C(=O)O)c4)n(C)c3c2)cn1
CHEMBL2204697,PPARgamma,5.000,,1,0,,exact,CC(C)(Oc1ccc(CCCOc2ccc(/N=N/c3ccccc3)cc2)cc1)C(=O)O
CHEMBL199121,PPARgamma,6.010,,1,0,Active,exact,CCCCCOc1cc2ccccc2cc1C(O)CCCCCCC(=O)[O-].[Na+]
CHEMBL4854359,PPARgamma,6.300,,1,0,Active,exact,Cc1cc(/C=C2\Oc3cc(OCC(C)C)ccc3C2=O)cc(C)c1OC(C)(C)C(=O)O
CHEMBL5289017,PPARgamma,5.920,,1,0,,exact,Cc1cc(CC(=O)O)cc(CN2CCN(c3nc4ccc(C(F)(F)F)cc4s3)[C@H](C)C2)c1
CHEMBL3974778,PPARgamma,6.030,,1,0,Active,exact,CC(C)Cc1ccc(C(C)C(=O)OCc2ccc(CC(SCCc3ccc(F)cc3)C(=O)O)cc2)cc1
CHEMBL3678111,PPARgamma,7.250,,1,0,Active,exact,Cc1c(C)n(Cc2cccc(OCC(=O)O)c2)c2ccc(C(=O)N[C@@H](C)c3cccc(C4CC4)c3)cc12
CHEMBL1651238,PPARgamma,7.660,,3,0,Active,exact,CCCOc1ccc(C[C@H](Cc2ccccc2)C(=O)O)cc1CNC(=O)c1ccc(C23CC4CC(CC(C4)C2)C3)cc1
CHEMBL234383,PPARgamma,,5.000,0,1,,censored,O=C(O)Cc1csc2cc(OCc3ccccc3COc3ccc(C(F)(F)F)cc3)ccc12
CHEMBL4464538,PPARgamma,6.110,,1,0,Active,exact,CCCCCCC(Sc1nc2ccc(NCc3ccc(-c4ccccc4)cc3)cc2s1)C(=O)O
CHEMBL419756,PPARgamma,6.255,,2,0,Active,exact,CCCc1cc(Oc2ccccc2)ccc1OCCCOc1ccc2c(c1)OC(CCC)(C(=O)O)CC2
CHEMBL256569,PPARgamma,6.010,,1,0,Active,exact,CCCOC(=O)N1CCC(C(=O)O)=C(Cc2cccc(OCCc3nc(-c4ccccc4)oc3C)c2)C1
CHEMBL1935612,PPARgamma,7.300,,1,0,Active,exact,C=CCCCC(=O)N1Cc2cc(OCCc3nc(/C=C/CCC(C)C)oc3C)ccc2C[C@H]1C(=O)O.CC(C)(C)N
CHEMBL3695844,PPARgamma,7.890,,1,0,Active,exact,COc1ccc(CNC(=O)c2ccc3c(c2)c(C)c(C)n3Cc2ccc(-c3ccccc3C(=O)O)cc2)cc1F
CHEMBL2322444,PPARgamma,7.010,,1,0,Active,exact,CCc1nc2ccn(Cc3ccccc3C)c(=O)c2n1[C@H]1CCc2cc(-c3ccccc3-c3nnn[nH]3)ccc21
CHEMBL1075683,PPARgamma,,5.000,0,1,,censored,Cc1cc(OCc2nc(-c3ccc(OC4CCCC4)cc3)c(-c3ccc(OC(F)(F)F)cc3)o2)ccc1OCC(=O)O
CHEMBL3678161,PPARgamma,7.890,,1,0,Active,exact,Cc1c(C)n(Cc2cccc(C3(C(=O)O)CC3)c2)c2ccc(C(=O)N[C@@H](C)c3cccc(C4CC4)c3)cc12
CHEMBL6169258,PPARgamma,6.220,,1,0,Active,exact,O=C(Nc1ccc(OC(F)(F)F)c(F)c1)N[C@H]1CC[C@H](Oc2ccc(O)cc2)CC1
CHEMBL213361,PPARgamma,7.210,,1,0,Active,exact,C[C@H](CCOc1ccc(CCC(=O)O)c(C(F)(F)F)c1)Oc1ccc(Cl)cc1Oc1ccccc1
CHEMBL3263246,PPARgamma,4.680,,1,0,Inactive,exact,O=C(O)c1ccc(NC(=O)c2ccccc2NC(=O)c2ccc3ccccc3c2)cc1
CHEMBL551781,PPARgamma,,5.000,0,1,,censored,CCOC(=O)CN(Cc1ccc(OCCN2CCC(C)(C)c3cc(/C(=N/O)c4ccccc4)ccc32)cc1)C(=O)O
CHEMBL2331783,PPARgamma,6.720,,2,0,Active,exact,O=S(=O)(Nc1ccc(Oc2cncc(Cl)c2)c(F)c1)c1ccc(Cl)cc1Cl
CHEMBL366145,PPARgamma,,4.824,0,1,Inactive,censored,CC(C)[C@@]1(C(=O)O)Cc2cc(OCCCOc3ccc(OC(F)(F)F)cc3Cl)ccc2O1
CHEMBL404646,PPARgamma,6.960,,1,0,Active,exact,COc1cccc(-c2nc(CCOc3cccc(C[C@@H]4C(=O)N(c5ccc(C(C)(C)C)cc5)[C@@H]4C(=O)O)c3)c(C)o2)c1
CHEMBL371098,PPARgamma,6.230,,1,0,Active,exact,CCCc1c(OCCCOc2ccc3c(ccn3CCC(=O)O)c2)ccc2c(C(F)(F)F)noc12
CHEMBL387023,PPARgamma,7.890,,1,0,Active,exact,CCOC(Cc1ccc2c(ccn2Cc2nc(-c3ccc(C(C)C)cc3)oc2C)c1)C(=O)O
CHEMBL4160416,PPARgamma,6.700,,1,0,Active,exact,O=C(O)C(Cc1ccc(OCCn2c(=O)sc3cc(/C=C/c4cc(O)cc(O)c4)ccc32)cc1)OCC(F)(F)F
CHEMBL3639947,PPARgamma,8.700,,1,0,Active,exact,Cc1c(C)n(Cc2ccc(-c3ccccc3C(=O)O)cc2)c2ccc(C(=O)NCc3cccc(Cl)c3)cc12
CHEMBL519345,PPARgamma,5.200,,1,0,,exact,O=C(Nc1ccc(F)cc1C(=O)O)c1cccc(S(=O)(=O)N2CCc3ccccc3C2)c1
CHEMBL199373,PPARgamma,6.955,,2,0,Active,exact,CCC(C(=O)O)C1CCc2cc(OCCc3nc(-c4ccc(Cl)c(Cl)c4)oc3C)ccc21
CHEMBL523651,PPARgamma,5.150,,1,0,,exact,CC(=O)Nc1ccc(S(=O)(=O)NCCc2ccc(S(=O)(=O)NC(=O)NC3CCC(C)CC3)cc2)cc1
CHEMBL229778,PPARgamma,5.890,,1,0,,exact,CCCOc1ccc(CC(CC)C(=O)O)cc1CNC(=O)c1ccc(C(F)(F)F)cc1
CHEMBL3596275,PPARgamma,5.260,,1,0,,exact,COc1cccc(Cl)c1C(=O)c1nc(-c2ccc(C(=O)O)cc2F)c2n1CCCC2
CHEMBL1813861,PPARgamma,4.990,,1,0,Inactive,exact,C/C=C(\C)C(=O)OC[C@@]12[C@@H](OC(C)=O)C[C@@H](C)[C@](C)(CCC3=CC(=O)OC3)[C@H]1CCC[C@]2(O)CCl
CHEMBL3699405,PPARgamma,8.400,,1,0,Active,exact,Cc1c(C)n(Cc2ccc(-c3ccccc3C(=O)O)cc2)c2ccc(C(=O)N[C@@H](C)c3ccc(C4CC4)cn3)cc12
CHEMBL108905,PPARgamma,6.460,,2,0,Active,exact,CCCc1cc2c(C(F)(F)F)noc2c(CCC)c1O[C@H](C(=O)O)c1ccccc1
CHEMBL5191690,PPARgamma,5.340,,1,0,,exact,Cc1ccc(C(=O)c2ccc(CSCC(NC(=O)OC(C)(C)C)C(=O)O)cc2)cc1
CHEMBL3922025,PPARgamma,7.370,,1,0,Active,exact,CCOC(Cc1ccc(OC(=O)Cc2nc(-c3ccccc3)oc2C)c(C)c1)C(=O)O
CHEMBL253417,PPARgamma,7.050,,1,0,Active,exact,CCO[C@H](Cc1ccc(OCCN2CCC(C)(C)c3cc(/C(=N\OC)c4ccccc4)ccc32)cc1)C(=O)O
CHEMBL4176819,PPARgamma,6.100,,1,0,Active,exact,Cc1cc(Oc2ccc3nc(COc4ccc(C(=O)O)cc4)n(C)c3c2)cc(C)c1N.Cl.Cl
CHEMBL148950,PPARgamma,8.850,,1,0,Active,exact,Cc1oc(-c2ccncc2)nc1CCOc1ccc(C[C@H](Nc2ccccc2C(=O)c2ccccc2)C(=O)O)cc1
CHEMBL3695859,PPARgamma,7.100,,1,0,Active,exact,Cc1cc2cc(C(=O)N[C@@H](C)c3ccc(Br)cc3)ccc2n1Cc1ccc(-c2ccccc2C(=O)O)cc1
CHEMBL5177875,PPARgamma,4.705,,2,0,Inactive,exact,O=C(O)c1ccc(OCc2c(-c3c(Cl)cccc3C(F)(F)F)noc2-c2cc[nH]c2)cc1F
CHEMBL5558620,PPARgamma,5.140,,1,0,,exact,NS(=O)(=O)c1ccc(NC2=NC(=O)/C(=C/c3ccc(OCc4ccc(Cl)cc4)cc3)S2)cc1
CHEMBL5184438,PPARgamma,4.960,,1,0,Inactive,exact,O=C(Cc1ccccc1)NC(CSCc1ccccc1)C(=O)O
CHEMBL222560,PPARgamma,,5.000,0,1,,censored,O=C(O)Cc1cccc(OCC=C(c2ccc(Br)cc2)c2ccc(Br)cc2)c1
CHEMBL3425797,PPARgamma,6.550,,2,0,Active,exact,COc1cc2c(cc1CC=C(C)C)C(=O)C[C@H](c1ccc(O)cc1)O2
CHEMBL4161693,PPARgamma,5.210,,1,0,,exact,Cc1cc(Oc2ccc3nc(COc4ccccc4C(=O)O)n(C)c3c2)cc(C)c1N.Cl.Cl
CHEMBL371764,PPARgamma,6.980,,1,0,Active,exact,CCC(C(=O)O)C1CCc2cc(OCCc3nc(COc4ccc(Cl)cc4)oc3C)ccc21
CHEMBL477095,PPARgamma,6.730,,2,0,Active,exact,Cc1oc(-c2ccccc2)nc1CCCc1ccc(C[C@@H](C(=O)O)n2cccc2)cc1
CHEMBL420314,PPARgamma,5.430,,1,0,,exact,CCCc1c(-c2ccccc2)[nH]c2ccc(C(=O)O)cc12
CHEMBL268513,PPARgamma,5.410,,1,0,,exact,CCCc1c(-c2ccccc2)[nH]c2ccc(CC(=O)O)cc12
CHEMBL5186962,PPARgamma,7.315,,2,0,Active,exact,Cc1cccc(-c2nc3cc(NC(=O)c4cc([N+](=O)[O-])ccc4Cl)ccc3o2)c1
CHEMBL4869342,PPARgamma,,5.000,0,1,,censored,Cc1cc(COc2ccc3c(c2)O/C(=C\c2ccc4ccccc4c2)C3=O)cc(C)c1OC(C)(C)C(=O)O
CHEMBL3699389,PPARgamma,7.400,,1,0,Active,exact,Cc1c(C)n(Cc2ccc(-c3ccccc3-c3noc(=O)[nH]3)cc2)c2ccc(C(=O)N[C@@H](C)c3cccc(C(C)C)c3)cc12
CHEMBL149715,PPARgamma,6.770,,1,0,Active,exact,Cc1oc(N2CCCCC2)nc1CCOc1ccc(C[C@H](Nc2ccccc2C(=O)c2ccccc2)C(=O)O)cc1
CHEMBL501980,PPARgamma,5.120,,1,1,,exact,Cc1c(OCC(=O)O)ccc(Sc2ccc(COc3ccc(C(F)(F)F)cc3)cc2OCC2CCCO2)c1C
CHEMBL96107,PPARgamma,7.120,,1,0,Active,exact,O=C1NC(=O)C(c2cccc(OCCCOc3ccc(Oc4ccccc4)cc3)c2)S1
CHEMBL1990669,PPARgamma,5.550,,1,0,,exact,O=C1C=C(Nc2ccccc2C(=O)CC(=O)C(=O)Nc2ccc(Cl)c(Cl)c2)c2ccccc2C1=O
CHEMBL510698,PPARgamma,8.330,,3,0,Active,exact,O=C(Nc1ccncc1)c1cc([N+](=O)[O-])ccc1Cl
CHEMBL387203,PPARgamma,,5.000,0,1,,censored,O=C(O)Cc1cccc(-c2noc(-c3ccco3)c2C(=O)NCCOc2ccc(Cl)cc2Cl)c1
CHEMBL231527,PPARgamma,,6.000,0,1,,censored,CCCC(=O)c1ccc(OC(COc2ccc(C(F)(F)F)cc2)CSc2ccc(OCC(=O)O)c(C)c2)cc1
CHEMBL1090187,PPARgamma,6.320,,1,0,Active,exact,Cc1ccc(OC(=O)N(CC(=O)O)Cc2cccc(OCc3nc(-c4ccc(C(C)(C)C)cc4)oc3C)c2)cc1
CHEMBL523594,PPARgamma,5.300,,1,0,,exact,COc1cccc2ccn(S(=O)(=O)c3cccc(C(=O)Nc4ccc(C)cc4C(=O)O)c3)c12
CHEMBL501982,PPARgamma,6.695,,2,0,Active,exact,CCC#CCOc1cc(COc2ccc(C(F)(F)F)cn2)ccc1Sc1ccc(OCC(=O)O)c2c1CCCC2
CHEMBL219773,PPARgamma,6.710,,2,0,Active,exact,Cc1oc(-c2ccccc2)nc1CCOc1ccc(CCC(=O)O)c(CNS(=O)(=O)Cc2ccccc2)c1
CHEMBL1075895,PPARgamma,5.990,,1,0,,exact,Cc1cc(OCc2nc(-c3cnc(N4CCOCC4)nc3)c(-c3ccc(OC(F)(F)F)cc3)o2)ccc1OCC(=O)O
CHEMBL3398446,PPARgamma,6.500,,2,0,Active,exact,Cc1oc(-c2ccccc2)nc1CCOc1cccc(C[C@@H]2CN(c3nccc(C(F)(F)F)n3)C[C@@H]2C(=O)O)c1
CHEMBL3678131,PPARgamma,10.220,,1,0,Active,exact,Cc1c(C)n(Cc2cc(O[C@@H](C)C(=O)O)ccc2Cl)c2ccc(C(=O)N[C@@H](C)c3cccc(C(C)C)c3)cc12
CHEMBL4636990,PPARgamma,4.850,,1,0,Inactive,exact,CC(C)(Oc1ccc(CCOc2ccc(/N=N/c3ccccc3)cc2)cc1)C(=O)NS(=O)(=O)c1ccccc1
CHEMBL204057,PPARgamma,5.190,,1,0,,exact,O=C(O)CCc1ccc(OCCCOc2ccc(Oc3ccc(F)cc3)cc2Cl)cc1
CHEMBL199823,PPARgamma,5.250,,1,0,,exact,Cc1oc(-c2ccccc2)nc1CCOc1ccc2c(c1)CCC2C(C)(C)C(=O)O
CHEMBL414836,PPARgamma,5.660,,1,0,,exact,CCCCc1nc2c(C)cc(C)nc2n1C1CCc2cc(-c3ccccc3-c3nn[nH]n3)ccc21
CHEMBL104246,PPARgamma,7.210,,2,0,Active,exact,Cc1oc(-c2ccccc2)nc1CCOc1ccc(C[C@@H](C(=O)O)N2CCOCC2)cc1
CHEMBL360368,PPARgamma,6.955,,2,0,Active,exact,CCO[C@@H](Cc1ccc(OCCCOc2ccc(Oc3ccccc3)cc2)cc1)C(=O)O
CHEMBL3678104,PPARgamma,7.010,,1,0,Active,exact,CCC(NC(=O)c1ccc2c(ccn2S(=O)(=O)c2ccc(C)cc2)c1)c1ccccc1
CHEMBL2263569,PPARgamma,4.960,,1,0,Inactive,exact,CCOC(=O)CN1C(=O)S/C(=C\c2ccc(OCCBr)cc2)C1=O
CHEMBL149782,PPARgamma,7.030,,1,0,Active,exact,Cc1ccc(OCCOc2ccc(C[C@H](Nc3ccccc3C(=O)c3ccccc3)C(=O)O)cc2)cc1
CHEMBL172490,PPARgamma,7.660,,1,0,Active,exact,CCCc1c(OCCCOc2ccc(OC(C)C(=O)O)cc2)ccc2c(-c3ccccc3)noc12
CHEMBL177089,PPARgamma,6.940,,1,0,Active,exact,CCCc1c(OCCCCOc2cccc(CCC(=O)O)c2)ccc2c(-c3ccccc3)noc12
CHEMBL370648,PPARgamma,7.890,,1,0,Active,exact,CC(C)(C)c1ccc(-n2c(C(=O)O)c(Oc3ccc(Cl)c(C(F)(F)F)c3)c3cc(Cl)ccc32)cc1
CHEMBL2331559,PPARgamma,6.050,,2,0,Active,exact,CCNC(=O)c1cc(NS(=O)(=O)c2ccc(OC)cc2)ccc1Oc1cncc(Cl)c1
CHEMBL1819394,PPARgamma,5.660,,1,0,,exact,CCCCC(Cc1ccc(OCCc2ccccc2)c(OCCc2ccccc2)c1)C(=O)O
CHEMBL3695901,PPARgamma,9.000,,1,0,Active,exact,Cc1c(C)n(Cc2ccc(-c3ccccc3)cc2)c2ccc(C(=O)NC(C)(C)c3ccc(Br)cc3)cc12
CHEMBL94716,PPARgamma,6.470,,1,0,Active,exact,CCCc1cc(Oc2ccc(C(C)(C)C)cc2)ccc1OCCCOc1cccc(C2SC(=O)NC2=O)c1
CHEMBL3678101,PPARgamma,6.000,,1,0,Active,exact,CCC(NC(=O)c1ccc2c(ccn2C(=O)c2ccccc2)c1)c1ccccc1
CHEMBL3678160,PPARgamma,7.700,,1,0,Active,exact,Cc1c(C)n(Cc2ccc(F)c(O[C@@H](C)C(=O)O)c2)c2ccc(C(=O)N[C@@H](C)c3cccc(C4CC4)c3)cc12
CHEMBL441554,PPARgamma,6.990,,2,0,Active,exact,Cc1oc(-c2ccccc2)nc1CCOc1ccc(CCC(=O)O)c(CNC(=O)OCc2ccccc2)c1
CHEMBL3678127,PPARgamma,9.150,,1,0,Active,exact,Cc1c(C)n(Cc2ccc(Cl)c(O[C@@H](C)C(=O)O)c2)c2ccc(C(=O)N[C@@H](C)c3ccc(Br)cc3)cc12
CHEMBL1075724,PPARgamma,5.810,,1,0,,exact,Cc1cc(OCc2nc(-c3ccc(C(=O)N4CCCCC4)cc3)c(-c3ccc(OC(F)(F)F)cc3)s2)ccc1OCC(=O)O
CHEMBL146133,PPARgamma,6.570,,1,0,Active,exact,CCc1ccc(COc2ccc(C[C@H](Nc3ccccc3C(=O)c3ccccc3)C(=O)O)cc2)cc1
CHEMBL3973122,PPARgamma,4.820,,1,0,Inactive,exact,C=CCC(OC(=O)Cc1ccc(SCc2ccccc2C(=O)O)cc1)c1ccccc1
CHEMBL4465395,PPARgamma,4.620,,1,0,Inactive,exact,CCC/C(=C\c1cc(OCc2ccc3cccnc3c2)ccc1OCc1ccc(F)cc1)C(=O)O
CHEMBL5402424,PPARgamma,,5.301,0,1,,censored,Cc1cc(CN2C(=O)CN(c3ccc(C(F)(F)F)cc3)C2=O)cc(C)c1OC(C)C(=O)O
CHEMBL2237302,PPARgamma,6.200,,1,0,Active,exact,CC(C)O[C@H](Cc1ccc(OCc2noc(-c3cc(C(F)(F)F)cc(C(F)(F)F)c3)n2)cc1)C(=O)O
CHEMBL3678125,PPARgamma,9.220,,1,0,Active,exact,Cc1c(C)n(Cc2ccc(Cl)c(O[C@@H](C)C(=O)O)c2)c2ccc(C(=O)N[C@@H](C)c3cccc(C(C)C)c3)cc12
CHEMBL3678128,PPARgamma,8.810,,4,0,Active,exact,Cc1c(C)n(Cc2ccc(Cl)c(O[C@@H](C)C(=O)O)c2)c2ccc(C(=O)N[C@@H](C)c3ccc(C(C)(C)C)cc3)cc12
CHEMBL1819391,PPARgamma,5.110,,1,0,,exact,CCCC/C(=C\c1cc(OCCc2ccccc2)cc(OCCc2ccccc2)c1)C(=O)O
CHEMBL3699397,PPARgamma,8.300,,3,0,Active,exact,CCOc1ccc([C@H](C)NC(=O)c2ccc3c(c2)c(C)c(C)n3Cc2ccc(-c3ccccc3C(=O)O)cc2)cc1
CHEMBL3678115,PPARgamma,,6.000,0,1,,censored,Cc1c(C)n(Cc2cccc(O[C@H](C)C(=O)O)c2)c2ccc(C(=O)N[C@@H](C)c3ccc(C(C)(C)C)cc3)cc12
CHEMBL24038,PPARgamma,6.240,,8,0,Active,exact,CCO[C@@H](Cc1ccc(OCCN2c3ccccc3Oc3ccccc32)cc1)C(=O)O
CHEMBL370186,PPARgamma,7.500,,1,0,Active,exact,CCC(C(=O)O)C1CCc2cc(OCCc3nc(-c4ccc(C)c(C)c4)oc3C)ccc21
CHEMBL508733,PPARgamma,6.700,,2,0,Active,exact,O=C(O)COc1ccc(Sc2ccc(COc3ccc(C(F)(F)F)cc3)cc2OCC#Cc2cccnc2)c2c1CCCC2
CHEMBL3699370,PPARgamma,8.700,,1,0,Active,exact,COc1cc(C(F)(F)F)ccc1[C@@H](C)NC(=O)c1ccc2c(c1)c(C)c(C)n2Cc1ccc(-c2ccccc2C(=O)O)cc1
CHEMBL5397940,PPARgamma,5.330,,1,0,,exact,O[C@@H]1[C@H](O)C=C[C@H]1Cn1cnc2c(NCc3cccc(I)c3)nc(Cl)nc21
CHEMBL238152,PPARgamma,7.460,,1,0,Active,exact,Cc1cc(Oc2cccc(CNC(=O)c3c(C)c4cc(Cl)ccc4n3C)c2)ccc1CCC(=O)O
CHEMBL4872726,PPARgamma,5.760,,1,0,,exact,CSc1ccc(/C=C2\Oc3cc(OCc4cc(C)c(OC(C)(C)C(=O)O)c(C)c4)ccc3C2=O)cc1
CHEMBL1075836,PPARgamma,,5.000,0,1,,censored,Cc1cc(OCc2nc(-c3cnc(N4CCOCC4)nc3)c(-c3ccc(OC(F)(F)F)cc3)s2)ccc1OCC(=O)O
CHEMBL477323,PPARgamma,5.800,,1,0,,exact,Cc1oc(-c2ccccc2)nc1CCNc1ccc(C[C@@H](C(=O)O)n2cccc2)cc1
CHEMBL374078,PPARgamma,,5.000,0,1,,censored,O=C(O)Cc1cccc(-c2noc(-c3ccccc3)c2C(=O)NCCOc2ccc(Cl)cc2Cl)c1
CHEMBL4176058,PPARgamma,5.880,,1,0,,exact,Cn1c(COc2cccc(C(=O)O)c2)nc2ccc(Oc3c(F)cccc3F)cc21
CHEMBL190368,PPARgamma,4.910,,2,0,Inactive,exact,CC(=O)c1ccc(O[C@@H](Cc2ccccc2)C(=O)O)cc1
CHEMBL3695765,PPARgamma,9.140,,3,0,Active,exact,Cc1c(C)n(Cc2ccc(-c3ccccc3C(=O)O)cc2)c2ccc(C(=O)N[C@H](C)c3ccc(Br)cc3)cc12
CHEMBL5267060,PPARgamma,,4.319,0,1,Inactive,censored,COc1cc(N2CC[C@@H](Oc3ccc(N4CC[C@@H](C)[C@@H]4CC(=O)O)cc3)[C@H](C)C2)c(Cl)cn1
CHEMBL3678132,PPARgamma,9.220,,1,0,Active,exact,Cc1c(C)n(Cc2cc(O[C@@H](C)C(=O)O)ccc2Cl)c2ccc(C(=O)N[C@@H](C)c3cccc(C4CC4)c3)cc12
CHEMBL4281724,PPARgamma,5.340,,1,0,,exact,Cc1cc(OCCCOc2ccc(-c3ccccc3)cc2)ccc1OCC(=O)O
CHEMBL358379,PPARgamma,9.480,,2,0,Active,exact,Cc1sc(-c2ccccc2)nc1CCOc1ccc(C[C@H](Nc2ccccc2C(=O)c2ccccc2)C(=O)O)cc1
CHEMBL489651,PPARgamma,9.000,,1,0,Active,exact,COc1ccc(C(=O)c2c(C)n(Cc3cccc(O[C@@H](C)C(=O)O)c3)c3cc(OC(F)(F)F)ccc23)cc1
CHEMBL110408,PPARgamma,6.835,,2,0,Active,exact,CCCc1cc2c(C(F)(F)F)noc2c(CCC)c1OC(C(=O)O)c1ccc(CCc2ccccn2)cc1
CHEMBL3598140,PPARgamma,6.640,,13,0,Active,exact,O=C(O)c1ccc(-c2nn(C(=O)c3c(Cl)cccc3C(F)(F)F)c3ccccc23)cc1
CHEMBL5084019,PPARgamma,6.020,,1,0,Active,exact,Cc1ccc(-n2cnn(Cc3cc(C)c(OC(C)(C)C(=O)O)c(C)c3)c2=O)cc1
CHEMBL1760419,PPARgamma,5.100,,1,0,,exact,CCCCN(c1cc(-c2ccc(Cl)cc2)c(F)cc1C)S(=O)(=O)c1ccc(OC(C)C(=O)O)c(C)c1C
CHEMBL1081044,PPARgamma,,5.000,0,1,,censored,COc1ccc(-c2nc(Sc3ccc(OCC(=O)O)cc3Cl)sc2-c2ccc(OC)cc2)cc1
CHEMBL3699422,PPARgamma,7.960,,1,0,Active,exact,Cc1cccc([C@H](C)NC(=O)c2ccc3c(c2)c(C)c(C)n3Cc2ccc(-c3ccccc3C(=O)O)cc2)c1
CHEMBL516960,PPARgamma,,6.000,0,1,,censored,C=C(COc1ccc(C(F)(F)F)cc1)CSc1ccc(OCC(=O)O)cc1Cl
CHEMBL478726,PPARgamma,4.580,,1,0,Inactive,exact,Cc1oc(-c2ccccc2)nc1CC#Cc1ccc(CC(C(=O)O)c2cccnc2)cc1
CHEMBL146369,PPARgamma,6.840,,1,0,Active,exact,O=C(c1ccccc1)c1ccccc1N[C@@H](Cc1ccc(OCC2CCc3ccccc3C2)cc1)C(=O)O
CHEMBL253416,PPARgamma,7.750,,1,1,Active,exact,CCO[C@@H](Cc1ccc(OCCN2CCC(C)(C)c3cc(/C(=N\OC)c4ccccc4)ccc32)cc1)C(=O)O
CHEMBL3103199,PPARgamma,7.140,,1,0,Active,exact,COC(c1ccccc1OC(F)(F)F)C1CC1c1cc(C)c(OC(C)(C)C(=O)O)c(C)c1
CHEMBL4293061,PPARgamma,7.240,,1,0,Active,exact,CCCc1nc2c(C(=O)NCCO)cccc2n1Cc1ccc2c(c1)COc1ccccc1/C2=C(\C)c1noc(=O)[nH]1
CHEMBL5079871,PPARgamma,5.560,,1,0,,exact,CC(C)(Oc1ccc(Cn2ncn(-c3ccc(C(F)(F)F)cc3)c2=O)cc1Cl)C(=O)O
CHEMBL187612,PPARgamma,,4.301,0,1,Inactive,censored,CCCc1cc(C(=O)CC)cc(CCC)c1NC(C(=O)O)c1ccc(C(C)C)cc1
CHEMBL198579,PPARgamma,5.400,,1,0,,exact,CCCc1c(OCCCOc2cccc3c2ccn3CC(=O)O)ccc2c(-c3ccccc3)coc12
CHEMBL223249,PPARgamma,5.160,,1,0,,exact,O=C(NC(Cc1c[nH]c2cc(OCc3ccccc3)ccc12)C(=O)O)c1ccc(Cl)cc1
CHEMBL2021928,PPARgamma,8.280,,1,0,Active,exact,CCCCCS(=O)(=O)NC(=O)/C(C)=C/c1ccc(OCCOC)cc1Oc1ncc(C(F)(F)F)cc1Cl
CHEMBL5408757,PPARgamma,5.750,,1,0,,exact,Cc1cc(CN2C(=O)CN(c3ccc(C(C)(C)C)cc3)C2=O)cc(C)c1OC(C)(C)C(=O)O
CHEMBL255097,PPARgamma,,4.824,0,1,Inactive,censored,Cc1oc(-c2ccccc2)nc1CCOc1cccc(C2CN(C(=O)OCC(C)C)CCC2CC(=O)O)c1
CHEMBL4463602,PPARgamma,5.600,,1,0,,exact,CC#CCOC(=O)Cc1c(C)nc(CCCC)n(Cc2ccc(-c3ccccc3-c3noc(=O)[nH]3)cc2)c1=O
CHEMBL496116,PPARgamma,5.100,,1,0,,exact,COc1ccc2ccn(S(=O)(=O)c3cccc(C(=O)Nc4ccc(C)cc4C(=O)O)c3)c2c1
CHEMBL4756797,PPARgamma,5.120,,1,0,,exact,CC#Cc1nc(NCc2cccc(F)c2)c2ncn(C[C@@H]3SC[C@@H](O)[C@H]3O)c2n1
CHEMBL218230,PPARgamma,6.480,,1,0,Active,exact,O=C(NS(=O)(=O)c1cccc(C(F)(F)F)c1)c1cc2cc(Cl)ccc2n1Cc1cccc(C(F)(F)F)c1
CHEMBL495990,PPARgamma,5.615,,2,0,,exact,C#CCOc1cc(COc2ccc(C(F)(F)F)cc2)ccc1Sc1ccc(OCC(=O)O)c2c1CCCC2
CHEMBL513882,PPARgamma,,6.000,0,1,,censored,C=C(COc1ccc(Cl)cc1)CSc1ccc(OCC(=O)O)c(C)c1
CHEMBL2206302,PPARgamma,6.320,,2,0,Active,exact,CCCCCCCN(CCc1ccc(O[C@H](C)C(=O)[O-])cc1)c1nc2ccccc2o1.[Na+]
CHEMBL3695893,PPARgamma,8.050,,1,0,Active,exact,Cc1c(C)n(Cc2ccc(-c3ccccc3)cc2)c2ccc(C(=O)N[C@@H](C)c3cc(C(F)(F)F)ccc3C(F)(F)F)cc12
CHEMBL4247103,PPARgamma,4.750,,1,0,Inactive,exact,O=C(O)[C@H](Cc1ccc(-c2ccc(O[C@H](Cc3ccccc3)C(=O)O)cc2)cc1)Oc1ccc(-c2ccccc2)cc1
CHEMBL4520827,PPARgamma,6.340,,1,0,Active,exact,CCCCC1=NC(C)=C(CC(=S)N(C)C)CN1Cc1ccc(-c2ccccc2-c2nnn[nH]2)cc1
CHEMBL366220,PPARgamma,,4.301,0,1,Inactive,censored,CCC(=O)c1cc(Cl)c(OC(C(=O)O)c2ccccc2)c(Cl)c1
CHEMBL3094432,PPARgamma,5.120,,1,0,,exact,CCCCC(Sc1nc(Cl)cc(Nc2nc(-c3ccc(Cl)cc3)cs2)n1)C(=O)O
CHEMBL367002,PPARgamma,,5.276,0,1,,censored,CCCc1c(OCCCCOc2ccc(C(=O)O)cc2)ccc2c(-c3ccccc3)noc12
CHEMBL96758,PPARgamma,6.650,,1,0,Active,exact,CCCc1cc(Oc2ccc(-c3ccccc3)cc2)ccc1OCCCOc1cccc(C2SC(=O)NC2=O)c1
CHEMBL435704,PPARgamma,7.500,,1,0,Active,exact,CCCc1c(OCCCOc2ccc(CCC(=O)O)cc2)ccc2c(-c3ccccc3)noc12
CHEMBL3678116,PPARgamma,7.120,,1,0,Active,exact,Cc1c(C)n(Cc2cccc(O[C@@H](C)C(=O)O)c2)c2ccc(C(=O)N[C@@H](C)c3cccc(C(C)C)c3)cc12
CHEMBL540732,PPARgamma,6.465,,2,0,Active,exact,CCCCC/C(=C\CCCCCCCCCCC(=O)O)[N+](=O)[O-]
CHEMBL400132,PPARgamma,6.580,,1,0,Active,exact,COc1c(Cl)c(C)cc2cc(O)c3c(c12)C(=O)c1cc2c(c(O)c1C3=O)C(C)OC2=O
CHEMBL255388,PPARgamma,6.440,,1,0,Active,exact,Cc1oc(-c2ccccc2)nc1CCOc1cccc(CC2C(=O)N(c3ccc(Cl)cc3)C2C(=O)O)c1
CHEMBL3695890,PPARgamma,7.960,,1,0,Active,exact,Cc1c(C)n(Cc2ccc(-c3ccccc3)cc2)c2ccc(C(=O)N[C@H](C)c3ccncc3)cc12
CHEMBL182200,PPARgamma,5.190,,1,0,,exact,CC1(C)CCC(c2ccc(OCCCOc3ccc4c(c3)O[C@@](C)(C(=O)O)CC4)c(Cl)c2)CC1
CHEMBL345009,PPARgamma,5.780,,1,0,,exact,CCO[C@@H](Cc1ccc(OC/C=C/C#Cc2cccc(C#C/C=C/COc3ccc(C[C@H](OCC)C(=O)O)cc3)c2)cc1)C(=O)O
CHEMBL4522023,PPARgamma,5.000,,1,0,,exact,CCCCCCCC(=O)/C=C/CCCCCC(=O)O
CHEMBL4577891,PPARgamma,5.600,,1,0,,exact,CCC/C(=C\c1cc(OCc2ccc3nc(C(F)(F)F)cc(OC)c3c2)ccc1OCC1CCN(C)CC1)C(=O)O
CHEMBL257164,PPARgamma,6.150,,1,0,Active,exact,Cc1oc(-c2ccccc2)nc1CCOc1ccc(CCC2CN(C(=O)OCC(C)C)CCC2C(=O)O)cc1
CHEMBL476897,PPARgamma,5.550,,1,0,,exact,Cc1oc(-c2ccccc2)nc1CC#Cc1ccc(CC(C(=O)O)c2cccc(-c3ccccc3)c2)cc1
CHEMBL482857,PPARgamma,6.830,,2,0,Active,exact,CCC#CCOc1cc(COc2ccc(Cl)cc2)ccc1Sc1ccc(OCC(=O)O)c2c1CCCC2
CHEMBL2042807,PPARgamma,6.770,,1,0,Active,exact,COc1cc(O)c2c(c1C(=O)NCc1c(C)ccc3c(Cl)cccc13)OC1=CC(O)=C(C(C)=O)C(=O)[C@]12C
CHEMBL3317866,PPARgamma,8.515,,2,0,Active,exact,CCCOc1ccc(C[C@@H](Cc2ccccc2)C(=O)O)cc1CNC(=O)c1ccc(N2CC3CCC(C3)C2)cc1
CHEMBL3764546,PPARgamma,5.520,,1,0,,exact,CCOC(=O)C(CC)Cc1ccc(C(=O)NCc2ccc(OC(F)(F)F)cc2)cc1
CHEMBL3398464,PPARgamma,5.550,,1,1,,exact,CCOC(=O)N1C[C@@H](Cc2cccc(OCCc3nc(-c4ccccc4)oc3C)c2)[C@@H](CC(=O)O)C1
CHEMBL1760405,PPARgamma,5.100,,1,0,,exact,CCCN(c1cccc(-c2ccc(Cl)cc2)c1C)S(=O)(=O)c1ccc(OC(C)C(=O)O)c(C)c1C
CHEMBL4100336,PPARgamma,6.540,,1,0,Active,exact,Cc1oc(-c2ccccc2)nc1COc1ccc(Cc2ccc(OC(C)C(=O)O)cc2)cc1
CHEMBL3335657,PPARgamma,5.350,,1,0,,exact,COc1ccc(C(=O)O)cc1NC(=O)c1ccccc1NC(=O)c1ccc(C(C)(C)C)cc1
CHEMBL5085496,PPARgamma,5.740,,1,0,,exact,Cc1cc(Cn2ncn(-c3ccc(Cl)cc3)c2=O)cc(C)c1OC(C)(C)C(=O)O
CHEMBL6164730,PPARgamma,5.670,,1,0,,exact,Cc1cc(CN2CCN(c3ccc(F)cc3)C2=O)cc(C)c1OC(C)(C)C(=O)O
CHEMBL197194,PPARgamma,,5.000,0,1,,censored,COc1cccc(-c2ccc(NC(=O)C3=C(C(=O)O)CCC3)c(F)c2)c1
CHEMBL1081751,PPARgamma,,5.000,0,1,,censored,COc1ccc(-c2nc(COc3ccc(OCC(=O)O)c(C)c3)sc2-c2ccccc2C(F)(F)F)cc1
CHEMBL519857,PPARgamma,5.500,,1,0,,exact,CCO[C@@H](Cc1cccc(C2=NOC(c3ccc(OC)cc3)C2)c1)C(=O)O
CHEMBL4209776,PPARgamma,5.720,,1,1,,exact,CCCCCCCCCCCCC/C=C1/C(=O)O[C@@H](C)[C@@H]1O
CHEMBL5613944,PPARgamma,5.140,,1,0,,exact,CC[C@@H](Oc1ccc(-c2cccc3ccccc23)cc1)C(=O)O.NC1CCCCC1
CHEMBL272774,PPARgamma,5.470,,1,0,,exact,COc1ccc(N2C(=O)[C@H](Cc3ccc(OCCc4nc(-c5ccccc5)oc4C)cc3)[C@@H]2C(=O)O)cc1
CHEMBL3695831,PPARgamma,7.420,,3,0,Active,exact,Cc1c(C)n(Cc2ccc(-c3ccccc3C(=O)O)cc2)c2ccc(C(=O)NCc3ccc([N+](=O)[O-])cc3)cc12
CHEMBL3695908,PPARgamma,8.300,,1,0,Active,exact,CC[C@@H](NC(=O)c1ccc2c(ccn2Cc2ccccc2-c2ccc(C(=O)O)cc2)c1)c1ccccc1
CHEMBL13045,PPARgamma,6.250,,2,0,Active,exact,COc1ccc2c(c[n+](C)c3c4cc5c(cc4ccc23)OCO5)c1OC
CHEMBL3263231,PPARgamma,4.890,,1,0,Inactive,exact,O=C(O)CCCNC(=O)c1ccccc1NC(=O)c1ccc(-c2ccccc2)cc1
CHEMBL149438,PPARgamma,5.770,,1,0,,exact,CCCn1c(CCCc2ccc(OC(C)(C)C(=O)O)cc2)nn(CC2CCCCC2)c1=O
CHEMBL3678102,PPARgamma,,6.000,0,1,,censored,CCC(NC(=O)c1ccc2c(ccn2C(=O)c2ccc([N+](=O)[O-])cc2)c1)c1ccccc1
CHEMBL4167504,PPARgamma,6.700,,1,0,Active,exact,CCOC(=O)C(Cc1ccc(OCCn2c(=O)sc3cc(C(=O)/C=C/c4cc(OC)cc(OC)c4)ccc32)cc1)OCC(F)(F)F
CHEMBL237484,PPARgamma,6.630,,1,0,Active,exact,Cc1cc(Oc2cccc(CNC(=O)c3cc4ccc(Cl)cc4[nH]3)c2)ccc1CCC(=O)O
CHEMBL4566395,PPARgamma,4.435,,2,0,Inactive,exact,Cc1c(C)n(Cc2ccc(-c3ccccc3C(=O)O)cc2)c2ccc(C(=O)NC3CCNCC3)cc12
CHEMBL116774,PPARgamma,6.750,,1,0,Active,exact,CCCc1cc(C2CCC(O)CC2)ccc1OCCCOc1cccc(C2OC(=O)NC2=O)c1
CHEMBL5199782,PPARgamma,4.700,,1,0,Inactive,exact,CC(C)(C)OC(=O)NC(COCc1ccc(C(=O)c2ccccc2)cc1)C(=O)O
CHEMBL198034,PPARgamma,,5.000,0,1,,censored,CCCCCOc1ncccc1C(O)CCCCCCC(=O)[O-].[Na+]
CHEMBL5817272,PPARgamma,,4.000,0,2,Inactive,censored,CCc1ccc(CCOc2ccc(C[C@H]3SC(=O)NC3=O)cc2)nc1
CHEMBL1171834,PPARgamma,5.180,,2,0,,exact,CCCCC(Sc1nc(OCCC2CCCCC2)cc(OCCC2CCCCC2)n1)C(=O)O
CHEMBL1214823,PPARgamma,6.330,,1,0,Active,exact,CCCc1nc2ccc(Br)cc2n1Cc1ccc(-c2ccccc2C(=O)O)cc1
CHEMBL4879102,PPARgamma,,5.000,0,1,,censored,Cc1ccc(Cn2nc(CCCc3ccc(OC(C)(C)C(=O)O)cc3)n(Cc3ccc(F)cc3)c2=O)cc1
CHEMBL1079961,PPARgamma,5.590,,1,0,,exact,COc1ccc(-c2nc(SCCCCOc3ccc(OCC(=O)O)cc3Cl)sc2-c2ccc(OC)cc2)cc1
CHEMBL3943220,PPARgamma,5.915,,2,0,,exact,CCCCNC(=S)NS(=O)(=O)c1ccc(NC(=O)Cn2c(=O)c(C)nc3ccccc32)cc1
CHEMBL176222,PPARgamma,5.430,,1,0,,exact,CC[C@]1(C(=O)O)CCc2ccc(OCCCOc3ccc(C4CCC5(CC4)CC5)cc3Cl)cc2O1
CHEMBL4846764,PPARgamma,,4.000,0,2,Inactive,censored,CC1=C(CC(=O)O)c2cc(F)ccc2/C1=C\c1ccc(Oc2ccccc2)cc1
CHEMBL4591564,PPARgamma,7.845,,2,0,Active,exact,Cc1c(C)n(Cc2cccc(C(F)(F)F)c2)c2ccc(C(=O)NCc3ccc4c(c3)OCO4)cc12
CHEMBL5284640,PPARgamma,6.970,,1,0,Active,exact,Cc1c(C)n(Cc2ccc(C(C)(C)C(=O)O)cc2)c2ccc(C(=O)N[C@@H](C)c3cccc(C4CC4)c3)cc12
CHEMBL230179,PPARgamma,,6.000,0,1,,censored,CCOC(COc1ccc(C(F)(F)F)cc1)COc1ccc(OCC(=O)O)c(C)c1
CHEMBL2159606,PPARgamma,4.480,,1,0,Inactive,exact,OC[C@H]1O[C@@H](Oc2ccc(CCCC[C@H](O)CCc3ccc(O[C@@H]4O[C@H](CO)[C@@H](O)[C@H](O)[C@H]4O)c(O)c3)cc2O)[C@H](O)[C@@H](O)[C@@H]1O
CHEMBL2377532,PPARgamma,5.510,,1,0,,exact,CCCOc1ccc(C[C@@H](Cc2ccccc2)C(=O)O)cc1CNC(=O)c1ccc(-c2cncnc2)cc1
CHEMBL59132,PPARgamma,8.100,,3,0,Active,exact,Cc1oc(-c2ccccc2)nc1CCOc1ccc(CC2SC(=O)NC2=O)cc1
CHEMBL364254,PPARgamma,4.900,,1,0,Inactive,exact,CCC[C@@H](Oc1ccc2ccccc2c1)C(=O)O
CHEMBL376235,PPARgamma,6.090,,1,0,Active,exact,Cc1oc(-c2ccccc2)nc1CCCOc1ccc(CC2(C(=O)O)CCCO2)cn1
CHEMBL238970,PPARgamma,7.800,,1,0,Active,exact,CCc1cc(OCC[C@@H](C)Oc2ccc(C(F)(F)F)cc2-c2ccccn2)ccc1CCC(=O)O
CHEMBL5089555,PPARgamma,5.910,,1,0,,exact,Cc1ccc(NC(=O)COc2ccc3cc(/C=C4/SC(=O)NC4=O)ccc3c2)cc1
CHEMBL212911,PPARgamma,8.300,,2,0,Active,exact,CCc1ccc(O[C@H](C)CCOc2ccc(CCC(=O)O)c(C)c2)c(C(=O)c2ccccc2)c1
CHEMBL5283926,PPARgamma,6.430,,1,0,Active,exact,CC[C@H]1CN(c2nc3ccc(C(F)(F)F)cc3s2)CCN1CCOc1cc(CC(=O)O)ccc1Cl
CHEMBL476121,PPARgamma,5.270,,1,0,,exact,COc1c(OC)c(O)c2c(=O)cc(-c3ccc(O)cc3)oc2c1OC
CHEMBL443343,PPARgamma,5.880,,1,0,,exact,O=S(=O)(/C=C/c1ccccc1)Oc1ccccc1
CHEMBL2338487,PPARgamma,7.720,,1,1,Active,exact,COc1cc(NS(=O)(=O)c2ccc(Cl)cc2Cl)ccc1Oc1cncc(Cl)c1
CHEMBL3398447,PPARgamma,6.960,,1,1,Active,exact,Cc1oc(-c2ccccc2)nc1CCOc1cccc(C[C@H]2CN(c3nccc(C(F)(F)F)n3)C[C@H]2C(=O)O)c1
CHEMBL4175728,PPARgamma,7.040,,1,0,Active,exact,Cc1ccc(Oc2ccc3nc(COc4cccc(C(=O)O)c4)n(C)c3c2)c(F)c1
CHEMBL89152,PPARgamma,5.820,,4,0,,exact,CCO[C@@H](Cc1ccc(OC/C=C(\c2ccccc2)c2ccc(Br)cc2)cc1)C(=O)O
CHEMBL50143,PPARgamma,6.810,,2,0,Active,exact,CCCc1cc(Oc2ccccc2)ccc1OCCCOc1ccc(C2SC(=O)NC2=O)cc1CCC
CHEMBL3967369,PPARgamma,4.750,,1,0,Inactive,exact,O=C(Cc1ccc(CC(C(=O)O)S(=O)(=O)CCc2ccc(F)cc2)cc1)OCc1ccc(C(F)(F)F)cc1
CHEMBL4438177,PPARgamma,4.800,,1,0,Inactive,exact,CCC/C(=C\c1cc(OCc2ccc3ccccc3c2)ccc1OCc1ccc(F)cc1)C(=O)O
CHEMBL4466987,PPARgamma,,4.000,0,1,Inactive,censored,O=C(O)c1cccc(NCc2ccc(OCc3ccc(F)cc3F)cc2)c1
CHEMBL358137,PPARgamma,8.290,,1,0,Active,exact,CN(CCOc1ccc(CC(Nc2cccc3c2C(=O)c2ccccc2C3=O)C(=O)O)cc1)c1nc2ccccc2o1
CHEMBL4559460,PPARgamma,8.245,,2,0,Active,exact,COCc1nc2c(Cl)cccn2c1Cc1ccc2c(c1)COc1cc(F)ccc1/C2=C(\C)c1noc(=O)[nH]1
CHEMBL3695767,PPARgamma,7.470,,1,0,Active,exact,[C-]#[N+]c1ccc(CNC(=O)c2ccc3c(c2)c(C)c(C)n3Cc2ccc(-c3ccccc3C(=O)O)cc2)cc1
CHEMBL318104,PPARgamma,6.070,,1,0,Active,exact,Cc1oc(-c2ccccc2)nc1CCOc1ccc(C[C@@H](C(=O)O)N(C)C)cc1
CHEMBL360246,PPARgamma,6.050,,1,0,Active,exact,C[C@]1(C(=O)O)CCc2ccc(OCCCOc3ccc(Oc4ccc(F)cc4)cc3Cl)cc2O1
CHEMBL4091374,PPARgamma,5.830,,13,0,,exact,O=C(O)CCCc1cc2cc(Cl)ccc2n1S(=O)(=O)c1ccc2ncsc2c1
CHEMBL3695783,PPARgamma,,6.000,0,1,,censored,Cc1c(C)n(Cc2ccc(-c3ccccc3C(=O)O)cc2)c2ccc(C(=O)N[C@@H](C)c3ccc4ccccc4c3)cc12
CHEMBL347076,PPARgamma,7.310,,1,0,Active,exact,CN(CCOc1ccc(CC(Nc2ccccc2C(=O)c2ccc(-c3ccccc3)cc2)C(=O)O)cc1)c1nc2ccccc2o1
CHEMBL2031859,PPARgamma,5.920,,1,0,,exact,CC(C)=CCC/C(C)=C/Cc1c(O)cc(/C=C/c2ccc(C#N)cc2)cc1O
CHEMBL1081964,PPARgamma,,5.000,0,1,,censored,COc1ccc(-c2nc(COc3ccc(OCC(=O)O)c(C)c3)sc2-c2ccc(OC)cc2)cc1
CHEMBL490425,PPARgamma,7.440,,1,0,Active,exact,CCO[C@@H](Cc1cccc(/C(C)=N/OCc2ccc(Br)cc2)c1)C(=O)O
CHEMBL474149,PPARgamma,6.985,,2,0,Active,exact,Cc1oc(-c2ccccc2)nc1CCOc1cccc(Cc2cn(-c3ccccc3)nc2C(=O)O)c1
CHEMBL199526,PPARgamma,,5.000,0,1,,censored,CCC(C(=O)O)C1CCc2cc(OCc3cc(-c4ccccc4)on3)ccc21
CHEMBL4173064,PPARgamma,7.300,,1,0,Active,exact,Cc1ccc(Oc2ccc3nc(COc4cccc(C(=O)O)c4)n(C)c3n2)cc1F
CHEMBL118577,PPARgamma,5.420,,1,0,,exact,COC(=O)C(Cc1ccc(OCCOc2ccc3c(c2)NCCC3)cc1)C(=O)O
CHEMBL109975,PPARgamma,5.775,,2,0,,exact,CCCc1cc(Oc2ccccc2)ccc1OCCCCOc1ccc2c(c1)OC(C(=O)O)CC2
CHEMBL241479,PPARgamma,7.460,,1,0,Active,exact,CCc1ccc(O[C@H](C)CCOc2ccc(CCC(=O)O)c(CC)c2)c(-c2ccccn2)c1
CHEMBL5198240,PPARgamma,5.430,,1,0,,exact,CCCCCCCCCCCCCCCc1cccc(OCC(=O)O)c1
CHEMBL1934477,PPARgamma,,5.000,0,1,,censored,Cc1nc(-c2ccc(Cl)cc2)sc1C(=O)N[C@@H]1CCCN(c2cccc(C(=O)O)c2)C1
CHEMBL2375952,PPARgamma,5.050,,1,0,,exact,O=C(O)[C@H](Cc1ccccc1)Oc1ccc(-c2ccc(Cl)cc2)cc1
CHEMBL451321,PPARgamma,5.000,,1,0,,exact,O=C(O)C(Oc1cccc(C(F)(F)F)c1)c1ccc(Cl)cc1
CHEMBL502518,PPARgamma,5.390,,1,1,,exact,Cc1c(OCC(=O)O)ccc(Sc2ccc(COc3ccc(C(F)(F)F)cc3)cc2OCc2cccnc2)c1C
CHEMBL3678140,PPARgamma,7.600,,1,0,Active,exact,Cc1c(C)n(Cc2cc(Cl)cc(O[C@@H](C)C(=O)O)c2)c2ccc(C(=O)N[C@@H](C)c3ccc(C(C)(C)C)cc3)cc12
CHEMBL5613042,PPARgamma,5.330,,1,0,,exact,CC[C@](C)(Oc1ccc(-c2cccc3ccccc23)cc1)C(=O)O.NC1CCCCC1
CHEMBL6191979,PPARgamma,,5.000,0,1,,censored,Cc1nc(-c2cc(F)c(F)c(O)c2F)sc1C(=O)N(Cc1ccc(Cl)cc1)C(C)C
CHEMBL438088,PPARgamma,5.270,,1,0,,exact,CCOC(Cc1ccc2c(ccn2Cc2nc(-c3ccccc3OC(C)C)oc2C)c1)C(=O)O
CHEMBL88917,PPARgamma,4.440,,1,0,Inactive,exact,Cc1cccc(Nc2ccnc(SCC(=O)O)n2)c1C
CHEMBL3094415,PPARgamma,5.540,,1,0,,exact,CCCCCCC(Sc1nc(Cl)cc(Nc2nc(-c3ccc(F)c(F)c3)cs2)n1)C(=O)O
CHEMBL1813012,PPARgamma,8.350,,1,0,Active,exact,CCO[C@@H](Cc1ccc(OCCc2nc(-c3ccc(-c4ccccc4)s3)oc2C)cc1)C(=O)O
CHEMBL489506,PPARgamma,5.500,,2,0,,exact,Cc1oc(-c2ccccc2)nc1CCOc1ccc(-c2nn(-c3ccccc3)nc2C(=O)O)cc1
CHEMBL202739,PPARgamma,5.440,,1,0,,exact,CC[C@@](C)(Cc1ccc(OCCCOc2ccc(C3CCC(C)(C)CC3)cc2Cl)cc1)C(=O)O
CHEMBL2031860,PPARgamma,5.295,,2,0,,exact,CC(C)=CCC/C(C)=C/Cc1c(O)cc(/C=C/c2ccc(F)cc2)cc1O
CHEMBL2263555,PPARgamma,5.050,,1,0,,exact,CCOC(=O)CN1C(=O)S/C(=C\c2ccc(C)cc2)C1=O
CHEMBL5595717,PPARgamma,5.690,,1,0,,exact,C/C=C(\C)C(=O)OC[C@@]12C(=O)C[C@@H](C)[C@](C)(CCC3=CC(=O)OC3)[C@H]1CCC[C@]21CO1
CHEMBL6173808,PPARgamma,5.460,,1,0,,exact,Cc1cc(CN2CCN(c3ccccc3C(F)(F)F)C2=O)cc(C)c1OC(C)(C)C(=O)O
CHEMBL3699427,PPARgamma,8.050,,1,0,Active,exact,Cc1c(C)n(Cc2ccc(-c3ccccc3C(=O)O)cc2)c2ccc(C(=O)N[C@@H](C)c3c(F)cccc3C(F)(F)F)cc12
CHEMBL3695829,PPARgamma,7.500,,3,0,Active,exact,Cc1c(C)n(Cc2ccc(-c3ccccc3C(=O)O)cc2)c2ccc(C(=O)NCc3ccccc3N)cc12
CHEMBL175310,PPARgamma,5.980,,1,0,,exact,CCCc1c(OCCCOc2ccc3ccn(CC(=O)O)c3c2)ccc2c(C(F)(F)F)noc12
CHEMBL1080535,PPARgamma,,5.000,0,1,,censored,Cc1cc(OCc2nc(-c3ccc(OCC(C)C)cc3)c(-c3ccc(OC(F)(F)F)cc3)s2)ccc1OCC(=O)O
CHEMBL4167211,PPARgamma,6.500,,1,0,Active,exact,Cc1cc(Oc2ccc3nc(COc4ccccc4)n(C)c3c2)cc(C)c1N.Cl.Cl
CHEMBL86817,PPARgamma,5.540,,1,0,,exact,CCO[C@@H](Cc1ccc(OCC=C(c2ccc(-c3ccco3)cc2)c2ccc(-c3ccco3)cc2)cc1)C(=O)O
CHEMBL464982,PPARgamma,5.660,,1,0,,exact,CCCCC/C=C\C/C=C\C/C=C\CCCCC(=O)O
CHEMBL3699357,PPARgamma,8.220,,1,0,Active,exact,Cc1ccc(F)c([C@H](C)NC(=O)c2ccc3c(c2)c(C)c(C)n3Cc2ccc(-c3ccccc3C(=O)O)cc2)c1
CHEMBL87307,PPARgamma,6.050,,6,0,Active,exact,CCO[C@@H](Cc1ccc(OCC=C(c2ccc(Br)cc2)c2ccc(Br)cc2)cc1)C(=O)O
CHEMBL1075732,PPARgamma,6.220,,1,0,Active,exact,Cc1cc(OCc2nc(-c3ccc(C(=O)N(C)C(C)C)cc3)c(-c3ccc(OC(F)(F)F)cc3)o2)ccc1OCC(=O)O
CHEMBL3094417,PPARgamma,5.470,,1,0,,exact,CCCCCCC(Sc1nc(Cl)cc(Nc2nc(-c3ccc([N+](=O)[O-])cc3)cs2)n1)C(=O)O
CHEMBL4454228,PPARgamma,7.500,,2,0,Active,exact,C/C(=C1/c2ccc(Cn3c(C4CC4)nc4c(Cl)ccnc43)cc2COc2cc(F)ccc21)c1noc(=O)[nH]1
CHEMBL4853605,PPARgamma,6.620,,1,0,Active,exact,Cc1cc(/C=C2\Oc3cc(OCC4CC4)ccc3C2=O)cc(C)c1OC(C)(C)C(=O)O
CHEMBL6159709,PPARgamma,6.055,,2,0,Active,exact,O=S1(c2ccc(Br)cc2)=N[Se]c2cc(Br)ccc21
CHEMBL241078,PPARgamma,5.960,,1,0,,exact,CCc1ccc(O[C@H](C)CCOc2ccc(CCC(=O)O)c(C)c2)c(-c2cccs2)c1
CHEMBL3695876,PPARgamma,7.550,,1,0,Active,exact,Cc1c(C)n(Cc2ccc(-c3ccccc3)cc2)c2ccc(C(=O)N[C@@H](C)c3ccc(OC(F)(F)F)cc3)cc12
CHEMBL4852747,PPARgamma,5.880,,1,0,,exact,CCOc1ccc2c(c1)O/C(=C\c1cc(C)c(OCC(=O)O)c(C)c1)C2=O
CHEMBL6159496,PPARgamma,,4.301,0,2,Inactive,censored,Cc1ccc2c(c1)[Se]N=S2(C)=O
CHEMBL3263236,PPARgamma,4.740,,1,0,Inactive,exact,O=C(O)CCCNC(=O)c1ccccc1NC(=O)c1ccc2ccccc2c1
CHEMBL2331779,PPARgamma,,4.523,0,2,Inactive,censored,CCNC(=O)c1cc(NS(=O)(=O)c2ccc(C(C)(C)C)cc2)ccc1Oc1cncc(Cl)c1
CHEMBL3695914,PPARgamma,,6.000,0,1,,censored,CC[C@H](NC(=O)c1ccc2c(c1)c(C)c(C)n2Cc1ccccc1-c1ccc(C(=O)O)cc1)c1ccccc1
CHEMBL104494,PPARgamma,6.550,,1,0,Active,exact,Cc1oc(-c2ccccc2)nc1CCOc1ccc(C[C@H](Nc2ncccn2)C(=O)O)cc1
CHEMBL2322175,PPARgamma,7.380,,1,0,Active,exact,CCc1nc2c(C)cn(Cc3ccccc3C)c(=O)c2n1[C@H]1CCc2cc(-c3ccccc3-c3nnn[nH]3)ccc21
CHEMBL4546295,PPARgamma,5.120,,1,0,,exact,COc1cc(C(F)(F)F)nc2ccc(COc3ccc(OCC4CCN(C)CC4)c(/C=C(\CCC4CC4)C(=O)O)c3)cc12
CHEMBL197823,PPARgamma,6.700,,1,0,Active,exact,CC(C)(C)c1ccc(-n2c(C(=O)O)c(Oc3cccc(S(C)(=O)=O)c3)c3ccc(Cl)nc32)cc1
CHEMBL3335622,PPARgamma,5.410,,1,0,,exact,CC(C)(C)c1ccc(C(=O)Nc2ccccc2C(=O)Nc2cccc(C(=O)O)c2)cc1
CHEMBL556073,PPARgamma,9.000,,1,0,Active,exact,Cc1c(Cc2cccc(OCC(=O)O)c2)c2cc(OC(F)(F)F)ccc2n1C(=O)c1ccc(Cl)cc1
CHEMBL5075710,PPARgamma,6.220,,1,0,Active,exact,CC(C)(Oc1ccc(CCOc2ccc(/N=N/c3ccccc3)cc2C(F)(F)F)cc1)C(=O)O
CHEMBL257517,PPARgamma,6.660,,1,0,Active,exact,COc1ccc(-c2nc(CCOc3cccc(C[C@@H]4C(=O)N(c5ccc(C(C)(C)C)cc5)[C@@H]4C(=O)O)c3)c(C)o2)cc1
CHEMBL2031955,PPARgamma,6.030,,2,0,Active,exact,CC(C)=CCC/C(C)=C/Cc1c(O)cc(/C=C/c2ccc(O)cc2)cc1O
