cid,smiles,molecular_weight
6,C1=CC(=C(C=C1[N+](=O)[O-])[N+](=O)[O-])Cl,202.55
13,C1=CC(=C(C=C1Cl)Cl)Cl,181.4
299,C1(=O)C2(C3(C4(C1(C5(C2(C3(C(C45Cl)(Cl)Cl)Cl)Cl)Cl)Cl)Cl)Cl)Cl,490.6
403,C1=CC(=CC=C1N)O,109.13
671,C1=CC=C2C(=C1)C(=CC(=C2O)C(=O)O)O,204.18
727,C1(C(C(C(C(C1Cl)Cl)Cl)Cl)Cl)Cl,290.8
785,C1=CC(=CC=C1O)O,110.11
980,C1=CC(=CC=C1[N+](=O)[O-])O,139.11
991,CCOP(=S)(OCC)OC1=CC=C(C=C1)[N+](=O)[O-],291.26
992,C1(=C(C(=C(C(=C1Cl)Cl)Cl)Cl)Cl)O,266.3
996,C1=CC=C(C=C1)O,94.11
1091,O[Se](=O)O,128.99
1318,C1=CC2=C(C3=C(C=CC=N3)C=C2)N=C1,180.20
1345,CCC(C)N(C)C(=O)C1=CC2=CC=CC=C2C(=N1)C3=CC=CC=C3Cl,352.9
1474,C1=CC=NC(=C1)C2=CC=CC=N2,156.18
1483,C1=C(C=C(C(=C1Br)O)Br)Br,330.80
1539,C1C2=CC=CC=C2C3=C1C=C(C=C3)N,181.23
1674,CC1=C2CCC3=C2C(=CC4=C3C=CC5=CC=CC=C54)C=C1,268.4
1684,CC1=CC(=CC(=C1OCCCC2=CC(=NO2)C)C)C3=NOC(=N3)C(F)(F)F,381.3
1730,C1=CC(=CC=C1C(=O)O)[Hg]Cl,357.16
1732,CC1=C(C=CC(=C1)O)Cl,142.58
1752,CCCCCCCCCC1=CC=C(C=C1)O,220.35
1967,CC1=C(C(=O)C(=C(C1=O)C)CCCCC#CCCCC#CCO)C,326.4
1988,CCC1=CC=CC(=C1N(COCC)C(=O)CCl)C,269.77
2078,CCC1=C(C(=CC=C1)CC)N(COC)C(=O)CCl,269.77
2082,CCCSC1=CC2=C(C=C1)N=C(N2)NC(=O)OC,265.33
2118,CC1=NN=C2N1C3=C(C=C(C=C3)Cl)C(=NC2)C4=CC=CC=C4,308.8
2126,CC1(CCC(C2=C1C=CC(=C2)C(=O)NC3=CC=C(C=C3)C(=O)O)(C)C)C,351.4
2153,CN1C2=C(C(=O)N(C1=O)C)NC=N2,180.16
2170,C1CN(CCN1)C2=NC3=CC=CC=C3OC4=C2C=C(C=C4)Cl,313.8
2194,COC1=CC=C(C=C1)C2=CC(=S)SS2,240.4
2247,COC1=CC=C(C=C1)CCN2CCC(CC2)NC3=NC4=CC=CC=C4N3CC5=CC=C(C=C5)F,458.6
2268,COP(=S)(OC)SCN1C(=O)C2=CC=CC=C2N=N1,317.3
2333,CCC1=C(C2=CC=CC=C2O1)C(=O)C3=CC(=C(C(=C3)Br)O)Br,424.1
2336,C1=CC=C2C3=C4C(=CC2=C1)C=CC5=C4C(=CC=C5)C=C3,252.3
2337,CCOC(=O)C1=CC=C(C=C1)N,165.19
2347,CCCCOC(=O)C1=CC=CC=C1C(=O)OCC2=CC=CC=C2,312.4
2355,COC1=C2C=CC(=O)OC2=CC3=C1C=CO3,216.19
2374,CC(C)(C)C1=CC(=C(C=C1O)C(C)(C)C)O,222.32
2375,CC(CS(=O)(=O)C1=CC=C(C=C1)F)(C(=O)NC2=CC(=C(C=C2)C#N)C(F)(F)F)O,430.4
2378,C1=CC=C(C=C1)C2=CC=C(C=C2)C(C3=CC=CC=C3)N4C=CN=C4,310.4
2391,CC(=O)OC1=CC=C(C=C1)C(C2=CC=C(C=C2)OC(=O)C)C3=CC=CC=N3,361.4
2406,C1=C(C=C(C(=C1SC2=C(C(=CC(=C2)Cl)Cl)O)O)Cl)Cl,356.0
2451,CC1=NN=C2N1C3=C(C=C(S3)Br)C(=NC2)C4=CC=CC=C4Cl,393.7
2466,CCCCOC1=CC=C(C=C1)CC(=O)NO,223.27
2482,CCCCOC(=O)C1=CC=C(C=C1)N,193.24
2541,CCOC1=NC2=CC=CC(=C2N1CC3=CC=C(C=C3)C4=CC=CC=C4C5=NNN=N5)C(=O)O,440.5
2543,CCCCCC1=CC(=C2C(=C1)OC(C3=C2C=C(C=C3)C)(C)C)O,310.4
2554,C1=CC=C2C(=C1)C=CC3=CC=CC=C3N2C(=O)N,236.27
2603,C1=CC(=CC(=C1)Cl)NN=C(C#N)C#N,204.61
2662,CC1=CC=C(C=C1)C2=CC(=NN2C3=CC=C(C=C3)S(=O)(=O)N)C(F)(F)F,381.4
2728,CC(C)OC(=O)NC1=CC(=CC=C1)Cl,213.66
2730,CCOP(=S)(OCC)OC1=NC(=C(C=C1Cl)Cl)Cl,350.6
2769,COC1CN(CCC1NC(=O)C2=CC(=C(C=C2OC)N)Cl)CCCOC3=CC=C(C=C3)F,465.9
2788,C1=CC2=C(C(=C(C=C2Cl)I)O)N=C1,305.50
2799,CC(C)(C)CC(C)(C)C1=CC(=C(C=C1)O)CC2=C(C=C(C=C2)Cl)Cl,365.3
2801,CN(C)CCCN1C2=CC=CC=C2CCC3=C1C=C(C=C3)Cl,314.9
2812,C1=CC=C(C=C1)C(C2=CC=CC=C2)(C3=CC=CC=C3Cl)N4C=CN=C4,344.8
2871,CCOP(=S)(OCC)OC1=CC2=C(C=C1)C(=C(C(=O)O2)Cl)C,362.8
2898,CC(=O)OC1=CC=C(C=C1)C(=C2CCCCC2)C3=CC=C(C=C3)OC(=O)C,364.4
2912,CC1(C(C1C(=O)OC(C#N)C2=CC(=CC=C2)OC3=CC=CC=C3)C=C(Cl)Cl)C,416.3
2969,CCCCCCCCCC(=O)O,172.26
2998,CCCCCCCCC(=O)NCC1=CC(=C(C=C1)O)OC,293.4
3016,CN1C(=O)CN=C(C2=C1C=CC(=C2)Cl)C3=CC=CC=C3,284.74
3035,C1=CC(=CC=C1C(=C(Cl)Cl)C2=CC=C(C=C2)Cl)Cl,318.0
3036,C1=CC(=CC=C1C(C2=CC=C(C=C2)Cl)C(Cl)(Cl)Cl)Cl,354.5
3037,C1=CC(=C(C=C1Cl)CC2=C(C=CC(=C2)Cl)O)O,269.12
3039,COP(=O)(OC)OC=C(Cl)Cl,220.97
3109,C1=CC=[N+](C(=C1)SSC2=CC=CC=[N+]2[O-])[O-],252.3
3117,CCN(CC)C(=S)SSC(=S)N(CC)CC,296.5
3120,CN(C)C(=O)NC1=CC(=C(C=C1)Cl)Cl,233.09
3220,CC1=CC2=C(C(=C1)O)C(=O)C3=C(C2=O)C=C(C=C3O)O,270.24
3224,C1C2C(COS(=O)O1)C3(C(=C(C2(C3(Cl)Cl)Cl)Cl)Cl)Cl,406.9
3225,C1CC2C(C(C1O2)C(=O)O)C(=O)O,186.16
3242,CC1=CC(=NC(=N1)N2C(=CC(=N2)C)OC)OC,234.25
3278,CCC(=C)C(=O)C1=C(C(=C(C=C1)OCC(=O)O)Cl)Cl,303.13
3286,CCOP(=S)(OCC)SCSP(=S)(OCC)OCC,384.5
3293,CCOC1=CC2=C(C=C1)NC(C=C2C)(C)C,217.31
3295,CCOC1=CC2=C(C=C1)N=C(S2)S(=O)(=O)N,258.3
3316,CCCCCCOC1=CC=CC=C1C(=O)N,221.29
3333,CCOC(=O)C1=C(NC(=C(C1C2=C(C(=CC=C2)Cl)Cl)C(=O)OC)C)C,384.2
3334,COC(=O)NC1=NC2=C(N1)C=C(C=C2)SC3=CC=CC=C3,299.3
3339,CC(C)OC(=O)C(C)(C)OC1=CC=C(C=C1)C(=O)C2=CC=C(C=C2)Cl,360.8
3345,CCC(=O)N(C1CCN(CC1)CCC2=CC=CC=C2)C3=CC=CC=C3,336.5
3346,CC1=C(C=CC(=C1)OP(=S)(OC)OC)SC,278.3
3352,C1=C(C=C(C(=C1Cl)N2C(=C(C(=N2)C#N)S(=O)C(F)(F)F)N)Cl)C(F)(F)F,437.1
3360,C1=CC=C(C(=C1)C(=O)OCC(CO)O)NC2=C3C=CC=C(C3=NC=C2)C(F)(F)F,406.4
3371,C1=CC=C(C(=C1)C(=O)O)NC2=CC=CC(=C2)C(F)(F)F,281.23
3396,C1CN(CCC12C(=O)NCN2C3=CC=CC=C3)CCCC(C4=CC=C(C=C4)F)C5=CC=C(C=C5)F,475.6
3397,CC(C)C(=O)NC1=CC(=C(C=C1)[N+](=O)[O-])C(F)(F)F,276.21
3440,C1=COC(=C1)CNC2=CC(=C(C=C2C(=O)O)S(=O)(=O)N)Cl,330.74
3444,C1C(COC1(CN2C=NC=N2)C3=C(C=C(C=C3)Cl)Cl)Br,377.1
3503,CC1=CC2=C(C(=C(C(=C2C(C)C)O)O)C=O)C(=C1C3=C(C4=C(C=C3C)C(=C(C(=C4C=O)O)O)C(C)C)O)O,518.6
3589,C1=CC(C2C1C3(C(=C(C2(C3(Cl)Cl)Cl)Cl)Cl)Cl)Cl,373.3
3598,C1=C(C(=C(C(=C1Cl)Cl)CC2=C(C(=CC(=C2Cl)Cl)Cl)O)O)Cl,406.9
3610,CCCCCCC1=C(C=C(C=C1)O)O,194.27
3634,CCN(CC)CCNC1=C2C(=C(C=C1)CO)SC3=CC=CC=C3C2=O,356.5
3712,C1=CC=C2C(=C1)C(=CN2)CO,147.17
3728,C1=CC2=C(C(=C(C=C2I)I)O)N=C1,396.95
3735,CCC(CC1=C(C(=C(C=C1I)I)N)I)C(=O)O,570.93
3784,CC1=C(C(C(=C(N1)C)C(=O)OC(C)C)C2=CC=CC3=NON=C32)C(=O)OC,371.4
3884,CC(=CCC1=C(C2=CC=CC=C2C(=O)C1=O)O)C,242.27
3893,CCCCCCCCCCCC(=O)O,200.32
3899,CC1=C(C=NO1)C(=O)NC2=CC=C(C=C2)C(F)(F)F,270.21
3936,CN(C1=NC(=CC=C1)OC)C(=S)OC2=CC3=C(CCCC3)C=C2,328.4
3957,CCOC(=O)N1CCC(=C2C3=C(CCC4=C2N=CC=C4)C=C(C=C3)Cl)CC1,382.9
3969,CCCC1=C(C=CC(=C1O)C(=O)C)OCCCCC2=NNN=N2,318.37
4006,CC(C)OC(=O)C(=C1SC=CS1)C(=O)OC(C)C,288.4
4011,CNCCCC12CCC(C3=CC=CC=C31)C4=CC=CC=C24,277.4
4030,COC(=O)NC1=NC2=C(N1)C=C(C=C2)C(=O)C3=CC=CC=C3,295.29
4044,CC1=C(C(=CC=C1)NC2=CC=CC=C2C(=O)O)C,241.28
4115,COC1=CC=C(C=C1)C(C2=CC=C(C=C2)OC)C(Cl)(Cl)Cl,345.6
4122,COC(=O)NC1=NC2=C(N1)C=C(C=C2)C(=O)C3=CC=CS3,301.32
4130,COP(=S)(OC)OC1=CC=C(C=C1)[N+](=O)[O-],263.21
4169,CCC1=CC=CC(=C1N(C(C)COC)C(=O)CCl)C,283.79
4177,CC1COC2(N1CC(=O)NC3=C2C=C(C=C3)Cl)C4=CC=CC=C4Cl,363.2
4184,CN1CCN2C(C1)C3=CC=CC=C3CC4=CC=CC=C42,264.4
4211,C1=CC=C(C(=C1)C(C2=CC=C(C=C2)Cl)C(Cl)Cl)Cl,320.0
4235,C1COCCN1CCNC(=O)C2=CC=C(C=C2)Cl,268.74
4409,CC(=O)CCC1=CC2=C(C=C1)C=C(C=C2)OC,228.29
4420,COP(=O)(OC)OC(C(Cl)(Cl)Br)Br,380.78
4474,CC1=C(C(C(=C(N1)C)C(=O)OCCN(C)CC2=CC=CC=C2)C3=CC(=CC=C3)[N+](=O)[O-])C(=O)OC,479.5
4477,C1=CC(=C(C=C1[N+](=O)[O-])Cl)NC(=O)C2=C(C=CC(=C2)Cl)O,327.12
4485,CC1=C(C(C(=C(N1)C)C(=O)OC)C2=CC=CC=C2[N+](=O)[O-])C(=O)OC,346.3
4488,C1=CC(=CC(=C1)NC2=C(C=CC=N2)C(=O)O)C(F)(F)F,282.22
4493,CC1(C(=O)N(C(=O)N1)C2=CC(=C(C=C2)[N+](=O)[O-])C(F)(F)F)C,317.22
4497,CC1=C(C(C(=C(N1)C)C(=O)OC(C)C)C2=CC(=CC=C2)[N+](=O)[O-])C(=O)OCCOC,418.4
4499,CC1=C(C(C(=C(N1)C)C(=O)OCC(C)C)C2=CC=CC=C2[N+](=O)[O-])C(=O)OC,388.4
4507,CCOC(=O)C1=C(NC(=C(C1C2=CC(=CC=C2)[N+](=O)[O-])C(=O)OC)C)C,360.4
4534,CC(CC1=CC(=C(C=C1)O)O)C(C)CC2=CC(=C(C=C2)O)O,302.4
4594,CC1=CN=C(C(=C1OC)C)CS(=O)C2=NC3=C(N2)C=C(C=C3)OC,345.4
4615,C1CN(CCN1CCCN2C3=CC=CC=C3NC2=O)C(C4=CC=CC=C4)C5=CC=CC=C5,426.6
4616,C1=CC=C(C=C1)C2=NC(C(=O)NC3=C2C=C(C=C3)Cl)O,286.71
4622,CCCOC1=CC2=C(C=C1)N=C(N2)NC(=O)OC,249.27
4632,COC1=CC(=C(C=C1)C(=O)C2=CC=CC=C2)O,228.24
4641,CCCCC1C(=O)N(N(C1=O)C2=CC=C(C=C2)O)C3=CC=CC=C3,324.4
4764,C1=CC=C2C(=C1)C(=O)OC2(C3=CC=C(C=C3)O)C4=CC=C(C=C4)O,318.3
4768,CC(COC1=CC=CC=C1)N(CCCl)CC2=CC=CC=C2,303.8
4778,C1=CC=C(C=C1)[As]=O,168.02
4788,C1=CC(=CC=C1CCC(=O)C2=C(C=C(C=C2O)O)O)O,274.27
4793,CCOP(=S)(OCC)SCN1C2=C(C=C(C=C2)Cl)OC1=O,367.8
4807,C1=CC=C(C(=C1)C=O)C=O,134.13
4890,C1CC1CN2C(=O)CN=C(C3=C2C=CC(=C3)Cl)C4=CC=CC=C4,324.8
4927,CC(CN1C2=CC=CC=C2SC3=CC=CC=C31)N(C)C,284.4
4931,CC(C)N(C1=CC=CC=C1)C(=O)CCl,211.69
4932,CCCNCC(COC1=CC=CC=C1C(=O)CCC2=CC=CC=C2)O,341.4
4933,CCC(=O)NC1=CC(=C(C=C1)Cl)Cl,218.08
4936,CC(C)(C)C1=CC=C(C=C1)OC2CCCCC2OS(=O)OCC#C,350.5
4993,CCC1=C(C(=NC(=N1)N)N)C2=CC=C(C=C2)Cl,248.71
5053,CC(=CC1C(C1(C)C)C(=O)OCC2=COC(=C2)CC3=CC=CC=C3)C,338.4
5070,C1=CC2=C(C=C1OC(F)(F)F)SC(=N2)N,234.20
5074,CC1=C(C(=O)N2C=CSC2=N1)CCN3CCC(=C(C4=CC=C(C=C4)F)C5=CC=C(C=C5)F)CC3,477.6
5125,CCCCSP(=O)(SCCCC)SCCCC,314.5
5265,C1CN(CCC12C(=O)NCN2C3=CC=CC=C3)CCCC(=O)C4=CC=C(C=C4)F,395.5
5311,C1=CC=C(C=C1)NC(=O)CCCCCCC(=O)NO,264.32
5327,CC1=CC(=NC(=N1)NS(=O)(=O)C2=CC=C(C=C2)N)C,278.33
5333,C1=CC(=CC=C1N)S(=O)(=O)N,172.21
5340,C1=CC(=CC=C1N)S(=O)(=O)NC2=NC=CS2,255.3
5344,CC1=C(ON=C1C)NS(=O)(=O)C2=CC=C(C=C2)N,267.31
5392,COP(=S)(OC)OC1=CC=C(C=C1)SC2=CC=C(C=C2)OP(=S)(OC)OC,466.5
5452,CN1CCCCC1CCN2C3=CC=CC=C3SC4=C2C=C(C=C4)SC,370.6
5472,C1CN(CC2=C1SC=C2)CC3=CC=CC=C3Cl,263.8
5507,CC1=C(C=CC(=C1)NC2=CC=CC=C2C(=O)O)Cl,261.70
5510,CC1=CC(=CC=C1)N(C)C(=S)OC2=CC3=CC=CC=C3C=C2,307.4
5564,C1=CC(=C(C=C1Cl)O)OC2=C(C=C(C=C2)Cl)Cl,289.5
5590,CC(C)(C)CC(C)(C)C1=CC=C(C=C1)OCCO,250.38
5591,CC1=C(C2=C(CCC(O2)(C)COC3=CC=C(C=C3)CC4C(=O)NC(=O)S4)C(=C1O)C)C,441.5
5743,C[C@@H]1C[C@H]2[C@@H]3CCC4=CC(=O)C=C[C@@]4([C@]3([C@H](C[C@@]2([C@]1(C(=O)CO)O)C)O)F)C,392.5
5745,CC(=O)OCC(=O)[C@]1(CC[C@@H]2[C@@]1(CC(=O)[C@H]3[C@H]2CCC4=CC(=O)CC[C@]34C)C)O,402.5
5746,CC1=C(C(=O)C2=C(C1=O)N3C[C@H]4[C@@H]([C@@]3([C@@H]2COC(=O)N)OC)N4)N,334.33
5753,C[C@]12CCC(=O)C=C1CC[C@@H]3[C@@H]2[C@H](C[C@]4([C@H]3CC[C@@H]4C(=O)CO)C)O,346.5
5754,C[C@]12CCC(=O)C=C1CC[C@@H]3[C@@H]2[C@H](C[C@]4([C@H]3CC[C@@]4(C(=O)CO)O)C)O,362.5
5755,C[C@]12C[C@@H]([C@H]3[C@H]([C@@H]1CC[C@@]2(C(=O)CO)O)CCC4=CC(=O)C=C[C@]34C)O,360.4
5756,C[C@]12CC[C@H]3[C@H]([C@@H]1C[C@H]([C@@H]2O)O)CCC4=C3C=CC(=C4)O,288.4
5757,C[C@]12CC[C@H]3[C@H]([C@@H]1CC[C@@H]2O)CCC4=C3C=CC(=C4)O,272.4
5770,CO[C@H]1[C@@H](C[C@@H]2CN3CCC4=C([C@H]3C[C@@H]2[C@@H]1C(=O)OC)NC5=C4C=CC(=C5)OC)OC(=O)C6=CC(=C(C(=C6)OC)OC)OC,608.7
5794,CCCCOCCOCCOCC1=CC2=C(C=C1CCC)OCO2,338.4
5803,C1=CC(=C(C=C1OC2=C(C=C(C=C2I)CC(=O)O)I)I)O,621.93
5819,C1=C(C=C(C(=C1I)OC2=CC(=C(C(=C2)I)O)I)I)C[C@@H](C(=O)O)N,776.87
5832,CC(=O)O[C@]1(CC[C@@H]2[C@@]1(CC[C@H]3[C@H]2CCC4=CC(=O)CC[C@H]34)C)C#C,340.5
5833,CC(=O)S[C@@H]1CC2=CC(=O)CC[C@@]2([C@@H]3[C@@H]1[C@@H]4CC[C@]5([C@]4(CC3)C)CCC(=O)O5)C,416.6
5834,CC(=O)OCC(=O)[C@]1(CC[C@@H]2[C@@]1(C[C@@H]([C@H]3[C@H]2CCC4=CC(=O)C=C[C@]34C)O)C)O,402.5
5853,COP(=O)(C(C(Cl)(Cl)Cl)O)OC,257.43
5857,C[C@]12CC[C@H]3[C@H]([C@@H]1CC[C@]2(C#C)O)CCC4=CCCC[C@H]34,284.4
5865,C[C@]12CC(=O)[C@H]3[C@H]([C@@H]1CC[C@@]2(C(=O)CO)O)CCC4=CC(=O)C=C[C@]34C,358.4
5870,C[C@]12CC[C@H]3[C@H]([C@@H]1CCC2=O)CCC4=C3C=CC(=C4)O,270.4
5876,C[C@]12C[C@@H]([C@H]3[C@H]([C@@H]1CC[C@@]2(C(=O)CO)O)C[C@@H](C4=CC(=O)C=C[C@]34C)F)O,378.4
5877,C[C@H]1C[C@H]2[C@@H]3CC[C@@]([C@]3(C[C@@H]([C@@H]2[C@@]4(C1=CC(=O)C=C4)C)O)C)(C(=O)COC(=O)C)O,416.5
5879,C[C@]12CC[C@H](C[C@@H]1CC[C@@H]3[C@@H]2CC[C@]4([C@H]3CCC4=O)C)O,290.4
5881,C[C@]12CC[C@H]3[C@H]([C@@H]1CCC2=O)CC=C4[C@@]3(CC[C@@H](C4)O)C,288.4
5897,CC(=O)NC1=CC2=C(C=C1)C3=CC=CC=C3C2,223.27
5920,C1=CC(=C(C=C1OC2=C(C=C(C=C2I)C[C@@H](C(=O)O)N)I)I)O,650.97
5930,CNC1=CC=C(C=C1)O.CNC1=CC=C(C=C1)O.OS(=O)(=O)O,344.39
5934,CC1=CC(=CC=C1)N=NC2=CC=C(C=C2)N(C)C,239.32
5935,CN(CCCl)CCCl.Cl,192.5
5952,CC(=O)OCC(=O)[C@H]1CC[C@@H]2[C@@]1(CC[C@H]3[C@H]2CCC4=CC(=O)CC[C@]34C)C,372.5
5954,C1=CC=C2C(=C1)C=CC3=CC4=CC=CC=C4C=C32,228.3
5974,CCCCCCCCCCCCCCCC[N+](C)(C)C.[Br-],364.4
5978,CC[C@@]1(C[C@@H]2C[C@@](C3=C(CCN(C2)C1)C4=CC=CC=C4N3)(C5=C(C=C6C(=C5)[C@]78CCN9[C@H]7[C@@](C=CC9)([C@H]([C@@]([C@@H]8N6C=O)(C(=O)OC)O)OC(=O)C)CC)OC)C(=O)OC)O,825.0
5991,C[C@]12CC[C@H]3[C@H]([C@@H]1CC[C@]2(C#C)O)CCC4=C3C=CC(=C4)O,296.4
5993,C1C2C(C(C1Cl)Cl)C3(C(=C(C2(C3(Cl)Cl)Cl)Cl)Cl)Cl,409.8
5994,CC(=O)[C@H]1CC[C@@H]2[C@@]1(CC[C@H]3[C@H]2CCC4=CC(=O)CC[C@]34C)C,314.5
5995,CCC(=O)O[C@H]1CC[C@@H]2[C@@]1(CC[C@H]3[C@H]2CCC4=CC(=O)CC[C@]34C)C,344.5
6001,CC1=C2C=CC3=CC=CC=C3C2=C(C4=CC=CC=C14)C,256.3
6005,CN1CCC2=C3[C@H]1CC4=C(C3=CC=C2)C(=C(C=C4)O)O,267.32
6010,C[C@]12CCC(=O)C=C1CC[C@@H]3[C@@H]2CC[C@]4([C@H]3CC[C@]4(C)O)C,302.5
6013,C[C@]12CC[C@H]3[C@H]([C@@H]1CC[C@@H]2O)CCC4=CC(=O)CC[C@]34C,288.4
6014,CC(CN1C2=CC=CC=C2SC3=CC=CC=C31)N(C)C.Cl,320.9
6025,C1=CC=C(C=C1)C=C(C2=CC=CC=C2)C3=CC=CC=C3,256.3
6028,C1=C(C(=C(C(=C1Cl)Cl)Cl)O)Cl,231.9
6047,C1=CC(=C(C=C1C[C@@H](C(=O)O)N)O)O,197.19
6051,C1=CC=C(C=C1)N=NC2=CC=C(C=C2)N,197.24
6053,CN(C)C1=CC=C(C=C1)N=NC2=CC=CC=C2,225.29
6054,C1=CC=C(C=C1)CCO,122.16
6075,CN1CCCC(C1)CN2C3=CC=CC=C3SC4=CC=CC=C42,310.5
6099,CN(C)C1=CC2=C(C=C1)N=C3C=CC(=[N+](C)C)C=C3S2.[Cl-],319.9
6128,C[C@]12CCC(=O)C=C1CC[C@@H]3[C@@H]2CC[C@]4([C@H]3CCC4=O)C,286.4
6129,CNC(=O)OC1=CC=CC2=CC=CC=C21,201.22
6166,C[C@]12CC[C@H]3[C@H]([C@@H]1CC[C@@H]2C(=O)CO)CCC4=CC(=O)CC[C@]34C,330.5
6167,CC(=O)N[C@H]1CCC2=CC(=C(C(=C2C3=CC=C(C(=O)C=C13)OC)OC)OC)OC,399.4
6197,C[C@H]1C[C@@H](C(=O)[C@@H](C1)[C@@H](CC2CC(=O)NC(=O)C2)O)C,281.35
6215,C[C@]12C[C@@H]([C@]3([C@H]([C@@H]1C[C@@H]4[C@]2(OC(O4)(C)C)C(=O)CO)C[C@@H](C5=CC(=O)C=C[C@@]53C)F)F)O,452.5
6230,C[C@]12CC[C@H]3[C@H]([C@@H]1CC[C@]2(C#C)O)CCC4=CC(=O)CC[C@H]34,298.4
6231,C[C@]12CC[C@H]3[C@H]([C@@H]1CC[C@]2(C#C)O)CCC4=C3CCC(=O)C4,298.4
6238,CC(=O)[C@]1(CC[C@@H]2[C@@]1(CC[C@H]3[C@H]2CCC4=CC(=O)CC[C@]34C)C)O,330.5
6252,C1=CN(C(=O)N=C1N)[C@H]2[C@H]([C@@H]([C@H](O2)CO)O)O.Cl,279.68
6253,C1=CN(C(=O)N=C1N)[C@H]2[C@H]([C@@H]([C@H](O2)CO)O)O,243.22
6279,C[C@H]1C[C@@H]2[C@H](CC[C@]3([C@H]2CC[C@@]3(C(=O)C)OC(=O)C)C)[C@@]4(C1=CC(=O)CC4)C,386.5
6291,C[C@]12CC[C@H]3[C@H]([C@@H]1CC[C@]2(C#C)O)CCC4=C3C=CC(=C4)OC,310.4
6294,C1=CC(=CC=C1C(C2=CC=C(C=C2)Cl)C(Cl)Cl)Cl,320.0
6295,CCC1=CC=C(C=C1)C(C2=CC=C(C=C2)CC)C(Cl)Cl,307.3
6300,C[C@]12CC[C@H]3[C@H]([C@@H]1CC[C@]2(C)O)CCC4=CC(=O)C=C[C@]34C,300.4
6301,CC1=NC2=C(C=C1)C(=CC(=C2O)Cl)Cl,228.07
6319,C1=CC=C(C=C1)NC2=CC=C(C=C2)NC3=CC=CC=C3,260.3
6336,CCCCC(CN1C=NC=N1)(C#N)C2=CC=C(C=C2)Cl,288.77
6389,C(F)(Cl)(Cl)Cl,137.36
6446,C[C@]12CCC(=O)C=C1CC[C@@H]3[C@@]2([C@H](C[C@]4([C@H]3CC[C@]4(C)O)C)O)F,336.4
6456,C1=CC=C(C=C1)C(C2=CC=CC=C2)(C3=CC=CC=C3)Cl,278.8
6478,C1(=C(C(C(=C1Cl)Cl)(Cl)Cl)Cl)Cl,272.8
6518,C(C(CO[N+](=O)[O-])(CO[N+](=O)[O-])CO[N+](=O)[O-])O[N+](=O)[O-],316.14
6527,CC1=CC=CC=C1OP(=O)(OC2=CC=CC=C2C)OC3=CC=CC=C3C,368.4
6528,CC1=CC=C(C=C1)OP(=O)(OC2=CC=CC=C2)OC3=CC=CC=C3,340.3
6529,CC1=CC=C(C=C1)OP(=O)(OC2=CC=C(C=C2)C)OC3=CC=C(C=C3)C,368.4
6536,CCN(CC)CCOC1=CC=C(C=C1)C(CC2=CC=C(C=C2)Cl)(C3=CC=C(C=C3)C)O,438.0
6537,CCCCC(CC)COP(=O)(OCC(CC)CCCC)OCC(CC)CCCC,434.6
6597,C(C(=O)O)(Cl)Cl,128.94
6621,C1=CC=C(C=C1)S(=O)(=O)C2=CC=C(C=C2)Cl,252.72
6625,C1=CC(=CC=C1S(=O)(=O)C2=CC=C(C=C2)Cl)Cl,287.2
6633,CC1=CC=C(C=C1)S(=O)(=O)NC2CCCCC2,253.36
6635,C1=CC(=CC=C1OS(=O)(=O)C2=CC=C(C=C2)Cl)Cl,303.2
6636,C1=CC=C(C=C1)S(=O)(=O)OC2=CC=C(C=C2)Cl,268.72
6669,CC1=C(C(=C(C(=C1[N+](=O)[O-])C(C)(C)C)[N+](=O)[O-])C)C(=O)C,294.30
6672,CC1=C(C(=CC=C1)C)[N+](=O)[O-],151.16
6702,CC1=C(C2=C(C=C1)C(=O)C3=CC=CC=C3C2=O)N,237.25
6719,C1=CC=C(C=C1)C(C2=CC=CC=C2)C(=O)C3C(=O)C4=CC=CC=C4C3=O,340.4
6724,C1=CC2=C3C(=C1)C(=O)C(=O)C3=CC=C2,182.17
6730,C1=CC(=CC=C1C(C2=CC=C(C=C2)Cl)C(=O)O)Cl,281.1
6732,CC(C)(C)C(=O)C1C(=O)C2=CC=CC=C2C1=O,230.26
6741,C[C@H]1C[C@H]2[C@@H]3CC[C@@]([C@]3(C[C@@H]([C@@H]2[C@@]4(C1=CC(=O)C=C4)C)O)C)(C(=O)CO)O,374.5
6758,CC(=C)[C@H]1CC2=C(O1)C=CC3=C2O[C@@H]4COC5=CC(=C(C=C5[C@@H]4C3=O)OC)OC,394.4
6769,CCOC(=O)OC1=C(C=C(C=C1OC)C(=O)O[C@@H]2C[C@@H]3CN4CCC5=C([C@H]4C[C@@H]3[C@@H]([C@H]2OC)C(=O)OC)NC6=C5C=CC(=C6)OC)OC,666.7
6772,CCC1=CC2=C(C=C1)C(=O)C3=CC=CC=C3C2=O,236.26
6777,C1CCC(CC1)OC(=O)C2=CC=CC=C2C(=O)OC3CCCCC3,330.4
6778,C1=CC=C(C=C1)OC(=O)C2=CC=CC=C2C(=O)OC3=CC=CC=C3,318.3
6787,CCCCCCCCCOC(=O)C1=CC=CC=C1C(=O)OCCCCCCCCC,418.6
6796,C1=CC=C2C(=C1)C=CC3=C2C=CC=N3,179.22
6818,CCCCC(CC)COC(=O)C1=CC=CC=C1C(=O)OCCCC,334.4
6828,CCN(C1=CC=CC=C1)C(=O)N(CC)C2=CC=CC=C2,268.35
6854,C1=CC=C2C(=C1)C3=CC=CC=C3N2,167.21
6868,C1=CC2=C(C=C(C=C2C=C1N)S(=O)(=O)O)O,239.25
6872,C1=CC=C(C=C1)NC(=O)C2=CC=CC=C2O,213.23
6914,C1=C(C=C(C(=C1Cl)O)Cl)Cl,197.4
6929,CC(C)(C)C1=CC(=CC(=C1O)C(C)(C)C)CO,236.35
6950,CCC(C)C1=C(C(=CC(=C1)[N+](=O)[O-])[N+](=O)[O-])O,240.21
6979,C1=CC(=C(C=C1Cl)[N+](=O)[O-])N,172.57
6999,C1=CC=C(C(=C1)O)[Hg]Cl,329.15
7005,C1=CC=C2C(=C1)C=CC=C2O,144.17
7013,C1=CC=C(C=C1)NC2=CC=CC3=CC=CC=C32,219.28
7015,C1=CC=C(C=C1)C2=CC=CC=C2N,169.22
7031,CN(C)C1=CC=C(C=C1)C(=O)C2=CC=C(C=C2)N(C)C,268.35
7062,CCN(CC)C1=CC(=CC=C1)O,165.23
7070,C1=CC(=C(C=C1C2=CC(=C(C=C2)N)Cl)Cl)N,253.12
7071,C1=CC(=C(C=C1C2=CC(=C(C=C2)N)N)N)N,214.27
7076,C1=CC=C(C=C1)C2=CC(=CC=C2)C3=CC=CC=C3,230.3
7088,C1=CC=C2C(=C1)NC3=C(S2)C=CC(=C3)Cl,233.72
7102,C1=CC=C(C=C1)C2=CC=C(C=C2)N,169.22
7103,C1=CC=C(C=C1)C2=CC=C(C=C2)O,170.21
7108,C1=CC=C2C(=C1)NC3=CC=CC=C3S2,199.27
7112,C1=CC(=CC=C1C2=CC=C(C=C2)O)O,186.21
7113,CC(=O)C1=CC=C(C=C1)C2=CC=CC=C2,196.24
7175,CCCOC(=O)C1=CC=C(C=C1)O,180.20
7180,C1=CC=C(C=C1)COC(=O)C2=CC=C(C=C2)O,228.24
7184,CCCCOC(=O)C1=CC=C(C=C1)O,194.23
7232,C1CCC(CC1)NSC2=NC3=CC=CC=C3S2,264.4
7243,C1=CC=C(C(=C1)N)N,108.14
7258,C1=CC(=C(C=C1O)Cl)Cl,163.00
7296,CC1CCCC1,84.16
7321,C1=CC(=C(C=C1[N+](=O)[O-])[N+](=O)[O-])N,183.12
7327,C1=CC=C(C=C1)S(=O)(=O)OC2=C(C=C(C=C2)Cl)Cl,303.2
7328,CCOP(=S)(OCC)OC1=C(C=C(C=C1)Cl)Cl,315.15
7329,C1=CC(=C(C=C1Cl)SC2=C(C=CC(=C2)Cl)O)O,287.2
7331,COC1=C(C=C(C=C1)C(=O)NC2=CC=CC=C2)[N+](=O)[O-],272.26
7337,COC1=C(C=CC(=C1)[N+](=O)[O-])N,168.15
7340,CC1=CC=CC=C1N=NC2=CC(=C(C=C2)N)C,225.29
7347,CN(C)C(=S)SC(=S)N(C)C,208.4
7381,CC(C)(C)C1=CC(=C(C=C1)O)O,166.22
7430,C1=C(C=C(C(=C1Cl)N)Cl)[N+](=O)[O-],207.01
7441,CC1=C(C=CC(=C1)[N+](=O)[O-])N,152.15
7472,CN(C)C1=CC=C(C=C1)N,136.19
7475,C1=CC(=CC=C1N)[N+](=O)[O-],138.12
7483,CNC1=CC=C(C=C1)[N+](=O)[O-],152.15
7492,C1=CC(=CC=C1[N+](=O)[O-])[N+](=O)[O-],168.11
7495,CCOC1=CC=C(C=C1)[N+](=O)[O-],167.16
7511,C1=CC=C(C=C1)[Hg]Cl,313.15
7516,C1=CC=C(C=C1)NN,108.14
7543,C1=CC(=C(C=C1CC2=CC(=C(C=C2)N)Cl)Cl)N,267.15
7546,C1=CC=C(C=C1)NC2=CC(=CC=C2)O,185.22
7547,C1=CC(=CC=C1NC(=O)NC2=CC(=C(C=C2)Cl)Cl)Cl,315.6
7551,C1=CC(=CC(=C1)Cl)NC(=O)OCC#CCCl,258.10
7563,C1=CC=C(C=C1)CC2=CC=C(C=C2)O,184.23
7564,C1=CC=C(C=C1)NC2=CC=C(C=C2)N,184.24
7567,CN(C)C1=CC=C(C=C1)CC2=CC=C(C=C2)N(C)C,254.37
7568,C1=CC(=CC=C1[N+](=O)[O-])OC2=CC=C(C=C2)[N+](=O)[O-],260.20
7571,COC1=CC=C(C=C1)NC2=CC=C(C=C2)OC,229.27
7573,CC(C)NC1=CC=C(C=C1)NC2=CC=CC=C2,226.32
7578,C1=CC(=CC=C1N)OC2=CC=C(C=C2)Cl,219.66
7589,CCC(C)NC1=CC=C(C=C1)NC(C)CC,220.35
7592,CC(=O)CC(=O)NC1=CC=CC=C1,177.20
7595,C1=CC=C(C=C1)NC(=O)NC2=CC=CC=C2,212.25
7638,C1=CC=C(C=C1)COC2=CC=C(C=C2)O,200.23
7693,C1=CC(=CC=C1N=C=O)Cl,153.56
7807,C1=CC(=CC=C1N)Br,172.02
7812,C1=CC(=CC=C1N)Cl,127.57
7813,CC1=CC=C(C=C1)N,107.15
7828,C(COC(=O)Cl)OCCOC(=O)Cl,231.03
7946,CC(COC)OC(=O)C,132.16
8010,C(C#N)C#N,66.06
8111,C(CNCCN)N,103.17
8152,CCCCCCCCCCCC[N+](C)(C)C.[Cl-],263.89
8155,CCCCCCCCCCCCCCCCCC[N+](C)(C)C.[Cl-],348.0
8180,CCCCCCCCCCC(=O)O,186.29
8187,C=CCCCCCCCCC=O,168.28
8225,CCC(=O)O[C@H]1CC[C@@H]2[C@@]1(CC[C@H]3[C@H]2CCC4=C3C=CC(=C4)OC(=O)CC)C,384.5
8227,CCCCC(CC)CN1C(=O)C2C3CC(C2C1=O)C=C3,275.4
8247,CC(=O)NNC1=CC=CC=C1,150.18
8289,C1=CC=C(C=C1)OP(=O)(OC2=CC=CC=C2)OC3=CC=CC=C3,326.3
8293,COP(=S)(OC)OC1=CC=C(C=C1)S(=O)(=O)N,297.3
8305,C1=CC(=CC=C1S(=O)(=O)C2=CC(=C(C=C2Cl)Cl)Cl)Cl,356.0
8369,CC1=C(C(=O)C=CO1)O,126.11
8371,C1(=C(C(=O)C(=C(C1=O)Cl)Cl)Cl)Cl,245.9
8380,CCCCCCCCCCOC(=O)C1=CC=CC=C1C(=O)OCCCCCCCC,418.6
8407,C1=CC=C(C=C1)NC2=CC=CC=C2[N+](=O)[O-],214.22
8411,COC1=C(C=CC(=C1)C2=CC(=C(C=C2)N)OC)N,244.29
8413,CC1=C(C=CC(=C1)C2=CC(=C(C=C2)N)C)N,212.29
8425,C1=CC=C(C=C1)CC2=C(C=CC(=C2)Cl)O,218.68
8433,C1=CC=C(C=C1)C(=O)CC(=O)C2=CC=CC=C2,224.25
8442,CCCCCCCCS(=O)C(C)CC1=CC2=C(C=C1)OCO2,324.5
8455,CCC(C)(C)C1=CC(=C(C=C1)O)C(C)(C)CC,234.38
8492,C1=CC(=C(C=C1[N+](=O)[O-])Cl)N,172.57
8540,C1CCC(CC1)C2=C(C(=CC(=C2)[N+](=O)[O-])[N+](=O)[O-])O,266.25
8550,CO[C@H]1[C@@H](C[C@@H]2CN3CCC4=C([C@H]3C[C@@H]2[C@@H]1C(=O)OC)NC5=CC=CC=C45)OC(=O)C6=CC(=C(C(=C6)OC)OC)OC,578.7
8561,CCCCCOC(=O)C1=CC=CC=C1C(=O)OCCCCC,306.4
8569,COC1=CC(=C(C=C1)C(=O)C2=CC=CC=C2O)O,244.24
8570,COC1=CC(=C(C=C1)C(=O)C2=C(C=C(C=C2)OC)O)O,274.27
8571,C1=CC(=C(C=C1O)O)C(=O)C2=C(C=C(C=C2)O)O,246.21
8572,C1=CC=C(C=C1)C(=O)C2=C(C=C(C=C2)O)O,214.22
8607,C1=CC=C2C(=C1)C(=O)N(C2=O)SC(Cl)(Cl)Cl,296.6
8609,C1=CC=C(C=C1)OC(=O)C2=C(C=C(C=C2)N)O,229.23
8615,C1=CC=C(C=C1)CCOC(=O)C2=CC=CC=C2N,241.28
8633,CC1CCC(C(C1)OC(=O)C2=CC=CC=C2N)C(C)C,275.4
8663,C1=CC=C2C=C(C=CC2=C1)O,144.17
8679,C1=CC=C(C=C1)NC2=CC3=CC=CC=C3C=C2,219.28
8689,C1=CC=C(C=C1)NN=NC2=CC=CC=C2,197.24
8691,C1=CC=C(C=C1)N=NC2=C(N=C(C=C2)N)N.Cl,249.70
8749,CN(C)C1=CC=C(C=C1)N=O,150.18
8765,C1=CC(=CC=C1N)SC2=CC=C(C=C2)N,216.30
8805,CC(=O)NC1=CC=C(C=C1)C(=O)CCl,211.64
8813,C1=CC(=CC=C1C(=N)N)OCCCCCOC2=CC=C(C=C2)C(=N)N.C(CS(=O)(=O)O)O.C(CS(=O)(=O)O)O,592.7
8816,CCCCCCCCCCCCCCCC[N+]1=CC=CC=C1.[Br-],384.4
8846,CCCCOC(=O)C=C,128.17
8955,CC(=O)[C@H]1CC[C@@H]2[C@@]1(CC[C@H]3[C@H]2CC=C4[C@@]3(CC[C@@H](C4)O)C)C,316.5
9046,C[C@]12CC[C@H]3[C@H]([C@@H]1CC[C@]2(C#C)O)CCC4=C3C=CC(=C4)OC5CCCC5,364.5
9051,CC(=O)[C@H]1CC[C@@H]2[C@@]1(CC[C@@H]3[C@H]2C=CC4=CC(=O)CC[C@@]34C)C,312.4
9074,C1=CC=C(C=C1)NC2=CC=C(C=C2)N=O,198.22
9117,C1=CC2=C3C(=C1)C4=CC=CC5=C4C6=C(C=C5)C=CC(=C36)C=C2,276.3
9128,C1=CC=C2C(=C1)C3=CC=CC4=C3C5=C(C=CC=C25)C=C4,252.3
9153,C1=CC=C2C3=C4C(=CC=C3)C5=CC=CC=C5C4=CC2=C1,252.3
9154,C1=CC=C2C(=C1)C3=CC=CC4=C3C2=CC=C4,202.25
9270,CC(=O)O[C@H]1CC[C@@H]2[C@H]3CC[C@]4([C@H]([C@@H]3CCC2=C1)CC[C@]4(C#C)OC(=O)C)C,384.5
9275,CCCCC(CC)COP(=O)(O)OCC(CC)CCCC,322.42
9298,COP(=S)(OC)OC1=CC(=C(C=C1Cl)Cl)Cl,321.5
9300,CC(C)(C)C1=CC(=C(C=C1)OP(=O)(NC)OC)Cl,291.71
9324,CC(=O)[C@]1(CC[C@@H]2[C@@]1(CC[C@H]3[C@H]2C=C(C4=CC(=O)CC[C@]34C)Cl)C)OC(=O)C,404.9
9370,C1=C(C=C(C(=C1I)O)I)[N+](=O)[O-],390.90
9395,CCOP(=O)(OCC)OC1=CC=C(C=C1)[N+](=O)[O-],275.19
9403,C[C@]12CC[C@H]3[C@H]([C@@H]1CC[C@@H]2OC(=O)CCC4CCCC4)CCC5=C3C=CC(=C5)O,396.6
9444,C1=NC(=NC(=O)N1[C@H]2[C@@H]([C@@H]([C@H](O2)CO)O)O)N,244.20
9454,CC1=C(C(=O)OC2=C1C=CC(=C2)OP(=O)(OCCCl)OCCCl)Cl,415.6
9462,C1=CC(=CC=C1C2=CC=C(C=C2)F)N,187.21
9502,CN(C(=O)NC1=CC(=C(C=C1)Cl)Cl)OC,249.09
9554,C(=O)(C(C(C(C(C(C(C(F)(F)F)(F)F)(F)F)(F)F)(F)F)(F)F)(F)F)O,414.07
9555,C(=O)(C(C(C(C(C(C(C(C(C(F)(F)F)(F)F)(F)F)(F)F)(F)F)(F)F)(F)F)(F)F)(F)F)O,514.08
9677,CCCCCCCCCC(=O)O[C@H]1CC[C@@H]2[C@@]1(CC[C@H]3[C@H]2CCC4=CC(=O)CC[C@H]34)C,428.6
9690,C1C2=CC=CC=C2C3=C1C=C(C=C3)NC(=O)C(F)(F)F,277.24
9782,C[C@H]1C[C@H]2[C@@H]3CCC4=CC(=O)C=C[C@@]4([C@]3([C@H](C[C@@]2([C@]1(C(=O)CO)O)C)O)F)C,392.5
9786,C1=CC=C(C=C1)[Sn](C2=CC=CC=C2)(C3=CC=CC=C3)F,369.0
9787,C[C@@]1(C(=O)N2[C@H](C(=O)N3CCC[C@H]3[C@@]2(O1)O)CC4=CC=CC=C4)NC(=O)[C@H]5CN([C@@H]6CC7=CNC8=CC=CC(=C78)C6=C5)C.C[C@@]1(C(=O)N2[C@H](C(=O)N3CCC[C@H]3[C@@]2(O1)O)CC4=CC=CC=C4)NC(=O)[C@H]5CN([C@@H]6CC7=CNC8=CC=CC(=C78)C6=C5)C.[C@@H]([C@H](C(=O)O)O)(C(=O)O)O,1313.4
9878,C[C@H]1C[C@H]2[C@@H]3CC[C@@]([C@]3(C[C@@H]([C@@]2([C@@]4(C1=CC(=O)C=C4)C)F)O)C)(C(=O)C)O,376.5
9880,CC(=O)[C@]1(CC[C@@H]2[C@@]1(CC[C@H]3[C@H]2C=C(C4=CC(=O)[C@@H]5C[C@@H]5[C@]34C)Cl)C)OC(=O)C,416.9
9904,C[C@]12CC[C@H]3[C@H]([C@@H]1CC[C@@H]2O)CCC4=CC(=O)CC[C@H]34,274.4
9958,CC1=CC(=C(C=C1)O)O,124.14
10114,C[C@]12CC[C@](C[C@H]1C3=CC(=O)[C@@H]4[C@]5(CC[C@@H](C([C@@H]5CC[C@]4([C@@]3(CC2)C)C)(C)C)O)C)(C)C(=O)O,470.7
10140,C[C@H](CCC(=O)NCC(=O)O)[C@H]1CC[C@@H]2[C@@]1([C@H](C[C@H]3[C@H]2[C@@H](C[C@H]4[C@@]3(CC[C@H](C4)O)C)O)O)C,465.6
10204,C[C@]12CC[C@H]3[C@H]([C@@H]1CC[C@H]2O)CCC4=CC(=O)CC[C@]34C,288.4
10208,CC1=CC2=C(C(=C1)O)C(=O)C3=C(C2=O)C=CC=C3O,254.24
10212,CC(=CCOC1=C2C(=CC3=C1OC=C3)C=CC(=O)O2)C,270.28
10219,CC[C@H]1CN2CCC3=CC(=C(C=C3[C@@H]2C[C@@H]1C[C@@H]4C5=CC(=C(C=C5CCN4)OC)OC)OC)OC,480.6
10234,CCC(C)C1=C(C(=CC(=C1)[N+](=O)[O-])[N+](=O)[O-])OC(=O)C=C(C)C,322.31
10239,C1=CC=C(C=C1)C2=NC3=CC=CC=C3C(=C2O)C(=O)O,265.26
10303,CN(C)C1=CC=C(C=C1)N=NC2=CC=CC=C2C(=O)O,269.30
10308,C1CC2=CC=CC=C2NC3=CC=CC=C31,195.26
10377,CCCCCC1=CC(=CC(=C1)O)O,180.24
10382,C1=CC=C(C=C1)NC(=O)CS,167.23
10474,[C-]#N.[C-]#N.[K+].[Ag+],199.00
10522,CCOC(=O)C(C1=CC=C(C=C1)Cl)(C2=CC=C(C=C2)Cl)O,325.2
10531,C[C@@]1(C(=O)N2[C@H](C(=O)N3CCC[C@H]3[C@@]2(O1)O)CC4=CC=CC=C4)NC(=O)[C@@H]5C[C@H]6[C@@H](CC7=CNC8=CC=CC6=C78)N(C5)C,583.7
10607,COC1=CC(=CC(=C1OC)OC)[C@H]2[C@@H]3[C@H](COC3=O)[C@H](C4=CC5=C(C=C24)OCO5)O,414.4
10631,C[C@H]1C[C@@H]2[C@H](CC[C@]3([C@H]2CC[C@@]3(C(=O)C)O)C)[C@@]4(C1=CC(=O)CC4)C,344.5
10633,C[C@]12CCC(=O)C[C@@H]1CC[C@@H]3[C@@H]2CC[C@]4([C@H]3CC[C@]4(C)O)C,304.5
10634,C[C@]12CC[C@H]3[C@H]([C@@H]1CC[C@@H]2O)CC=C4[C@@]3(CC[C@@H](C4)O)C,290.4
10635,C[C@]12CCC(=O)C[C@@H]1CC[C@@H]3[C@@H]2CC[C@]4([C@H]3CC[C@@H]4O)C,290.4
10680,C1=CC=C(C=C1)C2=CC(=O)C3=CC=CC=C3O2,222.24
10707,C1=CC=C(C(=C1)[N+](=O)[O-])[N+](=O)[O-],168.11
10771,C1=CC=C(C=C1)N=NC2=C(C=C(C=C2)N)N.Cl,248.71
10824,COC1=CC=CC(=C1)N,123.15
10830,C1CCN(CC1)CC(COC(=O)NC2=CC=CC=C2)OC(=O)NC3=CC=CC=C3.Cl,433.9
10868,C1CCC(CC1)N=C=NC2CCCCC2,206.33
10894,C1=CC(=CC=C1O)I,220.01
11033,C1=CC(=CC=C1N)S(=O)(=O)NC(=O)N,215.23
11057,CN(C)C1=CC=C(C=C1)C(=C2C=CC(=[N+](C)C)C=C2)C3=CC=C(C=C3)N(C)C.[Cl-],408.0
11065,CN(C)CCC=C1C2=CC=CC=C2CCC3=CC=CC=C31.Cl,313.9
11080,C1=CC=C2C(=C1)C=CC=C2N=C=S,185.25
11104,COC1=CC=CC=C1OC(=O)OC2=CC=CC=C2OC,274.27
11232,CC1=CC(=CC=C1)OP(=O)(OC2=CC=CC(=C2)C)OC3=CC=CC(=C3)C,368.4
11247,CC(=O)[O-].[Tl+],263.43
11273,C[C@]12CCC(=O)C(=C1CC[C@@H]3[C@@H]2CC[C@]4([C@H]3CCC4=O)C)O,302.4
11289,COC1=CC=C(C=C1)C(=C(C2=CC=C(C=C2)OC)Cl)C3=CC=C(C=C3)OC,380.9
11309,C1=CC=C2C(=C1)C=C(C3=CC=CC=C23)Br,257.12
11313,C1=CC=C2C(=C1)C(=CC(=C2N)N=NC3=CC=C(C=C3)C4=CC=C(C=C4)N=NC5=C(C6=CC=CC=C6C(=C5)S(=O)(=O)[O-])N)S(=O)(=O)[O-].[Na+].[Na+],696.7
11350,C1=CC=C(C=C1)C(CC2=CC(=C(C(=C2)I)O)I)C(=O)O,494.06
11356,CC1=CC(=C(C=C1)[N+](=O)[O-])N,152.15
11381,C1=CC=C(C=C1)C2=CC(=CC=C2)O,170.21
11442,CC1=C(C(=O)CC1OC(=O)C2C(C2(C)C)C=C(C)C)CC=C,302.4
11488,C1=CC=C(C=C1)[Hg]C2=CC=CC=C2,354.80
11571,C1=C(C=C(C=C1Cl)Cl)O,163.00
11683,CC1=C[C@@H]2[C@H](CC[C@]3([C@H]2CC[C@@]3(C(=O)C)OC(=O)C)C)[C@@]4(C1=CC(=O)CC4)C,384.5
11742,CC(C)(C1=CC=CC=C1)C2=CC=C(C=C2)O,212.29
11764,C1=CC2=C(C(=C1)[N+](=O)[O-])C(=CC=C2)[N+](=O)[O-],218.17
11767,C1=CC=C2C(=C1)C=C3C=CC=CC3=C2[N+](=O)[O-],223.23
11769,C1CC2=CC=C(C3=CC=CC1=C23)[N+](=O)[O-],199.20
11774,C1=CC=C(C=C1)[Bi](C2=CC=CC=C2)C3=CC=CC=C3,440.3
11818,C1=CC=C2C(=C1)C=C(C=C2[N+](=O)[O-])[N+](=O)[O-],218.17
11831,C1C2=CC=CC=C2C3=C1C=C(C=C3)[N+](=O)[O-],211.22
11859,C1=C(C=C(C(=C1Cl)Cl)Cl)O,197.4
11862,C1=C(C=C(C(=C1I)O)I)I,471.80
11883,CC1=CC(=C(C=C1)[N+](=O)[O-])[N+](=O)[O-],182.13
11933,C1=CC(=C(C=C1C2=CC(=C(C=C2)N)Cl)Cl)N.Cl.Cl,326.0
12443,C12=C(C(=C(C(=C1Br)Br)Br)Br)C(=O)OC2=O,463.70
12449,CCN(CC)C1=CC=C(C=C1)C(=C2C=CC(=[N+](CC)CC)C=C2)C3=CC=CC=C3.OS(=O)(=O)[O-],482.6
12540,C1=CC=C(C=C1)[Sn](C2=CC=CC=C2)(C3=CC=CC=C3)Cl,385.5
12688,CCCC[Sn](CCCC)(Cl)Cl,303.84
12870,C1=CC=C(C=C1)C(=O)C2=C(C=CC(=C2)Cl)N,231.68
12902,CC(C)(C)C1=CC(=C(C(=C1)C(C)(C)C)O)C(C)(C)C,262.4
12932,CC(C)OP(=S)(OC(C)C)SCCNS(=O)(=O)C1=CC=CC=C1,397.5
12955,C[Sn](C)(Cl)Cl,219.68
13081,CCOP(=S)(OCC)SCSC1=CC=C(C=C1)Cl,342.9
13089,C1=CC=C(C(=C1)C(C2=CC=C(C=C2)Cl)C(Cl)(Cl)Cl)Cl,354.5
13109,CC[C@]12CC[C@H]3[C@H]([C@@H]1CC[C@]2(C#C)O)CCC4=CC(=O)CC[C@H]34,312.4
13231,C1=C(C=C(C(=C1Br)N)Br)[N+](=O)[O-],295.92
13254,C1=CC=C(C=C1)OC2=CC=C(C=C2)O,186.21
13271,C1=CC=C(C=C1)NC2=CC=C(C=C2)[N+](=O)[O-],214.22
13283,CC1=C(C=CC(=C1)CC2=CC(=C(C=C2)N)C)N,226.32
13297,C1=CC=C(C=C1)N=NC2=C(C=CC3=CC=CC=C32)O,248.28
13428,C1=C(C(=C(C(=C1Cl)Cl)Cl)Cl)[N+](=O)[O-],260.9
13493,CCN(CC)CCN1C2=C(C=C(C=C2)[N+](=O)[O-])N=C1CC3=CC=C(C=C3)OCC,396.5
13514,CC(=O)C(Cl)(Cl)Cl,161.41
13530,C(C(=O)C(Cl)Cl)Cl,161.41
13636,C1=C(C(=C(C(=C1Cl)Cl)O)Cl)Cl,231.9
13708,COP(=O)(OC)OC1=CC=C(C=C1)[N+](=O)[O-],247.14
13709,COC1=NN(C(=O)S1)CSP(=S)(OC)OC,302.3
13765,CC[C@@]1(CC[C@@H]2[C@@]1(CC[C@H]3[C@H]2CCC4=CCCC[C@H]34)C)O,288.5
13783,CCC(C)C1=C(C(=CC(=C1)[N+](=O)[O-])[N+](=O)[O-])OC(=O)OC(C)C,326.30
13789,C[C@]12CCC(=O)C=C1C=C[C@@H]3[C@@H]2CC[C@]4([C@H]3CC[C@@]45CCC(=O)O5)C,340.5
13791,CCCCC(=O)O[C@H]1CC[C@@H]2[C@@]1(CC[C@H]3[C@H]2CCC4=C3C=CC(=C4)O)C,356.5
13806,CCNC1=CC2=C(C=C1C)C(=C3C=C(C(=[NH+]CC)C=C3O2)C)C4=CC=CC=C4C(=O)OCC.[Cl-],479.0
13905,CCNC1=NC(=NC(=N1)SC)NCC,213.31
13940,C1C2C(COS(=O)(=O)O1)C3(C(=C(C2(C3(Cl)Cl)Cl)Cl)Cl)Cl,422.9
14050,CCCCC(CC)COP(=O)(O)O,210.21
14127,CCCCCCOC(=O)C1=CC=C(C=C1)O,222.28
14138,CCCCCCCOC(=O)C1=CC=C(C=C1)O,236.31
14145,CN(C)S(=O)(=O)N(C1=CC=CC=C1)SC(F)(Cl)Cl,333.2
14249,CCCCCCCCCCCC[N+](C)(C)C.[Br-],308.34
14250,CCCCCCCCCCCCCC[N+](C)(C)C.[Br-],336.4
14257,CCCCCCCCCCC,156.31
14425,CCCCCCCCCCCCOC(=O)C1=CC(=C(C(=C1)O)O)O,338.4
14589,C1CC2=CC=CC=C2C(=O)C3=CC=CC=C31,208.25
14642,CCCCCCCCOC(=O)C1=CC=C(C=C1)O,250.33
14708,C[C@]12CC[C@H]3[C@H]([C@@H]1CC[C@]2(C)O)CC[C@@H]4[C@@]3(CC5=NON=C5C4)C,330.5
14709,CC(=O)O[C@H]1CC[C@@]2([C@H]3CC[C@]4([C@H]([C@@H]3CC=C2C1)CCC4=O)C)C,330.5
14710,CC[N+]1=C2C=C(C=CC2=C3C=CC(=CC3=C1C4=CC=CC=C4)N)N.[Br-],394.3
14716,CCCCC(CC)COP(=O)(OC1=CC=CC=C1)OC2=CC=CC=C2,362.4
14743,C[C@]12CC[C@H]3[C@H]([C@@H]1CC[C@@H]2OC(=O)CCC4=CC=CC=C4)CCC5=CC(=O)CC[C@]35C,420.6
14888,[O-2].[O-2].[O-2].[As+3].[As+3],197.841
14994,CC(C)(C)C1=C(C(=CC(=C1)[N+](=O)[O-])[N+](=O)[O-])O,240.21
15032,CC(=O)[C@H]1[C@@H](C[C@@H]2[C@@]1(CC[C@H]3[C@H]2CC=C4[C@@]3(CC[C@@H](C4)O)C)C)C#N,341.5
15206,C(C(CBr)(CBr)CBr)O,324.84
15412,CCCCN(CCCC)C(=S)SSC(=S)N(CCCC)CCCC,408.8
15529,C1=CC=C(C=C1)N=NC2=CC=C(C=C2)O,198.22
15530,C1=C(C=C(C(=C1I)O)I)C#N,370.91
15531,C1=C(C=C(C(=C1Br)O)Br)C#N,276.91
15533,CCCCCCCC(=O)OC1=C(C=C(C=C1Br)C#N)Br,403.11
15588,C1=CC(=CC=C1N=NC2=CC(=C(C=C2)O)C(=O)O)[N+](=O)[O-],287.23
15730,CCCCCCCCC1=CC=C(C=C1)O,206.32
15752,C1=C(C=C(C(=C1[N+](=O)[O-])N)Br)[N+](=O)[O-],262.02
15787,C1=CC(=CC=C1[N+](=O)[O-])OC2=C(C=C(C=C2)Cl)Cl,284.09
15797,CCCCCCCCOC1=CC(=C(C=C1)C(=O)C2=CC=CC=C2)O,326.4
15910,C(#N)C1=C(C(=C(C(=C1Cl)Cl)Cl)C#N)Cl,265.9
15969,COC(=O)NC1=CC(=C(C=C1)Cl)Cl,220.05
16033,CC(C)(C)C1=CC=C(C=C1)OC2CCCCC2O,248.36
16043,CC(C)(C)C1=C(C=CC(=C1)O)O,166.22
16115,CN(C)C(=O)NC1=CC=C(C=C1)OC2=CC=C(C=C2)Cl,290.74
16143,CCCCCCCC1=CC=C(C=C1)O,192.30
16158,C[C@@H]1C[C@H]2C3C[C@@H](C4=CC(=O)C=CC4([C@]3([C@H](CC2([C@]1(C(=O)COC(=O)C(C)(C)C)O)C)O)F)C)F,494.6
16248,CC1=CC(=CC(=C1SC)C)OC(=O)NC,225.31
16362,C1CN(CCC1N2C3=CC=CC=C3NC2=O)CCCC(C4=CC=C(C=C4)F)C5=CC=C(C=C5)F,461.5
16420,C1=CC(=CC=C1C2=CSC(=N2)N)[N+](=O)[O-],221.24
16421,CCOP(=S)(C1=CC=CC=C1)OC2=CC=C(C=C2)[N+](=O)[O-],323.31
16422,COP(=S)(OC)OC1=CC(=C(C=C1Cl)Br)Cl,366.00
16490,C[C@@H]1C[C@H]2[C@@H]3C[C@@H](C4=CC(=O)C=C[C@@]4([C@]3([C@H](C[C@@]2([C@]1(C(=O)CO)O)C)O)F)C)F,410.5
16533,CCCCC(=O)O[C@@]1([C@H](C[C@@H]2[C@@]1(C[C@@H]([C@]3([C@H]2CCC4=CC(=O)C=C[C@@]43C)F)O)C)C)C(=O)CO,476.6
16560,CC(=C)C(=O)NC1=CC(=C(C=C1)Cl)Cl,230.09
16574,CC(=O)OC[C@@H]1[C@H]([C@H]([C@@H](O1)N2C(=O)NC(=O)C=N2)OC(=O)C)OC(=O)C,371.30
16685,C1=CC(=CC=C1SC2=CC(=C(C=C2Cl)Cl)Cl)Cl,324.0
16719,C1=CC=C2C(=C1)C(=CC=C2N)N,158.20
16752,C[C@@H]1C[C@H]2[C@@H]3CCC4=CC(=O)C=C[C@@]4([C@]3([C@H](C[C@@]2([C@]1(C(=O)COC(=O)C5=CC=NC=C5)O)C)O)F)C,497.6
16961,C[C@@H]1C[C@H]2[C@@H]3CCC4=CC(=O)C=C[C@@]4([C@]3([C@H](C[C@@]2([C@]1(C(=O)COP(=O)([O-])[O-])O)C)O)F)C.[Na+].[Na+],516.4
17038,C1C=CCC2C1C(=O)N(C2=O)SC(C(Cl)Cl)(Cl)Cl,349.1
17113,CC1=CC(=C(C=C1)O)N2N=C3C=CC=CC3=N2,225.25
17142,C1C(O1)CN2C(=O)N(C(=O)N(C2=O)CC3CO3)CC4CO4,297.26
17170,CN(C)C1=CC=C(C=C1)C(=N)C2=CC=C(C=C2)N(C)C.Cl,303.8
17201,C1=CC(=CC(=C1)OC2=CC=C(C=C2)N)OC3=CC=C(C=C3)N,292.3
17231,CCCCCCCCOC1=CC=C(C=C1)C(=O)O,250.33
17241,CCOP(=S)(OCC)SCCS(=O)(=O)CC,306.4
17273,CC(=O)O[C@@H]1CC2C3CCC4=C(C3CCC2([C@H]1OC(=O)C)C)C=CC(=C4)OC(=O)C5=CC=CC=C5,476.6
17279,C1=CC=C2C(=C1)C=C(C3=CC=CC=C23)C#N,203.24
17321,CC1=CC2=C(C=C1)C3=CC=CC=C3C=C2,192.25
17435,CCOC(=O)C(C1=CC=CC=C1)SP(=S)(OC)OC,320.4
17531,CCOP(=S)(OCC)SCN1C(=O)C2=CC=CC=C2N=N1,345.4
17533,C1=CC(=CC=C1C(CO)C2=CC=C(C=C2)Cl)Cl,267.1
17569,CCCCCCCCCCCCOC(=O)C1=CC=C(C=C1)O,306.4
17570,C1=CC(=CC=C1O)SC2=CC=C(C=C2)O,218.27
17599,C1=CC=C2C(=C1)C3=C4C2=CC=CC4=C(C=C3)N,217.26
17693,C1CC1C(=O)NC2=CC(=C(C=C2)Cl)Cl,230.09
17701,CC[Sn](CC)(CC)Br,285.80
17811,CC1=CC(=C(C=C1)O)N=NC2=CC=C(C=C2)NC(=O)C,269.30
17818,CC1=C(C=C(C=C1)N)O,123.15
17931,CN1C(=S)CN=C(C2=C1C=CC(=C2)Cl)C3=CC=CC=C3,300.8
18529,C1CC(C(CCC(C(CCC(C1Br)Br)Br)Br)Br)Br,641.7
18725,CCCCC(CC)COC(=O)C1=CC(=C(C=C1)C(=O)OCC(CC)CCCC)C(=O)OCC(CC)CCCC,546.8
18728,C1CC(C(CC1C(CBr)Br)Br)Br,427.80
18771,C1=CC=C2C(=C1)C(=O)C3=C(C2=O)SC(=C(S3)C#N)C#N,296.3
18980,C1=CC=C2C(=C1)C(=NC2=N)N,145.16
19042,C=CC(=O)OCC(CO)(COC(=O)C=C)COC(=O)C=C,298.29
19079,CCCCCCCCSCCO,190.35
19113,CNC(=O)NC1=CC(=C(C=C1)Cl)Cl,219.06
19283,CCCCCCCCCCCOC(=O)C1=CC=CC=C1C(=O)OCCCCCCCCCCC,474.7
19402,C1=CC=C(C=C1)C(C2=CC=C(C=C2)Cl)C(=O)C3C(=O)C4=CC=CC=C4C3=O,374.8
19571,CCC(=O)O[C@H]1CC[C@@H]2[C@@]1(CC[C@H]3[C@H]2CCC4=C3C=CC(=C4)O)C,328.4
19587,CC(C#C)N(C)C(=O)NC1=CC=C(C=C1)Cl,236.70
19658,C1=CC(=S)N(C=C1)[O-].[Na+],149.15
19996,C=CC(=O)OCCOCCOC(=O)C=C,214.21
20083,CCCCCCC(C)O,130.23
20113,CC(C)(C1=CC(=C(C(=C1)Br)OCCO)Br)C2=CC(=C(C(=C2)Br)OCCO)Br,632.0
20167,C1=CC=C(C=C1)C(=O)OCC(COC(=O)C2=CC=CC=C2)(COC(=O)C3=CC=CC=C3)COC(=O)C4=CC=CC=C4,552.6
20240,CC(C)COC(=O)C1=CC=C(C=C1)O,194.23
20395,CCC(C1=CC=CC=C1)C(=O)OCCN2CCOC(C2C)C3=CC=CC=C3,367.5
20469,C[C@H]1C[C@H]2[C@@H]3CCC4=CC(=O)C=C[C@@]4([C@]3([C@H](C[C@@]2([C@]1(C(=O)CO)O)C)O)Cl)C,408.9
20701,CCCCCCCCCCCCCCCCCC(=O)[O-].C(CO)[NH+](CCO)CCO,433.7
20708,CCCCCCCCCCCCCC[N+](C)(C)C.[Cl-],291.9
20848,CCCN(CCC)C1=C(C=C(C=C1[N+](=O)[O-])S(=O)(=O)C)[N+](=O)[O-],345.37
20965,CCOP(=S)(OCC)OC1=CC(=C(C=C1Cl)Br)Cl,394.0
21013,C1=C(C(=C(C(=C1Cl)Cl)Cl)Cl)O,231.9
21070,CCCCCCC(=O)O[C@H]1CC[C@@H]2[C@@]1(CC[C@H]3[C@H]2CCC4=C3C=CC(=C4)O)C,384.6
21209,C1=CC(=C(C=C1N)N)Cl,142.58
21330,CC1=C(S(=O)(=O)CCO1)C(=O)NC2=CC=CC=C2,267.30
21387,C1=CC2=C3C(=C1)C=CC4=C(C=CC(=C43)C=C2)O,218.25
21660,C1CCC(C(C1)C(=O)OCC2CO2)C(=O)OCC3CO3,284.30
21694,C1=CC2=C3C(=C1)C=CC4=C(C=CC(=C43)C=C2)[N+](=O)[O-],247.25
21700,CCC(=O)OCC(=O)[C@]1([C@H](C[C@@H]2[C@@]1(C[C@@H]([C@]3([C@H]2CCC4=CC(=O)C=C[C@@]43C)Cl)O)C)C)OC(=O)CC,521.0
21800,CCC(=O)OCC(=O)[C@]1([C@H](C[C@@H]2[C@@]1(C[C@@H]([C@]3([C@H]2CCC4=CC(=O)C=C[C@@]43C)F)O)C)C)OC(=O)CC,504.6
21804,CCOP(=O)(OCC)OC1=NC(=C(C=C1Cl)Cl)Cl,334.5
22086,COC1=C(C=C2C(=C1)C3=CC=CC=C3O2)N,213.23
22094,CC(C)OC(=O)C(C1=CC=C(C=C1)Cl)(C2=CC=C(C=C2)Cl)O,339.2
22463,C1=CC2=C(C=CC(=C2)SSC3=CC4=C(C=C3)C=C(C=C4)O)C=C1O,350.5
22571,CCCCC(CC)COC(=O)C(=C(C1=CC=CC=C1)C2=CC=CC=C2)C#N,361.5
22584,C1=CC(=C(C=C1N)Cl)N.OS(=O)(=O)O,240.67
22704,C1=CC2=C(C=C1[N+](=O)[O-])SC(=N2)N,195.20
22772,C(SC#N)SC#N,130.20
22882,C1=C(C=C(C(=C1SC2=C(C(=CC(=C2)Cl)Cl)[O-])[O-])Cl)Cl.[Na+].[Na+],400.0
23019,CCCCCOC(=O)C1=CC=C(C=C1)O,208.25
23892,C1=CC(=C(C=C1C2=CC(=C(C=C2)N)N)N)N.Cl.Cl.Cl.Cl,360.1
24007,O=[Se]=O,110.97
24321,C1=CC=C(C=C1)CN(CC2=CC=CC=C2)CC3=CC=CC=C3,287.4
24466,CC1=C(C(=NC(=N1)N)N)C2=CC(=C(C=C2)Cl)Cl,269.13
24633,[Cl-].[Cl-].[Cd+2],183.32
24814,Cl[Sb](Cl)Cl,228.11
24937,[N+](=O)([O-])[O-].[Tl+],266.39
25015,C[C@]12C=CC3=C4CCC(=O)C=C4CC[C@H]3[C@@H]1CC[C@@H]2O,270.4
25146,CCOP(=S)(OCC)SC(CCl)N1C(=O)C2=CC=CC=C2C1=O,393.8
25249,C[C@]12CC[C@H]3[C@H]([C@@H]1CC[C@]2(C)O)CC[C@@H]4[C@@]3(CC5=C(C4)NN=C5)C,328.5
25644,C=CC(=O)OCCCCCCOC(=O)C=C,226.27
25912,CN(C(=O)NC1=CC(=C(C=C1)Br)Cl)OC,293.54
26030,Cl[Au](Cl)Cl,303.32
26033,CCOC(=O)C1=CN2C(=CC(=N2)OP(=S)(OCC)OCC)N=C1C,373.37
26041,C1=CC=[N+](C(=C1)[S-])[O-].C1=CC=[N+](C(=C1)[S-])[O-].[Zn+2],317.7
26124,CCOP(=S)(OCC)OC1=NC2=CC=CC=C2N=C1,298.30
26133,CCCC(=O)O[C@@]1(CC[C@@H]2[C@@]1(C[C@@H]([C@H]3[C@H]2CCC4=CC(=O)CC[C@]34C)O)C)C(=O)CO,432.5
26176,CC(CCl)OP(=O)(OC(C)CCl)OC(C)CCl,327.6
26177,C(C(CCl)OP(=O)(OC(CCl)CCl)OC(CCl)CCl)Cl,430.9
26295,C1=CC=C(C=C1)OC2=CC=CC(=C2)CO,200.23
26391,CC(=O)OC1=CC=C(C=C1)C2(C(=O)NC3=CC=CC=C3O2)C4=CC=C(C=C4)OC(=O)C,417.4
26633,CCN(CC)C(=S)[S-].CCN(CC)C(=S)[S-].[Zn+2],361.9
27189,CCN(CC)C(=O)C(C)OC1=CC=CC2=CC=CC=C21,271.35
27195,C1=CC=C(C=C1)NC(=O)C2=CC=CC=C2I,323.13
27211,C1C2=CC=CC=C2N(C1=O)C3=C(C=CC=C3Cl)Cl,278.1
27295,C1=CC(=CC=C1[N+](=O)[O-])OC2=C(C=C(C=C2)C(F)(F)F)[N+](=O)[O-],328.20
27423,CCC(COC(=O)C=C)(COC(=O)C=C)COC(=O)C=C,296.31
27465,C1=C(C(=CC(=C1Cl)N)Cl)C2=CC(=C(C=C2Cl)N)Cl,322.0
27582,C1=CC(=C(C(=C1O)Cl)Cl)Cl,197.4
27812,CC[C@]12C=CC3=C4CCC(=O)C=C4CC[C@H]3[C@@H]1CC[C@]2(C#C)O,308.4
27882,CC1=C(C=C(C=C1)N)OC,137.18
28292,CCOP(=O)(SC1=CC=CC=C1)SC2=CC=CC=C2,310.4
28308,C1=CC=C2C=C3C=C(C=CC3=CC2=C1)Cl,212.67
28417,C[C@]12CC[C@H]3[C@H]([C@@H]1CC[C@]2(C#C)O)CCC4=CC5=C(C[C@]34C)C=NO5,337.5
28767,CN(CCCOC1=C(C=C(C=C1)Cl)Cl)CC#C.Cl,308.6
28768,C1=CC(=CN=C1)C(C2=CC=C(C=C2)Cl)(C3=CC=C(C=C3)Cl)O,330.2
28803,C=CC(=O)OCCOCCOCCOCCOC(=O)C=C,302.32
28935,COP(=S)(OC)OC1=CC(=C(C=C1Cl)I)Cl,413.00
29216,CNC(=O)N(C)C1=NC2=CC=CC=C2S1,221.28
29354,CCCCCCOC1=CC=C(C=C1)O,194.27
29393,CCCN(CCC)C1=C(C=C(C=C1[N+](=O)[O-])S(=O)(=O)N)[N+](=O)[O-],346.36
29732,CC(C)OC1=C(C=C(C(=C1)N2C(=O)OC(=N2)C(C)(C)C)Cl)Cl,345.2
29872,C1=CC2=C(C(=C1)Cl)N=C(S2)N,184.65
30323,C[C@H]1[C@H]([C@H](C[C@@H](O1)O[C@H]2C[C@@](CC3=C2C(=C4C(=C3O)C(=O)C5=C(C4=O)C(=CC=C5)OC)O)(C(=O)C)O)N)O,527.5
30630,CC1(C2=C(C=CC(=C2)Br)NC(=O)O1)C,256.10
30692,C1=CC=C2C(=C1)N=C(S2)SCSC#N,238.4
30709,COP(=S)(C1=CC=CC=C1)OC2=CC(=C(C=C2Cl)Br)Cl,412.1
31070,CCOP(=O)(NC(C)C)OC1=CC(=C(C=C1)SC)C,303.36
31100,CC(C)C[C@H]1C(=O)N2CCC[C@H]2[C@]3(N1C(=O)[C@](O3)(C(C)C)NC(=O)[C@H]4CN([C@@H]5CC6=C(NC7=CC=CC(=C67)C5=C4)Br)C)O.CS(=O)(=O)O,750.7
31101,CC(C)C[C@H]1C(=O)N2CCC[C@H]2[C@]3(N1C(=O)[C@](O3)(C(C)C)NC(=O)[C@H]4CN([C@@H]5CC6=C(NC7=CC=CC(=C67)C5=C4)Br)C)O,654.6
31200,CC1=C(C=CC(=C1)OP(=S)(OC)OC)[N+](=O)[O-],277.24
31208,C1=CC=C(C=C1)NC2=CC=C(C=C2)O,185.22
31239,CCCCCCCCCCCCCCCC[N+]1=CC=CC=C1.[Cl-],340.0
31280,CCCCCCCCCCCCCCCC[N+](C)(C)CC.[Br-],378.5
31307,C[C@]12C[C@@H]([C@]3([C@H]([C@@H]1C[C@H]([C@@]2(C(=O)CO)O)O)CCC4=CC(=O)C=C[C@@]43C)F)O,394.4
31315,C1=CC=C2C(=C1)C(C(=O)N2)(C3=CC=C(C=C3)O)C4=CC=C(C=C4)O,317.3
31356,C(C(CBr)Br)OP(=O)(OCC(CBr)Br)OCC(CBr)Br,697.6
31374,CC(=O)N(C)C,87.12
31378,C[C@]12CCC(=O)C=C1CC[C@@H]3[C@@]2([C@H](C[C@]4([C@H]3CC[C@@]4(C(=O)CO)O)C)O)F,380.4
31402,CC(=O)[C@H]1CC[C@@H]2[C@@]1(CC[C@H]3[C@H]2CC[C@H]4[C@@]3(CC[C@H](C4)O)C)C,318.5
31423,C1=CC2=C3C(=C1)C=CC4=CC=CC(=C43)C=C2,202.25
31426,CC1=C(C2=C(C=C1)C(=O)C3=CC=CC=C3C2=O)[N+](=O)[O-],267.24
31553,COC1=C(C=CC(=C1)[C@@H]2[C@H](OC3=C(O2)C=C(C=C3)[C@@H]4[C@H](C(=O)C5=C(C=C(C=C5O4)O)O)O)CO)O,482.4
31677,CCCCOCN(C1=C(C=CC=C1CC)CC)C(=O)CCl,311.8
31957,CCN(CC)C1=NC(=CC(=N1)OP(=S)(OCC)OCC)C,333.39
32154,CC(C)(C#C)NC(=O)C1=CC(=CC(=C1)Cl)Cl,256.12
32184,CCOP(=S)(OCC)OC1=NN(C=N1)C2=CC=CC=C2,313.31
32798,CCC(=O)O[C@@]1([C@H](C[C@@H]2[C@@]1(C[C@@H]([C@]3([C@H]2CCC4=CC(=O)C=C[C@@]43C)F)O)C)C)C(=O)CCl,467.0
32912,CCCCCCCCC(CCCCCC)C(=O)O,256.42
32933,CCCCCCCCCCC=CC1CC(=O)OC1=O,266.38
33133,CC1=CC(=CC(=C1)OP(=O)(OC2=CC(=CC(=C2)C)C)OC3=CC(=CC(=C3)C)C)C,410.4
33309,CC(C)OC(=O)NC1=CC2=C(C=C1)N=C(N2)C3=CSC=N3,302.35
33360,CCOC1C(C2=C(O1)C=CC(=C2)OS(=O)(=O)C)(C)C,286.35
33565,C1CN(CCN1C(C(Cl)(Cl)Cl)NC=O)C(C(Cl)(Cl)Cl)NC=O,435.0
33599,CC(C)CCCCCCCOC(=O)C1=CC=CC=C1C(=O)OCCCCCCCC(C)C,446.7
33611,CN(CCCN1C2=CC=CC=C2CCC3=CC=CC=C31)CC(=O)C4=CC=C(C=C4)Cl.Cl,455.4
33934,CC(C)CCCCCOC(=O)C1=CC=CC=C1C(=O)OCCCCCC(C)C,390.6
34192,CCN(CC)C(=O)SCC1=CC=C(C=C1)Cl,257.78
34313,CC1=C(OC(=C1C(=O)NC2=CC=CC=C2)C)C,229.27
34458,COC1=C(C2=C(CC3C4=CC5=C(C=C4CCN3C2)OCO5)C=C1)OC,339.4
34469,CCCN(CCC)C1=C(C=C(C(=C1[N+](=O)[O-])N)C(F)(F)F)[N+](=O)[O-],350.29
34697,CC(C)CCCCCCCOP(=O)(OC1=CC=CC=C1)OC2=CC=CC=C2,390.5
34757,CC1=CC2=C(C=C1C)SC(=N2)N,178.26
34870,C1CC2=CC=CC=C2C(C3=CC=CC=C31)NCCCCCCC(=O)O,337.5
35375,C1=CC=C(C(=C1)C(=O)OCCOCCO)NC2=CC=CC(=C2)C(F)(F)F,369.3
35455,CC(=CCC1C(=O)N(N(C1=O)C2=CC=CC=C2)C3=CC=CC=C3)C,320.4
36159,C1=CC(=C(C=C1Br)Br)OC2=CC(=C(C=C2Br)Br)Br,564.7
36242,CC12CC1(C(=O)N(C2=O)C3=CC(=CC(=C3)Cl)Cl)C,284.13
36314,CC1=C2[C@H](C(=O)[C@@]3([C@H](C[C@@H]4[C@]([C@H]3[C@@H]([C@@](C2(C)C)(C[C@@H]1OC(=O)[C@@H]([C@H](C5=CC=CC=C5)NC(=O)C6=CC=CC=C6)O)O)OC(=O)C7=CC=CC=C7)(CO4)OC(=O)C)O)C)OC(=O)C,853.9
36382,CCCCCCC1=CC=C(C=C1)N,177.29
36462,C[C@@H]1OC[C@@H]2[C@@H](O1)[C@@H]([C@H]([C@@H](O2)O[C@H]3[C@H]4COC(=O)[C@@H]4[C@@H](C5=CC6=C(C=C35)OCO6)C7=CC(=C(C(=C7)OC)O)OC)O)O,588.6
36606,CCCN(CCC)C1=C(C=C(C=C1[N+](=O)[O-])C(C)C)[N+](=O)[O-],309.36
36870,CCCSP(=S)(OCC)OC1=C(C=C(C=C1)Cl)Cl,345.2
37034,C1=C(C(=CC(=C1Cl)Cl)Cl)C2=CC(=C(C=C2Cl)Cl)Cl,360.9
37125,CCCSP(=S)(OCC)OC1=CC=C(C=C1)SC,322.5
37542,C1=NC(=NN1[C@H]2[C@@H]([C@@H]([C@H](O2)CO)O)O)C(=O)N,244.20
37907,CC(C)(C)C(=O)C(N1C=CN=C1)OC2=CC=C(C=C2)Cl,292.76
38037,C1=CC(=CC(=C1)Cl)C2=CC(=CC(=C2)Cl)Cl,257.5
38283,CC(=CC1C(C1(C)C)C(=O)OC(C#N)C2=CC(=CC=C2)OC3=CC=CC=C3)C,375.5
38360,CCCCCCOC1=CC=C(C=C1)N,193.28
38479,CCC(CC)NC1=C(C=C(C(=C1[N+](=O)[O-])C)C)[N+](=O)[O-],281.31
38764,CCCCCCC1=CC=C(C=C1)C2=CC=C(C=C2)C#N,263.4
38779,CCCSP(=O)(OCC)OC1=C(C=C(C=C1)Br)Cl,373.63
38884,CCCCC1=C(N=C(N=C1OS(=O)(=O)N(C)C)NCC)C,316.42
38911,CC1=CC(=O)N(C(=C1)C2CCCCC2)O.C(CO)N,268.35
39230,COC(=O)C1=C(C=CC(=C1)OC2=C(C=C(C=C2)Cl)Cl)[N+](=O)[O-],342.1
39327,CCOC1=C(C=CC(=C1)OC2=C(C=C(C=C2)C(F)(F)F)Cl)[N+](=O)[O-],361.70
39385,CC(C)(C)C(=O)C(N1C=NC=N1)OC2=CC=C(C=C2)Cl,293.75
39676,CC1(C(=O)N(C(=O)O1)C2=CC(=CC(=C2)Cl)Cl)C=C,286.11
40301,C1=CC=C(C=C1)C2=CSC(=N2)N.O.Br,275.17
40326,CC1(C(C1C(=O)OCC2=CC(=CC=C2)OC3=CC=CC=C3)C=C(Cl)Cl)C,391.3
40399,C1=CC(=C(C(=C1C(=O)C2=CC(=C(C(=C2)O)O)O)O)O)O,278.21
40520,CC(C)OC(=O)C(C)N(C1=CC(=C(C=C1)F)Cl)C(=O)C2=CC=CC=C2,363.8
40585,CC1([C@H]([C@H]1C(=O)O[C@H](C#N)C2=CC(=CC=C2)OC3=CC=CC=C3)C=C(Br)Br)C,505.2
40854,COC(=O)NC1=NC2=C(N1)C=C(C=C2)S(=O)C3=CC=CC=C3,315.3
40973,CC[C@]12CC(=C)[C@H]3[C@H]([C@@H]1CC[C@]2(C#C)O)CCC4=CCCC[C@H]34,310.5
41114,CC1=C(C(C(=C(N1)C)C(=O)OCCN(C)CC2=CC=CC=C2)C3=CC(=CC=C3)[N+](=O)[O-])C(=O)OC.Cl,516.0
41206,CC1=CC(=CC(=C1N)C)C2=CC(=C(C(=C2)C)N)C,240.34
41368,CC(C)(C)C(C(N1C=NC=N1)OC2=CC=C(C=C2)Cl)O,295.76
41384,CCCCN(CCCC)SN(C)C(=O)OC1=CC=CC2=C1OC(C2)(C)C,380.5
41463,CCCCCCCCSC(=O)OC1=CC(=NN=C1C2=CC=CC=C2)Cl,378.9
41632,CC1=CC=CC=C1C(=O)NC2=CC(=CC=C2)OC(C)C,269.34
42745,CC(CCOC(=O)C)CC(C)(C)C,186.29
42981,CCCCCCCCCCCCN1CCCCCC1=O,281.5
43079,CN1C=C(C(=O)C(=C1)C2=CC(=CC=C2)C(F)(F)F)C3=CC=CC=C3,329.3
43116,CC[C@@]1(C[C@@H]2C[C@@](C3=C(CCN(C2)C1)C4=CC=CC=C4N3)(C5=C(C=C6C(=C5)[C@]78CCN9[C@H]7[C@@](C=CC9)([C@H]([C@@]([C@@H]8N6C)(C(=O)N)O)O)CC)OC)C(=O)OC)O.OS(=O)(=O)O,852.0
43226,C1=CC=C(C(=C1)C(C2=CC=C(C=C2)Cl)(C3=CN=CN=C3)O)Cl,331.2
43231,C1=C(C(=CC(=C1N)S(=O)(=O)N)S(=O)(=O)N)C(=C(Cl)Cl)Cl,380.7
43234,CCCC1COC(O1)(CN2C=NC=N2)C3=C(C=C(C=C3)Cl)Cl,342.2
44073,C1=CC(=C(C=C1C(F)(F)F)Cl)OC2=CC(=C(C=C2)[N+](=O)[O-])C(=O)O,361.65
44368,CC1=C2C=C3C=CC4=C5C3=C(C2=CC=C1)C=CC5=CC=C4,266.3
47326,CC1(C(C1(C)C)C(=O)OC(C#N)C2=CC(=CC=C2)OC3=CC=CC=C3)C,349.4
47898,CC(C)OC1=CC=CC(=C1)NC(=O)C2=CC=CC=C2C(F)(F)F,323.31
47938,CCOC(=O)C(C)OC1=CC=C(C=C1)OC2=NC3=C(O2)C=C(C=C3)Cl,361.8
48229,C1=CC=C2C(=C1)C(OC2=O)OC(=O)C3=C(N=CC=C3)NC4=CC=CC(=C4)C(F)(F)F,414.3
50248,CSC1=NC2=CC(=C(C=C2N1)Cl)OC3=C(C(=CC=C3)Cl)Cl,359.7
50367,CC(C)N1C(=NC(C)(C)C)SCN(C1=O)C2=CC=CC=C2,305.4
50491,CC1(C(N2C(S1(=O)=O)CC2=O)C(=O)OCOC(=O)C(C)(C)C)C,347.39
50516,CC(C)C(C(=O)OC(C#N)C1=CC(=CC=C1)OC2=CC=CC=C2)NC3=C(C=C(C=C3)C(F)(F)F)Cl,502.9
50896,CC(C(=O)OC)OC1=CC=C(C=C1)OC2=C(C=C(C=N2)C(F)(F)F)Cl,375.72
50897,CCCCOC(=O)C(C)OC1=CC=C(C=C1)OC2=NC=C(C=C2)C(F)(F)F,383.4
51040,CC(C)(C)C1=CC=C(C=C1)C(=O)CC(=O)C2=CC=C(C=C2)OC,310.4
51082,C1=CC(=C2C(=C1NCCNCCO)C(=O)C3=C(C=CC(=C3C2=O)O)O)NCCNCCO.Cl.Cl,517.4
51369,CC1=C(C(=CC=C1)C)N(C(C)C(=O)OC)C(=O)CC2=CC=CC=C2,325.4
51605,CCOC(=O)NCCOC1=CC=C(C=C1)OC2=CC=CC=C2,301.34
53232,CC[C@H](C)C(=O)O[C@H]1C[C@H](C=C2[C@H]1[C@H]([C@H](C=C2)C)CC[C@@H]3C[C@H](CC(=O)O3)O)C,404.5
53665,C1(C(=C(C(=O)O1)Cl)C(Cl)Cl)O,217.43
53672,CCOC(=O)COC(=O)C1=C(C=CC(=C1)OC2=C(C=C(C=C2)C(F)(F)F)Cl)[N+](=O)[O-],447.7
54454,CCC(C)(C)C(=O)O[C@H]1C[C@H](C=C2[C@H]1[C@H]([C@H](C=C2)C)CC[C@@H]3C[C@H](CC(=O)O3)O)C,418.6
54459,C1CN=C(N1)C2COC3=CC=CC=C3O2,204.22
54778,CC1(CON(C1=O)CC2=CC=CC=C2Cl)C,239.70
54886,CCOC(=O)CCN(C(C)C)SN(C)C(=O)OC1=CC=CC2=C1OC(C2)(C)C,410.5
54897,CCCN(CCC)C(=O)CC1=C(N=C2N1C=C(C=C2)Cl)C3=CC=C(C=C3)Cl,404.3
54900,C1CCN(CC1)CCOC2=CC=C(C=C2)C(=O)C3=C(SC4=C3C=CC(=C4)O)C5=CC=C(C=C5)O.Cl,510.0
55008,CCCCCCCCCCCCCCCCSCC(COC)COP(=O)([O-])OCC[N+](C)(C)C,525.8
55245,CC#C[C@@]1(CC[C@@H]2[C@@]1(C[C@@H](C3=C4CCC(=O)C=C4CC[C@@H]23)C5=CC=C(C=C5)N(C)C)C)O,429.6
56463,CC1=C(C2=CC=CC=C2N1CCN3CCOCC3)C(=O)C4=CC=C(C=C4)OC,378.5
56704,CC(=O)OCC(=O)NCCCOC1=CC=CC(=C1)CN2CCCCC2.Cl,384.9
56801,C1=CC=C(C=C1)CCCCOCCCCCCNCC(C2=CC(=C(C=C2)O)CO)O.C1=CC=C2C(=C1)C=CC(=C2O)C(=O)O,603.7
57363,C[C@]12CC[C@H]3[C@H]([C@@H]1CC[C@@H]2C(=O)NC(C)(C)C)CC[C@@H]4[C@@]3(C=CC(=O)N4)C,372.5
59757,CN(C(=O)CCC1=NN(C(=C1)C2=CC=C(C=C2)Cl)C3=CC=C(C=C3)OC)O,385.8
60164,COC1=C(C=C(C=C1)C2=CC3=C(C=C2)C=C(C=C3)C(=O)O)C45CC6CC(C4)CC(C6)C5,412.5
60198,C[C@]12CC[C@H]3[C@H]([C@@H]1CCC2=O)CC(=C)C4=CC(=O)C=C[C@]34C,296.4
60496,CCOC(=O)C1=C(NC(=C(C1C2=CC=CC=C2Cl)C(=O)OC)C)COCCN.C1=CC=C(C=C1)S(=O)(=O)O,567.1
60605,C[C@@H]1CN(C[C@@H](N1)C)C2=C(C3=C(C(=C2F)F)C(=O)C(=CN3C4CC4)C(=O)O)F,395.4
60699,CC[C@@]1(C2=C(COC1=O)C(=O)N3CC4=CC5=C(C=CC(=C5CN(C)C)O)N=C4C3=C2)O.Cl,457.9
60712,C1=CSC(=C1)C(=O)C2=C(N(C3=C2C=C(C=C3)Cl)C(=O)N)O,320.8
60749,C1=CN(C(=O)N=C1N)[C@H]2C([C@@H]([C@H](O2)CO)O)(F)F.Cl,299.66
60751,C1CC2=NC1=C(C3=CC=C(N3)C(=C4C=CC(=N4)C(=C5C=CC(=C2C6=CC(=CC=C6)O)N5)C7=CC(=CC=C7)O)C8=CC(=CC=C8)O)C9=CC(=CC=C9)O,680.7
60785,C1CN(CCN1CCCN2C3=CC=CC4=C3C(=CC=C4)S2(=O)=O)C5=CC=C(C=C5)F,425.5
60810,C1CN(CCN1CCCC(=O)NC2C3=CC=CC=C3CSC4=CC=CC=C24)C5=CC=C(C=C5)F,475.6
60823,CC(C)C1=C(C(=C(N1CC[C@H](C[C@H](CC(=O)O)O)O)C2=CC=C(C=C2)F)C3=CC=CC=C3)C(=O)NC4=CC=CC=C4,558.6
60934,CC(C)(C)NC(=O)[C@@H]1C[C@@H]2CCCC[C@@H]2CN1C[C@H]([C@H](CC3=CC=CC=C3)NC(=O)[C@H](CC(=O)N)NC(=O)C4=NC5=CC=CC=C5C=C4)O.CS(=O)(=O)O,766.9
60962,C1=CC=C(C=C1)NN.Cl,144.60
61031,CCCCCCCCCC(C)C=O,184.32
61100,C1=CC=C(C=C1)CCNN.OS(=O)(=O)O,234.28
61253,CCCCCCCCOC(=O)C1=CC(=C(C(=C1)O)O)O,282.33
61285,CCCCNS(=O)(=O)C1=CC=C(C=C1)C,227.33
61444,O.O.O.O.O.O.O.[O-]S(=O)(=O)[O-].[Co+2],281.11
62130,CCN1C2=C(C=C(C=C2)N)C3=CC=CC=C31.Cl,246.73
62217,C1=CC=C2C=C(C=CC2=C1)OC(=O)C3=CC=CC=C3N,263.29
62276,CCOC(=O)C(C)OC(=O)C1=C(C=CC(=C1)OC2=C(C=C(C=C2)C(F)(F)F)Cl)[N+](=O)[O-],461.8
62306,CC1COC2=CC=CC=C2N1C(=O)C(Cl)Cl,260.11
62311,COC1=C(C=CC(=C1)C2=CC(=C(C=C2)N)OC)N.Cl.Cl,317.2
62379,CCCCCCCCCCCCCC[N+]1=CC=CC=C1.[Br-],356.4
62558,C1C(O1)CN(CC2CO2)C3=CC=C(C=C3)OCC4CO4,277.31
62770,C[C@H]1[C@H]([C@H](C[C@@H](O1)O[C@H]2C[C@@](CC3=C2C(=C4C(=C3O)C(=O)C5=C(C4=O)C(=CC=C5)OC)O)(C(=O)C)O)N)O.Cl,564.0
62935,C1CN(CCN1CCCN2C(=O)N3C=CC=CC3=N2)C4=CC(=CC=C4)Cl.Cl,408.3
62960,CS(=O)(=O)O.C1[C@@H]2[C@@H](C2N)CN1C3=C(C=C4C(=O)C(=CN(C4=N3)C5=C(C=C(C=C5)F)F)C(=O)O)F,512.5
62969,CC(C)C(CCCN(C)CCC1=CC(=C(C=C1)OC)OC)(C#N)C2=CC(=C(C=C2)OC)OC.Cl,491.1
63047,CCCCC(=O)O[C@@]1([C@@H](C[C@@H]2[C@@]1(C[C@@H]([C@]3([C@H]2CCC4=CC(=O)C=C[C@@]43C)F)O)C)C)C(=O)CO,476.6
63049,CCC(=O)OCC(=O)[C@]1([C@@H](C[C@@H]2[C@@]1(C[C@@H]([C@]3([C@H]2CCC4=CC(=O)C=C[C@@]43C)F)O)C)C)OC(=O)CC,504.6
64139,C1CC1C#C[C@]2(C3=C(C=CC(=C3)Cl)NC(=O)O2)C(F)(F)F,315.67
64715,CC[C@H](C)C(=O)O[C@H]1CCC=C2[C@H]1[C@H]([C@H](C=C2)C)CC[C@@H]3C[C@H](CC(=O)O3)O,390.5
64722,CN1CCCC(C1)CC2C3=CC=CC=C3SC4=CC=CC=C24.Cl,345.9
64961,C1=CC=C2C(=C1)C3=C(N2)C=NC=C3,168.19
65057,C1=CC=C(C=C1)C2=C(C2=O)C3=CC=CC=C3,206.24
65064,C1[C@H]([C@H](OC2=CC(=CC(=C21)O)O)C3=CC(=C(C(=C3)O)O)O)OC(=O)C4=CC(=C(C(=C4)O)O)O,458.4
65067,C1=CSC(=C1)C2=CC=C(S2)C3=CC=CS3,248.4
65114,C1=NN(C(=O)N=C1N)[C@H]2[C@@H]([C@@H]([C@H](O2)CO)O)O,244.20
65359,C(CC(=O)N[C@@H](CSSC[C@@H](C(=O)NCC(=O)O)NC(=O)CC[C@@H](C(=O)O)N)C(=O)NCC(=O)O)[C@@H](C(=O)O)N,612.6
65478,C[C@H]1C[C@H]2[C@@H]3CCC4=CC(=O)C=C[C@@]4([C@]3([C@H](C[C@@]2([C@]1(C(=O)COP(=O)([O-])[O-])O)C)O)F)C.[Na+].[Na+],516.4
65494,CCC(=O)N(C1=CC=CC=C1)C2(CCN(CC2)CCC3=CC=CS3)COC.C(C(=O)O)C(CC(=O)O)(C(=O)O)O,578.7
65552,C1=C(C=C(C(=C1I)OC2=CC(=C(C(=C2)I)O)I)I)CC(=O)O,747.83
65620,CC1=NC2=C(C=C1)C(=CC(=C2O)Br)Br,316.98
65664,C[C@@H]1CC[C@H]2[C@H]([C@H](O[C@H]3[C@@]24[C@H]1CC[C@](O3)(OO4)C)OC(=O)CCC(=O)O)C,384.4
65758,C1=CC=C(C(=C1)C2=NC(=NO2)C3=CC=NC=C3)Cl,257.67
65776,CC1=C(N(C2=C1C=C(C=C2)C(=O)OCCN(C)C)CC3=CC=CC=C3)C,350.5
65784,CC(=O)N1C[C@@H](C[C@H]1C(=O)O)O,173.17
65909,CC1(C2=CC=CN2C3=CC=CC=C3CO1)CN4CCC(CC4)N5C6=CC=CC=C6NC5=O,428.5
65947,CC1N2C3=CC(=C(C=C3C(=O)C(=C2S1)C(=O)O)F)N4CCN(CC4)CC5=C(OC(=O)O5)C,461.5
65948,CC1=C(C(C(=C(N1)N)C(=O)OC2CN(C2)C(C3=CC=CC=C3)C4=CC=CC=C4)C5=CC(=CC=C5)[N+](=O)[O-])C(=O)OC(C)C,582.6
65953,CC1=C(C(C(=C(N1)COC(=O)N)C(=O)OC(C)C)C2=C(C(=CC=C2)Cl)Cl)C(=O)OC,457.3
66067,CCOP(=O)(CC)OC1=CC=C(C=C1)[N+](=O)[O-],259.20
66359,CC(=O)O[C@H]1CC[C@@H]2[C@@]1(C=CC3=C4CCC(=O)C=C4CC[C@@H]23)C,312.4
66435,C[C@]12CC[C@H]3[C@H]([C@@H]1CC[C@@H]2OP(=O)(O)O)CCC4=C3C=CC(=C4)O,352.4
66461,CCCCC(CN1C=NC=N1)(C2=C(C=C(C=C2)Cl)Cl)O,314.2
66571,CCOC1=CC(=C(C=C1N2CCOCC2)OCC)[N+](=O)[O-],296.32
66573,CCN1C2=C(C=C(C=C2)[N+](=O)[O-])C3=CC=CC=C31,240.26
66609,CC(C)(C)C1=CC(=CC(=C1O)C(C)(C)C)CN(C)C,263.4
67114,CCN(CC)C1=CC=C(C=C1)C=O,177.24
67172,CC1=CC(=C(C=C1O)C)C2(C3=CC=CC=C3S(=O)(=O)O2)C4=C(C=C(C(=C4)C)O)C,410.5
67215,CN(C)C1=CC=C(C=C1)C(C2=CC=CC=C2)C3=CC=C(C=C3)N(C)C,330.5
67236,C1=CC=C(C=C1)OC(=O)C2=C(C3=CC=CC=C3C=C2)O,264.27
67271,C1=CC=C(C=C1)C(=O)NC2=CC=CC=C2SSC3=CC=CC=C3NC(=O)C4=CC=CC=C4,456.6
67299,C1=C(C(=CC(=C1O)Cl)Cl)O,179.00
67349,C[Si](C1=CC=CC=C1)(C2=CC=CC=C2)Cl,232.78
67350,CC1=C(C(=C(C(=C1C)[N+](=O)[O-])C(C)(C)C)[N+](=O)[O-])C,266.29
67589,C1=CC=C(C=C1)C(=O)CC(=O)C(F)(F)F,216.16
67821,C(=O)(C(C(C(C(C(C(C(C(F)(F)F)(F)F)(F)F)(F)F)(F)F)(F)F)(F)F)(F)F)O,464.08
68186,C1CN(CCC12C(=O)NCN2C3=CC=CC=C3)CCCOC4=CC=C(C=C4)F,383.5
68289,C1OC2=C(O1)C=C(C=C2)O,138.12
68297,C1=CC=C(C=C1)NC2=CC=CC=C2N,184.24
68539,CN(C)CCCN1C2=CC=CC=C2CCC3=C1C=C(C=C3)Cl.Cl,351.3
68547,C1=CC(=CC=C1N=C=S)OC2=CC=C(C=C2)[N+](=O)[O-],272.28
68570,C[C@]12CC[C@H]3[C@H]([C@@H]1CC[C@H]2O)CCC4=C3C=CC(=C4)O,272.4
68827,C[C@@H]1CC[C@H]2[C@H](C(=O)O[C@H]3[C@@]24[C@H]1CC[C@](O3)(OO4)C)C,282.33
68872,CC1=CC(=O)OC2=C1C=CC(=C2)OCC#C,214.22
68873,C[C@]12CCC(=O)C=C1[C@@H]3C[C@@H]3[C@@H]4[C@@H]2CC[C@]5([C@H]4[C@@H]6C[C@@H]6[C@@]57CCC(=O)O7)C,366.5
68909,CC1=C(C(C(=C(N1)C)C(=O)OC)C2=CC=CC=C2OC(F)F)C(=O)OC,367.3
68947,C[C@]12CC[C@H]3[C@H]([C@@H]1CC[C@@H]2O)CCC4=C(C(=O)CC[C@]34C)Cl,322.9
68952,C[C@]12CC[C@H]3[C@H]([C@@H]1CC[C@@H]2OC(=O)CCC4CCCC4)CCC5=C(C(=O)CC[C@H]35)O,414.6
69150,C1=CC(=CC=C1C(=O)C2=CC=C(C=C2)O)O,214.22
69317,C1=CC=C(C=C1)SCCSC2=CC=CC=C2,246.4
69484,CCOC(=O)CC(=O)CCl,164.59
69588,C1=CC=C(C=C1)C2=C(N=CN2)C3=CC=CC=C3,220.27
69765,CC(C)(C)C1=CC(=CC(=C1O)C(C)(C)C)[N+](=O)[O-],251.32
69827,CCCCCCCCCCCCSC#N,227.41
69908,CC(=O)C1=CC2=C(C=C1)C3=CC=CC=C3C2,208.25
69912,C1=CC=C(C(=C1)C(=O)C2=C(C=CC(=C2)Cl)N)F,249.67
69925,C1=CC=C(C=C1)[Si](C2=CC=CC=C2)(C3=CC=CC=C3)O,276.4
70038,C1=CC=C(C(=C1)C(=O)C2=CC=CC=C2O)O,214.22
70400,B(C1=CC=CC=C1)(C2=CC=CC=C2)C3=CC=CC=C3,242.1
70425,CC(C)(C)C1=CC=C(C=C1)OP(=O)(OC2=CC=CC=C2)OC3=CC=CC=C3,382.4
70613,C=CC(=O)OCCCCOC(=O)C=C,198.22
70882,CCC1=NC(=C2C=C(C(=CC2=C1)OC)OC)CC3=CC=CC=C3,307.4
71012,CC1=CC2=C(C=C1)SC3=CC=CC(=C32)C,212.31
71027,C1=CC=C(C=C1)C(=CC=O)C2=CC=CC=C2,208.25
71203,CC[C@@]12CCCN3[C@@H]1C4=C(CC3)C5=CC=CC=C5N4C(=O)C2,294.4
71339,C[C@@H]1[C@@H]2[C@H](C(=O)N2C(=C1SC3CN4C=NC=[N+]4C3)C(=O)[O-])[C@@H](C)O,350.4
71386,CCCC(=O)O[C@@]1([C@H](C[C@@H]2[C@@]1(CC(=O)[C@]3([C@H]2CCC4=CC(=O)C=C[C@@]43C)F)C)C)C(=O)CCl,479.0
71398,C[C@H](CC1=CC(=C(C=C1)O)O)[C@@H](C)CC2=CC(=C(C=C2)O)O,302.4
71399,CN1CCN(CC1)C2=NC3=CC=CC=C3OC4=C2C=C(C=C4)Cl.C(CC(=O)O)C(=O)O,445.9
71414,C[C@H]1C[C@H]2[C@@H]3C[C@@H](C4=CC(=O)C=C[C@@]4([C@]3([C@H](C[C@@]2([C@]1(C(=O)COC(=O)C)OC(=O)C)C)O)F)C)F,494.5
71470,CCCC(=O)O[C@@]1([C@H](C[C@@H]2[C@@]1(C[C@@H]([C@]3([C@H]2CCC4=CC(=O)C=C[C@@]43C)F)O)C)C)C(=O)COC(=O)CC,518.6
71612,C1CN(CCN1CCOCCO)C(C2=CC=CC=C2)C3=CC=C(C=C3)Cl.Cl,411.4
71645,CC1=CC=C(C=C1)C(=O)C2=C(C=C(C=C2)OC)O,242.27
71651,C1=CC=C(C=C1)C(=O)NCCC(=O)O,193.20
71693,C1COCCN1CCCC2=CC=C(C=C2)COC3=CC=CC=C3,311.4
71717,CCCOC1=CC2=C(C=C1)[C@H]3CC[C@]4([C@H]([C@@H]3CC2)CCC4OC)C,328.5
72157,CCCOC1=CC2=C(C=C1)N=C(S2)NC(=O)OC,266.32
73093,CC1=CC=C(C=C1)S(=O)(=O)N[C@@H](CCCCN)C(=O)CCl.Cl,369.3
73334,CCNC(=O)N1CCN(CC1)CCCC(C2=CC=C(C=C2)F)C3=CC=C(C=C3)F.Cl,438.0
73357,CC(C)C[C@H]1C(=O)N[C@@H](C(=O)N2CCC[C@H]2C(=O)N[C@H](C(=O)N[C@H](C(=O)N[C@H](C(=O)N[C@@H](C(=O)N3CCC[C@H]3C(=O)N[C@H](C(=O)N[C@H](C(=O)N1)CCCN)C(C)C)CC4=CC=CC=C4)CC(C)C)CCCN)C(C)C)CC5=CC=CC=C5,1141.4
73665,CCCN(CCOC1=C(C=C(C=C1Cl)Cl)Cl)C(=O)N2C=CN=C2,376.7
73668,CC(C)C(C1=CC=C(C=C1)OC(F)(F)F)(C2=CN=CN=C2)O,312.29
73672,CCC(C)(CC)C1=NOC(=C1)NC(=O)C2=C(C=CC=C2OC)OC,332.4
73675,C[Si](CN1C=NC=N1)(C2=CC=C(C=C2)F)C3=CC=C(C=C3)F,315.39
73773,CN(C)C1=CC=C(C=C1)C2(C3=C(C=C(C=C3)N(C)C)C(=O)O2)C4=CC=C(C=C4)N(C)C,415.5
73848,C1=CC=C2C(=C1)C=C3C=CC=CC3=C2CO,208.25
73852,C1=CC(=CC=C1C(=O)C2=C(C=C(C=C2)O)O)O,230.22
74062,C1=CC=C2C(=C1)C=C3C=CC=CC3=C2Br,257.12
74106,C1=CC=C(C(=C1)C(=O)C2=C(C=CC(=C2)Cl)NC(=O)CBr)F,370.60
74448,CC1=C(C=C(C=C1)C(C)C2=CC(=C(C=C2)C)C)C,238.4
74483,C(C(C(C(C(F)(F)S(=O)(=O)O)(F)F)(F)F)(F)F)(C(C(C(F)(F)F)(F)F)(F)F)(F)F,500.13
74867,CC(=O)C1=CC2=C(C=CC3=CC=CC=C32)C=C1,220.26
74937,C1=CC=C(C=C1)CCCC2=CC=NC=C2,197.27
74990,CCC1=C2CN3C(=CC4=C(C3=O)COC(=O)[C@@]4(CC)O)C2=NC5=C1C=C(C=C5)OC(=O)N6CCC(CC6)N7CCCCC7.Cl,623.1
75194,C1=CC=C(C(=C1)C(=C2C=C(C(=O)C(=C2)I)I)C3=CC(=C(C(=C3)I)[O-])I)C(=O)[O-].[Na+].[Na+],865.9
75195,C1=CC=C(C(=C1)C(=C2C=C(C(=O)C(=C2)I)I)C3=CC(=C(C(=C3)I)O)I)C(=O)O,821.9
75444,CC[NH+]=C1C=CC(=C(C2=CC=C(C=C2)N(CC)CC)C3=CC=C(C=C3)N(CC)CC)C4=CC=CC=C14.[Cl-],514.1
75547,C1C2=CC=CC=C2C3=C1C=C(C=C3)O,182.22
75575,C1=CC=C(C(=C1)CC2=CC=CC=C2O)O,200.23
75576,C1=CC=C(C(=C1)CC2=CC=C(C=C2)O)O,200.23
75628,CC(C)C1=CC=C(C=C1)OP(=O)(OC2=CC=C(C=C2)C(C)C)OC3=CC=C(C=C3)C(C)C,452.5
76013,CC(C)(C1=CC=CC=C1)C2=CC(=C(C=C2)O)C(C)(C)C3=CC=CC=C3,330.5
76302,C1=CC(=CC=C1C(C2=CC=C(C=C2)O)C(Cl)(Cl)Cl)O,317.6
76464,CC1(COP(OC1)OC2=CC=CC=C2)C,226.21
76619,C1=CC=C2C(=C1)C(=O)NC3=C(O2)C=CC(=C3)Cl,245.66
77080,CCCCCCCC[Sn](CCCCCCCC)(Cl)Cl,416.1
77328,C1C(C(CS1(=O)=O)(Cl)Cl)(Cl)Cl,257.9
77956,C1=CC=C(C=C1)S(=O)(=O)C2=CC=CC=C2N,233.29
78170,CC(=O)CC(=O)NC1=CC(=C(C=C1OC)Cl)OC,271.69
78435,CC1=CC(=C(C(=C1C(=O)OC)O)C)O,196.20
78738,CC(=C)C(=O)OCC[N+](C)(C)C.[Cl-],207.70
79633,CC(C)C1=CC2=C(C=C1)SC3=CC=CC=C3C2=O,254.3
79688,C1=CC=C(C=C1)C2=C(C=C(C=C2)O)Cl,204.65
79717,CC1=CC(=CC(=C1O)C)C(C)(C)C2=CC(=C(C(=C2)C)O)C,284.4
80277,C1=CC(=C(C=C1Cl)Cl)C(CN2C=NC=N2)COC(C(F)F)(F)F,372.14
81259,CC(C)CC(C)(C1=CC=C(C=C1)O)C2=CC=C(C=C2)O,270.4
81346,CCCOC(=O)C1=C(C(=C(C(=C1Cl)Cl)Cl)Cl)C(=O)OCCC,388.1
82145,CCCCCCCCCCCCCCC(C(=O)O)Br,335.32
82146,CC1=CC2=C(C=C1C(=C)C3=CC=C(C=C3)C(=O)O)C(CCC2(C)C)(C)C,348.5
82161,CCCCCCCCCCCCCOP(=O)(O)O,280.34
82343,CC(C)(C1=CC=CC=C1)C2=CC=C(C=C2)NC3=CC=C(C=C3)C(C)(C)C4=CC=CC=C4,405.6
82703,C1=CC=C2C(=C1)C(=C3C=CC=CC3=C2Cl)C=O,240.68
83050,C1=CC=C(C=C1)C(=O)C2=CC(=CC=C2)O,198.22
83119,CC(C)(C1=CC=C(C=C1)OC2=CC=C(C=C2)N)C3=CC=C(C=C3)OC4=CC=C(C=C4)N,410.5
83656,CCC1=CC(=CC(=C1N)CC)CC2=CC(=C(C(=C2)CC)N)CC,310.5
83975,CC(=CC1C(C1(C)C)C(=O)OCN2C(=O)C3=C(C2=O)CCCC3)C,331.4
84088,CCN(CC)CC(=O)OCC(=O)[C@]1(CC[C@@H]2[C@@]1(C[C@@H]([C@H]3[C@H]2CCC4=CC(=O)CC[C@]34C)O)C)O,475.6
84677,C1=CC(=CC=C1C(=C(Cl)Cl)C2=CC=C(C=C2)O)O,281.1
84703,CCCCCCCCCCCC[N+](C)(C)CCCS(=O)(=O)[O-],335.5
85025,C1=CC=C(C=C1)C[N+]2=CC=CC3=CC=CC=C32.[Cl-],255.74
85821,CCCCCCC(C)NC1=CC=C(C=C1)NC2=CC=CC=C2,296.4
86102,CC(C)(C)C(CCC1=CC=C(C=C1)Cl)(CN2C=NC=N2)O,307.82
86132,CC(C1CC1)C(CN2C=NC=N2)(C3=CC=C(C=C3)Cl)O,291.77
86138,C1=CC=C(C=C1)C(CCC2=CC=C(C=C2)Cl)(CN3C=NC=N3)C#N,336.8
86171,CCC(CC1=CC=CC=C1)(C(=O)C2=CC=C(C=C2)N3CCOCC3)N(C)C,366.5
86173,CC1COC(O1)(CN2C=NC=N2)C3=C(C=C(C=C3)OC4=CC=C(C=C4)Cl)Cl,406.3
86210,CC1(CCC(C1(CN2C=NC=N2)O)CC3=CC=C(C=C3)Cl)C,319.8
86211,CC(C)C1CCC(C1(CN2C=NC=N2)O)CC3=CC=C(C=C3)Cl,333.9
86222,CCOC(=O)C(CC1=CC(=C(C=C1Cl)F)N2C(=O)N(C(=N2)C)C(F)F)Cl,412.2
86296,CC#CC1=NC(=NC(=C1)C)NC2=CC=CC=C2,223.27
86354,CCC1=NN(C(=C1Cl)C(=O)NCC2=CC=C(C=C2)C(C)(C)C)C,333.9
86367,CC1=CC(=NC(=N1)NC2=CC=CC=C2)C3CC3,225.29
86398,C1=CC(=C2C(=C1)OC(O2)(F)F)C3=CNC=C3C#N,248.18
86429,CC(C)N(C1=CC=C(C=C1)F)C(=O)COC2=NN=C(S2)C(F)(F)F,363.33
86583,CCC(C)C1=CC(=C(C(=C1)C(C)(C)C)O)C(C)(C)C,262.4
86607,CCC(C)OC(=O)C1=CC=C(C=C1)O,194.23
87250,C1=CC=C(C=C1)OC(=O)C2=CC=C(C=C2)O,214.22
87293,CCN(CC)C1=CC(=C(C=C1)C=O)O,193.24
87323,C(#N)C1=C(C(=C(C(=N1)Cl)Cl)Cl)Cl,241.9
87391,CCO[Si](CC(C)C)(OCC)OCC,220.38
89440,CC1CC(C2=C(C1(C)C)C=C(C(=C2)C(=O)C)C)(C)C,258.4
91593,C1C(O1)CN(CC2CO2)C3=CC=C(C=C3)CC4=CC=C(C=C4)N(CC5CO5)CC6CO6,422.5
91649,CC(C)(C(=O)NC1=CC(=C(C=C1)[N+](=O)[O-])C(F)(F)F)O,292.21
91664,CC1=CC(=C(C(=C1)Cl)OP(=S)(OC)OC)Cl,301.13
91670,CCCCC(=O)OCC(=O)[C@H]1[C@@H](C[C@@H]2[C@@]1(C[C@@H]([C@]3([C@H]2C[C@@H](C4=CC(=O)C=C[C@@]43C)F)F)O)C)C,478.6
91673,CCC1COC(O1)(CN2C=NC=N2)C3=C(C=C(C=C3)Cl)Cl,328.2
91677,C1C(C(C(=O)N1C2=CC=CC(=C2)C(F)(F)F)Cl)CCl,312.11
91683,C1=CC=C(C(=C1)C(C2=CC=C(C=C2)F)(C3=CN=CN=C3)O)Cl,314.7
91688,CCCCCCCCN1C(=O)C(=C(S1)Cl)Cl,282.2
91692,C1CCC(C1)N(CC2=CC=C(C=C2)Cl)C(=O)NC3=CC=CC=C3,328.8
91693,CCCC(CN1C=NC=N1)C2=C(C=C(C=C2)Cl)Cl,284.18
91708,C1=CC(=C(C(=C1)F)C(=O)NC(=O)NC2=CC(=C(C(=C2)Cl)OC3=C(C=C(C=N3)C(F)(F)F)Cl)Cl)F,540.6
91744,CC1=CSC(=C1N(C(C)COC)C(=O)CCl)C,275.80
91753,CC(COC1=CC=C(C=C1)OC2=CC=CC=C2)OC3=CC=CC=N3,321.4
91754,CC(C)(C)C1=CC=C(C=C1)CSC2=C(C(=O)N(N=C2)C(C)(C)C)Cl,364.9
91757,CC(C)CC1=C(C(=NC(=C1C(=O)SC)C(F)(F)F)C(F)F)C(=O)SC,401.4
91768,CC(C)[C@H](C(=O)OC(C#N)C1=CC(=CC=C1)OC2=CC=CC=C2)NC3=C(C=C(C=C3)C(F)(F)F)Cl,502.9
91773,CCC1=CC=C(C=C1)C(=O)NN(C(=O)C2=CC(=CC(=C2)C)C)C(C)(C)C,352.5
91805,C1CC(CCC1=O)(C#N)C2=CC=C(C=C2)F,217.24
92146,C([C@@H]1[C@H]([C@@H]([C@H]([C@H](O1)O[C@@H]2[C@H](O[C@@H]([C@@H]([C@H]2O)O)O[C@H]([C@@H](CO)O)[C@@H]([C@H](C=O)O)O)CO)O)O)O)O,504.4
92387,CC(C)(C(=O)C1=CC=C(C=C1)SC)N2CCOCC2,279.4
92431,C[C@H](C(=O)OCC#C)OC1=CC=C(C=C1)OC2=C(C=C(C=N2)Cl)F,349.7
92727,CC1=C(C(=CC=C1)C)OCC(=O)N[C@@H](CC2=CC=CC=C2)[C@H](C[C@H](CC3=CC=CC=C3)NC(=O)[C@H](C(C)C)N4CCCNC4=O)O,628.8
92855,CC(=O)C1=CC[C@@H]2[C@@]1(CC[C@H]3[C@H]2CC=C4[C@@]3(CC[C@@H](C4)OC(=O)C)C)C,356.5
92873,CCOC(=O)C1=CC=CC=C1C(=C2C=C(C(=O)C(=C2)Br)Br)C3=CC(=C(C(=C3)Br)O)Br,662.0
92942,C[C@H](CN1CCOCC1)C(C2=CC=CC=C2)(C3=CC=CC=C3)C(=O)N4CCCC4.[C@@H]([C@H](C(=O)O)O)(C(=O)O)O,542.6
93118,CC(C1=CC=C(C=C1)O)(C2=CC=C(C=C2)O)C3=CC=C(C=C3)O,306.4
93221,CC1=CC(=C(C(=C1CN2C(=O)N(C(=O)N(C2=O)CC3=C(C(=C(C=C3C)C(C)(C)C)O)C)CC4=C(C(=C(C=C4C)C(C)(C)C)O)C)C)O)C(C)(C)C,699.9
93312,C1=CC(=CC=C1C(=O)OCCCOC(=O)C2=CC=C(C=C2)N)N,314.34
93335,CC(C)CC(C)N(C1=CC=CC=C1)C2=CC=C(C=C2)N,268.4
93379,C1=CC=C(C=C1)NC(=O)NC2=CC(=NC=C2)Cl,247.68
93528,CCCCCC(C)OC(=O)COC1=C2C(=C(C=C1)Cl)C=CC=N2,335.8
93573,C(C(CO)(CO)N)O.Cl,157.59
93858,CC1=CC=C(C=C1)S(=O)(=O)O.C1CN(CC1N)C2=C(C=C3C(=O)C(=CN(C3=N2)C4=C(C=C(C=C4)F)F)C(=O)O)F,576.5
94398,C1=C(C(=C(C(=C1[N+](=O)[O-])Cl)[N+](=O)[O-])Cl)C(F)(F)F,304.99
94544,C1=CC=C(C=C1)OC2=CC=CC(=C2)CBr,263.13
94684,CC(C)(C)C1(CO1)CCC2=CC=C(C=C2)Cl,238.75
94932,CC(C)(C1CCC(CC1)O)C2CCC(CC2)O,240.38
95170,C1=CC(=C(C=C1Br)Br)OC2=C(C=C(C=C2)Br)Br,485.79
95717,C1CC2=C(C=C3C=CC4=C5C3=C2C=CC5=CC=C4)C(=O)C1,270.3
96088,C1C2=C(C=C(C=C2)O)C3=CC=CC=C31,182.22
98613,C1=CC=C(C=C1)C2=CSC(=N2)NN,191.26
100524,CC1=CC(=C(C=C1)OP(=S)(NC(C)C)OC)[N+](=O)[O-],304.30
102232,CCC(=O)O[C@@H]1C[C@H]2[C@@H]3CCC4=C([C@H]3CC[C@@]2([C@H]1OC(=O)CC)C)C=CC(=C4)OC(=O)CC,456.6
102724,C1CC2C(C1)C3CC2CC3(C4=CC=C(C=C4)O)C5=CC=C(C=C5)O,320.4
103005,CC1C2CC(C1(C)C)CC2C3CCCC(C3)O,236.39
104677,C1=CC(=C(C=C1SC#N)[N+](=O)[O-])N,195.20
104741,C[C@]12CC[C@H]3[C@H]([C@@H]1CC[C@@H]2O)[C@@H](CC4=C3C=CC(=C4)O)CCCCCCCCCS(=O)CCCC(C(F)(F)F)(F)F,606.8
104845,CC(=O)[C@H]1CC[C@@H]2[C@@]1(CC(=O)[C@H]3[C@H]2CC[C@@H]4[C@@]3(CC[C@H](C4)O)C)C,332.5
104850,CC1=C(N(N=C1C(=O)NN2CCCCC2)C3=C(C=C(C=C3)Cl)Cl)C4=CC=C(C=C4)Cl,463.8
104926,CC1(C(C1C(=O)OC(C#N)C2=CC(=C(C=C2)F)OC3=CC=CC=C3)C=C(Cl)Cl)C,434.3
107080,CC(C)C(C(C)(C)COC(=O)C1=CC=CC=C1)OC(=O)C2=CC=CC=C2,354.4
107377,CCCCC(CC)COC(=O)C1=CC=C(C=C1)O,250.33
107715,CC(C)[C@@]1(C(=O)N2[C@H](C(=O)N3CCC[C@H]3[C@@]2(O1)O)CC4=CC=CC=C4)NC(=O)[C@@H]5C[C@H]6[C@@H](CC7=CNC8=CC=CC6=C78)N(C5)C,611.7
107720,COC(=O)[C@]12CC3=C(C1=NN(CO2)C(=O)N(C4=CC=C(C=C4)OC(F)(F)F)C(=O)OC)C=CC(=C3)Cl,527.8
107882,CN1CCC2=C3[C@H]1CC4=C(C3=CC=C2)C(=C(C=C4)O)O.CN1CCC2=C3[C@H]1CC4=C(C3=CC=C2)C(=C(C=C4)O)O.O.Cl.Cl,625.6
108013,C1CC(CCC1NCC2=C(C(=CC(=C2)Br)Br)N)O.Cl,414.56
108143,CC1(CCC(C2=C1C=CC(=C2)NC(=O)C3=CC=C(C=C3)C(=O)O)(C)C)C,351.4
108150,CC1=CC2=C([C@@H]3[C@@H]4[C@H]5C6=C(C(=C7C(=C6[C@@H](N4[C@H]([C@H](C2)N3C)O)COC(=O)[C@@]8(CS5)C9=CC(=C(C=C9CCN8)O)OC)OCO7)C)OC(=O)C)C(=C1OC)O,761.8
108938,CC1=C(C=CC(=C1)C2=CC(=C(C=C2)N)C)N.Cl.Cl,285.2
108956,C=CC(=O)OCC(CO)(COCC(COC(=O)C=C)(COC(=O)C=C)COC(=O)C=C)COC(=O)C=C,524.5
111332,CC(=O)OCC(=O)[C@]1(CC[C@@H]2[C@@]1(CC=C3[C@H]2CCC4=CC(=O)CC[C@@]43C)C)O,386.5
113124,CCOC1=CC(=C(C=C1C(=O)C)OCC)OCC,252.31
114994,CC(C)(C)N(C(=O)C1=CC=CC=C1)NC(=O)C2=CC=C(C=C2)Cl,330.8
115089,C1=CC(=CC(=C1)O)C[C@@H](CO)[C@@H](CC2=CC(=CC=C2)O)CO,302.4
115157,CCC(COCCOC(=O)C=C)(COCCOC(=O)C=C)COCCOC(=O)C=C,428.5
116814,CN(C1CCCCC1)S(=O)(=O)C2=CC=CC=C2N,268.38
117640,CC(C)(C)OC(=O)C1=CC=C(C=C1)O,194.23
118703,CCCC1C(=CC(=CN1C2=CC=CC=C2)CC)CC,255.4
119171,CC1=C(C(C(=C(N1)C)P2(=O)OCC(CO2)(C)C)C3=CC(=CC=C3)[N+](=O)[O-])C(=O)OCCN(CC4=CC=CC=C4)C5=CC=CC=C5,631.7
119175,CC1C2=NN=C(N2C3=C(C=C(S3)CCC4=CC=C(C=C4)CC(C)C)C(=N1)C5=CC=CC=C5Cl)C,489.1
119182,C1=NC2=C(N=C(N=C2N1[C@H]3[C@H]([C@@H]([C@H](O3)CO)O)F)Cl)N,303.68
119193,CCCCCCOC1=C(C(=C(C(=C1)C)O)C)C,236.35
119361,C1CC1(C(CC2=CC=CC=C2Cl)(CN3C=NC=N3)O)Cl,312.2
119607,CC1=C(C(=NO1)C2=CC=CC=C2)C3=CC=C(C=C3)S(=O)(=O)N,314.4
121035,CCC(=C(C1=CC=CC=C1)C2=CC=CC=C2)CN.Cl,273.8
121639,CC(=O)OCCN(CCOC(=O)C)C1=CC=C(C=C1)N=NC2=C(C=C(C=C2)[N+](=O)[O-])C#N,439.4
122087,CCC(C)(C(=O)CCl)NC(=O)C1=CC(=C(C(=C1)Cl)C)Cl,336.6
122125,COC1=C(C(=C(C=C1)CN2CCN(CC2)C(C3=CC=C(C=C3)F)C4=CC=C(C=C4)F)OC)OC.Cl.Cl,541.5
122797,COC1=CC(=CC(=C1O)OC)[C@H]2[C@@H]3[C@H](COC3=O)[C@@H](C4=CC5=C(C=C24)OCO5)O,400.4
123504,C1=CC(=CC=C1C(=O)C2=CC=C(C=C2)Cl)O,232.66
123596,CC1=C(C=C(C=C1)NC(=O)C2=CC=C(C=C2)CN3CCN(CC3)C)NC4=NC=CC(=N4)C5=CN=CC=C5.CS(=O)(=O)O,589.7
123608,C(CC(=O)O)C(=O)CN.Cl,167.59
123631,COC1=C(C=C2C(=C1)N=CN=C2NC3=CC(=C(C=C3)F)Cl)OCCCN4CCOCC4,446.9
126941,CN(CC1=CN=C2C(=N1)C(=NC(=N2)N)N)C3=CC=C(C=C3)C(=O)N[C@@H](CCC(=O)O)C(=O)O,454.4
130313,CC1([C@@H](N2[C@H](S1(=O)=O)CC2=O)C(=O)O)C,233.24
148124,CC1=C2[C@H](C(=O)[C@@]3([C@H](C[C@@H]4[C@]([C@H]3[C@@H]([C@@](C2(C)C)(C[C@@H]1OC(=O)[C@@H]([C@H](C5=CC=CC=C5)NC(=O)OC(C)(C)C)O)O)OC(=O)C6=CC=CC=C6)(CO4)OC(=O)C)O)C)O,807.9
148192,CC(C)(C)[C@@H](C(=O)N[C@@H](CC1=CC=CC=C1)[C@H](CN(CC2=CC=C(C=C2)C3=CC=CC=N3)NC(=O)[C@H](C(C)(C)C)NC(=O)OC)O)NC(=O)OC,704.9
148673,COC1=C(C=CC(=C1)NS(=O)(=O)C)NC2=C3C=CC=CC3=NC4=CC=CC=C42.Cl,429.9
150311,C1=CC(=CC=C1[C@@H]2[C@H](C(=O)N2C3=CC=C(C=C3)F)CC[C@@H](C4=CC=C(C=C4)F)O)O,409.4
150762,CC1=C(C(C(=C(N1)C)C(=O)OCCN2CCN(CC2)C(C3=CC=CC=C3)C4=CC=CC=C4)C5=CC(=CC=C5)[N+](=O)[O-])C(=O)OC.Cl.Cl,683.6
151194,C1=CC=C2C(=C1)C(=NN=C2NC3=CC=C(C=C3)Cl)CC4=CC=NC=C4,346.8
153751,CC[C@]1(C[C@@H](C2=C(C3=C(C=C2[C@H]1C(=O)OC)C(=O)C4=C(C3=O)C(=CC=C4)O)O)O[C@H]5C[C@@H]([C@@H]([C@@H](O5)C)O[C@H]6C[C@@H]([C@@H]([C@@H](O6)C)O[C@H]7CCC(=O)[C@@H](O7)C)O)N(C)C)O.Cl,848.3
153939,C1[C@H](C2=C(O1)C=C(C=C2)OCC3=CC=CC=C3)N(C(=O)N)O,300.31
153997,C1CN(CCN1C[C@H](COC2=CC=CC3=C2C=CC=N3)O)C4C5=CC=CC=C5[C@H]6[C@H](C6(F)F)C7=CC=CC=C47.Cl.Cl.Cl,637.0
154256,CC1=C(N(C2=C1C=C(C=C2)O)CC3=CC=C(C=C3)OCCN4CCCCCC4)C5=CC=C(C=C5)O.CC(=O)O,530.7
154914,COC1=CC=CC2=C3C(=C(C=C21)[N+](=O)[O-])C(=CC4=C3OCO4)C(=O)[O-].[Na+],363.25
155143,CCCCCCCCCC(=O)O[C@H]1CC[C@@H]2[C@@]1(CC[C@H]3[C@H]2CCC4=CC(=O)CC[C@]34C)C,442.7
156414,C=CC(=O)NC1=C(C=C2C(=C1)C(=NC=N2)NC3=CC(=C(C=C3)F)Cl)OCCCN4CCOCC4,485.9
156422,CC1=CC=C(C=C1)N2C(=CC(=N2)C(C)(C)C)NC(=O)NC3=CC=C(C4=CC=CC=C43)OCCN5CCOCC5,527.7
157355,C([C@@H]1[C@@H]([C@@H]([C@H]([C@@H](O1)O[C@H]([C@@H](CO)O)[C@@H]([C@H](CO)O)O)O)O)O)O,344.31
157917,CC1=C(C(C(=C(N1)C)C(=O)OC(C)(C)CN(C)CCC(C2=CC=CC=C2)C3=CC=CC=C3)C4=CC(=CC=C4)[N+](=O)[O-])C(=O)OC.Cl,648.2
158076,CC(C)(C)[C@H]([C@@H](CC1=CC=C(C=C1)Cl)N2C=NC=N2)O,293.79
159271,CC1=NC(=C(O1)C2=CC(=C(C=C2)S(=O)(=O)N)F)C3CCCCC3,338.4
161803,C1CN(CCN1CC2=CC3=C(C=C2)OCO3)C(=O)COC4=CC=C(C=C4)Cl.Cl,425.3
162461,CC1=C(C=CC(=C1)OC)NC2=CC=CC=C2,213.27
163263,C[C@]12CCCC([C@@H]1CC[C@@]([C@@H]2CC[C@](C)(C=C)O)(C)O)(C)C,308.5
165457,CCOC1=CC2=C(C3=C(C=C(C=C3)N)N=C2C=C1)N.CC(C(=O)O)O.O,361.4
168088,CC[N+]1(CCCCC1)CCOC(=O)C(C2=CC=CC=C2)(C3=CC=CC=C3)O.[Br-],448.4
169870,CCCCCC(=O)O[C@@]1(CC[C@@H]2[C@@]1(CC[C@H]3[C@H]2CCC4=CC(=O)CC[C@]34C)C)C(=O)C,428.6
170286,C=CC(=O)OCCN1C(=O)N(C(=O)N(C1=O)CCOC(=O)C=C)CCOC(=O)C=C,423.4
171660,C1=CC=C2C=C3C(=CC2=C1)C(=NC3=N)N,195.22
176167,CN1C=C(C2=CC=CC=C21)C3=C(C(=O)NC3=O)C4=CN(C5=CC=CC=C54)C6CCN(CC6)CC7=CC=CC=N7,515.6
179336,C[C@@H]1CCC2[C@H]([C@H](O[C@H]3[C@@]24[C@H]1CC[C@](O3)(OO4)C)O)C,284.35
180089,CCCCOC(=O)[C@@H](C)OC1=CC=C(C=C1)OC2=C(C=C(C=C2)C#N)F,357.4
180494,CC1=C2CC[C@@H](C(=O)N2C3=CC=CC=C13)CC4=C(NC=N4)C.Cl,329.8
181518,[I-].[I-].[Hg+2],454.40
192197,CC[C@H](C1=CC=C(C=C1)O)[C@@H](CC)C2=CC=C(C=C2)O,270.4
197873,C1=CC(=CC2=NC3=C(C=CC(=C3)N)C=C21)N.Cl,245.71
208836,CC(C(C1=CC=CC=C1)O)N(C)CCOC(C2=CC=CC=C2)C3=CC=CC=C3,375.5
213013,C1=CC=C(C(=C1)C2=CC=C(C=C2)Cl)NC(=O)C3=C(N=CC=C3)Cl,343.2
213031,CC1(CCCCC1)C(=O)NC2=C(C(=C(C=C2)O)Cl)Cl,302.2
213032,CC1(C(=O)N(C(=O)O1)NC2=CC=CC=C2)C3=CC=C(C=C3)OC4=CC=CC=C4,374.4
213037,C1COCCN1S(=O)(=O)C2=CC=C(C=C2)NC(=O)C3=C(C=CC(=C3)Cl)NS(=O)(=O)C4=CC=C(S4)Cl,576.5
214348,C1=CC=C(C(=C1)C2=NN(C(=N2)C3=CC=CC=C3O)C4=CC=C(C=C4)C(=O)O)O,373.4
216237,CC1=CC=CC=C1C(=O)NC2=CC(=C(C=C2)C(=O)N3CCCC(C4=C3C=CC(=C4)Cl)O)C,448.9
220401,CN[C@H]1CCC2=CC(=C(C(=C2C3=CC=C(C(=O)C=C13)OC)OC)OC)OC,371.4
222757,C[C@]12CC[C@H]3[C@H]([C@@H]1CC[C@@H]2O)CCC4=C3C=CC(=C4)OC(=O)C5=CC=CC=C5,376.5
222786,C[C@]12CCC(=O)C=C1CC[C@@H]3[C@@H]2C(=O)C[C@]4([C@H]3CC[C@@]4(C(=O)CO)O)C,360.4
223368,C[C@]12CC[C@H]3C(=CCC4=C3C=CC(=C4)O)[C@@H]1CCC2=O,268.3
224246,CC(=O)OCC(=O)[C@]1(CC[C@@H]2[C@@]1(C[C@@H]([C@]3([C@H]2CCC4=CC(=O)C=C[C@@]43C)F)O)C)O,420.5
229295,CCCCCCC(=O)O[C@]1(CC[C@@H]2[C@@]1(CC[C@H]3[C@H]2CCC4=CC(=O)CC[C@H]34)C)C#C,410.6
229455,C[C@]12CC[C@H]3[C@H]([C@@H]1CC[C@@H]2OC(=O)CCC4=CC=CC=C4)CCC5=CC(=O)CC[C@H]35,406.6
231084,CC(C)CCC(=O)O[C@H]1CC[C@@H]2[C@@]1(CC[C@H]3[C@H]2CCC4=CC(=O)CC[C@]34C)C,386.6
235905,C[C@]12CC[C@H]3[C@H]([C@@H]1CC[C@]2(CC=C)O)CCC4=CCCC[C@H]34,300.5
236702,C[C@@H]1C[C@H]2[C@@H]3CCC4=CC(=O)C=C[C@@]4([C@]3([C@H](C[C@@]2([C@]1(C(=O)COC(=O)C)O)C)O)F)C,434.5
243274,CCOC(=O)C(=C(C1=CC=CC=C1)C2=CC=CC=C2)C#N,277.3
247839,C[C@H]1C[C@H]2[C@@H]3CC[C@@H]([C@]3(C[C@@H]([C@@H]2[C@@]4(C1=CC(=O)CC4)C)O)C)C(=O)C,344.5
248271,CCCCCCC(=O)O[C@H]1CC[C@@H]2[C@@]1(CC[C@H]3[C@H]2CC[C@@H]4[C@@]3(C(=CC(=O)C4)C)C)C,414.6
249494,CC(CCCC(C)(C)O)CCO,174.28
250948,CC1=C[C@@H]2[C@H](CC[C@]3([C@H]2CC(=C)[C@@]3(C(=O)C)OC(=O)C)C)[C@@]4(C1=CC(=O)CC4)C,396.5
259329,C[C@]12CC[C@H]3[C@H]([C@@H]1CC[C@@H]2OP(=O)(O)O)CCC4=C3C=CC(=C4)OC(=O)N(CCCl)CCCl,520.4
259331,C[C@]12CC[C@H]3[C@H]([C@@H]1CC[C@@H]2O)CCC4=C3C=CC(=C4)OC(=O)N(CCCl)CCCl,440.4
299728,C1=CC=C(C=C1)[Bi](C2=CC=CC=C2)(C3=CC=CC=C3)(Cl)Cl,511.2
320930,C1C2=CC(=C(C=C2[C@@H]3[C@]1(COC4=C3C=CC(=C4O)O)O)O)O,302.28
338733,CC(C)CCCCCCC1=CC=C(C=C1)O,220.35
357904,CC1=C(C(C(=C(N1)C)C(=O)OCCCN2CCC(CC2)(C3=CC=CC=C3)C4=CC=CC=C4)C5=CC(=CC=C5)[N+](=O)[O-])C(=O)OC.Cl,646.2
387179,C1=CC(=C(C=C1O)C=O)Br,201.02
387447,B([C@H](CC(C)C)NC(=O)[C@H](CC1=CC=CC=C1)NC(=O)C2=NC=CN=C2)(O)O,384.2
406563,CC1=CC=C(C=C1)S(=O)(=O)O.CNC(=O)C1=NC=CC(=C1)OC2=CC=C(C=C2)NC(=O)NC3=CC(=C(C=C3)Cl)C(F)(F)F,637.0
439501,C[C@H]1[C@@H]([C@H]([C@H]([C@@H](O1)O[C@H]2C[C@H]([C@@]3([C@@H]4[C@@H](CC[C@@]3(C2)O)[C@]5(CC[C@@H]([C@]5(C[C@H]4O)C)C6=CC(=O)OC6)O)CO)O)O)O)O,584.7
440707,C[C@]12CCC(=O)C=C1CC[C@@H]3[C@@H]2CC[C@]4([C@H]3CC[C@@]4(C(=O)CO)O)C,346.5
441140,C[C@@H]1CC(=O)C=C([C@]12C(=O)C3=C(O2)C(=C(C=C3OC)OC)Cl)OC,352.8
441207,C[C@@H]1[C@H]([C@H](C[C@@H](O1)O[C@@H]2[C@H](O[C@H](C[C@@H]2O)O[C@@H]3[C@H](O[C@H](C[C@@H]3O)O[C@H]4CC[C@]5([C@@H](C4)CC[C@@H]6[C@@H]5CC[C@]7([C@@]6(CC[C@@H]7C8=CC(=O)OC8)O)C)C)C)C)O)O,764.9
441336,C[C@@H]1C[C@H]2[C@@H]3CCC4=CC(=O)C=C[C@@]4([C@]3([C@H](C[C@@]2([C@]1(C(=O)CCl)OC(=O)C5=CC=CO5)C)O)Cl)C,521.4
441351,CC(=O)O[C@H]1[C@H](C[C@@H]2[C@@]1(CC[C@H]3[C@H]2CC[C@@H]4[C@@]3(C[C@@H]([C@H](C4)O)N5CCOCC5)C)C)[N+]6(CCCC6)CC=C.[Br-],609.7
441406,C[C@]12CCC(=O)C=C1CC[C@@H]3[C@@H]2[C@H](C[C@]4([C@H]3CC[C@@]4(C(=O)COP(=O)([O-])[O-])O)C)O.[Na+].[Na+],486.4
442872,C1CCN2[C@H](C1)[C@]34C[C@H]2C=CC3=CC(=O)O4,217.26
443101,C[N+]1=C2C=C(C=CC2=CC3=C1C=C(C=C3)N)N.C1=CC(=CC2=NC3=C(C=CC(=C3)N)C=C21)N.[Cl-],469.0
443311,CN(C)C1=NC=NC2=C1N=CN2[C@H]3[C@@H]([C@@H]([C@H](O3)CO)NC(=O)[C@H](CC4=CC=C(C=C4)OC)N)O.Cl.Cl,544.4
443375,CN1C2=CC=CC=C2C(=N[C@@H](C1=O)NC(=O)C3=CC4=CC=CC=C4N3)C5=CC=CC=C5,408.5
443753,CC(C)(CO)[C@H](C(=O)NCCC(=O)[O-])O.CC(C)(CO)[C@H](C(=O)NCCC(=O)[O-])O.[Ca+2],476.5
443831,C[C@H]1[C@H]([C@H](C[C@@H](O1)O[C@H]2C[C@@](CC3=C2C(=C4C(=C3O)C(=O)C5=C(C4=O)C(=CC=C5)O)O)(C(=O)C)O)N)O,513.5
443868,CC1=C([C@@H](C(=C(N1)C)C(=O)O[C@H]2CCN(C2)CC3=CC=CC=C3)C4=CC(=CC=C4)[N+](=O)[O-])C(=O)OC.Cl,528.0
443872,C[C@]12CCC(=O)C=C1C[C@H]([C@@H]3[C@]24[C@H](O4)C[C@]5([C@H]3CC[C@@]56CCC(=O)O6)C)C(=O)OC,414.5
443884,C[C@@H](CO)NC(=O)[C@H]1CN([C@@H]2CC3=CNC4=CC=CC(=C34)C2=C1)C,325.4
443928,C[C@@H]1C[C@H]2[C@@H]3C[C@@H](C4=CC(=O)C=C[C@@]4([C@H]3[C@H](C[C@@]2([C@]1(C(=O)COC(=O)C)O)C)O)C)F,434.5
443935,C[C@]12CC[C@H]3[C@H]([C@@H]1CC[C@@H]2O)CC[C@@H]4[C@@]3(C[C@@H]5[C@H](C4)S5)C,306.5
443936,CCCC(=O)O[C@@]1(CC[C@@H]2[C@@]1(C[C@@H]([C@]3([C@H]2C[C@@H](C4=CC(=O)C=C[C@@]43C)F)F)O)C)C(=O)COC(=O)C,508.5
443939,C[C@H]1[C@H]([C@H](C[C@@H](O1)O[C@H]2C[C@@](CC3=C2C(=C4C(=C3O)C(=O)C5=C(C4=O)C(=CC=C5)OC)O)(C(=O)CO)O)N)O.Cl,580.0
443947,CC[C@H]1C[C@H]2[C@@H]3CCC4=CC(=O)CC[C@@H]4[C@H]3CC[C@@]2([C@H]1O)C,302.5
443955,CC[C@@]12CCCN3[C@@H]1C4=C(CC3)C5=CC=CC=C5N4C(=C2)C(=O)OCC,350.5
444000,C[C@]12CC[C@H]3[C@H]([C@@H]1CC[C@@H]2OP(=O)([O-])[O-])CCC4=C3C=CC(=C4)OC(=O)N(CCCl)CCCl.[Na+].[Na+],564.3
444008,C[C@@H]1CC2=C(CCC(=O)C2)[C@@H]3[C@@H]1[C@@H]4CC[C@]([C@]4(CC3)C)(C#C)O,312.4
444021,CC1=CC=C(C=C1)S(=O)(=O)O.CC1([C@@H](N2[C@H](S1)[C@@H](C2=O)NC(=O)[C@@H](C3=CC=CC=C3)N)C(=O)OCOC(=O)[C@H]4C(S(=O)(=O)[C@H]5N4C(=O)C5)(C)C)C,766.9
444025,CCOC(=O)O[C@@]1(CC[C@@H]2[C@@]1(C[C@@H]([C@H]3[C@H]2CCC4=CC(=O)C=C[C@]34C)O)C)C(=O)OCCl,466.9
444795,CC1=C(C(CCC1)(C)C)/C=C/C(=C/C=C/C(=C/C(=O)O)/C)/C,300.4
445154,C1=CC(=CC=C1/C=C/C2=CC(=CC(=C2)O)O)O,228.24
445643,C[C@@H]1C[C@@H]([C@@H]2[C@H](C[C@H]([C@@](O2)(C(=O)C(=O)N3CCCC[C@H]3C(=O)O[C@@H]([C@@H]([C@H](CC(=O)[C@@H](/C=C(/C1)\C)CC=C)O)C)/C(=C/[C@@H]4CC[C@H]([C@@H](C4)OC)O)/C)O)C)OC)OC,804.0
446541,CC1=C2COC(=O)C2=C(C(=C1OC)C/C=C(\C)/CCC(=O)O)O,320.3
446925,CC(=CCC/C(=C/C=C/C(=C/C=C/C(=C/C=C/C=C(/C=C/C=C(/C=C/C=C(/CCC=C(C)C)\C)\C)\C)/C)/C)/C)C,536.9
448013,C[C@H]1CCC[C@@]2([C@@H](O2)C[C@H](OC(=O)C[C@@H](C(C(=O)[C@@H]([C@H]1O)C)(C)C)O)/C(=C/C3=CSC(=N3)C)/C)C,507.7
448537,CC/C(=C(/CC)\C1=CC=C(C=C1)O)/C2=CC=C(C=C2)O,268.3
449171,CC1=C(C(CCC1)(C)C)/C=C/C(=C\C=C\C(=C\C(=O)O)\C)/C,300.4
449459,CC/C(=C(\C1=CC=C(C=C1)O)/C2=CC=C(C=C2)OCCN(C)C)/C3=CC=CC=C3,387.5
451668,C1[C@@H]([C@H](O[C@H]1N2C=NC(=NC2=O)N)CO)O,228.21
454216,CCCCC(=O)OCC(=O)[C@]1(C[C@@H](C2=C(C1)C(=C3C(=C2O)C(=O)C4=C(C3=O)C=CC=C4OC)O)O[C@H]5C[C@@H]([C@@H]([C@@H](O5)C)O)NC(=O)C(F)(F)F)O,723.6
454937,C([C@@H]1[C@H]([C@@H]([C@H](C(O1)[S-])O)O)O)O.[Au+],392.18
457193,C[C@@H]1[C@@H](C(=O)N[C@@H](C(=O)N2CCC[C@H]2C(=O)N(CC(=O)N([C@H](C(=O)O1)C(C)C)C)C)C(C)C)NC(=O)C3=C4C(=C(C=C3)C)OC5=C(C(=O)C(=C(C5=N4)C(=O)N[C@H]6[C@H](OC(=O)[C@@H](N(C(=O)CN(C(=O)[C@@H]7CCCN7C(=O)[C@H](NC6=O)C(C)C)C)C)C(C)C)C)N)C,1255.4
460612,C1=CC(=CC=C1C[C@@H](C(=O)O)N)N(CCCl)CCCl,305.20
468595,CC[C@@H]([C@H](C)O)N1C(=O)N(C=N1)C2=CC=C(C=C2)N3CCN(CC3)C4=CC=C(C=C4)OC[C@H]5C[C@](OC5)(CN6C=NC=N6)C7=C(C=C(C=C7)F)F,700.8
472335,CC[C@@]1(C2=C(COC1=O)C(=O)N3CC4=CC5=C(C=CC=C5[N+](=O)[O-])N=C4C3=C2)O,393.3
586708,CCCCCCCCCOC(=O)C1=CC=C(C=C1)O,264.36
610479,CC1=C(C=CC=C1Cl)NC2=CC=CC=C2C(=O)O,261.70
627458,COC1=C(C=CC(=C1)Cl)OC2=C(C=C(C=C2)Cl)Cl,303.6
636362,C[C@H]1[C@H]([C@H](C[C@@H](O1)O[C@H]2C[C@@](CC3=C2C(=C4C(=C3O)C(=O)C5=CC=CC=C5C4=O)O)(C(=O)C)O)N)O.Cl,534.0
636374,CCC(=O)OCC(=O)[C@]1([C@@H](C[C@@H]2[C@@]1(C[C@@H]([C@H]3[C@H]2[C@@H](CC4=CC(=O)C=C[C@]34C)Cl)O)C)C)OC(=O)CC,521.0
636398,CCCC(=O)O[C@@]1(CC[C@@H]2[C@@]1(C[C@@H]([C@H]3[C@H]2CCC4=CC(=O)CC[C@]34C)O)C)C(=O)COC(=O)CC,488.6
637511,C1=CC=C(C=C1)/C=C/C=O,132.16
637930,C(=C/C#N)\C#N,78.07
638024,C1CCN(CC1)C(=O)/C=C/C=C/C2=CC3=C(C=C2)OCO3,285.34
643684,CCCCCC[C@H](C/C=C\CCCCCCCC(=O)O)O,298.5
643820,CC(=CCC/C(=C\CO)/C)C,154.25
644213,C1=CC=C(C=C1)NC(=O)C2=C(C=CC(=C2)[N+](=O)[O-])Cl,276.67
644280,C1=CC(=C(C=C1C[C@@H](C(=O)O)N)I)OC2=CC(=C(C(=C2)I)O)I,650.97
656583,C[C@]12CC[C@H]3[C@H]([C@@H]1CC[C@@H]2O)CC[C@]45[C@@]3(CC(=C([C@H]4O5)O)C#N)C,329.4
656667,CC1=C([C@H](C(=C(N1)C)C(=O)O[C@@H]2CCCN(C2)CC3=CC=CC=C3)C4=CC(=CC=C4)[N+](=O)[O-])C(=O)OC.Cl,542.0
656804,C[C@]12C[C@@H]([C@H]3[C@H]([C@@H]1CC[C@@]2(C(=O)COC(=O)CCC(=O)O)O)CCC4=CC(=O)C=C[C@]34C)O,460.5
657220,CC/C(=C(/CC)\C1=CC=C(C=C1)OC(=O)CC)/C2=CC=C(C=C2)OC(=O)CC,380.5
667476,C/C=C(/C(=C/C)/C1=CC=C(C=C1)O)\C2=CC=C(C=C2)O,266.3
667493,CC1=CC(=O)NC(=S)N1,142.18
697993,C1=CC=C2C(=C1)NC(=S)S2,167.3
833466,C=CCC1=C(C=CC(=C1)S(=O)(=O)C2=CC(=C(C=C2)O)CC=C)O,330.4
969491,C1[C@@H]2[C@H]3[C@@H]([C@H]1[C@H]4[C@@H]2O4)[C@]5(C(=C([C@@]3(C5(Cl)Cl)Cl)Cl)Cl)Cl,380.9
1013376,CC(=O)NC1=CC=C(C=C1)NC(=S)NC(=O)C2=CC=C(C=C2)C(C)(C)C,369.5
1548943,CC(C)/C=C/CCCCC(=O)NCC1=CC(=C(C=C1)O)OC,305.4
1548955,CCN(CC)CCOC1=CC=C(C=C1)/C(=C(/C2=CC=CC=C2)\Cl)/C3=CC=CC=C3,406.0
1549520,C/C(=C\C1=CC=CC=C1)/[N+](=O)[O-],163.17
1550232,COC1=C(C=CC(=C1)/C=C/2\CCC/C(=C/C3=CC(=C(C=C3)O)OC)/C2=O)O,366.4
1910825,CCCCN(CCCC)C1=CC(=C(C=C1)C(=O)C2=CC=CC=C2C(=O)O)O,369.5
2723715,C1=CC2=C(C3=C(C=CC=N3)C=C2)N=C1.O.Cl,234.68
2723951,C(#N)/C(=C(\C#N)/N)/N,108.10
2724189,C(=S)(NN)NN,106.15
2724259,CCCCCCCCCCCCCCCCOCCOCCOCCOCCOCCOCCOCCOCCOCCOCCOCCOCCOCCOCCOCCOCCOCCOCCOCCOCCO,1123.5
2724385,C[C@@H]1[C@H]([C@H](C[C@@H](O1)O[C@@H]2[C@H](O[C@H](C[C@@H]2O)O[C@@H]3[C@H](O[C@H](C[C@@H]3O)O[C@H]4CC[C@]5([C@@H](C4)CC[C@@H]6[C@@H]5C[C@H]([C@]7([C@@]6(CC[C@@H]7C8=CC(=O)OC8)O)C)O)C)C)C)O)O,780.9
2724411,CN(C)C1=CC=C(C=C1)C(=C2C=CC(=[N+](C)C)C=C2)C3=CC=CC=C3.CN(C)C1=CC=C(C=C1)C(=C2C=CC(=[N+](C)C)C=C2)C3=CC=CC=C3.C(=O)(C(=O)O)O.C(=O)(C(=O)[O-])O.C(=O)(C(=O)[O-])O,927.0
2733525,CC/C(=C(\C1=CC=CC=C1)/C2=CC=C(C=C2)OCCN(C)C)/C3=CC=CC=C3.C(C(=O)O)C(CC(=O)O)(C(=O)O)O,563.6
2733526,CC/C(=C(\C1=CC=CC=C1)/C2=CC=C(C=C2)OCCN(C)C)/C3=CC=CC=C3,371.5
2733673,COC1=CC=C(C=C1)[C@H]2[C@H](C(=O)NC3=CC=CC=C3S2)O,301.4
2734117,CCCCCCCC[N+](CCCCCCCC)(CCCCCCCC)CCCCCCCC.[Br-],546.8
2734225,CCCCCCCCCCN1C=C[N+](=C1)C.[Cl-],258.83
2734227,CCCCCCCCCCCCN1C=C[N+](=C1)C.[Cl-],286.9
2734229,CCCCCCCCCCCCCCN1C=C[N+](=C1)C.[Cl-],314.9
2734231,CCCCCCCCCCCCCCCCN1C=C[N+](=C1)C.[Cl-],343.0
2734956,COC1=CC=C(C=C1)N.Cl,159.61
2775940,CCCCCCCCCCN1C=C[N+](=C1C)CCCCCCCCCC.[Cl-],399.1
2776282,C(=O)(C(C(C(C(C(C(C(F)(F)F)(F)F)(F)F)(F)F)(F)F)(F)F)(F)F)[O-].[NH4+],431.10
2999413,C[C@H]1CCC[C@@H](CCCCCC2=C(C(=CC(=C2)O)O)C(=O)O1)O,322.4
3002190,CC[C@@H]1[C@@]2([C@@H]([C@H](C(=O)[C@@H](C[C@@]([C@@H]([C@H](C(=O)[C@H](C(=O)O1)C)C)O[C@H]3[C@@H]([C@H](C[C@H](O3)C)N(C)C)O)(C)OC)C)C)N(C(=O)O2)CCCCN4C=C(N=C4)C5=CN=CC=C5)C,812.0
3003141,C1[C@H](S/C(=C(\C#N)/N2C=CN=C2)/S1)C3=C(C=C(C=C3)Cl)Cl,354.3
3005572,CN(C)CCOC1=CC=C(C=C1)/C(=C(/CCCl)\C2=CC=CC=C2)/C3=CC=CC=C3.C(C(=O)O)C(CC(=O)O)(C(=O)O)O,598.1
3014138,CC1=C(C(=CC=C1)O)N,123.15
3015167,CCCCCCCC[P+](CCCCCCCC)(CCCCCCCC)CCCCCCCC.[Br-],563.8
3033825,C[C@@H]1CC(=O)NN=C1C2=CC=C(C=C2)NN=C(C#N)C#N,280.28
3033832,CCN(CC)CCOC1=CC=C(C=C1)/C(=C(/C2=CC=CC=C2)\Cl)/C3=CC=CC=C3.C(C(=O)O)C(CC(=O)O)(C(=O)O)O,598.1
3033968,CC[C@]12CC[C@H]3[C@H]([C@@H]1C=C[C@]2(C#C)O)CCC4=CC(=O)CC[C@H]34,310.4
3034010,CCCCCCCCCCC[C@@H](C[C@H]1[C@@H](C(=O)O1)CCCCCC)OC(=O)[C@H](CC(C)C)NC=O,495.7
3034285,CO/C=C(\C1=CC=CC=C1OC2=NC=NC(=C2)OC3=CC=CC=C3C#N)/C(=O)OC,403.4
3034351,CCOC(=O)CN1C2=C(C=CC=C2Cl)SC1=O,271.72
3034658,CC(=O)[C@]1(CC[C@@H]2[C@@]1(C[C@@H](C3([C@H]2CCC4=CC(=O)CC[C@@]43C)F)O)C)O,364.4
3050408,CC1=C(C=CC(=C1)N2C(=O)NC(=O)N(C2=O)C)OC3=CC=C(C=C3)S(=O)(=O)C(F)(F)F,457.4
3060974,CC1=CC(=C(C(=C1)C)N=C2C=C3C4=CC(=C(C=C4CCN3C(=O)N2C)OC)OC)C.Cl,441.9
3062316,CC1=C(C(=CC=C1)Cl)NC(=O)C2=CN=C(S2)NC3=CC(=NC(=N3)C)N4CCN(CC4)CCO,488.0
3068143,CC[C@H]1CN2CCC3=CC(=C(C=C3[C@@H]2C[C@@H]1C[C@@H]4C5=CC(=C(C=C5CCN4)OC)OC)OC)OC.Cl.Cl,553.6
3086172,CC1([C@@H]([C@@H]1C(=O)O[C@@H](C#N)C2=CC(=CC=C2)OC3=CC=CC=C3)C=C(Cl)Cl)C,416.3
3086618,C1C[C@H](CN(C1)CCC2=CC3=C(C=C2)OCO3)OC(C4=CC=CC=C4)C5=CC=CC=C5,415.5
3317081,C1=CC=C(C(=C1)C2C(O2)(CN3C=NC=N3)C4=CC=C(C=C4)F)Cl,329.8
3378440,C1=CC(=C2C(=C1[N+](=O)[O-])C(=O)C3=C(C=CC(=C3C2=O)O)[N+](=O)[O-])O,330.21
3391107,C1=CC(=CC=C1OC2=C3C(=CC(=CC3=NC=C2)Cl)Cl)F,308.1
3485262,CN(C)C(=S)[S-].CN(C)C(=S)[S-].[Zn+2],305.8
3794540,C1=CC=C(C(=C1)C=O)S(=O)(=O)[O-].[Na+],208.17
3894848,C1=C(C(=CC(=C1Cl)[N+](=O)[O-])O)N,188.57
4128060,CC(COC(C)COC(=O)C=C)OCC(C)OC(=O)C=C,300.35
4373502,C1=CC(=CC=C1C2=CSC(=N2)NN)[N+](=O)[O-],236.25
4420067,CCCCCCCCCCCSCC(=O)O,246.41
4443516,C=CC(=O)OCC(COC1=CC=CC=C1)O,222.24
4659569,CC1=CC=C(C=C1)C(=O)C2=CC(=C(C(=C2)O)O)[N+](=O)[O-],273.24
4984721,C1=CC(=C(C=C1[N+](=O)[O-])O)N,154.12
5018304,C1=CC=C(C(=C1)CC(=O)[O-])NC2=C(C=CC=C2Cl)Cl.[Na+],318.1
5280343,C1=CC(=C(C=C1C2=C(C(=O)C3=C(C=C(C=C3O2)O)O)O)O)O,302.23
5280373,COC1=CC=C(C=C1)C2=COC3=CC(=CC(=C3C2=O)O)O,284.26
5280443,C1=CC(=CC=C1C2=CC(=O)C3=C(C=C(C=C3O2)O)O)O,270.24
5280863,C1=CC(=CC=C1C2=C(C(=O)C3=C(C=C(C=C3O2)O)O)O)O,286.24
5280899,CC1=C(C(C[C@@H](C1)O)(C)C)/C=C/C(=C/C=C/C(=C/C=C/C=C(/C=C/C=C(/C=C/C2=C(C[C@H](CC2(C)C)O)C)\C)\C)/C)/C,568.9
5280961,C1=CC(=CC=C1C2=COC3=CC(=CC(=C3C2=O)O)O)O,270.24
5281004,CCCC1O[C@@H]2C[C@H]3[C@@H]4CCC5=CC(=O)C=C[C@@]5([C@H]4[C@H](C[C@@]3([C@@]2(O1)C(=O)CO)C)O)C,430.5
5281034,C[C@]12CC[C@H]3[C@H]([C@@H]1CC[C@]2(C)O)CC[C@@H]4[C@@]3(C/C(=C/O)/C(=O)C4)C,332.5
5281055,CN(CCOC1=CC=C(C=C1)CC2C(=O)NC(=O)S2)C3=CC=CC=N3.C(=C\C(=O)O)\C(=O)O,473.5
5281078,CC1=C2COC(=O)C2=C(C(=C1OC)C/C=C(\C)/CCC(=O)OCCN3CCOCC3)O,433.5
5281091,CC(C)(C)C(C)([C@H]1C[C@@]23CC[C@@]1([C@H]4[C@@]25CCN([C@@H]3CC6=C5C(=C(C=C6)O)O4)CC7CC7)OC)O.Cl,504.1
5281104,C[C@H](/C=C/[C@H](C)C(C)(C)O)[C@H]1CC[C@@H]\2[C@@]1(CCC/C2=C\C=C3C[C@H](C[C@@H](C3)O)O)C,416.6
5281567,COC1=CC(=O)O[C@H](C1)/C=C/C2=CC3=C(C=C2)OCO3,274.27
5281576,C[C@H]1CCCC(=O)CCC/C=C/C2=C(C(=CC(=C2)O)O)C(=O)O1,318.4
5281607,C1=CC=C(C=C1)C2=CC(=O)C3=C(C=C(C=C3O2)O)O,254.24
5281873,CC1(C(C1C(=O)OC(C#N)C2=CC(=CC=C2)OC3=CC=CC=C3)/C=C(/C(F)(F)F)\Cl)C,449.8
5281875,CC1(CN=C(NC1)NN=C(/C=C/C2=CC=C(C=C2)C(F)(F)F)/C=C/C3=CC=C(C=C3)C(F)(F)F)C,494.5
5282138,CC1=C(C(C(=C(N1)C)C(=O)OC/C=C/C2=CC=CC=C2)C3=CC(=CC=C3)[N+](=O)[O-])C(=O)OCCOC,492.5
5282164,C[C@H](CCC=C(C)C)[C@H]1CC[C@@]2([C@@]1(CC[C@]34[C@H]2CC[C@@H]5[C@]3(C4)CC[C@@H](C5(C)C)OC(=O)/C=C/C6=CC(=C(C=C6)O)OC)C)C,602.9
5282198,CCOC(=O)/C=C(\C)/C=C/C[C@@H](C)CCCC(C)C,266.4
5282209,CO[C@H]1[C@@H](C[C@@H]2CN3CCC4=C([C@H]3C[C@@H]2[C@@H]1C(=O)OC)NC5=C4C=CC(=C5)OC)OC(=O)/C=C/C6=CC(=C(C=C6)O)OC,590.7
5282219,CC(=CCOC1=CC=C(C=C1)/C=C/C(=O)C2=C(C=C(C=C2)OCC=C(C)C)OCC(=O)O)C,450.5
5282375,CCOC(=O)/C=C(\C)/C=C/C=C(\C)/C=C/C1=C(C(=C(C=C1C)OC)C)C,354.5
5282379,CC1=C(C(CCC1)(C)C)/C=C/C(=C/C=C/C(=C\C(=O)O)/C)/C,300.4
5282433,CCCCCOC1=CC=CC=C1/C(=C\SC)/N2C=CN=C2,302.4
5282451,C1C(C1)C2=NC3=CC=CC=C3C(=C2/C=C/[C@@H](O)C[C@@H](O)CC(=O)[O-])C4=CC=C(C=C4)F.C1C(C1)C2=NC3=CC=CC=C3C(=C2/C=C/[C@@H](O)C[C@@H](O)CC(=O)[O-])C4=CC=C(C=C4)F.[Ca+2],881.0
5282493,C[C@@H]1C[C@H]2[C@@H]3C[C@@H](C4=CC(=O)C=C[C@@]4([C@]3([C@H](C[C@@]2([C@H]1C(=O)COC(=O)C(C)(C)C)C)O)Cl)C)F,495.0
5282494,CCCCC(=O)O[C@@]1(CC[C@@H]2[C@@]1(C[C@@H]([C@H]3[C@H]2CCC4=CC(=O)CC[C@]34C)O)C)C(=O)CO,446.6
5283349,CCCCC/C=C/C=C/C=O,152.23
5283389,CCCCC/C=C\C/C=C\C/C=C\C/C=C\CCCC(=O)NCC(=O)O,361.5
5283711,C[C@H](CCCC(C)C)[C@H]1CC[C@@H]\2[C@@]1(CCC/C2=C\C=C\3/C[C@H](CCC3=C)O)C,384.6
5283718,C[C@H](CCCC(C)C)[C@H]1CC[C@@H]\2[C@@]1(CCC/C2=C\C=C\3/C[C@H](C[C@@H](C3=C)O)O)C,400.6
5283740,C[C@H](CCCC(C)(C)O)[C@H]1CC[C@@H]\2[C@@]1(CCC/C2=C\C=C\3/C[C@H](C[C@@H](C3=C)O)O)C,416.6
5284341,C1=CC=C(C=C1)C2=CC=C(C=C2)N.Cl,205.68
5284363,C1=CC(=CC=C1N)Cl.Cl,164.03
5284416,[Cl-].[Cl-].[Hg+2],271.50
5284441,CC(COC1=CC=CC=C1)N(CCCl)CC2=CC=CC=C2.Cl,340.3
5284452,C1=CC(=C(C=C1C2=C(C(=O)C3=C(C=C(C=C3O2)O)O)O)O)O.O.O,338.27
5284459,C1=CC=C(C=C1)/C=C/[N+](=O)[O-],149.15
5284462,COP(=O)(OC)O/C(=C\Cl)/C1=CC(=C(C=C1Cl)Cl)Cl,366.0
5284469,C=C1C(C2(C(C(C1(C2(Cl)Cl)Cl)Cl)Cl)Cl)(CCl)CCl,411.8
5284483,CCCCN(CCCC)C(=S)[S-].CCCCN(CCCC)C(=S)[S-].[Zn+2],474.1
5284513,CC1=CC(=C(C(=C1/C=C/C(=C/C=C/C(=C/C(=O)O)/C)/C)C)C)OC,326.4
5284533,CC(=O)[C@]1(CC[C@@H]2[C@@]1(CC[C@H]3[C@H]2C=C(C4=CC(=O)CC[C@]34C)Cl)C)O,362.9
5284537,CC(=O)[C@]1(CC[C@@H]2[C@@]1(CC[C@H]3[C@H]2C=C(C4=CC(=O)[C@@H]5C[C@@H]5[C@]34C)Cl)C)O,374.9
5284557,C[C@]12CCC(=O)C=C1CC[C@@H]3[C@@H]2CC[C@]4([C@H]3CC[C@]4(C#C)O)C,312.4
5284587,C[C@H]1C[C@H]2[C@@H]3CCC4=CC(=O)C=C[C@@]4([C@H]3C(=O)C[C@@]2([C@]1(C(=O)CO)O)C)C,372.5
5284610,C[C@@H]1[C@H]([C@@H](C[C@@H](O1)O[C@@H]2C[C@@H](O[C@@H]([C@@H]2O)C)OC3=CC4=CC5=C(C(=O)[C@H](C(C5)[C@@H](C(=O)[C@H]([C@@H](C)O)O)OC)O[C@H]6C[C@H]([C@@H]([C@H](O6)C)O)O[C@H]7C[C@H]([C@@H]([C@H](O7)C)O)O[C@H]8C[C@]([C@@H]([C@H](O8)C)O)(C)O)C(=C4C(=C3C)O)O)O)O,1085.1
5284623,COC1=CC(=CC(=C1O)OC)[C@H]2[C@@H]3C(COC3=O)C(C4=CC5=C(C=C24)OCO5)O[C@H]6[C@@H]([C@H]([C@H]7[C@H](O6)COC(O7)C8=CC=CS8)O)O,656.7
5288209,CC1=C(C(CCC1)(C)C)/C=C/C(=C/C=C/C(=C/C(=O)NC2=CC=C(C=C2)O)/C)/C,391.5
5311051,C[C@H]1C[C@H]2[C@@H]3CCC4=CC(=O)C=C[C@@]4([C@]3([C@H](C[C@@]2([C@]1(C(=O)CCl)O)C)O)F)C,410.9
5311067,C[C@@H]1C[C@H]2[C@@H]3CCC4=CC(=O)C=C[C@@]4([C@]3([C@H](C[C@@]2([C@H]1C(=O)CO)C)O)F)C,376.5
5311454,CC(C)(C)C(/C=C/C1=CC2=C(C=C1)OCO2)O,234.29
5318517,C[C@@]12CC[C@H]([C@@]([C@H]1CCC(=C)[C@H]2C/C=C/3\[C@@H](COC3=O)O)(C)CO)O,350.4
5329098,CC1=CC(=C(N1)/C=C\2/C3=CC=CC=C3NC2=O)C,238.28
5355130,CCCCC(CC)COC(=O)/C=C/C1=CC=C(C=C1)OC,290.4
5355863,C/C(=C\C(=O)OC)/OP(=O)(OC)OC,224.15
5360487,C1=CC(=CC=C1CCO)NC2=C3C(=C(C=C2)O)C(=O)C4=C(C=CC(=C4C3=O)[N+](=O)[O-])O,420.4
5361514,CC(C)[C@H](C1=CC=C(C=C1)Cl)C(=O)O[C@@H](C#N)C2=CC(=CC=C2)OC3=CC=CC=C3,419.9
5362123,CCOC(=O)[C@H](CCC1=CC=CC=C1)N[C@H]2CCC3=CC=CC=C3N(C2=O)CC(=O)O.Cl,460.9
5362376,CCOC1=CC=CC=C1OCCN[C@H](C)CC2=CC(=C(C=C2)OC)S(=O)(=O)N.Cl,445.0
5362708,CCCCCCCCC/C=C/CC1CC(=O)OC1=O,266.38
5364713,CCCCCCCC/C=C\CCCCCCCCOCCO,312.5
5364932,CC(C)(C)/C(=N\OC(=O)NC)/CSC,218.32
5365672,CCCCC/C=C/C/C=C/CCCCCCCC(=O)OCC,308.5
5368491,CCCCC/C(=C\C1=CC=CC=C1)/CO,204.31
5371728,CCCCCCCC/C=C\CCCCCCCC(=O)N(CCO)CCO,369.6
5372405,CCNP(=S)(OC)O/C(=C/C(=O)OC(C)C)/C,281.31
5377323,C1=CC=C(C=C1)C(=O)/C=C/C2=CC=C(C=C2)[N+](=O)[O-],253.25
5377791,CCOP(=O)(OCC)O/C(=C/Cl)/C1=C(C=C(C=C1)Cl)Cl,359.6
5387121,C1=CC=C(C=C1)COC(=O)/N=N/C(=O)OCC2=CC=CC=C2,298.29
5388983,CC[C@@]1(C[C@H]2C[C@@](C3=C(CCN(C2)C1)C4=CC=CC=C4N3)(C5=C(C=C6C(=C5)[C@]78CCN9[C@H]7[C@@](C=CC9)([C@H]([C@@]([C@@H]8N6C)(C(=O)OC)O)OC(=O)C)CC)OC)C(=O)OC)O.OS(=O)(=O)O,909.1
5420805,C/C/1=C/CC[C@@]2([C@@H](O2)[C@@H]3[C@@H](CC1)C(=C)C(=O)O3)C,248.32
5702068,CC(=O)OCC(=O)[C@]1(CCC2[C@@]1(C[C@@H](C3C2CCC4=CC(=O)CC[C@]34C)O)C)O,404.5
5702220,CN(CC1=C(C(=CC(=C1)Br)Br)N)C2CCCCC2.Cl,412.59
5702746,CC[C@H](C)COC(=O)/C=C/C1=CC=C(C=C1)N=CC2=CC=C(C=C2)OC,351.4
5709759,CCN\1C2=CC=CC=C2S/C1=C\C=C\C3=[N+](C4=CC=CC=C4S3)CC.[I-],492.4
5803450,CCC(=O)/C=C/C1=CC=C(C=C1)OC,190.24
5805243,C/C=C(/C(=C/C)/C1=CC=C(C=C1)OC(=O)C)\C2=CC=C(C=C2)OC(=O)C,350.4
5842000,COP(=O)(OC)O/C(=C/Cl)/C1=CC(=C(C=C1Cl)Cl)Cl,366.0
5889665,COC1=C(C=C(C=C1)/C(=C/C(=O)N2CCOCC2)/C3=CC=C(C=C3)Cl)OC,387.9
6040503,CC(=O)/C=C/C1=CC2=C(C=C1)OCO2,190.19
6063342,COC1=CC=C(C=C1)/C=C/C(=O)C2=C(C=C(C=C2)OC)OC,298.3
6112114,CC1=CC=CC=C1OCC2=CC=CC=C2/C(=N\OC)/C(=O)OC,313.3
6321253,CCN(CC)C(=O)N[C@H]1CN([C@H]2CC3=CNC4=CC=CC(=C34)C2=C1)C,338.4
6321424,CC[C@H](C)[C@@H]1[C@H](CC[C@@]2(O1)C[C@@H]3C[C@H](O2)C/C=C(/[C@H]([C@H](/C=C/C=C/4\CO[C@H]5[C@@]4([C@@H](C=C([C@H]5O)C)C(=O)O3)O)C)O[C@H]6C[C@@H]([C@H]([C@@H](O6)C)O[C@H]7C[C@@H]([C@H]([C@@H](O7)C)O)OC)OC)\C)C,875.1
6327657,C1=CC=C(C=C1)[Sn](C2=CC=CC=C2)C3=CC=CC=C3.O,368.0
6422843,COC(=O)N(C1=CC=CC=C1COC2=NN(C=C2)C3=CC=C(C=C3)Cl)OC,387.8
6432394,CCOC(=O)C1(CCN(CC1)CCC(C#N)(C2=CC=CC=C2)C3=CC=CC=C3)C4=CC=CC=C4.Cl,489.0
6433339,CC[N+](CC)(CC)CCOC1=CC=C(C=C1)/C=C/C2=CC=CC=C2.[I-],451.4
6434889,CC[C@H](C)[C@@H]1[C@H](C=C[C@@]2(O1)C[C@@H]3C[C@H](O2)C/C=C(/[C@H]([C@H](/C=C/C=C/4\CO[C@H]5[C@@]4([C@@H](C=C([C@H]5O)C)C(=O)O3)O)C)O[C@H]6C[C@@H]([C@H]([C@@H](O6)C)O[C@H]7C[C@@H]([C@H]([C@@H](O7)C)O)OC)OC)\C)C,873.1
6436449,CC1(CC/C(=C/C2=CC=C(C=C2)Cl)/C1(CN3C=NC=N3)O)C,317.8
6436605,CC(C)(C)C(/C(=C\C1=C(C=C(C=C1)Cl)Cl)/N2C=NC=N2)O,326.2
6439929,C/C=C\1/C(=O)C[C@@H]2[C@@]1(CC[C@H]3[C@H]2CCC4=CC(=O)CC[C@]34C)C,312.4
6440554,CC1([C@H]([C@H]1C(=O)O[C@H](C#N)C2=CC(=CC=C2)OC3=CC=CC=C3)/C=C(/C(F)(F)F)\Cl)C,449.8
6440940,C[C@@H]1CC[C@H](C2=C(CC[C@H]12)C)/C=C(\C)/C(=O)O,234.33
6450278,C/C=C/1\C(=O)C[C@@H]2[C@@]1(CC[C@H]3[C@H]2CCC4=CC(=O)CC[C@]34C)C,312.4
6450551,CNC(=O)C1=CC=CC=C1SC2=CC3=C(C=C2)C(=NN3)/C=C/C4=CC=CC=N4,386.5
6451142,C1CC1(C(CC2=CC=CC=C2Cl)(CN3C(=S)N=CN3)O)Cl,344.3
6451325,C1[C@H]([C@H](CN1C(=O)[C@@H]([C@H](CC2=CC=CC=C2)NC(=O)C3=CC4=C(N3)C=CC(=C4)Cl)O)O)O,457.9
6456015,CCN(CC)CCNC(=O)C1=C(NC(=C1C)/C=C\2/C3=C(C=CC(=C3)F)NC2=O)C.C([C@@H](C(=O)O)O)C(=O)O,532.6
6505803,C[C@H]1C[C@@H]([C@@H]([C@H](/C=C(/[C@@H]([C@H](/C=C\C=C(\C(=O)NC2=CC(=O)C(=C(C1)C2=O)NCC=C)/C)OC)OC(=O)N)\C)C)O)OC,585.7
6506392,C[C@H](CCCC(C)(C)O)[C@H]1CC[C@@H]\2[C@@]1(CCC/C2=C\C=C\3/C[C@H](CCC3=C)O)C,400.6
6526396,CC(C)OC(=O)OC(C)OC(=O)C1=C(CS[C@H]2N1C(=O)[C@H]2NC(=O)/C(=N\OC)/C3=CSC(=N3)N)COC,557.6
6536972,C[C@H](/C=C/[C@H](C)C(C)C)[C@H]1CC[C@@H]\2[C@@]1(CCC/C2=C\C=C\3/C[C@H](CCC3=C)O)C,396.6
6537495,CC(=O)[O-].CC(=O)[O-].O.O.[Cd+2],266.53
6540478,CC[C@]12CC[C@H]3[C@H]([C@@H]1CC[C@]2(C#C)OC(=O)C)CCC4=C/C(=N/O)/CC[C@H]34,369.5
6603901,CCCC1=C(C=CC(=C1O)C(=O)C)OCCCOC2=CC=C(C=C2)OCC(=O)O,402.4
6604200,C1C(=O)NC(=O)N1/N=C/C2=CC=C(O2)[N+](=O)[O-],238.16
6708701,C[C@]12C3CCC([C@]1(C(=O)OC2=O)C)O3,196.20
6714002,CCC(=O)OCC(=O)[C@]1(CC[C@@H]2[C@@]1(C[C@@H]([C@H]3[C@H]2CCC4=CC(=O)C=C[C@]34C)O)C)OC(=O)OCC,488.6
6857648,[C-]#N.[C-]#N.[K+].[Au+],288.10
6917715,CC[C@]12CC(=C)[C@H]3[C@H]([C@@H]1CC[C@]2(C#C)O)CCC4=CC(=O)CC[C@H]34,324.5
6918155,CC(C)C(=O)OCC(=O)[C@@]12[C@@H](C[C@@H]3[C@@]1(C[C@@H]([C@H]4[C@H]3CCC5=CC(=O)C=C[C@]45C)O)C)O[C@H](O2)C6CCCCC6,540.7
6918178,CCC(=O)O[C@@]1([C@H](C[C@@H]2[C@@]1(C[C@@H]([C@]3([C@H]2C[C@@H](C4=CC(=O)C=C[C@@]43C)F)F)O)C)C)C(=O)CCl,485.0
6918454,C1CC1CONC(=O)C2=C(C(=C(C=C2)F)F)NC3=C(C=C(C=C3)I)Cl,478.7
6918543,CS(=O)(=O)O.CS(=O)(=O)O.C=CCNC1=NC(=NC(=N1)N2CCN(CC2)C(C3=CC=C(C=C3)F)C4=CC=C(C=C4)F)NCC=C,669.8
6918686,CCCCN1C(=O)[C@H](NC(=O)C12CCN(CC2)CC3=CC=C(C=C3)OC4=CC=C(C=C4)C(=O)O)[C@@H](C5CCCCC5)O.Cl,614.2
6975516,CCOC(=O)O[C@@H]([C@@H]1C[C@@H]2CCN1C[C@@H]2C=C)C3=C4C=C(C=CC4=NC=C3)OC,396.5
7048801,[C@@H]([C@H](C(=O)O)S)(C(=O)O)S,182.2
9552079,C1=CC(=CC=C1N/C(=N/C(=NCCCCCCN=C(/N=C(/NC2=CC=C(C=C2)Cl)\N)N)N)/N)Cl,505.4
9562059,CC(=O)O.CC(=O)O.C1=CC(=CC=C1N/C(=N/C(=NCCCCCCN=C(/N=C(/NC2=CC=C(C=C2)Cl)\N)N)N)/N)Cl,625.5
9568078,CC1=CC=C(C=C1)/C=N/N2C(=CSC2=S)C3=CC=CC=C3,310.4
9568628,CC[C@]12CC[C@H]3[C@H]([C@@H]1CC[C@]2(C#C)O)CCC4=C/C(=N/O)/CC[C@H]34,327.5
9570076,CC(C)N=C(N)/N=C(\N)/NC1=CC=C(C=C1)Cl.Cl,290.19
9570290,CCOP(=S)(OCC)O/N=C(\C#N)/C1=CC=CC=C1,298.30
9571016,C1=CC(=CC=C1N/C(=N/C(=NCCCCCCN=C(/N=C(/NC2=CC=C(C=C2)Cl)\N)N)N)/N)Cl.Cl.Cl,578.4
9576412,CC1=NN(C(=C1/C=N/OCC2=CC=C(C=C2)C(=O)OC(C)(C)C)OC3=CC=CC=C3)C,421.5
9577124,CC[C@@]1(C2=C(COC1=O)C(=O)N3CC4=C(C5=CC=CC=C5N=C4C3=C2)/C=N/OC(C)(C)C)O,447.5
9578570,C/C(=N\OCC1=CC=CC=C1/C(=N/OC)/C(=O)OC)/C2=CC(=CC=C2)C(F)(F)F,408.4
9799979,CCC1=NN(C2=C1C=CC(=C2)C3(CCC(CC3)C(=O)O)C#N)C4CCCCC4,379.5
9801803,C[C@H](/C=C/[C@H](C1CC1)O)[C@H]2CC[C@@H]\3[C@@]2(CCC/C3=C\C=C\4/C[C@H](C[C@@H](C4=C)O)O)C,412.6
9818306,CC(=O)OC1=CC2=C(C=C1)[C@H]3CC[C@]4([C@H]([C@@H]3CC2)CC[C@@H]4O)C,314.4
9819350,CC1=CC(=CC(=C1OC2=C3CCCC3=C(C=C2)O)C)NC(=O)C(=O)O,341.4
9827529,C1=CC(=CC(=C1)C(F)(F)F)/C(=N\NC(=O)NC2=CC=C(C=C2)OC(F)(F)F)/CC3=CC=C(C=C3)C#N,506.4
9831581,CCOC1=NC2=C(C=C1)NC=C(C2=O)C(=O)NCC3=CC=CC=C3,323.3
9833444,CSCC[C@@H](C(=O)NCC(=O)N[C@@H](CC1=CNC2=CC=CC=C21)C(=O)N[C@@H](CCSC)C(=O)N[C@@H](CC(=O)O)C(=O)N[C@@H](CC3=CC=CC=C3)C(=O)N)NC(=O)[C@H](CC4=CC=C(C=C4)OS(=O)(=O)O)NC(=O)[C@H](CC(=O)O)N,1143.3
9839306,CC1=C(C(=O)CC1OC(=O)C2C(C2(C)C)C=C(C)C)CC#C,300.4
9849425,C1=CC(=CC2=NC3=C(C=CC(=C3)N)C=C21)N.C1=CC(=CC2=NC3=C(C=CC(=C3)N)C=C21)N.OS(=O)(=O)O,516.6
9849616,CCC1=C(N(N=C1C(=O)NN2CCCCC2)C3=C(C=C(C=C3)Cl)Cl)C4=CC=C(C=C4)Br,522.3
9850056,CC1=CC2=C(C=C1)OC(=C2C3=CC=C(C=C3)Cl)CN(CC4=CC=CC=C4)C(=O)NC5=C(C=C(C=C5F)F)F,535.0
9861124,CNCC1=C(C=CC(=C1)F)OC2=CC(=C(C=C2)Cl)Cl,300.2
9865233,CC(C)(C1=NC2=NC=C(N2N=C1)C3=CC(=C(C=C3)F)C4=C(C=CC=C4F)C#N)O,391.4
9869105,C1CN(CCN1CCC2=CC(=O)N(C3=C2C=CC(=C3)F)CC(=O)N)C4=NC=CC5=C4C=CS5,465.5
9872438,CC(C)C1=C2C(=CC(=C1)OC)S(=O)(=O)N(C2=O)COC3=CC(=O)N4C=CC=C(C4=N3)OCCN5CCCCC5,556.6
9882837,C1C2C(C3=C1C=C(C=C3)Cl)(N=C(S2)C4=CC=CC=C4)O,301.8
9885850,C1=C2C(C(=O)N(C2=CC(=C1F)Cl)C(=O)N)C(=O)C3=CC(=CS3)Cl,373.2
9888347,CC[C@H]1CC[C@@H]([C@@H](N1)C2=CC=CC=C2)NCC3=CC4=C(C=C3OC)[C@H]5C[C@H]5C(=O)N4C,419.6
9889168,CCCCCCCCCCCCCC[P+](CCCC)(CCCC)CCCC.[Cl-],435.1
9895468,CN(C)C(=O)[C@@H]1C[C@H](CN1[C@]2(C3=C(C=CC(=C3)Cl)N(C2=O)S(=O)(=O)C4=C(C=C(C=C4)OC)OC)C5=CC=CC=C5OC)O,630.1
9909677,CCN(CC)CCNC1=C2C(=C(C=C1)CNC=O)SC3=C(C2=O)C=C(C=C3)OC,413.5
9910986,CN1CC[C@@H]([C@@H](C1)O)C2=C(C=C(C3=C2OC(=CC3=O)C4=CC=CC=C4Cl)O)O.Cl,438.3
9931156,C1=CC=C(C=C1)OC2=NC=CC(=N2)C3=C(N=CN3C(CO)CO)C4=CC=C(C=C4)F,406.4
9935274,CC1=NC=CN1C2=CC=C(C=C2)SC3=CC=CC(=C3)C4(CCOCC4)C(=O)N.CS(=O)(=O)O,489.6
9936739,COC(=O)C12CC3=C(C1=NN(CO2)C(=O)N(C4=CC=C(C=C4)OC(F)(F)F)C(=O)OC)C=CC(=C3)Cl,527.8
9938056,CC1=C(C(=C(C2=C1O[C@](CC2)(C)CCC[C@H](C)CCC[C@H](C)CCCC(C)C)C)OC(=O)CCC(=O)OCCO)C,574.8
9969573,CCOC(=O)OC1=C(C(=O)NC12CCC(CC2)OC)C3=C(C=CC(=C3)C)C,373.4
10021362,C1CN(CCC1(C2=CC=C(C=C2)F)O)[C@@H]3COC4=C([C@@H]3O)C=CC(=C4)O,359.4
10041070,C[C@]12C=CC3=C4CCC(=O)C=C4CC[C@H]3[C@@H]1CC[C@]2(CC=C)O,310.4
10068207,CC1=C(C2=C(O1)C(=CC=C2)NC(=O)C3=C(C=CC=C3Cl)Cl)C(C)(C)O,378.2
10113978,CC1=C(C=C(C=C1)NC2=NC=CC(=N2)N(C)C3=CC4=NN(C(=C4C=C3)C)C)S(=O)(=O)N,437.5
10126299,CC1CC(=O)NN=C1C2=CC3=C(C=C2)N=C(N3)C4=CC=C(C=C4)OC.Cl,370.8
10134976,CC1=C(N=C(O1)C2=CC=CC=C2)CCOC3=CC=CC4=C3C=CN4CCC(=O)O,390.4
10201497,COC1=CC=C(C=C1)C(=O)NC2=NC3=CC=CC=C3C(=C2C#N)NCC4=CC=CC=C4,408.5
10233356,CCC1=C(C=CC(=C1)SCC2=C(N=C(S2)C3=CC=C(C=C3)C(F)(F)F)CN4CCN(CC4)C5=CC=C(C=C5)OC)OCC(=O)O,657.8
10250129,CCCCCCCCCCCCN1C=C[N+](=C1)C.F[P-](F)(F)(F)(F)F,396.39
10342051,CC(C)[C@@H](C1=CC=C(C=C1)Cl)C(=O)O[C@H](C#N)C2=CC(=CC=C2)OC3=CC=CC=C3,419.9
10345790,CN1C2=NC(=NC=C2CN(C1=O)C3=CC=CC=C3Br)NC4=CC5=C(C=C4)OC(CO5)CO,498.3
10403199,C[C@@]1(C(=O)N(C(=N1)SC)NC2=CC=CC=C2)C3=CC=CC=C3,311.4
10455790,C1CN2C(=O)[C@@H](N=C(C3=CC=CC1=C32)C4=CC=CC=C4F)NC(=O)C5=CC6=CC=CC=C6N5,438.5
10476437,CC(=O)[C@]1(CC[C@@H]2[C@@]1(C[C@@H]([C@]3([C@H]2CCC4=CC(=O)CC[C@@]43C)F)O)C)OC(=O)C,406.5
10937610,CCOC(=O)C1=NN(C(C1)(C)C(=O)OCC)C2=C(C=C(C=C2)Cl)Cl,373.2
11048796,CO/N=C(\C1=CC=CC=C1OC2=C(C(=NC=N2)OC3=CC=CC=C3Cl)F)/C4=NOCCO4,458.8
11140605,CCC1=CC=CC(=C1N([C@@H](C)COC)C(=O)CCl)C,283.79
11181836,CCCCCCCCCCCCCC[P+](CCCCCC)(CCCCCC)CCCCCC.C(F)(F)(F)S(=O)(=O)[N-]S(=O)(=O)C(F)(F)F,764.0
11193251,CC1=C(C=CC(=C1)C(C(F)(F)F)(C(F)(F)F)F)NC(=O)C2=C(C(=CC=C2)I)C(=O)NC(C)(C)CS(=O)(=O)C,682.4
11285653,CO/C=C(\C1=CC=CC=C1COC2=CC=CC(=N2)C(F)(F)F)/C(=O)OC,367.3
11296583,C[C@H]1[C@H]([C@H](C[C@@H](O1)O[C@H]2C[C@@](CC3=C2C(=C4C(=C3O)C(=O)C5=C(C4=O)C(=CC=C5)OC)O)(C(=O)CO)O)N)O[C@@H]6CCCCO6,627.6
11375816,CCCCCCCCCCCCCC[P+](CCCCCC)(CCCCCC)CCCCCC.[Cl-],519.3
11402127,[N+](=O)(O)[O-].[N+](=O)(O)[O-].[Cd],238.44
11437710,C1=CC(=CC(=C1)C(F)(F)F)C(=O)CC2=CC=C(C=C2)C#N,289.25
11461044,[B-](F)(F)(F)F.CCCCCCCCCCN1C=C[N+](=C1)C,310.18
11472813,C1=CC(=C(C=C1N(CC(=O)N)CC(F)(F)F)C(F)(F)F)C#N,325.21
11477651,CCCOC1=C(C(=C(S1)C(=O)N2CCC(CC2)C3=C(C=CC(=C3)CN)F)C)Br.Cl,505.9
11556711,CC(C)C[C@@H](C(=O)[C@]1(CO1)C)NC(=O)[C@H](CC2=CC=CC=C2)NC(=O)[C@H](CC(C)C)NC(=O)[C@H](CCC3=CC=CC=C3)NC(=O)CN4CCOCC4,719.9
11626384,C1CC2=C(C=CC(=C2)F)O[C@H]1[C@H](CNC[C@@H]([C@@H]3CCC4=C(O3)C=CC(=C4)F)O)O.Cl,441.9
11723708,CC(C)C1=C(C(=CC=C1)C(C)C)N2C(=O)C3=C(C2=O)C=C(C=C3)O,323.4
11826859,CC(C)(C(=O)OCC=C)OC(=O)C1=C(C=CC(=C1)N2C(=O)C=C(N(C2=O)C)C(F)(F)F)Cl,474.8
11876263,C[C@]12CC[C@H]3[C@H]([C@@H]1CC[C@@H]2C(=O)COC(=O)C(C)(C)C)CCC4=CC(=O)CC[C@]34C,414.6
11957654,CN1CCN(CC1)C2CC3=CC=CC=C3SC4=C2C=C(C=C4)Cl.C(=C\C(=O)O)\C(=O)O,461.0
11957725,C1CCN(CC1)CC2=CC(=CC=C2)OCCCNC3=NC4=CC=CC=C4S3.C(=C\C(=O)O)\C(=O)O.C(=C\C(=O)O)\C(=O)O,613.7
12038941,CC[N+]1=CC=CC=C1.[I-],235.07
12040509,CCCCCCCCCCN1C=C[N+](=C1)C.C(F)(F)(F)S(=O)(=O)[N-]S(=O)(=O)C(F)(F)F,503.5
12148754,C1CN(CCC1C(=O)O)C2=C(C=C(C=C2)F)NC(=O)NC(=O)C3=CC(=C(C=C3Cl)F)F,455.8
12309460,C1[C@@H]2[C@H](COS(=O)O1)[C@@]3(C(=C([C@]2(C3(Cl)Cl)Cl)Cl)Cl)Cl,406.9
12310947,C1[C@@H]2C=C[C@H]1[C@H]3[C@@H]2[C@]4(C(=C([C@@]3(C4(Cl)Cl)Cl)Cl)Cl)Cl,364.9
12358480,C1[C@@H]2[C@@H]3[C@H]([C@H]1[C@H]4[C@@H]2O4)[C@@]5(C(=C([C@]3(C5(Cl)Cl)Cl)Cl)Cl)Cl,380.9
12472902,C1=CC(=C(C=C1C(=O)C2=C(C=C(C=C2)O)O)O)O,246.21
12797557,CC(C)[C@@H](C1=CC=C(C=C1)OC(F)F)C(=O)OC(C#N)C2=CC(=CC=C2)OC3=CC=CC=C3,451.5
12895035,C[C@H](CC[C@H](C(C)(C)O)O)[C@H]1CC[C@@H]\2[C@@]1(CCC/C2=C\C=C\3/C[C@H](CCC3=C)O)C,416.6
12922658,CCC1C(C2[C@@](O2)(/C=C/C(=O)[C@@H](C[C@@H]([C@@H]([C@H]([C@@H](CC(=O)O1)O)C)O[C@H]3[C@@H]([C@H](C[C@H](O3)C)N(C)C)O)CC=O)C)C)C,581.7
13218777,C[C@H]1[C@@H](SC(=O)N1C(=O)NC2CCCCC2)C3=CC=C(C=C3)Cl,352.9
14720269,CC1=C(C=CN=C1CS(=O)C2=NC3=CC=CC=C3[N-]2)OCCCOC.[Na+],381.4
15981450,CC1=CC2=C(C=C1C(F)(F)F)N(CC2)C(=O)NC3=CN=C(C=C3)OC4=C(N=CC=C4)C.Cl,464.9
15984075,CN1CC[C@]23[C@@H]4[C@H]1CC5=C2C(=C(C=C5)OC)O[C@H]3[C@H](C=C4)O.Cl,335.8
16051941,CCC1=C[C@H]2C[C@@](C3=C(CN(C2)C1)C4=CC=CC=C4N3)(C5=C(C=C6C(=C5)[C@]78CCN9[C@H]7[C@@](C=CC9)([C@H]([C@@]([C@@H]8N6C)(C(=O)OC)O)OC(=O)C)CC)OC)C(=O)OC.C(C(C(=O)O)O)(C(=O)O)O.C(C(C(=O)O)O)(C(=O)O)O,1079.1
16052038,CCCCCCCCCCCCCCCC(=O)O[C@@H]1[C@H]([C@H]([C@H](O[C@@H]1SC)[C@@H]([C@H](C)Cl)NC(=O)[C@@H]2C[C@H](CN2C)CCC)O)O.Cl,699.9
16129778,C1=C(C=C(C(=C1O)O)O)C(=O)OC2=CC(=CC(=C2O)O)C(=O)OC[C@@H]3[C@H]([C@@H]([C@H]([C@@H](O3)OC(=O)C4=CC(=C(C(=C4)OC(=O)C5=CC(=C(C(=C5)O)O)O)O)O)OC(=O)C6=CC(=C(C(=C6)OC(=O)C7=CC(=C(C(=C7)O)O)O)O)O)OC(=O)C8=CC(=C(C(=C8)OC(=O)C9=CC(=C(C(=C9)O)O)O)O)O)OC(=O)C1=CC(=C(C(=C1)OC(=O)C1=CC(=C(C(=C1)O)O)O)O)O,1701.2
16211417,CCCCCCCCCCCCN1C=C[N+](=C1)C.[I-],378.34
16211849,CCN1C=C[N+](=C1)C.CS(=O)(=O)[O-],206.27
16212610,CCCCCCCCCCCCCC[P+](CCCCCC)(CCCCCC)CCCCCC.F[P-](F)(F)(F)(F)F,628.8
16217238,CCCCCCCCCCCCCC[P+](CCCCCC)(CCCCCC)CCCCCC.C(=[N-])=NC#N,549.9
16218822,CCCCCCCCCCCCCC[P+](CCCCCC)(CCCCCC)CCCCCC.[Br-],563.8
16682730,CC(=O)O[Hg]C1=CC=CC=C1,336.74
16682740,CCCC[Sn](CCCC)(OC(=O)C)OC(=O)C,351.03
16682804,CC(=O)O[Sn](C1=CC=CC=C1)(C2=CC=CC=C2)C3=CC=CC=C3,409.1
16682828,CCCC[Sn](CCCC)(CCCC)OC(=O)C(=C)C,375.1
16682834,CCCC[Sn](CCCC)(CCCC)OC(=O)C1=CC=CC=C1,411.2
16682935,CC1=C2C(=C(C=C1)[N+](=O)[O-])[Hg]O2,351.71
16682953,CC(=O)O[Pb](C1=CC=CC=C1)(C2=CC=CC=C2)C3=CC=CC=C3,497
16682999,C1=C(C=C2C(=C1O)O[Bi]O2)C(=O)O.O,395.10
16683023,CC(C(=O)O[Hg]C1=CC=CC=C1)O,366.77
16683072,CCCC[Sn](CCCC)(CCCC)OC(=O)C=C,361.11
16684434,CC[Hg]SC1=CC=CC=C1C(=O)[O-].[Na+],404.82
16722125,CC1([C@@H]([C@@H]1C(=O)OCC2=COC(=C2)CC3=CC=CC=C3)/C=C/4\CCSC4=O)C,396.5
16757820,COC(=O)C(C1=CC=CC=C1Cl)N2CCC3=C(C2)C=CS3.OS(=O)(=O)O,419.9
16760141,C[C@@H]\1C/C(=C/C[C@@H]2C[C@@H](C[C@@]3(O2)C/C(=N/OC)/[C@@H]([C@H](O3)/C(=C/C(C)C)/C)C)OC(=O)[C@@H]4C=C([C@H]([C@@H]5[C@]4(/C(=C/C=C1)/CO5)O)O)C)/C,639.8
16760569,CN(C)C(=O)CCSC(C1=CC=CC(=C1)/C=C/C2=NC3=C(C=CC(=C3)Cl)C=C2)SCCC(=O)[O-].[Na+],537.1
18173271,CC1=NC(=NO1)C2=CC3=C(CCN(CC3)CCC4CCC(CC4)NC(=O)/C=C/C5=CC=C(C=C5)F)C=C2.Cl,539.1
18506491,[B-](F)(F)(F)F.CCCCCCCCCCCCCCCCN1C=C[N+](=C1)C,394.3
18551400,CC(CC1=CC=C(C=C1)OCC(=O)O)NCC(C2=CSC(=N2)C(F)(F)F)O,404.4
20054868,C[C@@H]1[C@H]([C@@H](C[C@@H](O1)O[C@H]2[C@@H](CC3=C(C2=O)C(=C4C(=C3)C=C(C(=C4O)C)O[C@H]5C[C@H]([C@H]([C@H](O5)C)OC(=O)O)O[C@@H]6C[C@H]([C@H]([C@H](O6)C)OC)O)O)[C@@H](C(=O)[C@H]([C@@H](C)O)O)OC)O[C@H]7C[C@H]([C@@H]([C@H](O7)C)O)O[C@H]8C[C@]([C@H]([C@@H](O8)C)OC(=O)C)(C)O)O,1185.2
21881620,CC1=CC=C(C=C1)/C=C/2\C3CCC(C2=O)C3(C)C,240.34
22078297,CCCCCCCCCCN1C=C[N+](=C1)C.[Br-],303.28
22239085,CCCCCCCCCCN1C=C[N+](=C1)C.C(F)(F)(F)S(=O)(=O)[O-],372.4
22678982,CCCCCCCC[N+](C)(CCCCCCCC)CCCCCCCC.C(F)(F)(F)S(=O)(=O)[O-],517.8
22833294,CC1(C(=C)[C@@]2(C([C@]1(C(C2(Cl)Cl)(Cl)Cl)Cl)Cl)Cl)C,377.3
22833489,CCC(C(C(CC(C(C(C)Cl)Cl)Cl)Cl)Cl)Cl,348.9
22833503,CC[C@H](C)[C@@H]1[C@H](C=C[C@@]2(O1)C[C@@H]3C[C@H](O2)C/C=C(/[C@H]([C@H](/C=C/C=C/4\CO[C@H]5[C@@]4([C@@H](C=C([C@H]5O)C)C(=O)O3)O)C)O[C@H]6C[C@@H]([C@H]([C@@H](O6)C)O[C@H]7C[C@@H]([C@H]([C@@H](O7)C)[NH2+]C)OC)OC)\C)C.C1=CC=C(C=C1)C(=O)[O-],1008.2
23160059,CCCCCCCCCCCCN1C=C[N+](=C1)C.C(F)(F)(F)S(=O)(=O)[O-],400.5
23663400,C[C@@]1([C@@H](N2[C@H](S1(=O)=O)CC2=O)C(=O)[O-])CN3C=CN=N3.[Na+],322.28
23663539,C1(=C(C(=C(C(=C1Cl)Cl)Cl)Cl)Cl)[O-].[Na+],288.3
23663985,CC(C)(C)C(=O)OC1=CC=C(C=C1)S(=O)(=O)NC2=CC=CC=C2C(=O)NCC(=O)[O-].O.O.O.O.[Na+],528.5
23663992,CC(C)C1=C(C(=C(C(=N1)C(C)C)COC)C2=CC=C(C=C2)F)/C=C/[C@H](C[C@H](CC(=O)[O-])O)O.[Na+],481.5
23665583,COC1=CC=C(C=C1)C(=O)/C(=C\C(=O)[O-])/Br.[Na+],307.07
23666110,C1=CC(=C(C=C1OC2=C(C=C(C=C2I)C[C@@H](C(=O)[O-])N)I)I)O.[Na+],672.95
23667299,CC[C@]1(CC[C@@H](O1)[C@@]2(CC[C@@]3(O2)C[C@@H]([C@H]([C@H](O3)[C@@H](C)[C@H]([C@H](C)C(=O)[O-])OC)C)O)C)[C@H]4[C@H](C[C@@H](O4)[C@@H]5[C@H](C[C@H]([C@@](O5)(CO)O)C)C)C.[Na+],692.9
23667548,C([C@@H]([C@@H]1C(=C(C(=O)O1)O)[O-])O)O.[Na+],198.11
23668353,CCCCCCCCCCCCCOS(=O)(=O)[O-].[Na+],302.41
23670838,CCCCCCCCC1=CC=C(C=C1)S(=O)(=O)[O-].[Na+],292.37
23671691,C[C@]12CCC(=O)C=C1C=C[C@@H]3[C@@H]2CC[C@]4([C@H]3CC[C@]4(CCC(=O)[O-])O)C.[K+],396.6
23672302,CC(C)(C)C1=CC2=C(C=C1)C(=C(C=C2)C(C)(C)C)S(=O)(=O)[O-].[Na+],342.4
23672582,C[C@@H]1C[C@H]2[C@@H]3CCC4=CC(=O)C=C[C@@]4([C@]3([C@H](C[C@@]2([C@]1(C(=O)COC(=O)C5=CC(=CC=C5)S(=O)(=O)[O-])O)C)O)F)C.[Na+],598.6
23673837,CCCCC(CC)COC(=O)CC(C(=O)OCC(CC)CCCC)S(=O)(=O)[O-].[Na+],444.6
23674746,CCC1=C2C(=CC(=C1)C3=C(N(S(=O)(=O)C4=CC=CC=C43)C5=CC=CC=C5C(F)(F)F)C(=O)[O-])OCO2.[K+],555.6
23678979,CC(C)C1=CC2=CC[C@@H]3[C@@]([C@H]2CC1)(CCC[C@@]3(C)C(=O)[O-])C.[Na+],324.4
23680530,C[C@H]1C[C@H]2[C@@H]3CC[C@@]([C@]3(C[C@@H]([C@@H]2[C@@]4(C1=CC(=O)C=C4)C)O)C)(C(=O)COC(=O)CCC(=O)[O-])O.[Na+],496.5
23694214,C[C@]12CCC(=O)C=C1CC[C@@H]3[C@@H]2[C@H](C[C@]4([C@H]3CC[C@@]4(C(=O)COC(=O)CCC(=O)[O-])O)C)O.[Na+],484.5
23706212,CC(=O)CC(C1=CC=CC=C1)C2=C(C3=CC=CC=C3OC2=O)[O-].[K+],346.4
23716429,CCCCCC[C@H](C/C=C\CCCCCCCC(=O)[O-])O.[K+],336.6
24180685,CCCCCCCCCC(CC)C1=CC=C(C=C1)S(=O)(=O)[O-].CCCCCCCCCC(CC)C1=CC=C(C=C1)S(=O)(=O)[O-].[Ca+2],691.1
24809526,C1CC(CCC1NC2=NC=NC3=C2C=NN3)OC[C@@H](C4=CC=CC=C4F)F,373.4
24852044,CC[C@@H](C1=CC=CC=C1)NC(=O)C2=C(C=CC(=C2)F)[N-]S(=O)(=O)C3=CC=CC4=C3N=CC=C4.[Na+],485.5
24871267,CCCCNC1=C2C=NN(C2=NC(=C1C(=O)OCC)C)CC.Cl,340.8
24944555,CCCCCCCCCCCCCCCCCCN1C=C[N+](=C1)C.F[P-](F)(F)(F)(F)F,480.6
25015677,CN1CCC(CC1)NC(=O)C2=CC(=C(C=C2)NC3=NC=C4C(=N3)N(CC(C(=O)N4C)(F)F)C5CCCC5)OC,543.6
25099474,CC1=CN(C2=C1C=C(C=C2)F)NC(=O)C3=CN=C(N=C3C)C4=CC=CC=N4,361.4
44460585,CCC(C)[C@@H]1[C@H](C=C[C@@]2(O1)C[C@@H]3C[C@H](O2)C/C=C(/[C@H]([C@H](/C=C/C=C/4\CO[C@H]5[C@@]4([C@@H](C=C([C@H]5O)C)C(=O)O3)O)C)O[C@H]6C[C@@H]([C@H]([C@@H](O6)C)O[C@H]7C[C@@H]([C@@H]([C@@H](O7)C)NC(=O)C)OC)OC)\C)C,914.1
45006154,CC1=C(C=CC2=C1C(=NC(=N2)N)N)CNC3=CC(=C(C(=C3)OC)OC)OC.Cl.Cl.Cl,478.8
45073437,C1=CC(=C(C=C1Cl)Cl)/C(=C/N2C=NC=N2)/Cl.Cl,311.0
45356872,CC(C)(CCC[C@@](CC(=O)OC)(C(=O)O[C@H]1[C@H]2C3=CC4=C(C=C3CCN5C2(CCC5)C=C1OC)OCO4)O)O,545.6
46226173,[B-](F)(F)(F)F.CCCCCCCCCCCCN1C=C[N+](=C1)C,338.2
46780884,CN1CCN(CC1)CCCOC2=C(C=C3C(=C2)N=CC(=C3NC4=CC(=C(C=C4Cl)Cl)OC)C#N)OC.CO,562.5
46781343,CCCSC1=C(C=C(C(=C1)OC)CCN)OC.Cl,291.84
46861540,CN1CCC(CC1)NC2=NC=C3C(=N2)C(=NC=N3)NC4=CC(=C(C=C4)F)Cl.Cl.Cl,460.8
50878597,C1C2CNCC1C3=CC4=NC=CN=C4C=C23.Cl,247.72
53249535,C/C=C/C(=O)OC1=C(C=C(C=C1[N+](=O)[O-])[N+](=O)[O-])CCCCCC(C)C,364.4
53316382,C1=CC(=CC(=C1)F)CN2C3=C(C=C(C=C3)F)C=C2C(=O)NC4=CC5=C(C=C4)NC=C5,401.4
53316393,C1[C@@H](C=C[C@@H]1OC2=CC=CC(=C2)OC3=CC=C(C=C3)F)N(C(=O)N)O,344.3
53316398,CN1CCN([C@H](C1)C2=CC=C(C=C2)F)CC3=CC(=CO3)C4=CC5=C(C=C4)NC(=O)O5.O.Cl,461.9
53316406,CCN1C=C[N+](=C1)C.CCOP(=O)([O-])OCC,264.26
54676038,C1=CC=C2C(=C1)C(=C(C(=O)O2)CC3=C(C4=CC=CC=C4OC3=O)O)O,336.3
54678504,C1CC(C2=CC=CC=C2C1)C3=C(C4=CC=CC=C4OC3=O)O,292.3
54680085,C1=CC=C(C=C1)C(CC(C2=CC=C(C=C2)C3=CC=C(C=C3)Br)O)C4=C(C5=CC=CC=C5OC4=O)O,527.4
54682468,C[C@@]1([C@H]2C[C@H]3[C@@H](C(=O)C(=C([C@]3(C(=O)C2=C(C4=C(C=CC(=C41)Cl)O)O)O)O)C(=O)N)N(C)C)O.Cl,515.3
54685524,CCOC(=O)C(C1=C(C2=CC=CC=C2OC1=O)O)C3=C(C4=CC=CC=C4OC3=O)O,408.4
54685925,CN(C)[C@H]1[C@@H]2C[C@@H]3CC4=C(C=CC(=C4C(=C3C(=O)[C@@]2(C(=C(C1=O)C(=O)N)O)O)O)O)N(C)C.Cl,493.9
56638112,COC1=CC(=C(C=C1)C(=O)C2=CC(=CC=C2)O)OC,258.27
56649463,C[C@@H]1C[C@H]2[C@@H]3C[C@@H](C4=CC(=O)C(=C[C@@]4([C@]3([C@H](C[C@@]2([C@]1(C(=O)CO)O)C)O)F)C)Cl)F.O,462.9
56846451,COC1=C(C(=C(C=C1)CCN(CCC2=C(C(=C(C=C2)OC)OC)OC)C(=O)C(C3=CC=CC=C3)C4=NCCC5=CC(=C(C=C54)OC)OC)OC)OC.Cl,749.3
57333099,C[C@@H]([C@@H](C1=C(C=CC(=C1)OC)OC)O)N.Cl,247.72
59086459,CS(=O)(=O)C1=C(C=C(C=C1)[C@@H](CC2CCCC2)C(=O)NC3=NC=CN=C3)Cl,407.9
60196270,CC1=C(C=CC=C1NC2=C(C=CC=N2)C(=O)O)C(F)(F)F.CNC[C@@H]([C@H]([C@H]([C@@H](CO)O)O)O)O,491.5
60196278,CC(C)C[C@H]1C(=O)N[C@@H](C(=O)N2CCC[C@H]2C(=O)N[C@H](C(=O)NC(C(=O)N[C@H](C(=O)N[C@H](C(=O)N[C@H](C(=O)N[C@H](C(=O)N[C@H](C(=O)N1)CCCN)C(C)C)CC3=CC=C(C=C3)O)CCC(=O)O)CC(=O)O)CC4=CC=CC=C4)CC5=CC=CC=C5)CC6=CC=CC=C6,1272.4
60196293,C1CN2CCC1/C(=C(/COC3=CC4=C(C=C3)C5=CC=CC=C5N4)\F)/C2.Cl,372.9
60196297,CC1=CC(=O)N(C(=C1)CC(C)CC(C)(C)C)O.C(CN)CO,312.4
60196346,CC(=O)OCC(=O)[C@]1(C(=C)CC2[C@@]1(C[C@@H]([C@]3(C2CCC4=CC(=O)C=C[C@@]43C)F)O)C)O,432.5
60196359,C(C(C(=O)[O-])O)(C(=O)[O-])O.C(C(C(=O)[O-])O)(C(=O)[O-])O.O.O.O.[K+].[K+].[Sb].[Sb],671.90
60196366,C1=CC(=C(C=C1C(=N)N)Br)OCCCOC2=C(C=C(C=C2)C(=N)N)Br.Cl.Cl,543.1
60196375,CCCCCCCCCCCCCCCCN1C=C[N+](=C1)C.C(F)(F)(F)S(=O)(=O)[N-]S(=O)(=O)C(F)(F)F,587.7
60196379,CCCCCCCCCCCCCCN1C=C[N+](=C1)C.C(F)(F)(F)S(=O)(=O)[N-]S(=O)(=O)C(F)(F)F,559.6
60196403,COC1=CC=CC(=C1)C2=C(C=C(C=C2)/C=C\CN3CCCCCC3)Cl.Cl,392.4
60196405,C1CN2CCC1[C@@H](C2)[C@@H](C3=CC=CC=C3)NC(=O)C4=C(C=CC(=C4Cl)C(F)(F)F)Cl.Cl,493.8
60196406,CC1=CC(=C2C(=C1)C=C(N2CC(=O)O)C(=O)NC3=NC(=C(S3)CCC4CCCCC4)C5=CC(=C(C=C5OC)Cl)OC)C.C(=O)(C(F)(F)F)O,724.2
60196408,CCN(CC1=CN=CC=C1)C(=O)C2=C(C(=CC=C2)Cl)[C@]3(C4=C(C=CC(=C4)Cl)N(C3=O)CC5=C(C=C(C=C5)OC)OC)C.Cl,641.0
60196409,C1CC1N2CCC(CC2)NC(=O)C3=NC4=C(N3CC5=NOC(=C5)C6=CC=C(S6)Cl)C=CC(=C4)C(=O)[O-].[Na+],548.0
60196411,CC(=O)NC1(CCN(CC1)CC[C@]2(CN(C(=O)CO2)C3=CC=CC=C3)C4=CC(=C(C=C4)Cl)Cl)C5=CC(=CC=C5)F.C(CC(=O)O)C(=O)O,702.6
60196420,C1[C@@H]2C=C[C@@H]1[C@H]3[C@@H]2[C@]4(C(=C([C@@]3(C4(Cl)Cl)Cl)Cl)Cl)Cl,364.9
60196427,CC(C)CC(C)CC(C)CC(C)COC(=O)C1=CC=CC=C1C(=O)OCC(C)CC(C)CC(C)CC(C)C,530.8
60196430,CCC(C)(CCC(C)C)C(=O)[O-].CCC(C)(CCC(C)C)C(=O)[O-].[Zn+2],407.9
60196435,CC(=O)N1[C@@H]2[C@H]1[C@@]3([C@H](C4=C(C=C(C=C4OC)C=O)N(C2)O3)COC(=O)N)OC(=O)C,419.4
60196436,CC(C)(CNC1=NC=C2C(=CC(=O)N(C2=N1)C)OC3=C(C=C(C=C3)F)F)O.Cl,412.8
73415808,[C@@H]([C@H](C(=O)[O-])[O-])(C(=O)[O-])[O-].[C@@H]([C@H](C(=O)[O-])[O-])(C(=O)[O-])[O-].O.O.O.[K+].[K+].[Sb+3].[Sb+3],667.87
73896879,C[C@@H]1CC[C@H]2C[C@@H](C(=C/C=C\C=C\[C@H](C[C@H](C(=O)[C@@H]([C@@H](/C(=C\[C@H](C(=O)C[C@H](OC(=O)[C@@H]3CCCCN3C(=O)C(=O)[C@@]1(O2)O)[C@H](C)C[C@@H]4CC[C@H]([C@@H](C4)OC)O)C)/C)O)OC)C)C)C)OC,914.2
76973791,CC1=C(C=CC=C1O)C(=O)N[C@@H](CSC2=CC=CC=C2)[C@@H](CN3C[C@H]4CCCC[C@H]4C[C@H]3C(=O)NC(C)(C)C)O.CS(=O)(=O)O.O,681.9
86287521,C1=CC(=C(C=C1[N+](=O)[O-])[N+](=O)[O-])O/N=C/C2=CC(=C(C(=C2)Br)O)Br,461.02
86287525,CC1=C2C(=NN1)NC3=C(C=C(C=C3)[N+](=O)[O-])C(=N2)C4=CC=CC=C4Cl,353.8
91864482,CCC(=O)N([C@H]1CCN(C[C@H]1C)CCC2=CC=CS2)C3=CC=CC=C3.Cl,393.0
92044441,CC[C@H](C)C1C(=O)N[C@H](C(=O)NC(=C)C(=O)N[C@H](C(=O)N[C@]23CCC(=N[C@@H]2C4=CSC(=N4)[C@H]([C@H](OC(=O)C5=NC6=C(C=CC(C6O)N1)C(=C5)[C@H](C)O)C)NC(=O)C7=CSC(=N7)[C@@H](NC(=O)[C@H]8CSC(=N8)/C(=C/C)/NC(=O)C(NC(=O)C9=CSC3=N9)[C@@H](C)O)[C@@](C)([C@@H](C)O)O)C1=NC(=CS1)C(=O)NC(=C)C(=O)NC(=C)C(=O)N)C)C,1664.9
119057604,CCC(=O)N([C@H]1CCN(C[C@H]1C)CCC2=CC=CC=C2)C3=CC=CC=C3.Cl,387.0
135398737,CN1CCN(CC1)C2=NC3=C(C=CC(=C3)Cl)NC4=CC=CC=C42,326.8
135398739,C1C[C@@H](O[C@@H]1CO)N2C=NC3=C2N=CNC3=O,236.23
135400471,C1=CC=C(C(=C1)/C=N/NC(=O)C2=CC=NC=C2)O,241.24
135413536,C[C@H](C1=CC(=CC(=C1)C(F)(F)F)C(F)(F)F)O[C@@H]2[C@@H](N(CCO2)CC3=NNC(=O)N3)C4=CC=C(C=C4)F,534.4
135430323,CC1=CC(=O)C2=C(C3=C4C5=C2C1=C(C=C5C(C(=C4C(=O)C=C3O)O)(C)C)O)O,376.4
135449328,COCC(=O)NC1=C(C=CC(=C1)SC2=CC=CC=C2)N=C(NC(=O)OC)NC(=O)OC,446.5
135492483,CC/C(=N\OCC)/C1=C(CC(CC1=O)C2=C(C=C(C=C2C)C)C)O,329.4
135565674,CCCCCCOC(=O)NC(=N)C1=CC=C(C=C1)NCC2=NC3=C(N2C)C=CC(=C3)C(=O)N(CCC(=O)OCC)C4=CC=CC=N4,627.7
136122621,C[C@H]1/C=C\C=C(/C(=O)NC2=C(C(=C3C(=C2O)C(=C(C4=C3C(=O)[C@](O4)(OC=C[C@@H]([C@H]([C@H]([C@@H]([C@@H]([C@@H]([C@H]1O)C)O)C)OC(=O)C)C)OC)C)C)O)O)/C=N/N5CCN(CC5)C)\C,822.9
136122663,C[C@H]1/C=C\C=C(/C(=O)NC2=C(C(=C3C(=C2O)C(=C(C4=C3C(=O)[C@](O4)(OC=C[C@@H]([C@H]([C@H]([C@@H]([C@@H]([C@@H]([C@H]1O)C)O)C)OC(=O)C)C)OC)C)C)O)O)/C=N/N5CCN(CC5)C6CCCC6)\C,877.0
136276712,C[C@H]1/C=C\C=C(/C(=O)NC2=C(C3=C(C4=C(C(=C3O)C)O[C@@](C4=O)(OC=C[C@@H]([C@H]([C@H]([C@@H]([C@@H]([C@@H]([C@H]1O)C)O)C)OC(=O)C)C)OC)C)C5=NC6(CCN(CC6)CC(C)C)N=C25)O)\C,847.0
138394061,[H+].[H+].B([O-])([O-])[O-].C1=CC=[C-]C=C1.[Hg+2],338.52
