cid,smiles,molecular_weight
4,CC(CN)O,75.11
6,C1=CC(=C(C=C1[N+](=O)[O-])[N+](=O)[O-])Cl,202.55
11,C(CCl)Cl,98.96
13,C1=CC(=C(C=C1Cl)Cl)Cl,181.4
33,C(C=O)Cl,78.50
34,C(CCl)O,80.51
51,C(CC(=O)O)C(=O)C(=O)O,146.10
66,C1=CC(=C(C=C1Cl)O)Cl,163.00
72,C1=CC(=C(C=C1C(=O)O)O)O,154.12
79,C1=CC(=CN=C1)C#N,104.11
107,C1=CC=C(C=C1)CCC(=O)O,150.17
119,C(CC(=O)O)CN,103.12
135,C1=CC(=CC=C1C(=O)O)O,138.12
174,C(CO)O,62.07
176,CC(=O)O,60.05
177,CC=O,44.05
178,CC(=O)N,59.07
179,CC(C(=O)C)O,88.11
180,CC(=O)C,58.08
190,C1=NC2=NC=NC(=C2N1)N,135.13
196,C(CCC(=O)O)CC(=O)O,146.14
204,C1(C(=O)NC(=O)N1)NC(=O)N,158.12
227,C1=CC=C(C(=C1)C(=O)O)N,137.14
240,C1=CC=C(C=C1)C=O,106.12
241,C1=CC=CC=C1,78.11
243,C1=CC=C(C=C1)C(=O)O,122.12
244,C1=CC=C(C=C1)CO,108.14
247,C[N+](C)(C)CC(=O)[O-],117.15
261,CCCC=O,72.11
262,CC(C(C)O)O,90.12
263,CCCCO,74.12
264,CCCC(=O)O,88.11
289,C1=CC=C(C(=C1)O)O,110.11
299,C1(=O)C2(C3(C4(C1(C5(C2(C3(C(C45Cl)(Cl)Cl)Cl)Cl)Cl)Cl)Cl)Cl)Cl,490.6
300,C(C(=O)O)Cl,94.50
311,C(C(=O)O)C(CC(=O)O)(C(=O)O)O,192.12
323,C1=CC=C2C(=C1)C=CC(=O)O2,146.14
325,CC(C)C1=CC=C(C=C1)CO,150.22
326,CC(C)C1=CC=C(C=C1)C=O,148.20
332,COC1=C(C=CC(=C1)C=C)O,150.17
335,CC1=CC=CC=C1O,108.14
338,C1=CC=C(C(=C1)C(=O)O)O,138.12
342,CC1=CC(=CC=C1)O,108.14
356,CCCCCCCC,114.23
370,C1=C(C=C(C(=C1O)O)O)C(=O)O,170.12
379,CCCCCCCC(=O)O,144.21
385,C(CCC(=O)O)CCC(=O)O,160.17
398,CC(C)[N+](=O)[O-],89.09
403,C1=CC(=CC=C1N)O,109.13
447,C1=CC(=CC(=C1)Cl)C(=O)O,156.56
454,CCCCCCCC=O,128.21
460,COC1=CC=CC=C1O,124.14
464,C1=CC=C(C=C1)C(=O)NCC(=O)O,179.17
525,C(C(C(=O)O)O)C(=O)O,134.09
527,CCC=O,58.08
541,C1=CC(=CC=C1C=O)[N+](=O)[O-],151.12
546,C(C(=O)O)P(=O)(O)O,140.03
564,C(CCC(=O)O)CCN,131.17
568,C1=CC=C2C(=C1)C3=CC=CC=C3O2,168.19
594,C(C(C(=O)O)N)S,121.16
597,C1=C(NC(=O)N=C1)N,111.10
612,CC(C(=O)O)O,90.08
614,C1CC(NC1)C(=O)O,115.13
650,CC(=O)C(=O)C,86.09
660,C1CC(=O)OC2=CC=CC=C21,148.16
671,C1=CC=C2C(=C1)C(=CC(=C2O)C(=O)O)O,204.18
674,CNC,45.08
679,CS(=O)C,78.14
681,C1=CC(=C(C=C1CCN)O)O,153.18
700,C(CO)N,61.08
701,CCOC(=O)C(C)C(=O)C,144.17
702,CCO,46.07
712,C=O,30.026
713,C(=O)N,45.041
727,C1(C(C(C(C(C1Cl)Cl)Cl)Cl)Cl)Cl,290.8
743,C(CC(=O)O)CC(=O)O,132.11
750,C(C(=O)O)N,75.07
753,C(C(CO)O)O,92.09
757,C(C(=O)O)O,76.05
774,C1=C(NC=N1)CCN,111.15
785,C1=CC(=CC=C1O)O,110.11
795,C1=CN=CN1,68.08
798,C1=CC=C2C(=C1)C=CN2,117.15
802,C1=CC=C2C(=C1)C(=CN2)CC(=O)O,175.18
803,C1=CC=C2C(=C1)C(=CN2)CC(=O)C(=O)O,203.19
807,II,253.8089
811,C=C(CC(=O)O)C(=O)O,130.10
863,C1CSSC1CCCCC(=O)N,205.3
864,C1CSSC1CCCCC(=O)O,206.3
867,C(C(=O)O)C(=O)O,104.06
875,C(C(C(=O)O)O)(C(=O)O)O,150.09
876,CSCCC(C(=O)O)N,149.21
880,CC(=O)C=O,72.06
887,CO,32.042
892,C1(C(C(C(C(C1O)O)O)O)O)O,180.16
896,CC(=O)NCCC1=CNC2=C1C=C(C=C2)OC,232.28
904,CC(=O)NC1=CC=CC=C1,135.16
931,C1=CC=C2C=CC=CC2=C1,128.17
936,C1=CC(=CN=C1)C(=O)N,122.12
938,C1=CC(=CN=C1)C(=O)O,123.11
949,CN(C)C1=CC=CC=C1,121.18
957,CCCCCCCCO,130.23
967,C1=C(NC(=O)NC1=O)C(=O)O,156.10
970,C(C(=O)C(=O)O)C(=O)O,132.07
971,C(=O)(C(=O)O)O,90.03
978,C1=CC(=CC=C1C(=O)O)N,137.14
980,C1=CC(=CC=C1[N+](=O)[O-])O,139.11
985,CCCCCCCCCCCCCCCC(=O)O,256.42
991,CCOP(=S)(OCC)OC1=CC=C(C=C1)[N+](=O)[O-],291.26
992,C1(=C(C(=C(C(=C1Cl)Cl)Cl)Cl)Cl)O,266.3
994,C1=CC=C(C=C1)CC(C(=O)O)N,165.19
995,C1=CC=C2C(=C1)C=CC3=CC=CC=C32,178.23
996,C1=CC=C(C=C1)O,94.11
997,C1=CC=C(C=C1)CC(=O)C(=O)O,164.16
998,C1=CC=C(C=C1)CC=O,120.15
999,C1=CC=C(C=C1)CC(=O)O,136.15
1004,OP(=O)(O)O,97.995
1017,C1=CC=C(C(=C1)C(=O)O)C(=O)O,166.13
1018,C1=CC=NC(=C1)C(=O)O,123.11
1030,CC(CO)O,76.09
1031,CCCO,60.10
1032,CCC(=O)O,74.08
1046,C1=CN=C(C=N1)C(=O)N,123.11
1049,C1=CC=NC=C1,79.10
1050,CC1=NC=C(C(=C1O)C=O)CO,167.16
1053,CC1=NC=C(C(=C1O)CN)COP(=O)(O)O,248.17
1054,CC1=NC=C(C(=C1O)CO)CO,169.18
1057,C1=CC(=C(C(=C1)O)O)O,126.11
1060,CC(=O)C(=O)O,88.06
1066,C1=CC(=C(N=C1)C(=O)O)C(=O)O,167.12
1080,C(C(C(=O)O)N)SCC(=O)O,179.20
1091,O[Se](=O)O,128.99
1110,C(CC(=O)O)C(=O)O,118.09
1118,OS(=O)(=O)O,98.08
1123,C(CS(=O)(=O)O)N,125.15
1127,C1CCSC1,88.17
1133,C(C(=O)O)S,92.12
1135,CC1=CNC(=O)NC1=O,126.11
1136,CC1=C(SC=N1)CCO,143.21
1140,CC1=CC=CC=C1,92.14
1146,CN(C)C,59.11
1148,C1=CC=C2C(=C1)C(=CN2)CC(C(=O)O)N,204.22
1174,C1=CNC(=O)NC1=O,112.09
1175,C12=C(NC(=O)N1)NC(=O)NC2=O,168.11
1176,C(=O)(N)N,60.056
1183,COC1=C(C=CC(=C1)C=O)O,152.15
1254,CC1CCC(C(C1)O)C(C)C,156.26
1318,C1=CC2=C(C3=C(C=CC=N3)C=C2)N=C1,180.20
1345,CCC(C)N(C)C(=O)C1=CC2=CC=CC=C2C(=N1)C3=CC=CC=C3Cl,352.9
1355,C1CN(CCN1)C2=CC(=CC=C2)Cl,196.67
1359,C1=CC=C(C(=C1)C(F)(F)F)N2C=CN=C2,212.17
1390,CN1C=CN=C1,82.10
1392,CCCCCCCCCCCCCCCCCCOCC(COP(=O)([O-])OCC[N+](C)(C)C)OC,523.7
1474,C1=CC=NC(=C1)C2=CC=CC=N2,156.18
1480,C1=C(C(=CC(=C1Cl)Cl)Cl)OCC(=O)O,255.5
1483,C1=C(C=C(C(=C1Br)O)Br)Br,330.80
1486,C1=CC(=C(C=C1Cl)Cl)OCC(=O)O,221.03
1488,COC(=O)COC1=C(C=C(C=C1)Cl)Cl,235.06
1489,C1=CC(=C(C=C1Cl)Cl)OCCCC(=O)O,249.09
1491,C1=CC(=C(C=C1O)O)C(=O)O,154.12
1493,C1=CC(=C(C=C1[N+](=O)[O-])[N+](=O)[O-])O,184.11
1533,CC1=CC(=NC=C1)N,108.14
1539,C1C2=CC=CC=C2C3=C1C=C(C=C3)N,181.23
1639,C1=NNC(=N1)N,84.08
1672,COCCCN,89.14
1674,CC1=C2CCC3=C2C(=CC4=C3C=CC5=CC=CC=C54)C=C1,268.4
1676,CCCN1C2=C(C(=O)NC1=O)NC=N2,194.19
1678,C(C[N+](=O)[O-])C(=O)O,119.08
1684,CC1=CC(=CC(=C1OCCCC2=CC(=NO2)C)C)C3=NOC(=N3)C(F)(F)F,381.3
1687,CN1C2CCC1CC(C2)OC(C3=CC=CC=C3)C4=CC=C(C=C4)Cl,341.9
1727,C1=CN=CC=C1N,94.11
1730,C1=CC(=CC=C1C(=O)O)[Hg]Cl,357.16
1732,CC1=C(C=CC(=C1)O)Cl,142.58
1752,CCCCCCCCCC1=CC=C(C=C1)O,220.35
1775,C1=CC=C(C=C1)C2(C(=O)NC(=O)N2)C3=CC=CC=C3,252.27
1807,C1C(COCO1)([N+](=O)[O-])Br,212.00
1892,CN1C2=C(C(=O)N(C1=O)C)N(C=N2)CCO,224.22
1923,C1=CC2=C(C(=C1)O)N=CC=C2,145.16
1935,C1CCC2=NC3=CC=CC=C3C(=C2C1)N,198.26
1967,CC1=C(C(=O)C(=C(C1=O)C)CCCCC#CCCCC#CCO)C,326.4
1979,CC(=O)OC1CN2CCC1CC2,169.22
1981,CC1=C(C2=C(N1C(=O)C3=CC=C(C=C3)Cl)C=CC(=C2)OC)CC(=O)OCC(=O)O,415.8
1982,CC(=O)NP(=O)(OC)SC,183.17
1983,CC(=O)NC1=CC=C(C=C1)O,151.16
1984,CC(=O)NC1=CC=C(C=C1)OC(=O)C2=CC=CC=C2O,271.27
1985,CC(=O)NC1=C(C=CC(=C1)[As](=O)(O)O)O,275.09
1986,CC(=O)NC1=NN=C(S1)S(=O)(=O)N,222.3
1988,CCC1=CC=CC(=C1N(COCC)C(=O)CCl)C,269.77
1989,CC(=O)C1=CC=C(C=C1)S(=O)(=O)NC(=O)NC2CCCCC2,324.4
1990,CC(=O)NO,75.07
1999,CCC(C1=CC=CC=C1)C(=O)NC(=O)NC(=O)C,248.28
2000,CC(=O)NC(CC1=CC=CC=C1)C(=O)O,207.23
2005,CC(=O)NCCCCCC(=O)O,173.21
2006,C1=CC(=CC(=C1)NC(=O)C(=O)O)C2=NNN=N2,233.18
2018,CC(=O)NC1=CC=C(C=C1)CC(=O)O,193.20
2040,CC1=CC=CC=C1N2C(=NC3=C(C2=O)C=C(C=C3)N)CF,283.30
2051,COC1=C(C=C2C(=C1)C(=NC=N2)NC3=CC(=CC=C3)Cl)OC,315.75
2052,C1=CC(=C(C=C1C=C(C#N)C#N)O)O,186.17
2061,C1=C(C=C(C(=C1O)O)O)C=C(C#N)C#N,202.17
2075,C1=CC(=C(C=C1[N+](=O)[O-])Cl)C(=O)N,200.58
2078,CCC1=C(C(=CC=C1)CC)N(COC)C(=O)CCl,269.77
2081,CC(C(=O)OC(C)(C)CC1=CC=C(C=C1)Cl)N,255.74
2082,CCCSC1=CC2=C(C=C1)N=C(N2)NC(=O)OC,265.33
2083,CC(C)(C)NCC(C1=CC(=C(C=C1)O)CO)O,239.31
2118,CC1=NN=C2N1C3=C(C=C(C=C3)Cl)C(=NC2)C4=CC=CC=C4,308.8
2119,CC(C)NCC(COC1=CC=CC=C1CC=C)O,249.35
2120,C1=CC2=C3C(=C1)C(=O)N(C(=O)C3=CC=C2)CC(=O)O,255.22
2122,C=CCSCC1NC2=CC(=C(C=C2S(=O)(=O)N1)S(=O)(=O)N)Cl,383.9
2123,CN(C)C1=NC(=NC(=N1)N(C)C)N(C)C,210.28
2126,CC1(CCC(C2=C1C=CC(=C2)C(=O)NC3=CC=C(C=C3)C(=O)O)(C)C)C,351.4
2130,C1C2CC3CC1CC(C2)(C3)N,151.25
2140,CC(=O)NC1=C(C(=C(C(=C1I)C(=O)O)I)NC(=O)C)I,613.91
2141,C(CN)CNCCSP(=O)(O)O,214.23
2145,CCC1(CCC(=O)NC1=O)C2=CC=C(C=C2)N,232.28
2148,C1=CC(=CC=C1C(=O)NCC(=O)O)N,194.19
2149,C(C(CN)O)C(=O)O,119.12
2151,CC1=C(C(=O)N(N1C)C2=CC=CC=C2)N,203.24
2153,CN1C2=C(C(=O)N(C1=O)C)NC=N2,180.16
2155,C1=CSC(=N1)N,100.14
2157,CCCCC1=C(C2=CC=CC=C2O1)C(=O)C3=CC(=C(C(=C3)I)OCCN(CC)CC)I,645.3
2159,CCN1CCCC1CNC(=O)C2=CC(=C(C=C2OC)N)S(=O)(=O)CC,369.5
2161,CC(C)C1=CC2=C(C=C1)OC3=NC(=C(C=C3C2=O)C(=O)O)N,298.29
2164,CCC1(C(=O)NC(=O)NC1=O)CCC(C)C,226.27
2170,C1CN(CCN1)C2=NC3=CC=CC=C3OC4=C2C=C(C=C4)Cl,313.8
2176,CCOC(=O)OC(C)OC1=C(N(S(=O)(=O)C2=CC=CC=C21)C)C(=O)NC3=CC=CC=N3,447.5
2187,CC(C)(C#N)C1=CC(=CC(=C1)CN2C=NC=N2)C(C)(C)C#N,293.4
2194,COC1=CC=C(C=C1)C2=CC(=S)SS2,240.4
2196,COC1=CC=C(C=C1)C(=O)N2CCCC2=O,219.24
2197,COC1=CC=C(C=C1)C2C(=O)C3=CC=CC=C3C2=O,252.26
2201,C1=CC=C2C(=C1)C=C3C=CC=CC3=C2C(=O)O,222.24
2202,C1C2=C(C(=CC=C2)O)C(=O)C3=C1C=CC=C3O,226.23
2206,CC1=CC(=O)N(N1C)C2=CC=CC=C2,188.23
2225,CC1=C(C(C(=C(N1)C)C(=O)OCC(=O)C)C2=CC=CC=C2[N+](=O)[O-])C(=O)OC,388.4
2230,CN1CCC=C(C1)C(=O)OC,155.19
2244,CC(=O)OC1=CC=CC=C1C(=O)O,180.16
2247,COC1=CC=C(C=C1)CCN2CCC(CC2)NC3=NC4=CC=CC=C4N3CC5=CC=C(C=C5)F,458.6
2249,CC(C)NCC(COC1=CC=C(C=C1)CC(=O)N)O,266.34
2256,CCNC1=NC(=NC(=N1)Cl)NC(C)C,215.68
2264,CN1C(=O)COC2=C(C=C(C=C21)Cl)C(=O)NC3CN4CCC3CC4,349.8
2265,CN1C=NC(=C1SC2=NC=NC3=C2NC=N3)[N+](=O)[O-],277.27
2266,C(CCCC(=O)O)CCCC(=O)O,188.22
2268,COP(=S)(OC)SCN1C(=O)C2=CC=CC=C2N=N1,317.3
2272,C1=CC=C(C=C1)N=NC2=CC=CC=C2,182.22
2273,C1=CSC(=C1)CNC2=CC(=C(C=C2C3=NNN=N3)S(=O)(=O)N)Cl,370.8
2284,C1=CC(=CC=C1C(CC(=O)O)CN)Cl,213.66
2286,CC(C)(C1=CC=C(C=C1)OCC2CO2)C3=CC=C(C=C3)OCC4CO4,340.4
2292,CCCCNCC(C1=CC=C(C=C1)O)O,209.28
2294,CCC1(C(=O)NC(=O)NC1=O)CC,184.19
2310,CCC1(CC(=O)NC(=O)C1)C,155.19
2312,CN(C)CCCOC1(CCCCCC1)CC2=CC=CC=C2,289.5
2314,CC1(OC2=C(O1)C(=CC=C2)OC(=O)NC)C,223.22
2315,C1=CC=C(C=C1)CC2NC3=C(C=C(C(=C3)C(F)(F)F)S(=O)(=O)N)S(=O)(=O)N2,421.4
2319,CCCCN(CC)C1=C(C=C(C=C1[N+](=O)[O-])C(F)(F)F)[N+](=O)[O-],335.28
2328,CC(C)N1C(=O)C2=CC=CC=C2NS1(=O)=O,240.28
2331,C1=CC=C(C=C1)C(=O)N,121.14
2333,CCC1=C(C2=CC=CC=C2O1)C(=O)C3=CC(=C(C(=C3)Br)O)Br,424.1
2336,C1=CC=C2C3=C4C(=CC2=C1)C=CC5=C4C(=CC=C5)C=C3,252.3
2337,CCOC(=O)C1=CC=C(C=C1)N,165.19
2342,CCN(CC)C(=O)C1CN2CCC3=CC(=C(C=C3C2CC1OC(=O)C)OC)OC,404.5
2343,C1=CC=C(C=C1)CSCC2=NS(=O)(=O)C3=CC(=C(C=C3N2)Cl)S(=O)(=O)N,431.9
2345,C1=CC=C(C=C1)COC(=O)C2=CC=CC=C2,212.24
2346,C1=CC=C(C=C1)CN=C=S,149.21
2347,CCCCOC(=O)C1=CC=CC=C1C(=O)OCC2=CC=CC=C2,312.4
2348,C1=CC=C(C=C1)CC2NC3=CC(=C(C=C3S(=O)(=O)N2)S(=O)(=O)N)Cl,387.9
2351,CC(C)COCC(CN(CC1=CC=CC=C1)C2=CC=CC=C2)N3CCCC3,366.5
2355,COC1=C2C=CC(=O)OC2=CC3=C1C=CO3,216.19
2361,C1=CC=C(C=C1)C2=CC(=O)C3=C(O2)C=CC4=CC=CC=C43,272.3
2365,C1COC1=O,72.06
2369,CC(C)NCC(COC1=CC=C(C=C1)CCOCC2CC2)O,307.4
2374,CC(C)(C)C1=CC(=C(C=C1O)C(C)(C)C)O,222.32
2375,CC(CS(=O)(=O)C1=CC=C(C=C1)F)(C(=O)NC2=CC(=C(C=C2)C#N)C(F)(F)F)O,430.4
2377,CNCCCCOC1=CC=CC=C1CC2=CC=CC=C2,269.4
2378,C1=CC=C(C=C1)C2=CC=C(C=C2)C(C3=CC=CC=C3)N4C=CN=C4,310.4
2391,CC(=O)OC1=CC=C(C=C1)C(C2=CC=C(C=C2)OC(=O)C)C3=CC=CC=N3,361.4
2406,C1=C(C=C(C(=C1SC2=C(C(=CC(=C2)Cl)Cl)O)O)Cl)Cl,356.0
2435,C1CN=C(N1)NC2=C(C3=NC=CN=C3C=C2)Br,292.13
2444,CN(C)CCOC(C1=CC=CC=C1)C2=CC=C(C=C2)Br,334.2
2446,CCN(CC)CCNC(=O)C1=CC(=C(C=C1OC)N)Br,344.25
2447,CC(C)C(C(=O)NC(=O)N)Br,223.07
2448,C1CN(CCC1(C2=CC=C(C=C2)Br)O)CCCC(=O)C3=CC=C(C=C3)F,420.3
2449,CC1=C(C(=O)C(=C(C1=O)C)C(CCCCCC(=O)O)C2=CC=CC=C2)C,354.4
2450,C(C(CO)([N+](=O)[O-])Br)O,199.99
2451,CC1=NN=C2N1C3=C(C=C(S3)Br)C(=NC2)C4=CC=CC=C4Cl,393.7
2453,C1=CC2=C(C(=C(C=C2Br)Br)O)N=C1,302.95
2461,CCCCC1C(=O)NC(=O)N(C1=O)C2CCCCC2,266.34
2465,CC(C)(C)NCC(COC1=CC=CC=C1OCC2CCCO2)O,323.4
2466,CCCCOC1=CC=C(C=C1)CC(=O)NO,223.27
2468,CCCCN=C(N)N=C(N)N,157.22
2471,CCCCNC1=C(C(=CC(=C1)C(=O)O)S(=O)(=O)N)OC2=CC=CC=C2,364.4
2475,CC1=CC(=C(C=C1)Cl)OCC(CNC(C)(C)C)O,271.78
2477,C1CCC2(C1)CC(=O)N(C(=O)C2)CCCCN3CCN(CC3)C4=NC=CC=N4,385.5
2478,CS(=O)(=O)OCCCCOS(=O)(=O)C,246.3
2480,CCCCN(CCCC)CCCOC(=O)C1=CC=C(C=C1)N,306.4
2482,CCCCOC(=O)C1=CC=C(C=C1)N,193.24
2484,CC(C)(C)C1=CC=C(C=C1)CN(C)CC2=CC=CC3=CC=CC=C32,317.5
2486,CCCCC(CC)CNC(=O)CC(C)OC(=O)CCC(=O)O,315.40
2513,C[As](=O)(C)O,138.00
2515,CCN(CC(C)O)C1=NN=C(C=C1)NNC(=O)OCC,283.33
2519,CN1C=NC2=C1C(=O)N(C(=O)N2C)C,194.19
2520,CC(C)C(CCCN(C)CCC1=CC(=C(C=C1)OC)OC)(C#N)C2=CC(=C(C=C2)OC)OC,454.6
2537,CC1(C2CCC1(C(=O)C2)C)C,152.23
2540,CCOC1=NC2=CC=CC(=C2N1CC3=CC=C(C=C3)C4=CC=CC=C4C5=NNN=N5)C(=O)OC(C)OC(=O)OC6CCCCC6,610.7
2541,CCOC1=NC2=CC=CC(=C2N1CC3=CC=C(C=C3)C4=CC=CC=C4C5=NNN=N5)C(=O)O,440.5
2543,CCCCCC1=CC(=C2C(=C1)OC(C3=C2C=C(C=C3)C)(C)C)O,310.4
2554,C1=CC=C2C(=C1)C=CC3=CC=CC=C3N2C(=O)N,236.27
2557,CN1CC(C2=CC(=C(C=C21)O)N=NC(=O)N)O,236.23
2562,CCN(CC)CCOCCOC(=O)C1(CCCC1)C2=CC=CC=C2,333.5
2566,CC1(CC2=C(O1)C(=CC=C2)OC(=O)NC)C,221.25
2569,CC1=C(C(=O)C(=C(C1=O)N2CC2)C(COC(=O)N)OC)N3CC3,321.33
2576,CCCC(C)(COC(=O)N)COC(=O)NC(C)C,260.33
2577,CCCCCCNC(=O)N1C=C(C(=O)NC1=O)F,257.26
2578,C(CCl)NC(=O)N(CCCl)N=O,214.05
2581,CC(C1=CC2=C(C=C1)C3=C(N2)C=CC(=C3)Cl)C(=O)O,273.71
2603,C1=CC(=CC(=C1)Cl)NN=C(C#N)C#N,204.61
2662,CC1=CC=C(C=C1)C2=CC(=NN2C3=CC=C(C=C3)S(=O)(=O)N)C(F)(F)F,381.4
2682,CCCCCCCCCCCCCCCCO,242.44
2707,C(C(Cl)(Cl)Cl)(O)O,165.40
2708,C1=CC(=CC=C1CCCC(=O)O)N(CCCl)CCCl,304.2
2712,CN=C1CN(C(=C2C=C(C=CC2=N1)Cl)C3=CC=CC=C3)O,299.75
2717,CN1C(S(=O)(=O)CCC1=O)C2=CC=C(C=C2)Cl,273.74
2720,C1=C2C(=CC(=C1Cl)S(=O)(=O)N)S(=O)(=O)N=CN2,295.7
2722,C1=CC2=C(C(=C(C=C2Cl)Cl)O)N=C1,214.04
2723,CC1=CC(=CC(=C1Cl)C)O,156.61
2724,C1=CC(=CC=C1OCC(COC(=O)N)O)Cl,245.66
2726,CN(C)CCCN1C2=CC=CC=C2SC3=C1C=C(C=C3)Cl,318.9
2727,CCCNC(=O)NS(=O)(=O)C1=CC=C(C=C1)Cl,276.74
2728,CC(C)OC(=O)NC1=CC(=CC=C1)Cl,213.66
2730,CCOP(=S)(OCC)OC1=NC(=C(C=C1Cl)Cl)Cl,350.6
2732,C1=CC=C2C(=C1)C(=O)NC2(C3=CC(=C(C=C3)Cl)S(=O)(=O)N)O,338.8
2733,C1=CC2=C(C=C1Cl)NC(=O)O2,169.56
2741,C1=CC=C2C(=C1)C(=O)C=C(O2)C(=O)O,190.15
2750,CC1(CCCCC1)COC2=CC=C(C=C2)CC3C(=O)NC(=O)S3,333.4
2753,CN(C1CCCCC1)C(=O)CCCOC2=CC3=C(C=C2)NC(=O)C=C3,342.4
2754,C1CCC(CC1)N2C(=NN=N2)CCCCOC3=CC4=C(C=C3)NC(=O)CC4,369.5
2755,CC(C)NCC(C1=CC(=C(C=C1)N)C#N)O,219.28
2756,CC1=C(N=CN1)CSCCNC(=NC)NC#N,252.34
2758,CC1(C2CCC(O1)(CC2)C)C,154.25
2762,CCN1C2=CC3=C(C=C2C(=O)C(=N1)C(=O)O)OCO3,262.22
2763,CC(C)(C(=O)O)OC1=CC=C(C=C1)C2CC2(Cl)Cl,289.15
2765,C1CC1C2=CC=CC=C2OCC3=NCCN3,216.28
2767,[NH2-].[NH2-].Cl[Pt+2]Cl,298.03
2769,COC1CN(CCC1NC(=O)C2=CC(=C(C=C2OC)N)Cl)CCCOC3=CC=C(C=C3)F,465.9
2775,COC1=CC2=C(C=CC(=O)O2)C(=C1)OC,206.19
2783,CC(C)(C)NCC(C1=CC(=C(C(=C1)Cl)N)Cl)O,277.19
2787,CCC(C)(C(=O)O)OC1=CC=C(C=C1)C2(CCCCC2)C3=CC=C(C=C3)OC(C)(CC)C(=O)O,468.6
2788,C1=CC2=C(C(=C(C=C2Cl)I)O)N=C1,305.50
2789,CN1C(=O)CC(=O)N(C2=C1C=CC(=C2)Cl)C3=CC=CC=C3,300.74
2793,C1CCN(CC1)C2(CCN(CC2)CCCN3C4=CC=CC=C4CCC5=C3C=C(C=C5)Cl)C(=O)N,481.1
2794,CC(C)N=C1C=C2C(=NC3=CC=CC=C3N2C4=CC=C(C=C4)Cl)C=C1NC5=CC=C(C=C5)Cl,473.4
2795,CN(C)CCC(C1=CC=CC=C1)(C2=CC=CC=C2Cl)O,289.8
2796,CCOC(=O)C(C)(C)OC1=CC=C(C=C1)Cl,242.70
2797,CC(C)(C(=O)O)OC1=CC=C(C=C1)Cl,214.64
2799,CC(C)(C)CC(C)(C)C1=CC(=C(C=C1)O)CC2=C(C=C(C=C2)Cl)Cl,365.3
2801,CN(C)CCCN1C2=CC=CC=C2CCC3=C1C=C(C=C3)Cl,314.9
2803,C1CN=C(N1)NC2=C(C=CC=C2Cl)Cl,230.09
2804,CC1CCCC(N1NC(=O)C2=CC(=C(C=C2)Cl)S(=O)(=O)N)C,345.8
2812,C1=CC=C(C=C1)C(C2=CC=CC=C2)(C3=CC=CC=C3Cl)N4C=CN=C4,344.8
2816,C1COC2(N1CC(=O)NC3=C2C=C(C=C3)Cl)C4=CC=CC=C4Cl,349.2
2817,C1=CC2=C(C=CC(=C2N=C1)O)Cl,179.60
2871,CCOP(=S)(OCC)OC1=CC2=C(C=C1)C(=C(C(=O)O2)Cl)C,362.8
2879,CC1=CC=C(C=C1)O,108.14
2893,CC1CC(CC(C1)(C)C)OC(=O)C(C2=CC=CC=C2)O,276.4
2898,CC(=O)OC1=CC=C(C=C1)C(=C2CCCCC2)C3=CC=C(C=C3)OC(=O)C,364.4
2904,C1CCC(C1)CC2NC3=CC(=C(C=C3S(=O)(=O)N2)S(=O)(=O)N)Cl,379.9
2910,C1C2CC(C1C=C2)C3NC4=CC(=C(C=C4S(=O)(=O)N3)S(=O)(=O)N)Cl,389.9
2912,CC1(C(C1C(=O)OC(C#N)C2=CC(=CC=C2)OC3=CC=CC=C3)C=C(Cl)Cl)C,416.3
2913,CN1CCC(=C2C3=CC=CC=C3C=CC4=CC=CC=C42)CC1,287.4
2943,COC(=O)C1=C(C(=C(C(=C1Cl)Cl)C(=O)OC)Cl)Cl,332.0
2950,C1=CC2=C(C(=C1)O)C(=O)C3=C(C2=O)C=CC=C3O,240.21
2955,C1=CC(=CC=C1N)S(=O)(=O)C2=CC=C(C=C2)N,248.30
2969,CCCCCCCCCC(=O)O,172.26
2972,CC1=C(C(=O)C=CN1C)O,139.15
2997,C1C(=O)NC2=C(C=C(C=C2)Cl)C(=N1)C3=CC=CC=C3,270.71
2998,CCCCCCCCC(=O)NCC1=CC(=C(C=C1)O)OC,293.4
3016,CN1C(=O)CN=C(C2=C1C=CC(=C2)Cl)C3=CC=CC=C3,284.74
3017,CCOP(=S)(OCC)OC1=NC(=NC(=C1)C)C(C)C,304.35
3019,CC1=NS(=O)(=O)C2=C(N1)C=CC(=C2)Cl,230.67
3023,C1=CC=C2C(=C1)C3=CC=CC=C3S2,184.26
3024,C(Br)Br,173.83
3025,CCCCOC1=NC2=CC=CC=C2C(=C1)C(=O)NCCN(CC)CC,343.5
3026,CCCCOC(=O)C1=CC=CC=C1C(=O)OCCCC,278.34
3030,COC1=C(C=CC(=C1C(=O)O)Cl)Cl,221.03
3031,C1=CC(=C(C(=C1)Cl)C#N)Cl,172.01
3035,C1=CC(=CC=C1C(=C(Cl)Cl)C2=CC=C(C=C2)Cl)Cl,318.0
3036,C1=CC(=CC=C1C(C2=CC=C(C=C2)Cl)C(Cl)(Cl)Cl)Cl,354.5
3037,C1=CC(=C(C=C1Cl)CC2=C(C=CC(=C2)Cl)O)O,269.12
3038,C1=C(C=C(C(=C1S(=O)(=O)N)Cl)Cl)S(=O)(=O)N,305.2
3039,COP(=O)(OC)OC=C(Cl)Cl,220.97
3042,CCN(CC)CCOC(=O)C1(CCCCC1)C2CCCCC2,309.5
3051,CCOC(=O)OC(=O)OCC,162.14
3053,C(CN(CC(=O)O)CC(=O)O)N(CCN(CC(=O)O)CC(=O)O)CC(=O)O,393.35
3055,C1CCN(CC1)CCCC(C2=CC=CC=C2)(C3=CC=CC=C3)O,309.4
3059,C1=CC(=C(C=C1C2=C(C=C(C=C2)F)F)C(=O)O)O,250.20
3073,CC(C)OP(=O)(C)OC(C)C,180.18
3074,COC1=CC(=CC(=C1OC)OC)C(=O)OCCCN2CCCN(CC2)CCCOC(=O)C3=CC(=C(C(=C3)OC)OC)OC,604.7
3080,C(C(CS)S)O,124.23
3081,CC1(C(=O)NC(=O)O1)C,129.11
3082,CNC(=O)CSP(=S)(OC)OC,229.3
3089,CC(CN1C2=CC=CC=C2SC3=C1C=C(C=C3)S(=O)(=O)N(C)C)N(C)C,391.6
3090,CC1=NC=C(N1C)[N+](=O)[O-],141.13
3091,CCCCN(CCN(CCCC)C(=O)N1CCOCC1)C(=O)N2CCOCC2,398.5
3092,CC1=C(C=C(C=C1[N+](=O)[O-])[N+](=O)[O-])C(=O)N,225.16
3100,CN(C)CCOC(C1=CC=CC=C1)C2=CC=CC=C2,255.35
3102,C1=CC=C(C=C1)C(=O)C2=CC=CC=C2,182.22
3108,C1CCN(CC1)C2=NC(=NC3=C2N=C(N=C3N4CCCCC4)N(CCO)CCO)N(CCO)CCO,504.6
3109,C1=CC=[N+](C(=C1)SSC2=CC=CC=[N+]2[O-])[O-],252.3
3114,CC(C)N(CCC(C1=CC=CC=C1)(C2=CC=CC=N2)C(=O)N)C(C)C,339.5
3115,CN1C=C(C=C1C(=O)NC2=CN(C(=C2)C(=O)NC3=CN(C(=C3)C(=O)NCCC(=N)N)C)C)NC=O,481.5
3117,CCN(CC)C(=S)SSC(=S)N(CC)CC,296.5
3118,CCOP(=S)(OCC)SCCSCC,274.4
3120,CN(C)C(=O)NC1=CC(=C(C=C1)Cl)Cl,233.09
3121,CCCC(CCC)C(=O)O,144.21
3151,C1CN(CCC1N2C3=C(C=C(C=C3)Cl)NC2=O)CCCN4C5=CC=CC=C5NC4=O,425.9
3168,C1CN(CC=C1N2C3=CC=CC=C3NC2=O)CCCC(=O)C4=CC=C(C=C4)F,379.4
3169,C1CN(CCN1CC(CO)O)C2=CC=CC=C2,236.31
3182,CN1C2=C(C(=O)N(C1=O)C)N(C=N2)CC(CO)O,254.24
3191,CC(C)(C)C1=CC=C(C=C1)C(=O)CCCN2CCC(CC2)OC(C3=CC=CC=C3)C4=CC=CC=C4,469.7
3194,C1=CC=C(C=C1)N2C(=O)C3=CC=CC=C3[Se]2,274.19
3220,CC1=CC2=C(C(=C1)O)C(=O)C3=C(C2=O)C=C(C=C3O)O,270.24
3221,CCOC1=C(C=NN(C1=O)C)N2CCOCC2,239.27
3224,C1C2C(COS(=O)O1)C3(C(=C(C2(C3(Cl)Cl)Cl)Cl)Cl)Cl,406.9
3225,C1CC2C(C(C1O2)C(=O)O)C(=O)O,186.16
3226,C(C(OC(F)F)(F)F)(F)Cl,184.49
3229,CCN1C=C(C(=O)C2=CC(=C(N=C21)N3CCNCC3)F)C(=O)O,320.32
3242,CC1=CC(=NC(=N1)N2C(=CC(=N2)C)OC)OC,234.25
3259,C1=CC=C2C(=C1)C(=O)OC23C4=CC(=C(C(=C4OC5=C(C(=C(C=C35)I)O)I)I)O)I,835.9
3261,C1C2=NN=CN2C3=C(C=C(C=C3)Cl)C(=N1)C4=CC=CC=C4,294.74
3275,CCN(CC)CCOC1=CC=CC=C1C(=O)CCC2=CC=CC=C2,325.4
3276,C1=CN(C(=N1)[N+](=O)[O-])CC(=O)NCCO,214.18
3278,CCC(=C)C(=O)C1=C(C(=C(C=C1)OCC(=O)O)Cl)Cl,303.13
3282,CCOC1=CC=CC=C1C(=O)N,165.19
3286,CCOP(=S)(OCC)SCSP(=S)(OCC)OCC,384.5
3289,CCCSP(=O)(OCC)SCCC,242.3
3291,CCC1(CC(=O)NC1=O)C,141.17
3292,CCN1C(=O)C(NC1=O)C2=CC=CC=C2,204.22
3293,CCOC1=CC2=C(C=C1)NC(C=C2C)(C)C,217.31
3295,CCOC1=CC2=C(C=C1)N=C(S2)S(=O)(=O)N,258.3
3300,CCOC(=O)C1=CC=C(C=C1)NC(=O)CN2CCCCC2,290.36
3301,C(CN)N,60.10
3305,CC(O)(P(=O)(O)O)P(=O)(O)O,206.03
3307,CCC1=CC2=C(S1)N3C(=NN=C3CN=C2C4=CC=CC=C4Cl)C,342.8
3308,CCC1=C2C(=CC=C1)C3=C(N2)C(OCC3)(CC)CC(=O)O,287.35
3309,CCN1C(C2=CC=CC=C2C1=O)NC3=CC=C(C=C3)OCCN4CCCCC4,379.5
3314,COC1=C(C=CC(=C1)CC=C)O,164.20
3316,CCCCCCOC1=CC=CC=C1C(=O)N,221.29
3324,CC(=O)OCC(CCN1C=NC2=CN=C(N=C21)N)COC(=O)C,321.33
3326,CC(C)C1=C(N(N(C1=O)C2=CC=CC=C2)C)CN(C)C(C)CC3=CC=CC=C3,377.5
3331,C1=CC=C(C=C1)C(COC(=O)N)COC(=O)N,238.24
3332,C1=CC=C(C=C1)C2=CC=C(C=C2)CC(=O)O,212.24
3333,CCOC(=O)C1=C(NC(=C(C1C2=C(C(=CC=C2)Cl)Cl)C(=O)OC)C)C,384.2
3334,COC(=O)NC1=NC2=C(N1)C=C(C=C2)SC3=CC=CC=C3,299.3
3335,C1=CC=C(C=C1)C2=CC=C(C=C2)C(=O)CCC(=O)O,254.28
3337,CCNC(C)CC1=CC(=CC=C1)C(F)(F)F,231.26
3338,CCCCC(C1=CC=CC=C1)O,164.24
3339,CC(C)OC(=O)C(C)(C)OC1=CC=C(C=C1)C(=O)C2=CC=C(C=C2)Cl,360.8
3341,C1CNCC(C2=CC(=C(C(=C21)Cl)O)O)C3=CC=C(C=C3)O,305.75
3345,CCC(=O)N(C1CCN(CC1)CCC2=CC=CC=C2)C3=CC=CC=C3,336.5
3346,CC1=C(C=CC(=C1)OP(=S)(OC)OC)SC,278.3
3352,C1=C(C=C(C(=C1Cl)N2C(=C(C(=N2)C#N)S(=O)C(F)(F)F)N)Cl)C(F)(F)F,437.1
3356,C1CCNC(C1)CNC(=O)C2=C(C=CC(=C2)OCC(F)(F)F)OCC(F)(F)F,414.34
3357,CN1CCN(CC1)C2=C(C=C3C(=C2F)N(C=C(C3=O)C(=O)O)CCF)F,369.34
3360,C1=CC=C(C(=C1)C(=O)OCC(CO)O)NC2=C3C=CC=C(C3=NC=C2)C(F)(F)F,406.4
3362,CCC(=O)C1=C(C=C(C=C1O)O)O,182.17
3365,C1=CC(=C(C=C1F)F)C(CN2C=NC=N2)(CN3C=NC=N3)O,306.27
3366,C1=NC(=O)NC(=C1F)N,129.09
3371,C1=CC=C(C(=C1)C(=O)O)NC2=CC=CC(=C2)C(F)(F)F,281.23
3372,C1CN(CCN1CCCN2C3=CC=CC=C3SC4=C2C=C(C=C4)C(F)(F)F)CCO,437.5
3373,CCOC(=O)C1=C2CN(C(=O)C3=C(N2C=N1)C=CC(=C3)F)C,303.29
3374,CC1CCC2=C3N1C=C(C(=O)C3=CC(=C2)F)C(=O)O,261.25
3385,C1=C(C(=O)NC(=O)N1)F,130.08
3386,CNCCC(C1=CC=CC=C1)OC2=CC=C(C=C2)C(F)(F)F,309.33
3393,CCN(CC)CCN1C(=O)CN=C(C2=C1C=CC(=C2)Cl)C3=CC=CC=C3F,387.9
3394,CC(C1=CC(=C(C=C1)C2=CC=CC=C2)F)C(=O)O,244.26
3395,CC(C1=CC(=C(C=C1)C2=CC=CC=C2)F)C(=O)OC(C)OC(=O)C,330.3
3396,C1CN(CCC12C(=O)NCN2C3=CC=CC=C3)CCCC(C4=CC=C(C=C4)F)C5=CC=C(C=C5)F,475.6
3397,CC(C)C(=O)NC1=CC(=C(C=C1)[N+](=O)[O-])C(F)(F)F,276.21
3418,C1=CC=C(C(=C1)C(=O)O)OP(=O)(O)O,218.10
3433,CC1=NC2=C(N1)C(=O)N(C(=O)N2CC3=CC=CO3)C,260.25
3438,C1=COC(=C1)CN,97.12
3440,C1=COC(=C1)CNC2=CC(=C(C=C2C(=O)O)S(=O)(=O)N)Cl,330.74
3442,CCCCC1=CN=C(C=C1)C(=O)O,179.22
3444,C1C(COC1(CN2C=NC=N2)C3=C(C=C(C=C3)Cl)Cl)Br,377.1
3446,C1CCC(CC1)(CC(=O)O)CN,171.24
3448,C1CNCC2=C1C(=O)NO2,140.14
3463,CC1=CC(=C(C=C1)C)OCCCC(C)(C)C(=O)O,250.33
3475,CC1=CC=C(C=C1)S(=O)(=O)NC(=O)NN2CC3CCCC3C2,323.4
3476,CCC1=C(CN(C1=O)C(=O)NCCC2=CC=C(C=C2)S(=O)(=O)NC(=O)NC3CCC(CC3)C)C,490.6
3478,CC1=CN=C(C=N1)C(=O)NCCC2=CC=C(C=C2)S(=O)(=O)NC(=O)NC3CCCCC3,445.5
3485,C(CC=O)CC=O,100.12
3487,CCC1(CCC(=O)NC1=O)C2=CC=CC=C2,217.26
3488,COC1=C(C=C(C=C1)Cl)C(=O)NCCC2=CC=C(C=C2)S(=O)(=O)NC(=O)NC3CCCCC3,494.0
3489,CC(C)(C)C1=NN=C(S1)NS(=O)(=O)C2=CC=CC=C2,297.4
3503,CC1=CC2=C(C(=C(C(=C2C(C)C)O)O)C=O)C(=C1C3=C(C4=C(C=C3C)C(=C(C(=C4C=O)O)O)C(C)C)O)O,518.6
3515,CC1=C2C=CC(=C2C=C(C=C1)C(C)C)C,198.30
3516,COC1=CC=CC=C1OCC(CO)O,198.22
3552,C1=CC(=CC=C1C(=O)O)S(=O)(=O)N(Cl)Cl,270.09
3559,C1CN(CCC1(C2=CC=C(C=C2)Cl)O)CCCC(=O)C3=CC=C(C=C3)F,375.9
3561,C1=C(C(=CC(=C1Cl)Cl)Cl)OCC#CI,361.4
3562,C(C(F)(F)F)(Cl)Br,197.38
3589,C1=CC(C2C1C3(C(=C(C2(C3(Cl)Cl)Cl)Cl)Cl)Cl)Cl,373.3
3598,C1=C(C(=C(C(=C1Cl)Cl)CC2=C(C(=CC(=C2Cl)Cl)Cl)O)O)Cl,406.9
3599,CCCCCCCCCCCCCCCCOP(=O)([O-])OCC[N+](C)(C)C,407.6
3604,C[N+](C)(C)CCCCCC[N+](C)(C)C,202.38
3607,CCCCC(CC)CN1CC(CN(C1)CC(CC)CCCC)(C)N,339.6
3608,CC1(C(=O)NC(=O)N(C1=O)C)C2=CCCCC2,236.27
3610,CCCCCCC1=C(C=C(C=C1)O)O,194.27
3627,CN1CCCN(CC1)C(C2=CC=CC=C2)C3=CC=C(C=C3)Cl,314.9
3634,CCN(CC)CCNC1=C2C(=C(C=C1)CO)SC3=CC=CC=C3C2=O,356.5
3639,C1NC2=CC(=C(C=C2S(=O)(=O)N1)S(=O)(=O)N)Cl,297.7
3647,C1NC2=C(C=C(C(=C2)C(F)(F)F)S(=O)(=O)N)S(=O)(=O)N1,331.3
3657,C(=O)(N)NO,76.055
3658,C1CN(CCN1CCOCCO)C(C2=CC=CC=C2)C3=CC=C(C=C3)Cl,374.9
3671,CC(C)C1=NN2C=CC=CC2=C1C(=O)C(C)C,230.31
3672,CC(C)CC1=CC=C(C=C1)C(C)C(=O)O,206.28
3673,CC(C)CC1=CC=C(C=C1)C(C)C(=O)OCC2=CC=CC=N2,297.4
3676,CCN(CC)CC(=O)NC1=C(C=CC=C1C)C,234.34
3681,CCCCCCCCCCCCCCCCCCOCC(CO)O,344.6
3686,CC1=C(C(=O)C(=C(C1=O)OC)OC)CCCCCCCCCCO,338.4
3689,CC(C(C1=CC=C(C=C1)O)O)N2CCC(CC2)CC3=CC=CC=C3,325.4
3690,C1CN(P(=O)(OC1)NCCCl)CCCl,261.08
3696,CN(C)CCCN1C2=CC=CC=C2CCC3=CC=CC=C31,280.4
3698,C1=CN=CC=C1C2=CNC(=O)C(=C2)N,187.20
3702,CC1CC2=CC=CC=C2N1NC(=O)C3=CC(=C(C=C3)Cl)S(=O)(=O)N,365.8
3705,C1=CC2=C(C=C1S(=O)(=O)O)C(=C(N2)C3=NC4=C(C3=O)C=C(C=C4)S(=O)(=O)O)O,422.4
3712,C1=CC=C2C(=C1)C(=CN2)CO,147.17
3715,CC1=C(C2=C(N1C(=O)C3=CC=C(C=C3)Cl)C=CC(=C2)OC)CC(=O)O,357.8
3718,CC(C1=CC=C(C=C1)N2CC3=CC=CC=C3C2=O)C(=O)O,281.30
3723,CC(=O)NCC1=C(C(=C(C(=C1I)NC(=O)C)I)C(=O)O)I,627.94
3724,CC(=O)N(CC(CN(C1=C(C(=C(C(=C1I)C(=O)NCC(CO)O)I)C(=O)NCC(CO)O)I)C(=O)C)O)C2=C(C(=C(C(=C2I)C(=O)NCC(CO)O)I)C(=O)NCC(CO)O)I,1550.2
3727,C(C(=O)N)I,184.96
3728,C1=CC2=C(C(=C(C=C2I)I)O)N=C1,396.95
3730,CC(=O)N(CC(CO)O)C1=C(C(=C(C(=C1I)C(=O)NCC(CO)O)I)C(=O)NCC(CO)O)I,821.1
3731,CN(C1=C(C(=C(C(=C1I)C(=O)NCC(CO)O)I)C(=O)NCC(CO)O)I)C(=O)CO,777.1
3735,CCC(CC1=C(C(=C(C=C1I)I)N)I)C(=O)O,570.93
3736,CN(CC(CO)O)C(=O)C1=C(C(=C(C(=C1I)C(=O)NCC(CO)O)I)NC(=O)COC)I,791.1
3739,C1=C(C(=C(C(=C1I)NC(=O)CCCCC(=O)NC2=C(C=C(C(=C2I)C(=O)O)I)I)I)C(=O)O)I,1139.8
3740,C1=C(C(=C(C(=C1I)NC(=O)COCCOCCOCC(=O)NC2=C(C=C(C(=C2I)C(=O)O)I)I)I)C(=O)O)I,1215.8
3741,C(CO)N(C1=C(C(=C(C(=C1I)C(=O)NCC(CO)O)I)C(=O)NCC(CO)O)I)C(=O)CO,807.1
3742,CC(=O)N(C)C1=C(C(=C(C(=C1I)C(=O)NCC(=O)NC2=C(C(=C(C(=C2I)C(=O)O)I)C(=O)NCCO)I)I)C(=O)NC)I,1268.9
3743,CC(=O)N(CC(CO)O)C1=C(C(=C(C(=C1I)C(=O)NCC(CO)O)I)C(=O)NCCO)I,791.1
3747,CC(C)OC1=CC2=C(C=C1)C(=O)C(=CO2)C3=CC=CC=C3,280.3
3749,CCCCC1=NC2(CCCC2)C(=O)N1CC3=CC=C(C=C3)C4=CC=CC=C4C5=NNN=N5,428.5
3759,CC1=CC(=NO1)C(=O)NNCC2=CC=CC=C2,231.25
3760,C1=CC(=C(C(=C1)Cl)COC(CN2C=CN=C2)C3=C(C=C(C=C3)Cl)Cl)Cl,416.1
3763,C(C(F)(F)F)(OC(F)F)Cl,184.49
3767,C1=CN=CC=C1C(=O)NN,137.14
3775,CC(C)[N+](C)(CCC(C1=CC=CC=C1)(C2=CC=CC=C2)C(=O)N)C(C)C,353.5
3776,CC(C)O,60.10
3778,CC1=C(C(=O)N(N1C)C2=CC=CC=C2)C(C)C,230.31
3779,CC(C)NCC(C1=CC(=C(C=C1)O)O)O,211.26
3784,CC1=C(C(C(=C(N1)C)C(=O)OC(C)C)C2=CC=CC3=NON=C32)C(=O)OC,371.4
3821,CNC1(CCCCC1=O)C2=CC=CC=C2Cl,237.72
3822,C1CN(CCC1C(=O)C2=CC=C(C=C2)F)CCN3C(=O)C4=CC=CC=C4NC3=O,395.4
3825,CC(C1=CC(=CC=C1)C(=O)C2=CC=CC=C2)C(=O)O,254.28
3827,CN1CCC(=C2C3=C(C(=O)CC4=CC=CC=C42)SC=C3)CC1,309.4
3828,CC1=CC(=O)C2=C(C3=C(C(=C2O1)OC)OC=C3)OC,260.24
3830,C1=COC(=C1)CNC2=NC=NC3=C2NC=N3,215.21
3840,C1=C(OC=C(C1=O)O)CO,142.11
3878,C1=CC(=C(C(=C1)Cl)Cl)C2=C(N=C(N=N2)N)N,256.09
3883,CC1=C(C=CN=C1CS(=O)C2=NC3=CC=CC=C3N2)OCC(F)(F)F,369.4
3884,CC(=CCC1=C(C2=CC=CC=C2C(=O)C1=O)O)C,242.27
3893,CCCCCCCCCCCC(=O)O,200.32
3899,CC1=C(C=NO1)C(=O)NC2=CC=C(C=C2)C(F)(F)F,270.21
3902,C1=CC(=CC=C1C#N)C(C2=CC=C(C=C2)C#N)N3C=NC=N3,285.30
3926,CC1=C(C(=CC=C1)C)NC(=O)CN2CCN(CC2)CCCC(C3=CC=C(C=C3)F)C4=CC=C(C=C4)F,491.6
3932,C1=CC=C(C=C1)N2C3=CC=CC=C3C(C2=O)(CC4=CC=NC=C4)CC5=CC=NC=C5,391.5
3936,CN(C1=NC(=CC=C1)OC)C(=S)OC2=CC3=C(CCCC3)C=C2,328.4
3950,C1CCC(CC1)NC(=O)N(CCCl)N=O,233.69
3955,CN(C)C(=O)C(CCN1CCC(CC1)(C2=CC=C(C=C2)Cl)O)(C3=CC=CC=C3)C4=CC=CC=C4,477.0
3957,CCOC(=O)N1CCC(=C2C3=C(CCC4=C2N=CC=C4)C=C(C=C3)Cl)CC1,382.9
3958,C1=CC=C(C(=C1)C2=NC(C(=O)NC3=C2C=C(C=C3)Cl)O)Cl,321.2
3961,CCCCC1=NC(=C(N1CC2=CC=C(C=C2)C3=CC=CC=C3C4=NNN=N4)CO)Cl,422.9
3965,CC(C1=CC=C(C=C1)CC2CCCC2=O)C(=O)O,246.30
3969,CCCC1=C(C=CC(=C1O)C(=O)C)OCCCCC2=NNN=N2,318.37
4004,CCOC(=O)CC(C(=O)OCC)SP(=S)(OC)OC,330.4
4006,CC(C)OC(=O)C(=C1SC=CS1)C(=O)OC(C)C,288.4
4011,CNCCCC12CCC(C3=CC=CC=C31)C4=CC=CC=C24,277.4
4019,CC1(CCC2CC(CC1N2C)OC(=O)C(C3=CC=CS3)(C4=CC=CS4)O)C,405.6
4021,CC1=NN(C(=O)C1)C2=CC=CC=C2,174.20
4030,COC(=O)NC1=NC2=C(N1)C=C(C=C2)C(=O)C3=CC=CC=C3,295.29
4032,CC1(C2CCC(C2)C1(C)NC)C,167.29
4038,CC1=C(C(=C(C=C1)Cl)NC2=CC=CC=C2C(=O)[O-])Cl.[Na+],318.1
4041,CN1CCN=C(C2=C1C=CC(=C2)Cl)C3=CC=CC=C3,270.75
4044,CC1=C(C(=CC=C1)NC2=CC=CC=C2C(=O)O)C,241.28
4047,CC1(CCCO1)CN(C)S(=O)(=O)C2=CC(=C(C=C2)Cl)S(=O)(=O)N,382.9
4054,CC12CC3CC(C1)(CC(C3)(C2)N)C,179.30
4055,CC1=CC(=O)C2=CC=CC=C2C1=O,172.18
4059,CC1=CC=CC=C1OCC(CO)O,182.22
4064,CCCC(C)(COC(=O)N)COC(=O)N,218.25
4066,C1CN2CCC1C(C2)CN3C4=CC=CC=C4SC5=CC=CC=C53,322.5
4075,C1=CC(=C(C=C1N)C(=O)O)O,153.14
4078,CN1CCCCC1CCN2C3=CC=CC=C3SC4=C2C=C(C=C4)S(=O)C,386.6
4091,CN(C)C(=N)N=C(N)N,129.16
4093,CC(=C)C(=O)O,86.09
4096,COP(=O)(N)SC,141.13
4099,CCC1(C(=O)NC(=O)N(C1=O)C)CC,198.22
4100,CC(=O)N=C1N(N=C(S1)S(=O)(=O)N)C,236.3
4101,C1N2CN3CN1CN(C2)C3,140.19
4106,CN1CCN(CC1)C2CC3=CC=CC=C3SC4=C2C=C(C=C4)SC,356.6
4107,COC1=CC=CC=C1OCC(COC(=O)N)O,241.24
4114,COC1=C2C(=CC3=C1OC=C3)C=CC(=O)O2,216.19
4115,COC1=CC=C(C=C1)C(C2=CC=C(C=C2)OC)C(Cl)(Cl)Cl,345.6
4116,COC(C(Cl)Cl)(F)F,164.96
4117,CC(CC1=CC=CC=C1OC)NC,179.26
4121,CN1C(NC2=CC(=C(C=C2S1(=O)=O)S(=O)(=O)N)Cl)CCl,360.2
4122,COC(=O)NC1=NC2=C(N1)C=C(C=C2)C(=O)C3=CC=CS3,301.32
4130,COP(=S)(OC)OC1=CC=C(C=C1)[N+](=O)[O-],263.21
4133,COC(=O)C1=CC=CC=C1O,152.15
4156,COS(=O)(=O)C,110.13
4165,CC1=CC2=C(C=C1S(=O)(=O)N)S(=O)(=O)CCC2,275.3
4168,CCN(CC)CCNC(=O)C1=CC(=C(C=C1OC)N)Cl,299.79
4169,CCC1=CC=CC(=C1N(C(C)COC)C(=O)CCl)C,283.79
4170,CC1NC2=CC(=C(C=C2C(=O)N1C3=CC=CC=C3C)S(=O)(=O)N)Cl,365.8
4171,CC(C)NCC(COC1=CC=C(C=C1)CCOC)O,267.36
4173,CC1=NC=C(N1CCO)[N+](=O)[O-],171.15
4174,CC(C)(C1=CN=CC=C1)C(=O)C2=CN=CC=C2,226.27
4177,CC1COC2(N1CC(=O)NC3=C2C=C(C=C3)Cl)C4=CC=CC=C4Cl,363.2
4184,CN1CCN2C(C1)C3=CC=CC=C3CC4=CC=CC=C42,264.4
4189,C1=CC(=C(C=C1Cl)Cl)COC(CN2C=CN=C2)C3=C(C=C(C=C3)Cl)Cl,416.1
4197,CC1=C(C=C(C(=O)N1)C#N)C2=CC=NC=C2,211.22
4201,C1CCN(CC1)C2=NC(=N)N(C(=C2)N)O,209.25
4205,CN1CCN2C(C1)C3=CC=CC=C3CC4=C2N=CC=C4,265.35
4211,C1=CC=C(C(=C1)C(C2=CC=C(C=C2)Cl)C(Cl)Cl)Cl,320.0
4235,C1COCCN1CCNC(=O)C2=CC=C(C=C2)Cl,268.74
4236,C1=CC=C(C=C1)C(C2=CC=CC=C2)S(=O)CC(=O)N,273.4
4237,COC1=CC=C(C=C1)C2=C(ON=C2C3=CC=C(C=C3)OC)CC(=O)O,339.3
4257,C1CCN2C(C1)NC(=O)C23CCN(CC3)CCCN4C5=CC=CC=C5CCC6=C4C=C(C=C6)Cl,479.1
4276,COC1=CC(=CC2=C1OCO2)CC=C,192.21
4284,CCN(CC)C(=O)C1=CC=CC(=C1)C,191.27
4348,C1=CC=C(C=C1)CNCCO,151.21
4409,CC(=O)CCC1=CC2=C(C=C1)C=C(C=C2)OC,228.29
4410,CC1CCC2=C3N1C=C(C(=O)C3=CC(=C2N4CCC(CC4)O)F)C(=O)O,360.4
4418,COC1=CC=CC=C1N2CCN(CC2)CC(COC3=CC=CC4=CC=CC=C43)O,392.5
4420,COP(=O)(OC)OC(C(Cl)(Cl)Br)Br,380.78
4421,CCN1C=C(C(=O)C2=C1N=C(C=C2)C)C(=O)O,232.23
4436,C1CN=C(N1)CC2=CC=CC3=CC=CC=C32,210.27
4463,CC1=C2C(=NC=C1)N(C3=C(C=CC=N3)C(=O)N2)C4CC4,266.30
4472,C1=CC=C(C=C1)CNC(=O)CCNNC(=O)C2=CC=NC=C2,298.34
4474,CC1=C(C(C(=C(N1)C)C(=O)OCCN(C)CC2=CC=CC=C2)C3=CC(=CC=C3)[N+](=O)[O-])C(=O)OC,479.5
4476,C1=CC(=CN=C1)C(=O)OCC(COC(=O)C2=CN=CC=C2)(COC(=O)C3=CN=CC=C3)COC(=O)C4=CN=CC=C4,556.5
4477,C1=CC(=C(C=C1[N+](=O)[O-])Cl)NC(=O)C2=C(C=CC(=C2)Cl)O,327.12
4485,CC1=C(C(C(=C(N1)C)C(=O)OC)C2=CC=CC=C2[N+](=O)[O-])C(=O)OC,346.3
4487,CC1=C(C(=O)N(N1C)C2=CC=CC=C2)NC(=O)C3=CN=CC=C3,308.33
4488,C1=CC(=CC(=C1)NC2=C(C=CC=N2)C(=O)O)C(F)(F)F,282.22
4493,CC1(C(=O)N(C(=O)N1)C2=CC(=C(C=C2)[N+](=O)[O-])C(F)(F)F)C,317.22
4494,CC1=C(C(C(=C(N1)C#N)C(=O)OC)C2=CC(=CC=C2)[N+](=O)[O-])C(=O)OC(C)C,385.4
4495,CS(=O)(=O)NC1=C(C=C(C=C1)[N+](=O)[O-])OC2=CC=CC=C2,308.31
4496,CN1C(=O)CN=C(C2=C1C=CC(=C2)[N+](=O)[O-])C3=CC=CC=C3,295.29
4497,CC1=C(C(C(=C(N1)C)C(=O)OC(C)C)C2=CC(=CC=C2)[N+](=O)[O-])C(=O)OCCOC,418.4
4499,CC1=C(C(C(=C(N1)C)C(=O)OCC(C)C)C2=CC=CC=C2[N+](=O)[O-])C(=O)OC,388.4
4500,CNCCC(C1=CC=CC=C1)OC2=CC=CC=C2OC,271.35
4506,C1C(=O)NC2=C(C=C(C=C2)[N+](=O)[O-])C(=N1)C3=CC=CC=C3,281.27
4507,CCOC(=O)C1=C(NC(=C(C1C2=CC(=CC=C2)[N+](=O)[O-])C(=O)OC)C)C,360.4
4511,C1=C(C=C(C=C1[N+](=O)[O-])[N+](=O)[O-])C(=O)N,211.13
4528,CN1CC(C2=C(C1)C(=CC=C2)N)C3=CC=CC=C3,238.33
4534,CC(CC1=CC(=C(C=C1)O)O)C(C)CC2=CC(=C(C=C2)O)O,302.4
4539,CCN1C=C(C(=O)C2=CC(=C(C=C21)N3CCNCC3)F)C(=O)O,319.33
4567,CC(CCC1=CC=CC=C1)NC(C)C(C2=CC=C(C=C2)O)O,299.4
4581,C1=CC(=CC=C1C(CN)O)O,153.18
4583,CC1COC2=C3N1C=C(C(=O)C3=CC(=C2N4CCN(CC4)C)F)C(=O)O,361.4
4594,CC1=CN=C(C(=C1OC)C)CS(=O)C2=NC3=C(N2)C=C(C=C3)OC,345.4
4595,CC1=NC=CN1CC2CCC3=C(C2=O)C4=CC=CC=C4N3C,293.4
4602,C1=CC=C(C(=C1)C(=O)NC2=CC=C(C=C2)O)O,229.23
4610,C1CCC(C(C1)N)N,114.19
4612,CC(C)NCC1CCC2=CC(=C(C=C2N1)[N+](=O)[O-])CO,279.33
4614,C1=CC=C(C=C1)C2=C(OC(=N2)CCC(=O)O)C3=CC=CC=C3,293.3
4615,C1CN(CCN1CCCN2C3=CC=CC=C3NC2=O)C(C4=CC=CC=C4)C5=CC=CC=C5,426.6
4616,C1=CC=C(C=C1)C2=NC(C(=O)NC3=C2C=C(C=C3)Cl)O,286.71
4621,CC(C)(CC1=CC=CC=C1)N(C)C(=O)CN(CCO)CC(=O)N(C)C(C)(C)CC2=CC=CC=C2,467.6
4622,CCCOC1=CC2=C(C=C1)N=C(N2)NC(=O)OC,249.27
4626,C1C(CN(C1=O)CC(=O)N)O,158.16
4628,CCN1C=C(C(=O)C2=CC3=C(C=C21)OCO3)C(=O)O,261.23
4632,COC1=CC(=C(C=C1)C(=O)C2=CC=CC=C2)O,228.24
4636,CC1=CC(=C(C(=C1CC2=NCCN2)C)O)C(C)(C)C,260.37
4641,CCCCC1C(=O)N(N(C1=O)C2=CC=C(C=C2)O)C3=CC=CC=C3,324.4
4650,C1=CC(=O)C=CC1=O,108.09
4652,C1=CC(=CC=C1CC(C(=O)O)N)Cl,199.63
4654,C1=CC(=CC=C1CC(C(=O)O)N)F,183.18
4671,CCCCCCCCCCCCCCCC(=O)NCCO,299.5
4674,C(CN)C(O)(P(=O)(O)O)P(=O)(O)O,235.07
4678,CC(C)(CO)C(C(=O)NCCCO)O,205.25
4679,COC1=C(C(=NC=C1)CS(=O)C2=NC3=C(N2)C=C(C=C3)OC(F)F)OC,383.4
4684,C1=CC(=CC=C1O)Cl,128.55
4685,C1=CC(=CC=C1Cl)Cl,147.00
4687,CN1C=NC2=C1C(=O)N(C(=O)N2)C,180.16
4723,C1=CC=C(C=C1)C2C(=O)N=C(O2)N,176.17
4726,CCCCCC1NC2=C(C=C(C(=C2)C(F)(F)F)S(=O)(=O)N)S(=O)(=O)N1,401.4
4737,CCCC(C)C1(C(=O)NC(=O)NC1=O)CC,226.27
4740,CC(=O)CCCCN1C(=O)C2=C(N=CN2C)N(C1=O)C,278.31
4744,CN1CCN(CC1)CCCN2C3=CC=CC=C3SC4=CC=CC=C42,339.5
4747,C1CN(CCC1O)CCCN2C3=CC=CC=C3SC4=C2C=C(C=C4)C#N,365.5
4748,C1CN(CCN1CCCN2C3=CC=CC=C3SC4=C2C=C(C=C4)Cl)CCO,404.0
4753,C1=CC=C(C=C1)CC(=O)NC(=O)N,178.19
4754,CCOC1=CC=C(C=C1)NC(=O)C,179.22
4760,C1=CC=C(C=C1)C2C(=O)C3=CC=CC=C3C2=O,222.24
4763,CCC1(C(=O)NC(=O)NC1=O)C2=CC=CC=C2,232.23
4764,C1=CC=C2C(=C1)C(=O)OC2(C3=CC=C(C=C3)O)C4=CC=C(C=C4)O,318.3
4765,C1=CC(=CC=C1O)S(=O)(=O)O,174.18
4766,C1=CC=C2C(=C1)C(OS2(=O)=O)(C3=CC=C(C=C3)O)C4=CC=C(C=C4)O,354.4
4767,CC(=CC1C(C1(C)C)C(=O)OCC2=CC(=CC=C2)OC3=CC=CC=C3)C,350.4
4768,CC(COC1=CC=CC=C1)N(CCCl)CC2=CC=CC=C2,303.8
4770,C1=CC=C(C=C1)CCCOC(=O)N,179.22
4778,C1=CC=C(C=C1)[As]=O,168.02
4781,CCCCC1C(=O)N(N(C1=O)C2=CC=CC=C2)C3=CC=CC=C3,308.4
4783,C1=CC=C(C=C1)OC(=O)CCCCCCCCC#CI,384.25
4788,C1=CC(=CC=C1CCC(=O)C2=C(C=C(C=C2O)O)O)O,274.27
4790,CCOP(=S)(OCC)SCSCC,260.4
4793,CCOP(=S)(OCC)SCN1C2=C(C=C(C=C2)Cl)OC1=O,367.8
4806,C1=CC=C(C(=C1)C(=O)NC2=CC=C(C=C2)S(=O)(=O)NC3=NC=CS3)C(=O)O,403.4
4807,C1=CC=C(C(=C1)C=O)C=O,134.13
4810,CC1=NC(=C(C(=N1)Cl)NC2=NCCN2)OC,241.68
4820,CC1=C(C(=CC=C1)C)NC(=O)CC23CCCN2CCC3,272.4
4828,CC(C)NCC(COC1=CC=CC2=C1C=CN2)O,248.32
4831,CCN1C=C(C(=O)C2=CN=C(N=C21)N3CCNCC3)C(=O)O,303.32
4837,C1CNCCN1,86.14
4842,C1CN(CCN1C(=O)CCBr)C(=O)CCBr,356.05
4843,C1CC(=O)N(C1)CC(=O)N,142.16
4847,CC1=C(C(=O)N2C=CC=CC2=N1)CCN3CCC(CC3)C(=O)C4=CC=C(C=C4)F,393.5
4848,CN1CCN(CC1)CC(=O)N2C3=CC=CC=C3C(=O)NC4=C2N=CC=C4,351.4
4849,C1CCN(C1)C2=C(C(=CC(=C2)C(=O)O)S(=O)(=O)N)OC3=CC=CC=C3,362.4
4850,C1CN(CCN1CC2=CC3=C(C=C2)OCO3)C4=NC=CC=N4,298.34
4855,CCN1C=C(C(=O)C2=CN=C(N=C21)N3CCCC3)C(=O)O,288.30
4870,CN1C(NC2=CC(=C(C=C2S1(=O)=O)S(=O)(=O)N)Cl)CSCC(F)(F)F,439.9
4875,[K+].[I-],166.0028
4883,CC(C)NCC(COC1=CC=C(C=C1)NC(=O)C)O,266.34
4887,C1=CC=C(C=C1)CCCCOC2=CC=C(C=C2)C(=O)NC3=CC=CC4=C3OC(=CC4=O)C5=NNN=N5,481.5
4888,CC(C1=CC2=C(C=C1)OC3=C(C2)C=CC=N3)C(=O)O,255.27
4890,C1CC1CN2C(=O)CN=C(C3=C2C=CC(=C3)Cl)C4=CC=CC=C4,324.8
4891,C1CCC(CC1)C(=O)N2CC3C4=CC=CC=C4CCN3C(=O)C2,312.4
4893,COC1=C(C=C2C(=C1)C(=NC(=N2)N3CCN(CC3)C(=O)C4=CC=CO4)N)OC,383.4
4904,C1CCN(CC1)CCC(C2=CC=CC=C2)(C3=CC=CC=C3)O,295.4
4909,CCC1(C(=O)NCNC1=O)C2=CC=CC=C2,218.25
4911,CCCN(CCC)S(=O)(=O)C1=CC=C(C=C1)C(=O)O,285.36
4912,CC(C)(C)C1=CC(=CC(=C1O)C(C)(C)C)SC(C)(C)SC2=CC(=C(C(=C2)C(C)(C)C)O)C(C)(C)C,516.8
4913,CCN(CC)CCNC(=O)C1=CC=C(C=C1)N,235.33
4915,CC(C)NC(=O)C1=CC=C(C=C1)CNNC,221.30
4921,CCCN(CCC)C(=O)C(CCC(=O)OCCCN1CCN(CC1)CCOC(=O)CC2=C(N(C3=C2C=C(C=C3)OC)C(=O)C4=CC=C(C=C4)Cl)C)NC(=O)C5=CC=CC=C5,844.4
4922,CCCN(CCC)C(=O)C(CCC(=O)O)NC(=O)C1=CC=CC=C1,334.4
4927,CC(CN1C2=CC=CC=C2SC3=CC=CC=C31)N(C)C,284.4
4928,CC(C)NC1=NC(=NC(=N1)OC)NC(C)C,225.29
4929,CC(C)NC1=NC(=NC(=N1)SC)NC(C)C,241.36
4930,CC(C)NCC(C1=CC2=CC=CC=C2C=C1)O,229.32
4931,CC(C)N(C1=CC=CC=C1)C(=O)CCl,211.69
4932,CCCNCC(COC1=CC=CC=C1C(=O)CCC2=CC=CC=C2)O,341.4
4933,CCC(=O)NC1=CC(=C(C=C1)Cl)Cl,218.08
4936,CC(C)(C)C1=CC=C(C=C1)OC2CCCCC2OS(=O)OCC#C,350.5
4937,CC(C)NC1=NC(=NC(=N1)Cl)NC(C)C,229.71
4938,CCCN1C=NC2=C1C(=O)N(C(=O)N2C)CCCCC(=O)C,306.36
4943,CC(C)C1=C(C(=CC=C1)C(C)C)O,178.27
4944,CC(C)OC1=CC=CC=C1OC(=O)NC,209.24
4947,CCCOC(=O)C1=CC(=C(C(=C1)O)O)O,212.20
4964,C1=CC(=CC=C1C(=O)CBr)O,215.04
4977,CC(CN1C=NC2=C1C(=O)N(C(=O)N2C)C)O,238.24
4980,CN(C)CCC1=CNC2=C1C(=CC=C2)O,204.27
4990,CNC(=O)OCC1=NC(=CC=C1)COC(=O)NC,253.25
4992,CN(C)CCN(CC1=CC=C(C=C1)OC)C2=CC=CC=N2,285.4
4993,CCC1=C(C(=NC(=N1)N)N)C2=CC=C(C=C2)Cl,248.71
4994,CCC1(C(=O)C=CNC1=O)CC,167.20
5002,C1CN(CCN1CCOCCO)C2=NC3=CC=CC=C3SC4=CC=CC=C42,383.5
5035,C1CCN(CC1)CCOC2=CC=C(C=C2)C(=O)C3=C(SC4=C3C=CC(=C4)O)C5=CC=C(C=C5)O,473.6
5037,CC1=C(C(=O)N(N1C)C2=CC=CC=C2)NC(C)C,245.32
5042,C1=CC=C2C(=C1)C(=CC(=O)N2)CC(C(=O)O)NC(=O)C3=CC=C(C=C3)Cl,370.8
5053,CC(=CC1C(C1(C)C)C(=O)OCC2=COC(=C2)CC3=CC=CC=C3)C,338.4
5054,C1=CC(=CC(=C1)O)O,110.11
5055,CC(=O)OC1=CC=CC(=C1)O,152.15
5070,C1=CC2=C(C=C1OC(F)(F)F)SC(=N2)N,234.20
5073,CC1=C(C(=O)N2CCCCC2=N1)CCN3CCC(CC3)C4=NOC5=C4C=CC(=C5)F,410.5
5074,CC1=C(C(=O)N2C=CSC2=N1)CCN3CCC(=C(C4=CC=C(C=C4)F)C5=CC=C(C=C5)F)CC3,477.6
5078,CN(C)CCC1=CNC2=C1C=C(C=C2)CN3C=NC=N3,269.34
5090,CS(=O)(=O)C1=CC=C(C=C1)C2=C(C(=O)OC2)C3=CC=CC=C3,314.4
5092,COC1=C(C=C(C=C1)C2CC(=O)NC2)OC3CCCC3,275.34
5094,CN1C(=CN=C1COC(=O)N)[N+](=O)[O-],200.15
5095,CCCN(CCC)CCC1=C2CC(=O)NC2=CC=C1,260.37
5104,C1=CC(=C(C=C1[As](=O)(O)O)[N+](=O)[O-])O,263.04
5125,CCCCSP(=O)(SCCCC)SCCCC,314.5
5143,C1=CC=C2C(=C1)C(=O)NS2(=O)=O,183.19
5144,C=CCC1=CC2=C(C=C1)OCO2,162.18
5146,C1=CC=C(C(=C1)CO)O,124.14
5147,C1=CC=C(C(=C1)C(=O)N)O,137.14
5152,C1=CC=C(C=C1)CCCCOCCCCCCNCC(C2=CC(=C(C=C2)O)CO)O,415.6
5154,C[N+]1=C2C(=C3C=CC4=C(C3=C1)OCO4)C=CC5=CC6=C(C=C52)OCO6,332.3
5161,C1=CC=C(C(=C1)C(=O)OC2=CC=CC=C2C(=O)O)O,258.23
5192,C(CCCCC(=O)O)CCCC(=O)O,202.25
5198,CC1CCC(CC1)NC(=O)N(CCCl)N=O,247.72
5206,C(OC(C(F)(F)F)C(F)(F)F)F,200.05
5215,C1=CN=C(N=C1)NS(=O)(=O)C2=CC=C(C=C2)N,250.28
5216,CCNC1=NC(=NC(=N1)Cl)NCC,201.66
5217,CC(C)(C(=O)OCCCOC(=O)C(C)(C)OC1=CC=C(C=C1)Cl)OC2=CC=C(C=C2)Cl,469.4
5233,CC(C)COC(=O)OCN1C(=O)CN(CC1=O)CCN2CC(=O)N(C(=O)C2)COC(=O)OCC(C)C,514.5
5237,C(C(=O)O)F,78.04
5238,[Na+].[I-],149.8942
5253,CC(C)NCC(C1=CC=C(C=C1)NS(=O)(=O)C)O,272.37
5258,C1=CC=C(C=C1)CCCC(=O)[O-].[Na+],186.18
5265,C1CN(CCC12C(=O)NCN2C3=CC=CC=C3)CCCC(=O)C4=CC=C(C=C4)F,395.5
5268,C1CN(CCC12C(=O)NCN2C3=CC=CC=C3)CC4COC5=CC=CC=C5O4,379.5
5278,C1=CC=C2C(=C1)C(=NN(C2=O)CC3=C(C=C(C=C3)Br)F)CC(=O)O,391.2
5281,CCCCCCCCCCCCCCCCCC(=O)O,284.5
5311,C1=CC=C(C=C1)NC(=O)CCCCCCC(=O)NO,264.32
5315,C1=CC(=CC=C1NC(=O)CCC(=O)O)S(=O)(=O)NC2=NC=CS2,355.4
5319,C1=CC=C(C=C1)C(=O)NS(=O)(=O)C2=CC=C(C=C2)N,276.31
5320,CC(=O)NS(=O)(=O)C1=CC=C(C=C1)N,214.24
5322,CCN1C=CC(=NC1=O)NS(=O)(=O)C2=CC=C(C=C2)N,294.33
5323,COC1=NC(=NC(=C1)NS(=O)(=O)C2=CC=C(C=C2)N)OC,310.33
5324,C1=CC(=CC=C1N)S(=O)(=O)N=C(N)N,214.25
5325,CC1=NC(=NC=C1)NS(=O)(=O)C2=CC=C(C=C2)N,264.31
5326,COC1=CN=C(N=C1)NS(=O)(=O)C2=CC=C(C=C2)N,280.31
5327,CC1=CC(=NC(=N1)NS(=O)(=O)C2=CC=C(C=C2)N)C,278.33
5328,CC1=NN=C(S1)NS(=O)(=O)C2=CC=C(C=C2)N,270.3
5329,CC1=CC(=NO1)NS(=O)(=O)C2=CC=C(C=C2)N,253.28
5330,COC1=NN=C(C=C1)NS(=O)(=O)C2=CC=C(C=C2)N,280.31
5332,COC1=NC=NC(=C1)NS(=O)(=O)C2=CC=C(C=C2)N,280.31
5333,C1=CC(=CC=C1N)S(=O)(=O)N,172.21
5334,CC(=O)NC1=CC=C(C=C1)S(=O)(=O)NC2=CC=C(C=C2)[N+](=O)[O-],335.34
5335,C1=CC=C(C=C1)N2C(=CC=N2)NS(=O)(=O)C3=CC=C(C=C3)N,314.4
5336,C1=CC=NC(=C1)NS(=O)(=O)C2=CC=C(C=C2)N,249.29
5338,C1=CC=C2C(=C1)N=CC(=N2)NS(=O)(=O)C3=CC=C(C=C3)N,300.34
5339,C1=CC=NC(=C1)NS(=O)(=O)C2=CC=C(C=C2)N=NC3=CC(=C(C=C3)O)C(=O)O,398.4
5340,C1=CC(=CC=C1N)S(=O)(=O)NC2=NC=CS2,255.3
5342,C1=CC=C(C=C1)N2C(=O)C(C(=O)N2C3=CC=CC=C3)CCS(=O)C4=CC=CC=C4,404.5
5343,CC1=CC(=NC(=N1)C)NS(=O)(=O)C2=CC=C(C=C2)N,278.33
5344,CC1=C(ON=C1C)NS(=O)(=O)C2=CC=C(C=C2)N,267.31
5353,COC1=C(C=CC(=C1)S(=O)C)C2=NC3=C(N2)C=CC=N3,287.34
5355,CCN1CCCC1CNC(=O)C2=C(C=CC(=C2)S(=O)(=O)N)OC,341.4
5356,C1CCS(=O)(=O)N(C1)C2=CC=C(C=C2)S(=O)(=O)N,290.4
5358,CNS(=O)(=O)CC1=CC2=C(C=C1)NC=C2CCN(C)C,295.40
5359,CC(C1=CC=C(C=C1)C(=O)C2=CC=CS2)C(=O)O,260.31
5361,CC1=C(C=C(C=C1)C(=O)NC2=C3C(=CC(=CC3=C(C=C2)S(=O)(=O)O)S(=O)(=O)O)S(=O)(=O)O)NC(=O)C4=CC(=CC=C4)NC(=O)NC5=CC=CC(=C5)C(=O)NC6=C(C=CC(=C6)C(=O)NC7=C8C(=CC(=CC8=C(C=C7)S(=O)(=O)O)S(=O)(=O)O)S(=O)(=O)O)C,1297.3
5362,CCCCC1(C(=O)N(N(C1=O)C2=CC=CC=C2)C3=CC=CC=C3)COC(=O)CCC(=O)O,438.5
5374,C=CCN1CCC2=C(CC1)SC(=N2)N,209.31
5379,CC1CN(CCN1)C2=C(C=C3C(=C2OC)N(C=C(C3=O)C(=O)O)C4CC4)F,375.4
5380,CCCCOC(=O)C(=O)NC1=CC=CC(=C1)C2=NNN=N2,289.29
5381,CCOC(=O)C1=CN=C(C=C1)C#CC2=CC3=C(C=C2)SCCC3(C)C,351.5
5382,C1=CC(=CC=C1OC2=C(C=C(C=N2)Cl)Cl)OC3=C(C=C(C=N3)Cl)Cl,402.1
5383,CC(C)(C)C1=NN=C(S1)N(C)C(=O)NC,228.32
5387,CC1=C2C(=CS1)C(=O)NC3=CC=CC=C3N2C(=O)CN4CCN(CC4)C,370.5
5391,CN1C2=C(C=C(C=C2)Cl)C(=NC(C1=O)O)C3=CC=CC=C3,300.74
5392,COP(=S)(OC)OC1=CC=C(C=C1)SC2=CC=C(C=C2)OP(=S)(OC)OC,466.5
5394,CN1C(=O)N2C=NC(=C2N=N1)C(=O)N,194.15
5405,CC(C)(C)C1=CC=C(C=C1)C(CCCN2CCC(CC2)C(C3=CC=CC=C3)(C4=CC=CC=C4)O)O,471.7
5424,C1(=C(C(=O)C(=C(C1=O)O)O)O)O,172.09
5426,C1CC(=O)NC(=O)C1N2C(=O)C3=CC=CC=C3C2=O,258.23
5429,CN1C=NC2=C1C(=O)NC(=O)N2C,180.16
5430,C1=CC=C2C(=C1)NC(=N2)C3=CSC=N3,201.25
5443,C1=CC=C(C(=C1)C(=O)O)S,154.19
5447,C(CSCCO)O,122.19
5452,CN1CCCCC1CCN2C3=CC=CC=C3SC4=C2C=C(C=C4)SC,370.6
5453,C1CN1P(=S)(N2CC2)N3CC3,189.22
5455,CN(C)C(=S)SSC(=S)N(C)C,240.4
5468,CC(C1=CC=C(S1)C(=O)C2=CC=CC=C2)C(=O)O,260.31
5472,C1CN(CC2=C1SC=C2)CC3=CC=CC=C3Cl,263.8
5475,CCN(CC)CCOC1=CC2=C(C=C1)C3=C(C2=O)C=C(C=C3)OCCN(CC)CC,410.5
5479,CCS(=O)(=O)CCN1C(=NC=C1[N+](=O)[O-])C,247.27
5480,CCOC(=O)C1=C(SC2=C1CCN(C2)CC3=CC=CC=C3)N,316.4
5482,C1=CC(=C(C=C1Cl)Cl)C(CN2C=CN=C2)OCC3=C(SC=C3)Cl,387.7
5483,CC(C(=O)NCC(=O)O)S,163.20
5484,CN1CCCC(=C(C2=CC=CS2)C3=CC=CS3)C1,275.4
5487,C1CN=C(N1)NC2=C(C=CC3=NSN=C32)Cl,253.71
5497,CCN(CC)C(=O)C1=CN=CC=C1,178.23
5502,CCC1C(=NN=C(C2=CC(=C(C=C12)OC)OC)C3=CC(=C(C=C3)OC)OC)C,382.5
5503,CC1=CC=C(C=C1)S(=O)(=O)NC(=O)NN2CCCCCC2,311.40
5505,CCCCNC(=O)NS(=O)(=O)C1=CC=C(C=C1)C,270.35
5506,CC1=CC(=CC=C1)N(C)C(=S)OC2=CC3=C(C=C2)C4CCC3C4,323.5
5507,CC1=C(C=CC(=C1)NC2=CC=CC=C2C(=O)O)Cl,261.70
5510,CC1=CC(=CC=C1)N(C)C(=S)OC2=CC3=CC=CC=C3C=C2,307.4
5526,C1CC(CCC1CN)C(=O)O,157.21
5531,CCN(CC)C1=CC(=NC2=NC=NN12)C,205.26
5536,CCOC1=CC(=C(C=C1C(=O)CCC(=O)O)OCC)OCC,310.34
5541,CC(=O)OCC(COC(=O)C)OC(=O)C,218.20
5543,CC(C)N(C(C)C)C(=O)SCC(=C(Cl)Cl)Cl,304.7
5546,C1=CC=C(C=C1)C2=NC3=C(N=C(N=C3N=C2N)N)N,253.26
5556,CC1=NN=C2N1C3=C(C=C(C=C3)Cl)C(=NC2)C4=CC=CC=C4Cl,343.2
5558,C(Br)(Br)Br,252.73
5560,C1=C2C(=CC(=C1Cl)S(=O)(=O)N)S(=O)(=O)NC(N2)C(Cl)Cl,380.7
5561,C(CCl)N(CCCl)CCCl,204.5
5564,C1=CC(=C(C=C1Cl)O)OC2=C(C=C(C=C2)Cl)Cl,289.5
5565,C(CNCCNCCN)N,146.23
5569,CCCN(CCC)C1=C(C=C(C=C1[N+](=O)[O-])C(F)(F)F)[N+](=O)[O-],335.28
5576,CC1(C(=O)N(C(=O)O1)C)C,143.14
5578,COC1=CC(=CC(=C1OC)OC)CC2=CN=C(N=C2N)N,290.32
5585,CC1=CC(=O)OC2=C1C=C3C=C(OC3=C2C)C,228.24
5590,CC(C)(C)CC(C)(C)C1=CC=C(C=C1)OCCO,250.38
5591,CC1=C(C2=C(CCC(O2)(C)COC3=CC=C(C=C3)CC4C(=O)NC(=O)S4)C(=C1O)C)C,441.5
5593,CCN(CC1=CC=NC=C1)C(=O)C(CO)C2=CC=CC=C2,284.35
5597,COC1=CC(=CC(=C1OC)OC)C(=O)NC2CCCNC2,294.35
5610,C1=CC(=CC=C1CCN)O,137.18
5625,CC(C)NC1=C(N=CC=C1)N2CCN(CC2)C(=O)C3=CC4=C(N3)C=CC(=C4)NS(=O)(=O)C,456.6
5634,C=CCCCCCCCCC(=O)O,184.27
5639,CN1C(=CC(=O)N(C1=O)C)NCCCN2CCN(CC2)C3=CC=CC=C3OC,387.5
5641,CCOC(=O)N,89.09
5656,CN(C)CC(C1=CC=C(C=C1)OC)C2(CCCCC2)O,277.4
5665,C=CC(CCC(=O)O)N,129.16
5694,CC1=C(C(=CC=C1)NC2=CC(=NC(=N2)SCC(=O)O)Cl)C,323.8
5707,CC1=C(C(=CC=C1)C)NC2=NCCCS2,220.34
5717,CC1=CC=CC=C1S(=O)(=O)NC(=O)C2=CC(=C(C=C2)CC3=CN(C4=C3C=C(C=C4)NC(=O)OC5CCCC5)C)OC,575.7
5719,CCN(C1=CC=CC(=C1)C2=CC=NC3=C(C=NN23)C#N)C(=O)C,305.33
5720,CC(C1=CC2=C(C=C1)SC3=CC=CC=C3C(=O)C2)C(=O)O,298.4
5723,COC1=C(C=CC(=C1)C2=NNC(=O)C=C2)OC(F)F,268.22
5724,C1=CC2=C(C=C1Cl)N(C(=O)N(C2=O)CC3=C(C=C(C=C3)Br)F)CC(=O)O,441.6
5732,CC1=CC=C(C=C1)C2=C(N3C=C(C=CC3=N2)C)CC(=O)N(C)C,307.4
5734,C1=CC=C2C(=C1)C(=NO2)CS(=O)(=O)N,212.23
5736,CN(C)CCOC1=CC2=CC=CC=C2SC3=C1C=C(C=C3)Cl,331.9
5741,COC1=C(C=C2C(=C1)CC(C2=O)CC3CCN(CC3)CC4=CC=CC=C4)OC.Cl,416.0
5743,C[C@@H]1C[C@H]2[C@@H]3CCC4=CC(=O)C=C[C@@]4([C@]3([C@H](C[C@@]2([C@]1(C(=O)CO)O)C)O)F)C,392.5
5745,CC(=O)OCC(=O)[C@]1(CC[C@@H]2[C@@]1(CC(=O)[C@H]3[C@H]2CCC4=CC(=O)CC[C@]34C)C)O,402.5
5746,CC1=C(C(=O)C2=C(C1=O)N3C[C@H]4[C@@H]([C@@]3([C@@H]2COC(=O)N)OC)N4)N,334.33
5748,CC[N+](C)(CC)CCOC(=O)C(C1CCCCC1)(C2=CC=CC=C2)O.[Br-],428.4
5753,C[C@]12CCC(=O)C=C1CC[C@@H]3[C@@H]2[C@H](C[C@]4([C@H]3CC[C@@H]4C(=O)CO)C)O,346.5
5754,C[C@]12CCC(=O)C=C1CC[C@@H]3[C@@H]2[C@H](C[C@]4([C@H]3CC[C@@]4(C(=O)CO)O)C)O,362.5
5755,C[C@]12C[C@@H]([C@H]3[C@H]([C@@H]1CC[C@@]2(C(=O)CO)O)CCC4=CC(=O)C=C[C@]34C)O,360.4
5756,C[C@]12CC[C@H]3[C@H]([C@@H]1C[C@H]([C@@H]2O)O)CCC4=C3C=CC(=C4)O,288.4
5757,C[C@]12CC[C@H]3[C@H]([C@@H]1CC[C@@H]2O)CCC4=C3C=CC(=C4)O,272.4
5758,C1=CC(=C(C(=C1)Cl)C(=O)O)Cl,191.01
5759,C1=CC(=C(C(=C1Cl)C(=O)O)Cl)Cl,225.5
5761,CCN(CC)C(=O)[C@H]1CN([C@@H]2CC3=CNC4=CC=CC(=C34)C2=C1)C,323.4
5763,CCN(CC)CCOC(=O)C(C1=CC=CC=C1)C2=CC=CC=C2.Cl,347.9
5765,C1=CC(=C(C(=C1)Cl)Cl)C(=O)O,191.01
5770,CO[C@H]1[C@@H](C[C@@H]2CN3CCC4=C([C@H]3C[C@@H]2[C@@H]1C(=O)OC)NC5=C4C=CC(=C5)OC)OC(=O)C6=CC(=C(C(=C6)OC)OC)OC,608.7
5773,C1C(=C(N2[C@H](S1)[C@@H](C2=O)NC(=O)CC3=CC=CS3)C(=O)[O-])C[N+]4=CC=CC=C4,415.5
5775,CC1=CC=C(C=C1)N(CC2=NCCN2)C3=CC(=CC=C3)O,281.35
5780,C([C@H]([C@H]([C@@H]([C@H](CO)O)O)O)O)O,182.17
5784,C1=CC(=C(C=C1Cl)C(=O)O)Cl,191.01
5787,C1=CC(=C(C=C1Cl)Cl)C(=O)O,191.01
5789,CC1=CN(C(=O)NC1=O)[C@H]2C[C@@H]([C@H](O2)CO)O,242.23
5790,C1[C@@H]([C@H](O[C@H]1N2C=C(C(=O)NC2=O)F)CO)O,246.19
5794,CCCCOCCOCCOCC1=CC2=C(C=C1CCC)OCO2,338.4
5795,CCN(CC)CCOC(=O)C1=CC=C(C=C1)N.Cl,272.77
5798,C1=CC=C2C(=C1)NC=N2,118.14
5801,C1=CC=C(C(=C1)N)O,109.13
5803,C1=CC(=C(C=C1OC2=C(C=C(C=C2I)CC(=O)O)I)I)O,621.93
5807,CC(C)NCC(C1=CC(=C(C=C1)O)O)O.Cl,247.72
5811,C1=C(C=C(C=C1Cl)Cl)C(=O)O,191.01
5815,CNC[C@@H](C1=CC(=C(C=C1)O)O)O.[C@@H]([C@H](C(=O)O)O)(C(=O)O)O,333.29
5816,CNC[C@@H](C1=CC(=C(C=C1)O)O)O,183.20
5817,C1=CC(=C(C=C1C(=O)O)Cl)Cl,191.01
5819,C1=C(C=C(C(=C1I)OC2=CC(=C(C(=C2)I)O)I)I)C[C@@H](C(=O)O)N,776.87
5827,CC(=O)NC1=CC=C(C=C1)OC,165.19
5831,C[N+](C)(C)CCOC(=O)N.[Cl-],182.65
5832,CC(=O)O[C@]1(CC[C@@H]2[C@@]1(CC[C@H]3[C@H]2CCC4=CC(=O)CC[C@H]34)C)C#C,340.5
5833,CC(=O)S[C@@H]1CC2=CC(=O)CC[C@@]2([C@@H]3[C@@H]1[C@@H]4CC[C@]5([C@]4(CC3)C)CCC(=O)O5)C,416.6
5834,CC(=O)OCC(=O)[C@]1(CC[C@@H]2[C@@]1(C[C@@H]([C@H]3[C@H]2CCC4=CC(=O)C=C[C@]34C)O)C)O,402.5
5852,CC(C)([C@H](C(=O)O)N)S,149.21
5853,COP(=O)(C(C(Cl)(Cl)Cl)O)OC,257.43
5857,C[C@]12CC[C@H]3[C@H]([C@@H]1CC[C@]2(C#C)O)CCC4=CCCC[C@H]34,284.4
5859,CN(C)S(=O)(=O)C1=CC=C(C=C1)OP(=S)(OC)OC,325.3
5865,C[C@]12CC(=O)[C@H]3[C@H]([C@@H]1CC[C@@]2(C(=O)CO)O)CCC4=CC(=O)C=C[C@]34C,358.4
5870,C[C@]12CC[C@H]3[C@H]([C@@H]1CCC2=O)CCC4=C3C=CC(=C4)O,270.4
5876,C[C@]12C[C@@H]([C@H]3[C@H]([C@@H]1CC[C@@]2(C(=O)CO)O)C[C@@H](C4=CC(=O)C=C[C@]34C)F)O,378.4
5877,C[C@H]1C[C@H]2[C@@H]3CC[C@@]([C@]3(C[C@@H]([C@@H]2[C@@]4(C1=CC(=O)C=C4)C)O)C)(C(=O)COC(=O)C)O,416.5
5879,C[C@]12CC[C@H](C[C@@H]1CC[C@@H]3[C@@H]2CC[C@]4([C@H]3CCC4=O)C)O,290.4
5881,C[C@]12CC[C@H]3[C@H]([C@@H]1CCC2=O)CC=C4[C@@]3(CC[C@@H](C4)O)C,288.4
5883,CC[N+](C)(CC)CCOC(=O)C1C2=CC=CC=C2OC3=CC=CC=C13.[Br-],420.3
5887,CN(C)CCCN1C2=CC=CC=C2SC3=CC=CC=C31.Cl,320.9
5889,C1=CC=C2C(=C1)C=CC3=CC4=C(C=CC5=CC=CC=C54)C=C32,278.3
5892,C1=CC(=C[N+](=C1)[C@H]2[C@@H]([C@@H]([C@H](O2)COP(=O)([O-])OP(=O)(O)OC[C@@H]3[C@H]([C@H]([C@@H](O3)N4C=NC5=C(N=CN=C54)N)O)O)O)O)C(=O)N,663.4
5897,CC(=O)NC1=CC2=C(C=C1)C3=CC=CC=C3C2,223.27
5902,CCN(CC)CCNC(C1=CC=CC=C1)C(=O)OCCC(C)C,320.5
5905,C1[C@@H]([C@H](O[C@H]1N2C=C(C(=O)NC2=O)I)CO)O,354.10
5910,CC[C@H]1[C@H](COC1=O)CC2=CN=CN2C,208.26
5917,C1CCC2=NN=NN2CC1,138.17
5918,C1=CN=CC(=C1N)N,109.13
5920,C1=CC(=C(C=C1OC2=C(C=C(C=C2I)C[C@@H](C(=O)O)N)I)I)O,650.97
5921,CCN(CC)N=O,102.14
5922,C1=CN=CC=C1C(=O)O,123.11
5924,CNCC(C1=CC(=C(C=C1)O)O)O.Cl,219.66
5930,CNC1=CC=C(C=C1)O.CNC1=CC=C(C=C1)O.OS(=O)(=O)O,344.39
5934,CC1=CC(=CC=C1)N=NC2=CC=C(C=C2)N(C)C,239.32
5935,CN(CCCl)CCCl.Cl,192.5
5936,CC(C)OP(=O)(OC(C)C)F,184.15
5942,C(CN)CNCCCN,131.22
5943,C(Cl)(Cl)(Cl)Cl,153.8
5946,CC[N+](CC)(CC)CC.[Cl-],165.70
5952,CC(=O)OCC(=O)[C@H]1CC[C@@H]2[C@@]1(CC[C@H]3[C@H]2CCC4=CC(=O)CC[C@]34C)C,372.5
5954,C1=CC=C2C(=C1)C=CC3=CC4=CC=CC=C4C=C32,228.3
5957,C1=NC(=C2C(=N1)N(C=N2)[C@H]3[C@@H]([C@@H]([C@H](O3)COP(=O)(O)OP(=O)(O)OP(=O)(O)O)O)O)N,507.18
5959,C1=CC(=CC=C1[C@H]([C@@H](CO)NC(=O)C(Cl)Cl)O)[N+](=O)[O-],323.13
5962,C(CCN)C[C@@H](C(=O)O)N,146.19
5963,C[N+](C)(C)CC1=CC=CC=C1.[Cl-],185.69
5971,C=CCN=C=S,99.16
5974,CCCCCCCCCCCCCCCC[N+](C)(C)C.[Br-],364.4
5976,CN(C)N,60.10
5977,CC(C)(C(Cl)(Cl)Cl)O,177.45
5978,CC[C@@]1(C[C@@H]2C[C@@](C3=C(CCN(C2)C1)C4=CC=CC=C4N3)(C5=C(C=C6C(=C5)[C@]78CCN9[C@H]7[C@@](C=CC9)([C@H]([C@@]([C@@H]8N6C=O)(C(=O)OC)O)OC(=O)C)CC)OC)C(=O)OC)O,825.0
5983,C[C@@]12CCN([C@@H]1N(C3=C2C=C(C=C3)OC(=O)NC)C)C,275.35
5984,C([C@H]([C@H]([C@@H](C(=O)CO)O)O)O)O,180.16
5987,NS(=O)(=O)O,97.10
5988,C([C@@H]1[C@H]([C@@H]([C@H]([C@H](O1)O[C@]2([C@H]([C@@H]([C@H](O2)CO)O)O)CO)O)O)O)O,342.30
5991,C[C@]12CC[C@H]3[C@H]([C@@H]1CC[C@]2(C#C)O)CCC4=C3C=CC(=C4)O,296.4
5993,C1C2C(C(C1Cl)Cl)C3(C(=C(C2(C3(Cl)Cl)Cl)Cl)Cl)Cl,409.8
5994,CC(=O)[C@H]1CC[C@@H]2[C@@]1(CC[C@H]3[C@H]2CCC4=CC(=O)CC[C@]34C)C,314.5
5995,CCC(=O)O[C@H]1CC[C@@H]2[C@@]1(CC[C@H]3[C@H]2CCC4=CC(=O)CC[C@]34C)C,344.5
5997,C[C@H](CCCC(C)C)[C@H]1CC[C@@H]2[C@@]1(CC[C@H]3[C@H]2CC=C4[C@@]3(CC[C@@H](C4)O)C)C,386.7
6001,CC1=C2C=CC3=CC=CC=C3C2=C(C4=CC=CC=C14)C,256.3
6005,CN1CCC2=C3[C@H]1CC4=C(C3=CC=C2)C(=C(C=C4)O)O,267.32
6009,CC1=C(C(=O)N(N1C)C2=CC=CC=C2)N(C)C,231.29
6010,C[C@]12CCC(=O)C=C1CC[C@@H]3[C@@H]2CC[C@]4([C@H]3CC[C@]4(C)O)C,302.5
6013,C[C@]12CC[C@H]3[C@H]([C@@H]1CC[C@@H]2O)CCC4=CC(=O)CC[C@]34C,288.4
6014,CC(CN1C2=CC=CC=C2SC3=CC=CC=C31)N(C)C.Cl,320.9
6019,CC1=NC=C(C(=C1O)CO)CO.Cl,205.64
6024,CC(=O)OCC1=C(N2[C@@H]([C@@H](C2=O)NC(=O)CC3=CC=CS3)SC1)C(=O)O,396.4
6025,C1=CC=C(C=C1)C=C(C2=CC=CC=C2)C3=CC=CC=C3,256.3
6028,C1=C(C(=C(C(=C1Cl)Cl)Cl)O)Cl,231.9
6034,CCOC1=C(C=CC(=C1)NC(=O)C)C(=O)OC,237.25
6035,C1[C@@H]([C@H](O[C@H]1N2C=C(C(=O)NC2=O)Br)CO)O,307.10
6040,C1CCN(CC1)CC2COC3=CC=CC=C3O2,233.31
6043,C1=CC=C2C(=C1)NC(=O)O2,135.12
6046,C1COCCN1N=O,116.12
6047,C1=CC(=C(C=C1C[C@@H](C(=O)O)N)O)O,197.19
6048,C1CN=C(N1)CC2=CC=CC=C2.Cl,196.67
6049,C(CN(CC(=O)O)CC(=O)O)N(CC(=O)O)CC(=O)O,292.24
6050,CCCC(=O)OCC(COC(=O)CCC)OC(=O)CCC,302.36
6051,C1=CC=C(C=C1)N=NC2=CC=C(C=C2)N,197.24
6053,CN(C)C1=CC=C(C=C1)N=NC2=CC=CC=C2,225.29
6054,C1=CC=C(C=C1)CCO,122.16
6057,C1=CC(=CC=C1C[C@@H](C(=O)O)N)O,181.19
6058,C(CS)N,77.15
6060,CC(=O)OCC[N+](C)(C)C.[Cl-],181.66
6075,CN1CCCC(C1)CN2C3=CC=CC=C3SC4=CC=CC=C42,310.5
6076,C1[C@@H]2[C@H]([C@H]([C@@H](O2)N3C=NC4=C(N=CN=C43)N)O)OP(=O)(O1)O,329.21
6083,C1=NC(=C2C(=N1)N(C=N2)[C@H]3[C@@H]([C@@H]([C@H](O3)COP(=O)(O)O)O)O)N,347.22
6084,COC1=C(C=C(C=C1)CC2=NC=CC3=CC(=C(C=C32)OC)OC)OC.Cl,375.8
6093,C1CN(C(=O)N1)C2=NC=C(S2)[N+](=O)[O-],214.20
6099,CN(C)C1=CC2=C(C=C1)N=C3C=CC(=[N+](C)C)C=C3S2.[Cl-],319.9
6100,CC[N+](C)(C)CC1=CC=CC=C1Br.CC1=CC=C(C=C1)S(=O)(=O)[O-],414.4
6101,CC1=CC=C(C=C1)S(=O)(=O)O,172.20
6103,C1=CC2=C(C=C1Cl)N=C(O2)N,168.58
6108,C1=CC(=CC=C1C(=O)O)[N+](=O)[O-],167.12
6113,CCOS(=O)(=O)C,124.16
6114,CC(C[N+](C)(C)C)OC(=O)C.[Cl-],195.69
6115,C1=CC=C(C=C1)N,93.13
6124,CN(C)N=O,74.08
6126,C[N+]1(CCC(=C(C2=CC=CC=C2)C3=CC=CC=C3)CC1)C.COS(=O)(=O)[O-],389.5
6128,C[C@]12CCC(=O)C=C1CC[C@@H]3[C@@H]2CC[C@]4([C@H]3CCC4=O)C,286.4
6129,CNC(=O)OC1=CC=CC2=CC=CC=C21,201.22
6134,C([C@@H]1[C@@H]([C@@H]([C@H]([C@@H](O1)O[C@@H]2[C@H](O[C@H]([C@@H]([C@H]2O)O)O)CO)O)O)O)O,342.30
6135,CC(CCCN)NC1=C2C(=CC(=C1)OC)C=CC=N2.OP(=O)(O)O.OP(=O)(O)O,455.34
6136,CN(C)CCN(CC1=CC=C(C=C1)OC)C2=NC=CC=N2.Cl,322.83
6143,CC(C)C1=CC(=CC=C1)OC(=O)NC,193.24
6145,C1=CC=C(C=C1)NC(=O)N,136.15
6151,CCC(C)C(C)(COC(=O)N)COC(=O)N,232.28
6163,CCOS(=O)(=O)OCC,154.19
6166,C[C@]12CC[C@H]3[C@H]([C@@H]1CC[C@@H]2C(=O)CO)CCC4=CC(=O)CC[C@]34C,330.5
6167,CC(=O)N[C@H]1CCC2=CC(=C(C(=C2C3=CC=C(C(=O)C=C13)OC)OC)OC)OC,399.4
6172,CC[N+](CC)(CC)CCOC1=C(C(=CC=C1)OCC[N+](CC)(CC)CC)OCC[N+](CC)(CC)CC.[I-].[I-].[I-],891.5
6184,CCCCCC=O,100.16
6194,C1=C(C(=O)NC(=O)N1)N(CCCl)CCCl,252.09
6197,C[C@H]1C[C@@H](C(=O)[C@@H](C1)[C@@H](CC2CC(=O)NC(=O)C2)O)C,281.35
6202,CC1=C(SC=[N+]1CC2=CN=C(N=C2N)C)CCO.Cl.[Cl-],337.3
6207,C(COCCOCCN(CC(=O)O)CC(=O)O)N(CC(=O)O)CC(=O)O,380.35
6209,C[N+](C)(C)CCO.[Cl-],139.62
6211,C1C(=O)NC(=O)NC1=O,128.09
6212,C(Cl)(Cl)Cl,119.37
6213,CS(=O)(=O)C,94.14
6214,C(C(Cl)(Cl)Cl)(Cl)(Cl)Cl,236.7
6215,C[C@]12C[C@@H]([C@]3([C@H]([C@@H]1C[C@@H]4[C@]2(OC(O4)(C)C)C(=O)CO)C[C@@H](C5=CC(=O)C=C[C@@]53C)F)F)O,452.5
6216,CC(=O)OCC(=O)[C@]1([C@@H](C[C@@H]2[C@@]1(C[C@@H]([C@]3([C@H]2CCC4=CC(=O)C=C[C@@]43C)F)O)C)OC(=O)C)O,478.5
6227,C(C(=O)O)Br,138.95
6228,CN(C)C=O,73.09
6230,C[C@]12CC[C@H]3[C@H]([C@@H]1CC[C@]2(C#C)O)CCC4=CC(=O)CC[C@H]34,298.4
6231,C[C@]12CC[C@H]3[C@H]([C@@H]1CC[C@]2(C#C)O)CCC4=C3CCC(=O)C4,298.4
6233,C1=CC(=CC=C1C(Cl)(Cl)Cl)C(Cl)(Cl)Cl,312.8
6234,C1[C@H](C(=O)NO1)N,102.09
6237,CCC1=C(C2=CC=CC=C2O1)C(=O)C3=CC(=C(C(=C3)I)O)I,518.08
6238,CC(=O)[C@]1(CC[C@@H]2[C@@]1(CC[C@H]3[C@H]2CCC4=CC(=O)CC[C@]34C)C)O,330.5
6240,CN(C)CCCN1C2=CC=CC=C2SC3=C1C=C(C=C3)Cl.Cl,355.3
6241,CN1C=NC2=C1C(=O)N(C(=O)N2C)C.C(C(=O)O)C(CC(=O)O)(C(=O)O)O,386.31
6243,C[N+]1(CC2=C(C1)C(=C(C(=C2Cl)Cl)Cl)Cl)CC[N+](C)(C)C.[Cl-].[Cl-],429.0
6249,CC1([C@@H](N2[C@H](S1)[C@@H](C2=O)NC(=O)[C@@H](C3=CC=CC=C3)N)C(=O)O)C,349.4
6251,C([C@H]([C@H]([C@@H]([C@@H](CO)O)O)O)O)O,182.17
6252,C1=CN(C(=O)N=C1N)[C@H]2[C@H]([C@@H]([C@H](O2)CO)O)O.Cl,279.68
6253,C1=CN(C(=O)N=C1N)[C@H]2[C@H]([C@@H]([C@H](O2)CO)O)O,243.22
6256,C1[C@@H]([C@H](O[C@H]1N2C=C(C(=O)NC2=O)C(F)(F)F)CO)O,296.20
6257,COC1=CC=CC=C1OCC2CNC(=O)O2,223.22
6258,C1=CC2=C(C=C1Cl)SNC2=O,185.63
6259,C1=CC=C(C=C1)C(=O)CBr,199.04
6264,C1=CC(=C(C=C1[N+](=O)[O-])[N+](=O)[O-])F,186.10
6269,CC1=CC=C(C=C1)S(=O)(=O)N,171.22
6271,CCC(=O)C1=CC=C(C=C1)O,150.17
6276,CCCCCO,88.15
6277,CC(=O)[O-].CC(=O)[O-].[Co+2],177.02
6278,CC(Cl)(Cl)Cl,133.40
6279,C[C@H]1C[C@@H]2[C@H](CC[C@]3([C@H]2CC[C@@]3(C(=O)C)OC(=O)C)C)[C@@]4(C1=CC(=O)CC4)C,386.5
6282,C1=CC(=C(C=C1C2(C3=C(C(=C(C(=C3Br)Br)Br)Br)C(=O)O2)C4=CC(=C(C=C4)O)S(=O)(=O)[O-])S(=O)(=O)[O-])O.[Na+].[Na+],838.0
6285,CC[N+](CC)(CC)CC.[Br-],210.16
6288,C[C@H]([C@@H](C(=O)O)N)O,119.12
6291,C[C@]12CC[C@H]3[C@H]([C@@H]1CC[C@]2(C#C)O)CCC4=C3C=CC(=C4)OC,310.4
6292,CC1=CC=CC=C1N2C(=NC3=CC=CC=C3C2=O)C,250.29
6293,C1=CC=C2C(=C1)C(=O)C3=C(C2=O)C(=C(C=C3)O)O,240.21
6294,C1=CC(=CC=C1C(C2=CC=C(C=C2)Cl)C(Cl)Cl)Cl,320.0
6295,CCC1=CC=C(C=C1)C(C2=CC=C(C=C2)CC)C(Cl)Cl,307.3
6296,CC1=C(C=CC(=C1)C2=CC(=C(C=C2)N=NC3=C(C4=C(C=C(C=C4C=C3S(=O)(=O)[O-])S(=O)(=O)[O-])N)O)C)N=NC5=C(C6=C(C=C(C=C6C=C5S(=O)(=O)[O-])S(=O)(=O)[O-])N)O.[Na+].[Na+].[Na+].[Na+],960.8
6300,C[C@]12CC[C@H]3[C@H]([C@@H]1CC[C@]2(C)O)CCC4=CC(=O)C=C[C@]34C,300.4
6301,CC1=NC2=C(C=C1)C(=CC(=C2O)Cl)Cl,228.07
6305,C1=CC=C2C(=C1)C(=CN2)C[C@@H](C(=O)O)N,204.22
6306,CC[C@H](C)[C@@H](C(=O)O)N,131.17
6307,CCC1NC2=CC(=C(C=C2C(=O)N1)S(=O)(=O)N)Cl,289.74
6317,CC(C)NCC(C1=CC=C(C=C1)[N+](=O)[O-])O,224.26
6318,C1=CC(=CC=C1C(=O)O)Cl,156.56
6319,C1=CC=C(C=C1)NC2=CC=C(C=C2)NC3=CC=CC=C3,260.3
6322,C(C[C@@H](C(=O)O)N)CN=C(N)N,174.20
6332,CCBr,108.97
6333,C(Cl)Br,129.38
6336,CCCCC(CN1C=NC=N1)(C#N)C2=CC=C(C=C2)Cl,288.77
6342,CC#N,41.05
6344,C(Cl)Cl,84.93
6348,C(=S)=S,76.15
6358,CC(C)Br,122.99
6359,C(Cl)(Cl)Br,163.83
6364,CC(C)S,76.16
6365,CC(Cl)Cl,98.96
6366,C=C(Cl)Cl,96.94
6374,C(I)(I)I,393.732
6375,C[N+](=O)[O-],61.040
6377,CC1CN1,57.09
6379,C[N+](C)(C)C.[Cl-],109.60
6383,C(Cl)(Cl)(Cl)Br,198.27
6385,CC(C)(C)N,73.14
6387,CC(C)(C)S,90.19
6389,C(F)(Cl)(Cl)Cl,137.36
6395,CS(=O)(=O)O,96.11
6396,C[Si](C)(C)C,88.22
6397,C[Si](C)(C)Cl,108.64
6403,CCC(C)(C)C,86.18
6405,CCC(C)(C)O,88.15
6406,CC(C)(C#N)O,85.10
6409,C(C(F)(F)F)O,100.04
6410,CC(C)(C)OO,90.12
6415,C(=O)(C(Br)(Br)Br)O,296.74
6416,CC(=O)C(C)(C)C,100.16
6417,CC(C)(C)C(=O)O,102.13
6418,CC(C(=O)O)(Cl)Cl,142.97
6419,C(C(Cl)(Cl)Cl)(Cl)Cl,202.3
6420,C(=O)(C(Cl)(Cl)Cl)Cl,181.8
6421,C(=O)(C(Cl)(Cl)Cl)O,163.38
6423,C([N+](=O)[O-])(Cl)(Cl)Cl,164.37
6427,C(C(F)(Cl)Cl)(F)(Cl)Cl,203.8
6428,C(C(F)(Cl)Cl)(F)(F)Cl,187.37
6433,CCC(C)(S(=O)(=O)CC)S(=O)(=O)CC,242.4
6436,C[C@]12C[C@@H]([C@]3([C@H]([C@@H]1C[C@@H]4[C@]2(OC(O4)(C)C)C(=O)CO)CCC5=CC(=O)C=C[C@@]53C)F)O,434.5
6442,CC(C)(CO)[N+](=O)[O-],119.12
6446,C[C@]12CCC(=O)C=C1CC[C@@H]3[C@@]2([C@H](C[C@]4([C@H]3CC[C@]4(C)O)C)O)F,336.4
6451,CC1=C(C(=C(C=C1C2(C3=CC=CC=C3S(=O)(=O)O2)C4=CC(=C(C(=C4C)Br)O)Br)Br)O)Br,698.0
6456,C1=CC=C(C=C1)C(C2=CC=CC=C2)(C3=CC=CC=C3)Cl,278.8
6461,C[N+]1(CCCC(C1)OC(=O)C(C2=CC=CC=C2)(C3=CC=CC=C3)O)C.[Br-],420.3
6466,C[C@@]12[C@H](C=C[C@@]3([C@@H]1[C@@H]([C@]45[C@H]3CC[C@](C4)(C(=C)C5)O)C(=O)O)OC2=O)O,346.4
6476,CC1(CC(=O)N(C1=O)C)C2=CC=CC=C2,203.24
6478,C1(=C(C(C(=C1Cl)Cl)(Cl)Cl)Cl)Cl,272.8
6479,CC1(C(=O)N(C(=O)N1Br)Br)C,285.92
6480,CC(CO)(CO)[N+](=O)[O-],135.12
6481,CC(C)C(CC(C)N(C)C)(C#N)C1=CC=CC=C1,244.37
6488,CCC(CC)(C(=O)NC(=O)N)Br,237.09
6490,CC(C)C(C(C)(C)COC(=O)C(C)C)O,216.32
6491,CC1(C(=O)NC(=O)N1)C,128.13
6492,C1C=CC2C1C3CC2C=C3,132.20
6494,CCC(C)(C#C)O,98.14
6495,CC(C)(OC)OC,104.15
6497,COS(=O)(=O)OC,126.13
6498,C1C=CCS1(=O)=O,118.16
6501,CCOC(=O)C1C(O1)(C)C2=CC=CC=C2,206.24
6502,CC(CO)(CO)CO,120.15
6503,C(C(CO)(CO)N)O,121.14
6504,CCOC(=O)CC(CC(=O)OCC)(C(=O)OCC)OC(=O)C,318.32
6505,CCCCOC(=O)CC(CC(=O)OCCCC)(C(=O)OCCCC)OC(=O)C,402.5
6506,CCOC(=O)CC(CC(=O)OCC)(C(=O)OCC)O,276.28
6510,CCC(CO)(CO)CO,134.17
6514,C(CS)C(=O)O,106.15
6515,CCO[Si](CC)(OCC)OCC,192.33
6516,CCO[Si](C=C)(OCC)OCC,190.31
6517,CCO[Si](OCC)(OCC)OCC,208.33
6518,C(C(CO[N+](=O)[O-])(CO[N+](=O)[O-])CO[N+](=O)[O-])O[N+](=O)[O-],316.14
6525,C#CC1(CCCCC1)O,124.18
6527,CC1=CC=CC=C1OP(=O)(OC2=CC=CC=C2C)OC3=CC=CC=C3C,368.4
6528,CC1=CC=C(C=C1)OP(=O)(OC2=CC=CC=C2)OC3=CC=CC=C3,340.3
6529,CC1=CC=C(C=C1)OP(=O)(OC2=CC=C(C=C2)C)OC3=CC=C(C=C3)C,368.4
6532,CC(C)C(=O)OC(C)(CCC=C(C)C)C=C,224.34
6534,CCOP(=O)(CC)OCC,166.16
6535,CCOP(=O)(OCC)OCC,182.15
6536,CCN(CC)CCOC1=CC=C(C=C1)C(CC2=CC=C(C=C2)Cl)(C3=CC=C(C=C3)C)O,438.0
6537,CCCCC(CC)COP(=O)(OCC(CC)CCCC)OCC(CC)CCCC,434.6
6539,CCCCOP(=O)(CCCC)OCCCC,250.31
6540,CCCCOCCOP(=O)(OCCOCCCC)OCCOCCCC,398.5
6544,CC1=CC(=O)CC(C1)(C)C,138.21
6545,CC(C)(C)OOC(C)(C)CCC(C)(C)OOC(C)(C)C,290.44
6547,CC(C)(C#N)N=NC(C)(C)C#N,164.21
6548,CCC(C)(CCCC(C)C)O,158.28
6549,CC(=CCCC(C)(C=C)O)C,154.25
6554,CCC(C)Br,137.02
6555,CC(C)CBr,137.02
6557,CC(=C)C=C,68.12
6559,CC(C)C#N,69.11
6560,CC(C)CO,74.12
6561,CC(C)C=O,72.11
6563,CCC(C)Cl,92.57
6564,CC(CCl)Cl,112.98
6565,C=C(CCl)Cl,110.97
6567,CC(CN)N,74.13
6568,CCC(C)O,74.12
6569,CCC(=O)C,72.11
6570,CC(=O)C=C,70.09
6571,CC(=O)CCl,92.52
6572,CC(C#N)O,71.08
6574,C(C(Cl)Cl)Cl,133.40
6575,C(=C(Cl)Cl)Cl,131.38
6577,C(C(=O)Cl)Cl,112.94
6579,C=CC(=O)N,71.08
6580,C(C(=O)N)Cl,93.51
6581,C=CC(=O)O,72.06
6582,CC(=O)NC,73.09
6584,CC(=O)OC,74.08
6585,CC(=O)OO,76.05
6586,COC(=O)Cl,94.50
6587,CC[N+](=O)[O-],75.07
6588,C(C(Br)Br)(Br)Br,345.65
6589,CC(C)C(C)C,86.18
6590,CC(C)C(=O)O,88.11
6591,C(C(Cl)Cl)(Cl)Cl,167.8
6593,C(C(=O)Cl)(Cl)Cl,147.38
6595,CC(=C)C(=O)N,85.10
6597,C(C(=O)O)(Cl)Cl,128.94
6598,CN(C)C(=O)Cl,107.54
6607,CC#C[C@@]1(CC[C@@H]2[C@@]1(CC[C@H]3[C@H]2C[C@@H](C4=CC(=O)CC[C@]34C)C)C)O,340.5
6610,CCC(C)(C)C1=CC(=C(C=C1O)C(C)(C)CC)O,250.38
6616,CC1(C2CCC(C2)C1=C)C,136.23
6618,CC(C)(C1=CC(=C(C(=C1)Br)O)Br)C2=CC(=C(C(=C2)Br)O)Br,543.9
6619,CC(C)(C1=CC(=C(C(=C1)Cl)O)Cl)C2=CC(=C(C(=C2)Cl)O)Cl,366.1
6620,CC1=C(C=CC(=C1)C(C)(C)C2=CC(=C(C=C2)O)C)O,256.34
6621,C1=CC=C(C=C1)S(=O)(=O)C2=CC=C(C=C2)Cl,252.72
6623,CC(C)(C1=CC=C(C=C1)O)C2=CC=C(C=C2)O,228.29
6624,CC(C1=CC=C(C=C1)Cl)(C2=CC=C(C=C2)Cl)O,267.1
6625,C1=CC(=CC=C1S(=O)(=O)C2=CC=C(C=C2)Cl)Cl,287.2
6626,C1=CC(=CC=C1O)S(=O)(=O)C2=CC=C(C=C2)O,250.27
6627,C1=CC=C(C=C1)[Si](C2=CC=CC=C2)(Cl)Cl,253.19
6629,CC(C)(C1=CC=CC=C1)OO,152.19
6633,CC1=CC=C(C=C1)S(=O)(=O)NC2CCCCC2,253.36
6634,C1=CC(=CC=C1N)S(=O)(=O)NC2=NN=C(C=C2)Cl,284.72
6635,C1=CC(=CC=C1OS(=O)(=O)C2=CC=C(C=C2)Cl)Cl,303.2
6636,C1=CC=C(C=C1)S(=O)(=O)OC2=CC=C(C=C2)Cl,268.72
6637,CCNS(=O)(=O)C1=CC=C(C=C1)C,199.27
6640,CC(C)C1=CC=C(C=C1)S(=O)(=O)O,200.26
6641,CC(C)(C1=CC=CC=C1)OOC(C)(C)C2=CC=CC=C2,270.4
6643,CCC(C)(C)C1=CC=C(C=C1)O,164.24
6645,CC1=CC=C(C=C1)S(=O)(=O)OC,186.23
6649,C1=CC(=CC=C1OC2=CC=C(C=C2)S(=O)(=O)NN)S(=O)(=O)NN,358.4
6650,CC1(CCC(CC1)C(C)(C)N)N,170.30
6651,CC1(CCC(CC1)C(C)(C)O)O,172.26
6654,CC1=CCC2CC1C2(C)C,136.23
6658,CC(=C)C(=O)OC,100.12
6662,CC1=C(ON=C1C)N(C(=O)C)S(=O)(=O)C2=CC=C(C=C2)N,309.34
6669,CC1=C(C(=C(C(=C1[N+](=O)[O-])C(C)(C)C)[N+](=O)[O-])C)C(=O)C,294.30
6670,C1=CC=C2C(=C1)C=CC(=C2S(=O)(=O)O)N,223.25
6672,CC1=C(C(=CC=C1)C)[N+](=O)[O-],151.16
6673,C1C2C3CC4C(C3C1C5C2O5)O4,164.20
6674,C[C@H](CCC(=O)O)[C@H]1CC[C@@H]2[C@@]1(C(=O)C[C@H]3[C@H]2C(=O)C[C@H]4[C@@]3(CCC(=O)C4)C)C,402.5
6678,C1=CC2=C3C(=CC=C4C3=C1C(=O)OC4=O)C(=O)OC2=O,268.18
6680,CC1=CC=C(C=C1)NC2=C3C(=C(C=C2)O)C(=O)C4=CC=CC=C4C3=O,329.3
6681,C1=CC=C2C(=C1)C(=O)C3=C(C2=O)C(=C(C=C3Br)Br)N,381.02
6683,C1=CC=C2C(=C1)C(=O)C3=C(C2=O)C(=C(C=C3O)O)O,256.21
6688,C1=CC=C2C(=C1)C(=O)C3=C(C=CC(=C3C2=O)O)O,240.21
6693,C1=CC2=C3C(=C1)C(=O)OC(=O)C3=CC=C2,198.17
6694,CCN(CC)C1=CC2=C(C=C1)C(=C3C=CC(=[N+](CC)CC)C=C3O2)C4=CC=CC=C4C(=O)O.[Cl-],479.0
6702,CC1=C(C2=C(C=C1)C(=O)C3=CC=CC=C3C2=O)N,237.25
6709,C1=CC=C2C(=C1)C(=O)C3=C(C2=O)C(=CC=C3)Cl,242.65
6719,C1=CC=C(C=C1)C(C2=CC=CC=C2)C(=O)C3C(=O)C4=CC=CC=C4C3=O,340.4
6720,C1(=C(C(=C(C(=C1Cl)Cl)Cl)Cl)Cl)[N+](=O)[O-],295.3
6724,C1=CC2=C3C(=C1)C(=O)C(=O)C3=CC=C2,182.17
6730,C1=CC(=CC=C1C(C2=CC=C(C=C2)Cl)C(=O)O)Cl,281.1
6731,C1=CC=C2C(=C1)C=CC(=N2)C3C(=O)C4=CC=CC=C4C3=O,273.3
6732,CC(C)(C)C(=O)C1C(=O)C2=CC=CC=C2C1=O,230.26
6733,CC(C)CC(=O)C1C(=O)C2=CC=CC=C2C1=O,230.26
6734,C1CC2=CC=CC3=C2C1=CC=C3,154.21
6736,CC1=CNC2=CC=CC=C12,131.17
6737,C1=CC(=C(C(=C1)Cl)C=O)Cl,175.01
6738,CC1=C(C(=CC=C1)C(=O)O)O,152.15
6739,CC1=C(C(=CC=C1)[N+](=O)[O-])C,151.16
6740,CC1=C(C=CC=C1Cl)[N+](=O)[O-],171.58
6741,C[C@H]1C[C@H]2[C@@H]3CC[C@@]([C@]3(C[C@@H]([C@@H]2[C@@]4(C1=CC(=O)C=C4)C)O)C)(C(=O)CO)O,374.5
6749,C1=CC2=C(C=CC=C2O)C(=C1)O,160.17
6753,CC1=C(C=C(C(=C1[N+](=O)[O-])OC)C(C)(C)C)[N+](=O)[O-],268.27
6758,CC(=C)[C@H]1CC2=C(O1)C=CC3=C2O[C@@H]4COC5=CC(=C(C=C5[C@@H]4C3=O)OC)OC,394.4
6764,C1=CC2=C(C(=O)C(=O)C3=C2C=CC=N3)N=C1,210.19
6766,C1=CC=C(C=C1)C2=CC=CC=C2C3=CC=CC=C3,230.3
6769,CCOC(=O)OC1=C(C=C(C=C1OC)C(=O)O[C@@H]2C[C@@H]3CN4CCC5=C([C@H]4C[C@@H]3[C@@H]([C@H]2OC)C(=O)OC)NC6=C5C=CC(=C6)OC)OC,666.7
6772,CCC1=CC2=C(C=C1)C(=O)C3=CC=CC=C3C2=O,236.26
6773,CC1=CC2=C(C=C1)C(=O)C3=CC=CC=C3C2=O,222.24
6777,C1CCC(CC1)OC(=O)C2=CC=CC=C2C(=O)OC3CCCCC3,330.4
6778,C1=CC=C(C=C1)OC(=O)C2=CC=CC=C2C(=O)OC3=CC=CC=C3,318.3
6780,C1=CC=C2C(=C1)C(=O)C3=CC=CC=C3C2=O,208.21
6781,CCOC(=O)C1=CC=CC=C1C(=O)OCC,222.24
6782,CC(C)COC(=O)C1=CC=CC=C1C(=O)OCC(C)C,278.34
6785,CCOC(=O)COC(=O)C1=CC=CC=C1C(=O)OCC,280.27
6786,CCCCCCOC(=O)C1=CC=CC=C1C(=O)OCCCCCC,334.4
6787,CCCCCCCCCOC(=O)C1=CC=CC=C1C(=O)OCCCCCCCCC,418.6
6788,CCCCCCCCCCOC(=O)C1=CC=CC=C1C(=O)OCCCCCCCCCC,446.7
6796,C1=CC=C2C(=C1)C=CC3=C2C=CC=N3,179.22
6799,C1=CC=C(C=C1)C(=O)C2=C(C=CC(=C2)Cl)O,232.66
6800,CCC1=C(C(=C(C(=C1Br)Br)Br)Br)Br,500.64
6805,C1=CC(=C(C(=C1Cl)CC(=O)O)Cl)Cl,239.5
6806,CC(=O)NC1=C(C=C(C(=C1I)C(=O)O)I)I,556.86
6808,C1C=CCC2C1C(=O)NC2=O,151.16
6809,C1=CC=C2C(=C1)C(=O)NC2=O,147.13
6810,C1C=CCC2C1C(=O)OC2=O,152.15
6811,C1=CC=C2C(=C1)C(=O)OC2=O,148.11
6815,CCCC(C1=CC(=C(C=C1C)O)C(C)(C)C)C2=CC(=C(C=C2C)O)C(C)(C)C,382.6
6818,CCCCC(CC)COC(=O)C1=CC=CC=C1C(=O)OCCCC,334.4
6819,CCCCOC(=O)COC(=O)C1=CC=CC=C1C(=O)OCCCC,336.4
6828,CCN(C1=CC=CC=C1)C(=O)N(CC)C2=CC=CC=C2,268.35
6829,C1=CC=C(C=C1)C2=CC=CC=C2[N+](=O)[O-],199.20
6836,CCN1C2=CC=CC=C2C3=CC=CC=C31,195.26
6837,C1=CC=C(C=C1)C(C#N)C2=CC=CC=C2,193.24
6838,C1=CC=C(C=C1)N(C2=CC=CC=C2)N=O,198.22
6839,CN1C(=O)CC(C1=O)C2=CC=CC=C2,189.21
6849,C1=CC=C2C(=C1)C=CC=C2[N+](=O)[O-],173.17
6853,C1C2=CC=CC=C2C3=CC=CC=C31,166.22
6854,C1=CC=C2C(=C1)C3=CC=CC=C3N2,167.21
6855,C1=CC=C(C=C1)C(=O)OC2=CC=CC3=C2N=CC=C3,249.26
6861,C1=CC=C2C(=C1)C=CC=C2CC(=O)N,185.22
6862,C1=CC=C2C(=C1)C=CC=C2CC(=O)O,186.21
6866,C1=CC2=C(C=CN=C2C=C1Cl)Cl,198.05
6867,CC1=CC(=O)OC2=C1C=CC(=C2)N(C)C,203.24
6868,C1=CC2=C(C=C(C=C2C=C1N)S(=O)(=O)O)O,239.25
6871,CCOC=C(C(=O)OCC)C(=O)OCC,216.23
6872,C1=CC=C(C=C1)NC(=O)C2=CC=CC=C2O,213.23
6873,CC(C)COC(=O)C1=CC=CC=C1O,194.23
6877,CCOC(=O)C1=CC=CC=C1N,165.19
6880,C1=CC=C(C(=C1)C(=O)OCCO)O,182.17
6883,C1[C@H]([C@@H]2[C@H](O1)[C@H](CO2)O[N+](=O)[O-])O[N+](=O)[O-],236.14
6885,C1C2=CC=CC=C2C(=O)O1,134.13
6893,CC1=C(C(=CC=C1)N)C,121.18
6894,CC1=C(C=CC=C1Cl)N,141.60
6895,C1=CC(=C(C(=C1)Cl)Cl)Cl,181.4
6896,CC1=C(C(=CC=C1)C)N,121.18
6899,C1=CC(=C(C(=C1)Cl)O)Cl,163.00
6901,C(=C(Cl)Cl)(C(=C(Cl)Cl)Cl)Cl,260.8
6904,C([C@@H]([C@H]([C@@H](C(=O)CO)O)O)O)O,180.16
6905,C1(=C(C(=C(C(=C1Br)Br)Br)Br)Br)Br,551.5
6909,C1(=O)N(C(=O)N(C(=O)N1Cl)Cl)Cl,232.41
6912,C([C@H](C([C@H](CO)O)O)O)O,152.15
6914,C1=C(C=C(C(=C1Cl)O)Cl)Cl,197.4
6915,CCC(CC)C(=O)O,116.16
6916,CCN(CC)C(=O)Cl,135.59
6917,C=CN1CCCC1=O,111.14
6919,C1=COC(=C1)C(=O)O,112.08
6921,C1=CC=C(C(=C1)C(F)(F)F)Cl,180.55
6923,CC(C)(C)C1=CC=CC=C1O,150.22
6924,CC1=CC=CC=C1S(=O)(=O)N,171.22
6926,C1=CC=C(C(=C1)N)S(=O)(=O)O,173.19
6927,C1=C(C=C(C(=C1N)O)S(=O)(=O)O)Cl,223.63
6928,CCC1=CC(=C(C(=C1)C(C)(C)C)O)CC2=C(C(=CC(=C2)CC)C(C)(C)C)O,368.6
6929,CC(C)(C)C1=CC(=CC(=C1O)C(C)(C)C)CO,236.35
6931,C1=CC(=C(C=C1O)C(F)(F)F)[N+](=O)[O-],207.11
6934,CC1=CC(=C(C=C1)N)S(=O)(=O)O,187.22
6935,CC1=CC(=C(C=C1Cl)N)S(=O)(=O)O,221.66
6936,CC1=CC(=C(C=C1Cl)S(=O)(=O)O)N,221.66
6937,CC1=CC(=C(C=C1)C(C)(C)C)O,164.24
6942,C1=CC=C(C(=C1)C(=O)N)N,136.15
6943,CC(C)C1=CC=CC=C1O,136.19
6944,CC1=CC=CC=C1[N+](=O)[O-],137.14
6945,C1=CC=C(C(=C1)[N+](=O)[O-])Cl,157.55
6946,C1=CC=C(C(=C1)N)[N+](=O)[O-],138.12
6947,C1=CC=C(C(=C1)[N+](=O)[O-])O,139.11
6948,C1=C(C=C(C(=C1C(=O)O)I)I)I,499.81
6950,CCC(C)C1=C(C(=CC(=C1)[N+](=O)[O-])[N+](=O)[O-])O,240.21
6951,C1=C(C=C(C(=C1C(=O)O)Cl)[N+](=O)[O-])Cl,236.01
6956,C1=CC=C(C(=C1)C(=O)N)C(=O)N,164.16
6960,CCCCCCCCOC(=O)C1=CC(=C(C=C1)C(=O)OCCCCCCCC)C(=O)OCCCCCCCC,546.8
6961,C1=C(C(=CC(=C1C(=O)O)C(=O)O)C(=O)O)C(=O)O,254.15
6962,C1=CC(=C(C=C1S(=O)(=O)O)C(=O)O)C(=O)O,246.20
6966,C1=C2C(=CC3=C1C(=O)OC3=O)C(=O)OC2=O,218.12
6969,C1=CC2=C(C=C1[N+](=O)[O-])C(=O)NC2=O,192.13
6974,CC1=CC(=C(C=C1)C)[N+](=O)[O-],151.16
6977,C1=CC(=C(C=C1Cl)[N+](=O)[O-])Cl,192.00
6978,CC1=CC(=C(C=C1)N)[N+](=O)[O-],152.15
6979,C1=CC(=C(C=C1Cl)[N+](=O)[O-])N,172.57
6982,CC1=CC(=C(C=C1Cl)C(C)C)O,184.66
6983,C1=C(C(=CC(=C1Cl)Cl)Cl)[N+](=O)[O-],226.4
6984,CCC(C)C1=CC=CC=C1O,150.22
6989,CC1=CC(=C(C=C1)C(C)C)O,150.22
6991,CC1=CC(=C(C=C1)[N+](=O)[O-])C,151.16
6996,C1=CC=C(C(=C1)C=O)Cl,140.56
6997,CCC1=CC=CC=C1O,122.16
6998,C1=CC=C(C(=C1)C=O)O,122.12
6999,C1=CC=C(C(=C1)O)[Hg]Cl,329.15
7000,COC1=CC=CC=C1N,123.15
7002,CC1=CC=CC2=CC=CC=C12,142.20
7003,C1=CC=C2C(=C1)C=CC=C2Cl,162.61
7005,C1=CC=C2C(=C1)C=CC=C2O,144.17
7007,CC(=O)OC(C1=CC=CC=C1)C(Cl)(Cl)Cl,267.5
7010,CCC(C)C(C1=CC=CC=C1)C(=O)OCC[N+](C)(CC)CC.[Br-],386.4
7013,C1=CC=C(C=C1)NC2=CC=CC3=CC=CC=C32,219.28
7015,C1=CC=C(C=C1)C2=CC=CC=C2N,169.22
7016,C1CCC(CC1)C2CCCCC2=O,180.29
7017,C1=CC=C(C=C1)C2=CC=CC=C2O,170.21
7018,C1C2=CC=CC=C2C(=O)C3=CC=CC=C31,194.23
7020,C1=CC=C2C(=C1)C(=O)C3=CC=CC=C3O2,196.20
7022,C1=CC(=CC2=C(C=C(C=C21)S(=O)(=O)O)O)N,239.25
7026,CN(C)CC1=CC(=C(C(=C1)CN(C)C)O)CN(C)C,265.39
7027,C([C@@H]1[C@H]([C@@H]([C@H](C(=O)O1)O)O)O)O,178.14
7031,CN(C)C1=CC=C(C=C1)C(=O)C2=CC=C(C=C2)N(C)C,268.35
7034,C1=CC(=CC=C1C(=O)C2=CC=C(C=C2)Cl)Cl,251.10
7040,CC1=C(C=CC=C1N=C=O)N=C=O,174.16
7041,COC1=C(C(=CC=C1)OC)O,154.16
7042,C1=CC=C(C(=C1)C#N)C#N,128.13
7043,COC1=CC=CC=C1OC,138.16
7044,C1CCC2CCCCC2C1,138.25
7045,C1=CC=C2C(=C1)N=CC=N2,130.15
7046,C1CNCC2=CC=CC=C21,133.19
7047,C1=CC=C2C(=C1)C=CC=N2,129.16
7048,COC1=CC=CC=C1[N+](=O)[O-],153.14
7050,CCN(CC)C1=CC2=C(C=C1)C(=CC(=O)O2)C,231.29
7054,C1=CC=C2C(=C1)C(=O)C(=O)N2,147.13
7055,CC1=CC2=CC=CC=C2C=C1,142.20
7056,C1=CC=C2C=C(C=CC2=C1)Cl,162.61
7057,C1=CC=C2C=C(C=CC2=C1)N,143.18
7059,CC1=CC2=C(C=C1)N=CC=C2,143.18
7060,CC1=NC2=CC=CC=C2C=C1,143.18
7061,CCN(CC)C1=CC=CC=C1,149.23
7062,CCN(CC)C1=CC(=CC=C1)O,165.23
7064,C1=CC=C(C=C1)C2=NC(=NC(=N2)N)N,187.20
7066,CN(C)CCN(CC1=CSC=C1)C2=CC=CC=N2,261.39
7067,CCN(CCO)C1=CC=CC(=C1)C,179.26
7069,COC1=C(C=CC(=C1)C2=CC(=C(C=C2)N=C=O)OC)N=C=O,296.28
7070,C1=CC(=C(C=C1C2=CC(=C(C=C2)N)Cl)Cl)N,253.12
7071,C1=CC(=C(C=C1C2=CC(=C(C=C2)N)N)N)N,214.27
7076,C1=CC=C(C=C1)C2=CC(=CC=C2)C3=CC=CC=C3,230.3
7078,CC(=O)CC(=O)NC1=CC=CC=C1OC,207.23
7083,CC1=CC2=C(C=C1N)SC3=CC(=[N+](C)C)C=CC3=N2.[Cl-],305.8
7088,C1=CC=C2C(=C1)NC3=C(S2)C=CC(=C3)Cl,233.72
7090,C1CN(NC1=O)C2=CC=CC=C2,162.19
7091,C1=CC=C2C=C(C(=CC2=C1)O)O,160.17
7092,CC1=CC2=C(C=C1)OC(=O)C=C2,160.17
7094,C1CCC(CC1)C2CCCCC2,166.30
7095,C1=CC=C(C=C1)C2=CC=CC=C2,154.21
7096,C1CN(CCN1)C2=CC=CC=C2,162.23
7097,CC(=O)OC(C1=CC=C(O1)[N+](=O)[O-])OC(=O)C,243.17
7098,CCN(CC1=CC=CC=C1)C2=CC=CC=C2,211.30
7101,C1=CC=C(C=C1)C2=CC=C(C=C2)Br,233.10
7102,C1=CC=C(C=C1)C2=CC=C(C=C2)N,169.22
7103,C1=CC=C(C=C1)C2=CC=C(C=C2)O,170.21
7104,C1=CC=C2C=C(C(=CC2=C1)C(=O)O)O,188.18
7108,C1=CC=C2C(=C1)NC3=CC=CC=C3S2,199.27
7111,C1=CC(=CC=C1C2=CC=C(C=C2)N)N,184.24
7112,C1=CC(=CC=C1C2=CC=C(C=C2)O)O,186.21
7113,CC(=O)C1=CC=C(C=C1)C2=CC=CC=C2,196.24
7115,C1=CC=C(C=C1)C2=CC=C(C=C2)C3=CC=CC=C3,230.3
7116,C1=CC2=C(C=CC(=C2)S(=O)(=O)O)C=C1N,223.25
7119,COC1=CC2=CC=CC=C2C=C1,158.20
7120,CCN(CC)C1=CC=C(C=C1)N,164.25
7122,CC(=O)C1=CC2=CC=CC=C2C=C1,170.21
7127,COC1=C(C=C(C=C1)CC=C)OC,178.23
7142,C1=CC=C2C=C(C=CC2=C1)NC3=CC=C(C=C3)NC4=CC5=CC=CC=C5C=C4,360.4
7144,CC1=CC(=C(C=C1)O)OC,138.16
7145,C1=CC=C(C=C1)C(CBr)Br,263.96
7146,CC(C=O)C1=CC=CC=C1,134.17
7147,CCC(C1=CC=CC=C1)O,136.19
7148,CCC(=O)C1=CC=CC=C1,134.17
7149,C1=CC=C(C=C1)C(CO)O,138.16
7150,COC(=O)C1=CC=CC=C1,136.15
7151,COC(=O)C1=CN=CC=C1,137.14
7153,CC1=C(C=CC(=C1)Cl)OC(C)C(=O)O,214.64
7154,CC1=CC=CC=C1NC(=O)CC(=O)C,191.23
7155,CC1=CC=CC=C1N=C(N)N=C(N)N,191.23
7158,CC(C(=O)O)OC1=CC(=C(C=C1Cl)Cl)Cl,269.5
7165,CCOC(=O)C1=CC=CC=C1,150.17
7166,CC(=O)CC(=O)C1=CC=CC=C1,162.18
7167,C1=CC=C(C=C1)C(=O)OC(=O)C2=CC=CC=C2,226.23
7169,C1=CC=C(C=C1)C(=O)OC2=CC=CC=C2,198.22
7170,CCOC(=O)CC(=O)C1=CC=CC=C1,192.21
7172,CNCC(C1=CC=C(C=C1)O)O,167.20
7173,CC(C)OC(=O)COC1=C(C=C(C=C1)Cl)Cl,263.11
7174,CCCOC(=O)C1=CC=C(C=C1)N,179.22
7175,CCCOC(=O)C1=CC=C(C=C1)O,180.20
7176,CC(C)COC(=O)C1=CC=C(C=C1)N,193.24
7180,C1=CC=C(C=C1)COC(=O)C2=CC=C(C=C2)O,228.24
7181,CCC1=NN=C(S1)NS(=O)(=O)C2=CC=C(C=C2)N,284.4
7183,CCN(CC)CCOC(=O)C1=CC=C(C=C1)OCC,265.35
7184,CCCCOC(=O)C1=CC=C(C=C1)O,194.23
7185,CCCCC(CC)C(=O)OCCOCCOCCOC(=O)C(CC)CCCC,402.6
7187,C1=CC=C(C=C1)C(=O)OOC(=O)C2=CC=CC=C2,242.23
7188,C1CCN(CC1)C(=S)SSC(=S)N2CCCCC2,320.6
7191,C1=CC=C(C=C1)COC(=O)C2=CN=CC=C2,213.23
7192,CCOC1=CC2=C(C=C1)N=C(S2)N,194.26
7193,CC(C)CCOC(=O)C1=CC=CC=C1,192.25
7194,C1=CC=C(C=C1)CCOC(=O)C2=CC=CC=C2,226.27
7195,C1=CC2=C(C=C1[N+](=O)[O-])NC=N2,163.13
7198,COC(=O)C1CCC(CC1)C(=O)OC,200.23
7203,CCOC1=CC=CC=C1N,137.18
7204,CC1=C(C=CC(=C1)Cl)OCC(=O)O,200.62
7206,CCCCOC(=O)COC1=C(C=C(C=C1)Cl)Cl,277.14
7207,CC1=C(C=CC(=C1)Cl)OCCCC(=O)O,228.67
7210,CC(CN=CC1=CC=CC=C1O)N=CC2=CC=CC=C2O,282.34
7211,CCCC(C(CC)CO)O,146.23
7212,C1=CC(=C(C=C1Cl)Cl)CCl,195.5
7216,CCN(CC)C(=S)SCC(=C)Cl,223.8
7219,C1C=CC2=CC=CC=C21,116.16
7220,C1=CC2=NNN=C2C=C1,119.12
7222,C1=CC=C2C(=C1)N=CS2,135.19
7230,CC(C)(C)NSC1=NC2=CC=CC=C2S1,238.4
7231,C1COCCN1SSC2=NC3=CC=CC=C3S2,284.4
7232,C1CCC(CC1)NSC2=NC3=CC=CC=C3S2,264.4
7236,CC1=CC=CC=C1Br,171.03
7237,CC1=CC=CC=C1C,106.16
7238,CC1=CC=CC=C1Cl,126.58
7239,C1=CC=C(C(=C1)Cl)Cl,147.00
7240,C1=CC=C(C(=C1)N)Cl,127.57
7242,CC1=CC=CC=C1N,107.15
7243,C1=CC=C(C(=C1)N)N,108.14
7244,C1=CC=C(C(=C1)O)Br,173.01
7245,C1=CC=C(C(=C1)O)Cl,128.55
7247,CC1=CC(=C(C=C1)C)C,120.19
7248,CC1=C(C=C(C=C1)N)C,121.18
7249,CC1=C(C=C(C=C1)O)C,122.16
7250,CC1=CC(=C(C=C1)N)C,121.18
7251,CC1=C(C=CC(=C1)Cl)N,141.60
7253,CC1=C(C=CC(=C1)O)O,124.14
7254,CC1=C(C=C(C=C1)Cl)Cl,161.03
7255,CC1=C(C=C(C=C1)N)Cl,141.60
7257,C1=CC(=C(C=C1N)Cl)Cl,162.01
7258,C1=CC(=C(C=C1O)Cl)Cl,163.00
7259,CC1=CC(=C(C=C1)C)N,121.18
7260,CC1=C(C=C(C=C1)Cl)N,141.60
7261,CC1=C(C=C(C=C1)N)N,122.17
7262,C1=CC(=C(C=C1Cl)N)Cl,162.01
7263,C1=CC(=C(C=C1Cl)N)N,142.58
7264,CC1=CC(=C(C=C1)O)N,123.15
7265,C1=CC(=C(C=C1Cl)N)O,143.57
7267,CC1=CC(=C(C=C1)C)O,122.16
7268,CCOC(=O)C(=O)OCC,146.14
7269,CC1=CC(=C(C=C1C)C)C,134.22
7270,C1=C(C(=CC(=C1Cl)Cl)Cl)Cl,215.9
7271,C1=C(C(=CC(=C1Cl)Cl)Cl)O,197.4
7272,CC1C(=O)OC(C(=O)O1)C,144.12
7274,CC(=C)C(=O)OCC=C,126.15
7275,CC1C(O1)C2CCC3(C(C2)O3)C,168.23
7276,C1C(O1)C2=CC=CC=C2,120.15
7280,C(C(CBr)Br)Cl,236.33
7281,C(C(CBr)Br)O,217.89
7284,CCC(C)C=O,86.13
7285,C(C(CCl)Cl)Cl,147.43
7288,CCC(=O)CC,86.13
7289,C(C(CCl)O)Cl,128.98
7290,C(C(CCl)O)O,110.54
7291,C(C(CS)O)O,108.16
7293,CNC(=O)NC,88.11
7294,COC(=O)C=C,86.09
7296,CC1CCCC1,84.16
7298,C1CCC(C1)O,86.13
7301,CC1CCCO1,86.13
7302,C1CC(=O)OC1,86.09
7303,C1COC(=O)O1,88.06
7304,CN1C=CC=C1,81.12
7308,CC1=CC(=C(C=C1SC2=CC(=C(C=C2C)O)C(C)(C)C)C(C)(C)C)O,358.5
7309,CCC1=CC(=C(C=C1)O)C(C)(C)C,178.27
7311,CC(C)(C)C1=CC(=C(C=C1)O)C(C)(C)C,206.32
7313,CC(C)N(CCO)C(C)C,145.24
7314,C([C@@H]1[C@@H]([C@@H]([C@H]([C@@H](O1)O[C@H]([C@@H](CO)O)[C@@H]([C@H](C(=O)O)O)O)O)O)O)O,358.30
7315,CCC(CC1=C(C(=C(C=C1I)I)O)I)C(=O)O,571.92
7319,CC1=C(C=C(C=C1)C(=O)O)[N+](=O)[O-],181.15
7321,C1=CC(=C(C=C1[N+](=O)[O-])[N+](=O)[O-])N,183.12
7327,C1=CC=C(C=C1)S(=O)(=O)OC2=C(C=C(C=C2)Cl)Cl,303.2
7328,CCOP(=S)(OCC)OC1=C(C=C(C=C1)Cl)Cl,315.15
7329,C1=CC(=C(C=C1Cl)SC2=C(C=CC(=C2)Cl)O)O,287.2
7331,COC1=C(C=C(C=C1)C(=O)NC2=CC=CC=C2)[N+](=O)[O-],272.26
7333,CC1=CC=CC=C1NC(=NC2=CC=CC=C2C)N,239.32
7335,CC1=CCC(CC1OC(=O)C)C(=C)C,194.27
7337,COC1=C(C=CC(=C1)[N+](=O)[O-])N,168.15
7340,CC1=CC=CC=C1N=NC2=CC(=C(C=C2)N)C,225.29
7341,CCCC(C)C(=O)O,116.16
7343,CCOC(=O)C(=C)C,114.14
7344,CCOC(=O)C(C)O,118.13
7346,CC(C)C(=O)OC(=O)C(C)C,158.19
7347,CN(C)C(=S)SC(=S)N(C)C,208.4
7348,CCCCCCCCCCCC(=O)N(C)CC(=O)O,271.40
7351,CC(C)COC(=O)C(C)C,144.21
7352,CC(C)COC(=O)C(=C)C,142.20
7354,CCCCOC(=O)C(=C)C,142.20
7355,CC(=C)C(=O)OCCOC(=O)C(=C)C,198.22
7358,CCC(CC)CO,102.17
7359,CCC(CC)C=O,100.16
7360,C1CC(OC1)CO,102.13
7361,C1=COC(=C1)CO,98.10
7362,C1=COC(=C1)C=O,96.08
7363,C1=COC(=C1)CS,114.17
7366,CC(C)(C)C1=CC=CC=C1,134.22
7367,C1=CC=C(C=C1)C(Cl)(Cl)Cl,195.5
7368,C1=CC=C(C=C1)C(F)(F)F,146.11
7369,C1=CC=C(C=C1)S(=O)(=O)Cl,176.62
7371,C1=CC=C(C=C1)S(=O)(=O)O,158.18
7374,C1=CC(=CC(=C1)Cl)C(F)(F)F,180.55
7375,C1=CC(=CC(=C1)N)C(F)(F)F,161.12
7381,CC(C)(C)C1=CC(=C(C=C1)O)O,166.22
7385,C1=CC(=C(C=C1S(=O)(=O)O)N)O,189.19
7386,C1=CC(=CC(=C1)[N+](=O)[O-])C(F)(F)F,191.11
7389,C1=CC(=CC=C1N)[As](=O)(O)O,217.05
7390,CC1=CC=C(C=C1)C(C)(C)C,148.24
7391,CC(C)(C)C1CCC(CC1)O,156.26
7392,CC(C)(C)C1CCC(=O)CC1,154.25
7393,CC(C)(C)C1=CC=C(C=C1)O,150.22
7394,C1=CC(=CC=C1C(F)(F)F)Cl,180.55
7395,CS(=O)(=O)C1=CC=C(C=C1)Cl,190.65
7400,C1=CC(=CC=C1S(=O)(=O)O)Cl,192.62
7402,CCC1=CC=C(C=C1)S(=O)(=O)O,186.23
7403,CC(C)(C)C1=CC=C(C=C1)C(=O)O,178.23
7405,C1CC(=O)N[C@@H]1C(=O)O,129.11
7406,CC(C)C1=CC=CC=C1,120.19
7407,CC(=C)C1=CC=CC=C1,118.18
7409,CC(C1=CC=CC=C1)O,122.16
7410,CC(=O)C1=CC=CC=C1,120.15
7411,C1=CC=C(C=C1)C(Cl)Cl,161.03
7412,C1=CC=C(C=C1)C(=O)Cl,140.56
7415,CN(C)C1CCCCC1,127.23
7416,C1=CC=C(C=C1)[N+](=O)[O-],123.11
7418,CC1=CC(=CC=C1)C(=O)O,136.15
7420,C1=CC(=CC(=C1)O)C(=O)O,138.12
7421,CN(C)C1=CC(=CC=C1)O,137.18
7422,CC1=CC(=CC=C1)[N+](=O)[O-],137.14
7423,C1=CC(=CC(=C1)[N+](=O)[O-])N,138.12
7426,CC1=CC(=CC(=C1)[N+](=O)[O-])C,151.16
7430,C1=C(C=C(C(=C1Cl)N)Cl)[N+](=O)[O-],207.01
7436,CNCC(=O)C1=CC(=C(C=C1)O)O,181.19
7438,CC1=CCC(CC1O)C(=C)C,152.23
7439,CC1=CCC(CC1=O)C(=C)C,150.22
7440,CC1=C(C=C(C=C1)[N+](=O)[O-])C,151.16
7441,CC1=C(C=CC(=C1)[N+](=O)[O-])N,152.15
7443,C1=CC(=C(C=C1[N+](=O)[O-])Cl)Cl,192.00
7444,CC1=C(C=C(C=C1)[N+](=O)[O-])N,152.15
7447,COC1=C(C=C(C=C1)[N+](=O)[O-])N,168.15
7449,C1=CC(=CC(=C1)[N+](=O)[O-])C=O,151.12
7450,CC(C)C1=CC(=CC=C1)C(C)C,162.27
7451,C1=CC(=CC(=C1)C(=O)Cl)C(=O)Cl,203.02
7452,C1=CC(=CC(=C1)[N+](=O)[O-])[N+](=O)[O-],168.11
7453,CCC(C)C1=CC=C(C=C1)O,150.22
7455,CC1=CC=C(C=C1)C(=O)OC,150.17
7456,COC(=O)C1=CC=C(C=C1)O,152.15
7460,CC1=CCC(C=C1)C(C)C,136.23
7461,CC1=CCC(=CC1)C(C)C,136.23
7462,CC1=CC=C(CC1)C(C)C,136.23
7463,CC1=CC=C(C=C1)C(C)C,134.22
7465,CC(C)C1=CC=C(C=C1)O,136.19
7469,CC(=O)C1=CC=C(C=C1)O,136.15
7470,CC1=CC=C(C=C1)C(=O)O,136.15
7471,CC1=CC=C(C=C1)N(C)C,135.21
7472,CN(C)C1=CC=C(C=C1)N,136.19
7473,CC1=CC=C(C=C1)[N+](=O)[O-],137.14
7474,C1=CC(=CC=C1[N+](=O)[O-])Cl,157.55
7475,C1=CC(=CC=C1N)[N+](=O)[O-],138.12
7476,CC(=O)C1=CC=C(C=C1)OC,150.17
7479,CN(C)C1=CC=C(C=C1)C=O,149.19
7482,C1=CC(=CC=C1CCl)[N+](=O)[O-],171.58
7483,CNC1=CC=C(C=C1)[N+](=O)[O-],152.15
7486,CC(C)C1=CC=C(C=C1)C(C)C,162.27
7487,CC(=O)C1=CC=C(C=C1)[N+](=O)[O-],165.15
7488,C1=CC(=CC=C1C(=O)Cl)C(=O)Cl,203.02
7489,C1=CC(=CC=C1C(=O)O)C(=O)O,166.13
7490,CN(C)C1=CC=C(C=C1)N(C)C,164.25
7492,C1=CC(=CC=C1[N+](=O)[O-])[N+](=O)[O-],168.11
7494,C1=CC(=CC=C1CCO)[N+](=O)[O-],167.16
7495,CCOC1=CC=C(C=C1)[N+](=O)[O-],167.16
7497,CCN(CC)CCO,117.19
7498,C1=CC=C(C=C1)CBr,171.03
7499,C=CC1CCC=CC1,108.18
7500,CCC1=CC=CC=C1,106.16
7501,C=CC1=CC=CC=C1,104.15
7502,C=CC1=CC=NC=C1,105.14
7503,C1=CC=C(C=C1)CCl,126.58
7504,C1=CC=C(C=C1)CN,107.15
7505,C1=CC=C(C=C1)C#N,103.12
7506,C1=CN=CC=C1C#N,104.11
7508,C1CC(CC=C1)C=O,110.15
7509,C1=CC=C(C=C1)CS,124.21
7510,C1=CC(=CN=C1)CO,109.13
7511,C1=CC=C(C=C1)[Hg]Cl,313.15
7515,CNC1=CC=CC=C1,107.15
7516,C1=CC=C(C=C1)NN,108.14
7517,C1CCC(=NO)CC1,113.16
7518,C1=CC=C(C=C1)NO,109.13
7521,C=CC1=CC=CC=N1,105.14
7522,C1=CC=NC(=C1)C#N,104.11
7525,CCN1CCOCC1,115.17
7526,C1CCN(CC1)N=O,114.15
7527,C1CN2CCC1CC2,111.18
7529,CC1=CC(=CC=C1)C=C,118.18
7531,CC(C)(CC1=CC=CC=C1)O,150.22
7533,C1CCC(CC1)NS(=O)(=O)O,179.24
7540,C1=CC=C(C=C1)OP(OC2=CC=CC=C2)OC3=CC=CC=C3,310.3
7541,C1=CC=C(C(=C1)NC2=NC(=NC(=N2)Cl)Cl)Cl,275.5
7542,CC(C(=O)O)OC1=CC(=CC=C1)Cl,200.62
7543,C1=CC(=C(C=C1CC2=CC(=C(C=C2)N)Cl)Cl)N,267.15
7546,C1=CC=C(C=C1)NC2=CC(=CC=C2)O,185.22
7547,C1=CC(=CC=C1NC(=O)NC2=CC(=C(C=C2)Cl)Cl)Cl,315.6
7550,C[N+]1=CC=CC(=C1)OC(=O)N(C)C.[Br-],261.12
7551,C1=CC(=CC(=C1)Cl)NC(=O)OCC#CCCl,258.10
7555,C=CCOC1=NC(=NC(=N1)OCC=C)OCC=C,249.27
7558,CC(CC1CCCCC1)NC,155.28
7559,COC(=O)CC1=CC=CC=C1,150.17
7560,CN(C)C(=O)NC1=CC=CC=C1,164.20
7563,C1=CC=C(C=C1)CC2=CC=C(C=C2)O,184.23
7564,C1=CC=C(C=C1)NC2=CC=C(C=C2)N,184.24
7565,C1=CC=C(C=C1)OC2=CC=C(C=C2)Br,249.10
7567,CN(C)C1=CC=C(C=C1)CC2=CC=C(C=C2)N(C)C,254.37
7568,C1=CC(=CC=C1[N+](=O)[O-])OC2=CC=C(C=C2)[N+](=O)[O-],260.20
7569,CCCCCCCCC1=CC=C(C=C1)NC2=CC=C(C=C2)CCCCCCCC,393.6
7570,C1=CC(=CC=C1CC2=CC=C(C=C2)N=C=O)N=C=O,250.25
7571,COC1=CC=C(C=C1)NC2=CC=C(C=C2)OC,229.27
7572,C1=CC=C(C=C1)CC2=CC=C(C=C2)OC(=O)N,227.26
7573,CC(C)NC1=CC=C(C=C1)NC2=CC=CC=C2,226.32
7577,C1=CC(=CC=C1CC2=CC=C(C=C2)N)N,198.26
7578,C1=CC(=CC=C1N)OC2=CC=C(C=C2)Cl,219.66
7579,C1=CC(=CC=C1N)OC2=CC=C(C=C2)N,200.24
7580,C1=CC=C(C=C1)CC2=CC=CC=C2,168.23
7582,C1CCC(CC1)NC2CCCCC2,181.32
7583,C1=CC=C(C=C1)OC2=CC=CC=C2,170.21
7586,C1C(O1)COC2=CC(=CC=C2)OCC3CO3,222.24
7589,CCC(C)NC1=CC=C(C=C1)NC(C)CC,220.35
7590,CCOC(=O)CC1=CC=CC=C1,164.20
7592,CC(=O)CC(=O)NC1=CC=CC=C1,177.20
7594,C1=CC=C(C=C1)NC(=NC2=CC=CC=C2)N,211.26
7595,C1=CC=C(C=C1)NC(=O)NC2=CC=CC=C2,212.25
7597,C1=CC=C(C=C1)OC(=O)OC2=CC=CC=C2,214.22
7601,C1=CC=C(C=C1)CCOC(=O)CC2=CC=CC=C2,240.30
7603,CCNC1=CC=CC(=C1)C,135.21
7604,CC(=O)NC1=CC=CC(=C1)N,150.18
7607,C1=CC(=C(C=C1N=C=O)Cl)Cl,188.01
7610,CC1=C(C=CC(=C1)OC)N,137.18
7611,[CH-]1C=CC=C1.[CH-]1C=CC=C1.[Fe+2],186.03
7612,C1C=CC=C1,66.10
7615,CC(CN(CCN(CC(C)O)CC(C)O)CC(C)O)O,292.41
7617,C=CCN(CC=C)CC=C,137.22
7618,C(CO)N(CCO)CCO,149.19
7619,C1COCCN1SC2=NC3=CC=CC=C3S2,252.4
7620,CCCCN(CCO)CCO,161.24
7621,CCCCN(CCCC)CCO,173.30
7622,CCCCN(CCCC)CCCC,185.35
7623,CCCCOP(OCCCC)OCCCC,250.31
7624,CCCCCCCCCCCCN(CCCCCCCCCCCC)CCCCCCCCCCCC,522.0
7628,B(O)(O)O,61.84
7632,CC(C)(CCC1=CC=CC=C1)O,164.24
7635,CCCCC(CC)COC(=O)C,172.26
7636,CCCCC(CC)COC(=O)C=C,184.27
7638,C1=CC=C(C=C1)COC2=CC=C(C=C2)O,200.23
7641,CCCCC(CC)COC(=O)CCCCC(=O)OCC(CC)CCCC,370.6
7642,CCCCC(CC)COC(=O)CCCCCCCC(=O)OCC(CC)CCCC,412.6
7646,CC(C)C(=O)OCC1=CC=CC=C1,178.23
7647,C1=CC=C(C=C1)CCC2=CC=CC=C2,182.26
7648,C1COCCN1SSN2CCOCC2,236.4
7650,CCCC(=O)OCC1=CC=CC=C1,178.23
7651,CC(C)CC(=O)OCC1=CC=CC=C1,192.25
7654,CC(=O)OCCC1=CC=CC=C1,164.20
7655,CC(C)C(=O)OCCC1=CC=CC=C1,192.25
7656,C1=CC=C(C=C1)CNCC2=CC=CC=C2,197.27
7657,C1=CC=C(C=C1)COCC2=CC=CC=C2,198.26
7658,CCCC(=O)OCCC1=CC=CC=C1,192.25
7666,C1=CC=C(C=C1)CCBr,185.06
7668,CCCC1=CC=CC=C1,120.19
7670,CCNC1=CC=CC=C1,121.18
7671,C1=CC=C(C=C1)NC=O,121.14
7673,C1=CC=C(C=C1)N=C=S,135.19
7675,C1=CC=NC(=C1)CCO,123.15
7677,C1CN(CCN1)CCO,130.19
7681,CN(C)CC1=CC=CC=C1,135.21
7684,CC1=CC=C(C=C1)NC(=O)C,149.19
7693,C1=CC(=CC=C1N=C=O)Cl,153.56
7694,CCCCC1=CC=C(C=C1)N,149.23
7695,CC(=O)OCC1=CC=C(C=C1)OC,180.20
7697,C1=CC(=CC=C1OCC(CO)O)Cl,202.63
7699,CCCCNC1=CC=C(C=C1)C(=O)OCCOCCOCCOCCOCCOCCOCCOCCOCCOC,603.7
7702,CCCC1=CC=C(C=C1)OC,150.22
7704,CCCCC1CCC(=O)O1,142.20
7705,CCCCC1=CC=CC=C1,134.22
7707,C1=CC=C(C=C1)CCC=O,134.17
7710,CCCCCC1CCC(=O)O1,156.22
7713,C1=CC=C(C=C1)OCCOC2=CC=CC=C2,214.26
7714,CCCCCCCC1CCC(=O)O1,184.27
7716,CCCCCCCCCCC1=CC=CC=C1,218.38
7719,CCCCC(CC)CN,129.24
7720,CCCCC(CC)CO,130.23
7722,CC1=CC=C(C=C1)CCl,140.61
7724,CC1=CC=C(C=C1)C#N,117.15
7725,CC1=CC=C(C=C1)C=O,120.15
7726,C1=CC(=CC=C1C=O)Cl,140.56
7728,CCC1=CN=C(C=C1)C,121.18
7729,C1=CC(=CC=C1N=O)O,123.11
7731,CC1=CC=C(C=C1)OC,122.16
7732,COC1=CC=C(C=C1)N,123.15
7734,CCC1=CC=C(C=C1)CC,134.22
7735,C1CC(CCC1CO)CO,144.21
7737,C1=CC(=CC=C1NO)N=O,138.12
7738,COC1=CC=C(C=C1)CO,138.16
7742,CCCC1CCC(=O)O1,128.17
7745,CCCC(C)CO,102.17
7746,CCCC(C#C)O,98.14
7747,COC(=O)CC#N,99.09
7748,CCOC(=O)CBr,167.00
7749,CCC(=O)OCC,102.13
7751,CCOC(=O)CCl,122.55
7757,CC(=O)CC(=O)OC,116.11
7761,CCOC(=O)CC(=O)OCC,160.17
7762,CCCC(=O)OCC,116.16
7764,CCOC(=O)CC#N,113.11
7765,CCOC(C)OCC,118.17
7766,CCOC(=O)OCC,118.13
7767,CN(CCO)CCO,119.16
7768,C1CCC(=O)NCC1,113.16
7771,CC1=CC(=C(C=C1)O)C,122.16
7778,CC(CCC=C(C)C)CCOC=O,184.27
7784,CCCCOC(=O)CCCCC(=O)OCCCC,258.35
7789,CCCCCCC(CCCCCCCCCCC(=O)O)O,300.5
7790,CCCOC(=O)CCCCC(=O)OCCC,230.30
7791,CCCCC(CC)CNCC(CC)CCCC,241.46
7792,CC(C)CCCC(C)CCO,158.28
7793,C[C@@H](CCC=C(C)C)CCO,156.26
7794,CC(CCC=C(C)C)CC=O,154.25
7795,CCCC(=O)OCCC(C)C,158.24
7797,CCCCCCC(=O)OCC,158.24
7798,CCCC(=O)OC(=O)CCC,158.19
7799,CCCCCCCC(=O)OCC,172.26
7800,CCCCCCCCCCCC(=O)OCC,228.37
7803,CCCOC(=O)CC,116.16
7804,C1=CC(=CC=C1Br)Br,235.90
7805,CC1=CC=C(C=C1)Br,171.03
7807,C1=CC(=CC=C1N)Br,172.02
7809,CC1=CC=C(C=C1)C,106.16
7810,CC1=CC=C(C=C1)Cl,126.58
7811,CC1=CC=C(C=C1)S,124.21
7812,C1=CC(=CC=C1N)Cl,127.57
7813,CC1=CC=C(C=C1)N,107.15
7814,C1=CC(=CC=C1N)N,108.14
7818,CN1CCN(CC1)C,114.19
7819,CC(C)COC(=O)C=C,128.17
7820,COC(=O)CCC(=O)OC,146.14
7822,CCC(C)CC(=O)CC,128.21
7823,C(CCO)CC(CO)O,134.17
7825,C=CC(=O)OCCC#N,125.13
7828,C(COC(=O)Cl)OCCOC(=O)Cl,231.03
7829,COC(=O)CCCCCCCCC(=O)OC,230.30
7833,C1CC2C(O2)CC1C3CO3,140.18
7834,CCC1CO1,72.11
7835,C1C(O1)CCl,92.52
7837,CC(=C)C(=O)OCC1CO1,142.15
7838,C=CCOCC1CO1,114.14
7839,C(CBr)Br,187.86
7840,CCCBr,122.99
7841,C=CCBr,120.98
7847,C=CC=O,56.06
7849,C(CBr)Cl,143.41
7850,C=CCCl,76.52
7854,CCC#N,55.08
7855,C=CC#N,53.06
7856,C(C#N)Cl,75.50
7858,C=CCO,58.08
7859,C#CCO,56.06
7860,C(=O)C=O,58.04
7864,COCCl,80.51
7865,COC=O,60.05
7868,CC(=C)CC(C)(C)C,112.21
7869,CC(=CC(C)(C)C)C,112.21
7870,CC(CC(C)(C)O)O,118.17
7873,CCOP(=O)(OCC)OP(=O)(OCC)OCC,290.19
7877,CC(C)(C)NC(=O)C=C,127.18
7881,CCCCOP(=O)(O)OCCCC,210.21
7884,CC(=O)CC(C)(C)OC,130.18
7888,CC(CCCC(C)(C)O)CC=O,172.26
7892,CCCC(C)C,86.18
7895,CCCC(=O)C,86.13
7896,CC(CCO)O,90.12
7899,C(CCl)C(=O)O,108.52
7900,CC(COC)O,90.12
7902,CN(C)CCO,89.14
7903,CCC[N+](=O)[O-],89.09
7904,CC(=O)OC=C,86.09
7908,CC(C)CC(C)N,101.19
7909,CC(C)CC(=O)C,100.16
7910,CC(C)CC(C)O,102.17
7912,CC(C)NC(C)C,101.19
7913,C(=O)(N)NC(=O)N,103.08
7914,CC(C)OC(C)C,102.17
7915,CC(C)OC(=O)C,102.13
7916,CC(=C)OC(=O)C,100.12
7918,CC(=O)OC(=O)C,102.09
7921,CC1CCC(=O)O1,100.12
7922,C1CC(=O)OC1=O,100.07
7923,C1=CC(=O)OC1=O,98.06
7924,CC1COC(=O)O1,102.09
7929,CC1=CC(=CC=C1)C,106.16
7931,CC1=CC(=CC=C1)Cl,126.58
7932,C1=CC(=CC(=C1)Cl)N,127.57
7933,C1=CC(=CC(=C1)Cl)O,128.55
7934,CC1=CC(=CC=C1)N,107.15
7935,C1=CC(=CC(=C1)N)N,108.14
7937,CC1=NC(=CC=C1)C,107.15
7940,C1CC(=O)OC(=O)C1,114.10
7943,COC(=O)CC(=O)OC,132.11
7944,CC(CCl)OC(C)CCl,171.06
7945,CCOC(=O)CC(C)C,130.18
7946,CC(COC)OC(=O)C,132.16
7947,CC1=CC(=CC(=C1)C)C,120.19
7948,CC1=CC(=CC(=C1)O)C,122.16
7949,CC1=CC(=CC(=C1)N)C,121.18
7950,C1=C(C=C(C=C1Cl)Cl)Cl,181.4
7952,CN1CN(CN(C1)C)C,129.20
7954,C1(=NC(=NC(=N1)Cl)Cl)Cl,184.41
7955,C1(=NC(=NC(=N1)N)N)N,126.12
7956,C1(=O)NC(=O)NC(=O)N1,129.07
7957,CC(C)CC(CC(C)C)O,144.25
7958,CC(C)CC(=O)CC(C)C,142.24
7961,C1=CC=C(C=C1)Br,157.01
7962,CC1CCCCC1,98.19
7963,CC1=CC=NC=C1,93.13
7964,C1=CC=C(C=C1)Cl,112.55
7965,C1CCC(CC1)N,99.17
7966,C1CCC(CC1)O,100.16
7967,C1CCC(=O)CC1,98.14
7969,C1=CC=C(C=C1)S,110.18
7970,CC1=CN=CC=C1,93.13
7972,CN1CCOCC1,101.15
7973,C1=CC=NC(=C1)Br,158.00
7975,CC1=CC=CC=N1,93.13
7976,CC1=NC=CN=C1,94.11
7977,C1=CC=NC(=C1)Cl,113.54
7979,CC(=C)C(=O)OCCOCCOCCOC(=O)C(=C)C,286.32
7980,CC(=C)C(=O)OCCOCCOCCOCCOC(=O)C(=C)C,330.37
7984,C1CCCCCCCC(=O)OCCCCCCC1,254.41
7985,CCCCCCOC(=O)CCCCCCCC(=O)OCCCCCC,356.5
7986,CCCCOC(=O)CCCCCCCCC(=O)OCCCC,314.5
7991,CCCCC(=O)O,102.13
7992,CC(C)COC=C,100.16
7993,CN(C)CCCN,102.18
7996,CC(C)OCCO,104.15
7997,CCCOC(=O)C,102.13
8001,C(CBr)CBr,201.89
8003,CCCCC,72.15
8004,CCCC=C,70.13
8005,CCCCCl,92.57
8007,CCCCN,73.14
8010,C(C#N)C#N,66.06
8011,C(CO)C#N,71.08
8012,CCCCS,90.19
8016,CNCCO,75.11
8017,C(CO)NN,76.10
8019,COCCO,76.09
8021,CCNCC,73.14
8026,CCON=O,75.07
8027,C1=CNC=C1,67.09
8028,C1CCOC1,72.11
8029,C1=COC=C1,68.07
8030,C1=CSC=C1,84.14
8031,CC(C)(CCC(C)(C)O)O,146.23
8033,CC(C)(C)OOC(C)(C)C,146.23
8034,CC(C)CCC(=O)C,114.19
8035,CC(=O)CCC(=O)C,114.14
8037,CN(C)CCN(C)C,116.20
8038,CC(C)COC(=O)C,116.16
8039,C(=O)(N)NNC(=O)N,118.10
8041,C=CC(=O)NCNC(=O)C=C,154.17
8042,CCCCCCCCCCCCCC(=O)OC(C)C,270.5
8046,CCCCCCOC(=O)CCCCC(=O)OCCCCCC,314.5
8048,CCCCCCCCCC(=O)OCC,200.32
8049,CCOC(=O)CCCCCCCCC(=O)OCC,258.35
8050,CCCCCCCCCC(=O)OC,186.29
8051,CCCCCC(=O)C,114.19
8053,CC(C)CCON=O,117.15
8056,C(CCBr)CBr,215.91
8057,CCCCCBr,151.04
8058,CCCCCC,86.18
8061,CCCCC#N,83.13
8062,C(CC#N)C#N,80.09
8063,CCCCC=O,86.13
8064,C(CCO)CO,90.12
8066,C(C#CCO)O,86.09
8071,COCCOC,90.12
8072,CCNCCO,89.14
8074,C=COCCCl,106.55
8076,CCOCCO,90.12
8078,C1CCCCC1,84.16
8080,C1CC=COC1,84.12
8081,C1OCOCO1,90.08
8082,C1CCNCC1,85.15
8083,C1COCCN1,87.12
8084,CN(C)CCCN(C)C,130.23
8085,CC(C)CNCC(C)C,129.24
8086,CC(CNCC(C)O)O,133.19
8087,CC(COCC(C)O)O,134.17
8088,C(C(=O)O)OCC(=O)O,134.09
8089,CC(C)CCCC(C)CCCC(C)CCCCC(C)CCCC(C)CCCC(C)C,422.8
8091,CCCCCCCC(=O)OC,158.24
8092,CCCCCC#CC(=O)OC,154.21
8094,CCCCCCC(=O)O,130.18
8095,CCOCCOC(=O)C,132.16
8096,C(CSCCC(=O)O)C(=O)O,178.21
8097,CN(C)CCCCCCN(C)C,172.31
8098,CC(=O)OCCOCCOCCOC(=O)C,234.25
8100,C(CCBr)CCBr,229.94
8101,CCCCCCBr,165.07
8102,CCCCCCN,101.19
8103,CCCCCCO,102.17
8105,C(CCO)CCO,104.15
8106,CCCCCCS,118.24
8108,CCCCOC=C,100.16
8110,CCCCN=C=O,99.13
8111,C(CNCCN)N,103.17
8112,C(CNCCO)N,104.15
8113,C(CO)NCCO,105.14
8114,CCCOCCC,102.17
8115,C(CCl)OCCCl,143.01
8117,C(COCCO)O,106.12
8119,C1CCCNCC1,99.17
8121,CC(=O)OCCOC(=O)C,146.14
8124,CCCCCCCC(=O)Cl,162.66
8125,CCCCCCC=C,112.21
8127,CCCCCCCN,115.22
8128,C(CCC#N)CC#N,108.14
8129,CCCCCCCO,116.20
8130,CCCCCCC=O,114.19
8133,CCCCOCCO,118.17
8134,COCCOCCO,120.15
8137,CCCCCCC#CC(=O)OC,168.23
8138,COC(=O)CCCCCCCCC=C,198.30
8139,CCCCCCCCCCCC(=O)OC,214.34
8140,CCCCCCCCBr,193.12
8141,CCCCCCCCC,128.25
8142,CCCCCCCCCl,148.67
8143,CCCCCCCCN,129.24
8144,CCCCCCCCS,146.30
8146,CCOCCOCCO,134.17
8147,C(CCl)OCOCCCl,173.03
8148,CCCCNCCCC,129.24
8149,C(CNCCC#N)C#N,123.16
8150,COCCOCCOC,134.17
8151,C(CSCCC#N)C#N,140.21
8152,CCCCCCCCCCCC[N+](C)(C)C.[Cl-],263.89
8154,CCCCCCCCCCCCCCCC[N+](C)(C)C.[Cl-],320.0
8155,CCCCCCCCCCCCCCCCCC[N+](C)(C)C.[Cl-],348.0
8158,CCCCCCCCC(=O)O,158.24
8159,CCCCCCCOC(=O)C,158.24
8160,CCCCOCCOC(=O)C,160.21
8163,CCCCCCCCCC(=O)C,170.29
8164,CCCCCCCCOC(=O)C,172.26
8165,CCOCCOCCOC(=O)C,176.21
8166,CCCCCCCCCCCC(=O)Cl,218.76
8167,CCCCCCCCCCOC(=O)C,200.32
8168,CCCCCCCCCCCCN(C)C,213.40
8170,CCCCCCOCCO,146.23
8171,C(COCCCl)OCCCl,187.06
8172,C(COCCOCCO)O,150.17
8173,CCCCCCCCCCBr,221.18
8174,CCCCCCCCCCO,158.28
8175,CCCCCCCCCC=O,156.26
8177,CCCCOCCOCCO,162.23
8178,COCCOCCOCCO,164.20
8179,CCOCCOCCOCC,162.23
8180,CCCCCCCCCCC(=O)O,186.29
8181,CCCCCCCCCCCCCCCC(=O)OC,270.5
8182,CCCCCCCCCCCC,170.33
8183,CCCCCCCCCCC=C,168.32
8184,CCCCCCCCCCCO,172.31
8186,CCCCCCCCCCC=O,170.29
8187,C=CCCCCCCCCC=O,168.28
8189,COCCOCCOCCOC,178.23
8190,CCOCCOCCOCCO,178.23
8192,CCCCCCCCCCCCCl,204.78
8193,CCCCCCCCCCCCO,186.33
8195,CCCCCCCCCCCCS,202.40
8196,CCCCOCCOCCSC#N,203.30
8197,C(CNCCNCCNCCN)N,189.30
8199,CCCCCCOCCOCCO,190.28
8200,C(COCCOCCOCCO)O,194.23
8205,CCCCCCCCCCCCOC(=O)C,228.37
8207,CCCCCCCCCCCCCO,200.36
8208,CCCCCCCCCCCCCCBr,277.28
8209,CCCCCCCCCCCCCCO,214.39
8210,CCCCOCCOCCOCCCC,218.33
8211,CCCCCCCCCCCCCCN(C)C,241.46
8213,CCCCCCCCCCCCCCCCBr,305.34
8217,CCCCCCCCCCCCCCCCC=C,252.5
8221,CCCCCCCCCCCCCCCCCCO,270.5
8225,CCC(=O)O[C@H]1CC[C@@H]2[C@@]1(CC[C@H]3[C@H]2CCC4=C3C=CC(=C4)OC(=O)CC)C,384.5
8226,CC[C@@H](CO)NC(=O)[C@H]1CN([C@@H]2CC3=CNC4=CC=CC(=C34)C2=C1)C,339.4
8227,CCCCC(CC)CN1C(=O)C2C3CC(C2C1=O)C=C3,275.4
8228,CN(C)CCCN1C2=CC=CC=C2CCC3=CC=CC=C31.Cl,316.9
8246,CN(C)C(=O)OC1=CC=CC(=C1)[N+](C)(C)C.[Br-],303.20
8247,CC(=O)NNC1=CC=CC=C1,150.18
8256,C(=O)C(Br)(Br)Br,280.74
8257,CC(C)(C=C)O,86.13
8258,CC(C)(C#C)O,84.12
8262,CCS(=O)(=O)C(C)(C)S(=O)(=O)CC,228.3
8265,C12C(C(=O)OC1=O)C3(C(=C(C2(C3(Cl)Cl)Cl)Cl)Cl)Cl,370.8
8266,C1(C(C2(C(=C(C1(C2(Cl)Cl)Cl)Cl)Cl)Cl)C(=O)O)C(=O)O,388.8
8268,C1=CC(=CC=C1C(C2=CC=C(C=C2)Cl)(C(Cl)(Cl)Cl)O)Cl,370.5
8269,CC(=O)OC1=CC=C(C=C1)C2(C3=CC=CC=C3NC2=O)C4=CC=C(C=C4)OC(=O)C,401.4
8271,CCC1(C(=O)NC(=O)N(C1=O)C)C2=CC=CC=C2,246.26
8272,C1=CC=C2C(=C1)C(OS2(=O)=O)(C3=CC(=C(C(=C3)Br)O)Br)C4=CC(=C(C(=C4)Br)O)Br,670.0
8275,CCC(C)C1(C(=O)NC(=O)NC1=O)CC=C,224.26
8282,CCC(CO)(CO)N,119.16
8285,C(C(CO)(CO)CO)O,136.15
8288,CC[N+](CC)(CCNC(=O)C(=O)NCC[N+](CC)(CC)CC1=CC=CC=C1Cl)CC2=CC=CC=C2Cl.[Cl-].[Cl-],608.5
8289,C1=CC=C(C=C1)OP(=O)(OC2=CC=CC=C2)OC3=CC=CC=C3,326.3
8292,CCOP(=S)(OCC)OC1=CC=C(C=C1)S(=O)C,308.4
8293,COP(=S)(OC)OC1=CC=C(C=C1)S(=O)(=O)N,297.3
8294,CC(=CCCC(C)(C=C)OC(=O)C)C,196.29
8295,C(CCl)OP(=O)(OCCCl)OCCCl,285.5
8298,CC1CC(CC(C1)(C)C)O,142.24
8303,C(=O)(C(Cl)(Cl)Cl)C(Cl)(Cl)Cl,264.7
8304,CC(C)OP(OC(C)C)OC(C)C,208.23
8305,C1=CC(=CC=C1S(=O)(=O)C2=CC(=C(C=C2Cl)Cl)Cl)Cl,356.0
8307,CC[N+](C)(C)C1=CC(=CC=C1)O.[Cl-],201.69
8310,CC1=C(C(=NC(=N1)NS(=O)(=O)C2=CC=C(C=C2)N)C)Br,357.23
8313,C(C(Cl)(Cl)Cl)(NC(=O)NC(C(Cl)(Cl)Cl)O)O,354.8
8314,CCC(C)C(=O)O,102.13
8326,C12=C(C(=C(C(=C1Cl)Cl)Cl)Cl)C(=O)OC2=O,285.9
8330,C1=C(C(=C(C(=C1Cl)Cl)[N+](=O)[O-])Cl)Cl,260.9
8341,C1=CC=C2C(=C1)C(=O)C3=C(C2=O)C=C(C=C3)N,223.23
8342,C1=CC=C2C(=C1)C(=O)C(=C(C2=O)Cl)Cl,227.04
8343,CCCCC(CC)COC(=O)C1=CC=CC=C1C(=O)OCC(CC)CCCC,390.6
8344,COCCOC(=O)C1=CC=CC=C1C(=O)OCCOC,282.29
8345,CCCCOCCOC(=O)C1=CC=CC=C1C(=O)OCCOCCCC,366.4
8346,CCCCCCCCOC(=O)C1=CC=CC=C1C(=O)OCCCCCCCC,390.6
8348,C1=CC=C(C=C1)C(=O)C2=CC=CC=C2O,198.22
8354,C1=CC=C2C(=C1)C(=O)N(C2=O)CO,177.16
8359,C1=CC=C2C(=C1)C(=O)OC(=O)N2,163.13
8360,CC1(C(=O)N(C(=O)N1Cl)Cl)C,197.02
8361,C1=CC=C(C=C1)OC(=O)C2=CC=CC=C2O,214.22
8362,CC1CC(CC(C1)(C)C)OC(=O)C2=CC=CC=C2O,262.34
8363,C1=CC=C(C=C1)COC(=O)C2=CC=CC=C2O,228.24
8364,CCCCC(CC)COC(=O)C1=CC=CC=C1O,250.33
8365,CCOC(=O)C1=CC=CC=C1O,166.17
8366,CCC(CC1=CNC2=CC=CC=C21)N.CC(=O)O,248.32
8367,CCC(CC1=CNC2=CC=CC=C21)N,188.27
8368,CC1=C(C=CC=C1Cl)Cl,161.03
8369,CC1=C(C(=O)C=CO1)O,126.11
8370,C1(=C(C(=C(C(=C1Cl)Cl)Cl)Cl)Cl)Cl,284.8
8371,C1(=C(C(=O)C(=C(C1=O)Cl)Cl)Cl)Cl,245.9
8372,CC(C)(C)C1=CC(=CC(=C1O)C(C)(C)C)CC2=CC(=C(C(=C2)C(C)(C)C)O)C(C)(C)C,424.7
8373,CC1=CC=CC=C1C(=O)O,136.15
8374,C1=CC=C(C(=C1)C(=O)O)Cl,156.56
8375,CC(=O)C1=CC=CC=C1O,136.15
8380,CCCCCCCCCCOC(=O)C1=CC=CC=C1C(=O)OCCCCCCCC,418.6
8385,COC1=C(C=C(C=C1)[N+](=O)[O-])[N+](=O)[O-],198.13
8390,CC1=C(C=C(C=C1)N)[N+](=O)[O-],152.15
8391,CC1=CC(=C(C=C1)O)[N+](=O)[O-],153.14
8394,C1=CC=C2C(=C1)C=NNC2=O,146.15
8395,CCOC(=O)COC1=CC2=C(C=C1)C(=O)C=C(O2)C3=CC=CC=C3,324.3
8398,CC1=CC(=C(C(=C1)C(C)(C)C)O)CC2=C(C(=CC(=C2)C)C(C)(C)C)O,340.5
8400,C1=CC=C(C=C1)C(C(=O)C2=CC=CC=C2)O,212.24
8404,C1CCC2=CC=CC=C2C1,132.20
8405,C1=CC=C2C=NC=CC2=C1,129.16
8407,C1=CC=C(C=C1)NC2=CC=CC=C2[N+](=O)[O-],214.22
8411,COC1=C(C=CC(=C1)C2=CC(=C(C=C2)N)OC)N,244.29
8413,CC1=C(C=CC(=C1)C2=CC(=C(C=C2)N)C)N,212.29
8416,C1=CC=C(C=C1)N(CCO)CCO,181.23
8418,C1=CC=C2C=C3C=CC=CC3=CC2=C1,178.23
8419,COC1=C(C=C(C=C1)C=O)OC,166.17
8420,C1=CC=C2C=C(C=CC2=C1)S(=O)(=O)O,208.24
8422,C1=CC=C2C=C(C=CC2=C1)OCC(=O)O,202.21
8425,C1=CC=C(C=C1)CC2=C(C=CC(=C2)Cl)O,218.68
8427,CC(C(=O)O)OC1=C(C=C(C=C1)Cl)Cl,235.06
8428,CCNC1=C(C=CC(=C1)O)C,151.21
8430,CCCCCCCCCCCC(=O)N(CCO)CCO,287.44
8432,CCC(=O)OC(C)C1=CC=CC=C1,178.23
8433,C1=CC=C(C=C1)C(=O)CC(=O)C2=CC=CC=C2,224.25
8434,CCOC(=O)C1=CC=C(C=C1)O,166.17
8437,C1=CC=C(C=C1)C(=O)OCCOCCOC(=O)C2=CC=CC=C2,314.3
8438,C1OC2=C(O1)C=C(C=C2)C=O,150.13
8441,COC(=O)C1=CC=C(C=C1)C(=O)OC,194.18
8442,CCCCCCCCS(=O)C(C)CC1=CC2=C(C=C1)OCO2,324.5
8443,CC1=CC=CC=C1NC(=O)C,149.19
8445,CC1=CC(=C(C=C1)OC)N,137.18
8446,CC1=NC2=CC=CC=C2S1,149.21
8447,C1=CC=C2C(=C1)N=C(S2)SSC3=NC4=CC=CC=C4S3,332.5
8449,C1=CC(=C(C=C1Cl)Cl)O,163.00
8452,C1CCC(=O)C1,84.12
8453,C1CNC(=O)N1,86.09
8454,CN1CCCC1,85.15
8455,CCC(C)(C)C1=CC(=C(C=C1)O)C(C)(C)CC,234.38
8456,CC(C)(C)C1=C(C=CC(=C1)OC)O,180.24
8458,CC1=C(C=C(C=C1)[N+](=O)[O-])S(=O)(=O)O,217.20
8461,CC1=C(C=C(C=C1)[N+](=O)[O-])[N+](=O)[O-],182.13
8462,C1=CC(=C(C=C1C(F)(F)F)[N+](=O)[O-])Cl,225.55
8467,CCOC1=C(C=CC(=C1)C=O)O,166.17
8469,CCOC(=O)C1C(O1)C2=CC=CC=C2,192.21
8471,CCN(CC)CC,101.19
8472,COP(OC)OC,124.08
8474,C1=CC(=CC(=C1)S(=O)(=O)O)N,173.19
8478,CC(C)(C)CC(C)(C)C1=CC=C(C=C1)OCCOCC[N+](C)(C)CC2=CC=CC=C2.[Cl-],448.1
8480,C1=CC(=CC=C1NC(=O)N)[As](=O)(O)O,260.08
8481,CC(=O)NC1=CC=C(C=C1)S(=O)(=O)Cl,233.67
8482,CC(=O)NC1=CC=C(C=C1)S(=O)(=O)N,214.24
8486,C1=C(SC(=N1)N)[N+](=O)[O-],145.14
8488,CC1=CC(=CC=C1)N(C)C,135.21
8489,C1=CC(=CC(=C1)Cl)[N+](=O)[O-],157.55
8491,CC1=C(C=C(C=C1)[N+](=O)[O-])Cl,171.58
8492,C1=CC(=C(C=C1[N+](=O)[O-])Cl)N,172.57
8494,CC(=O)C1=CC(=CC=C1)[N+](=O)[O-],165.15
8495,C1=CC(=CC(=C1)[N+](=O)[O-])C(=O)Cl,185.56
8496,C1=CC(=CC(=C1)C(=O)O)C(=O)O,166.13
8497,C1=CC(=CC(=C1)[N+](=O)[O-])C(=O)O,167.12
8499,COC1=CC=C(C=C1)C(=O)OC,166.17
8500,CC1=CC=C(C=C1)C(=O)C,134.17
8501,C1=CC(=CC=C1C(=O)Cl)Cl,175.01
8502,C1=CC(=CC=C1C(=O)Cl)[N+](=O)[O-],185.56
8505,C1=CC=C2C(=C1)C(=O)OC23C4=CC(=C(C=C4OC5=C(C(=C(C=C35)Br)[O-])[Hg])[O-])Br.O.[Na+].[Na+],751.7
8507,CCN(CC)C1=CC=C(C=C1)C(=C2C=CC(=[N+](CC)CC)C=C2)C3=C(C=C(C=C3)S(=O)(=O)[O-])S(=O)(=O)[O-].[Na+],566.7
8515,C1=CC=C2C(=C1)C3=NNC4=CC=CC(=C43)C2=O,220.23
8520,CCN1CCCC(C1)OC(=O)C(C2=CC=CC=C2)C3=CC=CC=C3.Cl,359.9
8522,CC1=C(C(=O)N(N1C)C2=CC=CC=C2)I,314.12
8530,C1=CC=C2C(=O)C=CC(=O)C2=C1,158.15
8532,C1=CC=C2C(=C1)C(=O)C3=CC(=C4C(=C3C2=O)NC5=C(C=C6C(=C5N4)C(=O)C7=CC=CC=C7C6=O)Cl)Cl,511.3
8540,C1CCC(CC1)C2=C(C(=CC(=C2)[N+](=O)[O-])[N+](=O)[O-])O,266.25
8546,C1=CC=C2C(=C1)C=C(C(=C2CC3=C(C(=CC4=CC=CC=C43)C(=O)O)O)O)C(=O)O,388.4
8550,CO[C@H]1[C@@H](C[C@@H]2CN3CCC4=C([C@H]3C[C@@H]2[C@@H]1C(=O)OC)NC5=CC=CC=C45)OC(=O)C6=CC(=C(C(=C6)OC)OC)OC,578.7
8553,C1=CC=C2C(=C1)C(=O)C3=C(C2=O)C=C(C=C3)Cl,242.65
8554,COC(=O)C1=CC=CC=C1C(=O)OC,194.18
8559,CCCOC(=O)C1=CC=CC=C1C(=O)OCCC,250.29
8560,C=CCOC(=O)C1=CC=CC=C1C(=O)OCC=C,246.26
8561,CCCCCOC(=O)C1=CC=CC=C1C(=O)OCCCCC,306.4
8567,CNC[C@@H]([C@H]([C@@H]([C@@H](CO)O)O)O)O,195.21
8569,COC1=CC(=C(C=C1)C(=O)C2=CC=CC=C2O)O,244.24
8570,COC1=CC(=C(C=C1)C(=O)C2=C(C=C(C=C2)OC)O)O,274.27
8571,C1=CC(=C(C=C1O)O)C(=O)C2=C(C=C(C=C2)O)O,246.21
8572,C1=CC=C(C=C1)C(=O)C2=C(C=C(C=C2)O)O,214.22
8573,CCC(C)(C#C)OC(=O)C1=CC=CC=C1C(=O)O,246.26
8575,CCCCOC(=O)C1=CC=CC=C1C(=O)O,222.24
8588,CCN1C2=C(C=C(C=C2)N)C3=CC=CC=C31,210.27
8589,CCC(C1=CC=CC=C1)C2=NOC(=N2)CCN(CC)CC.C(C(=O)O)C(CC(=O)O)(C(=O)O)O,479.5
8593,C1=CC=C(C=C1)C2=NC3=CC=CC=C3C(=C2)C(=O)O,249.26
8594,C1=CC=C2C(=C1)C=CC=C2NC(=O)C3=CC=CC=C3C(=O)O,291.3
8606,C1C=CCC2C1C(=O)N(C2=O)SC(Cl)(Cl)Cl,300.6
8607,C1=CC=C2C(=C1)C(=O)N(C2=O)SC(Cl)(Cl)Cl,296.6
8609,C1=CC=C(C=C1)OC(=O)C2=C(C=C(C=C2)N)O,229.23
8614,C1=CC=C(C(=C1)C(=O)NCC(=O)O)I,305.07
8615,C1=CC=C(C=C1)CCOC(=O)C2=CC=CC=C2N,241.28
8617,C1=CC=C2C(=C1)C(=CN2)CCCC(=O)O,203.24
8621,CC1=CC(=C(C(=C1Cl)C)Cl)O,191.05
8630,C1=C(C=C(C(=C1C(=O)O)Cl)N)Cl,206.02
8633,CC1CCC(C(C1)OC(=O)C2=CC=CC=C2N)C(C)C,275.4
8635,COC(=O)C1=CC=CC=C1N,151.16
8638,COC1=CC=CC=C1N.Cl,159.61
8640,C1=CC=C2C(=C1)C=CC=C2N,143.18
8651,C1=CC=C(C=C1)C(=O)C(=O)C2=CC=CC=C2,210.23
8652,CC1=CC=C(C=C1)C(=O)C2=CC=CC=C2,196.24
8653,C1=CC=C(C=C1)C(=O)C2=CC=C(C=C2)Cl,216.66
8657,CCC1=CC=CC=C1CC,134.22
8658,COC1=CC=CC=C1C=O,136.15
8663,C1=CC=C2C=C(C=CC2=C1)O,144.17
8667,CN(C)CCN(CC1=CC=CS1)C2=CC=CC=N2.Cl,297.8
8673,C1=CC(=CC2=CC(=C(C=C21)O)S(=O)(=O)[O-])S(=O)(=O)[O-].[Na+].[Na+],348.3
8679,C1=CC=C(C=C1)NC2=CC3=CC=CC=C3C=C2,219.28
8680,CCC(C)C1=CC=CC=C1,134.22
8689,C1=CC=C(C=C1)NN=NC2=CC=CC=C2,197.24
8691,C1=CC=C(C=C1)N=NC2=C(N=C(C=C2)N)N.Cl,249.70
8692,C1=CC(=CC=C1C(=O)OCC(CO)O)N,211.21
8693,CCCOC(=O)C1=CN=C(C=C1)C(=O)OCCC,251.28
8695,CCCCNC1=CC=C(C=C1)C(=O)OCCN(C)C.Cl,300.82
8697,CCCCC(CC)C(=O)O,144.21
8698,CCCCOC(=O)C1=CC=CC=C1,178.23
8705,CC1=CC2=NNN=C2C=C1,133.15
8706,C1=CC=C2C(=C1)N=C(S2)N,150.20
8708,CCN(CC)CCOC1=CC2=C(C=C1)N=C(S2)N(C)C,293.4
8710,CCCCCCCC1CCCC1=O,182.30
8712,CC1=CC=CC=C1S,124.21
8715,C1=CC(=C(C=C1N)N)O.Cl.Cl,197.06
8717,CC1=CC(=C(C=C1C)N)C,135.21
8723,CCC(C)CO,88.15
8732,CCCC1=NC=C(C(=N1)N)C[N+]2=CC=CC=C2C.Cl.[Cl-],315.2
8736,C(C(C(=O)[O-])O)C(=O)[O-].[Na+].[Na+],178.05
8738,CCCCOC(=O)C(C)O,146.18
8739,C1=CC(=CC=C1C(=O)O)S(=O)(=O)N,201.20
8748,CC(=C)C1CCC(CC1)(C)O,154.25
8749,CN(C)C1=CC=C(C=C1)N=O,150.18
8753,CCCCCCCCCCCC[N+](C)(C)CC1=CC=CC=C1.[Cl-],340.0
8755,CCCCCCCCCCCCCC[N+](C)(C)CC1=CC=CC=C1.[Cl-],368.0
8758,C(C(=O)O)N(CC(=O)O)CC(=O)O,191.14
8765,C1=CC(=CC=C1N)SC2=CC=C(C=C2)N,216.30
8766,C1=CC=C(C=C1)SC2=CC=CC=C2,186.27
8769,CCN(CCO)CCO,133.19
8777,CCCCCCCCCCCCOS(=O)(=O)O.C(CO)N(CCO)CCO,415.6
8783,C(CCl)OP(OCCCl)OCCCl,269.5
8785,CC(=O)OCC1=CC=CC=C1,150.17
8794,C1=CC=C(C=C1)CC#N,117.15
8795,C1CN(CCN1)CCN,129.20
8796,C1=CC(=CC=C1NC(=O)N)Cl,170.59
8797,CC1=CC=C(C=C1)OC(=O)C,150.17
8798,CC(=O)NC1=NC=C(S1)[N+](=O)[O-],187.18
8800,CN(C)C(=O)NC1=CC=C(C=C1)Cl,198.65
8805,CC(=O)NC1=CC=C(C=C1)C(=O)CCl,211.64
8809,CC(COC1=CC=C(C=C1)C(C)(C)C)OS(=O)OCCCl,334.9
8813,C1=CC(=CC=C1C(=N)N)OCCCCCOC2=CC=C(C=C2)C(=N)N.C(CS(=O)(=O)O)O.C(CS(=O)(=O)O)O,592.7
8814,CC(C)(C)CC(C)(C)C1=CC=C(C=C1)O,206.32
8815,COC1=CC=C(C=C1)CC=C,148.20
8816,CCCCCCCCCCCCCCCC[N+]1=CC=CC=C1.[Br-],384.4
8819,C1CN(CCN1N=O)N=O,144.13
8820,C(C#N)C(=O)NN,99.09
8821,CCOC(=O)C=C,100.12
8827,C(NC(=O)NCO)O,120.11
8830,CCCCOC(=O)CCC(=O)OCCCC,230.30
8831,CC(C)COC(=O)CCCCC(=O)OCC(C)C,258.35
8834,CCC(=O)OCCC(C)CCC=C(C)C,212.33
8835,CCCC(=O)OCCC(C)CCC=C(C)C,226.35
8836,CCCCOCCOCCOC(=O)CCCCC(=O)OCCOCCOCCCC,434.6
8840,CCCCCCC(CCCCCCCCCCC(=O)OC)O,314.5
8842,CC(CCC=C(C)C)CCO,156.26
8846,CCCCOC(=O)C=C,128.17
8855,CCCC(=O)Cl,106.55
8857,CCOC(=O)C,88.11
8858,CC(=CC(=O)C)C,98.14
8861,C1=CC(=NC(=C1)N)N,109.13
8863,CC(CCCC(C)(C)O)CC(OC)OC,218.33
8864,CCC1=CC(=CC=C1)CC,134.22
8868,CCOC(=O)CC(=O)C,130.14
8870,C1=CC=C(C=C1)N.Cl,129.59
8871,C1=CC(=O)NC=C1,95.10
8872,CCCCCCOC(=O)C(=C)C,170.25
8878,CCCCCCC(=O)OCC=C,170.25
8880,CC(=O)NCCO,103.12
8881,C(CCl)CCl,112.98
8882,C1CC=CC1,68.12
8883,CC(C)(C#CC(C)(C)O)O,142.20
8892,CCCCCC(=O)O,116.16
8893,C1CNCCN1.Cl.Cl,159.05
8896,CC(=O)[O-].CC(=O)[O-].[Mg+2],142.39
8897,C(C(=O)O)NCC(=O)O,133.10
8900,CCCCCCC,100.20
8902,CCCNCCC,101.19
8906,CCCCCCCCCCCCOC(=O)C(=C)C,254.41
8907,CCCCCCCCCCCCCCCC(=O)OC(C)C,298.5
8908,CCCCCCOC(=O)C,144.21
8909,CCCCOCCCC,130.23
8914,CCCCCCCCCO,144.25
8916,CCCCCCCCCCN,157.30
8918,CCCCCCCCCOC(=O)C,186.29
8919,CCCCCCCCCCCCBr,249.23
8920,CCCCCCNCCCCCC,185.35
8923,CCCCOCCOCCOCCO,206.28
8924,C(CCCNCCCCCCN)CCN,215.38
8925,COCCOCCOCCOCCOC,222.28
8926,CCCCCCCCCCCCCCCCN,241.46
8944,CCOC(=O)C1(CCN(CC1)CCC2=CC=C(C=C2)N)C3=CC=CC=C3,352.5
8946,CC(C)C(C(C)(C)CO)O,146.23
8954,C1=CC(=CC=C1NCS(=O)[O-])S(=O)(=O)C2=CC=C(C=C2)NCS(=O)[O-].[Na+].[Na+],448.5
8955,CC(=O)[C@H]1CC[C@@H]2[C@@]1(CC[C@H]3[C@H]2CC=C4[C@@]3(CC[C@@H](C4)O)C)C,316.5
8961,C1CC2=C(C=CC(=C2C1)Cl)O,168.62
8969,COC(=O)[C@H]1[C@H](CC[C@@H]2[C@@H]1C[C@H]3C4=C(CCN3C2)C5=CC=CC=C5N4)O,354.4
8980,CN(C)CCOC(C1=CC=CC=C1)C2=CC=CC=C2.Cl,291.8
8981,CC1=CC(NC2=CC=CC=C12)(C)C,173.25
8995,CCN(CCC#N)C1=CC=CC=C1,174.24
9001,C1=C(C=C(C(=C1O)O)S(=O)(=O)[O-])S(=O)(=O)[O-].[Na+].[Na+],314.2
9005,COC(OC)OC,106.12
9007,COC1=CC=CC(=C1)O,124.14
9009,B(OCC)(OCC)OCC,145.99
9013,CCOC1=CC=C(C=C1)NC(=O)N,180.20
9015,COC1=CC=C(C=C1)O,124.14
9016,COC1=CC=C(C=C1)OC,138.16
9024,CC(=O)OC(C)(C)CC1=CC=CC=C1,192.25
9025,COC1=CC(=CC=C1)OC,138.16
9046,C[C@]12CC[C@H]3[C@H]([C@@H]1CC[C@]2(C#C)O)CCC4=C3C=CC(=C4)OC5CCCC5,364.5
9047,COC1=NC=CN=C1NS(=O)(=O)C2=CC=C(C=C2)N,280.31
9048,CC1(N=C(N=C(N1C2=CC=C(C=C2)Cl)N)N)C.Cl,288.17
9051,CC(=O)[C@H]1CC[C@@H]2[C@@]1(CC[C@@H]3[C@H]2C=CC4=CC(=O)CC[C@@]34C)C,312.4
9060,C1=CC=C2C(=C1)C(=CN2)C[C@H](C(=O)O)N,204.22
9068,CC1=C(SC=[N+]1CC2=CN=C(N=C2N)C)CCOP(=O)(O)OP(=O)(O)O.[Cl-],460.77
9074,C1=CC=C(C=C1)NC2=CC=C(C=C2)N=O,198.22
9076,CCOC1=CC=C(C=C1)N,137.18
9082,C(CS)N.Cl,113.61
9117,C1=CC2=C3C(=C1)C4=CC=CC5=C4C6=C(C=C5)C=CC(=C36)C=C2,276.3
9128,C1=CC=C2C(=C1)C3=CC=CC4=C3C5=C(C=CC=C25)C=C4,252.3
9131,C1=CC=C2C(=C1)C3=C4C2=CC5=CC=CC6=C5C4=C(C=C6)C=C3,276.3
9147,C1C2=CC=CC3=C2C4=C(C=CC=C41)C=C3,190.24
9153,C1=CC=C2C3=C4C(=CC=C3)C5=CC=CC=C5C4=CC2=C1,252.3
9154,C1=CC=C2C(=C1)C3=CC=CC4=C3C2=CC=C4,202.25
9158,C1=CC=C2C=C3C4=CC=CC5=C4C(=CC=C5)C3=CC2=C1,252.3
9161,C1=CC2=C3C(=C1)C=CC3=CC=C2,152.19
9164,C1=CC=C2C=C3C4=CC=CC=C4C5=CC=CC=C5C3=CC2=C1,278.3
9171,C1=CC=C2C(=C1)C=CC3=C2C=CC4=CC=CC=C43,228.3
9207,C1=CC=C2C=NN=CC2=C1,130.15
9216,C1=CC=C2C(=C1)OC3=CC=CC=C3O2,184.19
9217,C1=CC=C2C(=C1)OC3=CC=CC=C3S2,200.26
9223,C1=CC=C2C(=C1)C=CO2,118.13
9237,C1CN2CCN1CC2,112.17
9246,C1CCC2C(C1)O2,98.14
9253,C1CCCC1,70.13
9257,C1=NC=NN1,69.07
9261,C1=CN=CC=N1,80.09
9268,C1CCCCCCCCCCC1,168.32
9270,CC(=O)O[C@H]1CC[C@@H]2[C@H]3CC[C@]4([C@H]([C@@H]3CCC2=C1)CC[C@]4(C#C)OC(=O)C)C,384.5
9274,CCOP(=S)(OCC)S,186.2
9275,CCCCC(CC)COP(=O)(O)OCC(CC)CCCC,322.42
9279,CC(C)[N+](C)(CCOC(=O)C1C2=CC=CC=C2OC3=CC=CC=C13)C(C)C.[Br-],448.4
9280,COC(=O)C(C1CCCCN1)C2=CC=CC=C2.Cl,269.77
9281,COC1=C(C=CC(=C1)C2=CC(=C(C=C2)[N+]3=NC(=NN3C4=CC=C(C=C4)[N+](=O)[O-])C5=CC=CC=C5)OC)[N+]6=NC(=NN6C7=CC=C(C=C7)[N+](=O)[O-])C8=CC=CC=C8.[Cl-].[Cl-],817.6
9296,CS(=O)(=O)OCC(C(COS(=O)(=O)C)O)O,278.3
9298,COP(=S)(OC)OC1=CC(=C(C=C1Cl)Cl)Cl,321.5
9300,CC(C)(C)C1=CC(=C(C=C1)OP(=O)(NC)OC)Cl,291.71
9302,CN1C(=O)CCC(=N1)C(=O)N,155.15
9305,C1=C(C=C(C(=C1I)O)I)C[C@@H](C(=O)O)N,432.98
9306,CC(CC1=CC=CC=C1)NC.Cl,185.69
9324,CC(=O)[C@]1(CC[C@@H]2[C@@]1(CC[C@H]3[C@H]2C=C(C4=CC(=O)CC[C@]34C)Cl)C)OC(=O)C,404.9
9330,CCN(CC)CCOC(=O)C(C1=CC=CC=C1)(C2=CC=CC=C2)O,327.4
9335,C[N+](CCCl)(CCCl)[O-],172.05
9351,C1=CC=C2C(=C1)C=NN=C2NN.Cl,196.64
9352,CC(=O)NC1=CC2=C(C=C1)C3=C(C2)C=C(C=C3)NC(=O)C,280.32
9363,CCN(CC)C(=O)C1=CC(=C(C=C1)O)OC,223.27
9370,C1=C(C=C(C(=C1I)O)I)[N+](=O)[O-],390.90
9373,CN(CC#C)CC1=CC=CC=C1.Cl,195.69
9376,C1=CC=C(C=C1)CCNC(=O)CCCl,211.69
9377,CC(CC1=CC=C(C=C1)O)N.Br,232.12
9380,CNNC.Cl.Cl,133.02
9386,C12(C(C(C(C(C1(F)F)(F)F)(F)F)(F)F)(C(C(C(C2(F)F)(F)F)(F)F)(F)F)F)F,462.08
9395,CCOP(=O)(OCC)OC1=CC=C(C=C1)[N+](=O)[O-],275.19
9403,C[C@]12CC[C@H]3[C@H]([C@@H]1CC[C@@H]2OC(=O)CCC4CCCC4)CCC5=C3C=CC(=C5)O,396.6
9409,CC1=C(C=CC(=C1)C2=CC(=C(C=C2)N=NC3=C(C4=C(C=C3)C(=CC(=C4N)S(=O)(=O)[O-])S(=O)(=O)[O-])O)C)N=NC5=C(C6=C(C=C5)C(=CC(=C6N)S(=O)(=O)[O-])S(=O)(=O)[O-])O.[Na+].[Na+].[Na+].[Na+],960.8
9411,CCC(C)N1C(=O)C(=C(NC1=O)C)Br,261.12
9414,CC1=CC(=CC(=C1N(C)C)C)OC(=O)NC,222.28
9415,C[C@H]1C(=O)O[C@@H]2CCN3[C@@H]2C(=CC3)COC(=O)[C@]([C@]1(C)O)(C)O,325.36
9434,C[N+](C)(CCCCCC[N+](C)(C)C1C2=CC=CC=C2C3=CC=CC=C13)C4C5=CC=CC=C5C6=CC=CC=C46.[Br-].[Br-],662.5
9443,C1=CC(=C(C=C1Cl)Cl)C(F)(F)F,215.00
9444,C1=NC(=NC(=O)N1[C@H]2[C@@H]([C@@H]([C@H](O2)CO)O)O)N,244.20
9445,C1=C(C=C(C(=C1C(=O)O)O)Cl)Cl,207.01
9454,CC1=C(C(=O)OC2=C1C=CC(=C2)OP(=O)(OCCCl)OCCCl)Cl,415.6
9458,CC(=O)OC1=C(C=CC(=C1)C(F)(F)F)C(=O)O,248.15
9462,C1=CC(=CC=C1C2=CC=C(C=C2)F)N,187.21
9473,CC(=O)OCC1=CC2=C(C=C1)OCO2,194.18
9481,C1=CC(=C(C=C1C(F)(F)F)Cl)Cl,215.00
9483,C1=CC(=CC(=C1)N=C=O)C(F)(F)F,187.12
9500,C1=CC(=NC=C1C(=O)N)N,137.14
9502,CN(C(=O)NC1=CC(=C(C=C1)Cl)Cl)OC,249.09
9507,CC1=CC(=NC(=O)N1)C.C1=CC(=CC=C1NC(=O)NC2=CC=C(C=C2)[N+](=O)[O-])[N+](=O)[O-],426.4
9509,C1=CC(=CC=C1NC(=O)NC2=CC=C(C=C2)[N+](=O)[O-])[N+](=O)[O-],302.24
9526,COS(=O)(=O)C(F)(F)F,164.11
9528,C(C(F)(F)F)OCC(F)(F)F,182.06
9554,C(=O)(C(C(C(C(C(C(C(F)(F)F)(F)F)(F)F)(F)F)(F)F)(F)F)(F)F)O,414.07
9555,C(=O)(C(C(C(C(C(C(C(C(C(F)(F)F)(F)F)(F)F)(F)F)(F)F)(F)F)(F)F)(F)F)(F)F)O,514.08
9564,CCCCNC(=O)NS(=O)(=O)C1=CC=C(C=C1)N,271.34
9567,CC1=NC2=CC=CC=C2C(=O)N1C3=CC=CC=C3Cl,270.71
9568,CC1=CC=CC=C1C(C2=CC=CC=C2)OCCN(C)C.Cl,305.8
9578,C1(=C(C(=C(C(=C1F)F)Br)F)F)F,246.96
9589,CC(=O)C1=CN=CC=C1,121.14
9609,CCSCC,90.19
9635,C(C(Cl)(Cl)Cl)(F)(F)F,187.37
9639,C(C(C(C(F)(F)F)(F)F)(F)F)(C(C(F)(F)F)(F)F)(F)F,338.04
9642,CC(=O)OCC(=O)[C@@]12[C@@H](C[C@@H]3[C@@]1(C[C@@H]([C@]4([C@H]3C[C@@H](C5=CC(=O)C=C[C@@]54C)F)F)O)C)OC(O2)(C)C,494.5
9677,CCCCCCCCCC(=O)O[C@H]1CC[C@@H]2[C@@]1(CC[C@H]3[C@H]2CCC4=CC(=O)CC[C@H]34)C,428.6
9681,CC[C@@H](CO)NC(=O)[C@H]1CN([C@@H]2CC3=CN(C4=CC=CC(=C34)C2=C1)C)C,353.5
9687,CCCC(=O)NC1=C2C(=NC=N1)N(C=N2)[C@H]3[C@@H]([C@H]4[C@H](O3)COP(=O)(O4)O)OC(=O)CCC,469.4
9690,C1C2=CC=CC=C2C3=C1C=C(C=C3)NC(=O)C(F)(F)F,277.24
9703,CC(C)NC(=O)C1=CC=C(C=C1)CNNC.Cl,257.76
9707,C1=CC=C(C(=C1)O)F,112.10
9709,C1=CC(=C(C=C1F)F)N,129.11
9719,C1=CC(=CC=C1NC(=O)NC2=CC(=C(C=C2)Cl)C(F)(F)F)Cl,349.1
9731,C1=CC(=CC=C1N)F,111.12
9740,C(C#N)C(=O)O,85.06
9782,C[C@H]1C[C@H]2[C@@H]3CCC4=CC(=O)C=C[C@@]4([C@]3([C@H](C[C@@]2([C@]1(C(=O)CO)O)C)O)F)C,392.5
9786,C1=CC=C(C=C1)[Sn](C2=CC=CC=C2)(C3=CC=CC=C3)F,369.0
9787,C[C@@]1(C(=O)N2[C@H](C(=O)N3CCC[C@H]3[C@@]2(O1)O)CC4=CC=CC=C4)NC(=O)[C@H]5CN([C@@H]6CC7=CNC8=CC=CC(=C78)C6=C5)C.C[C@@]1(C(=O)N2[C@H](C(=O)N3CCC[C@H]3[C@@]2(O1)O)CC4=CC=CC=C4)NC(=O)[C@H]5CN([C@@H]6CC7=CNC8=CC=CC(=C78)C6=C5)C.[C@@H]([C@H](C(=O)O)O)(C(=O)O)O,1313.4
9794,CCOC(=O)C(F)(F)F,142.08
9795,C1=CC=C(C(=C1)C(F)(F)F)[N+](=O)[O-],191.11
9808,C1=CC=C(C(=C1)C(=O)Cl)F,158.56
9809,C1=C(C=C(C(=C1[N+](=O)[O-])Cl)[N+](=O)[O-])C(F)(F)F,270.55
9862,CC(=CCCC(=O)C)C,126.20
9864,C(#N)N,42.040
9865,C1CS1,60.12
9873,C(C(C(C(C(F)(F)Br)(F)F)(F)F)(F)F)(C(C(C(F)(F)F)(F)F)(F)F)(F)F,498.96
9878,C[C@H]1C[C@H]2[C@@H]3CC[C@@]([C@]3(C[C@@H]([C@@]2([C@@]4(C1=CC(=O)C=C4)C)F)O)C)(C(=O)C)O,376.5
9880,CC(=O)[C@]1(CC[C@@H]2[C@@]1(CC[C@H]3[C@H]2C=C(C4=CC(=O)[C@@H]5C[C@@H]5[C@]34C)Cl)C)OC(=O)C,416.9
9895,CC1=C(C(CCC1)(C)C)C=O,152.23
9903,C[C@H](CCC(=O)O)[C@H]1CC[C@@H]2[C@@]1(CC[C@H]3[C@H]2CC[C@H]4[C@@]3(CC[C@H](C4)O)C)C,376.6
9904,C[C@]12CC[C@H]3[C@H]([C@@H]1CC[C@@H]2O)CCC4=CC(=O)CC[C@H]34,274.4
9912,CN1C2=C(C(=O)N(C1=O)C)N(C=N2)CC(CN(C)CCO)O.C1=CC(=CN=C1)C(=O)O,434.4
9948,C1=CC=C(C=C1)CC(=O)C2=CC=CC=C2,196.24
9956,C1=CC(=C(N=C1)N)N,109.13
9958,CC1=CC(=C(C=C1)O)O,124.14
9963,C1=CC(=CC(=C1)C(F)(F)F)C(=O)O,190.12
9985,CCCC1CCCCN1,127.23
9993,C1=CC(=CC=C1F)Br,175.00
10005,C(#N)N=C(N)N,84.08
10008,C1=CC=C(C=C1)F,96.10
10009,C1=CC(=CN=C1)N,94.11
10024,CCOCOCC,104.15
10026,CCCCCON=O,117.15
10090,CCC(=O)C(CCN(C)C)(C1=CC=CC=C1)C2=CC=CC=C2,295.4
10114,C[C@]12CC[C@](C[C@H]1C3=CC(=O)[C@@H]4[C@]5(CC[C@@H](C([C@@H]5CC[C@]4([C@@]3(CC2)C)C)(C)C)O)C)(C)C(=O)O,470.7
10129,CC1CCC2CC1C2(C)C,138.25
10133,C[C@H](CCC(=O)O)[C@H]1CC[C@@H]2[C@@]1(CC[C@H]3[C@H]2[C@@H](C[C@H]4[C@@]3(CC[C@H](C4)O)C)O)C,392.6
10140,C[C@H](CCC(=O)NCC(=O)O)[C@H]1CC[C@@H]2[C@@]1([C@H](C[C@H]3[C@H]2[C@@H](C[C@H]4[C@@]3(CC[C@H](C4)O)C)O)O)C,465.6
10168,C1=CC2=C(C(=C1)O)C(=O)C3=C(C2=O)C=C(C=C3O)C(=O)O,284.22
10187,C1=CC2=CC3=C(C(=CC=C3)O)C(=C2C(=C1)O)O,226.23
10194,CC1=CC(=C(C(=C1)C)C(=O)O)C,164.20
10204,C[C@]12CC[C@H]3[C@H]([C@@H]1CC[C@H]2O)CCC4=CC(=O)CC[C@]34C,288.4
10206,CN1CCC2=CC3=C(C4=C2[C@@H]1CC5=CC=C(C=C5)OC6=C(C=CC(=C6)C[C@@H]7C8=CC(=C(C=C8CCN7C)OC)O4)OC)OCO3,606.7
10207,C1=CC2=C(C(=C1)O)C(=O)C3=C(C2=O)C=C(C=C3O)CO,270.24
10208,CC1=CC2=C(C(=C1)O)C(=O)C3=C(C2=O)C=CC=C3O,254.24
10209,CC1=C(C2=CC=CC=C2C(=C1)O)O,174.20
10212,CC(=CCOC1=C2C(=CC3=C1OC=C3)C=CC(=O)O2)C,270.28
10215,C1=CC=C2C(=C1)C(=C(N2)C3=NC4=CC=CC=C4C3=O)O,262.26
10219,CC[C@H]1CN2CCC3=CC(=C(C=C3[C@@H]2C[C@@H]1C[C@@H]4C5=CC(=C(C=C5CCN4)OC)OC)OC)OC,480.6
10226,C1=CC2=C(C=C1S(=O)(=O)O)C(=C(C=C2[N+](=O)[O-])[N+](=O)[O-])O,314.23
10229,C1=CC=C2C(=C1)C=C(C3=CC=CC=C23)O,194.23
10230,C1=CC=C2C(=C1)C(=NN=C2NN)NN,190.21
10234,CCC(C)C1=C(C(=CC(=C1)[N+](=O)[O-])[N+](=O)[O-])OC(=O)C=C(C)C,322.31
10236,C1=CC=C2C(=C1)C(=O)C(C2=O)(O)O,178.14
10239,C1=CC=C(C=C1)C2=NC3=CC=CC=C3C(=C2O)C(=O)O,265.26
10241,C1=CC=C2C(=C1)C3=CC=CC=C3C2=O,180.20
10252,CC(=O)NC(=O)C1=CC=CC=C1O,179.17
10254,CC1=CC(=C(C(=C1)C)C=O)C,148.20
10255,CC(=C)[C@H]1CN[C@@H]([C@H]1CC(=O)O)C(=O)O,213.23
10257,CN(C)CCC1=CNC2=C1C=C(C=C2)O,204.27
10269,CC(C)(C)C1=CC(=CC(=C1O)C(C)(C)C)OC,236.35
10275,C1=CC=C(C=C1)C2=C(N=C(S2)N)N,191.26
10285,CC1=CC=NC2=CC=CC=C12,143.18
10288,CC1=CC2=C(C(=C1)O)C(=C3C(=C2)C=CC=C3O)O,240.25
10303,CN(C)C1=CC=C(C=C1)N=NC2=CC=CC=C2C(=O)O,269.30
10308,C1CC2=CC=CC=C2NC3=CC=CC=C31,195.26
10313,C1=CC=C(C=C1)C(=O)NO,137.14
10315,CCCC(=O)C1=CC=CC=C1,148.20
10316,C1=CC=C(C=C1)N=[N+](C2=CC=CC=C2)[O-],198.22
10326,C1CC2=CC=CC=C2C1,118.18
10332,CC1=CC(=C(C=C1)N)N,122.17
10346,CC1=CC(=C(C=C1C(C)(C)C)C(C)(C)C)O,220.35
10353,CC1CCC(CC1)C(C)(C)O,156.26
10364,CC1=C(C=C(C=C1)C(C)C)O,150.22
10367,C1=CC(=NC(=C1)C(=O)O)C(=O)O,167.12
10374,C1=CC(=CC=C1NC2=NC=NC(=N2)N)Cl,221.64
10377,CCCCCC1=CC(=CC(=C1)O)O,180.24
10382,C1=CC=C(C=C1)NC(=O)CS,167.23
10387,C1=CC=C(C=C1)COC(=O)Cl,170.59
10391,C1=CC=C(C=C1)CNC(=O)CCCl,197.66
10401,C1CCC(=O)OCC1,114.14
10402,CC(CCC=C(C)C)CC(=O)O,170.25
10404,CCOC(=S)SSC(=S)OCC,242.4
10406,CC(C)CCCC(C)NCCC(C)C,199.38
10409,C1CCCCCCCC(=O)CCCCCC1,224.38
10423,C1COC1,58.08
10430,CC(C)CC(=O)O,102.13
10434,C1CC(=O)CC(=O)C1,112.13
10438,CC(=CC(=O)C=C(C)C)C,138.21
10439,C1=CC=NC(=C1)N,94.11
10442,C(CO)CO,76.09
10452,C1CSCCS1,120.2
10453,CC(C)CCCC(C)CCCC(C)CCCC(C)(C=C)O,296.5
10457,C(CCCC(=O)O)CCC(=O)O,174.19
10458,C(CCCCCC(=O)O)CCCCCC(=O)O,244.33
10465,CCCCCCCCCCCCCCCCC(=O)O,270.5
10473,CNC.Cl,81.54
10474,[C-]#N.[C-]#N.[K+].[Ag+],199.00
10476,C(#N)Br,105.92
10486,CC(C)(C)Cl,92.57
10509,C([N+](=O)[O-])([N+](=O)[O-])([N+](=O)[O-])[N+](=O)[O-],196.03
10522,CCOC(=O)C(C1=CC=C(C=C1)Cl)(C2=CC=C(C=C2)Cl)O,325.2
10531,C[C@@]1(C(=O)N2[C@H](C(=O)N3CCC[C@H]3[C@@]2(O1)O)CC4=CC=CC=C4)NC(=O)[C@@H]5C[C@H]6[C@@H](CC7=CNC8=CC=CC6=C78)N(C5)C,583.7
10541,COP(=O)(OC)OC,140.07
10555,CC(=CCl)C,90.55
10560,CCC(C)S,90.19
10567,CC(=O)C(Cl)Cl,126.97
10568,C(=C(I)I)(I)I,531.64
10569,CC(C)C1=CC2=CC[C@@H]3[C@@]([C@H]2CC1)(CCC[C@@]3(C)C(=O)O)C,302.5
10601,CC(=O)C1CCOC1=O,128.13
10607,COC1=CC(=CC(=C1OC)OC)[C@H]2[C@@H]3[C@H](COC3=O)[C@H](C4=CC5=C(C=C24)OCO5)O,414.4
10616,CCCCN(CCCC)C(C1=CC=C(C=C1)OC)C(=O)N,292.4
10621,C[C@H]1[C@@H]([C@H]([C@H]([C@@H](O1)OC[C@@H]2[C@H]([C@@H]([C@H]([C@@H](O2)OC3=CC(=C4C(=O)C[C@H](OC4=C3)C5=CC(=C(C=C5)OC)O)O)O)O)O)O)O)O,610.6
10624,CN(C)CCC1=CNC2=C1C(=CC=C2)OP(=O)(O)O,284.25
10631,C[C@H]1C[C@@H]2[C@H](CC[C@]3([C@H]2CC[C@@]3(C(=O)C)O)C)[C@@]4(C1=CC(=O)CC4)C,344.5
10633,C[C@]12CCC(=O)C[C@@H]1CC[C@@H]3[C@@H]2CC[C@]4([C@H]3CC[C@]4(C)O)C,304.5
10634,C[C@]12CC[C@H]3[C@H]([C@@H]1CC[C@@H]2O)CC=C4[C@@]3(CC[C@@H](C4)O)C,290.4
10635,C[C@]12CCC(=O)C[C@@H]1CC[C@@H]3[C@@H]2CC[C@]4([C@H]3CC[C@@H]4O)C,290.4
10638,C1=CC2=C(C(=C1)N)C(=O)NNC2=O,177.16
10646,C1CCN(C1)CCN2C3=CC=CC=C3SC4=CC=CC=C42,296.4
10648,C1CC(C2=CC=CC=C2C1)C3=NCCN3.Cl,236.74
10649,CC1=[N+](C2=CC=CC=C2C(=C1)N)CCCCCCCCCC[N+]3=C(C=C(C4=CC=CC=C43)N)C.[Cl-].[Cl-],527.6
10660,CN1C2=C(C(=O)N(C1=O)C)NC(=N2)Cl.CN(C)CCOC(C1=CC=CC=C1)C2=CC=CC=C2,470.0
10664,CC1=NC=C(C(=C1O)CN)CO.Cl.Cl,241.11
10680,C1=CC=C(C=C1)C2=CC(=O)C3=CC=CC=C3O2,222.24
10686,CC1=C(C(=CC=C1)C)C,120.19
10687,CC1=C(C(=CC=C1)O)C,122.16
10690,C([C@H]([C@H]([C@@H]([C@H](C(=O)O)O)O)O)O)O,196.16
10693,C1(=C(C(=C(C(=C1Cl)Cl)Cl)Cl)Cl)N,265.3
10695,CC1=CC(=C(C(=C1)C)C)C,134.22
10698,CC1=CC(=C(C(=C1)C)O)C,136.19
10704,CC1=CC=CC=C1C(=O)N,135.16
10707,C1=CC=C(C(=C1)[N+](=O)[O-])[N+](=O)[O-],168.11
10708,C1=CC(=C(C=C1C(=O)O)C(=O)O)C(=O)O,210.14
10712,C([C@@H]1[C@H]([C@@H]([C@H]([C@@H](O1)O[C@@H]2[C@H](O[C@H]([C@@H]([C@H]2O)O)O)CO)O)O)O)O,342.30
10718,C1=CC=C(C=C1)C(=O)NC2=CC(=C(C=C2)C(=O)O)O,257.24
10721,CC1=CC=CC=C1C#N,117.15
10722,CC1=CC=CC=C1C=O,120.15
10723,C1CC(C2=CC=CC=C2C1)O,148.20
10724,C1CC2=CC=CC=C2C(=O)C1,146.19
10754,C1=CC(=CC=C1C2=CC=C(C=C2)N)N.Cl.Cl,257.16
10757,C1=CC=C(C=C1)C(=O)CCl,154.59
10758,C1=CC=C(C=C1)C(C#N)O,133.15
10761,CC1=C(SC=[N+]1CC2=CN=C(N=C2N)C)CCOP(=O)(O)O.[Cl-],380.79
10762,CC1=C(SC=[N+]1CC2=CN=C(N=C2N)C)CCO.[N+](=O)([O-])[O-],327.36
10766,CCC(C)(CN(C)C)OC(=O)C1=CC=CC=C1.Cl,271.78
10771,C1=CC=C(C=C1)N=NC2=C(C=C(C=C2)N)N.Cl,248.71
10780,CCOC(=O)COC1=C(C=C(C=C1)Cl)Cl,249.09
10781,CC1CCCCN1CCCOC(=O)C2=CC=CC=C2.Cl,297.82
10783,CC1=C(SC=N1)CCCl,161.65
10788,CN1CN(C(=S)SC1)C,162.3
10789,C1=CC=C(C(=O)C=C1)O,122.12
10793,C(C(=O)CCl)Cl,126.97
10795,CC(OC)OC,90.12
10797,CC1=CC=CO1,82.10
10800,CC1=CC(=CC(=C1O)[N+](=O)[O-])[N+](=O)[O-],198.13
10811,CC(C)(C)C1=NN=C(S1)NS(=O)(=O)C2=CC=C(C=C2)N,312.4
10824,COC1=CC=CC(=C1)N,123.15
10830,C1CCN(CC1)CC(COC(=O)NC2=CC=CC=C2)OC(=O)NC3=CC=CC=C3.Cl,433.9
10832,C1=CC=C(C=C1)NC2=NC=NC(=N2)N,187.20
10839,CC1CCCCN1CCCOC(=O)C2=CC=C(C=C2)OC3CCCCC3,359.5
10843,CC1=CC(=CC=C1)NC(=O)C,149.19
10850,CCCCCCCC(=O)OCC(COC(=O)CCCCCCC)OC(=O)CCCCCCC,470.7
10855,C1=CC(=CC=C1N)N=NC2=CC=C(C=C2)N,212.25
10866,CCCCCCCCCCCC[N+](C)(C)CCOC1=CC=CC=C1.[Br-],414.5
10867,C1=CC=C(C=C1)CSCC2=CC=CC=C2,214.33
10868,C1CCC(CC1)N=C=NC2CCCCC2,206.33
10870,CC(C)CC1=CC=CC=C1,134.22
10883,CCOC(=O)CCC(=O)C,144.17
10886,CCCCCC(=O)OCCCCC,186.29
10890,CCCCCOC(=O)CCC,158.24
10891,CC1=CC=C(C=C1)N.Cl,143.61
10894,C1=CC(=CC=C1O)I,220.01
10898,C(CBr)O,124.96
10907,CC(C)CC(C)(C)C,114.23
10908,CC(=O)OC(C)(C)C,116.16
10913,C[Si]1(O[Si](O[Si](O[Si](O[Si](O1)(C)C)(C)C)(C)C)(C)C)C,370.77
10914,C[Si]1(O[Si](O[Si](O1)(C)C)(C)C)C,222.46
10921,C[N+](C)(C)CCCCCCCCCC[N+](C)(C)C.[Br-].[Br-],418.3
10928,CCOC(=O)Cl,108.52
10931,CC(=CC(=O)O)C,100.12
10935,C1=CC(=O)NC1=O,97.07
10941,C1=CC(=CC(=C1)N)N.Cl.Cl,181.06
10943,C1=CC(=CC(=C1)Cl)Cl,147.00
10944,CCOC(=O)NC(C(Cl)(Cl)Cl)O,236.48
10949,CC1=NC(=NC(=N1)N)N,125.13
10953,C1CCOC(=O)C1,100.12
10958,CC(C)CON=O,103.12
10963,C(CCl)C#N,89.52
10967,C(OCCl)Cl,114.96
10969,CC(CCCC(C)(C)O)N.Cl,181.70
10976,CCCCCC(C)O,116.20
10982,CC(C)CCCC(C)N,129.24
10989,CC(C)CCOCCC(C)C,158.28
10996,CCCCON=O,103.12
11002,CCCCSCCCC,146.30
11005,CCCCCCCCCCCCCC(=O)O,228.37
11006,CCCCCCCCCCCCCCCC,226.44
11007,CCCCCCCCCCCCCCCCI,352.34
11011,C(#N)C(Cl)(Cl)Cl,144.38
11033,C1=CC(=CC=C1N)S(=O)(=O)NC(=O)N,215.23
11040,CC(C(=O)OC)O,104.10
11043,C1=CC2=C(C(=C(C=C2S(=O)(=O)O)I)O)N=C1,351.12
11057,CN(C)C1=CC=C(C=C1)C(=C2C=CC(=[N+](C)C)C=C2)C3=CC=C(C=C3)N(C)C.[Cl-],408.0
11061,CCN(CC)CCSC(=O)C(C1=CC=CC=C1)C2=CC=CC=C2,327.5
11065,CN(C)CCC=C1C2=CC=CC=C2CCC3=CC=CC=C31.Cl,313.9
11074,CN1C(=O)C2=CC=CC=C2C1=O,161.16
11078,CCCOC1=C(C=CC(=C1)N)C(=O)OCCN(CC)CC.Cl,330.8
11079,C1CN=C(N1)CC2=CC=CC3=CC=CC=C32.Cl,246.73
11080,C1=CC=C2C(=C1)C=CC=C2N=C=S,185.25
11082,CC1([C@@H](N2[C@H](S1)[C@@H](C2=O)N)C(=O)O)C,216.26
11086,CC(=O)C1=CC=CC=C1N,135.16
11087,C1=CC=C(C(=C1)C(=O)O)[N+](=O)[O-],167.12
11088,CC1=CC(=C(C=C1C2=CC(=C(C=C2C)OI)C(C)C)C(C)C)OI,550.2
11089,C1=CC2=C(C=C1C(=O)O)C(=O)OC2=O,192.12
11093,CC1=CC=CC=C1CCl,140.61
11101,C1=CC=C(C(=C1)C=O)[N+](=O)[O-],151.12
11102,CCCCCCCCCCCCCCCC[N+](C)(C)CCN(CC1=CC=C(C=C1)OC)C2=NC=CC=N2.[Br-],591.7
11104,COC1=CC=CC=C1OC(=O)OC2=CC=CC=C2OC,274.27
11107,C1=CN=CC=C1C2=CC=NC=C2,156.18
11112,C1=CC(=CN=C1)C(=O)NN,137.14
11123,C1=CC(=C(C=C1Cl)Cl)N,162.01
11124,CCC(=O)OC,88.11
11137,C1=CC(=CC(=C1)O)[N+](=O)[O-],139.11
11138,C1=C(C=C(C=C1C(=O)O)C(=O)O)C(=O)O,210.14
11147,CCCCCCCCCCCCCCCC(=O)OCC(COC(=O)CCCCCCCCCCCCCCC)OC(=O)CCCCCCCCCCCCCCC,807.3
11164,C1C(O1)CO,74.08
11167,CN=C=S,73.12
11169,C[Si]1(O[Si](O[Si](O[Si](O1)(C)C)(C)C)(C)C)C,296.61
11173,CC(=CCO)C,86.13
11180,CCCCCCCC(=O)[O-].CCCCCCCC(=O)[O-].[Zn+2],351.8
11192,CC(=O)[O-].CC(=O)[O-].[Zn+2],183.5
11210,CC(C)(C)C=C,84.16
11224,CC(C1=CC=CC=C1)(C2=CC=CC=N2)OCCN(C)C.C(CC(=O)O)C(=O)O,388.5
11229,CCC(C)(C)CC,100.20
11230,CC1=CCC(CC1)(C(C)C)O,154.25
11232,CC1=CC(=CC=C1)OP(=O)(OC2=CC=CC(=C2)C)OC3=CC=CC(=C3)C,368.4
11236,C(=O)(N)NN.Cl,111.53
11241,CC(=C)CCl,90.55
11245,CC=C(Cl)Cl,110.97
11247,CC(=O)[O-].[Tl+],263.43
11251,CC(C)C(=O)C,86.13
11262,CCC(C)C(=O)C,100.16
11271,CC(C)C(=O)C(C)C,114.19
11273,C[C@]12CCC(=O)C(=C1CC[C@@H]3[C@@H]2CC[C@]4([C@H]3CCC4=O)C)O,302.4
11288,C1=CC(=C(C(=C1)C(=O)O)C(=O)O)C(=O)O,210.14
11289,COC1=CC=C(C=C1)C(=C(C2=CC=C(C=C2)OC)Cl)C3=CC=C(C=C3)OC,380.9
11292,C1=CC(=N)C=CC1=C(C2=CC=C(C=C2)N)C3=CC=C(C=C3)N.Cl,323.8
11294,CN(C)C1=CC=C(C=C1)C(=C2C=CC(=[N+](C)C)C=C2)C3=CC=CC=C3.[Cl-],364.9
11304,CC1=CC=C(C2=CC=CC=C12)C,156.22
11309,C1=CC=C2C(=C1)C=C(C3=CC=CC=C23)Br,257.12
11310,CC1=C(C2=CC=CC=C2C(=C1)OC(=O)C)OC(=O)C,258.27
11313,C1=CC=C2C(=C1)C(=CC(=C2N)N=NC3=CC=C(C=C3)C4=CC=C(C=C4)N=NC5=C(C6=CC=CC=C6C(=C5)S(=O)(=O)[O-])N)S(=O)(=O)[O-].[Na+].[Na+],696.7
11317,CC1=C(C2=CC=CC=C2C=C1)C,156.22
11328,CC1=CC2=CC=CC(=C2C=C1)C,156.22
11333,C([C@@H]1[C@@H]([C@@H]([C@H]([C@@H](O1)O[C@@H]2[C@H](O[C@@]([C@H]2O)(CO)O)CO)O)O)O)O,342.30
11334,C1=CC(=C(C(=C1)Cl)Cl)O,163.00
11335,CC1=C(C(=CC=C1)C)O,122.16
11345,CC(C)C1=CC=CC=C1C(C)C,162.27
11346,CC(=O)C1=CC=CC=C1[N+](=O)[O-],165.15
11350,C1=CC=C(C=C1)C(CC2=CC(=C(C(=C2)I)O)I)C(=O)O,494.06
11356,CC1=CC(=C(C=C1)[N+](=O)[O-])N,152.15
11357,CCC1=CC=CC=C1N,121.18
11368,CC(COC1=CC=CC=C1)NC(C)C(C2=CC=C(C=C2)O)O.Cl,337.8
11369,CCC1=C(C(=CC=C1)CC)N,149.23
11381,C1=CC=C(C=C1)C2=CC(=CC=C2)O,170.21
11387,CC1=CC2=C(C=C1)C=C(C=C2)C,156.22
11391,C1CN(CC2=CC=CC=C21)C(=N)N.C1CN(CC2=CC=CC=C21)C(=N)N.OS(=O)(=O)O,448.5
11429,CCC(CO)O,90.12
11432,C1=NN=CN1N,84.08
11439,C1CC(=O)NC1=O,99.09
11442,CC1=C(C(=O)CC1OC(=O)C2C(C2(C)C)C=C(C)C)CC=C,302.4
11443,CC1=C(C=C(C=C1)N=C=O)N=C=O,174.16
11450,CC(C)(C)C1=CC(=CC=C1)O,150.22
11463,CC1=CCC(=C(C)C)CC1,136.23
11474,C1=CC=NC(=C1)CO,109.13
11485,C1=CC=C(C=C1)NC(=O)CCl,169.61
11487,C1=CC=C(C=C1)NC2=CC=CC=C2,169.22
11488,C1=CC=C(C=C1)[Hg]C2=CC=CC=C2,354.80
11499,C(CO[N+](=O)[O-])N(CCO[N+](=O)[O-])CCO[N+](=O)[O-],284.18
11505,CC1=CC=C(C=C1)CO,122.16
11507,CCCC(C)CC,100.20
11509,CCCC(=O)CC,100.16
11529,CCCCOC(=O)CC,130.18
11534,C(C#N)Br,119.95
11545,C[N+](C)(C)CC(=O)O.[Cl-],153.61
11548,CC(C[N+](C)(C)C)OC(=O)N.[Cl-],196.67
11552,CC(C)CC=O,86.13
11559,CC1=CCC(=O)O1,98.10
11560,CC1=CC(=CC=C1)Br,171.03
11565,CC1=CC(=CN=C1)C,107.15
11568,C1=CC(=CC(=C1)O)N,109.13
11569,COC1=CC=CC(=C1)C=O,136.15
11571,C1=C(C=C(C=C1Cl)Cl)O,163.00
11579,CC(=O)CCC(=O)O,116.11
11584,CC(=O)OCC=C,100.12
11595,CCCCNC(=O)N,116.16
11597,CCCCC=C,84.16
11598,C=CCCC=C,82.14
11604,C=CCCC#N,81.12
11622,CCCCCCCCCCCC(=O)C,198.34
11650,C(=N)(N)N.C(=N)(N)N.C(=O)(O)O,180.17
11659,C(Cl)(Cl)(Br)Br,242.72
11660,CC(C)(Cl)Cl,112.98
11666,C(SCl)(Cl)(Cl)Cl,185.9
11671,CC(C)(C(=O)O)O,104.10
11673,CC(C)([N+](=O)[O-])Cl,123.54
11674,CC([N+](=O)[O-])(Cl)Cl,143.95
11683,CC1=C[C@@H]2[C@H](CC[C@]3([C@H]2CC[C@@]3(C(=O)C)OC(=O)C)C)[C@@]4(C1=CC(=O)CC4)C,384.5
11684,CCC(C)(C)C(=O)O,116.16
11689,C1=CC=C2C(=C1)C(=O)OC23C4=C(C(=C(C=C4)O)Br)OC5=C3C=CC(=C5Br)O,490.1
11693,C[N+]1(CCC(C1)OC(=O)C(C2CCCC2)(C3=CC=CC=C3)O)C.[Br-],398.3
11696,CCC(CO)(CO)[N+](=O)[O-],149.15
11701,CC(C)(CC(=O)O)C(=O)O,146.14
11722,COC(=O)N,75.07
11728,C[NH2+]C.CN(C)C(=S)[S-],166.3
11729,CC(C(=O)O)Br,152.97
11733,CC(C(Cl)Cl)Cl,147.43
11734,CC(C(=O)O)Cl,108.52
11741,C1=CC(=CC(=C1)S(=O)(=O)C2=CC=CC(=C2)N)N,248.30
11742,CC(C)(C1=CC=CC=C1)C2=CC=C(C=C2)O,212.29
11746,C(C(C(=O)O)Br)Br,231.87
11748,CC(=O)C(=O)OC,102.09
11750,CCC([N+](=O)[O-])Cl,123.54
11761,CC1=C(C(=CC=C1)[N+](=O)[O-])[N+](=O)[O-],182.13
11764,C1=CC2=C(C(=C1)[N+](=O)[O-])C(=CC=C2)[N+](=O)[O-],218.17
11767,C1=CC=C2C(=C1)C=C3C=CC=CC3=C2[N+](=O)[O-],223.23
11769,C1CC2=CC=C(C3=CC=CC1=C23)[N+](=O)[O-],199.20
11774,C1=CC=C(C=C1)[Bi](C2=CC=CC=C2)C3=CC=CC=C3,440.3
11776,C1=CC=C(C=C1)P(C2=CC=CC=C2)C3=CC=CC=C3,262.3
11777,C1=CC=C(C=C1)[Sb](C2=CC=CC=C2)C3=CC=CC=C3,353.1
11783,CC1=C(C=CC=C1[N+](=O)[O-])N,152.15
11796,C1=CC=C2C(=C1)C(=O)C3=C(C2=O)C=C(C=C3)O,224.21
11799,CC(C)OC(=O)C1=CC=CC=C1C(=O)OC(C)C,250.29
11803,C1=CC2=C(C=CC=C2[N+](=O)[O-])C(=C1)[N+](=O)[O-],218.17
11807,CC(C)(CO)N,89.14
11808,CN1C2=C(C(=O)N(C1=O)C)NC(=N2)Br,259.06
11813,CC1=C(C=CC=C1[N+](=O)[O-])[N+](=O)[O-],182.13
11818,C1=CC=C2C(=C1)C=C(C=C2[N+](=O)[O-])[N+](=O)[O-],218.17
11830,C1=CC2=C(C(=C1)[N+](=O)[O-])N=CC=C2,174.16
11831,C1C2=CC=CC=C2C3=C1C=C(C=C3)[N+](=O)[O-],211.22
11843,CC1=C(C=CC=C1O)O,124.14
11850,C([C@H]([C@@H]([C@@H]([C@H](CO)O)O)O)O)O,182.17
11852,C1(=C(C(=C(C(=C1Br)Br)Br)Br)Br)O,488.59
11855,C1=C(C(=C(C(=C1Cl)Cl)Cl)Cl)Cl,250.3
11858,CCOC(=O)C(C(=O)C)Cl,164.59
11859,C1=C(C=C(C(=C1Cl)Cl)Cl)O,197.4
11860,C1=C(C=C(C(=C1Cl)N)Cl)N,177.03
11862,C1=C(C=C(C(=C1I)O)I)I,471.80
11867,C1=CC=C(C(=C1)O)S(=O)(=O)O,174.18
11868,CC1=CC(=C(C=C1)C)S(=O)(=O)O,186.23
11872,CC1=CC(=C(C(=C1)[N+](=O)[O-])O)[N+](=O)[O-],198.13
11875,C1=CC=C(C(=C1)C(=O)Cl)[N+](=O)[O-],185.56
11876,C1=CC=C(C(=C1)C(=O)N)[N+](=O)[O-],166.13
11883,CC1=CC(=C(C=C1)[N+](=O)[O-])[N+](=O)[O-],182.13
11888,C1=CC=C(C(=C1)CC#N)[N+](=O)[O-],162.15
11895,COC(=O)C1=CC=CC=C1Cl,170.59
11899,C1=CC(=C(C=C1Cl)Cl)[N+](=O)[O-],192.00
11903,CCC1=CC=CC=C1C,120.19
11906,C1=CC=C(C(=C1)CCl)Cl,161.03
11907,C1=CC=C(C(=C1)C#N)O,119.12
11909,CC1=CC=CC=C1N=O,121.14
11910,CC1=C2C(=CC=C1)C=CC=N2,143.18
11914,C1=CC=C(C=C1)[C@H](C(=O)O)O,152.15
11919,C1=CC=C(C(=C1)CCl)CCl,175.05
11921,C1=CC=C(C(=C1)CCl)[N+](=O)[O-],171.58
11927,CC1=CC2=C(C=CC=N2)C=C1,143.18
11933,C1=CC(=C(C=C1C2=CC(=C(C=C2)N)Cl)Cl)N.Cl.Cl,326.0
11937,C1=CC=C2C=C3C=C(C=CC3=CC2=C1)N,193.24
11945,C1=CC2=C(C=CC(=C2)[N+](=O)[O-])N=C1,174.16
11954,CNC(=O)C1=CC=CC=C1,135.16
11955,C1=CC=C(C=C1)C(=O)NN,136.15
11957,CN(C1=CC=CC=C1)N=O,136.15
11966,CC(C)(C)OOC(=O)C1=CC=CC=C1,194.23
11972,CC(=O)NC1=CC=CC=C1O,151.16
11983,C1C(=O)CC2=CC=CC=C21,132.16
11987,C1=CC=C2C(=C1)N=C(S2)Cl,169.63
11990,C1=CC=C(C(=C1)N)N.Cl.Cl,181.06
12001,CCOC(=O)N(C)N=O,132.12
12002,C1=CC(=C(C=C1Br)Br)Br,314.80
12008,CC1=CC(=C(C=C1)Cl)O,142.58
12017,CCC(CCl)Cl,127.01
12018,C(C(CCl)Cl)O,128.98
12021,COC(=O)OC,90.08
12025,C1CC(=O)NC1,85.10
12035,CC(=O)N[C@@H](CS)C(=O)O,163.20
12046,CC(CCC(=O)O)C(=O)O,146.14
12051,CCN(CC)C=O,101.15
12053,CC(C)(C1=CC=CC=C1)O,136.19
12059,CC(C)C1=CC(=CC=C1)O,136.19
12062,C1=C(C=C(C=C1N)N)C(=O)O,152.15
12069,C1=C(C=C(C=C1C(=O)O)[N+](=O)[O-])C(=O)O,211.13
12076,C1=CC(=C(C=C1[N+](=O)[O-])N)C(=O)O,182.13
12078,C1=CC(=CC(=C1)[N+](=O)[O-])CCl,171.58
12083,COC(=O)C1=CC=C(C=C1)[N+](=O)[O-],181.15
12087,C1=CC(=CC=C1C#N)C(=O)O,147.13
12088,C1=CC(=CC=C1C=O)C(=O)O,150.13
12089,C1=CC(=CC=C1C(=O)O)NN,152.15
12091,C1=CC(=CC=C1C(=O)N)[N+](=O)[O-],166.13
12100,CCC1=CC=CC(=C1)C,120.19
12101,CCC1=CC(=CC=C1)O,122.16
12103,C1=CC(=CC(=C1)Cl)CCl,161.03
12104,CC1=CC(=CC=C1)C#N,117.15
12111,C1=CC(=CC=C1CC2=CC=C(C=C2)O)O,200.23
12113,CCOC1=CC=C(C=C1)NC(=NC2=CC=C(C=C2)OCC)C.Cl,334.8
12120,CCOC1=CC=CC(=C1)N,137.18
12124,CC(=O)NC1=CC(=CC=C1)O,151.16
12127,COC1=C(C=C(C=C1)C=O)O,152.15
12130,CCCN(CCC)N=O,130.19
12146,CC(=O)OC1CCCCC1,142.20
12148,CC1=CC=C(C=C1)NC(=O)N,150.18
12150,CCOC1=CC=C(C=C1)O,138.16
12160,CCC1=CC=C(C=C1)C,120.19
12161,CC1=CC=C(C=C1)C=C,118.18
12163,C1=CC(=CC=C1C#N)Cl,137.56
12164,C1=CC(=CC=C1O)[Hg]Cl,329.15
12170,CC(=O)OCC1=CC=CO1,140.14
12180,CCCC(=O)OC,102.13
12185,CCOC(=O)CS,120.17
12198,CC(COC(=O)C)OC(=O)C,160.17
12205,C1=CC(=CC=C1N)N.Cl.Cl,181.06
12209,CCC(C)COC(=O)C,130.18
12228,CN=C=O,57.05
12232,CSSC,94.20
12244,CC(C)CC#N,83.13
12251,COCC(=O)O,90.08
12252,C(CO)[N+](=O)[O-],91.07
12257,CC(C)OC=O,88.11
12262,CC(CC(C)O)O,104.15
12266,CC1=CC=C(O1)C,96.13
12276,C1=CC(=CC(=C1)C#N)C#N,128.13
12279,C1=C(C=C(C=C1Br)Br)Br,314.80
12281,C1=C(C=C(C=C1Cl)Cl)N,162.01
12283,CC1=CC(=O)NC(=O)N1,126.11
12287,C1=CC(=CN=C1)Cl,113.54
12290,C1=CNC=CC1=O,95.10
12296,CC(C)CCCO,102.17
12301,CCOCC(=O)O,104.10
12302,CCCC[N+](=O)[O-],103.12
12308,C(CO)CBr,138.99
12313,C(CO)CCl,94.54
12328,COC(=O)CCCCC(=O)O,160.17
12329,COC(=O)CCCCC(=O)OC,174.19
12332,CCCCCC(=O)N,115.17
12342,C(=O)NNC=O,88.07
12344,CC(C)CCCC(=O)O,130.18
12348,CCCCCOC(=O)C,130.18
12355,CCCCOCC,102.17
12364,C(CCC(=O)N)CC(=O)N,144.17
12366,CCCCCCCCCCCCCCCC(=O)OCC,284.5
12368,C(CCCBr)CCBr,243.97
12372,CCCCCCC#N,111.18
12374,C(CCCO)CCO,118.17
12375,CCOCCOCC,118.17
12377,CCCSSCCC,150.3
12388,CCCCCCCCCCCCC,184.36
12389,CCCCCCCCCCCCCC,198.39
12391,CCCCCCCCCCCCCCC,212.41
12394,CCCCCCCCCCCCCCCBr,291.31
12395,CCCCCCCCCCCCCCC=C,224.42
12397,CCCCCCCCCCCCCCCO,228.41
12398,CCCCCCCCCCCCCCCCC,240.5
12418,C(C(Cl)(Cl)Cl)Cl,167.8
12433,C(C(=O)O)(Br)Br,217.84
12443,C12=C(C(=C(C(=C1Br)Br)Br)Br)C(=O)OC2=O,463.70
12447,CC1=CC(=C(C2=CC=C(C=C2)N)C3=CC=C(C=C3)N)C=CC1=N.Cl,337.8
12449,CCN(CC)C1=CC=C(C=C1)C(=C2C=CC(=[N+](CC)CC)C=C2)C3=CC=CC=C3.OS(=O)(=O)[O-],482.6
12456,COC1=C(C2=C[N+]3=C(C=C2C=C1)C4=CC5=C(C=C4CC3)OCO5)OC.[Cl-],371.8
12463,C1=CC(=C(C(=C1Cl)Cl)Cl)Cl,215.9
12468,C1=C(C=C(C(=C1Cl)Cl)Cl)Cl,215.9
12471,C1=C(C=C(C(=C1Cl)N)Cl)Cl,196.5
12477,C1=CC(=C(C=C1N)[N+](=O)[O-])Cl,172.57
12478,COC1=CC(=CC(=C1OC)OC)C(=O)N2CCOCC2,281.30
12484,CC1=CC=CC=C1N.Cl,143.61
12512,CCOC(C)(C)C,102.17
12525,CC(=O)[O-].CC(=O)[O-].[Mn+2],173.03
12527,CCCCCCI,212.07
12530,CCCCCCCCCCCCC(=O)O,214.34
12532,CCCCCCCCCCCCCCCCCC#N,265.5
12540,C1=CC=C(C=C1)[Sn](C2=CC=CC=C2)(C3=CC=CC=C3)Cl,385.5
12542,C(C(=O)N)F,77.06
12560,CC[C@@H]1[C@@]([C@@H]([C@H](C(=O)[C@@H](C[C@@]([C@@H]([C@H]([C@@H]([C@H](C(=O)O1)C)O[C@H]2C[C@@]([C@H]([C@@H](O2)C)O)(C)OC)C)O[C@H]3[C@@H]([C@H](C[C@H](O3)C)N(C)C)O)(C)O)C)C)O)(C)O,733.9
12561,CC(C)C1=CC=CC=C1N,135.21
12566,CC1=CC=C(C=C1)C2=CC=CC=C2,168.23
12570,CCCC1=CC=CC=C1O,136.19
12572,CC1=CC(=NN1C(=O)N(C)C)OC(=O)N(C)C,240.26
12573,C1=CC=C(C=C1)P(Cl)Cl,178.98
12574,C1=CC(=CC(=C1)I)[N+](=O)[O-],249.01
12576,C1=CC(=CC(=C1)[N+](=O)[O-])C(=O)N,166.13
12580,CCCC1=CC=C(C=C1)O,136.19
12586,C1COCO1,74.08
12589,CCCCCC[N+](=O)[O-],131.17
12597,C1[C@H]([C@@H]2[C@H](O1)[C@H](CO2)O)O,146.14
12613,CC(C)CCOC(=O)CC(C)C,172.26
12620,CCCCCCCCCCCCCCCCCCCCCCO,326.6
12628,CC1=CC=C(C=C1)S(=O)(=O)NC(=O)NC2CCCCC2,296.39
12629,CCCCCCCCCCCCCCCCC(C(=O)O)C(CC(=O)O)(C(=O)O)O,416.5
12635,C(#N)C(=C(C#N)C#N)C#N,128.09
12675,C(C(C(F)(F)F)(F)F)(C(C(F)(F)F)(F)F)(F)F,288.03
12679,CN(C)P(=O)(N(C)C)N(C)C,179.20
12681,CC(C)(CCC(=O)O)C(=O)O,160.17
12682,CO[Si](OC)(OC)OC,152.22
12688,CCCC[Sn](CCCC)(Cl)Cl,303.84
12694,C(C(=O)N)(Cl)Cl,127.95
12699,CN(C(=O)N)N=O,103.08
12703,CCN(CC)C(=O)C,115.17
12713,CCCCC(CC)COC(=O)C(=C)C,198.30
12715,CCC(C)NC(=O)N,116.16
12729,CCOC(=O)CCCCCCCCC=C,212.33
12733,CCSCCCl,124.63
12734,CC(C)N=C=NC(C)C,126.20
12736,C(CCCCCC(=O)O)CCCCC(=O)O,230.30
12741,CCCCCCCCC(=O)C,156.26
12742,CCCCCCCCCBr,207.15
12744,CCCCCCCCCCCBr,235.20
12748,CC1=CSC=N1,99.16
12749,CC1=NC=CN1,82.10
12756,CCC1CCC(=O)O1,114.14
12769,CC1=CC(=C(C(=C1)O)C)C,136.19
12777,CCCC1CCCC(=O)O1,142.20
12785,CC1=CC(=C(C(=C1O)C)C)O,152.19
12793,C1=CC=C(C=C1)OP(=O)(O)O,174.09
12810,CCCCCC1CCCC(=O)O1,170.25
12813,CCCCCCC1CCC(=O)O1,170.25
12837,C1CCC(CC1)C(=O)C2=CC=CC=C2,188.26
12855,C1=CC=C(C=C1)C2=NC3=CC=CC=C3N2,194.23
12860,CC(C)C1=CC(=CC(=C1)C(C)C)C(C)C,204.35
12867,CC(C)(C)C1=CC(=O)C=C(C1=O)C(C)(C)C,220.31
12868,C1(=C(C(=C(C(=C1Cl)Cl)C(=O)Cl)Cl)Cl)C(=O)Cl,340.8
12870,C1=CC=C(C=C1)C(=O)C2=C(C=CC(=C2)Cl)N,231.68
12898,CC1=CC=C(C=C1)N(SC(F)(Cl)Cl)S(=O)(=O)N(C)C,347.3
12901,COP(=S)(OC)SCN1C(=O)C2=CC=CC=C2C1=O,317.3
12902,CC(C)(C)C1=CC(=C(C(=C1)C(C)(C)C)O)C(C)(C)C,262.4
12932,CC(C)OP(=S)(OC(C)C)SCCNS(=O)(=O)C1=CC=CC=C1,397.5
12938,CCC1(C(=O)NC(=O)N(C1=O)C(=O)C2=CC=CC=C2)C3=CC=CC=C3,336.3
12947,CCN(CCCC(C)NC1=C2C=CC(=CC2=NC=C1)Cl)CCO.OS(=O)(=O)O,434.0
12955,C[Sn](C)(Cl)Cl,219.68
12958,COP(=O)(C)OC,124.08
12967,CCN(C(=O)N)N=O,117.11
12968,CCCN(CCC)C(=O)SCC,189.32
12971,C=CC(CCl)Cl,124.99
12977,CCOP(O)OCC,138.10
12988,CC(=C)CCO,86.13
12989,CCOCCC(=O)OCC,146.18
12998,C=COCCOCCOC=C,158.19
13000,CCCCCCCCCCCCCBr,263.26
13019,C1=CC(=CC=C1C#N)O,119.12
13032,CC(C)NC1=CC=CC=C1,135.21
13050,CCOC(=O)C(C1=CC=CC=C1)O,180.20
13065,CC(C)(C1=CC=CC=C1)C2=CC=CC=C2,196.29
13075,CCO[Si](C1=CC=CC=C1)(OCC)OCC,240.37
13081,CCOP(=S)(OCC)SCSC1=CC=C(C=C1)Cl,342.9
13086,CC1=C(C(=CC=C1)C)NC(=O)C2=CC=C(C=C2)N,240.30
13089,C1=CC=C(C(=C1)C(C2=CC=C(C=C2)Cl)C(Cl)(Cl)Cl)Cl,354.5
13097,C1=CC=C(C=C1)P(=O)(C2=CC=CC=C2)C3=CC=CC=C3,278.3
13101,CC(C)CC(C)NC1=CC=C(C=C1)NC2=CC=CC=C2,268.4
13109,CC[C@]12CC[C@H]3[C@H]([C@@H]1CC[C@]2(C#C)O)CCC4=CC(=O)CC[C@H]34,312.4
13113,CCN(CC)CCC(=O)N1C2=CC=CC=C2SC3=C1C=C(C=C3)Cl,360.9
13134,COP(=O)(O)OC,126.05
13144,CC(C(=O)[O-])O.CC(C(=O)[O-])O.[Ca+2],218.22
13150,CC(C)(C)C(=O)C(=O)O,130.14
13165,C=CC(=O)OCCO,116.11
13166,CCCCCC(C#C)O,126.20
13187,CCCCCCCC(=O)C,142.24
13192,C(CCCN=C=O)CCN=C=O,168.19
13195,CC1=CN=CN1,82.10
13203,C1CCC(=O)C(C1)Cl,132.59
13205,CC1=C(C=CC=C1N)N,122.17
13214,C1=CC(=CC=C1[N+](=O)[O-])[O-].[Na+],161.09
13220,CC1(CC(=O)CC(N1)(C)C)C,155.24
13223,C1C2C=CC1C3C2C(=O)OC3=O,164.16
13231,C1=C(C=C(C(=C1Br)N)Br)[N+](=O)[O-],295.92
13232,CC1CC(OC(O1)C)OC(=O)C,174.19
13233,CC1(SC(SC(S1)(C)C)(C)C)C,222.4
13246,C1CCCCCC(=O)CCCCC1,182.30
13254,C1=CC=C(C=C1)OC2=CC=C(C=C2)O,186.21
13257,CC1=C2C=CC3=CC=CC=C3C2=CC=C1,192.25
13263,CCNC1=NC(=NC(=N1)SC)NC(C)C,227.33
13266,C1=CC=C(C=C1)CCN=C(N)N=C(N)N.Cl,241.72
13271,C1=CC=C(C=C1)NC2=CC=C(C=C2)[N+](=O)[O-],214.22
13282,C1=CC=C(C=C1)OP(=O)(O)OC2=CC=CC=C2,250.19
13283,CC1=C(C=CC(=C1)CC2=CC(=C(C=C2)N)C)N,226.32
13286,C(CO)N1C(=O)N(C(=O)N(C1=O)CCO)CCO,261.23
13297,C1=CC=C(C=C1)N=NC2=C(C=CC3=CC=CC=C32)O,248.28
13345,CCOC(=O)CP(=O)(OCC)OCC,224.19
13357,CCC(C)C(=O)OC,116.16
13360,CC(=C)C(=O)OCCO,130.14
13363,CCN(CC)CCCl.Cl,172.09
13381,CCCCCCCCC=C,140.27
13382,CCCCCSCCCCC,174.35
13387,CN1CCCC1=O,99.13
13391,C1=CC=C(C(=C1)C#N)Cl,137.56
13398,CC1CC(=O)CC(C1)(C)C,140.22
13400,CC(=O)C1CCCCC1=O,140.18
13404,C1=CC(=C(C=C1Cl)Cl)C=O,175.01
13405,CC1=CC=C(C=C1)C(=O)Cl,154.59
13428,C1=C(C(=C(C(=C1Cl)Cl)Cl)Cl)[N+](=O)[O-],260.9
13432,CC1=C(C2=CC=CC=C2C=C1)[N+](=O)[O-],187.19
13436,C1=CC=C(C=C1)SSC2=CC=CC=C2,218.3
13450,CCNC1=NC(=NC(=N1)SC)NC(C)(C)C,241.36
13493,CCN(CC)CCN1C2=C(C=C(C=C2)[N+](=O)[O-])N=C1CC3=CC=C(C=C3)OCC,396.5
13506,C1=CC=C2C(=C1)C(=CC=C2S(=O)(=O)[O-])N=NC3=C4C=CC(=CC4=CC(=C3O)S(=O)(=O)[O-])S(=O)(=O)[O-].[Na+].[Na+].[Na+],604.5
13514,CC(=O)C(Cl)(Cl)Cl,161.41
13521,CCO[Si](CCCN)(OCC)OCC,221.37
13522,CCO[Si](CCC#N)(OCC)OCC,217.34
13530,C(C(=O)C(Cl)Cl)Cl,161.41
13539,CC(COC(=O)C(=C)C)O,144.17
13542,CCCCN(CCCC)N=O,158.24
13551,CC(C)OS(=O)(=O)C,138.19
13563,CCCCN(C)C,101.19
13578,C(COCCO)N,105.14
13583,CCCCCCCCCCCCN,185.35
13586,C=CC1CO1,70.09
13591,C1CCN(C1)N=O,100.12
13594,C1CC=CC(=O)C1,96.13
13610,C1CCC(CC1)(C#N)O,125.17
13613,C1CCCN(CC1)N=O,128.17
13617,CC1(C(=O)C(C1=O)(C)C)C,140.18
13618,C1=CC(=C(C(=C1Cl)O)Cl)Cl,197.4
13619,C1=C(C=C(C(=C1O)Cl)Cl)Cl,197.4
13622,COC1=CC=CC(=C1O)O,140.14
13624,C1=CC=C2C(=C1)NC(=N2)N,133.15
13636,C1=C(C(=C(C(=C1Cl)Cl)O)Cl)Cl,231.9
13654,CC(C)OC(=O)C1=CC=CC=C1,164.20
13662,C1=CC=C(C=C1)N2C(=O)C=CC2=O,173.17
13671,CN(C1=CC=C(C=C1)[N+](=O)[O-])N=O,181.15
13676,CCOP(=S)(CC)SC1=CC=CC=C1,246.3
13689,CCOP(=O)(N=C1SCCS1)OCC,255.3
13690,C1CCCCCC(=O)NCCCCC1,197.32
13708,COP(=O)(OC)OC1=CC=C(C=C1)[N+](=O)[O-],247.14
13709,COC1=NN(C(=O)S1)CSP(=S)(OC)OC,302.3
13728,CN(C)C(=O)C(C1=CC=CC=C1)C2=CC=CC=C2,239.31
13754,CCOP(=O)(OCC)OC1=NC(=NC(=C1)C)C(C)C,288.28
13755,CCOC1=NN=C(C=C1)NS(=O)(=O)C2=CC=C(C=C2)N,294.33
13756,C1C(=O)N=C2C=CC(=CC2=C(N1O)C3=CC=CC=C3)Cl,286.71
13758,CC1=CC(=C(C=C1OC(=O)C)C(C)C)OCC[NH+](C)C.[Cl-],315.83
13765,CC[C@@]1(CC[C@@H]2[C@@]1(CC[C@H]3[C@H]2CCC4=CCCC[C@H]34)C)O,288.5
13769,C[C@]12CC[C@H]3[C@H]([C@@H]1CCC(=O)O2)CCC4=CC(=O)C=C[C@]34C,300.4
13783,CCC(C)C1=C(C(=CC(=C1)[N+](=O)[O-])[N+](=O)[O-])OC(=O)OC(C)C,326.30
13789,C[C@]12CCC(=O)C=C1C=C[C@@H]3[C@@H]2CC[C@]4([C@H]3CC[C@@]45CCC(=O)O5)C,340.5
13791,CCCCC(=O)O[C@H]1CC[C@@H]2[C@@]1(CC[C@H]3[C@H]2CCC4=C3C=CC(=C4)O)C,356.5
13806,CCNC1=CC2=C(C=C1C)C(=C3C=C(C(=[NH+]CC)C=C3O2)C)C4=CC=CC=C4C(=O)OCC.[Cl-],479.0
13816,CC1=C(C=CC(=C1)C2=CC(=C(C=C2)N=NC3=C(C4=CC=CC=C4C(=C3)S(=O)(=O)[O-])N)C)N=NC5=C(C6=CC=CC=C6C(=C5)S(=O)(=O)[O-])N.[Na+].[Na+],724.7
13831,CCCCP(CCCC)CCCC,202.32
13836,C[N+](C)(C)CCCl.[Cl-],158.07
13838,C[Si](C)(C)N[Si](C)(C)C,161.39
13848,CCCCCCCCCCCl,176.72
13849,CCCCCCCCCCCCCCC(=O)O,242.40
13878,CCNC1=NC(=NC(=N1)N)Cl,173.60
13883,C1=CC=C(C(=C1)C2=NN=CO2)O,162.15
13888,CC(=O)C1=CC=C(C=C1)C(=O)C,162.18
13905,CCNC1=NC(=NC(=N1)SC)NCC,213.31
13916,C1=CC(=C(C(=C1)Cl)[N+](=O)[O-])C2=CNC=C2Cl,257.07
13931,C=CCN1C(=O)N(C(=O)N(C1=O)CC=C)CC=C,249.27
13940,C1C2C(COS(=O)(=O)O1)C3(C(=C(C2(C3(Cl)Cl)Cl)Cl)Cl)Cl,422.9
13953,CC1=CC=C(C=C1)S(=O)(=O)NC(=O)NC2CCCCCCC2,324.4
13985,CCCCCCOC1=CC=C(C2=CC=CC=C21)C(=N)N(CCCC)CCCC.Cl,419.0
14012,CC(=O)[O-].CC(=O)[O-].CC(=O)[O-].[Cr+3],229.13
14025,COCCO[Si](C=C)(OCCOC)OCCOC,280.39
14050,CCCCC(CC)COP(=O)(O)O,210.21
14051,CC[C@@H](CO)NCCN[C@@H](CC)CO.Cl.Cl,277.23
14075,C1COS(=O)(=O)O1,124.12
14079,CC(=O)C1=CC=CN1,109.13
14090,C1=CC=C(C=C1)C(=O)C=O,134.13
14104,CC1=CC(=C(C=C1)C(C)C)OC,164.24
14106,C1CC(CCC1C(=O)O)C(=O)O,172.18
14112,COC1=CC2=C(C=C1)C(=O)CCC2,176.21
14127,CCCCCCOC(=O)C1=CC=C(C=C1)O,222.28
14130,CCOC1=CC=C(C=C1)NC(=O)CC(C)O,223.27
14138,CCCCCCCOC(=O)C1=CC=C(C=C1)O,236.31
14145,CN(C)S(=O)(=O)N(C1=CC=CC=C1)SC(F)(Cl)Cl,333.2
14184,CCC(=O)C(CC(C)N(C)C)(C1=CC=CC=C1)C2=CC=CC=C2.Cl,345.9
14210,CNC(=O)CSP(=O)(OC)OC,213.19
14215,CCCCN(CC)C(=O)SCCC,203.35
14218,CC(C)(CO)COC(=O)C(C)(C)CO,204.26
14219,CN(C)C(=N)N=C(N)N.Cl,165.62
14220,C[S+](C)CCC(C(=O)O)N.[Cl-],199.70
14223,C(CO)N(CCO)N=O,134.13
14228,CCCCCCCC(=O)OCCCCCC,228.37
14231,CCCCCCC(CO)O,146.23
14233,CC(C)(C)NC(=O)N,116.16
14235,CC(=O)OC(C)(C)CCCC(=C)C=C,196.29
14236,CCCC[Sn](Cl)(Cl)Cl,282.2
14240,CCCCCCCC(=O)N(C)C,171.28
14242,COC(=O)CCCC(=O)OC,160.17
14249,CCCCCCCCCCCC[N+](C)(C)C.[Br-],308.34
14250,CCCCCCCCCCCCCC[N+](C)(C)C.[Br-],336.4
14257,CCCCCCCCCCC,156.31
14260,CCCCCCCCCCCCC=C,196.37
14264,C1COS(=O)(=O)C1,122.15
14275,CC1=NC=C(C=C1)O,109.13
14276,C1CCCNCCC1,113.20
14284,CN(C)C1=CC=NC=C1,122.17
14286,CC(=O)C1=CC=CC=N1,121.14
14295,CC(CO)C1=CC=CC=C1,136.19
14296,CC1=C(N=C(C(=N1)C)C)C,136.19
14300,C1=C[N+](=CC=C1[N+](=O)[O-])[O-],140.10
14310,CCCCNC1=CC=CC=C1,149.23
14337,CCN(C1CCCCC1)C(=O)SCC,215.36
14347,C1=CC=C(C=C1)C(=O)C2=CC=C(C=C2)O,198.22
14357,C1=CC2=C(C=CC(=C2)C(=O)O)C=C1C(=O)O,216.19
14369,C1=CC=C2C(=C1)C(=O)C(C2=O)C3=CC=C(C=C3)Br,301.13
14385,C1=CC(=C(C=C1NC(=O)C2=C(C(=CC(=C2)Cl)Cl)O)Cl)Cl,351.0
14410,C1(=C(C(=C(C(=C1Br)Br)Br)Br)Br)OC2=C(C(=C(C(=C2Br)Br)Br)Br)Br,959.2
14425,CCCCCCCCCCCCOC(=O)C1=CC(=C(C(=C1)O)O)O,338.4
14456,CO[Si](C)(OC)OC,136.22
14465,CCN(CC)C(=O)N(CC)CC,172.27
14489,CC(=CCOC(=O)C)C,128.17
14493,C(CCCCS)CCCS,178.4
14500,C1CCC(=NO)C1,99.13
14503,C1(=C(SSC1=O)Cl)Cl,187.1
14511,CC1=CC(=O)CCC1,110.15
14520,CC(=O)NC1CCSC1=O,159.21
14525,CC1(C2CCC(C2)(C1=O)C)C,152.23
14529,CC1=CC=C(C=C1)C(C)(C)O,150.22
14569,CC1=CC(=CC=C1)NC2=CC=CC=C2,183.25
14586,C1=CC=C2C(=C1)C=C3C=CC=CC3=C2C#N,203.24
14589,C1CC2=CC=CC=C2C(=O)C3=CC=CC=C31,208.25
14604,CCN(CC)S(=O)(=O)C1=CC=C(C=C1)C(=O)O,257.31
14642,CCCCCCCCOC(=O)C1=CC=C(C=C1)O,250.33
14652,CS(=O)(=O)C1=CC=C(C=C1)C2=CN3C=CC=CC3=N2,272.32
14668,CC(CN1C2=CC=CC=C2SC3=C1N=CC=C3)N(C)C.Cl,321.9
14676,CN1CCC(C1)CN2C3=CC=CC=C3SC4=CC=CC=C42.Cl,332.9
14708,C[C@]12CC[C@H]3[C@H]([C@@H]1CC[C@]2(C)O)CC[C@@H]4[C@@]3(CC5=NON=C5C4)C,330.5
14709,CC(=O)O[C@H]1CC[C@@]2([C@H]3CC[C@]4([C@H]([C@@H]3CC=C2C1)CCC4=O)C)C,330.5
14710,CC[N+]1=C2C=C(C=CC2=C3C=CC(=CC3=C1C4=CC=CC=C4)N)N.[Br-],394.3
14716,CCCCC(CC)COP(=O)(OC1=CC=CC=C1)OC2=CC=CC=C2,362.4
14743,C[C@]12CC[C@H]3[C@H]([C@@H]1CC[C@@H]2OC(=O)CCC4=CC=CC=C4)CCC5=CC(=O)CC[C@]35C,420.6
14759,CCCCCC1=C(C=C(C=C1)C)O,178.27
14776,O=[Bi]O[Bi]=O,465.959
14782,O=[Cd],128.41
14802,O=[Mo](=O)=O,143.95
14842,CC1=C(C=CC(=C1)OCCOCC[N+](C)(C)CC2=CC=CC=C2)C(C)(C)CC(C)(C)C.[Cl-],462.1
14855,CC1=C(C=CC(=C1)Cl)O,142.58
14866,CCCCOCCOC(=O)C1=CN=CC=C1,223.27
14868,C1=CC(=CC=C1NC(=O)C2=C(C(=CC(=C2)Br)Br)O)Br,449.92
14869,C1=CC=C(C=C1)NC(=O)C2=C(C=CC(=C2)Cl)O,247.67
14871,CCCCCCCCCCCC(=O)OCC(CO)O,274.40
14878,CCCCCCCCCCCCCCCCCC(=O)OCC(C)O,342.6
14888,[O-2].[O-2].[O-2].[As+3].[As+3],197.841
14895,C1=CC(=CC(=C1)S(=O)(=O)NCCNS(=O)(=O)C2=CC=CC(=C2)[N+](=O)[O-])[N+](=O)[O-],430.4
14896,CC1(C2CCC(=C)C1C2)C,136.23
14899,CC(C)CCCCCCCOC(=O)C=C,212.33
14982,C[C@]12CC[C@](C[C@H]1C3=CC(=O)[C@@H]4[C@]5(CC[C@@H](C([C@@H]5CC[C@]4([C@@]3(CC2)C)C)(C)C)O[C@@H]6[C@@H]([C@H]([C@@H]([C@H](O6)C(=O)O)O)O)O[C@H]7[C@@H]([C@H]([C@@H]([C@H](O7)C(=O)O)O)O)O)C)(C)C(=O)O,822.9
14985,CC1=C(C2=C(CC[C@@](O2)(C)CCC[C@H](C)CCC[C@H](C)CCCC(C)C)C(=C1O)C)C,430.7
14994,CC(C)(C)C1=C(C(=CC(=C1)[N+](=O)[O-])[N+](=O)[O-])O,240.21
15004,CCCOC(=O)CC1=CC(=C(C=C1)OCC(=O)N(CC)CC)OC,337.4
15008,CCCC(=O)C1=CC(=C(C=C1O)O)O,196.20
15032,CC(=O)[C@H]1[C@@H](C[C@@H]2[C@@]1(CC[C@H]3[C@H]2CC=C4[C@@]3(CC[C@@H](C4)O)C)C)C#N,341.5
15037,C1=CN(C=C1)CC2=CC=CO2,147.17
15046,C1CCC(C(C1)C2=CC=CC=C2)O,176.25
15050,CC(OC)(OC)OC,120.15
15069,C1=C(N=CS1)C#N,110.14
15074,C1=CN=CC=C1C(=O)N,122.12
15076,CCCCCCCCCCCCCCCCCO,256.5
15078,C1(=NC(=NN1)N)N,99.10
15088,COC(=O)C1=CC(=CC=C1)C(=O)OC,194.18
15096,CCCC[Sn](CCCC)(CCCC)Cl,325.50
15098,CCCC[Sn](CCCC)(CCCC)CCCC,347.2
15103,C[Se]CCC(C(=O)O)N,196.12
15106,C1=CC=C2C(=C1)C=CC=C2NCCN.Cl.Cl,259.17
15109,COC1=C(C(=CC=C1)OC)C(=O)O,182.17
15118,C1CC2=C(C1)C=C(C=C2)O,134.17
15132,CC1=C2C(=CC=C1)SC(=N2)N,164.23
15133,C1=CC(=CC(=C1)CN)CN,136.19
15139,COC1=CC=CC=C1N2CCN(CC2)CCCC(=O)C3=CC=C(C=C3)F,356.4
15144,C1CCNC(C1)CCO,129.20
15158,CCOP(=O)(Cl)Cl,162.94
15165,CC(C12CC3CC(C1)CC(C3)C2)N.Cl,215.76
15206,C(C(CBr)(CBr)CBr)O,324.84
15209,C[C@]12CCC(=O)C=C1[C@H](C[C@@H]3[C@@H]2[C@H](C[C@]4([C@H]3C[C@@H]5[C@]4(OC(O5)(C)C)C(=O)CO)C)O)F,436.5
15232,CC1([C@@H](N2[C@H](S1)[C@@H](C2=O)NC(=O)CC3=CC=CC=C3)C(=O)O)C.CC1([C@@H](N2[C@H](S1)[C@@H](C2=O)NC(=O)CC3=CC=CC=C3)C(=O)O)C.C1=CC=C(C=C1)CNCCNCC2=CC=CC=C2,909.1
15250,CC(C)CC1=CC=C(C=C1)CC(=O)O,192.25
15260,CCCCC(CC)COCCO,174.28
15277,COC1=CC=C(C=C1)N=[N+](C2=CC=C(C=C2)OC)[O-],258.27
15278,CC1(CC2=C(O1)C(=CC=C2)O)C,164.20
15284,CC(=C)C(=O)OCC(COC1=CC=C(C=C1)C(C)(C)C2=CC=C(C=C2)OCC(COC(=O)C(=C)C)O)O,512.6
15286,CCCOCC(C)O,118.17
15287,CCOCC(C)O,104.15
15290,C1CCC(CC1)S,116.23
15294,COC(=O)C1=CC=C(C=C1)C=O,164.16
15295,C1=CC=C(C=C1)P(=O)(O)O,158.09
15313,CCC1=CC=C(C=C1)Br,185.06
15325,C1=CC(=C(C=C1[N+](=O)[O-])[N+](=O)[O-])SC#N,225.18
15331,CN(C)NC(=O)CCC(=O)O,160.17
15337,CC(=O)[O-].CC(=O)[O-].[Hg+2],318.68
15348,CC1=CN=C(C=C1)N,108.14
15359,CCNC1=NC(=NC(=N1)OC)NC(C)C,211.26
15365,CCCCCCCCCCCCCCCCCCN(C)C,297.6
15376,CC[C@@]12CCCN3[C@@H]1C4=C(CC3)C5=CC=CC=C5N4[C@](C2)(C(=O)OC)O,354.4
15387,CC1CCN(CC1)CCCC(=O)C2=CC=C(C=C2)F,263.35
15394,CCC(=O)C=C,84.12
15406,CC1(C2CCC(C2)(C1O)C)C,154.25
15407,C(=O)([O-])[O-].[Sr+2],147.63
15412,CCCCN(CCCC)C(=S)SSC(=S)N(CCCC)CCCC,408.8
15413,CC(C)(C)OC,88.15
15415,CCOC(=O)CC(C(=O)OCC)SP(=O)(OC)OC,314.29
15420,CCCCC1=CC=C(C=C1)O,150.22
15424,CCC(=O)O[C@](CC1=CC=CC=C1)(C2=CC=CC=C2)[C@H](C)CN(C)C.Cl,375.9
15427,CC1=NC2=CC=CC=C2C1(C)C,159.23
15432,CCN(CC)C(=O)N1CCN(CC1)C.C(C(=O)O)C(CC(=O)O)(C(=O)O)O,391.42
15439,C=CCCCCCCC=C,138.25
15443,C1CN(CCN1CCCC(=O)C2=CC=C(C=C2)F)C3=CC=CC=N3,327.4
15452,C(COCCC#N)C#N,124.14
15458,CC(C)(C)OC(=O)C=C,128.17
15459,CC1=CC(=CC(=C1)OCC2CNC(=O)O2)C,221.25
15466,CC1=NC(=NC(=N1)OC)N,140.14
15478,C[C@]12CC[C@@H](C[C@H]1CC[C@@H]3[C@@H]2C[C@H]([C@]4([C@@]3(CC[C@@H]4C5=CC(=O)OC5)O)C)O)O,390.5
15504,CCC1CCCCC1,112.21
15510,C1CCC(C1)S,102.20
15512,C1CC(CC=C1)CO,112.17
15513,COC(=O)C1=CC=C(C=C1)C(=O)O,180.16
15529,C1=CC=C(C=C1)N=NC2=CC=C(C=C2)O,198.22
15530,C1=C(C=C(C(=C1I)O)I)C#N,370.91
15531,C1=C(C=C(C(=C1Br)O)Br)C#N,276.91
15533,CCCCCCCC(=O)OC1=C(C=C(C=C1Br)C#N)Br,403.11
15538,CC(=O)CC(=O)OC(C)(C)C,158.19
15546,C1=CC=C(C=C1)N2C(=O)C(=C(C=N2)N)Cl,221.64
15553,C1=CC(=NC(=C1Cl)C(=O)O)Cl,192.00
15560,C(C(C(CC(=O)O)C(=O)O)C(=O)O)C(=O)O,234.16
15568,C1=CN=CC=C1C(=O)NNCNNC(=O)C2=CC=NC=C2,286.29
15580,CC(C)COC(=O)COC1=C(C=C(C=C1)Cl)Cl,277.14
15583,C1C(C2(C(=C(C1(C2(Cl)Cl)Cl)Cl)Cl)Cl)CBr,393.7
15588,C1=CC(=CC=C1N=NC2=CC(=C(C=C2)O)C(=O)O)[N+](=O)[O-],287.23
15595,C1CCCCCC(CCCCC1)O,184.32
15600,CCCCCCCCCC,142.28
15612,COC(=O)CCCCCCCC(=O)OC,216.27
15615,CN(C)CCC#N,98.15
15624,C=CCC1=CC=CC=C1O,134.17
15625,C1=C2C(=CC(=C1Cl)Cl)OC3=CC(=C(C=C3O2)Cl)Cl,322.0
15627,CC(C)(C)C1=CC=C(C=C1)C=C,160.25
15629,CN(C(=O)NC1=CC=C(C=C1)Cl)OC,214.65
15630,COC1=CC2=C(C=C1)N=C(S2)N,180.23
15659,CO[Si](CCCNCCN)(OC)OC,222.36
15660,C1CC(CCC1CC2CCC(CC2)N)N,210.36
15666,C(#N)[S-].[NH4+],76.12
15678,C(CC#N)CC(CCC#N)C#N,161.20
15684,C1=CC(=C(C=C1Cl)Cl)CO,177.02
15723,C1CNCCC1C(C2=CC=CC=C2)(C3=CC=CC=C3)O,267.4
15730,CCCCCCCCC1=CC=C(C=C1)O,206.32
15752,C1=C(C=C(C(=C1[N+](=O)[O-])N)Br)[N+](=O)[O-],262.02
15763,CCC1NC2=CC(=C(C=C2S(=O)(=O)N1)S(=O)(=O)N)Cl,325.8
15765,CC1=NC(=CC=C1)N,108.14
15766,CSC1=C(C(=C(C(=C1Cl)Cl)Cl)Cl)Cl,296.4
15767,COC1=C(C(=C(C(=C1Cl)Cl)Cl)Cl)Cl,280.4
15787,C1=CC(=CC=C1[N+](=O)[O-])OC2=C(C=C(C=C2)Cl)Cl,284.09
15797,CCCCCCCCOC1=CC(=C(C=C1)C(=O)C2=CC=CC=C2)O,326.4
15816,C(CCCCC(=O)O)CCCCC(=O)O,216.27
15817,CCCCOCNC(=O)C=C,157.21
15884,CC1=CC(=C(C(=C1)C(C)(C)C)O)C,178.27
15891,C1=CC=C(C=C1)OC(=O)Cl,156.56
15906,C(CSSCCO)O,154.3
15910,C(#N)C1=C(C(=C(C(=C1Cl)Cl)Cl)C#N)Cl,265.9
15927,CC[N+]1=CC=CC=C1.[Br-],188.06
15965,C1(=C(C(=NC(=C1Cl)Cl)C(=O)O)Cl)N,241.5
15967,CC1=CC(=C(C(=C1)C(C)(C)C)OC(=O)NC)C(C)(C)C,277.4
15969,COC(=O)NC1=CC(=C(C=C1)Cl)Cl,220.05
15998,CCCCC(CC)COC(=O)COC1=CC(=C(C=C1Cl)Cl)Cl,367.7
16002,CCCCOCCOC(=O)COC1=C(C=C(C=C1)Cl)Cl,321.2
16003,CCCN(CCC)C(=O)SCCC,203.35
16004,C1=CC(=NC(=C1)Cl)C(Cl)(Cl)Cl,230.9
16013,C1=CC(=CC=C1N=NC2=C(NN(C2=O)C3=CC=C(C=C3)S(=O)(=O)[O-])C(=O)[O-])S(=O)(=O)[O-].[Na+].[Na+].[Na+],534.4
16015,C1=CC=C(C=C1)N=NC2=C(C=CC3=CC(=CC(=C32)S(=O)(=O)[O-])S(=O)(=O)[O-])O.[Na+].[Na+],452.4
16033,CC(C)(C)C1=CC=C(C=C1)OC2CCCCC2O,248.36
16043,CC(C)(C)C1=C(C=CC(=C1)O)O,166.22
16078,CCCCCC1=CC(=C2[C@@H]3C=C(CC[C@H]3C(OC2=C1)(C)C)C)O,314.5
16096,CC1=C(C=CC=C1[N+](=O)[O-])C(=O)O,181.15
16097,CC1=C(C(=CC=C1)[N+](=O)[O-])C(=O)O,181.15
16106,CN1CCN(CC1)C2=NC3=CC=CC=C3CC4=CC=CC=C42,291.4
16115,CN(C)C(=O)NC1=CC=C(C=C1)OC2=CC=C(C=C2)Cl,290.74
16116,CC1CCCCC1NC(=O)NC2=CC=CC=C2,232.32
16124,C(P(=O)(O)O)P(=O)(O)O,176.00
16125,COC1=C(C=CC(=C1)Cl)Cl,177.02
16135,CC(=C)C(=O)OCC(C)(C)COC(=O)C(=C)C,240.29
16141,CCC(=O)O[C@H]1CCC2C3CCC4([C@H](CCC4C3CCC2=C1)OC(=O)CC)C,388.5
16143,CCCCCCCC1=CC=C(C=C1)O,192.30
16158,C[C@@H]1C[C@H]2C3C[C@@H](C4=CC(=O)C=CC4([C@]3([C@H](CC2([C@]1(C(=O)COC(=O)C(C)(C)C)O)C)O)F)C)F,494.6
16180,CNC.C1=CC(=C(C=C1Cl)Cl)OCC(=O)O,266.12
16181,CCSC(=O)N(CC(C)C)CC(C)C,217.37
16183,C1=CC(=C(C(=C1)Cl)C(=O)N)Cl,190.02
16221,CCCCCCCCCCCCCCCCN(C)C,269.5
16224,CCCCCCCCN(C)C,157.30
16230,C1(=C(N=C(C(=N1)Cl)N)N)C(=O)N=C(N)N.Cl,266.09
16231,C1(=C(N=C(C(=N1)Cl)N)N)C(=O)N=C(N)N,229.63
16237,CCOC(=O)CCC1=CC=CC=C1,178.23
16241,CCO[Si](C)(OCC)OCC,178.30
16247,CC1=C(C=CC(=C1)OC(=O)NC)N(C)C,208.26
16248,CC1=CC(=CC(=C1SC)C)OC(=O)NC,225.31
16258,C1=CC=C2C(=C1)C(=O)NC(=O)O2,163.13
16278,CC(=O)CC(=O)N(C)C,129.16
16303,CC1=CC(=C(C=C1)NC(=O)C)C,163.22
16305,C1=CC(=CC=C1OC2=CC=C(C=C2)Br)Br,328.00
16306,CCCCOC(=O)C(=O)OCCCC,202.25
16315,C=CCSSSCC=C,178.3
16316,CCCCCNCCCCC,157.30
16323,C1=CC=C(C=C1)C2=CC=C(C=C2)Cl,188.65
16329,C1=CC=C(C=C1)C2=CC=CC=C2Br,233.10
16331,CCCCOC(=O)CCC(=O)C,172.22
16351,CN1CCN(CC1)C2=NC3=CC=CC=C3SC4=C2C=C(C=C4)Cl,343.9
16362,C1CN(CCC1N2C3=CC=CC=C3NC2=O)CCCC(C4=CC=C(C=C4)F)C5=CC=C(C=C5)F,461.5
16363,C1CN(CCC1N2C3=CC=CC=C3NC2=O)CCCC(=O)C4=CC=C(C=C4)F,381.4
16387,CC(=C)C(=O)OCCCCOC(=O)C(=C)C,226.27
16402,C(CCCN)CCN,116.20
16420,C1=CC(=CC=C1C2=CSC(=N2)N)[N+](=O)[O-],221.24
16421,CCOP(=S)(C1=CC=CC=C1)OC2=CC=C(C=C2)[N+](=O)[O-],323.31
16422,COP(=S)(OC)OC1=CC(=C(C=C1Cl)Br)Cl,366.00
16449,C1=CC=C(C=C1)C2=CC(=CC=C2)Br,233.10
16454,C=CCOC(=O)N,101.10
16463,C1=C(OC(=C1)[N+](=O)[O-])C2=NNC(=O)O2,197.11
16473,C1CCC(CC1)N2CC3=CC(=C(C=C3C2=O)S(=O)(=O)N)Cl,328.8
16490,C[C@@H]1C[C@H]2[C@@H]3C[C@@H](C4=CC(=O)C=C[C@@]4([C@]3([C@H](C[C@@]2([C@]1(C(=O)CO)O)C)O)F)C)F,410.5
16533,CCCCC(=O)O[C@@]1([C@H](C[C@@H]2[C@@]1(C[C@@H]([C@]3([C@H]2CCC4=CC(=O)C=C[C@@]43C)F)O)C)C)C(=O)CO,476.6
16541,CCCCCCCCCCOC(=O)C=C,212.33
16551,C(CCCCl)CCCl,155.06
16560,CC(=C)C(=O)NC1=CC(=C(C=C1)Cl)Cl,230.09
16562,CN(C)C(=O)NC1=CC=CC(=C1)C(F)(F)F,232.20
16564,C1C(OC2=CC=CC=C2O1)CN=C(N)N,207.23
16574,CC(=O)OC[C@@H]1[C@H]([C@H]([C@@H](O1)N2C(=O)NC(=O)C=N2)OC(=O)C)OC(=O)C,371.30
16584,C1(=C(C(=NC(=C1Cl)Cl)Cl)Cl)Cl,251.3
16590,C=CCSSCC=C,146.3
16591,CCCSSCC=C,148.3
16627,C=CC(=O)OCCCl,134.56
16637,CC(C)NC(=O)C=C,113.16
16640,CC1=CC=CC=C1OCC2CO2,164.20
16653,CCSC(=O)N1CCCCCC1,187.30
16659,C1=CC=C2C(=C1)N=C(C(=N2)Cl)Cl,199.03
16666,C[C@@H]1CC[C@H]([C@@H](C1)O)C(C)C,156.26
16678,CC1=C(C(=CC=C1)C(C)(C)C)O,164.24
16683,C1C(O1)COCCOCC2CO2,174.19
16685,C1=CC(=CC=C1SC2=CC(=C(C=C2Cl)Cl)Cl)Cl,324.0
16697,C(N(CP(=O)([O-])[O-])CP(=O)([O-])[O-])P(=O)(O)[O-].[Na+].[Na+].[Na+].[Na+].[Na+],408.96
16698,C(N(CP(=O)(O)O)CP(=O)(O)O)P(=O)(O)O,299.05
16700,CCCCCCCCCCCCOS(=O)(=O)[O-].[NH4+],283.43
16719,C1=CC=C2C(=C1)C(=CC=C2N)N,158.20
16720,C1=CC2=C(C=CC=C2N)C(=C1)N,158.20
16724,CC1=CC[C@@H](CC1=O)C(=C)C,150.22
16726,C1(=O)NC(=O)N(C(=O)N1Cl)Cl,197.96
16741,C1=CC=C(C=C1)CCN=C=S,163.24
16752,C[C@@H]1C[C@H]2[C@@H]3CCC4=CC(=O)C=C[C@@]4([C@]3([C@H](C[C@@]2([C@]1(C(=O)COC(=O)C5=CC=NC=C5)O)C)O)F)C,497.6
16773,CCOP(=S)(OCC)SCSC1=C(C=CC(=C1)Cl)Cl,377.3
16821,CCCCCCCCC1CCC(=O)O1,198.30
16834,C1CCOC(C1)N2C=NC3=C(N=CN=C32)NCC4=CC=CC=C4,309.4
16837,CCOC1=CC=C(C=C1)N=NC2=C(C=C(C=C2)N)N,256.30
16846,CCCOC(=O)C1=CC=CC=C1,164.20
16850,C1=CC=C2C(=C1)C(=O)OC23C4=C(C=C(C=C4)O)OC5=C3C=CC(=C5)O,332.3
16854,C1=CC(=C(C=C1NC(=O)N)Cl)Cl,205.04
16872,CCCCCCOC(=O)C(C)C,172.26
16887,CCN(CC1=CC(=CC=C1)S(=O)(=O)[O-])C2=CC=C(C=C2)C(=C3C=CC(=[N+](CC)CC4=CC(=CC=C4)S(=O)(=O)[O-])C=C3)C5=C(C=C(C=C5)O)S(=O)(=O)[O-].[Na+].[Na+],808.9
16891,CC(=C)C(=O)OCCOCCOC(=O)C(=C)C,242.27
16907,COC(=O)CS,106.15
16932,CC1=C2C=CC3=CC=CC4=C3C2=C(C=C1)C=C4,216.28
16945,C12(C3(C4(C5(C3(C(C1(C5(C2(C4(Cl)Cl)Cl)Cl)Cl)(Cl)Cl)Cl)Cl)Cl)Cl)Cl,545.5
16949,C1CC2C(O2)CC1COC(=O)C3CCC4C(C3)O4,252.31
16957,CCCCCCCCCC[N+](C)(C)CCCCCCCCCC.[Br-],406.5
16961,C[C@@H]1C[C@H]2[C@@H]3CCC4=CC(=O)C=C[C@@]4([C@]3([C@H](C[C@@]2([C@]1(C(=O)COP(=O)([O-])[O-])O)C)O)F)C.[Na+].[Na+],516.4
16971,COC1=CC(=CC=C1)Br,187.03
16976,C1=CC(=C[N+](=C1)[O-])C(=O)O,139.11
16989,C1=CC(=NC(=C1)Cl)Cl,147.99
16990,C1=C(C(=NC(=C1Cl)Cl)Cl)Cl,216.9
16993,CCCCCCCCC1CO1,156.26
17004,CC1=CC(=C(C=C1)O)C(C)(C)C,164.24
17016,CC1=C(C(=C(C=C1)C)O)C,136.19
17036,CCOC(C1=CC=CC=C1)(C2=CC=CC=C2)C(=O)OCCN(C)C,327.4
17038,C1C=CCC2C1C(=O)N(C2=O)SC(C(Cl)Cl)(Cl)Cl,349.1
17043,CCCCCCCCCCCCCCCl,232.83
17046,C1C(O1)COCCCCOCC2CO2,202.25
17049,CCCCOCC1CO1,130.18
17050,CCN(CC)CCOC(=O)C=C,171.24
17090,CC(CCC=C(C)C)C=C,138.25
17092,CCCCCCCCCCCC#N,181.32
17095,CCCCCCCCCCCC=C,182.35
17100,CC1=CCC(CC1)C(C)(C)O,154.25
17109,CC1=CC2=C(C=C1)N=C3C(=N2)SC(=O)S3,234.3
17110,CCCCCCCCCCCCN=C(N)N.CC(=O)O,287.44
17111,CN(C)CCOC(=O)C=C,143.18
17113,CC1=CC(=C(C=C1)O)N2N=C3C=CC=CC3=N2,225.25
17134,COC1=C(N=CN=C1OC)NS(=O)(=O)C2=CC=C(C=C2)N,310.33
17142,C1C(O1)CN2C(=O)N(C(=O)N(C2=O)CC3CO3)CC4CO4,297.26
17151,CC(=C)C(=O)OCC1CCCO1,170.21
17159,COC(=O)C1=CC(=C(C=C1)C(=O)OC)C(=O)OC,252.22
17161,CC(C)(C)C1=CC(=O)C(=CC1=O)C(C)(C)C,220.31
17162,CCCCC(CC)COCC1CO1,186.29
17163,CCCCCCCCCCCCOCC1CO1,242.40
17168,COP(=S)(OC)OC1=C(C=C(C=C1)[N+](=O)[O-])Cl,297.65
17170,CN(C)C1=CC=C(C=C1)C(=N)C2=CC=C(C=C2)N(C)C.Cl,303.8
17181,C[Si](C)(CCCN)O[Si](C)(C)CCCN,248.51
17185,CCCCCCCCCCl,162.70
17201,C1=CC(=CC(=C1)OC2=CC=C(C=C2)N)OC3=CC=C(C=C3)N,292.3
17204,CCN(CC)C1=CC=C(C=C1)N=NC2=CC=CC=C2,253.34
17231,CCCCCCCCOC1=CC=C(C=C1)C(=O)O,250.33
17234,CCCCCCCCCCCCCOC(=O)C(=C)C,268.4
17236,CC(=C)C(=O)OCC1=CC=CC=C1,176.21
17241,CCOP(=S)(OCC)SCCS(=O)(=O)CC,306.4
17258,CCCCCCCCOC(=O)C=C,184.27
17259,CCCCCCOC(=O)C=C,156.22
17273,CC(=O)O[C@@H]1CC2C3CCC4=C(C3CCC2([C@H]1OC(=O)C)C)C=CC(=C4)OC(=O)C5=CC=CC=C5,476.6
17275,C1CN=C(N1)CN(CC2=CC=CC=C2)C3=CC=CC=C3.Cl,301.8
17276,CCOC(=O)[C@](C)(CC1=CC(=C(C=C1)O)O)N.Cl,275.73
17279,C1=CC=C2C(=C1)C=C(C3=CC=CC=C23)C#N,203.24
17291,CC(CCO)OC,104.15
17304,COP(=S)(OC)Cl,160.56
17305,CCOP(=S)(OCC)Cl,188.61
17317,CO[Si](CCCOCC1CO1)(OC)OC,236.34
17318,CC(=C)C(=O)OCCC[Si](OC)(OC)OC,248.35
17321,CC1=CC2=C(C=C1)C3=CC=CC=C3C=C2,192.25
17349,CCCCOCCOC(=O)COC1=CC(=C(C=C1Cl)Cl)Cl,355.6
17355,CC(=O)CCC1=CC=CC=C1,148.20
17356,C1CCC(CC1)SSC2CCCCC2,230.4
17406,C1CC(CC(C1)CN)CN,142.24
17425,CCOP(=S)(OCC)SCS(=O)(=O)CC,292.4
17429,C1CCN(CC1)C=O,113.16
17432,CCOC1=NC(=NS1)C(Cl)(Cl)Cl,247.5
17434,CCOC(=O)N(C)C(=O)CSP(=S)(OCC)OCC,329.4
17435,CCOC(=O)C(C1=CC=CC=C1)SP(=S)(OC)OC,320.4
17437,CC[Hg]N1C(=O)C2C(C1=O)C3(C(=C(C2(C3(Cl)Cl)Cl)Cl)Cl)Cl,598.5
17462,C1=CC=C(C=C1)C(=O)NC2=CC3=CC(=C(C(=C3C=C2)O)N=NC4=CC=C(C=C4)N=NC5=CC=C(C=C5)S(=O)(=O)[O-])S(=O)(=O)[O-].[Na+].[Na+],675.6
17499,CC(=O)NC1=CC=C(C=C1)OC(=O)C,193.20
17506,CCNCC.C1=CC(=C(C=C1O)S(=O)(=O)O)O,263.31
17513,C1=NC(=C(N1[C@H]2[C@@H]([C@@H]([C@H](O2)CO)O)O)N)C(=O)N,258.23
17516,CC1=CC(=CC(=C1)OC(=O)NC)C(C)C,207.27
17517,CC(C)C1=CC=CC=C1OC(=O)NC,193.24
17520,C1=CC=C2C(=C1)C(=O)NS2,151.19
17525,CCCCCCOC(=O)CCC,172.26
17531,CCOP(=S)(OCC)SCN1C(=O)C2=CC=CC=C2N=N1,345.4
17533,C1=CC(=CC=C1C(CO)C2=CC=C(C=C2)Cl)Cl,267.1
17549,C1=CC(=CC=C1C(=O)NCC(=O)O)[N+](=O)[O-],224.17
17569,CCCCCCCCCCCCOC(=O)C1=CC=C(C=C1)O,306.4
17570,C1=CC(=CC=C1O)SC2=CC=C(C=C2)O,218.27
17581,COC1=CC(=C(C=C1Cl)OC)Cl,207.05
17587,CN(C)C(=O)C=C,99.13
17593,CC1=C(C(=CC=C1)N)N,122.17
17595,CCN1CCCC1=O,113.16
17599,C1=CC=C2C(=C1)C3=C4C2=CC=CC4=C(C=C3)N,217.26
17617,C=CCOC(=O)CCC1CCCCC1,196.29
17652,COC1=CC(=C(C=C1)N)OC,153.18
17671,CCCCCCCCCCCCCC[N+]1=CC=C(C=C1)C.[Cl-],326.0
17683,CCN(CCCCOC(=O)C1=CC(=C(C=C1)OC)OC)C(C)CC2=CC=C(C=C2)OC.Cl,466.0
17693,C1CC1C(=O)NC2=CC(=C(C=C2)Cl)Cl,230.09
17695,CCCCC[Si](OCC)(OCC)OCC,234.41
17701,CC[Sn](CC)(CC)Br,285.80
17719,CC(C)(C1=CC(=CC=C1)C(C)(C)N=C=O)N=C=O,244.29
17722,CCOP(=O)(CN(CCO)CCO)OCC,255.25
17730,C1=CC(=CC=C1N=NC2=C(C=CC3=C2C=CC(=C3)S(=O)(=O)[O-])O)S(=O)(=O)[O-].[Na+].[Na+],452.4
17739,CCCC1=CC(=C(C=C1)O)OC,166.22
17756,CCCOCCO,104.15
17811,CC1=CC(=C(C=C1)O)N=NC2=CC=C(C=C2)NC(=O)C,269.30
17816,CC(C)CC(=O)OCC=C,142.20
17818,CC1=C(C=C(C=C1)N)O,123.15
17819,CC1=C(C=CC(=C1)O)N,123.15
17857,CC1(CC(CC(C1)(C)CN)N)C,170.30
17858,CCCCCCCCCCC1CO1,184.32
17861,C1=CC(=CN=C1)CCCO,137.18
17869,CC(=C)C(=O)OCCN(C)C,157.21
17888,CC(=O)CC(C)(C)NC(=O)C=C,169.22
17891,COC(=O)CC1=CC=CC2=CC=CC=C21,200.23
17913,C1(=C(C(=O)C1=O)O)O,114.06
17931,CN1C(=S)CN=C(C2=C1C=CC(=C2)Cl)C3=CC=CC=C3,300.8
17946,COC(=O)C1=CC(=CC=C1)Cl,170.59
18016,CCCCOC(=O)CCCCCCCC(=O)OCCCC,300.4
18048,CC(C)C1=CC(=C(C=C1)O)C(C)C,178.27
18050,COC(=O)CCS,120.17
18055,CCN(CC)C(=O)SCC,161.27
18056,CCSC(=O)Cl,124.59
18062,CC(C)(C1=CC=C(C=C1)C(C)(C)O)O,194.27
18087,CC1=C(C(=O)C(=C(N1)C)Cl)Cl,192.04
18137,CO[Si](C1=CC=CC=C1)(OC)OC,198.29
18156,C1=CC(=CC(=C1)N2C(=O)C=CC2=O)N3C(=O)C=CC3=O,268.22
18170,C1=CC=C(C=C1)CSC#N,149.21
18177,C(#N)C(Cl)Cl,109.94
18193,CO[Si](C)(C1=CC=CC=C1)OC,182.29
18196,CN(C)CCN(C)CCN(C)C,173.30
18198,CC(C#CC(C)O)O,114.14
18204,CN(C)CCOCCN(C)C,160.26
18205,C[N+](C)(C)CC1CO1.[Cl-],151.63
18273,C=CC1CC2CC1C=C2,120.19
18283,CC1=CN(C(=O)NC1=O)[C@H]2C=C[C@H](O2)CO,224.21
18290,CN(C(=O)NC1=CC=C(C=C1)Br)OC,259.10
18302,C(CO)C(CO)O,106.12
18303,CC1CC(=O)O1,86.09
18340,COC1=CC(=C(C=C1)OC)C(CNC(=O)CN)O.Cl,290.74
18343,C[C@@H]1[C@H]([C@H]([C@@H](O1)N2C=C(C(=O)NC2=O)F)O)O,246.19
18360,CC(C)(C)C1=CC=C(C=C1)OCC2CO2,206.28
18370,CC1=C(C=CC(=C1)C(=O)O)[N+](=O)[O-],181.15
18377,C1=CC=C(C=C1)N(CCC(=O)O)C(=O)C2=C(C(=C(C=C2I)I)N)I,662.00
18386,CC1=CC(=C(C=C1)N=NC2=C(C=CC3=CC=CC=C32)O)C,276.3
18391,CC1=C(C=CC(=C1)O)SC,154.23
18430,C1C(O1)CBr,136.98
18484,C1CC2CN(CCN2C1)CCCC(=O)C3=CC=C(C=C3)F,290.38
18487,CC1=C(C=CC(=C1)Cl)N.Cl,178.06
18493,CC[N+](C)(CC)CCOC(=O)C(C1=CC=CC=C1)(C2=CC=CC=C2)O.[Br-],422.4
18502,C1CCC(CC1)N=C=O,125.17
18510,CCCCCCCCCCOC(=O)C(=C)C,226.35
18522,CC1C(=O)CCO1,100.12
18529,C1CC(C(CCC(C(CCC(C1Br)Br)Br)Br)Br)Br,641.7
18555,C1=CC(=C(C(=C1)Cl)Cl)[N+](=O)[O-],192.00
18604,CCCCCCCCCCCCC1CO1,212.37
18617,C(#N)C(Br)Br,198.84
18635,CSCCC=O,104.17
18669,CCCCCCCCCCCC[N+](C)(C)CCCCCCCCCCCC.[Br-],462.6
18689,CCC(COC(=O)C(=C)C)(COC(=O)C(=C)C)COC(=O)C(=C)C,338.4
18692,C(C(CO)(CBr)CBr)O,261.94
18725,CCCCC(CC)COC(=O)C1=CC(=C(C=C1)C(=O)OCC(CC)CCCC)C(=O)OCC(CC)CCCC,546.8
18728,C1CC(C(CC1C(CBr)Br)Br)Br,427.80
18730,C1=CC2=C(C=C1N=C=S)C(=O)OC23C4=C(C=C(C=C4)O)OC5=C3C=CC(=C5)O,389.4
18732,C[N+](C)(C)CC(CCl)O.[Cl-],188.09
18745,CC(C)(C#N)C(C)(C)C#N,136.19
18752,COC(=O)NS(=O)(=O)C1=CC=C(C=C1)N,230.24
18756,CC(=CCC=C(C)C=C)C,136.23
18771,C1=CC=C2C(=C1)C(=O)C3=C(C2=O)SC(=C(S3)C#N)C#N,296.3
18783,CCCCCCCCCCCC(=O)N(CC)CC,255.44
18815,CCCCCCCCCCCCCCCCCCCl,288.9
18819,CO[Si](CCC1CCC2C(C1)O2)(OC)OC,246.37
18827,CCCCCC(C=C)O,128.21
18831,C1(=NC(=NC(=N1)Cl)N)N,145.55
18938,CC(CCO)CC(C)(C)C,144.25
18980,C1=CC=C2C(=C1)C(=NC2=N)N,145.16
19003,CC1([C@@H](N2[C@H](S1)[C@@H](C2=O)NC(=O)C3(CCCCC3)N)C(=O)O)C,341.4
19004,C[N+]12CCC(CC1)C(C2)OC(=O)C(C3=CC=CC=C3)(C4=CC=CC=C4)O.[Br-],432.3
19022,CCCCCCCCCCCCCCCCCBr,319.4
19042,C=CC(=O)OCC(CO)(COC(=O)C=C)COC(=O)C=C,298.29
19079,CCCCCCCCSCCO,190.35
19095,CC1=CC(=C(C=C1C)N=NC2=C3C=CC(=CC3=CC(=C2O)S(=O)(=O)[O-])S(=O)(=O)[O-])C.[Na+].[Na+],494.5
19113,CNC(=O)NC1=CC(=C(C=C1)Cl)Cl,219.06
19137,CC(=O)CCC1=CC=C(C=C1)OC(=O)C,206.24
19165,CC1=CC(=CC=C1)OC2=CC=CC=C2,184.23
19188,C1=CC=C(C=C1)OCC(=O)O,152.15
19223,CC(CCCC(C)(C)OC)CC=O,186.29
19241,CCCCNS(=O)(=O)C1=CC=CC=C1,213.30
19262,C1=CC(=CC(=C1)CN=C=O)CN=C=O,188.18
19266,CC(=O)NC1=CC=C(C=C1)C(=O)O,179.17
19283,CCCCCCCCCCCOC(=O)C1=CC=CC=C1C(=O)OCCCCCCCCCCC,474.7
19284,CCCCCCCOC(=O)C1=CC=CC=C1C(=O)OCCCCCCC,362.5
19309,CC1C(=O)C(=C(O1)C)O,128.13
19379,CN(C)CCOC(=O)COC1=CC=C(C=C1)Cl.Cl,294.17
19395,CCOP(=S)(OCC)OP(=S)(OCC)OCC,322.3
19402,C1=CC=C(C=C1)C(C2=CC=C(C=C2)Cl)C(=O)C3C(=O)C4=CC=CC=C4C3=O,374.8
19463,CCN(CC)O,89.14
19494,C1CC(C1)C(=O)O,100.12
19518,CC[N+](CC)(CC1=CC=CC=C1)CC(=O)NC2=C(C=CC=C2C)C.C1=CC=C(C=C1)C(=O)[O-],446.6
19522,CC(=O)NC1=C2C(=CC(=C1)S(=O)(=O)[O-])C=C(C(=C2O)N=NC3=CC=CC=C3)S(=O)(=O)[O-].[Na+].[Na+],509.4
19529,CN(C1=CC=C(C=C1)OC(=O)C2=CC=CO2)C(=O)C(Cl)Cl,328.1
19536,CC(=O)N(CC(=O)N(C)C)C1=CC=CC=C1,220.27
19539,C1=CC=C(C=C1)OC2=CC=CC(=C2)C(=O)O,214.22
19571,CCC(=O)O[C@H]1CC[C@@H]2[C@@]1(CC[C@H]3[C@H]2CCC4=C3C=CC(=C4)O)C,328.4
19587,CC(C#C)N(C)C(=O)NC1=CC=C(C=C1)Cl,236.70
19592,CC(C)(C(=O)O)OC1=CC=C(C=C1)C2CCCC3=CC=CC=C23,310.4
19596,CC1=NC(=CC(=N1)OC)NS(=O)(=O)C2=CC=C(C=C2)N,294.33
19601,CC(=C)C(=O)OCCNC(C)(C)C,185.26
19602,CCCCCC1=CC=CO1,138.21
19604,CCOC(=O)NNC1=NN=CC2=CC=CC=C21.Cl,268.70
19646,C1=CSC(=C1)C(=O)NC2=NC=C(S2)[N+](=O)[O-],255.3
19648,C[C@H]1[C@@]([C@H]([C@@H](O1)O[C@@H]2[C@H]([C@@H]([C@H]([C@@H]([C@H]2O)O)N=C(N)N)O)N=C(N)N)O[C@H]3[C@H]([C@@H]([C@H]([C@@H](O3)CO)O)O)NC)(C=O)O.C[C@H]1[C@@]([C@H]([C@@H](O1)O[C@@H]2[C@H]([C@@H]([C@H]([C@@H]([C@H]2O)O)N=C(N)N)O)N=C(N)N)O[C@H]3[C@H]([C@@H]([C@H]([C@@H](O3)CO)O)O)NC)(C=O)O.OS(=O)(=O)O.OS(=O)(=O)O.OS(=O)(=O)O,1457.4
19658,C1=CC(=S)N(C=C1)[O-].[Na+],149.15
19665,CCCCN(CCCCO)N=O,174.24
19675,CC(=O)C1=CC2=C(C=C1)SC3=CC=CC=C3N2CCCN4CCC(CC4)CCO,410.6
19700,CCN(CC1=CC(=CC=C1)S(=O)(=O)[O-])C2=CC=C(C=C2)C(=C3C=CC(=[N+](CC)CC4=CC(=CC=C4)S(=O)(=O)[O-])C=C3)C5=CC=CC=C5S(=O)(=O)[O-].[Na+].[Na+],792.9
19707,CCCC(=O)C(=O)C,114.14
19710,COCCC(=O)OC,118.13
19731,C1=CC=C(C=C1)NC2=C3C(=C(C=C2)N=NC4=C5C(=CC(=C4)S(=O)(=O)[O-])C=C(C=C5O)S(=O)(=O)[O-])C=CC=C3S(=O)(=O)[O-].[Na+].[Na+].[Na+],695.6
19750,C1=CC(=CC=C1C(=O)CCCCl)F,200.64
19756,C1=CC=C2C(=C1)NC(=N2)C3=CC=CO3,184.19
19800,CCCCCCC(CCCC)CO,186.33
19838,CCOC(=O)C(C)(C)C,130.18
19861,CN1CCC(=C2C3=CC=CC=C3CCC4=C2N=CC=C4)CC1,290.4
19871,CCC(C(C)(C)C)O,116.20
19879,CC(C1=CC=CC=C1)N[NH3+].OS(=O)(=O)[O-],234.28
19910,C1=CC2=C(C=CC(=C2N=C1)O)[N+](=O)[O-],190.16
19917,CC(C)CCCC(C)NC(C)C,171.32
19918,CCC1=NC=NC2=CC(=C(C=C21)OC)OC,218.25
19920,CC(C)OCC1CO1,116.16
19958,C1=CC(=CC=C1N=C=S)N=C=S,192.3
19988,COC1=C(C=C(C(=C1)O)C(=O)C2=CC=CC=C2)S(=O)(=O)O,308.31
19996,C=CC(=O)OCCOCCOC(=O)C=C,214.21
19999,CCC(=O)[O-].CCC(=O)[O-].[Ca+2],186.22
20039,C1C[C@@H](O[C@@H]1CO)N2C=NC3=C(N=CN=C32)N,235.24
20083,CCCCCCC(C)O,130.23
20084,CC(C)NC(=O)NC(C)C,144.21
20087,CCC1=CC(=C(C(=C1)C(C)(C)C)O)C(C)(C)C,234.38
20113,CC(C)(C1=CC(=C(C(=C1)Br)OCCO)Br)C2=CC(=C(C(=C2)Br)OCCO)Br,632.0
20129,CC(CO)OC1=CC=CC=C1,152.19
20167,C1=CC=C(C=C1)C(=O)OCC(COC(=O)C2=CC=CC=C2)(COC(=O)C3=CC=CC=C3)COC(=O)C4=CC=CC=C4,552.6
20169,CC(C)(COC(=O)C1=CC=CC=C1)COC(=O)C2=CC=CC=C2,312.4
20179,C1CN=C(N1)NC2=C(C=CC=C2Cl)Cl.Cl,266.6
20239,C(CN)COCCOCCOCCCN,220.31
20240,CC(C)COC(=O)C1=CC=C(C=C1)O,194.23
20250,C1=CC(=C(C=C1Cl)Cl)C(=O)CCl,223.5
20275,CCCCCCCCCI,254.15
20279,C1[C@@H]([C@H](O[C@H]1N2C=NC3=C(N=C(N=C32)Cl)N)CO)O,285.69
20282,CCCCCCCCCCCCI,296.23
20298,CC[N+](CC)(CC)CCC(C1CCCCC1)(C2=CC=CC=C2)O.[Cl-],354.0
20352,CCCCOC1=CC=C(C=C1)N,165.23
20353,CC1=C(C(=C(C2=C1O[C@](CC2)(C)CCC[C@H](C)CCC[C@H](C)CCCC(C)C)C)OC(=O)CCC(=O)O)C,530.8
20392,COC(=O)C1=CC=CC=C1C(=O)O,180.16
20393,CCCCC(CC)COC(=O)C1=CC=CC=C1C(=O)O,278.34
20395,CCC(C1=CC=CC=C1)C(=O)OCCN2CCOC(C2C)C3=CC=CC=C3,367.5
20414,CC(CC(C)(C)C)CC(C)(C)CC(C)(C)C,226.44
20417,C1COCCN1C=O,115.13
20469,C[C@H]1C[C@H]2[C@@H]3CCC4=CC(=O)C=C[C@@]4([C@]3([C@H](C[C@@]2([C@]1(C(=O)CO)O)C)O)Cl)C,408.9
20473,CO[Si](CCCS)(OC)OC,196.34
20525,COC1=CC(=C(C=C1C=O)OC)OC,196.20
20546,CCCC(CC)C1=CC=CC=C1,162.27
20653,CCCCC(C)C(=O)O,130.18
20686,CC(CCC#N)C#N,108.14
20691,CCCCN(CCCC)C(=O)N(CCCC)CCCC,284.5
20701,CCCCCCCCCCCCCCCCCC(=O)[O-].C(CO)[NH+](CCO)CCO,433.7
20708,CCCCCCCCCCCCCC[N+](C)(C)C.[Cl-],291.9
20739,CC(C)C1CCC(CC1)O,142.24
20745,CC(CCC=C(C)C)O,128.21
20749,CC[N+]1(CCC(=C(C2=CC=CC=C2)C3=CC=CC=C3)C1C)CC.[Br-],386.4
20769,CC(C)OC(=O)C(=C)C,128.17
20803,CCN(CC1=CC(=CC=C1)S(=O)(=O)[O-])C2=CC=C(C=C2)C(=C3C=CC(=[N+](CC)CC4=CC(=CC=C4)S(=O)(=O)[O-])C=C3)C5=CC=CC=C5.[Na+],690.8
20812,C1=CC(=NC(=C1)Cl)C(=O)O,157.55
20848,CCCN(CCC)C1=C(C=C(C=C1[N+](=O)[O-])S(=O)(=O)C)[N+](=O)[O-],345.37
20861,CCC1=CC=C(C=C1)C=O,134.17
20906,C1=CC(=CC(=C1)NC(=O)C2=C(C(=CC(=C2)Br)Br)O)C(F)(F)F,439.02
20933,CC1([C@@H](N2[C@H](S1)[C@@H](C2=O)NC(=O)C(C3=CC=CC=C3)C(=O)[O-])C(=O)[O-])C.[Na+].[Na+],422.4
20936,CC1CCC(CC1S)C(C)CS,204.4
20949,CC(C)OC1=CC=CC=C1O,152.19
20965,CCOP(=S)(OCC)OC1=CC(=C(C=C1Cl)Br)Cl,394.0
20993,CCCCCCCCCCCCCCCCCl,260.9
21013,C1=C(C(=C(C(=C1Cl)Cl)Cl)Cl)O,231.9
21058,CC(C)COC(=O)COC1=CC(=C(C=C1Cl)Cl)Cl,311.6
21059,CCC1=C(C(=O)C=CO1)O,140.14
21070,CCCCCCC(=O)O[C@H]1CC[C@@H]2[C@@]1(CC[C@H]3[C@H]2CCC4=C3C=CC(=C4)O)C,384.6
21080,C1CCC(CC1)N(C2CCCCC2)SC3=NC4=CC=CC=C4S3,346.6
21088,C(CN)CN(CCO)CCO,162.23
21096,C1CC(CC=C1)C2=CC=CC=C2,158.24
21097,C1CCC(CC1)[NH3+].[Cl-],135.63
21102,CC(=O)NC1=CC=C(C=C1)OC(=O)C2=CC=CC=C2OC(=O)C,313.30
21138,CC(C)NC[C@H](COC1=CC=CC2=CC=CC=C21)O,259.34
21202,C1CC(CCC1CC2CCC(CC2)N=C=O)N=C=O,262.35
21208,C1=CC(=C(C=C1N)N)[N+](=O)[O-],153.14
21209,C1=CC(=C(C=C1N)N)Cl,142.58
21210,CCCCOCC(C)O,132.20
21218,CCCCCCCC[N+](C)(CCCCCCCC)CCCCCCCC.[Cl-],404.2
21220,C(C(C(=O)O)S(=O)(=O)O)C(=O)O,198.15
21265,CC(=CCOC(=O)C1=CC=CC=C1)C,190.24
21277,C1=CC(=CC=C1C(Cl)(Cl)Cl)Cl,229.9
21307,CC1=C(SCCO1)C(=O)NC2=CC=CC=C2,235.30
21322,C1=CC=C(C=C1)C(=O)NOCC(=O)O,195.17
21330,CC1=C(S(=O)(=O)CCO1)C(=O)NC2=CC=CC=C2,267.30
21387,C1=CC2=C3C(=C1)C=CC4=C(C=CC(=C43)C=C2)O,218.25
21414,CCCCCCCCCCC(CCCCCCCC)CO,298.5
21453,COC1=C(C=C(C=C1)CC2=CN=C(N=C2N)N)OC,260.29
21467,CC1=C(C(=CC=C1)C)OCC(C)N.Cl,215.72
21499,CCCCC(CC)COCCCN,187.32
21501,C1=CC2=C(C=C1[N+](=O)[O-])C=NN2,163.13
21517,CCCCCCCCCCCC[N+]1=CC2=CC=CC=C2C=C1.CC1=CC=C(C=C1)S(=O)(=O)[O-],469.7
21531,B(OC(C)C)(OC(C)C)OC(C)C,188.07
21534,C(C(=O)[O-])S.[NH4+],109.15
21574,CC(CC=O)CC(C)(C)C,142.24
21575,CC1=C(C(=CC=C1)C(=O)O)[N+](=O)[O-],181.15
21576,CC(=O)CC(=O)NC1=CC=C(C=C1)OC,207.23
21583,CN(CC1=CC=CC=C1)CC2=CC=CC=C2,211.30
21622,COC1=C2C(=CC=C1)SC(=N2)N,180.23
21640,C1=CC=C(C=C1)N2C(=NN=N2)N,161.16
21645,[NH3+]O.[Cl-],69.49
21648,CC(=O)CCC1=CC=C(C=C1)O,164.20
21651,CCOC(=O)C1=CNC2=CC(=C(C=C2C1=O)OCC(C)C)OCC(C)C,361.4
21653,C[C@H]1[C@@]([C@H]([C@@H](O1)O[C@@H]2[C@H]([C@@H]([C@H]([C@@H]([C@H]2O)O)N=C(N)N)O)N=C(N)N)O[C@H]3[C@H]([C@@H]([C@H]([C@@H](O3)CO)O)O)NC)(CO)O.C[C@H]1[C@@]([C@H]([C@@H](O1)O[C@@H]2[C@H]([C@@H]([C@H]([C@@H]([C@H]2O)O)N=C(N)N)O)N=C(N)N)O[C@H]3[C@H]([C@@H]([C@H]([C@@H](O3)CO)O)O)NC)(CO)O.OS(=O)(=O)O.OS(=O)(=O)O.OS(=O)(=O)O,1461.4
21660,C1CCC(C(C1)C(=O)OCC2CO2)C(=O)OCC3CO3,284.30
21685,CCC(C)C1=C(C(=CC=C1)C(C)CC)O,206.32
21694,C1=CC2=C3C(=C1)C=CC4=C(C=CC(=C43)C=C2)[N+](=O)[O-],247.25
21700,CCC(=O)OCC(=O)[C@]1([C@H](C[C@@H]2[C@@]1(C[C@@H]([C@]3([C@H]2CCC4=CC(=O)C=C[C@@]43C)Cl)O)C)C)OC(=O)CC,521.0
21718,CCN(CCCC1=CC=CC=C1)CCCC2=CC=CC=C2.C(C(=O)O)C(CC(=O)O)(C(=O)O)O,473.6
21743,C1C(=C(N2[C@H](S1)[C@@H](C2=O)NC(=O)CC3=CC=CS3)C(=O)[O-])C[N+]4=CC=C(C=C4)C(=O)N,458.5
21772,CC(CC1C2=CC=CC=C2CCC3=CC=CC=C13)CN(C)C,293.4
21777,CC(CC1=CC=CC=C1)NCCCCl,211.73
21798,CNC(=O)OC1=CC=CC=C1C(=O)NC2=CC=CC=C2,270.28
21800,CCC(=O)OCC(=O)[C@]1([C@H](C[C@@H]2[C@@]1(C[C@@H]([C@]3([C@H]2CCC4=CC(=O)C=C[C@@]43C)F)O)C)C)OC(=O)CC,504.6
21803,COP(=S)(OC)OC1=NC(=C(C=C1Cl)Cl)Cl,322.5
21804,CCOP(=O)(OCC)OC1=NC(=C(C=C1Cl)Cl)Cl,334.5
21826,C[C@]12C[C@@H]([C@]3([C@H]([C@@H]1C[C@@H]4[C@]2(OC(O4)(C)C)C(=O)COC(=O)CC(C)(C)C)CCC5=CC(=O)C=C[C@@]53C)F)O,532.6
21845,C1CN(CCN1)N=O,115.13
21847,C1CN(CCC1C2(CCC(=O)NC2=O)C3=CC=CC=C3)CC4=CC=CC=C4,362.5
21853,CC1=CC=C(C=C1)C(C)OC(=O)C2(CCC(C2(C)C)C(=O)O)C.C(CO)NCCO,423.5
21859,CC(C)CCCCCCCCCCCCCCC(=O)O,284.5
21921,C(CN)N.I.I,315.92
21954,C1=CC(=O)NNC1=O,112.09
21984,C(CN(CC#N)CC#N)N(CC#N)CC#N,216.24
22086,COC1=C(C=C2C(=C1)C3=CC=CC=C3O2)N,213.23
22094,CC(C)OC(=O)C(C1=CC=C(C=C1)Cl)(C2=CC=C(C=C2)Cl)O,339.2
22162,CN(C)CCOC(=O)C(C1=CC=CC=C1)C2(CCCC2)O.Cl,327.8
22188,CC1=C(C(=O)N(C(=O)N1)C(C)(C)C)Cl,216.66
22206,CCNC1=NC(=NC(=N1)Cl)NC(C)(C)C,229.71
22278,CC1=C(C=C(C=C1)C=O)C,134.17
22311,CC1=CCC(CC1)C(=C)C,136.23
22344,C1(=C(SC(=C1Cl)Cl)Cl)Cl,221.9
22420,C1CNP(=O)(OC1)N(CCCl)CCCl.O,279.10
22456,CC(=O)[O-].CC(=O)[O-].O.O.O.[Pb+2],379
22463,C1=CC2=C(C=CC(=C2)SSC3=CC4=C(C=C3)C=C(C=C4)O)C=C1O,350.5
22468,CCCCC(=C)C,98.19
22475,C[N+](C)(C)CCOC(=O)CCC(=O)OCC[N+](C)(C)C.[Cl-].[Cl-],361.3
22522,CC(COP(=O)(OCC(C)Cl)OCC(C)Cl)Cl,327.6
22529,CN1CCC2=C(C1)C3=CC=CC=C3N2CC4=CC=CC=C4.CN1CCC2=C(C1)C3=CC=CC=C3N2CC4=CC=CC=C4.C1=CC2=C(C=CC=C2S(=O)(=O)O)C(=C1)S(=O)(=O)O,841.1
22544,CC1=C(C=CC(=C1)Cl)N=CN(C)C,196.67
22549,CC(CCC=C(C)C)NC.Cl,177.71
22555,CCOC(C(=O)C1=CC=CC=C1)OCC,208.25
22563,CC(C)NC1=NC(=NC(=N1)N)Cl,187.63
22571,CCCCC(CC)COC(=O)C(=C(C1=CC=CC=C1)C2=CC=CC=C2)C#N,361.5
22574,C1=C(C=C(C(=C1C(=O)O)O)S(=O)(=O)O)N,233.20
22576,CN(C)CCC=C1C2=CC=CC=C2C=CC3=CC=CC=C31.Cl,311.8
22584,C1=CC(=C(C=C1N)Cl)N.OS(=O)(=O)O,240.67
22586,CC1=C(C=CC(=C1)NC2=CC=C(C=C2)O)N,214.26
22628,C1=CC=C2C(=C1)C(=O)C3=C(C=C(C(=C3C2=O)N)S(=O)(=O)O)Br,382.19
22629,CCCCCCOC(=O)C1=CC=CC=C1O,222.28
22691,C1=CC(=C(C=C1[N+](=O)[O-])N)Cl,172.57
22697,CCC(=O)C1=CC=C(C=C1)Cl,168.62
22704,C1=CC2=C(C=C1[N+](=O)[O-])SC(=N2)N,195.20
22710,C1=CC(=C(C=C1C=O)Cl)Cl,175.01
22772,C(SC#N)SC#N,130.20
22830,COC1=CC(=C(C=C1)OC)N=NC2=C(C=CC3=CC=CC=C32)O,308.3
22833,COC1=CC(=C(C=C1N)OC)Cl,187.62
22842,CC1=NN(C(=O)C1N=NC2=CC=C(C=C2)S(=O)(=O)[O-])C3=CC(=C(C=C3Cl)S(=O)(=O)[O-])Cl.[Na+].[Na+],551.3
22873,CCCCCCOC(=O)CCCCC,200.32
22879,C1=CC=C2C(=C1)C(=NS2(=O)=O)[O-].C1=CC=C2C(=C1)C(=NS2(=O)=O)[O-].O.[Ca+2],422.5
22882,C1=C(C=C(C(=C1SC2=C(C(=CC(=C2)Cl)Cl)[O-])[O-])Cl)Cl.[Na+].[Na+],400.0
22932,CCCCC(CC)COC(=O)C1=CC=C(C=C1)C(=O)OCC(CC)CCCC,390.6
22947,CC1(C(=O)N(C(=O)N1CO)CO)C,188.18
22960,CC1=CC=C(C=C1)S(=O)(=O)OC2=CC=C(C=C2)N=NC3=C(C=C(C=C3)C4=CC(=C(C=C4)N=NC5=C(C=CC6=CC(=CC(=C65)S(=O)(=O)[O-])S(=O)(=O)[O-])O)C)C.[Na+].[Na+],830.8
22985,[NH4+].[N+](=O)([O-])[O-],80.044
23009,C1COCCN1CCN2C=NC=C2[N+](=O)[O-],226.23
23017,C1=C(C(=O)NC(=C1Cl)Cl)Cl,198.43
23019,CCCCCOC(=O)C1=CC=C(C=C1)O,208.25
23173,C1CCCCCOCCCCOC(=O)CCCC1,256.38
23194,CCCCCCCCCCCC1=CC=CC=C1,232.4
23235,CCCCCCOC(=O)C1=CC=CC=C1,206.28
23284,CC(C)C(C(C)(C)COC(=O)C(C)C)OC(=O)C(C)C,286.41
23294,CCC(C)OC(C)CC,130.23
23327,C(CC(=O)O)[C@H](C(=O)O)N,147.13
23347,C1=CSC(=C1)SSC2=CC=CS2,230.4
23354,CC(=O)[O-].CC(=O)[O-].CC(=O)[O-].[Sb+3],298.89
23360,CC(C)NCC(C1=CC=CC=C1Cl)O.Cl,250.16
23368,CC(C)OC(=O)CCCCC(=O)OC(C)C,230.30
23392,C1=CC=NC(=C1)CCl.Cl,164.03
23394,C1=CC(=CN=C1)CCl.Cl,164.03
23418,CC1=CC(=C(C=C1CC2=CN=C(N=C2N)N)OC)OC,274.32
23421,CNC(=O)OC1=CC=CC=C1C2OCCO2,223.22
23435,CC(C)(CO)N(C)C,117.19
23436,C1=CC=C(C=C1)OC2=CC=C(C=C2)Cl,204.65
23479,CC(CC(C1=CC=CC=C1)C2=CC=CC=C2)NC(C)(C)C.Cl,317.9
23535,CC(=CCCC(C)(C=C)OC(=O)C1=CC=CC=C1N)C,273.37
23537,CC1=C(C=C(C=C1)NC(=O)C)Cl,183.63
23540,CN(C)C1=CC=C(C=C1)SC#N,178.26
23558,CCCCCCCCCC[N+](C)(C)CCCCCCCCCC.[Cl-],362.1
23565,CC1([C@@H](N2[C@H](S1)[C@@H](C2=O)NC(=O)[C@@H](C3=CC=CC=C3)N)C(=O)O)C.O.O.O,403.5
23603,C1CC2=CC=CC=C2C(C3=CC=CC=C31)C(=O)N,237.30
23654,CN(C)N=NC1=CC=CC=C1,149.19
23674,CCOC1=C2C(=C(C=C1)S(=O)(=O)O)C=CC=N2,253.28
23702,CCC(C(C1=CC(=C(C=C1)O)O)O)NC(C)C.CS(=O)(=O)O,335.42
23705,CCCCCCCCCCCC[N+](C)(C)CC1=CC=CC=C1.[Br-],384.4
23728,CN(C)CCN1CCN(C1=O)C2=CC(=CC=C2)Cl,267.75
23741,CCCCCCCCCCCCCCC1CO1,240.42
23892,C1=CC(=C(C=C1C2=CC(=C(C=C2)N)N)N)N.Cl.Cl.Cl.Cl,360.1
23894,CC(O)(P(=O)(O)[O-])P(=O)(O)[O-].[Na+].[Na+],249.99
24007,O=[Se]=O,110.97
24066,C1C[C@@H](O[C@@H]1CO)N2C=CC(=NC2=O)N,211.22
24107,CN1C(=O)CN2CCC3=CC=CC=C3C2C4=C1C=CC(=C4)Cl,312.8
24114,CCCCOC(=O)C(C)OC(=O)CCC,216.27
24116,C=CCOC(=O)C1=CC=CC=C1N,177.20
24210,CN(C1CCCCC1)C2CCCCC2,195.34
24233,CC(C(C)Cl)Cl,127.01
24244,C[N+]1(CCC2=CC(=C3C=C2[C@@H]1CC4=CC=C(C=C4)OC5=C6[C@@H](CC7=CC(=C(C=C7)OC)O3)[N+](CCC6=CC(=C5OC)OC)(C)C)OC)C.[I-].[I-],906.6
24261,O=[Si]=O,60.084
24268,[N+](=O)([O-])[O-].[Na+],84.995
24287,Cl[Sn](Cl)(Cl)Cl,260.5
24309,CCCCC(CC)COC(=O)CS,204.33
24314,CC(C)(C)OCC1CO1,130.18
24321,C1=CC=C(C=C1)CN(CC2=CC=CC=C2)CC3=CC=CC=C3,287.4
24351,CCC(=O)C1=CC2=C(C=C1)SC3=CC=CC=C3N2CCCN(C)C.Cl,376.9
24361,CC1=C(C(=CC=C1)C)NC(=O)CN2CCCC2,232.32
24393,[O-]S(=O)(=O)[O-].[Fe+2],151.91
24403,[O-]P(=O)([O-])OP(=O)([O-])[O-].[Na+].[Na+].[Na+].[Na+],265.90
24405,CC(=CCNC1=C2C(=NC=N1)N(C=N2)[C@H]3[C@@H]([C@@H]([C@H](O3)CO)O)O)C,335.36
24412,[O-]S(=O)(=O)OOS(=O)(=O)[O-].[K+].[K+],270.33
24433,CCCCOC(=O)C1=CC=CC=C1N,193.24
24434,[N+](=O)([O-])[O-].[K+],101.103
24436,[O-]S(=O)(=O)[O-].[Na+].[Na+],142.04
24451,OP(=O)([O-])OP(=O)(O)[O-].[Na+].[Na+],221.94
24466,CC1=C(C(=NC(=N1)N)N)C2=CC(=C(C=C2)Cl)Cl,269.13
24482,[NH4+].NS(=O)(=O)[O-],114.13
24502,[O-][Cr](=O)(=O)O[Cr](=O)(=O)[O-].[K+].[K+],294.18
24512,CCN1CN(CN(C1)CC)CC,171.28
24585,CC1CCC(C(C1)O)C(=C)C,154.25
24603,OS(=O)(=O)F,100.07
24633,[Cl-].[Cl-].[Cd+2],183.32
24639,[NH4+].[O-]Cl(=O)(=O)=O,117.49
24644,O.O.O.O.O.O.[Mg+2].[Cl-].[Cl-],203.30
24648,O=S(=O)(Cl)Cl,134.97
24671,C1=CC=C2C(=C1)C(=O)C(C2=O)C3=NC4=C(C=C(C=C4C=C3)S(=O)(=O)[O-])S(=O)(=O)[O-].[Na+].[Na+],477.4
24685,CC(C)OC(=O)NC1=CC=CC=C1,179.22
24699,CCCCCCCCCCCCCCCCCC(=O)OCC(CO)O,358.6
24705,C[Si](C)(C)O[Si](C)(C)O[Si](C)(C)C,236.53
24723,CCOP(=O)(OCC)SCCSCC,258.3
24726,C(/C=C/Cl)Cl,110.97
24730,CC(CN(CC(C)O)CC(C)O)O,191.27
24733,CC(=O)OCC(=O)[C@H]1CC[C@@H]2[C@@]1(CC(=O)[C@H]3[C@H]2CC[C@@H]4[C@@]3(CC[C@H](C4)O)C)C,390.5
24743,CCOC(=O)NC1=CC(=CC=C1)OC(=O)NC2=CC=CC=C2,300.31
24744,CC1=CC(=CC=C1)NC(=O)OC2=CC=CC(=C2)NC(=O)OC,300.31
24750,CCCCCCCCCCCCOCCO,230.39
24752,CCCCOCC(C)OCC(C)O,190.28
24762,CCCCCCCCCCCCCCCCCC(=O)OCCO,328.5
24764,C[Si](C)(C)O[Si](C)(C)C,162.38
24769,CN(C)CCCCCCN(C)C.C(CBr)CBr,374.20
24771,C[Si](=O)C,74.15
24773,CCCCCCCCCC1=CC=C(C=C1)OCCOCCO,308.5
24781,CC1=CC(=O)NO1,99.09
24798,[N+](=O)([O-])[O-].[N+](=O)([O-])[O-].[Ba+2],261.34
24812,Cl[In](Cl)Cl,221.17
24813,O=P(Cl)(Cl)Cl,153.33
24814,Cl[Sb](Cl)Cl,228.11
24819,P(Cl)(Cl)(Cl)(Cl)Cl,208.2
24838,CCCCCCOC(=O)C(C)CC,186.29
24842,NN.OS(=O)(=O)O,130.13
24846,[NH3+]O.[NH3+]O.[O-]S(=O)(=O)[O-],164.14
24847,CCCCCC(CCC)CO,158.28
24874,CCC(C)N,73.14
24915,CCCC(=O)OC(C)(C)CC1=CC=CC=C1,220.31
24934,[O-][Se](=O)[O-].[Na+].[Na+],172.95
24937,[N+](=O)([O-])[O-].[Tl+],266.39
24963,[N+](=O)([O-])[O-].[N+](=O)([O-])[O-].[Ca+2],164.09
25015,C[C@]12C=CC3=C4CCC(=O)C=C4CC[C@H]3[C@@H]1CC[C@@H]2O,270.4
25051,C1=CN2[C@H]3[C@H]([C@@H]([C@H](O3)CO)O)OC2=NC1=N,225.20
25053,CCCCC(CC)COCCC#N,183.29
25054,CC(CO)OCC(C)OCC(C)OC,206.28
25059,C(#N)C(C(=O)N)(Br)Br,241.87
25106,COCCOC(=O)CC#N,143.14
25127,CCOC(=O)C1=CC=C(C=C1)N(C)C,193.24
25146,CCOP(=S)(OCC)SC(CCl)N1C(=O)C2=CC=CC=C2C1=O,393.8
25152,C1=CC=C2C(=C1)C(=O)C(C2=O)C3=NC4=CC=CC=C4C(=C3O)Br,368.2
25208,CC1(C2CCC1(C(=O)C2=O)C)C,166.22
25213,C1=CC=C(C(=C1)C(=O)O)O.C(CO)N(CCO)CCO,287.31
25223,CC(C)(CC1=CC=CC=C1Cl)N,183.68
25229,CNC(=O)C1=C(C(=C(C(=C1I)NC(=O)CCCCC(=O)NC2=C(C(=C(C(=C2I)C(=O)O)I)C(=O)NC)I)I)C(=O)O)I,1253.9
25238,COC1=C(C=CC(=C1)CC=C)OC(=O)CC2=CC=CC=C2,282.3
25249,C[C@]12CC[C@H]3[C@H]([C@@H]1CC[C@]2(C)O)CC[C@@H]4[C@@]3(CC5=C(C4)NN=C5)C,328.5
25381,CC1(C2=CC=CC=C2C(=CCCN(C)C)C3=CC=CC=C31)C.Cl,327.9
25418,CCN(C)N=O,88.11
25429,COC(=O)NC1=NC2=CC=CC=C2N1,191.19
25495,C1=CC(=CN=C1)C(=O)OC[C@@H]2[C@H]([C@@H]([C@](O2)(COC(=O)C3=CN=CC=C3)O)OC(=O)C4=CN=CC=C4)OC(=O)C5=CN=CC=C5,600.5
25572,COC1=CC=C(C=C1)C(C2CC2)(C3=CN=CN=C3)O,256.30
25607,C1=CC(=C(C=C1Cl)Cl)C(Cl)(Cl)Cl,264.4
25608,C1=CC(=C(C=C1C(Cl)(Cl)Cl)Cl)Cl,264.4
25612,C=CCCCCCCCCO,156.26
25622,C1=CC=C(C(=C1)C2=CC=CC=C2Cl)Cl,223.09
25644,C=CC(=O)OCCCCCCOC(=O)C=C,226.27
25670,CCOP(=S)(OCC)SCSC(C)(C)C,288.4
25711,CNC(=O)N(C1=CC=CC=C1)C2=CC=CC=C2,226.27
25798,CN(C)CCS.Cl,141.66
25804,C[N+](C)(C)CCCC(=O)OC.[Cl-],195.69
25833,CCC=CC#N,81.12
25887,COC1=CC(=CC(=C1OC)OC)CC#N,207.23
25912,CN(C(=O)NC1=CC(=C(C=C1)Br)Cl)OC,293.54
25914,CCCCNCC,101.19
26030,Cl[Au](Cl)Cl,303.32
26033,CCOC(=O)C1=CN2C(=CC(=N2)OP(=S)(OCC)OCC)N=C1C,373.37
26041,C1=CC=[N+](C(=C1)[S-])[O-].C1=CC=[N+](C(=C1)[S-])[O-].[Zn+2],317.7
26049,CC1=CCC2C(C1)C2(C)C,136.23
26068,CC(C)(C)C1CCCCC1O,156.26
26098,CCCC1C(=O)N2C3=C(C=CC(=C3)C)N=C(N2C1=O)N(C)C,300.36
26124,CCOP(=S)(OCC)OC1=NC2=CC=CC=C2N=C1,298.30
26132,CC(=O)C1=C(C(=C(C=C1)Cl)Cl)Cl,223.5
26133,CCCC(=O)O[C@@]1(CC[C@@H]2[C@@]1(C[C@@H]([C@H]3[C@H]2CCC4=CC(=O)CC[C@]34C)O)C)C(=O)CO,432.5
26176,CC(CCl)OP(=O)(OC(C)CCl)OC(C)CCl,327.6
26177,C(C(CCl)OP(=O)(OC(CCl)CCl)OC(CCl)CCl)Cl,430.9
26197,CCCCCCCCCCCCCC(=O)OCC(COP(=O)([O-])OCC[N+](C)(C)C)OC(=O)CCCCCCCCCCCCC,677.9
26204,CC(C)CC(=O)C(=O)C,128.17
26229,C1=CC(=CC=C1OCC(=O)O)Cl,186.59
26248,CC(=O)OC1=CC=CC2=C1C(=O)C3=C(C2=O)C=C(C=C3OC(=O)C)C(=O)O,368.3
26289,CC(C)C1=CC=C(C=C1)C#N,145.20
26295,C1=CC=C(C=C1)OC2=CC=CC(=C2)CO,200.23
26323,CCCSC(=O)Cl,138.62
26383,CCCCC1=CC2=C(C=C1OCC3=CC=CC=C3)NC=C(C2=O)C(=O)OC,365.4
26391,CC(=O)OC1=CC=C(C=C1)C2(C(=O)NC3=CC=CC=C3O2)C4=CC=C(C=C4)OC(=O)C,417.4
26436,CCOC(=O)CC1=CC=C(C=C1)C2=CC=CC=C2,240.30
26447,C[C@@H]1CC[C@H](C(=O)C1)C(C)C,154.25
26483,CC1(C2CCC1(C[N+](C2)(C)CCC[N+](C)(C)C)C)C.COS(=O)(=O)[O-].COS(=O)(=O)[O-],490.7
26534,CCNC1(CCCCC1=O)C2=CC=CS2.Cl,259.80
26596,CCCCC1=CC2=C(C=C1)N=C(N2)NC(=O)OC,247.29
26602,CCOC(=O)NC(C)(C)CC1=CC=C(C=C1)Cl,255.74
26618,CC1=C(C(=CC=C1)C)NC(=O)C2=CC(=C(C=C2O)Cl)S(=O)(=O)N,354.8
26633,CCN(CC)C(=S)[S-].CCN(CC)C(=S)[S-].[Zn+2],361.9
26650,COC1=CC(=CC(=C1OC)OC)C(=O)N2CCCCCCC2,307.4
26690,CCCCCCCCCC(=O)N(C)C,199.33
26710,CN(C)C(=S)[S-].CN(C)C(=S)[S-].CN(C)C(=S)[S-].[Fe+3],416.5
26758,C[C@H](CC1=CC=CC=C1)N(C)CC#C.Cl,223.74
26762,CC(CC1=CC=CC=C1)N(C)CC2=CC=CO2,229.32
26808,CC1=CN=C(C(=N1)C)C,122.17
26951,CC(C)C1=NC=C(N1C)[N+](=O)[O-],169.18
26964,C1=CC(=C(C(=C1CNNC(=O)C(CO)N)O)O)O.Cl,293.70
26975,CCCCCC1=CC=C(C=C1)O,164.24
26989,CCCC(C)C(CC)O,130.23
27020,C1=CC=C2C(=C1)C(=O)OC23C4=CC(=C(C(=C4OC5=C(C(=C(C=C35)Br)O)Br)Br)O)Br,647.9
27054,C1=CC=C(C(=C1)CCO)[N+](=O)[O-],167.16
27189,CCN(CC)C(=O)C(C)OC1=CC=CC2=CC=CC=C21,271.35
27195,C1=CC=C(C=C1)NC(=O)C2=CC=CC=C2I,323.13
27200,CS(=O)(=O)C1=CC=C(C=C1)[C@H]([C@@H](CO)NC(=O)C(Cl)Cl)O,356.2
27211,C1C2=CC=CC=C2N(C1=O)C3=C(C=CC=C3Cl)Cl,278.1
27295,C1=CC(=CC=C1[N+](=O)[O-])OC2=C(C=C(C=C2)C(F)(F)F)[N+](=O)[O-],328.20
27350,CC(=O)O[C@H]1C[C@@H]2CC[C@@H]3[C@@H]([C@]2(C[C@@H]1[N+]4(CCCCC4)C)C)CC[C@]5([C@H]3C[C@@H]([C@@H]5OC(=O)C)[N+]6(CCCCC6)C)C.[Br-].[Br-],732.7
27368,CCC(C1=CC=CC=C1)C(=O)OCCN(CC)CC,263.37
27400,CN1CCC(=C2C3=C(CCC4=CC=CC=C42)SC=C3)CC1,295.4
27423,CCC(COC(=O)C=C)(COC(=O)C=C)COC(=O)C=C,296.31
27447,CC1=C(N2[C@@H]([C@@H](C2=O)NC(=O)[C@@H](C3=CC=CC=C3)N)SC1)C(=O)O,347.4
27448,C1=CC(=CC=C1NC(=O)C2=CC(=C(S2)Br)Br)Br,439.95
27453,CCC(CC)(CNC(=O)CCCO)C1=CC(=CC=C1)OC,293.4
27457,CCC1=NC=CN=C1C,122.17
27458,CCC1=NC=CN=C1CC,136.19
27461,C(CN(CC(=O)[O-])CC(=O)[O-])N(CC(=O)[O-])CC(=O)[O-].[Na+].[Fe+3],367.05
27465,C1=C(C(=CC(=C1Cl)N)Cl)C2=CC(=C(C=C2Cl)N)Cl,322.0
27503,C1=CC2=C(C(=C1)OCC(COC3=CC=CC4=C3C(=O)C=C(O4)C(=O)[O-])O)C(=O)C=C(O2)C(=O)[O-].[Na+].[Na+],512.3
27582,C1=CC(=C(C(=C1O)Cl)Cl)Cl,197.4
27648,CC(CN(C1=C(C=C(C(=C1I)N)I)I)C(=O)C)C(=O)O,613.96
27655,C(C(C(=O)O)Cl)C(=O)O,152.53
27661,C1[C@@H]([C@@H]2[C@H](O1)[C@@H](CO2)O[N+](=O)[O-])O,191.14
27689,CCNC(=O)C(C)OC(=O)NC1=CC=CC=C1,236.27
27812,CC[C@]12C=CC3=C4CCC(=O)C=C4CC[C@H]3[C@@H]1CC[C@]2(C#C)O,308.4
27866,CC1CCOC(C1)C=C(C)C,154.25
27882,CC1=C(C=C(C=C1)N)OC,137.18
27891,CCCCNC1=CC=C(C=C1)C(=O)OCC[NH+](CC)CC.[Cl-],328.9
27901,CN1CCC(CC1)N(CC2=CC=CS2)C3=CC=CC=C3,286.4
27909,CC(C=C)C#N,81.12
27918,C1=CC=C(C=C1)P(=O)(CC(=O)NN)C2=CC=CC=C2,274.25
27941,CCC(C)(C)C1CCC(=O)CC1,168.28
27944,C1CSC2=N[C@H](CN21)C3=CC=CC=C3.Cl,240.75
27979,CC(C)COCNC(=O)C=C,157.21
27982,C(CCl)P(=O)(O)O,144.49
27990,CC1=C(C(=C(C2=C1O[C@](CC2)(C)CCC[C@H](C)CCC[C@H](C)CCCC(C)C)C)OC(=O)C3=CN=CC=C3)C,535.8
28061,CC1=NC=C(N1CC(CCl)O)[N+](=O)[O-],219.62
28115,C1=CNC(=O)C(=C1)O,111.10
28118,[H+].[B-](F)(F)(F)F,87.82
28127,F[Si-2](F)(F)(F)(F)F.[Na+].[Na+],188.055
28145,[NH4+].[NH4+].F[Si-2](F)(F)(F)(F)F,178.153
28207,CCOC1=C(C=C(C=C1)NC(=O)C)N,194.23
28213,CCS(=O)(=O)CCSP(=O)(OC)OC,262.3
28280,CC(C)(CO)[C@H](C(=O)NCCCC(=O)[O-])O.CC(C)(CO)[C@H](C(=O)NCCCC(=O)[O-])O.[Ca+2],504.6
28292,CCOP(=O)(SC1=CC=CC=C1)SC2=CC=CC=C2,310.4
28308,C1=CC=C2C=C3C=C(C=CC3=CC2=C1)Cl,212.67
28417,C[C@]12CC[C@H]3[C@H]([C@@H]1CC[C@]2(C#C)O)CCC4=CC5=C(C[C@]34C)C=NO5,337.5
28446,CNC1=C2CCCCC2=NN1C,165.24
28503,C1=CC=C(C=C1)CCI,232.06
28523,C[C@H]1CC[C@]2([C@H]([C@H]3[C@@H](O2)C[C@@H]4[C@@]3(CC[C@H]5[C@H]4CC[C@@H]6[C@@]5(CC[C@@H](C6)O[C@H]7[C@@H]([C@H]([C@H]([C@H](O7)CO)O[C@H]8[C@@H]([C@H]([C@@H]([C@H](O8)CO)O)O[C@H]9[C@@H]([C@H]([C@@H](CO9)O)O)O)O[C@H]2[C@@H]([C@H]([C@@H]([C@H](O2)CO)O)O)O)O)O)C)C)C)NC1,1034.2
28531,C1=CC=C(C=C1)OC2=C(C3=C(C(=C2)O)C(=O)C4=CC=CC=C4C3=O)N,331.3
28532,C1=CC(=C(C=C1[N+](=O)[O-])C#N)N,163.13
28554,CCN(CC)CCNC(=O)COC1=CC=C(C=C1)Cl,284.78
28594,CC(C)(COCC1CO1)COCC2CO2,216.27
28620,C[C@@H]1[C@H]([C@H](C[C@@H](O1)O[C@H]2CC[C@]3([C@@H](C2)CC[C@@H]4[C@@H]3C[C@H]([C@]5([C@@]4(CC[C@@H]5C6=CC(=O)OC6)O)C)O)C)O)O[C@H]7C[C@@H]([C@@H]([C@H](O7)C)O[C@H]8C[C@@H]([C@@H]([C@H](O8)C)O[C@H]9[C@@H]([C@H]([C@@H]([C@H](O9)CO)O)O)O)O)O,943.1
28693,CN1C[C@@H](C[C@H]2[C@H]1CC3=CN(C4=CC=CC2=C34)C)CNC(=O)OCC5=CC=CC=C5,403.5
28697,C1=CC(=C(C(=C1[N+](=O)[O-])Cl)Cl)Cl,226.4
28718,CC1=C(C=CC=C1Cl)NC2=C(C=CC=N2)C(=O)O,262.69
28767,CN(CCCOC1=C(C=C(C=C1)Cl)Cl)CC#C.Cl,308.6
28768,C1=CC(=CN=C1)C(C2=CC=C(C=C2)Cl)(C3=CC=C(C=C3)Cl)O,330.2
28777,C1CCC(CC1)SN2C(=O)C3=CC=CC=C3C2=O,261.34
28780,CCCCNC(=O)N1C2=CC=CC=C2N=C1NC(=O)OC,290.32
28803,C=CC(=O)OCCOCCOCCOCCOC(=O)C=C,302.32
28858,C1=CC(=CC=C1C2=NC(=CS2)CC(=O)O)Cl,253.71
28871,C1=CC=C(C=C1)C2=NC(=C(S2)CC(=O)O)C3=CC=C(C=C3)Cl,329.8
28891,CCC(C1=CC=CC=C1)C(=O)OCCOCCN(CC)CC.C(C(=O)O)C(CC(=O)O)(C(=O)O)O,499.6
28931,C1CCN(CC1)CCC2OC(=O)C(O2)(C3=CC=CC=C3)C4=CC=CC=C4.Cl,387.9
28935,COP(=S)(OC)OC1=CC(=C(C=C1Cl)I)Cl,413.00
28999,CCCCC(CC)C(=O)OCCOCCOCCOCCOC(=O)C(CC)CCCC,446.6
29096,CC(CCCC(C)(C)O)C=C,156.26
29112,CCCCCCCCCCOC1=C(C=C2C(=C1)C(=O)C(=CN2)C(=O)OCC)OCC,417.5
29216,CNC(=O)N(C)C1=NC2=CC=CC=C2S1,221.28
29228,C1=C(C=C(C(=C1Cl)[N+](=O)[O-])Cl)Cl,226.4
29249,CCCCCCCCCC(CC)C1=CC=C(C=C1)S(=O)(=O)O,326.5
29307,CCOP(=S)(OCC)OC1=NOC(=C1)C2=CC=CC=C2,313.31
29327,CN(C(=O)N[C@@H]1[C@H]([C@@H]([C@H](O[C@@H]1O)CO)O)O)N=O,265.22
29354,CCCCCCOC1=CC=C(C=C1)O,194.27
29393,CCCN(CCC)C1=C(C=C(C=C1[N+](=O)[O-])S(=O)(=O)N)[N+](=O)[O-],346.36
29728,C=CC(=O)OCC(CBr)Br,271.93
29732,CC(C)OC1=C(C=C(C(=C1)N2C(=O)OC(=N2)C(C)(C)C)Cl)Cl,345.2
29858,C1=CC2=C(C=C1Cl)OC(=O)N2,169.56
29872,C1=CC2=C(C(=C1)Cl)N=C(S2)N,184.65
29959,COP(=O)(CCC(=O)NCO)OC,211.15
30019,CCC[C@H](C)C1(C(=O)NC(=O)NC1=O)CC=C,238.28
30231,C[C@H]1[C@@H]([C@H]([C@H]([C@@H](O1)O[C@@H]2[C@H]([C@@H]([C@H](O[C@H]2OC3=CC(=C(C(=C3)O)C(=O)CCC4=CC(=C(C=C4)OC)O)O)CO)O)O)O)O)O,612.6
30323,C[C@H]1[C@H]([C@H](C[C@@H](O1)O[C@H]2C[C@@](CC3=C2C(=C4C(=C3O)C(=O)C5=C(C4=O)C(=CC=C5)OC)O)(C(=O)C)O)N)O,527.5
30360,C1CCCN(CCC1)N=O,142.20
30479,CC(C)(C)C1=NN=C(N(C1=O)N)SC,214.29
30530,CC1=NC=C(C=C1)CCN2C3=C(CN(CC3)C)C4=C2C=CC(=C4)Cl,339.9
30541,CCCCC(CC)COC(=O)C1=CC=C(C=C1)N(C)C,277.4
30623,CC(CN1CC(=O)NC(=O)C1)N2CC(=O)NC(=O)C2,268.27
30627,COC1=CC(=CC(=C1OC)OC)C(=O)NCCCCCC(=O)O,325.36
30630,CC1(C2=C(C=CC(=C2)Br)NC(=O)O1)C,256.10
30668,CC(C1=NCCN1)OC2=C(C=CC=C2Cl)Cl,259.13
30692,C1=CC=C2C(=C1)N=C(S2)SCSC#N,238.4
30709,COP(=S)(C1=CC=CC=C1)OC2=CC(=C(C=C2Cl)Br)Cl,412.1
30717,C1C2=CC=CC=C2C(=O)N3N1C(=O)C4=CC=CC=C4C3,264.28
30771,CC(=O)OCCC1CCCCC1,170.25
30773,CCNC1=NC(=NC(=N1)Cl)NC(C)(C)C#N,240.69
30914,CC(=O)C1=NC=CN=C1,122.12
30951,C=CCOC1=C(C=C(C=C1)CC(=O)O)Cl,226.65
31018,C1=CC(=CN=C1)CN,108.14
31060,CN1CCC(CC1)OC(=O)C(OC2=CC=C(C=C2)Cl)OC3=CC=C(C=C3)Cl,410.3
31070,CCOP(=O)(NC(C)C)OC1=CC(=C(C=C1)SC)C,303.36
31072,CCOC(=O)N1C=CN(C1=S)C,186.23
31100,CC(C)C[C@H]1C(=O)N2CCC[C@H]2[C@]3(N1C(=O)[C@](O3)(C(C)C)NC(=O)[C@H]4CN([C@@H]5CC6=C(NC7=CC=CC(=C67)C5=C4)Br)C)O.CS(=O)(=O)O,750.7
31101,CC(C)C[C@H]1C(=O)N2CCC[C@H]2[C@]3(N1C(=O)[C@](O3)(C(C)C)NC(=O)[C@H]4CN([C@@H]5CC6=C(NC7=CC=CC(=C67)C5=C4)Br)C)O,654.6
31143,CCC[C@@H](C)C1(C(=O)NC(=O)NC1=O)CC=C,238.28
31170,P#[In],145.792
31195,C(P(=O)(O)[O-])(P(=O)(O)[O-])(Cl)Cl.[Na+].[Na+],288.85
31200,CC1=C(C=CC(=C1)OP(=S)(OC)OC)[N+](=O)[O-],277.24
31202,CCCCCCCCCCCCCCCC[N+](C)(C)CC1=CC=CC=C1.[Cl-],396.1
31204,CCCCCCCCCCCCCCCCCC[N+](C)(C)CC1=CC=CC=C1.[Cl-],424.1
31208,C1=CC=C(C=C1)NC2=CC=C(C=C2)O,185.22
31211,CC(=O)CCC1=CC(=C(C=C1)O)OC,194.23
31214,CCOC(OCC)OCC,148.20
31215,CCOP(OCC)OCC,166.16
31217,C1C(O1)COC2=CC=CC=C2,150.17
31218,CCCCC(CC)COC(=O)CCCCCCCCC(=O)OCC(CC)CCCC,426.7
31219,CCC(=O)OCC1=CC=CC=C1,164.20
31222,C1=CC=C(C=C1)NNC2=CC=CC=C2,184.24
31225,CCC(=O)OCCC1=CC=CC=C1,178.23
31226,CC(=O)OCCCC1=CC=CC=C1,178.23
31227,CC(C)CCOCC1=CC=CC=C1,178.27
31230,CC(=O)NC1=CC=C(C=C1)N,150.18
31234,C1=CC=C(C=C1)CCCO,136.19
31236,C1=CC=C(C=C1)OCCO,138.16
31237,CCCCCCCCCCCCC1=CC=CC=C1,246.4
31238,CCCCCCCCCCCCCC1=CC=CC=C1,260.5
31239,CCCCCCCCCCCCCCCC[N+]1=CC=CC=C1.[Cl-],340.0
31241,CCCCC(CC)C=O,128.21
31242,CCC1=CC=C(C=C1)O,122.16
31243,CSC1=CC=C(C=C1)Cl,158.65
31244,COC1=CC=C(C=C1)C=O,136.15
31245,CCCC(C)C=O,100.16
31249,CCOC(=O)CCC(=O)OCC,174.19
31251,CCCCCCCCC(=O)OCC,186.29
31253,CC(=CCCC(=C)C=C)C,136.23
31255,C[N+](C)(C)CCO.[OH-],121.18
31256,CC(=O)CC(C)(C)O,116.16
31260,CC(C)CCO,88.15
31261,CC(=O)CC(=O)C,100.12
31263,CCC(=O)OC(=O)CC,130.14
31264,CC1OC(OC(O1)C)C,132.16
31265,CCCCCC(=O)OCC,144.21
31272,CCCCOC(=O)C,116.16
31275,C1COCCO1,88.11
31276,CC(C)CCOC(=O)C,130.18
31279,C=CCNCC=C,97.16
31280,CCCCCCCCCCCCCCCC[N+](C)(C)CC.[Br-],378.5
31282,C(COC(=O)Cl)OC(=O)Cl,186.97
31283,CCCCCCCCCCCCCC(=O)OCC,256.42
31284,CCCCCCCCCCCCCC(=O)OC,242.40
31286,CCCCCCCC#N,125.21
31288,CCCCOCCOCCOC(=O)C,204.26
31289,CCCCCCCCC=O,142.24
31291,CCCCCCCCCCCCCC=O,212.37
31294,C(=O)(N)N.OO,94.07
31296,C(Cl)(Br)Br,208.28
31297,CS(=O)(=O)Cl,114.55
31298,C(O)[P+](CO)(CO)CO.[Cl-],190.56
31307,C[C@]12C[C@@H]([C@]3([C@H]([C@@H]1C[C@H]([C@@]2(C(=O)CO)O)O)CCC4=CC(=O)C=C[C@@]43C)F)O,394.4
31315,C1=CC=C2C(=C1)C(C(=O)N2)(C3=CC=C(C=C3)O)C4=CC=C(C=C4)O,317.3
31331,CC(CC(C#N)(C1=CC=CC=C1)C2=CC=CC=C2)N(C)C,278.4
31335,CC1(C(=O)N(C(=O)N1Cl)Br)C,241.47
31337,C(C(CO)(CO)[N+](=O)[O-])O,151.12
31340,CC(=O)OC[C@@H]1[C@H]([C@@H]([C@H]([C@H](O1)O[C@]2([C@H]([C@@H]([C@H](O2)COC(=O)C)OC(=O)C)OC(=O)C)COC(=O)C)OC(=O)C)OC(=O)C)OC(=O)C,678.6
31343,CCCC(=O)OC(C(Cl)(Cl)Cl)P(=O)(OC)OC,327.5
31344,CC(C)(CO)CO,104.15
31347,C1CCS(=O)(=O)C1,120.17
31352,C(C(CO)(CO)COCC(CO)(CO)CO)O,254.28
31353,CC(=CCCC(C)(C=C)OC(=O)C1=CC=CC=C1)C,258.35
31355,CC(C)COP(=O)(OCC(C)C)OCC(C)C,266.31
31356,C(C(CBr)Br)OP(=O)(OCC(CBr)Br)OCC(CBr)Br,697.6
31357,CCCCOP(=O)(OCCCC)OCCCC,266.31
31362,CC(C)CC(C)(C#CC(C)(CC(C)C)O)O,226.35
31368,CC(=C)C#N,67.09
31370,CC(CCl)O,94.54
31373,C(=C(Cl)Cl)(Cl)Cl,165.8
31374,CC(=O)N(C)C,87.12
31378,C[C@]12CCC(=O)C=C1CC[C@@H]3[C@@]2([C@H](C[C@]4([C@H]3CC[C@@]4(C(=O)CO)O)C)O)F,380.4
31386,C1=CC=C(C=C1)S(=O)(=O)C2=CC=CC=C2,218.27
31389,C1=CC(=CC(=C1)S(=O)(=O)[O-])[N+](=O)[O-].[Na+],225.16
31390,C1=CC=C(C=C1)NS(=O)(=O)C2=CC=C(C=C2)N,248.30
31398,C1CC(=O)N(C1=O)Cl,133.53
31402,CC(=O)[C@H]1CC[C@@H]2[C@@]1(CC[C@H]3[C@H]2CC[C@H]4[C@@]3(CC[C@H](C4)O)C)C,318.5
31404,CC1=CC(=C(C(=C1)C(C)(C)C)O)C(C)(C)C,220.35
31405,CC(C)(C)C1=C(C(=CC=C1)C(C)(C)C)O,206.32
31420,C1=CC=C2C(=C1)C(=O)C3=C(C=CC(=C3C2=O)N)N,238.24
31423,C1=CC2=C3C(=C1)C=CC4=CC=CC(=C43)C=C2,202.25
31426,CC1=C(C2=C(C=C1)C(=O)C3=CC=CC=C3C2=O)[N+](=O)[O-],267.24
31432,CC(C)(C)C(=O)C(Cl)Cl,169.05
31473,CC(C)CCOCC(CN1CCOCC1)OC(=O)C2=CC(=C(C(=C2)OC)OC)OC,425.5
31475,C1=CC(=CC=C1OC2=C(C=C(C=C2)NC(=O)C3=C(C(=CC(=C3)I)I)O)Cl)Cl,626.0
31477,CC1=CC(=C(C(=C1OC(=O)C)C)C)OCC(CNC(C)C)O,309.4
31492,CC1C(=NC(O1)C)C,113.16
31553,COC1=C(C=CC(=C1)[C@@H]2[C@H](OC3=C(O2)C=C(C=C3)[C@@H]4[C@H](C(=O)C5=C(C=C(C=C5O4)O)O)O)CO)O,482.4
31573,CCNC1=NC(=NC(=N1)SC)NC(C)C(C)C,255.39
31593,C1=CC=C(C=C1)CNC(=O)CN2C=CN=C2[N+](=O)[O-],260.25
31635,C1=CC=C(C=C1)CCNC2=CC=CC=C2C(=O)O,241.28
31645,CC1=C(N=C(N=C1OC(=O)N(C)C)N(C)C)C,238.29
31677,CCCCOCN(C1=C(C=CC=C1CC)CC)C(=O)CCl,311.8
31728,C[C@@H]([C@@H](C1=CC=C(C=C1)O)O)NCCC2=CC=C(C=C2)O.Cl,323.8
31736,C1=CC=C(C=C1)COC(=O)C2=CC=CC=C2C(=O)O,256.25
31799,C[N+]1(CCCCC1COC(=O)C(C2=CC=CC=C2)(C3=CC=CC=C3)O)C.COS(=O)(=O)[O-],465.6
31899,CNC(=O)OC1=CC=CC(=C1)N=CN(C)C.Cl,257.72
31954,CCC(=O)OCCOC1=CC=CC=C1,194.23
31957,CCN(CC)C1=NC(=CC(=N1)OP(=S)(OCC)OCC)C,333.39
32065,CC1CCC2=NC=CN=C12,134.18
32154,CC(C)(C#C)NC(=O)C1=CC(=CC(=C1)Cl)Cl,256.12
32169,CCCNC(C)C(=O)NC1=C(SC=C1C)C(=O)OC.Cl,320.84
32184,CCOP(=S)(OCC)OC1=NN(C=N1)C2=CC=CC=C2,313.31
32241,CC(C)C1=CC2=C(C=C1)C=C(C=C2)C(C)C,212.33
32322,CCCC(C)(COC(=O)N)COC(=O)NC1CC1,258.31
32343,C1=C2C(=C3C=C(C(=O)C(=C3OC2=C(C(=C1I)[O-])I)I)I)C4=C(C(=C(C(=C4Cl)Cl)Cl)Cl)C(=O)[O-].[Na+].[Na+],1017.6
32346,C1=CC=C2C(=C1)NC(=N2)NC(=O)N,176.18
32484,CC(C)C1=C(C(=CC=C1)C(C)C)N,177.29
32485,CCC1=CC=CC(=C1N)C,135.21
32490,CCCOC(=O)NCCCN(C)C,188.27
32518,CCCCCCCCCCCCCN1CC(OC(C1)C)C,297.5
32593,C1CN(CCC1C(=O)C2=CC=C(C=C2)F)CCCC(=O)C3=CC=C(C=C3)F,371.4
32594,CC(C)CC1=NC=CN=C1OC,166.22
32739,CCOP(=S)(OCC)SCCl,234.7
32778,CC1=CC(=NO1)C(=O)NCCC2=CC=C(C=C2)S(=O)(=O)NC(=O)NN3CCCCCC3,449.5
32793,CC(C)C(C)(C)C(C)(C)C(C)(C)S,202.40
32798,CCC(=O)O[C@@]1([C@H](C[C@@H]2[C@@]1(C[C@@H]([C@]3([C@H]2CCC4=CC(=O)C=C[C@@]43C)F)O)C)C)C(=O)CCl,467.0
32872,CCOP(=S)(NC(C)C)OC1=CC=CC=C1C(=O)OC(C)C,345.4
32897,CN(C)CC1=CC=CC=C1O,151.21
32912,CCCCCCCCC(CCCCCC)C(=O)O,256.42
32933,CCCCCCCCCCC=CC1CC(=O)OC1=O,266.38
32995,CN(C)C(=O)CNC(=O)CC1=CC=CC=C1,220.27
33005,C(=O)(C(=O)[O-])[O-].[Ca+2],128.10
33032,C(CC(=O)O)[C@@H](C(=O)O)N,147.13
33039,CC1=CN(C(=O)NC1=O)[C@H]2C[C@@H]([C@H](O2)CO)F,244.22
33094,CC1=CC=CC=C1C(=O)OC,150.17
33133,CC1=CC(=CC(=C1)OP(=O)(OC2=CC(=CC(=C2)C)C)OC3=CC(=CC(=C3)C)C)C,410.4
33176,CC1=C(C2=C(N1CC(=O)O)C=C(C=C2)OC)C(=O)C3=CC=C(C=C3)Cl,357.8
33254,CC1=CC(=NN=C1NCCN2CCOCC2)C3=CC=CC=C3.Cl.Cl,371.3
33255,CC1=NN=C(S1)SCC2=C(N3[C@@H]([C@@H](C3=O)NC(=O)CN4C=NN=N4)SC2)C(=O)O,454.5
33256,CCOP(=O)(C(=O)N)[O-].[NH4+],170.10
33258,CC1=CC(=C(C=C1S(=O)(=O)[O-])OC)N=NC2=C(C=CC3=C2C=CC(=C3)S(=O)(=O)[O-])O.[Na+].[Na+],496.4
33263,CCC(C)(C)C1=CC(=C(C(=C1)N2N=C3C=CC=CC3=N2)O)C(C)(C)CC,351.5
33286,C[N+](C)(CC=C)CC=C.[Cl-],161.67
33309,CC(C)OC(=O)NC1=CC2=C(C=C1)N=C(N2)C3=CSC=N3,302.35
33334,COC1=CC2=C(C=C1)N=C(S2)NC(=O)NC3=CC=CC=C3,299.3
33344,CN1C(=O)C=C(S1)Cl,149.60
33360,CCOC1C(C2=C(O1)C=CC(=C2)OS(=O)(=O)C)(C)C,286.35
33443,CCC(C)NC1=NC(=NC(=N1)NCC)OC,225.29
33478,CC1([C@@H](N2[C@H](S1)[C@@H](C2=O)NC(=O)[C@@H](C3=CC=CC=C3)N)C(=O)OCOC(=O)C(C)(C)C)C,463.5
33498,CC1=C(N2[C@@H]([C@@H](C2=O)N)SC1)C(=O)O,214.24
33500,CCCN(CC1CC1)C2=C(C=C(C=C2[N+](=O)[O-])C(F)(F)F)[N+](=O)[O-],347.29
33528,CCCCCCCCN1C(=O)C=CS1,213.34
33557,[N-]=[N+]=[N-].[Na+],65.010
33565,C1CN(CCN1C(C(Cl)(Cl)Cl)NC=O)C(C(Cl)(Cl)Cl)NC=O,435.0
33599,CC(C)CCCCCCCOC(=O)C1=CC=CC=C1C(=O)OCCCCCCCC(C)C,446.7
33611,CN(CCCN1C2=CC=CC=C2CCC3=CC=CC=C31)CC(=O)C4=CC=C(C=C4)Cl.Cl,455.4
33613,CC1([C@@H](N2[C@H](S1)[C@@H](C2=O)NC(=O)[C@@H](C3=CC=C(C=C3)O)N)C(=O)O)C,365.4
33624,CC(C)(C)NC[C@@H](COC1=NSN=C1N2CCOCC2)O,316.42
33630,C1CN(CCC1(C2=CC(=C(C=C2)Cl)C(F)(F)F)O)CCCC(C3=CC=C(C=C3)F)C4=CC=C(C=C4)F,524.0
33733,CC(C)CCCCCCCOC(=O)CCCCC(=O)OCCCCCCCC(C)C,426.7
33775,CNC1=C(C(=O)N(N=C1)C2=CC=CC(=C2)C(F)(F)F)Cl,303.67
33919,C1=CC=C(C=C1)C2=NC3=C(N2)C=C(C=C3)S(=O)(=O)O,274.30
33925,CCC1(C(=O)N(C(=O)N(C1=O)COC)COC)C2=CC=CC=C2,320.34
33934,CC(C)CCCCCOC(=O)C1=CC=CC=C1C(=O)OCCCCCC(C)C,390.6
33960,CCCCCC1=CC=CC(=O)O1,166.22
34001,C1CC(CCC1CN)C(=O)OC2=CC=C(C=C2)CCC(=O)O.Cl,341.8
34040,CN1C[C@@H](C[C@]2([C@H]1CC3=CN(C4=CC=CC2=C34)C)OC)COC(=O)C5=CC(=CN=C5)Br,484.4
34051,CC1=CC(=CC=C1)N(C)C(=S)OC2=CC3=C(CCC3)C=C2,297.4
34081,C1CC(C(C(C1)(COC(=O)C2=CN=CC=C2)COC(=O)C3=CN=CC=C3)O)(COC(=O)C4=CN=CC=C4)COC(=O)C5=CN=CC=C5,640.6
34192,CCN(CC)C(=O)SCC1=CC=C(C=C1)Cl,257.78
34286,CC1=C(C=CO1)S,114.17
34306,CC(C)CCCCCOC(=O)CS,204.33
34312,C1C2=CC=CC=C2N(C3=CC=CC=C3C1=O)C(=O)N,252.27
34313,CC1=C(OC(=C1C(=O)NC2=CC=CC=C2)C)C,229.27
34359,C[C@](CC1=CC(=C(C=C1)O)O)(C(=O)O)NN,226.23
34458,COC1=C(C2=C(CC3C4=CC5=C(C=C4CCN3C2)OCO5)C=C1)OC,339.4
34468,CCN(CC)C1=C(C=C(C(=C1[N+](=O)[O-])N)C(F)(F)F)[N+](=O)[O-],322.24
34469,CCCN(CCC)C1=C(C=C(C(=C1[N+](=O)[O-])N)C(F)(F)F)[N+](=O)[O-],350.29
34526,CCN(CC)C1=NC(=CC(=N1)OP(=S)(OC)OC)C,305.34
34632,CCOC(=O)NC1=CC2=C(C=C1)SC3=CC=CC=C3N2C(=O)CCN4CCOCC4.Cl,464.0
34665,C1=C(N=C(S1)N)CC(=O)O,158.18
34697,CC(C)CCCCCCCOP(=O)(OC1=CC=CC=C1)OC2=CC=CC=C2,390.5
34757,CC1=CC2=C(C=C1C)SC(=N2)N,178.26
34763,CC(C)CCCCCCCOC(=O)C(=C)C,226.35
34766,CCSCC1=CC=CC=C1OC(=O)NC,225.31
34767,CCOC(=O)N1CCC(=O)CC1,171.19
34870,C1CC2=CC=CC=C2C(C3=CC=CC=C31)NCCCCCCC(=O)O,337.5
35330,CC1=CC=C(C=C1)C(=O)OC2=C(C=C(C=C2)C(CNC(C)(C)C)O)OC(=O)C3=CC=C(C=C3)C,461.5
35370,CC1=CN(C(=O)NC1=O)[C@H]2C[C@@H]([C@H](O2)CO)N=[N+]=[N-],267.24
35375,C1=CC=C(C(=C1)C(=O)OCCOCCO)NC2=CC=CC(=C2)C(F)(F)F,369.3
35455,CC(=CCC1C(=O)N(N(C1=O)C2=CC=CC=C2)C3=CC=CC=C3)C,320.4
35740,C1=C(C(=C(C(=C1I)NC(=O)CCOCCOCCOCCOCCC(=O)NC2=C(C=C(C(=C2I)C(=O)O)I)I)I)C(=O)O)I,1287.9
35751,CC(=O)C1=CC=C(C=C1)OCC(=O)N2CCCCC2,261.32
35785,CCC(=O)C1CC(CC=C1C)C(C)C,194.31
35803,COC(=O)NC1=NC2=C(N1)C=C(C=C2)C(=O)C3CC3,259.26
35969,CN(C)C1CSSSC1.C(=O)(C(=O)O)O,271.4
36081,CC(=O)OC1CCC(CC1)C(C)(C)C,198.30
36102,CC1=CC=C(C=C1)S(=O)(=O)NC(=O)N[C@@H](C)CC2=CC=CC=C2,332.4
36143,C1=CC(=CC=C1[C@@H](C(=O)O)N)O,167.16
36159,C1=CC(=C(C=C1Br)Br)OC2=CC(=C(C=C2Br)Br)Br,564.7
36190,CCN(CC)CCOC1=CC=CC=C1OC,223.31
36242,CC12CC1(C(=O)N(C2=O)C3=CC(=CC(=C3)Cl)Cl)C,284.13
36273,CC1([C@@H](N2[C@H](S1)[C@@H](C2=O)N=CN3CCCCCC3)C(=O)O)C,325.4
36274,CC(C)(C#N)NC1=NC(=NC(=N1)NC2CC2)Cl,252.70
36294,C1[C@@H]([C@H]([C@@H]([C@H]([C@@H]1N)O[C@@H]2[C@@H]([C@H]([C@@H]([C@H](O2)CO)O)N)O)O)O[C@@H]3[C@@H](C[C@@H]([C@H](O3)CN)O)N)N,467.5
36303,C1CN(CC1C2=CC=CC=C2)CCC(=O)C3=CC4=C(C=C3)OCCO4,337.4
36314,CC1=C2[C@H](C(=O)[C@@]3([C@H](C[C@@H]4[C@]([C@H]3[C@@H]([C@@](C2(C)C)(C[C@@H]1OC(=O)[C@@H]([C@H](C5=CC=CC=C5)NC(=O)C6=CC=CC=C6)O)O)OC(=O)C7=CC=CC=C7)(CO4)OC(=O)C)O)C)OC(=O)C,853.9
36324,CC1=CC(=C(C=C1)N=CN(C)C=NC2=C(C=C(C=C2)C)C)C,293.4
36326,CC1=CC(=C(C=C1)NC=NC)C,162.23
36339,CCOC(=O)C1=CN=CN1C(C)C2=CC=CC=C2,244.29
36354,C=CCN(C1=C(C=CC=C1Cl)Cl)C2=NCCN2,270.15
36382,CCCCCCC1=CC=C(C=C1)N,177.29
36383,C1=CC(=C(C=C1N(CCO)CCO)[N+](=O)[O-])NCCO,285.30
36392,CCCN(CCCl)C1=C(C=C(C=C1[N+](=O)[O-])C(F)(F)F)[N+](=O)[O-],355.70
36462,C[C@@H]1OC[C@@H]2[C@@H](O1)[C@@H]([C@H]([C@@H](O2)O[C@H]3[C@H]4COC(=O)[C@@H]4[C@@H](C5=CC6=C(C=C35)OCO6)C7=CC(=C(C(=C7)OC)O)OC)O)O,588.6
36565,CCC(C)NC1=C(C=C(C=C1[N+](=O)[O-])C(C)(C)C)[N+](=O)[O-],295.33
36584,CCNC1=NC(=NC(=N1)OC)NC(C)(C)C,225.29
36605,C[N+](C)(C)CCOP(=O)([O-])OP(=O)([O-])OC[C@@H]1[C@H]([C@H]([C@@H](O1)N2C=CC(=NC2=O)N)O)O.[Na+],510.31
36606,CCCN(CCC)C1=C(C=C(C=C1[N+](=O)[O-])C(C)C)[N+](=O)[O-],309.36
36663,CN1CCC(C(C1)C(=O)C2=CC=C(C=C2)F)(C3=CC=C(C=C3)F)O,331.4
36679,CC(C)C1=CC=C(C=C1)NC(=O)N(C)C,206.28
36811,CC(CCC1=CC=C(C=C1)O)NCCC2=CC(=C(C=C2)O)O,301.4
36822,C1CCC2=NC=CN=C2C1,134.18
36870,CCCSP(=S)(OCC)OC1=C(C=C(C=C1)Cl)Cl,345.2
37034,C1=C(C(=CC(=C1Cl)Cl)Cl)C2=CC(=C(C=C2Cl)Cl)Cl,360.9
37123,C1=CC(=C(C(=C1)F)C(=O)NC(=O)NC2=CC=C(C=C2)Cl)F,310.68
37125,CCCSP(=S)(OCC)OC1=CC=C(C=C1)SC,322.5
37175,C=CCOC(CN1C=CN=C1)C2=C(C=C(C=C2)Cl)Cl,297.2
37274,CCN1C2=NC=C(C(=C2C=N1)NN=C(C)C)C(=O)OCC.Cl,325.79
37384,CC(=O)NC1=CC=C(C=C1)OCCOCCOC2=CC=C(C=C2)NC(=O)C,372.4
37392,CCCCN(CCCC)CCC(C1=C2C=CC(=CC2=C3C=C(C=C(C3=C1)Cl)Cl)C(F)(F)F)O.Cl,536.9
37460,CC(C)(C)[C@]1(CCN2C[C@@H]3C4=CC=CC=C4CCC5=C3C(=CC=C5)[C@H]2C1)O.Cl,398.0
37497,CCCN(CC)C(CC)C(=O)NC1=C(C=CC=C1C)C,276.4
37511,CC(CN(C)C)O,103.16
37517,CC(C)NC(=O)N1CC(=O)N(C1=O)C2=CC(=CC(=C2)Cl)Cl,330.16
37524,CC1(CC(CC(N1)(C)C)N)C,156.27
37542,C1=NC(=NN1[C@H]2[C@@H]([C@@H]([C@H](O2)CO)O)O)C(=O)N,244.20
37767,CCCCCCCCCCCCCCCC(=O)OCCC1CCN(CC1)CCCN2C3=CC=CC=C3SC4=C2C=C(C=C4)S(=O)(=O)N(C)C,714.1
37768,C1[C@@H]([C@H]([C@@H]([C@H]([C@@H]1NC(=O)[C@H](CCN)O)O[C@@H]2[C@@H]([C@H]([C@@H]([C@H](O2)CO)O)N)O)O)O[C@@H]3[C@@H]([C@H]([C@@H]([C@H](O3)CN)O)O)O)N,585.6
37829,C=CCN(CC=C)C(=O)C(Cl)Cl,208.08
37907,CC(C)(C)C(=O)C(N1C=CN=C1)OC2=CC=C(C=C2)Cl,292.76
37910,CC1=CC=CC=C1OCC(CNCCOC2=CC=C(C=C2)C(=O)N)O,344.4
37995,CCC1=NC(=CC(=N1)OP(=S)(OC)OC)OCC,292.29
38010,CC(C)(C)NC[C@@H](COC1=CC=CC=C1C2CCCC2)O.CC(C)(C)NC[C@@H](COC1=CC=CC=C1C2CCCC2)O.OS(=O)(=O)O,680.9
38018,C1=CC(=C(C(=C1C2=C(C(=C(C=C2)Cl)Cl)Cl)Cl)Cl)Cl,360.9
38037,C1=CC(=CC(=C1)Cl)C2=CC(=CC(=C2)Cl)Cl,257.5
38072,C1=CC=C2C(=C1)C(=O)C3=CC=CC=C3N2CC(=O)O,253.25
38102,C1CN(CCC1NC(=O)C2=CC=CC=C2)CCC3=CNC4=CC=CC=C43.Cl,383.9
38103,CC1=C(N2[C@@H]([C@@H](C2=O)NC(=O)[C@@H](C3=CCC=CC3)N)SC1)C(=O)O,349.4
38221,COC1=C(C=C(C=C1)N)N.OS(=O)(=O)O,236.25
38258,C(NC(=O)NC1C(=O)NC(=O)N1CO)NC(=O)NC2C(=O)NC(=O)N2CO,388.29
38282,C1CNCCC1(C2=CC=C(C=C2)Cl)O,211.69
38283,CC(=CC1C(C1(C)C)C(=O)OC(C#N)C2=CC(=CC=C2)OC3=CC=CC=C3)C,375.5
38284,C1=CC=C(C=C1)OC2=CC=CC(=C2)C=O,198.22
38347,C1COP(=O)(NC1OO)N(CCCl)CCCl,293.08
38360,CCCCCCOC1=CC=C(C=C1)N,193.28
38409,C1=CSC(=C1)C(=O)C2=C(C(=C(C=C2)OCC(=O)O)Cl)Cl,331.2
38479,CCC(CC)NC1=C(C=C(C(=C1[N+](=O)[O-])C)C)[N+](=O)[O-],281.31
38764,CCCCCCC1=CC=C(C=C1)C2=CC=C(C=C2)C#N,263.4
38779,CCCSP(=O)(OCC)OC1=C(C=C(C=C1)Br)Cl,373.63
38852,C[C@](CC1=CC(=C(C=C1)O)O)(C(=O)O)N.C[C@](CC1=CC(=C(C=C1)O)O)(C(=O)O)N.O.O.O,476.5
38853,C[C@](CC1=CC(=C(C=C1)O)O)(C(=O)O)N,211.21
38854,CC1=NN=C(C(=O)N1N)C2=CC=CC=C2,202.21
38855,CCCCCCCCC(=O)OCC(C)OC(=O)CCCCCCCC,356.5
38882,CC1=NC=C(C(=C1O)C=O)COP(=O)(O)O.O,265.16
38884,CCCCC1=C(N=C(N=C1OS(=O)(=O)N(C)C)NCC)C,316.42
38911,CC1=CC(=O)N(C(=C1)C2CCCCC2)O.C(CO)N,268.35
39040,CC1=C2C(=CC=C1)SC3=NN=CN23,189.24
39042,CC(C)(C(=O)O)OC1=CC=C(C=C1)CCNC(=O)C2=CC=C(C=C2)Cl,361.8
39147,CC(C)(C)NCC(COC1=CC=CC2=C1C[C@@H]([C@@H](C2)O)O)O,309.4
39186,CC(=O)O[C@@H]1[C@@H](SC2=CC=CC=C2N(C1=O)CCN(C)C)C3=CC=C(C=C3)OC,414.5
39214,CC1=NC=C(C(=N1)N)CNC(=O)N(CCCl)N=O,272.69
39223,CCOP(=S)(OCC)OC1=NN(C(=N1)Cl)C(C)C,313.74
39230,COC(=O)C1=C(C=CC(=C1)OC2=C(C=C(C=C2)Cl)Cl)[N+](=O)[O-],342.1
39299,CC1=CC(=C(N1C2=CC=C(C=C2)Cl)C)CC(=O)O,263.72
39324,CC1=CC(=CC=C1)OCC(CNCCC2=CC(=C(C=C2)OC)OC)O.Cl,381.9
39327,CCOC1=C(C=CC(=C1)OC2=C(C=C(C=C2)C(F)(F)F)Cl)[N+](=O)[O-],361.70
39328,CC(C)[N+](C)(C)CC(COC1=CC=CC2=CC=CC=C21)O.[Cl-],323.9
39385,CC(C)(C)C(=O)C(N1C=NC=N1)OC2=CC=C(C=C2)Cl,293.75
39424,CN1C(=CC(=[N+]1C)C2=CC=CC=C2)C3=CC=CC=C3.COS(=O)(=O)[O-],360.4
39485,C=CC(=O)OCCOC1=CC=CC=C1,192.21
39526,C1CC2CN(CCN2C1)CCC(=O)N3C4=CC=CC=C4SC5=C3C=C(C=C5)Cl,414.0
39562,C1=CC=C2C(=C1)C(=NN2CC3=C(C=C(C=C3)Cl)Cl)C(=O)O,321.2
39676,CC1(C(=O)N(C(=O)O1)C2=CC(=CC(=C2)Cl)Cl)C=C,286.11
39764,CC(=O)O[C@H]1C[C@@H]2CC[C@@H]3[C@@H]([C@]2(C[C@@H]1N4CCCCC4)C)CC[C@]5([C@H]3C[C@@H]([C@@H]5OC(=O)C)[N+]6(CCCCC6)C)C.[Br-],637.7
39800,CN1C(=O)C=CS1,115.16
39801,CC(=O)OCCCCCCCCC=C,198.30
39912,C[C@@H](C1=CC=C(C=C1)CC(C)C)C(=O)O,206.28
39965,CN1C(=NC(=O)N(C1=O)C2CCCCC2)N(C)C,252.31
39985,CC(C(=O)OC)OC1=CC=C(C=C1)OC2=C(C=C(C=C2)Cl)Cl,341.2
40087,C1=CC=C(C=C1)NC(=O)NC2=CN=NS2,220.25
40127,CC(C)(C)NCC(COC1=CC=CC2=C1CCC(=O)N2)O.Cl,328.83
40273,CCOC1=CC(=C(C=C1)OCC)Cl,200.66
40301,C1=CC=C(C=C1)C2=CSC(=N2)N.O.Br,275.17
40326,CC1(C(C1C(=O)OCC2=CC(=CC=C2)OC3=CC=CC=C3)C=C(Cl)Cl)C,391.3
40399,C1=CC(=C(C(=C1C(=O)C2=CC(=C(C(=C2)O)O)O)O)O)O,278.21
40463,CC1([C@H]([C@H]1C(=O)OCC2=CC(=CC=C2)OC3=CC=CC=C3)C=C(Cl)Cl)C,391.3
40475,C1=C(C(=CC(=C1Cl)Cl)Cl)C2=C(C(=CC(=C2Cl)Cl)Cl)Cl,395.3
40520,CC(C)OC(=O)C(C)N(C1=CC(=C(C=C1)F)Cl)C(=O)C2=CC=CC=C2,363.8
40585,CC1([C@H]([C@H]1C(=O)O[C@H](C#N)C2=CC(=CC=C2)OC3=CC=CC=C3)C=C(Br)Br)C,505.2
40632,CC1=CN(C(=O)C=C1)C2=CC=CC=C2,185.22
40703,CC1(C2CCC(C1C2)CCOCC[N+]3(CCOCC3)CC4=CC(=C(C=C4Br)OC)OC)C.[Br-],591.4
40813,C1=CC(=CN=C1)CNC(=O)NC2=CC=C(C=C2)[N+](=O)[O-],272.26
40854,COC(=O)NC1=NC2=C(N1)C=C(C=C2)S(=O)C3=CC=CC=C3,315.3
40973,CC[C@]12CC(=C)[C@H]3[C@H]([C@@H]1CC[C@]2(C#C)O)CCC4=CCCC[C@H]34,310.5
41022,CC(=O)O.C1CCNC(C1)CNC(=O)C2=C(C=CC(=C2)OCC(F)(F)F)OCC(F)(F)F,474.4
41109,CC(C)(C(=O)OCCN1C=NC2=C1C(=O)N(C(=O)N2C)C)OC3=CC=C(C=C3)Cl,420.8
41114,CC1=C(C(C(=C(N1)C)C(=O)OCCN(C)CC2=CC=CC=C2)C3=CC(=CC=C3)[N+](=O)[O-])C(=O)OC.Cl,516.0
41206,CC1=CC(=CC(=C1N)C)C2=CC(=C(C(=C2)C)N)C,240.34
41270,C1CCCCCC(=O)OCCOC(=O)CCCC1,256.34
41368,CC(C)(C)C(C(N1C=NC=N1)OC2=CC=C(C=C2)Cl)O,295.76
41381,CCN(CC(=C)C)C1=C(C=C(C=C1[N+](=O)[O-])C(F)(F)F)[N+](=O)[O-],333.26
41384,CCCCN(CCCC)SN(C)C(=O)OC1=CC=CC2=C1OC(C2)(C)C,380.5
41385,CC1=C(S(=O)(=O)CCS1(=O)=O)C,210.3
41428,C1=C(C(=NC(=C1Cl)Cl)OCC(=O)O)Cl,256.5
41448,C1C2=CC=CC=C2C(=O)C3=C(O1)C=CC(=C3)CC(=O)O,268.26
41463,CCCCCCCCSC(=O)OC1=CC(=NN=C1C2=CC=CC=C2)Cl,378.9
41478,C(O)[P+](CO)(CO)CO.C(O)[P+](CO)(CO)CO.[O-]S(=O)(=O)[O-],406.28
41574,C1=CC(=C(C(=C1)Cl)CN2C=NC3=C(N=CN=C32)N)F,277.68
41632,CC1=CC=CC=C1C(=O)NC2=CC(=CC=C2)OC(C)C,269.34
41684,CC(=O)OC1=CC=CC=C1C(=O)NC2=NC=C(S2)[N+](=O)[O-],307.28
41690,C1CCC(CC1)C2CCC(=O)CC2,180.29
41718,CCOP(=S)(OCC)SCS(=O)(=O)C(C)(C)C,320.4
41781,CC1=CC(=CC=C1)NC2=C(C=NC=C2)S(=O)(=O)NC(=O)NC(C)C,348.4
41909,CC(C)(C)C1=NNC(=O)N(C1=O)N,184.20
42040,C#CC1=CC=C(C=C1)C2=CC=CC=C2F,196.22
42373,CCN(CC)C(=O)NC1=CC(=C(C=C1)OCC(CNC(C)(C)C)O)C(=O)C.Cl,416.0
42504,CC1=C(C(=CC=C1)C)N(C(C)C(=O)OC)C(=O)C2=CC=CO2,301.34
42574,CC1=CC(=C(C=C1NC(=O)C2=C(C(=CC(=C2)I)I)O)Cl)C(C#N)C3=CC=C(C=C3)Cl,663.1
42586,CC1=C(C(=CC=C1)C)N(C(C)C(=O)OC)C(=O)COC,279.33
42725,C1=CC=C(C(=C1)N)NC(=O)C2=CC=C(C=C2)N,227.26
42745,CC(CCOC(=O)C)CC(C)(C)C,186.29
42802,CCCC(C)CCC(=O)C,142.24
42963,CC1=C(C(=CC=C1)C)NC(=O)CN(CC(=O)O)CC(=O)O,294.30
42981,CCCCCCCCCCCCN1CCCCCC1=O,281.5
43032,CC1=NC=C2N1C3=C(C=C(C=C3)Cl)C(=NC2)C4=CC=CC=C4F.Cl,362.2
43079,CN1C=C(C(=O)C(=C1)C2=CC(=CC=C2)C(F)(F)F)C3=CC=CC=C3,329.3
43116,CC[C@@]1(C[C@@H]2C[C@@](C3=C(CCN(C2)C1)C4=CC=CC=C4N3)(C5=C(C=C6C(=C5)[C@]78CCN9[C@H]7[C@@](C=CC9)([C@H]([C@@]([C@@H]8N6C)(C(=O)N)O)O)CC)OC)C(=O)OC)O.OS(=O)(=O)O,852.0
43226,C1=CC=C(C(=C1)C(C2=CC=C(C=C2)Cl)(C3=CN=CN=C3)O)Cl,331.2
43231,C1=C(C(=CC(=C1N)S(=O)(=O)N)S(=O)(=O)N)C(=C(Cl)Cl)Cl,380.7
43233,C1COC(O1)(CN2C=NC=N2)C3=C(C=C(C=C3)Cl)Cl,300.14
43234,CCCC1COC(O1)(CN2C=NC=N2)C3=C(C=C(C=C3)Cl)Cl,342.2
43261,CC1(O[C@@H]2[C@H]([C@H](O[C@@H]2O1)C(CO)O)OCCCN(C)C)C.Cl,341.83
43371,CC(=O)CN(CC(=O)C)N=O,158.16
43398,CC(CC1=CC2=C(C(=C1)OC)OCO2)[NH3+].[Cl-],245.70
43507,C1C(=C(N2[C@H](S1)[C@@H](C2=O)NC(=O)CC3=CC=CC=C3CN)C(=O)O)CSC4=NN=NN4CC(=O)O,519.6
43593,C1C(=C(N2[C@H](S1)[C@@H](C2=O)NC(=O)[C@@H](C3=CC=CC=C3)O)C(=O)[O-])CSC4=NN=NN4CS(=O)(=O)[O-].[Na+].[Na+],586.5
43598,CCCC(=O)C(CC)SC1=C(OC=C1)C,226.34
43704,CC(C)OC(=O)C1=CC(=CC(=C1)[N+](=O)[O-])C(=O)OC(C)C,295.29
43815,C1CNC[C@H]([C@@H]1C2=CC=C(C=C2)F)COC3=CC4=C(C=C3)OCO4,329.4
43961,C1=CC=C(C(=C1)CN)SC2=CC=CC=C2CO,245.34
44072,C1=CC(=C(C=C1C(F)(F)F)Cl)OC2=CC(=C(C=C2)[N+](=O)[O-])C(=O)[O-].[Na+],383.64
44073,C1=CC(=C(C=C1C(F)(F)F)Cl)OC2=CC(=C(C=C2)[N+](=O)[O-])C(=O)O,361.65
44093,C[C@H](CS)C(=O)N1CCC[C@H]1C(=O)O,217.29
44112,CC1=CC2=C(N1)C=CC=C2OCC(CNC(C)(C)C)OC(=O)C3=CC=CC=C3,380.5
44368,CC1=C2C=C3C=CC4=C5C3=C(C2=CC=C1)C=CC5=CC=C4,266.3
44383,COC1=C(C=C2C(=C1)C(=NC(=N2)N3CCN(CC3)C(=O)C4CCCO4)N)OC.Cl,423.9
44561,C(=O)([O-])P(=O)([O-])[O-].[Na+].[Na+].[Na+],191.95
44564,C1=C(C=C(C(=C1NC(=O)C(=O)O)Cl)NC(=O)C(=O)O)C#N,311.63
47289,CN(CCCC(=O)C1=CN=CC=C1)N=O,207.23
47320,C[N+]1(CCC2=CC(=C(C=C2C1CC3=CC(=C(C=C3)OC)OC)OC)OC)CCC(=O)OCCCCCOC(=O)CC[N+]4(CCC5=CC(=C(C=C5C4CC6=CC(=C(C=C6)OC)OC)OC)OC)C.C1=CC=C(C=C1)S(=O)(=O)[O-].C1=CC=C(C=C1)S(=O)(=O)[O-],1243.5
47326,CC1(C(C1(C)C)C(=O)OC(C#N)C2=CC(=CC=C2)OC3=CC=CC=C3)C,349.4
47364,C[As+](C)(C)CC(=O)[O-],178.06
47445,C1=CC=C(C(=C1)C(=O)NC(=O)NC2=CC=C(C=C2)OC(F)(F)F)Cl,358.70
47455,CCCCOCCOC(=O)COC1=NC(=C(C=C1Cl)Cl)Cl,356.6
47462,C1=CC=C(C(=C1)C(=O)[O-])NC2=C(C=CC(=C2)Cl)C(=O)[O-].[Na+].[Na+],335.65
47471,C1=CC(=C(C(=C1)Cl)SC(CCC2=CC=C(C=C2)Cl)CN3C=CN=C3)Cl.[N+](=O)(O)[O-],474.8
47491,CC1=NC(=NC(=N1)OC)NC(=O)NS(=O)(=O)C2=CC=CC=C2Cl,357.77
47510,CC1=C(C(=CC=C1)C)NC(=O)NC(=NC)N,220.27
47528,C1=CC(=CN=C1)C(=O)NCCO[N+](=O)[O-],211.17
47649,CC1=C(C=CO1)SSC,160.3
47812,CCCN1C[C@@H](C[C@H]2[C@H]1CC3=CNC4=CC=CC2=C34)CSC.CS(=O)(=O)O,410.6
47866,C1CC1NC2=NC(=NC(=N2)N)N,166.18
47898,CC(C)OC1=CC=CC(=C1)NC(=O)C2=CC=CC=C2C(F)(F)F,323.31
47936,CC(=O)O[C@H]1[C@H]([C@@H]2[C@]([C@H](CCC2(C)C)O)([C@@]3([C@@]1(O[C@@](CC3=O)(C)C=C)C)O)C)O,410.5
47938,CCOC(=O)C(C)OC1=CC=C(C=C1)OC2=NC3=C(O2)C=C(C=C3)Cl,361.8
47965,CC1=C(N2[C@@H]([C@@H](C2=O)NC(=O)[C@@H](C3=CC=C(C=C3)O)N)SC1)C(=O)O,363.4
47979,COC1=CC(=CC(=C1OC)C(=O)NCC2CCCN2CC=C)S(=O)(=O)N,383.5
48040,CN1CCCCC1CCC2=CC=CC=C2NC(=O)C3=CC=C(C=C3)OC.Cl,388.9
48229,C1=CC=C2C(=C1)C(OC2=O)OC(=O)C3=C(N=CC=C3)NC4=CC=CC(=C4)C(F)(F)F,414.3
49381,CN1CCN(CC1)C2=NC3=C(CC4=CC=CC=C42)C=CC(=C3)F,309.4
49837,C1(=C(SN=C1Cl)C(=O)O)Cl,198.03
50108,CCN(CC)C1=CC=C(C=C1)C(=C2C=CC(=[N+](CC)CC)C=C2)C3=C(C=CC(=C3)S(=O)(=O)[O-])S(=O)(=O)[O-].[Na+],566.7
50222,COC1=CC=CC=C1N2CCN(CC2)CC(COC3=CC(=C(C(=C3)OC)OC)OC)O,432.5
50248,CSC1=NC2=CC(=C(C=C2N1)Cl)OC3=C(C(=CC=C3)Cl)Cl,359.7
50287,CN=C(NCCSCC1=CSC(=N1)N=C(N)N)NC#N,312.4
50293,C1=CC(=NC=C1C(Cl)(Cl)Cl)Cl,230.9
50294,CCCC1=C2C(=CC3=C1OC(=CC3=O)C(=O)O)C(=O)C=C(N2CC)C(=O)O,371.3
50312,C1=C(C(=NC(=O)N1[C@H]2[C@H]([C@@H]([C@H](O2)CO)O)F)N)I,371.10
50367,CC(C)N1C(=NC(C)(C)C)SCN(C1=O)C2=CC=CC=C2,305.4
50465,C(C(=O)O)OC1=NC(=C(C(=C1Cl)N)Cl)F,255.03
50491,CC1(C(N2C(S1(=O)=O)CC2=O)C(=O)OCOC(=O)C(C)(C)C)C,347.39
50516,CC(C)C(C(=O)OC(C#N)C1=CC(=CC=C1)OC2=CC=CC=C2)NC3=C(C=C(C=C3)C(F)(F)F)Cl,502.9
50895,CC(C(=O)O)OC1=CC=C(C=C1)OC2=C(C=C(C=N2)C(F)(F)F)Cl,361.70
50896,CC(C(=O)OC)OC1=CC=C(C=C1)OC2=C(C=C(C=N2)C(F)(F)F)Cl,375.72
50897,CCCCOC(=O)C(C)OC1=CC=C(C=C1)OC2=NC=C(C=C2)C(F)(F)F,383.4
50942,CN1C2=C(C(=O)N(C1=O)C)N(C=N2)CC3OCCO3,266.25
51039,C1C(=C(N2[C@H](S1)[C@@H](C2=O)NC(=O)[C@@H](C3=CC=CC=C3)N)C(=O)O)Cl,367.8
51040,CC(C)(C)C1=CC=C(C=C1)C(=O)CC(=O)C2=CC=C(C=C2)OC,310.4
51045,CC(C)(CC1=CNC2=CC=CC=C21)NCC(COC3=CC=CC=C3C#N)O,363.5
51082,C1=CC(=C2C(=C1NCCNCCO)C(=O)C3=C(C=CC(=C3C2=O)O)O)NCCNCCO.Cl.Cl,517.4
51173,C1=CC(=CC=C1C(=O)NP(=O)(N)N)F,217.14
51369,CC1=C(C(=CC=C1)C)N(C(C)C(=O)OC)C(=O)CC2=CC=CC=C2,325.4
51392,CCCCCCCCCCCC(=O)NCCCN(C)C,284.5
51556,CS(=O)(=O)NC(=O)C1=C(C=CC(=C1)OC2=C(C=C(C=C2)C(F)(F)F)Cl)[N+](=O)[O-],438.8
51576,CC1(C(=O)C=C(O1)C(=O)O)C2=CC=CC=C2,218.20
51605,CCOC(=O)NCCOC1=CC=C(C=C1)OC2=CC=CC=C2,301.34
51634,CCCCN1C[C@@H]([C@H]([C@@H]([C@H]1CO)O)O)O,219.28
51683,C1C[C@H]([C@@H]2[C@@H]([C@@H](CN2C1)O)O)O,173.21
51755,C1=CC=C(C=C1)SC2=CC=C(C=C2)COC(CN3C=CN=C3)C4=C(C=C(C=C4)Cl)Cl,455.4
51763,C1CN=C(N1)NC2=C(C=C(C=C2Cl)N)Cl.Cl,281.6
52195,CC(C)NCCCC1(C2=CC=CC=C2C3=CC=CC=C31)C(=O)N,308.4
52997,CC1=CC(=NC(=N1)NC(=O)NS(=O)(=O)C2=CC=CC=C2C(=O)OC)C,364.4
52999,CC1=NC(=NC(=N1)OC)NC(=O)NS(=O)(=O)C2=CC=CC=C2C(=O)OC,381.37
53001,C1=CC(=CC=C1C(=O)O)OCCN2C=CN=C2,232.23
53025,CN1C(=NN=N1)SCC2=C(N3[C@@H]([C@@](C3=O)(NC(=O)C4SC(=C(C(=O)N)C(=O)O)S4)OC)SC2)C(=O)O,575.6
53172,C1CC(CC(C1)CN=C=O)CN=C=O,194.23
53232,CC[C@H](C)C(=O)O[C@H]1C[C@H](C=C2[C@H]1[C@H]([C@H](C=C2)C)CC[C@@H]3C[C@H](CC(=O)O3)O)C,404.5
53388,C[C@@H]1CN(C[C@@H](N1)C)CCCN2C3=CC=CC=C3C4=CC=CC=C42.Cl.Cl,394.4
53462,CN1C2=C(C3=C(C=C2)N=CC=C3)N=C1N,198.22
53518,CCOC(=O)C(C)OC1=CC=C(C=C1)OC2=CN=C3C=C(C=CC3=N2)Cl,372.8
53555,CC1=C(C2=CC=CC=C2N1CCC(=O)O)CN3C=CN=C3,283.32
53665,C1(C(=C(C(=O)O1)Cl)C(Cl)Cl)O,217.43
53672,CCOC(=O)COC(=O)C1=C(C=CC(=C1)OC2=C(C=C(C=C2)C(F)(F)F)Cl)[N+](=O)[O-],447.7
53708,CC1=C(NC(=O)N1)C(=O)C2=CC=C(C=C2)SC,248.30
53735,CC1=C(C(=CC=C1)C)N(C(=O)COC)N2CCOC2=O,278.30
54158,CC1=CC(=C(C(=C1NC(=O)CN(CC(=O)O)CC(=O)O)C)Br)C,387.23
54260,CCC(C)(C)C1=CC=C(C=C1)CC(C)CN2C[C@H](O[C@H](C2)C)C,317.5
54339,C1=CC=C(C=C1)CCNC2=NC(=CS2)C3=CC=CC=C3,280.4
54343,C1=CC(=CC=C1CCNS(=O)(=O)C2=CC=C(C=C2)Cl)CC(=O)O,353.8
54360,CN1CCCC(CC1)N2C(=O)C3=CC=CC=C3C(=N2)CC4=CC=C(C=C4)Cl.Cl,418.4
54384,C[C@@H]1CN(CC[C@@]1(C2=CC=CC=C2)C(=O)O)C3CCC(CC3)(C#N)C4=CC=C(C=C4)F.Cl,457.0
54454,CCC(C)(C)C(=O)O[C@H]1C[C@H](C=C2[C@H]1[C@H]([C@H](C=C2)C)CC[C@@H]3C[C@H](CC(=O)O3)O)C,418.6
54459,C1CN=C(N1)C2COC3=CC=CC=C3O2,204.22
54477,CCN1CCC[C@H]1CNC(=O)C2=C(C=CC(=C2OC)Br)OC,371.27
54585,C1=CC(=CC=C1C(=O)NCCC(=O)O)N=NC2=CC(=C(C=C2)O)C(=O)O,357.32
54738,CC(C)C1(C(=O)NC(=N1)C2=C(C=CC=N2)C(=O)O)C,261.28
54739,CC(C)C1(C(=O)NC(=N1)C2=NC3=CC=CC=C3C=C2C(=O)O)C,311.33
54740,CCC1=CC(=C(N=C1)C2=NC(C(=O)N2)(C)C(C)C)C(=O)O,289.33
54744,CC1=CC(=C(C=C1)C(=O)OC)C2=NC(C(=O)N2)(C)C(C)C,288.34
54745,CCCCCCC(C)OC(=O)COC1=NC(=C(C(=C1Cl)N)Cl)F,367.2
54746,CCNC(=O)N(CCCN(C)C)C(=O)[C@@H]1C[C@H]2[C@@H](CC3=CNC4=CC=CC2=C34)N(C1)CC=C,451.6
54765,CC(C)(C)NCC(C1=CC(=CC(=C1)OC(=O)N(C)C)OC(=O)N(C)C)O.Cl,403.9
54778,CC1(CON(C1=O)CC2=CC=CC=C2Cl)C,239.70
54840,CC1=CC=CC=C1O[C@H](CCNC)C2=CC=CC=C2.Cl,291.8
54886,CCOC(=O)CCN(C(C)C)SN(C)C(=O)OC1=CC=CC2=C1OC(C2)(C)C,410.5
54889,CCOC(=O)[C@H](CCC1=CC=CC=C1)N[C@@H](C)C(=O)N2CC3=CC(=C(C=C3C[C@H]2C(=O)O)OC)OC.Cl,535.0
54891,CCOC(=O)[C@H](CCC1=CC=CC=C1)N[C@@H](C)C(=O)N2CC3=CC=CC=C3C[C@H]2C(=O)O.Cl,475.0
54897,CCCN(CCC)C(=O)CC1=C(N=C2N1C=C(C=C2)Cl)C3=CC=C(C=C3)Cl,404.3
54900,C1CCN(CC1)CCOC2=CC=C(C=C2)C(=O)C3=C(SC4=C3C=CC(=C4)O)C5=CC=C(C=C5)O.Cl,510.0
54911,CCC1=NN(C(=O)N1CCOC2=CC=CC=C2)CCCN3CCN(CC3)C4=CC(=CC=C4)Cl.Cl,506.5
54960,COC1=CC(=NC(=N1)NC(=O)NS(=O)(=O)CC2=CC=CC=C2C(=O)OC)OC,410.4
55008,CCCCCCCCCCCCCCCCSCC(COC)COP(=O)([O-])OCC[N+](C)(C)C,525.8
55182,C1CN(CCN1CCOCC(=O)O)C(C2=CC=CC=C2)C3=CC=C(C=C3)Cl.Cl.Cl,461.8
55245,CC#C[C@@]1(CC[C@@H]2[C@@]1(C[C@@H](C3=C4CCC(=O)C=C4CC[C@@H]23)C5=CC=C(C=C5)N(C)C)C)O,429.6
55251,C1=CC=C(C(=C1)C2=CC=C(C=C2)C(F)(F)F)C(=O)O,266.21
55283,CCC(C)N1C(=O)N(C=N1)C2=CC=C(C=C2)N3CCN(CC3)C4=CC=C(C=C4)OC[C@H]5CO[C@](O5)(CN6C=NC=N6)C7=C(C=C(C=C7)Cl)Cl,705.6
55305,CC(C)NC(C)CC1=CC=C(C=C1)I.Cl,339.64
55329,CC(C(C)(C)C)N=C(NC#N)NC1=CC=NC=C1.O,263.34
55331,C[C@@H](C(=O)N1CC2=CC(=C(C=C2C[C@H]1C(=O)O)OC)OC)N[C@@H](CCC3=CC=CC=C3)C(=O)O,470.5
55361,C(CCCN=C(N)N)CCC(=O)NC(C(=O)NCCCCNCCCN)O.Cl.Cl.Cl,496.9
55397,CCCN1CCC[C@H]2[C@H]1CC3=C(C2)NN=C3.Cl,255.79
55483,C1=CC=C(C=C1)CCNCCCCCCNCCC2=CC(=C(C=C2)O)O,356.5
55652,CN([C@H]1CC[C@@]2(CCCO2)C[C@@H]1N3CCCC3)C(=O)CC4=CC(=C(C=C4)Cl)Cl,425.4
55918,C1CC(=O)NN=C1C2=CC=C(C=C2)N3C=CN=C3,240.26
56031,CC1=C(C(=CC=C1)CC2=CN=CN2)C.Cl,222.71
56160,CCOC(=O)C1=CC=CC=C1S(=O)(=O)NC(=O)NC2=NC(=CC(=N2)Cl)OC,414.8
56205,CN1CCN(CC1)C2=C(C=C3C(=C2)N(C=C(C3=O)C(=O)O)C4=CC=C(C=C4)F)F.Cl,435.8
56207,C1CN(CCN1)C2=C(C=C3C(=C2)N(C=C(C3=O)C(=O)O)C4=CC=C(C=C4)F)F.Cl,421.8
56208,C1CN(CCN1)C2=C(C=C3C(=C2)N(C=C(C3=O)C(=O)O)C4=CC=C(C=C4)F)F,385.4
56330,CCOC(=O)[C@H](CCC1=CC=CC=C1)N[C@H]2CCCN3CCC[C@H](N3C2=O)C(=O)O,417.5
56339,C1=CC=C(C=C1)C2(C(=O)N(C(=O)N2)COP(=O)(O)O)C3=CC=CC=C3,362.27
56463,CC1=C(C2=CC=CC=C2N1CCN3CCOCC3)C(=O)C4=CC=C(C=C4)OC,378.5
56704,CC(=O)OCC(=O)NCCCOC1=CC=CC(=C1)CN2CCCCC2.Cl,384.9
56738,COCCOCC(OC)OC,164.20
56801,C1=CC=C(C=C1)CCCCOCCCCCCNCC(C2=CC(=C(C=C2)O)CO)O.C1=CC=C2C(=C1)C=CC(=C2O)C(=O)O,603.7
56959,CC1=C(C(=CC=C1)C)NC(=O)CN2CCN(CC2)CC(COC3=CC=CC=C3OC)O,427.5
56971,C1CN(CCN1CCCCN2C(=O)C3=CC=CC=C3S2(=O)=O)C4=NC=CC=N4,401.5
57242,CCCN1CCC[C@H]2[C@H]1CC3=CN=C(N=C3C2)N,246.35
57363,C[C@]12CC[C@H]3[C@H]([C@@H]1CC[C@@H]2C(=O)NC(C)(C)C)CC[C@@H]4[C@@]3(C=CC(=O)N4)C,372.5
57364,C1CN(CC=C1C2=CC=CC=C2)CCCCC3=CNC4=C3C=C(C=C4)C(=O)O,374.5
57469,CC(C)CN1C=NC2=C1C3=CC=CC=C3N=C2N,240.30
57782,CC(CCCCN1C(=O)C2=C(N=CN2C)N(C1=O)C)O,280.32
57952,C1CN=C(N1)C2CC2(C3=CC=CC=C3)C4=CC=CC=C4.C(CC(=O)O)C(=O)O,380.4
58504,CCN(CC)CCNC(=O)C1=CC=C(C=C1)NS(=O)(=O)C.Cl,349.9
59227,CCCN(CCC1=CC=CS1)[C@H]2CCC3=C(C2)C=CC=C3O,315.5
59694,C1CC(N2C=NC=C2C1)C3=CC=C(C=C3)C#N.Cl,259.73
59708,CCC(C(=O)N)N1CCCC1=O,170.21
59757,CN(C(=O)CCC1=NN(C(=C1)C2=CC=C(C=C2)Cl)C3=CC=C(C=C3)OC)O,385.8
59774,CC1=NC=CN1CC2CCC3=C(C2=O)C4=CC=CC=C4N3C.O.O.Cl,365.9
60021,CC1CN(CCN1)C2=C(C=C3C(=C2)N(C=C(C3=O)C(=O)O)C4=C(C=C(C=C4)F)F)F,417.4
60149,C1CN(CCC1C2=CN(C3=C2C=C(C=C3)Cl)C4=CC=C(C=C4)F)CCN5CCNC5=O,440.9
60164,COC1=C(C=C(C=C1)C2=CC3=C(C=C2)C=C(C=C3)C(=O)O)C45CC6CC(C4)CC(C6)C5,412.5
60172,C1=NC(=C2C(=N1)N(C=N2)CCOCP(=O)(O)O)N,273.19
60182,CCCCCN(CCCOC)C(=O)C(CCC(=O)O)NC(=O)C1=CC(=C(C=C1)Cl)Cl,461.4
60198,C[C@]12CC[C@H]3[C@H]([C@@H]1CCC2=O)CC(=C)C4=CC(=O)C=C[C@]34C,296.4
60464,C[C@@H]1CN(C[C@@H](N1)C)C2=C(C(=C3C(=C2F)N(C=C(C3=O)C(=O)O)C4CC4)N)F,392.4
60490,CC(C1=CC2=CC=CC=C2S1)N(C(=O)N)O,236.29
60496,CCOC(=O)C1=C(NC(=C(C1C2=CC=CC=C2Cl)C(=O)OC)C)COCCN.C1=CC=C(C=C1)S(=O)(=O)O,567.1
60510,CC(CC1=CC=CC=C1)(C2=CC=CC=C2)NC(=O)CN.Cl,304.8
60560,CCC1=CN=C(C=C1)CCOC2=CC=C(C=C2)CC3C(=O)NC(=O)S3.Cl,392.9
60561,CC(=O)SC[C@@H](CC1=CC=CC=C1)C(=O)NCC(=O)OCC2=CC=CC=C2,385.5
60582,C1=CC(=CC=C1NC(=O)CCC(=O)O)S(=O)(=O)N,272.28
60605,C[C@@H]1CN(C[C@@H](N1)C)C2=C(C3=C(C(=C2F)F)C(=O)C(=CN3C4CC4)C(=O)O)F,395.4
60613,C1=CN(C(=O)N=C1N)C[C@@H](CO)OCP(=O)(O)O,279.19
60651,CN1CCN(CC1)C2=C(C=C3C4=C2OCN(N4C=C(C3=O)C(=O)O)C)F,362.4
60662,CC(C)[C@H]1C2=C(CC[C@@]1(CCN(C)CCCC3=NC4=CC=CC=C4N3)OC(=O)COC)C=C(C=C2)F.Cl.Cl,568.5
60699,CC[C@@]1(C2=C(COC1=O)C(=O)N3CC4=CC5=C(C=CC(=C5CN(C)C)O)N=C4C3=C2)O.Cl,457.9
60703,C1CN(CCC1CC2=CC=C(C=C2)F)CC(C3=CC=C(C=C3)Cl)O,347.9
60712,C1=CSC(=C1)C(=O)C2=C(N(C3=C2C=C(C=C3)Cl)C(=O)N)O,320.8
60714,CC(CN1CCN(CCN(CCN(CC1)CC(=O)[O-])CC(=O)[O-])CC(=O)[O-])O.[Gd+3],558.7
60749,C1=CN(C(=O)N=C1N)[C@H]2C([C@@H]([C@H](O2)CO)O)(F)F.Cl,299.66
60751,C1CC2=NC1=C(C3=CC=C(N3)C(=C4C=CC(=N4)C(=C5C=CC(=C2C6=CC(=CC=C6)O)N5)C7=CC(=CC=C7)O)C8=CC(=CC=C8)O)C9=CC(=CC=C9)O,680.7
60754,CNC(=O)CN(CCN(CCN(CC(=O)NC)CC(=O)[O-])CC(=O)[O-])CC(=O)[O-].O.[Gd+3],591.67
60758,CC1=C(N=CN1)CN2CCC3=C(C2=O)C4=CC=CC=C4N3C.Cl,330.8
60768,CN([C@H]1CC[C@@]2(CCCO2)C[C@@H]1N3CCCC3)C(=O)CC4=C5C=COC5=CC=C4,396.5
60785,C1CN(CCN1CCCN2C3=CC=CC4=C3C(=CC=C4)S2(=O)=O)C5=CC=C(C=C5)F,425.5
60790,COC1=C(C=C(C=C1)CNCC(COC2=CC3=C(C=C2)NC(=O)C=C3)O)OC,384.4
60795,C1CC(=O)NC2=C1C=CC(=C2)OCCCCN3CCN(CC3)C4=C(C(=CC=C4)Cl)Cl,448.4
60810,C1CN(CCN1CCCC(=O)NC2C3=CC=CC=C3CSC4=CC=CC=C24)C5=CC=C(C=C5)F,475.6
60822,CC(C)C1=C(C(=C(N1CC[C@H](C[C@H](CC(=O)[O-])O)O)C2=CC=C(C=C2)F)C3=CC=CC=C3)C(=O)NC4=CC=CC=C4.CC(C)C1=C(C(=C(N1CC[C@H](C[C@H](CC(=O)[O-])O)O)C2=CC=C(C=C2)F)C3=CC=CC=C3)C(=O)NC4=CC=CC=C4.[Ca+2],1155.3
60823,CC(C)C1=C(C(=C(N1CC[C@H](C[C@H](CC(=O)O)O)O)C2=CC=C(C=C2)F)C3=CC=CC=C3)C(=O)NC4=CC=CC=C4,558.6
60834,CNCC[C@@H](C1=CC=CS1)OC2=CC=CC3=CC=CC=C32.Cl,333.9
60839,CCC1=CC(=CC=C1)N(C)C(=NC2=CC=CC3=CC=CC=C32)N.Cl,339.9
60854,C1CN(CCN1CCC2=C(C=C3C(=C2)CC(=O)N3)Cl)C4=NSC5=CC=CC=C54,412.9
60855,CC(=O)N[C@@H]1[C@H](C=C(O[C@H]1[C@@H]([C@@H](CO)O)O)C(=O)O)N=C(N)N,332.31
60857,CN(C)CCC1=CNC2=C1C=C(C=C2)C[C@H]3COC(=O)N3,287.36
60870,CC1=C(N=C(O1)C2=CC=CC=C2)CCC(=O)C3=CC=C(C=C3)CC4C(=O)NC(=O)S4,420.5
60871,CC(C)(C)C(=O)OCOP(=O)(COCCN1C=NC2=C(N=CN=C21)N)OCOC(=O)C(C)(C)C,501.5
60875,CNS(=O)(=O)CCC1=CC2=C(C=C1)NC=C2C3CCN(CC3)C.Cl,371.9
60877,C1[C@H](O[C@H](S1)CO)N2C=C(C(=NC2=O)N)F,247.25
60910,COP(=O)(C(C1=CC=C(C=C1)Cl)OP(=O)(OC)OC)OC,358.65
60924,C[C@H]1C[C@@H](C2=C(S1(=O)=O)SC=C2)O,218.3
60934,CC(C)(C)NC(=O)[C@@H]1C[C@@H]2CCCC[C@@H]2CN1C[C@H]([C@H](CC3=CC=CC=C3)NC(=O)[C@H](CC(=O)N)NC(=O)C4=NC5=CC=CC=C5C=C4)O.CS(=O)(=O)O,766.9
60936,C1=CC(=CC=C1SC(P(=O)(O)[O-])P(=O)(O)[O-])Cl.[Na+].[Na+],362.57
60946,CCCCS(=O)(=O)N[C@@H](CC1=CC=C(C=C1)OCCCCC2CCNCC2)C(=O)O.O.Cl,495.1
60953,CCCCCOC(=O)NC1=NC(=O)N(C=C1F)[C@H]2[C@@H]([C@@H]([C@H](O2)C)O)O,359.35
60960,C([C@@H](C(=O)O)N)S.Cl,157.62
60961,C1=NC(=C2C(=N1)N(C=N2)[C@H]3[C@@H]([C@@H]([C@H](O3)CO)O)O)N,267.24
60962,C1=CC=C(C=C1)NN.Cl,144.60
60966,C[N+](C)(C)C.[OH-],91.15
60967,C(C(Br)(Br)Br)(Br)Br,424.55
60976,CC1CN1P(=O)(N2CC2C)N3CC3C,215.23
60977,CC(=O)OC1(CCN(CC1)CCC2=CC=CC=C2)C3=CC=CC=C3,323.4
60985,CC(C)C(=O)OCCC(C)CCC=C(C)C,226.35
60988,C1=CC(=C(C=C1S(=O)(=O)O)N)S(=O)(=O)O,253.3
60993,CCN(CC)CCN,116.20
60995,COC(CC1=CC=CC=C1)OC,166.22
60999,C1=CC=C(C=C1)CC(=O)OCC2=CC=CC=C2,226.27
61002,C1=CC=C(C=C1)NNC(=O)N,151.17
61005,CC(C)C(=O)OCCOC1=CC=CC=C1,208.25
61007,CC(=O)CCC1=CC=C(C=C1)OC,178.23
61012,CCN(CC)CCOC(=O)C(=C)C,185.26
61014,C1CCCCCC(=O)OCCOC(=O)CCCCC1,270.36
61016,CC(CCC=C(C)C)C=O,140.22
61017,CC(C)(C)CC(C)(C)N,129.24
61018,CC(C)CC(C)(C#C)O,126.20
61020,CC(=CC=O)C,84.12
61027,CCCCOC(=O)CCCCCCCCC=C,240.38
61031,CCCCCCCCCC(C)C=O,184.32
61032,COCCC#N,85.10
61038,CCCCC(CC)(CO)CO,160.25
61040,CC(=CCCC(C)(C=C)OC=O)C,182.26
61041,CC1=C(C(CC=C1)(C)C)C=O,150.22
61048,CC(C)COC(=O)C1=CC=CC=C1,178.23
61053,CCOC1=CC=C(C=C1)NC(=O)CC(=O)C,221.25
61054,COC1=CC=C(C=C1)COC=O,166.17
61055,C1COCCN1CCCN,144.21
61056,CC(C)CC(C)CC(CC(C)C)O,186.33
61057,CC(C)CC(C)CC(=O)CC(C)C,184.32
61059,C(COC(=O)CS)OC(=O)CS,210.3
61080,C1=CC2=C(C(=C1)O)N=CC=C2.C(C(=O)O)C(CC(=O)O)(C(=O)O)O,337.28
61082,CCCCC(CC)C(=O)[O-].CCCCC(CC)C(=O)[O-].[Ca+2],326.48
61098,CCC(=O)OC(C)(CCC=C(C)C)C=C,210.31
61100,C1=CC=C(C=C1)CCNN.OS(=O)(=O)O,234.28
61124,CC1=C(C(CCC1)(C)C)CC=O,166.26
61138,C=CCCC(=O)O,100.12
61144,C(=O)(C(Cl)(Cl)Cl)N,162.40
61151,COC1=CC=CC=C1C(=O)OC,166.17
61163,C1COCCN1CCO,131.17
61179,C(C(Br)(Br)Br)Br,345.65
61186,CCCCC(=O)Cl,120.58
61196,CCC(CO)(COCC=C)COCC=C,214.30
61204,CCCCCCC1CCCC(=O)O1,184.27
61207,CC(C)(C)OC=O,102.13
61209,CC1CCC(=O)C1=O,112.13
61225,COC(=O)C1=CC2=C(C=C1)C=C(C=C2)C(=O)OC,244.24
61234,CC(C(CO)C(C)O)O,134.17
61247,CCC(C)(C)OC,102.17
61249,CC(COC(=O)C=C)O,130.14
61253,CCCCCCCCOC(=O)C1=CC(=C(C(=C1)O)O)O,282.33
61254,CCC[Si](OC)(OC)OC,164.27
61274,C(=N)(N)S(=O)O,108.12
61282,CC(C)SCC1=CC=CO1,156.25
61285,CCCCNS(=O)(=O)C1=CC=C(C=C1)C,227.33
61286,CCCCC(CC)COC(=O)COC1=C(C=C(C=C1)Cl)Cl,333.2
61290,CC(CCC=C(C)C)CC(=O)OC,184.27
61329,CC(C)N(C1=CC=CC=C1)C(C)C,177.29
61341,C1=CC=C2C(=C1)C=C(O2)C=O,146.14
61345,CC(C)(CCl)C(=O)Cl,155.02
61346,CCCCCC(=O)C=C,126.20
61384,CCCCCC(=O)OCCC1=CC=CC=C1,220.31
61410,CCCCCCCCC(=O)OCC=C,198.30
61417,CCC(=O)OCC1=CC=C(C=C1)OC,194.23
61431,CCCCCCCC(OC)OC,174.28
61444,O.O.O.O.O.O.O.[O-]S(=O)(=O)[O-].[Co+2],281.11
61503,C[C@H](C(=O)O)O,90.08
61527,CC1=CC(=C(O1)C)C(=O)C,138.16
61571,CCN(CC)C1CCCCC1,155.28
61574,CCCCCCCCCCCCSCCOCCO,290.5
61585,CC(=O)C1=C2CCC(C2=CC(=C1)C(C)(C)C)(C)C,244.37
61591,B(F)(F)F.O.O,103.84
61594,C1CCC(C1)C2=C(C=CC(=C2)Cl)O,196.67
61634,CC1CC(C(=O)C1=O)C,126.15
61660,CC(=O)SCC1=CC=CO1,156.20
61663,CC1=CC=C(S1)C=O,126.18
61670,CC1=C2C(=CC=C1)N=CC=N2,144.17
61701,[O-]S(=O)(=O)SSS(=O)(=O)[O-].[K+].[K+],302.5
61718,C1CC(CCC1COCC2CO2)COCC3CO3,256.34
61719,CC(C)NC1=C2C(=C(C=C1)NC(C)C)C(=O)C3=CC=CC=C3C2=O,322.4
61771,CCC(C)C1CCCCC1=O,154.25
61812,CCCCOC(=O)C(C)CC,158.24
61828,CC1(C(=O)N(C(=O)N1Br)Cl)C,241.47
61931,CCCCC(CC)COC(=O)OOC(C)(C)C,246.34
61945,C1=CN=C(C=N1)CCS,140.21
61948,C(CC(CBr)(C#N)Br)C#N,265.93
61953,CC1CCC2(O1)C(=CCCC2(C)C)C,194.31
61972,CC(C)(C1=CC(=C(C(=C1)Br)OCC=C)Br)C2=CC(=C(C(=C2)Br)OCC=C)Br,624.0
61982,CC1CCC(C(=O)C1)C(C)(C)S,186.32
62010,CC1(COCN1)C,101.15
62064,CC(CC1=CC(=C(C=C1OC)Br)OC)N.Br,355.07
62092,CC1=CC=C(C=C1)OC(=O)CC(C)C,192.25
62097,CCCCNC(=O)OCC#CI,281.09
62098,CC(=O)CCC1=CC2=C(C=C1)OCO2,192.21
62105,CC1(CSC(CS1)(C)O)O,180.3
62118,CC(C)(CCO)OC,118.17
62130,CCN1C2=C(C=C(C=C2)N)C3=CC=CC=C31.Cl,246.73
62142,CCCCCCCCCCO[C@H]1[C@@H]([C@H]([C@@H]([C@H](O1)CO)O)O)O,320.42
62158,C1=CC(=C(C=C1[N+](=O)[O-])OCCO)NCCO,242.23
62210,CCN(CC1=C(C=CC=C1Cl)F)C2=C(C=C(C=C2[N+](=O)[O-])C(F)(F)F)[N+](=O)[O-],421.73
62217,C1=CC=C2C=C(C=CC2=C1)OC(=O)C3=CC=CC=C3N,263.29
62240,CCC(C)(C)C1CCCCC1OC(=O)C,212.33
62253,CCCCCCCCCC[N+](C)(CCCCCCCCCC)CCC[Si](OC)(OC)OC.[Cl-],510.3
62276,CCOC(=O)C(C)OC(=O)C1=C(C=CC(=C1)OC2=C(C=C(C=C2)C(F)(F)F)Cl)[N+](=O)[O-],461.8
62277,C(NC(=O)N(CO)C1C(=O)N(C(=O)N1CO)CO)O,278.22
62299,CCC1(C(=O)N(C(=O)N1Cl)Cl)C,211.04
62300,CCC(=O)N(C1CCN(CC1)CCC2=CC=CC=C2)C3=CC=C(C=C3)F,354.5
62306,CC1COC2=CC=CC=C2N1C(=O)C(Cl)Cl,260.11
62311,COC1=C(C=CC(=C1)C2=CC(=C(C=C2)N)OC)N.Cl.Cl,317.2
62322,CCO[Si](C)(C)OCC,148.28
62325,CC(C)C(=O)Cl,106.55
62328,CCC(=O)OC(C)(C)C1CCC(=CC1)C,210.31
62329,CC1=C(C(=C(C(=C1[N+](=O)[O-])C(C)(C)C)[N+](=O)[O-])C)[N+](=O)[O-],297.26
62330,CC1=CC=CC=C1N=NC2=CC(=C(C=C2)N=NC3=C(C=CC4=CC=CC=C43)O)C,380.4
62334,CC(=O)OC1CCCCC1C(C)(C)C,198.30
62336,CC(C1=CC=CC=C1)C(OC)OC,180.24
62341,CC(C1=CC=CC=C1)OC(=O)C,164.20
62347,C12C(NC(=O)N1)NC(=O)N2,142.12
62351,CSCCCN=C=S,147.3
62357,CCN(CC)C1=CC2=C(C=C1)C3(C4=C(O2)C=C(C=C4)N(CC)CC)C5=CC=CC=C5C(=O)O3,442.5
62371,C1=CC=C(C=C1)C(=O)[O-].C1=CC=C(C=C1)C(=O)[O-].[Mg+2],266.53
62374,CC1=CC(=O)CC(C1=O)(C)C,152.19
62379,CCCCCCCCCCCCCC[N+]1=CC=CC=C1.[Br-],356.4
62389,C1=CC=C(C=C1)CNC2=NC=NC3=C2NC=N3,225.25
62406,C(F)(F)(F)S(=O)(=O)O,150.08
62411,C(COCC#CCOCCO)O,174.19
62413,CN1CCN(CC1)C(C2=CC=CC=C2)C3=CC=C(C=C3)Cl.Cl,337.3
62418,CC(C)C1=CC2=C(C=C1)[C@]3(CCC[C@@]([C@@H]3CC2)(C)CN)C.CC(=O)O,345.5
62421,CC(C)CCC(=O)CCC(C)C,170.29
62428,CCOC(=O)CC1=CC=CC2=CC=CC=C21,214.26
62430,CC(C)(C)N(CCO)CCO,161.24
62433,CCCCCOC(=O)CCCC,172.26
62436,C1CCC(CC1)(C2=CC=CC=C2)N3CCCC3,229.36
62441,CCCCCCCCCCCC(=O)O.C(CO)N(CCO)CCO,349.5
62445,CCC(C)COC(=O)CC(C)C,172.26
62449,CO[Si](CCCCl)(OC)OC,198.72
62452,CCCCCCCCCC[N+](C)(C)[O-],201.35
62459,CCCCCCCCCCCCN1CCCC1=O,253.42
62465,CCC1=CC(=C(C=C1)O)OC,152.19
62466,C(C(=O)NCO)Cl,123.54
62467,CCO[Si](C)(CCCOCC1CO1)OCC,248.39
62475,C1C=CCC2C1CC=C2,120.19
62477,CCOC(C=C)OCC,130.18
62478,C(S(=O)(=O)C(Cl)(Cl)Cl)(Cl)(Cl)Cl,300.8
62479,COCN(COC)C1=NC(=NC(=N1)N(COC)COC)N(COC)COC,390.44
62485,CC(C)(C)CC(C)(C)C1=CC(=C(C=C1)O)N2N=C3C=CC=CC3=N2,323.4
62493,CC(C)(C)C(=O)Cl,120.58
62495,CN1CCCC(C1)OC(=O)C(C2=CC=CC=C2)(C3=CC=CC=C3)O,325.4
62529,C1CCC(CC1)(C#N)N2CCCCC2,192.30
62530,CC(C)(C)CC(C)(C)C1=CC=CC=C1O,206.32
62531,CC1=CC(=C(C(=C1)N2N=C3C=CC(=CC3=N2)Cl)O)C(C)(C)C,315.8
62539,CCC(=O)C(=O)CC,114.14
62542,CC1=CC(=C(C=C1N=NC2=C(C3=CC=CC=C3C(=C2)S(=O)(=O)[O-])O)S(=O)(=O)[O-])C.[Na+].[Na+],480.4
62551,C(COCCOCCOCCOCCO)O,238.28
62553,CC(C)OC(=O)CC1=CC=CC=C1,178.23
62556,C=CC(=O)OCC(COC(=O)C=C)(COC(=O)C=C)COC(=O)C=C,352.3
62558,C1C(O1)CN(CC2CO2)C3=CC=C(C=C3)OCC4CO4,277.31
62572,CCOC(=O)CC(C)O,132.16
62576,C1=CC=C(C=C1)COC(=O)CBr,229.07
62581,CCCCCCCC[N+](C)(C)CCCCCCCC.[Cl-],306.0
62583,CCCCC1CCCCC(=O)O1,170.25
62592,CCCCCCCOC(=O)CCC,186.29
62630,C1C(O1)COC2=CC=C(C=C2)C(C3=CC=C(C=C3)OCC4CO4)C(C5=CC=C(C=C5)OCC6CO6)C7=CC=C(C=C7)OCC8CO8,622.7
62648,[NH4+].[NH4+].[O-]S(=O)(=O)OOS(=O)(=O)[O-],228.21
62655,[O-]S(=O)(=O)OOS(=O)(=O)[O-].[Na+].[Na+],238.11
62661,CC(C)CC(CC1=CC=CC=C1)O,178.27
62672,[Be+2].O.O.O.O.[O-]S(=O)(=O)[O-],177.14
62725,CC(C)CC1=NC=CS1,141.24
62738,CC1=CC=C(C=C1)S(=O)(=O)C(I)I,422.02
62751,C1CCC(CC1)(C2=CC=CS2)N3CCCCC3,249.4
62753,CC(C)(C1=CC(=C(C(=C1)Br)OCC(CBr)Br)Br)C2=CC(=C(C(=C2)Br)OCC(CBr)Br)Br,943.6
62770,C[C@H]1[C@H]([C@H](C[C@@H](O1)O[C@H]2C[C@@](CC3=C2C(=C4C(=C3O)C(=O)C5=C(C4=O)C(=CC=C5)OC)O)(C(=O)C)O)N)O.Cl,564.0
62781,C[N+]1(CCCCC1)C.[Cl-],149.66
62783,CCCCC(CC)COC(=O)Cl,192.68
62786,CC(CC1=C(C=CC(=C1)OC)OC)N.Cl,231.72
62817,CCC(C)(CCC(C)C)C(=O)O,172.26
62820,C(C(CO)OP(=O)([O-])[O-])O.[Ca+2],210.14
62823,CCCCC(CC)CO[N+](=O)[O-],175.23
62827,CCCCCCCCCCCCCCCCCC[N+](C)(C)CCC[Si](OC)(OC)OC.[Cl-],496.3
62829,CC1=C(C(=O)C[C@@H]1OC(=O)[C@@H]2[C@H](C2(C)C)C=C(C)C)CC=C,302.4
62835,CC1C(=C(C(=O)O1)O)C,128.13
62852,CCCCCCCCO[C@H]1[C@@H]([C@H]([C@@H]([C@H](O1)CO)O)O)O,292.37
62857,CNCCC(C1=CC=CC=C1)OC2=CC=C(C=C2)C(F)(F)F.Cl,345.8
62881,CC(=O)N(CCCCCNC(=O)CCC(=O)N(CCCCCNC(=O)CCC(=O)N(CCCCCN)O)O)O.CS(=O)(=O)O,656.8
62882,CC(C)NCC(COC1=CC=CC2=CC=CC=C21)O.Cl,295.80
62884,CC(C(=O)C1=CC(=CC=C1)Cl)NC(C)(C)C.Cl,276.20
62902,CCCC(C)C(=O)OCC,144.21
62907,CCNC(=O)C1CC(CCC1C(C)C)C,211.34
62923,CN(C)CC(C1=CC=C(C=C1)OC)C2(CCCCC2)O.Cl,313.9
62935,C1CN(CCN1CCCN2C(=O)N3C=CC=CC3=N2)C4=CC(=CC=C4)Cl.Cl,408.3
62937,CC(C)NCC(COC1=CC=C(C=C1)CCOC)O.CC(C)NCC(COC1=CC=C(C=C1)CCOC)O.C(CC(=O)O)C(=O)O,652.8
62960,CS(=O)(=O)O.C1[C@@H]2[C@@H](C2N)CN1C3=C(C=C4C(=O)C(=CN(C4=N3)C5=C(C=C(C=C5)F)F)C(=O)O)F,512.5
62969,CC(C)C(CCCN(C)CCC1=CC(=C(C=C1)OC)OC)(C#N)C2=CC(=C(C=C2)OC)OC.Cl,491.1
62978,COC1=C(C=C2C(=C1)C(=NC(=N2)N3CCN(CC3)C(=O)C4COC5=CC=CC=C5O4)N)OC.CS(=O)(=O)O,547.6
62999,C1CC1N2C=C(C(=O)C3=CC(=C(C=C32)N4CCNCC4)F)C(=O)O.Cl,367.8
63002,CC(C)(C1=CC=C(C=C1)C(CCCN2CCC(CC2)C(C3=CC=CC=C3)(C4=CC=CC=C4)O)O)C(=O)O.Cl,538.1
63009,CN[C@H]1CC[C@H](C2=CC=CC=C12)C3=CC(=C(C=C3)Cl)Cl.Cl,342.7
63013,CN(C)C[C@H]1CCCC[C@@]1(C2=CC(=CC=C2)OC)O.Cl,299.83
63047,CCCCC(=O)O[C@@]1([C@@H](C[C@@H]2[C@@]1(C[C@@H]([C@]3([C@H]2CCC4=CC(=O)C=C[C@@]43C)F)O)C)C)C(=O)CO,476.6
63049,CCC(=O)OCC(=O)[C@]1([C@@H](C[C@@H]2[C@@]1(C[C@@H]([C@]3([C@H]2CCC4=CC(=O)C=C[C@@]43C)F)O)C)C)OC(=O)CC,504.6
64139,C1CC1C#C[C@]2(C3=C(C=CC(=C3)Cl)NC(=O)O2)C(F)(F)F,315.67
64184,C1C2CC3CC(C2)(CC1C3=O)O,166.22
64517,C1C2CC3CC1CC(C2)(C3)NCCOC(=O)COC4=CC=C(C=C4)Cl,363.9
64646,CCN(CC)CC1=C(C=CC(=C1)NC2=C3C=CC(=CC3=NC=C2)Cl)O.O.O.Cl.Cl,464.8
64647,CCN1CC(C(C1=O)(C2=CC=CC=C2)C3=CC=CC=C3)CCN4CCOCC4.Cl,415.0
64710,CCC[C@@H]1C[C@H](N(C1)C)C(=O)N[C@@H]([C@@H]2[C@@H]([C@@H]([C@H]([C@H](O2)SC)O)O)O)[C@@H](C)O.Cl,443.0
64713,CC1=CC(=CC=C1)CN2CCN(CC2)C(C3=CC=CC=C3)C4=CC=C(C=C4)Cl.Cl.Cl,463.9
64715,CC[C@H](C)C(=O)O[C@H]1CCC=C2[C@H]1[C@H]([C@H](C=C2)C)CC[C@@H]3C[C@H](CC(=O)O3)O,390.5
64722,CN1CCCC(C1)CC2C3=CC=CC=C3SC4=CC=CC=C24.Cl,345.9
64740,C[C@@H]1CC(=O)[C@]2([C@@H](O1)O[C@@H]3[C@H]([C@@H]([C@@H]([C@@H]([C@H]3O2)NC)O)NC)O)O.Cl.Cl,405.3
64747,CC(C1=CC(=CC=C1)OC2=CC=CC=C2)C(=O)[O-].CC(C1=CC(=CC=C1)OC2=CC=CC=C2)C(=O)[O-].O.O.[Ca+2],558.6
64761,CCC(=O)N(C1=CC=CC=C1)C2(CCN(CC2)CCN3C(=O)N(N=N3)CC)COC.Cl,453.0
64764,CC(C)CC(C1(CCC1)C2=CC=C(C=C2)Cl)N(C)C.Cl,316.3
64772,CC[N+](CC)(CC1=CC=CC=C1)CC(=O)NC2=C(C=CC=C2C)C.C1=CC=C2C(=C1)C(=NS2(=O)=O)[O-],507.6
64782,C[C@@H]([C@@H](C1=CC=CC=C1)O)N(C)C,179.26
64805,CC(CC1=CC2=C(C=C1)OCO2)C=O,192.21
64819,CC(C)(C)C1=CC(=CC(=C1O)C(C)(C)C)CCC(=O)OCC(COC(=O)CCC2=CC(=C(C(=C2)C(C)(C)C)O)C(C)(C)C)(COC(=O)CCC3=CC(=C(C(=C3)C(C)(C)C)O)C(C)(C)C)COC(=O)CCC4=CC(=C(C(=C4)C(C)(C)C)O)C(C)(C)C,1177.6
64832,CC(C)(C)C1=CC=C(C=C1)CCC=O,190.28
64865,CC(C)(C)C1=CC(=CC(=C1O)C(C)(C)C)CCC(=O)NN,292.4
64883,CC(C)(C)C1=CC(=CC(=C1O)C(C)(C)C)CCC(=O)OCCSCCOC(=O)CCC2=CC(=C(C(=C2)C(C)(C)C)O)C(C)(C)C,642.9
64927,CCN(CC)CCCC(C)NC1=C2C=CC(=CC2=NC=C1)Cl.OP(=O)(O)O.OP(=O)(O)O,515.9
64947,CO[C@@H]1[C@@H]([C@H]([C@@H]([C@H](O1)CO)O)O)O,194.18
64949,C1=CC(=CC=C1C(=N)N)OCCCOC2=CC=C(C=C2)C(=N)N,312.37
64961,C1=CC=C2C(=C1)C3=C(N2)C=NC=C3,168.19
65057,C1=CC=C(C=C1)C2=C(C2=O)C3=CC=CC=C3,206.24
65064,C1[C@H]([C@H](OC2=CC(=CC(=C21)O)O)C3=CC(=C(C(=C3)O)O)O)OC(=O)C4=CC(=C(C(=C4)O)O)O,458.4
65067,C1=CSC(=C1)C2=CC=C(S2)C3=CC=CS3,248.4
65094,C[C@H](CCCC(C)(C)O)[C@H]1CC[C@@H]2[C@@]1(CC[C@H]3[C@H]2CC=C4[C@@]3(CC[C@@H](C4)O)C)C,402.7
65114,C1=NN(C(=O)N=C1N)[C@H]2[C@@H]([C@@H]([C@H](O2)CO)O)O,244.20
65275,COC1=NC(=NC2=C1NC=N2)N,165.15
65280,CC1=CC(=NO1)NS(=O)(=O)C2=CC=C(C=C2)NC(=O)C,295.32
65326,C[C@@H]([C@@H](C1=CC=CC=C1)O)NC.Cl,201.69
65327,CNCCCN1C2=CC=CC=C2CCC3=CC=CC=C31.Cl,302.8
65329,C1CCN[C@H](C1)[C@H](C2=CC(=NC3=C2C=CC=C3C(F)(F)F)C(F)(F)F)O.Cl,414.8
65332,CC(=O)O[C@H]1C[C@@H]2CC[C@@H]3[C@@H]([C@]2(C[C@@H]1N4CC[N+](CC4)(C)C)C)CC[C@]5([C@H]3C[C@@H]([C@@H]5OC(=O)C)N6CC[N+](CC6)(C)C)C.[Br-].[Br-],762.7
65340,C1=CC(=C(C=C1CCN)O)O.Cl,189.64
65341,CCCC(C1=CC=CC=C1)(C2=CC=CC=C2)C(=O)OCCN(CC)CC.Cl,390.0
65359,C(CC(=O)N[C@@H](CSSC[C@@H](C(=O)NCC(=O)O)NC(=O)CC[C@@H](C(=O)O)N)C(=O)NCC(=O)O)[C@@H](C(=O)O)N,612.6
65360,CC(C)(CS(=O)(=O)O)NC(=O)C=C,207.25
65394,C1=CC=C(C(=C1)CC(=O)O)OC2=C(C=C(C=C2)Cl)Cl,297.1
65399,CN1C2=NC=NC3=C2C(=CN3[C@H]4[C@@H]([C@@H]([C@H](O4)CO)O)O)C(=N1)N,320.30
65420,CC1(OC[C@H]2[C@@H](O1)[C@H]3[C@@](O2)(OC(O3)(C)C)C(=O)O)C,274.27
65442,CC(=C)C(=O)OCC(CO)O,160.17
65452,CC[C@H]([C@H]1[C@H](C[C@@H]([C@@H](O1)[C@@H](C)[C@@H]([C@H](C)C(=O)[C@H](CC)[C@@H]2[C@H](C[C@H]([C@]3(O2)C=C[C@H]([C@@]4(O3)CC[C@@](O4)(C)[C@H]5CC[C@@]([C@@H](O5)C)(CC)O)O)C)C)O)C)C)C(=O)O,765.0
65453,C[C@@]1(CO[C@@H]([C@@H]([C@H]1NC)O)O[C@H]2[C@@H](C[C@@H]([C@H]([C@H]2O)O[C@@H]3[C@@H](CC=C(O3)CN)N)N)N)O,447.5
65463,CC(C)(C)C1=CC=C(C=C1)CN2CCN(CC2)C(C3=CC=CC=C3)C4=CC=C(C=C4)Cl.Cl.Cl,505.9
65464,CN(C)CCCOC1=NN(C2=CC=CC=C21)CC3=CC=CC=C3.Cl,345.9
65477,CC(C)(CC1=CC=C(C=C1)Cl)N.Cl,220.14
65478,C[C@H]1C[C@H]2[C@@H]3CCC4=CC(=O)C=C[C@@]4([C@]3([C@H](C[C@@]2([C@]1(C(=O)COP(=O)([O-])[O-])O)C)O)F)C.[Na+].[Na+],516.4
65483,CCC1(CCCCN(C1)C)C2=CC(=CC=C2)O.Cl,269.81
65492,C[C@@H](C(=O)NC1=C(C(=C(C(=C1I)C(=O)NC(CO)CO)I)C(=O)NC(CO)CO)I)O,777.1
65494,CCC(=O)N(C1=CC=CC=C1)C2(CCN(CC2)CCC3=CC=CS3)COC.C(C(=O)O)C(CC(=O)O)(C(=O)O)O,578.7
65495,C1=CC(=CC=C1CSC(CN2C=CN=C2)C3=C(C=C(C=C3)Cl)Cl)Cl.[N+](=O)(O)[O-],460.8
65502,C[C@@H]1CCC[C@@H](N1CCCC(C2=CC=CC=C2)(C3=CC=CC=N3)O)C,338.5
65522,C1=C(N=C(N=C1Cl)N)Cl,163.99
65552,C1=C(C=C(C(=C1I)OC2=CC(=C(C(=C2)I)O)I)I)CC(=O)O,747.83
65575,C[C@@H]1CC[C@@H]2[C@]13CC[C@@]([C@H](C3)C2(C)C)(C)O,222.37
65584,C1[C@@H]2C=C[C@H]1[C@H]3[C@@H]2C(=O)NC3=O,163.17
65591,CCCOC(=O)C1=CN=CN1C(C)C2=CC=CC=C2,258.32
65596,CCCCCCCCCCCCOCCCN,243.43
65600,C1CN2CCC1C(C2)C(C3=CC=CC=C3)(C4=CC=CC=C4)O,293.4
65614,CC(CC1=CC=CC=C1)NC=O,163.22
65620,CC1=NC2=C(C=C1)C(=CC(=C2O)Br)Br,316.98
65628,CN1C2=C(C=C(C=C2)N(CCCl)CCCl)N=C1CCCC(=O)O,358.3
65630,C1CN2CCC1C(C2)OC(=O)C3=CC=CC=C3,231.29
65632,C1CSC(=O)C1NC(=O)CSCC(=O)O,249.3
65651,C1=CC(=C(C(=C1)F)C(=O)NC(=O)NC2=CC(=C(C=C2)Cl)OC3=C(C=C(C=N3)C(F)(F)F)Cl)F,506.2
65659,C1COCCN1CCCNC(=O)C2=CC=C(C=C2)Cl,282.76
65664,C[C@@H]1CC[C@H]2[C@H]([C@H](O[C@H]3[C@@]24[C@H]1CC[C@](O3)(OO4)C)OC(=O)CCC(=O)O)C,384.4
65681,CC(C)CN1C=NC2=C1C(=O)N(C(=O)N2C)C,236.27
65682,C[C@@H](CC1=CC=CC=C1)N(C)C,163.26
65684,CC1=CC2=C(C=C1)NC3C2CN(CC3)C,202.30
65708,C1=CC=C2C(=C1)NC(=N2)CCC(=O)O,190.20
65709,CCN(CC)CCN1C2=CC=CC=C2N=C(C1=O)CC3=CC=C(C=C3)OC,365.5
65710,CC1=CC=CC=C1CNC2=C3C(=NC=N2)N(C=N3)[C@H]4[C@@H]([C@@H]([C@H](O4)CO)O)O,371.4
65758,C1=CC=C(C(=C1)C2=NC(=NO2)C3=CC=NC=C3)Cl,257.67
65760,C1[C@H]([C@@H]([C@H](C(O1)NC2=CC=C(C=C2)C(=O)O)O)O)O,269.25
65768,C1=CC=C2C(=C1)C(=CN2)CCNC(=O)C3=CN=CC=C3,265.31
65770,CCCCN1CCCC1C(=O)NC2=C(C=C(C=C2C)C)C,288.4
65773,CCCC1=NC=C(S1)C(=O)O,171.22
65776,CC1=C(N(C2=C1C=C(C=C2)C(=O)OCCN(C)C)CC3=CC=CC=C3)C,350.5
65781,CC(C)C1=C(C=C2C(=C1)CC[C@@H]3[C@@]2(CCC[C@@]3(C)C(=O)O)C)S(=O)(=O)O,380.5
65784,CC(=O)N1C[C@@H](C[C@H]1C(=O)O)O,173.17
65790,COC1=CC(=CC(=C1OC)OC)C(=S)N2CCOCC2,297.37
65800,C1CN1P2(=NP(=NP(=N2)(N3CC3)N4CCOCC4)(N5CC5)N6CC6)N7CC7,431.35
65854,C1CNCCC1SC2=NC(=CC=C2)Cl,228.74
65870,CCOC(=O)CN1C=CC=C1C2=NC(=C(S2)C3=CC=C(C=C3)OC)C4=CC=C(C=C4)OC,448.5
65889,CC1=NN=C2N1C3=C(C=C(S3)CCC(=O)N4CCOCC4)C(=NC2)C5=CC=CC=C5Cl,456.0
65894,C[C@H]([C@@H]1[C@@H]2N(C1=O)C(=C(S2)[C@H]3CCCO3)C(=O)O)O,285.32
65906,CN(C1CCN(CC1)C2=NC3=CC=CC=C3N2CC4=CC=C(C=C4)F)C5=NC=CC(=O)N5,432.5
65909,CC1(C2=CC=CN2C3=CC=CC=C3CO1)CN4CCC(CC4)N5C6=CC=CC=C6NC5=O,428.5
65938,CC(=O)N[C@@H](CO)C(=O)N[C@@H](CC(=O)O)C(=O)N[C@@H](CCCCN)C(=O)N1CCC[C@H]1C(=O)O,487.5
65940,C1=CC=C(C=C1)S(=O)(=O)NCCC2=CC=C(S2)OCC(=O)O,341.4
65944,C1CC(=O)N[C@@H]1C(=O)N2CSC[C@H]2C(=O)O,244.27
65947,CC1N2C3=CC(=C(C=C3C(=O)C(=C2S1)C(=O)O)F)N4CCN(CC4)CC5=C(OC(=O)O5)C,461.5
65948,CC1=C(C(C(=C(N1)N)C(=O)OC2CN(C2)C(C3=CC=CC=C3)C4=CC=CC=C4)C5=CC(=CC=C5)[N+](=O)[O-])C(=O)OC(C)C,582.6
65953,CC1=C(C(C(=C(N1)COC(=O)N)C(=O)OC(C)C)C2=C(C(=CC=C2)Cl)Cl)C(=O)OC,457.3
65957,C[C@H]1COC2=C3N1C=C(C(=O)C3=CC(=C2C4(CC4)N)F)C(=O)O,318.30
65958,CNC1CCCN(C1)C2=C(C=C3C(=C2OC)N(C=C(C3=O)C(=O)O)C4CC4)F,389.4
65981,CCOC1=C(C=CC(=C1)CC(=O)N[C@@H](CC(C)C)C2=CC=CC=C2N3CCCCC3)C(=O)O,452.6
65999,CCCC1=NC2=C(N1CC3=CC=C(C=C3)C4=CC=CC=C4C(=O)O)C=C(C=C2C)C5=NC6=CC=CC=C6N5C,514.6
66007,C1CCC(CC1)C(CCN2CCCCC2)(C3=CC=CC=C3)O.Cl,337.9
66011,C1=CC(=CC=C1CBr)[N+](=O)[O-],216.03
66030,CCCCCCCCCCCCC1=CC=C(C=C1)O,262.4
66041,C=CC1=CC=C(C=C1)C=C,130.19
66061,CN1CCCN=C1COC(=O)C(C2CCCCC2)(C3=CC=CC=C3)O.Cl,380.9
66062,CN1CCCCC1CCN2C3=CC=CC=C3SC4=C2C=C(C=C4)SC.Cl,407.0
66063,CN1CCC(CC1)OC(C2=CC=CC=C2)C3=CC=CC=C3.Cl,317.9
66064,CN1CCN(CC1)CCCN2C3=CC=CC=C3SC4=C2C=C(C=C4)C(F)(F)F.Cl.Cl,480.4
66067,CCOP(=O)(CC)OC1=CC=C(C=C1)[N+](=O)[O-],259.20
66068,CCN(CC)CCNC(=O)C1=CC=C(C=C1)N.Cl,271.78
66069,CN(C)CCCN1C2=CC=CC=C2SC3=C1C=C(C=C3)C(F)(F)F.Cl,388.9
66070,CC1=C(C(=CC=C1)C)NC(=O)C2CCCCN2C.Cl,282.81
66091,C1=C(NC=N1)C[C@@H](C(=O)O)N.Cl,191.61
66094,C[Si]1(N[Si](N[Si](N1)(C)C)(C)C)C,219.51
66117,C(CCC(=O)NN)CC(=O)NN,174.20
66124,C[C@@H](CC1=CC=CC=C1)NC.Cl,185.69
66133,CC[N+](CC)(CC)CC1=CC=CC=C1.[Cl-],227.77
66166,CCC(C)(C1=CC=C(C=C1)O)C2=CC=C(C=C2)O,242.31
66172,CC1=CC(=NO1)N,98.10
66187,CO[Si](C)(C)OC,120.22
66204,Cl[Nd](Cl)Cl,250.60
66245,CC(C)NCC(C1=CC=C(C=C1)NS(=O)(=O)C)O.Cl,308.83
66247,CC[N+]1(CCC(C1)OC(=O)C(C2=CC=CC=C2)(C3=CC=CC=C3)O)CC.[Br-],434.4
66251,CO[C@H]1C[C@@H]2CN3CCC4=C([C@H]3C[C@@H]2[C@@H]([C@H]1OC)C(=O)OC)NC5=C4C=CC(=C5)OC.Cl,465.0
66264,CCN[C@@H](C)CC1=CC(=CC=C1)C(F)(F)F.Cl,267.72
66280,CCCCCCCCCCCCS(=O)(=O)Cl,268.84
66308,C([C@H]([C@H]([C@@H](C=O)O)O)O)O,150.13
66320,[Li+].[Li+].[O-]S(=O)(=O)[O-],110.0
66357,CC(=C)C(=O)OCCOC1=CC=CC=C1,206.24
66359,CC(=O)O[C@H]1CC[C@@H]2[C@@]1(C=CC3=C4CCC(=O)C=C4CC[C@@H]23)C,312.4
66377,CCC1=CN(C(=O)NC1=O)[C@H]2C[C@@H]([C@H](O2)CO)O,256.25
66435,C[C@]12CC[C@H]3[C@H]([C@@H]1CC[C@@H]2OP(=O)(O)O)CCC4=C3C=CC(=C4)O,352.4
66449,C1=CC(=CC=C1CCN)O.Cl,173.64
66461,CCCCC(CN1C=NC=N1)(C2=C(C=C(C=C2)Cl)Cl)O,314.2
66491,C1=CC2=C3C(=C1)C(=O)NC(=O)C3=CC=C2,197.19
66494,C1=CC=C(C(=C1)C(C2=CC=C(C=C2)O)C3=CC=C(C=C3)O)C(=O)O,320.3
66569,CC1=COC2=CC=CC=C2C1=O,160.17
66571,CCOC1=CC(=C(C=C1N2CCOCC2)OCC)[N+](=O)[O-],296.32
66573,CCN1C2=C(C=C(C=C2)[N+](=O)[O-])C3=CC=CC=C31,240.26
66597,CC(C)(C)C1=CC=C(C=C1)OC(=O)C2=CC=CC=C2O,270.32
66598,CCOC(=O)C1=CC=CC=C1C,164.20
66609,CC(C)(C)C1=CC(=CC(=C1O)C(C)(C)C)CN(C)C,263.4
66623,C1=CC(=C(C=C1N)N)S(=O)(=O)O,188.21
66636,CCOC(=O)C1=NN(C(=O)C1)C2=CC=CC=C2,232.23
66638,CC1=NN(C(=O)C1)C2=CC=C(C=C2)S(=O)(=O)O,254.26
66645,C1=CC(=C(C=C1Cl)Cl)C(=O)Cl,209.5
66666,C=CC1=CC=CC=C1C=C,130.19
66678,CC1=CC2=C(C=C1)NCCC2,147.22
66679,CCN(CC)C1=CC=CC(=C1)C,163.26
66688,C1=CC(=CC(=C1)Cl)N(CCO)CCO,215.67
66726,COC1=CC(=C(C=C1)OC)C=O,166.17
66743,CCOC(=O)C1=CC=C(C=C1)C,164.20
66755,CCOC1=CC=CC=C1O,138.16
66760,C1=CC2=NNN=C2C=C1Cl,153.57
66793,COC1=CC(=C(C=C1)N)[N+](=O)[O-],168.15
66826,C1=CC(=CC=C1[N+](=O)[O-])[As](=O)(O)O,247.04
66829,C1CN(CCN1)C(=S)S,162.3
66854,C[N+](C)(C)CC1=CC=CC=C1.[OH-],167.25
66858,CCN(CC1=CC(=CC=C1)S(=O)(=O)O)C2=CC=CC=C2,291.4
66885,C1=CC(=CC(=C1)OCCO)OCCO,198.22
66909,C1=CC=C(C=C1)CNS(=O)(=O)C2=CC=C(C=C2)N,262.33
66912,C1=CC(=CC=C1OCCO)OCCO,198.22
66932,CC(C)CCCCCOC(=O)CCCCC(=O)OCCCCCC(C)C,370.6
66991,COCCC1=CC=CC=N1,137.18
67000,CC1(C(=O)NC(=O)N1CO)C,158.16
67005,CC1=C(C=C2C(=C1[N+](=O)[O-])C(CC2(C)C)(C)C)[N+](=O)[O-],278.30
67045,C1C(=NN(C1=O)C2=CC=C(C=C2)S(=O)(=O)O)C(=O)O,284.25
67054,CC1=C(C=C(C=C1)N)S(=O)(=O)O,187.22
67058,CC1=CC(=C(C=C1)OC)[N+](=O)[O-],167.16
67060,CC1=NN(C(=O)C1)C2=CC(=CC=C2)S(=O)(=O)O,254.26
67065,C1=CC=C(C=C1)NC2=CC3=CC(=CC(=C3C=C2)O)S(=O)(=O)O,315.3
67114,CCN(CC)C1=CC=C(C=C1)C=O,177.24
67123,C1=CC=C(C=C1)C(=O)OCCOCCOCCOC(=O)C2=CC=CC=C2,358.4
67151,C1CN(CCN1CCO)CCO,174.24
67172,CC1=CC(=C(C=C1O)C)C2(C3=CC=CC=C3S(=O)(=O)O2)C4=C(C=C(C(=C4)C)O)C,410.5
67174,CC(CCC(=O)O)(C1=CC=C(C=C1)O)C2=CC=C(C=C2)O,286.32
67215,CN(C)C1=CC=C(C=C1)C(C2=CC=CC=C2)C3=CC=C(C=C3)N(C)C,330.5
67236,C1=CC=C(C=C1)OC(=O)C2=C(C3=CC=CC=C3C=C2)O,264.27
67271,C1=CC=C(C=C1)C(=O)NC2=CC=CC=C2SSC3=CC=CC=C3NC(=O)C4=CC=CC=C4,456.6
67274,COC1=CC=CC=C1NC(=O)C2=CC3=CC=CC=C3C=C2O,293.3
67277,C1=CC=C2C=C(C(=CC2=C1)C(=O)NC3=CC(=CC=C3)[N+](=O)[O-])O,308.29
67284,COC1=CC(=C(C=C1)OC)OC,168.19
67285,CC(C)C1=CC2=C(C=C1)N=CC=C2,171.24
67299,C1=C(C(=CC(=C1O)Cl)Cl)O,179.00
67313,C1=CC(=CC=C1CN)S(=O)(=O)N.Cl,222.69
67322,C(CN(CCO)CCO)N(CCO)CCO,236.31
67329,CCCCOCCOC(=O)CCCCCCCCC(=O)OCCOCCCC,402.6
67349,C[Si](C1=CC=CC=C1)(C2=CC=CC=C2)Cl,232.78
67350,CC1=C(C(=C(C(=C1C)[N+](=O)[O-])C(C)(C)C)[N+](=O)[O-])C,266.29
67406,CC1=CC(=CC=C1)OC(=O)C,150.17
67437,C1CCOC2(C1)CCCCO2,156.22
67533,CN1CCN(CC1)C(C2=CC=CC=C2)C3=CC=CC=C3.Cl.Cl,339.3
67535,CC(C)N1C(=O)C2=CC=CC=C2C1=O,189.21
67542,C(=O)(C(C(C(C(C(F)(F)F)(F)F)(F)F)(F)F)(F)F)O,314.05
67579,C1=CC=C(C=C1)C2=CC=CC=C2F,172.20
67589,C1=CC=C(C=C1)C(=O)CC(=O)C(F)(F)F,216.16
67678,C([C@@H](C(=O)O)N)SSC[C@@H](C(=O)O)N,240.3
67686,C1N(CSC(=S)N1CC2=CC=CC=C2)CC3=CC=CC=C3,314.5
67688,C1=CC(=C(C=C1[N+](=O)[O-])Cl)F,175.54
67768,C1=CC(=C(C=C1N)[N+](=O)[O-])F,156.11
67818,C(=O)(C(C(C(C(C(C(F)(F)F)(F)F)(F)F)(F)F)(F)F)(F)F)O,364.06
67821,C(=O)(C(C(C(C(C(C(C(C(F)(F)F)(F)F)(F)F)(F)F)(F)F)(F)F)(F)F)(F)F)O,464.08
67955,CNC1=NC=NC2=C1NC=N2,149.15
67967,C1=CC(=C(C=C1F)F)[N+](=O)[O-],159.09
68023,C1=CC(=CC=C1C=O)F,124.11
68089,CCOC(=O)C1=CC(=NC2=C1C=C(C=C2)C)C3=CC=CC=C3,291.3
68093,CC(=O)OC1=CC=CC(=C1OC(=O)C)C(=O)O,238.19
68119,C1=COC(=C1)C(=O)C(=O)C2=CC=CO2,190.15
68186,C1CN(CCC12C(=O)NCN2C3=CC=CC=C3)CCCOC4=CC=C(C=C4)F,383.5
68191,CC(C)(CCl)C1=CC=CC=C1,168.66
68226,C1=CC=C2C(=C1)C(=C3C=CC=CC3=C2Br)Br,336.02
68236,CC1=NC2=CC=CC=C2C(=O)O1,161.16
68289,C1OC2=C(O1)C=C(C=C2)O,138.12
68297,C1=CC=C(C=C1)NC2=CC=CC=C2N,184.24
68304,CCCCOC1=CC=C(C=C1)C(=O)CCN2CCCCC2.Cl,325.9
68310,CC(=O)N[C@@H](CC1=CC=C(C=C1)O)C(=O)O,223.22
68313,CN(C)CCC1=CC=C(C=C1)O,165.23
68363,CCOC1=CC(=CC(=C1OCC)OCC)C2=NC=CC3=CC(=C(C=C32)OC)OC,397.5
68385,CN(C)CCOC1=CC=C(C=C1)CNC(=O)C2=CC(=C(C(=C2)OC)OC)OC.Cl,424.9
68526,C1=CC=C(C=C1)OCCBr,201.06
68527,C1=CC(=CC=C1CBr)Br,249.93
68539,CN(C)CCCN1C2=CC=CC=C2CCC3=C1C=C(C=C3)Cl.Cl,351.3
68547,C1=CC(=CC=C1N=C=S)OC2=CC=C(C=C2)[N+](=O)[O-],272.28
68549,CCN(CCN1C(=NC2=C1C(=O)N(C(=O)N2C)C)CC3=CC=CC=C3)CCO.Cl,421.9
68552,C1CCC2(CC1)OCC(O2)CN=C(N)N.C1CCC2(CC1)OCC(O2)CN=C(N)N.OS(=O)(=O)O,524.6
68570,C[C@]12CC[C@H]3[C@H]([C@@H]1CC[C@H]2O)CCC4=C3C=CC(=C4)O,272.4
68589,C1=CC(=CC=C1COC(CN2C=CN=C2)C3=C(C=C(C=C3)Cl)Cl)Cl.[N+](=O)(O)[O-],444.7
68600,CC1=CC(=CC(=C1)C(=O)OC2C[C@H]3CC[C@@H](C2)N3C)C,273.37
68601,CC1=C(C(=CC=C1)C(C)C2=CN=CN2)C.Cl,236.74
68604,CC1=C(C(=O)N2CCSC2=N1)CCN3CCC(CC3)C(=O)C4=CC=C(C=C4)F,401.5
68610,C1=CC(=CC=C1C(=O)O)OCCCOC2=CC=C(C=C2)C(=O)O,316.30
68624,CCN1C=C(C(=O)C2=CC(=C(C(=C21)F)N3CCNC(C3)C)F)C(=O)O.Cl,387.8
68626,C1CN(CCC12CNC(=O)O2)CCC3=CC=CC=C3.Cl,296.79
68651,CC(=O)CCC(=O)[O-].CC(=O)CCC(=O)[O-].O.O.[Ca+2],306.32
68654,C1=CC=NC(=C1)C(C2=CC=C(C=C2)OS(=O)(=O)[O-])C3=CC=C(C=C3)OS(=O)(=O)[O-].[Na+].[Na+],481.4
68662,COC(=O)CC[C@@H](C(=O)O)N,161.16
68664,C1CN(CCN1CC2=CC=CC=C2)C(=O)C3=CC4=CC=CC=C4O3,320.4
68706,C1=CC=C(C=C1)N2C=C(C(=N2)C3=CC=C(C=C3)Cl)CC(=O)O,312.7
68712,C1CC1C(C2CC2)NC3=NCCO3,180.25
68713,CN1CCN2C3=C(C=C(C=C3)OC)C4=C2C1=NCC4,255.31
68736,C1CN[C@@H](C[C@@H]1CP(=O)(O)O)C(=O)O,223.16
68740,C1=CN(C=N1)CC(O)(P(=O)(O)O)P(=O)(O)O,272.09
68741,C[C@]12CC[C@H]3[C@H]([C@@H]1CC[C@@H]2C(=O)NC(C)(C)C)CC=C4[C@@]3(CCC(=C4)C(=O)O)C,399.6
68770,CC(C)(C)NCC(COC1=CC=C(C=C1)NC(=O)NC2CCCCC2)O,363.5
68781,C[C@@H]1CC2=CC3=C(C(=C2C4=C(C(=C(C=C4C[C@@]1(C)O)OC)OC)OC)OC)OCO3,416.5
68791,C1C2N1C(=O)N=C2N,111.10
68827,C[C@@H]1CC[C@H]2[C@H](C(=O)O[C@H]3[C@@]24[C@H]1CC[C@](O3)(OO4)C)C,282.33
68835,C1CCC(CC1)NC(=O)CN2CCNCC2,225.33
68841,C([C@@H](C(=O)O)N)OP(=O)(O)O,185.07
68844,CCN[C@H]1CN(S(=O)(=O)C2=C1C=C(S2)S(=O)(=O)N)CCCOC,383.5
68848,CN1C[C@H](C[C@H]2[C@H]1CC3=CN(C4=CC=CC2=C34)C)NS(=O)(=O)N(C)C,362.5
68862,CCN1CCCC1CNC(=O)C(C2=CC=CC=C2)(C3=CC=CC=C3)O,338.4
68865,CCN(CC)CC(=O)OC1=CC=C(C=C1)NC(=O)C,264.32
68872,CC1=CC(=O)OC2=C1C=CC(=C2)OCC#C,214.22
68873,C[C@]12CCC(=O)C=C1[C@@H]3C[C@@H]3[C@@H]4[C@@H]2CC[C@]5([C@H]4[C@@H]6C[C@@H]6[C@@]57CCC(=O)O7)C,366.5
68888,CC(C)(C)C(=O)NCCCC(=O)O,187.24
68907,CCNC(=O)NCC1=CC(=CC=C1)Cl,212.67
68909,CC1=C(C(C(=C(N1)C)C(=O)OC)C2=CC=CC=C2OC(F)F)C(=O)OC,367.3
68911,C[C@@H]1CC[C@H]2[C@H]([C@H](O[C@H]3[C@@]24[C@H]1CC[C@](O3)(OO4)C)OC)C,298.37
68928,CC(CCCNC1=C2C(=CC(=C1)OC)C=CC=N2)N,259.35
68933,CC1=CN=C(N=C1)NS(=O)(=O)C2=CC=C(C=C2)N,264.31
68939,C1=C(C=C(C(=C1S(=O)C2=C(C(=CC(=C2)Cl)Cl)O)O)Cl)Cl,372.0
68940,CC(=O)OCC1=C(N2[C@@H]([C@@H](C2=O)NC(=O)CC3=CC=CC=C3)SC1)C(=O)O,390.4
68942,C1=CC=C2C(=C1)C(=O)C(C2=O)C3=CC=C(C=C3)F,240.23
68943,C1CCN(C1)CC#CC(C2=CC=CC=C2)(C3=CC=CC=C3)O,291.4
68947,C[C@]12CC[C@H]3[C@H]([C@@H]1CC[C@@H]2O)CCC4=C(C(=O)CC[C@]34C)Cl,322.9
68952,C[C@]12CC[C@H]3[C@H]([C@@H]1CC[C@@H]2OC(=O)CCC4CCCC4)CCC5=C(C(=O)CC[C@H]35)O,414.6
69026,C([N+](=O)[O-])(Br)Br,218.83
69027,CC(C)(C)C(=O)OC,116.16
69091,CC1=CC=C(C=C1)OC(=O)C2=CC=CC=C2O,228.24
69092,CCCOC(=O)C1=CC=CC=C1O,180.20
69111,C1=CC=C(C(=C1)C(=O)N)Cl,155.58
69144,CC(C)C(=O)C1=CC=CC=C1,148.20
69150,C1=CC(=CC=C1C(=O)C2=CC=C(C=C2)O)O,214.22
69188,CCOC(=O)C1=CN=CC=C1,151.16
69229,CCOC1=CC(=C(C=C1)N)[N+](=O)[O-],182.18
69275,C1=CC(=CC=C1CO)[N+](=O)[O-],153.14
69297,C1=CC=C(C=C1)CN(CC2=CC=CC=C2)O,213.27
69301,COC1=CC(=CC(=C1)OC)OC,168.19
69311,CCCOC(OCCC)OCCC,190.28
69317,C1=CC=C(C=C1)SCCSC2=CC=CC=C2,246.4
69413,C(C#N)NCC#N,95.10
69484,CCOC(=O)CC(=O)CCl,164.59
69508,C1=CC=C2C(=C1)C=C(C(=N2)C(=O)O)C(=O)O,217.18
69537,C(CO)C(C(C(C(C(C(F)(F)F)(F)F)(F)F)(F)F)(F)F)(F)F,364.10
69550,CN1C2=C(C(=O)N(C1=O)C)N(C=N2)CC(=O)O,238.20
69588,C1=CC=C(C=C1)C2=C(N=CN2)C3=CC=CC=C3,220.27
69594,C1=CC(=C(C=C1S(=O)(=O)N)S(=O)(=O)N)Cl,270.7
69619,C(CO)C(C(C(C(C(C(C(C(F)(F)F)(F)F)(F)F)(F)F)(F)F)(F)F)(F)F)(F)F,464.12
69627,CCCO[Si](OCCC)(OCCC)OCCC,264.43
69685,C1=CC=C(C=C1)SCCO,154.23
69705,COC1=CC=C(C=C1)CCO,152.19
69722,CC1=CP(=O)(CC1)C2=CC=CC=C2,192.19
69765,CC(C)(C)C1=CC(=CC(=C1O)C(C)(C)C)[N+](=O)[O-],251.32
69779,C1=CC=C(C=C1)OC(=O)C2=CC(=CC=C2)C(=O)OC3=CC=CC=C3,318.3
69785,C(C(C(C(C(F)(F)S(=O)(=O)N)(F)F)(F)F)(F)F)(C(C(C(F)(F)F)(F)F)(F)F)(F)F,499.15
69819,CCCCCCCCC(=O)Cl,176.68
69827,CCCCCCCCCCCCSC#N,227.41
69861,CC(C)(C)C1=CC=C(C=C1)N,149.23
69885,CC(=O)C1=CC2=C(CCCC2)C=C1,174.24
69908,CC(=O)C1=CC2=C(C=C1)C3=CC=CC=C3C2,208.25
69912,C1=CC=C(C(=C1)C(=O)C2=C(C=CC(=C2)Cl)N)F,249.67
69917,C1=CC(=CC=C1C(=O)NC2=CC=C(C=C2)N)N,227.26
69925,C1=CC=C(C=C1)[Si](C2=CC=CC=C2)(C3=CC=CC=C3)O,276.4
69985,C1=CC=C(C(=C1)[N+](=O)[O-])[O-].[Na+],161.09
69990,C1=CC=C(C=C1)P(=O)(Cl)Cl,194.98
70014,C1=CC(=CC(=C1)[N+](=O)[O-])C(=O)[O-].[Na+],189.10
70038,C1=CC=C(C(=C1)C(=O)C2=CC=CC=C2O)O,214.22
70129,COC1=CC=C(C=C1)C#N,133.15
70151,C1CCN(CC1)CN2CCCCC2,182.31
70213,CC(C)OC(=O)CCC(=O)OC(C)C,202.25
70223,C(COS(=O)(=O)O)N,141.15
70248,C(COCCOCCN)N,148.20
70262,CCC1=NC=C(N1)C,110.16
70308,CC(C)(C)C(=O)C1=CC=CC=C1,162.23
70315,CN1C(=O)C2=C(N=CN2)N=C1N,165.15
70324,CC(C)(C)C1=CC=C(C=C1)C=O,162.23
70355,C1CCC(CC1)(C(=O)C2=CC=CC=C2)O,204.26
70374,C1COCCN1CNC(=O)C2=NC=CN=C2,222.24
70381,CNC(=O)C(C1=CC=CC=C1)C2=CC=CC=C2,225.28
70400,B(C1=CC=CC=C1)(C2=CC=CC=C2)C3=CC=CC=C3,242.1
70414,C1CCN(CC1)C(=S)SSSSSSC(=S)N2CCCCC2,448.8
70425,CC(C)(C)C1=CC=C(C=C1)OP(=O)(OC2=CC=CC=C2)OC3=CC=CC=C3,382.4
70438,CC[Ge](CC)(CC)Cl,195.26
70452,CC(C)N(C)C,87.16
70569,CCCCCCN1C(=O)C2=C(N=CN2C)N(C1=O)C,264.32
70613,C=CC(=O)OCCCCOC(=O)C=C,198.22
70671,C1=CC=C(C=C1)C[P+](C2=CC=CC=C2)(C3=CC=CC=C3)C4=CC=CC=C4.[Cl-],388.9
70700,CC(C)(C)C(=O)CC(=O)C(C)(C)C,184.27
70724,C1=C[N+](=CC=C1Cl)[O-],129.54
70754,CC1=CC(=C(C=C1C)Cl)O,156.61
70755,CC1=CC(=C(C=C1Cl)C)Cl,175.05
70763,C1CCC(CC1)CCCO,142.24
70801,CC1=NN(C(=C1)N)C2=CC=CC=C2,173.21
70807,C1COCCN1CCCS(=O)(=O)O,209.27
70811,C1(=C(C(=NC(=C1Cl)Cl)C(Cl)(Cl)Cl)Cl)Cl,334.2
70837,C1=CC=C(C=C1)C(=O)C2=C(C(=C(C=C2)O)O)O,230.22
70846,C1=CC=C2C(=C1)C(=O)C(C2=O)C3=CC=C(C=C3)Cl,256.68
70882,CCC1=NC(=C2C=C(C(=CC2=C1)OC)OC)CC3=CC=CC=C3,307.4
70912,CC(C)C[C@@H](C(=O)O)NC(=O)C,173.21
70914,CC(=O)N[C@@H](CCC(=O)O)C(=O)O,189.17
70916,CC(CCOC(=O)C(=C)C)OC(=O)C(=C)C,226.27
70962,C[C@@H]1CC[C@@H](C(=O)C1)C(C)C,154.25
71012,CC1=CC2=C(C=C1)SC3=CC=CC(=C32)C,212.31
71027,C1=CC=C(C=C1)C(=CC=O)C2=CC=CC=C2,208.25
71077,C([C@H](C(=O)O)N)O,105.09
71080,C[C@H](C(=O)O)N,89.09
71113,CCCC(CCC)C(=O)N,143.23
71128,CCN(CC)CCOC(=O)C(C)(C1=CC=CC=C1)C2=CC=CC=C2,325.4
71137,CCOC(=O)OC1=C(C=C(C=C1)CCNC(=O)[C@H](CCSC)NC(=O)C)OC(=O)OCC,470.5
71157,CC1=C(C(=CC=C1)C)NC(=O)CN2CCCC2=O,246.30
71172,CC(C)NCC(COC1=CC=CC=C1OCC=C)O.Cl,301.81
71186,CC1CCC2=C3N1C=C(C(=O)C3=CC(=C2C)F)C(=O)O,275.27
71188,CCN1CCN(CC1)C2=C(C=C3C(=C2)N(C=C(C3=O)C(=O)O)C4CC4)F,359.4
71203,CC[C@@]12CCCN3[C@@H]1C4=C(CC3)C5=CC=CC=C5N4C(=O)C2,294.4
71208,CC1=C2C=CC=NC2=C(C=C1)O,159.18
71234,CC(CNC(=O)C1=CN=CC=C1)NC(=O)C2=CN=CC=C2,284.31
71245,CCOC1=CC=C(C=C1)C(C)(C)COCC2=CC(=CC=C2)OC3=CC=CC=C3,376.5
71264,CCOC(=O)NC1=CC2=C(CCC3=CC=CC=C3N2C(=O)CN(C)C)C=C1,367.4
71267,CC1=C(C(=CC=C1)C)NC(=O)CN2CCCCCC2,260.37
71270,C1C2CN(CC1CN(C2)C(=O)C3=CC=C(C=C3)N)CC4=CC=CC=C4,335.4
71277,CC[C@@H]1[C@@]([C@@H]([C@H](C(=O)[C@@H](C[C@@]([C@@H]([C@H]([C@@H]([C@H](C(=O)O1)C)O[C@H]2C[C@@]([C@H]([C@@H](O2)C)O)(C)OC)C)O[C@H]3[C@@H]([C@H](C[C@H](O3)C)N(C)C)OC(=O)CC)(C)O)C)C)O)(C)O,790.0
71285,CC(CC1=CC2=C(C=C1)OCO2)NC.Cl,229.70
71310,CCC1(CC2=CC=CC=C2C1)C3=CN=CN3,212.29
71321,CC1=C(OC(=N1)C2=CC=C(C=C2)Cl)COC(C)(C)C(=O)O,309.74
71329,CN(CCC1=CC=C(C=C1)NS(=O)(=O)C)CCOC2=CC=C(C=C2)NS(=O)(=O)C,441.6
71335,CN1C[C@@H]2C[C@H]1CN2C3=C(C=C4C(=C3)N(C=C(C4=O)C(=O)O)C5CC5)F,357.4
71339,C[C@@H]1[C@@H]2[C@H](C(=O)N2C(=C1SC3CN4C=NC=[N+]4C3)C(=O)[O-])[C@@H](C)O,350.4
71346,CS(=O)(=O)O.C1CCC2(C1)CC(=O)N(C(=O)C2)CCNCC3COC4=CC=CC=C4O3,454.5
71353,CN(C)[C@@H](CCOC1=CC=CC2=CC=CC=C21)C3=CC=CC=C3,305.4
71360,CC(=O)C1=CC(=C(C=C1)OCCCN2CCC(CC2)C3=NOC4=C3C=CC(=C4)F)OC,426.5
71384,C[C@@H](CN1CC(=O)NC(=O)C1)N2CC(=O)NC(=O)C2,268.27
71386,CCCC(=O)O[C@@]1([C@H](C[C@@H]2[C@@]1(CC(=O)[C@]3([C@H]2CCC4=CC(=O)C=C[C@@]43C)F)C)C)C(=O)CCl,479.0
71398,C[C@H](CC1=CC(=C(C=C1)O)O)[C@@H](C)CC2=CC(=C(C=C2)O)O,302.4
71399,CN1CCN(CC1)C2=NC3=CC=CC=C3OC4=C2C=C(C=C4)Cl.C(CC(=O)O)C(=O)O,445.9
71401,C1=CC(=C(C(=C1)Cl)CC(=O)N=C(N)N)Cl.Cl,282.5
71404,CCOCCOC(=O)C(=C)C,158.19
71412,CC(CCC1=CC=CC=C1)NCC(C2=CC(=C(C=C2)O)C(=O)N)O.Cl,364.9
71413,CCN(CC)CCCN(C1CC2=CC=CC=C2C1)C3=CC=CC=C3.Cl,358.9
71414,C[C@H]1C[C@H]2[C@@H]3C[C@@H](C4=CC(=O)C=C[C@@]4([C@]3([C@H](C[C@@]2([C@]1(C(=O)COC(=O)C)OC(=O)C)C)O)F)C)F,494.5
71417,CCN(CC)CCNC(=O)C1=CC=C(C=C1)NC(=O)C.Cl,313.82
71424,CCOC1=CC=CC=C1OCC2CNCCO2.Cl,273.75
71454,C1=CC(=CC(=C1)Cl)C(C2=CC3=C(C=C2)N=CN3)N4C=CN=C4.Cl,345.2
71467,CC(COC1=CC=CC=C1)NN,166.22
71470,CCCC(=O)O[C@@]1([C@H](C[C@@H]2[C@@]1(C[C@@H]([C@]3([C@H]2CCC4=CC(=O)C=C[C@@]43C)F)O)C)C)C(=O)COC(=O)CC,518.6
71478,CNCCCC12CCC(C3=CC=CC=C31)C4=CC=CC=C24.Cl,313.9
71482,COP(=O)(OC)SCN1C2=C(C=C(C=N2)Cl)OC1=O,324.68
71484,CC1=C(C2=CC3=NC(=CC4=NC(=CC5=C(C(=C(N5)C=C1N2)C=C)C)C(=C4CCC(=O)[O-])C)C(=C3C)CCC(=O)[O-])C=C.[Na+].[Na+],606.6
71485,C([C@@H]1[C@@H]([C@@H]([C@H]([C@H](O1)O[C@]2([C@H]([C@@H]([C@H](O2)CCl)O)O)CCl)O)O)Cl)O,397.6
71486,CC(C)(C)C(=O)OC1=C(C=C(C=C1)C(CNC)O)OC(=O)C(C)(C)C.Cl,387.9
71489,C[N+]1(CCCCC1)CCC(C2=CC=CC=C2)(C3=CC=CC=C3)C(=O)N.[Br-],417.4
71518,C[N+](C)(C)CCOC(=O)C(C1=CC=CC=C1)(C2=CC=CC=C2)O.[I-],441.3
71563,CC(C)[C@H](C(=O)O)N,117.15
71577,C1=CC(=CC(=C1)S(=O)(=O)[O-])S(=O)(=O)[O-].[Na+].[Na+],282.2
71580,COC1=CC(=CC(=C1OC)OC)CCN.Cl,247.72
71587,C1CN(CCN1CCCN2C3=CC=CC=C3C=CC4=CC=CC=C42)CCO.Cl.Cl,436.4
71593,CN1C=NC2=NC=NC(=C21)N,149.15
71611,CC(C)(CC1=CC=CC=C1)NC.CC(C)(CC1=CC=CC=C1)NC.OS(=O)(=O)O,424.6
71612,C1CN(CCN1CCOCCO)C(C2=CC=CC=C2)C3=CC=C(C=C3)Cl.Cl,411.4
71622,CCCC1=CC(=C(C=C1)OCC(=O)N2CCN(CC2)C(=O)COC3=C(C=C(C=C3)CCC)OC)OC,498.6
71643,C1=CC=C(C=C1)CN=CC2=CC=CC=C2O,211.26
71645,CC1=CC=C(C=C1)C(=O)C2=C(C=C(C=C2)OC)O,242.27
71648,COC1=CC(=CC(=C1)O)O,140.14
71651,C1=CC=C(C=C1)C(=O)NCCC(=O)O,193.20
71668,C1=CC(=C[N+](=C1)[O-])CO,125.13
71671,CC(C1=CC=CC=C1)NNC(=O)C2=CC=CC=C2,240.30
71693,C1COCCN1CCCC2=CC=C(C=C2)COC3=CC=CC=C3,311.4
71717,CCCOC1=CC2=C(C=C1)[C@H]3CC[C@]4([C@H]([C@@H]3CC2)CCC4OC)C,328.5
71734,CCCCCCCCCCCCCCCCCCCCCC(=O)NC1=NC(=O)N(C=C1)[C@H]2[C@H]([C@@H]([C@H](O2)CO)O)O,565.8
71750,C1C2=C(C=CC(=C2)N)N=C3N1C(=O)C4=CC=CC=C43,249.27
71764,CN(CCCNC(=O)C1CCCO1)C2=NC3=CC(=C(C=C3C(=N2)N)OC)OC.Cl,425.9
71768,CC(C)(C)C1CCC(CC1)CC2=C(C3=CC=CC=C3C(=O)C2=O)O,326.4
71771,C1=CC=C(C(=C1)CC(=O)OCC(=O)O)NC2=C(C=CC=C2Cl)Cl,354.2
71773,CCOCC(COC1=CC=C(C=C1)NC(=O)CC[S+](C)C)O.CC1=CC=C(C=C1)S(=O)(=O)[O-],499.6
71777,C1=CC(=C(C(=C1)F)C(=O)NC(=O)NC2=CC(=C(C=C2Cl)OC(C(C(F)(F)F)F)(F)F)Cl)F,511.1
71793,C1CCN(C1)NC(=O)NS(=O)(=O)C2=CC=C(C=C2)Cl,303.77
71808,CNC(=O)NC(C(Cl)(Cl)Cl)O,221.47
71809,CC[N+](CC)(CC)CCOC(=O)C(C1CCCC1)C2CCCC2.[Br-],404.4
71815,CC1=NC=C(N1CC(C)O)[N+](=O)[O-],185.18
71818,COC1=CC=C(C2=CC=CC=C21)C(=O)CCC(=O)O,258.27
71821,CC1=NC2=CC=CC=C2N1CC3=CC=C(C=C3)Cl,256.73
71822,CCC1=CC2=C(C=C1)SC3=CC=CC=C3N2CC(C)CN(C)C.Cl,363.0
71827,CC1=C(C(=CC=C1)NC2=C(C=CC=N2)C(=O)O)C,242.27
71833,CN1CCC2=CC3=C(C=C2C1O)OCO3.Cl,243.68
71837,CCN(CC)CCNC(=O)C1=C(C=C(C=C1)Cl)OCC=C,310.82
71839,C1C(COC(O1)C(Cl)(Cl)Cl)(CO)CO,265.5
71840,CC(=NCC1=CC=CC=C1)C2=CC=CC=C2O,225.28
71872,CC(C(=O)C1=CC=CC=C1)N(C)C,177.24
71873,CCCCCCCCCCCCCCNCCO.CC(C(=O)O)O,347.5
71884,CCC(C)(C)OC(=O)N[C@@H](CC1=CNC2=CC=CC=C21)C(=O)N[C@@H](CCSC)C(=O)N[C@@H](CC(=O)O)C(=O)N[C@@H](CC3=CC=CC=C3)C(=O)N,710.8
71890,C1=CC=C2C(=C1)C(=NN=C2NN)CC3=CC=NC=C3,251.29
71895,CC1=C(C(=CC=C1)C)NC(=O)C2=CC=CC=C2C(=O)O,269.29
71900,CC1=NC(=CN1C2=CC=C(C=C2)[N+](=O)[O-])[N+](=O)[O-],248.19
71905,CC1=C([N+](=O)C2=CC=CC=C2N1[O-])C(=O)NCCO,263.25
71916,COC1=CC(=CC(=C1O)C(=O)NCCO)CC=C,251.28
71957,C[C@@H](C(=O)N[C@@H](C)P(=O)(O)O)N,196.14
71961,CC1([C@@H](N2[C@H](S1)[C@@H](C2=O)NC(=O)[C@@H](C3=CC=C(C=C3)O)NC(=O)[C@@H](CC(=O)NC)N)C(=O)O)C,493.5
71967,CC1=C(N=CN1)C2=CC=C(C=C2)Cl,192.64
71986,COC1=CC2=C(C=C1)NC=C2C(CN)C(=O)OC.Cl,284.74
71992,C[C@H](CSC(=O)C)C(=O)N1CCC[C@H]1C(=O)N[C@@H](CC2=CC=CC=C2)C(=O)O,406.5
72004,CCOC(=O)C1=CC=C(C=C1)OCCN2C[C@@H]([C@H]([C@@H]([C@H]2CO)O)O)O,355.4
72016,CCC1(CC2=CC=CC=C2O1)C3=NCCN3,216.28
72026,C1CCC(CC1)C(=O)N2CC3C4=CC=CC=C4CCCN3C(=O)C2,326.4
72060,CCC(C1=CC=CC=C1)C(=O)NC(=O)N,206.24
72073,C1=CC=C2C(=C1)N(C=C[N+]2=O)[O-],162.15
72075,CN1CCC(CC1)N(CC2=CC=CC=C2)C3=CC=CC=C3,280.4
72081,C1C[C@H](N(C1)C(=O)[C@@H]2CSSC[C@@H](C(=O)N[C@H](C(=O)N[C@H](C(=O)N[C@H](C(=O)N[C@H](C(=O)N2)CC(=O)N)CCC(=O)N)CC3=CC=CC=C3)CC4=CC=C(C=C4)O)NC(=O)CNC(=O)CNC(=O)CN)C(=O)N[C@@H](CCCCN)C(=O)NCC(=O)N,1227.4
72092,CCCCCCCCOC1=CC=CC=C1C(=O)NC2=CC=C(C=C2)C(=O)OCC[N+](C)(CC)CC.[Br-],563.6
72098,C1CN(CCN1CC2=CC3=C(C=C2)OCO3)CC(=O)N4C5=CC=CC=C5SC6=CC=CC=C64,459.6
72106,C1COCCN1CCOC(=O)C2=C(N=CC=C2)NC3=CC=CC(=C3)C(F)(F)F,395.4
72120,C(C(=O)O)O.[NH2-].[NH2-].[Pt+2],303.18
72124,CC1CC(=O)NN=C1C2=CC=C(C=C2)NC(=NC)NC#N,284.32
72137,CCN(CC)CC(=O)NC1=C(C=CC=C1C(=O)OC)C,278.35
72139,C1=CC2=C(C=C1O)OC(=O)S2,168.17
72146,COC1=C(C=CC(=C1)C(=S)N2CCOCC2)O,253.32
72157,CCCOC1=CC2=C(C=C1)N=C(S2)NC(=O)OC,266.32
72158,CC(C1=CC=C(C2=CC=CC=C21)C3CCCCC3)C(=O)O,282.4
72159,C[N@+]12CCCC[C@@H]1CCC(=C(C3=CC=CS3)C4=CC=CS4)C2.[Br-],410.4
72276,C1[C@H]([C@H](OC2=CC(=CC(=C21)O)O)C3=CC(=C(C=C3)O)O)O,290.27
72327,CC1=CN(C(=O)NC1=O)[C@H]2[C@H]([C@@H]([C@H](O2)CO)O)F,260.22
72416,CCO[C@@H]1[C@@H]([C@@H]2CC[C@H]([C@H]3[C@]24[C@H](O1)OC(CC3)(OO4)C)C)C,312.4
72700,C1=CC(=CC(=C1)C(=O)NN)C(=O)NN,194.19
72870,C1=CC=C(C=C1)C(=O)C(Cl)Cl,189.04
72884,CC(=O)NNC(=O)C,116.12
72903,C1=CC=C(C=C1)P(O)O,142.09
72913,C1=CC=C(C(=C1)C#N)N,118.14
72921,C1=CN=CC=C1CCO,123.15
72924,C1=CC(=O)NC=C1C(=O)O,139.11
73093,CC1=CC=C(C=C1)S(=O)(=O)N[C@@H](CCCCN)C(=O)CCl.Cl,369.3
73111,C1=CC2=C(C(=C1)O[C@H]3[C@@H]([C@H]([C@@H]([C@H](O3)CO)O)O)O)C(=O)C4=C([C@@H]2[C@@H]5C6=C(C(=CC=C6)O[C@H]7[C@@H]([C@H]([C@@H]([C@H](O7)CO)O)O)O)C(=O)C8=C5C=C(C=C8O)C(=O)O)C=C(C=C4O)C(=O)O,862.7
73219,CC(C)(C)C1=CC(=CC(=C1O)C(C)(C)C)C=O,234.33
73281,CN(C)C(=O)C1=C(N=CC=C1)S(=O)(=O)NC(=O)NC2=NC(=CC(=N2)OC)OC,410.4
73282,CC1=NC(=NC(=N1)OC)NC(=O)NS(=O)(=O)C2=CC=CC=C2OCCCl,401.8
73303,C[C@@H]1[C@@H]2[C@H](C(=O)N2C(=C1S[C@H]3C[C@H](NC3)CNS(=O)(=O)N)C(=O)O)[C@@H](C)O,420.5
73334,CCNC(=O)N1CCN(CC1)CCCC(C2=CC=C(C=C2)F)C3=CC=C(C=C3)F.Cl,438.0
73339,C1[C@@H](O[C@@H](S1)CO)N2C=CC(=NC2=O)N,229.26
73356,CCOC(CN1CCN(CC1)CC(C)C(=O)C2=CC=CC=C2)C3=CC=CC=C3.Cl.Cl,453.4
73357,CC(C)C[C@H]1C(=O)N[C@@H](C(=O)N2CCC[C@H]2C(=O)N[C@H](C(=O)N[C@H](C(=O)N[C@H](C(=O)N[C@@H](C(=O)N3CCC[C@H]3C(=O)N[C@H](C(=O)N[C@H](C(=O)N1)CCCN)C(C)C)CC4=CC=CC=C4)CC(C)C)CCCN)C(C)C)CC5=CC=CC=C5,1141.4
73539,CN1C(C(N(C1=O)C)O)O,146.14
73665,CCCN(CCOC1=C(C=C(C=C1Cl)Cl)Cl)C(=O)N2C=CN=C2,376.7
73668,CC(C)C(C1=CC=C(C=C1)OC(F)(F)F)(C2=CN=CN=C2)O,312.29
73670,C1=CC=C(C(=C1)C2=NN=C(N=N2)C3=CC=CC=C3Cl)Cl,303.1
73672,CCC(C)(CC)C1=NOC(=C1)NC(=O)C2=C(C=CC=C2OC)OC,332.4
73674,CC1=NC(=NC(=N1)OC)NC(=O)NS(=O)(=O)C2=C(SC=C2)C(=O)OC,387.4
73675,C[Si](CN1C=NC=N1)(C2=CC=C(C=C2)F)C3=CC=C(C=C3)F,315.39
73764,CCCCCCCCCCCCN1CCOCC1,255.44
73773,CN(C)C1=CC=C(C=C1)C2(C3=C(C=C(C=C3)N(C)C)C(=O)O2)C4=CC=C(C=C4)N(C)C,415.5
73791,CCCCOCCOCCOCCOCCO,250.33
73812,CCCCN1C(=O)C2=CC=CC=C2C1=O,203.24
73828,COC(=O)C1=C(N=C(C(=N1)Cl)Cl)N,222.03
73848,C1=CC=C2C(=C1)C=C3C=CC=CC3=C2CO,208.25
73851,CC1=CC(=C(C=C1)O)C(=O)C2=CC=CC=C2,212.24
73852,C1=CC(=CC=C1C(=O)C2=C(C=C(C=C2)O)O)O,230.22
73854,C=CCOCC(CO)(COCC=C)COCC=C,256.34
73864,C1=CC(=CC=C1C(C2=CC=C(C=C2)O)(C(F)(F)F)C(F)(F)F)O,336.23
73917,COC(=O)CCCC(=O)O,146.14
73957,CCCCOC1=CC=C(C=C1)OCCCN2CCOCC2.Cl,329.9
74062,C1=CC=C2C(=C1)C=C3C=CC=CC3=C2Br,257.12
74080,C=C(CCC#N)C#N,106.13
74106,C1=CC=C(C(=C1)C(=O)C2=C(C=CC(=C2)Cl)NC(=O)CBr)F,370.60
74189,C1=CC=C(C=C1)COP(=O)(O)OCC2=CC=CC=C2,278.24
74195,CC(C)(C)C1=CC=C(C=C1)C2=CC=C(C=C2)C(C)(C)C,266.4
74236,CCCC[N+](CCCC)(CCCC)CCCC.[Br-],322.37
74266,CC(C)OP(=O)(CP(=O)(OC(C)C)OC(C)C)OC(C)C,344.32
74282,CCCCCCC(=O)C1=CC=CC=C1,190.28
74325,CCC(=O)NC1=CC=C(C=C1)O,165.19
74348,CN(C)CCOCCO,133.19
74448,CC1=C(C=C(C=C1)C(C)C2=CC(=C(C=C2)C)C)C,238.4
74483,C(C(C(C(C(F)(F)S(=O)(=O)O)(F)F)(F)F)(F)F)(C(C(C(F)(F)F)(F)F)(F)F)(F)F,500.13
74523,CCCCNC(=O)NCCCC,172.27
74563,CCCC(=O)C(=O)O,116.11
74574,C1=CC2=C(C=C1OC3=CC4=C(C=C3)C(=O)OC4=O)C(=O)OC2=O,310.21
74651,CC1=CC=CC=C1OCC(=O)O,166.17
74695,C1=CC(=C(C(=C1)F)C#N)F,139.10
74710,CC1=CC=C(O1)C(=O)O,126.11
74724,C[N+](C)(C)CCO.[Br-],184.07
74745,CCC[N+](CCC)(CCC)CCC.[Br-],266.26
74791,CCCCCCCCCC#N,153.26
74828,C(CCCCl)CCO,136.62
74867,CC(=O)C1=CC2=C(C=CC3=CC=CC=C32)C=C1,220.26
74879,CC1=CC(=CC(=C1C(=O)C)C)C(C)(C)C,204.31
74887,C(CI)C(C(C(C(F)(F)F)(F)F)(F)F)(F)F,373.99
74888,C(CI)C(C(C(C(C(C(F)(F)F)(F)F)(F)F)(F)F)(F)F)(F)F,474.00
74904,CCOC1=CC=CC=C1OCC,166.22
74937,C1=CC=C(C=C1)CCCC2=CC=NC=C2,197.27
74978,C1CCC(CC1)(C#N)N=NC2(CCCCC2)C#N,244.34
74989,C1CC(CCC1C2=CC=C(C=C2)Cl)C3=C(C4=CC=CC=C4C(=O)C3=O)O,366.8
74990,CCC1=C2CN3C(=CC4=C(C3=O)COC(=O)[C@@]4(CC)O)C2=NC5=C1C=C(C=C5)OC(=O)N6CCC(CC6)N7CCCCC7.Cl,623.1
75018,COC1=C(C=C2C(=C1)CCC2=O)OC,192.21
75050,CCCCCCCCCCCCCCCCCCOCCO,314.5
75064,C1=CC(=C(C(=C1C=O)O)O)O,154.12
75066,CC(=C)C(=O)OCCC(C(C(C(C(C(F)(F)F)(F)F)(F)F)(F)F)(F)F)(F)F,432.18
75103,CC(CO)CO,90.12
75146,C1=CC=C(C=C1)NC2=CC=C(C=C2)N.Cl,220.70
75171,CN(C)CCN(C)CCO,146.23
75194,C1=CC=C(C(=C1)C(=C2C=C(C(=O)C(=C2)I)I)C3=CC(=C(C(=C3)I)[O-])I)C(=O)[O-].[Na+].[Na+],865.9
75195,C1=CC=C(C(=C1)C(=C2C=C(C(=O)C(=C2)I)I)C3=CC(=C(C(=C3)I)O)I)C(=O)O,821.9
75227,C=CN1CCCCCC1=O,139.19
75282,C=CC(=O)OCCOC(=O)C=C,170.16
75311,CCCC[P+](CCCC)(CCCC)CCCC.[Cl-],294.9
75345,CCOC(=N)CC(=O)OCC.Cl,195.64
75360,C1=CC(=CC(=C1)C(F)(F)F)CC#N,185.15
75421,C1=CC2=C(C=CN2)C(=C1)O,133.15
75430,CCCCS(=O)(=O)Cl,156.63
75444,CC[NH+]=C1C=CC(=C(C2=CC=C(C=C2)N(CC)CC)C3=CC=C(C=C3)N(CC)CC)C4=CC=CC=C14.[Cl-],514.1
75454,CC(C)(C)C1=CC=C(C=C1)S,166.29
75471,CC1(CC(CC(N1)(C)C)O)C,157.25
75472,CC1(CC(CC(N1C)(C)C)O)C,171.28
75494,C1=CC2=C(C=C1C3=CC4=C(C=C3)C(=O)OC4=O)C(=O)OC2=O,294.21
75498,C1=CC2=C(C=C1C(=O)C3=CC4=C(C=C3)C(=O)OC4=O)C(=O)OC2=O,322.22
75516,CCCCCCCCOC(=O)CCCCCCCCC(=O)OCCCCCCCC,426.7
75518,C1CCC(CC1)C2CCC(CC2)O,182.30
75538,CCCCCCCCNC,143.27
75547,C1C2=CC=CC=C2C3=C1C=C(C=C3)O,182.22
75575,C1=CC=C(C(=C1)CC2=CC=CC=C2O)O,200.23
75576,C1=CC=C(C(=C1)CC2=CC=C(C=C2)O)O,200.23
75588,C=CC(=O)OCCCCO,144.17
75628,CC(C)C1=CC=C(C=C1)OP(=O)(OC2=CC=C(C=C2)C(C)C)OC3=CC=C(C=C3)C(C)C,452.5
75654,C1=CC=C(C=C1)OP(=O)(OC2=CC=CC=C2)Cl,268.63
75706,C[Si]1(O[Si](O[Si](O[Si](O1)(C)C=C)(C)C=C)(C)C=C)C=C,344.66
75771,C1=CC=C2C(=C1)N=NN2O,135.12
75819,C[Si](C)(C=C)O[Si](C)(C)C=C,186.40
75821,CC(=O)OC1=CC=C(C=C1)C=C,162.18
75868,C1=CC2=C(C=CC(=C2[O-])[N+]#N)C(=C1)S(=O)(=O)[O-].[Na+],272.21
75893,C1=C(C=C(C(=C1[N+](=O)[O-])N)Cl)Cl,207.01
75903,C=CCOC(=O)C1=CC(=C(C=C1)C(=O)OCC=C)C(=O)OCC=C,330.3
75908,CCCC1=CC=C(C=C1)N,135.21
75969,C1=CC=C(C=C1)C(=O)O[C@H]([C@H](C(=O)O)OC(=O)C2=CC=CC=C2)C(=O)O,358.3
75982,C(COCCN)N,104.15
76004,CO[Si](C=C)(OC)OC,148.23
76013,CC(C)(C1=CC=CC=C1)C2=CC(=C(C=C2)O)C(C)(C)C3=CC=CC=C3,330.5
76063,CC1=NC2=C(N1)C=C(C=C2)Cl,166.61
76079,C1=CC(=CC=C1C(=O)N)N,136.15
76092,C1=CC(=C(C=C1C(=O)O)N)Cl,171.58
76191,C1=C(C=C(C=C1Cl)Cl)C(=O)Cl,209.5
76192,COC(=O)C1=CC(=CC(=C1)Cl)Cl,205.03
76262,CCCCCCCC[Si](OCC)(OCC)OCC,276.49
76302,C1=CC(=CC=C1C(C2=CC=C(C=C2)O)C(Cl)(Cl)Cl)O,317.6
76382,CC1(C(C(C1O)(C)C)O)C,144.21
76464,CC1(COP(OC1)OC2=CC=CC=C2)C,226.21
76476,CO[Si](CCCNC1=CC=CC=C1)(OC)OC,255.38
76497,CC1=CC=C(C=C1)N(CCO)CCO,195.26
76564,CCCC[P+](CCCC)(CCCC)CCCC.[Br-],339.33
76583,C1=CC(=CC(=C1)Br)C=O,185.02
76619,C1=CC=C2C(=C1)C(=O)NC3=C(O2)C=CC(=C3)Cl,245.66
76621,C1COCCN1C(=N)N=C(N)N.Cl,207.66
76654,C(C[C@@H](C(=O)O)N)CN.Cl,168.62
76674,CC1=CC(=CC(=C1)OC)O,138.16
76714,CC(CC(C)(C)CCN)CN,158.28
76716,C1=CC=C2C(=C1)C3=CC=CC=C3C2(C4=CC=C(C=C4)O)C5=CC=C(C=C5)O,350.4
76748,CC1=C(C=CC(=C1)Cl)OC,156.61
76767,C=CCOC1=C(C=C(C=C1Br)Br)Br,370.86
76857,C1=C(C=C(C(=C1Br)O)Br)C(=O)O,295.91
76921,C(COCCOCCC#N)C#N,168.19
76980,C1CC(=O)N(C1)CCO,129.16
76985,CSC1=CC=C(C=C1)C=O,152.22
76991,COC1=CC2=C(C=C1)C=C(C=C2)C=O,186.21
77080,CCCCCCCC[Sn](CCCCCCCC)(Cl)Cl,416.1
77117,C(CSCCS)S,154.3
77210,C1COCCN1CCCl.Cl,186.08
77222,C(=O)(C(C(C(C(C(C(C(C(C(C(F)(F)F)(F)F)(F)F)(F)F)(F)F)(F)F)(F)F)(F)F)(F)F)(F)F)O,564.09
77287,CCCCCCCCCCCCSC,216.43
77288,CCCCCCCCSCC,174.35
77290,C1CN(C(=O)N1)CCO,130.15
77311,C[N+](=CCl)C.[Cl-],128.00
77328,C1C(C(CS1(=O)=O)(Cl)Cl)(Cl)Cl,257.9
77342,C1COS(=O)O1,108.12
77353,CC(=C)C1=CC(=CC=C1)C(=C)C,158.24
77378,C1=C(N=C(N=C1Cl)Cl)Cl,183.42
77406,C1=C(OC(=C1)[N+](=O)[O-])C2=NN=C(O2)N,196.12
77463,CN(C)CCCN(C)CCCN(C)C,201.35
77487,COC(=O)CCC(=O)O,132.11
77531,C1=CN=C(N=C1Cl)Cl,148.98
77547,CCOC(=O)C1=CC(=C(C=C1)O)O,182.17
77680,CC(C)(C)NCCNC(C)(C)C,172.31
77703,CC1=CC=C(C=C1)S(=O)(=O)N=C=O,197.21
77720,CC(=O)NC1=CC(=C(C=C1)C(=O)OC)OC,223.22
77721,CC(=O)NC1=C(C=C(C(=C1)OC)C(=O)OC)Cl,257.67
77780,CC(=O)O[Si](C=C)(OC(=O)C)OC(=O)C,232.26
77781,COC(=O)CCSCCC(=O)OC,206.26
77797,CCNS(=O)(=O)C(C(C(C(C(C(C(C(F)(F)F)(F)F)(F)F)(F)F)(F)F)(F)F)(F)F)(F)F,527.20
77929,CC(=O)O[Si](C)(OC(=O)C)OC(=O)C,220.25
77942,CC(C)N(CCCl)C(C)C.Cl,200.15
77956,C1=CC=C(C=C1)S(=O)(=O)C2=CC=CC=C2N,233.29
77990,CCN(C)C(=O)OC1=CC=CC(=C1)[C@H](C)N(C)C.[C@H]([C@@H](C(=O)O)O)(C(=O)O)O,400.4
77993,CN1CCC[C@@H]1CC2=CNC3=C2C=C(C=C3)CCS(=O)(=O)C4=CC=CC=C4,382.5
77999,CN(CCOC1=CC=C(C=C1)CC2C(=O)NC(=O)S2)C3=CC=CC=N3,357.4
78091,CN(C)CCN1CCOCC1,158.24
78138,C1=C(C=C(C=C1C(=O)Cl)C(=O)Cl)C(=O)Cl,265.5
78170,CC(=O)CC(=O)NC1=CC(=C(C=C1OC)Cl)OC,271.69
78202,CCCCCCCCN(C)CCCCCCCC,255.5
78212,CC1=C(C(=NO1)C2=C(C=CC=C2Cl)Cl)C(=O)Cl,290.5
78361,CC(C)(C)NCCO,117.19
78392,C1=CC(=C(C(=C1)Cl)C(=O)Cl)Cl,209.5
78435,CC1=CC(=C(C(=C1C(=O)OC)O)C)O,196.20
78452,CCCCCCCCP(=O)(O)O,194.21
78490,C1=CC=C2C(=C1)C(=NN=C2Cl)Cl,199.03
78501,CC(CO)(CO)C(=O)O,134.13
78640,CC(=O)CC(C)(C)C1CCCCC1,182.30
78738,CC(=C)C(=O)OCC[N+](C)(C)C.[Cl-],207.70
78766,C1=CC=C2C(=C1)C(=O)N(C(=O)N2)CCCl,224.64
78771,CCO[Si](CCCCl)(OCC)OCC,240.80
78860,CCC1(COCOC1)CO,146.18
78882,CC(=C)C(=O)NCCCN(C)C,170.25
78950,C=CCOCC(CO)O,132.16
78972,C12(C3(C(C(C(C1(C(C(C(C2(F)F)(F)F)(F)F)(F)F)F)(F)F)(F)F)(C(C(C(C3(F)F)(F)F)(F)F)(F)F)F)F)F,624.11
79016,CC1=CC(CC(C1)(C)C)O,140.22
79050,CCCCCCCCCCCCCC(=O)OCC(CO)O,302.4
79081,CC1CCCNC1,99.17
79103,CCCCC(CC)C(=O)Cl,162.66
79154,[CH-]1C=CC=C1.[CH-]1C=CC=C1.[Cr+2],182.18
79242,C1=CC=C(C=C1)COC(=O)NN,166.18
79302,CCC(C)(C)C1CCC(CC1)O,170.29
79358,C1(=C(N=C(N=C1N)N)N)N.OS(=O)(=O)O,238.23
79414,C1CC(C1)C(=O)C2=CC=CC=C2,160.21
79472,CC1=CC(=C2C=C(C=CC2=N1)NC(=O)NC3=CC4=C(C=C(N=C4C=C3)C)N)N.Cl.Cl,445.3
79571,CCCCOC(=O)CC#N,141.17
79633,CC(C)C1=CC2=C(C=C1)SC3=CC=CC=C3C2=O,254.3
79635,C1CCC(CC1)(C#N)N,124.18
79688,C1=CC=C(C=C1)C2=C(C=C(C=C2)O)Cl,204.65
79717,CC1=CC(=CC(=C1O)C)C(C)(C)C2=CC(=C(C(=C2)C)O)C,284.4
79878,CCN(CC)C1=CC(=C(C=C1)C(=O)C2=CC=CC=C2C(=O)O)O,313.3
80037,C1=C(C=C(C(=C1Cl)O)Cl)N,178.01
80077,CC(=O)CC(=O)N,101.10
80168,CCCC(CCC)(C(=O)OCC)C(=O)OCC,244.33
80196,C1=C(C=C(C=C1O)O)O.O.O,162.14
80274,CN1CC2=C(C=CC(=C2)C(=O)N3CCC(CC3)C4CCNCC4)N[C@H](C1=O)CC(=O)O,428.5
80277,C1=CC(=C(C=C1Cl)Cl)C(CN2C=NC=N2)COC(C(F)F)(F)F,372.14
80278,C(C(COP(=O)([O-])[O-])O)O.[K+].[K+],248.25
80289,C1=CC=C(C=C1)C(=N)N.Cl,156.61
80296,C(CN(CC(=O)O)CC(=O)O)CN(CC(=O)O)CC(=O)O,306.27
80311,CN(C)CCN(CC1=CC=C(C=C1)Cl)C2=CC=CC=N2.Cl,326.3
80365,CCCCC(=O)N(C)C,129.20
80373,C1C(COCO1)(CO)CO,148.16
80428,C1(=C(C1(Cl)Cl)Cl)Cl,177.8
80434,C1=CC(=CC=C1N)OC2=CC(=C(C=C2)N)N,215.25
80480,C1CN(C(=O)N1)CCN,129.16
80519,COC(=O)NN,90.08
80566,C1=CC(=C(C=C1Cl)Cl)CC#N,186.03
80599,C1=CC=C(C(=C1)S)Cl,144.62
80642,C1=C(OC(=C1)C(=O)O)CO,142.11
80777,CC(=O)CC(=O)NC1=C(C=CC(=C1)OC)OC,237.25
80779,CC(=O)NC1=CC(=C(C=C1)OC)N,180.20
80786,C1=C(C(=CC(=C1Cl)Cl)Cl)S(=O)(=O)O,261.5
80790,CC1=C(C=C(C=C1)C(C)C)OC,164.24
80900,C1COCCN1CCOCCN2CCOCC2,244.33
81080,CC(=C)C(=O)OCCCCCCOC(=O)C(=C)C,254.32
81133,CN1C(=C(C(=O)N(C1=O)C)N=O)N,184.15
81184,C1CCC2=NCCCN2CC1,152.24
81196,CC(=C)C(=O)OCCCCCCCCCCOC(=O)C(=C)C,310.4
81207,CN(C)CCCNCCCN(C)C,187.33
81239,COCC1=CC=C(C=C1)COC,166.22
81259,CC(C)CC(C)(C1=CC=C(C=C1)O)C2=CC=C(C=C2)O,270.4
81278,C1CCC(CC1)N2CCCC2=O,167.25
81284,CO[Si](C1=CC=CC=C1)(C2=CC=CC=C2)OC,244.36
81313,CCCOCCOCCO,148.20
81346,CCCOC(=O)C1=C(C(=C(C(=C1Cl)Cl)Cl)Cl)C(=O)OCCC,388.1
81349,CN1CCN(CC1)N,115.18
81364,C(CCBr)CCl,171.46
81410,C1=CC=C(C(=C1)S(=O)(=O)N)Cl,191.64
81530,CCOC(=O)C(=C)C#N,125.13
81629,C1CN(CCN1CCCN)CCCN,200.32
81669,C1CCN(C1)CCCl,133.62
81766,CCOCCOCCOC(=O)C=C,188.22
81784,CCOC(=O)C1=CC=CC=C1OC,180.20
81811,CC(=C)C(=O)OCCC[Si](Cl)(Cl)Cl,261.6
81829,C1=CC=C2C(=C1)C(=O)NN2,134.14
81882,CCCCOC(=O)CO,132.16
81984,CC(C)(C(=O)C1=CC=CC=C1)O,164.20
82029,C[N+]1(CCOCC1)[O-],117.15
82056,C(CS)C(=O)OCC(COC(=O)CCS)(COC(=O)CCS)COC(=O)CCS,488.7
82058,C1=CC=C(C=C1)COC(=O)C(=O)OCC2=CC=CC=C2,270.28
82145,CCCCCCCCCCCCCCC(C(=O)O)Br,335.32
82146,CC1=CC2=C(C=C1C(=C)C3=CC=C(C=C3)C(=O)O)C(CCC2(C)C)(C)C,348.5
82148,CC(=O)NCCC1=CC=CC2=C1C=C(C=C2)OC,243.30
82153,C[C@]12C[C@@H]([C@H]3[C@H]([C@@H]1C[C@@H]4[C@]2(OC(O4)(C)C)C(=O)CO)C[C@@H](C5=CC(=O)C=C[C@]35C)F)O,434.5
82161,CCCCCCCCCCCCCOP(=O)(O)O,280.34
82162,CCC1(C(=O)NC(=O)N1)C,142.16
82167,CC(=O)NC1=C2C(=CC(=C1)S(=O)(=O)[O-])C=C(C(=C2O)N=NC3=CC=CC=C3OC)S(=O)(=O)[O-].[Na+].[Na+],539.5
82170,C([C@H]([C@@H]([C@H]([C@H](CO)O)O)O)O)O,182.17
82190,CCC12COCN1COC2,143.18
82227,CC1=CC[C@@H]2C[C@H]1C2(C)C,136.23
82261,CCCCCCCCS(=O)(=O)Cl,212.74
82325,CC1=NC=C(C(=C1O)CO)CSSCC2=CN=C(C(=C2CO)O)C.Cl.Cl,441.4
82326,CC[N+](C)(CC)CC.[Cl-],151.68
82343,CC(C)(C1=CC=CC=C1)C2=CC=C(C=C2)NC3=CC=C(C=C3)C(C)(C)C4=CC=CC=C4,405.6
82646,C1(=C(C(=NC(=C1Cl)Cl)C(=O)O)Cl)Cl,260.9
82703,C1=CC=C2C(=C1)C(=C3C=CC=CC3=C2Cl)C=O,240.68
82728,CN(C)CCCNCCCN,159.27
82751,CCCCCCCCCCCCCOC(=O)CCSCCC(=O)OCCCCCCCCCCCCC,542.9
82916,C1/C=C\CC/C=C\C1,108.18
82917,[CH-]1C=CC=C1.[CH-]1C=CC=C1.Cl[V]Cl,252.03
83050,C1=CC=C(C=C1)C(=O)C2=CC(=CC=C2)O,198.22
83063,CC(=O)C1=CC=C(C=C1)OC(=O)C,178.18
83064,CC(=O)OC[C@@H]1[C@H]([C@H]([C@@H](O1)OC(=O)C)OC(=O)C)OC(=O)C,318.28
83119,CC(C)(C1=CC=C(C=C1)OC2=CC=C(C=C2)N)C3=CC=C(C=C3)OC4=CC=C(C=C4)N,410.5
83201,COC1=C(C(=C(C=C1)CN2CCNCC2)OC)OC.Cl.Cl,339.3
83268,CC(C)CCCC(C)(C)O,144.25
83270,CC(C)NC(=O)C1=CC=C(C=C1)C=O,191.23
83322,CCN(CCC#N)C1=CC=C(C=C1)N=NC2=C(C=C(C=C2Cl)[N+](=O)[O-])Cl,392.2
83511,C1=C2C(=C(C(=C1Br)O)Br)OC3=C(C(=C(C=C3C24C5=C(C(=C(C(=C5Cl)Cl)Cl)Cl)C(=O)O4)Br)O)Br,785.7
83572,CC(C)(C)C(=O)CCl,134.60
83648,C1=CC(=CC=C1CC2=CC=C(C=C2)N3C(=O)C=CC3=O)N4C(=O)C=CC4=O,358.3
83656,CCC1=CC(=CC(=C1N)CC)CC2=CC(=C(C(=C2)CC)N)CC,310.5
83823,CC1=CC=CC=C1C(C2=CC=CC=C2)OCCN(C)C.C(C(=O)O)C(CC(=O)O)(C(=O)O)O,461.5
83887,C([C@H](C(=O)O)N)C(=O)O,133.10
83969,CCCS(=O)C1=CC2=C(C=C1)N=C(N2)NC(=O)OC,281.33
83975,CC(=CC1C(C1(C)C)C(=O)OCN2C(=O)C3=C(C2=O)CCCC3)C,331.4
84003,C1CN2C(=CC=C2C(=O)C3=CC=CC=C3)C1C(=O)O.C(C(CO)(CO)N)O,376.4
84029,CC[C@@H]1[C@@]([C@@H]([C@H](C(=O)[C@@H](C[C@@]([C@@H]([C@H]([C@@H]([C@H](C(=O)O1)C)O[C@H]2C[C@@]([C@H]([C@@H](O2)C)O)(C)OC)C)O[C@H]3[C@@H]([C@H](C[C@H](O3)C)N(C)C)O)(C)OC)C)C)O)(C)O,748.0
84088,CCN(CC)CC(=O)OCC(=O)[C@]1(CC[C@@H]2[C@@]1(C[C@@H]([C@H]3[C@H]2CCC4=CC(=O)CC[C@]34C)O)C)O,475.6
84098,CS(=O)(=O)C1=C(C=CC(=C1)C(F)(F)F)C(=O)C2=C(ON=C2)C3CC3,359.3
84605,CNC(=O)OCC[N+](C)(C)C.[Cl-],196.67
84658,CCO[Si](CCCS)(OCC)OCC,238.42
84677,C1=CC(=CC=C1C(=C(Cl)Cl)C2=CC=C(C=C2)O)O,281.1
84703,CCCCCCCCCCCC[N+](C)(C)CCCS(=O)(=O)[O-],335.5
84733,C(COCCS)OCCS,182.3
84872,CC(=C)O[Si](C=C)(OC(=C)C)OC(=C)C,226.34
85025,C1=CC=C(C=C1)C[N+]2=CC=CC3=CC=CC=C32.[Cl-],255.74
85069,CC(C)(C)CC(C)(C)C1=CC=C(C=C1)NC2=CC=C(C=C2)C(C)(C)CC(C)(C)C,393.6
85178,C[Si](NC1CCCCC1)(NC2CCCCC2)NC3CCCCC3,337.6
85192,CCCCCCCCOCCCN,187.32
85335,CCCCOC(=O)CCS,162.25
85505,C1=CC(=C(C=C1C=O)[N+](=O)[O-])Cl,185.56
85542,COC1=C(C=C(C=C1)Cl)C(=O)NCCC2=CC=C(C=C2)S(=O)(=O)N,368.8
85557,C1=CC2=C(C=CC(=C2)O)C=C1C(=O)O,188.18
85576,CCCCCCCCOCCC#N,183.29
85624,CC1=C(C(=NO1)C2=CC=CC=C2)C(=O)Cl,221.64
85689,C1CCC2C(C1)C(=O)OC2=O,154.16
85821,CCCCCCC(C)NC1=CC=C(C=C1)NC2=CC=CC=C2,296.4
85862,CC(CCCN)CN,116.20
85979,CC(CC=O)C1=CC=CC=C1,148.20
86013,CCOC1=CC2=C(C=C1)NC(CC2C)(C)C,219.32
86102,CC(C)(C)C(CCC1=CC=C(C=C1)Cl)(CN2C=NC=N2)O,307.82
86132,CC(C1CC1)C(CN2C=NC=N2)(C3=CC=C(C=C3)Cl)O,291.77
86137,CC(C)C1(C(=O)NC(=N1)C2=C(C=C(C=N2)COC)C(=O)O)C,305.33
86138,C1=CC=C(C=C1)C(CCC2=CC=C(C=C2)Cl)(CN3C=NC=N3)C#N,336.8
86160,CCCN(CC)CC1COC2(O1)CCC(CC2)C(C)(C)C,297.5
86171,CCC(CC1=CC=CC=C1)(C(=O)C2=CC=C(C=C2)N3CCOCC3)N(C)C,366.5
86173,CC1COC(O1)(CN2C=NC=N2)C3=C(C=C(C=C3)OC4=CC=C(C=C4)Cl)Cl,406.3
86210,CC1(CCC(C1(CN2C=NC=N2)O)CC3=CC=C(C=C3)Cl)C,319.8
86211,CC(C)C1CCC(C1(CN2C=NC=N2)O)CC3=CC=C(C=C3)Cl,333.9
86222,CCOC(=O)C(CC1=CC(=C(C=C1Cl)F)N2C(=O)N(C(=N2)C)C(F)F)Cl,412.2
86266,CC(C)(C(=O)C1=CC=C(C=C1)OCCO)O,224.25
86296,CC#CC1=NC(=NC(=C1)C)NC2=CC=CC=C2,223.27
86302,COCCCOCCCOC,162.23
86354,CCC1=NN(C(=C1Cl)C(=O)NCC2=CC=C(C=C2)C(C)(C)C)C,333.9
86356,CC(C)(C)C1=CC=C(C=C1)CCOC2=NC=NC3=CC=CC=C32,306.4
86367,CC1=CC(=NC(=N1)NC2=CC=CC=C2)C3CC3,225.29
86369,CC1=NN(C(=O)N1C(F)F)C2=C(C=C(C(=C2)NS(=O)(=O)C)Cl)Cl,387.2
86398,C1=CC(=C2C(=C1)OC(O2)(F)F)C3=CNC=C3C#N,248.18
86412,CSC(=O)C1=C2C(=CC=C1)N=NS2,210.3
86429,CC(C)N(C1=CC=C(C=C1)F)C(=O)COC2=NN=C(S2)C(F)(F)F,363.33
86453,CCOC1=NC(=CC2=NC(=NN21)S(=O)(=O)NC3=C(C=CC=C3Cl)C(=O)OC)F,429.8
86472,CC1=C(C(=C(C2=C1O[C@](CC2)(C)CCC[C@H](C)CCC[C@H](C)CCCC(C)C)C)OC(=O)C)C,472.7
86583,CCC(C)C1=CC(=C(C(=C1)C(C)(C)C)O)C(C)(C)C,262.4
86607,CCC(C)OC(=O)C1=CC=C(C=C1)O,194.23
86736,CCCCCCC1CCOC1=O,170.25
86749,CCC(C)(CCC=C(C)C)O,156.26
86751,CCC(C)CCCC(C)(C)O,158.28
87019,C1=CN=CC=C1CCCC2=CC=NC=C2,198.26
87048,COP(=S)(N)OC,141.13
87146,CC1=C(C=C(C=C1)NC(=O)N(C)C)NC(=O)N(C)C,264.32
87154,C1=CC=C2C(=C1)C(=O)N(C2=O)CCl,195.60
87244,CC[Si](OC(=O)C)(OC(=O)C)OC(=O)C,234.28
87250,C1=CC=C(C=C1)OC(=O)C2=CC=C(C=C2)O,214.22
87293,CCN(CC)C1=CC(=C(C=C1)C=O)O,193.24
87323,C(#N)C1=C(C(=C(C(=N1)Cl)Cl)Cl)Cl,241.9
87329,C=COCCCCO,116.16
87367,CCOC(=O)NCCC[Si](OCC)(OCC)OCC,293.43
87391,CCO[Si](CC(C)C)(OCC)OCC,220.38
87425,C1=CC=C(C=C1)C2=NNN=N2,146.15
87587,CCNCC(=C)C,99.17
87820,CCOC(=O)CC(C(=O)C)C(=O)C,186.20
87984,CCN(CCN)C1=CC=CC(=C1)C,178.27
88022,CC(C)(C#N)N,84.12
88043,CC1=C(C=C(C=C1)C(=O)N)N,150.18
88045,C[C@@H]1[C@H](C[C@@H]([C@H](O1)OC2[C@@H]([C@H](C([C@@H]([C@@H]2O)O)O)O)O)N)N=C(C(=O)O)N.Cl,415.82
88069,CC1=CC2=C(C=C1)C(=O)OC2=O,162.14
88209,C1=CC(=C(C=C1Cl)Cl)CC(=O)O,205.03
88211,C(CO)CS,92.16
88267,CC1=CC=CC=C1CCO,136.19
88365,C1=C(C=C(C(=C1Cl)Cl)Cl)[N+](=O)[O-],226.4
88454,CCCCCCOC(=O)CC,158.24
88638,C1CNCCC1N2C3=CC=CC=C3NC2=O,217.27
88836,CC(C)CCOC(=O)C1=CC=C(C=C1)N(C)C,235.32
88855,CC(=C)C(=O)OCCOC(=O)CC(=O)C,214.21
88898,CC1=CC(=C(C=C1)N)C.Cl,157.64
89385,CCC(C)(CCCC(C)C)OC(=O)C,200.32
89440,CC1CC(C2=C(C1(C)C)C=C(C(=C2)C(=O)C)C)(C)C,258.4
89594,CN1CCC[C@H]1C2=CN=CC=C2,162.23
89753,C([C@H]([C@H]([C@@H]([C@H](C(=O)[O-])O)O)O)O)O.C([C@H]([C@H]([C@@H]([C@H](C(=O)[O-])O)O)O)O)O.[Ba+2],527.62
89785,C1=CC(=CC=C1S(=O)(=O)NC(=O)N)Cl,234.66
89805,CC(=O)C1=CC2=CC=CC=C2S1,176.24
89953,CCC(=O)NC1=CC=CC(=C1)N,164.20
90004,CC(C)(C)C1=CC(=CC(=C1O)C(C)(C)C)CCC(=O)NCCCCCCNC(=O)CCC2=CC(=C(C(=C2)C(C)(C)C)O)C(C)(C)C,636.9
90038,CCC(CO)(CO)COCC(CC)(CO)CO,250.33
90098,COC(=O)NCCC[Si](OC)(OC)OC,237.33
90202,CCCCCCOC(=O)C1=CN=CC=C1,207.27
90235,COC1=C(C=C2C(=C1)C(=NC(=N2)Cl)N)OC,239.66
90255,COCCOCCOCCOCCOCCO,252.30
90258,CCO[Si](CCCNC(=O)N)(OCC)OCC,264.39
90263,COCCOCCOCCOCCO,208.25
90282,C1CCC(=O)N(CC1)SSN2CCCCCC2=O,288.4
90454,C=C[C@H]1CN2CC[C@H]1C[C@@H]2[C@H](C3=CC=NC4=CC=CC=C34)O,294.4
90462,C1=CC=C2C(=C1)C(=O)N(N=N2)CCl,195.60
90473,C[S+](CC[C@@H](C(=O)O)N)C[C@@H]1[C@H]([C@H]([C@@H](O1)N2C=NC3=C(N=CN=C32)N)O)O.[Cl-],434.9
90479,CC(C)OC(=O)C1=CC=CC=C1OP(=S)(N)OC,289.29
90509,CC1(C(=O)NC(=O)NC1=O)C,156.14
90547,C1=CC(=CC=C1C(=O)O)NN.Cl,188.61
90551,CC(=C)C(=O)OCCOP(=O)(O)O,210.12
90558,C=CC(=O)OCCC(=O)O,144.12
90571,COC(C1=CC=CC=C1)(C(=O)C2=CC=CC=C2)OC,256.30
90613,CCO[Si](CCCN=C=O)(OCC)OCC,247.36
90960,CC(CC(=O)O)CC(C)(C)C,158.24
91273,C1C[C@H]2C[C@@H]1[C@H]3[C@@H]2C(=O)N(C3=O)CCCCN4CCN(CC4)C5=NC=CC=N5,383.5
91274,CC1=C(SC=C1)C(=CCCN2CCC[C@H](C2)C(=O)O)C3=C(C=CS3)C.Cl,412.0
91333,C(CO)N(CCO)C=O,133.15
91410,CCCCCCCCCCCCCCCCCC(=O)OCCCCCCCCCCCCCC(C)C,508.9
91442,CCN(CC)C(C)C(=O)C1=CC=CC=C1.Cl,241.76
91453,C[C@@H]1CC[C@@]2([C@H]([C@H]3[C@@H](O2)C[C@@H]4[C@@]3(C(=O)C[C@H]5[C@H]4CC[C@@H]6[C@@]5(CC[C@@H](C6)O)C)C)C)OC1,430.6
91465,C[C@H](CCCC(C)C)[C@H]1CC[C@@H]2[C@@]1(CC[C@H]3[C@H]2CC[C@H]4[C@@]3(CC[C@H](C4)O)C)C,388.7
91500,[As]#[In],189.740
91505,CCN(CC)CC#CCOC(=O)C(C1CCCCC1)(C2=CC=CC=C2)O.Cl,393.9
91511,C1C(O1)COC2=CC=C(C=C2)CC3=CC=C(C=C3)OCC4CO4,312.4
91525,CN(C)C1=CC=C(C=C1)C(=C2C=CC(=[N+](C)C)C=C2)C3=C4C=CC(=CC4=CC(=C3O)S(=O)(=O)[O-])S(=O)(=O)[O-].[Na+],576.6
91538,COC1CCC=CO1,114.14
91550,C1C(O1)C(=O)N,87.08
91555,CC1CC(CCC1N)CC2CCC(C(C2)C)N,238.41
91590,CC(C)(C)NC1=NC(=NC(=N1)NC2CC2)SC,253.37
91593,C1C(O1)CN(CC2CO2)C3=CC=C(C=C3)CC4=CC=C(C=C4)N(CC5CO5)CC6CO6,422.5
91604,CC(C)(CCCC1=CCC(CC1)C=O)O,210.31
91610,CC1(C2=C(C=C(C=C2)OC)C(=O)N(C1=O)CCC3=CC=C(C=C3)S(=O)(=O)NC(=O)NC4CCCCC4)C,527.6
91620,CC1=CC(=CC(=C1O)C(C)(C)C)CCC(=O)OCCOCCOCCOC(=O)CCC2=CC(=C(C(=C2)C)O)C(C)(C)C,586.8
91649,CC(C)(C(=O)NC1=CC(=C(C=C1)[N+](=O)[O-])C(F)(F)F)O,292.21
91650,CC1=CC(=NC(=N1)NC2=CC=CC=C2)C,199.25
91655,CCOP(=S)(OCC)OC(C(Cl)(Cl)Cl)Cl,336.0
91656,CC(C)(C)C(C(N1C=NC=N1)OC2=CC=C(C=C2)C3=CC=CC=C3)O,337.4
91664,CC1=CC(=C(C(=C1)Cl)OP(=S)(OC)OC)Cl,301.13
91670,CCCCC(=O)OCC(=O)[C@H]1[C@@H](C[C@@H]2[C@@]1(C[C@@H]([C@]3([C@H]2C[C@@H](C4=CC(=O)C=C[C@@]43C)F)F)O)C)C,478.6
91673,CCC1COC(O1)(CN2C=NC=N2)C3=C(C=C(C=C3)Cl)Cl,328.2
91677,C1C(C(C(=O)N1C2=CC=CC(=C2)C(F)(F)F)Cl)CCl,312.11
91683,C1=CC=C(C(=C1)C(C2=CC=C(C=C2)F)(C3=CN=CN=C3)O)Cl,314.7
91688,CCCCCCCCN1C(=O)C(=C(S1)Cl)Cl,282.2
91692,C1CCC(C1)N(CC2=CC=C(C=C2)Cl)C(=O)NC3=CC=CC=C3,328.8
91693,CCCC(CN1C=NC=N1)C2=C(C=C(C=C2)Cl)Cl,284.18
91697,CC1(CC2=C(O1)C(=CC=C2)N)C,163.22
91699,CCCOCC(=NC1=C(C=C(C=C1)Cl)C(F)(F)F)N2C=CN=C2,345.75
91707,CCOC(=O)[C@@H](C)OC1=CC=C(C=C1)OC2=NC3=C(O2)C=C(C=C3)Cl,361.8
91708,C1=CC(=C(C(=C1)F)C(=O)NC(=O)NC2=CC(=C(C(=C2)Cl)OC3=C(C=C(C=N3)C(F)(F)F)Cl)Cl)F,540.6
91727,C1=CC=C(C(=C1)C(CN2C=NC=N2)(C3=CC=C(C=C3)F)O)F,301.29
91731,C1=C(C=NC(=C1Cl)NC2=C(C=C(C(=C2[N+](=O)[O-])Cl)C(F)(F)F)[N+](=O)[O-])C(F)(F)F,465.09
91734,C1=CC(=C(C(=C1)F)C(=O)NC(=O)NC2=CC(=C(C(=C2F)Cl)F)Cl)F,381.1
91735,C1=CC(=CC(=C1)OC2=C(C=CC=N2)C(=O)NC3=C(C=C(C=C3)F)F)C(F)(F)F,394.3
91739,C1=CC(=C(C2=NC=C(C=C21)Cl)C(=O)O)Cl,242.05
91741,C1=CC(=C(C(=C1)F)C(=O)NC(=O)NC2=CC(=C(C(=C2)Cl)OC(C(F)F)(F)F)Cl)F,461.1
91742,CCOC1=C(C=C(C=C1)NC(=O)OC(C)C)OCC,267.32
91744,CC1=CSC(=C1N(C(C)COC)C(=O)CCl)C,275.80
91745,CC1=CC=CC=C1CO[C@@H]2C[C@]3(CC[C@@]2(O3)C)C(C)C,274.4
91749,CC1=CC2=C(C(=C(C=C2)Cl)C(=O)O)N=C1,221.64
91753,CC(COC1=CC=C(C=C1)OC2=CC=CC=C2)OC3=CC=CC=N3,321.4
91754,CC(C)(C)C1=CC=C(C=C1)CSC2=C(C(=O)N(N=C2)C(C)(C)C)Cl,364.9
91757,CC(C)CC1=C(C(=NC(=C1C(=O)SC)C(F)(F)F)C(F)F)C(=O)SC,401.4
91758,CCC(C)SP(=O)(N1CCSC1=O)OCC,283.4
91759,CC1=NC2=NC(=NN2C=C1)S(=O)(=O)NC3=C(C=CC=C3F)F,325.30
91766,C1=CC(=C(C(=C1)F)C(=O)NC(=O)NC2=C(C=C(C=C2)OC3=C(C=C(C=C3)C(F)(F)F)Cl)F)F,488.8
91768,CC(C)[C@H](C(=O)OC(C#N)C1=CC(=CC=C1)OC2=CC=CC=C2)NC3=C(C=C(C=C3)C(F)(F)F)Cl,502.9
91770,CC1=CC(=C(N=C1)C2=NC(C(=O)N2)(C)C(C)C)C(=O)O,275.30
91771,C1C(CC2=CC=CC=C2C1C3=C(SC4=CC=CC=C4C3=O)O)C5=CC=C(C=C5)C6=CC=C(C=C6)Br,539.5
91773,CCC1=CC=C(C=C1)C(=O)NN(C(=O)C2=CC(=CC(=C2)C)C)C(C)(C)C,352.5
91776,CC(C)CC1=C(C(=NC(=C1C(=O)OC)C(F)F)C(F)(F)F)C2=NCCS2,396.4
91778,CCOCN1C(=C(C(=C1C(F)(F)F)Br)C#N)C2=CC=C(C=C2)Cl,407.61
91779,CCS(=O)(=O)C1=C(N=CC=C1)S(=O)(=O)NC(=O)NC2=NC(=CC(=N2)OC)OC,431.4
91783,C[Si](C)(C)O[Si](O)(O)O,168.30
91805,C1CC(CCC1=O)(C#N)C2=CC=C(C=C2)F,217.24
91822,CCCC[N+](C)(CCCC)CCCC.[Cl-],235.84
91984,CCC(CC)NC1=CC(=C(C=C1)C)C,191.31
92041,CCOC1=NC=C(C(=O)N1)F,158.13
92094,CC1=CC(=CC2=C1O[C@](CC2)(C)CCC[C@H](C)CCC[C@H](C)CCCC(C)C)O,402.7
92140,CCCC(=O)OC[C@H]([C@H]([C@H](CN1C2=C(C=C(C(=C2)C)C)N=C3C1=NC(=O)NC3=O)OC(=O)CCC)OC(=O)CCC)OC(=O)CCC,656.7
92146,C([C@@H]1[C@H]([C@@H]([C@H]([C@H](O1)O[C@@H]2[C@H](O[C@@H]([C@@H]([C@H]2O)O)O[C@H]([C@@H](CO)O)[C@@H]([C@H](C=O)O)O)CO)O)O)O)O,504.4
92151,C1CCN(CC1)CCC(C2CC3CC2C=C3)(C4=CC=CC=C4)O.Cl,347.9
92159,CC1C(OCCN1)C2=CC=CC=C2.Cl,213.70
92163,CCCNC(C)C(=O)NC1=CC=CC=C1C.Cl,256.77
92178,CN1CCN(CC1)CCCN2C3=CC=CC=C3SC4=C2C=C(C=C4)S(=O)(=O)N(C)C.CS(=O)(=O)O.CS(=O)(=O)O,638.9
92238,CC1(CN(NC1=O)C2=CC=CC=C2)CO,206.24
92251,CC(C)CC(C)(C#N)N,126.20
92278,CCN(CCC#N)C1=CC=C(C=C1)N=NC2=CC=C(C=C2)[N+](=O)[O-],323.35
92292,CC1C(C2=C(C1(C)C)C(=O)CCC2)(C)C,206.32
92299,CC(C)N(CC1=CC=CC=C1)C(=O)C(C)(C)C,233.35
92321,CN1C(=O)C2=C(C1=O)C=C(C=C2)[N+](=O)[O-],206.15
92363,CC1=CC(=C(C=C1)NC=O)C,149.19
92387,CC(C)(C(=O)C1=CC=C(C=C1)SC)N2CCOCC2,279.4
92400,C[C@H](CSC(=O)C1=CC=CC=C1)C(=O)N2C[C@H](C[C@H]2C(=O)O)SC3=CC=CC=C3,429.6
92421,CCOC(=O)C1CC(=O)C(=C(C2CC2)O)C(=O)C1,252.26
92425,C#CCN1C(=O)COC2=CC(=C(C=C21)N3C(=O)C4=C(C3=O)CCCC4)F,354.3
92431,C[C@H](C(=O)OCC#C)OC1=CC=C(C=C1)OC2=C(C=C(C=N2)Cl)F,349.7
92515,COCCC1=CC=C(C=C1)OCC2CO2,208.25
92629,CC(COC(C)(C)C)O,132.20
92667,C1CN1CCC(=O)OCC(CO)(COC(=O)CCN2CC2)COC(=O)CCN3CC3,427.5
92727,CC1=C(C(=CC=C1)C)OCC(=O)N[C@@H](CC2=CC=CC=C2)[C@H](C[C@H](CC3=CC=CC=C3)NC(=O)[C@H](C(C)C)N4CCCNC4=O)O,628.8
92729,CC1=C(C=C2CC[C@@](OC2=C1C)(C)CCC[C@H](C)CCC[C@H](C)CCCC(C)C)O,416.7
92806,CCN(CC)CCOC(=O)C(C1CCCCC1)C2=CC=CC=C2.Cl,353.9
92821,CCCOC(=O)C(C)O,132.16
92822,COCC(CO)O,106.12
92831,CCOC(=O)[C@H](C)O,118.13
92839,CC(COC1=CC=CC=C1)O,152.19
92855,CC(=O)C1=CC[C@@H]2[C@@]1(CC[C@H]3[C@H]2CC=C4[C@@]3(CC[C@@H](C4)OC(=O)C)C)C,356.5
92873,CCOC(=O)C1=CC=CC=C1C(=C2C=C(C(=O)C(=C2)Br)Br)C3=CC(=C(C(=C3)Br)O)Br,662.0
92874,CC1=CC(=O)[C@H]2C[C@@H]1C2(C)C,150.22
92876,CC(CN(C)C)C(C)(CC1=CC=C(C=C1)Cl)O.Cl,292.2
92877,C[C@@]12CCC[C@H]1[C@@H]3CC[C@H]4C[C@H](CC[C@@]4([C@H]3CC2)C)O,276.5
92879,CCC(C(=O)N[C@H]1[C@@H]2N(C1=O)[C@H](C(S2)(C)C)C(=O)O)OC3=CC=CC=C3,378.4
92884,[CH-]1C=CC=C1.[CH-]1C=CC=C1.[Co+2],189.12
92888,C1C=CC[C@H]2[C@@H]1C(=O)NC2=O,151.16
92897,CCN(CC)CCOC(=O)C1=CN=CC=C1.C(C(=O)O)C(CC(=O)O)(C(=O)O)O,414.4
92938,CC(CCC(=O)O)(C#N)N=NC(C)(CCC(=O)O)C#N,280.28
92942,C[C@H](CN1CCOCC1)C(C2=CC=CC=C2)(C3=CC=CC=C3)C(=O)N4CCCC4.[C@@H]([C@H](C(=O)O)O)(C(=O)O)O,542.6
92965,CC1=CC=C(C=C1)C(=O)C(C)CN2CCCCC2.Cl,281.82
93009,CC(=O)O[C@@H]1C[C@@H]2CC[C@]1(C2(C)C)C,196.29
93011,CC(=O)C(C(=O)N(C)C)Cl,163.60
93012,CCCCC(CC)C(C#C)O,154.25
93055,C[C@]12C[C@@H]([C@H]3[C@H]([C@@H]1CC[C@@]2(C(=O)COC(=O)CC(C)(C)C)O)CCC4=CC(=O)C=C[C@]34C)O,458.6
93079,CCC(C)(C#N)N=NC(C)(CC)C#N,192.26
93095,C[C@H]1[C@H](O1)P(=O)([O-])[O-].[Ca+2],176.12
93098,C1=CC(=CC=C1C2=CSC(=N2)NN)N,206.27
93118,CC(C1=CC=C(C=C1)O)(C2=CC=C(C=C2)O)C3=CC=C(C=C3)O,306.4
93128,CCCCC(CC)COC(=O)COC1=C(C=C(C=C1)Cl)C,312.8
93162,CCCCCC1=CC=C(C=C1)N,163.26
93176,C1[C@H](NCS1)C(=O)O,133.17
93184,CC1([C@@H](N2[C@H](S1)[C@@H](C2=O)NC(=O)C(C3=CC=CC=C3)C(=O)OC4=CC5=C(CCC5)C=C4)C(=O)O)C,494.6
93221,CC1=CC(=C(C(=C1CN2C(=O)N(C(=O)N(C2=O)CC3=C(C(=C(C=C3C)C(C)(C)C)O)C)CC4=C(C(=C(C=C4C)C(C)(C)C)O)C)C)O)C(C)(C)C,699.9
93252,CN(C)C1=CC=C(C=C1)CCO,165.23
93312,C1=CC(=CC=C1C(=O)OCCCOC(=O)C2=CC=C(C=C2)N)N,314.34
93335,CC(C)CC(C)N(C1=CC=CC=C1)C2=CC=C(C=C2)N,268.4
93365,C[C@@H]1CN(C[C@@H](O1)C)CC(C)CC2=CC=C(C=C2)C(C)(C)C,303.5
93375,CC1C=C(CCC1C=O)C,138.21
93379,C1=CC=C(C=C1)NC(=O)NC2=CC(=NC=C2)Cl,247.68
93502,CCCCNP(=S)(N)N,167.22
93504,CC1([C@H]([C@@H](C2=C(O1)C=CC(=C2)C#N)N3CCCC3=O)O)C,286.33
93516,CCOP(=S)(OC1=CN=C(N=C1)C(C)(C)C)OC(C)C,318.37
93528,CCCCCC(C)OC(=O)COC1=C2C(=C(C=C1)Cl)C=CC=N2,335.8
93541,C1=CC(=C(C(=C1)F)C(=O)NC(=O)NC2=CC(=C(C=C2)OC(C(OC(F)(F)F)F)(F)F)Cl)F,492.7
93542,COC(=O)CSC1=C(C=C(C(=C1)N=C2N3CCCCN3C(=O)S2)F)Cl,403.9
93550,C[N+](C)(C)CCCCCC[N+](C)(C)C.[Cl-].[Cl-],273.28
93573,C(C(CO)(CO)N)O.Cl,157.59
93858,CC1=CC=C(C=C1)S(=O)(=O)O.C1CN(CC1N)C2=C(C=C3C(=O)C(=CN(C3=N2)C4=C(C=C(C=C4)F)F)C(=O)O)F,576.5
94037,CCCCC(CC)COC(=O)CCCCC(=O)OCC1=CC=CC=C1,348.5
94154,C([C@H](C([C@@H](CO)O)O)O)O,152.15
94232,C=CC(=O)OCC1CCCO1,156.18
94280,CC1(C2=CC=CC=C2N(C3=CC=CC=C31)CCCN(C)C)C,294.4
94294,CC(CN(C)C)Cl.Cl,158.07
94308,CN(C)CCCCl.Cl,158.07
94310,CCCCC(CC)COC(=O)C1=CC=CC=C1,234.33
94314,CCC(C)SSC(C)CC,178.4
94355,CC(C)C(C)(C#N)N,112.17
94377,CCCCN(CCCC)CCCCCCN(CCCC)CCCC,340.6
94398,C1=C(C(=C(C(=C1[N+](=O)[O-])Cl)[N+](=O)[O-])Cl)C(F)(F)F,304.99
94411,CC(C)NC(=O)C1=CC=CC=C1N,178.23
94483,CC(C)(C1=CC=C(C=C1)OC2=CC3=C(C=C2)C(=O)OC3=O)C4=CC=C(C=C4)OC5=CC6=C(C=C5)C(=O)OC6=O,520.5
94544,C1=CC=C(C=C1)OC2=CC=CC(=C2)CBr,263.13
94617,CC(C)(C)C(=O)CCC1=CC=C(C=C1)Cl,224.72
94647,C1=C(C=NC(=C1Cl)Cl)C(Cl)(Cl)Cl,265.3
94684,CC(C)(C)C1(CO1)CCC2=CC=C(C=C2)Cl,238.75
94785,C(CSCSCCO)O,168.3
94866,COC(=O)C1CC(=O)C(CC1=O)C(=O)OC,228.20
94932,CC(C)(C1CCC(CC1)O)C2CCC(CC2)O,240.38
94955,C1=CC(=C(C=C1N)C(F)(F)F)[N+](=O)[O-],206.12
95116,C(CSSCCC(=O)O)C(=O)O,210.3
95170,C1=CC(=C(C=C1Br)Br)OC2=C(C=C(C=C2)Br)Br,485.79
95286,C1CC(=O)N(C1=O)CO,129.11
95337,CCCCCCCCC(CCCCCC)CO,242.44
95392,CCOC(=O)CC1(OCC(O1)C)C,188.22
95402,C=CCOCC(CCl)O,150.60
95416,CC(=O)OC(C1=CC=CC=C1)C(=O)C2=CC=CC=C2,254.28
95428,COC(=O)C(CBr)Br,245.90
95717,C1CC2=C(C=C3C=CC4=C5C3=C2C=CC5=CC=C4)C(=O)C1,270.3
96088,C1C2=C(C=C(C=C2)O)C3=CC=CC=C31,182.22
96132,C(CN(CCO)CCO)C#N,158.20
96170,C1COC(C(O1)O)O,120.10
96350,CC1=C(C=CS1)Br,177.06
96359,CCCCC(CC)COC(=O)CC#N,197.27
96387,C1CNCCC1(C2=CC=CC=C2)O,177.24
96393,CC1=CC(=NN1CO)C,126.16
96430,C1=CC(=CC=C1C(=O)C(=O)C2=CC=C(C=C2)Br)Br,368.02
96509,C1CC2C(C1)C3CC2CC3=O,150.22
97004,COP(=O)(O)OP(=O)(O)OC,206.03
97354,CC1=CC(=CC=C1)OCCOC2=CC=CC(=C2)C,242.31
97780,CCOC(=O)C(C1=CC=CC=C1)Br,243.10
97971,CC(C(=O)O)OC1=C(C=CC(=C1)Cl)Cl,235.06
98282,CC1CN(NC1=O)C2=CC=CC=C2,176.21
98613,C1=CC=C(C=C1)C2=CSC(=N2)NN,191.26
98723,C=CC(=O)N1CCOCC1,141.17
99016,CCCC(C)C1=CC=CC=C1O,164.24
99288,CC[C@@H](C)[C@@H](C(=O)O)N,131.17
99472,C[C@]12CC[C@H]3[C@H]([C@@H]1CC[C@@H]2C(=O)O)CCC4=CC(=O)CC[C@]34C,316.4
99597,CC(C)(C)C(=O)CC(=O)OC,158.19
99953,CCCCCCCCCOCC1CO1,200.32
100524,CC1=CC(=C(C=C1)OP(=S)(NC(C)C)OC)[N+](=O)[O-],304.30
101010,CCCC1CCOC(S1)C,160.28
101012,COC(=O)C1=C(C=CS1)S(=O)(=O)N,221.3
101082,C1=CC2=C3C(=C(C=C2S(=O)(=O)[O-])S(=O)(=O)[O-])C=CC4=C(C=C(C1=C43)S(=O)(=O)[O-])S(=O)(=O)[O-].[Na+].[Na+].[Na+].[Na+],610.4
101150,CC1CC(=CC(C1C=O)C)C,152.23
101526,COC1=C2C(=CC(=C1N3C[C@@H]4CCCN[C@@H]4C3)F)C(=O)C(=CN2C5CC5)C(=O)O.Cl,437.9
101560,CC(COCC(C)OC(=O)C1=CC=CC=C1)OC(=O)C2=CC=CC=C2,342.4
101587,C[N+]1(CCN(CC1)CC(C2CCCCC2)(C3=CC=CC=C3)O)C.COS(=O)(=O)[O-],428.6
101616,CN1[C@@H](CCC[C@@H]1CC(=O)C2=CC=CC=C2)C[C@@H](C3=CC=CC=C3)O,337.5
101905,C[C@]12CC[C@H]3[C@H]([C@@H]1CC[C@@H]2OC(=O)CCC4CCCCC4)CCC5=CC(=O)CC[C@H]35,412.6
101925,CCCNC(C)(C)COC(=O)C1=CC=CC=C1.Cl,271.78
101940,C[Sn](Cl)(Cl)Cl,240.1
102232,CCC(=O)O[C@@H]1C[C@H]2[C@@H]3CCC4=C([C@H]3CC[C@@]2([C@H]1OC(=O)CC)C)C=CC(=C4)OC(=O)CC,456.6
102293,CCC(CO)CO,104.15
102426,CC(CNC1CCCCC1)OC(=O)C2=CC=CC=C2.Cl,297.82
102428,CC1CC(CC(N1C)(C)C)OC(=O)C(C2=CC=CC=C2)O.Cl,327.8
102484,C1=CC(=CC=C1C(CN)O)O.Cl,189.64
102678,CCCCC(CC)CN=C(N)NC(=NCCCCCCN=C(N)NC(=NCC(CC)CCCC)N)N.Cl.Cl,581.7
102681,CC(C)(C)C1CCCCC1=O,154.25
102710,CC(CC1=CC=CC=C1)NCCN2C=NC3=C2C(=O)N(C(=O)N3C)C.Cl,377.9
102724,C1CC2C(C1)C3CC2CC3(C4=CC=C(C=C4)O)C5=CC=C(C=C5)O,320.4
102821,CCCCC(CC)C(=O)[O-].CCCCC(CC)C(=O)[O-].[Ba+2],423.7
102861,CCCCCC1C(CCC1=O)CC(=O)OC,226.31
103005,CC1C2CC(C1(C)C)CC2C3CCCC(C3)O,236.39
104143,COC1=CC(=C(C=C1N)OC)S(=O)(=O)NC2=CC=CC=C2,308.35
104150,CCCCN(CCC(=O)OCC)C(=O)C,215.29
104386,CC(C)CCCCCOC(=O)CCS,218.36
104556,C1N(CN(CN1CCO)CCO)CCO,219.28
104607,C1CNCCC1N2C3=C(C=C(C=C3)Cl)NC2=O,251.71
104609,CCOC(=O)N1CCC(CC1)NC2=C(C=C(C=C2)Cl)N,297.78
104610,CCOC(=O)N1CCC(CC1)N2C3=C(C=C(C=C3)Cl)NC2=O,323.77
104635,CC(C)CCCCCCOC(=O)C1=CC(=C(C=C1)C(=O)OCCCCCCC(C)C)C(=O)OCCCCCCC(C)C,588.9
104677,C1=CC(=C(C=C1SC#N)[N+](=O)[O-])N,195.20
104741,C[C@]12CC[C@H]3[C@H]([C@@H]1CC[C@@H]2O)[C@@H](CC4=C3C=CC(=C4)O)CCCCCCCCCS(=O)CCCC(C(F)(F)F)(F)F,606.8
104762,C1=NC(=C(N1[C@H]2[C@@H]([C@@H]([C@H](O2)CO)O)O)O)C(=O)N,259.22
104769,CC(C)NCC(COC1=CC=C(C=C1)CCC(=O)OC)O.Cl,331.8
104827,CN(C)C1=CC2=C(C=C1)N=C3C=CC(=[N+](C)C)C=C3S2.O.O.O.[Cl-],373.9
104838,C[C@H]([C@@H]1[C@H]2CC(=C(N2C1=O)C(=O)O)SCCN=CN)O,299.35
104845,CC(=O)[C@H]1CC[C@@H]2[C@@]1(CC(=O)[C@H]3[C@H]2CC[C@@H]4[C@@]3(CC[C@H](C4)O)C)C,332.5
104850,CC1=C(N(N=C1C(=O)NN2CCCCC2)C3=C(C=C(C=C3)Cl)Cl)C4=CC=C(C=C4)Cl,463.8
104856,CN(CCCC(C1=CN=CC=C1)O)N=O,209.24
104865,CC(C)(C)C1=CC=C(C=C1)S(=O)(=O)NC2=C(C(=NC(=N2)C3=NC=CC=N3)OCCO)OC4=CC=CC=C4OC,551.6
104920,C1CN(CCN1CCCC2=CC=CC=C2)CCOC(C3=CC=C(C=C3)F)C4=CC=C(C=C4)F.Cl.Cl,523.5
104926,CC1(C(C1C(=O)OC(C#N)C2=CC(=C(C=C2)F)OC3=CC=CC=C3)C=C(Cl)Cl)C,434.3
105010,CC1=CC(=CC(=C1)C(=O)N(C(C)(C)C)NC(=O)C2=C(C(=CC=C2)OC)C)C,368.5
105024,C[Se]CC[C@@H](C(=O)O)N,196.12
105104,CN([C@H]1CC[C@@]2(CCCO2)C[C@@H]1N3CCCC3)C(=O)CC4=CC=CC=C4,356.5
106428,CC(=C)C(=O)NCCC[N+](C)(C)C.[Cl-],220.74
106701,CCCCC(CC)C(=O)OC(C)C,186.29
106705,CC(CN(CCCN(C)C)CCCN(C)C)O,245.40
106729,CC(C)CCOCC(=O)OCC=C,186.25
107080,CC(C)C(C(C)(C)COC(=O)C1=CC=CC=C1)OC(=O)C2=CC=CC=C2,354.4
107202,COC(C1=CC=CC=C1)C(=O)O,166.17
107217,CC(=O)OC1C(C2CCC1(C2)C)(C)C,196.29
107282,CCC1COC(=O)O1,116.11
107377,CCCCC(CC)COC(=O)C1=CC=C(C=C1)O,250.33
107526,C([C@H]([C@H]([C@@H]([C@H](C=O)O)O)O)O)O,180.16
107641,CCC(C1=CC=C(C=C1)N2CC3=CC=CC=C3C2=O)C(=O)O,295.3
107715,CC(C)[C@@]1(C(=O)N2[C@H](C(=O)N3CCC[C@H]3[C@@]2(O1)O)CC4=CC=CC=C4)NC(=O)[C@@H]5C[C@H]6[C@@H](CC7=CNC8=CC=CC6=C78)N(C5)C,611.7
107720,COC(=O)[C@]12CC3=C(C1=NN(CO2)C(=O)N(C4=CC=C(C=C4)OC(F)(F)F)C(=O)OC)C=CC(=C3)Cl,527.8
107807,CCC[C@@H](C(=O)OCC)N[C@@H](C)C(=O)N1[C@H]2CCCC[C@H]2C[C@H]1C(=O)O,368.5
107867,CCN(CC)CC1CCCCN1CC(=O)N2C3=CC=CC=C3C(=O)NC4=C2N=CC=C4,421.5
107882,CN1CCC2=C3[C@H]1CC4=C(C3=CC=C2)C(=C(C=C4)O)O.CN1CCC2=C3[C@H]1CC4=C(C3=CC=C2)C(=C(C=C4)O)O.O.Cl.Cl,625.6
107921,CC[C@@]1(C(=O)N(C(=O)N1)C)C2=CC=CC=C2,218.25
107926,CC(C)(C)OC(=O)C1=C2[C@@H]3CCCN3C(=O)C4=C(N2C=N1)C=CC=C4Br,418.3
107930,CN1CCC2=CC(=C(C=C2[C@@H]3[C@@H]1CCC4=CC=CC=C34)O)Cl,313.8
107999,CN1C=C(C2=CC=CC=C21)C(=O)[C@@H]3CCC4=C(C3)NC=N4.Cl,315.8
108005,O.O.[O-][Cr](=O)(=O)O[Cr](=O)(=O)[O-].[Na+].[Na+],298.00
108013,C1CC(CCC1NCC2=C(C(=CC(=C2)Br)Br)N)O.Cl,414.56
108092,CCN(CC)CCOC1=CC=C(C=C1)CC2=CC=CC=C2,283.4
108143,CC1(CCC(C2=C1C=CC(=C2)NC(=O)C3=CC=C(C=C3)C(=O)O)(C)C)C,351.4
108150,CC1=CC2=C([C@@H]3[C@@H]4[C@H]5C6=C(C(=C7C(=C6[C@@H](N4[C@H]([C@H](C2)N3C)O)COC(=O)[C@@]8(CS5)C9=CC(=C(C=C9CCN8)O)OC)OCO7)C)OC(=O)C)C(=C1OC)O,761.8
108173,CC1=C(C(=CC=C1)C)NC(=O)C(C)N.Cl,228.72
108242,CC1CC2=C(CC1(C)C(=O)C)C(CCC2)(C)C,234.38
108312,CC(CCC1=CC=CC=C1)CCO,178.27
108381,CC(C)C1N(CCO1)CCOC(=O)NCCCCCCNC(=O)OCCN2CCOC2C(C)C,486.6
108675,C1=CC(=C(C(=C1)Cl)CCl)F,179.02
108938,CC1=C(C=CC(=C1)C2=CC(=C(C=C2)N)C)N.Cl.Cl,285.2
108956,C=CC(=O)OCC(CO)(COCC(COC(=O)C=C)(COC(=O)C=C)COC(=O)C=C)COC(=O)C=C,524.5
109029,CC1=NN(C(=O)C1)C2=CC=C(C=C2)C(=O)O,218.21
109094,CCOC(=O)CN1CCCC1=O,171.19
110635,CN1CC(=O)N2[C@@H](C1=O)CC3=C([C@H]2C4=CC5=C(C=C4)OCO5)NC6=CC=CC=C36,389.4
110689,CC(CC1=CC(=C(C(=C1)OC)OC)OC)N.Cl,261.74
110747,CC(C)CCCC(C)CC=O,156.26
110823,CC(CC1=CC2=C(C=C1)OCO2)N.Cl,215.67
110862,CC1CNCC(O1)C,115.17
111032,CC1CC(CC(C1)(C)C)OC(=O)C(=C)C,210.31
111037,CC1=CCC(CC1)C(C)(C)OC(=O)C,196.29
111318,C[C@]12CC[C@H]3[C@H]([C@@H]1CC[C@@H]2OC(=O)CCC4=CC=CO4)CCC5=CC(=O)CC[C@H]35,396.5
111332,CC(=O)OCC(=O)[C@]1(CC[C@@H]2[C@@]1(CC=C3[C@H]2CCC4=CC(=O)CC[C@@]43C)C)O,386.5
112039,CC(=O)C(CC(=O)OC)C(=O)OC,188.18
112264,CC[N+]1(CCCC1)C.[Br-],194.11
112322,CN(C)CCCNCCC#N,155.24
112412,CC(C)(C1=CC=CC=C1)C2=CC(=C(C(=C2)N3N=C4C=CC=CC4=N3)O)C(C)(C)C5=CC=CC=C5,447.6
113027,CCN(CC#N)C1=CC=CC(=C1)C,174.24
113033,CC1=CC(=C(C(=C1)Cl)N)C,155.62
113124,CCOC1=CC(=C(C=C1C(=O)C)OCC)OCC,252.31
113606,CCC1=CC(=C(N=C1)C(=O)O)C(=O)O,195.17
113646,CCCCCCCCSCC1=CC(=C(C(=C1)C)O)CSCCCCCCCC,424.8
114129,CC(C)(CC(=O)OC)C=C,142.20
114750,CN1C(=O)C[C@H](NC1=O)C(=O)N[C@@H](CC2=CN=CN2)C(=O)N3CCC[C@H]3C(=O)N,405.4
114809,C(=O)(C(Cl)(Cl)Br)O,207.83
114811,CS(=O)(=O)C1=CC=C(C=C1)[C@H]([C@@H](CF)NC(=O)C(Cl)Cl)O,358.2
114948,CC(C)C[C@H]1C(=O)N2CCC[C@H]2[C@]3(N1C(=O)[C@](O3)(C(C)C)NC(=O)[C@@H]4C[C@H]5[C@@H](CC6=CNC7=CC=CC5=C67)N(C4)C)O,577.7
114994,CC(C)(C)N(C(=O)C1=CC=CC=C1)NC(=O)C2=CC=C(C=C2)Cl,330.8
115089,C1=CC(=CC(=C1)O)C[C@@H](CO)[C@@H](CC2=CC(=CC=C2)O)CO,302.4
115157,CCC(COCCOC(=O)C=C)(COCCOC(=O)C=C)COCCOC(=O)C=C,428.5
115162,CC1([C@@H](N2[C@H](S1)[C@@H](C2=O)N=CN3CCCCCC3)C(=O)OCOC(=O)C(C)(C)C)C.Cl,476.0
115224,C1CSC(=NC#N)N1CC2=CN=C(C=C2)Cl,252.72
115227,CC1=C(C=C(C(=O)N1)C#N)C2=CN3C=CN=C3C=C2.Cl,286.71
115268,C1C[N+]2=CC=CC=C2C3=CC=CC=[N+]31.O.[Br-].[Br-],362.06
115305,CCCC(=O)N1CCCN(CC1)C2=NC3=CC(=C(C=C3C(=N2)N)OC)OC.Cl,409.9
115367,C1CC[C@H]2[C@@H](C1)C(=O)N(C2=O)CCCCN3CCN(CC3)C4=NSC5=CC=CC=C54.Cl,463.0
116529,CC1=C(C(=C(C=C1)Cl)N)Cl,176.04
116814,CN(C1CCCCC1)S(=O)(=O)C2=CC=CC=C2N,268.38
117291,CCCCC(CC)COC(=O)C1=C(C(=C(C(=C1Br)Br)Br)Br)C(=O)OCC(CC)CCCC,706.1
117295,CCN1CCCC1CN,128.22
117549,CCCCCC1=CCCC1=O,152.23
117640,CC(C)(C)OC(=O)C1=CC=C(C=C1)O,194.23
117734,CO[Si](CCCN1C(=O)N(C(=O)N(C1=O)CCC[Si](OC)(OC)OC)CCC[Si](OC)(OC)OC)(OC)OC,615.8
117746,CN1C(=O)C=CS1.Cl,151.62
117822,CC(=O)CC(=O)NC1=CC2=C(C=C1)NC(=O)N2,233.22
117915,CC1=C(C=CC(=C1)OC)Br,201.06
117965,CCCCN1CCCC[C@H]1C(=O)NC2=C(C=CC=C2C)C.Cl,324.9
118193,CC1CCC(CC1)CO,128.21
118264,CC(C1=CC=CC=C1)N2C=NC=C2C(=O)OC.Cl,266.72
118285,CCCCNC1CC(NC(C1)(C)C)(C)C,212.37
118327,CCC(C)C1=C(C(=CC(=C1)C(C)(C)C)N2N=C3C=CC=CC3=N2)O,323.4
118379,CCC(COC(=O)CCS)(COC(=O)CCS)COC(=O)CCS,398.6
118390,COC1=C(C=C(C=C1)S(=O)(=O)N)C(=O)OC,245.25
118574,COC1=C(C=C(C=C1)Cl)C(=O)OC,200.62
118703,CCCC1C(=CC(=CN1C2=CC=CC=C2)CC)CC,255.4
118771,CO[Si](CCCNCCNCCN)(OC)OC,265.43
118899,CC(C1=C(C(=CC(=C1)C(C)(C)C)C(C)(C)C)O)C2=C(C(=CC(=C2)C(C)(C)C)C(C)(C)C)O,438.7
119020,C(CCN=C(N)N)CN=C(N)N.OS(=O)(=O)O,270.31
119171,CC1=C(C(C(=C(N1)C)P2(=O)OCC(CO2)(C)C)C3=CC(=CC=C3)[N+](=O)[O-])C(=O)OCCN(CC4=CC=CC=C4)C5=CC=CC=C5,631.7
119175,CC1C2=NN=C(N2C3=C(C=C(S3)CCC4=CC=C(C=C4)CC(C)C)C(=N1)C5=CC=CC=C5Cl)C,489.1
119182,C1=NC2=C(N=C(N=C2N1[C@H]3[C@H]([C@@H]([C@H](O3)CO)O)F)Cl)N,303.68
119193,CCCCCCOC1=C(C(=C(C(=C1)C)O)C)C,236.35
119361,C1CC1(C(CC2=CC=CC=C2Cl)(CN3C=NC=N3)O)Cl,312.2
119369,CC1=CC=CC=C1C(=O)NC2=CC=C(C=C2)C(=O)N3CCCC(C4=CC=CC=C43)N(C)C,427.5
119435,C[C@H](C(=O)O)OC1=C(C=C(C=C1)Cl)Cl,235.06
119442,CC(C)C(CCCN(C)CCC1=CC(=C(C=C1)OC)OC)(C#N)C2=CC(=C(C(=C2)OC)OC)OC.Cl,521.1
119525,CCN1C=C(C(=O)C2=CC(=C(C=C21)N3CCN(CC3)C)F)C(=O)O.CS(=O)(=O)O,429.5
119570,CCCN[C@H]1CCC2=C(C1)SC(=N2)N,211.33
119583,CCOC1=CC(=C(C=C1C(=O)NCC2CN(CCO2)CC3=CC=C(C=C3)F)Cl)N.C(C(=O)O)C(CC(=O)O)(C(=O)O)O,614.0
119607,CC1=C(C(=NO1)C2=CC=CC=C2)C3=CC=C(C=C3)S(=O)(=O)N,314.4
119716,CC(C)CCCCCCN,143.27
119921,C1CC2=C(C=CC=C2O)C(=O)C1,162.18
120070,COC(=O)C(C(=O)OC)Cl,166.56
120081,COC1=C(C=C2C(=C1)C(=O)NC(=O)N2)OC,222.20
120101,CC1=CC2=C(C=C1)OCC(=O)CO2,178.18
120203,C(C(C(C(C(C(F)(F)F)(F)F)(F)F)(F)F)(F)F)(C(C(C(C(F)(F)F)(F)F)(F)F)(F)F)(F)F,538.07
121035,CCC(=C(C1=CC=CC=C1)C2=CC=CC=C2)CN.Cl,273.8
121097,COC(=O)C1=CC=CC=C1C(=O)C2=CC=C(C=C2)OCCN3CCCCC3.Cl,403.9
121396,C(CC(=O)O)[C@@H](C(=O)O)NC(=O)N,190.15
121639,CC(=O)OCCN(CCOC(=O)C)C1=CC=C(C=C1)N=NC2=C(C=C(C=C2)[N+](=O)[O-])C#N,439.4
121752,CCCOCC(C)OCC(C)O,176.25
122073,CC1=C(C(C(=C(N1)C)C(=O)OCCC2=CC=C(C=C2)N3CCN(CC3)C(C4=CC=CC=C4)C5=CC=CC=C5)C6=CC(=CC=C6)[N+](=O)[O-])C(=O)OC,686.8
122077,C1=CC=C2C(=C1)C=C(N2CC(=O)O)C(=O)NC3=NC(=CS3)C4=CC=CC=C4Cl,411.9
122087,CCC(C)(C(=O)CCl)NC(=O)C1=CC(=C(C(=C1)Cl)C)Cl,336.6
122125,COC1=C(C(=C(C=C1)CN2CCN(CC2)C(C3=CC=C(C=C3)F)C4=CC=C(C=C4)F)OC)OC.Cl.Cl,541.5
122188,CN1C(=CC(=O)N(C1=O)C)NCCN(CCCC2=CC=C(C=C2)[N+](=O)[O-])CCO.Cl,441.9
122499,CC1=CC=CC2=NNN=C12,133.15
122600,CCCCCCCCCCCCCCCCCCOC(=O)C(=C)C,338.6
122612,CC(=C)C(=O)OCCOP(=O)(O)OCCOC(=O)C(=C)C,322.25
122797,COC1=CC(=CC(=C1O)OC)[C@H]2[C@@H]3[C@H](COC3=O)[C@@H](C4=CC5=C(C=C24)OCO5)O,400.4
122820,C1CN(CCC12NC(=O)CS2)CCCN3C4=CC=CC=C4SC5=C3C=C(C=C5)Cl.Cl,482.5
122824,CCN(CC)C(C)CN1C2=CC=CC=C2SC3=CC=CC=C31.Cl,348.9
122903,CC1=CC(=O)C(C(=O)O1)C(=O)C,168.15
123114,C1CC1C=O,70.09
123458,CC(COC)N,89.14
123504,C1=CC(=CC=C1C(=O)C2=CC=C(C=C2)Cl)O,232.66
123596,CC1=C(C=C(C=C1)NC(=O)C2=CC=C(C=C2)CN3CCN(CC3)C)NC4=NC=CC(=N4)C5=CN=CC=C5.CS(=O)(=O)O,589.7
123606,CN(C)CCC1=CNC2=C1C=C(C=C2)CS(=O)(=O)N3CCCC3,335.5
123608,C(CC(=O)O)C(=O)CN.Cl,167.59
123619,CC1=NC=C(C=C1)C2=C(C=C(C=N2)Cl)C3=CC=C(C=C3)S(=O)(=O)C,358.8
123622,CC(=CC1C(C1(C)C)C(=O)OCN2C(=O)CN(C2=O)CC#C)C,318.4
123631,COC1=C(C=C2C(=C1)N=CN=C2NC3=CC(=C(C=C3)F)Cl)OCCCN4CCOCC4,446.9
123698,CCC1=CC=C(C=C1)C(=O)C(C)CN2CCCCC2.Cl,295.8
123879,C1CC2=C(C[C@@H]1NS(=O)(=O)C3=CC=C(C=C3)F)C4=CC=CC=C4N2CCC(=O)O,416.5
123924,CCN(CC)C(=O)C1=CC=C(C=C1)[C@H](C2=CC(=CC=C2)OC)N3C[C@H](N(C[C@@H]3C)CC=C)C,449.6
124087,C1CC2=C(C=CC(=C2)Cl)C(=C3CCNCC3)C4=C1C=CC=N4,310.8
124225,CC1N2C3=CC(=C(C=C3C(=O)C(=C2S1)C(=O)O)F)N4CCNCC4,349.4
124246,CS(=O)(=O)NC1=C(C=C2C(=C1)OC=C(C2=O)NC=O)OC3=CC=CC=C3,374.4
124886,C(CC(=O)N[C@@H](CS)C(=O)NCC(=O)O)[C@@H](C(=O)O)N,307.33
125098,CCC(C)OC(=O)N1CCCCC1CCO,229.32
125564,CCN1CCN(CC1)C2=NC3=C(CCCCCC3)C(=C2)C4=CC=C(C=C4)F,367.5
126565,C[C@@]12[C@](C[C@@H](O1)N3C4=CC=CC=C4C5=C6C(=C7C8=CC=CC=C8N2C7=C53)CNC6=O)(CO)O,439.5
126941,CN(CC1=CN=C2C(=N1)C(=NC(=N2)N)N)C3=CC=C(C=C3)C(=O)N[C@@H](CCC(=O)O)C(=O)O,454.4
127150,CCOC1=CC=CC=C1O[C@@H]([C@H]2CNCCO2)C3=CC=CC=C3.CS(=O)(=O)O,409.5
127404,CC(C)NCC(COC1=CC=CC=C1N2C=CC=C2)O,274.36
127998,CC1=CC=C(C=C1)C(=O)CC(CSC(=O)C)C(=O)O,280.34
128798,C1CSC2=NC(=O)C(C(=O)N21)CC3=CC=C(C=C3)Cl,294.76
128918,C1CN(CC=C1C2=CC(=CC=C2)C(F)(F)F)CCC3=CC4=CC=CC=C4C=C3.Cl,417.9
129109,CC(C(=O)N1C(CN(C1=O)C)C(=O)O)NC(CCC2=CC=CC=C2)C(=O)O,377.4
129209,CC1=C(C(=CC=C1)C)N(CCCC2=CN=CC=C2)C(=O)C(C)N.Cl.Cl,384.3
129228,C1=CC(=C(C(=C1)F)CN2C=C(N=N2)C(=O)N)F,238.19
129319,CCNC(=O)NCCCOC1=CC=CC(=C1)CN2CCCCC2,319.4
129491,C1CN(CCC1C=C(C2=CC=CC=C2)C3=CC=CC=C3)C(=O)CCCCCCCCC4=CN=CC=C4,480.7
129791,CN(C)CCOC1=CC=C(C=C1)CNC(=O)C2=CC(=C(C=C2)OC)OC.Cl,394.9
129991,CC(=O)OCC(=O)NC1=CC(=CC(=C1Cl)NC(=O)COC(=O)C)C#N,367.74
130313,CC1([C@@H](N2[C@H](S1(=O)=O)CC2=O)C(=O)O)C,233.24
130881,CCCC1=NC(=C(N1CC2=CC=C(C=C2)C3=CC=CC=C3C4=NNN=N4)C(=O)OCC5=C(OC(=O)O5)C)C(C)(C)O,558.6
130956,C1=CC2=NC=C(N2C=C1)CC(O)(P(=O)(O)O)P(=O)(O)O,322.15
130990,CCCCCCCCCCCCCCCCCCNC(=O)OC1CCN(CC1)C(=O)OC[C@H](COC(=O)N(CC2=CC=CC=[N+]2CC)C(=O)C3=CC=CC=C3OC)OC.[Cl-],861.5
131204,CC(C)(CO)[C@H](C(=O)NCCCO)O,205.25
131535,CC(C)CN(C[C@H]([C@H](CC1=CC=CC=C1)NC(=O)O[C@H]2CCOC2)OP(=O)([O-])[O-])S(=O)(=O)C3=CC=C(C=C3)N.[Ca+2],623.7
131746,C1CN(CCC1N)C2=NC(=CC=C2)Cl.Cl,248.15
132519,CC(C)C[C@H](CC(=O)NO)C(=O)N[C@@H](CC1=CNC2=CC=CC=C21)C(=O)NC,388.5
132916,C1CN2C(=O)[C@H](N=C(C3=CC=CC1=C32)C4=CC=CC=C4F)NC(=O)C5=CC6=CC=CC=C6N5,438.5
132932,COC1=CC=C(C=C1)N2C(=CC(=N2)C(F)F)C3=CC=C(C=C3)S(=O)C,362.4
133264,CCCCCOC1=C(C=C(C=C1)C2C(=O)NC(=O)S2)OCC,323.4
133621,CCN1C=CN=C1CC2COC3=CC=CC=C3O2,244.29
133914,CCCCCCOC(=O)CC(CC(=O)OCCCCCC)(C(=O)OCCCCCC)OC(=O)CCC,514.7
134018,CC1=C(SC(=N1)C2=CC(=C(C=C2)OCC(C)C)C#N)C(=O)O,316.4
134601,COC(=O)[C@H](CC1=CC=CC=C1)NC(=O)[C@H](CC(=O)O)N,294.30
134669,C(CO)CSC[C@@H](C(=O)O)N,179.24
134976,CC(C)(C)OC(=O)C1=CC=CC=C1C(=O)O,222.24
135191,C1[C@H]([C@@H]([C@H](C(O1)O)O)O)O,150.13
135242,CC(=O)O.CN=C(N)NCCC[C@@H](C(=O)O)N,248.28
135410,CCC(=O)O[C@@]1([C@H](C[C@@H]2[C@@]1(C[C@@H](C3([C@H]2CCC4=CC(=O)C=C[C@@]43C)F)O)C)C)C(=O)COC,462.5
136843,C1CCC2(C1)CC(=O)NC(=O)C2,167.20
137264,CC(C)C(=O)NC1=CC=CC(=C1)C(F)(F)F,231.21
137601,CCCC1=CC=C(C=C1)C(=O)O,164.20
137829,CC(C1CCCCC1)O,128.21
137895,C(CCCCCCBr)CCCCCO,265.23
137994,CC1(CC(CC(N1[O])(C)C)O)C,172.24
138395,CC1=NC2=C(C=C1)C=CC(=C2)Cl,177.63
138477,C1=CC=C(C=C1)N2C=NN=N2,146.15
142482,CCCC1CCC(=O)CC1,140.22
142752,CCCCCCCCCC(=O)NO,187.28
142766,C1=CC=C(C(=C1)C(=O)O)O.C1=CC2=C(C(=C1)O)N=CC=C2,283.28
142891,CCOC(=O)C1=CC=C(C=C1)I,276.07
145512,CC1=CC=C(C=C1)C2=CC=CC=C2C#N,193.24
145815,C(CC(=O)N)[C@H](C(=O)O)N,146.14
146256,CC1=C(C(=CC=C1)OCC(CNC(C)(C)C)O)C,251.36
146540,C1=CC=C(C=C1)CNN.Cl.Cl,195.09
146571,CN(C)CCC[C@@]1(C2=C(CO1)C=C(C=C2)C#N)C3=CC=C(C=C3)F.C(=O)(C(=O)O)O,414.4
148121,C#CCC(CC1=CN=C2C(=N1)C(=NC(=N2)N)N)C3=CC=C(C=C3)C(=O)N[C@@H](CCC(=O)O)C(=O)O,477.5
148124,CC1=C2[C@H](C(=O)[C@@]3([C@H](C[C@@H]4[C@]([C@H]3[C@@H]([C@@](C2(C)C)(C[C@@H]1OC(=O)[C@@H]([C@H](C5=CC=CC=C5)NC(=O)OC(C)(C)C)O)O)OC(=O)C6=CC=CC=C6)(CO4)OC(=O)C)O)C)O,807.9
148177,CCCCCCCCCCCCCCCCCCOP(=O)([O-])OC1CC[N+](CC1)(C)C,461.7
148192,CC(C)(C)[C@@H](C(=O)N[C@@H](CC1=CC=CC=C1)[C@H](CN(CC2=CC=C(C=C2)C3=CC=CC=N3)NC(=O)[C@H](C(C)(C)C)NC(=O)OC)O)NC(=O)OC,704.9
148673,COC1=C(C=CC(=C1)NS(=O)(=O)C)NC2=C3C=CC=CC3=NC4=CC=CC=C42.Cl,429.9
150311,C1=CC(=CC=C1[C@@H]2[C@H](C(=O)N2C3=CC=C(C=C3)F)CC[C@@H](C4=CC=C(C=C4)F)O)O,409.4
150762,CC1=C(C(C(=C(N1)C)C(=O)OCCN2CCN(CC2)C(C3=CC=CC=C3)C4=CC=CC=C4)C5=CC(=CC=C5)[N+](=O)[O-])C(=O)OC.Cl.Cl,683.6
151075,C1=CC=C(C=C1)C(=O)C2=CC=CC(=C2N)CC(=O)N,254.28
151166,CC1=CC(=C(C=C1)NC2=C(C=CC=C2Cl)F)CC(=O)O,293.72
151170,COC1=C(C=C(C=C1)C2(CCC(CC2)C(=O)O)C#N)OC3CCCC3,343.4
151173,C1C(O[C@H](O1)CO)N2C=CC(=NC2=O)N,213.19
151194,C1=CC=C2C(=C1)C(=NN=C2NC3=CC=C(C=C3)Cl)CC4=CC=NC=C4,346.8
151932,C1=CC=NC(=C1)C(=O)[O-].C1=CC=NC(=C1)C(=O)[O-].C1=CC=NC(=C1)C(=O)[O-].[Cr+3],418.3
152801,C1C2=C(C=CC(=C2)Cl)NC1=O,167.59
152932,C1CN(CCN1)C(C2=CC=C(C=C2)F)C3=CC=C(C=C3)F,288.33
152943,CN[C@@H]1CCC2=C(C1)C3=C(N2)C=CC(=C3)C(=O)N.C(CC(=O)O)C(=O)O.O,379.4
152951,C[C@@H]1CCN([C@H](C1)C(=O)O)C(=O)[C@H](CCCN=C(N)N)NS(=O)(=O)C2=CC=CC3=C2NC[C@@H](C3)C,508.6
153751,CC[C@]1(C[C@@H](C2=C(C3=C(C=C2[C@H]1C(=O)OC)C(=O)C4=C(C3=O)C(=CC=C4)O)O)O[C@H]5C[C@@H]([C@@H]([C@@H](O5)C)O[C@H]6C[C@@H]([C@@H]([C@@H](O6)C)O[C@H]7CCC(=O)[C@@H](O7)C)O)N(C)C)O.Cl,848.3
153909,CC1=NC(=NC(=N1)OC)N(C)C(=O)NS(=O)(=O)C2=CC=CC=C2C(=O)OC,395.4
153939,C1[C@H](C2=C(O1)C=C(C=C2)OCC3=CC=CC=C3)N(C(=O)N)O,300.31
153974,CCOC1=C(C=CC(=C1)C(C)(C)C)C2COC(=N2)C3=C(C=CC=C3F)F,359.4
153994,CCCC(=O)OCOC(=O)C1=C(NC(=C(C1C2=C(C(=CC=C2)Cl)Cl)C(=O)OC)C)C,456.3
153997,C1CN(CCN1C[C@H](COC2=CC=CC3=C2C=CC=N3)O)C4C5=CC=CC=C5[C@H]6[C@H](C6(F)F)C7=CC=CC=C47.Cl.Cl.Cl,637.0
154058,C1CN2CCC1[C@H](C2)OC(=O)N3CCC4=CC=CC=C4[C@@H]3C5=CC=CC=C5.Cl,398.9
154256,CC1=C(N(C2=C1C=C(C=C2)O)CC3=CC=C(C=C3)OCCN4CCCCCC4)C5=CC=C(C=C5)O.CC(=O)O,530.7
154413,CC1([C@@H]([C@H](C2=C(O1)C=C(C=C2)OC)C3=CC=C(C=C3)OCCN4CCCC4)C5=CC=CC=C5)C,457.6
154914,COC1=CC=CC2=C3C(=C(C=C21)[N+](=O)[O-])C(=CC4=C3OCO4)C(=O)[O-].[Na+],363.25
154915,CCO[Si](CCC1CCC2C(C1)O2)(OCC)OCC,288.45
155032,CC(C)(C)NCC(CSC1=NC(=CS1)C2=CC=C(S2)C(=O)N)O.Cl,408.0
155143,CCCCCCCCCC(=O)O[C@H]1CC[C@@H]2[C@@]1(CC[C@H]3[C@H]2CCC4=CC(=O)CC[C@]34C)C,442.7
155166,C1=C(C(=CC(=C1Br)Br)Br)OC2=CC(=C(C=C2Br)Br)Br,643.6
155290,CN1CCOC(C2=CC=CC=C2C1)C3=CC=CC=C3.Cl,289.8
155434,CC(=O)NCCCS(=O)(=O)[O-].CC(=O)NCCCS(=O)(=O)[O-].[Ca+2],400.5
155774,C1COCCN1C(=O)NCCNCC(COC2=CC=C(C=C2)O)O,339.39
155794,CC1=CN=C(C(=C1OC)C)CSC2=NC3=C(N2)C=C(C=C3)OC,329.4
156328,C1CN(CCC1CC2=CC=C(C=C2)F)CCS(=O)C3=CC4=C(C=C3)NC(=O)O4,402.5
156391,C[C@@H](C1=CC2=C(C=C1)C=C(C=C2)OC)C(=O)O,230.26
156395,C[C@H](C(=O)C1=CC=CC=C1)N.Cl,185.65
156414,C=CC(=O)NC1=C(C=C2C(=C1)C(=NC=N2)NC3=CC(=C(C=C3)F)Cl)OCCCN4CCOCC4,485.9
156418,C[C@H](C1=CC=CC2=CC=CC=C21)NCCCC3=CC(=CC=C3)C(F)(F)F.Cl,393.9
156422,CC1=CC=C(C=C1)N2C(=CC(=N2)C(C)(C)C)NC(=O)NC3=CC=C(C4=CC=CC=C43)OCCN5CCOCC5,527.7
157313,C1C2C3=CC=CC=C3CC4=CC=CC=C4N2C(=N1)N.Cl,285.77
157355,C([C@@H]1[C@@H]([C@@H]([C@H]([C@@H](O1)O[C@H]([C@@H](CO)O)[C@@H]([C@H](CO)O)O)O)O)O)O,344.31
157672,CN1CCC[C@@H]1C2=CN=CC=C2,162.23
157690,C[C@@H]1C2=C(CN1)C=C(C=C2)C3=C(C4=C(C=C3)C(=O)C(=CN4C5CC5)C(=O)O)OC(F)F.CS(=O)(=O)O.O,540.5
157882,CO[Si](CCCNCCC[Si](OC)(OC)OC)(OC)OC,341.55
157917,CC1=C(C(C(=C(N1)C)C(=O)OC(C)(C)CN(C)CCC(C2=CC=CC=C2)C3=CC=CC=C3)C4=CC(=CC=C4)[N+](=O)[O-])C(=O)OC.Cl,648.2
157920,CCCCC([C@]1(CC[C@H]2[C@H](O1)CC(=O)[C@@H]2CCCCCCC(=O)O)O)(F)F,390.5
157921,COC(=O)CCC(=O)CN.Cl,181.62
158076,CC(C)(C)[C@H]([C@@H](CC1=CC=C(C=C1)Cl)N2C=NC=N2)O,293.79
158404,[Cl-].[Cl-].[Ni+2],129.60
158629,C1=CC(=C(C(=C1C2=CC(=C(C(=C2)Br)Br)Br)Br)Br)Br,627.6
158793,C1=CC=C(C=C1)[C@H](CNCCOC2=CC=C(C=C2)CC(=O)O)O.Cl,351.8
159055,C[C@@]12CC[C@@H](C1(C)C)CC2=O,152.23
159271,CC1=NC(=C(O1)C2=CC(=C(C=C2)S(=O)(=O)N)F)C3CCCCC3,338.4
159278,C1=CC(=CC=C1CCO[C@H]2[C@@H]([C@H]([C@@H]([C@H](O2)CO)O)O)O)O,300.30
159678,O.O.O.O.O.O.O.O.O=[Zr].Cl.Cl,324.26
159747,C=CC(=O)[O-].C=CC(=O)[O-].[Zn+2],207.5
159924,CN.[N+](=O)(O)[O-],94.07
159977,CN1CCN(CC1)C2=NN=C3C(=C2)N(C4=CC=CC=C4O3)C,297.35
160024,C1[C@H](OC2=C([C@]13C(=O)NC(=O)N3)C=C(C=C2)F)C(=O)N,279.22
160138,C1CC2C3CC(C2C1CO)CC3CO,196.29
160157,C1=C(C(=CC(=C1O)O)O)CCN.Cl,205.64
160243,C[N+]1(CC(CC(=C(C2=CC=CS2)C3=CC=CS3)C1)OC)C.[Br-],400.4
160796,CC(CC1=CC=CC=C1)NCC2=CC=CC=C2Cl.Cl,296.2
161104,C1CCN(CC1)CCOC(C2=CC=CC=C2)C3=CC=C(C=C3)Cl.Cl,366.3
161236,C1=CC=C(C=C1)[P+](CCCCC(=O)O)(C2=CC=CC=C2)C3=CC=CC=C3.[Br-],443.3
161562,CCN(CC)CCC(=O)N1C2=CC=CC=C2SC3=C1C=C(C=C3)C(F)(F)F,394.5
161803,C1CN(CCN1CC2=CC3=C(C=C2)OCO3)C(=O)COC4=CC=C(C=C4)Cl.Cl,425.3
161929,CC(CC(=O)Cl)CC(C)(C)C,176.68
162012,CCO[Si](CCCSSSSCCC[Si](OCC)(OCC)OCC)(OCC)OCC,539.0
162071,C[N+](C)(C)CCOC(=O)C=C.[Cl-],193.67
162381,CC(=C[C@@H]1[C@H](C1(C)C)C(=O)OCC2=COC(=C2)CC3=CC=CC=C3)C,338.4
162461,CC1=C(C=CC(=C1)OC)NC2=CC=CC=C2,213.27
162839,C1=CC(=NC(=C1Cl)C(=O)O)Cl.C(CO)N,253.08
163263,C[C@]12CCCC([C@@H]1CC[C@@]([C@@H]2CC[C@](C)(C=C)O)(C)O)(C)C,308.5
163701,CCN(CC)C(=O)[C@@]1(C[C@@H]1CN)C2=CC=CC=C2.Cl,282.81
163727,C1=CC(=NC=C1Cl)C(=O)NCCN.Cl,236.10
163751,C1CNCCN(C1)S(=O)(=O)C2=CC=CC3=C2C=CN=C3.Cl,327.8
163934,C=COCC1CCC(CC1)CO,170.25
164072,CC1=NC2=C(CC3=C(O2)C=CC(=C3)C(C)C(=O)OCC(=O)N(C)C)C=C1,354.4
164282,CC1(CC(CC(N1)(C)C)OC(=O)CCCCCCCCC(=O)OC2CC(NC(C2)(C)C)(C)C)C,480.7
164333,CC(COC(C)(C)C)OCCCO,190.28
164457,CC1(OC[C@H](O1)COC(=O)CCC2=CC=C(C=C2)OC[C@H](CNCCNC(=O)N3CCOCC3)O)C.Cl,546.1
164486,C1=CN(C(=N1)[N+](=O)[O-])CO[C@@H](CO)[C@@H](CO)O,247.21
164512,CC1=CC(=C(C(=C1)C)C(=O)P(=O)(C2=CC=CC=C2)C(=O)C3=C(C=C(C=C3C)C)C)C,418.5
164652,CCNCC(C1=CC(=CC=C1)O)O.Cl,217.69
164739,C[C@@H]([C@@H](C1=CC(=C(C=C1)O)O)O)N,183.20
164877,CN=C1C=CC(=C(C2=CC=C(C=C2)N(C)C)C3=CC=C(C=C3)N(C)C)C=C1,357.5
165286,CNN.OS(=O)(=O)O,144.15
165457,CCOC1=CC2=C(C3=C(C=C(C=C3)N)N=C2C=C1)N.CC(C(=O)O)O.O,361.4
165675,C[C@H]1CC[C@@H]([C@H](C1)O)C(C)C,156.26
165746,CC(C)CCCCCOC(=O)C=C,184.27
166033,[Cl-].[Cl-].[Cl-].[Fe+3],162.20
166480,CC1=CC(=C(C(=C1)C)C(=O)P(=O)(C2=CC=CC=C2)C3=CC=CC=C3)C,348.4
166572,CC(C)C(=O)NC1=CC=CC(=C1)C2CN3CCSC3=N2,289.4
166589,CCCN[C@H]1CCC2=C(C1)SC(=N2)N.O.Cl.Cl,302.3
167180,C1CCN(CC1)CC(C2=NOC(=C2)C3=CC=CC=C3)O.C(C(=O)O)C(CC(=O)O)(C(=O)O)O,464.5
167980,CN1C(=CC(=O)N(C1=O)C)NCCCN2CCN(CC2)C3=CC=CC=C3OC.Cl,423.9
168088,CC[N+]1(CCCCC1)CCOC(=O)C(C2=CC=CC=C2)(C3=CC=CC=C3)O.[Br-],448.4
168870,CC(C)[C@H]1C(=O)N2CCC[C@H]2[C@]3(N1C(=O)[C@](O3)(C(C)C)NC(=O)[C@@H]4C[C@H]5[C@@H](CC6=CNC7=CC=CC5=C67)N(C4)C)O.CS(=O)(=O)O,659.8
168884,C[N+]1(CCCCC1)CC2COC(O2)(C3CCCCC3)C4=CC=CC=C4.[I-],471.4
169132,CC1(CC(CC(C1)(C)CN=C=O)N=C=O)C,222.28
169371,C1=CC(=CC=C1C(=O)N[C@@H](CCC(=O)O)C(=O)O)NCC2=CN=C3C(=N2)C(=NC(=N3)N)N,440.4
169664,[Cl-].[Cl-].[Cu+2],134.45
169743,CCN1CCC2=C(CC1)OC(=N2)N.Cl.Cl,254.15
169794,CC(C)CCCCCCCOC(=O)C1=CC(=C(C=C1)C(=O)OCCCCCCCC(C)C)C(=O)OCCCCCCCC(C)C,630.9
169870,CCCCCC(=O)O[C@@]1(CC[C@@H]2[C@@]1(CC[C@H]3[C@H]2CCC4=CC(=O)CC[C@]34C)C)C(=O)C,428.6
170249,C=CC1=CC=CC(=C1)CCl,152.62
170286,C=CC(=O)OCCN1C(=O)N(C(=O)N(C1=O)CCOC(=O)C=C)CCOC(=O)C=C,423.4
170344,CCC1=C(C(=CC=C1)CC)NC(=O)CN(CC(=O)O)CC(=O)O,322.36
170364,CC1=C(N=C(O1)C2=CC=CC=C2)CCOC3=CC=C(C=C3)C[C@@H](C(=O)O)NC4=CC=CC=C4C(=O)C5=CC=CC=C5,546.6
170530,CC1=NC2=C(C1(C)C)C3=CC=CC=C3C=C2,209.29
171018,COC(=O)C1=C(C=CC(=C1)Cl)[N+](=O)[O-],215.59
171144,CCCCCCCCCCCCC1=CC=CC=C1O,262.4
171257,C(CO)N.C(=O)O,107.11
171548,C1[C@H]2[C@@H]([C@@H](S1)CCCCC(=O)O)NC(=O)N2,244.31
171660,C1=CC=C2C=C3C(=CC2=C1)C(=NC3=N)N,195.22
171808,C[C@@]1(CO[C@@H]([C@@H]([C@H]1NC)O)O[C@H]2[C@@H](C[C@@H]([C@H]([C@@H]2O)O[C@@H]3[C@@H](CC[C@H](O3)CNC)N)N)N)O.OS(=O)(=O)O,561.7
172306,COC1=CC=CC2=C1[C@@H]3CN(C[C@@H]3CO2)CCCCN4C(=O)C5=C(C6=NC(=CN=C6S5)C7=CC=CC=C7)NC4=O.Cl,592.1
172717,CC(=C)C(=O)O[C@H]1C[C@@H]2CC[C@]1(C2(C)C)C,222.32
173058,CC(C)C1=CC2=CC[C@@H]3[C@@]([C@H]2CC1)(CCC[C@@]3(C)C(=O)OC)C,316.5
173604,C1=CC(=C(C=C1C=O)Br)F,203.01
173636,C=CCOC(CN1C=CN=C1)C2=C(C=C(C=C2)Cl)Cl.OS(=O)(=O)O,395.3
174174,CN1[C@@H]2CC[C@H]1CC(C2)OC(=O)C(CO)C3=CC=CC=C3,289.4
174223,CC1=C(C2=C(C=C1)N=C(S2)C3=CC=C(C=C3)N)S(=O)(=O)O,320.4
175468,C(CCCCCC(=O)O)CCCCCBr,279.21
175533,CCCCCCC[N+](CC)(CC)CCCCC1=CC=C(C=C1)Cl.CC1=CC=C(C=C1)S(=O)(=O)[O-],510.2
175804,CCCN1CCCC[C@H]1C(=O)NC2=C(C=CC=C2C)C.Cl,310.9
175854,C(/C=C/CO)O,88.11
175956,C=CC(=O)OCCOC(=O)CCC(=O)O,216.19
175967,CS(=O)(=O)C1=CC(=C(C=C1)C(=O)C2C(=O)CCCC2=O)[N+](=O)[O-],339.32
175989,C1C[C@H]([C@H](O[C@@H]1CN)O[C@@H]2[C@H](C[C@H]([C@@H]([C@H]2O)O[C@@H]3[C@@H]([C@H]([C@@H]([C@H](O3)CO)O)N)O)NC(=O)[C@H](CCN)O)N)N.OS(=O)(=O)O,650.7
176015,CN1CCN(CC1)C2=C(C=C3C4=C2SCCN4C=C(C3=O)C(=O)O)F.Cl,399.9
176163,CC(CC(C1=CC=CC=C1)(C2=CC=CC=C2)C(=O)N)N(C)C.OS(=O)(=O)O,394.5
176167,CN1C=C(C2=CC=CC=C21)C3=C(C(=O)NC3=O)C4=CN(C5=CC=CC=C54)C6CCN(CC6)CC7=CC=CC=N7,515.6
176870,COCCOC1=C(C=C2C(=C1)C(=NC=N2)NC3=CC=CC(=C3)C#C)OCCOC,393.4
176879,CC(C)OC(=O)NNC1=C(C=CC(=C1)C2=CC=CC=C2)OC,300.35
177236,COC1=CC(=NC(=N1)O[C@H](C(=O)O)C(C2=CC=CC=C2)(C3=CC=CC=C3)OC)OC,410.4
177843,CCCCCCCCCCCCCC[N+](C)(C)CC1=CC=CC=C1.O.O.[Cl-],404.1
177863,CCC(C)(C)C(=O)OC1=C(C(=O)OC12CCCCC2)C3=C(C=C(C=C3)Cl)Cl,411.3
178019,CC(C)C1=C(C=C(C=C1)C(=O)N=C(N)N)S(=O)(=O)C.CS(=O)(=O)O,379.5
178144,CC1=C(N(C2=C1C=C(C=C2)C(=O)OCCN(C)C)CCN(C)C)C,331.5
179336,C[C@@H]1CCC2[C@H]([C@H](O[C@H]3[C@@]24[C@H]1CC[C@](O3)(OO4)C)O)C,284.35
179651,C[C@@]12CC[C@H]3[C@]([C@@]14[C@H](O4)C(=O)O[C@H]2C5=COC=C5)(C(=O)C[C@@H]6[C@@]37COC(=O)C[C@@H]7OC6(C)C)C,470.5
180089,CCCCOC(=O)[C@@H](C)OC1=CC=C(C=C1)OC2=C(C=C(C=C2)C#N)F,357.4
180494,CC1=C2CC[C@@H](C(=O)N2C3=CC=CC=C13)CC4=C(NC=N4)C.Cl,329.8
180559,CC(C)NC[C@H](COC1=CC=C(C=C1)CC(=O)N)O,266.34
181518,[I-].[I-].[Hg+2],454.40
181978,C([C@@H]1[C@H]([C@@H]([C@H]([C@H](O1)O[C@@H]2[C@@H]([C@H]([C@@H]([C@H](O2)CO)O)O)O)O)O)O)O.O.O,378.33
182137,CN[C@@]1(CCCCC1=O)C2=CC=CC=C2Cl,237.72
182230,CC(=O)N[C@@H](CCC(=O)N)C(=O)O,188.18
182951,CCOC(=O)COC1=C(C=C(C(=C1)C2=NN(C(=C2Cl)OC(F)F)C)F)Cl,413.2
183559,C1=CC(=CC=C1C2=C(C(=C(N2)C(F)(F)F)Br)C#N)Cl,349.53
185457,C1=CC=C(C=C1)C(=O)SCC(=O)NCC(=O)NCC(=O)NCC(=O)O,367.4
185460,CCOCCN1C2=CC=CC=C2N=C1C3CCN(CC3)CCC4=CC=C(C=C4)C(C)(C)C(=O)O,463.6
185588,CC1=C(C=CC(=C1)Cl)O[C@H](C)C(=O)O,214.64
188304,CCNC(=O)[C@@H]1CCCN1C(=O)[C@H](CCCN=C(N)N)NC(=O)[C@H](CC(C)C)NC(=O)CNC(=O)[C@H](CC2=CC=C(C=C2)O)NC(=O)[C@H](CO)NC(=O)[C@H](CC3=CNC4=CC=CC=C43)NC(=O)[C@H](CC5=CN=CN5)NC(=O)[C@@H]6CCC(=O)N6,1153.3
189821,CC1=N[C@@]2([C@H](O1)C[C@@H]3[C@@]2(C[C@@H]([C@H]4[C@H]3CCC5=CC(=O)C=C[C@]45C)O)C)C(=O)COC(=O)C,441.5
192160,CC1=CC(=C2[C@H]3[C@H]4[C@](CC[C@@H]5C4(CCCC5(C)C)CO3)(OC2=C1)C)O,342.5
192197,CC[C@H](C1=CC=C(C=C1)O)[C@@H](CC)C2=CC=C(C=C2)O,270.4
193581,CCN.[N+](=O)(O)[O-],108.10
193943,CC(=O)C1=CC2=C(C=C1)OC([C@@H]([C@H]2NC(=O)C3=CC=C(C=C3)F)O)(C)C,357.4
193949,CC(C)OC(=O)C1=CC2=C(N1)C=CC=C2OCC(CNC(C)(C)C)O,348.4
194699,C1=CC(=CC=C1C(=O)CCl)OC2=CC=C(C=C2)C(=O)CCl,323.2
196639,CCOC(=O)C1=CC(=O)C2=C(O1)C=CC=C2OCC(COC3=CC=CC4=C3C(=O)C=C(O4)C(=O)OCC)OC(=O)[C@H](CCCCN)N,652.6
197006,CS(=O)(=O)C1=CC=C(C=C1)[C@H]([C@@H](COC(=O)CN)NC(=O)C(Cl)Cl)O.Cl,449.7
197059,CC[C@H]1C[C@@H]2C[C@@H]3[C@H]1N(C2)CCC4=C3NC5=C4C=C(C=C5)OC.Cl,346.9
197066,CN(C)CCN(CC1=CC=CC=C1)C2=CC=CC=N2.C(C(=O)O)C(CC(=O)O)(C(=O)O)O,447.5
197835,CN1CCC2=CC3=C(C=C2[C@@H]1[C@@H]4C5=C(C(=C(C=C5)OC)OC)C(=O)O4)OCO3,383.4
197861,C1CCN(CC1)CC2CCCCC2=O,195.30
197873,C1=CC(=CC2=NC3=C(C=CC(=C3)N)C=C21)N.Cl,245.71
197942,C1COCCN1[N+]2=NOC(=C2)N.[Cl-],206.63
198015,CC(CC1=CC(=CC=C1)C(F)(F)F)NCCOC(=O)C2=CC=CC=C2.Cl,387.8
198165,CC1=CC2=C(C[C@H]3[C@@H]4[C@]2(CCCC4)CCN3C)C=C1.OP(=O)(O)O,353.4
198212,CC(=O)C1=CC(=C(C=C1)O)C(=O)N,179.17
198231,CCC1=C2C(=CC=C1)C(=CN2)CCO,189.25
198695,C1CCN(CC1)C(=O)[C@H]2CCC(=O)N2,196.25
198707,C[C@H](CN1CCCC1)C(=O)C2=CC=C(C=C2)C(F)(F)F,285.30
200103,C1=CC2=C(C(=C1)Cl)SC=C2COC(CN3C=CN=C3)C4=C(C=C(C=C4)Cl)Cl.[N+](=O)(O)[O-],500.8
200391,C1CCC(CC1)(C2=CC=CC=C2)N.Cl,211.73
201412,COC1=C(C=C2C(=C1O)[C@H]3[C@@H]([C@H]([C@@H]([C@H](O3)CO)O)O)OC2=O)O.O,346.29
202477,CCCN1CCC[C@@H](C1)C2=CC(=CC=C2)O.Cl,255.78
202877,[N+](=O)([O-])[O-].[N+](=O)([O-])[O-].O.O.O.O.O.O.[Mg+2],256.41
205586,C1CCN[C@@H](C1)C2=CN=CC=C2,162.23
206044,CC1=C(N=C(O1)C2=CC=CC=C2)CCOC3=CC=C(C=C3)CN(CC(=O)O)C(=O)OC4=CC=C(C=C4)OC,516.5
206311,CC[C@H](C(C[C@@H](C)N(C)C)(C1=CC=CC=C1)C2=CC=CC=C2)O.Cl,347.9
207841,C1CCC(CC1)C(CCN2CCCC2)(C3=CC=CC=C3)O.Cl,323.9
208836,CC(C(C1=CC=CC=C1)O)N(C)CCOC(C2=CC=CC=C2)C3=CC=CC=C3,375.5
208898,CCCCC1=C(C2=C(O1)C=CC(=C2)NS(=O)(=O)C)C(=O)C3=CC=C(C=C3)OCCCN(CCCC)CCCC,556.8
208908,CS(=O)(=O)CCNCC1=CC=C(O1)C2=CC3=C(C=C2)N=CN=C3NC4=CC(=C(C=C4)OCC5=CC(=CC=C5)F)Cl,581.1
208916,CCC1=CC=C(C=C1)C2CCNCC2,189.30
208925,CCCCCC[C@@H](CCC)C(=O)O,186.29
208947,CC1=C2CC[C@@H](C(=O)N2C3=CC=CC=C13)CC4=C(NC=N4)C,293.4
208953,C1COCCN1C2=CC3=C(C=C2C(F)(F)F)NC(=O)C(=O)N3CP(=O)(O)O,409.25
210301,C[N+]1(CCCCC1)CC2COC(O2)(C3=CC=CC=C3)C4=CC=CC=C4.[I-],465.4
210320,CC(=O)N[C@@H](CC(=O)N[C@@H](CCC(=O)O)C(=O)O)C(=O)O,304.25
210326,CCC1=CC(=CC(=C1C2=C(N3CCOCCN3C2=O)OC(=O)C(C)(C)C)CC)C,400.5
213013,C1=CC=C(C(=C1)C2=CC=C(C=C2)Cl)NC(=O)C3=C(N=CC=C3)Cl,343.2
213021,CC(=NC#N)N(C)CC1=CN=C(C=C1)Cl,222.67
213031,CC1(CCCCC1)C(=O)NC2=C(C(=C(C=C2)O)Cl)Cl,302.2
213032,CC1(C(=O)N(C(=O)O1)NC2=CC=CC=C2)C3=CC=C(C=C3)OC4=CC=CC=C4,374.4
213037,C1COCCN1S(=O)(=O)C2=CC=C(C=C2)NC(=O)C3=C(C=CC(=C3)Cl)NS(=O)(=O)C4=CC=C(S4)Cl,576.5
213039,CC(C)CN(C[C@H]([C@H](CC1=CC=CC=C1)NC(=O)O[C@H]2CO[C@@H]3[C@H]2CCO3)O)S(=O)(=O)C4=CC=C(C=C4)N,547.7
214348,C1=CC=C(C(=C1)C2=NN(C(=N2)C3=CC=CC=C3O)C4=CC=C(C=C4)C(=O)O)O,373.4
214356,C1=CC(=C(C=C1F)F)C(CN2C=NC=N2)(CN3C=NC=N3)OP(=O)(O)O,386.25
216235,CC1=CC2=C(C=C1CC(=O)C3=C(C=CS3)S(=O)(=O)NC4=C(C(=NO4)C)Cl)OCO2,454.9
216237,CC1=CC=CC=C1C(=O)NC2=CC(=C(C=C2)C(=O)N3CCCC(C4=C3C=CC(=C4)Cl)O)C,448.9
216265,CC(C)C(=O)OCC1=CC(=CC=C1)OC(=O)[C@H]2C(S[C@H]3N2C(=O)[C@H]3NC(=O)CC4=CC=CC=C4)(C)C,510.6
216326,C1CC(=O)NC(=O)C1N2CC3=C(C2=O)C=CC=C3N,259.26
216385,CC1=CC(=O)OC2=C1C=CC(=C2)O[C@H]3[C@@H]([C@H]([C@@H](CS3)O)O)O,324.4
217048,CCN(CC)C1=CC(=C(C=C1)N=NC2=CC=C(C=C2)S(=O)(=O)N(C)C)S(=O)(=O)NCC[N+]3=CC=CC=C3.[Cl-],581.2
219024,CNC(=O)C1=CN(N=C1)C2=NC(=C3C(=N2)N(C=N3)[C@H]4[C@@H]([C@@H]([C@H](O4)CO)O)O)N,390.35
219050,C1CN(CC=C1C2=CC=CC=C2)CCCCC3=CNC4=C3C=C(C=C4)O,346.5
219078,CC(=O)N[C@H](COC)C(=O)NCC1=CC=CC=C1,250.29
219081,C1CN(CCN1CCC(=O)N2C3=CC=CC=C3SC4=C2C=C(C=C4)C(F)(F)F)CCO,451.5
220401,CN[C@H]1CCC2=CC(=C(C(=C2C3=CC=C(C(=O)C=C13)OC)OC)OC)OC,371.4
221071,C[C@H]1[C@@H]2CC[C@]3(C=CC(=O)C(=C3[C@H]2OC1=O)C)C,246.30
221260,CCC(C)(OOC(C)(C)C)OOC(C)(C)C,234.33
222284,CC[C@H](CC[C@@H](C)[C@H]1CC[C@@H]2[C@@]1(CC[C@H]3[C@H]2CC=C4[C@@]3(CC[C@@H](C4)O)C)C)C(C)C,414.7
222285,C([C@H]([C@H](CO)O)O)O,122.12
222464,CC1=CC(=C(C=C1)NC(=O)CC(=O)C)C,205.25
222536,CC(OC(=O)C)OC(=O)C,146.14
222757,C[C@]12CC[C@H]3[C@H]([C@@H]1CC[C@@H]2O)CCC4=C3C=CC(=C4)OC(=O)C5=CC=CC=C5,376.5
222786,C[C@]12CCC(=O)C=C1CC[C@@H]3[C@@H]2C(=O)C[C@]4([C@H]3CC[C@@]4(C(=O)CO)O)C,360.4
223368,C[C@]12CC[C@H]3C(=CCC4=C3C=CC(=C4)O)[C@@H]1CCC2=O,268.3
223866,CN(C)CCOC1=CC=CC=C1CC2=CC=CC=C2.C1=CC(=C(C=C1N)O)C(=O)O,408.5
224246,CC(=O)OCC(=O)[C@]1(CC[C@@H]2[C@@]1(C[C@@H]([C@]3([C@H]2CCC4=CC(=O)C=C[C@@]43C)F)O)C)O,420.5
228987,CC(CC1=CC=C(C=C1)C(C)(C)C)C=O,204.31
229295,CCCCCCC(=O)O[C@]1(CC[C@@H]2[C@@]1(CC[C@H]3[C@H]2CCC4=CC(=O)CC[C@H]34)C)C#C,410.6
229455,C[C@]12CC[C@H]3[C@H]([C@@H]1CC[C@@H]2OC(=O)CCC4=CC=CC=C4)CCC5=CC(=O)CC[C@H]35,406.6
230976,C1=CC2=C(C=C1[N+](=O)[O-])C(=O)OC2=O,193.11
231084,CC(C)CCC(=O)O[C@H]1CC[C@@H]2[C@@]1(CC[C@H]3[C@H]2CCC4=CC(=O)CC[C@]34C)C,386.6
232446,C1CCC(CC1)(C2=CC=C(C=C2)O)C3=CC=C(C=C3)O,268.3
234237,CCCCCCC(CCOC(=O)C)O,202.29
234310,CC(C)CC1=NN=C(S1)NS(=O)(=O)C2=CC=C(C=C2)OC,327.4
235414,C1CCCCCCCOC(=O)CCCCCC1,240.38
235905,C[C@]12CC[C@H]3[C@H]([C@@H]1CC[C@]2(CC=C)O)CCC4=CCCC[C@H]34,300.5
236702,C[C@@H]1C[C@H]2[C@@H]3CCC4=CC(=O)C=C[C@@]4([C@]3([C@H](C[C@@]2([C@]1(C(=O)COC(=O)C)O)C)O)F)C,434.5
237332,C1=C(OC(=C1)C=O)CO,126.11
240119,CC(C)CC(=O)OC(C)(CCC=C(C)C)C=C,238.37
241582,C1=CC(=CC=C1CC#N)Cl,151.59
243274,CCOC(=O)C(=C(C1=CC=CC=C1)C2=CC=CC=C2)C#N,277.3
243694,C1=CC=C(C=C1)C(=O)OCCCCCOC(=O)C2=CC=CC=C2,312.4
246598,C1=CC=C(C(=C1)C(=C(Cl)Cl)C2=CC=C(C=C2)Cl)Cl,318.0
246724,COC1=CC(=C(C=C1)OC)Cl,172.61
246728,CCCCCC(=O)CC,128.21
247839,C[C@H]1C[C@H]2[C@@H]3CC[C@@H]([C@]3(C[C@@H]([C@@H]2[C@@]4(C1=CC(=O)CC4)C)O)C)C(=O)C,344.5
248271,CCCCCCC(=O)O[C@H]1CC[C@@H]2[C@@]1(CC[C@H]3[C@H]2CC[C@@H]4[C@@]3(C(=CC(=O)C4)C)C)C,414.6
249494,CC(CCCC(C)(C)O)CCO,174.28
250096,C/C=C(\C)/C(=O)OCC1=CC=CC=C1,190.24
250948,CC1=C[C@@H]2[C@H](CC[C@]3([C@H]2CC(=C)[C@@]3(C(=O)C)OC(=O)C)C)[C@@]4(C1=CC(=O)CC4)C,396.5
251636,C[C@@H]1CC2=CC(=O)CC[C@@H]2[C@@H]3[C@@H]1[C@@H]4CC[C@]([C@]4(CC3)C)(C)O,302.5
253881,[Na+].[Br-],102.89
256687,COC(=O)C1=CC=C(C=C1)CBr,229.07
259329,C[C@]12CC[C@H]3[C@H]([C@@H]1CC[C@@H]2OP(=O)(O)O)CCC4=C3C=CC(=C4)OC(=O)N(CCCl)CCCl,520.4
259331,C[C@]12CC[C@H]3[C@H]([C@@H]1CC[C@@H]2O)CCC4=C3C=CC(=C4)OC(=O)N(CCCl)CCCl,440.4
259381,CCC(=O)N(C1CCNCC1)C2=CC=CC=C2,232.32
261491,C[C@@H]1[C@H]2C[C@]2(CC1=O)C(C)C,152.23
261501,CCOC(=O)C1=CC(=CC=C1)N.CS(=O)(=O)O,261.30
261668,C1=CC=C(C=C1)C(=O)OCCCCCCOC(=O)C2=CC=CC=C2,326.4
264852,CC1=CC=C(C=C1)C(C)(C)C2=CC=C(C=C2)C,224.34
264891,CCN(CC)CCC1=NC(=NO1)C2=CC=CC=C2.C(C(=O)O)C(CC(=O)O)(C(=O)O)O,437.4
267210,COC(=O)C1(C2=CC=CC=C2C3=CC=CC=C31)O,240.25
275196,CN1CCC2=CC3=C(C(=C2[C@@H]1[C@@H]4C5=C(C(=C(C=C5)OC)OC)C(=O)O4)OC)OCO3,413.4
283654,CC1C2C(=O)C3(CCC2(C3CC1=O)C)C(C)C(=O)O,264.32
284314,CC1=CC=C(C=C1)S(=O)(=O)O.CS(=O)(=O)OCCCNCCCOS(=O)(=O)C,461.6
285097,CCCCCCC1(CCC(=O)O1)C,184.27
288216,C1C[C@@H](OC1)N2C=C(C(=O)NC2=O)F,200.17
294641,C1[C@H](ON=C1Cl)[C@@H](C(=O)O)N,178.57
298107,CN(C)CCOC1=CC=CC=C1CC2=CC=CC=C2.C(C(=O)O)C(CC(=O)O)(C(=O)O)O,447.5
298391,CC1=CC=C(C=C1)S(=O)(=O)O.C1CCC2=C(C1)C=CC=C2NC3=NCCN3,387.5
299728,C1=CC=C(C=C1)[Bi](C2=CC=CC=C2)(C3=CC=CC=C3)(Cl)Cl,511.2
312440,CC(C)(C)NC(=O)OC1=CC=CC(=C1)NC(=O)N(C)C,279.33
312915,CCN(CC)CCOC(=O)C(CC1CCCO1)CC2=CC=CC3=CC=CC=C32.C(=O)(C(=O)O)O,473.6
320930,C1C2=CC(=C(C=C2[C@@H]3[C@]1(COC4=C3C=CC(=C4O)O)O)O)O,302.28
325003,C1=CC(=C(C=C1C(CNCCCCCCNCC(C2=CC(=C(C=C2)O)O)O)O)O)O.OS(=O)(=O)O,518.6
329983,CC1CCC2=C(C1)OC=C2C,150.22
337359,C1COC2=C([C@]13C(=O)NC(=O)N3)C=C(C=C2)F,236.20
338733,CC(C)CCCCCCC1=CC=C(C=C1)O,220.35
352309,CCCCCCCCCCCCN(CCO)CCO,273.45
357904,CC1=C(C(C(=C(N1)C)C(=O)OCCCN2CCC(CC2)(C3=CC=CC=C3)C4=CC=CC=C4)C5=CC(=CC=C5)[N+](=O)[O-])C(=O)OC.Cl,646.2
369976,CC(=CC[C@@H]1[C@@](O1)(C)[C@H]2[C@@H]([C@@H](CC[C@]23CO3)OC(=O)NC(=O)CCl)OC)C,401.9
387179,C1=CC(=C(C=C1O)C=O)Br,201.02
387447,B([C@H](CC(C)C)NC(=O)[C@H](CC1=CC=CC=C1)NC(=O)C2=NC=CN=C2)(O)O,384.2
392622,CC(C)C1=NC(=CS1)CN(C)C(=O)N[C@@H](C(C)C)C(=O)N[C@@H](CC2=CC=CC=C2)C[C@@H]([C@H](CC3=CC=CC=C3)NC(=O)OCC4=CN=CS4)O,720.9
400769,C[C@@]12CC[C@]3(CCC(C[C@H]3[C@H]1C(=O)C=C4[C@]2(CC[C@@H]5[C@@]4(C=C(C(=O)C5(C)C)C#N)C)C)(C)C)C(=O)OC,505.7
406563,CC1=CC=C(C=C1)S(=O)(=O)O.CNC(=O)C1=NC=CC(=C1)OC2=CC=C(C=C2)NC(=O)NC3=CC(=C(C=C3)Cl)C(F)(F)F,637.0
408285,C1COCCN1CCN,130.19
409301,C[Hg]Cl,251.08
410467,C1=CC=C(C=C1)NCCCO,151.21
415628,C1CN(CCN1)C2=CC=CC=C2Cl,196.67
426756,C1CC(C1)(C(=O)O)C(=O)O.[NH2-].[NH2-].[Pt+2],371.25
439240,C1[C@H]([C@@H]([C@@H](C(O1)O)O)O)O,150.13
439250,CC1=CC[C@H](CC1)C(=C)C,136.23
439260,C1=CC(=C(C=C1[C@H](CN)O)O)O,169.18
439280,C1=CC2=C(C=C1O)C(=CN2)C[C@@H](C(=O)O)N,220.22
439318,C1[C@@H]([C@H]([C@@H]([C@H]([C@@H]1N)O[C@@H]2[C@@H]([C@H]([C@@H]([C@H](O2)CO)O)N)O)O)O[C@@H]3[C@@H]([C@H]([C@@H]([C@H](O3)CN)O)O)N)N,483.5
439501,C[C@H]1[C@@H]([C@H]([C@H]([C@@H](O1)O[C@H]2C[C@H]([C@@]3([C@@H]4[C@@H](CC[C@@]3(C2)O)[C@]5(CC[C@@H]([C@]5(C[C@H]4O)C)C6=CC(=O)OC6)O)CO)O)O)O)O,584.7
439524,CC(C)C[C@H](C(=O)O)N,131.17
439570,CC1=CC[C@H](CC1=O)C(=C)C,150.22
439693,C1[C@@H]([C@H](O[C@H]1N2C=NC3=C2NC=NC[C@H]3O)CO)O,268.27
440707,C[C@]12CCC(=O)C=C1CC[C@@H]3[C@@H]2CC[C@]4([C@H]3CC[C@@]4(C(=O)CO)O)C,346.5
440917,CC1=CC[C@@H](CC1)C(=C)C,136.23
440936,C1=CC(=CC=C1O)O[C@H]2[C@@H]([C@H]([C@@H]([C@H](O2)CO)O)O)O,272.25
440966,CC1([C@H]2CC[C@H](C2)C1=C)C,136.23
440967,CC1([C@H]2CCC(=C)[C@@H]1C2)C,136.23
440968,CC1=CC[C@H]2C[C@@H]1C2(C)C,136.23
441071,C1CN2CC3=CCO[C@H]4CC(=O)N5[C@H]6[C@H]4[C@H]3C[C@H]2[C@@]61C7=CC=CC=C75,334.4
441074,COC1=CC2=C(C=CN=C2C=C1)[C@@H]([C@H]3C[C@@H]4CCN3C[C@@H]4C=C)O,324.4
441080,CC[C@H]1[C@@H]2C[C@H]3[C@H]4[C@@]5(C[C@@H](C2[C@H]5O)N3[C@@H]1O)C6=CC=CC=C6N4C,326.4
441082,C[C@H]1[C@H]2CC[C@@H]3[C@@]2(CC[C@H]4[C@H]3CC=C5[C@@]4(CC[C@@H](C5)N(C)C)C)CN1C,356.6
441130,C[C@@H]1[C@@H]2[C@H](C(=O)N2C(=C1S[C@H]3C[C@H](NC3)C(=O)N(C)C)C(=O)O)[C@@H](C)O,383.5
441140,C[C@@H]1CC(=O)C=C([C@]12C(=O)C3=C(O2)C(=C(C=C3OC)OC)Cl)OC,352.8
441199,CO[C@@]1([C@@H]2N(C1=O)C(=C(CS2)COC(=O)N)C(=O)O)NC(=O)CC3=CC=CS3,427.5
441207,C[C@@H]1[C@H]([C@H](C[C@@H](O1)O[C@@H]2[C@H](O[C@H](C[C@@H]2O)O[C@@H]3[C@H](O[C@H](C[C@@H]3O)O[C@H]4CC[C@]5([C@@H](C4)CC[C@@H]6[C@@H]5CC[C@]7([C@@]6(CC[C@@H]7C8=CC(=O)OC8)O)C)C)C)C)O)O,764.9
441242,CN1C(=NN=N1)SCC2=C(N3[C@@H]([C@@](C3=O)(NC(=O)C(C4=CC=C(C=C4)O)C(=O)[O-])OC)OC2)C(=O)[O-].[Na+].[Na+],564.4
441244,C1=CN=C(N=C1)[N-]S(=O)(=O)C2=CC=C(C=C2)N.[Ag+],357.14
441307,CCCC(=O)NC1=CC(=C(C=C1)OCC(CNC(C)C)O)C(=O)C.Cl,372.9
441308,CC(C)NCC(COC1=CC=C(C=C1)CCOC)O.CC(C)NCC(COC1=CC=C(C=C1)CCOC)O.[C@@H]([C@H](C(=O)O)O)(C(=O)O)O,684.8
441313,CCC[C@@H](C(=O)OCC)N[C@@H](C)C(=O)N1[C@H]2CCCC[C@H]2C[C@H]1C(=O)O.CC(C)(C)N,441.6
441314,C1[C@@H]([C@H]([C@@H]([C@H](N1CCO)CO)O)O)O,207.22
441325,CCCCC1=C(C2=CC=CC=C2O1)C(=O)C3=CC(=C(C(=C3)I)OCCN(CC)CC)I.Cl,681.8
441328,CC(=O)OCC1=C(N2[C@@H]([C@@H](C2=O)N)SC1)C(=O)O,272.28
441333,CC(C)NCC(C1=CC(=CC(=C1)O)O)O.CC(C)NCC(C1=CC(=CC(=C1)O)O)O.OS(=O)(=O)O,520.6
441334,CC(C)(C)NCC(C1=CC(=CC(=C1)O)O)O.CC(C)(C)NCC(C1=CC(=CC(=C1)O)O)O.OS(=O)(=O)O,548.6
441336,C[C@@H]1C[C@H]2[C@@H]3CCC4=CC(=O)C=C[C@@]4([C@]3([C@H](C[C@@]2([C@]1(C(=O)CCl)OC(=O)C5=CC=CO5)C)O)Cl)C,521.4
441345,CC1=C(OC2=C(C1=O)C=CC=C2C(=O)OCCN3CCCCC3)C4=CC=CC=C4.Cl,427.9
441348,CCN(CC)CCOC(=O)C1=C(C=C(C=C1)N)Cl.Cl,307.21
441350,C[C@](CC1=CC=C(C=C1)O)(C(=O)O)N,195.21
441351,CC(=O)O[C@H]1[C@H](C[C@@H]2[C@@]1(CC[C@H]3[C@H]2CC[C@@H]4[C@@]3(C[C@@H]([C@H](C4)O)N5CCOCC5)C)C)[N+]6(CCCC6)CC=C.[Br-],609.7
441358,CNCCC=C1C2=CC=CC=C2CCC3=CC=CC=C31.Cl,299.8
441361,C(CC(C(F)F)(C(=O)O)N)CN.O.Cl,236.64
441371,CCCCCCCCCCCCOS(=O)(=O)O.CC[C@@H]1[C@@]([C@@H]([C@H](C(=O)[C@@H](C[C@@]([C@@H]([C@H]([C@@H]([C@H](C(=O)O1)C)O[C@H]2C[C@@]([C@H]([C@@H](O2)C)O)(C)OC)C)O[C@H]3[C@@H]([C@H](C[C@H](O3)C)N(C)C)OC(=O)CC)(C)O)C)C)O)(C)O,1056.4
441374,C1[C@H]([C@@H]([C@H]([C@@H]([C@H]1N)O[C@@H]2[C@@H]([C@H]([C@@H]([C@H](O2)CN)O)O)O)O)O[C@@H]3[C@@H]([C@H]([C@@H]([C@H](O3)CO)O)N)O)N.OS(=O)(=O)O,582.6
441375,C1[C@H]([C@@H]([C@H]([C@@H]([C@H]1N)O[C@@H]2[C@@H]([C@H]([C@@H]([C@H](O2)CO)O)O)N)O[C@H]3[C@@H]([C@@H]([C@H](O3)CO)O[C@@H]4[C@@H]([C@H]([C@@H]([C@@H](O4)CN)O)O)N)O)O)N.OS(=O)(=O)O,713.7
441383,CC(C)N1CCN(CC1)C2=CC=C(C=C2)OC[C@H]3CO[C@](O3)(CN4C=NC=N4)C5=C(C=C(C=C5)Cl)Cl,532.5
441398,CCOC(=O)OC(C)OC(=O)[C@H]1C(S[C@H]2N1C(=O)[C@H]2NC(=O)[C@@H](C3=CC=CC=C3)N)(C)C.Cl,502.0
441401,CC(=O)NC[C@H]1CN(C(=O)O1)C2=CC(=C(C=C2)N3CCOCC3)F,337.35
441406,C[C@]12CCC(=O)C=C1CC[C@@H]3[C@@H]2[C@H](C[C@]4([C@H]3CC[C@@]4(C(=O)COP(=O)([O-])[O-])O)C)O.[Na+].[Na+],486.4
441412,CCCOC(C1=CC=CC=C1)(C2=CC=CC=C2)C(=O)OC3CCN(CC3)C.Cl,403.9
442021,COC1=C(C=C2C(=C1)[C@]34CCN5[C@H]3C[C@@H]6[C@@H]7[C@@H]4N2C(=O)C[C@@H]7OCC=C6C5)OC,394.5
442291,C[C@@]12[C@H]3[C@H]4[C@H]([C@@H]([C@@]1(C[C@@H]5[C@]2(O5)C(=O)O3)O)C(=O)O4)C(C)(C)O,310.30
442343,CC1=CC[C@H](CC1)[C@](C)(CCC=C(C)C)O,222.37
442460,CC(=O)O[C@@H]1CC2CCC1(C2(C)C)C,196.29
442482,CC1=CC[C@@H](C=C1)C(C)C,136.23
442495,C[C@@H]1CCC(=C(C)C)C(=O)C1,152.23
442872,C1CCN2[C@H](C1)[C@]34C[C@H]2C=CC3=CC(=O)O4,217.26
442972,C[C@H]1C[C@@H]2[C@H]([C@H]([C@]3(O2)CC[C@H]4[C@@H]5CC=C6C[C@H](CC[C@@]6([C@H]5CC4=C3C)C)O)C)NC1,411.6
443048,CCCCCOC(=O)COC1=C(C=C(C(=C1)N2C(=O)C3=C(C2=O)CCCC3)F)Cl,423.9
443101,C[N+]1=C2C=C(C=CC2=CC3=C1C=C(C=C3)N)N.C1=CC(=CC2=NC3=C(C=CC(=C3)N)C=C21)N.[Cl-],469.0
443130,COC(CNC(=O)C1=CC=CC=C1OCC(=O)O)C[Hg].O,484.88
443157,C[C@@H](CCC=C(C)C)CC=O,154.25
443162,CC1=CC[C@H](CC1)C(C)(C)O,154.25
443311,CN(C)C1=NC=NC2=C1N=CN2[C@H]3[C@@H]([C@@H]([C@H](O3)CO)NC(=O)[C@H](CC4=CC=C(C=C4)OC)N)O.Cl.Cl,544.4
443375,CN1C2=CC=CC=C2C(=N[C@@H](C1=O)NC(=O)C3=CC4=CC=CC=C4N3)C5=CC=CC=C5,408.5
443382,CCCCCCCCCCCCCCCC(=O)OC[C@H]([C@@H](C1=CC=C(C=C1)[N+](=O)[O-])O)NC(=O)C(Cl)Cl,561.5
443385,CCC[C@@H]1C[C@H](N(C1)C)C(=O)N[C@@H]([C@@H]2[C@@H]([C@@H]([C@H]([C@H](O2)SC)OP(=O)(O)O)O)O)[C@H](C)Cl,505.0
443403,C1CN[C@H]2CC3=C4[C@@]15[C@H]2C=C[C@@H]([C@@H]5OC4=C(C=C3)O)O,271.31
443753,CC(C)(CO)[C@H](C(=O)NCCC(=O)[O-])O.CC(C)(CO)[C@H](C(=O)NCCC(=O)[O-])O.[Ca+2],476.5
443755,C1=CC=C2C(=C1)C(=O)[N-]S2(=O)=O.O.[Na+],223.18
443831,C[C@H]1[C@H]([C@H](C[C@@H](O1)O[C@H]2C[C@@](CC3=C2C(=C4C(=C3O)C(=O)C5=C(C4=O)C(=CC=C5)O)O)(C(=O)C)O)N)O,513.5
443866,CC1=CC=CN2C1=NC=C(C2=O)C3=NN=N[N-]3.[K+],266.30
443867,CC(C)(C)C1=CC=C(C=C1)CN(C)CC2=CC=CC3=CC=CC=C32.Cl,353.9
443868,CC1=C([C@@H](C(=C(N1)C)C(=O)O[C@H]2CCN(C2)CC3=CC=CC=C3)C4=CC(=CC=C4)[N+](=O)[O-])C(=O)OC.Cl,528.0
443872,C[C@]12CCC(=O)C=C1C[C@H]([C@@H]3[C@]24[C@H](O4)C[C@]5([C@H]3CC[C@@]56CCC(=O)O6)C)C(=O)OC,414.5
443873,CCOC(=O)[C@H](CCC1=CC=CC=C1)N[C@H]2CS[C@@H](CN(C2=O)CC(=O)O)C3=CC=CS3.Cl,513.1
443879,CC1=CC(=C(C=C1)O)[C@H](CCN(C(C)C)C(C)C)C2=CC=CC=C2,325.5
443884,C[C@@H](CO)NC(=O)[C@H]1CN([C@@H]2CC3=CNC4=CC=CC(=C34)C2=C1)C,325.4
443928,C[C@@H]1C[C@H]2[C@@H]3C[C@@H](C4=CC(=O)C=C[C@@]4([C@H]3[C@H](C[C@@]2([C@]1(C(=O)COC(=O)C)O)C)O)C)F,434.5
443935,C[C@]12CC[C@H]3[C@H]([C@@H]1CC[C@@H]2O)CC[C@@H]4[C@@]3(C[C@@H]5[C@H](C4)S5)C,306.5
443936,CCCC(=O)O[C@@]1(CC[C@@H]2[C@@]1(C[C@@H]([C@]3([C@H]2C[C@@H](C4=CC(=O)C=C[C@@]43C)F)F)O)C)C(=O)COC(=O)C,508.5
443939,C[C@H]1[C@H]([C@H](C[C@@H](O1)O[C@H]2C[C@@](CC3=C2C(=C4C(=C3O)C(=O)C5=C(C4=O)C(=CC=C5)OC)O)(C(=O)CO)O)N)O.Cl,580.0
443942,CC1=C(OC2=C(C1=O)C=CC(=C2CN(C)C)OC)C3=CC=CC=C3.Cl,359.8
443943,C[C@]12CCC(=O)C=C1CC[C@@H]3[C@@]2([C@H](C[C@]4([C@H]3C[C@@H]5[C@]4(OC(O5)(C)C)C(=O)CCl)C)O)F,455.0
443944,CC(=O)NC1=C(C(=C(C(=C1I)C(=O)N[C@@H]2[C@H]([C@@H]([C@H](OC2O)CO)O)O)I)N(C)C(=O)C)I,789.1
443945,CN1C2=CC=CC=C2C(=O)N(C3=CC=CC=C31)CCN(C)C.Cl,331.8
443946,C[C@@H]1[C@H]([C@H](C[C@@H](O1)O[C@@H]2[C@H](O[C@H](C[C@@H]2O)O[C@@H]3[C@H](O[C@H](C[C@@H]3O)O[C@H]4CC[C@]5([C@@H](C4)CC[C@@H]6[C@@H]5C[C@H]([C@]7([C@@]6(CC[C@@H]7C8=CC(=O)OC8)O)C)O)C)C)C)O)OC,795.0
443947,CC[C@H]1C[C@H]2[C@@H]3CCC4=CC(=O)CC[C@@H]4[C@H]3CC[C@@]2([C@H]1O)C,302.5
443949,C1CN(CCN1CCO)C(=O)CN2C3=C(C=CC(=C3)Cl)SC2=O.Cl,392.3
443951,CCN(CC)C(=O)N[C@H]1C[C@H]2[C@@H](CC3=CNC4=CC=CC2=C34)N(C1)C,340.5
443953,CC[C@@H]1[C@@]([C@@H]([C@H](C(=O)[C@@H](C[C@@]([C@@H]([C@H]([C@@H]([C@H](C(=O)O1)C)O[C@H]2C[C@@]([C@H]([C@@H](O2)C)O)(C)OC)C)O[C@H]3[C@@H]([C@H](C[C@H](O3)C)N(C)C)OC(=O)CCC(=O)OCC)(C)O)C)C)O)(C)O,862.1
443955,CC[C@@]12CCCN3[C@@H]1C4=C(CC3)C5=CC=CC=C5N4C(=C2)C(=O)OCC,350.5
443958,CC(=O)OCC(=O)[C@@]12[C@@H](C[C@@H]3[C@@]1(C[C@@H]([C@]4([C@H]3CCC5=CC(=O)C=C[C@@]54C)F)O)C)OC6(O2)CCCC6,502.6
443970,CN(C)[C@H](CC1=CC=CC=C1)C2=CC=CC=C2,225.33
443984,CC1([C@@H](N2[C@H](S1)[C@@H](C2=O)NC(=O)C(C3=CC=CC=C3)S(=O)(=O)[O-])C(=O)[O-])C.[Na+].[Na+],458.4
444000,C[C@]12CC[C@H]3[C@H]([C@@H]1CC[C@@H]2OP(=O)([O-])[O-])CCC4=C3C=CC(=C4)OC(=O)N(CCCl)CCCl.[Na+].[Na+],564.3
444005,CN(C)CC(COC1=CC=CC=C1CCC2=CC(=CC=C2)OC)OC(=O)CCC(=O)O.Cl,466.0
444008,C[C@@H]1CC2=C(CCC(=O)C2)[C@@H]3[C@@H]1[C@@H]4CC[C@]([C@]4(CC3)C)(C#C)O,312.4
444020,C1[C@@H]([C@@H]([C@H]([C@@H]([C@]1(CO)O)O)O)O)NC(CO)CO,267.28
444021,CC1=CC=C(C=C1)S(=O)(=O)O.CC1([C@@H](N2[C@H](S1)[C@@H](C2=O)NC(=O)[C@@H](C3=CC=CC=C3)N)C(=O)OCOC(=O)[C@H]4C(S(=O)(=O)[C@H]5N4C(=O)C5)(C)C)C,766.9
444025,CCOC(=O)O[C@@]1(CC[C@@H]2[C@@]1(C[C@@H]([C@H]3[C@H]2CCC4=CC(=O)C=C[C@]34C)O)C)C(=O)OCCl,466.9
444030,C1CN(C[C@@H]1C(C2=CC=CC=C2)(C3=CC=CC=C3)C(=O)N)CCC4=CC5=C(C=C4)OCC5.Br,507.5
444036,CCC(=O)O[C@@]1([C@@H](C[C@@H]2[C@@]1(C[C@@H]([C@]3([C@H]2C[C@@H](C4=CC(=O)C=C[C@@]43C)F)F)O)C)C)C(=O)SCF,500.6
444041,C([C@@H]1[C@@H]2[C@@H]([C@H]([C@H](O1)O[C@@H]3[C@H](O[C@@H]([C@@H]([C@H]3O)O)O[C@@H]4[C@H](O[C@@H]([C@@H]([C@H]4O)O)O[C@@H]5[C@H](O[C@@H]([C@@H]([C@H]5O)O)O[C@@H]6[C@H](O[C@@H]([C@@H]([C@H]6O)O)O[C@@H]7[C@H](O[C@@H]([C@@H]([C@H]7O)O)O[C@@H]8[C@H](O[C@H](O2)[C@@H]([C@H]8O)O)CO)CO)CO)CO)CO)CO)O)O)O,1135.0
444212,C(/C(=C\C(=O)O)/C(=O)O)C(=O)O,174.11
444254,C[C@@H]1[C@H]([C@@H]([C@H]([C@H](O1)O[C@@H]2[C@H](O[C@@H]([C@@H]([C@H]2O)O)O[C@@H]3[C@H](O[C@H]([C@@H]([C@H]3O)O)O)CO)CO)O)O)N[C@H]4C=C([C@H]([C@@H]([C@H]4O)O)O)CO,645.6
444266,C(=C\C(=O)O)\C(=O)O,116.07
444294,C[C@]12CC[C@H](C1(C)C)CC2=O,152.23
444305,[C@@H]([C@H](C(=O)O)O)(C(=O)O)O,150.09
444539,C1=CC=C(C=C1)/C=C/C(=O)O,148.16
444795,CC1=C(C(CCC1)(C)C)/C=C/C(=C/C=C/C(=C/C(=O)O)/C)/C,300.4
444913,C([C@@H]1[C@@H]2[C@@H]([C@H]([C@H](O1)O[C@@H]3[C@H](O[C@@H]([C@@H]([C@H]3O)O)O[C@@H]4[C@H](O[C@@H]([C@@H]([C@H]4O)O)O[C@@H]5[C@H](O[C@@H]([C@@H]([C@H]5O)O)O[C@@H]6[C@H](O[C@@H]([C@@H]([C@H]6O)O)O[C@@H]7[C@H](O[C@H](O2)[C@@H]([C@H]7O)O)CO)CO)CO)CO)CO)O)O)O,972.8
444972,C(=C/C(=O)O)\C(=O)O,116.07
445070,CC(=CCC/C(=C/CC/C(=C/CO)/C)/C)C,222.37
445154,C1=CC(=CC=C1/C=C/C2=CC(=CC(=C2)O)O)O,228.24
445354,CC1=C(C(CCC1)(C)C)/C=C/C(=C/C=C/C(=C/CO)/C)/C,286.5
445580,CC/C=C\C/C=C\C/C=C\C/C=C\C/C=C\C/C=C\CCC(=O)O,328.5
445638,CCCCCC/C=C\CCCCCCCC(=O)O,254.41
445639,CCCCCCCC/C=C\CCCCCCCC(=O)O,282.5
445643,C[C@@H]1C[C@@H]([C@@H]2[C@H](C[C@H]([C@@](O2)(C(=O)C(=O)N3CCCC[C@H]3C(=O)O[C@@H]([C@@H]([C@H](CC(=O)[C@@H](/C=C(/C1)\C)CC=C)O)C)/C(=C/[C@@H]4CC[C@H]([C@@H](C4)OC)O)/C)O)C)OC)OC,804.0
446155,CC(C)N1C2=CC=CC=C2C(=C1/C=C/[C@H](C[C@H](CC(=O)O)O)O)C3=CC=C(C=C3)F,411.5
446284,CC/C=C\C/C=C\C/C=C\C/C=C\C/C=C\CCCC(=O)O,302.5
446541,CC1=C2COC(=O)C2=C(C(=C1OC)C/C=C(\C)/CCC(=O)O)O,320.3
446596,C[C@H]([C@H]1[C@@H](O1)C[C@H]2CO[C@H]([C@@H]([C@@H]2O)O)C/C(=C/C(=O)OCCCCCCCCC(=O)O)/C)[C@H](C)O,500.6
446727,C1[C@@H]([C@H](O[C@H]1N2C=C(C(=O)NC2=O)/C=C/Br)CO)O,333.13
446925,CC(=CCC/C(=C/C=C/C(=C/C=C/C(=C/C=C/C=C(/C=C/C=C(/C=C/C=C(/CCC=C(C)C)\C)\C)\C)/C)/C)/C)C,536.9
447043,CC[C@@H]1[C@@]([C@@H]([C@H](N(C[C@@H](C[C@@]([C@@H]([C@H]([C@@H]([C@H](C(=O)O1)C)O[C@H]2C[C@@]([C@H]([C@@H](O2)C)O)(C)OC)C)O[C@H]3[C@@H]([C@H](C[C@H](O3)C)N(C)C)O)(C)O)C)C)C)O)(C)O,749.0
447466,C/C=C/C=O,70.09
448013,C[C@H]1CCC[C@@]2([C@@H](O2)C[C@H](OC(=O)C[C@@H](C(C(=O)[C@@H]([C@H]1O)C)(C)C)O)/C(=C/C3=CSC(=N3)C)/C)C,507.7
448223,CN1[C@H]2CC[C@@H]1[C@H]([C@H](C2)OC(=O)C3=CC=CC=C3)C(=O)O,289.33
448537,CC/C(=C(/CC)\C1=CC=C(C=C1)O)/C2=CC=C(C=C2)O,268.3
448812,C1C[C@H]2C(=O)N[C@@H](CSSCCC(=O)N[C@H](C(=O)NCC(=O)N[C@H](C(=O)N[C@H](C(=O)N2C1)CC3=CNC4=CC=CC=C43)CC(=O)O)CCCCN=C(N)N)C(=O)N,832.0
449171,CC1=C(C(CCC1)(C)C)/C=C/C(=C\C=C\C(=C\C(=O)O)\C)/C,300.4
449293,CN1[C@@H]2CC[C@H]1CC(C2)O,141.21
449459,CC/C(=C(\C1=CC=C(C=C1)O)/C2=CC=C(C=C2)OCCN(C)C)/C3=CC=CC=C3,387.5
451417,CC(C)[C@@H](C(=O)N[C@@H](CC1=CC=C(C=C1)O)C(=O)O)NC(=O)[C@H](CC(=O)O)NC(=O)[C@H](CCCCN)NC(=O)[C@H](CCCN=C(N)N)N,679.8
451668,C1[C@@H]([C@H](O[C@H]1N2C=NC(=NC2=O)N)CO)O,228.21
452110,CCCCCCCCCCCCCCCC(=O)OC[C@H](COP(=O)([O-])OCC[N+](C)(C)C)OC(=O)CCCCCCCCCCCCCCC,734.0
452306,CC(C)(CO)[C@H](C(=O)NCCC(=O)NCCSSCCNC(=O)CCNC(=O)[C@@H](C(C)(C)CO)O)O,554.7
454216,CCCCC(=O)OCC(=O)[C@]1(C[C@@H](C2=C(C1)C(=C3C(=C2O)C(=O)C4=C(C3=O)C=CC=C4OC)O)O[C@H]5C[C@@H]([C@@H]([C@@H](O5)C)O)NC(=O)C(F)(F)F)O,723.6
454937,C([C@@H]1[C@H]([C@@H]([C@H](C(O1)[S-])O)O)O)O.[Au+],392.18
456201,CC(=O)N1CCN(CC1)C2=CC=C(C=C2)OC[C@H]3CO[C@](O3)(CN4C=CN=C4)C5=C(C=C(C=C5)Cl)Cl,531.4
456389,C1=CC(=CC=C1C(C#N)C2=C(C=C(C=C2Cl)N3C(=O)NC(=O)C=N3)Cl)Cl,407.6
457193,C[C@@H]1[C@@H](C(=O)N[C@@H](C(=O)N2CCC[C@H]2C(=O)N(CC(=O)N([C@H](C(=O)O1)C(C)C)C)C)C(C)C)NC(=O)C3=C4C(=C(C=C3)C)OC5=C(C(=O)C(=C(C5=N4)C(=O)N[C@H]6[C@H](OC(=O)[C@@H](N(C(=O)CN(C(=O)[C@@H]7CCCN7C(=O)[C@H](NC6=O)C(C)C)C)C)C(C)C)C)N)C,1255.4
458426,CCCCCCCCCCCCN.Cl,221.81
459494,C1=CC=C(C=C1)CCCC2=CC=CC=N2,197.27
460129,C([C@@H](C(=O)O)N)OC(=O)C=[N+]=[N-],173.13
460612,C1=CC(=CC=C1C[C@@H](C(=O)O)N)N(CCCl)CCCl,305.20
462368,CC[C@H](C)[C@@H](C(=O)O)N1C(=O)C2=CC=CC=C2S1,265.33
468595,CC[C@@H]([C@H](C)O)N1C(=O)N(C=N1)C2=CC=C(C=C2)N3CCN(CC3)C4=CC=C(C=C4)OC[C@H]5C[C@](OC5)(CN6C=NC=N6)C7=C(C=C(C=C7)F)F,700.8
470999,C1C[C@H]([C@H](O[C@@H]1CN)O[C@@H]2[C@H](C[C@H]([C@@H]([C@H]2O)O[C@@H]3[C@@H]([C@H]([C@@H]([C@H](O3)CO)O)N)O)N)N)N,451.5
472181,CN(C)C(=S)[S-].CN(C)C(=S)[S-].[Cu+2],304.0
472335,CC[C@@]1(C2=C(COC1=O)C(=O)N3CC4=CC5=C(C=CC=C5[N+](=O)[O-])N=C4C3=C2)O,393.3
483180,C1CC1N2C=C(C(=O)C3=CC(=C(C=C32)Cl)F)C(=O)O,281.66
493570,CC1=CC2=C(C=C1C)N(C3=NC(=O)NC(=O)C3=N2)C[C@@H]([C@@H]([C@@H](CO)O)O)O,376.4
516871,C(#N)[S-].[Na+],81.07
516872,C(#N)[S-].[K+],97.18
516900,[O-]Cl(=O)(=O)=O.[K+],138.55
516902,[O-]Cl(=O)=O.[Na+],106.44
516910,N(=O)[O-].[K+],85.104
516919,OS(=O)(=O)[O-].[Na+],120.06
517000,C1=CC2=C(C(=C1)O)N=CC=C2.C1=CC2=C(C(=C1)O)N=CC=C2.OS(=O)(=O)O,388.4
517044,CC(=O)[O-].[K+],98.14
517045,CC(=O)[O-].[Na+],82.03
517055,C1=CC=C(C=C1)C(=O)[O-].[Na+],144.10
517058,CC(C(=O)[O-])(Cl)Cl.[Na+],164.95
517063,C(CS(=O)(=O)[O-])O.[Na+],148.12
517121,C1(=O)[N-]C(=O)N(C(=O)N1Cl)Cl.[Na+],219.94
517232,C(=O)(N)[O-].[NH4+],78.071
517277,O=[Cr]O[Cr]=O,151.990
517304,CCN(CC)CCOC(=O)C1(CCCC1)C2=CC=CC=C2.CCN(CC)CCOC(=O)C1(CCCC1)C2=CC=CC=C2.C(CS(=O)(=O)O)S(=O)(=O)O,769.0
517321,CCCOC1=C(C=C(C=C1)C(=O)OCCN(CC)CC)N.Cl,330.8
517326,C(C(=O)[O-])(Cl)Cl.[Na+],150.92
517383,C1=CC=C(C=C1)C2=CC=CC=C2[O-].O.O.O.O.[Na+],264.25
517414,CC1=CC=C(C=C1)S(=O)(=O)[N-]Cl.O.O.O.[Na+],281.69
517546,CCN(CC)C(=S)[S-].O.O.O.[Na+],225.3
517637,CC(COC(=O)C1=CC=CC=C1)OC(=O)C2=CC=CC=C2,284.31
517827,CC(C)C1=CC=C(C=C1)CC(C)C=O,190.28
518872,[B-](F)(F)(F)F.[K+],125.91
519368,C[Si](C)(C=C)Cl,120.65
519382,CC1=C(C(CCC1)(C)C)CCC(=O)C,194.31
519907,CSC1=NC=CN=C1,126.18
520098,CCC(C)C1=NC=CN=C1OC,166.22
520108,CC(=O)C1=NC=CS1,127.17
520148,CCC(C)C(=O)OCCC1=CC=CC=C1,206.28
520196,CCCCCCC(C)(C)S,160.32
520789,CC1(CC(=O)CC(N1[O])(C)C)C,170.23
520888,CC1=C(SC(=N1)C)C(=O)C,155.22
521998,CC1=CC=C(C=C1)S(=O)(=O)O.O,190.22
522105,CC1=CC(=CC=C1)N.Cl,143.61
522183,C1=CC(=C(C(=C1)Cl)S(=O)(=O)Cl)Cl,245.5
522325,CC1=C(C(=O)N(N1C)C2=CC=CC=C2)N(C)CS(=O)(=O)[O-].[Na+],333.34
522769,C(CCl)NCCCl.Cl,178.48
524314,CCCCC1=CC=C(C=C1)Cl,168.66
526624,CC1=C(C=CO1)SSC2=C(OC=C2)C,226.3
528143,CC1=CN=C(C=N1)SC,140.21
533728,CCN(CC)C(=S)[S-].[Na+],171.3
539829,CC(C)C(=O)OC1=C(C=C(C=C1)C=O)OC,222.24
541384,CCCC(=O)NC1=C(C=C(C(=C1I)CC(CC)C(=O)[O-])I)I.[Na+],663.00
542762,C(C(=O)O)(Cl)Br,173.39
543207,C1=NN=NN1CC(=O)O,128.09
543323,CC(CCCC(=C)C)CCO,156.26
546717,CCCCN(CCCC)C(=S)[S-].[Na+],227.4
548353,CC(C(C)S)S,122.3
550206,C1CN(CCN1)C(=O)C2=CC=CO2,180.20
560256,CN(C)C(=S)[S-].[Na+],143.21
562087,CCOC(=O)C(=O)CCC1=CC=CC=C1,206.24
586708,CCCCCCCCCOC(=O)C1=CC=C(C=C1)O,264.36
587128,CCC(=O)C1=CC(=CC=C1)Cl,168.62
590836,CC(C)CCCCCCOC(=O)C1=CC=CC=C1C(=O)OCCCCCCC(C)C,418.6
591200,CC(C)CCCCOC(=O)C1=CC=CC=C1C(=O)OCCCCC(C)C,362.5
604152,CC(=C)C1=CC(=CC=C1)C(C)(C)N=C=O,201.26
608116,CC(C1=CC=C(C=C1)O)C2=CC=C(C=C2)O,214.26
610479,CC1=C(C=CC=C1Cl)NC2=CC=CC=C2C(=O)O,261.70
612040,C1=CC=C2C(=C1)N=C(S2)Br,214.08
616236,CCOC(=O)C1=C(N(C2=C1C=C(C=C2)O)C)C,233.26
623849,CC(C1=CC=CC=C1)(C2=CC=C(C=C2)O)C3=CC=C(C=C3)O,290.4
627458,COC1=C(C=CC(=C1)Cl)OC2=C(C=C(C=C2)Cl)Cl,303.6
636362,C[C@H]1[C@H]([C@H](C[C@@H](O1)O[C@H]2C[C@@](CC3=C2C(=C4C(=C3O)C(=O)C5=CC=CC=C5C4=O)O)(C(=O)C)O)N)O.Cl,534.0
636367,[C@@H]1([C@@H]([C@H](O[C@H]([C@@H]1O)O)C(=O)N)O)O,193.15
636374,CCC(=O)OCC(=O)[C@]1([C@@H](C[C@@H]2[C@@]1(C[C@@H]([C@H]3[C@H]2[C@@H](CC4=CC(=O)C=C[C@]34C)Cl)O)C)C)OC(=O)CC,521.0
636396,C1[C@@H]([C@H]([C@@H]([C@H]([C@@H]1N)O[C@@H]2[C@@H]([C@H]([C@@H]([C@H](O2)CO)O)N)O)O)O[C@@H]3[C@@H]([C@H]([C@@H]([C@H](O3)CN)O)O)N)N.OS(=O)(=O)O,581.6
636398,CCCC(=O)O[C@@]1(CC[C@@H]2[C@@]1(C[C@@H]([C@H]3[C@H]2CCC4=CC(=O)CC[C@]34C)O)C)C(=O)COC(=O)CC,488.6
636399,CC(CCC1=CC2=C(C=C1)OCO2)NN.Cl,244.72
636402,C[C@]12CC[C@](C[C@H]1C3=CC(=O)[C@@H]4[C@]5(CC[C@@H](C([C@@H]5CC[C@]4([C@@]3(CC2)C)C)(C)C)OC(=O)CCC(=O)[O-])C)(C)C(=O)[O-].[Na+].[Na+],614.7
636405,CC1=CC(=O)C(=CN1)C(=O)N[C@H](C2=CC=C(C=C2)O)C(=O)N[C@H]3[C@@H]4N(C3=O)C(=C(CS4)CSC5=NN=NN5C)C(=O)O,612.6
636411,CC1=CN=C(C(=C1OC)C)CS(=O)C2=NC3=C(N2)C=CC(=N3)OC,346.4
637090,C/C=C/C(=O)O,86.09
637511,C1=CC=C(C=C1)/C=C/C=O,132.16
637520,COC(=O)/C=C/C1=CC=CC=C1,162.18
637563,C/C=C/C1=CC=C(C=C1)OC,148.20
637564,C/C=C/C=C/C=O,96.13
637566,CC(=CCC/C(=C/CO)/C)C,154.25
637758,CCOC(=O)/C=C/C1=CC=CC=C1,176.21
637759,CC(=O)/C=C/C1=CC=CC=C1,146.19
637776,C/C=C/C1=CC(=C(C=C1)OC)OC,178.23
637796,C/C=C/C1=CC2=C(C=C1)OCO2,162.18
637892,C/C(=C/CCl)/Cl,124.99
637922,C/C=C/CO,72.11
637930,C(=C/C#N)\C#N,78.07
638011,CC(=CCC/C(=C/C=O)/C)C,152.23
638014,CC1=C(C(CCC1)(C)C)/C=C/C(=O)C,192.30
638015,CC1=C(C(CCC1)(C)C)/C=C/C(=C/C=C/C(=C/C=O)/C)/C,284.4
638024,C1CCN(CC1)C(=O)/C=C/C=C/C2=CC3=C(C=C2)OCO3,285.34
638034,CC1=C(C(CCC1)(C)C)/C=C/C(=C/C=C/C(=C/COC(=O)C)/C)/C,328.5
638072,CC(=CCC/C(=C/CC/C(=C/CC/C=C(/CC/C=C(/CCC=C(C)C)\C)\C)/C)/C)C,410.7
638088,C1=CC=C(C=C1)/C=C/C2=CC=CC=C2,180.24
638144,CCOC(=O)/C=C/C(=O)OCC,172.18
638186,C(=C/Cl)\Cl,96.94
638500,CC(=CCC/C(=C/CC/C(=C/COC(=O)C)/C)/C)C,264.4
638678,C1C[C@H](N(C1)C(=O)[C@H](CC2=CN=CN2)NC(=O)[C@@H]3CCC(=O)N3)C(=O)N,362.38
641098,C1=CC=C(C=C1)/C=C/C2=CC=NC=C2,181.23
641240,C(/C(=C(/CO)\Br)/Br)O,245.90
641245,C(/C=C/CBr)Br,213.90
641256,C/C=C/C=C/CO,98.14
641298,COC1=CC=CC=C1/C=C/C=O,162.18
642197,C(/C=C/CCl)Cl,124.99
643460,C/C=C/C=C/C(=O)O,112.13
643606,COC(=O)[C@@H]1[C@H](CC[C@H]2[C@@H]1C[C@H]3C4=C(CCN3C2)C5=CC=CC=C5N4)O,354.4
643684,CCCCCC[C@H](C/C=C\CCCCCCCC(=O)O)O,298.5
643820,CC(=CCC/C(=C\CO)/C)C,154.25
643833,C(=C\Cl)\Cl,96.94
643918,C/C(=C/C(=O)OC)/N,115.13
644020,C1CCN2C[C@@H]3C[C@H]([C@H]2C1)CN4[C@H]3CCCC4,234.38
644025,CN[C@]1(CCCCC1=O)C2=CC=CC=C2Cl,237.72
644076,C1C[C@H](N(C1)C(=O)[C@@H]2CSSC[C@@H](C(=O)N[C@H](C(=O)N[C@H](C(=O)N[C@H](C(=O)N[C@H](C(=O)N2)CC(=O)N)CCC(=O)N)CC3=CC=CC=C3)CC4=CC=C(C=C4)O)N)C(=O)N[C@@H](CCCCN)C(=O)NCC(=O)N,1056.2
644077,C1C[C@H](N(C1)C(=O)[C@@H]2CSSC[C@@H](C(=O)N[C@H](C(=O)N[C@H](C(=O)N[C@H](C(=O)N[C@H](C(=O)N2)CC(=O)N)CCC(=O)N)CC3=CC=CC=C3)CC4=CC=C(C=C4)O)N)C(=O)N[C@@H](CCCN=C(N)N)C(=O)NCC(=O)N,1084.2
644213,C1=CC=C(C=C1)NC(=O)C2=C(C=CC(=C2)[N+](=O)[O-])Cl,276.67
644280,C1=CC(=C(C=C1C[C@@H](C(=O)O)N)I)OC2=CC(=C(C(=C2)I)O)I,650.97
656511,CC1([C@@H](N2[C@H](S1)[C@@H](C2=O)NC(=O)[C@@H](C3=CC=CC=C3)NC(=O)N4CCN(C4=O)S(=O)(=O)C)C(=O)O)C,539.6
656582,C1=CC=C2C(=C1)C(=O)[N-]S2(=O)=O.[Na+],205.17
656583,C[C@]12CC[C@H]3[C@H]([C@@H]1CC[C@@H]2O)CC[C@]45[C@@]3(CC(=C([C@H]4O5)O)C#N)C,329.4
656597,C[N+]1([C@@H]2CC[C@H]1CC(C2)OC(=O)C(CO)C3=CC=CC=C3)C.[Br-],384.3
656602,C[N+]1([C@@H]2CC[C@H]1CC(C2)OC(=O)C(C3=CC=CC=C3)(C4=CC=CC=C4)O)CCF.[Br-],478.4
656604,CC(C)(C(=O)N[C@@H](CS)C(=O)O)S,223.3
656612,CC1([C@@H]([C@H]1C(=O)OCC2=C(C(=CC(=C2F)F)F)F)C=C(Cl)Cl)C,371.2
656630,C[C@@H]1[C@H]([C@H](C[C@@H](O1)O[C@H]2CC[C@]3([C@@H](C2)CC[C@@H]4[C@@H]3C[C@H]([C@]5([C@@]4(CC[C@@H]5C6=CC(=O)OC6)O)C)O)C)O)O[C@H]7C[C@@H]([C@@H]([C@H](O7)C)O[C@H]8C[C@@H]([C@@H]([C@H](O8)C)O[C@H]9[C@@H]([C@H]([C@@H]([C@H](O9)CO)O)O)O)OC(=O)C)O,985.1
656634,COC1=CC(=CC(=C1OC)OC)C[C@H]2C3=CC(=C(C=C3CCN2)O)O.Cl,381.8
656641,CCCCCCCCCCCCOCCOCCOCCOCCOCCOCCOCCOCCOCCO,582.8
656655,C([C@H]([C@H]([C@@H]([C@@H](CBr)O)O)O)O)Br,307.96
656665,CN1[C@@H]2CC[C@H]1CC(C2)OC(=O)C3=CNC4=CC=CC=C43,284.35
656667,CC1=C([C@H](C(=C(N1)C)C(=O)O[C@@H]2CCCN(C2)CC3=CC=CC=C3)C4=CC(=CC=C4)[N+](=O)[O-])C(=O)OC.Cl,542.0
656743,CN1CCC2=CC3=C(C=C2[C@H]1[C@H]4C5=C(C(=C(C=C5)OC)OC)C(=O)O4)OCO3,383.4
656804,C[C@]12C[C@@H]([C@H]3[C@H]([C@@H]1CC[C@@]2(C(=O)COC(=O)CCC(=O)O)O)CCC4=CC(=O)C=C[C@]34C)O,460.5
656829,CC1CN(CCN1)C2=C(C(=C3C(=C2)N(C=C(C3=O)C(=O)O)C4CC4)C)F.Cl,395.9
656832,CN1[C@H]2CC[C@@H]1[C@H]([C@H](C2)OC(=O)C3=CC=CC=C3)C(=O)OC.Cl,339.8
656833,C1=CC(=CC=C1[C@H]([C@@H](COC(=O)CCC(=O)[O-])NC(=O)C(Cl)Cl)O)[N+](=O)[O-].[Na+],445.2
656842,CC1([C@@H](N2[C@H](S1)[C@@H](C2=O)NC(=O)C(C3=CSC=C3)C(=O)[O-])C(=O)[O-])C.[Na+].[Na+],428.4
656958,CCN(CC)CCSCC(=O)O[C@@H]1C[C@@]([C@H]([C@@H]([C@@]23CC[C@H]([C@@]1([C@@H]2C(=O)CC3)C)C)C)O)(C)C=C,493.7
657180,CCNC(=O)[C@@H]1CCCN1C(=O)[C@H](CCCN=C(N)N)NC(=O)[C@H](CC(C)C)NC(=O)[C@@H](CC(C)C)NC(=O)[C@H](CC2=CC=C(C=C2)O)NC(=O)[C@H](CO)NC(=O)[C@H](CC3=CNC4=CC=CC=C43)NC(=O)[C@H](CC5=CN=CN5)NC(=O)[C@@H]6CCC(=O)N6.CC(=O)O,1269.4
657201,CCCC(CCC)C(=O)OC1C[C@H]2CC[C@@H](C1)[N+]2(C)C.[Br-],362.3
657220,CC/C(=C(/CC)\C1=CC=C(C=C1)OC(=O)CC)/C2=CC=C(C=C2)OC(=O)CC,380.5
657237,C1=NC2=C(N=C(N=C2N1[C@H]3[C@H]([C@@H]([C@H](O3)CO)O)O)F)N,285.23
657255,CCCCCCCCN[C@H](C)[C@H](C1=CC=C(C=C1)SC(C)C)O,337.6
657298,CCCC1=CC(=O)NC(=S)N1,170.23
657302,C1=CC=C(C=C1)C2(C(=O)[N-]C(=O)N2)C3=CC=CC=C3.[Na+],274.25
657306,CC[N+]1(CCCC(C1)OC(=O)C(C2=CC=CC=C2)(C3=CC=CC=C3)O)C.[Br-],434.4
657381,C[N+]1([C@@H]2CC[C@H]1CC(C2)OC(=O)C(CO)C3=CC=CC=C3)C.[N+](=O)([O-])[O-],366.4
666418,CCCC1=NC=CC(=C1)C(=S)N,180.27
667466,CN(C)CC/C=C/1\C2=CC=CC=C2SC3=C1C=C(C=C3)Cl,315.9
667476,C/C=C(/C(=C/C)/C1=CC=C(C=C1)O)\C2=CC=C(C=C2)O,266.3
667483,CCOC1=CC=C(C=C1)NC(=S)NC2=CC=C(C=C2)OCC,316.4
667490,C1=NC2=C(N1)C(=S)N=CN2,152.18
667492,CN1C2=CC=CC=C2C(=C1O)N=NC(=S)N,234.28
667493,CC1=CC(=O)NC(=S)N1,142.18
667497,CN1CCN(CC1)C(=O)C2CCCCC2,210.32
671690,CN1[C@@H]2CC[C@H]1CC(C2)OC(=O)C3=CC(=CC(=C3)Cl)Cl,314.2
676166,C1=NC(=S)C2=C(N1)N(C=N2)[C@H]3[C@@H]([C@@H]([C@H](O3)CO)O)O,284.29
676454,C1=CC=C(C=C1)NC(=S)N,152.22
676486,CC(C)(C)C1=NNC(=S)N(C1=O)N,200.26
688020,CCN(C1=CC=CC=C1C)C(=O)/C=C/C,203.28
688145,CCNC(=O)/C=C/C1=CC(=CC=C1)Br,254.12
688272,CCN1CCC[C@H]1CNC(=O)C2=C(C=CC(=C2)S(=O)(=O)N)OC,341.4
688561,CC[C@@H]([C@@H](C1=C2C=CC(=O)NC2=C(C=C1)O)O)NC(C)C,290.36
688576,CC(=O)O[C@@H]1[C@H]2[C@H]([C@@H](C(=O)O2)OC(=O)C)OC1=O,258.18
689043,C1=CC(=C(C=C1/C=C/C(=O)O)O)O,180.16
697993,C1=CC=C2C(=C1)NC(=S)S2,167.3
699414,COC1=CC=C(C=C1)/C=C/C(=O)O,178.18
700999,C1=CC=C(C=C1)NC(=S)NC2=CC=CC=C2,228.31
707035,C1=CC=C2C(=C1)NC(=S)N2,150.20
712441,CC(=O)N1CCN(CC1)C2=CC=C(C=C2)O,220.27
720471,CC1=CNC(=S)NC1=O,142.18
727200,C1CCC(CC1)NC(=S)NC2CCCCC2,240.41
735940,CC(=O)/C=C/C1=CC=CO1,136.15
736331,CCCC(=O)NC1=CC(=C(C=C1)O)C(=O)C,221.25
736366,C1=CC=C2C(=C1)C=CC=C2NC(=S)N,202.28
736715,C1=C(NC=N1)/C=C/C(=O)O,138.12
759280,C1=CC(=CC=C1/C=C/C(=O)O)/C=C/C(=O)O,218.20
778574,CC(C)COC(=O)/C=C/C1=CC=CC=C1,204.26
779179,COC1=CC=C(C=C1)C(=O)N2CCN(CC2)CC(=O)N3CCOCC3,347.4
833466,C=CCC1=C(C=CC(=C1)S(=O)(=O)C2=CC(=C(C=C2)O)CC=C)O,330.4
853433,C/C=C/C1=CC(=C(C=C1)O)OC,164.20
854019,CN1[C@@H](CCC1=O)C2=CN=CC=C2,176.21
854026,C/C=C/1\[C@@H]2CC3=C([C@]1(CC(=C2)C)N)C=CC(=O)N3,242.32
904858,C[C@]12CC[C@H](C1(C)C)C[C@@H]2OC(=O)C=C,208.30
919792,C1=CC(=CC=C1C(=O)C2=C(C(=C(C=C2)O)O)O)O,246.21
929262,C[C@]12CCCC([C@@H]1CC[C@@]3([C@@H]2CC(=O)O3)C)(C)C,250.38
941361,C1CN(CCN1C/C=C/C2=CC=CC=C2)C(C3=CC=C(C=C3)F)C4=CC=C(C=C4)F,404.5
941650,CN1CCN(CC1)CC/C=C/2\C3=CC=CC=C3SC4=C2C=C(C=C4)S(=O)(=O)N(C)C,443.6
969472,CN1CCN(CC1)C(=O)O[C@H]2C3=NC=CN=C3C(=O)N2C4=NC=C(C=C4)Cl,388.8
969491,C1[C@@H]2[C@H]3[C@@H]([C@H]1[C@H]4[C@@H]2O4)[C@]5(C(=C([C@@]3(C5(Cl)Cl)Cl)Cl)Cl)Cl,380.9
969494,CN1CCN(CC1)CCC(=O)N2C3=CC=CC=C3SC4=C2C=C(C=C4)C(F)(F)F,421.5
969516,COC1=C(C=CC(=C1)/C=C/C(=O)CC(=O)/C=C/C2=CC(=C(C=C2)O)OC)O,368.4
1013376,CC(=O)NC1=CC=C(C=C1)NC(=S)NC(=O)C2=CC=C(C=C2)C(C)(C)C,369.5
1201518,C[C@]12CC[C@H](C1(C)C)C[C@H]2O,154.25
1201549,CN1[C@@H]2CC[C@H]1CC(C2)OC(C3=CC=CC=C3)C4=CC=CC=C4,307.4
1252759,CC1=CC[C@@H](C1(C)C)CC=O,152.23
1268142,C[C@@H]1CC(=O)C=C2[C@]1(C[C@@H](CC2)C(=C)C)C,218.33
1269845,C1=CNC(=S)NC1=O,128.15
1349907,CN1C=CNC1=S,114.17
1547484,C1CN(CCN1C/C=C/C2=CC=CC=C2)C(C3=CC=CC=C3)C4=CC=CC=C4,368.5
1548887,CC\1=C(C2=C(/C1=C\C3=CC=C(C=C3)S(=O)C)C=CC(=C2)F)CC(=O)O,356.4
1548943,CC(C)/C=C/CCCCC(=O)NCC1=CC(=C(C=C1)O)OC,305.4
1548955,CCN(CC)CCOC1=CC=C(C=C1)/C(=C(/C2=CC=CC=C2)\Cl)/C3=CC=CC=C3,406.0
1549008,CC(C)(C)C#C/C=C/CN(C)CC1=CC=CC2=CC=CC=C21,291.4
1549018,CC/C=C\CC1=C(CCC1=O)C,164.24
1549025,CC(=CCC/C(=C\COC(=O)C)/C)C,196.29
1549026,CC(=CCC/C(=C/COC(=O)C)/C)C,196.29
1549133,CC(C)C[C@@H](C(=O)O)NC(=O)OCC1C2=CC=CC=C2C3=CC=CC=C13,353.4
1549158,C1=CC(=CC=C1NN=C(N)N)N=NC(=S)N,237.29
1549517,C=CCNC(=S)N,116.19
1549520,C/C(=C\C1=CC=CC=C1)/[N+](=O)[O-],163.17
1549521,C1=COC(=C1)/C=C/C=O,122.12
1549778,CC(=CCC/C(=C/CCC(=O)C)/C)C,194.31
1549789,CC(C)CCOC(=O)/C=C/C1=CC=C(C=C1)OC,248.32
1549992,CC1=CC[C@@H](CC1)[C@@](C)(CCC=C(C)C)O,222.37
1550232,COC1=C(C=CC(=C1)/C=C/2\CCC/C(=C/C3=CC(=C(C=C3)O)OC)/C2=O)O,366.4
1550472,C1[C@H]2[C@@H]([C@H]([C@H]1Cl)Cl)[C@]3(C(=C([C@@]2(C3(Cl)Cl)Cl)Cl)Cl)Cl,409.8
1550489,C1=CNC(=S)N=C1,112.16
1550823,C[C@H]1C[C@H](CC(C1)(C)C)O,142.24
1550846,C1=CC=C(C=C1)/C=C/C#N,129.16
1550874,C1=CC=C(C=C1)/C=C/C(=O)NCCO,191.23
1550884,CCCCCC/C(=C\C1=CC=CC=C1)/C=O,216.32
1550890,C1=CC=C(C=C1)/C=C/COC(=O)/C=C/C2=CC=CC=C2,264.3
1550997,C1C/C(=C\C2=CC=CS2)/C(=O)/C(=C\C3=CC=CS3)/C1,286.4
1551245,CC(=CCC/C(=C\C#N)/C)C,149.23
1551246,CC(=CCC/C(=C/C#N)/C)C,149.23
1584822,C/C(=C\C1=CC=CC=C1)/C=C/2\C(=O)N(C(=S)S2)CC(=O)O,319.4
1623625,CCCCC/C(=C\C1=CC=CC=C1)/C=O,202.29
1711973,C[C@@H](CCCC(C)(C)OC)C/C=C/C(=C/C(=O)OC(C)C)/C,310.5
1712094,CCO/C=C\1/C(=O)OC(=N1)C2=CC=CC=C2,217.22
1738118,CC(=O)N[C@@H](C=O)[C@H]([C@@H]([C@@H](CO)O)O)O,221.21
1742210,C[C@@]12CC[C@@H]3[C@H](CC3(C)C)C(=C)CC[C@H]1O2,220.35
1787910,C/C=C/C=C/CCCCCCCO,182.30
1794427,C1[C@H]([C@H]([C@@H](C[C@@]1(C(=O)O)O)OC(=O)/C=C/C2=CC(=C(C=C2)O)O)O)O,354.31
1796220,C[C@]12CCCC([C@@H]3[C@H]1CC[C@@H]3C2=C)(C)C,204.35
1910825,CCCCN(CCCC)C1=CC(=C(C=C1)C(=O)C2=CC=CC=C2C(=O)O)O,369.5
2097895,CC1=C(C=CC(=C1)Br)NC(=O)CCl,262.53
2723598,C1=CC=C2C(=C1)C(=C3C=CC=CC3=N2)N.O.Cl,248.71
2723601,C1=NC2=C(N1)C(=S)N=C(N2)N,167.19
2723617,CCOC(=O)[C@H](CS)N.Cl,185.67
2723622,CCCCNC(=S)NCCCC,188.34
2723630,C1(=S)NNC(=S)S1,150.3
2723631,CNC(=S)NC,104.18
2723635,C([C@@H]1[C@H]([C@@H]([C@H](C(O1)O)N)O)O)O.Cl,215.63
2723640,CCOC(=O)CN.Cl,139.58
2723649,C1=CC2=C(C=CC(=C2N=C1)O)S(=O)(=O)O.O,243.24
2723650,C1CNC(=S)N1,102.16
2723694,CC(C)(C)C1=CC=C(C=C1)C(=O)CCCCl,238.75
2723715,C1=CC2=C(C3=C(C=CC=N3)C=C2)N=C1.O.Cl,234.68
2723716,C1[C@H]([C@@H]1N)C2=CC=CC=C2.Cl,169.65
2723722,CC(=O)[C@H]1CC[C@@H]2[C@@]1(CC[C@H]3[C@H]2CC=C4[C@@]3(CC[C@@H](C4)OC(=O)C)C)C,358.5
2723754,C1CCC2=NC3=CC=CC=C3C(=C2C1)N.Cl,234.72
2723772,CN1C(=S)N=NN1,116.15
2723789,C(=S)(N)NN,91.14
2723790,C(=S)(N)N,76.12
2723816,CCC(=O)[O-].[Na+],96.06
2723822,C(O)S(=O)(=O)[O-].[Na+],134.09
2723853,CNC(=S)NN,105.17
2723854,C1=CC2=C(C=C1S(=O)(=O)[O-])C(=C(N2)C3=NC4=C(C3=O)C=C(C=C4)S(=O)(=O)[O-])O.[Na+].[Na+],466.4
2723856,CC[C@H](CO)N,89.14
2723866,C([C@@H]1[C@@H]([C@@H]([C@H](C(O1)O)N)O)O)O.Cl,215.63
2723869,C1(=NC(=S)NN1)N,116.15
2723891,C(CC(=O)O)[C@@H](C(=O)O)N.Cl,183.59
2723920,C1(=NC(=O)NC(=O)N1)C(=O)[O-].[K+],195.17
2723942,C1=CC=C(C=C1)COC(=O)N[C@@H](CC(=O)O)C(=O)O,267.23
2723949,CC(=S)N,75.14
2723951,C(#N)/C(=C(\C#N)/N)/N,108.10
2724048,CC1=C(C=CC(=C1)Cl)OCC(=O)[O-].[Na+],222.60
2724144,[C-]#N.[Cu+],89.56
2724159,CC(=C)[C@H]1CCC(=CC1)C=O,150.22
2724189,C(=S)(NN)NN,106.15
2724192,CC(=O)[O-].CC(=O)[O-].O.O.[Zn+2],219.5
2724248,C1CN(CCN1CCO)CCS(=O)(=O)[O-].[Na+],260.29
2724259,CCCCCCCCCCCCCCCCOCCOCCOCCOCCOCCOCCOCCOCCOCCOCCOCCOCCOCCOCCOCCOCCOCCOCCOCCOCCO,1123.5
2724333,[C@H]1([C@@H]2[C@@H]([C@H](C(=O)O2)O)O[C@H]1O)O,176.12
2724368,C1=CC(=C(C=C1N)O)C(=O)[O-].[Na+],175.12
2724385,C[C@@H]1[C@H]([C@H](C[C@@H](O1)O[C@@H]2[C@H](O[C@H](C[C@@H]2O)O[C@@H]3[C@H](O[C@H](C[C@@H]3O)O[C@H]4CC[C@]5([C@@H](C4)CC[C@@H]6[C@@H]5C[C@H]([C@]7([C@@]6(CC[C@@H]7C8=CC(=O)OC8)O)C)O)C)C)C)O)O,780.9
2724411,CN(C)C1=CC=C(C=C1)C(=C2C=CC(=[N+](C)C)C=C2)C3=CC=CC=C3.CN(C)C1=CC=C(C=C1)C(=C2C=CC(=[N+](C)C)C=C2)C3=CC=CC=C3.C(=O)(C(=O)O)O.C(=O)(C(=O)[O-])O.C(=O)(C(=O)[O-])O,927.0
2724429,CCCC(C(CO)O)O,134.17
2724552,C1[C@H]([C@@H]([C@@H]([C@@](O1)(CO)O)O)O)O,180.16
2724564,C(=S)(N)NNC(=S)N,150.23
2724588,C1=CC(=C(C=C1[N+](=O)[O-])[N+](=O)[O-])S(=O)(=O)O.O.O,284.20
2725002,CCN(CC)CCCC(C)NC1=C2C=C(C=CC2=NC3=C1C=CC(=C3)Cl)OC.O.O.Cl.Cl,508.9
2727728,C1C(CC(=O)NC1=O)C2=CC=C(C=C2)Cl,223.65
2728761,C1=CC=C(C=C1)CNCCNCC2=CC=CC=C2.Cl.Cl,313.3
2733208,COC(=O)[C@H](CS)N.Cl,171.65
2733245,CCOC(=O)C(=O)C1=CSC(=N1)NC=O,228.23
2733525,CC/C(=C(\C1=CC=CC=C1)/C2=CC=C(C=C2)OCCN(C)C)/C3=CC=CC=C3.C(C(=O)O)C(CC(=O)O)(C(=O)O)O,563.6
2733526,CC/C(=C(\C1=CC=CC=C1)/C2=CC=C(C=C2)OCCN(C)C)/C3=CC=CC=C3,371.5
2733660,C1=CC(=C(C=C1Br)F)CBr,267.92
2733673,COC1=CC=C(C=C1)[C@H]2[C@H](C(=O)NC3=CC=CC=C3S2)O,301.4
2733708,CCOC(=O)CC(=O)C1=CC(=C(N=C1Cl)Cl)F,280.08
2734019,CC1=CC2=C(C=C1C)N(C3=NC(=O)NC(=O)C3=N2)C[C@@H]([C@@H]([C@@H](COP(=O)([O-])OP(=O)([O-])OC[C@@H]4[C@H]([C@H]([C@@H](O4)N5C=NC6=C(N=CN=C65)N)O)O)O)O)O.[Na+].[Na+],829.5
2734117,CCCCCCCC[N+](CCCCCCCC)(CCCCCCCC)CCCCCCCC.[Br-],546.8
2734160,CCN1C=C[N+](=C1)C.[Cl-],146.62
2734161,CCCCN1C=C[N+](=C1)C.[Cl-],174.67
2734163,CCCCCCN1C=C[N+](=C1)C.[Cl-],202.72
2734167,CCCCN1C=C[N+](=C1C)C.[Cl-],188.70
2734171,CCCC[N+]1=CC=CC=C1.[Cl-],171.67
2734172,CCCCCC[N+]1=CC=CC=C1.[Cl-],199.72
2734174,CCCCN1C=C[N+](=C1)C.F[P-](F)(F)(F)(F)F,284.18
2734175,CCCCCCN1C=C[N+](=C1)C.F[P-](F)(F)(F)(F)F,312.24
2734176,CCCC[N+]1=CC=CC=C1.F[P-](F)(F)(F)(F)F,281.18
2734177,CCCCCC[N+]1=CC=CC=C1.F[P-](F)(F)(F)(F)F,309.23
2734178,[B-](F)(F)(F)F.CCCCN1C=C[N+](=C1)C,226.03
2734179,[B-](F)(F)(F)F.CCCCCCN1C=C[N+](=C1)C,254.08
2734180,[B-](F)(F)(F)F.CCCC[N+]1=CC=CC=C1,223.02
2734181,[B-](F)(F)(F)F.CCCCCC[N+]1=CC=CC=C1,251.07
2734223,CCCCCCCCN1C=C[N+](=C1)C.[Cl-],230.78
2734225,CCCCCCCCCCN1C=C[N+](=C1)C.[Cl-],258.83
2734227,CCCCCCCCCCCCN1C=C[N+](=C1)C.[Cl-],286.9
2734229,CCCCCCCCCCCCCCN1C=C[N+](=C1)C.[Cl-],314.9
2734231,CCCCCCCCCCCCCCCCN1C=C[N+](=C1)C.[Cl-],343.0
2734235,CCN1C=C[N+](=C1)C.[Br-],191.07
2734237,CCCCCCN1C=C[N+](=C1)C.[Br-],247.18
2734238,CCCC[N+]1=CC=CC=C1.[Br-],216.12
2734239,CCCCCC[N+]1=CC=CC=C1.[Br-],244.17
2734241,CCCCN1C=C[N+](=C1C)C.[Br-],233.15
2734243,CCCCCCCCN1C=C[N+](=C1)C.F[P-](F)(F)(F)(F)F,340.29
2734244,[B-](F)(F)(F)F.CCCCN1C=C[N+](=C1C)C,240.05
2734246,CCCCN1C=C[N+](=C1)C.C(F)(F)(F)S(=O)(=O)[O-],288.29
2734247,CCCCCCN1C=C[N+](=C1)C.C(F)(F)(F)S(=O)(=O)[O-],316.34
2734248,CCCC[N+]1=CC=CC=C1.C(F)(F)(F)S(=O)(=O)[O-],285.29
2734249,CCCCCC[N+]1=CC=CC=C1.C(F)(F)(F)S(=O)(=O)[O-],313.34
2734250,CCCCN1C=C[N+](=C1C)C.C(F)(F)(F)S(=O)(=O)[O-],302.32
2734398,C([C@@H]1[C@H]([C@@H]([C@](O1)(COP(=O)([O-])[O-])O)O)O)OP(=O)(O)[O-].[Na+].[Na+].[Na+],406.06
2734672,C1=CN(N=C1)C(=N)N.Cl,146.58
2734678,C1=CC(=C(C=C1C(F)(F)F)N)S.Cl,229.65
2734687,C(=NN)(N)N.Cl,110.55
2734819,C1=CC(=C(C(=C1)Cl)C(=S)N)Cl,206.09
2734952,C(=NN)(N)N.C(=NN)(N)N.OS(=O)(=O)O,246.25
2734956,COC1=CC=C(C=C1)N.Cl,159.61
2735009,CCNC(=S)NCC,132.23
2735045,CCOC(=S)[S-].[K+],160.30
2735086,COS(=O)(=O)[O-].[Na+],134.09
2735101,CN1CCC[C@H]1C2=CN=CC=C2.CN1CCC[C@H]1C2=CN=CC=C2.OS(=O)(=O)O,422.5
2735107,CCCCCCCCOS(=O)(=O)[O-].[Na+],232.28
2735122,C(=O)[O-].[K+],84.116
2735932,CC1=C(C=CC=C1N)C(F)(F)F,175.15
2736548,C1=CC(=C(C=C1C(=O)Cl)Cl)F,193.00
2737408,CC(C)(C)OC(=O)C1=CC(=CC=C1)N,193.24
2756017,CC(C)(C)OC(=O)N1C[C@H](C[C@H]1C(=O)O)F,233.24
2757748,CCCCCC1=CC=C(C=C1)Cl,182.69
2758725,C(=S)(N)NC(=S)N,135.22
2758873,CCN1C=C[N+](=C1)C.F[P-](F)(F)(F)(F)F,256.13
2758874,CCN1C=C[N+](=C1)C.C(F)(F)(F)S(=O)(=O)[O-],260.24
2761171,CCC1=NC=CC(=C1)C(=S)N,166.25
2763760,CC1COC2=CC=CC=C2N1,149.19
2769348,[B-](F)(F)(F)F.CCN1C=C[N+](=C1)C,197.97
2770166,CC(=NNC(=S)N)C,131.20
2771871,C(=O)/C(=C(\C(=O)O)/Cl)/Cl,168.96
2775940,CCCCCCCCCCN1C=C[N+](=C1C)CCCCCCCCCC.[Cl-],399.1
2776282,C(=O)(C(C(C(C(C(C(C(F)(F)F)(F)F)(F)F)(F)F)(F)F)(F)F)(F)F)[O-].[NH4+],431.10
2777208,C1=CC=C(C(=C1)OC(F)(F)F)S(=O)(=O)N,241.19
2777982,C(=S)(C(=S)N)N,120.20
2779938,CNC(=S)N(C)C,118.20
2829432,CC1=CC2=C(C=C1)N3CCNC4C3=C2CCC4.CS(=O)(=O)O,322.4
2843496,CCN(CC)CC(=O)NC1=C(C=C(C=C1C)C)C.Cl,284.82
2999413,C[C@H]1CCC[C@@H](CCCCCC2=C(C(=CC(=C2)O)O)C(=O)O1)O,322.4
3000579,C1=CC(=CC=C1N)S(=O)(=O)NC(=S)N,231.3
3000668,C[N+]1([C@@H]2CC[C@H]1CC(C2)OC(=O)C(CO)C3=CC=CC=C3)[O-],305.4
3001055,CN/C(=C\[N+](=O)[O-])/NCCSCC1=CC=C(O1)CN(C)C,314.41
3002119,CC1=NC=C(C(=N1)N)CN(C=O)/C(=C(\CCO)/SSCC2CCCO2)/C,398.5
3002190,CC[C@@H]1[C@@]2([C@@H]([C@H](C(=O)[C@@H](C[C@@]([C@@H]([C@H](C(=O)[C@H](C(=O)O1)C)C)O[C@H]3[C@@H]([C@H](C[C@H](O3)C)N(C)C)O)(C)OC)C)C)N(C(=O)O2)CCCCN4C=C(N=C4)C5=CN=CC=C5)C,812.0
3002977,CC1=NN=C(N1C2C[C@H]3CC[C@@H](C2)N3CC[C@@H](C4=CC=CC=C4)NC(=O)C5CCC(CC5)(F)F)C(C)C,513.7
3003141,C1[C@H](S/C(=C(\C#N)/N2C=CN=C2)/S1)C3=C(C=C(C=C3)Cl)Cl,354.3
3003870,COC1=C(C=C(C=C1)C2NC(=S)N3N2C(=S)NC3C4=CC(=C(C=C4)OC)OC)OC,446.5
3005572,CN(C)CCOC1=CC=C(C=C1)/C(=C(/CCCl)\C2=CC=CC=C2)/C3=CC=CC=C3.C(C(=O)O)C(CC(=O)O)(C(=O)O)O,598.1
3007855,[Cl-].[Cl-].[Zn+2],136.3
3011155,COC1=NC(=NC2=C1N=CN2[C@H]3[C@H]([C@@H]([C@H](O3)CO)O)O)N,297.27
3014138,CC1=C(C(=CC=C1)O)N,123.15
3015003,CN(CC1=C(C=CC=C1Cl)NC(=O)C2=CC=CC=C2)CC(=O)N3CCOCC3.Cl,438.3
3015167,CCCCCCCC[P+](CCCCCCCC)(CCCCCCCC)CCCCCCCC.[Br-],563.8
3016408,C1=CC(=CC(=C1)O)C(CN)O.Cl,189.64
3017698,COC1=CC(=CC(=C1OC)C(=O)O)S(=O)(=O)N,261.25
3017748,COC1=C(C=C(C=C1)[N+](=O)[O-])[O-].[Na+],191.12
3018793,CCOC(=O)C(=O)CCCCCCl,206.66
3019305,C1=CC=C2C(=C1)N=C(N2CC3=CC=C(C=C3)F)N,241.26
3025067,C1CN(CCN1)C2=C3C(=CC=C2)OCCO3.Cl,256.73
3030770,CCC(=O)OC1(CCN(CC1)C)C2=CC=CC=C2.Cl,283.79
3032281,CCCCCCCCCCCCCCCC(=O)OC[C@@H](COP(=O)([O-])OCC[N+](C)(C)C)OC(=O)CCCCCCCCCCCCCCC,734.0
3032297,C(CNC(=S)[S-])NC(=S)[S-].[Na+].[Na+],256.4
3032325,CC/C(=C(/CC)\C1=CC=C(C=C1)OP(=O)(O)O)/C2=CC=C(C=C2)OP(=O)(O)O,428.3
3032361,CC(C)CC1C(=O)N(C(=S)N1)CC=C,212.31
3032472,CC(C)NC1=NC(=NC(=N1)SC)N=[N+]=[N-],225.28
3032581,C(CNC(=S)[S-])NC(=S)[S-].[Mn+2],265.3
3032604,CCN(CC)C(=O)/C(=C(\C)/OP(=O)(OC)OC)/Cl,299.69
3032771,CC1=NC=C(C(=N1)N)CN(C=O)/C(=C(/CCOP(=O)(O)O)\SC(=O)C2=CC=CC=C2)/C,466.4
3032791,COC(=O)NC(=S)NC1=CC=CC=C1NC(=S)NC(=O)OC,342.4
3032792,CCOC(=O)NC(=S)NC1=CC=CC=C1NC(=S)NC(=O)OCC,370.5
3032818,C[C@H](CO)C1=CC2=C(C=C1)C=C(C=C2)OC,216.27
3032854,CCCCOC(CC)O,132.20
3033151,C1CN(CCC1N2C3=CC=CC=C3NC2=S)CCCC(=O)C4=CC=C(C=C4)F,397.5
3033226,C1=CC=C(C=C1)C(C2=CC=CC=C2)S(=O)CC(=O)NO,289.4
3033626,CC1C2=CC=CC=C2CN1NC(=O)C3=CC(=C(C=C3)Cl)S(=O)(=O)N,365.8
3033637,CN/C(=C\[N+](=O)[O-])/NCCSCC1=CSC(=N1)CN(C)C,331.5
3033674,CCCCOC(=O)[C@@H](C)OC1=CC=C(C=C1)OC2=NC=C(C=C2)C(F)(F)F,383.4
3033690,C[C@H](CSC(=O)C1=CC=CC=C1)C(=O)N2C[C@H](C[C@H]2C(=O)[O-])SC3=CC=CC=C3.C[C@H](CSC(=O)C1=CC=CC=C1)C(=O)N2C[C@H](C[C@H]2C(=O)[O-])SC3=CC=CC=C3.[Ca+2],897.2
3033769,CCN1CCC[C@H]1CNC(=O)C2=C(C(=CC(=C2OC)Cl)Cl)O,347.2
3033817,CS(=O)(=O)O.C1[C@@H]2CC(C[C@H]3N2CC(=O)C1C3)OC(=O)C4=CNC5=CC=CC=C54,420.5
3033825,C[C@@H]1CC(=O)NN=C1C2=CC=C(C=C2)NN=C(C#N)C#N,280.28
3033832,CCN(CC)CCOC1=CC=C(C=C1)/C(=C(/C2=CC=CC=C2)\Cl)/C3=CC=CC=C3.C(C(=O)O)C(CC(=O)O)(C(=O)O)O,598.1
3033842,CC12CCCC=C1C(=O)OC2=O,166.17
3033865,CCOC(=O)C1=NN(C(=N1)C(Cl)(Cl)Cl)C2=C(C=C(C=C2)Cl)Cl,403.5
3033871,CCCCCCCCN1CCCC1=O,197.32
3033877,CCCCCCCC(=O)OCC(CO)O,218.29
3033968,CC[C@]12CC[C@H]3[C@H]([C@@H]1C=C[C@]2(C#C)O)CCC4=CC(=O)CC[C@H]34,310.4
3033988,C/C(=C(\C1=C(C=C(C=C1)Cl)Cl)/OCCOC2=CC=C(C=C2)Cl)/N3C=CN=C3,423.7
3033992,C=COCCOCCOCCOC=C,202.25
3034010,CCCCCCCCCCC[C@@H](C[C@H]1[C@@H](C(=O)O1)CCCCCC)OC(=O)[C@H](CC(C)C)NC=O,495.7
3034020,CC1=NC=C(C(=N1)N)CN(C=O)/C(=C(\CCO)/SSCCC(CCCCC(=O)OC)SC(=O)C)/C,544.8
3034034,COC1=CC2=C(C=CN=C2C=C1)[C@H]([C@@H]3C[C@@H]4CCN3C[C@@H]4C=C)O,324.4
3034285,CO/C=C(\C1=CC=CC=C1OC2=NC=NC(=C2)OC3=CC=CC=C3C#N)/C(=O)OC,403.4
3034287,CCN(CC1=CN=C(C=C1)Cl)/C(=C/[N+](=O)[O-])/NC,270.71
3034319,CC1=CC(=CC=C1)NC(=S)N(C)C,194.30
3034351,CCOC(=O)CN1C2=C(C=CC=C2Cl)SC1=O,271.72
3034368,C(CNC(=S)[S-])NC(=S)[S-].C(CNC(=S)[S-])NC(=S)[S-].[Mn+2].[Zn+2],541.1
3034658,CC(=O)[C@]1(CC[C@@H]2[C@@]1(C[C@@H](C3([C@H]2CCC4=CC(=O)CC[C@@]43C)F)O)C)O,364.4
3034828,C([C@@H]1[C@H]([C@@H]([C@H]([C@H](O1)OC[C@H]([C@H]([C@@H](C(CO)O)O)O)O)O)O)O)O,344.31
3035267,CCOC(=O)OCC/C(=C(\C)/N(CC1=CN=C(N=C1N)C)C=O)/SC(=O)OCC.Cl,462.9
3035467,CCC(OCCCOC)OC(=O)C,190.24
3036780,CN1C[C@@H]2[C@@H](C1)C3=C(C=CC(=C3)Cl)OC4=CC=CC=C24,285.8
3036974,C=CC(=O)OCC1CCC2C1C3CC(C2C3)COC(=O)C=C,304.4
3037556,C([C@H]([C@@H]([C@@H]([C@H](C=O)O)O)O)O)O,180.16
3037582,[C@@H]([C@@H]([C@H](C(=O)O)O)O)([C@@H](C(=O)O)O)O,210.14
3038522,CC(C)OC1=CC=C(C=C1)NC(=O)N2CCN(CC2)C3=NC=NC4=CC(=C(C=C43)OC)OCCCN5CCCCC5,562.7
3041255,CC[C@@H](C(C[C@H](C)N(C)C)(C1=CC=CC=C1)C2=CC=CC=C2)O.Cl,347.9
3045335,CN(CCCN1CCC2=CC(=C(C=C2CC1=O)OC)OC)CCC3=CC(=C(C=C3)OC)OC.Cl,493.0
3045381,CN(CCCN1CCC2=CC(=C(C=C2CC1=O)OC)OC)C[C@H]3CC4=CC(=C(C=C34)OC)OC.Cl,505.0
3045407,CO[C@H]1[C@@H](C[C@@H]2CN3CCC4=C([C@H]3C[C@@H]2[C@@H]1C(=O)OC)NC5=C4C=CC(=C5)OC)OC(=O)COC6=CC=C(C=C6)OC,578.7
3045414,CC(C)(C)NC[C@@H](C1=C(C=C(C=C1)O)Cl)O,243.73
3047798,CC1CC(=O)NN=C1C2=CC=C(C=C2)NCC(C)(C)NCC(COC3=C(C=CC(=C3)Cl)C#N)O,484.0
3048355,C[C@@H]1[C@@H]2CC3=C([C@]1(CCN2CCC4=CC=CC=C4)C)C=C(C=C3)O.Br,402.4
3050408,CC1=C(C=CC(=C1)N2C(=O)NC(=O)N(C2=O)C)OC3=CC=C(C=C3)S(=O)(=O)C(F)(F)F,457.4
3052762,COCCCN1CCC(CC1)NC(=O)C2=CC(=C(C3=C2OCC3)N)Cl,367.9
3052775,CS(=O)(=O)O.C#CCN[C@@H]1CCC2=CC=CC=C12,267.35
3057998,CCNC(C)CC1=CC2=C(C=C1)OCO2.Cl,243.73
3058692,C[C@H]1[C@H](OC(=N1)N)C2=CC=CC=C2,176.21
3058739,CCCCCCCCCCCCCCC[C@@H]([C@H](CO)N)O,301.5
3058754,COC1=C(C=C(C=C1)C2=CC(=NN2C3=CC=C(C=C3)S(=O)(=O)N)C(F)F)F,397.4
3058839,CC(=C)C(=O)OCCOC1CC2CC1C3C2CC=C3,262.34
3060974,CC1=CC(=C(C(=C1)C)N=C2C=C3C4=CC(=C(C=C4CCN3C(=O)N2C)OC)OC)C.Cl,441.9
3061720,CC(C)(C)NCC(C1=NC(=C(C=C1)O)CO)O.Cl,276.76
3062316,CC1=C(C(=CC=C1)Cl)NC(=O)C2=CN=C(S2)NC3=CC(=NC(=N3)C)N4CCN(CC4)CCO,488.0
3067270,C([C@@H]1[C@@H]([C@@H]([C@H]([C@@H](O1)O[C@H]([C@@H](CO)O)[C@@H]([C@H](CO)O)O)O)O)O)O.O,362.33
3068143,CC[C@H]1CN2CCC3=CC(=C(C=C3[C@@H]2C[C@@H]1C[C@@H]4C5=CC(=C(C=C5CCN4)OC)OC)OC)OC.Cl.Cl,553.6
3074827,CC1(CCC(CC1)NC(=O)[C@H](CCC(=O)O)N)C,256.34
3078952,COC1=C(C=C(C=C1)N)N.O.OS(=O)(=O)O,254.26
3081304,CCOC1=NC(=CC2=NC(=NN21)S(=O)(=O)NC3=C(C=CC=C3Cl)Cl)F,406.2
3081361,CN1CCC(CC1)COC2=C(C=C3C(=C2)N=CN=C3NC4=C(C=C(C=C4)Br)F)OC,475.4
3081545,CN[C@H]1[C@H]([C@@H]2[C@H](C[C@H]([C@H](O2)O[C@@H]3[C@H](C[C@H]([C@@H]([C@H]3O)O)N)N)N)O[C@@H]1O[C@@H]4[C@@H]([C@H]([C@@H]([C@H](O4)CO)N)O)O)O,539.6
3082221,CCN1CCCC1CNC(=O)C2=C(C=CC(=C2)S(=O)(=O)CC)OC.Cl,390.9
3083546,CCOC(=O)COC1=C(C=C(C(=C1)N2C(=O)C(=C(C=N2)C(F)(F)F)C)F)Cl,408.73
3083585,C1=CC2=C(C=CC(=C2C(=C1)O)O)O,176.17
3083671,CC1=CC=C(C=C1)S(=O)(=O)NC(=O)NC2CCCC2,282.36
3083802,CCN(CC)CCNC(=O)COC1=CC=C(C=C1)OC.Cl,316.82
3083870,CC(CN1C2=CC=CC=C2S(=O)(=O)C3=CC=CC=C31)CN(C)C.Cl,366.9
3084014,CC(C(C1=CC=C(C=C1)O)O)NC.Cl,217.69
3085168,CC1=NC=C(C(=N1)N)CN(C=O)/C(=C(\CCO)/SS/C(=C(/C)\N(CC2=CN=C(N=C2N)C)C=O)/CCO)/C,562.7
3085326,C1=CC=C(C(=C1)C(=O)OCC(CO)O)NC2=C3C=CC(=CC3=NC=C2)Cl.Cl,409.3
3086157,CN(C)CCOCCN(C)CCO,190.28
3086172,CC1([C@@H]([C@@H]1C(=O)O[C@@H](C#N)C2=CC(=CC=C2)OC3=CC=CC=C3)C=C(Cl)Cl)C,416.3
3086618,C1C[C@H](CN(C1)CCC2=CC3=C(C=C2)OCO3)OC(C4=CC=CC=C4)C5=CC=CC=C5,415.5
3086676,COC1=C2CCCCC(C2=NC=C1)S(=O)C3=NC4=CC=CC=C4N3,341.4
3246155,CN1[C@@H]2CC[C@H]1CC(C2)OC(C3=CC=CC=C3)C4=CC=CC=C4.CS(=O)(=O)O,403.5
3255932,CC(=C)C(=O)[O-].[Na+],108.07
3270262,C=CS(=O)(=O)[O-].[Na+],130.10
3317081,C1=CC=C(C(=C1)C2C(O2)(CN3C=NC=N3)C4=CC=C(C=C4)F)Cl,329.8
3321360,CC1CCCC(=O)C1=O,126.15
3354132,CC1=C(C(=O)C=CO1)OC(=O)C(C)C,196.20
3356745,C1=CC=C2C(=C1)C(=O)[N-]C2=O.[K+],185.22
3378440,C1=CC(=C2C(=C1[N+](=O)[O-])C(=O)C3=C(C=CC(=C3C2=O)O)[N+](=O)[O-])O,330.21
3391107,C1=CC(=CC=C1OC2=C3C(=CC(=CC3=NC=C2)Cl)Cl)F,308.1
3417419,C1=CC(=C(C=C1N)[N+](=O)[O-])O,154.12
3420996,CCC(C)(C)C1CCC(CC1)OC,184.32
3423265,CCCCCCCCCCCCOS(=O)(=O)[O-].[Na+],288.38
3437285,C=COCC1CCC(CC1)COC=C,196.29
3437714,CC1=CC2C3CC(C2C1)C=C3C,160.25
3465817,C1=CC(=C(C=C1N)[N+](=O)[O-])NCCO,197.19
3482402,C1CCC2(CC1)N(CCO2)C(=O)C(Cl)Cl,252.13
3485262,CN(C)C(=S)[S-].CN(C)C(=S)[S-].[Zn+2],305.8
3543259,C1=CC2=C(C=C1[N+](=O)[O-])C(=O)NNC2=O,207.14
3571576,CC(C)(C)CC(C)(C)C1=CC(=C(C(=C1)N2N=C3C=CC=CC3=N2)O)CC4=C(C(=CC(=C4)C(C)(C)CC(C)(C)C)N5N=C6C=CC=CC6=N5)O,658.9
3571582,C=CC1=CC=C(C=C1)S(=O)(=O)[O-].[Na+],206.20
3613389,C1=CC(=C(C=C1[N+](=O)[O-])N)O,154.12
3714831,C1=CC=C2C(=C1)N=C(S2)[S-].[Na+],189.2
3720192,CC1=CC=C(C=C1)S(=O)(=O)[O-].[Na+],194.19
3744660,CC(C)O.CC(C)O.C(CO)N(CCO)CCO.C(CO)N(CCO)CCO.[Ti],466.4
3766139,CCCCNC1=C2C(=C(C=C1)NCCCC)C(=O)C3=CC=CC=C3C2=O,350.5
3794540,C1=CC=C(C(=C1)C=O)S(=O)(=O)[O-].[Na+],208.17
3894848,C1=C(C(=CC(=C1Cl)[N+](=O)[O-])O)N,188.57
4047281,CCOC(=O)COC1=CC=C(C=C1)C,194.23
4068533,C=CC(=O)[O-].[Na+],94.04
4110039,C1=CC=C(C=C1)[S-].[Na+],132.16
4128060,CC(COC(C)COC(=O)C=C)OCC(C)OC(=O)C=C,300.35
4132186,CCCCC1CCC(CC1)O,156.26
4292413,CCCCCCCCCCCC[N+](C)(C)CC(=O)[O-],271.44
4302960,CC(=O)C1=CC=C(C=C1)C2=CC=C(C=C2)C(=O)NCCCCN3CCN(CC3)C4=CC=CC=C4OC,485.6
4320947,C1C(O1)COC2=CC=C(C=C2)C(C3=CC=C(C=C3)OCC4CO4)C5=CC=C(C=C5)OCC6CO6,460.5
4338370,C1=CC(=C(C=C1N)[N+](=O)[O-])N,153.14
4343483,[B-](F)(F)(F)F.[Na+],109.80
4350929,C(#N)[N-]C#N.[Na+],89.03
4373502,C1=CC(=CC=C1C2=CSC(=N2)NN)[N+](=O)[O-],236.25
4379756,C1=CC(=CC=C1O)S(=O)(=O)[O-].[Na+],196.16
4385787,CP(=O)([O-])OCCC[Si](O)(O)O.[Na+],238.18
4420067,CCCCCCCCCCCSCC(=O)O,246.41
4443516,C=CC(=O)OCC(COC1=CC=CC=C1)O,222.24
4445035,C1=CC=C(C=C1)[O-].[Na+],116.09
4474062,CN1C=C(C(=O)C2=C1C=C(C=C2)F)S(=O)C,239.27
4564493,CC1=C(C(=O)CO1)O,114.10
4578030,CCC1OCC(O1)COC2=CC=C(C=C2)OC3=CC=CC=C3,300.3
4649906,C1=NC=N[N-]1.[Na+],91.05
4659569,CC1=CC=C(C=C1)C(=O)C2=CC(=C(C(=C2)O)O)[N+](=O)[O-],273.24
4669250,C1=CC2=C(C=C1[N+](=O)[O-])C(=O)C(=O)N2,192.13
4679699,C1=C(C=C(C(=C1N)O)Cl)[N+](=O)[O-],188.57
4921319,C1=C(C=C(C(=C1N)O)[N+](=O)[O-])[N+](=O)[O-],199.12
4984721,C1=CC(=C(C=C1[N+](=O)[O-])O)N,154.12
5018304,C1=CC=C(C(=C1)CC(=O)[O-])NC2=C(C=CC=C2Cl)Cl.[Na+],318.1
5067511,CC1=C(C(=C(C=C1Br)Br)OC)Br,358.85
5076555,C1=CC=C2C(=C1)C(=O)C3=C(C=C(C(=C3C2=O)N)S(=O)(=O)[O-])Br.[Na+],404.17
5111791,C1=CC(=C(C=C1[N+](=O)[O-])N)N,153.14
5222465,CCCC(=O)[O-].[Na+],110.09
5271565,COC(=O)/C=C\C(=O)OC,144.12
5271566,CCOC(=O)/C=C\C(=O)OCC,172.18
5271569,CCCCOC(=O)/C=C\C(=O)OCCCC,228.28
5273467,CC(C)CCOC(=O)/C=C/C1=CC=CC=C1,218.29
5273469,C1=CC=C(C=C1)COC(=O)/C=C/C2=CC=CC=C2,238.28
5273621,COC1=CC(=O)OC(=C1)/C=C/C2=CC=CC=C2,228.24
5275520,CC(=CCC/C(=C/C(=O)O)/C)C,168.23
5280343,C1=CC(=C(C=C1C2=C(C(=O)C3=C(C=C(C=C3O2)O)O)O)O)O,302.23
5280360,CCCCC[C@@H](/C=C/[C@H]1[C@@H](CC(=O)[C@@H]1C/C=C\CCCC(=O)O)O)O,352.5
5280363,CCCCC[C@@H](/C=C/[C@H]1[C@@H](C[C@@H]([C@@H]1C/C=C\CCCC(=O)O)O)O)O,354.5
5280373,COC1=CC=C(C=C1)C2=COC3=CC(=CC(=C3C2=O)O)O,284.26
5280378,COC1=CC=C(C=C1)C2=COC3=C(C2=O)C=CC(=C3)O,268.26
5280443,C1=CC(=CC=C1C2=CC(=O)C3=C(C=C(C=C3O2)O)O)O,270.24
5280450,CCCCC/C=C\C/C=C\CCCCCCCC(=O)O,280.4
5280489,CC1=C(C(CCC1)(C)C)/C=C/C(=C/C=C/C(=C/C=C/C=C(/C=C/C=C(/C=C/C2=C(CCCC2(C)C)C)\C)\C)/C)/C,536.9
5280531,CCCCCCCCCCCCCCCC(=O)OC/C=C(\C)/C=C/C=C(\C)/C=C/C1=C(CCCC1(C)C)C,524.9
5280567,CC1=CC(=O)OC2=C1C=CC(=C2)O,176.17
5280723,CCCCC[C@@H](/C=C/[C@H]1[C@@H](CC(=O)[C@@H]1CCCCCCC(=O)O)O)O,354.5
5280805,C[C@H]1[C@@H]([C@H]([C@H]([C@@H](O1)OC[C@@H]2[C@H]([C@@H]([C@H]([C@@H](O2)OC3=C(OC4=CC(=CC(=C4C3=O)O)O)C5=CC(=C(C=C5)O)O)O)O)O)O)O)O,610.5
5280863,C1=CC(=CC=C1C2=C(C(=O)C3=C(C=C(C=C3O2)O)O)O)O,286.24
5280899,CC1=C(C(C[C@@H](C1)O)(C)C)/C=C/C(=C/C=C/C(=C/C=C/C=C(/C=C/C=C(/C=C/C2=C(C[C@H](CC2(C)C)O)C)\C)\C)/C)/C,568.9
5280933,CCCCC/C=C\C/C=C\C/C=C\CCCCC(=O)O,278.4
5280934,CC/C=C\C/C=C\C/C=C\CCCCCCCC(=O)O,278.4
5280954,CO[C@H]1[C@@H](C[C@@H]2CN3CCC4=C([C@H]3C[C@@H]2[C@@H]1C(=O)OC)NC5=C4C=CC(=C5)OC)OC(=O)/C=C/C6=CC(=C(C(=C6)OC)OC)OC,634.7
5280961,C1=CC(=CC=C1C2=COC3=CC(=CC(=C3C2=O)O)O)O,270.24
5280970,C(/C=C\Cl)Cl,110.97
5281004,CCCC1O[C@@H]2C[C@H]3[C@@H]4CCC5=CC(=O)C=C[C@@]5([C@H]4[C@H](C[C@@]3([C@@]2(O1)C(=O)CO)C)O)C,430.5
5281025,C1CN(CCN1CCOCCO)C2=NC3=CC=CC=C3SC4=CC=CC=C42.C1CN(CCN1CCOCCO)C2=NC3=CC=CC=C3SC4=CC=CC=C42.C(=C/C(=O)O)\C(=O)O,883.1
5281032,CN1CCN(CC1)CCCN2C3=C(SC4=CC=CC=C24)C=CC(=C3)Cl.C(=C\C(=O)O)\C(=O)O.C(=C\C(=O)O)\C(=O)O,606.1
5281034,C[C@]12CC[C@H]3[C@H]([C@@H]1CC[C@]2(C)O)CC[C@@H]4[C@@]3(C/C(=C/O)/C(=O)C4)C,332.5
5281042,C[N+]1(CCC2=CC(=C(C=C2[C@H]1CC3=CC(=C(C(=C3)OC)OC)OC)OC)OC)CCCOC(=O)CC/C=C/CCC(=O)OCCC[N+]4(CCC5=CC(=C(C=C5[C@H]4CC6=CC(=C(C(=C6)OC)OC)OC)OC)OC)C,1029.3
5281055,CN(CCOC1=CC=C(C=C1)CC2C(=O)NC(=O)S2)C3=CC=CC=N3.C(=C\C(=O)O)\C(=O)O,473.5
5281056,CC(C)(C)NC[C@@H](COC1=NSN=C1N2CCOCC2)O.C(=C\C(=O)O)\C(=O)O,432.5
5281064,CC(C)NCC(COC1=CC=C(C=C1)COCCOC(C)C)O.CC(C)NCC(COC1=CC=C(C=C1)COCCOC(C)C)O.C(=C/C(=O)O)\C(=O)O,767.0
5281065,CCCCCCCN(CC)CCCC(C1=CC=C(C=C1)NS(=O)(=O)C)O.CCCCCCCN(CC)CCCC(C1=CC=C(C=C1)NS(=O)(=O)C)O.C(=C/C(=O)O)\C(=O)O,885.2
5281069,C[C@@](C1=CC=CC=C1)(C2=CC=C(C=C2)Cl)OCC[C@H]3CCCN3C.C(=C/C(=O)O)\C(=O)O,460.0
5281077,CCC(/C=C/Cl)(C#C)O,144.60
5281078,CC1=C2COC(=O)C2=C(C(=C1OC)C/C=C(\C)/CCC(=O)OCCN3CCOCC3)O,433.5
5281080,C[N+]1(CCC2=CC(=C(C=C2[C@H]1CC3=CC(=C(C(=C3)OC)OC)OC)OC)OC)CCCOC(=O)CC/C=C/CCC(=O)OCCC[N+]4(CCC5=CC(=C(C=C5[C@H]4CC6=CC(=C(C(=C6)OC)OC)OC)OC)OC)C.[Cl-].[Cl-],1100.2
5281081,CCN(CC)C(=O)/C(=C/C1=CC(=C(C(=C1)O)O)[N+](=O)[O-])/C#N,305.29
5281082,CC(=O)C1=CC2=C(SC3=CC=CC=C3N2CCCN4CCN(CC4)CCO)C=C1.C(=C\C(=O)O)\C(=O)O.C(=C\C(=O)O)\C(=O)O,643.7
5281091,CC(C)(C)C(C)([C@H]1C[C@@]23CC[C@@]1([C@H]4[C@@]25CCN([C@@H]3CC6=C5C(=C(C=C6)O)O4)CC7CC7)OC)O.Cl,504.1
5281098,CN(C/C=C/C1=CC=CC=C1)CC2=CC=CC3=CC=CC=C32.Cl,323.9
5281104,C[C@H](/C=C/[C@H](C)C(C)(C)O)[C@H]1CC[C@@H]\2[C@@]1(CCC/C2=C\C=C3C[C@H](C[C@@H](C3)O)O)C,416.6
5281116,CCCCCCCC/C=C\CCCCCCCCCCCC(=O)O,338.6
5281162,CCCCC/C=C\C=C\C(=O)OCC,196.29
5281167,CC/C=C\CCO,100.16
5281168,CCC/C=C/C=O,98.14
5281226,C/C(=C\C=C\C=C(/C)\C=C\C=C(\C)/C=C/C(=O)OC)/C=C/C=C(\C)/C=C/C(=O)O,394.5
5281227,CC1=C(C(CCC1=O)(C)C)/C=C/C(=C/C=C/C(=C/C=C/C=C(/C=C/C=C(/C=C/C2=C(C(=O)CCC2(C)C)C)\C)\C)/C)/C,564.8
5281233,C/C(=C\C=C\C=C(\C=C\C=C(\C(=O)O[C@@H]1O[C@@H]([C@H]([C@@H]([C@H]1O)O)O)CO[C@@H]2O[C@@H]([C@H]([C@@H]([C@H]2O)O)O)CO)/C)/C)/C=C/C=C(/C(=O)O[C@@H]3O[C@@H]([C@H]([C@@H]([C@H]3O)O)O)CO[C@@H]4O[C@@H]([C@H]([C@@H]([C@H]4O)O)O)CO)\C,977.0
5281243,CC1=C(C(C[C@@H](C1)O)(C)C)/C=C/C(=C/C=C/C(=C/C=C/C=C(\C)/C=C/C=C(\C)/C=C/[C@H]2C(=C[C@@H](CC2(C)C)O)C)/C)/C,568.9
5281250,CCCCCCCCCCCCCCCC(=O)O[C@H]1CC(C(=C(C1)C)/C=C/C(=C/C=C/C(=C/C=C/C=C(/C=C/C=C(/C=C/C2=C(C[C@H](CC2(C)C)OC(=O)CCCCCCCCCCCCCCC)C)\C)\C)/C)/C)(C)C,1045.7
5281417,C1=CC(=O)OC2=CC(=C(C=C21)O[C@H]3[C@@H]([C@H]([C@@H]([C@H](O3)CO)O)O)O)O,340.28
5281515,C/C/1=C\CCC(=C)[C@H]2CC([C@@H]2CC1)(C)C,204.35
5281516,CC(=CCC/C(=C/C/C=C(\C)/C=C)/C)C,204.35
5281517,CC(=CCC/C(=C/CCC(=C)C=C)/C)C,204.35
5281565,COC1=CC(=O)O[C@H](C1)/C=C/C2=CC=CC=C2,230.26
5281567,COC1=CC(=O)O[C@H](C1)/C=C/C2=CC3=C(C=C2)OCO3,274.27
5281575,COC1=CC=C(C=C1)/C=C/C2=CC(=CC(=O)O2)OC,258.27
5281576,C[C@H]1CCCC(=O)CCC/C=C/C2=C(C(=CC(=C2)O)O)C(=O)O1,318.4
5281607,C1=CC=C(C=C1)C2=CC(=O)C3=C(C=C(C=C3O2)O)O,254.24
5281613,C[C@H]1[C@@H]([C@H]([C@H]([C@@H](O1)OC[C@@H]2[C@H]([C@@H]([C@H]([C@@H](O2)OC3=CC(=C4C(=C3)OC(=CC4=O)C5=CC(=C(C=C5)OC)O)O)O)O)O)O)O)O,608.5
5281707,C1=CC2=C(C=C1O)OC3=C2C(=O)OC4=C3C=CC(=C4)O,268.22
5281708,C1=CC(=CC=C1C2=COC3=C(C2=O)C=CC(=C3)O)O,254.24
5281764,C1=CC(=C(C=C1/C=C/C(=O)O[C@@H](C(=O)O)[C@@H](OC(=O)/C=C/C2=CC(=C(C=C2)O)O)C(=O)O)O)O,474.4
5281769,C1[C@H]([C@@H]([C@@H](C[C@]1(C(=O)O)OC(=O)/C=C/C2=CC(=C(C=C2)O)O)OC(=O)/C=C/C3=CC(=C(C=C3)O)O)O)O,516.4
5281771,C[C@H]1[C@@H]([C@H]([C@H]([C@@H](O1)O[C@@H]2[C@H]([C@@H](O[C@@H]([C@H]2OC(=O)/C=C/C3=CC(=C(C=C3)O)O)CO[C@H]4[C@@H]([C@H]([C@@H]([C@H](O4)CO)O)O)O)OCCC5=CC(=C(C=C5)O)O)O)O)O)O,786.7
5281855,C1=C2C3=C(C(=C1O)O)OC(=O)C4=CC(=C(C(=C43)OC2=O)O)O,302.19
5281873,CC1(C(C1C(=O)OC(C#N)C2=CC(=CC=C2)OC3=CC=CC=C3)/C=C(/C(F)(F)F)\Cl)C,449.8
5281874,CC1=C(C(=C(C(=C1F)F)COC(=O)C2C(C2(C)C)/C=C(/C(F)(F)F)\Cl)F)F,418.7
5281875,CC1(CN=C(NC1)NN=C(/C=C/C2=CC=C(C=C2)C(F)(F)F)/C=C/C3=CC=C(C=C3)C(F)(F)F)C,494.5
5281881,C1CN(CCN1CC/C=C\2/C3=CC=CC=C3SC4=C2C=C(C=C4)C(F)(F)F)CCO,434.5
5281915,CC1=C(C(=O)C(=C(C1=O)OC)OC)C/C=C(\C)/CC/C=C(\C)/CC/C=C(\C)/CC/C=C(\C)/CC/C=C(\C)/CC/C=C(\C)/CC/C=C(\C)/CC/C=C(\C)/CC/C=C(\C)/CCC=C(C)C,863.3
5282108,CC1=CCCC(C1/C=C/C(=O)C)(C)C,192.30
5282109,CC(=CCC/C(=C/COC=O)/C)C,182.26
5282110,CC(=O)OC/C=C/C1=CC=CC=C1,176.21
5282136,C1CCN(CC1)CC2=CC(=NC=C2)OC/C=C\CNC(=O)CS(=O)CC3=CC=CO3,431.6
5282138,CC1=C(C(C(=C(N1)C)C(=O)OC/C=C/C2=CC=CC=C2)C3=CC(=CC=C3)[N+](=O)[O-])C(=O)OCCOC,492.5
5282164,C[C@H](CCC=C(C)C)[C@H]1CC[C@@]2([C@@]1(CC[C@]34[C@H]2CC[C@@H]5[C@]3(C4)CC[C@@H](C5(C)C)OC(=O)/C=C/C6=CC(=C(C=C6)O)OC)C)C,602.9
5282169,CCC(=O)O[C@@H]1CC(=O)O[C@@H](C/C=C/C=C/[C@@H]([C@@H](C[C@@H]([C@@H]([C@H]1OC)O[C@H]2[C@@H]([C@H]([C@@H]([C@H](O2)C)O[C@H]3C[C@@]([C@H]([C@@H](O3)C)OC(=O)CC)(C)O)N(C)C)O)CC=O)C)O)C,814.0
5282175,CCCCCCCC(=O)CC[C@H]1[C@@H](C[C@@H]([C@@H]1C/C=C\CCCC(=O)OC(C)C)O)O,424.6
5282180,CC1=C(C(CCC1)(C)C)/C=C/C(=C/C=C/C(=C/C(=O)OC2=C(C3=C(C(=C2C)C)O[C@](CC3)(C)CCC[C@H](C)CCC[C@H](C)CCCC(C)C)C)/C)/C,713.1
5282182,CC(=CCC/C(=C/CC/C(=C/CCC(=O)OC/C=C(\C)/CCC=C(C)C)/C)/C)C,400.6
5282183,CC1=C(C2=C(N1C(=O)C3=CC=C(C=C3)Cl)C=CC(=C2)OC)CC(=O)OC/C=C(\C)/CC/C=C(\C)/CCC=C(C)C,562.1
5282198,CCOC(=O)/C=C(\C)/C=C/C[C@@H](C)CCCC(C)C,266.4
5282199,CC(=CCC/C(=C/CC/C(=C/CC/C(=C/CCC(=O)C)/C)/C)/C)C,330.5
5282203,CC(C1=CC=C(C=C1)/C=C/2\CCCCC2=O)C(=O)O,258.31
5282209,CO[C@H]1[C@@H](C[C@@H]2CN3CCC4=C([C@H]3C[C@@H]2[C@@H]1C(=O)OC)NC5=C4C=CC(=C5)OC)OC(=O)/C=C/C6=CC(=C(C=C6)O)OC,590.7
5282215,C1CCNC2=C(C1)C=CC(=C2)C(=O)CCC3CCN(CC3)CC4=CC=CC=C4.C(=C/C(=O)O)\C(=O)O,492.6
5282219,CC(=CCOC1=CC=C(C=C1)/C=C/C(=O)C2=C(C=C(C=C2)OCC=C(C)C)OCC(=O)O)C,450.5
5282229,CC(=CCC/C(=C/CC/C(=C/C(=O)OCC(=O)[C@]1(CC[C@@H]2[C@@]1(C[C@@H]([C@H]3[C@H]2CCC4=CC(=O)C=C[C@]34C)O)C)O)/C)/C)C,578.8
5282230,COC1=C(C=C(C=C1)/C=C/C(=O)NC2=CC=CC=C2C(=O)O)OC,327.3
5282242,C1C=C(N2[C@H](S1)[C@@H](C2=O)NC(=O)/C(=C\CC(=O)O)/C3=CSC(=N3)N)C(=O)O,410.4
5282318,CC(CN1C2=CC=CC=C2CCC3=CC=CC=C31)CN(C)C.C(=C\C(=O)O)\C(=O)O,410.5
5282367,CC1=C(C(=O)C2=CC=CC=C2C1=O)C/C=C(\C)/CC/C=C(\C)/CC/C=C(\C)/CCC=C(C)C,444.6
5282375,CCOC(=O)/C=C(\C)/C=C/C=C(\C)/C=C/C1=C(C(=C(C=C1C)OC)C)C,354.5
5282379,CC1=C(C(CCC1)(C)C)/C=C/C(=C/C=C/C(=C\C(=O)O)/C)/C,300.4
5282381,CCCCC(C)(C/C=C/[C@H]1[C@@H](CC(=O)[C@@H]1CCCCCCC(=O)OC)O)O,382.5
5282386,CC1=CC(=CC(=C1CC2=NCCN2)C)C(C)(C)C.Cl,280.83
5282402,CN(C)CC/C=C\1/C2=CC=CC=C2COC3=C1C=C(C=C3)CC(=O)O.Cl,373.9
5282409,CN(C)CCOC(C1=CC=C(C=C1)Cl)C2=CC=CC=N2.C(=C\C(=O)O)\C(=O)O,406.9
5282415,CCCCC[C@@H](/C=C/[C@H]1[C@@H](C[C@@H]([C@@H]1C/C=C\CCCC(=O)O)O)O)O.C(C(CO)(CO)N)O,475.6
5282422,CCN(CC)CC1=NC=CN1C2=C(C=C(C=C2)[N+](=O)[O-])C(=O)C3=CC=CC=C3Cl.C(=C/C(=O)O)\C(=O)O,528.9
5282433,CCCCCOC1=CC=CC=C1/C(=C\SC)/N2C=CN=C2,302.4
5282435,C1=CC(=C(C=C1Cl)C2=NC(=NC(=N2)N)N)Cl.C(=C\C(=O)O)\C(=O)O,372.16
5282443,CC1=CC=C(C=C1)/C(=C\CN2CCCC2)/C3=CC=CC=N3,278.4
5282450,C1CCN(CC1)CC2=CC(=NC=C2)OC/C=C\CNC3=C(C(=O)C3=O)N,356.4
5282451,C1C(C1)C2=NC3=CC=CC=C3C(=C2/C=C/[C@@H](O)C[C@@H](O)CC(=O)[O-])C4=CC=C(C=C4)F.C1C(C1)C2=NC3=CC=CC=C3C(=C2/C=C/[C@@H](O)C[C@@H](O)CC(=O)[O-])C4=CC=C(C=C4)F.[Ca+2],881.0
5282458,COC1=CC(=CC(=C1OC)OC)/C=C/C(=O)N2CCN(CC2)CC(=O)N3CCCC3.C(=C\C(=O)O)\C(=O)O,533.6
5282474,CCCCC1=NC=C(N1CC2=CC=C(C=C2)C(=O)O)/C=C(\CC3=CC=CS3)/C(=O)O.CS(=O)(=O)O,520.6
5282484,C[C@@H](CN1C2=CC=CC=C2SC3=C1C=C(C=C3)OC)CN(C)C.C(=C\C(=O)O)\C(=O)O,444.5
5282485,CCOCCN1C(=NC2=CC=CC=C12)N3CCN(CCC3)C.C(=C/C(=O)O)\C(=O)O.C(=C/C(=O)O)\C(=O)O,534.6
5282493,C[C@@H]1C[C@H]2[C@@H]3C[C@@H](C4=CC(=O)C=C[C@@]4([C@]3([C@H](C[C@@]2([C@H]1C(=O)COC(=O)C(C)(C)C)C)O)Cl)C)F,495.0
5282494,CCCCC(=O)O[C@@]1(CC[C@@H]2[C@@]1(C[C@@H]([C@H]3[C@H]2CCC4=CC(=O)CC[C@]34C)O)C)C(=O)CO,446.6
5282517,C[C@@H](C(=O)N[C@@H](C)C(=O)NC1[C@H]2[C@@H]1CN(C2)C3=C(C=C4C(=O)C(=CN(C4=N3)C5=C(C=C(C=C5)F)F)C(=O)O)F)N.CS(=O)(=O)O,654.6
5282521,CC[C@@H]1[C@H](/C=C(/C=C/C(=O)[C@@H](C[C@@H]([C@@H]([C@H]([C@@H](CC(=O)O1)O)C)O[C@H]2[C@@H]([C@H]([C@@H]([C@H](O2)C)O)N(C)C)O)CCN3C[C@@H](C[C@@H](C3)C)C)C)\C)CO[C@H]4[C@@H]([C@@H]([C@@H]([C@H](O4)C)O)OC)OC,869.1
5282593,CN1[C@@H]2CC[C@H]1CC(C2)OC(=O)C(C3=CC=CC=C3)O,275.34
5282745,CCCCCC/C=C/CCCCCCCC(=O)O,254.41
5283292,CCCC/C=C/CCCCO,156.26
5283335,CCCCCC/C=C/C=O,140.22
5283344,CCCCCC(/C=C/C=O)O,156.22
5283345,CCCCCCC/C=C/C=O,154.25
5283349,CCCCC/C=C/C=C/C=O,152.23
5283387,CCCCCCCC/C=C\CCCCCCCC(=O)N,281.5
5283389,CCCCC/C=C\C/C=C\C/C=C\C/C=C\CCCC(=O)NCC(=O)O,361.5
5283711,C[C@H](CCCC(C)C)[C@H]1CC[C@@H]\2[C@@]1(CCC/C2=C\C=C\3/C[C@H](CCC3=C)O)C,384.6
5283718,C[C@H](CCCC(C)C)[C@H]1CC[C@@H]\2[C@@]1(CCC/C2=C\C=C\3/C[C@H](C[C@@H](C3=C)O)O)C,400.6
5283740,C[C@H](CCCC(C)(C)O)[C@H]1CC[C@@H]\2[C@@]1(CCC/C2=C\C=C\3/C[C@H](C[C@@H](C3=C)O)O)C,416.6
5284341,C1=CC=C(C=C1)C2=CC=C(C=C2)N.Cl,205.68
5284342,C(C(=O)O)C(CC(=O)[O-])(C(=O)[O-])O.[NH4+].[NH4+],226.18
5284343,C([C@H]([C@@H]1[C@@H]([C@@H]2[C@H](O1)O[C@H](O2)C(Cl)(Cl)Cl)O)O)O,309.5
5284346,O.O.[Cl-].[Cl-].[Ba+2],244.26
5284349,C1=CC=C(C=C1)N=NC2=C(C3=C(C(=C(C=C3C=C2S(=O)(=O)[O-])S(=O)(=O)[O-])N=NC4=CC=C(C=C4)C5=CC=C(C=C5)N=NC6=C(C=C(C=C6)N)N)N)O.[Na+].[Na+],781.7
5284359,[Cl-].[Cl-].[Ca+2],110.98
5284360,CN(C)C(=O)COC(=O)CC1=CC=C(C=C1)OC(=O)C2=CC=C(C=C2)N=C(N)N.CS(=O)(=O)O,494.5
5284361,CCC(CCC(C(CC(C(C(CCl)Cl)Cl)Cl)Cl)Cl)Cl,411.4
5284363,C1=CC(=CC=C1N)Cl.Cl,164.03
5284366,C[NH+](C)CCC(C1=CC=C(C=C1)Cl)C2=CC=CC=N2.C(=C\C(=O)[O-])\C(=O)O,390.9
5284369,C1=CC=C(C=C1)/C=C/COC(=O)C2=CC=CC=C2N,253.29
5284371,CN1CC[C@]23[C@@H]4[C@H]1CC5=C2C(=C(C=C5)OC)O[C@H]3[C@H](C=C4)O,299.4
5284373,CC[C@H]1C(=O)N(CC(=O)N([C@H](C(=O)N[C@H](C(=O)N([C@H](C(=O)N[C@H](C(=O)N[C@@H](C(=O)N([C@H](C(=O)N([C@H](C(=O)N([C@H](C(=O)N([C@H](C(=O)N1)[C@@H]([C@H](C)C/C=C/C)O)C)C(C)C)C)CC(C)C)C)CC(C)C)C)C)C)CC(C)C)C)C(C)C)CC(C)C)C)C,1202.6
5284376,CC(C)N(C(C)C)C(=O)SC/C(=C/Cl)/Cl,270.22
5284378,C1=CC(=C(C=C1N)S(=O)(=O)O)/C=C/C2=C(C=C(C=C2)N)S(=O)(=O)O,370.4
5284382,C1CO[C@@H]([C@H](O1)Cl)Cl,156.99
5284385,COC1=CC(=C(C=C1)N)OC.Cl,189.64
5284409,CC(C)(C)NC[C@@H](COC1=CC=CC2=C1CCCC2=O)O.Cl,327.8
5284416,[Cl-].[Cl-].[Hg+2],271.50
5284419,C[C@H]1[C@@H]([C@H]([C@H]([C@@H](O1)OC[C@@H]2[C@H]([C@@H]([C@H]([C@@H](O2)OC3=CC(=C4C(=O)C[C@H](OC4=C3)C5=CC(=C(C=C5)OC)OC)O)O)O)O)O)O)O,624.6
5284421,CCCCC/C=C\C/C=C\CCCCCCCC(=O)OC,294.5
5284429,O.O.O.O.O.O.[O-]S(=O)(=O)[O-].[Ni+2],262.85
5284435,C1=CC=C(C=C1)NC2=C(C=C(C=C2)NC3=C(C=C(C=C3)[N+](=O)[O-])[N+](=O)[O-])S(=O)(=O)[O-].[Na+],452.4
5284439,C1CCC(CC1)C(CC2CCCCN2)C3CCCCC3.C(=C\C(=O)O)\C(=O)O,393.6
5284441,CC(COC1=CC=CC=C1)N(CCCl)CC2=CC=CC=C2.Cl,340.3
5284442,C1=CC=C(C=C1)/C(=C\CCCCC(=O)O)/C2=CN=CC=C2,281.3
5284443,CNC[C@@H](C1=CC(=CC=C1)O)O.Cl,203.66
5284447,C[C@@H]1C/C=C/C=C/C=C/C=C/[C@@H](C[C@H]2[C@@H]([C@H](C[C@](O2)(C[C@H](C[C@@H]3[C@H](O3)/C=C/C(=O)O1)O)O)O)C(=O)O)O[C@H]4[C@H]([C@H]([C@@H]([C@H](O4)C)O)N)O,665.7
5284448,CCCCCCCC/C=C/CCCCCCCC(=O)OCCOCC(C1C(CC(O1)OCCO)OCCO)OCCO,604.8
5284451,CN(C)CCN(CC1=CC=C(C=C1)OC)C2=CC=CC=N2.C(=C\C(=O)O)\C(=O)O,401.5
5284452,C1=CC(=C(C=C1C2=C(C(=O)C3=C(C=C(C=C3O2)O)O)O)O)O.O.O,338.27
5284459,C1=CC=C(C=C1)/C=C/[N+](=O)[O-],149.15
5284462,COP(=O)(OC)O/C(=C\Cl)/C1=CC(=C(C=C1Cl)Cl)Cl,366.0
5284466,[Cl-].[Cl-].[Sn+2],189.61
5284469,C=C1C(C2(C(C(C1(C2(Cl)Cl)Cl)Cl)Cl)Cl)(CCl)CCl,411.8
5284472,CC1=CC=C(C=C1)/C(=C\CN2CCCC2)/C3=CC=CC=N3.O.Cl,332.9
5284483,CCCCN(CCCC)C(=S)[S-].CCCCN(CCCC)C(=S)[S-].[Zn+2],474.1
5284499,CCCCCCCC/C=C\CCCCCCCCO,268.5
5284503,CC/C=C/CCO,100.16
5284507,CC(=CCC/C(=C/CCC(C)(C=C)O)/C)C,222.37
5284513,CC1=CC(=C(C(=C1/C=C/C(=C/C=C/C(=C/C(=O)O)/C)/C)C)C)OC,326.4
5284514,CC1=CC=C(C=C1)/C(=C\CN2CCCC2)/C3=CC=CC(=N3)/C=C/C(=O)O,348.4
5284516,CCC(=O)O[C@@]1(CCN(C[C@H]1C)C)C2=CC=CC=C2,261.36
5284517,C[C@@H]([C@@H]1CC[C@H]([C@H](O1)O[C@@H]2[C@H]([C@@H]([C@@H]([C@H]([C@H]2O)N(C)C(=O)CN)OC)O)N)N)N,405.5
5284529,COC1=C(N2[C@@H]([C@@H](C2=O)NC(=O)[C@@H](C3=CCC=CC3)N)SC1)C(=O)O,365.4
5284533,CC(=O)[C@]1(CC[C@@H]2[C@@]1(CC[C@H]3[C@H]2C=C(C4=CC(=O)CC[C@]34C)Cl)C)O,362.9
5284537,CC(=O)[C@]1(CC[C@@H]2[C@@]1(CC[C@H]3[C@H]2C=C(C4=CC(=O)[C@@H]5C[C@@H]5[C@]34C)Cl)C)O,374.9
5284555,C[C@]12CC[C@H]3[C@H]([C@@H]1CCC2=O)CCC4=C3C=CC(=C4)OS(=O)(=O)O.C1CNCCN1,436.6
5284557,C[C@]12CCC(=O)C=C1CC[C@@H]3[C@@H]2CC[C@]4([C@H]3CC[C@]4(C#C)O)C,312.4
5284572,CC1(C(=[N+](C2=C1C3=CC=CC=C3C=C2)CCCCS(=O)(=O)[O-])/C=C\C=C/C=C\C=C\4/C(C5=C(N4CCCCS(=O)(=O)[O-])C=CC6=CC=CC=C65)(C)C)C.[Na+],775.0
5284579,C[C@@H]1C/C=C/C=C/[C@@H]([C@@H](C[C@@H]([C@@H](C([C@@H](CC(=O)O1)OC(=O)C)OC)O[C@H]2[C@@H]([C@H]([C@@H]([C@H](O2)C)O[C@H]3C[C@@]([C@@H]([C@@H](O3)C)OC(=O)CC(C)C)(C)O)N(C)C)O)CC=O)C)O,828.0
5284580,C[C@@H]1[C@H]([C@H](C[C@@H](O1)O[C@@H]2[C@H](O[C@H](C[C@@H]2O)OC3CC[C@]4([C@@H](C3)CC[C@@H]5[C@@H]4CC[C@]6([C@@]5(CC[C@@H]6C7=CC(=O)OC7)O)C)C)C)O)O[C@H]8C[C@@H]([C@@H]([C@H](O8)C)O[C@H]9[C@@H]([C@H]([C@@H]([C@H](O9)CO)O)O)O)OC(=O)C,969.1
5284584,C1CC(=C(N2[C@H]1[C@@H](C2=O)NC(=O)[C@@H](C3=CC=CC=C3)N)C(=O)O)Cl.O,367.78
5284587,C[C@H]1C[C@H]2[C@@H]3CCC4=CC(=O)C=C[C@@]4([C@H]3C(=O)C[C@@]2([C@]1(C(=O)CO)O)C)C,372.5
5284594,C=C1CC[C@]2([C@H]3CC4=C5[C@]2([C@H]1OC5=C(C=C4)O)CCN3CC6CC6)O,339.4
5284596,C=CCN1CC[C@]23[C@@H]4C(=O)CC[C@]2([C@H]1CC5=C3C(=C(C=C5)O)O4)O,327.4
5284607,CC1=C(C(=O)C2=CC=CC=C2C1=O)C/C=C(\C)/CCC[C@H](C)CCC[C@H](C)CCCC(C)C,450.7
5284610,C[C@@H]1[C@H]([C@@H](C[C@@H](O1)O[C@@H]2C[C@@H](O[C@@H]([C@@H]2O)C)OC3=CC4=CC5=C(C(=O)[C@H](C(C5)[C@@H](C(=O)[C@H]([C@@H](C)O)O)OC)O[C@H]6C[C@H]([C@@H]([C@H](O6)C)O)O[C@H]7C[C@H]([C@@H]([C@H](O7)C)O)O[C@H]8C[C@]([C@@H]([C@H](O8)C)O)(C)O)C(=C4C(=C3C)O)O)O)O,1085.1
5284613,C[C@H]1[C@@H]([C@H]([C@H]([C@@H](O1)O[C@H]2CC[C@@]3([C@H]4CC[C@@]5([C@H](CC[C@@]5([C@@H]4CCC3=C2)O)C6=COC(=O)C=C6)C)C)O)O)O,530.6
5284619,C[C@@H]1C/C=C/C=C/[C@@H]([C@@H](C[C@@H]([C@@H]([C@H]([C@@H](CC(=O)O1)O)OC)O[C@H]2[C@@H]([C@H]([C@@H]([C@H](O2)C)O[C@H]3C[C@@]([C@H]([C@@H](O3)C)O)(C)O)N(C)C)O)CC=O)C)O[C@@H]4CC[C@@H]([C@H](O4)C)N(C)C,843.1
5284620,C[C@@H]1C/C=C/C=C/[C@@H]([C@@H](C[C@@H]([C@@H]([C@H]([C@@H](CC(=O)O1)OC(=O)C)OC)O[C@H]2[C@@H]([C@H]([C@@H]([C@H](O2)C)O[C@H]3C[C@@]([C@H]([C@@H](O3)C)O)(C)O)N(C)C)O)CC=O)C)O[C@@H]4CC[C@@H]([C@H](O4)C)N(C)C,885.1
5284623,COC1=CC(=CC(=C1O)OC)[C@H]2[C@@H]3C(COC3=O)C(C4=CC5=C(C=C24)OCO5)O[C@H]6[C@@H]([C@H]([C@H]7[C@H](O6)COC(O7)C8=CC=CS8)O)O,656.7
5284627,CC1(O[C@@H]2CO[C@@]3([C@H]([C@@H]2O1)OC(O3)(C)C)COS(=O)(=O)N)C,339.36
5284629,CCO[C@H]1[C@@H]([C@H]([C@H](O1)C(COCC2=CC=CC=C2)OCC3=CC=CC=C3)OCC4=CC=CC=C4)O,478.6
5284630,C[C@@H]1C[C@@H]([C@H]([C@@H](O1)O[C@H]2[C@H](C[C@]3(CO3)C(=O)[C@@H]([C@H]([C@H]([C@H](OC(=O)[C@@H]([C@H]([C@@H]2C)O[C@H]4C[C@@H]([C@H]([C@@H](O4)C)OC(=O)C)OC)C)C)C)OC(=O)C)C)C)OC(=O)C)N(C)C,814.0
5284631,C1CC[N+]2(C1)[C@@H]3CC[C@H]2CC(C3)OC(=O)C(C4=CC=CC=C4)(C5=CC=CC=C5)O.[Cl-],428.0
5284633,CCCCC(=O)N(CC1=CC=C(C=C1)C2=CC=CC=C2C3=NNN=N3)[C@H](C(C)C)C(=O)O,435.5
5287407,C([C@@H]1[C@@H]2[C@@H]([C@H]([C@H](O1)O[C@@H]3[C@H](O[C@@H]([C@@H]([C@H]3O)O)O[C@@H]4[C@H](O[C@@H]([C@@H]([C@H]4O)O)O[C@@H]5[C@H](O[C@@H]([C@@H]([C@H]5O)O)O[C@@H]6[C@H](O[C@@H]([C@@H]([C@H]6O)O)O[C@@H]7[C@H](O[C@@H]([C@@H]([C@H]7O)O)O[C@@H]8[C@H](O[C@@H]([C@@H]([C@H]8O)O)O[C@@H]9[C@H](O[C@H](O2)[C@@H]([C@H]9O)O)CO)CO)CO)CO)CO)CO)CO)O)O)O,1297.1
5288209,CC1=C(C(CCC1)(C)C)/C=C/C(=C/C=C/C(=C/C(=O)NC2=CC=C(C=C2)O)/C)/C,391.5
5289501,C/C(=C\C1=CC=C(C=C1)C(=O)O)/C2=CC3=C(C=C2)C(CCC3(C)C)(C)C,348.5
5309446,C1CCN(C1)CC2=NC3=CC=CC=C3N2CC4=CC=C(C=C4)Cl.Cl,362.3
5310987,C(/C=C/C(=O)O)N,101.10
5310993,CC1=CN=C(C=[N+]1[O-])C(=O)O,154.12
5311010,CC[C@H](C)[C@H]1C(=O)N[C@H](C(=O)N[C@H](C(=O)N[C@@H](CSSCCC(=O)N[C@@H](C(=O)N1)CC2=CC=C(C=C2)OCC)C(=O)N3CCC[C@H]3C(=O)N[C@@H](CCCN)C(=O)NCC(=O)N)CC(=O)N)[C@@H](C)O,994.2
5311035,CCCC1(CCC1)[C@@H](C/C=C/[C@H]2[C@@H](CC(=O)[C@@H]2CCCCCCC(=O)OC)O)O,408.6
5311037,CCN1C2=C(C(=O)N(C1=O)CC)N(C(=N2)/C=C/C3=CC(=C(C=C3)OC)OC)C,384.4
5311051,C[C@H]1C[C@H]2[C@@H]3CCC4=CC(=O)C=C[C@@]4([C@]3([C@H](C[C@@]2([C@]1(C(=O)CCl)O)C)O)F)C,410.9
5311064,COC1=C(C=C(C=C1)CCNC[C@@H](C2=CC=C(C=C2)O)O)OC,317.4
5311066,C[C@]12C[C@@H]([C@H]3[C@H]([C@@H]1C[C@@H]4[C@]2(OC(O4)(C)C)C(=O)CO)CCC5=CC(=O)C=C[C@]35C)O,416.5
5311067,C[C@@H]1C[C@H]2[C@@H]3CCC4=CC(=O)C=C[C@@]4([C@]3([C@H](C[C@@]2([C@H]1C(=O)CO)C)O)F)C,376.5
5311071,C[C@H]\1CC[C@@H](C/C1=C\C=C\2/CCC[C@]3([C@H]2CC[C@@H]3[C@H](C)/C=C/[C@H](C)C(C)C)C)O,398.7
5311093,CCCCCCCC/C=C\CCCCCCCC(=O)NCC1=CC(=C(C=C1)O)OC,417.6
5311100,C1[C@@H]([C@@H]([C@H]([C@@H]1O)/C=C/[C@H](COC2=CC=CC(=C2)C(F)(F)F)O)C/C=C\CCCC(=O)O)O,458.5
5311110,C([C@H]([C@H]([C@H](C=O)O)O)O)O,150.13
5311181,CC#CCC(C)[C@@H](/C=C/[C@H]1[C@@H](C[C@H]2[C@@H]1C/C(=C/CCCC(=O)O)/C2)O)O,360.5
5311217,CCOC(=O)C1=C(NC(=C(C1C2=CC=CC=C2/C=C/C(=O)OC(C)(C)C)C(=O)OCC)C)C,455.5
5311271,COC1=CC=CC(=C1OC)[C@@H](C2CCN(CC2)CCC3=CC=C(C=C3)F)O,373.5
5311304,C1CC(C1)CN2CC[C@]34[C@@H]5[C@H](CC[C@]3([C@H]2CC6=C4C(=C(C=C6)O)O5)O)O,357.4
5311309,CC(C)C1CCC(CC1)C(=O)N[C@H](CC2=CC=CC=C2)C(=O)O,317.4
5311398,CCC(=O)O[C@H]1[C@H](C[C@@H]2[C@@]1(CC[C@H]3[C@H]2CC[C@@H]4[C@@]3(C[C@@H]([C@H](C4)OC(=O)C)N5CCCCC5)C)C)[N+]6(CCCCC6)CC=C.[Br-],677.8
5311429,CC1(CO[C@H](CN1)CC(=O)O)C,173.21
5311454,CC(C)(C)C(/C=C/C1=CC2=C(C=C1)OCO2)O,234.29
5311498,CC1=CC2=C(C=C1C)N(C=N2)[C@@H]3[C@@H]([C@@H]([C@H](O3)CO)OP(=O)([O-])O[C@H](C)CNC(=O)CC[C@@]4([C@H]([C@@H]5[C@]6([C@@]([C@@H](/C(=C(/C7=N/C(=C\C8=N/C(=C(\C4=N5)/C)/[C@H](C8(C)C)CCC(=O)N)/[C@H]([C@]7(C)CC(=O)N)CCC(=O)N)\C)/[N-]6)CCC(=O)N)(C)CC(=O)N)C)CC(=O)N)C)O.[C-]#N.[Co+3],1355.4
5315892,C1=CC=C(C=C1)/C=C/CO,134.17
5318042,CCC/C=C/CO,100.16
5318517,C[C@@]12CC[C@H]([C@@]([C@H]1CCC(=C)[C@H]2C/C=C/3\[C@@H](COC3=O)O)(C)CO)O,350.4
5319706,CC/C=C\C/C=C\C/C=C\CCCCCCCC(=O)OC,292.5
5319754,CC/C=C(\C)/C=O,98.14
5319879,CCCCCCCC/C=C\CCCCCCCC(=O)OC(CO)CO,356.5
5320128,CC(=CCC/C(=C\CCC(C)(C=C)O)/C)C,222.37
5320530,C1=CC=C(C=C1)CCCOC(=O)/C=C/C2=CC=CC=C2,266.3
5321950,C/C=C(\C)/C=O,84.12
5323714,C1COC(=O)N1/N=C/C2=CC=C(O2)[N+](=O)[O-],225.16
5324275,CC/C(=N/O)/C,87.12
5324278,CCC/C=N/O,87.12
5324289,CN1CC[C@]23[C@@H]4C(=CC=C2[C@H]1CC5=C3C(=C(C=C5)OC)O4)OC,311.4
5324346,COCCCC/C(=N\OCCN)/C1=CC=C(C=C1)C(F)(F)F,318.33
5324707,C/C=C/CC#N,81.12
5325504,C(=C/C(=O)Cl)\C(=O)Cl,152.96
5329098,CC1=CC(=C(N1)/C=C\2/C3=CC=CC=C3NC2=O)C,238.28
5332133,C1=CC=C(C(=C1)/C=C/C2=CC=C(C=C2)C3=CC=C(C=C3)/C=C/C4=CC=CC=C4S(=O)(=O)[O-])S(=O)(=O)[O-].[Na+].[Na+],562.6
5337997,C1=CC(=CC=C1C(=O)N/N=C/C2=CC=C(O2)[N+](=O)[O-])O,275.22
5352135,CC/C(=C(/C1=CC=C(C=C1)O)\C2=CC=C(C=C2)OCCN(C)C)/C3=CC=CC=C3,387.5
5352435,CC(=CCC/C(=C/C(OC)OC)/C)C,198.30
5352539,CC/C=C\CCOC(=O)C(C)C,170.25
5352543,CCCCCC(=O)OCC/C=C\CC,198.30
5352624,CC\1=C(C2=C(/C1=C\C3=CC=C(C=C3)SC)C=CC(=C2)F)CC(=O)O,340.4
5352837,CC/C=C\CCCCO,128.21
5353758,C/C(=N\OC(=O)NC)/SC,162.21
5353788,CCO/C(=N/C1=C[N+](=NO1)N2CCOCC2)/[O-],242.23
5354035,CCCCC(/C=C(\C)/C=C/C=C/C(=O)N1CCCC1=O)O,291.4
5354076,CC(C)C/C(=N/O)/C,115.17
5354133,CCCCCC[C@H](C/C=C\CCCCCCCC(=O)OC)O,312.5
5354266,C=CCOC(=O)/C=C\C(=O)OCC=C,196.20
5354280,CCOC1=C(C=C(C=C1)/C=C/C)O,178.23
5354284,CC1=CC(=O)OC2=CC(=CC(=C12)O)O,192.17
5354342,CCCCCCCC/C=C\CCCCCCCC(=O)OCCCC,338.6
5354456,COC(=O)/C=C\C(=O)O,130.10
5354486,CC/C(=C\C)/C(=O)NC(=O)N,156.18
5354626,CCCCCCCCCCCCCCCC/C=C/C1CC(=O)OC1=O,350.5
5355019,CCCSS/C(=C(\C)/N(CC1=CN=C(N=C1N)C)C=O)/CCO,356.5
5355079,CC1=C(C(=O)OC2=C1C=CC(=C2)O)Cl,210.61
5355130,CCCCC(CC)COC(=O)/C=C/C1=CC=C(C=C1)OC,290.4
5355732,C/C=C(\C)/C#N,81.12
5355850,CCC(=O)OC/C=C/C1=CC=CC=C1,190.24
5355851,CC(C)C(=O)OC/C=C/C1=CC=CC=C1,204.26
5355853,CCC(=O)OC/C=C(\C)/CCC=C(C)C,210.31
5355856,CCCC(=O)OC/C=C(\C)/CCC=C(C)C,224.34
5355858,CC(=CCCC(C)(C=C)OC(=O)/C=C/C1=CC=CC=C1)C,284.4
5355863,C/C(=C\C(=O)OC)/OP(=O)(OC)OC,224.15
5356785,C1=CC=C(C=C1)/C=C\C2=CC=CC=C2,180.24
5356789,CCCCCCCC/C=C\CCCCCCCCN,267.5
5357002,C/C=C(\C)/C(=O)OCCC1=CC=CC=C1,204.26
5358572,COC1=CC=C(C=C1)C(=O)/C(=C\C(=O)O)/Br,285.09
5358902,CCOC(=O)/C=C/C(=O)O,144.12
5358907,CN1CC(C2=C(C1)C(=CC=C2)N)C3=CC=CC=C3.C(=C\C(=O)O)\C(=O)O,354.4
5359271,CCOC1=C2C3=C(C[C@@H]4[C@H]5[C@]3(CCN4C)[C@@H](O2)[C@H](C=C5)O)C=C1,313.4
5359371,C=CCN1CC[C@]23CCCC[C@H]2[C@H]1CC4=C3C=C(C=C4)O,283.4
5359421,CN1CC[C@]23[C@@H]4[C@H]1CC5=C2C(=C(C=C5)O)O[C@H]3[C@H](CC4)O,287.35
5360316,[Ca+2].[Br-].[Br-],199.89
5360350,[Cl-].[Cl-].[Ba+2],208.23
5360487,C1=CC(=CC=C1CCO)NC2=C3C(=C(C=C2)O)C(=O)C4=C(C=CC(=C4C3=O)[N+](=O)[O-])O,420.4
5360515,C1CC1CN2CC[C@]34[C@@H]5C(=O)CC[C@]3([C@H]2CC6=C4C(=C(C=C6)O)O5)O,341.4
5361202,CO/N=C(\C1=CC=CO1)/C(=O)N[C@H]2[C@@H]3N(C2=O)C(=C(CS3)COC(=O)N)C(=O)O,424.4
5361514,CC(C)[C@H](C1=CC=C(C=C1)Cl)C(=O)O[C@@H](C#N)C2=CC(=CC=C2)OC3=CC=CC=C3,419.9
5362115,CCOC(=O)[C@H](CCC1=CC=CC=C1)N[C@@H](C)C(=O)N(CC(=O)O)C2CC3=CC=CC=C3C2.Cl,489.0
5362118,C1C[C@H](N(C1)C(=O)[C@H](CCCCN)N[C@@H](CCC2=CC=CC=C2)C(=O)O)C(=O)O.O.O,441.5
5362123,CCOC(=O)[C@H](CCC1=CC=CC=C1)N[C@H]2CCC3=CC=CC=C3N(C2=O)CC(=O)O.Cl,460.9
5362129,CCOC(=O)[C@H](CCC1=CC=CC=C1)N[C@@H](C)C(=O)N2[C@H]3CCC[C@H]3C[C@H]2C(=O)O,416.5
5362376,CCOC1=CC=CC=C1OCCN[C@H](C)CC2=CC(=C(C=C2)OC)S(=O)(=O)N.Cl,445.0
5362417,COCCOC[C@H](CC1(CCCC1)C(=O)NC2CCC(CC2)C(=O)O)C(=O)OC3=CC4=C(CCC4)C=C3,515.6
5362564,CCC(C)C1N=C(C(S1)C)C,171.31
5362620,CCCCC/C=C\CCC=O,154.25
5362689,CCCCC/C=C/CC1CC(=O)OC1=O,210.27
5362708,CCCCCCCCC/C=C/CC1CC(=O)OC1=O,266.38
5362736,C1CCCCCC(=O)CCC/C=C\CCCC1,236.39
5362792,CC/C=C\CCCCCO,142.24
5362833,CC/C=C\CC/C=C/CO,140.22
5363269,CCCCCCCC/C=C\CCCCCCCC(=O)OCC,310.5
5363388,CC/C=C\CCOC(=O)C,142.20
5364079,CCNC(=O)NC(=O)/C(=N/OC)/C#N,198.18
5364361,C1/C=C\CC/C=C\CC/C=C\C1,162.27
5364420,CCCCCCCC/C=C\CCCCCCCC(=O)OCCO,326.5
5364495,CCCC/C=C\CCCCCCCCCC=O,238.41
5364509,CCCCCCCC/C=C\CCCCCCCC(=O)OC,296.5
5364579,C/C=C(\C)/C(=O)C,98.14
5364713,CCCCCCCC/C=C\CCCCCCCCOCCO,312.5
5364932,CC(C)(C)/C(=N\OC(=O)NC)/CSC,218.32
5365049,CC/C=C\CCOC(=O)CC,156.22
5365125,CCCCC(CC)COC(=O)/C=C\C(=O)OCC(CC)CCCC,340.5
5365552,C/C=C/CC=C,82.14
5365672,CCCCC/C=C/C/C=C/CCCCCCCC(=O)OCC,308.5
5365748,CCCCCCCC/C=C/CCCOC(=O)C,240.38
5365793,C/C=C/C(=O)OCC(C)C,142.20
5365794,CCOC(/C=C(\C)/CCC=C(C)C)OCC,226.35
5365811,CCC(=O)/C=C/C,98.14
5365891,CCCCC(=O)/C=C/C,126.20
5365910,CC(=CCC/C(=C/C(=O)OC)/C)C,182.26
5365976,CC1=CCCC(C1/C=C/C(=O)CCC=C)(C)C,232.36
5366074,C/C=C/C(=O)C1=C(C=CCC1(C)C)C,190.28
5366352,CC/C=C\CCOC(C)OCC,172.26
5366415,CNC(=S)[S-].[Na+],129.18
5366546,CC(C)OC(=O)/C=C(\C)/C=C/CC(C)CCCC(C)(C)OC,310.5
5366844,CCCCC/C=C/CC(=O)OC,170.25
5367412,CCCCC/C=C/C=C/C=C,150.26
5367460,CC/C=C\C/C=C\C/C=C\CCCCCCCC(=O)OCC,306.5
5367650,CC/C=C/CCCCCCCCCCOC(=O)C,254.41
5367692,CC/C=C\CCCCCCCCCCOC(=O)C,254.41
5367706,CC/C=C\CCOC(=O)C1=CC=CC=C1,204.26
5367785,C/C=C(\C)/C(=O)OC/C=C(\C)/CCC=C(C)C,236.35
5367893,CCCCCCCC/C=C/CCCCCCCC1=NCCN1CCO,350.6
5368076,CCCCCC/C=C/C(=O)OC,170.25
5368491,CCCCC/C(=C\C1=CC=CC=C1)/CO,204.31
5368724,C1=CC(=CC=C1NC(=O)/C=C/C(=O)O)S(=O)(=O)NC2=NC=CS2,353.4
5368821,C/C=C(\C)/C=C/C=C(C)C,136.23
5369459,C1=CC=C(C=C1)CCOC(=O)/C=C/C2=CC=CC=C2,252.31
5369881,C/C(=N/NC(=O)C1=CC=NC=C1)/C(=O)O,207.19
5369886,C/C=C/C=N/NC(=O)C1=CC=NC=C1,189.21
5370611,CC(C(C1=CC=CC=C1)O)N(C)C/C=C/C2=CC=CC=C2,281.4
5371002,CC1CC=C(C(C1(C)C)/C=C/C(=O)C)C,206.32
5371084,CCC(=O)/C=C/C1C(=CCCC1(C)C)C,206.32
5371102,CC/C=C\CCOC(=O)C1=CC=CC=C1O,220.26
5371560,C/C(=C\C(=O)N(C)C)/OP(=O)(OC)OC,237.19
5371562,C/C(=C\C(=O)NC)/OP(=O)(OC)OC,223.16
5371728,CCCCCCCC/C=C\CCCCCCCC(=O)N(CCO)CCO,369.6
5372174,CC1=CCCC(C1/C=C(\C)/C(=O)C)(C)C,206.32
5372405,CCNP(=S)(OC)O/C(=C/C(=O)OC(C)C)/C,281.31
5372813,C/C(=C\C1=CC=CC=C1)/C=O,146.19
5373493,C1=C(OC(=C1)[N+](=O)[O-])/C=N\O,156.10
5373773,CCOCCOC(=O)/C=C/C1=CC=C(C=C1)OC,250.29
5374527,C/C=C/C(=O)C1=C(CCCC1(C)C)C,192.30
5375199,CC1=CC(=O)CC(C1(/C=C/C(=C\C(=O)O)/C)O)(C)C,264.32
5377323,C1=CC=C(C=C1)C(=O)/C=C/C2=CC=C(C=C2)[N+](=O)[O-],253.25
5377791,CCOP(=O)(OCC)O/C(=C/Cl)/C1=C(C=C(C=C1)Cl)Cl,359.6
5377793,CN(C)C1=CC=C(C=C1)/C=C/C2=CC=C(C=C2)[N+](=O)[O-],268.31
5378708,CCCCCCCC/C=C\CCCCCCCC(=O)OCCOC(=O)CCCCCCC/C=C\CCCCCCCC,591.0
5387121,C1=CC=C(C=C1)COC(=O)/N=N/C(=O)OCC2=CC=CC=C2,298.29
5388510,CC(C)(C)C(=O)/C=C/C1=CC=C(C=C1)Cl,222.71
5388936,CC[C@@H]1C(=O)N2CCC[C@H]2C(=O)N([C@H](C(=O)N3CCC(=O)C[C@H]3C(=O)N[C@H](C(=O)O[C@@H]([C@@H](C(=O)N1)NC(=O)C4=C(C=CC=N4)O)C)C5=CC=CC=C5)CC6=CC=CC=C6)C,823.9
5388962,CCOC(=O)[C@H](CCC1=CC=CC=C1)N[C@@H](C)C(=O)N2CCC[C@H]2C(=O)O,376.4
5388977,CCC(COC(=O)C1=CC(=C(C(=C1)OC)OC)OC)(C2=CC=CC=C2)N(C)C.C(=C\C(=O)O)\C(=O)O,503.5
5388983,CC[C@@]1(C[C@H]2C[C@@](C3=C(CCN(C2)C1)C4=CC=CC=C4N3)(C5=C(C=C6C(=C5)[C@]78CCN9[C@H]7[C@@](C=CC9)([C@H]([C@@]([C@@H]8N6C)(C(=O)OC)O)OC(=O)C)CC)OC)C(=O)OC)O.OS(=O)(=O)O,909.1
5420805,C/C/1=C/CC[C@@]2([C@@H](O2)[C@@H]3[C@@H](CC1)C(=C)C(=O)O3)C,248.32
5447130,C1=C(OC(=C1)[N+](=O)[O-])/C=N/NC(=O)N,198.14
5459110,C[N+]1([C@@H]2CC(C[C@H]1[C@H]3[C@@H]2O3)OC(=O)[C@H](CO)C4=CC=CC=C4)C.[Br-],398.3
5459211,C[C@H]1[C@@H](C(=O)N1S(=O)(=O)O)NC(=O)/C(=N/OC(C)(C)C(=O)O)/C2=CSC(=N2)N,435.4
5462328,CC(=O)O[C@H]1C=C[C@H]2[C@H]3CC4=C5[C@]2([C@H]1OC5=C(C=C4)OC(=O)C)CCN3C,369.4
5462351,CN1CC[C@@]23CCCC[C@@H]2[C@@H]1CC4=C3C=C(C=C4)OC.O.Br,370.3
5462355,CC(C)(C)NC(=O)[C@@H]1CN(CCN1C[C@H](C[C@@H](CC2=CC=CC=C2)C(=O)N[C@@H]3[C@@H](CC4=CC=CC=C34)O)O)CC5=CN=CC=C5.OS(=O)(=O)O,711.9
5462501,C[C@@H](C(=O)N1CCC[C@H]1C(=O)O)N[C@@H](CCC2=CC=CC=C2)C(=O)O,348.4
5462653,C(CN)C#N.C(CN)C#N.C(=C/C(=O)O)\C(=O)O,256.26
5462814,C(=O)(N)/N=N/C(=O)N,116.08
5463081,C/C=C\1/CC2CC1C=C2,120.19
5463350,CCN1/C(=C/C=C/C2=[N+](C3=CC=CC=C3C=C2)CC)/C=CC4=CC=CC=C41.[I-],480.4
5463934,CC(C)C/C=C(\C=O)/C1=CC=CC=C1,188.26
5464257,CC1=NN(N=N1)CC2=C(N3[C@@H]([C@@H](C3=O)NC(=O)/C(=N/OC)/C4=CSC(=N4)N)SC2)C(=O)O,479.5
5468154,C1=CC2=C(C=C(C(=C2N=C1)O)C(=O)NC3=CC(=C(C=C3)/C=C/C4=C(C=C(C=C4)NC(=O)C5=CC(=C6C=CC=NC6=C5O)S(=O)(=O)O)S(=O)(=O)O)S(=O)(=O)O)S(=O)(=O)O,872.8
5472495,CC\1=C(C2=C(/C1=C\C3=CC=C(C=C3)S(=O)(=O)C)C=CC(=C2)F)CC(=O)O,372.4
5475158,CN(C)CCCSC1=CC=CC=C1NC(=O)/C=C/C2=CC=CC=C2,340.5
5478883,C[C@@H](C(=O)N[C@@H](CC(C)C)[C@H](CC(=O)O)O)NC(=O)C[C@@H]([C@H](CC(C)C)NC(=O)[C@H](C(C)C)NC(=O)[C@H](C(C)C)NC(=O)CC(C)C)O,685.9
5481119,CCN1C(=CC(=N1)CC2=CC=CC=C2)C3CCN(CC3)C[C@H]4C[C@@H](C[C@@H]4C5=CC(=CC=C5)F)N(C)[C@H](C(C)C)C(=O)O,574.8
5484009,C/C(=C/C(=O)C)/[O-].C/C(=C/C(=O)C)/[O-].C/C(=C/C(=O)C)/[O-].[Cr+3],349.32
5484366,C=CCN1CC[C@]23[C@@H]4[C@H]1CC5=C2C(=C(C=C5)O)O[C@H]3[C@H](C=C4)O.Cl,347.8
5484438,CN1CC[C@@]23CCCC[C@@H]2[C@@H]1CC4=C3C=C(C=C4)O.[C@@H]([C@H](C(=O)O)O)(C(=O)O)O,407.5
5484727,CCOC(=O)[C@H](CCC1=CC=CC=C1)N[C@@H](C)C(=O)N2[C@H]3CCCC[C@@H]3C[C@H]2C(=O)O,430.5
5485188,CN\1COCN(/C1=N\[N+](=O)[O-])CC2=CN=C(S2)Cl,291.72
5485193,CCOC(=O)[C@H](CCC1=CC=CC=C1)N[C@@H](C)C(=O)N2[C@@H](CN(C2=O)C)C(=O)O.Cl,441.9
5485221,CC1=C(N2[C@@H]([C@@H](C2=O)NC(=O)/C(=N/OC)/C3=CSC(=N3)N)SC1)C(=O)OCOC(=O)C(C)(C)C.Cl,548.0
5486699,C[C@H]1[C@@H]([C@H]([C@H]([C@@H](O1)OC[C@@H]2[C@H]([C@@H]([C@H]([C@@H](O2)OC3=C(OC4=CC(=CC(=C4C3=O)O)OCCO)C5=CC(=C(C=C5)OCCO)OCCO)O)O)O)O)O)O,742.7
5486971,CC(C)C[C@@H](CC(=O)O)CN,159.23
5487426,C[N+]1([C@@H]2CC(C[C@H]1[C@H]3[C@@H]2O3)OC(=O)C(C4=CC=CS4)(C5=CC=CS5)O)C.[Br-],472.4
5489012,C[C@@H]([C@@H](C1=CC=CC=C1)O)NCCC(=O)C2=CC(=CC=C2)OC.Cl,349.8
5492898,CN1CC[C@]23[C@@H]4[C@H]1CC5=C2C(=C(C=C5)OC)O[C@H]3[C@@H](CC4)O,301.4
5702063,C1=CC(=C(C(=C1)Cl)/C=N/N=C(N)N)Cl,231.08
5702068,CC(=O)OCC(=O)[C@]1(CCC2[C@@]1(C[C@@H](C3C2CCC4=CC(=O)CC[C@]34C)O)C)O,404.5
5702132,CC(C)NNC(=O)C1=CC=NC=C1.OS(=O)(=O)O,277.30
5702159,CCOC1=C(C=C(C=C1)CC2=NC=CC3=CC(=C(C=C32)OCC)OCC)OCC.Cl,431.9
5702160,C1=C(N=C(S1)N=C(N)N)CSCC/C(=N/S(=O)(=O)N)/N,337.5
5702161,CC(CC1=CC=C(C=C1)O)NCC(C2=CC(=CC(=C2)O)O)O.Br,384.3
5702162,CC(C1=CC=CC=C1)NCCC(C2=CC=CC=C2)C3=CC=CC=C3.Cl,351.9
5702167,CN1CCC(=C2C3=CC=CC=C3SC4=CC=CC=C42)CC1.C(=C\C(=O)O)\C(=O)O,409.5
5702214,CCN(CC)CCNC(=O)C1=C(C=CC(=C1)S(=O)(=O)C)OC.Cl,364.9
5702220,CN(CC1=C(C(=CC(=C1)Br)Br)N)C2CCCCC2.Cl,412.59
5702242,C1CN(CCN1)C2=NC3=CC=CC=C3C=C2.C(=C\C(=O)O)\C(=O)O,329.35
5702285,CC(C)(C)NCC(C1=CC=CC=C1Cl)O.Cl,264.19
5702293,C1CC(C2=C(C3=CC=CC=C3N=C2C1)N)O.C(=C\C(=O)O)\C(=O)O,330.33
5702667,C1=CC=C(C=C1)N/C=C/C=C/C=NC2=CC=CC=C2.Cl,284.8
5702746,CC[C@H](C)COC(=O)/C=C/C1=CC=C(C=C1)N=CC2=CC=C(C=C2)OC,351.4
5708341,CCN(CC)CCCC(C)NC1=C2C=CC(=CC2=NC(=C1)/C=C/C3=CC=CC=C3Cl)Cl,456.4
5709759,CCN\1C2=CC=CC=C2S/C1=C\C=C\C3=[N+](C4=CC=CC=C4S3)CC.[I-],492.4
5742631,C1CC1NC2=C3C(=NC(=N2)N)N(C=N3)[C@H]4C[C@@H](C=C4)CO,286.33
5743835,C1CCN(CC1)CCOC2=CC=C(C=C2)C(=O)O.Cl,285.76
5803450,CCC(=O)/C=C/C1=CC=C(C=C1)OC,190.24
5805243,C/C=C(/C(=C/C)/C1=CC=C(C=C1)OC(=O)C)\C2=CC=C(C=C2)OC(=O)C,350.4
5842000,COP(=O)(OC)O/C(=C/Cl)/C1=CC(=C(C=C1Cl)Cl)Cl,366.0
5858790,CO/N=C(/C1=CSC(=N1)NC(=O)CCl)\C(=O)O,277.69
5889665,COC1=C(C=C(C=C1)/C(=C/C(=O)N2CCOCC2)/C3=CC=C(C=C3)Cl)OC,387.9
5978897,C/C=C/C=C/COC(=O)C(C)C,168.23
6040503,CC(=O)/C=C/C1=CC2=C(C=C1)OCO2,190.19
6063342,COC1=CC=C(C=C1)/C=C/C(=O)C2=C(C=C(C=C2)OC)OC,298.3
6093170,C(CN(CC(=O)[O-])CC(=O)[O-])N(CC(=O)[O-])CC(=O)[O-].[Na+].[Na+].[Ca+2],374.27
6096946,[NH4+].[NH4+].[O-]S(=O)(=S)[O-],148.21
6099917,C1(=NC(=NC(=N1)[S-])[S-])[S-].[Na+].[Na+].[Na+],243.2
6101499,CCCCN(CCCC)C(=S)[S-].CCCCN(CCCC)C(=S)[S-].[Ni+2],467.5
6112114,CC1=CC=CC=C1OCC2=CC=CC=C2/C(=N\OC)/C(=O)OC,313.3
6125184,C/C(=N\NC(=O)NC1=CC(=CC(=C1)F)F)/C2=C(C=CC=N2)C(=O)O,334.28
6154037,COC1=CC(=CC(=C1OC)OC)/C=C/C(=O)N,237.25
6165447,C1=C(OC(=C1)[N+](=O)[O-])/C=N/NC(=O)C(=O)N,226.15
6197816,CC/C(=N/O[Si](O/N=C(\CC)/C)(O/N=C(/CC)\C)C)/C,301.46
6252910,C1=C(OC(=C1)[N+](=O)[O-])/C=C/C(=NN=C(N)N)/C=C/C2=CC=C(O2)[N+](=O)[O-],360.28
6259976,CC/C=C/1\C2=CC=CC=C2C(=O)O1,174.20
6321225,CN1CC[C@]23[C@@H]4[C@H]1CC5=C2C(=C(C=C5)O)O[C@H]3[C@H](C=C4)O.CN1CC[C@]23[C@@H]4[C@H]1CC5=C2C(=C(C=C5)O)O[C@H]3[C@H](C=C4)O.O.O.O.O.O.OS(=O)(=O)O,758.8
6321253,CCN(CC)C(=O)N[C@H]1CN([C@H]2CC3=CNC4=CC=CC(=C34)C2=C1)C,338.4
6321405,C[C@@]12CC[C@@H](C1(C)C)C[C@H]2O,154.25
6321411,C=CC1=C(N2[C@@H]([C@@H](C2=O)NC(=O)/C(=N/OCC(=O)O)/C3=CSC(=N3)N)SC1)C(=O)O,453.5
6321424,CC[C@H](C)[C@@H]1[C@H](CC[C@@]2(O1)C[C@@H]3C[C@H](O2)C/C=C(/[C@H]([C@H](/C=C/C=C/4\CO[C@H]5[C@@]4([C@@H](C=C([C@H]5O)C)C(=O)O3)O)C)O[C@H]6C[C@@H]([C@H]([C@@H](O6)C)O[C@H]7C[C@@H]([C@H]([C@@H](O7)C)O)OC)OC)\C)C,875.1
6324663,C[C@@H](C(=O)O)NC(=O)[C@@H]1CCCN1C(=O)[C@H](CC2=CN=CN2)NC(=O)[C@H](C(C)C)NC(=O)[C@H](CC3=CC=C(C=C3)O)NC(=O)[C@H](C(C)C)NC(=O)[C@H](CCCN=C(N)N)NC(=O)CNC,912.0
6327109,[B].C1COCCN1,97.93
6327114,CO[P+](=O)OC,109.04
6327349,CCCCO[P+](=O)OCCCC,193.20
6327366,C[Si](O[Si](C)(C)C)O[Si](C)(C)C,221.50
6327482,C[Si](C)O[Si](C)C,132.31
6327514,CCCCC(CC)CO[P+](=O)OCC(CC)CCCC,305.41
6327546,C1=CC=C(C=C1)O[P+](=O)OC2=CC=CC=C2,233.18
6327594,C(=N)(N)[Se],122.02
6327657,C1=CC=C(C=C1)[Sn](C2=CC=CC=C2)C3=CC=CC=C3.O,368.0
6328152,O=[Bi].Cl,261.44
6328250,C1=CC=C2C(=C1)C3=CC=CC=C3[P+](=O)O2,215.16
6328651,C[Si](C)O[Si](C)(C)O[Si](C)(C)O[Si](C)C,280.61
6328657,CO/N=C(/C1=CSC(=N1)N)\C(=O)N[C@H]2[C@@H]3N(C2=O)C(=C(CS3)CSC(=O)C4=CC=CO4)C(=O)O,523.6
6328684,CCCCNC(C)(C)[P+](=O)O,178.19
6364585,CCOC1=CC=C(C=C1)N=NC2=CC(=C(C=C2)/C=C/C3=C(C=C(C=C3)N=NC4=CC=C(C=C4)OCC)S(=O)(=O)[O-])S(=O)(=O)[O-].[Na+].[Na+],680.7
6364626,CCCCC[C@@H](/C=C/[C@H]1[C@@H](C[C@H]2[C@@H]1C/C(=C/CCCC(=O)[O-])/O2)O)O.[Na+],374.4
6364671,CC/C=C\CC/C=C/C(OCC)OCC,212.33
6386037,C/C=C(\C)/C(=O)OCCC(C)CCC=C(C)C,238.37
6398764,C[C@H](CN1C=NC2=C(N=CN=C21)N)OCP(=O)(OCOC(=O)OC(C)C)OCOC(=O)OC(C)C.C(=C/C(=O)O)\C(=O)O,635.5
6400441,C[C@H]([C@@H](CO)NC(=O)[C@@H]1CSSC[C@@H](C(=O)N[C@H](C(=O)N[C@@H](C(=O)N[C@H](C(=O)N[C@H](C(=O)N1)C(C)O)CCCCN)CC2=CNC3=CC=CC=C32)CC4=CC=CC=C4)NC(=O)[C@@H](CC5=CC=CC=C5)N)O,1019.2
6410758,C1C(=C(N2[C@H](S1)[C@@H](C2=O)NC(=O)[C@@H](C3=CC=C(C=C3)O)N)C(=O)O)CSC4=NNN=C4,462.5
6419888,C[N+]1([C@@H]2CC[C@H]1CC(C2)OC(=O)C(CO)C3=CC=CC=C3)[O-].Cl,341.8
6419921,CN(C)CC/C=C/1\C2=CC=CC=C2COC3=CC=CC=C31.Cl,315.8
6419941,CN1[C@@H]2CC[C@H]1CC(C2)OC(=O)C(C3=CC=CC=C3)O.Br,356.25
6419942,CN1CCC2=CC3=C(C(=C2C1)OC)OCO3.Br,302.16
6419962,C1C[C@@H]([C@@H]([C@@H]2[C@@H]1CN3CCC4=C([C@@H]3C2)NC5=CC=CC=C45)C(=O)O)O.O,358.4
6419978,C[N+]1([C@@H]2CC(C[C@H]1[C@H]3[C@@H]2O3)OC(=O)[C@H](CO)C4=CC=CC=C4)[O-].Br,400.3
6420010,COC1=CC(=C(C=C1C(=O)NC2CCN(CC2)CC3=CC=CC=C3)Cl)N.C(=C\C(=O)O)\C(=O)O,489.9
6420013,COC1=CC(=C(C(=C1)OC)C(=O)CCCN2CCCC2)OC.Cl,343.8
6420022,CN(C)CC/C=C\1/C2=CC=CC=C2CSC3=CC=CC=C31.Cl,331.9
6420033,CNCCC1=CC=CC=N1.CS(=O)(=O)O,232.30
6420038,CC(=O)C1=CC2=C(C=C1)SC3=CC=CC=C3N2CCCN(C)C.C(=C\C(=O)O)\C(=O)O,442.5
6420040,CCCCOC1=C(C=CC(=C1)C(=O)OCCN(CC)CC)N.Cl,344.9
6420041,CN(C)C/C=C(/C1=CC=C(C=C1)Br)\C2=CN=CC=C2.O.Cl.Cl,408.2
6420042,C[C@@]12C3=CC=CC=C3C[C@@H](N1)C4=CC=CC=C24.C(=C\C(=O)O)\C(=O)O,337.4
6420071,C[C@@H]1CCC[C@@H](N1)C.Cl,149.66
6422843,COC(=O)N(C1=CC=CC=C1COC2=NN(C=C2)C3=CC=C(C=C3)Cl)OC,387.8
6426773,CC[C@H]([C@@H]1[C@H](C[C@@](O1)(CC)[C@H]2CC[C@@]([C@@H](O2)C)(CC)O)C)C(=O)[C@@H](C)[C@H]([C@H](C)CCC3=C(C(=C(C=C3)C)O)C(=O)[O-])O.[Na+],612.8
6426848,CCC1=CC=CC(=C1N(COCC)C(=O)CS(=O)(=O)O)C,315.39
6426849,CCC1=CC=CC(=C1N(C(C)COC)C(=O)CS(=O)(=O)O)C,329.4
6426889,[O-]Cl(=O)=O.[K+],122.55
6427097,CC(C)CCCCCCOC(=O)CCCCC(=O)OCCCCCCC(C)C,398.6
6428555,CCCC/C=C/C=C\C=O,138.21
6431015,C[C@@H]1CC[C@@H]2[C@]13CC=C([C@H](C3)C2(C)C)C,204.35
6432115,C(/C=C\CCl)Cl,124.99
6432394,CCOC(=O)C1(CCN(CC1)CCC(C#N)(C2=CC=CC=C2)C3=CC=CC=C3)C4=CC=CC=C4.Cl,489.0
6432705,[Cu+].[I-],190.45
6433119,C1COCC(=O)N1C2=CC=C(C=C2)N3CC(OC3=O)CNC(=O)C4=CC=C(S4)Cl,435.9
6433169,C[C@H]([C@H](C1=CC=CC=C1)O)N.Cl,187.66
6433197,CCN\1C2=CC=CC=C2S/C1=C/C=C/C=C/C3=[N+](C4=CC=CC=C4S3)CC.[I-],518.5
6433208,C1CN(CCN1CC/C=C\2/C3=CC=CC=C3SC4=C2C=C(C=C4)Cl)CCO.Cl.Cl,473.9
6433266,CCCCCC[C@H](C/C=C\CCCCCCCC(=O)OCC(CO)O)O,372.5
6433334,CN(C)CC[C@@H](C1=CC=C(C=C1)Br)C2=CC=CC=N2.C(=C\C(=O)O)\C(=O)O,435.3
6433339,CC[N+](CC)(CC)CCOC1=CC=C(C=C1)/C=C/C2=CC=CC=C2.[I-],451.4
6433356,CCC(=O)C1=CC2=C(SC3=CC=CC=C3N2CCCN4CCN(CC4)CCO)C=C1.C(=C\C(=O)O)\C(=O)O.C(=C\C(=O)O)\C(=O)O,657.7
6433384,C1=CC(=C(C=C1[N+](=O)[O-])S(=O)(=O)[O-])/C=C/C2=C(C=C(C=C2)[N+](=O)[O-])S(=O)(=O)[O-].[Na+].[Na+],474.3
6433412,C[C@@H]1C[C@@H]([C@@H]([C@H]([C@@H](CC(=O)O[C@@H](CC2C(O2)/C=C/C1=O)C)OC(=O)C)OC)O[C@H]3[C@@H]([C@H]([C@@H]([C@H](O3)C)O[C@H]4C[C@@]([C@H]([C@@H](O4)C)OC(=O)CC(C)C)(C)O)N(C)C)O)CC=O,842.0
6433547,CC/C(=C/CCC(C)(C=C)O)/C,168.28
6433573,C1=CC=C(C(=C1)/C=N/NC(=O)C2=CC=NC=C2)OCC(=O)O,299.28
6433944,CC/C=C\C#N,81.12
6434144,CN1CCCN=C1/C=C/C2=CC=CS2.[C@@H]([C@H](C(=O)O)O)(C(=O)O)O,356.4
6434236,CC(C)CCCC(C)C/C=C/C(=C/C(=O)OCC#C)/C,276.4
6434250,CN1CCC2=CC(=C(C=C2[C@H](C1)C3=CC=CC=C3)OC)OC.C(=C\C(=O)O)\C(=O)O,413.5
6434871,C1CC1NC(=O)/C=C/C2=CC(=CC=C2)F,205.23
6434889,CC[C@H](C)[C@@H]1[C@H](C=C[C@@]2(O1)C[C@@H]3C[C@H](O2)C/C=C(/[C@H]([C@H](/C=C/C=C/4\CO[C@H]5[C@@]4([C@@H](C=C([C@H]5O)C)C(=O)O3)O)C)O[C@H]6C[C@@H]([C@H]([C@@H](O6)C)O[C@H]7C[C@@H]([C@H]([C@@H](O7)C)O)OC)OC)\C)C,873.1
6435335,CCOC(=O)NC1=C(N=C(C=C1)NCC2=CC=C(C=C2)F)N.C(=C\C(=O)O)\C(=O)O,420.4
6435801,C1CN(C[C@@H](N1)C(=O)O)C/C=C/P(=O)(O)O,250.19
6435993,C1N2CN3CN1C[N+](C2)(C3)C/C=C\Cl.[Cl-],251.15
6436059,CC(=O)/C=C/C=C\1/C2CCC(C2)C1(C)C,204.31
6436079,CC1=C(C(CCC1)(C)C)/C=C/C(=C/C=C/C(=C\C=O)/C)/C,284.4
6436135,CCC(CC)(CC(=O)NC1=CC=CC(=C1)/C=C/C2=NC(=CS2)C3CCC3)C(=O)O,412.5
6436449,CC1(CC/C(=C/C2=CC=C(C=C2)Cl)/C1(CN3C=NC=N3)O)C,317.8
6436605,CC(C)(C)C(/C(=C\C1=C(C=C(C=C1)Cl)Cl)/N2C=NC=N2)O,326.2
6436628,C/C=C/C1=C(N2[C@@H]([C@@H](C2=O)NC(=O)[C@@H](C3=CC=C(C=C3)O)N)SC1)C(=O)O.O,407.4
6436633,C/C=C\C/C=C/CCCCCCCCOC(=O)C,252.39
6436730,CN(CCN(C1=CC=CC=N1)CC2=CC=CS2)C.CN(CCN(C1=CC=CC=N1)CC2=CC=CS2)C.C(=C/C(=O)O)\C(=O)O.C(=C/C(=O)O)\C(=O)O.C(=C/C(=O)O)\C(=O)O,871.0
6437380,CCCCN(CCCC)CC(C1=CC(=CC\2=C1C3=C(/C2=C/C4=CC=C(C=C4)Cl)C=C(C=C3)Cl)Cl)O,528.9
6437875,CC/C(=C\C(=N/O)\C(=O)N)/C(C)[N+](=O)[O-],215.21
6437877,CC1=C(SC=N1)/C=C\C2=C(N3[C@@H]([C@@H](C3=O)NC(=O)/C(=N\OC)/C4=CSC(=N4)N)SC2)C(=O)OCOC(=O)C(C)(C)C,620.7
6438130,C1=CC(=CC=C1CN2C=CN=C2)/C=C/C(=O)O.Cl,264.71
6438394,CCCCCCC(=O)CCCCCC/C=C/C[C@H]([C@@H]([C@@](CO)(C(=O)O)N)O)O,401.5
6439929,C/C=C\1/C(=O)C[C@@H]2[C@@]1(CC[C@H]3[C@H]2CCC4=CC(=O)CC[C@]34C)C,312.4
6440554,CC1([C@H]([C@H]1C(=O)O[C@H](C#N)C2=CC(=CC=C2)OC3=CC=CC=C3)/C=C(/C(F)(F)F)\Cl)C,449.8
6440940,C[C@@H]1CC[C@H](C2=C(CC[C@H]12)C)/C=C(\C)/C(=O)O,234.33
6442177,C[C@@H]1CC[C@H]2C[C@@H](/C(=C/C=C/C=C/[C@H](C[C@H](C(=O)[C@@H]([C@@H](/C(=C/[C@H](C(=O)C[C@H](OC(=O)[C@@H]3CCCCN3C(=O)C(=O)[C@@]1(O2)O)[C@H](C)C[C@@H]4CC[C@H]([C@@H](C4)OC)OCCO)C)/C)O)OC)C)C)/C)OC,958.2
6442842,CC1=C(C=CC=C1C2=CC=CC=C2)COC(=O)[C@@H]3[C@@H](C3(C)C)/C=C(/C(F)(F)F)\Cl,422.9
6442928,C1NCCN(C1)CC2=CC=CC=C2.C(=C/C(=O)O)\C(=O)O.C(=C/C(=O)O)\C(=O)O,408.4
6445007,C/C(=C\C(=O)O)/C1=C(C=C(C=C1)OC)OC,222.24
6450278,C/C=C/1\C(=O)C[C@@H]2[C@@]1(CC[C@H]3[C@H]2CCC4=CC(=O)CC[C@]34C)C,312.4
6450551,CNC(=O)C1=CC=CC=C1SC2=CC3=C(C=C2)C(=NN3)/C=C/C4=CC=CC=N4,386.5
6451142,C1CC1(C(CC2=CC=CC=C2Cl)(CN3C(=S)N=CN3)O)Cl,344.3
6451143,C(CS(=O)(=O)[O-])CS(=O)(=O)[O-].[Na+].[Na+],248.2
6451155,CCOC(=O)C1=NOC(C1)(C2=CC=CC=C2)C3=CC=CC=C3,295.3
6451325,C1[C@H]([C@H](CN1C(=O)[C@@H]([C@H](CC2=CC=CC=C2)NC(=O)C3=CC4=C(N3)C=CC(=C4)Cl)O)O)O,457.9
6454351,CCS(=O)(=O)C1=CC(=C(C=C1)OC)C(=O)OC,258.29
6456015,CCN(CC)CCNC(=O)C1=C(NC(=C1C)/C=C\2/C3=C(C=CC(=C3)F)NC2=O)C.C([C@@H](C(=O)O)O)C(=O)O,532.6
6474573,C1=CC(=CN=C1)/C=N/NC(=S)N,180.23
6505803,C[C@H]1C[C@@H]([C@@H]([C@H](/C=C(/[C@@H]([C@H](/C=C\C=C(\C(=O)NC2=CC(=O)C(=C(C1)C2=O)NCC=C)/C)OC)OC(=O)N)\C)C)O)OC,585.7
6506392,C[C@H](CCCC(C)(C)O)[C@H]1CC[C@@H]\2[C@@]1(CCC/C2=C\C=C\3/C[C@H](CCC3=C)O)C,400.6
6526396,CC(C)OC(=O)OC(C)OC(=O)C1=C(CS[C@H]2N1C(=O)[C@H]2NC(=O)/C(=N\OC)/C3=CSC(=N3)N)COC,557.6
6536864,CC(C)(C(=O)O)O/N=C(/C1=CSC(=N1)N)\C(=O)N[C@H]2[C@@H]3N(C2=O)C(=C(CS3)C[N+]4=CC=CC=C4)C(=O)[O-].O.O.O.O.O,636.7
6536972,C[C@H](/C=C/[C@H](C)C(C)C)[C@H]1CC[C@@H]\2[C@@]1(CCC/C2=C\C=C\3/C[C@H](CCC3=C)O)C,396.6
6537488,C1=C(OC(=C1)C(=O)NCC(=O)O)CO,199.16
6537489,C1=NC2C(N1)C(=S)NC=N2.O,172.21
6537493,C[C@H]1CC[C@@H]2[C@H]([C@H]3[C@@H](N2C1)C[C@@H]4[C@@]3(CC[C@H]5[C@H]4CC=C6[C@@]5(CCC(C6)O[C@H]7[C@@H]([C@H]([C@H]([C@H](O7)CO)O)O[C@H]8[C@@H]([C@H]([C@@H]([C@H](O8)CO)O)O)O)O[C@@H]9[C@@H]([C@@H]([C@H]([C@@H](O9)C)O)O)O)C)C)C,868.1
6537495,CC(=O)[O-].CC(=O)[O-].O.O.[Cd+2],266.53
6537498,CCC(CC(C(C(C(C(C)Cl)Cl)Cl)Cl)Cl)Cl,348.9
6537502,C[C@@H]1CC[C@@]2([C@H]([C@H]3[C@@H](O2)[C@H]([C@@H]4[C@@]3(CC[C@H]5[C@H]4CC[C@@H]6[C@@]5(C[C@H]([C@@H](C6)O[C@H]7[C@@H]([C@H]([C@H]([C@H](O7)CO)O[C@H]8[C@@H]([C@H]([C@@H]([C@H](O8)CO)O)O[C@H]9[C@@H]([C@H]([C@@H](CO9)O)O)O)O[C@H]2[C@@H]([C@H]([C@@H]([C@H](O2)CO)O)O[C@H]2[C@@H]([C@H]([C@@H]([C@H](O2)CO)O)O)O)O)O)O)O)C)C)O)C)OC1,1229.3
6537503,CCC(O)OC(CC)O,134.17
6537505,C[C@@H]1CC[C@H](C2=C(C[C@H]([C@H]12)O)C)/C=C(\C)/C(=O)O,250.33
6537506,C1=C(C(=C(C(=C1Br)Br)Br)Br)OC2=CC(=C(C(=C2Br)Br)Br)Br,801.4
6538105,CCCCCCCCCC/C=C/C#N,193.33
6538241,C1COC(O1)CO/N=C(/C2=CC=C(C=C2)Cl)\C(F)(F)F,309.67
6540478,CC[C@]12CC[C@H]3[C@H]([C@@H]1CC[C@]2(C#C)OC(=O)C)CCC4=C/C(=N/O)/CC[C@H]34,369.5
6553885,C[C@@H]1CC[C@H]([C@H](C1)O)C(=C)C,154.25
6602188,C[C@@]12[C@H]3C[C@@H]([C@@H]1C(=O)OC2=O)C=C3,178.18
6603108,CN1[C@@H]2CC(C[C@H]1[C@H]3[C@@H]2O3)OC(=O)[C@H](CO)C4=CC=CC=C4.Br,384.3
6603149,CNCCCC1C2=CC=CC=C2C=CC3=CC=CC=C13.Cl,299.8
6603759,C[C@@H]1[C@@H]2CC3=C([C@]1(CCN2CC4CC4)C)C=C(C=C3)O,271.4
6603901,CCCC1=C(C=CC(=C1O)C(=O)C)OCCCOC2=CC=C(C=C2)OCC(=O)O,402.4
6604100,C1C(=NC(=O)N1/N=C/C2=CC=C(O2)C3=CC=C(C=C3)[N+](=O)[O-])[O-].[Na+],336.23
6604155,C[N+]1(CCCC1)CCCCC[N+]2(CCCC2)C.[C@@H]([C@@H](C(=O)[O-])O)(C(=O)O)O.[C@@H]([C@@H](C(=O)[O-])O)(C(=O)O)O,538.6
6604200,C1C(=O)NC(=O)N1/N=C/C2=CC=C(O2)[N+](=O)[O-],238.16
6604472,C[C@@H](CC1=CC=CC=C1)NCCC(C2=CC=CC=C2)C3=CC=CC=C3.C[C@@H](C(=O)O)O,419.6
6604492,CN1[C@@H]2CC[C@H]1CC(C2)OC3C4=CC=CC=C4CCC5=CC=CC=C35.C(C(=O)O)C(CC(=O)O)(C(=O)O)O,525.6
6604495,C[C@H](CN1C2=CC=CC=C2SC3=CC=CC=C31)CN(C)C.C[C@H](CN1C2=CC=CC=C2SC3=CC=CC=C31)CN(C)C.[C@@H]([C@@H](C(=O)O)O)(C(=O)O)O,747.0
6604497,CCC(=O)O[C@@](CC1=CC=CC=C1)(C2=CC=CC=C2)[C@@H](C)CN(C)C.C1=CC=C2C=C(C=CC2=C1)S(=O)(=O)O,547.7
6604561,CCOC(=O)C1=CC=C(C=C1)OC(=O)CCCCCN=C(N)N.CS(=O)(=O)O,417.5
6708701,C[C@]12C3CCC([C@]1(C(=O)OC2=O)C)O3,196.20
6708773,C1CCC(C1)CCCCCCCCCCCCC(=O)NC2=CC=C(C=C2)S(=O)(=O)C3=CC=C(C=C3)NC(=O)CCCCCCCCCCCCC4CCCC4,777.2
6714002,CCC(=O)OCC(=O)[C@]1(CC[C@@H]2[C@@]1(C[C@@H]([C@H]3[C@H]2CCC4=CC(=O)C=C[C@]34C)O)C)OC(=O)OCC,488.6
6842999,CC1CS(=O)(=O)CCN1/N=C/C2=CC=C(O2)[N+](=O)[O-],287.29
6850780,C1=CC(=CC=C1NC2=NC(=NC(=N2)N(CCO)CCO)NC3=CC(=C(C=C3)/C=C/C4=C(C=C(C=C4)NC5=NC(=NC(=N5)NC6=CC=C(C=C6)S(=O)(=O)[O-])N(CCO)CCO)S(=O)(=O)[O-])S(=O)(=O)[O-])S(=O)(=O)[O-].[Na+].[Na+].[Na+].[Na+],1165.0
6850814,CCOC(=O)[C@H](CCC1=CC=CC=C1)N[C@@H](C)C(=O)N2CC3(C[C@H]2C(=O)O)SCCS3.Cl,503.1
6850837,CC1=CC=C(C=C1)C2OC[C@H]3[C@@H](O2)[C@H](OC(O3)C4=CC=C(C=C4)C)[C@@H](CO)O,386.4
6852391,CCCC[N+]1([C@@H]2CC(C[C@H]1[C@H]3[C@@H]2O3)OC(=O)[C@H](CO)C4=CC=CC=C4)C.[Br-],440.4
6852393,C[C@]12CC[C@H]3[C@H]([C@@H]1CC=C2)CC[C@@H]4[C@@]3(CCC(=O)C4)C,272.4
6852406,CN1[C@@H]2CC(C[C@H]1[C@H]3[C@@H]2O3)OC(=O)[C@H](CO)C4=CC=CC=C4.Cl,339.8
6857648,[C-]#N.[C-]#N.[K+].[Au+],288.10
6871212,COC1=C(C(=C(C=C1)/C=N/NC(=O)C2=CC=NC=C2)C(=O)O)OC,329.31
6912870,CCCCCCCC/C=C\CCCCCCCC(=O)N(C)CC(=O)O,353.5
6913588,C/C(=N\[Si](C)(C)C)/O[Si](C)(C)C,203.43
6914152,CN1CCN(CC1)C2=CC=CC=C2/C=C\3/C(=O)N(CCS3)C4=CC(=C(C=C4)Cl)Cl,448.4
6915744,CC[C@@H]1[C@@]([C@@H]([C@H](/C(=N/OCOCCOC)/[C@@H](C[C@@]([C@@H]([C@H]([C@@H]([C@H](C(=O)O1)C)O[C@H]2C[C@@]([C@H]([C@@H](O2)C)O)(C)OC)C)O[C@H]3[C@@H]([C@H](C[C@H](O3)C)N(C)C)O)(C)O)C)C)O)(C)O,837.0
6915944,C=CC1=C(N2[C@@H]([C@@H](C2=O)NC(=O)/C(=N\O)/C3=CSC(=N3)N)SC1)C(=O)O,395.4
6917067,CC[C@@H]1[C@@]([C@@H]2[C@H]([C@H]([C@@H](C[C@@]([C@@H]([C@H]([C@@H]([C@H](C(=O)O1)C)O[C@H]3C[C@@]([C@H]([C@@H](O3)C)O)(C)OC)C)O[C@H]4[C@@H]([C@H](C[C@H](O4)C)N(C)C)O)(C)O)C)N[C@H](O2)COCCOC)C)(C)O,835.1
6917655,CC(=CC[C@@H]1[C@@](O1)(C)[C@H]2[C@@H]([C@@H](CC[C@]23CO3)OC(=O)/C=C/C=C/C=C/C=C/C(=O)O)OC)C,458.5
6917715,CC[C@]12CC(=C)[C@H]3[C@H]([C@@H]1CC[C@]2(C#C)O)CCC4=CC(=O)CC[C@H]34,324.5
6917728,CCC1=CC(=C(C(=C1O)C(=O)NC[C@@H]2CCCN2CC)OC)Cl.Cl,377.3
6917754,CC(C)(C)NCC(C1=CC(=C(C(=C1)Cl)N)C(F)(F)F)O.Cl,347.20
6917773,CC1=C(OC(=O)O1)COC(=O)[C@H]2C(S[C@H]3N2C(=O)[C@H]3NC(=O)[C@@H](C4=CC=CC=C4)N)(C)C.Cl,497.9
6917787,CC1=CC=CC=C1N2CCN(CC2)CCC3=NN=C4N3CCCC4.Cl,361.9
6917941,C1CCC2=C(C1)C(=C3CCCC3=N2)N.O.Cl,242.74
6917959,CC(=O)O[C@H](CC(=O)[O-])C[N+](C)(C)C.Cl,239.69
6917974,C[C@]12CC[C@@H](C[C@H]1CC[C@@H]3[C@@H]2CC[C@]4([C@]35[C@H](O5)C[C@@H]4C6=COC(=O)C=C6)C)O,384.5
6918003,CN1[C@@H]2CCC[C@H]1CC(C2)NC(=O)C3=NN(C4=CC=CC=C43)C.Cl,348.9
6918029,C1CCN(CC1)[C@H]2[C@H](C[C@@H]([C@@H]2CC/C=C\CCC(=O)O)OCC3=CC=C(C=C3)C4=CC=CC=C4)O.Cl,514.1
6918106,CN1[C@@H]2CC[C@H]1CC(C2)NC(=O)N3C4=CC=CC=C4NC3=O,300.36
6918126,CC/C=C(/C1=CSC(=N1)N)\C(=O)N[C@H]2[C@@H]3N(C2=O)C(=C(CS3)COC(=O)N)C(=O)OCOC(=O)C(C)(C)C.Cl,604.1
6918132,CCN[C@H]1C[C@@H](S(=O)(=O)C2=C1C=C(S2)S(=O)(=O)N)C.Cl,360.9
6918155,CC(C)C(=O)OCC(=O)[C@@]12[C@@H](C[C@@H]3[C@@]1(C[C@@H]([C@H]4[C@H]3CCC5=CC(=O)C=C[C@]45C)O)C)O[C@H](O2)C6CCCCC6,540.7
6918178,CCC(=O)O[C@@]1([C@H](C[C@@H]2[C@@]1(C[C@@H]([C@]3([C@H]2C[C@@H](C4=CC(=O)C=C[C@@]43C)F)F)O)C)C)C(=O)CCl,485.0
6918222,CO/N=C(\C1=NSC(=N1)N)/C(=O)N[C@H]2[C@@H]3N(C2=O)C(=C(CS3)C[N+]4=C5C=CC=NN5C=C4)C(=O)[O-].Cl,552.0
6918235,C1CC[C@H]2CN(C[C@H]2C1)C(=O)C[C@H](CC3=CC=CC=C3)C(=O)[O-].C1CC[C@H]2CN(C[C@H]2C1)C(=O)C[C@H](CC3=CC=CC=C3)C(=O)[O-].O.O.[Ca+2],704.9
6918289,C[C@@H]1CC[C@H]2C[C@@H](/C(=C/C=C/C=C/[C@H](C[C@H](C(=O)[C@@H]([C@@H](/C(=C/[C@H](C(=O)C[C@H](OC(=O)[C@@H]3CCCCN3C(=O)C(=O)[C@@]1(O2)O)[C@H](C)C[C@@H]4CC[C@H]([C@@H](C4)OC)OC(=O)C(C)(CO)CO)C)/C)O)OC)C)C)/C)OC,1030.3
6918296,C[C@]12CC[C@H]3[C@H]([C@@H]1CC[C@@H]2C(=O)NC4=C(C=CC(=C4)C(F)(F)F)C(F)(F)F)CC[C@@H]5[C@@]3(C=CC(=O)N5)C,528.5
6918303,C1C[C@@H]2CN(C(=O)C3=CC=CC(=C23)C1)[C@@H]4CN5CCC4CC5.Cl,332.9
6918305,CC(=O)[C@H]1CC[C@@H]2[C@@]1(CC[C@H]3[C@H]2CC[C@@H]4[C@@]3(CC[C@@](C4)(C)O)C)C,332.5
6918454,C1CC1CONC(=O)C2=C(C(=C(C=C2)F)F)NC3=C(C=C(C=C3)I)Cl,478.7
6918493,CC1=CC(=NC(=N1)O[C@H](C(=O)O)C(C2=CC=CC=C2)(C3=CC=CC=C3)OC)C,378.4
6918543,CS(=O)(=O)O.CS(=O)(=O)O.C=CCNC1=NC(=NC(=N1)N2CCN(CC2)C(C3=CC=C(C=C3)F)C4=CC=C(C=C4)F)NCC=C,669.8
6918580,CC(C(=O)OCC[N+](C)(C)C)OC(=O)C.CC(C(=O)OCC[N+](C)(C)C)OC(=O)C.C1=CC2=C(C=CC=C2S(=O)(=O)[O-])C(=C1)S(=O)(=O)[O-],722.8
6918678,C1[C@@H]2CNC[C@H]1C3=CC4=NC=CN=C4C=C23.[C@@H]([C@H](C(=O)O)O)(C(=O)O)O,361.3
6918686,CCCCN1C(=O)[C@H](NC(=O)C12CCN(CC2)CC3=CC=C(C=C3)OC4=CC=C(C=C4)C(=O)O)[C@@H](C5CCCCC5)O.Cl,614.2
6918840,C[C@@]12CCC[C@@]([C@H]1CC[C@]34[C@H]2CC[C@](C3)(C(=C)C4)O[C@H]5[C@@H]([C@H]([C@@H]([C@H](O5)CO)O)O[C@H]6[C@@H]([C@H]([C@@H]([C@H](O6)CO)O)O)O)O[C@H]7[C@@H]([C@H]([C@@H]([C@H](O7)CO)O)O)O)(C)C(=O)O[C@H]8[C@@H]([C@H]([C@@H]([C@H](O8)CO)O)O)O,967.0
6931391,C[C@H]1[C@H](NC(=O)N1C)C2=CC=CC=C2,190.24
6950248,C[C@@H](CN(C)C)O,103.16
6950273,CC(=O)O[C@H]1C[C@@H]2CC[C@]1(C2(C)C)C,196.29
6975516,CCOC(=O)O[C@@H]([C@@H]1C[C@@H]2CCN1C[C@@H]2C=C)C3=C4C=C(C=CC4=NC=C3)OC,396.5
6992284,C1CN2CCC1[C@@H](C2)CN3C4=CC=CC=C4SC5=CC=CC=C53,322.5
6993580,CCOC(=O)[C@@H]([C@H](C(=O)OCC)O)O,206.19
6993773,CC[C@@H](C1=CC=CC=C1)N,135.21
6997371,C[C@@]12CC[C@@H](C1)C([C@@H]2O)(C)C,154.25
6999030,C1=CC(=C(C=C1[C@@H]([C@@H](C(=O)O)N)O)O)O,213.19
6999977,CCCCOC(=O)[C@H](C)O,146.18
7048801,[C@@H]([C@H](C(=O)O)S)(C(=O)O)S,182.2
7057995,C([C@H]([C@@H]1[C@@H]([C@@H]2[C@H](O1)O[C@@H](O2)C(Cl)(Cl)Cl)O)O)O,309.5
9548595,C/C=C(/CC[C@@H](C)[C@H]1CC[C@@H]2[C@@]1(CC[C@H]3C2=CC[C@@H]4[C@@]3(CC[C@@H]([C@H]4C)O)C)C)\C(C)C,426.7
9549168,CC(=O)O.C1C[C@H](N(C1)C(=O)[C@@H]2CSSC[C@@H](C(=O)N[C@H](C(=O)N[C@H](C(=O)N[C@H](C(=O)N[C@H](C(=O)N2)CC(=O)N)CCC(=O)N)CC3=CC=CC=C3)CC4=CC=C(C=C4)O)N)C(=O)N[C@@H](CCCN=C(N)N)C(=O)NCC(=O)N,1144.3
9552071,C[C@@H](NCC(CN[C@@H](/C(=N/O)/C)C)(C)C)/C(=N/O)/C,272.39
9552079,C1=CC(=CC=C1N/C(=N/C(=NCCCCCCN=C(/N=C(/NC2=CC=C(C=C2)Cl)\N)N)N)/N)Cl,505.4
9556529,C1=CC(=C(C=C1Cl)Cl)CO/N=C(\CN2C=CN=C2)/C3=C(C=C(C=C3)Cl)Cl.[N+](=O)(O)[O-],492.1
9561033,CC(=O)N/N=C/C1=CC=C(O1)[N+](=O)[O-],197.15
9562059,CC(=O)O.CC(=O)O.C1=CC(=CC=C1N/C(=N/C(=NCCCCCCN=C(/N=C(/NC2=CC=C(C=C2)Cl)\N)N)N)/N)Cl,625.5
9568078,CC1=CC=C(C=C1)/C=N/N2C(=CSC2=S)C3=CC=CC=C3,310.4
9568512,CC(=O)NC1=CC=C(C=C1)/C=N/NC(=S)N,236.30
9568618,C1=C(N=C(S1)N)/C(=N/OCC(=O)[O-])/C(=O)N[C@H]2[C@H](N(C2=O)S(=O)(=O)[O-])COC(=O)N.[Na+].[Na+],510.4
9568628,CC[C@]12CC[C@H]3[C@H]([C@@H]1CC[C@]2(C#C)O)CCC4=C/C(=N/O)/CC[C@H]34,327.5
9568700,CC(C)(/C=N/OC(=O)NC)S(=O)C,206.27
9570071,CC(C)(/C=N/OC(=O)NC)SC,190.27
9570076,CC(C)N=C(N)/N=C(\N)/NC1=CC=C(C=C1)Cl.Cl,290.19
9570092,CC(C)(/C=N/O)SC,133.21
9570093,CC(C)(/C=N/OC(=O)NC)S(=O)(=O)C,222.26
9570290,CCOP(=S)(OCC)O/N=C(\C#N)/C1=CC=CC=C1,298.30
9570327,C1=C(OC(=C1)[N+](=O)[O-])/C=N/NC(=O)C2=C(C(=CC(=C2)[N+](=O)[O-])[N+](=O)[O-])O,365.21
9570438,C1=CC(=CC=C1/C=N/N/C(=N/N=C/C2=CC=C(C=C2)Cl)/N)Cl,334.2
9570475,C/C(=N\O)/C1=CC=C(C=C1)OCC(=O)N2CCCCC2,276.33
9571009,CC(/C(=N/OC(=O)NC)/C)S(=O)(=O)C,222.26
9571016,C1=CC(=CC=C1N/C(=N/C(=NCCCCCCN=C(/N=C(/NC2=CC=C(C=C2)Cl)\N)N)N)/N)Cl.Cl.Cl,578.4
9571075,C[N+]1(CCCC1)CC2=C(N3[C@@H]([C@@H](C3=O)NC(=O)/C(=N\OC)/C4=CSC(=N4)N)SC2)C(=O)O.O.Cl.[Cl-],571.5
9571280,CC(=CCC/C(=C/C=N/O)/C)C,167.25
9574101,CCOC(=O)CN[C@H](C1CCCCC1)C(=O)N2CC[C@H]2C(=O)NCC3=CC=C(C=C3)/C(=N/O)/N,473.6
9574235,COC1=C(C=C(C=C1)/C=N/NC(=O)C2=CC=NC=C2)OC,285.30
9576037,CC1=NNC(=O)N(C1)/N=C/C2=CN=CC=C2,217.23
9576185,C1COCCN1CC2CN(C(=O)O2)/N=C/C3=CC=C(O3)[N+](=O)[O-].Cl,360.75
9576412,CC1=NN(C(=C1/C=N/OCC2=CC=C(C=C2)C(=O)OC(C)(C)C)OC3=CC=CC=C3)C,421.5
9577124,CC[C@@]1(C2=C(COC1=O)C(=O)N3CC4=C(C5=CC=CC=C5N=C4C3=C2)/C=N/OC(C)(C)C)O,447.5
9578507,C[C@H]1CC[C@]2(C[C@@H]3C[C@H](O2)C/C=C(/[C@H]([C@H](/C=C/C=C/4\CO[C@H]\5[C@@]4([C@@H](C=C(/C5=N/O)C)C(=O)O3)O)C)O[C@H]6C[C@@H]([C@H]([C@@H](O6)C)O)OC)\C)O[C@@H]1C7CCCCC7,770.0
9578570,C/C(=N\OCC1=CC=CC=C1/C(=N/OC)/C(=O)OC)/C2=CC(=CC=C2)C(F)(F)F,408.4
9588170,CO/N=C/1\CN(CC1CN)C2=C(C=C3C(=O)C(=CN(C3=N2)C4CC4)C(=O)O)F.CS(=O)(=O)O,485.5
9595287,CNC(=O)O/N=C(/C(=O)N(C)C)\SC,219.26
9601227,C/C(=N\OC(=O)N(SN(C(=O)O/N=C(/SC)\C)C)C)/SC,354.5
9794021,[Cl-].[Cl-].[Pd+2],177.32
9794197,C[N+](C)(C)CC(CC(=O)[O-])O.Cl,197.66
9795389,[Cl-].[Cl-].[Cl-].[Dy+3],268.85
9797360,C1CN2CCC1N(CC2)C(=O)OC3=CC=C(C=C3)Br,325.20
9799979,CCC1=NN(C2=C1C=CC(=C2)C3(CCC(CC3)C(=O)O)C#N)C4CCCCC4,379.5
9800972,CCN(CC)CCC1=C(C2=C(C=C(C=C2)OCC(=O)OCC)OC1=O)C.Cl,397.9
9801235,C1CN(CCC1C2=CC=CC(=C2)CN)C(=O)C3=CC=C(O3)C#CC4=CC=CC=C4F,402.5
9801803,C[C@H](/C=C/[C@H](C1CC1)O)[C@H]2CC[C@@H]\3[C@@]2(CCC/C3=C\C=C\4/C[C@H](C[C@@H](C4=C)O)O)C,412.6
9802545,CC1=C(C(=O)N2CCC[C@H](C2=N1)O)CCN3CCC(CC3)C4=NOC5=C4C=CC(=C5)F,426.5
9810212,C1=CC=C2C(=C1)C(=O)OC23C4=CC(=C(C(=C4OC5=C(C(=C(C=C35)Br)[O-])Br)Br)[O-])Br.[Na+].[Na+],691.9
9810771,CN(C[C@@H](CC[N+]12CCC(CC1)(CC2)C3CCCCC3)C4=CC(=C(C=C4)Cl)Cl)C(=O)C5=CC(=CC(=C5)C(F)(F)F)C(F)(F)F.CS(=O)(=O)[O-],759.7
9811353,C1=CC(=CC(=C1)C2=C(C=CC(=C2)CCCCCCC3=CC(=C(C=C3)O[C@@H]4[C@H]([C@H]([C@@H]([C@H](O4)CO)O)O)O)C5=CC=CC(=C5)CC(=O)O)O[C@@H]6[C@H]([C@H]([C@@H]([C@H](O6)CO)O)O)O)CC(=O)O,862.9
9818306,CC(=O)OC1=CC2=C(C=C1)[C@H]3CC[C@]4([C@H]([C@@H]3CC2)CC[C@@H]4O)C,314.4
9819350,CC1=CC(=CC(=C1OC2=C3CCCC3=C(C=C2)O)C)NC(=O)C(=O)O,341.4
9821217,COC1=C(C=C(C=C1)OC(F)(F)F)CN[C@H]2CCCN[C@H]2C3=CC=CC=C3,380.4
9821849,CC(=O)O[C@H]1CC[C@@]2([C@H]3CC[C@]4([C@H]([C@@H]3CC=C2C1)CC=C4C5=CN=CC=C5)C)C,391.5
9824131,CC(C)[C@@H](C(=O)N[C@H]1CC2=CC=CC=C2[C@H]3CCC[C@H](N3C1=O)C(=O)O)SC(=O)C,432.5
9826528,C1=CC(=C(C=C1I)F)NC2=C(C=CC(=C2F)F)C(=O)NOC[C@@H](CO)O,482.19
9827529,C1=CC(=CC(=C1)C(F)(F)F)/C(=N\NC(=O)NC2=CC=C(C=C2)OC(F)(F)F)/CC3=CC=C(C=C3)C#N,506.4
9828356,CC1=NOC(=C1)COC2=C(C=C(C=C2)Cl)CNC3=C4C(=NC=N3)N(C=N4)[C@H]5[C@@H]([C@@H]([C@H](O5)C(=O)NC)N)O,528.9
9831581,CCOC1=NC2=C(C=C1)NC=C(C2=O)C(=O)NCC3=CC=CC=C3,323.3
9832750,C[C@H]1/C=C/C=C/2\CO[C@H]3[C@@]2([C@@H](C=C([C@H]3O)C)C(=O)O[C@H]4C[C@@H](C/C=C(/[C@H]1O[C@H]5C[C@@H]([C@H]([C@@H](O5)C)O[C@H]6C[C@@H]([C@H]([C@@H](O6)C)O)OC)OC)\C)O[C@]7(C4)C=C[C@@H]([C@H](O7)C8CCCCC8)C)O,899.1
9833444,CSCC[C@@H](C(=O)NCC(=O)N[C@@H](CC1=CNC2=CC=CC=C21)C(=O)N[C@@H](CCSC)C(=O)N[C@@H](CC(=O)O)C(=O)N[C@@H](CC3=CC=CC=C3)C(=O)N)NC(=O)[C@H](CC4=CC=C(C=C4)OS(=O)(=O)O)NC(=O)[C@H](CC(=O)O)N,1143.3
9838712,C[C@H](C1=CC=C(C=C1)CC(C)C)C(=O)NS(=O)(=O)C,283.39
9839190,CNCC1=CC=C(C=C1)NC(=O)C2=CNC3=C2C(=O)CCC3,297.35
9839306,CC1=C(C(=O)CC1OC(=O)C2C(C2(C)C)C=C(C)C)CC#C,300.4
9839424,C1=CC(=CC=C1NC(=O)CC[C@@H](C(=O)O)N)[N+](=O)[O-].Cl,303.70
9842616,C1CC2CC(CC1N2C3=NC=CC=N3)NCC(=O)N4CC(C[C@H]4C#N)(F)F,376.4
9843744,C1CN2C(=O)[C@@H](N=C(C3=CC(=CC1=C32)N)C4=CC=CC=C4)NC(=O)C5=CN=CC=C5,397.4
9844225,CC(=O)O[C@H]1C=C[C@H]2[C@H]3CC4=C5[C@]2([C@H]1OC5=C(C=C4)OC(=O)C)CCN3C.Cl,405.9
9845819,CC1=NC=C(C(=N1)N)CN(C=O)/C(=C(\CCO)/SSCC2CCCO2)/C.Cl,435.0
9849425,C1=CC(=CC2=NC3=C(C=CC(=C3)N)C=C21)N.C1=CC(=CC2=NC3=C(C=CC(=C3)N)C=C21)N.OS(=O)(=O)O,516.6
9849616,CCC1=C(N(N=C1C(=O)NN2CCCCC2)C3=C(C=C(C=C3)Cl)Cl)C4=CC=C(C=C4)Br,522.3
9850056,CC1=CC2=C(C=C1)OC(=C2C3=CC=C(C=C3)Cl)CN(CC4=CC=CC=C4)C(=O)NC5=C(C=C(C=C5F)F)F,535.0
9850878,C[C@@H]1CC[C@@]23CCC(=O)[C@H]2[C@@]1([C@@H](C[C@@]([C@H]([C@@H]3C)O)(C)C=C)OC(=O)CSC(C)(C)CNC(=O)[C@@H](C(C)C)N)C,564.8
9852176,CC1=C(SC(=N1)SCC2=C(N3[C@@H]([C@@H](C3=O)NC(=O)/C(=N\OC)/C4=CSC(=N4)N)SC2)C(=O)[O-])CC(=O)[O-].[Na+].[Na+],628.6
9853654,CC(C)(C)OC(=O)NCCC(=O)N[C@@H](CC1=CNC2=CC=CC=C21)C(=O)N[C@@H](CCSC)C(=O)N[C@@H](CC(=O)O)C(=O)N[C@@H](CC3=CC=CC=C3)C(=O)N,767.9
9855548,CNCC1=CC=CC=C1.Cl,157.64
9855795,C[C@@H]1CCC=C2[C@]1(C[C@@H](CC2)C(=C)C)C,204.35
9860484,[Cl-].[Cl-].[Cl-].[Yb+3],279.4
9861124,CNCC1=C(C=CC(=C1)F)OC2=CC(=C(C=C2)Cl)Cl,300.2
9861780,COC(=O)C1=C(C=CC(=C1)Cl)NS(=O)(=O)C(F)(F)F,317.67
9862076,CC1=CC=C(C=C1)C2=C(N=C(N2S(=O)(=O)N(C)C)C#N)Cl,324.79
9862176,C1=CC(=CN=C1)CC(O)(P(=O)(O)[O-])P(=O)(O)[O-].[Na+].[Na+],327.08
9865233,CC(C)(C1=NC2=NC=C(N2N=C1)C3=CC(=C(C=C3)F)C4=C(C=CC=C4F)C#N)O,391.4
9865514,CC1=CC2=C3C(=C1)C(=N[C@H](C(=O)N3CC2)NC(=O)C4=CC=NC=C4)C5=CC=CC=C5,396.4
9865929,CC(C)(C1=CC=C(C=C1)CNC(=O)C2=C(N=CC=C2)OC3=CC4=NON=C4C=C3)O,404.4
9866250,C1COCCC1(C(=O)NO)NS(=O)(=O)C2=CC=C(C=C2)OC3=CC=C(C=C3)F,410.4
9867257,C1CCC(C1)(C2=CC3=C(C=C2)[C@@H]([C@H](CO3)CC4=CC=C(C=C4)C5=CC=CC=C5)O)C(=O)O,428.5
9867605,COCC1=NN=C(N1C2=C3C(=CC(=C2Cl)Cl)NC(=O)C(=O)N3)C4=C[N+](=CC=C4)[O-],435.2
9868041,CS(=O)(=O)O.C1=CC(=CC=C1C(=O)OC2=CC3=C(C=C2)C=C(C=C3)C(=N)N)N=C(N)N,443.5
9869105,C1CN(CCN1CCC2=CC(=O)N(C3=C2C=CC(=C3)F)CC(=O)N)C4=NC=CC5=C4C=CS5,465.5
9869142,C1CCC(C1)(C(=O)NO)N(CCC(=O)O)S(=O)(=O)C2=CC=C(C=C2)OC3=CC=C(C=C3)F,466.5
9872438,CC(C)C1=C2C(=CC(=C1)OC)S(=O)(=O)N(C2=O)COC3=CC(=O)N4C=CC=C(C4=N3)OCCN5CCCCC5,556.6
9881626,CCC(=O)NCCC1CCC2=C1C3=C(C=C2)OCC3,259.34
9882837,C1C2C(C3=C1C=C(C=C3)Cl)(N=C(S2)C4=CC=CC=C4)O,301.8
9883104,CCCCC1=CC2=CC=CC=C2C(=N1)OCCN(C)C.Cl,308.8
9883259,CCC1=C(NC2=C1C(=O)C(CC2)CN3CCOCC3)C.Cl,312.83
9885850,C1=C2C(C(=O)N(C2=CC(=C1F)Cl)C(=O)N)C(=O)C3=CC(=CS3)Cl,373.2
9885981,C1=CC=C2C(=C1)C(=O)OC23C4=C(C=C(C=C4)[O-])OC5=C3C=CC(=C5)[O-].[Na+].[Na+],376.3
9886081,C[C@@H]1CC[C@@]23CCC(=O)[C@H]2[C@@]1([C@@H](C[C@@]([C@H]([C@@H]3C)O)(C)C=C)OC(=O)CO)C,378.5
9887053,C1CC[C@H]([C@@H](C1)[NH-])[NH-].C(=O)(C(=O)O)O.[Pt+2],397.29
9888276,CN(C)C1=CC=C(C=C1)C(=C2C=CC(=[N+](C)C)C=C2)C3=CC=CC=C3.C(=O)(C(=O)[O-])O,418.5
9888347,CC[C@H]1CC[C@@H]([C@@H](N1)C2=CC=CC=C2)NCC3=CC4=C(C=C3OC)[C@H]5C[C@H]5C(=O)N4C,419.6
9889168,CCCCCCCCCCCCCC[P+](CCCC)(CCCC)CCCC.[Cl-],435.1
9890250,COC1=C2C(=CC(=C1N3C[C@@H]4CCCN[C@@H]4C3)F)C(=O)C(=CN2C5CC5)C(=O)O.O.Cl,455.9
9895468,CN(C)C(=O)[C@@H]1C[C@H](CN1[C@]2(C3=C(C=CC(=C3)Cl)N(C2=O)S(=O)(=O)C4=C(C=C(C=C4)OC)OC)C5=CC=CC=C5OC)O,630.1
9899402,COC1=CC=CC=C1N2CCNCC2.Cl,228.72
9907412,CC1=CC(=C(C(=C1)C)C2=C(C3(CCCC3)OC2=O)OC(=O)CC(C)(C)C)C,370.5
9908126,CN[C@H]1CC[C@H](C2=C1C=C(C=C2)S(=O)(=O)N)C3=CC(=C(C=C3)Cl)Cl,385.3
9909677,CCN(CC)CCNC1=C2C(=C(C=C1)CNC=O)SC3=C(C2=O)C=C(C=C3)OC,413.5
9910393,CC(C)(C1=COC(=C1)S(=O)(=O)NC(=O)NC2=C3CCCC3=CC4=C2CCC4)O,404.5
9910986,CN1CC[C@@H]([C@@H](C1)O)C2=C(C=C(C3=C2OC(=CC3=O)C4=CC=CC=C4Cl)O)O.Cl,438.3
9915886,CC(=O)N[C@H]1CCC2=CC(=C(C(=C2C3=CC=C(C(=O)C=C13)SC)OC)OC)O[C@H]4[C@@H]([C@H]([C@@H]([C@H](O4)CO)O)O)O,563.6
9916275,CCN(CC)C1=CC2=C(C=C1)C(=C3C=CC(=[N+](CC)CC)C=C3O2)C4=C(C=C(C=C4)S(=O)(=O)[O-])S(=O)(=O)[O-].[Na+],580.7
9920342,CCCCCCCC/C=C\CCCCCCCC(=O)OC[C@H]([C@@H]1[C@@H]([C@H](CO1)O)O)O,428.6
9925873,COC1=C2C3=C(C[C@@H]4[C@H]5[C@]3(CCN4)[C@@H](O2)[C@H](C=C5)O)C=C1,285.34
9926621,CC1=C(C2=CC=CC=C2N1CCCCC(=O)O)C3=CN=CC=C3,308.4
9927058,C1C(S/C(=C(/C#N)\N2C=CN=C2)/S1)C3=CC=CC=C3Cl,319.8
9928181,COC1=CC(=C(C=C1C(=O)NC2CN3CCC2CC3)Cl)N.Cl,346.2
9930121,C1CN2CCC1[C@H](C2)NC(=O)C3=NC=C4C(=C3)C=CO4,271.31
9931156,C1=CC=C(C=C1)OC2=NC=CC(=N2)C3=C(N=CN3C(CO)CO)C4=CC=C(C=C4)F,406.4
9932000,C1CN2CCC1[C@H](C2)NC(=O)C3=CC4=C(C=C3)OCCO4,288.34
9934458,CC1=C(C=CC(=C1)SCC2=C(N=C(S2)C3=CC(=C(C=C3)C(F)(F)F)F)C)OCC(=O)O,471.5
9935274,CC1=NC=CN1C2=CC=C(C=C2)SC3=CC=CC(=C3)C4(CCOCC4)C(=O)N.CS(=O)(=O)O,489.6
9936727,CCC(CC)(C1=CC=CC=C1)C(=O)OCCOCCN(CC)CC.C(C(=O)O)C(CC(=O)O)(C(=O)O)O,527.6
9936739,COC(=O)C12CC3=C(C1=NN(CO2)C(=O)N(C4=CC=C(C=C4)OC(F)(F)F)C(=O)OC)C=CC(=C3)Cl,527.8
9938056,CC1=C(C(=C(C2=C1O[C@](CC2)(C)CCC[C@H](C)CCC[C@H](C)CCCC(C)C)C)OC(=O)CCC(=O)OCCO)C,574.8
9938990,CN(C)C(=O)NC1(CCN(CC1)CCC[C@@]2(CCCN(C2)C(=O)C3=CC=CC=C3)C4=CC(=C(C=C4)Cl)Cl)C5=CC=CC=C5,621.6
9940086,CC1=C(C2=CC3=NC(=CC4=C(C(=C(N4)C=C5[C@@]6([C@@H](C(=CC=C6C(=N5)C=C1N2)C(=O)OC)C(=O)OC)C)C)CCC(=O)O)C(=C3C)CCC(=O)OC)C=C,718.8
9941647,C[C@@H]1[C@H]([C@@H]([C@@H]([C@@H](O1)OC\2CC3C(C(CC(O3)(CC(CC(CC(CC(CC(=O)CC(CC(=O)OC(C(/C=C/C=C/C=C/C=C/C=C/C=C/C=C2)C)C(C)CCC(CC(=O)C4=CC=C(C=C4)NC)O)O)O)O)O)O)O)O)C(=O)OC)O)N)O,1141.3
9949821,CC(C)C1=NN=C2N1C=C(C=C2)C3=C(N=CO3)C4=C(C=CC(=C4)F)F,340.3
9951932,CC1=NC=C(C=N1)[C@@H](CCCCCCC2=NC3=C(CCCN3)C=C2)CC(=O)O,382.5
9952220,C[C@H]1[C@H](CCN1CC2=CC=CC=C2)NC(=O)C3=CC(=C(C=C3OC)NC)Cl,387.9
9954082,CCN(CC)CCO[C@H]1CC[C@@]2([C@H]3CC[C@]4([C@H]([C@@H]3CC=C2C1)CCC4=O)C)C.Cl,424.1
9954540,C1CCN[C@@H](C1)[C@H](C2=CC=CC=C2)NC(=O)C3=C(C(=CC=C3)C(F)(F)F)Cl,396.8
9955578,C[C@H](C(=O)O)OC1=CC(=C(C=C1)CNC(=O)C2=C(N=CC=C2)OC3=CC4=C(C=C3)OCO4)F,454.4
9956127,C1[C@H]([C@H](C2=C(O1)C=CC(=C2)OCC3=NC4=C(S3)C=CC(=C4)F)O)CC5=CC(=CC=C5)C(=O)O,465.5
9959038,CC[C@@H]1[C@H](CC[C@@]2(O1)C[C@@H]3C[C@H](O2)C/C=C(/C[C@H](/C=C/C=C/4\CO[C@H]5[C@@]4([C@@H](C=C([C@H]5O)C)C(=O)O3)O)C)\C)C,542.7
9969177,CC1=C(C=CC(=C1)OC2=C(C=C(C=C2)S(=O)(=O)N)CN(C)C)SC,366.5
9969573,CCOC(=O)OC1=C(C(=O)NC12CCC(CC2)OC)C3=C(C=CC(=C3)C)C,373.4
9983292,CCC(=O)O.CCC(=O)O.C1CN=C(N1)C2=CC(=CC=C2)NC(=O)NC3=CC=CC(=C3)C4=NCCN4,496.6
9984487,CC1=CC(=CC2=C1NC(=O)CC2(C)C)CCN3CCN(CC3)C4=NSC5=CC=CC=C54.CS(=O)(=O)O,530.7
10021362,C1CN(CCC1(C2=CC=C(C=C2)F)O)[C@@H]3COC4=C([C@@H]3O)C=CC(=C4)O,359.4
10041070,C[C@]12C=CC3=C4CCC(=O)C=C4CC[C@H]3[C@@H]1CC[C@]2(CC=C)O,310.4
10044526,CCCCCCCCCCN1C=C[N+](=C1)C.F[P-](F)(F)(F)(F)F,368.34
10046567,C[C@H](CCCC(C)C)[C@H]1CC(=O)C2=C3CC[C@H]4C[C@H](CC[C@@]4([C@H]3CC[C@]12C)C)O,400.6
10068207,CC1=C(C2=C(O1)C(=CC=C2)NC(=O)C3=C(C=CC=C3Cl)Cl)C(C)(C)O,378.2
10113978,CC1=C(C=C(C=C1)NC2=NC=CC(=N2)N(C)C3=CC4=NN(C(=C4C=C3)C)C)S(=O)(=O)N,437.5
10126299,CC1CC(=O)NN=C1C2=CC3=C(C=C2)N=C(N3)C4=CC=C(C=C4)OC.Cl,370.8
10127622,CN1C=NC2=C1C=C(C(=C2F)NC3=C(C=C(C=C3)Br)Cl)C(=O)NOCCO,457.7
10131132,COC(=O)[C@H](CC1=CC(=C(C=C1)O)O)N.Cl,247.67
10132209,C[C@@H]1CN(C[C@@H](N1C2=NC(=NC=C2)[C@@H](C)O)C)C3=NC(=NC(=N3)C)C,343.4
10133071,CC(=O)NC1=NC(=O)N(C=C1)C2COC(O2)COC(=O)C3=CC=CC=C3,359.3
10134976,CC1=C(N=C(O1)C2=CC=CC=C2)CCOC3=CC=CC4=C3C=CN4CCC(=O)O,390.4
10145345,CC[C@@H]1C[C@@H](C2=C(N1C(=O)OC(C)C)C=CC(=C2)C(F)(F)F)N(CC3=CC(=CC(=C3)C(F)(F)F)C(F)(F)F)C(=O)C,598.5
10154203,CC(COCCO)OCCO,164.20
10158453,CC(=O)OC1=CC2=C(S1)CCN(C2)C(C3=CC=CC=C3F)C(=O)C4CC4.Cl,409.9
10159191,CC(C)(C)C1=CSC(=N1)C2=CC3=C(O2)C=CC(=C3)OCC4=CC=CC=C4CC(=O)O,421.5
10160166,C1=CC(=CC(=C1)N(CC2=CN=CC=C2)C3=CC(=C(C=C3)OC(F)F)OC(F)F)C(=O)O,436.4
10176127,C1=CC=NC=C1.Cl,115.56
10197650,CCNCC.Cl,109.60
10197675,CCCN.[N+](=O)(O)[O-],122.12
10201497,COC1=CC=C(C=C1)C(=O)NC2=NC3=CC=CC=C3C(=C2C#N)NCC4=CC=CC=C4,408.5
10220256,COC1=CC(=O)O[C@H](C1)CCC2=CC=CC=C2,232.27
10233356,CCC1=C(C=CC(=C1)SCC2=C(N=C(S2)C3=CC=C(C=C3)C(F)(F)F)CN4CCN(CC4)C5=CC=C(C=C5)OC)OCC(=O)O,657.8
10250129,CCCCCCCCCCCCN1C=C[N+](=C1)C.F[P-](F)(F)(F)(F)F,396.39
10251042,CCOC(=O)C1=C2CN(C(=O)C3=C(N2C=N1)C=CC=C3I)C,411.19
10255083,CC1=C2C(=CC(=C1C(=O)O)O)C(=O)C3=C(C2=O)C(=C(C(=C3O)O)[C@H]4[C@@H]([C@H]([C@@H]([C@H](O4)CO)O)O)O)O,492.4
10287749,CCCN([C@@H]1CCC2=C(C1)C=C(C=C2)OC)C3CCN(CC3)C(=O)C4CCNCC4,413.6
10313079,CN(C)C.Cl,95.57
10314472,CN[C@@H]1C[C@H](C2=CC=CC=C12)C3=CC(=C(C=C3)Cl)Cl.Cl,328.7
10328936,CC[C@H](C)[C@@H](C(=O)NCC(=O)N[C@@H](CC(C)C)C(=O)N[C@@H](CCSC)C(=O)N)NC(=O)[C@H](CC1=CC=CC=C1)NC(=O)[C@H](C)NC(=O)[C@H](CC(=O)O)NC(=O)[C@H](CCCCN)NC(=O)[C@H](CO)NC(=O)[C@@H]2CCCN2C(=O)[C@@H]3CCC(=O)N3,1188.4
10329304,[Cl-].[Cl-].[Fe+2],126.75
10330781,C1=CC=C(C(=C1)C(=O)OCC(CO)O)N,211.21
10342051,CC(C)[C@@H](C1=CC=C(C=C1)Cl)C(=O)O[C@H](C#N)C2=CC(=CC=C2)OC3=CC=CC=C3,419.9
10345790,CN1C2=NC(=NC=C2CN(C1=O)C3=CC=CC=C3Br)NC4=CC5=C(C=C4)OC(CO5)CO,498.3
10357917,CC1=NC=C(C(=N1)N)CN(C=O)/C(=C\2/CCOC(=O)S2)/C,308.36
10358237,C1CCN(CC1)C[C@@H](CO/N=C(/C2=C[N+](=CC=C2)[O-])\Cl)O,313.78
10403199,C[C@@]1(C(=O)N(C(=N1)SC)NC2=CC=CC=C2)C3=CC=CC=C3,311.4
10407399,CC(C)(C1=CC=C(C=C1)CNC(=O)C2=C(N=CC=C2)OC3=CC=C(C=C3)F)O,380.4
10411334,CCCCCCN1C=C[N+](=C1)C.C(F)(F)(F)S(=O)(=O)[N-]S(=O)(=O)C(F)(F)F,447.4
10432339,CS(=O)(=O)C1=C(C=C(C=C1)[C@@H](C[C@H]2CCC(=O)C2)C(=O)NC3=NC=CN=C3)Cl,421.9
10455790,C1CN2C(=O)[C@@H](N=C(C3=CC=CC1=C32)C4=CC=CC=C4F)NC(=O)C5=CC6=CC=CC=C6N5,438.5
10466908,CC1=C(C(=CC=C1)C)NC2=C(C=CC=N2)C(=O)O,242.27
10470544,CC(C)CCCCCCC1=CC=C(C=C1)OCCOCCO,308.5
10476437,CC(=O)[C@]1(CC[C@@H]2[C@@]1(C[C@@H]([C@]3([C@H]2CCC4=CC(=O)CC[C@@]43C)F)O)C)OC(=O)C,406.5
10483134,CCN1CCC2(CC1)COC3=C2C=C4C(=C3)CCN4C(=O)C5=CC=C(C=C5)C6=C(C=C(C=C6)C7=NN=C(O7)C)C.Cl,571.1
10560335,C[N+]1=CN(C=C1)CC2=CC=CC=C2.[Cl-],208.69
10636633,CCN1C=C[N+](=C1)C.CC1=CC=C(C=C1)S(=O)(=O)[O-],282.36
10685477,C1[C@@H]([C@H](C(=O)O1)CC2=CC(=CC=C2)O)CC3=CC(=CC=C3)O,298.3
10693833,CN1CC2=C(C=CC(=C2)C(=O)N3CCC(CC3)C4CCNCC4)N[C@@H](C1=O)CC(=O)O,428.5
10695961,CC(=O)OCC1=C(N2[C@@H]([C@@H](C2=O)NC(=O)/C(=N\OC)/C3=CSC(=N3)N)SC1)C(=O)[O-].[Na+],477.5
10857465,C[C@]12CCCC([C@@H]1CC[C@@]3([C@@H]2CCO3)C)(C)C,236.39
10885665,CC(C)CN(C[C@H]([C@H](CC1=CC=CC=C1)NC(=O)O[C@@H]2CCOC2)O)S(=O)(=O)C3=CC=C(C=C3)N,505.6
10887985,C[C@@H](CCC=C(C)C)C=C,138.25
10931629,CC1[C@H]2C[C@]2(CC1=O)C(C)C,152.23
10937610,CCOC(=O)C1=NN(C(C1)(C)C(=O)OCC)C2=C(C=C(C=C2)Cl)Cl,373.2
10958189,CC1=CC=C(C=C1)C(C)NC(=O)[C@H](C(C)C)NC(=O)OC(C)C,320.4
10997035,CCC/C=C(/CC)\C=O,126.20
11009532,CCCC[N+]1(CCCC1)C.[Br-],222.17
11048104,CCCC[N+]1(CCCC1)C.C(F)(F)(F)S(=O)(=O)[N-]S(=O)(=O)C(F)(F)F,422.4
11048796,CO/N=C(\C1=CC=CC=C1OC2=C(C(=NC=N2)OC3=CC=CC=C3Cl)F)/C4=NOCCO4,458.8
11051686,CCC(C)[C@H](C(=O)O)N,131.17
11074101,CCCC[N+]1=CC=C(C=C1)C.[Cl-],185.69
11074431,CC1=CC(=O)[N-]S(=O)(=O)O1.[K+],201.24
11075478,CCN1C=C[N+](=C1)C.[I-],238.07
11076461,CCCC[N+]1(CCCC1)C.[I-],269.17
11091168,CN(C)C(=O)C1=CC=CC=C1NS(=O)(=O)NC(=O)NC2=NC(=CC(=N2)OC)OC,424.4
11097730,C1CC1(C(=O)NC2=C(C=C(C=C2)Cl)Cl)C(=O)O,274.10
11127402,CC1(CCC=C2[C@@]13CC[C@@H](C3)C2(C)C)C,204.35
11140605,CCC1=CC=CC(=C1N([C@@H](C)COC)C(=O)CCl)C,283.79
11150163,CC1=C(C(=CC=C1)C)N([C@H](C)C(=O)OC)C(=O)COC,279.33
11159021,C1=CC(=C(C(=C1)Cl)C(=O)NCC2=C(C=C(C=N2)C(F)(F)F)Cl)Cl,383.6
11159354,C1C[C@H]2[C@@H]3CC[C@@H](C3)[C@H]2C1,136.23
11159638,CCN1C=C[N+](=C1)C.C(=[N-])=NC#N,177.21
11171745,CCCCN1C=C[N+](=C1)C.C(=[N-])=NC#N,205.26
11171853,[B-](F)(F)(F)F.CCCN1C=C[N+](=C1)C,212.00
11181836,CCCCCCCCCCCCCC[P+](CCCCCC)(CCCCCC)CCCCCC.C(F)(F)(F)S(=O)(=O)[N-]S(=O)(=O)C(F)(F)F,764.0
11193251,CC1=C(C=CC(=C1)C(C(F)(F)F)(C(F)(F)F)F)NC(=O)C2=C(C(=CC=C2)I)C(=O)NC(C)(C)CS(=O)(=O)C,682.4
11212667,CCCCN1C=C[N+](=C1C)C.C(F)(F)(F)S(=O)(=O)[N-]S(=O)(=O)C(F)(F)F,433.4
11219835,C1=CC=C(C(=C1)C2=NC(=NO2)C3=CC(=CC=C3)C(=O)O)F,284.24
11243457,CCCCN1C=C[N+](=C1C)C.F[P-](F)(F)(F)(F)F,298.21
11243969,C1[C@@H]2C[C@@H]2N([C@@H]1C#N)C(=O)[C@H](C34CC5CC(C3)CC(C5)(C4)O)N,315.4
11254899,CCCC[N+]1=CC=C(C=C1)C.F[P-](F)(F)(F)(F)F,295.20
11258643,CCCCN1C=C[N+](=C1)C.C(F)(F)(F)S(=O)(=O)[N-]S(=O)(=O)C(F)(F)F,419.4
11284883,CC(=O)O.CC(=O)O.CC(=O)O.CC(=O)O.CC(=O)O.CC(=O)O.CC(=O)O.O.O.[Cr].[Cr].[Cr],612.38
11285653,CO/C=C(\C1=CC=CC=C1COC2=CC=CC(=N2)C(F)(F)F)/C(=O)OC,367.3
11296583,C[C@H]1[C@H]([C@H](C[C@@H](O1)O[C@H]2C[C@@](CC3=C2C(=C4C(=C3O)C(=O)C5=C(C4=O)C(=CC=C5)OC)O)(C(=O)CO)O)N)O[C@@H]6CCCCO6,627.6
11302979,CC1=C(C=CC(=C1C2=NOCC2)S(=O)(=O)C)C(=O)C3=CNN(C3=O)C,363.4
11321106,C[N+]1=CN(C=C1)CC=C.[Cl-],158.63
11344909,[B-](F)(F)(F)F.C[N+]1=CN(C=C1)CCO,213.97
11355992,CCCOCCOCCOCCO,192.25
11375816,CCCCCCCCCCCCCC[P+](CCCCCC)(CCCCCC)CCCCCC.[Cl-],519.3
11402127,[N+](=O)(O)[O-].[N+](=O)(O)[O-].[Cd],238.44
11424151,CCCCN1C=C[N+](=C1)C.C(#N)[S-],197.30
11424880,CCCCN1C=C[N+](=C1)C.OS(=O)(=O)[O-],236.29
11437710,C1=CC(=CC(=C1)C(F)(F)F)C(=O)CC2=CC=C(C=C2)C#N,289.25
11448496,CCCCN1C=C[N+](=C1)C.[I-],266.12
11459786,CCCN1C=C[N+](=C1C)C.[I-],266.12
11460221,[B-](F)(F)(F)F.CCCCCCCCN1C=C[N+](=C1)C,282.13
11461044,[B-](F)(F)(F)F.CCCCCCCCCCN1C=C[N+](=C1)C,310.18
11472813,C1=CC(=C(C=C1N(CC(=O)N)CC(F)(F)F)C(F)(F)F)C#N,325.21
11477651,CCCOC1=C(C(=C(S1)C(=O)N2CCC(CC2)C3=C(C=CC(=C3)CN)F)C)Br.Cl,505.9
11492381,CCCCN1C=C[N+](=C1)C.CS(=O)(=O)[O-],234.32
11492406,[B-](F)(F)(F)F.CCCC[N+]1=CC=C(C=C1)C,237.05
11499271,C[N+]1=CN(C=C1)CCO.[Cl-],162.62
11524680,CC(C)CCCCCCOC(=O)C1CCCCC1C(=O)OCCCCCCC(C)C,424.7
11556711,CC(C)C[C@@H](C(=O)[C@]1(CO1)C)NC(=O)[C@H](CC2=CC=CC=C2)NC(=O)[C@H](CC(C)C)NC(=O)[C@H](CCC3=CC=CC=C3)NC(=O)CN4CCOCC4,719.9
11556911,CS(=O)(=O)C1=C(C(=C(C=C1)C(=O)C2C(=O)CCCC2=O)Cl)COCC(F)(F)F,440.8
11626384,C1CC2=C(C=CC(=C2)F)O[C@H]1[C@H](CNC[C@@H]([C@@H]3CCC4=C(O3)C=CC(=C4)F)O)O.Cl,441.9
11634155,CC(C)C[C@H]1CN2CCC3=CC(=C(C=C3[C@@H]2CC1=O)OC)OC,317.4
11636816,CN(C)CCCl.Cl,144.04
11643980,CC(=O)[O-].C[N+](C)(C)CCO,163.21
11647992,C1CN(CCC1(C2=CC(=CC=C2)C(F)(F)F)O)CCCC(=O)C3=CC=C(C=C3)F.Cl,445.9
11658860,C[C@H]1CNCCC2=C1C=C(C=C2)Cl,195.69
11674455,CCCCN1C=C[N+](=C1)C.Cl[Fe-](Cl)(Cl)Cl,336.9
11700495,COC1=NC=C(C2=NC(=NN21)S(=O)(=O)NC3=C(C=CC=C3F)F)F,359.29
11705034,C1CCN(CC1)C2(CCN(CC2)CCCC(=O)C3=CC=C(C=C3)F)C(=O)N.Cl.Cl,448.4
11723708,CC(C)C1=C(C(=CC=C1)C(C)C)N2C(=O)C3=C(C2=O)C=C(C=C3)O,323.4
11731903,CCN1C=C[N+](=C1)C.C(F)(F)(F)S(=O)(=O)[N-]S(=O)(=O)C(F)(F)F,391.3
11750474,CCCN1C=C[N+](=C1C)C.C(F)(F)(F)S(=O)(=O)[N-]S(=O)(=O)C(F)(F)F,419.4
11769095,CCCC[N+]1(CCCC1)C.[Cl-],177.71
11784975,COC1=CN=C(N2C1=NC(=N2)NS(=O)(=O)C3=C(C=CC=C3OCC(F)F)C(F)(F)F)OC,483.4
11826859,CC(C)(C(=O)OCC=C)OC(=O)C1=C(C=CC(=C1)N2C(=O)C=C(N(C2=O)C)C(F)(F)F)Cl,474.8
11832800,CCCCN1C=C[N+](=C1C)C.[I-],280.15
11876263,C[C@]12CC[C@H]3[C@H]([C@@H]1CC[C@@H]2C(=O)COC(=O)C(C)(C)C)CCC4=CC(=O)CC[C@]34C,414.6
11953895,[C-]#N.[C-]#N.[C-]#N.[C-]#N.[C-]#N.[N-]=O.O.O.[Na+].[Na+].[Fe+4],297.95
11953897,CN1N=C(C(=O)N=C1SCC2=C(N3C(=O)[C@H]([C@H]3SC2)NC(=O)/C(=N\OC)/C4=CSC(=N4)N)C(=O)[O-])[O-].CN1N=C(C(=O)N=C1SCC2=C(N3C(=O)[C@H]([C@H]3SC2)NC(=O)/C(=N\OC)/C4=CSC(=N4)N)C(=O)[O-])[O-].O.O.O.O.O.O.O.[Na+].[Na+].[Na+].[Na+],1323.2
11954008,CO/N=C(/C1=CSC(=N1)N)\C(=O)N[C@H]2[C@@H]3N(C2=O)C(=C(CS3)C[N+]4=CC=CC5=C4CCC5)C(=O)[O-].OS(=O)(=O)O,612.7
11954009,CN1N=NN=C1SCC2=C(N3C(=O)[C@H]([C@H]3SC2)NC(=O)/C(=N\OC)/C4=CSC(=N4)N)C(=O)O.CN1N=NN=C1SCC2=C(N3C(=O)[C@H]([C@H]3SC2)NC(=O)/C(=N\OC)/C4=CSC(=N4)N)C(=O)O.Cl,1059.6
11954258,CCSC1=CC2=C(C=C1)SC3=CC=CC=C3N2CCCN4CCN(CC4)C.C(C(C(=O)O)O)C(=O)O.C(C(C(=O)O)O)C(=O)O,667.8
11954316,C1=CC(=C(C(=C1)C(=O)C2=CC=C(C=C2)Br)N)CC(=O)[O-].C1=CC(=C(C(=C1)C(=O)C2=CC=C(C=C2)Br)N)CC(=O)[O-].O.O.O.[Na+].[Na+],766.3
11956149,C[C@@H](C(=O)C1=CC=CC=C1)N.Cl,185.65
11957572,C1=CC(=CC(=C1)I)CN=C(N)N.C1=CC(=CC(=C1)I)CN=C(N)N.OS(=O)(=O)O,648.3
11957593,CC1=CNN=C1.Cl,118.56
11957654,CN1CCN(CC1)C2CC3=CC=CC=C3SC4=C2C=C(C=C4)Cl.C(=C\C(=O)O)\C(=O)O,461.0
11957707,CN1C=CC2=CC3=C(CCN3C(=O)NC4=CN=CC=C4)C=C21.Cl,328.8
11957725,C1CCN(CC1)CC2=CC(=CC=C2)OCCCNC3=NC4=CC=CC=C4S3.C(=C\C(=O)O)\C(=O)O.C(=C\C(=O)O)\C(=O)O,613.7
11969781,CC1C(C(CC(O1)OC2C[C@@](CC3=C2C(=C4C(=C3O)C(=O)C5=C(C4=O)C(=CC=C5)OC)O)(C(=O)CO)O)N6CCOC(C6)OC)O,643.6
11982778,CC1=C(C=CO1)C(=O)NC2=CC=C(C=C2)C(=O)N3C4=CC=CC=C4/C(=C/C(=O)N5CCC(CC5)N6CCCCC6)/C(CC3)(F)F.CC1=C(C=CO1)C(=O)NC2=CC=C(C=C2)C(=O)N3C4=CC=CC=C4/C(=C/C(=O)N5CCC(CC5)N6CCCCC6)/C(CC3)(F)F.C(=C/C(=O)O)\C(=O)O,1349.5
11995188,CCCC[N+]1=CC=C(C=C1)C.[I-],277.14
12004215,CC[C@H](C)[C@H]1C(=O)N[C@H](C(=O)N[C@H](C(=O)N[C@@H](CSSC[C@@H](C(=O)N[C@H](C(=O)N1)CC2=CC=C(C=C2)O)N)C(=O)N3CCC[C@H]3C(=O)N[C@@H](CC(C)C)C(=O)NCC(=O)N)CC(=O)N)CCC(=O)N.CC(=O)O,1067.2
12019456,C[C@@H]([C@H]1CC[C@@H]\2[C@@]1(CCC/C2=C\C=C\3/C[C@H](C[C@@H](C3=C)O)O)C)OCCC(C)(C)O,418.6
12036651,CCCCCCN1C=C[N+](=C1)C.[I-],294.18
12038941,CC[N+]1=CC=CC=C1.[I-],235.07
12040508,CCCN1C=C[N+](=C1)C.C(F)(F)(F)S(=O)(=O)[N-]S(=O)(=O)C(F)(F)F,405.3
12040509,CCCCCCCCCCN1C=C[N+](=C1)C.C(F)(F)(F)S(=O)(=O)[N-]S(=O)(=O)C(F)(F)F,503.5
12056759,CCCOC1=NN(C(=O)N1C)C(=O)[N-]S(=O)(=O)C2=CC=CC=C2C(=O)OC.[Na+],420.4
12056760,CN1C(=NN(C1=O)C(=O)[N-]S(=O)(=O)C2=CC=CC=C2OC(F)(F)F)OC.[Na+],418.28
12059921,CC[N+]1(CCCC1)C.[I-],241.11
12059922,CCC[N+]1(CCCC1)C.[I-],255.14
12077313,[B-](F)(F)(F)F.CC[N+]1=CC=CC=C1,194.97
12095229,CCN1C=C[N+](=C1)C.CCOS(=O)(=O)[O-],236.29
12148754,C1CN(CCC1C(=O)O)C2=C(C=C(C=C2)F)NC(=O)NC(=O)C3=CC(=C(C=C3Cl)F)F,455.8
12184311,CCCC[N+]1(CCCCC1)C.C(F)(F)(F)S(=O)(=O)[N-]S(=O)(=O)C(F)(F)F,436.4
12184591,CCCCCCCCN1C=C[N+](=C1)C.C(F)(F)(F)S(=O)(=O)[N-]S(=O)(=O)C(F)(F)F,475.5
12195864,CCCC[N+]1(CCCC1)C.C(F)(F)(F)S(=O)(=O)[O-],291.33
12248306,CCCC[N+]1=CC=CC(=C1)C.[Br-],230.14
12259683,C[C@H]1[C@H]2CC3=C([C@@]1(CCN2CC=C(C)C)C)C=C(C=C3)O.C(CC(=O)O)C(=O)O,403.5
12259684,C[C@@H]1[C@@H]2CC3=C([C@]1(CCN2CC=C(C)C)C)C=C(C=C3)O.C(CC(=O)O)C(=O)O,403.5
12285822,C1=CC(=CC=C1N)S(=O)(=O)[N-]C2=NC=CS2.[Na+],277.3
12305037,C1=CC(=C(C=C1[C@H](CN)O)O)O.C(C(C(=O)O)O)(C(=O)O)O.C(C(C(=O)O)O)(C(=O)O)O,469.35
12305761,C1=CC2=C(C(=C1)O)C(=O)C3=C([C@H]2[C@H]4[C@@H]([C@H]([C@@H]([C@H](O4)CO)O)O)O)C=C(C=C3O)CO,418.4
12309460,C1[C@@H]2[C@H](COS(=O)O1)[C@@]3(C(=C([C@]2(C3(Cl)Cl)Cl)Cl)Cl)Cl,406.9
12310947,C1[C@@H]2C=C[C@H]1[C@H]3[C@@H]2[C@]4(C(=C([C@@]3(C4(Cl)Cl)Cl)Cl)Cl)Cl,364.9
12336279,CC1=C(C=CC(=C1)Cl)N=CN(C)C.Cl,233.13
12338093,C1(=O)C(=O)NC(=O)NC1=O.O.O.O.O,214.13
12358480,C1[C@@H]2[C@@H]3[C@H]([C@H]1[C@H]4[C@@H]2O4)[C@@]5(C(=C([C@]3(C5(Cl)Cl)Cl)Cl)Cl)Cl,380.9
12358742,CC([C@H]1CC[C@@H]2[C@@]1(CC[C@H]3[C@H]2CC[C@H]4[C@@]3(CC[C@@H](C4)O)C)C)O,320.5
12472902,C1=CC(=C(C=C1C(=O)C2=C(C=C(C=C2)O)O)O)O,246.21
12521030,CC(O)(P(=O)(O)O)P(=O)(O)O.O,224.04
12598086,CC(=O)NC1=C(C(=C(C(=C1I)C(=O)O)I)NC(=O)C)I.O.O,649.94
12626562,CC(CC1=CC(=C(C=C1OC)Br)OC)N.Cl,310.61
12797557,CC(C)[C@@H](C1=CC=C(C=C1)OC(F)F)C(=O)OC(C#N)C2=CC(=CC=C2)OC3=CC=CC=C3,451.5
12850184,C(C(=O)[C@H]([C@@H]([C@H](C(=O)[O-])O)O)O)O.C(C(=O)[C@H]([C@@H]([C@H](C(=O)[O-])O)O)O)O.[Ca+2],426.34
12895035,C[C@H](CC[C@H](C(C)(C)O)O)[C@H]1CC[C@@H]\2[C@@]1(CCC/C2=C\C=C\3/C[C@H](CCC3=C)O)C,416.6
12922658,CCC1C(C2[C@@](O2)(/C=C/C(=O)[C@@H](C[C@@H]([C@@H]([C@H]([C@@H](CC(=O)O1)O)C)O[C@H]3[C@@H]([C@H](C[C@H](O3)C)N(C)C)O)CC=O)C)C)C,581.7
12942137,CCCCCCCCCCCCCCN(CCO)CCO,301.5
12961638,C1=CC=C2C(=C1)C(=O)OC23C4=CC(=C(C(=C4OC5=C(C(=C(C=C35)I)[O-])I)I)[O-])I.[Na+].[Na+],879.9
12971008,CCCN1C=C[N+](=C1)C.[I-],252.10
12991988,CCCC[N+](C)(C)C.C(F)(F)(F)S(=O)(=O)[N-]S(=O)(=O)C(F)(F)F,396.4
13035120,C1CN(CCN1CCCCl)C2=CC(=CC=C2)Cl.Cl,309.7
13059052,CC(C)(C1=CC(=C(C=C1)O)C2=CC=CC=C2)C3=CC(=C(C=C3)O)C4=CC=CC=C4,380.5
13132266,CCCCCCCCCCCCCCCCCC(=O)OCC(CC)CCCC,396.7
13218777,C[C@H]1[C@@H](SC(=O)N1C(=O)NC2CCCCC2)C3=CC=C(C=C3)Cl,352.9
13218779,C[C@@]12CC[C@@H](C1(C)C)C[C@H]2OC(=O)CSC#N,253.36
13240377,CCCC[N+]1=CC=CC=C1C.[Br-],230.14
13379149,CNC.[N+](=O)(O)[O-],108.10
13487610,CCCC[N+]1=CC=C(C=C1)C.[Br-],230.14
13501022,C[C@H]1[C@H]2CC3=C([C@@]1(CCN2CCC4=CC=CC=C4)C)C=C(C=C3)O.Br,402.4
13628993,[CH-]1C=CC=C1.[CH-]1C=CC=C1.[Ni+2],188.88
13633097,CC1=CSC(=C1N([C@@H](C)COC)C(=O)CCl)C,275.80
13638937,CC[N+]1=CC=CC=C1.C(F)(F)(F)S(=O)(=O)[O-],257.23
13649426,CCC1(CC2=CC=CC=C2C1)C3=CN=CN3.Cl,248.75
13713368,CC(C)C[C@@H]1[C@@H](OC(=O)N1CCCN2CCCCCC2)C3=CC=CC=C3.Cl,395.0
13961743,CC(C)OC1=C(SC2=C1C=C(C=C2)OC)C(=O)NC3=NN=N[N-]3.[Na+],355.35
14007922,CCCC[N+]1=CC=CC=C1.[I-],263.12
14010333,CC(CCC1=CC=C(C=C1)O)NCC(C2=CC=C(C=C2)O)O.Cl,337.8
14017587,CC(=O)N[C@H]([C@H](CC(=O)C(=O)O)O)[C@H]([C@@H]([C@@H](CO)O)O)O,309.27
14178379,C1=CC=C(C=C1)COC2=CC=C(C=C2)S(=O)(=O)C3=CC=CC=C3O,340.4
14257662,C1C[C@H](N(C1)C(=O)[C@@H]2CSSC[C@@H](C(=O)N[C@H](C(=O)N[C@H](C(=O)N[C@H](C(=O)N[C@H](C(=O)N2)CC(=O)N)CCC(=O)N)CC3=CC=CC=C3)CC4=CC=CC=C4)N)C(=O)N[C@@H](CCCCN)C(=O)NCC(=O)N,1040.2
14306122,CCCCCCCCCOC(=O)CCCCC(=O)OCCCCCCC,370.6
14552708,CCCCCCCCCCOCC(CN)O.Cl,267.83
14720269,CC1=C(C=CN=C1CS(=O)C2=NC3=CC=CC=C3[N-]2)OCCCOC.[Na+],381.4
15008962,COC1=C(C(=NC=C1)CS(=O)C2=NC3=C([N-]2)C=CC(=C3)OC(F)F)OC.[Na+],405.4
15461361,CC/C=C\CCOC(=O)/C(=C/C)/C,182.26
15558682,CN1[C@H]2CC[C@@H]1[C@H]([C@@H](C2)OC(=O)C3=CC=CC=C3)C(=O)OC.Cl,339.8
15575641,CCCOC(=O)NCCCN(C)C.Cl,224.73
15605556,CC(CCC=C(C)C)NC.CC(CCC=C(C)C)NC.[C@@H]([C@@H]([C@H](C(=O)O)O)O)([C@@H](C(=O)O)O)O,492.6
15842092,CCC1=CC=CC(=C1N(C(C)COC)C(=O)C(=O)O)C,279.33
15895902,CCC(=O)[N-]S(=O)(=O)C1=CC=C(C=C1)C2=C(ON=C2C3=CC=CC=C3)C.[Na+],392.4
15932798,CCCC[N+]1=CC=CC=C1C.[I-],277.14
15981450,CC1=CC2=C(C=C1C(F)(F)F)N(CC2)C(=O)NC3=CN=C(C=C3)OC4=C(N=CC=C4)C.Cl,464.9
15984075,CN1CC[C@]23[C@@H]4[C@H]1CC5=C2C(=C(C=C5)OC)O[C@H]3[C@H](C=C4)O.Cl,335.8
16036578,C1=CSC(=C1)/C=C/S(=O)(=O)NC(=O)C2=C(C=C(C=C2)F)Br,390.3
16051918,CN1CCC2=CC(=C3C=C2[C@@H]1CC4=CC=C(C=C4)OC5=C6[C@@H](CC7=CC(=C(C=C7)O)O3)[N+](CCC6=CC(=C5O)OC)(C)C)OC.Cl.[Cl-],681.6
16051931,CNC(=NC)NCC1=CC=CC=C1.CNC(=NC)NCC1=CC=CC=C1.OS(=O)(=O)O,452.6
16051933,C1C[C@H](N(C1)C(=O)[C@@H]2CSSCCC(=O)N[C@H](C(=O)N[C@H](C(=O)N[C@H](C(=O)N[C@H](C(=O)N2)CC(=O)N)CCC(=O)N)CC3=CC=CC=C3)CC4=CC=C(C=C4)O)C(=O)N[C@@H](CCCN=C(N)N)C(=O)NCC(=O)N,1069.2
16051941,CCC1=C[C@H]2C[C@@](C3=C(CN(C2)C1)C4=CC=CC=C4N3)(C5=C(C=C6C(=C5)[C@]78CCN9[C@H]7[C@@](C=CC9)([C@H]([C@@]([C@@H]8N6C)(C(=O)OC)O)OC(=O)C)CC)OC)C(=O)OC.C(C(C(=O)O)O)(C(=O)O)O.C(C(C(=O)O)O)(C(=O)O)O,1079.1
16051942,C[C@@H]1C[C@H]2[C@@H]3CCC4=CC(=O)C=C[C@@]4([C@H]3[C@H](C[C@@]2([C@@]1(C)C(=O)OC)C)O)C,372.5
16051947,CC[C@@H]1/C=C(/C[C@@H](C[C@@H]([C@@H]2[C@H](C[C@H]([C@@](O2)(C(=O)C(=O)N3CCCC[C@H]3C(=O)O[C@@H]([C@@H]([C@H](CC1=O)O)C)/C(=C/[C@@H]4CC[C@H]([C@@H](C4)OC)Cl)/C)O)C)OC)OC)C)\C,810.4
16051951,CCC[C@@H]1C[C@H](N(C1)C)C(=O)N[C@@H]([C@@H]2[C@@H]([C@@H]([C@H]([C@H](O2)SC)O)O)O)[C@H](C)Cl.Cl,461.4
16051954,C[C@H]1C([C@@](C[C@@H](O1)O[C@@H]2[C@H]([C@@H]([C@H](O[C@H]2OC3=C4C=C5C=C3OC6=C(C=C(C=C6)[C@H]([C@H](C(=O)N[C@H](C(=O)N[C@H]5C(=O)N[C@@H]7C8=CC(=C(C=C8)O)C9=C(C=C(C=C9O)O)[C@@H](NC(=O)[C@H]([C@@H](C1=CC(=C(O4)C=C1)Cl)O)NC7=O)C(=O)O)CC(=O)N)NC(=O)[C@@H](CC(C)C)NC)O)Cl)CO)O)O)(C)N)O.Cl,1485.7
16051969,CC(=O)O.C1C[C@H](N(C1)C(=O)[C@@H]2CSSCCC(=O)N[C@H](C(=O)N[C@H](C(=O)N[C@H](C(=O)N[C@H](C(=O)N2)CC(=O)N)CCC(=O)N)CC3=CC=CC=C3)CC4=CC=C(C=C4)O)C(=O)N[C@@H](CCCN=C(N)N)C(=O)NCC(=O)N,1129.3
16051987,C1=C(NN=C1)CCN.Cl,147.60
16052011,CC(C)C[C@@H](C(=O)N[C@@H](CCCN=C(N)N)C(=O)N1CCC[C@H]1C(=O)NNC(=O)N)NC(=O)[C@@H](COC(C)(C)C)NC(=O)[C@H](CC2=CC=C(C=C2)O)NC(=O)[C@H](CO)NC(=O)[C@H](CC3=CNC4=CC=CC=C43)NC(=O)[C@H](CC5=CN=CN5)NC(=O)[C@@H]6CCC(=O)N6.CC(=O)O,1329.5
16052015,C[C@@H]1OC[C@@H]2[C@@H](O1)[C@@H]([C@H]([C@@H](O2)OC3C4COC(=O)[C@@H]4[C@@H](C5=CC6=C(C=C35)OCO6)C7=CC(=C(C(=C7)OC)OP(=O)(O)O)OC)O)O,668.5
16052038,CCCCCCCCCCCCCCCC(=O)O[C@@H]1[C@H]([C@H]([C@H](O[C@@H]1SC)[C@@H]([C@H](C)Cl)NC(=O)[C@@H]2C[C@H](CN2C)CCC)O)O.Cl,699.9
16069365,CN1C=C[N+](=C1)C.COP(=O)([O-])OC,222.18
16088242,C[C@@H]1C[C@@H]2[C@H](O[C@]3([C@H]1[C@]4(CC[C@@]56C[C@@]57CC[C@@H](C([C@@H]7CC[C@H]6[C@@]4([C@H]3O)C)(C)C)O[C@H]8[C@@H]([C@H]([C@@H](CO8)O)O)O)C)O2)C(C)(C)O,620.8
16114800,CC(C1=NC(=NC(=C1/C=C/C(O)CC(O)CC(=O)[O-])C2=CC=C(C=C2)F)N(S(=O)(=O)C)C)C.CC(C1=NC(=NC(=C1/C=C/C(O)CC(O)CC(=O)[O-])C2=CC=C(C=C2)F)N(S(=O)(=O)C)C)C.[Ca+2],1001.1
16129710,CCCCC/C=C\CCC(=O)N[C@@H]1[C@H]([C@@H]([C@H](O[C@H]1OC2=C3C=C4C=C2OC5=C(C=C(C=C5)[C@H]([C@H]6C(=O)N[C@H](C7=C(C(=CC(=C7)O)O[C@@H]8[C@H]([C@H]([C@@H]([C@H](O8)CO)O)O)O)C9=C(C=CC(=C9)[C@H](C(=O)N6)NC(=O)[C@@H]4NC(=O)[C@@H]1C2=CC(=CC(=C2)OC2=C(C=CC(=C2)[C@@H](C(=O)N[C@H](CC2=CC(=C(O3)C=C2)Cl)C(=O)N1)N)O)O)O)C(=O)O)O[C@H]1[C@@H]([C@H]([C@@H]([C@H](O1)CO)O)O)NC(=O)C)Cl)CO)O)O,1877.6
16129778,C1=C(C=C(C(=C1O)O)O)C(=O)OC2=CC(=CC(=C2O)O)C(=O)OC[C@@H]3[C@H]([C@@H]([C@H]([C@@H](O3)OC(=O)C4=CC(=C(C(=C4)OC(=O)C5=CC(=C(C(=C5)O)O)O)O)O)OC(=O)C6=CC(=C(C(=C6)OC(=O)C7=CC(=C(C(=C7)O)O)O)O)O)OC(=O)C8=CC(=C(C(=C8)OC(=O)C9=CC(=C(C(=C9)O)O)O)O)O)OC(=O)C1=CC(=C(C(=C1)OC(=O)C1=CC(=C(C(=C1)O)O)O)O)O,1701.2
16161315,C[C@@H](C(=O)NCC(=O)N[C@H]1CSSC[C@H](NC(=O)[C@@H](NC(=O)[C@@H](NC(=O)[C@@H](NC(=O)[C@@H](NC(=O)[C@@H](NC(=O)[C@@H](NC(=O)[C@@H](NC(=O)[C@@H](NC(=O)[C@@H](NC(=O)[C@@H](NC1=O)CCCCN)CC(=O)N)CC2=CC=CC=C2)CC3=CC=CC=C3)CC4=CNC5=CC=CC=C54)CCCCN)C(C)O)CC6=CC=CC=C6)C(C)O)CO)C(=O)O)N,1637.9
16204922,CC(=O)CC(C1=CC=CC=C1)C2=C(C3=CC=CC=C3OC2=O)[O-].[Na+],330.3
16210995,CCN1C=C[N+](=C1C)C.C(F)(F)(F)S(=O)(=O)[O-],274.26
16211009,CCCCCCCC[N+](C)(CCCCCCCC)CCCCCCCC.C(F)(F)(F)S(=O)(=O)[N-]S(=O)(=O)C(F)(F)F,648.9
16211072,CCN1C=C[N+](=C1)C.[N+](=O)([O-])[O-],173.17
16211101,C(CO/C=C/[C@@H](C(=O)O)N)N.Cl,196.63
16211115,CCN1C=C[N+](=C1)C.C(#N)[S-],169.25
16211135,CC[S+](CC)CC.C(F)(F)(F)S(=O)(=O)[N-]S(=O)(=O)C(F)(F)F,399.4
16211197,C([C@H](C(=O)O)N)C(=O)N.O,150.13
16211283,COC1=CC2=C(C=CN=C2C=C1)[C@H]([C@@H]3C[C@@H]4CCN3C[C@@H]4C=C)O.O.O.Cl,396.9
16211409,CCN1C=C[N+](=C1)C.COS(=O)(=O)[O-],222.26
16211417,CCCCCCCCCCCCN1C=C[N+](=C1)C.[I-],378.34
16211508,[NH4+].[NH4+].Cl[Pt-2](Cl)(Cl)Cl,373.0
16211610,COC1=CC2=C(C=CN=C2C=C1)[C@H]([C@@H]3C[C@@H]4CCN3C[C@@H]4C=C)O.COC1=CC2=C(C=CN=C2C=C1)[C@H]([C@@H]3C[C@@H]4CCN3C[C@@H]4C=C)O.O.O.OS(=O)(=O)O,782.9
16211849,CCN1C=C[N+](=C1)C.CS(=O)(=O)[O-],206.27
16212317,COC1=C(C2=C[N+]3=C(C=C2C=C1)C4=CC(=C(C=C4CC3)OC)OC)OC.O.[Cl-],405.9
16212360,C(C(=O)[O-])F.[Na+],100.02
16212480,CCCCCCCCCCCCCCCC(=O)OC[C@H]([C@@H]1[C@@H]([C@H](CO1)O)O)O,402.6
16212610,CCCCCCCCCCCCCC[P+](CCCCCC)(CCCCCC)CCCCCC.F[P-](F)(F)(F)(F)F,628.8
16212746,CCCCCCCCN1C=C[N+](=C1)C.C(F)(F)(F)S(=O)(=O)[O-],344.40
16212880,CC(C)CCCCCCCOP(OCCCCCCCC(C)C)OC1=CC=CC=C1,438.6
16213711,CCCC[N+]1(CCCC1)C.C(=[N-])=NC#N,208.30
16217215,CCN1C=C[N+](=C1)C.OS(=O)(=O)[O-],208.24
16217238,CCCCCCCCCCCCCC[P+](CCCCCC)(CCCCCC)CCCCCC.C(=[N-])=NC#N,549.9
16218600,CCCCCCCCCCCCCCCCCC(=O)OC[C@H]([C@@H]1[C@@H]([C@H](CO1)O)O)O,430.6
16218739,CC1=CC=C(C=C1)S(=O)(=O)[O-].CC(C)C[P+](C)(CC(C)C)CC(C)C,388.5
16218793,CCCC[P+](C)(CCCC)CCCC.COS(=O)(=O)[O-],328.45
16218822,CCCCCCCCCCCCCC[P+](CCCCCC)(CCCCCC)CCCCCC.[Br-],563.8
16219127,CCN(CC)CCC1=C(C2=C(C(=C(C=C2)OCC(=O)OCC)Cl)OC1=O)C.Cl,432.3
16219349,CCN[C@H](C)CC1=CC(=CC=C1)C(F)(F)F.Cl,267.72
16219385,C(CC(=O)O)C(C(=O)O)N.O,165.14
16219444,C1CCC(CC1)N.C1CCC(CC1)N.C([C@H](COP(=O)(O)O)O)O,370.42
16219744,C1=CC(=CC=C1C(/C=C/C(=O)[O-])O)Cl.O.[Na+],252.62
16220111,C[C@@H]1CC[C@@H]2[C@@]13C[C@H](C2(C)C)C(=C(C3)C(=O)C)C,246.4
16220118,CC1=C(N(C(=C1)CC(=O)[O-])C)C(=O)C2=CC=C(C=C2)Cl.[Na+],313.71
16654936,CCOC(=O)C1=CC=C(C=C1)C2CCC(CC2)NC[C@@H](COC3=CC(=C(C=C3)O)NS(=O)(=O)C)O.Cl,543.1
16663655,CCOC(=O)[CH-]C(=O)C(=O)OCC.[Na+],210.16
16667700,COC1=CC=CC=C1OCCNCC(COC2=CC=CC3=C2C4=CC=CC=C4N3)O.C(C(C(=O)O)O)(C(=O)O)O,556.6
16667738,CCC(CC)O[C@@H]1C=C(C[C@@H]([C@H]1NC(=O)C)N)C(=O)OCC.C(C(C(=O)O)O)(C(=O)O)O,462.5
16678045,CC1=CC(=C(N1C2=CC=CC(=C2)C(=O)O)C)C(=O)O.C1CN2CC3=CCO[C@H]4CC(=O)N5[C@H]6[C@H]4[C@H]3C[C@H]2[C@@]61C7=CC=CC=C75,593.7
16682730,CC(=O)O[Hg]C1=CC=CC=C1,336.74
16682734,C1=CC=C2C(=C1)C(=O)O[Bi]O2.O,363.10
16682738,CCCCCCCCCCCC(=O)O[Sn](CCCC)(CCCC)OC(=O)CCCCCCCCCCC,631.6
16682740,CCCC[Sn](CCCC)(OC(=O)C)OC(=O)C,351.03
16682746,CCCC[Sn](CCCC)(CCCC)O[Sn](CCCC)(CCCC)CCCC,596.1
16682804,CC(=O)O[Sn](C1=CC=CC=C1)(C2=CC=CC=C2)C3=CC=CC=C3,409.1
16682828,CCCC[Sn](CCCC)(CCCC)OC(=O)C(=C)C,375.1
16682834,CCCC[Sn](CCCC)(CCCC)OC(=O)C1=CC=CC=C1,411.2
16682839,C1=CC(=CC=C1NC(=O)CO)[As](=O)(O)O[Bi]=O,499.06
16682935,CC1=C2C(=C(C=C1)[N+](=O)[O-])[Hg]O2,351.71
16682953,CC(=O)O[Pb](C1=CC=CC=C1)(C2=CC=CC=C2)C3=CC=CC=C3,497
16682987,CCCCCCCCCCCCCCCCCC(=O)O[Al].O.O,346.5
16682993,CC(=O)O[Al]OC(=O)C.O,163.08
16682999,C1=C(C=C2C(=C1O)O[Bi]O2)C(=O)O.O,395.10
16683023,CC(C(=O)O[Hg]C1=CC=CC=C1)O,366.77
16683072,CCCC[Sn](CCCC)(CCCC)OC(=O)C=C,361.11
16683083,S=[Sb](=S)S[Sb](=S)=S,403.9
16683095,C(=O)(O[Bi]=O)O[Bi]=O,509.97
16683101,C1(C(=O)NC(=N1)O[Al])NC(=O)N.O.O,220.12
16683978,CC(=O)O[Al].O.O,122.06
16684434,CC[Hg]SC1=CC=CC=C1C(=O)[O-].[Na+],404.82
16684880,CCCCO[Al](OCCCC)OCCCC,246.32
16700308,C(=O)O[Al](OC=O)OC=O,162.03
16719897,CCC[N+]1(CCCC1)C.[Br-],208.14
16722125,CC1([C@@H]([C@@H]1C(=O)OCC2=COC(=C2)CC3=CC=CC=C3)/C=C/4\CCSC4=O)C,396.5
16726630,CCC[N+]1(CCCCC1)C.C(F)(F)(F)S(=O)(=O)[N-]S(=O)(=O)C(F)(F)F,422.4
16738693,CC(C)[N+]1([C@@H]2CC[C@H]1CC(C2)OC(=O)C(CO)C3=CC=CC=C3)C.O.[Br-],430.4
16749605,CCCCCCCCCCCCN1C=C[N+](=C1)C.[Br-],331.33
16757820,COC(=O)C(C1=CC=CC=C1Cl)N2CCC3=C(C2)C=CS3.OS(=O)(=O)O,419.9
16759173,CC[C@H](C)C(=O)O[C@H]1C[C@@H](C=C2[C@H]1[C@H]([C@H](C=C2)C)CC[C@H](C[C@H](CC(=O)[O-])O)O)O.[Na+],446.5
16760141,C[C@@H]\1C/C(=C/C[C@@H]2C[C@@H](C[C@@]3(O2)C/C(=N/OC)/[C@@H]([C@H](O3)/C(=C/C(C)C)/C)C)OC(=O)[C@@H]4C=C([C@H]([C@@H]5[C@]4(/C(=C/C=C1)/CO5)O)O)C)/C,639.8
16760189,CC1=NC(=NC(=N1)OC)NC(=O)[N-]S(=O)(=O)C2=C(C=CC(=C2)I)C(=O)OC.[Na+],529.24
16760467,C([C@H]([C@H]([C@@H]([C@H](C(=O)[O-])O)O)O)O)O.[K+],234.25
16760569,CN(C)C(=O)CCSC(C1=CC=CC(=C1)/C=C/C2=NC3=C(C=CC(=C3)Cl)C=C2)SCCC(=O)[O-].[Na+],537.1
16760658,C1=CC=C(C(=C1)C(=O)[O-])O.[Na+],160.10
16760703,CCCC(CCC)C(=O)[O-].[Na+],166.19
17756783,CCOC1=CC=C(C=C1)NC(=C)NC2=CC=C(C=C2)OCC,298.4
17756794,C1[C@@H]([C@@H]([C@H]([C@@H]1O)/C=C/[C@H](COC2=CC(=CC=C2)Cl)O)C/C=C\CCCC(=O)[O-])O.[Na+],446.9
17756939,CN1C(C(=O)C2=C(S1(=O)=O)C=C(S2)Cl)C(=O)NC3=CC=CC=N3,371.8
17756940,CC1=C(C(=CC=C1)C)NC(=O)NC2=CCCN2C,245.32
17841257,[B-](F)(F)(F)F.CCCC[N+]1=CC=CC(=C1)C,237.05
18173271,CC1=NC(=NO1)C2=CC3=C(CCN(CC3)CCC4CCC(CC4)NC(=O)/C=C/C5=CC=C(C=C5)F)C=C2.Cl,539.1
18374068,[B-](F)(F)(F)F.CC[N+]1(CCCC1)C,201.02
18506491,[B-](F)(F)(F)F.CCCCCCCCCCCCCCCCN1C=C[N+](=C1)C,394.3
18542136,C1=CC(=C(C=C1O)O)C2=C(C(=O)C3=C(C=C(C=C3O2)O)O)O.O.O,338.27
18551400,CC(CC1=CC=C(C=C1)OCC(=O)O)NCC(C2=CSC(=N2)C(F)(F)F)O,404.4
18992283,C1CCC2=NC3=C(CN2CC1)C(=CC(=C3)Cl)Cl.Cl,305.6
19838382,CCCC[N+]1(CCCCC1)C.[Br-],236.19
19876500,CCCC[N+]1=CC=CC(=C1)C.[Cl-],185.69
20054849,CC1=NC=C(C(=N1)N)CN(/C(=C(\SS/C(=C(\N(C=O)CC2=CN=C(N=C2N)C)/C)/CCOC(=O)C3=CC=CC=C3)/CCOC(=O)C4=CC=CC=C4)/C)C=O,770.9
20054868,C[C@@H]1[C@H]([C@@H](C[C@@H](O1)O[C@H]2[C@@H](CC3=C(C2=O)C(=C4C(=C3)C=C(C(=C4O)C)O[C@H]5C[C@H]([C@H]([C@H](O5)C)OC(=O)O)O[C@@H]6C[C@H]([C@H]([C@H](O6)C)OC)O)O)[C@@H](C(=O)[C@H]([C@@H](C)O)O)OC)O[C@H]7C[C@H]([C@@H]([C@H](O7)C)O)O[C@H]8C[C@]([C@H]([C@@H](O8)C)OC(=O)C)(C)O)O,1185.2
20054942,CN[C@H]1C[C@H]([C@@H]([C@H]([C@@H]1O)O[C@H]2[C@@H]3[C@H]([C@H]([C@H](O2)CO)O)OC4(O3)[C@@H]([C@H]([C@H]([C@H](O4)C(CO)N)O)O)O)O)N,527.5
20054964,C[C@H]1C[C@H]([C@@](O[C@@H]1[C@H]2C[C@@H]([C@@H](O2)[C@@]3(CC[C@@H](O3)[C@@]4(CC[C@@]5(O4)C[C@@H]([C@H]([C@H](O5)[C@@H](C)[C@H]6[C@@H]([C@H]([C@@H]([C@](O6)(CC(=O)[O-])O)C)OC)OC)C)O)C)C)OC7C[C@@H]([C@H]([C@@H](O7)C)OC)OC)(C)O)C.[NH4+],934.2
20054967,CCCCC/C=C\C/C=C\CCCCCCCC(=O)NC(C)C1=CC=CC=C1,383.6
20055083,CC1=CC2=C(C=C1C)N(C=N2)[C@@H]3[C@@H]([C@@H]([C@H](O3)CO)OP(=O)([O-])OC(C)CNC(=O)CCC\4(C(C5C6(C(C(C(=N6)/C(=C\7/C(C(C(=N7)/C=C\8/C(C(C(=N8)/C(=C4\[N-]5)/C)CCC(=O)N)(C)C)CCC(=O)N)(C)CC(=O)N)/C)CCC(=O)N)(C)CC(=O)N)C)CC(=O)N)C)O.[CH2-][C@@H]1[C@H]([C@H]([C@@H](O1)N2C=NC3=C(N=CN=C32)N)O)O.[Co+3],1579.6
20055232,C[C@@H]1CC[C@H]([C@@H](C1)OC(=O)C2=CC=CC=C2O)C(C)C,276.4
20055397,CCCC(=O)O[C@@]1(CC[C@@H]2[C@@]1(C[C@@H]([C@H]3[C@H]2CCC4=CC(=O)CC[C@]34C)O)C)C(=O)CC,430.6
20055424,CC1=NC=C(C(=N1)N)CN(/C(=C(\SS/C(=C(\N(C=O)CC2=CN=C(N=C2N)C)/C)/CCOC(=O)C(C)C)/CCOC(=O)C(C)C)/C)C=O,702.9
20055509,CN1[C@@H]2CC(C[C@H]1[C@H]3[C@@H]2O3)OC(=O)[C@H](CO)C4=CC=CC=C4.O.O.O.Br,438.3
20055515,C[C@@]1(CO[C@@H]([C@@H]([C@H]1NC)O)O[C@H]2[C@@H](C[C@@H]([C@H]([C@@H]2O)OC3C(CC=C(O3)CN)N)N)N)O.C[C@@]1(CO[C@@H]([C@@H]([C@H]1NC)O)O[C@H]2[C@@H](C[C@@H]([C@H]([C@@H]2O)OC3C(CC=C(O3)CN)N)N)N)O.OS(=O)(=O)O.OS(=O)(=O)O.OS(=O)(=O)O.OS(=O)(=O)O.OS(=O)(=O)O,1385.5
20055528,CC1=C(N=C(N=C1N)C(CC(=O)N)NCC(C(=O)N)N)C(=O)NC(C(C2=CN=CN2)O[C@H]3[C@H]([C@H]([C@@H]([C@@H](O3)CO)O)O)O[C@@H]4[C@H]([C@H]([C@@H]([C@H](O4)CO)O)OC(=O)N)O)C(=O)NC(C)C(C(C)C(=O)NC(C(C)O)C(=O)NCCC5=NC(=CS5)C6=NC(=CS6)C(=O)NCCCN[C@@H](C)C7=CC=CC=C7)O.OS(=O)(=O)O,1571.7
20055558,CC1([C@@H](N2[C@H](S1)[C@@H](C2=O)NC(=O)C(C3=CC=CC=C3)N)C(=O)OC4C5=CC=CC=C5C(=O)O4)C.Cl,518.0
20056549,CO[C@]1([C@H]2N(C1=O)C(=C(CO2)CSC3=NN=NN3CCO)C(=O)O)NC(=O)CSC(F)F,496.5
20056587,C[C@@]1(CO[C@@H]([C@@H]([C@H]1NC)O)O[C@H]2[C@@H](C[C@@H]([C@H]([C@@H]2O)O[C@@H]3[C@@H]([C@H]([C@@H]([C@H](O3)CN)O)O)O)N)NC(=O)C(CN)O)O.OS(=O)(=O)O,667.7
20056627,C[C@@H]1C[C@@H]([C@H]([C@@H](O1)O[C@H]2[C@H](C[C@]3(CO3)C(=O)[C@@H]([C@H]([C@H]([C@H](OC(=O)[C@@H]([C@H]([C@@H]2C)O[C@H]4C[C@@H]([C@H]([C@@H](O4)C)O)OC)C)C)C)O)C)C)O)N(C)C.OP(=O)(O)O,785.9
20056828,C1[C@@H]([C@H]([C@@H](C([C@@H]1N)O)O[C@H]2[C@@H]([C@@H]([C@H](O2)CO)O)O)O[C@@H]3[C@@H]([C@H]([C@@H]([C@H](O3)CN)O)O)N)N.OS(=O)(=O)O,552.6
20478723,CCCCCCCCCCCCCCCS(=O)(=O)OC1=CC=CC=C1,368.6
20607916,C=CC(=O)OCCOC1C2CCC1C3C2CC=C3,248.32
20641892,CC(CN(CCN(CC(C)OCCO)CC(C)OCCO)CC(C)OCCO)OCCO,468.6
20725980,CCCCCCC(CCCCCCCCCCC(=O)OCC(COC(=O)C)OC(=O)C)OC(=O)C,500.7
20838960,C1CCC(CC1)[C@@H](/C=C/[C@H]2[C@@H](C[C@H]3[C@@H]2C/C(=C/C4=CC(=CC=C4)C(=O)O)/O3)O)O.[Na+],421.5
20841747,C1=CC=C(C=C1)[NH3+].[N+](=O)([O-])[O-],156.14
20848883,CN(C)CCN1C(=NN=N1)SCC2=C(N3[C@@H]([C@@H](C3=O)NC(=O)CC4=CSC(=N4)N)SC2)C(=O)O.Cl,562.1
20849290,CCC1CCC(C1)CCC(=O)O,170.25
21124389,C1CN[C@@H]2CC3=C4[C@@]15[C@H]2C=C[C@@H]([C@@H]5OC4=C(C=C3)O)O.Cl,307.77
21158559,C=CC[N@@+]12[C@@H]3[C@]4(C5=CC=CC=C5N/6[C@H]4/C(=C\N7[C@H]8/C(=C6)/[C@@H]9/C(=C\CO)/C[N@+]4([C@H]([C@]8(C5=CC=CC=C75)CC4)C9)CC=C)/[C@@H](C3)/C(=C\CO)/C1)CC2.[Cl-].[Cl-],737.8
21619272,CC(=O)OC1=C(C=C(C=C1)[N+](=O)[O-])CCl,229.62
21881620,CC1=CC=C(C=C1)/C=C/2\C3CCC(C2=O)C3(C)C,240.34
21917397,CCCCCC[N+]1=CC=CC=C1.[I-],291.17
21932259,CCN1C=C[N+](=C1C)C.C(F)(F)(F)S(=O)(=O)[N-]S(=O)(=O)C(F)(F)F,405.3
21935081,CCOC(=O)COC1=CC2=C(CCC(C2)NCC(C3=CC(=CC=C3)Cl)O)C=C1.Cl,440.4
21943953,C1CCC(CC1)C2=C(C=CC(=C2)C3(CCCCC3)C4=CC(=C(C=C4)O)C5CCCCC5)O,432.6
21977262,[B-](F)(F)(F)F.CCN1C=C[N+](=C1C)C,212.00
21988023,CCCC[N+]1=CC=CC=C1C.[Cl-],185.69
22078297,CCCCCCCCCCN1C=C[N+](=C1)C.[Br-],303.28
22239085,CCCCCCCCCCN1C=C[N+](=C1)C.C(F)(F)(F)S(=O)(=O)[O-],372.4
22386467,C1=CC=C2C(=C1)C(=NN=C2NC3=CC=C(C=C3)Cl)CC4=CC=NC=C4.Cl.Cl,419.7
22419268,CCC1=C(C(=C(C=C1C)N)CC)N,178.27
22524140,CCC/C=C/C=C/C(=O)O[C@H]1/C(=C/C(=O)OC)/C[C@H]2C[C@@H](OC(=O)C[C@@H](C[C@@H]3C[C@@H](C([C@@](O3)(C[C@@H]4C/C(=C/C(=O)OC)/C[C@@H](O4)/C=C\C([C@@]1(O2)O)(C)C)O)(C)C)OC(=O)C)O)[C@@H](C)O,905.0
22678982,CCCCCCCC[N+](C)(CCCCCCCC)CCCCCCCC.C(F)(F)(F)S(=O)(=O)[O-],517.8
22833294,CC1(C(=C)[C@@]2(C([C@]1(C(C2(Cl)Cl)(Cl)Cl)Cl)Cl)Cl)C,377.3
22833295,C1CN2CC3=CCO[C@H]4CC(=O)N5[C@H]6[C@H]4[C@H]3C[C@H]2[C@@]61C7=CC=CC=C75.C1CN2CC3=CCO[C@H]4CC(=O)N5[C@H]6[C@H]4[C@H]3C[C@H]2[C@@]61C7=CC=CC=C75.OS(=O)(=O)O,766.9
22833303,CCCCCCCCCCCC(=O)OC[C@H](C1[C@@H]([C@H](CO1)O)O)O,346.5
22833307,C/C=C/C/C=C/C/C=C/CC=C,162.27
22833317,CCC(O)OCC(C)OC(CC)O,192.25
22833320,CC1=C(C(=CC=C1)S(=O)(=O)[O-])C.[NH4+],203.26
22833321,CC(C)CC(C)CC(C)/C=C(\C)/C1CC(=O)OC1=O,266.38
22833326,CC(C)(C)CCCCCCOC(=O)C1=CC=CC=C1C(=O)OCCCCCCC(C)(C)C,446.7
22833331,CCC(O)OCCCOC,148.20
22833389,CCCCCCCCCCCC(=O)OC[C@H]([C@@H]1[C@@H]([C@H](CO1)OCCO)OCCO)O,434.6
22833395,CCC(C)(CCC(C)C)C(=O)OC=C,198.30
22833454,CCCC(CC)CCCCCCCN,199.38
22833466,CCC(CC)C(C)CCOC(=O)C,186.29
22833489,CCC(C(C(CC(C(C(C)Cl)Cl)Cl)Cl)Cl)Cl,348.9
22833502,C1C=CC=[C-]1.[CH-]1C=CC=C1.Cl[Zr+2]Cl,292.31
22833503,CC[C@H](C)[C@@H]1[C@H](C=C[C@@]2(O1)C[C@@H]3C[C@H](O2)C/C=C(/[C@H]([C@H](/C=C/C=C/4\CO[C@H]5[C@@]4([C@@H](C=C([C@H]5O)C)C(=O)O3)O)C)O[C@H]6C[C@@H]([C@H]([C@@H](O6)C)O[C@H]7C[C@@H]([C@H]([C@@H](O7)C)[NH2+]C)OC)OC)\C)C.C1=CC=C(C=C1)C(=O)[O-],1008.2
23064738,O.O.O.O.O.O.[O-]P(=O)([O-])OP(=O)([O-])OP(=O)([O-])[O-].[Na+].[Na+].[Na+].[Na+].[Na+],475.96
23079882,CCCC[N+]1=CC=CC(=C1)C.C(F)(F)(F)S(=O)(=O)[O-],299.31
23082568,CC[N+]1(CCCC1)C.F[P-](F)(F)(F)(F)F,259.17
23160050,CC[N+]1=CC=CC=C1.F[P-](F)(F)(F)(F)F,253.12
23160059,CCCCCCCCCCCCN1C=C[N+](=C1)C.C(F)(F)(F)S(=O)(=O)[O-],400.5
23616254,CCOC(=O)C1(CCCN(CC1)C)C2=CC=CC=C2.Cl,297.82
23617864,CCC(=O)O[C@@H]1C[C@H]2CC[C@@]1(C2(C)C)C,210.31
23624131,CC(C)C[C@@H](C(=O)N[C@@H](CCCN=C(N)N)C(=O)N1CCC[C@H]1C(=O)NCC(=O)N)NC(=O)CNC(=O)[C@H](CC2=CC=C(C=C2)O)NC(=O)[C@H](CO)NC(=O)[C@H](CC3=CNC4=CC=CC=C43)NC(=O)[C@H](CC5=CN=CN5)NC(=O)[C@@H]6CCC(=O)N6.Cl,1218.7
23625795,CC(C)[C@@H](CC1=CC(=C(C=C1)OC)OCCCOC)C[C@@H]([C@H](C[C@@H](C(C)C)C(=O)NCC(C)(C)C(=O)N)O)N.Cl,588.2
23661867,C1=CC=C2C(=C1)C=CC=C2S(=O)(=O)[O-].[Na+],230.22
23661868,C1=CC=C2C=C(C=CC2=C1)S(=O)(=O)[O-].[Na+],230.22
23661960,C1=CC=C(C=C1)C(=O)[O-].[K+],160.21
23661981,C1=CC=C2C(=C1)C(=O)C3=C(C2=O)C=C(C=C3)S(=O)(=O)[O-].[Na+],310.26
23662264,C1=C(C(=CC(=C1Cl)Cl)Cl)[O-].[Na+],219.4
23662274,CC(=O)C(=O)[O-].[Na+],110.04
23662354,C(CS(=O)(=O)[O-])S.[Na+],164.18
23662369,C1=CC=C(C=C1)CN2C3=CC=CC=C3C(=N2)OCC(=O)[O-].[Na+],304.27
23662382,C(C(CCl)O)S(=O)(=O)[O-].[Na+],196.59
23662383,CCCCC(CC)COS(=O)(=O)[O-].[Na+],232.28
23663400,C[C@@]1([C@@H](N2[C@H](S1(=O)=O)CC2=O)C(=O)[O-])CN3C=CN=N3.[Na+],322.28
23663403,CC1(C[C@@H]1C(=O)N/C(=C\CCCCSC[C@@H](C(=O)O)N)/C(=O)[O-])C.[Na+],380.4
23663404,CC#CCC(C)[C@@H](/C=C/[C@H]1[C@@H](C[C@H]2[C@@H]1C3=CC=CC(=C3O2)CCCC(=O)[O-])O)O.[Na+],420.5
23663539,C1(=C(C(=C(C(=C1Cl)Cl)Cl)Cl)Cl)[O-].[Na+],288.3
23663624,CC(=C)CS(=O)(=O)[O-].[Na+],158.15
23663870,C(CC(=O)[O-])CO.[Na+],126.09
23663938,CO/N=C(/C1=CSC(=N1)N)\C(=O)N[C@H]2[C@@H]3N(C2=O)C(=CCS3)C(=O)[O-].[Na+],405.4
23663939,CC1=C(C=CC2=C1OC(=O)C(=C2[O-])NC(=O)C3=CC(=C(C=C3)O)CC=C(C)C)O[C@H]4[C@@H]([C@@H]([C@H](C(O4)(C)C)OC)OC(=O)N)O.[Na+],634.6
23663953,CN1C2=CC=CC=C2C(C3=C(S1(=O)=O)C=C(C=C3)Cl)NCCCCCCC(=O)[O-].[Na+],458.9
23663954,C1=CC(=CN=C1)CC2=CC3=C(C=C2)OC(=C3)C(=O)[O-].[Na+],275.23
23663963,CCC1=CC(=C2C1=CC=CC(=C2)C(C)C)S(=O)(=O)[O-].[Na+],300.4
23663974,CCN1CCN(C(=O)C1=O)C(=O)N[C@H](C2=CC=C(C=C2)O)C(=O)N[C@H]3[C@@H]4N(C3=O)C(=C(CS4)CSC5=NN=NN5C)C(=O)[O-].[Na+],667.7
23663976,CC(C)N1C2=CC=CC=C2C(=C1/C=C/[C@H](C[C@H](CC(=O)[O-])O)O)C3=CC=C(C=C3)F.[Na+],433.4
23663985,CC(C)(C)C(=O)OC1=CC=C(C=C1)S(=O)(=O)NC2=CC=CC=C2C(=O)NCC(=O)[O-].O.O.O.O.[Na+],528.5
23663992,CC(C)C1=C(C(=C(C(=N1)C(C)C)COC)C2=CC=C(C=C2)F)/C=C/[C@H](C[C@H](CC(=O)[O-])O)O.[Na+],481.5
23663996,CC(C)(C1=CC=CC=C1CC[C@H](C2=CC=CC(=C2)/C=C/C3=NC4=C(C=CC(=C4)Cl)C=C3)SCC5(CC5)CC(=O)[O-])O.[Na+],608.2
23664290,CC1=C(C=C(C=C1)C(=O)C(=O)[O-])C.[Na+],200.17
23664361,C1=C2C=C(C=C(C2=C(C=C1S(=O)(=O)[O-])N)O)S(=O)(=O)O.[Na+],341.3
23664644,C1=CC(=CC=C1N)S(=O)(=O)[O-].[Na+],195.17
23664709,CC1([C@@H](N2[C@H](S1)[C@@H](C2=O)NC(=O)CC3=CC=CC=C3)C(=O)[O-])C.[K+],372.5
23664984,CCC1=C(C(=CC=C1)CC)N(COC)C(=O)CS(=O)(=O)[O-].[Na+],337.37
23665410,CCCC(C)C1(C(=O)NC(=NC1=O)[S-])CC.[Na+],264.32
23665583,COC1=CC=C(C=C1)C(=O)/C(=C\C(=O)[O-])/Br.[Na+],307.07
23665706,C1CCC(CC1)NS(=O)(=O)[O-].[Na+],201.22
23665719,CC(C)(CS(=O)(=O)[O-])NC(=O)C=C.[Na+],229.23
23665728,C1=CC=C(C=C1)C(=O)C2=CC=CC(=C2N)CC(=O)[O-].[Na+],277.25
23665731,CN1C(=NN=N1)SCC2=C(N3[C@@H]([C@@H](C3=O)NC(=O)[C@@H](C4=CC=CC=C4)OC=O)SC2)C(=O)[O-].[Na+],512.5
23665759,C(C(=O)[O-])Cl.[Na+],116.48
23665760,[O-]Cl.[Na+],74.44
23665761,C1(=NC(=O)N(C(=O)N1Cl)Cl)[O-].[K+],236.05
23665763,OS(=O)[O-].[Na+],104.06
23665770,CCCCCCCCCCCCCCOS(=O)(=O)[O-].[Na+],316.43
23665771,CCCCCCCCCCOS(=O)(=O)[O-].[Na+],260.33
23665772,CCCCC(CC)CCC(CC(C)C)OS(=O)(=O)[O-].[Na+],316.43
23665884,CCCCCCCCCCCCOCCOS(=O)(=O)[O-].[Na+],332.43
23665888,CC1(CC(=O)C2=CC=CC=C2C1=O)S(=O)(=O)[O-].[Na+],276.24
23666110,C1=CC(=C(C=C1OC2=C(C=C(C=C2I)C[C@@H](C(=O)[O-])N)I)I)O.[Na+],672.95
23666711,CN1C(=NN=N1)SCC2=C(N3[C@@H]([C@@](C3=O)(NC(=O)CSCC#N)OC)SC2)C(=O)[O-].[Na+],493.5
23667299,CC[C@]1(CC[C@@H](O1)[C@@]2(CC[C@@]3(O2)C[C@@H]([C@H]([C@H](O3)[C@@H](C)[C@H]([C@H](C)C(=O)[O-])OC)C)O)C)[C@H]4[C@H](C[C@@H](O4)[C@@H]5[C@H](C[C@H]([C@@](O5)(CO)O)C)C)C.[Na+],692.9
23667300,CO[C@@]1([C@@H]2N(C1=O)C(=C(CS2)COC(=O)N)C(=O)[O-])NC(=O)CC3=CC=CS3.[Na+],449.4
23667529,CC(=O)NC1=C(C(=C(C(=C1I)C(=O)[O-])I)C(=O)NC)I.[Na+],635.89
23667548,C([C@@H]([C@@H]1C(=C(C(=O)O1)O)[O-])O)O.[Na+],198.11
23667629,CC1=C(C(=NO1)C2=C(C=CC=C2Cl)F)C(=O)N[C@H]3[C@@H]4N(C3=O)[C@H](C(S4)(C)C)C(=O)[O-].[Na+],475.9
23667631,CC1=C(C(=NO1)C2=CC=CC=C2)C(=O)N[C@H]3[C@@H]4N(C3=O)[C@H](C(S4)(C)C)C(=O)[O-].[Na+],423.4
23667638,C1(=NC(=O)N(C(=O)N1Cl)Cl)[O-].O.O.[Na+],255.97
23667639,CC1(OC[C@H]2[C@@H](O1)[C@H]3[C@@](O2)(OC(O3)(C)C)C(=O)[O-])C.[Na+],296.25
23667648,C1=CC2=C(C=CC(=C2)S(=O)(=O)[O-])C=C1O.[Na+],246.22
23668192,CC1=C(C=C(C=C1)S(=O)(=O)[O-])C.[Na+],208.21
23668193,N(=O)[O-].[Na+],68.995
23668194,C[C@H](CCC(=O)[O-])[C@H]1CC[C@@H]2[C@@]1([C@H](C[C@H]3[C@H]2[C@@H](C[C@H]4[C@@]3(CC[C@H](C4)O)C)O)O)C.[Na+],430.6
23668195,[O-]Br(=O)=O.[Na+],150.89
23668196,C[C@H](CCC(=O)[O-])[C@H]1CC[C@@H]2[C@@]1([C@H](C[C@H]3[C@H]2CC[C@H]4[C@@]3(CC[C@H](C4)O)C)O)C.[Na+],414.6
23668197,[O-]Cl=O.[Na+],90.44
23668198,CN(C)C1=CC=C(C=C1)N=NS(=O)(=O)[O-].[Na+],251.24
23668353,CCCCCCCCCCCCCOS(=O)(=O)[O-].[Na+],302.41
23668516,CCCCC(=O)[O-].[K+],140.22
23668568,CCCCC1=NC2=C(N1CC3=CC=C(C=C3)C4=CC=CC=C4C5=NN=N[N-]5)N=CC=C2.[Na+],431.5
23668817,CCCCCCCCCCCC(=O)N(C)CC(=O)[O-].[Na+],293.38
23669238,C(C(C(C(C(F)(F)S(=O)(=O)[O-])(F)F)(F)F)(F)F)(C(C(C(F)(F)F)(F)F)(F)F)(F)F.[K+],538.22
23669619,CCCCC(CC)C(=O)[O-].[K+],182.30
23669624,CCCCCCCCS(=O)(=O)[O-].[Na+],216.28
23670359,CCCCCN(C)CCC(O)(P(=O)(O)O)P(=O)(O)[O-].[Na+],341.21
23670523,C1=CC(=CC=C1N)[As](=O)(O)[O-].[Na+],239.04
23670838,CCCCCCCCC1=CC=C(C=C1)S(=O)(=O)[O-].[Na+],292.37
23670844,C1=C(C=C(C=C1C(=O)O)S(=O)(=O)[O-])C(=O)O.[Na+],268.18
23671691,C[C@]12CCC(=O)C=C1C=C[C@@H]3[C@@H]2CC[C@]4([C@H]3CC[C@]4(CCC(=O)[O-])O)C.[K+],396.6
23671932,CN(C)C=NC1=C(C=C(C(=C1I)CCC(=O)[O-])I)I.[Na+],619.94
23672293,CC(C)CP(=S)(CC(C)C)[S-].[Na+],232.3
23672301,C([C@H]([C@H]([C@@H]([C@H](C(=O)[O-])O)O)O)O)O.[Na+],218.14
23672302,CC(C)(C)C1=CC2=C(C=C1)C(=C(C=C2)C(C)(C)C)S(=O)(=O)[O-].[Na+],342.4
23672325,C1=CC=C(C=C1)NCC(=O)[O-].[K+],189.25
23672326,C1=CC2=C(C=CC(=C2S(=O)(=O)[O-])N)C(=C1)S(=O)(=O)O.[Na+],325.3
23672329,C1=CC(=C(C=C1O)S(=O)(=O)[O-])O.[K+],228.27
23672568,CN1C(=NN=N1)SCC2=C(N3[C@@H]([C@@H](C3=O)NC(=O)[C@@H](C4=CC=CC=C4)O)SC2)C(=O)[O-].[Na+],484.5
23672582,C[C@@H]1C[C@H]2[C@@H]3CCC4=CC(=O)C=C[C@@]4([C@]3([C@H](C[C@@]2([C@]1(C(=O)COC(=O)C5=CC(=CC=C5)S(=O)(=O)[O-])O)C)O)F)C.[Na+],598.6
23672589,CC(=O)NC1=C(C(=C(C(=C1I)C(=O)[O-])I)NC(=O)C)I.[Na+],635.89
23672955,C[C@H]1[C@@H]2CC[C@]3([C@H]([C@]2(CC[C@H]1O)C)[C@@H](C[C@@H]\4[C@@]3(C[C@@H](/C4=C(/CCC=C(C)C)\C(=O)[O-])OC(=O)C)C)O)C.[Na+],538.7
23673604,CCCCCCCCCCCCCCCCCCOS(=O)(=O)[O-].[Na+],372.5
23673837,CCCCC(CC)COC(=O)CC(C(=O)OCC(CC)CCCC)S(=O)(=O)[O-].[Na+],444.6
23674215,CC(=O)CC(=O)NC1=CC=C(C=C1)S(=O)(=O)[O-].[K+],295.36
23674746,CCC1=C2C(=CC(=C1)C3=C(N(S(=O)(=O)C4=CC=CC=C43)C5=CC=CC=C5C(F)(F)F)C(=O)[O-])OCO2.[K+],555.6
23674889,CCC1(C(=O)NC(=NC1=O)[O-])C2=CC=CC=C2.[Na+],254.22
23675081,CC1=CC(=O)/C(=C(/C)\[O-])/C(=O)O1.[Na+],190.13
23675274,C(C(C(F)(F)S(=O)(=O)[O-])(F)F)(C(F)(F)F)(F)F.[K+],338.19
23675312,CC(=O)OCC1=C(N2[C@@H]([C@@H](C2=O)NC(=O)CSC3=CC=NC=C3)SC1)C(=O)[O-].[Na+],445.4
23675317,CC(C(=O)N[C@H]1[C@@H]2N(C1=O)[C@H](C(S2)(C)C)C(=O)[O-])OC3=CC=CC=C3.[K+],402.5
23675320,CC1=C(C(=NO1)C2=CC=CC=C2Cl)C(=O)N[C@H]3[C@@H]4N(C3=O)[C@H](C(S4)(C)C)C(=O)[O-].[Na+],457.9
23675339,CC1=NN(C(=O)C1N=NC2=CC=CC=C2)C3=CC=C(C=C3)S(=O)(=O)[O-].[Na+],380.4
23675737,CC1=NN(C(=O)C1N=NC2=CC=CC=C2)C3=C(C=CC(=C3)S(=O)(=O)[O-])Cl.[Na+],414.8
23675747,CC(=O)NC1=C(C(=C(C(=C1I)C(=O)[O-])I)N(C)C(=O)C)I.[Na+],649.92
23675786,CC1=C(C(=NO1)C2=C(C=CC=C2Cl)Cl)C(=O)N[C@H]3[C@@H]4N(C3=O)[C@H](C(S4)(C)C)C(=O)[O-].O.[Na+],510.3
23675796,COC(=O)C1=CC(=CC(=C1)S(=O)(=O)[O-])C(=O)OC.[Na+],296.23
23676704,C1=CC(=C(C=C1Cl)Cl)OCC(=O)[O-].[Na+],243.02
23676735,C1=CC=C(C(=C1)C(=O)O)C(=O)[O-].[K+],204.22
23676736,COC1=CC(=NC(=N1)NC(=O)[N-]S(=O)(=O)C2=C(C=CC=N2)OCC(F)(F)F)OC.[Na+],459.34
23676745,C/C=C/C=C/C(=O)[O-].[K+],150.22
23676752,C/C(=N\NC(=O)NC1=CC(=CC(=C1)F)F)/C2=C(C=CC=N2)C(=O)[O-].[Na+],356.26
23676755,C(C(CS(=O)(=O)[O-])S)S.O.[Na+],228.3
23676814,CC1([C@@H](N2[C@H](S1)[C@@H](C2=O)NC(=O)COC3=CC=CC=C3)C(=O)[O-])C.[K+],388.5
23677058,CCCC(C)C1(C(=O)NC(=NC1=O)[S-])CC=C.[Na+],276.33
23677323,C=CCOCC(CS(=O)(=O)[O-])O.[Na+],218.21
23677829,CC1=CC=C(C=C1)C(=O)C2=CC=C(N2C)CC(=O)[O-].O.O.[Na+],315.30
23677844,CC1=CC(=C(C=C1)N/N=C/2\C(=O)C=C/C(=N\NC3=CC=C(C=C3)S(=O)(=O)[O-])/C2=O)C.[Na+],448.4
23677927,[Li+].C(C(C(C(C(F)(F)S(=O)(=O)[O-])(F)F)(F)F)(F)F)(C(C(C(F)(F)F)(F)F)(F)F)(F)F,506.1
23677960,C([O-])S(=O)O.O.O.[Na+],154.12
23677963,C1=CC2=C(C=CC(=C2)S(=O)(=O)[O-])C=C1O.[K+],262.33
23677967,CCCCCCCCCOS(=O)(=O)[O-].[Na+],246.30
23677979,CC1=CC(=C(C=C1)S(=O)(=O)[O-])C.[Na+],208.21
23678596,CC1([C@@H](N2[C@H](S1)[C@@H](C2=O)NC(=O)C3=C(C=CC=C3OC)OC)C(=O)[O-])C.O.[Na+],420.4
23678874,C(C(C(C(F)(F)S(=O)(=O)[O-])(F)F)(F)F)(C(C(F)(F)F)(F)F)(F)F.[K+],438.21
23678979,CC(C)C1=CC2=CC[C@@H]3[C@@]([C@H]2CC1)(CCC[C@@]3(C)C(=O)[O-])C.[Na+],324.4
23679004,CC(C)(CO)[C@H](C(=O)NCCC(=O)[O-])O.[Na+],241.22
23679813,CC(C)C1=CC=C(C=C1)S(=O)(=O)[O-].[Na+],222.24
23680486,C1=CC=C(C=C1)C(=O)N[C@@H](CC2=CC=C(C=C2)O)C(=O)NC3=CC=C(C=C3)C(=O)[O-].[Na+],426.4
23680530,C[C@H]1C[C@H]2[C@@H]3CC[C@@]([C@]3(C[C@@H]([C@@H]2[C@@]4(C1=CC(=O)C=C4)C)O)C)(C(=O)COC(=O)CCC(=O)[O-])O.[Na+],496.5
23681045,C(=O)(C(Cl)(Cl)Cl)[O-].[Na+],185.36
23681059,C[C@@H](C1=CC2=C(C=C1)C=C(C=C2)OC)C(=O)[O-].[Na+],252.24
23681107,C(CC(O)(P(=O)(O)O)P(=O)(O)[O-])CN.O.O.O.[Na+],325.12
23681217,CCC1(C(=O)NC(=NC1=O)[O-])CC.[Na+],206.17
23681233,CCCCCN(CCCCC)C(=O)C(CCC(=O)[O-])NC(=O)C1=CC(=C(C=C1)Cl)Cl.[Na+],481.4
23681382,CC1=CC=CC=C1S(=O)(=O)[O-].[Na+],194.19
23681451,CCC(=O)OC(C(C)C)OP(=O)(CCCCC1=CC=CC=C1)CC(=O)N2C[C@@H](C[C@H]2C(=O)[O-])C3CCCCC3.[Na+],585.6
23681559,CCC1=C(C(=O)C=NN1C2=CC=C(C=C2)Cl)C(=O)[O-].[K+],316.78
23682187,COC1=CC(=NC(=N1)SC2=C(C(=CC=C2)Cl)C(=O)[O-])OC.[Na+],348.74
23682789,COC1=CC(=NC(=N1)OC2=C(C(=CC=C2)OC3=NC(=CC(=N3)OC)OC)C(=O)[O-])OC.[Na+],452.3
23683016,CC(C)COC(=O)CC(C(=O)OCC(C)C)S(=O)(=O)[O-].[Na+],332.35
23683938,C([C@H]([C@@H]1C(=C(C(=O)O1)O)[O-])O)O.[Na+],198.11
23684123,CC1=CC=CC=C1C(=O)N2CC/C(=N\OS(=O)(=O)[O-])/C3=C2C=C(C=C3)Cl.[K+],432.9
23684677,CC1([C@@H](N2[C@H](S1)[C@@H](C2=O)NC(=O)[C@H](C3=CC=CC=C3)NC(=O)N4CCNC4=O)C(=O)[O-])C.[Na+],483.5
23684827,C(C(=O)[O-])SC#N.[Na+],139.11
23684896,CNCCS(=O)(=O)[O-].[Na+],161.16
23686673,C1=CC=C2C(=C1)C(OS2(=O)=O)(C3=CC=C(C=C3)O)C4=CC=C(C=C4)[O-].[Na+],376.4
23687810,C1=CC(=CN=C1)C(=O)[O-].[Na+],145.09
23688977,C1C(=C(N2[C@H](S1)[C@@H](C2=O)NC(=O)CN3C=NN=N3)C(=O)[O-])CSC4=NN=CS4.[Na+],462.5
23688987,[Li+].C1=C(C=C(C=C1C(=O)[O-])S(=O)(=O)O)C(=O)O,252.2
23689980,C(O)S(=O)[O-].[Na+],118.09
23690256,CC1=C(C(=C(C=C1/C(=C/2\C=C(C(=O)C(=C2C)Br)Br)/C3=CC=CC=C3S(=O)(=O)[O-])Br)O)Br.[Na+],720.0
23690437,CCOC(=S)[S-].[Na+],144.20
23690438,CC(C)OC(=S)[S-].[Na+],158.2
23690996,C=CCS(=O)(=O)[O-].[Na+],144.13
23691021,COCCOC1=CC(=CC=C1)S(=O)(=O)[N-]C2=NC=CC=N2.[Na+],331.32
23691029,C1=CN=CC=C1C(=O)NNCS(=O)(=O)[O-].[Na+],253.21
23691974,CC1=CC(=C(C=C1)C)S(=O)(=O)[O-].[Na+],208.21
23692768,C1CCC(CC1)OC(=O)CC(C(=O)OC2CCCCC2)S(=O)(=O)[O-].[Na+],384.4
23694214,C[C@]12CCC(=O)C=C1CC[C@@H]3[C@@H]2[C@H](C[C@]4([C@H]3CC[C@@]4(C(=O)COC(=O)CCC(=O)[O-])O)C)O.[Na+],484.5
23694217,C[C@]12CC[C@H]3[C@H]([C@@H]1CCC2=O)CC=C4[C@@]3(CC[C@@H](C4)OS(=O)(=O)[O-])C.O.O.[Na+],426.5
23695324,C1C(=NN(C1=O)C2=CC=C(C=C2)S(=O)(=O)O)C(=O)[O-].[Na+],306.23
23695542,CCCCCCCCCCCCCCCCOS(=O)(=O)[O-].[Na+],344.5
23695905,CCC1=C(C(=CC=C1)CC)NC(=O)C(=O)[O-].[Na+],243.23
23695982,C1=CC=C2C(=C1)N=C3C(=CC(=O)C4=C3C(=O)C=C(N4)C(=O)[O-])O2.[Na+],330.23
23697816,C12=C(NC(=O)NC1=O)[N-]C(=O)N2.[Na+],190.09
23700088,C1=CC(=C(C=C1Cl)Cl)OCCCC(=O)[O-].[Na+],271.07
23700091,C1=CC=C2C(=C1)C=CC=C2CC(=O)[O-].[K+],224.30
23700188,C1=CC=C(C=C1)/C=C/S(=O)(=O)[N-]C(=O)C2=C(C=C(C=C2)F)Cl.[Na+],361.8
23702555,CC1([C@@H](N2[C@H](S1)[C@@H](C2=O)N3C(=O)C(NC3(C)C)C4=CC=CC=C4)C(=O)[O-])C.[K+],427.6
23703451,CCC/C(=C\1/C(=O)CC(C(=C1[O-])C(=O)OC)(C)C)/NOCC=C.[Na+],345.4
23703979,CC1=CC(=C(C=C1N=NC2=CC=C(C=C2)S(=O)(=O)[O-])OC)N=NC3=CC=C(C=C3)OC.[Na+],462.5
23703990,CC[C@H]([C@H]1CC[C@@H]([C@@H](O1)[C@@H](C)[C@@H]([C@H](C)C(=O)[C@H](CC)[C@@H]2[C@H](C[C@H]([C@]3(O2)C=C[C@H]([C@@]4(O3)CC[C@@](O4)(C)[C@H]5CC[C@@]([C@@H](O5)C)(CC)O)O)C)C)O)C)C(=O)[O-].[Na+],773.0
23704140,CC1=CC(=C(C(=C1)C(=O)N2CCC3(CCCC3)CC2)NC(=O)C[C@H](CC(=O)[O-])C4=CC=CC5=CC=CC=C54)C.[Na+],548.6
23704143,CCOC1=C(C2=CC=CC=C2C=C1)C(=O)N[C@H]3[C@@H]4N(C3=O)[C@H](C(S4)(C)C)C(=O)[O-].O.[Na+],454.5
23706211,CC1=C(C(=NO1)C2=C(C=CC=C2Cl)F)C(=O)N[C@H]3[C@@H]4N(C3=O)[C@H](C(S4)(C)C)C(=O)[O-].O.[Na+],493.9
23706212,CC(=O)CC(C1=CC=CC=C1)C2=C(C3=CC=CC=C3OC2=O)[O-].[K+],346.4
23707505,C([C@H]([C@H]([C@@H]([C@H](C(C(=O)[O-])O)O)O)O)O)O.[Na+],248.16
23707968,CCCCCCCCCC(CC)C1=CC=C(C=C1)S(=O)(=O)[O-].[Na+],348.5
23714647,[Li+].C1[C@@H]2N(C1=O)[C@H](/C(=C/CO)/O2)C(=O)[O-],205.1
23716429,CCCCCC[C@H](C/C=C\CCCCCCCC(=O)[O-])O.[K+],336.6
23724801,C1CCN(CC1)CCOC(=O)C(C2=CC=CC=C2)(C3=CC=CC=C3)O.Cl,375.9
23725082,CCC1=C(C2=CC3=NC(=CC4=NC(=C(C5=NC(=C(C5=C([O-])[O-])C)C=C1[N-]2)CC(=O)[O-])C(C4C)CCC(=O)[O-])C(=C3C=C)C)C.[Na+].[Na+].[Na+].[Cu+2],724.1
24180680,C[C@@H]1[C@H]([C@H](C[C@@H](O1)O[C@@H]2[C@H](O[C@H](C[C@@H]2O)OC3CC[C@@]4([C@H]5CC[C@@]6([C@H]([C@H](C[C@@]6([C@@H]5CCC4C3)O)O)C7=CC(=O)OC7)C)C)C)O)O[C@H]8C[C@@H]([C@@H]([C@H](O8)C)O[C@H]9[C@@H]([C@H]([C@@H]([C@H](O9)CO)O)O)O)OC(=O)C,985.1
24180685,CCCCCCCCCC(CC)C1=CC=C(C=C1)S(=O)(=O)[O-].CCCCCCCCCC(CC)C1=CC=C(C=C1)S(=O)(=O)[O-].[Ca+2],691.1
24180686,CCCCCCCCCC(CC)C1=CC=C(C=C1)S(=O)(=O)O.C(CO)N(CCO)CCO,475.7
24180709,CNC(=S)[S-].O.O.O.[Na+],183.23
24188465,CCN(CC)CCOC1=CC=C(C=C1)C2=NC3=C(S2)C=CC(=C3)Cl.Cl,397.4
24194381,CCC(=O)N(C1CCN(CC1)C(C)CC2=CC=CC=C2)C3=CC=CC=C3.Cl,387.0
24194514,CC1=C(C2=CC(=C(C=C2N1)OC)OC)CCN3CCN(CC3)C4=CC=CC=C4.Cl,416.0
24721009,CCCN(CCC)CCC1=CNC2=CC=CC=C21.Cl,280.83
24728612,CC(=O)N[C@@H]1[C@H]([C@@H]([C@H](OC1O)CO)O)O[C@H]2[C@@H]([C@H]([C@@H](C(O2)C(=O)O)O[C@H]3[C@@H](C([C@@H]([C@H](O3)CO)O)O[C@@H]4[C@@H]([C@H](C([C@H](O4)C(=O)O)O)O)O)NC(=O)C)O)O,776.6
24798733,C1=CC=C(C(=C1)C(=O)O)N2C=C(C(=O)C3=CC(=C(C=C32)Cl)NC4=C(C=C(C=C4Cl)F)F)C(=O)O,505.3
24802109,CC(C)N(CCC1=CNC2=C1C=C(C=C2)OC)C(C)C.Cl,310.9
24809526,C1CC(CCC1NC2=NC=NC3=C2C=NN3)OC[C@@H](C4=CC=CC=C4F)F,373.4
24825758,CC[C@H](C)CCCCC(=O)N[C@@H](CCN)C(=O)N[C@@H]([C@@H](C)O)C(=O)N[C@@H](CCN)C(=O)N[C@H]1CCNC(=O)[C@@H](NC(=O)[C@@H](NC(=O)[C@@H](NC(=O)[C@@H](NC(=O)[C@H](NC(=O)[C@@H](NC1=O)CCN)CC(C)C)CC(C)C)CCN)CCN)[C@@H](C)O,1169.5
24832676,CCN1C[C@@]2([C@@H](C[C@@H]([C@@]34[C@@H]2[C@H]([C@@H]([C@H]31)[C@@]5([C@@H]6[C@H]4C[C@@]([C@@H]6OC(=O)C7=CC=CC=C7)([C@H]([C@@H]5O)OC)O)OC(=O)C)OC)OC)O)COC,645.7
24852044,CC[C@@H](C1=CC=CC=C1)NC(=O)C2=C(C=CC(=C2)F)[N-]S(=O)(=O)C3=CC=CC4=C3N=CC=C4.[Na+],485.5
24868287,[Li+].[Li+].[Li+].CC(C)(COP(=O)([O-])OP(=O)([O-])OC[C@@H]1[C@H]([C@H]([C@@H](O1)N2C=NC3=C(N=CN=C32)N)O)OP(=O)(O)[O-])C(C(=O)NCCC(=O)NCCS)O.O.O,821.4
24871267,CCCCNC1=C2C=NN(C2=NC(=C1C(=O)OCC)C)CC.Cl,340.8
24871329,C(C1=C(SC(=C1C#N)N(CC(=O)[O-])CC(=O)[O-])C(=O)[O-])C(=O)[O-].O.O.O.O.O.O.O.[Sr+2].[Sr+2],639.6
24884197,C[N+](C)(C)CC(=O)[O-].O,135.16
24944555,CCCCCCCCCCCCCCCCCCN1C=C[N+](=C1)C.F[P-](F)(F)(F)(F)F,480.6
24964624,C1CC(C1)(C2=CC=C(C=C2)C3=C(C=C4C(=N3)C=CN5C4=NNC5=O)C6=CC=CC=C6)N,407.5
24978536,C1CN(CCC1C(=O)C2=CC=C(C=C2)F)CCN3C(=O)C4=CC=CC=C4NC3=S.Cl,448.0
24978553,C1[C@H]([C@@H]([C@H]([C@@H]([C@H]1N)O[C@@H]2[C@@H]([C@H]([C@@H]([C@H](O2)CN)O)O)N)O[C@H]3[C@@H]([C@@H]([C@H](O3)CO)O[C@@H]4[C@@H]([C@H]([C@@H]([C@@H](O4)CN)O)O)N)O)O)N.OS(=O)(=O)O.OS(=O)(=O)O.OS(=O)(=O)O,908.9
25015677,CN1CCC(CC1)NC(=O)C2=CC(=C(C=C2)NC3=NC=C4C(=N3)N(CC(C(=O)N4C)(F)F)C5CCCC5)OC,543.6
25077533,CCNC(=O)[C@@H]1CCCN1C(=O)[C@H](CCCN=C(N)N)NC(=O)[C@H](CC(C)C)NC(=O)[C@@H](CC2=CNC3=CC=CC=C32)NC(=O)[C@H](CC4=CC=C(C=C4)O)NC(=O)[C@H](CO)NC(=O)[C@H](CC5=CNC6=CC=CC=C65)NC(=O)[C@H](CC7=CN=CN7)NC(=O)[C@@H]8CCC(=O)N8.CC(=O)O,1342.5
25099474,CC1=CN(C2=C1C=C(C=C2)F)NC(=O)C3=CN=C(N=C3C)C4=CC=CC=N4,361.4
25150753,C[NH+](C)CCC(C1=CC=CC=C1)C2=CC=CC=[NH+]2.C(=C\C(=O)[O-])\C(=O)[O-],356.4
25153273,CCCCN1CN(C=C1)C.Br,221.14
25171607,CCC[N+]1(CCCC1)C.C(F)(F)(F)S(=O)(=O)[N-]S(=O)(=O)C(F)(F)F,408.4
25195407,CC1([C@@H](N2[C@H](S1)[C@@H](C2=O)NC(=O)[C@@H](C3=CC=CC=C3)N=C)C(=O)[O-])C.[Na+],383.4
44134533,CCCCCC(C)N.CCCCCC(C)N.OS(=O)(=O)O,328.51
44151582,CO/N=C(/C1=CSC(=N1)N)\C(=O)N[C@H]2[C@@H]3N(C2=O)C(=C(CS3)C[N+]4=CC=C(N4CCO)N)C(=O)[O-].OS(=O)(=O)O,620.6
44235958,C[C@@H]1CCC[C@@H](N1CC2=CC=C(C=C2)C[C@H](C(=O)N(C)C(C)C)NC(=O)C[C@H](C3=CC4=C(C=C3)OCO4)NS(=O)(=O)C5=CC6=C(C=C5)C=C(C=C6)OC)C.Cl,793.4
44341259,C1CC12CN(C[C@@H]2N)C3=C(C=C4C(=C3Cl)N(C=C(C4=O)C(=O)O)C5C[C@H]5F)F,409.8
44373822,CCCCCCCCCCCCCCC(CO)NC(=O)CCCCCCCCCCCCCC,481.8
44420324,CC([C@@H]1CC[C@H]([C@H](O1)O[C@@H]2[C@H](C[C@H]([C@@H]([C@H]2O)O[C@@H]3[C@@H]([C@H]([C@@](CO3)(C)O)NC)O)N)N)N)NC.OS(=O)(=O)O,575.7
44460585,CCC(C)[C@@H]1[C@H](C=C[C@@]2(O1)C[C@@H]3C[C@H](O2)C/C=C(/[C@H]([C@H](/C=C/C=C/4\CO[C@H]5[C@@]4([C@@H](C=C([C@H]5O)C)C(=O)O3)O)C)O[C@H]6C[C@@H]([C@H]([C@@H](O6)C)O[C@H]7C[C@@H]([C@@H]([C@@H](O7)C)NC(=O)C)OC)OC)\C)C,914.1
44555481,CCCC[C@H]1CN(C(=O)OC12CCN(CC2)C3(CCN(CC3)C(=O)C4=C(N=CN=C4C)C)C)CC5CCOCC5,555.8
44578765,CCOC1=CC=CC(=C1)N2C=C(N=C2C3=CC=C(C=C3)C)C(=O)N4CCN(CC4)C5=CC6=CC=CC=C6C(=C5)C(=O)[O-].[Na+],582.6
44630019,CCCC[N+](C)(CCCC)CCCC.C(F)(F)(F)S(=O)(=O)[N-]S(=O)(=O)C(F)(F)F,480.5
44717198,[B-](F)(F)(F)F.CCCC[N+]1(CCCC1)C,229.07
45006154,CC1=C(C=CC2=C1C(=NC(=N2)N)N)CNC3=CC(=C(C(=C3)OC)OC)OC.Cl.Cl.Cl,478.8
45055378,CI.C=CCN1CC[C@]23[C@@H]4C(=O)CC[C@]2([C@H]1CC5=C3C(=C(C=C5)O)O4)O,469.3
45073437,C1=CC(=C(C=C1Cl)Cl)/C(=C/N2C=NC=N2)/Cl.Cl,311.0
45105092,CN(CCCCCCCCCCN(C)C(=O)OC1=CC=CC=C1[N+](C)(C)C)C(=O)OC2=CC=CC=C2[N+](C)(C)C.[Br-].[Br-],716.6
45268380,CCCC[N+]1=CC=CC(=C1)C.[I-],277.14
45356234,C1[C@H]2[C@@H]([C@H]([C@@H]1Cl)Cl)[C@]3(C(=C([C@@]2(C3(Cl)Cl)Cl)Cl)Cl)Cl,409.8
45356872,CC(C)(CCC[C@@](CC(=O)OC)(C(=O)O[C@H]1[C@H]2C3=CC4=C(C=C3CCN5C2(CCC5)C=C1OC)OCO4)O)O,545.6
46224595,CC[C@@H](C)CCCCC(=O)N[C@@H](CCNCS(=O)(=O)[O-])C(=O)N[C@@H]([C@@H](C)O)C(=O)N[C@@H](CCNCS(=O)(=O)[O-])C(=O)N[C@H]1CCNC(=O)[C@@H](NC(=O)[C@@H](NC(=O)[C@@H](NC(=O)[C@@H](NC(=O)[C@H](NC(=O)[C@@H](NC1=O)CCNCS(=O)(=O)[O-])CC(C)C)CC(C)C)CCNCS(=O)(=O)[O-])CCNCS(=O)(=O)[O-])[C@@H](C)O.[Na+].[Na+].[Na+].[Na+].[Na+],1749.8
46226173,[B-](F)(F)(F)F.CCCCCCCCCCCCN1C=C[N+](=C1)C,338.2
46705423,C[C@H](/C=C/[C@H](C)C(C)C)[C@H]1CC[C@@H]\2[C@@]1(CCC/C2=C\C=C\3/C[C@H](C[C@@H](C3=C)O)O)C,412.6
46780884,CN1CCN(CC1)CCCOC2=C(C=C3C(=C2)N=CC(=C3NC4=CC(=C(C=C4Cl)Cl)OC)C#N)OC.CO,562.5
46781343,CCCSC1=C(C=C(C(=C1)OC)CCN)OC.Cl,291.84
46783063,CCC(=O)N(C1CCN(CC1)CC2=CC=CS2)C3=CC=CC=C3.Cl,364.9
46783367,C[C@H]1/C=C/C=C\C=C\C=C\C=C\C=C\C=C\[C@@H](C[C@H]2[C@@H]([C@H](C[C@](O2)(C[C@H](C[C@H]([C@@H](CC[C@H](C[C@H](CC(=O)O[C@H]([C@@H]([C@@H]1O)C)C)O)O)O)O)O)O)O)C(=O)O)O[C@H]3[C@H]([C@H]([C@@H]([C@H](O3)C)O)N)O,924.1
46861540,CN1CCC(CC1)NC2=NC=C3C(=N2)C(=NC=N3)NC4=CC(=C(C=C4)F)Cl.Cl.Cl,460.8
50878556,CCN1C=C[N+](=C1C)C.F[P-](F)(F)(F)(F)F,270.16
50878565,CCCCCCCCCCCCCCCCN1C=C[N+](=C1)C.F[P-](F)(F)(F)(F)F,452.5
50878597,C1C2CNCC1C3=CC4=NC=CN=C4C=C23.Cl,247.72
51051629,C1=C(NC=N1)C[C@@H](C(=O)O)[N-]C(=O)CCN.[Zn],290.6
51346588,C1=CC2=C(C=CC=C2S(=O)(=O)[O-])C(=C1)S(=O)(=O)[O-].O.[Na+].[Na+],350.3
51668574,CS(=O)(=O)NC(=O)CCC/C=C\C[C@@H]1[C@H]([C@@H](CC1=O)O)/C=C/[C@@H](COC2=CC=CC=C2)O,465.6
52946033,C1C(=C(N2[C@H](S1)[C@@H](C2=O)NC(=O)C(C3=CC=CC=C3)S(=O)(=O)[O-])C(=O)[O-])C[N+]4=CC=C(C=C4)C(=O)N.O.[Na+],572.5
52994022,CN1CC[C@]23[C@@H]4[C@H]1CC5=C2C(=C(C=C5)OC)O[C@H]3C(=O)CC4.CN1CC[C@]23[C@@H]4[C@H]1CC5=C2C(=C(C=C5)OC)O[C@H]3C(=O)CC4.O.OP(=O)(O)O.OP(=O)(O)O.OP(=O)(O)O,910.7
53249535,C/C=C/C(=O)OC1=C(C=C(C=C1[N+](=O)[O-])[N+](=O)[O-])CCCCCC(C)C,364.4
53257735,CC1=NC2=CC=CC=C2N1C3CC4CCC(C3)N4CCC5(CCN(CC5)C(=O)C6=CC(=C(C=C6Cl)F)S(=O)(=O)NC)C7=CC(=CC=C7)F,696.2
53260965,C[N+](C)(C)CCO.C(F)(F)(F)S(=O)(=O)[N-]S(=O)(=O)C(F)(F)F,384.3
53315139,CCOC(=O)CC1=CC(=CC=C1)C2=C(C=CC(=C2)CCCCCCC3=CC(=C(C=C3)O[C@@H]4[C@H]([C@H]([C@@H]([C@H](O4)COC(=O)C)OC(=O)C)OC(=O)C)OC(=O)C)C5=CC=CC(=C5)CC(=O)OCC)O[C@@H]6[C@H]([C@H]([C@@H]([C@H](O6)COC(=O)C)OC(=O)C)OC(=O)C)OC(=O)C,1255.3
53315431,C(C(C(=O)[O-])[S-])C(=O)[O-].O.[Na+].[Na+].[Au+],408.09
53315792,CC(=O)OC[C@@H]1[C@H]([C@@H]([C@H]([C@@H](O1)O[C@@H]2[C@H](O[C@H]([C@@H]([C@H]2O)OC(=O)C3=CC=CC=C3C(=O)O)O)COC(=O)C)O)OC(=O)C4=CC=CC=C4C(=O)O)O,722.6
53316380,CCOC(=O)[C@]1([C@H](C2=CC=CC=C2O1)N)C3=CC=CC=C3,283.32
53316382,C1=CC(=CC(=C1)F)CN2C3=C(C=C(C=C3)F)C=C2C(=O)NC4=CC5=C(C=C4)NC=C5,401.4
53316391,CCCCCCCCCCCC(=O)OCC(C)OC(=O)CCCCC(=O)O,386.5
53316393,C1[C@@H](C=C[C@@H]1OC2=CC=CC(=C2)OC3=CC=C(C=C3)F)N(C(=O)N)O,344.3
53316396,C1=CC(=CC(=C1)C2=N[N-]C(=N2)C(=O)N)C3=C(C=CC(=C3)F)OCC(C(F)(F)F)(F)F.O.[K+],486.4
53316398,CN1CCN([C@H](C1)C2=CC=C(C=C2)F)CC3=CC(=CO3)C4=CC5=C(C=C4)NC(=O)O5.O.Cl,461.9
53316400,CC1=CC=C(C=C1)S(=O)(=O)[N-]Cl.O.O.[Na+],263.68
53316406,CCN1C=C[N+](=C1)C.CCOP(=O)([O-])OCC,264.26
53316407,CCCCCCCCCCCCN1C=C[N+](=C1)C.C(F)(F)(F)S(=O)(=O)[N-]S(=O)(=O)C(F)(F)F,531.6
53316409,CCCC[N+]1(CCCC1)C.F[P-](F)(F)(F)(F)F,287.23
53316417,CC[N+]1(CCCC1)C.C(F)(F)(F)S(=O)(=O)[N-]S(=O)(=O)C(F)(F)F,394.4
53316418,CC[S+](C)CC.C(F)(F)(F)S(=O)(=O)[N-]S(=O)(=O)C(F)(F)F,385.4
53398649,CN(C)CCOC(=O)C(C1=CC=CC=C1)(C2=CC=CC=C2)OCC#C.Cl,373.9
53477580,C[C@H](CC1=CC=C(C=C1)OC)NC[C@@H](C2=CC(=C(C=C2)O)NC=O)O.C[C@H](CC1=CC=C(C=C1)OC)NC[C@@H](C2=CC(=C(C=C2)O)NC=O)O.C(=C/C(=O)O)\C(=O)O,804.9
53948566,CCC(=O)O[C@H]1[C@H](C[C@@H]2[C@@]1(CC[C@H]3[C@H]2CC[C@@H]4[C@@]3(C[C@@H]([C@H](C4)OC(=O)C)N5CCCCC5)C)C)N6CCCCC6,556.8
54670067,C([C@@H]([C@@H]1C(=C(C(=O)O1)O)O)O)O,176.12
54671008,CC1=NN=C(O1)C(=O)NC(C)(C)C2=NC(=C(C(=O)N2C)O)C(=O)NCC3=CC=C(C=C3)F,444.4
54675776,C[C@@]1([C@H]2C[C@H]3[C@@H](C(=O)C(=C([C@]3(C(=O)C2=C(C4=C1C=CC=C4O)O)O)O)C(=O)N)N(C)C)O,444.4
54675779,C[C@@]1([C@H]2[C@@H]([C@H]3[C@@H](C(=O)C(=C([C@]3(C(=O)C2=C(C4=C1C=CC=C4O)O)O)O)C(=O)N)N(C)C)O)O,460.4
54675783,CN(C)[C@H]1[C@@H]2C[C@@H]3CC4=C(C=CC(=C4C(=C3C(=O)[C@@]2(C(=C(C1=O)C(=O)N)O)O)O)O)N(C)C,457.5
54675810,C([C@H]([C@@H]1C(=C(C(=O)O1)O)O)O)O,176.12
54676038,C1=CC=C2C(=C1)C(=C(C(=O)O2)CC3=C(C4=CC=CC=C4OC3=O)O)O,336.3
54676228,CN1C(=C(C2=CC=CC=C2S1(=O)=O)O)C(=O)NC3=CC=CC=N3,331.3
54676478,CN1C2=CC=CC=C2C(=C(C1=O)C(=O)N(C)C3=CC=CC=C3)O,308.3
54676537,CC(=O)CC(C1=CC=C(C=C1)[N+](=O)[O-])C2=C(C3=CC=CC=C3OC2=O)O,353.3
54676538,CN(C)[C@H]1[C@@H]2[C@H]([C@@H]3C(=C)C4=C(C=CC(=C4C(=C3C(=O)[C@@]2(C(=C(C1=O)C(=O)N)O)O)O)O)Cl)O.C1=CC(=C(C=C1S(=O)(=O)O)C(=O)O)O,695.0
54677470,CC1=CN=C(S1)NC(=O)C2=C(C3=CC=CC=C3S(=O)(=O)N2C)O,351.4
54677971,CN1C(=C(C2=C(S1(=O)=O)C=CS2)O)C(=O)NC3=CC=CC=N3,337.4
54677972,CC1=CC(=NO1)NC(=O)C2=C(C3=CC=CC=C3S(=O)(=O)N2C)O,335.34
54678486,CC(=O)CC(C1=CC=CC=C1)C2=C(C3=CC=CC=C3OC2=O)O,308.3
54678504,C1CC(C2=CC=CC=C2C1)C3=C(C4=CC=CC=C4OC3=O)O,292.3
54679224,C1=C(C(=CNC1=O)Cl)O,145.54
54680085,C1=CC=C(C=C1)C(CC(C2=CC=C(C=C2)C3=CC=C(C=C3)Br)O)C4=C(C5=CC=CC=C5OC4=O)O,527.4
54680660,CCCCCCCCCCCCCCCC(=O)OC[C@@H]([C@@H]1C(=C(C(=O)O1)O)O)O,414.5
54680691,C[C@@]1([C@H]2[C@@H]([C@H]3[C@@H](C(=O)C(=C([C@]3(C(=O)C2=C(C4=C1C=CC=C4O)O)O)O)C(=O)N)N(C)C)O)O.O.O,496.5
54680693,CC1=CC(=C(N1C2=CC=CC=C2)C)/C=C/C3=[N+](C4=C(C=C(C=C4)N(C)C)C=C3)C.CC1=CC(=C(N1C2=CC=CC=C2)C)/C=C/C3=[N+](C4=C(C=C(C=C4)N(C)C)C=C3)C.C1=CC=C2C(=C(C(=CC2=C1)C(=O)O)[O-])CC3=C(C(=CC4=CC=CC=C34)C(=O)O)[O-],1151.4
54680694,C[C@@]1(C2C[C@H]3[C@@H](C(=O)C(=C([C@]3(C(=O)C2=C(C4=C1C=CC=C4O)O)O)O)C(=O)NCN5CCCC5)N(C)C)O,527.6
54680782,C[C@@]1([C@H]2[C@@H]([C@H]3[C@@H](C(=O)C(=C([C@]3(C(=O)C2=C(C4=C1C=CC=C4O)O)O)O)C(=O)N)N(C)C)O)O.Cl,496.9
54682461,CCC[C@]1(CC(=C(C(=O)O1)[C@H](CC)C2=CC(=CC=C2)NS(=O)(=O)C3=NC=C(C=C3)C(F)(F)F)O)CCC4=CC=CC=C4,602.7
54682468,C[C@@]1([C@H]2C[C@H]3[C@@H](C(=O)C(=C([C@]3(C(=O)C2=C(C4=C(C=CC(=C41)Cl)O)O)O)O)C(=O)N)N(C)C)O.Cl,515.3
54682536,C([C@@H]([C@@H]1C(=C(C(=O)O1)[O-])O)O)O.C([C@@H]([C@@H]1C(=C(C(=O)O1)[O-])O)O)O.O.O.[Ca+2],426.34
54682651,CC(=O)CC(C1=CC=C(C=C1)Cl)C2=C(C3=CC=CC=C3OC2=O)O,342.8
54685047,CN(C)[C@H]1[C@@H]2[C@H]([C@@H]3C(=C)C4=C(C(=CC=C4)O)C(=C3C(=O)[C@@]2(C(=C(C1=O)C(=O)N)O)O)O)O.Cl,478.9
54685524,CCOC(=O)C(C1=C(C2=CC=CC=C2OC1=O)O)C3=C(C4=CC=CC=C4OC3=O)O,408.4
54685920,C[C@@H]1[C@H]2[C@@H]([C@H]3[C@@H](C(=O)C(=C([C@]3(C(=O)C2=C(C4=C1C=CC=C4O)O)O)O)C(=O)N)N(C)C)O.Cl,480.9
54685925,CN(C)[C@H]1[C@@H]2C[C@@H]3CC4=C(C=CC(=C4C(=C3C(=O)[C@@]2(C(=C(C1=O)C(=O)N)O)O)O)O)N(C)C.Cl,493.9
54686764,CN(C)[C@H]1[C@@H]2C[C@@H]3[C@@H](C4=C(C=CC(=C4C(=C3C(=O)[C@@]2(C(=C(C1=O)C(=O)N)O)O)O)O)Cl)O.Cl,501.3
54686904,CC(C)(C)NCC(=O)NC1=CC(=C2C[C@H]3C[C@H]4[C@@H](C(=O)C(=C([C@]4(C(=O)C3=C(C2=C1O)O)O)O)C(=O)N)N(C)C)N(C)C,585.6
54687772,CC1=CC(=C(C=C1CO)C(C)(C)C)SC2=C(C[C@@](OC2=O)(CCC3=CC=C(C=C3)N)C(C)C)O,483.7
54688686,CN(C)[C@H]1[C@@H]2C[C@@H]3CC4=C(C(=CC=C4)O)C(=C3C(=O)[C@@]2(C(=C(C1=O)C(=O)N)O)O)O,414.4
54688689,C[C@@]1(C2C[C@H]3[C@@H](C(=O)C(=C([C@]3(C(=O)C2=C(C4=C1C=CC=C4O)O)O)O)C(=O)NCN[C@@H](CCCCN)C(=O)O)N(C)C)O,602.6
54692981,CCC(C)[O-].CCC(C)[O-].CCOC(=O)/C=C(/C)\[O-].[Al+3],302.34
54693468,C1=CC=C(C(=C1)C(=O)O)[O-].C1=CC=C(C(=C1)C(=O)O)[O-].[Zn+2],339.6
54704426,C[C@@]1([C@H]2C[C@H]3[C@@H](C(=O)C(=C([C@]3(C(=O)C2=C(C4=C1C=CC=C4O)O)O)O)C(=O)N)N(C)C)O.Cl,480.9
54708862,C1=CC=C(C(=C1)C(=O)O)[O-].C1=CC=C(C(=C1)C(=O)O)[O-].O.O.O.O.[Mg+2],370.59
54724367,C[C@@]1(C2C[C@H]3[C@@H](C(=O)C(=C([C@]3(C(=O)C2=C(C4=C1C=CC=C4O)O)O)O)C(=O)NCN5CCCC5)N(C)C)O.Cl,564.0
55250378,[C@@H]1([C@H]2[C@@H](C(O[C@@H]1C(=O)O2)O)O)O,176.12
56638112,COC1=CC(=C(C=C1)C(=O)C2=CC(=CC=C2)O)OC,258.27
56649463,C[C@@H]1C[C@H]2[C@@H]3C[C@@H](C4=CC(=O)C(=C[C@@]4([C@]3([C@H](C[C@@]2([C@]1(C(=O)CO)O)C)O)F)C)Cl)F.O,462.9
56840936,C/C=C\1/C(=O)NC(C(=O)O[C@H]\2CC(=O)N[C@@H](C(=O)N[C@H](CSSCC/C=C2)C(=O)N1)C(C)C)C(C)C,540.7
56846451,COC1=C(C(=C(C=C1)CCN(CCC2=C(C(=C(C=C2)OC)OC)OC)C(=O)C(C3=CC=CC=C3)C4=NCCC5=CC(=C(C=C54)OC)OC)OC)OC.Cl,749.3
56972160,C[C@H](C1=CC=CC=N1)C2=C(CC3=CC=CC=C32)CCN(C)C.C(=C\C(=O)O)\C(=O)O,408.5
57331769,C(CO[C@@H]1[C@H]([C@@H]([C@H](O[C@@H]1O)CO)O)O)O,224.21
57333099,C[C@@H]([C@@H](C1=C(C=CC(=C1)OC)OC)O)N.Cl,247.72
57358267,CC(C)N.C1=CC(=C(C=C1Cl)Cl)OCC(=O)O,280.14
57358854,CCCC[N+]1=CC=CC(=C1)C.F[P-](F)(F)(F)(F)F,295.20
57369982,CCCC[N+]1(CCCCC1)C.F[P-](F)(F)(F)(F)F,301.25
57372628,C[N+](C)(CCOC1=CC=CC=C1)CC2=CC=CS2.[I-],389.3
57433782,O.O.O.O.O.O.Cl[Eu](Cl)Cl,366.41
57483158,CC(C)OC(=O)C(CC(=O)O)(CC(=O)O)O,234.20
57507834,C[C@H]1/C=C\C=C(/C(=O)NC2=C(C3=C(C4=C(C(=C3O)C)O[C@@](C4=O)(OC=C[C@@H]([C@H]([C@H]([C@@H]([C@@H]([C@@H]([C@H]1O)C)O)C)OC(=O)C)C)OC)C)C5=C2N6C=CC(=CC6=N5)C)O)\C,785.9
57823090,CCO[C@H](CC1=CC=C(C=C1)OCCC2=CC=C(C=C2)OS(=O)(=O)C)C(=O)O,408.5
59086459,CS(=O)(=O)C1=C(C=C(C=C1)[C@@H](CC2CCCC2)C(=O)NC3=NC=CN=C3)Cl,407.9
60196259,C[C@H](CCC(=O)O)[C@H]1CC[C@@H]2[C@@]1([C@H](C[C@H]3[C@H]2[C@@H](C[C@H]4[C@@]3(CC[C@H](C4)O)C)O)O)C.C1CNCCN1,494.7
60196260,CC1(CCCC(N1C)(C)C)C.[C@H]([C@@H](C(=O)O)O)(C(=O)O)O,305.37
60196261,C1CCCN(CCC1)CCN=C(N)N.OS(=O)(=O)O.OS(=O)(=O)O,394.5
60196262,CC[C@H](C)CCCCC(=O)N[C@@H](CCN)C(=O)N[C@@H]([C@@H](C)O)C(=O)N[C@@H](CCN)C(=O)N[C@H]1CCNC(=O)[C@H](NC(=O)[C@@H](NC(=O)[C@@H](NC(=O)[C@@H](NC(=O)[C@H](NC(=O)[C@@H](NC1=O)CCN)CC(C)C)CC(C)C)CCN)CCN)[C@H](C)O.OS(=O)(=O)O,1267.5
60196264,CC[C@@H](C)[C@@H]1C(=O)N[C@@H](C(=O)N[C@@H](C(=O)N[C@@H](C(=O)N[C@@H](C(=O)NCCCC[C@H](C(=O)N[C@@H](C(=O)N1)CCCN)NC(=O)[C@@H]([C@@H](C)CC)NC(=O)[C@H](CCC(=O)O)NC(=O)[C@H](CC(C)C)NC(=O)[C@@H]2CSC(=N2)[C@@H]([C@H](C)CC)N)CC(=O)N)CC(=O)O)CC3=CN=CN3)CC4=CC=CC=C4,1422.7
60196265,C1[C@@H]([C@H]([C@@H]([C@H]([C@@H]1NC(=O)[C@H](CCN)O)O)O[C@H]2[C@@H]([C@@H]([C@H](O2)CO)O)O)O[C@@H]3[C@@H]([C@H]([C@@H]([C@H](O3)CN)O)O)N)N.OS(=O)(=O)O.OS(=O)(=O)O,751.7
60196266,CCN[C@@H]1C[C@@H]([C@H]([C@@H]([C@H]1O[C@@H]2[C@@H]([C@H]([C@@](CO2)(C)O)NC)O)O)OC3C(CC=C(O3)CN)N)N.CCN[C@@H]1C[C@@H]([C@H]([C@@H]([C@H]1O[C@@H]2[C@@H]([C@H]([C@@](CO2)(C)O)NC)O)O)OC3C(CC=C(O3)CN)N)N.OS(=O)(=O)O.OS(=O)(=O)O.OS(=O)(=O)O.OS(=O)(=O)O.OS(=O)(=O)O,1441.6
60196268,CC1=C(SC=C1)/C=C/C2=NCCCN2C.[C@@H]([C@@H](C(=O)O)O)(C(=O)O)O,370.4
60196269,C[C@@H]([C@@H](C1=CC(=CC=C1)O)O)N.[C@@H]([C@@H](C(=O)O)O)(C(=O)O)O,317.29
60196270,CC1=C(C=CC=C1NC2=C(C=CC=N2)C(=O)O)C(F)(F)F.CNC[C@@H]([C@H]([C@H]([C@@H](CO)O)O)O)O,491.5
60196271,C[C@@H](CC1=CC=C(C=C1)OC)NC[C@H](C2=CC(=C(C=C2)O)NC=O)O.C[C@@H](CC1=CC=C(C=C1)OC)NC[C@H](C2=CC(=C(C=C2)O)NC=O)O.C(=C/C(=O)O)\C(=O)O.O.O,840.9
60196272,COC1=C(C=C(C=C1)S(=O)(=O)N2[C@@H]([C@@](C3=C2C=CC(=C3)Cl)(C4=CC=CC=C4Cl)O)C(=O)N5CCC[C@@H]5C(=O)N)OC,620.5
60196273,C1CN=C(N1)C2=CC3=CC=CC=C3C=C2.C(=O)(C(=O)O)O,286.28
60196274,CC(C)C[C@H](C(=O)O)NC(=O)[C@H]([C@@H](CC1=CC=CC=C1)N)O.Cl,344.8
60196276,CC[C@@H](C)CCCCC(=O)N[C@H](CCN)C(=O)N[C@H]([C@@H](C)O)C(=O)N[C@H](CCN)C(=O)N[C@@H]1CCNC(=O)C(NC(=O)[C@H](NC(=O)[C@H](NC(=O)[C@H](NC(=O)[C@H](NC(=O)[C@H](NC1=O)CCN)CC2=CC=CC=C2)CC(C)C)CCN)CCN)[C@@H](C)O.OS(=O)(=O)O,1301.6
60196278,CC(C)C[C@H]1C(=O)N[C@@H](C(=O)N2CCC[C@H]2C(=O)N[C@H](C(=O)NC(C(=O)N[C@H](C(=O)N[C@H](C(=O)N[C@H](C(=O)N[C@H](C(=O)N[C@H](C(=O)N1)CCCN)C(C)C)CC3=CC=C(C=C3)O)CCC(=O)O)CC(=O)O)CC4=CC=CC=C4)CC5=CC=CC=C5)CC6=CC=CC=C6,1272.4
60196279,C1=CC=C2C(=C1)C(=O)OC23C4C=C(C(=O)C=C4OC5=C3C=C(C(=C5)O)CN(CC(=O)O)CC(=O)O)CN(CC(=O)O)CC(=O)O,622.5
60196281,CC[C@@H]1[C@H](/C=C(/C=C/C(=O)[C@@H](C[C@@H]([C@@H]([C@H]([C@@H](CC(=O)O1)O)C)O[C@H]2[C@@H]([C@H]([C@@H]([C@H](O2)C)O[C@H]3C[C@@]([C@H]([C@@H](O3)C)O)(C)O)N(C)C)O)CC=O)C)\C)CO[C@H]4[C@@H]([C@@H]([C@@H]([C@H](O4)C)O)OC)OC.[C@@H]([C@H](C(=O)O)O)(C(=O)O)O,1066.2
60196282,C[C@@H]1[C@H]([C@H](O[C@@H]([C@H]1O[C@@H]2CC([C@H]([C@@H]([C@H]2O)O)O[C@@H]3[C@@H]([C@H]([C@@H]([C@H](O3)COS(=O)(=O)O)O[C@H]4[C@@H]([C@H](C=C(O4)C(=O)[O-])O)O)O)NC(=O)C)C(=O)[O-])CO)OC5[C@@H]([C@H]([C@@H](OC5C(=O)[O-])OC6[C@H]7CO[C@H](O7)[C@@H]([C@H]6O)NS(=O)(=O)[O-])O)O)NC(=O)C.[Na+].[Na+].[Na+].[Na+],1322.0
60196284,C[C@H]1CC[C@]2([C@H]([C@H]3[C@@H](O2)C[C@@H]4[C@@]3(CC[C@H]5[C@H]4CC[C@@H]6[C@@]5(CC[C@@H](C6)O)C)C)C)NC1.Cl,452.1
60196285,CC1=C(N=C(N=C1N)[C@H](CC(=O)N)NC[C@@H](C(=O)N)N)C(=O)N[C@@H]([C@H](C2=CN=CN2)O[C@H]3[C@H]([C@H]([C@@H]([C@@H](O3)CO)O)O)O[C@@H]4[C@H]([C@H]([C@@H]([C@H](O4)CO)O)OC(=O)N)O)C(=O)N[C@H](C)[C@H]([C@H](C)C(=O)N[C@@H]([C@@H](C)O)C(=O)NCCC5=NC(=CS5)C6=NC(=CS6)C(=O)NCCCCN=C(N)N)O.OS(=O)(=O)O.OS(=O)(=O)O,1621.7
60196286,C([C@@H]1[C@H]([C@@H]([C@H]([C@H](O1)O[C@@]2([C@H]([C@H]([C@@H](O2)O)O)O)CO)O)O)O)O,328.27
60196287,C1CC(=O)N[C@@H]1C(=O)N[C@H]2C[C@@H]2C3=CC=CC=C3,244.29
60196291,CC(C)C[C@@H](C(=O)N[C@@H](CCCN=C(N)N)C(=O)N1CCC[C@@H]1C(=O)NCC(=O)N)NC(=O)[C@@H](CC2=CNC3=CC=CC=C32)NC(=O)[C@H](CC4=CC=C(C=C4)O)NC(=O)[C@H](CO)NC(=O)[C@H](CC5=CNC6=CC=CC=C65)NC(=O)[C@H](CC7=CN=CN7)NC(=O)[C@@H]8CCC(=O)N8.C1=CC=C2C(=C1)C=C(C(=C2CC3=C(C(=CC4=CC=CC=C43)C(=O)O)O)O)C(=O)O,1699.8
60196293,C1CN2CCC1/C(=C(/COC3=CC4=C(C=C3)C5=CC=CC=C5N4)\F)/C2.Cl,372.9
60196296,C1C2=C(C=CC(=C2Cl)Cl)NC3=NC(=CN31)O.Cl,292.5
60196297,CC1=CC(=O)N(C(=C1)CC(C)CC(C)(C)C)O.C(CN)CO,312.4
60196298,[2H]C([2H])([2H])[C@@H](CC1=CC=CC=C1)N.[2H]C([2H])([2H])[C@@H](CC1=CC=CC=C1)N.OS(=O)(=O)O,374.5
60196300,CO/N=C(/C1=CSC(=N1)N)\C(=O)N[C@H]2[C@@H]3N(C2=O)C(=C(CS3)CSC4=CN=NS4)C(=O)O.Cl,550.1
60196302,CCN(CC)CCOC[C@@H]1[C@H]([C@@H]([C@H]([C@@H](O1)O)OCCN(CC)CC)O)O,378.5
60196303,C1CN2CC3=CCO[C@H]4CC(=O)N5[C@H]6[C@H]4[C@H]3C[C@H]2[C@@]61C7=CC=CC=C75.C1=CC=C(C=C1)CCl,461.0
60196305,C1C[C@H]([C@@H](NC1)CC(=O)CN2C=NC3=CC(=C(C=C3C2=O)Cl)Br)O.Cl,451.1
60196306,CCCCC[C@H](C1[C@H](C[C@H](C[C@H](C[C@H](C[C@H](CC(C(C(/C(=C/C=C/C=C/C=C/C=C/[C@H](C(OC1=O)C)O)/C)O)O)O)O)O)O)O)O)O,670.8
60196309,CC1=CC2=C(C=C1C)N(C=N2)[C@@H]3[C@@H]([C@@H]([C@H](O3)CO)OP(=O)(O)OC(C)CNC(=O)CC[C@@]4([C@H]([C@@H]5[C@]6([C@@]([C@@H](/C(=C(/C7=N/C(=C\C8=N/C(=C(\C4=N5)/C)/[C@H](C8(C)C)CCC(=O)N)/[C@H]([C@]7(C)CC(=O)N)CCC(=O)N)\C)/[N-]6)CCC(=O)N)(C)CC(=O)N)C)CC(=O)N)C)O.CC(=O)O.[Co],1390.4
60196311,COC1=C2C3=C(C[C@@H]4[C@H]5[C@]3(CCN4)[C@@H](O2)[C@H](C=C5)O)C=C1.Cl,321.8
60196312,C[C@H]1[C@@H]2CC3=C([C@]1(CCN2C)C)C=C(C=C3)O.C[C@H]1[C@@H]2CC3=C([C@]1(CCN2C)C)C=C(C=C3)O.C(=C/C(=O)O)\C(=O)O,578.7
60196317,CCC(=O)N([C@H]1CCN(C[C@@H]1C)CCC2=CC=CC=C2)C3=CC=CC=C3.Cl,387.0
60196318,CCC(=O)N(C1CCN(CC1)CC2=CC=CC=C2)C3=CC=CC=C3.Cl,358.9
60196319,CCC1=CC(=C(C=C1OC)C[C@H](C)N)OC.Cl,259.77
60196320,CCC1=CC(=C(C=C1OC)C[C@@H](C)N)OC.Cl,259.77
60196321,CCC(=O)N(C1CCN(CC1)CC(C2=CC=CC=C2)O)C3=CC=CC=C3.Cl,388.9
60196322,CCC(=O)N(C1CCN(CC1)C(C)CC2=CC=CS2)C3=CC=CC=C3.Cl,393.0
60196324,CCC(=O)N(C1CCN(CC1)CCC2=CC=CS2)C3=CC=CC=C3.Cl,379.0
60196325,CC1=CC(=C(C=C1OC)C[C@@H](C)N)OC.Cl,245.74
60196326,CC1=CC(=C(C=C1OC)C[C@H](C)N)OC.Cl,245.74
60196327,C[C@@H](CC1=C(C=CC(=C1)OC)OC)N.Cl,231.72
60196328,CC(CC1=CC2=C(C=C1)OCO2)NO.Cl,231.67
60196329,C[C@@H]1[C@H]2CC3=C([C@@]1(CCN2C)C)C=C(C=C3)O.C(=C/C(=O)O)\C(=O)O,347.4
60196330,CCN[C@@H](C)CC1=CC=CC=C1.Cl,199.72
60196331,C[C@@H](CC1=CC(=C(C=C1OC)Br)OC)N.Cl,310.61
60196332,C[C@H](CC1=CC(=C(C=C1OC)Br)OC)N.Cl,310.61
60196333,C1C[C@H]2[C@@H](C[C@@H]1N2)C3=CN=C(C=C3)Cl.Cl,245.14
60196334,CCN(CC)CCC1=CNC2=CC=CC=C21.CCN(CC)CCC1=CNC2=CC=CC=C21.C(=C/C(=O)O)\C(=O)O,548.7
60196335,CN(C)CCC1=CNC2=CC=CC=C21.C(=C/C(=O)O)\C(=O)O,304.34
60196336,CN1C(=NN=N1)SCC2=C(N3[C@@H]([C@@](C3=O)(NC(=O)CSC[C@H](C(=O)[O-])N)OC)SC2)C(=O)O.[Na+],541.6
60196337,CO/N=C(\C1=NSC(=N1)N)/C(=O)N[C@H]2[C@@H]3N(C2=O)C(=C(CS3)C[N+]4=C5C=CC=NN5C=C4)C(=O)[O-].OS(=O)(=O)O,613.6
60196338,C[C@@H]1C/C=C/C=C/[C@@H]([C@@H](C[C@@H]([C@@H]([C@H]([C@@H](CC(=O)O1)O)OC)O[C@H]2[C@@H]([C@H]([C@@H]([C@H](O2)C)O[C@H]3C[C@@]([C@H]([C@@H](O3)C)OC(=O)CC(C)C)(C)O)N(C)C)O)CC=O)C)O.C(C(C(=O)O)O)(C(=O)O)O,936.0
60196339,CCC(CC(C)CCNCC(CNCC(C)CC(CC)CN)O)CN.Cl.Cl,431.5
60196341,[CH3-].CC1=CC2=C(C=C1C)N(C=N2)C3C(C(C(O3)CO)OP(=O)([O-])OC(C)CNC(=O)CCC\4(C(C5C6(C(C(C(=N6)/C(=C\7/C(C(C(=N7)/C=C\8/C(C(C(=N8)/C(=C4\[N-]5)/C)CCC(=O)N)(C)C)CCC(=O)N)(C)CC(=O)N)/C)CCC(=O)N)(C)CC(=O)N)C)CC(=O)N)C)O.[Co+3],1344.4
60196343,C[C@@H]1CN(CCN1[C@H](COC)C2=CC=C(C=C2)C(F)(F)F)C3(CCN(CC3)C(=O)C4=C(N=CN=C4C)C)C.C(=C\C(=O)O)\C(=O)O,649.7
60196345,CC(=O)N[C@@H](C=O)[C@@H]([C@@H]([C@H](CO)O)O)O,221.21
60196346,CC(=O)OCC(=O)[C@]1(C(=C)CC2[C@@]1(C[C@@H]([C@]3(C2CCC4=CC(=O)C=C[C@@]43C)F)O)C)O,432.5
60196347,CCN\1C2=CC=CC=C2S/C1=C/C=C/C=C/C3=[N+](C4=CC=CC=C4S3)CC.[Cl-],427.0
60196348,CCN(CC)C(=O)C1=CC(=C(C=C1N(CC)CCN(C)C)N2CCC(CC2)C3=CC=CC=C3)S(=O)(=O)CC4=CC=CC=C4.C(=O)(C(F)(F)F)O,718.9
60196349,CCCCCCCCCC(=O)N[O-].[Na+],209.26
60196351,C1[C@@H](C2=C(CN1)C(=C(C=C2)O)O)C3=CC(=C(C=C3)O)O.Cl,309.74
60196352,C1CNCCC1CCC2=CNC3=CC=CC=C32.Cl,264.79
60196356,CCN1CCN(C(=O)C1=O)C(=O)N[C@H](C2=CC=CC=C2)C(=O)N[C@H]3[C@@H]4N(C3=O)[C@@H](C(S4)(C)C)C(=O)[O-].[Na+],539.5
60196357,C([C@@H]1[C@H]([C@@H]([C@H]([C@H](O1)O[C@]2([C@H]([C@@H]([C@H](O2)COS(=O)(=O)O[Al])OS(=O)(=O)O[Al])OS(=O)(=O)O[Al])COS(=O)(=O)O[Al])OS(=O)(=O)O[Al])OS(=O)(=O)O[Al])OS(=O)(=O)O[Al])OS(=O)(=O)O[Al].O.O.O.O.O.O.O.O.O.O.O.O.O.O.O.O.O.O.O.O.O.O.O.O.O.O.O.O.O.O.O.O.[Al].[Al].[Al].[Al].[Al].[Al].[Al].[Al],1983.0
60196358,C[C@H]1/C=C/C=C/CC/C=C/C=C/C=C/C=C/[C@@H](CC2[C@@H]([C@H](C[C@](O2)(C[C@H]([C@@H](CC[C@H](C[C@H](C[C@H](CC(=O)O[C@H]([C@@H]([C@@H]1O)C)C)O)O)O)O)O)O)O)C(=O)O)O[C@@H]3[C@@H]([C@@H]([C@H]([C@@H](O3)C)O)N)O,926.1
60196359,C(C(C(=O)[O-])O)(C(=O)[O-])O.C(C(C(=O)[O-])O)(C(=O)[O-])O.O.O.O.[K+].[K+].[Sb].[Sb],671.90
60196360,C[C@]12CC[C@](C[C@H]1C3=CC(=O)[C@@H]4[C@]5(CC[C@@H](C(C5CC[C@]4([C@@]3(CC2)C)C)(C)C)O[C@@H]6[C@@H]([C@H]([C@@H]([C@H](O6)C(=O)[O-])O)O)O[C@H]7[C@@H]([C@H]([C@@H]([C@H](O7)C(=O)O)O)O)O)C)(C)C(=O)O.[Na+],844.9
60196361,CN(C)CC[C@@H](C1=CC=C(C=C1)Cl)C2=CC=CC=N2.Cl,311.2
60196362,C1C[C@@H](CN(C1)CCC2=CC3=C(C=C2)OCO3)OC(C4=CC=CC=C4)C5=CC=CC=C5.C(=C/C(=O)O)\C(=O)O,531.6
60196365,C1CN(CCN1CCOCC(=O)N)C(C2=CC=CC=C2)C3=CC=C(C=C3)Cl.Cl.Cl,460.8
60196366,C1=CC(=C(C=C1C(=N)N)Br)OCCCOC2=C(C=C(C=C2)C(=N)N)Br.Cl.Cl,543.1
60196367,CC1=CC=C(C=C1)C2(CCN(CC2)CCCC(=O)C3=CC=C(C=C3)F)O.OS(=O)(=O)O,453.5
60196368,C([C@@H]1[C@H]([C@@H]([C@H]([C@H](O1)O[C@]2([C@H]([C@@H]([C@H](O2)COS(=O)[O-])OS(=O)[O-])OS(=O)[O-])COS(=O)[O-])OS(=O)[O-])OS(=O)[O-])OS(=O)[O-])OS(=O)[O-].[Na+].[Na+].[Na+].[Na+].[Na+].[Na+].[Na+].[Na+],1030.7
60196372,CC1C=C[C-]=C1.[C-]#[O+].[C-]#[O+].[C-]#[O+].[Mn],218.09
60196373,CCCC[P+](CC)(CCCC)CCCC.CCOP(=O)([O-])OCC,384.5
60196374,CCN1C=CN(C1C)C.Br,207.11
60196375,CCCCCCCCCCCCCCCCN1C=C[N+](=C1)C.C(F)(F)(F)S(=O)(=O)[N-]S(=O)(=O)C(F)(F)F,587.7
60196376,CCCCCCCCN1CN(C=C1)C.Br,277.24
60196377,CCCN1CN(C=C1)C.Br,207.11
60196378,CCCN1CN(C=C1)C.Cl,162.66
60196379,CCCCCCCCCCCCCCN1C=C[N+](=C1)C.C(F)(F)(F)S(=O)(=O)[N-]S(=O)(=O)C(F)(F)F,559.6
60196380,CCCN1C=C[N+](=C1)C.F[P-](F)(F)(F)(F)F,270.16
60196381,CCCCCCCCCCCCCCN1C=C[N+](=C1)C.F[P-](F)(F)(F)(F)F,424.4
60196382,[B-](F)(F)(F)F.CCCC[N+]1(CCCCC1)C,243.10
60196383,CCCC[N+]1(CCCCC1)C.C(F)(F)(F)S(=O)(=O)[O-],305.36
60196384,CCCC[N+]1(CCCCC1)C.[I-],283.19
60196385,CCC[N+]1(CCCCC1)C.[Br-],222.17
60196386,CCC[N+]1(CCCCC1)C.F[P-](F)(F)(F)(F)F,287.23
60196387,CCC[N+]1(CCCCC1)C.[I-],269.17
60196388,[B-](F)(F)(F)F.CCC[N+]1(CCCCC1)C,229.07
60196389,[B-](F)(F)(F)F.CCCC[N+]1=CC=CC=C1C,237.05
60196390,CCCC[N+]1=CC=CC=C1C.C(F)(F)(F)S(=O)(=O)[O-],299.31
60196391,CCCC[N+]1=CC=CC=C1C.F[P-](F)(F)(F)(F)F,295.20
60196392,CCCC[N+]1=CC=C(C=C1)C.C(F)(F)(F)S(=O)(=O)[O-],299.31
60196393,CC[N+]1(CCCC1)C.C(F)(F)(F)S(=O)(=O)[O-],263.28
60196394,CCC[N+]1(CCCC1)C.[Cl-],163.69
60196395,CCC[N+]1(CCCC1)C.F[P-](F)(F)(F)(F)F,273.20
60196396,CCC[N+]1(CCCC1)C.C(F)(F)(F)S(=O)(=O)[O-],277.31
60196397,CCCCCCCCCCCCCC[P+](CCCC)(CCCC)CCCC.CCCCCCCCCCCCC1=CC=CC=C1S(=O)(=O)[O-],725.2
60196398,CN1[C@@H]2CC[C@H]1CC(C2)OC(=O)C(CO)C3=CC=CC=C3.CN1[C@@H]2CC[C@H]1CC(C2)OC(=O)C(CO)C3=CC=CC=C3.OS(=O)(=O)O,676.8
60196399,CC(C)C1=C(C(=CC=C1)C(C)C)NC(=O)[N-]S(=O)(=O)C2=CC(=CO2)C(C)(C)O.[Na+],430.5
60196400,CCN(C(C)C)C(=O)C1=CC(=CC(=C1)C)OC[C@H](C)NC2=CC=NC=C2.CC1=CC=C(C=C1)S(=O)(=O)O,527.7
60196401,CCCCC1=NC2=C(C=C1)[C@@H]([C@H]([C@@H]2C3=C(C=C(C=C3)OC)C[C@H](C)C(=O)[O-])C(=O)[O-])C4=CC5=C(C=C4)OCO5.[Na+].[Na+],575.6
60196402,CN(C)C(=O)NC1(CCN(CC1)CC[C@]2(CN(CCO2)C(=O)C3=CC=CC=C3)C4=CC(=C(C=C4)F)F)C5=CC=CC=C5.Cl,613.1
60196403,COC1=CC=CC(=C1)C2=C(C=C(C=C2)/C=C\CN3CCCCCC3)Cl.Cl,392.4
60196405,C1CN2CCC1[C@@H](C2)[C@@H](C3=CC=CC=C3)NC(=O)C4=C(C=CC(=C4Cl)C(F)(F)F)Cl.Cl,493.8
60196406,CC1=CC(=C2C(=C1)C=C(N2CC(=O)O)C(=O)NC3=NC(=C(S3)CCC4CCCCC4)C5=CC(=C(C=C5OC)Cl)OC)C.C(=O)(C(F)(F)F)O,724.2
60196407,CCOC(=O)O[C@H](C)OC(=O)C1=CC2=C(C=C1)N(C(=C2)C(=O)NC3CCN(CC3)C(C)C)CC4=NOC(=C4)C5=CC=C(S5)Cl.Cl,679.6
60196408,CCN(CC1=CN=CC=C1)C(=O)C2=C(C(=CC=C2)Cl)[C@]3(C4=C(C=CC(=C4)Cl)N(C3=O)CC5=C(C=C(C=C5)OC)OC)C.Cl,641.0
60196409,C1CC1N2CCC(CC2)NC(=O)C3=NC4=C(N3CC5=NOC(=C5)C6=CC=C(S6)Cl)C=CC(=C4)C(=O)[O-].[Na+],548.0
60196410,CC(C)N1CCC(CC1)NC(=O)C2=CC3=CC(=NC=C3N2CC(=O)NC4=NC=C(C=C4)Cl)OCCOC.CC(=O)O,589.1
60196411,CC(=O)NC1(CCN(CC1)CC[C@]2(CN(C(=O)CO2)C3=CC=CC=C3)C4=CC(=C(C=C4)Cl)Cl)C5=CC(=CC=C5)F.C(CC(=O)O)C(=O)O,702.6
60196412,CC(C)[C@@]1(CC[C@H](C1)[NH2+][C@H]2CCOC[C@H]2OC)C(=O)N3CCC4=C(C3)C=C(C=N4)C(F)(F)F.C(CC(=O)[O-])C(=O)O,587.6
60196413,CCOC1=CC=CC(=C1)C2(CCC(CC2)C)N3CCN(CC3)C4=CC=CC=C4.CS(=O)(=O)O,474.7
60196415,CC1=CC(=O)OC2=C1C=CC(=C2)O.O,194.18
60196416,CC1=C(C=CC(=C1)C(=C2C=CC(=NC3=C(C=C(C=C3)S(=O)(=O)[O-])S(=O)(=O)O)C=C2)C4=CC=C(C=C4)NC5=CC=C(C=C5)S(=O)(=O)[O-])N.[Na+].[Na+],737.7
60196418,CCCCOC(CC)OC(C)COC(CC)O,248.36
60196419,C1=C2C=C(C=C(C2=C(C=C1S(=O)(=O)[O-])N)O)S(=O)(=O)O.O.[Na+],359.3
60196420,C1[C@@H]2C=C[C@@H]1[C@H]3[C@@H]2[C@]4(C(=C([C@@]3(C4(Cl)Cl)Cl)Cl)Cl)Cl,364.9
60196421,COCCCCCCCCOCCC[Si](C)(O[Si](C)(C)C)O[Si](C)(C)C,422.8
60196422,CCCCC1=CC2=C(C=CC=C2S(=O)(=O)[O-])C=C1.[Na+],286.32
60196424,CCOC(=O)/C=C(/O)\C.CCOC(=O)/C=C(/O)\C.CC(O)C.CC(O)C.[Ti],428.3
60196425,CCC(C)(CCC(C)C)C(=O)O[Sn](C)(C)OC(=O)C(C)(CC)CCC(C)C,491.3
60196427,CC(C)CC(C)CC(C)CC(C)COC(=O)C1=CC=CC=C1C(=O)OCC(C)CC(C)CC(C)CC(C)C,530.8
60196428,CC(C)C1=CC2=C(C=C1)C(=CC(=C2S(=O)(=O)[O-])C(C)C)C(C)C.[Na+],356.5
60196430,CCC(C)(CCC(C)C)C(=O)[O-].CCC(C)(CCC(C)C)C(=O)[O-].[Zn+2],407.9
60196431,CCCCCC(CC)OC(=O)CCCOC1=C(C=C(C=C1)Cl)Cl,361.3
60196432,O.O.Cl[In](Cl)Cl,257.20
60196433,C[C@]12CC[C@](C[C@H]1C3=CC(=O)[C@@H]4[C@]5(CC[C@@H](C([C@@H]5CC[C@]4([C@@]3(CC2)C)C)(C)C)O[C@@H]6[C@@H]([C@H]([C@@H]([C@H](O6)C(=O)O)O)O)O[C@H]7[C@@H]([C@H]([C@@H]([C@H](O7)C(=O)[O-])O)O)O)C)(C)C(=O)O.[NH4+].O.O.O,894.0
60196435,CC(=O)N1[C@@H]2[C@H]1[C@@]3([C@H](C4=C(C=C(C=C4OC)C=O)N(C2)O3)COC(=O)N)OC(=O)C,419.4
60196436,CC(C)(CNC1=NC=C2C(=CC(=O)N(C2=N1)C)OC3=C(C=C(C=C3)F)F)O.Cl,412.8
60196438,CC1=CC(=C(C=C1)C(=O)[N-]S(=O)(=O)/C=C/C2=CC=C(C=C2)OC)Cl.[Na+],387.8
60196440,C1CCCN(CC1)CC2=CC=C(S2)C3=NC(=NO3)CCN4C(=O)C5=CC=CC=C5C4=O.C(=C/C(=O)O)\C(=O)O,552.6
60196441,CC1=C(C=CC(=C1)F)C2=CC(=NC=C2N(C)C(=O)C(C)(C)C3=CC(=CC(=C3)C(F)(F)F)C(F)(F)F)N4CC[C@H]([C@H]4CO)O,613.6
66509063,CN1[C@@H]2CC[C@@H]1CC(C2)OC(=O)C(CO)C3=CC=CC=C3.CN1[C@@H]2CC[C@@H]1CC(C2)OC(=O)C(CO)C3=CC=CC=C3.O.OS(=O)(=O)O,694.8
69155711,C[C@@H](C1=NC=NC=C1F)C(CN2C=NC=N2)(C3=C(C=C(C=C3)F)F)O,349.31
71311204,O.O.O.O.O.O.Cl[Dy](Cl)Cl,376.95
71311389,O.O.O.O.O.O.Cl[Sc](Cl)Cl,259.40
71586979,CCOC(=O)[C@H](CS)NCCN[C@@H](CS)C(=O)OCC.Cl.Cl,397.4
72187524,CCCCCCCC/C=C/C(=O)[O-].CCCCCCCC/C=C/C(=O)[O-].[Ca+2],406.6
72187525,CCCCCCCCC/C=C\C=C/C=C\C=C/C=C\C(=O)OCC,330.5
72187526,C1=C(C(=O)NC(=O)N1[C@@H]2[C@H]([C@@H]([C@H](O2)CO)O)O)/C=C\Br,349.13
72187527,C1CC2C[C@H]1[C@H]3[C@@H]2CN(C3)NC(=O)C4=CC(=C(C=C4)Cl)S(=O)(=O)N,369.9
72187528,CC(C)C1=C(C=C2C(=C1)CC[C@@H]3[C@@]2(CCC[C@@]3(C)C(=O)[O-])C)S(=O)(=O)O.[Na+],402.5
73415808,[C@@H]([C@H](C(=O)[O-])[O-])(C(=O)[O-])[O-].[C@@H]([C@H](C(=O)[O-])[O-])(C(=O)[O-])[O-].O.O.O.[K+].[K+].[Sb+3].[Sb+3],667.87
73896879,C[C@@H]1CC[C@H]2C[C@@H](C(=C/C=C\C=C\[C@H](C[C@H](C(=O)[C@@H]([C@@H](/C(=C\[C@H](C(=O)C[C@H](OC(=O)[C@@H]3CCCCN3C(=O)C(=O)[C@@]1(O2)O)[C@H](C)C[C@@H]4CC[C@H]([C@@H](C4)OC)O)C)/C)O)OC)C)C)C)OC,914.2
76030824,[CH-]1C=CC=C1.[CH-]1C=CC=C1.[Cl-].[Cl-].[Ti+4],248.96
76973791,CC1=C(C=CC=C1O)C(=O)N[C@@H](CSC2=CC=CC=C2)[C@@H](CN3C[C@H]4CCCC[C@H]4C[C@H]3C(=O)NC(C)(C)C)O.CS(=O)(=O)O.O,681.9
86287517,C(=N)(N)N[N+](=O)[O-],104.07
86287518,C1CN(/C(=N/[N+](=O)[O-])/N1)CC2=CN=C(C=C2)Cl,255.66
86287519,CN/C(=N\[N+](=O)[O-])/NCC1=CN=C(S1)Cl,249.68
86287521,C1=CC(=C(C=C1[N+](=O)[O-])[N+](=O)[O-])O/N=C/C2=CC(=C(C(=C2)Br)O)Br,461.02
86287525,CC1=C2C(=NN1)NC3=C(C=C(C=C3)[N+](=O)[O-])C(=N2)C4=CC=CC=C4Cl,353.8
90479420,C[N+]1([C@@H]2CC[C@H]1CC(C2)OC(=O)C3=CNC4=CC=CC=C43)C.[I-],426.3
91759534,C#CC1=C(C(=O)C(=C(C1=O)Cl)Cl)C#C,225.02
91864482,CCC(=O)N([C@H]1CCN(C[C@H]1C)CCC2=CC=CS2)C3=CC=CC=C3.Cl,393.0
92044441,CC[C@H](C)C1C(=O)N[C@H](C(=O)NC(=C)C(=O)N[C@H](C(=O)N[C@]23CCC(=N[C@@H]2C4=CSC(=N4)[C@H]([C@H](OC(=O)C5=NC6=C(C=CC(C6O)N1)C(=C5)[C@H](C)O)C)NC(=O)C7=CSC(=N7)[C@@H](NC(=O)[C@H]8CSC(=N8)/C(=C/C)/NC(=O)C(NC(=O)C9=CSC3=N9)[C@@H](C)O)[C@@](C)([C@@H](C)O)O)C1=NC(=CS1)C(=O)NC(=C)C(=O)NC(=C)C(=O)N)C)C,1664.9
95731736,CN1CCC2=C[C@@H](C[C@H]3[C@@H]2C4=C(C1)C=CC(=C4O3)OC)O,287.35
98615047,CC1(CCC(=O)[C@H]2[C@@]13CC[C@H](C3)C2(C)C)C,220.35
118984397,CCCCCCC(C)(C)C(=O)[O-].CCCCCCC(C)(C)C(=O)[O-].[Ca+2],382.6
119057604,CCC(=O)N([C@H]1CCN(C[C@H]1C)CCC2=CC=CC=C2)C3=CC=CC=C3.Cl,387.0
135398508,C=C1[C@H](C[C@@H]([C@H]1CO)O)N2C=NC3=C2N=C(NC3=O)N,277.28
135398513,C1=NC2=C(N1COCCO)N=C(NC2=O)N,225.20
135398638,C1=NC2=C(N1)C(=O)NC=N2,136.11
135398641,C1=NC2=C(C(=O)N1)N=CN2[C@H]3[C@@H]([C@@H]([C@H](O3)CO)O)O,268.23
135398658,C1=CC(=CC=C1C(=O)N[C@@H](CCC(=O)O)C(=O)O)NCC2=CN=C3C(=N2)C(=O)NC(=N3)N,441.4
135398737,CN1CCN(CC1)C2=NC3=C(C=CC(=C3)Cl)NC4=CC=CC=C42,326.8
135398738,CN(C)/N=N/C1=C(NC=N1)C(=O)N,182.18
135398739,C1C[C@@H](O[C@@H]1CO)N2C=NC3=C2N=CNC3=O,236.23
135398740,C1=NC2=C(N1COC(CO)CO)N=C(NC2=O)N,255.23
135398741,CC(C)[C@@H](C(=O)OCCOCN1C=NC2=C1N=C(NC2=O)N)N.Cl,360.80
135398745,CC1=CC2=C(S1)NC3=CC=CC=C3N=C2N4CCN(CC4)C,312.4
135398748,C1=NC2=C(N1CCC(CO)CO)N=C(NC2=O)N,253.26
135398752,C1=NNC2=C1C(=O)NC(=O)N2,152.11
135399235,CCCOC1=CC=CC=C1C2=NC3=NNN=C3C(=O)N2,271.27
135399895,C/C(=N\O)/C(=N/O)/C,116.12
135400182,CC1=NC2=C(C=C(C=C2)CN(C)C3=CC=C(S3)C(=O)N[C@@H](CCC(=O)O)C(=O)O)C(=O)N1,458.5
135400471,C1=CC=C(C(=C1)/C=N/NC(=O)C2=CC=NC=C2)O,241.24
135401907,C1=NNC2=C1C(=O)NC=N2,136.11
135403591,CN1C=NC2=C1N=C(NC2=O)N,165.15
135403635,C1CCN(CC1)CC2=CNC3=C2C(=O)NC=N3,232.28
135408753,C1=CC=C2C(=C1)C(=O)NC=N2,146.15
135408763,C1=C(N=C(NC1=O)N)N,126.12
135408793,C1=CC=C2C(=C1)C(=O)NN=N2,147.13
135409453,CCCCCN=C(N)N/N=C/C1=CNC2=C1C=C(C=C2)OC,301.39
135409471,C[C@@H]([C@@H]([C@H]1CNC2=C(N1)C(=O)NC(=N2)N)O)O.Cl.Cl,314.17
135409535,CC1=C(C2=C(C=C1)N=C(NC2=O)N)SC3=CC=NC=C3.Cl.Cl,357.3
135409852,C(=N/O)\C=N\O,88.07
135410906,C=CCN1C2=C(N=C(NC2=O)N)N(C1=O)[C@H]3[C@@H]([C@@H]([C@H](O3)CO)O)O,339.30
135413497,C1=CC=C(C=C1)C2=C(C(=O)NC(=N2)N)Br,266.09
135413505,C1=CC(=C(C=C1N=NC2=CC(=C(C=C2)[O-])C(=O)O)C(=O)O)[O-].[Na+].[Na+],346.20
135413520,C1=CC(=CC=C1CCC2=CNC3=C2C(=O)NC(=N3)N)C(=O)N[C@@H](CCC(=O)[O-])C(=O)[O-].[Na+].[Na+],471.4
135413523,CCCC1=NN(C2=C1N=C(NC2=O)C3=C(C=CC(=C3)S(=O)(=O)N4CCN(CC4)C)OCC)C.C(C(=O)O)C(CC(=O)O)(C(=O)O)O,666.7
135413534,CC(C)[C@@H](C(=O)OCC(CO)OCN1C=NC2=C1N=C(NC2=O)N)N.Cl,390.82
135413536,C[C@H](C1=CC(=CC(=C1)C(F)(F)F)C(F)(F)F)O[C@@H]2[C@@H](N(CCO2)CC3=NNC(=O)N3)C4=CC=C(C=C4)F,534.4
135414420,CC1=C(C=CC(=C1)S(=O)(=O)[O-])N=NC2=C(C=CC3=CC=CC=C32)O.[Na+],364.4
135418174,CCN1C2=C(C(=N1)C)N=C(CNC2=O)C3=CC=C(C=C3)O,284.31
135418283,CN/C(=N\[N+](=O)[O-])/NCC1CCOC1,202.21
135418296,C[C@@H]1C(=O)NC2=NC3=C(CN12)C(=CC=C3)Cl,235.67
135423095,CC1=CC(=C(C=C1)N=NC2=C(C(=CC3=CC=CC=C32)C(=O)O)[O-])S(=O)(=O)[O-].[Ca+2],424.4
135424354,CCCCC1=C(N=C(NC1=O)NCC)C,209.29
135430323,CC1=CC(=O)C2=C(C3=C4C5=C2C1=C(C=C5C(C(=C4C(=O)C=C3O)O)(C)C)O)O,376.4
135430996,CCCOC1=C(C=C(C=C1)S(=O)(=O)N2CCN(CC2)CC)C3=NC4=C(N(N=C4C(=O)N3)CC5=CC=CC=N5)CC,565.7
135436526,CN(C(=N)N[N+](=O)[O-])N=O,147.09
135442941,C1=CC=C2C(=C1)C=CC(=C2N=NC3=CC=C(C=C3)S(=O)(=O)[O-])O.[Na+],350.3
135444498,CC1=CC(=O)NC(=N1)C(C)C,152.19
135445749,CN1C(CNC2=C1C(=O)NC(=N2)N)CNC3=CC=C(C=C3)C(=O)NC(CCC(=O)[O-])C(=O)[O-].[Na+].[Na+],503.4
135445761,C[N+]1=CC=CC=C1/C=N/O.[Cl-],172.61
135449328,COCC(=O)NC1=C(C=CC(=C1)SC2=CC=CC=C2)N=C(NC(=O)OC)NC(=O)OC,446.5
135449332,CC1=C(C=C(C=C1)N2C(=O)C(=C(N2)C)N=NC3=CC=CC(=C3O)C4=CC(=CC=C4)C(=O)O)C,442.5
135464373,CCCCN(C(=N)N[N+](=O)[O-])N=O,189.17
135465076,C1=CC=C(C=C1)/[N+](=N/[O-])/[O-].[NH4+],155.15
135482068,CCNCC.CCN(CC)/[N+](=N/O)/[O-],206.29
135491728,CC/C(=N\OC/C=C/Cl)/C1=C(CC(CC1=O)CC(C)SCC)O,359.9
135491830,CCC/C(=N\OCC)/C1=C(CC(CC1=O)CC(C)SCC)O,327.5
135492483,CC/C(=N\OCC)/C1=C(CC(CC1=O)C2=C(C=C(C=C2C)C)C)O,329.4
135502804,CC(C)(C)C1=NN=C(NC1=O)SC,199.28
135508550,C[C@H]1C(=O)N[C@H](C(=O)N/C(=C\NC(=O)N)/C(=O)N[C@H](C(=O)NC[C@@H](C(=O)N1)N)[C@H]2CCNC(=N2)N)CNC(=O)C[C@H](CCCN)N,652.7
135511839,COC(=O)N/N=C/C1=[N+](C2=CC=CC=C2[N+](=C1)[O-])[O-],262.22
135512460,COC(=O)[C@H](CCCN/C(=N/[N+](=O)[O-])/N)N,233.23
135524783,C1[C@@H](N=C(N[C@H]1O)N)[C@H]2C(=O)NC[C@@H](C(=O)N[C@H](C(=O)N[C@H](C(=O)N/C(=C\NC(=O)N)/C(=O)N2)CO)CO)NC(=O)C[C@H](CCCN)N.OS(=O)(=O)O,783.8
135529432,C1CCC(CC1)(CC2=NOC(=O)N2)CN.Cl,247.72
135565106,C1=CC=C(C(=C1)C(F)(F)F)N=NC2=C(C=CC3=CC(=CC(=C32)O)S(=O)(=O)[O-])N.[Na+],433.3
135565635,CC(C)N1C2=NC=NC(=C2C(=N1)C3=CC4=C(N3)C=CC(=C4)O)N,308.34
135565674,CCCCCCOC(=O)NC(=N)C1=CC=C(C=C1)NCC2=NC3=C(N2C)C=CC(=C3)C(=O)N(CCC(=O)OCC)C4=CC=CC=N4,627.7
135585373,CC/C(=N\OC/C=C/Cl)/C1=C(CC(CC1=O)C2CCOCC2)O,341.8
135659063,CN\1CC(=O)N/C1=N/C(=O)NC2=CC(=CC=C2)Cl,266.68
135705561,CN1C(CC2=CC(=C(C=C21)O)N=NC(=O)N)S(=O)(=O)[O-].[Na+],322.28
135749823,CCCC1=NC(=C2N1N=C(NC2=O)C3=C(C=CC(=C3)S(=O)(=O)N4CCN(CC4)CC)OCC)C.C(C(=O)O)C(CC(=O)O)(C(=O)O)O,680.7
135802074,C1C(N(C2=C(N1)N=C(NC2=O)N)C=O)CNC3=CC=C(C=C3)C(=O)N[C@@H](CCC(=O)[O-])C(=O)[O-].O.O.O.O.O.[Ca+2],601.6
135818273,CS(=O)(=O)O.CS(=O)(=O)O.C1=CC(=CC=C1/C=C/C2=C(C=C(C=C2)C(=N)N)O)C(=N)N,472.5
136122621,C[C@H]1/C=C\C=C(/C(=O)NC2=C(C(=C3C(=C2O)C(=C(C4=C3C(=O)[C@](O4)(OC=C[C@@H]([C@H]([C@H]([C@@H]([C@@H]([C@@H]([C@H]1O)C)O)C)OC(=O)C)C)OC)C)C)O)O)/C=N/N5CCN(CC5)C)\C,822.9
136122663,C[C@H]1/C=C\C=C(/C(=O)NC2=C(C(=C3C(=C2O)C(=C(C4=C3C(=O)[C@](O4)(OC=C[C@@H]([C@H]([C@H]([C@@H]([C@@H]([C@@H]([C@H]1O)C)O)C)OC(=O)C)C)OC)C)C)O)O)/C=N/N5CCN(CC5)C6CCCC6)\C,877.0
136276712,C[C@H]1/C=C\C=C(/C(=O)NC2=C(C3=C(C4=C(C(=C3O)C)O[C@@](C4=O)(OC=C[C@@H]([C@H]([C@H]([C@@H]([C@@H]([C@@H]([C@H]1O)C)O)C)OC(=O)C)C)OC)C)C5=NC6(CCN(CC6)CC(C)C)N=C25)O)\C,847.0
137319701,CC(C)(C)C1=CC(=CC(=C1O)C(C)(C)C)/C=C\2/C(=O)NC(=N)S2.CS(=O)(=O)O,428.6
137319715,CN1CC(=O)NC1=N,113.12
138394051,[C@H]12[C@H]([C@H]3[C@@H]([C@@H]1Cl)O3)C4(C(=C([C@]2(C4(Cl)Cl)Cl)Cl)Cl)Cl,389.3
138394061,[H+].[H+].B([O-])([O-])[O-].C1=CC=[C-]C=C1.[Hg+2],338.52
138394832,CN(C)C(=O)C1(CCN(CC1)CC[C@]2(CN(CCO2)C(=O)C3=CC=CC=C3)C4=CC(=C(C=C4)Cl)Cl)N5CCCCC5.Cl,638.1
139057448,C(CN)N.[Cl-].[Cl-].[Pt+2],326.09
155819421,C[C@H]1/C=C\C=C(/C(=O)NC2=CC(=C3C(=C2O)C(=C(C4=C3C(=O)[C@](O4)(OC=C[C@@H]([C@H]([C@H]([C@@H]([C@@H]([C@@H]([C@H]1O)C)O)C)OC(=O)C)C)OC)C)C)O)[O-])\C.[Na+],719.7
166642339,CC(CN1C2=CC=CC=C2SC3=C1C=C(C=C3)C(F)(F)F)CN(C)C.C(=C/C(=O)O)\C(=O)O,482.5
166642340,CCC(C(C[C@H](C)NC)(C1=CC=CC=C1)C2=CC=CC=C2)OC(=O)C.Cl,375.9
166642341,C/C(=C\C(=[OH+])C)/[O-].C/C(=C\C(=[OH+])C)/[O-].C/C(=C/C(=[OH+])C)/[O-].[Al],327.33
166642342,C/C(=C\C(=[OH+])C)/[O-].C/C(=C\C(=[OH+])C)/[O-].C/C(=C/C(=[OH+])C)/[O-].[Fe],356.19
