cid,receptor,label
16043,ERalpha,hard_negative
2724411,ERalpha,positive
7048801,ERalpha,positive
5920,ERalpha,positive
2333,ERalpha,positive
443939,ERalpha,positive
65758,ERalpha,hard_negative
71203,ERalpha,hard_negative
2170,ERalpha,hard_negative
5283389,ERalpha,hard_negative
4768,ERalpha,hard_negative
2554,ERalpha,hard_negative
2812,ERalpha,positive
3339,ERalpha,hard_negative
3397,ERalpha,positive
5280961,ERalpha,positive
3899,ERalpha,hard_negative
3957,ERalpha,positive
4122,ERalpha,hard_negative
51082,ERalpha,positive
4507,ERalpha,hard_negative
4477,ERalpha,hard_negative
71398,ERalpha,hard_negative
4474,ERalpha,positive
4485,ERalpha,hard_negative
4493,ERalpha,hard_negative
4932,ERalpha,hard_negative
61100,ERalpha,hard_negative
5074,ERalpha,hard_negative
5070,ERalpha,hard_negative
54900,ERalpha,positive
37542,ERalpha,positive
5265,ERalpha,positive
24871267,ERalpha,hard_negative
62935,ERalpha,hard_negative
5452,ERalpha,positive
2998,ERalpha,hard_negative
71399,ERalpha,hard_negative
5803,ERalpha,positive
5857,ERalpha,hard_negative
3440,ERalpha,hard_negative
9552079,ERalpha,positive
6708701,ERalpha,positive
4993,ERalpha,hard_negative
3278,ERalpha,hard_negative
5333,ERalpha,hard_negative
54682468,ERalpha,positive
54676038,ERalpha,positive
5340,ERalpha,hard_negative
192197,ERalpha,hard_negative
3293,ERalpha,hard_negative
2337,ERalpha,positive
2482,ERalpha,positive
7184,ERalpha,positive
3735,ERalpha,positive
7638,ERalpha,hard_negative
5344,ERalpha,hard_negative
4641,ERalpha,hard_negative
8569,ERalpha,hard_negative
3503,ERalpha,positive
224246,ERalpha,hard_negative
9878,ERalpha,hard_negative
10830,ERalpha,hard_negative
11289,ERalpha,positive
2391,ERalpha,positive
9570076,ERalpha,hard_negative
236702,ERalpha,hard_negative
64722,ERalpha,hard_negative
5510,ERalpha,hard_negative
2466,ERalpha,hard_negative
3634,ERalpha,positive
3242,ERalpha,hard_negative
5420805,ERalpha,hard_negative
108013,ERalpha,hard_negative
446541,ERalpha,positive
35375,ERalpha,hard_negative
4030,ERalpha,hard_negative
36462,ERalpha,positive
4409,ERalpha,hard_negative
443955,ERalpha,hard_negative
3334,ERalpha,hard_negative
5281004,ERalpha,hard_negative
5472,ERalpha,hard_negative
2082,ERalpha,hard_negative
43231,ERalpha,hard_negative
4594,ERalpha,hard_negative
6714002,ERalpha,hard_negative
3784,ERalpha,hard_negative
54454,ERalpha,hard_negative
2769,ERalpha,hard_negative
57363,ERalpha,hard_negative
8813,ERalpha,positive
5018304,ERalpha,hard_negative
38911,ERalpha,positive
23671691,ERalpha,hard_negative
1548943,ERalpha,hard_negative
6758,ERalpha,positive
10531,ERalpha,hard_negative
3728,ERalpha,positive
2153,ERalpha,hard_negative
8691,ERalpha,positive
2406,ERalpha,positive
4764,ERalpha,positive
5853,ERalpha,hard_negative
4622,ERalpha,hard_negative
71651,ERalpha,hard_negative
5327,ERalpha,hard_negative
3295,ERalpha,hard_negative
6215,ERalpha,hard_negative
10607,ERalpha,hard_negative
5952,ERalpha,hard_negative
16574,ERalpha,positive
5753,ERalpha,hard_negative
104845,ERalpha,hard_negative
53232,ERalpha,hard_negative
5311067,ERalpha,hard_negative
30323,ERalpha,positive
10219,ERalpha,positive
31101,ERalpha,positive
68186,ERalpha,positive
2733525,ERalpha,positive
104741,ERalpha,positive
45073437,ERalpha,hard_negative
6167,ERalpha,positive
45356872,ERalpha,positive
55245,ERalpha,positive
4235,ERalpha,hard_negative
2999413,ERalpha,hard_negative
69588,ERalpha,hard_negative
6129,ERalpha,hard_negative
448537,ERalpha,positive
5288209,ERalpha,positive
460612,ERalpha,hard_negative
136276712,ERalpha,hard_negative
5865,ERalpha,hard_negative
76973791,ERalpha,positive
5794,ERalpha,hard_negative
338733,ERalpha,hard_negative
7175,ERalpha,hard_negative
3039,ERalpha,positive
9880,ERalpha,positive
16682730,ERalpha,positive
11057,ERalpha,positive
441140,ERalpha,positive
667493,ERalpha,hard_negative
7108,ERalpha,hard_negative
1483,ERalpha,positive
3598,ERalpha,positive
3610,ERalpha,positive
5770,ERalpha,positive
3037,ERalpha,hard_negative
1732,ERalpha,hard_negative
12358480,ERalpha,hard_negative
14710,ERalpha,positive
5281034,ERalpha,hard_negative
6597,ERalpha,hard_negative
2662,ERalpha,positive
6604200,ERalpha,positive
637511,ERalpha,hard_negative
8425,ERalpha,hard_negative
5991,ERalpha,hard_negative
5757,ERalpha,hard_negative
22571,ERalpha,hard_negative
3346,ERalpha,hard_negative
5935,ERalpha,hard_negative
61444,ERalpha,positive
26041,ERalpha,positive
9787,ERalpha,positive
636362,ERalpha,positive
28767,ERalpha,hard_negative
6433339,ERalpha,positive
57333099,ERalpha,hard_negative
54685925,ERalpha,hard_negative
56801,ERalpha,hard_negative
5329098,ERalpha,positive
73093,ERalpha,hard_negative
11957725,ERalpha,hard_negative
2871,ERalpha,hard_negative
3120,ERalpha,hard_negative
727,ERalpha,hard_negative
6434889,ERalpha,positive
3352,ERalpha,positive
136122621,ERalpha,hard_negative
443101,ERalpha,positive
443311,ERalpha,positive
161803,ERalpha,hard_negative
3316,ERalpha,hard_negative
32798,ERalpha,hard_negative
5284623,ERalpha,positive
16129778,ERalpha,hard_negative
123608,ERalpha,hard_negative
51040,ERalpha,hard_negative
119607,ERalpha,hard_negative
5362123,ERalpha,hard_negative
150311,ERalpha,hard_negative
13789,ERalpha,hard_negative
3002190,ERalpha,hard_negative
60699,ERalpha,positive
179336,ERalpha,positive
6975516,ERalpha,hard_negative
5746,ERalpha,positive
5388983,ERalpha,positive
5318517,ERalpha,hard_negative
60496,ERalpha,hard_negative
8609,ERalpha,hard_negative
222786,ERalpha,hard_negative
454937,ERalpha,hard_negative
16757820,ERalpha,hard_negative
4616,ERalpha,hard_negative
23663400,ERalpha,positive
443831,ERalpha,positive
11876263,ERalpha,hard_negative
11313,ERalpha,hard_negative
60962,ERalpha,hard_negative
6518,ERalpha,hard_negative
40326,ERalpha,hard_negative
23706212,ERalpha,hard_negative
5564,ERalpha,hard_negative
7347,ERalpha,hard_negative
123631,ERalpha,positive
5281078,ERalpha,positive
2118,ERalpha,positive
5282219,ERalpha,positive
7232,ERalpha,hard_negative
135398739,ERalpha,hard_negative
14720269,ERalpha,hard_negative
443375,ERalpha,positive
443872,ERalpha,hard_negative
68827,ERalpha,positive
60712,ERalpha,positive
56463,ERalpha,hard_negative
11350,ERalpha,hard_negative
65776,ERalpha,hard_negative
5282198,ERalpha,positive
68909,ERalpha,hard_negative
6075,ERalpha,positive
72157,ERalpha,hard_negative
155143,ERalpha,hard_negative
60605,ERalpha,hard_negative
3005572,ERalpha,positive
250948,ERalpha,hard_negative
9454,ERalpha,hard_negative
71693,ERalpha,hard_negative
6719,ERalpha,positive
71645,ERalpha,hard_negative
5355130,ERalpha,hard_negative
17693,ERalpha,hard_negative
165457,ERalpha,hard_negative
12895035,ERalpha,positive
23716429,ERalpha,positive
56846451,ERalpha,hard_negative
45006154,ERalpha,hard_negative
457193,ERalpha,positive
5282138,ERalpha,positive
8955,ERalpha,hard_negative
6321253,ERalpha,hard_negative
443884,ERalpha,hard_negative
6321424,ERalpha,positive
31402,ERalpha,hard_negative
16760569,ERalpha,positive
12922658,ERalpha,positive
20054868,ERalpha,positive
5377791,ERalpha,positive
5392,ERalpha,positive
91744,ERalpha,positive
7547,ERalpha,positive
23673837,ERalpha,positive
7180,ERalpha,hard_negative
15797,ERalpha,hard_negative
5819,ERalpha,hard_negative
36314,ERalpha,hard_negative
28417,ERalpha,positive
1550232,ERalpha,positive
11104,ERalpha,hard_negative
65784,ERalpha,hard_negative
11033,ERalpha,hard_negative
71339,ERalpha,hard_negative
3033825,ERalpha,hard_negative
92727,ERalpha,positive
68873,ERalpha,hard_negative
444025,ERalpha,hard_negative
65664,ERalpha,positive
60164,ERalpha,positive
6456015,ERalpha,positive
4499,ERalpha,positive
2898,ERalpha,hard_negative
6536,ERalpha,positive
60196293,ERalpha,positive
220401,ERalpha,hard_negative
5756,ERalpha,hard_negative
65057,ERalpha,positive
9046,ERalpha,hard_negative
37907,ERalpha,hard_negative
4807,ERalpha,hard_negative
9370,ERalpha,positive
17113,ERalpha,hard_negative
243274,ERalpha,hard_negative
446925,ERalpha,hard_negative
157355,ERalpha,hard_negative
33611,ERalpha,hard_negative
21881620,ERalpha,hard_negative
136122663,ERalpha,positive
441351,ERalpha,hard_negative
5362376,ERalpha,hard_negative
40973,ERalpha,hard_negative
656583,ERalpha,hard_negative
6918178,ERalpha,hard_negative
9801803,ERalpha,positive
2541,ERalpha,positive
5282164,ERalpha,hard_negative
153751,ERalpha,positive
6918155,ERalpha,positive
406563,ERalpha,positive
157917,ERalpha,positive
150762,ERalpha,positive
6099,ERalpha,hard_negative
56704,ERalpha,hard_negative
168088,ERalpha,hard_negative
2724259,ERalpha,positive
23663985,ERalpha,hard_negative
60196297,ERalpha,positive
48229,ERalpha,hard_negative
6432394,ERalpha,positive
472335,ERalpha,positive
3345,ERalpha,hard_negative
4890,ERalpha,positive
83975,ERalpha,positive
443936,ERalpha,hard_negative
387447,ERalpha,positive
60749,ERalpha,positive
8550,ERalpha,positive
5283718,ERalpha,positive
82146,ERalpha,positive
111332,ERalpha,hard_negative
5365672,ERalpha,hard_negative
448013,ERalpha,hard_negative
5284610,ERalpha,positive
108150,ERalpha,positive
148124,ERalpha,hard_negative
135449328,ERalpha,hard_negative
23672302,ERalpha,hard_negative
644280,ERalpha,hard_negative
151194,ERalpha,positive
1013376,ERalpha,positive
46781343,ERalpha,hard_negative
92942,ERalpha,hard_negative
91864482,ERalpha,hard_negative
15984075,ERalpha,hard_negative
5281091,ERalpha,positive
50878597,ERalpha,hard_negative
214348,ERalpha,positive
3003141,ERalpha,hard_negative
9833444,ERalpha,hard_negative
9938056,ERalpha,positive
5281104,ERalpha,positive
444021,ERalpha,positive
443868,ERalpha,positive
154256,ERalpha,positive
10382,ERalpha,positive
5833,ERalpha,positive
44460585,ERalpha,positive
3016,ERalpha,hard_negative
11556711,ERalpha,positive
8293,ERalpha,hard_negative
148192,ERalpha,hard_negative
50491,ERalpha,positive
8111,ERalpha,hard_negative
1548955,ERalpha,positive
11065,ERalpha,positive
5994,ERalpha,hard_negative
6446,ERalpha,hard_negative
6010,ERalpha,hard_negative
21700,ERalpha,hard_negative
10113978,ERalpha,positive
16052038,ERalpha,hard_negative
10212,ERalpha,hard_negative
122797,ERalpha,hard_negative
68547,ERalpha,positive
10455790,ERalpha,positive
60810,ERalpha,positive
34870,ERalpha,hard_negative
26391,ERalpha,positive
208836,ERalpha,hard_negative
9570290,ERalpha,hard_negative
13081,ERalpha,hard_negative
6918454,ERalpha,positive
176167,ERalpha,positive
5832,ERalpha,hard_negative
6526396,ERalpha,hard_negative
156422,ERalpha,positive
9910986,ERalpha,positive
92146,ERalpha,hard_negative
643684,ERalpha,positive
697993,ERalpha,hard_negative
996,ERalpha,hard_negative
5745,ERalpha,hard_negative
55008,ERalpha,positive
2969,ERalpha,hard_negative
6054,ERalpha,hard_negative
60196359,ERalpha,positive
5870,ERalpha,hard_negative
2912,ERalpha,hard_negative
135413536,ERalpha,positive
6450551,ERalpha,positive
656667,ERalpha,positive
60196366,ERalpha,positive
5284587,ERalpha,hard_negative
11626384,ERalpha,positive
468595,ERalpha,positive
5311454,ERalpha,hard_negative
75195,ERalpha,positive
7483,ERalpha,hard_negative
154914,ERalpha,positive
12443,ERalpha,hard_negative
7595,ERalpha,hard_negative
8247,ERalpha,positive
15752,ERalpha,hard_negative
3894848,ERalpha,hard_negative
29872,ERalpha,hard_negative
5842000,ERalpha,positive
16682740,ERalpha,positive
5743,ERalpha,hard_negative
7321,ERalpha,hard_negative
5364713,ERalpha,positive
36159,ERalpha,hard_negative
115157,ERalpha,positive
40301,ERalpha,hard_negative
7472,ERalpha,positive
50516,ERalpha,hard_negative
115089,ERalpha,hard_negative
15206,ERalpha,hard_negative
24937,ERalpha,hard_negative
22086,ERalpha,hard_negative
11356,ERalpha,hard_negative
6319,ERalpha,positive
6828,ERalpha,hard_negative
7589,ERalpha,positive
7102,ERalpha,hard_negative
7441,ERalpha,hard_negative
3068143,ERalpha,positive
1091,ERalpha,positive
7568,ERalpha,hard_negative
33934,ERalpha,hard_negative
13297,ERalpha,hard_negative
197873,ERalpha,positive
14138,ERalpha,positive
8570,ERalpha,hard_negative
87250,ERalpha,hard_negative
17569,ERalpha,positive
586708,ERalpha,positive
56638112,ERalpha,hard_negative
23019,ERalpha,positive
53316406,ERalpha,positive
84677,ERalpha,positive
102724,ERalpha,positive
3015167,ERalpha,positive
12040509,ERalpha,positive
11461044,ERalpha,positive
22239085,ERalpha,positive
2734227,ERalpha,positive
10250129,ERalpha,positive
7543,ERalpha,positive
67349,ERalpha,hard_negative
11375816,ERalpha,positive
8407,ERalpha,hard_negative
7495,ERalpha,positive
7331,ERalpha,hard_negative
16212610,ERalpha,positive
6053,ERalpha,hard_negative
93221,ERalpha,positive
6979,ERalpha,hard_negative
16218822,ERalpha,positive
10824,ERalpha,positive
5897,ERalpha,hard_negative
20701,ERalpha,hard_negative
8540,ERalpha,positive
13428,ERalpha,hard_negative
5281567,ERalpha,hard_negative
17231,ERalpha,positive
5930,ERalpha,positive
13636,ERalpha,positive
449459,ERalpha,positive
18728,ERalpha,hard_negative
20167,ERalpha,hard_negative
2723951,ERalpha,hard_negative
11247,ERalpha,hard_negative
2734117,ERalpha,positive
69317,ERalpha,hard_negative
6787,ERalpha,hard_negative
19996,ERalpha,positive
33133,ERalpha,hard_negative
38764,ERalpha,hard_negative
637930,ERalpha,hard_negative
5281576,ERalpha,positive
73668,ERalpha,hard_negative
62770,ERalpha,positive
5280863,ERalpha,positive
320930,ERalpha,hard_negative
6389,ERalpha,hard_negative
79717,ERalpha,positive
13514,ERalpha,positive
1752,ERalpha,hard_negative
2733526,ERalpha,positive
12955,ERalpha,hard_negative
3035,ERalpha,hard_negative
68570,ERalpha,hard_negative
6635,ERalpha,hard_negative
9502,ERalpha,hard_negative
8572,ERalpha,hard_negative
8413,ERalpha,hard_negative
6294,ERalpha,hard_negative
11742,ERalpha,positive
13,ERalpha,hard_negative
8805,ERalpha,hard_negative
6732,ERalpha,positive
2724189,ERalpha,hard_negative
6537,ERalpha,hard_negative
4169,ERalpha,hard_negative
8846,ERalpha,hard_negative
6672,ERalpha,hard_negative
7567,ERalpha,hard_negative
18529,ERalpha,hard_negative
7592,ERalpha,hard_negative
32154,ERalpha,hard_negative
15531,ERalpha,hard_negative
40585,ERalpha,hard_negative
7946,ERalpha,hard_negative
39327,ERalpha,hard_negative
40399,ERalpha,hard_negative
65064,ERalpha,hard_negative
43234,ERalpha,hard_negative
26295,ERalpha,hard_negative
73675,ERalpha,positive
2734956,ERalpha,positive
41206,ERalpha,hard_negative
8289,ERalpha,hard_negative
16560,ERalpha,hard_negative
8561,ERalpha,hard_negative
67172,ERalpha,positive
47326,ERalpha,hard_negative
5280443,ERalpha,positive
6529,ERalpha,hard_negative
7327,ERalpha,hard_negative
73672,ERalpha,hard_negative
7076,ERalpha,hard_negative
10707,ERalpha,hard_negative
5284441,ERalpha,hard_negative
299,ERalpha,positive
13806,ERalpha,positive
9275,ERalpha,positive
20083,ERalpha,hard_negative
43226,ERalpha,positive
6295,ERalpha,hard_negative
8371,ERalpha,positive
12688,ERalpha,positive
6702,ERalpha,hard_negative
15910,ERalpha,positive
6854,ERalpha,hard_negative
67271,ERalpha,hard_negative
9128,ERalpha,hard_negative
4931,ERalpha,positive
76302,ERalpha,positive
10522,ERalpha,positive
5934,ERalpha,hard_negative
11831,ERalpha,hard_negative
4933,ERalpha,hard_negative
31356,ERalpha,positive
27189,ERalpha,hard_negative
5361514,ERalpha,hard_negative
162461,ERalpha,hard_negative
2728,ERalpha,hard_negative
29732,ERalpha,positive
6950,ERalpha,positive
8663,ERalpha,hard_negative
8679,ERalpha,hard_negative
5283349,ERalpha,positive
38479,ERalpha,hard_negative
11933,ERalpha,positive
3589,ERalpha,hard_negative
36242,ERalpha,hard_negative
6336,ERalpha,hard_negative
32933,ERalpha,positive
6028,ERalpha,positive
5125,ERalpha,hard_negative
2268,ERalpha,hard_negative
86607,ERalpha,hard_negative
7516,ERalpha,hard_negative
8607,ERalpha,positive
638024,ERalpha,hard_negative
1318,ERalpha,positive
18725,ERalpha,hard_negative
991,ERalpha,hard_negative
9889168,ERalpha,positive
27465,ERalpha,positive
26124,ERalpha,hard_negative
643820,ERalpha,hard_negative
6914,ERalpha,hard_negative
12310947,ERalpha,hard_negative
158076,ERalpha,hard_negative
82343,ERalpha,positive
8152,ERalpha,positive
7005,ERalpha,hard_negative
14050,ERalpha,positive
81259,ERalpha,positive
992,ERalpha,positive
5053,ERalpha,hard_negative
7813,ERalpha,hard_negative
62311,ERalpha,positive
11883,ERalpha,hard_negative
39676,ERalpha,hard_negative
43079,ERalpha,hard_negative
26177,ERalpha,positive
8455,ERalpha,hard_negative
31374,ERalpha,hard_negative
8615,ERalpha,positive
108938,ERalpha,hard_negative
8369,ERalpha,hard_negative
62306,ERalpha,hard_negative
7103,ERalpha,hard_negative
36606,ERalpha,hard_negative
6868,ERalpha,positive
13089,ERalpha,hard_negative
38037,ERalpha,hard_negative
8689,ERalpha,positive
7340,ERalpha,positive
6014,ERalpha,positive
6478,ERalpha,hard_negative
8571,ERalpha,hard_negative
4793,ERalpha,hard_negative
4130,ERalpha,hard_negative
86102,ERalpha,hard_negative
17170,ERalpha,positive
7430,ERalpha,hard_negative
10377,ERalpha,positive
107377,ERalpha,positive
34192,ERalpha,hard_negative
3224,ERalpha,hard_negative
13283,ERalpha,hard_negative
12472902,ERalpha,positive
2730,ERalpha,hard_negative
16685,ERalpha,hard_negative
8305,ERalpha,hard_negative
7031,ERalpha,hard_negative
9395,ERalpha,positive
15787,ERalpha,hard_negative
8411,ERalpha,hard_negative
980,ERalpha,hard_negative
1988,ERalpha,positive
3225,ERalpha,hard_negative
76013,ERalpha,hard_negative
7807,ERalpha,positive
37034,ERalpha,hard_negative
5362708,ERalpha,positive
10771,ERalpha,hard_negative
10208,ERalpha,hard_negative
19283,ERalpha,hard_negative
5371728,ERalpha,positive
28803,ERalpha,positive
78738,ERalpha,hard_negative
73415808,ERalpha,positive
1674,ERalpha,hard_negative
24007,ERalpha,positive
23892,ERalpha,hard_negative
16217238,ERalpha,positive
11181836,ERalpha,positive
22078297,ERalpha,positive
2734225,ERalpha,positive
2775940,ERalpha,positive
46226173,ERalpha,positive
23160059,ERalpha,positive
16211417,ERalpha,positive
16211849,ERalpha,hard_negative
18506491,ERalpha,positive
60196375,ERalpha,positive
24944555,ERalpha,positive
60196379,ERalpha,positive
2734229,ERalpha,positive
12038941,ERalpha,hard_negative
5368491,ERalpha,hard_negative
14425,ERalpha,positive
9117,ERalpha,hard_negative
75628,ERalpha,hard_negative
22882,ERalpha,positive
71027,ERalpha,positive
84703,ERalpha,hard_negative
15412,ERalpha,hard_negative
387179,ERalpha,hard_negative
67589,ERalpha,positive
107882,ERalpha,hard_negative
68297,ERalpha,hard_negative
104677,ERalpha,positive
7296,ERalpha,hard_negative
27882,ERalpha,hard_negative
6528,ERalpha,hard_negative
7571,ERalpha,hard_negative
3014138,ERalpha,hard_negative
11309,ERalpha,hard_negative
69908,ERalpha,hard_negative
6724,ERalpha,hard_negative
74867,ERalpha,hard_negative
28308,ERalpha,hard_negative
82703,ERalpha,hard_negative
15529,ERalpha,positive
1539,ERalpha,hard_negative
5377323,ERalpha,hard_negative
34697,ERalpha,hard_negative
26176,ERalpha,hard_negative
10680,ERalpha,hard_negative
7381,ERalpha,hard_negative
2347,ERalpha,hard_negative
3220,ERalpha,hard_negative
10868,ERalpha,positive
14257,ERalpha,hard_negative
3286,ERalpha,hard_negative
9799979,ERalpha,positive
9831581,ERalpha,hard_negative
3086618,ERalpha,hard_negative
6918686,ERalpha,hard_negative
15981450,ERalpha,hard_negative
153939,ERalpha,hard_negative
11472813,ERalpha,hard_negative
9931156,ERalpha,hard_negative
10233356,ERalpha,positive
9882837,ERalpha,positive
60196403,ERalpha,hard_negative
9849616,ERalpha,positive
9895468,ERalpha,positive
60196405,ERalpha,positive
53316382,ERalpha,hard_negative
60196406,ERalpha,positive
25099474,ERalpha,hard_negative
24809526,ERalpha,positive
61253,ERalpha,positive
67821,ERalpha,positive
2374,ERalpha,positive
93118,ERalpha,positive
16421,ERalpha,hard_negative
9935274,ERalpha,positive
18551400,ERalpha,hard_negative
9888347,ERalpha,hard_negative
53316393,ERalpha,hard_negative
9819350,ERalpha,hard_negative
53316398,ERalpha,positive
33599,ERalpha,hard_negative
23667548,ERalpha,hard_negative
2776282,ERalpha,positive
9555,ERalpha,positive
21387,ERalpha,hard_negative
833466,ERalpha,positive
11723708,ERalpha,positive
86296,ERalpha,hard_negative
24814,ERalpha,positive
104926,ERalpha,hard_negative
8433,ERalpha,hard_negative
9554,ERalpha,positive
13905,ERalpha,hard_negative
91753,ERalpha,hard_negative
91768,ERalpha,hard_negative
107720,ERalpha,positive
12932,ERalpha,positive
14994,ERalpha,positive
38779,ERalpha,positive
13940,ERalpha,hard_negative
10342051,ERalpha,hard_negative
22833503,ERalpha,positive
11048796,ERalpha,positive
107080,ERalpha,hard_negative
5372405,ERalpha,hard_negative
6436605,ERalpha,positive
5803450,ERalpha,hard_negative
249494,ERalpha,hard_negative
122087,ERalpha,positive
54778,ERalpha,hard_negative
14145,ERalpha,positive
29216,ERalpha,hard_negative
5284341,ERalpha,hard_negative
7693,ERalpha,positive
86222,ERalpha,hard_negative
7828,ERalpha,hard_negative
213031,ERalpha,positive
9578570,ERalpha,positive
86398,ERalpha,positive
3794540,ERalpha,hard_negative
86429,ERalpha,hard_negative
50367,ERalpha,positive
91754,ERalpha,positive
93379,ERalpha,positive
33360,ERalpha,hard_negative
22833489,ERalpha,positive
213032,ERalpha,positive
11826859,ERalpha,hard_negative
5355863,ERalpha,hard_negative
7328,ERalpha,hard_negative
47938,ERalpha,positive
19587,ERalpha,hard_negative
86132,ERalpha,hard_negative
8010,ERalpha,hard_negative
51605,ERalpha,positive
36870,ERalpha,hard_negative
11437710,ERalpha,hard_negative
87323,ERalpha,positive
91683,ERalpha,hard_negative
54678504,ERalpha,hard_negative
53672,ERalpha,hard_negative
91692,ERalpha,positive
66573,ERalpha,hard_negative
91693,ERalpha,positive
4778,ERalpha,positive
6636,ERalpha,hard_negative
11488,ERalpha,hard_negative
15530,ERalpha,positive
21330,ERalpha,hard_negative
118703,ERalpha,hard_negative
91664,ERalpha,hard_negative
27295,ERalpha,hard_negative
37125,ERalpha,hard_negative
87391,ERalpha,hard_negative
94932,ERalpha,hard_negative
66609,ERalpha,hard_negative
38884,ERalpha,hard_negative
60196420,ERalpha,hard_negative
1474,ERalpha,hard_negative
85821,ERalpha,positive
81346,ERalpha,hard_negative
75444,ERalpha,positive
94684,ERalpha,hard_negative
16143,ERalpha,hard_negative
51369,ERalpha,hard_negative
40520,ERalpha,positive
17435,ERalpha,hard_negative
19402,ERalpha,positive
91673,ERalpha,hard_negative
5387121,ERalpha,hard_negative
77956,ERalpha,hard_negative
6669,ERalpha,hard_negative
94544,ERalpha,hard_negative
67236,ERalpha,hard_negative
92387,ERalpha,hard_negative
6621,ERalpha,hard_negative
32912,ERalpha,positive
116814,ERalpha,hard_negative
86171,ERalpha,hard_negative
74937,ERalpha,hard_negative
5284462,ERalpha,positive
74448,ERalpha,hard_negative
61285,ERalpha,hard_negative
68539,ERalpha,positive
60196427,ERalpha,hard_negative
5364932,ERalpha,hard_negative
1730,ERalpha,hard_negative
23678979,ERalpha,positive
3033832,ERalpha,positive
42745,ERalpha,hard_negative
9690,ERalpha,hard_negative
19113,ERalpha,hard_negative
16115,ERalpha,positive
30709,ERalpha,hard_negative
22094,ERalpha,positive
38283,ERalpha,hard_negative
92873,ERalpha,positive
69827,ERalpha,hard_negative
31315,ERalpha,positive
67350,ERalpha,hard_negative
19079,ERalpha,hard_negative
3086172,ERalpha,hard_negative
36382,ERalpha,positive
2603,ERalpha,positive
14249,ERalpha,positive
23668353,ERalpha,positive
67215,ERalpha,hard_negative
26030,ERalpha,positive
7337,ERalpha,positive
93573,ERalpha,hard_negative
4534,ERalpha,positive
13254,ERalpha,hard_negative
77328,ERalpha,positive
53249535,ERalpha,positive
13783,ERalpha,positive
6857648,ERalpha,positive
11774,ERalpha,hard_negative
12797557,ERalpha,hard_negative
91677,ERalpha,hard_negative
33565,ERalpha,hard_negative
86210,ERalpha,positive
24321,ERalpha,hard_negative
9562059,ERalpha,positive
24180685,ERalpha,positive
6025,ERalpha,positive
9969573,ERalpha,hard_negative
41632,ERalpha,hard_negative
16682953,ERalpha,positive
121639,ERalpha,hard_negative
76464,ERalpha,hard_negative
10140,ERalpha,hard_negative
71612,ERalpha,positive
8380,ERalpha,hard_negative
4420067,ERalpha,positive
61031,ERalpha,positive
85025,ERalpha,positive
114994,ERalpha,hard_negative
9571016,ERalpha,positive
657220,ERalpha,positive
5281875,ERalpha,positive
70400,ERalpha,hard_negative
14716,ERalpha,hard_negative
60196435,ERalpha,positive
60196436,ERalpha,hard_negative
10068207,ERalpha,positive
9850056,ERalpha,hard_negative
16682834,ERalpha,positive
10345790,ERalpha,positive
65552,ERalpha,positive
25015677,ERalpha,positive
83656,ERalpha,positive
31100,ERalpha,positive
1549520,ERalpha,positive
23670838,ERalpha,positive
8765,ERalpha,hard_negative
15730,ERalpha,hard_negative
969491,ERalpha,hard_negative
7812,ERalpha,positive
7475,ERalpha,positive
17818,ERalpha,hard_negative
4984721,ERalpha,hard_negative
22704,ERalpha,hard_negative
213013,ERalpha,hard_negative
6436449,ERalpha,hard_negative
13709,ERalpha,hard_negative
11442,ERalpha,positive
4115,ERalpha,positive
41368,ERalpha,hard_negative
31070,ERalpha,hard_negative
74483,ERalpha,positive
47898,ERalpha,hard_negative
9403,AR,positive
16043,AR,positive
7048801,AR,hard_negative
66435,AR,positive
439501,AR,positive
5920,AR,hard_negative
2333,AR,hard_negative
443939,AR,positive
65758,AR,hard_negative
71203,AR,hard_negative
2170,AR,hard_negative
5283389,AR,hard_negative
1967,AR,positive
4768,AR,hard_negative
4211,AR,hard_negative
2554,AR,positive
2812,AR,positive
135398737,AR,hard_negative
2801,AR,hard_negative
3396,AR,hard_negative
3339,AR,hard_negative
3397,AR,positive
3333,AR,hard_negative
5280961,AR,positive
785,AR,hard_negative
54459,AR,positive
3957,AR,hard_negative
4122,AR,positive
4184,AR,hard_negative
51082,AR,positive
4011,AR,hard_negative
4507,AR,positive
4497,AR,positive
4488,AR,hard_negative
4477,AR,hard_negative
71398,AR,positive
4474,AR,hard_negative
4485,AR,hard_negative
4493,AR,positive
4615,AR,positive
4932,AR,hard_negative
61100,AR,hard_negative
5074,AR,hard_negative
5070,AR,positive
445154,AR,positive
37542,AR,hard_negative
5265,AR,hard_negative
24871267,AR,hard_negative
3117,AR,positive
62935,AR,hard_negative
5452,AR,hard_negative
2998,AR,hard_negative
71399,AR,hard_negative
5803,AR,positive
5857,AR,positive
3440,AR,positive
9552079,AR,positive
6708701,AR,positive
5995,AR,positive
4993,AR,positive
3278,AR,positive
6047,AR,positive
4044,AR,hard_negative
5333,AR,hard_negative
54682468,AR,positive
6166,AR,positive
54676038,AR,hard_negative
6231,AR,positive
5340,AR,hard_negative
6741,AR,positive
192197,AR,hard_negative
667476,AR,positive
6769,AR,positive
3293,AR,hard_negative
2337,AR,hard_negative
2482,AR,positive
7184,AR,positive
3735,AR,hard_negative
7638,AR,positive
5344,AR,positive
4641,AR,positive
2788,AR,hard_negative
8569,AR,hard_negative
4632,AR,hard_negative
9051,AR,positive
224246,AR,positive
9878,AR,positive
34458,AR,hard_negative
3371,AR,hard_negative
10830,AR,hard_negative
11289,AR,hard_negative
11683,AR,positive
2391,AR,hard_negative
9570076,AR,hard_negative
14709,AR,positive
236702,AR,positive
92044441,AR,hard_negative
64722,AR,hard_negative
16490,AR,positive
443935,AR,positive
5510,AR,hard_negative
2466,AR,positive
247839,AR,positive
3634,AR,positive
610479,AR,hard_negative
3242,AR,positive
5420805,AR,positive
108013,AR,positive
35375,AR,hard_negative
4030,AR,positive
36462,AR,positive
5282493,AR,positive
4409,AR,hard_negative
443955,AR,positive
3334,AR,positive
5281004,AR,positive
5472,AR,hard_negative
2082,AR,positive
43231,AR,positive
2247,AR,hard_negative
4594,AR,hard_negative
6714002,AR,positive
3784,AR,hard_negative
54454,AR,positive
2769,AR,hard_negative
441336,AR,positive
57363,AR,positive
636374,AR,positive
8813,AR,positive
5284452,AR,hard_negative
5018304,AR,positive
23667299,AR,positive
38911,AR,positive
60196270,AR,hard_negative
23671691,AR,positive
10114,AR,hard_negative
444795,AR,hard_negative
1548943,AR,hard_negative
6758,AR,hard_negative
10531,AR,positive
3728,AR,hard_negative
2153,AR,hard_negative
3969,AR,hard_negative
8691,AR,positive
4764,AR,positive
4622,AR,positive
71651,AR,hard_negative
5327,AR,hard_negative
3295,AR,positive
2378,AR,positive
5282494,AR,positive
440707,AR,positive
222757,AR,positive
6215,AR,positive
73896879,AR,positive
10607,AR,positive
71414,AR,positive
5952,AR,positive
16574,AR,hard_negative
5753,AR,positive
9324,AR,positive
5754,AR,positive
104845,AR,positive
53232,AR,positive
5311067,AR,positive
6128,AR,positive
30323,AR,positive
31101,AR,positive
68186,AR,hard_negative
2733525,AR,hard_negative
104741,AR,positive
126941,AR,hard_negative
45073437,AR,hard_negative
6167,AR,positive
45356872,AR,hard_negative
55245,AR,positive
6005,AR,hard_negative
4235,AR,positive
2999413,AR,positive
68872,AR,positive
69588,AR,hard_negative
62960,AR,positive
6129,AR,hard_negative
448537,AR,positive
5288209,AR,positive
460612,AR,positive
136276712,AR,positive
5865,AR,positive
76973791,AR,positive
2724385,AR,positive
9444,AR,hard_negative
5794,AR,hard_negative
338733,AR,hard_negative
7175,AR,hard_negative
3039,AR,positive
5590,AR,hard_negative
10635,AR,positive
10204,AR,positive
8816,AR,positive
9880,AR,positive
16682730,AR,positive
31553,AR,hard_negative
3036,AR,positive
11057,AR,positive
441140,AR,positive
667493,AR,positive
7108,AR,hard_negative
17142,AR,positive
1483,AR,hard_negative
3598,AR,hard_negative
3610,AR,hard_negative
5770,AR,positive
3037,AR,hard_negative
1732,AR,hard_negative
12358480,AR,hard_negative
14710,AR,positive
5281034,AR,positive
6597,AR,hard_negative
2662,AR,hard_negative
60934,AR,positive
637511,AR,positive
8425,AR,hard_negative
5991,AR,positive
5757,AR,positive
5284416,AR,positive
22571,AR,positive
3346,AR,hard_negative
7573,AR,hard_negative
5935,AR,hard_negative
61444,AR,positive
26041,AR,positive
9787,AR,positive
6291,AR,positive
6253,AR,positive
148673,AR,positive
5881,AR,positive
6238,AR,positive
636362,AR,positive
28767,AR,hard_negative
6433339,AR,positive
57333099,AR,hard_negative
54685925,AR,positive
11957654,AR,hard_negative
56801,AR,hard_negative
5329098,AR,hard_negative
73093,AR,positive
11957725,AR,hard_negative
2871,AR,positive
3120,AR,hard_negative
727,AR,hard_negative
6434889,AR,positive
3352,AR,hard_negative
13791,AR,positive
6279,AR,positive
6230,AR,positive
5755,AR,positive
5834,AR,positive
136122621,AR,positive
16684434,AR,positive
31307,AR,positive
60196278,AR,positive
9818306,AR,positive
5702220,AR,hard_negative
2799,AR,hard_negative
5284557,AR,positive
161803,AR,hard_negative
26133,AR,positive
3316,AR,positive
32798,AR,positive
5284537,AR,positive
5284623,AR,positive
16129778,AR,positive
123608,AR,hard_negative
51040,AR,hard_negative
3034010,AR,hard_negative
119607,AR,positive
5362123,AR,positive
150311,AR,hard_negative
13789,AR,positive
3002190,AR,positive
442872,AR,positive
60699,AR,positive
74990,AR,positive
179336,AR,positive
6975516,AR,positive
5746,AR,hard_negative
5388983,AR,positive
60198,AR,positive
5318517,AR,positive
60496,AR,positive
8609,AR,hard_negative
222786,AR,positive
64715,AR,positive
73357,AR,positive
454937,AR,positive
63047,AR,positive
16757820,AR,hard_negative
4616,AR,hard_negative
5283711,AR,hard_negative
64139,AR,hard_negative
23663400,AR,positive
443831,AR,positive
13109,AR,positive
11876263,AR,positive
8633,AR,hard_negative
11313,AR,positive
60962,AR,hard_negative
6518,AR,positive
40326,AR,hard_negative
23706212,AR,positive
9677,AR,positive
6300,AR,positive
5564,AR,hard_negative
7347,AR,positive
441207,AR,positive
123631,AR,hard_negative
123596,AR,hard_negative
2118,AR,positive
5876,AR,positive
235905,AR,positive
7232,AR,positive
5877,AR,positive
135398739,AR,hard_negative
14720269,AR,hard_negative
65909,AR,positive
443375,AR,positive
443872,AR,positive
68827,AR,hard_negative
135430323,AR,hard_negative
56463,AR,positive
11350,AR,hard_negative
65776,AR,hard_negative
5282198,AR,hard_negative
68909,AR,hard_negative
6063342,AR,hard_negative
6075,AR,hard_negative
72157,AR,positive
68947,AR,positive
155143,AR,positive
60605,AR,positive
10476437,AR,positive
250948,AR,positive
9454,AR,hard_negative
71693,AR,hard_negative
6719,AR,hard_negative
65620,AR,hard_negative
71645,AR,hard_negative
5355130,AR,hard_negative
17931,AR,positive
17693,AR,positive
135400471,AR,hard_negative
165457,AR,positive
6506392,AR,positive
5283740,AR,positive
12895035,AR,hard_negative
23716429,AR,hard_negative
56846451,AR,positive
46861540,AR,positive
457193,AR,positive
138394061,AR,positive
8955,AR,positive
5284513,AR,hard_negative
6321253,AR,positive
107715,AR,positive
443884,AR,positive
6321424,AR,hard_negative
31402,AR,positive
6505803,AR,positive
445643,AR,positive
16760569,AR,positive
12922658,AR,positive
20054868,AR,positive
5978,AR,positive
5377791,AR,hard_negative
5392,AR,hard_negative
91744,AR,positive
7547,AR,hard_negative
23673837,AR,positive
7180,AR,hard_negative
15797,AR,hard_negative
5974,AR,positive
5819,AR,hard_negative
36314,AR,positive
11273,AR,positive
28417,AR,positive
9782,AR,positive
20469,AR,positive
5591,AR,hard_negative
1550232,AR,positive
3109,AR,positive
11104,AR,hard_negative
65784,AR,positive
11033,AR,positive
122125,AR,hard_negative
71339,AR,positive
119182,AR,positive
3033825,AR,positive
5282451,AR,positive
104850,AR,positive
259331,AR,positive
35455,AR,positive
56649463,AR,positive
4006,AR,hard_negative
68873,AR,positive
444025,AR,positive
65664,AR,positive
3936,AR,positive
50248,AR,positive
3033968,AR,positive
65947,AR,positive
60164,AR,hard_negative
23663992,AR,positive
6456015,AR,hard_negative
444008,AR,positive
4499,AR,positive
14888,AR,positive
454216,AR,positive
2898,AR,hard_negative
6536,AR,hard_negative
60196293,AR,hard_negative
16051941,AR,positive
220401,AR,positive
451668,AR,hard_negative
5756,AR,positive
31280,AR,positive
14250,AR,positive
9270,AR,positive
9046,AR,positive
37907,AR,hard_negative
4807,AR,positive
9370,AR,hard_negative
17113,AR,hard_negative
243274,AR,positive
16682999,AR,positive
5709759,AR,positive
446925,AR,positive
157355,AR,positive
6536972,AR,hard_negative
33611,AR,hard_negative
21881620,AR,hard_negative
136122663,AR,positive
441351,AR,positive
65948,AR,positive
66359,AR,positive
5362376,AR,positive
40973,AR,positive
656583,AR,positive
6918178,AR,positive
27812,AR,positive
441406,AR,positive
2194,AR,positive
2541,AR,hard_negative
5282164,AR,positive
153751,AR,positive
6918155,AR,hard_negative
2375,AR,positive
157917,AR,positive
150762,AR,positive
10634,AR,positive
6099,AR,hard_negative
56704,AR,positive
5282375,AR,positive
168088,AR,positive
13765,AR,positive
93858,AR,positive
23672582,AR,positive
23663985,AR,positive
60196297,AR,positive
48229,AR,hard_negative
60785,AR,hard_negative
6432394,AR,positive
248271,AR,positive
11296583,AR,positive
5311,AR,hard_negative
3345,AR,positive
4890,AR,positive
75194,AR,hard_negative
83975,AR,positive
443936,AR,positive
387447,AR,positive
6917715,AR,positive
60749,AR,positive
8550,AR,positive
9568628,AR,positive
5283718,AR,positive
82146,AR,hard_negative
10126299,AR,positive
111332,AR,positive
231084,AR,positive
5280899,AR,positive
5365672,AR,hard_negative
71386,AR,positive
31378,AR,positive
33309,AR,positive
108143,AR,hard_negative
3062316,AR,positive
448013,AR,positive
5284610,AR,positive
68952,AR,positive
6999,AR,positive
108150,AR,positive
14708,AR,positive
148124,AR,positive
135449328,AR,positive
23672302,AR,positive
644280,AR,hard_negative
151194,AR,hard_negative
1013376,AR,positive
6540478,AR,positive
46781343,AR,positive
92942,AR,hard_negative
13493,AR,hard_negative
119057604,AR,hard_negative
91864482,AR,hard_negative
65494,AR,positive
15984075,AR,hard_negative
5281091,AR,hard_negative
50878597,AR,positive
214348,AR,positive
91670,AR,positive
636398,AR,positive
3003141,AR,positive
9833444,AR,hard_negative
60751,AR,positive
4659569,AR,hard_negative
9938056,AR,positive
5281104,AR,hard_negative
5284533,AR,positive
444021,AR,positive
443868,AR,hard_negative
154256,AR,hard_negative
229295,AR,positive
71470,AR,positive
21070,AR,positive
259329,AR,positive
5284483,AR,hard_negative
5833,AR,positive
44460585,AR,positive
3016,AR,positive
5702068,AR,positive
5507,AR,positive
11556711,AR,positive
8293,AR,positive
148192,AR,positive
50491,AR,positive
16760141,AR,positive
12449,AR,positive
8111,AR,positive
1548955,AR,hard_negative
8225,AR,positive
14743,AR,positive
11065,AR,hard_negative
60196346,AR,positive
443928,AR,positive
5994,AR,positive
6446,AR,positive
6010,AR,positive
9904,AR,positive
21700,AR,positive
10113978,AR,positive
16052038,AR,positive
10212,AR,hard_negative
16961,AR,positive
122797,AR,positive
213037,AR,hard_negative
3034658,AR,positive
403,AR,positive
68547,AR,hard_negative
216237,AR,positive
10455790,AR,positive
9568078,AR,hard_negative
60810,AR,hard_negative
65953,AR,positive
443947,AR,positive
119175,AR,positive
34870,AR,hard_negative
26391,AR,hard_negative
66067,AR,positive
208836,AR,hard_negative
229455,AR,positive
21800,AR,positive
10041070,AR,positive
9570290,AR,hard_negative
13081,AR,hard_negative
156414,AR,positive
6918454,AR,hard_negative
176167,AR,hard_negative
5832,AR,positive
444000,AR,positive
6526396,AR,positive
5311051,AR,positive
156422,AR,hard_negative
10631,AR,positive
92146,AR,positive
656804,AR,positive
643684,AR,hard_negative
9298,AR,hard_negative
119171,AR,positive
65359,AR,positive
10633,AR,positive
443753,AR,positive
40854,AR,positive
19571,AR,positive
697993,AR,hard_negative
996,AR,hard_negative
5745,AR,positive
2543,AR,positive
6301,AR,positive
16158,AR,positive
23694214,AR,positive
169870,AR,positive
55008,AR,hard_negative
23680530,AR,positive
2969,AR,positive
6054,AR,positive
60196359,AR,positive
5870,AR,positive
63049,AR,positive
2912,AR,hard_negative
6197,AR,hard_negative
54897,AR,hard_negative
135413536,AR,hard_negative
6450551,AR,hard_negative
656667,AR,positive
2451,AR,positive
60196366,AR,positive
5284587,AR,positive
11626384,AR,hard_negative
468595,AR,hard_negative
5311454,AR,hard_negative
43116,AR,positive
75195,AR,positive
130313,AR,positive
21660,AR,positive
6537495,AR,positive
12443,AR,positive
6818,AR,positive
21694,AR,hard_negative
7595,AR,hard_negative
8247,AR,hard_negative
15752,AR,positive
3894848,AR,hard_negative
64961,AR,hard_negative
29872,AR,hard_negative
6633,AR,positive
5842000,AR,hard_negative
5282379,AR,hard_negative
5281873,AR,positive
16682740,AR,positive
5743,AR,positive
7321,AR,hard_negative
5364713,AR,positive
36159,AR,hard_negative
115157,AR,positive
40301,AR,hard_negative
7472,AR,hard_negative
627458,AR,hard_negative
1910825,AR,positive
7062,AR,hard_negative
10474,AR,positive
50516,AR,hard_negative
115089,AR,positive
15206,AR,hard_negative
24937,AR,hard_negative
22086,AR,hard_negative
26633,AR,positive
27582,AR,hard_negative
15588,AR,positive
7546,AR,positive
6440940,AR,hard_negative
6439929,AR,positive
95170,AR,hard_negative
11080,AR,positive
11356,AR,hard_negative
6319,AR,hard_negative
6828,AR,positive
7102,AR,hard_negative
7441,AR,positive
8442,AR,hard_negative
3068143,AR,hard_negative
1091,AR,hard_negative
7568,AR,positive
8155,AR,positive
33934,AR,positive
7112,AR,positive
77080,AR,positive
62130,AR,hard_negative
20240,AR,hard_negative
13297,AR,hard_negative
197873,AR,positive
67299,AR,hard_negative
25015,AR,positive
14138,AR,hard_negative
83050,AR,hard_negative
8570,AR,hard_negative
87250,AR,positive
17569,AR,hard_negative
586708,AR,hard_negative
69150,AR,hard_negative
23019,AR,hard_negative
53316406,AR,positive
84677,AR,positive
17321,AR,hard_negative
3015167,AR,positive
22678982,AR,positive
12040509,AR,hard_negative
11461044,AR,hard_negative
22239085,AR,hard_negative
2734227,AR,positive
10250129,AR,positive
2734231,AR,positive
6929,AR,hard_negative
7543,AR,hard_negative
22833294,AR,hard_negative
67349,AR,hard_negative
7258,AR,hard_negative
6013,AR,positive
2336,AR,positive
8407,AR,hard_negative
7495,AR,positive
7331,AR,hard_negative
6053,AR,hard_negative
5284459,AR,positive
22463,AR,hard_negative
93221,AR,hard_negative
6979,AR,hard_negative
10824,AR,hard_negative
5897,AR,hard_negative
16420,AR,hard_negative
20701,AR,positive
73773,AR,positive
13428,AR,positive
98613,AR,hard_negative
5281567,AR,hard_negative
17231,AR,hard_negative
5930,AR,hard_negative
14642,AR,positive
11571,AR,hard_negative
7015,AR,hard_negative
18728,AR,hard_negative
17570,AR,positive
7578,AR,positive
20167,AR,hard_negative
2723951,AR,hard_negative
11247,AR,hard_negative
7563,AR,hard_negative
8180,AR,positive
69317,AR,hard_negative
6787,AR,positive
113124,AR,hard_negative
86583,AR,hard_negative
34757,AR,hard_negative
19996,AR,positive
33133,AR,hard_negative
38764,AR,hard_negative
637930,AR,positive
5281576,AR,positive
73668,AR,hard_negative
62770,AR,positive
5280863,AR,positive
70038,AR,hard_negative
62969,AR,hard_negative
320930,AR,hard_negative
6389,AR,positive
91649,AR,positive
53665,AR,positive
68289,AR,positive
13514,AR,hard_negative
65114,AR,hard_negative
1752,AR,hard_negative
2733526,AR,hard_negative
12955,AR,positive
3035,AR,hard_negative
68570,AR,positive
6635,AR,positive
9502,AR,positive
8572,AR,hard_negative
8413,AR,hard_negative
6294,AR,positive
11742,AR,hard_negative
62276,AR,positive
13,AR,hard_negative
8805,AR,positive
25644,AR,positive
6732,AR,positive
2724189,AR,hard_negative
6537,AR,positive
4169,AR,positive
8846,AR,positive
6672,AR,hard_negative
7567,AR,hard_negative
18529,AR,hard_negative
7592,AR,positive
32154,AR,positive
40585,AR,hard_negative
7946,AR,positive
39327,AR,positive
40399,AR,positive
73665,AR,hard_negative
65064,AR,positive
43234,AR,hard_negative
26295,AR,hard_negative
73675,AR,hard_negative
2734956,AR,hard_negative
41206,AR,hard_negative
8289,AR,positive
16560,AR,positive
8561,AR,hard_negative
67172,AR,hard_negative
47326,AR,positive
5280443,AR,positive
6529,AR,hard_negative
7327,AR,hard_negative
73672,AR,positive
7076,AR,hard_negative
10707,AR,positive
5284441,AR,hard_negative
13806,AR,positive
9275,AR,positive
20083,AR,hard_negative
5284363,AR,hard_negative
43226,AR,hard_negative
6295,AR,positive
4420,AR,positive
78170,AR,hard_negative
12688,AR,positive
6702,AR,hard_negative
21209,AR,hard_negative
6854,AR,hard_negative
17038,AR,positive
9128,AR,positive
4931,AR,positive
76302,AR,positive
10522,AR,hard_negative
5934,AR,hard_negative
11831,AR,hard_negative
6796,AR,hard_negative
4933,AR,positive
50896,AR,positive
31356,AR,positive
6001,AR,hard_negative
27189,AR,positive
9154,AR,hard_negative
5361514,AR,positive
44073,AR,positive
162461,AR,positive
2728,AR,hard_negative
29732,AR,hard_negative
6950,AR,hard_negative
62558,AR,positive
8663,AR,hard_negative
8679,AR,hard_negative
5283349,AR,hard_negative
38479,AR,hard_negative
11933,AR,positive
3485262,AR,positive
3589,AR,hard_negative
36242,AR,positive
6336,AR,hard_negative
32933,AR,positive
6028,AR,hard_negative
5125,AR,hard_negative
75576,AR,hard_negative
6,AR,positive
2268,AR,hard_negative
86607,AR,hard_negative
7516,AR,positive
8607,AR,hard_negative
638024,AR,hard_negative
1318,AR,positive
18725,AR,positive
991,AR,hard_negative
19042,AR,positive
26124,AR,positive
643820,AR,hard_negative
6914,AR,hard_negative
5954,AR,hard_negative
12310947,AR,hard_negative
7013,AR,hard_negative
158076,AR,hard_negative
82343,AR,hard_negative
8152,AR,positive
7005,AR,hard_negative
14050,AR,positive
81259,AR,positive
8749,AR,positive
5053,AR,positive
7813,AR,hard_negative
7564,AR,positive
3893,AR,positive
62311,AR,positive
11883,AR,hard_negative
39676,AR,positive
43079,AR,positive
26177,AR,positive
8455,AR,hard_negative
27423,AR,positive
31374,AR,hard_negative
8615,AR,hard_negative
108938,AR,positive
2078,AR,positive
8369,AR,hard_negative
62306,AR,positive
7103,AR,hard_negative
7070,AR,positive
36606,AR,hard_negative
24633,AR,positive
6868,AR,positive
13089,AR,hard_negative
38037,AR,hard_negative
8689,AR,positive
7340,AR,positive
6014,AR,hard_negative
14127,AR,positive
6478,AR,positive
8571,AR,positive
4793,AR,hard_negative
13271,AR,hard_negative
4130,AR,hard_negative
5280343,AR,hard_negative
73852,AR,positive
86102,AR,positive
41384,AR,positive
17170,AR,hard_negative
7430,AR,hard_negative
10377,AR,positive
107377,AR,hard_negative
2355,AR,hard_negative
34192,AR,hard_negative
3224,AR,hard_negative
13283,AR,positive
12902,AR,hard_negative
12472902,AR,positive
9153,AR,positive
2730,AR,hard_negative
16685,AR,hard_negative
8305,AR,positive
7031,AR,positive
9395,AR,positive
15787,AR,hard_negative
8411,AR,hard_negative
980,AR,positive
1988,AR,positive
3225,AR,positive
76013,AR,positive
7807,AR,hard_negative
6040503,AR,positive
37034,AR,hard_negative
5362708,AR,positive
31426,AR,positive
10771,AR,positive
10208,AR,hard_negative
19283,AR,positive
6450278,AR,positive
28803,AR,positive
78738,AR,hard_negative
73415808,AR,positive
1674,AR,hard_negative
24007,AR,hard_negative
23892,AR,hard_negative
16682804,AR,positive
5702746,AR,hard_negative
16217238,AR,positive
46226173,AR,positive
23160059,AR,positive
16211417,AR,positive
16211849,AR,hard_negative
18506491,AR,positive
60196375,AR,positive
60196379,AR,positive
2734229,AR,positive
12038941,AR,positive
5368491,AR,hard_negative
14425,AR,positive
9117,AR,positive
75628,AR,positive
22882,AR,hard_negative
13530,AR,positive
71027,AR,positive
84703,AR,positive
15412,AR,hard_negative
387179,AR,hard_negative
67589,AR,hard_negative
107882,AR,hard_negative
10308,AR,hard_negative
68297,AR,positive
104677,AR,hard_negative
4788,AR,positive
7296,AR,hard_negative
27882,AR,hard_negative
6528,AR,hard_negative
7571,AR,hard_negative
16719,AR,hard_negative
17279,AR,positive
3014138,AR,hard_negative
95717,AR,positive
11309,AR,hard_negative
44368,AR,positive
69908,AR,hard_negative
6724,AR,hard_negative
74867,AR,positive
74062,AR,hard_negative
28308,AR,hard_negative
82703,AR,positive
73848,AR,hard_negative
15529,AR,hard_negative
14589,AR,hard_negative
5377323,AR,hard_negative
70425,AR,hard_negative
34697,AR,hard_negative
26176,AR,hard_negative
10680,AR,positive
7381,AR,positive
2347,AR,hard_negative
3220,AR,hard_negative
10868,AR,hard_negative
14257,AR,hard_negative
19658,AR,positive
3286,AR,hard_negative
23674746,AR,positive
6451325,AR,positive
9799979,AR,positive
9831581,AR,positive
3086618,AR,hard_negative
6918686,AR,positive
18173271,AR,positive
15981450,AR,hard_negative
153939,AR,positive
11472813,AR,positive
9931156,AR,positive
10233356,AR,hard_negative
9865233,AR,positive
9882837,AR,hard_negative
60196403,AR,hard_negative
9909677,AR,positive
9869105,AR,positive
9849616,AR,positive
9895468,AR,positive
60196405,AR,positive
53316382,AR,positive
9872438,AR,positive
60196406,AR,positive
24852044,AR,positive
10201497,AR,positive
12148754,AR,hard_negative
25099474,AR,hard_negative
61253,AR,positive
67821,AR,hard_negative
2374,AR,hard_negative
93118,AR,positive
27195,AR,positive
16421,AR,hard_negative
10021362,AR,hard_negative
9935274,AR,hard_negative
18551400,AR,hard_negative
9861124,AR,hard_negative
9888347,AR,positive
53316393,AR,hard_negative
9885850,AR,positive
9819350,AR,hard_negative
10134976,AR,hard_negative
53316398,AR,hard_negative
11477651,AR,positive
6252,AR,positive
33599,AR,positive
23667548,AR,hard_negative
2776282,AR,positive
9555,AR,hard_negative
21387,AR,hard_negative
1345,AR,positive
96088,AR,hard_negative
833466,AR,positive
86296,AR,positive
24814,AR,hard_negative
9839306,AR,positive
104926,AR,hard_negative
65067,AR,positive
7551,AR,positive
66461,AR,hard_negative
91773,AR,positive
8433,AR,positive
9554,AR,hard_negative
13905,AR,positive
91753,AR,hard_negative
91768,AR,hard_negative
107720,AR,positive
92431,AR,positive
17533,AR,hard_negative
12932,AR,hard_negative
38779,AR,positive
6327657,AR,positive
11402127,AR,positive
2126,AR,positive
13940,AR,hard_negative
10342051,AR,hard_negative
8227,AR,positive
25912,AR,positive
25146,AR,hard_negative
86138,AR,hard_negative
107080,AR,hard_negative
3391107,AR,positive
5372405,AR,hard_negative
7511,AR,positive
39385,AR,hard_negative
6436605,AR,hard_negative
9576412,AR,hard_negative
31200,AR,positive
20708,AR,positive
28935,AR,hard_negative
5889665,AR,hard_negative
5803450,AR,hard_negative
249494,AR,hard_negative
6778,AR,positive
70613,AR,positive
31677,AR,positive
122087,AR,positive
86367,AR,hard_negative
86287521,AR,hard_negative
3317081,AR,hard_negative
54778,AR,hard_negative
29216,AR,hard_negative
5284341,AR,hard_negative
7693,AR,hard_negative
86222,AR,positive
180089,AR,positive
82145,AR,positive
7828,AR,hard_negative
213031,AR,positive
86398,AR,hard_negative
13218777,AR,hard_negative
3794540,AR,hard_negative
21804,AR,positive
30692,AR,positive
86429,AR,positive
50897,AR,positive
20965,AR,hard_negative
86173,AR,hard_negative
33360,AR,hard_negative
22833489,AR,hard_negative
213032,AR,hard_negative
11826859,AR,positive
91757,AR,hard_negative
5355863,AR,positive
7328,AR,hard_negative
47938,AR,hard_negative
19587,AR,hard_negative
86132,AR,hard_negative
8010,AR,positive
100524,AR,positive
51605,AR,hard_negative
36870,AR,hard_negative
11437710,AR,positive
62379,AR,positive
119193,AR,hard_negative
41463,AR,hard_negative
117640,AR,hard_negative
91683,AR,hard_negative
54678504,AR,positive
53672,AR,positive
91692,AR,positive
89440,AR,hard_negative
28768,AR,hard_negative
66573,AR,positive
4128060,AR,positive
2723715,AR,positive
31239,AR,positive
91693,AR,hard_negative
6636,AR,hard_negative
11488,AR,hard_negative
21330,AR,positive
34313,AR,hard_negative
15969,AR,positive
10303,AR,positive
118703,AR,hard_negative
91664,AR,hard_negative
27295,AR,positive
28292,AR,hard_negative
37125,AR,hard_negative
26033,AR,hard_negative
87391,AR,positive
94932,AR,hard_negative
66609,AR,hard_negative
17701,AR,positive
17531,AR,hard_negative
38884,AR,positive
60196420,AR,hard_negative
1474,AR,hard_negative
6730,AR,hard_negative
31957,AR,hard_negative
66571,AR,hard_negative
18980,AR,positive
79688,AR,hard_negative
85821,AR,hard_negative
81346,AR,hard_negative
79633,AR,hard_negative
94684,AR,hard_negative
16143,AR,hard_negative
51369,AR,hard_negative
40520,AR,hard_negative
17435,AR,hard_negative
19402,AR,hard_negative
91673,AR,positive
11140605,AR,positive
32184,AR,hard_negative
12309460,AR,hard_negative
54886,AR,positive
181518,AR,positive
5387121,AR,hard_negative
39230,AR,hard_negative
77956,AR,hard_negative
6669,AR,hard_negative
94544,AR,hard_negative
67236,AR,hard_negative
671,AR,hard_negative
92387,AR,hard_negative
6621,AR,hard_negative
78435,AR,hard_negative
32912,AR,hard_negative
6772,AR,hard_negative
116814,AR,hard_negative
93312,AR,positive
86171,AR,hard_negative
74937,AR,hard_negative
108956,AR,positive
170286,AR,positive
20113,AR,hard_negative
5284462,AR,hard_negative
27211,AR,hard_negative
42981,AR,positive
4373502,AR,hard_negative
74448,AR,hard_negative
103005,AR,hard_negative
61285,AR,hard_negative
68539,AR,hard_negative
60196427,AR,positive
5364932,AR,hard_negative
1730,AR,positive
23678979,AR,positive
42745,AR,hard_negative
23665583,AR,positive
9690,AR,hard_negative
19113,AR,positive
20848,AR,positive
16115,AR,positive
30709,AR,hard_negative
22094,AR,hard_negative
38283,AR,hard_negative
92873,AR,positive
69827,AR,positive
31315,AR,positive
67350,AR,hard_negative
3034351,AR,hard_negative
19079,AR,positive
82161,AR,positive
31208,AR,hard_negative
644213,AR,positive
16683023,AR,positive
3086172,AR,hard_negative
13708,AR,positive
36382,AR,positive
69484,AR,positive
23668353,AR,hard_negative
67215,AR,hard_negative
26030,AR,positive
7337,AR,hard_negative
93573,AR,hard_negative
7071,AR,hard_negative
4534,AR,positive
13254,AR,positive
449171,AR,hard_negative
16722125,AR,positive
6857648,AR,positive
11774,AR,positive
9786,AR,positive
12797557,AR,positive
91677,AR,positive
9300,AR,hard_negative
33565,AR,positive
86210,AR,hard_negative
9462,AR,hard_negative
16533,AR,positive
8187,AR,positive
299728,AR,positive
5281607,AR,hard_negative
24321,AR,hard_negative
9562059,AR,positive
24180685,AR,hard_negative
60196430,AR,positive
6603901,AR,hard_negative
60823,AR,positive
6025,AR,hard_negative
9969573,AR,positive
41632,AR,hard_negative
3444,AR,hard_negative
65478,AR,positive
16682953,AR,positive
86211,AR,positive
121639,AR,positive
23666110,AR,hard_negative
76464,AR,hard_negative
94398,AR,positive
10140,AR,hard_negative
62217,AR,hard_negative
71612,AR,hard_negative
75547,AR,hard_negative
8380,AR,positive
4420067,AR,hard_negative
61031,AR,positive
85025,AR,hard_negative
114994,AR,positive
9571016,AR,positive
657220,AR,hard_negative
11769,AR,positive
6777,AR,hard_negative
70400,AR,hard_negative
14716,AR,hard_negative
60196435,AR,positive
60196436,AR,positive
10068207,AR,hard_negative
59086459,AR,positive
9850056,AR,hard_negative
10345790,AR,hard_negative
6440554,AR,hard_negative
11193251,AR,positive
29354,AR,hard_negative
38360,AR,positive
65552,AR,hard_negative
180494,AR,positive
86287525,AR,hard_negative
25015677,AR,positive
15032,AR,hard_negative
83656,AR,hard_negative
31100,AR,positive
75575,AR,hard_negative
23670838,AR,hard_negative
135492483,AR,hard_negative
8765,AR,hard_negative
6625,AR,hard_negative
7243,AR,hard_negative
15730,AR,hard_negative
6051,AR,hard_negative
11767,AR,hard_negative
7812,AR,hard_negative
7475,AR,hard_negative
17818,AR,hard_negative
4984721,AR,hard_negative
171660,AR,positive
22704,AR,positive
213013,AR,hard_negative
6436449,AR,hard_negative
13709,AR,hard_negative
3712,AR,hard_negative
11818,AR,hard_negative
31423,AR,hard_negative
11442,AR,hard_negative
4115,AR,positive
41368,AR,hard_negative
29393,AR,positive
31070,AR,hard_negative
74483,AR,hard_negative
47898,AR,hard_negative
3034285,AR,hard_negative
17931,PPARgamma,hard_negative
119057604,PPARgamma,hard_negative
5282164,PPARgamma,hard_negative
9938056,PPARgamma,positive
8293,PPARgamma,hard_negative
216237,PPARgamma,hard_negative
9568078,PPARgamma,positive
34870,PPARgamma,hard_negative
208836,PPARgamma,hard_negative
5311454,PPARgamma,hard_negative
6818,PPARgamma,hard_negative
15752,PPARgamma,hard_negative
64961,PPARgamma,hard_negative
29872,PPARgamma,hard_negative
2247,PPARgamma,positive
61100,PPARgamma,hard_negative
6279,PPARgamma,hard_negative
22571,PPARgamma,hard_negative
115089,PPARgamma,hard_negative
15206,PPARgamma,hard_negative
22086,PPARgamma,hard_negative
637511,PPARgamma,hard_negative
4485,PPARgamma,hard_negative
95170,PPARgamma,hard_negative
11080,PPARgamma,hard_negative
11356,PPARgamma,hard_negative
2391,PPARgamma,hard_negative
6828,PPARgamma,hard_negative
7102,PPARgamma,hard_negative
8442,PPARgamma,positive
1091,PPARgamma,hard_negative
33934,PPARgamma,hard_negative
62130,PPARgamma,hard_negative
20240,PPARgamma,hard_negative
4594,PPARgamma,hard_negative
67299,PPARgamma,hard_negative
14138,PPARgamma,positive
87250,PPARgamma,hard_negative
69150,PPARgamma,hard_negative
53316406,PPARgamma,hard_negative
84677,PPARgamma,positive
11461044,PPARgamma,hard_negative
6929,PPARgamma,hard_negative
9958,PPARgamma,hard_negative
727,PPARgamma,hard_negative
4616,PPARgamma,positive
8407,PPARgamma,hard_negative
3378440,PPARgamma,positive
31553,PPARgamma,hard_negative
22463,PPARgamma,positive
5754,PPARgamma,hard_negative
5897,PPARgamma,hard_negative
16420,PPARgamma,hard_negative
6446,PPARgamma,hard_negative
20701,PPARgamma,hard_negative
17113,PPARgamma,hard_negative
98613,PPARgamma,positive
5281567,PPARgamma,hard_negative
13636,PPARgamma,positive
76973791,PPARgamma,positive
71645,PPARgamma,hard_negative
11571,PPARgamma,hard_negative
7329,PPARgamma,positive
37542,PPARgamma,hard_negative
18728,PPARgamma,hard_negative
17570,PPARgamma,positive
7578,PPARgamma,hard_negative
10635,PPARgamma,hard_negative
5288209,PPARgamma,positive
403,PPARgamma,hard_negative
8180,PPARgamma,hard_negative
113124,PPARgamma,hard_negative
15533,PPARgamma,positive
34757,PPARgamma,hard_negative
33133,PPARgamma,hard_negative
5281576,PPARgamma,hard_negative
5280863,PPARgamma,hard_negative
70038,PPARgamma,positive
6389,PPARgamma,hard_negative
91649,PPARgamma,hard_negative
79717,PPARgamma,positive
2733526,PPARgamma,hard_negative
6635,PPARgamma,hard_negative
1483,PPARgamma,positive
11065,PPARgamma,hard_negative
8572,PPARgamma,hard_negative
8413,PPARgamma,hard_negative
1732,PPARgamma,hard_negative
11742,PPARgamma,hard_negative
22584,PPARgamma,hard_negative
13,PPARgamma,hard_negative
6054,PPARgamma,hard_negative
5355130,PPARgamma,hard_negative
5333,PPARgamma,hard_negative
3293,PPARgamma,hard_negative
2724189,PPARgamma,hard_negative
6537,PPARgamma,hard_negative
5870,PPARgamma,hard_negative
4169,PPARgamma,positive
15797,PPARgamma,hard_negative
136122621,PPARgamma,hard_negative
8846,PPARgamma,hard_negative
6672,PPARgamma,hard_negative
7567,PPARgamma,hard_negative
7592,PPARgamma,hard_negative
32154,PPARgamma,hard_negative
15531,PPARgamma,positive
5280961,PPARgamma,positive
3037,PPARgamma,positive
7946,PPARgamma,hard_negative
3120,PPARgamma,hard_negative
39327,PPARgamma,hard_negative
40399,PPARgamma,hard_negative
8111,PPARgamma,hard_negative
43234,PPARgamma,hard_negative
53232,PPARgamma,hard_negative
73675,PPARgamma,hard_negative
3036,PPARgamma,hard_negative
41206,PPARgamma,hard_negative
8561,PPARgamma,hard_negative
67172,PPARgamma,hard_negative
47326,PPARgamma,hard_negative
5280443,PPARgamma,positive
6167,PPARgamma,hard_negative
7327,PPARgamma,hard_negative
7347,PPARgamma,hard_negative
5865,PPARgamma,hard_negative
7076,PPARgamma,hard_negative
10707,PPARgamma,positive
40326,PPARgamma,hard_negative
3346,PPARgamma,hard_negative
20083,PPARgamma,hard_negative
5284363,PPARgamma,positive
43226,PPARgamma,positive
6295,PPARgamma,hard_negative
996,PPARgamma,hard_negative
78170,PPARgamma,positive
6854,PPARgamma,hard_negative
9787,PPARgamma,positive
8813,PPARgamma,hard_negative
9128,PPARgamma,hard_negative
4931,PPARgamma,positive
76302,PPARgamma,positive
11831,PPARgamma,hard_negative
6796,PPARgamma,hard_negative
50896,PPARgamma,hard_negative
31356,PPARgamma,positive
27189,PPARgamma,hard_negative
5281004,PPARgamma,hard_negative
9154,PPARgamma,hard_negative
6129,PPARgamma,hard_negative
5361514,PPARgamma,hard_negative
162461,PPARgamma,hard_negative
667493,PPARgamma,hard_negative
6950,PPARgamma,hard_negative
8663,PPARgamma,hard_negative
38479,PPARgamma,hard_negative
6758,PPARgamma,positive
11933,PPARgamma,positive
6336,PPARgamma,hard_negative
32933,PPARgamma,hard_negative
6604200,PPARgamma,hard_negative
6028,PPARgamma,positive
75576,PPARgamma,hard_negative
6,PPARgamma,positive
2662,PPARgamma,hard_negative
2268,PPARgamma,positive
86607,PPARgamma,hard_negative
7516,PPARgamma,hard_negative
4632,PPARgamma,hard_negative
638024,PPARgamma,positive
1318,PPARgamma,positive
18725,PPARgamma,hard_negative
991,PPARgamma,hard_negative
26124,PPARgamma,hard_negative
643820,PPARgamma,hard_negative
6914,PPARgamma,positive
4936,PPARgamma,positive
5954,PPARgamma,hard_negative
7013,PPARgamma,positive
158076,PPARgamma,hard_negative
5280373,PPARgamma,hard_negative
8152,PPARgamma,hard_negative
992,PPARgamma,positive
7813,PPARgamma,hard_negative
3893,PPARgamma,hard_negative
62311,PPARgamma,positive
8691,PPARgamma,hard_negative
11883,PPARgamma,positive
39676,PPARgamma,hard_negative
43079,PPARgamma,hard_negative
3397,PPARgamma,hard_negative
31374,PPARgamma,hard_negative
108938,PPARgamma,hard_negative
60962,PPARgamma,positive
2969,PPARgamma,positive
3440,PPARgamma,hard_negative
8369,PPARgamma,hard_negative
62306,PPARgamma,positive
7103,PPARgamma,positive
5327,PPARgamma,hard_negative
7070,PPARgamma,hard_negative
36606,PPARgamma,hard_negative
441140,PPARgamma,positive
5340,PPARgamma,hard_negative
38037,PPARgamma,hard_negative
3610,PPARgamma,positive
5344,PPARgamma,hard_negative
2554,PPARgamma,hard_negative
4793,PPARgamma,hard_negative
5280343,PPARgamma,hard_negative
86102,PPARgamma,hard_negative
135398739,PPARgamma,hard_negative
7430,PPARgamma,hard_negative
10377,PPARgamma,positive
2355,PPARgamma,hard_negative
34192,PPARgamma,hard_negative
11289,PPARgamma,hard_negative
6597,PPARgamma,hard_negative
2153,PPARgamma,hard_negative
12472902,PPARgamma,hard_negative
448537,PPARgamma,positive
9395,PPARgamma,positive
15787,PPARgamma,hard_negative
8411,PPARgamma,hard_negative
980,PPARgamma,hard_negative
3225,PPARgamma,hard_negative
6040503,PPARgamma,positive
443939,PPARgamma,positive
10771,PPARgamma,positive
14710,PPARgamma,positive
460612,PPARgamma,hard_negative
5590,PPARgamma,hard_negative
5283711,PPARgamma,positive
78738,PPARgamma,positive
73415808,PPARgamma,hard_negative
24007,PPARgamma,hard_negative
104741,PPARgamma,hard_negative
2734225,PPARgamma,hard_negative
12038941,PPARgamma,hard_negative
75628,PPARgamma,positive
51040,PPARgamma,hard_negative
84703,PPARgamma,hard_negative
15412,PPARgamma,positive
107882,PPARgamma,positive
10308,PPARgamma,hard_negative
68297,PPARgamma,positive
13109,PPARgamma,hard_negative
7296,PPARgamma,positive
17279,PPARgamma,hard_negative
10607,PPARgamma,hard_negative
11309,PPARgamma,hard_negative
69908,PPARgamma,hard_negative
3884,PPARgamma,positive
74867,PPARgamma,hard_negative
1539,PPARgamma,hard_negative
14589,PPARgamma,hard_negative
5377323,PPARgamma,hard_negative
26176,PPARgamma,hard_negative
6527,PPARgamma,hard_negative
7381,PPARgamma,positive
14257,PPARgamma,hard_negative
19658,PPARgamma,hard_negative
3339,PPARgamma,hard_negative
3286,PPARgamma,hard_negative
31307,PPARgamma,hard_negative
9831581,PPARgamma,hard_negative
153939,PPARgamma,hard_negative
9931156,PPARgamma,hard_negative
9909677,PPARgamma,positive
60196405,PPARgamma,positive
10201497,PPARgamma,positive
12148754,PPARgamma,positive
60196409,PPARgamma,positive
60196411,PPARgamma,positive
5018304,PPARgamma,positive
54454,PPARgamma,hard_negative
93118,PPARgamma,positive
4807,PPARgamma,hard_negative
10021362,PPARgamma,hard_negative
9935274,PPARgamma,hard_negative
18551400,PPARgamma,hard_negative
9861124,PPARgamma,hard_negative
9888347,PPARgamma,hard_negative
9819350,PPARgamma,hard_negative
6252,PPARgamma,hard_negative
33599,PPARgamma,hard_negative
1345,PPARgamma,hard_negative
11285653,PPARgamma,positive
104926,PPARgamma,hard_negative
91773,PPARgamma,hard_negative
13905,PPARgamma,hard_negative
91753,PPARgamma,hard_negative
12932,PPARgamma,positive
2126,PPARgamma,hard_negative
13940,PPARgamma,hard_negative
25146,PPARgamma,hard_negative
3391107,PPARgamma,hard_negative
5372405,PPARgamma,hard_negative
39385,PPARgamma,hard_negative
6436605,PPARgamma,positive
2912,PPARgamma,hard_negative
31200,PPARgamma,hard_negative
28935,PPARgamma,positive
5803450,PPARgamma,hard_negative
249494,PPARgamma,hard_negative
86287521,PPARgamma,positive
54778,PPARgamma,hard_negative
29216,PPARgamma,hard_negative
5284341,PPARgamma,hard_negative
7693,PPARgamma,hard_negative
86222,PPARgamma,hard_negative
83975,PPARgamma,positive
213031,PPARgamma,hard_negative
3794540,PPARgamma,hard_negative
21804,PPARgamma,positive
86429,PPARgamma,positive
20965,PPARgamma,hard_negative
33360,PPARgamma,hard_negative
22833489,PPARgamma,hard_negative
3352,PPARgamma,hard_negative
11826859,PPARgamma,hard_negative
2337,PPARgamma,hard_negative
7328,PPARgamma,hard_negative
19587,PPARgamma,hard_negative
8010,PPARgamma,hard_negative
51605,PPARgamma,positive
2998,PPARgamma,hard_negative
36870,PPARgamma,hard_negative
11437710,PPARgamma,hard_negative
41463,PPARgamma,positive
117640,PPARgamma,hard_negative
54678504,PPARgamma,positive
34313,PPARgamma,positive
15969,PPARgamma,hard_negative
10303,PPARgamma,hard_negative
118703,PPARgamma,hard_negative
91664,PPARgamma,hard_negative
28292,PPARgamma,positive
37125,PPARgamma,hard_negative
87391,PPARgamma,hard_negative
66609,PPARgamma,hard_negative
93335,PPARgamma,positive
38884,PPARgamma,positive
6730,PPARgamma,positive
9782,PPARgamma,hard_negative
192197,PPARgamma,positive
3957,PPARgamma,positive
94684,PPARgamma,hard_negative
51369,PPARgamma,hard_negative
40520,PPARgamma,hard_negative
17435,PPARgamma,hard_negative
91673,PPARgamma,hard_negative
32184,PPARgamma,hard_negative
9570290,PPARgamma,hard_negative
12309460,PPARgamma,hard_negative
16362,PPARgamma,positive
4493,PPARgamma,hard_negative
54685925,PPARgamma,hard_negative
5756,PPARgamma,hard_negative
39230,PPARgamma,positive
77956,PPARgamma,hard_negative
6669,PPARgamma,hard_negative
94544,PPARgamma,hard_negative
67236,PPARgamma,hard_negative
92387,PPARgamma,hard_negative
6621,PPARgamma,hard_negative
78435,PPARgamma,hard_negative
243274,PPARgamma,positive
116814,PPARgamma,hard_negative
93312,PPARgamma,positive
74937,PPARgamma,hard_negative
6518,PPARgamma,hard_negative
69765,PPARgamma,hard_negative
5284462,PPARgamma,positive
42981,PPARgamma,hard_negative
74448,PPARgamma,hard_negative
61285,PPARgamma,hard_negative
9403,PPARgamma,hard_negative
5364932,PPARgamma,hard_negative
3899,PPARgamma,hard_negative
42745,PPARgamma,hard_negative
5360487,PPARgamma,positive
20848,PPARgamma,hard_negative
16422,PPARgamma,positive
38283,PPARgamma,hard_negative
69827,PPARgamma,hard_negative
3034351,PPARgamma,hard_negative
19079,PPARgamma,hard_negative
4044,PPARgamma,positive
31208,PPARgamma,positive
16683023,PPARgamma,positive
13708,PPARgamma,positive
6741,PPARgamma,hard_negative
14249,PPARgamma,hard_negative
6099,PPARgamma,positive
67215,PPARgamma,hard_negative
93573,PPARgamma,hard_negative
449171,PPARgamma,hard_negative
6112114,PPARgamma,positive
12797557,PPARgamma,hard_negative
91677,PPARgamma,positive
9300,PPARgamma,positive
33565,PPARgamma,hard_negative
86210,PPARgamma,positive
9462,PPARgamma,hard_negative
11273,PPARgamma,hard_negative
16533,PPARgamma,hard_negative
14720269,PPARgamma,positive
7180,PPARgamma,positive
2170,PPARgamma,hard_negative
6215,PPARgamma,hard_negative
54900,PPARgamma,positive
40854,PPARgamma,hard_negative
18771,PPARgamma,positive
91688,PPARgamma,positive
3969,PPARgamma,positive
6230,PPARgamma,hard_negative
41632,PPARgamma,positive
3444,PPARgamma,hard_negative
161803,PPARgamma,hard_negative
121639,PPARgamma,hard_negative
76464,PPARgamma,hard_negative
10140,PPARgamma,hard_negative
16961,PPARgamma,hard_negative
9878,PPARgamma,hard_negative
31280,PPARgamma,positive
85025,PPARgamma,hard_negative
114994,PPARgamma,hard_negative
62935,PPARgamma,hard_negative
4211,PPARgamma,hard_negative
11769,PPARgamma,hard_negative
9444,PPARgamma,hard_negative
14716,PPARgamma,hard_negative
250948,PPARgamma,hard_negative
6440554,PPARgamma,hard_negative
11193251,PPARgamma,hard_negative
38360,PPARgamma,hard_negative
180494,PPARgamma,positive
83656,PPARgamma,positive
2375,PPARgamma,hard_negative
75575,PPARgamma,positive
23670838,PPARgamma,positive
7108,PPARgamma,hard_negative
17818,PPARgamma,positive
213013,PPARgamma,positive
13709,PPARgamma,positive
3712,PPARgamma,positive
29393,PPARgamma,positive
5794,PPARgamma,hard_negative
636362,PPARgamma,positive
5834,PPARgamma,hard_negative
441336,PPARgamma,hard_negative
5745,PPARgamma,hard_negative
5472,PPARgamma,hard_negative
123608,PPARgamma,hard_negative
2801,PPARgamma,positive
9677,PPARgamma,hard_negative
4011,PPARgamma,positive
23706212,PPARgamma,hard_negative
3333,PPARgamma,hard_negative
5281078,PPARgamma,positive
148124,PPARgamma,hard_negative
5070,PPARgamma,hard_negative
4409,PPARgamma,hard_negative
20469,PPARgamma,hard_negative
3784,PPARgamma,hard_negative
5876,PPARgamma,hard_negative
4768,PPARgamma,hard_negative
119607,PPARgamma,hard_negative
5284587,PPARgamma,hard_negative
406563,PPARgamma,positive
5311,PPARgamma,hard_negative
446541,PPARgamma,positive
51082,PPARgamma,positive
5978,PPARgamma,hard_negative
229455,PPARgamma,hard_negative
247839,PPARgamma,hard_negative
2769,PPARgamma,hard_negative
13765,PPARgamma,hard_negative
50878597,PPARgamma,hard_negative
16757820,PPARgamma,hard_negative
8609,PPARgamma,hard_negative
64722,PPARgamma,positive
148192,PPARgamma,hard_negative
667476,PPARgamma,positive
32798,PPARgamma,hard_negative
56801,PPARgamma,hard_negative
26133,PPARgamma,hard_negative
10830,PPARgamma,positive
10113978,PPARgamma,positive
224246,PPARgamma,hard_negative
3728,PPARgamma,positive
60605,PPARgamma,hard_negative
4622,PPARgamma,hard_negative
4235,PPARgamma,hard_negative
2194,PPARgamma,hard_negative
3360,PPARgamma,positive
6301,PPARgamma,hard_negative
16490,PPARgamma,hard_negative
5702220,PPARgamma,hard_negative
2466,PPARgamma,hard_negative
4177,PPARgamma,hard_negative
65947,PPARgamma,hard_negative
10634,PPARgamma,hard_negative
443955,PPARgamma,hard_negative
5282138,PPARgamma,positive
444008,PPARgamma,hard_negative
5282209,PPARgamma,positive
102232,PPARgamma,hard_negative
4006,PPARgamma,hard_negative
157355,PPARgamma,hard_negative
33611,PPARgamma,hard_negative
69588,PPARgamma,hard_negative
150762,PPARgamma,positive
6321253,PPARgamma,hard_negative
168088,PPARgamma,hard_negative
35455,PPARgamma,positive
3316,PPARgamma,hard_negative
23663985,PPARgamma,hard_negative
5365672,PPARgamma,positive
122125,PPARgamma,positive
5282433,PPARgamma,positive
71651,PPARgamma,hard_negative
16574,PPARgamma,positive
135565674,PPARgamma,positive
24871267,PPARgamma,hard_negative
65758,PPARgamma,hard_negative
3060974,PPARgamma,positive
60785,PPARgamma,hard_negative
54685524,PPARgamma,positive
357904,PPARgamma,positive
6918543,PPARgamma,hard_negative
68827,PPARgamma,hard_negative
11957654,PPARgamma,positive
68909,PPARgamma,hard_negative
59757,PPARgamma,positive
11033,PPARgamma,hard_negative
28767,PPARgamma,hard_negative
3396,PPARgamma,positive
71693,PPARgamma,hard_negative
9454,PPARgamma,hard_negative
65784,PPARgamma,hard_negative
2541,PPARgamma,hard_negative
1684,PPARgamma,hard_negative
48229,PPARgamma,positive
104845,PPARgamma,hard_negative
6063342,PPARgamma,positive
4488,PPARgamma,positive
1967,PPARgamma,positive
4497,PPARgamma,hard_negative
60196270,PPARgamma,positive
11350,PPARgamma,positive
6433339,PPARgamma,hard_negative
76619,PPARgamma,hard_negative
10212,PPARgamma,hard_negative
92855,PPARgamma,hard_negative
74106,PPARgamma,hard_negative
91805,PPARgamma,hard_negative
24466,PPARgamma,positive
46780884,PPARgamma,positive
5702068,PPARgamma,hard_negative
34458,PPARgamma,hard_negative
17693,PPARgamma,hard_negative
16752,PPARgamma,hard_negative
73093,PPARgamma,hard_negative
17931,PR,positive
14708,PR,positive
92942,PR,positive
13493,PR,positive
119057604,PR,positive
91864482,PR,positive
15984075,PR,positive
5281091,PR,positive
5282164,PR,hard_negative
8293,PR,hard_negative
3003141,PR,positive
216237,PR,positive
10455790,PR,hard_negative
9568078,PR,positive
65953,PR,positive
443947,PR,positive
34870,PR,hard_negative
26391,PR,positive
66067,PR,positive
208836,PR,positive
156414,PR,positive
656667,PR,positive
5311454,PR,positive
7483,PR,positive
6537495,PR,positive
12443,PR,hard_negative
6818,PR,positive
21694,PR,positive
7595,PR,positive
15752,PR,positive
5281034,PR,positive
3894848,PR,positive
4890,PR,positive
64961,PR,positive
29872,PR,positive
6633,PR,positive
5842000,PR,positive
21013,PR,positive
5281873,PR,positive
5743,PR,positive
7321,PR,positive
61100,PR,positive
6279,PR,hard_negative
36159,PR,positive
40301,PR,positive
11859,PR,positive
627458,PR,positive
1910825,PR,positive
22571,PR,positive
7062,PR,positive
50516,PR,positive
115089,PR,hard_negative
15206,PR,positive
24937,PR,positive
22086,PR,positive
637511,PR,hard_negative
5993,PR,positive
2788,PR,positive
27582,PR,positive
4485,PR,positive
7546,PR,positive
6440940,PR,positive
6439929,PR,positive
1548943,PR,positive
95170,PR,positive
11356,PR,positive
2391,PR,hard_negative
6319,PR,positive
6828,PR,positive
7102,PR,positive
2482,PR,positive
7441,PR,positive
1091,PR,hard_negative
7568,PR,positive
33934,PR,hard_negative
7112,PR,positive
62130,PR,positive
20240,PR,positive
4594,PR,positive
13297,PR,positive
67299,PR,positive
25015,PR,positive
14138,PR,positive
83050,PR,positive
8570,PR,positive
87250,PR,positive
586708,PR,positive
56638112,PR,positive
69150,PR,positive
23019,PR,positive
53316406,PR,hard_negative
84677,PR,positive
102724,PR,positive
8633,PR,positive
21881620,PR,positive
17321,PR,positive
6929,PR,positive
9958,PR,positive
5935,PR,positive
7543,PR,positive
22833294,PR,positive
67349,PR,positive
7258,PR,positive
727,PR,positive
4616,PR,hard_negative
8407,PR,positive
3378440,PR,positive
7495,PR,positive
7331,PR,positive
31553,PR,positive
6053,PR,positive
136276712,PR,hard_negative
22463,PR,positive
93221,PR,hard_negative
10114,PR,positive
6979,PR,positive
5754,PR,positive
10824,PR,hard_negative
5897,PR,positive
16420,PR,positive
6446,PR,hard_negative
20701,PR,positive
73773,PR,hard_negative
8540,PR,positive
17113,PR,positive
13428,PR,hard_negative
5281567,PR,positive
17231,PR,positive
14642,PR,positive
5284469,PR,positive
71645,PR,positive
11571,PR,positive
7015,PR,positive
7329,PR,positive
14709,PR,positive
37542,PR,hard_negative
18728,PR,positive
17570,PR,positive
123504,PR,positive
7578,PR,positive
20167,PR,positive
5288209,PR,positive
2723951,PR,positive
8569,PR,positive
11247,PR,positive
7563,PR,positive
403,PR,hard_negative
8180,PR,hard_negative
69317,PR,positive
6787,PR,hard_negative
113124,PR,positive
86583,PR,hard_negative
34757,PR,positive
33133,PR,positive
38764,PR,positive
7638,PR,positive
5284452,PR,positive
5281576,PR,positive
73668,PR,positive
6197,PR,positive
62770,PR,positive
5280863,PR,positive
70038,PR,positive
62969,PR,positive
320930,PR,positive
2999413,PR,positive
91649,PR,positive
79717,PR,positive
68289,PR,positive
9904,PR,hard_negative
13514,PR,positive
65114,PR,positive
1752,PR,positive
12955,PR,positive
3035,PR,positive
68570,PR,positive
6635,PR,positive
1483,PR,positive
9502,PR,positive
8572,PR,positive
8413,PR,positive
1732,PR,hard_negative
6294,PR,positive
11742,PR,positive
62276,PR,positive
22584,PR,positive
13,PR,hard_negative
8805,PR,hard_negative
6054,PR,hard_negative
5355130,PR,positive
5333,PR,hard_negative
3293,PR,positive
3598,PR,positive
6732,PR,hard_negative
5753,PR,hard_negative
6537,PR,hard_negative
445154,PR,positive
5870,PR,positive
4169,PR,positive
15797,PR,positive
136122621,PR,hard_negative
8846,PR,hard_negative
6672,PR,hard_negative
7567,PR,positive
18529,PR,positive
9552079,PR,hard_negative
7592,PR,hard_negative
32154,PR,hard_negative
15531,PR,hard_negative
7573,PR,positive
5280961,PR,positive
3037,PR,positive
40585,PR,positive
7946,PR,hard_negative
3120,PR,positive
39327,PR,positive
40399,PR,hard_negative
8111,PR,hard_negative
73665,PR,positive
65064,PR,hard_negative
43234,PR,positive
26295,PR,positive
53232,PR,hard_negative
73675,PR,positive
3036,PR,positive
2734956,PR,hard_negative
41206,PR,positive
8289,PR,positive
16560,PR,positive
8561,PR,positive
67172,PR,positive
338733,PR,positive
47326,PR,positive
5280443,PR,positive
6529,PR,positive
6167,PR,hard_negative
7327,PR,positive
5865,PR,positive
73672,PR,positive
7076,PR,positive
10707,PR,hard_negative
40326,PR,positive
5284441,PR,positive
299,PR,positive
3346,PR,positive
5853,PR,positive
3039,PR,hard_negative
9275,PR,positive
20083,PR,hard_negative
5284363,PR,positive
43226,PR,positive
6295,PR,positive
996,PR,hard_negative
4420,PR,hard_negative
8371,PR,hard_negative
78170,PR,hard_negative
5755,PR,positive
12688,PR,positive
6702,PR,positive
9880,PR,positive
15910,PR,positive
21209,PR,positive
6854,PR,positive
9787,PR,positive
9074,PR,positive
17038,PR,hard_negative
67271,PR,positive
8813,PR,hard_negative
9128,PR,hard_negative
76302,PR,positive
10522,PR,positive
5934,PR,positive
11831,PR,positive
6796,PR,positive
4933,PR,positive
7184,PR,positive
50896,PR,hard_negative
31356,PR,positive
6001,PR,positive
27189,PR,positive
5281004,PR,hard_negative
4993,PR,positive
9154,PR,positive
6129,PR,positive
5361514,PR,positive
162461,PR,hard_negative
2871,PR,positive
2728,PR,positive
667493,PR,hard_negative
29732,PR,positive
6950,PR,positive
62558,PR,positive
8663,PR,positive
8679,PR,positive
5283349,PR,hard_negative
38479,PR,positive
6758,PR,positive
11933,PR,positive
3589,PR,positive
36242,PR,positive
6336,PR,positive
32933,PR,hard_negative
6604200,PR,hard_negative
5125,PR,positive
75576,PR,positive
2662,PR,positive
2268,PR,positive
86607,PR,positive
7516,PR,hard_negative
4632,PR,positive
638024,PR,positive
5881,PR,positive
1318,PR,positive
18725,PR,hard_negative
991,PR,positive
27465,PR,positive
26124,PR,positive
643820,PR,hard_negative
7547,PR,positive
4936,PR,positive
5757,PR,positive
5954,PR,positive
12310947,PR,positive
7013,PR,positive
158076,PR,positive
5280373,PR,positive
7005,PR,positive
81259,PR,positive
992,PR,positive
5053,PR,positive
7813,PR,hard_negative
7564,PR,positive
3893,PR,hard_negative
62311,PR,positive
8691,PR,positive
11883,PR,hard_negative
39676,PR,positive
43079,PR,hard_negative
26177,PR,positive
8455,PR,positive
3397,PR,positive
31374,PR,hard_negative
8615,PR,positive
108938,PR,positive
60962,PR,hard_negative
2078,PR,positive
2969,PR,hard_negative
3440,PR,hard_negative
8369,PR,hard_negative
62306,PR,positive
4764,PR,positive
7103,PR,positive
5327,PR,hard_negative
7070,PR,positive
36606,PR,positive
24633,PR,positive
441140,PR,positive
13089,PR,positive
16682730,PR,positive
5340,PR,hard_negative
38037,PR,positive
8689,PR,positive
7340,PR,positive
3610,PR,positive
5344,PR,hard_negative
14127,PR,positive
6128,PR,positive
2554,PR,hard_negative
6478,PR,hard_negative
8571,PR,positive
4793,PR,positive
13271,PR,positive
4130,PR,positive
5280343,PR,positive
73852,PR,positive
22772,PR,positive
444795,PR,hard_negative
86102,PR,positive
135398739,PR,hard_negative
41384,PR,hard_negative
17170,PR,positive
7430,PR,positive
785,PR,positive
6536972,PR,positive
10377,PR,positive
107377,PR,positive
2355,PR,positive
34192,PR,positive
11289,PR,positive
6597,PR,hard_negative
3224,PR,positive
13283,PR,positive
12902,PR,hard_negative
2153,PR,hard_negative
12472902,PR,positive
2730,PR,positive
16685,PR,positive
5770,PR,hard_negative
8305,PR,positive
448537,PR,positive
7031,PR,positive
9395,PR,positive
15787,PR,positive
8411,PR,positive
980,PR,hard_negative
1988,PR,positive
3225,PR,hard_negative
76013,PR,positive
3016,PR,positive
37034,PR,positive
5362708,PR,hard_negative
457193,PR,positive
443939,PR,positive
10771,PR,positive
10208,PR,positive
61444,PR,hard_negative
19283,PR,hard_negative
6450278,PR,positive
460612,PR,hard_negative
5371728,PR,positive
5590,PR,positive
78738,PR,hard_negative
73415808,PR,positive
1674,PR,positive
24007,PR,hard_negative
23892,PR,positive
16682804,PR,positive
5284483,PR,positive
104741,PR,positive
5702746,PR,positive
11181836,PR,hard_negative
16211849,PR,hard_negative
12038941,PR,hard_negative
5368491,PR,positive
14425,PR,positive
9117,PR,hard_negative
75628,PR,positive
51040,PR,positive
84703,PR,hard_negative
15412,PR,hard_negative
387179,PR,positive
67589,PR,hard_negative
107882,PR,positive
10308,PR,positive
104677,PR,positive
4788,PR,positive
13109,PR,positive
7296,PR,hard_negative
27882,PR,positive
11764,PR,positive
6528,PR,positive
7571,PR,positive
16719,PR,positive
17599,PR,positive
3014138,PR,positive
11309,PR,positive
11313,PR,hard_negative
69908,PR,positive
6724,PR,positive
74867,PR,positive
74062,PR,positive
28308,PR,positive
73848,PR,positive
15529,PR,positive
1539,PR,positive
14589,PR,positive
5377323,PR,positive
70425,PR,positive
34697,PR,positive
26176,PR,positive
6527,PR,positive
8425,PR,positive
10680,PR,positive
7381,PR,positive
2347,PR,positive
3220,PR,positive
10868,PR,hard_negative
14257,PR,hard_negative
3339,PR,positive
3286,PR,positive
31307,PR,hard_negative
9799979,PR,positive
9831581,PR,hard_negative
3086618,PR,positive
6918686,PR,hard_negative
18173271,PR,hard_negative
15981450,PR,positive
153939,PR,positive
11472813,PR,positive
9931156,PR,hard_negative
9865233,PR,positive
60196403,PR,positive
9849616,PR,positive
60196405,PR,positive
53316382,PR,positive
9872438,PR,hard_negative
24852044,PR,hard_negative
12148754,PR,hard_negative
60196408,PR,positive
60196409,PR,hard_negative
25099474,PR,positive
5018304,PR,hard_negative
126941,PR,positive
67821,PR,hard_negative
54454,PR,hard_negative
93118,PR,positive
3117,PR,positive
4807,PR,hard_negative
27195,PR,positive
16421,PR,positive
10021362,PR,positive
9935274,PR,positive
18551400,PR,hard_negative
9861124,PR,positive
9888347,PR,positive
53316393,PR,positive
9819350,PR,hard_negative
10134976,PR,positive
5591,PR,positive
53316398,PR,positive
6252,PR,hard_negative
33599,PR,hard_negative
23667548,PR,hard_negative
2776282,PR,hard_negative
9555,PR,hard_negative
12358480,PR,positive
21387,PR,positive
11285653,PR,positive
96088,PR,positive
833466,PR,positive
11723708,PR,positive
86296,PR,positive
24814,PR,positive
104926,PR,positive
65067,PR,positive
66461,PR,positive
91773,PR,hard_negative
8433,PR,positive
34469,PR,positive
13905,PR,hard_negative
91753,PR,positive
91768,PR,positive
107720,PR,positive
92431,PR,hard_negative
17533,PR,positive
12932,PR,positive
14994,PR,positive
4477,PR,positive
38779,PR,positive
6327657,PR,positive
11402127,PR,positive
2126,PR,positive
13940,PR,positive
10342051,PR,positive
8227,PR,positive
25912,PR,positive
25146,PR,positive
86138,PR,positive
11048796,PR,positive
107080,PR,positive
3391107,PR,positive
5372405,PR,positive
39385,PR,positive
6436605,PR,positive
2912,PR,positive
9576412,PR,positive
31200,PR,positive
28935,PR,positive
5889665,PR,positive
5803450,PR,positive
249494,PR,hard_negative
6778,PR,positive
70613,PR,hard_negative
31677,PR,positive
122087,PR,positive
86367,PR,positive
86287521,PR,hard_negative
3317081,PR,positive
54778,PR,positive
29216,PR,positive
5284341,PR,positive
86222,PR,hard_negative
80277,PR,positive
83975,PR,hard_negative
82145,PR,hard_negative
7828,PR,hard_negative
86354,PR,positive
213031,PR,positive
9578570,PR,positive
86398,PR,positive
13218777,PR,positive
3794540,PR,hard_negative
21804,PR,positive
86429,PR,positive
50897,PR,hard_negative
50367,PR,positive
91754,PR,positive
10403199,PR,positive
643684,PR,hard_negative
20965,PR,positive
86173,PR,positive
33360,PR,positive
22833489,PR,positive
3352,PR,positive
6422843,PR,positive
213032,PR,positive
11826859,PR,hard_negative
2337,PR,hard_negative
91757,PR,positive
5355863,PR,positive
7328,PR,positive
47938,PR,positive
19587,PR,positive
86132,PR,positive
8010,PR,hard_negative
100524,PR,positive
51605,PR,positive
2998,PR,positive
36870,PR,positive
11437710,PR,positive
119193,PR,positive
117640,PR,positive
91683,PR,positive
54678504,PR,hard_negative
91692,PR,positive
89440,PR,positive
28768,PR,positive
66573,PR,positive
4128060,PR,positive
2723715,PR,positive
6872,PR,positive
91693,PR,positive
6636,PR,positive
11488,PR,positive
15530,PR,positive
34313,PR,positive
9298,PR,positive
15969,PR,positive
10303,PR,positive
118703,PR,positive
91664,PR,positive
27295,PR,positive
37125,PR,positive
26033,PR,positive
5510,PR,positive
91593,PR,positive
87391,PR,hard_negative
94932,PR,positive
66609,PR,positive
17701,PR,positive
17531,PR,positive
13081,PR,positive
38884,PR,positive
60196420,PR,positive
1474,PR,positive
6730,PR,hard_negative
222786,PR,positive
31957,PR,positive
66571,PR,positive
9782,PR,positive
192197,PR,positive
18980,PR,positive
79688,PR,positive
81346,PR,positive
6238,PR,hard_negative
3957,PR,positive
79633,PR,positive
94684,PR,positive
16143,PR,positive
10234,PR,positive
51369,PR,positive
93528,PR,positive
40520,PR,positive
17435,PR,positive
19402,PR,positive
91708,PR,positive
91673,PR,positive
5377791,PR,positive
11140605,PR,positive
32184,PR,positive
9570290,PR,positive
12309460,PR,positive
54886,PR,hard_negative
4493,PR,positive
54685925,PR,hard_negative
5756,PR,positive
5387121,PR,positive
39230,PR,positive
77956,PR,positive
6669,PR,positive
94544,PR,positive
67236,PR,positive
671,PR,positive
92387,PR,positive
6621,PR,positive
78435,PR,positive
243274,PR,positive
6772,PR,positive
116814,PR,positive
93312,PR,positive
4443516,PR,positive
86171,PR,positive
74937,PR,positive
20113,PR,positive
6518,PR,hard_negative
69765,PR,positive
5284462,PR,positive
27211,PR,positive
4373502,PR,positive
74448,PR,positive
103005,PR,positive
5392,PR,positive
61285,PR,positive
9403,PR,positive
3334,PR,positive
60196427,PR,hard_negative
41114,PR,positive
6291,PR,positive
55245,PR,positive
5364932,PR,hard_negative
1730,PR,positive
3899,PR,positive
42745,PR,hard_negative
23665583,PR,positive
9690,PR,positive
20848,PR,positive
16115,PR,positive
30709,PR,positive
22094,PR,positive
16422,PR,positive
38283,PR,positive
54680085,PR,positive
31315,PR,positive
67350,PR,positive
28417,PR,positive
5920,PR,positive
3034351,PR,positive
19079,PR,hard_negative
6253,PR,hard_negative
4044,PR,positive
31208,PR,positive
644213,PR,positive
3086172,PR,positive
13708,PR,positive
36382,PR,hard_negative
6741,PR,positive
69484,PR,hard_negative
2603,PR,positive
6099,PR,hard_negative
23668353,PR,hard_negative
67215,PR,positive
3371,PR,positive
26030,PR,positive
8955,PR,hard_negative
5833,PR,positive
5819,PR,hard_negative
93573,PR,hard_negative
7071,PR,positive
4534,PR,positive
13254,PR,positive
16722125,PR,positive
6857648,PR,positive
9786,PR,positive
6112114,PR,positive
12797557,PR,positive
91677,PR,positive
9300,PR,positive
33565,PR,hard_negative
5995,PR,positive
86210,PR,positive
9462,PR,positive
11273,PR,positive
16533,PR,hard_negative
8187,PR,hard_negative
14720269,PR,hard_negative
299728,PR,positive
5284557,PR,hard_negative
7180,PR,positive
5281607,PR,positive
24321,PR,positive
2170,PR,positive
11683,PR,hard_negative
6215,PR,hard_negative
4499,PR,positive
5281055,PR,positive
40854,PR,hard_negative
60196430,PR,hard_negative
6166,PR,hard_negative
82146,PR,positive
91688,PR,positive
3969,PR,positive
6603901,PR,positive
4659569,PR,positive
6025,PR,positive
6230,PR,hard_negative
9969573,PR,hard_negative
3444,PR,positive
161803,PR,positive
16682953,PR,positive
86211,PR,positive
23666110,PR,positive
76464,PR,hard_negative
10140,PR,hard_negative
62217,PR,positive
16961,PR,positive
9878,PR,hard_negative
75547,PR,positive
8380,PR,hard_negative
4420067,PR,hard_negative
85025,PR,hard_negative
223368,PR,positive
114994,PR,positive
62935,PR,positive
163263,PR,positive
4211,PR,positive
11769,PR,positive
9444,PR,positive
6777,PR,positive
70400,PR,positive
14716,PR,positive
60196435,PR,positive
60196436,PR,positive
10068207,PR,positive
59086459,PR,positive
9850056,PR,positive
250948,PR,hard_negative
6440554,PR,positive
11193251,PR,hard_negative
29354,PR,positive
65552,PR,positive
86287525,PR,positive
15032,PR,positive
5803,PR,positive
2375,PR,positive
31100,PR,hard_negative
75575,PR,positive
23670838,PR,hard_negative
135492483,PR,positive
8765,PR,positive
6625,PR,positive
7108,PR,positive
7175,PR,positive
7243,PR,positive
15730,PR,positive
697993,PR,positive
6051,PR,positive
11767,PR,positive
969491,PR,positive
7812,PR,hard_negative
17818,PR,hard_negative
4984721,PR,positive
22704,PR,positive
213013,PR,positive
6436449,PR,positive
3712,PR,positive
11818,PR,positive
6010,PR,hard_negative
31423,PR,positive
11442,PR,positive
4115,PR,positive
41368,PR,positive
29393,PR,positive
5564,PR,positive
31070,PR,positive
47898,PR,positive
5794,PR,positive
3034285,PR,positive
636362,PR,positive
60198,PR,positive
3034010,PR,positive
441336,PR,hard_negative
5745,PR,hard_negative
5472,PR,positive
123608,PR,hard_negative
38911,PR,positive
9677,PR,hard_negative
214348,PR,positive
4932,PR,positive
5282494,PR,hard_negative
23706212,PR,hard_negative
5311067,PR,hard_negative
9570076,PR,positive
64139,PR,positive
5746,PR,positive
74990,PR,hard_negative
5362376,PR,hard_negative
3333,PR,positive
135398737,PR,positive
68873,PR,hard_negative
148124,PR,hard_negative
5070,PR,positive
9270,PR,positive
31378,PR,hard_negative
4409,PR,positive
5388983,PR,positive
20469,PR,positive
10531,PR,hard_negative
150311,PR,positive
30323,PR,positive
23694214,PR,hard_negative
9046,PR,positive
3784,PR,positive
387447,PR,positive
71399,PR,positive
9051,PR,hard_negative
4927,PR,positive
451668,PR,positive
60749,PR,hard_negative
119182,PR,hard_negative
4768,PR,positive
23663400,PR,positive
119607,PR,hard_negative
5284587,PR,hard_negative
45006154,PR,positive
5311,PR,positive
51082,PR,positive
5978,PR,positive
63047,PR,hard_negative
229455,PR,hard_negative
444025,PR,hard_negative
2769,PR,positive
13765,PR,hard_negative
50878597,PR,hard_negative
16757820,PR,positive
130313,PR,positive
25249,PR,positive
7048801,PR,hard_negative
9818306,PR,positive
8609,PR,positive
443872,PR,positive
148192,PR,hard_negative
6005,PR,positive
84088,PR,positive
16051941,PR,positive
6432394,PR,positive
5952,PR,hard_negative
667476,PR,positive
5282375,PR,positive
3062316,PR,positive
123596,PR,positive
56801,PR,positive
26133,PR,hard_negative
16682935,PR,positive
37907,PR,positive
71386,PR,hard_negative
157917,PR,positive
153997,PR,positive
4184,PR,positive
104850,PR,positive
9577124,PR,positive
20395,PR,positive
10113978,PR,positive
610479,PR,positive
3728,PR,positive
60605,PR,hard_negative
10041070,PR,positive
4235,PR,hard_negative
3360,PR,positive
11104,PR,positive
91670,PR,hard_negative
6301,PR,hard_negative
6708701,PR,positive
10219,PR,positive
10126299,PR,positive
5702220,PR,positive
11296583,PR,positive
4177,PR,positive
65947,PR,hard_negative
5265,PR,hard_negative
10634,PR,hard_negative
443955,PR,positive
5282138,PR,positive
444008,PR,hard_negative
5282209,PR,hard_negative
102232,PR,positive
4006,PR,positive
108143,PR,positive
4507,PR,positive
121035,PR,positive
157355,PR,hard_negative
33611,PR,positive
56704,PR,hard_negative
69588,PR,positive
6321253,PR,hard_negative
168088,PR,hard_negative
35455,PR,hard_negative
2898,PR,positive
3316,PR,positive
23663985,PR,hard_negative
17273,PR,positive
5365672,PR,hard_negative
5282219,PR,positive
159271,PR,positive
71651,PR,hard_negative
3936,PR,positive
10631,PR,hard_negative
16574,PR,positive
24871267,PR,positive
65758,PR,positive
151194,PR,positive
60785,PR,positive
3033825,PR,positive
3033968,PR,hard_negative
54685524,PR,hard_negative
6918543,PR,positive
68827,PR,hard_negative
71203,PR,positive
43231,PR,hard_negative
68909,PR,positive
59757,PR,positive
35375,PR,positive
75194,PR,positive
11033,PR,hard_negative
30630,PR,positive
28767,PR,positive
70882,PR,positive
71717,PR,positive
71693,PR,positive
9454,PR,positive
56846451,PR,hard_negative
213037,PR,positive
65784,PR,hard_negative
27812,PR,positive
2541,PR,hard_negative
135430323,PR,positive
5329098,PR,positive
1684,PR,positive
9910986,PR,positive
6063342,PR,positive
68186,PR,positive
135400471,PR,positive
65620,PR,positive
9849425,PR,positive
73334,PR,positive
5074,PR,positive
4497,PR,positive
10239,PR,positive
440707,PR,positive
60712,PR,positive
54459,PR,positive
1550232,PR,positive
11350,PR,hard_negative
6719,PR,hard_negative
6433339,PR,hard_negative
54897,PR,positive
45073437,PR,positive
65776,PR,positive
76619,PR,positive
10212,PR,positive
7088,PR,positive
69912,PR,positive
5805243,PR,positive
92855,PR,positive
74106,PR,positive
91805,PR,positive
2733673,PR,positive
24466,PR,positive
50491,PR,positive
154256,PR,positive
5702068,PR,positive
34458,PR,positive
6918454,PR,positive
17693,PR,positive
16752,PR,positive
10382,PR,hard_negative
236702,PR,positive
11957725,PR,positive
11556711,PR,positive
73093,PR,hard_negative
5283389,PR,positive
17811,PR,positive
7492,PR,positive
67114,PR,positive
8492,PR,positive
11862,PR,positive
87293,PR,positive
11381,PR,positive
11232,PR,positive
16248,PR,positive
6451142,PR,positive
5879,PR,positive
69925,PR,positive
10937610,PR,positive
23663539,PR,positive
9827529,PR,positive
12540,PR,positive
9936739,PR,positive
17241,PR,positive
119361,PR,positive
5282451,PR,hard_negative
83119,PR,positive
16033,PR,positive
17201,PR,positive
10894,PR,positive
12870,PR,positive
6456,PR,positive
13231,PR,positive
7113,PR,positive
71012,PR,positive
9403,THRbeta,hard_negative
16043,THRbeta,hard_negative
2724411,THRbeta,hard_negative
7048801,THRbeta,hard_negative
66435,THRbeta,hard_negative
439501,THRbeta,hard_negative
5920,THRbeta,positive
7329,THRbeta,hard_negative
2333,THRbeta,hard_negative
443939,THRbeta,hard_negative
65758,THRbeta,hard_negative
71203,THRbeta,hard_negative
2170,THRbeta,hard_negative
5283389,THRbeta,hard_negative
1967,THRbeta,hard_negative
4768,THRbeta,hard_negative
4211,THRbeta,hard_negative
2554,THRbeta,hard_negative
2812,THRbeta,hard_negative
2801,THRbeta,hard_negative
3339,THRbeta,hard_negative
3397,THRbeta,hard_negative
3333,THRbeta,hard_negative
5280961,THRbeta,hard_negative
785,THRbeta,hard_negative
3899,THRbeta,hard_negative
3957,THRbeta,hard_negative
4122,THRbeta,hard_negative
51082,THRbeta,hard_negative
4011,THRbeta,hard_negative
4507,THRbeta,hard_negative
4497,THRbeta,hard_negative
4488,THRbeta,hard_negative
4477,THRbeta,hard_negative
71398,THRbeta,hard_negative
4485,THRbeta,hard_negative
4493,THRbeta,hard_negative
4615,THRbeta,hard_negative
61100,THRbeta,hard_negative
5070,THRbeta,hard_negative
54900,THRbeta,hard_negative
445154,THRbeta,hard_negative
37542,THRbeta,hard_negative
5265,THRbeta,hard_negative
24871267,THRbeta,hard_negative
62935,THRbeta,hard_negative
2998,THRbeta,hard_negative
71399,THRbeta,hard_negative
5803,THRbeta,positive
3440,THRbeta,hard_negative
9552079,THRbeta,hard_negative
6708701,THRbeta,hard_negative
5995,THRbeta,hard_negative
4993,THRbeta,hard_negative
3278,THRbeta,hard_negative
6047,THRbeta,hard_negative
4044,THRbeta,hard_negative
5333,THRbeta,positive
54682468,THRbeta,hard_negative
6166,THRbeta,hard_negative
54676038,THRbeta,hard_negative
6231,THRbeta,hard_negative
5340,THRbeta,positive
6741,THRbeta,hard_negative
192197,THRbeta,hard_negative
667476,THRbeta,hard_negative
6769,THRbeta,hard_negative
3293,THRbeta,hard_negative
2337,THRbeta,hard_negative
2482,THRbeta,hard_negative
7184,THRbeta,hard_negative
3735,THRbeta,hard_negative
7638,THRbeta,hard_negative
5344,THRbeta,hard_negative
2788,THRbeta,hard_negative
8569,THRbeta,hard_negative
4632,THRbeta,hard_negative
9051,THRbeta,hard_negative
224246,THRbeta,hard_negative
9878,THRbeta,hard_negative
34458,THRbeta,hard_negative
3371,THRbeta,hard_negative
10830,THRbeta,hard_negative
11289,THRbeta,hard_negative
11683,THRbeta,hard_negative
2391,THRbeta,hard_negative
9570076,THRbeta,hard_negative
14709,THRbeta,hard_negative
236702,THRbeta,hard_negative
92044441,THRbeta,positive
16490,THRbeta,hard_negative
443935,THRbeta,hard_negative
5510,THRbeta,hard_negative
2466,THRbeta,hard_negative
247839,THRbeta,hard_negative
3242,THRbeta,hard_negative
108013,THRbeta,hard_negative
446541,THRbeta,hard_negative
35375,THRbeta,hard_negative
4030,THRbeta,hard_negative
36462,THRbeta,hard_negative
5282493,THRbeta,hard_negative
4409,THRbeta,hard_negative
443955,THRbeta,hard_negative
3334,THRbeta,hard_negative
5281004,THRbeta,hard_negative
5472,THRbeta,hard_negative
2082,THRbeta,hard_negative
43231,THRbeta,hard_negative
2247,THRbeta,hard_negative
4594,THRbeta,hard_negative
6714002,THRbeta,hard_negative
3784,THRbeta,hard_negative
54454,THRbeta,hard_negative
2769,THRbeta,hard_negative
441336,THRbeta,hard_negative
57363,THRbeta,hard_negative
636374,THRbeta,hard_negative
8813,THRbeta,hard_negative
5284452,THRbeta,hard_negative
5018304,THRbeta,hard_negative
60196270,THRbeta,hard_negative
23671691,THRbeta,hard_negative
10114,THRbeta,hard_negative
444795,THRbeta,positive
1548943,THRbeta,hard_negative
6758,THRbeta,hard_negative
2153,THRbeta,positive
3969,THRbeta,hard_negative
8691,THRbeta,hard_negative
2406,THRbeta,hard_negative
4764,THRbeta,hard_negative
5853,THRbeta,hard_negative
4622,THRbeta,hard_negative
71651,THRbeta,positive
5327,THRbeta,positive
3295,THRbeta,hard_negative
5282494,THRbeta,hard_negative
440707,THRbeta,hard_negative
222757,THRbeta,hard_negative
6215,THRbeta,hard_negative
10607,THRbeta,hard_negative
71414,THRbeta,hard_negative
5952,THRbeta,hard_negative
16574,THRbeta,hard_negative
5753,THRbeta,hard_negative
9324,THRbeta,hard_negative
5754,THRbeta,hard_negative
104845,THRbeta,hard_negative
53232,THRbeta,hard_negative
5311067,THRbeta,hard_negative
6128,THRbeta,hard_negative
31101,THRbeta,hard_negative
104741,THRbeta,hard_negative
126941,THRbeta,hard_negative
45073437,THRbeta,hard_negative
6167,THRbeta,hard_negative
55245,THRbeta,hard_negative
6005,THRbeta,hard_negative
4235,THRbeta,hard_negative
2999413,THRbeta,hard_negative
68872,THRbeta,hard_negative
69588,THRbeta,hard_negative
62960,THRbeta,hard_negative
6129,THRbeta,hard_negative
448537,THRbeta,hard_negative
5288209,THRbeta,hard_negative
460612,THRbeta,hard_negative
136276712,THRbeta,hard_negative
5865,THRbeta,hard_negative
76973791,THRbeta,hard_negative
2724385,THRbeta,hard_negative
9444,THRbeta,hard_negative
5794,THRbeta,hard_negative
338733,THRbeta,hard_negative
7175,THRbeta,hard_negative
3039,THRbeta,hard_negative
5590,THRbeta,hard_negative
10635,THRbeta,hard_negative
10204,THRbeta,hard_negative
8816,THRbeta,hard_negative
9880,THRbeta,hard_negative
16682730,THRbeta,hard_negative
31553,THRbeta,hard_negative
3036,THRbeta,hard_negative
441140,THRbeta,hard_negative
667493,THRbeta,hard_negative
7108,THRbeta,hard_negative
17142,THRbeta,hard_negative
1483,THRbeta,hard_negative
3598,THRbeta,hard_negative
3610,THRbeta,hard_negative
3037,THRbeta,hard_negative
1732,THRbeta,positive
12358480,THRbeta,hard_negative
14710,THRbeta,hard_negative
5281034,THRbeta,hard_negative
6597,THRbeta,positive
2662,THRbeta,hard_negative
6604200,THRbeta,hard_negative
637511,THRbeta,hard_negative
8425,THRbeta,hard_negative
5991,THRbeta,hard_negative
5757,THRbeta,hard_negative
22571,THRbeta,hard_negative
3346,THRbeta,hard_negative
7573,THRbeta,hard_negative
5935,THRbeta,hard_negative
5284469,THRbeta,hard_negative
61444,THRbeta,hard_negative
26041,THRbeta,hard_negative
9787,THRbeta,hard_negative
6291,THRbeta,hard_negative
6253,THRbeta,hard_negative
5881,THRbeta,hard_negative
6238,THRbeta,hard_negative
28767,THRbeta,hard_negative
6433339,THRbeta,hard_negative
57333099,THRbeta,positive
54685925,THRbeta,hard_negative
5329098,THRbeta,hard_negative
2871,THRbeta,hard_negative
3120,THRbeta,hard_negative
727,THRbeta,hard_negative
3352,THRbeta,hard_negative
6279,THRbeta,hard_negative
6230,THRbeta,hard_negative
5755,THRbeta,hard_negative
5834,THRbeta,hard_negative
136122621,THRbeta,hard_negative
31307,THRbeta,hard_negative
5702220,THRbeta,hard_negative
2799,THRbeta,positive
5284557,THRbeta,hard_negative
161803,THRbeta,hard_negative
26133,THRbeta,hard_negative
3316,THRbeta,hard_negative
32798,THRbeta,hard_negative
5284537,THRbeta,hard_negative
5284623,THRbeta,hard_negative
16129778,THRbeta,hard_negative
123608,THRbeta,positive
51040,THRbeta,hard_negative
3034010,THRbeta,hard_negative
119607,THRbeta,hard_negative
150311,THRbeta,hard_negative
13789,THRbeta,hard_negative
3002190,THRbeta,hard_negative
442872,THRbeta,hard_negative
60699,THRbeta,hard_negative
74990,THRbeta,hard_negative
6975516,THRbeta,hard_negative
60198,THRbeta,hard_negative
8609,THRbeta,hard_negative
222786,THRbeta,hard_negative
64715,THRbeta,hard_negative
63047,THRbeta,hard_negative
16757820,THRbeta,hard_negative
4616,THRbeta,hard_negative
23663400,THRbeta,hard_negative
13109,THRbeta,hard_negative
11876263,THRbeta,hard_negative
8633,THRbeta,hard_negative
11313,THRbeta,hard_negative
60962,THRbeta,hard_negative
6518,THRbeta,hard_negative
40326,THRbeta,hard_negative
23706212,THRbeta,hard_negative
9677,THRbeta,hard_negative
6300,THRbeta,hard_negative
5564,THRbeta,hard_negative
7347,THRbeta,hard_negative
441207,THRbeta,hard_negative
5281078,THRbeta,hard_negative
2118,THRbeta,hard_negative
5876,THRbeta,hard_negative
7232,THRbeta,hard_negative
5877,THRbeta,hard_negative
135398739,THRbeta,positive
14720269,THRbeta,hard_negative
443375,THRbeta,hard_negative
443872,THRbeta,hard_negative
68827,THRbeta,hard_negative
56463,THRbeta,hard_negative
11350,THRbeta,hard_negative
68909,THRbeta,hard_negative
6063342,THRbeta,hard_negative
72157,THRbeta,hard_negative
68947,THRbeta,hard_negative
155143,THRbeta,hard_negative
60605,THRbeta,hard_negative
3005572,THRbeta,hard_negative
10476437,THRbeta,hard_negative
250948,THRbeta,hard_negative
9454,THRbeta,hard_negative
71693,THRbeta,hard_negative
6719,THRbeta,hard_negative
71645,THRbeta,hard_negative
5355130,THRbeta,hard_negative
17931,THRbeta,hard_negative
17693,THRbeta,hard_negative
165457,THRbeta,hard_negative
23716429,THRbeta,hard_negative
56846451,THRbeta,hard_negative
45006154,THRbeta,hard_negative
457193,THRbeta,hard_negative
8955,THRbeta,hard_negative
5284513,THRbeta,positive
6321253,THRbeta,hard_negative
107715,THRbeta,hard_negative
443884,THRbeta,hard_negative
31402,THRbeta,hard_negative
6505803,THRbeta,hard_negative
445643,THRbeta,hard_negative
12922658,THRbeta,hard_negative
5978,THRbeta,hard_negative
5377791,THRbeta,hard_negative
5392,THRbeta,hard_negative
91744,THRbeta,hard_negative
7547,THRbeta,hard_negative
23673837,THRbeta,hard_negative
7180,THRbeta,hard_negative
15797,THRbeta,hard_negative
5819,THRbeta,positive
36314,THRbeta,hard_negative
11273,THRbeta,hard_negative
28417,THRbeta,hard_negative
9782,THRbeta,hard_negative
20469,THRbeta,hard_negative
5591,THRbeta,hard_negative
11104,THRbeta,hard_negative
65784,THRbeta,hard_negative
11033,THRbeta,hard_negative
71339,THRbeta,hard_negative
119182,THRbeta,hard_negative
5282451,THRbeta,hard_negative
259331,THRbeta,hard_negative
35455,THRbeta,hard_negative
56649463,THRbeta,hard_negative
4006,THRbeta,hard_negative
68873,THRbeta,hard_negative
444025,THRbeta,hard_negative
3936,THRbeta,hard_negative
3033968,THRbeta,hard_negative
65947,THRbeta,hard_negative
60164,THRbeta,hard_negative
23663992,THRbeta,hard_negative
6456015,THRbeta,hard_negative
4499,THRbeta,hard_negative
2898,THRbeta,hard_negative
220401,THRbeta,hard_negative
451668,THRbeta,positive
5756,THRbeta,hard_negative
14250,THRbeta,hard_negative
9270,THRbeta,hard_negative
37907,THRbeta,hard_negative
4807,THRbeta,hard_negative
17113,THRbeta,hard_negative
243274,THRbeta,hard_negative
16682999,THRbeta,hard_negative
446925,THRbeta,hard_negative
157355,THRbeta,hard_negative
6536972,THRbeta,hard_negative
21881620,THRbeta,hard_negative
136122663,THRbeta,hard_negative
441351,THRbeta,hard_negative
66359,THRbeta,hard_negative
5362376,THRbeta,hard_negative
656583,THRbeta,hard_negative
6918178,THRbeta,hard_negative
27812,THRbeta,hard_negative
441406,THRbeta,hard_negative
2194,THRbeta,hard_negative
5282164,THRbeta,hard_negative
6918155,THRbeta,hard_negative
2375,THRbeta,hard_negative
150762,THRbeta,hard_negative
10634,THRbeta,hard_negative
6099,THRbeta,hard_negative
56704,THRbeta,hard_negative
5282375,THRbeta,hard_negative
168088,THRbeta,hard_negative
93858,THRbeta,hard_negative
2724259,THRbeta,hard_negative
54680085,THRbeta,hard_negative
23672582,THRbeta,hard_negative
23663985,THRbeta,hard_negative
48229,THRbeta,hard_negative
60785,THRbeta,hard_negative
6432394,THRbeta,hard_negative
472335,THRbeta,hard_negative
248271,THRbeta,hard_negative
5311,THRbeta,hard_negative
3345,THRbeta,hard_negative
4890,THRbeta,hard_negative
75194,THRbeta,hard_negative
83975,THRbeta,hard_negative
443936,THRbeta,hard_negative
6917715,THRbeta,hard_negative
60749,THRbeta,hard_negative
82146,THRbeta,positive
10126299,THRbeta,hard_negative
111332,THRbeta,hard_negative
231084,THRbeta,hard_negative
5280899,THRbeta,hard_negative
5365672,THRbeta,hard_negative
71386,THRbeta,hard_negative
31378,THRbeta,hard_negative
33309,THRbeta,hard_negative
108143,THRbeta,hard_negative
448013,THRbeta,hard_negative
68952,THRbeta,hard_negative
148124,THRbeta,hard_negative
135449328,THRbeta,hard_negative
23672302,THRbeta,hard_negative
644280,THRbeta,positive
151194,THRbeta,hard_negative
1013376,THRbeta,hard_negative
92942,THRbeta,hard_negative
119057604,THRbeta,hard_negative
91864482,THRbeta,hard_negative
65494,THRbeta,hard_negative
15984075,THRbeta,hard_negative
50878597,THRbeta,hard_negative
91670,THRbeta,hard_negative
636398,THRbeta,hard_negative
3003141,THRbeta,hard_negative
9833444,THRbeta,positive
4659569,THRbeta,hard_negative
5284533,THRbeta,hard_negative
444021,THRbeta,hard_negative
71470,THRbeta,hard_negative
259329,THRbeta,hard_negative
10382,THRbeta,hard_negative
5833,THRbeta,hard_negative
3016,THRbeta,hard_negative
5702068,THRbeta,hard_negative
5507,THRbeta,hard_negative
8293,THRbeta,hard_negative
148192,THRbeta,hard_negative
50491,THRbeta,hard_negative
8111,THRbeta,hard_negative
8225,THRbeta,hard_negative
14743,THRbeta,hard_negative
11065,THRbeta,hard_negative
60196346,THRbeta,hard_negative
443928,THRbeta,hard_negative
5994,THRbeta,hard_negative
6446,THRbeta,hard_negative
6010,THRbeta,hard_negative
9904,THRbeta,hard_negative
21700,THRbeta,hard_negative
10113978,THRbeta,hard_negative
16052038,THRbeta,hard_negative
10212,THRbeta,hard_negative
16961,THRbeta,hard_negative
3034658,THRbeta,hard_negative
403,THRbeta,hard_negative
68547,THRbeta,hard_negative
216237,THRbeta,hard_negative
10455790,THRbeta,hard_negative
9568078,THRbeta,hard_negative
443947,THRbeta,hard_negative
34870,THRbeta,positive
26391,THRbeta,hard_negative
66067,THRbeta,hard_negative
229455,THRbeta,hard_negative
21800,THRbeta,hard_negative
10041070,THRbeta,hard_negative
9570290,THRbeta,hard_negative
13081,THRbeta,hard_negative
156414,THRbeta,hard_negative
176167,THRbeta,hard_negative
5832,THRbeta,hard_negative
444000,THRbeta,hard_negative
6526396,THRbeta,hard_negative
5311051,THRbeta,hard_negative
156422,THRbeta,hard_negative
3050408,THRbeta,positive
10631,THRbeta,hard_negative
92146,THRbeta,hard_negative
656804,THRbeta,hard_negative
643684,THRbeta,hard_negative
9298,THRbeta,hard_negative
119171,THRbeta,hard_negative
65359,THRbeta,hard_negative
10633,THRbeta,hard_negative
443753,THRbeta,hard_negative
40854,THRbeta,hard_negative
697993,THRbeta,hard_negative
996,THRbeta,positive
5745,THRbeta,hard_negative
16158,THRbeta,hard_negative
23694214,THRbeta,hard_negative
169870,THRbeta,hard_negative
23680530,THRbeta,hard_negative
2969,THRbeta,hard_negative
6054,THRbeta,hard_negative
5870,THRbeta,hard_negative
63049,THRbeta,hard_negative
2912,THRbeta,hard_negative
6197,THRbeta,hard_negative
54897,THRbeta,hard_negative
6450551,THRbeta,hard_negative
2451,THRbeta,hard_negative
60196366,THRbeta,hard_negative
5284587,THRbeta,hard_negative
468595,THRbeta,hard_negative
5311454,THRbeta,hard_negative
130313,THRbeta,hard_negative
7483,THRbeta,hard_negative
21660,THRbeta,hard_negative
154914,THRbeta,hard_negative
6537495,THRbeta,hard_negative
12443,THRbeta,hard_negative
6818,THRbeta,hard_negative
21694,THRbeta,hard_negative
7595,THRbeta,hard_negative
8247,THRbeta,hard_negative
15752,THRbeta,hard_negative
3894848,THRbeta,hard_negative
64961,THRbeta,hard_negative
29872,THRbeta,hard_negative
6633,THRbeta,hard_negative
5842000,THRbeta,hard_negative
5282379,THRbeta,positive
21013,THRbeta,hard_negative
5281873,THRbeta,hard_negative
16682740,THRbeta,hard_negative
5743,THRbeta,hard_negative
7321,THRbeta,hard_negative
5364713,THRbeta,hard_negative
36159,THRbeta,hard_negative
115157,THRbeta,hard_negative
40301,THRbeta,hard_negative
11859,THRbeta,hard_negative
7472,THRbeta,hard_negative
627458,THRbeta,hard_negative
1910825,THRbeta,hard_negative
7062,THRbeta,hard_negative
50516,THRbeta,hard_negative
115089,THRbeta,hard_negative
15206,THRbeta,hard_negative
24937,THRbeta,hard_negative
22086,THRbeta,hard_negative
5993,THRbeta,hard_negative
27582,THRbeta,hard_negative
15588,THRbeta,hard_negative
7546,THRbeta,hard_negative
6440940,THRbeta,hard_negative
6439929,THRbeta,hard_negative
95170,THRbeta,hard_negative
11080,THRbeta,hard_negative
11356,THRbeta,hard_negative
6319,THRbeta,hard_negative
6828,THRbeta,hard_negative
7589,THRbeta,hard_negative
7102,THRbeta,hard_negative
7441,THRbeta,hard_negative
8442,THRbeta,hard_negative
3068143,THRbeta,hard_negative
1091,THRbeta,hard_negative
7568,THRbeta,hard_negative
8155,THRbeta,hard_negative
33934,THRbeta,hard_negative
7112,THRbeta,hard_negative
77080,THRbeta,hard_negative
62130,THRbeta,hard_negative
20240,THRbeta,hard_negative
13297,THRbeta,hard_negative
197873,THRbeta,hard_negative
67299,THRbeta,hard_negative
25015,THRbeta,hard_negative
14138,THRbeta,hard_negative
83050,THRbeta,hard_negative
8570,THRbeta,hard_negative
87250,THRbeta,hard_negative
586708,THRbeta,hard_negative
56638112,THRbeta,hard_negative
69150,THRbeta,hard_negative
23019,THRbeta,hard_negative
53316406,THRbeta,hard_negative
84677,THRbeta,hard_negative
102724,THRbeta,hard_negative
17321,THRbeta,hard_negative
22239085,THRbeta,hard_negative
6929,THRbeta,hard_negative
9958,THRbeta,hard_negative
7543,THRbeta,hard_negative
22833294,THRbeta,hard_negative
67349,THRbeta,hard_negative
7258,THRbeta,hard_negative
6013,THRbeta,hard_negative
11375816,THRbeta,hard_negative
2336,THRbeta,hard_negative
8407,THRbeta,hard_negative
3378440,THRbeta,hard_negative
7495,THRbeta,hard_negative
7331,THRbeta,hard_negative
16212610,THRbeta,hard_negative
6053,THRbeta,hard_negative
5284459,THRbeta,hard_negative
22463,THRbeta,hard_negative
93221,THRbeta,hard_negative
6979,THRbeta,hard_negative
10824,THRbeta,hard_negative
5897,THRbeta,hard_negative
16420,THRbeta,hard_negative
20701,THRbeta,hard_negative
73773,THRbeta,hard_negative
13428,THRbeta,hard_negative
98613,THRbeta,hard_negative
5281567,THRbeta,hard_negative
17231,THRbeta,hard_negative
5930,THRbeta,hard_negative
14642,THRbeta,hard_negative
13636,THRbeta,hard_negative
11571,THRbeta,hard_negative
449459,THRbeta,hard_negative
7015,THRbeta,hard_negative
18728,THRbeta,hard_negative
17570,THRbeta,hard_negative
123504,THRbeta,hard_negative
7578,THRbeta,hard_negative
20167,THRbeta,hard_negative
2723951,THRbeta,hard_negative
11247,THRbeta,hard_negative
7563,THRbeta,hard_negative
2734117,THRbeta,hard_negative
8180,THRbeta,hard_negative
69317,THRbeta,hard_negative
6787,THRbeta,hard_negative
113124,THRbeta,hard_negative
86583,THRbeta,positive
15533,THRbeta,hard_negative
34757,THRbeta,hard_negative
19996,THRbeta,hard_negative
33133,THRbeta,hard_negative
38764,THRbeta,hard_negative
637930,THRbeta,hard_negative
5281576,THRbeta,hard_negative
73668,THRbeta,hard_negative
5280863,THRbeta,hard_negative
70038,THRbeta,hard_negative
62969,THRbeta,hard_negative
320930,THRbeta,hard_negative
6389,THRbeta,hard_negative
91649,THRbeta,hard_negative
53665,THRbeta,hard_negative
79717,THRbeta,hard_negative
68289,THRbeta,hard_negative
13514,THRbeta,hard_negative
65114,THRbeta,hard_negative
1752,THRbeta,hard_negative
2733526,THRbeta,hard_negative
12955,THRbeta,hard_negative
3035,THRbeta,hard_negative
68570,THRbeta,hard_negative
6635,THRbeta,hard_negative
9502,THRbeta,hard_negative
8572,THRbeta,positive
8413,THRbeta,hard_negative
6294,THRbeta,hard_negative
11742,THRbeta,hard_negative
62276,THRbeta,hard_negative
22584,THRbeta,hard_negative
13,THRbeta,positive
25644,THRbeta,hard_negative
6732,THRbeta,hard_negative
2724189,THRbeta,positive
6537,THRbeta,hard_negative
4169,THRbeta,hard_negative
8846,THRbeta,hard_negative
6672,THRbeta,positive
7567,THRbeta,hard_negative
18529,THRbeta,hard_negative
7592,THRbeta,hard_negative
32154,THRbeta,hard_negative
15531,THRbeta,hard_negative
40585,THRbeta,hard_negative
7946,THRbeta,hard_negative
39327,THRbeta,hard_negative
40399,THRbeta,hard_negative
73665,THRbeta,hard_negative
65064,THRbeta,hard_negative
43234,THRbeta,hard_negative
26295,THRbeta,hard_negative
73675,THRbeta,hard_negative
2734956,THRbeta,hard_negative
41206,THRbeta,hard_negative
8289,THRbeta,hard_negative
16560,THRbeta,hard_negative
8561,THRbeta,hard_negative
67172,THRbeta,hard_negative
47326,THRbeta,hard_negative
5280443,THRbeta,hard_negative
6529,THRbeta,hard_negative
7327,THRbeta,hard_negative
73672,THRbeta,hard_negative
7076,THRbeta,hard_negative
10707,THRbeta,hard_negative
5284441,THRbeta,hard_negative
299,THRbeta,hard_negative
13806,THRbeta,hard_negative
9275,THRbeta,hard_negative
20083,THRbeta,positive
5284363,THRbeta,hard_negative
43226,THRbeta,hard_negative
6295,THRbeta,hard_negative
4420,THRbeta,hard_negative
8371,THRbeta,hard_negative
78170,THRbeta,hard_negative
6702,THRbeta,hard_negative
21209,THRbeta,hard_negative
6854,THRbeta,hard_negative
9074,THRbeta,hard_negative
67271,THRbeta,hard_negative
9128,THRbeta,hard_negative
4931,THRbeta,hard_negative
76302,THRbeta,hard_negative
10522,THRbeta,hard_negative
5934,THRbeta,hard_negative
11831,THRbeta,hard_negative
6796,THRbeta,hard_negative
4933,THRbeta,hard_negative
50896,THRbeta,hard_negative
31356,THRbeta,hard_negative
6001,THRbeta,hard_negative
27189,THRbeta,hard_negative
9154,THRbeta,hard_negative
5361514,THRbeta,hard_negative
44073,THRbeta,hard_negative
162461,THRbeta,hard_negative
2728,THRbeta,hard_negative
29732,THRbeta,hard_negative
6950,THRbeta,hard_negative
62558,THRbeta,hard_negative
8663,THRbeta,hard_negative
8679,THRbeta,hard_negative
5283349,THRbeta,hard_negative
38479,THRbeta,hard_negative
11933,THRbeta,hard_negative
3485262,THRbeta,hard_negative
3589,THRbeta,hard_negative
36242,THRbeta,hard_negative
6336,THRbeta,hard_negative
32933,THRbeta,hard_negative
6028,THRbeta,hard_negative
5125,THRbeta,hard_negative
75576,THRbeta,hard_negative
6,THRbeta,hard_negative
2268,THRbeta,hard_negative
86607,THRbeta,hard_negative
7516,THRbeta,hard_negative
638024,THRbeta,hard_negative
1318,THRbeta,hard_negative
18725,THRbeta,hard_negative
991,THRbeta,hard_negative
9889168,THRbeta,hard_negative
19042,THRbeta,hard_negative
27465,THRbeta,hard_negative
26124,THRbeta,hard_negative
643820,THRbeta,positive
6914,THRbeta,hard_negative
4936,THRbeta,hard_negative
5954,THRbeta,hard_negative
7013,THRbeta,hard_negative
158076,THRbeta,hard_negative
5280373,THRbeta,hard_negative
82343,THRbeta,hard_negative
7005,THRbeta,hard_negative
14050,THRbeta,hard_negative
81259,THRbeta,hard_negative
8749,THRbeta,positive
992,THRbeta,hard_negative
5053,THRbeta,hard_negative
7813,THRbeta,positive
7564,THRbeta,hard_negative
3893,THRbeta,hard_negative
62311,THRbeta,hard_negative
11883,THRbeta,hard_negative
39676,THRbeta,hard_negative
43079,THRbeta,hard_negative
26177,THRbeta,hard_negative
8455,THRbeta,hard_negative
27423,THRbeta,hard_negative
31374,THRbeta,positive
8615,THRbeta,hard_negative
108938,THRbeta,hard_negative
2078,THRbeta,hard_negative
8369,THRbeta,positive
62306,THRbeta,hard_negative
7103,THRbeta,hard_negative
7070,THRbeta,hard_negative
36606,THRbeta,hard_negative
24633,THRbeta,hard_negative
6868,THRbeta,hard_negative
13089,THRbeta,hard_negative
38037,THRbeta,hard_negative
8689,THRbeta,hard_negative
7340,THRbeta,hard_negative
6014,THRbeta,hard_negative
14127,THRbeta,hard_negative
6478,THRbeta,hard_negative
8571,THRbeta,hard_negative
4793,THRbeta,hard_negative
13271,THRbeta,hard_negative
4130,THRbeta,hard_negative
5280343,THRbeta,hard_negative
73852,THRbeta,hard_negative
86102,THRbeta,hard_negative
17170,THRbeta,hard_negative
7430,THRbeta,hard_negative
10377,THRbeta,hard_negative
107377,THRbeta,hard_negative
2355,THRbeta,hard_negative
34192,THRbeta,hard_negative
13283,THRbeta,hard_negative
12902,THRbeta,positive
12472902,THRbeta,hard_negative
9153,THRbeta,hard_negative
2730,THRbeta,hard_negative
16685,THRbeta,hard_negative
8305,THRbeta,hard_negative
7031,THRbeta,hard_negative
9395,THRbeta,hard_negative
15787,THRbeta,hard_negative
8411,THRbeta,hard_negative
980,THRbeta,hard_negative
1988,THRbeta,hard_negative
3225,THRbeta,hard_negative
76013,THRbeta,positive
7807,THRbeta,hard_negative
6040503,THRbeta,hard_negative
37034,THRbeta,hard_negative
5362708,THRbeta,hard_negative
31426,THRbeta,hard_negative
10771,THRbeta,hard_negative
10208,THRbeta,hard_negative
19283,THRbeta,hard_negative
6450278,THRbeta,hard_negative
5371728,THRbeta,hard_negative
28803,THRbeta,hard_negative
78738,THRbeta,hard_negative
73415808,THRbeta,hard_negative
1674,THRbeta,hard_negative
24007,THRbeta,hard_negative
23892,THRbeta,hard_negative
5702746,THRbeta,hard_negative
11181836,THRbeta,hard_negative
46226173,THRbeta,hard_negative
23160059,THRbeta,hard_negative
16211849,THRbeta,positive
12038941,THRbeta,hard_negative
5368491,THRbeta,hard_negative
14425,THRbeta,hard_negative
9117,THRbeta,hard_negative
75628,THRbeta,hard_negative
22882,THRbeta,hard_negative
71027,THRbeta,hard_negative
84703,THRbeta,hard_negative
387179,THRbeta,hard_negative
67589,THRbeta,hard_negative
107882,THRbeta,hard_negative
10308,THRbeta,hard_negative
104677,THRbeta,hard_negative
4788,THRbeta,hard_negative
7296,THRbeta,hard_negative
27882,THRbeta,hard_negative
11764,THRbeta,hard_negative
6528,THRbeta,hard_negative
7571,THRbeta,hard_negative
16719,THRbeta,hard_negative
17279,THRbeta,hard_negative
17599,THRbeta,hard_negative
3014138,THRbeta,hard_negative
95717,THRbeta,hard_negative
11309,THRbeta,hard_negative
44368,THRbeta,hard_negative
69908,THRbeta,hard_negative
6724,THRbeta,hard_negative
3884,THRbeta,hard_negative
74867,THRbeta,hard_negative
74062,THRbeta,hard_negative
28308,THRbeta,hard_negative
82703,THRbeta,hard_negative
73848,THRbeta,hard_negative
15529,THRbeta,hard_negative
1539,THRbeta,hard_negative
14589,THRbeta,hard_negative
5377323,THRbeta,hard_negative
70425,THRbeta,hard_negative
26176,THRbeta,hard_negative
10680,THRbeta,hard_negative
7381,THRbeta,hard_negative
2347,THRbeta,hard_negative
3220,THRbeta,hard_negative
10868,THRbeta,hard_negative
14257,THRbeta,positive
3286,THRbeta,hard_negative
23674746,THRbeta,hard_negative
6451325,THRbeta,hard_negative
9831581,THRbeta,hard_negative
18173271,THRbeta,hard_negative
15981450,THRbeta,hard_negative
11472813,THRbeta,hard_negative
9931156,THRbeta,hard_negative
9865233,THRbeta,hard_negative
9869105,THRbeta,hard_negative
9872438,THRbeta,hard_negative
60196406,THRbeta,hard_negative
24852044,THRbeta,hard_negative
10201497,THRbeta,hard_negative
12148754,THRbeta,hard_negative
60196408,THRbeta,hard_negative
60196409,THRbeta,hard_negative
25099474,THRbeta,hard_negative
67821,THRbeta,hard_negative
16682828,THRbeta,positive
27195,THRbeta,hard_negative
16421,THRbeta,hard_negative
18551400,THRbeta,positive
9819350,THRbeta,positive
10134976,THRbeta,hard_negative
6252,THRbeta,hard_negative
23667548,THRbeta,positive
2776282,THRbeta,hard_negative
9555,THRbeta,hard_negative
1345,THRbeta,hard_negative
11285653,THRbeta,hard_negative
96088,THRbeta,hard_negative
86296,THRbeta,hard_negative
24814,THRbeta,hard_negative
104926,THRbeta,hard_negative
65067,THRbeta,positive
91773,THRbeta,hard_negative
8433,THRbeta,hard_negative
9554,THRbeta,hard_negative
13905,THRbeta,hard_negative
91753,THRbeta,hard_negative
91768,THRbeta,hard_negative
107720,THRbeta,hard_negative
92431,THRbeta,hard_negative
38779,THRbeta,hard_negative
10342051,THRbeta,hard_negative
8227,THRbeta,hard_negative
25912,THRbeta,hard_negative
25146,THRbeta,hard_negative
86138,THRbeta,hard_negative
107080,THRbeta,hard_negative
5372405,THRbeta,hard_negative
39385,THRbeta,hard_negative
31200,THRbeta,hard_negative
28935,THRbeta,hard_negative
5889665,THRbeta,hard_negative
5803450,THRbeta,hard_negative
249494,THRbeta,positive
6778,THRbeta,hard_negative
86367,THRbeta,hard_negative
86287521,THRbeta,hard_negative
3317081,THRbeta,hard_negative
54778,THRbeta,hard_negative
29216,THRbeta,hard_negative
5284341,THRbeta,hard_negative
7693,THRbeta,hard_negative
86222,THRbeta,hard_negative
180089,THRbeta,hard_negative
82145,THRbeta,hard_negative
7828,THRbeta,positive
213031,THRbeta,hard_negative
9578570,THRbeta,hard_negative
3794540,THRbeta,positive
21804,THRbeta,hard_negative
86429,THRbeta,hard_negative
50897,THRbeta,hard_negative
10403199,THRbeta,hard_negative
93379,THRbeta,hard_negative
33360,THRbeta,hard_negative
22833489,THRbeta,hard_negative
11826859,THRbeta,hard_negative
5355863,THRbeta,hard_negative
7328,THRbeta,hard_negative
47938,THRbeta,hard_negative
19587,THRbeta,hard_negative
86132,THRbeta,hard_negative
8010,THRbeta,hard_negative
100524,THRbeta,hard_negative
51605,THRbeta,hard_negative
36870,THRbeta,hard_negative
11437710,THRbeta,hard_negative
62379,THRbeta,hard_negative
119193,THRbeta,hard_negative
41463,THRbeta,hard_negative
117640,THRbeta,hard_negative
91683,THRbeta,hard_negative
54678504,THRbeta,hard_negative
53672,THRbeta,hard_negative
91692,THRbeta,hard_negative
89440,THRbeta,hard_negative
28768,THRbeta,hard_negative
66573,THRbeta,hard_negative
2723715,THRbeta,hard_negative
6872,THRbeta,hard_negative
91693,THRbeta,hard_negative
6636,THRbeta,hard_negative
11488,THRbeta,hard_negative
15530,THRbeta,hard_negative
21330,THRbeta,hard_negative
34313,THRbeta,hard_negative
15969,THRbeta,hard_negative
10303,THRbeta,hard_negative
118703,THRbeta,hard_negative
91664,THRbeta,hard_negative
27295,THRbeta,hard_negative
28292,THRbeta,hard_negative
37125,THRbeta,hard_negative
26033,THRbeta,hard_negative
91593,THRbeta,hard_negative
87391,THRbeta,hard_negative
94932,THRbeta,hard_negative
66609,THRbeta,hard_negative
17701,THRbeta,hard_negative
17531,THRbeta,hard_negative
38884,THRbeta,hard_negative
60196420,THRbeta,hard_negative
1474,THRbeta,hard_negative
6730,THRbeta,hard_negative
31957,THRbeta,hard_negative
66571,THRbeta,hard_negative
18980,THRbeta,hard_negative
79688,THRbeta,hard_negative
85821,THRbeta,hard_negative
81346,THRbeta,hard_negative
75444,THRbeta,hard_negative
79633,THRbeta,hard_negative
94684,THRbeta,hard_negative
16143,THRbeta,hard_negative
10234,THRbeta,hard_negative
51369,THRbeta,hard_negative
93528,THRbeta,hard_negative
40520,THRbeta,hard_negative
17435,THRbeta,hard_negative
19402,THRbeta,hard_negative
91708,THRbeta,hard_negative
91673,THRbeta,hard_negative
11140605,THRbeta,hard_negative
32184,THRbeta,hard_negative
12309460,THRbeta,hard_negative
181518,THRbeta,hard_negative
5387121,THRbeta,hard_negative
39230,THRbeta,hard_negative
77956,THRbeta,hard_negative
6669,THRbeta,hard_negative
94544,THRbeta,hard_negative
67236,THRbeta,hard_negative
671,THRbeta,hard_negative
92387,THRbeta,hard_negative
6621,THRbeta,hard_negative
32912,THRbeta,hard_negative
6772,THRbeta,hard_negative
116814,THRbeta,hard_negative
93312,THRbeta,hard_negative
4443516,THRbeta,hard_negative
86171,THRbeta,hard_negative
74937,THRbeta,hard_negative
108956,THRbeta,hard_negative
170286,THRbeta,hard_negative
20113,THRbeta,hard_negative
69765,THRbeta,hard_negative
5284462,THRbeta,hard_negative
27211,THRbeta,hard_negative
42981,THRbeta,hard_negative
4373502,THRbeta,hard_negative
74448,THRbeta,hard_negative
103005,THRbeta,hard_negative
16683072,THRbeta,positive
61285,THRbeta,hard_negative
68539,THRbeta,hard_negative
60196427,THRbeta,hard_negative
41114,THRbeta,hard_negative
5364932,THRbeta,positive
1730,THRbeta,hard_negative
23678979,THRbeta,hard_negative
3033832,THRbeta,hard_negative
42745,THRbeta,positive
5360487,THRbeta,hard_negative
23665583,THRbeta,hard_negative
9690,THRbeta,hard_negative
19113,THRbeta,hard_negative
20848,THRbeta,hard_negative
16115,THRbeta,hard_negative
30709,THRbeta,hard_negative
22094,THRbeta,hard_negative
16422,THRbeta,hard_negative
38283,THRbeta,hard_negative
92873,THRbeta,hard_negative
69827,THRbeta,hard_negative
31315,THRbeta,hard_negative
3034351,THRbeta,hard_negative
19079,THRbeta,hard_negative
82161,THRbeta,hard_negative
31208,THRbeta,hard_negative
644213,THRbeta,hard_negative
3086172,THRbeta,hard_negative
13708,THRbeta,hard_negative
36382,THRbeta,hard_negative
69484,THRbeta,hard_negative
23668353,THRbeta,hard_negative
67215,THRbeta,hard_negative
7337,THRbeta,hard_negative
93573,THRbeta,positive
7071,THRbeta,hard_negative
4534,THRbeta,hard_negative
13254,THRbeta,hard_negative
449171,THRbeta,positive
53249535,THRbeta,hard_negative
16722125,THRbeta,hard_negative
13783,THRbeta,hard_negative
11774,THRbeta,hard_negative
6112114,THRbeta,hard_negative
12797557,THRbeta,hard_negative
91677,THRbeta,hard_negative
9300,THRbeta,hard_negative
33565,THRbeta,hard_negative
86210,THRbeta,hard_negative
9462,THRbeta,hard_negative
16533,THRbeta,hard_negative
8187,THRbeta,hard_negative
5281607,THRbeta,hard_negative
24321,THRbeta,hard_negative
9562059,THRbeta,hard_negative
5281055,THRbeta,hard_negative
24180685,THRbeta,hard_negative
60196430,THRbeta,hard_negative
18771,THRbeta,hard_negative
91688,THRbeta,hard_negative
6603901,THRbeta,hard_negative
60823,THRbeta,hard_negative
6025,THRbeta,hard_negative
9969573,THRbeta,hard_negative
41632,THRbeta,hard_negative
3444,THRbeta,hard_negative
65478,THRbeta,hard_negative
121639,THRbeta,hard_negative
23666110,THRbeta,positive
76464,THRbeta,positive
10140,THRbeta,positive
71612,THRbeta,hard_negative
75547,THRbeta,hard_negative
8380,THRbeta,hard_negative
61031,THRbeta,hard_negative
85025,THRbeta,hard_negative
223368,THRbeta,positive
114994,THRbeta,hard_negative
9571016,THRbeta,hard_negative
657220,THRbeta,hard_negative
11769,THRbeta,hard_negative
6777,THRbeta,hard_negative
5281875,THRbeta,hard_negative
70400,THRbeta,hard_negative
14716,THRbeta,hard_negative
60196435,THRbeta,hard_negative
60196436,THRbeta,hard_negative
10068207,THRbeta,hard_negative
59086459,THRbeta,hard_negative
9850056,THRbeta,hard_negative
10345790,THRbeta,hard_negative
6440554,THRbeta,hard_negative
11193251,THRbeta,hard_negative
29354,THRbeta,hard_negative
38360,THRbeta,hard_negative
65552,THRbeta,positive
86287525,THRbeta,hard_negative
15032,THRbeta,hard_negative
31100,THRbeta,hard_negative
75575,THRbeta,hard_negative
23670838,THRbeta,hard_negative
135492483,THRbeta,hard_negative
8765,THRbeta,hard_negative
6625,THRbeta,hard_negative
7243,THRbeta,hard_negative
15730,THRbeta,hard_negative
6051,THRbeta,hard_negative
11767,THRbeta,hard_negative
7812,THRbeta,hard_negative
7475,THRbeta,hard_negative
17818,THRbeta,hard_negative
4984721,THRbeta,hard_negative
171660,THRbeta,hard_negative
22704,THRbeta,hard_negative
213013,THRbeta,hard_negative
6436449,THRbeta,hard_negative
13709,THRbeta,hard_negative
3712,THRbeta,hard_negative
11818,THRbeta,hard_negative
31423,THRbeta,hard_negative
11442,THRbeta,hard_negative
41368,THRbeta,hard_negative
29393,THRbeta,hard_negative
31070,THRbeta,hard_negative
74483,THRbeta,hard_negative
47898,THRbeta,hard_negative
3034285,THRbeta,hard_negative
