SMILES,title,i_i_glide_lignum,docking_status,message,r_glide_cpu_time,r_i_docking_score,s_i_glide_gridfile,r_i_glide_gscore,r_i_glide_lipo,r_i_glide_hbond,r_i_glide_metal,r_i_glide_rewards,r_i_glide_evdw,r_i_glide_ecoul,r_i_glide_erotb,r_i_glide_esite,r_i_glide_emodel,r_i_glide_energy,r_i_glide_einternal
CC(C)(c1ccc(OC[C@H]2CO2)cc1)c1ccc(OC[C@H]2CO2)cc1,BPA_CID2286__prepared_state_000,1,Done,,6.734,-8.215,grid,-8.215,-5.143,-0.3522,-0.0,-1.383,-45.58,-2.426,1.307,0.0,-69.65,-48.01,4.718
CC(C)(c1ccc(OC[C@H]2CO2)cc1)c1ccc(OC[C@H]2CO2)cc1,BPA_CID2286__prepared_state_000,1,Done,,6.734,-7.943,grid,-7.943,-4.771,-0.32,-0.0,-1.566,-44.52,-2.451,1.307,0.0,-68.74,-46.97,2.87
CC(C)(c1ccc(OC[C@H]2CO2)cc1)c1ccc(OC[C@H]2CO2)cc1,BPA_CID2286__prepared_state_000,1,Done,,6.734,-7.97,grid,-7.97,-5.161,-0.13,-0.0,-1.546,-45.1,-1.234,1.307,0.0,-67.42,-46.33,4.397
CC(C)(c1ccc(OC[C@H]2CO2)cc1)c1ccc(OC[C@H]2CO2)cc1,BPA_CID2286__prepared_state_000,1,Done,,6.734,-7.833,grid,-7.833,-5.048,0.0,-0.0,-1.722,-45.02,-0.796,1.307,0.0,-67.04,-45.82,3.311
CC(C)(c1ccc(OC[C@H]2CO2)cc1)c1ccc(OC[C@H]2CO2)cc1,BPA_CID2286__prepared_state_000,1,Done,,6.734,-8.236,grid,-8.236,-4.947,-0.4444,-0.0,-1.467,-44.72,-2.996,1.307,0.0,-66.39,-47.72,10.77
CC(C)(c1ccc(OC[C@H]2CO2)cc1)c1ccc(OC[C@H]2CO2)cc1,BPA_CID2286__prepared_state_000,1,Done,,6.734,-7.898,grid,-7.898,-5.179,0.0,-0.0,-1.736,-44.11,-0.5673,1.307,0.0,-66.29,-44.67,2.901
CC(C)(c1ccc(OC[C@H]2CO2)cc1)c1ccc(OC[C@H]2CO2)cc1,BPA_CID2286__prepared_state_000,1,Done,,6.734,-7.788,grid,-7.788,-5.151,-0.1308,-0.0,-1.417,-45.56,-0.7947,1.307,0.0,-65.59,-46.36,7.041
CC(C)(c1ccc(OC[C@H]2CO2)cc1)c1ccc(OC[C@H]2CO2)cc1,BPA_CID2286__prepared_state_000,1,Done,,6.734,-7.9,grid,-7.9,-4.801,-0.4504,-0.0,-1.344,-43.99,-2.75,1.307,0.0,-64.67,-46.74,10.29
CC(C)(c1ccc(OC[C@H]2CO2)cc1)c1ccc(OC[C@H]2CO2)cc1,BPA_CID2286__prepared_state_000,1,Done,,6.734,-7.783,grid,-7.783,-5.191,-0.1334,-0.0,-1.427,-44.36,-0.8068,1.307,0.0,-64.45,-45.17,6.901
CC(C)(c1ccc(OC[C@H]2CO2)cc1)c1ccc(OC[C@H]2CO2)cc1,BPA_CID2286__prepared_state_000,1,Done,,6.734,-7.406,grid,-7.406,-4.964,-0.1253,-0.0,-1.166,-46.4,-0.9115,1.307,0.0,-64.14,-47.31,9.617
CC(C)(c1ccc(OC[C@H]2CO2)cc1)c1ccc(OC[C@H]2CO2)cc1,BPA_CID2286__prepared_state_000,1,Done,,6.734,-7.799,grid,-7.799,-5.249,-0.16,-0.0,-1.293,-42.62,-1.831,1.307,0.0,-63.79,-44.45,6.883
CC(C)(c1ccc(OC[C@H]2CO2)cc1)c1ccc(OC[C@H]2CO2)cc1,BPA_CID2286__prepared_state_000,1,Done,,6.734,-7.429,grid,-7.429,-4.672,-0.2692,-0.0,-1.644,-43.93,0.3001,1.307,0.0,-63.67,-43.63,3.318
CC(C)(c1ccc(OC[C@H]2CO2)cc1)c1ccc(OC[C@H]2CO2)cc1,BPA_CID2286__prepared_state_000,1,Done,,6.734,-8.079,grid,-8.079,-5.408,0.0,-0.0,-1.803,-42.13,-0.4627,1.307,0.0,-63.65,-42.59,5.079
CC(C)(c1ccc(OC[C@H]2CO2)cc1)c1ccc(OC[C@H]2CO2)cc1,BPA_CID2286__prepared_state_000,1,Done,,6.734,-7.727,grid,-7.727,-5.192,0.0,-0.0,-1.644,-45.99,0.6767,1.307,0.0,-63.37,-45.31,9.032
CC(C)(c1ccc(OC[C@H]2CO2)cc1)c1ccc(OC[C@H]2CO2)cc1,BPA_CID2286__prepared_state_000,1,Done,,6.734,-7.301,grid,-7.301,-4.724,-0.2793,-0.0,-1.205,-40.87,-2.38,1.307,0.0,-62.86,-43.25,3.435
CC(C)(c1ccc(OC[C@H]2CO2)cc1)c1ccc(OC[C@H]2CO2)cc1,BPA_CID2286__prepared_state_000,1,Done,,6.734,-7.407,grid,-7.407,-4.979,0.0,-0.0,-1.449,-42.74,-0.9983,1.307,0.0,-62.77,-43.74,5.213
CC(C)(c1ccc(OC[C@H]2CO2)cc1)c1ccc(OC[C@H]2CO2)cc1,BPA_CID2286__prepared_state_000,1,Done,,6.734,-7.577,grid,-7.577,-4.589,-0.4006,-0.0,-1.684,-41.34,-0.9568,1.307,0.0,-62.71,-42.3,3.448
CC(C)(c1ccc(OC[C@H]2CO2)cc1)c1ccc(OC[C@H]2CO2)cc1,BPA_CID2286__prepared_state_000,1,Done,,6.734,-7.275,grid,-7.275,-4.856,0.0,-0.0,-1.594,-43.34,0.2287,1.307,0.0,-62.59,-43.11,3.531
CC(C)(c1ccc(OC[C@H]2CO2)cc1)c1ccc(OC[C@H]2CO2)cc1,BPA_CID2286__prepared_state_000,1,Done,,6.734,-7.307,grid,-7.307,-4.927,0.0,-0.0,-1.699,-44.02,1.418,1.307,0.0,-62.47,-42.6,2.954
CC(C)(c1ccc(OC[C@H]2CO2)cc1)c1ccc(OC[C@H]2CO2)cc1,BPA_CID2286__prepared_state_000,1,Done,,6.734,-7.512,grid,-7.512,-4.85,-0.2358,-0.0,-1.553,-43.07,-0.1824,1.307,0.0,-62.36,-43.25,5.678
CC(C)(c1ccc(OC[C@@H]2CO2)cc1)c1ccc(OC[C@H]2CO2)cc1,BPA_CID2286__prepared_state_001,2,Done,,6.24,-8.007,grid,-8.007,-4.73,-0.4235,-0.0,-1.621,-44.14,-2.218,1.307,0.0,-68.53,-46.35,2.898
CC(C)(c1ccc(OC[C@@H]2CO2)cc1)c1ccc(OC[C@H]2CO2)cc1,BPA_CID2286__prepared_state_001,2,Done,,6.24,-7.881,grid,-7.881,-5.203,0.0,-0.0,-1.533,-45.89,-1.047,1.307,0.0,-68.19,-46.94,4.015
CC(C)(c1ccc(OC[C@@H]2CO2)cc1)c1ccc(OC[C@H]2CO2)cc1,BPA_CID2286__prepared_state_001,2,Done,,6.24,-8.142,grid,-8.142,-5.185,-0.1358,-0.0,-1.513,-45.02,-2.429,1.307,0.0,-67.96,-47.45,7.038
CC(C)(c1ccc(OC[C@@H]2CO2)cc1)c1ccc(OC[C@H]2CO2)cc1,BPA_CID2286__prepared_state_001,2,Done,,6.24,-8.054,grid,-8.054,-4.893,-0.3194,-0.0,-1.684,-44.23,-1.691,1.307,0.0,-67.85,-45.92,3.69
CC(C)(c1ccc(OC[C@@H]2CO2)cc1)c1ccc(OC[C@H]2CO2)cc1,BPA_CID2286__prepared_state_001,2,Done,,6.24,-7.907,grid,-7.907,-5.125,-0.05807,-0.0,-1.702,-45.67,-0.3056,1.307,0.0,-67.7,-45.98,3.217
CC(C)(c1ccc(OC[C@@H]2CO2)cc1)c1ccc(OC[C@H]2CO2)cc1,BPA_CID2286__prepared_state_001,2,Done,,6.24,-7.938,grid,-7.938,-5.176,0.0,-0.0,-1.698,-44.99,-0.8085,1.307,0.0,-67.37,-45.8,3.712
CC(C)(c1ccc(OC[C@@H]2CO2)cc1)c1ccc(OC[C@H]2CO2)cc1,BPA_CID2286__prepared_state_001,2,Done,,6.24,-7.746,grid,-7.746,-4.779,-0.2962,-0.0,-1.398,-44.84,-2.256,1.307,0.0,-67.07,-47.09,5.776
CC(C)(c1ccc(OC[C@@H]2CO2)cc1)c1ccc(OC[C@H]2CO2)cc1,BPA_CID2286__prepared_state_001,2,Done,,6.24,-7.89,grid,-7.89,-4.869,-0.32,-0.0,-1.514,-45.7,-1.4,1.307,0.0,-67.0,-47.1,6.776
CC(C)(c1ccc(OC[C@@H]2CO2)cc1)c1ccc(OC[C@H]2CO2)cc1,BPA_CID2286__prepared_state_001,2,Done,,6.24,-7.83,grid,-7.83,-5.047,-0.09285,-0.0,-1.493,-45.51,-1.531,1.307,0.0,-66.97,-47.04,6.371
CC(C)(c1ccc(OC[C@@H]2CO2)cc1)c1ccc(OC[C@H]2CO2)cc1,BPA_CID2286__prepared_state_001,2,Done,,6.24,-7.832,grid,-7.832,-4.985,-0.1634,-0.0,-1.596,-44.84,-1.02,1.307,0.0,-66.94,-45.86,4.068
CC(C)(c1ccc(OC[C@@H]2CO2)cc1)c1ccc(OC[C@H]2CO2)cc1,BPA_CID2286__prepared_state_001,2,Done,,6.24,-7.92,grid,-7.92,-4.838,-0.4481,-0.0,-1.396,-44.45,-2.153,1.307,0.0,-66.58,-46.61,6.794
CC(C)(c1ccc(OC[C@@H]2CO2)cc1)c1ccc(OC[C@H]2CO2)cc1,BPA_CID2286__prepared_state_001,2,Done,,6.24,-7.912,grid,-7.912,-5.031,0.0,-0.0,-1.63,-44.66,-2.163,1.307,0.0,-65.7,-46.82,8.936
CC(C)(c1ccc(OC[C@@H]2CO2)cc1)c1ccc(OC[C@H]2CO2)cc1,BPA_CID2286__prepared_state_001,2,Done,,6.24,-7.593,grid,-7.593,-4.605,-0.285,-0.0,-1.572,-42.96,-1.941,1.307,0.0,-65.36,-44.9,3.884
CC(C)(c1ccc(OC[C@@H]2CO2)cc1)c1ccc(OC[C@H]2CO2)cc1,BPA_CID2286__prepared_state_001,2,Done,,6.24,-7.683,grid,-7.683,-5.137,0.0,-0.0,-1.652,-44.66,0.2068,1.307,0.0,-65.32,-44.46,3.614
CC(C)(c1ccc(OC[C@@H]2CO2)cc1)c1ccc(OC[C@H]2CO2)cc1,BPA_CID2286__prepared_state_001,2,Done,,6.24,-7.772,grid,-7.772,-4.603,-0.32,-0.0,-1.635,-41.34,-3.026,1.307,0.0,-65.21,-44.36,4.191
CC(C)(c1ccc(OC[C@@H]2CO2)cc1)c1ccc(OC[C@H]2CO2)cc1,BPA_CID2286__prepared_state_001,2,Done,,6.24,-7.69,grid,-7.69,-4.91,-0.2049,-0.0,-1.493,-42.65,-1.715,1.307,0.0,-65.05,-44.37,4.018
CC(C)(c1ccc(OC[C@@H]2CO2)cc1)c1ccc(OC[C@H]2CO2)cc1,BPA_CID2286__prepared_state_001,2,Done,,6.24,-7.88,grid,-7.88,-4.976,-0.3737,-0.0,-1.259,-41.43,-3.383,1.307,0.0,-64.46,-44.81,7.217
CC(C)(c1ccc(OC[C@@H]2CO2)cc1)c1ccc(OC[C@H]2CO2)cc1,BPA_CID2286__prepared_state_001,2,Done,,6.24,-7.492,grid,-7.492,-4.847,0.0,-0.0,-1.708,-43.22,-0.5497,1.307,0.0,-64.32,-43.77,3.118
CC(C)(c1ccc(OC[C@@H]2CO2)cc1)c1ccc(OC[C@H]2CO2)cc1,BPA_CID2286__prepared_state_001,2,Done,,6.24,-7.804,grid,-7.804,-4.955,-0.2249,-0.0,-1.514,-44.97,-1.127,1.307,0.0,-64.06,-46.09,10.13
CC(C)(c1ccc(OC[C@@H]2CO2)cc1)c1ccc(OC[C@H]2CO2)cc1,BPA_CID2286__prepared_state_001,2,Done,,6.24,-7.22,grid,-7.22,-4.927,-0.1471,-0.0,-0.8592,-45.01,-2.293,1.307,0.0,-63.76,-47.3,9.703
CC(C)(c1ccc(OC[C@@H]2CO2)cc1)c1ccc(OC[C@@H]2CO2)cc1,BPA_CID2286__prepared_state_002,3,Done,,6.169,-8.077,grid,-8.077,-5.226,0.0,-0.0,-1.596,-45.84,-1.802,1.307,0.0,-69.24,-47.64,3.213
CC(C)(c1ccc(OC[C@@H]2CO2)cc1)c1ccc(OC[C@@H]2CO2)cc1,BPA_CID2286__prepared_state_002,3,Done,,6.169,-7.963,grid,-7.963,-4.901,-0.2301,-0.0,-1.537,-45.03,-2.339,1.307,0.0,-69.0,-47.37,2.485
CC(C)(c1ccc(OC[C@@H]2CO2)cc1)c1ccc(OC[C@@H]2CO2)cc1,BPA_CID2286__prepared_state_002,3,Done,,6.169,-7.773,grid,-7.773,-5.018,-0.1451,-0.0,-1.387,-47.03,-1.196,1.307,0.0,-68.25,-48.22,4.594
CC(C)(c1ccc(OC[C@@H]2CO2)cc1)c1ccc(OC[C@@H]2CO2)cc1,BPA_CID2286__prepared_state_002,3,Done,,6.169,-7.97,grid,-7.97,-5.164,-0.1041,-0.0,-1.539,-44.74,-1.556,1.307,0.0,-67.5,-46.3,3.379
CC(C)(c1ccc(OC[C@@H]2CO2)cc1)c1ccc(OC[C@@H]2CO2)cc1,BPA_CID2286__prepared_state_002,3,Done,,6.169,-8.027,grid,-8.027,-4.781,-0.4234,-0.0,-1.664,-44.84,-1.493,1.307,0.0,-67.48,-46.34,3.832
CC(C)(c1ccc(OC[C@@H]2CO2)cc1)c1ccc(OC[C@@H]2CO2)cc1,BPA_CID2286__prepared_state_002,3,Done,,6.169,-7.999,grid,-7.999,-4.861,-0.32,-0.0,-1.572,-45.47,-1.86,1.307,0.0,-67.09,-47.33,6.428
CC(C)(c1ccc(OC[C@@H]2CO2)cc1)c1ccc(OC[C@@H]2CO2)cc1,BPA_CID2286__prepared_state_002,3,Done,,6.169,-8.063,grid,-8.063,-4.885,-0.3249,-0.0,-1.654,-44.13,-2.0,1.307,0.0,-66.31,-46.13,5.965
CC(C)(c1ccc(OC[C@@H]2CO2)cc1)c1ccc(OC[C@@H]2CO2)cc1,BPA_CID2286__prepared_state_002,3,Done,,6.169,-7.868,grid,-7.868,-4.778,-0.3326,-0.0,-1.771,-44.36,-0.5012,1.307,0.0,-65.41,-44.86,4.102
CC(C)(c1ccc(OC[C@@H]2CO2)cc1)c1ccc(OC[C@@H]2CO2)cc1,BPA_CID2286__prepared_state_002,3,Done,,6.169,-7.895,grid,-7.895,-5.101,-0.09629,-0.0,-1.674,-45.74,-0.3001,1.307,0.0,-65.12,-46.04,7.198
CC(C)(c1ccc(OC[C@@H]2CO2)cc1)c1ccc(OC[C@@H]2CO2)cc1,BPA_CID2286__prepared_state_002,3,Done,,6.169,-7.852,grid,-7.852,-5.206,0.0,-0.0,-1.487,-46.86,-0.8171,1.307,0.0,-65.08,-47.68,10.31
CC(C)(c1ccc(OC[C@@H]2CO2)cc1)c1ccc(OC[C@@H]2CO2)cc1,BPA_CID2286__prepared_state_002,3,Done,,6.169,-7.727,grid,-7.727,-5.231,0.0,-0.0,-1.491,-45.57,-0.2225,1.307,0.0,-65.0,-45.79,5.97
CC(C)(c1ccc(OC[C@@H]2CO2)cc1)c1ccc(OC[C@@H]2CO2)cc1,BPA_CID2286__prepared_state_002,3,Done,,6.169,-7.695,grid,-7.695,-5.189,0.0,-0.0,-1.711,-45.59,1.178,1.307,0.0,-64.62,-44.41,3.795
CC(C)(c1ccc(OC[C@@H]2CO2)cc1)c1ccc(OC[C@@H]2CO2)cc1,BPA_CID2286__prepared_state_002,3,Done,,6.169,-7.507,grid,-7.507,-5.201,0.0,-0.0,-1.343,-45.85,0.1451,1.307,0.0,-64.04,-45.71,6.472
CC(C)(c1ccc(OC[C@@H]2CO2)cc1)c1ccc(OC[C@@H]2CO2)cc1,BPA_CID2286__prepared_state_002,3,Done,,6.169,-7.73,grid,-7.73,-4.63,-0.3546,-0.0,-1.694,-41.32,-1.945,1.307,0.0,-63.97,-43.26,2.999
CC(C)(c1ccc(OC[C@@H]2CO2)cc1)c1ccc(OC[C@@H]2CO2)cc1,BPA_CID2286__prepared_state_002,3,Done,,6.169,-7.628,grid,-7.628,-4.807,-0.0917,-0.0,-1.63,-45.3,-0.9458,1.307,0.0,-63.65,-46.24,9.007
CC(C)(c1ccc(OC[C@@H]2CO2)cc1)c1ccc(OC[C@@H]2CO2)cc1,BPA_CID2286__prepared_state_002,3,Done,,6.169,-7.678,grid,-7.678,-4.718,-0.2484,-0.0,-1.739,-42.65,-0.9829,1.307,0.0,-63.59,-43.63,4.202
CC(C)(c1ccc(OC[C@@H]2CO2)cc1)c1ccc(OC[C@@H]2CO2)cc1,BPA_CID2286__prepared_state_002,3,Done,,6.169,-7.925,grid,-7.925,-5.305,0.0,-0.0,-1.666,-44.64,-0.1884,1.307,0.0,-63.23,-44.82,8.722
CC(C)(c1ccc(OC[C@@H]2CO2)cc1)c1ccc(OC[C@@H]2CO2)cc1,BPA_CID2286__prepared_state_002,3,Done,,6.169,-7.331,grid,-7.331,-4.637,0.0,-0.0,-1.573,-45.24,-1.105,1.307,0.0,-62.8,-46.34,9.205
CC(C)(c1ccc(OC[C@@H]2CO2)cc1)c1ccc(OC[C@@H]2CO2)cc1,BPA_CID2286__prepared_state_002,3,Done,,6.169,-7.743,grid,-7.743,-4.934,-0.2602,-0.0,-1.511,-43.85,-1.017,1.307,0.0,-62.74,-44.86,8.73
CC(C)(c1ccc(OC[C@@H]2CO2)cc1)c1ccc(OC[C@@H]2CO2)cc1,BPA_CID2286__prepared_state_002,3,Done,,6.169,-7.387,grid,-7.387,-4.925,-0.1856,-0.0,-1.183,-44.67,-1.115,1.307,0.0,-62.51,-45.79,8.983
CC(C)(c1cc(Br)c([O-])c(Br)c1)c1cc(Br)c([O-])c(Br)c1,BPA_CID6618__prepared_state_003,4,Done,,1.097,-6.238,grid,-6.486,-4.14,-0.08142,-0.0,-0.5389,-34.87,-0.8199,0.1409,0.0,-51.6,-35.69,1.875
CC(C)(c1cc(Br)c([O-])c(Br)c1)c1cc(Br)c([O-])c(Br)c1,BPA_CID6618__prepared_state_003,4,Done,,1.097,-5.438,grid,-5.686,-4.135,0.0,-0.0,-0.1847,-37.15,2.34,0.1409,0.0,-49.06,-34.81,1.029
CC(C)(c1cc(Br)c([O-])c(Br)c1)c1cc(Br)c([O-])c(Br)c1,BPA_CID6618__prepared_state_003,4,Done,,1.097,-5.885,grid,-6.133,-3.884,0.0,-0.0,-0.7962,-37.11,1.746,0.1409,0.0,-48.83,-35.36,4.918
CC(C)(c1cc(Br)c([O-])c(Br)c1)c1cc(Br)c([O-])c(Br)c1,BPA_CID6618__prepared_state_003,4,Done,,1.097,-5.561,grid,-5.809,-3.705,0.0,-0.0,-0.6221,-35.49,1.009,0.1409,0.0,-48.49,-34.48,2.163
CC(C)(c1cc(Br)c([O-])c(Br)c1)c1cc(Br)c([O-])c(Br)c1,BPA_CID6618__prepared_state_003,4,Done,,1.097,-5.515,grid,-5.763,-3.976,0.0,-0.0,-0.1985,-35.35,0.2567,0.1409,0.0,-47.53,-35.09,5.052
CC(C)(c1cc(Br)c([O-])c(Br)c1)c1cc(Br)c([O-])c(Br)c1,BPA_CID6618__prepared_state_003,4,Done,,1.097,-5.297,grid,-5.545,-3.533,0.0,-0.0,-0.5545,-37.34,1.794,0.1409,0.0,-45.8,-35.54,8.285
CC(C)(c1cc(Br)c([O-])c(Br)c1)c1cc(Br)c([O-])c(Br)c1,BPA_CID6618__prepared_state_003,4,Done,,1.097,-5.712,grid,-5.96,-4.208,0.0,-0.0,-0.4148,-28.05,-0.502,0.1409,0.0,-43.04,-28.55,1.986
CC(C)(c1cc(Br)c([O-])c(Br)c1)c1cc(Br)c([O-])c(Br)c1,BPA_CID6618__prepared_state_003,4,Done,,1.097,-5.338,grid,-5.586,-3.865,0.0,-0.0,-0.7509,-28.17,1.986,0.1409,0.0,-39.52,-26.18,2.333
CC(C)(c1cc(Br)c([O-])c(Br)c1)c1cc(Br)c([O-])c(Br)c1,BPA_CID6618__prepared_state_003,4,Done,,1.097,-5.848,grid,-6.096,-4.398,0.0,-0.0,-0.5476,-25.6,-0.07134,0.1409,0.0,-39.48,-25.67,4.048
CC(C)(c1cc(Br)c([O-])c(Br)c1)c1cc(Br)c([O-])c(Br)c1,BPA_CID6618__prepared_state_003,4,Done,,1.097,-4.698,grid,-4.946,-3.451,0.0,-0.0,-0.2647,-27.66,0.07791,0.1409,0.0,-39.34,-27.58,2.178
CC(C)(c1cc(Br)c([O-])c(Br)c1)c1cc(Br)c([O-])c(Br)c1,BPA_CID6618__prepared_state_003,4,Done,,1.097,-4.766,grid,-5.014,-3.576,0.0,-0.0,-0.3879,-24.8,0.3304,0.1409,0.0,-37.04,-24.47,0.8988
CC(C)(c1cc(Br)c([O-])c(Br)c1)c1cc(Br)c([O-])c(Br)c1,BPA_CID6618__prepared_state_003,4,Done,,1.097,-4.372,grid,-4.619,-3.193,0.0,-0.0,-0.4751,-23.45,0.5343,0.1409,0.0,-34.49,-22.92,0.8529
CC(C)(c1cc(Br)c([O-])c(Br)c1)c1cc(Br)c([O-])c(Br)c1,BPA_CID6618__prepared_state_003,4,Done,,1.097,-2.317,grid,-2.565,-1.088,-0.1619,-0.0,0.0,-21.28,-2.612,0.1409,0.0,-30.14,-23.89,0.8318
CC(C)(c1cc(Br)c([O-])c(Br)c1)c1cc(Br)c([O-])c(Br)c1,BPA_CID6618__prepared_state_003,4,Done,,1.097,-4.704,grid,-4.952,-4.347,0.0,-0.0,-0.3412,-14.02,1.977,0.1409,0.0,-23.76,-12.04,2.279
CC(C)(c1cc(Br)c([O-])c(Br)c1)c1cc(Br)c([O-])c(Br)c1,BPA_CID6618__prepared_state_003,4,Done,,1.097,-1.397,grid,-1.645,-0.6099,-0.105,-0.0,0.0,-16.92,-1.499,0.1409,0.0,-22.59,-18.42,0.1982
CC(C)(c1cc(Br)c([O-])c(Br)c1)c1cc(Br)c([O-])c(Br)c1,BPA_CID6618__prepared_state_003,4,Done,,1.097,-5.241,grid,-5.489,-4.492,-0.08186,-0.0,-0.4557,-7.11,-1.632,0.1409,0.0,-22.07,-8.742,1.842
CC(C)(c1cc(Br)c([O-])c(Br)c1)c1cc(Br)c([O-])c(Br)c1,BPA_CID6618__prepared_state_003,4,Done,,1.097,-1.033,grid,-1.281,-0.7743,0.0,-0.0,0.0,-17.06,1.367,0.1409,0.0,-18.53,-15.69,0.9817
CC(C)(c1cc(Br)c([O-])c(Br)c1)c1cc(Br)c([O-])c(Br)c1,BPA_CID6618__prepared_state_003,4,Done,,1.097,-0.6226,grid,-0.8705,-0.3827,-0.03159,-0.0,0.0,-14.3,0.7854,0.1409,0.0,-15.77,-13.51,0.00442
CC(C)(c1cc(Br)c([O-])c(Br)c1)c1cc(Br)c([O-])c(Br)c1,BPA_CID6618__prepared_state_003,4,Done,,1.097,-0.4743,grid,-0.7222,-0.159,0.0,-0.0,0.0,-15.38,0.4324,0.1409,0.0,-15.77,-14.95,2.109
CC(C)(c1cc(Br)c([O-])c(Br)c1)c1cc(Br)c([O-])c(Br)c1,BPA_CID6618__prepared_state_003,4,Done,,1.097,0.04722,grid,-0.2007,-0.004135,0.0,-0.0,0.0,-8.712,0.6547,0.1409,0.0,-8.259,-8.057,0.6384
CC(C)(c1cc(Br)c([O-])c(Br)c1)c1cc(Br)c(O)c(Br)c1,BPA_CID6618__prepared_state_004,5,Done,,2.07,-5.559,grid,-6.385,-4.116,-0.1675,-0.0,-0.1999,-38.22,-0.8731,0.1404,0.0,-54.39,-39.09,0.9673
CC(C)(c1cc(Br)c([O-])c(Br)c1)c1cc(Br)c(O)c(Br)c1,BPA_CID6618__prepared_state_004,5,Done,,2.07,-5.137,grid,-5.963,-3.62,0.0,-0.0,-0.3312,-40.18,-0.9531,0.1404,0.0,-53.43,-41.14,4.905
CC(C)(c1cc(Br)c([O-])c(Br)c1)c1cc(Br)c(O)c(Br)c1,BPA_CID6618__prepared_state_004,5,Done,,2.07,-5.01,grid,-5.836,-3.783,0.0,-0.0,-0.2892,-39.01,0.314,0.1404,0.0,-52.88,-38.7,0.4876
CC(C)(c1cc(Br)c([O-])c(Br)c1)c1cc(Br)c(O)c(Br)c1,BPA_CID6618__prepared_state_004,5,Done,,2.07,-4.994,grid,-5.819,-3.777,0.0,-0.0,-0.2766,-38.97,0.286,0.1404,0.0,-52.8,-38.69,0.5516
CC(C)(c1cc(Br)c([O-])c(Br)c1)c1cc(Br)c(O)c(Br)c1,BPA_CID6618__prepared_state_004,5,Done,,2.07,-5.595,grid,-6.42,-4.24,-0.03503,-0.0,-0.3608,-35.14,-1.12,0.1404,0.0,-51.56,-36.26,1.163
CC(C)(c1cc(Br)c([O-])c(Br)c1)c1cc(Br)c(O)c(Br)c1,BPA_CID6618__prepared_state_004,5,Done,,2.07,-5.845,grid,-6.671,-4.355,0.0,-0.0,-0.7645,-36.19,0.7878,0.1404,0.0,-51.34,-35.4,1.117
CC(C)(c1cc(Br)c([O-])c(Br)c1)c1cc(Br)c(O)c(Br)c1,BPA_CID6618__prepared_state_004,5,Done,,2.07,-5.594,grid,-6.419,-4.623,0.0,-0.0,-0.2178,-36.64,0.7511,0.1404,0.0,-50.79,-35.89,1.942
CC(C)(c1cc(Br)c([O-])c(Br)c1)c1cc(Br)c(O)c(Br)c1,BPA_CID6618__prepared_state_004,5,Done,,2.07,-4.939,grid,-5.765,-4.058,0.0,-0.0,-0.1955,-39.22,2.063,0.1404,0.0,-50.2,-37.15,2.409
CC(C)(c1cc(Br)c([O-])c(Br)c1)c1cc(Br)c(O)c(Br)c1,BPA_CID6618__prepared_state_004,5,Done,,2.07,-4.761,grid,-5.586,-3.438,0.0,-0.0,-0.3489,-37.71,-0.3658,0.1404,0.0,-49.88,-38.07,4.006
CC(C)(c1cc(Br)c([O-])c(Br)c1)c1cc(Br)c(O)c(Br)c1,BPA_CID6618__prepared_state_004,5,Done,,2.07,-5.032,grid,-5.858,-4.085,0.0,-0.0,-0.2986,-38.05,1.923,0.1404,0.0,-49.7,-36.13,1.825
CC(C)(c1cc(Br)c([O-])c(Br)c1)c1cc(Br)c(O)c(Br)c1,BPA_CID6618__prepared_state_004,5,Done,,2.07,-5.628,grid,-6.453,-4.132,-0.1621,-0.0,-0.6182,-33.68,0.01965,0.1404,0.0,-49.11,-33.66,1.013
CC(C)(c1cc(Br)c([O-])c(Br)c1)c1cc(Br)c(O)c(Br)c1,BPA_CID6618__prepared_state_004,5,Done,,2.07,-5.021,grid,-5.847,-4.227,0.0,-0.0,-0.2704,-36.83,2.343,0.1404,0.0,-48.5,-34.49,0.9016
CC(C)(c1cc(Br)c([O-])c(Br)c1)c1cc(Br)c(O)c(Br)c1,BPA_CID6618__prepared_state_004,5,Done,,2.07,-4.943,grid,-5.768,-3.585,0.0,-0.0,-0.5439,-37.81,0.7403,0.1404,0.0,-48.42,-37.07,5.827
CC(C)(c1cc(Br)c([O-])c(Br)c1)c1cc(Br)c(O)c(Br)c1,BPA_CID6618__prepared_state_004,5,Done,,2.07,-5.528,grid,-6.354,-3.724,0.0,-0.0,-0.9,-34.45,-0.9857,0.1404,0.0,-47.98,-35.43,6.331
CC(C)(c1cc(Br)c([O-])c(Br)c1)c1cc(Br)c(O)c(Br)c1,BPA_CID6618__prepared_state_004,5,Done,,2.07,-5.249,grid,-6.075,-4.06,-0.1092,-0.0,-0.5053,-34.78,1.32,0.1404,0.0,-47.58,-33.46,1.806
CC(C)(c1cc(Br)c([O-])c(Br)c1)c1cc(Br)c(O)c(Br)c1,BPA_CID6618__prepared_state_004,5,Done,,2.07,-5.26,grid,-6.085,-3.916,-0.1663,-0.0,-0.3983,-31.99,-0.9743,0.1404,0.0,-46.93,-32.96,2.169
CC(C)(c1cc(Br)c([O-])c(Br)c1)c1cc(Br)c(O)c(Br)c1,BPA_CID6618__prepared_state_004,5,Done,,2.07,-5.209,grid,-6.035,-3.646,0.0,-0.0,-0.8865,-34.02,0.3891,0.1404,0.0,-46.65,-33.63,3.809
CC(C)(c1cc(Br)c([O-])c(Br)c1)c1cc(Br)c(O)c(Br)c1,BPA_CID6618__prepared_state_004,5,Done,,2.07,-5.378,grid,-6.204,-3.943,0.0,-0.0,-0.788,-31.87,-0.1329,0.1404,0.0,-46.29,-32.0,2.107
CC(C)(c1cc(Br)c([O-])c(Br)c1)c1cc(Br)c(O)c(Br)c1,BPA_CID6618__prepared_state_004,5,Done,,2.07,-4.826,grid,-5.651,-4.057,0.0,-0.0,-0.326,-35.05,2.294,0.1404,0.0,-46.29,-32.76,0.8849
CC(C)(c1cc(Br)c([O-])c(Br)c1)c1cc(Br)c(O)c(Br)c1,BPA_CID6618__prepared_state_004,5,Done,,2.07,-5.34,grid,-6.165,-4.004,0.0,-0.0,-0.7143,-30.71,-0.3455,0.1404,0.0,-44.92,-31.06,2.766
CC(C)(c1cc(Cl)c([O-])c(Cl)c1)c1cc(Cl)c([O-])c(Cl)c1,BPA_CID6619__prepared_state_005,6,Done,,1.47,-6.721,grid,-6.895,-4.052,0.0,-0.0,-1.304,-35.19,-0.4555,0.29,0.0,-52.44,-35.65,2.006
CC(C)(c1cc(Cl)c([O-])c(Cl)c1)c1cc(Cl)c([O-])c(Cl)c1,BPA_CID6619__prepared_state_005,6,Done,,1.47,-6.342,grid,-6.516,-3.638,0.0,-0.0,-1.577,-35.46,1.21,0.29,0.0,-50.96,-34.25,0.207
CC(C)(c1cc(Cl)c([O-])c(Cl)c1)c1cc(Cl)c([O-])c(Cl)c1,BPA_CID6619__prepared_state_005,6,Done,,1.47,-7.071,grid,-7.245,-4.158,0.0,-0.0,-1.827,-34.38,1.125,0.29,0.0,-50.69,-33.26,2.53
CC(C)(c1cc(Cl)c([O-])c(Cl)c1)c1cc(Cl)c([O-])c(Cl)c1,BPA_CID6619__prepared_state_005,6,Done,,1.47,-6.717,grid,-6.891,-3.809,0.0,-0.0,-1.706,-33.72,0.1347,0.29,0.0,-50.39,-33.58,1.958
CC(C)(c1cc(Cl)c([O-])c(Cl)c1)c1cc(Cl)c([O-])c(Cl)c1,BPA_CID6619__prepared_state_005,6,Done,,1.47,-6.925,grid,-7.098,-4.089,-0.07758,-0.0,-1.44,-32.75,-0.9619,0.29,0.0,-49.76,-33.71,4.544
CC(C)(c1cc(Cl)c([O-])c(Cl)c1)c1cc(Cl)c([O-])c(Cl)c1,BPA_CID6619__prepared_state_005,6,Done,,1.47,-5.995,grid,-6.168,-3.716,0.0,-0.0,-1.313,-35.66,2.358,0.29,0.0,-48.16,-33.3,2.114
CC(C)(c1cc(Cl)c([O-])c(Cl)c1)c1cc(Cl)c([O-])c(Cl)c1,BPA_CID6619__prepared_state_005,6,Done,,1.47,-5.824,grid,-5.997,-3.474,0.0,-0.0,-1.496,-33.68,2.445,0.29,0.0,-45.66,-31.23,2.106
CC(C)(c1cc(Cl)c([O-])c(Cl)c1)c1cc(Cl)c([O-])c(Cl)c1,BPA_CID6619__prepared_state_005,6,Done,,1.47,-6.683,grid,-6.857,-4.185,-0.02608,-0.0,-1.45,-22.13,-2.526,0.29,0.0,-42.09,-24.66,0.5299
CC(C)(c1cc(Cl)c([O-])c(Cl)c1)c1cc(Cl)c([O-])c(Cl)c1,BPA_CID6619__prepared_state_005,6,Done,,1.47,-5.957,grid,-6.131,-3.742,0.0,-0.0,-1.653,-26.15,1.874,0.29,0.0,-39.84,-24.27,0.5087
CC(C)(c1cc(Cl)c([O-])c(Cl)c1)c1cc(Cl)c([O-])c(Cl)c1,BPA_CID6619__prepared_state_005,6,Done,,1.47,-5.649,grid,-5.823,-3.669,-0.06901,-0.0,-1.179,-25.45,0.5101,0.29,0.0,-39.83,-24.94,0.2766
CC(C)(c1cc(Cl)c([O-])c(Cl)c1)c1cc(Cl)c([O-])c(Cl)c1,BPA_CID6619__prepared_state_005,6,Done,,1.47,-4.884,grid,-5.057,-3.136,0.0,-0.0,-1.124,-26.07,1.44,0.29,0.0,-37.25,-24.63,0.8661
CC(C)(c1cc(Cl)c([O-])c(Cl)c1)c1cc(Cl)c([O-])c(Cl)c1,BPA_CID6619__prepared_state_005,6,Done,,1.47,-5.237,grid,-5.411,-2.848,-0.1358,-0.0,-1.522,-20.83,-1.023,0.29,0.0,-34.6,-21.85,2.435
CC(C)(c1cc(Cl)c([O-])c(Cl)c1)c1cc(Cl)c([O-])c(Cl)c1,BPA_CID6619__prepared_state_005,6,Done,,1.47,-2.905,grid,-3.079,-1.203,-0.16,-0.0,-0.9269,-21.86,0.09586,0.29,0.0,-29.33,-21.76,0.7594
CC(C)(c1cc(Cl)c([O-])c(Cl)c1)c1cc(Cl)c([O-])c(Cl)c1,BPA_CID6619__prepared_state_005,6,Done,,1.47,-2.838,grid,-3.012,-1.137,-0.1231,-0.0,-0.9269,-20.67,-0.5371,0.29,0.0,-27.43,-21.21,3.103
CC(C)(c1cc(Cl)c([O-])c(Cl)c1)c1cc(Cl)c([O-])c(Cl)c1,BPA_CID6619__prepared_state_005,6,Done,,1.47,-2.333,grid,-2.507,-0.7331,-0.06545,-0.0,-0.9269,-18.13,-1.097,0.29,0.0,-24.86,-19.23,1.687
CC(C)(c1cc(Cl)c([O-])c(Cl)c1)c1cc(Cl)c([O-])c(Cl)c1,BPA_CID6619__prepared_state_005,6,Done,,1.47,-2.326,grid,-2.5,-0.8534,0.0,-0.0,-0.9269,-18.41,-0.5934,0.29,0.0,-24.28,-19.01,2.35
CC(C)(c1cc(Cl)c([O-])c(Cl)c1)c1cc(Cl)c([O-])c(Cl)c1,BPA_CID6619__prepared_state_005,6,Done,,1.47,-1.854,grid,-2.028,-0.6139,0.0,-0.0,-0.9269,-16.67,0.3741,0.29,0.0,-20.76,-16.29,1.527
CC(C)(c1cc(Cl)c([O-])c(Cl)c1)c1cc(Cl)c([O-])c(Cl)c1,BPA_CID6619__prepared_state_005,6,Done,,1.47,-1.926,grid,-2.1,-0.4705,-0.04178,-0.0,-0.9269,-14.64,-1.46,0.29,0.0,-20.49,-16.1,2.057
CC(C)(c1cc(Cl)c([O-])c(Cl)c1)c1cc(Cl)c([O-])c(Cl)c1,BPA_CID6619__prepared_state_005,6,Done,,1.47,-1.829,grid,-2.003,-0.4852,0.0,-0.0,-0.9269,-13.71,-1.3,0.29,0.0,-19.92,-15.02,0.5356
CC(C)(c1cc(Cl)c([O-])c(Cl)c1)c1cc(Cl)c([O-])c(Cl)c1,BPA_CID6619__prepared_state_005,6,Done,,1.47,-1.479,grid,-1.653,-0.3138,0.0,-0.0,-0.9269,-15.69,0.5478,0.29,0.0,-17.92,-15.14,2.971
CC(C)(c1cc(Cl)c([O-])c(Cl)c1)c1cc(Cl)c(O)c(Cl)c1,BPA_CID6619__prepared_state_006,7,Done,,2.264,-6.531,grid,-7.484,-3.662,-0.32,-0.0,-1.62,-33.19,-3.409,0.2886,0.0,-54.63,-36.6,0.3894
CC(C)(c1cc(Cl)c([O-])c(Cl)c1)c1cc(Cl)c(O)c(Cl)c1,BPA_CID6619__prepared_state_006,7,Done,,2.264,-6.259,grid,-7.212,-4.066,-0.07779,-0.0,-1.353,-34.03,-2.008,0.2886,0.0,-53.3,-36.04,0.6085
CC(C)(c1cc(Cl)c([O-])c(Cl)c1)c1cc(Cl)c(O)c(Cl)c1,BPA_CID6619__prepared_state_006,7,Done,,2.264,-6.067,grid,-7.02,-4.081,-0.1022,-0.0,-1.241,-35.14,-0.8465,0.2886,0.0,-52.14,-35.99,1.896
CC(C)(c1cc(Cl)c([O-])c(Cl)c1)c1cc(Cl)c(O)c(Cl)c1,BPA_CID6619__prepared_state_006,7,Done,,2.264,-6.073,grid,-7.026,-4.115,-0.09657,-0.0,-1.234,-34.89,-0.8261,0.2886,0.0,-52.12,-35.72,1.425
CC(C)(c1cc(Cl)c([O-])c(Cl)c1)c1cc(Cl)c(O)c(Cl)c1,BPA_CID6619__prepared_state_006,7,Done,,2.264,-6.708,grid,-7.66,-4.408,0.0,-0.0,-1.707,-32.25,-1.476,0.2886,0.0,-52.09,-33.73,0.5957
CC(C)(c1cc(Cl)c([O-])c(Cl)c1)c1cc(Cl)c(O)c(Cl)c1,BPA_CID6619__prepared_state_006,7,Done,,2.264,-6.435,grid,-7.387,-4.368,0.0,-0.0,-1.737,-33.83,0.8027,0.2886,0.0,-50.37,-33.03,1.306
CC(C)(c1cc(Cl)c([O-])c(Cl)c1)c1cc(Cl)c(O)c(Cl)c1,BPA_CID6619__prepared_state_006,7,Done,,2.264,-5.666,grid,-6.619,-4.156,0.0,-0.0,-1.159,-35.18,1.11,0.2886,0.0,-49.3,-34.07,1.778
CC(C)(c1cc(Cl)c([O-])c(Cl)c1)c1cc(Cl)c(O)c(Cl)c1,BPA_CID6619__prepared_state_006,7,Done,,2.264,-6.127,grid,-7.079,-4.032,0.0,-0.0,-1.71,-31.72,-0.2649,0.2886,0.0,-48.18,-31.98,2.084
CC(C)(c1cc(Cl)c([O-])c(Cl)c1)c1cc(Cl)c(O)c(Cl)c1,BPA_CID6619__prepared_state_006,7,Done,,2.264,-5.539,grid,-6.492,-3.766,0.0,-0.0,-1.367,-34.45,0.4985,0.2886,0.0,-48.17,-33.95,3.183
CC(C)(c1cc(Cl)c([O-])c(Cl)c1)c1cc(Cl)c(O)c(Cl)c1,BPA_CID6619__prepared_state_006,7,Done,,2.264,-5.52,grid,-6.472,-4.167,0.0,-0.0,-1.131,-34.47,1.735,0.2886,0.0,-47.94,-32.74,1.118
CC(C)(c1cc(Cl)c([O-])c(Cl)c1)c1cc(Cl)c(O)c(Cl)c1,BPA_CID6619__prepared_state_006,7,Done,,2.264,-6.073,grid,-7.026,-4.034,0.0,-0.0,-1.697,-30.84,-0.2727,0.2886,0.0,-47.09,-31.11,2.266
CC(C)(c1cc(Cl)c([O-])c(Cl)c1)c1cc(Cl)c(O)c(Cl)c1,BPA_CID6619__prepared_state_006,7,Done,,2.264,-5.942,grid,-6.894,-3.809,0.0,-0.0,-1.82,-31.03,-0.01351,0.2886,0.0,-46.56,-31.05,2.554
CC(C)(c1cc(Cl)c([O-])c(Cl)c1)c1cc(Cl)c(O)c(Cl)c1,BPA_CID6619__prepared_state_006,7,Done,,2.264,-5.275,grid,-6.227,-3.819,0.0,-0.0,-1.162,-32.42,0.5745,0.2886,0.0,-46.49,-31.85,1.049
CC(C)(c1cc(Cl)c([O-])c(Cl)c1)c1cc(Cl)c(O)c(Cl)c1,BPA_CID6619__prepared_state_006,7,Done,,2.264,-5.348,grid,-6.301,-3.926,0.0,-0.0,-1.165,-31.95,0.6576,0.2886,0.0,-46.4,-31.29,0.4756
CC(C)(c1cc(Cl)c([O-])c(Cl)c1)c1cc(Cl)c(O)c(Cl)c1,BPA_CID6619__prepared_state_006,7,Done,,2.264,-5.418,grid,-6.371,-3.561,-0.007426,-0.0,-1.427,-29.87,-1.137,0.2886,0.0,-46.0,-31.01,1.048
CC(C)(c1cc(Cl)c([O-])c(Cl)c1)c1cc(Cl)c(O)c(Cl)c1,BPA_CID6619__prepared_state_006,7,Done,,2.264,-6.006,grid,-6.959,-4.23,-0.1279,-0.0,-1.399,-29.06,-0.2468,0.2886,0.0,-45.48,-29.31,1.574
CC(C)(c1cc(Cl)c([O-])c(Cl)c1)c1cc(Cl)c(O)c(Cl)c1,BPA_CID6619__prepared_state_006,7,Done,,2.264,-5.238,grid,-6.191,-3.54,0.0,-0.0,-1.515,-35.0,2.168,0.2886,0.0,-44.96,-32.83,5.892
CC(C)(c1cc(Cl)c([O-])c(Cl)c1)c1cc(Cl)c(O)c(Cl)c1,BPA_CID6619__prepared_state_006,7,Done,,2.264,-5.112,grid,-6.064,-3.486,0.0,-0.0,-1.326,-30.67,-0.04861,0.2886,0.0,-44.78,-30.72,1.43
CC(C)(c1cc(Cl)c([O-])c(Cl)c1)c1cc(Cl)c(O)c(Cl)c1,BPA_CID6619__prepared_state_006,7,Done,,2.264,-5.115,grid,-6.067,-3.307,0.0,-0.0,-1.389,-28.78,-1.473,0.2886,0.0,-44.51,-30.25,1.032
CC(C)(c1cc(Cl)c([O-])c(Cl)c1)c1cc(Cl)c(O)c(Cl)c1,BPA_CID6619__prepared_state_006,7,Done,,2.264,-5.314,grid,-6.267,-4.088,0.0,-0.0,-1.236,-32.7,2.694,0.2886,0.0,-44.51,-30.01,1.536
Cc1cc(C(C)(C)c2ccc(O)c(C)c2)ccc1O,BPA_CID6620__prepared_state_007,8,Done,,3.158,-7.88,grid,-7.881,-3.797,-0.32,-0.0,-1.902,-29.7,-6.094,0.5364,0.0,-51.5,-35.79,1.052
Cc1cc(C(C)(C)c2ccc(O)c(C)c2)ccc1O,BPA_CID6620__prepared_state_007,8,Done,,3.158,-7.583,grid,-7.583,-3.714,-0.32,-0.0,-1.957,-28.11,-4.821,0.5364,0.0,-48.35,-32.93,0.4184
Cc1cc(C(C)(C)c2ccc(O)c(C)c2)ccc1O,BPA_CID6620__prepared_state_007,8,Done,,3.158,-7.205,grid,-7.206,-3.773,0.0,-0.0,-2.171,-32.61,-1.111,0.5364,0.0,-48.22,-33.73,0.7031
Cc1cc(C(C)(C)c2ccc(O)c(C)c2)ccc1O,BPA_CID6620__prepared_state_007,8,Done,,3.158,-7.748,grid,-7.748,-3.918,-0.2773,-0.0,-2.151,-29.51,-3.089,0.5364,0.0,-47.5,-32.6,2.127
Cc1cc(C(C)(C)c2ccc(O)c(C)c2)ccc1O,BPA_CID6620__prepared_state_007,8,Done,,3.158,-7.875,grid,-7.876,-3.78,-0.32,-0.0,-2.351,-28.97,-3.419,0.5364,0.0,-47.26,-32.39,2.718
Cc1cc(C(C)(C)c2ccc(O)c(C)c2)ccc1O,BPA_CID6620__prepared_state_007,8,Done,,3.158,-7.571,grid,-7.572,-3.547,-0.32,-0.0,-2.332,-27.83,-3.45,0.5364,0.0,-46.78,-31.28,0.2064
Cc1cc(C(C)(C)c2ccc(O)c(C)c2)ccc1O,BPA_CID6620__prepared_state_007,8,Done,,3.158,-6.93,grid,-6.931,-3.409,-0.1142,-0.0,-2.019,-30.7,-2.6,0.5364,0.0,-46.75,-33.3,1.653
Cc1cc(C(C)(C)c2ccc(O)c(C)c2)ccc1O,BPA_CID6620__prepared_state_007,8,Done,,3.158,-7.518,grid,-7.519,-4.252,0.0,-0.0,-2.025,-31.57,-1.326,0.5364,0.0,-46.61,-32.9,3.55
Cc1cc(C(C)(C)c2ccc(O)c(C)c2)ccc1O,BPA_CID6620__prepared_state_007,8,Done,,3.158,-7.62,grid,-7.62,-3.77,-0.3058,-0.0,-1.853,-25.28,-6.423,0.5364,0.0,-46.59,-31.7,1.642
Cc1cc(C(C)(C)c2ccc(O)c(C)c2)ccc1O,BPA_CID6620__prepared_state_007,8,Done,,3.158,-7.3,grid,-7.301,-3.728,-0.2852,-0.0,-2.021,-29.24,-2.27,0.5364,0.0,-46.36,-31.51,0.4028
Cc1cc(C(C)(C)c2ccc(O)c(C)c2)ccc1O,BPA_CID6620__prepared_state_007,8,Done,,3.158,-7.722,grid,-7.723,-3.701,-0.453,-0.0,-1.909,-24.32,-6.54,0.5364,0.0,-45.87,-30.85,1.8
Cc1cc(C(C)(C)c2ccc(O)c(C)c2)ccc1O,BPA_CID6620__prepared_state_007,8,Done,,3.158,-7.134,grid,-7.134,-3.385,-0.2182,-0.0,-2.301,-28.38,-2.319,0.5364,0.0,-45.28,-30.7,0.2554
Cc1cc(C(C)(C)c2ccc(O)c(C)c2)ccc1O,BPA_CID6620__prepared_state_007,8,Done,,3.158,-7.514,grid,-7.514,-3.873,-0.2035,-0.0,-2.191,-29.03,-2.207,0.5364,0.0,-45.21,-31.24,3.021
Cc1cc(C(C)(C)c2ccc(O)c(C)c2)ccc1O,BPA_CID6620__prepared_state_007,8,Done,,3.158,-7.358,grid,-7.359,-3.939,-0.274,-0.0,-2.037,-29.57,-1.112,0.5364,0.0,-45.12,-30.68,1.467
Cc1cc(C(C)(C)c2ccc(O)c(C)c2)ccc1O,BPA_CID6620__prepared_state_007,8,Done,,3.158,-7.468,grid,-7.468,-4.222,0.0,-0.0,-2.153,-30.8,-0.6058,0.5364,0.0,-44.96,-31.4,3.657
Cc1cc(C(C)(C)c2ccc(O)c(C)c2)ccc1O,BPA_CID6620__prepared_state_007,8,Done,,3.158,-6.88,grid,-6.881,-3.475,-0.09043,-0.0,-2.023,-28.6,-2.651,0.5364,0.0,-44.79,-31.25,1.285
Cc1cc(C(C)(C)c2ccc(O)c(C)c2)ccc1O,BPA_CID6620__prepared_state_007,8,Done,,3.158,-7.233,grid,-7.233,-4.035,0.0,-0.0,-1.94,-28.85,-2.35,0.5364,0.0,-44.77,-31.2,2.68
Cc1cc(C(C)(C)c2ccc(O)c(C)c2)ccc1O,BPA_CID6620__prepared_state_007,8,Done,,3.158,-6.841,grid,-6.842,-3.745,0.0,-0.0,-2.202,-32.16,1.18,0.5364,0.0,-44.75,-30.98,0.6625
Cc1cc(C(C)(C)c2ccc(O)c(C)c2)ccc1O,BPA_CID6620__prepared_state_007,8,Done,,3.158,-7.052,grid,-7.053,-3.759,-0.136,-0.0,-1.862,-28.52,-2.714,0.5364,0.0,-44.56,-31.23,2.416
Cc1cc(C(C)(C)c2ccc(O)c(C)c2)ccc1O,BPA_CID6620__prepared_state_007,8,Done,,3.158,-6.744,grid,-6.745,-3.295,-0.2385,-0.0,-1.846,-27.98,-3.356,0.5364,0.0,-44.46,-31.33,1.532
CC(C)(c1ccc(O)cc1)c1ccc(O)cc1,BPA_CID6623__prepared_state_008,9,Done,,2.805,-7.835,grid,-7.837,-3.857,-0.1603,-0.0,-2.724,-30.27,-1.57,0.6538,0.0,-45.15,-31.84,2.549
CC(C)(c1ccc(O)cc1)c1ccc(O)cc1,BPA_CID6623__prepared_state_008,9,Done,,2.805,-7.312,grid,-7.314,-3.599,0.0,-0.0,-2.657,-30.87,-1.126,0.6538,0.0,-45.04,-31.99,1.124
CC(C)(c1ccc(O)cc1)c1ccc(O)cc1,BPA_CID6623__prepared_state_008,9,Done,,2.805,-7.716,grid,-7.718,-3.869,-0.1347,-0.0,-2.719,-30.1,-0.963,0.6538,0.0,-44.93,-31.06,0.9666
CC(C)(c1ccc(O)cc1)c1ccc(O)cc1,BPA_CID6623__prepared_state_008,9,Done,,2.805,-7.805,grid,-7.807,-3.884,-0.1372,-0.0,-2.713,-30.0,-1.511,0.6538,0.0,-44.81,-31.51,2.459
CC(C)(c1ccc(O)cc1)c1ccc(O)cc1,BPA_CID6623__prepared_state_008,9,Done,,2.805,-7.731,grid,-7.733,-3.833,-0.1456,-0.0,-2.728,-30.11,-1.165,0.6538,0.0,-44.65,-31.28,2.036
CC(C)(c1ccc(O)cc1)c1ccc(O)cc1,BPA_CID6623__prepared_state_008,9,Done,,2.805,-7.345,grid,-7.346,-3.63,0.0,-0.0,-2.655,-30.95,-1.12,0.6538,0.0,-44.62,-32.07,2.24
CC(C)(c1ccc(O)cc1)c1ccc(O)cc1,BPA_CID6623__prepared_state_008,9,Done,,2.805,-7.163,grid,-7.165,-3.545,0.0,-0.0,-2.587,-30.5,-1.079,0.6538,0.0,-44.03,-31.58,1.752
CC(C)(c1ccc(O)cc1)c1ccc(O)cc1,BPA_CID6623__prepared_state_008,9,Done,,2.805,-6.631,grid,-6.633,-2.989,-0.2234,-0.0,-2.325,-30.05,-1.644,0.6538,0.0,-43.22,-31.7,1.63
CC(C)(c1ccc(O)cc1)c1ccc(O)cc1,BPA_CID6623__prepared_state_008,9,Done,,2.805,-6.643,grid,-6.645,-2.999,-0.215,-0.0,-2.337,-30.07,-1.631,0.6538,0.0,-43.2,-31.7,1.734
CC(C)(c1ccc(O)cc1)c1ccc(O)cc1,BPA_CID6623__prepared_state_008,9,Done,,2.805,-6.737,grid,-6.739,-3.412,0.0,-0.0,-2.281,-30.97,-1.007,0.6538,0.0,-42.97,-31.98,3.097
CC(C)(c1ccc(O)cc1)c1ccc(O)cc1,BPA_CID6623__prepared_state_008,9,Done,,2.805,-6.541,grid,-6.543,-2.978,-0.1565,-0.0,-2.312,-30.0,-1.665,0.6538,0.0,-42.91,-31.66,1.856
CC(C)(c1ccc(O)cc1)c1ccc(O)cc1,BPA_CID6623__prepared_state_008,9,Done,,2.805,-6.554,grid,-6.556,-2.956,-0.2144,-0.0,-2.267,-29.91,-1.842,0.6538,0.0,-42.72,-31.75,2.454
CC(C)(c1ccc(O)cc1)c1ccc(O)cc1,BPA_CID6623__prepared_state_008,9,Done,,2.805,-6.985,grid,-6.987,-3.467,0.0,-0.0,-2.562,-29.57,-0.8871,0.6538,0.0,-42.7,-30.46,1.516
CC(C)(c1ccc(O)cc1)c1ccc(O)cc1,BPA_CID6623__prepared_state_008,9,Done,,2.805,-6.812,grid,-6.814,-3.498,0.0,-0.0,-2.322,-30.92,-0.6743,0.6538,0.0,-42.21,-31.6,4.13
CC(C)(c1ccc(O)cc1)c1ccc(O)cc1,BPA_CID6623__prepared_state_008,9,Done,,2.805,-6.86,grid,-6.862,-3.505,-0.04418,-0.0,-2.304,-30.32,-0.9789,0.6538,0.0,-42.14,-31.3,3.844
CC(C)(c1ccc(O)cc1)c1ccc(O)cc1,BPA_CID6623__prepared_state_008,9,Done,,2.805,-6.728,grid,-6.73,-3.439,0.0,-0.0,-2.349,-30.25,-0.5581,0.6538,0.0,-42.12,-30.8,2.412
CC(C)(c1ccc(O)cc1)c1ccc(O)cc1,BPA_CID6623__prepared_state_008,9,Done,,2.805,-6.809,grid,-6.81,-3.097,-0.32,-0.0,-2.335,-28.13,-2.038,0.6538,0.0,-42.09,-30.17,1.49
CC(C)(c1ccc(O)cc1)c1ccc(O)cc1,BPA_CID6623__prepared_state_008,9,Done,,2.805,-6.764,grid,-6.766,-3.246,0.0,-0.0,-2.602,-28.64,-0.9351,0.6538,0.0,-41.59,-29.57,1.148
CC(C)(c1ccc(O)cc1)c1ccc(O)cc1,BPA_CID6623__prepared_state_008,9,Done,,2.805,-6.728,grid,-6.73,-3.27,0.0,-0.0,-2.623,-28.86,-0.3222,0.6538,0.0,-40.76,-29.18,1.891
CC(C)(c1ccc(O)cc1)c1ccc(O)cc1,BPA_CID6623__prepared_state_008,9,Done,,2.805,-6.528,grid,-6.53,-3.439,0.0,-0.0,-2.235,-29.9,-0.08913,0.6538,0.0,-40.56,-29.99,3.163
O=S(=O)(c1ccc(O)cc1)c1ccc(O)cc1,BPA_CID6626__prepared_state_009,10,Done,,2.18,-7.183,grid,-7.412,-2.974,-0.32,-0.0,-2.349,-30.02,-5.508,0.5589,0.0,-49.33,-35.53,1.63
O=S(=O)(c1ccc(O)cc1)c1ccc(O)cc1,BPA_CID6626__prepared_state_009,10,Done,,2.18,-7.185,grid,-7.414,-2.97,-0.32,-0.0,-2.345,-30.06,-5.559,0.5589,0.0,-49.24,-35.62,2.017
O=S(=O)(c1ccc(O)cc1)c1ccc(O)cc1,BPA_CID6626__prepared_state_009,10,Done,,2.18,-6.672,grid,-6.901,-2.778,0.0,-0.0,-2.729,-32.69,-2.124,0.5589,0.0,-48.29,-34.82,0.2878
O=S(=O)(c1ccc(O)cc1)c1ccc(O)cc1,BPA_CID6626__prepared_state_009,10,Done,,2.18,-7.06,grid,-7.289,-3.033,-0.32,-0.0,-2.317,-30.23,-4.439,0.5589,0.0,-47.94,-34.67,2.215
O=S(=O)(c1ccc(O)cc1)c1ccc(O)cc1,BPA_CID6626__prepared_state_009,10,Done,,2.18,-6.796,grid,-7.024,-2.837,-0.3132,-0.0,-2.319,-30.06,-4.077,0.5589,0.0,-47.1,-34.14,1.782
O=S(=O)(c1ccc(O)cc1)c1ccc(O)cc1,BPA_CID6626__prepared_state_009,10,Done,,2.18,-6.633,grid,-6.862,-2.735,-0.2195,-0.0,-2.495,-29.96,-3.159,0.5589,0.0,-46.55,-33.12,0.2049
O=S(=O)(c1ccc(O)cc1)c1ccc(O)cc1,BPA_CID6626__prepared_state_009,10,Done,,2.18,-6.73,grid,-6.958,-2.778,-0.32,-0.0,-2.321,-29.64,-4.109,0.5589,0.0,-46.24,-33.74,2.464
O=S(=O)(c1ccc(O)cc1)c1ccc(O)cc1,BPA_CID6626__prepared_state_009,10,Done,,2.18,-6.691,grid,-6.919,-2.748,-0.32,-0.0,-2.301,-29.36,-4.278,0.5589,0.0,-46.19,-33.63,2.183
O=S(=O)(c1ccc(O)cc1)c1ccc(O)cc1,BPA_CID6626__prepared_state_009,10,Done,,2.18,-6.425,grid,-6.654,-2.799,-0.2678,-0.0,-2.224,-30.54,-2.63,0.5589,0.0,-46.15,-33.17,0.2944
O=S(=O)(c1ccc(O)cc1)c1ccc(O)cc1,BPA_CID6626__prepared_state_009,10,Done,,2.18,-6.366,grid,-6.594,-2.792,0.0,-0.0,-2.586,-31.9,-1.2,0.5589,0.0,-46.02,-33.1,0.1851
O=S(=O)(c1ccc(O)cc1)c1ccc(O)cc1,BPA_CID6626__prepared_state_009,10,Done,,2.18,-6.391,grid,-6.62,-2.884,0.0,-0.0,-2.44,-31.08,-2.006,0.5589,0.0,-45.97,-33.09,0.3458
O=S(=O)(c1ccc(O)cc1)c1ccc(O)cc1,BPA_CID6626__prepared_state_009,10,Done,,2.18,-6.304,grid,-6.533,-2.842,0.0,-0.0,-2.411,-31.01,-1.919,0.5589,0.0,-45.69,-32.93,0.2509
O=S(=O)(c1ccc(O)cc1)c1ccc(O)cc1,BPA_CID6626__prepared_state_009,10,Done,,2.18,-6.271,grid,-6.5,-2.821,0.0,-0.0,-2.398,-30.85,-1.975,0.5589,0.0,-45.45,-32.83,0.4008
O=S(=O)(c1ccc(O)cc1)c1ccc(O)cc1,BPA_CID6626__prepared_state_009,10,Done,,2.18,-6.266,grid,-6.494,-3.004,0.0,-0.0,-2.295,-30.99,-1.361,0.5589,0.0,-45.14,-32.35,0.04786
O=S(=O)(c1ccc(O)cc1)c1ccc(O)cc1,BPA_CID6626__prepared_state_009,10,Done,,2.18,-6.221,grid,-6.45,-2.984,0.0,-0.0,-2.301,-30.95,-1.172,0.5589,0.0,-44.81,-32.12,0.06055
O=S(=O)(c1ccc(O)cc1)c1ccc(O)cc1,BPA_CID6626__prepared_state_009,10,Done,,2.18,-6.246,grid,-6.474,-3.015,0.0,-0.0,-2.304,-30.89,-1.129,0.5589,0.0,-44.72,-32.02,0.1578
O=S(=O)(c1ccc(O)cc1)c1ccc(O)cc1,BPA_CID6626__prepared_state_009,10,Done,,2.18,-6.381,grid,-6.61,-2.439,-0.32,-0.0,-2.399,-29.42,-3.597,0.5589,0.0,-44.63,-33.02,2.853
O=S(=O)(c1ccc(O)cc1)c1ccc(O)cc1,BPA_CID6626__prepared_state_009,10,Done,,2.18,-5.92,grid,-6.148,-2.675,0.0,-0.0,-2.314,-30.64,-1.241,0.5589,0.0,-43.87,-31.88,0.2727
O=S(=O)(c1ccc(O)cc1)c1ccc(O)cc1,BPA_CID6626__prepared_state_009,10,Done,,2.18,-5.849,grid,-6.077,-2.575,0.0,-0.0,-2.347,-30.99,-1.102,0.5589,0.0,-43.79,-32.09,0.5761
O=S(=O)(c1ccc(O)cc1)c1ccc(O)cc1,BPA_CID6626__prepared_state_009,10,Done,,2.18,-5.894,grid,-6.122,-2.668,0.0,-0.0,-2.313,-30.69,-1.101,0.5589,0.0,-43.77,-31.79,0.1944
O=S(=O)(c1ccc([O-])cc1)c1ccc(O)cc1,BPA_CID6626__prepared_state_010,11,Done,,1.943,-6.024,grid,-6.876,-2.764,0.0,-0.0,-2.742,-31.93,-2.245,0.5628,0.0,-50.55,-34.18,0.3058
O=S(=O)(c1ccc([O-])cc1)c1ccc(O)cc1,BPA_CID6626__prepared_state_010,11,Done,,1.943,-6.023,grid,-6.875,-2.764,0.0,-0.0,-2.742,-31.93,-2.237,0.5628,0.0,-50.48,-34.17,0.4193
O=S(=O)(c1ccc([O-])cc1)c1ccc(O)cc1,BPA_CID6626__prepared_state_010,11,Done,,1.943,-5.953,grid,-6.805,-2.879,-0.01715,-0.0,-2.493,-29.46,-3.37,0.5628,0.0,-49.1,-32.83,0.1705
O=S(=O)(c1ccc([O-])cc1)c1ccc(O)cc1,BPA_CID6626__prepared_state_010,11,Done,,1.943,-6.002,grid,-6.854,-2.924,0.0,-0.0,-2.583,-29.17,-3.008,0.5628,0.0,-48.45,-32.18,0.4221
O=S(=O)(c1ccc([O-])cc1)c1ccc(O)cc1,BPA_CID6626__prepared_state_010,11,Done,,1.943,-5.951,grid,-6.803,-2.919,0.0,-0.0,-2.535,-29.28,-2.985,0.5628,0.0,-48.39,-32.26,0.4572
O=S(=O)(c1ccc([O-])cc1)c1ccc(O)cc1,BPA_CID6626__prepared_state_010,11,Done,,1.943,-5.609,grid,-6.461,-2.678,-0.16,-0.0,-2.259,-29.18,-3.116,0.5628,0.0,-47.77,-32.3,0.1187
O=S(=O)(c1ccc([O-])cc1)c1ccc(O)cc1,BPA_CID6626__prepared_state_010,11,Done,,1.943,-5.739,grid,-6.591,-2.351,-0.32,-0.0,-2.297,-27.87,-5.282,0.5628,0.0,-47.74,-33.16,2.526
O=S(=O)(c1ccc([O-])cc1)c1ccc(O)cc1,BPA_CID6626__prepared_state_010,11,Done,,1.943,-5.843,grid,-6.695,-2.979,-0.06397,-0.0,-2.439,-28.95,-2.186,0.5628,0.0,-46.93,-31.13,0.5826
O=S(=O)(c1ccc([O-])cc1)c1ccc(O)cc1,BPA_CID6626__prepared_state_010,11,Done,,1.943,-5.764,grid,-6.617,-2.73,-0.2506,-0.0,-2.399,-28.43,-2.519,0.5628,0.0,-46.59,-30.95,0.5214
O=S(=O)(c1ccc([O-])cc1)c1ccc(O)cc1,BPA_CID6626__prepared_state_010,11,Done,,1.943,-5.389,grid,-6.241,-2.53,-0.16,-0.0,-2.234,-28.52,-3.026,0.5628,0.0,-46.43,-31.55,0.2475
O=S(=O)(c1ccc([O-])cc1)c1ccc(O)cc1,BPA_CID6626__prepared_state_010,11,Done,,1.943,-5.602,grid,-6.454,-2.724,-0.16,-0.0,-2.284,-28.53,-2.818,0.5628,0.0,-46.33,-31.34,1.058
O=S(=O)(c1ccc([O-])cc1)c1ccc(O)cc1,BPA_CID6626__prepared_state_010,11,Done,,1.943,-5.628,grid,-6.48,-2.892,-0.04093,-0.0,-2.457,-28.8,-1.418,0.5628,0.0,-45.7,-30.22,0.199
O=S(=O)(c1ccc([O-])cc1)c1ccc(O)cc1,BPA_CID6626__prepared_state_010,11,Done,,1.943,-5.371,grid,-6.223,-2.333,-0.2075,-0.0,-2.172,-26.17,-5.103,0.5628,0.0,-45.55,-31.27,1.358
O=S(=O)(c1ccc([O-])cc1)c1ccc(O)cc1,BPA_CID6626__prepared_state_010,11,Done,,1.943,-5.368,grid,-6.22,-2.794,0.0,-0.0,-2.31,-29.03,-1.521,0.5628,0.0,-45.46,-30.55,0.07735
O=S(=O)(c1ccc([O-])cc1)c1ccc(O)cc1,BPA_CID6626__prepared_state_010,11,Done,,1.943,-5.386,grid,-6.238,-2.8,0.0,-0.0,-2.316,-28.95,-1.582,0.5628,0.0,-45.43,-30.54,0.2102
O=S(=O)(c1ccc([O-])cc1)c1ccc(O)cc1,BPA_CID6626__prepared_state_010,11,Done,,1.943,-5.408,grid,-6.261,-2.953,0.0,-0.0,-2.311,-29.77,-0.4727,0.5628,0.0,-45.14,-30.24,0.3137
O=S(=O)(c1ccc([O-])cc1)c1ccc(O)cc1,BPA_CID6626__prepared_state_010,11,Done,,1.943,-5.283,grid,-6.136,-2.35,-0.2545,-0.0,-2.158,-26.35,-4.127,0.5628,0.0,-44.99,-30.48,0.4597
O=S(=O)(c1ccc([O-])cc1)c1ccc(O)cc1,BPA_CID6626__prepared_state_010,11,Done,,1.943,-5.217,grid,-6.07,-2.43,-0.07395,-0.0,-2.165,-26.58,-4.224,0.5628,0.0,-44.93,-30.8,0.936
O=S(=O)(c1ccc([O-])cc1)c1ccc(O)cc1,BPA_CID6626__prepared_state_010,11,Done,,1.943,-5.398,grid,-6.25,-2.737,0.0,-0.0,-2.652,-30.47,0.6652,0.5628,0.0,-44.73,-29.81,0.2025
O=S(=O)(c1ccc([O-])cc1)c1ccc(O)cc1,BPA_CID6626__prepared_state_010,11,Done,,1.943,-5.245,grid,-6.098,-2.325,-0.282,-0.0,-2.138,-26.3,-4.002,0.5628,0.0,-44.7,-30.31,0.5268
O=C(OCc1ccccc1)c1ccc(O)cc1,BPA_CID7180__prepared_state_011,12,Done,,2.857,-7.54,grid,-7.631,-3.426,-0.32,-0.0,-2.617,-33.16,-3.946,0.981,0.0,-53.16,-37.1,1.104
O=C(OCc1ccccc1)c1ccc(O)cc1,BPA_CID7180__prepared_state_011,12,Done,,2.857,-7.538,grid,-7.629,-3.426,-0.32,-0.0,-2.618,-33.11,-3.937,0.981,0.0,-53.12,-37.04,1.043
O=C(OCc1ccccc1)c1ccc(O)cc1,BPA_CID7180__prepared_state_011,12,Done,,2.857,-7.124,grid,-7.215,-3.447,-0.2784,-0.0,-2.605,-31.98,-1.78,0.981,0.0,-47.97,-33.76,2.978
O=C(OCc1ccccc1)c1ccc(O)cc1,BPA_CID7180__prepared_state_011,12,Done,,2.857,-6.984,grid,-7.075,-3.172,-0.3575,-0.0,-2.574,-30.29,-2.924,0.981,0.0,-47.69,-33.21,1.835
O=C(OCc1ccccc1)c1ccc(O)cc1,BPA_CID7180__prepared_state_011,12,Done,,2.857,-7.019,grid,-7.11,-3.323,-0.32,-0.0,-2.61,-29.68,-2.362,0.981,0.0,-47.12,-32.04,0.7834
O=C(OCc1ccccc1)c1ccc(O)cc1,BPA_CID7180__prepared_state_011,12,Done,,2.857,-7.081,grid,-7.172,-3.347,-0.32,-0.0,-2.597,-29.8,-2.664,0.981,0.0,-47.1,-32.47,1.956
O=C(OCc1ccccc1)c1ccc(O)cc1,BPA_CID7180__prepared_state_011,12,Done,,2.857,-7.103,grid,-7.194,-3.36,-0.32,-0.0,-2.595,-29.88,-2.708,0.981,0.0,-46.96,-32.59,2.568
O=C(OCc1ccccc1)c1ccc(O)cc1,BPA_CID7180__prepared_state_011,12,Done,,2.857,-6.957,grid,-7.048,-3.355,-0.2789,-0.0,-2.545,-30.13,-2.295,0.981,0.0,-46.93,-32.43,1.676
O=C(OCc1ccccc1)c1ccc(O)cc1,BPA_CID7180__prepared_state_011,12,Done,,2.857,-6.856,grid,-6.947,-3.152,-0.3314,-0.0,-2.514,-29.57,-3.01,0.981,0.0,-46.9,-32.58,1.604
O=C(OCc1ccccc1)c1ccc(O)cc1,BPA_CID7180__prepared_state_011,12,Done,,2.857,-6.718,grid,-6.809,-2.723,-0.3214,-0.0,-2.719,-28.56,-3.988,0.981,0.0,-46.71,-32.55,1.32
O=C(OCc1ccccc1)c1ccc(O)cc1,BPA_CID7180__prepared_state_011,12,Done,,2.857,-6.889,grid,-6.98,-3.056,-0.4443,-0.0,-2.58,-28.33,-3.096,0.981,0.0,-46.39,-31.42,0.4404
O=C(OCc1ccccc1)c1ccc(O)cc1,BPA_CID7180__prepared_state_011,12,Done,,2.857,-6.837,grid,-6.928,-3.31,-0.2278,-0.0,-2.538,-30.04,-2.207,0.981,0.0,-46.36,-32.24,1.915
O=C(OCc1ccccc1)c1ccc(O)cc1,BPA_CID7180__prepared_state_011,12,Done,,2.857,-7.081,grid,-7.172,-3.324,-0.32,-0.0,-2.548,-28.11,-3.701,0.981,0.0,-46.22,-31.82,2.417
O=C(OCc1ccccc1)c1ccc(O)cc1,BPA_CID7180__prepared_state_011,12,Done,,2.857,-6.555,grid,-6.646,-3.42,0.0,-0.0,-2.532,-30.94,-0.8531,0.981,0.0,-45.86,-31.79,0.7891
O=C(OCc1ccccc1)c1ccc(O)cc1,BPA_CID7180__prepared_state_011,12,Done,,2.857,-6.403,grid,-6.494,-3.145,-0.01419,-0.0,-2.59,-30.73,-1.263,0.981,0.0,-45.84,-32.0,0.5802
O=C(OCc1ccccc1)c1ccc(O)cc1,BPA_CID7180__prepared_state_011,12,Done,,2.857,-6.502,grid,-6.593,-3.303,-0.03579,-0.0,-2.504,-30.45,-1.393,0.981,0.0,-45.82,-31.85,0.7575
O=C(OCc1ccccc1)c1ccc(O)cc1,BPA_CID7180__prepared_state_011,12,Done,,2.857,-6.898,grid,-6.989,-3.276,-0.253,-0.0,-2.633,-28.95,-2.404,0.981,0.0,-45.79,-31.35,1.555
O=C(OCc1ccccc1)c1ccc(O)cc1,BPA_CID7180__prepared_state_011,12,Done,,2.857,-6.813,grid,-6.904,-3.034,-0.32,-0.0,-2.794,-29.41,-1.775,0.981,0.0,-45.76,-31.18,0.8985
O=C(OCc1ccccc1)c1ccc(O)cc1,BPA_CID7180__prepared_state_011,12,Done,,2.857,-6.612,grid,-6.703,-2.711,-0.4709,-0.0,-2.591,-28.36,-3.291,0.981,0.0,-45.69,-31.65,1.097
O=C(OCc1ccccc1)c1ccc(O)cc1,BPA_CID7180__prepared_state_011,12,Done,,2.857,-6.255,grid,-6.346,-2.634,0.0,-0.0,-2.888,-30.5,-1.866,0.981,0.0,-45.65,-32.36,1.051
O=C(OCc1ccccc1)c1ccc([O-])cc1,BPA_CID7180__prepared_state_012,13,Done,,2.5,-5.922,grid,-7.077,-3.48,0.0,-0.0,-2.574,-29.62,-1.344,0.6589,0.0,-46.07,-30.97,1.562
O=C(OCc1ccccc1)c1ccc([O-])cc1,BPA_CID7180__prepared_state_012,13,Done,,2.5,-6.088,grid,-7.243,-3.03,-0.32,-0.0,-2.788,-27.85,-2.477,0.6589,0.0,-45.82,-30.32,1.529
O=C(OCc1ccccc1)c1ccc([O-])cc1,BPA_CID7180__prepared_state_012,13,Done,,2.5,-5.736,grid,-6.89,-3.11,0.0,-0.0,-2.781,-28.67,-1.501,0.6589,0.0,-45.56,-30.17,0.1354
O=C(OCc1ccccc1)c1ccc([O-])cc1,BPA_CID7180__prepared_state_012,13,Done,,2.5,-5.861,grid,-7.016,-2.903,-0.32,-0.0,-2.619,-26.26,-3.466,0.6589,0.0,-45.01,-29.73,0.9327
O=C(OCc1ccccc1)c1ccc([O-])cc1,BPA_CID7180__prepared_state_012,13,Done,,2.5,-5.49,grid,-6.644,-2.896,-0.1675,-0.0,-2.615,-28.09,-1.471,0.6589,0.0,-44.46,-29.56,0.01148
O=C(OCc1ccccc1)c1ccc([O-])cc1,BPA_CID7180__prepared_state_012,13,Done,,2.5,-5.66,grid,-6.814,-2.918,-0.32,-0.0,-2.486,-26.73,-2.751,0.6589,0.0,-44.46,-29.49,0.643
O=C(OCc1ccccc1)c1ccc([O-])cc1,BPA_CID7180__prepared_state_012,13,Done,,2.5,-5.687,grid,-6.841,-2.766,-0.32,-0.0,-2.655,-25.92,-3.086,0.6589,0.0,-44.27,-29.01,0.1739
O=C(OCc1ccccc1)c1ccc([O-])cc1,BPA_CID7180__prepared_state_012,13,Done,,2.5,-5.766,grid,-6.92,-3.138,0.0,-0.0,-2.938,-28.58,-0.4892,0.6589,0.0,-44.18,-29.07,0.8349
O=C(OCc1ccccc1)c1ccc([O-])cc1,BPA_CID7180__prepared_state_012,13,Done,,2.5,-5.744,grid,-6.898,-3.475,0.0,-0.0,-2.513,-28.25,-1.044,0.6589,0.0,-44.18,-29.29,1.199
O=C(OCc1ccccc1)c1ccc([O-])cc1,BPA_CID7180__prepared_state_012,13,Done,,2.5,-5.614,grid,-6.769,-3.489,0.0,-0.0,-2.519,-29.57,0.3938,0.6589,0.0,-44.02,-29.18,0.6952
O=C(OCc1ccccc1)c1ccc([O-])cc1,BPA_CID7180__prepared_state_012,13,Done,,2.5,-5.598,grid,-6.753,-3.074,0.0,-0.0,-2.781,-28.39,-0.9153,0.6589,0.0,-44.01,-29.31,0.9094
O=C(OCc1ccccc1)c1ccc([O-])cc1,BPA_CID7180__prepared_state_012,13,Done,,2.5,-5.562,grid,-6.717,-2.843,-0.32,-0.0,-2.572,-27.27,-1.85,0.6589,0.0,-43.93,-29.12,0.5271
O=C(OCc1ccccc1)c1ccc([O-])cc1,BPA_CID7180__prepared_state_012,13,Done,,2.5,-5.311,grid,-6.466,-2.828,-0.04445,-0.0,-2.648,-27.66,-1.47,0.6589,0.0,-43.42,-29.13,0.4417
O=C(OCc1ccccc1)c1ccc([O-])cc1,BPA_CID7180__prepared_state_012,13,Done,,2.5,-5.382,grid,-6.536,-2.84,-0.1081,-0.0,-2.645,-27.92,-1.376,0.6589,0.0,-43.4,-29.3,1.136
O=C(OCc1ccccc1)c1ccc([O-])cc1,BPA_CID7180__prepared_state_012,13,Done,,2.5,-5.79,grid,-6.944,-2.618,-0.32,-0.0,-3.034,-24.96,-2.549,0.6589,0.0,-43.05,-27.51,0.1058
O=C(OCc1ccccc1)c1ccc([O-])cc1,BPA_CID7180__prepared_state_012,13,Done,,2.5,-5.365,grid,-6.519,-2.866,-0.05616,-0.0,-2.688,-27.39,-1.322,0.6589,0.0,-43.02,-28.71,0.6495
O=C(OCc1ccccc1)c1ccc([O-])cc1,BPA_CID7180__prepared_state_012,13,Done,,2.5,-5.465,grid,-6.62,-2.718,-0.1661,-0.0,-2.811,-26.5,-1.72,0.6589,0.0,-43.02,-28.22,0.1149
O=C(OCc1ccccc1)c1ccc([O-])cc1,BPA_CID7180__prepared_state_012,13,Done,,2.5,-5.421,grid,-6.575,-3.055,0.0,-0.0,-2.722,-28.03,-0.3692,0.6589,0.0,-43.02,-28.4,0.2804
O=C(OCc1ccccc1)c1ccc([O-])cc1,BPA_CID7180__prepared_state_012,13,Done,,2.5,-5.236,grid,-6.391,-2.875,0.0,-0.0,-2.342,-30.02,-2.211,0.6589,0.0,-42.94,-32.23,7.273
O=C(OCc1ccccc1)c1ccc([O-])cc1,BPA_CID7180__prepared_state_012,13,Done,,2.5,-5.582,grid,-6.736,-2.967,0.0,-0.0,-2.904,-26.75,-1.245,0.6589,0.0,-42.89,-27.99,0.4535
Oc1ccc(Cc2ccc(O)cc2)cc1,BPA_CID12111__prepared_state_013,14,Done,,2.343,-8.012,grid,-8.015,-3.611,-0.5556,-0.0,-2.164,-26.78,-7.738,0.815,0.0,-50.02,-34.51,0.7539
Oc1ccc(Cc2ccc(O)cc2)cc1,BPA_CID12111__prepared_state_013,14,Done,,2.343,-7.874,grid,-7.877,-3.533,-0.4667,-0.0,-2.261,-26.62,-7.342,0.815,0.0,-48.97,-33.97,1.219
Oc1ccc(Cc2ccc(O)cc2)cc1,BPA_CID12111__prepared_state_013,14,Done,,2.343,-7.708,grid,-7.711,-3.504,-0.3992,-0.0,-2.295,-26.6,-6.654,0.815,0.0,-47.95,-33.25,1.157
Oc1ccc(Cc2ccc(O)cc2)cc1,BPA_CID12111__prepared_state_013,14,Done,,2.343,-7.681,grid,-7.684,-3.505,-0.395,-0.0,-2.297,-26.67,-6.458,0.815,0.0,-47.75,-33.13,1.209
Oc1ccc(Cc2ccc(O)cc2)cc1,BPA_CID12111__prepared_state_013,14,Done,,2.343,-7.512,grid,-7.515,-3.6,-0.4635,-0.0,-2.199,-27.72,-4.545,0.815,0.0,-46.75,-32.27,0.8205
Oc1ccc(Cc2ccc(O)cc2)cc1,BPA_CID12111__prepared_state_013,14,Done,,2.343,-7.453,grid,-7.457,-3.538,-0.32,-0.0,-2.283,-26.76,-5.281,0.815,0.0,-46.63,-32.04,0.3791
Oc1ccc(Cc2ccc(O)cc2)cc1,BPA_CID12111__prepared_state_013,14,Done,,2.343,-7.426,grid,-7.429,-3.51,-0.32,-0.0,-2.301,-26.48,-5.257,0.815,0.0,-46.24,-31.74,0.4398
Oc1ccc(Cc2ccc(O)cc2)cc1,BPA_CID12111__prepared_state_013,14,Done,,2.343,-7.319,grid,-7.322,-3.686,-0.32,-0.0,-2.241,-28.76,-3.014,0.815,0.0,-46.23,-31.77,0.1125
Oc1ccc(Cc2ccc(O)cc2)cc1,BPA_CID12111__prepared_state_013,14,Done,,2.343,-7.308,grid,-7.311,-3.684,-0.32,-0.0,-2.241,-28.81,-2.936,0.815,0.0,-46.19,-31.75,0.09659
Oc1ccc(Cc2ccc(O)cc2)cc1,BPA_CID12111__prepared_state_013,14,Done,,2.343,-7.3,grid,-7.304,-3.685,-0.32,-0.0,-2.232,-28.82,-2.937,0.815,0.0,-46.15,-31.75,0.1443
Oc1ccc(Cc2ccc(O)cc2)cc1,BPA_CID12111__prepared_state_013,14,Done,,2.343,-8.021,grid,-8.024,-3.431,-0.6695,-0.0,-2.258,-21.46,-9.383,0.815,0.0,-45.83,-30.84,1.835
Oc1ccc(Cc2ccc(O)cc2)cc1,BPA_CID12111__prepared_state_013,14,Done,,2.343,-7.329,grid,-7.332,-3.253,-0.5241,-0.0,-2.215,-26.17,-5.638,0.815,0.0,-45.14,-31.81,2.396
Oc1ccc(Cc2ccc(O)cc2)cc1,BPA_CID12111__prepared_state_013,14,Done,,2.343,-7.355,grid,-7.359,-3.256,-0.5349,-0.0,-2.217,-26.26,-5.691,0.815,0.0,-45.13,-31.95,2.797
Oc1ccc(Cc2ccc(O)cc2)cc1,BPA_CID12111__prepared_state_013,14,Done,,2.343,-7.345,grid,-7.349,-3.263,-0.5212,-0.0,-2.232,-26.04,-5.636,0.815,0.0,-44.81,-31.68,2.859
Oc1ccc(Cc2ccc(O)cc2)cc1,BPA_CID12111__prepared_state_013,14,Done,,2.343,-7.048,grid,-7.052,-3.49,-0.2374,-0.0,-2.271,-27.6,-3.259,0.815,0.0,-44.3,-30.85,1.06
Oc1ccc(Cc2ccc(O)cc2)cc1,BPA_CID12111__prepared_state_013,14,Done,,2.343,-7.473,grid,-7.476,-3.645,-0.5032,-0.0,-2.132,-24.14,-5.361,0.815,0.0,-44.06,-29.5,0.5116
Oc1ccc(Cc2ccc(O)cc2)cc1,BPA_CID12111__prepared_state_013,14,Done,,2.343,-7.477,grid,-7.48,-3.637,-0.501,-0.0,-2.142,-23.91,-5.468,0.815,0.0,-43.88,-29.37,0.6281
Oc1ccc(Cc2ccc(O)cc2)cc1,BPA_CID12111__prepared_state_013,14,Done,,2.343,-7.468,grid,-7.471,-3.637,-0.5031,-0.0,-2.131,-23.99,-5.434,0.815,0.0,-43.72,-29.42,1.013
Oc1ccc(Cc2ccc(O)cc2)cc1,BPA_CID12111__prepared_state_013,14,Done,,2.343,-7.368,grid,-7.371,-3.606,-0.4725,-0.0,-2.139,-24.35,-5.008,0.815,0.0,-43.69,-29.36,0.5432
Oc1ccc(Cc2ccc(O)cc2)cc1,BPA_CID12111__prepared_state_013,14,Done,,2.343,-7.074,grid,-7.077,-3.29,-0.32,-0.0,-2.264,-24.43,-5.312,0.815,0.0,-42.64,-29.74,2.242
Oc1ccc(Sc2ccc(O)cc2)cc1,BPA_CID17570__prepared_state_014,15,Done,,1.992,-7.306,grid,-7.325,-3.626,-0.3824,-0.0,-2.076,-30.68,-2.741,0.7053,0.0,-46.61,-33.42,2.671
Oc1ccc(Sc2ccc(O)cc2)cc1,BPA_CID17570__prepared_state_014,15,Done,,1.992,-7.396,grid,-7.415,-3.539,-0.4746,-0.0,-2.049,-29.05,-4.031,0.7053,0.0,-46.57,-33.08,2.449
Oc1ccc(Sc2ccc(O)cc2)cc1,BPA_CID17570__prepared_state_014,15,Done,,1.992,-7.151,grid,-7.17,-3.178,-0.32,-0.0,-2.171,-26.52,-5.867,0.7053,0.0,-46.44,-32.39,0.3465
Oc1ccc(Sc2ccc(O)cc2)cc1,BPA_CID17570__prepared_state_014,15,Done,,1.992,-7.163,grid,-7.181,-3.208,-0.32,-0.0,-2.176,-26.58,-5.69,0.7053,0.0,-46.08,-32.27,0.8781
Oc1ccc(Sc2ccc(O)cc2)cc1,BPA_CID17570__prepared_state_014,15,Done,,1.992,-7.136,grid,-7.155,-3.429,-0.32,-0.0,-2.155,-28.81,-3.435,0.7053,0.0,-45.81,-32.25,1.255
Oc1ccc(Sc2ccc(O)cc2)cc1,BPA_CID17570__prepared_state_014,15,Done,,1.992,-7.136,grid,-7.155,-3.429,-0.32,-0.0,-2.154,-28.82,-3.442,0.7053,0.0,-45.79,-32.26,1.334
Oc1ccc(Sc2ccc(O)cc2)cc1,BPA_CID17570__prepared_state_014,15,Done,,1.992,-7.157,grid,-7.176,-3.22,-0.32,-0.0,-2.184,-26.44,-5.567,0.7053,0.0,-45.77,-32.0,0.9486
Oc1ccc(Sc2ccc(O)cc2)cc1,BPA_CID17570__prepared_state_014,15,Done,,1.992,-7.106,grid,-7.124,-3.437,-0.32,-0.0,-2.145,-29.09,-3.155,0.7053,0.0,-45.75,-32.24,1.257
Oc1ccc(Sc2ccc(O)cc2)cc1,BPA_CID17570__prepared_state_014,15,Done,,1.992,-6.905,grid,-6.924,-3.583,-0.1976,-0.0,-2.05,-30.64,-1.779,0.7053,0.0,-45.36,-32.42,1.584
Oc1ccc(Sc2ccc(O)cc2)cc1,BPA_CID17570__prepared_state_014,15,Done,,1.992,-7.264,grid,-7.283,-3.291,-0.4443,-0.0,-2.195,-27.23,-4.64,0.7053,0.0,-44.34,-31.87,3.97
Oc1ccc(Sc2ccc(O)cc2)cc1,BPA_CID17570__prepared_state_014,15,Done,,1.992,-7.284,grid,-7.302,-3.296,-0.439,-0.0,-2.227,-27.49,-4.475,0.7053,0.0,-44.33,-31.96,4.248
Oc1ccc(Sc2ccc(O)cc2)cc1,BPA_CID17570__prepared_state_014,15,Done,,1.992,-7.269,grid,-7.288,-3.302,-0.441,-0.0,-2.196,-27.21,-4.628,0.7053,0.0,-44.28,-31.84,4.021
Oc1ccc(Sc2ccc(O)cc2)cc1,BPA_CID17570__prepared_state_014,15,Done,,1.992,-7.26,grid,-7.279,-3.287,-0.4443,-0.0,-2.195,-27.24,-4.637,0.7053,0.0,-44.26,-31.87,4.119
Oc1ccc(Sc2ccc(O)cc2)cc1,BPA_CID17570__prepared_state_014,15,Done,,1.992,-6.616,grid,-6.634,-3.072,-0.3083,-0.0,-2.138,-27.53,-2.967,0.7053,0.0,-43.18,-30.5,0.9661
Oc1ccc(Sc2ccc(O)cc2)cc1,BPA_CID17570__prepared_state_014,15,Done,,1.992,-6.875,grid,-6.893,-3.378,-0.3066,-0.0,-2.109,-27.85,-2.747,0.7053,0.0,-42.81,-30.6,2.917
Oc1ccc(Sc2ccc(O)cc2)cc1,BPA_CID17570__prepared_state_014,15,Done,,1.992,-6.504,grid,-6.523,-3.114,0.0,-0.0,-2.48,-28.15,-1.505,0.7053,0.0,-42.57,-29.65,0.04723
Oc1ccc(Sc2ccc(O)cc2)cc1,BPA_CID17570__prepared_state_014,15,Done,,1.992,-6.497,grid,-6.516,-3.115,0.0,-0.0,-2.473,-28.16,-1.506,0.7053,0.0,-42.56,-29.66,0.05695
Oc1ccc(Sc2ccc(O)cc2)cc1,BPA_CID17570__prepared_state_014,15,Done,,1.992,-6.874,grid,-6.893,-3.237,-0.5089,-0.0,-2.037,-25.41,-3.635,0.7053,0.0,-42.43,-29.04,0.5773
Oc1ccc(Sc2ccc(O)cc2)cc1,BPA_CID17570__prepared_state_014,15,Done,,1.992,-6.865,grid,-6.883,-3.229,-0.5138,-0.0,-2.03,-25.27,-3.679,0.7053,0.0,-42.23,-28.95,0.7582
Oc1ccc(Sc2ccc(O)cc2)cc1,BPA_CID17570__prepared_state_014,15,Done,,1.992,-6.404,grid,-6.423,-2.988,-0.2639,-0.0,-2.098,-27.04,-2.84,0.7053,0.0,-42.11,-29.88,1.021
CCC(C)(c1ccc(O)cc1)c1ccc(O)cc1,BPA_CID66166__prepared_state_015,16,Done,,3.374,-7.599,grid,-7.601,-3.475,-0.32,-0.0,-2.553,-27.56,-3.103,0.5907,0.0,-44.19,-30.66,0.6821
CCC(C)(c1ccc(O)cc1)c1ccc(O)cc1,BPA_CID66166__prepared_state_015,16,Done,,3.374,-7.207,grid,-7.209,-3.683,-0.2118,-0.0,-2.186,-29.96,-1.473,0.5907,0.0,-43.82,-31.44,1.55
CCC(C)(c1ccc(O)cc1)c1ccc(O)cc1,BPA_CID66166__prepared_state_015,16,Done,,3.374,-7.819,grid,-7.821,-3.779,-0.32,-0.0,-2.492,-26.2,-3.403,0.5907,0.0,-43.62,-29.61,0.5304
CCC(C)(c1ccc(O)cc1)c1ccc(O)cc1,BPA_CID66166__prepared_state_015,16,Done,,3.374,-7.568,grid,-7.57,-3.463,-0.32,-0.0,-2.544,-27.59,-3.021,0.5907,0.0,-43.6,-30.61,1.653
CCC(C)(c1ccc(O)cc1)c1ccc(O)cc1,BPA_CID66166__prepared_state_015,16,Done,,3.374,-6.825,grid,-6.827,-3.453,0.0,-0.0,-2.208,-30.9,-1.414,0.5907,0.0,-43.45,-32.32,2.659
CCC(C)(c1ccc(O)cc1)c1ccc(O)cc1,BPA_CID66166__prepared_state_015,16,Done,,3.374,-7.55,grid,-7.551,-3.454,-0.32,-0.0,-2.542,-27.65,-2.958,0.5907,0.0,-43.44,-30.6,1.888
CCC(C)(c1ccc(O)cc1)c1ccc(O)cc1,BPA_CID66166__prepared_state_015,16,Done,,3.374,-7.414,grid,-7.416,-3.506,-0.32,-0.0,-2.498,-27.66,-2.001,0.5907,0.0,-42.86,-29.66,0.6603
CCC(C)(c1ccc(O)cc1)c1ccc(O)cc1,BPA_CID66166__prepared_state_015,16,Done,,3.374,-7.164,grid,-7.166,-3.716,-0.2374,-0.0,-2.184,-29.3,-1.034,0.5907,0.0,-42.77,-30.33,1.294
CCC(C)(c1ccc(O)cc1)c1ccc(O)cc1,BPA_CID66166__prepared_state_015,16,Done,,3.374,-7.433,grid,-7.435,-3.537,-0.32,-0.0,-2.379,-25.65,-3.384,0.5907,0.0,-42.51,-29.03,0.1861
CCC(C)(c1ccc(O)cc1)c1ccc(O)cc1,BPA_CID66166__prepared_state_015,16,Done,,3.374,-6.746,grid,-6.748,-3.43,0.0,-0.0,-2.348,-29.49,-0.5789,0.5907,0.0,-42.07,-30.07,0.6303
CCC(C)(c1ccc(O)cc1)c1ccc(O)cc1,BPA_CID66166__prepared_state_015,16,Done,,3.374,-7.505,grid,-7.507,-3.522,-0.32,-0.0,-2.473,-25.48,-3.395,0.5907,0.0,-42.06,-28.87,1.026
CCC(C)(c1ccc(O)cc1)c1ccc(O)cc1,BPA_CID66166__prepared_state_015,16,Done,,3.374,-7.328,grid,-7.33,-3.36,-0.32,-0.0,-2.411,-26.35,-3.409,0.5907,0.0,-42.06,-29.76,2.174
CCC(C)(c1ccc(O)cc1)c1ccc(O)cc1,BPA_CID66166__prepared_state_015,16,Done,,3.374,-6.665,grid,-6.667,-3.301,-0.05856,-0.0,-2.231,-28.73,-1.534,0.5907,0.0,-41.95,-30.27,0.9643
CCC(C)(c1ccc(O)cc1)c1ccc(O)cc1,BPA_CID66166__prepared_state_015,16,Done,,3.374,-7.212,grid,-7.214,-3.262,-0.32,-0.0,-2.45,-26.69,-2.92,0.5907,0.0,-41.72,-29.61,2.11
CCC(C)(c1ccc(O)cc1)c1ccc(O)cc1,BPA_CID66166__prepared_state_015,16,Done,,3.374,-6.772,grid,-6.774,-3.412,-0.08645,-0.0,-2.198,-29.6,-1.258,0.5907,0.0,-41.72,-30.86,2.991
CCC(C)(c1ccc(O)cc1)c1ccc(O)cc1,BPA_CID66166__prepared_state_015,16,Done,,3.374,-7.361,grid,-7.363,-3.523,-0.32,-0.0,-2.477,-25.67,-2.336,0.5907,0.0,-41.18,-28.0,0.5305
CCC(C)(c1ccc(O)cc1)c1ccc(O)cc1,BPA_CID66166__prepared_state_015,16,Done,,3.374,-6.982,grid,-6.984,-3.477,-0.1159,-0.0,-2.439,-29.02,-0.6136,0.5907,0.0,-41.17,-29.63,2.425
CCC(C)(c1ccc(O)cc1)c1ccc(O)cc1,BPA_CID66166__prepared_state_015,16,Done,,3.374,-7.026,grid,-7.028,-3.508,0.0,-0.0,-2.464,-28.22,-1.573,0.5907,0.0,-41.12,-29.8,3.015
CCC(C)(c1ccc(O)cc1)c1ccc(O)cc1,BPA_CID66166__prepared_state_015,16,Done,,3.374,-6.678,grid,-6.679,-3.499,-0.07111,-0.0,-1.937,-27.72,-2.512,0.5907,0.0,-40.51,-30.23,3.829
CCC(C)(c1ccc(O)cc1)c1ccc(O)cc1,BPA_CID66166__prepared_state_015,16,Done,,3.374,-7.276,grid,-7.278,-3.758,0.0,-0.0,-2.587,-28.37,-0.6938,0.5907,0.0,-40.47,-29.06,3.75
Oc1ccc(C(c2ccc(O)cc2)(C(F)(F)F)C(F)(F)F)cc1,BPA_CID73864__prepared_state_016,17,Done,,3.926,-8.385,grid,-8.387,-3.122,-0.32,-0.0,-3.155,-30.39,-4.034,0.3341,0.0,-49.95,-34.43,2.076
Oc1ccc(C(c2ccc(O)cc2)(C(F)(F)F)C(F)(F)F)cc1,BPA_CID73864__prepared_state_016,17,Done,,3.926,-8.048,grid,-8.05,-2.759,-0.4297,-0.0,-3.1,-24.33,-5.862,0.3341,0.0,-45.9,-30.19,0.3827
Oc1ccc(C(c2ccc(O)cc2)(C(F)(F)F)C(F)(F)F)cc1,BPA_CID73864__prepared_state_016,17,Done,,3.926,-7.904,grid,-7.906,-2.803,0.0,-0.0,-3.817,-29.82,-0.8638,0.3341,0.0,-45.78,-30.68,1.031
Oc1ccc(C(c2ccc(O)cc2)(C(F)(F)F)C(F)(F)F)cc1,BPA_CID73864__prepared_state_016,17,Done,,3.926,-7.912,grid,-7.914,-2.816,0.0,-0.0,-3.817,-29.8,-0.8356,0.3341,0.0,-45.77,-30.64,1.002
Oc1ccc(C(c2ccc(O)cc2)(C(F)(F)F)C(F)(F)F)cc1,BPA_CID73864__prepared_state_016,17,Done,,3.926,-7.831,grid,-7.833,-3.279,0.0,-0.0,-3.112,-31.4,-1.375,0.3341,0.0,-45.75,-32.78,5.005
Oc1ccc(C(c2ccc(O)cc2)(C(F)(F)F)C(F)(F)F)cc1,BPA_CID73864__prepared_state_016,17,Done,,3.926,-7.91,grid,-7.911,-2.81,0.0,-0.0,-3.817,-29.81,-0.855,0.3341,0.0,-45.55,-30.67,1.488
Oc1ccc(C(c2ccc(O)cc2)(C(F)(F)F)C(F)(F)F)cc1,BPA_CID73864__prepared_state_016,17,Done,,3.926,-7.84,grid,-7.842,-3.29,0.0,-0.0,-3.112,-31.53,-1.322,0.3341,0.0,-45.31,-32.85,6.049
Oc1ccc(C(c2ccc(O)cc2)(C(F)(F)F)C(F)(F)F)cc1,BPA_CID73864__prepared_state_016,17,Done,,3.926,-7.838,grid,-7.84,-3.284,0.0,-0.0,-3.125,-31.56,-1.246,0.3341,0.0,-45.12,-32.81,6.338
Oc1ccc(C(c2ccc(O)cc2)(C(F)(F)F)C(F)(F)F)cc1,BPA_CID73864__prepared_state_016,17,Done,,3.926,-7.871,grid,-7.873,-3.326,0.0,-0.0,-3.234,-29.74,-1.067,0.3341,0.0,-44.55,-30.81,3.622
Oc1ccc(C(c2ccc(O)cc2)(C(F)(F)F)C(F)(F)F)cc1,BPA_CID73864__prepared_state_016,17,Done,,3.926,-7.837,grid,-7.839,-3.284,0.0,-0.0,-3.125,-31.55,-1.245,0.3341,0.0,-44.36,-32.8,7.833
Oc1ccc(C(c2ccc(O)cc2)(C(F)(F)F)C(F)(F)F)cc1,BPA_CID73864__prepared_state_016,17,Done,,3.926,-7.873,grid,-7.875,-3.027,0.0,-0.0,-3.44,-29.82,-1.671,0.3341,0.0,-44.16,-31.49,5.772
Oc1ccc(C(c2ccc(O)cc2)(C(F)(F)F)C(F)(F)F)cc1,BPA_CID73864__prepared_state_016,17,Done,,3.926,-7.835,grid,-7.837,-3.299,0.0,-0.0,-3.279,-28.82,-1.014,0.3341,0.0,-44.09,-29.84,2.457
Oc1ccc(C(c2ccc(O)cc2)(C(F)(F)F)C(F)(F)F)cc1,BPA_CID73864__prepared_state_016,17,Done,,3.926,-7.707,grid,-7.709,-2.874,0.0,-0.0,-3.817,-30.41,1.12,0.3341,0.0,-44.02,-29.29,0.9993
Oc1ccc(C(c2ccc(O)cc2)(C(F)(F)F)C(F)(F)F)cc1,BPA_CID73864__prepared_state_016,17,Done,,3.926,-7.432,grid,-7.434,-3.02,0.0,-0.0,-3.218,-30.47,-0.04937,0.3341,0.0,-43.93,-30.52,2.55
Oc1ccc(C(c2ccc(O)cc2)(C(F)(F)F)C(F)(F)F)cc1,BPA_CID73864__prepared_state_016,17,Done,,3.926,-7.796,grid,-7.798,-3.305,0.0,-0.0,-3.219,-28.9,-1.088,0.3341,0.0,-43.55,-29.99,3.681
Oc1ccc(C(c2ccc(O)cc2)(C(F)(F)F)C(F)(F)F)cc1,BPA_CID73864__prepared_state_016,17,Done,,3.926,-7.68,grid,-7.682,-3.164,0.0,-0.0,-3.241,-29.16,-1.02,0.3341,0.0,-43.31,-30.18,4.087
Oc1ccc(C(c2ccc(O)cc2)(C(F)(F)F)C(F)(F)F)cc1,BPA_CID73864__prepared_state_016,17,Done,,3.926,-6.797,grid,-6.799,-2.93,-0.08409,-0.0,-2.335,-28.12,-2.516,0.3341,0.0,-43.05,-30.64,2.04
Oc1ccc(C(c2ccc(O)cc2)(C(F)(F)F)C(F)(F)F)cc1,BPA_CID73864__prepared_state_016,17,Done,,3.926,-7.947,grid,-7.949,-2.81,0.0,-0.0,-3.793,-26.4,-2.048,0.3341,-0.0529,-43.04,-28.45,2.226
Oc1ccc(C(c2ccc(O)cc2)(C(F)(F)F)C(F)(F)F)cc1,BPA_CID73864__prepared_state_016,17,Done,,3.926,-8.132,grid,-8.133,-2.764,-0.32,-0.0,-3.605,-26.87,-2.901,0.3341,0.0,-42.88,-29.77,5.914
Oc1ccc(C(c2ccc(O)cc2)(C(F)(F)F)C(F)(F)F)cc1,BPA_CID73864__prepared_state_016,17,Done,,3.926,-8.329,grid,-8.331,-2.782,-0.608,-0.0,-3.156,-27.92,-4.817,0.3341,0.0,-42.6,-32.74,13.18
Oc1ccccc1Cc1ccccc1O,BPA_CID75575__prepared_state_017,18,Done,,2.554,-7.58,grid,-7.677,-3.37,-0.32,-0.0,-2.909,-27.45,-3.469,0.815,0.0,-44.45,-30.91,0.6876
Oc1ccccc1Cc1ccccc1O,BPA_CID75575__prepared_state_017,18,Done,,2.554,-7.426,grid,-7.522,-3.397,-0.32,-0.0,-2.788,-26.86,-3.256,0.815,0.0,-43.37,-30.12,0.6954
Oc1ccccc1Cc1ccccc1O,BPA_CID75575__prepared_state_017,18,Done,,2.554,-7.455,grid,-7.551,-3.353,-0.32,-0.0,-2.909,-27.22,-2.821,0.815,0.0,-43.2,-30.04,0.982
Oc1ccccc1Cc1ccccc1O,BPA_CID75575__prepared_state_017,18,Done,,2.554,-7.344,grid,-7.44,-3.337,-0.32,-0.0,-2.81,-26.67,-3.029,0.815,0.0,-42.86,-29.7,0.575
Oc1ccccc1Cc1ccccc1O,BPA_CID75575__prepared_state_017,18,Done,,2.554,-7.331,grid,-7.427,-3.544,-0.302,-0.0,-2.659,-27.14,-2.533,0.815,0.0,-42.69,-29.67,0.8131
Oc1ccccc1Cc1ccccc1O,BPA_CID75575__prepared_state_017,18,Done,,2.554,-7.359,grid,-7.456,-3.718,-0.1621,-0.0,-2.764,-28.19,-1.45,0.815,0.0,-42.44,-29.64,1.345
Oc1ccccc1Cc1ccccc1O,BPA_CID75575__prepared_state_017,18,Done,,2.554,-7.155,grid,-7.251,-3.376,-0.32,-0.0,-2.709,-26.57,-2.219,0.815,0.0,-41.37,-28.79,1.054
Oc1ccccc1Cc1ccccc1O,BPA_CID75575__prepared_state_017,18,Done,,2.554,-6.408,grid,-6.505,-3.389,0.0,-0.0,-2.366,-28.76,-0.8505,0.815,0.0,-41.27,-29.61,0.1768
Oc1ccccc1Cc1ccccc1O,BPA_CID75575__prepared_state_017,18,Done,,2.554,-6.283,grid,-6.379,-3.359,-0.01973,-0.0,-2.202,-28.44,-1.273,0.815,0.0,-41.2,-29.72,0.08668
Oc1ccccc1Cc1ccccc1O,BPA_CID75575__prepared_state_017,18,Done,,2.554,-6.968,grid,-7.065,-3.509,-0.32,-0.0,-2.268,-25.87,-3.26,0.815,0.0,-41.16,-29.13,1.471
Oc1ccccc1Cc1ccccc1O,BPA_CID75575__prepared_state_017,18,Done,,2.554,-6.96,grid,-7.056,-3.504,-0.32,-0.0,-2.268,-25.81,-3.262,0.815,0.0,-41.07,-29.07,1.508
Oc1ccccc1Cc1ccccc1O,BPA_CID75575__prepared_state_017,18,Done,,2.554,-6.376,grid,-6.472,-3.395,0.0,-0.0,-2.336,-28.38,-0.9175,0.815,0.0,-40.91,-29.3,0.1781
Oc1ccccc1Cc1ccccc1O,BPA_CID75575__prepared_state_017,18,Done,,2.554,-6.252,grid,-6.348,-3.453,0.0,-0.0,-2.236,-28.74,-0.2534,0.815,0.0,-40.4,-28.99,0.1306
Oc1ccccc1Cc1ccccc1O,BPA_CID75575__prepared_state_017,18,Done,,2.554,-6.301,grid,-6.397,-3.397,0.0,-0.0,-2.277,-27.99,-0.9175,0.815,0.0,-40.27,-28.91,0.4031
Oc1ccccc1Cc1ccccc1O,BPA_CID75575__prepared_state_017,18,Done,,2.554,-6.414,grid,-6.511,-3.329,-0.2118,-0.0,-2.16,-27.25,-1.743,0.815,0.0,-40.23,-28.99,1.05
Oc1ccccc1Cc1ccccc1O,BPA_CID75575__prepared_state_017,18,Done,,2.554,-6.35,grid,-6.446,-3.058,-0.04178,-0.0,-2.572,-26.88,-1.633,0.815,0.0,-40.11,-28.51,0.1104
Oc1ccccc1Cc1ccccc1O,BPA_CID75575__prepared_state_017,18,Done,,2.554,-6.308,grid,-6.404,-3.384,0.0,-0.0,-2.308,-27.69,-0.9497,0.815,0.0,-40.03,-28.64,0.3709
Oc1ccccc1Cc1ccccc1O,BPA_CID75575__prepared_state_017,18,Done,,2.554,-6.298,grid,-6.394,-3.047,-0.04048,-0.0,-2.534,-26.84,-1.641,0.815,0.0,-39.98,-28.49,0.1175
Oc1ccccc1Cc1ccccc1O,BPA_CID75575__prepared_state_017,18,Done,,2.554,-6.174,grid,-6.27,-3.254,0.0,-0.0,-2.357,-28.28,-0.4017,0.815,0.0,-39.95,-28.68,0.1266
Oc1ccccc1Cc1ccccc1O,BPA_CID75575__prepared_state_017,18,Done,,2.554,-6.522,grid,-6.618,-3.045,-0.154,-0.0,-2.561,-25.62,-2.615,0.815,0.0,-39.94,-28.23,0.5088
[O-]c1ccccc1Cc1ccccc1O,BPA_CID75575__prepared_state_018,19,Done,,2.092,-5.946,grid,-7.072,-3.414,-0.16,-0.0,-2.703,-26.46,-1.959,0.8219,0.0,-43.86,-28.41,0.09171
[O-]c1ccccc1Cc1ccccc1O,BPA_CID75575__prepared_state_018,19,Done,,2.092,-5.939,grid,-7.065,-3.37,-0.16,-0.0,-2.737,-25.65,-2.243,0.8219,0.0,-43.31,-27.9,0.1228
[O-]c1ccccc1Cc1ccccc1O,BPA_CID75575__prepared_state_018,19,Done,,2.092,-6.1,grid,-7.226,-3.53,-0.2937,-0.0,-2.681,-25.7,-1.724,0.8219,0.0,-43.23,-27.43,0.04994
[O-]c1ccccc1Cc1ccccc1O,BPA_CID75575__prepared_state_018,19,Done,,2.092,-5.898,grid,-7.023,-3.386,-0.16,-0.0,-2.699,-25.46,-2.177,0.8219,0.0,-42.96,-27.64,0.1175
[O-]c1ccccc1Cc1ccccc1O,BPA_CID75575__prepared_state_018,19,Done,,2.092,-6.071,grid,-7.197,-3.33,-0.32,-0.0,-2.816,-25.31,-1.917,0.8219,0.0,-42.87,-27.23,0.2425
[O-]c1ccccc1Cc1ccccc1O,BPA_CID75575__prepared_state_018,19,Done,,2.092,-5.228,grid,-6.354,-3.347,0.0,-0.0,-2.267,-27.54,-1.231,0.8219,0.0,-42.63,-28.77,0.1285
[O-]c1ccccc1Cc1ccccc1O,BPA_CID75575__prepared_state_018,19,Done,,2.092,-5.816,grid,-6.942,-3.463,-0.2721,-0.0,-2.652,-27.43,-0.02658,0.8219,0.0,-42.01,-27.46,1.303
[O-]c1ccccc1Cc1ccccc1O,BPA_CID75575__prepared_state_018,19,Done,,2.092,-5.912,grid,-7.038,-3.503,-0.2229,-0.0,-2.752,-26.26,-0.4571,0.8219,0.0,-41.89,-26.72,0.4912
[O-]c1ccccc1Cc1ccccc1O,BPA_CID75575__prepared_state_018,19,Done,,2.092,-5.742,grid,-6.868,-3.168,-0.16,-0.0,-2.832,-24.94,-1.89,0.8219,0.0,-41.78,-26.83,0.1774
[O-]c1ccccc1Cc1ccccc1O,BPA_CID75575__prepared_state_018,19,Done,,2.092,-5.305,grid,-6.431,-2.586,-0.1903,-0.0,-2.726,-22.44,-4.192,0.8219,0.0,-40.65,-26.63,0.1283
[O-]c1ccccc1Cc1ccccc1O,BPA_CID75575__prepared_state_018,19,Done,,2.092,-5.455,grid,-6.581,-3.032,-0.1581,-0.0,-2.629,-23.61,-2.682,0.8219,0.0,-40.51,-26.3,0.4007
[O-]c1ccccc1Cc1ccccc1O,BPA_CID75575__prepared_state_018,19,Done,,2.092,-5.237,grid,-6.362,-3.48,0.0,-0.0,-2.298,-25.89,-0.744,0.8219,0.0,-40.45,-26.63,0.224
[O-]c1ccccc1Cc1ccccc1O,BPA_CID75575__prepared_state_018,19,Done,,2.092,-5.636,grid,-6.762,-3.007,-0.2527,-0.0,-2.697,-22.54,-3.336,0.8219,0.0,-40.43,-25.87,0.5018
[O-]c1ccccc1Cc1ccccc1O,BPA_CID75575__prepared_state_018,19,Done,,2.092,-5.682,grid,-6.808,-3.172,-0.32,-0.0,-2.76,-24.8,-0.9239,0.8219,0.0,-40.33,-25.73,0.6164
[O-]c1ccccc1Cc1ccccc1O,BPA_CID75575__prepared_state_018,19,Done,,2.092,-5.505,grid,-6.631,-3.47,0.0,-0.0,-2.77,-26.93,0.887,0.8219,0.0,-40.29,-26.04,0.5542
[O-]c1ccccc1Cc1ccccc1O,BPA_CID75575__prepared_state_018,19,Done,,2.092,-5.057,grid,-6.182,-3.464,0.0,-0.0,-2.204,-27.12,0.1276,0.8219,0.0,-40.27,-26.99,0.5252
[O-]c1ccccc1Cc1ccccc1O,BPA_CID75575__prepared_state_018,19,Done,,2.092,-5.109,grid,-6.234,-3.566,0.0,-0.0,-2.201,-27.35,0.522,0.8219,0.0,-40.24,-26.83,0.4955
[O-]c1ccccc1Cc1ccccc1O,BPA_CID75575__prepared_state_018,19,Done,,2.092,-5.024,grid,-6.15,-3.414,0.0,-0.0,-2.176,-26.0,-0.5462,0.8219,0.0,-39.78,-26.55,0.467
[O-]c1ccccc1Cc1ccccc1O,BPA_CID75575__prepared_state_018,19,Done,,2.092,-5.534,grid,-6.659,-3.085,-0.32,-0.0,-2.7,-24.28,-1.081,0.8219,0.0,-39.68,-25.37,0.5474
[O-]c1ccccc1Cc1ccccc1O,BPA_CID75575__prepared_state_018,19,Done,,2.092,-5.35,grid,-6.476,-3.031,-0.1521,-0.0,-2.598,-23.15,-2.394,0.8219,0.0,-39.52,-25.55,0.4255
CC1(C)[C@H](O)C(C)(C)[C@@H]1O,BPA_CID76382__prepared_state_019,20,Done,,1.956,-6.03,grid,-6.03,-1.746,-0.32,-0.0,-2.667,-14.81,-3.712,0.0,0.0,-24.93,-18.52,1.026
CC1(C)[C@H](O)C(C)(C)[C@@H]1O,BPA_CID76382__prepared_state_019,20,Done,,1.956,-5.875,grid,-5.875,-2.081,0.0,-0.0,-2.576,-15.23,-3.051,0.0,0.0,-24.44,-18.28,1.179
CC1(C)[C@H](O)C(C)(C)[C@@H]1O,BPA_CID76382__prepared_state_019,20,Done,,1.956,-5.623,grid,-5.623,-1.804,0.0,-0.0,-2.676,-15.46,-2.469,0.0,0.0,-24.35,-17.92,0.0682
CC1(C)[C@H](O)C(C)(C)[C@@H]1O,BPA_CID76382__prepared_state_019,20,Done,,1.956,-5.071,grid,-5.071,-1.194,-0.284,-0.0,-2.332,-15.45,-3.258,0.0,0.0,-23.45,-18.71,2.168
CC1(C)[C@H](O)C(C)(C)[C@@H]1O,BPA_CID76382__prepared_state_019,20,Done,,1.956,-5.899,grid,-5.899,-1.975,-0.2695,-0.0,-2.538,-14.57,-2.583,0.0,0.0,-23.39,-17.16,1.083
CC1(C)[C@H](O)C(C)(C)[C@@H]1O,BPA_CID76382__prepared_state_019,20,Done,,1.956,-5.826,grid,-5.826,-1.972,-0.2677,-0.0,-2.467,-14.57,-2.606,0.0,0.0,-23.34,-17.18,1.057
CC1(C)[C@H](O)C(C)(C)[C@@H]1O,BPA_CID76382__prepared_state_019,20,Done,,1.956,-5.477,grid,-5.477,-1.986,-0.08155,-0.0,-2.25,-15.5,-2.559,0.0,0.0,-23.07,-18.06,2.558
CC1(C)[C@H](O)C(C)(C)[C@@H]1O,BPA_CID76382__prepared_state_019,20,Done,,1.956,-5.812,grid,-5.812,-1.924,-0.4145,-0.0,-2.25,-14.04,-3.476,0.0,0.0,-22.99,-17.52,2.411
CC1(C)[C@H](O)C(C)(C)[C@@H]1O,BPA_CID76382__prepared_state_019,20,Done,,1.956,-5.474,grid,-5.474,-1.682,-0.08523,-0.0,-2.672,-15.15,-1.844,0.0,0.0,-22.75,-17.0,1.078
CC1(C)[C@H](O)C(C)(C)[C@@H]1O,BPA_CID76382__prepared_state_019,20,Done,,1.956,-5.582,grid,-5.582,-1.792,-0.32,-0.0,-2.328,-13.81,-3.017,0.0,0.0,-22.74,-16.82,0.991
CC1(C)[C@H](O)C(C)(C)[C@@H]1O,BPA_CID76382__prepared_state_019,20,Done,,1.956,-5.588,grid,-5.588,-2.001,0.0,-0.0,-2.699,-16.5,-0.417,0.0,0.0,-22.27,-16.92,2.141
CC1(C)[C@H](O)C(C)(C)[C@@H]1O,BPA_CID76382__prepared_state_019,20,Done,,1.956,-5.309,grid,-5.309,-1.964,0.0,-0.0,-2.442,-15.09,-0.9947,0.0,0.0,-22.18,-16.08,0.003647
CC1(C)[C@H](O)C(C)(C)[C@@H]1O,BPA_CID76382__prepared_state_019,20,Done,,1.956,-5.386,grid,-5.386,-2.006,-0.09054,-0.0,-2.25,-14.89,-1.965,0.0,0.0,-22.16,-16.85,1.755
CC1(C)[C@H](O)C(C)(C)[C@@H]1O,BPA_CID76382__prepared_state_019,20,Done,,1.956,-5.343,grid,-5.343,-1.37,-0.2561,-0.0,-2.617,-13.87,-2.711,0.0,0.0,-22.14,-16.58,1.171
CC1(C)[C@H](O)C(C)(C)[C@@H]1O,BPA_CID76382__prepared_state_019,20,Done,,1.956,-5.351,grid,-5.351,-2.001,0.0,-0.0,-2.425,-14.72,-1.26,0.0,0.0,-22.12,-15.98,0.01029
CC1(C)[C@H](O)C(C)(C)[C@@H]1O,BPA_CID76382__prepared_state_019,20,Done,,1.956,-5.446,grid,-5.446,-1.974,0.0,-0.0,-2.592,-15.58,-0.6789,0.0,0.0,-22.0,-16.26,1.025
CC1(C)[C@H](O)C(C)(C)[C@@H]1O,BPA_CID76382__prepared_state_019,20,Done,,1.956,-5.277,grid,-5.277,-1.88,0.0,-0.0,-2.427,-15.06,-1.444,0.0,0.0,-21.93,-16.5,1.267
CC1(C)[C@H](O)C(C)(C)[C@@H]1O,BPA_CID76382__prepared_state_019,20,Done,,1.956,-5.243,grid,-5.243,-1.866,0.0,-0.0,-2.45,-14.67,-1.291,0.0,0.0,-21.88,-15.97,0.2196
CC1(C)[C@H](O)C(C)(C)[C@@H]1O,BPA_CID76382__prepared_state_019,20,Done,,1.956,-5.304,grid,-5.304,-1.882,0.0,-0.0,-2.43,-15.15,-1.557,0.0,0.0,-21.64,-16.71,2.321
CC1(C)[C@H](O)C(C)(C)[C@@H]1O,BPA_CID76382__prepared_state_019,20,Done,,1.956,-5.194,grid,-5.194,-1.943,0.0,-0.0,-2.411,-15.08,-0.5705,0.0,0.0,-21.58,-15.65,0.06886
CC1(C)[C@H](O)C(C)(C)[C@H]1O,BPA_CID76382__prepared_state_020,21,Done,,1.903,-5.971,grid,-5.971,-1.951,-0.2172,-0.0,-2.508,-16.91,-2.991,0.0,0.0,-26.55,-19.9,0.003165
CC1(C)[C@H](O)C(C)(C)[C@H]1O,BPA_CID76382__prepared_state_020,21,Done,,1.903,-5.964,grid,-5.964,-1.944,-0.2229,-0.0,-2.516,-16.92,-2.899,0.0,0.0,-25.93,-19.82,1.072
CC1(C)[C@H](O)C(C)(C)[C@H]1O,BPA_CID76382__prepared_state_020,21,Done,,1.903,-5.673,grid,-5.673,-2.15,0.0,-0.0,-2.455,-17.26,-1.362,0.0,0.0,-24.93,-18.63,0.03997
CC1(C)[C@H](O)C(C)(C)[C@H]1O,BPA_CID76382__prepared_state_020,21,Done,,1.903,-5.958,grid,-5.958,-1.878,-0.2517,-0.0,-2.577,-15.61,-3.136,0.0,0.0,-24.85,-18.74,1.078
CC1(C)[C@H](O)C(C)(C)[C@H]1O,BPA_CID76382__prepared_state_020,21,Done,,1.903,-5.968,grid,-5.968,-1.738,-0.32,-0.0,-2.559,-14.31,-4.235,0.0,0.0,-24.67,-18.55,1.057
CC1(C)[C@H](O)C(C)(C)[C@H]1O,BPA_CID76382__prepared_state_020,21,Done,,1.903,-5.985,grid,-5.985,-1.718,-0.32,-0.0,-2.567,-14.62,-4.325,0.0,0.0,-24.51,-18.94,2.204
CC1(C)[C@H](O)C(C)(C)[C@H]1O,BPA_CID76382__prepared_state_020,21,Done,,1.903,-5.787,grid,-5.787,-2.024,0.0,-0.0,-2.667,-16.27,-1.885,0.0,0.0,-24.07,-18.16,1.075
CC1(C)[C@H](O)C(C)(C)[C@H]1O,BPA_CID76382__prepared_state_020,21,Done,,1.903,-5.794,grid,-5.794,-1.68,-0.32,-0.0,-2.539,-14.79,-3.432,0.0,0.0,-23.94,-18.22,1.477
CC1(C)[C@H](O)C(C)(C)[C@H]1O,BPA_CID76382__prepared_state_020,21,Done,,1.903,-5.824,grid,-5.824,-1.99,-0.2419,-0.0,-2.475,-14.59,-2.584,0.0,0.0,-23.08,-17.17,1.163
CC1(C)[C@H](O)C(C)(C)[C@H]1O,BPA_CID76382__prepared_state_020,21,Done,,1.903,-5.503,grid,-5.503,-1.944,-0.03773,-0.0,-2.473,-15.61,-1.783,0.0,0.0,-22.97,-17.39,1.111
CC1(C)[C@H](O)C(C)(C)[C@H]1O,BPA_CID76382__prepared_state_020,21,Done,,1.903,-5.297,grid,-5.297,-1.827,0.0,-0.0,-2.692,-17.55,0.6572,0.0,0.0,-22.77,-16.89,0.04393
CC1(C)[C@H](O)C(C)(C)[C@H]1O,BPA_CID76382__prepared_state_020,21,Done,,1.903,-5.451,grid,-5.451,-1.904,-0.07221,-0.0,-2.435,-15.28,-1.834,0.0,0.0,-22.62,-17.12,1.145
CC1(C)[C@H](O)C(C)(C)[C@H]1O,BPA_CID76382__prepared_state_020,21,Done,,1.903,-5.509,grid,-5.509,-1.399,-0.32,-0.0,-2.527,-12.7,-4.187,0.0,0.0,-22.51,-16.88,1.018
CC1(C)[C@H](O)C(C)(C)[C@H]1O,BPA_CID76382__prepared_state_020,21,Done,,1.903,-5.494,grid,-5.494,-1.419,-0.32,-0.0,-2.528,-13.02,-3.84,0.0,0.0,-22.41,-16.86,1.153
CC1(C)[C@H](O)C(C)(C)[C@H]1O,BPA_CID76382__prepared_state_020,21,Done,,1.903,-5.368,grid,-5.368,-1.949,0.0,-0.0,-2.511,-15.59,-0.8556,0.0,0.0,-22.4,-16.44,0.04849
CC1(C)[C@H](O)C(C)(C)[C@H]1O,BPA_CID76382__prepared_state_020,21,Done,,1.903,-5.306,grid,-5.306,-1.96,0.0,-0.0,-2.442,-15.52,-0.8563,0.0,0.0,-22.3,-16.38,0.0006857
CC1(C)[C@H](O)C(C)(C)[C@H]1O,BPA_CID76382__prepared_state_020,21,Done,,1.903,-5.58,grid,-5.58,-1.77,-0.32,-0.0,-2.4,-14.0,-2.596,0.0,0.0,-22.28,-16.6,1.081
CC1(C)[C@H](O)C(C)(C)[C@H]1O,BPA_CID76382__prepared_state_020,21,Done,,1.903,-5.587,grid,-5.587,-1.782,-0.32,-0.0,-2.4,-14.05,-2.546,0.0,0.0,-22.27,-16.59,1.101
CC1(C)[C@H](O)C(C)(C)[C@H]1O,BPA_CID76382__prepared_state_020,21,Done,,1.903,-5.404,grid,-5.404,-2.057,0.0,-0.0,-2.47,-15.08,-0.8123,0.0,0.0,-21.92,-15.9,0.008379
CC1(C)[C@H](O)C(C)(C)[C@H]1O,BPA_CID76382__prepared_state_020,21,Done,,1.903,-5.551,grid,-5.551,-1.671,-0.32,-0.0,-2.35,-12.5,-3.895,0.0,0.0,-21.89,-16.4,1.386
COC(=O)C(c1ccc(O)cc1)c1ccc(O)cc1,BPA_CID78805__prepared_state_021,22,Done,,3.237,-7.114,grid,-7.116,-2.947,-0.5419,-0.0,-1.845,-26.07,-8.485,0.7943,0.0,-48.98,-34.55,1.994
COC(=O)C(c1ccc(O)cc1)c1ccc(O)cc1,BPA_CID78805__prepared_state_021,22,Done,,3.237,-6.554,grid,-6.556,-3.003,-0.09664,-0.0,-2.335,-32.99,-1.781,0.7943,0.0,-48.65,-34.77,0.6761
COC(=O)C(c1ccc(O)cc1)c1ccc(O)cc1,BPA_CID78805__prepared_state_021,22,Done,,3.237,-6.5,grid,-6.502,-2.998,-0.07775,-0.0,-2.319,-32.96,-1.689,0.7943,0.0,-48.55,-34.65,0.4135
COC(=O)C(c1ccc(O)cc1)c1ccc(O)cc1,BPA_CID78805__prepared_state_021,22,Done,,3.237,-6.453,grid,-6.456,-3.057,-0.08167,-0.0,-2.291,-32.76,-1.218,0.7943,0.0,-47.86,-33.98,0.2404
COC(=O)C(c1ccc(O)cc1)c1ccc(O)cc1,BPA_CID78805__prepared_state_021,22,Done,,3.237,-6.366,grid,-6.368,-3.021,0.0,-0.0,-2.332,-33.01,-1.061,0.7943,0.0,-47.74,-34.07,0.2817
COC(=O)C(c1ccc(O)cc1)c1ccc(O)cc1,BPA_CID78805__prepared_state_021,22,Done,,3.237,-6.906,grid,-6.909,-2.512,-0.32,-0.0,-2.747,-29.65,-4.275,0.7943,0.0,-47.44,-33.93,2.929
COC(=O)C(c1ccc(O)cc1)c1ccc(O)cc1,BPA_CID78805__prepared_state_021,22,Done,,3.237,-6.593,grid,-6.595,-2.877,0.0,-0.0,-2.631,-31.09,-2.181,0.7943,0.0,-47.09,-33.27,0.9522
COC(=O)C(c1ccc(O)cc1)c1ccc(O)cc1,BPA_CID78805__prepared_state_021,22,Done,,3.237,-6.456,grid,-6.459,-2.935,0.0,-0.0,-2.559,-32.15,-1.009,0.7943,0.0,-46.79,-33.15,0.7463
COC(=O)C(c1ccc(O)cc1)c1ccc(O)cc1,BPA_CID78805__prepared_state_021,22,Done,,3.237,-6.538,grid,-6.54,-2.869,0.0,-0.0,-2.635,-31.06,-1.853,0.7943,0.0,-46.6,-32.91,0.9805
COC(=O)C(c1ccc(O)cc1)c1ccc(O)cc1,BPA_CID78805__prepared_state_021,22,Done,,3.237,-6.523,grid,-6.525,-3.008,-0.2994,-0.0,-1.98,-28.28,-4.118,0.7943,0.0,-45.78,-32.4,1.546
COC(=O)C(c1ccc(O)cc1)c1ccc(O)cc1,BPA_CID78805__prepared_state_021,22,Done,,3.237,-6.34,grid,-6.342,-2.702,0.0,-0.0,-2.622,-30.82,-1.802,0.7943,0.0,-45.74,-32.63,1.284
COC(=O)C(c1ccc(O)cc1)c1ccc(O)cc1,BPA_CID78805__prepared_state_021,22,Done,,3.237,-6.607,grid,-6.609,-3.103,0.0,-0.0,-2.661,-31.13,-0.5479,0.7943,0.0,-45.54,-31.68,0.9394
COC(=O)C(c1ccc(O)cc1)c1ccc(O)cc1,BPA_CID78805__prepared_state_021,22,Done,,3.237,-6.289,grid,-6.291,-2.848,-0.32,-0.0,-1.979,-29.34,-3.149,0.7943,0.0,-45.46,-32.49,1.343
COC(=O)C(c1ccc(O)cc1)c1ccc(O)cc1,BPA_CID78805__prepared_state_021,22,Done,,3.237,-6.248,grid,-6.25,-3.005,-0.07544,-0.0,-2.135,-30.19,-2.131,0.7943,0.0,-44.62,-32.32,2.499
COC(=O)C(c1ccc(O)cc1)c1ccc(O)cc1,BPA_CID78805__prepared_state_021,22,Done,,3.237,-6.114,grid,-6.116,-2.718,0.0,-0.0,-2.408,-29.38,-2.1,0.7943,0.0,-44.47,-31.48,0.555
COC(=O)C(c1ccc(O)cc1)c1ccc(O)cc1,BPA_CID78805__prepared_state_021,22,Done,,3.237,-6.241,grid,-6.243,-2.896,-0.32,-0.0,-1.963,-28.15,-3.007,0.7943,0.0,-44.27,-31.15,0.8435
COC(=O)C(c1ccc(O)cc1)c1ccc(O)cc1,BPA_CID78805__prepared_state_021,22,Done,,3.237,-6.036,grid,-6.038,-2.977,-0.09634,-0.0,-1.962,-30.02,-1.979,0.7943,0.0,-44.04,-32.0,2.115
COC(=O)C(c1ccc(O)cc1)c1ccc(O)cc1,BPA_CID78805__prepared_state_021,22,Done,,3.237,-6.102,grid,-6.104,-2.641,0.0,-0.0,-2.577,-29.74,-1.289,0.7943,0.0,-43.91,-31.03,0.7131
COC(=O)C(c1ccc(O)cc1)c1ccc(O)cc1,BPA_CID78805__prepared_state_021,22,Done,,3.237,-6.358,grid,-6.361,-2.783,0.0,-0.0,-2.626,-29.3,-1.872,0.7943,0.0,-43.83,-31.17,2.281
COC(=O)C(c1ccc(O)cc1)c1ccc(O)cc1,BPA_CID78805__prepared_state_021,22,Done,,3.237,-6.208,grid,-6.21,-2.737,0.0,-0.0,-2.539,-28.63,-1.982,0.7943,0.0,-43.75,-30.61,0.6499
Cc1cc(Cc2cc(C)c(O)c(C)c2)cc(C)c1O,BPA_CID79345__prepared_state_022,23,Done,,3.642,-7.636,grid,-7.636,-3.83,-0.2206,-0.0,-1.957,-30.03,-4.419,0.5364,0.0,-48.01,-34.45,1.416
Cc1cc(Cc2cc(C)c(O)c(C)c2)cc(C)c1O,BPA_CID79345__prepared_state_022,23,Done,,3.642,-7.9,grid,-7.901,-4.578,-0.09509,-0.0,-1.957,-32.28,-1.288,0.5364,0.0,-47.44,-33.57,1.767
Cc1cc(Cc2cc(C)c(O)c(C)c2)cc(C)c1O,BPA_CID79345__prepared_state_022,23,Done,,3.642,-7.739,grid,-7.739,-4.093,-0.32,-0.0,-1.934,-30.27,-2.762,0.5364,0.0,-47.42,-33.04,0.156
Cc1cc(Cc2cc(C)c(O)c(C)c2)cc(C)c1O,BPA_CID79345__prepared_state_022,23,Done,,3.642,-7.729,grid,-7.729,-4.091,-0.32,-0.0,-1.933,-30.3,-2.707,0.5364,0.0,-47.36,-33.0,0.1658
Cc1cc(Cc2cc(C)c(O)c(C)c2)cc(C)c1O,BPA_CID79345__prepared_state_022,23,Done,,3.642,-7.727,grid,-7.728,-4.092,-0.32,-0.0,-1.933,-30.26,-2.702,0.5364,0.0,-47.22,-32.96,0.3582
Cc1cc(Cc2cc(C)c(O)c(C)c2)cc(C)c1O,BPA_CID79345__prepared_state_022,23,Done,,3.642,-7.887,grid,-7.887,-4.572,-0.09906,-0.0,-1.958,-32.19,-1.236,0.5364,0.0,-47.1,-33.43,2.134
Cc1cc(Cc2cc(C)c(O)c(C)c2)cc(C)c1O,BPA_CID79345__prepared_state_022,23,Done,,3.642,-7.437,grid,-7.438,-3.817,-0.32,-0.0,-1.779,-28.82,-4.117,0.5364,0.0,-46.17,-32.93,1.322
Cc1cc(Cc2cc(C)c(O)c(C)c2)cc(C)c1O,BPA_CID79345__prepared_state_022,23,Done,,3.642,-7.642,grid,-7.642,-4.063,-0.32,-0.0,-1.93,-29.18,-2.71,0.5364,0.0,-45.9,-31.89,0.5315
Cc1cc(Cc2cc(C)c(O)c(C)c2)cc(C)c1O,BPA_CID79345__prepared_state_022,23,Done,,3.642,-7.294,grid,-7.294,-3.645,0.0,-0.0,-2.386,-30.49,-1.832,0.5364,0.0,-45.29,-32.32,1.323
Cc1cc(Cc2cc(C)c(O)c(C)c2)cc(C)c1O,BPA_CID79345__prepared_state_022,23,Done,,3.642,-7.02,grid,-7.021,-3.6,0.0,-0.0,-2.208,-30.76,-1.409,0.5364,0.0,-45.17,-32.17,0.2121
Cc1cc(Cc2cc(C)c(O)c(C)c2)cc(C)c1O,BPA_CID79345__prepared_state_022,23,Done,,3.642,-7.307,grid,-7.307,-3.643,0.0,-0.0,-2.403,-30.4,-1.851,0.5364,0.0,-45.17,-32.25,1.464
Cc1cc(Cc2cc(C)c(O)c(C)c2)cc(C)c1O,BPA_CID79345__prepared_state_022,23,Done,,3.642,-7.293,grid,-7.293,-3.646,0.0,-0.0,-2.386,-30.47,-1.829,0.5364,0.0,-45.16,-32.3,1.528
Cc1cc(Cc2cc(C)c(O)c(C)c2)cc(C)c1O,BPA_CID79345__prepared_state_022,23,Done,,3.642,-7.149,grid,-7.149,-4.019,0.0,-0.0,-2.124,-32.4,0.5139,0.5364,0.0,-44.95,-31.88,0.5787
Cc1cc(Cc2cc(C)c(O)c(C)c2)cc(C)c1O,BPA_CID79345__prepared_state_022,23,Done,,3.642,-7.306,grid,-7.306,-3.645,0.0,-0.0,-2.403,-30.34,-1.851,0.5364,0.0,-44.89,-32.19,1.888
Cc1cc(Cc2cc(C)c(O)c(C)c2)cc(C)c1O,BPA_CID79345__prepared_state_022,23,Done,,3.642,-6.83,grid,-6.83,-3.242,-0.32,-0.0,-1.849,-29.18,-3.316,0.5364,0.0,-44.45,-32.49,1.611
Cc1cc(Cc2cc(C)c(O)c(C)c2)cc(C)c1O,BPA_CID79345__prepared_state_022,23,Done,,3.642,-7.636,grid,-7.637,-4.636,-0.04247,-0.0,-1.896,-30.64,-0.4475,0.5364,0.0,-44.44,-31.09,1.824
Cc1cc(Cc2cc(C)c(O)c(C)c2)cc(C)c1O,BPA_CID79345__prepared_state_022,23,Done,,3.642,-6.954,grid,-6.954,-3.326,-0.32,-0.0,-2.077,-29.5,-1.952,0.5364,0.0,-44.41,-31.46,0.07707
Cc1cc(Cc2cc(C)c(O)c(C)c2)cc(C)c1O,BPA_CID79345__prepared_state_022,23,Done,,3.642,-6.956,grid,-6.957,-3.325,-0.3142,-0.0,-2.084,-29.29,-2.036,0.5364,0.0,-44.24,-31.32,0.1534
Cc1cc(Cc2cc(C)c(O)c(C)c2)cc(C)c1O,BPA_CID79345__prepared_state_022,23,Done,,3.642,-7.084,grid,-7.085,-3.921,0.0,-0.0,-2.099,-29.97,-0.687,0.5364,0.0,-43.89,-30.66,0.0182
Cc1cc(Cc2cc(C)c(O)c(C)c2)cc(C)c1O,BPA_CID79345__prepared_state_022,23,Done,,3.642,-6.613,grid,-6.614,-3.141,0.0,-0.0,-2.3,-30.44,-1.246,0.5364,0.0,-43.6,-31.69,0.8887
O=S(=O)(c1ccc(O)cc1)c1ccccc1O,BPA_CID79381__prepared_state_023,24,Done,,2.199,-6.504,grid,-6.817,-2.786,-0.1099,-0.0,-2.549,-32.84,-1.925,0.5589,0.0,-48.65,-34.76,0.2783
O=S(=O)(c1ccc(O)cc1)c1ccccc1O,BPA_CID79381__prepared_state_023,24,Done,,2.199,-6.496,grid,-6.809,-2.785,-0.1081,-0.0,-2.547,-32.84,-1.912,0.5589,0.0,-48.57,-34.75,0.3699
O=S(=O)(c1ccc(O)cc1)c1ccccc1O,BPA_CID79381__prepared_state_023,24,Done,,2.199,-6.5,grid,-6.814,-2.822,0.0,-0.0,-2.651,-32.92,-1.69,0.5589,0.0,-48.55,-34.61,0.1565
O=S(=O)(c1ccc(O)cc1)c1ccccc1O,BPA_CID79381__prepared_state_023,24,Done,,2.199,-6.464,grid,-6.778,-2.776,0.0,-0.0,-2.568,-32.02,-2.612,0.5589,0.0,-48.44,-34.64,0.2842
O=S(=O)(c1ccc(O)cc1)c1ccccc1O,BPA_CID79381__prepared_state_023,24,Done,,2.199,-6.894,grid,-7.208,-3.055,-0.32,-0.0,-2.635,-32.84,-0.7623,0.5589,0.0,-47.42,-33.61,2.015
O=S(=O)(c1ccc(O)cc1)c1ccccc1O,BPA_CID79381__prepared_state_023,24,Done,,2.199,-6.861,grid,-7.174,-3.137,-0.32,-0.0,-2.233,-30.42,-3.48,0.5589,0.0,-47.15,-33.9,3.021
O=S(=O)(c1ccc(O)cc1)c1ccccc1O,BPA_CID79381__prepared_state_023,24,Done,,2.199,-6.288,grid,-6.602,-2.732,0.0,-0.0,-2.622,-32.11,-1.336,0.5589,0.0,-46.76,-33.45,0.5338
O=S(=O)(c1ccc(O)cc1)c1ccccc1O,BPA_CID79381__prepared_state_023,24,Done,,2.199,-6.051,grid,-6.365,-2.707,0.0,-0.0,-2.498,-33.36,-0.3404,0.5589,0.0,-46.66,-33.7,0.2642
O=S(=O)(c1ccc(O)cc1)c1ccccc1O,BPA_CID79381__prepared_state_023,24,Done,,2.199,-6.052,grid,-6.365,-2.707,0.0,-0.0,-2.498,-33.36,-0.3385,0.5589,0.0,-46.63,-33.7,0.3222
O=S(=O)(c1ccc(O)cc1)c1ccccc1O,BPA_CID79381__prepared_state_023,24,Done,,2.199,-6.601,grid,-6.915,-2.375,-0.4893,-0.0,-2.342,-25.96,-6.466,0.5589,0.0,-46.53,-32.42,0.2297
O=S(=O)(c1ccc(O)cc1)c1ccccc1O,BPA_CID79381__prepared_state_023,24,Done,,2.199,-6.777,grid,-7.09,-3.056,-0.32,-0.0,-2.621,-32.74,-0.108,0.5589,0.0,-46.47,-32.84,1.905
O=S(=O)(c1ccc(O)cc1)c1ccccc1O,BPA_CID79381__prepared_state_023,24,Done,,2.199,-6.859,grid,-7.173,-3.002,-0.4028,-0.0,-2.286,-30.24,-3.527,0.5589,0.0,-46.09,-33.77,4.858
O=S(=O)(c1ccc(O)cc1)c1ccccc1O,BPA_CID79381__prepared_state_023,24,Done,,2.199,-6.592,grid,-6.906,-2.957,-0.32,-0.0,-2.209,-29.67,-3.296,0.5589,0.0,-46.01,-32.97,2.331
O=S(=O)(c1ccc(O)cc1)c1ccccc1O,BPA_CID79381__prepared_state_023,24,Done,,2.199,-6.785,grid,-7.099,-2.997,-0.32,-0.0,-2.516,-28.81,-2.561,0.5589,0.0,-45.59,-31.38,0.7761
O=S(=O)(c1ccc(O)cc1)c1ccccc1O,BPA_CID79381__prepared_state_023,24,Done,,2.199,-6.449,grid,-6.762,-2.415,-0.4269,-0.0,-2.382,-26.6,-5.121,0.5589,0.0,-45.56,-31.72,0.1388
O=S(=O)(c1ccc(O)cc1)c1ccccc1O,BPA_CID79381__prepared_state_023,24,Done,,2.199,-6.809,grid,-7.123,-2.965,-0.32,-0.0,-2.578,-28.6,-2.589,0.5589,0.0,-45.5,-31.19,0.6871
O=S(=O)(c1ccc(O)cc1)c1ccccc1O,BPA_CID79381__prepared_state_023,24,Done,,2.199,-6.502,grid,-6.816,-2.858,-0.32,-0.0,-2.51,-31.09,-0.884,0.5589,0.0,-45.16,-31.98,1.678
O=S(=O)(c1ccc(O)cc1)c1ccccc1O,BPA_CID79381__prepared_state_023,24,Done,,2.199,-6.816,grid,-7.129,-2.411,-0.32,-0.0,-2.566,-23.78,-7.484,0.5589,-0.08038,-45.14,-31.27,1.579
O=S(=O)(c1ccc(O)cc1)c1ccccc1O,BPA_CID79381__prepared_state_023,24,Done,,2.199,-6.524,grid,-6.838,-2.937,-0.32,-0.0,-2.176,-28.72,-3.513,0.5589,0.0,-44.99,-32.24,2.621
O=S(=O)(c1ccc(O)cc1)c1ccccc1O,BPA_CID79381__prepared_state_023,24,Done,,2.199,-6.364,grid,-6.678,-2.824,-0.32,-0.0,-2.46,-31.59,-0.3592,0.5589,0.0,-44.75,-31.95,1.86
O=S(=O)(c1ccc([O-])cc1)c1ccccc1O,BPA_CID79381__prepared_state_024,25,Done,,2.006,-5.823,grid,-6.761,-2.771,-0.09491,-0.0,-2.568,-32.21,-1.861,0.5628,0.0,-49.76,-34.07,0.6502
O=S(=O)(c1ccc([O-])cc1)c1ccccc1O,BPA_CID79381__prepared_state_024,25,Done,,2.006,-6.081,grid,-7.018,-2.482,-0.48,-0.0,-2.307,-25.8,-6.815,0.5628,0.0,-48.82,-32.62,0.8523
O=S(=O)(c1ccc([O-])cc1)c1ccccc1O,BPA_CID79381__prepared_state_024,25,Done,,2.006,-5.619,grid,-6.557,-2.739,0.0,-0.0,-2.599,-31.24,-1.464,0.5628,0.0,-48.14,-32.7,0.1904
O=S(=O)(c1ccc([O-])cc1)c1ccccc1O,BPA_CID79381__prepared_state_024,25,Done,,2.006,-5.573,grid,-6.511,-2.727,0.0,-0.0,-2.641,-32.06,-0.6852,0.5628,0.0,-48.03,-32.74,0.2812
O=S(=O)(c1ccc([O-])cc1)c1ccccc1O,BPA_CID79381__prepared_state_024,25,Done,,2.006,-5.766,grid,-6.703,-2.948,0.0,-0.0,-2.387,-29.64,-3.0,0.5628,0.0,-47.88,-32.64,1.289
O=S(=O)(c1ccc([O-])cc1)c1ccccc1O,BPA_CID79381__prepared_state_024,25,Done,,2.006,-5.51,grid,-6.448,-2.919,0.0,-0.0,-2.168,-28.89,-3.194,0.5628,0.0,-47.07,-32.08,0.5762
O=S(=O)(c1ccc([O-])cc1)c1ccccc1O,BPA_CID79381__prepared_state_024,25,Done,,2.006,-5.487,grid,-6.424,-2.955,0.0,-0.0,-2.178,-29.4,-2.555,0.5628,0.0,-46.54,-31.95,1.256
O=S(=O)(c1ccc([O-])cc1)c1ccccc1O,BPA_CID79381__prepared_state_024,25,Done,,2.006,-5.282,grid,-6.219,-2.655,0.0,-0.0,-2.642,-32.81,1.043,0.5628,0.0,-45.82,-31.77,1.372
O=S(=O)(c1ccc([O-])cc1)c1ccccc1O,BPA_CID79381__prepared_state_024,25,Done,,2.006,-5.654,grid,-6.591,-2.524,-0.1732,-0.0,-2.316,-24.78,-5.65,0.5628,-0.05373,-45.78,-30.43,0.5406
O=S(=O)(c1ccc([O-])cc1)c1ccccc1O,BPA_CID79381__prepared_state_024,25,Done,,2.006,-5.473,grid,-6.41,-2.297,-0.2169,-0.0,-2.314,-25.68,-5.747,0.5628,0.0,-45.75,-31.43,1.727
O=S(=O)(c1ccc([O-])cc1)c1ccccc1O,BPA_CID79381__prepared_state_024,25,Done,,2.006,-5.284,grid,-6.222,-2.667,0.0,-0.0,-2.652,-32.32,1.003,0.5628,0.0,-45.71,-31.32,0.6957
O=S(=O)(c1ccc([O-])cc1)c1ccccc1O,BPA_CID79381__prepared_state_024,25,Done,,2.006,-5.258,grid,-6.195,-2.504,-0.16,-0.0,-2.211,-28.02,-3.218,0.5628,0.0,-45.56,-31.24,0.7103
O=S(=O)(c1ccc([O-])cc1)c1ccccc1O,BPA_CID79381__prepared_state_024,25,Done,,2.006,-5.364,grid,-6.301,-2.737,-0.03512,-0.0,-2.5,-29.81,-0.6721,0.5628,0.0,-45.31,-30.48,0.1977
O=S(=O)(c1ccc([O-])cc1)c1ccccc1O,BPA_CID79381__prepared_state_024,25,Done,,2.006,-5.312,grid,-6.249,-2.524,-0.16,-0.0,-2.304,-27.53,-2.982,0.5628,0.0,-45.21,-30.52,0.2165
O=S(=O)(c1ccc([O-])cc1)c1ccccc1O,BPA_CID79381__prepared_state_024,25,Done,,2.006,-5.962,grid,-6.9,-2.95,-0.32,-0.0,-2.587,-27.79,-1.442,0.5628,0.0,-45.06,-29.23,1.033
O=S(=O)(c1ccc([O-])cc1)c1ccccc1O,BPA_CID79381__prepared_state_024,25,Done,,2.006,-5.352,grid,-6.289,-2.462,0.0,-0.0,-2.356,-25.6,-4.704,0.5628,-0.04785,-45.04,-30.31,0.3419
O=S(=O)(c1ccc([O-])cc1)c1ccccc1O,BPA_CID79381__prepared_state_024,25,Done,,2.006,-5.858,grid,-6.796,-3.272,0.0,-0.0,-2.649,-29.82,0.3603,0.5628,0.0,-44.95,-29.46,1.224
O=S(=O)(c1ccc([O-])cc1)c1ccccc1O,BPA_CID79381__prepared_state_024,25,Done,,2.006,-5.151,grid,-6.089,-2.364,0.0,-0.0,-2.564,-30.2,-1.424,0.5628,0.0,-44.89,-31.62,2.325
O=S(=O)(c1ccc([O-])cc1)c1ccccc1O,BPA_CID79381__prepared_state_024,25,Done,,2.006,-5.236,grid,-6.173,-2.506,-0.16,-0.0,-2.238,-27.15,-3.162,0.5628,0.0,-44.7,-30.31,0.466
O=S(=O)(c1ccc([O-])cc1)c1ccccc1O,BPA_CID79381__prepared_state_024,25,Done,,2.006,-5.375,grid,-6.313,-2.856,0.0,-0.0,-2.342,-27.78,-1.925,0.5628,0.0,-44.43,-29.7,0.4547
O=S(=O)(c1ccc(O)cc1)c1ccccc1[O-],BPA_CID79381__prepared_state_025,26,Done,,2.025,-6.078,grid,-7.192,-3.109,-0.32,-0.0,-2.309,-29.2,-3.709,0.5628,0.0,-48.21,-32.91,1.988
O=S(=O)(c1ccc(O)cc1)c1ccccc1[O-],BPA_CID79381__prepared_state_025,26,Done,,2.025,-6.014,grid,-7.128,-3.046,-0.32,-0.0,-2.334,-29.13,-3.561,0.5628,0.0,-47.85,-32.69,1.992
O=S(=O)(c1ccc(O)cc1)c1ccccc1[O-],BPA_CID79381__prepared_state_025,26,Done,,2.025,-5.372,grid,-6.487,-2.595,-0.09113,-0.0,-2.487,-29.44,-2.696,0.5628,0.0,-46.63,-32.14,0.4067
O=S(=O)(c1ccc(O)cc1)c1ccccc1[O-],BPA_CID79381__prepared_state_025,26,Done,,2.025,-5.373,grid,-6.487,-2.596,-0.09145,-0.0,-2.487,-29.43,-2.693,0.5628,0.0,-46.61,-32.12,0.43
O=S(=O)(c1ccc(O)cc1)c1ccccc1[O-],BPA_CID79381__prepared_state_025,26,Done,,2.025,-5.237,grid,-6.351,-2.941,0.0,-0.0,-2.208,-29.96,-1.779,0.5628,0.0,-45.63,-31.73,0.9946
O=S(=O)(c1ccc(O)cc1)c1ccccc1[O-],BPA_CID79381__prepared_state_025,26,Done,,2.025,-6.045,grid,-7.16,-2.453,-0.32,-0.0,-2.603,-22.2,-7.825,0.5628,-0.06267,-45.54,-30.02,1.42
O=S(=O)(c1ccc(O)cc1)c1ccccc1[O-],BPA_CID79381__prepared_state_025,26,Done,,2.025,-5.312,grid,-6.427,-2.976,0.0,-0.0,-2.304,-29.88,-1.437,0.5628,0.0,-45.35,-31.32,1.057
O=S(=O)(c1ccc(O)cc1)c1ccccc1[O-],BPA_CID79381__prepared_state_025,26,Done,,2.025,-5.241,grid,-6.355,-2.738,0.0,-0.0,-2.622,-30.62,-0.1863,0.5628,0.0,-45.02,-30.8,0.3737
O=S(=O)(c1ccc(O)cc1)c1ccccc1[O-],BPA_CID79381__prepared_state_025,26,Done,,2.025,-5.637,grid,-6.751,-2.845,-0.16,-0.0,-2.69,-28.66,-1.243,0.5628,0.0,-44.97,-29.9,0.4698
O=S(=O)(c1ccc(O)cc1)c1ccccc1[O-],BPA_CID79381__prepared_state_025,26,Done,,2.025,-5.18,grid,-6.294,-2.661,0.0,-0.0,-2.654,-30.78,-0.02534,0.5628,0.0,-44.95,-30.8,0.2451
O=S(=O)(c1ccc(O)cc1)c1ccccc1[O-],BPA_CID79381__prepared_state_025,26,Done,,2.025,-5.989,grid,-7.103,-2.477,-0.32,-0.0,-2.586,-21.83,-7.638,0.5628,-0.04615,-44.9,-29.46,1.321
O=S(=O)(c1ccc(O)cc1)c1ccccc1[O-],BPA_CID79381__prepared_state_025,26,Done,,2.025,-5.535,grid,-6.649,-2.838,-0.16,-0.0,-2.582,-28.36,-1.432,0.5628,0.0,-44.61,-29.79,0.4874
O=S(=O)(c1ccc(O)cc1)c1ccccc1[O-],BPA_CID79381__prepared_state_025,26,Done,,2.025,-5.205,grid,-6.319,-1.771,-0.48,-0.0,-2.492,-24.25,-6.179,0.5628,0.0,-44.55,-30.43,0.3945
O=S(=O)(c1ccc(O)cc1)c1ccccc1[O-],BPA_CID79381__prepared_state_025,26,Done,,2.025,-5.252,grid,-6.366,-2.785,0.0,-0.0,-2.701,-30.87,0.6734,0.5628,0.0,-44.54,-30.19,0.1614
O=S(=O)(c1ccc(O)cc1)c1ccccc1[O-],BPA_CID79381__prepared_state_025,26,Done,,2.025,-5.209,grid,-6.324,-2.759,0.0,-0.0,-2.686,-30.92,0.6987,0.5628,0.0,-44.49,-30.22,0.1165
O=S(=O)(c1ccc(O)cc1)c1ccccc1[O-],BPA_CID79381__prepared_state_025,26,Done,,2.025,-4.831,grid,-5.945,-2.602,0.0,-0.0,-2.25,-29.78,-1.115,0.5628,0.0,-43.98,-30.89,0.7689
O=S(=O)(c1ccc(O)cc1)c1ccccc1[O-],BPA_CID79381__prepared_state_025,26,Done,,2.025,-5.198,grid,-6.312,-2.546,0.0,-0.0,-2.379,-25.45,-4.196,0.5628,-0.04788,-43.68,-29.65,0.542
O=S(=O)(c1ccc(O)cc1)c1ccccc1[O-],BPA_CID79381__prepared_state_025,26,Done,,2.025,-5.19,grid,-6.304,-2.368,-0.16,-0.0,-2.456,-26.74,-3.638,0.5628,0.0,-43.56,-30.37,2.203
O=S(=O)(c1ccc(O)cc1)c1ccccc1[O-],BPA_CID79381__prepared_state_025,26,Done,,2.025,-5.811,grid,-6.925,-2.982,-0.32,-0.0,-2.311,-25.21,-4.098,0.5628,0.0,-43.53,-29.3,2.924
O=S(=O)(c1ccc(O)cc1)c1ccccc1[O-],BPA_CID79381__prepared_state_025,26,Done,,2.025,-5.357,grid,-6.471,-2.848,-0.32,-0.0,-2.419,-29.01,0.01857,0.5628,0.0,-43.51,-28.99,0.2807
Cc1cc(C(C)(C)c2cc(C)c(O)c(C)c2)cc(C)c1O,BPA_CID79717__prepared_state_026,27,Done,,3.456,-7.994,grid,-7.994,-4.194,0.0,-0.0,-2.37,-33.43,-1.383,0.4482,0.0,-48.98,-34.81,1.936
Cc1cc(C(C)(C)c2cc(C)c(O)c(C)c2)cc(C)c1O,BPA_CID79717__prepared_state_026,27,Done,,3.456,-7.892,grid,-7.892,-4.109,0.0,-0.0,-2.37,-32.72,-1.506,0.4482,0.0,-48.76,-34.23,0.8221
Cc1cc(C(C)(C)c2cc(C)c(O)c(C)c2)cc(C)c1O,BPA_CID79717__prepared_state_026,27,Done,,3.456,-7.516,grid,-7.517,-4.182,-0.03269,-0.0,-1.849,-33.14,-1.63,0.4482,0.0,-47.84,-34.77,2.341
Cc1cc(C(C)(C)c2cc(C)c(O)c(C)c2)cc(C)c1O,BPA_CID79717__prepared_state_026,27,Done,,3.456,-7.788,grid,-7.789,-4.142,0.0,-0.0,-2.37,-32.89,-0.5335,0.4482,0.0,-47.67,-33.43,1.016
Cc1cc(C(C)(C)c2cc(C)c(O)c(C)c2)cc(C)c1O,BPA_CID79717__prepared_state_026,27,Done,,3.456,-7.821,grid,-7.821,-4.078,0.0,-0.0,-2.37,-32.48,-1.316,0.4482,0.0,-47.18,-33.8,2.869
Cc1cc(C(C)(C)c2cc(C)c(O)c(C)c2)cc(C)c1O,BPA_CID79717__prepared_state_026,27,Done,,3.456,-7.594,grid,-7.594,-4.043,0.0,-0.0,-2.228,-31.64,-1.265,0.4482,0.0,-46.86,-32.9,0.8523
Cc1cc(C(C)(C)c2cc(C)c(O)c(C)c2)cc(C)c1O,BPA_CID79717__prepared_state_026,27,Done,,3.456,-6.701,grid,-6.701,-3.637,0.0,-0.0,-1.77,-33.46,-0.4637,0.4482,0.0,-46.18,-33.92,0.8747
Cc1cc(C(C)(C)c2cc(C)c(O)c(C)c2)cc(C)c1O,BPA_CID79717__prepared_state_026,27,Done,,3.456,-6.996,grid,-6.996,-3.957,0.0,-0.0,-1.772,-32.94,-0.4564,0.4482,0.0,-46.02,-33.4,1.252
Cc1cc(C(C)(C)c2cc(C)c(O)c(C)c2)cc(C)c1O,BPA_CID79717__prepared_state_026,27,Done,,3.456,-7.281,grid,-7.281,-4.109,0.0,-0.0,-2.313,-32.99,2.28,0.4482,0.0,-43.94,-30.71,1.128
Cc1cc(C(C)(C)c2cc(C)c(O)c(C)c2)cc(C)c1O,BPA_CID79717__prepared_state_026,27,Done,,3.456,-7.358,grid,-7.358,-3.904,0.0,-0.0,-2.273,-29.43,-1.054,0.4482,0.0,-43.31,-30.48,2.205
Cc1cc(C(C)(C)c2cc(C)c(O)c(C)c2)cc(C)c1O,BPA_CID79717__prepared_state_026,27,Done,,3.456,-7.357,grid,-7.358,-3.904,0.0,-0.0,-2.272,-29.42,-1.057,0.4482,0.0,-43.17,-30.48,2.488
Cc1cc(C(C)(C)c2cc(C)c(O)c(C)c2)cc(C)c1O,BPA_CID79717__prepared_state_026,27,Done,,3.456,-7.211,grid,-7.212,-3.946,0.0,-0.0,-2.177,-30.14,-0.2027,0.4482,0.0,-42.88,-30.34,2.241
Cc1cc(C(C)(C)c2cc(C)c(O)c(C)c2)cc(C)c1O,BPA_CID79717__prepared_state_026,27,Done,,3.456,-7.121,grid,-7.121,-3.942,0.0,-0.0,-2.37,-32.67,2.509,0.4482,0.0,-42.79,-30.16,1.728
Cc1cc(C(C)(C)c2cc(C)c(O)c(C)c2)cc(C)c1O,BPA_CID79717__prepared_state_026,27,Done,,3.456,-7.702,grid,-7.702,-4.458,0.0,-0.0,-2.37,-29.41,0.9865,0.4482,0.0,-42.71,-28.43,0.6114
Cc1cc(C(C)(C)c2cc(C)c(O)c(C)c2)cc(C)c1O,BPA_CID79717__prepared_state_026,27,Done,,3.456,-6.968,grid,-6.969,-3.702,0.0,-0.0,-2.174,-30.04,-0.2624,0.4482,0.0,-42.33,-30.3,2.344
Cc1cc(C(C)(C)c2cc(C)c(O)c(C)c2)cc(C)c1O,BPA_CID79717__prepared_state_026,27,Done,,3.456,-7.275,grid,-7.275,-4.137,0.0,-0.0,-2.362,-31.56,2.354,0.4482,0.0,-42.15,-29.21,1.672
Cc1cc(C(C)(C)c2cc(C)c(O)c(C)c2)cc(C)c1O,BPA_CID79717__prepared_state_026,27,Done,,3.456,-7.258,grid,-7.259,-3.871,0.0,-0.0,-2.34,-29.21,-0.237,0.4482,0.0,-42.08,-29.45,2.244
Cc1cc(C(C)(C)c2cc(C)c(O)c(C)c2)cc(C)c1O,BPA_CID79717__prepared_state_026,27,Done,,3.456,-7.308,grid,-7.308,-3.901,0.0,-0.0,-2.37,-29.72,0.001093,0.4482,0.0,-41.96,-29.72,3.202
Cc1cc(C(C)(C)c2cc(C)c(O)c(C)c2)cc(C)c1O,BPA_CID79717__prepared_state_026,27,Done,,3.456,-6.711,grid,-6.712,-3.494,0.0,-0.0,-2.149,-29.82,-0.1727,0.4482,0.0,-41.77,-29.99,1.866
Cc1cc(C(C)(C)c2cc(C)c(O)c(C)c2)cc(C)c1O,BPA_CID79717__prepared_state_026,27,Done,,3.456,-6.625,grid,-6.626,-3.044,-0.32,-0.0,-1.916,-26.65,-3.074,0.4482,0.0,-41.67,-29.73,1.222
CC(C)CC(C)(c1ccc(O)cc1)c1ccc(O)cc1,BPA_CID81259__prepared_state_027,28,Done,,4.479,-7.249,grid,-7.251,-3.6,-0.119,-0.0,-2.446,-30.56,-1.951,0.734,0.0,-45.84,-32.51,0.6711
CC(C)CC(C)(c1ccc(O)cc1)c1ccc(O)cc1,BPA_CID81259__prepared_state_027,28,Done,,4.479,-7.097,grid,-7.099,-3.635,0.0,-0.0,-2.466,-30.16,-1.492,0.734,0.0,-44.22,-31.65,1.628
CC(C)CC(C)(c1ccc(O)cc1)c1ccc(O)cc1,BPA_CID81259__prepared_state_027,28,Done,,4.479,-6.918,grid,-6.92,-3.627,0.0,-0.0,-2.374,-30.9,-0.7167,0.734,0.0,-43.84,-31.62,1.659
CC(C)CC(C)(c1ccc(O)cc1)c1ccc(O)cc1,BPA_CID81259__prepared_state_027,28,Done,,4.479,-6.918,grid,-6.92,-3.572,0.0,-0.0,-2.464,-30.34,-0.6648,0.734,0.0,-43.48,-31.0,1.134
CC(C)CC(C)(c1ccc(O)cc1)c1ccc(O)cc1,BPA_CID81259__prepared_state_027,28,Done,,4.479,-7.104,grid,-7.106,-3.714,0.0,-0.0,-2.362,-30.01,-1.763,0.734,0.0,-43.23,-31.78,3.885
CC(C)CC(C)(c1ccc(O)cc1)c1ccc(O)cc1,BPA_CID81259__prepared_state_027,28,Done,,4.479,-6.654,grid,-6.656,-3.48,0.0,-0.0,-2.442,-31.33,0.6577,0.734,0.0,-42.91,-30.67,0.6293
CC(C)CC(C)(c1ccc(O)cc1)c1ccc(O)cc1,BPA_CID81259__prepared_state_027,28,Done,,4.479,-6.925,grid,-6.927,-3.894,-0.2558,-0.0,-1.792,-30.98,-1.131,0.734,0.0,-42.85,-32.12,4.65
CC(C)CC(C)(c1ccc(O)cc1)c1ccc(O)cc1,BPA_CID81259__prepared_state_027,28,Done,,4.479,-6.818,grid,-6.82,-3.529,0.0,-0.0,-2.437,-30.63,-0.3807,0.734,0.0,-42.82,-31.01,2.087
CC(C)CC(C)(c1ccc(O)cc1)c1ccc(O)cc1,BPA_CID81259__prepared_state_027,28,Done,,4.479,-6.673,grid,-6.675,-3.382,0.0,-0.0,-2.407,-29.37,-1.01,0.734,0.0,-41.89,-30.38,2.152
CC(C)CC(C)(c1ccc(O)cc1)c1ccc(O)cc1,BPA_CID81259__prepared_state_027,28,Done,,4.479,-6.667,grid,-6.669,-3.413,0.0,-0.0,-2.402,-29.43,-0.7796,0.734,0.0,-41.87,-30.21,1.812
CC(C)CC(C)(c1ccc(O)cc1)c1ccc(O)cc1,BPA_CID81259__prepared_state_027,28,Done,,4.479,-7.152,grid,-7.154,-3.841,0.0,-0.0,-2.466,-28.0,-1.212,0.734,0.0,-41.35,-29.22,2.706
CC(C)CC(C)(c1ccc(O)cc1)c1ccc(O)cc1,BPA_CID81259__prepared_state_027,28,Done,,4.479,-6.856,grid,-6.858,-3.564,0.0,-0.0,-2.466,-29.65,-0.5341,0.734,0.0,-41.12,-30.18,3.985
CC(C)CC(C)(c1ccc(O)cc1)c1ccc(O)cc1,BPA_CID81259__prepared_state_027,28,Done,,4.479,-6.522,grid,-6.524,-3.375,0.0,-0.0,-2.433,-29.33,0.107,0.734,0.0,-40.92,-29.23,1.217
CC(C)CC(C)(c1ccc(O)cc1)c1ccc(O)cc1,BPA_CID81259__prepared_state_027,28,Done,,4.479,-6.668,grid,-6.67,-3.47,0.0,-0.0,-2.429,-28.85,-0.4118,0.734,0.0,-40.59,-29.26,2.492
CC(C)CC(C)(c1ccc(O)cc1)c1ccc(O)cc1,BPA_CID81259__prepared_state_027,28,Done,,4.479,-6.626,grid,-6.628,-3.369,0.0,-0.0,-2.451,-27.04,-1.265,0.734,0.0,-40.4,-28.31,0.8139
CC(C)CC(C)(c1ccc(O)cc1)c1ccc(O)cc1,BPA_CID81259__prepared_state_027,28,Done,,4.479,-6.558,grid,-6.56,-3.315,0.0,-0.0,-2.435,-28.04,-0.9472,0.734,0.0,-40.38,-28.99,1.95
CC(C)CC(C)(c1ccc(O)cc1)c1ccc(O)cc1,BPA_CID81259__prepared_state_027,28,Done,,4.479,-7.139,grid,-7.141,-3.835,0.0,-0.0,-2.466,-27.99,-1.167,0.734,0.0,-40.02,-29.16,5.202
CC(C)CC(C)(c1ccc(O)cc1)c1ccc(O)cc1,BPA_CID81259__prepared_state_027,28,Done,,4.479,-6.022,grid,-6.024,-3.241,0.0,-0.0,-1.96,-28.05,-1.025,0.734,0.0,-39.68,-29.07,1.493
CC(C)CC(C)(c1ccc(O)cc1)c1ccc(O)cc1,BPA_CID81259__prepared_state_027,28,Done,,4.479,-7.12,grid,-7.122,-3.944,0.0,-0.0,-2.466,-25.06,-1.285,0.734,0.0,-38.53,-26.35,2.505
CC(C)CC(C)(c1ccc(O)cc1)c1ccc(O)cc1,BPA_CID81259__prepared_state_027,28,Done,,4.479,-6.336,grid,-6.338,-3.421,0.0,-0.0,-2.128,-25.38,-1.697,0.734,0.0,-38.38,-27.08,1.296
O=S(=O)(c1ccc(O)cc1)c1ccc(OCc2ccccc2)cc1,BPA_CID113063__prepared_state_028,29,Done,,8.161,-7.9,grid,-8.078,-4.472,0.0,-0.0,-2.152,-45.25,-0.05445,0.8171,0.0,-66.82,-45.3,0.8308
O=S(=O)(c1ccc(O)cc1)c1ccc(OCc2ccccc2)cc1,BPA_CID113063__prepared_state_028,29,Done,,8.161,-7.969,grid,-8.147,-4.212,-0.2885,-0.0,-2.117,-43.18,-1.25,0.8171,0.0,-65.94,-44.43,1.222
O=S(=O)(c1ccc(O)cc1)c1ccc(OCc2ccccc2)cc1,BPA_CID113063__prepared_state_028,29,Done,,8.161,-7.962,grid,-8.14,-4.133,-0.3252,-0.0,-2.091,-42.07,-2.023,0.8171,0.0,-65.92,-44.1,0.5515
O=S(=O)(c1ccc(O)cc1)c1ccc(OCc2ccccc2)cc1,BPA_CID113063__prepared_state_028,29,Done,,8.161,-7.902,grid,-8.079,-4.3,-0.0887,-0.0,-2.149,-43.35,-1.274,0.8171,0.0,-65.71,-44.63,1.716
O=S(=O)(c1ccc(O)cc1)c1ccc(OCc2ccccc2)cc1,BPA_CID113063__prepared_state_028,29,Done,,8.161,-7.909,grid,-8.086,-4.3,-0.09125,-0.0,-2.151,-43.34,-1.293,0.8171,0.0,-65.69,-44.63,1.805
O=S(=O)(c1ccc(O)cc1)c1ccc(OCc2ccccc2)cc1,BPA_CID113063__prepared_state_028,29,Done,,8.161,-8.635,grid,-8.812,-5.015,0.0,-0.0,-2.351,-44.55,-0.2425,0.8171,0.0,-65.65,-44.79,6.135
O=S(=O)(c1ccc(O)cc1)c1ccc(OCc2ccccc2)cc1,BPA_CID113063__prepared_state_028,29,Done,,8.161,-8.121,grid,-8.299,-4.035,-0.32,-0.0,-2.038,-38.73,-5.238,0.8171,0.0,-65.53,-43.97,1.948
O=S(=O)(c1ccc(O)cc1)c1ccc(OCc2ccccc2)cc1,BPA_CID113063__prepared_state_028,29,Done,,8.161,-8.261,grid,-8.439,-4.416,-0.3036,-0.0,-2.107,-43.9,-1.556,0.8171,0.0,-65.11,-45.46,6.534
O=S(=O)(c1ccc(O)cc1)c1ccc(OCc2ccccc2)cc1,BPA_CID113063__prepared_state_028,29,Done,,8.161,-7.709,grid,-7.887,-3.93,-0.3418,-0.0,-2.091,-42.67,-1.38,0.8171,0.0,-64.6,-44.05,1.742
O=S(=O)(c1ccc(O)cc1)c1ccc(OCc2ccccc2)cc1,BPA_CID113063__prepared_state_028,29,Done,,8.161,-8.531,grid,-8.708,-5.028,0.0,-0.0,-2.351,-44.6,0.5522,0.8171,0.0,-64.54,-44.05,6.31
O=S(=O)(c1ccc(O)cc1)c1ccc(OCc2ccccc2)cc1,BPA_CID113063__prepared_state_028,29,Done,,8.161,-7.712,grid,-7.889,-4.037,-0.293,-0.0,-2.07,-41.15,-1.659,0.8171,0.0,-64.03,-42.81,0.4117
O=S(=O)(c1ccc(O)cc1)c1ccc(OCc2ccccc2)cc1,BPA_CID113063__prepared_state_028,29,Done,,8.161,-7.67,grid,-7.848,-4.548,0.0,-0.0,-1.715,-44.5,-1.176,0.8171,0.0,-63.93,-45.68,6.126
O=S(=O)(c1ccc(O)cc1)c1ccc(OCc2ccccc2)cc1,BPA_CID113063__prepared_state_028,29,Done,,8.161,-8.052,grid,-8.229,-4.126,-0.32,-0.0,-2.176,-41.79,-2.228,0.8171,0.0,-63.82,-44.02,5.089
O=S(=O)(c1ccc(O)cc1)c1ccc(OCc2ccccc2)cc1,BPA_CID113063__prepared_state_028,29,Done,,8.161,-7.528,grid,-7.705,-4.46,0.0,-0.0,-1.621,-44.11,-1.576,0.8171,0.0,-63.44,-45.68,6.338
O=S(=O)(c1ccc(O)cc1)c1ccc(OCc2ccccc2)cc1,BPA_CID113063__prepared_state_028,29,Done,,8.161,-7.451,grid,-7.628,-4.549,0.0,-0.0,-1.619,-43.13,-0.8104,0.8171,0.0,-63.35,-43.94,2.622
O=S(=O)(c1ccc(O)cc1)c1ccc(OCc2ccccc2)cc1,BPA_CID113063__prepared_state_028,29,Done,,8.161,-7.354,grid,-7.531,-4.539,0.0,-0.0,-1.512,-43.3,-0.8851,0.8171,0.0,-63.3,-44.19,2.678
O=S(=O)(c1ccc(O)cc1)c1ccc(OCc2ccccc2)cc1,BPA_CID113063__prepared_state_028,29,Done,,8.161,-7.632,grid,-7.809,-4.543,0.0,-0.0,-1.664,-44.08,-1.435,0.8171,0.0,-63.28,-45.51,6.885
O=S(=O)(c1ccc(O)cc1)c1ccc(OCc2ccccc2)cc1,BPA_CID113063__prepared_state_028,29,Done,,8.161,-7.22,grid,-7.397,-3.963,-0.01155,-0.0,-1.937,-43.19,-0.9589,0.8171,0.0,-63.26,-44.14,1.947
O=S(=O)(c1ccc(O)cc1)c1ccc(OCc2ccccc2)cc1,BPA_CID113063__prepared_state_028,29,Done,,8.161,-7.579,grid,-7.757,-4.221,0.0,-0.0,-2.228,-42.1,-0.1324,0.8171,0.0,-63.04,-42.23,0.5176
O=S(=O)(c1ccc(O)cc1)c1ccc(OCc2ccccc2)cc1,BPA_CID113063__prepared_state_028,29,Done,,8.161,-7.402,grid,-7.579,-3.999,-0.05243,-0.0,-2.118,-42.38,-0.7179,0.8171,0.0,-63.02,-43.1,1.318
O=S(=O)(c1ccc([O-])cc1)c1ccc(OCc2ccccc2)cc1,BPA_CID113063__prepared_state_029,30,Done,,5.208,-7.571,grid,-8.372,-4.831,0.0,-0.0,-2.21,-42.24,-0.2747,0.8214,0.0,-67.06,-42.52,2.089
O=S(=O)(c1ccc([O-])cc1)c1ccc(OCc2ccccc2)cc1,BPA_CID113063__prepared_state_029,30,Done,,5.208,-7.336,grid,-8.136,-4.299,-0.2269,-0.0,-2.127,-41.1,-1.665,0.8214,0.0,-66.96,-42.77,1.358
O=S(=O)(c1ccc([O-])cc1)c1ccc(OCc2ccccc2)cc1,BPA_CID113063__prepared_state_029,30,Done,,5.208,-7.284,grid,-8.085,-4.241,-0.3027,-0.0,-2.082,-40.93,-1.562,0.8214,0.0,-66.61,-42.49,1.19
O=S(=O)(c1ccc([O-])cc1)c1ccc(OCc2ccccc2)cc1,BPA_CID113063__prepared_state_029,30,Done,,5.208,-7.107,grid,-7.908,-4.527,0.0,-0.0,-2.135,-42.71,0.4552,0.8214,0.0,-66.01,-42.25,0.8248
O=S(=O)(c1ccc([O-])cc1)c1ccc(OCc2ccccc2)cc1,BPA_CID113063__prepared_state_029,30,Done,,5.208,-7.014,grid,-7.815,-4.29,-0.06754,-0.0,-2.047,-41.82,-0.9387,0.8214,0.0,-65.82,-42.76,1.636
O=S(=O)(c1ccc([O-])cc1)c1ccc(OCc2ccccc2)cc1,BPA_CID113063__prepared_state_029,30,Done,,5.208,-7.099,grid,-7.9,-4.413,0.0,-0.0,-2.13,-41.27,-0.7671,0.8214,0.0,-64.92,-42.04,2.537
O=S(=O)(c1ccc([O-])cc1)c1ccc(OCc2ccccc2)cc1,BPA_CID113063__prepared_state_029,30,Done,,5.208,-7.114,grid,-7.915,-4.109,-0.32,-0.0,-2.18,-40.23,-0.7744,0.8214,0.0,-64.8,-41.0,0.7827
O=S(=O)(c1ccc([O-])cc1)c1ccc(OCc2ccccc2)cc1,BPA_CID113063__prepared_state_029,30,Done,,5.208,-7.348,grid,-8.149,-4.796,0.0,-0.0,-2.08,-42.48,0.2022,0.8214,0.0,-64.25,-42.28,5.867
O=S(=O)(c1ccc([O-])cc1)c1ccc(OCc2ccccc2)cc1,BPA_CID113063__prepared_state_029,30,Done,,5.208,-6.794,grid,-7.595,-4.168,0.0,-0.0,-2.116,-41.77,-0.2968,0.8214,0.0,-64.25,-42.07,2.067
O=S(=O)(c1ccc([O-])cc1)c1ccc(OCc2ccccc2)cc1,BPA_CID113063__prepared_state_029,30,Done,,5.208,-7.466,grid,-8.267,-4.892,0.0,-0.0,-2.21,-40.88,0.384,0.8214,0.0,-64.23,-40.5,3.077
O=S(=O)(c1ccc([O-])cc1)c1ccc(OCc2ccccc2)cc1,BPA_CID113063__prepared_state_029,30,Done,,5.208,-6.804,grid,-7.605,-4.534,0.0,-0.0,-1.601,-42.85,-0.9919,0.8214,0.0,-64.07,-43.85,6.037
O=S(=O)(c1ccc([O-])cc1)c1ccc(OCc2ccccc2)cc1,BPA_CID113063__prepared_state_029,30,Done,,5.208,-6.905,grid,-7.706,-4.419,0.0,-0.0,-2.105,-41.32,0.4108,0.8214,0.0,-63.93,-40.91,1.059
O=S(=O)(c1ccc([O-])cc1)c1ccc(OCc2ccccc2)cc1,BPA_CID113063__prepared_state_029,30,Done,,5.208,-6.883,grid,-7.684,-4.314,0.0,-0.0,-2.129,-40.67,-0.1954,0.8214,0.0,-63.82,-40.87,1.077
O=S(=O)(c1ccc([O-])cc1)c1ccc(OCc2ccccc2)cc1,BPA_CID113063__prepared_state_029,30,Done,,5.208,-6.855,grid,-7.655,-4.302,0.0,-0.0,-2.22,-41.65,0.851,0.8214,0.0,-63.81,-40.8,0.778
O=S(=O)(c1ccc([O-])cc1)c1ccc(OCc2ccccc2)cc1,BPA_CID113063__prepared_state_029,30,Done,,5.208,-6.849,grid,-7.649,-4.018,-0.32,-0.0,-2.047,-38.4,-1.108,0.8214,0.0,-62.17,-39.51,1.435
O=S(=O)(c1ccc([O-])cc1)c1ccc(OCc2ccccc2)cc1,BPA_CID113063__prepared_state_029,30,Done,,5.208,-6.727,grid,-7.528,-4.461,0.0,-0.0,-1.848,-39.69,-0.3727,0.8214,0.0,-62.08,-40.06,1.969
O=S(=O)(c1ccc([O-])cc1)c1ccc(OCc2ccccc2)cc1,BPA_CID113063__prepared_state_029,30,Done,,5.208,-6.368,grid,-7.169,-4.616,0.0,-0.0,-1.274,-40.96,-0.348,0.8214,0.0,-61.98,-41.31,2.484
O=S(=O)(c1ccc([O-])cc1)c1ccc(OCc2ccccc2)cc1,BPA_CID113063__prepared_state_029,30,Done,,5.208,-6.612,grid,-7.413,-4.307,0.0,-0.0,-1.981,-42.08,1.052,0.8214,0.0,-61.81,-41.03,3.75
O=S(=O)(c1ccc([O-])cc1)c1ccc(OCc2ccccc2)cc1,BPA_CID113063__prepared_state_029,30,Done,,5.208,-6.771,grid,-7.572,-4.397,0.0,-0.0,-2.046,-40.61,0.5308,0.8214,0.0,-61.73,-40.08,2.985
O=S(=O)(c1ccc([O-])cc1)c1ccc(OCc2ccccc2)cc1,BPA_CID113063__prepared_state_029,30,Done,,5.208,-6.491,grid,-7.292,-3.928,-0.03726,-0.0,-2.076,-38.91,-0.8431,0.8214,0.0,-61.67,-39.75,0.7448
CC(C)c1cc(C(C)(C)c2ccc(O)c(C(C)C)c2)ccc1O,BPA_CID228537__prepared_state_030,31,Done,,5.099,-7.572,grid,-7.572,-4.257,0.0,-0.0,-1.679,-36.16,-1.387,0.3802,0.0,-53.71,-37.54,1.501
CC(C)c1cc(C(C)(C)c2ccc(O)c(C(C)C)c2)ccc1O,BPA_CID228537__prepared_state_030,31,Done,,5.099,-7.968,grid,-7.968,-4.056,-0.2145,-0.0,-1.896,-33.22,-3.477,0.3802,0.0,-53.16,-36.69,2.656
CC(C)c1cc(C(C)(C)c2ccc(O)c(C(C)C)c2)ccc1O,BPA_CID228537__prepared_state_030,31,Done,,5.099,-7.55,grid,-7.55,-4.091,0.0,-0.0,-1.815,-35.39,-1.695,0.3802,0.0,-53.14,-37.09,1.608
CC(C)c1cc(C(C)(C)c2ccc(O)c(C(C)C)c2)ccc1O,BPA_CID228537__prepared_state_030,31,Done,,5.099,-7.702,grid,-7.703,-4.153,0.0,-0.0,-1.892,-34.09,-2.223,0.3802,0.0,-52.14,-36.31,2.757
CC(C)c1cc(C(C)(C)c2ccc(O)c(C(C)C)c2)ccc1O,BPA_CID228537__prepared_state_030,31,Done,,5.099,-8.482,grid,-8.483,-4.563,-0.2502,-0.0,-2.176,-33.78,-1.232,0.3802,0.0,-51.77,-35.01,4.376
CC(C)c1cc(C(C)(C)c2ccc(O)c(C(C)C)c2)ccc1O,BPA_CID228537__prepared_state_030,31,Done,,5.099,-7.894,grid,-7.895,-4.32,0.0,-0.0,-2.008,-32.54,-2.136,0.3802,0.0,-51.29,-34.68,2.039
CC(C)c1cc(C(C)(C)c2ccc(O)c(C(C)C)c2)ccc1O,BPA_CID228537__prepared_state_030,31,Done,,5.099,-7.147,grid,-7.147,-3.828,0.0,-0.0,-1.921,-35.82,0.08616,0.3802,0.0,-50.97,-35.73,1.462
CC(C)c1cc(C(C)(C)c2ccc(O)c(C(C)C)c2)ccc1O,BPA_CID228537__prepared_state_030,31,Done,,5.099,-7.343,grid,-7.343,-4.005,0.0,-0.0,-1.917,-34.72,-0.4356,0.3802,0.0,-50.5,-35.15,2.101
CC(C)c1cc(C(C)(C)c2ccc(O)c(C(C)C)c2)ccc1O,BPA_CID228537__prepared_state_030,31,Done,,5.099,-7.83,grid,-7.83,-4.642,0.0,-0.0,-1.651,-32.94,-1.798,0.3802,0.0,-50.47,-34.74,3.508
CC(C)c1cc(C(C)(C)c2ccc(O)c(C(C)C)c2)ccc1O,BPA_CID228537__prepared_state_030,31,Done,,5.099,-7.458,grid,-7.458,-4.218,-0.1095,-0.0,-1.653,-34.12,-1.017,0.3802,0.0,-50.19,-35.13,3.192
CC(C)c1cc(C(C)(C)c2ccc(O)c(C(C)C)c2)ccc1O,BPA_CID228537__prepared_state_030,31,Done,,5.099,-7.799,grid,-7.799,-4.09,-0.2211,-0.0,-2.179,-32.44,-0.4536,0.3802,0.0,-49.5,-32.9,1.633
CC(C)c1cc(C(C)(C)c2ccc(O)c(C(C)C)c2)ccc1O,BPA_CID228537__prepared_state_030,31,Done,,5.099,-7.717,grid,-7.718,-4.568,0.0,-0.0,-1.761,-30.55,-1.605,0.3802,0.0,-49.01,-32.15,0.7621
CC(C)c1cc(C(C)(C)c2ccc(O)c(C(C)C)c2)ccc1O,BPA_CID228537__prepared_state_030,31,Done,,5.099,-7.837,grid,-7.838,-3.963,-0.2995,-0.0,-1.755,-26.0,-5.999,0.3802,0.0,-49.01,-32.0,1.004
CC(C)c1cc(C(C)(C)c2ccc(O)c(C(C)C)c2)ccc1O,BPA_CID228537__prepared_state_030,31,Done,,5.099,-7.972,grid,-7.972,-4.184,-0.32,-0.0,-1.759,-26.81,-4.99,0.3802,0.0,-48.93,-31.8,1.363
CC(C)c1cc(C(C)(C)c2ccc(O)c(C(C)C)c2)ccc1O,BPA_CID228537__prepared_state_030,31,Done,,5.099,-7.847,grid,-7.847,-4.156,-0.1901,-0.0,-2.179,-32.38,-0.5533,0.3802,0.0,-48.87,-32.94,3.184
CC(C)c1cc(C(C)(C)c2ccc(O)c(C(C)C)c2)ccc1O,BPA_CID228537__prepared_state_030,31,Done,,5.099,-7.652,grid,-7.653,-3.936,-0.1724,-0.0,-2.069,-31.5,-1.868,0.3802,0.0,-48.87,-33.37,3.185
CC(C)c1cc(C(C)(C)c2ccc(O)c(C(C)C)c2)ccc1O,BPA_CID228537__prepared_state_030,31,Done,,5.099,-7.566,grid,-7.566,-4.285,0.0,-0.0,-2.088,-34.09,0.8747,0.3802,0.0,-48.73,-33.21,2.757
CC(C)c1cc(C(C)(C)c2ccc(O)c(C(C)C)c2)ccc1O,BPA_CID228537__prepared_state_030,31,Done,,5.099,-6.963,grid,-6.964,-3.742,0.0,-0.0,-1.923,-33.23,-0.123,0.3802,0.0,-48.31,-33.35,1.184
CC(C)c1cc(C(C)(C)c2ccc(O)c(C(C)C)c2)ccc1O,BPA_CID228537__prepared_state_030,31,Done,,5.099,-7.653,grid,-7.653,-4.278,0.0,-0.0,-2.179,-32.9,0.4573,0.3802,0.0,-48.16,-32.44,2.756
CC(C)c1cc(C(C)(C)c2ccc(O)c(C(C)C)c2)ccc1O,BPA_CID228537__prepared_state_030,31,Done,,5.099,-7.891,grid,-7.891,-3.965,-0.32,-0.0,-2.114,-31.23,-2.067,0.3802,0.0,-48.05,-33.3,5.744
Oc1ccc(C2(c3ccc(O)cc3)CCCCC2)cc1,BPA_CID232446__prepared_state_031,32,Done,,5.812,-7.89,grid,-7.893,-3.944,0.0,-0.0,-2.479,-33.75,-1.855,0.4957,0.0,-51.12,-35.6,0.831
Oc1ccc(C2(c3ccc(O)cc3)CCCCC2)cc1,BPA_CID232446__prepared_state_031,32,Done,,5.812,-7.353,grid,-7.356,-3.55,-0.3884,-0.0,-1.783,-31.64,-3.662,0.4957,0.0,-49.98,-35.3,0.3456
Oc1ccc(C2(c3ccc(O)cc3)CCCCC2)cc1,BPA_CID232446__prepared_state_031,32,Done,,5.812,-7.62,grid,-7.623,-3.889,0.0,-0.0,-2.479,-33.42,-0.5266,0.4957,0.0,-48.85,-33.95,0.9805
Oc1ccc(C2(c3ccc(O)cc3)CCCCC2)cc1,BPA_CID232446__prepared_state_031,32,Done,,5.812,-7.537,grid,-7.54,-3.785,0.0,-0.0,-2.479,-32.04,-1.131,0.4957,0.0,-48.01,-33.17,0.7571
Oc1ccc(C2(c3ccc(O)cc3)CCCCC2)cc1,BPA_CID232446__prepared_state_031,32,Done,,5.812,-6.999,grid,-7.002,-3.477,-0.3315,-0.0,-1.766,-32.1,-2.119,0.4957,0.0,-47.91,-34.22,0.8777
Oc1ccc(C2(c3ccc(O)cc3)CCCCC2)cc1,BPA_CID232446__prepared_state_031,32,Done,,5.812,-7.61,grid,-7.613,-3.968,0.0,-0.0,-2.466,-32.28,-0.4101,0.4957,0.0,-47.29,-32.69,1.528
Oc1ccc(C2(c3ccc(O)cc3)CCCCC2)cc1,BPA_CID232446__prepared_state_031,32,Done,,5.812,-6.447,grid,-6.45,-3.493,-0.003827,-0.0,-1.662,-34.16,-0.526,0.4957,0.0,-47.29,-34.69,0.847
Oc1ccc(C2(c3ccc(O)cc3)CCCCC2)cc1,BPA_CID232446__prepared_state_031,32,Done,,5.812,-7.331,grid,-7.334,-3.718,0.0,-0.0,-2.397,-32.15,-0.7088,0.4957,0.0,-47.16,-32.86,1.016
Oc1ccc(C2(c3ccc(O)cc3)CCCCC2)cc1,BPA_CID232446__prepared_state_031,32,Done,,5.812,-7.524,grid,-7.527,-3.885,0.0,-0.0,-2.476,-32.13,-0.3696,0.4957,0.0,-47.09,-32.5,1.209
Oc1ccc(C2(c3ccc(O)cc3)CCCCC2)cc1,BPA_CID232446__prepared_state_031,32,Done,,5.812,-7.499,grid,-7.502,-3.886,0.0,-0.0,-2.443,-31.78,-0.5293,0.4957,0.0,-47.08,-32.31,0.731
Oc1ccc(C2(c3ccc(O)cc3)CCCCC2)cc1,BPA_CID232446__prepared_state_031,32,Done,,5.812,-7.276,grid,-7.279,-3.706,0.0,-0.0,-2.326,-31.89,-0.9882,0.4957,0.0,-47.01,-32.88,1.112
Oc1ccc(C2(c3ccc(O)cc3)CCCCC2)cc1,BPA_CID232446__prepared_state_031,32,Done,,5.812,-7.283,grid,-7.286,-3.655,0.0,-0.0,-2.456,-31.78,-0.5492,0.4957,0.0,-46.73,-32.33,0.6209
Oc1ccc(C2(c3ccc(O)cc3)CCCCC2)cc1,BPA_CID232446__prepared_state_031,32,Done,,5.812,-6.854,grid,-6.857,-3.46,-0.1962,-0.0,-1.913,-32.5,-1.048,0.4957,0.0,-46.72,-33.55,1.34
Oc1ccc(C2(c3ccc(O)cc3)CCCCC2)cc1,BPA_CID232446__prepared_state_031,32,Done,,5.812,-6.804,grid,-6.807,-3.548,0.0,-0.0,-1.982,-32.56,-0.9646,0.4957,0.0,-46.57,-33.53,1.387
Oc1ccc(C2(c3ccc(O)cc3)CCCCC2)cc1,BPA_CID232446__prepared_state_031,32,Done,,5.812,-6.59,grid,-6.593,-3.398,0.0,-0.0,-1.973,-32.63,-0.5759,0.4957,0.0,-46.39,-33.2,0.2395
Oc1ccc(C2(c3ccc(O)cc3)CCCCC2)cc1,BPA_CID232446__prepared_state_031,32,Done,,5.812,-6.689,grid,-6.692,-3.47,0.0,-0.0,-2.001,-32.87,-0.4933,0.4957,0.0,-46.21,-33.36,1.315
Oc1ccc(C2(c3ccc(O)cc3)CCCCC2)cc1,BPA_CID232446__prepared_state_031,32,Done,,5.812,-7.042,grid,-7.045,-3.397,-0.3447,-0.0,-1.721,-32.89,-2.889,0.4957,0.0,-45.59,-35.78,8.816
Oc1ccc(C2(c3ccc(O)cc3)CCCCC2)cc1,BPA_CID232446__prepared_state_031,32,Done,,5.812,-7.193,grid,-7.196,-3.606,0.0,-0.0,-2.348,-30.01,-1.582,0.4957,0.0,-45.47,-31.6,1.305
Oc1ccc(C2(c3ccc(O)cc3)CCCCC2)cc1,BPA_CID232446__prepared_state_031,32,Done,,5.812,-7.047,grid,-7.05,-3.379,0.0,-0.0,-2.479,-31.21,-0.8441,0.4957,0.0,-45.45,-32.05,1.656
Oc1ccc(C2(c3ccc(O)cc3)CCCCC2)cc1,BPA_CID232446__prepared_state_031,32,Done,,5.812,-7.563,grid,-7.566,-3.411,-0.32,-0.0,-2.343,-26.44,-4.436,0.4957,0.0,-45.26,-30.88,1.776
CC(c1ccc(O)cc1)c1ccc(O)cc1,BPA_CID608116__prepared_state_032,33,Done,,2.614,-7.52,grid,-7.522,-3.742,-0.3896,-0.0,-2.041,-28.69,-4.286,0.7277,0.0,-45.33,-32.97,2.912
CC(c1ccc(O)cc1)c1ccc(O)cc1,BPA_CID608116__prepared_state_032,33,Done,,2.614,-6.714,grid,-6.716,-3.232,0.0,-0.0,-2.509,-29.89,-1.39,0.7277,0.0,-43.55,-31.28,0.1262
CC(c1ccc(O)cc1)c1ccc(O)cc1,BPA_CID608116__prepared_state_032,33,Done,,2.614,-6.724,grid,-6.727,-3.221,0.0,-0.0,-2.545,-29.51,-1.419,0.7277,0.0,-43.0,-30.93,0.562
CC(c1ccc(O)cc1)c1ccc(O)cc1,BPA_CID608116__prepared_state_032,33,Done,,2.614,-6.834,grid,-6.836,-3.336,0.0,-0.0,-2.568,-29.66,-1.182,0.7277,0.0,-42.96,-30.84,0.8759
CC(c1ccc(O)cc1)c1ccc(O)cc1,BPA_CID608116__prepared_state_032,33,Done,,2.614,-6.713,grid,-6.716,-3.473,0.0,-0.0,-2.351,-29.04,-1.114,0.7277,0.0,-42.18,-30.16,0.6206
CC(c1ccc(O)cc1)c1ccc(O)cc1,BPA_CID608116__prepared_state_032,33,Done,,2.614,-6.659,grid,-6.661,-3.419,0.0,-0.0,-2.42,-28.95,-0.6839,0.7277,0.0,-41.7,-29.63,0.3253
CC(c1ccc(O)cc1)c1ccc(O)cc1,BPA_CID608116__prepared_state_032,33,Done,,2.614,-6.422,grid,-6.425,-3.416,0.0,-0.0,-2.121,-27.95,-1.453,0.7277,0.0,-40.98,-29.41,0.4571
CC(c1ccc(O)cc1)c1ccc(O)cc1,BPA_CID608116__prepared_state_032,33,Done,,2.614,-6.442,grid,-6.444,-3.214,0.0,-0.0,-2.416,-28.57,-0.7581,0.7277,0.0,-40.96,-29.33,0.4049
CC(c1ccc(O)cc1)c1ccc(O)cc1,BPA_CID608116__prepared_state_032,33,Done,,2.614,-6.657,grid,-6.659,-3.277,0.0,-0.0,-2.544,-27.73,-1.201,0.7277,0.0,-40.94,-28.93,0.4529
CC(c1ccc(O)cc1)c1ccc(O)cc1,BPA_CID608116__prepared_state_032,33,Done,,2.614,-6.401,grid,-6.403,-3.276,0.0,-0.0,-2.358,-28.97,-0.3209,0.7277,0.0,-40.91,-29.29,0.2809
CC(c1ccc(O)cc1)c1ccc(O)cc1,BPA_CID608116__prepared_state_032,33,Done,,2.614,-6.442,grid,-6.444,-3.213,0.0,-0.0,-2.416,-28.58,-0.7574,0.7277,0.0,-40.89,-29.34,0.5664
CC(c1ccc(O)cc1)c1ccc(O)cc1,BPA_CID608116__prepared_state_032,33,Done,,2.614,-6.165,grid,-6.168,-2.74,-0.1446,-0.0,-2.36,-28.13,-1.623,0.7277,0.0,-40.87,-29.76,0.4264
CC(c1ccc(O)cc1)c1ccc(O)cc1,BPA_CID608116__prepared_state_032,33,Done,,2.614,-6.4,grid,-6.403,-3.291,-0.01163,-0.0,-2.305,-28.64,-0.6069,0.7277,0.0,-40.81,-29.25,0.3896
CC(c1ccc(O)cc1)c1ccc(O)cc1,BPA_CID608116__prepared_state_032,33,Done,,2.614,-7.201,grid,-7.204,-3.483,-0.1607,-0.0,-2.649,-26.28,-2.16,0.7277,0.0,-40.81,-28.44,1.727
CC(c1ccc(O)cc1)c1ccc(O)cc1,BPA_CID608116__prepared_state_032,33,Done,,2.614,-6.171,grid,-6.173,-2.738,-0.1506,-0.0,-2.36,-28.13,-1.633,0.7277,0.0,-40.79,-29.77,0.6369
CC(c1ccc(O)cc1)c1ccc(O)cc1,BPA_CID608116__prepared_state_032,33,Done,,2.614,-7.334,grid,-7.337,-3.527,-0.2064,-0.0,-2.658,-25.83,-2.545,0.7277,0.0,-40.77,-28.38,2.152
CC(c1ccc(O)cc1)c1ccc(O)cc1,BPA_CID608116__prepared_state_032,33,Done,,2.614,-7.202,grid,-7.205,-3.476,-0.1578,-0.0,-2.666,-26.2,-2.156,0.7277,0.0,-40.68,-28.35,1.821
CC(c1ccc(O)cc1)c1ccc(O)cc1,BPA_CID608116__prepared_state_032,33,Done,,2.614,-6.206,grid,-6.208,-3.067,-0.02701,-0.0,-2.247,-28.04,-1.284,0.7277,0.0,-40.56,-29.32,0.3229
CC(c1ccc(O)cc1)c1ccc(O)cc1,BPA_CID608116__prepared_state_032,33,Done,,2.614,-6.845,grid,-6.847,-3.685,0.0,-0.0,-2.372,-28.12,-0.7488,0.7277,0.0,-40.55,-28.87,1.789
CC(c1ccc(O)cc1)c1ccc(O)cc1,BPA_CID608116__prepared_state_032,33,Done,,2.614,-6.321,grid,-6.323,-3.147,-0.03102,-0.0,-2.338,-28.38,-0.77,0.7277,0.0,-40.47,-29.15,0.6011
CC(c1ccccc1)(c1ccc(O)cc1)c1ccc(O)cc1,BPA_CID623849__prepared_state_033,34,Done,,3.761,-7.307,grid,-7.311,-3.959,-0.2121,-0.0,-1.654,-35.08,-2.534,0.6484,0.0,-52.48,-37.62,1.981
CC(c1ccccc1)(c1ccc(O)cc1)c1ccc(O)cc1,BPA_CID623849__prepared_state_033,34,Done,,3.761,-7.288,grid,-7.292,-3.933,-0.1354,-0.0,-1.755,-35.17,-2.393,0.6484,0.0,-52.28,-37.56,2.196
CC(c1ccccc1)(c1ccc(O)cc1)c1ccc(O)cc1,BPA_CID623849__prepared_state_033,34,Done,,3.761,-7.297,grid,-7.301,-4.127,-0.1157,-0.0,-1.885,-35.01,-0.48,0.6484,0.0,-50.65,-35.49,1.354
CC(c1ccccc1)(c1ccc(O)cc1)c1ccc(O)cc1,BPA_CID623849__prepared_state_033,34,Done,,3.761,-7.226,grid,-7.23,-4.13,-0.05655,-0.0,-1.868,-35.48,-0.333,0.6484,0.0,-50.6,-35.81,1.797
CC(c1ccccc1)(c1ccc(O)cc1)c1ccc(O)cc1,BPA_CID623849__prepared_state_033,34,Done,,3.761,-8.475,grid,-8.479,-4.225,-0.2891,-0.0,-2.313,-27.11,-6.303,0.6484,0.0,-50.4,-33.42,2.81
CC(c1ccccc1)(c1ccc(O)cc1)c1ccc(O)cc1,BPA_CID623849__prepared_state_033,34,Done,,3.761,-7.289,grid,-7.293,-4.199,0.0,-0.0,-1.956,-35.33,-0.1287,0.6484,0.0,-50.34,-35.46,1.87
CC(c1ccccc1)(c1ccc(O)cc1)c1ccc(O)cc1,BPA_CID623849__prepared_state_033,34,Done,,3.761,-7.263,grid,-7.267,-3.856,-0.2394,-0.0,-1.79,-34.21,-2.133,0.6484,0.0,-50.22,-36.34,3.755
CC(c1ccccc1)(c1ccc(O)cc1)c1ccc(O)cc1,BPA_CID623849__prepared_state_033,34,Done,,3.761,-7.273,grid,-7.277,-4.121,-0.1164,-0.0,-1.866,-35.02,-0.4737,0.6484,0.0,-50.21,-35.5,2.14
CC(c1ccccc1)(c1ccc(O)cc1)c1ccc(O)cc1,BPA_CID623849__prepared_state_033,34,Done,,3.761,-7.183,grid,-7.187,-4.17,0.0,-0.0,-1.957,-35.68,0.5002,0.6484,0.0,-49.74,-35.18,2.046
CC(c1ccccc1)(c1ccc(O)cc1)c1ccc(O)cc1,BPA_CID623849__prepared_state_033,34,Done,,3.761,-7.088,grid,-7.091,-3.798,-0.1665,-0.0,-1.839,-33.33,-1.8,0.6484,0.0,-49.52,-35.13,1.987
CC(c1ccccc1)(c1ccc(O)cc1)c1ccc(O)cc1,BPA_CID623849__prepared_state_033,34,Done,,3.761,-8.281,grid,-8.285,-4.22,-0.2993,-0.0,-2.246,-27.43,-5.308,0.6484,0.0,-49.16,-32.74,3.094
CC(c1ccccc1)(c1ccc(O)cc1)c1ccc(O)cc1,BPA_CID623849__prepared_state_033,34,Done,,3.761,-7.091,grid,-7.095,-3.814,-0.135,-0.0,-1.892,-32.98,-1.693,0.6484,0.0,-49.05,-34.67,2.008
CC(c1ccccc1)(c1ccc(O)cc1)c1ccc(O)cc1,BPA_CID623849__prepared_state_033,34,Done,,3.761,-7.261,grid,-7.265,-4.139,0.0,-0.0,-2.088,-33.35,-0.1306,0.6484,0.0,-48.88,-33.48,0.7058
CC(c1ccccc1)(c1ccc(O)cc1)c1ccc(O)cc1,BPA_CID623849__prepared_state_033,34,Done,,3.761,-7.275,grid,-7.279,-4.142,0.0,-0.0,-2.096,-33.38,-0.1327,0.6484,0.0,-48.75,-33.51,1.107
CC(c1ccccc1)(c1ccc(O)cc1)c1ccc(O)cc1,BPA_CID623849__prepared_state_033,34,Done,,3.761,-7.355,grid,-7.359,-4.363,0.0,-0.0,-1.879,-34.05,-0.4157,0.6484,0.0,-48.71,-34.47,3.446
CC(c1ccccc1)(c1ccc(O)cc1)c1ccc(O)cc1,BPA_CID623849__prepared_state_033,34,Done,,3.761,-7.121,grid,-7.125,-4.223,0.0,-0.0,-1.796,-34.16,-0.3092,0.6484,0.0,-47.82,-34.47,4.212
CC(c1ccccc1)(c1ccc(O)cc1)c1ccc(O)cc1,BPA_CID623849__prepared_state_033,34,Done,,3.761,-7.034,grid,-7.038,-4.105,0.0,-0.0,-1.968,-32.61,0.1103,0.6484,0.0,-47.29,-32.5,0.9341
CC(c1ccccc1)(c1ccc(O)cc1)c1ccc(O)cc1,BPA_CID623849__prepared_state_033,34,Done,,3.761,-6.696,grid,-6.699,-3.733,0.0,-0.0,-1.856,-32.93,-0.7481,0.6484,0.0,-47.03,-33.67,2.359
CC(c1ccccc1)(c1ccc(O)cc1)c1ccc(O)cc1,BPA_CID623849__prepared_state_033,34,Done,,3.761,-6.814,grid,-6.818,-3.655,0.0,-0.0,-2.038,-32.05,-1.134,0.6484,0.0,-46.87,-33.19,2.202
CC(c1ccccc1)(c1ccc(O)cc1)c1ccc(O)cc1,BPA_CID623849__prepared_state_033,34,Done,,3.761,-6.99,grid,-6.993,-4.11,0.0,-0.0,-1.912,-32.58,0.05712,0.6484,0.0,-46.77,-32.53,1.855
CC(C)(c1ccc(O)cc1)c1ccc(C(C)(C)c2ccc(O)cc2)cc1,BPA_CID630355__prepared_state_034,35,Done,,5.242,-9.719,grid,-9.721,-5.131,-0.32,-0.0,-1.947,-44.51,-4.87,0.6335,0.0,-75.16,-49.38,3.908
CC(C)(c1ccc(O)cc1)c1ccc(C(C)(C)c2ccc(O)cc2)cc1,BPA_CID630355__prepared_state_034,35,Done,,5.242,-9.508,grid,-9.51,-5.055,-0.32,-0.0,-1.823,-43.82,-5.031,0.6335,0.0,-74.93,-48.85,2.118
CC(C)(c1ccc(O)cc1)c1ccc(C(C)(C)c2ccc(O)cc2)cc1,BPA_CID630355__prepared_state_034,35,Done,,5.242,-9.512,grid,-9.514,-5.057,-0.32,-0.0,-1.823,-43.82,-5.041,0.6335,0.0,-74.68,-48.86,2.655
CC(C)(c1ccc(O)cc1)c1ccc(C(C)(C)c2ccc(O)cc2)cc1,BPA_CID630355__prepared_state_034,35,Done,,5.242,-9.503,grid,-9.505,-5.054,-0.32,-0.0,-1.821,-43.83,-5.009,0.6335,0.0,-74.48,-48.84,2.962
CC(C)(c1ccc(O)cc1)c1ccc(C(C)(C)c2ccc(O)cc2)cc1,BPA_CID630355__prepared_state_034,35,Done,,5.242,-9.634,grid,-9.636,-5.022,-0.32,-0.0,-1.947,-42.36,-5.747,0.6335,0.0,-74.42,-48.1,2.352
CC(C)(c1ccc(O)cc1)c1ccc(C(C)(C)c2ccc(O)cc2)cc1,BPA_CID630355__prepared_state_034,35,Done,,5.242,-9.414,grid,-9.416,-5.023,-0.2691,-0.0,-1.947,-42.8,-4.47,0.6335,0.0,-73.48,-47.27,1.33
CC(C)(c1ccc(O)cc1)c1ccc(C(C)(C)c2ccc(O)cc2)cc1,BPA_CID630355__prepared_state_034,35,Done,,5.242,-9.328,grid,-9.33,-4.969,-0.2427,-0.0,-1.947,-44.02,-4.028,0.6335,0.0,-73.45,-48.05,2.442
CC(C)(c1ccc(O)cc1)c1ccc(C(C)(C)c2ccc(O)cc2)cc1,BPA_CID630355__prepared_state_034,35,Done,,5.242,-9.415,grid,-9.417,-5.367,-0.08348,-0.0,-1.939,-44.73,-2.83,0.6335,0.0,-72.19,-47.56,4.482
CC(C)(c1ccc(O)cc1)c1ccc(C(C)(C)c2ccc(O)cc2)cc1,BPA_CID630355__prepared_state_034,35,Done,,5.242,-9.053,grid,-9.055,-5.223,0.0,-0.0,-1.924,-45.42,-1.801,0.6335,0.0,-71.62,-47.22,2.869
CC(C)(c1ccc(O)cc1)c1ccc(C(C)(C)c2ccc(O)cc2)cc1,BPA_CID630355__prepared_state_034,35,Done,,5.242,-9.077,grid,-9.079,-5.289,-0.04323,-0.0,-1.837,-43.89,-2.325,0.6335,0.0,-71.32,-46.21,1.61
CC(C)(c1ccc(O)cc1)c1ccc(C(C)(C)c2ccc(O)cc2)cc1,BPA_CID630355__prepared_state_034,35,Done,,5.242,-9.546,grid,-9.548,-5.067,-0.32,-0.0,-1.947,-41.31,-5.218,0.6335,0.0,-71.29,-46.53,4.972
CC(C)(c1ccc(O)cc1)c1ccc(C(C)(C)c2ccc(O)cc2)cc1,BPA_CID630355__prepared_state_034,35,Done,,5.242,-9.723,grid,-9.725,-5.585,-0.32,-0.0,-1.744,-43.91,-3.424,0.6335,0.0,-71.16,-47.34,7.85
CC(C)(c1ccc(O)cc1)c1ccc(C(C)(C)c2ccc(O)cc2)cc1,BPA_CID630355__prepared_state_034,35,Done,,5.242,-9.045,grid,-9.047,-5.271,0.0,-0.0,-1.947,-44.68,-1.526,0.6335,0.0,-71.02,-46.21,1.998
CC(C)(c1ccc(O)cc1)c1ccc(C(C)(C)c2ccc(O)cc2)cc1,BPA_CID630355__prepared_state_034,35,Done,,5.242,-9.048,grid,-9.05,-5.269,-0.04795,-0.0,-1.803,-44.37,-2.297,0.6335,0.0,-70.9,-46.67,3.181
CC(C)(c1ccc(O)cc1)c1ccc(C(C)(C)c2ccc(O)cc2)cc1,BPA_CID630355__prepared_state_034,35,Done,,5.242,-9.503,grid,-9.504,-5.343,-0.32,-0.0,-1.848,-43.55,-2.997,0.6335,0.0,-70.73,-46.54,5.883
CC(C)(c1ccc(O)cc1)c1ccc(C(C)(C)c2ccc(O)cc2)cc1,BPA_CID630355__prepared_state_034,35,Done,,5.242,-9.524,grid,-9.526,-5.511,-0.32,-0.0,-1.692,-43.93,-2.932,0.6335,0.0,-70.53,-46.86,7.038
CC(C)(c1ccc(O)cc1)c1ccc(C(C)(C)c2ccc(O)cc2)cc1,BPA_CID630355__prepared_state_034,35,Done,,5.242,-9.509,grid,-9.511,-5.312,-0.32,-0.0,-1.867,-43.35,-3.188,0.6335,0.0,-70.46,-46.54,6.435
CC(C)(c1ccc(O)cc1)c1ccc(C(C)(C)c2ccc(O)cc2)cc1,BPA_CID630355__prepared_state_034,35,Done,,5.242,-8.84,grid,-8.842,-5.249,0.0,-0.0,-1.77,-45.86,-1.094,0.6335,0.0,-70.3,-46.96,3.775
CC(C)(c1ccc(O)cc1)c1ccc(C(C)(C)c2ccc(O)cc2)cc1,BPA_CID630355__prepared_state_034,35,Done,,5.242,-8.99,grid,-8.992,-5.291,0.0,-0.0,-1.929,-44.51,-1.199,0.6335,0.0,-70.12,-45.71,2.505
CC(C)(c1ccc(O)cc1)c1ccc(C(C)(C)c2ccc(O)cc2)cc1,BPA_CID630355__prepared_state_034,35,Done,,5.242,-8.98,grid,-8.982,-5.318,0.0,-0.0,-1.936,-44.5,-0.9115,0.6335,0.0,-69.65,-45.41,2.775
C=CCc1cc(S(=O)(=O)c2ccc(O)c(CC=C)c2)ccc1O,BPA_CID833466__prepared_state_035,36,Done,,5.869,-7.596,grid,-7.655,-4.412,0.0,-0.0,-1.799,-40.43,-3.04,1.034,0.0,-61.74,-43.47,1.257
C=CCc1cc(S(=O)(=O)c2ccc(O)c(CC=C)c2)ccc1O,BPA_CID833466__prepared_state_035,36,Done,,5.869,-7.115,grid,-7.174,-3.681,0.0,-0.0,-1.934,-39.54,-4.103,1.034,0.0,-60.58,-43.64,1.551
C=CCc1cc(S(=O)(=O)c2ccc(O)c(CC=C)c2)ccc1O,BPA_CID833466__prepared_state_035,36,Done,,5.869,-7.602,grid,-7.661,-4.124,-0.2728,-0.0,-1.844,-38.23,-3.616,1.034,0.0,-60.38,-41.84,0.7416
C=CCc1cc(S(=O)(=O)c2ccc(O)c(CC=C)c2)ccc1O,BPA_CID833466__prepared_state_035,36,Done,,5.869,-7.513,grid,-7.572,-4.072,-0.32,-0.0,-1.873,-37.59,-3.07,1.034,0.0,-58.6,-40.66,1.505
C=CCc1cc(S(=O)(=O)c2ccc(O)c(CC=C)c2)ccc1O,BPA_CID833466__prepared_state_035,36,Done,,5.869,-6.826,grid,-6.885,-3.691,0.0,-0.0,-1.867,-39.73,-2.503,1.034,0.0,-58.49,-42.23,1.474
C=CCc1cc(S(=O)(=O)c2ccc(O)c(CC=C)c2)ccc1O,BPA_CID833466__prepared_state_035,36,Done,,5.869,-7.399,grid,-7.458,-4.313,-0.1213,-0.0,-1.853,-38.33,-1.914,1.034,0.0,-58.48,-40.25,0.3543
C=CCc1cc(S(=O)(=O)c2ccc(O)c(CC=C)c2)ccc1O,BPA_CID833466__prepared_state_035,36,Done,,5.869,-7.523,grid,-7.582,-4.267,-0.2754,-0.0,-1.849,-37.85,-2.215,1.034,0.0,-58.44,-40.06,0.6765
C=CCc1cc(S(=O)(=O)c2ccc(O)c(CC=C)c2)ccc1O,BPA_CID833466__prepared_state_035,36,Done,,5.869,-7.449,grid,-7.508,-3.862,-0.32,-0.0,-1.762,-33.06,-6.299,1.034,0.0,-57.58,-39.36,0.6226
C=CCc1cc(S(=O)(=O)c2ccc(O)c(CC=C)c2)ccc1O,BPA_CID833466__prepared_state_035,36,Done,,5.869,-6.986,grid,-7.045,-3.789,0.0,-0.0,-1.864,-36.27,-4.075,1.034,0.0,-57.46,-40.34,0.5445
C=CCc1cc(S(=O)(=O)c2ccc(O)c(CC=C)c2)ccc1O,BPA_CID833466__prepared_state_035,36,Done,,5.869,-7.447,grid,-7.506,-4.162,-0.2771,-0.0,-1.949,-36.15,-2.294,1.034,0.0,-56.67,-38.44,0.6132
C=CCc1cc(S(=O)(=O)c2ccc(O)c(CC=C)c2)ccc1O,BPA_CID833466__prepared_state_035,36,Done,,5.869,-6.847,grid,-6.906,-3.922,0.0,-0.0,-1.623,-35.77,-4.04,1.034,0.0,-56.42,-39.81,0.8773
C=CCc1cc(S(=O)(=O)c2ccc(O)c(CC=C)c2)ccc1O,BPA_CID833466__prepared_state_035,36,Done,,5.869,-7.247,grid,-7.306,-3.693,-0.32,-0.0,-2.106,-35.3,-3.036,1.034,0.0,-55.51,-38.34,1.737
C=CCc1cc(S(=O)(=O)c2ccc(O)c(CC=C)c2)ccc1O,BPA_CID833466__prepared_state_035,36,Done,,5.869,-6.797,grid,-6.856,-3.657,-0.1528,-0.0,-1.665,-34.88,-4.473,1.034,0.0,-55.39,-39.35,1.763
C=CCc1cc(S(=O)(=O)c2ccc(O)c(CC=C)c2)ccc1O,BPA_CID833466__prepared_state_035,36,Done,,5.869,-6.955,grid,-7.013,-3.869,0.0,-0.0,-2.177,-37.58,-0.8146,1.034,0.0,-55.31,-38.39,0.7806
C=CCc1cc(S(=O)(=O)c2ccc(O)c(CC=C)c2)ccc1O,BPA_CID833466__prepared_state_035,36,Done,,5.869,-6.896,grid,-6.955,-3.968,0.0,-0.0,-1.756,-34.49,-3.596,1.034,0.0,-54.95,-38.09,0.6051
C=CCc1cc(S(=O)(=O)c2ccc(O)c(CC=C)c2)ccc1O,BPA_CID833466__prepared_state_035,36,Done,,5.869,-6.675,grid,-6.734,-3.676,0.0,-0.0,-1.83,-35.31,-3.312,1.034,0.0,-54.4,-38.62,1.678
C=CCc1cc(S(=O)(=O)c2ccc(O)c(CC=C)c2)ccc1O,BPA_CID833466__prepared_state_035,36,Done,,5.869,-6.868,grid,-6.927,-3.903,-0.2485,-0.0,-1.73,-36.43,-1.719,1.034,0.0,-54.38,-38.15,1.746
C=CCc1cc(S(=O)(=O)c2ccc(O)c(CC=C)c2)ccc1O,BPA_CID833466__prepared_state_035,36,Done,,5.869,-6.685,grid,-6.744,-3.874,0.0,-0.0,-1.779,-35.7,-2.264,1.034,0.0,-54.21,-37.96,0.7911
C=CCc1cc(S(=O)(=O)c2ccc(O)c(CC=C)c2)ccc1O,BPA_CID833466__prepared_state_035,36,Done,,5.869,-7.168,grid,-7.226,-3.73,-0.32,-0.0,-1.903,-32.32,-4.608,1.034,0.0,-53.94,-36.92,1.641
C=CCc1cc(S(=O)(=O)c2ccc(O)c(CC=C)c2)ccc1O,BPA_CID833466__prepared_state_035,36,Done,,5.869,-6.679,grid,-6.738,-3.667,0.0,-0.0,-1.866,-34.75,-3.34,1.034,0.0,-53.73,-38.09,1.989
C=CCOc1ccc(S(=O)(=O)c2ccc(O)cc2)cc1,BPA_CID2054598__prepared_state_036,37,Done,,6.46,-6.739,grid,-6.916,-3.445,0.0,-0.0,-2.344,-38.23,-1.977,1.081,0.0,-56.88,-40.21,0.5139
C=CCOc1ccc(S(=O)(=O)c2ccc(O)cc2)cc1,BPA_CID2054598__prepared_state_036,37,Done,,6.46,-6.948,grid,-7.125,-3.527,0.0,-0.0,-2.444,-38.49,-2.069,1.081,0.0,-56.87,-40.56,2.257
C=CCOc1ccc(S(=O)(=O)c2ccc(O)cc2)cc1,BPA_CID2054598__prepared_state_036,37,Done,,6.46,-6.902,grid,-7.079,-3.606,-0.2866,-0.0,-1.974,-36.75,-3.037,1.081,0.0,-56.81,-39.78,0.5945
C=CCOc1ccc(S(=O)(=O)c2ccc(O)cc2)cc1,BPA_CID2054598__prepared_state_036,37,Done,,6.46,-6.652,grid,-6.829,-3.573,-0.216,-0.0,-2.116,-37.5,-0.8701,1.081,0.0,-53.97,-38.37,2.222
C=CCOc1ccc(S(=O)(=O)c2ccc(O)cc2)cc1,BPA_CID2054598__prepared_state_036,37,Done,,6.46,-6.66,grid,-6.838,-3.575,-0.2151,-0.0,-2.124,-37.51,-0.8547,1.081,0.0,-53.82,-38.37,2.561
C=CCOc1ccc(S(=O)(=O)c2ccc(O)cc2)cc1,BPA_CID2054598__prepared_state_036,37,Done,,6.46,-6.416,grid,-6.593,-3.305,0.0,-0.0,-2.267,-36.82,-1.743,1.081,0.0,-53.79,-38.57,1.823
C=CCOc1ccc(S(=O)(=O)c2ccc(O)cc2)cc1,BPA_CID2054598__prepared_state_036,37,Done,,6.46,-6.397,grid,-6.574,-3.639,0.0,-0.0,-2.067,-37.53,-0.481,1.081,0.0,-53.78,-38.02,0.6582
C=CCOc1ccc(S(=O)(=O)c2ccc(O)cc2)cc1,BPA_CID2054598__prepared_state_036,37,Done,,6.46,-6.209,grid,-6.386,-3.429,0.0,-0.0,-2.04,-37.9,-0.6895,1.081,0.0,-53.73,-38.59,0.9658
C=CCOc1ccc(S(=O)(=O)c2ccc(O)cc2)cc1,BPA_CID2054598__prepared_state_036,37,Done,,6.46,-6.584,grid,-6.761,-3.926,0.0,-0.0,-2.087,-38.49,0.632,1.081,0.0,-53.68,-37.85,1.447
C=CCOc1ccc(S(=O)(=O)c2ccc(O)cc2)cc1,BPA_CID2054598__prepared_state_036,37,Done,,6.46,-6.385,grid,-6.562,-3.675,0.0,-0.0,-1.966,-37.18,-0.9488,1.081,0.0,-53.66,-38.13,1.046
C=CCOc1ccc(S(=O)(=O)c2ccc(O)cc2)cc1,BPA_CID2054598__prepared_state_036,37,Done,,6.46,-6.262,grid,-6.439,-3.467,0.0,-0.0,-2.033,-36.97,-1.143,1.081,0.0,-53.65,-38.12,0.4598
C=CCOc1ccc(S(=O)(=O)c2ccc(O)cc2)cc1,BPA_CID2054598__prepared_state_036,37,Done,,6.46,-6.621,grid,-6.799,-3.775,0.0,-0.0,-1.937,-37.72,-1.879,1.081,0.0,-53.44,-39.6,5.6
C=CCOc1ccc(S(=O)(=O)c2ccc(O)cc2)cc1,BPA_CID2054598__prepared_state_036,37,Done,,6.46,-6.266,grid,-6.444,-3.54,0.0,-0.0,-1.984,-36.98,-1.012,1.081,0.0,-53.24,-37.99,1.048
C=CCOc1ccc(S(=O)(=O)c2ccc(O)cc2)cc1,BPA_CID2054598__prepared_state_036,37,Done,,6.46,-6.297,grid,-6.475,-3.554,0.0,-0.0,-2.031,-36.94,-0.8236,1.081,0.0,-53.17,-37.76,0.8769
C=CCOc1ccc(S(=O)(=O)c2ccc(O)cc2)cc1,BPA_CID2054598__prepared_state_036,37,Done,,6.46,-6.304,grid,-6.481,-3.464,0.0,-0.0,-2.077,-36.32,-1.361,1.081,0.0,-53.17,-37.68,0.7596
C=CCOc1ccc(S(=O)(=O)c2ccc(O)cc2)cc1,BPA_CID2054598__prepared_state_036,37,Done,,6.46,-6.276,grid,-6.454,-3.531,0.0,-0.0,-1.975,-36.28,-1.427,1.081,0.0,-52.97,-37.7,1.05
C=CCOc1ccc(S(=O)(=O)c2ccc(O)cc2)cc1,BPA_CID2054598__prepared_state_036,37,Done,,6.46,-6.276,grid,-6.454,-3.339,0.0,-0.0,-2.244,-36.79,-0.7415,1.081,0.0,-52.9,-37.53,0.8517
C=CCOc1ccc(S(=O)(=O)c2ccc(O)cc2)cc1,BPA_CID2054598__prepared_state_036,37,Done,,6.46,-6.226,grid,-6.404,-3.529,0.0,-0.0,-1.951,-36.95,-1.046,1.081,0.0,-52.55,-37.99,2.229
C=CCOc1ccc(S(=O)(=O)c2ccc(O)cc2)cc1,BPA_CID2054598__prepared_state_036,37,Done,,6.46,-6.456,grid,-6.633,-3.837,0.0,-0.0,-2.061,-36.94,0.2049,1.081,0.0,-52.51,-36.73,0.9104
C=CCOc1ccc(S(=O)(=O)c2ccc(O)cc2)cc1,BPA_CID2054598__prepared_state_036,37,Done,,6.46,-6.263,grid,-6.441,-3.517,0.0,-0.0,-2.08,-36.95,-0.5148,1.081,0.0,-52.51,-37.46,1.438
C=CCOc1ccc(S(=O)(=O)c2ccc([O-])cc2)cc1,BPA_CID2054598__prepared_state_037,38,Done,,4.311,-6.135,grid,-6.936,-3.648,-0.1474,-0.0,-1.969,-37.29,-2.63,1.087,0.0,-58.4,-39.92,1.438
C=CCOc1ccc(S(=O)(=O)c2ccc([O-])cc2)cc1,BPA_CID2054598__prepared_state_037,38,Done,,4.311,-6.246,grid,-7.047,-3.82,0.0,-0.0,-2.075,-35.45,-3.12,1.087,0.0,-57.69,-38.57,0.7532
C=CCOc1ccc(S(=O)(=O)c2ccc([O-])cc2)cc1,BPA_CID2054598__prepared_state_037,38,Done,,4.311,-6.351,grid,-7.152,-3.786,0.0,-0.0,-2.273,-35.88,-2.577,1.087,0.0,-57.33,-38.45,1.834
C=CCOc1ccc(S(=O)(=O)c2ccc([O-])cc2)cc1,BPA_CID2054598__prepared_state_037,38,Done,,4.311,-6.113,grid,-6.914,-3.711,0.0,-0.0,-2.144,-35.52,-2.465,1.087,0.0,-56.8,-37.99,0.6391
C=CCOc1ccc(S(=O)(=O)c2ccc([O-])cc2)cc1,BPA_CID2054598__prepared_state_037,38,Done,,4.311,-6.302,grid,-7.103,-4.046,0.0,-0.0,-2.052,-33.55,-2.766,1.087,0.0,-55.45,-36.31,1.028
C=CCOc1ccc(S(=O)(=O)c2ccc([O-])cc2)cc1,BPA_CID2054598__prepared_state_037,38,Done,,4.311,-5.998,grid,-6.799,-3.618,-0.04898,-0.0,-2.096,-33.68,-2.933,1.087,0.0,-54.48,-36.61,1.898
C=CCOc1ccc(S(=O)(=O)c2ccc([O-])cc2)cc1,BPA_CID2054598__prepared_state_037,38,Done,,4.311,-5.405,grid,-6.206,-3.836,0.0,-0.0,-1.419,-36.62,-1.387,1.087,0.0,-54.11,-38.0,2.14
C=CCOc1ccc(S(=O)(=O)c2ccc([O-])cc2)cc1,BPA_CID2054598__prepared_state_037,38,Done,,4.311,-5.499,grid,-6.3,-3.357,0.0,-0.0,-1.948,-34.06,-2.533,1.087,0.0,-53.6,-36.59,0.8544
C=CCOc1ccc(S(=O)(=O)c2ccc([O-])cc2)cc1,BPA_CID2054598__prepared_state_037,38,Done,,4.311,-5.53,grid,-6.331,-3.591,0.0,-0.0,-1.967,-35.9,-0.4338,1.087,0.0,-53.44,-36.33,0.8157
C=CCOc1ccc(S(=O)(=O)c2ccc([O-])cc2)cc1,BPA_CID2054598__prepared_state_037,38,Done,,4.311,-5.681,grid,-6.482,-3.453,-0.2132,-0.0,-1.958,-35.61,-1.107,1.087,0.0,-53.42,-36.72,2.464
C=CCOc1ccc(S(=O)(=O)c2ccc([O-])cc2)cc1,BPA_CID2054598__prepared_state_037,38,Done,,4.311,-5.973,grid,-6.774,-3.713,0.0,-0.0,-2.173,-33.38,-2.041,1.087,0.0,-53.14,-35.42,2.062
C=CCOc1ccc(S(=O)(=O)c2ccc([O-])cc2)cc1,BPA_CID2054598__prepared_state_037,38,Done,,4.311,-5.607,grid,-6.408,-3.442,0.0,-0.0,-2.357,-36.22,0.766,1.087,0.0,-52.98,-35.46,0.4204
C=CCOc1ccc(S(=O)(=O)c2ccc([O-])cc2)cc1,BPA_CID2054598__prepared_state_037,38,Done,,4.311,-5.529,grid,-6.329,-3.446,-0.002037,-0.0,-2.085,-35.15,-0.8442,1.087,0.0,-52.65,-35.99,1.712
C=CCOc1ccc(S(=O)(=O)c2ccc([O-])cc2)cc1,BPA_CID2054598__prepared_state_037,38,Done,,4.311,-5.621,grid,-6.422,-3.412,-0.186,-0.0,-1.926,-35.76,-1.32,1.087,0.0,-52.56,-37.08,4.594
C=CCOc1ccc(S(=O)(=O)c2ccc([O-])cc2)cc1,BPA_CID2054598__prepared_state_037,38,Done,,4.311,-5.541,grid,-6.342,-3.523,0.0,-0.0,-2.112,-34.88,-0.3328,1.087,0.0,-52.19,-35.21,1.146
C=CCOc1ccc(S(=O)(=O)c2ccc([O-])cc2)cc1,BPA_CID2054598__prepared_state_037,38,Done,,4.311,-5.672,grid,-6.473,-3.821,0.0,-0.0,-2.04,-35.49,0.5041,1.087,0.0,-52.18,-34.99,1.448
C=CCOc1ccc(S(=O)(=O)c2ccc([O-])cc2)cc1,BPA_CID2054598__prepared_state_037,38,Done,,4.311,-5.5,grid,-6.301,-3.562,0.0,-0.0,-2.041,-34.83,-0.2932,1.087,0.0,-52.13,-35.12,0.8406
C=CCOc1ccc(S(=O)(=O)c2ccc([O-])cc2)cc1,BPA_CID2054598__prepared_state_037,38,Done,,4.311,-5.542,grid,-6.343,-3.392,0.0,-0.0,-2.368,-35.61,0.7294,1.087,0.0,-51.94,-34.88,0.9752
C=CCOc1ccc(S(=O)(=O)c2ccc([O-])cc2)cc1,BPA_CID2054598__prepared_state_037,38,Done,,4.311,-5.443,grid,-6.244,-3.397,0.0,-0.0,-2.278,-35.05,0.6377,1.087,0.0,-51.46,-34.42,0.4689
C=CCOc1ccc(S(=O)(=O)c2ccc([O-])cc2)cc1,BPA_CID2054598__prepared_state_037,38,Done,,4.311,-5.288,grid,-6.089,-3.401,0.0,-0.0,-2.024,-34.45,-0.1881,1.087,0.0,-51.11,-34.64,0.7509
Oc1ccc(SCCOCOCCSc2ccc(O)cc2)cc1,BPA_CID3086375__prepared_state_038,39,Done,,15.16,-8.101,grid,-8.108,-4.119,-0.608,-0.0,-1.433,-42.34,-9.113,1.536,0.0,-70.88,-51.45,7.53
Oc1ccc(SCCOCOCCSc2ccc(O)cc2)cc1,BPA_CID3086375__prepared_state_038,39,Done,,15.16,-8.588,grid,-8.594,-4.68,-0.4354,-0.0,-1.855,-46.98,-5.41,1.536,0.0,-70.42,-52.39,13.1
Oc1ccc(SCCOCOCCSc2ccc(O)cc2)cc1,BPA_CID3086375__prepared_state_038,39,Done,,15.16,-8.655,grid,-8.661,-4.864,-0.32,-0.0,-2.038,-43.26,-5.416,1.536,0.0,-69.14,-48.68,8.641
Oc1ccc(SCCOCOCCSc2ccc(O)cc2)cc1,BPA_CID3086375__prepared_state_038,39,Done,,15.16,-7.834,grid,-7.84,-4.5,-0.3074,-0.0,-1.766,-44.2,-3.953,1.536,0.0,-67.9,-48.15,5.368
Oc1ccc(SCCOCOCCSc2ccc(O)cc2)cc1,BPA_CID3086375__prepared_state_038,39,Done,,15.16,-7.935,grid,-7.942,-4.532,-0.3189,-0.0,-1.696,-47.01,-3.869,1.536,0.0,-67.37,-50.88,12.45
Oc1ccc(SCCOCOCCSc2ccc(O)cc2)cc1,BPA_CID3086375__prepared_state_038,39,Done,,15.16,-8.102,grid,-8.109,-4.824,0.0,-0.0,-2.262,-47.84,-1.112,1.536,0.0,-67.15,-48.95,10.0
Oc1ccc(SCCOCOCCSc2ccc(O)cc2)cc1,BPA_CID3086375__prepared_state_038,39,Done,,15.16,-7.663,grid,-7.669,-4.907,-0.02051,-0.0,-1.799,-44.27,-1.767,1.536,0.0,-65.25,-46.04,5.464
Oc1ccc(SCCOCOCCSc2ccc(O)cc2)cc1,BPA_CID3086375__prepared_state_038,39,Done,,15.16,-7.949,grid,-7.956,-4.676,-0.3064,-0.0,-1.983,-43.97,-2.189,1.536,0.0,-64.95,-46.16,7.929
Oc1ccc(SCCOCOCCSc2ccc(O)cc2)cc1,BPA_CID3086375__prepared_state_038,39,Done,,15.16,-8.3,grid,-8.307,-4.617,-0.32,-0.0,-2.032,-40.95,-5.508,1.536,0.0,-64.93,-46.46,10.58
Oc1ccc(SCCOCOCCSc2ccc(O)cc2)cc1,BPA_CID3086375__prepared_state_038,39,Done,,15.16,-7.77,grid,-7.776,-4.632,-0.32,-0.0,-1.983,-43.83,-1.243,1.536,0.0,-64.78,-45.08,5.081
Oc1ccc(SCCOCOCCSc2ccc(O)cc2)cc1,BPA_CID3086375__prepared_state_038,39,Done,,15.16,-7.629,grid,-7.636,-4.514,-0.2247,-0.0,-1.649,-45.6,-3.362,1.536,0.0,-64.71,-48.96,12.19
Oc1ccc(SCCOCOCCSc2ccc(O)cc2)cc1,BPA_CID3086375__prepared_state_038,39,Done,,15.16,-7.847,grid,-7.853,-4.912,0.0,-0.0,-2.08,-44.88,-1.019,1.536,0.0,-64.59,-45.9,7.561
Oc1ccc(SCCOCOCCSc2ccc(O)cc2)cc1,BPA_CID3086375__prepared_state_038,39,Done,,15.16,-7.825,grid,-7.832,-4.971,0.0,-0.0,-1.996,-44.42,-1.201,1.536,0.0,-64.28,-45.63,7.502
Oc1ccc(SCCOCOCCSc2ccc(O)cc2)cc1,BPA_CID3086375__prepared_state_038,39,Done,,15.16,-7.874,grid,-7.88,-4.515,-0.305,-0.0,-2.133,-41.49,-2.591,1.536,0.0,-64.27,-44.09,4.715
Oc1ccc(SCCOCOCCSc2ccc(O)cc2)cc1,BPA_CID3086375__prepared_state_038,39,Done,,15.16,-7.734,grid,-7.74,-4.622,-0.3364,-0.0,-1.745,-41.59,-3.288,1.536,0.0,-64.16,-44.88,5.721
Oc1ccc(SCCOCOCCSc2ccc(O)cc2)cc1,BPA_CID3086375__prepared_state_038,39,Done,,15.16,-7.808,grid,-7.815,-4.825,0.0,-0.0,-2.119,-43.94,-1.404,1.536,0.0,-64.16,-45.34,7.071
Oc1ccc(SCCOCOCCSc2ccc(O)cc2)cc1,BPA_CID3086375__prepared_state_038,39,Done,,15.16,-7.817,grid,-7.823,-4.67,-0.213,-0.0,-1.834,-42.38,-3.487,1.536,0.0,-64.08,-45.87,8.322
Oc1ccc(SCCOCOCCSc2ccc(O)cc2)cc1,BPA_CID3086375__prepared_state_038,39,Done,,15.16,-7.437,grid,-7.443,-4.39,-0.2081,-0.0,-1.599,-44.75,-3.633,1.536,0.0,-64.03,-48.38,11.29
Oc1ccc(SCCOCOCCSc2ccc(O)cc2)cc1,BPA_CID3086375__prepared_state_038,39,Done,,15.16,-7.292,grid,-7.298,-4.843,0.0,-0.0,-1.671,-44.54,-0.6219,1.536,0.0,-63.91,-45.16,4.254
Oc1ccc(SCCOCOCCSc2ccc(O)cc2)cc1,BPA_CID3086375__prepared_state_038,39,Done,,15.16,-7.513,grid,-7.519,-4.814,0.0,-0.0,-1.901,-43.36,-1.144,1.536,0.0,-63.5,-44.5,5.025
Cc1ccc(S(=O)(=O)[N-]C(=O)Nc2ccc(Cc3ccc(NC(=O)[N-]S(=O)(=O)c4ccc(C)cc4)cc3)cc2)cc1,BPA_CID3596056__prepared_state_039,40,Done,,9.074,-7.603,grid,-7.603,-5.546,-0.2679,-0.0,2.018,-67.63,-6.91,0.6117,-0.001432,-100.7,-74.54,9.645
Cc1ccc(S(=O)(=O)[N-]C(=O)Nc2ccc(Cc3ccc(NC(=O)[N-]S(=O)(=O)c4ccc(C)cc4)cc3)cc2)cc1,BPA_CID3596056__prepared_state_039,40,Done,,9.074,-7.381,grid,-7.382,-5.695,-0.2868,-0.0,2.332,-68.07,-6.248,0.6117,-0.003065,-99.18,-74.32,10.45
Cc1ccc(S(=O)(=O)[N-]C(=O)Nc2ccc(Cc3ccc(NC(=O)[N-]S(=O)(=O)c4ccc(C)cc4)cc3)cc2)cc1,BPA_CID3596056__prepared_state_039,40,Done,,9.074,-6.716,grid,-6.717,-5.378,-0.05405,-0.0,2.806,-66.87,-8.814,0.6117,-0.03765,-98.74,-75.68,8.633
Cc1ccc(S(=O)(=O)[N-]C(=O)Nc2ccc(Cc3ccc(NC(=O)[N-]S(=O)(=O)c4ccc(C)cc4)cc3)cc2)cc1,BPA_CID3596056__prepared_state_039,40,Done,,9.074,-6.662,grid,-6.663,-5.51,-0.32,-0.0,2.669,-60.2,-7.289,0.6117,-0.0106,-90.43,-67.48,8.437
Cc1ccc(S(=O)(=O)[N-]C(=O)Nc2ccc(Cc3ccc(NC(=O)[N-]S(=O)(=O)c4ccc(C)cc4)cc3)cc2)cc1,BPA_CID3596056__prepared_state_039,40,Done,,9.074,-9.23,grid,-9.231,-5.653,-0.2269,-0.0,-0.5332,-50.37,-6.075,0.6117,0.0,-89.37,-56.45,9.422
Cc1ccc(S(=O)(=O)[N-]C(=O)Nc2ccc(Cc3ccc(NC(=O)[N-]S(=O)(=O)c4ccc(C)cc4)cc3)cc2)cc1,BPA_CID3596056__prepared_state_039,40,Done,,9.074,-5.932,grid,-5.933,-4.789,-0.2045,-0.0,2.349,-54.55,-7.434,0.6117,-0.05774,-82.42,-61.98,7.48
Cc1ccc(S(=O)(=O)[N-]C(=O)Nc2ccc(Cc3ccc(NC(=O)[N-]S(=O)(=O)c4ccc(C)cc4)cc3)cc2)cc1,BPA_CID3596056__prepared_state_039,40,Done,,9.074,-7.52,grid,-7.521,-4.806,-0.5951,-0.0,0.2431,-49.05,-3.425,0.6117,-0.008587,-79.64,-52.47,6.996
Cc1ccc(S(=O)(=O)[N-]C(=O)Nc2ccc(Cc3ccc(NC(=O)[N-]S(=O)(=O)c4ccc(C)cc4)cc3)cc2)cc1,BPA_CID3596056__prepared_state_039,40,Done,,9.074,-5.967,grid,-5.968,-4.912,-0.32,-0.0,2.447,-46.79,-9.363,0.6117,-0.04975,-76.1,-56.16,8.765
Cc1ccc(S(=O)(=O)[N-]C(=O)Nc2ccc(Cc3ccc(NC(=O)[N-]S(=O)(=O)c4ccc(C)cc4)cc3)cc2)cc1,BPA_CID3596056__prepared_state_039,40,Done,,9.074,-5.941,grid,-5.942,-5.035,-0.1723,-0.0,1.433,-49.2,-2.13,0.6117,0.0,-71.79,-51.33,7.51
Cc1ccc(S(=O)(=O)[N-]C(=O)Nc2ccc(Cc3ccc(NC(=O)[N-]S(=O)(=O)c4ccc(C)cc4)cc3)cc2)cc1,BPA_CID3596056__prepared_state_039,40,Done,,9.074,-6.362,grid,-6.363,-4.564,-0.3289,-0.0,0.5689,-47.56,-1.797,0.6117,-0.00297,-71.32,-49.36,7.942
Cc1ccc(S(=O)(=O)[N-]C(=O)Nc2ccc(Cc3ccc(NC(=O)[N-]S(=O)(=O)c4ccc(C)cc4)cc3)cc2)cc1,BPA_CID3596056__prepared_state_039,40,Done,,9.074,-8.138,grid,-8.139,-5.524,-0.2368,-0.0,-0.3039,-35.89,-5.877,0.6117,-0.009418,-70.18,-41.77,9.534
Cc1ccc(S(=O)(=O)[N-]C(=O)Nc2ccc(Cc3ccc(NC(=O)[N-]S(=O)(=O)c4ccc(C)cc4)cc3)cc2)cc1,BPA_CID3596056__prepared_state_039,40,Done,,9.074,-5.598,grid,-5.599,-5.208,0.0,-0.0,1.754,-46.23,-2.514,0.6117,-0.0677,-63.11,-48.75,16.93
Cc1ccc(S(=O)(=O)[N-]C(=O)Nc2ccc(Cc3ccc(NC(=O)[N-]S(=O)(=O)c4ccc(C)cc4)cc3)cc2)cc1,BPA_CID3596056__prepared_state_039,40,Done,,9.074,-5.596,grid,-5.597,-5.191,0.0,-0.0,1.194,-43.43,0.135,0.6117,-0.06074,-60.07,-43.3,12.1
Cc1ccc(S(=O)(=O)[N-]C(=O)Nc2ccc(Cc3ccc(NC(=O)[N-]S(=O)(=O)c4ccc(C)cc4)cc3)cc2)cc1,BPA_CID3596056__prepared_state_039,40,Done,,9.074,-6.784,grid,-6.785,-5.024,0.0,-0.0,-0.1204,-36.76,-2.169,0.6117,-0.08821,-58.46,-38.93,16.26
Cc1ccc(S(=O)(=O)[N-]C(=O)Nc2ccc(Cc3ccc(NC(=O)[N-]S(=O)(=O)c4ccc(C)cc4)cc3)cc2)cc1,BPA_CID3596056__prepared_state_039,40,Done,,9.074,-5.251,grid,-5.252,-5.966,0.0,-0.0,1.874,-54.43,6.334,0.6117,0.0,-58.16,-48.09,22.68
Cc1ccc(S(=O)(=O)[N-]C(=O)Nc2ccc(Cc3ccc(NC(=O)[N-]S(=O)(=O)c4ccc(C)cc4)cc3)cc2)cc1,BPA_CID3596056__prepared_state_039,40,Done,,9.074,-6.834,grid,-6.835,-5.169,0.0,-0.0,-0.1939,-33.34,-2.398,0.6117,-0.05701,-56.45,-35.74,14.3
Cc1ccc(S(=O)(=O)[N-]C(=O)Nc2ccc(Cc3ccc(NC(=O)[N-]S(=O)(=O)c4ccc(C)cc4)cc3)cc2)cc1,BPA_CID3596056__prepared_state_039,40,Done,,9.074,-4.765,grid,-4.766,-5.026,0.0,-0.0,1.77,-41.43,0.3289,0.6117,-0.09913,-54.94,-41.1,11.19
Cc1ccc(S(=O)(=O)[N-]C(=O)Nc2ccc(Cc3ccc(NC(=O)[N-]S(=O)(=O)c4ccc(C)cc4)cc3)cc2)cc1,BPA_CID3596056__prepared_state_039,40,Done,,9.074,-4.528,grid,-4.528,-4.961,0.0,-0.0,2.2,-46.44,-0.009733,0.6117,-0.05554,-53.08,-46.45,23.66
Cc1ccc(S(=O)(=O)[N-]C(=O)Nc2ccc(Cc3ccc(NC(=O)[N-]S(=O)(=O)c4ccc(C)cc4)cc3)cc2)cc1,BPA_CID3596056__prepared_state_039,40,Done,,9.074,-6.02,grid,-6.021,-4.565,0.0,-0.0,-0.01299,-28.67,-4.14,0.6117,0.0,-51.41,-32.81,11.89
Cc1ccc(S(=O)(=O)[N-]C(=O)Nc2ccc(Cc3ccc(NC(=O)[N-]S(=O)(=O)c4ccc(C)cc4)cc3)cc2)cc1,BPA_CID3596056__prepared_state_039,40,Done,,9.074,-4.27,grid,-4.271,-5.001,0.0,-0.0,2.309,-42.5,-0.06842,0.6117,-0.05599,-50.59,-42.57,18.79
CC(C)(c1ccc(OP(=O)(Oc2ccccc2)Oc2ccccc2)cc1)c1ccc(OP(=O)(Oc2ccccc2)Oc2ccccc2)cc1,BPA_CID9874825__prepared_state_040,41,Done,,16.84,-10.79,grid,-10.79,-8.086,0.0,-0.0,-0.807,-47.28,1.273,0.2743,0.0,-72.47,-46.01,10.86
CC(C)(c1ccc(OP(=O)(Oc2ccccc2)Oc2ccccc2)cc1)c1ccc(OP(=O)(Oc2ccccc2)Oc2ccccc2)cc1,BPA_CID9874825__prepared_state_040,41,Done,,16.84,-11.08,grid,-11.08,-7.643,-0.2968,-0.0,-0.9,-39.89,-3.436,0.2743,0.0,-70.11,-43.32,11.88
CC(C)(c1ccc(OP(=O)(Oc2ccccc2)Oc2ccccc2)cc1)c1ccc(OP(=O)(Oc2ccccc2)Oc2ccccc2)cc1,BPA_CID9874825__prepared_state_040,41,Done,,16.84,-10.43,grid,-10.43,-7.491,0.0,-0.0,-0.9,-41.43,-1.638,0.2743,0.0,-69.78,-43.07,8.266
CC(C)(c1ccc(OP(=O)(Oc2ccccc2)Oc2ccccc2)cc1)c1ccc(OP(=O)(Oc2ccccc2)Oc2ccccc2)cc1,BPA_CID9874825__prepared_state_040,41,Done,,16.84,-10.79,grid,-10.79,-8.28,-0.03804,-0.0,-0.8345,-41.55,1.093,0.2743,0.0,-67.2,-40.45,10.29
CC(C)(c1ccc(OP(=O)(Oc2ccccc2)Oc2ccccc2)cc1)c1ccc(OP(=O)(Oc2ccccc2)Oc2ccccc2)cc1,BPA_CID9874825__prepared_state_040,41,Done,,16.84,-3.119,grid,-3.119,-0.9624,-0.2033,-0.0,0.0,-35.54,-2.938,0.2743,-0.009706,-46.03,-38.48,3.326
CC(C)(c1ccc(OP(=O)(Oc2ccccc2)Oc2ccccc2)cc1)c1ccc(OP(=O)(Oc2ccccc2)Oc2ccccc2)cc1,BPA_CID9874825__prepared_state_040,41,Done,,16.84,-10.1,grid,-10.1,-7.685,-0.4259,-0.0,-1.4,-23.72,2.356,0.2743,-0.02778,-44.76,-21.36,12.88
CC(C)(c1ccc(OP(=O)(Oc2ccccc2)Oc2ccccc2)cc1)c1ccc(OP(=O)(Oc2ccccc2)Oc2ccccc2)cc1,BPA_CID9874825__prepared_state_040,41,Done,,16.84,-2.976,grid,-2.976,-1.046,-0.1268,-0.0,0.0,-35.4,-2.048,0.2743,-0.0007809,-43.43,-37.45,5.618
CC(C)(c1ccc(OP(=O)(Oc2ccccc2)Oc2ccccc2)cc1)c1ccc(OP(=O)(Oc2ccccc2)Oc2ccccc2)cc1,BPA_CID9874825__prepared_state_040,41,Done,,16.84,-3.097,grid,-3.097,-0.9569,-0.1879,-0.0,0.0,-34.12,-3.469,0.2743,0.0,-43.16,-37.59,7.156
CC(C)(c1ccc(OP(=O)(Oc2ccccc2)Oc2ccccc2)cc1)c1ccc(OP(=O)(Oc2ccccc2)Oc2ccccc2)cc1,BPA_CID9874825__prepared_state_040,41,Done,,16.84,-9.341,grid,-9.341,-7.184,-0.32,-0.0,-0.8971,-13.36,-3.639,0.2743,0.0,-40.4,-17.0,8.415
CC(C)(c1ccc(OP(=O)(Oc2ccccc2)Oc2ccccc2)cc1)c1ccc(OP(=O)(Oc2ccccc2)Oc2ccccc2)cc1,BPA_CID9874825__prepared_state_040,41,Done,,16.84,-2.666,grid,-2.666,-0.7376,-0.01858,-0.0,0.0,-33.63,-3.353,0.2743,0.0,-39.93,-36.98,9.853
CC(C)(c1ccc(OP(=O)(Oc2ccccc2)Oc2ccccc2)cc1)c1ccc(OP(=O)(Oc2ccccc2)Oc2ccccc2)cc1,BPA_CID9874825__prepared_state_040,41,Done,,16.84,-2.526,grid,-2.526,-0.7192,0.0,-0.0,0.0,-35.8,-1.944,0.2743,0.0,-39.75,-37.74,10.92
CC(C)(c1ccc(OP(=O)(Oc2ccccc2)Oc2ccccc2)cc1)c1ccc(OP(=O)(Oc2ccccc2)Oc2ccccc2)cc1,BPA_CID9874825__prepared_state_040,41,Done,,16.84,-10.19,grid,-10.19,-7.551,-0.32,-0.0,-1.4,-8.252,-5.171,0.2743,0.0,-37.45,-13.42,12.16
CC(C)(c1ccc(OP(=O)(Oc2ccccc2)Oc2ccccc2)cc1)c1ccc(OP(=O)(Oc2ccccc2)Oc2ccccc2)cc1,BPA_CID9874825__prepared_state_040,41,Done,,16.84,-9.184,grid,-9.184,-7.626,0.0,-0.0,-0.9,-10.6,-2.535,0.2743,-0.02236,-36.73,-13.14,7.101
CC(C)(c1ccc(OP(=O)(Oc2ccccc2)Oc2ccccc2)cc1)c1ccc(OP(=O)(Oc2ccccc2)Oc2ccccc2)cc1,BPA_CID9874825__prepared_state_040,41,Done,,16.84,-9.287,grid,-9.287,-7.587,-0.32,-0.0,-0.9,-7.002,-2.695,0.2743,0.0,-32.52,-9.697,9.244
CC(C)(c1ccc(OP(=O)(Oc2ccccc2)Oc2ccccc2)cc1)c1ccc(OP(=O)(Oc2ccccc2)Oc2ccccc2)cc1,BPA_CID9874825__prepared_state_040,41,Done,,16.84,-2.331,grid,-2.331,-1.063,0.0,-0.0,0.0,-28.33,-0.8369,0.2743,0.0,-31.9,-29.17,8.308
CC(C)(c1ccc(OP(=O)(Oc2ccccc2)Oc2ccccc2)cc1)c1ccc(OP(=O)(Oc2ccccc2)Oc2ccccc2)cc1,BPA_CID9874825__prepared_state_040,41,Done,,16.84,-2.148,grid,-2.148,-0.9269,0.0,-0.0,0.0,-29.55,-0.1234,0.2743,0.0,-29.37,-29.67,13.31
CC(C)(c1ccc(OP(=O)(Oc2ccccc2)Oc2ccccc2)cc1)c1ccc(OP(=O)(Oc2ccccc2)Oc2ccccc2)cc1,BPA_CID9874825__prepared_state_040,41,Done,,16.84,-7.837,grid,-7.837,-6.684,-0.2738,-0.0,-0.9,1.793,-2.289,0.2743,0.0,-18.91,-0.4956,9.487
CC(C)Oc1ccc(S(=O)(=O)c2ccc(O)cc2)cc1,BPA_CID9904141__prepared_state_041,42,Done,,3.505,-7.01,grid,-7.188,-3.343,0.0,-0.0,-2.328,-37.5,-1.889,0.6408,0.0,-55.81,-39.39,0.3911
CC(C)Oc1ccc(S(=O)(=O)c2ccc(O)cc2)cc1,BPA_CID9904141__prepared_state_041,42,Done,,3.505,-6.997,grid,-7.174,-3.336,0.0,-0.0,-2.328,-37.42,-1.867,0.6408,0.0,-55.74,-39.29,0.2749
CC(C)Oc1ccc(S(=O)(=O)c2ccc(O)cc2)cc1,BPA_CID9904141__prepared_state_041,42,Done,,3.505,-6.706,grid,-6.883,-3.179,-0.256,-0.0,-2.015,-38.38,-1.031,0.6408,0.0,-54.85,-39.41,0.9667
CC(C)Oc1ccc(S(=O)(=O)c2ccc(O)cc2)cc1,BPA_CID9904141__prepared_state_041,42,Done,,3.505,-6.747,grid,-6.924,-3.472,0.0,-0.0,-2.039,-37.57,-1.173,0.6408,0.0,-54.52,-38.74,0.4584
CC(C)Oc1ccc(S(=O)(=O)c2ccc(O)cc2)cc1,BPA_CID9904141__prepared_state_041,42,Done,,3.505,-6.753,grid,-6.93,-3.485,0.0,-0.0,-2.032,-37.59,-1.164,0.6408,0.0,-54.44,-38.75,0.68
CC(C)Oc1ccc(S(=O)(=O)c2ccc(O)cc2)cc1,BPA_CID9904141__prepared_state_041,42,Done,,3.505,-6.83,grid,-7.007,-3.568,0.0,-0.0,-2.091,-37.85,-0.6469,0.6408,0.0,-54.31,-38.49,0.772
CC(C)Oc1ccc(S(=O)(=O)c2ccc(O)cc2)cc1,BPA_CID9904141__prepared_state_041,42,Done,,3.505,-6.72,grid,-6.897,-3.442,-0.01727,-0.0,-2.086,-36.87,-0.9952,0.6408,0.0,-53.55,-37.87,0.5364
CC(C)Oc1ccc(S(=O)(=O)c2ccc(O)cc2)cc1,BPA_CID9904141__prepared_state_041,42,Done,,3.505,-6.287,grid,-6.464,-3.156,0.0,-0.0,-2.017,-37.62,-0.3377,0.6408,0.0,-52.65,-37.96,0.5028
CC(C)Oc1ccc(S(=O)(=O)c2ccc(O)cc2)cc1,BPA_CID9904141__prepared_state_041,42,Done,,3.505,-6.7,grid,-6.877,-3.15,-0.2848,-0.0,-1.928,-33.66,-3.143,0.6408,0.0,-51.6,-36.8,2.21
CC(C)Oc1ccc(S(=O)(=O)c2ccc(O)cc2)cc1,BPA_CID9904141__prepared_state_041,42,Done,,3.505,-6.716,grid,-6.893,-3.459,0.0,-0.0,-2.085,-37.06,-0.9148,0.6408,0.0,-51.06,-37.98,5.705
CC(C)Oc1ccc(S(=O)(=O)c2ccc(O)cc2)cc1,BPA_CID9904141__prepared_state_041,42,Done,,3.505,-6.621,grid,-6.799,-3.364,0.0,-0.0,-2.089,-36.89,-0.9431,0.6408,0.0,-51.0,-37.84,5.12
CC(C)Oc1ccc(S(=O)(=O)c2ccc(O)cc2)cc1,BPA_CID9904141__prepared_state_041,42,Done,,3.505,-6.689,grid,-6.866,-2.988,-0.32,-0.0,-1.81,-31.45,-5.44,0.6408,0.0,-50.43,-36.89,4.68
CC(C)Oc1ccc(S(=O)(=O)c2ccc(O)cc2)cc1,BPA_CID9904141__prepared_state_041,42,Done,,3.505,-6.344,grid,-6.521,-3.29,-0.03474,-0.0,-1.965,-35.39,-0.6831,0.6408,0.0,-50.12,-36.07,2.068
CC(C)Oc1ccc(S(=O)(=O)c2ccc(O)cc2)cc1,BPA_CID9904141__prepared_state_041,42,Done,,3.505,-6.686,grid,-6.863,-3.713,0.0,-0.0,-1.97,-37.24,0.2731,0.6408,0.0,-50.03,-36.96,5.604
CC(C)Oc1ccc(S(=O)(=O)c2ccc(O)cc2)cc1,BPA_CID9904141__prepared_state_041,42,Done,,3.505,-6.608,grid,-6.785,-3.374,0.0,-0.0,-2.068,-36.95,-0.9111,0.6408,0.0,-49.71,-37.86,7.679
CC(C)Oc1ccc(S(=O)(=O)c2ccc(O)cc2)cc1,BPA_CID9904141__prepared_state_041,42,Done,,3.505,-6.372,grid,-6.549,-3.181,-0.0007218,-0.0,-2.016,-37.14,-0.9081,0.6408,0.0,-49.63,-38.05,7.121
CC(C)Oc1ccc(S(=O)(=O)c2ccc(O)cc2)cc1,BPA_CID9904141__prepared_state_041,42,Done,,3.505,-6.056,grid,-6.233,-3.026,0.0,-0.0,-1.87,-33.24,-2.1,0.6408,0.0,-49.32,-35.34,0.8606
CC(C)Oc1ccc(S(=O)(=O)c2ccc(O)cc2)cc1,BPA_CID9904141__prepared_state_041,42,Done,,3.505,-6.056,grid,-6.233,-3.028,0.0,-0.0,-1.87,-33.22,-2.098,0.6408,0.0,-49.26,-35.32,0.9444
CC(C)Oc1ccc(S(=O)(=O)c2ccc(O)cc2)cc1,BPA_CID9904141__prepared_state_041,42,Done,,3.505,-6.381,grid,-6.558,-3.197,-0.01652,-0.0,-2.032,-36.67,-0.8002,0.6408,0.0,-48.97,-37.47,7.321
CC(C)Oc1ccc(S(=O)(=O)c2ccc(O)cc2)cc1,BPA_CID9904141__prepared_state_041,42,Done,,3.505,-5.947,grid,-6.124,-2.822,-0.1448,-0.0,-1.715,-32.51,-3.055,0.6408,0.0,-48.95,-35.56,1.562
CC(C)Oc1ccc(S(=O)(=O)c2ccc([O-])cc2)cc1,BPA_CID9904141__prepared_state_042,43,Done,,3.032,-6.503,grid,-7.304,-3.83,-0.0488,-0.0,-2.021,-33.76,-2.407,0.6446,0.0,-54.8,-36.17,1.369
CC(C)Oc1ccc(S(=O)(=O)c2ccc([O-])cc2)cc1,BPA_CID9904141__prepared_state_042,43,Done,,3.032,-5.974,grid,-6.775,-3.513,0.0,-0.0,-2.067,-35.15,-0.5503,0.6446,0.0,-53.42,-35.7,0.3757
CC(C)Oc1ccc(S(=O)(=O)c2ccc([O-])cc2)cc1,BPA_CID9904141__prepared_state_042,43,Done,,3.032,-5.838,grid,-6.639,-3.075,-0.2564,-0.0,-2.024,-34.79,-1.258,0.6446,0.0,-53.26,-36.05,0.6979
CC(C)Oc1ccc(S(=O)(=O)c2ccc([O-])cc2)cc1,BPA_CID9904141__prepared_state_042,43,Done,,3.032,-6.412,grid,-7.213,-3.837,0.0,-0.0,-2.426,-35.74,1.283,0.6446,0.0,-52.73,-34.46,1.608
CC(C)Oc1ccc(S(=O)(=O)c2ccc([O-])cc2)cc1,BPA_CID9904141__prepared_state_042,43,Done,,3.032,-6.119,grid,-6.92,-3.355,-0.2187,-0.0,-2.033,-35.32,-1.284,0.6446,0.0,-52.49,-36.6,4.832
CC(C)Oc1ccc(S(=O)(=O)c2ccc([O-])cc2)cc1,BPA_CID9904141__prepared_state_042,43,Done,,3.032,-5.798,grid,-6.599,-3.605,0.0,-0.0,-1.953,-34.79,0.3555,0.6446,0.0,-51.71,-34.44,0.3584
CC(C)Oc1ccc(S(=O)(=O)c2ccc([O-])cc2)cc1,BPA_CID9904141__prepared_state_042,43,Done,,3.032,-6.11,grid,-6.911,-3.661,0.0,-0.0,-1.791,-34.86,-2.402,0.6446,0.0,-51.49,-37.26,8.083
CC(C)Oc1ccc(S(=O)(=O)c2ccc([O-])cc2)cc1,BPA_CID9904141__prepared_state_042,43,Done,,3.032,-6.143,grid,-6.944,-3.633,0.0,-0.0,-1.979,-32.89,-2.221,0.6446,0.0,-51.47,-35.11,3.992
CC(C)Oc1ccc(S(=O)(=O)c2ccc([O-])cc2)cc1,BPA_CID9904141__prepared_state_042,43,Done,,3.032,-5.883,grid,-6.684,-3.509,0.0,-0.0,-1.953,-35.73,-0.5359,0.6446,0.0,-50.95,-36.26,5.973
CC(C)Oc1ccc(S(=O)(=O)c2ccc([O-])cc2)cc1,BPA_CID9904141__prepared_state_042,43,Done,,3.032,-5.61,grid,-6.411,-3.272,0.0,-0.0,-2.031,-33.81,-0.4084,0.6446,0.0,-50.94,-34.22,0.4581
CC(C)Oc1ccc(S(=O)(=O)c2ccc([O-])cc2)cc1,BPA_CID9904141__prepared_state_042,43,Done,,3.032,-5.333,grid,-6.134,-2.775,0.0,-0.0,-2.273,-35.32,0.2392,0.6446,0.0,-50.6,-35.08,1.407
CC(C)Oc1ccc(S(=O)(=O)c2ccc([O-])cc2)cc1,BPA_CID9904141__prepared_state_042,43,Done,,3.032,-5.858,grid,-6.659,-3.394,0.0,-0.0,-2.244,-35.86,0.8514,0.6446,0.0,-49.95,-35.01,5.348
CC(C)Oc1ccc(S(=O)(=O)c2ccc([O-])cc2)cc1,BPA_CID9904141__prepared_state_042,43,Done,,3.032,-5.914,grid,-6.715,-3.69,0.0,-0.0,-2.26,-33.95,1.917,0.6446,0.0,-49.3,-32.04,0.9854
CC(C)Oc1ccc(S(=O)(=O)c2ccc([O-])cc2)cc1,BPA_CID9904141__prepared_state_042,43,Done,,3.032,-6.037,grid,-6.838,-3.401,0.0,-0.0,-2.296,-29.94,-1.922,0.6446,0.0,-49.21,-31.86,1.459
CC(C)Oc1ccc(S(=O)(=O)c2ccc([O-])cc2)cc1,BPA_CID9904141__prepared_state_042,43,Done,,3.032,-5.16,grid,-5.961,-3.163,0.0,-0.0,-1.81,-34.21,0.5123,0.6446,0.0,-48.57,-33.7,1.784
CC(C)Oc1ccc(S(=O)(=O)c2ccc([O-])cc2)cc1,BPA_CID9904141__prepared_state_042,43,Done,,3.032,-5.385,grid,-6.186,-3.558,0.0,-0.0,-1.205,-33.91,-2.478,0.6446,0.0,-48.31,-36.39,8.878
CC(C)Oc1ccc(S(=O)(=O)c2ccc([O-])cc2)cc1,BPA_CID9904141__prepared_state_042,43,Done,,3.032,-5.386,grid,-6.186,-3.406,0.0,-0.0,-1.644,-32.02,-1.198,0.6446,0.0,-48.25,-33.22,2.643
CC(C)Oc1ccc(S(=O)(=O)c2ccc([O-])cc2)cc1,BPA_CID9904141__prepared_state_042,43,Done,,3.032,-5.132,grid,-5.933,-3.075,0.0,-0.0,-1.886,-33.62,0.4315,0.6446,0.0,-47.88,-33.19,1.983
CC(C)Oc1ccc(S(=O)(=O)c2ccc([O-])cc2)cc1,BPA_CID9904141__prepared_state_042,43,Done,,3.032,-5.349,grid,-6.149,-3.142,0.0,-0.0,-2.14,-34.04,1.263,0.6446,0.0,-47.75,-32.77,2.573
CC(C)Oc1ccc(S(=O)(=O)c2ccc([O-])cc2)cc1,BPA_CID9904141__prepared_state_042,43,Done,,3.032,-4.909,grid,-5.71,-3.098,0.0,-0.0,-1.459,-34.91,-0.3472,0.6446,0.0,-46.97,-35.26,6.778
CC(C)(c1ccc(O)c(-c2ccccc2)c1)c1ccc(O)c(-c2ccccc2)c1,BPA_CID13059052__prepared_state_043,44,Done,,7.562,-9.713,grid,-9.717,-5.276,-0.4967,-0.0,-1.715,-36.86,-6.15,0.536,0.0,-62.82,-43.01,3.167
CC(C)(c1ccc(O)c(-c2ccccc2)c1)c1ccc(O)c(-c2ccccc2)c1,BPA_CID13059052__prepared_state_043,44,Done,,7.562,-8.839,grid,-8.843,-5.452,0.0,-0.0,-1.593,-42.81,-1.286,0.536,0.0,-62.18,-44.1,2.758
CC(C)(c1ccc(O)c(-c2ccccc2)c1)c1ccc(O)c(-c2ccccc2)c1,BPA_CID13059052__prepared_state_043,44,Done,,7.562,-8.817,grid,-8.821,-5.426,0.0,-0.0,-1.615,-42.48,-1.279,0.536,0.0,-61.73,-43.76,2.884
CC(C)(c1ccc(O)c(-c2ccccc2)c1)c1ccc(O)c(-c2ccccc2)c1,BPA_CID13059052__prepared_state_043,44,Done,,7.562,-8.996,grid,-8.999,-5.4,-0.1234,-0.0,-1.676,-40.68,-2.012,0.536,0.0,-60.7,-42.69,3.603
CC(C)(c1ccc(O)c(-c2ccccc2)c1)c1ccc(O)c(-c2ccccc2)c1,BPA_CID13059052__prepared_state_043,44,Done,,7.562,-8.513,grid,-8.517,-5.142,0.0,-0.0,-1.715,-38.76,-1.721,0.536,0.0,-58.05,-40.48,2.366
CC(C)(c1ccc(O)c(-c2ccccc2)c1)c1ccc(O)c(-c2ccccc2)c1,BPA_CID13059052__prepared_state_043,44,Done,,7.562,-8.698,grid,-8.702,-5.457,0.0,-0.0,-1.715,-37.35,-1.325,0.536,0.0,-56.56,-38.67,2.521
CC(C)(c1ccc(O)c(-c2ccccc2)c1)c1ccc(O)c(-c2ccccc2)c1,BPA_CID13059052__prepared_state_043,44,Done,,7.562,-8.703,grid,-8.706,-5.392,0.0,-0.0,-1.715,-36.57,-2.049,0.536,0.0,-56.43,-38.62,2.712
CC(C)(c1ccc(O)c(-c2ccccc2)c1)c1ccc(O)c(-c2ccccc2)c1,BPA_CID13059052__prepared_state_043,44,Done,,7.562,-9.325,grid,-9.329,-5.862,-0.1705,-0.0,-1.437,-33.16,-4.917,0.536,0.0,-55.89,-38.07,5.431
CC(C)(c1ccc(O)c(-c2ccccc2)c1)c1ccc(O)c(-c2ccccc2)c1,BPA_CID13059052__prepared_state_043,44,Done,,7.562,-9.573,grid,-9.577,-6.007,-0.4789,-0.0,-1.404,-33.39,-3.69,0.536,0.0,-55.67,-37.08,4.975
CC(C)(c1ccc(O)c(-c2ccccc2)c1)c1ccc(O)c(-c2ccccc2)c1,BPA_CID13059052__prepared_state_043,44,Done,,7.562,-8.655,grid,-8.659,-5.468,0.0,-0.0,-1.715,-36.33,-1.304,0.536,0.0,-55.49,-37.63,2.402
CC(C)(c1ccc(O)c(-c2ccccc2)c1)c1ccc(O)c(-c2ccccc2)c1,BPA_CID13059052__prepared_state_043,44,Done,,7.562,-8.63,grid,-8.634,-5.477,0.0,-0.0,-1.636,-35.85,-1.766,0.536,0.0,-55.4,-37.62,2.449
CC(C)(c1ccc(O)c(-c2ccccc2)c1)c1ccc(O)c(-c2ccccc2)c1,BPA_CID13059052__prepared_state_043,44,Done,,7.562,-8.368,grid,-8.372,-5.274,0.0,-0.0,-1.707,-35.68,-0.9581,0.536,0.0,-53.56,-36.64,3.009
CC(C)(c1ccc(O)c(-c2ccccc2)c1)c1ccc(O)c(-c2ccccc2)c1,BPA_CID13059052__prepared_state_043,44,Done,,7.562,-8.555,grid,-8.559,-5.395,0.0,-0.0,-1.715,-32.99,-2.236,0.536,0.0,-53.16,-35.22,1.797
CC(C)(c1ccc(O)c(-c2ccccc2)c1)c1ccc(O)c(-c2ccccc2)c1,BPA_CID13059052__prepared_state_043,44,Done,,7.562,-8.458,grid,-8.462,-5.378,0.0,-0.0,-1.715,-33.4,-1.57,0.536,0.0,-52.76,-34.97,1.67
CC(C)(c1ccc(O)c(-c2ccccc2)c1)c1ccc(O)c(-c2ccccc2)c1,BPA_CID13059052__prepared_state_043,44,Done,,7.562,-8.397,grid,-8.401,-5.369,0.0,-0.0,-1.715,-33.57,-1.16,0.536,0.0,-52.37,-34.73,1.696
CC(C)(c1ccc(O)c(-c2ccccc2)c1)c1ccc(O)c(-c2ccccc2)c1,BPA_CID13059052__prepared_state_043,44,Done,,7.562,-8.653,grid,-8.657,-5.252,-0.283,-0.0,-1.547,-30.06,-4.048,0.536,0.0,-52.27,-34.11,1.788
CC(C)(c1ccc(O)c(-c2ccccc2)c1)c1ccc(O)c(-c2ccccc2)c1,BPA_CID13059052__prepared_state_043,44,Done,,7.562,-8.483,grid,-8.487,-5.133,-0.2851,-0.0,-1.462,-29.94,-4.301,0.536,0.0,-52.13,-34.24,1.581
CC(C)(c1ccc(O)c(-c2ccccc2)c1)c1ccc(O)c(-c2ccccc2)c1,BPA_CID13059052__prepared_state_043,44,Done,,7.562,-8.744,grid,-8.748,-5.738,-0.1683,-0.0,-1.299,-32.12,-3.151,0.536,0.0,-51.95,-35.28,5.156
CC(C)(c1ccc(O)c(-c2ccccc2)c1)c1ccc(O)c(-c2ccccc2)c1,BPA_CID13059052__prepared_state_043,44,Done,,7.562,-7.783,grid,-7.787,-4.999,0.0,-0.0,-1.518,-35.0,-0.3728,0.536,0.0,-51.16,-35.38,2.719
CC(C)(c1ccc(O)c(-c2ccccc2)c1)c1ccc(O)c(-c2ccccc2)c1,BPA_CID13059052__prepared_state_043,44,Done,,7.562,-8.857,grid,-8.86,-5.681,-0.1451,-0.0,-1.641,-30.19,-2.795,0.536,0.0,-50.4,-32.99,4.184
Cc1ccc(S(=O)(=O)[N-]C(=O)Nc2cccc(OS(=O)(=O)c3ccc(C)cc3)c2)cc1,BPA_CID22035425__prepared_state_044,45,Done,,6.082,-8.448,grid,-8.449,-4.712,0.0,-0.0,-1.105,-56.72,-3.722,0.7623,0.0,-86.95,-60.44,4.999
Cc1ccc(S(=O)(=O)[N-]C(=O)Nc2cccc(OS(=O)(=O)c3ccc(C)cc3)c2)cc1,BPA_CID22035425__prepared_state_044,45,Done,,6.082,-8.857,grid,-8.858,-4.507,0.0,-0.0,-2.074,-52.38,-2.677,0.7623,-0.01901,-83.14,-55.05,4.668
Cc1ccc(S(=O)(=O)[N-]C(=O)Nc2cccc(OS(=O)(=O)c3ccc(C)cc3)c2)cc1,BPA_CID22035425__prepared_state_044,45,Done,,6.082,-8.661,grid,-8.662,-4.519,0.0,-0.0,-1.875,-51.45,-2.871,0.7623,-0.02774,-82.29,-54.32,3.566
Cc1ccc(S(=O)(=O)[N-]C(=O)Nc2cccc(OS(=O)(=O)c3ccc(C)cc3)c2)cc1,BPA_CID22035425__prepared_state_044,45,Done,,6.082,-8.077,grid,-8.077,-4.278,0.0,-0.0,-1.409,-51.33,-3.893,0.7623,-0.001757,-81.71,-55.23,2.503
Cc1ccc(S(=O)(=O)[N-]C(=O)Nc2cccc(OS(=O)(=O)c3ccc(C)cc3)c2)cc1,BPA_CID22035425__prepared_state_044,45,Done,,6.082,-7.976,grid,-7.977,-4.611,0.0,-0.0,-1.527,-53.12,0.3676,0.7623,0.0,-79.54,-52.75,1.213
Cc1ccc(S(=O)(=O)[N-]C(=O)Nc2cccc(OS(=O)(=O)c3ccc(C)cc3)c2)cc1,BPA_CID22035425__prepared_state_044,45,Done,,6.082,-7.998,grid,-7.999,-4.052,-0.06514,-0.0,-1.548,-49.9,-3.995,0.7623,-0.001455,-79.5,-53.89,3.721
Cc1ccc(S(=O)(=O)[N-]C(=O)Nc2cccc(OS(=O)(=O)c3ccc(C)cc3)c2)cc1,BPA_CID22035425__prepared_state_044,45,Done,,6.082,-7.919,grid,-7.92,-4.212,0.0,-0.0,-1.318,-52.79,-3.417,0.7623,0.0,-79.4,-56.21,8.009
Cc1ccc(S(=O)(=O)[N-]C(=O)Nc2cccc(OS(=O)(=O)c3ccc(C)cc3)c2)cc1,BPA_CID22035425__prepared_state_044,45,Done,,6.082,-7.492,grid,-7.493,-4.338,0.0,-0.0,-0.8047,-52.56,-3.229,0.7623,0.0,-78.76,-55.79,5.523
Cc1ccc(S(=O)(=O)[N-]C(=O)Nc2cccc(OS(=O)(=O)c3ccc(C)cc3)c2)cc1,BPA_CID22035425__prepared_state_044,45,Done,,6.082,-8.232,grid,-8.233,-4.864,0.0,-0.0,-1.286,-51.12,-1.926,0.7623,0.0,-78.42,-53.05,5.799
Cc1ccc(S(=O)(=O)[N-]C(=O)Nc2cccc(OS(=O)(=O)c3ccc(C)cc3)c2)cc1,BPA_CID22035425__prepared_state_044,45,Done,,6.082,-7.911,grid,-7.912,-4.666,0.0,-0.0,-1.339,-53.95,0.192,0.7623,0.0,-78.08,-53.76,5.71
Cc1ccc(S(=O)(=O)[N-]C(=O)Nc2cccc(OS(=O)(=O)c3ccc(C)cc3)c2)cc1,BPA_CID22035425__prepared_state_044,45,Done,,6.082,-7.745,grid,-7.746,-4.505,0.0,-0.0,-1.16,-51.74,-1.714,0.7623,0.0,-77.96,-53.45,4.185
Cc1ccc(S(=O)(=O)[N-]C(=O)Nc2cccc(OS(=O)(=O)c3ccc(C)cc3)c2)cc1,BPA_CID22035425__prepared_state_044,45,Done,,6.082,-7.708,grid,-7.709,-4.642,0.0,-0.0,-1.079,-51.31,-1.099,0.7623,-0.01955,-77.87,-52.41,2.028
Cc1ccc(S(=O)(=O)[N-]C(=O)Nc2cccc(OS(=O)(=O)c3ccc(C)cc3)c2)cc1,BPA_CID22035425__prepared_state_044,45,Done,,6.082,-8.477,grid,-8.478,-4.799,-0.06364,-0.0,-1.668,-51.47,-0.9077,0.7623,0.0,-77.09,-52.38,8.791
Cc1ccc(S(=O)(=O)[N-]C(=O)Nc2cccc(OS(=O)(=O)c3ccc(C)cc3)c2)cc1,BPA_CID22035425__prepared_state_044,45,Done,,6.082,-8.044,grid,-8.045,-4.0,-0.03974,-0.0,-1.813,-52.72,-2.123,0.7623,0.0,-77.04,-54.84,10.86
Cc1ccc(S(=O)(=O)[N-]C(=O)Nc2cccc(OS(=O)(=O)c3ccc(C)cc3)c2)cc1,BPA_CID22035425__prepared_state_044,45,Done,,6.082,-8.162,grid,-8.163,-4.413,-0.1033,-0.0,-1.491,-50.39,-2.66,0.7623,0.0,-76.92,-53.05,8.323
Cc1ccc(S(=O)(=O)[N-]C(=O)Nc2cccc(OS(=O)(=O)c3ccc(C)cc3)c2)cc1,BPA_CID22035425__prepared_state_044,45,Done,,6.082,-7.695,grid,-7.696,-4.912,-0.2496,-0.0,-0.7392,-53.33,0.8277,0.7623,-0.01549,-76.87,-52.5,4.124
Cc1ccc(S(=O)(=O)[N-]C(=O)Nc2cccc(OS(=O)(=O)c3ccc(C)cc3)c2)cc1,BPA_CID22035425__prepared_state_044,45,Done,,6.082,-7.469,grid,-7.47,-4.329,0.0,-0.0,-1.085,-54.77,-0.5341,0.7623,0.0,-75.6,-55.3,10.71
Cc1ccc(S(=O)(=O)[N-]C(=O)Nc2cccc(OS(=O)(=O)c3ccc(C)cc3)c2)cc1,BPA_CID22035425__prepared_state_044,45,Done,,6.082,-7.661,grid,-7.662,-4.325,-0.32,-0.0,-1.062,-49.39,-1.656,0.7623,0.0,-73.76,-51.05,7.192
Cc1ccc(S(=O)(=O)[N-]C(=O)Nc2cccc(OS(=O)(=O)c3ccc(C)cc3)c2)cc1,BPA_CID22035425__prepared_state_044,45,Done,,6.082,-7.602,grid,-7.603,-4.499,-0.1313,-0.0,-1.186,-50.69,-0.09312,0.7623,0.0,-72.86,-50.79,8.085
Cc1ccc(S(=O)(=O)[N-]C(=O)Nc2cccc(OS(=O)(=O)c3ccc(C)cc3)c2)cc1,BPA_CID22035425__prepared_state_044,45,Done,,6.082,-7.78,grid,-7.781,-4.403,-0.27,-0.0,-1.19,-48.13,-1.828,0.7623,0.0,-72.8,-49.96,7.754
C#C[C@]1(O)CC[C@H]2[C@@H]3CCc4cc(O)ccc4[C@H]3CC[C@@]21C,NATIVE_PXR__prepared_state_000,46,Done,,3.408,-11.28,grid,-11.28,-5.665,-0.6647,-0.0,-1.789,-44.51,-7.622,0.2085,0.0,-83.49,-52.14,4.326
C#C[C@]1(O)CC[C@H]2[C@@H]3CCc4cc(O)ccc4[C@H]3CC[C@@]21C,NATIVE_PXR__prepared_state_000,46,Done,,3.408,-10.12,grid,-10.12,-5.672,-0.3787,-0.0,-1.788,-44.51,-1.741,0.2085,0.0,-74.16,-46.25,4.308
C#C[C@]1(O)CC[C@H]2[C@@H]3CCc4cc(O)ccc4[C@H]3CC[C@@]21C,NATIVE_PXR__prepared_state_000,46,Done,,3.408,-8.331,grid,-8.332,-4.0,-0.4158,-0.0,-1.724,-33.46,-4.855,0.2085,0.0,-60.92,-38.32,4.305
C#C[C@]1(O)CC[C@H]2[C@@H]3CCc4cc(O)ccc4[C@H]3CC[C@@]21C,NATIVE_PXR__prepared_state_000,46,Done,,3.408,-7.595,grid,-7.595,-4.013,0.0,-0.0,-1.779,-37.32,-0.9673,0.2085,0.0,-58.72,-38.29,4.277
C#C[C@]1(O)CC[C@H]2[C@@H]3CCc4cc(O)ccc4[C@H]3CC[C@@]21C,NATIVE_PXR__prepared_state_000,46,Done,,3.408,-7.801,grid,-7.802,-3.97,-0.2922,-0.0,-1.619,-34.62,-2.652,0.2085,0.0,-58.13,-37.27,4.634
C#C[C@]1(O)CC[C@H]2[C@@H]3CCc4cc(O)ccc4[C@H]3CC[C@@]21C,NATIVE_PXR__prepared_state_000,46,Done,,3.408,-7.435,grid,-7.436,-4.008,0.0,-0.0,-1.686,-37.52,-0.4987,0.2085,0.0,-57.98,-38.01,4.258
C#C[C@]1(O)CC[C@H]2[C@@H]3CCc4cc(O)ccc4[C@H]3CC[C@@]21C,NATIVE_PXR__prepared_state_000,46,Done,,3.408,-7.924,grid,-7.925,-4.057,-0.3524,-0.0,-1.645,-33.98,-2.535,0.2085,0.0,-57.9,-36.52,4.331
C#C[C@]1(O)CC[C@H]2[C@@H]3CCc4cc(O)ccc4[C@H]3CC[C@@]21C,NATIVE_PXR__prepared_state_000,46,Done,,3.408,-7.544,grid,-7.545,-3.869,0.0,-0.0,-1.88,-34.84,-1.755,0.2085,0.0,-56.87,-36.6,4.296
C#C[C@]1(O)CC[C@H]2[C@@H]3CCc4cc(O)ccc4[C@H]3CC[C@@]21C,NATIVE_PXR__prepared_state_000,46,Done,,3.408,-7.48,grid,-7.481,-3.872,0.0,-0.0,-1.949,-35.21,-0.7144,0.2085,0.0,-55.98,-35.93,4.352
C#C[C@]1(O)CC[C@H]2[C@@H]3CCc4cc(O)ccc4[C@H]3CC[C@@]21C,NATIVE_PXR__prepared_state_000,46,Done,,3.408,-7.553,grid,-7.554,-3.904,0.0,-0.0,-1.957,-34.33,-1.235,0.2085,0.0,-55.83,-35.56,4.365
C#C[C@]1(O)CC[C@H]2[C@@H]3CCc4cc(O)ccc4[C@H]3CC[C@@]21C,NATIVE_PXR__prepared_state_000,46,Done,,3.408,-7.707,grid,-7.708,-3.954,-0.32,-0.0,-1.648,-32.6,-2.424,0.2085,0.0,-55.4,-35.02,5.046
C#C[C@]1(O)CC[C@H]2[C@@H]3CCc4cc(O)ccc4[C@H]3CC[C@@]21C,NATIVE_PXR__prepared_state_000,46,Done,,3.408,-7.813,grid,-7.813,-4.204,-0.2842,-0.0,-1.742,-33.38,-0.8197,0.2085,0.0,-54.73,-34.2,5.375
C#C[C@]1(O)CC[C@H]2[C@@H]3CCc4cc(O)ccc4[C@H]3CC[C@@]21C,NATIVE_PXR__prepared_state_000,46,Done,,3.408,-7.27,grid,-7.27,-3.751,0.0,-0.0,-1.922,-34.68,-0.4773,0.2085,0.0,-54.62,-35.15,4.267
C#C[C@]1(O)CC[C@H]2[C@@H]3CCc4cc(O)ccc4[C@H]3CC[C@@]21C,NATIVE_PXR__prepared_state_000,46,Done,,3.408,-7.383,grid,-7.384,-3.887,0.0,-0.0,-1.971,-34.34,-0.1176,0.2085,0.0,-54.2,-34.45,4.397
C#C[C@]1(O)CC[C@H]2[C@@H]3CCc4cc(O)ccc4[C@H]3CC[C@@]21C,NATIVE_PXR__prepared_state_000,46,Done,,3.408,-6.952,grid,-6.952,-3.474,0.0,-0.0,-1.876,-34.34,-0.6271,0.2085,0.0,-53.5,-34.96,4.251
C#C[C@]1(O)CC[C@H]2[C@@H]3CCc4cc(O)ccc4[C@H]3CC[C@@]21C,NATIVE_PXR__prepared_state_000,46,Done,,3.408,-7.341,grid,-7.341,-3.551,-0.32,-0.0,-1.726,-31.05,-2.669,0.2085,0.0,-53.42,-33.72,4.246
C#C[C@]1(O)CC[C@H]2[C@@H]3CCc4cc(O)ccc4[C@H]3CC[C@@]21C,NATIVE_PXR__prepared_state_000,46,Done,,3.408,-7.065,grid,-7.065,-3.491,0.0,-0.0,-2.05,-34.24,-0.1415,0.2085,0.0,-53.25,-34.38,4.251
C#C[C@]1(O)CC[C@H]2[C@@H]3CCc4cc(O)ccc4[C@H]3CC[C@@]21C,NATIVE_PXR__prepared_state_000,46,Done,,3.408,-6.849,grid,-6.85,-3.447,0.0,-0.0,-1.949,-35.67,0.8128,0.2085,0.0,-53.08,-34.86,4.254
C#C[C@]1(O)CC[C@H]2[C@@H]3CCc4cc(O)ccc4[C@H]3CC[C@@]21C,NATIVE_PXR__prepared_state_000,46,Done,,3.408,-7.04,grid,-7.041,-3.492,0.0,-0.0,-2.074,-34.26,0.1994,0.2085,0.0,-52.85,-34.06,4.251
C#C[C@]1(O)CC[C@H]2[C@@H]3CCc4cc(O)ccc4[C@H]3CC[C@@]21C,NATIVE_PXR__prepared_state_000,46,Done,,3.408,-7.216,grid,-7.217,-3.569,0.0,-0.0,-2.132,-33.08,-0.4683,0.2085,0.0,-52.46,-33.55,5.053
