SMILES,title,i_i_glide_lignum,docking_status,message,r_glide_cpu_time,r_i_docking_score,s_i_glide_gridfile,r_i_glide_gscore,r_i_glide_lipo,r_i_glide_hbond,r_i_glide_metal,r_i_glide_rewards,r_i_glide_evdw,r_i_glide_ecoul,r_i_glide_erotb,r_i_glide_esite,r_i_glide_emodel,r_i_glide_energy,r_i_glide_einternal
CC(C)(c1ccc(OC[C@H]2CO2)cc1)c1ccc(OC[C@H]2CO2)cc1,BPA_CID2286__prepared_state_000,1,Done,,4.338,-2.339,grid,-2.339,-1.44,0.0,-0.0,-0.4803,-30.71,-1.268,1.307,0.0,-27.03,-31.98,16.04
CC(C)(c1ccc(OC[C@H]2CO2)cc1)c1ccc(OC[C@H]2CO2)cc1,BPA_CID2286__prepared_state_000,1,Done,,4.338,-2.132,grid,-2.132,-1.058,-0.4693,-0.0,-0.0251,-21.07,-5.555,1.307,0.0,-25.13,-26.62,8.577
CC(C)(c1ccc(OC[C@H]2CO2)cc1)c1ccc(OC[C@H]2CO2)cc1,BPA_CID2286__prepared_state_000,1,Done,,4.338,-1.393,grid,-1.393,-0.1093,-0.02453,-0.0,-0.8136,-23.34,-3.904,1.307,0.0,-25.06,-27.24,8.025
CC(C)(c1ccc(OC[C@H]2CO2)cc1)c1ccc(OC[C@H]2CO2)cc1,BPA_CID2286__prepared_state_000,1,Done,,4.338,-2.444,grid,-2.444,-0.6001,-0.48,-0.0,-1.026,-19.67,-4.409,1.307,0.0,-24.01,-24.08,6.561
CC(C)(c1ccc(OC[C@H]2CO2)cc1)c1ccc(OC[C@H]2CO2)cc1,BPA_CID2286__prepared_state_000,1,Done,,4.338,-1.359,grid,-1.359,-0.3691,0.0,-0.0,-0.8807,-23.61,-1.577,1.307,0.0,-22.32,-25.18,9.287
CC(C)(c1ccc(OC[C@H]2CO2)cc1)c1ccc(OC[C@H]2CO2)cc1,BPA_CID2286__prepared_state_000,1,Done,,4.338,-1.281,grid,-1.281,-0.7889,-0.32,-0.0,-0.129,-18.29,-2.907,1.307,0.0,-19.24,-21.2,7.283
CC(C)(c1ccc(OC[C@H]2CO2)cc1)c1ccc(OC[C@H]2CO2)cc1,BPA_CID2286__prepared_state_000,1,Done,,4.338,-1.451,grid,-1.451,-0.9266,0.0,-0.0,-0.621,-26.35,0.7094,1.307,0.0,-19.21,-25.64,16.66
CC(C)(c1ccc(OC[C@H]2CO2)cc1)c1ccc(OC[C@H]2CO2)cc1,BPA_CID2286__prepared_state_000,1,Done,,4.338,-2.002,grid,-2.002,-1.337,0.0,-0.0,-0.7521,-22.46,-0.6516,1.307,0.0,-18.99,-23.12,13.5
CC(C)(c1ccc(OC[C@H]2CO2)cc1)c1ccc(OC[C@H]2CO2)cc1,BPA_CID2286__prepared_state_000,1,Done,,4.338,-0.162,grid,-0.162,-0.156,0.0,-0.0,-0.1222,-22.15,-0.5566,1.307,0.0,-17.23,-22.71,11.38
CC(C)(c1ccc(OC[C@H]2CO2)cc1)c1ccc(OC[C@H]2CO2)cc1,BPA_CID2286__prepared_state_000,1,Done,,4.338,-0.8933,grid,-0.8933,-0.4375,0.0,-0.0,-1.063,-14.87,0.2925,1.307,0.0,-14.68,-14.58,2.153
CC(C)(c1ccc(OC[C@H]2CO2)cc1)c1ccc(OC[C@H]2CO2)cc1,BPA_CID2286__prepared_state_000,1,Done,,4.338,-0.6859,grid,-0.6859,-0.03649,0.0,-0.0,-1.023,-18.24,-0.1414,1.307,0.0,-12.86,-18.39,12.86
CC(C)(c1ccc(OC[C@H]2CO2)cc1)c1ccc(OC[C@H]2CO2)cc1,BPA_CID2286__prepared_state_000,1,Done,,4.338,-0.8059,grid,-0.8059,-0.3043,0.0,-0.0,-1.074,-12.45,-0.7462,1.307,0.0,-11.93,-13.2,4.654
CC(C)(c1ccc(OC[C@H]2CO2)cc1)c1ccc(OC[C@H]2CO2)cc1,BPA_CID2286__prepared_state_000,1,Done,,4.338,-0.6953,grid,-0.6953,-0.3479,0.0,-0.0,-1.062,-14.43,0.8585,1.307,0.0,-11.51,-13.57,5.95
CC(C)(c1ccc(OC[C@H]2CO2)cc1)c1ccc(OC[C@H]2CO2)cc1,BPA_CID2286__prepared_state_000,1,Done,,4.338,-0.6523,grid,-0.6523,-0.09934,0.0,-0.0,-1.087,-13.5,-0.6531,1.307,0.0,-7.607,-14.16,14.81
CC(C)(c1ccc(OC[C@H]2CO2)cc1)c1ccc(OC[C@H]2CO2)cc1,BPA_CID2286__prepared_state_000,1,Done,,4.338,-0.9758,grid,-0.9758,-0.6399,0.0,-0.0,-1.077,-12.93,0.5374,1.307,0.0,-6.044,-12.39,15.25
CC(C)(c1ccc(OC[C@@H]2CO2)cc1)c1ccc(OC[C@H]2CO2)cc1,BPA_CID2286__prepared_state_001,2,Done,,3.871,-2.975,grid,-2.975,-1.118,-0.32,-0.0,-1.086,-28.11,-2.348,1.307,0.0,-31.43,-30.46,5.866
CC(C)(c1ccc(OC[C@@H]2CO2)cc1)c1ccc(OC[C@H]2CO2)cc1,BPA_CID2286__prepared_state_001,2,Done,,3.871,-2.741,grid,-2.741,-0.804,-0.32,-0.0,-1.086,-24.93,-3.943,1.307,0.0,-30.09,-28.88,4.776
CC(C)(c1ccc(OC[C@@H]2CO2)cc1)c1ccc(OC[C@H]2CO2)cc1,BPA_CID2286__prepared_state_001,2,Done,,3.871,-2.969,grid,-2.969,-1.562,-0.32,-0.0,-1.083,-23.3,-0.9786,1.307,0.0,-25.78,-24.28,4.797
CC(C)(c1ccc(OC[C@@H]2CO2)cc1)c1ccc(OC[C@H]2CO2)cc1,BPA_CID2286__prepared_state_001,2,Done,,3.871,-1.606,grid,-1.606,-0.7091,0.0,-0.0,-0.7336,-25.42,-1.328,1.307,0.0,-23.11,-26.75,11.5
CC(C)(c1ccc(OC[C@@H]2CO2)cc1)c1ccc(OC[C@H]2CO2)cc1,BPA_CID2286__prepared_state_001,2,Done,,3.871,-2.255,grid,-2.255,-1.362,0.0,-0.0,-1.057,-21.83,-0.3527,1.307,0.0,-19.9,-22.18,10.48
CC(C)(c1ccc(OC[C@@H]2CO2)cc1)c1ccc(OC[C@H]2CO2)cc1,BPA_CID2286__prepared_state_001,2,Done,,3.871,-1.756,grid,-1.756,-0.9304,0.0,-0.0,-1.015,-20.21,-0.7142,1.307,0.0,-19.74,-20.93,6.99
CC(C)(c1ccc(OC[C@@H]2CO2)cc1)c1ccc(OC[C@H]2CO2)cc1,BPA_CID2286__prepared_state_001,2,Done,,3.871,-1.373,grid,-1.373,-0.6371,0.0,-0.0,-1.088,-19.36,0.08074,1.307,0.0,-18.7,-19.28,4.753
CC(C)(c1ccc(OC[C@@H]2CO2)cc1)c1ccc(OC[C@H]2CO2)cc1,BPA_CID2286__prepared_state_001,2,Done,,3.871,-1.553,grid,-1.553,-0.9247,0.0,-0.0,-0.8585,-18.42,-1.038,1.307,0.0,-17.82,-19.46,7.342
CC(C)(c1ccc(OC[C@@H]2CO2)cc1)c1ccc(OC[C@H]2CO2)cc1,BPA_CID2286__prepared_state_001,2,Done,,3.871,-1.328,grid,-1.328,-0.6219,0.0,-0.0,-1.086,-17.93,-0.2103,1.307,0.0,-17.43,-18.14,4.893
CC(C)(c1ccc(OC[C@@H]2CO2)cc1)c1ccc(OC[C@H]2CO2)cc1,BPA_CID2286__prepared_state_001,2,Done,,3.871,-1.479,grid,-1.479,-0.5823,0.0,-0.0,-1.056,-19.47,-1.159,1.307,0.0,-11.37,-20.63,22.4
CC(C)(c1ccc(OC[C@@H]2CO2)cc1)c1ccc(OC[C@H]2CO2)cc1,BPA_CID2286__prepared_state_001,2,Done,,3.871,0.09921,grid,0.09921,-0.1254,0.0,-0.0,-0.7082,-8.784,0.4321,1.307,0.0,-3.882,-8.352,8.68
CC(C)(c1ccc(OC[C@@H]2CO2)cc1)c1ccc(OC[C@@H]2CO2)cc1,BPA_CID2286__prepared_state_002,3,Done,,3.66,-2.711,grid,-2.711,-1.45,0.0,-0.0,-1.076,-27.23,-0.8703,1.307,0.0,-28.91,-28.1,6.974
CC(C)(c1ccc(OC[C@@H]2CO2)cc1)c1ccc(OC[C@@H]2CO2)cc1,BPA_CID2286__prepared_state_002,3,Done,,3.66,-2.818,grid,-2.818,-1.182,-0.09179,-0.0,-1.088,-24.3,-3.654,1.307,0.0,-26.91,-27.95,10.99
CC(C)(c1ccc(OC[C@@H]2CO2)cc1)c1ccc(OC[C@@H]2CO2)cc1,BPA_CID2286__prepared_state_002,3,Done,,3.66,-2.139,grid,-2.139,-0.8394,-0.0725,-0.0,-1.088,-22.15,-2.26,1.307,0.0,-25.19,-24.41,5.217
CC(C)(c1ccc(OC[C@@H]2CO2)cc1)c1ccc(OC[C@@H]2CO2)cc1,BPA_CID2286__prepared_state_002,3,Done,,3.66,-1.677,grid,-1.677,-0.743,0.0,-0.0,-1.088,-21.44,-0.5429,1.307,0.0,-23.71,-21.98,1.854
CC(C)(c1ccc(OC[C@@H]2CO2)cc1)c1ccc(OC[C@@H]2CO2)cc1,BPA_CID2286__prepared_state_002,3,Done,,3.66,-2.046,grid,-2.046,-0.8012,-0.1034,-0.0,-1.083,-21.64,-1.886,1.307,0.0,-22.78,-23.53,7.967
CC(C)(c1ccc(OC[C@@H]2CO2)cc1)c1ccc(OC[C@@H]2CO2)cc1,BPA_CID2286__prepared_state_002,3,Done,,3.66,-1.71,grid,-1.71,-0.7331,0.0,-0.0,-1.075,-19.28,-1.633,1.307,0.0,-20.37,-20.92,6.494
CC(C)(c1ccc(OC[C@@H]2CO2)cc1)c1ccc(OC[C@@H]2CO2)cc1,BPA_CID2286__prepared_state_002,3,Done,,3.66,-1.1,grid,-1.1,-0.455,0.0,-0.0,-0.9209,-18.19,-0.8107,1.307,0.0,-16.92,-19.0,7.643
CC(C)(c1ccc(OC[C@@H]2CO2)cc1)c1ccc(OC[C@@H]2CO2)cc1,BPA_CID2286__prepared_state_002,3,Done,,3.66,-0.6402,grid,-0.6402,-0.004151,0.0,-0.0,-1.053,-14.66,-1.051,1.307,0.0,-16.1,-15.71,1.248
CC(C)(c1ccc(OC[C@@H]2CO2)cc1)c1ccc(OC[C@@H]2CO2)cc1,BPA_CID2286__prepared_state_002,3,Done,,3.66,-1.524,grid,-1.524,-0.3754,-0.315,-0.0,-1.085,-14.91,-2.073,1.307,0.0,-14.79,-16.98,9.202
CC(C)(c1cc(Br)c([O-])c(Br)c1)c1cc(Br)c([O-])c(Br)c1,BPA_CID6618__prepared_state_003,4,Done,,0.4678,-1.143,grid,-1.391,-0.2977,-0.16,-0.0,0.0,-14.89,-2.197,0.1409,0.0,-19.01,-17.08,0.4964
CC(C)(c1cc(Br)c([O-])c(Br)c1)c1cc(Br)c([O-])c(Br)c1,BPA_CID6618__prepared_state_003,4,Done,,0.4678,-1.169,grid,-1.417,-0.3591,-0.16,-0.0,0.0,-13.6,-2.39,0.1409,0.0,-18.09,-15.99,0.2223
CC(C)(c1cc(Br)c([O-])c(Br)c1)c1cc(Br)c([O-])c(Br)c1,BPA_CID6618__prepared_state_003,4,Done,,0.4678,-1.171,grid,-1.418,-0.3622,-0.1135,-0.0,0.0,-12.41,-3.088,0.1409,0.0,-16.76,-15.5,1.899
CC(C)(c1cc(Br)c([O-])c(Br)c1)c1cc(Br)c([O-])c(Br)c1,BPA_CID6618__prepared_state_003,4,Done,,0.4678,-0.764,grid,-1.012,-0.1498,-0.135,-0.0,0.0,-13.95,-1.135,0.1409,0.0,-15.91,-15.09,1.519
CC(C)(c1cc(Br)c([O-])c(Br)c1)c1cc(Br)c([O-])c(Br)c1,BPA_CID6618__prepared_state_003,4,Done,,0.4678,-0.3013,grid,-0.5492,-0.1381,0.0,-0.0,0.0,-18.43,2.465,0.1409,0.0,-14.93,-15.97,3.798
CC(C)(c1cc(Br)c([O-])c(Br)c1)c1cc(Br)c([O-])c(Br)c1,BPA_CID6618__prepared_state_003,4,Done,,0.4678,-0.4039,grid,-0.6518,-0.2951,0.0,-0.0,0.0,-14.51,1.518,0.1409,0.0,-12.98,-12.99,2.052
CC(C)(c1cc(Br)c([O-])c(Br)c1)c1cc(Br)c([O-])c(Br)c1,BPA_CID6618__prepared_state_003,4,Done,,0.4678,-0.5005,grid,-0.7484,-0.4521,0.0,-0.0,0.0,-13.23,1.494,0.1409,0.0,-12.52,-11.73,0.7707
CC(C)(c1cc(Br)c([O-])c(Br)c1)c1cc(Br)c([O-])c(Br)c1,BPA_CID6618__prepared_state_003,4,Done,,0.4678,-0.4349,grid,-0.6827,-0.4013,0.0,-0.0,0.0,-14.36,1.972,0.1409,0.0,-12.04,-12.39,2.84
CC(C)(c1cc(Br)c([O-])c(Br)c1)c1cc(Br)c([O-])c(Br)c1,BPA_CID6618__prepared_state_003,4,Done,,0.4678,-0.5679,grid,-0.8158,-0.3993,0.0,-0.0,0.0,-15.95,1.601,0.1409,0.0,-11.72,-14.35,7.798
CC(C)(c1cc(Br)c([O-])c(Br)c1)c1cc(Br)c(O)c(Br)c1,BPA_CID6618__prepared_state_004,5,Done,,0.8975,-0.8517,grid,-1.677,-0.8678,0.0,-0.0,0.0,-23.54,1.516,0.1404,0.0,-23.3,-22.03,1.668
CC(C)(c1cc(Br)c([O-])c(Br)c1)c1cc(Br)c(O)c(Br)c1,BPA_CID6618__prepared_state_004,5,Done,,0.8975,-0.6683,grid,-1.494,-0.6423,0.0,-0.0,0.0,-22.58,0.9159,0.1404,0.0,-22.77,-21.67,1.542
CC(C)(c1cc(Br)c([O-])c(Br)c1)c1cc(Br)c(O)c(Br)c1,BPA_CID6618__prepared_state_004,5,Done,,0.8975,-0.6789,grid,-1.504,-0.6562,0.0,-0.0,0.0,-22.6,0.9448,0.1404,0.0,-22.54,-21.66,2.017
CC(C)(c1cc(Br)c([O-])c(Br)c1)c1cc(Br)c(O)c(Br)c1,BPA_CID6618__prepared_state_004,5,Done,,0.8975,-0.386,grid,-1.211,-0.307,0.0,-0.0,0.0,-18.0,-0.9642,0.1404,0.0,-19.47,-18.97,2.04
CC(C)(c1cc(Br)c([O-])c(Br)c1)c1cc(Br)c(O)c(Br)c1,BPA_CID6618__prepared_state_004,5,Done,,0.8975,-0.9235,grid,-1.749,-0.5386,-0.1581,-0.0,0.0,-14.14,-3.236,0.1404,0.0,-18.62,-17.38,1.905
CC(C)(c1cc(Br)c([O-])c(Br)c1)c1cc(Br)c(O)c(Br)c1,BPA_CID6618__prepared_state_004,5,Done,,0.8975,-0.219,grid,-1.044,-0.2962,0.0,-0.0,0.0,-17.25,-0.175,0.1404,0.0,-17.17,-17.42,3.134
CC(C)(c1cc(Br)c([O-])c(Br)c1)c1cc(Br)c(O)c(Br)c1,BPA_CID6618__prepared_state_004,5,Done,,0.8975,-0.09896,grid,-0.9244,-0.2152,0.0,-0.0,0.0,-15.56,-0.4773,0.1404,0.0,-16.81,-16.04,0.7784
CC(C)(c1cc(Br)c([O-])c(Br)c1)c1cc(Br)c(O)c(Br)c1,BPA_CID6618__prepared_state_004,5,Done,,0.8975,-0.2642,grid,-1.09,-0.2106,-0.03748,-0.0,0.0,-13.18,-2.153,0.1404,0.0,-16.56,-15.33,0.2863
CC(C)(c1cc(Br)c([O-])c(Br)c1)c1cc(Br)c(O)c(Br)c1,BPA_CID6618__prepared_state_004,5,Done,,0.8975,-0.06296,grid,-0.8884,-0.2239,0.0,-0.0,0.0,-14.3,-0.5994,0.1404,0.0,-15.54,-14.9,0.9533
CC(C)(c1cc(Br)c([O-])c(Br)c1)c1cc(Br)c(O)c(Br)c1,BPA_CID6618__prepared_state_004,5,Done,,0.8975,-0.05423,grid,-0.8796,-0.324,0.0,-0.0,0.0,-12.56,-0.4544,0.1404,0.0,-13.28,-13.01,1.674
CC(C)(c1cc(Br)c([O-])c(Br)c1)c1cc(Br)c(O)c(Br)c1,BPA_CID6618__prepared_state_004,5,Done,,0.8975,0.03555,grid,-0.7899,-0.4099,0.0,-0.0,0.0,-12.57,0.722,0.1404,0.0,-11.79,-11.85,2.104
CC(C)(c1cc(Br)c([O-])c(Br)c1)c1cc(Br)c(O)c(Br)c1,BPA_CID6618__prepared_state_004,5,Done,,0.8975,0.307,grid,-0.5184,-0.2552,0.0,-0.0,0.0,-13.34,1.757,0.1404,0.0,-11.48,-11.59,1.515
CC(C)(c1cc(Br)c([O-])c(Br)c1)c1cc(Br)c(O)c(Br)c1,BPA_CID6618__prepared_state_004,5,Done,,0.8975,0.09117,grid,-0.7342,-0.4006,0.0,-0.0,0.0,-11.75,0.755,0.1404,0.0,-10.78,-10.99,2.272
CC(C)(c1cc(Cl)c([O-])c(Cl)c1)c1cc(Cl)c([O-])c(Cl)c1,BPA_CID6619__prepared_state_005,6,Done,,0.7385,-2.612,grid,-2.786,-0.6052,-0.04523,-0.0,-0.9269,-15.85,-4.707,0.29,0.0,-24.5,-20.56,1.376
CC(C)(c1cc(Cl)c([O-])c(Cl)c1)c1cc(Cl)c([O-])c(Cl)c1,BPA_CID6619__prepared_state_005,6,Done,,0.7385,-2.012,grid,-2.186,-0.5483,0.0,-0.0,-0.9269,-18.24,-0.5911,0.29,0.0,-22.07,-18.83,0.781
CC(C)(c1cc(Cl)c([O-])c(Cl)c1)c1cc(Cl)c([O-])c(Cl)c1,BPA_CID6619__prepared_state_005,6,Done,,0.7385,-2.21,grid,-2.384,-0.2278,-0.2,-0.0,-0.9269,-13.64,-4.246,0.29,0.0,-21.76,-17.89,0.1737
CC(C)(c1cc(Cl)c([O-])c(Cl)c1)c1cc(Cl)c([O-])c(Cl)c1,BPA_CID6619__prepared_state_005,6,Done,,0.7385,-2.343,grid,-2.516,-0.5719,-0.06911,-0.0,-0.9269,-13.41,-3.786,0.29,0.0,-21.3,-17.19,0.1421
CC(C)(c1cc(Cl)c([O-])c(Cl)c1)c1cc(Cl)c([O-])c(Cl)c1,BPA_CID6619__prepared_state_005,6,Done,,0.7385,-1.951,grid,-2.125,-0.8632,0.0,-0.0,-0.9269,-21.65,3.054,0.29,0.0,-21.17,-18.6,1.913
CC(C)(c1cc(Cl)c([O-])c(Cl)c1)c1cc(Cl)c([O-])c(Cl)c1,BPA_CID6619__prepared_state_005,6,Done,,0.7385,-1.795,grid,-1.968,-0.7082,0.0,-0.0,-0.9269,-16.06,1.198,0.29,0.0,-17.67,-14.86,0.926
CC(C)(c1cc(Cl)c([O-])c(Cl)c1)c1cc(Cl)c([O-])c(Cl)c1,BPA_CID6619__prepared_state_005,6,Done,,0.7385,-2.138,grid,-2.312,-0.2959,-0.36,-0.0,-0.9269,-10.25,-3.375,0.29,0.0,-17.44,-13.63,0.05011
CC(C)(c1cc(Cl)c([O-])c(Cl)c1)c1cc(Cl)c([O-])c(Cl)c1,BPA_CID6619__prepared_state_005,6,Done,,0.7385,-1.625,grid,-1.799,-0.368,0.0,-0.0,-0.9269,-13.07,-0.9366,0.29,0.0,-16.08,-14.01,1.826
CC(C)(c1cc(Cl)c([O-])c(Cl)c1)c1cc(Cl)c([O-])c(Cl)c1,BPA_CID6619__prepared_state_005,6,Done,,0.7385,-1.565,grid,-1.739,-0.3223,-0.0826,-0.0,-0.9269,-14.93,0.3284,0.29,0.0,-15.89,-14.6,3.183
CC(C)(c1cc(Cl)c([O-])c(Cl)c1)c1cc(Cl)c([O-])c(Cl)c1,BPA_CID6619__prepared_state_005,6,Done,,0.7385,-1.996,grid,-2.17,-0.3337,-0.16,-0.0,-0.9269,-11.5,-3.097,0.29,0.0,-15.55,-14.6,5.299
CC(C)(c1cc(Cl)c([O-])c(Cl)c1)c1cc(Cl)c([O-])c(Cl)c1,BPA_CID6619__prepared_state_005,6,Done,,0.7385,-1.58,grid,-1.754,-0.4227,0.0,-0.0,-0.9269,-11.89,-0.6623,0.29,0.0,-14.83,-12.56,1.268
CC(C)(c1cc(Cl)c([O-])c(Cl)c1)c1cc(Cl)c([O-])c(Cl)c1,BPA_CID6619__prepared_state_005,6,Done,,0.7385,-1.431,grid,-1.604,-0.4077,0.0,-0.0,-0.9269,-13.33,0.7118,0.29,0.0,-14.55,-12.62,1.472
CC(C)(c1cc(Cl)c([O-])c(Cl)c1)c1cc(Cl)c([O-])c(Cl)c1,BPA_CID6619__prepared_state_005,6,Done,,0.7385,-1.684,grid,-1.858,-0.555,0.0,-0.0,-0.9269,-11.11,-0.7393,0.29,0.0,-14.43,-11.84,0.9946
CC(C)(c1cc(Cl)c([O-])c(Cl)c1)c1cc(Cl)c([O-])c(Cl)c1,BPA_CID6619__prepared_state_005,6,Done,,0.7385,-1.254,grid,-1.428,-0.2439,0.0,-0.0,-0.9269,-13.52,0.8611,0.29,0.0,-13.92,-12.66,2.223
CC(C)(c1cc(Cl)c([O-])c(Cl)c1)c1cc(Cl)c([O-])c(Cl)c1,BPA_CID6619__prepared_state_005,6,Done,,0.7385,-1.172,grid,-1.346,-0.3463,0.0,-0.0,-0.9269,-12.47,1.739,0.29,0.0,-11.78,-10.73,2.373
CC(C)(c1cc(Cl)c([O-])c(Cl)c1)c1cc(Cl)c([O-])c(Cl)c1,BPA_CID6619__prepared_state_005,6,Done,,0.7385,-1.453,grid,-1.627,-0.00539,-0.1537,-0.0,-0.9269,-6.611,-3.337,0.29,0.0,-11.3,-9.948,2.707
CC(C)(c1cc(Cl)c([O-])c(Cl)c1)c1cc(Cl)c([O-])c(Cl)c1,BPA_CID6619__prepared_state_005,6,Done,,0.7385,-0.659,grid,-0.8326,-0.1363,0.0,-0.0,-0.9269,-5.614,1.475,0.29,0.0,-5.483,-4.139,0.07644
CC(C)(c1cc(Cl)c([O-])c(Cl)c1)c1cc(Cl)c(O)c(Cl)c1,BPA_CID6619__prepared_state_006,7,Done,,0.8268,-2.348,grid,-3.301,-0.6733,-0.3375,-0.0,-0.92,-16.57,-5.533,0.2886,0.0,-25.58,-22.11,1.172
CC(C)(c1cc(Cl)c([O-])c(Cl)c1)c1cc(Cl)c(O)c(Cl)c1,BPA_CID6619__prepared_state_006,7,Done,,0.8268,-1.831,grid,-2.784,-1.111,0.0,-0.0,-0.92,-15.86,-1.657,0.2886,0.0,-19.8,-17.52,2.288
CC(C)(c1cc(Cl)c([O-])c(Cl)c1)c1cc(Cl)c(O)c(Cl)c1,BPA_CID6619__prepared_state_006,7,Done,,0.8268,-1.895,grid,-2.847,-1.216,0.0,-0.0,-0.92,-16.06,-1.314,0.2886,0.0,-19.72,-17.37,2.307
CC(C)(c1cc(Cl)c([O-])c(Cl)c1)c1cc(Cl)c(O)c(Cl)c1,BPA_CID6619__prepared_state_006,7,Done,,0.8268,-1.523,grid,-2.475,-1.037,0.0,-0.0,-0.92,-18.0,0.6238,0.2886,0.0,-19.66,-17.38,1.524
CC(C)(c1cc(Cl)c([O-])c(Cl)c1)c1cc(Cl)c(O)c(Cl)c1,BPA_CID6619__prepared_state_006,7,Done,,0.8268,-0.8782,grid,-1.831,-0.1511,0.0,-0.0,-0.92,-10.58,-3.462,0.2886,0.0,-16.26,-14.04,0.07188
CC(C)(c1cc(Cl)c([O-])c(Cl)c1)c1cc(Cl)c(O)c(Cl)c1,BPA_CID6619__prepared_state_006,7,Done,,0.8268,-1.083,grid,-2.035,-0.1931,-0.16,-0.0,-0.92,-10.02,-3.664,0.2886,0.0,-16.05,-13.69,0.2808
CC(C)(c1cc(Cl)c([O-])c(Cl)c1)c1cc(Cl)c(O)c(Cl)c1,BPA_CID6619__prepared_state_006,7,Done,,0.8268,-0.92,grid,-1.873,-0.3126,-0.1661,-0.0,-0.92,-13.38,-0.6237,0.2886,0.0,-15.95,-14.0,0.708
CC(C)(c1cc(Cl)c([O-])c(Cl)c1)c1cc(Cl)c(O)c(Cl)c1,BPA_CID6619__prepared_state_006,7,Done,,0.8268,-0.5658,grid,-1.518,-0.221,0.0,-0.0,-0.92,-13.7,0.1262,0.2886,0.0,-15.04,-13.57,0.792
CC(C)(c1cc(Cl)c([O-])c(Cl)c1)c1cc(Cl)c(O)c(Cl)c1,BPA_CID6619__prepared_state_006,7,Done,,0.8268,-0.4718,grid,-1.424,-0.2663,0.0,-0.0,-0.92,-7.881,-0.8846,0.2886,0.0,-10.15,-8.766,0.7447
Cc1cc(C(C)(C)c2ccc(O)c(C)c2)ccc1O,BPA_CID6620__prepared_state_007,8,Done,,3.074,-10.26,grid,-10.26,-4.755,-0.6347,-0.0,-2.561,-36.31,-6.839,0.5364,0.0,-49.14,-43.15,9.53
Cc1cc(C(C)(C)c2ccc(O)c(C)c2)ccc1O,BPA_CID6620__prepared_state_007,8,Done,,3.074,-10.61,grid,-10.61,-4.639,-0.543,-0.0,-2.561,-33.09,-10.58,0.3755,0.0,-49.11,-43.66,11.36
Cc1cc(C(C)(C)c2ccc(O)c(C)c2)ccc1O,BPA_CID6620__prepared_state_007,8,Done,,3.074,-10.63,grid,-10.63,-4.629,-0.5807,-0.0,-2.561,-29.74,-11.67,0.3755,0.0,-45.83,-41.41,13.46
Cc1cc(C(C)(C)c2ccc(O)c(C)c2)ccc1O,BPA_CID6620__prepared_state_007,8,Done,,3.074,-9.8,grid,-9.801,-4.679,-0.1832,-0.0,-2.561,-24.36,-10.23,0.3755,0.0,-42.08,-34.59,5.582
Cc1cc(C(C)(C)c2ccc(O)c(C)c2)ccc1O,BPA_CID6620__prepared_state_007,8,Done,,3.074,-9.009,grid,-9.01,-4.766,-0.3239,-0.0,-2.561,-36.34,-0.5224,0.5364,0.0,-41.93,-36.87,8.768
Cc1cc(C(C)(C)c2ccc(O)c(C)c2)ccc1O,BPA_CID6620__prepared_state_007,8,Done,,3.074,-9.357,grid,-9.358,-4.657,-0.2264,-0.0,-2.561,-33.37,-4.134,0.3755,0.0,-41.67,-37.51,11.3
Cc1cc(C(C)(C)c2ccc(O)c(C)c2)ccc1O,BPA_CID6620__prepared_state_007,8,Done,,3.074,-9.472,grid,-9.473,-4.864,-0.1614,-0.0,-2.561,-32.37,-4.285,0.3755,0.0,-40.99,-36.65,11.19
Cc1cc(C(C)(C)c2ccc(O)c(C)c2)ccc1O,BPA_CID6620__prepared_state_007,8,Done,,3.074,-10.17,grid,-10.17,-4.757,-0.6382,-0.0,-2.561,-32.63,-7.438,0.5364,0.0,-40.55,-40.06,20.34
Cc1cc(C(C)(C)c2ccc(O)c(C)c2)ccc1O,BPA_CID6620__prepared_state_007,8,Done,,3.074,-9.103,grid,-9.104,-4.426,-0.2956,-0.0,-2.561,-26.1,-5.946,0.3755,0.0,-40.1,-32.04,2.965
Cc1cc(C(C)(C)c2ccc(O)c(C)c2)ccc1O,BPA_CID6620__prepared_state_007,8,Done,,3.074,-9.051,grid,-9.052,-4.423,-0.2961,-0.0,-2.561,-26.01,-5.644,0.3755,0.0,-39.65,-31.65,2.985
Cc1cc(C(C)(C)c2ccc(O)c(C)c2)ccc1O,BPA_CID6620__prepared_state_007,8,Done,,3.074,-9.1,grid,-9.1,-4.421,-0.2958,-0.0,-2.561,-26.07,-5.96,0.3755,0.0,-39.32,-32.03,4.509
Cc1cc(C(C)(C)c2ccc(O)c(C)c2)ccc1O,BPA_CID6620__prepared_state_007,8,Done,,3.074,-8.963,grid,-8.963,-4.656,-0.16,-0.0,-2.561,-29.02,-4.475,0.5364,0.0,-39.05,-33.5,7.681
Cc1cc(C(C)(C)c2ccc(O)c(C)c2)ccc1O,BPA_CID6620__prepared_state_007,8,Done,,3.074,-9.395,grid,-9.396,-4.649,-0.29,-0.0,-2.561,-30.59,-4.938,0.3755,0.0,-38.89,-35.53,12.98
Cc1cc(C(C)(C)c2ccc(O)c(C)c2)ccc1O,BPA_CID6620__prepared_state_007,8,Done,,3.074,-8.806,grid,-8.806,-4.635,-0.1896,-0.0,-2.561,-21.55,-4.792,0.3755,0.0,-32.58,-26.34,5.982
Cc1cc(C(C)(C)c2ccc(O)c(C)c2)ccc1O,BPA_CID6620__prepared_state_007,8,Done,,3.074,-8.757,grid,-8.758,-4.571,-0.1792,-0.0,-2.561,-18.13,-6.1,0.3755,0.0,-30.77,-24.23,5.27
Cc1cc(C(C)(C)c2ccc(O)c(C)c2)ccc1O,BPA_CID6620__prepared_state_007,8,Done,,3.074,-9.143,grid,-9.144,-4.183,-0.4558,-0.0,-2.561,-13.55,-12.02,0.5364,0.0,-30.18,-25.57,9.959
Cc1cc(C(C)(C)c2ccc(O)c(C)c2)ccc1O,BPA_CID6620__prepared_state_007,8,Done,,3.074,-8.701,grid,-8.702,-4.567,-0.1771,-0.0,-2.561,-18.24,-5.733,0.3755,0.0,-29.58,-23.97,7.017
Cc1cc(C(C)(C)c2ccc(O)c(C)c2)ccc1O,BPA_CID6620__prepared_state_007,8,Done,,3.074,-7.671,grid,-7.671,-4.556,-0.006291,-0.0,-2.561,-18.37,-1.107,0.5364,0.0,-26.08,-19.47,2.877
Cc1cc(C(C)(C)c2ccc(O)c(C)c2)ccc1O,BPA_CID6620__prepared_state_007,8,Done,,3.074,-8.428,grid,-8.429,-4.503,-0.1463,-0.0,-2.561,-10.8,-7.02,0.3755,0.0,-25.12,-17.82,3.066
Cc1cc(C(C)(C)c2ccc(O)c(C)c2)ccc1O,BPA_CID6620__prepared_state_007,8,Done,,3.074,-8.369,grid,-8.37,-4.505,-0.1509,-0.0,-2.561,-9.677,-6.96,0.3755,0.0,-23.91,-16.64,3.001
CC(C)(c1ccc(O)cc1)c1ccc(O)cc1,BPA_CID6623__prepared_state_008,9,Done,,2.687,-10.74,grid,-10.74,-4.524,-0.583,-0.0,-2.753,-33.37,-11.13,0.4577,0.0,-72.81,-44.5,1.719
CC(C)(c1ccc(O)cc1)c1ccc(O)cc1,BPA_CID6623__prepared_state_008,9,Done,,2.687,-10.73,grid,-10.73,-4.528,-0.5829,-0.0,-2.753,-33.31,-11.04,0.4577,0.0,-72.64,-44.35,1.705
CC(C)(c1ccc(O)cc1)c1ccc(O)cc1,BPA_CID6623__prepared_state_008,9,Done,,2.687,-10.73,grid,-10.73,-4.521,-0.5832,-0.0,-2.753,-33.35,-11.13,0.4577,0.0,-72.49,-44.47,2.275
CC(C)(c1ccc(O)cc1)c1ccc(O)cc1,BPA_CID6623__prepared_state_008,9,Done,,2.687,-10.73,grid,-10.73,-4.52,-0.5832,-0.0,-2.753,-33.33,-11.11,0.4577,0.0,-72.33,-44.45,2.526
CC(C)(c1ccc(O)cc1)c1ccc(O)cc1,BPA_CID6623__prepared_state_008,9,Done,,2.687,-10.36,grid,-10.36,-4.498,-0.6904,-0.0,-2.753,-34.87,-8.876,0.6538,0.0,-71.26,-43.75,1.257
CC(C)(c1ccc(O)cc1)c1ccc(O)cc1,BPA_CID6623__prepared_state_008,9,Done,,2.687,-10.36,grid,-10.36,-4.498,-0.6905,-0.0,-2.753,-34.89,-8.877,0.6538,0.0,-70.78,-43.76,2.265
CC(C)(c1ccc(O)cc1)c1ccc(O)cc1,BPA_CID6623__prepared_state_008,9,Done,,2.687,-10.36,grid,-10.36,-4.496,-0.6905,-0.0,-2.753,-34.87,-8.88,0.6538,0.0,-70.75,-43.75,2.286
CC(C)(c1ccc(O)cc1)c1ccc(O)cc1,BPA_CID6623__prepared_state_008,9,Done,,2.687,-10.31,grid,-10.31,-4.501,-0.456,-0.0,-2.753,-32.89,-9.443,0.4577,0.0,-68.53,-42.34,3.64
CC(C)(c1ccc(O)cc1)c1ccc(O)cc1,BPA_CID6623__prepared_state_008,9,Done,,2.687,-10.3,grid,-10.31,-4.495,-0.4588,-0.0,-2.753,-32.49,-9.544,0.4577,0.0,-68.21,-42.04,3.636
CC(C)(c1ccc(O)cc1)c1ccc(O)cc1,BPA_CID6623__prepared_state_008,9,Done,,2.687,-10.31,grid,-10.31,-4.478,-0.4608,-0.0,-2.753,-32.84,-9.583,0.4577,0.0,-68.2,-42.42,4.467
CC(C)(c1ccc(O)cc1)c1ccc(O)cc1,BPA_CID6623__prepared_state_008,9,Done,,2.687,-10.26,grid,-10.26,-4.526,-0.456,-0.0,-2.753,-32.98,-8.92,0.4577,0.0,-68.08,-41.9,3.4
CC(C)(c1ccc(O)cc1)c1ccc(O)cc1,BPA_CID6623__prepared_state_008,9,Done,,2.687,-9.565,grid,-9.567,-4.547,-0.2932,-0.0,-2.753,-33.83,-4.935,0.4577,0.0,-63.97,-38.76,1.547
CC(C)(c1ccc(O)cc1)c1ccc(O)cc1,BPA_CID6623__prepared_state_008,9,Done,,2.687,-9.562,grid,-9.564,-4.602,-0.2286,-0.0,-2.753,-32.92,-5.282,0.4577,0.0,-63.29,-38.2,1.781
CC(C)(c1ccc(O)cc1)c1ccc(O)cc1,BPA_CID6623__prepared_state_008,9,Done,,2.687,-9.925,grid,-9.927,-4.45,-0.456,-0.0,-2.753,-27.77,-10.23,0.6538,0.0,-62.69,-37.99,4.535
CC(C)(c1ccc(O)cc1)c1ccc(O)cc1,BPA_CID6623__prepared_state_008,9,Done,,2.687,-9.722,grid,-9.724,-4.303,-0.7283,-0.0,-2.753,-29.79,-7.36,0.6538,0.0,-62.52,-37.15,2.084
CC(C)(c1ccc(O)cc1)c1ccc(O)cc1,BPA_CID6623__prepared_state_008,9,Done,,2.687,-9.088,grid,-9.09,-4.426,-0.421,-0.0,-2.753,-35.16,-2.575,0.6538,0.0,-61.01,-37.73,2.827
CC(C)(c1ccc(O)cc1)c1ccc(O)cc1,BPA_CID6623__prepared_state_008,9,Done,,2.687,-9.487,grid,-9.489,-4.043,-0.481,-0.0,-2.753,-24.74,-9.556,0.4577,0.0,-59.06,-34.3,2.023
CC(C)(c1ccc(O)cc1)c1ccc(O)cc1,BPA_CID6623__prepared_state_008,9,Done,,2.687,-9.445,grid,-9.447,-4.017,-0.4819,-0.0,-2.753,-23.64,-9.805,0.4577,0.0,-57.61,-33.44,2.974
CC(C)(c1ccc(O)cc1)c1ccc(O)cc1,BPA_CID6623__prepared_state_008,9,Done,,2.687,-9.421,grid,-9.423,-4.006,-0.4835,-0.0,-2.753,-23.39,-9.793,0.4577,0.0,-57.08,-33.19,3.404
CC(C)(c1ccc(O)cc1)c1ccc(O)cc1,BPA_CID6623__prepared_state_008,9,Done,,2.687,-9.183,grid,-9.185,-4.216,-0.456,-0.0,-2.753,-18.36,-9.971,0.6538,0.0,-51.06,-28.33,4.433
O=S(=O)(c1ccc(O)cc1)c1ccc(O)cc1,BPA_CID6626__prepared_state_009,10,Done,,2.563,-9.914,grid,-10.14,-3.593,-0.5136,-0.0,-3.025,-32.12,-11.97,0.3913,0.0,-70.71,-44.09,1.906
O=S(=O)(c1ccc(O)cc1)c1ccc(O)cc1,BPA_CID6626__prepared_state_009,10,Done,,2.563,-9.874,grid,-10.1,-3.597,-0.5146,-0.0,-3.026,-32.3,-11.61,0.3913,0.0,-70.53,-43.91,1.702
O=S(=O)(c1ccc(O)cc1)c1ccc(O)cc1,BPA_CID6626__prepared_state_009,10,Done,,2.563,-9.756,grid,-9.985,-3.454,-0.5912,-0.0,-3.031,-33.79,-10.74,0.3913,0.0,-70.13,-44.53,3.099
O=S(=O)(c1ccc(O)cc1)c1ccc(O)cc1,BPA_CID6626__prepared_state_009,10,Done,,2.563,-9.756,grid,-9.984,-3.454,-0.5912,-0.0,-3.031,-33.8,-10.73,0.3913,0.0,-70.08,-44.53,3.198
O=S(=O)(c1ccc(O)cc1)c1ccc(O)cc1,BPA_CID6626__prepared_state_009,10,Done,,2.563,-9.526,grid,-9.755,-3.488,-0.6662,-0.0,-3.042,-35.66,-8.896,0.5589,0.0,-69.7,-44.55,2.744
O=S(=O)(c1ccc(O)cc1)c1ccc(O)cc1,BPA_CID6626__prepared_state_009,10,Done,,2.563,-9.524,grid,-9.753,-3.479,-0.6584,-0.0,-3.044,-35.57,-9.013,0.5589,0.0,-69.63,-44.58,2.935
O=S(=O)(c1ccc(O)cc1)c1ccc(O)cc1,BPA_CID6626__prepared_state_009,10,Done,,2.563,-9.519,grid,-9.748,-3.475,-0.6776,-0.0,-3.036,-35.45,-8.973,0.5589,0.0,-69.55,-44.42,2.741
O=S(=O)(c1ccc(O)cc1)c1ccc(O)cc1,BPA_CID6626__prepared_state_009,10,Done,,2.563,-9.517,grid,-9.746,-3.472,-0.6795,-0.0,-3.035,-35.41,-8.986,0.5589,0.0,-69.39,-44.4,3.001
O=S(=O)(c1ccc(O)cc1)c1ccc(O)cc1,BPA_CID6626__prepared_state_009,10,Done,,2.563,-9.929,grid,-10.16,-3.59,-0.5157,-0.0,-3.035,-32.09,-12.03,0.3913,0.0,-69.27,-44.11,4.927
O=S(=O)(c1ccc(O)cc1)c1ccc(O)cc1,BPA_CID6626__prepared_state_009,10,Done,,2.563,-9.734,grid,-9.962,-3.56,-0.5145,-0.0,-3.042,-32.74,-10.67,0.3913,0.0,-68.62,-43.41,3.75
O=S(=O)(c1ccc(O)cc1)c1ccc(O)cc1,BPA_CID6626__prepared_state_009,10,Done,,2.563,-9.775,grid,-10.0,-3.605,-0.4945,-0.0,-3.023,-32.31,-11.05,0.3913,0.0,-68.35,-43.35,4.413
O=S(=O)(c1ccc(O)cc1)c1ccc(O)cc1,BPA_CID6626__prepared_state_009,10,Done,,2.563,-9.64,grid,-9.869,-3.572,-0.4893,-0.0,-3.022,-33.27,-10.09,0.3913,0.0,-67.99,-43.35,4.386
O=S(=O)(c1ccc(O)cc1)c1ccc(O)cc1,BPA_CID6626__prepared_state_009,10,Done,,2.563,-9.074,grid,-9.302,-3.351,-0.4797,-0.0,-2.997,-28.98,-9.444,0.3913,0.0,-62.98,-38.42,1.467
O=S(=O)(c1ccc(O)cc1)c1ccc(O)cc1,BPA_CID6626__prepared_state_009,10,Done,,2.563,-9.107,grid,-9.336,-3.436,-0.4797,-0.0,-2.986,-29.17,-9.107,0.3913,0.0,-62.68,-38.28,1.973
O=S(=O)(c1ccc(O)cc1)c1ccc(O)cc1,BPA_CID6626__prepared_state_009,10,Done,,2.563,-9.071,grid,-9.3,-3.348,-0.4797,-0.0,-2.997,-28.99,-9.444,0.3913,0.0,-62.24,-38.43,2.941
O=S(=O)(c1ccc(O)cc1)c1ccc(O)cc1,BPA_CID6626__prepared_state_009,10,Done,,2.563,-9.07,grid,-9.299,-3.349,-0.4797,-0.0,-2.997,-28.96,-9.439,0.3913,0.0,-62.18,-38.4,2.995
O=S(=O)(c1ccc(O)cc1)c1ccc(O)cc1,BPA_CID6626__prepared_state_009,10,Done,,2.563,-9.093,grid,-9.321,-3.388,-0.4805,-0.0,-2.996,-28.7,-9.422,0.3913,0.0,-61.85,-38.12,3.232
O=S(=O)(c1ccc(O)cc1)c1ccc(O)cc1,BPA_CID6626__prepared_state_009,10,Done,,2.563,-9.001,grid,-9.229,-3.388,-0.456,-0.0,-3.026,-28.54,-9.941,0.5589,0.0,-61.62,-38.49,3.91
O=S(=O)(c1ccc(O)cc1)c1ccc(O)cc1,BPA_CID6626__prepared_state_009,10,Done,,2.563,-8.863,grid,-9.092,-3.356,-0.456,-0.0,-3.023,-28.98,-9.112,0.5589,0.0,-60.93,-38.09,3.76
O=S(=O)(c1ccc(O)cc1)c1ccc(O)cc1,BPA_CID6626__prepared_state_009,10,Done,,2.563,-8.878,grid,-9.106,-3.383,-0.456,-0.0,-3.053,-29.57,-8.634,0.5589,0.0,-60.9,-38.21,4.123
O=S(=O)(c1ccc([O-])cc1)c1ccc(O)cc1,BPA_CID6626__prepared_state_010,11,Done,,2.427,-7.819,grid,-8.672,-3.468,-0.398,-0.0,-3.012,-34.45,-4.227,0.5628,0.0,-55.69,-38.68,1.522
O=S(=O)(c1ccc([O-])cc1)c1ccc(O)cc1,BPA_CID6626__prepared_state_010,11,Done,,2.427,-7.824,grid,-8.676,-3.446,-0.4446,-0.0,-3.028,-34.04,-4.118,0.5628,0.0,-55.17,-38.16,1.548
O=S(=O)(c1ccc([O-])cc1)c1ccc(O)cc1,BPA_CID6626__prepared_state_010,11,Done,,2.427,-7.854,grid,-8.706,-3.467,-0.3021,-0.0,-3.044,-33.39,-4.119,0.394,0.0,-53.93,-37.51,2.853
O=S(=O)(c1ccc([O-])cc1)c1ccc(O)cc1,BPA_CID6626__prepared_state_010,11,Done,,2.427,-7.755,grid,-8.607,-3.489,-0.2005,-0.0,-3.018,-31.76,-4.702,0.394,0.0,-53.67,-36.46,0.8583
O=S(=O)(c1ccc([O-])cc1)c1ccc(O)cc1,BPA_CID6626__prepared_state_010,11,Done,,2.427,-7.789,grid,-8.641,-3.496,-0.2071,-0.0,-3.014,-31.79,-4.858,0.394,0.0,-53.19,-36.65,2.35
O=S(=O)(c1ccc([O-])cc1)c1ccc(O)cc1,BPA_CID6626__prepared_state_010,11,Done,,2.427,-7.604,grid,-8.457,-3.401,-0.4139,-0.0,-3.056,-33.32,-3.219,0.5628,0.0,-52.46,-36.54,2.827
O=S(=O)(c1ccc([O-])cc1)c1ccc(O)cc1,BPA_CID6626__prepared_state_010,11,Done,,2.427,-7.683,grid,-8.536,-3.265,-0.32,-0.0,-3.015,-31.31,-5.093,0.394,0.0,-52.39,-36.4,3.004
O=S(=O)(c1ccc([O-])cc1)c1ccc(O)cc1,BPA_CID6626__prepared_state_010,11,Done,,2.427,-7.53,grid,-8.382,-3.397,-0.4088,-0.0,-3.054,-32.98,-2.912,0.5628,0.0,-51.69,-35.89,2.769
O=S(=O)(c1ccc([O-])cc1)c1ccc(O)cc1,BPA_CID6626__prepared_state_010,11,Done,,2.427,-7.47,grid,-8.322,-3.534,-0.32,-0.0,-3.033,-32.26,-2.569,0.5628,0.0,-51.18,-34.83,1.429
O=S(=O)(c1ccc([O-])cc1)c1ccc(O)cc1,BPA_CID6626__prepared_state_010,11,Done,,2.427,-7.121,grid,-7.973,-3.426,-0.3511,-0.0,-3.053,-29.51,-1.534,0.5628,0.0,-47.12,-31.05,0.5368
O=S(=O)(c1ccc([O-])cc1)c1ccc(O)cc1,BPA_CID6626__prepared_state_010,11,Done,,2.427,-7.106,grid,-7.958,-3.429,-0.3511,-0.0,-2.994,-29.76,-1.727,0.5628,0.0,-46.68,-31.48,2.226
O=S(=O)(c1ccc([O-])cc1)c1ccc(O)cc1,BPA_CID6626__prepared_state_010,11,Done,,2.427,-7.583,grid,-8.435,-3.416,-0.2995,-0.0,-3.04,-24.82,-5.547,0.394,0.0,-44.71,-30.36,5.886
O=S(=O)(c1ccc([O-])cc1)c1ccc(O)cc1,BPA_CID6626__prepared_state_010,11,Done,,2.427,-6.968,grid,-7.821,-3.246,-0.1853,-0.0,-2.991,-25.08,-3.587,0.394,0.0,-43.74,-28.67,1.927
O=S(=O)(c1ccc([O-])cc1)c1ccc(O)cc1,BPA_CID6626__prepared_state_010,11,Done,,2.427,-6.955,grid,-7.807,-3.285,-0.1849,-0.0,-2.968,-24.36,-3.638,0.394,0.0,-42.69,-28.0,2.614
O=S(=O)(c1ccc([O-])cc1)c1ccc(O)cc1,BPA_CID6626__prepared_state_010,11,Done,,2.427,-6.702,grid,-7.554,-3.061,-0.1742,-0.0,-2.999,-19.04,-5.08,0.394,0.0,-39.19,-24.12,0.8376
O=S(=O)(c1ccc([O-])cc1)c1ccc(O)cc1,BPA_CID6626__prepared_state_010,11,Done,,2.427,-6.602,grid,-7.454,-3.44,-0.32,-0.0,-3.06,-15.81,-2.713,0.5628,0.0,-33.32,-18.53,0.9722
O=S(=O)(c1ccc([O-])cc1)c1ccc(O)cc1,BPA_CID6626__prepared_state_010,11,Done,,2.427,-6.388,grid,-7.24,-3.086,-0.2501,-0.0,-3.014,-14.4,-3.755,0.394,0.0,-32.21,-18.15,1.555
O=S(=O)(c1ccc([O-])cc1)c1ccc(O)cc1,BPA_CID6626__prepared_state_010,11,Done,,2.427,-5.42,grid,-6.272,-3.149,0.0,-0.0,-2.892,-12.93,-0.9836,0.5628,0.0,-25.57,-13.91,2.403
O=S(=O)(c1ccc([O-])cc1)c1ccc(O)cc1,BPA_CID6626__prepared_state_010,11,Done,,2.427,-5.465,grid,-6.317,-3.142,0.0,-0.0,-2.952,-12.93,-0.929,0.5628,0.0,-25.52,-13.86,2.574
O=S(=O)(c1ccc([O-])cc1)c1ccc(O)cc1,BPA_CID6626__prepared_state_010,11,Done,,2.427,-6.305,grid,-7.157,-3.109,-0.3007,-0.0,-2.912,-2.745,-7.275,0.394,0.0,-23.9,-10.02,1.587
O=C(OCc1ccccc1)c1ccc(O)cc1,BPA_CID7180__prepared_state_011,12,Done,,2.579,-7.781,grid,-7.872,-3.384,-0.4378,-0.0,-2.838,-30.39,-4.491,0.981,0.0,-53.03,-34.88,1.148
O=C(OCc1ccccc1)c1ccc(O)cc1,BPA_CID7180__prepared_state_011,12,Done,,2.579,-7.015,grid,-7.106,-3.446,-0.4174,-0.0,-1.971,-30.54,-4.84,0.981,0.0,-51.5,-35.38,1.554
O=C(OCc1ccccc1)c1ccc(O)cc1,BPA_CID7180__prepared_state_011,12,Done,,2.579,-7.82,grid,-7.911,-3.27,-0.32,-0.0,-2.716,-26.14,-6.564,0.6867,0.0,-51.08,-32.7,0.8702
O=C(OCc1ccccc1)c1ccc(O)cc1,BPA_CID7180__prepared_state_011,12,Done,,2.579,-6.988,grid,-7.079,-3.421,-0.4174,-0.0,-1.957,-30.83,-4.823,0.981,0.0,-50.18,-35.65,4.615
O=C(OCc1ccccc1)c1ccc(O)cc1,BPA_CID7180__prepared_state_011,12,Done,,2.579,-7.817,grid,-7.908,-3.3,-0.3578,-0.0,-2.924,-24.92,-7.07,0.981,0.0,-50.16,-31.99,1.286
O=C(OCc1ccccc1)c1ccc(O)cc1,BPA_CID7180__prepared_state_011,12,Done,,2.579,-7.819,grid,-7.91,-3.123,-0.32,-0.0,-2.937,-24.58,-6.579,0.6867,0.0,-47.84,-31.16,4.268
O=C(OCc1ccccc1)c1ccc(O)cc1,BPA_CID7180__prepared_state_011,12,Done,,2.579,-7.709,grid,-7.8,-3.343,-0.1896,-0.0,-2.957,-23.95,-5.328,0.6867,0.0,-47.7,-29.28,0.2631
O=C(OCc1ccccc1)c1ccc(O)cc1,BPA_CID7180__prepared_state_011,12,Done,,2.579,-6.22,grid,-6.311,-3.732,-0.2892,-0.0,-0.3782,-31.25,-6.905,0.6867,0.0,-47.64,-38.15,11.04
O=C(OCc1ccccc1)c1ccc(O)cc1,BPA_CID7180__prepared_state_011,12,Done,,2.579,-7.765,grid,-7.856,-3.29,-0.1849,-0.0,-3.113,-22.93,-5.388,0.6867,0.0,-45.33,-28.32,3.343
O=C(OCc1ccccc1)c1ccc(O)cc1,BPA_CID7180__prepared_state_011,12,Done,,2.579,-7.691,grid,-7.782,-3.41,-0.1755,-0.0,-2.903,-24.19,-5.138,0.6867,0.0,-44.68,-29.32,6.309
O=C(OCc1ccccc1)c1ccc(O)cc1,BPA_CID7180__prepared_state_011,12,Done,,2.579,-7.408,grid,-7.499,-3.114,-0.1849,-0.0,-2.905,-24.58,-5.02,0.6867,0.0,-44.44,-29.6,5.974
O=C(OCc1ccccc1)c1ccc(O)cc1,BPA_CID7180__prepared_state_011,12,Done,,2.579,-7.753,grid,-7.844,-3.285,-0.1849,-0.0,-3.115,-22.78,-5.38,0.6867,0.0,-44.26,-28.16,5.097
O=C(OCc1ccccc1)c1ccc(O)cc1,BPA_CID7180__prepared_state_011,12,Done,,2.579,-7.53,grid,-7.621,-3.197,-0.1849,-0.0,-2.917,-24.95,-5.078,0.6867,0.0,-44.23,-30.02,7.833
O=C(OCc1ccccc1)c1ccc(O)cc1,BPA_CID7180__prepared_state_011,12,Done,,2.579,-7.72,grid,-7.811,-3.159,-0.2252,-0.0,-3.178,-17.94,-6.925,0.6867,0.0,-42.65,-24.87,1.585
O=C(OCc1ccccc1)c1ccc(O)cc1,BPA_CID7180__prepared_state_011,12,Done,,2.579,-7.212,grid,-7.303,-3.2,-0.1849,-0.0,-2.598,-23.47,-5.555,0.6867,0.0,-42.35,-29.02,8.083
O=C(OCc1ccccc1)c1ccc(O)cc1,BPA_CID7180__prepared_state_011,12,Done,,2.579,-4.878,grid,-4.969,-3.481,-0.16,-0.0,0.153,-29.59,-4.59,0.6867,0.0,-41.61,-34.18,8.787
O=C(OCc1ccccc1)c1ccc(O)cc1,BPA_CID7180__prepared_state_011,12,Done,,2.579,-7.718,grid,-7.809,-3.196,-0.3007,-0.0,-2.841,-16.18,-8.996,0.6867,0.0,-40.56,-25.18,6.393
O=C(OCc1ccccc1)c1ccc(O)cc1,BPA_CID7180__prepared_state_011,12,Done,,2.579,-7.143,grid,-7.234,-3.059,-0.16,-0.0,-3.124,-16.82,-6.868,0.981,0.0,-38.94,-23.69,3.902
O=C(OCc1ccccc1)c1ccc(O)cc1,BPA_CID7180__prepared_state_011,12,Done,,2.579,-7.271,grid,-7.362,-3.356,-0.32,-0.0,-3.062,-19.09,-4.332,0.981,0.0,-38.34,-23.43,5.187
O=C(OCc1ccccc1)c1ccc(O)cc1,BPA_CID7180__prepared_state_011,12,Done,,2.579,-6.054,grid,-6.145,-3.214,-0.2349,-0.0,-1.647,-12.0,-7.571,0.6867,0.0,-32.59,-19.57,3.192
O=C(OCc1ccccc1)c1ccc([O-])cc1,BPA_CID7180__prepared_state_012,13,Done,,2.151,-5.142,grid,-6.297,-3.453,-0.1219,-0.0,-2.019,-30.37,1.04,0.6589,0.0,-41.51,-29.33,1.305
O=C(OCc1ccccc1)c1ccc([O-])cc1,BPA_CID7180__prepared_state_012,13,Done,,2.151,-5.742,grid,-6.897,-3.317,-0.1184,-0.0,-2.877,-28.33,1.152,0.6589,0.0,-40.39,-27.18,1.68
O=C(OCc1ccccc1)c1ccc([O-])cc1,BPA_CID7180__prepared_state_012,13,Done,,2.151,-3.991,grid,-5.146,-3.774,-0.07753,-0.0,-0.3902,-33.59,0.7728,0.6589,0.0,-39.79,-32.81,7.015
O=C(OCc1ccccc1)c1ccc([O-])cc1,BPA_CID7180__prepared_state_012,13,Done,,2.151,-5.555,grid,-6.71,-3.267,-0.122,-0.0,-2.66,-28.32,0.6375,0.6589,0.0,-39.43,-27.68,3.85
O=C(OCc1ccccc1)c1ccc([O-])cc1,BPA_CID7180__prepared_state_012,13,Done,,2.151,-5.255,grid,-6.41,-3.15,-0.02895,-0.0,-2.966,-25.22,2.247,0.6589,0.0,-33.27,-22.97,5.525
O=C(OCc1ccccc1)c1ccc([O-])cc1,BPA_CID7180__prepared_state_012,13,Done,,2.151,-5.525,grid,-6.68,-3.289,-0.03112,-0.0,-3.13,-23.61,1.942,0.6589,0.0,-33.23,-21.67,4.107
O=C(OCc1ccccc1)c1ccc([O-])cc1,BPA_CID7180__prepared_state_012,13,Done,,2.151,-5.529,grid,-6.684,-3.296,-0.03089,-0.0,-3.086,-24.22,1.879,0.6589,0.0,-32.63,-22.34,6.647
O=C(OCc1ccccc1)c1ccc([O-])cc1,BPA_CID7180__prepared_state_012,13,Done,,2.151,-4.647,grid,-5.802,-3.569,-0.01972,-0.0,-1.713,-26.19,1.006,0.6589,0.0,-32.61,-25.19,8.802
O=C(OCc1ccccc1)c1ccc([O-])cc1,BPA_CID7180__prepared_state_012,13,Done,,2.151,-2.463,grid,-3.618,-3.259,0.0,-0.0,0.3233,-32.04,1.74,0.6589,0.0,-31.54,-30.3,12.25
O=C(OCc1ccccc1)c1ccc([O-])cc1,BPA_CID7180__prepared_state_012,13,Done,,2.151,-3.17,grid,-4.325,-3.335,-0.1218,-0.0,-0.5516,-24.33,1.611,0.6589,0.0,-31.22,-22.72,0.6277
O=C(OCc1ccccc1)c1ccc([O-])cc1,BPA_CID7180__prepared_state_012,13,Done,,2.151,-5.534,grid,-6.689,-3.38,-0.1597,-0.0,-2.964,-19.82,0.9782,0.6589,0.0,-30.24,-18.84,4.45
O=C(OCc1ccccc1)c1ccc([O-])cc1,BPA_CID7180__prepared_state_012,13,Done,,2.151,-2.617,grid,-3.772,-3.5,-0.02242,-0.0,0.15,-28.58,2.472,0.6589,0.0,-29.88,-26.11,7.829
O=C(OCc1ccccc1)c1ccc([O-])cc1,BPA_CID7180__prepared_state_012,13,Done,,2.151,-3.344,grid,-4.499,-3.487,0.0,-0.0,-0.3814,-27.26,0.4939,0.6589,0.0,-26.96,-26.77,17.96
O=C(OCc1ccccc1)c1ccc([O-])cc1,BPA_CID7180__prepared_state_012,13,Done,,2.151,-2.664,grid,-3.818,-3.387,0.0,-0.0,0.02931,-29.62,2.408,0.6589,0.0,-26.86,-27.21,16.26
O=C(OCc1ccccc1)c1ccc([O-])cc1,BPA_CID7180__prepared_state_012,13,Done,,2.151,-2.014,grid,-3.168,-1.029,0.0,-0.0,-1.924,-17.8,0.106,0.6589,0.0,-24.07,-17.7,0.1667
O=C(OCc1ccccc1)c1ccc([O-])cc1,BPA_CID7180__prepared_state_012,13,Done,,2.151,-1.698,grid,-2.853,-0.518,-0.02981,-0.0,-1.936,-16.52,-1.348,0.6589,0.0,-22.11,-17.87,3.14
O=C(OCc1ccccc1)c1ccc([O-])cc1,BPA_CID7180__prepared_state_012,13,Done,,2.151,-1.674,grid,-2.829,-0.975,0.0,-0.0,-1.86,-14.79,0.6025,0.6589,-0.003875,-19.67,-14.19,0.5753
O=C(OCc1ccccc1)c1ccc([O-])cc1,BPA_CID7180__prepared_state_012,13,Done,,2.151,-2.325,grid,-3.48,-3.674,0.0,-0.0,0.304,-17.15,0.5945,0.6589,0.0,-17.98,-16.56,11.34
O=C(OCc1ccccc1)c1ccc([O-])cc1,BPA_CID7180__prepared_state_012,13,Done,,2.151,-1.122,grid,-2.276,-0.2014,0.0,-0.0,-1.936,-10.84,-1.707,0.6589,0.0,-16.94,-12.55,0.4959
O=C(OCc1ccccc1)c1ccc([O-])cc1,BPA_CID7180__prepared_state_012,13,Done,,2.151,-4.462,grid,-5.616,-2.995,-0.1764,-0.0,-2.977,-6.889,1.45,0.6589,0.0,-14.74,-5.438,4.292
Oc1ccc(Cc2ccc(O)cc2)cc1,BPA_CID12111__prepared_state_013,14,Done,,2.544,-9.987,grid,-9.99,-3.901,-0.5819,-0.0,-2.944,-26.53,-12.05,0.5705,0.0,-62.35,-38.58,2.081
Oc1ccc(Cc2ccc(O)cc2)cc1,BPA_CID12111__prepared_state_013,14,Done,,2.544,-9.931,grid,-9.934,-3.865,-0.5835,-0.0,-2.944,-26.73,-11.84,0.5705,0.0,-62.21,-38.57,2.078
Oc1ccc(Cc2ccc(O)cc2)cc1,BPA_CID12111__prepared_state_013,14,Done,,2.544,-9.999,grid,-10.0,-3.899,-0.582,-0.0,-2.944,-26.17,-12.26,0.5705,0.0,-61.83,-38.44,2.918
Oc1ccc(Cc2ccc(O)cc2)cc1,BPA_CID12111__prepared_state_013,14,Done,,2.544,-9.871,grid,-9.874,-3.945,-0.5174,-0.0,-2.944,-25.62,-11.72,0.5705,0.0,-61.31,-37.34,1.124
Oc1ccc(Cc2ccc(O)cc2)cc1,BPA_CID12111__prepared_state_013,14,Done,,2.544,-9.844,grid,-9.847,-3.965,-0.501,-0.0,-2.944,-26.85,-11.1,0.5705,0.0,-61.2,-37.96,2.436
Oc1ccc(Cc2ccc(O)cc2)cc1,BPA_CID12111__prepared_state_013,14,Done,,2.544,-9.953,grid,-9.957,-3.858,-0.5804,-0.0,-2.944,-24.39,-12.84,0.5705,0.0,-60.56,-37.23,2.807
Oc1ccc(Cc2ccc(O)cc2)cc1,BPA_CID12111__prepared_state_013,14,Done,,2.544,-9.407,grid,-9.41,-3.811,-0.6861,-0.0,-2.944,-29.18,-8.836,0.815,0.0,-60.31,-38.02,2.176
Oc1ccc(Cc2ccc(O)cc2)cc1,BPA_CID12111__prepared_state_013,14,Done,,2.544,-9.872,grid,-9.875,-3.892,-0.5285,-0.0,-2.944,-24.96,-12.22,0.5705,0.0,-60.3,-37.19,2.839
Oc1ccc(Cc2ccc(O)cc2)cc1,BPA_CID12111__prepared_state_013,14,Done,,2.544,-9.382,grid,-9.385,-3.787,-0.6906,-0.0,-2.944,-29.08,-8.832,0.815,0.0,-60.19,-37.91,2.07
Oc1ccc(Cc2ccc(O)cc2)cc1,BPA_CID12111__prepared_state_013,14,Done,,2.544,-9.399,grid,-9.402,-3.805,-0.6862,-0.0,-2.944,-29.16,-8.827,0.815,0.0,-60.18,-37.99,2.318
Oc1ccc(Cc2ccc(O)cc2)cc1,BPA_CID12111__prepared_state_013,14,Done,,2.544,-9.306,grid,-9.309,-3.702,-0.7116,-0.0,-2.944,-28.15,-9.065,0.815,0.0,-59.33,-37.21,2.014
Oc1ccc(Cc2ccc(O)cc2)cc1,BPA_CID12111__prepared_state_013,14,Done,,2.544,-9.311,grid,-9.314,-3.701,-0.7098,-0.0,-2.944,-28.15,-9.114,0.815,0.0,-59.3,-37.26,2.202
Oc1ccc(Cc2ccc(O)cc2)cc1,BPA_CID12111__prepared_state_013,14,Done,,2.544,-9.318,grid,-9.321,-3.854,-0.456,-0.0,-2.944,-27.42,-10.08,0.815,0.0,-59.27,-37.5,2.759
Oc1ccc(Cc2ccc(O)cc2)cc1,BPA_CID12111__prepared_state_013,14,Done,,2.544,-9.301,grid,-9.304,-3.848,-0.456,-0.0,-2.944,-27.38,-10.02,0.815,0.0,-59.17,-37.4,2.673
Oc1ccc(Cc2ccc(O)cc2)cc1,BPA_CID12111__prepared_state_013,14,Done,,2.544,-9.33,grid,-9.333,-3.86,-0.456,-0.0,-2.944,-27.33,-10.15,0.815,0.0,-59.06,-37.48,3.21
Oc1ccc(Cc2ccc(O)cc2)cc1,BPA_CID12111__prepared_state_013,14,Done,,2.544,-9.318,grid,-9.322,-3.854,-0.456,-0.0,-2.944,-27.41,-10.08,0.815,0.0,-58.89,-37.5,3.53
Oc1ccc(Cc2ccc(O)cc2)cc1,BPA_CID12111__prepared_state_013,14,Done,,2.544,-9.319,grid,-9.322,-3.855,-0.456,-0.0,-2.944,-27.41,-10.08,0.815,0.0,-58.74,-37.49,3.827
Oc1ccc(Cc2ccc(O)cc2)cc1,BPA_CID12111__prepared_state_013,14,Done,,2.544,-9.318,grid,-9.322,-3.855,-0.456,-0.0,-2.944,-27.41,-10.08,0.815,0.0,-58.52,-37.49,4.243
Oc1ccc(Cc2ccc(O)cc2)cc1,BPA_CID12111__prepared_state_013,14,Done,,2.544,-9.318,grid,-9.321,-3.854,-0.456,-0.0,-2.944,-27.42,-10.07,0.815,0.0,-58.52,-37.5,4.277
Oc1ccc(Cc2ccc(O)cc2)cc1,BPA_CID12111__prepared_state_013,14,Done,,2.544,-9.316,grid,-9.32,-3.854,-0.456,-0.0,-2.944,-27.41,-10.07,0.815,0.0,-58.44,-37.48,4.379
Oc1ccc(Sc2ccc(O)cc2)cc1,BPA_CID17570__prepared_state_014,15,Done,,2.292,-9.893,grid,-9.912,-3.811,-0.5892,-0.0,-2.821,-29.19,-11.5,0.4937,0.0,-65.44,-40.69,2.228
Oc1ccc(Sc2ccc(O)cc2)cc1,BPA_CID17570__prepared_state_014,15,Done,,2.292,-10.0,grid,-10.02,-3.926,-0.5376,-0.0,-2.821,-28.06,-12.18,0.4937,0.0,-64.54,-40.24,3.698
Oc1ccc(Sc2ccc(O)cc2)cc1,BPA_CID17570__prepared_state_014,15,Done,,2.292,-9.477,grid,-9.496,-3.81,-0.6761,-0.0,-2.821,-31.94,-8.648,0.7053,0.0,-64.07,-40.59,2.574
Oc1ccc(Sc2ccc(O)cc2)cc1,BPA_CID17570__prepared_state_014,15,Done,,2.292,-9.464,grid,-9.483,-3.814,-0.6714,-0.0,-2.821,-31.96,-8.562,0.7053,0.0,-64.0,-40.52,2.51
Oc1ccc(Sc2ccc(O)cc2)cc1,BPA_CID17570__prepared_state_014,15,Done,,2.292,-9.462,grid,-9.481,-3.815,-0.671,-0.0,-2.821,-31.93,-8.551,0.7053,0.0,-63.99,-40.48,2.46
Oc1ccc(Sc2ccc(O)cc2)cc1,BPA_CID17570__prepared_state_014,15,Done,,2.292,-9.452,grid,-9.471,-3.768,-0.6822,-0.0,-2.821,-31.14,-8.993,0.7053,0.0,-63.48,-40.13,2.706
Oc1ccc(Sc2ccc(O)cc2)cc1,BPA_CID17570__prepared_state_014,15,Done,,2.292,-9.434,grid,-9.453,-3.751,-0.6829,-0.0,-2.821,-31.19,-8.958,0.7053,0.0,-63.46,-40.15,2.692
Oc1ccc(Sc2ccc(O)cc2)cc1,BPA_CID17570__prepared_state_014,15,Done,,2.292,-9.461,grid,-9.48,-3.728,-0.7138,-0.0,-2.821,-30.9,-9.181,0.7053,0.0,-63.41,-40.08,2.809
Oc1ccc(Sc2ccc(O)cc2)cc1,BPA_CID17570__prepared_state_014,15,Done,,2.292,-9.907,grid,-9.925,-3.951,-0.5156,-0.0,-2.821,-29.42,-11.07,0.4937,0.0,-63.37,-40.49,6.017
Oc1ccc(Sc2ccc(O)cc2)cc1,BPA_CID17570__prepared_state_014,15,Done,,2.292,-10.02,grid,-10.04,-3.924,-0.4875,-0.0,-2.821,-24.08,-13.99,0.4937,0.0,-62.59,-38.07,3.343
Oc1ccc(Sc2ccc(O)cc2)cc1,BPA_CID17570__prepared_state_014,15,Done,,2.292,-9.638,grid,-9.657,-3.887,-0.4791,-0.0,-2.821,-29.9,-9.788,0.4937,0.0,-62.55,-39.69,4.675
Oc1ccc(Sc2ccc(O)cc2)cc1,BPA_CID17570__prepared_state_014,15,Done,,2.292,-9.587,grid,-9.606,-3.793,-0.4928,-0.0,-2.821,-27.86,-10.67,0.4937,0.0,-62.3,-38.53,2.58
Oc1ccc(Sc2ccc(O)cc2)cc1,BPA_CID17570__prepared_state_014,15,Done,,2.292,-9.623,grid,-9.642,-3.881,-0.4879,-0.0,-2.821,-29.49,-9.81,0.4937,0.0,-62.24,-39.3,4.439
Oc1ccc(Sc2ccc(O)cc2)cc1,BPA_CID17570__prepared_state_014,15,Done,,2.292,-9.28,grid,-9.298,-3.815,-0.456,-0.0,-2.821,-28.73,-9.836,0.7053,0.0,-61.28,-38.56,3.077
Oc1ccc(Sc2ccc(O)cc2)cc1,BPA_CID17570__prepared_state_014,15,Done,,2.292,-9.292,grid,-9.311,-3.819,-0.456,-0.0,-2.821,-28.54,-9.951,0.7053,0.0,-61.09,-38.5,3.396
Oc1ccc(Sc2ccc(O)cc2)cc1,BPA_CID17570__prepared_state_014,15,Done,,2.292,-9.043,grid,-9.062,-3.738,-0.456,-0.0,-2.821,-30.62,-8.145,0.7053,0.0,-61.05,-38.76,2.715
Oc1ccc(Sc2ccc(O)cc2)cc1,BPA_CID17570__prepared_state_014,15,Done,,2.292,-9.284,grid,-9.303,-3.812,-0.456,-0.0,-2.821,-28.35,-10.02,0.7053,0.0,-60.96,-38.36,3.34
Oc1ccc(Sc2ccc(O)cc2)cc1,BPA_CID17570__prepared_state_014,15,Done,,2.292,-9.019,grid,-9.037,-3.733,-0.456,-0.0,-2.821,-30.18,-8.157,0.7053,0.0,-60.43,-38.33,2.955
Oc1ccc(Sc2ccc(O)cc2)cc1,BPA_CID17570__prepared_state_014,15,Done,,2.292,-9.014,grid,-9.032,-3.733,-0.456,-0.0,-2.821,-30.15,-8.135,0.7053,0.0,-60.43,-38.28,2.826
Oc1ccc(Sc2ccc(O)cc2)cc1,BPA_CID17570__prepared_state_014,15,Done,,2.292,-9.04,grid,-9.058,-3.734,-0.456,-0.0,-2.821,-29.91,-8.382,0.7053,0.0,-60.42,-38.3,3.013
CCC(C)(c1ccc(O)cc1)c1ccc(O)cc1,BPA_CID66166__prepared_state_015,16,Done,,3.266,-10.89,grid,-10.89,-4.835,-0.5364,-0.0,-2.657,-31.37,-11.36,0.4135,0.0,-55.44,-42.74,9.57
CCC(C)(c1ccc(O)cc1)c1ccc(O)cc1,BPA_CID66166__prepared_state_015,16,Done,,3.266,-10.85,grid,-10.85,-4.968,-0.5163,-0.0,-2.657,-30.07,-10.79,0.4135,0.0,-53.67,-40.85,9.216
CCC(C)(c1ccc(O)cc1)c1ccc(O)cc1,BPA_CID66166__prepared_state_015,16,Done,,3.266,-10.21,grid,-10.21,-4.418,-0.608,-0.0,-2.657,-30.07,-9.58,0.4135,0.0,-50.7,-39.65,10.69
CCC(C)(c1ccc(O)cc1)c1ccc(O)cc1,BPA_CID66166__prepared_state_015,16,Done,,3.266,-10.36,grid,-10.36,-4.607,-0.6997,-0.0,-2.657,-33.3,-8.798,0.5907,0.0,-50.67,-42.1,16.13
CCC(C)(c1ccc(O)cc1)c1ccc(O)cc1,BPA_CID66166__prepared_state_015,16,Done,,3.266,-10.62,grid,-10.62,-4.54,-0.546,-0.0,-2.657,-27.87,-12.64,0.4135,0.0,-48.28,-40.51,18.57
CCC(C)(c1ccc(O)cc1)c1ccc(O)cc1,BPA_CID66166__prepared_state_015,16,Done,,3.266,-10.75,grid,-10.75,-4.694,-0.5876,-0.0,-2.657,-28.8,-11.93,0.4135,0.0,-48.21,-40.73,19.58
CCC(C)(c1ccc(O)cc1)c1ccc(O)cc1,BPA_CID66166__prepared_state_015,16,Done,,3.266,-9.705,grid,-9.706,-4.279,-0.7014,-0.0,-2.657,-29.12,-8.024,0.5907,0.0,-47.9,-37.14,9.677
CCC(C)(c1ccc(O)cc1)c1ccc(O)cc1,BPA_CID66166__prepared_state_015,16,Done,,3.266,-10.13,grid,-10.13,-4.447,-0.5046,-0.0,-2.657,-24.7,-11.36,0.4135,0.0,-47.48,-36.06,9.706
CCC(C)(c1ccc(O)cc1)c1ccc(O)cc1,BPA_CID66166__prepared_state_015,16,Done,,3.266,-9.522,grid,-9.524,-4.409,-0.456,-0.0,-2.657,-25.1,-8.92,0.5907,0.0,-46.56,-34.02,5.495
CCC(C)(c1ccc(O)cc1)c1ccc(O)cc1,BPA_CID66166__prepared_state_015,16,Done,,3.266,-10.12,grid,-10.12,-4.429,-0.5273,-0.0,-2.657,-24.28,-11.38,0.4135,0.0,-46.38,-35.66,11.06
CCC(C)(c1ccc(O)cc1)c1ccc(O)cc1,BPA_CID66166__prepared_state_015,16,Done,,3.266,-10.14,grid,-10.15,-4.451,-0.5092,-0.0,-2.657,-24.86,-11.33,0.4135,0.0,-44.82,-36.18,15.31
CCC(C)(c1ccc(O)cc1)c1ccc(O)cc1,BPA_CID66166__prepared_state_015,16,Done,,3.266,-9.327,grid,-9.329,-4.669,-0.3139,-0.0,-2.657,-26.26,-5.265,0.4135,0.0,-43.76,-31.53,5.506
CCC(C)(c1ccc(O)cc1)c1ccc(O)cc1,BPA_CID66166__prepared_state_015,16,Done,,3.266,-9.294,grid,-9.296,-4.653,-0.3147,-0.0,-2.657,-26.87,-4.944,0.4135,0.0,-42.99,-31.81,7.497
CCC(C)(c1ccc(O)cc1)c1ccc(O)cc1,BPA_CID66166__prepared_state_015,16,Done,,3.266,-9.254,grid,-9.256,-4.667,-0.3109,-0.0,-2.657,-26.22,-4.82,0.4135,0.0,-42.59,-31.04,6.63
CCC(C)(c1ccc(O)cc1)c1ccc(O)cc1,BPA_CID66166__prepared_state_015,16,Done,,3.266,-9.257,grid,-9.259,-4.63,-0.32,-0.0,-2.657,-26.13,-5.062,0.4135,0.0,-42.57,-31.19,6.983
CCC(C)(c1ccc(O)cc1)c1ccc(O)cc1,BPA_CID66166__prepared_state_015,16,Done,,3.266,-9.331,grid,-9.333,-4.479,-0.3014,-0.0,-2.657,-30.26,-5.313,0.4135,0.0,-41.99,-35.57,17.15
CCC(C)(c1ccc(O)cc1)c1ccc(O)cc1,BPA_CID66166__prepared_state_015,16,Done,,3.266,-9.367,grid,-9.369,-4.461,-0.345,-0.0,-2.657,-26.36,-6.672,0.4135,0.0,-41.74,-33.03,12.68
CCC(C)(c1ccc(O)cc1)c1ccc(O)cc1,BPA_CID66166__prepared_state_015,16,Done,,3.266,-9.292,grid,-9.293,-4.369,-0.456,-0.0,-2.657,-21.13,-8.972,0.5907,0.0,-41.2,-30.11,7.672
CCC(C)(c1ccc(O)cc1)c1ccc(O)cc1,BPA_CID66166__prepared_state_015,16,Done,,3.266,-9.203,grid,-9.205,-4.58,-0.2195,-0.0,-2.657,-27.46,-5.266,0.4135,0.0,-41.08,-32.73,12.85
CCC(C)(c1ccc(O)cc1)c1ccc(O)cc1,BPA_CID66166__prepared_state_015,16,Done,,3.266,-9.364,grid,-9.366,-4.398,-0.456,-0.0,-2.657,-20.07,-9.611,0.5907,0.0,-40.82,-29.68,7.806
Oc1ccc(C(c2ccc(O)cc2)(C(F)(F)F)C(F)(F)F)cc1,BPA_CID73864__prepared_state_016,17,Done,,3.557,-10.92,grid,-10.92,-4.332,-0.5278,-0.0,-3.281,-22.07,-12.74,0.2338,0.0,-47.36,-34.8,16.68
Oc1ccc(C(c2ccc(O)cc2)(C(F)(F)F)C(F)(F)F)cc1,BPA_CID73864__prepared_state_016,17,Done,,3.557,-10.44,grid,-10.44,-4.443,-0.456,-0.0,-3.195,-19.9,-10.58,0.2338,0.0,-46.95,-30.48,7.033
Oc1ccc(C(c2ccc(O)cc2)(C(F)(F)F)C(F)(F)F)cc1,BPA_CID73864__prepared_state_016,17,Done,,3.557,-10.83,grid,-10.83,-4.439,-0.5234,-0.0,-3.264,-22.41,-11.45,0.2338,0.0,-46.73,-33.86,15.71
Oc1ccc(C(c2ccc(O)cc2)(C(F)(F)F)C(F)(F)F)cc1,BPA_CID73864__prepared_state_016,17,Done,,3.557,-9.995,grid,-9.997,-4.155,-0.4742,-0.0,-3.205,-20.65,-9.094,0.2338,0.0,-45.51,-29.74,6.724
Oc1ccc(C(c2ccc(O)cc2)(C(F)(F)F)C(F)(F)F)cc1,BPA_CID73864__prepared_state_016,17,Done,,3.557,-10.8,grid,-10.8,-4.466,-0.52,-0.0,-3.253,-22.35,-11.21,0.2338,0.0,-45.36,-33.56,17.74
Oc1ccc(C(c2ccc(O)cc2)(C(F)(F)F)C(F)(F)F)cc1,BPA_CID73864__prepared_state_016,17,Done,,3.557,-10.64,grid,-10.64,-4.495,-0.4853,-0.0,-3.278,-22.3,-9.986,0.2338,0.0,-43.51,-32.28,18.26
Oc1ccc(C(c2ccc(O)cc2)(C(F)(F)F)C(F)(F)F)cc1,BPA_CID73864__prepared_state_016,17,Done,,3.557,-9.903,grid,-9.905,-4.101,-0.7199,-0.0,-3.021,-20.93,-9.005,0.3341,0.0,-43.31,-29.93,11.14
Oc1ccc(C(c2ccc(O)cc2)(C(F)(F)F)C(F)(F)F)cc1,BPA_CID73864__prepared_state_016,17,Done,,3.557,-10.53,grid,-10.53,-4.379,-0.469,-0.0,-3.249,-21.98,-10.45,0.2338,0.0,-43.31,-32.43,18.54
Oc1ccc(C(c2ccc(O)cc2)(C(F)(F)F)C(F)(F)F)cc1,BPA_CID73864__prepared_state_016,17,Done,,3.557,-9.567,grid,-9.569,-3.761,-0.4786,-0.0,-3.519,-18.81,-7.354,0.2338,0.0,-42.08,-26.17,4.787
Oc1ccc(C(c2ccc(O)cc2)(C(F)(F)F)C(F)(F)F)cc1,BPA_CID73864__prepared_state_016,17,Done,,3.557,-10.1,grid,-10.11,-3.706,-0.4797,-0.0,-3.647,-19.62,-10.17,0.2338,0.0,-41.41,-29.8,15.45
Oc1ccc(C(c2ccc(O)cc2)(C(F)(F)F)C(F)(F)F)cc1,BPA_CID73864__prepared_state_016,17,Done,,3.557,-9.551,grid,-9.553,-3.587,-0.4743,-0.0,-3.591,-16.82,-8.619,0.2338,0.0,-40.43,-25.44,6.587
Oc1ccc(C(c2ccc(O)cc2)(C(F)(F)F)C(F)(F)F)cc1,BPA_CID73864__prepared_state_016,17,Done,,3.557,-9.899,grid,-9.901,-4.026,-0.4748,-0.0,-3.223,-18.99,-9.747,0.2338,0.0,-39.6,-28.74,16.17
Oc1ccc(C(c2ccc(O)cc2)(C(F)(F)F)C(F)(F)F)cc1,BPA_CID73864__prepared_state_016,17,Done,,3.557,-10.03,grid,-10.03,-4.09,-0.7203,-0.0,-3.03,-20.78,-9.884,0.3341,0.0,-37.65,-30.67,24.41
Oc1ccc(C(c2ccc(O)cc2)(C(F)(F)F)C(F)(F)F)cc1,BPA_CID73864__prepared_state_016,17,Done,,3.557,-9.593,grid,-9.595,-3.814,-0.608,-0.0,-3.082,-19.72,-8.92,0.2338,0.0,-36.86,-28.64,20.29
Oc1ccc(C(c2ccc(O)cc2)(C(F)(F)F)C(F)(F)F)cc1,BPA_CID73864__prepared_state_016,17,Done,,3.557,-9.14,grid,-9.142,-4.034,-0.4528,-0.0,-3.41,-17.21,-4.786,0.3341,0.0,-36.03,-22.0,6.93
Oc1ccc(C(c2ccc(O)cc2)(C(F)(F)F)C(F)(F)F)cc1,BPA_CID73864__prepared_state_016,17,Done,,3.557,-9.15,grid,-9.152,-4.041,-0.4528,-0.0,-3.409,-17.29,-4.785,0.3341,0.0,-35.68,-22.08,7.821
Oc1ccc(C(c2ccc(O)cc2)(C(F)(F)F)C(F)(F)F)cc1,BPA_CID73864__prepared_state_016,17,Done,,3.557,-8.898,grid,-8.899,-3.912,-0.32,-0.0,-3.406,-16.99,-4.305,0.2338,0.0,-34.99,-21.29,6.656
Oc1ccc(C(c2ccc(O)cc2)(C(F)(F)F)C(F)(F)F)cc1,BPA_CID73864__prepared_state_016,17,Done,,3.557,-9.125,grid,-9.127,-4.013,-0.1792,-0.0,-3.457,-20.09,-4.713,0.2338,0.0,-33.74,-24.8,17.04
Oc1ccc(C(c2ccc(O)cc2)(C(F)(F)F)C(F)(F)F)cc1,BPA_CID73864__prepared_state_016,17,Done,,3.557,-8.727,grid,-8.729,-4.106,-0.4378,-0.0,-3.031,-21.61,-2.711,0.3341,-0.00133,-33.11,-24.32,15.84
Oc1ccc(C(c2ccc(O)cc2)(C(F)(F)F)C(F)(F)F)cc1,BPA_CID73864__prepared_state_016,17,Done,,3.557,-9.709,grid,-9.711,-3.999,-0.7249,-0.0,-2.966,-19.89,-9.072,0.3341,0.0,-33.03,-28.96,29.03
Oc1ccccc1Cc1ccccc1O,BPA_CID75575__prepared_state_017,18,Done,,2.487,-8.428,grid,-8.524,-3.96,-0.32,-0.0,-2.944,-32.15,-3.387,0.815,0.0,-53.38,-35.54,0.9266
Oc1ccccc1Cc1ccccc1O,BPA_CID75575__prepared_state_017,18,Done,,2.487,-8.363,grid,-8.459,-3.931,-0.32,-0.0,-2.944,-32.4,-3.06,0.815,0.0,-53.12,-35.46,1.002
Oc1ccccc1Cc1ccccc1O,BPA_CID75575__prepared_state_017,18,Done,,2.487,-7.792,grid,-7.888,-3.841,0.0,-0.0,-2.944,-33.05,-1.771,0.815,0.0,-51.28,-34.82,0.9579
Oc1ccccc1Cc1ccccc1O,BPA_CID75575__prepared_state_017,18,Done,,2.487,-7.819,grid,-7.915,-3.924,0.0,-0.0,-2.944,-33.13,-1.372,0.815,0.0,-51.11,-34.5,0.7711
Oc1ccccc1Cc1ccccc1O,BPA_CID75575__prepared_state_017,18,Done,,2.487,-7.786,grid,-7.882,-3.835,0.0,-0.0,-2.944,-33.03,-1.778,0.815,0.0,-51.1,-34.81,1.269
Oc1ccccc1Cc1ccccc1O,BPA_CID75575__prepared_state_017,18,Done,,2.487,-7.764,grid,-7.86,-3.908,0.0,-0.0,-2.944,-33.26,-1.064,0.815,0.0,-50.71,-34.32,0.9716
Oc1ccccc1Cc1ccccc1O,BPA_CID75575__prepared_state_017,18,Done,,2.487,-7.651,grid,-7.747,-3.686,0.0,-0.0,-2.944,-31.87,-2.255,0.815,0.0,-50.5,-34.13,0.5255
Oc1ccccc1Cc1ccccc1O,BPA_CID75575__prepared_state_017,18,Done,,2.487,-7.933,grid,-8.029,-3.722,-0.2949,-0.0,-2.944,-31.52,-2.051,0.815,0.0,-50.33,-33.57,0.9412
Oc1ccccc1Cc1ccccc1O,BPA_CID75575__prepared_state_017,18,Done,,2.487,-7.597,grid,-7.693,-3.71,0.0,-0.0,-2.944,-32.18,-1.636,0.815,0.0,-50.02,-33.82,0.6332
Oc1ccccc1Cc1ccccc1O,BPA_CID75575__prepared_state_017,18,Done,,2.487,-7.618,grid,-7.714,-3.729,0.0,-0.0,-2.944,-32.05,-1.694,0.815,0.0,-49.89,-33.74,0.8181
Oc1ccccc1Cc1ccccc1O,BPA_CID75575__prepared_state_017,18,Done,,2.487,-7.706,grid,-7.802,-3.955,0.0,-0.0,-2.944,-32.89,-0.4933,0.815,0.0,-49.59,-33.38,1.082
Oc1ccccc1Cc1ccccc1O,BPA_CID75575__prepared_state_017,18,Done,,2.487,-8.181,grid,-8.277,-3.783,-0.32,-0.0,-2.944,-27.16,-4.582,0.815,0.0,-49.11,-31.74,0.8093
Oc1ccccc1Cc1ccccc1O,BPA_CID75575__prepared_state_017,18,Done,,2.487,-7.515,grid,-7.611,-3.698,0.0,-0.0,-2.944,-31.7,-1.328,0.815,0.0,-48.95,-33.03,0.8392
Oc1ccccc1Cc1ccccc1O,BPA_CID75575__prepared_state_017,18,Done,,2.487,-7.602,grid,-7.699,-3.957,0.0,-0.0,-2.944,-31.89,-0.1235,0.815,0.0,-48.18,-32.02,0.7192
Oc1ccccc1Cc1ccccc1O,BPA_CID75575__prepared_state_017,18,Done,,2.487,-7.299,grid,-7.396,-3.737,0.0,-0.0,-2.944,-31.54,0.3121,0.815,0.0,-46.55,-31.23,1.105
Oc1ccccc1Cc1ccccc1O,BPA_CID75575__prepared_state_017,18,Done,,2.487,-7.193,grid,-7.289,-3.679,0.0,-0.0,-2.944,-27.58,-0.6848,0.815,0.0,-42.6,-28.27,2.631
Oc1ccccc1Cc1ccccc1O,BPA_CID75575__prepared_state_017,18,Done,,2.487,-7.069,grid,-7.165,-3.512,0.0,-0.0,-2.944,-24.94,-1.851,0.815,0.0,-42.1,-26.79,0.1524
Oc1ccccc1Cc1ccccc1O,BPA_CID75575__prepared_state_017,18,Done,,2.487,-7.073,grid,-7.169,-3.706,0.0,-0.0,-2.944,-27.52,0.2755,0.815,0.0,-41.22,-27.24,2.825
Oc1ccccc1Cc1ccccc1O,BPA_CID75575__prepared_state_017,18,Done,,2.487,-7.055,grid,-7.152,-3.661,0.0,-0.0,-2.944,-26.76,-0.1595,0.815,0.0,-40.99,-26.92,2.565
Oc1ccccc1Cc1ccccc1O,BPA_CID75575__prepared_state_017,18,Done,,2.487,-7.331,grid,-7.427,-3.304,-0.2517,-0.0,-2.944,-27.06,-2.601,0.815,0.0,-39.92,-29.66,11.38
[O-]c1ccccc1Cc1ccccc1O,BPA_CID75575__prepared_state_018,19,Done,,2.183,-6.356,grid,-7.482,-3.804,0.0,-0.0,-2.951,-31.32,0.1145,0.8219,0.0,-43.75,-31.21,0.8864
[O-]c1ccccc1Cc1ccccc1O,BPA_CID75575__prepared_state_018,19,Done,,2.183,-6.471,grid,-7.597,-3.884,0.0,-0.0,-2.951,-31.47,-0.07119,0.8219,0.0,-43.51,-31.54,2.418
[O-]c1ccccc1Cc1ccccc1O,BPA_CID75575__prepared_state_018,19,Done,,2.183,-6.376,grid,-7.502,-3.909,0.0,-0.0,-2.951,-31.15,0.6258,0.8219,0.0,-42.49,-30.52,2.088
[O-]c1ccccc1Cc1ccccc1O,BPA_CID75575__prepared_state_018,19,Done,,2.183,-6.353,grid,-7.478,-3.904,0.0,-0.0,-2.951,-30.97,0.6897,0.8219,0.0,-42.21,-30.28,2.09
[O-]c1ccccc1Cc1ccccc1O,BPA_CID75575__prepared_state_018,19,Done,,2.183,-6.141,grid,-7.267,-3.678,0.0,-0.0,-2.951,-30.05,0.279,0.8219,0.0,-41.86,-29.77,1.027
[O-]c1ccccc1Cc1ccccc1O,BPA_CID75575__prepared_state_018,19,Done,,2.183,-6.085,grid,-7.211,-3.681,0.0,-0.0,-2.927,-29.29,0.2658,0.8219,0.0,-41.25,-29.02,0.5783
[O-]c1ccccc1Cc1ccccc1O,BPA_CID75575__prepared_state_018,19,Done,,2.183,-5.977,grid,-7.103,-3.557,0.0,-0.0,-2.951,-30.0,0.5522,0.8219,0.0,-40.82,-29.45,1.899
[O-]c1ccccc1Cc1ccccc1O,BPA_CID75575__prepared_state_018,19,Done,,2.183,-6.252,grid,-7.377,-3.782,0.0,-0.0,-2.951,-28.96,-0.1234,0.8219,0.0,-39.69,-29.09,4.384
[O-]c1ccccc1Cc1ccccc1O,BPA_CID75575__prepared_state_018,19,Done,,2.183,-6.058,grid,-7.184,-3.78,0.0,-0.0,-2.951,-30.1,1.531,0.8219,0.0,-39.66,-28.57,2.749
[O-]c1ccccc1Cc1ccccc1O,BPA_CID75575__prepared_state_018,19,Done,,2.183,-6.067,grid,-7.192,-3.76,0.0,-0.0,-2.951,-28.86,0.9285,0.8219,0.0,-38.11,-27.94,4.614
[O-]c1ccccc1Cc1ccccc1O,BPA_CID75575__prepared_state_018,19,Done,,2.183,-5.75,grid,-6.876,-3.513,0.0,-0.0,-2.951,-26.74,0.6856,0.8219,0.0,-36.19,-26.05,3.585
[O-]c1ccccc1Cc1ccccc1O,BPA_CID75575__prepared_state_018,19,Done,,2.183,-5.969,grid,-7.094,-3.525,-0.05172,-0.0,-2.951,-26.77,-0.3388,0.8219,0.0,-36.0,-27.11,6.847
[O-]c1ccccc1Cc1ccccc1O,BPA_CID75575__prepared_state_018,19,Done,,2.183,-5.629,grid,-6.755,-3.572,0.0,-0.0,-2.951,-23.38,0.762,0.8219,0.0,-34.17,-22.61,0.3242
[O-]c1ccccc1Cc1ccccc1O,BPA_CID75575__prepared_state_018,19,Done,,2.183,-5.673,grid,-6.799,-3.733,0.0,-0.0,-2.951,-24.3,1.854,0.8219,0.0,-34.16,-22.44,0.1625
[O-]c1ccccc1Cc1ccccc1O,BPA_CID75575__prepared_state_018,19,Done,,2.183,-5.677,grid,-6.803,-3.574,0.0,-0.0,-2.939,-22.45,0.06684,0.8219,0.0,-33.99,-22.38,0.3861
[O-]c1ccccc1Cc1ccccc1O,BPA_CID75575__prepared_state_018,19,Done,,2.183,-5.581,grid,-6.707,-3.577,0.0,-0.0,-2.928,-22.19,0.5705,0.8219,0.0,-33.04,-21.62,0.4381
[O-]c1ccccc1Cc1ccccc1O,BPA_CID75575__prepared_state_018,19,Done,,2.183,-5.36,grid,-6.486,-3.448,0.0,-0.0,-2.951,-22.6,1.472,0.8219,0.0,-32.2,-21.12,0.3605
[O-]c1ccccc1Cc1ccccc1O,BPA_CID75575__prepared_state_018,19,Done,,2.183,-5.497,grid,-6.623,-3.555,0.0,-0.0,-2.941,-21.64,0.8838,0.8219,0.0,-32.07,-20.75,0.3468
[O-]c1ccccc1Cc1ccccc1O,BPA_CID75575__prepared_state_018,19,Done,,2.183,-5.417,grid,-6.543,-3.469,0.0,-0.0,-2.951,-20.29,0.462,0.8219,0.0,-31.02,-19.83,0.3113
[O-]c1ccccc1Cc1ccccc1O,BPA_CID75575__prepared_state_018,19,Done,,2.183,-5.096,grid,-6.222,-3.398,0.0,-0.0,-2.844,-21.62,1.858,0.8219,0.0,-28.96,-19.76,3.194
CC1(C)[C@H](O)C(C)(C)[C@@H]1O,BPA_CID76382__prepared_state_019,20,Done,,1.897,-6.398,grid,-6.398,-2.46,0.0,-0.0,-2.833,-18.31,-1.258,0.0,0.0,-25.69,-19.56,2.243
CC1(C)[C@H](O)C(C)(C)[C@@H]1O,BPA_CID76382__prepared_state_019,20,Done,,1.897,-6.105,grid,-6.105,-2.393,0.0,-0.0,-2.781,-17.78,-0.2787,0.0,0.0,-24.47,-18.05,0.9971
CC1(C)[C@H](O)C(C)(C)[C@@H]1O,BPA_CID76382__prepared_state_019,20,Done,,1.897,-5.9,grid,-5.9,-2.191,0.0,-0.0,-2.782,-17.42,-0.3726,0.0,0.0,-24.45,-17.8,0.05741
CC1(C)[C@H](O)C(C)(C)[C@@H]1O,BPA_CID76382__prepared_state_019,20,Done,,1.897,-6.088,grid,-6.088,-2.267,0.0,-0.0,-2.85,-16.46,-0.9896,0.0,0.0,-24.35,-17.45,0.002289
CC1(C)[C@H](O)C(C)(C)[C@@H]1O,BPA_CID76382__prepared_state_019,20,Done,,1.897,-6.113,grid,-6.113,-2.385,0.0,-0.0,-2.775,-16.24,-0.9435,0.0,0.0,-24.1,-17.18,0.0097
CC1(C)[C@H](O)C(C)(C)[C@@H]1O,BPA_CID76382__prepared_state_019,20,Done,,1.897,-5.837,grid,-5.837,-2.17,0.0,-0.0,-2.703,-16.6,-0.8885,0.0,0.0,-24.08,-17.49,0.03885
CC1(C)[C@H](O)C(C)(C)[C@@H]1O,BPA_CID76382__prepared_state_019,20,Done,,1.897,-5.957,grid,-5.957,-2.228,0.0,-0.0,-2.824,-16.87,-0.4097,0.0,0.0,-24.02,-17.28,0.007533
CC1(C)[C@H](O)C(C)(C)[C@@H]1O,BPA_CID76382__prepared_state_019,20,Done,,1.897,-5.892,grid,-5.892,-2.074,0.0,-0.0,-2.75,-16.08,-1.764,0.0,0.0,-24.02,-17.85,0.999
CC1(C)[C@H](O)C(C)(C)[C@@H]1O,BPA_CID76382__prepared_state_019,20,Done,,1.897,-6.099,grid,-6.099,-2.382,0.0,-0.0,-2.783,-17.76,-0.3062,0.0,0.0,-23.98,-18.07,1.988
CC1(C)[C@H](O)C(C)(C)[C@@H]1O,BPA_CID76382__prepared_state_019,20,Done,,1.897,-5.995,grid,-5.995,-2.315,0.0,-0.0,-2.782,-17.61,-0.1266,0.0,0.0,-23.98,-17.73,1.091
CC1(C)[C@H](O)C(C)(C)[C@@H]1O,BPA_CID76382__prepared_state_019,20,Done,,1.897,-5.988,grid,-5.988,-2.27,0.0,-0.0,-2.742,-16.72,-0.9305,0.0,0.0,-23.92,-17.65,1.014
CC1(C)[C@H](O)C(C)(C)[C@@H]1O,BPA_CID76382__prepared_state_019,20,Done,,1.897,-5.989,grid,-5.989,-2.271,0.0,-0.0,-2.742,-16.72,-0.9298,0.0,0.0,-23.89,-17.65,1.097
CC1(C)[C@H](O)C(C)(C)[C@@H]1O,BPA_CID76382__prepared_state_019,20,Done,,1.897,-5.969,grid,-5.969,-2.086,0.0,-0.0,-2.687,-15.51,-2.803,0.0,0.0,-23.84,-18.31,2.46
CC1(C)[C@H](O)C(C)(C)[C@@H]1O,BPA_CID76382__prepared_state_019,20,Done,,1.897,-6.015,grid,-6.015,-2.343,0.0,-0.0,-2.762,-16.95,-0.4159,0.0,0.0,-23.65,-17.37,1.055
CC1(C)[C@H](O)C(C)(C)[C@@H]1O,BPA_CID76382__prepared_state_019,20,Done,,1.897,-6.071,grid,-6.071,-2.404,0.0,-0.0,-2.623,-15.23,-1.888,0.0,0.0,-23.47,-17.12,1.064
CC1(C)[C@H](O)C(C)(C)[C@@H]1O,BPA_CID76382__prepared_state_019,20,Done,,1.897,-5.967,grid,-5.967,-2.288,0.0,-0.0,-2.755,-16.52,-0.6556,0.0,0.0,-23.39,-17.18,1.101
CC1(C)[C@H](O)C(C)(C)[C@@H]1O,BPA_CID76382__prepared_state_019,20,Done,,1.897,-6.126,grid,-6.126,-2.389,0.0,-0.0,-2.817,-15.56,-0.9552,0.0,0.0,-23.37,-16.51,0.1557
CC1(C)[C@H](O)C(C)(C)[C@@H]1O,BPA_CID76382__prepared_state_019,20,Done,,1.897,-5.875,grid,-5.875,-2.271,0.0,-0.0,-2.753,-17.1,0.03465,0.0,0.0,-23.22,-17.07,1.006
CC1(C)[C@H](O)C(C)(C)[C@@H]1O,BPA_CID76382__prepared_state_019,20,Done,,1.897,-5.852,grid,-5.852,-2.199,0.0,-0.0,-2.744,-16.47,-0.5722,0.0,0.0,-23.17,-17.04,1.001
CC1(C)[C@H](O)C(C)(C)[C@@H]1O,BPA_CID76382__prepared_state_019,20,Done,,1.897,-5.935,grid,-5.935,-2.273,0.0,-0.0,-2.754,-17.02,-0.3795,0.0,0.0,-23.13,-17.4,1.991
CC1(C)[C@H](O)C(C)(C)[C@H]1O,BPA_CID76382__prepared_state_020,21,Done,,2.048,-6.368,grid,-6.368,-2.484,0.0,-0.0,-2.819,-18.26,-1.015,0.0,0.0,-25.77,-19.27,1.061
CC1(C)[C@H](O)C(C)(C)[C@H]1O,BPA_CID76382__prepared_state_020,21,Done,,2.048,-6.128,grid,-6.128,-2.181,0.0,-0.0,-2.85,-17.48,-1.487,0.0,0.0,-25.73,-18.97,0.01446
CC1(C)[C@H](O)C(C)(C)[C@H]1O,BPA_CID76382__prepared_state_020,21,Done,,2.048,-6.215,grid,-6.215,-2.427,0.0,-0.0,-2.792,-17.63,-0.7728,0.0,0.0,-24.71,-18.4,1.093
CC1(C)[C@H](O)C(C)(C)[C@H]1O,BPA_CID76382__prepared_state_020,21,Done,,2.048,-5.97,grid,-5.97,-2.176,0.0,-0.0,-2.799,-17.57,-0.7809,0.0,0.0,-24.41,-18.35,1.048
CC1(C)[C@H](O)C(C)(C)[C@H]1O,BPA_CID76382__prepared_state_020,21,Done,,2.048,-6.249,grid,-6.249,-2.439,0.0,-0.0,-2.817,-16.75,-1.042,0.0,0.0,-24.15,-17.79,1.075
CC1(C)[C@H](O)C(C)(C)[C@H]1O,BPA_CID76382__prepared_state_020,21,Done,,2.048,-6.088,grid,-6.088,-2.399,0.0,-0.0,-2.742,-17.42,-0.5073,0.0,0.0,-24.15,-17.93,0.9955
CC1(C)[C@H](O)C(C)(C)[C@H]1O,BPA_CID76382__prepared_state_020,21,Done,,2.048,-5.876,grid,-5.876,-2.105,0.0,-0.0,-2.787,-17.34,-0.7771,0.0,0.0,-24.06,-18.11,1.077
CC1(C)[C@H](O)C(C)(C)[C@H]1O,BPA_CID76382__prepared_state_020,21,Done,,2.048,-5.964,grid,-5.964,-2.324,0.0,-0.0,-2.8,-17.09,0.09524,0.0,0.0,-23.57,-16.99,0.005961
CC1(C)[C@H](O)C(C)(C)[C@H]1O,BPA_CID76382__prepared_state_020,21,Done,,2.048,-6.032,grid,-6.032,-2.419,0.0,-0.0,-2.757,-17.51,0.1248,0.0,0.0,-23.44,-17.39,1.201
CC1(C)[C@H](O)C(C)(C)[C@H]1O,BPA_CID76382__prepared_state_020,21,Done,,2.048,-6.189,grid,-6.189,-2.46,0.0,-0.0,-2.817,-16.08,-0.7224,0.0,0.0,-23.1,-16.8,1.063
CC1(C)[C@H](O)C(C)(C)[C@H]1O,BPA_CID76382__prepared_state_020,21,Done,,2.048,-5.843,grid,-5.843,-2.219,0.0,-0.0,-2.743,-16.89,-0.2467,0.0,0.0,-23.03,-17.14,1.107
CC1(C)[C@H](O)C(C)(C)[C@H]1O,BPA_CID76382__prepared_state_020,21,Done,,2.048,-6.022,grid,-6.022,-2.374,0.0,-0.0,-2.817,-16.16,-0.1604,0.0,0.0,-22.93,-16.32,0.08326
CC1(C)[C@H](O)C(C)(C)[C@H]1O,BPA_CID76382__prepared_state_020,21,Done,,2.048,-5.8,grid,-5.8,-2.186,0.0,-0.0,-2.734,-16.71,-0.2925,0.0,0.0,-22.78,-17.0,1.236
CC1(C)[C@H](O)C(C)(C)[C@H]1O,BPA_CID76382__prepared_state_020,21,Done,,2.048,-5.84,grid,-5.84,-2.253,0.0,-0.0,-2.734,-16.68,-0.133,0.0,0.0,-22.65,-16.81,1.208
CC1(C)[C@H](O)C(C)(C)[C@H]1O,BPA_CID76382__prepared_state_020,21,Done,,2.048,-6.402,grid,-6.402,-2.002,-0.32,-0.0,-2.817,-11.36,-4.637,0.0,0.0,-22.32,-15.99,1.479
CC1(C)[C@H](O)C(C)(C)[C@H]1O,BPA_CID76382__prepared_state_020,21,Done,,2.048,-5.828,grid,-5.828,-2.104,0.0,-0.0,-2.842,-16.56,-0.3606,0.0,0.0,-22.23,-16.92,2.243
CC1(C)[C@H](O)C(C)(C)[C@H]1O,BPA_CID76382__prepared_state_020,21,Done,,2.048,-6.028,grid,-6.028,-2.388,0.0,-0.0,-2.808,-15.78,-0.2801,0.0,0.0,-22.18,-16.06,1.076
CC1(C)[C@H](O)C(C)(C)[C@H]1O,BPA_CID76382__prepared_state_020,21,Done,,2.048,-5.861,grid,-5.861,-2.159,0.0,-0.0,-2.825,-15.61,-0.6497,0.0,0.0,-22.16,-16.26,1.122
CC1(C)[C@H](O)C(C)(C)[C@H]1O,BPA_CID76382__prepared_state_020,21,Done,,2.048,-5.934,grid,-5.934,-2.269,0.0,-0.0,-2.817,-15.7,-0.4224,0.0,0.0,-22.14,-16.13,1.068
CC1(C)[C@H](O)C(C)(C)[C@H]1O,BPA_CID76382__prepared_state_020,21,Done,,2.048,-6.297,grid,-6.297,-2.104,-0.32,-0.0,-2.783,-13.0,-2.933,0.0,0.0,-22.13,-15.93,1.504
COC(=O)C(c1ccc(O)cc1)c1ccc(O)cc1,BPA_CID78805__prepared_state_021,22,Done,,3.246,-10.94,grid,-10.94,-4.183,-0.5832,-0.0,-2.992,-33.63,-13.72,0.556,0.0,-74.48,-47.34,7.281
COC(=O)C(c1ccc(O)cc1)c1ccc(O)cc1,BPA_CID78805__prepared_state_021,22,Done,,3.246,-10.95,grid,-10.95,-4.189,-0.5733,-0.0,-2.993,-33.58,-13.82,0.556,0.0,-73.85,-47.4,8.7
COC(=O)C(c1ccc(O)cc1)c1ccc(O)cc1,BPA_CID78805__prepared_state_021,22,Done,,3.246,-10.89,grid,-10.89,-4.168,-0.5757,-0.0,-2.997,-33.33,-13.61,0.556,0.0,-73.81,-46.94,7.532
COC(=O)C(c1ccc(O)cc1)c1ccc(O)cc1,BPA_CID78805__prepared_state_021,22,Done,,3.246,-10.76,grid,-10.76,-4.051,-0.5492,-0.0,-2.984,-31.48,-14.41,0.556,0.0,-72.26,-45.89,7.828
COC(=O)C(c1ccc(O)cc1)c1ccc(O)cc1,BPA_CID78805__prepared_state_021,22,Done,,3.246,-10.13,grid,-10.14,-4.259,-0.595,-0.0,-2.997,-35.72,-8.615,0.7943,0.0,-70.27,-44.34,5.165
COC(=O)C(c1ccc(O)cc1)c1ccc(O)cc1,BPA_CID78805__prepared_state_021,22,Done,,3.246,-9.53,grid,-9.532,-3.641,-0.7312,-0.0,-2.981,-33.13,-8.773,0.7943,0.0,-65.54,-41.91,6.37
COC(=O)C(c1ccc(O)cc1)c1ccc(O)cc1,BPA_CID78805__prepared_state_021,22,Done,,3.246,-9.741,grid,-9.743,-3.608,-0.608,-0.0,-2.975,-32.29,-9.952,0.556,0.0,-65.44,-42.25,8.426
COC(=O)C(c1ccc(O)cc1)c1ccc(O)cc1,BPA_CID78805__prepared_state_021,22,Done,,3.246,-9.512,grid,-9.514,-3.629,-0.7331,-0.0,-2.98,-32.98,-8.781,0.7943,0.0,-64.96,-41.76,7.115
COC(=O)C(c1ccc(O)cc1)c1ccc(O)cc1,BPA_CID78805__prepared_state_021,22,Done,,3.246,-9.736,grid,-9.739,-3.601,-0.608,-0.0,-2.975,-32.13,-10.02,0.556,0.0,-64.82,-42.16,9.47
COC(=O)C(c1ccc(O)cc1)c1ccc(O)cc1,BPA_CID78805__prepared_state_021,22,Done,,3.246,-9.734,grid,-9.736,-3.598,-0.608,-0.0,-2.975,-32.07,-10.05,0.556,0.0,-64.48,-42.12,10.06
COC(=O)C(c1ccc(O)cc1)c1ccc(O)cc1,BPA_CID78805__prepared_state_021,22,Done,,3.246,-9.729,grid,-9.732,-3.581,-0.608,-0.0,-2.975,-32.13,-10.11,0.556,0.0,-64.36,-42.24,10.51
COC(=O)C(c1ccc(O)cc1)c1ccc(O)cc1,BPA_CID78805__prepared_state_021,22,Done,,3.246,-9.232,grid,-9.234,-3.542,-0.7357,-0.0,-2.718,-32.51,-9.385,0.7943,0.0,-62.69,-41.89,10.36
COC(=O)C(c1ccc(O)cc1)c1ccc(O)cc1,BPA_CID78805__prepared_state_021,22,Done,,3.246,-9.614,grid,-9.616,-3.978,-0.456,-0.0,-2.746,-27.39,-12.4,0.7943,0.0,-62.49,-39.8,8.721
COC(=O)C(c1ccc(O)cc1)c1ccc(O)cc1,BPA_CID78805__prepared_state_021,22,Done,,3.246,-6.918,grid,-6.921,-3.789,-0.608,-0.0,0.3661,-36.01,-10.97,0.556,0.0,-61.14,-46.98,10.63
COC(=O)C(c1ccc(O)cc1)c1ccc(O)cc1,BPA_CID78805__prepared_state_021,22,Done,,3.246,-9.333,grid,-9.335,-4.164,-0.3022,-0.0,-2.998,-33.84,-4.894,0.556,0.0,-60.61,-38.74,8.764
COC(=O)C(c1ccc(O)cc1)c1ccc(O)cc1,BPA_CID78805__prepared_state_021,22,Done,,3.246,-7.297,grid,-7.299,-3.955,-0.7253,-0.0,-0.08066,-37.02,-9.877,0.7943,0.0,-60.51,-46.89,13.83
COC(=O)C(c1ccc(O)cc1)c1ccc(O)cc1,BPA_CID78805__prepared_state_021,22,Done,,3.246,-7.281,grid,-7.283,-3.952,-0.7257,-0.0,-0.08602,-36.62,-9.883,0.7943,0.0,-59.93,-46.5,14.11
COC(=O)C(c1ccc(O)cc1)c1ccc(O)cc1,BPA_CID78805__prepared_state_021,22,Done,,3.246,-9.15,grid,-9.152,-3.293,-0.7342,-0.0,-2.997,-27.03,-10.47,0.7943,0.0,-59.8,-37.5,6.894
COC(=O)C(c1ccc(O)cc1)c1ccc(O)cc1,BPA_CID78805__prepared_state_021,22,Done,,3.246,-9.137,grid,-9.14,-3.288,-0.7342,-0.0,-2.997,-26.73,-10.52,0.7943,0.0,-59.71,-37.25,6.493
COC(=O)C(c1ccc(O)cc1)c1ccc(O)cc1,BPA_CID78805__prepared_state_021,22,Done,,3.246,-7.35,grid,-7.352,-3.789,-0.608,-0.0,-0.1095,-35.55,-10.82,0.556,0.0,-59.31,-46.37,15.48
Cc1cc(Cc2cc(C)c(O)c(C)c2)cc(C)c1O,BPA_CID79345__prepared_state_022,23,Done,,1.231,-8.707,grid,-8.708,-4.222,-0.456,-0.0,-2.561,-9.604,-10.16,0.5364,0.0,-26.19,-19.77,3.276
Cc1cc(Cc2cc(C)c(O)c(C)c2)cc(C)c1O,BPA_CID79345__prepared_state_022,23,Done,,1.231,-7.766,grid,-7.766,-4.256,-0.16,-0.0,-2.561,-17.2,-3.101,0.5364,0.0,-25.79,-20.3,3.394
Cc1cc(Cc2cc(C)c(O)c(C)c2)cc(C)c1O,BPA_CID79345__prepared_state_022,23,Done,,1.231,-8.27,grid,-8.27,-4.252,-0.3968,-0.0,-2.561,-7.13,-8.266,0.5364,0.0,-21.48,-15.4,3.136
Cc1cc(Cc2cc(C)c(O)c(C)c2)cc(C)c1O,BPA_CID79345__prepared_state_022,23,Done,,1.231,-3.772,grid,-3.772,-1.473,-0.009895,-0.0,-1.661,-17.12,-2.052,0.5364,0.0,-20.7,-19.17,3.928
Cc1cc(Cc2cc(C)c(O)c(C)c2)cc(C)c1O,BPA_CID79345__prepared_state_022,23,Done,,1.231,-2.624,grid,-2.624,-0.3472,-0.05936,-0.0,-1.661,-14.41,-2.485,0.5364,0.0,-19.24,-16.89,0.157
Cc1cc(Cc2cc(C)c(O)c(C)c2)cc(C)c1O,BPA_CID79345__prepared_state_022,23,Done,,1.231,-2.906,grid,-2.907,-0.9413,0.0,-0.0,-1.661,-15.77,-0.3455,0.5364,0.0,-18.64,-16.12,0.3329
Cc1cc(Cc2cc(C)c(O)c(C)c2)cc(C)c1O,BPA_CID79345__prepared_state_022,23,Done,,1.231,-2.978,grid,-2.979,-0.5947,-0.2895,-0.0,-1.661,-14.27,-1.708,0.5364,0.0,-18.53,-15.98,0.4031
Cc1cc(Cc2cc(C)c(O)c(C)c2)cc(C)c1O,BPA_CID79345__prepared_state_022,23,Done,,1.231,-2.567,grid,-2.567,-0.6571,0.0,-0.0,-1.661,-12.41,-1.099,0.5364,0.0,-15.79,-13.51,0.2031
Cc1cc(Cc2cc(C)c(O)c(C)c2)cc(C)c1O,BPA_CID79345__prepared_state_022,23,Done,,1.231,-1.926,grid,-1.927,-0.1565,0.0,-0.0,-1.661,-13.02,0.03865,0.5364,0.0,-14.35,-12.98,0.8411
O=S(=O)(c1ccc(O)cc1)c1ccccc1O,BPA_CID79381__prepared_state_023,24,Done,,2.146,-8.964,grid,-9.278,-3.544,-0.2946,-0.0,-3.022,-34.35,-7.273,0.3913,0.0,-64.7,-41.62,2.875
O=S(=O)(c1ccc(O)cc1)c1ccccc1O,BPA_CID79381__prepared_state_023,24,Done,,2.146,-8.899,grid,-9.213,-3.535,-0.2989,-0.0,-3.016,-34.77,-6.773,0.3913,0.0,-63.94,-41.55,3.905
O=S(=O)(c1ccc(O)cc1)c1ccccc1O,BPA_CID79381__prepared_state_023,24,Done,,2.146,-8.657,grid,-8.971,-3.617,-0.3857,-0.0,-3.002,-36.53,-4.66,0.5589,0.0,-63.05,-41.19,3.706
O=S(=O)(c1ccc(O)cc1)c1ccccc1O,BPA_CID79381__prepared_state_023,24,Done,,2.146,-8.66,grid,-8.973,-3.618,-0.3854,-0.0,-3.002,-36.54,-4.667,0.5589,0.0,-63.0,-41.21,3.835
O=S(=O)(c1ccc(O)cc1)c1ccccc1O,BPA_CID79381__prepared_state_023,24,Done,,2.146,-8.806,grid,-9.119,-3.537,-0.2984,-0.0,-3.016,-34.6,-6.192,0.3913,0.0,-62.93,-40.79,3.927
O=S(=O)(c1ccc(O)cc1)c1ccccc1O,BPA_CID79381__prepared_state_023,24,Done,,2.146,-8.494,grid,-8.808,-3.47,-0.3689,-0.0,-2.912,-35.22,-5.701,0.5589,0.0,-62.84,-40.92,2.719
O=S(=O)(c1ccc(O)cc1)c1ccccc1O,BPA_CID79381__prepared_state_023,24,Done,,2.146,-8.798,grid,-9.112,-3.534,-0.2983,-0.0,-3.015,-34.56,-6.182,0.3913,0.0,-62.8,-40.75,4.056
O=S(=O)(c1ccc(O)cc1)c1ccccc1O,BPA_CID79381__prepared_state_023,24,Done,,2.146,-8.508,grid,-8.822,-3.504,-0.32,-0.0,-2.982,-35.47,-5.343,0.5589,0.0,-62.8,-40.81,2.667
O=S(=O)(c1ccc(O)cc1)c1ccccc1O,BPA_CID79381__prepared_state_023,24,Done,,2.146,-8.488,grid,-8.802,-3.482,-0.3625,-0.0,-2.92,-35.35,-5.521,0.5589,0.0,-62.66,-40.88,2.959
O=S(=O)(c1ccc(O)cc1)c1ccccc1O,BPA_CID79381__prepared_state_023,24,Done,,2.146,-8.06,grid,-8.374,-3.148,-0.32,-0.0,-2.949,-36.47,-4.617,0.5589,0.0,-62.6,-41.08,1.214
O=S(=O)(c1ccc(O)cc1)c1ccccc1O,BPA_CID79381__prepared_state_023,24,Done,,2.146,-8.406,grid,-8.72,-3.467,-0.32,-0.0,-2.922,-35.56,-5.277,0.5589,0.0,-62.58,-40.84,2.605
O=S(=O)(c1ccc(O)cc1)c1ccccc1O,BPA_CID79381__prepared_state_023,24,Done,,2.146,-8.492,grid,-8.806,-3.264,-0.3025,-0.0,-3.034,-32.83,-6.365,0.3913,0.0,-60.98,-39.19,2.964
O=S(=O)(c1ccc(O)cc1)c1ccccc1O,BPA_CID79381__prepared_state_023,24,Done,,2.146,-8.49,grid,-8.804,-3.262,-0.3025,-0.0,-3.034,-32.75,-6.39,0.3913,0.0,-60.93,-39.14,2.953
O=S(=O)(c1ccc(O)cc1)c1ccccc1O,BPA_CID79381__prepared_state_023,24,Done,,2.146,-8.626,grid,-8.94,-3.542,-0.1904,-0.0,-3.017,-33.02,-6.203,0.3913,0.0,-60.69,-39.22,4.312
O=S(=O)(c1ccc(O)cc1)c1ccccc1O,BPA_CID79381__prepared_state_023,24,Done,,2.146,-8.222,grid,-8.535,-3.244,-0.4042,-0.0,-3.021,-33.72,-4.927,0.5589,0.0,-59.83,-38.65,2.747
O=S(=O)(c1ccc(O)cc1)c1ccccc1O,BPA_CID79381__prepared_state_023,24,Done,,2.146,-8.321,grid,-8.634,-3.321,-0.2053,-0.0,-3.052,-27.9,-7.018,0.3913,0.0,-56.87,-34.92,1.736
O=S(=O)(c1ccc(O)cc1)c1ccccc1O,BPA_CID79381__prepared_state_023,24,Done,,2.146,-8.179,grid,-8.493,-3.307,-0.1865,-0.0,-3.053,-29.64,-5.708,0.3913,0.0,-56.57,-35.35,2.441
O=S(=O)(c1ccc(O)cc1)c1ccccc1O,BPA_CID79381__prepared_state_023,24,Done,,2.146,-8.362,grid,-8.676,-3.368,-0.2031,-0.0,-3.032,-28.37,-6.967,0.3913,0.0,-56.45,-35.34,3.644
O=S(=O)(c1ccc(O)cc1)c1ccccc1O,BPA_CID79381__prepared_state_023,24,Done,,2.146,-8.543,grid,-8.857,-3.352,-0.4828,-0.0,-3.032,-29.09,-6.178,0.3913,0.0,-55.32,-35.27,6.706
O=S(=O)(c1ccc(O)cc1)c1ccccc1O,BPA_CID79381__prepared_state_023,24,Done,,2.146,-8.064,grid,-8.377,-3.293,-0.1849,-0.0,-2.999,-29.04,-5.599,0.3913,0.0,-54.49,-34.64,4.583
O=S(=O)(c1ccc([O-])cc1)c1ccccc1O,BPA_CID79381__prepared_state_024,25,Done,,2.328,-6.927,grid,-7.865,-3.655,-0.07234,-0.0,-3.023,-35.62,0.6932,0.5628,0.0,-49.69,-34.93,1.942
O=S(=O)(c1ccc([O-])cc1)c1ccccc1O,BPA_CID79381__prepared_state_024,25,Done,,2.328,-6.808,grid,-7.745,-3.658,-0.07409,-0.0,-3.011,-35.57,1.425,0.5628,0.0,-49.15,-34.14,0.9521
O=S(=O)(c1ccc([O-])cc1)c1ccccc1O,BPA_CID79381__prepared_state_024,25,Done,,2.328,-6.27,grid,-7.207,-3.166,0.0,-0.0,-2.874,-35.76,0.3812,0.5628,0.0,-49.05,-35.37,1.475
O=S(=O)(c1ccc([O-])cc1)c1ccccc1O,BPA_CID79381__prepared_state_024,25,Done,,2.328,-6.635,grid,-7.573,-3.392,-0.08731,-0.0,-2.961,-34.16,0.08619,0.5628,0.0,-48.26,-34.07,1.918
O=S(=O)(c1ccc([O-])cc1)c1ccccc1O,BPA_CID79381__prepared_state_024,25,Done,,2.328,-6.176,grid,-7.114,-3.119,0.0,-0.0,-2.981,-34.77,1.075,0.5628,0.0,-47.34,-33.69,1.161
O=S(=O)(c1ccc([O-])cc1)c1ccccc1O,BPA_CID79381__prepared_state_024,25,Done,,2.328,-6.547,grid,-7.484,-3.347,-0.07064,-0.0,-3.041,-33.65,0.6269,0.5628,0.0,-46.96,-33.02,2.05
O=S(=O)(c1ccc([O-])cc1)c1ccccc1O,BPA_CID79381__prepared_state_024,25,Done,,2.328,-6.286,grid,-7.223,-3.433,0.0,-0.0,-3.026,-32.41,1.96,0.5628,0.0,-44.52,-30.45,0.7596
O=S(=O)(c1ccc([O-])cc1)c1ccccc1O,BPA_CID79381__prepared_state_024,25,Done,,2.328,-6.267,grid,-7.205,-3.442,-0.0001167,-0.0,-3.019,-30.78,1.548,0.5628,0.0,-42.85,-29.23,1.576
O=S(=O)(c1ccc([O-])cc1)c1ccccc1O,BPA_CID79381__prepared_state_024,25,Done,,2.328,-6.622,grid,-7.559,-3.504,-0.2399,-0.0,-3.053,-26.59,0.02435,0.5628,0.0,-41.24,-26.57,0.8895
O=S(=O)(c1ccc([O-])cc1)c1ccccc1O,BPA_CID79381__prepared_state_024,25,Done,,2.328,-5.937,grid,-6.875,-3.239,0.0,-0.0,-3.06,-29.12,2.115,0.5628,0.0,-40.35,-27.0,0.8007
O=S(=O)(c1ccc([O-])cc1)c1ccccc1O,BPA_CID79381__prepared_state_024,25,Done,,2.328,-6.011,grid,-6.948,-3.307,-0.02717,-0.0,-3.004,-28.82,1.791,0.5628,0.0,-39.94,-27.03,1.969
O=S(=O)(c1ccc([O-])cc1)c1ccccc1O,BPA_CID79381__prepared_state_024,25,Done,,2.328,-5.693,grid,-6.63,-3.097,-0.0311,-0.0,-3.003,-28.01,2.259,0.5628,0.0,-38.66,-25.75,0.709
O=S(=O)(c1ccc([O-])cc1)c1ccccc1O,BPA_CID79381__prepared_state_024,25,Done,,2.328,-5.826,grid,-6.764,-3.282,-0.0289,-0.0,-3.005,-28.9,2.898,0.5628,0.0,-38.52,-26.01,2.026
O=S(=O)(c1ccc([O-])cc1)c1ccccc1O,BPA_CID79381__prepared_state_024,25,Done,,2.328,-5.773,grid,-6.71,-3.21,0.0,-0.0,-2.951,-19.71,-0.8427,0.5628,0.0,-33.59,-20.55,0.7564
O=S(=O)(c1ccc([O-])cc1)c1ccccc1O,BPA_CID79381__prepared_state_024,25,Done,,2.328,-5.815,grid,-6.753,-2.969,-0.1709,-0.0,-2.911,-20.12,-1.722,0.5628,0.0,-33.34,-21.84,4.022
O=S(=O)(c1ccc([O-])cc1)c1ccccc1O,BPA_CID79381__prepared_state_024,25,Done,,2.328,-5.318,grid,-6.256,-2.969,0.0,-0.0,-2.887,-19.49,0.07774,0.5628,0.0,-30.36,-19.41,3.116
O=S(=O)(c1ccc([O-])cc1)c1ccccc1O,BPA_CID79381__prepared_state_024,25,Done,,2.328,-5.475,grid,-6.412,-2.991,-0.166,-0.0,-2.988,-20.52,1.304,0.5628,0.0,-29.21,-19.22,5.663
O=S(=O)(c1ccc([O-])cc1)c1ccccc1O,BPA_CID79381__prepared_state_024,25,Done,,2.328,-5.149,grid,-6.087,-3.202,-0.008298,-0.0,-2.934,-18.38,2.763,0.5628,0.0,-24.38,-15.62,6.821
O=S(=O)(c1ccc([O-])cc1)c1ccccc1O,BPA_CID79381__prepared_state_024,25,Done,,2.328,-5.342,grid,-6.279,-3.412,0.0,-0.0,-2.941,-13.09,1.104,0.5628,0.0,-24.15,-11.99,0.7941
O=S(=O)(c1ccc([O-])cc1)c1ccccc1O,BPA_CID79381__prepared_state_024,25,Done,,2.328,-4.921,grid,-5.858,-3.198,0.0,-0.0,-2.89,-13.64,2.326,0.5628,0.0,-22.21,-11.31,1.638
O=S(=O)(c1ccc(O)cc1)c1ccccc1[O-],BPA_CID79381__prepared_state_025,26,Done,,1.93,-7.296,grid,-8.41,-3.286,-0.32,-0.0,-2.949,-35.78,-4.194,0.5628,0.0,-57.69,-39.98,2.081
O=S(=O)(c1ccc(O)cc1)c1ccccc1[O-],BPA_CID79381__prepared_state_025,26,Done,,1.93,-7.237,grid,-8.351,-3.274,-0.32,-0.0,-2.945,-35.8,-3.9,0.5628,0.0,-57.5,-39.7,1.635
O=S(=O)(c1ccc(O)cc1)c1ccccc1[O-],BPA_CID79381__prepared_state_025,26,Done,,1.93,-7.748,grid,-8.862,-3.56,-0.297,-0.0,-3.023,-33.14,-4.792,0.394,0.0,-55.57,-37.93,4.227
O=S(=O)(c1ccc(O)cc1)c1ccccc1[O-],BPA_CID79381__prepared_state_025,26,Done,,1.93,-7.748,grid,-8.862,-3.558,-0.2969,-0.0,-3.024,-33.1,-4.809,0.394,0.0,-55.51,-37.91,4.32
O=S(=O)(c1ccc(O)cc1)c1ccccc1[O-],BPA_CID79381__prepared_state_025,26,Done,,1.93,-7.142,grid,-8.256,-3.448,-0.32,-0.0,-2.914,-34.03,-2.901,0.5628,0.0,-54.17,-36.94,2.351
O=S(=O)(c1ccc(O)cc1)c1ccccc1[O-],BPA_CID79381__prepared_state_025,26,Done,,1.93,-6.993,grid,-8.107,-3.287,-0.32,-0.0,-2.923,-33.89,-2.971,0.5628,0.0,-54.0,-36.86,1.872
O=S(=O)(c1ccc(O)cc1)c1ccccc1[O-],BPA_CID79381__prepared_state_025,26,Done,,1.93,-7.214,grid,-8.329,-3.625,-0.3302,-0.0,-3.021,-36.18,-0.7117,0.5628,0.0,-53.92,-36.89,3.079
O=S(=O)(c1ccc(O)cc1)c1ccccc1[O-],BPA_CID79381__prepared_state_025,26,Done,,1.93,-7.215,grid,-8.33,-3.62,-0.3246,-0.0,-3.027,-36.08,-0.7852,0.5628,0.0,-53.74,-36.87,3.397
O=S(=O)(c1ccc(O)cc1)c1ccccc1[O-],BPA_CID79381__prepared_state_025,26,Done,,1.93,-7.476,grid,-8.591,-3.368,-0.3005,-0.0,-3.023,-31.43,-4.808,0.394,0.0,-53.69,-36.24,3.393
O=S(=O)(c1ccc(O)cc1)c1ccccc1[O-],BPA_CID79381__prepared_state_025,26,Done,,1.93,-7.442,grid,-8.556,-3.361,-0.3005,-0.0,-3.021,-30.98,-4.791,0.394,0.0,-53.21,-35.77,3.276
O=S(=O)(c1ccc(O)cc1)c1ccccc1[O-],BPA_CID79381__prepared_state_025,26,Done,,1.93,-7.056,grid,-8.17,-3.242,-0.3913,-0.0,-3.031,-32.27,-3.039,0.5628,0.0,-52.03,-35.31,2.992
O=S(=O)(c1ccc(O)cc1)c1ccccc1[O-],BPA_CID79381__prepared_state_025,26,Done,,1.93,-7.037,grid,-8.151,-3.372,-0.3945,-0.0,-3.015,-33.69,-1.651,0.5628,0.0,-51.9,-35.34,3.231
O=S(=O)(c1ccc(O)cc1)c1ccccc1[O-],BPA_CID79381__prepared_state_025,26,Done,,1.93,-7.351,grid,-8.465,-3.418,-0.2077,-0.0,-3.043,-29.61,-4.733,0.394,0.0,-51.75,-34.34,2.923
O=S(=O)(c1ccc(O)cc1)c1ccccc1[O-],BPA_CID79381__prepared_state_025,26,Done,,1.93,-6.84,grid,-7.955,-3.371,-0.3425,-0.0,-2.995,-33.88,-0.7662,0.5628,0.0,-50.7,-34.64,3.364
O=S(=O)(c1ccc(O)cc1)c1ccccc1[O-],BPA_CID79381__prepared_state_025,26,Done,,1.93,-7.054,grid,-8.169,-3.276,-0.1827,-0.0,-3.06,-28.51,-4.128,0.394,0.0,-49.9,-32.64,1.891
O=S(=O)(c1ccc(O)cc1)c1ccccc1[O-],BPA_CID79381__prepared_state_025,26,Done,,1.93,-6.861,grid,-7.976,-3.385,-0.16,-0.0,-3.023,-29.21,-3.407,0.5628,0.0,-49.78,-32.62,1.234
O=S(=O)(c1ccc(O)cc1)c1ccccc1[O-],BPA_CID79381__prepared_state_025,26,Done,,1.93,-6.892,grid,-8.006,-3.289,-0.1842,-0.0,-3.004,-27.13,-3.777,0.394,0.0,-47.29,-30.91,2.934
O=S(=O)(c1ccc(O)cc1)c1ccccc1[O-],BPA_CID79381__prepared_state_025,26,Done,,1.93,-6.989,grid,-8.104,-3.305,-0.2847,-0.0,-3.06,-28.89,-2.691,0.394,0.0,-46.93,-31.58,5.43
O=S(=O)(c1ccc(O)cc1)c1ccccc1[O-],BPA_CID79381__prepared_state_025,26,Done,,1.93,-6.888,grid,-8.002,-3.275,-0.1874,-0.0,-3.004,-27.1,-3.832,0.394,0.0,-46.88,-30.93,3.791
O=S(=O)(c1ccc(O)cc1)c1ccccc1[O-],BPA_CID79381__prepared_state_025,26,Done,,1.93,-6.755,grid,-7.869,-3.217,-0.1894,-0.0,-2.997,-26.55,-3.551,0.394,0.0,-45.31,-30.1,4.673
Cc1cc(C(C)(C)c2cc(C)c(O)c(C)c2)cc(C)c1O,BPA_CID79717__prepared_state_026,27,Done,,1.443,-9.696,grid,-9.697,-4.795,-0.5138,-0.0,-2.37,-13.46,-11.06,0.3137,0.0,-32.14,-24.52,2.391
Cc1cc(C(C)(C)c2cc(C)c(O)c(C)c2)cc(C)c1O,BPA_CID79717__prepared_state_026,27,Done,,1.443,-8.613,grid,-8.613,-4.793,-0.2183,-0.0,-2.37,-13.83,-5.691,0.3137,0.0,-26.7,-19.52,1.315
Cc1cc(C(C)(C)c2cc(C)c(O)c(C)c2)cc(C)c1O,BPA_CID79717__prepared_state_026,27,Done,,1.443,-8.572,grid,-8.572,-4.749,-0.2205,-0.0,-2.37,-14.15,-5.596,0.3137,0.0,-26.61,-19.75,1.866
Cc1cc(C(C)(C)c2cc(C)c(O)c(C)c2)cc(C)c1O,BPA_CID79717__prepared_state_026,27,Done,,1.443,-3.317,grid,-3.317,-0.7555,-0.16,-0.0,-1.47,-17.37,-3.411,0.4482,0.0,-22.44,-20.78,2.708
Cc1cc(C(C)(C)c2cc(C)c(O)c(C)c2)cc(C)c1O,BPA_CID79717__prepared_state_026,27,Done,,1.443,-2.928,grid,-2.929,-0.0537,-0.4452,-0.0,-1.47,-11.69,-5.491,0.4482,0.0,-18.2,-17.18,3.289
CC(C)CC(C)(c1ccc(O)cc1)c1ccc(O)cc1,BPA_CID81259__prepared_state_027,28,Done,,3.527,-8.658,grid,-8.66,-4.517,-0.32,-0.0,-2.466,-24.1,-4.445,0.5138,0.0,-36.21,-28.54,5.279
CC(C)CC(C)(c1ccc(O)cc1)c1ccc(O)cc1,BPA_CID81259__prepared_state_027,28,Done,,3.527,-8.587,grid,-8.588,-4.539,-0.4796,-0.0,-2.466,-23.37,-4.466,0.734,0.0,-36.1,-27.83,3.9
CC(C)CC(C)(c1ccc(O)cc1)c1ccc(O)cc1,BPA_CID81259__prepared_state_027,28,Done,,3.527,-8.583,grid,-8.585,-4.474,-0.32,-0.0,-2.466,-22.97,-4.604,0.5138,0.0,-35.2,-27.58,5.19
CC(C)CC(C)(c1ccc(O)cc1)c1ccc(O)cc1,BPA_CID81259__prepared_state_027,28,Done,,3.527,-9.158,grid,-9.16,-5.133,-0.2473,-0.0,-2.466,-21.06,-5.167,0.5138,0.0,-33.7,-26.23,6.862
CC(C)CC(C)(c1ccc(O)cc1)c1ccc(O)cc1,BPA_CID81259__prepared_state_027,28,Done,,3.527,-8.671,grid,-8.673,-4.54,-0.4795,-0.0,-2.466,-23.82,-4.875,0.734,0.0,-33.53,-28.69,10.96
CC(C)CC(C)(c1ccc(O)cc1)c1ccc(O)cc1,BPA_CID81259__prepared_state_027,28,Done,,3.527,-9.057,grid,-9.059,-4.78,-0.32,-0.0,-2.466,-22.49,-5.882,0.5138,0.0,-33.05,-28.38,12.21
CC(C)CC(C)(c1ccc(O)cc1)c1ccc(O)cc1,BPA_CID81259__prepared_state_027,28,Done,,3.527,-9.165,grid,-9.166,-4.808,-0.456,-0.0,-2.466,-15.01,-9.466,0.734,0.0,-32.65,-24.48,5.461
CC(C)CC(C)(c1ccc(O)cc1)c1ccc(O)cc1,BPA_CID81259__prepared_state_027,28,Done,,3.527,-8.858,grid,-8.859,-4.104,-0.608,-0.0,-2.466,-18.44,-8.492,0.5138,0.0,-32.48,-26.93,9.981
CC(C)CC(C)(c1ccc(O)cc1)c1ccc(O)cc1,BPA_CID81259__prepared_state_027,28,Done,,3.527,-8.909,grid,-8.911,-5.193,-0.4013,-0.0,-2.466,-23.12,-2.859,0.734,0.0,-32.03,-25.98,9.103
CC(C)CC(C)(c1ccc(O)cc1)c1ccc(O)cc1,BPA_CID81259__prepared_state_027,28,Done,,3.527,-8.839,grid,-8.841,-5.219,-0.3467,-0.0,-2.466,-23.16,-2.573,0.734,0.0,-31.35,-25.73,9.801
CC(C)CC(C)(c1ccc(O)cc1)c1ccc(O)cc1,BPA_CID81259__prepared_state_027,28,Done,,3.527,-8.74,grid,-8.742,-4.602,-0.32,-0.0,-2.466,-19.32,-6.015,0.5138,0.0,-30.17,-25.33,11.12
CC(C)CC(C)(c1ccc(O)cc1)c1ccc(O)cc1,BPA_CID81259__prepared_state_027,28,Done,,3.527,-8.459,grid,-8.461,-4.626,-0.32,-0.0,-2.466,-20.75,-4.969,0.734,0.0,-29.53,-25.72,12.52
CC(C)CC(C)(c1ccc(O)cc1)c1ccc(O)cc1,BPA_CID81259__prepared_state_027,28,Done,,3.527,-9.199,grid,-9.201,-4.406,-0.6198,-0.0,-2.466,-16.7,-9.259,0.5138,0.0,-29.16,-25.96,15.5
CC(C)CC(C)(c1ccc(O)cc1)c1ccc(O)cc1,BPA_CID81259__prepared_state_027,28,Done,,3.527,-8.85,grid,-8.852,-4.945,-0.2217,-0.0,-2.466,-19.93,-4.906,0.5138,0.0,-29.05,-24.84,12.64
CC(C)CC(C)(c1ccc(O)cc1)c1ccc(O)cc1,BPA_CID81259__prepared_state_027,28,Done,,3.527,-8.764,grid,-8.766,-4.91,-0.2834,-0.0,-2.466,-17.31,-5.037,0.5138,0.0,-28.84,-22.34,7.866
CC(C)CC(C)(c1ccc(O)cc1)c1ccc(O)cc1,BPA_CID81259__prepared_state_027,28,Done,,3.527,-9.233,grid,-9.235,-4.571,-0.4892,-0.0,-2.466,-11.59,-10.96,0.5138,0.0,-28.29,-22.54,10.5
CC(C)CC(C)(c1ccc(O)cc1)c1ccc(O)cc1,BPA_CID81259__prepared_state_027,28,Done,,3.527,-8.949,grid,-8.95,-4.398,-0.6243,-0.0,-2.466,-14.34,-8.4,0.5138,0.0,-28.21,-22.74,10.35
CC(C)CC(C)(c1ccc(O)cc1)c1ccc(O)cc1,BPA_CID81259__prepared_state_027,28,Done,,3.527,-8.639,grid,-8.641,-4.054,-0.6663,-0.0,-2.466,-12.15,-10.54,0.734,0.0,-27.25,-22.69,11.45
CC(C)CC(C)(c1ccc(O)cc1)c1ccc(O)cc1,BPA_CID81259__prepared_state_027,28,Done,,3.527,-8.372,grid,-8.374,-4.834,-0.3745,-0.0,-2.466,-20.49,-2.728,0.734,0.0,-26.06,-23.22,14.24
CC(C)CC(C)(c1ccc(O)cc1)c1ccc(O)cc1,BPA_CID81259__prepared_state_027,28,Done,,3.527,-7.971,grid,-7.973,-4.351,-0.1637,-0.0,-2.466,-8.827,-8.569,0.734,0.0,-25.77,-17.4,2.22
O=S(=O)(c1ccc(O)cc1)c1ccc(OCc2ccccc2)cc1,BPA_CID113063__prepared_state_028,29,Done,,5.366,-3.876,grid,-4.053,-1.386,-0.32,-0.0,-1.12,-26.79,-4.693,0.8171,0.0,-37.07,-31.49,3.636
O=S(=O)(c1ccc(O)cc1)c1ccc(OCc2ccccc2)cc1,BPA_CID113063__prepared_state_028,29,Done,,5.366,-3.38,grid,-3.558,-1.117,-0.32,-0.0,-1.112,-26.42,-3.365,0.8171,0.0,-35.13,-29.79,2.306
O=S(=O)(c1ccc(O)cc1)c1ccc(OCc2ccccc2)cc1,BPA_CID113063__prepared_state_028,29,Done,,5.366,-3.23,grid,-3.407,-1.048,-0.2972,-0.0,-1.076,-25.98,-3.359,0.8171,0.0,-34.12,-29.34,2.886
O=S(=O)(c1ccc(O)cc1)c1ccc(OCc2ccccc2)cc1,BPA_CID113063__prepared_state_028,29,Done,,5.366,-3.37,grid,-3.548,-0.9863,-0.32,-0.0,-1.122,-26.55,-4.06,0.8171,0.0,-34.06,-30.61,6.041
O=S(=O)(c1ccc(O)cc1)c1ccc(OCc2ccccc2)cc1,BPA_CID113063__prepared_state_028,29,Done,,5.366,-3.362,grid,-3.539,-1.0,-0.32,-0.0,-1.106,-26.31,-4.1,0.8171,0.0,-34.02,-30.41,5.698
O=S(=O)(c1ccc(O)cc1)c1ccc(OCc2ccccc2)cc1,BPA_CID113063__prepared_state_028,29,Done,,5.366,-2.836,grid,-3.014,-0.6825,-0.32,-0.0,-1.223,-21.53,-3.523,0.8171,0.0,-29.53,-25.05,2.059
O=S(=O)(c1ccc(O)cc1)c1ccc(OCc2ccccc2)cc1,BPA_CID113063__prepared_state_028,29,Done,,5.366,-3.04,grid,-3.217,-1.701,0.0,-0.0,-1.088,-21.3,-1.209,0.8171,0.0,-26.02,-22.5,4.727
O=S(=O)(c1ccc(O)cc1)c1ccc(OCc2ccccc2)cc1,BPA_CID113063__prepared_state_028,29,Done,,5.366,-2.106,grid,-2.283,-0.3815,-0.09731,-0.0,-1.077,-19.21,-3.891,0.8171,0.0,-25.93,-23.11,2.695
O=S(=O)(c1ccc(O)cc1)c1ccc(OCc2ccccc2)cc1,BPA_CID113063__prepared_state_028,29,Done,,5.366,-2.074,grid,-2.251,-1.482,0.0,-0.0,-0.281,-24.92,-0.3671,0.8171,-0.004483,-25.42,-25.29,7.952
O=S(=O)(c1ccc(O)cc1)c1ccc(OCc2ccccc2)cc1,BPA_CID113063__prepared_state_028,29,Done,,5.366,-1.998,grid,-2.175,-0.8588,0.0,-0.0,-1.061,-23.16,0.5662,0.8171,0.0,-24.03,-22.59,5.072
O=S(=O)(c1ccc(O)cc1)c1ccc(OCc2ccccc2)cc1,BPA_CID113063__prepared_state_028,29,Done,,5.366,-2.597,grid,-2.775,-1.579,0.0,-0.0,-1.129,-19.17,0.4962,0.8171,0.0,-23.31,-18.67,0.8719
O=S(=O)(c1ccc(O)cc1)c1ccc(OCc2ccccc2)cc1,BPA_CID113063__prepared_state_028,29,Done,,5.366,-2.192,grid,-2.369,-0.8985,-0.05582,-0.0,-1.087,-20.49,-0.6121,0.8171,-0.02811,-23.15,-21.11,4.575
O=S(=O)(c1ccc(O)cc1)c1ccc(OCc2ccccc2)cc1,BPA_CID113063__prepared_state_028,29,Done,,5.366,-1.712,grid,-1.889,-0.3914,-0.07909,-0.0,-1.088,-18.53,-1.458,0.8171,-0.002406,-20.41,-19.99,6.05
O=S(=O)(c1ccc(O)cc1)c1ccc(OCc2ccccc2)cc1,BPA_CID113063__prepared_state_028,29,Done,,5.366,-1.169,grid,-1.347,-0.1677,0.0,-0.0,-1.086,-16.38,-0.6087,0.8171,0.0,-19.15,-16.99,0.6
O=S(=O)(c1ccc(O)cc1)c1ccc(OCc2ccccc2)cc1,BPA_CID113063__prepared_state_028,29,Done,,5.366,-1.485,grid,-1.663,-0.5934,0.0,-0.0,-0.909,-16.31,-1.08,0.8171,0.0,-17.6,-17.39,5.655
O=S(=O)(c1ccc(O)cc1)c1ccc(OCc2ccccc2)cc1,BPA_CID113063__prepared_state_028,29,Done,,5.366,-1.28,grid,-1.457,-0.09649,0.0,-0.0,-1.109,-15.12,-2.052,0.8171,-0.005255,-17.5,-17.17,4.671
O=S(=O)(c1ccc(O)cc1)c1ccc(OCc2ccccc2)cc1,BPA_CID113063__prepared_state_028,29,Done,,5.366,-1.181,grid,-1.358,-0.2887,0.0,-0.0,-1.17,-14.44,0.03317,0.8171,0.0,-15.81,-14.41,2.154
O=S(=O)(c1ccc(O)cc1)c1ccc(OCc2ccccc2)cc1,BPA_CID113063__prepared_state_028,29,Done,,5.366,-1.4,grid,-1.577,-0.8227,0.0,-0.0,-0.8558,-15.21,0.2978,0.8171,0.0,-15.23,-14.91,5.125
O=S(=O)(c1ccc(O)cc1)c1ccc(OCc2ccccc2)cc1,BPA_CID113063__prepared_state_028,29,Done,,5.366,-1.513,grid,-1.69,-0.1724,-0.16,-0.0,-1.083,-8.21,-4.541,0.8171,0.0,-14.09,-12.75,3.495
O=S(=O)(c1ccc(O)cc1)c1ccc(OCc2ccccc2)cc1,BPA_CID113063__prepared_state_028,29,Done,,5.366,-1.577,grid,-1.755,-0.6178,0.0,-0.0,-1.088,-15.5,-0.6089,0.8171,0.0,-13.51,-16.11,11.61
O=S(=O)(c1ccc([O-])cc1)c1ccc(OCc2ccccc2)cc1,BPA_CID113063__prepared_state_029,30,Done,,3.37,-2.412,grid,-3.213,-1.184,0.0,-0.0,-1.264,-24.29,-2.479,0.8214,0.0,-29.67,-26.77,4.99
O=S(=O)(c1ccc([O-])cc1)c1ccc(OCc2ccccc2)cc1,BPA_CID113063__prepared_state_029,30,Done,,3.37,-1.967,grid,-2.768,-0.565,-0.16,-0.0,-1.129,-20.06,-4.524,0.8214,-0.05321,-28.12,-24.59,2.232
O=S(=O)(c1ccc([O-])cc1)c1ccc(OCc2ccccc2)cc1,BPA_CID113063__prepared_state_029,30,Done,,3.37,-1.587,grid,-2.388,-0.3076,-0.2,-0.0,-0.7632,-17.59,-6.76,0.8214,-0.04562,-25.48,-24.35,5.75
O=S(=O)(c1ccc([O-])cc1)c1ccc(OCc2ccccc2)cc1,BPA_CID113063__prepared_state_029,30,Done,,3.37,-1.372,grid,-2.173,-1.076,-0.03697,-0.0,-0.5969,-20.22,-1.818,0.8214,0.0,-22.07,-22.04,7.242
O=S(=O)(c1ccc([O-])cc1)c1ccc(OCc2ccccc2)cc1,BPA_CID113063__prepared_state_029,30,Done,,3.37,-1.298,grid,-2.099,-0.02184,-0.2,-0.0,-1.088,-15.77,-5.249,0.8214,-0.03472,-21.16,-21.02,6.771
O=S(=O)(c1ccc([O-])cc1)c1ccc(OCc2ccccc2)cc1,BPA_CID113063__prepared_state_029,30,Done,,3.37,-1.352,grid,-2.153,-0.9247,0.0,-0.0,-1.09,-16.59,-0.8704,0.8214,0.0,-20.85,-17.46,0.4555
O=S(=O)(c1ccc([O-])cc1)c1ccc(OCc2ccccc2)cc1,BPA_CID113063__prepared_state_029,30,Done,,3.37,-1.464,grid,-2.265,-0.6811,-0.16,-0.0,-0.8837,-14.25,-4.328,0.8214,0.0,-20.41,-18.58,3.946
O=S(=O)(c1ccc([O-])cc1)c1ccc(OCc2ccccc2)cc1,BPA_CID113063__prepared_state_029,30,Done,,3.37,-1.081,grid,-1.882,-0.3093,0.0,-0.0,-1.34,-19.67,-0.4712,0.8214,0.0,-19.77,-20.14,7.057
O=S(=O)(c1ccc([O-])cc1)c1ccc(OCc2ccccc2)cc1,BPA_CID113063__prepared_state_029,30,Done,,3.37,-0.8767,grid,-1.678,-0.3167,0.0,-0.0,-1.145,-15.81,-1.642,0.8214,0.0,-19.3,-17.46,1.938
O=S(=O)(c1ccc([O-])cc1)c1ccc(OCc2ccccc2)cc1,BPA_CID113063__prepared_state_029,30,Done,,3.37,-1.3,grid,-2.101,-0.7864,0.0,-0.0,-1.095,-16.36,-1.482,0.8214,0.0,-18.92,-17.85,4.904
O=S(=O)(c1ccc([O-])cc1)c1ccc(OCc2ccccc2)cc1,BPA_CID113063__prepared_state_029,30,Done,,3.37,-1.287,grid,-2.088,-0.9471,0.0,-0.0,-1.095,-16.12,-0.3016,0.8214,-0.01651,-18.92,-16.42,2.011
O=S(=O)(c1ccc([O-])cc1)c1ccc(OCc2ccccc2)cc1,BPA_CID113063__prepared_state_029,30,Done,,3.37,-1.288,grid,-2.089,-0.7884,0.0,-0.0,-1.095,-17.18,-1.12,0.8214,0.0,-17.43,-18.3,8.753
O=S(=O)(c1ccc([O-])cc1)c1ccc(OCc2ccccc2)cc1,BPA_CID113063__prepared_state_029,30,Done,,3.37,0.3022,grid,-0.4988,-0.7662,0.0,-0.0,0.5437,-17.58,-1.458,0.8214,0.0,-17.4,-19.04,4.951
O=S(=O)(c1ccc([O-])cc1)c1ccc(OCc2ccccc2)cc1,BPA_CID113063__prepared_state_029,30,Done,,3.37,-0.7892,grid,-1.59,-0.4578,0.0,-0.0,-1.095,-11.97,-1.735,0.8214,0.0,-15.79,-13.71,1.174
O=S(=O)(c1ccc([O-])cc1)c1ccc(OCc2ccccc2)cc1,BPA_CID113063__prepared_state_029,30,Done,,3.37,-0.4413,grid,-1.242,-0.5287,-0.2,-0.0,-0.5319,-11.49,-1.524,0.8214,0.0,-11.52,-13.01,7.16
O=S(=O)(c1ccc([O-])cc1)c1ccc(OCc2ccccc2)cc1,BPA_CID113063__prepared_state_029,30,Done,,3.37,-0.03388,grid,-0.8348,-0.04907,0.0,-0.0,-1.061,-7.676,-1.078,0.8214,-0.0006311,-7.379,-8.753,5.553
O=S(=O)(c1ccc([O-])cc1)c1ccc(OCc2ccccc2)cc1,BPA_CID113063__prepared_state_029,30,Done,,3.37,1.314,grid,0.513,-0.2644,0.0,-0.0,0.3977,-12.53,1.232,0.8214,0.0,-4.438,-11.3,12.0
CC(C)c1cc(C(C)(C)c2ccc(O)c(C(C)C)c2)ccc1O,BPA_CID228537__prepared_state_030,31,Done,,2.384,-4.403,grid,-4.404,-1.001,-0.7244,-0.0,-1.279,-17.37,-6.077,0.3802,0.0,-28.45,-23.45,0.8761
CC(C)c1cc(C(C)(C)c2ccc(O)c(C(C)C)c2)ccc1O,BPA_CID228537__prepared_state_030,31,Done,,2.384,-3.956,grid,-3.956,-0.7682,-0.304,-0.0,-1.279,-15.6,-8.037,0.3802,0.0,-25.4,-23.64,6.248
CC(C)c1cc(C(C)(C)c2ccc(O)c(C(C)C)c2)ccc1O,BPA_CID228537__prepared_state_030,31,Done,,2.384,-2.514,grid,-2.515,-0.2203,-0.16,-0.0,-1.279,-14.23,-3.496,0.3802,0.0,-19.15,-17.72,3.359
CC(C)c1cc(C(C)(C)c2ccc(O)c(C(C)C)c2)ccc1O,BPA_CID228537__prepared_state_030,31,Done,,2.384,-2.716,grid,-2.716,-0.9938,0.0,-0.0,-1.279,-16.78,0.1003,0.3802,0.0,-19.03,-16.68,2.013
CC(C)c1cc(C(C)(C)c2ccc(O)c(C(C)C)c2)ccc1O,BPA_CID228537__prepared_state_030,31,Done,,2.384,-2.582,grid,-2.582,-0.3265,-0.16,-0.0,-1.279,-15.02,-2.975,0.3802,0.0,-17.8,-18.0,6.77
CC(C)c1cc(C(C)(C)c2ccc(O)c(C(C)C)c2)ccc1O,BPA_CID228537__prepared_state_030,31,Done,,2.384,-2.269,grid,-2.269,-0.5604,0.0,-0.0,-1.279,-16.39,0.06072,0.3802,0.0,-12.52,-16.33,13.23
CC(C)c1cc(C(C)(C)c2ccc(O)c(C(C)C)c2)ccc1O,BPA_CID228537__prepared_state_030,31,Done,,2.384,-7.785,grid,-7.785,-4.914,-0.16,-0.0,-2.179,-1.997,-5.419,0.3802,0.0,-0.4478,-7.416,33.18
Oc1ccc(C2(c3ccc(O)cc3)CCCCC2)cc1,BPA_CID232446__prepared_state_031,32,Done,,4.981,-10.66,grid,-10.66,-5.041,-0.7183,-0.0,-2.479,-31.07,-9.096,0.4957,0.0,-57.07,-40.17,1.656
Oc1ccc(C2(c3ccc(O)cc3)CCCCC2)cc1,BPA_CID232446__prepared_state_031,32,Done,,4.981,-10.59,grid,-10.6,-5.018,-0.733,-0.0,-2.479,-31.86,-8.461,0.4957,0.0,-56.98,-40.32,1.923
Oc1ccc(C2(c3ccc(O)cc3)CCCCC2)cc1,BPA_CID232446__prepared_state_031,32,Done,,4.981,-10.62,grid,-10.62,-5.007,-0.727,-0.0,-2.479,-31.24,-8.942,0.4957,0.0,-56.95,-40.18,1.786
Oc1ccc(C2(c3ccc(O)cc3)CCCCC2)cc1,BPA_CID232446__prepared_state_031,32,Done,,4.981,-10.6,grid,-10.6,-5.024,-0.7279,-0.0,-2.479,-31.74,-8.541,0.4957,0.0,-56.66,-40.29,2.53
Oc1ccc(C2(c3ccc(O)cc3)CCCCC2)cc1,BPA_CID232446__prepared_state_031,32,Done,,4.981,-10.66,grid,-10.67,-5.051,-0.7176,-0.0,-2.479,-31.08,-9.065,0.4957,0.0,-56.63,-40.15,2.502
Oc1ccc(C2(c3ccc(O)cc3)CCCCC2)cc1,BPA_CID232446__prepared_state_031,32,Done,,4.981,-10.67,grid,-10.67,-5.044,-0.7177,-0.0,-2.479,-31.05,-9.151,0.4957,0.0,-56.28,-40.2,3.335
Oc1ccc(C2(c3ccc(O)cc3)CCCCC2)cc1,BPA_CID232446__prepared_state_031,32,Done,,4.981,-10.63,grid,-10.63,-5.015,-0.7292,-0.0,-2.479,-31.52,-8.847,0.4957,0.0,-56.19,-40.37,3.711
Oc1ccc(C2(c3ccc(O)cc3)CCCCC2)cc1,BPA_CID232446__prepared_state_031,32,Done,,4.981,-10.29,grid,-10.3,-4.832,-0.608,-0.0,-2.479,-30.96,-7.846,0.347,0.0,-54.01,-38.81,3.857
Oc1ccc(C2(c3ccc(O)cc3)CCCCC2)cc1,BPA_CID232446__prepared_state_031,32,Done,,4.981,-10.31,grid,-10.31,-4.839,-0.608,-0.0,-2.479,-31.1,-7.856,0.347,0.0,-53.99,-38.96,4.247
Oc1ccc(C2(c3ccc(O)cc3)CCCCC2)cc1,BPA_CID232446__prepared_state_031,32,Done,,4.981,-10.32,grid,-10.32,-4.827,-0.608,-0.0,-2.479,-30.61,-8.146,0.347,0.0,-53.88,-38.75,4.077
Oc1ccc(C2(c3ccc(O)cc3)CCCCC2)cc1,BPA_CID232446__prepared_state_031,32,Done,,4.981,-10.3,grid,-10.3,-4.805,-0.608,-0.0,-2.479,-30.79,-8.104,0.347,0.0,-53.79,-38.9,4.48
Oc1ccc(C2(c3ccc(O)cc3)CCCCC2)cc1,BPA_CID232446__prepared_state_031,32,Done,,4.981,-9.832,grid,-9.835,-4.676,-0.4047,-0.0,-2.479,-8.672,-14.59,0.347,0.0,-38.16,-23.26,2.924
Oc1ccc(C2(c3ccc(O)cc3)CCCCC2)cc1,BPA_CID232446__prepared_state_031,32,Done,,4.981,-9.888,grid,-9.891,-4.942,-0.5286,-0.0,-2.479,-11.02,-12.57,0.4957,0.0,-37.66,-23.6,4.785
Oc1ccc(C2(c3ccc(O)cc3)CCCCC2)cc1,BPA_CID232446__prepared_state_031,32,Done,,4.981,-9.514,grid,-9.517,-4.725,-0.3623,-0.0,-2.479,-8.344,-13.53,0.4957,0.0,-35.39,-21.87,4.631
Oc1ccc(C2(c3ccc(O)cc3)CCCCC2)cc1,BPA_CID232446__prepared_state_031,32,Done,,4.981,-9.772,grid,-9.775,-5.029,-0.5813,-0.0,-2.479,-9.827,-11.27,0.4957,0.0,-34.92,-21.09,4.874
Oc1ccc(C2(c3ccc(O)cc3)CCCCC2)cc1,BPA_CID232446__prepared_state_031,32,Done,,4.981,-9.136,grid,-9.139,-4.747,-0.4873,-0.0,-2.479,-8.224,-9.074,0.347,0.0,-32.2,-17.3,0.5955
Oc1ccc(C2(c3ccc(O)cc3)CCCCC2)cc1,BPA_CID232446__prepared_state_031,32,Done,,4.981,-8.549,grid,-8.552,-4.743,-0.2056,-0.0,-2.479,-13.09,-5.439,0.347,0.0,-31.43,-18.53,2.653
Oc1ccc(C2(c3ccc(O)cc3)CCCCC2)cc1,BPA_CID232446__prepared_state_031,32,Done,,4.981,-8.522,grid,-8.525,-4.733,-0.32,-0.0,-2.479,-12.13,-5.877,0.4957,0.0,-30.99,-18.01,2.39
Oc1ccc(C2(c3ccc(O)cc3)CCCCC2)cc1,BPA_CID232446__prepared_state_031,32,Done,,4.981,-9.135,grid,-9.138,-4.805,-0.417,-0.0,-2.479,-5.022,-10.22,0.347,0.0,-29.35,-15.24,2.172
Oc1ccc(C2(c3ccc(O)cc3)CCCCC2)cc1,BPA_CID232446__prepared_state_031,32,Done,,4.981,-8.514,grid,-8.517,-4.978,-0.3911,-0.0,-2.479,-17.27,-2.003,0.4957,0.0,-28.43,-19.27,10.01
CC(c1ccc(O)cc1)c1ccc(O)cc1,BPA_CID608116__prepared_state_032,33,Done,,2.899,-10.35,grid,-10.35,-4.299,-0.5176,-0.0,-2.848,-31.18,-10.93,0.5094,0.0,-69.78,-42.11,0.1592
CC(c1ccc(O)cc1)c1ccc(O)cc1,BPA_CID608116__prepared_state_032,33,Done,,2.899,-10.43,grid,-10.44,-4.21,-0.5837,-0.0,-2.848,-30.68,-11.8,0.5094,0.0,-68.82,-42.48,3.285
CC(c1ccc(O)cc1)c1ccc(O)cc1,BPA_CID608116__prepared_state_032,33,Done,,2.899,-10.13,grid,-10.14,-4.12,-0.5908,-0.0,-2.848,-32.46,-9.757,0.5094,0.0,-68.16,-42.22,2.444
CC(c1ccc(O)cc1)c1ccc(O)cc1,BPA_CID608116__prepared_state_032,33,Done,,2.899,-10.46,grid,-10.46,-4.296,-0.553,-0.0,-2.848,-29.58,-11.99,0.5094,0.0,-68.12,-41.57,2.998
CC(c1ccc(O)cc1)c1ccc(O)cc1,BPA_CID608116__prepared_state_032,33,Done,,2.899,-10.46,grid,-10.46,-4.19,-0.5769,-0.0,-2.848,-27.76,-13.14,0.5094,0.0,-67.37,-40.9,3.159
CC(c1ccc(O)cc1)c1ccc(O)cc1,BPA_CID608116__prepared_state_032,33,Done,,2.899,-9.972,grid,-9.975,-4.189,-0.6761,-0.0,-2.848,-33.74,-8.683,0.7277,0.0,-67.32,-42.42,3.685
CC(c1ccc(O)cc1)c1ccc(O)cc1,BPA_CID608116__prepared_state_032,33,Done,,2.899,-10.14,grid,-10.15,-4.145,-0.593,-0.0,-2.848,-31.83,-9.849,0.5094,0.0,-67.01,-41.68,3.747
CC(c1ccc(O)cc1)c1ccc(O)cc1,BPA_CID608116__prepared_state_032,33,Done,,2.899,-9.893,grid,-9.895,-4.139,-0.6821,-0.0,-2.848,-32.88,-8.732,0.7277,0.0,-66.95,-41.61,2.368
CC(c1ccc(O)cc1)c1ccc(O)cc1,BPA_CID608116__prepared_state_032,33,Done,,2.899,-9.903,grid,-9.905,-4.144,-0.6838,-0.0,-2.848,-32.85,-8.765,0.7277,0.0,-66.87,-41.61,2.597
CC(c1ccc(O)cc1)c1ccc(O)cc1,BPA_CID608116__prepared_state_032,33,Done,,2.899,-9.843,grid,-9.846,-4.207,-0.456,-0.0,-2.848,-30.91,-10.11,0.7277,0.0,-66.22,-41.02,2.381
CC(c1ccc(O)cc1)c1ccc(O)cc1,BPA_CID608116__prepared_state_032,33,Done,,2.899,-9.825,grid,-9.828,-4.195,-0.456,-0.0,-2.848,-30.88,-10.08,0.7277,0.0,-65.06,-40.96,4.486
CC(c1ccc(O)cc1)c1ccc(O)cc1,BPA_CID608116__prepared_state_032,33,Done,,2.899,-10.33,grid,-10.34,-4.149,-0.6033,-0.0,-2.848,-25.33,-13.19,0.5094,0.0,-64.42,-38.52,3.614
CC(c1ccc(O)cc1)c1ccc(O)cc1,BPA_CID608116__prepared_state_032,33,Done,,2.899,-9.647,grid,-9.649,-4.164,-0.456,-0.0,-2.848,-30.0,-9.392,0.7277,0.0,-63.33,-39.39,3.851
CC(c1ccc(O)cc1)c1ccc(O)cc1,BPA_CID608116__prepared_state_032,33,Done,,2.899,-9.44,grid,-9.442,-3.993,-0.7306,-0.0,-2.848,-29.83,-7.378,0.7277,0.0,-61.36,-37.21,2.324
CC(c1ccc(O)cc1)c1ccc(O)cc1,BPA_CID608116__prepared_state_032,33,Done,,2.899,-9.607,grid,-9.609,-4.133,-0.4502,-0.0,-2.848,-25.82,-10.76,0.7277,0.0,-60.35,-36.58,3.982
CC(c1ccc(O)cc1)c1ccc(O)cc1,BPA_CID608116__prepared_state_032,33,Done,,2.899,-9.525,grid,-9.528,-4.131,-0.456,-0.0,-2.848,-26.19,-10.08,0.7277,0.0,-60.09,-36.26,3.421
CC(c1ccc(O)cc1)c1ccc(O)cc1,BPA_CID608116__prepared_state_032,33,Done,,2.899,-9.103,grid,-9.106,-4.292,-0.1956,-0.0,-2.848,-31.48,-4.706,0.5094,0.0,-60.05,-36.18,1.088
CC(c1ccc(O)cc1)c1ccc(O)cc1,BPA_CID608116__prepared_state_032,33,Done,,2.899,-9.312,grid,-9.314,-4.123,-0.456,-0.0,-2.848,-27.2,-8.363,0.7277,0.0,-59.86,-35.57,1.345
CC(c1ccc(O)cc1)c1ccc(O)cc1,BPA_CID608116__prepared_state_032,33,Done,,2.899,-9.153,grid,-9.156,-4.259,-0.2612,-0.0,-2.848,-30.49,-5.147,0.5094,0.0,-59.76,-35.64,0.8435
CC(c1ccc(O)cc1)c1ccc(O)cc1,BPA_CID608116__prepared_state_032,33,Done,,2.899,-9.156,grid,-9.158,-4.193,-0.2571,-0.0,-2.848,-30.4,-5.658,0.5094,0.0,-59.17,-36.06,2.886
CC(c1ccccc1)(c1ccc(O)cc1)c1ccc(O)cc1,BPA_CID623849__prepared_state_033,34,Done,,3.064,-3.175,grid,-3.179,-0.4234,-0.3454,-0.0,-1.429,-17.3,-5.097,0.6484,0.0,-25.4,-22.4,1.624
CC(c1ccccc1)(c1ccc(O)cc1)c1ccc(O)cc1,BPA_CID623849__prepared_state_033,34,Done,,3.064,-3.49,grid,-3.493,-0.9957,-0.32,-0.0,-1.429,-17.21,-3.574,0.6484,0.0,-23.95,-20.79,2.05
CC(c1ccccc1)(c1ccc(O)cc1)c1ccc(O)cc1,BPA_CID623849__prepared_state_033,34,Done,,3.064,-2.712,grid,-2.715,-0.7397,0.0,-0.0,-1.429,-18.7,-1.734,0.6484,0.0,-23.49,-20.43,0.3825
CC(c1ccccc1)(c1ccc(O)cc1)c1ccc(O)cc1,BPA_CID623849__prepared_state_033,34,Done,,3.064,-3.247,grid,-3.251,-0.9694,-0.16,-0.0,-1.429,-16.61,-3.403,0.6484,0.0,-23.23,-20.01,1.347
CC(c1ccccc1)(c1ccc(O)cc1)c1ccc(O)cc1,BPA_CID623849__prepared_state_033,34,Done,,3.064,-3.225,grid,-3.229,-0.9779,-0.2899,-0.0,-1.429,-17.28,-2.109,0.6484,0.0,-22.79,-19.39,0.9389
CC(c1ccccc1)(c1ccc(O)cc1)c1ccc(O)cc1,BPA_CID623849__prepared_state_033,34,Done,,3.064,-3.342,grid,-3.346,-1.316,-0.06143,-0.0,-1.429,-15.43,-2.774,0.6484,0.0,-20.9,-18.2,2.626
CC(c1ccccc1)(c1ccc(O)cc1)c1ccc(O)cc1,BPA_CID623849__prepared_state_033,34,Done,,3.064,-2.512,grid,-2.516,-0.103,-0.317,-0.0,-1.429,-12.41,-4.631,0.6484,0.0,-19.88,-17.04,0.3616
CC(c1ccccc1)(c1ccc(O)cc1)c1ccc(O)cc1,BPA_CID623849__prepared_state_033,34,Done,,3.064,-2.583,grid,-2.587,-0.2183,-0.32,-0.0,-1.429,-11.82,-4.511,0.6484,0.0,-19.25,-16.33,0.3678
CC(c1ccccc1)(c1ccc(O)cc1)c1ccc(O)cc1,BPA_CID623849__prepared_state_033,34,Done,,3.064,-2.498,grid,-2.502,-0.9021,0.0,-0.0,-1.429,-14.79,-0.5332,0.6484,0.0,-18.12,-15.32,0.3983
CC(c1ccccc1)(c1ccc(O)cc1)c1ccc(O)cc1,BPA_CID623849__prepared_state_033,34,Done,,3.064,-2.387,grid,-2.391,-0.8871,0.0,-0.0,-1.429,-15.78,0.4376,0.6484,0.0,-17.99,-15.34,0.434
CC(c1ccccc1)(c1ccc(O)cc1)c1ccc(O)cc1,BPA_CID623849__prepared_state_033,34,Done,,3.064,-2.794,grid,-2.798,-0.8815,-0.1071,-0.0,-1.429,-12.29,-2.758,0.6484,0.0,-17.51,-15.05,1.794
CC(c1ccccc1)(c1ccc(O)cc1)c1ccc(O)cc1,BPA_CID623849__prepared_state_033,34,Done,,3.064,-2.29,grid,-2.294,-0.1819,-0.16,-0.0,-1.429,-9.507,-4.638,0.6484,0.0,-16.53,-14.15,0.727
CC(c1ccccc1)(c1ccc(O)cc1)c1ccc(O)cc1,BPA_CID623849__prepared_state_033,34,Done,,3.064,-1.721,grid,-1.725,-0.1846,0.0,-0.0,-1.429,-15.02,-0.05706,0.6484,0.0,-16.43,-15.07,1.417
CC(c1ccccc1)(c1ccc(O)cc1)c1ccc(O)cc1,BPA_CID623849__prepared_state_033,34,Done,,3.064,-2.121,grid,-2.125,-0.7441,0.0,-0.0,-1.429,-13.49,0.4962,0.6484,0.0,-15.37,-12.99,0.3425
CC(c1ccccc1)(c1ccc(O)cc1)c1ccc(O)cc1,BPA_CID623849__prepared_state_033,34,Done,,3.064,-8.777,grid,-8.781,-4.7,-0.4779,-0.0,-2.329,-4.6,-9.979,0.4539,0.0,-15.18,-14.58,19.86
CC(c1ccccc1)(c1ccc(O)cc1)c1ccc(O)cc1,BPA_CID623849__prepared_state_033,34,Done,,3.064,-2.217,grid,-2.221,-0.05536,-0.16,-0.0,-1.429,-8.348,-5.383,0.6484,0.0,-14.33,-13.73,4.124
CC(c1ccccc1)(c1ccc(O)cc1)c1ccc(O)cc1,BPA_CID623849__prepared_state_033,34,Done,,3.064,-2.053,grid,-2.057,-0.1441,-0.1162,-0.0,-1.429,-8.688,-3.877,0.6484,0.0,-14.33,-12.56,1.403
CC(c1ccccc1)(c1ccc(O)cc1)c1ccc(O)cc1,BPA_CID623849__prepared_state_033,34,Done,,3.064,-8.646,grid,-8.65,-4.757,-0.608,-0.0,-2.329,2.929,-10.37,0.4539,0.0,-14.24,-7.443,7.146
CC(c1ccccc1)(c1ccc(O)cc1)c1ccc(O)cc1,BPA_CID623849__prepared_state_033,34,Done,,3.064,-2.067,grid,-2.071,-0.3373,-0.1227,-0.0,-1.429,-9.89,-2.234,0.6484,0.0,-14.1,-12.12,1.016
CC(c1ccccc1)(c1ccc(O)cc1)c1ccc(O)cc1,BPA_CID623849__prepared_state_033,34,Done,,3.064,-1.593,grid,-1.597,-0.2722,0.0,-0.0,-1.429,-13.16,0.7599,0.6484,0.0,-13.86,-12.4,0.9082
CC(C)(c1ccc(O)cc1)c1ccc(C(C)(C)c2ccc(O)cc2)cc1,BPA_CID630355__prepared_state_034,35,Done,,2.761,-3.307,grid,-3.309,-0.869,-0.13,-0.0,-1.047,-23.94,-4.666,0.6335,0.0,-31.23,-28.61,3.284
CC(C)(c1ccc(O)cc1)c1ccc(C(C)(C)c2ccc(O)cc2)cc1,BPA_CID630355__prepared_state_034,35,Done,,2.761,-3.084,grid,-3.086,-1.318,0.0,-0.0,-1.047,-26.67,-0.1451,0.6335,0.0,-29.29,-26.82,3.003
CC(C)(c1ccc(O)cc1)c1ccc(C(C)(C)c2ccc(O)cc2)cc1,BPA_CID630355__prepared_state_034,35,Done,,2.761,-3.322,grid,-3.324,-1.539,0.0,-0.0,-1.047,-26.28,-0.3882,0.6335,0.0,-28.17,-26.66,5.556
CC(C)(c1ccc(O)cc1)c1ccc(C(C)(C)c2ccc(O)cc2)cc1,BPA_CID630355__prepared_state_034,35,Done,,2.761,-2.833,grid,-2.835,-0.4368,-0.2963,-0.0,-1.047,-21.26,-4.17,0.6335,0.0,-27.59,-25.43,2.984
CC(C)(c1ccc(O)cc1)c1ccc(C(C)(C)c2ccc(O)cc2)cc1,BPA_CID630355__prepared_state_034,35,Done,,2.761,-2.394,grid,-2.396,-0.5346,-0.08719,-0.0,-1.047,-23.74,-1.157,0.6335,0.0,-26.58,-24.9,2.795
CC(C)(c1ccc(O)cc1)c1ccc(C(C)(C)c2ccc(O)cc2)cc1,BPA_CID630355__prepared_state_034,35,Done,,2.761,-2.325,grid,-2.327,-0.508,-0.05472,-0.0,-1.047,-23.93,-1.029,0.6335,0.0,-26.08,-24.96,3.761
CC(C)(c1ccc(O)cc1)c1ccc(C(C)(C)c2ccc(O)cc2)cc1,BPA_CID630355__prepared_state_034,35,Done,,2.761,-2.59,grid,-2.592,-0.8094,0.0,-0.0,-1.047,-22.88,-1.501,0.6335,0.0,-25.95,-24.38,3.528
CC(C)(c1ccc(O)cc1)c1ccc(C(C)(C)c2ccc(O)cc2)cc1,BPA_CID630355__prepared_state_034,35,Done,,2.761,-2.335,grid,-2.336,-0.316,-0.2765,-0.0,-1.047,-19.22,-2.466,0.6335,0.0,-23.22,-21.68,2.946
CC(C)(c1ccc(O)cc1)c1ccc(C(C)(C)c2ccc(O)cc2)cc1,BPA_CID630355__prepared_state_034,35,Done,,2.761,-2.36,grid,-2.362,-0.8853,0.0,-0.0,-1.047,-19.3,-0.6558,0.6335,0.0,-22.19,-19.95,1.615
CC(C)(c1ccc(O)cc1)c1ccc(C(C)(C)c2ccc(O)cc2)cc1,BPA_CID630355__prepared_state_034,35,Done,,2.761,-1.823,grid,-1.825,-0.2459,-0.002281,-0.0,-1.047,-17.94,-1.778,0.6335,0.0,-20.09,-19.71,3.946
CC(C)(c1ccc(O)cc1)c1ccc(C(C)(C)c2ccc(O)cc2)cc1,BPA_CID630355__prepared_state_034,35,Done,,2.761,-2.067,grid,-2.069,-0.3574,-0.252,-0.0,-1.047,-16.01,-1.636,0.6335,0.0,-19.91,-17.65,0.7987
CC(C)(c1ccc(O)cc1)c1ccc(C(C)(C)c2ccc(O)cc2)cc1,BPA_CID630355__prepared_state_034,35,Done,,2.761,-2.195,grid,-2.197,-0.8437,0.0,-0.0,-1.047,-17.18,-0.5367,0.6335,0.0,-19.16,-17.72,2.786
CC(C)(c1ccc(O)cc1)c1ccc(C(C)(C)c2ccc(O)cc2)cc1,BPA_CID630355__prepared_state_034,35,Done,,2.761,-2.416,grid,-2.418,-0.5384,-0.32,-0.0,-1.047,-12.81,-3.373,0.6335,0.0,-17.66,-16.18,3.265
CC(C)(c1ccc(O)cc1)c1ccc(C(C)(C)c2ccc(O)cc2)cc1,BPA_CID630355__prepared_state_034,35,Done,,2.761,-2.197,grid,-2.199,-0.4611,-0.259,-0.0,-1.047,-12.74,-2.86,0.6335,0.0,-17.37,-15.6,2.128
CC(C)(c1ccc(O)cc1)c1ccc(C(C)(C)c2ccc(O)cc2)cc1,BPA_CID630355__prepared_state_034,35,Done,,2.761,-1.826,grid,-1.828,-0.5844,0.0,-0.0,-1.047,-16.42,-0.06164,0.6335,0.0,-15.84,-16.48,5.985
CC(C)(c1ccc(O)cc1)c1ccc(C(C)(C)c2ccc(O)cc2)cc1,BPA_CID630355__prepared_state_034,35,Done,,2.761,-1.544,grid,-1.546,-0.2426,0.0,-0.0,-1.047,-12.39,-1.803,0.6335,0.0,-15.16,-14.2,2.062
CC(C)(c1ccc(O)cc1)c1ccc(C(C)(C)c2ccc(O)cc2)cc1,BPA_CID630355__prepared_state_034,35,Done,,2.761,-2.127,grid,-2.128,-0.3988,-0.16,-0.0,-1.047,-16.34,-2.261,0.6335,0.0,-14.74,-18.61,13.22
CC(C)(c1ccc(O)cc1)c1ccc(C(C)(C)c2ccc(O)cc2)cc1,BPA_CID630355__prepared_state_034,35,Done,,2.761,-1.767,grid,-1.769,-0.05046,-0.16,-0.0,-1.047,-7.086,-5.275,0.6335,0.0,-8.557,-12.36,12.16
C=CCc1cc(S(=O)(=O)c2ccc(O)c(CC=C)c2)ccc1O,BPA_CID833466__prepared_state_035,36,Done,,3.278,-8.345,grid,-8.404,-3.741,-0.4405,-0.0,-2.506,-24.32,-8.16,0.7236,0.0,-41.14,-32.48,2.846
C=CCc1cc(S(=O)(=O)c2ccc(O)c(CC=C)c2)ccc1O,BPA_CID833466__prepared_state_035,36,Done,,3.278,-8.333,grid,-8.392,-3.677,-0.4596,-0.0,-2.506,-24.0,-8.483,0.7236,0.0,-39.28,-32.49,6.548
C=CCc1cc(S(=O)(=O)c2ccc(O)c(CC=C)c2)ccc1O,BPA_CID833466__prepared_state_035,36,Done,,3.278,-6.874,grid,-6.933,-3.453,-0.16,-0.0,-2.506,-18.49,-4.085,0.7236,0.0,-29.48,-22.58,2.84
C=CCc1cc(S(=O)(=O)c2ccc(O)c(CC=C)c2)ccc1O,BPA_CID833466__prepared_state_035,36,Done,,3.278,-2.887,grid,-2.946,-0.6765,-0.5229,-0.0,-1.156,-18.31,-4.723,1.034,0.0,-25.62,-23.04,1.912
C=CCc1cc(S(=O)(=O)c2ccc(O)c(CC=C)c2)ccc1O,BPA_CID833466__prepared_state_035,36,Done,,3.278,-2.178,grid,-2.237,-0.2736,-0.16,-0.0,-1.425,-16.47,-3.923,1.034,0.0,-22.29,-20.4,1.588
C=CCc1cc(S(=O)(=O)c2ccc(O)c(CC=C)c2)ccc1O,BPA_CID833466__prepared_state_035,36,Done,,3.278,-2.031,grid,-2.09,-0.5863,-0.32,-0.0,-1.156,-18.88,-0.7765,1.034,0.0,-21.67,-19.66,0.9998
C=CCc1cc(S(=O)(=O)c2ccc(O)c(CC=C)c2)ccc1O,BPA_CID833466__prepared_state_035,36,Done,,3.278,-2.176,grid,-2.235,-0.3292,-0.16,-0.0,-1.191,-15.48,-5.433,1.034,0.0,-21.1,-20.91,4.986
C=CCc1cc(S(=O)(=O)c2ccc(O)c(CC=C)c2)ccc1O,BPA_CID833466__prepared_state_035,36,Done,,3.278,-7.203,grid,-7.262,-3.801,-0.456,-0.0,-2.503,-4.258,-8.82,1.034,0.0,-19.01,-13.08,5.565
C=CCc1cc(S(=O)(=O)c2ccc(O)c(CC=C)c2)ccc1O,BPA_CID833466__prepared_state_035,36,Done,,3.278,-2.064,grid,-2.123,-1.03,0.0,-0.0,-1.174,-19.32,0.1867,1.034,-0.01542,-18.43,-19.13,6.496
C=CCc1cc(S(=O)(=O)c2ccc(O)c(CC=C)c2)ccc1O,BPA_CID833466__prepared_state_035,36,Done,,3.278,-1.789,grid,-1.848,-0.7331,0.0,-0.0,-1.156,-15.66,-1.394,1.034,0.0,-17.82,-17.05,2.893
C=CCc1cc(S(=O)(=O)c2ccc(O)c(CC=C)c2)ccc1O,BPA_CID833466__prepared_state_035,36,Done,,3.278,-1.258,grid,-1.317,-0.04088,0.0,-0.0,-1.245,-16.24,-1.687,1.034,0.0,-17.44,-17.93,4.141
C=CCc1cc(S(=O)(=O)c2ccc(O)c(CC=C)c2)ccc1O,BPA_CID833466__prepared_state_035,36,Done,,3.278,-5.445,grid,-5.504,-3.52,0.0,-0.0,-2.506,-12.26,0.6735,1.034,0.0,-15.8,-11.58,4.768
C=CCc1cc(S(=O)(=O)c2ccc(O)c(CC=C)c2)ccc1O,BPA_CID833466__prepared_state_035,36,Done,,3.278,-2.171,grid,-2.23,-0.9389,-0.3124,-0.0,-1.156,-11.83,-1.766,1.034,0.0,-14.13,-13.59,4.271
C=CCc1cc(S(=O)(=O)c2ccc(O)c(CC=C)c2)ccc1O,BPA_CID833466__prepared_state_035,36,Done,,3.278,-1.516,grid,-1.575,-0.1914,0.0,-0.0,-1.156,-10.1,-4.452,1.034,-0.0883,-14.07,-14.55,4.74
C=CCc1cc(S(=O)(=O)c2ccc(O)c(CC=C)c2)ccc1O,BPA_CID833466__prepared_state_035,36,Done,,3.278,-1.264,grid,-1.323,-0.4184,0.0,-0.0,-1.156,-12.14,-1.166,1.034,0.0,-13.59,-13.31,2.611
C=CCc1cc(S(=O)(=O)c2ccc(O)c(CC=C)c2)ccc1O,BPA_CID833466__prepared_state_035,36,Done,,3.278,-5.785,grid,-5.844,-3.718,0.0,-0.0,-2.506,-2.756,-3.437,1.034,0.0,-12.09,-6.193,2.226
C=CCc1cc(S(=O)(=O)c2ccc(O)c(CC=C)c2)ccc1O,BPA_CID833466__prepared_state_035,36,Done,,3.278,-6.404,grid,-6.463,-3.865,-0.32,-0.0,-2.492,-0.3524,-5.353,1.034,0.0,-9.476,-5.705,7.968
C=CCOc1ccc(S(=O)(=O)c2ccc(O)cc2)cc1,BPA_CID2054598__prepared_state_036,37,Done,,4.623,-3.253,grid,-3.431,-1.111,-0.16,-0.0,-1.429,-14.51,-7.243,1.081,0.0,-24.11,-21.75,3.144
C=CCOc1ccc(S(=O)(=O)c2ccc(O)cc2)cc1,BPA_CID2054598__prepared_state_036,37,Done,,4.623,-2.449,grid,-2.627,-1.072,0.0,-0.0,-1.425,-21.61,-0.8654,1.081,0.0,-23.86,-22.47,3.256
C=CCOc1ccc(S(=O)(=O)c2ccc(O)cc2)cc1,BPA_CID2054598__prepared_state_036,37,Done,,4.623,-2.312,grid,-2.489,-0.429,0.0,-0.0,-1.645,-21.02,-2.64,1.081,-0.04898,-23.71,-23.66,5.605
C=CCOc1ccc(S(=O)(=O)c2ccc(O)cc2)cc1,BPA_CID2054598__prepared_state_036,37,Done,,4.623,-2.31,grid,-2.487,-0.8604,-0.01867,-0.0,-1.425,-19.98,-1.77,1.081,0.0,-23.04,-21.75,3.123
C=CCOc1ccc(S(=O)(=O)c2ccc(O)cc2)cc1,BPA_CID2054598__prepared_state_036,37,Done,,4.623,-2.814,grid,-2.991,-0.6145,-0.3352,-0.0,-1.426,-14.49,-6.473,1.081,0.0,-22.9,-20.97,2.997
C=CCOc1ccc(S(=O)(=O)c2ccc(O)cc2)cc1,BPA_CID2054598__prepared_state_036,37,Done,,4.623,-2.563,grid,-2.74,-0.4281,-0.32,-0.0,-1.422,-17.86,-5.055,1.081,0.0,-22.58,-22.91,6.939
C=CCOc1ccc(S(=O)(=O)c2ccc(O)cc2)cc1,BPA_CID2054598__prepared_state_036,37,Done,,4.623,-2.257,grid,-2.435,-1.043,0.0,-0.0,-1.446,-18.8,-0.58,1.081,0.0,-20.15,-19.38,4.028
C=CCOc1ccc(S(=O)(=O)c2ccc(O)cc2)cc1,BPA_CID2054598__prepared_state_036,37,Done,,4.623,-1.752,grid,-1.93,-0.3653,0.0,-0.0,-1.534,-17.85,-1.459,1.081,0.0,-19.88,-19.31,3.29
C=CCOc1ccc(S(=O)(=O)c2ccc(O)cc2)cc1,BPA_CID2054598__prepared_state_036,37,Done,,4.623,-2.091,grid,-2.268,-0.5183,-0.16,-0.0,-1.429,-14.29,-3.514,1.081,0.0,-19.69,-17.8,1.412
C=CCOc1ccc(S(=O)(=O)c2ccc(O)cc2)cc1,BPA_CID2054598__prepared_state_036,37,Done,,4.623,-1.505,grid,-1.682,-0.6962,0.0,-0.0,-0.9141,-16.88,-2.059,1.081,0.0,-17.53,-18.94,6.683
C=CCOc1ccc(S(=O)(=O)c2ccc(O)cc2)cc1,BPA_CID2054598__prepared_state_036,37,Done,,4.623,-2.314,grid,-2.492,-0.9905,0.0,-0.0,-1.427,-14.15,-2.91,1.081,-0.01036,-17.35,-17.06,5.139
C=CCOc1ccc(S(=O)(=O)c2ccc(O)cc2)cc1,BPA_CID2054598__prepared_state_036,37,Done,,4.623,-1.13,grid,-1.308,-0.5579,0.0,-0.0,-0.8038,-16.36,-1.334,1.081,-0.008697,-17.23,-17.7,3.919
C=CCOc1ccc(S(=O)(=O)c2ccc(O)cc2)cc1,BPA_CID2054598__prepared_state_036,37,Done,,4.623,-1.965,grid,-2.142,-1.037,0.0,-0.0,-1.428,-17.88,1.148,1.081,-0.03659,-16.45,-16.73,5.463
C=CCOc1ccc(S(=O)(=O)c2ccc(O)cc2)cc1,BPA_CID2054598__prepared_state_036,37,Done,,4.623,-1.237,grid,-1.414,-0.1481,0.0,-0.0,-1.515,-12.25,-1.465,1.081,0.0,-13.6,-13.71,3.462
C=CCOc1ccc(S(=O)(=O)c2ccc(O)cc2)cc1,BPA_CID2054598__prepared_state_036,37,Done,,4.623,-6.05,grid,-6.228,-3.268,-0.2003,-0.0,-2.527,-2.26,-5.844,0.7566,0.0,-13.28,-8.103,3.93
C=CCOc1ccc(S(=O)(=O)c2ccc(O)cc2)cc1,BPA_CID2054598__prepared_state_036,37,Done,,4.623,-6.163,grid,-6.34,-3.262,-0.2173,-0.0,-2.62,-0.7248,-6.407,0.7566,0.0,-12.36,-7.132,4.086
C=CCOc1ccc(S(=O)(=O)c2ccc(O)cc2)cc1,BPA_CID2054598__prepared_state_036,37,Done,,4.623,-6.242,grid,-6.42,-3.381,-0.32,-0.0,-2.624,-0.8029,-5.409,0.7566,0.0,-11.49,-6.212,4.167
C=CCOc1ccc(S(=O)(=O)c2ccc(O)cc2)cc1,BPA_CID2054598__prepared_state_036,37,Done,,4.623,-6.004,grid,-6.182,-3.07,-0.2331,-0.0,-2.619,2.11,-7.475,0.7566,0.0,-11.44,-5.366,2.019
C=CCOc1ccc(S(=O)(=O)c2ccc(O)cc2)cc1,BPA_CID2054598__prepared_state_036,37,Done,,4.623,0.6627,grid,0.4853,-0.1282,-0.2921,-0.0,0.6611,-6.718,-3.336,1.081,0.0,-6.56,-10.05,5.878
C=CCOc1ccc(S(=O)(=O)c2ccc(O)cc2)cc1,BPA_CID2054598__prepared_state_036,37,Done,,4.623,-5.755,grid,-5.932,-3.307,-0.335,-0.0,-2.634,4.225,-6.324,1.081,0.0,-5.01,-2.099,7.776
C=CCOc1ccc(S(=O)(=O)c2ccc([O-])cc2)cc1,BPA_CID2054598__prepared_state_037,38,Done,,3.484,-2.286,grid,-3.087,-1.314,0.0,-0.0,-1.501,-21.17,-2.0,1.087,0.0,-25.6,-23.18,3.314
C=CCOc1ccc(S(=O)(=O)c2ccc([O-])cc2)cc1,BPA_CID2054598__prepared_state_037,38,Done,,3.484,-1.75,grid,-2.551,-0.7643,-0.1523,-0.0,-1.476,-21.55,-1.117,1.087,-0.001456,-24.75,-22.67,2.596
C=CCOc1ccc(S(=O)(=O)c2ccc([O-])cc2)cc1,BPA_CID2054598__prepared_state_037,38,Done,,3.484,-2.274,grid,-3.075,-1.672,0.0,-0.0,-1.538,-24.79,1.912,1.087,0.0,-24.47,-22.88,4.969
C=CCOc1ccc(S(=O)(=O)c2ccc([O-])cc2)cc1,BPA_CID2054598__prepared_state_037,38,Done,,3.484,-1.929,grid,-2.73,-0.9805,-0.09264,-0.0,-1.44,-19.07,-2.341,1.087,0.0,-24.09,-21.41,1.875
C=CCOc1ccc(S(=O)(=O)c2ccc([O-])cc2)cc1,BPA_CID2054598__prepared_state_037,38,Done,,3.484,-1.62,grid,-2.421,-0.7525,0.0,-0.0,-1.445,-19.92,-2.093,1.087,0.0,-23.56,-22.02,3.313
C=CCOc1ccc(S(=O)(=O)c2ccc([O-])cc2)cc1,BPA_CID2054598__prepared_state_037,38,Done,,3.484,-1.482,grid,-2.283,-0.6819,-0.04628,-0.0,-1.464,-20.24,-0.9376,1.087,-0.0256,-23.41,-21.17,1.581
C=CCOc1ccc(S(=O)(=O)c2ccc([O-])cc2)cc1,BPA_CID2054598__prepared_state_037,38,Done,,3.484,-1.849,grid,-2.65,-0.8383,0.0,-0.0,-1.57,-21.46,-1.705,1.087,0.0,-23.16,-23.17,7.022
C=CCOc1ccc(S(=O)(=O)c2ccc([O-])cc2)cc1,BPA_CID2054598__prepared_state_037,38,Done,,3.484,-1.962,grid,-2.763,-0.9438,-0.1377,-0.0,-1.437,-17.73,-2.967,1.087,0.0,-22.04,-20.7,4.627
C=CCOc1ccc(S(=O)(=O)c2ccc([O-])cc2)cc1,BPA_CID2054598__prepared_state_037,38,Done,,3.484,-1.448,grid,-2.249,-1.043,0.0,-0.0,-1.491,-20.52,1.502,1.087,-0.0005228,-21.43,-19.02,1.143
C=CCOc1ccc(S(=O)(=O)c2ccc([O-])cc2)cc1,BPA_CID2054598__prepared_state_037,38,Done,,3.484,-1.155,grid,-1.956,-0.7235,0.0,-0.0,-1.506,-17.88,0.5304,1.087,0.0,-19.4,-17.35,1.075
C=CCOc1ccc(S(=O)(=O)c2ccc([O-])cc2)cc1,BPA_CID2054598__prepared_state_037,38,Done,,3.484,-2.665,grid,-3.466,-3.385,-0.0127,-0.0,-0.572,-22.02,3.451,1.087,0.0,-17.27,-18.57,11.77
C=CCOc1ccc(S(=O)(=O)c2ccc([O-])cc2)cc1,BPA_CID2054598__prepared_state_037,38,Done,,3.484,-1.192,grid,-1.993,-0.6447,0.0,-0.0,-1.578,-16.86,-0.09728,1.087,0.0,-16.96,-16.96,5.278
C=CCOc1ccc(S(=O)(=O)c2ccc([O-])cc2)cc1,BPA_CID2054598__prepared_state_037,38,Done,,3.484,-0.4516,grid,-1.253,-0.1958,-0.1594,-0.0,-0.7384,-14.29,-3.546,1.087,0.0,-16.67,-17.83,5.639
C=CCOc1ccc(S(=O)(=O)c2ccc([O-])cc2)cc1,BPA_CID2054598__prepared_state_037,38,Done,,3.484,-0.9829,grid,-1.784,-0.5867,0.0,-0.0,-1.426,-15.2,-0.6314,1.087,-0.003867,-15.47,-15.84,5.46
C=CCOc1ccc(S(=O)(=O)c2ccc([O-])cc2)cc1,BPA_CID2054598__prepared_state_037,38,Done,,3.484,-1.105,grid,-1.906,-0.3174,-0.16,-0.0,-1.545,-10.27,-3.051,1.087,0.0,-15.0,-13.32,1.675
C=CCOc1ccc(S(=O)(=O)c2ccc([O-])cc2)cc1,BPA_CID2054598__prepared_state_037,38,Done,,3.484,-4.162,grid,-4.963,-3.595,-0.02482,-0.0,-2.107,-10.51,1.35,1.087,0.0,-14.61,-9.156,2.223
C=CCOc1ccc(S(=O)(=O)c2ccc([O-])cc2)cc1,BPA_CID2054598__prepared_state_037,38,Done,,3.484,-4.433,grid,-5.234,-3.533,-0.01736,-0.0,-2.597,-8.853,1.795,1.087,0.0,-12.52,-7.058,2.929
C=CCOc1ccc(S(=O)(=O)c2ccc([O-])cc2)cc1,BPA_CID2054598__prepared_state_037,38,Done,,3.484,0.9888,grid,0.1879,-0.4466,0.0,-0.0,0.4133,-12.92,-1.395,1.087,-0.01096,-11.49,-14.32,5.158
C=CCOc1ccc(S(=O)(=O)c2ccc([O-])cc2)cc1,BPA_CID2054598__prepared_state_037,38,Done,,3.484,-0.04313,grid,-0.8441,-0.06913,0.0,-0.0,-1.436,-10.32,1.005,1.087,-0.06071,-9.513,-9.317,1.843
C=CCOc1ccc(S(=O)(=O)c2ccc([O-])cc2)cc1,BPA_CID2054598__prepared_state_037,38,Done,,3.484,-0.4946,grid,-1.296,-0.3324,-0.005602,-0.0,-1.435,-7.655,-1.513,1.087,0.0,-6.9,-9.168,7.966
Oc1ccc(SCCOCOCCSc2ccc(O)cc2)cc1,BPA_CID3086375__prepared_state_038,39,Done,,9.682,-6.989,grid,-6.996,-4.004,-0.1885,-0.0,-2.167,-18.04,-5.392,1.075,0.0,-41.08,-23.43,7.614
Oc1ccc(SCCOCOCCSc2ccc(O)cc2)cc1,BPA_CID3086375__prepared_state_038,39,Done,,9.682,-7.017,grid,-7.024,-4.118,-0.1939,-0.0,-2.154,-18.75,-4.638,1.075,0.0,-40.36,-23.39,9.15
Oc1ccc(SCCOCOCCSc2ccc(O)cc2)cc1,BPA_CID3086375__prepared_state_038,39,Done,,9.682,-7.355,grid,-7.362,-4.251,-0.1842,-0.0,-2.351,-16.0,-5.666,1.075,0.0,-39.96,-21.66,8.572
Oc1ccc(SCCOCOCCSc2ccc(O)cc2)cc1,BPA_CID3086375__prepared_state_038,39,Done,,9.682,-6.719,grid,-6.726,-4.549,-0.32,-0.0,-2.183,-14.14,-3.354,1.536,0.0,-32.41,-17.49,11.42
Oc1ccc(SCCOCOCCSc2ccc(O)cc2)cc1,BPA_CID3086375__prepared_state_038,39,Done,,9.682,-5.252,grid,-5.258,-3.925,-0.02171,-0.0,-2.139,-18.24,1.356,1.536,0.0,-29.2,-16.88,7.61
Oc1ccc(SCCOCOCCSc2ccc(O)cc2)cc1,BPA_CID3086375__prepared_state_038,39,Done,,9.682,-5.006,grid,-5.012,-3.351,-0.1591,-0.0,-2.011,-13.97,-2.192,1.536,0.0,-27.4,-16.16,8.267
Oc1ccc(SCCOCOCCSc2ccc(O)cc2)cc1,BPA_CID3086375__prepared_state_038,39,Done,,9.682,-5.645,grid,-5.652,-4.231,0.0,-0.0,-2.356,-13.45,0.4795,1.536,0.0,-26.23,-12.97,8.153
Oc1ccc(SCCOCOCCSc2ccc(O)cc2)cc1,BPA_CID3086375__prepared_state_038,39,Done,,9.682,-1.095,grid,-1.101,-0.2434,0.0,-0.0,-1.006,-20.89,-2.291,1.536,0.0,-21.1,-23.18,10.92
Oc1ccc(SCCOCOCCSc2ccc(O)cc2)cc1,BPA_CID3086375__prepared_state_038,39,Done,,9.682,-5.69,grid,-5.697,-3.68,-0.3542,-0.0,-1.642,-0.25,-9.709,1.536,-0.08822,-20.52,-9.959,13.82
Oc1ccc(SCCOCOCCSc2ccc(O)cc2)cc1,BPA_CID3086375__prepared_state_038,39,Done,,9.682,-1.514,grid,-1.52,-0.39,-0.1888,-0.0,-1.006,-16.27,-4.389,1.536,0.0,-19.85,-20.65,10.94
Oc1ccc(SCCOCOCCSc2ccc(O)cc2)cc1,BPA_CID3086375__prepared_state_038,39,Done,,9.682,-4.84,grid,-4.846,-3.918,-0.16,-0.0,-1.667,-9.089,-0.8341,1.536,-0.05797,-16.68,-9.923,16.22
Oc1ccc(SCCOCOCCSc2ccc(O)cc2)cc1,BPA_CID3086375__prepared_state_038,39,Done,,9.682,-3.932,grid,-3.939,-3.168,-0.1104,-0.0,-1.851,-3.509,-1.132,1.536,0.0,-11.06,-4.641,11.32
Cc1ccc(S(=O)(=O)[N-]C(=O)Nc2ccc(Cc3ccc(NC(=O)[N-]S(=O)(=O)c4ccc(C)cc4)cc3)cc2)cc1,BPA_CID3596056__prepared_state_039,40,Done,,5.135,-1.526,grid,-1.527,-1.146,0.0,-0.0,1.81,-33.18,-7.185,0.6117,-0.06647,-34.79,-40.36,14.16
Cc1ccc(S(=O)(=O)[N-]C(=O)Nc2ccc(Cc3ccc(NC(=O)[N-]S(=O)(=O)c4ccc(C)cc4)cc3)cc2)cc1,BPA_CID3596056__prepared_state_039,40,Done,,5.135,-1.121,grid,-1.122,-1.319,0.0,-0.0,1.374,-29.8,-1.925,0.6117,-0.0108,-27.14,-31.72,11.39
Cc1ccc(S(=O)(=O)[N-]C(=O)Nc2ccc(Cc3ccc(NC(=O)[N-]S(=O)(=O)c4ccc(C)cc4)cc3)cc2)cc1,BPA_CID3596056__prepared_state_039,40,Done,,5.135,-1.35,grid,-1.351,-1.048,0.0,-0.0,0.1825,-26.05,1.363,0.6117,0.0,-19.64,-24.68,12.75
CC(C)(c1ccc(OP(=O)(Oc2ccccc2)Oc2ccccc2)cc1)c1ccc(OP(=O)(Oc2ccccc2)Oc2ccccc2)cc1,BPA_CID9874825__prepared_state_040,41,Done,,11.59,-3.562,grid,-3.562,-1.309,0.0,-0.0,0.0,-36.93,-4.515,0.2743,-0.004284,-43.4,-41.45,10.94
CC(C)(c1ccc(OP(=O)(Oc2ccccc2)Oc2ccccc2)cc1)c1ccc(OP(=O)(Oc2ccccc2)Oc2ccccc2)cc1,BPA_CID9874825__prepared_state_040,41,Done,,11.59,-3.337,grid,-3.337,-1.364,0.0,-0.0,0.0,-36.76,-2.655,0.2743,-0.01087,-42.01,-39.41,8.728
CC(C)(c1ccc(OP(=O)(Oc2ccccc2)Oc2ccccc2)cc1)c1ccc(OP(=O)(Oc2ccccc2)Oc2ccccc2)cc1,BPA_CID9874825__prepared_state_040,41,Done,,11.59,-2.901,grid,-2.901,-1.155,0.0,-0.0,0.0,-33.23,-2.391,0.2743,0.0,-37.11,-35.62,9.122
CC(C)(c1ccc(OP(=O)(Oc2ccccc2)Oc2ccccc2)cc1)c1ccc(OP(=O)(Oc2ccccc2)Oc2ccccc2)cc1,BPA_CID9874825__prepared_state_040,41,Done,,11.59,-1.728,grid,-1.728,-0.5786,0.0,-0.0,0.0,-21.89,-2.192,0.2743,0.0,-21.13,-24.08,13.12
CC(C)(c1ccc(OP(=O)(Oc2ccccc2)Oc2ccccc2)cc1)c1ccc(OP(=O)(Oc2ccccc2)Oc2ccccc2)cc1,BPA_CID9874825__prepared_state_040,41,Done,,11.59,-1.154,grid,-1.154,-0.4979,0.0,-0.0,0.0,-17.83,-0.2603,0.2743,0.0,-16.46,-18.09,8.072
CC(C)Oc1ccc(S(=O)(=O)c2ccc(O)cc2)cc1,BPA_CID9904141__prepared_state_041,42,Done,,2.622,-3.316,grid,-3.494,-0.9945,-0.16,-0.0,-1.416,-20.01,-3.759,0.6408,0.0,-27.69,-23.77,0.191
CC(C)Oc1ccc(S(=O)(=O)c2ccc(O)cc2)cc1,BPA_CID9904141__prepared_state_041,42,Done,,2.622,-2.871,grid,-3.048,-0.8007,0.0,-0.0,-1.607,-21.48,-1.216,0.6408,-0.02521,-25.2,-22.7,1.997
CC(C)Oc1ccc(S(=O)(=O)c2ccc(O)cc2)cc1,BPA_CID9904141__prepared_state_041,42,Done,,2.622,-2.654,grid,-2.831,-1.406,0.0,-0.0,-0.5966,-21.82,-2.489,0.6408,-0.005077,-24.2,-24.31,6.725
CC(C)Oc1ccc(S(=O)(=O)c2ccc(O)cc2)cc1,BPA_CID9904141__prepared_state_041,42,Done,,2.622,-3.36,grid,-3.537,-1.717,0.0,-0.0,-1.499,-20.21,0.3177,0.6408,0.0,-23.76,-19.89,0.404
CC(C)Oc1ccc(S(=O)(=O)c2ccc(O)cc2)cc1,BPA_CID9904141__prepared_state_041,42,Done,,2.622,-2.447,grid,-2.624,-0.5987,-0.0392,-0.0,-1.416,-20.51,-1.209,0.6408,-0.004,-22.64,-21.72,4.208
CC(C)Oc1ccc(S(=O)(=O)c2ccc(O)cc2)cc1,BPA_CID9904141__prepared_state_041,42,Done,,2.622,-6.407,grid,-6.585,-3.279,-0.1947,-0.0,-2.43,-6.955,-5.213,0.4485,0.0,-18.97,-12.17,1.546
CC(C)Oc1ccc(S(=O)(=O)c2ccc(O)cc2)cc1,BPA_CID9904141__prepared_state_041,42,Done,,2.622,-5.058,grid,-5.236,-3.421,-0.1895,-0.0,-0.7505,-11.94,-4.838,0.4485,0.0,-18.82,-16.78,7.966
CC(C)Oc1ccc(S(=O)(=O)c2ccc(O)cc2)cc1,BPA_CID9904141__prepared_state_041,42,Done,,2.622,-0.9697,grid,-1.147,-0.7187,-0.32,-0.0,0.5415,-12.99,-4.274,0.6408,0.0,-17.85,-17.26,1.469
CC(C)Oc1ccc(S(=O)(=O)c2ccc(O)cc2)cc1,BPA_CID9904141__prepared_state_041,42,Done,,2.622,-2.683,grid,-2.861,-0.4551,-0.4772,-0.0,-1.403,-15.76,-2.518,0.6408,-0.0007491,-17.08,-18.27,8.977
CC(C)Oc1ccc(S(=O)(=O)c2ccc(O)cc2)cc1,BPA_CID9904141__prepared_state_041,42,Done,,2.622,-0.9595,grid,-1.137,-0.2722,-0.1389,-0.0,-0.4228,-14.87,-0.7651,0.6408,-0.08528,-16.91,-15.64,0.08397
CC(C)Oc1ccc(S(=O)(=O)c2ccc(O)cc2)cc1,BPA_CID9904141__prepared_state_041,42,Done,,2.622,-0.9503,grid,-1.128,-0.4206,-0.16,-0.0,0.1242,-12.02,-4.74,0.6408,0.0,-15.44,-16.76,5.24
CC(C)Oc1ccc(S(=O)(=O)c2ccc(O)cc2)cc1,BPA_CID9904141__prepared_state_041,42,Done,,2.622,-0.1176,grid,-0.295,-0.6562,0.0,-0.0,0.6757,-16.43,-0.8909,0.6408,0.0,-13.62,-17.32,8.082
CC(C)Oc1ccc(S(=O)(=O)c2ccc(O)cc2)cc1,BPA_CID9904141__prepared_state_041,42,Done,,2.622,-0.3465,grid,-0.5239,0.0,-0.16,-0.0,0.2006,-8.197,-5.303,0.6408,0.0,-9.711,-13.5,8.783
CC(C)Oc1ccc(S(=O)(=O)c2ccc(O)cc2)cc1,BPA_CID9904141__prepared_state_041,42,Done,,2.622,-1.477,grid,-1.655,-0.1631,0.0,-0.0,-1.521,-11.73,-0.1618,0.6408,0.0,-9.602,-11.89,8.388
CC(C)Oc1ccc(S(=O)(=O)c2ccc(O)cc2)cc1,BPA_CID9904141__prepared_state_041,42,Done,,2.622,-5.332,grid,-5.509,-3.246,-0.1849,-0.0,-1.784,3.132,-5.993,0.4485,0.0,-6.068,-2.861,6.264
CC(C)Oc1ccc(S(=O)(=O)c2ccc(O)cc2)cc1,BPA_CID9904141__prepared_state_041,42,Done,,2.622,-4.847,grid,-5.024,-3.234,-0.1849,-0.0,-1.296,1.309,-5.494,0.4485,0.0,-5.424,-4.185,9.083
CC(C)Oc1ccc(S(=O)(=O)c2ccc(O)cc2)cc1,BPA_CID9904141__prepared_state_041,42,Done,,2.622,-4.822,grid,-4.999,-3.232,-0.1849,-0.0,-1.285,1.47,-5.467,0.4485,0.0,-5.287,-3.997,8.923
CC(C)Oc1ccc(S(=O)(=O)c2ccc(O)cc2)cc1,BPA_CID9904141__prepared_state_041,42,Done,,2.622,-4.721,grid,-4.898,-2.841,-0.1848,-0.0,-1.567,5.174,-6.751,0.4485,0.0,-3.866,-1.577,6.693
CC(C)Oc1ccc(S(=O)(=O)c2ccc([O-])cc2)cc1,BPA_CID9904141__prepared_state_042,43,Done,,2.459,-3.011,grid,-3.811,-1.285,0.0,-0.0,-1.616,-23.15,-2.655,0.6446,0.0,-31.05,-25.81,0.3111
CC(C)Oc1ccc(S(=O)(=O)c2ccc([O-])cc2)cc1,BPA_CID9904141__prepared_state_042,43,Done,,2.459,-2.578,grid,-3.379,-1.833,0.0,-0.0,-0.9809,-25.23,0.3457,0.6446,0.0,-29.4,-24.88,0.5532
CC(C)Oc1ccc(S(=O)(=O)c2ccc([O-])cc2)cc1,BPA_CID9904141__prepared_state_042,43,Done,,2.459,-2.413,grid,-3.214,-0.8092,0.0,-0.0,-1.611,-18.0,-3.589,0.6446,0.0,-23.58,-21.59,5.126
CC(C)Oc1ccc(S(=O)(=O)c2ccc([O-])cc2)cc1,BPA_CID9904141__prepared_state_042,43,Done,,2.459,-0.8342,grid,-1.635,-0.8469,0.0,-0.0,-0.1103,-19.06,-2.463,0.6446,0.0,-22.96,-21.53,1.771
CC(C)Oc1ccc(S(=O)(=O)c2ccc([O-])cc2)cc1,BPA_CID9904141__prepared_state_042,43,Done,,2.459,-2.796,grid,-3.597,-1.466,-0.1239,-0.0,-1.424,-17.74,-2.268,0.6446,0.0,-22.93,-20.01,4.37
CC(C)Oc1ccc(S(=O)(=O)c2ccc([O-])cc2)cc1,BPA_CID9904141__prepared_state_042,43,Done,,2.459,-1.176,grid,-1.977,-1.12,-0.1377,-0.0,-0.2155,-16.4,-2.188,0.6446,0.0,-21.14,-18.59,0.4928
CC(C)Oc1ccc(S(=O)(=O)c2ccc([O-])cc2)cc1,BPA_CID9904141__prepared_state_042,43,Done,,2.459,-1.308,grid,-2.109,-0.484,0.0,-0.0,-1.422,-10.29,-1.751,0.6446,-0.07051,-14.87,-12.04,0.326
CC(C)Oc1ccc(S(=O)(=O)c2ccc([O-])cc2)cc1,BPA_CID9904141__prepared_state_042,43,Done,,2.459,-1.713,grid,-2.514,-0.9879,0.0,-0.0,-1.45,-18.06,1.26,0.6446,-0.006887,-14.85,-16.8,11.02
CC(C)Oc1ccc(S(=O)(=O)c2ccc([O-])cc2)cc1,BPA_CID9904141__prepared_state_042,43,Done,,2.459,1.04,grid,0.2386,-0.2844,0.0,-0.0,0.4512,-14.9,1.147,0.6446,0.0,-12.79,-13.75,1.25
CC(C)Oc1ccc(S(=O)(=O)c2ccc([O-])cc2)cc1,BPA_CID9904141__prepared_state_042,43,Done,,2.459,-0.919,grid,-1.72,-0.0008923,0.0,-0.0,-1.423,-6.675,-3.656,0.6446,-0.05904,-12.75,-10.33,0.03696
CC(C)Oc1ccc(S(=O)(=O)c2ccc([O-])cc2)cc1,BPA_CID9904141__prepared_state_042,43,Done,,2.459,-0.5284,grid,-1.329,-0.2328,0.0,-0.0,-1.444,-13.56,2.538,0.6446,0.0,-12.37,-11.02,1.068
CC(C)Oc1ccc(S(=O)(=O)c2ccc([O-])cc2)cc1,BPA_CID9904141__prepared_state_042,43,Done,,2.459,-1.306,grid,-2.107,-0.1729,-0.2,-0.0,-1.398,-9.653,-3.326,0.6446,0.0,-11.54,-12.98,8.847
CC(C)Oc1ccc(S(=O)(=O)c2ccc([O-])cc2)cc1,BPA_CID9904141__prepared_state_042,43,Done,,2.459,-1.1,grid,-1.901,-0.008335,-0.2,-0.0,-1.4,-8.154,-3.535,0.6446,0.0,-9.058,-11.69,10.65
CC(C)Oc1ccc(S(=O)(=O)c2ccc([O-])cc2)cc1,BPA_CID9904141__prepared_state_042,43,Done,,2.459,-4.361,grid,-5.162,-3.386,-0.1197,-0.0,-2.279,-2.855,0.8077,0.6446,0.0,-7.946,-2.047,2.836
CC(C)Oc1ccc(S(=O)(=O)c2ccc([O-])cc2)cc1,BPA_CID9904141__prepared_state_042,43,Done,,2.459,-0.5952,grid,-1.396,-0.2433,0.0,-0.0,-1.427,-8.594,0.398,0.6446,0.0,-7.346,-8.196,5.658
CC(C)Oc1ccc(S(=O)(=O)c2ccc([O-])cc2)cc1,BPA_CID9904141__prepared_state_042,43,Done,,2.459,-2.599,grid,-3.4,-3.401,-0.05323,-0.0,-0.7196,-4.129,2.239,0.6446,0.0,-4.516,-1.89,4.386
CC(C)(c1ccc(O)c(-c2ccccc2)c1)c1ccc(O)c(-c2ccccc2)c1,BPA_CID13059052__prepared_state_043,44,Done,,4.203,-3.766,grid,-3.77,-1.522,-0.2172,-0.0,-0.8148,-24.29,-3.581,0.536,0.0,-31.64,-27.87,2.771
CC(C)(c1ccc(O)c(-c2ccccc2)c1)c1ccc(O)c(-c2ccccc2)c1,BPA_CID13059052__prepared_state_043,44,Done,,4.203,-3.729,grid,-3.733,-1.549,-0.32,-0.0,-0.8148,-20.5,-3.734,0.536,0.0,-28.07,-24.24,2.545
CC(C)(c1ccc(O)c(-c2ccccc2)c1)c1ccc(O)c(-c2ccccc2)c1,BPA_CID13059052__prepared_state_043,44,Done,,4.203,-3.688,grid,-3.692,-1.553,-0.32,-0.0,-0.8148,-20.44,-3.454,0.536,0.0,-27.29,-23.89,3.308
CC(C)(c1ccc(O)c(-c2ccccc2)c1)c1ccc(O)c(-c2ccccc2)c1,BPA_CID13059052__prepared_state_043,44,Done,,4.203,-3.026,grid,-3.03,-0.9184,-0.3871,-0.0,-0.8148,-17.15,-3.92,0.536,0.0,-24.64,-21.07,1.166
CC(C)(c1ccc(O)c(-c2ccccc2)c1)c1ccc(O)c(-c2ccccc2)c1,BPA_CID13059052__prepared_state_043,44,Done,,4.203,-2.654,grid,-2.658,-1.009,0.0,-0.0,-0.8148,-25.69,-0.5646,0.536,0.0,-24.25,-26.26,11.28
CC(C)(c1ccc(O)c(-c2ccccc2)c1)c1ccc(O)c(-c2ccccc2)c1,BPA_CID13059052__prepared_state_043,44,Done,,4.203,-3.303,grid,-3.307,-2.105,0.0,-0.0,-0.8148,-21.76,1.105,0.536,0.0,-24.05,-20.66,2.263
CC(C)(c1ccc(O)c(-c2ccccc2)c1)c1ccc(O)c(-c2ccccc2)c1,BPA_CID13059052__prepared_state_043,44,Done,,4.203,-2.421,grid,-2.425,-1.021,0.0,-0.0,-0.8148,-20.23,-0.7596,0.536,0.0,-23.7,-20.99,1.204
CC(C)(c1ccc(O)c(-c2ccccc2)c1)c1ccc(O)c(-c2ccccc2)c1,BPA_CID13059052__prepared_state_043,44,Done,,4.203,-2.819,grid,-2.822,-0.6152,-0.3737,-0.0,-0.8148,-18.15,-4.313,0.536,0.0,-21.82,-22.47,9.007
CC(C)(c1ccc(O)c(-c2ccccc2)c1)c1ccc(O)c(-c2ccccc2)c1,BPA_CID13059052__prepared_state_043,44,Done,,4.203,-2.421,grid,-2.424,-1.16,0.0,-0.0,-0.8148,-17.82,-0.6253,0.536,0.0,-21.16,-18.45,1.213
CC(C)(c1ccc(O)c(-c2ccccc2)c1)c1ccc(O)c(-c2ccccc2)c1,BPA_CID13059052__prepared_state_043,44,Done,,4.203,-1.938,grid,-1.942,-0.5838,0.0,-0.0,-0.8148,-19.42,-0.7215,0.536,0.0,-19.79,-20.14,6.004
CC(C)(c1ccc(O)c(-c2ccccc2)c1)c1ccc(O)c(-c2ccccc2)c1,BPA_CID13059052__prepared_state_043,44,Done,,4.203,-1.746,grid,-1.75,-0.5435,0.0,-0.0,-0.8148,-18.17,-0.1259,0.536,0.0,-19.72,-18.3,1.947
CC(C)(c1ccc(O)c(-c2ccccc2)c1)c1ccc(O)c(-c2ccccc2)c1,BPA_CID13059052__prepared_state_043,44,Done,,4.203,-1.369,grid,-1.373,-0.2617,0.0,-0.0,-0.8148,-17.49,0.2832,0.536,0.0,-18.86,-17.21,0.4541
CC(C)(c1ccc(O)c(-c2ccccc2)c1)c1ccc(O)c(-c2ccccc2)c1,BPA_CID13059052__prepared_state_043,44,Done,,4.203,-1.889,grid,-1.893,-0.3196,-0.09667,-0.0,-0.8148,-14.63,-3.107,0.536,0.0,-18.71,-17.74,3.226
CC(C)(c1ccc(O)c(-c2ccccc2)c1)c1ccc(O)c(-c2ccccc2)c1,BPA_CID13059052__prepared_state_043,44,Done,,4.203,-2.272,grid,-2.275,-0.5425,-0.32,-0.0,-0.8148,-13.09,-3.198,0.536,0.0,-18.59,-16.28,1.608
CC(C)(c1ccc(O)c(-c2ccccc2)c1)c1ccc(O)c(-c2ccccc2)c1,BPA_CID13059052__prepared_state_043,44,Done,,4.203,-1.663,grid,-1.667,-0.4341,0.0,-0.0,-0.8148,-17.26,-0.6079,0.536,0.0,-18.43,-17.86,3.434
CC(C)(c1ccc(O)c(-c2ccccc2)c1)c1ccc(O)c(-c2ccccc2)c1,BPA_CID13059052__prepared_state_043,44,Done,,4.203,-2.353,grid,-2.356,-1.157,0.0,-0.0,-0.8148,-18.86,0.1482,0.536,0.0,-18.11,-18.71,7.641
CC(C)(c1ccc(O)c(-c2ccccc2)c1)c1ccc(O)c(-c2ccccc2)c1,BPA_CID13059052__prepared_state_043,44,Done,,4.203,-1.533,grid,-1.537,-0.3981,0.0,-0.0,-0.8148,-16.86,-0.1122,0.536,0.0,-18.05,-16.97,2.043
CC(C)(c1ccc(O)c(-c2ccccc2)c1)c1ccc(O)c(-c2ccccc2)c1,BPA_CID13059052__prepared_state_043,44,Done,,4.203,-1.702,grid,-1.705,-0.5304,0.0,-0.0,-0.8148,-14.55,-1.124,0.536,0.0,-17.42,-15.67,1.17
CC(C)(c1ccc(O)c(-c2ccccc2)c1)c1ccc(O)c(-c2ccccc2)c1,BPA_CID13059052__prepared_state_043,44,Done,,4.203,-1.892,grid,-1.895,-0.4885,-0.1042,-0.0,-0.8148,-13.94,-2.177,0.536,0.0,-16.87,-16.12,3.688
CC(C)(c1ccc(O)c(-c2ccccc2)c1)c1ccc(O)c(-c2ccccc2)c1,BPA_CID13059052__prepared_state_043,44,Done,,4.203,-1.579,grid,-1.583,-0.4246,0.0,-0.0,-0.8148,-16.09,-0.502,0.536,0.0,-16.64,-16.59,4.228
Cc1ccc(S(=O)(=O)[N-]C(=O)Nc2cccc(OS(=O)(=O)c3ccc(C)cc3)c2)cc1,BPA_CID22035425__prepared_state_044,45,Done,,3.243,-2.488,grid,-2.489,-1.378,0.0,-0.0,-0.2785,-33.04,0.5932,0.7623,-0.03192,-34.51,-32.44,2.679
Cc1ccc(S(=O)(=O)[N-]C(=O)Nc2cccc(OS(=O)(=O)c3ccc(C)cc3)c2)cc1,BPA_CID22035425__prepared_state_044,45,Done,,3.243,-1.727,grid,-1.728,-1.506,0.0,-0.0,0.4717,-24.72,-1.441,0.7623,-0.004545,-25.39,-26.16,6.259
Cc1ccc(S(=O)(=O)[N-]C(=O)Nc2cccc(OS(=O)(=O)c3ccc(C)cc3)c2)cc1,BPA_CID22035425__prepared_state_044,45,Done,,3.243,-2.128,grid,-2.129,-1.299,0.0,-0.0,-0.1883,-24.49,-1.091,0.7623,-0.01579,-24.85,-25.58,7.28
Cc1ccc(S(=O)(=O)[N-]C(=O)Nc2cccc(OS(=O)(=O)c3ccc(C)cc3)c2)cc1,BPA_CID22035425__prepared_state_044,45,Done,,3.243,-1.203,grid,-1.204,-1.479,0.0,-0.0,0.09269,-21.52,3.308,0.7623,0.0,-19.36,-18.21,1.0
Cc1ccc(S(=O)(=O)[N-]C(=O)Nc2cccc(OS(=O)(=O)c3ccc(C)cc3)c2)cc1,BPA_CID22035425__prepared_state_044,45,Done,,3.243,0.3685,grid,0.3676,-0.8788,0.0,-0.0,1.294,-25.89,3.232,0.7623,0.0,-17.32,-22.66,9.665
Cc1ccc(S(=O)(=O)[N-]C(=O)Nc2cccc(OS(=O)(=O)c3ccc(C)cc3)c2)cc1,BPA_CID22035425__prepared_state_044,45,Done,,3.243,1.591,grid,1.59,-0.197,0.0,-0.0,2.085,-16.46,-1.583,0.7623,0.0,-13.86,-18.04,4.012
Cc1ccc(S(=O)(=O)[N-]C(=O)Nc2cccc(OS(=O)(=O)c3ccc(C)cc3)c2)cc1,BPA_CID22035425__prepared_state_044,45,Done,,3.243,-0.1858,grid,-0.1867,-0.04939,0.0,-0.0,-0.05228,-13.82,-1.041,0.7623,0.0,-12.7,-14.86,4.847
CC(C)(c1ccc(O)cc1)c1ccc(O)cc1,NATIVE_ESRRG__prepared_state_000,46,Done,,3.486,-10.62,grid,-10.62,-4.463,-0.5996,-0.0,-2.753,-33.94,-10.46,0.4577,0.0,-68.92,-44.41,6.294
CC(C)(c1ccc(O)cc1)c1ccc(O)cc1,NATIVE_ESRRG__prepared_state_000,46,Done,,3.486,-10.69,grid,-10.69,-4.59,-0.5469,-0.0,-2.753,-32.72,-10.84,0.4577,0.0,-68.36,-43.56,6.085
CC(C)(c1ccc(O)cc1)c1ccc(O)cc1,NATIVE_ESRRG__prepared_state_000,46,Done,,3.486,-10.7,grid,-10.7,-4.572,-0.5538,-0.0,-2.753,-32.52,-11.04,0.4577,0.0,-67.72,-43.56,7.41
CC(C)(c1ccc(O)cc1)c1ccc(O)cc1,NATIVE_ESRRG__prepared_state_000,46,Done,,3.486,-10.73,grid,-10.73,-4.529,-0.5829,-0.0,-2.753,-33.35,-11.06,0.4577,0.0,-67.37,-44.41,9.968
CC(C)(c1ccc(O)cc1)c1ccc(O)cc1,NATIVE_ESRRG__prepared_state_000,46,Done,,3.486,-10.53,grid,-10.53,-4.561,-0.4903,-0.0,-2.753,-31.97,-10.6,0.4577,0.0,-66.07,-42.57,7.841
CC(C)(c1ccc(O)cc1)c1ccc(O)cc1,NATIVE_ESRRG__prepared_state_000,46,Done,,3.486,-10.25,grid,-10.25,-4.466,-0.456,-0.0,-2.753,-29.74,-10.33,0.4577,0.0,-64.15,-40.07,5.221
CC(C)(c1ccc(O)cc1)c1ccc(O)cc1,NATIVE_ESRRG__prepared_state_000,46,Done,,3.486,-10.17,grid,-10.18,-4.455,-0.4697,-0.0,-2.753,-31.67,-9.148,0.4577,0.0,-62.34,-40.82,9.928
CC(C)(c1ccc(O)cc1)c1ccc(O)cc1,NATIVE_ESRRG__prepared_state_000,46,Done,,3.486,-9.581,grid,-9.583,-4.608,-0.2279,-0.0,-2.753,-32.87,-5.388,0.4577,0.0,-58.11,-38.26,10.2
CC(C)(c1ccc(O)cc1)c1ccc(O)cc1,NATIVE_ESRRG__prepared_state_000,46,Done,,3.486,-9.579,grid,-9.58,-4.607,-0.23,-0.0,-2.753,-32.92,-5.35,0.4577,0.0,-57.17,-38.27,12.09
CC(C)(c1ccc(O)cc1)c1ccc(O)cc1,NATIVE_ESRRG__prepared_state_000,46,Done,,3.486,-9.834,grid,-9.836,-4.216,-0.5885,-0.0,-2.753,-24.28,-10.15,0.4577,0.0,-54.78,-34.43,10.52
CC(C)(c1ccc(O)cc1)c1ccc(O)cc1,NATIVE_ESRRG__prepared_state_000,46,Done,,3.486,-9.889,grid,-9.891,-4.215,-0.5884,-0.0,-2.753,-24.16,-10.56,0.4577,0.0,-54.3,-34.72,12.35
CC(C)(c1ccc(O)cc1)c1ccc(O)cc1,NATIVE_ESRRG__prepared_state_000,46,Done,,3.486,-9.495,grid,-9.497,-4.322,-0.456,-0.0,-2.753,-23.13,-9.757,0.6538,0.0,-54.27,-32.89,6.688
CC(C)(c1ccc(O)cc1)c1ccc(O)cc1,NATIVE_ESRRG__prepared_state_000,46,Done,,3.486,-9.456,grid,-9.458,-4.319,-0.456,-0.0,-2.753,-22.54,-9.711,0.6538,0.0,-54.07,-32.25,5.612
CC(C)(c1ccc(O)cc1)c1ccc(O)cc1,NATIVE_ESRRG__prepared_state_000,46,Done,,3.486,-9.197,grid,-9.199,-4.176,-0.456,-0.0,-2.753,-22.16,-9.071,0.6538,0.0,-53.34,-31.23,3.691
CC(C)(c1ccc(O)cc1)c1ccc(O)cc1,NATIVE_ESRRG__prepared_state_000,46,Done,,3.486,-8.644,grid,-8.646,-4.318,-0.32,-0.0,-2.753,-27.19,-3.664,0.6538,0.0,-51.07,-30.85,4.58
CC(C)(c1ccc(O)cc1)c1ccc(O)cc1,NATIVE_ESRRG__prepared_state_000,46,Done,,3.486,-8.901,grid,-8.903,-4.312,-0.32,-0.0,-2.753,-23.82,-5.235,0.4577,0.0,-51.07,-29.06,2.338
CC(C)(c1ccc(O)cc1)c1ccc(O)cc1,NATIVE_ESRRG__prepared_state_000,46,Done,,3.486,-8.841,grid,-8.843,-4.281,-0.32,-0.0,-2.753,-23.55,-5.135,0.4577,0.0,-49.99,-28.68,3.434
CC(C)(c1ccc(O)cc1)c1ccc(O)cc1,NATIVE_ESRRG__prepared_state_000,46,Done,,3.486,-8.895,grid,-8.897,-4.293,-0.32,-0.0,-2.753,-23.87,-5.302,0.4577,0.0,-49.94,-29.17,4.791
CC(C)(c1ccc(O)cc1)c1ccc(O)cc1,NATIVE_ESRRG__prepared_state_000,46,Done,,3.486,-9.0,grid,-9.001,-4.23,-0.456,-0.0,-2.753,-19.3,-8.343,0.6538,0.0,-48.95,-27.64,4.249
CC(C)(c1ccc(O)cc1)c1ccc(O)cc1,NATIVE_ESRRG__prepared_state_000,46,Done,,3.486,-8.921,grid,-8.923,-4.201,-0.456,-0.0,-2.753,-18.64,-8.23,0.6538,0.0,-48.28,-26.87,3.637
