SMILES,title,i_i_glide_lignum,docking_status,message,r_glide_cpu_time,r_i_docking_score,s_i_glide_gridfile,r_i_glide_gscore,r_i_glide_lipo,r_i_glide_hbond,r_i_glide_metal,r_i_glide_rewards,r_i_glide_evdw,r_i_glide_ecoul,r_i_glide_erotb,r_i_glide_esite,r_i_glide_emodel,r_i_glide_energy,r_i_glide_einternal
CC(C)(c1ccc(OC[C@H]2CO2)cc1)c1ccc(OC[C@H]2CO2)cc1,BPA_CID2286__prepared_state_000,1,Done,,5.494,-2.995,grid,-2.995,-1.331,-0.2353,-0.0,-1.085,-24.36,-2.88,1.307,0.0,-26.62,-27.24,8.78
CC(C)(c1ccc(OC[C@H]2CO2)cc1)c1ccc(OC[C@H]2CO2)cc1,BPA_CID2286__prepared_state_000,1,Done,,5.494,-2.967,grid,-2.967,-1.287,-0.1241,-0.0,-1.087,-26.56,-2.985,1.307,0.0,-26.55,-29.55,13.47
CC(C)(c1ccc(OC[C@H]2CO2)cc1)c1ccc(OC[C@H]2CO2)cc1,BPA_CID2286__prepared_state_000,1,Done,,5.494,-1.729,grid,-1.729,-0.8755,0.0,-0.0,-1.087,-23.21,0.5792,1.307,0.0,-23.18,-22.63,3.245
CC(C)(c1ccc(OC[C@H]2CO2)cc1)c1ccc(OC[C@H]2CO2)cc1,BPA_CID2286__prepared_state_000,1,Done,,5.494,-1.74,grid,-1.74,-0.8435,0.0,-0.0,-1.057,-20.74,-0.7334,1.307,0.0,-21.83,-21.47,3.657
CC(C)(c1ccc(OC[C@H]2CO2)cc1)c1ccc(OC[C@H]2CO2)cc1,BPA_CID2286__prepared_state_000,1,Done,,5.494,-2.182,grid,-2.182,-1.305,0.0,-0.0,-1.071,-20.35,-0.6401,1.307,0.0,-20.42,-20.99,6.645
CC(C)(c1ccc(OC[C@H]2CO2)cc1)c1ccc(OC[C@H]2CO2)cc1,BPA_CID2286__prepared_state_000,1,Done,,5.494,-1.79,grid,-1.79,-0.8142,0.0,-0.0,-1.088,-20.01,-1.295,1.307,0.0,-20.32,-21.3,6.462
CC(C)(c1ccc(OC[C@H]2CO2)cc1)c1ccc(OC[C@H]2CO2)cc1,BPA_CID2286__prepared_state_000,1,Done,,5.494,-1.168,grid,-1.168,-0.4702,0.0,-0.0,-1.053,-19.38,0.1173,1.307,0.0,-18.58,-19.27,4.317
CC(C)(c1ccc(OC[C@H]2CO2)cc1)c1ccc(OC[C@H]2CO2)cc1,BPA_CID2286__prepared_state_000,1,Done,,5.494,-1.612,grid,-1.612,-0.6735,0.0,-0.0,-1.088,-18.95,-1.403,1.307,0.0,-17.39,-20.36,9.992
CC(C)(c1ccc(OC[C@H]2CO2)cc1)c1ccc(OC[C@H]2CO2)cc1,BPA_CID2286__prepared_state_000,1,Done,,5.494,-1.425,grid,-1.425,-0.6216,0.0,-0.0,-1.087,-19.36,-0.3675,1.307,0.0,-16.99,-19.73,9.064
CC(C)(c1ccc(OC[C@H]2CO2)cc1)c1ccc(OC[C@H]2CO2)cc1,BPA_CID2286__prepared_state_000,1,Done,,5.494,-0.6953,grid,-0.6953,-0.5593,0.0,-0.0,-0.3011,-21.26,-0.5267,1.307,0.0,-16.9,-21.79,11.53
CC(C)(c1ccc(OC[C@H]2CO2)cc1)c1ccc(OC[C@H]2CO2)cc1,BPA_CID2286__prepared_state_000,1,Done,,5.494,-1.599,grid,-1.599,-0.7155,0.0,-0.0,-1.088,-18.06,-1.33,1.307,0.0,-16.55,-19.39,9.703
CC(C)(c1ccc(OC[C@H]2CO2)cc1)c1ccc(OC[C@H]2CO2)cc1,BPA_CID2286__prepared_state_000,1,Done,,5.494,-1.286,grid,-1.286,-0.6599,0.0,-0.0,-1.077,-15.57,-0.5183,1.307,0.0,-16.46,-16.09,2.498
CC(C)(c1ccc(OC[C@H]2CO2)cc1)c1ccc(OC[C@H]2CO2)cc1,BPA_CID2286__prepared_state_000,1,Done,,5.494,-1.363,grid,-1.363,-0.4609,-0.00843,-0.0,-1.088,-14.97,-2.429,1.307,0.0,-16.29,-17.4,5.649
CC(C)(c1ccc(OC[C@H]2CO2)cc1)c1ccc(OC[C@H]2CO2)cc1,BPA_CID2286__prepared_state_000,1,Done,,5.494,-0.8558,grid,-0.8558,-0.1845,0.0,-0.0,-1.012,-16.67,-0.8876,1.307,0.0,-15.33,-17.56,6.607
CC(C)(c1ccc(OC[C@H]2CO2)cc1)c1ccc(OC[C@H]2CO2)cc1,BPA_CID2286__prepared_state_000,1,Done,,5.494,-0.3347,grid,-0.3347,-0.0526,0.0,-0.0,-0.6628,-13.31,-1.74,1.307,0.0,-9.743,-15.05,11.46
CC(C)(c1ccc(OC[C@H]2CO2)cc1)c1ccc(OC[C@H]2CO2)cc1,BPA_CID2286__prepared_state_000,1,Done,,5.494,-0.5527,grid,-0.5527,-0.2166,0.0,-0.0,-1.088,-10.07,-0.3472,1.307,0.0,-7.772,-10.41,6.672
CC(C)(c1ccc(OC[C@H]2CO2)cc1)c1ccc(OC[C@H]2CO2)cc1,BPA_CID2286__prepared_state_000,1,Done,,5.494,-4.36,grid,-4.36,-4.817,-0.16,-0.0,-0.3324,-10.58,1.142,1.307,0.0,-6.728,-9.437,16.4
CC(C)(c1ccc(OC[C@H]2CO2)cc1)c1ccc(OC[C@H]2CO2)cc1,BPA_CID2286__prepared_state_000,1,Done,,5.494,-2.573,grid,-2.573,-4.281,-0.5831,-0.0,1.948,-1.912,-5.799,1.307,0.0,-1.78,-7.711,18.34
CC(C)(c1ccc(OC[C@@H]2CO2)cc1)c1ccc(OC[C@H]2CO2)cc1,BPA_CID2286__prepared_state_001,2,Done,,4.851,-1.956,grid,-1.956,-0.7365,0.0,-0.0,-1.088,-24.83,-1.314,1.307,0.0,-25.36,-26.15,6.381
CC(C)(c1ccc(OC[C@@H]2CO2)cc1)c1ccc(OC[C@H]2CO2)cc1,BPA_CID2286__prepared_state_001,2,Done,,4.851,-1.486,grid,-1.486,-0.7641,0.0,-0.0,-1.084,-19.75,0.2783,1.307,0.0,-19.9,-19.47,2.782
CC(C)(c1ccc(OC[C@@H]2CO2)cc1)c1ccc(OC[C@H]2CO2)cc1,BPA_CID2286__prepared_state_001,2,Done,,4.851,-1.836,grid,-1.836,-0.3744,-0.3051,-0.0,-1.05,-17.85,-3.476,1.307,0.0,-18.89,-21.33,9.379
CC(C)(c1ccc(OC[C@@H]2CO2)cc1)c1ccc(OC[C@H]2CO2)cc1,BPA_CID2286__prepared_state_001,2,Done,,4.851,-1.668,grid,-1.668,-0.3928,-0.4178,-0.0,-0.7402,-17.43,-3.688,1.307,0.0,-18.56,-21.12,9.223
CC(C)(c1ccc(OC[C@@H]2CO2)cc1)c1ccc(OC[C@H]2CO2)cc1,BPA_CID2286__prepared_state_001,2,Done,,4.851,-1.351,grid,-1.351,-0.6006,0.0,-0.0,-1.087,-18.39,-0.3431,1.307,0.0,-18.47,-18.73,3.832
CC(C)(c1ccc(OC[C@@H]2CO2)cc1)c1ccc(OC[C@H]2CO2)cc1,BPA_CID2286__prepared_state_001,2,Done,,4.851,-1.514,grid,-1.514,-0.7881,0.0,-0.0,-1.065,-20.63,0.4245,1.307,0.0,-18.03,-20.21,8.083
CC(C)(c1ccc(OC[C@@H]2CO2)cc1)c1ccc(OC[C@H]2CO2)cc1,BPA_CID2286__prepared_state_001,2,Done,,4.851,-1.037,grid,-1.037,-0.2955,0.0,-0.0,-1.083,-17.88,-0.4805,1.307,0.0,-17.67,-18.36,3.93
CC(C)(c1ccc(OC[C@@H]2CO2)cc1)c1ccc(OC[C@H]2CO2)cc1,BPA_CID2286__prepared_state_001,2,Done,,4.851,-1.422,grid,-1.422,-0.2839,-0.4482,-0.0,-0.6197,-15.82,-3.911,1.307,0.0,-16.07,-19.73,10.81
CC(C)(c1ccc(OC[C@@H]2CO2)cc1)c1ccc(OC[C@H]2CO2)cc1,BPA_CID2286__prepared_state_001,2,Done,,4.851,-6.119,grid,-6.119,-4.388,-0.3089,-0.0,-1.878,-8.261,-2.92,1.307,0.0,-13.63,-11.18,10.14
CC(C)(c1ccc(OC[C@@H]2CO2)cc1)c1ccc(OC[C@H]2CO2)cc1,BPA_CID2286__prepared_state_001,2,Done,,4.851,-0.548,grid,-0.548,-0.09569,0.0,-0.0,-1.087,-13.33,-0.03994,1.307,0.0,-13.17,-13.37,1.74
CC(C)(c1ccc(OC[C@@H]2CO2)cc1)c1ccc(OC[C@H]2CO2)cc1,BPA_CID2286__prepared_state_001,2,Done,,4.851,-0.8562,grid,-0.8562,-0.2382,0.0,-0.0,-1.072,-14.29,-0.9243,1.307,0.0,-12.73,-15.21,7.065
CC(C)(c1ccc(OC[C@@H]2CO2)cc1)c1ccc(OC[C@H]2CO2)cc1,BPA_CID2286__prepared_state_001,2,Done,,4.851,-4.937,grid,-4.937,-4.419,-0.48,-0.0,-0.5049,-9.501,-2.432,1.307,0.0,-11.76,-11.93,12.46
CC(C)(c1ccc(OC[C@@H]2CO2)cc1)c1ccc(OC[C@H]2CO2)cc1,BPA_CID2286__prepared_state_001,2,Done,,4.851,-0.5788,grid,-0.5788,-0.2539,0.0,-0.0,-1.088,-12.72,0.6123,1.307,0.0,-11.42,-12.11,2.802
CC(C)(c1ccc(OC[C@@H]2CO2)cc1)c1ccc(OC[C@H]2CO2)cc1,BPA_CID2286__prepared_state_001,2,Done,,4.851,-5.467,grid,-5.467,-4.978,-0.2864,-0.0,-0.7687,-5.231,-3.199,1.307,0.0,-9.705,-8.43,10.88
CC(C)(c1ccc(OC[C@@H]2CO2)cc1)c1ccc(OC[C@H]2CO2)cc1,BPA_CID2286__prepared_state_001,2,Done,,4.851,-0.5573,grid,-0.5573,-0.07102,0.0,-0.0,-1.067,-12.03,-0.8377,1.307,0.0,-8.774,-12.87,9.553
CC(C)(c1ccc(OC[C@@H]2CO2)cc1)c1ccc(OC[C@H]2CO2)cc1,BPA_CID2286__prepared_state_001,2,Done,,4.851,-3.25,grid,-3.25,-4.675,-0.1723,-0.0,0.7262,-14.32,1.865,1.307,0.0,-8.432,-12.45,16.03
CC(C)(c1ccc(OC[C@@H]2CO2)cc1)c1ccc(OC[C@H]2CO2)cc1,BPA_CID2286__prepared_state_001,2,Done,,4.851,-5.891,grid,-5.891,-4.521,-0.4958,-0.0,-1.49,-0.4973,-4.445,1.307,0.0,-7.998,-4.943,8.358
CC(C)(c1ccc(OC[C@@H]2CO2)cc1)c1ccc(OC[C@H]2CO2)cc1,BPA_CID2286__prepared_state_001,2,Done,,4.851,-4.652,grid,-4.652,-4.407,-0.48,-0.0,-0.7748,-1.016,-1.649,1.307,0.0,-4.106,-2.665,8.545
CC(C)(c1ccc(OC[C@@H]2CO2)cc1)c1ccc(OC[C@H]2CO2)cc1,BPA_CID2286__prepared_state_001,2,Done,,4.851,-2.559,grid,-2.559,-4.292,-0.48,-0.0,1.403,0.112,-3.354,1.307,0.0,-2.713,-3.243,7.345
CC(C)(c1ccc(OC[C@@H]2CO2)cc1)c1ccc(OC[C@@H]2CO2)cc1,BPA_CID2286__prepared_state_002,3,Done,,4.829,-3.098,grid,-3.098,-1.004,-0.502,-0.0,-1.083,-26.91,-3.137,1.307,0.0,-29.33,-30.05,9.768
CC(C)(c1ccc(OC[C@@H]2CO2)cc1)c1ccc(OC[C@@H]2CO2)cc1,BPA_CID2286__prepared_state_002,3,Done,,4.829,-2.413,grid,-2.413,-0.4359,-0.4733,-0.0,-1.076,-23.29,-3.808,1.307,0.0,-29.13,-27.1,2.413
CC(C)(c1ccc(OC[C@@H]2CO2)cc1)c1ccc(OC[C@@H]2CO2)cc1,BPA_CID2286__prepared_state_002,3,Done,,4.829,-1.834,grid,-1.834,-0.644,0.0,-0.0,-1.08,-23.58,-1.592,1.307,0.0,-23.58,-25.17,8.11
CC(C)(c1ccc(OC[C@@H]2CO2)cc1)c1ccc(OC[C@@H]2CO2)cc1,BPA_CID2286__prepared_state_002,3,Done,,4.829,-1.353,grid,-1.353,-1.185,0.0,-0.0,-0.2994,-23.2,-0.1064,1.307,0.0,-21.35,-23.31,7.551
CC(C)(c1ccc(OC[C@@H]2CO2)cc1)c1ccc(OC[C@@H]2CO2)cc1,BPA_CID2286__prepared_state_002,3,Done,,4.829,-2.309,grid,-2.309,-0.7295,-0.32,-0.0,-1.019,-21.05,-3.297,1.307,0.0,-21.25,-24.34,12.39
CC(C)(c1ccc(OC[C@@H]2CO2)cc1)c1ccc(OC[C@@H]2CO2)cc1,BPA_CID2286__prepared_state_002,3,Done,,4.829,-2.091,grid,-2.091,-0.6005,-0.3195,-0.0,-1.07,-19.41,-2.92,1.307,0.0,-20.62,-22.33,9.021
CC(C)(c1ccc(OC[C@@H]2CO2)cc1)c1ccc(OC[C@@H]2CO2)cc1,BPA_CID2286__prepared_state_002,3,Done,,4.829,-1.076,grid,-1.076,-0.186,0.0,-0.0,-1.08,-17.84,-1.496,1.307,0.0,-17.97,-19.34,5.636
CC(C)(c1ccc(OC[C@@H]2CO2)cc1)c1ccc(OC[C@@H]2CO2)cc1,BPA_CID2286__prepared_state_002,3,Done,,4.829,-6.327,grid,-6.327,-4.549,-0.5024,-0.0,-1.533,-13.77,-2.41,1.307,0.0,-17.94,-16.18,13.47
CC(C)(c1ccc(OC[C@@H]2CO2)cc1)c1ccc(OC[C@@H]2CO2)cc1,BPA_CID2286__prepared_state_002,3,Done,,4.829,-1.256,grid,-1.256,-0.1052,-0.228,-0.0,-1.062,-16.84,-2.173,1.307,0.0,-17.38,-19.01,6.635
CC(C)(c1ccc(OC[C@@H]2CO2)cc1)c1ccc(OC[C@@H]2CO2)cc1,BPA_CID2286__prepared_state_002,3,Done,,4.829,-1.014,grid,-1.014,-0.3239,0.0,-0.0,-1.088,-15.86,-0.7735,1.307,0.0,-15.48,-16.64,5.032
CC(C)(c1ccc(OC[C@@H]2CO2)cc1)c1ccc(OC[C@@H]2CO2)cc1,BPA_CID2286__prepared_state_002,3,Done,,4.829,-5.308,grid,-5.308,-4.428,-0.4038,-0.0,-1.003,-11.87,-1.246,1.307,0.0,-14.68,-13.12,11.13
CC(C)(c1ccc(OC[C@@H]2CO2)cc1)c1ccc(OC[C@@H]2CO2)cc1,BPA_CID2286__prepared_state_002,3,Done,,4.829,-0.9315,grid,-0.9315,-0.4593,0.0,-0.0,-1.001,-16.18,0.1999,1.307,0.0,-13.44,-15.98,7.572
CC(C)(c1ccc(OC[C@@H]2CO2)cc1)c1ccc(OC[C@@H]2CO2)cc1,BPA_CID2286__prepared_state_002,3,Done,,4.829,-0.8452,grid,-0.8452,-0.2908,0.0,-0.0,-1.034,-14.71,-0.6151,1.307,0.0,-12.65,-15.33,7.635
CC(C)(c1ccc(OC[C@@H]2CO2)cc1)c1ccc(OC[C@@H]2CO2)cc1,BPA_CID2286__prepared_state_002,3,Done,,4.829,-5.14,grid,-5.14,-4.465,-0.2561,-0.0,-1.277,-4.023,-1.653,1.307,0.0,-9.802,-5.675,5.552
CC(C)(c1ccc(OC[C@@H]2CO2)cc1)c1ccc(OC[C@@H]2CO2)cc1,BPA_CID2286__prepared_state_002,3,Done,,4.829,-4.167,grid,-4.167,-4.001,-0.2941,-0.0,-0.5658,-4.379,-2.632,1.307,0.0,-6.722,-7.011,11.77
CC(C)(c1cc(Br)c([O-])c(Br)c1)c1cc(Br)c([O-])c(Br)c1,BPA_CID6618__prepared_state_003,4,Done,,0.6491,-0.7896,grid,-1.037,-0.3346,0.0,-0.0,0.0,-15.5,-0.4583,0.1409,0.0,-15.93,-15.96,2.435
CC(C)(c1cc(Br)c([O-])c(Br)c1)c1cc(Br)c([O-])c(Br)c1,BPA_CID6618__prepared_state_003,4,Done,,0.6491,-0.9803,grid,-1.228,-0.6665,-0.1386,-0.0,0.0,-16.08,1.599,0.1409,0.0,-14.15,-14.48,3.458
CC(C)(c1cc(Br)c([O-])c(Br)c1)c1cc(Br)c([O-])c(Br)c1,BPA_CID6618__prepared_state_003,4,Done,,0.6491,-0.5427,grid,-0.7906,-0.3034,0.0,-0.0,0.0,-12.36,-0.06585,0.1409,0.0,-12.68,-12.43,1.317
CC(C)(c1cc(Br)c([O-])c(Br)c1)c1cc(Br)c([O-])c(Br)c1,BPA_CID6618__prepared_state_003,4,Done,,0.6491,-0.4337,grid,-0.6816,-0.3397,0.0,-0.0,0.0,-9.132,-0.1748,0.1409,0.0,-10.02,-9.307,0.1422
CC(C)(c1cc(Br)c([O-])c(Br)c1)c1cc(Br)c([O-])c(Br)c1,BPA_CID6618__prepared_state_003,4,Done,,0.6491,-0.1435,grid,-0.3914,-0.3487,0.0,-0.0,0.0,-12.5,2.942,0.1409,0.0,-9.932,-9.555,0.1424
CC(C)(c1cc(Br)c([O-])c(Br)c1)c1cc(Br)c([O-])c(Br)c1,BPA_CID6618__prepared_state_003,4,Done,,0.6491,-0.02865,grid,-0.2765,-0.07306,-0.006572,-0.0,0.0,-9.497,0.9138,0.1409,0.0,-7.847,-8.583,2.106
CC(C)(c1cc(Br)c([O-])c(Br)c1)c1cc(Br)c([O-])c(Br)c1,BPA_CID6618__prepared_state_003,4,Done,,0.6491,0.09703,grid,-0.1508,-0.01997,-0.04019,-0.0,0.0,-7.76,1.043,0.1409,0.0,-6.342,-6.717,1.096
CC(C)(c1cc(Br)c([O-])c(Br)c1)c1cc(Br)c(O)c(Br)c1,BPA_CID6618__prepared_state_004,5,Done,,0.7475,-1.383,grid,-2.209,-1.007,-0.2131,-0.0,0.0,-20.97,-0.5354,0.1404,0.0,-22.91,-21.5,2.483
CC(C)(c1cc(Br)c([O-])c(Br)c1)c1cc(Br)c(O)c(Br)c1,BPA_CID6618__prepared_state_004,5,Done,,0.7475,-0.411,grid,-1.236,-0.4668,-0.1384,-0.0,0.0,-16.32,0.2963,0.1404,0.0,-17.44,-16.02,0.1306
CC(C)(c1cc(Cl)c([O-])c(Cl)c1)c1cc(Cl)c([O-])c(Cl)c1,BPA_CID6619__prepared_state_005,6,Done,,0.7162,-1.876,grid,-2.049,-0.4221,0.0,-0.0,-0.9269,-15.81,-1.33,0.29,0.0,-20.09,-17.14,0.5512
CC(C)(c1cc(Cl)c([O-])c(Cl)c1)c1cc(Cl)c([O-])c(Cl)c1,BPA_CID6619__prepared_state_005,6,Done,,0.7162,-2.347,grid,-2.521,-0.6505,-0.1994,-0.0,-0.9269,-16.12,-1.518,0.29,0.0,-19.03,-17.64,5.164
CC(C)(c1cc(Cl)c([O-])c(Cl)c1)c1cc(Cl)c([O-])c(Cl)c1,BPA_CID6619__prepared_state_005,6,Done,,0.7162,-6.541,grid,-6.715,-4.618,0.0,-0.0,-1.827,-7.784,-1.138,0.29,0.0,-18.81,-8.922,1.368
CC(C)(c1cc(Cl)c([O-])c(Cl)c1)c1cc(Cl)c([O-])c(Cl)c1,BPA_CID6619__prepared_state_005,6,Done,,0.7162,-1.412,grid,-1.586,-0.3213,0.0,-0.0,-0.9269,-15.22,0.8874,0.29,0.0,-15.2,-14.33,3.252
CC(C)(c1cc(Cl)c([O-])c(Cl)c1)c1cc(Cl)c([O-])c(Cl)c1,BPA_CID6619__prepared_state_005,6,Done,,0.7162,-1.583,grid,-1.756,-0.4835,0.0,-0.0,-0.9269,-13.37,0.2168,0.29,0.0,-14.67,-13.16,2.5
CC(C)(c1cc(Cl)c([O-])c(Cl)c1)c1cc(Cl)c([O-])c(Cl)c1,BPA_CID6619__prepared_state_005,6,Done,,0.7162,-1.067,grid,-1.241,-0.1985,0.0,-0.0,-0.9269,-12.57,1.487,0.29,0.0,-12.47,-11.09,1.146
CC(C)(c1cc(Cl)c([O-])c(Cl)c1)c1cc(Cl)c([O-])c(Cl)c1,BPA_CID6619__prepared_state_005,6,Done,,0.7162,-0.9885,grid,-1.162,-0.2093,0.0,-0.0,-0.9269,-14.01,2.564,0.29,0.0,-12.18,-11.45,2.195
CC(C)(c1cc(Cl)c([O-])c(Cl)c1)c1cc(Cl)c([O-])c(Cl)c1,BPA_CID6619__prepared_state_005,6,Done,,0.7162,-6.419,grid,-6.593,-4.627,-0.154,-0.0,-1.827,-0.4797,-1.672,0.29,0.0,-11.19,-2.151,2.665
CC(C)(c1cc(Cl)c([O-])c(Cl)c1)c1cc(Cl)c([O-])c(Cl)c1,BPA_CID6619__prepared_state_005,6,Done,,0.7162,-0.9684,grid,-1.142,-0.3093,0.0,-0.0,-0.9269,-12.68,2.919,0.29,0.0,-10.77,-9.756,1.572
CC(C)(c1cc(Cl)c([O-])c(Cl)c1)c1cc(Cl)c([O-])c(Cl)c1,BPA_CID6619__prepared_state_005,6,Done,,0.7162,-1.21,grid,-1.384,-0.07901,-0.1776,-0.0,-0.9269,-6.918,-0.9639,0.29,0.0,-9.237,-7.882,1.645
CC(C)(c1cc(Cl)c([O-])c(Cl)c1)c1cc(Cl)c(O)c(Cl)c1,BPA_CID6619__prepared_state_006,7,Done,,1.047,-6.418,grid,-7.37,-4.216,-0.608,-0.0,-1.82,-6.908,-4.465,0.2886,0.0,-21.39,-11.37,1.874
CC(C)(c1cc(Cl)c([O-])c(Cl)c1)c1cc(Cl)c(O)c(Cl)c1,BPA_CID6619__prepared_state_006,7,Done,,1.047,-1.139,grid,-2.092,-0.1313,-0.2676,-0.0,-0.92,-13.41,-2.607,0.2886,0.0,-18.02,-16.02,2.219
CC(C)(c1cc(Cl)c([O-])c(Cl)c1)c1cc(Cl)c(O)c(Cl)c1,BPA_CID6619__prepared_state_006,7,Done,,1.047,-0.8534,grid,-1.806,-0.4493,0.0,-0.0,-0.92,-16.94,0.8122,0.2886,0.0,-17.54,-16.13,2.545
CC(C)(c1cc(Cl)c([O-])c(Cl)c1)c1cc(Cl)c(O)c(Cl)c1,BPA_CID6619__prepared_state_006,7,Done,,1.047,-0.7552,grid,-1.708,-0.3743,0.0,-0.0,-0.92,-15.41,0.4556,0.2886,0.0,-17.23,-14.95,0.5222
CC(C)(c1cc(Cl)c([O-])c(Cl)c1)c1cc(Cl)c(O)c(Cl)c1,BPA_CID6619__prepared_state_006,7,Done,,1.047,-0.74,grid,-1.693,-0.2338,0.0,-0.0,-0.92,-14.88,-0.5562,0.2886,0.0,-16.2,-15.44,3.497
CC(C)(c1cc(Cl)c([O-])c(Cl)c1)c1cc(Cl)c(O)c(Cl)c1,BPA_CID6619__prepared_state_006,7,Done,,1.047,-6.038,grid,-6.99,-4.119,-0.608,-0.0,-1.82,-2.03,-4.205,0.2886,0.0,-15.88,-6.235,1.478
CC(C)(c1cc(Cl)c([O-])c(Cl)c1)c1cc(Cl)c(O)c(Cl)c1,BPA_CID6619__prepared_state_006,7,Done,,1.047,-0.5301,grid,-1.483,-0.1654,0.0,-0.0,-0.92,-14.49,0.2579,0.2886,0.0,-13.13,-14.23,6.617
CC(C)(c1cc(Cl)c([O-])c(Cl)c1)c1cc(Cl)c(O)c(Cl)c1,BPA_CID6619__prepared_state_006,7,Done,,1.047,-0.3729,grid,-1.325,-0.1473,0.0,-0.0,-0.92,-10.01,-0.3087,0.2886,0.0,-11.79,-10.32,0.9963
CC(C)(c1cc(Cl)c([O-])c(Cl)c1)c1cc(Cl)c(O)c(Cl)c1,BPA_CID6619__prepared_state_006,7,Done,,1.047,-5.199,grid,-6.152,-4.278,-0.09696,-0.0,-1.82,-0.7377,-1.394,0.2886,0.0,-10.36,-2.132,1.828
CC(C)(c1cc(Cl)c([O-])c(Cl)c1)c1cc(Cl)c(O)c(Cl)c1,BPA_CID6619__prepared_state_006,7,Done,,1.047,-0.06537,grid,-1.018,-0.001256,0.0,-0.0,-0.92,-8.524,0.2722,0.2886,0.0,-9.312,-8.251,0.9045
CC(C)(c1cc(Cl)c([O-])c(Cl)c1)c1cc(Cl)c(O)c(Cl)c1,BPA_CID6619__prepared_state_006,7,Done,,1.047,-0.4265,grid,-1.379,-0.016,-0.2,-0.0,-0.92,-5.766,-1.623,0.2886,0.0,-9.306,-7.389,0.2644
CC(C)(c1cc(Cl)c([O-])c(Cl)c1)c1cc(Cl)c(O)c(Cl)c1,BPA_CID6619__prepared_state_006,7,Done,,1.047,-0.4157,grid,-1.368,-0.01417,-0.2,-0.0,-0.92,-5.644,-1.604,0.2886,0.0,-8.855,-7.248,0.8511
CC(C)(c1cc(Cl)c([O-])c(Cl)c1)c1cc(Cl)c(O)c(Cl)c1,BPA_CID6619__prepared_state_006,7,Done,,1.047,-0.09839,grid,-1.051,-0.002787,0.0,-0.0,-0.92,-6.939,-0.4661,0.2886,0.0,-8.527,-7.405,0.8776
Cc1cc(C(C)(C)c2ccc(O)c(C)c2)ccc1O,BPA_CID6620__prepared_state_007,8,Done,,3.53,-9.59,grid,-9.591,-4.243,-0.4691,-0.0,-2.561,-33.07,-8.001,0.5364,0.0,-57.71,-41.07,3.901
Cc1cc(C(C)(C)c2ccc(O)c(C)c2)ccc1O,BPA_CID6620__prepared_state_007,8,Done,,3.53,-9.731,grid,-9.732,-4.385,-0.6035,-0.0,-2.561,-31.47,-7.63,0.5364,0.0,-56.82,-39.1,2.283
Cc1cc(C(C)(C)c2ccc(O)c(C)c2)ccc1O,BPA_CID6620__prepared_state_007,8,Done,,3.53,-9.457,grid,-9.458,-4.247,-0.6223,-0.0,-2.561,-30.03,-7.078,0.5364,0.0,-54.95,-37.11,0.9717
Cc1cc(C(C)(C)c2ccc(O)c(C)c2)ccc1O,BPA_CID6620__prepared_state_007,8,Done,,3.53,-9.049,grid,-9.05,-3.887,-0.4155,-0.0,-2.561,-33.43,-7.006,0.5364,0.0,-54.75,-40.44,6.452
Cc1cc(C(C)(C)c2ccc(O)c(C)c2)ccc1O,BPA_CID6620__prepared_state_007,8,Done,,3.53,-9.078,grid,-9.079,-3.948,-0.608,-0.0,-2.561,-30.42,-6.511,0.5364,0.0,-53.68,-36.93,1.689
Cc1cc(C(C)(C)c2ccc(O)c(C)c2)ccc1O,BPA_CID6620__prepared_state_007,8,Done,,3.53,-8.977,grid,-8.978,-3.963,-0.4401,-0.0,-2.561,-31.06,-6.646,0.5364,0.0,-53.01,-37.7,4.173
Cc1cc(C(C)(C)c2ccc(O)c(C)c2)ccc1O,BPA_CID6620__prepared_state_007,8,Done,,3.53,-8.819,grid,-8.82,-4.001,-0.4342,-0.0,-2.561,-31.05,-5.382,0.5364,0.0,-51.87,-36.44,3.312
Cc1cc(C(C)(C)c2ccc(O)c(C)c2)ccc1O,BPA_CID6620__prepared_state_007,8,Done,,3.53,-9.312,grid,-9.312,-4.044,-0.608,-0.0,-2.561,-27.14,-8.526,0.5364,0.0,-51.37,-35.67,4.68
Cc1cc(C(C)(C)c2ccc(O)c(C)c2)ccc1O,BPA_CID6620__prepared_state_007,8,Done,,3.53,-9.0,grid,-9.0,-4.033,-0.307,-0.0,-2.561,-27.24,-8.488,0.5364,0.0,-50.7,-35.73,4.926
Cc1cc(C(C)(C)c2ccc(O)c(C)c2)ccc1O,BPA_CID6620__prepared_state_007,8,Done,,3.53,-8.436,grid,-8.437,-4.013,-0.32,-0.0,-2.561,-31.47,-3.37,0.5364,0.0,-50.64,-34.84,1.08
Cc1cc(C(C)(C)c2ccc(O)c(C)c2)ccc1O,BPA_CID6620__prepared_state_007,8,Done,,3.53,-8.847,grid,-8.848,-4.109,-0.4094,-0.0,-2.561,-28.06,-6.009,0.5364,0.0,-50.49,-34.07,1.453
Cc1cc(C(C)(C)c2ccc(O)c(C)c2)ccc1O,BPA_CID6620__prepared_state_007,8,Done,,3.53,-9.168,grid,-9.168,-4.156,-0.4881,-0.0,-2.561,-25.67,-8.108,0.5364,0.0,-50.46,-33.78,2.161
Cc1cc(C(C)(C)c2ccc(O)c(C)c2)ccc1O,BPA_CID6620__prepared_state_007,8,Done,,3.53,-9.175,grid,-9.175,-4.126,-0.608,-0.0,-2.561,-27.85,-6.828,0.5364,0.0,-50.39,-34.68,4.136
Cc1cc(C(C)(C)c2ccc(O)c(C)c2)ccc1O,BPA_CID6620__prepared_state_007,8,Done,,3.53,-8.719,grid,-8.72,-3.91,-0.4712,-0.0,-2.561,-30.3,-5.322,0.5364,0.0,-50.26,-35.63,4.518
Cc1cc(C(C)(C)c2ccc(O)c(C)c2)ccc1O,BPA_CID6620__prepared_state_007,8,Done,,3.53,-8.447,grid,-8.447,-4.045,-0.32,-0.0,-2.561,-29.17,-3.992,0.5364,0.0,-48.97,-33.16,1.125
Cc1cc(C(C)(C)c2ccc(O)c(C)c2)ccc1O,BPA_CID6620__prepared_state_007,8,Done,,3.53,-8.334,grid,-8.335,-3.887,-0.357,-0.0,-2.561,-28.92,-4.135,0.5364,0.0,-48.74,-33.06,0.9413
Cc1cc(C(C)(C)c2ccc(O)c(C)c2)ccc1O,BPA_CID6620__prepared_state_007,8,Done,,3.53,-8.344,grid,-8.345,-4.054,-0.32,-0.0,-2.561,-30.11,-2.935,0.5364,0.0,-48.38,-33.05,1.679
Cc1cc(C(C)(C)c2ccc(O)c(C)c2)ccc1O,BPA_CID6620__prepared_state_007,8,Done,,3.53,-8.314,grid,-8.314,-4.258,-0.1687,-0.0,-2.561,-30.37,-2.294,0.5364,0.0,-47.97,-32.67,1.616
Cc1cc(C(C)(C)c2ccc(O)c(C)c2)ccc1O,BPA_CID6620__prepared_state_007,8,Done,,3.53,-9.352,grid,-9.353,-4.482,-0.5126,-0.0,-2.561,-26.99,-6.564,0.5364,0.0,-47.78,-33.55,7.79
Cc1cc(C(C)(C)c2ccc(O)c(C)c2)ccc1O,BPA_CID6620__prepared_state_007,8,Done,,3.53,-8.953,grid,-8.954,-4.45,-0.4299,-0.0,-2.561,-25.53,-5.151,0.5364,0.0,-47.68,-30.69,0.7054
CC(C)(c1ccc(O)cc1)c1ccc(O)cc1,BPA_CID6623__prepared_state_008,9,Done,,3.486,-9.449,grid,-9.451,-3.953,-0.608,-0.0,-2.753,-31.43,-8.131,0.6538,0.0,-58.95,-39.56,2.615
CC(C)(c1ccc(O)cc1)c1ccc(O)cc1,BPA_CID6623__prepared_state_008,9,Done,,3.486,-9.442,grid,-9.443,-3.947,-0.608,-0.0,-2.753,-31.34,-8.152,0.6538,0.0,-57.96,-39.49,4.439
CC(C)(c1ccc(O)cc1)c1ccc(O)cc1,BPA_CID6623__prepared_state_008,9,Done,,3.486,-9.196,grid,-9.198,-3.773,-0.608,-0.0,-2.753,-31.13,-7.742,0.6538,0.0,-57.14,-38.87,3.746
CC(C)(c1ccc(O)cc1)c1ccc(O)cc1,BPA_CID6623__prepared_state_008,9,Done,,3.486,-8.914,grid,-8.916,-3.485,-0.5636,-0.0,-2.738,-30.05,-8.533,0.6538,0.0,-57.05,-38.58,2.117
CC(C)(c1ccc(O)cc1)c1ccc(O)cc1,BPA_CID6623__prepared_state_008,9,Done,,3.486,-9.333,grid,-9.335,-3.911,-0.608,-0.0,-2.753,-30.11,-8.079,0.6538,0.0,-56.59,-38.18,4.083
CC(C)(c1ccc(O)cc1)c1ccc(O)cc1,BPA_CID6623__prepared_state_008,9,Done,,3.486,-8.853,grid,-8.855,-3.483,-0.5528,-0.0,-2.753,-30.47,-7.983,0.6538,0.0,-56.58,-38.45,2.53
CC(C)(c1ccc(O)cc1)c1ccc(O)cc1,BPA_CID6623__prepared_state_008,9,Done,,3.486,-8.859,grid,-8.861,-3.483,-0.5521,-0.0,-2.753,-30.47,-8.024,0.6538,0.0,-56.58,-38.49,2.642
CC(C)(c1ccc(O)cc1)c1ccc(O)cc1,BPA_CID6623__prepared_state_008,9,Done,,3.486,-8.987,grid,-8.989,-3.493,-0.608,-0.0,-2.753,-29.41,-8.791,0.6538,0.0,-56.49,-38.2,2.793
CC(C)(c1ccc(O)cc1)c1ccc(O)cc1,BPA_CID6623__prepared_state_008,9,Done,,3.486,-8.828,grid,-8.83,-3.417,-0.608,-0.0,-2.753,-30.65,-7.828,0.6538,0.0,-56.48,-38.47,2.672
CC(C)(c1ccc(O)cc1)c1ccc(O)cc1,BPA_CID6623__prepared_state_008,9,Done,,3.486,-8.938,grid,-8.94,-3.725,-0.5285,-0.0,-2.753,-31.42,-6.775,0.6538,0.0,-56.47,-38.19,2.605
CC(C)(c1ccc(O)cc1)c1ccc(O)cc1,BPA_CID6623__prepared_state_008,9,Done,,3.486,-8.992,grid,-8.994,-3.496,-0.608,-0.0,-2.753,-29.41,-8.806,0.6538,0.0,-56.45,-38.22,2.922
CC(C)(c1ccc(O)cc1)c1ccc(O)cc1,BPA_CID6623__prepared_state_008,9,Done,,3.486,-9.247,grid,-9.249,-3.858,-0.608,-0.0,-2.753,-30.16,-7.839,0.6538,0.0,-56.01,-38.0,4.491
CC(C)(c1ccc(O)cc1)c1ccc(O)cc1,BPA_CID6623__prepared_state_008,9,Done,,3.486,-8.928,grid,-8.93,-4.108,-0.3285,-0.0,-2.753,-32.68,-5.074,0.6538,0.0,-55.55,-37.75,3.533
CC(C)(c1ccc(O)cc1)c1ccc(O)cc1,BPA_CID6623__prepared_state_008,9,Done,,3.486,-8.922,grid,-8.924,-4.11,-0.3288,-0.0,-2.753,-32.61,-5.04,0.6538,0.0,-55.27,-37.65,3.837
CC(C)(c1ccc(O)cc1)c1ccc(O)cc1,BPA_CID6623__prepared_state_008,9,Done,,3.486,-8.729,grid,-8.731,-3.612,-0.5301,-0.0,-2.753,-31.48,-6.103,0.6538,0.0,-55.2,-37.59,3.014
CC(C)(c1ccc(O)cc1)c1ccc(O)cc1,BPA_CID6623__prepared_state_008,9,Done,,3.486,-8.89,grid,-8.892,-4.074,-0.3277,-0.0,-2.753,-32.5,-5.11,0.6538,0.0,-55.0,-37.61,4.176
CC(C)(c1ccc(O)cc1)c1ccc(O)cc1,BPA_CID6623__prepared_state_008,9,Done,,3.486,-8.671,grid,-8.673,-3.575,-0.5686,-0.0,-2.753,-31.51,-5.7,0.6538,0.0,-54.78,-37.21,2.853
CC(C)(c1ccc(O)cc1)c1ccc(O)cc1,BPA_CID6623__prepared_state_008,9,Done,,3.486,-8.894,grid,-8.896,-4.078,-0.328,-0.0,-2.753,-32.51,-5.104,0.6538,0.0,-53.61,-37.61,6.97
CC(C)(c1ccc(O)cc1)c1ccc(O)cc1,BPA_CID6623__prepared_state_008,9,Done,,3.486,-8.596,grid,-8.598,-3.471,-0.5381,-0.0,-2.753,-28.4,-7.136,0.6538,0.0,-53.45,-35.54,1.824
CC(C)(c1ccc(O)cc1)c1ccc(O)cc1,BPA_CID6623__prepared_state_008,9,Done,,3.486,-8.736,grid,-8.737,-3.823,-0.2987,-0.0,-2.753,-26.15,-8.064,0.6538,0.0,-52.28,-34.21,2.14
O=S(=O)(c1ccc(O)cc1)c1ccc(O)cc1,BPA_CID6626__prepared_state_009,10,Done,,3.274,-8.863,grid,-9.092,-3.198,-0.5879,-0.0,-2.83,-31.62,-9.689,0.5589,0.0,-61.73,-41.31,3.621
O=S(=O)(c1ccc(O)cc1)c1ccc(O)cc1,BPA_CID6626__prepared_state_009,10,Done,,3.274,-8.223,grid,-8.451,-2.738,-0.5799,-0.0,-2.662,-32.96,-9.214,0.5589,0.0,-60.66,-42.17,4.335
O=S(=O)(c1ccc(O)cc1)c1ccc(O)cc1,BPA_CID6626__prepared_state_009,10,Done,,3.274,-8.224,grid,-8.453,-2.739,-0.5802,-0.0,-2.662,-32.96,-9.215,0.5589,0.0,-60.64,-42.17,4.383
O=S(=O)(c1ccc(O)cc1)c1ccc(O)cc1,BPA_CID6626__prepared_state_009,10,Done,,3.274,-8.189,grid,-8.417,-2.754,-0.608,-0.0,-2.648,-32.77,-8.851,0.5589,0.0,-59.92,-41.62,4.568
O=S(=O)(c1ccc(O)cc1)c1ccc(O)cc1,BPA_CID6626__prepared_state_009,10,Done,,3.274,-8.473,grid,-8.702,-3.197,-0.608,-0.0,-2.75,-29.78,-8.112,0.5589,0.0,-58.64,-37.89,1.04
O=S(=O)(c1ccc(O)cc1)c1ccc(O)cc1,BPA_CID6626__prepared_state_009,10,Done,,3.274,-8.473,grid,-8.702,-2.777,-0.608,-0.0,-2.905,-31.67,-9.249,0.5589,0.0,-58.56,-40.92,7.258
O=S(=O)(c1ccc(O)cc1)c1ccc(O)cc1,BPA_CID6626__prepared_state_009,10,Done,,3.274,-8.442,grid,-8.671,-3.117,-0.608,-0.0,-2.791,-28.55,-8.567,0.5589,0.0,-57.71,-37.12,1.204
O=S(=O)(c1ccc(O)cc1)c1ccc(O)cc1,BPA_CID6626__prepared_state_009,10,Done,,3.274,-8.057,grid,-8.286,-3.401,-0.3294,-0.0,-2.767,-33.26,-4.565,0.5589,0.0,-57.61,-37.82,0.9425
O=S(=O)(c1ccc(O)cc1)c1ccc(O)cc1,BPA_CID6626__prepared_state_009,10,Done,,3.274,-8.053,grid,-8.282,-3.399,-0.3288,-0.0,-2.765,-33.24,-4.571,0.5589,0.0,-57.58,-37.82,0.9621
O=S(=O)(c1ccc(O)cc1)c1ccc(O)cc1,BPA_CID6626__prepared_state_009,10,Done,,3.274,-8.113,grid,-8.342,-3.368,-0.3432,-0.0,-2.768,-32.94,-5.167,0.5589,0.0,-57.56,-38.1,1.873
O=S(=O)(c1ccc(O)cc1)c1ccc(O)cc1,BPA_CID6626__prepared_state_009,10,Done,,3.274,-8.044,grid,-8.272,-3.394,-0.3287,-0.0,-2.763,-33.23,-4.561,0.5589,0.0,-57.5,-37.79,1.025
O=S(=O)(c1ccc(O)cc1)c1ccc(O)cc1,BPA_CID6626__prepared_state_009,10,Done,,3.274,-8.325,grid,-8.554,-3.117,-0.608,-0.0,-2.671,-28.62,-8.569,0.5589,0.0,-57.43,-37.19,1.348
O=S(=O)(c1ccc(O)cc1)c1ccc(O)cc1,BPA_CID6626__prepared_state_009,10,Done,,3.274,-8.428,grid,-8.657,-3.131,-0.608,-0.0,-2.819,-29.07,-8.023,0.5589,0.0,-57.42,-37.1,1.672
O=S(=O)(c1ccc(O)cc1)c1ccc(O)cc1,BPA_CID6626__prepared_state_009,10,Done,,3.274,-8.294,grid,-8.523,-3.103,-0.608,-0.0,-2.655,-28.34,-8.659,0.5589,0.0,-57.37,-37.0,0.9275
O=S(=O)(c1ccc(O)cc1)c1ccc(O)cc1,BPA_CID6626__prepared_state_009,10,Done,,3.274,-8.047,grid,-8.275,-3.392,-0.3326,-0.0,-2.753,-32.85,-4.765,0.5589,0.0,-56.97,-37.61,1.737
O=S(=O)(c1ccc(O)cc1)c1ccc(O)cc1,BPA_CID6626__prepared_state_009,10,Done,,3.274,-7.836,grid,-8.065,-2.752,-0.608,-0.0,-2.5,-31.54,-7.911,0.5589,0.0,-56.91,-39.45,4.507
O=S(=O)(c1ccc(O)cc1)c1ccc(O)cc1,BPA_CID6626__prepared_state_009,10,Done,,3.274,-8.184,grid,-8.413,-2.712,-0.608,-0.0,-2.866,-28.97,-8.911,0.5589,0.0,-55.7,-37.88,5.503
O=S(=O)(c1ccc(O)cc1)c1ccc(O)cc1,BPA_CID6626__prepared_state_009,10,Done,,3.274,-8.177,grid,-8.406,-3.114,-0.5345,-0.0,-2.839,-28.55,-7.0,0.5589,0.0,-55.31,-35.55,1.573
O=S(=O)(c1ccc(O)cc1)c1ccc(O)cc1,BPA_CID6626__prepared_state_009,10,Done,,3.274,-7.544,grid,-7.773,-3.239,-0.001014,-0.0,-2.875,-32.2,-4.044,0.5589,0.0,-55.03,-36.24,0.4129
O=S(=O)(c1ccc(O)cc1)c1ccc(O)cc1,BPA_CID6626__prepared_state_009,10,Done,,3.274,-7.702,grid,-7.93,-2.764,-0.337,-0.0,-2.82,-29.25,-7.372,0.5589,0.0,-54.9,-36.63,2.216
O=S(=O)(c1ccc([O-])cc1)c1ccc(O)cc1,BPA_CID6626__prepared_state_010,11,Done,,2.372,-7.347,grid,-8.199,-3.41,-0.3375,-0.0,-2.765,-32.85,-4.042,0.5628,0.0,-59.37,-36.89,0.8318
O=S(=O)(c1ccc([O-])cc1)c1ccc(O)cc1,BPA_CID6626__prepared_state_010,11,Done,,2.372,-7.196,grid,-8.048,-2.702,-0.593,-0.0,-2.609,-30.77,-7.796,0.5628,0.0,-58.88,-38.56,4.316
O=S(=O)(c1ccc([O-])cc1)c1ccc(O)cc1,BPA_CID6626__prepared_state_010,11,Done,,2.372,-7.337,grid,-8.189,-2.661,-0.608,-0.0,-2.721,-29.61,-8.538,0.5628,0.0,-58.84,-38.15,4.367
O=S(=O)(c1ccc([O-])cc1)c1ccc(O)cc1,BPA_CID6626__prepared_state_010,11,Done,,2.372,-7.215,grid,-8.067,-3.425,-0.3359,-0.0,-2.755,-33.1,-3.058,0.5628,0.0,-58.22,-36.16,0.9336
O=S(=O)(c1ccc([O-])cc1)c1ccc(O)cc1,BPA_CID6626__prepared_state_010,11,Done,,2.372,-7.413,grid,-8.266,-3.095,-0.608,-0.0,-2.722,-26.84,-7.076,0.5628,0.0,-56.44,-33.92,1.118
O=S(=O)(c1ccc([O-])cc1)c1ccc(O)cc1,BPA_CID6626__prepared_state_010,11,Done,,2.372,-7.32,grid,-8.172,-3.093,-0.608,-0.0,-2.631,-26.81,-7.085,0.5628,0.0,-56.15,-33.89,1.135
O=S(=O)(c1ccc([O-])cc1)c1ccc(O)cc1,BPA_CID6626__prepared_state_010,11,Done,,2.372,-6.797,grid,-7.65,-3.25,-0.001277,-0.0,-2.895,-30.99,-3.442,0.5628,0.0,-55.57,-34.43,0.4319
O=S(=O)(c1ccc([O-])cc1)c1ccc(O)cc1,BPA_CID6626__prepared_state_010,11,Done,,2.372,-6.792,grid,-7.644,-3.254,-0.001274,-0.0,-2.894,-30.97,-3.392,0.5628,0.0,-55.56,-34.36,0.2931
O=S(=O)(c1ccc([O-])cc1)c1ccc(O)cc1,BPA_CID6626__prepared_state_010,11,Done,,2.372,-6.856,grid,-7.708,-2.737,-0.3896,-0.0,-2.723,-27.47,-6.988,0.5628,0.0,-54.95,-34.46,2.07
O=S(=O)(c1ccc([O-])cc1)c1ccc(O)cc1,BPA_CID6626__prepared_state_010,11,Done,,2.372,-6.877,grid,-7.729,-2.739,-0.3946,-0.0,-2.749,-27.42,-6.924,0.5628,0.0,-54.75,-34.35,2.352
O=S(=O)(c1ccc([O-])cc1)c1ccc(O)cc1,BPA_CID6626__prepared_state_010,11,Done,,2.372,-6.525,grid,-7.377,-3.332,-0.03254,-0.0,-2.707,-32.06,-1.767,0.5628,0.0,-54.19,-33.83,0.4741
O=S(=O)(c1ccc([O-])cc1)c1ccc(O)cc1,BPA_CID6626__prepared_state_010,11,Done,,2.372,-6.475,grid,-7.328,-3.263,-0.007682,-0.0,-2.818,-31.73,-1.434,0.5628,0.0,-53.2,-33.16,0.8544
O=S(=O)(c1ccc([O-])cc1)c1ccc(O)cc1,BPA_CID6626__prepared_state_010,11,Done,,2.372,-6.466,grid,-7.318,-3.142,-0.05698,-0.0,-2.863,-31.56,-1.606,0.5628,0.0,-52.54,-33.16,2.108
O=S(=O)(c1ccc([O-])cc1)c1ccc(O)cc1,BPA_CID6626__prepared_state_010,11,Done,,2.372,-6.489,grid,-7.341,-3.454,-0.07065,-0.0,-2.764,-31.97,-0.1124,0.5628,0.0,-52.1,-32.09,0.9633
O=S(=O)(c1ccc([O-])cc1)c1ccc(O)cc1,BPA_CID6626__prepared_state_010,11,Done,,2.372,-6.608,grid,-7.461,-3.167,-0.16,-0.0,-2.831,-27.48,-3.277,0.5628,0.0,-51.33,-30.76,0.5295
O=S(=O)(c1ccc([O-])cc1)c1ccc(O)cc1,BPA_CID6626__prepared_state_010,11,Done,,2.372,-6.731,grid,-7.583,-2.81,-0.5934,-0.0,-2.554,-23.47,-6.767,0.5628,0.0,-51.18,-30.23,0.4588
O=S(=O)(c1ccc([O-])cc1)c1ccc(O)cc1,BPA_CID6626__prepared_state_010,11,Done,,2.372,-6.488,grid,-7.34,-2.923,-0.085,-0.0,-3.028,-27.41,-3.313,0.5628,0.0,-50.64,-30.72,1.156
O=S(=O)(c1ccc([O-])cc1)c1ccc(O)cc1,BPA_CID6626__prepared_state_010,11,Done,,2.372,-6.476,grid,-7.328,-3.235,-0.16,-0.0,-2.655,-26.67,-3.385,0.5628,0.0,-50.37,-30.05,0.2852
O=S(=O)(c1ccc([O-])cc1)c1ccc(O)cc1,BPA_CID6626__prepared_state_010,11,Done,,2.372,-6.583,grid,-7.435,-3.408,-0.117,-0.0,-2.694,-27.07,-2.836,0.5628,0.0,-50.32,-29.91,0.6936
O=S(=O)(c1ccc([O-])cc1)c1ccc(O)cc1,BPA_CID6626__prepared_state_010,11,Done,,2.372,-6.036,grid,-6.888,-3.063,0.0,-0.0,-2.672,-28.02,-2.101,0.5628,0.0,-49.16,-30.12,0.3834
O=C(OCc1ccccc1)c1ccc(O)cc1,BPA_CID7180__prepared_state_011,12,Done,,2.885,-8.924,grid,-9.015,-3.242,-0.5845,-0.0,-3.116,-35.63,-8.48,0.981,0.0,-66.43,-44.11,2.349
O=C(OCc1ccccc1)c1ccc(O)cc1,BPA_CID7180__prepared_state_011,12,Done,,2.885,-8.668,grid,-8.759,-3.322,-0.5933,-0.0,-2.967,-37.18,-6.656,0.981,0.0,-65.9,-43.84,1.523
O=C(OCc1ccccc1)c1ccc(O)cc1,BPA_CID7180__prepared_state_011,12,Done,,2.885,-8.872,grid,-8.963,-3.566,-0.608,-0.0,-2.875,-34.56,-7.779,0.981,0.0,-64.67,-42.34,2.059
O=C(OCc1ccccc1)c1ccc(O)cc1,BPA_CID7180__prepared_state_011,12,Done,,2.885,-8.484,grid,-8.575,-3.12,-0.5613,-0.0,-3.035,-33.47,-7.775,0.981,0.0,-62.57,-41.25,2.059
O=C(OCc1ccccc1)c1ccc(O)cc1,BPA_CID7180__prepared_state_011,12,Done,,2.885,-8.286,grid,-8.377,-3.221,-0.5919,-0.0,-2.922,-34.71,-5.924,0.981,0.0,-62.29,-40.64,0.3626
O=C(OCc1ccccc1)c1ccc(O)cc1,BPA_CID7180__prepared_state_011,12,Done,,2.885,-8.183,grid,-8.274,-3.182,-0.608,-0.0,-2.886,-34.94,-5.542,0.981,0.0,-61.43,-40.49,1.234
O=C(OCc1ccccc1)c1ccc(O)cc1,BPA_CID7180__prepared_state_011,12,Done,,2.885,-8.014,grid,-8.105,-3.524,-0.32,-0.0,-2.87,-34.85,-4.193,0.981,0.0,-59.9,-39.05,0.5355
O=C(OCc1ccccc1)c1ccc(O)cc1,BPA_CID7180__prepared_state_011,12,Done,,2.885,-8.342,grid,-8.433,-3.394,-0.5332,-0.0,-2.977,-34.88,-5.104,0.981,0.0,-59.13,-39.99,5.67
O=C(OCc1ccccc1)c1ccc(O)cc1,BPA_CID7180__prepared_state_011,12,Done,,2.885,-7.765,grid,-7.856,-3.461,-0.32,-0.0,-2.893,-37.49,-1.927,0.981,0.0,-59.02,-39.41,1.728
O=C(OCc1ccccc1)c1ccc(O)cc1,BPA_CID7180__prepared_state_011,12,Done,,2.885,-8.225,grid,-8.316,-3.114,-0.608,-0.0,-2.961,-33.25,-6.348,0.981,0.0,-59.01,-39.6,4.533
O=C(OCc1ccccc1)c1ccc(O)cc1,BPA_CID7180__prepared_state_011,12,Done,,2.885,-7.351,grid,-7.442,-3.421,0.0,-0.0,-2.936,-37.79,-1.177,0.981,0.0,-58.32,-38.96,0.0833
O=C(OCc1ccccc1)c1ccc(O)cc1,BPA_CID7180__prepared_state_011,12,Done,,2.885,-7.342,grid,-7.433,-3.423,0.0,-0.0,-2.927,-37.78,-1.161,0.981,0.0,-58.13,-38.94,0.3714
O=C(OCc1ccccc1)c1ccc(O)cc1,BPA_CID7180__prepared_state_011,12,Done,,2.885,-7.645,grid,-7.736,-3.069,-0.4235,-0.0,-2.907,-34.3,-4.013,0.981,0.0,-57.23,-38.32,2.502
O=C(OCc1ccccc1)c1ccc(O)cc1,BPA_CID7180__prepared_state_011,12,Done,,2.885,-7.538,grid,-7.629,-3.293,-0.2091,-0.0,-3.005,-35.62,-2.143,0.981,0.0,-56.94,-37.76,1.411
O=C(OCc1ccccc1)c1ccc(O)cc1,BPA_CID7180__prepared_state_011,12,Done,,2.885,-7.678,grid,-7.769,-3.392,-0.2266,-0.0,-3.073,-35.23,-1.981,0.981,0.0,-56.7,-37.21,1.526
O=C(OCc1ccccc1)c1ccc(O)cc1,BPA_CID7180__prepared_state_011,12,Done,,2.885,-7.38,grid,-7.471,-3.334,-0.09577,-0.0,-2.938,-35.7,-1.996,0.981,0.0,-56.59,-37.7,1.153
O=C(OCc1ccccc1)c1ccc(O)cc1,BPA_CID7180__prepared_state_011,12,Done,,2.885,-7.359,grid,-7.45,-3.336,-0.09675,-0.0,-2.911,-35.68,-2.021,0.981,0.0,-56.38,-37.7,1.488
O=C(OCc1ccccc1)c1ccc(O)cc1,BPA_CID7180__prepared_state_011,12,Done,,2.885,-7.838,grid,-7.929,-3.572,-0.32,-0.0,-2.805,-35.12,-3.045,0.981,0.0,-56.32,-38.17,5.026
O=C(OCc1ccccc1)c1ccc(O)cc1,BPA_CID7180__prepared_state_011,12,Done,,2.885,-7.633,grid,-7.724,-3.671,-0.07026,-0.0,-2.936,-36.11,-1.477,0.981,0.0,-56.08,-37.59,3.284
O=C(OCc1ccccc1)c1ccc(O)cc1,BPA_CID7180__prepared_state_011,12,Done,,2.885,-7.808,grid,-7.899,-3.798,-0.1395,-0.0,-2.915,-33.56,-2.327,0.981,0.0,-55.9,-35.88,1.138
O=C(OCc1ccccc1)c1ccc([O-])cc1,BPA_CID7180__prepared_state_012,13,Done,,2.609,-6.635,grid,-7.79,-3.385,-0.2,-0.0,-2.945,-34.37,-1.341,0.6589,0.0,-59.06,-35.71,1.949
O=C(OCc1ccccc1)c1ccc([O-])cc1,BPA_CID7180__prepared_state_012,13,Done,,2.609,-6.604,grid,-7.759,-3.43,-0.08154,-0.0,-2.997,-34.0,-1.392,0.6589,0.0,-58.9,-35.39,1.43
O=C(OCc1ccccc1)c1ccc([O-])cc1,BPA_CID7180__prepared_state_012,13,Done,,2.609,-6.936,grid,-8.09,-3.749,-0.2,-0.0,-2.889,-34.42,-1.271,0.6589,0.0,-58.63,-35.69,4.639
O=C(OCc1ccccc1)c1ccc([O-])cc1,BPA_CID7180__prepared_state_012,13,Done,,2.609,-6.628,grid,-7.783,-3.362,-0.1226,-0.0,-2.978,-32.56,-2.337,0.6589,0.0,-58.36,-34.9,1.672
O=C(OCc1ccccc1)c1ccc([O-])cc1,BPA_CID7180__prepared_state_012,13,Done,,2.609,-6.545,grid,-7.7,-3.43,0.0,-0.0,-3.049,-32.52,-1.691,0.6589,0.0,-57.61,-34.21,1.277
O=C(OCc1ccccc1)c1ccc([O-])cc1,BPA_CID7180__prepared_state_012,13,Done,,2.609,-6.808,grid,-7.962,-3.869,-0.09135,-0.0,-2.867,-32.67,-1.07,0.6589,0.0,-57.43,-33.74,2.324
O=C(OCc1ccccc1)c1ccc([O-])cc1,BPA_CID7180__prepared_state_012,13,Done,,2.609,-6.109,grid,-7.264,-3.122,-0.02367,-0.0,-2.923,-34.13,-0.9836,0.6589,0.0,-57.17,-35.11,1.238
O=C(OCc1ccccc1)c1ccc([O-])cc1,BPA_CID7180__prepared_state_012,13,Done,,2.609,-6.303,grid,-7.457,-3.367,-0.09283,-0.0,-2.858,-33.45,-0.838,0.6589,0.0,-57.07,-34.28,0.9852
O=C(OCc1ccccc1)c1ccc([O-])cc1,BPA_CID7180__prepared_state_012,13,Done,,2.609,-6.739,grid,-7.893,-3.735,-0.1131,-0.0,-2.913,-32.01,-1.272,0.6589,0.0,-56.65,-33.28,2.544
O=C(OCc1ccccc1)c1ccc([O-])cc1,BPA_CID7180__prepared_state_012,13,Done,,2.609,-6.46,grid,-7.615,-3.442,-0.1996,-0.0,-2.843,-33.12,-0.8902,0.6589,0.0,-56.35,-34.01,2.869
O=C(OCc1ccccc1)c1ccc([O-])cc1,BPA_CID7180__prepared_state_012,13,Done,,2.609,-6.46,grid,-7.615,-3.388,-0.1906,-0.0,-2.965,-32.78,-0.6053,0.6589,0.0,-56.28,-33.39,1.756
O=C(OCc1ccccc1)c1ccc([O-])cc1,BPA_CID7180__prepared_state_012,13,Done,,2.609,-5.854,grid,-7.008,-3.157,-0.04538,-0.0,-2.694,-33.7,-0.5754,0.6589,0.0,-55.58,-34.27,1.139
O=C(OCc1ccccc1)c1ccc([O-])cc1,BPA_CID7180__prepared_state_012,13,Done,,2.609,-6.36,grid,-7.515,-3.279,-0.2,-0.0,-2.881,-31.16,-1.706,0.6589,0.0,-55.18,-32.87,2.292
O=C(OCc1ccccc1)c1ccc([O-])cc1,BPA_CID7180__prepared_state_012,13,Done,,2.609,-6.031,grid,-7.186,-3.131,-0.02732,-0.0,-2.885,-32.78,-1.081,0.6589,0.0,-54.09,-33.86,4.41
O=C(OCc1ccccc1)c1ccc([O-])cc1,BPA_CID7180__prepared_state_012,13,Done,,2.609,-6.121,grid,-7.275,-3.391,-0.02987,-0.0,-2.885,-31.34,-0.4058,0.6589,0.0,-53.84,-31.75,1.245
O=C(OCc1ccccc1)c1ccc([O-])cc1,BPA_CID7180__prepared_state_012,13,Done,,2.609,-6.342,grid,-7.497,-3.603,0.0,-0.0,-2.92,-29.35,-1.101,0.6589,0.0,-53.82,-30.45,0.07637
O=C(OCc1ccccc1)c1ccc([O-])cc1,BPA_CID7180__prepared_state_012,13,Done,,2.609,-5.863,grid,-7.017,-3.057,-0.07565,-0.0,-2.815,-31.74,-0.9412,0.6589,0.0,-53.44,-32.68,2.295
O=C(OCc1ccccc1)c1ccc([O-])cc1,BPA_CID7180__prepared_state_012,13,Done,,2.609,-6.457,grid,-7.612,-3.487,-0.1874,-0.0,-3.002,-28.66,-1.073,0.6589,0.0,-53.35,-29.73,0.2882
O=C(OCc1ccccc1)c1ccc([O-])cc1,BPA_CID7180__prepared_state_012,13,Done,,2.609,-6.434,grid,-7.589,-3.689,-0.1162,-0.0,-2.909,-30.79,0.03921,0.6589,0.0,-52.63,-30.75,3.64
O=C(OCc1ccccc1)c1ccc([O-])cc1,BPA_CID7180__prepared_state_012,13,Done,,2.609,-5.789,grid,-6.944,-3.089,0.0,-0.0,-2.857,-29.73,-1.136,0.6589,0.0,-52.24,-30.87,0.6206
Oc1ccc(Cc2ccc(O)cc2)cc1,BPA_CID12111__prepared_state_013,14,Done,,2.695,-8.429,grid,-8.432,-3.599,-0.3224,-0.0,-2.778,-31.17,-6.595,0.815,0.0,-56.83,-37.76,0.7137
Oc1ccc(Cc2ccc(O)cc2)cc1,BPA_CID12111__prepared_state_013,14,Done,,2.695,-8.464,grid,-8.467,-3.676,-0.3423,-0.0,-2.708,-30.94,-6.725,0.815,0.0,-56.68,-37.66,0.9573
Oc1ccc(Cc2ccc(O)cc2)cc1,BPA_CID12111__prepared_state_013,14,Done,,2.695,-8.457,grid,-8.46,-3.687,-0.3298,-0.0,-2.7,-30.97,-6.735,0.815,0.0,-56.61,-37.7,1.159
Oc1ccc(Cc2ccc(O)cc2)cc1,BPA_CID12111__prepared_state_013,14,Done,,2.695,-8.383,grid,-8.386,-3.565,-0.32,-0.0,-2.817,-30.43,-6.515,0.815,0.0,-55.9,-36.95,0.7293
Oc1ccc(Cc2ccc(O)cc2)cc1,BPA_CID12111__prepared_state_013,14,Done,,2.695,-8.13,grid,-8.133,-3.112,-0.608,-0.0,-2.541,-29.55,-8.061,0.815,0.0,-55.41,-37.62,1.878
Oc1ccc(Cc2ccc(O)cc2)cc1,BPA_CID12111__prepared_state_013,14,Done,,2.695,-8.744,grid,-8.747,-3.649,-0.5531,-0.0,-2.903,-29.99,-6.379,0.815,0.0,-55.39,-36.37,2.255
Oc1ccc(Cc2ccc(O)cc2)cc1,BPA_CID12111__prepared_state_013,14,Done,,2.695,-8.135,grid,-8.138,-3.115,-0.608,-0.0,-2.543,-29.56,-8.06,0.815,0.0,-55.29,-37.62,2.145
Oc1ccc(Cc2ccc(O)cc2)cc1,BPA_CID12111__prepared_state_013,14,Done,,2.695,-8.131,grid,-8.134,-3.115,-0.608,-0.0,-2.541,-29.58,-8.039,0.815,0.0,-55.26,-37.62,2.18
Oc1ccc(Cc2ccc(O)cc2)cc1,BPA_CID12111__prepared_state_013,14,Done,,2.695,-8.172,grid,-8.175,-3.014,-0.5596,-0.0,-2.753,-29.17,-8.033,0.815,0.0,-55.23,-37.2,1.601
Oc1ccc(Cc2ccc(O)cc2)cc1,BPA_CID12111__prepared_state_013,14,Done,,2.695,-8.295,grid,-8.298,-3.536,-0.3962,-0.0,-2.763,-30.1,-6.088,0.815,0.0,-55.15,-36.19,0.3009
Oc1ccc(Cc2ccc(O)cc2)cc1,BPA_CID12111__prepared_state_013,14,Done,,2.695,-8.204,grid,-8.208,-3.039,-0.5853,-0.0,-2.73,-29.05,-8.108,0.815,0.0,-55.15,-37.16,1.834
Oc1ccc(Cc2ccc(O)cc2)cc1,BPA_CID12111__prepared_state_013,14,Done,,2.695,-8.542,grid,-8.545,-3.565,-0.564,-0.0,-2.763,-30.26,-6.365,0.815,0.0,-54.76,-36.63,3.099
Oc1ccc(Cc2ccc(O)cc2)cc1,BPA_CID12111__prepared_state_013,14,Done,,2.695,-8.638,grid,-8.641,-3.645,-0.5757,-0.0,-2.804,-29.64,-6.333,0.815,0.0,-54.7,-35.97,2.353
Oc1ccc(Cc2ccc(O)cc2)cc1,BPA_CID12111__prepared_state_013,14,Done,,2.695,-8.551,grid,-8.555,-3.555,-0.5043,-0.0,-2.944,-29.9,-5.81,0.815,0.0,-54.21,-35.71,2.413
Oc1ccc(Cc2ccc(O)cc2)cc1,BPA_CID12111__prepared_state_013,14,Done,,2.695,-8.15,grid,-8.153,-3.538,-0.3591,-0.0,-2.847,-30.19,-4.764,0.815,0.0,-53.61,-34.95,0.2313
Oc1ccc(Cc2ccc(O)cc2)cc1,BPA_CID12111__prepared_state_013,14,Done,,2.695,-8.17,grid,-8.173,-3.584,-0.4285,-0.0,-2.636,-28.77,-6.005,0.815,0.0,-53.51,-34.77,0.1633
Oc1ccc(Cc2ccc(O)cc2)cc1,BPA_CID12111__prepared_state_013,14,Done,,2.695,-8.019,grid,-8.023,-3.492,-0.32,-0.0,-2.904,-30.65,-3.924,0.815,0.0,-51.91,-34.57,2.274
Oc1ccc(Cc2ccc(O)cc2)cc1,BPA_CID12111__prepared_state_013,14,Done,,2.695,-8.015,grid,-8.019,-3.561,-0.4282,-0.0,-2.641,-28.68,-5.129,0.815,0.0,-51.89,-33.81,0.7794
Oc1ccc(Cc2ccc(O)cc2)cc1,BPA_CID12111__prepared_state_013,14,Done,,2.695,-8.131,grid,-8.134,-3.403,-0.3523,-0.0,-2.89,-28.09,-5.997,0.815,0.0,-51.84,-34.08,1.962
Oc1ccc(Cc2ccc(O)cc2)cc1,BPA_CID12111__prepared_state_013,14,Done,,2.695,-8.138,grid,-8.141,-3.412,-0.3518,-0.0,-2.895,-28.1,-5.949,0.815,0.0,-51.73,-34.05,2.129
Oc1ccc(Sc2ccc(O)cc2)cc1,BPA_CID17570__prepared_state_014,15,Done,,3.049,-8.338,grid,-8.356,-3.085,-0.608,-0.0,-2.316,-31.46,-9.862,0.7053,0.0,-60.74,-41.33,2.667
Oc1ccc(Sc2ccc(O)cc2)cc1,BPA_CID17570__prepared_state_014,15,Done,,3.049,-8.307,grid,-8.326,-3.081,-0.594,-0.0,-2.315,-31.62,-9.74,0.7053,0.0,-60.69,-41.36,2.672
Oc1ccc(Sc2ccc(O)cc2)cc1,BPA_CID17570__prepared_state_014,15,Done,,3.049,-8.285,grid,-8.304,-3.079,-0.5809,-0.0,-2.314,-31.7,-9.667,0.7053,0.0,-60.61,-41.36,2.735
Oc1ccc(Sc2ccc(O)cc2)cc1,BPA_CID17570__prepared_state_014,15,Done,,3.049,-9.05,grid,-9.069,-3.603,-0.5968,-0.0,-2.63,-29.28,-9.868,0.7053,0.0,-60.42,-39.15,2.493
Oc1ccc(Sc2ccc(O)cc2)cc1,BPA_CID17570__prepared_state_014,15,Done,,3.049,-9.053,grid,-9.072,-3.607,-0.597,-0.0,-2.626,-29.28,-9.891,0.7053,0.0,-60.21,-39.17,2.963
Oc1ccc(Sc2ccc(O)cc2)cc1,BPA_CID17570__prepared_state_014,15,Done,,3.049,-9.05,grid,-9.068,-3.604,-0.5966,-0.0,-2.63,-29.28,-9.856,0.7053,0.0,-60.14,-39.13,3.013
Oc1ccc(Sc2ccc(O)cc2)cc1,BPA_CID17570__prepared_state_014,15,Done,,3.049,-9.057,grid,-9.075,-3.607,-0.5971,-0.0,-2.63,-29.33,-9.864,0.7053,0.0,-60.14,-39.2,3.176
Oc1ccc(Sc2ccc(O)cc2)cc1,BPA_CID17570__prepared_state_014,15,Done,,3.049,-8.756,grid,-8.774,-3.551,-0.608,-0.0,-2.498,-30.66,-8.596,0.7053,0.0,-59.79,-39.25,2.502
Oc1ccc(Sc2ccc(O)cc2)cc1,BPA_CID17570__prepared_state_014,15,Done,,3.049,-8.703,grid,-8.722,-3.577,-0.6056,-0.0,-2.383,-30.14,-9.033,0.7053,0.0,-59.61,-39.17,2.439
Oc1ccc(Sc2ccc(O)cc2)cc1,BPA_CID17570__prepared_state_014,15,Done,,3.049,-8.709,grid,-8.727,-3.575,-0.608,-0.0,-2.378,-30.49,-8.979,0.7053,0.0,-59.21,-39.46,3.848
Oc1ccc(Sc2ccc(O)cc2)cc1,BPA_CID17570__prepared_state_014,15,Done,,3.049,-8.608,grid,-8.626,-3.53,-0.608,-0.0,-2.512,-30.51,-7.709,0.7053,0.0,-59.11,-38.22,1.048
Oc1ccc(Sc2ccc(O)cc2)cc1,BPA_CID17570__prepared_state_014,15,Done,,3.049,-8.626,grid,-8.644,-3.38,-0.5844,-0.0,-2.703,-31.57,-7.357,0.7053,0.0,-58.87,-38.92,3.036
Oc1ccc(Sc2ccc(O)cc2)cc1,BPA_CID17570__prepared_state_014,15,Done,,3.049,-8.234,grid,-8.253,-3.651,-0.4112,-0.0,-2.375,-31.62,-6.264,0.7053,0.0,-58.17,-37.88,0.41
Oc1ccc(Sc2ccc(O)cc2)cc1,BPA_CID17570__prepared_state_014,15,Done,,3.049,-8.769,grid,-8.788,-3.48,-0.608,-0.0,-2.585,-27.34,-9.69,0.7053,0.0,-57.67,-37.03,2.347
Oc1ccc(Sc2ccc(O)cc2)cc1,BPA_CID17570__prepared_state_014,15,Done,,3.049,-8.133,grid,-8.152,-3.772,-0.3015,-0.0,-2.522,-33.17,-4.028,0.7053,0.0,-57.14,-37.2,0.6085
Oc1ccc(Sc2ccc(O)cc2)cc1,BPA_CID17570__prepared_state_014,15,Done,,3.049,-8.127,grid,-8.146,-3.773,-0.2977,-0.0,-2.525,-33.2,-3.975,0.7053,0.0,-57.09,-37.17,0.6142
Oc1ccc(Sc2ccc(O)cc2)cc1,BPA_CID17570__prepared_state_014,15,Done,,3.049,-8.115,grid,-8.134,-3.763,-0.2833,-0.0,-2.522,-32.57,-4.284,0.7053,0.0,-56.73,-36.85,0.6295
Oc1ccc(Sc2ccc(O)cc2)cc1,BPA_CID17570__prepared_state_014,15,Done,,3.049,-8.115,grid,-8.134,-3.763,-0.2833,-0.0,-2.522,-32.56,-4.284,0.7053,0.0,-56.65,-36.84,0.7836
Oc1ccc(Sc2ccc(O)cc2)cc1,BPA_CID17570__prepared_state_014,15,Done,,3.049,-8.228,grid,-8.246,-3.49,-0.3521,-0.0,-2.71,-31.24,-5.582,0.7053,0.0,-56.06,-36.83,2.483
Oc1ccc(Sc2ccc(O)cc2)cc1,BPA_CID17570__prepared_state_014,15,Done,,3.049,-8.401,grid,-8.42,-3.669,-0.3564,-0.0,-2.817,-31.04,-4.872,0.7053,0.0,-55.99,-35.91,1.651
CCC(C)(c1ccc(O)cc1)c1ccc(O)cc1,BPA_CID66166__prepared_state_015,16,Done,,3.761,-9.021,grid,-9.022,-4.19,-0.32,-0.0,-2.653,-32.76,-5.414,0.5907,0.0,-55.12,-38.17,3.705
CCC(C)(c1ccc(O)cc1)c1ccc(O)cc1,BPA_CID66166__prepared_state_015,16,Done,,3.761,-8.776,grid,-8.778,-3.836,-0.3465,-0.0,-2.657,-32.15,-6.148,0.5907,0.0,-54.38,-38.29,4.415
CCC(C)(c1ccc(O)cc1)c1ccc(O)cc1,BPA_CID66166__prepared_state_015,16,Done,,3.761,-9.209,grid,-9.211,-4.179,-0.5486,-0.0,-2.657,-31.67,-5.557,0.5907,0.0,-54.22,-37.23,4.398
CCC(C)(c1ccc(O)cc1)c1ccc(O)cc1,BPA_CID66166__prepared_state_015,16,Done,,3.761,-8.774,grid,-8.776,-3.817,-0.3613,-0.0,-2.651,-31.89,-6.287,0.5907,0.0,-54.21,-38.17,4.495
CCC(C)(c1ccc(O)cc1)c1ccc(O)cc1,BPA_CID66166__prepared_state_015,16,Done,,3.761,-8.836,grid,-8.838,-3.536,-0.5497,-0.0,-2.571,-29.28,-8.718,0.5907,0.0,-53.89,-38.0,5.048
CCC(C)(c1ccc(O)cc1)c1ccc(O)cc1,BPA_CID66166__prepared_state_015,16,Done,,3.761,-9.213,grid,-9.215,-4.039,-0.4837,-0.0,-2.657,-28.07,-8.15,0.5907,0.0,-53.71,-36.22,3.42
CCC(C)(c1ccc(O)cc1)c1ccc(O)cc1,BPA_CID66166__prepared_state_015,16,Done,,3.761,-8.925,grid,-8.927,-4.155,-0.32,-0.0,-2.657,-32.46,-5.083,0.5907,0.0,-53.68,-37.54,4.93
CCC(C)(c1ccc(O)cc1)c1ccc(O)cc1,BPA_CID66166__prepared_state_015,16,Done,,3.761,-8.793,grid,-8.795,-3.514,-0.5621,-0.0,-2.561,-28.96,-8.678,0.5907,0.0,-53.51,-37.63,4.894
CCC(C)(c1ccc(O)cc1)c1ccc(O)cc1,BPA_CID66166__prepared_state_015,16,Done,,3.761,-9.19,grid,-9.192,-3.968,-0.497,-0.0,-2.657,-26.94,-8.755,0.5907,0.0,-53.5,-35.7,2.705
CCC(C)(c1ccc(O)cc1)c1ccc(O)cc1,BPA_CID66166__prepared_state_015,16,Done,,3.761,-8.637,grid,-8.639,-3.428,-0.6052,-0.0,-2.657,-29.06,-7.241,0.5907,0.0,-53.41,-36.3,1.79
CCC(C)(c1ccc(O)cc1)c1ccc(O)cc1,BPA_CID66166__prepared_state_015,16,Done,,3.761,-9.201,grid,-9.203,-4.029,-0.4858,-0.0,-2.657,-27.94,-8.174,0.5907,0.0,-53.4,-36.11,3.776
CCC(C)(c1ccc(O)cc1)c1ccc(O)cc1,BPA_CID66166__prepared_state_015,16,Done,,3.761,-9.155,grid,-9.156,-4.006,-0.4936,-0.0,-2.657,-27.26,-8.189,0.5907,0.0,-53.33,-35.44,2.383
CCC(C)(c1ccc(O)cc1)c1ccc(O)cc1,BPA_CID66166__prepared_state_015,16,Done,,3.761,-8.91,grid,-8.912,-4.052,-0.3847,-0.0,-2.657,-30.67,-5.837,0.5907,0.0,-53.32,-36.5,3.518
CCC(C)(c1ccc(O)cc1)c1ccc(O)cc1,BPA_CID66166__prepared_state_015,16,Done,,3.761,-9.187,grid,-9.189,-4.012,-0.4971,-0.0,-2.657,-27.67,-8.197,0.5907,0.0,-53.16,-35.87,3.708
CCC(C)(c1ccc(O)cc1)c1ccc(O)cc1,BPA_CID66166__prepared_state_015,16,Done,,3.761,-9.202,grid,-9.204,-4.031,-0.4821,-0.0,-2.657,-27.99,-8.168,0.5907,0.0,-53.14,-36.16,4.391
CCC(C)(c1ccc(O)cc1)c1ccc(O)cc1,BPA_CID66166__prepared_state_015,16,Done,,3.761,-8.743,grid,-8.745,-3.502,-0.5612,-0.0,-2.567,-29.0,-8.372,0.5907,0.0,-52.95,-37.37,5.289
CCC(C)(c1ccc(O)cc1)c1ccc(O)cc1,BPA_CID66166__prepared_state_015,16,Done,,3.761,-9.201,grid,-9.203,-4.02,-0.497,-0.0,-2.657,-27.83,-8.193,0.5907,0.0,-52.93,-36.02,4.544
CCC(C)(c1ccc(O)cc1)c1ccc(O)cc1,BPA_CID66166__prepared_state_015,16,Done,,3.761,-9.055,grid,-9.057,-3.941,-0.4841,-0.0,-2.657,-27.26,-8.016,0.5907,0.0,-52.69,-35.27,2.916
CCC(C)(c1ccc(O)cc1)c1ccc(O)cc1,BPA_CID66166__prepared_state_015,16,Done,,3.761,-8.813,grid,-8.815,-4.085,-0.32,-0.0,-2.657,-31.76,-5.037,0.5907,0.0,-52.62,-36.79,5.085
CCC(C)(c1ccc(O)cc1)c1ccc(O)cc1,BPA_CID66166__prepared_state_015,16,Done,,3.761,-8.727,grid,-8.729,-3.546,-0.608,-0.0,-2.571,-27.6,-8.103,0.5907,0.0,-52.4,-35.7,2.985
Oc1ccc(C(c2ccc(O)cc2)(C(F)(F)F)C(F)(F)F)cc1,BPA_CID73864__prepared_state_016,17,Done,,4.256,-10.27,grid,-10.27,-3.907,-0.3652,-0.0,-3.776,-27.86,-7.771,0.3341,0.0,-45.42,-35.63,10.01
Oc1ccc(C(c2ccc(O)cc2)(C(F)(F)F)C(F)(F)F)cc1,BPA_CID73864__prepared_state_016,17,Done,,4.256,-10.11,grid,-10.12,-3.835,-0.3494,-0.0,-3.787,-25.44,-8.046,0.3341,0.0,-44.3,-33.49,7.502
Oc1ccc(C(c2ccc(O)cc2)(C(F)(F)F)C(F)(F)F)cc1,BPA_CID73864__prepared_state_016,17,Done,,4.256,-9.123,grid,-9.125,-3.722,0.0,-0.0,-3.817,-36.03,-0.7952,0.3341,0.0,-42.23,-36.82,15.46
Oc1ccc(C(c2ccc(O)cc2)(C(F)(F)F)C(F)(F)F)cc1,BPA_CID73864__prepared_state_016,17,Done,,4.256,-9.73,grid,-9.732,-3.51,-0.608,-0.0,-3.523,-24.91,-7.86,0.3341,0.0,-41.1,-32.77,11.37
Oc1ccc(C(c2ccc(O)cc2)(C(F)(F)F)C(F)(F)F)cc1,BPA_CID73864__prepared_state_016,17,Done,,4.256,-9.733,grid,-9.735,-3.79,-0.3598,-0.0,-3.757,-23.63,-6.534,0.3341,0.0,-39.81,-30.16,8.748
Oc1ccc(C(c2ccc(O)cc2)(C(F)(F)F)C(F)(F)F)cc1,BPA_CID73864__prepared_state_016,17,Done,,4.256,-9.524,grid,-9.526,-3.546,-0.608,-0.0,-3.295,-22.92,-8.431,0.3341,0.0,-39.76,-31.35,10.62
Oc1ccc(C(c2ccc(O)cc2)(C(F)(F)F)C(F)(F)F)cc1,BPA_CID73864__prepared_state_016,17,Done,,4.256,-9.753,grid,-9.755,-3.511,-0.608,-0.0,-3.534,-25.1,-7.873,0.3341,0.0,-38.99,-32.98,16.06
Oc1ccc(C(c2ccc(O)cc2)(C(F)(F)F)C(F)(F)F)cc1,BPA_CID73864__prepared_state_016,17,Done,,4.256,-9.484,grid,-9.486,-3.467,-0.4869,-0.0,-3.661,-21.21,-7.627,0.3341,0.0,-38.86,-28.83,7.276
Oc1ccc(C(c2ccc(O)cc2)(C(F)(F)F)C(F)(F)F)cc1,BPA_CID73864__prepared_state_016,17,Done,,4.256,-9.38,grid,-9.382,-3.528,-0.576,-0.0,-3.288,-22.18,-8.097,0.3341,0.0,-37.85,-30.28,11.89
Oc1ccc(C(c2ccc(O)cc2)(C(F)(F)F)C(F)(F)F)cc1,BPA_CID73864__prepared_state_016,17,Done,,4.256,-9.188,grid,-9.189,-3.5,-0.3798,-0.0,-3.719,-22.03,-5.487,0.3341,0.0,-37.11,-27.52,7.297
Oc1ccc(C(c2ccc(O)cc2)(C(F)(F)F)C(F)(F)F)cc1,BPA_CID73864__prepared_state_016,17,Done,,4.256,-9.42,grid,-9.422,-3.505,-0.5015,-0.0,-3.693,-19.09,-7.334,0.3341,-0.002037,-36.79,-26.43,6.414
Oc1ccc(C(c2ccc(O)cc2)(C(F)(F)F)C(F)(F)F)cc1,BPA_CID73864__prepared_state_016,17,Done,,4.256,-8.743,grid,-8.745,-3.54,-0.5651,-0.0,-3.021,-21.49,-5.859,0.3341,0.0,-36.51,-27.34,6.855
Oc1ccc(C(c2ccc(O)cc2)(C(F)(F)F)C(F)(F)F)cc1,BPA_CID73864__prepared_state_016,17,Done,,4.256,-9.517,grid,-9.519,-3.549,-0.608,-0.0,-3.278,-22.97,-8.463,0.3341,0.0,-36.22,-31.43,17.85
Oc1ccc(C(c2ccc(O)cc2)(C(F)(F)F)C(F)(F)F)cc1,BPA_CID73864__prepared_state_016,17,Done,,4.256,-8.871,grid,-8.873,-3.511,-0.608,-0.0,-3.018,-20.66,-6.912,0.3341,0.0,-35.77,-27.57,9.163
Oc1ccc(C(c2ccc(O)cc2)(C(F)(F)F)C(F)(F)F)cc1,BPA_CID73864__prepared_state_016,17,Done,,4.256,-8.646,grid,-8.648,-3.521,-0.32,-0.0,-3.395,-26.19,-2.909,0.3341,0.0,-34.99,-29.1,13.14
Oc1ccc(C(c2ccc(O)cc2)(C(F)(F)F)C(F)(F)F)cc1,BPA_CID73864__prepared_state_016,17,Done,,4.256,-8.495,grid,-8.497,-3.531,-0.481,-0.0,-2.997,-20.15,-5.433,0.3341,0.0,-34.79,-25.58,6.046
Oc1ccc(C(c2ccc(O)cc2)(C(F)(F)F)C(F)(F)F)cc1,BPA_CID73864__prepared_state_016,17,Done,,4.256,-8.715,grid,-8.717,-3.543,-0.571,-0.0,-3.022,-21.57,-5.58,0.3341,0.0,-34.74,-27.15,9.935
Oc1ccc(C(c2ccc(O)cc2)(C(F)(F)F)C(F)(F)F)cc1,BPA_CID73864__prepared_state_016,17,Done,,4.256,-9.224,grid,-9.226,-3.58,-0.4915,-0.0,-3.636,-15.38,-7.212,0.3341,-0.001649,-32.96,-22.59,5.832
Oc1ccc(C(c2ccc(O)cc2)(C(F)(F)F)C(F)(F)F)cc1,BPA_CID73864__prepared_state_016,17,Done,,4.256,-8.465,grid,-8.467,-3.53,-0.5215,-0.0,-3.146,-18.09,-4.662,0.3341,0.0,-32.4,-22.75,5.093
Oc1ccc(C(c2ccc(O)cc2)(C(F)(F)F)C(F)(F)F)cc1,BPA_CID73864__prepared_state_016,17,Done,,4.256,-8.902,grid,-8.904,-3.452,-0.5037,-0.0,-3.462,-18.45,-5.983,0.3341,0.0,-31.81,-24.43,10.88
Oc1ccccc1Cc1ccccc1O,BPA_CID75575__prepared_state_017,18,Done,,2.643,-8.455,grid,-8.551,-3.247,-0.608,-0.0,-2.733,-26.23,-9.777,0.815,0.0,-54.59,-36.01,0.3731
Oc1ccccc1Cc1ccccc1O,BPA_CID75575__prepared_state_017,18,Done,,2.643,-7.961,grid,-8.057,-3.717,-0.32,-0.0,-2.797,-31.43,-3.107,0.815,0.0,-52.02,-34.53,0.3818
Oc1ccccc1Cc1ccccc1O,BPA_CID75575__prepared_state_017,18,Done,,2.643,-7.961,grid,-8.057,-3.717,-0.32,-0.0,-2.797,-31.42,-3.117,0.815,0.0,-51.96,-34.54,0.514
Oc1ccccc1Cc1ccccc1O,BPA_CID75575__prepared_state_017,18,Done,,2.643,-8.077,grid,-8.174,-3.747,-0.32,-0.0,-2.845,-30.01,-3.85,0.815,0.0,-51.7,-33.86,0.1829
Oc1ccccc1Cc1ccccc1O,BPA_CID75575__prepared_state_017,18,Done,,2.643,-7.575,grid,-7.671,-3.348,-0.32,-0.0,-2.682,-31.09,-3.881,0.815,0.0,-51.57,-34.97,0.4574
Oc1ccccc1Cc1ccccc1O,BPA_CID75575__prepared_state_017,18,Done,,2.643,-7.535,grid,-7.631,-3.338,-0.32,-0.0,-2.651,-31.07,-3.889,0.815,0.0,-51.51,-34.96,0.3819
Oc1ccccc1Cc1ccccc1O,BPA_CID75575__prepared_state_017,18,Done,,2.643,-7.995,grid,-8.091,-3.746,-0.32,-0.0,-2.829,-30.53,-3.231,0.815,0.0,-51.37,-33.76,0.2959
Oc1ccccc1Cc1ccccc1O,BPA_CID75575__prepared_state_017,18,Done,,2.643,-8.025,grid,-8.121,-3.668,-0.32,-0.0,-2.792,-28.11,-5.003,0.815,0.0,-50.69,-33.11,0.491
Oc1ccccc1Cc1ccccc1O,BPA_CID75575__prepared_state_017,18,Done,,2.643,-8.025,grid,-8.121,-3.67,-0.32,-0.0,-2.791,-28.09,-5.004,0.815,0.0,-50.49,-33.1,0.8414
Oc1ccccc1Cc1ccccc1O,BPA_CID75575__prepared_state_017,18,Done,,2.643,-8.028,grid,-8.124,-3.64,-0.32,-0.0,-2.856,-27.87,-4.861,0.815,0.0,-50.47,-32.74,0.1766
Oc1ccccc1Cc1ccccc1O,BPA_CID75575__prepared_state_017,18,Done,,2.643,-7.467,grid,-7.563,-3.158,-0.32,-0.0,-2.741,-29.25,-4.641,0.815,0.0,-50.46,-33.89,0.04663
Oc1ccccc1Cc1ccccc1O,BPA_CID75575__prepared_state_017,18,Done,,2.643,-7.53,grid,-7.627,-3.344,-0.32,-0.0,-2.731,-30.22,-3.569,0.815,0.0,-50.44,-33.79,0.1664
Oc1ccccc1Cc1ccccc1O,BPA_CID75575__prepared_state_017,18,Done,,2.643,-7.485,grid,-7.581,-3.403,-0.32,-0.0,-2.614,-30.52,-3.558,0.815,0.0,-50.28,-34.08,0.8545
Oc1ccccc1Cc1ccccc1O,BPA_CID75575__prepared_state_017,18,Done,,2.643,-7.59,grid,-7.686,-3.431,-0.32,-0.0,-2.692,-29.42,-3.911,0.815,0.0,-50.05,-33.33,0.2859
Oc1ccccc1Cc1ccccc1O,BPA_CID75575__prepared_state_017,18,Done,,2.643,-7.619,grid,-7.715,-3.53,-0.32,-0.0,-2.772,-30.13,-2.678,0.815,0.0,-49.64,-32.81,0.1925
Oc1ccccc1Cc1ccccc1O,BPA_CID75575__prepared_state_017,18,Done,,2.643,-7.541,grid,-7.638,-3.477,-0.32,-0.0,-2.683,-29.48,-3.326,0.815,0.0,-49.47,-32.81,0.1944
Oc1ccccc1Cc1ccccc1O,BPA_CID75575__prepared_state_017,18,Done,,2.643,-7.392,grid,-7.488,-3.37,-0.32,-0.0,-2.643,-29.99,-3.137,0.815,0.0,-49.42,-33.13,0.2739
Oc1ccccc1Cc1ccccc1O,BPA_CID75575__prepared_state_017,18,Done,,2.643,-7.364,grid,-7.46,-3.377,-0.32,-0.0,-2.56,-28.71,-3.882,0.815,0.0,-48.86,-32.6,0.2023
Oc1ccccc1Cc1ccccc1O,BPA_CID75575__prepared_state_017,18,Done,,2.643,-7.423,grid,-7.519,-3.328,-0.32,-0.0,-2.646,-28.13,-4.23,0.815,0.0,-48.69,-32.36,0.3446
Oc1ccccc1Cc1ccccc1O,BPA_CID75575__prepared_state_017,18,Done,,2.643,-7.928,grid,-8.024,-3.605,-0.2791,-0.0,-2.806,-25.32,-5.883,0.815,0.0,-48.57,-31.2,0.4667
[O-]c1ccccc1Cc1ccccc1O,BPA_CID75575__prepared_state_018,19,Done,,2.207,-6.538,grid,-7.664,-3.541,-0.32,-0.0,-2.829,-29.72,-2.071,0.8219,0.0,-48.77,-31.79,1.078
[O-]c1ccccc1Cc1ccccc1O,BPA_CID75575__prepared_state_018,19,Done,,2.207,-6.035,grid,-7.16,-3.15,-0.32,-0.0,-2.569,-28.12,-3.581,0.8219,0.0,-47.71,-31.71,0.7143
[O-]c1ccccc1Cc1ccccc1O,BPA_CID75575__prepared_state_018,19,Done,,2.207,-6.285,grid,-7.41,-3.522,-0.2934,-0.0,-2.679,-28.54,-2.071,0.8219,0.0,-47.37,-30.61,0.3459
[O-]c1ccccc1Cc1ccccc1O,BPA_CID75575__prepared_state_018,19,Done,,2.207,-6.623,grid,-7.749,-3.545,-0.32,-0.0,-2.876,-27.55,-3.013,0.8219,0.0,-47.25,-30.57,2.066
[O-]c1ccccc1Cc1ccccc1O,BPA_CID75575__prepared_state_018,19,Done,,2.207,-6.379,grid,-7.505,-3.493,-0.32,-0.0,-2.668,-27.81,-3.034,0.8219,0.0,-47.12,-30.85,1.754
[O-]c1ccccc1Cc1ccccc1O,BPA_CID75575__prepared_state_018,19,Done,,2.207,-6.777,grid,-7.902,-3.646,-0.32,-0.0,-2.877,-25.29,-4.112,0.8219,0.0,-46.99,-29.4,0.9376
[O-]c1ccccc1Cc1ccccc1O,BPA_CID75575__prepared_state_018,19,Done,,2.207,-6.235,grid,-7.361,-3.283,-0.32,-0.0,-2.69,-27.44,-3.453,0.8219,0.0,-46.87,-30.89,1.679
[O-]c1ccccc1Cc1ccccc1O,BPA_CID75575__prepared_state_018,19,Done,,2.207,-6.205,grid,-7.331,-3.241,-0.32,-0.0,-2.775,-26.79,-3.178,0.8219,0.0,-46.65,-29.97,0.1473
[O-]c1ccccc1Cc1ccccc1O,BPA_CID75575__prepared_state_018,19,Done,,2.207,-6.233,grid,-7.359,-3.491,-0.32,-0.0,-2.669,-27.83,-2.057,0.8219,0.0,-46.54,-29.89,0.3276
[O-]c1ccccc1Cc1ccccc1O,BPA_CID75575__prepared_state_018,19,Done,,2.207,-5.954,grid,-7.079,-3.424,-0.03677,-0.0,-2.752,-28.93,-1.613,0.8219,0.0,-46.35,-30.55,0.7459
[O-]c1ccccc1Cc1ccccc1O,BPA_CID75575__prepared_state_018,19,Done,,2.207,-6.47,grid,-7.596,-3.631,-0.32,-0.0,-2.684,-26.18,-3.153,0.8219,0.0,-46.27,-29.34,0.856
[O-]c1ccccc1Cc1ccccc1O,BPA_CID75575__prepared_state_018,19,Done,,2.207,-5.865,grid,-6.991,-3.596,0.0,-0.0,-2.771,-29.83,0.3004,0.8219,0.0,-45.47,-29.53,0.08069
[O-]c1ccccc1Cc1ccccc1O,BPA_CID75575__prepared_state_018,19,Done,,2.207,-5.925,grid,-7.051,-3.399,-0.32,-0.0,-2.438,-27.01,-2.439,0.8219,0.0,-45.18,-29.45,0.7569
[O-]c1ccccc1Cc1ccccc1O,BPA_CID75575__prepared_state_018,19,Done,,2.207,-6.037,grid,-7.163,-3.703,0.0,-0.0,-2.798,-29.43,-0.07811,0.8219,0.0,-45.16,-29.51,1.443
[O-]c1ccccc1Cc1ccccc1O,BPA_CID75575__prepared_state_018,19,Done,,2.207,-5.727,grid,-6.853,-3.671,0.0,-0.0,-2.551,-29.72,0.2198,0.8219,0.0,-45.09,-29.5,0.1356
[O-]c1ccccc1Cc1ccccc1O,BPA_CID75575__prepared_state_018,19,Done,,2.207,-5.835,grid,-6.961,-3.667,0.0,-0.0,-2.747,-29.86,0.8276,0.8219,0.0,-44.84,-29.03,0.2007
[O-]c1ccccc1Cc1ccccc1O,BPA_CID75575__prepared_state_018,19,Done,,2.207,-5.836,grid,-6.962,-3.676,0.0,-0.0,-2.722,-29.74,0.6684,0.8219,0.0,-44.69,-29.07,0.5837
[O-]c1ccccc1Cc1ccccc1O,BPA_CID75575__prepared_state_018,19,Done,,2.207,-5.81,grid,-6.936,-3.785,0.0,-0.0,-2.594,-29.59,0.668,0.8219,0.0,-44.61,-28.92,0.3335
[O-]c1ccccc1Cc1ccccc1O,BPA_CID75575__prepared_state_018,19,Done,,2.207,-5.844,grid,-6.97,-3.542,-0.003969,-0.0,-2.716,-28.86,-0.5789,0.8219,0.0,-44.58,-29.44,1.589
[O-]c1ccccc1Cc1ccccc1O,BPA_CID75575__prepared_state_018,19,Done,,2.207,-6.073,grid,-7.199,-3.367,-0.32,-0.0,-2.662,-26.78,-2.221,0.8219,0.0,-44.55,-29.01,1.824
CC1(C)[C@H](O)C(C)(C)[C@@H]1O,BPA_CID76382__prepared_state_019,20,Done,,1.943,-6.88,grid,-6.88,-2.159,-0.5792,-0.0,-2.56,-12.12,-6.508,0.0,0.0,-26.57,-18.63,0.3208
CC1(C)[C@H](O)C(C)(C)[C@@H]1O,BPA_CID76382__prepared_state_019,20,Done,,1.943,-5.856,grid,-5.856,-2.21,0.0,-0.0,-2.598,-18.88,-0.6925,0.0,0.0,-26.43,-19.57,0.08133
CC1(C)[C@H](O)C(C)(C)[C@@H]1O,BPA_CID76382__prepared_state_019,20,Done,,1.943,-6.873,grid,-6.873,-2.166,-0.5792,-0.0,-2.563,-12.53,-6.258,0.0,0.0,-26.2,-18.79,1.362
CC1(C)[C@H](O)C(C)(C)[C@@H]1O,BPA_CID76382__prepared_state_019,20,Done,,1.943,-6.144,grid,-6.144,-2.04,-0.298,-0.0,-2.602,-16.38,-2.564,0.0,0.0,-26.17,-18.94,0.01793
CC1(C)[C@H](O)C(C)(C)[C@@H]1O,BPA_CID76382__prepared_state_019,20,Done,,1.943,-6.086,grid,-6.086,-2.035,-0.32,-0.0,-2.565,-16.85,-2.156,0.0,0.0,-25.65,-19.01,1.056
CC1(C)[C@H](O)C(C)(C)[C@@H]1O,BPA_CID76382__prepared_state_019,20,Done,,1.943,-5.747,grid,-5.747,-2.143,0.0,-0.0,-2.529,-18.79,-0.905,0.0,0.0,-25.44,-19.7,2.055
CC1(C)[C@H](O)C(C)(C)[C@@H]1O,BPA_CID76382__prepared_state_019,20,Done,,1.943,-5.723,grid,-5.723,-2.129,0.0,-0.0,-2.519,-17.7,-1.263,0.0,0.0,-25.19,-18.96,1.022
CC1(C)[C@H](O)C(C)(C)[C@@H]1O,BPA_CID76382__prepared_state_019,20,Done,,1.943,-5.642,grid,-5.642,-2.111,0.0,-0.0,-2.553,-17.9,-0.5519,0.0,0.0,-25.06,-18.45,0.05718
CC1(C)[C@H](O)C(C)(C)[C@@H]1O,BPA_CID76382__prepared_state_019,20,Done,,1.943,-5.515,grid,-5.515,-1.918,0.0,-0.0,-2.561,-17.12,-1.197,0.0,0.0,-24.8,-18.32,0.02326
CC1(C)[C@H](O)C(C)(C)[C@@H]1O,BPA_CID76382__prepared_state_019,20,Done,,1.943,-6.906,grid,-6.906,-2.088,-0.608,-0.0,-2.522,-9.638,-8.036,0.0,0.0,-24.66,-17.67,2.283
CC1(C)[C@H](O)C(C)(C)[C@@H]1O,BPA_CID76382__prepared_state_019,20,Done,,1.943,-5.699,grid,-5.699,-2.201,0.0,-0.0,-2.604,-17.43,-0.1487,0.0,0.0,-24.24,-17.58,0.1131
CC1(C)[C@H](O)C(C)(C)[C@@H]1O,BPA_CID76382__prepared_state_019,20,Done,,1.943,-6.378,grid,-6.378,-2.217,-0.2938,-0.0,-2.569,-13.01,-4.319,0.0,0.0,-24.2,-17.33,1.268
CC1(C)[C@H](O)C(C)(C)[C@@H]1O,BPA_CID76382__prepared_state_019,20,Done,,1.943,-5.716,grid,-5.716,-1.827,-0.2662,-0.0,-2.577,-16.52,-1.46,0.0,0.0,-24.13,-17.99,1.177
CC1(C)[C@H](O)C(C)(C)[C@@H]1O,BPA_CID76382__prepared_state_019,20,Done,,1.943,-5.48,grid,-5.48,-2.12,0.0,-0.0,-2.444,-18.12,-0.0628,0.0,0.0,-24.13,-18.18,1.017
CC1(C)[C@H](O)C(C)(C)[C@@H]1O,BPA_CID76382__prepared_state_019,20,Done,,1.943,-5.582,grid,-5.582,-1.94,0.0,-0.0,-2.564,-17.09,-1.487,0.0,0.0,-24.05,-18.58,2.195
CC1(C)[C@H](O)C(C)(C)[C@@H]1O,BPA_CID76382__prepared_state_019,20,Done,,1.943,-5.711,grid,-5.711,-2.199,0.0,-0.0,-2.7,-17.64,0.4653,0.0,0.0,-23.89,-17.17,0.01435
CC1(C)[C@H](O)C(C)(C)[C@@H]1O,BPA_CID76382__prepared_state_019,20,Done,,1.943,-5.602,grid,-5.602,-1.983,-0.0398,-0.0,-2.51,-16.64,-1.575,0.0,0.0,-23.8,-18.22,2.017
CC1(C)[C@H](O)C(C)(C)[C@@H]1O,BPA_CID76382__prepared_state_019,20,Done,,1.943,-5.678,grid,-5.678,-2.176,0.0,-0.0,-2.526,-16.67,-0.9469,0.0,0.0,-23.8,-17.62,0.9975
CC1(C)[C@H](O)C(C)(C)[C@@H]1O,BPA_CID76382__prepared_state_019,20,Done,,1.943,-5.76,grid,-5.76,-2.06,-0.1656,-0.0,-2.5,-15.98,-1.562,0.0,0.0,-23.78,-17.54,1.091
CC1(C)[C@H](O)C(C)(C)[C@@H]1O,BPA_CID76382__prepared_state_019,20,Done,,1.943,-5.448,grid,-5.448,-1.971,0.0,-0.0,-2.53,-17.22,-0.5759,0.0,0.0,-23.69,-17.8,1.044
CC1(C)[C@H](O)C(C)(C)[C@H]1O,BPA_CID76382__prepared_state_020,21,Done,,1.937,-6.844,grid,-6.844,-2.128,-0.5973,-0.0,-2.465,-17.3,-5.257,0.0,0.0,-30.57,-22.56,1.375
CC1(C)[C@H](O)C(C)(C)[C@H]1O,BPA_CID76382__prepared_state_020,21,Done,,1.937,-6.932,grid,-6.932,-2.14,-0.5702,-0.0,-2.55,-17.21,-5.414,0.0,0.0,-30.22,-22.62,2.438
CC1(C)[C@H](O)C(C)(C)[C@H]1O,BPA_CID76382__prepared_state_020,21,Done,,1.937,-6.838,grid,-6.838,-2.12,-0.608,-0.0,-2.481,-17.28,-5.1,0.0,0.0,-29.89,-22.38,2.373
CC1(C)[C@H](O)C(C)(C)[C@H]1O,BPA_CID76382__prepared_state_020,21,Done,,1.937,-7.034,grid,-7.034,-2.162,-0.5833,-0.0,-2.586,-14.61,-6.486,0.0,0.0,-29.36,-21.09,1.353
CC1(C)[C@H](O)C(C)(C)[C@H]1O,BPA_CID76382__prepared_state_020,21,Done,,1.937,-7.12,grid,-7.12,-2.144,-0.5886,-0.0,-2.638,-13.26,-7.241,0.0,0.0,-28.39,-20.5,2.333
CC1(C)[C@H](O)C(C)(C)[C@H]1O,BPA_CID76382__prepared_state_020,21,Done,,1.937,-6.443,grid,-6.443,-2.273,-0.3187,-0.0,-2.561,-19.03,-2.256,0.0,0.0,-28.36,-21.28,2.236
CC1(C)[C@H](O)C(C)(C)[C@H]1O,BPA_CID76382__prepared_state_020,21,Done,,1.937,-6.387,grid,-6.387,-2.179,-0.32,-0.0,-2.508,-16.85,-3.585,0.0,0.0,-28.26,-20.43,0.573
CC1(C)[C@H](O)C(C)(C)[C@H]1O,BPA_CID76382__prepared_state_020,21,Done,,1.937,-6.585,grid,-6.585,-1.99,-0.6078,-0.0,-2.546,-14.93,-4.631,0.0,0.0,-27.35,-19.56,1.174
CC1(C)[C@H](O)C(C)(C)[C@H]1O,BPA_CID76382__prepared_state_020,21,Done,,1.937,-5.892,grid,-5.892,-2.049,-0.1044,-0.0,-2.509,-17.09,-2.499,0.0,0.0,-27.04,-19.59,0.06549
CC1(C)[C@H](O)C(C)(C)[C@H]1O,BPA_CID76382__prepared_state_020,21,Done,,1.937,-5.719,grid,-5.719,-2.081,0.0,-0.0,-2.541,-18.54,-1.136,0.0,0.0,-26.93,-19.68,0.0324
CC1(C)[C@H](O)C(C)(C)[C@H]1O,BPA_CID76382__prepared_state_020,21,Done,,1.937,-5.792,grid,-5.792,-2.106,0.0,-0.0,-2.576,-19.03,-1.055,0.0,0.0,-26.87,-20.09,1.164
CC1(C)[C@H](O)C(C)(C)[C@H]1O,BPA_CID76382__prepared_state_020,21,Done,,1.937,-5.719,grid,-5.719,-2.188,0.0,-0.0,-2.466,-19.47,-0.6081,0.0,0.0,-26.84,-20.08,1.031
CC1(C)[C@H](O)C(C)(C)[C@H]1O,BPA_CID76382__prepared_state_020,21,Done,,1.937,-5.723,grid,-5.723,-2.187,0.0,-0.0,-2.471,-19.47,-0.6077,0.0,0.0,-26.83,-20.08,1.048
CC1(C)[C@H](O)C(C)(C)[C@H]1O,BPA_CID76382__prepared_state_020,21,Done,,1.937,-5.716,grid,-5.716,-2.113,0.0,-0.0,-2.575,-19.02,-0.5058,0.0,0.0,-26.68,-19.53,0.2329
CC1(C)[C@H](O)C(C)(C)[C@H]1O,BPA_CID76382__prepared_state_020,21,Done,,1.937,-5.794,grid,-5.794,-2.174,0.0,-0.0,-2.534,-17.96,-1.252,0.0,0.0,-26.56,-19.21,0.03524
CC1(C)[C@H](O)C(C)(C)[C@H]1O,BPA_CID76382__prepared_state_020,21,Done,,1.937,-5.772,grid,-5.772,-2.265,0.0,-0.0,-2.558,-19.24,0.08579,0.0,0.0,-26.45,-19.15,0.07927
CC1(C)[C@H](O)C(C)(C)[C@H]1O,BPA_CID76382__prepared_state_020,21,Done,,1.937,-5.734,grid,-5.734,-2.117,0.0,-0.0,-2.525,-18.61,-1.074,0.0,0.0,-26.42,-19.68,1.101
CC1(C)[C@H](O)C(C)(C)[C@H]1O,BPA_CID76382__prepared_state_020,21,Done,,1.937,-6.067,grid,-6.067,-1.918,-0.32,-0.0,-2.609,-17.1,-2.431,0.0,0.0,-26.03,-19.53,2.418
CC1(C)[C@H](O)C(C)(C)[C@H]1O,BPA_CID76382__prepared_state_020,21,Done,,1.937,-6.034,grid,-6.034,-2.07,-0.1638,-0.0,-2.584,-16.26,-2.69,0.0,0.0,-25.91,-18.95,1.436
CC1(C)[C@H](O)C(C)(C)[C@H]1O,BPA_CID76382__prepared_state_020,21,Done,,1.937,-5.797,grid,-5.797,-2.222,0.0,-0.0,-2.471,-16.71,-1.79,0.0,0.0,-25.86,-18.5,0.02082
COC(=O)C(c1ccc(O)cc1)c1ccc(O)cc1,BPA_CID78805__prepared_state_021,22,Done,,3.118,-8.748,grid,-8.75,-3.38,-0.608,-0.0,-2.738,-25.92,-10.15,0.7943,0.0,-56.6,-36.07,2.037
COC(=O)C(c1ccc(O)cc1)c1ccc(O)cc1,BPA_CID78805__prepared_state_021,22,Done,,3.118,-8.682,grid,-8.684,-3.547,-0.4915,-0.0,-2.799,-29.31,-7.831,0.7943,0.0,-56.36,-37.14,4.339
COC(=O)C(c1ccc(O)cc1)c1ccc(O)cc1,BPA_CID78805__prepared_state_021,22,Done,,3.118,-8.264,grid,-8.266,-3.671,-0.3433,-0.0,-2.765,-31.79,-4.608,0.7943,0.0,-56.18,-36.39,1.129
COC(=O)C(c1ccc(O)cc1)c1ccc(O)cc1,BPA_CID78805__prepared_state_021,22,Done,,3.118,-8.254,grid,-8.256,-3.669,-0.3434,-0.0,-2.765,-31.68,-4.589,0.7943,0.0,-55.93,-36.27,1.336
COC(=O)C(c1ccc(O)cc1)c1ccc(O)cc1,BPA_CID78805__prepared_state_021,22,Done,,3.118,-8.265,grid,-8.267,-3.672,-0.3432,-0.0,-2.763,-31.81,-4.619,0.7943,0.0,-55.8,-36.43,1.963
COC(=O)C(c1ccc(O)cc1)c1ccc(O)cc1,BPA_CID78805__prepared_state_021,22,Done,,3.118,-7.747,grid,-7.749,-4.007,0.0,-0.0,-2.507,-35.23,-1.789,0.7943,0.0,-55.34,-37.02,1.524
COC(=O)C(c1ccc(O)cc1)c1ccc(O)cc1,BPA_CID78805__prepared_state_021,22,Done,,3.118,-8.161,grid,-8.163,-3.784,-0.3348,-0.0,-2.51,-31.29,-5.091,0.7943,0.0,-52.71,-36.39,7.545
COC(=O)C(c1ccc(O)cc1)c1ccc(O)cc1,BPA_CID78805__prepared_state_021,22,Done,,3.118,-7.506,grid,-7.508,-4.034,0.0,-0.0,-2.568,-35.22,0.4067,0.7943,0.0,-51.92,-34.82,2.764
COC(=O)C(c1ccc(O)cc1)c1ccc(O)cc1,BPA_CID78805__prepared_state_021,22,Done,,3.118,-6.006,grid,-6.008,-3.581,-0.608,-0.0,0.1978,-32.03,-8.067,0.7943,0.0,-51.57,-40.1,6.652
COC(=O)C(c1ccc(O)cc1)c1ccc(O)cc1,BPA_CID78805__prepared_state_021,22,Done,,3.118,-6.017,grid,-6.02,-3.581,-0.608,-0.0,0.1905,-32.12,-8.062,0.7943,0.0,-51.56,-40.19,6.891
COC(=O)C(c1ccc(O)cc1)c1ccc(O)cc1,BPA_CID78805__prepared_state_021,22,Done,,3.118,-7.811,grid,-7.813,-3.858,-0.08187,-0.0,-2.484,-35.23,-2.819,0.7943,0.0,-51.42,-38.05,11.74
COC(=O)C(c1ccc(O)cc1)c1ccc(O)cc1,BPA_CID78805__prepared_state_021,22,Done,,3.118,-8.217,grid,-8.219,-3.334,-0.5548,-0.0,-2.43,-29.98,-7.971,0.7943,0.0,-51.38,-37.95,13.61
COC(=O)C(c1ccc(O)cc1)c1ccc(O)cc1,BPA_CID78805__prepared_state_021,22,Done,,3.118,-8.141,grid,-8.144,-3.727,-0.32,-0.0,-2.741,-25.75,-5.753,0.7943,0.0,-50.6,-31.51,1.91
COC(=O)C(c1ccc(O)cc1)c1ccc(O)cc1,BPA_CID78805__prepared_state_021,22,Done,,3.118,-7.403,grid,-7.406,-4.059,0.0,-0.0,-2.615,-34.91,1.466,0.7943,0.0,-50.27,-33.45,2.824
COC(=O)C(c1ccc(O)cc1)c1ccc(O)cc1,BPA_CID78805__prepared_state_021,22,Done,,3.118,-8.5,grid,-8.503,-3.498,-0.4918,-0.0,-2.828,-27.21,-7.452,0.7943,0.0,-49.79,-34.66,11.61
COC(=O)C(c1ccc(O)cc1)c1ccc(O)cc1,BPA_CID78805__prepared_state_021,22,Done,,3.118,-7.747,grid,-7.749,-3.043,-0.608,-0.0,-2.596,-20.87,-8.356,0.7943,0.0,-47.56,-29.22,1.488
COC(=O)C(c1ccc(O)cc1)c1ccc(O)cc1,BPA_CID78805__prepared_state_021,22,Done,,3.118,-8.074,grid,-8.076,-3.494,-0.3938,-0.0,-2.762,-19.04,-8.46,0.7943,0.0,-45.55,-27.5,3.681
COC(=O)C(c1ccc(O)cc1)c1ccc(O)cc1,BPA_CID78805__prepared_state_021,22,Done,,3.118,-5.572,grid,-5.575,-3.305,-0.608,-0.0,0.6341,-30.71,-10.37,0.7943,0.0,-43.87,-41.07,21.87
COC(=O)C(c1ccc(O)cc1)c1ccc(O)cc1,BPA_CID78805__prepared_state_021,22,Done,,3.118,-7.863,grid,-7.865,-3.277,-0.4687,-0.0,-2.817,-24.49,-5.814,0.7943,0.0,-43.18,-30.3,12.98
COC(=O)C(c1ccc(O)cc1)c1ccc(O)cc1,BPA_CID78805__prepared_state_021,22,Done,,3.118,-4.481,grid,-4.483,-3.224,-0.3324,-0.0,0.4755,-30.54,-4.464,0.7943,0.0,-43.05,-35.0,5.987
Cc1cc(Cc2cc(C)c(O)c(C)c2)cc(C)c1O,BPA_CID79345__prepared_state_022,23,Done,,2.003,-8.716,grid,-8.716,-4.487,-0.1595,-0.0,-2.341,-31.35,-4.65,0.5364,0.0,-50.78,-36.0,1.012
Cc1cc(Cc2cc(C)c(O)c(C)c2)cc(C)c1O,BPA_CID79345__prepared_state_022,23,Done,,2.003,-8.407,grid,-8.407,-4.536,0.0,-0.0,-2.402,-34.36,-1.922,0.5364,0.0,-50.77,-36.28,0.5092
Cc1cc(Cc2cc(C)c(O)c(C)c2)cc(C)c1O,BPA_CID79345__prepared_state_022,23,Done,,2.003,-8.698,grid,-8.698,-4.489,-0.1512,-0.0,-2.34,-31.38,-4.565,0.5364,0.0,-50.61,-35.95,1.188
Cc1cc(Cc2cc(C)c(O)c(C)c2)cc(C)c1O,BPA_CID79345__prepared_state_022,23,Done,,2.003,-8.42,grid,-8.42,-4.566,0.0,-0.0,-2.407,-34.26,-1.81,0.5364,0.0,-50.54,-36.07,0.5901
Cc1cc(Cc2cc(C)c(O)c(C)c2)cc(C)c1O,BPA_CID79345__prepared_state_022,23,Done,,2.003,-8.705,grid,-8.705,-4.601,-0.09388,-0.0,-2.344,-31.17,-4.294,0.5364,0.0,-50.02,-35.47,1.428
Cc1cc(Cc2cc(C)c(O)c(C)c2)cc(C)c1O,BPA_CID79345__prepared_state_022,23,Done,,2.003,-9.046,grid,-9.046,-4.402,-0.32,-0.0,-2.561,-28.81,-5.723,0.5364,0.0,-49.79,-34.53,1.22
Cc1cc(Cc2cc(C)c(O)c(C)c2)cc(C)c1O,BPA_CID79345__prepared_state_022,23,Done,,2.003,-8.372,grid,-8.372,-4.569,0.0,-0.0,-2.394,-33.26,-1.876,0.5364,0.0,-49.49,-35.14,0.6647
Cc1cc(Cc2cc(C)c(O)c(C)c2)cc(C)c1O,BPA_CID79345__prepared_state_022,23,Done,,2.003,-8.414,grid,-8.415,-4.532,0.0,-0.0,-2.372,-29.28,-3.889,0.5364,0.0,-47.69,-33.17,0.467
Cc1cc(Cc2cc(C)c(O)c(C)c2)cc(C)c1O,BPA_CID79345__prepared_state_022,23,Done,,2.003,-8.282,grid,-8.283,-4.08,-0.32,-0.0,-2.299,-27.64,-4.92,0.5364,0.0,-46.84,-32.56,0.4881
Cc1cc(Cc2cc(C)c(O)c(C)c2)cc(C)c1O,BPA_CID79345__prepared_state_022,23,Done,,2.003,-7.715,grid,-7.715,-4.218,-0.07321,-0.0,-2.341,-25.55,-2.278,0.5364,0.0,-41.28,-27.83,0.1614
Cc1cc(Cc2cc(C)c(O)c(C)c2)cc(C)c1O,BPA_CID79345__prepared_state_022,23,Done,,2.003,-7.589,grid,-7.589,-4.24,-0.02572,-0.0,-2.291,-24.78,-2.2,0.5364,0.0,-40.23,-26.98,0.1114
Cc1cc(Cc2cc(C)c(O)c(C)c2)cc(C)c1O,BPA_CID79345__prepared_state_022,23,Done,,2.003,-7.472,grid,-7.472,-4.238,0.0,-0.0,-2.374,-25.94,-0.6686,0.5364,0.0,-39.61,-26.61,0.2052
Cc1cc(Cc2cc(C)c(O)c(C)c2)cc(C)c1O,BPA_CID79345__prepared_state_022,23,Done,,2.003,-7.46,grid,-7.46,-4.245,0.0,-0.0,-2.25,-23.55,-2.16,0.5364,0.0,-38.64,-25.71,0.3065
Cc1cc(Cc2cc(C)c(O)c(C)c2)cc(C)c1O,BPA_CID79345__prepared_state_022,23,Done,,2.003,-7.35,grid,-7.35,-4.285,0.0,-0.0,-2.262,-19.32,-2.494,0.5364,0.0,-34.55,-21.82,0.3024
Cc1cc(Cc2cc(C)c(O)c(C)c2)cc(C)c1O,BPA_CID79345__prepared_state_022,23,Done,,2.003,-7.497,grid,-7.498,-4.145,-0.2586,-0.0,-2.082,-17.76,-4.405,0.5364,0.0,-34.28,-22.16,2.056
Cc1cc(Cc2cc(C)c(O)c(C)c2)cc(C)c1O,BPA_CID79345__prepared_state_022,23,Done,,2.003,-8.129,grid,-8.129,-3.963,-0.4471,-0.0,-2.531,-10.18,-8.105,0.5364,0.0,-31.27,-18.28,2.544
Cc1cc(Cc2cc(C)c(O)c(C)c2)cc(C)c1O,BPA_CID79345__prepared_state_022,23,Done,,2.003,-6.808,grid,-6.809,-4.192,-0.002088,-0.0,-2.264,-13.14,-1.532,0.5364,0.0,-26.5,-14.67,0.2164
Cc1cc(Cc2cc(C)c(O)c(C)c2)cc(C)c1O,BPA_CID79345__prepared_state_022,23,Done,,2.003,-6.863,grid,-6.864,-4.029,-0.06659,-0.0,-2.441,-9.35,-2.64,0.5364,0.0,-23.93,-11.99,0.1978
Cc1cc(Cc2cc(C)c(O)c(C)c2)cc(C)c1O,BPA_CID79345__prepared_state_022,23,Done,,2.003,-1.801,grid,-1.801,-0.09127,0.0,-0.0,-1.661,-11.67,-0.01132,0.5364,0.0,-13.69,-11.68,2.297
Cc1cc(Cc2cc(C)c(O)c(C)c2)cc(C)c1O,BPA_CID79345__prepared_state_022,23,Done,,2.003,-1.786,grid,-1.787,-0.06682,0.0,-0.0,-1.661,-9.136,-0.9226,0.5364,0.0,-12.98,-10.06,0.4282
O=S(=O)(c1ccc(O)cc1)c1ccccc1O,BPA_CID79381__prepared_state_023,24,Done,,2.368,-8.39,grid,-8.704,-3.186,-0.608,-0.0,-2.655,-32.34,-7.98,0.5589,0.0,-60.68,-40.32,1.719
O=S(=O)(c1ccc(O)cc1)c1ccccc1O,BPA_CID79381__prepared_state_023,24,Done,,2.368,-8.382,grid,-8.696,-3.164,-0.608,-0.0,-2.66,-32.28,-8.055,0.5589,0.0,-60.52,-40.33,2.005
O=S(=O)(c1ccc(O)cc1)c1ccccc1O,BPA_CID79381__prepared_state_023,24,Done,,2.368,-8.093,grid,-8.407,-2.735,-0.608,-0.0,-2.696,-33.41,-8.376,0.5589,0.0,-60.01,-41.79,4.547
O=S(=O)(c1ccc(O)cc1)c1ccccc1O,BPA_CID79381__prepared_state_023,24,Done,,2.368,-7.957,grid,-8.271,-3.355,-0.32,-0.0,-2.684,-35.82,-4.534,0.5589,0.0,-59.77,-40.36,1.482
O=S(=O)(c1ccc(O)cc1)c1ccccc1O,BPA_CID79381__prepared_state_023,24,Done,,2.368,-7.973,grid,-8.287,-3.363,-0.32,-0.0,-2.693,-35.81,-4.531,0.5589,0.0,-59.75,-40.34,1.568
O=S(=O)(c1ccc(O)cc1)c1ccccc1O,BPA_CID79381__prepared_state_023,24,Done,,2.368,-8.328,grid,-8.642,-3.169,-0.608,-0.0,-2.673,-31.76,-7.755,0.5589,0.0,-59.7,-39.51,1.733
O=S(=O)(c1ccc(O)cc1)c1ccccc1O,BPA_CID79381__prepared_state_023,24,Done,,2.368,-8.192,grid,-8.506,-3.362,-0.4215,-0.0,-2.762,-34.49,-5.298,0.5589,0.0,-59.64,-39.79,1.755
O=S(=O)(c1ccc(O)cc1)c1ccccc1O,BPA_CID79381__prepared_state_023,24,Done,,2.368,-8.193,grid,-8.507,-3.362,-0.4232,-0.0,-2.762,-34.49,-5.299,0.5589,0.0,-59.63,-39.78,1.766
O=S(=O)(c1ccc(O)cc1)c1ccccc1O,BPA_CID79381__prepared_state_023,24,Done,,2.368,-8.059,grid,-8.372,-3.351,-0.4253,-0.0,-2.768,-34.2,-4.516,0.5589,0.0,-58.2,-38.71,1.843
O=S(=O)(c1ccc(O)cc1)c1ccccc1O,BPA_CID79381__prepared_state_023,24,Done,,2.368,-8.153,grid,-8.467,-2.708,-0.608,-0.0,-2.743,-26.74,-10.87,0.5589,0.0,-57.04,-37.61,2.405
O=S(=O)(c1ccc(O)cc1)c1ccccc1O,BPA_CID79381__prepared_state_023,24,Done,,2.368,-7.388,grid,-7.702,-3.256,0.0,-0.0,-2.909,-36.52,-1.796,0.5589,0.0,-56.73,-38.32,0.7102
O=S(=O)(c1ccc(O)cc1)c1ccccc1O,BPA_CID79381__prepared_state_023,24,Done,,2.368,-7.329,grid,-7.643,-3.26,0.0,-0.0,-2.92,-36.24,-1.403,0.5589,0.0,-55.93,-37.64,0.6796
O=S(=O)(c1ccc(O)cc1)c1ccccc1O,BPA_CID79381__prepared_state_023,24,Done,,2.368,-8.061,grid,-8.374,-2.714,-0.608,-0.0,-2.734,-26.23,-10.44,0.5589,0.0,-55.82,-36.67,2.501
O=S(=O)(c1ccc(O)cc1)c1ccccc1O,BPA_CID79381__prepared_state_023,24,Done,,2.368,-8.02,grid,-8.333,-3.023,-0.4726,-0.0,-2.995,-32.23,-5.263,0.5589,0.0,-55.76,-37.49,4.093
O=S(=O)(c1ccc(O)cc1)c1ccccc1O,BPA_CID79381__prepared_state_023,24,Done,,2.368,-7.92,grid,-8.234,-2.986,-0.4635,-0.0,-2.979,-32.48,-4.938,0.5589,0.0,-55.5,-37.42,3.969
O=S(=O)(c1ccc(O)cc1)c1ccccc1O,BPA_CID79381__prepared_state_023,24,Done,,2.368,-7.279,grid,-7.593,-3.283,0.0,-0.0,-2.881,-35.58,-1.389,0.5589,0.0,-55.41,-36.97,0.1335
O=S(=O)(c1ccc(O)cc1)c1ccccc1O,BPA_CID79381__prepared_state_023,24,Done,,2.368,-7.499,grid,-7.812,-3.269,-0.2844,-0.0,-2.566,-33.0,-4.011,0.5589,0.0,-55.38,-37.01,1.344
O=S(=O)(c1ccc(O)cc1)c1ccccc1O,BPA_CID79381__prepared_state_023,24,Done,,2.368,-7.3,grid,-7.614,-3.317,0.0,-0.0,-2.879,-35.59,-1.315,0.5589,0.0,-55.33,-36.91,0.2595
O=S(=O)(c1ccc(O)cc1)c1ccccc1O,BPA_CID79381__prepared_state_023,24,Done,,2.368,-7.472,grid,-7.785,-3.268,-0.268,-0.0,-2.568,-33.05,-3.919,0.5589,0.0,-55.3,-36.97,1.281
O=S(=O)(c1ccc(O)cc1)c1ccccc1O,BPA_CID79381__prepared_state_023,24,Done,,2.368,-7.315,grid,-7.628,-3.308,0.0,-0.0,-2.877,-35.36,-1.563,0.5589,0.0,-55.12,-36.92,0.7816
O=S(=O)(c1ccc([O-])cc1)c1ccccc1O,BPA_CID79381__prepared_state_024,25,Done,,2.409,-6.834,grid,-7.771,-3.299,-0.3413,-0.0,-2.579,-31.86,-3.477,0.5628,0.0,-56.58,-35.33,1.99
O=S(=O)(c1ccc([O-])cc1)c1ccccc1O,BPA_CID79381__prepared_state_024,25,Done,,2.409,-6.548,grid,-7.485,-3.283,0.0,-0.0,-2.899,-34.26,-1.019,0.5628,0.0,-56.22,-35.28,0.9597
O=S(=O)(c1ccc([O-])cc1)c1ccccc1O,BPA_CID79381__prepared_state_024,25,Done,,2.409,-6.477,grid,-7.414,-3.306,-0.06574,-0.0,-2.663,-32.89,-1.984,0.5628,0.0,-55.67,-34.87,0.8464
O=S(=O)(c1ccc([O-])cc1)c1ccccc1O,BPA_CID79381__prepared_state_024,25,Done,,2.409,-6.305,grid,-7.242,-3.309,-0.06308,-0.0,-2.619,-33.01,-1.084,0.5628,0.0,-54.39,-34.1,0.8859
O=S(=O)(c1ccc([O-])cc1)c1ccccc1O,BPA_CID79381__prepared_state_024,25,Done,,2.409,-6.25,grid,-7.187,-3.318,0.0,-0.0,-2.759,-33.71,0.0879,0.5628,0.0,-53.78,-33.62,0.8257
O=S(=O)(c1ccc([O-])cc1)c1ccccc1O,BPA_CID79381__prepared_state_024,25,Done,,2.409,-6.488,grid,-7.425,-3.195,-0.1152,-0.0,-2.851,-33.07,-1.153,0.5628,0.0,-53.5,-34.22,3.958
O=S(=O)(c1ccc([O-])cc1)c1ccccc1O,BPA_CID79381__prepared_state_024,25,Done,,2.409,-6.792,grid,-7.73,-3.397,-0.32,-0.0,-2.64,-29.11,-3.195,0.5628,0.0,-53.25,-32.31,2.374
O=S(=O)(c1ccc([O-])cc1)c1ccccc1O,BPA_CID79381__prepared_state_024,25,Done,,2.409,-6.399,grid,-7.336,-3.372,-0.126,-0.0,-2.618,-31.83,-1.276,0.5628,0.0,-53.11,-33.11,2.0
O=S(=O)(c1ccc([O-])cc1)c1ccccc1O,BPA_CID79381__prepared_state_024,25,Done,,2.409,-6.15,grid,-7.087,-2.881,0.0,-0.0,-2.965,-31.87,-1.401,0.5628,0.0,-53.08,-33.27,0.9559
O=S(=O)(c1ccc([O-])cc1)c1ccccc1O,BPA_CID79381__prepared_state_024,25,Done,,2.409,-6.14,grid,-7.077,-3.331,0.0,-0.0,-2.753,-34.57,1.15,0.5628,0.0,-52.96,-33.42,1.423
O=S(=O)(c1ccc([O-])cc1)c1ccccc1O,BPA_CID79381__prepared_state_024,25,Done,,2.409,-6.261,grid,-7.199,-3.41,-0.06315,-0.0,-2.618,-32.74,-0.2193,0.5628,0.0,-52.77,-32.96,1.593
O=S(=O)(c1ccc([O-])cc1)c1ccccc1O,BPA_CID79381__prepared_state_024,25,Done,,2.409,-6.776,grid,-7.713,-3.156,-0.4455,-0.0,-2.476,-25.35,-6.21,0.5628,0.0,-52.75,-31.56,1.779
O=S(=O)(c1ccc([O-])cc1)c1ccccc1O,BPA_CID79381__prepared_state_024,25,Done,,2.409,-6.408,grid,-7.345,-3.377,-0.05656,-0.0,-2.847,-31.35,-0.4034,0.5628,0.0,-52.68,-31.75,0.1894
O=S(=O)(c1ccc([O-])cc1)c1ccccc1O,BPA_CID79381__prepared_state_024,25,Done,,2.409,-6.192,grid,-7.129,-3.344,-0.0166,-0.0,-2.818,-32.2,0.6455,0.5628,0.0,-51.57,-31.56,0.7866
O=S(=O)(c1ccc([O-])cc1)c1ccccc1O,BPA_CID79381__prepared_state_024,25,Done,,2.409,-6.715,grid,-7.653,-3.285,-0.2949,-0.0,-2.695,-27.07,-3.917,0.5628,0.0,-51.08,-30.99,3.634
O=S(=O)(c1ccc([O-])cc1)c1ccccc1O,BPA_CID79381__prepared_state_024,25,Done,,2.409,-6.007,grid,-6.944,-3.022,-0.05195,-0.0,-2.733,-31.71,-0.7636,0.5628,0.0,-50.94,-32.47,2.823
O=S(=O)(c1ccc([O-])cc1)c1ccccc1O,BPA_CID79381__prepared_state_024,25,Done,,2.409,-6.395,grid,-7.332,-3.409,-0.06414,-0.0,-2.757,-31.51,-0.5957,0.5628,0.0,-50.84,-32.11,4.508
O=S(=O)(c1ccc([O-])cc1)c1ccccc1O,BPA_CID79381__prepared_state_024,25,Done,,2.409,-6.406,grid,-7.343,-3.184,-0.16,-0.0,-2.782,-27.03,-2.85,0.5628,0.0,-50.61,-29.89,0.5835
O=S(=O)(c1ccc([O-])cc1)c1ccccc1O,BPA_CID79381__prepared_state_024,25,Done,,2.409,-6.071,grid,-7.008,-3.155,-0.0927,-0.0,-2.517,-27.89,-2.745,0.5628,0.0,-50.55,-30.63,0.2929
O=S(=O)(c1ccc([O-])cc1)c1ccccc1O,BPA_CID79381__prepared_state_024,25,Done,,2.409,-5.963,grid,-6.901,-2.991,-0.08317,-0.0,-2.719,-31.06,-0.788,0.5628,0.0,-50.29,-31.85,2.621
O=S(=O)(c1ccc(O)cc1)c1ccccc1[O-],BPA_CID79381__prepared_state_025,26,Done,,2.365,-7.593,grid,-8.707,-3.186,-0.608,-0.0,-2.688,-31.69,-8.021,0.5628,0.0,-60.46,-39.71,5.165
O=S(=O)(c1ccc(O)cc1)c1ccccc1[O-],BPA_CID79381__prepared_state_025,26,Done,,2.365,-7.804,grid,-8.918,-3.249,-0.608,-0.0,-2.714,-29.37,-9.609,0.5628,0.0,-60.32,-38.98,5.098
O=S(=O)(c1ccc(O)cc1)c1ccccc1[O-],BPA_CID79381__prepared_state_025,26,Done,,2.365,-7.176,grid,-8.29,-2.739,-0.608,-0.0,-2.69,-30.53,-8.594,0.5628,0.0,-59.29,-39.13,4.103
O=S(=O)(c1ccc(O)cc1)c1ccccc1[O-],BPA_CID79381__prepared_state_025,26,Done,,2.365,-7.328,grid,-8.442,-3.162,-0.608,-0.0,-2.674,-30.58,-6.879,0.5628,0.0,-58.93,-37.46,2.296
O=S(=O)(c1ccc(O)cc1)c1ccccc1[O-],BPA_CID79381__prepared_state_025,26,Done,,2.365,-7.325,grid,-8.439,-3.16,-0.608,-0.0,-2.674,-30.59,-6.871,0.5628,0.0,-58.73,-37.46,2.681
O=S(=O)(c1ccc(O)cc1)c1ccccc1[O-],BPA_CID79381__prepared_state_025,26,Done,,2.365,-7.119,grid,-8.233,-2.778,-0.608,-0.0,-2.677,-30.39,-8.088,0.5628,0.0,-58.14,-38.48,4.797
O=S(=O)(c1ccc(O)cc1)c1ccccc1[O-],BPA_CID79381__prepared_state_025,26,Done,,2.365,-7.142,grid,-8.256,-3.356,-0.4243,-0.0,-2.781,-32.36,-4.263,0.5628,0.0,-57.84,-36.62,1.798
O=S(=O)(c1ccc(O)cc1)c1ccccc1[O-],BPA_CID79381__prepared_state_025,26,Done,,2.365,-7.128,grid,-8.242,-3.359,-0.4218,-0.0,-2.771,-32.45,-4.207,0.5628,0.0,-57.82,-36.65,1.841
O=S(=O)(c1ccc(O)cc1)c1ccccc1[O-],BPA_CID79381__prepared_state_025,26,Done,,2.365,-6.753,grid,-7.868,-3.308,-0.32,-0.0,-2.697,-33.96,-2.718,0.5628,0.0,-56.93,-36.68,1.672
O=S(=O)(c1ccc(O)cc1)c1ccccc1[O-],BPA_CID79381__prepared_state_025,26,Done,,2.365,-6.752,grid,-7.867,-3.307,-0.32,-0.0,-2.697,-33.93,-2.722,0.5628,0.0,-56.84,-36.65,1.788
O=S(=O)(c1ccc(O)cc1)c1ccccc1[O-],BPA_CID79381__prepared_state_025,26,Done,,2.365,-6.858,grid,-7.972,-2.617,-0.5956,-0.0,-2.671,-28.0,-8.345,0.5628,0.0,-56.29,-36.35,2.826
O=S(=O)(c1ccc(O)cc1)c1ccccc1[O-],BPA_CID79381__prepared_state_025,26,Done,,2.365,-6.396,grid,-7.511,-3.29,0.0,-0.0,-2.901,-35.22,-0.8137,0.5628,0.0,-55.88,-36.03,0.5415
O=S(=O)(c1ccc(O)cc1)c1ccccc1[O-],BPA_CID79381__prepared_state_025,26,Done,,2.365,-7.05,grid,-8.164,-2.711,-0.608,-0.0,-2.751,-24.68,-9.49,0.5628,0.0,-55.02,-34.17,2.038
O=S(=O)(c1ccc(O)cc1)c1ccccc1[O-],BPA_CID79381__prepared_state_025,26,Done,,2.365,-6.594,grid,-7.708,-3.311,-0.1363,-0.0,-2.878,-32.1,-2.276,0.5628,0.0,-54.85,-34.37,0.3378
O=S(=O)(c1ccc(O)cc1)c1ccccc1[O-],BPA_CID79381__prepared_state_025,26,Done,,2.365,-6.557,grid,-7.672,-3.355,-0.2407,-0.0,-2.822,-34.23,-0.7033,0.5628,0.0,-54.8,-34.93,1.373
O=S(=O)(c1ccc(O)cc1)c1ccccc1[O-],BPA_CID79381__prepared_state_025,26,Done,,2.365,-6.573,grid,-7.688,-3.366,-0.264,-0.0,-2.796,-34.12,-0.792,0.5628,0.0,-54.71,-34.91,1.595
O=S(=O)(c1ccc(O)cc1)c1ccccc1[O-],BPA_CID79381__prepared_state_025,26,Done,,2.365,-7.03,grid,-8.144,-2.72,-0.608,-0.0,-2.758,-24.45,-9.323,0.5628,0.0,-54.62,-33.77,1.932
O=S(=O)(c1ccc(O)cc1)c1ccccc1[O-],BPA_CID79381__prepared_state_025,26,Done,,2.365,-6.29,grid,-7.404,-3.282,0.0,-0.0,-2.918,-34.83,-0.1716,0.5628,0.0,-54.41,-35.0,0.8603
O=S(=O)(c1ccc(O)cc1)c1ccccc1[O-],BPA_CID79381__prepared_state_025,26,Done,,2.365,-7.053,grid,-8.167,-3.127,-0.608,-0.0,-2.636,-24.89,-7.431,0.5628,0.0,-53.99,-32.32,0.435
O=S(=O)(c1ccc(O)cc1)c1ccccc1[O-],BPA_CID79381__prepared_state_025,26,Done,,2.365,-6.598,grid,-7.712,-2.877,-0.3377,-0.0,-2.709,-28.67,-6.122,0.5628,0.0,-53.89,-34.8,3.144
Cc1cc(C(C)(C)c2cc(C)c(O)c(C)c2)cc(C)c1O,BPA_CID79717__prepared_state_026,27,Done,,1.98,-9.623,grid,-9.623,-4.69,-0.5809,-0.0,-2.37,-25.85,-7.591,0.4482,0.0,-38.16,-33.44,3.978
Cc1cc(C(C)(C)c2cc(C)c(O)c(C)c2)cc(C)c1O,BPA_CID79717__prepared_state_026,27,Done,,1.98,-9.547,grid,-9.547,-4.727,-0.5596,-0.0,-2.37,-27.56,-6.407,0.4482,0.0,-38.1,-33.96,5.028
Cc1cc(C(C)(C)c2cc(C)c(O)c(C)c2)cc(C)c1O,BPA_CID79717__prepared_state_026,27,Done,,1.98,-9.186,grid,-9.186,-4.531,-0.608,-0.0,-2.37,-19.08,-7.811,0.4482,0.0,-32.22,-26.89,2.143
Cc1cc(C(C)(C)c2cc(C)c(O)c(C)c2)cc(C)c1O,BPA_CID79717__prepared_state_026,27,Done,,1.98,-8.656,grid,-8.656,-4.691,-0.3065,-0.0,-2.37,-22.71,-4.01,0.4482,0.0,-31.06,-26.72,3.381
Cc1cc(C(C)(C)c2cc(C)c(O)c(C)c2)cc(C)c1O,BPA_CID79717__prepared_state_026,27,Done,,1.98,-8.205,grid,-8.206,-4.788,0.0,-0.0,-2.37,-24.23,-1.897,0.4482,0.0,-30.13,-26.13,3.44
Cc1cc(C(C)(C)c2cc(C)c(O)c(C)c2)cc(C)c1O,BPA_CID79717__prepared_state_026,27,Done,,1.98,-8.47,grid,-8.47,-4.797,-0.2802,-0.0,-2.37,-19.57,-3.283,0.4482,0.0,-27.19,-22.86,3.143
Cc1cc(C(C)(C)c2cc(C)c(O)c(C)c2)cc(C)c1O,BPA_CID79717__prepared_state_026,27,Done,,1.98,-8.185,grid,-8.185,-4.669,-0.2672,-0.0,-2.37,-18.58,-2.658,0.4482,0.0,-25.74,-21.24,2.422
Cc1cc(C(C)(C)c2cc(C)c(O)c(C)c2)cc(C)c1O,BPA_CID79717__prepared_state_026,27,Done,,1.98,-7.455,grid,-7.455,-4.334,-0.1558,-0.0,-2.37,-20.15,-0.2408,0.4482,0.0,-24.25,-20.39,2.678
Cc1cc(C(C)(C)c2cc(C)c(O)c(C)c2)cc(C)c1O,BPA_CID79717__prepared_state_026,27,Done,,1.98,-7.885,grid,-7.886,-4.153,-0.3398,-0.0,-2.37,-9.953,-6.49,0.4482,0.0,-21.36,-16.44,1.152
Cc1cc(C(C)(C)c2cc(C)c(O)c(C)c2)cc(C)c1O,BPA_CID79717__prepared_state_026,27,Done,,1.98,-6.85,grid,-6.85,-4.091,-0.09837,-0.0,-2.37,-10.9,-1.296,0.4482,0.0,-16.14,-12.2,1.661
Cc1cc(C(C)(C)c2cc(C)c(O)c(C)c2)cc(C)c1O,BPA_CID79717__prepared_state_026,27,Done,,1.98,-2.517,grid,-2.518,-0.7433,0.0,-0.0,-1.47,-13.96,-0.3643,0.4482,0.0,-15.41,-14.32,1.336
Cc1cc(C(C)(C)c2cc(C)c(O)c(C)c2)cc(C)c1O,BPA_CID79717__prepared_state_026,27,Done,,1.98,-7.948,grid,-7.949,-4.145,-0.4304,-0.0,-2.37,-0.1684,-9.617,0.4482,0.0,-14.76,-9.785,1.124
Cc1cc(C(C)(C)c2cc(C)c(O)c(C)c2)cc(C)c1O,BPA_CID79717__prepared_state_026,27,Done,,1.98,-2.161,grid,-2.161,-0.02206,-0.16,-0.0,-1.47,-8.429,-3.575,0.4482,0.0,-12.94,-12.0,1.135
Cc1cc(C(C)(C)c2cc(C)c(O)c(C)c2)cc(C)c1O,BPA_CID79717__prepared_state_026,27,Done,,1.98,-2.136,grid,-2.136,-0.5026,0.0,-0.0,-1.47,-11.62,-0.2064,0.4482,0.0,-12.8,-11.82,1.034
Cc1cc(C(C)(C)c2cc(C)c(O)c(C)c2)cc(C)c1O,BPA_CID79717__prepared_state_026,27,Done,,1.98,-7.801,grid,-7.801,-4.104,-0.4319,-0.0,-2.37,2.049,-9.639,0.4482,0.0,-12.14,-7.589,1.786
Cc1cc(C(C)(C)c2cc(C)c(O)c(C)c2)cc(C)c1O,BPA_CID79717__prepared_state_026,27,Done,,1.98,-7.032,grid,-7.032,-4.852,0.0,-0.0,-2.37,-9.038,1.29,0.4482,0.0,-11.87,-7.747,1.56
Cc1cc(C(C)(C)c2cc(C)c(O)c(C)c2)cc(C)c1O,BPA_CID79717__prepared_state_026,27,Done,,1.98,-1.487,grid,-1.487,0.0,0.0,-0.0,-1.47,-9.89,0.1953,0.4482,0.0,-9.874,-9.695,1.716
Cc1cc(C(C)(C)c2cc(C)c(O)c(C)c2)cc(C)c1O,BPA_CID79717__prepared_state_026,27,Done,,1.98,-1.662,grid,-1.663,-0.1006,0.0,-0.0,-1.47,-9.538,-0.4229,0.4482,0.0,-9.781,-9.961,2.679
CC(C)CC(C)(c1ccc(O)cc1)c1ccc(O)cc1,BPA_CID81259__prepared_state_027,28,Done,,3.355,-9.748,grid,-9.75,-4.747,-0.4774,-0.0,-2.466,-30.31,-8.52,0.734,0.0,-57.59,-38.83,5.724
CC(C)CC(C)(c1ccc(O)cc1)c1ccc(O)cc1,BPA_CID81259__prepared_state_027,28,Done,,3.355,-9.634,grid,-9.636,-4.766,-0.4818,-0.0,-2.466,-26.86,-8.757,0.734,0.0,-55.31,-35.62,3.377
CC(C)CC(C)(c1ccc(O)cc1)c1ccc(O)cc1,BPA_CID81259__prepared_state_027,28,Done,,3.355,-8.975,grid,-8.977,-4.466,-0.4241,-0.0,-2.466,-34.27,-4.28,0.734,0.0,-54.5,-38.55,7.927
CC(C)CC(C)(c1ccc(O)cc1)c1ccc(O)cc1,BPA_CID81259__prepared_state_027,28,Done,,3.355,-8.96,grid,-8.962,-4.386,-0.4737,-0.0,-2.466,-33.75,-4.552,0.734,0.0,-54.47,-38.3,7.426
CC(C)CC(C)(c1ccc(O)cc1)c1ccc(O)cc1,BPA_CID81259__prepared_state_027,28,Done,,3.355,-9.58,grid,-9.582,-4.738,-0.4813,-0.0,-2.466,-26.36,-8.759,0.734,0.0,-54.19,-35.12,4.36
CC(C)CC(C)(c1ccc(O)cc1)c1ccc(O)cc1,BPA_CID81259__prepared_state_027,28,Done,,3.355,-8.798,grid,-8.8,-4.328,-0.5062,-0.0,-2.466,-33.48,-3.733,0.734,0.0,-52.75,-37.21,7.968
CC(C)CC(C)(c1ccc(O)cc1)c1ccc(O)cc1,BPA_CID81259__prepared_state_027,28,Done,,3.355,-9.312,grid,-9.314,-4.75,-0.3641,-0.0,-2.466,-29.29,-6.697,0.734,0.0,-51.57,-35.98,10.17
CC(C)CC(C)(c1ccc(O)cc1)c1ccc(O)cc1,BPA_CID81259__prepared_state_027,28,Done,,3.355,-8.763,grid,-8.765,-4.416,-0.3886,-0.0,-2.466,-31.05,-4.507,0.734,0.0,-51.53,-35.56,6.943
CC(C)CC(C)(c1ccc(O)cc1)c1ccc(O)cc1,BPA_CID81259__prepared_state_027,28,Done,,3.355,-9.444,grid,-9.446,-4.683,-0.4832,-0.0,-2.466,-25.89,-8.361,0.734,0.0,-50.54,-34.25,9.333
CC(C)CC(C)(c1ccc(O)cc1)c1ccc(O)cc1,BPA_CID81259__prepared_state_027,28,Done,,3.355,-9.235,grid,-9.237,-4.507,-0.6043,-0.0,-2.466,-25.09,-7.596,0.734,0.0,-50.41,-32.69,5.545
CC(C)CC(C)(c1ccc(O)cc1)c1ccc(O)cc1,BPA_CID81259__prepared_state_027,28,Done,,3.355,-8.228,grid,-8.23,-4.428,-0.3091,-0.0,-2.369,-24.16,-4.336,0.734,0.0,-45.46,-28.5,2.59
CC(C)CC(C)(c1ccc(O)cc1)c1ccc(O)cc1,BPA_CID81259__prepared_state_027,28,Done,,3.355,-7.936,grid,-7.938,-4.213,-0.32,-0.0,-2.409,-26.93,-2.56,0.734,0.0,-43.78,-29.49,6.635
CC(C)CC(C)(c1ccc(O)cc1)c1ccc(O)cc1,BPA_CID81259__prepared_state_027,28,Done,,3.355,-8.876,grid,-8.878,-4.328,-0.5993,-0.0,-2.466,-17.45,-8.978,0.734,0.0,-43.1,-26.43,6.041
CC(C)CC(C)(c1ccc(O)cc1)c1ccc(O)cc1,BPA_CID81259__prepared_state_027,28,Done,,3.355,-7.769,grid,-7.771,-4.132,-0.3155,-0.0,-2.363,-23.37,-3.505,0.734,0.0,-41.08,-26.88,6.077
CC(C)CC(C)(c1ccc(O)cc1)c1ccc(O)cc1,BPA_CID81259__prepared_state_027,28,Done,,3.355,-7.534,grid,-7.536,-3.939,-0.32,-0.0,-2.466,-21.92,-2.998,0.734,0.0,-40.33,-24.92,2.602
CC(C)CC(C)(c1ccc(O)cc1)c1ccc(O)cc1,BPA_CID81259__prepared_state_027,28,Done,,3.355,-7.894,grid,-7.896,-4.396,-0.2937,-0.0,-2.466,-21.32,-2.727,0.734,0.0,-37.45,-24.05,8.232
CC(C)CC(C)(c1ccc(O)cc1)c1ccc(O)cc1,BPA_CID81259__prepared_state_027,28,Done,,3.355,-7.947,grid,-7.948,-4.168,-0.3211,-0.0,-2.466,-9.69,-8.285,0.734,0.0,-32.26,-17.98,6.695
CC(C)CC(C)(c1ccc(O)cc1)c1ccc(O)cc1,BPA_CID81259__prepared_state_027,28,Done,,3.355,-7.527,grid,-7.529,-4.406,-0.283,-0.0,-2.466,-14.46,-2.571,0.734,0.0,-30.92,-17.04,5.641
CC(C)CC(C)(c1ccc(O)cc1)c1ccc(O)cc1,BPA_CID81259__prepared_state_027,28,Done,,3.355,-6.829,grid,-6.831,-4.282,-0.08509,-0.0,-2.287,-11.07,-2.387,0.734,0.0,-27.01,-13.46,3.214
CC(C)CC(C)(c1ccc(O)cc1)c1ccc(O)cc1,BPA_CID81259__prepared_state_027,28,Done,,3.355,-7.546,grid,-7.548,-3.86,-0.509,-0.0,-2.466,-2.69,-8.751,0.734,0.0,-24.18,-11.44,8.013
O=S(=O)(c1ccc(O)cc1)c1ccc(OCc2ccccc2)cc1,BPA_CID113063__prepared_state_028,29,Done,,6.275,-7.015,grid,-7.192,-5.189,-0.001019,-0.0,-1.027,-37.47,0.5394,0.8171,0.0,-42.25,-36.93,10.62
O=S(=O)(c1ccc(O)cc1)c1ccc(OCc2ccccc2)cc1,BPA_CID113063__prepared_state_028,29,Done,,6.275,-6.983,grid,-7.16,-5.276,-0.001076,-0.0,-0.8589,-36.32,-0.1705,0.8171,0.0,-41.98,-36.49,10.18
O=S(=O)(c1ccc(O)cc1)c1ccc(OCc2ccccc2)cc1,BPA_CID113063__prepared_state_028,29,Done,,6.275,-7.835,grid,-8.012,-4.727,-0.608,-0.0,-1.021,-20.38,-9.693,0.8171,0.0,-36.05,-30.08,11.74
O=S(=O)(c1ccc(O)cc1)c1ccc(OCc2ccccc2)cc1,BPA_CID113063__prepared_state_028,29,Done,,6.275,-6.971,grid,-7.148,-4.616,-0.01154,-0.0,-2.093,-27.28,0.792,0.8171,0.0,-34.86,-26.49,4.376
O=S(=O)(c1ccc(O)cc1)c1ccc(OCc2ccccc2)cc1,BPA_CID113063__prepared_state_028,29,Done,,6.275,-7.02,grid,-7.197,-4.629,-0.01176,-0.0,-2.115,-27.53,0.7858,0.8171,0.0,-34.76,-26.74,5.23
O=S(=O)(c1ccc(O)cc1)c1ccc(OCc2ccccc2)cc1,BPA_CID113063__prepared_state_028,29,Done,,6.275,-3.199,grid,-3.377,-1.202,0.0,-0.0,-1.41,-28.93,-0.8998,0.8171,0.0,-34.16,-29.83,1.316
O=S(=O)(c1ccc(O)cc1)c1ccc(OCc2ccccc2)cc1,BPA_CID113063__prepared_state_028,29,Done,,6.275,-3.147,grid,-3.324,-1.381,0.0,-0.0,-1.087,-29.12,-1.456,0.8171,0.0,-33.38,-30.58,4.209
O=S(=O)(c1ccc(O)cc1)c1ccc(OCc2ccccc2)cc1,BPA_CID113063__prepared_state_028,29,Done,,6.275,-6.889,grid,-7.066,-4.336,-0.2251,-0.0,-1.878,-21.73,-2.384,0.8171,0.0,-32.27,-24.11,4.577
O=S(=O)(c1ccc(O)cc1)c1ccc(OCc2ccccc2)cc1,BPA_CID113063__prepared_state_028,29,Done,,6.275,-5.646,grid,-5.823,-4.135,-0.32,-0.0,-0.5265,-22.18,-3.67,0.8171,0.0,-29.67,-25.85,9.565
O=S(=O)(c1ccc(O)cc1)c1ccc(OCc2ccccc2)cc1,BPA_CID113063__prepared_state_028,29,Done,,6.275,-2.333,grid,-2.511,-0.8117,0.0,-0.0,-1.088,-21.72,-2.275,0.8171,-0.001026,-26.69,-23.99,2.022
O=S(=O)(c1ccc(O)cc1)c1ccc(OCc2ccccc2)cc1,BPA_CID113063__prepared_state_028,29,Done,,6.275,-6.601,grid,-6.778,-4.184,-0.2092,-0.0,-2.36,-15.67,-0.3878,0.8171,0.0,-24.8,-16.06,2.55
O=S(=O)(c1ccc(O)cc1)c1ccc(OCc2ccccc2)cc1,BPA_CID113063__prepared_state_028,29,Done,,6.275,-2.301,grid,-2.479,-0.9484,0.0,-0.0,-1.155,-20.88,-0.9917,0.8171,0.0,-24.22,-21.87,2.618
O=S(=O)(c1ccc(O)cc1)c1ccc(OCc2ccccc2)cc1,BPA_CID113063__prepared_state_028,29,Done,,6.275,-6.653,grid,-6.83,-4.891,-0.229,-0.0,-1.532,-18.02,-0.6253,0.8171,0.0,-23.3,-18.64,10.88
O=S(=O)(c1ccc(O)cc1)c1ccc(OCc2ccccc2)cc1,BPA_CID113063__prepared_state_028,29,Done,,6.275,-5.432,grid,-5.61,-5.046,-0.1319,-0.0,-0.3579,-19.95,0.7072,0.8171,0.0,-21.27,-19.24,12.53
O=S(=O)(c1ccc(O)cc1)c1ccc(OCc2ccccc2)cc1,BPA_CID113063__prepared_state_028,29,Done,,6.275,-1.936,grid,-2.113,-0.9657,0.0,-0.0,-1.086,-18.2,0.2084,0.8171,0.0,-20.62,-17.99,0.9937
O=S(=O)(c1ccc(O)cc1)c1ccc(OCc2ccccc2)cc1,BPA_CID113063__prepared_state_028,29,Done,,6.275,-1.895,grid,-2.072,-0.3455,-0.32,-0.0,-1.075,-15.71,-2.421,0.8171,0.0,-20.51,-18.13,1.374
O=S(=O)(c1ccc(O)cc1)c1ccc(OCc2ccccc2)cc1,BPA_CID113063__prepared_state_028,29,Done,,6.275,-5.231,grid,-5.408,-4.509,-0.02237,-0.0,-0.8192,-17.43,-0.02251,0.8171,0.0,-20.29,-17.46,10.31
O=S(=O)(c1ccc(O)cc1)c1ccc(OCc2ccccc2)cc1,BPA_CID113063__prepared_state_028,29,Done,,6.275,-4.86,grid,-5.037,-4.95,-0.01651,-0.0,-0.2393,-19.3,2.112,0.8171,0.0,-20.24,-17.19,8.783
O=S(=O)(c1ccc(O)cc1)c1ccc(OCc2ccccc2)cc1,BPA_CID113063__prepared_state_028,29,Done,,6.275,-1.53,grid,-1.707,-0.5958,0.0,-0.0,-0.8018,-16.85,-1.678,0.8171,-0.03235,-18.57,-18.53,4.961
O=S(=O)(c1ccc(O)cc1)c1ccc(OCc2ccccc2)cc1,BPA_CID113063__prepared_state_028,29,Done,,6.275,-1.808,grid,-1.985,-0.8184,0.0,-0.0,-1.087,-17.47,-0.1529,0.8171,-9.489e-05,-18.52,-17.63,4.091
O=S(=O)(c1ccc([O-])cc1)c1ccc(OCc2ccccc2)cc1,BPA_CID113063__prepared_state_029,30,Done,,4.418,-5.859,grid,-6.66,-5.247,-0.001273,-0.0,-0.4244,-34.57,-0.5343,0.8214,0.0,-38.99,-35.11,10.27
O=S(=O)(c1ccc([O-])cc1)c1ccc(OCc2ccccc2)cc1,BPA_CID113063__prepared_state_029,30,Done,,4.418,-6.183,grid,-6.984,-4.504,-0.01841,-0.0,-1.84,-28.66,-0.06778,0.8214,0.0,-35.32,-28.73,5.722
O=S(=O)(c1ccc([O-])cc1)c1ccc(OCc2ccccc2)cc1,BPA_CID113063__prepared_state_029,30,Done,,4.418,-6.198,grid,-6.999,-5.025,0.0,-0.0,-1.409,-26.17,-0.5182,0.8214,0.0,-32.16,-26.69,8.009
O=S(=O)(c1ccc([O-])cc1)c1ccc(OCc2ccccc2)cc1,BPA_CID113063__prepared_state_029,30,Done,,4.418,-6.573,grid,-7.374,-4.69,-0.02188,-0.0,-2.269,-26.72,0.8084,0.8214,0.0,-31.66,-25.91,8.468
O=S(=O)(c1ccc([O-])cc1)c1ccc(OCc2ccccc2)cc1,BPA_CID113063__prepared_state_029,30,Done,,4.418,-5.962,grid,-6.763,-4.918,-0.05755,-0.0,-1.357,-24.81,-0.08099,0.8214,0.0,-29.31,-24.89,9.471
O=S(=O)(c1ccc([O-])cc1)c1ccc(OCc2ccccc2)cc1,BPA_CID113063__prepared_state_029,30,Done,,4.418,-5.538,grid,-6.338,-4.879,-0.2362,-0.0,-0.6788,-24.32,-0.999,0.8214,0.0,-28.07,-25.32,11.67
O=S(=O)(c1ccc([O-])cc1)c1ccc(OCc2ccccc2)cc1,BPA_CID113063__prepared_state_029,30,Done,,4.418,-5.133,grid,-5.933,-4.981,0.0,-0.0,-0.618,-21.41,-0.4015,0.8214,-0.02546,-27.74,-21.81,4.216
O=S(=O)(c1ccc([O-])cc1)c1ccc(OCc2ccccc2)cc1,BPA_CID113063__prepared_state_029,30,Done,,4.418,-6.558,grid,-7.359,-4.914,-0.009733,-0.0,-2.36,-20.52,0.8618,0.8214,0.0,-27.68,-19.66,3.89
O=S(=O)(c1ccc([O-])cc1)c1ccc(OCc2ccccc2)cc1,BPA_CID113063__prepared_state_029,30,Done,,4.418,-6.319,grid,-7.12,-5.375,0.0,-0.0,-1.483,-23.93,0.8483,0.8214,-0.0139,-26.78,-23.09,11.88
O=S(=O)(c1ccc([O-])cc1)c1ccc(OCc2ccccc2)cc1,BPA_CID113063__prepared_state_029,30,Done,,4.418,-5.094,grid,-5.895,-4.903,-0.1278,-0.0,-0.1102,-21.7,-3.264,0.8214,0.0,-26.63,-24.97,12.64
O=S(=O)(c1ccc([O-])cc1)c1ccc(OCc2ccccc2)cc1,BPA_CID113063__prepared_state_029,30,Done,,4.418,-5.007,grid,-5.808,-4.489,-0.212,-0.0,-0.6216,-22.27,-1.238,0.8214,-0.007818,-25.85,-23.51,11.03
O=S(=O)(c1ccc([O-])cc1)c1ccc(OCc2ccccc2)cc1,BPA_CID113063__prepared_state_029,30,Done,,4.418,-5.14,grid,-5.941,-5.172,0.0,-0.0,-0.592,-22.96,1.081,0.8214,-0.01186,-25.72,-21.88,8.398
O=S(=O)(c1ccc([O-])cc1)c1ccc(OCc2ccccc2)cc1,BPA_CID113063__prepared_state_029,30,Done,,4.418,-1.816,grid,-2.617,-0.98,0.0,-0.0,-1.12,-22.97,-1.247,0.8214,-0.003682,-24.75,-24.22,6.028
O=S(=O)(c1ccc([O-])cc1)c1ccc(OCc2ccccc2)cc1,BPA_CID113063__prepared_state_029,30,Done,,4.418,-4.388,grid,-5.189,-4.641,-0.01438,-0.0,-0.2724,-16.77,-1.631,0.8214,0.0,-24.43,-18.4,1.99
O=S(=O)(c1ccc([O-])cc1)c1ccc(OCc2ccccc2)cc1,BPA_CID113063__prepared_state_029,30,Done,,4.418,-1.574,grid,-2.375,-0.7842,-0.1326,-0.0,-1.095,-18.12,-1.863,0.8214,0.0,-22.87,-19.98,0.6443
O=S(=O)(c1ccc([O-])cc1)c1ccc(OCc2ccccc2)cc1,BPA_CID113063__prepared_state_029,30,Done,,4.418,-1.705,grid,-2.506,-1.184,0.0,-0.0,-1.092,-22.57,0.5122,0.8214,0.0,-22.8,-22.06,5.301
O=S(=O)(c1ccc([O-])cc1)c1ccc(OCc2ccccc2)cc1,BPA_CID113063__prepared_state_029,30,Done,,4.418,-5.008,grid,-5.809,-4.979,0.0,-0.0,-0.7541,-20.2,0.9065,0.8214,-0.02331,-21.63,-19.29,11.06
O=S(=O)(c1ccc([O-])cc1)c1ccc(OCc2ccccc2)cc1,BPA_CID113063__prepared_state_029,30,Done,,4.418,-5.532,grid,-6.333,-4.563,-0.2631,-0.0,-1.312,-16.39,-1.319,0.8214,0.0,-21.51,-17.7,9.529
O=S(=O)(c1ccc([O-])cc1)c1ccc(OCc2ccccc2)cc1,BPA_CID113063__prepared_state_029,30,Done,,4.418,-5.926,grid,-6.727,-4.362,-0.003321,-0.0,-2.267,-13.7,-1.547,0.8214,0.0,-20.61,-15.24,7.479
O=S(=O)(c1ccc([O-])cc1)c1ccc(OCc2ccccc2)cc1,BPA_CID113063__prepared_state_029,30,Done,,4.418,-5.234,grid,-6.035,-4.537,-0.02185,-0.0,-1.867,-12.26,1.214,0.8214,0.0,-17.25,-11.05,3.941
CC(C)c1cc(C(C)(C)c2ccc(O)c(C(C)C)c2)ccc1O,BPA_CID228537__prepared_state_030,31,Done,,3.867,-8.457,grid,-8.457,-5.018,-0.2481,-0.0,-2.179,-19.82,-2.675,0.3802,0.0,-28.23,-22.5,1.974
CC(C)c1cc(C(C)(C)c2ccc(O)c(C(C)C)c2)ccc1O,BPA_CID228537__prepared_state_030,31,Done,,3.867,-8.536,grid,-8.536,-4.785,-0.1489,-0.0,-2.179,-22.15,-4.642,0.3802,0.0,-27.74,-26.79,11.65
CC(C)c1cc(C(C)(C)c2ccc(O)c(C(C)C)c2)ccc1O,BPA_CID228537__prepared_state_030,31,Done,,3.867,-3.444,grid,-3.444,-0.929,0.0,-0.0,-1.279,-20.36,-3.994,0.3802,0.0,-25.21,-24.35,3.758
CC(C)c1cc(C(C)(C)c2ccc(O)c(C(C)C)c2)ccc1O,BPA_CID228537__prepared_state_030,31,Done,,3.867,-7.592,grid,-7.592,-4.468,-0.1431,-0.0,-2.179,-17.11,-2.182,0.3802,0.0,-23.74,-19.29,3.152
CC(C)c1cc(C(C)(C)c2ccc(O)c(C(C)C)c2)ccc1O,BPA_CID228537__prepared_state_030,31,Done,,3.867,-2.566,grid,-2.567,-0.5245,0.0,-0.0,-1.279,-20.59,-0.7595,0.3802,0.0,-22.19,-21.35,2.398
CC(C)c1cc(C(C)(C)c2ccc(O)c(C(C)C)c2)ccc1O,BPA_CID228537__prepared_state_030,31,Done,,3.867,-8.394,grid,-8.395,-4.382,-0.608,-0.0,-2.179,-8.347,-7.924,0.3802,0.0,-21.86,-16.27,2.148
CC(C)c1cc(C(C)(C)c2ccc(O)c(C(C)C)c2)ccc1O,BPA_CID228537__prepared_state_030,31,Done,,3.867,-2.23,grid,-2.23,-0.3606,0.0,-0.0,-1.279,-19.93,0.173,0.3802,0.0,-20.59,-19.76,1.891
CC(C)c1cc(C(C)(C)c2ccc(O)c(C(C)C)c2)ccc1O,BPA_CID228537__prepared_state_030,31,Done,,3.867,-8.439,grid,-8.439,-4.955,-0.32,-0.0,-2.179,-12.08,-5.075,0.3802,0.0,-16.41,-17.16,14.9
CC(C)c1cc(C(C)(C)c2ccc(O)c(C(C)C)c2)ccc1O,BPA_CID228537__prepared_state_030,31,Done,,3.867,-2.772,grid,-2.772,0.0,-0.3864,-0.0,-1.279,-10.34,-6.468,0.3802,0.0,-15.97,-16.81,6.072
CC(C)c1cc(C(C)(C)c2ccc(O)c(C(C)C)c2)ccc1O,BPA_CID228537__prepared_state_030,31,Done,,3.867,-8.404,grid,-8.404,-4.789,-0.32,-0.0,-2.179,-20.1,-3.282,0.3802,0.0,-14.74,-23.38,30.63
CC(C)c1cc(C(C)(C)c2ccc(O)c(C(C)C)c2)ccc1O,BPA_CID228537__prepared_state_030,31,Done,,3.867,-2.123,grid,-2.123,-0.4399,0.0,-0.0,-1.279,-13.19,-0.8336,0.3802,0.0,-14.51,-14.02,2.404
CC(C)c1cc(C(C)(C)c2ccc(O)c(C(C)C)c2)ccc1O,BPA_CID228537__prepared_state_030,31,Done,,3.867,-1.818,grid,-1.819,-0.205,0.0,-0.0,-1.279,-10.88,-1.14,0.3802,0.0,-12.99,-12.02,0.9593
CC(C)c1cc(C(C)(C)c2ccc(O)c(C(C)C)c2)ccc1O,BPA_CID228537__prepared_state_030,31,Done,,3.867,-1.636,grid,-1.637,-0.1033,0.0,-0.0,-1.279,-12.44,-0.08462,0.3802,0.0,-12.36,-12.53,2.925
CC(C)c1cc(C(C)(C)c2ccc(O)c(C(C)C)c2)ccc1O,BPA_CID228537__prepared_state_030,31,Done,,3.867,-2.816,grid,-2.816,-1.213,0.0,-0.0,-1.279,-17.72,1.211,0.3802,0.0,-11.55,-16.51,14.38
CC(C)c1cc(C(C)(C)c2ccc(O)c(C(C)C)c2)ccc1O,BPA_CID228537__prepared_state_030,31,Done,,3.867,-7.899,grid,-7.9,-4.968,-0.03081,-0.0,-2.172,-15.69,-2.167,0.3802,0.0,-10.82,-17.86,26.62
CC(C)c1cc(C(C)(C)c2ccc(O)c(C(C)C)c2)ccc1O,BPA_CID228537__prepared_state_030,31,Done,,3.867,-1.369,grid,-1.369,0.0,0.0,-0.0,-1.279,-7.805,-0.5378,0.3802,0.0,-8.31,-8.342,2.239
CC(C)c1cc(C(C)(C)c2ccc(O)c(C(C)C)c2)ccc1O,BPA_CID228537__prepared_state_030,31,Done,,3.867,-7.416,grid,-7.417,-4.315,-0.48,-0.0,-2.179,5.494,-7.321,0.3802,0.0,-6.202,-1.827,3.029
CC(C)c1cc(C(C)(C)c2ccc(O)c(C(C)C)c2)ccc1O,BPA_CID228537__prepared_state_030,31,Done,,3.867,-2.08,grid,-2.08,-0.688,0.0,-0.0,-1.279,-11.48,0.5369,0.3802,0.0,-5.246,-10.95,14.7
CC(C)c1cc(C(C)(C)c2ccc(O)c(C(C)C)c2)ccc1O,BPA_CID228537__prepared_state_030,31,Done,,3.867,-6.285,grid,-6.285,-4.259,0.0,-0.0,-2.179,-5.8,0.4181,0.3802,0.0,-3.672,-5.382,13.4
CC(C)c1cc(C(C)(C)c2ccc(O)c(C(C)C)c2)ccc1O,BPA_CID228537__prepared_state_030,31,Done,,3.867,-6.552,grid,-6.553,-4.095,-0.03687,-0.0,-2.179,-7.919,-1.509,0.3802,0.0,-2.59,-9.428,24.08
Oc1ccc(C2(c3ccc(O)cc3)CCCCC2)cc1,BPA_CID232446__prepared_state_031,32,Done,,4.699,-9.247,grid,-9.25,-4.642,-0.433,-0.0,-2.479,-20.84,-7.663,0.4957,0.0,-38.68,-28.51,1.421
Oc1ccc(C2(c3ccc(O)cc3)CCCCC2)cc1,BPA_CID232446__prepared_state_031,32,Done,,4.699,-8.059,grid,-8.062,-4.414,-0.07248,-0.0,-2.376,-25.83,-2.694,0.4957,0.0,-37.68,-28.52,0.644
Oc1ccc(C2(c3ccc(O)cc3)CCCCC2)cc1,BPA_CID232446__prepared_state_031,32,Done,,4.699,-8.044,grid,-8.047,-4.411,-0.06217,-0.0,-2.378,-26.15,-2.56,0.4957,0.0,-37.18,-28.71,1.987
Oc1ccc(C2(c3ccc(O)cc3)CCCCC2)cc1,BPA_CID232446__prepared_state_031,32,Done,,4.699,-8.133,grid,-8.136,-4.474,-0.07249,-0.0,-2.427,-25.78,-2.463,0.4957,0.0,-37.16,-28.24,1.317
Oc1ccc(C2(c3ccc(O)cc3)CCCCC2)cc1,BPA_CID232446__prepared_state_031,32,Done,,4.699,-8.402,grid,-8.405,-4.075,-0.608,-0.0,-2.479,-20.2,-4.858,0.4957,0.0,-34.37,-25.06,1.168
Oc1ccc(C2(c3ccc(O)cc3)CCCCC2)cc1,BPA_CID232446__prepared_state_031,32,Done,,4.699,-8.087,grid,-8.09,-4.096,-0.3046,-0.0,-2.479,-20.72,-4.458,0.4957,0.0,-33.66,-25.18,2.072
Oc1ccc(C2(c3ccc(O)cc3)CCCCC2)cc1,BPA_CID232446__prepared_state_031,32,Done,,4.699,-8.046,grid,-8.049,-4.11,-0.3087,-0.0,-2.479,-19.68,-4.418,0.4957,0.0,-33.22,-24.1,0.6954
Oc1ccc(C2(c3ccc(O)cc3)CCCCC2)cc1,BPA_CID232446__prepared_state_031,32,Done,,4.699,-8.101,grid,-8.104,-4.123,-0.3848,-0.0,-2.479,-17.07,-5.061,0.4957,0.0,-30.84,-22.13,1.657
Oc1ccc(C2(c3ccc(O)cc3)CCCCC2)cc1,BPA_CID232446__prepared_state_031,32,Done,,4.699,-7.836,grid,-7.839,-4.036,-0.3102,-0.0,-2.479,-18.96,-3.74,0.4957,0.0,-30.76,-22.7,2.325
Oc1ccc(C2(c3ccc(O)cc3)CCCCC2)cc1,BPA_CID232446__prepared_state_031,32,Done,,4.699,-4.215,grid,-4.218,-1.655,-0.09475,-0.0,-1.579,-23.92,-1.26,0.4957,0.0,-29.54,-25.18,1.217
Oc1ccc(C2(c3ccc(O)cc3)CCCCC2)cc1,BPA_CID232446__prepared_state_031,32,Done,,4.699,-7.608,grid,-7.611,-4.106,-0.3033,-0.0,-2.479,-17.11,-2.417,0.4957,0.0,-27.81,-19.53,1.339
Oc1ccc(C2(c3ccc(O)cc3)CCCCC2)cc1,BPA_CID232446__prepared_state_031,32,Done,,4.699,-7.349,grid,-7.352,-4.359,-0.06482,-0.0,-2.479,-18.6,-0.09172,0.4957,0.0,-26.95,-18.69,0.7679
Oc1ccc(C2(c3ccc(O)cc3)CCCCC2)cc1,BPA_CID232446__prepared_state_031,32,Done,,4.699,-7.313,grid,-7.316,-4.336,-0.05833,-0.0,-2.479,-18.76,-0.001358,0.4957,0.0,-26.8,-18.76,1.123
Oc1ccc(C2(c3ccc(O)cc3)CCCCC2)cc1,BPA_CID232446__prepared_state_031,32,Done,,4.699,-7.351,grid,-7.354,-4.356,-0.06498,-0.0,-2.479,-18.72,-0.09291,0.4957,0.0,-26.41,-18.81,2.112
Oc1ccc(C2(c3ccc(O)cc3)CCCCC2)cc1,BPA_CID232446__prepared_state_031,32,Done,,4.699,-3.822,grid,-3.825,-1.487,0.0,-0.0,-1.579,-21.15,-1.308,0.4957,0.0,-26.25,-22.46,1.417
Oc1ccc(C2(c3ccc(O)cc3)CCCCC2)cc1,BPA_CID232446__prepared_state_031,32,Done,,4.699,-7.27,grid,-7.273,-4.34,-0.06819,-0.0,-2.479,-17.4,-0.07162,0.4957,0.0,-25.54,-17.47,0.9826
Oc1ccc(C2(c3ccc(O)cc3)CCCCC2)cc1,BPA_CID232446__prepared_state_031,32,Done,,4.699,-7.407,grid,-7.41,-4.03,-0.289,-0.0,-2.479,-15.83,-2.112,0.4957,0.0,-25.19,-17.94,2.926
Oc1ccc(C2(c3ccc(O)cc3)CCCCC2)cc1,BPA_CID232446__prepared_state_031,32,Done,,4.699,-3.007,grid,-3.01,-0.8479,0.0,-0.0,-1.579,-18.68,-0.9651,0.4957,0.0,-22.53,-19.64,1.312
Oc1ccc(C2(c3ccc(O)cc3)CCCCC2)cc1,BPA_CID232446__prepared_state_031,32,Done,,4.699,-3.124,grid,-3.127,-0.8625,0.0,-0.0,-1.579,-18.46,-1.718,0.4957,0.0,-19.77,-20.18,8.183
Oc1ccc(C2(c3ccc(O)cc3)CCCCC2)cc1,BPA_CID232446__prepared_state_031,32,Done,,4.699,-7.299,grid,-7.302,-4.352,-0.1393,-0.0,-2.479,-13.28,-1.087,0.4957,0.0,-19.28,-14.37,7.348
CC(c1ccc(O)cc1)c1ccc(O)cc1,BPA_CID608116__prepared_state_032,33,Done,,3.273,-8.747,grid,-8.75,-3.297,-0.5668,-0.0,-2.747,-31.95,-8.464,0.7277,0.0,-59.58,-40.42,3.111
CC(c1ccc(O)cc1)c1ccc(O)cc1,BPA_CID608116__prepared_state_032,33,Done,,3.273,-8.857,grid,-8.859,-3.32,-0.5878,-0.0,-2.825,-31.59,-8.494,0.7277,0.0,-59.58,-40.08,2.963
CC(c1ccc(O)cc1)c1ccc(O)cc1,BPA_CID608116__prepared_state_032,33,Done,,3.273,-9.39,grid,-9.392,-3.739,-0.6024,-0.0,-2.848,-28.67,-9.982,0.7277,0.0,-59.35,-38.65,3.088
CC(c1ccc(O)cc1)c1ccc(O)cc1,BPA_CID608116__prepared_state_032,33,Done,,3.273,-8.818,grid,-8.821,-3.338,-0.608,-0.0,-2.622,-30.04,-9.859,0.7277,0.0,-59.12,-39.9,3.334
CC(c1ccc(O)cc1)c1ccc(O)cc1,BPA_CID608116__prepared_state_032,33,Done,,3.273,-8.78,grid,-8.783,-3.351,-0.608,-0.0,-2.641,-30.21,-9.329,0.7277,0.0,-59.06,-39.54,2.557
CC(c1ccc(O)cc1)c1ccc(O)cc1,BPA_CID608116__prepared_state_032,33,Done,,3.273,-9.263,grid,-9.265,-3.737,-0.603,-0.0,-2.848,-28.47,-9.207,0.7277,0.0,-58.74,-37.67,1.752
CC(c1ccc(O)cc1)c1ccc(O)cc1,BPA_CID608116__prepared_state_032,33,Done,,3.273,-9.272,grid,-9.274,-3.735,-0.6061,-0.0,-2.848,-28.53,-9.236,0.7277,0.0,-58.53,-37.77,2.394
CC(c1ccc(O)cc1)c1ccc(O)cc1,BPA_CID608116__prepared_state_032,33,Done,,3.273,-9.233,grid,-9.235,-3.742,-0.608,-0.0,-2.843,-30.76,-8.21,0.7277,0.0,-58.52,-38.97,4.641
CC(c1ccc(O)cc1)c1ccc(O)cc1,BPA_CID608116__prepared_state_032,33,Done,,3.273,-8.947,grid,-8.949,-3.733,-0.608,-0.0,-2.655,-29.12,-8.169,0.7277,0.0,-57.9,-37.28,1.154
CC(c1ccc(O)cc1)c1ccc(O)cc1,BPA_CID608116__prepared_state_032,33,Done,,3.273,-8.928,grid,-8.93,-3.711,-0.608,-0.0,-2.694,-28.93,-7.993,0.7277,0.0,-57.33,-36.92,1.468
CC(c1ccc(O)cc1)c1ccc(O)cc1,BPA_CID608116__prepared_state_032,33,Done,,3.273,-8.865,grid,-8.868,-3.662,-0.608,-0.0,-2.691,-28.99,-7.896,0.7277,0.0,-57.23,-36.89,1.321
CC(c1ccc(O)cc1)c1ccc(O)cc1,BPA_CID608116__prepared_state_032,33,Done,,3.273,-8.923,grid,-8.926,-3.57,-0.608,-0.0,-2.848,-30.82,-7.246,0.7277,0.0,-57.07,-38.06,4.267
CC(c1ccc(O)cc1)c1ccc(O)cc1,BPA_CID608116__prepared_state_032,33,Done,,3.273,-8.466,grid,-8.468,-3.238,-0.608,-0.0,-2.77,-30.77,-6.942,0.7277,0.0,-56.69,-37.71,2.138
CC(c1ccc(O)cc1)c1ccc(O)cc1,BPA_CID608116__prepared_state_032,33,Done,,3.273,-8.569,grid,-8.571,-3.927,-0.3715,-0.0,-2.716,-31.48,-4.735,0.7277,0.0,-56.42,-36.22,0.1784
CC(c1ccc(O)cc1)c1ccc(O)cc1,BPA_CID608116__prepared_state_032,33,Done,,3.273,-8.389,grid,-8.392,-3.621,-0.3753,-0.0,-2.585,-31.34,-6.473,0.7277,0.0,-56.38,-37.82,2.625
CC(c1ccc(O)cc1)c1ccc(O)cc1,BPA_CID608116__prepared_state_032,33,Done,,3.273,-8.68,grid,-8.682,-3.407,-0.608,-0.0,-2.756,-31.36,-7.14,0.7277,0.0,-56.37,-38.5,5.361
CC(c1ccc(O)cc1)c1ccc(O)cc1,BPA_CID608116__prepared_state_032,33,Done,,3.273,-8.523,grid,-8.525,-3.831,-0.3585,-0.0,-2.689,-30.69,-5.596,0.7277,0.0,-56.32,-36.29,0.3173
CC(c1ccc(O)cc1)c1ccc(O)cc1,BPA_CID608116__prepared_state_032,33,Done,,3.273,-8.39,grid,-8.393,-3.621,-0.3752,-0.0,-2.586,-31.35,-6.474,0.7277,0.0,-56.31,-37.82,2.774
CC(c1ccc(O)cc1)c1ccc(O)cc1,BPA_CID608116__prepared_state_032,33,Done,,3.273,-8.401,grid,-8.403,-3.627,-0.3749,-0.0,-2.59,-31.37,-6.475,0.7277,0.0,-56.23,-37.84,3.02
CC(c1ccc(O)cc1)c1ccc(O)cc1,BPA_CID608116__prepared_state_032,33,Done,,3.273,-8.729,grid,-8.732,-3.456,-0.5763,-0.0,-2.848,-31.27,-6.773,0.7277,0.0,-56.21,-38.04,5.01
CC(c1ccccc1)(c1ccc(O)cc1)c1ccc(O)cc1,BPA_CID623849__prepared_state_033,34,Done,,2.721,-4.065,grid,-4.068,-2.02,0.0,-0.0,-1.429,-24.77,-0.1954,0.6484,0.0,-30.64,-24.96,0.3822
CC(c1ccccc1)(c1ccc(O)cc1)c1ccc(O)cc1,BPA_CID623849__prepared_state_033,34,Done,,2.721,-4.039,grid,-4.043,-1.303,-0.32,-0.0,-1.429,-20.3,-4.164,0.6484,0.0,-30.01,-24.46,0.5754
CC(c1ccccc1)(c1ccc(O)cc1)c1ccc(O)cc1,BPA_CID623849__prepared_state_033,34,Done,,2.721,-4.002,grid,-4.006,-1.961,0.0,-0.0,-1.429,-24.6,-0.2328,0.6484,0.0,-29.52,-24.83,2.184
CC(c1ccccc1)(c1ccc(O)cc1)c1ccc(O)cc1,BPA_CID623849__prepared_state_033,34,Done,,2.721,-3.209,grid,-3.212,-1.022,-0.16,-0.0,-1.429,-19.74,-1.748,0.6484,0.0,-25.9,-21.49,0.4638
CC(c1ccccc1)(c1ccc(O)cc1)c1ccc(O)cc1,BPA_CID623849__prepared_state_033,34,Done,,2.721,-2.74,grid,-2.744,-0.8238,0.0,-0.0,-1.429,-19.82,-0.9906,0.6484,0.0,-24.52,-20.81,0.5005
CC(c1ccccc1)(c1ccc(O)cc1)c1ccc(O)cc1,BPA_CID623849__prepared_state_033,34,Done,,2.721,-3.097,grid,-3.1,-0.9512,-0.126,-0.0,-1.429,-18.91,-1.979,0.6484,0.0,-24.45,-20.89,1.828
CC(c1ccccc1)(c1ccc(O)cc1)c1ccc(O)cc1,BPA_CID623849__prepared_state_033,34,Done,,2.721,-3.333,grid,-3.337,-1.689,0.0,-0.0,-1.429,-19.71,0.7908,0.6484,0.0,-23.0,-18.92,1.474
CC(c1ccccc1)(c1ccc(O)cc1)c1ccc(O)cc1,BPA_CID623849__prepared_state_033,34,Done,,2.721,-7.637,grid,-7.641,-5.112,-0.08184,-0.0,-2.329,-15.13,-0.06766,0.6484,0.0,-22.68,-15.2,7.08
CC(c1ccccc1)(c1ccc(O)cc1)c1ccc(O)cc1,BPA_CID623849__prepared_state_033,34,Done,,2.721,-8.413,grid,-8.416,-4.932,-0.3645,-0.0,-2.329,-1.471,-9.107,0.6484,0.0,-22.44,-10.58,0.5643
CC(c1ccccc1)(c1ccc(O)cc1)c1ccc(O)cc1,BPA_CID623849__prepared_state_033,34,Done,,2.721,-2.977,grid,-2.981,-0.5828,-0.32,-0.0,-1.429,-14.2,-3.918,0.6484,0.0,-22.08,-18.11,0.6798
CC(c1ccccc1)(c1ccc(O)cc1)c1ccc(O)cc1,BPA_CID623849__prepared_state_033,34,Done,,2.721,-2.856,grid,-2.859,-0.5619,-0.32,-0.0,-1.429,-14.28,-3.219,0.6484,0.0,-21.26,-17.5,0.7351
CC(c1ccccc1)(c1ccc(O)cc1)c1ccc(O)cc1,BPA_CID623849__prepared_state_033,34,Done,,2.721,-2.638,grid,-2.642,-0.9702,0.0,-0.0,-1.429,-16.34,-0.4913,0.6484,0.0,-20.28,-16.84,0.7453
CC(c1ccccc1)(c1ccc(O)cc1)c1ccc(O)cc1,BPA_CID623849__prepared_state_033,34,Done,,2.721,-2.378,grid,-2.382,-0.4554,-0.1695,-0.0,-1.429,-15.78,-1.246,0.6484,0.0,-20.07,-17.03,0.7893
CC(c1ccccc1)(c1ccc(O)cc1)c1ccc(O)cc1,BPA_CID623849__prepared_state_033,34,Done,,2.721,-2.495,grid,-2.498,-0.8355,0.0,-0.0,-1.429,-16.05,-0.5319,0.6484,0.0,-19.6,-16.58,1.158
CC(c1ccccc1)(c1ccc(O)cc1)c1ccc(O)cc1,BPA_CID623849__prepared_state_033,34,Done,,2.721,-2.139,grid,-2.143,-0.4607,0.0,-0.0,-1.429,-15.34,-0.8993,0.6484,0.0,-18.83,-16.24,0.9981
CC(c1ccccc1)(c1ccc(O)cc1)c1ccc(O)cc1,BPA_CID623849__prepared_state_033,34,Done,,2.721,-2.243,grid,-2.247,-0.5462,-0.08445,-0.0,-1.429,-15.37,-0.4465,0.6484,0.0,-18.62,-15.81,0.8851
CC(c1ccccc1)(c1ccc(O)cc1)c1ccc(O)cc1,BPA_CID623849__prepared_state_033,34,Done,,2.721,-1.916,grid,-1.92,-0.1028,-0.09308,-0.0,-1.429,-14.4,-1.49,0.6484,0.0,-18.54,-15.89,0.2395
CC(c1ccccc1)(c1ccc(O)cc1)c1ccc(O)cc1,BPA_CID623849__prepared_state_033,34,Done,,2.721,-2.008,grid,-2.012,-0.3261,0.0,-0.0,-1.429,-14.14,-1.321,0.6484,0.0,-17.96,-15.46,0.8056
CC(c1ccccc1)(c1ccc(O)cc1)c1ccc(O)cc1,BPA_CID623849__prepared_state_033,34,Done,,2.721,-2.646,grid,-2.65,-0.9284,0.0,-0.0,-1.429,-15.54,-1.092,0.6484,0.0,-17.71,-16.63,5.482
CC(c1ccccc1)(c1ccc(O)cc1)c1ccc(O)cc1,BPA_CID623849__prepared_state_033,34,Done,,2.721,-2.063,grid,-2.067,-0.2431,-0.1419,-0.0,-1.429,-13.81,-1.402,0.6484,0.0,-17.62,-15.21,1.145
CC(C)(c1ccc(O)cc1)c1ccc(C(C)(C)c2ccc(O)cc2)cc1,BPA_CID630355__prepared_state_034,35,Done,,2.801,-3.34,grid,-3.342,-1.131,-0.1011,-0.0,-1.047,-26.12,-2.603,0.6335,0.0,-30.92,-28.73,4.337
CC(C)(c1ccc(O)cc1)c1ccc(C(C)(C)c2ccc(O)cc2)cc1,BPA_CID630355__prepared_state_034,35,Done,,2.801,-2.749,grid,-2.751,-0.9434,0.0,-0.0,-1.047,-25.19,-0.8968,0.6335,0.0,-28.19,-26.09,2.984
CC(C)(c1ccc(O)cc1)c1ccc(C(C)(C)c2ccc(O)cc2)cc1,BPA_CID630355__prepared_state_034,35,Done,,2.801,-2.352,grid,-2.354,-0.3859,-0.13,-0.0,-1.047,-19.51,-2.999,0.6335,0.0,-23.51,-22.51,4.137
CC(C)(c1ccc(O)cc1)c1ccc(C(C)(C)c2ccc(O)cc2)cc1,BPA_CID630355__prepared_state_034,35,Done,,2.801,-2.213,grid,-2.215,-0.6746,0.0,-0.0,-1.047,-20.22,-0.7719,0.6335,0.0,-22.17,-21.0,3.429
CC(C)(c1ccc(O)cc1)c1ccc(C(C)(C)c2ccc(O)cc2)cc1,BPA_CID630355__prepared_state_034,35,Done,,2.801,-2.252,grid,-2.254,-0.266,-0.1881,-0.0,-1.047,-13.88,-4.617,0.6335,0.0,-18.96,-18.49,4.949
CC(C)(c1ccc(O)cc1)c1ccc(C(C)(C)c2ccc(O)cc2)cc1,BPA_CID630355__prepared_state_034,35,Done,,2.801,-1.734,grid,-1.736,-0.09621,-0.1464,-0.0,-1.047,-16.56,-1.683,0.6335,0.0,-18.56,-18.24,3.895
CC(C)(c1ccc(O)cc1)c1ccc(C(C)(C)c2ccc(O)cc2)cc1,BPA_CID630355__prepared_state_034,35,Done,,2.801,-1.947,grid,-1.948,-0.0879,-0.16,-0.0,-1.047,-14.35,-3.797,0.6335,0.0,-18.4,-18.15,4.599
CC(C)(c1ccc(O)cc1)c1ccc(C(C)(C)c2ccc(O)cc2)cc1,BPA_CID630355__prepared_state_034,35,Done,,2.801,-1.374,grid,-1.376,-0.01993,0.0,-0.0,-1.047,-17.42,-0.4773,0.6335,0.0,-18.28,-17.9,2.829
CC(C)(c1ccc(O)cc1)c1ccc(C(C)(C)c2ccc(O)cc2)cc1,BPA_CID630355__prepared_state_034,35,Done,,2.801,-1.174,grid,-1.176,-0.01319,0.0,-0.0,-1.047,-14.37,-0.2056,0.6335,0.0,-15.11,-14.58,2.007
CC(C)(c1ccc(O)cc1)c1ccc(C(C)(C)c2ccc(O)cc2)cc1,BPA_CID630355__prepared_state_034,35,Done,,2.801,-1.579,grid,-1.581,-0.2426,-0.07338,-0.0,-1.047,-12.81,-1.407,0.6335,0.0,-15.05,-14.22,2.476
CC(C)(c1ccc(O)cc1)c1ccc(C(C)(C)c2ccc(O)cc2)cc1,BPA_CID630355__prepared_state_034,35,Done,,2.801,-0.9896,grid,-0.9915,-0.1833,0.0,-0.0,-1.047,-11.8,1.301,0.6335,0.0,-9.874,-10.5,3.847
C=CCc1cc(S(=O)(=O)c2ccc(O)c(CC=C)c2)ccc1O,BPA_CID833466__prepared_state_035,36,Done,,4.596,-7.11,grid,-7.169,-3.558,0.0,-0.0,-2.411,-36.69,-2.661,1.034,0.0,-46.79,-39.35,1.813
C=CCc1cc(S(=O)(=O)c2ccc(O)c(CC=C)c2)ccc1O,BPA_CID833466__prepared_state_035,36,Done,,4.596,-6.902,grid,-6.961,-3.636,0.0,-0.0,-2.227,-35.11,-2.509,1.034,0.0,-45.1,-37.61,1.253
C=CCc1cc(S(=O)(=O)c2ccc(O)c(CC=C)c2)ccc1O,BPA_CID833466__prepared_state_035,36,Done,,4.596,-6.953,grid,-7.012,-3.63,0.0,-0.0,-2.412,-35.98,-1.364,1.034,0.0,-44.17,-37.34,2.687
C=CCc1cc(S(=O)(=O)c2ccc(O)c(CC=C)c2)ccc1O,BPA_CID833466__prepared_state_035,36,Done,,4.596,-7.686,grid,-7.745,-3.656,-0.3175,-0.0,-2.476,-29.5,-5.693,1.034,0.0,-43.12,-35.2,2.18
C=CCc1cc(S(=O)(=O)c2ccc(O)c(CC=C)c2)ccc1O,BPA_CID833466__prepared_state_035,36,Done,,4.596,-6.788,grid,-6.846,-3.578,0.0,-0.0,-2.29,-34.46,-1.931,1.034,0.0,-43.11,-36.4,2.516
C=CCc1cc(S(=O)(=O)c2ccc(O)c(CC=C)c2)ccc1O,BPA_CID833466__prepared_state_035,36,Done,,4.596,-7.267,grid,-7.326,-3.382,-0.2625,-0.0,-2.423,-29.44,-5.468,1.034,0.0,-42.95,-34.91,0.9821
C=CCc1cc(S(=O)(=O)c2ccc(O)c(CC=C)c2)ccc1O,BPA_CID833466__prepared_state_035,36,Done,,4.596,-7.051,grid,-7.11,-3.66,0.0,-0.0,-2.422,-33.06,-2.728,1.034,0.0,-41.21,-35.79,5.723
C=CCc1cc(S(=O)(=O)c2ccc(O)c(CC=C)c2)ccc1O,BPA_CID833466__prepared_state_035,36,Done,,4.596,-6.683,grid,-6.742,-3.835,0.0,-0.0,-2.475,-29.27,-0.01713,1.034,0.0,-36.08,-29.29,2.114
C=CCc1cc(S(=O)(=O)c2ccc(O)c(CC=C)c2)ccc1O,BPA_CID833466__prepared_state_035,36,Done,,4.596,-6.505,grid,-6.564,-3.616,0.0,-0.0,-2.408,-27.11,-1.448,1.034,0.0,-35.58,-28.56,1.262
C=CCc1cc(S(=O)(=O)c2ccc(O)c(CC=C)c2)ccc1O,BPA_CID833466__prepared_state_035,36,Done,,4.596,-6.587,grid,-6.646,-4.019,0.0,-0.0,-2.249,-27.99,-0.08062,1.034,0.0,-35.09,-28.07,1.44
C=CCc1cc(S(=O)(=O)c2ccc(O)c(CC=C)c2)ccc1O,BPA_CID833466__prepared_state_035,36,Done,,4.596,-7.083,grid,-7.142,-3.606,-0.2835,-0.0,-2.457,-22.45,-4.713,1.034,0.0,-35.07,-27.16,0.8116
C=CCc1cc(S(=O)(=O)c2ccc(O)c(CC=C)c2)ccc1O,BPA_CID833466__prepared_state_035,36,Done,,4.596,-6.549,grid,-6.608,-3.738,0.0,-0.0,-2.468,-27.36,-0.4477,1.034,0.0,-34.75,-27.81,1.518
C=CCc1cc(S(=O)(=O)c2ccc(O)c(CC=C)c2)ccc1O,BPA_CID833466__prepared_state_035,36,Done,,4.596,-6.605,grid,-6.664,-4.047,0.0,-0.0,-2.174,-25.41,-1.382,1.034,0.0,-33.97,-26.8,1.173
C=CCc1cc(S(=O)(=O)c2ccc(O)c(CC=C)c2)ccc1O,BPA_CID833466__prepared_state_035,36,Done,,4.596,-7.312,grid,-7.371,-3.962,-0.3446,-0.0,-2.329,-20.95,-4.809,1.034,0.0,-33.73,-25.76,1.217
C=CCc1cc(S(=O)(=O)c2ccc(O)c(CC=C)c2)ccc1O,BPA_CID833466__prepared_state_035,36,Done,,4.596,-2.68,grid,-2.738,-1.032,-0.005402,-0.0,-1.159,-21.31,-3.4,1.034,0.0,-26.87,-24.71,2.046
C=CCc1cc(S(=O)(=O)c2ccc(O)c(CC=C)c2)ccc1O,BPA_CID833466__prepared_state_035,36,Done,,4.596,-6.4,grid,-6.459,-3.753,0.0,-0.0,-2.433,-16.48,-3.219,1.034,0.0,-26.52,-19.69,1.385
C=CCc1cc(S(=O)(=O)c2ccc(O)c(CC=C)c2)ccc1O,BPA_CID833466__prepared_state_035,36,Done,,4.596,-6.735,grid,-6.794,-4.18,0.0,-0.0,-2.461,-15.87,-2.623,1.034,0.0,-26.11,-18.49,0.5806
C=CCc1cc(S(=O)(=O)c2ccc(O)c(CC=C)c2)ccc1O,BPA_CID833466__prepared_state_035,36,Done,,4.596,-6.083,grid,-6.142,-3.631,0.0,-0.0,-2.315,-16.36,-2.741,1.034,0.0,-25.29,-19.1,1.909
C=CCc1cc(S(=O)(=O)c2ccc(O)c(CC=C)c2)ccc1O,BPA_CID833466__prepared_state_035,36,Done,,4.596,-6.994,grid,-7.053,-4.277,-0.2406,-0.0,-2.289,-11.42,-4.732,1.034,0.0,-23.59,-16.15,1.553
C=CCc1cc(S(=O)(=O)c2ccc(O)c(CC=C)c2)ccc1O,BPA_CID833466__prepared_state_035,36,Done,,4.596,-6.779,grid,-6.838,-4.287,-0.2352,-0.0,-2.319,-11.59,-3.012,1.034,0.0,-21.77,-14.6,1.602
C=CCOc1ccc(S(=O)(=O)c2ccc(O)cc2)cc1,BPA_CID2054598__prepared_state_036,37,Done,,4.974,-7.235,grid,-7.413,-3.88,-0.001075,-0.0,-2.447,-36.38,-2.309,1.081,0.0,-55.28,-38.69,1.233
C=CCOc1ccc(S(=O)(=O)c2ccc(O)cc2)cc1,BPA_CID2054598__prepared_state_036,37,Done,,4.974,-7.304,grid,-7.482,-3.725,-0.1976,-0.0,-2.551,-37.15,-1.541,1.081,0.0,-54.83,-38.7,2.469
C=CCOc1ccc(S(=O)(=O)c2ccc(O)cc2)cc1,BPA_CID2054598__prepared_state_036,37,Done,,4.974,-7.255,grid,-7.432,-3.686,-0.1961,-0.0,-2.549,-37.08,-1.517,1.081,0.0,-54.8,-38.6,2.106
C=CCOc1ccc(S(=O)(=O)c2ccc(O)cc2)cc1,BPA_CID2054598__prepared_state_036,37,Done,,4.974,-6.662,grid,-6.839,-3.915,-0.001018,-0.0,-1.793,-37.12,-2.362,1.081,0.0,-54.07,-39.49,2.585
C=CCOc1ccc(S(=O)(=O)c2ccc(O)cc2)cc1,BPA_CID2054598__prepared_state_036,37,Done,,4.974,-7.888,grid,-8.065,-3.421,-0.608,-0.0,-2.484,-26.93,-8.581,1.081,0.0,-51.95,-35.51,4.571
C=CCOc1ccc(S(=O)(=O)c2ccc(O)cc2)cc1,BPA_CID2054598__prepared_state_036,37,Done,,4.974,-7.244,grid,-7.421,-3.156,-0.608,-0.0,-2.275,-29.87,-6.464,1.081,0.0,-51.29,-36.34,4.553
C=CCOc1ccc(S(=O)(=O)c2ccc(O)cc2)cc1,BPA_CID2054598__prepared_state_036,37,Done,,4.974,-6.27,grid,-6.447,-3.931,-0.01504,-0.0,-1.806,-39.43,1.297,1.081,0.0,-50.15,-38.14,5.901
C=CCOc1ccc(S(=O)(=O)c2ccc(O)cc2)cc1,BPA_CID2054598__prepared_state_036,37,Done,,4.974,-6.297,grid,-6.474,-3.933,-0.01504,-0.0,-1.826,-39.4,1.26,1.081,0.0,-50.12,-38.14,6.099
C=CCOc1ccc(S(=O)(=O)c2ccc(O)cc2)cc1,BPA_CID2054598__prepared_state_036,37,Done,,4.974,-6.938,grid,-7.115,-4.056,-0.001026,-0.0,-2.558,-35.62,1.331,1.081,0.0,-49.95,-34.29,1.708
C=CCOc1ccc(S(=O)(=O)c2ccc(O)cc2)cc1,BPA_CID2054598__prepared_state_036,37,Done,,4.974,-6.483,grid,-6.66,-3.995,-0.02886,-0.0,-1.74,-36.08,-1.158,1.081,0.0,-49.75,-37.23,5.898
C=CCOc1ccc(S(=O)(=O)c2ccc(O)cc2)cc1,BPA_CID2054598__prepared_state_036,37,Done,,4.974,-6.715,grid,-6.893,-3.544,-0.21,-0.0,-2.356,-33.91,-1.125,1.081,0.0,-49.63,-35.03,2.805
C=CCOc1ccc(S(=O)(=O)c2ccc(O)cc2)cc1,BPA_CID2054598__prepared_state_036,37,Done,,4.974,-6.741,grid,-6.919,-3.549,-0.213,-0.0,-2.366,-34.0,-1.148,1.081,0.0,-49.62,-35.15,3.174
C=CCOc1ccc(S(=O)(=O)c2ccc(O)cc2)cc1,BPA_CID2054598__prepared_state_036,37,Done,,4.974,-7.135,grid,-7.312,-4.227,-0.01478,-0.0,-2.525,-33.72,0.393,1.081,0.0,-49.12,-33.32,2.367
C=CCOc1ccc(S(=O)(=O)c2ccc(O)cc2)cc1,BPA_CID2054598__prepared_state_036,37,Done,,4.974,-5.368,grid,-5.546,-3.807,-0.02703,-0.0,-0.6135,-36.86,-2.236,1.081,0.0,-47.97,-39.1,8.015
C=CCOc1ccc(S(=O)(=O)c2ccc(O)cc2)cc1,BPA_CID2054598__prepared_state_036,37,Done,,4.974,-5.512,grid,-5.689,-4.152,-0.001027,-0.0,-0.6842,-34.77,-1.296,1.081,0.0,-46.65,-36.07,5.241
C=CCOc1ccc(S(=O)(=O)c2ccc(O)cc2)cc1,BPA_CID2054598__prepared_state_036,37,Done,,4.974,-6.161,grid,-6.338,-4.06,-0.03889,-0.0,-1.484,-33.14,-1.197,1.081,0.0,-45.86,-34.34,6.382
C=CCOc1ccc(S(=O)(=O)c2ccc(O)cc2)cc1,BPA_CID2054598__prepared_state_036,37,Done,,4.974,-7.176,grid,-7.353,-4.246,-0.009793,-0.0,-2.614,-27.76,-1.179,1.081,0.0,-45.64,-28.94,0.7278
C=CCOc1ccc(S(=O)(=O)c2ccc(O)cc2)cc1,BPA_CID2054598__prepared_state_036,37,Done,,4.974,-6.268,grid,-6.445,-3.431,-0.01511,-0.0,-2.261,-32.43,-1.315,1.081,0.0,-45.35,-33.74,6.707
C=CCOc1ccc(S(=O)(=O)c2ccc(O)cc2)cc1,BPA_CID2054598__prepared_state_036,37,Done,,4.974,-6.33,grid,-6.508,-3.428,-0.01515,-0.0,-2.377,-31.69,-1.223,1.081,0.0,-44.9,-32.91,6.241
C=CCOc1ccc(S(=O)(=O)c2ccc(O)cc2)cc1,BPA_CID2054598__prepared_state_036,37,Done,,4.974,-6.976,grid,-7.153,-3.784,-0.2719,-0.0,-2.31,-31.4,-1.99,1.081,0.0,-44.79,-33.39,10.4
C=CCOc1ccc(S(=O)(=O)c2ccc([O-])cc2)cc1,BPA_CID2054598__prepared_state_037,38,Done,,3.781,-6.367,grid,-7.168,-3.801,-0.02145,-0.0,-2.588,-38.09,0.3959,1.087,0.0,-57.11,-37.69,2.744
C=CCOc1ccc(S(=O)(=O)c2ccc([O-])cc2)cc1,BPA_CID2054598__prepared_state_037,38,Done,,3.781,-6.436,grid,-7.237,-3.843,-0.007787,-0.0,-2.525,-34.13,-1.613,1.087,0.0,-55.81,-35.74,1.847
C=CCOc1ccc(S(=O)(=O)c2ccc([O-])cc2)cc1,BPA_CID2054598__prepared_state_037,38,Done,,3.781,-6.421,grid,-7.222,-4.045,-0.001273,-0.0,-2.562,-34.94,0.3067,1.087,0.0,-54.93,-34.63,1.297
C=CCOc1ccc(S(=O)(=O)c2ccc([O-])cc2)cc1,BPA_CID2054598__prepared_state_037,38,Done,,3.781,-5.907,grid,-6.708,-4.035,-0.05459,-0.0,-1.625,-36.47,-1.719,1.087,0.0,-54.91,-38.19,5.472
C=CCOc1ccc(S(=O)(=O)c2ccc([O-])cc2)cc1,BPA_CID2054598__prepared_state_037,38,Done,,3.781,-6.325,grid,-7.126,-3.763,-0.296,-0.0,-2.312,-34.68,-0.7261,1.087,0.0,-52.51,-35.4,7.116
C=CCOc1ccc(S(=O)(=O)c2ccc([O-])cc2)cc1,BPA_CID2054598__prepared_state_037,38,Done,,3.781,-5.79,grid,-6.591,-3.807,-0.02056,-0.0,-2.235,-37.35,1.677,1.087,0.0,-51.96,-35.68,5.656
C=CCOc1ccc(S(=O)(=O)c2ccc([O-])cc2)cc1,BPA_CID2054598__prepared_state_037,38,Done,,3.781,-5.722,grid,-6.523,-3.578,-0.02185,-0.0,-2.384,-35.25,0.9099,1.087,0.0,-51.77,-34.34,2.982
C=CCOc1ccc(S(=O)(=O)c2ccc([O-])cc2)cc1,BPA_CID2054598__prepared_state_037,38,Done,,3.781,-5.372,grid,-6.173,-4.082,-0.06432,-0.0,-1.429,-33.3,-0.1283,1.087,0.0,-49.58,-33.43,3.507
C=CCOc1ccc(S(=O)(=O)c2ccc([O-])cc2)cc1,BPA_CID2054598__prepared_state_037,38,Done,,3.781,-5.951,grid,-6.752,-4.144,-0.001275,-0.0,-2.105,-30.77,-0.3396,1.087,0.0,-49.47,-31.1,2.44
C=CCOc1ccc(S(=O)(=O)c2ccc([O-])cc2)cc1,BPA_CID2054598__prepared_state_037,38,Done,,3.781,-5.487,grid,-6.288,-3.38,-9.984e-05,-0.0,-2.06,-31.53,-2.392,1.087,0.0,-49.11,-33.92,6.08
C=CCOc1ccc(S(=O)(=O)c2ccc([O-])cc2)cc1,BPA_CID2054598__prepared_state_037,38,Done,,3.781,-4.722,grid,-5.523,-3.934,-0.001291,-0.0,-0.7935,-35.18,-0.816,1.087,0.0,-48.99,-36.0,6.046
C=CCOc1ccc(S(=O)(=O)c2ccc([O-])cc2)cc1,BPA_CID2054598__prepared_state_037,38,Done,,3.781,-6.352,grid,-7.153,-4.188,-0.001279,-0.0,-2.528,-27.67,-0.9335,1.087,0.0,-48.63,-28.61,1.445
C=CCOc1ccc(S(=O)(=O)c2ccc([O-])cc2)cc1,BPA_CID2054598__prepared_state_037,38,Done,,3.781,-5.255,grid,-6.056,-3.452,-0.02182,-0.0,-2.022,-33.21,0.09203,1.087,0.0,-47.94,-33.12,5.488
C=CCOc1ccc(S(=O)(=O)c2ccc([O-])cc2)cc1,BPA_CID2054598__prepared_state_037,38,Done,,3.781,-6.182,grid,-6.983,-4.036,0.0,-0.0,-2.687,-29.23,0.7614,1.087,0.0,-47.91,-28.47,1.624
C=CCOc1ccc(S(=O)(=O)c2ccc([O-])cc2)cc1,BPA_CID2054598__prepared_state_037,38,Done,,3.781,-6.04,grid,-6.841,-3.581,-0.16,-0.0,-2.522,-27.47,-1.944,1.087,0.0,-47.89,-29.41,2.73
C=CCOc1ccc(S(=O)(=O)c2ccc([O-])cc2)cc1,BPA_CID2054598__prepared_state_037,38,Done,,3.781,-6.259,grid,-7.06,-4.264,-0.01165,-0.0,-2.525,-27.56,0.2045,1.087,0.0,-47.42,-27.36,0.8229
C=CCOc1ccc(S(=O)(=O)c2ccc([O-])cc2)cc1,BPA_CID2054598__prepared_state_037,38,Done,,3.781,-5.405,grid,-6.206,-3.114,-0.009886,-0.0,-2.455,-32.26,-0.6742,1.087,0.0,-47.07,-32.93,7.718
C=CCOc1ccc(S(=O)(=O)c2ccc([O-])cc2)cc1,BPA_CID2054598__prepared_state_037,38,Done,,3.781,-6.117,grid,-6.918,-4.081,-0.051,-0.0,-2.35,-27.42,-1.01,1.087,0.0,-45.36,-28.43,6.26
C=CCOc1ccc(S(=O)(=O)c2ccc([O-])cc2)cc1,BPA_CID2054598__prepared_state_037,38,Done,,3.781,-5.045,grid,-5.846,-2.886,-0.01478,-0.0,-2.555,-29.39,-0.05664,1.087,0.0,-45.23,-29.45,2.346
C=CCOc1ccc(S(=O)(=O)c2ccc([O-])cc2)cc1,BPA_CID2054598__prepared_state_037,38,Done,,3.781,-5.763,grid,-6.564,-4.143,-0.01882,-0.0,-2.167,-30.05,1.198,1.087,0.0,-44.96,-28.85,5.864
Oc1ccc(SCCOCOCCSc2ccc(O)cc2)cc1,BPA_CID3086375__prepared_state_038,39,Done,,10.37,-8.349,grid,-8.355,-4.471,-0.608,-0.0,-2.021,-37.71,-6.037,1.536,0.0,-67.62,-43.75,9.718
Oc1ccc(SCCOCOCCSc2ccc(O)cc2)cc1,BPA_CID3086375__prepared_state_038,39,Done,,10.37,-8.247,grid,-8.253,-4.488,-0.608,-0.0,-1.919,-36.16,-6.449,1.536,0.0,-64.25,-42.6,13.49
Oc1ccc(SCCOCOCCSc2ccc(O)cc2)cc1,BPA_CID3086375__prepared_state_038,39,Done,,10.37,-8.345,grid,-8.352,-4.506,-0.608,-0.0,-2.142,-30.68,-7.318,1.536,0.0,-64.18,-37.99,5.079
Oc1ccc(SCCOCOCCSc2ccc(O)cc2)cc1,BPA_CID3086375__prepared_state_038,39,Done,,10.37,-8.235,grid,-8.241,-4.714,-0.4748,-0.0,-2.003,-35.55,-5.392,1.536,0.0,-64.0,-40.94,10.58
Oc1ccc(SCCOCOCCSc2ccc(O)cc2)cc1,BPA_CID3086375__prepared_state_038,39,Done,,10.37,-7.144,grid,-7.15,-5.063,-0.06736,-0.0,-1.731,-34.26,-0.7437,1.536,0.0,-55.9,-35.01,7.397
Oc1ccc(SCCOCOCCSc2ccc(O)cc2)cc1,BPA_CID3086375__prepared_state_038,39,Done,,10.37,-7.619,grid,-7.625,-4.334,-0.4136,-0.0,-2.234,-27.3,-5.431,1.536,0.0,-54.98,-32.74,7.967
Oc1ccc(SCCOCOCCSc2ccc(O)cc2)cc1,BPA_CID3086375__prepared_state_038,39,Done,,10.37,-6.727,grid,-6.734,-4.795,-0.06902,-0.0,-1.945,-35.76,2.183,1.536,0.0,-47.46,-33.58,18.56
Oc1ccc(SCCOCOCCSc2ccc(O)cc2)cc1,BPA_CID3086375__prepared_state_038,39,Done,,10.37,-6.967,grid,-6.973,-3.959,-0.4611,-0.0,-2.156,-18.64,-6.678,1.536,0.0,-45.94,-25.32,6.724
Oc1ccc(SCCOCOCCSc2ccc(O)cc2)cc1,BPA_CID3086375__prepared_state_038,39,Done,,10.37,-7.337,grid,-7.344,-4.72,-0.32,-0.0,-2.037,-18.38,-5.889,1.536,0.0,-44.79,-24.27,9.472
Oc1ccc(SCCOCOCCSc2ccc(O)cc2)cc1,BPA_CID3086375__prepared_state_038,39,Done,,10.37,-6.738,grid,-6.744,-3.955,-0.5812,-0.0,-1.82,-12.02,-8.825,1.536,0.0,-40.67,-20.84,6.731
Oc1ccc(SCCOCOCCSc2ccc(O)cc2)cc1,BPA_CID3086375__prepared_state_038,39,Done,,10.37,-6.796,grid,-6.802,-3.685,-0.7013,-0.0,-1.989,-15.69,-7.864,1.536,0.0,-40.63,-23.55,12.63
Oc1ccc(SCCOCOCCSc2ccc(O)cc2)cc1,BPA_CID3086375__prepared_state_038,39,Done,,10.37,-6.452,grid,-6.459,-4.278,-0.5909,-0.0,-1.94,-7.355,-5.45,1.536,0.0,-30.31,-12.81,9.427
Oc1ccc(SCCOCOCCSc2ccc(O)cc2)cc1,BPA_CID3086375__prepared_state_038,39,Done,,10.37,-4.892,grid,-4.898,-2.664,-0.5287,-0.0,-1.488,-16.97,-6.028,1.536,0.0,-28.73,-23.0,22.22
Oc1ccc(SCCOCOCCSc2ccc(O)cc2)cc1,BPA_CID3086375__prepared_state_038,39,Done,,10.37,-6.502,grid,-6.508,-4.061,-0.4848,-0.0,-2.07,2.807,-10.46,1.536,0.0,-26.57,-7.65,6.922
Oc1ccc(SCCOCOCCSc2ccc(O)cc2)cc1,BPA_CID3086375__prepared_state_038,39,Done,,10.37,-5.451,grid,-5.457,-4.31,-0.2892,-0.0,-1.877,-5.167,-1.727,1.536,0.0,-20.41,-6.894,10.51
Cc1ccc(S(=O)(=O)[N-]C(=O)Nc2ccc(Cc3ccc(NC(=O)[N-]S(=O)(=O)c4ccc(C)cc4)cc3)cc2)cc1,BPA_CID3596056__prepared_state_039,40,Done,,5.681,-1.72,grid,-1.721,-1.62,-0.32,-0.0,2.123,-33.89,-4.074,0.4282,-0.02642,-36.58,-37.96,9.022
Cc1ccc(S(=O)(=O)[N-]C(=O)Nc2ccc(Cc3ccc(NC(=O)[N-]S(=O)(=O)c4ccc(C)cc4)cc3)cc2)cc1,BPA_CID3596056__prepared_state_039,40,Done,,5.681,-0.5709,grid,-0.5718,-1.093,0.0,-0.0,2.67,-28.39,-8.504,0.6117,-0.06507,-33.12,-36.9,9.632
Cc1ccc(S(=O)(=O)[N-]C(=O)Nc2ccc(Cc3ccc(NC(=O)[N-]S(=O)(=O)c4ccc(C)cc4)cc3)cc2)cc1,BPA_CID3596056__prepared_state_039,40,Done,,5.681,-0.7844,grid,-0.7852,-0.6348,-0.1359,-0.0,0.4012,-27.41,2.431,0.6117,-0.02153,-21.27,-24.98,10.29
Cc1ccc(S(=O)(=O)[N-]C(=O)Nc2ccc(Cc3ccc(NC(=O)[N-]S(=O)(=O)c4ccc(C)cc4)cc3)cc2)cc1,BPA_CID3596056__prepared_state_039,40,Done,,5.681,1.701,grid,1.7,-0.3444,0.0,-0.0,2.213,-25.05,3.294,0.6117,-0.02151,-13.38,-21.76,10.56
Cc1ccc(S(=O)(=O)[N-]C(=O)Nc2ccc(Cc3ccc(NC(=O)[N-]S(=O)(=O)c4ccc(C)cc4)cc3)cc2)cc1,BPA_CID3596056__prepared_state_039,40,Done,,5.681,0.2633,grid,0.2625,-0.5659,0.0,-0.0,1.251,-20.81,0.5146,0.6117,-0.0706,-12.03,-20.3,15.59
Cc1ccc(S(=O)(=O)[N-]C(=O)Nc2ccc(Cc3ccc(NC(=O)[N-]S(=O)(=O)c4ccc(C)cc4)cc3)cc2)cc1,BPA_CID3596056__prepared_state_039,40,Done,,5.681,1.321,grid,1.32,0.0,-0.1546,-0.0,2.038,-15.63,-2.528,0.6117,-0.01385,-10.32,-18.16,10.87
CC(C)(c1ccc(OP(=O)(Oc2ccccc2)Oc2ccccc2)cc1)c1ccc(OP(=O)(Oc2ccccc2)Oc2ccccc2)cc1,BPA_CID9874825__prepared_state_040,41,Done,,14.47,-4.024,grid,-4.024,-1.991,0.0,-0.0,0.0,-46.89,0.2536,0.2743,0.0,-52.1,-46.64,6.242
CC(C)(c1ccc(OP(=O)(Oc2ccccc2)Oc2ccccc2)cc1)c1ccc(OP(=O)(Oc2ccccc2)Oc2ccccc2)cc1,BPA_CID9874825__prepared_state_040,41,Done,,14.47,-4.362,grid,-4.362,-2.302,0.0,-0.0,0.0,-46.08,-0.2035,0.2743,0.0,-49.57,-46.28,12.04
CC(C)(c1ccc(OP(=O)(Oc2ccccc2)Oc2ccccc2)cc1)c1ccc(OP(=O)(Oc2ccccc2)Oc2ccccc2)cc1,BPA_CID9874825__prepared_state_040,41,Done,,14.47,-3.828,grid,-3.828,-2.009,0.0,-0.0,0.0,-42.37,0.1843,0.2743,-0.001422,-46.21,-42.19,8.281
CC(C)(c1ccc(OP(=O)(Oc2ccccc2)Oc2ccccc2)cc1)c1ccc(OP(=O)(Oc2ccccc2)Oc2ccccc2)cc1,BPA_CID9874825__prepared_state_040,41,Done,,14.47,-4.319,grid,-4.319,-2.114,-0.248,-0.0,0.0,-38.15,-2.158,0.2743,0.0,-45.5,-40.31,8.049
CC(C)(c1ccc(OP(=O)(Oc2ccccc2)Oc2ccccc2)cc1)c1ccc(OP(=O)(Oc2ccccc2)Oc2ccccc2)cc1,BPA_CID9874825__prepared_state_040,41,Done,,14.47,-2.421,grid,-2.421,-0.6354,0.0,-0.0,0.0,-37.91,-1.098,0.2743,0.0,-40.33,-39.0,7.672
CC(C)(c1ccc(OP(=O)(Oc2ccccc2)Oc2ccccc2)cc1)c1ccc(OP(=O)(Oc2ccccc2)Oc2ccccc2)cc1,BPA_CID9874825__prepared_state_040,41,Done,,14.47,-2.883,grid,-2.883,-1.345,0.0,-0.0,0.0,-35.71,-0.1255,0.2743,-0.007455,-38.37,-35.83,7.225
CC(C)(c1ccc(OP(=O)(Oc2ccccc2)Oc2ccccc2)cc1)c1ccc(OP(=O)(Oc2ccccc2)Oc2ccccc2)cc1,BPA_CID9874825__prepared_state_040,41,Done,,14.47,-2.542,grid,-2.542,-1.131,0.0,-0.0,0.0,-33.31,-0.05368,0.2743,-0.01156,-34.99,-33.37,7.586
CC(C)(c1ccc(OP(=O)(Oc2ccccc2)Oc2ccccc2)cc1)c1ccc(OP(=O)(Oc2ccccc2)Oc2ccccc2)cc1,BPA_CID9874825__prepared_state_040,41,Done,,14.47,-1.872,grid,-1.872,-0.761,0.0,-0.0,0.0,-27.18,-0.178,0.2743,-9.228e-06,-27.62,-27.36,7.462
CC(C)(c1ccc(OP(=O)(Oc2ccccc2)Oc2ccccc2)cc1)c1ccc(OP(=O)(Oc2ccccc2)Oc2ccccc2)cc1,BPA_CID9874825__prepared_state_040,41,Done,,14.47,-2.077,grid,-2.077,-0.902,0.0,-0.0,0.0,-24.16,-1.609,0.2743,0.0,-27.05,-25.77,6.296
CC(C)(c1ccc(OP(=O)(Oc2ccccc2)Oc2ccccc2)cc1)c1ccc(OP(=O)(Oc2ccccc2)Oc2ccccc2)cc1,BPA_CID9874825__prepared_state_040,41,Done,,14.47,-1.016,grid,-1.016,-0.2643,0.0,-0.0,0.0,-22.64,0.7683,0.2743,-0.009227,-17.71,-21.87,12.65
CC(C)Oc1ccc(S(=O)(=O)c2ccc(O)cc2)cc1,BPA_CID9904141__prepared_state_041,42,Done,,3.525,-7.476,grid,-7.654,-3.149,-0.5892,-0.0,-1.619,-33.02,-8.575,0.6408,0.0,-53.06,-41.6,6.837
CC(C)Oc1ccc(S(=O)(=O)c2ccc(O)cc2)cc1,BPA_CID9904141__prepared_state_041,42,Done,,3.525,-6.762,grid,-6.939,-2.943,-0.608,-0.0,-0.9972,-34.76,-8.626,0.6408,0.0,-51.43,-43.38,10.9
CC(C)Oc1ccc(S(=O)(=O)c2ccc(O)cc2)cc1,BPA_CID9904141__prepared_state_041,42,Done,,3.525,-7.442,grid,-7.619,-3.234,-0.608,-0.0,-1.489,-30.43,-9.386,0.6408,0.0,-49.95,-39.81,9.359
CC(C)Oc1ccc(S(=O)(=O)c2ccc(O)cc2)cc1,BPA_CID9904141__prepared_state_041,42,Done,,3.525,-6.96,grid,-7.138,-3.493,-0.1698,-0.0,-2.213,-33.53,-1.511,0.6408,0.0,-48.06,-35.04,1.718
CC(C)Oc1ccc(S(=O)(=O)c2ccc(O)cc2)cc1,BPA_CID9904141__prepared_state_041,42,Done,,3.525,-6.288,grid,-6.465,-3.44,-0.608,-0.0,-0.3509,-31.43,-7.567,0.6408,0.0,-47.67,-39.0,7.798
CC(C)Oc1ccc(S(=O)(=O)c2ccc(O)cc2)cc1,BPA_CID9904141__prepared_state_041,42,Done,,3.525,-6.624,grid,-6.801,-3.876,-0.002985,-0.0,-1.561,-36.02,-1.338,0.6408,0.0,-47.0,-37.36,7.166
CC(C)Oc1ccc(S(=O)(=O)c2ccc(O)cc2)cc1,BPA_CID9904141__prepared_state_041,42,Done,,3.525,-5.519,grid,-5.697,-3.965,-0.001213,-0.0,-0.2814,-38.63,-1.053,0.6408,0.0,-46.88,-39.68,7.761
CC(C)Oc1ccc(S(=O)(=O)c2ccc(O)cc2)cc1,BPA_CID9904141__prepared_state_041,42,Done,,3.525,-7.033,grid,-7.211,-4.02,-0.005927,-0.0,-2.308,-33.0,0.8808,0.6408,0.0,-45.69,-32.12,0.9103
CC(C)Oc1ccc(S(=O)(=O)c2ccc(O)cc2)cc1,BPA_CID9904141__prepared_state_041,42,Done,,3.525,-6.113,grid,-6.29,-3.346,-0.608,-0.0,-0.4637,-28.11,-7.384,0.6408,0.0,-44.38,-35.49,6.676
CC(C)Oc1ccc(S(=O)(=O)c2ccc(O)cc2)cc1,BPA_CID9904141__prepared_state_041,42,Done,,3.525,-6.911,grid,-7.089,-3.421,-0.4401,-0.0,-1.449,-25.89,-7.501,0.6408,0.0,-44.18,-33.39,6.004
CC(C)Oc1ccc(S(=O)(=O)c2ccc(O)cc2)cc1,BPA_CID9904141__prepared_state_041,42,Done,,3.525,-6.679,grid,-6.856,-3.485,-0.008223,-0.0,-2.471,-35.88,1.745,0.6408,0.0,-44.14,-34.13,6.651
CC(C)Oc1ccc(S(=O)(=O)c2ccc(O)cc2)cc1,BPA_CID9904141__prepared_state_041,42,Done,,3.525,-6.423,grid,-6.6,-3.318,-0.03913,-0.0,-2.107,-35.83,0.09796,0.6408,0.0,-44.13,-35.74,8.875
CC(C)Oc1ccc(S(=O)(=O)c2ccc(O)cc2)cc1,BPA_CID9904141__prepared_state_041,42,Done,,3.525,-7.646,grid,-7.823,-2.999,-0.608,-0.0,-2.524,-26.75,-6.64,0.6408,0.0,-44.01,-33.39,9.186
CC(C)Oc1ccc(S(=O)(=O)c2ccc(O)cc2)cc1,BPA_CID9904141__prepared_state_041,42,Done,,3.525,-6.258,grid,-6.435,-3.464,-0.2084,-0.0,-1.651,-35.55,0.1682,0.6408,0.0,-43.78,-35.38,8.235
CC(C)Oc1ccc(S(=O)(=O)c2ccc(O)cc2)cc1,BPA_CID9904141__prepared_state_041,42,Done,,3.525,-5.545,grid,-5.722,-4.214,-0.01962,-0.0,-0.3333,-36.28,0.1204,0.6408,0.0,-42.94,-36.16,8.7
CC(C)Oc1ccc(S(=O)(=O)c2ccc(O)cc2)cc1,BPA_CID9904141__prepared_state_041,42,Done,,3.525,-6.336,grid,-6.513,-3.378,0.0,-0.0,-2.103,-34.72,0.4186,0.6408,0.0,-42.59,-34.3,8.749
CC(C)Oc1ccc(S(=O)(=O)c2ccc(O)cc2)cc1,BPA_CID9904141__prepared_state_041,42,Done,,3.525,-7.554,grid,-7.731,-2.995,-0.608,-0.0,-2.514,-24.83,-6.755,0.6408,0.0,-41.7,-31.59,9.85
CC(C)Oc1ccc(S(=O)(=O)c2ccc(O)cc2)cc1,BPA_CID9904141__prepared_state_041,42,Done,,3.525,-7.209,grid,-7.386,-4.142,-0.03936,-0.0,-2.44,-26.38,-0.5832,0.6408,0.0,-41.13,-26.96,0.4046
CC(C)Oc1ccc(S(=O)(=O)c2ccc(O)cc2)cc1,BPA_CID9904141__prepared_state_041,42,Done,,3.525,-4.944,grid,-5.122,-3.475,-0.007306,-0.0,-0.7234,-36.91,1.925,0.6408,0.0,-41.05,-34.98,7.782
CC(C)Oc1ccc(S(=O)(=O)c2ccc(O)cc2)cc1,BPA_CID9904141__prepared_state_041,42,Done,,3.525,-5.617,grid,-5.794,-3.853,-0.1529,-0.0,-0.569,-32.18,-1.678,0.6408,0.0,-40.94,-33.86,8.38
CC(C)Oc1ccc(S(=O)(=O)c2ccc([O-])cc2)cc1,BPA_CID9904141__prepared_state_042,43,Done,,3.04,-5.964,grid,-6.765,-3.655,-0.001273,-0.0,-2.012,-31.44,-1.136,0.6446,0.0,-49.56,-32.57,1.803
CC(C)Oc1ccc(S(=O)(=O)c2ccc([O-])cc2)cc1,BPA_CID9904141__prepared_state_042,43,Done,,3.04,-5.833,grid,-6.634,-3.358,-0.05593,-0.0,-2.073,-36.3,0.1496,0.6446,0.0,-49.29,-36.15,8.804
CC(C)Oc1ccc(S(=O)(=O)c2ccc([O-])cc2)cc1,BPA_CID9904141__prepared_state_042,43,Done,,3.04,-6.363,grid,-7.164,-4.031,-0.001277,-0.0,-2.295,-29.98,0.1123,0.6446,0.0,-48.22,-29.87,1.189
CC(C)Oc1ccc(S(=O)(=O)c2ccc([O-])cc2)cc1,BPA_CID9904141__prepared_state_042,43,Done,,3.04,-4.983,grid,-5.784,-4.12,-0.001358,-0.0,-0.3607,-37.81,-0.3691,0.6446,0.0,-47.86,-38.18,11.24
CC(C)Oc1ccc(S(=O)(=O)c2ccc([O-])cc2)cc1,BPA_CID9904141__prepared_state_042,43,Done,,3.04,-5.352,grid,-6.153,-4.115,-0.01882,-0.0,-0.9946,-38.9,1.836,0.6446,0.0,-47.14,-37.06,12.39
CC(C)Oc1ccc(S(=O)(=O)c2ccc([O-])cc2)cc1,BPA_CID9904141__prepared_state_042,43,Done,,3.04,-6.034,grid,-6.834,-3.636,-0.0188,-0.0,-2.462,-31.77,1.509,0.6446,0.0,-46.69,-30.27,3.302
CC(C)Oc1ccc(S(=O)(=O)c2ccc([O-])cc2)cc1,BPA_CID9904141__prepared_state_042,43,Done,,3.04,-6.03,grid,-6.831,-3.534,-0.004879,-0.0,-2.411,-29.63,-0.298,0.6446,0.0,-46.47,-29.92,3.045
CC(C)Oc1ccc(S(=O)(=O)c2ccc([O-])cc2)cc1,BPA_CID9904141__prepared_state_042,43,Done,,3.04,-4.526,grid,-5.327,-3.595,-0.01954,-0.0,-0.777,-37.74,2.046,0.6446,0.0,-46.05,-35.7,7.478
CC(C)Oc1ccc(S(=O)(=O)c2ccc([O-])cc2)cc1,BPA_CID9904141__prepared_state_042,43,Done,,3.04,-6.457,grid,-7.258,-4.151,-0.05275,-0.0,-2.381,-27.12,0.2538,0.6446,0.0,-45.91,-26.86,0.2853
CC(C)Oc1ccc(S(=O)(=O)c2ccc([O-])cc2)cc1,BPA_CID9904141__prepared_state_042,43,Done,,3.04,-3.799,grid,-4.6,-3.274,-0.02185,-0.0,-0.3153,-35.42,0.9231,0.6446,0.0,-44.03,-34.5,5.267
CC(C)Oc1ccc(S(=O)(=O)c2ccc([O-])cc2)cc1,BPA_CID9904141__prepared_state_042,43,Done,,3.04,-5.544,grid,-6.345,-4.098,-0.001277,-0.0,-1.435,-27.56,-0.5153,0.6446,0.0,-44.0,-28.07,1.701
CC(C)Oc1ccc(S(=O)(=O)c2ccc([O-])cc2)cc1,BPA_CID9904141__prepared_state_042,43,Done,,3.04,-4.463,grid,-5.264,-3.412,-0.0212,-0.0,-1.004,-34.68,1.754,0.6446,0.0,-42.98,-32.93,7.736
CC(C)Oc1ccc(S(=O)(=O)c2ccc([O-])cc2)cc1,BPA_CID9904141__prepared_state_042,43,Done,,3.04,-4.711,grid,-5.512,-4.077,-0.009733,-0.0,-0.6236,-32.85,1.304,0.6446,0.0,-42.1,-31.54,8.039
CC(C)Oc1ccc(S(=O)(=O)c2ccc([O-])cc2)cc1,BPA_CID9904141__prepared_state_042,43,Done,,3.04,-5.801,grid,-6.602,-3.061,-0.16,-0.0,-2.35,-24.94,-2.859,0.6446,0.0,-41.12,-27.8,8.277
CC(C)Oc1ccc(S(=O)(=O)c2ccc([O-])cc2)cc1,BPA_CID9904141__prepared_state_042,43,Done,,3.04,-4.158,grid,-4.959,-3.321,-0.16,-0.0,-0.3922,-28.19,-2.137,0.6446,0.0,-39.63,-30.32,7.612
CC(C)Oc1ccc(S(=O)(=O)c2ccc([O-])cc2)cc1,BPA_CID9904141__prepared_state_042,43,Done,,3.04,-6.114,grid,-6.915,-3.821,-0.00628,-0.0,-2.501,-19.8,-1.606,0.6446,0.0,-38.77,-21.41,1.838
CC(C)Oc1ccc(S(=O)(=O)c2ccc([O-])cc2)cc1,BPA_CID9904141__prepared_state_042,43,Done,,3.04,-6.154,grid,-6.955,-4.179,0.0,-0.0,-2.503,-21.53,1.058,0.6446,0.0,-38.71,-20.47,0.3253
CC(C)Oc1ccc(S(=O)(=O)c2ccc([O-])cc2)cc1,BPA_CID9904141__prepared_state_042,43,Done,,3.04,-4.722,grid,-5.523,-4.147,-0.01231,-0.0,-0.7488,-28.26,1.022,0.6446,0.0,-38.29,-27.24,7.097
CC(C)Oc1ccc(S(=O)(=O)c2ccc([O-])cc2)cc1,BPA_CID9904141__prepared_state_042,43,Done,,3.04,-4.412,grid,-5.213,-4.091,-0.002716,-0.0,-0.2197,-26.33,-1.521,0.6446,0.0,-37.58,-27.85,8.122
CC(C)Oc1ccc(S(=O)(=O)c2ccc([O-])cc2)cc1,BPA_CID9904141__prepared_state_042,43,Done,,3.04,-3.73,grid,-4.531,-3.517,-0.02191,-0.0,-0.3207,-31.25,1.639,0.6446,0.0,-36.36,-29.61,10.47
CC(C)(c1ccc(O)c(-c2ccccc2)c1)c1ccc(O)c(-c2ccccc2)c1,BPA_CID13059052__prepared_state_043,44,Done,,4.25,-3.614,grid,-3.617,-1.965,0.0,-0.0,-0.8148,-26.1,-0.458,0.536,0.0,-31.53,-26.56,1.217
CC(C)(c1ccc(O)c(-c2ccccc2)c1)c1ccc(O)c(-c2ccccc2)c1,BPA_CID13059052__prepared_state_043,44,Done,,4.25,-2.487,grid,-2.491,-0.8537,0.0,-0.0,-0.8148,-25.16,-0.6676,0.536,0.0,-27.9,-25.83,3.531
CC(C)(c1ccc(O)c(-c2ccccc2)c1)c1ccc(O)c(-c2ccccc2)c1,BPA_CID13059052__prepared_state_043,44,Done,,4.25,-2.636,grid,-2.64,-0.3486,-0.4128,-0.0,-0.8148,-19.65,-4.115,0.536,0.0,-26.81,-23.77,2.055
CC(C)(c1ccc(O)c(-c2ccccc2)c1)c1ccc(O)c(-c2ccccc2)c1,BPA_CID13059052__prepared_state_043,44,Done,,4.25,-2.466,grid,-2.47,-1.075,0.0,-0.0,-0.8148,-23.53,0.4014,0.536,0.0,-26.22,-23.13,1.432
CC(C)(c1ccc(O)c(-c2ccccc2)c1)c1ccc(O)c(-c2ccccc2)c1,BPA_CID13059052__prepared_state_043,44,Done,,4.25,-2.378,grid,-2.381,-0.9171,0.0,-0.0,-0.8148,-22.82,-0.2964,0.536,0.0,-25.54,-23.12,2.496
CC(C)(c1ccc(O)c(-c2ccccc2)c1)c1ccc(O)c(-c2ccccc2)c1,BPA_CID13059052__prepared_state_043,44,Done,,4.25,-2.109,grid,-2.112,-0.5971,0.0,-0.0,-0.8148,-22.29,-0.8129,0.536,0.0,-24.92,-23.1,2.873
CC(C)(c1ccc(O)c(-c2ccccc2)c1)c1ccc(O)c(-c2ccccc2)c1,BPA_CID13059052__prepared_state_043,44,Done,,4.25,-2.01,grid,-2.014,-0.4602,0.0,-0.0,-0.8148,-21.58,-1.308,0.536,0.0,-24.14,-22.89,3.695
CC(C)(c1ccc(O)c(-c2ccccc2)c1)c1ccc(O)c(-c2ccccc2)c1,BPA_CID13059052__prepared_state_043,44,Done,,4.25,-2.359,grid,-2.362,-0.7202,-0.1051,-0.0,-0.8148,-21.23,-1.31,0.536,0.0,-23.84,-22.54,4.682
CC(C)(c1ccc(O)c(-c2ccccc2)c1)c1ccc(O)c(-c2ccccc2)c1,BPA_CID13059052__prepared_state_043,44,Done,,4.25,-1.924,grid,-1.927,-0.3876,0.0,-0.0,-0.8148,-21.39,-1.277,0.536,0.0,-23.83,-22.66,3.604
CC(C)(c1ccc(O)c(-c2ccccc2)c1)c1ccc(O)c(-c2ccccc2)c1,BPA_CID13059052__prepared_state_043,44,Done,,4.25,-2.141,grid,-2.145,-0.8304,0.0,-0.0,-0.8148,-21.91,0.3979,0.536,0.0,-23.49,-21.51,2.647
CC(C)(c1ccc(O)c(-c2ccccc2)c1)c1ccc(O)c(-c2ccccc2)c1,BPA_CID13059052__prepared_state_043,44,Done,,4.25,-1.731,grid,-1.735,-0.2126,-0.06948,-0.0,-0.8148,-19.62,-1.286,0.536,0.0,-22.62,-20.91,1.924
CC(C)(c1ccc(O)c(-c2ccccc2)c1)c1ccc(O)c(-c2ccccc2)c1,BPA_CID13059052__prepared_state_043,44,Done,,4.25,-2.385,grid,-2.389,-0.9812,0.0,-0.0,-0.8148,-18.98,-1.197,0.536,0.0,-21.77,-20.18,4.189
CC(C)(c1ccc(O)c(-c2ccccc2)c1)c1ccc(O)c(-c2ccccc2)c1,BPA_CID13059052__prepared_state_043,44,Done,,4.25,-2.117,grid,-2.121,-0.7506,0.0,-0.0,-0.8148,-17.22,-1.534,0.536,0.0,-21.01,-18.76,2.024
CC(C)(c1ccc(O)c(-c2ccccc2)c1)c1ccc(O)c(-c2ccccc2)c1,BPA_CID13059052__prepared_state_043,44,Done,,4.25,-1.582,grid,-1.585,-0.2835,0.0,-0.0,-0.8148,-16.83,-1.209,0.536,0.0,-18.52,-18.04,3.924
CC(C)(c1ccc(O)c(-c2ccccc2)c1)c1ccc(O)c(-c2ccccc2)c1,BPA_CID13059052__prepared_state_043,44,Done,,4.25,-1.221,grid,-1.225,-0.1636,0.0,-0.0,-0.8148,-15.31,-0.1129,0.536,0.0,-16.32,-15.42,1.981
CC(C)(c1ccc(O)c(-c2ccccc2)c1)c1ccc(O)c(-c2ccccc2)c1,BPA_CID13059052__prepared_state_043,44,Done,,4.25,-1.354,grid,-1.358,-0.2739,0.0,-0.0,-0.8148,-15.23,-0.2935,0.536,0.0,-15.72,-15.52,3.793
CC(C)(c1ccc(O)c(-c2ccccc2)c1)c1ccc(O)c(-c2ccccc2)c1,BPA_CID13059052__prepared_state_043,44,Done,,4.25,-1.192,grid,-1.195,-0.1873,0.0,-0.0,-0.8148,-11.2,-1.131,0.536,0.0,-13.46,-12.33,1.411
CC(C)(c1ccc(O)c(-c2ccccc2)c1)c1ccc(O)c(-c2ccccc2)c1,BPA_CID13059052__prepared_state_043,44,Done,,4.25,-1.529,grid,-1.532,-0.01851,-0.32,-0.0,-0.8148,-5.524,-4.259,0.536,0.0,-11.78,-9.782,0.7278
Cc1ccc(S(=O)(=O)[N-]C(=O)Nc2cccc(OS(=O)(=O)c3ccc(C)cc3)c2)cc1,BPA_CID22035425__prepared_state_044,45,Done,,3.789,-2.177,grid,-2.178,-0.8787,0.0,-0.0,-0.6433,-28.74,0.1238,0.7623,0.0,-29.9,-28.62,5.119
Cc1ccc(S(=O)(=O)[N-]C(=O)Nc2cccc(OS(=O)(=O)c3ccc(C)cc3)c2)cc1,BPA_CID22035425__prepared_state_044,45,Done,,3.789,-0.7819,grid,-0.7828,-0.9857,0.0,-0.0,0.9545,-26.87,-0.962,0.7623,-0.02626,-28.13,-27.83,2.157
Cc1ccc(S(=O)(=O)[N-]C(=O)Nc2cccc(OS(=O)(=O)c3ccc(C)cc3)c2)cc1,BPA_CID22035425__prepared_state_044,45,Done,,3.789,-1.991,grid,-1.992,-0.8714,0.0,-0.0,-0.6265,-26.7,0.5246,0.7623,0.0,-27.94,-26.17,3.497
Cc1ccc(S(=O)(=O)[N-]C(=O)Nc2cccc(OS(=O)(=O)c3ccc(C)cc3)c2)cc1,BPA_CID22035425__prepared_state_044,45,Done,,3.789,-1.875,grid,-1.876,-0.8355,0.0,-0.0,-0.6974,-24.17,0.686,0.7623,0.0,-24.37,-23.48,4.835
Cc1ccc(S(=O)(=O)[N-]C(=O)Nc2cccc(OS(=O)(=O)c3ccc(C)cc3)c2)cc1,BPA_CID22035425__prepared_state_044,45,Done,,3.789,-0.7545,grid,-0.7554,-0.6946,0.0,-0.0,0.3777,-21.89,-0.7078,0.7623,0.0,-19.81,-22.6,8.254
Cc1ccc(S(=O)(=O)[N-]C(=O)Nc2cccc(OS(=O)(=O)c3ccc(C)cc3)c2)cc1,BPA_CID22035425__prepared_state_044,45,Done,,3.789,1.275,grid,1.274,-0.4823,0.0,-0.0,2.077,-25.45,1.266,0.7623,0.0,-16.71,-24.19,10.47
Cc1ccc(S(=O)(=O)[N-]C(=O)Nc2cccc(OS(=O)(=O)c3ccc(C)cc3)c2)cc1,BPA_CID22035425__prepared_state_044,45,Done,,3.789,0.01653,grid,0.01564,-1.001,0.0,-0.0,1.297,-19.3,-0.3876,0.7623,-0.01884,-14.51,-19.69,10.31
Cc1ccc(S(=O)(=O)[N-]C(=O)Nc2cccc(OS(=O)(=O)c3ccc(C)cc3)c2)cc1,BPA_CID22035425__prepared_state_044,45,Done,,3.789,1.585,grid,1.584,-0.1161,0.0,-0.0,1.79,-19.9,0.9506,0.7623,0.0,-10.51,-18.95,11.3
Cc1ccc(S(=O)(=O)[N-]C(=O)Nc2cccc(OS(=O)(=O)c3ccc(C)cc3)c2)cc1,BPA_CID22035425__prepared_state_044,45,Done,,3.789,-0.005848,grid,-0.006739,-0.009502,0.0,-0.0,0.1813,-11.57,-1.892,0.7623,-0.07869,-9.894,-13.46,7.152
Cc1ccc(S(=O)(=O)[N-]C(=O)Nc2cccc(OS(=O)(=O)c3ccc(C)cc3)c2)cc1,BPA_CID22035425__prepared_state_044,45,Done,,3.789,1.988,grid,1.987,-0.1993,0.0,-0.0,2.093,-17.3,1.32,0.7623,-0.002053,-9.877,-15.98,5.188
Cc1ccc(S(=O)(=O)[N-]C(=O)Nc2cccc(OS(=O)(=O)c3ccc(C)cc3)c2)cc1,BPA_CID22035425__prepared_state_044,45,Done,,3.789,2.408,grid,2.407,-0.1059,0.0,-0.0,2.477,-15.81,0.797,0.7623,-0.05537,-8.708,-15.01,4.118
Cc1ccc(S(=O)(=O)[N-]C(=O)Nc2cccc(OS(=O)(=O)c3ccc(C)cc3)c2)cc1,BPA_CID22035425__prepared_state_044,45,Done,,3.789,-2.539,grid,-2.54,-4.275,-0.07205,-0.0,1.306,-4.835,-0.1266,0.7623,0.0,-2.297,-4.962,14.29
C[C@]12CC[C@H]3[C@@H](CCC4=CC(=O)CC[C@@]43C)[C@@H]1CC[C@@H]2O,NATIVE_AR__prepared_state_000,46,Done,,2.883,-12.03,grid,-12.03,-4.927,-0.6576,-0.0,-2.696,-47.25,-9.248,0.0,0.0,-96.7,-56.5,0.4022
C[C@]12CC[C@H]3[C@@H](CCC4=CC(=O)CC[C@@]43C)[C@@H]1CC[C@@H]2O,NATIVE_AR__prepared_state_000,46,Done,,2.883,-10.53,grid,-10.53,-4.752,-0.3712,-0.0,-2.768,-36.92,-5.256,0.0,0.0,-77.51,-42.18,0.04515
C[C@]12CC[C@H]3[C@@H](CCC4=CC(=O)CC[C@@]43C)[C@@H]1CC[C@@H]2O,NATIVE_AR__prepared_state_000,46,Done,,2.883,-9.176,grid,-9.176,-4.291,0.0,-0.0,-2.782,-37.07,-1.673,0.0,0.0,-69.34,-38.74,0.4281
C[C@]12CC[C@H]3[C@@H](CCC4=CC(=O)CC[C@@]43C)[C@@H]1CC[C@@H]2O,NATIVE_AR__prepared_state_000,46,Done,,2.883,-9.229,grid,-9.229,-4.38,0.0,-0.0,-2.792,-36.89,-1.417,0.0,0.0,-69.29,-38.31,0.03046
C[C@]12CC[C@H]3[C@@H](CCC4=CC(=O)CC[C@@]43C)[C@@H]1CC[C@@H]2O,NATIVE_AR__prepared_state_000,46,Done,,2.883,-9.211,grid,-9.211,-4.411,-0.04053,-0.0,-2.765,-34.99,-1.634,0.0,0.0,-67.54,-36.63,0.04443
C[C@]12CC[C@H]3[C@@H](CCC4=CC(=O)CC[C@@]43C)[C@@H]1CC[C@@H]2O,NATIVE_AR__prepared_state_000,46,Done,,2.883,-9.103,grid,-9.103,-4.414,-0.01104,-0.0,-2.761,-35.38,-0.9856,0.0,0.0,-66.74,-36.37,0.3963
C[C@]12CC[C@H]3[C@@H](CCC4=CC(=O)CC[C@@]43C)[C@@H]1CC[C@@H]2O,NATIVE_AR__prepared_state_000,46,Done,,2.883,-8.989,grid,-8.989,-4.61,-0.16,-0.0,-2.557,-31.62,-0.5434,0.0,0.0,-62.19,-32.16,0.3167
C[C@]12CC[C@H]3[C@@H](CCC4=CC(=O)CC[C@@]43C)[C@@H]1CC[C@@H]2O,NATIVE_AR__prepared_state_000,46,Done,,2.883,-9.057,grid,-9.057,-4.689,-0.1081,-0.0,-2.605,-28.58,-1.5,0.0,0.0,-60.49,-30.09,0.01633
C[C@]12CC[C@H]3[C@@H](CCC4=CC(=O)CC[C@@]43C)[C@@H]1CC[C@@H]2O,NATIVE_AR__prepared_state_000,46,Done,,2.883,-8.816,grid,-8.816,-4.328,-0.32,-0.0,-2.342,-28.55,-2.515,0.0,-0.02072,-60.49,-31.06,0.3586
C[C@]12CC[C@H]3[C@@H](CCC4=CC(=O)CC[C@@]43C)[C@@H]1CC[C@@H]2O,NATIVE_AR__prepared_state_000,46,Done,,2.883,-8.739,grid,-8.739,-4.274,0.0,-0.0,-2.792,-29.32,-1.383,0.0,0.0,-60.04,-30.7,0.0296
C[C@]12CC[C@H]3[C@@H](CCC4=CC(=O)CC[C@@]43C)[C@@H]1CC[C@@H]2O,NATIVE_AR__prepared_state_000,46,Done,,2.883,-8.66,grid,-8.66,-4.38,-0.32,-0.0,-2.342,-30.01,-0.7612,0.0,-0.002456,-59.7,-30.77,0.3136
C[C@]12CC[C@H]3[C@@H](CCC4=CC(=O)CC[C@@]43C)[C@@H]1CC[C@@H]2O,NATIVE_AR__prepared_state_000,46,Done,,2.883,-8.643,grid,-8.643,-4.295,-0.32,-0.0,-2.342,-26.47,-2.212,0.0,-0.03016,-57.69,-28.68,0.02971
C[C@]12CC[C@H]3[C@@H](CCC4=CC(=O)CC[C@@]43C)[C@@H]1CC[C@@H]2O,NATIVE_AR__prepared_state_000,46,Done,,2.883,-8.46,grid,-8.46,-4.295,0.0,-0.0,-2.792,-26.4,-0.3456,0.0,0.0,-54.98,-26.75,0.3451
C[C@]12CC[C@H]3[C@@H](CCC4=CC(=O)CC[C@@]43C)[C@@H]1CC[C@@H]2O,NATIVE_AR__prepared_state_000,46,Done,,2.883,-8.033,grid,-8.033,-3.905,-0.3197,-0.0,-2.519,-20.62,-1.723,0.0,0.0,-49.32,-22.34,0.01033
C[C@]12CC[C@H]3[C@@H](CCC4=CC(=O)CC[C@@]43C)[C@@H]1CC[C@@H]2O,NATIVE_AR__prepared_state_000,46,Done,,2.883,-8.292,grid,-8.292,-4.595,0.0,-0.0,-2.792,-17.26,-0.2782,0.0,0.0,-45.22,-17.53,0.3172
C[C@]12CC[C@H]3[C@@H](CCC4=CC(=O)CC[C@@]43C)[C@@H]1CC[C@@H]2O,NATIVE_AR__prepared_state_000,46,Done,,2.883,-8.224,grid,-8.224,-4.597,0.0,-0.0,-2.792,-17.22,0.1773,0.0,0.0,-44.65,-17.04,0.02417
C[C@]12CC[C@H]3[C@@H](CCC4=CC(=O)CC[C@@]43C)[C@@H]1CC[C@@H]2O,NATIVE_AR__prepared_state_000,46,Done,,2.883,-8.1,grid,-8.1,-4.488,-0.1599,-0.0,-2.533,-14.65,-1.243,0.0,0.0,-42.93,-15.89,0.314
C[C@]12CC[C@H]3[C@@H](CCC4=CC(=O)CC[C@@]43C)[C@@H]1CC[C@@H]2O,NATIVE_AR__prepared_state_000,46,Done,,2.883,-7.818,grid,-7.818,-4.229,0.0,-0.0,-2.792,-15.32,-0.2032,0.0,0.0,-41.77,-15.52,0.02025
C[C@]12CC[C@H]3[C@@H](CCC4=CC(=O)CC[C@@]43C)[C@@H]1CC[C@@H]2O,NATIVE_AR__prepared_state_000,46,Done,,2.883,-7.73,grid,-7.73,-3.959,-0.3086,-0.0,-2.524,-14.06,-1.575,0.0,0.0,-41.43,-15.64,0.3517
C[C@]12CC[C@H]3[C@@H](CCC4=CC(=O)CC[C@@]43C)[C@@H]1CC[C@@H]2O,NATIVE_AR__prepared_state_000,46,Done,,2.883,-7.892,grid,-7.892,-4.401,-0.16,-0.0,-2.525,-13.07,-1.017,0.0,0.0,-40.43,-14.08,0.3154
