SMILES,title,i_i_glide_lignum,docking_status,message,r_glide_cpu_time,r_i_docking_score,s_i_glide_gridfile,r_i_glide_gscore,r_i_glide_lipo,r_i_glide_hbond,r_i_glide_metal,r_i_glide_rewards,r_i_glide_evdw,r_i_glide_ecoul,r_i_glide_erotb,r_i_glide_esite,r_i_glide_emodel,r_i_glide_energy,r_i_glide_einternal
CC(C)(c1ccc(OC[C@H]2CO2)cc1)c1ccc(OC[C@H]2CO2)cc1,BPA_CID2286__prepared_state_000,1,Done,,5.256,-5.496,grid,-5.496,-5.36,-0.03839,-0.0,-0.2661,-27.7,1.642,1.307,0.0,-24.75,-26.06,16.57
CC(C)(c1ccc(OC[C@H]2CO2)cc1)c1ccc(OC[C@H]2CO2)cc1,BPA_CID2286__prepared_state_000,1,Done,,5.256,-5.127,grid,-5.127,-5.366,0.0,-0.0,0.1204,-24.09,0.1101,1.307,0.0,-23.25,-23.98,14.49
CC(C)(c1ccc(OC[C@H]2CO2)cc1)c1ccc(OC[C@H]2CO2)cc1,BPA_CID2286__prepared_state_000,1,Done,,5.256,-4.886,grid,-4.886,-5.215,0.0,-0.0,0.08942,-21.55,0.06761,1.307,0.0,-19.17,-21.48,17.03
CC(C)(c1ccc(OC[C@H]2CO2)cc1)c1ccc(OC[C@H]2CO2)cc1,BPA_CID2286__prepared_state_000,1,Done,,5.256,-0.9974,grid,-0.9974,-0.004996,-0.2959,-0.0,-0.9041,-19.06,-0.9788,1.307,0.0,-16.45,-20.04,9.706
CC(C)(c1ccc(OC[C@H]2CO2)cc1)c1ccc(OC[C@H]2CO2)cc1,BPA_CID2286__prepared_state_000,1,Done,,5.256,-0.956,grid,-0.956,-0.0004843,-0.1734,-0.0,-1.087,-18.1,-0.6471,1.307,0.0,-15.77,-18.75,8.393
CC(C)(c1ccc(OC[C@H]2CO2)cc1)c1ccc(OC[C@H]2CO2)cc1,BPA_CID2286__prepared_state_000,1,Done,,5.256,-4.305,grid,-4.305,-4.873,-0.02898,-0.0,0.09716,-13.99,-0.7195,1.307,0.0,-13.17,-14.71,14.0
CC(C)(c1ccc(OC[C@H]2CO2)cc1)c1ccc(OC[C@H]2CO2)cc1,BPA_CID2286__prepared_state_000,1,Done,,5.256,-0.461,grid,-0.461,-0.01887,0.0,-0.0,-0.7913,-19.11,-0.01758,1.307,0.0,-11.32,-19.13,16.78
CC(C)(c1ccc(OC[C@H]2CO2)cc1)c1ccc(OC[C@H]2CO2)cc1,BPA_CID2286__prepared_state_000,1,Done,,5.256,-5.377,grid,-5.377,-4.787,-0.02418,-0.0,-1.464,-9.973,0.5998,1.307,0.0,-9.988,-9.373,12.42
CC(C)(c1ccc(OC[C@H]2CO2)cc1)c1ccc(OC[C@H]2CO2)cc1,BPA_CID2286__prepared_state_000,1,Done,,5.256,-4.236,grid,-4.236,-5.157,-0.16,-0.0,0.02223,-2.305,-0.8913,1.307,0.0,-2.409,-3.196,12.33
CC(C)(c1ccc(OC[C@H]2CO2)cc1)c1ccc(OC[C@H]2CO2)cc1,BPA_CID2286__prepared_state_000,1,Done,,5.256,-3.62,grid,-3.62,-4.345,0.0,-0.0,-0.2557,-5.918,-0.2069,1.307,0.0,-1.333,-6.125,18.77
CC(C)(c1ccc(OC[C@H]2CO2)cc1)c1ccc(OC[C@H]2CO2)cc1,BPA_CID2286__prepared_state_000,1,Done,,5.256,-4.619,grid,-4.619,-4.731,0.0,-0.0,-1.203,-1.9,0.6856,1.307,0.0,-0.03428,-1.214,14.08
CC(C)(c1ccc(OC[C@H]2CO2)cc1)c1ccc(OC[C@H]2CO2)cc1,BPA_CID2286__prepared_state_000,1,Done,,5.256,-2.552,grid,-2.552,-4.598,0.0,-0.0,0.7,-1.396,0.7235,1.307,0.0,8.399,-0.673,24.62
CC(C)(c1ccc(OC[C@@H]2CO2)cc1)c1ccc(OC[C@H]2CO2)cc1,BPA_CID2286__prepared_state_001,2,Done,,5.047,-5.653,grid,-5.653,-5.189,-0.04923,-0.0,-0.2018,-30.0,-0.1377,1.307,0.0,-28.09,-30.13,17.78
CC(C)(c1ccc(OC[C@@H]2CO2)cc1)c1ccc(OC[C@H]2CO2)cc1,BPA_CID2286__prepared_state_001,2,Done,,5.047,-5.189,grid,-5.189,-5.323,0.0,-0.0,0.2104,-26.71,-0.3252,1.307,0.0,-25.42,-27.03,15.78
CC(C)(c1ccc(OC[C@@H]2CO2)cc1)c1ccc(OC[C@H]2CO2)cc1,BPA_CID2286__prepared_state_001,2,Done,,5.047,-5.751,grid,-5.751,-5.536,0.0,-0.0,-0.4409,-24.9,1.094,1.307,0.0,-23.81,-23.81,13.92
CC(C)(c1ccc(OC[C@@H]2CO2)cc1)c1ccc(OC[C@H]2CO2)cc1,BPA_CID2286__prepared_state_001,2,Done,,5.047,-1.085,grid,-1.085,-0.1409,0.0,-0.0,-1.085,-21.53,-0.605,1.307,0.0,-20.78,-22.13,5.336
CC(C)(c1ccc(OC[C@@H]2CO2)cc1)c1ccc(OC[C@H]2CO2)cc1,BPA_CID2286__prepared_state_001,2,Done,,5.047,-3.213,grid,-3.213,-4.355,0.0,-0.0,1.073,-21.94,-0.9496,1.307,0.0,-20.45,-22.89,12.65
CC(C)(c1ccc(OC[C@@H]2CO2)cc1)c1ccc(OC[C@H]2CO2)cc1,BPA_CID2286__prepared_state_001,2,Done,,5.047,-1.076,grid,-1.076,-0.3821,0.0,-0.0,-1.087,-20.96,0.8911,1.307,0.0,-19.32,-20.07,4.118
CC(C)(c1ccc(OC[C@@H]2CO2)cc1)c1ccc(OC[C@H]2CO2)cc1,BPA_CID2286__prepared_state_001,2,Done,,5.047,-0.3745,grid,-0.3745,-0.3411,0.0,-0.0,-0.3087,-23.46,0.9414,1.307,0.0,-18.84,-22.52,8.278
CC(C)(c1ccc(OC[C@@H]2CO2)cc1)c1ccc(OC[C@H]2CO2)cc1,BPA_CID2286__prepared_state_001,2,Done,,5.047,-0.7824,grid,-0.7824,-0.1096,0.0,-0.0,-1.076,-19.39,0.437,1.307,0.0,-18.27,-18.95,3.255
CC(C)(c1ccc(OC[C@@H]2CO2)cc1)c1ccc(OC[C@H]2CO2)cc1,BPA_CID2286__prepared_state_001,2,Done,,5.047,-1.369,grid,-1.369,-0.4211,0.0,-0.0,-1.084,-18.72,-1.564,1.307,0.0,-17.43,-20.29,9.033
CC(C)(c1ccc(OC[C@@H]2CO2)cc1)c1ccc(OC[C@H]2CO2)cc1,BPA_CID2286__prepared_state_001,2,Done,,5.047,-3.097,grid,-3.097,-5.029,0.0,-0.0,1.702,-20.75,-0.2684,1.307,0.0,-17.06,-21.02,15.42
CC(C)(c1ccc(OC[C@@H]2CO2)cc1)c1ccc(OC[C@H]2CO2)cc1,BPA_CID2286__prepared_state_001,2,Done,,5.047,-1.365,grid,-1.365,-0.1092,-0.2188,-0.0,-1.08,-18.25,-2.342,1.307,0.0,-16.31,-20.6,11.88
CC(C)(c1ccc(OC[C@@H]2CO2)cc1)c1ccc(OC[C@H]2CO2)cc1,BPA_CID2286__prepared_state_001,2,Done,,5.047,-5.305,grid,-5.305,-4.719,0.0,-0.0,-0.9954,-17.13,-0.2738,1.307,0.0,-15.86,-17.4,15.94
CC(C)(c1ccc(OC[C@@H]2CO2)cc1)c1ccc(OC[C@H]2CO2)cc1,BPA_CID2286__prepared_state_001,2,Done,,5.047,-3.723,grid,-3.723,-4.723,-0.02808,-0.0,0.3453,-18.79,2.099,1.307,0.0,-15.52,-16.69,11.36
CC(C)(c1ccc(OC[C@@H]2CO2)cc1)c1ccc(OC[C@H]2CO2)cc1,BPA_CID2286__prepared_state_001,2,Done,,5.047,-0.6519,grid,-0.6519,-0.01124,0.0,-0.0,-1.064,-15.92,-0.5852,1.307,0.0,-15.44,-16.5,3.704
CC(C)(c1ccc(OC[C@@H]2CO2)cc1)c1ccc(OC[C@H]2CO2)cc1,BPA_CID2286__prepared_state_001,2,Done,,5.047,-0.4671,grid,-0.4671,-0.02223,0.0,-0.0,-1.088,-13.84,0.1859,1.307,0.0,-12.51,-13.66,3.419
CC(C)(c1ccc(OC[C@@H]2CO2)cc1)c1ccc(OC[C@H]2CO2)cc1,BPA_CID2286__prepared_state_001,2,Done,,5.047,-0.5849,grid,-0.5849,-0.01162,0.0,-0.0,-1.086,-13.04,-0.9497,1.307,0.0,-12.47,-13.99,4.459
CC(C)(c1ccc(OC[C@@H]2CO2)cc1)c1ccc(OC[C@H]2CO2)cc1,BPA_CID2286__prepared_state_001,2,Done,,5.047,-0.6405,grid,-0.6405,-0.131,0.0,-0.0,-0.6857,-16.47,-2.052,1.307,0.0,-11.84,-18.52,14.92
CC(C)(c1ccc(OC[C@@H]2CO2)cc1)c1ccc(OC[C@H]2CO2)cc1,BPA_CID2286__prepared_state_001,2,Done,,5.047,-0.5088,grid,-0.5088,0.0,0.0,-0.0,-1.085,-11.03,-1.199,1.307,0.0,-11.03,-12.23,3.641
CC(C)(c1ccc(OC[C@@H]2CO2)cc1)c1ccc(OC[C@H]2CO2)cc1,BPA_CID2286__prepared_state_001,2,Done,,5.047,-4.612,grid,-4.612,-5.179,-0.04766,-0.0,-0.3112,-13.19,1.851,1.307,0.0,-7.28,-11.34,19.28
CC(C)(c1ccc(OC[C@@H]2CO2)cc1)c1ccc(OC[C@H]2CO2)cc1,BPA_CID2286__prepared_state_001,2,Done,,5.047,-2.262,grid,-2.262,-4.835,0.0,-0.0,1.551,-9.132,1.139,1.307,0.0,-4.995,-7.993,11.47
CC(C)(c1ccc(OC[C@@H]2CO2)cc1)c1ccc(OC[C@@H]2CO2)cc1,BPA_CID2286__prepared_state_002,3,Done,,5.233,-4.861,grid,-4.861,-5.095,0.0,-0.0,0.5497,-33.77,0.4354,1.307,0.0,-31.91,-33.33,15.67
CC(C)(c1ccc(OC[C@@H]2CO2)cc1)c1ccc(OC[C@@H]2CO2)cc1,BPA_CID2286__prepared_state_002,3,Done,,5.233,-7.238,grid,-7.238,-5.329,0.0,-0.0,-1.703,-28.19,-0.689,1.307,0.0,-31.04,-28.88,14.76
CC(C)(c1ccc(OC[C@@H]2CO2)cc1)c1ccc(OC[C@@H]2CO2)cc1,BPA_CID2286__prepared_state_002,3,Done,,5.233,-6.603,grid,-6.603,-5.367,0.0,-0.0,-1.166,-29.88,0.7745,1.307,0.0,-31.01,-29.1,13.6
CC(C)(c1ccc(OC[C@@H]2CO2)cc1)c1ccc(OC[C@@H]2CO2)cc1,BPA_CID2286__prepared_state_002,3,Done,,5.233,-4.679,grid,-4.679,-5.213,-0.05094,-0.0,0.7305,-30.65,0.5276,1.307,0.0,-30.1,-30.12,12.39
CC(C)(c1ccc(OC[C@@H]2CO2)cc1)c1ccc(OC[C@@H]2CO2)cc1,BPA_CID2286__prepared_state_002,3,Done,,5.233,-5.892,grid,-5.892,-5.617,0.0,-0.0,-0.3562,-25.82,0.4341,1.307,0.0,-27.86,-25.38,10.59
CC(C)(c1ccc(OC[C@@H]2CO2)cc1)c1ccc(OC[C@@H]2CO2)cc1,BPA_CID2286__prepared_state_002,3,Done,,5.233,-1.905,grid,-1.905,-0.4897,-0.03422,-0.0,-1.085,-24.92,-2.387,1.307,0.0,-26.63,-27.3,6.37
CC(C)(c1ccc(OC[C@@H]2CO2)cc1)c1ccc(OC[C@@H]2CO2)cc1,BPA_CID2286__prepared_state_002,3,Done,,5.233,-2.107,grid,-2.107,-0.5779,-0.405,-0.0,-0.9095,-26.21,-1.412,1.307,0.0,-26.15,-27.62,8.515
CC(C)(c1ccc(OC[C@@H]2CO2)cc1)c1ccc(OC[C@@H]2CO2)cc1,BPA_CID2286__prepared_state_002,3,Done,,5.233,-4.562,grid,-4.562,-4.939,-0.05514,-0.0,0.5862,-27.58,-0.5511,1.307,0.0,-23.18,-28.13,21.92
CC(C)(c1ccc(OC[C@@H]2CO2)cc1)c1ccc(OC[C@@H]2CO2)cc1,BPA_CID2286__prepared_state_002,3,Done,,5.233,-3.521,grid,-3.521,-4.369,0.0,-0.0,0.6953,-24.49,0.4662,1.307,0.0,-22.17,-24.02,13.01
CC(C)(c1ccc(OC[C@@H]2CO2)cc1)c1ccc(OC[C@@H]2CO2)cc1,BPA_CID2286__prepared_state_002,3,Done,,5.233,-2.157,grid,-2.157,-1.208,0.0,-0.0,-1.083,-22.52,-0.3192,1.307,0.0,-21.61,-22.84,8.163
CC(C)(c1ccc(OC[C@@H]2CO2)cc1)c1ccc(OC[C@@H]2CO2)cc1,BPA_CID2286__prepared_state_002,3,Done,,5.233,-6.305,grid,-6.305,-4.732,0.0,-0.0,-1.894,-18.45,-0.4166,1.307,0.0,-20.85,-18.87,12.67
CC(C)(c1ccc(OC[C@@H]2CO2)cc1)c1ccc(OC[C@@H]2CO2)cc1,BPA_CID2286__prepared_state_002,3,Done,,5.233,-4.808,grid,-4.808,-5.218,0.0,-0.0,0.05337,-18.95,-0.01799,1.307,0.0,-18.13,-18.96,14.36
CC(C)(c1ccc(OC[C@@H]2CO2)cc1)c1ccc(OC[C@@H]2CO2)cc1,BPA_CID2286__prepared_state_002,3,Done,,5.233,-6.351,grid,-6.351,-5.418,-0.1567,-0.0,-1.095,-17.81,-0.6565,1.307,0.0,-17.42,-18.47,18.86
CC(C)(c1ccc(OC[C@@H]2CO2)cc1)c1ccc(OC[C@@H]2CO2)cc1,BPA_CID2286__prepared_state_002,3,Done,,5.233,-4.283,grid,-4.283,-5.095,-0.0959,-0.0,-0.2403,-3.785,0.2032,1.307,0.0,-3.608,-3.581,11.25
CC(C)(c1ccc(OC[C@@H]2CO2)cc1)c1ccc(OC[C@@H]2CO2)cc1,BPA_CID2286__prepared_state_002,3,Done,,5.233,-3.491,grid,-3.491,-5.21,-0.007591,-0.0,0.007679,-4.434,4.226,1.307,0.0,7.326,-0.208,24.28
CC(C)(c1cc(Br)c([O-])c(Br)c1)c1cc(Br)c([O-])c(Br)c1,BPA_CID6618__prepared_state_003,4,Done,,0.5874,-2.033,grid,-2.281,-1.235,-0.004123,-0.0,0.0,-23.33,-0.112,0.1409,0.0,-26.7,-23.45,0.9925
CC(C)(c1cc(Br)c([O-])c(Br)c1)c1cc(Br)c([O-])c(Br)c1,BPA_CID6618__prepared_state_003,4,Done,,0.5874,-1.902,grid,-2.15,-1.347,0.0,-0.0,0.0,-21.38,0.8379,0.1409,0.0,-23.58,-20.55,1.003
CC(C)(c1cc(Br)c([O-])c(Br)c1)c1cc(Br)c([O-])c(Br)c1,BPA_CID6618__prepared_state_003,4,Done,,0.5874,-1.672,grid,-1.92,-1.151,0.0,-0.0,0.0,-21.05,0.9487,0.1409,0.0,-21.07,-20.1,4.378
CC(C)(c1cc(Br)c([O-])c(Br)c1)c1cc(Br)c([O-])c(Br)c1,BPA_CID6618__prepared_state_003,4,Done,,0.5874,-1.338,grid,-1.586,-0.7942,0.0,-0.0,0.0,-19.01,0.1188,0.1409,0.0,-20.68,-18.89,1.644
CC(C)(c1cc(Br)c([O-])c(Br)c1)c1cc(Br)c([O-])c(Br)c1,BPA_CID6618__prepared_state_003,4,Done,,0.5874,-0.9426,grid,-1.19,-0.6465,0.0,-0.0,0.0,-17.05,1.118,0.1409,0.0,-16.18,-15.93,3.423
CC(C)(c1cc(Br)c([O-])c(Br)c1)c1cc(Br)c([O-])c(Br)c1,BPA_CID6618__prepared_state_003,4,Done,,0.5874,-0.0792,grid,-0.3271,-0.01988,0.0,-0.0,0.0,-13.65,1.561,0.1409,0.0,-12.05,-12.08,1.14
CC(C)(c1cc(Br)c([O-])c(Br)c1)c1cc(Br)c([O-])c(Br)c1,BPA_CID6618__prepared_state_003,4,Done,,0.5874,-0.3325,grid,-0.5804,-0.2096,0.0,-0.0,0.0,-11.56,0.4421,0.1409,0.0,-11.95,-11.12,0.2477
CC(C)(c1cc(Br)c([O-])c(Br)c1)c1cc(Br)c([O-])c(Br)c1,BPA_CID6618__prepared_state_003,4,Done,,0.5874,-0.1131,grid,-0.361,-0.01577,0.0,-0.0,0.0,-13.82,1.368,0.1409,0.0,-11.74,-12.46,2.612
CC(C)(c1cc(Br)c([O-])c(Br)c1)c1cc(Br)c([O-])c(Br)c1,BPA_CID6618__prepared_state_003,4,Done,,0.5874,-0.3081,grid,-0.556,-0.3393,0.0,-0.0,0.0,-13.03,1.961,0.1409,0.0,-11.54,-11.07,0.9017
CC(C)(c1cc(Br)c([O-])c(Br)c1)c1cc(Br)c(O)c(Br)c1,BPA_CID6618__prepared_state_004,5,Done,,0.8313,-1.578,grid,-2.403,-1.066,0.0,-0.0,0.0,-24.1,-1.815,0.1404,0.0,-29.47,-25.92,0.3241
CC(C)(c1cc(Br)c([O-])c(Br)c1)c1cc(Br)c(O)c(Br)c1,BPA_CID6618__prepared_state_004,5,Done,,0.8313,-1.856,grid,-2.682,-1.598,0.0,-0.0,0.0,-24.1,-0.1318,0.1404,0.0,-26.63,-24.23,3.487
CC(C)(c1cc(Br)c([O-])c(Br)c1)c1cc(Br)c(O)c(Br)c1,BPA_CID6618__prepared_state_004,5,Done,,0.8313,-1.744,grid,-2.569,-1.581,0.0,-0.0,0.0,-24.0,0.4783,0.1404,0.0,-25.8,-23.52,3.384
CC(C)(c1cc(Br)c([O-])c(Br)c1)c1cc(Br)c(O)c(Br)c1,BPA_CID6618__prepared_state_004,5,Done,,0.8313,-0.7174,grid,-1.543,-0.3268,-0.139,-0.0,0.0,-16.89,-2.486,0.1404,0.0,-21.31,-19.38,0.8906
CC(C)(c1cc(Br)c([O-])c(Br)c1)c1cc(Br)c(O)c(Br)c1,BPA_CID6618__prepared_state_004,5,Done,,0.8313,-0.6414,grid,-1.467,-0.7781,0.0,-0.0,0.0,-15.66,-0.3061,0.1404,0.0,-17.34,-15.97,1.798
CC(C)(c1cc(Br)c([O-])c(Br)c1)c1cc(Br)c(O)c(Br)c1,BPA_CID6618__prepared_state_004,5,Done,,0.8313,0.08938,grid,-0.736,-0.1509,0.0,-0.0,0.0,-13.52,-0.3292,0.1404,0.0,-14.05,-13.85,1.871
CC(C)(c1cc(Br)c([O-])c(Br)c1)c1cc(Br)c(O)c(Br)c1,BPA_CID6618__prepared_state_004,5,Done,,0.8313,0.5154,grid,-0.31,-0.007347,0.0,-0.0,0.0,-9.104,0.08122,0.1404,0.0,-9.199,-9.023,0.6068
CC(C)(c1cc(Cl)c([O-])c(Cl)c1)c1cc(Cl)c([O-])c(Cl)c1,BPA_CID6619__prepared_state_005,6,Done,,0.8857,-7.035,grid,-7.209,-4.673,0.0,-0.0,-1.827,-31.2,3.74,0.29,0.0,-38.75,-27.46,0.8158
CC(C)(c1cc(Cl)c([O-])c(Cl)c1)c1cc(Cl)c([O-])c(Cl)c1,BPA_CID6619__prepared_state_005,6,Done,,0.8857,-7.019,grid,-7.192,-4.687,0.0,-0.0,-1.827,-32.07,4.23,0.29,0.0,-38.64,-27.84,1.731
CC(C)(c1cc(Cl)c([O-])c(Cl)c1)c1cc(Cl)c([O-])c(Cl)c1,BPA_CID6619__prepared_state_005,6,Done,,0.8857,-5.887,grid,-6.06,-4.334,0.0,-0.0,-1.827,-19.15,5.122,0.29,0.0,-23.26,-14.03,1.199
CC(C)(c1cc(Cl)c([O-])c(Cl)c1)c1cc(Cl)c([O-])c(Cl)c1,BPA_CID6619__prepared_state_005,6,Done,,0.8857,-2.101,grid,-2.275,-0.2678,-0.2549,-0.0,-0.9269,-17.26,-1.681,0.29,0.0,-21.85,-18.94,1.555
CC(C)(c1cc(Cl)c([O-])c(Cl)c1)c1cc(Cl)c([O-])c(Cl)c1,BPA_CID6619__prepared_state_005,6,Done,,0.8857,-2.346,grid,-2.52,-0.5536,-0.16,-0.0,-0.9269,-16.98,-2.137,0.29,0.0,-20.45,-19.11,5.51
CC(C)(c1cc(Cl)c([O-])c(Cl)c1)c1cc(Cl)c([O-])c(Cl)c1,BPA_CID6619__prepared_state_005,6,Done,,0.8857,-1.697,grid,-1.871,-0.5757,0.0,-0.0,-0.9269,-14.94,0.5892,0.29,0.0,-16.13,-14.35,2.509
CC(C)(c1cc(Cl)c([O-])c(Cl)c1)c1cc(Cl)c([O-])c(Cl)c1,BPA_CID6619__prepared_state_005,6,Done,,0.8857,-5.375,grid,-5.549,-4.19,0.0,-0.0,-1.827,-13.54,5.702,0.29,0.0,-16.03,-7.839,1.612
CC(C)(c1cc(Cl)c([O-])c(Cl)c1)c1cc(Cl)c([O-])c(Cl)c1,BPA_CID6619__prepared_state_005,6,Done,,0.8857,-1.182,grid,-1.356,-0.2414,0.0,-0.0,-0.9269,-15.19,1.879,0.29,0.0,-14.77,-13.31,1.465
CC(C)(c1cc(Cl)c([O-])c(Cl)c1)c1cc(Cl)c([O-])c(Cl)c1,BPA_CID6619__prepared_state_005,6,Done,,0.8857,-1.155,grid,-1.328,-0.2088,0.0,-0.0,-0.9269,-16.19,2.18,0.29,0.0,-14.77,-14.01,2.795
CC(C)(c1cc(Cl)c([O-])c(Cl)c1)c1cc(Cl)c([O-])c(Cl)c1,BPA_CID6619__prepared_state_005,6,Done,,0.8857,-1.076,grid,-1.249,0.0,0.0,-0.0,-0.9269,-12.34,0.02788,0.29,0.0,-13.21,-12.31,2.244
CC(C)(c1cc(Cl)c([O-])c(Cl)c1)c1cc(Cl)c([O-])c(Cl)c1,BPA_CID6619__prepared_state_005,6,Done,,0.8857,-0.9222,grid,-1.096,-0.029,0.0,-0.0,-0.9269,-13.21,1.537,0.29,0.0,-12.99,-11.67,0.9188
CC(C)(c1cc(Cl)c([O-])c(Cl)c1)c1cc(Cl)c([O-])c(Cl)c1,BPA_CID6619__prepared_state_005,6,Done,,0.8857,-0.8773,grid,-1.051,-0.03857,0.0,-0.0,-0.9269,-10.56,1.018,0.29,0.0,-11.23,-9.546,0.03224
CC(C)(c1cc(Cl)c([O-])c(Cl)c1)c1cc(Cl)c([O-])c(Cl)c1,BPA_CID6619__prepared_state_005,6,Done,,0.8857,-1.131,grid,-1.305,-0.3263,0.0,-0.0,-0.9269,-9.877,1.014,0.29,0.0,-10.98,-8.863,0.003451
CC(C)(c1cc(Cl)c([O-])c(Cl)c1)c1cc(Cl)c(O)c(Cl)c1,BPA_CID6619__prepared_state_006,7,Done,,1.085,-7.221,grid,-8.173,-4.766,-0.32,-0.0,-1.82,-25.46,-1.888,0.2886,0.0,-37.28,-27.35,6.354
CC(C)(c1cc(Cl)c([O-])c(Cl)c1)c1cc(Cl)c(O)c(Cl)c1,BPA_CID6619__prepared_state_006,7,Done,,1.085,-2.803,grid,-3.756,-1.457,-0.2323,-0.0,-0.92,-23.69,-1.668,0.2886,0.0,-31.2,-25.36,0.3524
CC(C)(c1cc(Cl)c([O-])c(Cl)c1)c1cc(Cl)c(O)c(Cl)c1,BPA_CID6619__prepared_state_006,7,Done,,1.085,-2.786,grid,-3.738,-1.436,-0.2414,-0.0,-0.92,-23.25,-1.782,0.2886,0.0,-30.52,-25.03,1.006
CC(C)(c1cc(Cl)c([O-])c(Cl)c1)c1cc(Cl)c(O)c(Cl)c1,BPA_CID6619__prepared_state_006,7,Done,,1.085,-1.911,grid,-2.864,-0.2377,-0.32,-0.0,-0.92,-21.42,-4.024,0.2886,0.0,-28.9,-25.45,2.289
CC(C)(c1cc(Cl)c([O-])c(Cl)c1)c1cc(Cl)c(O)c(Cl)c1,BPA_CID6619__prepared_state_006,7,Done,,1.085,-5.55,grid,-6.503,-4.458,0.0,-0.0,-1.82,-17.46,2.393,0.2886,0.0,-24.74,-15.06,1.513
CC(C)(c1cc(Cl)c([O-])c(Cl)c1)c1cc(Cl)c(O)c(Cl)c1,BPA_CID6619__prepared_state_006,7,Done,,1.085,-1.19,grid,-2.143,-0.3745,-0.1598,-0.0,-0.92,-16.13,-1.136,0.2886,0.0,-19.75,-17.27,1.906
CC(C)(c1cc(Cl)c([O-])c(Cl)c1)c1cc(Cl)c(O)c(Cl)c1,BPA_CID6619__prepared_state_006,7,Done,,1.085,-5.492,grid,-6.444,-4.316,-0.169,-0.0,-1.82,-10.3,0.5782,0.2886,0.0,-19.24,-9.718,1.63
CC(C)(c1cc(Cl)c([O-])c(Cl)c1)c1cc(Cl)c(O)c(Cl)c1,BPA_CID6619__prepared_state_006,7,Done,,1.085,-1.321,grid,-2.274,-0.5775,-0.03188,-0.0,-0.92,-18.02,-0.8809,0.2886,0.0,-17.87,-18.9,9.344
CC(C)(c1cc(Cl)c([O-])c(Cl)c1)c1cc(Cl)c(O)c(Cl)c1,BPA_CID6619__prepared_state_006,7,Done,,1.085,-0.6852,grid,-1.638,-0.2891,0.0,-0.0,-0.92,-14.06,-0.09547,0.2886,0.0,-15.48,-14.16,2.602
CC(C)(c1cc(Cl)c([O-])c(Cl)c1)c1cc(Cl)c(O)c(Cl)c1,BPA_CID6619__prepared_state_006,7,Done,,1.085,-0.5132,grid,-1.466,-0.073,-0.01962,-0.0,-0.92,-10.88,-1.318,0.2886,0.0,-14.32,-12.2,0.453
CC(C)(c1cc(Cl)c([O-])c(Cl)c1)c1cc(Cl)c(O)c(Cl)c1,BPA_CID6619__prepared_state_006,7,Done,,1.085,-1.055,grid,-2.008,0.0,-0.16,-0.0,-0.92,-5.478,-6.283,0.2886,0.0,-13.91,-11.76,2.143
CC(C)(c1cc(Cl)c([O-])c(Cl)c1)c1cc(Cl)c(O)c(Cl)c1,BPA_CID6619__prepared_state_006,7,Done,,1.085,-0.701,grid,-1.654,-0.1636,-0.16,-0.0,-0.92,-13.63,-0.1131,0.2886,0.0,-12.73,-13.75,7.34
CC(C)(c1cc(Cl)c([O-])c(Cl)c1)c1cc(Cl)c(O)c(Cl)c1,BPA_CID6619__prepared_state_006,7,Done,,1.085,-5.52,grid,-6.473,-4.394,-0.16,-0.0,-1.82,1.188,-2.406,0.202,0.0,-10.79,-1.218,1.611
Cc1cc(C(C)(C)c2ccc(O)c(C)c2)ccc1O,BPA_CID6620__prepared_state_007,8,Done,,3.439,-8.874,grid,-8.874,-4.465,-0.32,-0.0,-2.455,-31.1,-4.105,0.5364,0.0,-47.89,-35.2,5.923
Cc1cc(C(C)(C)c2ccc(O)c(C)c2)ccc1O,BPA_CID6620__prepared_state_007,8,Done,,3.439,-8.629,grid,-8.63,-4.112,-0.32,-0.0,-2.526,-32.29,-3.96,0.5364,0.0,-47.64,-36.25,7.67
Cc1cc(C(C)(C)c2ccc(O)c(C)c2)ccc1O,BPA_CID6620__prepared_state_007,8,Done,,3.439,-8.643,grid,-8.644,-4.371,-0.16,-0.0,-2.561,-28.66,-3.293,0.3755,0.0,-46.13,-31.96,2.146
Cc1cc(C(C)(C)c2ccc(O)c(C)c2)ccc1O,BPA_CID6620__prepared_state_007,8,Done,,3.439,-8.984,grid,-8.985,-4.252,-0.456,-0.0,-2.561,-25.8,-5.337,0.3755,0.0,-45.75,-31.13,2.453
Cc1cc(C(C)(C)c2ccc(O)c(C)c2)ccc1O,BPA_CID6620__prepared_state_007,8,Done,,3.439,-8.678,grid,-8.679,-4.115,-0.4138,-0.0,-2.561,-26.12,-5.457,0.5364,0.0,-45.6,-31.58,2.577
Cc1cc(C(C)(C)c2ccc(O)c(C)c2)ccc1O,BPA_CID6620__prepared_state_007,8,Done,,3.439,-8.231,grid,-8.231,-3.521,-0.5925,-0.0,-2.561,-27.65,-4.738,0.5364,0.0,-44.66,-32.39,4.488
Cc1cc(C(C)(C)c2ccc(O)c(C)c2)ccc1O,BPA_CID6620__prepared_state_007,8,Done,,3.439,-8.21,grid,-8.211,-3.679,-0.3616,-0.0,-2.561,-25.71,-5.737,0.5364,0.0,-43.9,-31.44,4.055
Cc1cc(C(C)(C)c2ccc(O)c(C)c2)ccc1O,BPA_CID6620__prepared_state_007,8,Done,,3.439,-8.32,grid,-8.32,-4.345,-0.16,-0.0,-2.561,-28.78,-1.269,0.3755,0.0,-43.77,-30.05,1.915
Cc1cc(C(C)(C)c2ccc(O)c(C)c2)ccc1O,BPA_CID6620__prepared_state_007,8,Done,,3.439,-8.018,grid,-8.018,-3.861,-0.16,-0.0,-2.561,-28.06,-3.796,0.5364,0.0,-43.52,-31.86,4.958
Cc1cc(C(C)(C)c2ccc(O)c(C)c2)ccc1O,BPA_CID6620__prepared_state_007,8,Done,,3.439,-8.537,grid,-8.537,-4.312,-0.2887,-0.0,-2.474,-27.76,-4.076,0.5364,0.0,-43.46,-31.84,6.863
Cc1cc(C(C)(C)c2ccc(O)c(C)c2)ccc1O,BPA_CID6620__prepared_state_007,8,Done,,3.439,-7.95,grid,-7.951,-3.837,-0.16,-0.0,-2.496,-27.91,-3.993,0.5364,0.0,-43.23,-31.91,5.406
Cc1cc(C(C)(C)c2ccc(O)c(C)c2)ccc1O,BPA_CID6620__prepared_state_007,8,Done,,3.439,-8.272,grid,-8.273,-3.618,-0.608,-0.0,-2.561,-25.64,-4.935,0.5364,0.0,-43.06,-30.57,4.207
Cc1cc(C(C)(C)c2ccc(O)c(C)c2)ccc1O,BPA_CID6620__prepared_state_007,8,Done,,3.439,-8.206,grid,-8.207,-4.252,-0.2875,-0.0,-2.561,-27.49,-1.792,0.5364,0.0,-42.67,-29.28,2.159
Cc1cc(C(C)(C)c2ccc(O)c(C)c2)ccc1O,BPA_CID6620__prepared_state_007,8,Done,,3.439,-8.48,grid,-8.48,-4.479,-0.32,-0.0,-2.43,-27.48,-2.76,0.5364,0.0,-42.58,-30.24,5.24
Cc1cc(C(C)(C)c2ccc(O)c(C)c2)ccc1O,BPA_CID6620__prepared_state_007,8,Done,,3.439,-7.813,grid,-7.813,-4.515,0.0,-0.0,-2.323,-31.76,0.5095,0.5364,0.0,-42.15,-31.25,5.765
Cc1cc(C(C)(C)c2ccc(O)c(C)c2)ccc1O,BPA_CID6620__prepared_state_007,8,Done,,3.439,-8.317,grid,-8.317,-3.957,-0.1833,-0.0,-2.561,-24.2,-5.208,0.3755,0.0,-41.65,-29.41,4.868
Cc1cc(C(C)(C)c2ccc(O)c(C)c2)ccc1O,BPA_CID6620__prepared_state_007,8,Done,,3.439,-8.353,grid,-8.353,-4.031,-0.1601,-0.0,-2.561,-23.94,-5.194,0.3755,0.0,-41.35,-29.14,5.036
Cc1cc(C(C)(C)c2ccc(O)c(C)c2)ccc1O,BPA_CID6620__prepared_state_007,8,Done,,3.439,-8.51,grid,-8.511,-4.328,-0.2652,-0.0,-2.464,-27.5,-4.096,0.5364,0.0,-41.33,-31.6,10.56
Cc1cc(C(C)(C)c2ccc(O)c(C)c2)ccc1O,BPA_CID6620__prepared_state_007,8,Done,,3.439,-7.752,grid,-7.753,-3.732,-0.16,-0.0,-2.561,-24.72,-3.998,0.5364,0.0,-40.31,-28.71,4.161
Cc1cc(C(C)(C)c2ccc(O)c(C)c2)ccc1O,BPA_CID6620__prepared_state_007,8,Done,,3.439,-8.426,grid,-8.427,-4.562,-0.32,-0.0,-2.549,-23.74,-2.305,0.5364,0.0,-40.28,-26.05,1.267
CC(C)(c1ccc(O)cc1)c1ccc(O)cc1,BPA_CID6623__prepared_state_008,9,Done,,3.199,-8.414,grid,-8.415,-4.098,-0.2753,-0.0,-2.517,-35.32,-2.751,0.6538,0.0,-55.71,-38.07,1.948
CC(C)(c1ccc(O)cc1)c1ccc(O)cc1,BPA_CID6623__prepared_state_008,9,Done,,3.199,-8.409,grid,-8.411,-4.099,-0.2727,-0.0,-2.518,-35.32,-2.733,0.6538,0.0,-55.57,-38.05,2.17
CC(C)(c1ccc(O)cc1)c1ccc(O)cc1,BPA_CID6623__prepared_state_008,9,Done,,3.199,-8.369,grid,-8.371,-4.078,-0.2666,-0.0,-2.559,-35.35,-2.355,0.6538,0.0,-55.28,-37.7,1.889
CC(C)(c1ccc(O)cc1)c1ccc(O)cc1,BPA_CID6623__prepared_state_008,9,Done,,3.199,-8.455,grid,-8.457,-4.017,-0.32,-0.0,-2.525,-33.42,-3.856,0.6538,0.0,-55.13,-37.27,1.714
CC(C)(c1ccc(O)cc1)c1ccc(O)cc1,BPA_CID6623__prepared_state_008,9,Done,,3.199,-8.477,grid,-8.479,-3.918,-0.4245,-0.0,-2.556,-31.32,-4.459,0.6538,0.0,-54.09,-35.78,0.878
CC(C)(c1ccc(O)cc1)c1ccc(O)cc1,BPA_CID6623__prepared_state_008,9,Done,,3.199,-8.558,grid,-8.56,-3.911,-0.4025,-0.0,-2.64,-31.26,-4.649,0.6538,0.0,-53.99,-35.91,1.721
CC(C)(c1ccc(O)cc1)c1ccc(O)cc1,BPA_CID6623__prepared_state_008,9,Done,,3.199,-9.012,grid,-9.014,-3.885,-0.4712,-0.0,-2.535,-25.68,-8.642,0.4577,0.0,-53.66,-34.32,1.215
CC(C)(c1ccc(O)cc1)c1ccc(O)cc1,BPA_CID6623__prepared_state_008,9,Done,,3.199,-8.167,grid,-8.169,-3.45,-0.3946,-0.0,-2.521,-26.42,-7.575,0.6538,0.0,-51.31,-34.0,1.524
CC(C)(c1ccc(O)cc1)c1ccc(O)cc1,BPA_CID6623__prepared_state_008,9,Done,,3.199,-8.174,grid,-8.176,-3.451,-0.4014,-0.0,-2.543,-26.52,-7.392,0.6538,0.0,-51.24,-33.91,1.52
CC(C)(c1ccc(O)cc1)c1ccc(O)cc1,BPA_CID6623__prepared_state_008,9,Done,,3.199,-8.187,grid,-8.188,-3.444,-0.456,-0.0,-2.556,-26.88,-6.95,0.6538,0.0,-51.07,-33.83,1.745
CC(C)(c1ccc(O)cc1)c1ccc(O)cc1,BPA_CID6623__prepared_state_008,9,Done,,3.199,-8.116,grid,-8.118,-3.515,-0.3823,-0.0,-2.592,-27.06,-6.197,0.6538,0.0,-50.84,-33.25,0.7518
CC(C)(c1ccc(O)cc1)c1ccc(O)cc1,BPA_CID6623__prepared_state_008,9,Done,,3.199,-7.449,grid,-7.451,-3.632,-0.09089,-0.0,-2.753,-28.73,-1.289,0.6538,0.0,-45.84,-30.02,1.325
CC(C)(c1ccc(O)cc1)c1ccc(O)cc1,BPA_CID6623__prepared_state_008,9,Done,,3.199,-7.759,grid,-7.76,-3.78,-0.2266,-0.0,-2.618,-25.35,-3.482,0.6538,0.0,-44.88,-28.83,2.231
CC(C)(c1ccc(O)cc1)c1ccc(O)cc1,BPA_CID6623__prepared_state_008,9,Done,,3.199,-7.691,grid,-7.693,-3.752,-0.2148,-0.0,-2.753,-27.33,-1.74,0.6538,0.0,-44.8,-29.07,2.563
CC(C)(c1ccc(O)cc1)c1ccc(O)cc1,BPA_CID6623__prepared_state_008,9,Done,,3.199,-7.754,grid,-7.756,-3.774,-0.295,-0.0,-2.473,-23.18,-4.724,0.6538,0.0,-44.41,-27.91,1.314
CC(C)(c1ccc(O)cc1)c1ccc(O)cc1,BPA_CID6623__prepared_state_008,9,Done,,3.199,-7.722,grid,-7.723,-3.826,-0.2069,-0.0,-2.649,-24.69,-3.071,0.6538,0.0,-44.06,-27.76,1.573
CC(C)(c1ccc(O)cc1)c1ccc(O)cc1,BPA_CID6623__prepared_state_008,9,Done,,3.199,-7.411,grid,-7.413,-3.918,0.0,-0.0,-2.735,-28.58,0.1026,0.6538,0.0,-44.02,-28.48,1.72
CC(C)(c1ccc(O)cc1)c1ccc(O)cc1,BPA_CID6623__prepared_state_008,9,Done,,3.199,-7.914,grid,-7.916,-3.692,-0.32,-0.0,-2.67,-20.91,-5.62,0.6538,0.0,-43.22,-26.53,1.649
CC(C)(c1ccc(O)cc1)c1ccc(O)cc1,BPA_CID6623__prepared_state_008,9,Done,,3.199,-7.777,grid,-7.779,-3.766,-0.2125,-0.0,-2.54,-23.07,-3.772,0.4577,0.0,-43.13,-26.84,1.827
CC(C)(c1ccc(O)cc1)c1ccc(O)cc1,BPA_CID6623__prepared_state_008,9,Done,,3.199,-7.703,grid,-7.705,-3.642,-0.481,-0.0,-2.753,-26.17,-1.165,0.6538,0.0,-42.87,-27.34,3.025
O=S(=O)(c1ccc(O)cc1)c1ccc(O)cc1,BPA_CID6626__prepared_state_009,10,Done,,2.647,-8.163,grid,-8.392,-2.853,-0.456,-0.0,-2.806,-33.23,-7.827,0.5589,0.0,-60.18,-41.06,4.006
O=S(=O)(c1ccc(O)cc1)c1ccc(O)cc1,BPA_CID6626__prepared_state_009,10,Done,,2.647,-8.169,grid,-8.397,-2.854,-0.456,-0.0,-2.812,-33.24,-7.817,0.5589,0.0,-60.06,-41.06,4.274
O=S(=O)(c1ccc(O)cc1)c1ccc(O)cc1,BPA_CID6626__prepared_state_009,10,Done,,2.647,-8.144,grid,-8.372,-2.849,-0.456,-0.0,-2.79,-33.18,-7.846,0.5589,0.0,-59.96,-41.03,4.299
O=S(=O)(c1ccc(O)cc1)c1ccc(O)cc1,BPA_CID6626__prepared_state_009,10,Done,,2.647,-8.17,grid,-8.399,-2.847,-0.456,-0.0,-2.818,-33.19,-7.846,0.5589,0.0,-59.95,-41.04,4.449
O=S(=O)(c1ccc(O)cc1)c1ccc(O)cc1,BPA_CID6626__prepared_state_009,10,Done,,2.647,-7.899,grid,-8.128,-2.869,-0.3908,-0.0,-2.572,-29.76,-9.11,0.5589,0.0,-57.59,-38.87,3.474
O=S(=O)(c1ccc(O)cc1)c1ccc(O)cc1,BPA_CID6626__prepared_state_009,10,Done,,2.647,-7.908,grid,-8.137,-3.305,-0.3961,-0.0,-2.64,-32.49,-4.87,0.5589,0.0,-56.41,-37.36,2.862
O=S(=O)(c1ccc(O)cc1)c1ccc(O)cc1,BPA_CID6626__prepared_state_009,10,Done,,2.647,-7.809,grid,-8.038,-2.899,-0.3914,-0.0,-2.647,-30.61,-7.525,0.5589,0.0,-56.06,-38.13,4.604
O=S(=O)(c1ccc(O)cc1)c1ccc(O)cc1,BPA_CID6626__prepared_state_009,10,Done,,2.647,-7.434,grid,-7.662,-3.326,-0.2093,-0.0,-2.53,-34.75,-2.79,0.5589,0.0,-56.02,-37.54,1.601
O=S(=O)(c1ccc(O)cc1)c1ccc(O)cc1,BPA_CID6626__prepared_state_009,10,Done,,2.647,-7.398,grid,-7.626,-3.328,-0.1694,-0.0,-2.574,-34.72,-2.521,0.5589,0.0,-55.92,-37.24,1.043
O=S(=O)(c1ccc(O)cc1)c1ccc(O)cc1,BPA_CID6626__prepared_state_009,10,Done,,2.647,-8.22,grid,-8.449,-3.336,-0.4356,-0.0,-2.61,-27.45,-8.362,0.5589,0.0,-55.56,-35.81,3.029
O=S(=O)(c1ccc(O)cc1)c1ccc(O)cc1,BPA_CID6626__prepared_state_009,10,Done,,2.647,-8.123,grid,-8.351,-3.324,-0.3664,-0.0,-2.599,-27.68,-8.246,0.5589,0.0,-55.37,-35.92,3.14
O=S(=O)(c1ccc(O)cc1)c1ccc(O)cc1,BPA_CID6626__prepared_state_009,10,Done,,2.647,-7.963,grid,-8.191,-2.906,-0.4093,-0.0,-2.786,-30.1,-7.631,0.5589,0.0,-55.26,-37.73,6.198
O=S(=O)(c1ccc(O)cc1)c1ccc(O)cc1,BPA_CID6626__prepared_state_009,10,Done,,2.647,-7.189,grid,-7.417,-3.157,-0.1443,-0.0,-2.607,-34.86,-2.166,0.5589,0.0,-54.17,-37.02,3.037
O=S(=O)(c1ccc(O)cc1)c1ccc(O)cc1,BPA_CID6626__prepared_state_009,10,Done,,2.647,-7.381,grid,-7.61,-3.295,-0.2142,-0.0,-2.54,-34.66,-2.578,0.5589,0.0,-54.16,-37.24,4.457
O=S(=O)(c1ccc(O)cc1)c1ccc(O)cc1,BPA_CID6626__prepared_state_009,10,Done,,2.647,-7.413,grid,-7.641,-3.124,-0.32,-0.0,-2.515,-32.82,-4.002,0.5589,0.0,-54.04,-36.82,4.031
O=S(=O)(c1ccc(O)cc1)c1ccc(O)cc1,BPA_CID6626__prepared_state_009,10,Done,,2.647,-7.273,grid,-7.502,-2.92,-0.16,-0.0,-2.65,-32.37,-4.75,0.5589,0.0,-54.0,-37.12,4.017
O=S(=O)(c1ccc(O)cc1)c1ccc(O)cc1,BPA_CID6626__prepared_state_009,10,Done,,2.647,-7.204,grid,-7.433,-3.18,-0.1331,-0.0,-2.615,-34.73,-2.179,0.5589,0.0,-53.87,-36.91,3.495
O=S(=O)(c1ccc(O)cc1)c1ccc(O)cc1,BPA_CID6626__prepared_state_009,10,Done,,2.647,-7.32,grid,-7.548,-3.153,-0.1087,-0.0,-2.486,-33.84,-3.331,0.3913,0.0,-53.43,-37.17,5.465
O=S(=O)(c1ccc(O)cc1)c1ccc(O)cc1,BPA_CID6626__prepared_state_009,10,Done,,2.647,-8.271,grid,-8.5,-3.317,-0.5813,-0.0,-2.62,-24.46,-8.782,0.5589,0.0,-53.24,-33.24,2.785
O=S(=O)(c1ccc(O)cc1)c1ccc(O)cc1,BPA_CID6626__prepared_state_009,10,Done,,2.647,-7.057,grid,-7.286,-2.904,-0.1025,-0.0,-2.651,-31.68,-4.023,0.5589,0.0,-51.87,-35.71,4.341
O=S(=O)(c1ccc([O-])cc1)c1ccc(O)cc1,BPA_CID6626__prepared_state_010,11,Done,,2.159,-6.41,grid,-7.262,-3.304,-0.1823,-0.0,-2.538,-32.78,-1.075,0.5628,0.0,-48.57,-33.86,1.053
O=S(=O)(c1ccc([O-])cc1)c1ccc(O)cc1,BPA_CID6626__prepared_state_010,11,Done,,2.159,-6.481,grid,-7.333,-3.298,-0.1888,-0.0,-2.608,-32.81,-1.071,0.5628,0.0,-48.3,-33.89,1.934
O=S(=O)(c1ccc([O-])cc1)c1ccc(O)cc1,BPA_CID6626__prepared_state_010,11,Done,,2.159,-6.351,grid,-7.203,-2.881,-0.16,-0.0,-2.767,-30.75,-2.799,0.5628,0.0,-46.67,-33.55,3.982
O=S(=O)(c1ccc([O-])cc1)c1ccc(O)cc1,BPA_CID6626__prepared_state_010,11,Done,,2.159,-6.512,grid,-7.364,-2.856,-0.32,-0.0,-2.574,-26.64,-5.637,0.5628,0.0,-46.51,-32.27,2.419
O=S(=O)(c1ccc([O-])cc1)c1ccc(O)cc1,BPA_CID6626__prepared_state_010,11,Done,,2.159,-6.281,grid,-7.133,-2.862,-0.16,-0.0,-2.724,-30.57,-2.809,0.5628,0.0,-46.43,-33.38,3.821
O=S(=O)(c1ccc([O-])cc1)c1ccc(O)cc1,BPA_CID6626__prepared_state_010,11,Done,,2.159,-6.269,grid,-7.121,-2.958,-0.16,-0.0,-2.677,-31.18,-2.203,0.5628,0.0,-46.26,-33.39,4.131
O=S(=O)(c1ccc([O-])cc1)c1ccc(O)cc1,BPA_CID6626__prepared_state_010,11,Done,,2.159,-6.936,grid,-7.789,-3.335,-0.32,-0.0,-2.612,-25.94,-5.251,0.5628,0.0,-46.15,-31.19,2.77
O=S(=O)(c1ccc([O-])cc1)c1ccc(O)cc1,BPA_CID6626__prepared_state_010,11,Done,,2.159,-6.924,grid,-7.776,-3.328,-0.32,-0.0,-2.608,-25.86,-5.261,0.5628,0.0,-45.98,-31.12,2.921
O=S(=O)(c1ccc([O-])cc1)c1ccc(O)cc1,BPA_CID6626__prepared_state_010,11,Done,,2.159,-6.907,grid,-7.759,-3.115,-0.1976,-0.0,-2.881,-26.01,-4.39,0.394,0.0,-45.48,-30.4,2.399
O=S(=O)(c1ccc([O-])cc1)c1ccc(O)cc1,BPA_CID6626__prepared_state_010,11,Done,,2.159,-5.954,grid,-6.806,-3.345,0.0,-0.0,-2.552,-33.01,1.193,0.5628,0.0,-45.27,-31.81,1.654
O=S(=O)(c1ccc([O-])cc1)c1ccc(O)cc1,BPA_CID6626__prepared_state_010,11,Done,,2.159,-5.75,grid,-6.602,-3.206,0.0,-0.0,-2.513,-32.8,1.3,0.5628,0.0,-44.58,-31.5,1.543
O=S(=O)(c1ccc([O-])cc1)c1ccc(O)cc1,BPA_CID6626__prepared_state_010,11,Done,,2.159,-5.969,grid,-6.821,-2.904,-0.0926,-0.0,-2.659,-29.99,-1.529,0.5628,0.0,-44.38,-31.52,2.903
O=S(=O)(c1ccc([O-])cc1)c1ccc(O)cc1,BPA_CID6626__prepared_state_010,11,Done,,2.159,-6.357,grid,-7.209,-3.176,-0.1175,-0.0,-2.923,-29.27,-0.6186,0.5628,0.0,-44.05,-29.89,1.932
O=S(=O)(c1ccc([O-])cc1)c1ccc(O)cc1,BPA_CID6626__prepared_state_010,11,Done,,2.159,-6.669,grid,-7.521,-2.914,-0.32,-0.0,-2.721,-24.21,-6.117,0.5628,0.0,-44.02,-30.33,4.176
O=S(=O)(c1ccc([O-])cc1)c1ccc(O)cc1,BPA_CID6626__prepared_state_010,11,Done,,2.159,-6.458,grid,-7.31,-3.198,-0.1963,-0.0,-2.932,-28.64,-0.765,0.5628,0.0,-43.94,-29.4,1.588
O=S(=O)(c1ccc([O-])cc1)c1ccc(O)cc1,BPA_CID6626__prepared_state_010,11,Done,,2.159,-6.197,grid,-7.05,-3.284,-0.1617,-0.0,-2.628,-29.75,-0.3417,0.5628,0.0,-43.75,-30.09,2.248
O=S(=O)(c1ccc([O-])cc1)c1ccc(O)cc1,BPA_CID6626__prepared_state_010,11,Done,,2.159,-6.246,grid,-7.098,-3.018,-0.0896,-0.0,-2.872,-30.5,-1.045,0.5628,0.0,-43.6,-31.55,5.682
O=S(=O)(c1ccc([O-])cc1)c1ccc(O)cc1,BPA_CID6626__prepared_state_010,11,Done,,2.159,-6.548,grid,-7.401,-3.187,-0.1629,-0.0,-2.731,-27.49,-2.259,0.394,0.0,-43.37,-29.75,3.814
O=S(=O)(c1ccc([O-])cc1)c1ccc(O)cc1,BPA_CID6626__prepared_state_010,11,Done,,2.159,-6.423,grid,-7.276,-3.014,-0.1852,-0.0,-2.655,-25.93,-3.46,0.394,0.0,-43.31,-29.39,2.684
O=S(=O)(c1ccc([O-])cc1)c1ccc(O)cc1,BPA_CID6626__prepared_state_010,11,Done,,2.159,-6.327,grid,-7.179,-2.874,-0.3189,-0.0,-2.784,-25.92,-3.126,0.5628,0.0,-42.09,-29.04,4.017
O=C(OCc1ccccc1)c1ccc(O)cc1,BPA_CID7180__prepared_state_011,12,Done,,2.67,-8.034,grid,-8.125,-3.225,-0.32,-0.0,-2.804,-33.77,-7.119,0.981,0.0,-59.55,-40.89,2.687
O=C(OCc1ccccc1)c1ccc(O)cc1,BPA_CID7180__prepared_state_011,12,Done,,2.67,-7.853,grid,-7.944,-3.468,-0.2455,-0.0,-2.739,-32.67,-3.635,0.6867,0.0,-54.01,-36.3,3.708
O=C(OCc1ccccc1)c1ccc(O)cc1,BPA_CID7180__prepared_state_011,12,Done,,2.67,-7.91,grid,-8.001,-3.487,-0.2522,-0.0,-2.732,-32.17,-4.052,0.6867,0.0,-53.9,-36.23,4.052
O=C(OCc1ccccc1)c1ccc(O)cc1,BPA_CID7180__prepared_state_011,12,Done,,2.67,-7.932,grid,-8.023,-3.534,-0.2224,-0.0,-2.854,-31.63,-3.456,0.6867,0.0,-53.49,-35.09,2.703
O=C(OCc1ccccc1)c1ccc(O)cc1,BPA_CID7180__prepared_state_011,12,Done,,2.67,-7.954,grid,-8.045,-3.57,-0.2429,-0.0,-2.819,-31.39,-3.537,0.6867,0.0,-52.58,-34.93,4.296
O=C(OCc1ccccc1)c1ccc(O)cc1,BPA_CID7180__prepared_state_011,12,Done,,2.67,-7.874,grid,-7.965,-3.597,-0.2294,-0.0,-2.716,-31.33,-3.612,0.6867,0.0,-52.58,-34.95,3.947
O=C(OCc1ccccc1)c1ccc(O)cc1,BPA_CID7180__prepared_state_011,12,Done,,2.67,-7.639,grid,-7.73,-3.368,-0.16,-0.0,-2.754,-27.4,-7.057,0.981,0.0,-52.44,-34.46,2.089
O=C(OCc1ccccc1)c1ccc(O)cc1,BPA_CID7180__prepared_state_011,12,Done,,2.67,-7.506,grid,-7.597,-3.223,-0.16,-0.0,-2.769,-27.52,-7.004,0.981,0.0,-52.43,-34.52,1.591
O=C(OCc1ccccc1)c1ccc(O)cc1,BPA_CID7180__prepared_state_011,12,Done,,2.67,-7.706,grid,-7.797,-3.354,-0.16,-0.0,-2.868,-28.1,-6.601,0.981,0.0,-52.33,-34.7,3.125
O=C(OCc1ccccc1)c1ccc(O)cc1,BPA_CID7180__prepared_state_011,12,Done,,2.67,-6.989,grid,-7.08,-3.392,0.0,-0.0,-2.755,-35.3,-0.9872,0.981,0.0,-52.21,-36.29,3.013
O=C(OCc1ccccc1)c1ccc(O)cc1,BPA_CID7180__prepared_state_011,12,Done,,2.67,-7.06,grid,-7.151,-3.537,0.0,-0.0,-2.852,-34.9,0.01149,0.981,0.0,-51.97,-34.89,1.045
O=C(OCc1ccccc1)c1ccc(O)cc1,BPA_CID7180__prepared_state_011,12,Done,,2.67,-7.196,grid,-7.287,-3.581,-0.01643,-0.0,-2.924,-34.29,-0.2158,0.981,0.0,-51.93,-34.51,1.032
O=C(OCc1ccccc1)c1ccc(O)cc1,BPA_CID7180__prepared_state_011,12,Done,,2.67,-7.263,grid,-7.354,-3.538,-0.1032,-0.0,-2.787,-33.94,-1.406,0.981,0.0,-51.51,-35.34,3.871
O=C(OCc1ccccc1)c1ccc(O)cc1,BPA_CID7180__prepared_state_011,12,Done,,2.67,-7.961,grid,-8.052,-3.509,-0.1976,-0.0,-2.847,-28.51,-5.063,0.6867,0.0,-51.42,-33.58,3.953
O=C(OCc1ccccc1)c1ccc(O)cc1,BPA_CID7180__prepared_state_011,12,Done,,2.67,-7.759,grid,-7.85,-3.575,-0.1822,-0.0,-2.72,-29.63,-3.854,0.6867,0.0,-50.6,-33.49,4.414
O=C(OCc1ccccc1)c1ccc(O)cc1,BPA_CID7180__prepared_state_011,12,Done,,2.67,-7.759,grid,-7.85,-3.272,-0.1964,-0.0,-2.965,-28.38,-4.566,0.6867,0.0,-50.53,-32.95,3.488
O=C(OCc1ccccc1)c1ccc(O)cc1,BPA_CID7180__prepared_state_011,12,Done,,2.67,-6.693,grid,-6.784,-3.233,0.0,-0.0,-2.847,-35.48,0.5875,0.981,0.0,-50.36,-34.89,2.462
O=C(OCc1ccccc1)c1ccc(O)cc1,BPA_CID7180__prepared_state_011,12,Done,,2.67,-7.078,grid,-7.169,-3.639,-0.04142,-0.0,-2.716,-32.58,-0.8335,0.981,0.0,-49.27,-33.42,3.587
O=C(OCc1ccccc1)c1ccc(O)cc1,BPA_CID7180__prepared_state_011,12,Done,,2.67,-7.381,grid,-7.472,-3.261,-0.2745,-0.0,-2.734,-28.05,-3.248,0.6867,0.0,-48.73,-31.29,1.927
O=C(OCc1ccccc1)c1ccc(O)cc1,BPA_CID7180__prepared_state_011,12,Done,,2.67,-7.272,grid,-7.363,-3.247,-0.2205,-0.0,-2.724,-28.32,-2.95,0.6867,0.0,-48.7,-31.27,1.389
O=C(OCc1ccccc1)c1ccc([O-])cc1,BPA_CID7180__prepared_state_012,13,Done,,2.386,-6.039,grid,-7.194,-3.514,-0.03683,-0.0,-2.972,-32.82,2.073,0.6589,0.0,-45.06,-30.74,0.9183
O=C(OCc1ccccc1)c1ccc([O-])cc1,BPA_CID7180__prepared_state_012,13,Done,,2.386,-5.751,grid,-6.905,-3.09,0.0,-0.0,-2.978,-33.74,1.275,0.6589,0.0,-44.3,-32.47,4.694
O=C(OCc1ccccc1)c1ccc([O-])cc1,BPA_CID7180__prepared_state_012,13,Done,,2.386,-5.914,grid,-7.069,-3.633,0.0,-0.0,-2.632,-32.72,1.15,0.6589,0.0,-44.22,-31.57,3.725
O=C(OCc1ccccc1)c1ccc([O-])cc1,BPA_CID7180__prepared_state_012,13,Done,,2.386,-5.969,grid,-7.124,-3.498,-0.05841,-0.0,-2.77,-32.96,1.28,0.6589,0.0,-44.11,-31.67,4.386
O=C(OCc1ccccc1)c1ccc([O-])cc1,BPA_CID7180__prepared_state_012,13,Done,,2.386,-5.971,grid,-7.126,-3.55,-0.07112,-0.0,-2.818,-32.54,1.876,0.6589,0.0,-43.39,-30.67,3.826
O=C(OCc1ccccc1)c1ccc([O-])cc1,BPA_CID7180__prepared_state_012,13,Done,,2.386,-5.857,grid,-7.012,-3.601,-0.002959,-0.0,-2.702,-29.62,0.7729,0.6589,0.0,-42.57,-28.84,1.355
O=C(OCc1ccccc1)c1ccc([O-])cc1,BPA_CID7180__prepared_state_012,13,Done,,2.386,-5.648,grid,-6.802,-3.301,0.0,-0.0,-2.796,-32.87,1.856,0.6589,0.0,-42.53,-31.01,4.901
O=C(OCc1ccccc1)c1ccc([O-])cc1,BPA_CID7180__prepared_state_012,13,Done,,2.386,-5.752,grid,-6.907,-3.287,-0.07176,-0.0,-2.916,-30.85,1.678,0.6589,0.0,-42.49,-29.17,1.716
O=C(OCc1ccccc1)c1ccc([O-])cc1,BPA_CID7180__prepared_state_012,13,Done,,2.386,-5.668,grid,-6.822,-3.346,0.0,-0.0,-2.749,-30.76,1.017,0.6589,0.0,-42.29,-29.74,2.919
O=C(OCc1ccccc1)c1ccc([O-])cc1,BPA_CID7180__prepared_state_012,13,Done,,2.386,-5.975,grid,-7.13,-3.57,-0.05465,-0.0,-2.864,-30.05,1.352,0.6589,0.0,-42.04,-28.7,2.602
O=C(OCc1ccccc1)c1ccc([O-])cc1,BPA_CID7180__prepared_state_012,13,Done,,2.386,-5.972,grid,-7.126,-3.616,-0.06583,-0.0,-2.79,-29.84,1.193,0.6589,0.0,-41.2,-28.64,4.155
O=C(OCc1ccccc1)c1ccc([O-])cc1,BPA_CID7180__prepared_state_012,13,Done,,2.386,-5.629,grid,-6.783,-3.398,0.0,-0.0,-2.897,-28.88,1.978,0.6589,0.0,-40.44,-26.91,0.7919
O=C(OCc1ccccc1)c1ccc([O-])cc1,BPA_CID7180__prepared_state_012,13,Done,,2.386,-5.637,grid,-6.791,-3.508,0.0,-0.0,-2.532,-30.86,0.8886,0.6589,0.0,-40.35,-29.97,7.147
O=C(OCc1ccccc1)c1ccc([O-])cc1,BPA_CID7180__prepared_state_012,13,Done,,2.386,-5.349,grid,-6.503,-3.296,0.0,-0.0,-2.518,-32.45,1.83,0.6589,0.0,-40.14,-30.62,7.678
O=C(OCc1ccccc1)c1ccc([O-])cc1,BPA_CID7180__prepared_state_012,13,Done,,2.386,-5.329,grid,-6.484,-3.248,0.0,-0.0,-2.739,-30.18,2.351,0.6589,0.0,-39.75,-27.83,2.779
O=C(OCc1ccccc1)c1ccc([O-])cc1,BPA_CID7180__prepared_state_012,13,Done,,2.386,-5.689,grid,-6.843,-3.579,-0.006727,-0.0,-2.789,-26.99,1.484,0.6589,0.0,-39.41,-25.5,0.2862
O=C(OCc1ccccc1)c1ccc([O-])cc1,BPA_CID7180__prepared_state_012,13,Done,,2.386,-5.459,grid,-6.614,-3.37,-0.03315,-0.0,-2.736,-28.54,1.954,0.6589,0.0,-39.34,-26.58,1.657
O=C(OCc1ccccc1)c1ccc([O-])cc1,BPA_CID7180__prepared_state_012,13,Done,,2.386,-5.79,grid,-6.945,-3.518,-0.07209,-0.0,-2.848,-29.41,2.027,0.6589,0.0,-39.21,-27.38,4.863
O=C(OCc1ccccc1)c1ccc([O-])cc1,BPA_CID7180__prepared_state_012,13,Done,,2.386,-5.382,grid,-6.536,-3.407,-0.01928,-0.0,-2.599,-28.69,1.762,0.6589,0.0,-38.83,-26.93,3.033
O=C(OCc1ccccc1)c1ccc([O-])cc1,BPA_CID7180__prepared_state_012,13,Done,,2.386,-5.169,grid,-6.324,-3.23,-0.04389,-0.0,-2.637,-29.05,2.535,0.6589,0.0,-38.34,-26.52,2.33
Oc1ccc(Cc2ccc(O)cc2)cc1,BPA_CID12111__prepared_state_013,14,Done,,2.504,-8.065,grid,-8.068,-3.233,-0.456,-0.0,-2.727,-28.46,-6.964,0.815,0.0,-51.74,-35.42,2.443
Oc1ccc(Cc2ccc(O)cc2)cc1,BPA_CID12111__prepared_state_013,14,Done,,2.504,-8.025,grid,-8.028,-3.204,-0.456,-0.0,-2.724,-28.38,-6.93,0.815,0.0,-51.57,-35.31,2.383
Oc1ccc(Cc2ccc(O)cc2)cc1,BPA_CID12111__prepared_state_013,14,Done,,2.504,-8.019,grid,-8.022,-3.2,-0.456,-0.0,-2.726,-28.4,-6.902,0.815,0.0,-51.39,-35.3,2.682
Oc1ccc(Cc2ccc(O)cc2)cc1,BPA_CID12111__prepared_state_013,14,Done,,2.504,-7.888,grid,-7.892,-3.525,-0.1719,-0.0,-2.88,-29.82,-4.255,0.815,0.0,-50.02,-34.07,2.414
Oc1ccc(Cc2ccc(O)cc2)cc1,BPA_CID12111__prepared_state_013,14,Done,,2.504,-7.84,grid,-7.843,-3.7,-0.2316,-0.0,-2.741,-29.93,-3.264,0.815,0.0,-49.47,-33.2,1.543
Oc1ccc(Cc2ccc(O)cc2)cc1,BPA_CID12111__prepared_state_013,14,Done,,2.504,-7.836,grid,-7.84,-3.102,-0.392,-0.0,-2.805,-27.21,-6.633,0.815,0.0,-49.38,-33.85,3.006
Oc1ccc(Cc2ccc(O)cc2)cc1,BPA_CID12111__prepared_state_013,14,Done,,2.504,-7.847,grid,-7.85,-3.533,-0.16,-0.0,-2.875,-29.26,-4.226,0.815,0.0,-49.36,-33.49,2.362
Oc1ccc(Cc2ccc(O)cc2)cc1,BPA_CID12111__prepared_state_013,14,Done,,2.504,-7.83,grid,-7.833,-3.699,-0.232,-0.0,-2.731,-29.96,-3.251,0.815,0.0,-49.31,-33.21,1.836
Oc1ccc(Cc2ccc(O)cc2)cc1,BPA_CID12111__prepared_state_013,14,Done,,2.504,-7.828,grid,-7.831,-3.246,-0.32,-0.0,-2.765,-27.54,-6.257,0.815,0.0,-49.23,-33.8,3.162
Oc1ccc(Cc2ccc(O)cc2)cc1,BPA_CID12111__prepared_state_013,14,Done,,2.504,-7.85,grid,-7.853,-3.54,-0.16,-0.0,-2.877,-29.31,-4.176,0.815,0.0,-49.22,-33.48,2.67
Oc1ccc(Cc2ccc(O)cc2)cc1,BPA_CID12111__prepared_state_013,14,Done,,2.504,-7.851,grid,-7.854,-3.53,-0.16,-0.0,-2.885,-29.28,-4.203,0.815,0.0,-49.21,-33.48,2.677
Oc1ccc(Cc2ccc(O)cc2)cc1,BPA_CID12111__prepared_state_013,14,Done,,2.504,-7.88,grid,-7.884,-3.379,-0.32,-0.0,-2.745,-27.89,-5.737,0.815,0.0,-48.97,-33.63,3.576
Oc1ccc(Cc2ccc(O)cc2)cc1,BPA_CID12111__prepared_state_013,14,Done,,2.504,-7.692,grid,-7.695,-3.681,-0.2348,-0.0,-2.648,-29.91,-3.004,0.815,0.0,-48.88,-32.92,1.521
Oc1ccc(Cc2ccc(O)cc2)cc1,BPA_CID12111__prepared_state_013,14,Done,,2.504,-7.703,grid,-7.707,-3.681,-0.2412,-0.0,-2.649,-29.92,-3.033,0.815,0.0,-48.83,-32.95,1.739
Oc1ccc(Cc2ccc(O)cc2)cc1,BPA_CID12111__prepared_state_013,14,Done,,2.504,-7.819,grid,-7.822,-3.256,-0.32,-0.0,-2.754,-27.05,-6.368,0.815,0.0,-48.68,-33.41,3.468
Oc1ccc(Cc2ccc(O)cc2)cc1,BPA_CID12111__prepared_state_013,14,Done,,2.504,-7.838,grid,-7.841,-3.4,-0.32,-0.0,-2.686,-27.51,-5.833,0.815,0.0,-48.49,-33.34,3.788
Oc1ccc(Cc2ccc(O)cc2)cc1,BPA_CID12111__prepared_state_013,14,Done,,2.504,-7.627,grid,-7.63,-3.084,-0.3982,-0.0,-2.722,-26.77,-6.02,0.815,0.0,-48.29,-32.79,2.163
Oc1ccc(Cc2ccc(O)cc2)cc1,BPA_CID12111__prepared_state_013,14,Done,,2.504,-7.554,grid,-7.557,-3.405,-0.2468,-0.0,-2.651,-28.3,-4.368,0.815,0.0,-48.1,-32.67,1.978
Oc1ccc(Cc2ccc(O)cc2)cc1,BPA_CID12111__prepared_state_013,14,Done,,2.504,-7.576,grid,-7.58,-3.066,-0.4216,-0.0,-2.712,-27.08,-5.613,0.815,0.0,-48.02,-32.69,2.27
Oc1ccc(Cc2ccc(O)cc2)cc1,BPA_CID12111__prepared_state_013,14,Done,,2.504,-7.981,grid,-7.984,-3.501,-0.3803,-0.0,-2.921,-26.39,-4.516,0.815,0.0,-47.43,-30.91,1.647
Oc1ccc(Sc2ccc(O)cc2)cc1,BPA_CID17570__prepared_state_014,15,Done,,2.406,-8.424,grid,-8.443,-3.338,-0.456,-0.0,-2.613,-30.93,-7.964,0.7053,0.0,-56.82,-38.9,4.136
Oc1ccc(Sc2ccc(O)cc2)cc1,BPA_CID17570__prepared_state_014,15,Done,,2.406,-8.218,grid,-8.237,-3.3,-0.456,-0.0,-2.57,-31.68,-6.88,0.7053,0.0,-56.01,-38.56,4.117
Oc1ccc(Sc2ccc(O)cc2)cc1,BPA_CID17570__prepared_state_014,15,Done,,2.406,-8.221,grid,-8.239,-3.291,-0.456,-0.0,-2.581,-31.74,-6.867,0.7053,0.0,-55.97,-38.61,4.294
Oc1ccc(Sc2ccc(O)cc2)cc1,BPA_CID17570__prepared_state_014,15,Done,,2.406,-8.071,grid,-8.09,-3.312,-0.32,-0.0,-2.606,-30.12,-7.009,0.7053,0.0,-54.42,-37.13,3.738
Oc1ccc(Sc2ccc(O)cc2)cc1,BPA_CID17570__prepared_state_014,15,Done,,2.406,-8.096,grid,-8.115,-3.312,-0.3296,-0.0,-2.612,-30.25,-7.026,0.7053,0.0,-54.29,-37.28,4.413
Oc1ccc(Sc2ccc(O)cc2)cc1,BPA_CID17570__prepared_state_014,15,Done,,2.406,-8.19,grid,-8.209,-3.331,-0.4151,-0.0,-2.613,-31.18,-6.642,0.7053,0.0,-54.15,-37.82,6.22
Oc1ccc(Sc2ccc(O)cc2)cc1,BPA_CID17570__prepared_state_014,15,Done,,2.406,-8.082,grid,-8.101,-3.311,-0.32,-0.0,-2.612,-30.08,-7.054,0.7053,0.0,-54.13,-37.14,4.383
Oc1ccc(Sc2ccc(O)cc2)cc1,BPA_CID17570__prepared_state_014,15,Done,,2.406,-8.038,grid,-8.057,-3.275,-0.32,-0.0,-2.612,-29.91,-7.065,0.7053,0.0,-53.74,-36.97,4.634
Oc1ccc(Sc2ccc(O)cc2)cc1,BPA_CID17570__prepared_state_014,15,Done,,2.406,-7.971,grid,-7.99,-3.559,-0.16,-0.0,-2.74,-31.75,-4.331,0.7053,0.0,-53.33,-36.08,3.328
Oc1ccc(Sc2ccc(O)cc2)cc1,BPA_CID17570__prepared_state_014,15,Done,,2.406,-8.268,grid,-8.287,-3.376,-0.4171,-0.0,-2.821,-30.21,-5.783,0.7053,0.0,-53.1,-36.0,5.036
Oc1ccc(Sc2ccc(O)cc2)cc1,BPA_CID17570__prepared_state_014,15,Done,,2.406,-7.891,grid,-7.91,-3.34,-0.32,-0.0,-2.582,-29.71,-5.912,0.7053,0.0,-52.27,-35.62,4.152
Oc1ccc(Sc2ccc(O)cc2)cc1,BPA_CID17570__prepared_state_014,15,Done,,2.406,-7.897,grid,-7.915,-3.34,-0.32,-0.0,-2.609,-29.89,-5.712,0.7053,0.0,-52.24,-35.6,4.207
Oc1ccc(Sc2ccc(O)cc2)cc1,BPA_CID17570__prepared_state_014,15,Done,,2.406,-7.921,grid,-7.94,-3.317,-0.275,-0.0,-2.686,-29.41,-5.981,0.7053,0.0,-52.2,-35.39,3.99
Oc1ccc(Sc2ccc(O)cc2)cc1,BPA_CID17570__prepared_state_014,15,Done,,2.406,-7.898,grid,-7.917,-3.311,-0.2609,-0.0,-2.689,-29.32,-5.973,0.7053,0.0,-52.06,-35.29,3.973
Oc1ccc(Sc2ccc(O)cc2)cc1,BPA_CID17570__prepared_state_014,15,Done,,2.406,-7.864,grid,-7.882,-3.449,-0.32,-0.0,-2.739,-30.83,-3.584,0.7053,0.0,-52.02,-34.42,2.123
Oc1ccc(Sc2ccc(O)cc2)cc1,BPA_CID17570__prepared_state_014,15,Done,,2.406,-7.889,grid,-7.908,-3.312,-0.2597,-0.0,-2.681,-29.33,-5.96,0.7053,0.0,-51.98,-35.29,4.07
Oc1ccc(Sc2ccc(O)cc2)cc1,BPA_CID17570__prepared_state_014,15,Done,,2.406,-7.8,grid,-7.819,-3.396,-0.16,-0.0,-2.746,-30.68,-4.589,0.7053,0.0,-51.9,-35.26,3.763
Oc1ccc(Sc2ccc(O)cc2)cc1,BPA_CID17570__prepared_state_014,15,Done,,2.406,-7.791,grid,-7.81,-3.39,-0.16,-0.0,-2.745,-30.7,-4.57,0.7053,0.0,-51.89,-35.27,3.747
Oc1ccc(Sc2ccc(O)cc2)cc1,BPA_CID17570__prepared_state_014,15,Done,,2.406,-8.075,grid,-8.094,-3.578,-0.3405,-0.0,-2.697,-29.23,-4.813,0.7053,0.0,-51.76,-34.05,2.912
Oc1ccc(Sc2ccc(O)cc2)cc1,BPA_CID17570__prepared_state_014,15,Done,,2.406,-7.866,grid,-7.885,-3.31,-0.32,-0.0,-2.616,-29.28,-5.87,0.7053,0.0,-51.54,-35.15,4.562
CCC(C)(c1ccc(O)cc1)c1ccc(O)cc1,BPA_CID66166__prepared_state_015,16,Done,,3.419,-8.911,grid,-8.912,-3.948,-0.3539,-0.0,-2.657,-29.18,-7.238,0.5907,0.0,-50.07,-36.42,5.764
CCC(C)(c1ccc(O)cc1)c1ccc(O)cc1,BPA_CID66166__prepared_state_015,16,Done,,3.419,-8.869,grid,-8.871,-3.933,-0.3493,-0.0,-2.657,-28.91,-7.183,0.5907,0.0,-49.6,-36.1,5.921
CCC(C)(c1ccc(O)cc1)c1ccc(O)cc1,BPA_CID66166__prepared_state_015,16,Done,,3.419,-8.854,grid,-8.855,-3.928,-0.3765,-0.0,-2.631,-28.14,-7.356,0.5907,0.0,-48.11,-35.5,7.64
CCC(C)(c1ccc(O)cc1)c1ccc(O)cc1,BPA_CID66166__prepared_state_015,16,Done,,3.419,-8.572,grid,-8.574,-3.898,-0.32,-0.0,-2.657,-28.47,-5.775,0.5907,0.0,-47.53,-34.24,5.236
CCC(C)(c1ccc(O)cc1)c1ccc(O)cc1,BPA_CID66166__prepared_state_015,16,Done,,3.419,-8.778,grid,-8.78,-3.805,-0.456,-0.0,-2.657,-28.92,-6.707,0.5907,0.0,-47.18,-35.62,9.461
CCC(C)(c1ccc(O)cc1)c1ccc(O)cc1,BPA_CID66166__prepared_state_015,16,Done,,3.419,-8.353,grid,-8.355,-3.649,-0.32,-0.0,-2.657,-26.44,-6.651,0.5907,0.0,-45.96,-33.09,5.277
CCC(C)(c1ccc(O)cc1)c1ccc(O)cc1,BPA_CID66166__prepared_state_015,16,Done,,3.419,-8.427,grid,-8.429,-4.142,-0.32,-0.0,-2.572,-27.64,-4.025,0.5907,0.0,-45.2,-31.67,4.208
CCC(C)(c1ccc(O)cc1)c1ccc(O)cc1,BPA_CID66166__prepared_state_015,16,Done,,3.419,-8.353,grid,-8.355,-4.086,-0.1975,-0.0,-2.541,-27.61,-3.754,0.4135,0.0,-44.64,-31.36,4.443
CCC(C)(c1ccc(O)cc1)c1ccc(O)cc1,BPA_CID66166__prepared_state_015,16,Done,,3.419,-7.824,grid,-7.826,-4.314,0.0,-0.0,-2.508,-31.21,-0.2262,0.5907,0.0,-43.53,-31.44,4.865
CCC(C)(c1ccc(O)cc1)c1ccc(O)cc1,BPA_CID66166__prepared_state_015,16,Done,,3.419,-8.127,grid,-8.129,-3.98,-0.2702,-0.0,-2.41,-26.08,-3.855,0.4135,0.0,-43.11,-29.94,3.832
CCC(C)(c1ccc(O)cc1)c1ccc(O)cc1,BPA_CID66166__prepared_state_015,16,Done,,3.419,-8.59,grid,-8.591,-4.173,-0.4431,-0.0,-2.547,-24.53,-4.103,0.4135,0.0,-42.97,-28.63,3.208
CCC(C)(c1ccc(O)cc1)c1ccc(O)cc1,BPA_CID66166__prepared_state_015,16,Done,,3.419,-7.725,grid,-7.727,-4.035,-0.2801,-0.0,-2.341,-26.2,-2.344,0.5907,0.0,-42.51,-28.54,0.7297
CCC(C)(c1ccc(O)cc1)c1ccc(O)cc1,BPA_CID66166__prepared_state_015,16,Done,,3.419,-8.318,grid,-8.32,-3.847,-0.42,-0.0,-2.657,-25.28,-4.817,0.5907,0.0,-42.3,-30.1,6.473
CCC(C)(c1ccc(O)cc1)c1ccc(O)cc1,BPA_CID66166__prepared_state_015,16,Done,,3.419,-7.844,grid,-7.846,-4.112,-0.16,-0.0,-2.559,-26.76,-1.783,0.5907,0.0,-41.44,-28.54,3.303
CCC(C)(c1ccc(O)cc1)c1ccc(O)cc1,BPA_CID66166__prepared_state_015,16,Done,,3.419,-7.893,grid,-7.895,-3.812,-0.2491,-0.0,-2.657,-26.06,-3.101,0.5907,0.0,-41.09,-29.16,5.437
CCC(C)(c1ccc(O)cc1)c1ccc(O)cc1,BPA_CID66166__prepared_state_015,16,Done,,3.419,-7.849,grid,-7.851,-4.104,-0.16,-0.0,-2.564,-26.48,-1.929,0.5907,0.0,-40.74,-28.41,4.48
CCC(C)(c1ccc(O)cc1)c1ccc(O)cc1,BPA_CID66166__prepared_state_015,16,Done,,3.419,-7.69,grid,-7.692,-3.892,-0.1876,-0.0,-2.465,-24.68,-3.354,0.5907,0.0,-40.19,-28.03,4.226
CCC(C)(c1ccc(O)cc1)c1ccc(O)cc1,BPA_CID66166__prepared_state_015,16,Done,,3.419,-8.242,grid,-8.243,-3.819,-0.32,-0.0,-2.638,-19.8,-7.11,0.5907,0.0,-39.93,-26.91,4.556
CCC(C)(c1ccc(O)cc1)c1ccc(O)cc1,BPA_CID66166__prepared_state_015,16,Done,,3.419,-8.239,grid,-8.241,-3.802,-0.3661,-0.0,-2.657,-22.28,-5.949,0.5907,0.0,-39.73,-28.23,7.585
CCC(C)(c1ccc(O)cc1)c1ccc(O)cc1,BPA_CID66166__prepared_state_015,16,Done,,3.419,-7.701,grid,-7.703,-4.087,-0.3139,-0.0,-2.433,-23.55,-1.881,0.5907,0.0,-39.55,-25.43,0.3441
Oc1ccc(C(c2ccc(O)cc2)(C(F)(F)F)C(F)(F)F)cc1,BPA_CID73864__prepared_state_016,17,Done,,4.11,-8.529,grid,-8.531,-3.715,-0.236,-0.0,-3.153,-24.48,-3.579,0.3341,0.0,-37.94,-28.06,6.059
Oc1ccc(C(c2ccc(O)cc2)(C(F)(F)F)C(F)(F)F)cc1,BPA_CID73864__prepared_state_016,17,Done,,4.11,-8.692,grid,-8.694,-3.907,-0.2116,-0.0,-3.348,-23.52,-2.569,0.3341,0.0,-37.48,-26.09,3.52
Oc1ccc(C(c2ccc(O)cc2)(C(F)(F)F)C(F)(F)F)cc1,BPA_CID73864__prepared_state_016,17,Done,,4.11,-8.514,grid,-8.516,-3.714,-0.2157,-0.0,-3.156,-24.59,-3.564,0.3341,0.0,-37.36,-28.16,7.354
Oc1ccc(C(c2ccc(O)cc2)(C(F)(F)F)C(F)(F)F)cc1,BPA_CID73864__prepared_state_016,17,Done,,4.11,-8.536,grid,-8.537,-3.717,-0.2429,-0.0,-3.157,-24.4,-3.568,0.3341,0.0,-36.93,-27.97,7.898
Oc1ccc(C(c2ccc(O)cc2)(C(F)(F)F)C(F)(F)F)cc1,BPA_CID73864__prepared_state_016,17,Done,,4.11,-9.229,grid,-9.231,-3.905,-0.3948,-0.0,-3.383,-21.9,-4.574,0.2338,0.0,-36.92,-26.47,7.02
Oc1ccc(C(c2ccc(O)cc2)(C(F)(F)F)C(F)(F)F)cc1,BPA_CID73864__prepared_state_016,17,Done,,4.11,-9.092,grid,-9.094,-3.881,-0.5477,-0.0,-3.371,-19.8,-4.253,0.3341,0.0,-36.87,-24.06,1.873
Oc1ccc(C(c2ccc(O)cc2)(C(F)(F)F)C(F)(F)F)cc1,BPA_CID73864__prepared_state_016,17,Done,,4.11,-8.525,grid,-8.527,-3.715,-0.2287,-0.0,-3.156,-24.53,-3.568,0.3341,0.0,-36.79,-28.09,8.395
Oc1ccc(C(c2ccc(O)cc2)(C(F)(F)F)C(F)(F)F)cc1,BPA_CID73864__prepared_state_016,17,Done,,4.11,-9.082,grid,-9.084,-3.881,-0.5379,-0.0,-3.379,-20.12,-4.093,0.3341,0.0,-36.0,-24.21,3.896
Oc1ccc(C(c2ccc(O)cc2)(C(F)(F)F)C(F)(F)F)cc1,BPA_CID73864__prepared_state_016,17,Done,,4.11,-8.732,grid,-8.734,-3.913,-0.1265,-0.0,-3.312,-26.33,-2.665,0.3341,0.0,-34.39,-28.99,15.62
Oc1ccc(C(c2ccc(O)cc2)(C(F)(F)F)C(F)(F)F)cc1,BPA_CID73864__prepared_state_016,17,Done,,4.11,-9.076,grid,-9.078,-4.192,-0.2911,-0.0,-3.367,-21.99,-3.085,0.3341,0.0,-33.59,-25.08,10.43
Oc1ccc(C(c2ccc(O)cc2)(C(F)(F)F)C(F)(F)F)cc1,BPA_CID73864__prepared_state_016,17,Done,,4.11,-8.78,grid,-8.781,-3.946,-0.3411,-0.0,-3.37,-17.04,-4.045,0.3341,0.0,-32.46,-21.08,3.803
Oc1ccc(C(c2ccc(O)cc2)(C(F)(F)F)C(F)(F)F)cc1,BPA_CID73864__prepared_state_016,17,Done,,4.11,-8.738,grid,-8.74,-3.916,-0.1363,-0.0,-3.311,-26.17,-2.676,0.3341,0.0,-31.92,-28.85,20.29
Oc1ccc(C(c2ccc(O)cc2)(C(F)(F)F)C(F)(F)F)cc1,BPA_CID73864__prepared_state_016,17,Done,,4.11,-8.823,grid,-8.825,-4.013,-0.2992,-0.0,-3.24,-21.87,-3.422,0.3341,0.0,-31.82,-25.29,13.65
Oc1ccc(C(c2ccc(O)cc2)(C(F)(F)F)C(F)(F)F)cc1,BPA_CID73864__prepared_state_016,17,Done,,4.11,-9.291,grid,-9.293,-3.911,-0.329,-0.0,-3.45,-14.51,-8.074,0.3341,0.0,-31.27,-22.58,10.75
Oc1ccc(C(c2ccc(O)cc2)(C(F)(F)F)C(F)(F)F)cc1,BPA_CID73864__prepared_state_016,17,Done,,4.11,-8.587,grid,-8.589,-3.796,-0.1315,-0.0,-3.516,-20.21,-3.126,0.3341,0.0,-30.9,-23.34,10.86
Oc1ccc(C(c2ccc(O)cc2)(C(F)(F)F)C(F)(F)F)cc1,BPA_CID73864__prepared_state_016,17,Done,,4.11,-8.752,grid,-8.754,-3.935,-0.2298,-0.0,-3.298,-21.98,-3.516,0.3341,0.0,-30.63,-25.49,16.22
Oc1ccc(C(c2ccc(O)cc2)(C(F)(F)F)C(F)(F)F)cc1,BPA_CID73864__prepared_state_016,17,Done,,4.11,-8.754,grid,-8.756,-3.727,-0.2496,-0.0,-3.52,-19.74,-3.373,0.2338,0.0,-30.4,-23.11,11.92
Oc1ccc(C(c2ccc(O)cc2)(C(F)(F)F)C(F)(F)F)cc1,BPA_CID73864__prepared_state_016,17,Done,,4.11,-8.605,grid,-8.607,-3.846,-0.1588,-0.0,-3.331,-24.95,-1.715,0.2338,0.0,-30.18,-26.67,19.01
Oc1ccc(C(c2ccc(O)cc2)(C(F)(F)F)C(F)(F)F)cc1,BPA_CID73864__prepared_state_016,17,Done,,4.11,-8.078,grid,-8.08,-3.718,0.0,-0.0,-3.583,-26.73,1.49,0.3341,0.0,-30.06,-25.24,14.78
Oc1ccc(C(c2ccc(O)cc2)(C(F)(F)F)C(F)(F)F)cc1,BPA_CID73864__prepared_state_016,17,Done,,4.11,-8.434,grid,-8.436,-3.573,-0.32,-0.0,-3.168,-16.98,-5.734,0.3341,0.0,-29.23,-22.72,12.5
Oc1ccccc1Cc1ccccc1O,BPA_CID75575__prepared_state_017,18,Done,,2.689,-7.102,grid,-7.199,-3.467,0.0,-0.0,-2.79,-31.54,-1.195,0.815,0.0,-45.85,-32.73,1.537
Oc1ccccc1Cc1ccccc1O,BPA_CID75575__prepared_state_017,18,Done,,2.689,-7.478,grid,-7.574,-3.63,-0.2931,-0.0,-2.568,-29.27,-2.893,0.815,0.0,-45.76,-32.17,2.036
Oc1ccccc1Cc1ccccc1O,BPA_CID75575__prepared_state_017,18,Done,,2.689,-7.083,grid,-7.179,-3.27,-0.06798,-0.0,-2.806,-29.6,-2.463,0.815,0.0,-45.72,-32.06,0.3895
Oc1ccccc1Cc1ccccc1O,BPA_CID75575__prepared_state_017,18,Done,,2.689,-7.014,grid,-7.11,-3.452,0.0,-0.0,-2.77,-31.57,-0.8307,0.815,0.0,-45.41,-32.4,1.418
Oc1ccccc1Cc1ccccc1O,BPA_CID75575__prepared_state_017,18,Done,,2.689,-7.044,grid,-7.14,-3.533,0.0,-0.0,-2.774,-31.56,-0.4665,0.815,0.0,-45.09,-32.03,1.416
Oc1ccccc1Cc1ccccc1O,BPA_CID75575__prepared_state_017,18,Done,,2.689,-7.043,grid,-7.139,-3.514,0.0,-0.0,-2.782,-31.46,-0.5689,0.815,0.0,-45.08,-32.03,1.449
Oc1ccccc1Cc1ccccc1O,BPA_CID75575__prepared_state_017,18,Done,,2.689,-7.196,grid,-7.293,-3.243,-0.203,-0.0,-2.857,-28.8,-2.429,0.815,0.0,-45.07,-31.23,0.4726
Oc1ccccc1Cc1ccccc1O,BPA_CID75575__prepared_state_017,18,Done,,2.689,-7.093,grid,-7.189,-3.461,0.0,-0.0,-2.825,-29.54,-1.608,0.815,0.0,-44.82,-31.15,0.4
Oc1ccccc1Cc1ccccc1O,BPA_CID75575__prepared_state_017,18,Done,,2.689,-7.17,grid,-7.267,-3.521,0.0,-0.0,-2.944,-29.37,-0.987,0.815,0.0,-43.93,-30.36,0.8958
Oc1ccccc1Cc1ccccc1O,BPA_CID75575__prepared_state_017,18,Done,,2.689,-7.218,grid,-7.315,-3.751,0.0,-0.0,-2.762,-28.91,-1.136,0.815,0.0,-43.63,-30.04,1.041
Oc1ccccc1Cc1ccccc1O,BPA_CID75575__prepared_state_017,18,Done,,2.689,-7.385,grid,-7.481,-3.508,-0.212,-0.0,-2.811,-25.92,-3.127,0.815,0.0,-43.22,-29.05,0.5344
Oc1ccccc1Cc1ccccc1O,BPA_CID75575__prepared_state_017,18,Done,,2.689,-7.131,grid,-7.227,-3.57,-0.152,-0.0,-2.636,-28.41,-1.758,0.815,0.0,-43.19,-30.17,1.852
Oc1ccccc1Cc1ccccc1O,BPA_CID75575__prepared_state_017,18,Done,,2.689,-6.987,grid,-7.084,-3.475,0.0,-0.0,-2.889,-29.53,-0.3911,0.815,0.0,-43.17,-29.92,0.8382
Oc1ccccc1Cc1ccccc1O,BPA_CID75575__prepared_state_017,18,Done,,2.689,-7.39,grid,-7.486,-3.508,-0.2134,-0.0,-2.811,-25.94,-3.143,0.815,0.0,-43.16,-29.08,0.7207
Oc1ccccc1Cc1ccccc1O,BPA_CID75575__prepared_state_017,18,Done,,2.689,-6.731,grid,-6.827,-3.138,0.0,-0.0,-2.702,-28.59,-2.483,0.815,0.0,-43.05,-31.07,2.382
Oc1ccccc1Cc1ccccc1O,BPA_CID75575__prepared_state_017,18,Done,,2.689,-7.053,grid,-7.15,-3.585,-0.002477,-0.0,-2.695,-30.07,-1.192,0.815,0.0,-42.8,-31.26,4.501
Oc1ccccc1Cc1ccccc1O,BPA_CID75575__prepared_state_017,18,Done,,2.689,-6.783,grid,-6.879,-3.311,0.0,-0.0,-2.845,-28.64,-0.707,0.815,0.0,-42.26,-29.34,0.7114
Oc1ccccc1Cc1ccccc1O,BPA_CID75575__prepared_state_017,18,Done,,2.689,-6.506,grid,-6.603,-3.191,0.0,-0.0,-2.614,-29.31,-0.9778,0.815,0.0,-42.16,-30.29,1.726
Oc1ccccc1Cc1ccccc1O,BPA_CID75575__prepared_state_017,18,Done,,2.689,-6.756,grid,-6.852,-3.458,0.0,-0.0,-2.651,-28.35,-0.9421,0.815,0.0,-42.15,-29.29,0.7222
Oc1ccccc1Cc1ccccc1O,BPA_CID75575__prepared_state_017,18,Done,,2.689,-6.547,grid,-6.643,-3.323,0.0,-0.0,-2.579,-28.72,-0.7994,0.815,0.0,-42.05,-29.52,0.5682
[O-]c1ccccc1Cc1ccccc1O,BPA_CID75575__prepared_state_018,19,Done,,2.166,-6.163,grid,-7.289,-3.515,-0.04333,-0.0,-2.919,-29.15,-1.174,0.8219,0.0,-44.28,-30.32,0.2137
[O-]c1ccccc1Cc1ccccc1O,BPA_CID75575__prepared_state_018,19,Done,,2.166,-6.154,grid,-7.28,-3.266,-0.32,-0.0,-2.802,-26.01,-2.752,0.8219,0.0,-42.76,-28.77,0.1081
[O-]c1ccccc1Cc1ccccc1O,BPA_CID75575__prepared_state_018,19,Done,,2.166,-5.739,grid,-6.865,-3.257,0.0,-0.0,-2.756,-27.51,-1.989,0.8219,0.0,-42.62,-29.5,0.2574
[O-]c1ccccc1Cc1ccccc1O,BPA_CID75575__prepared_state_018,19,Done,,2.166,-6.141,grid,-7.267,-3.628,0.0,-0.0,-2.943,-28.22,-0.7133,0.8219,0.0,-42.5,-28.94,0.9309
[O-]c1ccccc1Cc1ccccc1O,BPA_CID75575__prepared_state_018,19,Done,,2.166,-5.908,grid,-7.034,-3.567,0.0,-0.0,-2.849,-28.15,-0.2155,0.8219,0.0,-41.76,-28.37,0.367
[O-]c1ccccc1Cc1ccccc1O,BPA_CID75575__prepared_state_018,19,Done,,2.166,-5.994,grid,-7.12,-3.587,0.0,-0.0,-2.853,-27.97,-0.6874,0.8219,0.0,-41.72,-28.66,1.358
[O-]c1ccccc1Cc1ccccc1O,BPA_CID75575__prepared_state_018,19,Done,,2.166,-5.796,grid,-6.922,-3.486,0.0,-0.0,-2.914,-29.24,0.7868,0.8219,0.0,-41.72,-28.45,0.1823
[O-]c1ccccc1Cc1ccccc1O,BPA_CID75575__prepared_state_018,19,Done,,2.166,-6.097,grid,-7.223,-3.721,0.0,-0.0,-2.822,-26.9,-1.05,0.8219,0.0,-41.64,-27.95,0.5019
[O-]c1ccccc1Cc1ccccc1O,BPA_CID75575__prepared_state_018,19,Done,,2.166,-5.798,grid,-6.924,-3.406,0.0,-0.0,-2.914,-27.89,-0.2083,0.8219,0.0,-41.42,-28.1,0.07687
[O-]c1ccccc1Cc1ccccc1O,BPA_CID75575__prepared_state_018,19,Done,,2.166,-5.537,grid,-6.663,-3.094,-0.04201,-0.0,-2.795,-27.66,-1.139,0.8219,0.0,-41.37,-28.8,0.5607
[O-]c1ccccc1Cc1ccccc1O,BPA_CID75575__prepared_state_018,19,Done,,2.166,-5.627,grid,-6.753,-3.313,0.0,-0.0,-2.8,-27.68,-0.521,0.8219,0.0,-41.2,-28.2,0.05664
[O-]c1ccccc1Cc1ccccc1O,BPA_CID75575__prepared_state_018,19,Done,,2.166,-5.8,grid,-6.926,-3.586,0.0,-0.0,-2.762,-27.83,-0.05159,0.8219,0.0,-40.94,-27.88,0.6051
[O-]c1ccccc1Cc1ccccc1O,BPA_CID75575__prepared_state_018,19,Done,,2.166,-5.83,grid,-6.956,-3.466,0.0,-0.0,-2.951,-27.82,0.2035,0.8219,0.0,-40.9,-27.62,0.2947
[O-]c1ccccc1Cc1ccccc1O,BPA_CID75575__prepared_state_018,19,Done,,2.166,-5.854,grid,-6.98,-3.523,0.0,-0.0,-2.79,-29.52,-0.08816,0.8219,0.0,-40.89,-29.61,4.386
[O-]c1ccccc1Cc1ccccc1O,BPA_CID75575__prepared_state_018,19,Done,,2.166,-5.615,grid,-6.74,-3.516,0.0,-0.0,-2.601,-27.54,-0.4513,0.8219,0.0,-40.87,-27.99,0.2525
[O-]c1ccccc1Cc1ccccc1O,BPA_CID75575__prepared_state_018,19,Done,,2.166,-5.779,grid,-6.904,-3.543,0.0,-0.0,-2.834,-28.07,0.3613,0.8219,0.0,-40.85,-27.71,0.3743
[O-]c1ccccc1Cc1ccccc1O,BPA_CID75575__prepared_state_018,19,Done,,2.166,-5.643,grid,-6.768,-3.383,0.0,-0.0,-2.825,-27.9,0.08303,0.8219,0.0,-40.74,-27.81,0.261
[O-]c1ccccc1Cc1ccccc1O,BPA_CID75575__prepared_state_018,19,Done,,2.166,-5.737,grid,-6.862,-3.54,0.0,-0.0,-2.753,-27.74,-0.03159,0.8219,0.0,-40.72,-27.77,0.5928
[O-]c1ccccc1Cc1ccccc1O,BPA_CID75575__prepared_state_018,19,Done,,2.166,-5.855,grid,-6.981,-3.536,0.0,-0.0,-2.794,-30.26,0.2657,0.8219,0.0,-40.48,-30.0,5.981
[O-]c1ccccc1Cc1ccccc1O,BPA_CID75575__prepared_state_018,19,Done,,2.166,-5.811,grid,-6.937,-3.54,-0.0118,-0.0,-2.734,-28.63,-0.2776,0.8219,0.0,-40.39,-28.91,3.8
CC1(C)[C@H](O)C(C)(C)[C@@H]1O,BPA_CID76382__prepared_state_019,20,Done,,2.017,-6.035,grid,-6.035,-1.868,-0.32,-0.0,-2.43,-16.81,-3.844,0.0,0.0,-27.84,-20.65,0.1011
CC1(C)[C@H](O)C(C)(C)[C@@H]1O,BPA_CID76382__prepared_state_019,20,Done,,2.017,-6.036,grid,-6.036,-1.87,-0.32,-0.0,-2.429,-16.82,-3.841,0.0,0.0,-27.34,-20.66,1.104
CC1(C)[C@H](O)C(C)(C)[C@@H]1O,BPA_CID76382__prepared_state_019,20,Done,,2.017,-5.816,grid,-5.816,-1.847,-0.32,-0.0,-2.353,-15.1,-3.61,0.0,0.0,-25.19,-18.71,0.994
CC1(C)[C@H](O)C(C)(C)[C@@H]1O,BPA_CID76382__prepared_state_019,20,Done,,2.017,-5.582,grid,-5.582,-1.898,-0.1245,-0.0,-2.437,-16.64,-1.932,0.0,0.0,-25.09,-18.57,0.3491
CC1(C)[C@H](O)C(C)(C)[C@@H]1O,BPA_CID76382__prepared_state_019,20,Done,,2.017,-5.905,grid,-5.905,-1.834,-0.32,-0.0,-2.447,-14.38,-3.898,0.0,0.0,-24.83,-18.28,1.065
CC1(C)[C@H](O)C(C)(C)[C@@H]1O,BPA_CID76382__prepared_state_019,20,Done,,2.017,-5.89,grid,-5.89,-1.837,-0.32,-0.0,-2.488,-14.72,-3.392,0.0,0.0,-24.68,-18.11,0.9929
CC1(C)[C@H](O)C(C)(C)[C@@H]1O,BPA_CID76382__prepared_state_019,20,Done,,2.017,-5.406,grid,-5.406,-1.853,0.0,-0.0,-2.484,-16.58,-1.597,0.0,0.0,-24.64,-18.18,0.04894
CC1(C)[C@H](O)C(C)(C)[C@@H]1O,BPA_CID76382__prepared_state_019,20,Done,,2.017,-5.778,grid,-5.778,-1.851,-0.2454,-0.0,-2.505,-15.23,-2.769,0.0,0.0,-24.43,-18.0,0.9923
CC1(C)[C@H](O)C(C)(C)[C@@H]1O,BPA_CID76382__prepared_state_019,20,Done,,2.017,-5.37,grid,-5.37,-1.721,-0.2255,-0.0,-2.442,-16.7,-0.9793,0.0,0.0,-23.62,-17.68,0.9981
CC1(C)[C@H](O)C(C)(C)[C@@H]1O,BPA_CID76382__prepared_state_019,20,Done,,2.017,-5.384,grid,-5.384,-1.824,0.0,-0.0,-2.534,-16.28,-1.42,0.0,0.0,-23.61,-17.7,1.091
CC1(C)[C@H](O)C(C)(C)[C@@H]1O,BPA_CID76382__prepared_state_019,20,Done,,2.017,-5.596,grid,-5.596,-2.106,0.0,-0.0,-2.486,-16.96,-1.041,0.0,0.0,-23.56,-18.0,2.295
CC1(C)[C@H](O)C(C)(C)[C@@H]1O,BPA_CID76382__prepared_state_019,20,Done,,2.017,-5.886,grid,-5.886,-2.115,-0.3051,-0.0,-2.361,-14.33,-2.59,0.0,0.0,-23.42,-16.92,1.11
CC1(C)[C@H](O)C(C)(C)[C@@H]1O,BPA_CID76382__prepared_state_019,20,Done,,2.017,-5.389,grid,-5.389,-1.822,0.0,-0.0,-2.547,-16.25,-1.383,0.0,0.0,-23.41,-17.63,1.364
CC1(C)[C@H](O)C(C)(C)[C@@H]1O,BPA_CID76382__prepared_state_019,20,Done,,2.017,-5.533,grid,-5.533,-2.101,0.0,-0.0,-2.493,-16.29,-0.8263,0.0,0.0,-23.25,-17.11,0.9953
CC1(C)[C@H](O)C(C)(C)[C@@H]1O,BPA_CID76382__prepared_state_019,20,Done,,2.017,-5.525,grid,-5.525,-2.138,0.0,-0.0,-2.532,-16.25,-0.2812,0.0,0.0,-23.15,-16.53,0.01961
CC1(C)[C@H](O)C(C)(C)[C@@H]1O,BPA_CID76382__prepared_state_019,20,Done,,2.017,-5.194,grid,-5.194,-1.907,0.0,-0.0,-2.25,-15.8,-1.647,0.0,0.0,-23.13,-17.45,1.097
CC1(C)[C@H](O)C(C)(C)[C@@H]1O,BPA_CID76382__prepared_state_019,20,Done,,2.017,-5.538,grid,-5.538,-1.734,-0.2621,-0.0,-2.446,-14.44,-2.5,0.0,0.0,-23.04,-16.94,1.084
CC1(C)[C@H](O)C(C)(C)[C@@H]1O,BPA_CID76382__prepared_state_019,20,Done,,2.017,-5.281,grid,-5.281,-1.876,0.0,-0.0,-2.428,-16.67,-0.9556,0.0,0.0,-22.97,-17.62,1.982
CC1(C)[C@H](O)C(C)(C)[C@@H]1O,BPA_CID76382__prepared_state_019,20,Done,,2.017,-5.731,grid,-5.731,-2.134,-0.1652,-0.0,-2.402,-15.63,-1.657,0.0,0.0,-22.91,-17.29,2.498
CC1(C)[C@H](O)C(C)(C)[C@@H]1O,BPA_CID76382__prepared_state_019,20,Done,,2.017,-5.239,grid,-5.239,-1.863,0.0,-0.0,-2.385,-15.66,-1.381,0.0,0.0,-22.79,-17.05,1.077
CC1(C)[C@H](O)C(C)(C)[C@H]1O,BPA_CID76382__prepared_state_020,21,Done,,1.993,-6.116,grid,-6.116,-2.023,-0.32,-0.0,-2.406,-16.65,-3.563,0.0,0.0,-27.04,-20.21,1.121
CC1(C)[C@H](O)C(C)(C)[C@H]1O,BPA_CID76382__prepared_state_020,21,Done,,1.993,-5.98,grid,-5.98,-2.02,-0.275,-0.0,-2.377,-16.78,-3.126,0.0,0.0,-26.51,-19.91,1.24
CC1(C)[C@H](O)C(C)(C)[C@H]1O,BPA_CID76382__prepared_state_020,21,Done,,1.993,-5.989,grid,-5.989,-2.02,-0.275,-0.0,-2.385,-16.78,-3.127,0.0,0.0,-26.48,-19.91,1.331
CC1(C)[C@H](O)C(C)(C)[C@H]1O,BPA_CID76382__prepared_state_020,21,Done,,1.993,-5.995,grid,-5.995,-1.924,-0.32,-0.0,-2.376,-15.15,-4.12,0.0,0.0,-25.98,-19.27,1.069
CC1(C)[C@H](O)C(C)(C)[C@H]1O,BPA_CID76382__prepared_state_020,21,Done,,1.993,-5.922,grid,-5.922,-2.019,-0.2721,-0.0,-2.376,-16.68,-2.807,0.0,0.0,-25.44,-19.48,2.381
CC1(C)[C@H](O)C(C)(C)[C@H]1O,BPA_CID76382__prepared_state_020,21,Done,,1.993,-5.92,grid,-5.92,-2.018,-0.2715,-0.0,-2.377,-16.64,-2.81,0.0,0.0,-25.42,-19.45,2.362
CC1(C)[C@H](O)C(C)(C)[C@H]1O,BPA_CID76382__prepared_state_020,21,Done,,1.993,-5.991,grid,-5.991,-2.076,-0.3193,-0.0,-2.384,-16.47,-2.586,0.0,0.0,-25.12,-19.06,2.34
CC1(C)[C@H](O)C(C)(C)[C@H]1O,BPA_CID76382__prepared_state_020,21,Done,,1.993,-5.57,grid,-5.57,-2.191,0.0,-0.0,-2.336,-17.93,-0.9761,0.0,0.0,-24.6,-18.9,2.061
CC1(C)[C@H](O)C(C)(C)[C@H]1O,BPA_CID76382__prepared_state_020,21,Done,,1.993,-5.614,grid,-5.614,-2.215,0.0,-0.0,-2.455,-17.88,-0.3345,0.0,0.0,-24.4,-18.21,1.186
CC1(C)[C@H](O)C(C)(C)[C@H]1O,BPA_CID76382__prepared_state_020,21,Done,,1.993,-5.498,grid,-5.498,-2.176,0.0,-0.0,-2.351,-17.76,-0.55,0.0,0.0,-24.37,-18.31,1.159
CC1(C)[C@H](O)C(C)(C)[C@H]1O,BPA_CID76382__prepared_state_020,21,Done,,1.993,-5.57,grid,-5.57,-2.187,0.0,-0.0,-2.508,-17.78,0.08619,0.0,0.0,-24.36,-17.69,0.1199
CC1(C)[C@H](O)C(C)(C)[C@H]1O,BPA_CID76382__prepared_state_020,21,Done,,1.993,-5.684,grid,-5.684,-2.148,-0.1638,-0.0,-2.351,-16.07,-1.451,0.0,0.0,-23.72,-17.52,1.333
CC1(C)[C@H](O)C(C)(C)[C@H]1O,BPA_CID76382__prepared_state_020,21,Done,,1.993,-5.535,grid,-5.535,-2.166,0.0,-0.0,-2.425,-17.67,-0.4036,0.0,0.0,-23.62,-18.07,2.278
CC1(C)[C@H](O)C(C)(C)[C@H]1O,BPA_CID76382__prepared_state_020,21,Done,,1.993,-5.333,grid,-5.333,-1.866,0.0,-0.0,-2.433,-16.26,-1.472,0.0,0.0,-23.58,-17.73,1.18
CC1(C)[C@H](O)C(C)(C)[C@H]1O,BPA_CID76382__prepared_state_020,21,Done,,1.993,-5.491,grid,-5.491,-1.987,-0.02746,-0.0,-2.443,-15.65,-1.675,0.0,0.0,-23.45,-17.32,1.007
CC1(C)[C@H](O)C(C)(C)[C@H]1O,BPA_CID76382__prepared_state_020,21,Done,,1.993,-5.428,grid,-5.428,-2.158,0.0,-0.0,-2.414,-17.66,0.1781,0.0,0.0,-23.44,-17.48,1.189
CC1(C)[C@H](O)C(C)(C)[C@H]1O,BPA_CID76382__prepared_state_020,21,Done,,1.993,-5.633,grid,-5.633,-2.144,-0.1379,-0.0,-2.352,-15.98,-1.334,0.0,0.0,-23.43,-17.31,1.369
CC1(C)[C@H](O)C(C)(C)[C@H]1O,BPA_CID76382__prepared_state_020,21,Done,,1.993,-5.512,grid,-5.512,-2.254,0.0,-0.0,-2.432,-16.69,0.06064,0.0,0.0,-23.28,-16.63,0.0117
CC1(C)[C@H](O)C(C)(C)[C@H]1O,BPA_CID76382__prepared_state_020,21,Done,,1.993,-5.636,grid,-5.636,-2.177,0.0,-0.0,-2.494,-15.8,-1.167,0.0,0.0,-23.24,-16.97,1.074
CC1(C)[C@H](O)C(C)(C)[C@H]1O,BPA_CID76382__prepared_state_020,21,Done,,1.993,-5.142,grid,-5.142,-1.768,0.0,-0.0,-2.429,-16.31,-0.8629,0.0,0.0,-22.88,-17.17,0.9955
COC(=O)C(c1ccc(O)cc1)c1ccc(O)cc1,BPA_CID78805__prepared_state_021,22,Done,,3.484,-8.962,grid,-8.964,-3.681,-0.4313,-0.0,-2.8,-33.48,-7.81,0.7943,0.0,-60.56,-41.29,6.337
COC(=O)C(c1ccc(O)cc1)c1ccc(O)cc1,BPA_CID78805__prepared_state_021,22,Done,,3.484,-8.603,grid,-8.605,-3.561,-0.449,-0.0,-2.549,-31.39,-8.477,0.7943,0.0,-59.17,-39.87,4.472
COC(=O)C(c1ccc(O)cc1)c1ccc(O)cc1,BPA_CID78805__prepared_state_021,22,Done,,3.484,-8.89,grid,-8.892,-3.908,-0.3437,-0.0,-2.745,-30.96,-7.614,0.7943,0.0,-58.18,-38.57,5.287
COC(=O)C(c1ccc(O)cc1)c1ccc(O)cc1,BPA_CID78805__prepared_state_021,22,Done,,3.484,-8.739,grid,-8.741,-3.871,-0.32,-0.0,-2.69,-30.65,-7.479,0.7943,0.0,-57.89,-38.13,4.233
COC(=O)C(c1ccc(O)cc1)c1ccc(O)cc1,BPA_CID78805__prepared_state_021,22,Done,,3.484,-8.741,grid,-8.743,-3.869,-0.32,-0.0,-2.692,-30.55,-7.519,0.7943,0.0,-57.65,-38.07,4.61
COC(=O)C(c1ccc(O)cc1)c1ccc(O)cc1,BPA_CID78805__prepared_state_021,22,Done,,3.484,-8.776,grid,-8.779,-3.82,-0.608,-0.0,-2.607,-34.31,-5.479,0.7943,0.0,-57.06,-39.79,9.403
COC(=O)C(c1ccc(O)cc1)c1ccc(O)cc1,BPA_CID78805__prepared_state_021,22,Done,,3.484,-8.807,grid,-8.809,-3.896,-0.3245,-0.0,-2.741,-28.94,-7.964,0.7943,0.0,-56.92,-36.9,4.057
COC(=O)C(c1ccc(O)cc1)c1ccc(O)cc1,BPA_CID78805__prepared_state_021,22,Done,,3.484,-8.837,grid,-8.84,-3.949,-0.3361,-0.0,-2.723,-28.5,-8.005,0.7943,0.0,-56.64,-36.5,3.975
COC(=O)C(c1ccc(O)cc1)c1ccc(O)cc1,BPA_CID78805__prepared_state_021,22,Done,,3.484,-7.864,grid,-7.866,-3.346,-0.2553,-0.0,-2.78,-34.35,-3.744,0.7943,0.0,-56.6,-38.1,2.358
COC(=O)C(c1ccc(O)cc1)c1ccc(O)cc1,BPA_CID78805__prepared_state_021,22,Done,,3.484,-8.377,grid,-8.379,-3.537,-0.356,-0.0,-2.595,-30.46,-7.748,0.7943,0.0,-56.51,-38.21,5.346
COC(=O)C(c1ccc(O)cc1)c1ccc(O)cc1,BPA_CID78805__prepared_state_021,22,Done,,3.484,-8.336,grid,-8.338,-3.538,-0.3593,-0.0,-2.553,-30.64,-7.671,0.7943,0.0,-56.43,-38.31,5.496
COC(=O)C(c1ccc(O)cc1)c1ccc(O)cc1,BPA_CID78805__prepared_state_021,22,Done,,3.484,-8.636,grid,-8.638,-3.837,-0.5789,-0.0,-2.626,-31.89,-5.308,0.7943,0.0,-55.85,-37.2,5.922
COC(=O)C(c1ccc(O)cc1)c1ccc(O)cc1,BPA_CID78805__prepared_state_021,22,Done,,3.484,-8.819,grid,-8.821,-3.91,-0.3308,-0.0,-2.736,-28.77,-8.003,0.7943,0.0,-55.68,-36.77,6.334
COC(=O)C(c1ccc(O)cc1)c1ccc(O)cc1,BPA_CID78805__prepared_state_021,22,Done,,3.484,-8.092,grid,-8.094,-3.53,-0.32,-0.0,-2.59,-30.62,-6.119,0.7943,0.0,-54.43,-36.74,5.117
COC(=O)C(c1ccc(O)cc1)c1ccc(O)cc1,BPA_CID78805__prepared_state_021,22,Done,,3.484,-8.669,grid,-8.672,-3.819,-0.5929,-0.0,-2.628,-32.22,-5.429,0.7943,0.0,-54.17,-37.65,10.36
COC(=O)C(c1ccc(O)cc1)c1ccc(O)cc1,BPA_CID78805__prepared_state_021,22,Done,,3.484,-5.979,grid,-5.981,-3.361,-0.4384,-0.0,0.04299,-36.07,-6.514,0.556,0.0,-53.74,-42.58,7.605
COC(=O)C(c1ccc(O)cc1)c1ccc(O)cc1,BPA_CID78805__prepared_state_021,22,Done,,3.484,-8.401,grid,-8.403,-3.793,-0.5829,-0.0,-2.797,-30.23,-3.417,0.7943,0.0,-53.44,-33.64,2.461
COC(=O)C(c1ccc(O)cc1)c1ccc(O)cc1,BPA_CID78805__prepared_state_021,22,Done,,3.484,-8.054,grid,-8.056,-3.773,-0.2187,-0.0,-2.522,-30.48,-3.832,0.556,0.0,-52.63,-34.31,3.687
COC(=O)C(c1ccc(O)cc1)c1ccc(O)cc1,BPA_CID78805__prepared_state_021,22,Done,,3.484,-5.403,grid,-5.406,-3.32,-0.32,-0.0,0.0378,-37.46,-4.833,0.7943,0.0,-52.15,-42.29,7.34
COC(=O)C(c1ccc(O)cc1)c1ccc(O)cc1,BPA_CID78805__prepared_state_021,22,Done,,3.484,-5.355,grid,-5.357,-3.314,-0.2943,-0.0,0.03228,-37.45,-4.685,0.7943,0.0,-51.74,-42.13,7.604
Cc1cc(Cc2cc(C)c(O)c(C)c2)cc(C)c1O,BPA_CID79345__prepared_state_022,23,Done,,1.755,-8.246,grid,-8.246,-4.051,0.0,-0.0,-2.561,-37.67,-1.916,0.5364,0.0,-51.09,-39.58,3.848
Cc1cc(Cc2cc(C)c(O)c(C)c2)cc(C)c1O,BPA_CID79345__prepared_state_022,23,Done,,1.755,-8.91,grid,-8.91,-4.177,-0.3364,-0.0,-2.421,-31.58,-6.22,0.5364,0.0,-50.36,-37.8,3.893
Cc1cc(Cc2cc(C)c(O)c(C)c2)cc(C)c1O,BPA_CID79345__prepared_state_022,23,Done,,1.755,-8.027,grid,-8.027,-3.902,-0.2407,-0.0,-2.214,-29.11,-5.011,0.5364,0.0,-47.07,-34.12,0.2366
Cc1cc(Cc2cc(C)c(O)c(C)c2)cc(C)c1O,BPA_CID79345__prepared_state_022,23,Done,,1.755,-8.954,grid,-8.955,-4.818,-0.16,-0.0,-2.414,-28.7,-4.429,0.5364,0.0,-47.05,-33.13,1.306
Cc1cc(Cc2cc(C)c(O)c(C)c2)cc(C)c1O,BPA_CID79345__prepared_state_022,23,Done,,1.755,-8.211,grid,-8.211,-4.068,-0.16,-0.0,-2.53,-30.79,-3.0,0.5364,0.0,-45.35,-33.79,3.63
Cc1cc(Cc2cc(C)c(O)c(C)c2)cc(C)c1O,BPA_CID79345__prepared_state_022,23,Done,,1.755,-7.577,grid,-7.578,-3.883,-0.04384,-0.0,-2.244,-29.52,-3.114,0.5364,0.0,-44.89,-32.63,0.165
Cc1cc(Cc2cc(C)c(O)c(C)c2)cc(C)c1O,BPA_CID79345__prepared_state_022,23,Done,,1.755,-8.014,grid,-8.014,-3.968,-0.2098,-0.0,-2.492,-28.94,-2.894,0.5364,0.0,-44.58,-31.84,0.6154
Cc1cc(Cc2cc(C)c(O)c(C)c2)cc(C)c1O,BPA_CID79345__prepared_state_022,23,Done,,1.755,-8.029,grid,-8.03,-4.302,-0.1889,-0.0,-2.369,-28.26,-1.958,0.5364,0.0,-42.72,-30.22,1.151
Cc1cc(Cc2cc(C)c(O)c(C)c2)cc(C)c1O,BPA_CID79345__prepared_state_022,23,Done,,1.755,-7.418,grid,-7.419,-4.077,0.0,-0.0,-2.301,-32.06,0.1797,0.5364,0.0,-42.59,-31.88,2.756
Cc1cc(Cc2cc(C)c(O)c(C)c2)cc(C)c1O,BPA_CID79345__prepared_state_022,23,Done,,1.755,-7.724,grid,-7.725,-4.138,0.0,-0.0,-2.561,-31.07,-0.0547,0.5364,0.0,-42.29,-31.13,2.823
Cc1cc(Cc2cc(C)c(O)c(C)c2)cc(C)c1O,BPA_CID79345__prepared_state_022,23,Done,,1.755,-7.794,grid,-7.794,-4.316,-0.1182,-0.0,-2.298,-28.34,-1.207,0.5364,0.0,-41.86,-29.54,0.7517
Cc1cc(Cc2cc(C)c(O)c(C)c2)cc(C)c1O,BPA_CID79345__prepared_state_022,23,Done,,1.755,-7.922,grid,-7.923,-4.378,-0.15,-0.0,-2.317,-27.23,-1.688,0.5364,0.0,-41.42,-28.92,0.7916
Cc1cc(Cc2cc(C)c(O)c(C)c2)cc(C)c1O,BPA_CID79345__prepared_state_022,23,Done,,1.755,-8.514,grid,-8.515,-4.484,-0.16,-0.0,-2.561,-23.37,-4.516,0.5364,0.0,-41.11,-27.88,1.284
Cc1cc(Cc2cc(C)c(O)c(C)c2)cc(C)c1O,BPA_CID79345__prepared_state_022,23,Done,,1.755,-7.801,grid,-7.801,-4.049,-0.1857,-0.0,-2.483,-25.84,-2.182,0.5364,0.0,-39.82,-28.03,1.814
Cc1cc(Cc2cc(C)c(O)c(C)c2)cc(C)c1O,BPA_CID79345__prepared_state_022,23,Done,,1.755,-7.564,grid,-7.565,-4.192,-0.1553,-0.0,-2.478,-24.25,-0.4271,0.5364,0.0,-36.44,-24.67,1.099
Cc1cc(Cc2cc(C)c(O)c(C)c2)cc(C)c1O,BPA_CID79345__prepared_state_022,23,Done,,1.755,-7.556,grid,-7.557,-3.845,-0.1493,-0.0,-2.452,-21.43,-3.829,0.5364,0.0,-36.05,-25.26,3.026
Cc1cc(Cc2cc(C)c(O)c(C)c2)cc(C)c1O,BPA_CID79345__prepared_state_022,23,Done,,1.755,-6.646,grid,-6.647,-3.753,0.0,-0.0,-2.406,-21.63,0.3818,0.5364,0.0,-31.8,-21.24,0.5312
Cc1cc(Cc2cc(C)c(O)c(C)c2)cc(C)c1O,BPA_CID79345__prepared_state_022,23,Done,,1.755,-7.4,grid,-7.4,-4.189,0.0,-0.0,-2.561,-18.02,-1.905,0.5364,0.0,-31.54,-19.92,0.8678
Cc1cc(Cc2cc(C)c(O)c(C)c2)cc(C)c1O,BPA_CID79345__prepared_state_022,23,Done,,1.755,-2.192,grid,-2.192,-0.06834,-0.04873,-0.0,-1.661,-11.31,-2.567,0.5364,0.0,-16.6,-13.87,1.683
Cc1cc(Cc2cc(C)c(O)c(C)c2)cc(C)c1O,BPA_CID79345__prepared_state_022,23,Done,,1.755,-2.423,grid,-2.424,-0.1935,-0.1797,-0.0,-1.661,-4.764,-4.582,0.5364,0.0,-12.58,-9.346,1.425
O=S(=O)(c1ccc(O)cc1)c1ccccc1O,BPA_CID79381__prepared_state_023,24,Done,,2.446,-7.952,grid,-8.265,-3.135,-0.4754,-0.0,-2.693,-32.7,-5.908,0.5589,0.0,-56.36,-38.61,3.47
O=S(=O)(c1ccc(O)cc1)c1ccccc1O,BPA_CID79381__prepared_state_023,24,Done,,2.446,-7.842,grid,-8.156,-3.179,-0.4395,-0.0,-2.582,-32.21,-6.024,0.5589,0.0,-55.7,-38.24,3.525
O=S(=O)(c1ccc(O)cc1)c1ccccc1O,BPA_CID79381__prepared_state_023,24,Done,,2.446,-7.468,grid,-7.782,-2.806,-0.32,-0.0,-2.586,-29.94,-7.542,0.5589,0.0,-53.94,-37.49,3.768
O=S(=O)(c1ccc(O)cc1)c1ccccc1O,BPA_CID79381__prepared_state_023,24,Done,,2.446,-7.445,grid,-7.758,-2.823,-0.32,-0.0,-2.64,-31.3,-6.458,0.5589,0.0,-53.68,-37.76,4.737
O=S(=O)(c1ccc(O)cc1)c1ccccc1O,BPA_CID79381__prepared_state_023,24,Done,,2.446,-7.612,grid,-7.926,-3.346,-0.1644,-0.0,-2.662,-34.13,-2.919,0.3913,0.0,-53.54,-37.05,4.383
O=S(=O)(c1ccc(O)cc1)c1ccccc1O,BPA_CID79381__prepared_state_023,24,Done,,2.446,-7.601,grid,-7.915,-3.365,-0.1685,-0.0,-2.669,-34.11,-2.654,0.3913,0.0,-53.27,-36.77,4.302
O=S(=O)(c1ccc(O)cc1)c1ccccc1O,BPA_CID79381__prepared_state_023,24,Done,,2.446,-7.605,grid,-7.918,-3.367,-0.1685,-0.0,-2.669,-34.13,-2.658,0.3913,0.0,-53.2,-36.79,4.499
O=S(=O)(c1ccc(O)cc1)c1ccccc1O,BPA_CID79381__prepared_state_023,24,Done,,2.446,-7.008,grid,-7.322,-3.394,0.0,-0.0,-2.588,-35.14,-0.948,0.5589,0.0,-52.92,-36.08,0.8364
O=S(=O)(c1ccc(O)cc1)c1ccccc1O,BPA_CID79381__prepared_state_023,24,Done,,2.446,-7.226,grid,-7.54,-2.925,-0.16,-0.0,-2.719,-33.53,-4.126,0.5589,0.0,-52.71,-37.65,5.426
O=S(=O)(c1ccc(O)cc1)c1ccccc1O,BPA_CID79381__prepared_state_023,24,Done,,2.446,-7.268,grid,-7.582,-3.253,-0.1655,-0.0,-2.601,-32.96,-3.153,0.5589,0.0,-52.56,-36.11,2.849
O=S(=O)(c1ccc(O)cc1)c1ccccc1O,BPA_CID79381__prepared_state_023,24,Done,,2.446,-6.907,grid,-7.221,-3.381,0.0,-0.0,-2.516,-35.05,-0.8708,0.5589,0.0,-52.54,-35.92,0.7972
O=S(=O)(c1ccc(O)cc1)c1ccccc1O,BPA_CID79381__prepared_state_023,24,Done,,2.446,-7.191,grid,-7.505,-2.931,-0.16,-0.0,-2.696,-33.33,-4.069,0.5589,0.0,-52.51,-37.4,5.156
O=S(=O)(c1ccc(O)cc1)c1ccccc1O,BPA_CID79381__prepared_state_023,24,Done,,2.446,-7.489,grid,-7.802,-2.899,-0.32,-0.0,-2.71,-30.11,-6.177,0.5589,0.0,-52.08,-36.29,5.195
O=S(=O)(c1ccc(O)cc1)c1ccccc1O,BPA_CID79381__prepared_state_023,24,Done,,2.446,-6.875,grid,-7.189,-3.34,0.0,-0.0,-2.582,-34.92,-0.53,0.5589,0.0,-51.85,-35.45,1.087
O=S(=O)(c1ccc(O)cc1)c1ccccc1O,BPA_CID79381__prepared_state_023,24,Done,,2.446,-7.455,grid,-7.769,-2.889,-0.32,-0.0,-2.691,-29.76,-6.269,0.5589,0.0,-51.67,-36.03,5.332
O=S(=O)(c1ccc(O)cc1)c1ccccc1O,BPA_CID79381__prepared_state_023,24,Done,,2.446,-6.849,grid,-7.163,-3.37,0.0,-0.0,-2.528,-34.5,-0.6571,0.5589,0.0,-51.55,-35.16,0.9915
O=S(=O)(c1ccc(O)cc1)c1ccccc1O,BPA_CID79381__prepared_state_023,24,Done,,2.446,-7.066,grid,-7.38,-3.291,-0.05812,-0.0,-2.634,-34.44,-1.557,0.5589,0.0,-51.3,-36.0,4.188
O=S(=O)(c1ccc(O)cc1)c1ccccc1O,BPA_CID79381__prepared_state_023,24,Done,,2.446,-7.392,grid,-7.706,-3.02,-0.178,-0.0,-2.747,-30.76,-4.098,0.3913,0.0,-50.87,-34.86,4.307
O=S(=O)(c1ccc(O)cc1)c1ccccc1O,BPA_CID79381__prepared_state_023,24,Done,,2.446,-7.581,grid,-7.895,-3.167,-0.2145,-0.0,-2.829,-30.5,-3.669,0.3913,0.0,-50.68,-34.17,4.188
O=S(=O)(c1ccc(O)cc1)c1ccccc1O,BPA_CID79381__prepared_state_023,24,Done,,2.446,-7.55,grid,-7.864,-3.169,-0.1976,-0.0,-2.598,-29.78,-5.343,0.3913,0.0,-50.64,-35.13,6.034
O=S(=O)(c1ccc([O-])cc1)c1ccccc1O,BPA_CID79381__prepared_state_024,25,Done,,2.233,-5.936,grid,-6.873,-3.365,0.0,-0.0,-2.513,-33.04,0.6289,0.5628,0.0,-46.18,-32.41,0.5246
O=S(=O)(c1ccc([O-])cc1)c1ccccc1O,BPA_CID79381__prepared_state_024,25,Done,,2.233,-5.928,grid,-6.866,-3.346,0.0,-0.0,-2.577,-33.13,1.002,0.5628,0.0,-45.92,-32.13,0.4343
O=S(=O)(c1ccc([O-])cc1)c1ccccc1O,BPA_CID79381__prepared_state_024,25,Done,,2.233,-5.768,grid,-6.705,-3.195,0.0,-0.0,-2.432,-32.9,0.03031,0.5628,0.0,-45.83,-32.87,1.443
O=S(=O)(c1ccc([O-])cc1)c1ccccc1O,BPA_CID79381__prepared_state_024,25,Done,,2.233,-6.029,grid,-6.966,-3.122,0.0,-0.0,-2.731,-31.13,-0.7934,0.5628,0.0,-44.97,-31.93,2.353
O=S(=O)(c1ccc([O-])cc1)c1ccccc1O,BPA_CID79381__prepared_state_024,25,Done,,2.233,-5.691,grid,-6.629,-3.293,0.0,-0.0,-2.457,-32.58,1.249,0.5628,0.0,-44.42,-31.33,0.881
O=S(=O)(c1ccc([O-])cc1)c1ccccc1O,BPA_CID79381__prepared_state_024,25,Done,,2.233,-6.012,grid,-6.949,-3.293,0.0,-0.0,-2.606,-30.52,-0.5825,0.5628,0.0,-44.23,-31.1,2.112
O=S(=O)(c1ccc([O-])cc1)c1ccccc1O,BPA_CID79381__prepared_state_024,25,Done,,2.233,-5.811,grid,-6.749,-3.22,0.0,-0.0,-2.679,-33.32,1.688,0.5628,0.0,-44.1,-31.63,2.608
O=S(=O)(c1ccc([O-])cc1)c1ccccc1O,BPA_CID79381__prepared_state_024,25,Done,,2.233,-5.901,grid,-6.839,-3.324,0.0,-0.0,-2.642,-32.78,1.356,0.5628,0.0,-43.52,-31.42,3.721
O=S(=O)(c1ccc([O-])cc1)c1ccccc1O,BPA_CID79381__prepared_state_024,25,Done,,2.233,-5.807,grid,-6.744,-3.197,0.0,-0.0,-2.701,-32.77,1.527,0.5628,0.0,-43.33,-31.24,3.346
O=S(=O)(c1ccc([O-])cc1)c1ccccc1O,BPA_CID79381__prepared_state_024,25,Done,,2.233,-5.801,grid,-6.738,-3.133,0.0,-0.0,-2.688,-31.58,0.6599,0.5628,0.0,-43.32,-30.92,2.718
O=S(=O)(c1ccc([O-])cc1)c1ccccc1O,BPA_CID79381__prepared_state_024,25,Done,,2.233,-5.864,grid,-6.801,-3.325,0.0,-0.0,-2.637,-32.71,1.55,0.5628,0.0,-43.16,-31.16,3.765
O=S(=O)(c1ccc([O-])cc1)c1ccccc1O,BPA_CID79381__prepared_state_024,25,Done,,2.233,-5.934,grid,-6.871,-2.953,0.0,-0.0,-2.804,-29.83,-1.238,0.5628,0.0,-42.54,-31.07,5.101
O=S(=O)(c1ccc([O-])cc1)c1ccccc1O,BPA_CID79381__prepared_state_024,25,Done,,2.233,-5.714,grid,-6.651,-3.019,0.0,-0.0,-2.74,-29.32,0.07891,0.5628,0.0,-42.41,-29.25,0.8214
O=S(=O)(c1ccc([O-])cc1)c1ccccc1O,BPA_CID79381__prepared_state_024,25,Done,,2.233,-5.582,grid,-6.52,-3.063,0.0,-0.0,-2.723,-31.99,2.018,0.5628,0.0,-41.91,-29.97,2.733
O=S(=O)(c1ccc([O-])cc1)c1ccccc1O,BPA_CID79381__prepared_state_024,25,Done,,2.233,-5.536,grid,-6.473,-2.837,0.0,-0.0,-2.715,-28.57,-0.3701,0.5628,0.0,-41.79,-28.94,0.7305
O=S(=O)(c1ccc([O-])cc1)c1ccccc1O,BPA_CID79381__prepared_state_024,25,Done,,2.233,-5.896,grid,-6.833,-3.113,-0.02391,-0.0,-2.834,-29.76,0.4168,0.5628,0.0,-41.66,-29.35,3.266
O=S(=O)(c1ccc([O-])cc1)c1ccccc1O,BPA_CID79381__prepared_state_024,25,Done,,2.233,-5.754,grid,-6.691,-2.829,0.0,-0.0,-2.83,-29.7,-0.7319,0.5628,0.0,-41.36,-30.44,5.475
O=S(=O)(c1ccc([O-])cc1)c1ccccc1O,BPA_CID79381__prepared_state_024,25,Done,,2.233,-5.703,grid,-6.641,-3.021,0.0,-0.0,-2.65,-27.71,-0.9806,0.5628,0.0,-41.35,-28.69,1.805
O=S(=O)(c1ccc([O-])cc1)c1ccccc1O,BPA_CID79381__prepared_state_024,25,Done,,2.233,-5.365,grid,-6.303,-2.865,0.0,-0.0,-2.614,-30.08,0.7817,0.5628,0.0,-40.55,-29.3,3.242
O=S(=O)(c1ccc([O-])cc1)c1ccccc1O,BPA_CID79381__prepared_state_024,25,Done,,2.233,-5.784,grid,-6.721,-2.872,0.0,-0.0,-2.837,-24.56,-2.31,0.5628,0.0,-40.18,-26.87,0.8138
O=S(=O)(c1ccc(O)cc1)c1ccccc1[O-],BPA_CID79381__prepared_state_025,26,Done,,2.184,-6.689,grid,-7.803,-2.9,-0.32,-0.0,-2.835,-29.96,-5.418,0.5628,0.0,-49.57,-35.38,4.724
O=S(=O)(c1ccc(O)cc1)c1ccccc1[O-],BPA_CID79381__prepared_state_025,26,Done,,2.184,-6.688,grid,-7.803,-2.902,-0.32,-0.0,-2.834,-29.93,-5.415,0.5628,0.0,-49.38,-35.35,5.033
O=S(=O)(c1ccc(O)cc1)c1ccccc1[O-],BPA_CID79381__prepared_state_025,26,Done,,2.184,-6.324,grid,-7.438,-3.025,-0.16,-0.0,-2.657,-32.48,-3.568,0.5628,0.0,-48.41,-36.05,6.831
O=S(=O)(c1ccc(O)cc1)c1ccccc1[O-],BPA_CID79381__prepared_state_025,26,Done,,2.184,-6.302,grid,-7.417,-3.002,-0.16,-0.0,-2.655,-32.3,-3.654,0.5628,0.0,-48.23,-35.95,6.89
O=S(=O)(c1ccc(O)cc1)c1ccccc1[O-],BPA_CID79381__prepared_state_025,26,Done,,2.184,-6.585,grid,-7.699,-3.383,-0.1615,-0.0,-2.668,-32.44,-1.727,0.394,0.0,-48.15,-34.16,4.693
O=S(=O)(c1ccc(O)cc1)c1ccccc1[O-],BPA_CID79381__prepared_state_025,26,Done,,2.184,-6.666,grid,-7.78,-3.371,-0.2348,-0.0,-2.645,-30.47,-2.662,0.394,0.0,-47.12,-33.14,5.022
O=S(=O)(c1ccc(O)cc1)c1ccccc1[O-],BPA_CID79381__prepared_state_025,26,Done,,2.184,-6.919,grid,-8.033,-3.35,-0.3054,-0.0,-2.672,-27.89,-4.705,0.394,0.0,-46.91,-32.6,5.438
O=S(=O)(c1ccc(O)cc1)c1ccccc1[O-],BPA_CID79381__prepared_state_025,26,Done,,2.184,-6.868,grid,-7.982,-3.335,-0.2803,-0.0,-2.698,-27.94,-4.44,0.394,0.0,-46.23,-32.38,6.165
O=S(=O)(c1ccc(O)cc1)c1ccccc1[O-],BPA_CID79381__prepared_state_025,26,Done,,2.184,-6.246,grid,-7.36,-2.9,-0.16,-0.0,-2.686,-29.04,-4.834,0.5628,0.0,-45.89,-33.88,7.196
O=S(=O)(c1ccc(O)cc1)c1ccccc1[O-],BPA_CID79381__prepared_state_025,26,Done,,2.184,-6.416,grid,-7.53,-3.053,-0.1764,-0.0,-2.762,-29.09,-3.182,0.394,0.0,-45.79,-32.27,4.898
O=S(=O)(c1ccc(O)cc1)c1ccccc1[O-],BPA_CID79381__prepared_state_025,26,Done,,2.184,-6.539,grid,-7.653,-3.203,-0.1976,-0.0,-2.659,-27.69,-4.017,0.394,0.0,-45.4,-31.71,5.082
O=S(=O)(c1ccc(O)cc1)c1ccccc1[O-],BPA_CID79381__prepared_state_025,26,Done,,2.184,-6.508,grid,-7.622,-3.173,-0.1976,-0.0,-2.625,-28.15,-4.09,0.394,0.0,-45.02,-32.24,6.764
O=S(=O)(c1ccc(O)cc1)c1ccccc1[O-],BPA_CID79381__prepared_state_025,26,Done,,2.184,-6.245,grid,-7.359,-3.222,-0.16,-0.0,-2.688,-28.49,-1.726,0.394,0.0,-44.81,-30.22,2.032
O=S(=O)(c1ccc(O)cc1)c1ccccc1[O-],BPA_CID79381__prepared_state_025,26,Done,,2.184,-6.442,grid,-7.556,-3.036,-0.1976,-0.0,-2.644,-26.57,-4.959,0.394,0.0,-44.09,-31.53,6.914
O=S(=O)(c1ccc(O)cc1)c1ccccc1[O-],BPA_CID79381__prepared_state_025,26,Done,,2.184,-6.865,grid,-7.98,-3.405,-0.2961,-0.0,-2.701,-28.52,-4.761,0.5628,0.0,-43.61,-33.28,13.19
O=S(=O)(c1ccc(O)cc1)c1ccccc1[O-],BPA_CID79381__prepared_state_025,26,Done,,2.184,-6.225,grid,-7.339,-2.845,-0.1901,-0.0,-2.775,-24.7,-4.585,0.394,0.0,-43.33,-29.28,3.034
O=S(=O)(c1ccc(O)cc1)c1ccccc1[O-],BPA_CID79381__prepared_state_025,26,Done,,2.184,-6.393,grid,-7.507,-3.084,-0.2279,-0.0,-2.757,-28.31,-2.777,0.394,0.0,-43.21,-31.09,7.607
O=S(=O)(c1ccc(O)cc1)c1ccccc1[O-],BPA_CID79381__prepared_state_025,26,Done,,2.184,-6.074,grid,-7.189,-3.122,-0.161,-0.0,-2.743,-27.68,-1.15,0.394,0.0,-43.09,-28.83,1.961
O=S(=O)(c1ccc(O)cc1)c1ccccc1[O-],BPA_CID79381__prepared_state_025,26,Done,,2.184,-6.532,grid,-7.647,-3.003,-0.16,-0.0,-2.955,-22.36,-6.492,0.5628,0.0,-43.0,-28.85,4.137
O=S(=O)(c1ccc(O)cc1)c1ccccc1[O-],BPA_CID79381__prepared_state_025,26,Done,,2.184,-5.847,grid,-6.962,-3.028,-0.1249,-0.0,-2.658,-28.15,-2.039,0.5628,0.0,-43.0,-30.19,3.899
Cc1cc(C(C)(C)c2cc(C)c(O)c(C)c2)cc(C)c1O,BPA_CID79717__prepared_state_026,27,Done,,2.57,-9.026,grid,-9.026,-4.934,0.0,-0.0,-2.37,-38.12,-1.761,0.4482,0.0,-54.64,-39.88,2.454
Cc1cc(C(C)(C)c2cc(C)c(O)c(C)c2)cc(C)c1O,BPA_CID79717__prepared_state_026,27,Done,,2.57,-8.885,grid,-8.886,-4.866,0.0,-0.0,-2.37,-37.45,-1.502,0.4482,0.0,-53.51,-38.95,2.347
Cc1cc(C(C)(C)c2cc(C)c(O)c(C)c2)cc(C)c1O,BPA_CID79717__prepared_state_026,27,Done,,2.57,-8.867,grid,-8.868,-4.851,0.0,-0.0,-2.37,-37.55,-1.45,0.4482,0.0,-53.49,-39.0,2.411
Cc1cc(C(C)(C)c2cc(C)c(O)c(C)c2)cc(C)c1O,BPA_CID79717__prepared_state_026,27,Done,,2.57,-8.75,grid,-8.751,-4.877,0.0,-0.0,-2.37,-37.63,-0.4668,0.4482,0.0,-52.61,-38.1,1.973
Cc1cc(C(C)(C)c2cc(C)c(O)c(C)c2)cc(C)c1O,BPA_CID79717__prepared_state_026,27,Done,,2.57,-8.519,grid,-8.519,-4.779,0.0,-0.0,-2.37,-33.42,-0.9847,0.4482,0.0,-48.7,-34.41,1.597
Cc1cc(C(C)(C)c2cc(C)c(O)c(C)c2)cc(C)c1O,BPA_CID79717__prepared_state_026,27,Done,,2.57,-8.432,grid,-8.432,-4.157,-0.1768,-0.0,-2.37,-26.86,-5.559,0.4482,0.0,-46.46,-32.42,1.784
Cc1cc(C(C)(C)c2cc(C)c(O)c(C)c2)cc(C)c1O,BPA_CID79717__prepared_state_026,27,Done,,2.57,-8.374,grid,-8.374,-4.069,-0.2132,-0.0,-2.37,-26.23,-5.728,0.4482,0.0,-45.76,-31.96,2.051
Cc1cc(C(C)(C)c2cc(C)c(O)c(C)c2)cc(C)c1O,BPA_CID79717__prepared_state_026,27,Done,,2.57,-8.347,grid,-8.348,-4.054,-0.215,-0.0,-2.37,-26.12,-5.675,0.4482,0.0,-45.45,-31.8,2.266
Cc1cc(C(C)(C)c2cc(C)c(O)c(C)c2)cc(C)c1O,BPA_CID79717__prepared_state_026,27,Done,,2.57,-8.663,grid,-8.664,-4.503,-0.3361,-0.0,-2.37,-27.47,-3.532,0.4482,0.0,-45.37,-31.0,1.937
Cc1cc(C(C)(C)c2cc(C)c(O)c(C)c2)cc(C)c1O,BPA_CID79717__prepared_state_026,27,Done,,2.57,-7.985,grid,-7.986,-4.215,-0.1439,-0.0,-2.37,-27.05,-2.351,0.4482,0.0,-42.88,-29.4,1.33
Cc1cc(C(C)(C)c2cc(C)c(O)c(C)c2)cc(C)c1O,BPA_CID79717__prepared_state_026,27,Done,,2.57,-8.387,grid,-8.387,-4.458,-0.3153,-0.0,-2.37,-23.64,-3.402,0.4482,0.0,-40.85,-27.04,2.078
Cc1cc(C(C)(C)c2cc(C)c(O)c(C)c2)cc(C)c1O,BPA_CID79717__prepared_state_026,27,Done,,2.57,-8.136,grid,-8.137,-4.147,-0.1472,-0.0,-2.37,-20.93,-5.83,0.4482,0.0,-39.84,-26.76,2.654
Cc1cc(C(C)(C)c2cc(C)c(O)c(C)c2)cc(C)c1O,BPA_CID79717__prepared_state_026,27,Done,,2.57,-8.443,grid,-8.443,-4.428,-0.16,-0.0,-2.37,-20.3,-5.227,0.3137,0.0,-38.55,-25.53,3.843
Cc1cc(C(C)(C)c2cc(C)c(O)c(C)c2)cc(C)c1O,BPA_CID79717__prepared_state_026,27,Done,,2.57,-7.834,grid,-7.834,-4.073,-0.1181,-0.0,-2.37,-20.63,-4.601,0.4482,0.0,-37.46,-25.23,3.276
Cc1cc(C(C)(C)c2cc(C)c(O)c(C)c2)cc(C)c1O,BPA_CID79717__prepared_state_026,27,Done,,2.57,-8.138,grid,-8.138,-4.472,-0.2696,-0.0,-2.37,-20.07,-3.144,0.4482,0.0,-36.9,-23.21,1.452
Cc1cc(C(C)(C)c2cc(C)c(O)c(C)c2)cc(C)c1O,BPA_CID79717__prepared_state_026,27,Done,,2.57,-8.021,grid,-8.022,-4.165,-0.16,-0.0,-2.37,-17.95,-5.85,0.4482,0.0,-36.36,-23.8,3.3
Cc1cc(C(C)(C)c2cc(C)c(O)c(C)c2)cc(C)c1O,BPA_CID79717__prepared_state_026,27,Done,,2.57,-7.58,grid,-7.58,-4.103,0.0,-0.0,-2.37,-18.73,-4.131,0.4482,0.0,-35.39,-22.86,1.794
Cc1cc(C(C)(C)c2cc(C)c(O)c(C)c2)cc(C)c1O,BPA_CID79717__prepared_state_026,27,Done,,2.57,-7.938,grid,-7.938,-4.342,-0.16,-0.0,-2.37,-14.15,-5.381,0.4482,0.0,-32.43,-19.53,2.326
Cc1cc(C(C)(C)c2cc(C)c(O)c(C)c2)cc(C)c1O,BPA_CID79717__prepared_state_026,27,Done,,2.57,-7.748,grid,-7.749,-4.29,-0.16,-0.0,-2.37,-12.65,-4.967,0.4482,0.0,-30.45,-17.61,1.763
Cc1cc(C(C)(C)c2cc(C)c(O)c(C)c2)cc(C)c1O,BPA_CID79717__prepared_state_026,27,Done,,2.57,-7.086,grid,-7.086,-4.193,-0.16,-0.0,-2.37,-6.134,-3.364,0.4482,0.0,-20.82,-9.499,2.463
CC(C)CC(C)(c1ccc(O)cc1)c1ccc(O)cc1,BPA_CID81259__prepared_state_027,28,Done,,3.991,-9.137,grid,-9.139,-4.445,-0.456,-0.0,-2.415,-28.19,-7.648,0.734,0.0,-47.38,-35.84,8.536
CC(C)CC(C)(c1ccc(O)cc1)c1ccc(O)cc1,BPA_CID81259__prepared_state_027,28,Done,,3.991,-8.737,grid,-8.739,-4.386,-0.2888,-0.0,-2.466,-25.54,-5.57,0.5138,0.0,-45.2,-31.11,2.053
CC(C)CC(C)(c1ccc(O)cc1)c1ccc(O)cc1,BPA_CID81259__prepared_state_027,28,Done,,3.991,-8.783,grid,-8.785,-4.461,-0.2614,-0.0,-2.466,-22.84,-6.457,0.5138,0.0,-43.52,-29.3,1.932
CC(C)CC(C)(c1ccc(O)cc1)c1ccc(O)cc1,BPA_CID81259__prepared_state_027,28,Done,,3.991,-9.3,grid,-9.301,-4.459,-0.4873,-0.0,-2.466,-26.71,-7.119,0.5138,0.0,-43.4,-33.83,13.04
CC(C)CC(C)(c1ccc(O)cc1)c1ccc(O)cc1,BPA_CID81259__prepared_state_027,28,Done,,3.991,-8.546,grid,-8.548,-4.254,-0.5826,-0.0,-2.466,-27.24,-4.119,0.734,0.0,-42.39,-31.35,7.489
CC(C)CC(C)(c1ccc(O)cc1)c1ccc(O)cc1,BPA_CID81259__prepared_state_027,28,Done,,3.991,-8.543,grid,-8.544,-4.451,-0.32,-0.0,-2.449,-26.62,-4.847,0.734,0.0,-41.18,-31.47,10.15
CC(C)CC(C)(c1ccc(O)cc1)c1ccc(O)cc1,BPA_CID81259__prepared_state_027,28,Done,,3.991,-8.541,grid,-8.542,-4.56,-0.23,-0.0,-2.345,-24.15,-4.762,0.5138,0.0,-39.14,-28.91,9.093
CC(C)CC(C)(c1ccc(O)cc1)c1ccc(O)cc1,BPA_CID81259__prepared_state_027,28,Done,,3.991,-8.311,grid,-8.313,-4.293,-0.286,-0.0,-2.466,-26.29,-3.112,0.5138,0.0,-38.92,-29.41,9.73
CC(C)CC(C)(c1ccc(O)cc1)c1ccc(O)cc1,BPA_CID81259__prepared_state_027,28,Done,,3.991,-8.112,grid,-8.114,-4.494,-0.16,-0.0,-2.466,-19.46,-5.037,0.734,0.0,-38.18,-24.49,0.6983
CC(C)CC(C)(c1ccc(O)cc1)c1ccc(O)cc1,BPA_CID81259__prepared_state_027,28,Done,,3.991,-9.052,grid,-9.054,-4.377,-0.4917,-0.0,-2.466,-16.41,-9.414,0.5138,0.0,-37.07,-25.82,8.828
CC(C)CC(C)(c1ccc(O)cc1)c1ccc(O)cc1,BPA_CID81259__prepared_state_027,28,Done,,3.991,-8.174,grid,-8.176,-4.382,-0.1906,-0.0,-2.466,-18.42,-6.339,0.734,0.0,-34.42,-24.75,8.941
CC(C)CC(C)(c1ccc(O)cc1)c1ccc(O)cc1,BPA_CID81259__prepared_state_027,28,Done,,3.991,-7.931,grid,-7.933,-4.454,-0.16,-0.0,-2.466,-23.53,-2.743,0.734,0.0,-34.39,-26.27,11.19
CC(C)CC(C)(c1ccc(O)cc1)c1ccc(O)cc1,BPA_CID81259__prepared_state_027,28,Done,,3.991,-7.613,grid,-7.615,-4.506,-0.003357,-0.0,-2.466,-30.58,1.033,0.734,0.0,-34.2,-29.55,17.03
CC(C)CC(C)(c1ccc(O)cc1)c1ccc(O)cc1,BPA_CID81259__prepared_state_027,28,Done,,3.991,-7.61,grid,-7.611,-4.22,-0.32,-0.0,-2.39,-20.39,-2.637,0.734,0.0,-33.48,-23.03,5.421
CC(C)CC(C)(c1ccc(O)cc1)c1ccc(O)cc1,BPA_CID81259__prepared_state_027,28,Done,,3.991,-7.561,grid,-7.563,-4.248,-0.1502,-0.0,-2.466,-20.56,-1.232,0.5138,0.0,-30.76,-21.8,8.225
CC(C)CC(C)(c1ccc(O)cc1)c1ccc(O)cc1,BPA_CID81259__prepared_state_027,28,Done,,3.991,-7.545,grid,-7.546,-4.609,-0.02275,-0.0,-2.466,-16.14,-2.508,0.734,0.0,-30.56,-18.65,2.272
CC(C)CC(C)(c1ccc(O)cc1)c1ccc(O)cc1,BPA_CID81259__prepared_state_027,28,Done,,3.991,-7.386,grid,-7.388,-4.463,0.0,-0.0,-2.466,-16.08,-2.594,0.734,0.0,-29.89,-18.67,3.127
CC(C)CC(C)(c1ccc(O)cc1)c1ccc(O)cc1,BPA_CID81259__prepared_state_027,28,Done,,3.991,-7.501,grid,-7.503,-4.565,-0.03121,-0.0,-2.466,-15.75,-2.585,0.734,0.0,-29.79,-18.34,3.053
CC(C)CC(C)(c1ccc(O)cc1)c1ccc(O)cc1,BPA_CID81259__prepared_state_027,28,Done,,3.991,-7.321,grid,-7.323,-4.2,-0.1644,-0.0,-2.466,-14.57,-3.326,0.734,0.0,-29.42,-17.9,2.274
CC(C)CC(C)(c1ccc(O)cc1)c1ccc(O)cc1,BPA_CID81259__prepared_state_027,28,Done,,3.991,-7.668,grid,-7.67,-4.375,-0.3224,-0.0,-2.466,-15.42,-3.131,0.734,0.0,-29.01,-18.56,5.626
O=S(=O)(c1ccc(O)cc1)c1ccc(OCc2ccccc2)cc1,BPA_CID113063__prepared_state_028,29,Done,,6.824,-8.421,grid,-8.599,-5.144,-0.0144,-0.0,-2.032,-38.43,-2.031,0.8171,0.0,-51.24,-40.46,5.755
O=S(=O)(c1ccc(O)cc1)c1ccc(OCc2ccccc2)cc1,BPA_CID113063__prepared_state_028,29,Done,,6.824,-8.23,grid,-8.407,-5.151,0.0,-0.0,-1.982,-37.33,-1.499,0.8171,0.0,-48.78,-38.83,6.799
O=S(=O)(c1ccc(O)cc1)c1ccc(OCc2ccccc2)cc1,BPA_CID113063__prepared_state_028,29,Done,,6.824,-8.117,grid,-8.294,-5.224,0.0,-0.0,-1.909,-39.54,-0.009413,0.8171,0.0,-48.7,-39.55,8.052
O=S(=O)(c1ccc(O)cc1)c1ccc(OCc2ccccc2)cc1,BPA_CID113063__prepared_state_028,29,Done,,6.824,-8.469,grid,-8.646,-4.949,-0.32,-0.0,-1.623,-32.47,-6.254,0.8171,-0.01058,-48.67,-38.72,7.572
O=S(=O)(c1ccc(O)cc1)c1ccc(OCc2ccccc2)cc1,BPA_CID113063__prepared_state_028,29,Done,,6.824,-8.165,grid,-8.342,-5.228,0.0,-0.0,-1.933,-39.71,-0.08842,0.8171,0.0,-47.69,-39.8,10.73
O=S(=O)(c1ccc(O)cc1)c1ccc(OCc2ccccc2)cc1,BPA_CID113063__prepared_state_028,29,Done,,6.824,-8.008,grid,-8.186,-4.865,0.0,-0.0,-2.2,-31.89,-2.288,0.8171,0.0,-44.95,-34.17,4.454
O=S(=O)(c1ccc(O)cc1)c1ccc(OCc2ccccc2)cc1,BPA_CID113063__prepared_state_028,29,Done,,6.824,-8.382,grid,-8.559,-4.829,-0.16,-0.0,-2.295,-26.85,-4.998,0.8171,0.0,-43.33,-31.84,4.222
O=S(=O)(c1ccc(O)cc1)c1ccc(OCc2ccccc2)cc1,BPA_CID113063__prepared_state_028,29,Done,,6.824,-5.991,grid,-6.169,-4.764,-0.06092,-0.0,-0.08641,-32.48,-3.002,0.8171,0.0,-41.75,-35.48,7.051
O=S(=O)(c1ccc(O)cc1)c1ccc(OCc2ccccc2)cc1,BPA_CID113063__prepared_state_028,29,Done,,6.824,-7.307,grid,-7.484,-4.7,-0.16,-0.0,-1.385,-32.29,-2.949,0.8171,0.0,-40.9,-35.24,12.46
O=S(=O)(c1ccc(O)cc1)c1ccc(OCc2ccccc2)cc1,BPA_CID113063__prepared_state_028,29,Done,,6.824,-6.567,grid,-6.745,-5.151,0.0,-0.0,-0.7468,-37.38,1.37,0.8171,0.0,-40.53,-36.01,12.39
O=S(=O)(c1ccc(O)cc1)c1ccc(OCc2ccccc2)cc1,BPA_CID113063__prepared_state_028,29,Done,,6.824,-7.441,grid,-7.618,-5.035,-0.054,-0.0,-1.568,-32.42,-1.043,0.8171,0.0,-40.26,-33.46,10.62
O=S(=O)(c1ccc(O)cc1)c1ccc(OCc2ccccc2)cc1,BPA_CID113063__prepared_state_028,29,Done,,6.824,-7.304,grid,-7.481,-5.091,-0.1021,-0.0,-1.564,-35.56,1.583,0.8171,0.0,-40.07,-33.98,11.59
O=S(=O)(c1ccc(O)cc1)c1ccc(OCc2ccccc2)cc1,BPA_CID113063__prepared_state_028,29,Done,,6.824,-7.072,grid,-7.249,-4.978,-0.16,-0.0,-0.9396,-28.66,-3.706,0.8171,0.0,-39.62,-32.36,8.513
O=S(=O)(c1ccc(O)cc1)c1ccc(OCc2ccccc2)cc1,BPA_CID113063__prepared_state_028,29,Done,,6.824,-7.238,grid,-7.416,-4.712,0.0,-0.0,-2.246,-24.53,-0.3242,0.8171,0.0,-35.6,-24.85,2.072
O=S(=O)(c1ccc(O)cc1)c1ccc(OCc2ccccc2)cc1,BPA_CID113063__prepared_state_028,29,Done,,6.824,-6.672,grid,-6.849,-4.686,-0.16,-0.0,-1.044,-25.09,-3.477,0.8171,0.0,-33.32,-28.57,12.26
O=S(=O)(c1ccc(O)cc1)c1ccc(OCc2ccccc2)cc1,BPA_CID113063__prepared_state_028,29,Done,,6.824,-7.329,grid,-7.506,-4.931,-0.08054,-0.0,-1.858,-19.84,-3.071,0.8171,0.0,-30.57,-22.91,8.542
O=S(=O)(c1ccc(O)cc1)c1ccc(OCc2ccccc2)cc1,BPA_CID113063__prepared_state_028,29,Done,,6.824,-6.519,grid,-6.697,-4.918,-0.16,-0.0,-0.8723,-20.06,-3.739,0.8171,0.0,-27.74,-23.8,13.39
O=S(=O)(c1ccc(O)cc1)c1ccc(OCc2ccccc2)cc1,BPA_CID113063__prepared_state_028,29,Done,,6.824,-6.253,grid,-6.431,-4.815,0.0,-0.0,-1.494,-22.99,1.407,0.8171,0.0,-26.83,-21.58,9.942
O=S(=O)(c1ccc(O)cc1)c1ccc(OCc2ccccc2)cc1,BPA_CID113063__prepared_state_028,29,Done,,6.824,-5.857,grid,-6.034,-4.47,-0.32,-0.0,-0.4554,-13.64,-6.158,0.8171,0.0,-25.18,-19.8,8.415
O=S(=O)(c1ccc(O)cc1)c1ccc(OCc2ccccc2)cc1,BPA_CID113063__prepared_state_028,29,Done,,6.824,-6.409,grid,-6.587,-4.459,0.0,-0.0,-2.06,-17.67,-0.007569,0.8171,0.0,-25.13,-17.68,6.015
O=S(=O)(c1ccc([O-])cc1)c1ccc(OCc2ccccc2)cc1,BPA_CID113063__prepared_state_029,30,Done,,3.848,-7.299,grid,-8.1,-5.218,0.0,-0.0,-1.968,-37.82,1.042,0.8214,0.0,-45.62,-36.78,5.2
O=S(=O)(c1ccc([O-])cc1)c1ccc(OCc2ccccc2)cc1,BPA_CID113063__prepared_state_029,30,Done,,3.848,-5.677,grid,-6.478,-5.146,0.0,-0.0,-0.7492,-35.99,2.631,0.8214,0.0,-37.36,-33.36,10.3
O=S(=O)(c1ccc([O-])cc1)c1ccc(OCc2ccccc2)cc1,BPA_CID113063__prepared_state_029,30,Done,,3.848,-6.378,grid,-7.179,-5.053,0.0,-0.0,-1.633,-34.65,2.79,0.8214,0.0,-36.7,-31.86,10.61
O=S(=O)(c1ccc([O-])cc1)c1ccc(OCc2ccccc2)cc1,BPA_CID113063__prepared_state_029,30,Done,,3.848,-4.862,grid,-5.663,-4.71,0.0,-0.0,-0.1885,-31.93,0.07132,0.8214,0.0,-36.08,-31.86,7.561
O=S(=O)(c1ccc([O-])cc1)c1ccc(OCc2ccccc2)cc1,BPA_CID113063__prepared_state_029,30,Done,,3.848,-6.36,grid,-7.161,-4.652,0.0,-0.0,-2.234,-24.94,1.007,0.8214,0.0,-33.35,-23.93,1.397
O=S(=O)(c1ccc([O-])cc1)c1ccc(OCc2ccccc2)cc1,BPA_CID113063__prepared_state_029,30,Done,,3.848,-5.946,grid,-6.747,-4.835,0.0,-0.0,-1.386,-31.0,1.352,0.8214,0.0,-33.14,-29.64,12.06
O=S(=O)(c1ccc([O-])cc1)c1ccc(OCc2ccccc2)cc1,BPA_CID113063__prepared_state_029,30,Done,,3.848,-6.322,grid,-7.123,-4.465,0.0,-0.0,-2.285,-24.39,0.1697,0.8214,0.0,-29.84,-24.22,8.895
O=S(=O)(c1ccc([O-])cc1)c1ccc(OCc2ccccc2)cc1,BPA_CID113063__prepared_state_029,30,Done,,3.848,-4.666,grid,-5.467,-4.681,0.0,-0.0,-0.4384,-28.36,1.657,0.8214,0.0,-28.45,-26.71,11.96
O=S(=O)(c1ccc([O-])cc1)c1ccc(OCc2ccccc2)cc1,BPA_CID113063__prepared_state_029,30,Done,,3.848,-4.494,grid,-5.295,-4.704,0.0,-0.0,-0.1926,-24.63,0.07774,0.8214,0.0,-28.11,-24.55,7.84
O=S(=O)(c1ccc([O-])cc1)c1ccc(OCc2ccccc2)cc1,BPA_CID113063__prepared_state_029,30,Done,,3.848,-5.517,grid,-6.318,-4.703,0.0,-0.0,-1.547,-26.66,2.957,0.8214,0.0,-27.31,-23.7,10.63
O=S(=O)(c1ccc([O-])cc1)c1ccc(OCc2ccccc2)cc1,BPA_CID113063__prepared_state_029,30,Done,,3.848,-5.552,grid,-6.353,-4.983,0.0,-0.0,-1.228,-24.05,1.594,0.8214,0.0,-26.89,-22.46,9.094
O=S(=O)(c1ccc([O-])cc1)c1ccc(OCc2ccccc2)cc1,BPA_CID113063__prepared_state_029,30,Done,,3.848,-5.37,grid,-6.171,-5.087,0.0,-0.0,-0.9616,-24.23,1.786,0.8214,0.0,-26.07,-22.44,10.18
O=S(=O)(c1ccc([O-])cc1)c1ccc(OCc2ccccc2)cc1,BPA_CID113063__prepared_state_029,30,Done,,3.848,-5.867,grid,-6.668,-4.934,0.0,-0.0,-1.863,-15.22,0.4576,0.8214,0.0,-20.75,-14.77,6.876
O=S(=O)(c1ccc([O-])cc1)c1ccc(OCc2ccccc2)cc1,BPA_CID113063__prepared_state_029,30,Done,,3.848,-0.4298,grid,-1.231,-0.4919,0.0,-0.0,-1.063,-20.7,3.631,0.8214,-0.006996,-15.85,-17.07,5.925
O=S(=O)(c1ccc([O-])cc1)c1ccc(OCc2ccccc2)cc1,BPA_CID113063__prepared_state_029,30,Done,,3.848,-4.479,grid,-5.28,-4.233,-0.01686,-0.0,-1.489,-8.527,0.432,0.8214,0.0,-12.48,-8.095,6.143
O=S(=O)(c1ccc([O-])cc1)c1ccc(OCc2ccccc2)cc1,BPA_CID113063__prepared_state_029,30,Done,,3.848,-3.636,grid,-4.437,-4.432,0.0,-0.0,-0.6072,-12.01,2.543,0.8214,0.0,-10.39,-9.47,10.69
O=S(=O)(c1ccc([O-])cc1)c1ccc(OCc2ccccc2)cc1,BPA_CID113063__prepared_state_029,30,Done,,3.848,-5.318,grid,-6.119,-4.702,0.0,-0.0,-2.43,-2.386,2.066,0.8214,0.0,-5.644,-0.3192,6.638
O=S(=O)(c1ccc([O-])cc1)c1ccc(OCc2ccccc2)cc1,BPA_CID113063__prepared_state_029,30,Done,,3.848,0.1363,grid,-0.6647,-0.3164,0.0,-0.0,-1.093,-7.452,1.999,0.8214,-0.003746,-5.618,-5.454,1.549
O=S(=O)(c1ccc([O-])cc1)c1ccc(OCc2ccccc2)cc1,BPA_CID113063__prepared_state_029,30,Done,,3.848,-4.955,grid,-5.756,-4.526,0.0,-0.0,-2.176,-3.592,2.033,0.8214,0.0,-4.375,-1.56,10.63
O=S(=O)(c1ccc([O-])cc1)c1ccc(OCc2ccccc2)cc1,BPA_CID113063__prepared_state_029,30,Done,,3.848,-3.827,grid,-4.628,-4.907,0.0,-0.0,-0.4242,-3.522,0.3825,0.8214,0.0,-4.056,-3.139,11.24
CC(C)c1cc(C(C)(C)c2ccc(O)c(C(C)C)c2)ccc1O,BPA_CID228537__prepared_state_030,31,Done,,4.381,-8.719,grid,-8.72,-4.846,-0.32,-0.0,-2.179,-18.99,-5.372,0.3802,0.0,-33.09,-24.37,1.646
CC(C)c1cc(C(C)(C)c2ccc(O)c(C(C)C)c2)ccc1O,BPA_CID228537__prepared_state_030,31,Done,,4.381,-8.783,grid,-8.783,-4.867,-0.5032,-0.0,-2.179,-22.18,-3.374,0.3802,0.0,-32.87,-25.55,4.605
CC(C)c1cc(C(C)(C)c2ccc(O)c(C(C)C)c2)ccc1O,BPA_CID228537__prepared_state_030,31,Done,,4.381,-7.754,grid,-7.754,-4.566,-0.002632,-0.0,-2.179,-23.73,-1.337,0.3802,0.0,-31.9,-25.06,3.303
CC(C)c1cc(C(C)(C)c2ccc(O)c(C(C)C)c2)ccc1O,BPA_CID228537__prepared_state_030,31,Done,,4.381,-7.913,grid,-7.914,-4.735,-0.1326,-0.0,-2.179,-23.7,-0.4127,0.3802,0.0,-30.51,-24.12,4.537
CC(C)c1cc(C(C)(C)c2ccc(O)c(C(C)C)c2)ccc1O,BPA_CID228537__prepared_state_030,31,Done,,4.381,-8.116,grid,-8.117,-4.885,-0.3159,-0.0,-2.179,-22.41,0.02661,0.3802,0.0,-29.74,-22.39,3.066
CC(C)c1cc(C(C)(C)c2ccc(O)c(C(C)C)c2)ccc1O,BPA_CID228537__prepared_state_030,31,Done,,4.381,-8.737,grid,-8.738,-4.939,-0.32,-0.0,-2.179,-19.15,-4.82,0.3802,0.0,-28.24,-23.97,10.6
CC(C)c1cc(C(C)(C)c2ccc(O)c(C(C)C)c2)ccc1O,BPA_CID228537__prepared_state_030,31,Done,,4.381,-7.911,grid,-7.912,-4.72,-0.2175,-0.0,-2.179,-20.29,-1.072,0.3802,0.0,-28.13,-21.36,3.777
CC(C)c1cc(C(C)(C)c2ccc(O)c(C(C)C)c2)ccc1O,BPA_CID228537__prepared_state_030,31,Done,,4.381,-8.696,grid,-8.697,-5.119,-0.2864,-0.0,-2.179,-22.02,-2.608,0.3802,0.0,-28.0,-24.63,12.32
CC(C)c1cc(C(C)(C)c2ccc(O)c(C(C)C)c2)ccc1O,BPA_CID228537__prepared_state_030,31,Done,,4.381,-8.067,grid,-8.067,-4.941,0.0,-0.0,-2.179,-28.49,0.6447,0.3802,0.0,-27.5,-27.85,18.35
CC(C)c1cc(C(C)(C)c2ccc(O)c(C(C)C)c2)ccc1O,BPA_CID228537__prepared_state_030,31,Done,,4.381,-8.247,grid,-8.247,-5.007,-0.07424,-0.0,-2.179,-22.58,-1.588,0.3802,0.0,-27.19,-24.17,12.03
CC(C)c1cc(C(C)(C)c2ccc(O)c(C(C)C)c2)ccc1O,BPA_CID228537__prepared_state_030,31,Done,,4.381,-7.785,grid,-7.785,-4.363,-0.2381,-0.0,-2.179,-16.1,-3.871,0.3802,0.0,-26.33,-19.97,4.327
CC(C)c1cc(C(C)(C)c2ccc(O)c(C(C)C)c2)ccc1O,BPA_CID228537__prepared_state_030,31,Done,,4.381,-7.455,grid,-7.456,-4.897,0.0,-0.0,-2.179,-22.03,2.271,0.3802,0.0,-26.33,-19.75,3.185
CC(C)c1cc(C(C)(C)c2ccc(O)c(C(C)C)c2)ccc1O,BPA_CID228537__prepared_state_030,31,Done,,4.381,-3.401,grid,-3.402,-0.6163,-0.32,-0.0,-1.279,-18.52,-4.272,0.3802,0.0,-26.11,-22.79,0.8085
CC(C)c1cc(C(C)(C)c2ccc(O)c(C(C)C)c2)ccc1O,BPA_CID228537__prepared_state_030,31,Done,,4.381,-8.556,grid,-8.556,-4.902,-0.32,-0.0,-2.179,-11.36,-6.449,0.3802,0.0,-25.88,-17.81,2.61
CC(C)c1cc(C(C)(C)c2ccc(O)c(C(C)C)c2)ccc1O,BPA_CID228537__prepared_state_030,31,Done,,4.381,-8.746,grid,-8.746,-4.68,-0.608,-0.0,-2.179,-14.23,-6.319,0.3802,0.0,-24.0,-20.55,12.26
CC(C)c1cc(C(C)(C)c2ccc(O)c(C(C)C)c2)ccc1O,BPA_CID228537__prepared_state_030,31,Done,,4.381,-7.685,grid,-7.685,-5.047,0.0,-0.0,-2.179,-16.58,-0.06763,0.3802,0.0,-23.4,-16.65,3.334
CC(C)c1cc(C(C)(C)c2ccc(O)c(C(C)C)c2)ccc1O,BPA_CID228537__prepared_state_030,31,Done,,4.381,-8.933,grid,-8.934,-5.244,-0.32,-0.0,-2.155,-17.54,-4.78,0.3802,0.0,-22.58,-22.32,19.04
CC(C)c1cc(C(C)(C)c2ccc(O)c(C(C)C)c2)ccc1O,BPA_CID228537__prepared_state_030,31,Done,,4.381,-8.067,grid,-8.067,-4.438,-0.608,-0.0,-2.179,-10.49,-4.656,0.3802,0.0,-22.47,-15.15,3.019
CC(C)c1cc(C(C)(C)c2ccc(O)c(C(C)C)c2)ccc1O,BPA_CID228537__prepared_state_030,31,Done,,4.381,-2.543,grid,-2.543,-0.1317,-0.16,-0.0,-1.279,-15.97,-3.695,0.3802,0.0,-21.97,-19.67,0.9674
CC(C)c1cc(C(C)(C)c2ccc(O)c(C(C)C)c2)ccc1O,BPA_CID228537__prepared_state_030,31,Done,,4.381,-2.851,grid,-2.851,-0.247,-0.32,-0.0,-1.279,-14.07,-4.547,0.3802,0.0,-20.77,-18.61,1.922
Oc1ccc(C2(c3ccc(O)cc3)CCCCC2)cc1,BPA_CID232446__prepared_state_031,32,Done,,5.083,-9.736,grid,-9.739,-4.508,-0.4707,-0.0,-2.347,-29.77,-8.479,0.347,0.0,-58.36,-38.24,1.587
Oc1ccc(C2(c3ccc(O)cc3)CCCCC2)cc1,BPA_CID232446__prepared_state_031,32,Done,,5.083,-9.358,grid,-9.362,-4.599,-0.4351,-0.0,-2.418,-32.64,-5.155,0.4957,0.0,-56.96,-37.8,1.866
Oc1ccc(C2(c3ccc(O)cc3)CCCCC2)cc1,BPA_CID232446__prepared_state_031,32,Done,,5.083,-9.421,grid,-9.424,-4.571,-0.4684,-0.0,-2.385,-32.92,-4.674,0.347,0.0,-56.66,-37.6,2.349
Oc1ccc(C2(c3ccc(O)cc3)CCCCC2)cc1,BPA_CID232446__prepared_state_031,32,Done,,5.083,-8.72,grid,-8.723,-4.738,-0.00127,-0.0,-2.479,-35.65,-1.449,0.4957,0.0,-54.71,-37.1,2.223
Oc1ccc(C2(c3ccc(O)cc3)CCCCC2)cc1,BPA_CID232446__prepared_state_031,32,Done,,5.083,-9.48,grid,-9.483,-4.49,-0.4688,-0.0,-2.479,-28.31,-7.503,0.4957,0.0,-53.76,-35.82,4.845
Oc1ccc(C2(c3ccc(O)cc3)CCCCC2)cc1,BPA_CID232446__prepared_state_031,32,Done,,5.083,-9.282,grid,-9.285,-4.706,-0.2991,-0.0,-2.479,-30.03,-4.306,0.347,0.0,-53.61,-34.33,1.31
Oc1ccc(C2(c3ccc(O)cc3)CCCCC2)cc1,BPA_CID232446__prepared_state_031,32,Done,,5.083,-9.102,grid,-9.105,-4.606,-0.4221,-0.0,-2.479,-31.62,-3.416,0.4957,0.0,-53.56,-35.03,2.051
Oc1ccc(C2(c3ccc(O)cc3)CCCCC2)cc1,BPA_CID232446__prepared_state_031,32,Done,,5.083,-9.089,grid,-9.092,-4.605,-0.4074,-0.0,-2.479,-31.62,-3.437,0.4957,0.0,-53.16,-35.05,2.822
Oc1ccc(C2(c3ccc(O)cc3)CCCCC2)cc1,BPA_CID232446__prepared_state_031,32,Done,,5.083,-8.478,grid,-8.481,-4.687,0.0,-0.0,-2.479,-34.76,-0.4859,0.4957,0.0,-53.15,-35.25,0.6169
Oc1ccc(C2(c3ccc(O)cc3)CCCCC2)cc1,BPA_CID232446__prepared_state_031,32,Done,,5.083,-9.39,grid,-9.393,-4.792,-0.2752,-0.0,-2.479,-28.28,-5.197,0.347,0.0,-53.03,-33.48,1.234
Oc1ccc(C2(c3ccc(O)cc3)CCCCC2)cc1,BPA_CID232446__prepared_state_031,32,Done,,5.083,-8.753,grid,-8.756,-4.765,-0.05528,-0.0,-2.479,-32.54,-2.166,0.4957,0.0,-52.76,-34.7,1.481
Oc1ccc(C2(c3ccc(O)cc3)CCCCC2)cc1,BPA_CID232446__prepared_state_031,32,Done,,5.083,-8.48,grid,-8.483,-4.679,0.0,-0.0,-2.479,-34.72,-0.5668,0.4957,0.0,-52.39,-35.28,2.205
Oc1ccc(C2(c3ccc(O)cc3)CCCCC2)cc1,BPA_CID232446__prepared_state_031,32,Done,,5.083,-9.055,grid,-9.058,-4.417,-0.4164,-0.0,-2.256,-29.13,-5.735,0.347,0.0,-52.28,-34.86,4.052
Oc1ccc(C2(c3ccc(O)cc3)CCCCC2)cc1,BPA_CID232446__prepared_state_031,32,Done,,5.083,-9.162,grid,-9.165,-4.776,-0.3056,-0.0,-2.479,-29.84,-3.062,0.347,0.0,-52.09,-32.9,0.9836
Oc1ccc(C2(c3ccc(O)cc3)CCCCC2)cc1,BPA_CID232446__prepared_state_031,32,Done,,5.083,-8.974,grid,-8.977,-4.439,-0.5485,-0.0,-2.479,-27.94,-4.061,0.4957,0.0,-50.75,-32.0,1.039
Oc1ccc(C2(c3ccc(O)cc3)CCCCC2)cc1,BPA_CID232446__prepared_state_031,32,Done,,5.083,-8.41,grid,-8.413,-4.858,0.0,-0.0,-2.479,-32.24,0.2703,0.4957,0.0,-48.23,-31.97,3.611
Oc1ccc(C2(c3ccc(O)cc3)CCCCC2)cc1,BPA_CID232446__prepared_state_031,32,Done,,5.083,-8.724,grid,-8.727,-4.564,-0.1734,-0.0,-2.479,-26.17,-3.66,0.347,0.0,-46.99,-29.83,3.155
Oc1ccc(C2(c3ccc(O)cc3)CCCCC2)cc1,BPA_CID232446__prepared_state_031,32,Done,,5.083,-9.042,grid,-9.045,-4.59,-0.4503,-0.0,-2.479,-24.19,-4.42,0.347,0.0,-45.53,-28.61,4.991
Oc1ccc(C2(c3ccc(O)cc3)CCCCC2)cc1,BPA_CID232446__prepared_state_031,32,Done,,5.083,-8.048,grid,-8.051,-4.668,0.0,-0.0,-2.479,-29.05,0.3515,0.4957,0.0,-45.5,-28.7,0.9675
Oc1ccc(C2(c3ccc(O)cc3)CCCCC2)cc1,BPA_CID232446__prepared_state_031,32,Done,,5.083,-8.147,grid,-8.15,-4.62,-0.141,-0.0,-2.479,-29.27,0.3874,0.4957,0.0,-44.72,-28.88,3.319
CC(c1ccc(O)cc1)c1ccc(O)cc1,BPA_CID608116__prepared_state_032,33,Done,,2.879,-8.489,grid,-8.491,-3.549,-0.3782,-0.0,-2.637,-30.05,-7.684,0.7277,0.0,-56.54,-37.74,2.769
CC(c1ccc(O)cc1)c1ccc(O)cc1,BPA_CID608116__prepared_state_032,33,Done,,2.879,-8.43,grid,-8.432,-3.5,-0.4452,-0.0,-2.715,-32.16,-5.948,0.7277,0.0,-56.51,-38.11,3.292
CC(c1ccc(O)cc1)c1ccc(O)cc1,BPA_CID608116__prepared_state_032,33,Done,,2.879,-8.426,grid,-8.428,-3.503,-0.451,-0.0,-2.7,-32.09,-5.98,0.7277,0.0,-56.35,-38.07,3.532
CC(c1ccc(O)cc1)c1ccc(O)cc1,BPA_CID608116__prepared_state_032,33,Done,,2.879,-8.562,grid,-8.564,-3.71,-0.32,-0.0,-2.775,-30.49,-6.414,0.7277,0.0,-56.16,-36.91,2.225
CC(c1ccc(O)cc1)c1ccc(O)cc1,BPA_CID608116__prepared_state_032,33,Done,,2.879,-8.439,grid,-8.441,-3.507,-0.4478,-0.0,-2.713,-32.17,-5.948,0.7277,0.0,-56.16,-38.12,4.065
CC(c1ccc(O)cc1)c1ccc(O)cc1,BPA_CID608116__prepared_state_032,33,Done,,2.879,-8.43,grid,-8.432,-3.5,-0.4467,-0.0,-2.713,-32.14,-5.953,0.7277,0.0,-55.88,-38.09,4.531
CC(c1ccc(O)cc1)c1ccc(O)cc1,BPA_CID608116__prepared_state_032,33,Done,,2.879,-8.457,grid,-8.459,-3.656,-0.32,-0.0,-2.753,-30.37,-6.266,0.7277,0.0,-55.43,-36.64,2.651
CC(c1ccc(O)cc1)c1ccc(O)cc1,BPA_CID608116__prepared_state_032,33,Done,,2.879,-8.512,grid,-8.515,-3.677,-0.32,-0.0,-2.786,-30.48,-6.232,0.7277,0.0,-55.43,-36.71,3.065
CC(c1ccc(O)cc1)c1ccc(O)cc1,BPA_CID608116__prepared_state_032,33,Done,,2.879,-8.54,grid,-8.543,-3.692,-0.32,-0.0,-2.782,-30.57,-6.312,0.7277,0.0,-55.42,-36.89,3.565
CC(c1ccc(O)cc1)c1ccc(O)cc1,BPA_CID608116__prepared_state_032,33,Done,,2.879,-8.38,grid,-8.383,-3.526,-0.32,-0.0,-2.694,-29.77,-7.217,0.7277,0.0,-55.38,-36.99,3.085
CC(c1ccc(O)cc1)c1ccc(O)cc1,BPA_CID608116__prepared_state_032,33,Done,,2.879,-8.24,grid,-8.242,-3.685,-0.3434,-0.0,-2.69,-31.56,-4.493,0.7277,0.0,-54.99,-36.05,1.319
CC(c1ccc(O)cc1)c1ccc(O)cc1,BPA_CID608116__prepared_state_032,33,Done,,2.879,-8.289,grid,-8.292,-3.689,-0.3734,-0.0,-2.663,-31.59,-4.764,0.7277,0.0,-54.77,-36.35,2.593
CC(c1ccc(O)cc1)c1ccc(O)cc1,BPA_CID608116__prepared_state_032,33,Done,,2.879,-8.199,grid,-8.202,-3.747,-0.32,-0.0,-2.763,-32.05,-3.313,0.7277,0.0,-54.48,-35.36,0.763
CC(c1ccc(O)cc1)c1ccc(O)cc1,BPA_CID608116__prepared_state_032,33,Done,,2.879,-8.495,grid,-8.497,-3.534,-0.4263,-0.0,-2.848,-29.27,-6.353,0.7277,0.0,-53.96,-35.62,3.733
CC(c1ccc(O)cc1)c1ccc(O)cc1,BPA_CID608116__prepared_state_032,33,Done,,2.879,-8.593,grid,-8.595,-3.798,-0.608,-0.0,-2.673,-29.07,-5.273,0.7277,0.0,-53.84,-34.34,1.872
CC(c1ccc(O)cc1)c1ccc(O)cc1,BPA_CID608116__prepared_state_032,33,Done,,2.879,-8.476,grid,-8.478,-3.527,-0.4245,-0.0,-2.848,-29.27,-6.281,0.7277,0.0,-53.72,-35.56,3.984
CC(c1ccc(O)cc1)c1ccc(O)cc1,BPA_CID608116__prepared_state_032,33,Done,,2.879,-8.207,grid,-8.209,-3.458,-0.32,-0.0,-2.729,-29.65,-6.307,0.7277,0.0,-53.46,-35.96,4.036
CC(c1ccc(O)cc1)c1ccc(O)cc1,BPA_CID608116__prepared_state_032,33,Done,,2.879,-8.338,grid,-8.341,-3.566,-0.3621,-0.0,-2.848,-29.87,-5.324,0.7277,0.0,-53.44,-35.19,3.17
CC(c1ccc(O)cc1)c1ccc(O)cc1,BPA_CID608116__prepared_state_032,33,Done,,2.879,-7.833,grid,-7.836,-3.725,-0.2065,-0.0,-2.488,-31.35,-3.843,0.7277,0.0,-53.34,-35.19,0.9639
CC(c1ccc(O)cc1)c1ccc(O)cc1,BPA_CID608116__prepared_state_032,33,Done,,2.879,-7.842,grid,-7.844,-3.723,-0.2083,-0.0,-2.489,-31.35,-3.899,0.7277,0.0,-53.19,-35.25,1.423
CC(c1ccccc1)(c1ccc(O)cc1)c1ccc(O)cc1,BPA_CID623849__prepared_state_033,34,Done,,3.343,-8.739,grid,-8.742,-4.997,-0.197,-0.0,-2.329,-16.46,-6.962,0.6484,0.0,-30.35,-23.42,6.66
CC(c1ccccc1)(c1ccc(O)cc1)c1ccc(O)cc1,BPA_CID623849__prepared_state_033,34,Done,,3.343,-8.745,grid,-8.748,-5.081,-0.1912,-0.0,-2.329,-15.55,-6.787,0.6484,0.0,-28.84,-22.34,7.539
CC(c1ccccc1)(c1ccc(O)cc1)c1ccc(O)cc1,BPA_CID623849__prepared_state_033,34,Done,,3.343,-8.248,grid,-8.252,-5.014,-0.1668,-0.0,-2.329,-16.96,-3.618,0.6484,0.0,-26.82,-20.58,6.898
CC(c1ccccc1)(c1ccc(O)cc1)c1ccc(O)cc1,BPA_CID623849__prepared_state_033,34,Done,,3.343,-8.396,grid,-8.399,-5.012,-0.5176,-0.0,-2.329,-13.35,-3.482,0.6484,0.0,-25.33,-16.83,2.714
CC(c1ccccc1)(c1ccc(O)cc1)c1ccc(O)cc1,BPA_CID623849__prepared_state_033,34,Done,,3.343,-8.341,grid,-8.345,-5.015,-0.3144,-0.0,-2.329,-14.93,-3.925,0.6484,0.0,-24.8,-18.85,7.708
CC(c1ccccc1)(c1ccc(O)cc1)c1ccc(O)cc1,BPA_CID623849__prepared_state_033,34,Done,,3.343,-8.431,grid,-8.435,-4.551,-0.2139,-0.0,-2.329,-15.73,-6.717,0.4539,0.0,-24.18,-22.45,16.34
CC(c1ccccc1)(c1ccc(O)cc1)c1ccc(O)cc1,BPA_CID623849__prepared_state_033,34,Done,,3.343,-7.688,grid,-7.692,-5.06,-0.08971,-0.0,-2.329,-15.67,-0.5159,0.6484,0.0,-23.94,-16.18,2.545
CC(c1ccccc1)(c1ccc(O)cc1)c1ccc(O)cc1,BPA_CID623849__prepared_state_033,34,Done,,3.343,-7.885,grid,-7.889,-4.915,-0.1374,-0.0,-2.329,-14.6,-2.837,0.6484,0.0,-23.51,-17.43,6.382
CC(c1ccccc1)(c1ccc(O)cc1)c1ccc(O)cc1,BPA_CID623849__prepared_state_033,34,Done,,3.343,-7.88,grid,-7.884,-4.974,-0.3471,-0.0,-2.329,-14.6,-1.009,0.6484,0.0,-22.41,-15.61,4.899
CC(c1ccccc1)(c1ccc(O)cc1)c1ccc(O)cc1,BPA_CID623849__prepared_state_033,34,Done,,3.343,-7.949,grid,-7.953,-4.83,-0.32,-0.0,-2.329,-13.07,-3.121,0.6484,0.0,-22.13,-16.19,6.786
CC(c1ccccc1)(c1ccc(O)cc1)c1ccc(O)cc1,BPA_CID623849__prepared_state_033,34,Done,,3.343,-7.745,grid,-7.749,-4.874,-0.2134,-0.0,-2.329,-11.59,-2.675,0.6484,0.0,-21.17,-14.27,4.394
CC(c1ccccc1)(c1ccc(O)cc1)c1ccc(O)cc1,BPA_CID623849__prepared_state_033,34,Done,,3.343,-8.019,grid,-8.022,-4.935,-0.2613,-0.0,-2.329,-7.958,-4.984,0.6484,0.0,-21.1,-12.94,2.515
CC(c1ccccc1)(c1ccc(O)cc1)c1ccc(O)cc1,BPA_CID623849__prepared_state_033,34,Done,,3.343,-7.106,grid,-7.11,-4.857,0.0,-0.0,-2.329,-16.38,1.653,0.6484,0.0,-19.82,-14.73,6.51
CC(c1ccccc1)(c1ccc(O)cc1)c1ccc(O)cc1,BPA_CID623849__prepared_state_033,34,Done,,3.343,-1.69,grid,-1.693,-0.09199,0.0,-0.0,-1.429,-15.74,-0.2226,0.6484,0.0,-17.59,-15.96,0.7214
CC(c1ccccc1)(c1ccc(O)cc1)c1ccc(O)cc1,BPA_CID623849__prepared_state_033,34,Done,,3.343,-2.059,grid,-2.063,-0.03162,-0.1393,-0.0,-1.429,-12.74,-3.162,0.6484,0.0,-17.22,-15.9,2.214
CC(c1ccccc1)(c1ccc(O)cc1)c1ccc(O)cc1,BPA_CID623849__prepared_state_033,34,Done,,3.343,-1.959,grid,-1.963,-0.2169,0.0,-0.0,-1.429,-13.98,-1.775,0.6484,0.0,-16.47,-15.76,3.176
CC(c1ccccc1)(c1ccc(O)cc1)c1ccc(O)cc1,BPA_CID623849__prepared_state_033,34,Done,,3.343,-7.646,grid,-7.649,-4.883,-0.3276,-0.0,-2.329,-5.71,-3.147,0.6484,0.0,-16.05,-8.857,3.567
CC(c1ccccc1)(c1ccc(O)cc1)c1ccc(O)cc1,BPA_CID623849__prepared_state_033,34,Done,,3.343,-8.14,grid,-8.144,-4.987,-0.3453,-0.0,-2.329,-1.711,-5.671,0.4539,0.0,-15.94,-7.382,2.004
CC(c1ccccc1)(c1ccc(O)cc1)c1ccc(O)cc1,BPA_CID623849__prepared_state_033,34,Done,,3.343,-1.556,grid,-1.56,0.0,0.0,-0.0,-1.429,-13.64,-0.6466,0.6484,0.0,-15.71,-14.28,0.8049
CC(c1ccccc1)(c1ccc(O)cc1)c1ccc(O)cc1,BPA_CID623849__prepared_state_033,34,Done,,3.343,-6.954,grid,-6.958,-4.886,0.0,-0.0,-2.329,-9.764,0.6461,0.6484,0.0,-15.49,-9.118,3.591
CC(C)(c1ccc(O)cc1)c1ccc(C(C)(C)c2ccc(O)cc2)cc1,BPA_CID630355__prepared_state_034,35,Done,,2.428,-4.907,grid,-4.909,-2.395,-0.32,-0.0,-1.047,-27.52,-2.694,0.6335,0.0,-34.99,-30.22,3.687
CC(C)(c1ccc(O)cc1)c1ccc(C(C)(C)c2ccc(O)cc2)cc1,BPA_CID630355__prepared_state_034,35,Done,,2.428,-3.666,grid,-3.668,-1.942,0.0,-0.0,-1.047,-27.12,0.2875,0.6335,0.0,-30.67,-26.84,2.224
CC(C)(c1ccc(O)cc1)c1ccc(C(C)(C)c2ccc(O)cc2)cc1,BPA_CID630355__prepared_state_034,35,Done,,2.428,-2.661,grid,-2.663,-0.83,0.0,-0.0,-1.047,-22.19,-2.07,0.6335,0.0,-25.99,-24.26,3.709
CC(C)(c1ccc(O)cc1)c1ccc(C(C)(C)c2ccc(O)cc2)cc1,BPA_CID630355__prepared_state_034,35,Done,,2.428,-3.22,grid,-3.222,-1.316,-0.1539,-0.0,-1.047,-20.66,-2.034,0.6335,0.0,-24.44,-22.7,5.195
CC(C)(c1ccc(O)cc1)c1ccc(C(C)(C)c2ccc(O)cc2)cc1,BPA_CID630355__prepared_state_034,35,Done,,2.428,-2.881,grid,-2.883,-1.175,-0.1283,-0.0,-1.047,-19.57,-1.251,0.6335,0.0,-22.65,-20.82,4.126
CC(C)(c1ccc(O)cc1)c1ccc(C(C)(C)c2ccc(O)cc2)cc1,BPA_CID630355__prepared_state_034,35,Done,,2.428,-2.66,grid,-2.662,-0.8231,-0.133,-0.0,-1.047,-19.67,-2.059,0.6335,0.0,-21.53,-21.73,7.577
CC(C)(c1ccc(O)cc1)c1ccc(C(C)(C)c2ccc(O)cc2)cc1,BPA_CID630355__prepared_state_034,35,Done,,2.428,-2.798,grid,-2.8,-1.63,0.0,-0.0,-1.047,-18.66,1.175,0.6335,0.0,-19.43,-17.49,3.669
CC(C)(c1ccc(O)cc1)c1ccc(C(C)(C)c2ccc(O)cc2)cc1,BPA_CID630355__prepared_state_034,35,Done,,2.428,-1.817,grid,-1.819,-0.4845,0.0,-0.0,-1.047,-16.95,-0.49,0.6335,0.0,-16.6,-17.44,6.577
CC(C)(c1ccc(O)cc1)c1ccc(C(C)(C)c2ccc(O)cc2)cc1,BPA_CID630355__prepared_state_034,35,Done,,2.428,-1.219,grid,-1.221,-0.03691,0.0,-0.0,-1.047,-17.17,0.5845,0.6335,0.0,-15.67,-16.59,5.134
CC(C)(c1ccc(O)cc1)c1ccc(C(C)(C)c2ccc(O)cc2)cc1,BPA_CID630355__prepared_state_034,35,Done,,2.428,-2.015,grid,-2.017,-0.7705,0.0,-0.0,-1.047,-15.84,-0.2744,0.6335,0.0,-13.45,-16.12,10.77
CC(C)(c1ccc(O)cc1)c1ccc(C(C)(C)c2ccc(O)cc2)cc1,BPA_CID630355__prepared_state_034,35,Done,,2.428,-1.322,grid,-1.324,-0.1644,0.0,-0.0,-1.047,-10.14,-1.597,0.6335,0.0,-12.38,-11.74,2.285
CC(C)(c1ccc(O)cc1)c1ccc(C(C)(C)c2ccc(O)cc2)cc1,BPA_CID630355__prepared_state_034,35,Done,,2.428,-2.141,grid,-2.143,-0.8307,0.0,-0.0,-1.047,-18.32,0.1106,0.6335,0.0,-11.94,-18.21,18.32
CC(C)(c1ccc(O)cc1)c1ccc(C(C)(C)c2ccc(O)cc2)cc1,BPA_CID630355__prepared_state_034,35,Done,,2.428,-0.8155,grid,-0.8174,-0.002924,0.0,-0.0,-1.047,-8.26,0.07822,0.6335,0.0,-8.012,-8.182,2.541
C=CCc1cc(S(=O)(=O)c2ccc(O)c(CC=C)c2)ccc1O,BPA_CID833466__prepared_state_035,36,Done,,4.589,-7.592,grid,-7.651,-4.482,-0.1328,-0.0,-2.356,-31.91,-0.7888,1.034,0.0,-43.3,-32.7,1.907
C=CCc1cc(S(=O)(=O)c2ccc(O)c(CC=C)c2)ccc1O,BPA_CID833466__prepared_state_035,36,Done,,4.589,-7.214,grid,-7.273,-4.233,-0.08028,-0.0,-2.393,-30.87,-0.3754,1.034,0.0,-41.73,-31.25,0.99
C=CCc1cc(S(=O)(=O)c2ccc(O)c(CC=C)c2)ccc1O,BPA_CID833466__prepared_state_035,36,Done,,4.589,-7.752,grid,-7.811,-4.426,-0.32,-0.0,-2.172,-26.29,-4.082,1.034,0.0,-41.32,-30.37,1.678
C=CCc1cc(S(=O)(=O)c2ccc(O)c(CC=C)c2)ccc1O,BPA_CID833466__prepared_state_035,36,Done,,4.589,-7.549,grid,-7.608,-4.36,-0.1763,-0.0,-2.367,-24.33,-3.48,1.034,0.0,-38.5,-27.81,1.6
C=CCc1cc(S(=O)(=O)c2ccc(O)c(CC=C)c2)ccc1O,BPA_CID833466__prepared_state_035,36,Done,,4.589,-7.637,grid,-7.696,-4.524,-0.32,-0.0,-2.154,-24.7,-3.309,1.034,0.0,-38.47,-28.01,2.317
C=CCc1cc(S(=O)(=O)c2ccc(O)c(CC=C)c2)ccc1O,BPA_CID833466__prepared_state_035,36,Done,,4.589,-4.035,grid,-4.094,-1.987,0.0,-0.0,-1.177,-28.54,-3.443,1.034,-0.02071,-37.25,-31.98,1.834
C=CCc1cc(S(=O)(=O)c2ccc(O)c(CC=C)c2)ccc1O,BPA_CID833466__prepared_state_035,36,Done,,4.589,-6.824,grid,-6.883,-4.255,0.0,-0.0,-2.41,-27.43,0.7923,1.034,0.0,-36.57,-26.64,0.914
C=CCc1cc(S(=O)(=O)c2ccc(O)c(CC=C)c2)ccc1O,BPA_CID833466__prepared_state_035,36,Done,,4.589,-7.237,grid,-7.296,-4.53,-0.1106,-0.0,-2.412,-26.94,0.4696,1.034,0.0,-36.27,-26.47,2.448
C=CCc1cc(S(=O)(=O)c2ccc(O)c(CC=C)c2)ccc1O,BPA_CID833466__prepared_state_035,36,Done,,4.589,-6.81,grid,-6.869,-4.371,0.0,-0.0,-2.312,-27.08,0.8943,1.034,0.0,-34.95,-26.18,3.202
C=CCc1cc(S(=O)(=O)c2ccc(O)c(CC=C)c2)ccc1O,BPA_CID833466__prepared_state_035,36,Done,,4.589,-7.049,grid,-7.108,-4.26,-0.2929,-0.0,-2.415,-21.8,-0.5586,1.034,0.0,-32.29,-22.36,1.591
C=CCc1cc(S(=O)(=O)c2ccc(O)c(CC=C)c2)ccc1O,BPA_CID833466__prepared_state_035,36,Done,,4.589,-6.651,grid,-6.71,-3.416,-0.32,-0.0,-2.144,-13.89,-7.793,1.034,0.0,-30.99,-21.68,1.646
C=CCc1cc(S(=O)(=O)c2ccc(O)c(CC=C)c2)ccc1O,BPA_CID833466__prepared_state_035,36,Done,,4.589,-7.022,grid,-7.081,-4.208,-0.3026,-0.0,-2.48,-21.18,-0.4347,1.034,0.0,-30.92,-21.62,2.783
C=CCc1cc(S(=O)(=O)c2ccc(O)c(CC=C)c2)ccc1O,BPA_CID833466__prepared_state_035,36,Done,,4.589,-5.653,grid,-5.712,-3.176,0.0,-0.0,-2.321,-21.66,-1.107,1.034,0.0,-30.72,-22.76,1.324
C=CCc1cc(S(=O)(=O)c2ccc(O)c(CC=C)c2)ccc1O,BPA_CID833466__prepared_state_035,36,Done,,4.589,-7.924,grid,-7.983,-4.544,-0.32,-0.0,-2.484,-15.93,-5.814,1.034,0.0,-30.34,-21.74,6.912
C=CCc1cc(S(=O)(=O)c2ccc(O)c(CC=C)c2)ccc1O,BPA_CID833466__prepared_state_035,36,Done,,4.589,-6.85,grid,-6.909,-3.865,-0.2998,-0.0,-2.319,-17.81,-3.79,1.034,0.0,-30.15,-21.6,3.768
C=CCc1cc(S(=O)(=O)c2ccc(O)c(CC=C)c2)ccc1O,BPA_CID833466__prepared_state_035,36,Done,,4.589,-7.727,grid,-7.786,-4.6,-0.32,-0.0,-2.5,-14.88,-4.37,1.034,0.0,-29.18,-19.25,3.644
C=CCc1cc(S(=O)(=O)c2ccc(O)c(CC=C)c2)ccc1O,BPA_CID833466__prepared_state_035,36,Done,,4.589,-6.91,grid,-6.969,-4.303,-0.03068,-0.0,-2.451,-15.45,-2.974,1.034,0.0,-27.63,-18.42,2.629
C=CCc1cc(S(=O)(=O)c2ccc(O)c(CC=C)c2)ccc1O,BPA_CID833466__prepared_state_035,36,Done,,4.589,-6.16,grid,-6.219,-4.015,0.0,-0.0,-2.324,-20.68,0.799,1.034,0.0,-27.21,-19.88,4.108
C=CCc1cc(S(=O)(=O)c2ccc(O)c(CC=C)c2)ccc1O,BPA_CID833466__prepared_state_035,36,Done,,4.589,-6.244,grid,-6.303,-4.122,0.0,-0.0,-2.434,-19.66,1.345,1.034,0.0,-26.73,-18.31,2.197
C=CCc1cc(S(=O)(=O)c2ccc(O)c(CC=C)c2)ccc1O,BPA_CID833466__prepared_state_035,36,Done,,4.589,-1.632,grid,-1.691,-0.08916,-0.16,-0.0,-1.156,-17.6,-2.93,1.034,0.0,-22.61,-20.53,0.9447
C=CCOc1ccc(S(=O)(=O)c2ccc(O)cc2)cc1,BPA_CID2054598__prepared_state_036,37,Done,,5.021,-7.403,grid,-7.581,-3.574,-0.32,-0.0,-2.45,-30.48,-5.292,1.081,0.0,-50.79,-35.77,3.695
C=CCOc1ccc(S(=O)(=O)c2ccc(O)cc2)cc1,BPA_CID2054598__prepared_state_036,37,Done,,5.021,-7.437,grid,-7.614,-3.603,-0.32,-0.0,-2.45,-30.85,-5.195,1.081,0.0,-50.77,-36.04,4.429
C=CCOc1ccc(S(=O)(=O)c2ccc(O)cc2)cc1,BPA_CID2054598__prepared_state_036,37,Done,,5.021,-7.179,grid,-7.356,-4.032,-0.06207,-0.0,-2.459,-33.89,-1.26,1.081,0.0,-50.31,-35.15,2.44
C=CCOc1ccc(S(=O)(=O)c2ccc(O)cc2)cc1,BPA_CID2054598__prepared_state_036,37,Done,,5.021,-7.103,grid,-7.28,-4.029,-0.01189,-0.0,-2.458,-34.21,-1.012,1.081,0.0,-49.97,-35.23,2.927
C=CCOc1ccc(S(=O)(=O)c2ccc(O)cc2)cc1,BPA_CID2054598__prepared_state_036,37,Done,,5.021,-6.675,grid,-6.853,-4.008,0.0,-0.0,-2.069,-35.82,-0.4388,1.081,0.0,-49.86,-36.26,3.299
C=CCOc1ccc(S(=O)(=O)c2ccc(O)cc2)cc1,BPA_CID2054598__prepared_state_036,37,Done,,5.021,-6.721,grid,-6.898,-3.989,0.0,-0.0,-2.154,-35.68,-0.347,1.081,0.0,-49.26,-36.03,4.25
C=CCOc1ccc(S(=O)(=O)c2ccc(O)cc2)cc1,BPA_CID2054598__prepared_state_036,37,Done,,5.021,-6.641,grid,-6.818,-3.682,0.0,-0.0,-2.362,-29.59,-2.507,1.081,0.0,-45.45,-32.1,3.652
C=CCOc1ccc(S(=O)(=O)c2ccc(O)cc2)cc1,BPA_CID2054598__prepared_state_036,37,Done,,5.021,-6.522,grid,-6.699,-3.704,-0.16,-0.0,-1.81,-30.34,-3.929,1.081,0.0,-44.55,-34.27,9.257
C=CCOc1ccc(S(=O)(=O)c2ccc(O)cc2)cc1,BPA_CID2054598__prepared_state_036,37,Done,,5.021,-6.669,grid,-6.846,-3.183,-0.32,-0.0,-2.322,-25.88,-5.391,1.081,0.0,-44.25,-31.27,4.521
C=CCOc1ccc(S(=O)(=O)c2ccc(O)cc2)cc1,BPA_CID2054598__prepared_state_036,37,Done,,5.021,-6.484,grid,-6.662,-3.733,-0.16,-0.0,-1.725,-30.83,-3.892,1.081,0.0,-43.39,-34.72,12.31
C=CCOc1ccc(S(=O)(=O)c2ccc(O)cc2)cc1,BPA_CID2054598__prepared_state_036,37,Done,,5.021,-5.356,grid,-5.533,-3.963,0.0,-0.0,-0.8532,-37.14,0.3964,1.081,0.0,-43.11,-36.75,11.91
C=CCOc1ccc(S(=O)(=O)c2ccc(O)cc2)cc1,BPA_CID2054598__prepared_state_036,37,Done,,5.021,-6.67,grid,-6.848,-3.667,0.0,-0.0,-2.523,-26.72,-2.681,1.081,0.0,-42.79,-29.4,3.705
C=CCOc1ccc(S(=O)(=O)c2ccc(O)cc2)cc1,BPA_CID2054598__prepared_state_036,37,Done,,5.021,-6.161,grid,-6.339,-4.231,0.0,-0.0,-1.822,-34.73,2.465,1.081,0.0,-42.35,-32.27,8.047
C=CCOc1ccc(S(=O)(=O)c2ccc(O)cc2)cc1,BPA_CID2054598__prepared_state_036,37,Done,,5.021,-6.352,grid,-6.53,-4.023,-0.03596,-0.0,-1.875,-28.46,-1.69,1.081,0.0,-42.05,-30.15,5.259
C=CCOc1ccc(S(=O)(=O)c2ccc(O)cc2)cc1,BPA_CID2054598__prepared_state_036,37,Done,,5.021,-6.164,grid,-6.341,-3.475,-0.3524,-0.0,-1.714,-32.34,-1.755,1.081,0.0,-41.68,-34.09,13.05
C=CCOc1ccc(S(=O)(=O)c2ccc(O)cc2)cc1,BPA_CID2054598__prepared_state_036,37,Done,,5.021,-7.117,grid,-7.294,-3.758,-0.32,-0.0,-2.568,-24.53,-3.348,1.081,0.0,-41.32,-27.88,5.597
C=CCOc1ccc(S(=O)(=O)c2ccc(O)cc2)cc1,BPA_CID2054598__prepared_state_036,37,Done,,5.021,-7.043,grid,-7.22,-3.727,-0.32,-0.0,-2.571,-24.38,-3.097,1.081,0.0,-40.94,-27.47,5.212
C=CCOc1ccc(S(=O)(=O)c2ccc(O)cc2)cc1,BPA_CID2054598__prepared_state_036,37,Done,,5.021,-6.697,grid,-6.875,-3.686,-0.2901,-0.0,-2.416,-25.03,-2.076,1.081,0.0,-40.74,-27.11,3.339
C=CCOc1ccc(S(=O)(=O)c2ccc(O)cc2)cc1,BPA_CID2054598__prepared_state_036,37,Done,,5.021,-5.139,grid,-5.317,-3.537,-0.2329,-0.0,-0.6421,-33.44,-2.092,1.081,0.0,-40.54,-35.53,13.65
C=CCOc1ccc(S(=O)(=O)c2ccc(O)cc2)cc1,BPA_CID2054598__prepared_state_036,37,Done,,5.021,-5.059,grid,-5.236,-3.981,0.0,-0.0,-0.7767,-34.03,0.9482,1.081,0.0,-40.46,-33.08,8.556
C=CCOc1ccc(S(=O)(=O)c2ccc([O-])cc2)cc1,BPA_CID2054598__prepared_state_037,38,Done,,3.607,-5.419,grid,-6.22,-4.112,0.0,-0.0,-1.619,-34.46,0.9784,1.087,0.0,-41.24,-33.48,5.975
C=CCOc1ccc(S(=O)(=O)c2ccc([O-])cc2)cc1,BPA_CID2054598__prepared_state_037,38,Done,,3.607,-5.733,grid,-6.534,-4.0,0.0,-0.0,-2.359,-33.03,2.594,1.087,0.0,-40.43,-30.44,2.586
C=CCOc1ccc(S(=O)(=O)c2ccc([O-])cc2)cc1,BPA_CID2054598__prepared_state_037,38,Done,,3.607,-5.546,grid,-6.347,-3.832,0.0,-0.0,-2.186,-32.48,1.387,1.087,0.0,-38.94,-31.1,6.254
C=CCOc1ccc(S(=O)(=O)c2ccc([O-])cc2)cc1,BPA_CID2054598__prepared_state_037,38,Done,,3.607,-5.4,grid,-6.201,-3.586,0.0,-0.0,-2.41,-30.98,1.714,1.087,0.0,-37.25,-29.27,5.475
C=CCOc1ccc(S(=O)(=O)c2ccc([O-])cc2)cc1,BPA_CID2054598__prepared_state_037,38,Done,,3.607,-4.436,grid,-5.237,-3.959,0.0,-0.0,-0.8521,-35.34,1.693,1.087,0.0,-36.87,-33.65,11.66
C=CCOc1ccc(S(=O)(=O)c2ccc([O-])cc2)cc1,BPA_CID2054598__prepared_state_037,38,Done,,3.607,-4.011,grid,-4.812,-3.934,0.0,-0.0,-0.5914,-33.69,2.073,1.087,0.0,-36.5,-31.62,6.865
C=CCOc1ccc(S(=O)(=O)c2ccc([O-])cc2)cc1,BPA_CID2054598__prepared_state_037,38,Done,,3.607,-5.23,grid,-6.031,-3.705,0.0,-0.0,-2.056,-29.14,0.6619,1.087,0.0,-35.45,-28.48,6.905
C=CCOc1ccc(S(=O)(=O)c2ccc([O-])cc2)cc1,BPA_CID2054598__prepared_state_037,38,Done,,3.607,-4.898,grid,-5.699,-3.641,0.0,-0.0,-1.744,-29.59,0.5185,1.087,0.0,-35.37,-29.08,7.095
C=CCOc1ccc(S(=O)(=O)c2ccc([O-])cc2)cc1,BPA_CID2054598__prepared_state_037,38,Done,,3.607,-4.247,grid,-5.048,-4.179,0.0,-0.0,-0.5089,-30.22,0.4234,1.087,0.0,-33.99,-29.8,9.065
C=CCOc1ccc(S(=O)(=O)c2ccc([O-])cc2)cc1,BPA_CID2054598__prepared_state_037,38,Done,,3.607,-3.832,grid,-4.632,-4.164,0.0,-0.0,-0.2693,-31.7,1.989,1.087,0.0,-33.08,-29.71,9.271
C=CCOc1ccc(S(=O)(=O)c2ccc([O-])cc2)cc1,BPA_CID2054598__prepared_state_037,38,Done,,3.607,-4.696,grid,-5.497,-3.505,-0.05771,-0.0,-1.766,-32.08,2.325,1.087,0.0,-33.04,-29.76,12.44
C=CCOc1ccc(S(=O)(=O)c2ccc([O-])cc2)cc1,BPA_CID2054598__prepared_state_037,38,Done,,3.607,-4.821,grid,-5.622,-3.892,0.0,-0.0,-1.6,-27.47,1.039,1.087,0.0,-31.55,-26.43,9.196
C=CCOc1ccc(S(=O)(=O)c2ccc([O-])cc2)cc1,BPA_CID2054598__prepared_state_037,38,Done,,3.607,-5.01,grid,-5.811,-3.634,0.0,-0.0,-2.367,-24.14,2.192,1.087,-0.02021,-31.22,-21.95,1.535
C=CCOc1ccc(S(=O)(=O)c2ccc([O-])cc2)cc1,BPA_CID2054598__prepared_state_037,38,Done,,3.607,-4.715,grid,-5.516,-3.142,0.0,-0.0,-2.377,-23.14,0.4824,1.087,0.0,-31.13,-22.65,2.102
C=CCOc1ccc(S(=O)(=O)c2ccc([O-])cc2)cc1,BPA_CID2054598__prepared_state_037,38,Done,,3.607,-3.458,grid,-4.259,-3.993,0.0,-0.0,-0.05423,-29.66,1.226,1.087,0.0,-30.64,-28.43,10.31
C=CCOc1ccc(S(=O)(=O)c2ccc([O-])cc2)cc1,BPA_CID2054598__prepared_state_037,38,Done,,3.607,-4.696,grid,-5.497,-3.539,0.0,-0.0,-1.976,-23.75,0.7859,1.087,0.0,-30.13,-22.96,4.656
C=CCOc1ccc(S(=O)(=O)c2ccc([O-])cc2)cc1,BPA_CID2054598__prepared_state_037,38,Done,,3.607,-4.655,grid,-5.456,-3.084,0.0,-0.0,-2.413,-22.51,0.5308,1.087,0.0,-29.5,-21.98,3.818
C=CCOc1ccc(S(=O)(=O)c2ccc([O-])cc2)cc1,BPA_CID2054598__prepared_state_037,38,Done,,3.607,-5.051,grid,-5.852,-3.567,0.0,-0.0,-2.427,-21.1,0.7277,1.087,0.0,-28.33,-20.37,4.311
C=CCOc1ccc(S(=O)(=O)c2ccc([O-])cc2)cc1,BPA_CID2054598__prepared_state_037,38,Done,,3.607,-4.27,grid,-5.071,-2.877,0.0,-0.0,-2.352,-21.95,1.122,1.087,0.0,-27.93,-20.83,3.312
C=CCOc1ccc(S(=O)(=O)c2ccc([O-])cc2)cc1,BPA_CID2054598__prepared_state_037,38,Done,,3.607,-3.72,grid,-4.521,-3.274,-0.01699,-0.0,-1.218,-26.54,1.515,1.087,0.0,-27.44,-25.03,10.81
Oc1ccc(SCCOCOCCSc2ccc(O)cc2)cc1,BPA_CID3086375__prepared_state_038,39,Done,,12.68,-9.105,grid,-9.112,-5.117,-0.32,-0.0,-2.3,-43.68,-4.848,1.536,0.0,-74.51,-48.53,7.015
Oc1ccc(SCCOCOCCSc2ccc(O)cc2)cc1,BPA_CID3086375__prepared_state_038,39,Done,,12.68,-8.627,grid,-8.633,-5.152,-0.06645,-0.0,-2.231,-45.46,-2.982,1.536,0.0,-73.66,-48.44,5.444
Oc1ccc(SCCOCOCCSc2ccc(O)cc2)cc1,BPA_CID3086375__prepared_state_038,39,Done,,12.68,-8.87,grid,-8.877,-5.019,-0.1759,-0.0,-2.138,-42.13,-6.489,1.536,0.0,-72.79,-48.62,9.124
Oc1ccc(SCCOCOCCSc2ccc(O)cc2)cc1,BPA_CID3086375__prepared_state_038,39,Done,,12.68,-8.741,grid,-8.747,-5.006,-0.32,-0.0,-2.208,-46.22,-2.919,1.536,0.0,-72.39,-49.14,10.12
Oc1ccc(SCCOCOCCSc2ccc(O)cc2)cc1,BPA_CID3086375__prepared_state_038,39,Done,,12.68,-8.865,grid,-8.871,-5.155,-0.32,-0.0,-2.126,-44.5,-3.882,1.536,0.0,-70.5,-48.38,13.18
Oc1ccc(SCCOCOCCSc2ccc(O)cc2)cc1,BPA_CID3086375__prepared_state_038,39,Done,,12.68,-8.648,grid,-8.654,-4.891,-0.32,-0.0,-2.262,-45.02,-3.114,1.536,0.0,-69.93,-48.13,12.42
Oc1ccc(SCCOCOCCSc2ccc(O)cc2)cc1,BPA_CID3086375__prepared_state_038,39,Done,,12.68,-8.117,grid,-8.123,-4.848,-0.09089,-0.0,-2.117,-45.64,-2.141,1.536,0.0,-68.99,-47.78,10.16
Oc1ccc(SCCOCOCCSc2ccc(O)cc2)cc1,BPA_CID3086375__prepared_state_038,39,Done,,12.68,-8.238,grid,-8.244,-4.85,-0.08874,-0.0,-2.126,-43.45,-3.619,1.536,0.0,-68.51,-47.07,10.5
Oc1ccc(SCCOCOCCSc2ccc(O)cc2)cc1,BPA_CID3086375__prepared_state_038,39,Done,,12.68,-8.646,grid,-8.652,-5.15,-0.32,-0.0,-2.159,-44.03,-2.387,1.536,0.0,-67.63,-46.42,13.58
Oc1ccc(SCCOCOCCSc2ccc(O)cc2)cc1,BPA_CID3086375__prepared_state_038,39,Done,,12.68,-9.228,grid,-9.234,-5.245,-0.3517,-0.0,-2.277,-41.21,-5.569,1.536,0.0,-67.32,-46.78,18.7
Oc1ccc(SCCOCOCCSc2ccc(O)cc2)cc1,BPA_CID3086375__prepared_state_038,39,Done,,12.68,-8.274,grid,-8.28,-5.029,-0.16,-0.0,-1.989,-38.59,-4.724,1.536,0.0,-67.1,-43.31,6.023
Oc1ccc(SCCOCOCCSc2ccc(O)cc2)cc1,BPA_CID3086375__prepared_state_038,39,Done,,12.68,-8.205,grid,-8.212,-4.821,-0.3508,-0.0,-2.239,-44.39,-0.781,1.536,0.0,-66.94,-45.17,9.621
Oc1ccc(SCCOCOCCSc2ccc(O)cc2)cc1,BPA_CID3086375__prepared_state_038,39,Done,,12.68,-8.467,grid,-8.474,-5.174,-0.08818,-0.0,-2.059,-44.94,-2.944,1.536,0.0,-66.78,-47.88,17.06
Oc1ccc(SCCOCOCCSc2ccc(O)cc2)cc1,BPA_CID3086375__prepared_state_038,39,Done,,12.68,-8.44,grid,-8.446,-4.474,-0.32,-0.0,-2.187,-36.83,-7.734,1.536,0.0,-66.77,-44.56,10.27
Oc1ccc(SCCOCOCCSc2ccc(O)cc2)cc1,BPA_CID3086375__prepared_state_038,39,Done,,12.68,-8.839,grid,-8.845,-5.094,-0.3537,-0.0,-2.083,-39.4,-5.878,1.536,0.0,-66.7,-45.27,14.41
Oc1ccc(SCCOCOCCSc2ccc(O)cc2)cc1,BPA_CID3086375__prepared_state_038,39,Done,,12.68,-8.49,grid,-8.496,-4.898,-0.16,-0.0,-2.356,-38.11,-4.756,1.536,0.0,-64.9,-42.87,10.93
Oc1ccc(SCCOCOCCSc2ccc(O)cc2)cc1,BPA_CID3086375__prepared_state_038,39,Done,,12.68,-8.587,grid,-8.594,-5.132,-0.16,-0.0,-2.296,-36.68,-4.721,1.536,0.0,-63.78,-41.4,10.87
Oc1ccc(SCCOCOCCSc2ccc(O)cc2)cc1,BPA_CID3086375__prepared_state_038,39,Done,,12.68,-7.885,grid,-7.891,-5.108,0.0,-0.0,-2.145,-44.57,0.3621,1.536,0.0,-63.53,-44.21,12.45
Oc1ccc(SCCOCOCCSc2ccc(O)cc2)cc1,BPA_CID3086375__prepared_state_038,39,Done,,12.68,-8.086,grid,-8.092,-5.018,-0.32,-0.0,-2.023,-39.33,-2.008,1.536,0.0,-63.46,-41.34,8.141
Oc1ccc(SCCOCOCCSc2ccc(O)cc2)cc1,BPA_CID3086375__prepared_state_038,39,Done,,12.68,-8.155,grid,-8.161,-4.819,-0.16,-0.0,-2.095,-34.49,-5.988,1.536,0.0,-63.4,-40.48,6.989
CC(C)Oc1ccc(S(=O)(=O)c2ccc(O)cc2)cc1,BPA_CID9904141__prepared_state_041,42,Done,,2.964,-7.636,grid,-7.813,-3.968,-0.06214,-0.0,-2.424,-35.21,-1.595,0.6408,0.0,-50.86,-36.81,5.802
CC(C)Oc1ccc(S(=O)(=O)c2ccc(O)cc2)cc1,BPA_CID9904141__prepared_state_041,42,Done,,2.964,-4.907,grid,-5.084,-3.811,0.0,-0.0,-0.2009,-36.34,0.6905,0.6408,0.0,-43.1,-35.65,7.158
CC(C)Oc1ccc(S(=O)(=O)c2ccc(O)cc2)cc1,BPA_CID9904141__prepared_state_041,42,Done,,2.964,-6.369,grid,-6.546,-3.623,-0.2788,-0.0,-1.499,-29.43,-2.1,0.6408,0.0,-40.56,-31.53,10.33
CC(C)Oc1ccc(S(=O)(=O)c2ccc(O)cc2)cc1,BPA_CID9904141__prepared_state_041,42,Done,,2.964,-6.632,grid,-6.809,-3.792,0.0,-0.0,-2.367,-24.0,-0.6084,0.6408,0.0,-39.22,-24.61,0.3354
CC(C)Oc1ccc(S(=O)(=O)c2ccc(O)cc2)cc1,BPA_CID9904141__prepared_state_041,42,Done,,2.964,-5.191,grid,-5.368,-3.182,-0.32,-0.0,-0.4252,-24.99,-5.547,0.6408,0.0,-39.0,-30.54,6.383
CC(C)Oc1ccc(S(=O)(=O)c2ccc(O)cc2)cc1,BPA_CID9904141__prepared_state_041,42,Done,,2.964,-5.386,grid,-5.564,-3.305,-0.1821,-0.0,-0.8712,-28.16,-2.922,0.6408,0.0,-38.71,-31.08,8.895
CC(C)Oc1ccc(S(=O)(=O)c2ccc(O)cc2)cc1,BPA_CID9904141__prepared_state_041,42,Done,,2.964,-5.195,grid,-5.372,-3.09,-0.32,-0.0,-0.5002,-25.9,-5.389,0.6408,0.0,-38.59,-31.28,8.702
CC(C)Oc1ccc(S(=O)(=O)c2ccc(O)cc2)cc1,BPA_CID9904141__prepared_state_041,42,Done,,2.964,-4.947,grid,-5.125,-3.921,0.0,-0.0,-0.536,-31.17,1.667,0.6408,0.0,-36.66,-29.5,7.921
CC(C)Oc1ccc(S(=O)(=O)c2ccc(O)cc2)cc1,BPA_CID9904141__prepared_state_041,42,Done,,2.964,-5.618,grid,-5.795,-3.286,0.0,-0.0,-1.649,-26.72,-1.107,0.6408,0.0,-36.65,-27.82,7.5
CC(C)Oc1ccc(S(=O)(=O)c2ccc(O)cc2)cc1,BPA_CID9904141__prepared_state_041,42,Done,,2.964,-5.075,grid,-5.253,-3.781,0.0,-0.0,-0.4137,-26.36,-2.539,0.6408,0.0,-36.63,-28.9,7.33
CC(C)Oc1ccc(S(=O)(=O)c2ccc(O)cc2)cc1,BPA_CID9904141__prepared_state_041,42,Done,,2.964,-5.014,grid,-5.191,-3.511,-0.1789,-0.0,-0.3556,-27.01,-2.907,0.6408,0.0,-36.52,-29.92,9.317
CC(C)Oc1ccc(S(=O)(=O)c2ccc(O)cc2)cc1,BPA_CID9904141__prepared_state_041,42,Done,,2.964,-4.75,grid,-4.928,-3.486,-0.1593,-0.0,-0.266,-28.89,-1.418,0.6408,0.0,-36.18,-30.31,9.647
CC(C)Oc1ccc(S(=O)(=O)c2ccc(O)cc2)cc1,BPA_CID9904141__prepared_state_041,42,Done,,2.964,-6.935,grid,-7.112,-3.388,-0.16,-0.0,-2.486,-19.69,-4.897,0.6408,0.0,-36.05,-24.58,7.93
CC(C)Oc1ccc(S(=O)(=O)c2ccc(O)cc2)cc1,BPA_CID9904141__prepared_state_041,42,Done,,2.964,-6.935,grid,-7.113,-3.397,-0.16,-0.0,-2.491,-18.91,-5.063,0.6408,0.0,-35.65,-23.97,7.523
CC(C)Oc1ccc(S(=O)(=O)c2ccc(O)cc2)cc1,BPA_CID9904141__prepared_state_041,42,Done,,2.964,-5.475,grid,-5.653,-3.208,-0.1887,-0.0,-1.15,-21.96,-4.329,0.6408,0.0,-33.9,-26.29,9.308
CC(C)Oc1ccc(S(=O)(=O)c2ccc(O)cc2)cc1,BPA_CID9904141__prepared_state_041,42,Done,,2.964,-4.823,grid,-5.001,-3.827,0.0,-0.0,-0.4446,-27.34,-0.02285,0.6408,0.0,-33.86,-27.36,8.698
CC(C)Oc1ccc(S(=O)(=O)c2ccc(O)cc2)cc1,BPA_CID9904141__prepared_state_041,42,Done,,2.964,-5.672,grid,-5.849,-3.89,-0.1972,-0.0,-0.4115,-19.75,-5.406,0.4485,0.0,-32.88,-25.16,9.94
CC(C)Oc1ccc(S(=O)(=O)c2ccc(O)cc2)cc1,BPA_CID9904141__prepared_state_041,42,Done,,2.964,-6.17,grid,-6.347,-2.937,-0.3029,-0.0,-2.221,-15.21,-5.113,0.6408,0.0,-31.9,-20.32,4.391
CC(C)Oc1ccc(S(=O)(=O)c2ccc(O)cc2)cc1,BPA_CID9904141__prepared_state_041,42,Done,,2.964,-6.907,grid,-7.084,-3.319,-0.16,-0.0,-2.602,-12.43,-6.813,0.6408,0.0,-30.9,-19.25,7.441
CC(C)Oc1ccc(S(=O)(=O)c2ccc(O)cc2)cc1,BPA_CID9904141__prepared_state_041,42,Done,,2.964,-6.064,grid,-6.241,-2.919,-0.2818,-0.0,-2.194,-14.04,-5.241,0.6408,0.0,-30.87,-19.28,3.897
CC(C)Oc1ccc(S(=O)(=O)c2ccc([O-])cc2)cc1,BPA_CID9904141__prepared_state_042,43,Done,,2.901,-6.207,grid,-7.008,-3.978,0.0,-0.0,-2.309,-33.87,2.193,0.6446,0.0,-41.27,-31.67,3.237
CC(C)Oc1ccc(S(=O)(=O)c2ccc([O-])cc2)cc1,BPA_CID9904141__prepared_state_042,43,Done,,2.901,-5.497,grid,-6.298,-3.594,0.0,-0.0,-2.077,-30.89,1.819,0.6446,0.0,-38.26,-29.07,1.777
CC(C)Oc1ccc(S(=O)(=O)c2ccc([O-])cc2)cc1,BPA_CID9904141__prepared_state_042,43,Done,,2.901,-3.928,grid,-4.729,-3.805,0.0,-0.0,-0.1306,-34.66,1.972,0.6446,0.0,-36.31,-32.69,7.892
CC(C)Oc1ccc(S(=O)(=O)c2ccc([O-])cc2)cc1,BPA_CID9904141__prepared_state_042,43,Done,,2.901,-4.208,grid,-5.009,-3.551,0.0,-0.0,-0.5534,-32.09,0.3692,0.6446,0.0,-35.26,-31.72,8.963
CC(C)Oc1ccc(S(=O)(=O)c2ccc([O-])cc2)cc1,BPA_CID9904141__prepared_state_042,43,Done,,2.901,-4.39,grid,-5.19,-4.045,0.0,-0.0,-0.309,-32.36,0.9163,0.6446,0.0,-34.08,-31.45,11.34
CC(C)Oc1ccc(S(=O)(=O)c2ccc([O-])cc2)cc1,BPA_CID9904141__prepared_state_042,43,Done,,2.901,-5.072,grid,-5.873,-3.858,0.0,-0.0,-1.642,-27.68,2.45,0.6446,0.0,-31.3,-25.23,6.646
CC(C)Oc1ccc(S(=O)(=O)c2ccc([O-])cc2)cc1,BPA_CID9904141__prepared_state_042,43,Done,,2.901,-4.372,grid,-5.173,-3.311,0.0,-0.0,-1.271,-27.7,0.9911,0.6446,0.0,-29.34,-26.71,11.3
CC(C)Oc1ccc(S(=O)(=O)c2ccc([O-])cc2)cc1,BPA_CID9904141__prepared_state_042,43,Done,,2.901,-3.433,grid,-4.234,-3.114,0.0,-0.0,-0.5131,-26.42,0.4581,0.6446,0.0,-28.51,-25.96,8.442
CC(C)Oc1ccc(S(=O)(=O)c2ccc([O-])cc2)cc1,BPA_CID9904141__prepared_state_042,43,Done,,2.901,-5.135,grid,-5.936,-3.448,0.0,-0.0,-2.223,-22.44,1.42,0.6446,0.0,-27.71,-21.01,5.604
CC(C)Oc1ccc(S(=O)(=O)c2ccc([O-])cc2)cc1,BPA_CID9904141__prepared_state_042,43,Done,,2.901,-5.141,grid,-5.942,-3.228,0.0,-0.0,-2.468,-19.27,0.481,0.6446,0.0,-25.89,-18.79,4.809
CC(C)Oc1ccc(S(=O)(=O)c2ccc([O-])cc2)cc1,BPA_CID9904141__prepared_state_042,43,Done,,2.901,-3.306,grid,-4.107,-3.32,-0.01756,-0.0,-0.4657,-24.25,1.76,0.6446,0.0,-24.85,-22.49,8.421
CC(C)Oc1ccc(S(=O)(=O)c2ccc([O-])cc2)cc1,BPA_CID9904141__prepared_state_042,43,Done,,2.901,-3.167,grid,-3.968,-3.133,0.0,-0.0,-0.4822,-22.49,0.8499,0.6446,0.0,-23.44,-21.65,9.112
CC(C)Oc1ccc(S(=O)(=O)c2ccc([O-])cc2)cc1,BPA_CID9904141__prepared_state_042,43,Done,,2.901,-3.23,grid,-4.031,-3.353,-0.01953,-0.0,-0.5264,-23.57,2.677,0.6446,0.0,-22.83,-20.89,9.025
CC(C)Oc1ccc(S(=O)(=O)c2ccc([O-])cc2)cc1,BPA_CID9904141__prepared_state_042,43,Done,,2.901,-3.187,grid,-3.988,-3.87,0.0,-0.0,0.02755,-22.25,2.147,0.6446,0.0,-22.39,-20.1,8.187
CC(C)Oc1ccc(S(=O)(=O)c2ccc([O-])cc2)cc1,BPA_CID9904141__prepared_state_042,43,Done,,2.901,-4.793,grid,-5.594,-3.44,0.0,-0.0,-2.19,-15.48,1.099,0.6446,0.0,-21.57,-14.38,3.52
CC(C)Oc1ccc(S(=O)(=O)c2ccc([O-])cc2)cc1,BPA_CID9904141__prepared_state_042,43,Done,,2.901,-3.586,grid,-4.387,-3.869,0.0,-0.0,-0.4467,-18.91,1.534,0.6446,0.0,-20.41,-17.38,7.97
CC(C)Oc1ccc(S(=O)(=O)c2ccc([O-])cc2)cc1,BPA_CID9904141__prepared_state_042,43,Done,,2.901,-4.612,grid,-5.413,-2.965,0.0,-0.0,-2.526,-13.19,0.6161,0.6446,0.0,-19.33,-12.57,3.802
CC(C)Oc1ccc(S(=O)(=O)c2ccc([O-])cc2)cc1,BPA_CID9904141__prepared_state_042,43,Done,,2.901,-3.789,grid,-4.59,-3.235,0.0,-0.0,-1.167,-16.79,0.0436,0.6446,0.0,-19.3,-16.74,9.566
CC(C)Oc1ccc(S(=O)(=O)c2ccc([O-])cc2)cc1,BPA_CID9904141__prepared_state_042,43,Done,,2.901,-2.697,grid,-3.498,-3.131,-0.004792,-0.0,-0.3499,-19.28,2.049,0.6446,0.0,-18.02,-17.23,9.618
CC(C)Oc1ccc(S(=O)(=O)c2ccc([O-])cc2)cc1,BPA_CID9904141__prepared_state_042,43,Done,,2.901,-4.085,grid,-4.886,-2.716,0.0,-0.0,-2.29,-14.15,1.218,0.6446,0.0,-17.76,-12.93,5.982
CC(C)(c1ccc(O)c(-c2ccccc2)c1)c1ccc(O)c(-c2ccccc2)c1,BPA_CID13059052__prepared_state_043,44,Done,,4.156,-3.845,grid,-3.849,-1.616,0.0,-0.0,-0.8148,-32.25,-2.278,0.536,0.0,-38.08,-34.53,2.359
CC(C)(c1ccc(O)c(-c2ccccc2)c1)c1ccc(O)c(-c2ccccc2)c1,BPA_CID13059052__prepared_state_043,44,Done,,4.156,-3.178,grid,-3.181,-0.9316,-0.07651,-0.0,-0.8582,-29.44,-2.528,0.536,0.0,-34.12,-31.96,3.498
CC(C)(c1ccc(O)c(-c2ccccc2)c1)c1ccc(O)c(-c2ccccc2)c1,BPA_CID13059052__prepared_state_043,44,Done,,4.156,-2.682,grid,-2.686,-0.9607,0.0,-0.0,-0.8148,-28.71,-0.07354,0.536,0.0,-30.59,-28.78,2.988
CC(C)(c1ccc(O)c(-c2ccccc2)c1)c1ccc(O)c(-c2ccccc2)c1,BPA_CID13059052__prepared_state_043,44,Done,,4.156,-2.837,grid,-2.841,-1.156,0.0,-0.0,-0.8148,-25.43,-0.8999,0.536,0.0,-27.29,-26.33,5.06
CC(C)(c1ccc(O)c(-c2ccccc2)c1)c1ccc(O)c(-c2ccccc2)c1,BPA_CID13059052__prepared_state_043,44,Done,,4.156,-2.682,grid,-2.686,-0.2198,-0.304,-0.0,-0.8148,-16.89,-6.925,0.536,0.0,-23.94,-23.82,6.348
CC(C)(c1ccc(O)c(-c2ccccc2)c1)c1ccc(O)c(-c2ccccc2)c1,BPA_CID13059052__prepared_state_043,44,Done,,4.156,-2.789,grid,-2.792,-1.112,-0.0295,-0.0,-0.8148,-19.79,-2.548,0.536,0.0,-21.11,-22.34,9.323
CC(C)(c1ccc(O)c(-c2ccccc2)c1)c1ccc(O)c(-c2ccccc2)c1,BPA_CID13059052__prepared_state_043,44,Done,,4.156,-1.659,grid,-1.662,-0.456,0.0,-0.0,-0.8148,-19.61,0.3533,0.536,0.0,-19.57,-19.25,3.453
CC(C)(c1ccc(O)c(-c2ccccc2)c1)c1ccc(O)c(-c2ccccc2)c1,BPA_CID13059052__prepared_state_043,44,Done,,4.156,-1.2,grid,-1.203,-0.00429,0.0,-0.0,-0.8148,-15.96,-0.8168,0.536,0.0,-17.19,-16.77,2.122
CC(C)(c1ccc(O)c(-c2ccccc2)c1)c1ccc(O)c(-c2ccccc2)c1,BPA_CID13059052__prepared_state_043,44,Done,,4.156,-1.133,grid,-1.137,-0.01119,0.0,-0.0,-0.8148,-15.93,-0.3351,0.536,0.0,-16.95,-16.27,1.43
CC(C)(c1ccc(O)c(-c2ccccc2)c1)c1ccc(O)c(-c2ccccc2)c1,BPA_CID13059052__prepared_state_043,44,Done,,4.156,-1.068,grid,-1.071,-0.0582,0.0,-0.0,-0.8148,-11.68,-1.002,0.536,0.0,-12.99,-12.69,2.016
Cc1ccc(S(=O)(=O)[N-]C(=O)Nc2cccc(OS(=O)(=O)c3ccc(C)cc3)c2)cc1,BPA_CID22035425__prepared_state_044,45,Done,,3.067,2.549,grid,2.548,-0.5847,0.0,-0.0,3.345,-22.87,1.136,0.7623,-0.0007383,-8.302,-21.73,16.19
Cc1ccc(S(=O)(=O)[N-]C(=O)Nc2cccc(OS(=O)(=O)c3ccc(C)cc3)c2)cc1,BPA_CID22035425__prepared_state_044,45,Done,,3.067,2.688,grid,2.687,-0.6084,0.0,-0.0,3.42,-17.84,0.03503,0.7623,0.0,-3.506,-17.81,17.35
Cc1ccc(S(=O)(=O)[N-]C(=O)Nc2cccc(OS(=O)(=O)c3ccc(C)cc3)c2)cc1,BPA_CID22035425__prepared_state_044,45,Done,,3.067,5.058,grid,5.057,-0.03966,0.0,-0.0,5.41,-20.79,0.007573,0.7623,-0.03745,-3.083,-20.78,14.2
Cc1ccc(S(=O)(=O)[N-]C(=O)Nc2cccc(OS(=O)(=O)c3ccc(C)cc3)c2)cc1,BPA_CID22035425__prepared_state_044,45,Done,,3.067,2.619,grid,2.618,-0.3162,0.0,-0.0,2.797,-14.01,0.5018,0.7623,0.0,4.301,-13.51,24.66
C[C@]12CC[C@@H]3c4ccc(O)cc4CC[C@H]3[C@@H]1CC[C@@H]2O,NATIVE_ESR1__prepared_state_000,46,Done,,2.883,-10.76,grid,-10.76,-4.647,-0.596,-0.0,-2.452,-38.68,-7.557,0.0,0.0,-77.47,-46.24,0.325
C[C@]12CC[C@@H]3c4ccc(O)cc4CC[C@H]3[C@@H]1CC[C@@H]2O,NATIVE_ESR1__prepared_state_000,46,Done,,2.883,-10.37,grid,-10.37,-4.634,-0.4739,-0.0,-2.452,-41.69,-4.86,0.0,0.0,-76.6,-46.55,0.4157
C[C@]12CC[C@@H]3c4ccc(O)cc4CC[C@H]3[C@@H]1CC[C@@H]2O,NATIVE_ESR1__prepared_state_000,46,Done,,2.883,-9.822,grid,-9.822,-4.648,-0.3054,-0.0,-2.452,-39.1,-3.085,0.0,0.0,-70.73,-42.18,0.2032
C[C@]12CC[C@@H]3c4ccc(O)cc4CC[C@H]3[C@@H]1CC[C@@H]2O,NATIVE_ESR1__prepared_state_000,46,Done,,2.883,-9.576,grid,-9.577,-4.676,-0.2294,-0.0,-2.452,-41.38,-1.0,0.0,0.0,-70.24,-42.38,0.1467
C[C@]12CC[C@@H]3c4ccc(O)cc4CC[C@H]3[C@@H]1CC[C@@H]2O,NATIVE_ESR1__prepared_state_000,46,Done,,2.883,-9.761,grid,-9.761,-4.683,-0.3073,-0.0,-2.452,-37.91,-2.826,0.0,0.0,-68.93,-40.74,0.5438
C[C@]12CC[C@@H]3c4ccc(O)cc4CC[C@H]3[C@@H]1CC[C@@H]2O,NATIVE_ESR1__prepared_state_000,46,Done,,2.883,-9.508,grid,-9.509,-4.742,-0.2269,-0.0,-2.452,-40.87,-0.296,0.0,0.0,-68.71,-41.17,0.3748
C[C@]12CC[C@@H]3c4ccc(O)cc4CC[C@H]3[C@@H]1CC[C@@H]2O,NATIVE_ESR1__prepared_state_000,46,Done,,2.883,-9.77,grid,-9.77,-4.621,-0.3748,-0.0,-2.452,-33.24,-4.405,0.0,0.0,-65.88,-37.64,0.5117
C[C@]12CC[C@@H]3c4ccc(O)cc4CC[C@H]3[C@@H]1CC[C@@H]2O,NATIVE_ESR1__prepared_state_000,46,Done,,2.883,-10.18,grid,-10.18,-4.577,-0.5875,-0.0,-2.452,-29.42,-7.296,0.0,0.0,-65.63,-36.72,1.563
C[C@]12CC[C@@H]3c4ccc(O)cc4CC[C@H]3[C@@H]1CC[C@@H]2O,NATIVE_ESR1__prepared_state_000,46,Done,,2.883,-9.905,grid,-9.905,-4.665,-0.3552,-0.0,-2.452,-30.36,-6.096,0.0,0.0,-64.96,-36.46,0.7699
C[C@]12CC[C@@H]3c4ccc(O)cc4CC[C@H]3[C@@H]1CC[C@@H]2O,NATIVE_ESR1__prepared_state_000,46,Done,,2.883,-9.293,grid,-9.293,-4.636,-0.3049,-0.0,-2.452,-30.69,-2.437,0.0,0.0,-59.82,-33.13,0.8212
C[C@]12CC[C@@H]3c4ccc(O)cc4CC[C@H]3[C@@H]1CC[C@@H]2O,NATIVE_ESR1__prepared_state_000,46,Done,,2.883,-9.44,grid,-9.441,-4.55,-0.4238,-0.0,-2.452,-25.8,-4.832,0.0,0.0,-58.08,-30.63,0.1665
C[C@]12CC[C@@H]3c4ccc(O)cc4CC[C@H]3[C@@H]1CC[C@@H]2O,NATIVE_ESR1__prepared_state_000,46,Done,,2.883,-9.457,grid,-9.457,-4.636,-0.4283,-0.0,-2.452,-27.06,-3.918,0.0,0.0,-58.04,-30.98,1.037
C[C@]12CC[C@@H]3c4ccc(O)cc4CC[C@H]3[C@@H]1CC[C@@H]2O,NATIVE_ESR1__prepared_state_000,46,Done,,2.883,-8.675,grid,-8.676,-4.582,-0.05583,-0.0,-2.452,-33.38,0.5509,0.0,0.0,-57.97,-32.83,0.3269
C[C@]12CC[C@@H]3c4ccc(O)cc4CC[C@H]3[C@@H]1CC[C@@H]2O,NATIVE_ESR1__prepared_state_000,46,Done,,2.883,-9.599,grid,-9.6,-4.547,-0.456,-0.0,-2.452,-23.24,-6.55,0.0,0.0,-57.77,-29.79,0.03894
C[C@]12CC[C@@H]3c4ccc(O)cc4CC[C@H]3[C@@H]1CC[C@@H]2O,NATIVE_ESR1__prepared_state_000,46,Done,,2.883,-8.702,grid,-8.702,-4.624,-0.16,-0.0,-2.452,-21.58,-2.578,0.0,0.0,-49.29,-24.16,0.4906
C[C@]12CC[C@@H]3c4ccc(O)cc4CC[C@H]3[C@@H]1CC[C@@H]2O,NATIVE_ESR1__prepared_state_000,46,Done,,2.883,-9.211,grid,-9.212,-4.371,-0.456,-0.0,-2.452,-12.62,-8.678,0.0,0.0,-47.97,-21.3,0.4022
C[C@]12CC[C@@H]3c4ccc(O)cc4CC[C@H]3[C@@H]1CC[C@@H]2O,NATIVE_ESR1__prepared_state_000,46,Done,,2.883,-8.59,grid,-8.59,-4.482,-0.16,-0.0,-2.452,-19.19,-3.576,0.0,0.0,-47.76,-22.76,0.1206
C[C@]12CC[C@@H]3c4ccc(O)cc4CC[C@H]3[C@@H]1CC[C@@H]2O,NATIVE_ESR1__prepared_state_000,46,Done,,2.883,-8.646,grid,-8.646,-4.406,-0.3251,-0.0,-2.452,-18.29,-3.655,0.0,0.0,-47.0,-21.95,0.3252
C[C@]12CC[C@@H]3c4ccc(O)cc4CC[C@H]3[C@@H]1CC[C@@H]2O,NATIVE_ESR1__prepared_state_000,46,Done,,2.883,-8.888,grid,-8.889,-4.575,-0.32,-0.0,-2.452,-14.37,-5.491,0.0,0.0,-45.55,-19.86,0.47
C[C@]12CC[C@@H]3c4ccc(O)cc4CC[C@H]3[C@@H]1CC[C@@H]2O,NATIVE_ESR1__prepared_state_000,46,Done,,2.883,-9.258,grid,-9.258,-4.438,-0.4478,-0.0,-2.452,-9.248,-9.724,0.0,0.0,-45.25,-18.97,1.446
