SMILES,title,i_i_glide_lignum,docking_status,message,r_glide_cpu_time,r_i_docking_score,s_i_glide_gridfile,r_i_glide_gscore,r_i_glide_lipo,r_i_glide_hbond,r_i_glide_metal,r_i_glide_rewards,r_i_glide_evdw,r_i_glide_ecoul,r_i_glide_erotb,r_i_glide_esite,r_i_glide_emodel,r_i_glide_energy,r_i_glide_einternal
CC(C)(c1ccc(OC[C@H]2CO2)cc1)c1ccc(OC[C@H]2CO2)cc1,BPA_CID2286__prepared_state_000,1,Done,,5.756,-6.491,grid,-6.491,-5.474,-0.04406,-0.0,-0.8315,-35.39,2.134,1.307,0.0,-35.98,-33.25,10.25
CC(C)(c1ccc(OC[C@H]2CO2)cc1)c1ccc(OC[C@H]2CO2)cc1,BPA_CID2286__prepared_state_000,1,Done,,5.756,-6.208,grid,-6.208,-4.987,0.0,-0.0,-1.161,-26.68,-0.2269,1.307,0.0,-26.84,-26.9,15.13
CC(C)(c1ccc(OC[C@H]2CO2)cc1)c1ccc(OC[C@H]2CO2)cc1,BPA_CID2286__prepared_state_000,1,Done,,5.756,-4.408,grid,-4.408,-4.667,0.0,-0.0,0.2616,-26.37,0.05776,1.307,0.0,-25.65,-26.31,11.99
CC(C)(c1ccc(OC[C@H]2CO2)cc1)c1ccc(OC[C@H]2CO2)cc1,BPA_CID2286__prepared_state_000,1,Done,,5.756,-1.768,grid,-1.768,-0.367,-0.32,-0.0,-1.086,-20.43,-1.873,1.307,0.0,-23.16,-22.3,2.565
CC(C)(c1ccc(OC[C@H]2CO2)cc1)c1ccc(OC[C@H]2CO2)cc1,BPA_CID2286__prepared_state_000,1,Done,,5.756,-1.641,grid,-1.641,-0.4103,-0.04648,-0.0,-1.002,-23.13,-2.224,1.307,0.0,-22.73,-25.35,9.206
CC(C)(c1ccc(OC[C@H]2CO2)cc1)c1ccc(OC[C@H]2CO2)cc1,BPA_CID2286__prepared_state_000,1,Done,,5.756,-2.335,grid,-2.335,-0.9979,0.0,-0.0,-1.088,-26.12,-1.666,1.307,0.0,-22.59,-27.79,16.05
CC(C)(c1ccc(OC[C@H]2CO2)cc1)c1ccc(OC[C@H]2CO2)cc1,BPA_CID2286__prepared_state_000,1,Done,,5.756,-1.773,grid,-1.773,-0.4393,-0.184,-0.0,-1.076,-19.24,-2.794,1.307,0.0,-21.75,-22.03,4.864
CC(C)(c1ccc(OC[C@H]2CO2)cc1)c1ccc(OC[C@H]2CO2)cc1,BPA_CID2286__prepared_state_000,1,Done,,5.756,-1.308,grid,-1.308,-0.2771,-0.06879,-0.0,-1.088,-19.1,-1.513,1.307,0.0,-20.9,-20.62,2.59
CC(C)(c1ccc(OC[C@H]2CO2)cc1)c1ccc(OC[C@H]2CO2)cc1,BPA_CID2286__prepared_state_000,1,Done,,5.756,-5.902,grid,-5.902,-5.624,0.0,-0.0,-0.6592,-22.12,1.2,1.307,0.0,-20.65,-20.92,14.83
CC(C)(c1ccc(OC[C@H]2CO2)cc1)c1ccc(OC[C@H]2CO2)cc1,BPA_CID2286__prepared_state_000,1,Done,,5.756,-1.138,grid,-1.138,-0.4444,0.0,-0.0,-1.087,-19.63,0.449,1.307,0.0,-19.47,-19.18,2.161
CC(C)(c1ccc(OC[C@H]2CO2)cc1)c1ccc(OC[C@H]2CO2)cc1,BPA_CID2286__prepared_state_000,1,Done,,5.756,-1.415,grid,-1.415,-0.1773,-0.2562,-0.0,-1.082,-19.12,-1.67,1.307,0.0,-18.6,-20.78,7.793
CC(C)(c1ccc(OC[C@H]2CO2)cc1)c1ccc(OC[C@H]2CO2)cc1,BPA_CID2286__prepared_state_000,1,Done,,5.756,-5.758,grid,-5.758,-5.2,-0.08893,-0.0,-0.925,-20.45,1.138,1.307,0.0,-18.49,-19.31,15.58
CC(C)(c1ccc(OC[C@H]2CO2)cc1)c1ccc(OC[C@H]2CO2)cc1,BPA_CID2286__prepared_state_000,1,Done,,5.756,-6.362,grid,-6.362,-5.081,-0.1093,-0.0,-1.788,-15.97,0.7194,1.307,0.0,-18.47,-15.25,8.968
CC(C)(c1ccc(OC[C@H]2CO2)cc1)c1ccc(OC[C@H]2CO2)cc1,BPA_CID2286__prepared_state_000,1,Done,,5.756,-0.8853,grid,-0.8853,-0.08798,0.0,-0.0,-1.081,-20.14,-0.1146,1.307,0.0,-17.39,-20.25,7.86
CC(C)(c1ccc(OC[C@H]2CO2)cc1)c1ccc(OC[C@H]2CO2)cc1,BPA_CID2286__prepared_state_000,1,Done,,5.756,-1.178,grid,-1.178,-0.3829,0.0,-0.0,-1.078,-18.25,-0.745,1.307,0.0,-17.08,-19.0,6.68
CC(C)(c1ccc(OC[C@H]2CO2)cc1)c1ccc(OC[C@H]2CO2)cc1,BPA_CID2286__prepared_state_000,1,Done,,5.756,-5.938,grid,-5.938,-5.011,0.0,-0.0,-1.611,-17.26,1.597,1.307,0.0,-16.11,-15.66,13.45
CC(C)(c1ccc(OC[C@H]2CO2)cc1)c1ccc(OC[C@H]2CO2)cc1,BPA_CID2286__prepared_state_000,1,Done,,5.756,-5.228,grid,-5.228,-5.298,0.0,-0.0,-0.4182,-15.81,-0.1922,1.307,0.0,-15.96,-16.0,12.74
CC(C)(c1ccc(OC[C@H]2CO2)cc1)c1ccc(OC[C@H]2CO2)cc1,BPA_CID2286__prepared_state_000,1,Done,,5.756,-1.182,grid,-1.182,-0.3344,-0.1962,-0.0,-0.9784,-16.55,-1.02,1.307,0.0,-15.3,-17.57,7.392
CC(C)(c1ccc(OC[C@H]2CO2)cc1)c1ccc(OC[C@H]2CO2)cc1,BPA_CID2286__prepared_state_000,1,Done,,5.756,-0.9419,grid,-0.9419,-0.5397,0.0,-0.0,-1.088,-13.24,0.2692,1.307,0.0,-13.13,-12.97,1.948
CC(C)(c1ccc(OC[C@H]2CO2)cc1)c1ccc(OC[C@H]2CO2)cc1,BPA_CID2286__prepared_state_000,1,Done,,5.756,-4.206,grid,-4.206,-5.296,-0.143,-0.0,0.5445,-14.79,0.8101,1.307,0.0,-12.85,-13.98,12.44
CC(C)(c1ccc(OC[C@@H]2CO2)cc1)c1ccc(OC[C@H]2CO2)cc1,BPA_CID2286__prepared_state_001,2,Done,,5.119,-6.047,grid,-6.047,-4.847,0.0,-0.0,-1.143,-27.87,0.194,1.307,0.0,-32.55,-27.67,5.281
CC(C)(c1ccc(OC[C@@H]2CO2)cc1)c1ccc(OC[C@H]2CO2)cc1,BPA_CID2286__prepared_state_001,2,Done,,5.119,-7.045,grid,-7.045,-5.596,0.0,-0.0,-1.409,-29.63,0.8991,1.307,0.0,-31.68,-28.73,11.63
CC(C)(c1ccc(OC[C@@H]2CO2)cc1)c1ccc(OC[C@H]2CO2)cc1,BPA_CID2286__prepared_state_001,2,Done,,5.119,-2.914,grid,-2.914,-1.329,0.0,-0.0,-1.087,-30.3,-1.943,1.307,0.0,-30.82,-32.24,10.08
CC(C)(c1ccc(OC[C@@H]2CO2)cc1)c1ccc(OC[C@H]2CO2)cc1,BPA_CID2286__prepared_state_001,2,Done,,5.119,-2.901,grid,-2.901,-1.568,0.0,-0.0,-1.086,-28.2,-0.9604,1.307,0.0,-29.54,-29.16,6.448
CC(C)(c1ccc(OC[C@@H]2CO2)cc1)c1ccc(OC[C@H]2CO2)cc1,BPA_CID2286__prepared_state_001,2,Done,,5.119,-2.509,grid,-2.509,-0.9705,0.0,-0.0,-1.088,-26.92,-2.742,1.307,0.0,-29.5,-29.66,6.565
CC(C)(c1ccc(OC[C@@H]2CO2)cc1)c1ccc(OC[C@H]2CO2)cc1,BPA_CID2286__prepared_state_001,2,Done,,5.119,-2.259,grid,-2.259,-0.8197,0.0,-0.0,-1.079,-26.15,-2.399,1.307,0.0,-27.94,-28.55,6.835
CC(C)(c1ccc(OC[C@@H]2CO2)cc1)c1ccc(OC[C@H]2CO2)cc1,BPA_CID2286__prepared_state_001,2,Done,,5.119,-2.429,grid,-2.429,-1.035,-0.01711,-0.0,-1.083,-25.26,-2.255,1.307,0.0,-27.84,-27.51,5.378
CC(C)(c1ccc(OC[C@@H]2CO2)cc1)c1ccc(OC[C@H]2CO2)cc1,BPA_CID2286__prepared_state_001,2,Done,,5.119,-2.418,grid,-2.418,-1.159,0.0,-0.0,-1.078,-26.32,-1.14,1.307,0.0,-27.84,-27.46,5.269
CC(C)(c1ccc(OC[C@@H]2CO2)cc1)c1ccc(OC[C@H]2CO2)cc1,BPA_CID2286__prepared_state_001,2,Done,,5.119,-6.197,grid,-6.197,-4.67,0.0,-0.0,-1.577,-24.71,-0.1438,1.307,0.0,-27.67,-24.86,9.782
CC(C)(c1ccc(OC[C@@H]2CO2)cc1)c1ccc(OC[C@H]2CO2)cc1,BPA_CID2286__prepared_state_001,2,Done,,5.119,-6.63,grid,-6.63,-4.986,0.0,-0.0,-1.81,-25.75,0.9751,1.307,0.0,-27.02,-24.78,12.01
CC(C)(c1ccc(OC[C@@H]2CO2)cc1)c1ccc(OC[C@H]2CO2)cc1,BPA_CID2286__prepared_state_001,2,Done,,5.119,-1.26,grid,-1.26,-1.367,0.0,-0.0,0.6097,-28.34,-2.615,1.307,0.0,-26.64,-30.96,11.77
CC(C)(c1ccc(OC[C@@H]2CO2)cc1)c1ccc(OC[C@H]2CO2)cc1,BPA_CID2286__prepared_state_001,2,Done,,5.119,-4.74,grid,-4.74,-5.598,0.0,-0.0,0.8845,-29.06,0.7958,1.307,0.0,-26.31,-28.27,15.7
CC(C)(c1ccc(OC[C@@H]2CO2)cc1)c1ccc(OC[C@H]2CO2)cc1,BPA_CID2286__prepared_state_001,2,Done,,5.119,-2.169,grid,-2.169,-0.7705,0.0,-0.0,-1.077,-25.36,-2.403,1.307,0.0,-25.08,-27.76,10.76
CC(C)(c1ccc(OC[C@@H]2CO2)cc1)c1ccc(OC[C@H]2CO2)cc1,BPA_CID2286__prepared_state_001,2,Done,,5.119,-6.298,grid,-6.298,-5.243,0.0,-0.0,-1.197,-27.27,1.322,1.307,0.0,-24.3,-25.95,18.98
CC(C)(c1ccc(OC[C@@H]2CO2)cc1)c1ccc(OC[C@H]2CO2)cc1,BPA_CID2286__prepared_state_001,2,Done,,5.119,-2.493,grid,-2.493,-1.544,0.0,-0.0,-0.9674,-25.29,-0.1635,1.307,0.0,-23.55,-25.45,10.01
CC(C)(c1ccc(OC[C@@H]2CO2)cc1)c1ccc(OC[C@H]2CO2)cc1,BPA_CID2286__prepared_state_001,2,Done,,5.119,-6.293,grid,-6.293,-5.122,0.0,-0.0,-1.448,-23.01,0.8049,1.307,0.0,-22.79,-22.21,14.49
CC(C)(c1ccc(OC[C@@H]2CO2)cc1)c1ccc(OC[C@H]2CO2)cc1,BPA_CID2286__prepared_state_001,2,Done,,5.119,-4.875,grid,-4.875,-5.135,0.0,-0.0,-0.186,-22.43,1.734,1.307,0.0,-22.42,-20.7,8.678
CC(C)(c1ccc(OC[C@@H]2CO2)cc1)c1ccc(OC[C@H]2CO2)cc1,BPA_CID2286__prepared_state_001,2,Done,,5.119,-1.431,grid,-1.431,-0.4898,0.0,-0.0,-1.086,-19.66,-1.196,1.307,0.0,-21.46,-20.86,2.353
CC(C)(c1ccc(OC[C@@H]2CO2)cc1)c1ccc(OC[C@H]2CO2)cc1,BPA_CID2286__prepared_state_001,2,Done,,5.119,-1.288,grid,-1.288,-0.4521,0.0,-0.0,-1.088,-18.48,-0.8753,1.307,0.0,-17.82,-19.35,6.28
CC(C)(c1ccc(OC[C@@H]2CO2)cc1)c1ccc(OC[C@H]2CO2)cc1,BPA_CID2286__prepared_state_001,2,Done,,5.119,-1.495,grid,-1.495,-0.7886,0.0,-0.0,-1.088,-16.65,-0.6236,1.307,0.0,-17.75,-17.27,2.762
CC(C)(c1ccc(OC[C@@H]2CO2)cc1)c1ccc(OC[C@@H]2CO2)cc1,BPA_CID2286__prepared_state_002,3,Done,,4.801,-4.684,grid,-4.684,-5.253,-0.03169,-0.0,0.8434,-34.09,1.025,1.307,0.0,-35.21,-33.06,10.56
CC(C)(c1ccc(OC[C@@H]2CO2)cc1)c1ccc(OC[C@@H]2CO2)cc1,BPA_CID2286__prepared_state_002,3,Done,,4.801,-2.411,grid,-2.411,-0.95,0.0,-0.0,-1.088,-27.82,-1.931,1.307,0.0,-31.89,-29.75,3.364
CC(C)(c1ccc(OC[C@@H]2CO2)cc1)c1ccc(OC[C@@H]2CO2)cc1,BPA_CID2286__prepared_state_002,3,Done,,4.801,-5.308,grid,-5.308,-4.899,-0.07575,-0.0,-0.474,-26.94,1.21,1.307,0.0,-29.47,-25.73,9.372
CC(C)(c1ccc(OC[C@@H]2CO2)cc1)c1ccc(OC[C@@H]2CO2)cc1,BPA_CID2286__prepared_state_002,3,Done,,4.801,-2.575,grid,-2.575,-1.076,0.0,-0.0,-1.084,-26.8,-2.548,1.307,0.0,-29.42,-29.34,8.019
CC(C)(c1ccc(OC[C@@H]2CO2)cc1)c1ccc(OC[C@@H]2CO2)cc1,BPA_CID2286__prepared_state_002,3,Done,,4.801,-3.738,grid,-3.738,-5.3,0.0,-0.0,1.957,-32.65,-0.4599,1.307,0.0,-29.31,-33.11,19.46
CC(C)(c1ccc(OC[C@@H]2CO2)cc1)c1ccc(OC[C@@H]2CO2)cc1,BPA_CID2286__prepared_state_002,3,Done,,4.801,-4.821,grid,-4.821,-5.178,0.0,-0.0,0.4072,-28.77,0.5373,1.307,0.0,-29.18,-28.23,13.38
CC(C)(c1ccc(OC[C@@H]2CO2)cc1)c1ccc(OC[C@@H]2CO2)cc1,BPA_CID2286__prepared_state_002,3,Done,,4.801,-2.244,grid,-2.244,-0.8752,0.0,-0.0,-1.082,-24.89,-2.332,1.307,0.0,-28.48,-27.22,4.612
CC(C)(c1ccc(OC[C@@H]2CO2)cc1)c1ccc(OC[C@@H]2CO2)cc1,BPA_CID2286__prepared_state_002,3,Done,,4.801,-2.231,grid,-2.231,-0.8026,0.0,-0.0,-1.088,-24.92,-2.674,1.307,0.0,-28.39,-27.6,5.503
CC(C)(c1ccc(OC[C@@H]2CO2)cc1)c1ccc(OC[C@@H]2CO2)cc1,BPA_CID2286__prepared_state_002,3,Done,,4.801,-1.705,grid,-1.705,-0.5031,0.0,-0.0,-1.076,-25.37,-1.1,1.307,0.0,-24.84,-26.47,8.668
CC(C)(c1ccc(OC[C@@H]2CO2)cc1)c1ccc(OC[C@@H]2CO2)cc1,BPA_CID2286__prepared_state_002,3,Done,,4.801,-1.729,grid,-1.729,-0.8121,0.0,-0.0,-1.083,-18.66,-1.385,1.307,0.0,-22.22,-20.05,1.143
CC(C)(c1ccc(OC[C@@H]2CO2)cc1)c1ccc(OC[C@@H]2CO2)cc1,BPA_CID2286__prepared_state_002,3,Done,,4.801,-1.541,grid,-1.541,-0.6211,0.0,-0.0,-1.076,-22.05,-0.3245,1.307,0.0,-21.63,-22.37,6.371
CC(C)(c1ccc(OC[C@@H]2CO2)cc1)c1ccc(OC[C@@H]2CO2)cc1,BPA_CID2286__prepared_state_002,3,Done,,4.801,-3.346,grid,-3.346,-4.853,-0.07562,-0.0,1.378,-24.75,0.8992,1.307,0.0,-20.56,-23.85,17.21
CC(C)(c1ccc(OC[C@@H]2CO2)cc1)c1ccc(OC[C@@H]2CO2)cc1,BPA_CID2286__prepared_state_002,3,Done,,4.801,-1.502,grid,-1.502,-0.7398,0.0,-0.0,-0.9664,-18.66,-1.134,1.307,0.0,-20.28,-19.8,3.804
CC(C)(c1ccc(OC[C@@H]2CO2)cc1)c1ccc(OC[C@@H]2CO2)cc1,BPA_CID2286__prepared_state_002,3,Done,,4.801,-1.532,grid,-1.532,-0.8461,0.0,-0.0,-1.087,-20.73,0.8659,1.307,0.0,-20.07,-19.86,4.448
CC(C)(c1ccc(OC[C@@H]2CO2)cc1)c1ccc(OC[C@@H]2CO2)cc1,BPA_CID2286__prepared_state_002,3,Done,,4.801,0.1508,grid,0.1508,-0.7474,-0.08031,-0.0,0.9428,-22.71,-0.908,1.307,0.0,-19.97,-23.62,6.823
CC(C)(c1ccc(OC[C@@H]2CO2)cc1)c1ccc(OC[C@@H]2CO2)cc1,BPA_CID2286__prepared_state_002,3,Done,,4.801,-1.911,grid,-1.911,-0.6931,-0.1619,-0.0,-1.078,-19.36,-2.116,1.307,0.0,-19.04,-21.47,10.93
CC(C)(c1ccc(OC[C@@H]2CO2)cc1)c1ccc(OC[C@@H]2CO2)cc1,BPA_CID2286__prepared_state_002,3,Done,,4.801,-0.6118,grid,-0.6118,-0.3854,0.0,-0.0,-0.4746,-21.34,0.05418,1.307,0.0,-18.43,-21.29,7.656
CC(C)(c1ccc(OC[C@@H]2CO2)cc1)c1ccc(OC[C@@H]2CO2)cc1,BPA_CID2286__prepared_state_002,3,Done,,4.801,-3.166,grid,-3.166,-4.902,0.0,-0.0,1.214,-18.91,1.071,1.307,0.0,-17.88,-17.84,9.968
CC(C)(c1ccc(OC[C@@H]2CO2)cc1)c1ccc(OC[C@@H]2CO2)cc1,BPA_CID2286__prepared_state_002,3,Done,,4.801,-2.503,grid,-2.503,-1.465,-0.1131,-0.0,-1.205,-12.71,-2.616,1.307,0.0,-16.53,-15.32,5.516
CC(C)(c1ccc(OC[C@@H]2CO2)cc1)c1ccc(OC[C@@H]2CO2)cc1,BPA_CID2286__prepared_state_002,3,Done,,4.801,0.1185,grid,0.1185,-0.214,0.0,-0.0,0.05923,-20.66,-0.006333,1.307,0.0,-16.16,-20.67,8.642
CC(C)(c1cc(Br)c([O-])c(Br)c1)c1cc(Br)c([O-])c(Br)c1,BPA_CID6618__prepared_state_003,4,Done,,0.76,-2.323,grid,-2.571,-1.324,0.0,-0.0,0.0,-25.55,-0.732,0.1409,0.0,-29.44,-26.28,3.115
CC(C)(c1cc(Br)c([O-])c(Br)c1)c1cc(Br)c([O-])c(Br)c1,BPA_CID6618__prepared_state_003,4,Done,,0.76,-1.956,grid,-2.203,-1.02,0.0,-0.0,0.0,-23.14,-1.116,0.1409,0.0,-26.89,-24.26,2.823
CC(C)(c1cc(Br)c([O-])c(Br)c1)c1cc(Br)c([O-])c(Br)c1,BPA_CID6618__prepared_state_003,4,Done,,0.76,-5.521,grid,-5.769,-4.42,0.0,-0.0,-0.9,-19.15,2.447,0.1409,0.0,-26.41,-16.7,1.749
CC(C)(c1cc(Br)c([O-])c(Br)c1)c1cc(Br)c([O-])c(Br)c1,BPA_CID6618__prepared_state_003,4,Done,,0.76,-1.72,grid,-1.968,-0.7903,-0.008239,-0.0,0.0,-19.44,-2.259,0.1409,0.0,-25.27,-21.7,0.07999
CC(C)(c1cc(Br)c([O-])c(Br)c1)c1cc(Br)c([O-])c(Br)c1,BPA_CID6618__prepared_state_003,4,Done,,0.76,-1.54,grid,-1.788,-0.487,-0.169,-0.0,0.0,-16.37,-3.031,0.1409,0.0,-22.06,-19.4,1.242
CC(C)(c1cc(Br)c([O-])c(Br)c1)c1cc(Br)c([O-])c(Br)c1,BPA_CID6618__prepared_state_003,4,Done,,0.76,-1.03,grid,-1.278,-0.5392,0.0,-0.0,0.0,-16.49,-0.3678,0.1409,0.0,-19.19,-16.86,0.01951
CC(C)(c1cc(Br)c([O-])c(Br)c1)c1cc(Br)c([O-])c(Br)c1,BPA_CID6618__prepared_state_003,4,Done,,0.76,-1.209,grid,-1.457,-0.8881,0.0,-0.0,0.0,-17.33,1.043,0.1409,0.0,-18.88,-16.28,0.1635
CC(C)(c1cc(Br)c([O-])c(Br)c1)c1cc(Br)c([O-])c(Br)c1,BPA_CID6618__prepared_state_003,4,Done,,0.76,-1.22,grid,-1.468,-0.7986,0.0,-0.0,0.0,-15.03,-0.3932,0.1409,0.0,-17.72,-15.42,0.779
CC(C)(c1cc(Br)c([O-])c(Br)c1)c1cc(Br)c([O-])c(Br)c1,BPA_CID6618__prepared_state_003,4,Done,,0.76,-1.071,grid,-1.319,-0.6563,0.0,-0.0,0.0,-15.51,-0.1885,0.1409,0.0,-17.62,-15.69,0.9863
CC(C)(c1cc(Br)c([O-])c(Br)c1)c1cc(Br)c([O-])c(Br)c1,BPA_CID6618__prepared_state_003,4,Done,,0.76,-0.6423,grid,-0.8902,-0.4807,0.0,-0.0,0.0,-14.46,1.152,0.1409,0.0,-13.61,-13.31,2.675
CC(C)(c1cc(Br)c([O-])c(Br)c1)c1cc(Br)c([O-])c(Br)c1,BPA_CID6618__prepared_state_003,4,Done,,0.76,-0.7992,grid,-1.047,-0.1663,-0.2,-0.0,0.0,-11.66,-1.592,0.1409,0.0,-13.47,-13.25,3.409
CC(C)(c1cc(Br)c([O-])c(Br)c1)c1cc(Br)c([O-])c(Br)c1,BPA_CID6618__prepared_state_003,4,Done,,0.76,-0.7443,grid,-0.9922,-0.07423,-0.2,-0.0,0.0,-8.233,-2.981,0.1409,0.0,-12.54,-11.21,0.9819
CC(C)(c1cc(Br)c([O-])c(Br)c1)c1cc(Br)c([O-])c(Br)c1,BPA_CID6618__prepared_state_003,4,Done,,0.76,-4.77,grid,-5.018,-4.301,0.0,-0.0,-0.9,-5.565,2.136,0.1409,0.0,-12.1,-3.429,1.064
CC(C)(c1cc(Br)c([O-])c(Br)c1)c1cc(Br)c([O-])c(Br)c1,BPA_CID6618__prepared_state_003,4,Done,,0.76,-0.1835,grid,-0.4313,-0.08529,0.0,-0.0,0.0,-12.63,0.9648,0.1409,0.0,-11.68,-11.67,1.56
CC(C)(c1cc(Br)c([O-])c(Br)c1)c1cc(Br)c([O-])c(Br)c1,BPA_CID6618__prepared_state_003,4,Done,,0.76,-0.559,grid,-0.8069,-0.0968,-0.1979,-0.0,0.0,-7.172,-1.963,0.1409,0.0,-9.825,-9.135,1.58
CC(C)(c1cc(Br)c([O-])c(Br)c1)c1cc(Br)c(O)c(Br)c1,BPA_CID6618__prepared_state_004,5,Done,,1.29,-5.17,grid,-5.995,-4.256,0.0,-0.0,-0.9,-19.0,-0.1938,0.1404,0.0,-27.27,-19.2,2.21
CC(C)(c1cc(Br)c([O-])c(Br)c1)c1cc(Br)c(O)c(Br)c1,BPA_CID6618__prepared_state_004,5,Done,,1.29,-1.826,grid,-2.651,-0.4807,-0.4736,-0.0,0.0,-17.64,-6.368,0.1404,0.0,-26.39,-24.01,3.343
CC(C)(c1cc(Br)c([O-])c(Br)c1)c1cc(Br)c(O)c(Br)c1,BPA_CID6618__prepared_state_004,5,Done,,1.29,-0.9428,grid,-1.768,-0.7437,0.0,-0.0,0.0,-21.34,-0.6538,0.1404,0.0,-23.7,-21.99,2.005
CC(C)(c1cc(Br)c([O-])c(Br)c1)c1cc(Br)c(O)c(Br)c1,BPA_CID6618__prepared_state_004,5,Done,,1.29,-1.217,grid,-2.043,-0.5664,-0.1552,-0.0,0.0,-18.13,-3.701,0.1404,0.0,-23.48,-21.83,2.946
CC(C)(c1cc(Br)c([O-])c(Br)c1)c1cc(Br)c(O)c(Br)c1,BPA_CID6618__prepared_state_004,5,Done,,1.29,-1.324,grid,-2.15,-0.6634,-0.2393,-0.0,0.0,-17.06,-3.563,0.1404,0.0,-22.47,-20.63,2.904
CC(C)(c1cc(Br)c([O-])c(Br)c1)c1cc(Br)c(O)c(Br)c1,BPA_CID6618__prepared_state_004,5,Done,,1.29,-1.351,grid,-2.177,-0.6615,-0.2509,-0.0,0.0,-17.04,-3.684,0.1404,0.0,-22.09,-20.72,3.934
CC(C)(c1cc(Br)c([O-])c(Br)c1)c1cc(Br)c(O)c(Br)c1,BPA_CID6618__prepared_state_004,5,Done,,1.29,-0.7221,grid,-1.548,-0.3733,-0.06546,-0.0,0.0,-18.02,-2.322,0.1404,0.0,-22.08,-20.34,1.255
CC(C)(c1cc(Br)c([O-])c(Br)c1)c1cc(Br)c(O)c(Br)c1,BPA_CID6618__prepared_state_004,5,Done,,1.29,-0.6763,grid,-1.502,-0.7115,0.0,-0.0,0.0,-19.7,0.3616,0.1404,0.0,-20.53,-19.33,2.214
CC(C)(c1cc(Br)c([O-])c(Br)c1)c1cc(Br)c(O)c(Br)c1,BPA_CID6618__prepared_state_004,5,Done,,1.29,-0.9423,grid,-1.768,-0.6694,-0.01916,-0.0,0.0,-17.59,-2.268,0.1404,0.0,-20.49,-19.86,4.146
CC(C)(c1cc(Br)c([O-])c(Br)c1)c1cc(Br)c(O)c(Br)c1,BPA_CID6618__prepared_state_004,5,Done,,1.29,-0.6029,grid,-1.428,-0.4051,0.0,-0.0,0.0,-18.08,-1.729,0.1404,0.0,-20.28,-19.81,3.432
CC(C)(c1cc(Br)c([O-])c(Br)c1)c1cc(Br)c(O)c(Br)c1,BPA_CID6618__prepared_state_004,5,Done,,1.29,-1.222,grid,-2.048,-0.9611,-0.1496,-0.0,0.0,-17.24,-1.436,0.1404,0.0,-19.8,-18.67,4.01
CC(C)(c1cc(Br)c([O-])c(Br)c1)c1cc(Br)c(O)c(Br)c1,BPA_CID6618__prepared_state_004,5,Done,,1.29,-0.5002,grid,-1.326,-0.7277,0.0,-0.0,0.0,-19.33,1.521,0.1404,0.0,-19.57,-17.81,0.5299
CC(C)(c1cc(Br)c([O-])c(Br)c1)c1cc(Br)c(O)c(Br)c1,BPA_CID6618__prepared_state_004,5,Done,,1.29,-0.7062,grid,-1.532,-0.6672,-0.03738,-0.0,0.0,-16.96,-0.7947,0.1404,0.0,-19.01,-17.76,2.184
CC(C)(c1cc(Br)c([O-])c(Br)c1)c1cc(Br)c(O)c(Br)c1,BPA_CID6618__prepared_state_004,5,Done,,1.29,-0.5424,grid,-1.368,-0.605,0.0,-0.0,0.0,-15.83,-0.7453,0.1404,0.0,-18.13,-16.57,1.08
CC(C)(c1cc(Br)c([O-])c(Br)c1)c1cc(Br)c(O)c(Br)c1,BPA_CID6618__prepared_state_004,5,Done,,1.29,-0.3455,grid,-1.171,-0.5376,0.0,-0.0,0.0,-16.51,0.346,0.1404,0.0,-17.88,-16.17,0.1537
CC(C)(c1cc(Br)c([O-])c(Br)c1)c1cc(Br)c(O)c(Br)c1,BPA_CID6618__prepared_state_004,5,Done,,1.29,-0.4979,grid,-1.323,-0.6126,0.0,-0.0,0.0,-17.25,0.07502,0.1404,0.0,-17.26,-17.17,3.878
CC(C)(c1cc(Br)c([O-])c(Br)c1)c1cc(Br)c(O)c(Br)c1,BPA_CID6618__prepared_state_004,5,Done,,1.29,-5.268,grid,-6.093,-4.314,-0.32,-0.0,-0.9,-5.499,-2.83,0.1404,0.0,-16.83,-8.329,1.661
CC(C)(c1cc(Br)c([O-])c(Br)c1)c1cc(Br)c(O)c(Br)c1,BPA_CID6618__prepared_state_004,5,Done,,1.29,-4.544,grid,-5.37,-4.472,0.0,-0.0,-0.9,-10.99,2.742,0.1404,0.0,-16.11,-8.244,0.7086
CC(C)(c1cc(Br)c([O-])c(Br)c1)c1cc(Br)c(O)c(Br)c1,BPA_CID6618__prepared_state_004,5,Done,,1.29,0.1014,grid,-0.7241,-0.2982,0.0,-0.0,0.0,-15.51,1.394,0.1404,0.0,-15.21,-14.11,0.03006
CC(C)(c1cc(Br)c([O-])c(Br)c1)c1cc(Br)c(O)c(Br)c1,BPA_CID6618__prepared_state_004,5,Done,,1.29,-0.1699,grid,-0.9953,-0.4193,0.0,-0.0,0.0,-14.21,-0.03804,0.1404,0.0,-14.81,-14.25,1.94
CC(C)(c1cc(Cl)c([O-])c(Cl)c1)c1cc(Cl)c([O-])c(Cl)c1,BPA_CID6619__prepared_state_005,6,Done,,0.8942,-6.756,grid,-6.93,-4.698,-0.007135,-0.0,-1.827,-22.07,2.769,0.29,0.0,-25.22,-19.3,1.747
CC(C)(c1cc(Cl)c([O-])c(Cl)c1)c1cc(Cl)c([O-])c(Cl)c1,BPA_CID6619__prepared_state_005,6,Done,,0.8942,-6.295,grid,-6.469,-4.172,0.0,-0.0,-1.827,-16.94,0.5789,0.29,0.0,-21.9,-16.36,1.622
CC(C)(c1cc(Cl)c([O-])c(Cl)c1)c1cc(Cl)c([O-])c(Cl)c1,BPA_CID6619__prepared_state_005,6,Done,,0.8942,-6.554,grid,-6.728,-4.605,0.0,-0.0,-1.827,-18.67,2.32,0.29,0.0,-21.13,-16.35,3.641
CC(C)(c1cc(Cl)c([O-])c(Cl)c1)c1cc(Cl)c([O-])c(Cl)c1,BPA_CID6619__prepared_state_005,6,Done,,0.8942,-5.824,grid,-5.998,-4.126,0.0,-0.0,-1.827,-17.94,3.743,0.29,0.0,-18.99,-14.19,2.17
CC(C)(c1cc(Cl)c([O-])c(Cl)c1)c1cc(Cl)c([O-])c(Cl)c1,BPA_CID6619__prepared_state_005,6,Done,,0.8942,-2.218,grid,-2.392,-0.9662,0.0,-0.0,-0.9269,-17.17,0.466,0.29,0.0,-18.99,-16.7,0.1203
CC(C)(c1cc(Cl)c([O-])c(Cl)c1)c1cc(Cl)c([O-])c(Cl)c1,BPA_CID6619__prepared_state_005,6,Done,,0.8942,-2.094,grid,-2.268,-0.8912,0.0,-0.0,-0.9269,-17.47,0.8937,0.29,0.0,-17.77,-16.58,2.072
CC(C)(c1cc(Cl)c([O-])c(Cl)c1)c1cc(Cl)c([O-])c(Cl)c1,BPA_CID6619__prepared_state_005,6,Done,,0.8942,-5.709,grid,-5.883,-4.06,0.0,-0.0,-1.827,-14.86,3.046,0.29,0.0,-17.48,-11.82,0.2199
CC(C)(c1cc(Cl)c([O-])c(Cl)c1)c1cc(Cl)c([O-])c(Cl)c1,BPA_CID6619__prepared_state_005,6,Done,,0.8942,-1.697,grid,-1.87,-0.3922,0.0,-0.0,-0.9269,-15.77,-0.3494,0.29,0.0,-17.16,-16.12,1.6
CC(C)(c1cc(Cl)c([O-])c(Cl)c1)c1cc(Cl)c([O-])c(Cl)c1,BPA_CID6619__prepared_state_005,6,Done,,0.8942,-1.829,grid,-2.003,-0.6602,0.0,-0.0,-0.9269,-15.86,0.5788,0.29,0.0,-16.8,-15.28,0.8818
CC(C)(c1cc(Cl)c([O-])c(Cl)c1)c1cc(Cl)c([O-])c(Cl)c1,BPA_CID6619__prepared_state_005,6,Done,,0.8942,-1.404,grid,-1.578,-0.4342,0.0,-0.0,-0.9269,-12.99,0.9525,0.29,0.0,-13.12,-12.04,0.9341
CC(C)(c1cc(Cl)c([O-])c(Cl)c1)c1cc(Cl)c([O-])c(Cl)c1,BPA_CID6619__prepared_state_005,6,Done,,0.8942,-1.158,grid,-1.332,-0.06329,0.0,-0.0,-0.9269,-15.34,0.9022,0.29,0.0,-12.98,-14.44,5.531
CC(C)(c1cc(Cl)c([O-])c(Cl)c1)c1cc(Cl)c([O-])c(Cl)c1,BPA_CID6619__prepared_state_005,6,Done,,0.8942,-1.199,grid,-1.372,-0.2441,0.0,-0.0,-0.9269,-12.03,0.7336,0.29,0.0,-12.19,-11.3,0.9142
CC(C)(c1cc(Cl)c([O-])c(Cl)c1)c1cc(Cl)c([O-])c(Cl)c1,BPA_CID6619__prepared_state_005,6,Done,,0.8942,-1.213,grid,-1.387,-0.1297,-0.01691,-0.0,-0.9269,-10.11,-0.6551,0.29,0.0,-11.54,-10.76,1.163
CC(C)(c1cc(Cl)c([O-])c(Cl)c1)c1cc(Cl)c([O-])c(Cl)c1,BPA_CID6619__prepared_state_005,6,Done,,0.8942,-1.158,grid,-1.332,-0.2809,0.0,-0.0,-0.9269,-14.26,1.994,0.29,0.0,-10.45,-12.26,6.242
CC(C)(c1cc(Cl)c([O-])c(Cl)c1)c1cc(Cl)c([O-])c(Cl)c1,BPA_CID6619__prepared_state_005,6,Done,,0.8942,-5.464,grid,-5.638,-4.113,0.0,-0.0,-1.827,-5.934,2.062,0.29,0.0,-7.021,-3.872,4.762
CC(C)(c1cc(Cl)c([O-])c(Cl)c1)c1cc(Cl)c([O-])c(Cl)c1,BPA_CID6619__prepared_state_005,6,Done,,0.8942,-1.011,grid,-1.184,-0.3437,0.0,-0.0,-0.9269,-11.15,2.356,0.29,0.0,-6.936,-8.791,6.034
CC(C)(c1cc(Cl)c([O-])c(Cl)c1)c1cc(Cl)c([O-])c(Cl)c1,BPA_CID6619__prepared_state_005,6,Done,,0.8942,-1.035,grid,-1.208,-0.009083,-0.1446,-0.0,-0.9269,-3.491,-1.621,0.29,0.0,-6.291,-5.112,0.01365
CC(C)(c1cc(Cl)c([O-])c(Cl)c1)c1cc(Cl)c([O-])c(Cl)c1,BPA_CID6619__prepared_state_005,6,Done,,0.8942,-5.299,grid,-5.473,-4.222,0.0,-0.0,-1.827,-4.207,3.311,0.29,0.0,-3.892,-0.8967,4.746
CC(C)(c1cc(Cl)c([O-])c(Cl)c1)c1cc(Cl)c(O)c(Cl)c1,BPA_CID6619__prepared_state_006,7,Done,,1.248,-6.649,grid,-7.602,-4.62,-0.118,-0.0,-1.82,-21.38,-1.752,0.2886,0.0,-34.04,-23.13,2.768
CC(C)(c1cc(Cl)c([O-])c(Cl)c1)c1cc(Cl)c(O)c(Cl)c1,BPA_CID6619__prepared_state_006,7,Done,,1.248,-6.271,grid,-7.224,-4.655,0.0,-0.0,-1.82,-21.33,0.1982,0.2886,0.0,-30.72,-21.14,4.196
CC(C)(c1cc(Cl)c([O-])c(Cl)c1)c1cc(Cl)c(O)c(Cl)c1,BPA_CID6619__prepared_state_006,7,Done,,1.248,-2.21,grid,-3.162,-0.9587,0.0,-0.0,-0.92,-24.52,-2.306,0.2886,0.0,-30.03,-26.83,3.83
CC(C)(c1cc(Cl)c([O-])c(Cl)c1)c1cc(Cl)c(O)c(Cl)c1,BPA_CID6619__prepared_state_006,7,Done,,1.248,-5.919,grid,-6.872,-4.378,0.0,-0.0,-1.82,-19.4,0.04636,0.2886,0.0,-29.54,-19.36,1.86
CC(C)(c1cc(Cl)c([O-])c(Cl)c1)c1cc(Cl)c(O)c(Cl)c1,BPA_CID6619__prepared_state_006,7,Done,,1.248,-1.909,grid,-2.861,-0.9375,0.0,-0.0,-0.92,-22.09,-1.253,0.2886,0.0,-26.87,-23.34,2.198
CC(C)(c1cc(Cl)c([O-])c(Cl)c1)c1cc(Cl)c(O)c(Cl)c1,BPA_CID6619__prepared_state_006,7,Done,,1.248,-1.666,grid,-2.618,-0.6027,-0.03666,-0.0,-0.92,-18.59,-2.788,0.2886,0.0,-25.2,-21.38,0.8292
CC(C)(c1cc(Cl)c([O-])c(Cl)c1)c1cc(Cl)c(O)c(Cl)c1,BPA_CID6619__prepared_state_006,7,Done,,1.248,-1.872,grid,-2.824,-0.7615,-0.05285,-0.0,-0.92,-17.8,-3.256,0.2886,0.0,-24.36,-21.06,2.528
CC(C)(c1cc(Cl)c([O-])c(Cl)c1)c1cc(Cl)c(O)c(Cl)c1,BPA_CID6619__prepared_state_006,7,Done,,1.248,-1.691,grid,-2.644,-0.7885,-0.01931,-0.0,-0.92,-17.84,-2.083,0.2886,0.0,-23.76,-19.92,0.864
CC(C)(c1cc(Cl)c([O-])c(Cl)c1)c1cc(Cl)c(O)c(Cl)c1,BPA_CID6619__prepared_state_006,7,Done,,1.248,-6.32,grid,-7.272,-4.709,-0.1422,-0.0,-1.82,-9.151,-2.302,0.202,0.0,-22.15,-11.45,2.123
CC(C)(c1cc(Cl)c([O-])c(Cl)c1)c1cc(Cl)c(O)c(Cl)c1,BPA_CID6619__prepared_state_006,7,Done,,1.248,-6.223,grid,-7.176,-4.514,-0.1732,-0.0,-1.82,-8.132,-3.093,0.202,0.0,-22.0,-11.22,1.65
CC(C)(c1cc(Cl)c([O-])c(Cl)c1)c1cc(Cl)c(O)c(Cl)c1,BPA_CID6619__prepared_state_006,7,Done,,1.248,-1.942,grid,-2.895,-0.5841,-0.3269,-0.0,-0.92,-13.34,-4.572,0.2886,0.0,-21.97,-17.91,1.246
CC(C)(c1cc(Cl)c([O-])c(Cl)c1)c1cc(Cl)c(O)c(Cl)c1,BPA_CID6619__prepared_state_006,7,Done,,1.248,-5.516,grid,-6.469,-4.633,0.0,-0.0,-1.82,-14.39,2.767,0.2886,0.0,-21.09,-11.62,1.991
CC(C)(c1cc(Cl)c([O-])c(Cl)c1)c1cc(Cl)c(O)c(Cl)c1,BPA_CID6619__prepared_state_006,7,Done,,1.248,-1.11,grid,-2.063,-0.7952,0.0,-0.0,-0.92,-14.84,0.7044,0.2886,0.0,-16.48,-14.13,1.968
CC(C)(c1cc(Cl)c([O-])c(Cl)c1)c1cc(Cl)c(O)c(Cl)c1,BPA_CID6619__prepared_state_006,7,Done,,1.248,-5.317,grid,-6.27,-4.468,0.0,-0.0,-1.82,-6.554,0.3817,0.2886,0.0,-15.9,-6.173,0.8291
CC(C)(c1cc(Cl)c([O-])c(Cl)c1)c1cc(Cl)c(O)c(Cl)c1,BPA_CID6619__prepared_state_006,7,Done,,1.248,-5.309,grid,-6.262,-4.462,0.0,-0.0,-1.82,-6.454,0.3573,0.2886,0.0,-15.35,-6.096,1.747
CC(C)(c1cc(Cl)c([O-])c(Cl)c1)c1cc(Cl)c(O)c(Cl)c1,BPA_CID6619__prepared_state_006,7,Done,,1.248,-0.3265,grid,-1.279,-0.01019,0.0,-0.0,-0.92,-13.51,0.253,0.2886,0.0,-14.8,-13.26,1.054
CC(C)(c1cc(Cl)c([O-])c(Cl)c1)c1cc(Cl)c(O)c(Cl)c1,BPA_CID6619__prepared_state_006,7,Done,,1.248,-0.1271,grid,-1.08,-0.02876,0.0,-0.0,-0.92,-9.772,0.4605,0.2886,0.0,-7.855,-9.312,6.406
CC(C)(c1cc(Cl)c([O-])c(Cl)c1)c1cc(Cl)c(O)c(Cl)c1,BPA_CID6619__prepared_state_006,7,Done,,1.248,-0.4613,grid,-1.414,-0.4484,0.0,-0.0,-0.92,-11.86,1.725,0.2886,0.0,-0.7719,-10.13,23.29
Cc1cc(C(C)(C)c2ccc(O)c(C)c2)ccc1O,BPA_CID6620__prepared_state_007,8,Done,,3.216,-8.926,grid,-8.927,-4.408,-0.3472,-0.0,-2.334,-31.6,-5.294,0.5364,0.0,-53.78,-36.89,4.901
Cc1cc(C(C)(C)c2ccc(O)c(C)c2)ccc1O,BPA_CID6620__prepared_state_007,8,Done,,3.216,-8.764,grid,-8.764,-4.379,-0.32,-0.0,-2.373,-33.69,-3.628,0.5364,0.0,-53.19,-37.31,6.226
Cc1cc(C(C)(C)c2ccc(O)c(C)c2)ccc1O,BPA_CID6620__prepared_state_007,8,Done,,3.216,-8.856,grid,-8.856,-4.073,-0.3405,-0.0,-2.499,-28.15,-7.156,0.5364,0.0,-53.14,-35.3,2.695
Cc1cc(C(C)(C)c2ccc(O)c(C)c2)ccc1O,BPA_CID6620__prepared_state_007,8,Done,,3.216,-8.852,grid,-8.853,-4.058,-0.4002,-0.0,-2.481,-24.6,-8.126,0.5364,0.0,-50.87,-32.73,2.057
Cc1cc(C(C)(C)c2ccc(O)c(C)c2)ccc1O,BPA_CID6620__prepared_state_007,8,Done,,3.216,-8.44,grid,-8.44,-3.91,-0.2266,-0.0,-2.502,-31.51,-5.081,0.5364,0.0,-50.32,-36.6,9.123
Cc1cc(C(C)(C)c2ccc(O)c(C)c2)ccc1O,BPA_CID6620__prepared_state_007,8,Done,,3.216,-8.319,grid,-8.32,-3.931,-0.2494,-0.0,-2.506,-31.66,-3.916,0.5364,0.0,-49.32,-35.58,8.554
Cc1cc(C(C)(C)c2ccc(O)c(C)c2)ccc1O,BPA_CID6620__prepared_state_007,8,Done,,3.216,-8.473,grid,-8.474,-4.045,-0.322,-0.0,-2.547,-27.61,-4.77,0.5364,0.0,-49.31,-32.38,2.854
Cc1cc(C(C)(C)c2ccc(O)c(C)c2)ccc1O,BPA_CID6620__prepared_state_007,8,Done,,3.216,-8.459,grid,-8.46,-4.487,-0.32,-0.0,-2.168,-29.51,-3.64,0.5364,0.0,-49.05,-33.15,4.861
Cc1cc(C(C)(C)c2ccc(O)c(C)c2)ccc1O,BPA_CID6620__prepared_state_007,8,Done,,3.216,-8.395,grid,-8.396,-3.971,-0.377,-0.0,-2.485,-26.22,-5.257,0.5364,0.0,-48.61,-31.48,2.106
Cc1cc(C(C)(C)c2ccc(O)c(C)c2)ccc1O,BPA_CID6620__prepared_state_007,8,Done,,3.216,-8.659,grid,-8.659,-4.216,-0.32,-0.0,-2.561,-25.19,-5.594,0.5364,0.0,-47.83,-30.78,3.417
Cc1cc(C(C)(C)c2ccc(O)c(C)c2)ccc1O,BPA_CID6620__prepared_state_007,8,Done,,3.216,-8.484,grid,-8.484,-4.224,-0.32,-0.0,-2.561,-27.04,-3.758,0.5364,0.0,-47.4,-30.8,3.546
Cc1cc(C(C)(C)c2ccc(O)c(C)c2)ccc1O,BPA_CID6620__prepared_state_007,8,Done,,3.216,-8.201,grid,-8.201,-4.464,-0.09666,-0.0,-2.372,-30.84,-1.753,0.5364,0.0,-46.26,-32.59,8.203
Cc1cc(C(C)(C)c2ccc(O)c(C)c2)ccc1O,BPA_CID6620__prepared_state_007,8,Done,,3.216,-8.177,grid,-8.178,-3.989,-0.4343,-0.0,-2.448,-26.01,-3.618,0.5364,0.0,-45.13,-29.62,4.413
Cc1cc(C(C)(C)c2ccc(O)c(C)c2)ccc1O,BPA_CID6620__prepared_state_007,8,Done,,3.216,-8.304,grid,-8.305,-3.819,-0.4282,-0.0,-2.512,-21.26,-6.793,0.5364,0.0,-44.75,-28.05,2.577
Cc1cc(C(C)(C)c2ccc(O)c(C)c2)ccc1O,BPA_CID6620__prepared_state_007,8,Done,,3.216,-7.648,grid,-7.649,-4.398,0.0,-0.0,-2.405,-31.31,1.221,0.5364,0.0,-44.32,-30.09,4.695
Cc1cc(C(C)(C)c2ccc(O)c(C)c2)ccc1O,BPA_CID6620__prepared_state_007,8,Done,,3.216,-7.495,grid,-7.496,-4.256,-0.02187,-0.0,-2.459,-27.88,0.6616,0.5364,0.0,-42.82,-27.22,1.28
Cc1cc(C(C)(C)c2ccc(O)c(C)c2)ccc1O,BPA_CID6620__prepared_state_007,8,Done,,3.216,-7.712,grid,-7.713,-4.001,-0.1574,-0.0,-2.467,-24.33,-2.715,0.5364,0.0,-42.56,-27.04,2.379
Cc1cc(C(C)(C)c2ccc(O)c(C)c2)ccc1O,BPA_CID6620__prepared_state_007,8,Done,,3.216,-8.514,grid,-8.515,-4.351,-0.1967,-0.0,-2.561,-20.7,-4.974,0.3755,0.0,-42.17,-25.67,3.894
Cc1cc(C(C)(C)c2ccc(O)c(C)c2)ccc1O,BPA_CID6620__prepared_state_007,8,Done,,3.216,-8.224,grid,-8.225,-4.035,-0.2324,-0.0,-2.543,-21.19,-4.871,0.3755,0.0,-41.61,-26.06,4.528
Cc1cc(C(C)(C)c2ccc(O)c(C)c2)ccc1O,BPA_CID6620__prepared_state_007,8,Done,,3.216,-8.338,grid,-8.338,-4.264,-0.32,-0.0,-2.561,-21.75,-4.285,0.5364,0.0,-41.58,-26.03,5.029
CC(C)(c1ccc(O)cc1)c1ccc(O)cc1,BPA_CID6623__prepared_state_008,9,Done,,3.535,-8.639,grid,-8.64,-3.583,-0.456,-0.0,-2.709,-27.99,-7.645,0.6538,0.0,-52.94,-35.64,0.8822
CC(C)(c1ccc(O)cc1)c1ccc(O)cc1,BPA_CID6623__prepared_state_008,9,Done,,3.535,-8.683,grid,-8.685,-3.735,-0.4366,-0.0,-2.753,-29.59,-6.237,0.6538,0.0,-52.89,-35.83,1.531
CC(C)(c1ccc(O)cc1)c1ccc(O)cc1,BPA_CID6623__prepared_state_008,9,Done,,3.535,-8.598,grid,-8.6,-3.841,-0.3385,-0.0,-2.601,-28.7,-6.922,0.6538,0.0,-52.58,-35.62,1.4
CC(C)(c1ccc(O)cc1)c1ccc(O)cc1,BPA_CID6623__prepared_state_008,9,Done,,3.535,-8.53,grid,-8.531,-3.657,-0.4091,-0.0,-2.726,-29.05,-6.268,0.6538,0.0,-52.39,-35.31,0.8826
CC(C)(c1ccc(O)cc1)c1ccc(O)cc1,BPA_CID6623__prepared_state_008,9,Done,,3.535,-8.442,grid,-8.444,-3.716,-0.3878,-0.0,-2.68,-29.11,-5.723,0.6538,0.0,-51.83,-34.83,0.6685
CC(C)(c1ccc(O)cc1)c1ccc(O)cc1,BPA_CID6623__prepared_state_008,9,Done,,3.535,-8.533,grid,-8.535,-3.882,-0.3376,-0.0,-2.66,-28.93,-5.746,0.6538,0.0,-51.38,-34.67,1.631
CC(C)(c1ccc(O)cc1)c1ccc(O)cc1,BPA_CID6623__prepared_state_008,9,Done,,3.535,-8.622,grid,-8.624,-3.858,-0.3314,-0.0,-2.604,-27.98,-7.229,0.6538,0.0,-51.27,-35.21,3.297
CC(C)(c1ccc(O)cc1)c1ccc(O)cc1,BPA_CID6623__prepared_state_008,9,Done,,3.535,-8.472,grid,-8.474,-3.578,-0.3937,-0.0,-2.707,-27.37,-7.206,0.6538,0.0,-51.21,-34.57,1.528
CC(C)(c1ccc(O)cc1)c1ccc(O)cc1,BPA_CID6623__prepared_state_008,9,Done,,3.535,-8.478,grid,-8.48,-3.591,-0.3943,-0.0,-2.693,-27.49,-7.205,0.6538,0.0,-51.02,-34.7,2.182
CC(C)(c1ccc(O)cc1)c1ccc(O)cc1,BPA_CID6623__prepared_state_008,9,Done,,3.535,-8.268,grid,-8.27,-3.386,-0.456,-0.0,-2.632,-27.54,-7.153,0.6538,0.0,-50.96,-34.69,1.428
CC(C)(c1ccc(O)cc1)c1ccc(O)cc1,BPA_CID6623__prepared_state_008,9,Done,,3.535,-8.208,grid,-8.209,-3.721,-0.32,-0.0,-2.703,-29.18,-4.398,0.6538,0.0,-49.22,-33.58,2.428
CC(C)(c1ccc(O)cc1)c1ccc(O)cc1,BPA_CID6623__prepared_state_008,9,Done,,3.535,-7.967,grid,-7.969,-3.684,-0.3007,-0.0,-2.509,-28.65,-4.639,0.6538,0.0,-48.66,-33.29,1.993
CC(C)(c1ccc(O)cc1)c1ccc(O)cc1,BPA_CID6623__prepared_state_008,9,Done,,3.535,-8.24,grid,-8.242,-3.673,-0.3965,-0.0,-2.726,-28.24,-4.587,0.6538,0.0,-48.63,-32.83,2.244
CC(C)(c1ccc(O)cc1)c1ccc(O)cc1,BPA_CID6623__prepared_state_008,9,Done,,3.535,-8.256,grid,-8.258,-3.608,-0.456,-0.0,-2.753,-26.17,-5.245,0.6538,0.0,-47.4,-31.41,1.941
CC(C)(c1ccc(O)cc1)c1ccc(O)cc1,BPA_CID6623__prepared_state_008,9,Done,,3.535,-7.36,grid,-7.362,-3.927,0.0,-0.0,-2.501,-33.16,0.4654,0.6538,0.0,-47.24,-32.69,1.137
CC(C)(c1ccc(O)cc1)c1ccc(O)cc1,BPA_CID6623__prepared_state_008,9,Done,,3.535,-8.002,grid,-8.004,-3.651,-0.4069,-0.0,-2.753,-27.95,-3.002,0.6538,0.0,-46.81,-30.95,1.142
CC(C)(c1ccc(O)cc1)c1ccc(O)cc1,BPA_CID6623__prepared_state_008,9,Done,,3.535,-7.878,grid,-7.88,-3.679,-0.1649,-0.0,-2.574,-28.34,-3.347,0.4577,0.0,-46.8,-31.69,2.127
CC(C)(c1ccc(O)cc1)c1ccc(O)cc1,BPA_CID6623__prepared_state_008,9,Done,,3.535,-7.832,grid,-7.834,-3.669,-0.1639,-0.0,-2.529,-28.19,-3.47,0.4577,0.0,-46.68,-31.66,2.137
CC(C)(c1ccc(O)cc1)c1ccc(O)cc1,BPA_CID6623__prepared_state_008,9,Done,,3.535,-8.082,grid,-8.084,-3.413,-0.456,-0.0,-2.702,-24.43,-6.304,0.6538,0.0,-46.55,-30.74,1.573
CC(C)(c1ccc(O)cc1)c1ccc(O)cc1,BPA_CID6623__prepared_state_008,9,Done,,3.535,-7.731,grid,-7.733,-3.711,-0.3703,-0.0,-2.545,-28.48,-2.241,0.6538,0.0,-46.47,-30.72,0.2507
O=S(=O)(c1ccc(O)cc1)c1ccc(O)cc1,BPA_CID6626__prepared_state_009,10,Done,,2.974,-8.132,grid,-8.361,-2.934,-0.4482,-0.0,-2.607,-28.13,-10.16,0.5589,0.0,-55.99,-38.3,2.026
O=S(=O)(c1ccc(O)cc1)c1ccc(O)cc1,BPA_CID6626__prepared_state_009,10,Done,,2.974,-8.072,grid,-8.301,-3.084,-0.3279,-0.0,-2.703,-29.79,-8.377,0.5589,0.0,-55.41,-38.16,2.658
O=S(=O)(c1ccc(O)cc1)c1ccc(O)cc1,BPA_CID6626__prepared_state_009,10,Done,,2.974,-7.576,grid,-7.805,-2.965,-0.32,-0.0,-2.519,-28.78,-7.471,0.5589,0.0,-52.9,-36.25,1.64
O=S(=O)(c1ccc(O)cc1)c1ccc(O)cc1,BPA_CID6626__prepared_state_009,10,Done,,2.974,-7.514,grid,-7.743,-2.663,-0.416,-0.0,-2.679,-30.75,-6.71,0.5589,0.0,-52.79,-37.46,3.986
O=S(=O)(c1ccc(O)cc1)c1ccc(O)cc1,BPA_CID6626__prepared_state_009,10,Done,,2.974,-7.478,grid,-7.706,-2.723,-0.402,-0.0,-2.657,-30.6,-6.358,0.5589,0.0,-52.73,-36.96,2.935
O=S(=O)(c1ccc(O)cc1)c1ccc(O)cc1,BPA_CID6626__prepared_state_009,10,Done,,2.974,-7.594,grid,-7.823,-2.925,-0.32,-0.0,-2.537,-28.16,-7.948,0.5589,0.0,-52.69,-36.11,1.848
O=S(=O)(c1ccc(O)cc1)c1ccc(O)cc1,BPA_CID6626__prepared_state_009,10,Done,,2.974,-7.594,grid,-7.823,-2.925,-0.32,-0.0,-2.535,-28.24,-7.934,0.5589,0.0,-52.59,-36.17,2.181
O=S(=O)(c1ccc(O)cc1)c1ccc(O)cc1,BPA_CID6626__prepared_state_009,10,Done,,2.974,-7.488,grid,-7.717,-2.698,-0.4235,-0.0,-2.661,-29.83,-6.68,0.5589,0.0,-52.58,-36.51,2.395
O=S(=O)(c1ccc(O)cc1)c1ccc(O)cc1,BPA_CID6626__prepared_state_009,10,Done,,2.974,-7.599,grid,-7.827,-2.927,-0.32,-0.0,-2.536,-28.26,-7.936,0.5589,0.0,-52.52,-36.2,2.386
O=S(=O)(c1ccc(O)cc1)c1ccc(O)cc1,BPA_CID6626__prepared_state_009,10,Done,,2.974,-7.584,grid,-7.812,-2.939,-0.32,-0.0,-2.586,-28.7,-7.274,0.5589,0.0,-52.34,-35.97,2.221
O=S(=O)(c1ccc(O)cc1)c1ccc(O)cc1,BPA_CID6626__prepared_state_009,10,Done,,2.974,-7.618,grid,-7.846,-2.782,-0.4517,-0.0,-2.649,-28.14,-7.431,0.5589,0.0,-51.89,-35.57,2.468
O=S(=O)(c1ccc(O)cc1)c1ccc(O)cc1,BPA_CID6626__prepared_state_009,10,Done,,2.974,-7.262,grid,-7.491,-2.69,-0.2784,-0.0,-2.653,-29.5,-6.359,0.5589,0.0,-51.64,-35.86,1.967
O=S(=O)(c1ccc(O)cc1)c1ccc(O)cc1,BPA_CID6626__prepared_state_009,10,Done,,2.974,-7.268,grid,-7.496,-2.711,-0.2533,-0.0,-2.66,-29.59,-6.343,0.5589,0.0,-51.54,-35.93,2.324
O=S(=O)(c1ccc(O)cc1)c1ccc(O)cc1,BPA_CID6626__prepared_state_009,10,Done,,2.974,-7.537,grid,-7.766,-2.711,-0.456,-0.0,-2.708,-28.14,-6.952,0.5589,0.0,-51.54,-35.09,1.855
O=S(=O)(c1ccc(O)cc1)c1ccc(O)cc1,BPA_CID6626__prepared_state_009,10,Done,,2.974,-7.311,grid,-7.539,-2.95,-0.32,-0.0,-2.487,-28.26,-6.188,0.5589,0.0,-49.02,-34.44,4.589
O=S(=O)(c1ccc(O)cc1)c1ccc(O)cc1,BPA_CID6626__prepared_state_009,10,Done,,2.974,-7.089,grid,-7.318,-2.755,-0.2518,-0.0,-2.641,-30.12,-3.706,0.3913,0.0,-48.65,-33.83,3.112
O=S(=O)(c1ccc(O)cc1)c1ccc(O)cc1,BPA_CID6626__prepared_state_009,10,Done,,2.974,-7.092,grid,-7.32,-2.753,-0.2526,-0.0,-2.644,-30.14,-3.7,0.3913,0.0,-48.47,-33.84,3.495
O=S(=O)(c1ccc(O)cc1)c1ccc(O)cc1,BPA_CID6626__prepared_state_009,10,Done,,2.974,-7.071,grid,-7.299,-2.741,-0.2495,-0.0,-2.643,-30.07,-3.689,0.3913,0.0,-48.31,-33.76,3.572
O=S(=O)(c1ccc(O)cc1)c1ccc(O)cc1,BPA_CID6626__prepared_state_009,10,Done,,2.974,-6.93,grid,-7.158,-2.726,-0.16,-0.0,-2.691,-29.6,-3.283,0.3913,0.0,-47.86,-32.88,2.077
O=S(=O)(c1ccc(O)cc1)c1ccc(O)cc1,BPA_CID6626__prepared_state_009,10,Done,,2.974,-6.918,grid,-7.146,-2.725,-0.16,-0.0,-2.691,-29.89,-3.119,0.3913,0.0,-47.82,-33.01,2.356
O=S(=O)(c1ccc([O-])cc1)c1ccc(O)cc1,BPA_CID6626__prepared_state_010,11,Done,,2.208,-6.824,grid,-7.676,-3.213,-0.32,-0.0,-2.551,-32.41,-3.561,0.5628,0.0,-52.35,-35.97,1.541
O=S(=O)(c1ccc([O-])cc1)c1ccc(O)cc1,BPA_CID6626__prepared_state_010,11,Done,,2.208,-6.655,grid,-7.507,-2.978,-0.32,-0.0,-2.613,-27.22,-5.315,0.5628,0.0,-48.21,-32.53,2.196
O=S(=O)(c1ccc([O-])cc1)c1ccc(O)cc1,BPA_CID6626__prepared_state_010,11,Done,,2.208,-6.648,grid,-7.501,-2.961,-0.32,-0.0,-2.602,-27.18,-5.478,0.5628,0.0,-48.18,-32.66,2.487
O=S(=O)(c1ccc([O-])cc1)c1ccc(O)cc1,BPA_CID6626__prepared_state_010,11,Done,,2.208,-6.755,grid,-7.607,-3.067,-0.16,-0.0,-2.647,-28.45,-4.694,0.394,0.0,-48.06,-33.15,4.185
O=S(=O)(c1ccc([O-])cc1)c1ccc(O)cc1,BPA_CID6626__prepared_state_010,11,Done,,2.208,-6.824,grid,-7.676,-3.07,-0.16,-0.0,-2.751,-27.87,-4.632,0.394,0.0,-48.0,-32.5,3.307
O=S(=O)(c1ccc([O-])cc1)c1ccc(O)cc1,BPA_CID6626__prepared_state_010,11,Done,,2.208,-6.627,grid,-7.479,-2.941,-0.32,-0.0,-2.769,-29.14,-3.694,0.5628,0.0,-47.91,-32.84,3.289
O=S(=O)(c1ccc([O-])cc1)c1ccc(O)cc1,BPA_CID6626__prepared_state_010,11,Done,,2.208,-5.983,grid,-6.836,-3.115,0.0,-0.0,-2.62,-32.61,-0.215,0.5628,0.0,-47.61,-32.83,0.9825
O=S(=O)(c1ccc([O-])cc1)c1ccc(O)cc1,BPA_CID6626__prepared_state_010,11,Done,,2.208,-6.294,grid,-7.146,-2.694,-0.16,-0.0,-2.719,-28.44,-3.632,0.394,0.0,-46.95,-32.07,2.174
O=S(=O)(c1ccc([O-])cc1)c1ccc(O)cc1,BPA_CID6626__prepared_state_010,11,Done,,2.208,-6.389,grid,-7.241,-2.729,-0.251,-0.0,-2.655,-29.01,-3.664,0.394,0.0,-46.9,-32.68,3.91
O=S(=O)(c1ccc([O-])cc1)c1ccc(O)cc1,BPA_CID6626__prepared_state_010,11,Done,,2.208,-6.065,grid,-6.917,-2.778,-0.16,-0.0,-2.634,-29.0,-3.048,0.5628,0.0,-46.27,-32.05,2.482
O=S(=O)(c1ccc([O-])cc1)c1ccc(O)cc1,BPA_CID6626__prepared_state_010,11,Done,,2.208,-6.377,grid,-7.229,-2.937,-0.37,-0.0,-2.712,-28.66,-2.261,0.5628,0.0,-46.21,-30.92,1.733
O=S(=O)(c1ccc([O-])cc1)c1ccc(O)cc1,BPA_CID6626__prepared_state_010,11,Done,,2.208,-6.37,grid,-7.222,-2.935,-0.37,-0.0,-2.71,-28.72,-2.231,0.5628,0.0,-46.13,-30.95,1.901
O=S(=O)(c1ccc([O-])cc1)c1ccc(O)cc1,BPA_CID6626__prepared_state_010,11,Done,,2.208,-5.93,grid,-6.782,-2.725,-0.16,-0.0,-2.56,-28.51,-3.169,0.5628,0.0,-45.69,-31.67,2.272
O=S(=O)(c1ccc([O-])cc1)c1ccc(O)cc1,BPA_CID6626__prepared_state_010,11,Done,,2.208,-5.713,grid,-6.565,-3.17,0.0,-0.0,-2.5,-32.53,1.125,0.5628,0.0,-45.58,-31.41,0.9966
O=S(=O)(c1ccc([O-])cc1)c1ccc(O)cc1,BPA_CID6626__prepared_state_010,11,Done,,2.208,-6.206,grid,-7.059,-2.62,-0.16,-0.0,-2.69,-26.74,-4.306,0.394,0.0,-45.46,-31.05,2.721
O=S(=O)(c1ccc([O-])cc1)c1ccc(O)cc1,BPA_CID6626__prepared_state_010,11,Done,,2.208,-6.502,grid,-7.354,-2.912,-0.32,-0.0,-2.577,-25.83,-5.437,0.5628,0.0,-45.38,-31.27,4.636
O=S(=O)(c1ccc([O-])cc1)c1ccc(O)cc1,BPA_CID6626__prepared_state_010,11,Done,,2.208,-6.4,grid,-7.252,-2.887,-0.32,-0.0,-2.754,-26.18,-3.633,0.5628,0.0,-44.79,-29.81,2.439
O=S(=O)(c1ccc([O-])cc1)c1ccc(O)cc1,BPA_CID6626__prepared_state_010,11,Done,,2.208,-6.359,grid,-7.211,-2.911,-0.32,-0.0,-2.507,-25.44,-5.085,0.5628,0.0,-44.24,-30.53,4.793
O=S(=O)(c1ccc([O-])cc1)c1ccc(O)cc1,BPA_CID6626__prepared_state_010,11,Done,,2.208,-6.023,grid,-6.875,-2.755,-0.1504,-0.0,-2.688,-26.34,-3.519,0.5628,0.0,-44.15,-29.86,2.134
O=S(=O)(c1ccc([O-])cc1)c1ccc(O)cc1,BPA_CID6626__prepared_state_010,11,Done,,2.208,-5.934,grid,-6.786,-2.705,-0.16,-0.0,-2.696,-26.78,-2.986,0.5628,0.0,-43.99,-29.76,1.871
O=C(OCc1ccccc1)c1ccc(O)cc1,BPA_CID7180__prepared_state_011,12,Done,,2.795,-7.961,grid,-8.052,-3.291,-0.32,-0.0,-2.836,-33.79,-5.978,0.981,0.0,-57.31,-39.77,2.581
O=C(OCc1ccccc1)c1ccc(O)cc1,BPA_CID7180__prepared_state_011,12,Done,,2.795,-7.733,grid,-7.824,-3.196,-0.2429,-0.0,-2.806,-29.42,-5.298,0.6867,0.0,-51.49,-34.72,3.065
O=C(OCc1ccccc1)c1ccc(O)cc1,BPA_CID7180__prepared_state_011,12,Done,,2.795,-7.461,grid,-7.552,-3.006,-0.264,-0.0,-2.739,-28.12,-5.494,0.6867,0.0,-50.61,-33.62,1.333
O=C(OCc1ccccc1)c1ccc(O)cc1,BPA_CID7180__prepared_state_011,12,Done,,2.795,-7.732,grid,-7.823,-3.53,-0.1896,-0.0,-2.697,-30.35,-3.834,0.6867,0.0,-50.47,-34.19,4.034
O=C(OCc1ccccc1)c1ccc(O)cc1,BPA_CID7180__prepared_state_011,12,Done,,2.795,-7.733,grid,-7.824,-3.532,-0.1883,-0.0,-2.698,-30.43,-3.803,0.6867,0.0,-50.38,-34.24,4.3
O=C(OCc1ccccc1)c1ccc(O)cc1,BPA_CID7180__prepared_state_011,12,Done,,2.795,-7.454,grid,-7.545,-3.003,-0.2624,-0.0,-2.74,-28.09,-5.481,0.6867,0.0,-49.94,-33.57,2.562
O=C(OCc1ccccc1)c1ccc(O)cc1,BPA_CID7180__prepared_state_011,12,Done,,2.795,-7.602,grid,-7.693,-3.044,-0.3091,-0.0,-2.813,-31.24,-4.344,0.6867,0.0,-49.81,-35.58,7.539
O=C(OCc1ccccc1)c1ccc(O)cc1,BPA_CID7180__prepared_state_011,12,Done,,2.795,-6.937,grid,-7.028,-3.165,-0.16,-0.0,-2.556,-31.66,-3.63,0.981,0.0,-49.75,-35.29,3.949
O=C(OCc1ccccc1)c1ccc(O)cc1,BPA_CID7180__prepared_state_011,12,Done,,2.795,-7.462,grid,-7.553,-3.198,-0.2492,-0.0,-2.725,-27.66,-4.557,0.6867,0.0,-49.55,-32.21,0.6503
O=C(OCc1ccccc1)c1ccc(O)cc1,BPA_CID7180__prepared_state_011,12,Done,,2.795,-7.283,grid,-7.374,-3.043,-0.2526,-0.0,-2.721,-30.73,-3.378,0.6867,0.0,-49.47,-34.11,3.778
O=C(OCc1ccccc1)c1ccc(O)cc1,BPA_CID7180__prepared_state_011,12,Done,,2.795,-7.149,grid,-7.24,-3.224,-0.16,-0.0,-2.701,-29.31,-4.465,0.981,0.0,-49.23,-33.78,2.97
O=C(OCc1ccccc1)c1ccc(O)cc1,BPA_CID7180__prepared_state_011,12,Done,,2.795,-6.594,grid,-6.685,-3.103,0.0,-0.0,-2.792,-33.47,-0.6487,0.981,0.0,-48.83,-34.11,1.832
O=C(OCc1ccccc1)c1ccc(O)cc1,BPA_CID7180__prepared_state_011,12,Done,,2.795,-7.415,grid,-7.506,-3.214,-0.1613,-0.0,-2.683,-28.56,-4.712,0.6867,0.0,-48.79,-33.28,4.088
O=C(OCc1ccccc1)c1ccc(O)cc1,BPA_CID7180__prepared_state_011,12,Done,,2.795,-7.16,grid,-7.251,-3.023,-0.16,-0.0,-2.765,-30.79,-3.0,0.6867,0.0,-48.71,-33.79,4.085
O=C(OCc1ccccc1)c1ccc(O)cc1,BPA_CID7180__prepared_state_011,12,Done,,2.795,-7.42,grid,-7.511,-3.374,-0.192,-0.0,-2.692,-28.91,-3.295,0.6867,0.0,-48.65,-32.21,2.251
O=C(OCc1ccccc1)c1ccc(O)cc1,BPA_CID7180__prepared_state_011,12,Done,,2.795,-7.033,grid,-7.124,-3.148,-0.3495,-0.0,-2.687,-29.89,-2.839,0.981,0.0,-48.65,-32.73,1.48
O=C(OCc1ccccc1)c1ccc(O)cc1,BPA_CID7180__prepared_state_011,12,Done,,2.795,-7.128,grid,-7.219,-3.284,-0.37,-0.0,-2.693,-31.89,-1.722,0.981,0.0,-48.31,-33.62,4.39
O=C(OCc1ccccc1)c1ccc(O)cc1,BPA_CID7180__prepared_state_011,12,Done,,2.795,-7.126,grid,-7.217,-3.282,-0.37,-0.0,-2.694,-31.87,-1.723,0.981,0.0,-48.23,-33.6,4.486
O=C(OCc1ccccc1)c1ccc(O)cc1,BPA_CID7180__prepared_state_011,12,Done,,2.795,-6.96,grid,-7.051,-2.91,-0.2042,-0.0,-2.694,-29.19,-3.137,0.6867,0.0,-48.12,-32.32,1.394
O=C(OCc1ccccc1)c1ccc(O)cc1,BPA_CID7180__prepared_state_011,12,Done,,2.795,-6.906,grid,-6.997,-2.81,-0.1922,-0.0,-2.754,-28.94,-3.206,0.6867,0.0,-47.92,-32.15,1.18
O=C(OCc1ccccc1)c1ccc([O-])cc1,BPA_CID7180__prepared_state_012,13,Done,,2.222,-5.68,grid,-6.835,-3.121,0.0,-0.0,-2.906,-31.99,0.8808,0.6589,0.0,-44.6,-31.11,1.014
O=C(OCc1ccccc1)c1ccc([O-])cc1,BPA_CID7180__prepared_state_012,13,Done,,2.222,-5.732,grid,-6.887,-3.209,-0.0312,-0.0,-2.931,-31.6,1.366,0.6589,0.0,-43.72,-30.24,1.237
O=C(OCc1ccccc1)c1ccc([O-])cc1,BPA_CID7180__prepared_state_012,13,Done,,2.222,-5.666,grid,-6.821,-3.319,-0.0627,-0.0,-2.687,-30.86,0.8816,0.6589,0.0,-43.52,-29.98,0.8682
O=C(OCc1ccccc1)c1ccc([O-])cc1,BPA_CID7180__prepared_state_012,13,Done,,2.222,-5.662,grid,-6.817,-3.182,-0.01993,-0.0,-2.754,-32.89,0.8308,0.6589,0.0,-43.49,-32.06,5.061
O=C(OCc1ccccc1)c1ccc([O-])cc1,BPA_CID7180__prepared_state_012,13,Done,,2.222,-5.82,grid,-6.974,-3.737,0.0,-0.0,-2.224,-31.49,-0.6545,0.6589,0.0,-42.64,-32.14,7.57
O=C(OCc1ccccc1)c1ccc([O-])cc1,BPA_CID7180__prepared_state_012,13,Done,,2.222,-5.499,grid,-6.654,-3.334,-2.653e-05,-0.0,-2.651,-30.57,1.34,0.6589,0.0,-42.37,-29.23,0.9823
O=C(OCc1ccccc1)c1ccc([O-])cc1,BPA_CID7180__prepared_state_012,13,Done,,2.222,-5.598,grid,-6.752,-3.462,0.0,-0.0,-2.592,-29.86,0.9053,0.6589,0.0,-42.14,-28.96,1.29
O=C(OCc1ccccc1)c1ccc([O-])cc1,BPA_CID7180__prepared_state_012,13,Done,,2.222,-5.526,grid,-6.68,-3.019,0.0,-0.0,-2.861,-29.67,0.1595,0.6589,0.0,-41.96,-29.51,2.47
O=C(OCc1ccccc1)c1ccc([O-])cc1,BPA_CID7180__prepared_state_012,13,Done,,2.222,-5.454,grid,-6.609,-3.22,0.0,-0.0,-2.448,-30.12,-0.627,0.6589,0.0,-41.51,-30.74,5.538
O=C(OCc1ccccc1)c1ccc([O-])cc1,BPA_CID7180__prepared_state_012,13,Done,,2.222,-5.364,grid,-6.519,-3.263,0.0,-0.0,-2.604,-31.56,1.782,0.6589,0.0,-41.44,-29.78,3.384
O=C(OCc1ccccc1)c1ccc([O-])cc1,BPA_CID7180__prepared_state_012,13,Done,,2.222,-5.31,grid,-6.465,-3.127,-0.0247,-0.0,-2.794,-29.3,1.912,0.6589,0.0,-40.2,-27.39,0.8462
O=C(OCc1ccccc1)c1ccc([O-])cc1,BPA_CID7180__prepared_state_012,13,Done,,2.222,-5.563,grid,-6.717,-3.313,0.0,-0.0,-2.707,-28.59,0.4894,0.6589,0.0,-39.98,-28.1,3.744
O=C(OCc1ccccc1)c1ccc([O-])cc1,BPA_CID7180__prepared_state_012,13,Done,,2.222,-5.367,grid,-6.522,-3.151,-0.1273,-0.0,-2.693,-30.1,1.971,0.6589,0.0,-39.87,-28.13,3.232
O=C(OCc1ccccc1)c1ccc([O-])cc1,BPA_CID7180__prepared_state_012,13,Done,,2.222,-5.482,grid,-6.636,-3.192,-0.0589,-0.0,-2.83,-29.07,1.595,0.6589,0.0,-39.44,-27.47,3.241
O=C(OCc1ccccc1)c1ccc([O-])cc1,BPA_CID7180__prepared_state_012,13,Done,,2.222,-5.504,grid,-6.659,-3.475,-0.02845,-0.0,-2.6,-27.7,1.138,0.6589,0.0,-39.29,-26.56,1.82
O=C(OCc1ccccc1)c1ccc([O-])cc1,BPA_CID7180__prepared_state_012,13,Done,,2.222,-5.502,grid,-6.657,-3.199,-0.06287,-0.0,-2.842,-27.83,1.198,0.6589,0.0,-38.67,-26.64,3.191
O=C(OCc1ccccc1)c1ccc([O-])cc1,BPA_CID7180__prepared_state_012,13,Done,,2.222,-5.444,grid,-6.599,-3.36,-0.06644,-0.0,-2.698,-28.42,1.919,0.6589,0.0,-38.52,-26.5,2.983
O=C(OCc1ccccc1)c1ccc([O-])cc1,BPA_CID7180__prepared_state_012,13,Done,,2.222,-5.463,grid,-6.618,-3.425,-0.08052,-0.0,-2.635,-28.09,1.794,0.6589,0.0,-38.48,-26.3,2.73
O=C(OCc1ccccc1)c1ccc([O-])cc1,BPA_CID7180__prepared_state_012,13,Done,,2.222,-5.429,grid,-6.584,-3.24,-0.01748,-0.0,-2.791,-25.84,0.6486,0.6589,0.0,-38.34,-25.19,0.6556
O=C(OCc1ccccc1)c1ccc([O-])cc1,BPA_CID7180__prepared_state_012,13,Done,,2.222,-5.293,grid,-6.447,-3.137,-0.07082,-0.0,-2.652,-26.86,0.6453,0.6589,0.0,-38.15,-26.21,2.534
Oc1ccc(Cc2ccc(O)cc2)cc1,BPA_CID12111__prepared_state_013,14,Done,,2.462,-7.937,grid,-7.94,-3.166,-0.3567,-0.0,-2.725,-27.67,-5.868,0.5705,0.0,-50.29,-33.54,0.8722
Oc1ccc(Cc2ccc(O)cc2)cc1,BPA_CID12111__prepared_state_013,14,Done,,2.462,-7.801,grid,-7.804,-3.173,-0.3664,-0.0,-2.554,-28.0,-5.873,0.5705,0.0,-50.1,-33.87,1.329
Oc1ccc(Cc2ccc(O)cc2)cc1,BPA_CID12111__prepared_state_013,14,Done,,2.462,-7.673,grid,-7.676,-3.387,-0.32,-0.0,-2.578,-28.66,-5.153,0.815,0.0,-49.94,-33.81,0.9707
Oc1ccc(Cc2ccc(O)cc2)cc1,BPA_CID12111__prepared_state_013,14,Done,,2.462,-7.607,grid,-7.611,-3.318,-0.16,-0.0,-2.738,-29.48,-4.905,0.815,0.0,-49.51,-34.39,2.715
Oc1ccc(Cc2ccc(O)cc2)cc1,BPA_CID12111__prepared_state_013,14,Done,,2.462,-7.599,grid,-7.602,-3.318,-0.16,-0.0,-2.73,-29.48,-4.903,0.815,0.0,-49.5,-34.38,2.675
Oc1ccc(Cc2ccc(O)cc2)cc1,BPA_CID12111__prepared_state_013,14,Done,,2.462,-7.82,grid,-7.823,-3.265,-0.3664,-0.0,-2.861,-27.74,-5.058,0.815,0.0,-48.89,-32.8,1.697
Oc1ccc(Cc2ccc(O)cc2)cc1,BPA_CID12111__prepared_state_013,14,Done,,2.462,-7.594,grid,-7.597,-3.352,-0.16,-0.0,-2.746,-29.0,-4.696,0.815,0.0,-48.79,-33.7,2.714
Oc1ccc(Cc2ccc(O)cc2)cc1,BPA_CID12111__prepared_state_013,14,Done,,2.462,-7.549,grid,-7.552,-3.422,-0.32,-0.0,-2.598,-28.59,-3.988,0.815,0.0,-48.43,-32.58,0.9831
Oc1ccc(Cc2ccc(O)cc2)cc1,BPA_CID12111__prepared_state_013,14,Done,,2.462,-7.451,grid,-7.454,-3.266,-0.16,-0.0,-2.693,-28.87,-4.713,0.815,0.0,-48.34,-33.58,2.766
Oc1ccc(Cc2ccc(O)cc2)cc1,BPA_CID12111__prepared_state_013,14,Done,,2.462,-7.501,grid,-7.504,-3.523,-0.32,-0.0,-2.493,-28.63,-3.677,0.815,0.0,-48.31,-32.31,0.4832
Oc1ccc(Cc2ccc(O)cc2)cc1,BPA_CID12111__prepared_state_013,14,Done,,2.462,-7.509,grid,-7.512,-3.538,-0.32,-0.0,-2.495,-28.54,-3.651,0.815,0.0,-48.19,-32.19,0.523
Oc1ccc(Cc2ccc(O)cc2)cc1,BPA_CID12111__prepared_state_013,14,Done,,2.462,-7.873,grid,-7.877,-3.21,-0.456,-0.0,-2.748,-26.06,-6.499,0.815,0.0,-48.04,-32.56,3.141
Oc1ccc(Cc2ccc(O)cc2)cc1,BPA_CID12111__prepared_state_013,14,Done,,2.462,-7.714,grid,-7.717,-3.062,-0.4346,-0.0,-2.622,-24.42,-7.945,0.815,0.0,-47.92,-32.37,2.309
Oc1ccc(Cc2ccc(O)cc2)cc1,BPA_CID12111__prepared_state_013,14,Done,,2.462,-7.895,grid,-7.898,-3.448,-0.32,-0.0,-2.775,-26.72,-5.559,0.815,0.0,-47.75,-32.28,3.257
Oc1ccc(Cc2ccc(O)cc2)cc1,BPA_CID12111__prepared_state_013,14,Done,,2.462,-7.845,grid,-7.849,-3.436,-0.32,-0.0,-2.771,-26.64,-5.365,0.815,0.0,-47.39,-32.01,3.215
Oc1ccc(Cc2ccc(O)cc2)cc1,BPA_CID12111__prepared_state_013,14,Done,,2.462,-7.422,grid,-7.425,-3.042,-0.2123,-0.0,-2.661,-26.72,-4.961,0.5705,0.0,-47.37,-31.68,0.7651
Oc1ccc(Cc2ccc(O)cc2)cc1,BPA_CID12111__prepared_state_013,14,Done,,2.462,-7.464,grid,-7.467,-2.997,-0.2597,-0.0,-2.717,-26.72,-4.854,0.5705,0.0,-47.32,-31.58,0.8541
Oc1ccc(Cc2ccc(O)cc2)cc1,BPA_CID12111__prepared_state_013,14,Done,,2.462,-7.631,grid,-7.634,-3.045,-0.456,-0.0,-2.776,-25.06,-6.126,0.815,0.0,-47.15,-31.19,1.118
Oc1ccc(Cc2ccc(O)cc2)cc1,BPA_CID12111__prepared_state_013,14,Done,,2.462,-7.619,grid,-7.622,-3.042,-0.456,-0.0,-2.774,-25.02,-6.094,0.815,0.0,-47.09,-31.11,1.044
Oc1ccc(Cc2ccc(O)cc2)cc1,BPA_CID12111__prepared_state_013,14,Done,,2.462,-7.475,grid,-7.478,-3.001,-0.2521,-0.0,-2.741,-26.66,-4.806,0.5705,0.0,-47.06,-31.47,1.186
Oc1ccc(Sc2ccc(O)cc2)cc1,BPA_CID17570__prepared_state_014,15,Done,,2.239,-8.26,grid,-8.278,-3.339,-0.4453,-0.0,-2.634,-30.7,-6.874,0.7053,0.0,-55.46,-37.57,2.926
Oc1ccc(Sc2ccc(O)cc2)cc1,BPA_CID17570__prepared_state_014,15,Done,,2.239,-7.911,grid,-7.93,-3.141,-0.3684,-0.0,-2.612,-30.59,-6.562,0.7053,0.0,-54.18,-37.15,3.007
Oc1ccc(Sc2ccc(O)cc2)cc1,BPA_CID17570__prepared_state_014,15,Done,,2.239,-8.03,grid,-8.048,-3.212,-0.4308,-0.0,-2.635,-30.5,-6.339,0.7053,0.0,-54.13,-36.83,3.032
Oc1ccc(Sc2ccc(O)cc2)cc1,BPA_CID17570__prepared_state_014,15,Done,,2.239,-7.901,grid,-7.92,-3.132,-0.3497,-0.0,-2.636,-30.61,-6.512,0.7053,0.0,-54.09,-37.12,3.082
Oc1ccc(Sc2ccc(O)cc2)cc1,BPA_CID17570__prepared_state_014,15,Done,,2.239,-7.685,grid,-7.704,-3.377,-0.16,-0.0,-2.566,-31.13,-4.999,0.7053,0.0,-52.46,-36.13,3.353
Oc1ccc(Sc2ccc(O)cc2)cc1,BPA_CID17570__prepared_state_014,15,Done,,2.239,-7.68,grid,-7.698,-3.37,-0.16,-0.0,-2.567,-31.06,-5.024,0.7053,0.0,-52.19,-36.09,3.781
Oc1ccc(Sc2ccc(O)cc2)cc1,BPA_CID17570__prepared_state_014,15,Done,,2.239,-7.717,grid,-7.736,-3.513,-0.32,-0.0,-2.459,-30.53,-4.148,0.7053,0.0,-52.18,-34.68,1.164
Oc1ccc(Sc2ccc(O)cc2)cc1,BPA_CID17570__prepared_state_014,15,Done,,2.239,-7.933,grid,-7.951,-3.632,-0.32,-0.0,-2.497,-29.13,-5.008,0.7053,0.0,-52.1,-34.13,1.247
Oc1ccc(Sc2ccc(O)cc2)cc1,BPA_CID17570__prepared_state_014,15,Done,,2.239,-7.973,grid,-7.992,-3.438,-0.32,-0.0,-2.671,-29.9,-5.154,0.7053,0.0,-51.95,-35.05,3.572
Oc1ccc(Sc2ccc(O)cc2)cc1,BPA_CID17570__prepared_state_014,15,Done,,2.239,-7.642,grid,-7.66,-3.332,-0.16,-0.0,-2.565,-30.65,-5.175,0.7053,0.0,-51.9,-35.83,3.674
Oc1ccc(Sc2ccc(O)cc2)cc1,BPA_CID17570__prepared_state_014,15,Done,,2.239,-7.607,grid,-7.625,-3.512,-0.32,-0.0,-2.36,-29.4,-4.461,0.7053,0.0,-51.26,-33.86,0.8462
Oc1ccc(Sc2ccc(O)cc2)cc1,BPA_CID17570__prepared_state_014,15,Done,,2.239,-7.876,grid,-7.894,-3.413,-0.32,-0.0,-2.623,-28.93,-5.316,0.7053,0.0,-51.2,-34.25,2.997
Oc1ccc(Sc2ccc(O)cc2)cc1,BPA_CID17570__prepared_state_014,15,Done,,2.239,-7.863,grid,-7.882,-3.308,-0.3523,-0.0,-2.706,-28.87,-5.178,0.7053,0.0,-51.17,-34.05,2.606
Oc1ccc(Sc2ccc(O)cc2)cc1,BPA_CID17570__prepared_state_014,15,Done,,2.239,-7.798,grid,-7.816,-3.576,-0.32,-0.0,-2.485,-28.67,-4.716,0.7053,0.0,-51.1,-33.39,1.117
Oc1ccc(Sc2ccc(O)cc2)cc1,BPA_CID17570__prepared_state_014,15,Done,,2.239,-7.772,grid,-7.791,-3.317,-0.3467,-0.0,-2.605,-28.98,-5.194,0.7053,0.0,-51.08,-34.18,2.618
Oc1ccc(Sc2ccc(O)cc2)cc1,BPA_CID17570__prepared_state_014,15,Done,,2.239,-7.442,grid,-7.461,-3.435,-0.32,-0.0,-2.338,-31.05,-3.469,0.7053,0.0,-50.9,-34.52,2.123
Oc1ccc(Sc2ccc(O)cc2)cc1,BPA_CID17570__prepared_state_014,15,Done,,2.239,-7.982,grid,-8.0,-3.531,-0.32,-0.0,-2.749,-29.37,-4.242,0.7053,0.0,-50.47,-33.62,3.688
Oc1ccc(Sc2ccc(O)cc2)cc1,BPA_CID17570__prepared_state_014,15,Done,,2.239,-7.482,grid,-7.5,-3.171,-0.3262,-0.0,-2.317,-25.33,-7.499,0.7053,0.0,-49.33,-32.83,2.078
Oc1ccc(Sc2ccc(O)cc2)cc1,BPA_CID17570__prepared_state_014,15,Done,,2.239,-7.359,grid,-7.377,-3.416,-0.06786,-0.0,-2.616,-30.26,-3.133,0.7053,0.0,-49.07,-33.39,3.124
Oc1ccc(Sc2ccc(O)cc2)cc1,BPA_CID17570__prepared_state_014,15,Done,,2.239,-7.475,grid,-7.494,-3.167,-0.327,-0.0,-2.317,-25.24,-7.505,0.7053,0.0,-49.03,-32.75,2.471
CCC(C)(c1ccc(O)cc1)c1ccc(O)cc1,BPA_CID66166__prepared_state_015,16,Done,,3.687,-8.896,grid,-8.898,-3.695,-0.4497,-0.0,-2.641,-28.38,-8.557,0.5907,0.0,-52.38,-36.93,5.315
CCC(C)(c1ccc(O)cc1)c1ccc(O)cc1,BPA_CID66166__prepared_state_015,16,Done,,3.687,-8.917,grid,-8.919,-3.7,-0.456,-0.0,-2.657,-27.05,-8.961,0.5907,0.0,-51.69,-36.01,4.942
CCC(C)(c1ccc(O)cc1)c1ccc(O)cc1,BPA_CID66166__prepared_state_015,16,Done,,3.687,-8.603,grid,-8.605,-3.645,-0.4455,-0.0,-2.626,-29.75,-6.606,0.5907,0.0,-51.37,-36.36,5.01
CCC(C)(c1ccc(O)cc1)c1ccc(O)cc1,BPA_CID66166__prepared_state_015,16,Done,,3.687,-8.923,grid,-8.925,-3.727,-0.4528,-0.0,-2.643,-28.36,-8.503,0.5907,0.0,-51.19,-36.86,7.677
CCC(C)(c1ccc(O)cc1)c1ccc(O)cc1,BPA_CID66166__prepared_state_015,16,Done,,3.687,-8.612,grid,-8.614,-3.649,-0.446,-0.0,-2.627,-29.8,-6.62,0.5907,0.0,-51.17,-36.42,5.555
CCC(C)(c1ccc(O)cc1)c1ccc(O)cc1,BPA_CID66166__prepared_state_015,16,Done,,3.687,-8.864,grid,-8.866,-3.823,-0.4546,-0.0,-2.531,-27.34,-8.548,0.5907,0.0,-50.37,-35.88,7.123
CCC(C)(c1ccc(O)cc1)c1ccc(O)cc1,BPA_CID66166__prepared_state_015,16,Done,,3.687,-8.768,grid,-8.77,-3.762,-0.4342,-0.0,-2.576,-26.54,-8.412,0.5907,0.0,-46.61,-34.95,12.37
CCC(C)(c1ccc(O)cc1)c1ccc(O)cc1,BPA_CID66166__prepared_state_015,16,Done,,3.687,-8.259,grid,-8.261,-3.818,-0.32,-0.0,-2.657,-27.25,-4.629,0.5907,0.0,-45.86,-31.88,5.654
CCC(C)(c1ccc(O)cc1)c1ccc(O)cc1,BPA_CID66166__prepared_state_015,16,Done,,3.687,-7.908,grid,-7.91,-3.667,-0.3108,-0.0,-2.646,-29.38,-2.723,0.5907,0.0,-45.67,-32.1,5.065
CCC(C)(c1ccc(O)cc1)c1ccc(O)cc1,BPA_CID66166__prepared_state_015,16,Done,,3.687,-8.696,grid,-8.697,-3.879,-0.4525,-0.0,-2.633,-27.12,-6.449,0.5907,0.0,-45.61,-33.57,11.32
CCC(C)(c1ccc(O)cc1)c1ccc(O)cc1,BPA_CID66166__prepared_state_015,16,Done,,3.687,-8.307,grid,-8.309,-3.847,-0.32,-0.0,-2.614,-27.36,-5.006,0.5907,0.0,-44.51,-32.37,9.531
CCC(C)(c1ccc(O)cc1)c1ccc(O)cc1,BPA_CID66166__prepared_state_015,16,Done,,3.687,-7.985,grid,-7.987,-4.088,-0.3007,-0.0,-2.563,-26.91,-1.872,0.5907,0.0,-43.44,-28.78,3.204
CCC(C)(c1ccc(O)cc1)c1ccc(O)cc1,BPA_CID66166__prepared_state_015,16,Done,,3.687,-8.194,grid,-8.196,-3.664,-0.3337,-0.0,-2.507,-24.61,-7.008,0.5907,0.0,-43.17,-31.62,10.26
CCC(C)(c1ccc(O)cc1)c1ccc(O)cc1,BPA_CID66166__prepared_state_015,16,Done,,3.687,-7.851,grid,-7.853,-3.581,-0.2717,-0.0,-2.657,-25.21,-4.49,0.5907,0.0,-43.15,-29.7,5.048
CCC(C)(c1ccc(O)cc1)c1ccc(O)cc1,BPA_CID66166__prepared_state_015,16,Done,,3.687,-8.088,grid,-8.09,-4.137,-0.32,-0.0,-2.507,-25.47,-2.957,0.5907,0.0,-42.82,-28.43,4.14
CCC(C)(c1ccc(O)cc1)c1ccc(O)cc1,BPA_CID66166__prepared_state_015,16,Done,,3.687,-7.916,grid,-7.918,-3.471,-0.3285,-0.0,-2.47,-23.44,-7.112,0.5907,0.0,-42.75,-30.55,7.828
CCC(C)(c1ccc(O)cc1)c1ccc(O)cc1,BPA_CID66166__prepared_state_015,16,Done,,3.687,-8.328,grid,-8.33,-3.785,-0.3445,-0.0,-2.598,-23.52,-6.782,0.5907,0.0,-42.57,-30.3,9.371
CCC(C)(c1ccc(O)cc1)c1ccc(O)cc1,BPA_CID66166__prepared_state_015,16,Done,,3.687,-8.166,grid,-8.168,-3.552,-0.394,-0.0,-2.657,-20.07,-7.676,0.5907,0.0,-42.52,-27.75,3.703
CCC(C)(c1ccc(O)cc1)c1ccc(O)cc1,BPA_CID66166__prepared_state_015,16,Done,,3.687,-8.185,grid,-8.187,-3.56,-0.4,-0.0,-2.638,-20.17,-7.806,0.5907,0.0,-42.45,-27.98,4.386
CCC(C)(c1ccc(O)cc1)c1ccc(O)cc1,BPA_CID66166__prepared_state_015,16,Done,,3.687,-7.611,grid,-7.612,-4.086,-0.1148,-0.0,-2.455,-25.42,-1.846,0.5907,0.0,-41.95,-27.27,1.608
Oc1ccc(C(c2ccc(O)cc2)(C(F)(F)F)C(F)(F)F)cc1,BPA_CID73864__prepared_state_016,17,Done,,3.919,-9.914,grid,-9.916,-3.597,-0.456,-0.0,-3.497,-24.83,-9.727,0.3341,0.0,-46.1,-34.55,8.855
Oc1ccc(C(c2ccc(O)cc2)(C(F)(F)F)C(F)(F)F)cc1,BPA_CID73864__prepared_state_016,17,Done,,3.919,-9.233,grid,-9.235,-3.455,-0.4284,-0.0,-3.205,-23.14,-8.822,0.3341,0.0,-43.65,-31.96,6.394
Oc1ccc(C(c2ccc(O)cc2)(C(F)(F)F)C(F)(F)F)cc1,BPA_CID73864__prepared_state_016,17,Done,,3.919,-9.757,grid,-9.759,-3.67,-0.4462,-0.0,-3.417,-24.21,-8.994,0.3341,0.0,-42.45,-33.2,12.96
Oc1ccc(C(c2ccc(O)cc2)(C(F)(F)F)C(F)(F)F)cc1,BPA_CID73864__prepared_state_016,17,Done,,3.919,-9.22,grid,-9.222,-3.621,-0.32,-0.0,-3.518,-25.12,-5.607,0.3341,0.0,-41.94,-30.72,7.282
Oc1ccc(C(c2ccc(O)cc2)(C(F)(F)F)C(F)(F)F)cc1,BPA_CID73864__prepared_state_016,17,Done,,3.919,-9.231,grid,-9.233,-3.511,-0.1981,-0.0,-3.56,-22.48,-7.158,0.2338,0.0,-40.56,-29.64,7.919
Oc1ccc(C(c2ccc(O)cc2)(C(F)(F)F)C(F)(F)F)cc1,BPA_CID73864__prepared_state_016,17,Done,,3.919,-9.242,grid,-9.244,-3.438,-0.4361,-0.0,-3.211,-23.06,-8.935,0.3341,0.0,-40.11,-31.99,13.55
Oc1ccc(C(c2ccc(O)cc2)(C(F)(F)F)C(F)(F)F)cc1,BPA_CID73864__prepared_state_016,17,Done,,3.919,-9.709,grid,-9.711,-3.545,-0.4532,-0.0,-3.386,-24.09,-9.71,0.3341,0.0,-39.52,-33.8,19.85
Oc1ccc(C(c2ccc(O)cc2)(C(F)(F)F)C(F)(F)F)cc1,BPA_CID73864__prepared_state_016,17,Done,,3.919,-9.241,grid,-9.243,-3.448,-0.434,-0.0,-3.202,-23.18,-8.893,0.3341,0.0,-38.92,-32.07,16.1
Oc1ccc(C(c2ccc(O)cc2)(C(F)(F)F)C(F)(F)F)cc1,BPA_CID73864__prepared_state_016,17,Done,,3.919,-8.486,grid,-8.487,-3.569,-0.32,-0.0,-3.334,-27.66,-1.437,0.3341,0.0,-38.89,-29.09,7.765
Oc1ccc(C(c2ccc(O)cc2)(C(F)(F)F)C(F)(F)F)cc1,BPA_CID73864__prepared_state_016,17,Done,,3.919,-9.235,grid,-9.237,-3.51,-0.1981,-0.0,-3.564,-22.51,-7.153,0.2338,0.0,-38.15,-29.66,12.8
Oc1ccc(C(c2ccc(O)cc2)(C(F)(F)F)C(F)(F)F)cc1,BPA_CID73864__prepared_state_016,17,Done,,3.919,-9.163,grid,-9.165,-3.574,-0.232,-0.0,-3.566,-23.58,-5.647,0.2338,0.0,-38.0,-29.23,11.98
Oc1ccc(C(c2ccc(O)cc2)(C(F)(F)F)C(F)(F)F)cc1,BPA_CID73864__prepared_state_016,17,Done,,3.919,-9.166,grid,-9.168,-3.575,-0.2321,-0.0,-3.568,-23.61,-5.64,0.2338,0.0,-37.81,-29.25,12.41
Oc1ccc(C(c2ccc(O)cc2)(C(F)(F)F)C(F)(F)F)cc1,BPA_CID73864__prepared_state_016,17,Done,,3.919,-9.349,grid,-9.351,-3.541,-0.456,-0.0,-3.364,-24.02,-7.485,0.3341,0.0,-37.09,-31.51,18.97
Oc1ccc(C(c2ccc(O)cc2)(C(F)(F)F)C(F)(F)F)cc1,BPA_CID73864__prepared_state_016,17,Done,,3.919,-9.227,grid,-9.228,-3.513,-0.1981,-0.0,-3.555,-22.47,-7.155,0.2338,0.0,-36.96,-29.62,15.07
Oc1ccc(C(c2ccc(O)cc2)(C(F)(F)F)C(F)(F)F)cc1,BPA_CID73864__prepared_state_016,17,Done,,3.919,-8.938,grid,-8.94,-3.546,-0.1981,-0.0,-3.48,-21.87,-5.713,0.2338,0.0,-36.82,-27.58,10.33
Oc1ccc(C(c2ccc(O)cc2)(C(F)(F)F)C(F)(F)F)cc1,BPA_CID73864__prepared_state_016,17,Done,,3.919,-9.142,grid,-9.144,-3.56,-0.2294,-0.0,-3.554,-23.53,-5.714,0.2338,0.0,-36.59,-29.25,14.78
Oc1ccc(C(c2ccc(O)cc2)(C(F)(F)F)C(F)(F)F)cc1,BPA_CID73864__prepared_state_016,17,Done,,3.919,-8.647,grid,-8.649,-3.294,-0.3912,-0.0,-3.096,-19.11,-8.308,0.3341,0.0,-36.33,-27.41,10.03
Oc1ccc(C(c2ccc(O)cc2)(C(F)(F)F)C(F)(F)F)cc1,BPA_CID73864__prepared_state_016,17,Done,,3.919,-8.532,grid,-8.534,-3.646,-0.32,-0.0,-3.294,-29.0,-1.054,0.3341,0.0,-35.86,-30.06,15.9
Oc1ccc(C(c2ccc(O)cc2)(C(F)(F)F)C(F)(F)F)cc1,BPA_CID73864__prepared_state_016,17,Done,,3.919,-8.495,grid,-8.497,-3.638,-0.16,-0.0,-3.368,-20.32,-4.305,0.3341,-0.004252,-35.86,-24.62,4.912
Oc1ccc(C(c2ccc(O)cc2)(C(F)(F)F)C(F)(F)F)cc1,BPA_CID73864__prepared_state_016,17,Done,,3.919,-9.245,grid,-9.247,-3.515,-0.1981,-0.0,-3.565,-22.59,-7.154,0.2338,0.0,-35.66,-29.75,17.96
Oc1ccccc1Cc1ccccc1O,BPA_CID75575__prepared_state_017,18,Done,,2.305,-7.079,grid,-7.175,-3.293,-0.1333,-0.0,-2.709,-30.0,-2.362,0.815,0.0,-45.32,-32.37,2.091
Oc1ccccc1Cc1ccccc1O,BPA_CID75575__prepared_state_017,18,Done,,2.305,-7.02,grid,-7.116,-3.291,-0.1327,-0.0,-2.71,-30.01,-1.982,0.815,0.0,-44.82,-31.99,2.129
Oc1ccccc1Cc1ccccc1O,BPA_CID75575__prepared_state_017,18,Done,,2.305,-6.895,grid,-6.991,-3.265,-0.01354,-0.0,-2.683,-30.31,-2.195,0.815,0.0,-44.71,-32.51,2.896
Oc1ccccc1Cc1ccccc1O,BPA_CID75575__prepared_state_017,18,Done,,2.305,-6.985,grid,-7.081,-3.469,0.0,-0.0,-2.708,-30.18,-1.405,0.815,0.0,-44.43,-31.58,1.94
Oc1ccccc1Cc1ccccc1O,BPA_CID75575__prepared_state_017,18,Done,,2.305,-6.977,grid,-7.073,-3.194,-0.08545,-0.0,-2.638,-28.61,-3.602,0.815,0.0,-44.26,-32.21,3.514
Oc1ccccc1Cc1ccccc1O,BPA_CID75575__prepared_state_017,18,Done,,2.305,-6.971,grid,-7.068,-3.474,0.0,-0.0,-2.691,-28.6,-1.917,0.815,0.0,-44.26,-30.52,0.111
Oc1ccccc1Cc1ccccc1O,BPA_CID75575__prepared_state_017,18,Done,,2.305,-6.837,grid,-6.933,-3.241,0.0,-0.0,-2.76,-29.7,-1.749,0.815,0.0,-44.21,-31.45,1.537
Oc1ccccc1Cc1ccccc1O,BPA_CID75575__prepared_state_017,18,Done,,2.305,-7.435,grid,-7.531,-3.41,-0.32,-0.0,-2.778,-27.19,-3.195,0.815,0.0,-44.2,-30.38,1.764
Oc1ccccc1Cc1ccccc1O,BPA_CID75575__prepared_state_017,18,Done,,2.305,-6.908,grid,-7.005,-3.297,0.0,-0.0,-2.92,-30.66,-0.4612,0.815,0.0,-44.16,-31.12,1.259
Oc1ccccc1Cc1ccccc1O,BPA_CID75575__prepared_state_017,18,Done,,2.305,-7.186,grid,-7.282,-3.429,-0.1633,-0.0,-2.837,-28.48,-1.623,0.815,0.0,-44.09,-30.11,0.4533
Oc1ccccc1Cc1ccccc1O,BPA_CID75575__prepared_state_017,18,Done,,2.305,-6.897,grid,-6.993,-3.494,0.0,-0.0,-2.669,-29.36,-1.184,0.815,0.0,-43.98,-30.54,0.4195
Oc1ccccc1Cc1ccccc1O,BPA_CID75575__prepared_state_017,18,Done,,2.305,-7.203,grid,-7.299,-3.85,0.0,-0.0,-2.733,-29.28,-0.4559,0.815,0.0,-43.79,-29.73,0.3828
Oc1ccccc1Cc1ccccc1O,BPA_CID75575__prepared_state_017,18,Done,,2.305,-6.889,grid,-6.985,-3.506,0.0,-0.0,-2.685,-29.89,-0.7626,0.815,0.0,-43.72,-30.66,1.142
Oc1ccccc1Cc1ccccc1O,BPA_CID75575__prepared_state_017,18,Done,,2.305,-6.865,grid,-6.961,-3.456,0.0,-0.0,-2.698,-29.28,-1.059,0.815,0.0,-43.71,-30.34,0.4257
Oc1ccccc1Cc1ccccc1O,BPA_CID75575__prepared_state_017,18,Done,,2.305,-7.406,grid,-7.502,-3.705,-0.2466,-0.0,-2.602,-25.92,-3.111,0.815,0.0,-43.58,-29.03,0.1835
Oc1ccccc1Cc1ccccc1O,BPA_CID75575__prepared_state_017,18,Done,,2.305,-7.183,grid,-7.28,-3.798,0.0,-0.0,-2.679,-28.56,-1.265,0.815,0.0,-43.44,-29.82,1.176
Oc1ccccc1Cc1ccccc1O,BPA_CID75575__prepared_state_017,18,Done,,2.305,-7.364,grid,-7.461,-3.708,-0.2265,-0.0,-2.621,-25.77,-2.876,0.815,0.0,-43.13,-28.65,0.1605
Oc1ccccc1Cc1ccccc1O,BPA_CID75575__prepared_state_017,18,Done,,2.305,-6.688,grid,-6.784,-3.354,0.0,-0.0,-2.663,-28.38,-1.088,0.815,0.0,-42.6,-29.47,0.2117
Oc1ccccc1Cc1ccccc1O,BPA_CID75575__prepared_state_017,18,Done,,2.305,-7.032,grid,-7.128,-3.831,0.0,-0.0,-2.617,-28.26,-0.5465,0.815,0.0,-42.53,-28.8,0.368
Oc1ccccc1Cc1ccccc1O,BPA_CID75575__prepared_state_017,18,Done,,2.305,-6.929,grid,-7.025,-3.892,0.0,-0.0,-2.474,-28.8,-0.2314,0.815,0.0,-42.44,-29.03,0.6096
[O-]c1ccccc1Cc1ccccc1O,BPA_CID75575__prepared_state_018,19,Done,,2.021,-6.063,grid,-7.189,-3.442,0.0,-0.0,-2.912,-29.48,-1.222,0.8219,0.0,-43.89,-30.7,0.7603
[O-]c1ccccc1Cc1ccccc1O,BPA_CID75575__prepared_state_018,19,Done,,2.021,-5.931,grid,-7.057,-3.427,-0.04144,-0.0,-2.692,-28.04,-2.111,0.8219,0.0,-43.03,-30.15,0.886
[O-]c1ccccc1Cc1ccccc1O,BPA_CID75575__prepared_state_018,19,Done,,2.021,-5.859,grid,-6.985,-3.386,0.0,-0.0,-2.917,-28.86,-0.4066,0.8219,0.0,-42.2,-29.26,0.4949
[O-]c1ccccc1Cc1ccccc1O,BPA_CID75575__prepared_state_018,19,Done,,2.021,-5.95,grid,-7.075,-3.515,0.0,-0.0,-2.801,-28.05,-1.197,0.8219,0.0,-42.17,-29.25,0.8738
[O-]c1ccccc1Cc1ccccc1O,BPA_CID75575__prepared_state_018,19,Done,,2.021,-5.814,grid,-6.94,-3.376,0.0,-0.0,-2.933,-28.67,-0.1214,0.8219,0.0,-41.7,-28.8,0.3896
[O-]c1ccccc1Cc1ccccc1O,BPA_CID75575__prepared_state_018,19,Done,,2.021,-5.648,grid,-6.774,-3.421,0.0,-0.0,-2.71,-28.6,-0.2338,0.8219,0.0,-41.45,-28.83,0.3484
[O-]c1ccccc1Cc1ccccc1O,BPA_CID75575__prepared_state_018,19,Done,,2.021,-5.628,grid,-6.753,-3.393,0.0,-0.0,-2.782,-29.45,0.4819,0.8219,0.0,-41.41,-28.97,0.608
[O-]c1ccccc1Cc1ccccc1O,BPA_CID75575__prepared_state_018,19,Done,,2.021,-5.804,grid,-6.93,-3.527,0.0,-0.0,-2.664,-27.1,-1.378,0.8219,0.0,-41.33,-28.48,0.4668
[O-]c1ccccc1Cc1ccccc1O,BPA_CID75575__prepared_state_018,19,Done,,2.021,-5.695,grid,-6.821,-3.276,-0.07973,-0.0,-2.567,-26.64,-2.582,0.8219,0.0,-41.22,-29.23,1.762
[O-]c1ccccc1Cc1ccccc1O,BPA_CID75575__prepared_state_018,19,Done,,2.021,-5.618,grid,-6.744,-3.272,0.0,-0.0,-2.774,-27.85,-0.8431,0.8219,0.0,-41.12,-28.7,0.608
[O-]c1ccccc1Cc1ccccc1O,BPA_CID75575__prepared_state_018,19,Done,,2.021,-5.691,grid,-6.816,-3.202,-0.08636,-0.0,-2.648,-26.39,-2.547,0.8219,0.0,-40.93,-28.94,1.764
[O-]c1ccccc1Cc1ccccc1O,BPA_CID75575__prepared_state_018,19,Done,,2.021,-5.516,grid,-6.642,-3.149,0.0,-0.0,-2.836,-27.8,-0.5899,0.8219,0.0,-40.71,-28.39,0.4532
[O-]c1ccccc1Cc1ccccc1O,BPA_CID75575__prepared_state_018,19,Done,,2.021,-5.329,grid,-6.455,-3.157,0.0,-0.0,-2.621,-27.6,-0.7943,0.8219,0.0,-40.37,-28.39,0.4333
[O-]c1ccccc1Cc1ccccc1O,BPA_CID75575__prepared_state_018,19,Done,,2.021,-5.59,grid,-6.715,-3.482,0.0,-0.0,-2.642,-27.22,-0.3549,0.8219,0.0,-40.14,-27.57,0.2277
[O-]c1ccccc1Cc1ccccc1O,BPA_CID75575__prepared_state_018,19,Done,,2.021,-5.775,grid,-6.901,-3.883,0.0,-0.0,-2.53,-27.54,0.4479,0.8219,0.0,-40.1,-27.09,0.04488
[O-]c1ccccc1Cc1ccccc1O,BPA_CID75575__prepared_state_018,19,Done,,2.021,-5.231,grid,-6.357,-3.017,0.0,-0.0,-2.689,-27.21,-0.7501,0.8219,0.0,-39.92,-27.96,0.06972
[O-]c1ccccc1Cc1ccccc1O,BPA_CID75575__prepared_state_018,19,Done,,2.021,-5.596,grid,-6.722,-3.645,0.0,-0.0,-2.532,-27.12,-0.07454,0.8219,0.0,-39.82,-27.19,0.1245
[O-]c1ccccc1Cc1ccccc1O,BPA_CID75575__prepared_state_018,19,Done,,2.021,-5.29,grid,-6.416,-3.134,0.0,-0.0,-2.635,-27.21,-0.7183,0.8219,0.0,-39.82,-27.93,0.4495
[O-]c1ccccc1Cc1ccccc1O,BPA_CID75575__prepared_state_018,19,Done,,2.021,-5.834,grid,-6.96,-3.236,-0.02605,-0.0,-2.76,-28.69,-2.171,0.8219,0.0,-39.79,-30.86,8.431
[O-]c1ccccc1Cc1ccccc1O,BPA_CID75575__prepared_state_018,19,Done,,2.021,-5.458,grid,-6.584,-2.999,-0.1114,-0.0,-2.753,-26.15,-1.567,0.8219,0.0,-39.79,-27.72,0.7193
CC1(C)[C@H](O)C(C)(C)[C@@H]1O,BPA_CID76382__prepared_state_019,20,Done,,1.799,-5.842,grid,-5.842,-2.013,-0.2875,-0.0,-2.38,-15.8,-2.474,0.0,0.0,-23.69,-18.28,1.245
CC1(C)[C@H](O)C(C)(C)[C@@H]1O,BPA_CID76382__prepared_state_019,20,Done,,1.799,-5.999,grid,-5.999,-2.158,-0.3076,-0.0,-2.4,-15.18,-2.494,0.0,0.0,-23.31,-17.67,1.129
CC1(C)[C@H](O)C(C)(C)[C@@H]1O,BPA_CID76382__prepared_state_019,20,Done,,1.799,-5.331,grid,-5.331,-1.859,0.0,-0.0,-2.491,-15.86,-1.255,0.0,0.0,-22.61,-17.11,0.02073
CC1(C)[C@H](O)C(C)(C)[C@@H]1O,BPA_CID76382__prepared_state_019,20,Done,,1.799,-5.418,grid,-5.418,-2.041,0.0,-0.0,-2.435,-15.97,-0.955,0.0,0.0,-22.52,-16.92,0.007298
CC1(C)[C@H](O)C(C)(C)[C@@H]1O,BPA_CID76382__prepared_state_019,20,Done,,1.799,-5.478,grid,-5.478,-2.066,0.0,-0.0,-2.462,-15.95,-1.013,0.0,0.0,-22.13,-16.97,0.9917
CC1(C)[C@H](O)C(C)(C)[C@@H]1O,BPA_CID76382__prepared_state_019,20,Done,,1.799,-5.019,grid,-5.019,-1.801,0.0,-0.0,-2.329,-16.42,-0.4497,0.0,0.0,-22.05,-16.87,0.005555
CC1(C)[C@H](O)C(C)(C)[C@@H]1O,BPA_CID76382__prepared_state_019,20,Done,,1.799,-5.677,grid,-5.677,-2.07,-0.2702,-0.0,-2.395,-15.25,-1.193,0.0,0.0,-21.81,-16.44,0.993
CC1(C)[C@H](O)C(C)(C)[C@@H]1O,BPA_CID76382__prepared_state_019,20,Done,,1.799,-5.067,grid,-5.067,-1.703,0.0,-0.0,-2.475,-15.31,-0.8274,0.0,0.0,-21.36,-16.13,0.01772
CC1(C)[C@H](O)C(C)(C)[C@@H]1O,BPA_CID76382__prepared_state_019,20,Done,,1.799,-5.347,grid,-5.347,-1.871,0.0,-0.0,-2.558,-14.98,-1.128,0.0,0.0,-21.09,-16.11,1.079
CC1(C)[C@H](O)C(C)(C)[C@@H]1O,BPA_CID76382__prepared_state_019,20,Done,,1.799,-4.955,grid,-4.955,-1.681,0.0,-0.0,-2.44,-16.41,-0.09035,0.0,0.0,-21.01,-16.5,1.231
CC1(C)[C@H](O)C(C)(C)[C@@H]1O,BPA_CID76382__prepared_state_019,20,Done,,1.799,-5.356,grid,-5.356,-1.735,0.0,-0.0,-2.672,-15.24,-1.248,0.0,0.0,-20.98,-16.49,2.09
CC1(C)[C@H](O)C(C)(C)[C@@H]1O,BPA_CID76382__prepared_state_019,20,Done,,1.799,-5.217,grid,-5.217,-2.006,0.0,-0.0,-2.459,-15.76,0.2404,0.0,0.0,-20.87,-15.52,0.07747
CC1(C)[C@H](O)C(C)(C)[C@@H]1O,BPA_CID76382__prepared_state_019,20,Done,,1.799,-5.068,grid,-5.068,-1.773,0.0,-0.0,-2.472,-16.03,-0.1396,0.0,0.0,-20.86,-16.17,1.096
CC1(C)[C@H](O)C(C)(C)[C@@H]1O,BPA_CID76382__prepared_state_019,20,Done,,1.799,-5.11,grid,-5.11,-1.751,0.0,-0.0,-2.448,-15.73,-0.8224,0.0,0.0,-20.82,-16.55,2.022
CC1(C)[C@H](O)C(C)(C)[C@@H]1O,BPA_CID76382__prepared_state_019,20,Done,,1.799,-5.044,grid,-5.044,-1.801,0.0,-0.0,-2.43,-15.93,-0.1093,0.0,0.0,-20.7,-16.04,1.095
CC1(C)[C@H](O)C(C)(C)[C@@H]1O,BPA_CID76382__prepared_state_019,20,Done,,1.799,-5.206,grid,-5.206,-1.82,0.0,-0.0,-2.543,-14.56,-0.7673,0.0,0.0,-20.68,-15.33,0.05504
CC1(C)[C@H](O)C(C)(C)[C@@H]1O,BPA_CID76382__prepared_state_019,20,Done,,1.799,-5.209,grid,-5.209,-1.876,0.0,-0.0,-2.534,-14.57,-0.4701,0.0,0.0,-20.4,-15.04,0.03379
CC1(C)[C@H](O)C(C)(C)[C@@H]1O,BPA_CID76382__prepared_state_019,20,Done,,1.799,-5.262,grid,-5.262,-1.976,0.0,-0.0,-2.442,-14.76,-0.7041,0.0,0.0,-20.39,-15.46,1.022
CC1(C)[C@H](O)C(C)(C)[C@@H]1O,BPA_CID76382__prepared_state_019,20,Done,,1.799,-5.006,grid,-5.006,-1.732,0.0,-0.0,-2.536,-15.31,0.1759,0.0,0.0,-20.3,-15.13,0.00081
CC1(C)[C@H](O)C(C)(C)[C@@H]1O,BPA_CID76382__prepared_state_019,20,Done,,1.799,-5.185,grid,-5.185,-2.118,0.0,-0.0,-2.338,-16.03,0.4829,0.0,0.0,-20.23,-15.55,1.36
CC1(C)[C@H](O)C(C)(C)[C@H]1O,BPA_CID76382__prepared_state_020,21,Done,,1.832,-5.865,grid,-5.865,-2.126,-0.1835,-0.0,-2.391,-16.37,-2.306,0.0,0.0,-24.49,-18.68,1.096
CC1(C)[C@H](O)C(C)(C)[C@H]1O,BPA_CID76382__prepared_state_020,21,Done,,1.832,-5.862,grid,-5.862,-2.054,-0.277,-0.0,-2.395,-16.31,-2.14,0.0,0.0,-24.12,-18.45,1.362
CC1(C)[C@H](O)C(C)(C)[C@H]1O,BPA_CID76382__prepared_state_020,21,Done,,1.832,-5.25,grid,-5.25,-1.79,0.0,-0.0,-2.467,-16.19,-1.226,0.0,0.0,-23.08,-17.41,0.04774
CC1(C)[C@H](O)C(C)(C)[C@H]1O,BPA_CID76382__prepared_state_020,21,Done,,1.832,-5.418,grid,-5.418,-1.948,0.0,-0.0,-2.583,-17.04,-0.2316,0.0,0.0,-22.99,-17.27,0.2936
CC1(C)[C@H](O)C(C)(C)[C@H]1O,BPA_CID76382__prepared_state_020,21,Done,,1.832,-5.557,grid,-5.557,-2.05,-0.01293,-0.0,-2.558,-16.74,-0.6535,0.0,0.0,-22.6,-17.39,1.63
CC1(C)[C@H](O)C(C)(C)[C@H]1O,BPA_CID76382__prepared_state_020,21,Done,,1.832,-5.374,grid,-5.374,-1.923,0.0,-0.0,-2.522,-16.36,-0.7369,0.0,0.0,-22.24,-17.09,1.346
CC1(C)[C@H](O)C(C)(C)[C@H]1O,BPA_CID76382__prepared_state_020,21,Done,,1.832,-5.378,grid,-5.378,-1.949,0.0,-0.0,-2.574,-16.95,-0.04358,0.0,0.0,-22.11,-17.0,1.435
CC1(C)[C@H](O)C(C)(C)[C@H]1O,BPA_CID76382__prepared_state_020,21,Done,,1.832,-5.296,grid,-5.296,-2.01,0.0,-0.0,-2.381,-15.94,-0.7213,0.0,0.0,-21.82,-16.66,1.152
CC1(C)[C@H](O)C(C)(C)[C@H]1O,BPA_CID76382__prepared_state_020,21,Done,,1.832,-5.232,grid,-5.232,-1.891,0.0,-0.0,-2.487,-15.97,-0.3733,0.0,0.0,-21.51,-16.34,1.007
CC1(C)[C@H](O)C(C)(C)[C@H]1O,BPA_CID76382__prepared_state_020,21,Done,,1.832,-5.335,grid,-5.335,-1.997,0.0,-0.0,-2.534,-16.19,0.03501,0.0,0.0,-21.38,-16.16,1.109
CC1(C)[C@H](O)C(C)(C)[C@H]1O,BPA_CID76382__prepared_state_020,21,Done,,1.832,-5.777,grid,-5.777,-2.192,-0.2339,-0.0,-2.34,-13.11,-2.369,0.0,0.0,-21.19,-15.48,1.09
CC1(C)[C@H](O)C(C)(C)[C@H]1O,BPA_CID76382__prepared_state_020,21,Done,,1.832,-4.968,grid,-4.968,-1.661,0.0,-0.0,-2.492,-16.07,-0.07929,0.0,0.0,-21.0,-16.15,1.066
CC1(C)[C@H](O)C(C)(C)[C@H]1O,BPA_CID76382__prepared_state_020,21,Done,,1.832,-5.198,grid,-5.198,-1.921,0.0,-0.0,-2.487,-15.92,0.03797,0.0,0.0,-20.98,-15.88,1.068
CC1(C)[C@H](O)C(C)(C)[C@H]1O,BPA_CID76382__prepared_state_020,21,Done,,1.832,-5.224,grid,-5.224,-1.808,0.0,-0.0,-2.583,-14.52,-0.7156,0.0,0.0,-20.89,-15.23,0.001797
CC1(C)[C@H](O)C(C)(C)[C@H]1O,BPA_CID76382__prepared_state_020,21,Done,,1.832,-5.411,grid,-5.411,-2.303,0.0,-0.0,-2.322,-15.46,-0.09198,0.0,0.0,-20.89,-15.56,1.069
CC1(C)[C@H](O)C(C)(C)[C@H]1O,BPA_CID76382__prepared_state_020,21,Done,,1.832,-4.933,grid,-4.933,-1.641,0.0,-0.0,-2.46,-15.73,-0.3008,0.0,0.0,-20.84,-16.03,1.068
CC1(C)[C@H](O)C(C)(C)[C@H]1O,BPA_CID76382__prepared_state_020,21,Done,,1.832,-5.219,grid,-5.219,-1.966,0.0,-0.0,-2.468,-15.44,-0.09048,0.0,0.0,-20.65,-15.53,1.068
CC1(C)[C@H](O)C(C)(C)[C@H]1O,BPA_CID76382__prepared_state_020,21,Done,,1.832,-5.5,grid,-5.5,-1.765,-0.32,-0.0,-2.444,-13.72,-1.904,0.0,0.0,-20.48,-15.63,2.211
CC1(C)[C@H](O)C(C)(C)[C@H]1O,BPA_CID76382__prepared_state_020,21,Done,,1.832,-5.027,grid,-5.027,-1.753,0.0,-0.0,-2.54,-15.75,0.3518,0.0,0.0,-20.31,-15.4,1.072
CC1(C)[C@H](O)C(C)(C)[C@H]1O,BPA_CID76382__prepared_state_020,21,Done,,1.832,-5.186,grid,-5.186,-1.804,0.0,-0.0,-2.666,-14.76,0.1491,0.0,0.0,-20.23,-14.62,0.004414
COC(=O)C(c1ccc(O)cc1)c1ccc(O)cc1,BPA_CID78805__prepared_state_021,22,Done,,3.648,-8.574,grid,-8.576,-3.364,-0.456,-0.0,-2.612,-28.15,-10.21,0.7943,0.0,-57.65,-38.35,2.257
COC(=O)C(c1ccc(O)cc1)c1ccc(O)cc1,BPA_CID78805__prepared_state_021,22,Done,,3.648,-8.279,grid,-8.282,-3.342,-0.407,-0.0,-2.67,-29.47,-7.888,0.7943,0.0,-55.99,-37.36,2.202
COC(=O)C(c1ccc(O)cc1)c1ccc(O)cc1,BPA_CID78805__prepared_state_021,22,Done,,3.648,-8.271,grid,-8.274,-3.341,-0.4017,-0.0,-2.678,-29.41,-7.843,0.7943,0.0,-55.91,-37.25,2.107
COC(=O)C(c1ccc(O)cc1)c1ccc(O)cc1,BPA_CID78805__prepared_state_021,22,Done,,3.648,-8.192,grid,-8.194,-3.29,-0.4202,-0.0,-2.665,-29.88,-7.454,0.7943,0.0,-54.9,-37.33,3.903
COC(=O)C(c1ccc(O)cc1)c1ccc(O)cc1,BPA_CID78805__prepared_state_021,22,Done,,3.648,-8.242,grid,-8.244,-3.616,-0.1907,-0.0,-2.765,-33.62,-3.651,0.556,0.0,-53.29,-37.27,7.239
COC(=O)C(c1ccc(O)cc1)c1ccc(O)cc1,BPA_CID78805__prepared_state_021,22,Done,,3.648,-7.934,grid,-7.936,-3.355,-0.1941,-0.0,-2.68,-30.57,-4.899,0.556,0.0,-52.9,-35.47,2.95
COC(=O)C(c1ccc(O)cc1)c1ccc(O)cc1,BPA_CID78805__prepared_state_021,22,Done,,3.648,-8.237,grid,-8.24,-3.415,-0.4524,-0.0,-2.467,-23.13,-10.29,0.7943,0.0,-52.47,-33.42,1.149
COC(=O)C(c1ccc(O)cc1)c1ccc(O)cc1,BPA_CID78805__prepared_state_021,22,Done,,3.648,-8.273,grid,-8.275,-3.622,-0.1935,-0.0,-2.767,-33.66,-3.773,0.556,0.0,-52.09,-37.43,10.11
COC(=O)C(c1ccc(O)cc1)c1ccc(O)cc1,BPA_CID78805__prepared_state_021,22,Done,,3.648,-7.657,grid,-7.659,-3.354,-0.16,-0.0,-2.727,-30.56,-4.562,0.7943,0.0,-52.07,-35.13,2.607
COC(=O)C(c1ccc(O)cc1)c1ccc(O)cc1,BPA_CID78805__prepared_state_021,22,Done,,3.648,-7.804,grid,-7.806,-3.494,-0.3939,-0.0,-2.787,-31.67,-2.281,0.7943,0.0,-51.23,-33.95,2.616
COC(=O)C(c1ccc(O)cc1)c1ccc(O)cc1,BPA_CID78805__prepared_state_021,22,Done,,3.648,-8.37,grid,-8.372,-3.643,-0.1931,-0.0,-2.878,-32.37,-3.968,0.556,0.0,-50.63,-36.34,11.3
COC(=O)C(c1ccc(O)cc1)c1ccc(O)cc1,BPA_CID78805__prepared_state_021,22,Done,,3.648,-7.796,grid,-7.798,-3.498,-0.3879,-0.0,-2.8,-31.38,-2.25,0.7943,0.0,-50.49,-33.63,3.431
COC(=O)C(c1ccc(O)cc1)c1ccc(O)cc1,BPA_CID78805__prepared_state_021,22,Done,,3.648,-7.836,grid,-7.838,-3.372,-0.2628,-0.0,-2.738,-31.6,-2.942,0.556,0.0,-50.45,-34.54,5.527
COC(=O)C(c1ccc(O)cc1)c1ccc(O)cc1,BPA_CID78805__prepared_state_021,22,Done,,3.648,-7.732,grid,-7.734,-3.464,-0.397,-0.0,-2.775,-31.03,-2.272,0.7943,0.0,-50.09,-33.31,3.287
COC(=O)C(c1ccc(O)cc1)c1ccc(O)cc1,BPA_CID78805__prepared_state_021,22,Done,,3.648,-7.495,grid,-7.497,-3.499,-0.09904,-0.0,-2.874,-33.42,-0.9849,0.7943,0.0,-50.05,-34.4,4.435
COC(=O)C(c1ccc(O)cc1)c1ccc(O)cc1,BPA_CID78805__prepared_state_021,22,Done,,3.648,-8.051,grid,-8.054,-3.53,-0.1937,-0.0,-2.768,-32.08,-3.422,0.556,0.0,-50.03,-35.5,9.313
COC(=O)C(c1ccc(O)cc1)c1ccc(O)cc1,BPA_CID78805__prepared_state_021,22,Done,,3.648,-7.803,grid,-7.805,-3.361,-0.2764,-0.0,-2.776,-31.51,-2.48,0.556,0.0,-49.84,-33.99,5.496
COC(=O)C(c1ccc(O)cc1)c1ccc(O)cc1,BPA_CID78805__prepared_state_021,22,Done,,3.648,-8.101,grid,-8.104,-3.617,-0.189,-0.0,-2.733,-29.58,-4.283,0.556,0.0,-49.45,-33.86,7.425
COC(=O)C(c1ccc(O)cc1)c1ccc(O)cc1,BPA_CID78805__prepared_state_021,22,Done,,3.648,-7.787,grid,-7.789,-3.239,-0.2996,-0.0,-2.813,-29.66,-3.406,0.556,0.0,-49.26,-33.06,4.711
COC(=O)C(c1ccc(O)cc1)c1ccc(O)cc1,BPA_CID78805__prepared_state_021,22,Done,,3.648,-5.693,grid,-5.695,-3.414,-0.4468,-0.0,0.2428,-32.79,-8.211,0.7943,0.0,-49.0,-41.0,11.13
Cc1cc(Cc2cc(C)c(O)c(C)c2)cc(C)c1O,BPA_CID79345__prepared_state_022,23,Done,,2.239,-8.46,grid,-8.46,-3.894,-0.4214,-0.0,-2.246,-31.76,-5.646,0.5364,0.0,-50.69,-37.41,0.4909
Cc1cc(Cc2cc(C)c(O)c(C)c2)cc(C)c1O,BPA_CID79345__prepared_state_022,23,Done,,2.239,-8.456,grid,-8.457,-3.889,-0.4232,-0.0,-2.246,-31.74,-5.655,0.5364,0.0,-50.65,-37.39,0.5296
Cc1cc(Cc2cc(C)c(O)c(C)c2)cc(C)c1O,BPA_CID79345__prepared_state_022,23,Done,,2.239,-8.461,grid,-8.461,-3.891,-0.4225,-0.0,-2.248,-31.74,-5.666,0.5364,0.0,-50.61,-37.41,0.6555
Cc1cc(Cc2cc(C)c(O)c(C)c2)cc(C)c1O,BPA_CID79345__prepared_state_022,23,Done,,2.239,-8.607,grid,-8.608,-4.021,-0.4436,-0.0,-2.26,-30.66,-5.914,0.5364,0.0,-50.1,-36.57,0.4848
Cc1cc(Cc2cc(C)c(O)c(C)c2)cc(C)c1O,BPA_CID79345__prepared_state_022,23,Done,,2.239,-8.308,grid,-8.308,-3.958,-0.16,-0.0,-2.271,-29.9,-6.401,0.5364,0.0,-47.91,-36.3,3.339
Cc1cc(Cc2cc(C)c(O)c(C)c2)cc(C)c1O,BPA_CID79345__prepared_state_022,23,Done,,2.239,-8.095,grid,-8.096,-4.022,-0.16,-0.0,-2.263,-30.58,-4.393,0.5364,0.0,-46.39,-34.97,3.052
Cc1cc(Cc2cc(C)c(O)c(C)c2)cc(C)c1O,BPA_CID79345__prepared_state_022,23,Done,,2.239,-7.831,grid,-7.831,-4.195,-0.09009,-0.0,-2.3,-29.33,-2.106,0.5364,0.0,-43.69,-31.43,0.5309
Cc1cc(Cc2cc(C)c(O)c(C)c2)cc(C)c1O,BPA_CID79345__prepared_state_022,23,Done,,2.239,-7.353,grid,-7.353,-3.751,-0.1527,-0.0,-2.229,-29.12,-2.009,0.5364,0.0,-42.73,-31.13,0.2987
Cc1cc(Cc2cc(C)c(O)c(C)c2)cc(C)c1O,BPA_CID79345__prepared_state_022,23,Done,,2.239,-7.334,grid,-7.334,-3.757,-0.1513,-0.0,-2.21,-28.99,-2.018,0.5364,0.0,-42.6,-31.01,0.2813
Cc1cc(Cc2cc(C)c(O)c(C)c2)cc(C)c1O,BPA_CID79345__prepared_state_022,23,Done,,2.239,-7.347,grid,-7.348,-3.772,-0.1521,-0.0,-2.211,-28.85,-2.041,0.5364,0.0,-42.48,-30.89,0.3347
Cc1cc(Cc2cc(C)c(O)c(C)c2)cc(C)c1O,BPA_CID79345__prepared_state_022,23,Done,,2.239,-7.301,grid,-7.302,-3.723,-0.16,-0.0,-2.341,-27.04,-1.747,0.5364,0.0,-40.1,-28.79,0.7376
Cc1cc(Cc2cc(C)c(O)c(C)c2)cc(C)c1O,BPA_CID79345__prepared_state_022,23,Done,,2.239,-7.853,grid,-7.854,-3.936,-0.16,-0.0,-2.449,-23.79,-4.371,0.5364,0.0,-40.09,-28.16,1.258
Cc1cc(Cc2cc(C)c(O)c(C)c2)cc(C)c1O,BPA_CID79345__prepared_state_022,23,Done,,2.239,-7.362,grid,-7.362,-3.61,-0.3037,-0.0,-2.217,-24.36,-3.673,0.5364,0.0,-39.77,-28.03,0.07347
Cc1cc(Cc2cc(C)c(O)c(C)c2)cc(C)c1O,BPA_CID79345__prepared_state_022,23,Done,,2.239,-7.196,grid,-7.197,-3.546,-0.16,-0.0,-2.38,-25.31,-2.548,0.5364,0.0,-39.03,-27.86,0.6651
Cc1cc(Cc2cc(C)c(O)c(C)c2)cc(C)c1O,BPA_CID79345__prepared_state_022,23,Done,,2.239,-7.201,grid,-7.201,-3.559,-0.16,-0.0,-2.387,-25.46,-2.394,0.5364,0.0,-39.03,-27.85,0.6848
Cc1cc(Cc2cc(C)c(O)c(C)c2)cc(C)c1O,BPA_CID79345__prepared_state_022,23,Done,,2.239,-7.389,grid,-7.39,-3.542,-0.2929,-0.0,-2.274,-20.37,-5.324,0.5364,0.0,-36.49,-25.69,2.024
Cc1cc(Cc2cc(C)c(O)c(C)c2)cc(C)c1O,BPA_CID79345__prepared_state_022,23,Done,,2.239,-7.345,grid,-7.345,-3.575,-0.2727,-0.0,-2.241,-19.82,-5.343,0.5364,0.0,-36.03,-25.16,1.76
Cc1cc(Cc2cc(C)c(O)c(C)c2)cc(C)c1O,BPA_CID79345__prepared_state_022,23,Done,,2.239,-7.319,grid,-7.319,-3.531,-0.3175,-0.0,-2.244,-19.16,-5.373,0.5364,0.0,-35.12,-24.53,2.231
Cc1cc(Cc2cc(C)c(O)c(C)c2)cc(C)c1O,BPA_CID79345__prepared_state_022,23,Done,,2.239,-7.038,grid,-7.038,-3.891,-0.1154,-0.0,-2.31,-19.71,-1.818,0.5364,0.0,-32.66,-21.53,0.2503
Cc1cc(Cc2cc(C)c(O)c(C)c2)cc(C)c1O,BPA_CID79345__prepared_state_022,23,Done,,2.239,-4.437,grid,-4.438,-1.584,-0.2032,-0.0,-1.661,-17.97,-4.179,0.5364,0.0,-29.21,-22.15,0.07909
O=S(=O)(c1ccc(O)cc1)c1ccccc1O,BPA_CID79381__prepared_state_023,24,Done,,2.387,-7.508,grid,-7.822,-3.184,-0.3394,-0.0,-2.552,-32.69,-4.474,0.5589,0.0,-53.34,-37.17,3.092
O=S(=O)(c1ccc(O)cc1)c1ccccc1O,BPA_CID79381__prepared_state_023,24,Done,,2.387,-6.73,grid,-7.044,-3.068,0.0,-0.0,-2.535,-34.48,-1.837,0.5589,0.0,-51.96,-36.32,0.6181
O=S(=O)(c1ccc(O)cc1)c1ccccc1O,BPA_CID79381__prepared_state_023,24,Done,,2.387,-6.827,grid,-7.141,-3.172,0.0,-0.0,-2.56,-34.78,-1.525,0.5589,0.0,-51.76,-36.31,1.432
O=S(=O)(c1ccc(O)cc1)c1ccccc1O,BPA_CID79381__prepared_state_023,24,Done,,2.387,-7.127,grid,-7.441,-2.918,-0.16,-0.0,-2.58,-32.18,-4.883,0.5589,0.0,-51.28,-37.06,5.271
O=S(=O)(c1ccc(O)cc1)c1ccccc1O,BPA_CID79381__prepared_state_023,24,Done,,2.387,-7.038,grid,-7.352,-3.079,-0.104,-0.0,-2.626,-31.22,-3.61,0.5589,0.0,-51.01,-34.83,0.9333
O=S(=O)(c1ccc(O)cc1)c1ccccc1O,BPA_CID79381__prepared_state_023,24,Done,,2.387,-7.469,grid,-7.783,-3.162,-0.1811,-0.0,-2.623,-32.2,-3.985,0.3913,0.0,-50.9,-36.19,5.816
O=S(=O)(c1ccc(O)cc1)c1ccccc1O,BPA_CID79381__prepared_state_023,24,Done,,2.387,-7.413,grid,-7.727,-3.126,-0.1729,-0.0,-2.606,-32.17,-4.035,0.3913,0.0,-50.8,-36.21,5.817
O=S(=O)(c1ccc(O)cc1)c1ccccc1O,BPA_CID79381__prepared_state_023,24,Done,,2.387,-6.829,grid,-7.143,-2.907,-0.1473,-0.0,-2.431,-30.84,-4.494,0.5589,0.0,-50.46,-35.34,2.113
O=S(=O)(c1ccc(O)cc1)c1ccccc1O,BPA_CID79381__prepared_state_023,24,Done,,2.387,-6.82,grid,-7.134,-2.936,-0.148,-0.0,-2.432,-30.99,-4.185,0.5589,0.0,-49.95,-35.17,2.756
O=S(=O)(c1ccc(O)cc1)c1ccccc1O,BPA_CID79381__prepared_state_023,24,Done,,2.387,-7.334,grid,-7.647,-3.264,-0.1551,-0.0,-2.625,-31.61,-2.761,0.3913,0.0,-49.9,-34.37,3.583
O=S(=O)(c1ccc(O)cc1)c1ccccc1O,BPA_CID79381__prepared_state_023,24,Done,,2.387,-6.976,grid,-7.29,-2.837,-0.16,-0.0,-2.585,-32.84,-4.162,0.5589,0.0,-49.78,-37.0,7.455
O=S(=O)(c1ccc(O)cc1)c1ccccc1O,BPA_CID79381__prepared_state_023,24,Done,,2.387,-7.173,grid,-7.487,-3.044,-0.16,-0.0,-2.545,-30.89,-3.896,0.3913,0.0,-49.71,-34.79,4.066
O=S(=O)(c1ccc(O)cc1)c1ccccc1O,BPA_CID79381__prepared_state_023,24,Done,,2.387,-6.763,grid,-7.076,-2.913,-0.1478,-0.0,-2.434,-30.74,-4.025,0.5589,0.0,-49.54,-34.77,2.5
O=S(=O)(c1ccc(O)cc1)c1ccccc1O,BPA_CID79381__prepared_state_023,24,Done,,2.387,-7.323,grid,-7.637,-3.059,-0.2565,-0.0,-2.614,-31.52,-3.479,0.3913,0.0,-49.4,-35.0,5.796
O=S(=O)(c1ccc(O)cc1)c1ccccc1O,BPA_CID79381__prepared_state_023,24,Done,,2.387,-7.324,grid,-7.638,-3.165,-0.2106,-0.0,-2.634,-32.16,-2.744,0.3913,0.0,-49.26,-34.9,5.882
O=S(=O)(c1ccc(O)cc1)c1ccccc1O,BPA_CID79381__prepared_state_023,24,Done,,2.387,-6.872,grid,-7.186,-2.851,-0.16,-0.0,-2.577,-28.94,-4.731,0.5589,0.0,-49.2,-33.67,1.489
O=S(=O)(c1ccc(O)cc1)c1ccccc1O,BPA_CID79381__prepared_state_023,24,Done,,2.387,-7.016,grid,-7.33,-2.8,-0.1923,-0.0,-2.637,-30.78,-3.686,0.3913,0.0,-48.67,-34.47,4.798
O=S(=O)(c1ccc(O)cc1)c1ccccc1O,BPA_CID79381__prepared_state_023,24,Done,,2.387,-6.929,grid,-7.243,-2.778,-0.1978,-0.0,-2.579,-30.74,-3.615,0.3913,0.0,-48.62,-34.36,4.294
O=S(=O)(c1ccc(O)cc1)c1ccccc1O,BPA_CID79381__prepared_state_023,24,Done,,2.387,-6.593,grid,-6.907,-3.013,0.0,-0.0,-2.694,-33.66,-0.5038,0.5589,0.0,-48.54,-34.16,2.539
O=S(=O)(c1ccc(O)cc1)c1ccccc1O,BPA_CID79381__prepared_state_023,24,Done,,2.387,-6.341,grid,-6.655,-2.99,0.0,-0.0,-2.285,-32.08,-2.234,0.5589,0.0,-48.49,-34.31,1.799
O=S(=O)(c1ccc([O-])cc1)c1ccccc1O,BPA_CID79381__prepared_state_024,25,Done,,2.094,-5.916,grid,-6.853,-3.062,0.0,-0.0,-2.537,-32.68,-1.217,0.5628,0.0,-48.13,-33.9,0.5522
O=S(=O)(c1ccc([O-])cc1)c1ccccc1O,BPA_CID79381__prepared_state_024,25,Done,,2.094,-5.874,grid,-6.812,-3.07,0.0,-0.0,-2.527,-32.81,-0.9101,0.5628,0.0,-47.92,-33.72,0.4408
O=S(=O)(c1ccc([O-])cc1)c1ccccc1O,BPA_CID79381__prepared_state_024,25,Done,,2.094,-6.078,grid,-7.015,-3.02,-0.2336,-0.0,-2.473,-30.07,-2.327,0.5628,0.0,-46.82,-32.39,0.8457
O=S(=O)(c1ccc([O-])cc1)c1ccccc1O,BPA_CID79381__prepared_state_024,25,Done,,2.094,-5.988,grid,-6.925,-2.87,-0.06429,-0.0,-2.637,-31.34,-2.334,0.5628,0.0,-46.56,-33.68,3.552
O=S(=O)(c1ccc([O-])cc1)c1ccccc1O,BPA_CID79381__prepared_state_024,25,Done,,2.094,-6.116,grid,-7.053,-2.944,-0.2457,-0.0,-2.608,-29.36,-2.335,0.5628,0.0,-46.04,-31.69,1.164
O=S(=O)(c1ccc([O-])cc1)c1ccccc1O,BPA_CID79381__prepared_state_024,25,Done,,2.094,-6.019,grid,-6.956,-2.954,-0.2106,-0.0,-2.629,-29.53,-1.661,0.5628,0.0,-45.2,-31.19,1.442
O=S(=O)(c1ccc([O-])cc1)c1ccccc1O,BPA_CID79381__prepared_state_024,25,Done,,2.094,-5.761,grid,-6.698,-2.88,0.0,-0.0,-2.603,-30.06,-1.836,0.5628,0.0,-45.01,-31.89,2.123
O=S(=O)(c1ccc([O-])cc1)c1ccccc1O,BPA_CID79381__prepared_state_024,25,Done,,2.094,-5.996,grid,-6.934,-2.983,-0.177,-0.0,-2.678,-31.17,-0.6628,0.5628,0.0,-44.87,-31.83,3.275
O=S(=O)(c1ccc([O-])cc1)c1ccccc1O,BPA_CID79381__prepared_state_024,25,Done,,2.094,-5.546,grid,-6.483,-2.697,0.0,-0.0,-2.7,-30.55,-0.8125,0.5628,0.0,-44.85,-31.36,0.4708
O=S(=O)(c1ccc([O-])cc1)c1ccccc1O,BPA_CID79381__prepared_state_024,25,Done,,2.094,-5.819,grid,-6.757,-2.897,-0.1001,-0.0,-2.658,-30.42,-0.9574,0.5628,0.0,-44.79,-31.37,1.781
O=S(=O)(c1ccc([O-])cc1)c1ccccc1O,BPA_CID79381__prepared_state_024,25,Done,,2.094,-5.799,grid,-6.736,-2.996,-0.01,-0.0,-2.619,-30.17,-1.108,0.5628,0.0,-44.74,-31.28,1.596
O=S(=O)(c1ccc([O-])cc1)c1ccccc1O,BPA_CID79381__prepared_state_024,25,Done,,2.094,-5.743,grid,-6.68,-2.849,0.0,-0.0,-2.62,-29.94,-1.848,0.5628,0.0,-44.51,-31.79,2.846
O=S(=O)(c1ccc([O-])cc1)c1ccccc1O,BPA_CID79381__prepared_state_024,25,Done,,2.094,-5.465,grid,-6.403,-2.568,-0.04909,-0.0,-2.495,-30.31,-2.256,0.5628,0.0,-44.47,-32.56,3.299
O=S(=O)(c1ccc([O-])cc1)c1ccccc1O,BPA_CID79381__prepared_state_024,25,Done,,2.094,-5.826,grid,-6.763,-3.037,0.0,-0.0,-2.62,-31.2,-0.7309,0.5628,0.0,-44.31,-31.93,3.872
O=S(=O)(c1ccc([O-])cc1)c1ccccc1O,BPA_CID79381__prepared_state_024,25,Done,,2.094,-5.84,grid,-6.778,-3.185,0.0,-0.0,-2.627,-30.86,0.09206,0.5628,0.0,-43.98,-30.77,2.269
O=S(=O)(c1ccc([O-])cc1)c1ccccc1O,BPA_CID79381__prepared_state_024,25,Done,,2.094,-5.791,grid,-6.729,-2.981,0.0,-0.0,-2.728,-31.0,-0.2186,0.5628,0.0,-43.97,-31.21,2.98
O=S(=O)(c1ccc([O-])cc1)c1ccccc1O,BPA_CID79381__prepared_state_024,25,Done,,2.094,-5.685,grid,-6.622,-2.929,0.0,-0.0,-2.722,-30.67,-0.001897,0.5628,0.0,-43.86,-30.67,1.654
O=S(=O)(c1ccc([O-])cc1)c1ccccc1O,BPA_CID79381__prepared_state_024,25,Done,,2.094,-5.446,grid,-6.383,-2.712,0.0,-0.0,-2.692,-30.57,-0.08986,0.5628,0.0,-43.8,-30.66,0.7474
O=S(=O)(c1ccc([O-])cc1)c1ccccc1O,BPA_CID79381__prepared_state_024,25,Done,,2.094,-6.271,grid,-7.208,-3.574,0.0,-0.0,-2.853,-29.63,0.9143,0.5628,0.0,-43.68,-28.71,0.5802
O=S(=O)(c1ccc([O-])cc1)c1ccccc1O,BPA_CID79381__prepared_state_024,25,Done,,2.094,-5.608,grid,-6.545,-2.996,0.0,-0.0,-2.622,-30.5,0.2349,0.5628,0.0,-43.49,-30.26,1.263
O=S(=O)(c1ccc(O)cc1)c1ccccc1[O-],BPA_CID79381__prepared_state_025,26,Done,,2.327,-6.559,grid,-7.673,-3.102,-0.32,-0.0,-2.673,-31.45,-3.788,0.5628,0.0,-51.41,-35.24,0.9305
O=S(=O)(c1ccc(O)cc1)c1ccccc1[O-],BPA_CID79381__prepared_state_025,26,Done,,2.327,-6.185,grid,-7.299,-3.046,-0.09764,-0.0,-2.602,-31.5,-3.608,0.5628,0.0,-49.67,-35.11,2.53
O=S(=O)(c1ccc(O)cc1)c1ccccc1[O-],BPA_CID79381__prepared_state_025,26,Done,,2.327,-6.381,grid,-7.495,-2.856,-0.32,-0.0,-2.751,-30.04,-4.192,0.5628,0.0,-49.37,-34.23,2.23
O=S(=O)(c1ccc(O)cc1)c1ccccc1[O-],BPA_CID79381__prepared_state_025,26,Done,,2.327,-6.365,grid,-7.48,-2.857,-0.32,-0.0,-2.777,-29.96,-3.939,0.5628,0.0,-49.19,-33.9,1.863
O=S(=O)(c1ccc(O)cc1)c1ccccc1[O-],BPA_CID79381__prepared_state_025,26,Done,,2.327,-5.784,grid,-6.898,-3.033,0.0,-0.0,-2.609,-32.58,-1.269,0.5628,0.0,-48.19,-33.85,1.237
O=S(=O)(c1ccc(O)cc1)c1ccccc1[O-],BPA_CID79381__prepared_state_025,26,Done,,2.327,-6.166,grid,-7.28,-3.145,-0.07917,-0.0,-2.712,-31.6,-2.183,0.5628,0.0,-48.14,-33.78,2.856
O=S(=O)(c1ccc(O)cc1)c1ccccc1[O-],BPA_CID79381__prepared_state_025,26,Done,,2.327,-6.023,grid,-7.137,-2.936,-0.1474,-0.0,-2.486,-29.95,-4.223,0.5628,0.0,-48.09,-34.17,3.121
O=S(=O)(c1ccc(O)cc1)c1ccccc1[O-],BPA_CID79381__prepared_state_025,26,Done,,2.327,-6.107,grid,-7.221,-3.132,-0.07638,-0.0,-2.671,-31.44,-2.216,0.5628,0.0,-48.0,-33.66,2.636
O=S(=O)(c1ccc(O)cc1)c1ccccc1[O-],BPA_CID79381__prepared_state_025,26,Done,,2.327,-6.005,grid,-7.119,-2.935,-0.144,-0.0,-2.49,-29.85,-4.135,0.5628,0.0,-47.89,-33.98,3.068
O=S(=O)(c1ccc(O)cc1)c1ccccc1[O-],BPA_CID79381__prepared_state_025,26,Done,,2.327,-5.902,grid,-7.016,-2.805,-0.1489,-0.0,-2.651,-28.38,-3.709,0.5628,0.0,-46.9,-32.09,0.807
O=S(=O)(c1ccc(O)cc1)c1ccccc1[O-],BPA_CID79381__prepared_state_025,26,Done,,2.327,-5.824,grid,-6.939,-2.733,-0.1593,-0.0,-2.565,-28.48,-4.136,0.5628,0.0,-46.37,-32.61,2.574
O=S(=O)(c1ccc(O)cc1)c1ccccc1[O-],BPA_CID79381__prepared_state_025,26,Done,,2.327,-5.852,grid,-6.967,-2.725,-0.16,-0.0,-2.596,-28.24,-4.241,0.5628,0.0,-46.34,-32.48,2.503
O=S(=O)(c1ccc(O)cc1)c1ccccc1[O-],BPA_CID79381__prepared_state_025,26,Done,,2.327,-6.232,grid,-7.346,-2.98,-0.16,-0.0,-2.622,-31.32,-3.873,0.5628,0.0,-46.26,-35.19,9.726
O=S(=O)(c1ccc(O)cc1)c1ccccc1[O-],BPA_CID79381__prepared_state_025,26,Done,,2.327,-6.133,grid,-7.247,-2.812,-0.2509,-0.0,-2.6,-29.43,-3.381,0.394,0.0,-45.92,-32.81,5.231
O=S(=O)(c1ccc(O)cc1)c1ccccc1[O-],BPA_CID79381__prepared_state_025,26,Done,,2.327,-6.137,grid,-7.252,-2.8,-0.2513,-0.0,-2.609,-29.43,-3.427,0.394,0.0,-45.84,-32.85,5.486
O=S(=O)(c1ccc(O)cc1)c1ccccc1[O-],BPA_CID79381__prepared_state_025,26,Done,,2.327,-6.325,grid,-7.439,-3.222,-0.1488,-0.0,-2.603,-30.48,-2.238,0.394,0.0,-45.71,-32.71,6.279
O=S(=O)(c1ccc(O)cc1)c1ccccc1[O-],BPA_CID79381__prepared_state_025,26,Done,,2.327,-5.864,grid,-6.978,-2.87,-0.16,-0.0,-2.608,-30.75,-2.432,0.5628,0.0,-45.59,-33.18,5.434
O=S(=O)(c1ccc(O)cc1)c1ccccc1[O-],BPA_CID79381__prepared_state_025,26,Done,,2.327,-5.367,grid,-6.481,-3.008,0.0,-0.0,-2.248,-30.49,-1.757,0.5628,0.0,-45.58,-32.25,1.435
O=S(=O)(c1ccc(O)cc1)c1ccccc1[O-],BPA_CID79381__prepared_state_025,26,Done,,2.327,-5.938,grid,-7.052,-2.878,-0.16,-0.0,-2.568,-26.76,-3.344,0.394,0.0,-45.39,-30.11,0.01276
O=S(=O)(c1ccc(O)cc1)c1ccccc1[O-],BPA_CID79381__prepared_state_025,26,Done,,2.327,-5.389,grid,-6.503,-3.011,0.0,-0.0,-2.277,-30.43,-1.704,0.5628,0.0,-45.36,-32.14,1.767
Cc1cc(C(C)(C)c2cc(C)c(O)c(C)c2)cc(C)c1O,BPA_CID79717__prepared_state_026,27,Done,,2.579,-9.059,grid,-9.06,-4.317,-0.4207,-0.0,-2.37,-28.08,-6.642,0.4482,0.0,-40.39,-34.72,3.655
Cc1cc(C(C)(C)c2cc(C)c(O)c(C)c2)cc(C)c1O,BPA_CID79717__prepared_state_026,27,Done,,2.579,-8.107,grid,-8.108,-3.94,-0.1544,-0.0,-2.37,-26.35,-5.159,0.4482,0.0,-37.4,-31.5,1.637
Cc1cc(C(C)(C)c2cc(C)c(O)c(C)c2)cc(C)c1O,BPA_CID79717__prepared_state_026,27,Done,,2.579,-8.127,grid,-8.128,-3.959,-0.1555,-0.0,-2.37,-26.0,-5.278,0.4482,0.0,-37.04,-31.28,1.93
Cc1cc(C(C)(C)c2cc(C)c(O)c(C)c2)cc(C)c1O,BPA_CID79717__prepared_state_026,27,Done,,2.579,-8.322,grid,-8.322,-4.459,-0.16,-0.0,-2.37,-26.45,-3.054,0.4482,0.0,-34.86,-29.51,3.081
Cc1cc(C(C)(C)c2cc(C)c(O)c(C)c2)cc(C)c1O,BPA_CID79717__prepared_state_026,27,Done,,2.579,-8.03,grid,-8.03,-4.186,-0.16,-0.0,-2.345,-22.86,-4.296,0.4482,0.0,-32.81,-27.16,2.004
Cc1cc(C(C)(C)c2cc(C)c(O)c(C)c2)cc(C)c1O,BPA_CID79717__prepared_state_026,27,Done,,2.579,-7.885,grid,-7.885,-4.174,-0.1132,-0.0,-2.37,-23.87,-3.218,0.4482,0.0,-32.1,-27.09,3.033
Cc1cc(C(C)(C)c2cc(C)c(O)c(C)c2)cc(C)c1O,BPA_CID79717__prepared_state_026,27,Done,,2.579,-7.635,grid,-7.635,-3.928,-0.16,-0.0,-2.37,-22.39,-3.373,0.4482,0.0,-31.07,-25.76,2.037
Cc1cc(C(C)(C)c2cc(C)c(O)c(C)c2)cc(C)c1O,BPA_CID79717__prepared_state_026,27,Done,,2.579,-7.806,grid,-7.806,-3.945,-0.16,-0.0,-2.37,-19.61,-5.329,0.4482,0.0,-30.45,-24.93,1.9
Cc1cc(C(C)(C)c2cc(C)c(O)c(C)c2)cc(C)c1O,BPA_CID79717__prepared_state_026,27,Done,,2.579,-7.994,grid,-7.994,-4.256,-0.16,-0.0,-2.37,-20.43,-4.234,0.4482,0.0,-29.86,-24.66,2.847
Cc1cc(C(C)(C)c2cc(C)c(O)c(C)c2)cc(C)c1O,BPA_CID79717__prepared_state_026,27,Done,,2.579,-7.606,grid,-7.606,-4.105,-0.1475,-0.0,-2.218,-20.55,-3.713,0.4482,0.0,-29.44,-24.26,2.237
Cc1cc(C(C)(C)c2cc(C)c(O)c(C)c2)cc(C)c1O,BPA_CID79717__prepared_state_026,27,Done,,2.579,-7.474,grid,-7.474,-4.192,-0.03794,-0.0,-2.234,-20.02,-3.054,0.4482,0.0,-28.63,-23.08,1.266
Cc1cc(C(C)(C)c2cc(C)c(O)c(C)c2)cc(C)c1O,BPA_CID79717__prepared_state_026,27,Done,,2.579,-7.782,grid,-7.783,-4.428,0.0,-0.0,-2.305,-22.94,-2.337,0.4482,0.0,-28.29,-25.28,6.866
Cc1cc(C(C)(C)c2cc(C)c(O)c(C)c2)cc(C)c1O,BPA_CID79717__prepared_state_026,27,Done,,2.579,-7.56,grid,-7.56,-4.118,-0.1466,-0.0,-2.217,-19.76,-3.594,0.4482,0.0,-27.94,-23.36,3.348
Cc1cc(C(C)(C)c2cc(C)c(O)c(C)c2)cc(C)c1O,BPA_CID79717__prepared_state_026,27,Done,,2.579,-7.69,grid,-7.69,-4.403,-0.09107,-0.0,-2.297,-19.68,-2.421,0.4482,0.0,-27.69,-22.1,1.554
Cc1cc(C(C)(C)c2cc(C)c(O)c(C)c2)cc(C)c1O,BPA_CID79717__prepared_state_026,27,Done,,2.579,-8.275,grid,-8.275,-4.437,-0.16,-0.0,-2.37,-17.76,-5.793,0.4482,0.0,-27.5,-23.56,5.821
Cc1cc(C(C)(C)c2cc(C)c(O)c(C)c2)cc(C)c1O,BPA_CID79717__prepared_state_026,27,Done,,2.579,-7.559,grid,-7.56,-4.358,-0.09765,-0.0,-2.37,-19.41,-1.41,0.4482,0.0,-26.37,-20.82,1.417
Cc1cc(C(C)(C)c2cc(C)c(O)c(C)c2)cc(C)c1O,BPA_CID79717__prepared_state_026,27,Done,,2.579,-7.244,grid,-7.244,-4.062,-0.08316,-0.0,-2.273,-18.43,-2.353,0.4482,0.0,-26.17,-20.78,1.234
Cc1cc(C(C)(C)c2cc(C)c(O)c(C)c2)cc(C)c1O,BPA_CID79717__prepared_state_026,27,Done,,2.579,-8.08,grid,-8.08,-4.147,-0.4455,-0.0,-2.37,-13.96,-5.788,0.4482,0.0,-25.91,-19.75,1.062
Cc1cc(C(C)(C)c2cc(C)c(O)c(C)c2)cc(C)c1O,BPA_CID79717__prepared_state_026,27,Done,,2.579,-7.343,grid,-7.344,-4.465,-0.04763,-0.0,-2.298,-14.83,-1.596,0.4482,0.0,-22.0,-16.43,1.021
Cc1cc(C(C)(C)c2cc(C)c(O)c(C)c2)cc(C)c1O,BPA_CID79717__prepared_state_026,27,Done,,2.579,-7.237,grid,-7.238,-4.33,-0.03138,-0.0,-2.266,-15.55,-1.869,0.4482,0.0,-20.76,-17.42,5.312
CC(C)CC(C)(c1ccc(O)cc1)c1ccc(O)cc1,BPA_CID81259__prepared_state_027,28,Done,,3.878,-8.957,grid,-8.959,-4.447,-0.2797,-0.0,-2.466,-25.44,-6.725,0.5138,0.0,-47.85,-32.16,2.325
CC(C)CC(C)(c1ccc(O)cc1)c1ccc(O)cc1,BPA_CID81259__prepared_state_027,28,Done,,3.878,-8.651,grid,-8.653,-4.282,-0.2835,-0.0,-2.466,-26.64,-5.359,0.5138,0.0,-47.06,-32.0,2.437
CC(C)CC(C)(c1ccc(O)cc1)c1ccc(O)cc1,BPA_CID81259__prepared_state_027,28,Done,,3.878,-8.347,grid,-8.349,-4.408,-0.3448,-0.0,-2.466,-29.76,-2.507,0.734,0.0,-45.9,-32.26,4.143
CC(C)CC(C)(c1ccc(O)cc1)c1ccc(O)cc1,BPA_CID81259__prepared_state_027,28,Done,,3.878,-8.518,grid,-8.519,-4.345,-0.3059,-0.0,-2.466,-25.69,-4.216,0.5138,0.0,-43.36,-29.9,5.14
CC(C)CC(C)(c1ccc(O)cc1)c1ccc(O)cc1,BPA_CID81259__prepared_state_027,28,Done,,3.878,-7.935,grid,-7.937,-4.201,-0.1523,-0.0,-2.466,-29.08,-2.652,0.734,0.0,-42.72,-31.74,7.887
CC(C)CC(C)(c1ccc(O)cc1)c1ccc(O)cc1,BPA_CID81259__prepared_state_027,28,Done,,3.878,-8.257,grid,-8.259,-4.539,-0.32,-0.0,-2.466,-30.65,-0.9093,0.734,0.0,-41.74,-31.55,10.7
CC(C)CC(C)(c1ccc(O)cc1)c1ccc(O)cc1,BPA_CID81259__prepared_state_027,28,Done,,3.878,-7.843,grid,-7.845,-4.45,-0.1144,-0.0,-2.466,-28.29,-0.8957,0.734,0.0,-40.97,-29.19,5.948
CC(C)CC(C)(c1ccc(O)cc1)c1ccc(O)cc1,BPA_CID81259__prepared_state_027,28,Done,,3.878,-8.62,grid,-8.622,-4.5,-0.2527,-0.0,-2.466,-27.89,-3.484,0.5138,0.0,-39.58,-31.37,16.02
CC(C)CC(C)(c1ccc(O)cc1)c1ccc(O)cc1,BPA_CID81259__prepared_state_027,28,Done,,3.878,-7.76,grid,-7.762,-4.023,-0.2235,-0.0,-2.466,-24.8,-3.624,0.734,0.0,-37.5,-28.43,11.07
CC(C)CC(C)(c1ccc(O)cc1)c1ccc(O)cc1,BPA_CID81259__prepared_state_027,28,Done,,3.878,-7.926,grid,-7.928,-3.976,-0.1981,-0.0,-2.466,-20.19,-5.288,0.5138,0.0,-37.43,-25.47,5.919
CC(C)CC(C)(c1ccc(O)cc1)c1ccc(O)cc1,BPA_CID81259__prepared_state_027,28,Done,,3.878,-8.065,grid,-8.067,-4.317,-0.1797,-0.0,-2.466,-20.84,-3.841,0.5138,0.0,-36.71,-24.68,6.293
CC(C)CC(C)(c1ccc(O)cc1)c1ccc(O)cc1,BPA_CID81259__prepared_state_027,28,Done,,3.878,-7.819,grid,-7.821,-4.075,-0.1981,-0.0,-2.345,-17.49,-5.617,0.5138,0.0,-36.39,-23.1,2.856
CC(C)CC(C)(c1ccc(O)cc1)c1ccc(O)cc1,BPA_CID81259__prepared_state_027,28,Done,,3.878,-8.093,grid,-8.095,-3.835,-0.5656,-0.0,-2.466,-16.62,-6.075,0.5138,0.0,-35.86,-22.69,4.124
CC(C)CC(C)(c1ccc(O)cc1)c1ccc(O)cc1,BPA_CID81259__prepared_state_027,28,Done,,3.878,-7.692,grid,-7.694,-4.132,-0.16,-0.0,-2.466,-19.96,-4.485,0.734,0.0,-35.68,-24.45,6.473
CC(C)CC(C)(c1ccc(O)cc1)c1ccc(O)cc1,BPA_CID81259__prepared_state_027,28,Done,,3.878,-7.896,grid,-7.898,-4.074,-0.1981,-0.0,-2.462,-17.59,-5.321,0.5138,0.0,-35.67,-22.91,4.187
CC(C)CC(C)(c1ccc(O)cc1)c1ccc(O)cc1,BPA_CID81259__prepared_state_027,28,Done,,3.878,-8.043,grid,-8.044,-4.243,-0.32,-0.0,-2.466,-16.42,-6.192,0.734,0.0,-35.09,-22.61,5.312
CC(C)CC(C)(c1ccc(O)cc1)c1ccc(O)cc1,BPA_CID81259__prepared_state_027,28,Done,,3.878,-8.176,grid,-8.178,-4.337,-0.2506,-0.0,-2.466,-18.73,-4.678,0.5138,0.0,-35.09,-23.41,7.416
CC(C)CC(C)(c1ccc(O)cc1)c1ccc(O)cc1,BPA_CID81259__prepared_state_027,28,Done,,3.878,-7.851,grid,-7.853,-4.228,-0.2082,-0.0,-2.451,-19.6,-3.329,0.5138,0.0,-34.61,-22.93,6.187
CC(C)CC(C)(c1ccc(O)cc1)c1ccc(O)cc1,BPA_CID81259__prepared_state_027,28,Done,,3.878,-8.13,grid,-8.131,-4.264,-0.3871,-0.0,-2.465,-12.45,-7.512,0.734,0.0,-33.65,-19.96,3.214
CC(C)CC(C)(c1ccc(O)cc1)c1ccc(O)cc1,BPA_CID81259__prepared_state_027,28,Done,,3.878,-8.116,grid,-8.118,-4.273,-0.416,-0.0,-2.466,-12.56,-7.128,0.734,0.0,-33.56,-19.69,2.797
O=S(=O)(c1ccc(O)cc1)c1ccc(OCc2ccccc2)cc1,BPA_CID113063__prepared_state_028,29,Done,,7.462,-7.704,grid,-7.882,-4.913,-0.16,-0.0,-0.9447,-39.33,-4.762,0.8171,0.0,-52.89,-44.1,12.04
O=S(=O)(c1ccc(O)cc1)c1ccc(OCc2ccccc2)cc1,BPA_CID113063__prepared_state_028,29,Done,,7.462,-7.664,grid,-7.842,-4.891,-0.16,-0.0,-0.9373,-39.38,-4.678,0.8171,0.0,-52.77,-44.06,12.04
O=S(=O)(c1ccc(O)cc1)c1ccc(OCc2ccccc2)cc1,BPA_CID113063__prepared_state_028,29,Done,,7.462,-8.206,grid,-8.384,-4.997,-0.2608,-0.0,-1.52,-37.47,-3.662,0.8171,0.0,-51.13,-41.13,11.51
O=S(=O)(c1ccc(O)cc1)c1ccc(OCc2ccccc2)cc1,BPA_CID113063__prepared_state_028,29,Done,,7.462,-8.202,grid,-8.379,-5.005,-0.2585,-0.0,-1.519,-37.41,-3.626,0.8171,0.0,-51.11,-41.03,11.34
O=S(=O)(c1ccc(O)cc1)c1ccc(OCc2ccccc2)cc1,BPA_CID113063__prepared_state_028,29,Done,,7.462,-8.144,grid,-8.321,-4.926,0.0,-0.0,-2.014,-37.12,-2.285,0.8171,0.0,-50.67,-39.41,8.731
O=S(=O)(c1ccc(O)cc1)c1ccc(OCc2ccccc2)cc1,BPA_CID113063__prepared_state_028,29,Done,,7.462,-8.115,grid,-8.292,-5.245,-0.32,-0.0,-1.071,-32.46,-5.673,0.8171,0.0,-48.98,-38.13,9.452
O=S(=O)(c1ccc(O)cc1)c1ccc(OCc2ccccc2)cc1,BPA_CID113063__prepared_state_028,29,Done,,7.462,-8.37,grid,-8.547,-5.109,-0.3021,-0.0,-1.885,-34.04,-2.44,0.8171,0.0,-47.09,-36.48,10.91
O=S(=O)(c1ccc(O)cc1)c1ccc(OCc2ccccc2)cc1,BPA_CID113063__prepared_state_028,29,Done,,7.462,-7.257,grid,-7.435,-4.829,0.0,-0.0,-1.452,-36.53,-0.9598,0.8171,0.0,-46.95,-37.49,9.027
O=S(=O)(c1ccc(O)cc1)c1ccc(OCc2ccccc2)cc1,BPA_CID113063__prepared_state_028,29,Done,,7.462,-6.685,grid,-6.862,-4.713,0.0,-0.0,-1.033,-38.44,-0.07472,0.8171,0.0,-46.85,-38.51,9.113
O=S(=O)(c1ccc(O)cc1)c1ccc(OCc2ccccc2)cc1,BPA_CID113063__prepared_state_028,29,Done,,7.462,-7.278,grid,-7.455,-4.83,0.0,-0.0,-1.472,-36.54,-0.9589,0.8171,0.0,-46.77,-37.5,9.464
O=S(=O)(c1ccc(O)cc1)c1ccc(OCc2ccccc2)cc1,BPA_CID113063__prepared_state_028,29,Done,,7.462,-7.7,grid,-7.878,-4.97,-0.16,-0.0,-1.231,-29.7,-5.66,0.8171,0.0,-46.23,-35.36,7.86
O=S(=O)(c1ccc(O)cc1)c1ccc(OCc2ccccc2)cc1,BPA_CID113063__prepared_state_028,29,Done,,7.462,-6.986,grid,-7.164,-4.843,0.0,-0.0,-1.12,-35.16,-1.738,0.8171,0.0,-45.35,-36.89,10.0
O=S(=O)(c1ccc(O)cc1)c1ccc(OCc2ccccc2)cc1,BPA_CID113063__prepared_state_028,29,Done,,7.462,-6.979,grid,-7.157,-4.85,0.0,-0.0,-1.161,-35.88,-1.124,0.8171,0.0,-45.03,-37.0,10.83
O=S(=O)(c1ccc(O)cc1)c1ccc(OCc2ccccc2)cc1,BPA_CID113063__prepared_state_028,29,Done,,7.462,-6.707,grid,-6.884,-4.828,-0.16,-0.0,-0.3178,-35.08,-4.28,0.8171,0.0,-44.8,-39.36,14.98
O=S(=O)(c1ccc(O)cc1)c1ccc(OCc2ccccc2)cc1,BPA_CID113063__prepared_state_028,29,Done,,7.462,-7.612,grid,-7.79,-5.023,-0.16,-0.0,-1.073,-30.05,-5.655,0.8171,0.0,-44.5,-35.7,11.67
O=S(=O)(c1ccc(O)cc1)c1ccc(OCc2ccccc2)cc1,BPA_CID113063__prepared_state_028,29,Done,,7.462,-6.94,grid,-7.117,-4.89,-0.1232,-0.0,-0.8229,-32.42,-3.179,0.8171,0.0,-43.24,-35.6,11.46
O=S(=O)(c1ccc(O)cc1)c1ccc(OCc2ccccc2)cc1,BPA_CID113063__prepared_state_028,29,Done,,7.462,-7.183,grid,-7.361,-5.244,0.0,-0.0,-1.115,-32.52,-1.283,0.8171,0.0,-42.95,-33.81,9.365
O=S(=O)(c1ccc(O)cc1)c1ccc(OCc2ccccc2)cc1,BPA_CID113063__prepared_state_028,29,Done,,7.462,-6.486,grid,-6.664,-4.602,0.0,-0.0,-0.9717,-32.52,-1.874,0.8171,0.0,-42.4,-34.4,9.029
O=S(=O)(c1ccc(O)cc1)c1ccc(OCc2ccccc2)cc1,BPA_CID113063__prepared_state_028,29,Done,,7.462,-6.519,grid,-6.696,-4.824,-0.09672,-0.0,-0.5436,-28.95,-4.012,0.8171,0.0,-42.26,-32.96,6.561
O=S(=O)(c1ccc(O)cc1)c1ccc(OCc2ccccc2)cc1,BPA_CID113063__prepared_state_028,29,Done,,7.462,-6.563,grid,-6.74,-4.918,0.0,-0.0,-1.03,-31.98,-0.06645,0.8171,0.0,-40.98,-32.05,7.468
O=S(=O)(c1ccc([O-])cc1)c1ccc(OCc2ccccc2)cc1,BPA_CID113063__prepared_state_029,30,Done,,4.903,-6.606,grid,-7.407,-4.969,0.0,-0.0,-1.302,-39.74,0.1985,0.8214,0.0,-44.61,-39.54,6.473
O=S(=O)(c1ccc([O-])cc1)c1ccc(OCc2ccccc2)cc1,BPA_CID113063__prepared_state_029,30,Done,,4.903,-7.182,grid,-7.983,-4.922,0.0,-0.0,-2.033,-36.72,-0.09265,0.8214,0.0,-41.53,-36.81,8.467
O=S(=O)(c1ccc([O-])cc1)c1ccc(OCc2ccccc2)cc1,BPA_CID113063__prepared_state_029,30,Done,,4.903,-6.923,grid,-7.724,-4.961,0.0,-0.0,-1.807,-35.02,-0.1804,0.8214,0.0,-40.22,-35.2,7.269
O=S(=O)(c1ccc([O-])cc1)c1ccc(OCc2ccccc2)cc1,BPA_CID113063__prepared_state_029,30,Done,,4.903,-6.236,grid,-7.037,-4.872,0.0,-0.0,-1.177,-34.26,-0.6454,0.8214,0.0,-37.41,-34.91,10.79
O=S(=O)(c1ccc([O-])cc1)c1ccc(OCc2ccccc2)cc1,BPA_CID113063__prepared_state_029,30,Done,,4.903,-5.365,grid,-6.166,-4.69,0.0,-0.0,-0.5563,-34.7,-0.03821,0.8214,0.0,-37.29,-34.74,8.723
O=S(=O)(c1ccc([O-])cc1)c1ccc(OCc2ccccc2)cc1,BPA_CID113063__prepared_state_029,30,Done,,4.903,-7.025,grid,-7.826,-5.074,0.0,-0.0,-1.828,-33.63,-0.426,0.8214,0.0,-37.19,-34.05,11.27
O=S(=O)(c1ccc([O-])cc1)c1ccc(OCc2ccccc2)cc1,BPA_CID113063__prepared_state_029,30,Done,,4.903,-6.669,grid,-7.47,-4.677,0.0,-0.0,-2.05,-31.3,0.003992,0.8214,0.0,-36.53,-31.29,6.284
O=S(=O)(c1ccc([O-])cc1)c1ccc(OCc2ccccc2)cc1,BPA_CID113063__prepared_state_029,30,Done,,4.903,-5.805,grid,-6.606,-4.625,0.0,-0.0,-1.301,-31.83,0.6002,0.8214,0.0,-33.91,-31.23,9.457
O=S(=O)(c1ccc([O-])cc1)c1ccc(OCc2ccccc2)cc1,BPA_CID113063__prepared_state_029,30,Done,,4.903,-6.261,grid,-7.062,-5.032,0.0,-0.0,-1.578,-29.1,1.209,0.8214,0.0,-33.42,-27.89,4.787
O=S(=O)(c1ccc([O-])cc1)c1ccc(OCc2ccccc2)cc1,BPA_CID113063__prepared_state_029,30,Done,,4.903,-5.344,grid,-6.145,-4.946,0.0,-0.0,-0.3632,-31.59,-0.5196,0.8214,0.0,-32.81,-32.1,12.37
O=S(=O)(c1ccc([O-])cc1)c1ccc(OCc2ccccc2)cc1,BPA_CID113063__prepared_state_029,30,Done,,4.903,-5.668,grid,-6.469,-4.384,0.0,-0.0,-1.508,-23.34,-1.546,0.8214,0.0,-28.03,-24.88,8.224
O=S(=O)(c1ccc([O-])cc1)c1ccc(OCc2ccccc2)cc1,BPA_CID113063__prepared_state_029,30,Done,,4.903,-5.062,grid,-5.863,-4.639,0.0,-0.0,-0.6937,-30.23,1.065,0.8214,0.0,-27.93,-29.16,15.62
O=S(=O)(c1ccc([O-])cc1)c1ccc(OCc2ccccc2)cc1,BPA_CID113063__prepared_state_029,30,Done,,4.903,-6.156,grid,-6.957,-4.849,0.0,-0.0,-1.837,-24.62,0.9195,0.8214,0.0,-26.56,-23.7,9.885
O=S(=O)(c1ccc([O-])cc1)c1ccc(OCc2ccccc2)cc1,BPA_CID113063__prepared_state_029,30,Done,,4.903,-4.376,grid,-5.177,-4.723,0.0,-0.0,-0.4576,-22.95,2.197,0.8214,0.0,-23.23,-20.76,6.666
O=S(=O)(c1ccc([O-])cc1)c1ccc(OCc2ccccc2)cc1,BPA_CID113063__prepared_state_029,30,Done,,4.903,-6.055,grid,-6.856,-4.834,0.0,-0.0,-1.852,-20.29,0.1559,0.8214,0.0,-23.19,-20.14,9.27
O=S(=O)(c1ccc([O-])cc1)c1ccc(OCc2ccccc2)cc1,BPA_CID113063__prepared_state_029,30,Done,,4.903,-1.773,grid,-2.574,-1.183,0.0,-0.0,-1.095,-23.41,0.35,0.8214,0.0,-22.62,-23.06,6.635
O=S(=O)(c1ccc([O-])cc1)c1ccc(OCc2ccccc2)cc1,BPA_CID113063__prepared_state_029,30,Done,,4.903,-2.492,grid,-3.293,-1.427,-0.2,-0.0,-1.089,-20.33,-2.523,0.8214,-0.003418,-21.34,-22.85,10.39
O=S(=O)(c1ccc([O-])cc1)c1ccc(OCc2ccccc2)cc1,BPA_CID113063__prepared_state_029,30,Done,,4.903,-1.599,grid,-2.4,-1.13,0.0,-0.0,-1.095,-21.58,0.5519,0.8214,0.0,-20.94,-21.03,5.562
O=S(=O)(c1ccc([O-])cc1)c1ccc(OCc2ccccc2)cc1,BPA_CID113063__prepared_state_029,30,Done,,4.903,-5.73,grid,-6.531,-4.575,0.0,-0.0,-1.789,-12.64,-2.374,0.8214,0.0,-20.04,-15.02,4.592
O=S(=O)(c1ccc([O-])cc1)c1ccc(OCc2ccccc2)cc1,BPA_CID113063__prepared_state_029,30,Done,,4.903,-0.7438,grid,-1.545,-0.469,-0.2,-0.0,-0.298,-16.32,-3.889,0.8214,0.0,-19.31,-20.21,5.259
CC(C)c1cc(C(C)(C)c2ccc(O)c(C(C)C)c2)ccc1O,BPA_CID228537__prepared_state_030,31,Done,,4.024,-9.577,grid,-9.578,-5.027,-0.5328,-0.0,-2.179,-29.33,-5.016,0.3802,0.0,-38.18,-34.35,4.872
CC(C)c1cc(C(C)(C)c2ccc(O)c(C(C)C)c2)ccc1O,BPA_CID228537__prepared_state_030,31,Done,,4.024,-9.173,grid,-9.174,-5.054,-0.32,-0.0,-2.179,-21.09,-6.313,0.3802,0.0,-32.62,-27.41,1.566
CC(C)c1cc(C(C)(C)c2ccc(O)c(C(C)C)c2)ccc1O,BPA_CID228537__prepared_state_030,31,Done,,4.024,-7.899,grid,-7.899,-5.116,0.0,-0.0,-2.179,-27.44,2.583,0.3802,0.0,-27.5,-24.86,5.05
CC(C)c1cc(C(C)(C)c2ccc(O)c(C(C)C)c2)ccc1O,BPA_CID228537__prepared_state_030,31,Done,,4.024,-7.84,grid,-7.84,-5.11,0.0,-0.0,-2.179,-22.1,1.153,0.3802,0.0,-24.84,-20.95,2.475
CC(C)c1cc(C(C)(C)c2ccc(O)c(C(C)C)c2)ccc1O,BPA_CID228537__prepared_state_030,31,Done,,4.024,-8.139,grid,-8.14,-5.024,-0.02158,-0.0,-2.179,-18.94,-2.325,0.3802,0.0,-24.72,-21.27,3.749
CC(C)c1cc(C(C)(C)c2ccc(O)c(C(C)C)c2)ccc1O,BPA_CID228537__prepared_state_030,31,Done,,4.024,-8.508,grid,-8.509,-4.962,-0.32,-0.0,-2.147,-15.65,-4.511,0.3802,0.0,-24.45,-20.16,2.56
CC(C)c1cc(C(C)(C)c2ccc(O)c(C(C)C)c2)ccc1O,BPA_CID228537__prepared_state_030,31,Done,,4.024,-7.966,grid,-7.966,-4.895,0.0,-0.0,-2.179,-24.68,-0.2541,0.3802,0.0,-24.02,-24.94,12.26
CC(C)c1cc(C(C)(C)c2ccc(O)c(C(C)C)c2)ccc1O,BPA_CID228537__prepared_state_030,31,Done,,4.024,-7.411,grid,-7.411,-4.87,0.0,-0.0,-2.11,-21.96,1.911,0.3802,0.0,-23.59,-20.05,2.623
CC(C)c1cc(C(C)(C)c2ccc(O)c(C(C)C)c2)ccc1O,BPA_CID228537__prepared_state_030,31,Done,,4.024,-8.901,grid,-8.901,-4.703,-0.32,-0.0,-2.179,-25.25,-5.445,0.3802,0.0,-22.78,-30.69,27.48
CC(C)c1cc(C(C)(C)c2ccc(O)c(C(C)C)c2)ccc1O,BPA_CID228537__prepared_state_030,31,Done,,4.024,-7.749,grid,-7.749,-4.333,-0.32,-0.0,-2.075,-14.18,-4.62,0.3802,0.0,-22.28,-18.8,3.183
CC(C)c1cc(C(C)(C)c2ccc(O)c(C(C)C)c2)ccc1O,BPA_CID228537__prepared_state_030,31,Done,,4.024,-8.332,grid,-8.332,-4.757,-0.32,-0.0,-2.179,-8.112,-7.007,0.3802,0.0,-19.54,-15.12,2.06
CC(C)c1cc(C(C)(C)c2ccc(O)c(C(C)C)c2)ccc1O,BPA_CID228537__prepared_state_030,31,Done,,4.024,-7.358,grid,-7.358,-4.864,0.0,-0.0,-2.179,-13.52,-0.1304,0.3802,0.0,-17.93,-13.65,1.069
CC(C)c1cc(C(C)(C)c2ccc(O)c(C(C)C)c2)ccc1O,BPA_CID228537__prepared_state_030,31,Done,,4.024,-6.857,grid,-6.857,-4.656,0.0,-0.0,-2.179,-16.63,2.858,0.3802,0.0,-17.43,-13.77,1.649
CC(C)c1cc(C(C)(C)c2ccc(O)c(C(C)C)c2)ccc1O,BPA_CID228537__prepared_state_030,31,Done,,4.024,-8.389,grid,-8.389,-4.751,-0.32,-0.0,-2.147,-18.42,-4.201,0.3802,0.0,-17.29,-22.63,21.64
CC(C)c1cc(C(C)(C)c2ccc(O)c(C(C)C)c2)ccc1O,BPA_CID228537__prepared_state_030,31,Done,,4.024,-7.655,grid,-7.656,-4.594,-0.3438,-0.0,-2.179,-5.966,-4.139,0.3802,0.0,-13.82,-10.11,2.582
CC(C)c1cc(C(C)(C)c2ccc(O)c(C(C)C)c2)ccc1O,BPA_CID228537__prepared_state_030,31,Done,,4.024,-7.479,grid,-7.479,-4.765,-0.2024,-0.0,-2.179,-7.219,-2.347,0.3802,0.0,-13.43,-9.567,2.052
CC(C)c1cc(C(C)(C)c2ccc(O)c(C(C)C)c2)ccc1O,BPA_CID228537__prepared_state_030,31,Done,,4.024,-7.721,grid,-7.721,-4.82,-0.0784,-0.0,-2.179,-6.374,-3.946,0.2662,0.0,-12.56,-10.32,5.621
CC(C)c1cc(C(C)(C)c2ccc(O)c(C(C)C)c2)ccc1O,BPA_CID228537__prepared_state_030,31,Done,,4.024,-1.961,grid,-1.961,-0.04765,-0.09407,-0.0,-1.279,-14.36,-1.356,0.3802,0.0,-12.26,-15.71,9.463
CC(C)c1cc(C(C)(C)c2ccc(O)c(C(C)C)c2)ccc1O,BPA_CID228537__prepared_state_030,31,Done,,4.024,-6.212,grid,-6.213,-4.38,0.0,-0.0,-2.179,-12.77,4.027,0.3802,0.0,-11.83,-8.741,1.944
CC(C)c1cc(C(C)(C)c2ccc(O)c(C(C)C)c2)ccc1O,BPA_CID228537__prepared_state_030,31,Done,,4.024,-7.424,grid,-7.425,-5.267,0.0,-0.0,-2.033,-13.96,1.29,0.3802,0.0,-10.66,-12.67,13.73
Oc1ccc(C2(c3ccc(O)cc3)CCCCC2)cc1,BPA_CID232446__prepared_state_031,32,Done,,5.101,-9.075,grid,-9.078,-4.337,-0.2928,-0.0,-2.479,-34.53,-3.926,0.347,0.0,-57.52,-38.45,1.857
Oc1ccc(C2(c3ccc(O)cc3)CCCCC2)cc1,BPA_CID232446__prepared_state_031,32,Done,,5.101,-8.935,grid,-8.938,-4.362,-0.2795,-0.0,-2.397,-34.52,-3.466,0.347,0.0,-56.95,-37.99,1.455
Oc1ccc(C2(c3ccc(O)cc3)CCCCC2)cc1,BPA_CID232446__prepared_state_031,32,Done,,5.101,-8.775,grid,-8.779,-4.323,-0.297,-0.0,-2.408,-34.42,-2.516,0.347,0.0,-55.32,-36.93,1.896
Oc1ccc(C2(c3ccc(O)cc3)CCCCC2)cc1,BPA_CID232446__prepared_state_031,32,Done,,5.101,-8.772,grid,-8.775,-4.419,-0.3511,-0.0,-2.453,-33.81,-2.379,0.4957,0.0,-54.73,-36.19,1.577
Oc1ccc(C2(c3ccc(O)cc3)CCCCC2)cc1,BPA_CID232446__prepared_state_031,32,Done,,5.101,-8.953,grid,-8.956,-4.677,-0.32,-0.0,-2.479,-33.28,-2.077,0.4957,0.0,-54.53,-35.36,1.107
Oc1ccc(C2(c3ccc(O)cc3)CCCCC2)cc1,BPA_CID232446__prepared_state_031,32,Done,,5.101,-8.685,grid,-8.688,-4.474,-0.3879,-0.0,-2.331,-32.8,-2.335,0.4957,0.0,-53.51,-35.13,1.507
Oc1ccc(C2(c3ccc(O)cc3)CCCCC2)cc1,BPA_CID232446__prepared_state_031,32,Done,,5.101,-8.932,grid,-8.935,-4.665,-0.16,-0.0,-2.479,-33.28,-2.09,0.347,0.0,-53.35,-35.37,3.395
Oc1ccc(C2(c3ccc(O)cc3)CCCCC2)cc1,BPA_CID232446__prepared_state_031,32,Done,,5.101,-9.322,grid,-9.325,-4.585,-0.4416,-0.0,-2.473,-26.13,-6.764,0.4957,0.0,-52.47,-32.89,1.919
Oc1ccc(C2(c3ccc(O)cc3)CCCCC2)cc1,BPA_CID232446__prepared_state_031,32,Done,,5.101,-9.331,grid,-9.334,-4.602,-0.4405,-0.0,-2.475,-25.72,-6.839,0.4957,0.0,-52.44,-32.56,1.357
Oc1ccc(C2(c3ccc(O)cc3)CCCCC2)cc1,BPA_CID232446__prepared_state_031,32,Done,,5.101,-8.885,grid,-8.888,-4.508,-0.1828,-0.0,-2.479,-27.9,-4.467,0.347,0.0,-50.09,-32.37,3.719
Oc1ccc(C2(c3ccc(O)cc3)CCCCC2)cc1,BPA_CID232446__prepared_state_031,32,Done,,5.101,-9.198,grid,-9.201,-4.605,-0.425,-0.0,-2.479,-23.64,-6.701,0.4957,0.0,-49.9,-30.34,1.415
Oc1ccc(C2(c3ccc(O)cc3)CCCCC2)cc1,BPA_CID232446__prepared_state_031,32,Done,,5.101,-9.102,grid,-9.105,-4.487,-0.4418,-0.0,-2.404,-22.17,-7.73,0.4957,0.0,-49.16,-29.9,1.592
Oc1ccc(C2(c3ccc(O)cc3)CCCCC2)cc1,BPA_CID232446__prepared_state_031,32,Done,,5.101,-9.056,grid,-9.06,-4.473,-0.4373,-0.0,-2.378,-22.03,-7.77,0.4957,0.0,-48.63,-29.8,2.24
Oc1ccc(C2(c3ccc(O)cc3)CCCCC2)cc1,BPA_CID232446__prepared_state_031,32,Done,,5.101,-8.341,grid,-8.344,-4.23,-0.2548,-0.0,-2.338,-24.4,-4.323,0.347,0.0,-46.47,-28.72,1.259
Oc1ccc(C2(c3ccc(O)cc3)CCCCC2)cc1,BPA_CID232446__prepared_state_031,32,Done,,5.101,-8.355,grid,-8.358,-4.216,-0.2504,-0.0,-2.373,-24.31,-4.336,0.347,0.0,-45.55,-28.65,3.005
Oc1ccc(C2(c3ccc(O)cc3)CCCCC2)cc1,BPA_CID232446__prepared_state_031,32,Done,,5.101,-8.041,grid,-8.044,-4.099,-0.2278,-0.0,-2.479,-25.25,-2.154,0.347,0.0,-44.58,-27.4,1.08
Oc1ccc(C2(c3ccc(O)cc3)CCCCC2)cc1,BPA_CID232446__prepared_state_031,32,Done,,5.101,-8.301,grid,-8.304,-4.093,-0.3052,-0.0,-2.479,-25.82,-3.218,0.347,0.0,-43.99,-29.04,6.67
Oc1ccc(C2(c3ccc(O)cc3)CCCCC2)cc1,BPA_CID232446__prepared_state_031,32,Done,,5.101,-8.325,grid,-8.328,-4.163,-0.2429,-0.0,-2.479,-20.86,-4.977,0.347,0.0,-43.74,-25.84,0.8898
Oc1ccc(C2(c3ccc(O)cc3)CCCCC2)cc1,BPA_CID232446__prepared_state_031,32,Done,,5.101,-7.758,grid,-7.761,-4.276,-0.13,-0.0,-2.479,-25.89,-0.5135,0.4957,0.0,-43.09,-26.4,0.796
Oc1ccc(C2(c3ccc(O)cc3)CCCCC2)cc1,BPA_CID232446__prepared_state_031,32,Done,,5.101,-8.608,grid,-8.611,-4.189,-0.456,-0.0,-2.426,-16.76,-7.989,0.4957,0.0,-42.82,-24.75,1.777
CC(c1ccc(O)cc1)c1ccc(O)cc1,BPA_CID608116__prepared_state_032,33,Done,,3.25,-8.503,grid,-8.505,-3.662,-0.3815,-0.0,-2.683,-31.2,-6.306,0.7277,0.0,-56.01,-37.5,2.46
CC(c1ccc(O)cc1)c1ccc(O)cc1,BPA_CID608116__prepared_state_032,33,Done,,3.25,-8.473,grid,-8.475,-3.6,-0.3741,-0.0,-2.729,-30.83,-6.383,0.7277,0.0,-55.71,-37.22,2.349
CC(c1ccc(O)cc1)c1ccc(O)cc1,BPA_CID608116__prepared_state_032,33,Done,,3.25,-8.354,grid,-8.357,-3.641,-0.3383,-0.0,-2.784,-31.37,-5.02,0.7277,0.0,-54.71,-36.39,2.138
CC(c1ccc(O)cc1)c1ccc(O)cc1,BPA_CID608116__prepared_state_032,33,Done,,3.25,-8.025,grid,-8.027,-3.576,-0.32,-0.0,-2.591,-31.71,-4.555,0.7277,0.0,-54.52,-36.26,0.7408
CC(c1ccc(O)cc1)c1ccc(O)cc1,BPA_CID608116__prepared_state_032,33,Done,,3.25,-8.306,grid,-8.308,-3.643,-0.3374,-0.0,-2.734,-31.38,-5.018,0.7277,0.0,-54.45,-36.4,2.457
CC(c1ccc(O)cc1)c1ccc(O)cc1,BPA_CID608116__prepared_state_032,33,Done,,3.25,-8.295,grid,-8.298,-3.636,-0.336,-0.0,-2.738,-31.33,-4.991,0.7277,0.0,-54.36,-36.32,2.434
CC(c1ccc(O)cc1)c1ccc(O)cc1,BPA_CID608116__prepared_state_032,33,Done,,3.25,-8.553,grid,-8.556,-3.794,-0.32,-0.0,-2.827,-30.65,-5.404,0.7277,0.0,-54.36,-36.05,3.093
CC(c1ccc(O)cc1)c1ccc(O)cc1,BPA_CID608116__prepared_state_032,33,Done,,3.25,-8.437,grid,-8.44,-3.682,-0.3496,-0.0,-2.848,-31.4,-4.785,0.7277,0.0,-54.27,-36.19,3.003
CC(c1ccc(O)cc1)c1ccc(O)cc1,BPA_CID608116__prepared_state_032,33,Done,,3.25,-8.026,grid,-8.028,-3.577,-0.32,-0.0,-2.591,-31.71,-4.544,0.7277,0.0,-54.23,-36.26,1.324
CC(c1ccc(O)cc1)c1ccc(O)cc1,BPA_CID608116__prepared_state_032,33,Done,,3.25,-8.582,grid,-8.584,-3.717,-0.3378,-0.0,-2.762,-29.3,-6.867,0.7277,0.0,-54.14,-36.16,3.897
CC(c1ccc(O)cc1)c1ccc(O)cc1,BPA_CID608116__prepared_state_032,33,Done,,3.25,-8.443,grid,-8.445,-3.803,-0.32,-0.0,-2.778,-30.46,-4.991,0.7277,0.0,-54.03,-35.45,2.045
CC(c1ccc(O)cc1)c1ccc(O)cc1,BPA_CID608116__prepared_state_032,33,Done,,3.25,-8.3,grid,-8.302,-3.636,-0.3376,-0.0,-2.737,-31.34,-5.012,0.7277,0.0,-53.8,-36.35,3.648
CC(c1ccc(O)cc1)c1ccc(O)cc1,BPA_CID608116__prepared_state_032,33,Done,,3.25,-8.496,grid,-8.498,-3.773,-0.32,-0.0,-2.818,-30.3,-5.33,0.7277,0.0,-53.49,-35.63,3.709
CC(c1ccc(O)cc1)c1ccc(O)cc1,BPA_CID608116__prepared_state_032,33,Done,,3.25,-8.053,grid,-8.056,-3.256,-0.4292,-0.0,-2.689,-28.93,-6.418,0.7277,0.0,-53.34,-35.35,1.412
CC(c1ccc(O)cc1)c1ccc(O)cc1,BPA_CID608116__prepared_state_032,33,Done,,3.25,-7.956,grid,-7.958,-3.723,-0.32,-0.0,-2.543,-31.3,-3.567,0.7277,0.0,-53.02,-34.87,0.6308
CC(c1ccc(O)cc1)c1ccc(O)cc1,BPA_CID608116__prepared_state_032,33,Done,,3.25,-8.309,grid,-8.312,-3.454,-0.456,-0.0,-2.754,-28.71,-6.273,0.7277,0.0,-52.86,-34.98,2.815
CC(c1ccc(O)cc1)c1ccc(O)cc1,BPA_CID608116__prepared_state_032,33,Done,,3.25,-8.161,grid,-8.164,-3.303,-0.456,-0.0,-2.794,-28.41,-6.114,0.7277,0.0,-52.29,-34.52,2.352
CC(c1ccc(O)cc1)c1ccc(O)cc1,BPA_CID608116__prepared_state_032,33,Done,,3.25,-8.103,grid,-8.106,-3.341,-0.456,-0.0,-2.746,-27.91,-5.963,0.7277,0.0,-52.08,-33.87,1.206
CC(c1ccc(O)cc1)c1ccc(O)cc1,BPA_CID608116__prepared_state_032,33,Done,,3.25,-7.884,grid,-7.887,-3.679,-0.07102,-0.0,-2.848,-31.43,-2.961,0.7277,0.0,-51.99,-34.39,1.401
CC(c1ccc(O)cc1)c1ccc(O)cc1,BPA_CID608116__prepared_state_032,33,Done,,3.25,-7.866,grid,-7.869,-3.675,-0.07187,-0.0,-2.848,-31.41,-2.872,0.7277,0.0,-51.9,-34.28,1.289
CC(c1ccccc1)(c1ccc(O)cc1)c1ccc(O)cc1,BPA_CID623849__prepared_state_033,34,Done,,3.307,-8.563,grid,-8.566,-4.665,-0.3877,-0.0,-2.329,-27.66,-2.999,0.6484,0.0,-37.33,-30.66,5.102
CC(c1ccccc1)(c1ccc(O)cc1)c1ccc(O)cc1,BPA_CID623849__prepared_state_033,34,Done,,3.307,-9.399,grid,-9.403,-4.91,-0.456,-0.0,-2.329,-21.14,-8.657,0.6484,0.0,-37.04,-29.79,5.755
CC(c1ccccc1)(c1ccc(O)cc1)c1ccc(O)cc1,BPA_CID623849__prepared_state_033,34,Done,,3.307,-9.397,grid,-9.401,-4.913,-0.456,-0.0,-2.329,-21.06,-8.657,0.6484,0.0,-36.97,-29.71,5.735
CC(c1ccccc1)(c1ccc(O)cc1)c1ccc(O)cc1,BPA_CID623849__prepared_state_033,34,Done,,3.307,-8.995,grid,-8.998,-4.783,-0.3042,-0.0,-2.329,-21.12,-6.531,0.4539,0.0,-33.63,-27.65,7.429
CC(c1ccccc1)(c1ccc(O)cc1)c1ccc(O)cc1,BPA_CID623849__prepared_state_033,34,Done,,3.307,-9.131,grid,-9.135,-4.991,-0.456,-0.0,-2.329,-16.94,-7.735,0.6484,0.0,-31.45,-24.67,6.13
CC(c1ccccc1)(c1ccc(O)cc1)c1ccc(O)cc1,BPA_CID623849__prepared_state_033,34,Done,,3.307,-4.198,grid,-4.201,-1.097,-0.3546,-0.0,-1.429,-23.68,-5.237,0.6484,0.0,-31.4,-28.91,4.079
CC(c1ccccc1)(c1ccc(O)cc1)c1ccc(O)cc1,BPA_CID623849__prepared_state_033,34,Done,,3.307,-4.124,grid,-4.128,-1.091,-0.3559,-0.0,-1.429,-23.86,-4.718,0.6484,0.0,-30.97,-28.57,4.1
CC(c1ccccc1)(c1ccc(O)cc1)c1ccc(O)cc1,BPA_CID623849__prepared_state_033,34,Done,,3.307,-8.106,grid,-8.11,-4.962,-0.16,-0.0,-2.329,-18.83,-2.437,0.6484,0.0,-28.1,-21.26,3.791
CC(c1ccccc1)(c1ccc(O)cc1)c1ccc(O)cc1,BPA_CID623849__prepared_state_033,34,Done,,3.307,-8.308,grid,-8.312,-4.442,-0.3012,-0.0,-2.329,-13.1,-6.919,0.4539,0.0,-27.83,-20.02,2.292
CC(c1ccccc1)(c1ccc(O)cc1)c1ccc(O)cc1,BPA_CID623849__prepared_state_033,34,Done,,3.307,-8.52,grid,-8.523,-5.038,-0.32,-0.0,-2.329,-17.31,-4.123,0.6484,0.0,-27.72,-21.44,5.797
CC(c1ccccc1)(c1ccc(O)cc1)c1ccc(O)cc1,BPA_CID623849__prepared_state_033,34,Done,,3.307,-8.049,grid,-8.053,-5.004,-0.054,-0.0,-2.329,-18.72,-2.52,0.6484,0.0,-27.54,-21.24,4.751
CC(c1ccccc1)(c1ccc(O)cc1)c1ccc(O)cc1,BPA_CID623849__prepared_state_033,34,Done,,3.307,-3.083,grid,-3.087,-0.3273,-0.3669,-0.0,-1.429,-17.26,-4.993,0.6484,0.0,-24.61,-22.26,1.937
CC(c1ccccc1)(c1ccc(O)cc1)c1ccc(O)cc1,BPA_CID623849__prepared_state_033,34,Done,,3.307,-7.597,grid,-7.601,-4.51,-0.3803,-0.0,-2.329,-18.75,-0.6093,0.6484,0.0,-24.32,-19.36,6.451
CC(c1ccccc1)(c1ccc(O)cc1)c1ccc(O)cc1,BPA_CID623849__prepared_state_033,34,Done,,3.307,-2.932,grid,-2.936,-1.006,0.0,-0.0,-1.429,-20.84,-0.7087,0.6484,0.0,-24.04,-21.55,1.343
CC(c1ccccc1)(c1ccc(O)cc1)c1ccc(O)cc1,BPA_CID623849__prepared_state_033,34,Done,,3.307,-8.603,grid,-8.607,-4.801,-0.198,-0.0,-2.329,-17.27,-5.788,0.4539,0.0,-23.43,-23.06,17.8
CC(c1ccccc1)(c1ccc(O)cc1)c1ccc(O)cc1,BPA_CID623849__prepared_state_033,34,Done,,3.307,-2.762,grid,-2.766,-0.5112,-0.32,-0.0,-1.429,-18.4,-1.559,0.6484,0.0,-22.32,-19.96,1.227
CC(c1ccccc1)(c1ccc(O)cc1)c1ccc(O)cc1,BPA_CID623849__prepared_state_033,34,Done,,3.307,-7.771,grid,-7.775,-4.474,-0.1996,-0.0,-2.329,-10.81,-4.567,0.4539,0.0,-21.45,-15.38,4.609
CC(c1ccccc1)(c1ccc(O)cc1)c1ccc(O)cc1,BPA_CID623849__prepared_state_033,34,Done,,3.307,-8.11,grid,-8.114,-4.636,-0.3281,-0.0,-2.329,-10.81,-4.891,0.4539,0.0,-21.38,-15.7,6.11
CC(c1ccccc1)(c1ccc(O)cc1)c1ccc(O)cc1,BPA_CID623849__prepared_state_033,34,Done,,3.307,-7.053,grid,-7.057,-4.523,0.0,-0.0,-2.329,-16.11,-0.32,0.6484,0.0,-20.12,-16.43,7.822
CC(c1ccccc1)(c1ccc(O)cc1)c1ccc(O)cc1,BPA_CID623849__prepared_state_033,34,Done,,3.307,-7.881,grid,-7.885,-4.277,-0.3008,-0.0,-2.329,-5.828,-7.602,0.4539,0.0,-19.68,-13.43,4.481
CC(C)(c1ccc(O)cc1)c1ccc(C(C)(C)c2ccc(O)cc2)cc1,BPA_CID630355__prepared_state_034,35,Done,,2.502,-3.126,grid,-3.128,-1.089,0.0,-0.0,-1.047,-23.86,-2.882,0.6335,0.0,-29.42,-26.75,3.337
CC(C)(c1ccc(O)cc1)c1ccc(C(C)(C)c2ccc(O)cc2)cc1,BPA_CID630355__prepared_state_034,35,Done,,2.502,-2.746,grid,-2.748,-0.3509,-0.16,-0.0,-1.047,-23.13,-4.446,0.6335,0.0,-28.54,-27.58,5.712
CC(C)(c1ccc(O)cc1)c1ccc(C(C)(C)c2ccc(O)cc2)cc1,BPA_CID630355__prepared_state_034,35,Done,,2.502,-2.572,grid,-2.574,-0.507,-0.16,-0.0,-1.047,-23.03,-2.277,0.6335,0.0,-28.41,-25.31,0.9516
CC(C)(c1ccc(O)cc1)c1ccc(C(C)(C)c2ccc(O)cc2)cc1,BPA_CID630355__prepared_state_034,35,Done,,2.502,-3.428,grid,-3.43,-0.6751,-0.5178,-0.0,-1.047,-18.18,-6.098,0.6335,0.0,-27.48,-24.28,3.13
CC(C)(c1ccc(O)cc1)c1ccc(C(C)(C)c2ccc(O)cc2)cc1,BPA_CID630355__prepared_state_034,35,Done,,2.502,-2.353,grid,-2.355,-0.7849,0.0,-0.0,-1.047,-21.75,-0.4624,0.6335,0.0,-23.88,-22.21,3.203
CC(C)(c1ccc(O)cc1)c1ccc(C(C)(C)c2ccc(O)cc2)cc1,BPA_CID630355__prepared_state_034,35,Done,,2.502,-2.748,grid,-2.75,-0.43,-0.32,-0.0,-1.047,-17.19,-4.847,0.6335,0.0,-23.7,-22.04,4.329
CC(C)(c1ccc(O)cc1)c1ccc(C(C)(C)c2ccc(O)cc2)cc1,BPA_CID630355__prepared_state_034,35,Done,,2.502,-2.11,grid,-2.112,-0.2965,-0.16,-0.0,-1.047,-17.52,-2.443,0.6335,0.0,-21.19,-19.96,3.423
CC(C)(c1ccc(O)cc1)c1ccc(C(C)(C)c2ccc(O)cc2)cc1,BPA_CID630355__prepared_state_034,35,Done,,2.502,-1.98,grid,-1.982,-0.5867,0.0,-0.0,-1.047,-20.17,0.1763,0.6335,0.0,-20.72,-20.0,4.052
CC(C)(c1ccc(O)cc1)c1ccc(C(C)(C)c2ccc(O)cc2)cc1,BPA_CID630355__prepared_state_034,35,Done,,2.502,-1.975,grid,-1.977,-1.928e-05,-0.32,-0.0,-1.047,-10.16,-4.903,0.6335,0.0,-16.7,-15.06,2.213
CC(C)(c1ccc(O)cc1)c1ccc(C(C)(C)c2ccc(O)cc2)cc1,BPA_CID630355__prepared_state_034,35,Done,,2.502,-1.538,grid,-1.54,-0.3177,0.0,-0.0,-1.047,-14.14,-0.6813,0.6335,0.0,-16.39,-14.82,1.153
CC(C)(c1ccc(O)cc1)c1ccc(C(C)(C)c2ccc(O)cc2)cc1,BPA_CID630355__prepared_state_034,35,Done,,2.502,-0.7653,grid,-0.7671,0.0,0.0,-0.0,-1.047,-8.331,0.4177,0.6335,0.0,-6.319,-7.913,5.319
C=CCc1cc(S(=O)(=O)c2ccc(O)c(CC=C)c2)ccc1O,BPA_CID833466__prepared_state_035,36,Done,,5.238,-8.855,grid,-8.914,-4.807,-0.2007,-0.0,-2.472,-37.77,-3.865,1.034,0.0,-52.94,-41.63,2.34
C=CCc1cc(S(=O)(=O)c2ccc(O)c(CC=C)c2)ccc1O,BPA_CID833466__prepared_state_035,36,Done,,5.238,-7.669,grid,-7.728,-3.45,-0.456,-0.0,-2.219,-27.0,-8.579,1.034,0.0,-45.16,-35.58,2.472
C=CCc1cc(S(=O)(=O)c2ccc(O)c(CC=C)c2)ccc1O,BPA_CID833466__prepared_state_035,36,Done,,5.238,-8.294,grid,-8.352,-4.291,-0.3907,-0.0,-2.371,-28.15,-6.174,1.034,0.0,-44.77,-34.32,2.497
C=CCc1cc(S(=O)(=O)c2ccc(O)c(CC=C)c2)ccc1O,BPA_CID833466__prepared_state_035,36,Done,,5.238,-8.197,grid,-8.256,-4.474,-0.32,-0.0,-2.283,-27.35,-5.637,1.034,0.0,-43.06,-32.99,2.98
C=CCc1cc(S(=O)(=O)c2ccc(O)c(CC=C)c2)ccc1O,BPA_CID833466__prepared_state_035,36,Done,,5.238,-8.085,grid,-8.144,-4.26,-0.32,-0.0,-2.341,-27.79,-5.775,1.034,0.0,-42.92,-33.57,4.091
C=CCc1cc(S(=O)(=O)c2ccc(O)c(CC=C)c2)ccc1O,BPA_CID833466__prepared_state_035,36,Done,,5.238,-8.276,grid,-8.335,-4.363,-0.32,-0.0,-2.372,-27.08,-6.399,1.034,0.0,-42.4,-33.48,5.485
C=CCc1cc(S(=O)(=O)c2ccc(O)c(CC=C)c2)ccc1O,BPA_CID833466__prepared_state_035,36,Done,,5.238,-7.772,grid,-7.831,-4.081,-0.336,-0.0,-2.383,-26.85,-4.818,1.034,0.0,-42.02,-31.67,1.221
C=CCc1cc(S(=O)(=O)c2ccc(O)c(CC=C)c2)ccc1O,BPA_CID833466__prepared_state_035,36,Done,,5.238,-7.734,grid,-7.793,-4.352,-0.2856,-0.0,-2.435,-29.46,-1.872,1.034,0.0,-40.57,-31.33,3.342
C=CCc1cc(S(=O)(=O)c2ccc(O)c(CC=C)c2)ccc1O,BPA_CID833466__prepared_state_035,36,Done,,5.238,-7.722,grid,-7.781,-4.575,-0.1311,-0.0,-2.173,-26.34,-4.118,1.034,0.0,-40.45,-30.46,1.808
C=CCc1cc(S(=O)(=O)c2ccc(O)c(CC=C)c2)ccc1O,BPA_CID833466__prepared_state_035,36,Done,,5.238,-7.317,grid,-7.376,-4.687,0.0,-0.0,-2.392,-30.45,1.282,1.034,0.0,-38.29,-29.17,2.419
C=CCc1cc(S(=O)(=O)c2ccc(O)c(CC=C)c2)ccc1O,BPA_CID833466__prepared_state_035,36,Done,,5.238,-7.816,grid,-7.875,-4.283,-0.32,-0.0,-2.372,-25.43,-4.412,1.034,0.0,-37.66,-29.84,6.418
C=CCc1cc(S(=O)(=O)c2ccc(O)c(CC=C)c2)ccc1O,BPA_CID833466__prepared_state_035,36,Done,,5.238,-7.255,grid,-7.314,-4.425,-0.2149,-0.0,-2.316,-25.44,-0.7942,1.034,0.0,-35.85,-26.23,1.233
C=CCc1cc(S(=O)(=O)c2ccc(O)c(CC=C)c2)ccc1O,BPA_CID833466__prepared_state_035,36,Done,,5.238,-7.031,grid,-7.09,-4.566,0.0,-0.0,-2.27,-27.8,0.6821,1.034,0.0,-35.32,-27.12,3.432
C=CCc1cc(S(=O)(=O)c2ccc(O)c(CC=C)c2)ccc1O,BPA_CID833466__prepared_state_035,36,Done,,5.238,-6.576,grid,-6.635,-4.14,0.0,-0.0,-2.326,-26.53,0.8214,1.034,0.0,-33.94,-25.71,2.124
C=CCc1cc(S(=O)(=O)c2ccc(O)c(CC=C)c2)ccc1O,BPA_CID833466__prepared_state_035,36,Done,,5.238,-7.632,grid,-7.691,-4.073,-0.32,-0.0,-2.433,-19.12,-6.284,1.034,0.0,-33.82,-25.4,4.692
C=CCc1cc(S(=O)(=O)c2ccc(O)c(CC=C)c2)ccc1O,BPA_CID833466__prepared_state_035,36,Done,,5.238,-6.989,grid,-7.048,-4.171,0.0,-0.0,-2.337,-22.6,-2.953,1.034,0.0,-33.2,-25.56,4.447
C=CCc1cc(S(=O)(=O)c2ccc(O)c(CC=C)c2)ccc1O,BPA_CID833466__prepared_state_035,36,Done,,5.238,-6.767,grid,-6.826,-4.425,0.0,-0.0,-2.297,-26.08,1.105,1.034,0.0,-33.19,-24.98,2.699
C=CCc1cc(S(=O)(=O)c2ccc(O)c(CC=C)c2)ccc1O,BPA_CID833466__prepared_state_035,36,Done,,5.238,-7.337,grid,-7.396,-4.518,-0.1448,-0.0,-2.331,-21.75,-2.323,1.034,0.0,-32.93,-24.07,2.989
C=CCc1cc(S(=O)(=O)c2ccc(O)c(CC=C)c2)ccc1O,BPA_CID833466__prepared_state_035,36,Done,,5.238,-6.592,grid,-6.65,-4.125,0.0,-0.0,-2.425,-27.16,1.492,1.034,0.0,-32.79,-25.67,4.373
C=CCc1cc(S(=O)(=O)c2ccc(O)c(CC=C)c2)ccc1O,BPA_CID833466__prepared_state_035,36,Done,,5.238,-2.785,grid,-2.844,-1.077,0.0,-0.0,-1.412,-26.93,-0.2876,1.034,0.0,-30.58,-27.22,1.245
C=CCOc1ccc(S(=O)(=O)c2ccc(O)cc2)cc1,BPA_CID2054598__prepared_state_036,37,Done,,5.497,-7.217,grid,-7.394,-3.589,-0.16,-0.0,-2.344,-31.14,-3.34,0.7566,0.0,-49.55,-34.48,5.002
C=CCOc1ccc(S(=O)(=O)c2ccc(O)cc2)cc1,BPA_CID2054598__prepared_state_036,37,Done,,5.497,-7.268,grid,-7.445,-3.627,-0.16,-0.0,-2.298,-32.09,-3.417,0.7566,0.0,-49.46,-35.5,7.464
C=CCOc1ccc(S(=O)(=O)c2ccc(O)cc2)cc1,BPA_CID2054598__prepared_state_036,37,Done,,5.497,-6.009,grid,-6.187,-3.591,-0.16,-0.0,-1.096,-33.23,-5.059,1.081,0.0,-49.1,-38.29,7.772
C=CCOc1ccc(S(=O)(=O)c2ccc(O)cc2)cc1,BPA_CID2054598__prepared_state_036,37,Done,,5.497,-5.906,grid,-6.084,-3.565,-0.16,-0.0,-1.031,-33.13,-5.02,1.081,0.0,-48.84,-38.15,7.512
C=CCOc1ccc(S(=O)(=O)c2ccc(O)cc2)cc1,BPA_CID2054598__prepared_state_036,37,Done,,5.497,-6.723,grid,-6.9,-3.965,0.0,-0.0,-2.215,-33.87,-0.7172,1.081,0.0,-48.35,-34.58,5.247
C=CCOc1ccc(S(=O)(=O)c2ccc(O)cc2)cc1,BPA_CID2054598__prepared_state_036,37,Done,,5.497,-6.454,grid,-6.631,-3.586,0.0,-0.0,-2.087,-33.64,-2.383,1.081,0.0,-48.2,-36.02,7.154
C=CCOc1ccc(S(=O)(=O)c2ccc(O)cc2)cc1,BPA_CID2054598__prepared_state_036,37,Done,,5.497,-6.592,grid,-6.769,-3.653,0.0,-0.0,-2.246,-32.09,-2.308,1.081,0.0,-48.1,-34.4,4.764
C=CCOc1ccc(S(=O)(=O)c2ccc(O)cc2)cc1,BPA_CID2054598__prepared_state_036,37,Done,,5.497,-6.607,grid,-6.785,-3.675,0.0,-0.0,-2.243,-31.39,-2.521,1.081,0.0,-47.68,-33.91,4.699
C=CCOc1ccc(S(=O)(=O)c2ccc(O)cc2)cc1,BPA_CID2054598__prepared_state_036,37,Done,,5.497,-5.508,grid,-5.686,-3.619,-0.32,-0.0,-0.5206,-30.07,-5.359,1.081,0.0,-47.3,-35.43,3.265
C=CCOc1ccc(S(=O)(=O)c2ccc(O)cc2)cc1,BPA_CID2054598__prepared_state_036,37,Done,,5.497,-5.571,grid,-5.749,-3.849,0.0,-0.0,-1.101,-35.72,-0.6267,1.081,0.0,-47.16,-36.35,5.699
C=CCOc1ccc(S(=O)(=O)c2ccc(O)cc2)cc1,BPA_CID2054598__prepared_state_036,37,Done,,5.497,-5.641,grid,-5.818,-3.833,0.0,-0.0,-1.189,-35.98,-0.52,1.081,0.0,-46.36,-36.5,7.928
C=CCOc1ccc(S(=O)(=O)c2ccc(O)cc2)cc1,BPA_CID2054598__prepared_state_036,37,Done,,5.497,-5.82,grid,-5.998,-3.937,-0.32,-0.0,-0.5426,-31.68,-4.635,1.081,0.0,-46.05,-36.32,9.035
C=CCOc1ccc(S(=O)(=O)c2ccc(O)cc2)cc1,BPA_CID2054598__prepared_state_036,37,Done,,5.497,-5.656,grid,-5.833,-3.864,0.0,-0.0,-1.178,-33.79,-1.216,1.081,0.0,-45.36,-35.01,7.005
C=CCOc1ccc(S(=O)(=O)c2ccc(O)cc2)cc1,BPA_CID2054598__prepared_state_036,37,Done,,5.497,-5.317,grid,-5.494,-3.521,-0.32,-0.0,-0.4755,-28.61,-5.52,1.081,0.0,-44.96,-34.13,4.452
C=CCOc1ccc(S(=O)(=O)c2ccc(O)cc2)cc1,BPA_CID2054598__prepared_state_036,37,Done,,5.497,-6.323,grid,-6.5,-3.571,0.0,-0.0,-2.348,-31.06,-0.7262,1.081,0.0,-44.81,-31.79,4.843
C=CCOc1ccc(S(=O)(=O)c2ccc(O)cc2)cc1,BPA_CID2054598__prepared_state_036,37,Done,,5.497,-6.872,grid,-7.049,-3.845,-0.32,-0.0,-2.182,-29.32,-2.116,1.081,0.0,-44.76,-31.43,6.847
C=CCOc1ccc(S(=O)(=O)c2ccc(O)cc2)cc1,BPA_CID2054598__prepared_state_036,37,Done,,5.497,-5.313,grid,-5.49,-3.805,-0.16,-0.0,-0.4382,-33.94,-3.141,1.081,0.0,-42.75,-37.08,14.75
C=CCOc1ccc(S(=O)(=O)c2ccc(O)cc2)cc1,BPA_CID2054598__prepared_state_036,37,Done,,5.497,-6.091,grid,-6.268,-3.792,-0.1537,-0.0,-1.325,-28.27,-4.432,1.081,0.0,-42.47,-32.71,10.25
C=CCOc1ccc(S(=O)(=O)c2ccc(O)cc2)cc1,BPA_CID2054598__prepared_state_036,37,Done,,5.497,-5.824,grid,-6.001,-3.668,0.0,-0.0,-1.769,-27.97,-1.635,1.081,0.0,-42.05,-29.61,3.631
C=CCOc1ccc(S(=O)(=O)c2ccc(O)cc2)cc1,BPA_CID2054598__prepared_state_036,37,Done,,5.497,-5.951,grid,-6.128,-4.022,0.0,-0.0,-1.574,-30.82,-0.4837,1.081,0.0,-41.34,-31.31,9.046
C=CCOc1ccc(S(=O)(=O)c2ccc([O-])cc2)cc1,BPA_CID2054598__prepared_state_037,38,Done,,3.555,-5.812,grid,-6.613,-3.917,0.0,-0.0,-2.097,-33.96,0.07302,1.087,0.0,-41.44,-33.88,6.588
C=CCOc1ccc(S(=O)(=O)c2ccc([O-])cc2)cc1,BPA_CID2054598__prepared_state_037,38,Done,,3.555,-4.96,grid,-5.761,-3.92,0.0,-0.0,-1.266,-33.03,-0.07288,1.087,0.0,-40.04,-33.11,5.031
C=CCOc1ccc(S(=O)(=O)c2ccc([O-])cc2)cc1,BPA_CID2054598__prepared_state_037,38,Done,,3.555,-4.48,grid,-5.281,-3.69,0.0,-0.0,-1.037,-33.02,0.05731,1.087,0.0,-38.97,-32.96,5.295
C=CCOc1ccc(S(=O)(=O)c2ccc([O-])cc2)cc1,BPA_CID2054598__prepared_state_037,38,Done,,3.555,-5.608,grid,-6.408,-3.638,0.0,-0.0,-2.334,-30.82,0.1124,1.087,0.0,-38.85,-30.7,4.722
C=CCOc1ccc(S(=O)(=O)c2ccc([O-])cc2)cc1,BPA_CID2054598__prepared_state_037,38,Done,,3.555,-5.503,grid,-6.304,-3.886,0.0,-0.0,-1.982,-32.61,0.714,1.087,0.0,-38.29,-31.89,7.888
C=CCOc1ccc(S(=O)(=O)c2ccc([O-])cc2)cc1,BPA_CID2054598__prepared_state_037,38,Done,,3.555,-4.109,grid,-4.91,-3.756,0.0,-0.0,-0.6119,-31.91,-0.2286,1.087,0.0,-37.95,-32.14,4.485
C=CCOc1ccc(S(=O)(=O)c2ccc([O-])cc2)cc1,BPA_CID2054598__prepared_state_037,38,Done,,3.555,-5.365,grid,-6.165,-3.556,0.0,-0.0,-2.216,-29.17,-0.1549,1.087,0.0,-37.93,-29.32,3.001
C=CCOc1ccc(S(=O)(=O)c2ccc([O-])cc2)cc1,BPA_CID2054598__prepared_state_037,38,Done,,3.555,-4.953,grid,-5.754,-3.843,0.0,-0.0,-1.446,-29.54,-0.4984,1.087,0.0,-37.56,-30.04,3.832
C=CCOc1ccc(S(=O)(=O)c2ccc([O-])cc2)cc1,BPA_CID2054598__prepared_state_037,38,Done,,3.555,-5.268,grid,-6.069,-3.614,0.0,-0.0,-1.892,-26.77,-2.082,1.087,0.0,-37.05,-28.85,3.51
C=CCOc1ccc(S(=O)(=O)c2ccc([O-])cc2)cc1,BPA_CID2054598__prepared_state_037,38,Done,,3.555,-5.6,grid,-6.401,-4.056,0.0,-0.0,-1.993,-30.98,0.7334,1.087,0.0,-36.02,-30.25,9.453
C=CCOc1ccc(S(=O)(=O)c2ccc([O-])cc2)cc1,BPA_CID2054598__prepared_state_037,38,Done,,3.555,-5.712,grid,-6.513,-3.759,0.0,-0.0,-2.39,-25.11,-1.304,1.087,0.0,-35.27,-26.41,3.657
C=CCOc1ccc(S(=O)(=O)c2ccc([O-])cc2)cc1,BPA_CID2054598__prepared_state_037,38,Done,,3.555,-5.648,grid,-6.448,-3.894,0.0,-0.0,-2.186,-29.1,-0.004242,1.087,0.0,-33.49,-29.11,12.39
C=CCOc1ccc(S(=O)(=O)c2ccc([O-])cc2)cc1,BPA_CID2054598__prepared_state_037,38,Done,,3.555,-3.648,grid,-4.449,-3.59,-0.0001132,-0.0,-0.7371,-29.15,1.654,1.087,0.0,-32.65,-27.5,4.296
C=CCOc1ccc(S(=O)(=O)c2ccc([O-])cc2)cc1,BPA_CID2054598__prepared_state_037,38,Done,,3.555,-4.098,grid,-4.899,-3.334,-0.1162,-0.0,-1.358,-27.98,1.477,1.087,0.0,-29.74,-26.51,9.604
C=CCOc1ccc(S(=O)(=O)c2ccc([O-])cc2)cc1,BPA_CID2054598__prepared_state_037,38,Done,,3.555,-2.788,grid,-3.589,-3.055,0.0,-0.0,-0.3401,-26.16,0.1765,1.087,0.0,-29.49,-25.99,4.756
C=CCOc1ccc(S(=O)(=O)c2ccc([O-])cc2)cc1,BPA_CID2054598__prepared_state_037,38,Done,,3.555,-4.118,grid,-4.919,-2.935,-0.03639,-0.0,-2.063,-22.79,1.112,1.087,0.0,-27.54,-21.68,4.415
C=CCOc1ccc(S(=O)(=O)c2ccc([O-])cc2)cc1,BPA_CID2054598__prepared_state_037,38,Done,,3.555,-2.922,grid,-3.723,-3.018,-0.02148,-0.0,-0.6352,-26.05,1.111,1.087,0.0,-27.0,-24.94,8.092
C=CCOc1ccc(S(=O)(=O)c2ccc([O-])cc2)cc1,BPA_CID2054598__prepared_state_037,38,Done,,3.555,-4.362,grid,-5.163,-3.27,0.0,-0.0,-2.027,-20.96,0.6299,1.087,0.0,-26.33,-20.33,4.939
C=CCOc1ccc(S(=O)(=O)c2ccc([O-])cc2)cc1,BPA_CID2054598__prepared_state_037,38,Done,,3.555,-3.841,grid,-4.642,-3.194,-0.01607,-0.0,-1.67,-20.38,1.133,1.087,0.0,-25.3,-19.25,3.131
C=CCOc1ccc(S(=O)(=O)c2ccc([O-])cc2)cc1,BPA_CID2054598__prepared_state_037,38,Done,,3.555,-4.339,grid,-5.14,-3.023,-0.03632,-0.0,-2.439,-17.8,1.082,1.087,0.0,-22.07,-16.72,6.162
Oc1ccc(SCCOCOCCSc2ccc(O)cc2)cc1,BPA_CID3086375__prepared_state_038,39,Done,,12.81,-8.002,grid,-8.009,-4.214,-0.2814,-0.0,-1.946,-42.25,-3.536,1.075,0.0,-65.11,-45.79,14.15
Oc1ccc(SCCOCOCCSc2ccc(O)cc2)cc1,BPA_CID3086375__prepared_state_038,39,Done,,12.81,-8.097,grid,-8.104,-4.682,-0.16,-0.0,-2.157,-39.4,-4.471,1.536,0.0,-63.56,-43.87,14.05
Oc1ccc(SCCOCOCCSc2ccc(O)cc2)cc1,BPA_CID3086375__prepared_state_038,39,Done,,12.81,-8.341,grid,-8.348,-4.635,-0.3062,-0.0,-2.097,-38.12,-3.195,1.075,0.0,-62.13,-41.32,13.41
Oc1ccc(SCCOCOCCSc2ccc(O)cc2)cc1,BPA_CID3086375__prepared_state_038,39,Done,,12.81,-7.804,grid,-7.81,-4.717,-0.2823,-0.0,-2.056,-37.03,-2.925,1.536,0.0,-60.36,-39.96,10.69
Oc1ccc(SCCOCOCCSc2ccc(O)cc2)cc1,BPA_CID3086375__prepared_state_038,39,Done,,12.81,-7.337,grid,-7.343,-4.944,-0.0853,-0.0,-2.014,-41.06,1.446,1.536,0.0,-59.04,-39.61,9.566
Oc1ccc(SCCOCOCCSc2ccc(O)cc2)cc1,BPA_CID3086375__prepared_state_038,39,Done,,12.81,-7.7,grid,-7.706,-4.503,-0.1938,-0.0,-1.869,-33.1,-3.731,1.075,0.0,-58.28,-36.83,7.912
Oc1ccc(SCCOCOCCSc2ccc(O)cc2)cc1,BPA_CID3086375__prepared_state_038,39,Done,,12.81,-7.107,grid,-7.114,-4.689,0.0,-0.0,-2.028,-38.89,0.0796,1.536,0.0,-58.02,-38.81,8.505
Oc1ccc(SCCOCOCCSc2ccc(O)cc2)cc1,BPA_CID3086375__prepared_state_038,39,Done,,12.81,-7.436,grid,-7.442,-4.608,-0.32,-0.0,-1.974,-35.03,-2.166,1.536,0.0,-57.73,-37.19,7.997
Oc1ccc(SCCOCOCCSc2ccc(O)cc2)cc1,BPA_CID3086375__prepared_state_038,39,Done,,12.81,-7.936,grid,-7.943,-4.256,-0.3199,-0.0,-2.274,-27.64,-5.245,1.075,0.0,-57.2,-32.89,3.74
Oc1ccc(SCCOCOCCSc2ccc(O)cc2)cc1,BPA_CID3086375__prepared_state_038,39,Done,,12.81,-7.539,grid,-7.545,-4.439,-0.3719,-0.0,-2.141,-36.15,-2.15,1.536,0.0,-55.35,-38.3,15.65
Oc1ccc(SCCOCOCCSc2ccc(O)cc2)cc1,BPA_CID3086375__prepared_state_038,39,Done,,12.81,-7.565,grid,-7.572,-4.01,-0.2852,-0.0,-2.012,-34.85,-3.982,1.075,0.0,-55.32,-38.84,16.96
Oc1ccc(SCCOCOCCSc2ccc(O)cc2)cc1,BPA_CID3086375__prepared_state_038,39,Done,,12.81,-7.349,grid,-7.355,-4.278,-0.16,-0.0,-1.734,-32.24,-4.307,1.075,0.0,-54.73,-36.55,12.14
Oc1ccc(SCCOCOCCSc2ccc(O)cc2)cc1,BPA_CID3086375__prepared_state_038,39,Done,,12.81,-6.911,grid,-6.918,-4.432,-0.0379,-0.0,-2.156,-34.51,-0.6785,1.536,0.0,-54.38,-35.19,7.217
Oc1ccc(SCCOCOCCSc2ccc(O)cc2)cc1,BPA_CID3086375__prepared_state_038,39,Done,,12.81,-6.899,grid,-6.905,-4.617,0.0,-0.0,-2.041,-34.92,-0.2511,1.536,0.0,-54.12,-35.17,7.636
Oc1ccc(SCCOCOCCSc2ccc(O)cc2)cc1,BPA_CID3086375__prepared_state_038,39,Done,,12.81,-7.62,grid,-7.627,-4.194,-0.32,-0.0,-2.171,-24.59,-5.247,1.075,0.0,-53.48,-29.84,3.001
Oc1ccc(SCCOCOCCSc2ccc(O)cc2)cc1,BPA_CID3086375__prepared_state_038,39,Done,,12.81,-7.802,grid,-7.808,-4.544,-0.6281,-0.0,-2.027,-24.32,-6.199,1.536,0.0,-51.92,-30.52,8.684
Oc1ccc(SCCOCOCCSc2ccc(O)cc2)cc1,BPA_CID3086375__prepared_state_038,39,Done,,12.81,-8.021,grid,-8.027,-4.84,-0.3964,-0.0,-2.185,-22.93,-6.631,1.536,0.0,-51.56,-29.57,8.933
Oc1ccc(SCCOCOCCSc2ccc(O)cc2)cc1,BPA_CID3086375__prepared_state_038,39,Done,,12.81,-7.484,grid,-7.49,-4.186,-0.32,-0.0,-2.18,-25.27,-4.105,1.075,0.0,-51.01,-29.38,6.134
Oc1ccc(SCCOCOCCSc2ccc(O)cc2)cc1,BPA_CID3086375__prepared_state_038,39,Done,,12.81,-7.286,grid,-7.292,-4.568,-0.32,-0.0,-1.96,-33.68,-1.983,1.536,0.0,-50.94,-35.66,17.52
Oc1ccc(SCCOCOCCSc2ccc(O)cc2)cc1,BPA_CID3086375__prepared_state_038,39,Done,,12.81,-7.313,grid,-7.319,-4.137,-0.2714,-0.0,-2.047,-26.66,-4.044,1.075,0.0,-50.59,-30.7,8.491
Cc1ccc(S(=O)(=O)[N-]C(=O)Nc2ccc(Cc3ccc(NC(=O)[N-]S(=O)(=O)c4ccc(C)cc4)cc3)cc2)cc1,BPA_CID3596056__prepared_state_039,40,Done,,5.794,-2.743,grid,-2.744,-0.9781,-0.4794,-0.0,1.046,-35.92,-7.035,0.6117,-0.093,-39.59,-42.95,11.84
Cc1ccc(S(=O)(=O)[N-]C(=O)Nc2ccc(Cc3ccc(NC(=O)[N-]S(=O)(=O)c4ccc(C)cc4)cc3)cc2)cc1,BPA_CID3596056__prepared_state_039,40,Done,,5.794,-2.451,grid,-2.452,-0.8613,-0.2196,-0.0,0.5825,-36.47,-4.374,0.6117,-0.08554,-39.58,-40.84,7.098
Cc1ccc(S(=O)(=O)[N-]C(=O)Nc2ccc(Cc3ccc(NC(=O)[N-]S(=O)(=O)c4ccc(C)cc4)cc3)cc2)cc1,BPA_CID3596056__prepared_state_039,40,Done,,5.794,-0.3733,grid,-0.3741,-1.685,0.0,-0.0,3.047,-37.8,-2.938,0.6117,-0.01717,-36.48,-40.74,9.22
Cc1ccc(S(=O)(=O)[N-]C(=O)Nc2ccc(Cc3ccc(NC(=O)[N-]S(=O)(=O)c4ccc(C)cc4)cc3)cc2)cc1,BPA_CID3596056__prepared_state_039,40,Done,,5.794,-1.523,grid,-1.524,-0.5724,0.0,-0.0,0.5839,-31.27,-3.451,0.6117,-0.06573,-31.96,-34.73,8.366
Cc1ccc(S(=O)(=O)[N-]C(=O)Nc2ccc(Cc3ccc(NC(=O)[N-]S(=O)(=O)c4ccc(C)cc4)cc3)cc2)cc1,BPA_CID3596056__prepared_state_039,40,Done,,5.794,2.557,grid,2.557,-0.6946,0.0,-0.0,3.29,-18.65,1.998,0.6117,-0.01821,-8.042,-16.65,12.45
CC(C)(c1ccc(OP(=O)(Oc2ccccc2)Oc2ccccc2)cc1)c1ccc(OP(=O)(Oc2ccccc2)Oc2ccccc2)cc1,BPA_CID9874825__prepared_state_040,41,Done,,13.36,-4.706,grid,-4.706,-2.078,-0.08435,-0.0,0.0,-41.51,-4.864,0.2743,-0.01279,-53.11,-46.38,7.701
CC(C)(c1ccc(OP(=O)(Oc2ccccc2)Oc2ccccc2)cc1)c1ccc(OP(=O)(Oc2ccccc2)Oc2ccccc2)cc1,BPA_CID9874825__prepared_state_040,41,Done,,13.36,-3.039,grid,-3.039,-1.148,0.0,-0.0,0.0,-36.83,-2.156,0.2743,0.0,-41.78,-38.98,8.071
CC(C)(c1ccc(OP(=O)(Oc2ccccc2)Oc2ccccc2)cc1)c1ccc(OP(=O)(Oc2ccccc2)Oc2ccccc2)cc1,BPA_CID9874825__prepared_state_040,41,Done,,13.36,-3.647,grid,-3.647,-1.895,0.0,-0.0,0.0,-36.72,-1.267,0.2743,0.0,-41.18,-37.99,10.01
CC(C)(c1ccc(OP(=O)(Oc2ccccc2)Oc2ccccc2)cc1)c1ccc(OP(=O)(Oc2ccccc2)Oc2ccccc2)cc1,BPA_CID9874825__prepared_state_040,41,Done,,13.36,-2.659,grid,-2.659,-0.7732,-0.0779,-0.0,0.0,-35.86,-1.931,0.2743,0.0,-39.62,-37.79,8.283
CC(C)(c1ccc(OP(=O)(Oc2ccccc2)Oc2ccccc2)cc1)c1ccc(OP(=O)(Oc2ccccc2)Oc2ccccc2)cc1,BPA_CID9874825__prepared_state_040,41,Done,,13.36,-3.093,grid,-3.093,-1.301,0.0,-0.0,0.0,-31.73,-3.198,0.2743,0.0,-37.48,-34.93,8.821
CC(C)(c1ccc(OP(=O)(Oc2ccccc2)Oc2ccccc2)cc1)c1ccc(OP(=O)(Oc2ccccc2)Oc2ccccc2)cc1,BPA_CID9874825__prepared_state_040,41,Done,,13.36,-3.088,grid,-3.088,-1.263,0.0,-0.0,0.0,-34.57,-2.477,0.2743,0.0,-36.99,-37.04,14.0
CC(C)(c1ccc(OP(=O)(Oc2ccccc2)Oc2ccccc2)cc1)c1ccc(OP(=O)(Oc2ccccc2)Oc2ccccc2)cc1,BPA_CID9874825__prepared_state_040,41,Done,,13.36,-2.579,grid,-2.579,-0.9132,0.0,-0.0,0.0,-35.21,-1.194,0.2743,0.0,-36.44,-36.41,11.54
CC(C)(c1ccc(OP(=O)(Oc2ccccc2)Oc2ccccc2)cc1)c1ccc(OP(=O)(Oc2ccccc2)Oc2ccccc2)cc1,BPA_CID9874825__prepared_state_040,41,Done,,13.36,-2.125,grid,-2.125,-0.6336,0.0,-0.0,0.0,-29.52,-1.931,0.2743,0.0,-31.41,-31.45,9.626
CC(C)(c1ccc(OP(=O)(Oc2ccccc2)Oc2ccccc2)cc1)c1ccc(OP(=O)(Oc2ccccc2)Oc2ccccc2)cc1,BPA_CID9874825__prepared_state_040,41,Done,,13.36,-1.532,grid,-1.532,-0.5003,0.0,-0.0,0.0,-25.93,-0.06383,0.2743,0.0,-24.14,-26.0,10.61
CC(C)Oc1ccc(S(=O)(=O)c2ccc(O)cc2)cc1,BPA_CID9904141__prepared_state_041,42,Done,,3.101,-5.511,grid,-5.688,-3.352,-0.32,-0.0,-0.2798,-29.25,-6.102,0.6408,0.0,-43.26,-35.35,8.597
CC(C)Oc1ccc(S(=O)(=O)c2ccc(O)cc2)cc1,BPA_CID9904141__prepared_state_041,42,Done,,3.101,-5.382,grid,-5.559,-3.664,-0.32,-0.0,-0.2056,-26.75,-4.481,0.6408,0.0,-39.85,-31.24,6.629
CC(C)Oc1ccc(S(=O)(=O)c2ccc(O)cc2)cc1,BPA_CID9904141__prepared_state_041,42,Done,,3.101,-6.209,grid,-6.386,-3.483,0.0,-0.0,-2.042,-25.39,-1.548,0.6408,0.0,-39.16,-26.94,2.978
CC(C)Oc1ccc(S(=O)(=O)c2ccc(O)cc2)cc1,BPA_CID9904141__prepared_state_041,42,Done,,3.101,-5.2,grid,-5.378,-2.295,-0.32,-0.0,-1.467,-21.01,-5.911,0.6408,0.0,-38.05,-26.92,0.8239
CC(C)Oc1ccc(S(=O)(=O)c2ccc(O)cc2)cc1,BPA_CID9904141__prepared_state_041,42,Done,,3.101,-6.44,grid,-6.618,-3.048,-0.311,-0.0,-2.137,-19.11,-5.376,0.6408,0.0,-37.71,-24.49,1.97
CC(C)Oc1ccc(S(=O)(=O)c2ccc(O)cc2)cc1,BPA_CID9904141__prepared_state_041,42,Done,,3.101,-5.332,grid,-5.51,-3.493,0.0,-0.0,-1.028,-30.78,-0.6051,0.6408,0.0,-37.08,-31.39,12.26
CC(C)Oc1ccc(S(=O)(=O)c2ccc(O)cc2)cc1,BPA_CID9904141__prepared_state_041,42,Done,,3.101,-5.033,grid,-5.21,-3.87,0.0,-0.0,-0.3401,-30.68,-0.7129,0.6408,0.0,-36.99,-31.39,11.16
CC(C)Oc1ccc(S(=O)(=O)c2ccc(O)cc2)cc1,BPA_CID9904141__prepared_state_041,42,Done,,3.101,-6.097,grid,-6.275,-3.478,0.0,-0.0,-2.096,-23.79,-1.011,0.6408,0.0,-36.09,-24.8,4.354
CC(C)Oc1ccc(S(=O)(=O)c2ccc(O)cc2)cc1,BPA_CID9904141__prepared_state_041,42,Done,,3.101,-4.978,grid,-5.156,-3.84,0.0,-0.0,-0.4532,-27.56,-0.8342,0.6408,0.0,-35.54,-28.4,7.849
CC(C)Oc1ccc(S(=O)(=O)c2ccc(O)cc2)cc1,BPA_CID9904141__prepared_state_041,42,Done,,3.101,-5.287,grid,-5.465,-3.461,-0.16,-0.0,-0.4038,-22.85,-6.252,0.6408,0.0,-35.42,-29.1,10.82
CC(C)Oc1ccc(S(=O)(=O)c2ccc(O)cc2)cc1,BPA_CID9904141__prepared_state_041,42,Done,,3.101,-5.888,grid,-6.065,-3.55,-0.32,-0.0,-1.064,-19.64,-5.268,0.6408,0.0,-34.07,-24.9,7.699
CC(C)Oc1ccc(S(=O)(=O)c2ccc(O)cc2)cc1,BPA_CID9904141__prepared_state_041,42,Done,,3.101,-6.423,grid,-6.6,-2.874,-0.32,-0.0,-2.279,-17.33,-6.011,0.6408,0.0,-34.0,-23.35,7.011
CC(C)Oc1ccc(S(=O)(=O)c2ccc(O)cc2)cc1,BPA_CID9904141__prepared_state_041,42,Done,,3.101,-3.342,grid,-3.519,-1.088,0.0,-0.0,-1.416,-22.35,-3.236,0.6408,-0.05361,-32.94,-25.58,0.394
CC(C)Oc1ccc(S(=O)(=O)c2ccc(O)cc2)cc1,BPA_CID9904141__prepared_state_041,42,Done,,3.101,-6.302,grid,-6.479,-2.832,-0.32,-0.0,-2.269,-15.94,-6.011,0.6408,0.0,-31.28,-21.95,9.151
CC(C)Oc1ccc(S(=O)(=O)c2ccc(O)cc2)cc1,BPA_CID9904141__prepared_state_041,42,Done,,3.101,-5.559,grid,-5.736,-3.118,0.0,-0.0,-2.128,-22.89,0.08701,0.6408,0.0,-30.51,-22.8,9.197
CC(C)Oc1ccc(S(=O)(=O)c2ccc(O)cc2)cc1,BPA_CID9904141__prepared_state_041,42,Done,,3.101,-5.704,grid,-5.881,-2.546,-0.32,-0.0,-2.196,-11.27,-5.98,0.6408,0.0,-28.03,-17.25,3.682
CC(C)Oc1ccc(S(=O)(=O)c2ccc(O)cc2)cc1,BPA_CID9904141__prepared_state_041,42,Done,,3.101,-5.968,grid,-6.146,-2.662,-0.1891,-0.0,-2.478,-11.72,-4.531,0.4485,0.0,-27.94,-16.25,2.984
CC(C)Oc1ccc(S(=O)(=O)c2ccc(O)cc2)cc1,BPA_CID9904141__prepared_state_041,42,Done,,3.101,-3.495,grid,-3.672,-1.822,0.0,-0.0,-1.425,-19.32,-0.6702,0.6408,0.0,-27.24,-19.99,1.242
CC(C)Oc1ccc(S(=O)(=O)c2ccc(O)cc2)cc1,BPA_CID9904141__prepared_state_041,42,Done,,3.101,-4.93,grid,-5.107,-2.532,-0.1895,-0.0,-1.444,-13.35,-4.82,0.4485,0.0,-26.35,-18.17,5.563
CC(C)Oc1ccc(S(=O)(=O)c2ccc(O)cc2)cc1,BPA_CID9904141__prepared_state_041,42,Done,,3.101,-5.02,grid,-5.198,-3.489,-0.16,-0.0,-0.5513,-16.06,-5.571,0.6408,0.0,-25.88,-21.63,13.82
CC(C)Oc1ccc(S(=O)(=O)c2ccc([O-])cc2)cc1,BPA_CID9904141__prepared_state_042,43,Done,,2.728,-4.609,grid,-5.41,-3.923,0.0,-0.0,-0.483,-32.06,-0.3071,0.6446,0.0,-34.66,-32.37,5.773
CC(C)Oc1ccc(S(=O)(=O)c2ccc([O-])cc2)cc1,BPA_CID9904141__prepared_state_042,43,Done,,2.728,-4.301,grid,-5.102,-3.911,0.0,-0.0,-0.3707,-31.21,0.635,0.6446,0.0,-33.08,-30.57,4.753
CC(C)Oc1ccc(S(=O)(=O)c2ccc([O-])cc2)cc1,BPA_CID9904141__prepared_state_042,43,Done,,2.728,-4.049,grid,-4.85,-3.572,0.0,-0.0,-0.4531,-26.95,-0.8115,0.6446,0.0,-30.14,-27.76,4.536
CC(C)Oc1ccc(S(=O)(=O)c2ccc([O-])cc2)cc1,BPA_CID9904141__prepared_state_042,43,Done,,2.728,-3.846,grid,-4.647,-3.71,0.0,-0.0,-0.08922,-29.05,-0.2678,0.6446,0.0,-29.84,-29.31,7.849
CC(C)Oc1ccc(S(=O)(=O)c2ccc([O-])cc2)cc1,BPA_CID9904141__prepared_state_042,43,Done,,2.728,-4.565,grid,-5.366,-3.579,0.0,-0.0,-0.9352,-25.98,-1.315,0.6446,0.0,-28.76,-27.3,7.361
CC(C)Oc1ccc(S(=O)(=O)c2ccc([O-])cc2)cc1,BPA_CID9904141__prepared_state_042,43,Done,,2.728,-4.336,grid,-5.137,-3.52,0.0,-0.0,-0.7996,-29.3,0.02476,0.6446,0.0,-28.58,-29.28,11.24
CC(C)Oc1ccc(S(=O)(=O)c2ccc([O-])cc2)cc1,BPA_CID9904141__prepared_state_042,43,Done,,2.728,-4.234,grid,-5.034,-3.822,0.0,-0.0,-0.5524,-27.91,0.6062,0.6446,0.0,-28.25,-27.3,7.747
CC(C)Oc1ccc(S(=O)(=O)c2ccc([O-])cc2)cc1,BPA_CID9904141__prepared_state_042,43,Done,,2.728,-4.306,grid,-5.107,-3.831,0.0,-0.0,-0.6287,-28.0,0.7186,0.6446,0.0,-25.95,-27.28,12.44
CC(C)Oc1ccc(S(=O)(=O)c2ccc([O-])cc2)cc1,BPA_CID9904141__prepared_state_042,43,Done,,2.728,-3.788,grid,-4.589,-3.846,0.0,-0.0,-0.3419,-23.1,0.7294,0.6446,0.0,-22.59,-22.37,8.365
CC(C)Oc1ccc(S(=O)(=O)c2ccc([O-])cc2)cc1,BPA_CID9904141__prepared_state_042,43,Done,,2.728,-2.915,grid,-3.716,-3.184,-0.01748,-0.0,-0.1565,-23.6,1.177,0.6446,0.0,-22.19,-22.42,7.565
CC(C)Oc1ccc(S(=O)(=O)c2ccc([O-])cc2)cc1,BPA_CID9904141__prepared_state_042,43,Done,,2.728,-2.149,grid,-2.95,-0.5809,-0.2,-0.0,-1.528,-17.97,-2.583,0.6446,-0.0002936,-21.57,-20.55,3.616
CC(C)Oc1ccc(S(=O)(=O)c2ccc([O-])cc2)cc1,BPA_CID9904141__prepared_state_042,43,Done,,2.728,-3.396,grid,-4.197,-3.171,-0.123,-0.0,-0.3168,-24.0,-0.2056,0.6446,0.0,-21.34,-24.21,13.77
CC(C)Oc1ccc(S(=O)(=O)c2ccc([O-])cc2)cc1,BPA_CID9904141__prepared_state_042,43,Done,,2.728,-4.476,grid,-5.277,-2.879,0.0,-0.0,-2.178,-18.38,0.3595,0.6446,0.0,-20.04,-18.02,6.06
CC(C)Oc1ccc(S(=O)(=O)c2ccc([O-])cc2)cc1,BPA_CID9904141__prepared_state_042,43,Done,,2.728,-3.822,grid,-4.623,-3.516,0.0,-0.0,-0.9133,-20.63,1.285,0.6446,0.0,-19.9,-19.34,7.738
CC(C)Oc1ccc(S(=O)(=O)c2ccc([O-])cc2)cc1,BPA_CID9904141__prepared_state_042,43,Done,,2.728,-3.07,grid,-3.871,-2.691,-0.03639,-0.0,-0.9175,-19.99,0.8639,0.6446,0.0,-19.15,-19.13,7.366
CC(C)Oc1ccc(S(=O)(=O)c2ccc([O-])cc2)cc1,BPA_CID9904141__prepared_state_042,43,Done,,2.728,-4.328,grid,-5.129,-3.953,0.0,-0.0,-0.8214,-19.41,-0.1912,0.6446,0.0,-18.39,-19.6,12.24
CC(C)Oc1ccc(S(=O)(=O)c2ccc([O-])cc2)cc1,BPA_CID9904141__prepared_state_042,43,Done,,2.728,-3.112,grid,-3.913,-2.983,-0.03069,-0.0,-0.8866,-15.69,0.8438,0.6446,0.0,-15.23,-14.85,6.733
CC(C)Oc1ccc(S(=O)(=O)c2ccc([O-])cc2)cc1,BPA_CID9904141__prepared_state_042,43,Done,,2.728,-2.836,grid,-3.637,-3.154,-0.03638,-0.0,-0.3202,-19.94,1.512,0.6446,0.0,-15.14,-18.43,13.54
CC(C)Oc1ccc(S(=O)(=O)c2ccc([O-])cc2)cc1,BPA_CID9904141__prepared_state_042,43,Done,,2.728,-4.732,grid,-5.533,-3.396,0.0,-0.0,-2.158,-12.74,0.08672,0.6446,0.0,-14.99,-12.65,5.917
CC(C)Oc1ccc(S(=O)(=O)c2ccc([O-])cc2)cc1,BPA_CID9904141__prepared_state_042,43,Done,,2.728,-1.719,grid,-2.52,-0.8993,0.0,-0.0,-1.479,-13.8,-0.6403,0.6446,0.0,-13.85,-14.44,6.014
CC(C)(c1ccc(O)c(-c2ccccc2)c1)c1ccc(O)c(-c2ccccc2)c1,BPA_CID13059052__prepared_state_043,44,Done,,4.116,-3.364,grid,-3.368,-1.25,0.0,-0.0,-0.8148,-30.29,-2.164,0.536,0.0,-36.56,-32.45,3.026
CC(C)(c1ccc(O)c(-c2ccccc2)c1)c1ccc(O)c(-c2ccccc2)c1,BPA_CID13059052__prepared_state_043,44,Done,,4.116,-3.314,grid,-3.318,-1.356,0.0,-0.0,-0.8148,-30.2,-1.155,0.536,0.0,-35.31,-31.35,3.153
CC(C)(c1ccc(O)c(-c2ccccc2)c1)c1ccc(O)c(-c2ccccc2)c1,BPA_CID13059052__prepared_state_043,44,Done,,4.116,-3.335,grid,-3.339,-1.395,0.0,-0.0,-0.8148,-28.39,-1.635,0.536,0.0,-34.3,-30.03,2.593
CC(C)(c1ccc(O)c(-c2ccccc2)c1)c1ccc(O)c(-c2ccccc2)c1,BPA_CID13059052__prepared_state_043,44,Done,,4.116,-3.278,grid,-3.282,-0.8835,-0.32,-0.0,-0.8148,-22.82,-4.392,0.536,0.0,-31.36,-27.21,2.648
CC(C)(c1ccc(O)c(-c2ccccc2)c1)c1ccc(O)c(-c2ccccc2)c1,BPA_CID13059052__prepared_state_043,44,Done,,4.116,-2.176,grid,-2.18,-0.517,0.0,-0.0,-0.8148,-20.41,-2.425,0.536,0.0,-25.25,-22.84,2.446
CC(C)(c1ccc(O)c(-c2ccccc2)c1)c1ccc(O)c(-c2ccccc2)c1,BPA_CID13059052__prepared_state_043,44,Done,,4.116,-2.133,grid,-2.136,-0.9026,0.0,-0.0,-0.8148,-16.94,-0.72,0.536,0.0,-20.9,-17.66,0.6546
CC(C)(c1ccc(O)c(-c2ccccc2)c1)c1ccc(O)c(-c2ccccc2)c1,BPA_CID13059052__prepared_state_043,44,Done,,4.116,-1.839,grid,-1.843,-0.6278,0.0,-0.0,-0.8148,-15.97,-0.9188,0.536,0.0,-19.42,-16.89,1.079
CC(C)(c1ccc(O)c(-c2ccccc2)c1)c1ccc(O)c(-c2ccccc2)c1,BPA_CID13059052__prepared_state_043,44,Done,,4.116,-1.431,grid,-1.435,-0.07902,0.0,-0.0,-0.8148,-17.82,-1.241,0.536,0.0,-19.09,-19.06,4.732
CC(C)(c1ccc(O)c(-c2ccccc2)c1)c1ccc(O)c(-c2ccccc2)c1,BPA_CID13059052__prepared_state_043,44,Done,,4.116,-1.494,grid,-1.498,-0.3377,0.0,-0.0,-0.8148,-15.95,-0.5591,0.536,0.0,-17.33,-16.51,3.357
CC(C)(c1ccc(O)c(-c2ccccc2)c1)c1ccc(O)c(-c2ccccc2)c1,BPA_CID13059052__prepared_state_043,44,Done,,4.116,-1.826,grid,-1.83,-0.8065,0.0,-0.0,-0.8148,-14.47,-0.1422,0.536,0.0,-16.79,-14.61,1.752
CC(C)(c1ccc(O)c(-c2ccccc2)c1)c1ccc(O)c(-c2ccccc2)c1,BPA_CID13059052__prepared_state_043,44,Done,,4.116,-1.807,grid,-1.81,-0.5962,-0.007157,-0.0,-0.8148,-15.13,-1.145,0.536,0.0,-16.3,-16.27,5.987
CC(C)(c1ccc(O)c(-c2ccccc2)c1)c1ccc(O)c(-c2ccccc2)c1,BPA_CID13059052__prepared_state_043,44,Done,,4.116,-1.134,grid,-1.138,-0.0189,0.0,-0.0,-0.8148,-16.09,-0.2367,0.536,0.0,-15.42,-16.33,5.623
CC(C)(c1ccc(O)c(-c2ccccc2)c1)c1ccc(O)c(-c2ccccc2)c1,BPA_CID13059052__prepared_state_043,44,Done,,4.116,-1.135,grid,-1.138,-0.3906,0.0,-0.0,-0.8148,-14.67,1.763,0.536,0.0,-10.89,-12.91,7.819
Cc1ccc(S(=O)(=O)[N-]C(=O)Nc2cccc(OS(=O)(=O)c3ccc(C)cc3)c2)cc1,BPA_CID22035425__prepared_state_044,45,Done,,3.0,-1.366,grid,-1.367,-0.8344,0.0,-0.0,0.7814,-31.97,-2.861,0.7623,-0.04876,-34.07,-34.83,8.262
Cc1ccc(S(=O)(=O)[N-]C(=O)Nc2cccc(OS(=O)(=O)c3ccc(C)cc3)c2)cc1,BPA_CID22035425__prepared_state_044,45,Done,,3.0,-0.9721,grid,-0.973,-0.6591,0.0,-0.0,0.5747,-21.89,-3.27,0.7623,-0.06616,-23.48,-25.16,8.162
Cc1ccc(S(=O)(=O)[N-]C(=O)Nc2cccc(OS(=O)(=O)c3ccc(C)cc3)c2)cc1,BPA_CID22035425__prepared_state_044,45,Done,,3.0,-0.843,grid,-0.8439,-0.4689,0.0,-0.0,0.2559,-21.74,-2.03,0.7623,-0.001693,-21.97,-23.77,7.762
Cc1ccc(S(=O)(=O)[N-]C(=O)Nc2cccc(OS(=O)(=O)c3ccc(C)cc3)c2)cc1,BPA_CID22035425__prepared_state_044,45,Done,,3.0,-2.73,grid,-2.731,-4.349,0.0,-0.0,1.419,-5.312,-1.988,0.7623,0.0,-6.724,-7.3,14.65
C[C@]12CC[C@@H]3c4ccc(O)cc4CC[C@H]3[C@@H]1CC[C@@H]2O,NATIVE_ESR2__prepared_state_000,46,Done,,2.783,-10.36,grid,-10.36,-4.202,-0.4874,-0.0,-2.452,-37.01,-9.128,0.0,0.0,-77.04,-46.14,0.6315
C[C@]12CC[C@@H]3c4ccc(O)cc4CC[C@H]3[C@@H]1CC[C@@H]2O,NATIVE_ESR2__prepared_state_000,46,Done,,2.783,-9.973,grid,-9.973,-4.23,-0.5764,-0.0,-2.393,-40.69,-4.932,0.0,0.0,-75.4,-45.62,0.5231
C[C@]12CC[C@@H]3c4ccc(O)cc4CC[C@H]3[C@@H]1CC[C@@H]2O,NATIVE_ESR2__prepared_state_000,46,Done,,2.783,-9.42,grid,-9.421,-4.221,-0.2703,-0.0,-2.452,-40.28,-3.091,0.0,0.0,-71.59,-43.37,0.3209
C[C@]12CC[C@@H]3c4ccc(O)cc4CC[C@H]3[C@@H]1CC[C@@H]2O,NATIVE_ESR2__prepared_state_000,46,Done,,2.783,-9.434,grid,-9.435,-4.3,-0.3316,-0.0,-2.452,-39.72,-2.436,0.0,0.0,-70.43,-42.16,0.303
C[C@]12CC[C@@H]3c4ccc(O)cc4CC[C@H]3[C@@H]1CC[C@@H]2O,NATIVE_ESR2__prepared_state_000,46,Done,,2.783,-9.332,grid,-9.333,-4.268,-0.2924,-0.0,-2.452,-39.56,-2.282,0.0,0.0,-69.65,-41.85,0.6185
C[C@]12CC[C@@H]3c4ccc(O)cc4CC[C@H]3[C@@H]1CC[C@@H]2O,NATIVE_ESR2__prepared_state_000,46,Done,,2.783,-10.27,grid,-10.28,-4.561,-0.4475,-0.0,-2.452,-30.16,-8.715,0.0,0.0,-69.53,-38.88,0.6063
C[C@]12CC[C@@H]3c4ccc(O)cc4CC[C@H]3[C@@H]1CC[C@@H]2O,NATIVE_ESR2__prepared_state_000,46,Done,,2.783,-9.996,grid,-9.997,-4.325,-0.546,-0.0,-2.452,-32.32,-7.05,0.0,0.0,-68.52,-39.37,1.931
C[C@]12CC[C@@H]3c4ccc(O)cc4CC[C@H]3[C@@H]1CC[C@@H]2O,NATIVE_ESR2__prepared_state_000,46,Done,,2.783,-9.25,grid,-9.25,-4.302,-0.3284,-0.0,-2.452,-39.57,-1.261,0.0,0.0,-68.38,-40.83,0.6332
C[C@]12CC[C@@H]3c4ccc(O)cc4CC[C@H]3[C@@H]1CC[C@@H]2O,NATIVE_ESR2__prepared_state_000,46,Done,,2.783,-9.391,grid,-9.391,-4.336,-0.2677,-0.0,-2.452,-31.52,-5.066,0.0,0.0,-64.11,-36.59,1.535
C[C@]12CC[C@@H]3c4ccc(O)cc4CC[C@H]3[C@@H]1CC[C@@H]2O,NATIVE_ESR2__prepared_state_000,46,Done,,2.783,-9.398,grid,-9.399,-4.463,-0.3527,-0.0,-2.452,-32.37,-3.417,0.0,0.0,-63.86,-35.79,0.4834
C[C@]12CC[C@@H]3c4ccc(O)cc4CC[C@H]3[C@@H]1CC[C@@H]2O,NATIVE_ESR2__prepared_state_000,46,Done,,2.783,-9.045,grid,-9.046,-4.341,-0.266,-0.0,-2.452,-32.22,-2.505,0.0,0.0,-61.49,-34.72,0.9621
C[C@]12CC[C@@H]3c4ccc(O)cc4CC[C@H]3[C@@H]1CC[C@@H]2O,NATIVE_ESR2__prepared_state_000,46,Done,,2.783,-8.86,grid,-8.86,-4.118,-0.4445,-0.0,-2.441,-33.17,-1.321,0.0,0.0,-60.96,-34.49,0.4366
C[C@]12CC[C@@H]3c4ccc(O)cc4CC[C@H]3[C@@H]1CC[C@@H]2O,NATIVE_ESR2__prepared_state_000,46,Done,,2.783,-9.084,grid,-9.084,-4.626,-0.16,-0.0,-2.452,-29.85,-2.355,0.0,0.0,-59.38,-32.2,0.3799
C[C@]12CC[C@@H]3c4ccc(O)cc4CC[C@H]3[C@@H]1CC[C@@H]2O,NATIVE_ESR2__prepared_state_000,46,Done,,2.783,-8.991,grid,-8.991,-4.327,-0.3665,-0.0,-2.452,-25.04,-3.96,0.0,0.0,-55.83,-29.0,0.5025
C[C@]12CC[C@@H]3c4ccc(O)cc4CC[C@H]3[C@@H]1CC[C@@H]2O,NATIVE_ESR2__prepared_state_000,46,Done,,2.783,-8.61,grid,-8.61,-4.345,-0.21,-0.0,-2.452,-23.41,-2.889,0.0,0.0,-52.21,-26.29,0.05049
C[C@]12CC[C@@H]3c4ccc(O)cc4CC[C@H]3[C@@H]1CC[C@@H]2O,NATIVE_ESR2__prepared_state_000,46,Done,,2.783,-9.104,grid,-9.104,-4.226,-0.456,-0.0,-2.425,-16.69,-7.752,0.0,0.0,-51.82,-24.44,0.0861
C[C@]12CC[C@@H]3c4ccc(O)cc4CC[C@H]3[C@@H]1CC[C@@H]2O,NATIVE_ESR2__prepared_state_000,46,Done,,2.783,-8.943,grid,-8.943,-4.424,-0.2876,-0.0,-2.452,-18.1,-5.833,0.0,0.0,-50.87,-23.93,0.01027
C[C@]12CC[C@@H]3c4ccc(O)cc4CC[C@H]3[C@@H]1CC[C@@H]2O,NATIVE_ESR2__prepared_state_000,46,Done,,2.783,-8.586,grid,-8.587,-4.295,-0.32,-0.0,-2.452,-22.06,-2.782,0.0,0.0,-50.49,-24.84,0.4449
C[C@]12CC[C@@H]3c4ccc(O)cc4CC[C@H]3[C@@H]1CC[C@@H]2O,NATIVE_ESR2__prepared_state_000,46,Done,,2.783,-8.352,grid,-8.353,-4.345,-0.2093,-0.0,-2.452,-23.34,-1.201,0.0,0.0,-49.54,-24.54,0.3266
C[C@]12CC[C@@H]3c4ccc(O)cc4CC[C@H]3[C@@H]1CC[C@@H]2O,NATIVE_ESR2__prepared_state_000,46,Done,,2.783,-8.102,grid,-8.103,-4.068,-0.1665,-0.0,-2.452,-16.77,-3.855,0.0,0.0,-45.01,-20.62,0.05225
