SMILES,title,i_i_glide_lignum,docking_status,message,r_glide_cpu_time,r_i_docking_score,s_i_glide_gridfile,r_i_glide_gscore,r_i_glide_lipo,r_i_glide_hbond,r_i_glide_metal,r_i_glide_rewards,r_i_glide_evdw,r_i_glide_ecoul,r_i_glide_erotb,r_i_glide_esite,r_i_glide_emodel,r_i_glide_energy,r_i_glide_einternal
CC(C)(c1ccc(OC[C@H]2CO2)cc1)c1ccc(OC[C@H]2CO2)cc1,BPA_CID2286__prepared_state_000,1,Done,,6.469,-9.376,grid,-9.376,-5.382,-0.32,-0.0,-1.919,-48.65,-4.195,1.307,0.0,-77.67,-52.84,7.443
CC(C)(c1ccc(OC[C@H]2CO2)cc1)c1ccc(OC[C@H]2CO2)cc1,BPA_CID2286__prepared_state_000,1,Done,,6.469,-9.22,grid,-9.22,-5.485,-0.231,-0.0,-1.983,-48.24,-2.772,1.307,0.0,-77.1,-51.01,3.981
CC(C)(c1ccc(OC[C@H]2CO2)cc1)c1ccc(OC[C@H]2CO2)cc1,BPA_CID2286__prepared_state_000,1,Done,,6.469,-9.27,grid,-9.27,-5.66,-0.3025,-0.0,-1.985,-47.99,-1.534,1.307,0.0,-77.04,-49.53,1.422
CC(C)(c1ccc(OC[C@H]2CO2)cc1)c1ccc(OC[C@H]2CO2)cc1,BPA_CID2286__prepared_state_000,1,Done,,6.469,-9.285,grid,-9.285,-5.513,-0.32,-0.0,-1.986,-47.4,-2.686,1.307,0.0,-76.61,-50.09,3.489
CC(C)(c1ccc(OC[C@H]2CO2)cc1)c1ccc(OC[C@H]2CO2)cc1,BPA_CID2286__prepared_state_000,1,Done,,6.469,-9.626,grid,-9.626,-5.535,-0.5485,-0.0,-1.986,-44.3,-4.319,1.307,0.0,-76.48,-48.62,2.9
CC(C)(c1ccc(OC[C@H]2CO2)cc1)c1ccc(OC[C@H]2CO2)cc1,BPA_CID2286__prepared_state_000,1,Done,,6.469,-8.924,grid,-8.924,-5.403,-0.1548,-0.0,-1.988,-49.09,-1.54,1.307,0.0,-76.02,-50.63,3.579
CC(C)(c1ccc(OC[C@H]2CO2)cc1)c1ccc(OC[C@H]2CO2)cc1,BPA_CID2286__prepared_state_000,1,Done,,6.469,-9.009,grid,-9.009,-5.539,-0.1482,-0.0,-1.96,-49.42,-1.323,1.307,0.0,-75.65,-50.74,5.043
CC(C)(c1ccc(OC[C@H]2CO2)cc1)c1ccc(OC[C@H]2CO2)cc1,BPA_CID2286__prepared_state_000,1,Done,,6.469,-9.14,grid,-9.14,-5.41,-0.2792,-0.0,-1.984,-46.43,-3.022,1.307,0.0,-75.59,-49.45,3.393
CC(C)(c1ccc(OC[C@H]2CO2)cc1)c1ccc(OC[C@H]2CO2)cc1,BPA_CID2286__prepared_state_000,1,Done,,6.469,-9.011,grid,-9.011,-5.372,-0.2055,-0.0,-1.979,-48.11,-2.379,1.307,0.0,-75.53,-50.49,4.803
CC(C)(c1ccc(OC[C@H]2CO2)cc1)c1ccc(OC[C@H]2CO2)cc1,BPA_CID2286__prepared_state_000,1,Done,,6.469,-9.074,grid,-9.074,-5.395,-0.2783,-0.0,-1.968,-48.32,-2.16,1.307,0.0,-75.09,-50.48,6.033
CC(C)(c1ccc(OC[C@H]2CO2)cc1)c1ccc(OC[C@H]2CO2)cc1,BPA_CID2286__prepared_state_000,1,Done,,6.469,-9.024,grid,-9.024,-5.434,-0.32,-0.0,-1.892,-46.24,-2.49,1.307,0.0,-74.74,-48.73,2.94
CC(C)(c1ccc(OC[C@H]2CO2)cc1)c1ccc(OC[C@H]2CO2)cc1,BPA_CID2286__prepared_state_000,1,Done,,6.469,-8.909,grid,-8.909,-5.391,-0.14,-0.0,-1.988,-47.03,-2.305,1.307,0.0,-74.66,-49.33,3.61
CC(C)(c1ccc(OC[C@H]2CO2)cc1)c1ccc(OC[C@H]2CO2)cc1,BPA_CID2286__prepared_state_000,1,Done,,6.469,-8.914,grid,-8.914,-5.066,-0.3014,-0.0,-1.988,-45.39,-3.978,1.307,0.0,-74.29,-49.36,4.433
CC(C)(c1ccc(OC[C@H]2CO2)cc1)c1ccc(OC[C@H]2CO2)cc1,BPA_CID2286__prepared_state_000,1,Done,,6.469,-8.875,grid,-8.875,-5.387,-0.1591,-0.0,-1.985,-46.74,-2.097,1.307,0.0,-74.22,-48.83,3.279
CC(C)(c1ccc(OC[C@H]2CO2)cc1)c1ccc(OC[C@H]2CO2)cc1,BPA_CID2286__prepared_state_000,1,Done,,6.469,-9.018,grid,-9.018,-5.66,-0.313,-0.0,-1.984,-47.42,0.01498,1.307,0.0,-73.95,-47.41,1.832
CC(C)(c1ccc(OC[C@H]2CO2)cc1)c1ccc(OC[C@H]2CO2)cc1,BPA_CID2286__prepared_state_000,1,Done,,6.469,-8.802,grid,-8.802,-5.471,-0.311,-0.0,-1.988,-47.47,0.222,1.307,0.0,-73.36,-47.24,1.381
CC(C)(c1ccc(OC[C@H]2CO2)cc1)c1ccc(OC[C@H]2CO2)cc1,BPA_CID2286__prepared_state_000,1,Done,,6.469,-8.857,grid,-8.857,-5.447,-0.3058,-0.0,-1.985,-47.37,-0.3883,1.307,0.0,-73.21,-47.76,3.034
CC(C)(c1ccc(OC[C@H]2CO2)cc1)c1ccc(OC[C@H]2CO2)cc1,BPA_CID2286__prepared_state_000,1,Done,,6.469,-9.14,grid,-9.14,-5.589,-0.32,-0.0,-1.986,-44.22,-2.274,1.307,0.0,-72.82,-46.5,3.016
CC(C)(c1ccc(OC[C@H]2CO2)cc1)c1ccc(OC[C@H]2CO2)cc1,BPA_CID2286__prepared_state_000,1,Done,,6.469,-9.233,grid,-9.233,-5.511,-0.32,-0.0,-1.978,-48.73,-1.96,1.307,0.0,-72.81,-50.69,11.99
CC(C)(c1ccc(OC[C@H]2CO2)cc1)c1ccc(OC[C@H]2CO2)cc1,BPA_CID2286__prepared_state_000,1,Done,,6.469,-8.696,grid,-8.696,-5.143,-0.1292,-0.0,-1.982,-47.68,-2.436,1.307,0.0,-72.68,-50.12,7.833
CC(C)(c1ccc(OC[C@@H]2CO2)cc1)c1ccc(OC[C@H]2CO2)cc1,BPA_CID2286__prepared_state_001,2,Done,,5.845,-9.644,grid,-9.644,-5.487,-0.32,-0.0,-1.961,-49.61,-4.682,1.307,0.0,-82.45,-54.3,3.424
CC(C)(c1ccc(OC[C@@H]2CO2)cc1)c1ccc(OC[C@H]2CO2)cc1,BPA_CID2286__prepared_state_001,2,Done,,5.845,-9.92,grid,-9.92,-5.558,-0.5604,-0.0,-1.986,-47.35,-5.031,1.307,0.0,-81.08,-52.38,4.028
CC(C)(c1ccc(OC[C@@H]2CO2)cc1)c1ccc(OC[C@H]2CO2)cc1,BPA_CID2286__prepared_state_001,2,Done,,5.845,-9.555,grid,-9.555,-5.639,-0.32,-0.0,-1.976,-49.64,-2.975,1.307,0.0,-79.55,-52.62,5.303
CC(C)(c1ccc(OC[C@@H]2CO2)cc1)c1ccc(OC[C@H]2CO2)cc1,BPA_CID2286__prepared_state_001,2,Done,,5.845,-9.337,grid,-9.337,-5.531,-0.32,-0.0,-1.935,-49.35,-2.602,1.307,0.0,-79.22,-51.95,3.288
CC(C)(c1ccc(OC[C@@H]2CO2)cc1)c1ccc(OC[C@H]2CO2)cc1,BPA_CID2286__prepared_state_001,2,Done,,5.845,-9.44,grid,-9.44,-5.64,-0.32,-0.0,-1.921,-47.9,-3.145,1.307,0.0,-77.64,-51.04,5.277
CC(C)(c1ccc(OC[C@@H]2CO2)cc1)c1ccc(OC[C@H]2CO2)cc1,BPA_CID2286__prepared_state_001,2,Done,,5.845,-9.595,grid,-9.595,-5.432,-0.6055,-0.0,-1.912,-47.57,-3.836,1.307,0.0,-77.43,-51.41,7.384
CC(C)(c1ccc(OC[C@@H]2CO2)cc1)c1ccc(OC[C@H]2CO2)cc1,BPA_CID2286__prepared_state_001,2,Done,,5.845,-9.547,grid,-9.547,-5.375,-0.608,-0.0,-1.974,-42.83,-5.037,1.307,0.0,-76.6,-47.87,1.647
CC(C)(c1ccc(OC[C@@H]2CO2)cc1)c1ccc(OC[C@H]2CO2)cc1,BPA_CID2286__prepared_state_001,2,Done,,5.845,-9.071,grid,-9.071,-5.469,-0.32,-0.0,-1.988,-48.14,-1.298,1.307,0.0,-76.04,-49.43,2.968
CC(C)(c1ccc(OC[C@@H]2CO2)cc1)c1ccc(OC[C@H]2CO2)cc1,BPA_CID2286__prepared_state_001,2,Done,,5.845,-9.339,grid,-9.339,-5.473,-0.5925,-0.0,-1.985,-45.98,-1.978,1.307,0.0,-75.81,-47.96,2.128
CC(C)(c1ccc(OC[C@@H]2CO2)cc1)c1ccc(OC[C@H]2CO2)cc1,BPA_CID2286__prepared_state_001,2,Done,,5.845,-9.154,grid,-9.154,-5.402,-0.32,-0.0,-1.956,-49.04,-2.211,1.307,0.0,-75.6,-51.25,7.988
CC(C)(c1ccc(OC[C@@H]2CO2)cc1)c1ccc(OC[C@H]2CO2)cc1,BPA_CID2286__prepared_state_001,2,Done,,5.845,-9.078,grid,-9.078,-5.371,-0.2549,-0.0,-1.967,-47.67,-2.725,1.307,0.0,-75.46,-50.39,6.077
CC(C)(c1ccc(OC[C@@H]2CO2)cc1)c1ccc(OC[C@H]2CO2)cc1,BPA_CID2286__prepared_state_001,2,Done,,5.845,-8.908,grid,-8.908,-5.503,-0.1606,-0.0,-1.988,-47.93,-1.113,1.307,0.0,-75.39,-49.05,2.48
CC(C)(c1ccc(OC[C@@H]2CO2)cc1)c1ccc(OC[C@H]2CO2)cc1,BPA_CID2286__prepared_state_001,2,Done,,5.845,-9.013,grid,-9.013,-5.621,-0.3073,-0.0,-1.986,-48.0,-0.04072,1.307,0.0,-75.23,-48.04,1.44
CC(C)(c1ccc(OC[C@@H]2CO2)cc1)c1ccc(OC[C@H]2CO2)cc1,BPA_CID2286__prepared_state_001,2,Done,,5.845,-9.145,grid,-9.145,-5.447,-0.4382,-0.0,-1.986,-47.69,-1.313,1.307,0.0,-75.11,-49.0,4.414
CC(C)(c1ccc(OC[C@@H]2CO2)cc1)c1ccc(OC[C@H]2CO2)cc1,BPA_CID2286__prepared_state_001,2,Done,,5.845,-9.074,grid,-9.074,-5.303,-0.32,-0.0,-1.91,-49.14,-2.604,1.307,0.0,-75.01,-51.75,9.667
CC(C)(c1ccc(OC[C@@H]2CO2)cc1)c1ccc(OC[C@H]2CO2)cc1,BPA_CID2286__prepared_state_001,2,Done,,5.845,-9.353,grid,-9.353,-5.578,-0.4733,-0.0,-1.986,-47.82,-1.548,1.307,0.0,-74.93,-49.37,6.816
CC(C)(c1ccc(OC[C@@H]2CO2)cc1)c1ccc(OC[C@H]2CO2)cc1,BPA_CID2286__prepared_state_001,2,Done,,5.845,-9.184,grid,-9.184,-5.658,-0.3007,-0.0,-1.968,-46.88,-1.473,1.307,0.0,-74.78,-48.35,4.02
CC(C)(c1ccc(OC[C@@H]2CO2)cc1)c1ccc(OC[C@H]2CO2)cc1,BPA_CID2286__prepared_state_001,2,Done,,5.845,-9.081,grid,-9.081,-4.919,-0.608,-0.0,-1.977,-44.31,-4.465,1.307,0.0,-74.29,-48.78,5.206
CC(C)(c1ccc(OC[C@@H]2CO2)cc1)c1ccc(OC[C@H]2CO2)cc1,BPA_CID2286__prepared_state_001,2,Done,,5.845,-9.078,grid,-9.078,-5.372,-0.32,-0.0,-1.988,-46.88,-2.403,1.307,0.0,-73.87,-49.29,7.046
CC(C)(c1ccc(OC[C@@H]2CO2)cc1)c1ccc(OC[C@H]2CO2)cc1,BPA_CID2286__prepared_state_001,2,Done,,5.845,-8.93,grid,-8.93,-5.506,-0.2703,-0.0,-1.963,-46.99,-0.9917,1.307,0.0,-73.47,-47.98,4.324
CC(C)(c1ccc(OC[C@@H]2CO2)cc1)c1ccc(OC[C@@H]2CO2)cc1,BPA_CID2286__prepared_state_002,3,Done,,5.696,-9.65,grid,-9.65,-5.546,-0.3756,-0.0,-1.969,-49.44,-3.962,1.307,0.0,-78.31,-53.4,7.852
CC(C)(c1ccc(OC[C@@H]2CO2)cc1)c1ccc(OC[C@@H]2CO2)cc1,BPA_CID2286__prepared_state_002,3,Done,,5.696,-9.855,grid,-9.855,-5.553,-0.608,-0.0,-1.98,-45.91,-4.84,1.307,0.0,-78.17,-50.75,4.058
CC(C)(c1ccc(OC[C@@H]2CO2)cc1)c1ccc(OC[C@@H]2CO2)cc1,BPA_CID2286__prepared_state_002,3,Done,,5.696,-9.427,grid,-9.427,-5.521,-0.4492,-0.0,-1.986,-47.6,-2.655,1.307,0.0,-77.04,-50.26,2.768
CC(C)(c1ccc(OC[C@@H]2CO2)cc1)c1ccc(OC[C@@H]2CO2)cc1,BPA_CID2286__prepared_state_002,3,Done,,5.696,-9.461,grid,-9.461,-5.668,-0.32,-0.0,-1.973,-49.5,-2.216,1.307,0.0,-76.8,-51.71,6.372
CC(C)(c1ccc(OC[C@@H]2CO2)cc1)c1ccc(OC[C@@H]2CO2)cc1,BPA_CID2286__prepared_state_002,3,Done,,5.696,-9.391,grid,-9.391,-5.45,-0.32,-0.0,-1.935,-48.49,-3.794,1.307,0.0,-76.74,-52.28,7.2
CC(C)(c1ccc(OC[C@@H]2CO2)cc1)c1ccc(OC[C@@H]2CO2)cc1,BPA_CID2286__prepared_state_002,3,Done,,5.696,-9.336,grid,-9.336,-5.659,-0.32,-0.0,-1.988,-47.04,-2.166,1.307,0.0,-75.49,-49.2,3.22
CC(C)(c1ccc(OC[C@@H]2CO2)cc1)c1ccc(OC[C@@H]2CO2)cc1,BPA_CID2286__prepared_state_002,3,Done,,5.696,-9.496,grid,-9.496,-5.566,-0.32,-0.0,-1.981,-48.34,-3.463,1.307,0.0,-74.69,-51.8,10.97
CC(C)(c1ccc(OC[C@@H]2CO2)cc1)c1ccc(OC[C@@H]2CO2)cc1,BPA_CID2286__prepared_state_002,3,Done,,5.696,-9.104,grid,-9.104,-5.532,-0.32,-0.0,-1.988,-47.53,-1.295,1.307,0.0,-74.38,-48.83,3.301
CC(C)(c1ccc(OC[C@@H]2CO2)cc1)c1ccc(OC[C@@H]2CO2)cc1,BPA_CID2286__prepared_state_002,3,Done,,5.696,-9.06,grid,-9.06,-5.563,-0.32,-0.0,-1.988,-48.18,-0.5797,1.307,0.0,-74.26,-48.76,3.146
CC(C)(c1ccc(OC[C@@H]2CO2)cc1)c1ccc(OC[C@@H]2CO2)cc1,BPA_CID2286__prepared_state_002,3,Done,,5.696,-9.257,grid,-9.257,-5.352,-0.32,-0.0,-1.982,-46.19,-4.004,1.307,0.0,-74.06,-50.2,7.595
CC(C)(c1ccc(OC[C@@H]2CO2)cc1)c1ccc(OC[C@@H]2CO2)cc1,BPA_CID2286__prepared_state_002,3,Done,,5.696,-9.03,grid,-9.03,-5.264,-0.32,-0.0,-1.913,-48.57,-2.744,1.307,0.0,-74.01,-51.31,8.556
CC(C)(c1ccc(OC[C@@H]2CO2)cc1)c1ccc(OC[C@@H]2CO2)cc1,BPA_CID2286__prepared_state_002,3,Done,,5.696,-8.989,grid,-8.989,-5.475,-0.2708,-0.0,-1.979,-46.99,-1.48,1.307,0.0,-73.94,-48.47,2.777
CC(C)(c1ccc(OC[C@@H]2CO2)cc1)c1ccc(OC[C@@H]2CO2)cc1,BPA_CID2286__prepared_state_002,3,Done,,5.696,-9.404,grid,-9.404,-5.377,-0.5962,-0.0,-1.968,-42.17,-4.403,1.307,0.0,-72.86,-46.58,3.632
CC(C)(c1ccc(OC[C@@H]2CO2)cc1)c1ccc(OC[C@@H]2CO2)cc1,BPA_CID2286__prepared_state_002,3,Done,,5.696,-8.973,grid,-8.973,-5.29,-0.2735,-0.0,-1.988,-44.57,-3.338,1.307,0.0,-72.78,-47.91,3.879
CC(C)(c1ccc(OC[C@@H]2CO2)cc1)c1ccc(OC[C@@H]2CO2)cc1,BPA_CID2286__prepared_state_002,3,Done,,5.696,-9.13,grid,-9.13,-5.59,-0.3937,-0.0,-1.983,-46.88,-0.8416,1.307,0.0,-72.67,-47.73,4.677
CC(C)(c1ccc(OC[C@@H]2CO2)cc1)c1ccc(OC[C@@H]2CO2)cc1,BPA_CID2286__prepared_state_002,3,Done,,5.696,-8.703,grid,-8.703,-5.476,-0.01127,-0.0,-1.956,-48.32,-1.003,1.307,0.0,-72.57,-49.33,5.519
CC(C)(c1ccc(OC[C@@H]2CO2)cc1)c1ccc(OC[C@@H]2CO2)cc1,BPA_CID2286__prepared_state_002,3,Done,,5.696,-9.089,grid,-9.089,-5.333,-0.32,-0.0,-1.96,-46.76,-2.964,1.307,0.0,-72.55,-49.72,8.673
CC(C)(c1ccc(OC[C@@H]2CO2)cc1)c1ccc(OC[C@@H]2CO2)cc1,BPA_CID2286__prepared_state_002,3,Done,,5.696,-9.008,grid,-9.008,-5.326,-0.2148,-0.0,-1.967,-46.58,-3.192,1.307,0.0,-72.06,-49.77,9.243
CC(C)(c1ccc(OC[C@@H]2CO2)cc1)c1ccc(OC[C@@H]2CO2)cc1,BPA_CID2286__prepared_state_002,3,Done,,5.696,-8.624,grid,-8.624,-5.279,-0.3101,-0.0,-1.802,-46.72,-1.359,1.307,0.0,-71.74,-48.08,4.202
CC(C)(c1ccc(OC[C@@H]2CO2)cc1)c1ccc(OC[C@@H]2CO2)cc1,BPA_CID2286__prepared_state_002,3,Done,,5.696,-9.056,grid,-9.056,-5.642,-0.2929,-0.0,-1.919,-46.49,-1.237,1.307,0.0,-71.68,-47.73,6.22
CC(C)(c1cc(Br)c([O-])c(Br)c1)c1cc(Br)c([O-])c(Br)c1,BPA_CID6618__prepared_state_003,4,Done,,0.6511,-7.467,grid,-7.715,-5.109,0.0,-0.0,-0.9,-40.15,1.077,0.1409,0.0,-57.26,-39.07,1.238
CC(C)(c1cc(Br)c([O-])c(Br)c1)c1cc(Br)c([O-])c(Br)c1,BPA_CID6618__prepared_state_003,4,Done,,0.6511,-6.234,grid,-6.482,-4.617,0.0,-0.0,-0.9,-25.34,1.073,0.1409,0.0,-39.3,-24.26,1.515
CC(C)(c1cc(Br)c([O-])c(Br)c1)c1cc(Br)c([O-])c(Br)c1,BPA_CID6618__prepared_state_003,4,Done,,0.6511,-6.203,grid,-6.451,-4.9,0.0,-0.0,-0.9,-19.15,1.105,0.1409,0.0,-32.87,-18.05,1.783
CC(C)(c1cc(Br)c([O-])c(Br)c1)c1cc(Br)c([O-])c(Br)c1,BPA_CID6618__prepared_state_003,4,Done,,0.6511,-2.014,grid,-2.262,-0.909,0.0,-0.0,0.0,-25.27,-1.532,0.1409,0.0,-31.5,-26.8,1.628
CC(C)(c1cc(Br)c([O-])c(Br)c1)c1cc(Br)c([O-])c(Br)c1,BPA_CID6618__prepared_state_003,4,Done,,0.6511,-5.323,grid,-5.57,-4.184,0.0,-0.0,-0.8449,-16.31,0.884,0.1409,0.0,-28.46,-15.42,1.071
CC(C)(c1cc(Br)c([O-])c(Br)c1)c1cc(Br)c([O-])c(Br)c1,BPA_CID6618__prepared_state_003,4,Done,,0.6511,-1.531,grid,-1.779,-0.2284,-0.2,-0.0,0.0,-16.84,-4.327,0.1409,0.0,-24.25,-21.17,2.506
CC(C)(c1cc(Br)c([O-])c(Br)c1)c1cc(Br)c([O-])c(Br)c1,BPA_CID6618__prepared_state_003,4,Done,,0.6511,-1.087,grid,-1.335,-0.5598,0.0,-0.0,0.0,-18.67,0.1136,0.1409,0.0,-20.68,-18.56,2.257
CC(C)(c1cc(Br)c([O-])c(Br)c1)c1cc(Br)c([O-])c(Br)c1,BPA_CID6618__prepared_state_003,4,Done,,0.6511,-4.366,grid,-4.614,-3.507,-0.16,-0.0,-0.5656,-7.598,-0.9485,0.1409,0.0,-19.34,-8.546,0.9086
CC(C)(c1cc(Br)c([O-])c(Br)c1)c1cc(Br)c([O-])c(Br)c1,BPA_CID6618__prepared_state_003,4,Done,,0.6511,0.1523,grid,-0.0956,-0.01771,0.0,-0.0,0.0,-8.429,1.351,0.1409,0.0,-6.265,-7.078,2.092
CC(C)(c1cc(Br)c([O-])c(Br)c1)c1cc(Br)c(O)c(Br)c1,BPA_CID6618__prepared_state_004,5,Done,,1.145,-7.295,grid,-8.12,-5.16,0.0,-0.0,-0.9,-43.09,-0.3043,0.1404,0.0,-58.86,-43.4,2.251
CC(C)(c1cc(Br)c([O-])c(Br)c1)c1cc(Br)c(O)c(Br)c1,BPA_CID6618__prepared_state_004,5,Done,,1.145,-7.305,grid,-8.131,-5.242,0.0,-0.0,-0.9,-44.23,0.5533,0.1404,0.0,-57.46,-43.68,5.663
CC(C)(c1cc(Br)c([O-])c(Br)c1)c1cc(Br)c(O)c(Br)c1,BPA_CID6618__prepared_state_004,5,Done,,1.145,-7.171,grid,-7.997,-5.104,0.0,-0.0,-0.9,-41.63,-0.3428,0.1404,0.0,-57.25,-41.97,2.124
CC(C)(c1cc(Br)c([O-])c(Br)c1)c1cc(Br)c(O)c(Br)c1,BPA_CID6618__prepared_state_004,5,Done,,1.145,-6.83,grid,-7.655,-5.048,0.0,-0.0,-0.9,-40.57,1.21,0.1404,0.0,-54.26,-39.36,1.473
CC(C)(c1cc(Br)c([O-])c(Br)c1)c1cc(Br)c(O)c(Br)c1,BPA_CID6618__prepared_state_004,5,Done,,1.145,-6.95,grid,-7.775,-5.125,0.0,-0.0,-0.9,-36.69,-0.3723,0.1404,0.0,-52.6,-37.06,0.7001
CC(C)(c1cc(Br)c([O-])c(Br)c1)c1cc(Br)c(O)c(Br)c1,BPA_CID6618__prepared_state_004,5,Done,,1.145,-5.924,grid,-6.749,-4.617,0.0,-0.0,-0.9,-27.88,0.1427,0.1404,0.0,-41.06,-27.73,0.9334
CC(C)(c1cc(Br)c([O-])c(Br)c1)c1cc(Br)c(O)c(Br)c1,BPA_CID6618__prepared_state_004,5,Done,,1.145,-5.829,grid,-6.654,-4.806,0.0,-0.0,-0.9,-23.31,0.5071,0.1404,0.0,-35.96,-22.8,0.8807
CC(C)(c1cc(Br)c([O-])c(Br)c1)c1cc(Br)c(O)c(Br)c1,BPA_CID6618__prepared_state_004,5,Done,,1.145,-0.2746,grid,-1.1,-0.2764,0.0,-0.0,0.0,-24.47,1.73,0.1404,0.0,-21.38,-22.74,7.207
CC(C)(c1cc(Br)c([O-])c(Br)c1)c1cc(Br)c(O)c(Br)c1,BPA_CID6618__prepared_state_004,5,Done,,1.145,-0.8447,grid,-1.67,-0.7968,0.0,-0.0,0.0,-16.96,-1.104,0.1404,0.0,-20.15,-18.06,2.655
CC(C)(c1cc(Br)c([O-])c(Br)c1)c1cc(Br)c(O)c(Br)c1,BPA_CID6618__prepared_state_004,5,Done,,1.145,-0.3196,grid,-1.145,-0.0699,-0.1689,-0.0,0.0,-14.84,-2.031,0.1404,0.0,-18.7,-16.87,1.017
CC(C)(c1cc(Br)c([O-])c(Br)c1)c1cc(Br)c(O)c(Br)c1,BPA_CID6618__prepared_state_004,5,Done,,1.145,-0.6275,grid,-1.453,-0.3213,-0.2,-0.0,0.0,-13.0,-2.813,0.1404,0.0,-17.98,-15.81,1.599
CC(C)(c1cc(Br)c([O-])c(Br)c1)c1cc(Br)c(O)c(Br)c1,BPA_CID6618__prepared_state_004,5,Done,,1.145,-0.1612,grid,-0.9866,-0.4306,0.0,-0.0,0.0,-11.55,-0.7927,0.1404,0.0,-14.34,-12.34,0.03522
CC(C)(c1cc(Cl)c([O-])c(Cl)c1)c1cc(Cl)c([O-])c(Cl)c1,BPA_CID6619__prepared_state_005,6,Done,,1.059,-8.216,grid,-8.39,-5.123,0.0,-0.0,-1.827,-38.4,1.264,0.29,0.0,-53.39,-37.13,3.448
CC(C)(c1cc(Cl)c([O-])c(Cl)c1)c1cc(Cl)c([O-])c(Cl)c1,BPA_CID6619__prepared_state_005,6,Done,,1.059,-8.126,grid,-8.3,-5.121,0.0,-0.0,-1.827,-36.07,1.077,0.29,0.0,-52.09,-35.0,1.394
CC(C)(c1cc(Cl)c([O-])c(Cl)c1)c1cc(Cl)c([O-])c(Cl)c1,BPA_CID6619__prepared_state_005,6,Done,,1.059,-7.699,grid,-7.873,-4.994,0.0,-0.0,-1.827,-28.53,0.5574,0.29,0.0,-44.22,-27.97,1.253
CC(C)(c1cc(Cl)c([O-])c(Cl)c1)c1cc(Cl)c([O-])c(Cl)c1,BPA_CID6619__prepared_state_005,6,Done,,1.059,-7.214,grid,-7.387,-4.517,0.0,-0.0,-1.793,-30.02,0.8944,0.29,0.0,-44.07,-29.12,1.78
CC(C)(c1cc(Cl)c([O-])c(Cl)c1)c1cc(Cl)c([O-])c(Cl)c1,BPA_CID6619__prepared_state_005,6,Done,,1.059,-7.123,grid,-7.297,-4.421,0.0,-0.0,-1.725,-31.61,0.9369,0.29,0.0,-42.88,-30.68,6.883
CC(C)(c1cc(Cl)c([O-])c(Cl)c1)c1cc(Cl)c([O-])c(Cl)c1,BPA_CID6619__prepared_state_005,6,Done,,1.059,-7.281,grid,-7.454,-4.666,0.0,-0.0,-1.827,-29.79,1.587,0.29,0.0,-42.64,-28.2,3.085
CC(C)(c1cc(Cl)c([O-])c(Cl)c1)c1cc(Cl)c([O-])c(Cl)c1,BPA_CID6619__prepared_state_005,6,Done,,1.059,-7.525,grid,-7.698,-4.892,0.0,-0.0,-1.827,-29.2,1.268,0.29,0.0,-42.43,-27.93,4.005
CC(C)(c1cc(Cl)c([O-])c(Cl)c1)c1cc(Cl)c([O-])c(Cl)c1,BPA_CID6619__prepared_state_005,6,Done,,1.059,-7.07,grid,-7.243,-4.593,0.0,-0.0,-1.703,-27.04,0.7638,0.29,0.0,-41.27,-26.27,1.071
CC(C)(c1cc(Cl)c([O-])c(Cl)c1)c1cc(Cl)c([O-])c(Cl)c1,BPA_CID6619__prepared_state_005,6,Done,,1.059,-7.025,grid,-7.199,-4.506,0.0,-0.0,-1.827,-27.39,1.422,0.29,0.0,-40.41,-25.97,1.989
CC(C)(c1cc(Cl)c([O-])c(Cl)c1)c1cc(Cl)c([O-])c(Cl)c1,BPA_CID6619__prepared_state_005,6,Done,,1.059,-6.516,grid,-6.689,-4.014,-0.03532,-0.0,-1.674,-26.31,0.4004,0.29,0.0,-39.53,-25.91,1.431
CC(C)(c1cc(Cl)c([O-])c(Cl)c1)c1cc(Cl)c([O-])c(Cl)c1,BPA_CID6619__prepared_state_005,6,Done,,1.059,-7.041,grid,-7.215,-4.743,0.0,-0.0,-1.827,-21.43,0.9116,0.29,0.0,-35.37,-20.52,1.225
CC(C)(c1cc(Cl)c([O-])c(Cl)c1)c1cc(Cl)c([O-])c(Cl)c1,BPA_CID6619__prepared_state_005,6,Done,,1.059,-6.248,grid,-6.422,-3.928,-0.003746,-0.0,-1.673,-22.85,0.235,0.29,0.0,-33.59,-22.61,5.573
CC(C)(c1cc(Cl)c([O-])c(Cl)c1)c1cc(Cl)c([O-])c(Cl)c1,BPA_CID6619__prepared_state_005,6,Done,,1.059,-6.434,grid,-6.608,-4.006,-0.1277,-0.0,-1.573,-24.78,0.319,0.29,0.0,-33.56,-24.46,10.14
CC(C)(c1cc(Cl)c([O-])c(Cl)c1)c1cc(Cl)c([O-])c(Cl)c1,BPA_CID6619__prepared_state_005,6,Done,,1.059,-6.193,grid,-6.366,-4.016,0.0,-0.0,-1.827,-18.31,0.6856,0.29,0.0,-30.86,-17.63,0.8383
CC(C)(c1cc(Cl)c([O-])c(Cl)c1)c1cc(Cl)c([O-])c(Cl)c1,BPA_CID6619__prepared_state_005,6,Done,,1.059,-6.949,grid,-7.123,-4.816,0.0,-0.0,-1.827,-15.87,0.1568,0.29,0.0,-30.22,-15.71,1.521
CC(C)(c1cc(Cl)c([O-])c(Cl)c1)c1cc(Cl)c([O-])c(Cl)c1,BPA_CID6619__prepared_state_005,6,Done,,1.059,-5.882,grid,-6.056,-3.658,0.0,-0.0,-1.827,-17.25,0.01052,0.29,0.0,-29.48,-17.24,1.485
CC(C)(c1cc(Cl)c([O-])c(Cl)c1)c1cc(Cl)c([O-])c(Cl)c1,BPA_CID6619__prepared_state_005,6,Done,,1.059,-6.147,grid,-6.32,-4.197,0.0,-0.0,-1.804,-16.42,1.409,0.29,0.0,-27.91,-15.01,1.298
CC(C)(c1cc(Cl)c([O-])c(Cl)c1)c1cc(Cl)c([O-])c(Cl)c1,BPA_CID6619__prepared_state_005,6,Done,,1.059,-6.094,grid,-6.268,-4.092,0.0,-0.0,-1.801,-15.44,0.7079,0.29,0.0,-27.45,-14.73,1.436
CC(C)(c1cc(Cl)c([O-])c(Cl)c1)c1cc(Cl)c([O-])c(Cl)c1,BPA_CID6619__prepared_state_005,6,Done,,1.059,-6.535,grid,-6.709,-4.581,0.0,-0.0,-1.827,-10.79,-0.3394,0.29,0.0,-25.21,-11.13,0.6058
CC(C)(c1cc(Cl)c([O-])c(Cl)c1)c1cc(Cl)c([O-])c(Cl)c1,BPA_CID6619__prepared_state_005,6,Done,,1.059,-1.871,grid,-2.045,-0.7508,0.0,-0.0,-0.9269,-20.92,2.593,0.29,0.0,-21.62,-18.33,2.193
CC(C)(c1cc(Cl)c([O-])c(Cl)c1)c1cc(Cl)c(O)c(Cl)c1,BPA_CID6619__prepared_state_006,7,Done,,1.251,-7.687,grid,-8.64,-5.118,0.0,-0.0,-1.82,-41.55,0.5788,0.2886,0.0,-60.13,-40.97,1.717
CC(C)(c1cc(Cl)c([O-])c(Cl)c1)c1cc(Cl)c(O)c(Cl)c1,BPA_CID6619__prepared_state_006,7,Done,,1.251,-7.639,grid,-8.592,-5.025,0.0,-0.0,-1.82,-39.66,-0.3458,0.2886,0.0,-58.9,-40.01,2.04
CC(C)(c1cc(Cl)c([O-])c(Cl)c1)c1cc(Cl)c(O)c(Cl)c1,BPA_CID6619__prepared_state_006,7,Done,,1.251,-7.638,grid,-8.591,-5.027,0.0,-0.0,-1.82,-39.64,-0.3351,0.2886,0.0,-58.78,-39.97,2.201
CC(C)(c1cc(Cl)c([O-])c(Cl)c1)c1cc(Cl)c(O)c(Cl)c1,BPA_CID6619__prepared_state_006,7,Done,,1.251,-7.734,grid,-8.687,-5.149,0.0,-0.0,-1.82,-41.71,0.5324,0.2886,0.0,-58.23,-41.18,6.164
CC(C)(c1cc(Cl)c([O-])c(Cl)c1)c1cc(Cl)c(O)c(Cl)c1,BPA_CID6619__prepared_state_006,7,Done,,1.251,-7.714,grid,-8.666,-5.138,0.0,-0.0,-1.82,-41.82,0.6283,0.2886,0.0,-57.71,-41.2,7.147
CC(C)(c1cc(Cl)c([O-])c(Cl)c1)c1cc(Cl)c(O)c(Cl)c1,BPA_CID6619__prepared_state_006,7,Done,,1.251,-7.617,grid,-8.57,-5.15,0.0,-0.0,-1.82,-41.47,1.231,0.2886,0.0,-57.19,-40.24,5.829
CC(C)(c1cc(Cl)c([O-])c(Cl)c1)c1cc(Cl)c(O)c(Cl)c1,BPA_CID6619__prepared_state_006,7,Done,,1.251,-7.067,grid,-8.02,-4.736,0.0,-0.0,-1.82,-35.5,0.1516,0.2886,0.0,-53.46,-35.35,0.942
CC(C)(c1cc(Cl)c([O-])c(Cl)c1)c1cc(Cl)c(O)c(Cl)c1,BPA_CID6619__prepared_state_006,7,Done,,1.251,-7.047,grid,-8.0,-4.735,0.0,-0.0,-1.82,-35.28,0.2015,0.2886,0.0,-53.18,-35.08,0.8813
CC(C)(c1cc(Cl)c([O-])c(Cl)c1)c1cc(Cl)c(O)c(Cl)c1,BPA_CID6619__prepared_state_006,7,Done,,1.251,-6.265,grid,-7.217,-4.192,0.0,-0.0,-1.82,-30.35,0.154,0.2886,0.0,-46.33,-30.19,1.17
CC(C)(c1cc(Cl)c([O-])c(Cl)c1)c1cc(Cl)c(O)c(Cl)c1,BPA_CID6619__prepared_state_006,7,Done,,1.251,-6.9,grid,-7.853,-4.836,0.0,-0.0,-1.82,-29.67,-0.01849,0.2886,0.0,-45.86,-29.69,4.049
CC(C)(c1cc(Cl)c([O-])c(Cl)c1)c1cc(Cl)c(O)c(Cl)c1,BPA_CID6619__prepared_state_006,7,Done,,1.251,-7.026,grid,-7.978,-5.007,0.0,-0.0,-1.82,-30.37,0.5218,0.2886,0.0,-45.1,-29.85,6.473
CC(C)(c1cc(Cl)c([O-])c(Cl)c1)c1cc(Cl)c(O)c(Cl)c1,BPA_CID6619__prepared_state_006,7,Done,,1.251,-6.139,grid,-7.092,-4.323,0.0,-0.0,-1.714,-28.2,0.4482,0.2886,0.0,-44.03,-27.75,0.3032
CC(C)(c1cc(Cl)c([O-])c(Cl)c1)c1cc(Cl)c(O)c(Cl)c1,BPA_CID6619__prepared_state_006,7,Done,,1.251,-6.55,grid,-7.503,-4.867,0.0,-0.0,-1.82,-22.63,0.1845,0.2886,0.0,-38.85,-22.45,1.977
CC(C)(c1cc(Cl)c([O-])c(Cl)c1)c1cc(Cl)c(O)c(Cl)c1,BPA_CID6619__prepared_state_006,7,Done,,1.251,-6.504,grid,-7.457,-4.858,0.0,-0.0,-1.82,-21.83,0.1571,0.2886,0.0,-38.4,-21.67,1.109
CC(C)(c1cc(Cl)c([O-])c(Cl)c1)c1cc(Cl)c(O)c(Cl)c1,BPA_CID6619__prepared_state_006,7,Done,,1.251,-6.483,grid,-7.435,-4.833,0.0,-0.0,-1.82,-21.56,0.04537,0.2886,0.0,-37.5,-21.52,2.484
CC(C)(c1cc(Cl)c([O-])c(Cl)c1)c1cc(Cl)c(O)c(Cl)c1,BPA_CID6619__prepared_state_006,7,Done,,1.251,-6.452,grid,-7.404,-4.849,0.0,-0.0,-1.82,-20.84,0.1203,0.2886,0.0,-36.98,-20.72,1.793
CC(C)(c1cc(Cl)c([O-])c(Cl)c1)c1cc(Cl)c(O)c(Cl)c1,BPA_CID6619__prepared_state_006,7,Done,,1.251,-6.766,grid,-7.718,-4.89,0.0,-0.0,-1.82,-23.01,-0.9777,0.2886,0.0,-32.73,-23.99,18.29
CC(C)(c1cc(Cl)c([O-])c(Cl)c1)c1cc(Cl)c(O)c(Cl)c1,BPA_CID6619__prepared_state_006,7,Done,,1.251,-0.7561,grid,-1.709,-0.002276,-0.1076,-0.0,-0.92,-14.06,-1.764,0.2886,0.0,-19.04,-15.82,1.473
CC(C)(c1cc(Cl)c([O-])c(Cl)c1)c1cc(Cl)c(O)c(Cl)c1,BPA_CID6619__prepared_state_006,7,Done,,1.251,-0.3876,grid,-1.34,-0.1744,0.0,-0.0,-0.92,-14.19,1.167,0.2886,0.0,-15.35,-13.02,1.555
CC(C)(c1cc(Cl)c([O-])c(Cl)c1)c1cc(Cl)c(O)c(Cl)c1,BPA_CID6619__prepared_state_006,7,Done,,1.251,-0.1008,grid,-1.053,-0.03912,0.0,-0.0,-0.92,-9.729,0.6903,0.2886,0.0,-10.79,-9.038,1.373
Cc1cc(C(C)(C)c2ccc(O)c(C)c2)ccc1O,BPA_CID6620__prepared_state_007,8,Done,,3.451,-8.899,grid,-8.9,-4.34,-0.32,-0.0,-2.401,-33.01,-4.831,0.5364,0.0,-56.33,-37.84,1.609
Cc1cc(C(C)(C)c2ccc(O)c(C)c2)ccc1O,BPA_CID6620__prepared_state_007,8,Done,,3.451,-8.981,grid,-8.982,-4.371,-0.32,-0.0,-2.512,-33.34,-4.32,0.5364,0.0,-55.58,-37.66,3.099
Cc1cc(C(C)(C)c2ccc(O)c(C)c2)ccc1O,BPA_CID6620__prepared_state_007,8,Done,,3.451,-9.185,grid,-9.186,-4.526,-0.32,-0.0,-2.433,-30.5,-6.129,0.5364,0.0,-55.3,-36.62,2.487
Cc1cc(C(C)(C)c2ccc(O)c(C)c2)ccc1O,BPA_CID6620__prepared_state_007,8,Done,,3.451,-9.118,grid,-9.118,-4.559,-0.32,-0.0,-2.561,-33.26,-3.676,0.5364,0.0,-55.26,-36.94,2.905
Cc1cc(C(C)(C)c2ccc(O)c(C)c2)ccc1O,BPA_CID6620__prepared_state_007,8,Done,,3.451,-8.943,grid,-8.944,-4.442,-0.32,-0.0,-2.522,-33.06,-3.623,0.5364,0.0,-55.11,-36.68,1.92
Cc1cc(C(C)(C)c2ccc(O)c(C)c2)ccc1O,BPA_CID6620__prepared_state_007,8,Done,,3.451,-9.102,grid,-9.102,-4.547,-0.32,-0.0,-2.561,-33.2,-3.669,0.5364,0.0,-55.0,-36.87,3.212
Cc1cc(C(C)(C)c2ccc(O)c(C)c2)ccc1O,BPA_CID6620__prepared_state_007,8,Done,,3.451,-8.935,grid,-8.935,-4.427,-0.32,-0.0,-2.561,-30.47,-4.271,0.5364,0.0,-53.17,-34.74,1.885
Cc1cc(C(C)(C)c2ccc(O)c(C)c2)ccc1O,BPA_CID6620__prepared_state_007,8,Done,,3.451,-8.429,grid,-8.43,-4.398,0.0,-0.0,-2.561,-33.87,-2.086,0.5364,0.0,-52.75,-35.96,2.975
Cc1cc(C(C)(C)c2ccc(O)c(C)c2)ccc1O,BPA_CID6620__prepared_state_007,8,Done,,3.451,-8.247,grid,-8.248,-4.458,0.0,-0.0,-2.484,-34.36,-0.8283,0.5364,0.0,-52.45,-35.18,1.235
Cc1cc(C(C)(C)c2ccc(O)c(C)c2)ccc1O,BPA_CID6620__prepared_state_007,8,Done,,3.451,-8.461,grid,-8.461,-4.56,0.0,-0.0,-2.561,-34.73,-0.9315,0.5364,0.0,-52.4,-35.66,3.21
Cc1cc(C(C)(C)c2ccc(O)c(C)c2)ccc1O,BPA_CID6620__prepared_state_007,8,Done,,3.451,-8.415,grid,-8.415,-4.496,0.0,-0.0,-2.561,-34.45,-1.149,0.5364,0.0,-52.25,-35.6,3.183
Cc1cc(C(C)(C)c2ccc(O)c(C)c2)ccc1O,BPA_CID6620__prepared_state_007,8,Done,,3.451,-8.245,grid,-8.245,-4.465,0.0,-0.0,-2.488,-34.13,-0.8154,0.5364,0.0,-52.1,-34.95,1.456
Cc1cc(C(C)(C)c2ccc(O)c(C)c2)ccc1O,BPA_CID6620__prepared_state_007,8,Done,,3.451,-8.266,grid,-8.267,-4.422,0.0,-0.0,-2.561,-34.13,-0.7566,0.5364,0.0,-52.02,-34.89,1.585
Cc1cc(C(C)(C)c2ccc(O)c(C)c2)ccc1O,BPA_CID6620__prepared_state_007,8,Done,,3.451,-8.263,grid,-8.264,-4.479,0.0,-0.0,-2.561,-34.66,-0.1792,0.5364,0.0,-52.01,-34.84,1.488
Cc1cc(C(C)(C)c2ccc(O)c(C)c2)ccc1O,BPA_CID6620__prepared_state_007,8,Done,,3.451,-8.109,grid,-8.11,-4.358,0.0,-0.0,-2.507,-34.05,-0.5266,0.5364,0.0,-51.94,-34.58,0.4394
Cc1cc(C(C)(C)c2ccc(O)c(C)c2)ccc1O,BPA_CID6620__prepared_state_007,8,Done,,3.451,-8.171,grid,-8.171,-4.381,0.0,-0.0,-2.561,-33.76,-0.5153,0.5364,0.0,-51.9,-34.28,0.1918
Cc1cc(C(C)(C)c2ccc(O)c(C)c2)ccc1O,BPA_CID6620__prepared_state_007,8,Done,,3.451,-8.127,grid,-8.128,-4.399,0.0,-0.0,-2.492,-34.35,-0.3728,0.5364,0.0,-51.79,-34.72,1.114
Cc1cc(C(C)(C)c2ccc(O)c(C)c2)ccc1O,BPA_CID6620__prepared_state_007,8,Done,,3.451,-8.144,grid,-8.145,-4.362,0.0,-0.0,-2.561,-33.7,-0.4846,0.5364,0.0,-51.78,-34.19,0.1229
Cc1cc(C(C)(C)c2ccc(O)c(C)c2)ccc1O,BPA_CID6620__prepared_state_007,8,Done,,3.451,-8.478,grid,-8.478,-4.508,0.0,-0.0,-2.561,-33.64,-1.76,0.5364,0.0,-51.68,-35.4,4.201
Cc1cc(C(C)(C)c2ccc(O)c(C)c2)ccc1O,BPA_CID6620__prepared_state_007,8,Done,,3.451,-8.29,grid,-8.29,-4.5,0.0,-0.0,-2.561,-34.03,-0.4281,0.5364,0.0,-51.37,-34.46,2.127
CC(C)(c1ccc(O)cc1)c1ccc(O)cc1,BPA_CID6623__prepared_state_008,9,Done,,3.451,-8.471,grid,-8.473,-3.868,-0.32,-0.0,-2.753,-31.11,-4.198,0.6538,0.0,-52.74,-35.31,0.6047
CC(C)(c1ccc(O)cc1)c1ccc(O)cc1,BPA_CID6623__prepared_state_008,9,Done,,3.451,-8.446,grid,-8.448,-3.869,-0.32,-0.0,-2.728,-31.1,-4.199,0.6538,0.0,-52.34,-35.3,1.279
CC(C)(c1ccc(O)cc1)c1ccc(O)cc1,BPA_CID6623__prepared_state_008,9,Done,,3.451,-8.4,grid,-8.401,-3.874,-0.32,-0.0,-2.502,-28.95,-6.077,0.6538,0.0,-51.61,-35.03,2.023
CC(C)(c1ccc(O)cc1)c1ccc(O)cc1,BPA_CID6623__prepared_state_008,9,Done,,3.451,-8.288,grid,-8.29,-3.812,-0.32,-0.0,-2.563,-30.56,-4.801,0.6538,0.0,-51.59,-35.36,2.253
CC(C)(c1ccc(O)cc1)c1ccc(O)cc1,BPA_CID6623__prepared_state_008,9,Done,,3.451,-8.355,grid,-8.357,-3.902,-0.32,-0.0,-2.753,-31.61,-3.032,0.6538,0.0,-51.43,-34.64,1.42
CC(C)(c1ccc(O)cc1)c1ccc(O)cc1,BPA_CID6623__prepared_state_008,9,Done,,3.451,-8.487,grid,-8.489,-3.935,-0.32,-0.0,-2.753,-30.74,-3.987,0.6538,0.0,-51.38,-34.73,2.235
CC(C)(c1ccc(O)cc1)c1ccc(O)cc1,BPA_CID6623__prepared_state_008,9,Done,,3.451,-8.304,grid,-8.306,-3.808,-0.32,-0.0,-2.616,-30.75,-4.523,0.6538,0.0,-51.28,-35.27,2.756
CC(C)(c1ccc(O)cc1)c1ccc(O)cc1,BPA_CID6623__prepared_state_008,9,Done,,3.451,-8.605,grid,-8.607,-3.953,-0.32,-0.0,-2.53,-29.0,-6.712,0.6538,0.0,-51.24,-35.72,4.992
CC(C)(c1ccc(O)cc1)c1ccc(O)cc1,BPA_CID6623__prepared_state_008,9,Done,,3.451,-8.213,grid,-8.215,-3.845,-0.32,-0.0,-2.532,-30.68,-4.25,0.6538,0.0,-51.17,-34.93,1.916
CC(C)(c1ccc(O)cc1)c1ccc(O)cc1,BPA_CID6623__prepared_state_008,9,Done,,3.451,-8.02,grid,-8.022,-3.864,-0.08525,-0.0,-2.753,-31.11,-2.786,0.6538,0.0,-50.29,-33.9,0.7962
CC(C)(c1ccc(O)cc1)c1ccc(O)cc1,BPA_CID6623__prepared_state_008,9,Done,,3.451,-8.827,grid,-8.829,-3.506,-0.608,-0.0,-2.555,-19.4,-12.29,0.6538,0.0,-49.24,-31.69,1.865
CC(C)(c1ccc(O)cc1)c1ccc(O)cc1,BPA_CID6623__prepared_state_008,9,Done,,3.451,-9.002,grid,-9.004,-3.476,-0.745,-0.0,-2.521,-18.53,-13.26,0.6538,0.0,-49.21,-31.79,2.855
CC(C)(c1ccc(O)cc1)c1ccc(O)cc1,BPA_CID6623__prepared_state_008,9,Done,,3.451,-8.834,grid,-8.836,-3.502,-0.608,-0.0,-2.556,-19.32,-12.38,0.6538,0.0,-49.11,-31.71,2.188
CC(C)(c1ccc(O)cc1)c1ccc(O)cc1,BPA_CID6623__prepared_state_008,9,Done,,3.451,-7.718,grid,-7.72,-3.908,0.0,-0.0,-2.753,-31.52,-0.9139,0.6538,0.0,-47.93,-32.44,1.335
CC(C)(c1ccc(O)cc1)c1ccc(O)cc1,BPA_CID6623__prepared_state_008,9,Done,,3.451,-7.852,grid,-7.854,-4.039,0.0,-0.0,-2.753,-30.48,-1.284,0.6538,0.0,-47.68,-31.76,1.059
CC(C)(c1ccc(O)cc1)c1ccc(O)cc1,BPA_CID6623__prepared_state_008,9,Done,,3.451,-7.856,grid,-7.858,-4.04,0.0,-0.0,-2.753,-30.51,-1.296,0.6538,0.0,-47.39,-31.8,1.726
CC(C)(c1ccc(O)cc1)c1ccc(O)cc1,BPA_CID6623__prepared_state_008,9,Done,,3.451,-7.845,grid,-7.847,-4.031,0.0,-0.0,-2.753,-30.43,-1.304,0.6538,0.0,-47.08,-31.73,2.15
CC(C)(c1ccc(O)cc1)c1ccc(O)cc1,BPA_CID6623__prepared_state_008,9,Done,,3.451,-7.746,grid,-7.748,-3.979,0.0,-0.0,-2.753,-31.95,-0.4834,0.6538,0.0,-47.05,-32.44,3.209
CC(C)(c1ccc(O)cc1)c1ccc(O)cc1,BPA_CID6623__prepared_state_008,9,Done,,3.451,-7.735,grid,-7.736,-4.052,0.0,-0.0,-2.753,-30.8,-0.3026,0.6538,0.0,-46.89,-31.1,0.8009
CC(C)(c1ccc(O)cc1)c1ccc(O)cc1,BPA_CID6623__prepared_state_008,9,Done,,3.451,-7.718,grid,-7.72,-3.977,0.0,-0.0,-2.753,-31.93,-0.3199,0.6538,0.0,-46.84,-32.25,3.139
O=S(=O)(c1ccc(O)cc1)c1ccc(O)cc1,BPA_CID6626__prepared_state_009,10,Done,,2.359,-7.447,grid,-7.676,-3.274,-0.32,-0.0,-2.661,-31.69,-2.633,0.5589,0.0,-47.95,-34.32,3.082
O=S(=O)(c1ccc(O)cc1)c1ccc(O)cc1,BPA_CID6626__prepared_state_009,10,Done,,2.359,-7.522,grid,-7.75,-3.17,-0.32,-0.0,-2.592,-29.1,-5.147,0.5589,0.0,-46.97,-34.25,5.2
O=S(=O)(c1ccc(O)cc1)c1ccc(O)cc1,BPA_CID6626__prepared_state_009,10,Done,,2.359,-6.964,grid,-7.192,-3.108,0.0,-0.0,-2.802,-32.02,-1.603,0.5589,0.0,-46.55,-33.62,2.58
O=S(=O)(c1ccc(O)cc1)c1ccc(O)cc1,BPA_CID6626__prepared_state_009,10,Done,,2.359,-6.964,grid,-7.193,-3.108,0.0,-0.0,-2.802,-32.02,-1.603,0.5589,0.0,-46.47,-33.62,2.751
O=S(=O)(c1ccc(O)cc1)c1ccc(O)cc1,BPA_CID6626__prepared_state_009,10,Done,,2.359,-7.408,grid,-7.637,-3.42,0.0,-0.0,-2.901,-30.32,-2.392,0.5589,0.0,-46.32,-32.71,2.978
O=S(=O)(c1ccc(O)cc1)c1ccc(O)cc1,BPA_CID6626__prepared_state_009,10,Done,,2.359,-6.933,grid,-7.161,-3.092,0.0,-0.0,-2.819,-31.95,-1.415,0.5589,0.0,-45.91,-33.37,3.226
O=S(=O)(c1ccc(O)cc1)c1ccc(O)cc1,BPA_CID6626__prepared_state_009,10,Done,,2.359,-7.408,grid,-7.637,-3.525,-0.01152,-0.0,-2.741,-30.53,-2.611,0.5589,0.0,-45.82,-33.14,4.848
O=S(=O)(c1ccc(O)cc1)c1ccc(O)cc1,BPA_CID6626__prepared_state_009,10,Done,,2.359,-7.415,grid,-7.643,-3.529,-0.001516,-0.0,-2.758,-30.55,-2.574,0.5589,0.0,-45.8,-33.13,4.879
O=S(=O)(c1ccc(O)cc1)c1ccc(O)cc1,BPA_CID6626__prepared_state_009,10,Done,,2.359,-7.363,grid,-7.592,-3.537,0.0,-0.0,-2.731,-30.89,-2.255,0.5589,0.0,-45.72,-33.15,4.882
O=S(=O)(c1ccc(O)cc1)c1ccc(O)cc1,BPA_CID6626__prepared_state_009,10,Done,,2.359,-6.663,grid,-6.892,-3.155,0.0,-0.0,-2.664,-32.27,-0.123,0.5589,0.0,-45.65,-32.4,0.7528
O=S(=O)(c1ccc(O)cc1)c1ccc(O)cc1,BPA_CID6626__prepared_state_009,10,Done,,2.359,-7.396,grid,-7.624,-3.524,0.0,-0.0,-2.744,-30.44,-2.623,0.5589,0.0,-45.46,-33.07,5.374
O=S(=O)(c1ccc(O)cc1)c1ccc(O)cc1,BPA_CID6626__prepared_state_009,10,Done,,2.359,-6.749,grid,-6.978,-3.089,0.0,-0.0,-2.788,-31.77,-0.4746,0.5589,0.0,-45.43,-32.25,1.219
O=S(=O)(c1ccc(O)cc1)c1ccc(O)cc1,BPA_CID6626__prepared_state_009,10,Done,,2.359,-6.958,grid,-7.186,-3.258,-0.0319,-0.0,-2.726,-32.14,-0.8179,0.5589,0.0,-45.42,-32.96,3.5
O=S(=O)(c1ccc(O)cc1)c1ccc(O)cc1,BPA_CID6626__prepared_state_009,10,Done,,2.359,-6.99,grid,-7.218,-3.286,-0.0333,-0.0,-2.725,-32.19,-0.8227,0.5589,0.0,-45.3,-33.01,3.977
O=S(=O)(c1ccc(O)cc1)c1ccc(O)cc1,BPA_CID6626__prepared_state_009,10,Done,,2.359,-7.967,grid,-8.196,-2.596,-0.7029,-0.0,-2.587,-17.4,-13.33,0.5589,0.0,-45.05,-30.72,3.758
O=S(=O)(c1ccc(O)cc1)c1ccc(O)cc1,BPA_CID6626__prepared_state_009,10,Done,,2.359,-6.613,grid,-6.842,-3.042,0.0,-0.0,-2.678,-30.83,-0.9291,0.5589,0.0,-45.03,-31.76,0.51
O=S(=O)(c1ccc(O)cc1)c1ccc(O)cc1,BPA_CID6626__prepared_state_009,10,Done,,2.359,-6.759,grid,-6.987,-3.269,0.0,-0.0,-2.756,-32.03,0.5326,0.5589,0.0,-44.84,-31.5,0.9543
O=S(=O)(c1ccc(O)cc1)c1ccc(O)cc1,BPA_CID6626__prepared_state_009,10,Done,,2.359,-7.846,grid,-8.074,-2.581,-0.7829,-0.0,-2.521,-18.14,-12.28,0.5589,0.0,-44.81,-30.41,3.145
O=S(=O)(c1ccc(O)cc1)c1ccc(O)cc1,BPA_CID6626__prepared_state_009,10,Done,,2.359,-7.942,grid,-8.171,-2.557,-0.7927,-0.0,-2.645,-17.64,-12.35,0.5589,0.0,-44.8,-29.99,2.694
O=S(=O)(c1ccc(O)cc1)c1ccc(O)cc1,BPA_CID6626__prepared_state_009,10,Done,,2.359,-7.648,grid,-7.877,-3.303,-0.3349,-0.0,-2.73,-26.45,-4.97,0.5589,0.0,-44.76,-31.42,4.477
O=S(=O)(c1ccc([O-])cc1)c1ccc(O)cc1,BPA_CID6626__prepared_state_010,11,Done,,1.959,-6.735,grid,-7.587,-3.19,-0.32,-0.0,-2.621,-30.3,-3.362,0.5628,0.0,-48.29,-33.67,2.904
O=S(=O)(c1ccc([O-])cc1)c1ccc(O)cc1,BPA_CID6626__prepared_state_010,11,Done,,1.959,-6.736,grid,-7.588,-3.192,-0.32,-0.0,-2.62,-30.31,-3.356,0.5628,0.0,-48.19,-33.66,3.105
O=S(=O)(c1ccc([O-])cc1)c1ccc(O)cc1,BPA_CID6626__prepared_state_010,11,Done,,1.959,-6.763,grid,-7.615,-3.545,0.0,-0.0,-2.662,-31.87,-2.515,0.5628,0.0,-48.08,-34.39,4.878
O=S(=O)(c1ccc([O-])cc1)c1ccc(O)cc1,BPA_CID6626__prepared_state_010,11,Done,,1.959,-6.761,grid,-7.613,-3.544,0.0,-0.0,-2.663,-31.82,-2.518,0.5628,0.0,-48.08,-34.34,4.784
O=S(=O)(c1ccc([O-])cc1)c1ccc(O)cc1,BPA_CID6626__prepared_state_010,11,Done,,1.959,-6.831,grid,-7.683,-3.187,-0.32,-0.0,-2.684,-29.45,-3.881,0.5628,0.0,-47.97,-33.33,3.278
O=S(=O)(c1ccc([O-])cc1)c1ccc(O)cc1,BPA_CID6626__prepared_state_010,11,Done,,1.959,-6.798,grid,-7.65,-3.349,0.0,-0.0,-2.97,-30.12,-2.589,0.5628,0.0,-47.87,-32.71,2.106
O=S(=O)(c1ccc([O-])cc1)c1ccc(O)cc1,BPA_CID6626__prepared_state_010,11,Done,,1.959,-6.816,grid,-7.668,-3.178,-0.32,-0.0,-2.678,-29.3,-3.931,0.5628,0.0,-47.12,-33.23,4.724
O=S(=O)(c1ccc([O-])cc1)c1ccc(O)cc1,BPA_CID6626__prepared_state_010,11,Done,,1.959,-6.54,grid,-7.392,-3.427,0.0,-0.0,-2.809,-30.54,-1.276,0.5628,0.0,-46.84,-31.82,1.28
O=S(=O)(c1ccc([O-])cc1)c1ccc(O)cc1,BPA_CID6626__prepared_state_010,11,Done,,1.959,-6.937,grid,-7.789,-3.323,-0.3088,-0.0,-2.734,-27.15,-4.19,0.5628,0.0,-45.56,-31.34,4.553
O=S(=O)(c1ccc([O-])cc1)c1ccc(O)cc1,BPA_CID6626__prepared_state_010,11,Done,,1.959,-5.834,grid,-6.686,-3.099,0.0,-0.0,-2.649,-31.41,0.4694,0.5628,0.0,-45.0,-30.95,0.2281
O=S(=O)(c1ccc([O-])cc1)c1ccc(O)cc1,BPA_CID6626__prepared_state_010,11,Done,,1.959,-6.984,grid,-7.836,-3.301,-0.32,-0.0,-2.732,-25.39,-5.176,0.5628,0.0,-44.93,-30.57,4.478
O=S(=O)(c1ccc([O-])cc1)c1ccc(O)cc1,BPA_CID6626__prepared_state_010,11,Done,,1.959,-5.78,grid,-6.632,-3.059,0.0,-0.0,-2.633,-31.4,0.4517,0.5628,0.0,-44.88,-30.95,0.2311
O=S(=O)(c1ccc([O-])cc1)c1ccc(O)cc1,BPA_CID6626__prepared_state_010,11,Done,,1.959,-5.9,grid,-6.752,-3.154,0.0,-0.0,-2.672,-31.07,0.4336,0.5628,0.0,-44.54,-30.64,0.8075
O=S(=O)(c1ccc([O-])cc1)c1ccc(O)cc1,BPA_CID6626__prepared_state_010,11,Done,,1.959,-6.477,grid,-7.329,-3.426,-0.0753,-0.0,-2.709,-29.4,-1.409,0.5628,0.0,-44.38,-30.81,3.905
O=S(=O)(c1ccc([O-])cc1)c1ccc(O)cc1,BPA_CID6626__prepared_state_010,11,Done,,1.959,-6.039,grid,-6.891,-3.248,0.0,-0.0,-2.774,-31.05,0.8048,0.5628,0.0,-44.34,-30.25,1.017
O=S(=O)(c1ccc([O-])cc1)c1ccc(O)cc1,BPA_CID6626__prepared_state_010,11,Done,,1.959,-6.509,grid,-7.361,-3.438,-0.07969,-0.0,-2.723,-29.45,-1.404,0.5628,0.0,-44.22,-30.85,4.448
O=S(=O)(c1ccc([O-])cc1)c1ccc(O)cc1,BPA_CID6626__prepared_state_010,11,Done,,1.959,-6.626,grid,-7.478,-3.23,-0.2304,-0.0,-2.907,-28.07,-1.799,0.5628,0.0,-43.81,-29.87,3.799
O=S(=O)(c1ccc([O-])cc1)c1ccc(O)cc1,BPA_CID6626__prepared_state_010,11,Done,,1.959,-6.077,grid,-6.929,-3.261,0.0,-0.0,-2.707,-30.59,0.03747,0.5628,0.0,-43.71,-30.55,3.048
O=S(=O)(c1ccc([O-])cc1)c1ccc(O)cc1,BPA_CID6626__prepared_state_010,11,Done,,1.959,-5.892,grid,-6.744,-3.091,0.0,-0.0,-2.741,-29.5,0.002042,0.5628,0.0,-43.62,-29.5,0.3451
O=S(=O)(c1ccc([O-])cc1)c1ccc(O)cc1,BPA_CID6626__prepared_state_010,11,Done,,1.959,-5.861,grid,-6.713,-3.189,0.0,-0.0,-2.696,-31.75,1.311,0.5628,0.0,-43.61,-30.43,2.092
O=C(OCc1ccccc1)c1ccc(O)cc1,BPA_CID7180__prepared_state_011,12,Done,,2.714,-9.159,grid,-9.25,-3.764,-0.48,-0.0,-3.13,-30.06,-9.031,0.981,0.0,-61.2,-39.09,1.51
O=C(OCc1ccccc1)c1ccc(O)cc1,BPA_CID7180__prepared_state_011,12,Done,,2.714,-9.0,grid,-9.091,-3.777,-0.48,-0.0,-2.969,-29.95,-8.991,0.981,0.0,-60.44,-38.94,1.951
O=C(OCc1ccccc1)c1ccc(O)cc1,BPA_CID7180__prepared_state_011,12,Done,,2.714,-8.671,grid,-8.762,-3.373,-0.608,-0.0,-3.035,-31.26,-7.757,0.981,0.0,-60.31,-39.02,0.742
O=C(OCc1ccccc1)c1ccc(O)cc1,BPA_CID7180__prepared_state_011,12,Done,,2.714,-8.501,grid,-8.592,-3.435,-0.608,-0.0,-2.848,-31.47,-7.39,0.981,0.0,-59.45,-38.86,1.293
O=C(OCc1ccccc1)c1ccc(O)cc1,BPA_CID7180__prepared_state_011,12,Done,,2.714,-8.526,grid,-8.617,-3.284,-0.608,-0.0,-3.008,-31.02,-7.641,0.981,0.0,-59.39,-38.66,1.134
O=C(OCc1ccccc1)c1ccc(O)cc1,BPA_CID7180__prepared_state_011,12,Done,,2.714,-8.499,grid,-8.59,-3.432,-0.608,-0.0,-2.928,-30.72,-7.115,0.981,0.0,-58.89,-37.83,0.3565
O=C(OCc1ccccc1)c1ccc(O)cc1,BPA_CID7180__prepared_state_011,12,Done,,2.714,-8.266,grid,-8.357,-3.612,-0.2989,-0.0,-3.091,-34.93,-3.921,0.981,0.0,-58.84,-38.86,1.339
O=C(OCc1ccccc1)c1ccc(O)cc1,BPA_CID7180__prepared_state_011,12,Done,,2.714,-8.445,grid,-8.536,-3.397,-0.608,-0.0,-2.893,-30.99,-7.128,0.981,0.0,-58.68,-38.12,1.072
O=C(OCc1ccccc1)c1ccc(O)cc1,BPA_CID7180__prepared_state_011,12,Done,,2.714,-8.302,grid,-8.393,-3.572,-0.3999,-0.0,-2.887,-32.8,-5.838,0.981,0.0,-58.66,-38.63,1.443
O=C(OCc1ccccc1)c1ccc(O)cc1,BPA_CID7180__prepared_state_011,12,Done,,2.714,-8.479,grid,-8.57,-3.697,-0.4531,-0.0,-3.011,-32.7,-5.03,0.981,0.0,-58.5,-37.73,0.8197
O=C(OCc1ccccc1)c1ccc(O)cc1,BPA_CID7180__prepared_state_011,12,Done,,2.714,-7.956,grid,-8.047,-3.406,-0.32,-0.0,-2.972,-33.36,-4.413,0.981,0.0,-56.89,-37.78,1.564
O=C(OCc1ccccc1)c1ccc(O)cc1,BPA_CID7180__prepared_state_011,12,Done,,2.714,-7.967,grid,-8.058,-3.67,-0.145,-0.0,-3.008,-33.48,-3.616,0.981,0.0,-56.72,-37.1,0.5932
O=C(OCc1ccccc1)c1ccc(O)cc1,BPA_CID7180__prepared_state_011,12,Done,,2.714,-8.392,grid,-8.483,-3.408,-0.5294,-0.0,-3.038,-32.97,-5.599,0.981,0.0,-56.41,-38.57,6.265
O=C(OCc1ccccc1)c1ccc(O)cc1,BPA_CID7180__prepared_state_011,12,Done,,2.714,-7.388,grid,-7.479,-3.456,0.0,-0.0,-3.026,-36.84,-0.9057,0.981,0.0,-56.14,-37.75,0.1998
O=C(OCc1ccccc1)c1ccc(O)cc1,BPA_CID7180__prepared_state_011,12,Done,,2.714,-7.4,grid,-7.491,-3.462,0.0,-0.0,-3.026,-36.91,-0.9274,0.981,0.0,-56.1,-37.83,0.4974
O=C(OCc1ccccc1)c1ccc(O)cc1,BPA_CID7180__prepared_state_011,12,Done,,2.714,-8.162,grid,-8.253,-3.575,-0.32,-0.0,-2.96,-30.82,-5.585,0.981,0.0,-55.92,-36.41,1.785
O=C(OCc1ccccc1)c1ccc(O)cc1,BPA_CID7180__prepared_state_011,12,Done,,2.714,-7.938,grid,-8.029,-3.504,-0.1062,-0.0,-3.137,-34.23,-3.677,0.981,0.0,-55.67,-37.91,4.176
O=C(OCc1ccccc1)c1ccc(O)cc1,BPA_CID7180__prepared_state_011,12,Done,,2.714,-7.453,grid,-7.544,-3.437,0.0,-0.0,-3.164,-37.21,-0.4277,0.981,0.0,-55.6,-37.63,1.377
O=C(OCc1ccccc1)c1ccc(O)cc1,BPA_CID7180__prepared_state_011,12,Done,,2.714,-7.604,grid,-7.695,-3.544,0.0,-0.0,-2.998,-35.09,-2.533,0.981,0.0,-55.54,-37.62,2.201
O=C(OCc1ccccc1)c1ccc(O)cc1,BPA_CID7180__prepared_state_011,12,Done,,2.714,-7.472,grid,-7.563,-3.451,-0.004495,-0.0,-3.096,-35.49,-1.462,0.981,0.0,-55.34,-36.95,0.6118
O=C(OCc1ccccc1)c1ccc([O-])cc1,BPA_CID7180__prepared_state_012,13,Done,,2.644,-6.734,grid,-7.889,-3.447,0.0,-0.0,-3.18,-35.92,-0.832,0.6589,0.0,-57.06,-36.75,1.44
O=C(OCc1ccccc1)c1ccc([O-])cc1,BPA_CID7180__prepared_state_012,13,Done,,2.644,-6.566,grid,-7.721,-3.465,0.0,-0.0,-3.044,-35.58,-0.6145,0.6589,0.0,-56.52,-36.19,0.5143
O=C(OCc1ccccc1)c1ccc([O-])cc1,BPA_CID7180__prepared_state_012,13,Done,,2.644,-6.549,grid,-7.704,-3.48,-0.01414,-0.0,-2.996,-34.53,-0.9786,0.6589,0.0,-55.77,-35.51,0.5587
O=C(OCc1ccccc1)c1ccc([O-])cc1,BPA_CID7180__prepared_state_012,13,Done,,2.644,-6.466,grid,-7.621,-3.478,0.0,-0.0,-2.99,-33.61,-0.8796,0.6589,0.0,-54.14,-34.49,1.339
O=C(OCc1ccccc1)c1ccc([O-])cc1,BPA_CID7180__prepared_state_012,13,Done,,2.644,-6.907,grid,-8.061,-3.766,-0.2,-0.0,-2.983,-31.14,-1.426,0.6589,0.0,-54.01,-32.56,0.09835
O=C(OCc1ccccc1)c1ccc([O-])cc1,BPA_CID7180__prepared_state_012,13,Done,,2.644,-6.681,grid,-7.836,-3.578,-0.1759,-0.0,-3.006,-32.21,-0.8318,0.6589,0.0,-53.83,-33.04,0.198
O=C(OCc1ccccc1)c1ccc([O-])cc1,BPA_CID7180__prepared_state_012,13,Done,,2.644,-6.489,grid,-7.644,-3.567,-0.05306,-0.0,-2.919,-33.29,-0.6588,0.6589,0.0,-53.75,-33.95,1.152
O=C(OCc1ccccc1)c1ccc([O-])cc1,BPA_CID7180__prepared_state_012,13,Done,,2.644,-6.833,grid,-7.988,-3.545,-0.16,-0.0,-3.087,-30.66,-2.144,0.6589,0.0,-53.72,-32.81,0.7702
O=C(OCc1ccccc1)c1ccc([O-])cc1,BPA_CID7180__prepared_state_012,13,Done,,2.644,-6.407,grid,-7.562,-3.29,-0.009899,-0.0,-3.158,-32.89,-0.7934,0.6589,0.0,-53.65,-33.68,0.385
O=C(OCc1ccccc1)c1ccc([O-])cc1,BPA_CID7180__prepared_state_012,13,Done,,2.644,-6.339,grid,-7.494,-3.337,-0.01444,-0.0,-2.985,-33.2,-1.042,0.6589,0.0,-53.62,-34.24,1.195
O=C(OCc1ccccc1)c1ccc([O-])cc1,BPA_CID7180__prepared_state_012,13,Done,,2.644,-6.484,grid,-7.639,-3.47,-0.03104,-0.0,-2.97,-32.69,-1.279,0.6589,0.0,-53.18,-33.97,2.318
O=C(OCc1ccccc1)c1ccc([O-])cc1,BPA_CID7180__prepared_state_012,13,Done,,2.644,-6.474,grid,-7.628,-3.721,0.0,-0.0,-2.824,-33.35,-0.5011,0.6589,0.0,-52.92,-33.85,2.529
O=C(OCc1ccccc1)c1ccc([O-])cc1,BPA_CID7180__prepared_state_012,13,Done,,2.644,-6.466,grid,-7.62,-3.399,0.0,-0.0,-3.16,-33.06,-0.4447,0.6589,0.0,-52.61,-33.51,2.422
O=C(OCc1ccccc1)c1ccc([O-])cc1,BPA_CID7180__prepared_state_012,13,Done,,2.644,-6.335,grid,-7.489,-3.346,0.0,-0.0,-3.06,-32.57,-0.7602,0.6589,0.0,-52.51,-33.33,1.579
O=C(OCc1ccccc1)c1ccc([O-])cc1,BPA_CID7180__prepared_state_012,13,Done,,2.644,-6.517,grid,-7.672,-3.478,-0.1421,-0.0,-2.903,-30.25,-1.974,0.6589,0.0,-52.33,-32.22,0.6903
O=C(OCc1ccccc1)c1ccc([O-])cc1,BPA_CID7180__prepared_state_012,13,Done,,2.644,-6.636,grid,-7.791,-3.539,-0.116,-0.0,-3.092,-30.42,-1.208,0.6589,0.0,-52.21,-31.63,0.3884
O=C(OCc1ccccc1)c1ccc([O-])cc1,BPA_CID7180__prepared_state_012,13,Done,,2.644,-6.708,grid,-7.863,-4.009,0.0,-0.0,-2.785,-32.2,-0.786,0.6589,0.0,-52.17,-32.98,3.559
O=C(OCc1ccccc1)c1ccc([O-])cc1,BPA_CID7180__prepared_state_012,13,Done,,2.644,-6.397,grid,-7.552,-3.536,-0.03005,-0.0,-3.004,-32.38,-0.1517,0.6589,0.0,-51.99,-32.53,1.336
O=C(OCc1ccccc1)c1ccc([O-])cc1,BPA_CID7180__prepared_state_012,13,Done,,2.644,-6.28,grid,-7.434,-3.643,0.0,-0.0,-2.877,-32.28,0.2745,0.6589,0.0,-51.55,-32.01,0.5601
O=C(OCc1ccccc1)c1ccc([O-])cc1,BPA_CID7180__prepared_state_012,13,Done,,2.644,-6.343,grid,-7.498,-3.525,0.0,-0.0,-2.984,-30.88,-0.6887,0.6589,0.0,-51.52,-31.57,0.08434
Oc1ccc(Cc2ccc(O)cc2)cc1,BPA_CID12111__prepared_state_013,14,Done,,2.555,-8.756,grid,-8.759,-3.659,-0.608,-0.0,-2.804,-28.29,-7.259,0.815,0.0,-53.47,-35.55,1.32
Oc1ccc(Cc2ccc(O)cc2)cc1,BPA_CID12111__prepared_state_013,14,Done,,2.555,-8.734,grid,-8.737,-3.673,-0.608,-0.0,-2.79,-28.33,-7.095,0.815,0.0,-53.32,-35.42,1.267
Oc1ccc(Cc2ccc(O)cc2)cc1,BPA_CID12111__prepared_state_013,14,Done,,2.555,-8.723,grid,-8.726,-3.661,-0.608,-0.0,-2.791,-28.27,-7.116,0.815,0.0,-53.31,-35.39,1.182
Oc1ccc(Cc2ccc(O)cc2)cc1,BPA_CID12111__prepared_state_013,14,Done,,2.555,-8.573,grid,-8.576,-3.73,-0.3837,-0.0,-2.835,-29.01,-6.614,0.815,0.0,-52.16,-35.62,3.319
Oc1ccc(Cc2ccc(O)cc2)cc1,BPA_CID12111__prepared_state_013,14,Done,,2.555,-8.549,grid,-8.553,-3.704,-0.3736,-0.0,-2.862,-28.93,-6.541,0.815,0.0,-52.13,-35.47,2.972
Oc1ccc(Cc2ccc(O)cc2)cc1,BPA_CID12111__prepared_state_013,14,Done,,2.555,-8.574,grid,-8.578,-3.726,-0.3831,-0.0,-2.843,-28.95,-6.623,0.815,0.0,-51.59,-35.58,4.365
Oc1ccc(Cc2ccc(O)cc2)cc1,BPA_CID12111__prepared_state_013,14,Done,,2.555,-8.513,grid,-8.516,-3.697,-0.608,-0.0,-2.804,-28.28,-5.384,0.815,0.0,-51.12,-33.66,1.22
Oc1ccc(Cc2ccc(O)cc2)cc1,BPA_CID12111__prepared_state_013,14,Done,,2.555,-8.221,grid,-8.225,-3.627,-0.32,-0.0,-2.825,-27.98,-5.791,0.815,0.0,-50.64,-33.77,1.161
Oc1ccc(Cc2ccc(O)cc2)cc1,BPA_CID12111__prepared_state_013,14,Done,,2.555,-8.207,grid,-8.211,-3.644,-0.32,-0.0,-2.798,-28.11,-5.718,0.815,0.0,-50.36,-33.83,1.772
Oc1ccc(Cc2ccc(O)cc2)cc1,BPA_CID12111__prepared_state_013,14,Done,,2.555,-8.231,grid,-8.235,-3.64,-0.32,-0.0,-2.819,-28.06,-5.777,0.815,0.0,-49.99,-33.84,2.645
Oc1ccc(Cc2ccc(O)cc2)cc1,BPA_CID12111__prepared_state_013,14,Done,,2.555,-8.176,grid,-8.179,-3.605,-0.32,-0.0,-2.819,-27.99,-5.671,0.815,0.0,-49.58,-33.66,2.865
Oc1ccc(Cc2ccc(O)cc2)cc1,BPA_CID12111__prepared_state_013,14,Done,,2.555,-7.818,grid,-7.821,-3.602,-0.213,-0.0,-2.723,-29.77,-4.059,0.815,0.0,-49.49,-33.83,1.864
Oc1ccc(Cc2ccc(O)cc2)cc1,BPA_CID12111__prepared_state_013,14,Done,,2.555,-7.755,grid,-7.758,-3.819,0.0,-0.0,-2.877,-30.87,-2.223,0.815,0.0,-48.67,-33.09,1.76
Oc1ccc(Cc2ccc(O)cc2)cc1,BPA_CID12111__prepared_state_013,14,Done,,2.555,-7.745,grid,-7.749,-3.817,0.0,-0.0,-2.869,-30.86,-2.234,0.815,0.0,-48.64,-33.09,1.775
Oc1ccc(Cc2ccc(O)cc2)cc1,BPA_CID12111__prepared_state_013,14,Done,,2.555,-7.915,grid,-7.918,-3.789,-0.2993,-0.0,-2.841,-28.33,-2.582,0.815,0.0,-46.97,-30.92,1.485
Oc1ccc(Cc2ccc(O)cc2)cc1,BPA_CID12111__prepared_state_013,14,Done,,2.555,-7.496,grid,-7.499,-3.76,-0.003526,-0.0,-2.769,-31.0,-1.547,0.815,0.0,-46.85,-32.55,3.213
Oc1ccc(Cc2ccc(O)cc2)cc1,BPA_CID12111__prepared_state_013,14,Done,,2.555,-7.495,grid,-7.498,-3.759,-0.002712,-0.0,-2.768,-31.02,-1.55,0.815,0.0,-46.85,-32.57,3.248
Oc1ccc(Cc2ccc(O)cc2)cc1,BPA_CID12111__prepared_state_013,14,Done,,2.555,-7.525,grid,-7.528,-3.798,0.0,-0.0,-2.794,-30.79,-1.413,0.815,0.0,-46.55,-32.21,3.26
Oc1ccc(Cc2ccc(O)cc2)cc1,BPA_CID12111__prepared_state_013,14,Done,,2.555,-7.471,grid,-7.474,-3.763,0.0,-0.0,-2.767,-30.9,-1.431,0.815,0.0,-46.4,-32.33,3.567
Oc1ccc(Cc2ccc(O)cc2)cc1,BPA_CID12111__prepared_state_013,14,Done,,2.555,-7.688,grid,-7.691,-3.578,-0.3367,-0.0,-2.542,-24.98,-5.336,0.815,0.0,-45.86,-30.32,1.561
Oc1ccc(Sc2ccc(O)cc2)cc1,BPA_CID17570__prepared_state_014,15,Done,,2.236,-9.033,grid,-9.052,-3.689,-0.608,-0.0,-2.658,-31.29,-8.248,0.7053,0.0,-58.91,-39.54,3.011
Oc1ccc(Sc2ccc(O)cc2)cc1,BPA_CID17570__prepared_state_014,15,Done,,2.236,-9.04,grid,-9.058,-3.696,-0.608,-0.0,-2.722,-31.14,-7.874,0.7053,0.0,-58.45,-39.01,2.908
Oc1ccc(Sc2ccc(O)cc2)cc1,BPA_CID17570__prepared_state_014,15,Done,,2.236,-8.965,grid,-8.984,-3.687,-0.608,-0.0,-2.679,-31.15,-7.716,0.7053,0.0,-58.04,-38.86,3.09
Oc1ccc(Sc2ccc(O)cc2)cc1,BPA_CID17570__prepared_state_014,15,Done,,2.236,-8.939,grid,-8.958,-3.688,-0.608,-0.0,-2.723,-31.05,-7.281,0.7053,0.0,-57.54,-38.33,2.902
Oc1ccc(Sc2ccc(O)cc2)cc1,BPA_CID17570__prepared_state_014,15,Done,,2.236,-8.757,grid,-8.775,-3.781,-0.4154,-0.0,-2.662,-31.16,-7.096,0.7053,0.0,-56.14,-38.26,4.713
Oc1ccc(Sc2ccc(O)cc2)cc1,BPA_CID17570__prepared_state_014,15,Done,,2.236,-8.757,grid,-8.776,-3.789,-0.4133,-0.0,-2.655,-31.19,-7.098,0.7053,0.0,-56.08,-38.28,4.888
Oc1ccc(Sc2ccc(O)cc2)cc1,BPA_CID17570__prepared_state_014,15,Done,,2.236,-8.921,grid,-8.939,-3.829,-0.4367,-0.0,-2.735,-30.19,-7.569,0.7053,0.0,-55.87,-37.75,5.01
Oc1ccc(Sc2ccc(O)cc2)cc1,BPA_CID17570__prepared_state_014,15,Done,,2.236,-8.367,grid,-8.385,-3.6,-0.32,-0.0,-2.702,-31.94,-5.813,0.7053,0.0,-55.62,-37.75,2.937
Oc1ccc(Sc2ccc(O)cc2)cc1,BPA_CID17570__prepared_state_014,15,Done,,2.236,-8.816,grid,-8.834,-3.81,-0.4249,-0.0,-2.657,-31.19,-7.253,0.7053,0.0,-55.6,-38.44,6.439
Oc1ccc(Sc2ccc(O)cc2)cc1,BPA_CID17570__prepared_state_014,15,Done,,2.236,-8.361,grid,-8.38,-3.625,-0.32,-0.0,-2.703,-32.1,-5.554,0.7053,0.0,-55.59,-37.65,2.777
Oc1ccc(Sc2ccc(O)cc2)cc1,BPA_CID17570__prepared_state_014,15,Done,,2.236,-8.351,grid,-8.37,-3.559,-0.32,-0.0,-2.711,-31.54,-6.054,0.7053,0.0,-55.42,-37.59,2.947
Oc1ccc(Sc2ccc(O)cc2)cc1,BPA_CID17570__prepared_state_014,15,Done,,2.236,-8.852,grid,-8.871,-3.828,-0.4293,-0.0,-2.663,-31.3,-7.276,0.7053,0.0,-55.34,-38.58,7.392
Oc1ccc(Sc2ccc(O)cc2)cc1,BPA_CID17570__prepared_state_014,15,Done,,2.236,-8.756,grid,-8.775,-3.809,-0.4048,-0.0,-2.65,-31.39,-6.982,0.7053,0.0,-54.86,-38.37,7.486
Oc1ccc(Sc2ccc(O)cc2)cc1,BPA_CID17570__prepared_state_014,15,Done,,2.236,-8.381,grid,-8.399,-3.658,-0.608,-0.0,-2.426,-30.78,-5.819,0.7053,0.0,-53.73,-36.6,4.476
Oc1ccc(Sc2ccc(O)cc2)cc1,BPA_CID17570__prepared_state_014,15,Done,,2.236,-8.238,grid,-8.257,-3.726,-0.5522,-0.0,-2.44,-31.59,-4.424,0.7053,0.0,-53.63,-36.02,2.856
Oc1ccc(Sc2ccc(O)cc2)cc1,BPA_CID17570__prepared_state_014,15,Done,,2.236,-8.097,grid,-8.116,-3.637,-0.3212,-0.0,-2.611,-29.42,-5.203,0.7053,0.0,-52.29,-34.62,2.086
Oc1ccc(Sc2ccc(O)cc2)cc1,BPA_CID17570__prepared_state_014,15,Done,,2.236,-7.651,grid,-7.67,-3.898,0.0,-0.0,-2.676,-34.22,-0.5972,0.7053,0.0,-51.43,-34.82,2.169
Oc1ccc(Sc2ccc(O)cc2)cc1,BPA_CID17570__prepared_state_014,15,Done,,2.236,-8.148,grid,-8.167,-3.704,-0.3489,-0.0,-2.63,-28.95,-4.944,0.7053,0.0,-51.38,-33.9,2.715
Oc1ccc(Sc2ccc(O)cc2)cc1,BPA_CID17570__prepared_state_014,15,Done,,2.236,-8.145,grid,-8.163,-3.693,-0.3359,-0.0,-2.657,-28.97,-4.893,0.7053,0.0,-51.31,-33.87,2.77
Oc1ccc(Sc2ccc(O)cc2)cc1,BPA_CID17570__prepared_state_014,15,Done,,2.236,-8.072,grid,-8.091,-3.741,-0.3133,-0.0,-2.751,-30.84,-2.988,0.7053,0.0,-51.11,-33.83,2.754
CCC(C)(c1ccc(O)cc1)c1ccc(O)cc1,BPA_CID66166__prepared_state_015,16,Done,,3.279,-8.728,grid,-8.729,-4.328,-0.32,-0.0,-2.512,-31.46,-3.912,0.5907,0.0,-52.78,-35.37,0.9022
CCC(C)(c1ccc(O)cc1)c1ccc(O)cc1,BPA_CID66166__prepared_state_015,16,Done,,3.279,-8.801,grid,-8.803,-4.294,-0.32,-0.0,-2.584,-30.97,-4.309,0.5907,0.0,-52.75,-35.28,1.079
CCC(C)(c1ccc(O)cc1)c1ccc(O)cc1,BPA_CID66166__prepared_state_015,16,Done,,3.279,-8.734,grid,-8.736,-4.311,-0.32,-0.0,-2.537,-31.18,-3.997,0.5907,0.0,-52.59,-35.18,0.9156
CCC(C)(c1ccc(O)cc1)c1ccc(O)cc1,BPA_CID66166__prepared_state_015,16,Done,,3.279,-8.838,grid,-8.84,-4.257,-0.32,-0.0,-2.47,-29.27,-6.131,0.5907,0.0,-52.32,-35.4,2.32
CCC(C)(c1ccc(O)cc1)c1ccc(O)cc1,BPA_CID66166__prepared_state_015,16,Done,,3.279,-8.769,grid,-8.771,-4.203,-0.32,-0.0,-2.475,-28.88,-6.129,0.5907,0.0,-51.7,-35.01,2.506
CCC(C)(c1ccc(O)cc1)c1ccc(O)cc1,BPA_CID66166__prepared_state_015,16,Done,,3.279,-8.648,grid,-8.65,-4.269,-0.32,-0.0,-2.53,-30.83,-3.872,0.5907,0.0,-51.36,-34.71,2.078
CCC(C)(c1ccc(O)cc1)c1ccc(O)cc1,BPA_CID66166__prepared_state_015,16,Done,,3.279,-8.975,grid,-8.976,-4.219,-0.32,-0.0,-2.657,-30.68,-5.584,0.5907,0.0,-51.03,-36.26,7.182
CCC(C)(c1ccc(O)cc1)c1ccc(O)cc1,BPA_CID66166__prepared_state_015,16,Done,,3.279,-8.865,grid,-8.867,-4.2,-0.32,-0.0,-2.56,-26.91,-6.883,0.5907,0.0,-50.99,-33.8,1.897
CCC(C)(c1ccc(O)cc1)c1ccc(O)cc1,BPA_CID66166__prepared_state_015,16,Done,,3.279,-8.79,grid,-8.792,-4.309,-0.32,-0.0,-2.52,-31.02,-4.552,0.5907,0.0,-50.93,-35.57,5.241
CCC(C)(c1ccc(O)cc1)c1ccc(O)cc1,BPA_CID66166__prepared_state_015,16,Done,,3.279,-8.785,grid,-8.787,-4.438,-0.32,-0.0,-2.474,-30.98,-3.979,0.5907,0.0,-50.81,-34.96,4.246
CCC(C)(c1ccc(O)cc1)c1ccc(O)cc1,BPA_CID66166__prepared_state_015,16,Done,,3.279,-8.862,grid,-8.864,-4.29,-0.32,-0.0,-2.622,-29.62,-4.951,0.5907,0.0,-50.61,-34.57,4.188
CCC(C)(c1ccc(O)cc1)c1ccc(O)cc1,BPA_CID66166__prepared_state_015,16,Done,,3.279,-8.393,grid,-8.395,-4.179,-0.1732,-0.0,-2.657,-31.31,-2.738,0.5907,0.0,-50.44,-34.05,1.56
CCC(C)(c1ccc(O)cc1)c1ccc(O)cc1,BPA_CID66166__prepared_state_015,16,Done,,3.279,-8.613,grid,-8.614,-4.17,-0.32,-0.0,-2.65,-30.23,-3.693,0.5907,0.0,-50.17,-33.93,2.745
CCC(C)(c1ccc(O)cc1)c1ccc(O)cc1,BPA_CID66166__prepared_state_015,16,Done,,3.279,-8.598,grid,-8.6,-4.156,-0.32,-0.0,-2.657,-30.16,-3.664,0.5907,0.0,-50.14,-33.82,2.537
CCC(C)(c1ccc(O)cc1)c1ccc(O)cc1,BPA_CID66166__prepared_state_015,16,Done,,3.279,-8.139,grid,-8.141,-4.039,-0.08685,-0.0,-2.649,-31.1,-2.678,0.5907,0.0,-49.53,-33.78,1.795
CCC(C)(c1ccc(O)cc1)c1ccc(O)cc1,BPA_CID66166__prepared_state_015,16,Done,,3.279,-8.288,grid,-8.29,-4.017,-0.2086,-0.0,-2.657,-30.6,-3.12,0.5907,0.0,-49.51,-33.72,2.326
CCC(C)(c1ccc(O)cc1)c1ccc(O)cc1,BPA_CID66166__prepared_state_015,16,Done,,3.279,-7.788,grid,-7.79,-4.075,0.0,-0.0,-2.59,-32.25,-0.6938,0.5907,0.0,-48.79,-32.94,0.1688
CCC(C)(c1ccc(O)cc1)c1ccc(O)cc1,BPA_CID66166__prepared_state_015,16,Done,,3.279,-7.875,grid,-7.877,-4.139,0.0,-0.0,-2.657,-32.25,-0.3956,0.5907,0.0,-48.7,-32.65,0.1229
CCC(C)(c1ccc(O)cc1)c1ccc(O)cc1,BPA_CID66166__prepared_state_015,16,Done,,3.279,-8.029,grid,-8.031,-4.125,0.0,-0.0,-2.657,-31.46,-1.777,0.5907,0.0,-48.62,-33.24,2.089
CCC(C)(c1ccc(O)cc1)c1ccc(O)cc1,BPA_CID66166__prepared_state_015,16,Done,,3.279,-7.804,grid,-7.806,-4.065,0.0,-0.0,-2.657,-31.72,-0.5923,0.5907,0.0,-48.08,-32.32,0.4077
Oc1ccc(C(c2ccc(O)cc2)(C(F)(F)F)C(F)(F)F)cc1,BPA_CID73864__prepared_state_016,17,Done,,4.527,-9.501,grid,-9.503,-3.639,-0.32,-0.0,-3.784,-30.6,-3.763,0.3341,0.0,-49.96,-34.36,2.986
Oc1ccc(C(c2ccc(O)cc2)(C(F)(F)F)C(F)(F)F)cc1,BPA_CID73864__prepared_state_016,17,Done,,4.527,-9.506,grid,-9.508,-3.63,-0.32,-0.0,-3.817,-30.24,-3.759,0.3341,0.0,-49.61,-34.0,2.991
Oc1ccc(C(c2ccc(O)cc2)(C(F)(F)F)C(F)(F)F)cc1,BPA_CID73864__prepared_state_016,17,Done,,4.527,-9.507,grid,-9.509,-3.639,-0.32,-0.0,-3.785,-30.74,-3.748,0.3341,0.0,-49.58,-34.49,4.027
Oc1ccc(C(c2ccc(O)cc2)(C(F)(F)F)C(F)(F)F)cc1,BPA_CID73864__prepared_state_016,17,Done,,4.527,-9.482,grid,-9.483,-3.636,-0.32,-0.0,-3.781,-30.89,-3.574,0.3341,0.0,-49.37,-34.47,4.324
Oc1ccc(C(c2ccc(O)cc2)(C(F)(F)F)C(F)(F)F)cc1,BPA_CID73864__prepared_state_016,17,Done,,4.527,-9.86,grid,-9.861,-3.765,-0.32,-0.0,-3.817,-32.23,-4.553,0.3341,0.0,-48.02,-36.78,13.01
Oc1ccc(C(c2ccc(O)cc2)(C(F)(F)F)C(F)(F)F)cc1,BPA_CID73864__prepared_state_016,17,Done,,4.527,-9.701,grid,-9.702,-3.783,-0.32,-0.0,-3.812,-32.79,-3.212,0.3341,0.0,-46.0,-36.0,14.91
Oc1ccc(C(c2ccc(O)cc2)(C(F)(F)F)C(F)(F)F)cc1,BPA_CID73864__prepared_state_016,17,Done,,4.527,-8.443,grid,-8.445,-3.45,0.0,-0.0,-3.765,-29.74,-0.5137,0.3341,0.0,-45.02,-30.26,0.8734
Oc1ccc(C(c2ccc(O)cc2)(C(F)(F)F)C(F)(F)F)cc1,BPA_CID73864__prepared_state_016,17,Done,,4.527,-8.725,grid,-8.727,-3.842,0.0,-0.0,-3.582,-29.58,-1.052,0.3341,0.0,-44.36,-30.63,3.949
Oc1ccc(C(c2ccc(O)cc2)(C(F)(F)F)C(F)(F)F)cc1,BPA_CID73864__prepared_state_016,17,Done,,4.527,-8.331,grid,-8.333,-3.522,0.0,-0.0,-3.763,-25.96,-0.5682,0.3341,0.0,-40.98,-26.53,1.077
Oc1ccc(C(c2ccc(O)cc2)(C(F)(F)F)C(F)(F)F)cc1,BPA_CID73864__prepared_state_016,17,Done,,4.527,-8.246,grid,-8.248,-3.683,0.0,-0.0,-3.397,-26.94,-1.026,0.3341,0.0,-40.59,-27.97,4.438
Oc1ccc(C(c2ccc(O)cc2)(C(F)(F)F)C(F)(F)F)cc1,BPA_CID73864__prepared_state_016,17,Done,,4.527,-8.319,grid,-8.321,-3.692,0.0,-0.0,-3.479,-26.9,-0.923,0.3341,0.0,-40.18,-27.83,5.229
Oc1ccc(C(c2ccc(O)cc2)(C(F)(F)F)C(F)(F)F)cc1,BPA_CID73864__prepared_state_016,17,Done,,4.527,-8.139,grid,-8.141,-3.695,0.0,-0.0,-3.481,-26.94,0.319,0.3341,0.0,-39.0,-26.62,4.533
Oc1ccc(C(c2ccc(O)cc2)(C(F)(F)F)C(F)(F)F)cc1,BPA_CID73864__prepared_state_016,17,Done,,4.527,-8.403,grid,-8.405,-3.645,0.0,-0.0,-3.807,-23.01,-0.9034,0.3341,0.0,-38.22,-23.91,1.624
Oc1ccc(C(c2ccc(O)cc2)(C(F)(F)F)C(F)(F)F)cc1,BPA_CID73864__prepared_state_016,17,Done,,4.527,-8.594,grid,-8.596,-3.737,0.0,-0.0,-3.817,-28.0,0.1597,0.3341,0.0,-36.32,-27.84,13.96
Oc1ccc(C(c2ccc(O)cc2)(C(F)(F)F)C(F)(F)F)cc1,BPA_CID73864__prepared_state_016,17,Done,,4.527,-8.008,grid,-8.01,-3.107,-0.32,-0.0,-3.274,-16.88,-5.329,0.3341,0.0,-33.86,-22.21,5.536
Oc1ccc(C(c2ccc(O)cc2)(C(F)(F)F)C(F)(F)F)cc1,BPA_CID73864__prepared_state_016,17,Done,,4.527,-8.216,grid,-8.218,-3.399,-0.3222,-0.0,-3.282,-19.39,-3.862,0.3341,0.0,-32.46,-23.25,11.15
Oc1ccc(C(c2ccc(O)cc2)(C(F)(F)F)C(F)(F)F)cc1,BPA_CID73864__prepared_state_016,17,Done,,4.527,-7.969,grid,-7.971,-3.641,0.0,-0.0,-3.697,-19.99,0.2132,0.3341,0.0,-32.3,-19.78,3.642
Oc1ccc(C(c2ccc(O)cc2)(C(F)(F)F)C(F)(F)F)cc1,BPA_CID73864__prepared_state_016,17,Done,,4.527,-8.966,grid,-8.968,-3.747,-0.32,-0.0,-3.51,-19.87,-4.88,0.3341,0.0,-32.27,-24.75,17.23
Oc1ccc(C(c2ccc(O)cc2)(C(F)(F)F)C(F)(F)F)cc1,BPA_CID73864__prepared_state_016,17,Done,,4.527,-8.918,grid,-8.92,-3.756,-0.32,-0.0,-3.504,-20.03,-4.485,0.3341,0.0,-31.58,-24.51,17.97
Oc1ccc(C(c2ccc(O)cc2)(C(F)(F)F)C(F)(F)F)cc1,BPA_CID73864__prepared_state_016,17,Done,,4.527,-7.823,grid,-7.825,-3.11,-0.32,-0.0,-3.283,-16.43,-4.17,0.3341,0.0,-31.56,-20.6,6.235
Oc1ccccc1Cc1ccccc1O,BPA_CID75575__prepared_state_017,18,Done,,2.153,-7.799,grid,-7.895,-3.645,-0.32,-0.0,-2.566,-28.28,-5.1,0.815,0.0,-46.68,-33.38,3.374
Oc1ccccc1Cc1ccccc1O,BPA_CID75575__prepared_state_017,18,Done,,2.153,-7.708,grid,-7.804,-3.79,-0.32,-0.0,-2.56,-27.45,-3.848,0.815,0.0,-45.79,-31.29,0.621
Oc1ccccc1Cc1ccccc1O,BPA_CID75575__prepared_state_017,18,Done,,2.153,-7.47,grid,-7.566,-3.634,-0.3183,-0.0,-2.594,-29.61,-2.366,0.815,0.0,-45.56,-31.98,1.558
Oc1ccccc1Cc1ccccc1O,BPA_CID75575__prepared_state_017,18,Done,,2.153,-7.661,grid,-7.758,-3.644,-0.32,-0.0,-2.602,-28.23,-3.968,0.815,0.0,-44.98,-32.2,3.889
Oc1ccccc1Cc1ccccc1O,BPA_CID75575__prepared_state_017,18,Done,,2.153,-7.531,grid,-7.627,-3.719,-0.1376,-0.0,-2.794,-27.86,-2.655,0.815,0.0,-44.56,-30.52,0.8712
Oc1ccccc1Cc1ccccc1O,BPA_CID75575__prepared_state_017,18,Done,,2.153,-7.773,grid,-7.869,-3.739,-0.2172,-0.0,-2.702,-28.72,-3.933,0.815,0.0,-44.52,-32.65,6.133
Oc1ccccc1Cc1ccccc1O,BPA_CID75575__prepared_state_017,18,Done,,2.153,-7.202,grid,-7.298,-3.65,0.0,-0.0,-2.717,-28.4,-2.176,0.815,0.0,-44.3,-30.57,0.2615
Oc1ccccc1Cc1ccccc1O,BPA_CID75575__prepared_state_017,18,Done,,2.153,-7.201,grid,-7.298,-3.651,0.0,-0.0,-2.717,-28.4,-2.168,0.815,0.0,-44.27,-30.57,0.3088
Oc1ccccc1Cc1ccccc1O,BPA_CID75575__prepared_state_017,18,Done,,2.153,-7.006,grid,-7.103,-3.562,-0.03338,-0.0,-2.524,-28.91,-2.35,0.815,0.0,-44.04,-31.26,1.401
Oc1ccccc1Cc1ccccc1O,BPA_CID75575__prepared_state_017,18,Done,,2.153,-7.497,grid,-7.593,-3.802,0.0,-0.0,-2.927,-28.23,-1.78,0.815,0.0,-43.76,-30.01,1.334
Oc1ccccc1Cc1ccccc1O,BPA_CID75575__prepared_state_017,18,Done,,2.153,-7.377,grid,-7.473,-3.614,-0.32,-0.0,-2.525,-28.01,-2.86,0.815,0.0,-43.49,-30.87,3.119
Oc1ccccc1Cc1ccccc1O,BPA_CID75575__prepared_state_017,18,Done,,2.153,-7.05,grid,-7.146,-3.564,0.0,-0.0,-2.782,-28.75,-1.186,0.815,0.0,-43.36,-29.94,0.2809
Oc1ccccc1Cc1ccccc1O,BPA_CID75575__prepared_state_017,18,Done,,2.153,-7.477,grid,-7.573,-3.635,-0.32,-0.0,-2.638,-27.24,-2.889,0.815,0.0,-43.26,-30.13,2.496
Oc1ccccc1Cc1ccccc1O,BPA_CID75575__prepared_state_017,18,Done,,2.153,-7.237,grid,-7.334,-3.731,-0.2279,-0.0,-2.528,-28.6,-1.548,0.815,0.0,-43.22,-30.15,1.692
Oc1ccccc1Cc1ccccc1O,BPA_CID75575__prepared_state_017,18,Done,,2.153,-6.925,grid,-7.021,-3.647,0.0,-0.0,-2.532,-28.57,-1.523,0.815,0.0,-43.16,-30.1,0.5243
Oc1ccccc1Cc1ccccc1O,BPA_CID75575__prepared_state_017,18,Done,,2.153,-6.992,grid,-7.089,-3.596,0.0,-0.0,-2.736,-28.88,-0.8502,0.815,0.0,-43.12,-29.73,0.1248
Oc1ccccc1Cc1ccccc1O,BPA_CID75575__prepared_state_017,18,Done,,2.153,-7.267,grid,-7.363,-3.703,-0.0134,-0.0,-2.77,-26.97,-2.289,0.815,0.0,-42.85,-29.26,0.7655
Oc1ccccc1Cc1ccccc1O,BPA_CID75575__prepared_state_017,18,Done,,2.153,-6.777,grid,-6.873,-3.614,0.0,-0.0,-2.489,-28.87,-0.9457,0.815,0.0,-42.47,-29.81,0.7778
Oc1ccccc1Cc1ccccc1O,BPA_CID75575__prepared_state_017,18,Done,,2.153,-7.312,grid,-7.408,-3.583,-0.1141,-0.0,-2.829,-26.05,-2.625,0.815,0.0,-42.37,-28.68,0.7426
Oc1ccccc1Cc1ccccc1O,BPA_CID75575__prepared_state_017,18,Done,,2.153,-6.953,grid,-7.049,-3.611,0.0,-0.0,-2.669,-28.91,-0.932,0.815,0.0,-42.17,-29.84,2.085
[O-]c1ccccc1Cc1ccccc1O,BPA_CID75575__prepared_state_018,19,Done,,1.843,-6.679,grid,-7.805,-3.716,-0.32,-0.0,-2.69,-26.83,-3.73,0.8219,0.0,-48.01,-30.56,0.3126
[O-]c1ccccc1Cc1ccccc1O,BPA_CID75575__prepared_state_018,19,Done,,1.843,-6.522,grid,-7.648,-3.671,-0.32,-0.0,-2.601,-26.77,-3.595,0.8219,0.0,-47.06,-30.37,1.111
[O-]c1ccccc1Cc1ccccc1O,BPA_CID75575__prepared_state_018,19,Done,,1.843,-6.193,grid,-7.319,-3.584,-0.1846,-0.0,-2.724,-25.8,-2.387,0.8219,0.0,-43.97,-28.19,1.457
[O-]c1ccccc1Cc1ccccc1O,BPA_CID75575__prepared_state_018,19,Done,,1.843,-6.065,grid,-7.191,-3.681,0.0,-0.0,-2.833,-26.77,-1.065,0.8219,0.0,-43.76,-27.84,0.5931
[O-]c1ccccc1Cc1ccccc1O,BPA_CID75575__prepared_state_018,19,Done,,1.843,-5.999,grid,-7.125,-3.587,-0.32,-0.0,-2.542,-27.14,-0.9426,0.8219,0.0,-43.35,-28.08,1.594
[O-]c1ccccc1Cc1ccccc1O,BPA_CID75575__prepared_state_018,19,Done,,1.843,-5.942,grid,-7.068,-3.61,0.0,-0.0,-2.826,-27.17,-0.6331,0.8219,0.0,-43.21,-27.81,1.079
[O-]c1ccccc1Cc1ccccc1O,BPA_CID75575__prepared_state_018,19,Done,,1.843,-6.308,grid,-7.433,-3.504,-0.2951,-0.0,-2.687,-26.47,-2.967,0.8219,0.0,-42.94,-29.44,6.532
[O-]c1ccccc1Cc1ccccc1O,BPA_CID75575__prepared_state_018,19,Done,,1.843,-6.072,grid,-7.198,-3.743,-0.2767,-0.0,-2.564,-27.38,-0.4501,0.8219,0.0,-42.75,-27.83,2.617
[O-]c1ccccc1Cc1ccccc1O,BPA_CID75575__prepared_state_018,19,Done,,1.843,-5.751,grid,-6.877,-3.705,0.0,-0.0,-2.745,-28.68,1.235,0.8219,0.0,-42.63,-27.44,0.6508
[O-]c1ccccc1Cc1ccccc1O,BPA_CID75575__prepared_state_018,19,Done,,1.843,-5.52,grid,-6.646,-3.637,0.0,-0.0,-2.528,-29.14,1.03,0.8219,0.0,-42.62,-28.11,0.9528
[O-]c1ccccc1Cc1ccccc1O,BPA_CID75575__prepared_state_018,19,Done,,1.843,-5.761,grid,-6.887,-3.639,0.0,-0.0,-2.813,-28.59,1.153,0.8219,0.0,-42.57,-27.44,0.8005
[O-]c1ccccc1Cc1ccccc1O,BPA_CID75575__prepared_state_018,19,Done,,1.843,-5.769,grid,-6.895,-3.624,0.0,-0.0,-2.691,-26.4,-0.5451,0.8219,0.0,-42.4,-26.95,0.2037
[O-]c1ccccc1Cc1ccccc1O,BPA_CID75575__prepared_state_018,19,Done,,1.843,-5.742,grid,-6.868,-3.666,0.0,-0.0,-2.663,-28.27,0.3496,0.8219,0.0,-42.33,-27.92,2.154
[O-]c1ccccc1Cc1ccccc1O,BPA_CID75575__prepared_state_018,19,Done,,1.843,-5.871,grid,-6.997,-3.716,0.0,-0.0,-2.712,-26.41,-0.4742,0.8219,0.0,-42.31,-26.89,0.72
[O-]c1ccccc1Cc1ccccc1O,BPA_CID75575__prepared_state_018,19,Done,,1.843,-5.839,grid,-6.965,-3.143,-0.32,-0.0,-2.636,-23.68,-3.361,0.8219,0.0,-42.3,-27.04,0.905
[O-]c1ccccc1Cc1ccccc1O,BPA_CID75575__prepared_state_018,19,Done,,1.843,-5.866,grid,-6.992,-3.675,0.0,-0.0,-2.776,-26.52,-0.2423,0.8219,0.0,-42.26,-26.76,0.5502
[O-]c1ccccc1Cc1ccccc1O,BPA_CID75575__prepared_state_018,19,Done,,1.843,-5.806,grid,-6.932,-3.717,0.0,-0.0,-2.658,-27.13,-0.144,0.8219,0.0,-42.07,-27.28,1.684
[O-]c1ccccc1Cc1ccccc1O,BPA_CID75575__prepared_state_018,19,Done,,1.843,-5.733,grid,-6.859,-3.697,0.0,-0.0,-2.736,-27.83,0.9569,0.8219,0.0,-42.03,-26.87,0.6334
[O-]c1ccccc1Cc1ccccc1O,BPA_CID75575__prepared_state_018,19,Done,,1.843,-5.795,grid,-6.921,-3.68,0.0,-0.0,-2.723,-29.29,0.827,0.8219,0.0,-41.99,-28.46,4.157
[O-]c1ccccc1Cc1ccccc1O,BPA_CID75575__prepared_state_018,19,Done,,1.843,-5.909,grid,-7.035,-3.636,-0.07402,-0.0,-2.758,-25.99,-0.5992,0.8219,0.0,-41.77,-26.59,1.357
CC1(C)[C@H](O)C(C)(C)[C@@H]1O,BPA_CID76382__prepared_state_019,20,Done,,1.791,-5.999,grid,-5.999,-1.963,-0.32,-0.0,-2.57,-15.17,-2.587,0.0,0.0,-23.24,-17.76,1.051
CC1(C)[C@H](O)C(C)(C)[C@@H]1O,BPA_CID76382__prepared_state_019,20,Done,,1.791,-5.733,grid,-5.733,-2.177,0.0,-0.0,-2.663,-16.77,-0.3601,0.0,0.0,-22.87,-17.13,0.0001411
CC1(C)[C@H](O)C(C)(C)[C@@H]1O,BPA_CID76382__prepared_state_019,20,Done,,1.791,-5.507,grid,-5.507,-2.018,0.0,-0.0,-2.592,-15.96,-0.6672,0.0,0.0,-21.64,-16.63,1.006
CC1(C)[C@H](O)C(C)(C)[C@@H]1O,BPA_CID76382__prepared_state_019,20,Done,,1.791,-5.507,grid,-5.507,-2.006,0.0,-0.0,-2.636,-16.05,-0.4187,0.0,0.0,-21.48,-16.47,0.9972
CC1(C)[C@H](O)C(C)(C)[C@@H]1O,BPA_CID76382__prepared_state_019,20,Done,,1.791,-5.442,grid,-5.442,-1.867,0.0,-0.0,-2.708,-15.05,-0.7614,0.0,0.0,-20.71,-15.81,1.106
CC1(C)[C@H](O)C(C)(C)[C@@H]1O,BPA_CID76382__prepared_state_019,20,Done,,1.791,-5.367,grid,-5.367,-1.966,0.0,-0.0,-2.676,-14.83,0.1039,0.0,0.0,-19.97,-14.73,0.2585
CC1(C)[C@H](O)C(C)(C)[C@@H]1O,BPA_CID76382__prepared_state_019,20,Done,,1.791,-5.191,grid,-5.191,-1.8,0.0,-0.0,-2.549,-13.65,-1.063,0.0,0.0,-19.91,-14.72,0.00543
CC1(C)[C@H](O)C(C)(C)[C@@H]1O,BPA_CID76382__prepared_state_019,20,Done,,1.791,-5.141,grid,-5.141,-1.996,0.0,-0.0,-2.421,-15.28,0.2702,0.0,0.0,-19.62,-15.01,1.072
CC1(C)[C@H](O)C(C)(C)[C@@H]1O,BPA_CID76382__prepared_state_019,20,Done,,1.791,-5.877,grid,-5.877,-1.925,-0.32,-0.0,-2.508,-10.21,-4.089,0.0,0.0,-19.6,-14.3,1.164
CC1(C)[C@H](O)C(C)(C)[C@@H]1O,BPA_CID76382__prepared_state_019,20,Done,,1.791,-4.993,grid,-4.993,-1.943,0.0,-0.0,-2.333,-14.16,-0.06063,0.0,0.0,-19.21,-14.22,0.01489
CC1(C)[C@H](O)C(C)(C)[C@@H]1O,BPA_CID76382__prepared_state_019,20,Done,,1.791,-5.875,grid,-5.875,-1.95,-0.32,-0.0,-2.508,-9.892,-4.012,0.0,0.0,-19.21,-13.9,1.147
CC1(C)[C@H](O)C(C)(C)[C@@H]1O,BPA_CID76382__prepared_state_019,20,Done,,1.791,-5.472,grid,-5.472,-2.058,0.0,-0.0,-2.613,-14.23,-0.5964,0.0,0.0,-19.19,-14.83,2.238
CC1(C)[C@H](O)C(C)(C)[C@@H]1O,BPA_CID76382__prepared_state_019,20,Done,,1.791,-4.978,grid,-4.978,-1.911,0.0,-0.0,-2.25,-13.67,-0.8899,0.0,0.0,-19.04,-14.56,1.014
CC1(C)[C@H](O)C(C)(C)[C@@H]1O,BPA_CID76382__prepared_state_019,20,Done,,1.791,-5.106,grid,-5.106,-1.925,0.0,-0.0,-2.5,-13.89,0.0922,0.0,0.0,-18.41,-13.79,0.9932
CC1(C)[C@H](O)C(C)(C)[C@@H]1O,BPA_CID76382__prepared_state_019,20,Done,,1.791,-5.141,grid,-5.141,-1.883,0.0,-0.0,-2.582,-13.93,0.1367,0.0,0.0,-18.4,-13.79,1.078
CC1(C)[C@H](O)C(C)(C)[C@@H]1O,BPA_CID76382__prepared_state_019,20,Done,,1.791,-5.216,grid,-5.216,-1.995,0.0,-0.0,-2.589,-14.42,0.5902,0.0,0.0,-18.0,-13.83,2.104
CC1(C)[C@H](O)C(C)(C)[C@@H]1O,BPA_CID76382__prepared_state_019,20,Done,,1.791,-3.831,grid,-3.831,-0.4501,-0.2081,-0.0,-2.25,-13.48,-1.658,0.0,0.0,-17.7,-15.13,2.532
CC1(C)[C@H](O)C(C)(C)[C@@H]1O,BPA_CID76382__prepared_state_019,20,Done,,1.791,-3.97,grid,-3.97,-0.3932,-0.1556,-0.0,-2.25,-9.765,-4.55,0.0,0.0,-16.97,-14.31,2.637
CC1(C)[C@H](O)C(C)(C)[C@@H]1O,BPA_CID76382__prepared_state_019,20,Done,,1.791,-5.748,grid,-5.748,-1.984,-0.32,-0.0,-2.514,-6.028,-4.185,0.0,0.0,-15.93,-10.21,0.07451
CC1(C)[C@H](O)C(C)(C)[C@@H]1O,BPA_CID76382__prepared_state_019,20,Done,,1.791,-4.013,grid,-4.013,-0.654,-0.1498,-0.0,-2.25,-8.558,-3.545,0.0,0.0,-15.82,-12.1,0.6027
CC1(C)[C@H](O)C(C)(C)[C@H]1O,BPA_CID76382__prepared_state_020,21,Done,,1.958,-5.896,grid,-5.896,-2.141,0.0,-0.0,-2.692,-16.61,-1.555,0.0,0.0,-24.55,-18.16,0.004807
CC1(C)[C@H](O)C(C)(C)[C@H]1O,BPA_CID76382__prepared_state_020,21,Done,,1.958,-6.16,grid,-6.16,-2.038,-0.32,-0.0,-2.599,-15.52,-2.851,0.0,0.0,-24.29,-18.37,1.503
CC1(C)[C@H](O)C(C)(C)[C@H]1O,BPA_CID76382__prepared_state_020,21,Done,,1.958,-5.695,grid,-5.695,-2.113,0.0,-0.0,-2.667,-16.72,-0.5289,0.0,0.0,-23.42,-17.25,0.001316
CC1(C)[C@H](O)C(C)(C)[C@H]1O,BPA_CID76382__prepared_state_020,21,Done,,1.958,-5.928,grid,-5.928,-2.022,-0.32,-0.0,-2.45,-14.69,-2.674,0.0,0.0,-23.11,-17.37,1.364
CC1(C)[C@H](O)C(C)(C)[C@H]1O,BPA_CID76382__prepared_state_020,21,Done,,1.958,-5.622,grid,-5.622,-2.022,0.0,-0.0,-2.567,-15.97,-1.566,0.0,0.0,-23.06,-17.53,1.138
CC1(C)[C@H](O)C(C)(C)[C@H]1O,BPA_CID76382__prepared_state_020,21,Done,,1.958,-5.714,grid,-5.714,-2.097,0.0,-0.0,-2.658,-15.68,-1.163,0.0,0.0,-23.02,-16.84,0.03005
CC1(C)[C@H](O)C(C)(C)[C@H]1O,BPA_CID76382__prepared_state_020,21,Done,,1.958,-6.546,grid,-6.546,-2.088,-0.4807,-0.0,-2.592,-11.67,-5.347,0.0,0.0,-22.99,-17.02,2.237
CC1(C)[C@H](O)C(C)(C)[C@H]1O,BPA_CID76382__prepared_state_020,21,Done,,1.958,-6.365,grid,-6.365,-2.044,-0.4779,-0.0,-2.567,-11.87,-4.553,0.0,0.0,-22.75,-16.42,1.142
CC1(C)[C@H](O)C(C)(C)[C@H]1O,BPA_CID76382__prepared_state_020,21,Done,,1.958,-6.487,grid,-6.487,-2.063,-0.4805,-0.0,-2.6,-11.61,-5.086,0.0,0.0,-22.63,-16.7,2.201
CC1(C)[C@H](O)C(C)(C)[C@H]1O,BPA_CID76382__prepared_state_020,21,Done,,1.958,-5.563,grid,-5.563,-2.165,0.0,-0.0,-2.567,-16.22,-0.1392,0.0,0.0,-22.39,-16.36,0.0002054
CC1(C)[C@H](O)C(C)(C)[C@H]1O,BPA_CID76382__prepared_state_020,21,Done,,1.958,-5.981,grid,-5.981,-2.002,-0.32,-0.0,-2.592,-13.81,-2.515,0.0,0.0,-22.26,-16.33,1.09
CC1(C)[C@H](O)C(C)(C)[C@H]1O,BPA_CID76382__prepared_state_020,21,Done,,1.958,-5.878,grid,-5.878,-2.009,-0.32,-0.0,-2.592,-13.82,-1.776,0.0,0.0,-21.95,-15.6,0.04337
CC1(C)[C@H](O)C(C)(C)[C@H]1O,BPA_CID76382__prepared_state_020,21,Done,,1.958,-5.401,grid,-5.401,-1.984,0.0,-0.0,-2.593,-16.62,0.04792,0.0,0.0,-21.92,-16.57,1.007
CC1(C)[C@H](O)C(C)(C)[C@H]1O,BPA_CID76382__prepared_state_020,21,Done,,1.958,-6.363,grid,-6.363,-2.023,-0.4904,-0.0,-2.558,-11.21,-4.871,0.0,0.0,-21.9,-16.08,2.153
CC1(C)[C@H](O)C(C)(C)[C@H]1O,BPA_CID76382__prepared_state_020,21,Done,,1.958,-5.435,grid,-5.435,-1.998,0.0,-0.0,-2.613,-16.5,0.003384,0.0,0.0,-21.87,-16.5,1.034
CC1(C)[C@H](O)C(C)(C)[C@H]1O,BPA_CID76382__prepared_state_020,21,Done,,1.958,-6.612,grid,-6.612,-1.959,-0.7595,-0.0,-2.431,-7.42,-7.282,0.0,0.0,-21.33,-14.7,1.084
CC1(C)[C@H](O)C(C)(C)[C@H]1O,BPA_CID76382__prepared_state_020,21,Done,,1.958,-5.291,grid,-5.291,-1.902,0.0,-0.0,-2.542,-15.54,-0.4745,0.0,0.0,-21.21,-16.01,1.075
CC1(C)[C@H](O)C(C)(C)[C@H]1O,BPA_CID76382__prepared_state_020,21,Done,,1.958,-5.551,grid,-5.551,-2.099,0.0,-0.0,-2.7,-16.02,0.3274,0.0,0.0,-21.17,-15.69,1.082
CC1(C)[C@H](O)C(C)(C)[C@H]1O,BPA_CID76382__prepared_state_020,21,Done,,1.958,-5.243,grid,-5.243,-1.854,0.0,-0.0,-2.539,-15.39,-0.5379,0.0,0.0,-21.07,-15.93,1.087
CC1(C)[C@H](O)C(C)(C)[C@H]1O,BPA_CID76382__prepared_state_020,21,Done,,1.958,-5.612,grid,-5.612,-2.079,-0.03388,-0.0,-2.555,-12.88,-1.999,0.0,0.0,-20.92,-14.87,0.07746
COC(=O)C(c1ccc(O)cc1)c1ccc(O)cc1,BPA_CID78805__prepared_state_021,22,Done,,3.311,-8.991,grid,-8.993,-3.858,-0.32,-0.0,-2.919,-36.03,-5.932,0.7943,0.0,-58.18,-41.96,6.64
COC(=O)C(c1ccc(O)cc1)c1ccc(O)cc1,BPA_CID78805__prepared_state_021,22,Done,,3.311,-8.669,grid,-8.671,-3.777,-0.32,-0.0,-2.788,-36.05,-5.187,0.7943,0.0,-56.57,-41.24,7.018
COC(=O)C(c1ccc(O)cc1)c1ccc(O)cc1,BPA_CID78805__prepared_state_021,22,Done,,3.311,-8.672,grid,-8.675,-3.778,-0.32,-0.0,-2.789,-36.09,-5.187,0.7943,0.0,-56.32,-41.27,7.61
COC(=O)C(c1ccc(O)cc1)c1ccc(O)cc1,BPA_CID78805__prepared_state_021,22,Done,,3.311,-7.978,grid,-7.981,-3.876,0.0,-0.0,-2.726,-37.27,-2.066,0.7943,0.0,-54.84,-39.33,3.664
COC(=O)C(c1ccc(O)cc1)c1ccc(O)cc1,BPA_CID78805__prepared_state_021,22,Done,,3.311,-7.829,grid,-7.832,-4.058,0.0,-0.0,-2.55,-38.75,-0.537,0.7943,0.0,-54.04,-39.29,4.515
COC(=O)C(c1ccc(O)cc1)c1ccc(O)cc1,BPA_CID78805__prepared_state_021,22,Done,,3.311,-7.968,grid,-7.97,-3.967,0.0,-0.0,-2.79,-37.55,-0.8673,0.7943,0.0,-53.93,-38.42,3.618
COC(=O)C(c1ccc(O)cc1)c1ccc(O)cc1,BPA_CID78805__prepared_state_021,22,Done,,3.311,-7.974,grid,-7.977,-3.953,0.0,-0.0,-2.79,-37.57,-1.001,0.7943,0.0,-53.68,-38.57,4.434
COC(=O)C(c1ccc(O)cc1)c1ccc(O)cc1,BPA_CID78805__prepared_state_021,22,Done,,3.311,-8.007,grid,-8.009,-3.97,0.0,-0.0,-2.892,-34.25,-1.527,0.7943,0.0,-50.13,-35.78,6.087
COC(=O)C(c1ccc(O)cc1)c1ccc(O)cc1,BPA_CID78805__prepared_state_021,22,Done,,3.311,-7.679,grid,-7.681,-3.176,-0.4171,-0.0,-2.598,-27.39,-6.096,0.7943,0.0,-46.67,-33.49,7.006
COC(=O)C(c1ccc(O)cc1)c1ccc(O)cc1,BPA_CID78805__prepared_state_021,22,Done,,3.311,-7.21,grid,-7.212,-3.579,0.0,-0.0,-2.663,-34.19,-0.3617,0.7943,0.0,-46.1,-34.55,8.236
COC(=O)C(c1ccc(O)cc1)c1ccc(O)cc1,BPA_CID78805__prepared_state_021,22,Done,,3.311,-7.36,grid,-7.363,-3.786,0.0,-0.0,-2.642,-35.15,0.1922,0.7943,0.0,-46.09,-34.95,9.727
COC(=O)C(c1ccc(O)cc1)c1ccc(O)cc1,BPA_CID78805__prepared_state_021,22,Done,,3.311,-6.873,grid,-6.875,-3.618,0.0,-0.0,-2.494,-34.49,1.113,0.7943,0.0,-46.01,-33.38,4.596
COC(=O)C(c1ccc(O)cc1)c1ccc(O)cc1,BPA_CID78805__prepared_state_021,22,Done,,3.311,-7.291,grid,-7.293,-3.781,0.0,-0.0,-2.611,-29.87,-1.342,0.7943,0.0,-43.79,-31.22,6.531
COC(=O)C(c1ccc(O)cc1)c1ccc(O)cc1,BPA_CID78805__prepared_state_021,22,Done,,3.311,-5.186,grid,-5.188,-3.692,-0.32,-0.0,0.2394,-31.26,-4.312,0.7943,0.0,-43.45,-35.57,6.769
COC(=O)C(c1ccc(O)cc1)c1ccc(O)cc1,BPA_CID78805__prepared_state_021,22,Done,,3.311,-7.736,grid,-7.738,-4.248,0.0,-0.0,-2.744,-31.5,0.2325,0.7943,0.0,-42.76,-31.27,10.63
COC(=O)C(c1ccc(O)cc1)c1ccc(O)cc1,BPA_CID78805__prepared_state_021,22,Done,,3.311,-7.287,grid,-7.289,-3.783,0.0,-0.0,-2.651,-29.47,-1.178,0.7943,0.0,-42.19,-30.64,8.577
COC(=O)C(c1ccc(O)cc1)c1ccc(O)cc1,BPA_CID78805__prepared_state_021,22,Done,,3.311,-7.278,grid,-7.281,-3.942,0.0,-0.0,-2.697,-28.13,-0.2,0.7943,0.0,-41.89,-28.33,4.513
COC(=O)C(c1ccc(O)cc1)c1ccc(O)cc1,BPA_CID78805__prepared_state_021,22,Done,,3.311,-7.299,grid,-7.301,-3.986,0.0,-0.0,-2.725,-27.55,-0.04554,0.7943,0.0,-41.16,-27.6,4.601
COC(=O)C(c1ccc(O)cc1)c1ccc(O)cc1,BPA_CID78805__prepared_state_021,22,Done,,3.311,-6.865,grid,-6.868,-3.246,-0.1721,-0.0,-2.64,-26.08,-2.0,0.7943,0.0,-40.92,-28.08,4.176
COC(=O)C(c1ccc(O)cc1)c1ccc(O)cc1,BPA_CID78805__prepared_state_021,22,Done,,3.311,-7.237,grid,-7.239,-3.664,0.0,-0.0,-2.658,-27.34,-2.295,0.7943,0.0,-40.39,-29.64,9.941
Cc1cc(Cc2cc(C)c(O)c(C)c2)cc(C)c1O,BPA_CID79345__prepared_state_022,23,Done,,3.097,-9.34,grid,-9.341,-4.564,-0.32,-0.0,-2.561,-35.22,-4.471,0.5364,0.0,-58.48,-39.69,2.967
Cc1cc(Cc2cc(C)c(O)c(C)c2)cc(C)c1O,BPA_CID79345__prepared_state_022,23,Done,,3.097,-9.269,grid,-9.269,-4.566,-0.32,-0.0,-2.561,-35.2,-3.991,0.5364,0.0,-58.37,-39.19,1.859
Cc1cc(Cc2cc(C)c(O)c(C)c2)cc(C)c1O,BPA_CID79345__prepared_state_022,23,Done,,3.097,-8.896,grid,-8.897,-4.916,0.0,-0.0,-2.529,-39.53,-0.0719,0.5364,0.0,-57.3,-39.6,3.203
Cc1cc(Cc2cc(C)c(O)c(C)c2)cc(C)c1O,BPA_CID79345__prepared_state_022,23,Done,,3.097,-8.684,grid,-8.684,-4.258,-0.32,-0.0,-2.37,-34.16,-3.768,0.5364,0.0,-56.05,-37.93,1.455
Cc1cc(Cc2cc(C)c(O)c(C)c2)cc(C)c1O,BPA_CID79345__prepared_state_022,23,Done,,3.097,-8.673,grid,-8.674,-4.252,-0.32,-0.0,-2.37,-34.21,-3.718,0.5364,0.0,-56.04,-37.93,1.418
Cc1cc(Cc2cc(C)c(O)c(C)c2)cc(C)c1O,BPA_CID79345__prepared_state_022,23,Done,,3.097,-8.647,grid,-8.647,-4.233,-0.32,-0.0,-2.37,-33.95,-3.758,0.5364,0.0,-55.83,-37.71,1.294
Cc1cc(Cc2cc(C)c(O)c(C)c2)cc(C)c1O,BPA_CID79345__prepared_state_022,23,Done,,3.097,-8.659,grid,-8.659,-4.237,-0.32,-0.0,-2.378,-33.95,-3.754,0.5364,0.0,-55.74,-37.7,1.494
Cc1cc(Cc2cc(C)c(O)c(C)c2)cc(C)c1O,BPA_CID79345__prepared_state_022,23,Done,,3.097,-8.657,grid,-8.657,-4.815,0.0,-0.0,-2.467,-37.42,-0.2702,0.5364,0.0,-54.9,-37.69,3.146
Cc1cc(Cc2cc(C)c(O)c(C)c2)cc(C)c1O,BPA_CID79345__prepared_state_022,23,Done,,3.097,-8.355,grid,-8.356,-4.212,-0.2022,-0.0,-2.452,-33.49,-2.345,0.5364,0.0,-53.41,-35.83,1.114
Cc1cc(Cc2cc(C)c(O)c(C)c2)cc(C)c1O,BPA_CID79345__prepared_state_022,23,Done,,3.097,-8.484,grid,-8.484,-4.162,-0.3197,-0.0,-2.48,-32.8,-2.799,0.5364,0.0,-53.32,-35.6,1.376
Cc1cc(Cc2cc(C)c(O)c(C)c2)cc(C)c1O,BPA_CID79345__prepared_state_022,23,Done,,3.097,-8.324,grid,-8.324,-4.152,-0.2897,-0.0,-2.367,-33.2,-2.613,0.5364,0.0,-53.21,-35.82,1.328
Cc1cc(Cc2cc(C)c(O)c(C)c2)cc(C)c1O,BPA_CID79345__prepared_state_022,23,Done,,3.097,-8.324,grid,-8.324,-4.184,-0.2737,-0.0,-2.393,-32.78,-2.476,0.5364,0.0,-52.95,-35.25,0.7344
Cc1cc(Cc2cc(C)c(O)c(C)c2)cc(C)c1O,BPA_CID79345__prepared_state_022,23,Done,,3.097,-8.593,grid,-8.593,-4.208,-0.2917,-0.0,-2.561,-30.89,-3.491,0.5364,0.0,-52.39,-34.38,1.274
Cc1cc(Cc2cc(C)c(O)c(C)c2)cc(C)c1O,BPA_CID79345__prepared_state_022,23,Done,,3.097,-8.202,grid,-8.203,-4.243,0.0,-0.0,-2.558,-32.53,-2.077,0.5364,0.0,-51.87,-34.61,1.067
Cc1cc(Cc2cc(C)c(O)c(C)c2)cc(C)c1O,BPA_CID79345__prepared_state_022,23,Done,,3.097,-8.365,grid,-8.366,-4.532,0.0,-0.0,-2.5,-32.23,-1.725,0.5364,0.0,-51.69,-33.95,0.8215
Cc1cc(Cc2cc(C)c(O)c(C)c2)cc(C)c1O,BPA_CID79345__prepared_state_022,23,Done,,3.097,-7.76,grid,-7.761,-4.132,0.0,-0.0,-2.455,-34.2,0.004711,0.5364,0.0,-50.65,-34.2,0.7648
Cc1cc(Cc2cc(C)c(O)c(C)c2)cc(C)c1O,BPA_CID79345__prepared_state_022,23,Done,,3.097,-7.743,grid,-7.744,-4.085,0.0,-0.0,-2.499,-33.97,0.02002,0.5364,0.0,-50.35,-33.95,0.8162
Cc1cc(Cc2cc(C)c(O)c(C)c2)cc(C)c1O,BPA_CID79345__prepared_state_022,23,Done,,3.097,-7.606,grid,-7.606,-4.067,0.0,-0.0,-2.39,-33.99,0.09212,0.5364,0.0,-49.88,-33.9,1.051
Cc1cc(Cc2cc(C)c(O)c(C)c2)cc(C)c1O,BPA_CID79345__prepared_state_022,23,Done,,3.097,-7.612,grid,-7.613,-4.08,0.0,-0.0,-2.433,-33.75,0.3391,0.5364,0.0,-49.8,-33.41,0.2542
Cc1cc(Cc2cc(C)c(O)c(C)c2)cc(C)c1O,BPA_CID79345__prepared_state_022,23,Done,,3.097,-8.13,grid,-8.13,-4.477,0.0,-0.0,-2.425,-31.14,-1.39,0.5364,0.0,-49.31,-32.53,1.71
O=S(=O)(c1ccc(O)cc1)c1ccccc1O,BPA_CID79381__prepared_state_023,24,Done,,2.092,-7.731,grid,-8.045,-3.453,-0.32,-0.0,-2.641,-32.1,-3.904,0.5589,0.0,-52.45,-36.0,2.372
O=S(=O)(c1ccc(O)cc1)c1ccccc1O,BPA_CID79381__prepared_state_023,24,Done,,2.092,-7.956,grid,-8.269,-3.399,-0.608,-0.0,-2.551,-30.22,-5.061,0.5589,0.0,-52.34,-35.28,2.127
O=S(=O)(c1ccc(O)cc1)c1ccccc1O,BPA_CID79381__prepared_state_023,24,Done,,2.092,-7.532,grid,-7.845,-3.216,-0.32,-0.0,-2.702,-31.66,-3.885,0.5589,0.0,-51.85,-35.55,1.786
O=S(=O)(c1ccc(O)cc1)c1ccccc1O,BPA_CID79381__prepared_state_023,24,Done,,2.092,-7.399,grid,-7.712,-3.542,0.0,-0.0,-2.864,-33.48,-1.271,0.5589,0.0,-50.51,-34.75,2.272
O=S(=O)(c1ccc(O)cc1)c1ccccc1O,BPA_CID79381__prepared_state_023,24,Done,,2.092,-7.31,grid,-7.624,-3.51,0.0,-0.0,-2.65,-33.38,-2.361,0.5589,0.0,-49.57,-35.74,5.758
O=S(=O)(c1ccc(O)cc1)c1ccccc1O,BPA_CID79381__prepared_state_023,24,Done,,2.092,-7.188,grid,-7.502,-3.573,0.0,-0.0,-2.698,-34.15,-0.5462,0.5589,0.0,-49.5,-34.7,3.279
O=S(=O)(c1ccc(O)cc1)c1ccccc1O,BPA_CID79381__prepared_state_023,24,Done,,2.092,-7.408,grid,-7.722,-3.464,-0.32,-0.0,-2.504,-30.33,-3.173,0.5589,0.0,-49.47,-33.5,1.898
O=S(=O)(c1ccc(O)cc1)c1ccccc1O,BPA_CID79381__prepared_state_023,24,Done,,2.092,-7.307,grid,-7.621,-3.462,0.0,-0.0,-2.712,-33.25,-2.296,0.5589,0.0,-49.44,-35.54,5.621
O=S(=O)(c1ccc(O)cc1)c1ccccc1O,BPA_CID79381__prepared_state_023,24,Done,,2.092,-7.28,grid,-7.594,-3.46,0.0,-0.0,-2.687,-33.34,-2.253,0.5589,0.0,-49.34,-35.59,5.787
O=S(=O)(c1ccc(O)cc1)c1ccccc1O,BPA_CID79381__prepared_state_023,24,Done,,2.092,-7.486,grid,-7.8,-3.468,-0.294,-0.0,-2.578,-29.93,-3.481,0.5589,0.0,-49.06,-33.41,2.881
O=S(=O)(c1ccc(O)cc1)c1ccccc1O,BPA_CID79381__prepared_state_023,24,Done,,2.092,-7.363,grid,-7.677,-3.464,-0.2241,-0.0,-2.583,-30.13,-3.055,0.5589,0.0,-48.76,-33.19,2.508
O=S(=O)(c1ccc(O)cc1)c1ccccc1O,BPA_CID79381__prepared_state_023,24,Done,,2.092,-6.628,grid,-6.942,-3.185,0.0,-0.0,-2.535,-32.99,-0.8755,0.5589,0.0,-48.69,-33.87,0.7887
O=S(=O)(c1ccc(O)cc1)c1ccccc1O,BPA_CID79381__prepared_state_023,24,Done,,2.092,-6.626,grid,-6.939,-3.183,0.0,-0.0,-2.535,-32.97,-0.8811,0.5589,0.0,-48.68,-33.85,0.7582
O=S(=O)(c1ccc(O)cc1)c1ccccc1O,BPA_CID79381__prepared_state_023,24,Done,,2.092,-7.098,grid,-7.412,-3.557,0.0,-0.0,-2.78,-33.47,0.2683,0.5589,0.0,-48.16,-33.2,2.561
O=S(=O)(c1ccc(O)cc1)c1ccccc1O,BPA_CID79381__prepared_state_023,24,Done,,2.092,-7.557,grid,-7.87,-3.272,-0.32,-0.0,-2.704,-28.12,-4.842,0.5589,0.0,-47.88,-32.96,4.673
O=S(=O)(c1ccc(O)cc1)c1ccccc1O,BPA_CID79381__prepared_state_023,24,Done,,2.092,-6.424,grid,-6.737,-3.128,0.0,-0.0,-2.42,-32.66,-0.767,0.5589,0.0,-47.83,-33.43,0.7265
O=S(=O)(c1ccc(O)cc1)c1ccccc1O,BPA_CID79381__prepared_state_023,24,Done,,2.092,-7.598,grid,-7.912,-3.338,-0.32,-0.0,-2.741,-27.41,-4.674,0.5589,0.0,-47.28,-32.09,4.285
O=S(=O)(c1ccc(O)cc1)c1ccccc1O,BPA_CID79381__prepared_state_023,24,Done,,2.092,-6.885,grid,-7.199,-3.467,0.0,-0.0,-2.564,-31.34,-1.07,0.5589,0.0,-46.97,-32.41,2.441
O=S(=O)(c1ccc(O)cc1)c1ccccc1O,BPA_CID79381__prepared_state_023,24,Done,,2.092,-6.61,grid,-6.924,-3.21,0.0,-0.0,-2.707,-32.13,0.2705,0.5589,0.0,-46.78,-31.86,0.5073
O=S(=O)(c1ccc(O)cc1)c1ccccc1O,BPA_CID79381__prepared_state_023,24,Done,,2.092,-6.976,grid,-7.29,-3.39,-0.08907,-0.0,-2.626,-29.82,-1.681,0.5589,0.0,-46.78,-31.5,1.401
O=S(=O)(c1ccc([O-])cc1)c1ccccc1O,BPA_CID79381__prepared_state_024,25,Done,,1.985,-6.646,grid,-7.584,-3.491,-0.09481,-0.0,-2.724,-31.93,-1.597,0.5628,0.0,-47.69,-33.53,4.751
O=S(=O)(c1ccc([O-])cc1)c1ccccc1O,BPA_CID79381__prepared_state_024,25,Done,,1.985,-6.586,grid,-7.523,-3.466,-0.08506,-0.0,-2.701,-31.66,-1.678,0.5628,0.0,-47.42,-33.34,4.648
O=S(=O)(c1ccc([O-])cc1)c1ccccc1O,BPA_CID79381__prepared_state_024,25,Done,,1.985,-6.737,grid,-7.674,-3.568,-0.32,-0.0,-2.619,-29.17,-1.813,0.5628,0.0,-46.68,-30.99,2.082
O=S(=O)(c1ccc([O-])cc1)c1ccccc1O,BPA_CID79381__prepared_state_024,25,Done,,1.985,-6.458,grid,-7.395,-3.442,0.0,-0.0,-2.812,-30.16,-1.308,0.5628,0.0,-46.5,-31.46,2.183
O=S(=O)(c1ccc([O-])cc1)c1ccccc1O,BPA_CID79381__prepared_state_024,25,Done,,1.985,-6.586,grid,-7.523,-3.439,-0.2235,-0.0,-2.799,-30.12,-0.7926,0.5628,0.0,-46.06,-30.91,2.508
O=S(=O)(c1ccc([O-])cc1)c1ccccc1O,BPA_CID79381__prepared_state_024,25,Done,,1.985,-5.772,grid,-6.709,-3.195,0.0,-0.0,-2.482,-31.33,-0.1939,0.5628,0.0,-45.52,-31.53,1.278
O=S(=O)(c1ccc([O-])cc1)c1ccccc1O,BPA_CID79381__prepared_state_024,25,Done,,1.985,-6.295,grid,-7.232,-3.398,-0.01169,-0.0,-2.647,-31.48,-1.102,0.5628,0.0,-45.19,-32.58,6.314
O=S(=O)(c1ccc([O-])cc1)c1ccccc1O,BPA_CID79381__prepared_state_024,25,Done,,1.985,-5.607,grid,-6.544,-3.135,0.0,-0.0,-2.421,-30.74,-0.09088,0.5628,0.0,-44.51,-30.84,1.193
O=S(=O)(c1ccc([O-])cc1)c1ccccc1O,BPA_CID79381__prepared_state_024,25,Done,,1.985,-6.125,grid,-7.062,-3.497,0.0,-0.0,-2.596,-29.97,-0.2247,0.5628,0.0,-44.45,-30.2,2.296
O=S(=O)(c1ccc([O-])cc1)c1ccccc1O,BPA_CID79381__prepared_state_024,25,Done,,1.985,-5.663,grid,-6.6,-3.055,0.0,-0.0,-2.631,-30.54,0.3302,0.5628,0.0,-44.12,-30.21,0.9571
O=S(=O)(c1ccc([O-])cc1)c1ccccc1O,BPA_CID79381__prepared_state_024,25,Done,,1.985,-5.765,grid,-6.703,-3.155,0.0,-0.0,-2.7,-30.9,0.8999,0.5628,0.0,-44.09,-30.0,1.059
O=S(=O)(c1ccc([O-])cc1)c1ccccc1O,BPA_CID79381__prepared_state_024,25,Done,,1.985,-5.79,grid,-6.727,-3.209,0.0,-0.0,-2.598,-29.09,-0.185,0.5628,0.0,-43.47,-29.27,0.9294
O=S(=O)(c1ccc([O-])cc1)c1ccccc1O,BPA_CID79381__prepared_state_024,25,Done,,1.985,-6.138,grid,-7.075,-3.402,0.0,-0.0,-2.805,-28.97,0.1156,0.5628,0.0,-43.38,-28.86,1.808
O=S(=O)(c1ccc([O-])cc1)c1ccccc1O,BPA_CID79381__prepared_state_024,25,Done,,1.985,-5.589,grid,-6.526,-3.11,0.0,-0.0,-2.578,-29.79,0.5976,0.5628,0.0,-43.09,-29.19,0.6694
O=S(=O)(c1ccc([O-])cc1)c1ccccc1O,BPA_CID79381__prepared_state_024,25,Done,,1.985,-5.906,grid,-6.843,-3.11,0.0,-0.0,-2.851,-28.95,0.01561,0.5628,0.0,-43.01,-28.93,1.691
O=S(=O)(c1ccc([O-])cc1)c1ccccc1O,BPA_CID79381__prepared_state_024,25,Done,,1.985,-5.761,grid,-6.699,-3.055,0.0,-0.0,-2.784,-30.06,0.5336,0.5628,0.0,-42.94,-29.53,2.391
O=S(=O)(c1ccc([O-])cc1)c1ccccc1O,BPA_CID79381__prepared_state_024,25,Done,,1.985,-5.711,grid,-6.649,-3.129,0.0,-0.0,-2.563,-29.81,-0.1899,0.5628,0.0,-42.88,-30.0,3.239
O=S(=O)(c1ccc([O-])cc1)c1ccccc1O,BPA_CID79381__prepared_state_024,25,Done,,1.985,-5.564,grid,-6.501,-2.729,-0.1153,-0.0,-2.637,-27.83,-1.272,0.5628,0.0,-42.8,-29.1,0.958
O=S(=O)(c1ccc([O-])cc1)c1ccccc1O,BPA_CID79381__prepared_state_024,25,Done,,1.985,-5.553,grid,-6.49,-2.856,0.0,-0.0,-2.633,-28.58,-0.9038,0.5628,0.0,-42.69,-29.48,1.886
O=S(=O)(c1ccc([O-])cc1)c1ccccc1O,BPA_CID79381__prepared_state_024,25,Done,,1.985,-5.609,grid,-6.547,-3.032,0.0,-0.0,-2.68,-28.56,0.1984,0.5628,0.0,-42.33,-28.36,0.6039
O=S(=O)(c1ccc(O)cc1)c1ccccc1[O-],BPA_CID79381__prepared_state_025,26,Done,,1.941,-6.802,grid,-7.917,-3.492,-0.32,-0.0,-2.628,-30.96,-3.276,0.5628,0.0,-50.57,-34.23,2.557
O=S(=O)(c1ccc(O)cc1)c1ccccc1[O-],BPA_CID79381__prepared_state_025,26,Done,,1.941,-6.719,grid,-7.833,-3.608,-0.32,-0.0,-2.433,-28.94,-3.925,0.5628,0.0,-49.42,-32.86,1.752
O=S(=O)(c1ccc(O)cc1)c1ccccc1[O-],BPA_CID79381__prepared_state_025,26,Done,,1.941,-6.506,grid,-7.62,-3.238,-0.32,-0.0,-2.633,-29.38,-3.492,0.5628,0.0,-48.61,-32.87,2.436
O=S(=O)(c1ccc(O)cc1)c1ccccc1[O-],BPA_CID79381__prepared_state_025,26,Done,,1.941,-6.5,grid,-7.614,-3.202,-0.32,-0.0,-2.604,-28.72,-4.104,0.5628,0.0,-48.6,-32.83,2.335
O=S(=O)(c1ccc(O)cc1)c1ccccc1[O-],BPA_CID79381__prepared_state_025,26,Done,,1.941,-6.523,grid,-7.638,-3.585,0.0,-0.0,-2.682,-32.67,-2.003,0.5628,0.0,-48.5,-34.67,6.327
O=S(=O)(c1ccc(O)cc1)c1ccccc1[O-],BPA_CID79381__prepared_state_025,26,Done,,1.941,-6.585,grid,-7.7,-3.585,-0.3107,-0.0,-2.549,-30.34,-2.002,0.5628,0.0,-48.46,-32.34,2.029
O=S(=O)(c1ccc(O)cc1)c1ccccc1[O-],BPA_CID79381__prepared_state_025,26,Done,,1.941,-6.346,grid,-7.461,-3.264,-0.32,-0.0,-2.579,-30.12,-2.361,0.5628,0.0,-47.73,-32.48,2.704
O=S(=O)(c1ccc(O)cc1)c1ccccc1[O-],BPA_CID79381__prepared_state_025,26,Done,,1.941,-6.376,grid,-7.491,-3.482,0.0,-0.0,-2.668,-31.83,-2.079,0.5628,0.0,-47.32,-33.91,6.504
O=S(=O)(c1ccc(O)cc1)c1ccccc1[O-],BPA_CID79381__prepared_state_025,26,Done,,1.941,-5.639,grid,-6.753,-3.183,0.0,-0.0,-2.383,-31.45,-1.18,0.5628,0.0,-47.23,-32.63,0.8709
O=S(=O)(c1ccc(O)cc1)c1ccccc1[O-],BPA_CID79381__prepared_state_025,26,Done,,1.941,-5.614,grid,-6.728,-3.131,0.0,-0.0,-2.42,-31.22,-1.191,0.5628,0.0,-47.09,-32.41,0.5833
O=S(=O)(c1ccc(O)cc1)c1ccccc1[O-],BPA_CID79381__prepared_state_025,26,Done,,1.941,-5.446,grid,-6.56,-2.949,0.0,-0.0,-2.542,-30.72,-0.6383,0.5628,0.0,-45.79,-31.36,0.3413
O=S(=O)(c1ccc(O)cc1)c1ccccc1[O-],BPA_CID79381__prepared_state_025,26,Done,,1.941,-5.865,grid,-6.979,-3.267,0.0,-0.0,-2.652,-30.43,-0.6708,0.5628,0.0,-45.68,-31.1,1.901
O=S(=O)(c1ccc(O)cc1)c1ccccc1[O-],BPA_CID79381__prepared_state_025,26,Done,,1.941,-6.063,grid,-7.178,-3.374,-0.1465,-0.0,-2.566,-29.41,-1.22,0.5628,0.0,-45.68,-30.63,1.854
O=S(=O)(c1ccc(O)cc1)c1ccccc1[O-],BPA_CID79381__prepared_state_025,26,Done,,1.941,-5.673,grid,-6.788,-3.097,0.0,-0.0,-2.668,-30.79,-0.3057,0.5628,0.0,-45.61,-31.09,1.171
O=S(=O)(c1ccc(O)cc1)c1ccccc1[O-],BPA_CID79381__prepared_state_025,26,Done,,1.941,-5.697,grid,-6.812,-3.083,0.0,-0.0,-2.729,-30.53,-0.2364,0.5628,0.0,-45.37,-30.77,1.109
O=S(=O)(c1ccc(O)cc1)c1ccccc1[O-],BPA_CID79381__prepared_state_025,26,Done,,1.941,-5.849,grid,-6.963,-3.283,0.0,-0.0,-2.647,-30.39,-0.5125,0.5628,0.0,-45.32,-30.9,2.161
O=S(=O)(c1ccc(O)cc1)c1ccccc1[O-],BPA_CID79381__prepared_state_025,26,Done,,1.941,-6.23,grid,-7.345,-3.432,0.0,-0.0,-2.685,-30.71,-1.7,0.5628,0.0,-45.06,-32.41,7.391
O=S(=O)(c1ccc(O)cc1)c1ccccc1[O-],BPA_CID79381__prepared_state_025,26,Done,,1.941,-5.454,grid,-6.569,-2.963,0.0,-0.0,-2.588,-30.54,-0.3529,0.5628,0.0,-44.93,-30.9,1.168
O=S(=O)(c1ccc(O)cc1)c1ccccc1[O-],BPA_CID79381__prepared_state_025,26,Done,,1.941,-5.93,grid,-7.044,-3.488,0.0,-0.0,-2.663,-30.71,0.5325,0.5628,0.0,-44.91,-30.17,1.879
O=S(=O)(c1ccc(O)cc1)c1ccccc1[O-],BPA_CID79381__prepared_state_025,26,Done,,1.941,-6.229,grid,-7.343,-3.432,0.0,-0.0,-2.684,-30.71,-1.698,0.5628,0.0,-44.6,-32.41,8.3
Cc1cc(C(C)(C)c2cc(C)c(O)c(C)c2)cc(C)c1O,BPA_CID79717__prepared_state_026,27,Done,,3.285,-9.195,grid,-9.195,-4.948,-0.1097,-0.0,-2.37,-37.57,-2.248,0.4482,0.0,-59.57,-39.82,0.5414
Cc1cc(C(C)(C)c2cc(C)c(O)c(C)c2)cc(C)c1O,BPA_CID79717__prepared_state_026,27,Done,,3.285,-9.363,grid,-9.364,-4.944,-0.2872,-0.0,-2.37,-35.31,-2.968,0.4482,0.0,-58.41,-38.28,0.499
Cc1cc(C(C)(C)c2cc(C)c(O)c(C)c2)cc(C)c1O,BPA_CID79717__prepared_state_026,27,Done,,3.285,-9.141,grid,-9.141,-4.951,-0.1333,-0.0,-2.37,-37.53,-1.727,0.4482,0.0,-58.22,-39.25,1.87
Cc1cc(C(C)(C)c2cc(C)c(O)c(C)c2)cc(C)c1O,BPA_CID79717__prepared_state_026,27,Done,,3.285,-9.05,grid,-9.051,-4.894,-0.1261,-0.0,-2.37,-36.95,-1.744,0.4482,0.0,-58.02,-38.7,0.7586
Cc1cc(C(C)(C)c2cc(C)c(O)c(C)c2)cc(C)c1O,BPA_CID79717__prepared_state_026,27,Done,,3.285,-9.078,grid,-9.079,-4.918,-0.235,-0.0,-2.37,-33.07,-2.335,0.4482,0.0,-54.95,-35.41,0.4578
Cc1cc(C(C)(C)c2cc(C)c(O)c(C)c2)cc(C)c1O,BPA_CID79717__prepared_state_026,27,Done,,3.285,-8.78,grid,-8.781,-5.093,0.0,-0.0,-2.37,-33.71,-0.532,0.4482,0.0,-51.93,-34.25,2.862
Cc1cc(C(C)(C)c2cc(C)c(O)c(C)c2)cc(C)c1O,BPA_CID79717__prepared_state_026,27,Done,,3.285,-8.748,grid,-8.748,-5.142,0.0,-0.0,-2.37,-34.4,0.2395,0.4482,0.0,-51.66,-34.16,3.091
Cc1cc(C(C)(C)c2cc(C)c(O)c(C)c2)cc(C)c1O,BPA_CID79717__prepared_state_026,27,Done,,3.285,-7.929,grid,-7.93,-4.407,0.0,-0.0,-2.181,-35.06,-0.2465,0.4482,0.0,-51.23,-35.3,2.672
Cc1cc(C(C)(C)c2cc(C)c(O)c(C)c2)cc(C)c1O,BPA_CID79717__prepared_state_026,27,Done,,3.285,-7.715,grid,-7.715,-4.284,0.0,-0.0,-2.095,-33.96,-0.5735,0.4482,0.0,-50.59,-34.53,1.475
Cc1cc(C(C)(C)c2cc(C)c(O)c(C)c2)cc(C)c1O,BPA_CID79717__prepared_state_026,27,Done,,3.285,-7.731,grid,-7.732,-4.366,0.0,-0.0,-2.131,-34.17,0.1679,0.4482,0.0,-49.84,-34.01,1.997
Cc1cc(C(C)(C)c2cc(C)c(O)c(C)c2)cc(C)c1O,BPA_CID79717__prepared_state_026,27,Done,,3.285,-8.549,grid,-8.549,-4.972,0.0,-0.0,-2.37,-32.53,-0.1979,0.4482,0.0,-49.64,-32.72,3.388
Cc1cc(C(C)(C)c2cc(C)c(O)c(C)c2)cc(C)c1O,BPA_CID79717__prepared_state_026,27,Done,,3.285,-7.655,grid,-7.655,-4.301,0.0,-0.0,-2.098,-33.98,-0.03844,0.4482,0.0,-49.56,-34.01,2.246
Cc1cc(C(C)(C)c2cc(C)c(O)c(C)c2)cc(C)c1O,BPA_CID79717__prepared_state_026,27,Done,,3.285,-7.899,grid,-7.899,-4.492,0.0,-0.0,-2.37,-32.05,0.7788,0.4482,0.0,-46.33,-31.27,4.281
Cc1cc(C(C)(C)c2cc(C)c(O)c(C)c2)cc(C)c1O,BPA_CID79717__prepared_state_026,27,Done,,3.285,-7.765,grid,-7.766,-4.543,0.0,-0.0,-2.242,-30.62,0.6769,0.4482,0.0,-45.4,-29.94,2.899
Cc1cc(C(C)(C)c2cc(C)c(O)c(C)c2)cc(C)c1O,BPA_CID79717__prepared_state_026,27,Done,,3.285,-7.427,grid,-7.428,-4.138,0.0,-0.0,-2.325,-30.08,0.6105,0.4482,0.0,-45.11,-29.46,1.05
Cc1cc(C(C)(C)c2cc(C)c(O)c(C)c2)cc(C)c1O,BPA_CID79717__prepared_state_026,27,Done,,3.285,-7.208,grid,-7.208,-3.987,0.0,-0.0,-2.228,-29.85,0.3405,0.4482,0.0,-44.58,-29.51,1.236
Cc1cc(C(C)(C)c2cc(C)c(O)c(C)c2)cc(C)c1O,BPA_CID79717__prepared_state_026,27,Done,,3.285,-7.195,grid,-7.195,-4.011,0.0,-0.0,-2.304,-30.91,1.441,0.4482,0.0,-44.34,-29.47,1.588
Cc1cc(C(C)(C)c2cc(C)c(O)c(C)c2)cc(C)c1O,BPA_CID79717__prepared_state_026,27,Done,,3.285,-7.774,grid,-7.775,-4.354,-0.08859,-0.0,-2.37,-25.95,-0.7543,0.4482,0.0,-43.25,-26.7,0.7545
Cc1cc(C(C)(C)c2cc(C)c(O)c(C)c2)cc(C)c1O,BPA_CID79717__prepared_state_026,27,Done,,3.285,-7.329,grid,-7.33,-4.501,0.0,-0.0,-2.041,-28.52,1.265,0.4482,0.0,-42.83,-27.26,0.781
Cc1cc(C(C)(C)c2cc(C)c(O)c(C)c2)cc(C)c1O,BPA_CID79717__prepared_state_026,27,Done,,3.285,-7.713,grid,-7.714,-4.314,-0.09878,-0.0,-2.37,-25.38,-0.7349,0.4482,0.0,-41.82,-26.11,2.164
CC(C)CC(C)(c1ccc(O)cc1)c1ccc(O)cc1,BPA_CID81259__prepared_state_027,28,Done,,4.15,-9.173,grid,-9.175,-4.651,-0.32,-0.0,-2.45,-31.39,-6.124,0.734,0.0,-54.68,-37.52,2.735
CC(C)CC(C)(c1ccc(O)cc1)c1ccc(O)cc1,BPA_CID81259__prepared_state_027,28,Done,,4.15,-9.201,grid,-9.203,-4.667,-0.32,-0.0,-2.458,-31.39,-6.152,0.734,0.0,-54.48,-37.54,3.292
CC(C)CC(C)(c1ccc(O)cc1)c1ccc(O)cc1,BPA_CID81259__prepared_state_027,28,Done,,4.15,-9.018,grid,-9.019,-4.703,-0.32,-0.0,-2.466,-32.21,-4.363,0.734,0.0,-51.81,-36.57,5.971
CC(C)CC(C)(c1ccc(O)cc1)c1ccc(O)cc1,BPA_CID81259__prepared_state_027,28,Done,,4.15,-8.825,grid,-8.827,-4.575,-0.32,-0.0,-2.466,-29.52,-4.828,0.734,0.0,-50.46,-34.34,3.428
CC(C)CC(C)(c1ccc(O)cc1)c1ccc(O)cc1,BPA_CID81259__prepared_state_027,28,Done,,4.15,-8.809,grid,-8.811,-4.593,-0.32,-0.0,-2.466,-29.49,-4.608,0.734,0.0,-49.44,-34.1,4.908
CC(C)CC(C)(c1ccc(O)cc1)c1ccc(O)cc1,BPA_CID81259__prepared_state_027,28,Done,,4.15,-8.807,grid,-8.809,-4.591,-0.32,-0.0,-2.466,-29.5,-4.603,0.734,0.0,-49.03,-34.11,5.734
CC(C)CC(C)(c1ccc(O)cc1)c1ccc(O)cc1,BPA_CID81259__prepared_state_027,28,Done,,4.15,-8.1,grid,-8.102,-4.798,0.0,-0.0,-2.354,-33.17,-0.1703,0.734,0.0,-48.84,-33.34,1.725
CC(C)CC(C)(c1ccc(O)cc1)c1ccc(O)cc1,BPA_CID81259__prepared_state_027,28,Done,,4.15,-8.948,grid,-8.949,-4.694,-0.32,-0.0,-2.401,-29.49,-5.298,0.734,0.0,-48.84,-34.78,8.044
CC(C)CC(C)(c1ccc(O)cc1)c1ccc(O)cc1,BPA_CID81259__prepared_state_027,28,Done,,4.15,-8.194,grid,-8.196,-4.805,0.0,-0.0,-2.466,-31.69,-0.5007,0.734,0.0,-47.88,-32.19,1.726
CC(C)CC(C)(c1ccc(O)cc1)c1ccc(O)cc1,BPA_CID81259__prepared_state_027,28,Done,,4.15,-8.647,grid,-8.649,-5.079,0.0,-0.0,-2.466,-32.0,-1.588,0.734,0.0,-47.66,-33.58,6.787
CC(C)CC(C)(c1ccc(O)cc1)c1ccc(O)cc1,BPA_CID81259__prepared_state_027,28,Done,,4.15,-8.629,grid,-8.631,-4.416,-0.3749,-0.0,-2.466,-29.82,-4.115,0.734,0.0,-47.62,-33.93,7.497
CC(C)CC(C)(c1ccc(O)cc1)c1ccc(O)cc1,BPA_CID81259__prepared_state_027,28,Done,,4.15,-8.12,grid,-8.122,-4.711,0.0,-0.0,-2.466,-33.33,-0.08856,0.734,0.0,-47.48,-33.41,4.688
CC(C)CC(C)(c1ccc(O)cc1)c1ccc(O)cc1,BPA_CID81259__prepared_state_027,28,Done,,4.15,-9.343,grid,-9.345,-4.414,-0.6796,-0.0,-2.462,-20.93,-9.85,0.734,0.0,-47.46,-30.78,4.407
CC(C)CC(C)(c1ccc(O)cc1)c1ccc(O)cc1,BPA_CID81259__prepared_state_027,28,Done,,4.15,-8.644,grid,-8.646,-5.072,0.0,-0.0,-2.466,-31.72,-1.71,0.734,0.0,-47.28,-33.43,7.225
CC(C)CC(C)(c1ccc(O)cc1)c1ccc(O)cc1,BPA_CID81259__prepared_state_027,28,Done,,4.15,-7.816,grid,-7.818,-4.657,0.0,-0.0,-2.289,-32.37,0.08416,0.734,0.0,-46.44,-32.28,3.261
CC(C)CC(C)(c1ccc(O)cc1)c1ccc(O)cc1,BPA_CID81259__prepared_state_027,28,Done,,4.15,-8.611,grid,-8.612,-5.243,0.0,-0.0,-2.466,-32.31,-0.1482,0.734,0.0,-46.42,-32.45,6.869
CC(C)CC(C)(c1ccc(O)cc1)c1ccc(O)cc1,BPA_CID81259__prepared_state_027,28,Done,,4.15,-7.808,grid,-7.81,-4.596,0.0,-0.0,-2.384,-30.94,-0.116,0.734,0.0,-45.66,-31.05,2.331
CC(C)CC(C)(c1ccc(O)cc1)c1ccc(O)cc1,BPA_CID81259__prepared_state_027,28,Done,,4.15,-9.203,grid,-9.205,-4.35,-0.7002,-0.0,-2.412,-18.67,-10.29,0.734,0.0,-45.41,-28.96,4.28
CC(C)CC(C)(c1ccc(O)cc1)c1ccc(O)cc1,BPA_CID81259__prepared_state_027,28,Done,,4.15,-8.351,grid,-8.353,-5.039,0.0,-0.0,-2.466,-31.87,0.07418,0.734,0.0,-45.26,-31.79,6.806
CC(C)CC(C)(c1ccc(O)cc1)c1ccc(O)cc1,BPA_CID81259__prepared_state_027,28,Done,,4.15,-8.398,grid,-8.4,-5.053,0.0,-0.0,-2.466,-31.95,-0.1195,0.734,0.0,-45.09,-32.07,7.881
O=S(=O)(c1ccc(O)cc1)c1ccc(OCc2ccccc2)cc1,BPA_CID113063__prepared_state_028,29,Done,,6.778,-9.365,grid,-9.542,-4.856,-0.32,-0.0,-2.35,-45.2,-3.825,0.8171,0.0,-74.26,-49.03,5.266
O=S(=O)(c1ccc(O)cc1)c1ccc(OCc2ccccc2)cc1,BPA_CID113063__prepared_state_028,29,Done,,6.778,-9.36,grid,-9.538,-4.853,-0.32,-0.0,-2.35,-45.17,-3.822,0.8171,0.0,-74.01,-48.99,5.664
O=S(=O)(c1ccc(O)cc1)c1ccc(OCc2ccccc2)cc1,BPA_CID113063__prepared_state_028,29,Done,,6.778,-9.321,grid,-9.499,-4.894,-0.32,-0.0,-2.348,-44.53,-3.516,0.8171,0.0,-73.11,-48.05,5.354
O=S(=O)(c1ccc(O)cc1)c1ccc(OCc2ccccc2)cc1,BPA_CID113063__prepared_state_028,29,Done,,6.778,-8.818,grid,-8.996,-5.121,0.0,-0.0,-2.313,-47.26,-0.1044,0.8171,0.0,-72.78,-47.36,1.708
O=S(=O)(c1ccc(O)cc1)c1ccc(OCc2ccccc2)cc1,BPA_CID113063__prepared_state_028,29,Done,,6.778,-8.977,grid,-9.154,-5.254,0.0,-0.0,-2.171,-48.18,-0.9177,0.8171,0.0,-72.19,-49.1,7.276
O=S(=O)(c1ccc(O)cc1)c1ccc(OCc2ccccc2)cc1,BPA_CID113063__prepared_state_028,29,Done,,6.778,-8.71,grid,-8.887,-5.123,0.0,-0.0,-2.274,-46.84,0.2309,0.8171,0.0,-72.0,-46.61,1.143
O=S(=O)(c1ccc(O)cc1)c1ccc(OCc2ccccc2)cc1,BPA_CID113063__prepared_state_028,29,Done,,6.778,-8.655,grid,-8.833,-4.861,0.0,-0.0,-2.32,-46.07,-1.107,0.8171,0.0,-71.71,-47.18,2.531
O=S(=O)(c1ccc(O)cc1)c1ccc(OCc2ccccc2)cc1,BPA_CID113063__prepared_state_028,29,Done,,6.778,-8.853,grid,-9.03,-5.227,0.0,-0.0,-2.282,-46.91,0.04362,0.8171,0.0,-71.66,-46.86,3.154
O=S(=O)(c1ccc(O)cc1)c1ccc(OCc2ccccc2)cc1,BPA_CID113063__prepared_state_028,29,Done,,6.778,-8.583,grid,-8.761,-5.008,0.0,-0.0,-2.129,-46.05,-0.9255,0.8171,0.0,-71.38,-46.97,2.357
O=S(=O)(c1ccc(O)cc1)c1ccc(OCc2ccccc2)cc1,BPA_CID113063__prepared_state_028,29,Done,,6.778,-8.792,grid,-8.97,-5.17,0.0,-0.0,-2.288,-46.3,-0.09566,0.8171,0.0,-71.18,-46.39,2.82
O=S(=O)(c1ccc(O)cc1)c1ccc(OCc2ccccc2)cc1,BPA_CID113063__prepared_state_028,29,Done,,6.778,-8.627,grid,-8.804,-4.664,-0.0934,-0.0,-2.3,-43.93,-2.447,0.8171,0.0,-70.86,-46.38,2.463
O=S(=O)(c1ccc(O)cc1)c1ccc(OCc2ccccc2)cc1,BPA_CID113063__prepared_state_028,29,Done,,6.778,-8.504,grid,-8.681,-4.719,0.0,-0.0,-2.287,-47.26,-0.8604,0.8171,0.0,-70.82,-48.12,5.296
O=S(=O)(c1ccc(O)cc1)c1ccc(OCc2ccccc2)cc1,BPA_CID113063__prepared_state_028,29,Done,,6.778,-8.488,grid,-8.665,-4.713,0.0,-0.0,-2.28,-47.25,-0.8465,0.8171,0.0,-70.78,-48.09,5.244
O=S(=O)(c1ccc(O)cc1)c1ccc(OCc2ccccc2)cc1,BPA_CID113063__prepared_state_028,29,Done,,6.778,-8.27,grid,-8.448,-4.698,0.0,-0.0,-2.203,-46.55,-0.2415,0.8171,0.0,-70.17,-46.79,2.595
O=S(=O)(c1ccc(O)cc1)c1ccc(OCc2ccccc2)cc1,BPA_CID113063__prepared_state_028,29,Done,,6.778,-8.504,grid,-8.681,-5.014,0.0,-0.0,-2.14,-46.54,-0.1117,0.8171,0.0,-69.42,-46.65,5.164
O=S(=O)(c1ccc(O)cc1)c1ccc(OCc2ccccc2)cc1,BPA_CID113063__prepared_state_028,29,Done,,6.778,-8.288,grid,-8.466,-5.217,-0.32,-0.0,-1.128,-45.65,-2.231,0.8171,0.0,-69.38,-47.88,6.448
O=S(=O)(c1ccc(O)cc1)c1ccc(OCc2ccccc2)cc1,BPA_CID113063__prepared_state_028,29,Done,,6.778,-8.528,grid,-8.705,-5.155,0.0,-0.0,-2.008,-46.39,-0.2658,0.8171,0.0,-69.32,-46.65,5.512
O=S(=O)(c1ccc(O)cc1)c1ccc(OCc2ccccc2)cc1,BPA_CID113063__prepared_state_028,29,Done,,6.778,-8.94,grid,-9.118,-4.513,-0.32,-0.0,-2.395,-41.17,-4.323,0.8171,0.0,-69.13,-45.5,6.0
O=S(=O)(c1ccc(O)cc1)c1ccc(OCc2ccccc2)cc1,BPA_CID113063__prepared_state_028,29,Done,,6.778,-8.765,grid,-8.943,-5.075,0.0,-0.0,-2.353,-46.96,0.1071,0.8171,0.0,-68.81,-46.86,8.323
O=S(=O)(c1ccc(O)cc1)c1ccc(OCc2ccccc2)cc1,BPA_CID113063__prepared_state_028,29,Done,,6.778,-8.38,grid,-8.557,-4.882,0.0,-0.0,-2.257,-45.58,0.2861,0.8171,0.0,-68.72,-45.3,3.131
O=S(=O)(c1ccc([O-])cc1)c1ccc(OCc2ccccc2)cc1,BPA_CID113063__prepared_state_029,30,Done,,4.877,-8.028,grid,-8.829,-5.034,0.0,-0.0,-2.283,-45.9,-0.2534,0.8214,0.0,-70.67,-46.16,2.883
O=S(=O)(c1ccc([O-])cc1)c1ccc(OCc2ccccc2)cc1,BPA_CID113063__prepared_state_029,30,Done,,4.877,-8.18,grid,-8.98,-5.171,0.0,-0.0,-2.323,-45.86,-0.09638,0.8214,0.0,-69.55,-45.95,5.619
O=S(=O)(c1ccc([O-])cc1)c1ccc(OCc2ccccc2)cc1,BPA_CID113063__prepared_state_029,30,Done,,4.877,-8.089,grid,-8.89,-5.268,0.0,-0.0,-2.319,-46.27,1.255,0.8214,0.0,-68.39,-45.01,5.516
O=S(=O)(c1ccc([O-])cc1)c1ccc(OCc2ccccc2)cc1,BPA_CID113063__prepared_state_029,30,Done,,4.877,-7.763,grid,-8.564,-4.738,0.0,-0.0,-2.299,-42.2,-1.585,0.8214,0.0,-67.84,-43.78,2.242
O=S(=O)(c1ccc([O-])cc1)c1ccc(OCc2ccccc2)cc1,BPA_CID113063__prepared_state_029,30,Done,,4.877,-7.593,grid,-8.394,-4.585,-0.0008927,-0.0,-2.305,-42.43,-1.352,0.8214,0.0,-67.47,-43.78,1.99
O=S(=O)(c1ccc([O-])cc1)c1ccc(OCc2ccccc2)cc1,BPA_CID113063__prepared_state_029,30,Done,,4.877,-7.472,grid,-8.273,-4.663,0.0,-0.0,-2.368,-44.84,1.185,0.8214,0.0,-66.68,-43.66,2.599
O=S(=O)(c1ccc([O-])cc1)c1ccc(OCc2ccccc2)cc1,BPA_CID113063__prepared_state_029,30,Done,,4.877,-7.839,grid,-8.639,-4.916,0.0,-0.0,-2.239,-43.41,-0.8987,0.8214,0.0,-66.12,-44.31,7.182
O=S(=O)(c1ccc([O-])cc1)c1ccc(OCc2ccccc2)cc1,BPA_CID113063__prepared_state_029,30,Done,,4.877,-7.988,grid,-8.789,-5.096,0.0,-0.0,-2.366,-46.05,1.028,0.8214,0.0,-65.62,-45.02,10.48
O=S(=O)(c1ccc([O-])cc1)c1ccc(OCc2ccccc2)cc1,BPA_CID113063__prepared_state_029,30,Done,,4.877,-7.445,grid,-8.246,-4.514,-0.1558,-0.0,-2.134,-41.56,-1.239,0.8214,0.0,-65.11,-42.8,3.874
O=S(=O)(c1ccc([O-])cc1)c1ccc(OCc2ccccc2)cc1,BPA_CID113063__prepared_state_029,30,Done,,4.877,-7.236,grid,-8.037,-4.559,-0.1111,-0.0,-1.751,-43.25,-1.833,0.8214,0.0,-64.59,-45.08,8.249
O=S(=O)(c1ccc([O-])cc1)c1ccc(OCc2ccccc2)cc1,BPA_CID113063__prepared_state_029,30,Done,,4.877,-7.363,grid,-8.164,-4.994,0.0,-0.0,-1.99,-44.27,1.412,0.8214,0.0,-64.46,-42.86,4.799
O=S(=O)(c1ccc([O-])cc1)c1ccc(OCc2ccccc2)cc1,BPA_CID113063__prepared_state_029,30,Done,,4.877,-7.513,grid,-8.314,-4.816,0.0,-0.0,-2.319,-42.45,0.8111,0.8214,0.0,-64.44,-41.64,3.279
O=S(=O)(c1ccc([O-])cc1)c1ccc(OCc2ccccc2)cc1,BPA_CID113063__prepared_state_029,30,Done,,4.877,-6.686,grid,-7.487,-4.689,0.0,-0.0,-1.376,-44.77,-0.03052,0.8214,0.0,-64.0,-44.8,5.62
O=S(=O)(c1ccc([O-])cc1)c1ccc(OCc2ccccc2)cc1,BPA_CID113063__prepared_state_029,30,Done,,4.877,-7.678,grid,-8.479,-4.959,0.0,-0.0,-2.333,-43.18,1.007,0.8214,0.0,-63.31,-42.17,7.573
O=S(=O)(c1ccc([O-])cc1)c1ccc(OCc2ccccc2)cc1,BPA_CID113063__prepared_state_029,30,Done,,4.877,-7.087,grid,-7.888,-4.996,-0.1107,-0.0,-1.323,-41.94,-1.218,0.8214,0.0,-63.22,-43.15,6.252
O=S(=O)(c1ccc([O-])cc1)c1ccc(OCc2ccccc2)cc1,BPA_CID113063__prepared_state_029,30,Done,,4.877,-7.415,grid,-8.216,-4.671,0.0,-0.0,-2.394,-41.79,0.7824,0.8214,0.0,-61.92,-41.01,6.482
O=S(=O)(c1ccc([O-])cc1)c1ccc(OCc2ccccc2)cc1,BPA_CID113063__prepared_state_029,30,Done,,4.877,-7.23,grid,-8.03,-4.786,0.0,-0.0,-2.23,-38.57,0.6185,0.8214,0.0,-61.07,-37.95,0.9817
O=S(=O)(c1ccc([O-])cc1)c1ccc(OCc2ccccc2)cc1,BPA_CID113063__prepared_state_029,30,Done,,4.877,-6.535,grid,-7.336,-4.311,-0.08547,-0.0,-1.465,-39.96,-1.989,0.8214,0.0,-60.7,-41.95,5.629
O=S(=O)(c1ccc([O-])cc1)c1ccc(OCc2ccccc2)cc1,BPA_CID113063__prepared_state_029,30,Done,,4.877,-7.081,grid,-7.882,-4.964,0.0,-0.0,-1.876,-39.41,0.713,0.8214,0.0,-58.51,-38.7,6.726
O=S(=O)(c1ccc([O-])cc1)c1ccc(OCc2ccccc2)cc1,BPA_CID113063__prepared_state_029,30,Done,,4.877,-6.929,grid,-7.73,-4.955,-0.003703,-0.0,-1.482,-39.68,-0.844,0.8214,0.0,-58.5,-40.53,9.502
CC(C)c1cc(C(C)(C)c2ccc(O)c(C(C)C)c2)ccc1O,BPA_CID228537__prepared_state_030,31,Done,,4.754,-10.22,grid,-10.22,-5.503,-0.32,-0.0,-2.179,-33.35,-6.239,0.3802,0.0,-60.76,-39.58,2.553
CC(C)c1cc(C(C)(C)c2ccc(O)c(C(C)C)c2)ccc1O,BPA_CID228537__prepared_state_030,31,Done,,4.754,-9.805,grid,-9.805,-5.247,-0.32,-0.0,-2.179,-34.67,-4.705,0.3802,0.0,-59.87,-39.38,2.08
CC(C)c1cc(C(C)(C)c2ccc(O)c(C(C)C)c2)ccc1O,BPA_CID228537__prepared_state_030,31,Done,,4.754,-9.387,grid,-9.387,-5.539,0.0,-0.0,-2.158,-40.42,-0.3308,0.3802,0.0,-59.65,-40.75,3.414
CC(C)c1cc(C(C)(C)c2ccc(O)c(C(C)C)c2)ccc1O,BPA_CID228537__prepared_state_030,31,Done,,4.754,-9.281,grid,-9.281,-5.538,0.0,-0.0,-2.164,-40.36,0.386,0.3802,0.0,-58.67,-39.97,3.364
CC(C)c1cc(C(C)(C)c2ccc(O)c(C(C)C)c2)ccc1O,BPA_CID228537__prepared_state_030,31,Done,,4.754,-9.392,grid,-9.392,-5.536,0.0,-0.0,-2.179,-40.14,-0.3374,0.3802,0.0,-58.5,-40.47,5.197
CC(C)c1cc(C(C)(C)c2ccc(O)c(C(C)C)c2)ccc1O,BPA_CID228537__prepared_state_030,31,Done,,4.754,-9.357,grid,-9.357,-5.529,0.0,-0.0,-2.179,-39.99,-0.2028,0.3802,0.0,-58.29,-40.19,4.89
CC(C)c1cc(C(C)(C)c2ccc(O)c(C(C)C)c2)ccc1O,BPA_CID228537__prepared_state_030,31,Done,,4.754,-9.552,grid,-9.552,-5.115,-0.32,-0.0,-2.179,-34.16,-4.074,0.3802,0.0,-58.24,-38.23,1.928
CC(C)c1cc(C(C)(C)c2ccc(O)c(C(C)C)c2)ccc1O,BPA_CID228537__prepared_state_030,31,Done,,4.754,-9.27,grid,-9.271,-5.158,-0.1955,-0.0,-2.179,-35.7,-2.223,0.3802,0.0,-56.51,-37.93,3.541
CC(C)c1cc(C(C)(C)c2ccc(O)c(C(C)C)c2)ccc1O,BPA_CID228537__prepared_state_030,31,Done,,4.754,-9.2,grid,-9.2,-5.326,0.0,-0.0,-2.179,-40.29,-0.4061,0.3802,0.0,-55.02,-40.7,11.76
CC(C)c1cc(C(C)(C)c2ccc(O)c(C(C)C)c2)ccc1O,BPA_CID228537__prepared_state_030,31,Done,,4.754,-9.036,grid,-9.036,-5.361,0.0,-0.0,-2.179,-37.66,0.04623,0.3802,0.0,-54.27,-37.62,6.381
CC(C)c1cc(C(C)(C)c2ccc(O)c(C(C)C)c2)ccc1O,BPA_CID228537__prepared_state_030,31,Done,,4.754,-10.05,grid,-10.05,-5.51,-0.3105,-0.0,-2.179,-33.58,-5.027,0.3802,0.0,-53.87,-38.61,13.63
CC(C)c1cc(C(C)(C)c2ccc(O)c(C(C)C)c2)ccc1O,BPA_CID228537__prepared_state_030,31,Done,,4.754,-9.403,grid,-9.403,-5.482,-0.1999,-0.0,-2.179,-32.21,-2.078,0.3802,0.0,-53.61,-34.29,2.647
CC(C)c1cc(C(C)(C)c2ccc(O)c(C(C)C)c2)ccc1O,BPA_CID228537__prepared_state_030,31,Done,,4.754,-8.813,grid,-8.813,-5.195,0.0,-0.0,-2.179,-36.42,0.00447,0.3802,0.0,-53.43,-36.42,4.671
CC(C)c1cc(C(C)(C)c2ccc(O)c(C(C)C)c2)ccc1O,BPA_CID228537__prepared_state_030,31,Done,,4.754,-8.815,grid,-8.815,-5.262,0.0,-0.0,-2.179,-34.58,-0.1715,0.3802,0.0,-53.18,-34.75,1.852
CC(C)c1cc(C(C)(C)c2ccc(O)c(C(C)C)c2)ccc1O,BPA_CID228537__prepared_state_030,31,Done,,4.754,-8.992,grid,-8.992,-5.086,-0.1032,-0.0,-2.179,-31.52,-2.858,0.3802,0.0,-52.77,-34.38,2.718
CC(C)c1cc(C(C)(C)c2ccc(O)c(C(C)C)c2)ccc1O,BPA_CID228537__prepared_state_030,31,Done,,4.754,-8.839,grid,-8.84,-5.361,0.0,-0.0,-2.179,-34.81,0.3986,0.3802,0.0,-52.73,-34.41,2.177
CC(C)c1cc(C(C)(C)c2ccc(O)c(C(C)C)c2)ccc1O,BPA_CID228537__prepared_state_030,31,Done,,4.754,-8.661,grid,-8.661,-5.15,0.0,-0.0,-2.179,-34.58,0.1105,0.3802,0.0,-52.49,-34.47,1.99
CC(C)c1cc(C(C)(C)c2ccc(O)c(C(C)C)c2)ccc1O,BPA_CID228537__prepared_state_030,31,Done,,4.754,-8.627,grid,-8.627,-5.23,0.0,-0.0,-2.179,-33.56,0.53,0.3802,0.0,-51.28,-33.03,1.381
CC(C)c1cc(C(C)(C)c2ccc(O)c(C(C)C)c2)ccc1O,BPA_CID228537__prepared_state_030,31,Done,,4.754,-8.801,grid,-8.801,-5.363,0.0,-0.0,-2.179,-35.15,0.7908,0.3802,0.0,-50.8,-34.36,5.778
CC(C)c1cc(C(C)(C)c2ccc(O)c(C(C)C)c2)ccc1O,BPA_CID228537__prepared_state_030,31,Done,,4.754,-9.478,grid,-9.479,-5.031,-0.3718,-0.0,-2.179,-23.45,-7.37,0.3802,0.0,-49.65,-30.82,3.96
Oc1ccc(C2(c3ccc(O)cc3)CCCCC2)cc1,BPA_CID232446__prepared_state_031,32,Done,,5.385,-9.244,grid,-9.247,-4.593,-0.32,-0.0,-2.479,-34.05,-4.317,0.4957,0.0,-57.15,-38.37,1.399
Oc1ccc(C2(c3ccc(O)cc3)CCCCC2)cc1,BPA_CID232446__prepared_state_031,32,Done,,5.385,-9.392,grid,-9.395,-4.618,-0.32,-0.0,-2.479,-31.43,-6.009,0.4957,0.0,-56.16,-37.44,2.165
Oc1ccc(C2(c3ccc(O)cc3)CCCCC2)cc1,BPA_CID232446__prepared_state_031,32,Done,,5.385,-9.317,grid,-9.32,-4.604,-0.32,-0.0,-2.479,-31.05,-5.731,0.4957,0.0,-55.59,-36.78,1.656
Oc1ccc(C2(c3ccc(O)cc3)CCCCC2)cc1,BPA_CID232446__prepared_state_031,32,Done,,5.385,-9.326,grid,-9.329,-4.591,-0.32,-0.0,-2.479,-31.01,-5.896,0.4957,0.0,-55.55,-36.9,2.023
Oc1ccc(C2(c3ccc(O)cc3)CCCCC2)cc1,BPA_CID232446__prepared_state_031,32,Done,,5.385,-9.085,grid,-9.088,-4.43,-0.32,-0.0,-2.467,-30.38,-5.652,0.4957,0.0,-54.71,-36.03,0.9377
Oc1ccc(C2(c3ccc(O)cc3)CCCCC2)cc1,BPA_CID232446__prepared_state_031,32,Done,,5.385,-9.241,grid,-9.244,-4.639,-0.32,-0.0,-2.479,-29.5,-5.513,0.4957,0.0,-53.84,-35.02,1.319
Oc1ccc(C2(c3ccc(O)cc3)CCCCC2)cc1,BPA_CID232446__prepared_state_031,32,Done,,5.385,-9.272,grid,-9.275,-4.321,-0.4974,-0.0,-2.47,-25.94,-7.901,0.4957,0.0,-52.8,-33.84,1.154
Oc1ccc(C2(c3ccc(O)cc3)CCCCC2)cc1,BPA_CID232446__prepared_state_031,32,Done,,5.385,-9.121,grid,-9.124,-4.292,-0.3817,-0.0,-2.479,-25.55,-7.93,0.4957,0.0,-51.29,-33.48,2.831
Oc1ccc(C2(c3ccc(O)cc3)CCCCC2)cc1,BPA_CID232446__prepared_state_031,32,Done,,5.385,-8.771,grid,-8.774,-4.376,-0.2891,-0.0,-2.467,-30.01,-4.247,0.4957,0.0,-50.7,-34.25,4.08
Oc1ccc(C2(c3ccc(O)cc3)CCCCC2)cc1,BPA_CID232446__prepared_state_031,32,Done,,5.385,-9.122,grid,-9.125,-4.289,-0.3818,-0.0,-2.479,-25.57,-7.945,0.4957,0.0,-50.68,-33.51,4.104
Oc1ccc(C2(c3ccc(O)cc3)CCCCC2)cc1,BPA_CID232446__prepared_state_031,32,Done,,5.385,-9.209,grid,-9.212,-4.626,-0.32,-0.0,-2.479,-30.82,-4.944,0.4957,0.0,-50.55,-35.76,9.235
Oc1ccc(C2(c3ccc(O)cc3)CCCCC2)cc1,BPA_CID232446__prepared_state_031,32,Done,,5.385,-9.241,grid,-9.244,-5.025,-0.32,-0.0,-2.479,-27.87,-3.479,0.4957,0.0,-50.37,-31.35,0.9059
Oc1ccc(C2(c3ccc(O)cc3)CCCCC2)cc1,BPA_CID232446__prepared_state_031,32,Done,,5.385,-8.138,grid,-8.141,-4.589,0.0,-0.0,-2.479,-34.49,1.045,0.4957,0.0,-50.03,-33.44,1.123
Oc1ccc(C2(c3ccc(O)cc3)CCCCC2)cc1,BPA_CID232446__prepared_state_031,32,Done,,5.385,-8.516,grid,-8.519,-4.376,-0.2717,-0.0,-2.479,-29.9,-2.616,0.4957,0.0,-49.93,-32.52,1.081
Oc1ccc(C2(c3ccc(O)cc3)CCCCC2)cc1,BPA_CID232446__prepared_state_031,32,Done,,5.385,-8.569,grid,-8.572,-4.774,0.0,-0.0,-2.479,-31.06,-1.739,0.4957,0.0,-49.12,-32.8,3.498
Oc1ccc(C2(c3ccc(O)cc3)CCCCC2)cc1,BPA_CID232446__prepared_state_031,32,Done,,5.385,-8.66,grid,-8.663,-4.248,-0.2917,-0.0,-2.479,-30.86,-3.975,0.4957,0.0,-48.92,-34.84,8.334
Oc1ccc(C2(c3ccc(O)cc3)CCCCC2)cc1,BPA_CID232446__prepared_state_031,32,Done,,5.385,-8.603,grid,-8.606,-4.82,0.0,-0.0,-2.479,-31.62,-1.478,0.4957,0.0,-48.26,-33.1,5.94
Oc1ccc(C2(c3ccc(O)cc3)CCCCC2)cc1,BPA_CID232446__prepared_state_031,32,Done,,5.385,-9.12,grid,-9.123,-5.019,-0.32,-0.0,-2.479,-25.7,-3.434,0.4957,0.0,-47.86,-29.14,0.9958
Oc1ccc(C2(c3ccc(O)cc3)CCCCC2)cc1,BPA_CID232446__prepared_state_031,32,Done,,5.385,-8.438,grid,-8.441,-4.25,-0.2908,-0.0,-2.479,-31.03,-2.436,0.4957,0.0,-47.11,-33.47,8.289
Oc1ccc(C2(c3ccc(O)cc3)CCCCC2)cc1,BPA_CID232446__prepared_state_031,32,Done,,5.385,-8.38,grid,-8.383,-4.755,0.0,-0.0,-2.479,-31.14,-0.5858,0.4957,0.0,-46.97,-31.72,4.827
CC(c1ccc(O)cc1)c1ccc(O)cc1,BPA_CID608116__prepared_state_032,33,Done,,2.62,-8.844,grid,-8.846,-3.915,-0.32,-0.0,-2.848,-31.8,-6.003,0.7277,0.0,-56.44,-37.8,2.59
CC(c1ccc(O)cc1)c1ccc(O)cc1,BPA_CID608116__prepared_state_032,33,Done,,2.62,-8.844,grid,-8.846,-3.913,-0.32,-0.0,-2.848,-31.81,-6.016,0.7277,0.0,-56.08,-37.83,3.355
CC(c1ccc(O)cc1)c1ccc(O)cc1,BPA_CID608116__prepared_state_032,33,Done,,2.62,-8.703,grid,-8.705,-3.899,-0.32,-0.0,-2.848,-31.86,-5.154,0.7277,0.0,-55.2,-37.01,2.855
CC(c1ccc(O)cc1)c1ccc(O)cc1,BPA_CID608116__prepared_state_032,33,Done,,2.62,-8.703,grid,-8.706,-3.916,-0.32,-0.0,-2.848,-31.81,-5.059,0.7277,0.0,-54.6,-36.87,3.763
CC(c1ccc(O)cc1)c1ccc(O)cc1,BPA_CID608116__prepared_state_032,33,Done,,2.62,-8.322,grid,-8.325,-3.901,-0.32,-0.0,-2.771,-30.39,-3.606,0.7277,0.0,-51.62,-34.0,2.285
CC(c1ccc(O)cc1)c1ccc(O)cc1,BPA_CID608116__prepared_state_032,33,Done,,2.62,-8.097,grid,-8.099,-4.056,0.0,-0.0,-2.848,-32.28,-2.06,0.7277,0.0,-51.6,-34.34,1.98
CC(c1ccc(O)cc1)c1ccc(O)cc1,BPA_CID608116__prepared_state_032,33,Done,,2.62,-8.097,grid,-8.1,-4.06,0.0,-0.0,-2.848,-32.35,-2.015,0.7277,0.0,-51.43,-34.36,2.369
CC(c1ccc(O)cc1)c1ccc(O)cc1,BPA_CID608116__prepared_state_032,33,Done,,2.62,-8.083,grid,-8.085,-4.078,0.0,-0.0,-2.848,-31.74,-1.995,0.7277,0.0,-51.19,-33.73,1.524
CC(c1ccc(O)cc1)c1ccc(O)cc1,BPA_CID608116__prepared_state_032,33,Done,,2.62,-8.193,grid,-8.195,-3.679,-0.32,-0.0,-2.757,-29.08,-4.752,0.7277,0.0,-50.93,-33.83,2.742
CC(c1ccc(O)cc1)c1ccc(O)cc1,BPA_CID608116__prepared_state_032,33,Done,,2.62,-8.222,grid,-8.224,-3.916,-0.32,-0.0,-2.69,-30.46,-3.353,0.7277,0.0,-50.79,-33.81,3.095
CC(c1ccc(O)cc1)c1ccc(O)cc1,BPA_CID608116__prepared_state_032,33,Done,,2.62,-8.244,grid,-8.246,-3.648,-0.32,-0.0,-2.766,-28.76,-5.348,0.7277,0.0,-50.71,-34.1,3.963
CC(c1ccc(O)cc1)c1ccc(O)cc1,BPA_CID608116__prepared_state_032,33,Done,,2.62,-8.19,grid,-8.192,-3.747,-0.32,-0.0,-2.689,-29.0,-4.762,0.7277,0.0,-50.66,-33.76,3.127
CC(c1ccc(O)cc1)c1ccc(O)cc1,BPA_CID608116__prepared_state_032,33,Done,,2.62,-8.121,grid,-8.123,-3.654,-0.32,-0.0,-2.709,-28.46,-4.97,0.7277,0.0,-50.31,-33.43,2.857
CC(c1ccc(O)cc1)c1ccc(O)cc1,BPA_CID608116__prepared_state_032,33,Done,,2.62,-8.058,grid,-8.061,-3.644,-0.32,-0.0,-2.617,-28.22,-5.314,0.7277,0.0,-50.23,-33.53,2.929
CC(c1ccc(O)cc1)c1ccc(O)cc1,BPA_CID608116__prepared_state_032,33,Done,,2.62,-8.047,grid,-8.05,-3.653,-0.32,-0.0,-2.53,-27.09,-6.13,0.7277,0.0,-49.27,-33.22,4.172
CC(c1ccc(O)cc1)c1ccc(O)cc1,BPA_CID608116__prepared_state_032,33,Done,,2.62,-7.999,grid,-8.002,-3.797,-0.32,-0.0,-2.671,-28.38,-3.483,0.7277,0.0,-49.19,-31.87,1.416
CC(c1ccc(O)cc1)c1ccc(O)cc1,BPA_CID608116__prepared_state_032,33,Done,,2.62,-7.706,grid,-7.708,-4.041,0.0,-0.0,-2.715,-32.87,-0.2487,0.7277,0.0,-49.08,-33.11,2.806
CC(c1ccc(O)cc1)c1ccc(O)cc1,BPA_CID608116__prepared_state_032,33,Done,,2.62,-7.549,grid,-7.551,-3.745,0.0,-0.0,-2.848,-30.95,-0.9212,0.7277,0.0,-48.84,-31.87,0.0963
CC(c1ccc(O)cc1)c1ccc(O)cc1,BPA_CID608116__prepared_state_032,33,Done,,2.62,-7.51,grid,-7.513,-3.745,0.0,-0.0,-2.829,-30.84,-0.8293,0.7277,0.0,-48.49,-31.67,0.2167
CC(c1ccc(O)cc1)c1ccc(O)cc1,BPA_CID608116__prepared_state_032,33,Done,,2.62,-7.542,grid,-7.544,-3.684,0.0,-0.0,-2.77,-30.17,-2.06,0.7277,0.0,-48.2,-32.23,2.049
CC(c1ccccc1)(c1ccc(O)cc1)c1ccc(O)cc1,BPA_CID623849__prepared_state_033,34,Done,,3.435,-8.64,grid,-8.644,-4.872,-0.32,-0.0,-2.322,-25.01,-3.519,0.6484,0.0,-36.05,-28.53,4.655
CC(c1ccccc1)(c1ccc(O)cc1)c1ccc(O)cc1,BPA_CID623849__prepared_state_033,34,Done,,3.435,-8.644,grid,-8.648,-4.862,-0.32,-0.0,-2.252,-26.02,-3.748,0.6484,0.0,-35.69,-29.76,7.842
CC(c1ccccc1)(c1ccc(O)cc1)c1ccc(O)cc1,BPA_CID623849__prepared_state_033,34,Done,,3.435,-7.644,grid,-7.648,-4.852,0.0,-0.0,-2.299,-27.36,1.483,0.6484,0.0,-32.78,-25.87,3.61
CC(c1ccccc1)(c1ccc(O)cc1)c1ccc(O)cc1,BPA_CID623849__prepared_state_033,34,Done,,3.435,-7.813,grid,-7.817,-4.836,0.0,-0.0,-2.329,-28.14,0.709,0.6484,0.0,-32.52,-27.43,7.628
CC(c1ccccc1)(c1ccc(O)cc1)c1ccc(O)cc1,BPA_CID623849__prepared_state_033,34,Done,,3.435,-7.725,grid,-7.729,-4.866,0.0,-0.0,-2.262,-28.32,1.112,0.6484,0.0,-32.44,-27.21,7.127
CC(c1ccccc1)(c1ccc(O)cc1)c1ccc(O)cc1,BPA_CID623849__prepared_state_033,34,Done,,3.435,-7.647,grid,-7.651,-4.834,0.0,-0.0,-2.239,-27.99,1.157,0.6484,0.0,-31.64,-26.83,7.81
CC(c1ccccc1)(c1ccc(O)cc1)c1ccc(O)cc1,BPA_CID623849__prepared_state_033,34,Done,,3.435,-3.599,grid,-3.603,-1.191,0.0,-0.0,-1.429,-22.61,-3.334,0.6484,0.0,-29.73,-25.95,0.6412
CC(c1ccccc1)(c1ccc(O)cc1)c1ccc(O)cc1,BPA_CID623849__prepared_state_033,34,Done,,3.435,-8.417,grid,-8.421,-5.459,0.0,-0.0,-2.329,-22.57,-1.014,0.6484,0.0,-25.78,-23.59,14.8
CC(c1ccccc1)(c1ccc(O)cc1)c1ccc(O)cc1,BPA_CID623849__prepared_state_033,34,Done,,3.435,-8.352,grid,-8.356,-5.434,0.0,-0.0,-2.329,-22.24,-0.8572,0.6484,0.0,-25.53,-23.1,14.18
CC(c1ccccc1)(c1ccc(O)cc1)c1ccc(O)cc1,BPA_CID623849__prepared_state_033,34,Done,,3.435,-3.081,grid,-3.085,-0.5111,-0.32,-0.0,-1.429,-19.46,-3.334,0.6484,0.0,-25.17,-22.79,2.265
CC(c1ccccc1)(c1ccc(O)cc1)c1ccc(O)cc1,BPA_CID623849__prepared_state_033,34,Done,,3.435,-8.348,grid,-8.351,-5.458,0.0,-0.0,-2.329,-21.46,-0.9319,0.6484,0.0,-25.03,-22.39,13.74
CC(c1ccccc1)(c1ccc(O)cc1)c1ccc(O)cc1,BPA_CID623849__prepared_state_033,34,Done,,3.435,-8.273,grid,-8.276,-5.405,0.0,-0.0,-2.329,-22.14,-0.5549,0.6484,0.0,-24.81,-22.69,14.62
CC(c1ccccc1)(c1ccc(O)cc1)c1ccc(O)cc1,BPA_CID623849__prepared_state_033,34,Done,,3.435,-7.113,grid,-7.117,-4.343,-0.03797,-0.0,-2.324,-16.52,-1.562,0.6484,0.0,-23.92,-18.08,4.523
CC(c1ccccc1)(c1ccc(O)cc1)c1ccc(O)cc1,BPA_CID623849__prepared_state_033,34,Done,,3.435,-2.499,grid,-2.503,-0.693,0.0,-0.0,-1.429,-19.94,-0.2159,0.6484,0.0,-22.57,-20.15,0.8713
CC(c1ccccc1)(c1ccc(O)cc1)c1ccc(O)cc1,BPA_CID623849__prepared_state_033,34,Done,,3.435,-2.48,grid,-2.484,-0.4093,-0.1558,-0.0,-1.429,-14.94,-2.604,0.6484,0.0,-20.01,-17.55,0.7318
CC(c1ccccc1)(c1ccc(O)cc1)c1ccc(O)cc1,BPA_CID623849__prepared_state_033,34,Done,,3.435,-7.726,grid,-7.73,-5.184,0.0,-0.0,-2.329,-16.62,-0.2245,0.6484,0.0,-19.72,-16.84,11.83
CC(c1ccccc1)(c1ccc(O)cc1)c1ccc(O)cc1,BPA_CID623849__prepared_state_033,34,Done,,3.435,-6.881,grid,-6.885,-4.467,0.0,-0.0,-2.329,-13.21,-0.5091,0.6484,0.0,-19.4,-13.72,4.324
CC(c1ccccc1)(c1ccc(O)cc1)c1ccc(O)cc1,BPA_CID623849__prepared_state_033,34,Done,,3.435,-7.796,grid,-7.8,-5.248,-0.005775,-0.0,-2.329,-11.15,-2.05,0.6484,0.0,-17.6,-13.2,8.963
CC(c1ccccc1)(c1ccc(O)cc1)c1ccc(O)cc1,BPA_CID623849__prepared_state_033,34,Done,,3.435,-6.503,grid,-6.506,-4.603,0.0,-0.0,-2.175,-11.78,1.419,0.6484,0.0,-17.22,-10.36,1.094
CC(c1ccccc1)(c1ccc(O)cc1)c1ccc(O)cc1,BPA_CID623849__prepared_state_033,34,Done,,3.435,-2.457,grid,-2.461,-0.3118,-0.16,-0.0,-1.429,-9.806,-4.785,0.6484,0.0,-16.78,-14.59,1.226
CC(C)(c1ccc(O)cc1)c1ccc(C(C)(C)c2ccc(O)cc2)cc1,BPA_CID630355__prepared_state_034,35,Done,,4.687,-10.69,grid,-10.69,-6.112,-0.32,-0.0,-1.947,-44.69,-4.734,0.6335,0.0,-68.7,-49.42,3.626
CC(C)(c1ccc(O)cc1)c1ccc(C(C)(C)c2ccc(O)cc2)cc1,BPA_CID630355__prepared_state_034,35,Done,,4.687,-10.78,grid,-10.78,-6.24,-0.32,-0.0,-1.947,-44.13,-4.699,0.6335,0.0,-68.27,-48.83,3.662
CC(C)(c1ccc(O)cc1)c1ccc(C(C)(C)c2ccc(O)cc2)cc1,BPA_CID630355__prepared_state_034,35,Done,,4.687,-10.56,grid,-10.57,-5.991,-0.32,-0.0,-1.947,-44.06,-4.918,0.6335,0.0,-67.94,-48.98,3.766
CC(C)(c1ccc(O)cc1)c1ccc(C(C)(C)c2ccc(O)cc2)cc1,BPA_CID630355__prepared_state_034,35,Done,,4.687,-10.84,grid,-10.84,-6.1,-0.32,-0.0,-1.947,-42.77,-6.46,0.6335,0.0,-65.94,-49.23,9.348
CC(C)(c1ccc(O)cc1)c1ccc(C(C)(C)c2ccc(O)cc2)cc1,BPA_CID630355__prepared_state_034,35,Done,,4.687,-10.74,grid,-10.74,-6.087,-0.32,-0.0,-1.947,-41.44,-6.327,0.6335,0.0,-64.21,-47.77,9.477
CC(C)(c1ccc(O)cc1)c1ccc(C(C)(C)c2ccc(O)cc2)cc1,BPA_CID630355__prepared_state_034,35,Done,,4.687,-9.939,grid,-9.941,-6.323,0.0,-0.0,-1.947,-46.8,0.2365,0.6335,0.0,-63.31,-46.56,5.715
CC(C)(c1ccc(O)cc1)c1ccc(C(C)(C)c2ccc(O)cc2)cc1,BPA_CID630355__prepared_state_034,35,Done,,4.687,-10.57,grid,-10.57,-5.99,-0.32,-0.0,-1.947,-36.81,-7.386,0.6335,0.0,-63.19,-44.2,3.713
CC(C)(c1ccc(O)cc1)c1ccc(C(C)(C)c2ccc(O)cc2)cc1,BPA_CID630355__prepared_state_034,35,Done,,4.687,-10.63,grid,-10.63,-6.122,-0.32,-0.0,-1.947,-37.46,-6.672,0.6335,0.0,-63.14,-44.13,3.918
CC(C)(c1ccc(O)cc1)c1ccc(C(C)(C)c2ccc(O)cc2)cc1,BPA_CID630355__prepared_state_034,35,Done,,4.687,-9.897,grid,-9.899,-6.287,0.0,-0.0,-1.947,-46.39,0.1416,0.6335,0.0,-62.24,-46.25,7.054
CC(C)(c1ccc(O)cc1)c1ccc(C(C)(C)c2ccc(O)cc2)cc1,BPA_CID630355__prepared_state_034,35,Done,,4.687,-9.642,grid,-9.644,-6.117,0.0,-0.0,-1.947,-45.11,0.2738,0.6335,0.0,-59.57,-44.83,8.57
CC(C)(c1ccc(O)cc1)c1ccc(C(C)(C)c2ccc(O)cc2)cc1,BPA_CID630355__prepared_state_034,35,Done,,4.687,-9.097,grid,-9.099,-5.805,0.0,-0.0,-1.947,-40.76,0.3798,0.6335,0.0,-55.0,-40.38,6.644
CC(C)(c1ccc(O)cc1)c1ccc(C(C)(C)c2ccc(O)cc2)cc1,BPA_CID630355__prepared_state_034,35,Done,,4.687,-9.244,grid,-9.246,-5.953,0.0,-0.0,-1.947,-39.98,0.1289,0.6335,0.0,-54.98,-39.85,6.222
CC(C)(c1ccc(O)cc1)c1ccc(C(C)(C)c2ccc(O)cc2)cc1,BPA_CID630355__prepared_state_034,35,Done,,4.687,-8.533,grid,-8.535,-5.592,0.0,-0.0,-1.947,-32.12,-0.1584,0.6335,0.0,-47.64,-32.28,2.946
CC(C)(c1ccc(O)cc1)c1ccc(C(C)(C)c2ccc(O)cc2)cc1,BPA_CID630355__prepared_state_034,35,Done,,4.687,-9.665,grid,-9.666,-5.848,-0.32,-0.0,-1.947,-23.81,-6.63,0.6335,0.0,-46.07,-30.44,6.86
CC(C)(c1ccc(O)cc1)c1ccc(C(C)(C)c2ccc(O)cc2)cc1,BPA_CID630355__prepared_state_034,35,Done,,4.687,-8.422,grid,-8.424,-5.672,0.0,-0.0,-1.947,-28.44,-0.113,0.6335,0.0,-44.99,-28.55,0.3565
CC(C)(c1ccc(O)cc1)c1ccc(C(C)(C)c2ccc(O)cc2)cc1,BPA_CID630355__prepared_state_034,35,Done,,4.687,-8.623,grid,-8.625,-5.823,0.0,-0.0,-1.947,-28.47,-0.4352,0.6335,0.0,-44.85,-28.91,2.134
CC(C)(c1ccc(O)cc1)c1ccc(C(C)(C)c2ccc(O)cc2)cc1,BPA_CID630355__prepared_state_034,35,Done,,4.687,-9.046,grid,-9.048,-5.719,-0.32,-0.0,-1.947,-19.54,-4.791,0.6335,0.0,-41.13,-24.33,2.1
CC(C)(c1ccc(O)cc1)c1ccc(C(C)(C)c2ccc(O)cc2)cc1,BPA_CID630355__prepared_state_034,35,Done,,4.687,-8.469,grid,-8.471,-6.044,0.0,-0.0,-1.947,-19.46,-0.9368,0.6335,0.0,-35.19,-20.4,3.83
CC(C)(c1ccc(O)cc1)c1ccc(C(C)(C)c2ccc(O)cc2)cc1,BPA_CID630355__prepared_state_034,35,Done,,4.687,-8.243,grid,-8.245,-5.941,0.0,-0.0,-1.947,-18.85,-0.3249,0.6335,0.0,-33.95,-19.18,2.972
CC(C)(c1ccc(O)cc1)c1ccc(C(C)(C)c2ccc(O)cc2)cc1,BPA_CID630355__prepared_state_034,35,Done,,4.687,-7.973,grid,-7.975,-5.661,0.0,-0.0,-1.947,-17.97,-0.6809,0.6335,0.0,-33.12,-18.66,2.524
C=CCc1cc(S(=O)(=O)c2ccc(O)c(CC=C)c2)ccc1O,BPA_CID833466__prepared_state_035,36,Done,,5.172,-9.09,grid,-9.149,-4.962,-0.3125,-0.0,-2.405,-42.3,-2.585,1.034,0.0,-68.9,-44.89,0.5777
C=CCc1cc(S(=O)(=O)c2ccc(O)c(CC=C)c2)ccc1O,BPA_CID833466__prepared_state_035,36,Done,,5.172,-9.077,grid,-9.136,-4.967,-0.3047,-0.0,-2.402,-42.31,-2.54,1.034,0.0,-68.8,-44.85,0.6344
C=CCc1cc(S(=O)(=O)c2ccc(O)c(CC=C)c2)ccc1O,BPA_CID833466__prepared_state_035,36,Done,,5.172,-9.054,grid,-9.113,-4.958,-0.2959,-0.0,-2.416,-42.04,-2.5,1.034,0.0,-68.41,-44.54,0.6602
C=CCc1cc(S(=O)(=O)c2ccc(O)c(CC=C)c2)ccc1O,BPA_CID833466__prepared_state_035,36,Done,,5.172,-8.862,grid,-8.92,-4.891,-0.32,-0.0,-2.323,-43.31,-1.7,1.034,0.0,-68.04,-45.01,1.329
C=CCc1cc(S(=O)(=O)c2ccc(O)c(CC=C)c2)ccc1O,BPA_CID833466__prepared_state_035,36,Done,,5.172,-8.614,grid,-8.673,-4.948,0.0,-0.0,-2.421,-42.43,-1.444,1.034,0.0,-66.61,-43.87,0.5954
C=CCc1cc(S(=O)(=O)c2ccc(O)c(CC=C)c2)ccc1O,BPA_CID833466__prepared_state_035,36,Done,,5.172,-8.707,grid,-8.766,-4.658,-0.2971,-0.0,-2.425,-41.06,-2.441,1.034,0.0,-66.54,-43.51,0.4913
C=CCc1cc(S(=O)(=O)c2ccc(O)c(CC=C)c2)ccc1O,BPA_CID833466__prepared_state_035,36,Done,,5.172,-8.457,grid,-8.516,-4.88,0.0,-0.0,-2.377,-43.75,-0.702,1.034,0.0,-66.43,-44.45,1.285
C=CCc1cc(S(=O)(=O)c2ccc(O)c(CC=C)c2)ccc1O,BPA_CID833466__prepared_state_035,36,Done,,5.172,-8.413,grid,-8.472,-4.871,0.0,-0.0,-2.375,-43.74,-0.4827,1.034,0.0,-66.05,-44.22,1.36
C=CCc1cc(S(=O)(=O)c2ccc(O)c(CC=C)c2)ccc1O,BPA_CID833466__prepared_state_035,36,Done,,5.172,-8.642,grid,-8.701,-4.598,-0.32,-0.0,-2.426,-41.57,-2.083,1.034,0.0,-65.91,-43.66,1.716
C=CCc1cc(S(=O)(=O)c2ccc(O)c(CC=C)c2)ccc1O,BPA_CID833466__prepared_state_035,36,Done,,5.172,-8.465,grid,-8.524,-4.509,-0.18,-0.0,-2.484,-41.11,-2.193,1.034,0.0,-65.36,-43.3,1.151
C=CCc1cc(S(=O)(=O)c2ccc(O)c(CC=C)c2)ccc1O,BPA_CID833466__prepared_state_035,36,Done,,5.172,-8.566,grid,-8.625,-5.033,0.0,-0.0,-2.434,-43.89,0.01309,1.034,0.0,-64.97,-43.87,3.635
C=CCc1cc(S(=O)(=O)c2ccc(O)c(CC=C)c2)ccc1O,BPA_CID833466__prepared_state_035,36,Done,,5.172,-8.332,grid,-8.391,-4.65,0.0,-0.0,-2.428,-41.28,-1.885,1.034,0.0,-64.77,-43.17,1.374
C=CCc1cc(S(=O)(=O)c2ccc(O)c(CC=C)c2)ccc1O,BPA_CID833466__prepared_state_035,36,Done,,5.172,-8.328,grid,-8.387,-4.853,0.0,-0.0,-2.376,-42.99,-0.2766,1.034,0.0,-64.55,-43.27,1.988
C=CCc1cc(S(=O)(=O)c2ccc(O)c(CC=C)c2)ccc1O,BPA_CID833466__prepared_state_035,36,Done,,5.172,-8.081,grid,-8.14,-4.469,0.0,-0.0,-2.5,-42.27,-0.6108,1.034,0.0,-63.67,-42.88,1.663
C=CCc1cc(S(=O)(=O)c2ccc(O)c(CC=C)c2)ccc1O,BPA_CID833466__prepared_state_035,36,Done,,5.172,-7.694,grid,-7.753,-4.517,0.0,-0.0,-2.162,-41.41,-0.2505,1.034,0.0,-61.76,-41.66,1.0
C=CCc1cc(S(=O)(=O)c2ccc(O)c(CC=C)c2)ccc1O,BPA_CID833466__prepared_state_035,36,Done,,5.172,-7.939,grid,-7.998,-4.719,0.0,-0.0,-2.276,-42.04,0.4351,1.034,0.0,-61.75,-41.61,2.202
C=CCc1cc(S(=O)(=O)c2ccc(O)c(CC=C)c2)ccc1O,BPA_CID833466__prepared_state_035,36,Done,,5.172,-7.588,grid,-7.647,-4.466,0.0,-0.0,-2.083,-39.91,-0.9074,1.034,0.0,-60.66,-40.82,0.9398
C=CCc1cc(S(=O)(=O)c2ccc(O)c(CC=C)c2)ccc1O,BPA_CID833466__prepared_state_035,36,Done,,5.172,-7.596,grid,-7.655,-4.216,0.0,-0.0,-2.381,-39.54,-0.7611,1.034,0.0,-60.42,-40.3,0.4229
C=CCc1cc(S(=O)(=O)c2ccc(O)c(CC=C)c2)ccc1O,BPA_CID833466__prepared_state_035,36,Done,,5.172,-7.545,grid,-7.604,-4.471,0.0,-0.0,-2.132,-40.84,0.04872,1.034,0.0,-60.14,-40.79,1.697
C=CCc1cc(S(=O)(=O)c2ccc(O)c(CC=C)c2)ccc1O,BPA_CID833466__prepared_state_035,36,Done,,5.172,-7.534,grid,-7.593,-4.471,0.0,-0.0,-2.14,-40.85,0.1741,1.034,0.0,-60.08,-40.67,1.536
C=CCOc1ccc(S(=O)(=O)c2ccc(O)cc2)cc1,BPA_CID2054598__prepared_state_036,37,Done,,4.978,-7.783,grid,-7.96,-4.134,-0.32,-0.0,-2.35,-38.63,-2.041,1.081,0.0,-59.87,-40.67,0.7833
C=CCOc1ccc(S(=O)(=O)c2ccc(O)cc2)cc1,BPA_CID2054598__prepared_state_036,37,Done,,4.978,-7.798,grid,-7.975,-4.124,-0.32,-0.0,-2.396,-38.75,-1.857,1.081,0.0,-59.84,-40.61,0.7988
C=CCOc1ccc(S(=O)(=O)c2ccc(O)cc2)cc1,BPA_CID2054598__prepared_state_036,37,Done,,4.978,-7.604,grid,-7.782,-4.038,-0.32,-0.0,-2.268,-39.04,-1.896,1.081,0.0,-59.52,-40.94,1.142
C=CCOc1ccc(S(=O)(=O)c2ccc(O)cc2)cc1,BPA_CID2054598__prepared_state_036,37,Done,,4.978,-7.095,grid,-7.272,-3.934,0.0,-0.0,-2.411,-38.05,-0.7063,1.081,0.0,-56.26,-38.76,0.8081
C=CCOc1ccc(S(=O)(=O)c2ccc(O)cc2)cc1,BPA_CID2054598__prepared_state_036,37,Done,,4.978,-7.392,grid,-7.57,-3.741,-0.32,-0.0,-2.251,-36.05,-3.573,1.081,0.0,-55.32,-39.62,5.863
C=CCOc1ccc(S(=O)(=O)c2ccc(O)cc2)cc1,BPA_CID2054598__prepared_state_036,37,Done,,4.978,-7.691,grid,-7.868,-3.924,-0.3162,-0.0,-2.582,-35.14,-2.463,1.081,0.0,-55.12,-37.61,3.711
C=CCOc1ccc(S(=O)(=O)c2ccc(O)cc2)cc1,BPA_CID2054598__prepared_state_036,37,Done,,4.978,-7.278,grid,-7.456,-4.032,0.0,-0.0,-2.502,-39.65,-0.1336,1.081,0.0,-54.91,-39.79,6.465
C=CCOc1ccc(S(=O)(=O)c2ccc(O)cc2)cc1,BPA_CID2054598__prepared_state_036,37,Done,,4.978,-6.988,grid,-7.166,-4.049,0.0,-0.0,-2.409,-38.83,1.023,1.081,0.0,-54.78,-37.81,1.343
C=CCOc1ccc(S(=O)(=O)c2ccc(O)cc2)cc1,BPA_CID2054598__prepared_state_036,37,Done,,4.978,-7.173,grid,-7.351,-4.072,0.0,-0.0,-2.48,-38.07,0.1593,1.081,0.0,-54.55,-37.91,2.912
C=CCOc1ccc(S(=O)(=O)c2ccc(O)cc2)cc1,BPA_CID2054598__prepared_state_036,37,Done,,4.978,-6.861,grid,-7.038,-3.769,0.0,-0.0,-2.448,-37.51,-0.175,1.081,0.0,-54.45,-37.68,1.112
C=CCOc1ccc(S(=O)(=O)c2ccc(O)cc2)cc1,BPA_CID2054598__prepared_state_036,37,Done,,4.978,-6.673,grid,-6.85,-3.768,0.0,-0.0,-2.246,-37.71,-0.2149,1.081,0.0,-54.31,-37.92,0.9532
C=CCOc1ccc(S(=O)(=O)c2ccc(O)cc2)cc1,BPA_CID2054598__prepared_state_036,37,Done,,4.978,-6.963,grid,-7.141,-3.827,0.0,-0.0,-2.462,-36.39,-0.7509,1.081,0.0,-54.08,-37.14,1.274
C=CCOc1ccc(S(=O)(=O)c2ccc(O)cc2)cc1,BPA_CID2054598__prepared_state_036,37,Done,,4.978,-7.248,grid,-7.425,-4.021,0.0,-0.0,-2.538,-40.22,0.4263,1.081,0.0,-54.0,-39.79,8.14
C=CCOc1ccc(S(=O)(=O)c2ccc(O)cc2)cc1,BPA_CID2054598__prepared_state_036,37,Done,,4.978,-7.675,grid,-7.853,-3.973,-0.2708,-0.0,-2.589,-34.94,-2.365,1.081,0.0,-53.94,-37.3,5.378
C=CCOc1ccc(S(=O)(=O)c2ccc(O)cc2)cc1,BPA_CID2054598__prepared_state_036,37,Done,,4.978,-6.89,grid,-7.067,-3.89,0.0,-0.0,-2.407,-37.99,0.3184,1.081,0.0,-53.82,-37.67,2.501
C=CCOc1ccc(S(=O)(=O)c2ccc(O)cc2)cc1,BPA_CID2054598__prepared_state_036,37,Done,,4.978,-7.017,grid,-7.194,-3.841,0.0,-0.0,-2.588,-38.13,0.3996,1.081,0.0,-53.72,-37.73,3.427
C=CCOc1ccc(S(=O)(=O)c2ccc(O)cc2)cc1,BPA_CID2054598__prepared_state_036,37,Done,,4.978,-6.736,grid,-6.914,-3.729,0.0,-0.0,-2.308,-38.35,-0.2647,1.081,0.0,-52.95,-38.62,5.364
C=CCOc1ccc(S(=O)(=O)c2ccc(O)cc2)cc1,BPA_CID2054598__prepared_state_036,37,Done,,4.978,-7.024,grid,-7.201,-4.045,0.0,-0.0,-2.415,-39.18,0.9142,1.081,0.0,-52.77,-38.27,6.448
C=CCOc1ccc(S(=O)(=O)c2ccc(O)cc2)cc1,BPA_CID2054598__prepared_state_036,37,Done,,4.978,-6.9,grid,-7.078,-3.716,0.0,-0.0,-2.573,-37.46,0.02492,1.081,0.0,-52.65,-37.44,4.414
C=CCOc1ccc(S(=O)(=O)c2ccc(O)cc2)cc1,BPA_CID2054598__prepared_state_036,37,Done,,4.978,-6.019,grid,-6.196,-4.053,-0.32,-0.0,-0.4611,-37.93,-3.644,1.081,0.0,-52.4,-41.58,8.87
C=CCOc1ccc(S(=O)(=O)c2ccc([O-])cc2)cc1,BPA_CID2054598__prepared_state_037,38,Done,,3.386,-6.334,grid,-7.135,-3.851,0.0,-0.0,-2.504,-37.99,0.2161,1.087,0.0,-54.24,-37.78,1.792
C=CCOc1ccc(S(=O)(=O)c2ccc([O-])cc2)cc1,BPA_CID2054598__prepared_state_037,38,Done,,3.386,-6.748,grid,-7.549,-4.099,0.0,-0.0,-2.546,-35.79,-1.348,1.087,0.0,-54.2,-37.13,2.593
C=CCOc1ccc(S(=O)(=O)c2ccc([O-])cc2)cc1,BPA_CID2054598__prepared_state_037,38,Done,,3.386,-6.296,grid,-7.097,-4.023,0.0,-0.0,-2.375,-37.7,0.6583,1.087,0.0,-54.02,-37.04,0.574
C=CCOc1ccc(S(=O)(=O)c2ccc([O-])cc2)cc1,BPA_CID2054598__prepared_state_037,38,Done,,3.386,-6.21,grid,-7.011,-4.003,0.0,-0.0,-2.294,-38.33,0.7665,1.087,0.0,-53.91,-37.56,1.421
C=CCOc1ccc(S(=O)(=O)c2ccc([O-])cc2)cc1,BPA_CID2054598__prepared_state_037,38,Done,,3.386,-6.109,grid,-6.91,-3.838,0.0,-0.0,-2.289,-36.84,-0.1885,1.087,0.0,-53.64,-37.03,0.3877
C=CCOc1ccc(S(=O)(=O)c2ccc([O-])cc2)cc1,BPA_CID2054598__prepared_state_037,38,Done,,3.386,-6.582,grid,-7.383,-4.007,0.0,-0.0,-2.593,-37.83,0.146,1.087,0.0,-53.47,-37.69,4.362
C=CCOc1ccc(S(=O)(=O)c2ccc([O-])cc2)cc1,BPA_CID2054598__prepared_state_037,38,Done,,3.386,-6.141,grid,-6.942,-3.917,0.0,-0.0,-2.406,-37.97,1.28,1.087,0.0,-52.99,-36.69,1.182
C=CCOc1ccc(S(=O)(=O)c2ccc([O-])cc2)cc1,BPA_CID2054598__prepared_state_037,38,Done,,3.386,-6.297,grid,-7.097,-4.0,0.0,-0.0,-2.493,-37.55,1.245,1.087,0.0,-52.72,-36.31,1.715
C=CCOc1ccc(S(=O)(=O)c2ccc([O-])cc2)cc1,BPA_CID2054598__prepared_state_037,38,Done,,3.386,-5.944,grid,-6.745,-3.594,0.0,-0.0,-2.385,-36.57,-0.1688,1.087,0.0,-52.43,-36.74,1.449
C=CCOc1ccc(S(=O)(=O)c2ccc([O-])cc2)cc1,BPA_CID2054598__prepared_state_037,38,Done,,3.386,-5.959,grid,-6.76,-3.832,0.0,-0.0,-2.277,-36.67,0.6336,1.087,0.0,-52.27,-36.03,0.4073
C=CCOc1ccc(S(=O)(=O)c2ccc([O-])cc2)cc1,BPA_CID2054598__prepared_state_037,38,Done,,3.386,-6.007,grid,-6.808,-3.588,0.0,-0.0,-2.384,-35.49,-0.9987,1.087,0.0,-51.83,-36.49,2.434
C=CCOc1ccc(S(=O)(=O)c2ccc([O-])cc2)cc1,BPA_CID2054598__prepared_state_037,38,Done,,3.386,-6.389,grid,-7.19,-4.031,0.0,-0.0,-2.601,-37.95,1.684,1.087,0.0,-51.73,-36.27,4.059
C=CCOc1ccc(S(=O)(=O)c2ccc([O-])cc2)cc1,BPA_CID2054598__prepared_state_037,38,Done,,3.386,-6.325,grid,-7.126,-3.996,0.0,-0.0,-2.467,-36.51,0.5045,1.087,0.0,-51.52,-36.0,3.628
C=CCOc1ccc(S(=O)(=O)c2ccc([O-])cc2)cc1,BPA_CID2054598__prepared_state_037,38,Done,,3.386,-6.279,grid,-7.08,-3.976,0.0,-0.0,-2.481,-36.08,0.6245,1.087,0.0,-51.46,-35.45,2.434
C=CCOc1ccc(S(=O)(=O)c2ccc([O-])cc2)cc1,BPA_CID2054598__prepared_state_037,38,Done,,3.386,-6.36,grid,-7.161,-4.069,0.0,-0.0,-2.489,-36.59,0.9198,1.087,0.0,-51.41,-35.67,3.354
C=CCOc1ccc(S(=O)(=O)c2ccc([O-])cc2)cc1,BPA_CID2054598__prepared_state_037,38,Done,,3.386,-5.816,grid,-6.617,-3.625,0.0,-0.0,-2.292,-36.03,0.09063,1.087,0.0,-51.36,-35.94,1.344
C=CCOc1ccc(S(=O)(=O)c2ccc([O-])cc2)cc1,BPA_CID2054598__prepared_state_037,38,Done,,3.386,-5.798,grid,-6.599,-3.94,0.0,-0.0,-2.008,-36.77,0.6659,1.087,0.0,-51.11,-36.1,2.103
C=CCOc1ccc(S(=O)(=O)c2ccc([O-])cc2)cc1,BPA_CID2054598__prepared_state_037,38,Done,,3.386,-5.852,grid,-6.653,-3.478,-0.1018,-0.0,-2.224,-34.05,-1.568,1.087,0.0,-50.87,-35.61,1.855
C=CCOc1ccc(S(=O)(=O)c2ccc([O-])cc2)cc1,BPA_CID2054598__prepared_state_037,38,Done,,3.386,-5.907,grid,-6.708,-3.785,0.0,-0.0,-2.282,-35.67,0.365,1.087,0.0,-50.86,-35.3,1.512
C=CCOc1ccc(S(=O)(=O)c2ccc([O-])cc2)cc1,BPA_CID2054598__prepared_state_037,38,Done,,3.386,-6.141,grid,-6.942,-4.073,0.0,-0.0,-2.24,-38.33,1.331,1.087,0.0,-50.85,-37.0,6.082
Oc1ccc(SCCOCOCCSc2ccc(O)cc2)cc1,BPA_CID3086375__prepared_state_038,39,Done,,12.68,-9.103,grid,-9.11,-4.966,-0.48,-0.0,-1.925,-42.68,-7.607,1.536,0.0,-76.84,-50.29,4.051
Oc1ccc(SCCOCOCCSc2ccc(O)cc2)cc1,BPA_CID3086375__prepared_state_038,39,Done,,12.68,-8.841,grid,-8.848,-4.662,-0.3909,-0.0,-2.019,-43.19,-7.679,1.536,0.0,-74.9,-50.87,7.456
Oc1ccc(SCCOCOCCSc2ccc(O)cc2)cc1,BPA_CID3086375__prepared_state_038,39,Done,,12.68,-9.568,grid,-9.574,-4.76,-0.76,-0.0,-1.9,-41.01,-10.93,1.536,0.0,-74.44,-51.95,15.09
Oc1ccc(SCCOCOCCSc2ccc(O)cc2)cc1,BPA_CID3086375__prepared_state_038,39,Done,,12.68,-8.903,grid,-8.91,-4.824,-0.6023,-0.0,-1.709,-44.93,-7.091,1.536,0.0,-74.06,-52.02,11.81
Oc1ccc(SCCOCOCCSc2ccc(O)cc2)cc1,BPA_CID3086375__prepared_state_038,39,Done,,12.68,-8.218,grid,-8.224,-4.487,-0.32,-0.0,-1.967,-45.15,-4.86,1.536,0.0,-73.95,-50.01,3.709
Oc1ccc(SCCOCOCCSc2ccc(O)cc2)cc1,BPA_CID3086375__prepared_state_038,39,Done,,12.68,-8.625,grid,-8.631,-4.712,-0.3637,-0.0,-2.233,-44.09,-4.364,1.536,0.0,-73.34,-48.45,4.381
Oc1ccc(SCCOCOCCSc2ccc(O)cc2)cc1,BPA_CID3086375__prepared_state_038,39,Done,,12.68,-8.969,grid,-8.975,-5.109,-0.3796,-0.0,-2.022,-46.47,-4.517,1.536,0.0,-73.2,-50.99,11.89
Oc1ccc(SCCOCOCCSc2ccc(O)cc2)cc1,BPA_CID3086375__prepared_state_038,39,Done,,12.68,-8.177,grid,-8.183,-5.235,0.0,-0.0,-1.857,-47.57,-1.662,1.536,0.0,-72.78,-49.23,4.243
Oc1ccc(SCCOCOCCSc2ccc(O)cc2)cc1,BPA_CID3086375__prepared_state_038,39,Done,,12.68,-8.508,grid,-8.515,-4.861,-0.32,-0.0,-1.913,-44.21,-4.977,1.536,0.0,-71.91,-49.18,7.98
Oc1ccc(SCCOCOCCSc2ccc(O)cc2)cc1,BPA_CID3086375__prepared_state_038,39,Done,,12.68,-8.059,grid,-8.066,-5.08,-0.06351,-0.0,-1.976,-47.67,-0.6591,1.536,0.0,-71.86,-48.33,3.548
Oc1ccc(SCCOCOCCSc2ccc(O)cc2)cc1,BPA_CID3086375__prepared_state_038,39,Done,,12.68,-8.668,grid,-8.674,-4.651,-0.608,-0.0,-1.842,-42.14,-6.679,1.536,0.0,-71.61,-48.82,8.848
Oc1ccc(SCCOCOCCSc2ccc(O)cc2)cc1,BPA_CID3086375__prepared_state_038,39,Done,,12.68,-8.069,grid,-8.076,-4.991,0.0,-0.0,-1.948,-49.17,-1.426,1.536,0.0,-71.57,-50.6,8.727
Oc1ccc(SCCOCOCCSc2ccc(O)cc2)cc1,BPA_CID3086375__prepared_state_038,39,Done,,12.68,-7.956,grid,-7.963,-4.717,-0.09873,-0.0,-2.103,-46.79,-1.61,1.536,0.0,-71.5,-48.4,3.764
Oc1ccc(SCCOCOCCSc2ccc(O)cc2)cc1,BPA_CID3086375__prepared_state_038,39,Done,,12.68,-8.522,grid,-8.528,-4.681,-0.5346,-0.0,-1.818,-43.44,-5.722,1.536,0.0,-71.41,-49.16,9.01
Oc1ccc(SCCOCOCCSc2ccc(O)cc2)cc1,BPA_CID3086375__prepared_state_038,39,Done,,12.68,-8.224,grid,-8.23,-5.177,-0.007683,-0.0,-2.076,-48.01,-0.7014,1.536,0.0,-71.3,-48.71,6.467
Oc1ccc(SCCOCOCCSc2ccc(O)cc2)cc1,BPA_CID3086375__prepared_state_038,39,Done,,12.68,-8.1,grid,-8.106,-4.62,-0.256,-0.0,-2.117,-45.1,-2.633,1.536,0.0,-71.11,-47.74,4.124
Oc1ccc(SCCOCOCCSc2ccc(O)cc2)cc1,BPA_CID3086375__prepared_state_038,39,Done,,12.68,-7.816,grid,-7.823,-4.852,0.0,-0.0,-2.023,-48.17,-0.5066,1.536,0.0,-69.71,-48.67,7.006
Oc1ccc(SCCOCOCCSc2ccc(O)cc2)cc1,BPA_CID3086375__prepared_state_038,39,Done,,12.68,-7.779,grid,-7.785,-4.97,0.0,-0.0,-2.015,-47.29,0.1864,1.536,0.0,-69.27,-47.11,4.525
Oc1ccc(SCCOCOCCSc2ccc(O)cc2)cc1,BPA_CID3086375__prepared_state_038,39,Done,,12.68,-8.915,grid,-8.922,-5.155,-0.4533,-0.0,-2.015,-46.16,-3.508,1.536,0.0,-68.58,-49.67,18.16
Oc1ccc(SCCOCOCCSc2ccc(O)cc2)cc1,BPA_CID3086375__prepared_state_038,39,Done,,12.68,-7.462,grid,-7.468,-4.13,-0.32,-0.0,-1.764,-42.63,-4.384,1.536,0.0,-68.57,-47.02,3.752
Cc1ccc(S(=O)(=O)[N-]C(=O)Nc2ccc(Cc3ccc(NC(=O)[N-]S(=O)(=O)c4ccc(C)cc4)cc3)cc2)cc1,BPA_CID3596056__prepared_state_039,40,Done,,4.766,2.627,grid,2.626,-0.4773,-0.01626,-0.0,4.308,-30.86,-0.9814,0.6117,-0.1107,-18.15,-31.84,19.77
Cc1ccc(S(=O)(=O)[N-]C(=O)Nc2ccc(Cc3ccc(NC(=O)[N-]S(=O)(=O)c4ccc(C)cc4)cc3)cc2)cc1,BPA_CID3596056__prepared_state_039,40,Done,,4.766,-3.3,grid,-3.3,-5.974,0.0,-0.0,4.138,-5.151,-11.46,0.6117,-0.09902,-14.77,-16.61,13.24
CC(C)(c1ccc(OP(=O)(Oc2ccccc2)Oc2ccccc2)cc1)c1ccc(OP(=O)(Oc2ccccc2)Oc2ccccc2)cc1,BPA_CID9874825__prepared_state_040,41,Done,,12.31,-2.989,grid,-2.989,-1.39,0.0,-0.0,0.0,-32.41,-1.687,0.2743,0.0,-33.17,-34.09,14.72
CC(C)Oc1ccc(S(=O)(=O)c2ccc(O)cc2)cc1,BPA_CID9904141__prepared_state_041,42,Done,,3.193,-8.056,grid,-8.234,-3.781,-0.32,-0.0,-2.328,-37.68,-3.744,0.6408,0.0,-56.61,-41.42,8.935
CC(C)Oc1ccc(S(=O)(=O)c2ccc(O)cc2)cc1,BPA_CID9904141__prepared_state_041,42,Done,,3.193,-7.284,grid,-7.462,-3.925,0.0,-0.0,-2.212,-37.57,-0.5801,0.6408,0.0,-55.36,-38.15,1.209
CC(C)Oc1ccc(S(=O)(=O)c2ccc(O)cc2)cc1,BPA_CID9904141__prepared_state_041,42,Done,,3.193,-7.459,grid,-7.636,-3.881,0.0,-0.0,-2.455,-37.37,-0.4822,0.6408,0.0,-54.83,-37.86,2.506
CC(C)Oc1ccc(S(=O)(=O)c2ccc(O)cc2)cc1,BPA_CID9904141__prepared_state_041,42,Done,,3.193,-7.178,grid,-7.355,-3.845,0.0,-0.0,-2.174,-37.15,-0.791,0.6408,0.0,-54.8,-37.95,1.407
CC(C)Oc1ccc(S(=O)(=O)c2ccc(O)cc2)cc1,BPA_CID9904141__prepared_state_041,42,Done,,3.193,-7.271,grid,-7.448,-3.891,0.0,-0.0,-2.256,-38.28,-0.1823,0.6408,0.0,-53.57,-38.46,5.346
CC(C)Oc1ccc(S(=O)(=O)c2ccc(O)cc2)cc1,BPA_CID9904141__prepared_state_041,42,Done,,3.193,-7.421,grid,-7.598,-3.763,0.0,-0.0,-2.662,-37.75,0.4909,0.6408,0.0,-52.95,-37.26,4.89
CC(C)Oc1ccc(S(=O)(=O)c2ccc(O)cc2)cc1,BPA_CID9904141__prepared_state_041,42,Done,,3.193,-7.785,grid,-7.962,-4.166,-0.32,-0.0,-1.616,-32.77,-5.752,0.6408,0.0,-52.56,-38.52,9.932
CC(C)Oc1ccc(S(=O)(=O)c2ccc(O)cc2)cc1,BPA_CID9904141__prepared_state_041,42,Done,,3.193,-7.282,grid,-7.459,-3.815,0.0,-0.0,-2.43,-37.49,0.1275,0.6408,0.0,-52.23,-37.36,5.879
CC(C)Oc1ccc(S(=O)(=O)c2ccc(O)cc2)cc1,BPA_CID9904141__prepared_state_041,42,Done,,3.193,-5.469,grid,-5.647,-3.947,0.0,-0.0,-0.2997,-40.48,-0.1132,0.6408,0.0,-51.37,-40.59,5.392
CC(C)Oc1ccc(S(=O)(=O)c2ccc(O)cc2)cc1,BPA_CID9904141__prepared_state_041,42,Done,,3.193,-8.278,grid,-8.456,-4.212,-0.32,-0.0,-2.556,-33.39,-2.258,0.6408,0.0,-51.15,-35.64,9.343
CC(C)Oc1ccc(S(=O)(=O)c2ccc(O)cc2)cc1,BPA_CID9904141__prepared_state_041,42,Done,,3.193,-7.42,grid,-7.597,-3.374,-0.608,-0.0,-1.539,-30.12,-8.073,0.6408,0.0,-50.95,-38.2,10.77
CC(C)Oc1ccc(S(=O)(=O)c2ccc(O)cc2)cc1,BPA_CID9904141__prepared_state_041,42,Done,,3.193,-7.469,grid,-7.646,-3.936,0.0,-0.0,-2.508,-37.9,0.3453,0.6408,0.0,-50.41,-37.56,10.81
CC(C)Oc1ccc(S(=O)(=O)c2ccc(O)cc2)cc1,BPA_CID9904141__prepared_state_041,42,Done,,3.193,-5.416,grid,-5.594,-4.038,0.0,-0.0,-0.1963,-40.03,0.009194,0.6408,0.0,-49.98,-40.03,6.791
CC(C)Oc1ccc(S(=O)(=O)c2ccc(O)cc2)cc1,BPA_CID9904141__prepared_state_041,42,Done,,3.193,-6.473,grid,-6.65,-3.317,0.0,-0.0,-2.261,-33.0,-0.4184,0.6408,0.0,-49.12,-33.42,0.3542
CC(C)Oc1ccc(S(=O)(=O)c2ccc(O)cc2)cc1,BPA_CID9904141__prepared_state_041,42,Done,,3.193,-6.173,grid,-6.35,-3.805,-0.32,-0.0,-0.5754,-34.81,-3.67,0.6408,0.0,-48.77,-38.48,9.736
CC(C)Oc1ccc(S(=O)(=O)c2ccc(O)cc2)cc1,BPA_CID9904141__prepared_state_041,42,Done,,3.193,-6.172,grid,-6.349,-3.817,-0.32,-0.0,-0.577,-34.85,-3.559,0.6408,0.0,-48.76,-38.41,9.61
CC(C)Oc1ccc(S(=O)(=O)c2ccc(O)cc2)cc1,BPA_CID9904141__prepared_state_041,42,Done,,3.193,-6.879,grid,-7.056,-3.822,0.0,-0.0,-2.17,-35.79,0.5641,0.6408,0.0,-48.25,-35.23,7.635
CC(C)Oc1ccc(S(=O)(=O)c2ccc(O)cc2)cc1,BPA_CID9904141__prepared_state_041,42,Done,,3.193,-7.418,grid,-7.595,-4.129,0.0,-0.0,-2.523,-33.55,0.62,0.6408,0.0,-47.28,-32.93,7.558
CC(C)Oc1ccc(S(=O)(=O)c2ccc(O)cc2)cc1,BPA_CID9904141__prepared_state_041,42,Done,,3.193,-6.996,grid,-7.173,-3.995,0.0,-0.0,-2.158,-34.1,0.2892,0.6408,0.0,-47.25,-33.81,7.374
CC(C)Oc1ccc(S(=O)(=O)c2ccc(O)cc2)cc1,BPA_CID9904141__prepared_state_041,42,Done,,3.193,-7.812,grid,-7.989,-3.993,-0.32,-0.0,-2.463,-30.74,-2.11,0.6408,0.0,-46.57,-32.85,10.7
CC(C)Oc1ccc(S(=O)(=O)c2ccc([O-])cc2)cc1,BPA_CID9904141__prepared_state_042,43,Done,,3.148,-6.469,grid,-7.27,-3.735,0.0,-0.0,-2.317,-37.2,-0.01848,0.6446,0.0,-54.75,-37.22,0.3724
CC(C)Oc1ccc(S(=O)(=O)c2ccc([O-])cc2)cc1,BPA_CID9904141__prepared_state_042,43,Done,,3.148,-6.478,grid,-7.279,-3.671,0.0,-0.0,-2.427,-37.0,0.1559,0.6446,0.0,-54.35,-36.84,0.4798
CC(C)Oc1ccc(S(=O)(=O)c2ccc([O-])cc2)cc1,BPA_CID9904141__prepared_state_042,43,Done,,3.148,-6.662,grid,-7.462,-3.899,0.0,-0.0,-2.501,-38.54,1.472,0.6446,0.0,-53.9,-37.07,2.719
CC(C)Oc1ccc(S(=O)(=O)c2ccc([O-])cc2)cc1,BPA_CID9904141__prepared_state_042,43,Done,,3.148,-6.895,grid,-7.696,-3.826,0.0,-0.0,-2.629,-38.02,0.1069,0.6446,0.0,-53.62,-37.92,6.109
CC(C)Oc1ccc(S(=O)(=O)c2ccc([O-])cc2)cc1,BPA_CID9904141__prepared_state_042,43,Done,,3.148,-6.548,grid,-7.349,-3.64,-0.1542,-0.0,-2.231,-34.19,-1.727,0.6446,0.0,-53.33,-35.92,1.004
CC(C)Oc1ccc(S(=O)(=O)c2ccc([O-])cc2)cc1,BPA_CID9904141__prepared_state_042,43,Done,,3.148,-6.444,grid,-7.245,-3.807,0.0,-0.0,-2.414,-37.62,1.414,0.6446,0.0,-52.61,-36.2,2.507
CC(C)Oc1ccc(S(=O)(=O)c2ccc([O-])cc2)cc1,BPA_CID9904141__prepared_state_042,43,Done,,3.148,-6.477,grid,-7.278,-3.862,0.0,-0.0,-2.254,-35.27,-0.2832,0.6446,0.0,-52.56,-35.55,1.467
CC(C)Oc1ccc(S(=O)(=O)c2ccc([O-])cc2)cc1,BPA_CID9904141__prepared_state_042,43,Done,,3.148,-6.637,grid,-7.438,-3.668,-0.1058,-0.0,-2.362,-33.59,-1.779,0.6446,0.0,-52.5,-35.37,1.991
CC(C)Oc1ccc(S(=O)(=O)c2ccc([O-])cc2)cc1,BPA_CID9904141__prepared_state_042,43,Done,,3.148,-6.316,grid,-7.117,-3.815,0.0,-0.0,-2.221,-36.28,0.5895,0.6446,0.0,-52.31,-35.69,1.441
CC(C)Oc1ccc(S(=O)(=O)c2ccc([O-])cc2)cc1,BPA_CID9904141__prepared_state_042,43,Done,,3.148,-6.411,grid,-7.212,-3.887,0.0,-0.0,-2.242,-35.0,0.1485,0.6446,0.0,-51.92,-34.85,1.017
CC(C)Oc1ccc(S(=O)(=O)c2ccc([O-])cc2)cc1,BPA_CID9904141__prepared_state_042,43,Done,,3.148,-6.718,grid,-7.519,-3.837,0.0,-0.0,-2.552,-38.73,1.083,0.6446,0.0,-51.92,-37.65,8.112
CC(C)Oc1ccc(S(=O)(=O)c2ccc([O-])cc2)cc1,BPA_CID9904141__prepared_state_042,43,Done,,3.148,-6.645,grid,-7.446,-3.99,0.0,-0.0,-2.49,-35.9,1.233,0.6446,0.0,-51.65,-34.67,2.333
CC(C)Oc1ccc(S(=O)(=O)c2ccc([O-])cc2)cc1,BPA_CID9904141__prepared_state_042,43,Done,,3.148,-6.123,grid,-6.924,-3.615,0.0,-0.0,-2.26,-36.14,0.7534,0.6446,0.0,-51.49,-35.39,1.553
CC(C)Oc1ccc(S(=O)(=O)c2ccc([O-])cc2)cc1,BPA_CID9904141__prepared_state_042,43,Done,,3.148,-6.878,grid,-7.679,-4.203,0.0,-0.0,-2.387,-37.53,0.9533,0.6446,0.0,-51.18,-36.58,8.222
CC(C)Oc1ccc(S(=O)(=O)c2ccc([O-])cc2)cc1,BPA_CID9904141__prepared_state_042,43,Done,,3.148,-6.544,grid,-7.345,-3.674,0.0,-0.0,-2.548,-34.62,-0.2495,0.6446,0.0,-51.11,-34.87,3.309
CC(C)Oc1ccc(S(=O)(=O)c2ccc([O-])cc2)cc1,BPA_CID9904141__prepared_state_042,43,Done,,3.148,-6.034,grid,-6.835,-3.973,0.0,-0.0,-1.662,-39.07,0.7277,0.6446,0.0,-50.91,-38.34,8.171
CC(C)Oc1ccc(S(=O)(=O)c2ccc([O-])cc2)cc1,BPA_CID9904141__prepared_state_042,43,Done,,3.148,-6.019,grid,-6.82,-3.565,0.0,-0.0,-2.217,-35.13,0.4935,0.6446,0.0,-50.17,-34.64,2.175
CC(C)Oc1ccc(S(=O)(=O)c2ccc([O-])cc2)cc1,BPA_CID9904141__prepared_state_042,43,Done,,3.148,-6.628,grid,-7.429,-3.769,-0.2922,-0.0,-2.073,-35.23,-1.188,0.6446,0.0,-49.93,-36.41,9.179
CC(C)Oc1ccc(S(=O)(=O)c2ccc([O-])cc2)cc1,BPA_CID9904141__prepared_state_042,43,Done,,3.148,-6.321,grid,-7.122,-3.705,-0.02048,-0.0,-2.339,-32.02,-0.6751,0.6446,0.0,-49.62,-32.7,0.8718
CC(C)Oc1ccc(S(=O)(=O)c2ccc([O-])cc2)cc1,BPA_CID9904141__prepared_state_042,43,Done,,3.148,-5.995,grid,-6.796,-3.548,0.0,-0.0,-2.122,-33.79,-0.5426,0.6446,0.0,-49.52,-34.34,2.767
CC(C)(c1ccc(O)c(-c2ccccc2)c1)c1ccc(O)c(-c2ccccc2)c1,BPA_CID13059052__prepared_state_043,44,Done,,5.978,-10.59,grid,-10.59,-6.975,0.0,-0.0,-1.715,-45.9,-0.9427,0.536,0.0,-66.69,-46.84,10.91
CC(C)(c1ccc(O)c(-c2ccccc2)c1)c1ccc(O)c(-c2ccccc2)c1,BPA_CID13059052__prepared_state_043,44,Done,,5.978,-10.42,grid,-10.42,-6.893,0.0,-0.0,-1.715,-42.79,-1.411,0.536,0.0,-66.34,-44.2,5.527
CC(C)(c1ccc(O)c(-c2ccccc2)c1)c1ccc(O)c(-c2ccccc2)c1,BPA_CID13059052__prepared_state_043,44,Done,,5.978,-10.49,grid,-10.5,-7.06,0.0,-0.0,-1.715,-46.89,0.5689,0.536,0.0,-65.81,-46.32,11.17
CC(C)(c1ccc(O)c(-c2ccccc2)c1)c1ccc(O)c(-c2ccccc2)c1,BPA_CID13059052__prepared_state_043,44,Done,,5.978,-10.04,grid,-10.04,-6.768,0.0,-0.0,-1.715,-45.09,1.081,0.536,0.0,-64.7,-44.01,6.586
CC(C)(c1ccc(O)c(-c2ccccc2)c1)c1ccc(O)c(-c2ccccc2)c1,BPA_CID13059052__prepared_state_043,44,Done,,5.978,-9.931,grid,-9.934,-6.555,0.0,-0.0,-1.715,-42.95,-0.3502,0.536,0.0,-59.27,-43.3,15.53
CC(C)(c1ccc(O)c(-c2ccccc2)c1)c1ccc(O)c(-c2ccccc2)c1,BPA_CID13059052__prepared_state_043,44,Done,,5.978,-9.845,grid,-9.849,-6.706,0.0,-0.0,-1.715,-40.05,0.2554,0.536,0.0,-57.86,-39.79,10.92
CC(C)(c1ccc(O)c(-c2ccccc2)c1)c1ccc(O)c(-c2ccccc2)c1,BPA_CID13059052__prepared_state_043,44,Done,,5.978,-9.908,grid,-9.912,-6.72,0.0,-0.0,-1.715,-38.88,-0.4647,0.536,0.0,-56.4,-39.34,13.23
CC(C)(c1ccc(O)c(-c2ccccc2)c1)c1ccc(O)c(-c2ccccc2)c1,BPA_CID13059052__prepared_state_043,44,Done,,5.978,-9.728,grid,-9.732,-6.48,0.0,-0.0,-1.715,-38.53,-0.9765,0.536,0.0,-54.42,-39.51,16.68
CC(C)(c1ccc(O)c(-c2ccccc2)c1)c1ccc(O)c(-c2ccccc2)c1,BPA_CID13059052__prepared_state_043,44,Done,,5.978,-10.22,grid,-10.22,-6.68,-0.32,-0.0,-1.715,-26.84,-4.67,0.536,0.0,-53.95,-31.51,3.954
CC(C)(c1ccc(O)c(-c2ccccc2)c1)c1ccc(O)c(-c2ccccc2)c1,BPA_CID13059052__prepared_state_043,44,Done,,5.978,-9.464,grid,-9.468,-6.589,0.0,-0.0,-1.715,-37.84,1.281,0.536,0.0,-53.68,-36.56,10.99
CC(C)(c1ccc(O)c(-c2ccccc2)c1)c1ccc(O)c(-c2ccccc2)c1,BPA_CID13059052__prepared_state_043,44,Done,,5.978,-10.11,grid,-10.11,-6.644,-0.32,-0.0,-1.715,-25.89,-4.498,0.536,0.0,-53.16,-30.39,2.764
CC(C)(c1ccc(O)c(-c2ccccc2)c1)c1ccc(O)c(-c2ccccc2)c1,BPA_CID13059052__prepared_state_043,44,Done,,5.978,-10.11,grid,-10.11,-6.743,-0.3126,-0.0,-1.715,-25.9,-3.892,0.536,0.0,-52.42,-29.79,3.066
CC(C)(c1ccc(O)c(-c2ccccc2)c1)c1ccc(O)c(-c2ccccc2)c1,BPA_CID13059052__prepared_state_043,44,Done,,5.978,-9.482,grid,-9.485,-6.591,0.0,-0.0,-1.715,-34.61,0.09975,0.536,0.0,-50.93,-34.51,12.49
CC(C)(c1ccc(O)c(-c2ccccc2)c1)c1ccc(O)c(-c2ccccc2)c1,BPA_CID13059052__prepared_state_043,44,Done,,5.978,-9.896,grid,-9.9,-6.813,-0.1692,-0.0,-1.715,-23.29,-3.832,0.536,0.0,-47.84,-27.12,5.865
CC(C)(c1ccc(O)c(-c2ccccc2)c1)c1ccc(O)c(-c2ccccc2)c1,BPA_CID13059052__prepared_state_043,44,Done,,5.978,-9.153,grid,-9.157,-6.877,0.0,-0.0,-1.715,-25.02,0.9978,0.536,0.0,-44.75,-24.02,2.297
CC(C)(c1ccc(O)c(-c2ccccc2)c1)c1ccc(O)c(-c2ccccc2)c1,BPA_CID13059052__prepared_state_043,44,Done,,5.978,-9.912,grid,-9.916,-6.609,-0.32,-0.0,-1.715,-15.48,-6.896,0.536,0.0,-44.4,-22.37,3.329
CC(C)(c1ccc(O)c(-c2ccccc2)c1)c1ccc(O)c(-c2ccccc2)c1,BPA_CID13059052__prepared_state_043,44,Done,,5.978,-10.16,grid,-10.16,-6.748,-0.32,-0.0,-1.715,-14.43,-7.972,0.536,0.0,-42.92,-22.4,7.54
CC(C)(c1ccc(O)c(-c2ccccc2)c1)c1ccc(O)c(-c2ccccc2)c1,BPA_CID13059052__prepared_state_043,44,Done,,5.978,-10.18,grid,-10.18,-6.84,-0.2552,-0.0,-1.715,-10.62,-9.165,0.536,0.0,-41.92,-19.79,4.392
CC(C)(c1ccc(O)c(-c2ccccc2)c1)c1ccc(O)c(-c2ccccc2)c1,BPA_CID13059052__prepared_state_043,44,Done,,5.978,-8.951,grid,-8.955,-6.603,0.0,-0.0,-1.715,-21.8,-0.552,0.536,0.0,-41.71,-22.35,4.074
CC(C)(c1ccc(O)c(-c2ccccc2)c1)c1ccc(O)c(-c2ccccc2)c1,BPA_CID13059052__prepared_state_043,44,Done,,5.978,-8.827,grid,-8.831,-6.328,-0.09155,-0.0,-1.715,-19.09,-1.852,0.536,0.0,-40.67,-20.94,2.739
Cc1ccc(S(=O)(=O)[N-]C(=O)Nc2cccc(OS(=O)(=O)c3ccc(C)cc3)c2)cc1,BPA_CID22035425__prepared_state_044,45,Done,,4.546,-7.701,grid,-7.702,-4.65,0.0,-0.0,-1.746,-37.64,-1.239,0.7623,0.0,-52.9,-38.88,2.276
Cc1ccc(S(=O)(=O)[N-]C(=O)Nc2cccc(OS(=O)(=O)c3ccc(C)cc3)c2)cc1,BPA_CID22035425__prepared_state_044,45,Done,,4.546,-6.221,grid,-6.222,-4.533,0.0,-0.0,-0.2602,-43.85,0.3799,0.7623,-0.05545,-47.85,-43.47,15.73
Cc1ccc(S(=O)(=O)[N-]C(=O)Nc2cccc(OS(=O)(=O)c3ccc(C)cc3)c2)cc1,BPA_CID22035425__prepared_state_044,45,Done,,4.546,-6.038,grid,-6.039,-4.29,0.0,-0.0,-0.4547,-39.97,-0.2861,0.7623,-0.01534,-47.76,-40.25,8.758
Cc1ccc(S(=O)(=O)[N-]C(=O)Nc2cccc(OS(=O)(=O)c3ccc(C)cc3)c2)cc1,BPA_CID22035425__prepared_state_044,45,Done,,4.546,-5.399,grid,-5.399,-4.327,0.0,-0.0,0.3874,-35.17,-2.841,0.7623,-0.03772,-42.71,-38.01,11.86
Cc1ccc(S(=O)(=O)[N-]C(=O)Nc2cccc(OS(=O)(=O)c3ccc(C)cc3)c2)cc1,BPA_CID22035425__prepared_state_044,45,Done,,4.546,-7.508,grid,-7.509,-4.923,0.0,-0.0,-1.905,-28.43,-0.1485,0.7623,0.0,-41.98,-28.57,2.742
Cc1ccc(S(=O)(=O)[N-]C(=O)Nc2cccc(OS(=O)(=O)c3ccc(C)cc3)c2)cc1,BPA_CID22035425__prepared_state_044,45,Done,,4.546,-5.038,grid,-5.039,-4.881,0.0,-0.0,0.5396,-37.13,2.649,0.7623,0.0,-35.57,-34.48,17.67
Cc1ccc(S(=O)(=O)[N-]C(=O)Nc2cccc(OS(=O)(=O)c3ccc(C)cc3)c2)cc1,BPA_CID22035425__prepared_state_044,45,Done,,4.546,-4.372,grid,-4.373,-3.981,0.0,-0.0,1.142,-25.39,-6.178,0.7623,-0.1,-34.71,-31.57,10.92
Cc1ccc(S(=O)(=O)[N-]C(=O)Nc2cccc(OS(=O)(=O)c3ccc(C)cc3)c2)cc1,BPA_CID22035425__prepared_state_044,45,Done,,4.546,-3.725,grid,-3.726,-3.847,0.0,-0.0,1.696,-25.06,-6.644,0.7623,-0.08694,-34.58,-31.71,8.928
Cc1ccc(S(=O)(=O)[N-]C(=O)Nc2cccc(OS(=O)(=O)c3ccc(C)cc3)c2)cc1,BPA_CID22035425__prepared_state_044,45,Done,,4.546,-4.952,grid,-4.953,-4.519,0.0,-0.0,0.1913,-24.72,-0.8776,0.7623,-0.01954,-31.0,-25.6,8.696
Cc1ccc(S(=O)(=O)[N-]C(=O)Nc2cccc(OS(=O)(=O)c3ccc(C)cc3)c2)cc1,BPA_CID22035425__prepared_state_044,45,Done,,4.546,-4.476,grid,-4.477,-4.723,0.0,-0.0,0.9709,-26.61,-1.043,0.7623,0.0,-28.99,-27.66,14.97
Cc1ccc(S(=O)(=O)[N-]C(=O)Nc2cccc(OS(=O)(=O)c3ccc(C)cc3)c2)cc1,BPA_CID22035425__prepared_state_044,45,Done,,4.546,-6.506,grid,-6.507,-4.763,0.0,-0.0,-1.263,-16.37,-2.663,0.7623,-0.0252,-28.73,-19.03,6.229
Cc1ccc(S(=O)(=O)[N-]C(=O)Nc2cccc(OS(=O)(=O)c3ccc(C)cc3)c2)cc1,BPA_CID22035425__prepared_state_044,45,Done,,4.546,-5.022,grid,-5.023,-4.558,0.0,-0.0,-0.3806,-24.73,2.599,0.7623,0.0,-28.4,-22.14,7.247
Cc1ccc(S(=O)(=O)[N-]C(=O)Nc2cccc(OS(=O)(=O)c3ccc(C)cc3)c2)cc1,BPA_CID22035425__prepared_state_044,45,Done,,4.546,-4.753,grid,-4.753,-4.148,-0.01849,-0.0,0.1919,-17.83,-4.33,0.7623,0.0,-28.07,-22.16,6.905
Cc1ccc(S(=O)(=O)[N-]C(=O)Nc2cccc(OS(=O)(=O)c3ccc(C)cc3)c2)cc1,BPA_CID22035425__prepared_state_044,45,Done,,4.546,-6.208,grid,-6.209,-4.547,0.0,-0.0,-1.769,-19.84,2.25,0.7623,0.0,-27.34,-17.59,4.95
Cc1ccc(S(=O)(=O)[N-]C(=O)Nc2cccc(OS(=O)(=O)c3ccc(C)cc3)c2)cc1,BPA_CID22035425__prepared_state_044,45,Done,,4.546,0.1391,grid,0.1382,-0.3694,0.0,-0.0,1.226,-27.84,-0.5908,0.7623,0.0,-24.64,-28.43,7.04
Cc1ccc(S(=O)(=O)[N-]C(=O)Nc2cccc(OS(=O)(=O)c3ccc(C)cc3)c2)cc1,BPA_CID22035425__prepared_state_044,45,Done,,4.546,-4.04,grid,-4.041,-3.914,0.0,-0.0,0.4754,-12.57,-4.489,0.7623,-0.06318,-21.76,-17.06,6.514
Cc1ccc(S(=O)(=O)[N-]C(=O)Nc2cccc(OS(=O)(=O)c3ccc(C)cc3)c2)cc1,BPA_CID22035425__prepared_state_044,45,Done,,4.546,-5.678,grid,-5.679,-4.647,0.0,-0.0,-1.256,-13.64,0.9625,0.7623,0.0,-20.23,-12.68,7.24
Cc1ccc(S(=O)(=O)[N-]C(=O)Nc2cccc(OS(=O)(=O)c3ccc(C)cc3)c2)cc1,BPA_CID22035425__prepared_state_044,45,Done,,4.546,-5.242,grid,-5.243,-4.25,0.0,-0.0,-1.5,-13.81,2.905,0.7623,0.0,-19.33,-10.9,3.788
Cc1ccc(S(=O)(=O)[N-]C(=O)Nc2cccc(OS(=O)(=O)c3ccc(C)cc3)c2)cc1,BPA_CID22035425__prepared_state_044,45,Done,,4.546,-2.052,grid,-2.053,-4.759,0.0,-0.0,2.917,-20.85,0.4605,0.7623,0.0,-19.3,-20.39,10.25
Cc1ccc(S(=O)(=O)[N-]C(=O)Nc2cccc(OS(=O)(=O)c3ccc(C)cc3)c2)cc1,BPA_CID22035425__prepared_state_044,45,Done,,4.546,-5.749,grid,-5.75,-4.274,0.0,-0.0,-1.406,-17.56,0.3047,0.7623,0.0,-19.22,-17.25,18.7
C=C1/C(=C\C=C2/CCC[C@]3(C)[C@@H]([C@H](C)CCCC(C)(C)O)CC[C@@H]23)C[C@@H](O)C[C@@H]1O,NATIVE_VDR__prepared_state_000,46,Done,,11.19,-10.25,grid,-10.25,-6.468,-0.3619,-0.0,-1.465,-38.6,-4.752,0.6829,0.0,-61.94,-43.35,5.565
C=C1/C(=C\C=C2/CCC[C@]3(C)[C@@H]([C@H](C)CCCC(C)(C)O)CC[C@@H]23)C[C@@H](O)C[C@@H]1O,NATIVE_VDR__prepared_state_000,46,Done,,11.19,-10.16,grid,-10.16,-6.394,-0.32,-0.0,-1.416,-34.03,-6.762,0.6829,0.0,-60.09,-40.8,3.773
C=C1/C(=C\C=C2/CCC[C@]3(C)[C@@H]([C@H](C)CCCC(C)(C)O)CC[C@@H]23)C[C@@H](O)C[C@@H]1O,NATIVE_VDR__prepared_state_000,46,Done,,11.19,-9.708,grid,-9.708,-6.303,-0.32,-0.0,-1.389,-37.33,-3.414,0.6829,0.0,-58.84,-40.75,4.287
C=C1/C(=C\C=C2/CCC[C@]3(C)[C@@H]([C@H](C)CCCC(C)(C)O)CC[C@@H]23)C[C@@H](O)C[C@@H]1O,NATIVE_VDR__prepared_state_000,46,Done,,11.19,-11.22,grid,-11.22,-6.709,-0.608,-0.0,-1.468,-34.85,-9.182,0.6829,0.0,-56.75,-44.03,21.34
C=C1/C(=C\C=C2/CCC[C@]3(C)[C@@H]([C@H](C)CCCC(C)(C)O)CC[C@@H]23)C[C@@H](O)C[C@@H]1O,NATIVE_VDR__prepared_state_000,46,Done,,11.19,-10.04,grid,-10.04,-6.235,-0.3383,-0.0,-1.468,-30.63,-7.679,0.6829,0.0,-55.28,-38.31,7.935
C=C1/C(=C\C=C2/CCC[C@]3(C)[C@@H]([C@H](C)CCCC(C)(C)O)CC[C@@H]23)C[C@@H](O)C[C@@H]1O,NATIVE_VDR__prepared_state_000,46,Done,,11.19,-10.89,grid,-10.89,-6.791,-0.5063,-0.0,-1.468,-36.69,-6.516,0.6829,0.0,-54.27,-43.21,23.31
C=C1/C(=C\C=C2/CCC[C@]3(C)[C@@H]([C@H](C)CCCC(C)(C)O)CC[C@@H]23)C[C@@H](O)C[C@@H]1O,NATIVE_VDR__prepared_state_000,46,Done,,11.19,-10.43,grid,-10.43,-6.632,-0.5664,-0.0,-1.468,-28.3,-6.867,0.6829,0.0,-54.24,-35.16,5.333
C=C1/C(=C\C=C2/CCC[C@]3(C)[C@@H]([C@H](C)CCCC(C)(C)O)CC[C@@H]23)C[C@@H](O)C[C@@H]1O,NATIVE_VDR__prepared_state_000,46,Done,,11.19,-10.01,grid,-10.01,-6.34,-0.32,-0.0,-1.461,-32.4,-6.335,0.6829,0.0,-53.79,-38.73,11.61
C=C1/C(=C\C=C2/CCC[C@]3(C)[C@@H]([C@H](C)CCCC(C)(C)O)CC[C@@H]23)C[C@@H](O)C[C@@H]1O,NATIVE_VDR__prepared_state_000,46,Done,,11.19,-9.479,grid,-9.479,-6.364,-0.32,-0.0,-1.444,-35.18,-1.826,0.6829,0.0,-53.71,-37.01,6.117
C=C1/C(=C\C=C2/CCC[C@]3(C)[C@@H]([C@H](C)CCCC(C)(C)O)CC[C@@H]23)C[C@@H](O)C[C@@H]1O,NATIVE_VDR__prepared_state_000,46,Done,,11.19,-10.64,grid,-10.64,-6.414,-0.6732,-0.0,-1.468,-32.14,-7.753,0.6829,0.0,-53.56,-39.9,17.05
C=C1/C(=C\C=C2/CCC[C@]3(C)[C@@H]([C@H](C)CCCC(C)(C)O)CC[C@@H]23)C[C@@H](O)C[C@@H]1O,NATIVE_VDR__prepared_state_000,46,Done,,11.19,-10.31,grid,-10.31,-6.428,-0.5937,-0.0,-1.439,-29.21,-7.126,0.6829,0.0,-53.38,-36.34,8.879
C=C1/C(=C\C=C2/CCC[C@]3(C)[C@@H]([C@H](C)CCCC(C)(C)O)CC[C@@H]23)C[C@@H](O)C[C@@H]1O,NATIVE_VDR__prepared_state_000,46,Done,,11.19,-10.48,grid,-10.48,-6.381,-0.6009,-0.0,-1.468,-31.0,-7.724,0.6829,0.0,-53.37,-38.72,14.38
C=C1/C(=C\C=C2/CCC[C@]3(C)[C@@H]([C@H](C)CCCC(C)(C)O)CC[C@@H]23)C[C@@H](O)C[C@@H]1O,NATIVE_VDR__prepared_state_000,46,Done,,11.19,-10.6,grid,-10.6,-6.484,-0.6839,-0.0,-1.433,-35.36,-6.098,0.6829,0.0,-53.23,-41.46,20.65
C=C1/C(=C\C=C2/CCC[C@]3(C)[C@@H]([C@H](C)CCCC(C)(C)O)CC[C@@H]23)C[C@@H](O)C[C@@H]1O,NATIVE_VDR__prepared_state_000,46,Done,,11.19,-9.445,grid,-9.445,-6.053,-0.32,-0.0,-1.387,-27.43,-6.644,0.6829,0.0,-52.47,-34.07,2.59
C=C1/C(=C\C=C2/CCC[C@]3(C)[C@@H]([C@H](C)CCCC(C)(C)O)CC[C@@H]23)C[C@@H](O)C[C@@H]1O,NATIVE_VDR__prepared_state_000,46,Done,,11.19,-9.55,grid,-9.55,-6.316,-0.4146,-0.0,-1.449,-32.58,-2.831,0.6829,0.0,-50.94,-35.41,8.761
C=C1/C(=C\C=C2/CCC[C@]3(C)[C@@H]([C@H](C)CCCC(C)(C)O)CC[C@@H]23)C[C@@H](O)C[C@@H]1O,NATIVE_VDR__prepared_state_000,46,Done,,11.19,-9.525,grid,-9.525,-6.515,0.0,-0.0,-1.468,-40.75,-1.249,0.6829,0.0,-50.61,-42.0,22.49
C=C1/C(=C\C=C2/CCC[C@]3(C)[C@@H]([C@H](C)CCCC(C)(C)O)CC[C@@H]23)C[C@@H](O)C[C@@H]1O,NATIVE_VDR__prepared_state_000,46,Done,,11.19,-10.33,grid,-10.33,-6.736,-0.5064,-0.0,-1.468,-29.54,-5.499,0.6829,0.0,-49.77,-35.04,13.62
C=C1/C(=C\C=C2/CCC[C@]3(C)[C@@H]([C@H](C)CCCC(C)(C)O)CC[C@@H]23)C[C@@H](O)C[C@@H]1O,NATIVE_VDR__prepared_state_000,46,Done,,11.19,-10.73,grid,-10.73,-6.884,-0.509,-0.0,-1.468,-33.42,-5.839,0.6829,0.0,-49.75,-39.26,23.73
C=C1/C(=C\C=C2/CCC[C@]3(C)[C@@H]([C@H](C)CCCC(C)(C)O)CC[C@@H]23)C[C@@H](O)C[C@@H]1O,NATIVE_VDR__prepared_state_000,46,Done,,11.19,-11.0,grid,-11.0,-6.358,-0.7878,-0.0,-1.453,-19.33,-14.1,0.6829,0.0,-49.34,-33.43,14.02
C=C1/C(=C\C=C2/CCC[C@]3(C)[C@@H]([C@H](C)CCCC(C)(C)O)CC[C@@H]23)C[C@@H](O)C[C@@H]1O,NATIVE_VDR__prepared_state_000,46,Done,,11.19,-9.76,grid,-9.76,-6.359,-0.5176,-0.0,-1.468,-25.72,-5.414,0.6829,0.0,-49.21,-31.13,4.534
